ISO-10303-21;
HEADER;
FILE_DESCRIPTION(('FreeCAD Model'),'2;1');
FILE_NAME('Open CASCADE Shape Model','2026-09-03T03:21:25',('FreeCAD'),(
    'FreeCAD'),'Open CASCADE STEP processor 7.8','FreeCAD','Unknown');
FILE_SCHEMA(('AUTOMOTIVE_DESIGN { 1 0 10303 214 1 1 1 1 }'));
ENDSEC;
DATA;
#1 = APPLICATION_PROTOCOL_DEFINITION('international standard',
  'automotive_design',2000,#2);
#2 = APPLICATION_CONTEXT(
  'core data for automotive mechanical design processes');
#3 = SHAPE_DEFINITION_REPRESENTATION(#4,#10);
#4 = PRODUCT_DEFINITION_SHAPE('','',#5);
#5 = PRODUCT_DEFINITION('design','',#6,#9);
#6 = PRODUCT_DEFINITION_FORMATION('','',#7);
#7 = PRODUCT('Open CASCADE STEP translator 7.8 9',
  'Open CASCADE STEP translator 7.8 9','',(#8));
#8 = PRODUCT_CONTEXT('',#2,'mechanical');
#9 = PRODUCT_DEFINITION_CONTEXT('part definition',#2,'design');
#10 = ADVANCED_BREP_SHAPE_REPRESENTATION('',(#11,#15),#7504);
#11 = AXIS2_PLACEMENT_3D('',#12,#13,#14);
#12 = CARTESIAN_POINT('',(0.,0.,0.));
#13 = DIRECTION('',(0.,0.,1.));
#14 = DIRECTION('',(1.,0.,-0.));
#15 = MANIFOLD_SOLID_BREP('',#16);
#16 = CLOSED_SHELL('',(#17,#57,#88,#119,#150,#181,#212,#243,#274,#305,
    #336,#367,#398,#429,#460,#491,#522,#553,#812,#843,#867,#883,#1136,
    #1151,#1166,#1181,#1196,#1211,#1226,#1241,#1256,#1271,#1286,#1301,
    #1316,#1331,#1346,#1361,#1376,#1391,#1406,#1421,#1436,#1451,#1466,
    #1476,#1496,#1513,#1530,#1552,#1569,#1586,#1603,#1620,#1637,#1654,
    #1671,#1688,#1705,#1722,#1739,#1756,#1773,#1790,#1807,#1824,#1841,
    #1858,#1870,#1895,#1920,#1945,#1970,#1995,#2015,#2035,#2055,#2075,
    #2139,#2164,#2189,#2214,#2239,#2264,#2289,#2314,#2339,#2364,#2376,
    #2388,#2400,#2412,#2421,#2583,#2857,#2872,#2903,#2932,#2961,#2990,
    #3019,#3048,#3077,#3106,#3135,#3164,#3193,#3222,#3251,#3280,#3309,
    #3338,#3367,#3396,#3425,#3454,#3483,#3512,#3541,#3563,#3573,#3583,
    #3593,#3603,#3613,#3623,#3633,#3643,#3653,#3663,#3673,#3683,#3693,
    #3703,#3713,#3723,#3733,#3743,#3753,#3763,#3773,#3783,#3793,#3813,
    #3838,#4038,#4069,#4086,#4112,#4182,#4207,#4232,#4257,#4282,#4307,
    #4332,#4357,#4382,#4407,#4432,#4457,#4482,#4507,#4532,#4557,#4582,
    #4629,#4728,#4780,#4797,#4814,#4836,#4853,#4870,#4882,#4913,#4937,
    #4961,#4985,#5009,#5033,#5057,#5081,#5105,#5129,#5153,#5177,#5201,
    #5225,#5249,#5273,#5416,#5433,#5459,#5483,#5503,#5534,#5565,#5596,
    #5724,#5755,#5786,#5817,#5848,#5967,#6158,#6180,#6197,#6209,#6285,
    #6303,#6321,#6339,#6357,#6375,#6393,#6411,#6429,#6447,#6465,#6483,
    #6501,#6519,#6537,#6555,#6573,#6585,#6602,#6621,#6639,#6657,#6676,
    #6687,#6704,#6723,#6741,#6753,#6778,#6803,#6823,#6843,#6883,#6907,
    #6932,#6984,#7015,#7046,#7070,#7094,#7118,#7135,#7155,#7211,#7228,
    #7245,#7269,#7293,#7310,#7327,#7352,#7361,#7419,#7440,#7490));
#17 = ADVANCED_FACE('',(#18),#52,.F.);
#18 = FACE_BOUND('',#19,.F.);
#19 = EDGE_LOOP('',(#20,#30,#38,#46));
#20 = ORIENTED_EDGE('',*,*,#21,.T.);
#21 = EDGE_CURVE('',#22,#24,#26,.T.);
#22 = VERTEX_POINT('',#23);
#23 = CARTESIAN_POINT('',(28.556959357424,-18.97409376175,-9.5));
#24 = VERTEX_POINT('',#25);
#25 = CARTESIAN_POINT('',(28.556959357424,-18.97409376175,9.5));
#26 = LINE('',#27,#28);
#27 = CARTESIAN_POINT('',(28.556959357424,-18.97409376175,-9.5));
#28 = VECTOR('',#29,1.);
#29 = DIRECTION('',(0.,0.,1.));
#30 = ORIENTED_EDGE('',*,*,#31,.T.);
#31 = EDGE_CURVE('',#24,#32,#34,.T.);
#32 = VERTEX_POINT('',#33);
#33 = CARTESIAN_POINT('',(28.,-19.,9.5));
#34 = LINE('',#35,#36);
#35 = CARTESIAN_POINT('',(28.556959357424,-18.97409376175,9.5));
#36 = VECTOR('',#37,1.);
#37 = DIRECTION('',(-0.998919990196,-4.646346077855E-02,0.));
#38 = ORIENTED_EDGE('',*,*,#39,.F.);
#39 = EDGE_CURVE('',#40,#32,#42,.T.);
#40 = VERTEX_POINT('',#41);
#41 = CARTESIAN_POINT('',(28.,-19.,-9.5));
#42 = LINE('',#43,#44);
#43 = CARTESIAN_POINT('',(28.,-19.,-9.5));
#44 = VECTOR('',#45,1.);
#45 = DIRECTION('',(0.,0.,1.));
#46 = ORIENTED_EDGE('',*,*,#47,.F.);
#47 = EDGE_CURVE('',#22,#40,#48,.T.);
#48 = LINE('',#49,#50);
#49 = CARTESIAN_POINT('',(28.556959357424,-18.97409376175,-9.5));
#50 = VECTOR('',#51,1.);
#51 = DIRECTION('',(-0.998919990196,-4.646346077855E-02,0.));
#52 = PLANE('',#53);
#53 = AXIS2_PLACEMENT_3D('',#54,#55,#56);
#54 = CARTESIAN_POINT('',(28.556959357424,-18.97409376175,-9.5));
#55 = DIRECTION('',(4.646346077855E-02,-0.998919990196,0.));
#56 = DIRECTION('',(-0.998919990196,-4.646346077855E-02,0.));
#57 = ADVANCED_FACE('',(#58),#83,.F.);
#58 = FACE_BOUND('',#59,.F.);
#59 = EDGE_LOOP('',(#60,#70,#76,#77));
#60 = ORIENTED_EDGE('',*,*,#61,.T.);
#61 = EDGE_CURVE('',#62,#64,#66,.T.);
#62 = VERTEX_POINT('',#63);
#63 = CARTESIAN_POINT('',(29.109109140913,-18.89659875805,-9.5));
#64 = VERTEX_POINT('',#65);
#65 = CARTESIAN_POINT('',(29.109109140913,-18.89659875805,9.5));
#66 = LINE('',#67,#68);
#67 = CARTESIAN_POINT('',(29.109109140913,-18.89659875805,-9.5));
#68 = VECTOR('',#69,1.);
#69 = DIRECTION('',(0.,0.,1.));
#70 = ORIENTED_EDGE('',*,*,#71,.T.);
#71 = EDGE_CURVE('',#64,#24,#72,.T.);
#72 = LINE('',#73,#74);
#73 = CARTESIAN_POINT('',(29.109109140913,-18.89659875805,9.5));
#74 = VECTOR('',#75,1.);
#75 = DIRECTION('',(-0.990293903776,-0.138989151174,0.));
#76 = ORIENTED_EDGE('',*,*,#21,.F.);
#77 = ORIENTED_EDGE('',*,*,#78,.F.);
#78 = EDGE_CURVE('',#62,#22,#79,.T.);
#79 = LINE('',#80,#81);
#80 = CARTESIAN_POINT('',(29.109109140913,-18.89659875805,-9.5));
#81 = VECTOR('',#82,1.);
#82 = DIRECTION('',(-0.990293903776,-0.138989151174,0.));
#83 = PLANE('',#84);
#84 = AXIS2_PLACEMENT_3D('',#85,#86,#87);
#85 = CARTESIAN_POINT('',(29.109109140913,-18.89659875805,-9.5));
#86 = DIRECTION('',(0.138989151174,-0.990293903776,0.));
#87 = DIRECTION('',(-0.990293903776,-0.138989151174,0.));
#88 = ADVANCED_FACE('',(#89),#114,.F.);
#89 = FACE_BOUND('',#90,.F.);
#90 = EDGE_LOOP('',(#91,#101,#107,#108));
#91 = ORIENTED_EDGE('',*,*,#92,.T.);
#92 = EDGE_CURVE('',#93,#95,#97,.T.);
#93 = VERTEX_POINT('',#94);
#94 = CARTESIAN_POINT('',(29.651681309184,-18.76818419027,-9.5));
#95 = VERTEX_POINT('',#96);
#96 = CARTESIAN_POINT('',(29.651681309184,-18.76818419027,9.5));
#97 = LINE('',#98,#99);
#98 = CARTESIAN_POINT('',(29.651681309184,-18.76818419027,-9.5));
#99 = VECTOR('',#100,1.);
#100 = DIRECTION('',(0.,0.,1.));
#101 = ORIENTED_EDGE('',*,*,#102,.T.);
#102 = EDGE_CURVE('',#95,#64,#103,.T.);
#103 = LINE('',#104,#105);
#104 = CARTESIAN_POINT('',(29.651681309184,-18.76818419027,9.5));
#105 = VECTOR('',#106,1.);
#106 = DIRECTION('',(-0.973116220753,-0.230314612881,0.));
#107 = ORIENTED_EDGE('',*,*,#61,.F.);
#108 = ORIENTED_EDGE('',*,*,#109,.F.);
#109 = EDGE_CURVE('',#93,#62,#110,.T.);
#110 = LINE('',#111,#112);
#111 = CARTESIAN_POINT('',(29.651681309184,-18.76818419027,-9.5));
#112 = VECTOR('',#113,1.);
#113 = DIRECTION('',(-0.973116220753,-0.230314612881,0.));
#114 = PLANE('',#115);
#115 = AXIS2_PLACEMENT_3D('',#116,#117,#118);
#116 = CARTESIAN_POINT('',(29.651681309184,-18.76818419027,-9.5));
#117 = DIRECTION('',(0.230314612881,-0.973116220753,0.));
#118 = DIRECTION('',(-0.973116220753,-0.230314612881,0.));
#119 = ADVANCED_FACE('',(#120),#145,.F.);
#120 = FACE_BOUND('',#121,.F.);
#121 = EDGE_LOOP('',(#122,#132,#138,#139));
#122 = ORIENTED_EDGE('',*,*,#123,.T.);
#123 = EDGE_CURVE('',#124,#126,#128,.T.);
#124 = VERTEX_POINT('',#125);
#125 = CARTESIAN_POINT('',(30.179990527619,-18.58995897118,-9.5));
#126 = VERTEX_POINT('',#127);
#127 = CARTESIAN_POINT('',(30.179990527619,-18.58995897118,9.5));
#128 = LINE('',#129,#130);
#129 = CARTESIAN_POINT('',(30.179990527619,-18.58995897118,-9.5));
#130 = VECTOR('',#131,1.);
#131 = DIRECTION('',(0.,0.,1.));
#132 = ORIENTED_EDGE('',*,*,#133,.T.);
#133 = EDGE_CURVE('',#126,#95,#134,.T.);
#134 = LINE('',#135,#136);
#135 = CARTESIAN_POINT('',(30.179990527619,-18.58995897118,9.5));
#136 = VECTOR('',#137,1.);
#137 = DIRECTION('',(-0.947535277511,-0.319651212844,0.));
#138 = ORIENTED_EDGE('',*,*,#92,.F.);
#139 = ORIENTED_EDGE('',*,*,#140,.F.);
#140 = EDGE_CURVE('',#124,#93,#141,.T.);
#141 = LINE('',#142,#143);
#142 = CARTESIAN_POINT('',(30.179990527619,-18.58995897118,-9.5));
#143 = VECTOR('',#144,1.);
#144 = DIRECTION('',(-0.947535277511,-0.319651212844,0.));
#145 = PLANE('',#146);
#146 = AXIS2_PLACEMENT_3D('',#147,#148,#149);
#147 = CARTESIAN_POINT('',(30.179990527619,-18.58995897118,-9.5));
#148 = DIRECTION('',(0.319651212844,-0.947535277511,0.));
#149 = DIRECTION('',(-0.947535277511,-0.319651212844,0.));
#150 = ADVANCED_FACE('',(#151),#176,.F.);
#151 = FACE_BOUND('',#152,.F.);
#152 = EDGE_LOOP('',(#153,#163,#169,#170));
#153 = ORIENTED_EDGE('',*,*,#154,.T.);
#154 = EDGE_CURVE('',#155,#157,#159,.T.);
#155 = VERTEX_POINT('',#156);
#156 = CARTESIAN_POINT('',(30.689474628057,-18.36346214912,-9.5));
#157 = VERTEX_POINT('',#158);
#158 = CARTESIAN_POINT('',(30.689474628057,-18.36346214912,9.5));
#159 = LINE('',#160,#161);
#160 = CARTESIAN_POINT('',(30.689474628057,-18.36346214912,-9.5));
#161 = VECTOR('',#162,1.);
#162 = DIRECTION('',(0.,0.,1.));
#163 = ORIENTED_EDGE('',*,*,#164,.T.);
#164 = EDGE_CURVE('',#157,#126,#165,.T.);
#165 = LINE('',#166,#167);
#166 = CARTESIAN_POINT('',(30.689474628057,-18.36346214912,9.5));
#167 = VECTOR('',#168,1.);
#168 = DIRECTION('',(-0.913771976052,-0.406227492648,0.));
#169 = ORIENTED_EDGE('',*,*,#123,.F.);
#170 = ORIENTED_EDGE('',*,*,#171,.F.);
#171 = EDGE_CURVE('',#155,#124,#172,.T.);
#172 = LINE('',#173,#174);
#173 = CARTESIAN_POINT('',(30.689474628057,-18.36346214912,-9.5));
#174 = VECTOR('',#175,1.);
#175 = DIRECTION('',(-0.913771976052,-0.406227492648,0.));
#176 = PLANE('',#177);
#177 = AXIS2_PLACEMENT_3D('',#178,#179,#180);
#178 = CARTESIAN_POINT('',(30.689474628057,-18.36346214912,-9.5));
#179 = DIRECTION('',(0.406227492648,-0.913771976052,0.));
#180 = DIRECTION('',(-0.913771976052,-0.406227492648,0.));
#181 = ADVANCED_FACE('',(#182),#207,.F.);
#182 = FACE_BOUND('',#183,.F.);
#183 = EDGE_LOOP('',(#184,#194,#200,#201));
#184 = ORIENTED_EDGE('',*,*,#185,.T.);
#185 = EDGE_CURVE('',#186,#188,#190,.T.);
#186 = VERTEX_POINT('',#187);
#187 = CARTESIAN_POINT('',(31.175734005,-18.09064961763,-9.5));
#188 = VERTEX_POINT('',#189);
#189 = CARTESIAN_POINT('',(31.175734005,-18.09064961763,9.5));
#190 = LINE('',#191,#192);
#191 = CARTESIAN_POINT('',(31.175734005,-18.09064961763,-9.5));
#192 = VECTOR('',#193,1.);
#193 = DIRECTION('',(0.,0.,1.));
#194 = ORIENTED_EDGE('',*,*,#195,.T.);
#195 = EDGE_CURVE('',#188,#157,#196,.T.);
#196 = LINE('',#197,#198);
#197 = CARTESIAN_POINT('',(31.175734005,-18.09064961763,9.5));
#198 = VECTOR('',#199,1.);
#199 = DIRECTION('',(-0.87211787642,-0.489295830382,0.));
#200 = ORIENTED_EDGE('',*,*,#154,.F.);
#201 = ORIENTED_EDGE('',*,*,#202,.F.);
#202 = EDGE_CURVE('',#186,#155,#203,.T.);
#203 = LINE('',#204,#205);
#204 = CARTESIAN_POINT('',(31.175734005,-18.09064961763,-9.5));
#205 = VECTOR('',#206,1.);
#206 = DIRECTION('',(-0.87211787642,-0.489295830382,0.));
#207 = PLANE('',#208);
#208 = AXIS2_PLACEMENT_3D('',#209,#210,#211);
#209 = CARTESIAN_POINT('',(31.175734005,-18.09064961763,-9.5));
#210 = DIRECTION('',(0.489295830382,-0.87211787642,0.));
#211 = DIRECTION('',(-0.87211787642,-0.489295830382,0.));
#212 = ADVANCED_FACE('',(#213),#238,.F.);
#213 = FACE_BOUND('',#214,.F.);
#214 = EDGE_LOOP('',(#215,#225,#231,#232));
#215 = ORIENTED_EDGE('',*,*,#216,.T.);
#216 = EDGE_CURVE('',#217,#219,#221,.T.);
#217 = VERTEX_POINT('',#218);
#218 = CARTESIAN_POINT('',(31.634569608026,-17.77387722552,-9.5));
#219 = VERTEX_POINT('',#220);
#220 = CARTESIAN_POINT('',(31.634569608026,-17.77387722552,9.5));
#221 = LINE('',#222,#223);
#222 = CARTESIAN_POINT('',(31.634569608026,-17.77387722552,-9.5));
#223 = VECTOR('',#224,1.);
#224 = DIRECTION('',(0.,0.,1.));
#225 = ORIENTED_EDGE('',*,*,#226,.T.);
#226 = EDGE_CURVE('',#219,#188,#227,.T.);
#227 = LINE('',#228,#229);
#228 = CARTESIAN_POINT('',(31.634569608026,-17.77387722552,9.5));
#229 = VECTOR('',#230,1.);
#230 = DIRECTION('',(-0.822932678958,-0.568138896664,0.));
#231 = ORIENTED_EDGE('',*,*,#185,.F.);
#232 = ORIENTED_EDGE('',*,*,#233,.F.);
#233 = EDGE_CURVE('',#217,#186,#234,.T.);
#234 = LINE('',#235,#236);
#235 = CARTESIAN_POINT('',(31.634569608026,-17.77387722552,-9.5));
#236 = VECTOR('',#237,1.);
#237 = DIRECTION('',(-0.822932678958,-0.568138896664,0.));
#238 = PLANE('',#239);
#239 = AXIS2_PLACEMENT_3D('',#240,#241,#242);
#240 = CARTESIAN_POINT('',(31.634569608026,-17.77387722552,-9.5));
#241 = DIRECTION('',(0.568138896664,-0.822932678958,0.));
#242 = DIRECTION('',(-0.822932678958,-0.568138896664,0.));
#243 = ADVANCED_FACE('',(#244),#269,.F.);
#244 = FACE_BOUND('',#245,.F.);
#245 = EDGE_LOOP('',(#246,#256,#262,#263));
#246 = ORIENTED_EDGE('',*,*,#247,.T.);
#247 = EDGE_CURVE('',#248,#250,#252,.T.);
#248 = VERTEX_POINT('',#249);
#249 = CARTESIAN_POINT('',(32.062019202318,-17.41588043316,-9.5));
#250 = VERTEX_POINT('',#251);
#251 = CARTESIAN_POINT('',(32.062019202318,-17.41588043316,9.5));
#252 = LINE('',#253,#254);
#253 = CARTESIAN_POINT('',(32.062019202318,-17.41588043316,-9.5));
#254 = VECTOR('',#255,1.);
#255 = DIRECTION('',(0.,0.,1.));
#256 = ORIENTED_EDGE('',*,*,#257,.T.);
#257 = EDGE_CURVE('',#250,#219,#258,.T.);
#258 = LINE('',#259,#260);
#259 = CARTESIAN_POINT('',(32.062019202318,-17.41588043316,9.5));
#260 = VECTOR('',#261,1.);
#261 = DIRECTION('',(-0.766641118148,-0.642075849074,0.));
#262 = ORIENTED_EDGE('',*,*,#216,.F.);
#263 = ORIENTED_EDGE('',*,*,#264,.F.);
#264 = EDGE_CURVE('',#248,#217,#265,.T.);
#265 = LINE('',#266,#267);
#266 = CARTESIAN_POINT('',(32.062019202318,-17.41588043316,-9.5));
#267 = VECTOR('',#268,1.);
#268 = DIRECTION('',(-0.766641118148,-0.642075849074,0.));
#269 = PLANE('',#270);
#270 = AXIS2_PLACEMENT_3D('',#271,#272,#273);
#271 = CARTESIAN_POINT('',(32.062019202318,-17.41588043316,-9.5));
#272 = DIRECTION('',(0.642075849074,-0.766641118148,0.));
#273 = DIRECTION('',(-0.766641118148,-0.642075849074,0.));
#274 = ADVANCED_FACE('',(#275),#300,.F.);
#275 = FACE_BOUND('',#276,.F.);
#276 = EDGE_LOOP('',(#277,#287,#293,#294));
#277 = ORIENTED_EDGE('',*,*,#278,.T.);
#278 = EDGE_CURVE('',#279,#281,#283,.T.);
#279 = VERTEX_POINT('',#280);
#280 = CARTESIAN_POINT('',(32.454391584199,-17.0197506906,-9.5));
#281 = VERTEX_POINT('',#282);
#282 = CARTESIAN_POINT('',(32.454391584199,-17.0197506906,9.5));
#283 = LINE('',#284,#285);
#284 = CARTESIAN_POINT('',(32.454391584199,-17.0197506906,-9.5));
#285 = VECTOR('',#286,1.);
#286 = DIRECTION('',(0.,0.,1.));
#287 = ORIENTED_EDGE('',*,*,#288,.T.);
#288 = EDGE_CURVE('',#281,#250,#289,.T.);
#289 = LINE('',#290,#291);
#290 = CARTESIAN_POINT('',(32.454391584199,-17.0197506906,9.5));
#291 = VECTOR('',#292,1.);
#292 = DIRECTION('',(-0.703729294852,-0.710468211511,0.));
#293 = ORIENTED_EDGE('',*,*,#247,.F.);
#294 = ORIENTED_EDGE('',*,*,#295,.F.);
#295 = EDGE_CURVE('',#279,#248,#296,.T.);
#296 = LINE('',#297,#298);
#297 = CARTESIAN_POINT('',(32.454391584199,-17.0197506906,-9.5));
#298 = VECTOR('',#299,1.);
#299 = DIRECTION('',(-0.703729294852,-0.710468211511,0.));
#300 = PLANE('',#301);
#301 = AXIS2_PLACEMENT_3D('',#302,#303,#304);
#302 = CARTESIAN_POINT('',(32.454391584199,-17.0197506906,-9.5));
#303 = DIRECTION('',(0.710468211511,-0.703729294852,0.));
#304 = DIRECTION('',(-0.703729294852,-0.710468211511,0.));
#305 = ADVANCED_FACE('',(#306),#331,.F.);
#306 = FACE_BOUND('',#307,.F.);
#307 = EDGE_LOOP('',(#308,#318,#324,#325));
#308 = ORIENTED_EDGE('',*,*,#309,.T.);
#309 = EDGE_CURVE('',#310,#312,#314,.T.);
#310 = VERTEX_POINT('',#311);
#311 = CARTESIAN_POINT('',(32.8082984562,-16.58890874168,-9.5));
#312 = VERTEX_POINT('',#313);
#313 = CARTESIAN_POINT('',(32.8082984562,-16.58890874168,9.5));
#314 = LINE('',#315,#316);
#315 = CARTESIAN_POINT('',(32.8082984562,-16.58890874168,-9.5));
#316 = VECTOR('',#317,1.);
#317 = DIRECTION('',(0.,0.,1.));
#318 = ORIENTED_EDGE('',*,*,#319,.T.);
#319 = EDGE_CURVE('',#312,#281,#320,.T.);
#320 = LINE('',#321,#322);
#321 = CARTESIAN_POINT('',(32.8082984562,-16.58890874168,9.5));
#322 = VECTOR('',#323,1.);
#323 = DIRECTION('',(-0.634740478631,-0.772725387695,0.));
#324 = ORIENTED_EDGE('',*,*,#278,.F.);
#325 = ORIENTED_EDGE('',*,*,#326,.F.);
#326 = EDGE_CURVE('',#310,#279,#327,.T.);
#327 = LINE('',#328,#329);
#328 = CARTESIAN_POINT('',(32.8082984562,-16.58890874168,-9.5));
#329 = VECTOR('',#330,1.);
#330 = DIRECTION('',(-0.634740478631,-0.772725387695,0.));
#331 = PLANE('',#332);
#332 = AXIS2_PLACEMENT_3D('',#333,#334,#335);
#333 = CARTESIAN_POINT('',(32.8082984562,-16.58890874168,-9.5));
#334 = DIRECTION('',(0.772725387695,-0.634740478631,0.));
#335 = DIRECTION('',(-0.634740478631,-0.772725387695,0.));
#336 = ADVANCED_FACE('',(#337),#362,.F.);
#337 = FACE_BOUND('',#338,.F.);
#338 = EDGE_LOOP('',(#339,#349,#355,#356));
#339 = ORIENTED_EDGE('',*,*,#340,.T.);
#340 = EDGE_CURVE('',#341,#343,#345,.T.);
#341 = VERTEX_POINT('',#342);
#342 = CARTESIAN_POINT('',(33.120683686406,-16.12707508444,-9.5));
#343 = VERTEX_POINT('',#344);
#344 = CARTESIAN_POINT('',(33.120683686406,-16.12707508444,9.5));
#345 = LINE('',#346,#347);
#346 = CARTESIAN_POINT('',(33.120683686406,-16.12707508444,-9.5));
#347 = VECTOR('',#348,1.);
#348 = DIRECTION('',(0.,0.,1.));
#349 = ORIENTED_EDGE('',*,*,#350,.T.);
#350 = EDGE_CURVE('',#343,#312,#351,.T.);
#351 = LINE('',#352,#353);
#352 = CARTESIAN_POINT('',(33.120683686406,-16.12707508444,9.5));
#353 = VECTOR('',#354,1.);
#354 = DIRECTION('',(-0.560270416387,-0.828309761214,0.));
#355 = ORIENTED_EDGE('',*,*,#309,.F.);
#356 = ORIENTED_EDGE('',*,*,#357,.F.);
#357 = EDGE_CURVE('',#341,#310,#358,.T.);
#358 = LINE('',#359,#360);
#359 = CARTESIAN_POINT('',(33.120683686406,-16.12707508444,-9.5));
#360 = VECTOR('',#361,1.);
#361 = DIRECTION('',(-0.560270416387,-0.828309761214,0.));
#362 = PLANE('',#363);
#363 = AXIS2_PLACEMENT_3D('',#364,#365,#366);
#364 = CARTESIAN_POINT('',(33.120683686406,-16.12707508444,-9.5));
#365 = DIRECTION('',(0.828309761214,-0.560270416387,0.));
#366 = DIRECTION('',(-0.560270416387,-0.828309761214,0.));
#367 = ADVANCED_FACE('',(#368),#393,.F.);
#368 = FACE_BOUND('',#369,.F.);
#369 = EDGE_LOOP('',(#370,#380,#386,#387));
#370 = ORIENTED_EDGE('',*,*,#371,.T.);
#371 = EDGE_CURVE('',#372,#374,#376,.T.);
#372 = VERTEX_POINT('',#373);
#373 = CARTESIAN_POINT('',(33.388849699417,-15.63823784316,-9.5));
#374 = VERTEX_POINT('',#375);
#375 = CARTESIAN_POINT('',(33.388849699417,-15.63823784316,9.5));
#376 = LINE('',#377,#378);
#377 = CARTESIAN_POINT('',(33.388849699417,-15.63823784316,-9.5));
#378 = VECTOR('',#379,1.);
#379 = DIRECTION('',(0.,0.,1.));
#380 = ORIENTED_EDGE('',*,*,#381,.T.);
#381 = EDGE_CURVE('',#374,#343,#382,.T.);
#382 = LINE('',#383,#384);
#383 = CARTESIAN_POINT('',(33.388849699417,-15.63823784316,9.5));
#384 = VECTOR('',#385,1.);
#385 = DIRECTION('',(-0.480962187846,-0.87674133806,0.));
#386 = ORIENTED_EDGE('',*,*,#340,.F.);
#387 = ORIENTED_EDGE('',*,*,#388,.F.);
#388 = EDGE_CURVE('',#372,#341,#389,.T.);
#389 = LINE('',#390,#391);
#390 = CARTESIAN_POINT('',(33.388849699417,-15.63823784316,-9.5));
#391 = VECTOR('',#392,1.);
#392 = DIRECTION('',(-0.480962187846,-0.87674133806,0.));
#393 = PLANE('',#394);
#394 = AXIS2_PLACEMENT_3D('',#395,#396,#397);
#395 = CARTESIAN_POINT('',(33.388849699417,-15.63823784316,-9.5));
#396 = DIRECTION('',(0.87674133806,-0.480962187846,0.));
#397 = DIRECTION('',(-0.480962187846,-0.87674133806,0.));
#398 = ADVANCED_FACE('',(#399),#424,.F.);
#399 = FACE_BOUND('',#400,.F.);
#400 = EDGE_LOOP('',(#401,#411,#417,#418));
#401 = ORIENTED_EDGE('',*,*,#402,.T.);
#402 = EDGE_CURVE('',#403,#405,#407,.T.);
#403 = VERTEX_POINT('',#404);
#404 = CARTESIAN_POINT('',(33.610480771026,-15.12661832916,-9.5));
#405 = VERTEX_POINT('',#406);
#406 = CARTESIAN_POINT('',(33.610480771026,-15.12661832916,9.5));
#407 = LINE('',#408,#409);
#408 = CARTESIAN_POINT('',(33.610480771026,-15.12661832916,-9.5));
#409 = VECTOR('',#410,1.);
#410 = DIRECTION('',(0.,0.,1.));
#411 = ORIENTED_EDGE('',*,*,#412,.T.);
#412 = EDGE_CURVE('',#405,#374,#413,.T.);
#413 = LINE('',#414,#415);
#414 = CARTESIAN_POINT('',(33.610480771026,-15.12661832916,9.5));
#415 = VECTOR('',#416,1.);
#416 = DIRECTION('',(-0.397500652296,-0.917601891576,0.));
#417 = ORIENTED_EDGE('',*,*,#371,.F.);
#418 = ORIENTED_EDGE('',*,*,#419,.F.);
#419 = EDGE_CURVE('',#403,#372,#420,.T.);
#420 = LINE('',#421,#422);
#421 = CARTESIAN_POINT('',(33.610480771026,-15.12661832916,-9.5));
#422 = VECTOR('',#423,1.);
#423 = DIRECTION('',(-0.397500652296,-0.917601891576,0.));
#424 = PLANE('',#425);
#425 = AXIS2_PLACEMENT_3D('',#426,#427,#428);
#426 = CARTESIAN_POINT('',(33.610480771026,-15.12661832916,-9.5));
#427 = DIRECTION('',(0.917601891576,-0.397500652296,0.));
#428 = DIRECTION('',(-0.397500652296,-0.917601891576,0.));
#429 = ADVANCED_FACE('',(#430),#455,.F.);
#430 = FACE_BOUND('',#431,.F.);
#431 = EDGE_LOOP('',(#432,#442,#448,#449));
#432 = ORIENTED_EDGE('',*,*,#433,.T.);
#433 = EDGE_CURVE('',#434,#436,#438,.T.);
#434 = VERTEX_POINT('',#435);
#435 = CARTESIAN_POINT('',(33.783663025451,-14.59663458813,-9.5));
#436 = VERTEX_POINT('',#437);
#437 = CARTESIAN_POINT('',(33.783663025451,-14.59663458813,9.5));
#438 = LINE('',#439,#440);
#439 = CARTESIAN_POINT('',(33.783663025451,-14.59663458813,-9.5));
#440 = VECTOR('',#441,1.);
#441 = DIRECTION('',(0.,0.,1.));
#442 = ORIENTED_EDGE('',*,*,#443,.T.);
#443 = EDGE_CURVE('',#436,#405,#444,.T.);
#444 = LINE('',#445,#446);
#445 = CARTESIAN_POINT('',(33.783663025451,-14.59663458813,9.5));
#446 = VECTOR('',#447,1.);
#447 = DIRECTION('',(-0.310606534545,-0.950538574019,0.));
#448 = ORIENTED_EDGE('',*,*,#402,.F.);
#449 = ORIENTED_EDGE('',*,*,#450,.F.);
#450 = EDGE_CURVE('',#434,#403,#451,.T.);
#451 = LINE('',#452,#453);
#452 = CARTESIAN_POINT('',(33.783663025451,-14.59663458813,-9.5));
#453 = VECTOR('',#454,1.);
#454 = DIRECTION('',(-0.310606534545,-0.950538574019,0.));
#455 = PLANE('',#456);
#456 = AXIS2_PLACEMENT_3D('',#457,#458,#459);
#457 = CARTESIAN_POINT('',(33.783663025451,-14.59663458813,-9.5));
#458 = DIRECTION('',(0.950538574019,-0.310606534545,0.));
#459 = DIRECTION('',(-0.310606534545,-0.950538574019,0.));
#460 = ADVANCED_FACE('',(#461),#486,.F.);
#461 = FACE_BOUND('',#462,.F.);
#462 = EDGE_LOOP('',(#463,#473,#479,#480));
#463 = ORIENTED_EDGE('',*,*,#464,.T.);
#464 = EDGE_CURVE('',#465,#467,#469,.T.);
#465 = VERTEX_POINT('',#466);
#466 = CARTESIAN_POINT('',(33.906900962443,-14.05286324842,-9.5));
#467 = VERTEX_POINT('',#468);
#468 = CARTESIAN_POINT('',(33.906900962443,-14.05286324842,9.5));
#469 = LINE('',#470,#471);
#470 = CARTESIAN_POINT('',(33.906900962443,-14.05286324842,-9.5));
#471 = VECTOR('',#472,1.);
#472 = DIRECTION('',(0.,0.,1.));
#473 = ORIENTED_EDGE('',*,*,#474,.T.);
#474 = EDGE_CURVE('',#467,#436,#475,.T.);
#475 = LINE('',#476,#477);
#476 = CARTESIAN_POINT('',(33.906900962443,-14.05286324842,9.5));
#477 = VECTOR('',#478,1.);
#478 = DIRECTION('',(-0.221030201165,-0.97526696354,0.));
#479 = ORIENTED_EDGE('',*,*,#433,.F.);
#480 = ORIENTED_EDGE('',*,*,#481,.F.);
#481 = EDGE_CURVE('',#465,#434,#482,.T.);
#482 = LINE('',#483,#484);
#483 = CARTESIAN_POINT('',(33.906900962443,-14.05286324842,-9.5));
#484 = VECTOR('',#485,1.);
#485 = DIRECTION('',(-0.221030201165,-0.97526696354,0.));
#486 = PLANE('',#487);
#487 = AXIS2_PLACEMENT_3D('',#488,#489,#490);
#488 = CARTESIAN_POINT('',(33.906900962443,-14.05286324842,-9.5));
#489 = DIRECTION('',(0.97526696354,-0.221030201165,0.));
#490 = DIRECTION('',(-0.221030201165,-0.97526696354,0.));
#491 = ADVANCED_FACE('',(#492),#517,.F.);
#492 = FACE_BOUND('',#493,.F.);
#493 = EDGE_LOOP('',(#494,#504,#510,#511));
#494 = ORIENTED_EDGE('',*,*,#495,.T.);
#495 = EDGE_CURVE('',#496,#498,#500,.T.);
#496 = VERTEX_POINT('',#497);
#497 = CARTESIAN_POINT('',(33.979130371551,-13.5,-9.5));
#498 = VERTEX_POINT('',#499);
#499 = CARTESIAN_POINT('',(33.979130371551,-13.5,9.5));
#500 = LINE('',#501,#502);
#501 = CARTESIAN_POINT('',(33.979130371551,-13.5,-9.5));
#502 = VECTOR('',#503,1.);
#503 = DIRECTION('',(0.,0.,1.));
#504 = ORIENTED_EDGE('',*,*,#505,.T.);
#505 = EDGE_CURVE('',#498,#467,#506,.T.);
#506 = LINE('',#507,#508);
#507 = CARTESIAN_POINT('',(33.979130371551,-13.5,9.5));
#508 = VECTOR('',#509,1.);
#509 = DIRECTION('',(-0.129545180768,-0.99157352029,0.));
#510 = ORIENTED_EDGE('',*,*,#464,.F.);
#511 = ORIENTED_EDGE('',*,*,#512,.F.);
#512 = EDGE_CURVE('',#496,#465,#513,.T.);
#513 = LINE('',#514,#515);
#514 = CARTESIAN_POINT('',(33.979130371551,-13.5,-9.5));
#515 = VECTOR('',#516,1.);
#516 = DIRECTION('',(-0.129545180768,-0.99157352029,0.));
#517 = PLANE('',#518);
#518 = AXIS2_PLACEMENT_3D('',#519,#520,#521);
#519 = CARTESIAN_POINT('',(33.979130371551,-13.5,-9.5));
#520 = DIRECTION('',(0.99157352029,-0.129545180768,0.));
#521 = DIRECTION('',(-0.129545180768,-0.99157352029,0.));
#522 = ADVANCED_FACE('',(#523),#548,.F.);
#523 = FACE_BOUND('',#524,.F.);
#524 = EDGE_LOOP('',(#525,#533,#541,#547));
#525 = ORIENTED_EDGE('',*,*,#526,.F.);
#526 = EDGE_CURVE('',#527,#496,#529,.T.);
#527 = VERTEX_POINT('',#528);
#528 = CARTESIAN_POINT('',(34.,-13.5,-9.5));
#529 = LINE('',#530,#531);
#530 = CARTESIAN_POINT('',(38.,-13.5,-9.5));
#531 = VECTOR('',#532,1.);
#532 = DIRECTION('',(-1.,0.,0.));
#533 = ORIENTED_EDGE('',*,*,#534,.F.);
#534 = EDGE_CURVE('',#535,#527,#537,.T.);
#535 = VERTEX_POINT('',#536);
#536 = CARTESIAN_POINT('',(34.,-13.5,9.5));
#537 = LINE('',#538,#539);
#538 = CARTESIAN_POINT('',(34.,-13.5,9.5));
#539 = VECTOR('',#540,1.);
#540 = DIRECTION('',(0.,2.22044604925E-16,-1.));
#541 = ORIENTED_EDGE('',*,*,#542,.T.);
#542 = EDGE_CURVE('',#535,#498,#543,.T.);
#543 = LINE('',#544,#545);
#544 = CARTESIAN_POINT('',(38.,-13.5,9.5));
#545 = VECTOR('',#546,1.);
#546 = DIRECTION('',(-1.,0.,0.));
#547 = ORIENTED_EDGE('',*,*,#495,.F.);
#548 = PLANE('',#549);
#549 = AXIS2_PLACEMENT_3D('',#550,#551,#552);
#550 = CARTESIAN_POINT('',(38.,-13.5,-9.5));
#551 = DIRECTION('',(0.,-1.,0.));
#552 = DIRECTION('',(-1.,0.,0.));
#553 = ADVANCED_FACE('',(#554,#763,#774,#785,#796),#807,.F.);
#554 = FACE_BOUND('',#555,.F.);
#555 = EDGE_LOOP('',(#556,#564,#572,#580,#588,#596,#604,#612,#620,#628,
    #636,#644,#652,#660,#668,#676,#684,#692,#700,#708,#716,#724,#732,
    #740,#748,#756,#762));
#556 = ORIENTED_EDGE('',*,*,#557,.T.);
#557 = EDGE_CURVE('',#527,#558,#560,.T.);
#558 = VERTEX_POINT('',#559);
#559 = CARTESIAN_POINT('',(34.,1.527716517193E-15,-9.5));
#560 = LINE('',#561,#562);
#561 = CARTESIAN_POINT('',(34.,-13.5,-9.5));
#562 = VECTOR('',#563,1.);
#563 = DIRECTION('',(-2.22044604925E-16,1.,0.));
#564 = ORIENTED_EDGE('',*,*,#565,.T.);
#565 = EDGE_CURVE('',#558,#566,#568,.T.);
#566 = VERTEX_POINT('',#567);
#567 = CARTESIAN_POINT('',(34.,1.23999882609,-9.418726183051));
#568 = LINE('',#569,#570);
#569 = CARTESIAN_POINT('',(34.,1.527716517193E-15,-9.5));
#570 = VECTOR('',#571,1.);
#571 = DIRECTION('',(-2.215691903814E-16,0.997858923239,
    6.540312923014E-02));
#572 = ORIENTED_EDGE('',*,*,#573,.T.);
#573 = EDGE_CURVE('',#566,#574,#576,.T.);
#574 = VERTEX_POINT('',#575);
#575 = CARTESIAN_POINT('',(34.,2.458780928474,-9.176295349746));
#576 = LINE('',#577,#578);
#577 = CARTESIAN_POINT('',(34.,1.23999882609,-9.418726183051));
#578 = VECTOR('',#579,1.);
#579 = DIRECTION('',(-2.177780801034E-16,0.980785280403,0.195090322016)
  );
#580 = ORIENTED_EDGE('',*,*,#581,.T.);
#581 = EDGE_CURVE('',#574,#582,#584,.T.);
#582 = VERTEX_POINT('',#583);
#583 = CARTESIAN_POINT('',(34.,3.635492607468,-8.776855558857));
#584 = LINE('',#585,#586);
#585 = CARTESIAN_POINT('',(34.,2.458780928474,-9.176295349746));
#586 = VECTOR('',#587,1.);
#587 = DIRECTION('',(-2.102607264953E-16,0.946930129495,0.321439465303)
  );
#588 = ORIENTED_EDGE('',*,*,#589,.T.);
#589 = EDGE_CURVE('',#582,#590,#592,.T.);
#590 = VERTEX_POINT('',#591);
#591 = CARTESIAN_POINT('',(34.,4.75,-8.227241335952));
#592 = LINE('',#593,#594);
#593 = CARTESIAN_POINT('',(34.,3.635492607468,-8.776855558857));
#594 = VECTOR('',#595,1.);
#595 = DIRECTION('',(-1.991457535617E-16,0.896872741533,0.442288690219)
  );
#596 = ORIENTED_EDGE('',*,*,#597,.T.);
#597 = EDGE_CURVE('',#590,#598,#600,.T.);
#598 = VERTEX_POINT('',#599);
#599 = CARTESIAN_POINT('',(34.,5.783233575583,-7.536856732767));
#600 = LINE('',#601,#602);
#601 = CARTESIAN_POINT('',(34.,4.75,-8.227241335952));
#602 = VECTOR('',#603,1.);
#603 = DIRECTION('',(-1.846233415709E-16,0.831469612303,0.55557023302));
#604 = ORIENTED_EDGE('',*,*,#605,.T.);
#605 = EDGE_CURVE('',#598,#606,#608,.T.);
#606 = VERTEX_POINT('',#607);
#607 = CARTESIAN_POINT('',(34.,6.717514421272,-6.717514421272));
#608 = LINE('',#609,#610);
#609 = CARTESIAN_POINT('',(34.,5.783233575583,-7.536856732767));
#610 = VECTOR('',#611,1.);
#611 = DIRECTION('',(-1.669419730186E-16,0.751839807479,0.6593458151));
#612 = ORIENTED_EDGE('',*,*,#613,.T.);
#613 = EDGE_CURVE('',#606,#614,#616,.T.);
#614 = VERTEX_POINT('',#615);
#615 = CARTESIAN_POINT('',(34.,7.536856732767,-5.783233575583));
#616 = LINE('',#617,#618);
#617 = CARTESIAN_POINT('',(34.,6.717514421272,-6.717514421272));
#618 = VECTOR('',#619,1.);
#619 = DIRECTION('',(-1.464041810229E-16,0.6593458151,0.751839807479));
#620 = ORIENTED_EDGE('',*,*,#621,.T.);
#621 = EDGE_CURVE('',#614,#622,#624,.T.);
#622 = VERTEX_POINT('',#623);
#623 = CARTESIAN_POINT('',(34.,8.227241335952,-4.75));
#624 = LINE('',#625,#626);
#625 = CARTESIAN_POINT('',(34.,7.536856732767,-5.783233575583));
#626 = VECTOR('',#627,1.);
#627 = DIRECTION('',(-1.233613728989E-16,0.55557023302,0.831469612303));
#628 = ORIENTED_EDGE('',*,*,#629,.T.);
#629 = EDGE_CURVE('',#622,#630,#632,.T.);
#630 = VERTEX_POINT('',#631);
#631 = CARTESIAN_POINT('',(34.,8.776855558857,-3.635492607468));
#632 = LINE('',#633,#634);
#633 = CARTESIAN_POINT('',(34.,8.227241335952,-4.75));
#634 = VECTOR('',#635,1.);
#635 = DIRECTION('',(-9.820781748249E-17,0.442288690219,0.896872741533)
  );
#636 = ORIENTED_EDGE('',*,*,#637,.T.);
#637 = EDGE_CURVE('',#630,#638,#640,.T.);
#638 = VERTEX_POINT('',#639);
#639 = CARTESIAN_POINT('',(34.,9.176295349746,-2.458780928474));
#640 = LINE('',#641,#642);
#641 = CARTESIAN_POINT('',(34.,8.776855558857,-3.635492607468));
#642 = VECTOR('',#643,1.);
#643 = DIRECTION('',(-7.137389908055E-17,0.321439465303,0.946930129495)
  );
#644 = ORIENTED_EDGE('',*,*,#645,.T.);
#645 = EDGE_CURVE('',#638,#646,#648,.T.);
#646 = VERTEX_POINT('',#647);
#647 = CARTESIAN_POINT('',(34.,9.418726183051,-1.23999882609));
#648 = LINE('',#649,#650);
#649 = CARTESIAN_POINT('',(34.,9.176295349746,-2.458780928474));
#650 = VECTOR('',#651,1.);
#651 = DIRECTION('',(-4.331875347677E-17,0.195090322016,0.980785280403)
  );
#652 = ORIENTED_EDGE('',*,*,#653,.T.);
#653 = EDGE_CURVE('',#646,#654,#656,.T.);
#654 = VERTEX_POINT('',#655);
#655 = CARTESIAN_POINT('',(34.,9.5,-1.16341445919E-15));
#656 = LINE('',#657,#658);
#657 = CARTESIAN_POINT('',(34.,9.418726183051,-1.23999882609));
#658 = VECTOR('',#659,1.);
#659 = DIRECTION('',(-1.452241199077E-17,6.540312923014E-02,
    0.997858923239));
#660 = ORIENTED_EDGE('',*,*,#661,.T.);
#661 = EDGE_CURVE('',#654,#662,#664,.T.);
#662 = VERTEX_POINT('',#663);
#663 = CARTESIAN_POINT('',(34.,9.418726183051,1.23999882609));
#664 = LINE('',#665,#666);
#665 = CARTESIAN_POINT('',(34.,9.5,-1.16341445919E-15));
#666 = VECTOR('',#667,1.);
#667 = DIRECTION('',(1.452241199077E-17,-6.540312923014E-02,
    0.997858923239));
#668 = ORIENTED_EDGE('',*,*,#669,.T.);
#669 = EDGE_CURVE('',#662,#670,#672,.T.);
#670 = VERTEX_POINT('',#671);
#671 = CARTESIAN_POINT('',(34.,9.176295349746,2.458780928474));
#672 = LINE('',#673,#674);
#673 = CARTESIAN_POINT('',(34.,9.418726183051,1.23999882609));
#674 = VECTOR('',#675,1.);
#675 = DIRECTION('',(4.331875347677E-17,-0.195090322016,0.980785280403)
  );
#676 = ORIENTED_EDGE('',*,*,#677,.T.);
#677 = EDGE_CURVE('',#670,#678,#680,.T.);
#678 = VERTEX_POINT('',#679);
#679 = CARTESIAN_POINT('',(34.,8.776855558857,3.635492607468));
#680 = LINE('',#681,#682);
#681 = CARTESIAN_POINT('',(34.,9.176295349746,2.458780928474));
#682 = VECTOR('',#683,1.);
#683 = DIRECTION('',(7.137389908055E-17,-0.321439465303,0.946930129495)
  );
#684 = ORIENTED_EDGE('',*,*,#685,.T.);
#685 = EDGE_CURVE('',#678,#686,#688,.T.);
#686 = VERTEX_POINT('',#687);
#687 = CARTESIAN_POINT('',(34.,8.227241335952,4.75));
#688 = LINE('',#689,#690);
#689 = CARTESIAN_POINT('',(34.,8.776855558857,3.635492607468));
#690 = VECTOR('',#691,1.);
#691 = DIRECTION('',(9.820781748249E-17,-0.442288690219,0.896872741533)
  );
#692 = ORIENTED_EDGE('',*,*,#693,.T.);
#693 = EDGE_CURVE('',#686,#694,#696,.T.);
#694 = VERTEX_POINT('',#695);
#695 = CARTESIAN_POINT('',(34.,7.536856732767,5.783233575583));
#696 = LINE('',#697,#698);
#697 = CARTESIAN_POINT('',(34.,8.227241335952,4.75));
#698 = VECTOR('',#699,1.);
#699 = DIRECTION('',(1.233613728989E-16,-0.55557023302,0.831469612303));
#700 = ORIENTED_EDGE('',*,*,#701,.T.);
#701 = EDGE_CURVE('',#694,#702,#704,.T.);
#702 = VERTEX_POINT('',#703);
#703 = CARTESIAN_POINT('',(34.,6.717514421272,6.717514421272));
#704 = LINE('',#705,#706);
#705 = CARTESIAN_POINT('',(34.,7.536856732767,5.783233575583));
#706 = VECTOR('',#707,1.);
#707 = DIRECTION('',(1.464041810229E-16,-0.6593458151,0.751839807479));
#708 = ORIENTED_EDGE('',*,*,#709,.T.);
#709 = EDGE_CURVE('',#702,#710,#712,.T.);
#710 = VERTEX_POINT('',#711);
#711 = CARTESIAN_POINT('',(34.,5.783233575583,7.536856732767));
#712 = LINE('',#713,#714);
#713 = CARTESIAN_POINT('',(34.,6.717514421272,6.717514421272));
#714 = VECTOR('',#715,1.);
#715 = DIRECTION('',(1.669419730186E-16,-0.751839807479,0.6593458151));
#716 = ORIENTED_EDGE('',*,*,#717,.T.);
#717 = EDGE_CURVE('',#710,#718,#720,.T.);
#718 = VERTEX_POINT('',#719);
#719 = CARTESIAN_POINT('',(34.,4.75,8.227241335952));
#720 = LINE('',#721,#722);
#721 = CARTESIAN_POINT('',(34.,5.783233575583,7.536856732767));
#722 = VECTOR('',#723,1.);
#723 = DIRECTION('',(1.846233415709E-16,-0.831469612303,0.55557023302));
#724 = ORIENTED_EDGE('',*,*,#725,.T.);
#725 = EDGE_CURVE('',#718,#726,#728,.T.);
#726 = VERTEX_POINT('',#727);
#727 = CARTESIAN_POINT('',(34.,3.635492607468,8.776855558857));
#728 = LINE('',#729,#730);
#729 = CARTESIAN_POINT('',(34.,4.75,8.227241335952));
#730 = VECTOR('',#731,1.);
#731 = DIRECTION('',(1.991457535617E-16,-0.896872741533,0.442288690219)
  );
#732 = ORIENTED_EDGE('',*,*,#733,.T.);
#733 = EDGE_CURVE('',#726,#734,#736,.T.);
#734 = VERTEX_POINT('',#735);
#735 = CARTESIAN_POINT('',(34.,2.458780928474,9.176295349746));
#736 = LINE('',#737,#738);
#737 = CARTESIAN_POINT('',(34.,3.635492607468,8.776855558857));
#738 = VECTOR('',#739,1.);
#739 = DIRECTION('',(2.102607264953E-16,-0.946930129495,0.321439465303)
  );
#740 = ORIENTED_EDGE('',*,*,#741,.T.);
#741 = EDGE_CURVE('',#734,#742,#744,.T.);
#742 = VERTEX_POINT('',#743);
#743 = CARTESIAN_POINT('',(34.,1.23999882609,9.418726183051));
#744 = LINE('',#745,#746);
#745 = CARTESIAN_POINT('',(34.,2.458780928474,9.176295349746));
#746 = VECTOR('',#747,1.);
#747 = DIRECTION('',(2.177780801034E-16,-0.980785280403,0.195090322016)
  );
#748 = ORIENTED_EDGE('',*,*,#749,.T.);
#749 = EDGE_CURVE('',#742,#750,#752,.T.);
#750 = VERTEX_POINT('',#751);
#751 = CARTESIAN_POINT('',(34.,-3.643020580028E-16,9.5));
#752 = LINE('',#753,#754);
#753 = CARTESIAN_POINT('',(34.,1.23999882609,9.418726183051));
#754 = VECTOR('',#755,1.);
#755 = DIRECTION('',(2.215691903814E-16,-0.997858923239,
    6.540312923014E-02));
#756 = ORIENTED_EDGE('',*,*,#757,.T.);
#757 = EDGE_CURVE('',#750,#535,#758,.T.);
#758 = LINE('',#759,#760);
#759 = CARTESIAN_POINT('',(34.,-3.643020580028E-16,9.5));
#760 = VECTOR('',#761,1.);
#761 = DIRECTION('',(2.22044604925E-16,-1.,0.));
#762 = ORIENTED_EDGE('',*,*,#534,.T.);
#763 = FACE_BOUND('',#764,.F.);
#764 = EDGE_LOOP('',(#765));
#765 = ORIENTED_EDGE('',*,*,#766,.F.);
#766 = EDGE_CURVE('',#767,#767,#769,.T.);
#767 = VERTEX_POINT('',#768);
#768 = CARTESIAN_POINT('',(34.,-4.629164900777E-16,-3.39));
#769 = CIRCLE('',#770,2.61);
#770 = AXIS2_PLACEMENT_3D('',#771,#772,#773);
#771 = CARTESIAN_POINT('',(34.,-1.102182119233E-15,-6.));
#772 = DIRECTION('',(1.,0.,0.));
#773 = DIRECTION('',(-0.,0.,1.));
#774 = FACE_BOUND('',#775,.F.);
#775 = EDGE_LOOP('',(#776));
#776 = ORIENTED_EDGE('',*,*,#777,.F.);
#777 = EDGE_CURVE('',#778,#778,#780,.T.);
#778 = VERTEX_POINT('',#779);
#779 = CARTESIAN_POINT('',(34.,-6.,2.61));
#780 = CIRCLE('',#781,2.61);
#781 = AXIS2_PLACEMENT_3D('',#782,#783,#784);
#782 = CARTESIAN_POINT('',(34.,-6.,7.347880794884E-16));
#783 = DIRECTION('',(1.,0.,0.));
#784 = DIRECTION('',(-0.,0.,1.));
#785 = FACE_BOUND('',#786,.F.);
#786 = EDGE_LOOP('',(#787));
#787 = ORIENTED_EDGE('',*,*,#788,.F.);
#788 = EDGE_CURVE('',#789,#789,#791,.T.);
#789 = VERTEX_POINT('',#790);
#790 = CARTESIAN_POINT('',(34.,6.,2.61));
#791 = CIRCLE('',#792,2.61);
#792 = AXIS2_PLACEMENT_3D('',#793,#794,#795);
#793 = CARTESIAN_POINT('',(34.,6.,0.));
#794 = DIRECTION('',(1.,0.,0.));
#795 = DIRECTION('',(-0.,0.,1.));
#796 = FACE_BOUND('',#797,.F.);
#797 = EDGE_LOOP('',(#798));
#798 = ORIENTED_EDGE('',*,*,#799,.F.);
#799 = EDGE_CURVE('',#800,#800,#802,.T.);
#800 = VERTEX_POINT('',#801);
#801 = CARTESIAN_POINT('',(34.,1.006659668899E-15,8.61));
#802 = CIRCLE('',#803,2.61);
#803 = AXIS2_PLACEMENT_3D('',#804,#805,#806);
#804 = CARTESIAN_POINT('',(34.,3.673940397442E-16,6.));
#805 = DIRECTION('',(1.,0.,0.));
#806 = DIRECTION('',(-0.,0.,1.));
#807 = PLANE('',#808);
#808 = AXIS2_PLACEMENT_3D('',#809,#810,#811);
#809 = CARTESIAN_POINT('',(34.,-3.411018341211,-3.74838762188E-16));
#810 = DIRECTION('',(1.,0.,-2.22044604925E-16));
#811 = DIRECTION('',(-2.22044604925E-16,1.,0.));
#812 = ADVANCED_FACE('',(#813),#838,.F.);
#813 = FACE_BOUND('',#814,.F.);
#814 = EDGE_LOOP('',(#815,#816,#824,#832));
#815 = ORIENTED_EDGE('',*,*,#565,.F.);
#816 = ORIENTED_EDGE('',*,*,#817,.T.);
#817 = EDGE_CURVE('',#558,#818,#820,.T.);
#818 = VERTEX_POINT('',#819);
#819 = CARTESIAN_POINT('',(37.99,-3.394350722038E-13,-9.5));
#820 = LINE('',#821,#822);
#821 = CARTESIAN_POINT('',(34.,1.527716517193E-15,-9.5));
#822 = VECTOR('',#823,1.);
#823 = DIRECTION('',(1.,0.,-2.22044604925E-16));
#824 = ORIENTED_EDGE('',*,*,#825,.T.);
#825 = EDGE_CURVE('',#818,#826,#828,.T.);
#826 = VERTEX_POINT('',#827);
#827 = CARTESIAN_POINT('',(37.99,1.239998826091,-9.418726183051));
#828 = LINE('',#829,#830);
#829 = CARTESIAN_POINT('',(37.99,0.309999706523,-9.479681545763));
#830 = VECTOR('',#831,1.);
#831 = DIRECTION('',(-0.,0.997858923239,6.540312923014E-02));
#832 = ORIENTED_EDGE('',*,*,#833,.F.);
#833 = EDGE_CURVE('',#566,#826,#834,.T.);
#834 = LINE('',#835,#836);
#835 = CARTESIAN_POINT('',(34.,1.23999882609,-9.418726183051));
#836 = VECTOR('',#837,1.);
#837 = DIRECTION('',(1.,0.,-2.22044604925E-16));
#838 = PLANE('',#839);
#839 = AXIS2_PLACEMENT_3D('',#840,#841,#842);
#840 = CARTESIAN_POINT('',(34.,1.527716517193E-15,-9.5));
#841 = DIRECTION('',(1.452241199077E-17,-6.540312923014E-02,
    0.997858923239));
#842 = DIRECTION('',(-2.215691903814E-16,0.997858923239,
    6.540312923014E-02));
#843 = ADVANCED_FACE('',(#844),#862,.F.);
#844 = FACE_BOUND('',#845,.F.);
#845 = EDGE_LOOP('',(#846,#847,#848,#856));
#846 = ORIENTED_EDGE('',*,*,#573,.F.);
#847 = ORIENTED_EDGE('',*,*,#833,.T.);
#848 = ORIENTED_EDGE('',*,*,#849,.T.);
#849 = EDGE_CURVE('',#826,#850,#852,.T.);
#850 = VERTEX_POINT('',#851);
#851 = CARTESIAN_POINT('',(37.99,2.458780928474,-9.176295349746));
#852 = LINE('',#853,#854);
#853 = CARTESIAN_POINT('',(37.99,1.544694351686,-9.358118474725));
#854 = VECTOR('',#855,1.);
#855 = DIRECTION('',(-0.,0.980785280403,0.195090322016));
#856 = ORIENTED_EDGE('',*,*,#857,.F.);
#857 = EDGE_CURVE('',#574,#850,#858,.T.);
#858 = LINE('',#859,#860);
#859 = CARTESIAN_POINT('',(34.,2.458780928474,-9.176295349746));
#860 = VECTOR('',#861,1.);
#861 = DIRECTION('',(1.,0.,-2.22044604925E-16));
#862 = PLANE('',#863);
#863 = AXIS2_PLACEMENT_3D('',#864,#865,#866);
#864 = CARTESIAN_POINT('',(34.,1.23999882609,-9.418726183051));
#865 = DIRECTION('',(4.331875347677E-17,-0.195090322016,0.980785280403)
  );
#866 = DIRECTION('',(-2.177780801034E-16,0.980785280403,0.195090322016)
  );
#867 = ADVANCED_FACE('',(#868),#878,.F.);
#868 = FACE_BOUND('',#869,.F.);
#869 = EDGE_LOOP('',(#870,#871));
#870 = ORIENTED_EDGE('',*,*,#825,.F.);
#871 = ORIENTED_EDGE('',*,*,#872,.T.);
#872 = EDGE_CURVE('',#818,#826,#873,.T.);
#873 = CIRCLE('',#874,9.5);
#874 = AXIS2_PLACEMENT_3D('',#875,#876,#877);
#875 = CARTESIAN_POINT('',(37.99,0.,0.));
#876 = DIRECTION('',(1.,0.,0.));
#877 = DIRECTION('',(-0.,0.,1.));
#878 = PLANE('',#879);
#879 = AXIS2_PLACEMENT_3D('',#880,#881,#882);
#880 = CARTESIAN_POINT('',(37.99,0.,0.));
#881 = DIRECTION('',(1.,0.,0.));
#882 = DIRECTION('',(-0.,0.,1.));
#883 = ADVANCED_FACE('',(#884),#1131,.T.);
#884 = FACE_BOUND('',#885,.T.);
#885 = EDGE_LOOP('',(#886,#896,#903,#904,#913,#919,#920,#927,#936,#945,
    #954,#963,#972,#981,#990,#999,#1008,#1017,#1026,#1035,#1044,#1053,
    #1062,#1071,#1080,#1089,#1098,#1107,#1116,#1125));
#886 = ORIENTED_EDGE('',*,*,#887,.T.);
#887 = EDGE_CURVE('',#888,#890,#892,.T.);
#888 = VERTEX_POINT('',#889);
#889 = CARTESIAN_POINT('',(38.,-3.643020580028E-16,9.5));
#890 = VERTEX_POINT('',#891);
#891 = CARTESIAN_POINT('',(38.5,2.32682891838E-15,9.5));
#892 = LINE('',#893,#894);
#893 = CARTESIAN_POINT('',(37.99,2.32682891838E-15,9.5));
#894 = VECTOR('',#895,1.);
#895 = DIRECTION('',(1.,0.,0.));
#896 = ORIENTED_EDGE('',*,*,#897,.F.);
#897 = EDGE_CURVE('',#890,#890,#898,.T.);
#898 = CIRCLE('',#899,9.5);
#899 = AXIS2_PLACEMENT_3D('',#900,#901,#902);
#900 = CARTESIAN_POINT('',(38.5,0.,0.));
#901 = DIRECTION('',(1.,0.,0.));
#902 = DIRECTION('',(-0.,0.,1.));
#903 = ORIENTED_EDGE('',*,*,#887,.F.);
#904 = ORIENTED_EDGE('',*,*,#905,.T.);
#905 = EDGE_CURVE('',#888,#906,#908,.T.);
#906 = VERTEX_POINT('',#907);
#907 = CARTESIAN_POINT('',(38.,1.527716517193E-15,-9.5));
#908 = CIRCLE('',#909,9.5);
#909 = AXIS2_PLACEMENT_3D('',#910,#911,#912);
#910 = CARTESIAN_POINT('',(38.,0.,0.));
#911 = DIRECTION('',(1.,0.,0.));
#912 = DIRECTION('',(-0.,0.,1.));
#913 = ORIENTED_EDGE('',*,*,#914,.F.);
#914 = EDGE_CURVE('',#818,#906,#915,.T.);
#915 = LINE('',#916,#917);
#916 = CARTESIAN_POINT('',(34.,1.527716517193E-15,-9.5));
#917 = VECTOR('',#918,1.);
#918 = DIRECTION('',(1.,0.,-2.22044604925E-16));
#919 = ORIENTED_EDGE('',*,*,#872,.T.);
#920 = ORIENTED_EDGE('',*,*,#921,.T.);
#921 = EDGE_CURVE('',#826,#850,#922,.T.);
#922 = CIRCLE('',#923,9.5);
#923 = AXIS2_PLACEMENT_3D('',#924,#925,#926);
#924 = CARTESIAN_POINT('',(37.99,0.,0.));
#925 = DIRECTION('',(1.,0.,0.));
#926 = DIRECTION('',(-0.,0.,1.));
#927 = ORIENTED_EDGE('',*,*,#928,.T.);
#928 = EDGE_CURVE('',#850,#929,#931,.T.);
#929 = VERTEX_POINT('',#930);
#930 = CARTESIAN_POINT('',(37.99,3.635492607468,-8.776855558857));
#931 = CIRCLE('',#932,9.5);
#932 = AXIS2_PLACEMENT_3D('',#933,#934,#935);
#933 = CARTESIAN_POINT('',(37.99,0.,0.));
#934 = DIRECTION('',(1.,0.,0.));
#935 = DIRECTION('',(-0.,0.,1.));
#936 = ORIENTED_EDGE('',*,*,#937,.T.);
#937 = EDGE_CURVE('',#929,#938,#940,.T.);
#938 = VERTEX_POINT('',#939);
#939 = CARTESIAN_POINT('',(37.99,4.75,-8.227241335952));
#940 = CIRCLE('',#941,9.5);
#941 = AXIS2_PLACEMENT_3D('',#942,#943,#944);
#942 = CARTESIAN_POINT('',(37.99,0.,0.));
#943 = DIRECTION('',(1.,0.,0.));
#944 = DIRECTION('',(-0.,0.,1.));
#945 = ORIENTED_EDGE('',*,*,#946,.T.);
#946 = EDGE_CURVE('',#938,#947,#949,.T.);
#947 = VERTEX_POINT('',#948);
#948 = CARTESIAN_POINT('',(37.99,5.783233575583,-7.536856732767));
#949 = CIRCLE('',#950,9.5);
#950 = AXIS2_PLACEMENT_3D('',#951,#952,#953);
#951 = CARTESIAN_POINT('',(37.99,0.,0.));
#952 = DIRECTION('',(1.,0.,0.));
#953 = DIRECTION('',(-0.,0.,1.));
#954 = ORIENTED_EDGE('',*,*,#955,.T.);
#955 = EDGE_CURVE('',#947,#956,#958,.T.);
#956 = VERTEX_POINT('',#957);
#957 = CARTESIAN_POINT('',(37.99,6.717514421272,-6.717514421272));
#958 = CIRCLE('',#959,9.5);
#959 = AXIS2_PLACEMENT_3D('',#960,#961,#962);
#960 = CARTESIAN_POINT('',(37.99,0.,0.));
#961 = DIRECTION('',(1.,0.,0.));
#962 = DIRECTION('',(-0.,0.,1.));
#963 = ORIENTED_EDGE('',*,*,#964,.T.);
#964 = EDGE_CURVE('',#956,#965,#967,.T.);
#965 = VERTEX_POINT('',#966);
#966 = CARTESIAN_POINT('',(37.99,7.536856732767,-5.783233575583));
#967 = CIRCLE('',#968,9.5);
#968 = AXIS2_PLACEMENT_3D('',#969,#970,#971);
#969 = CARTESIAN_POINT('',(37.99,0.,0.));
#970 = DIRECTION('',(1.,0.,0.));
#971 = DIRECTION('',(-0.,0.,1.));
#972 = ORIENTED_EDGE('',*,*,#973,.T.);
#973 = EDGE_CURVE('',#965,#974,#976,.T.);
#974 = VERTEX_POINT('',#975);
#975 = CARTESIAN_POINT('',(37.99,8.227241335952,-4.75));
#976 = CIRCLE('',#977,9.5);
#977 = AXIS2_PLACEMENT_3D('',#978,#979,#980);
#978 = CARTESIAN_POINT('',(37.99,0.,0.));
#979 = DIRECTION('',(1.,0.,0.));
#980 = DIRECTION('',(-0.,0.,1.));
#981 = ORIENTED_EDGE('',*,*,#982,.T.);
#982 = EDGE_CURVE('',#974,#983,#985,.T.);
#983 = VERTEX_POINT('',#984);
#984 = CARTESIAN_POINT('',(37.99,8.776855558857,-3.635492607468));
#985 = CIRCLE('',#986,9.5);
#986 = AXIS2_PLACEMENT_3D('',#987,#988,#989);
#987 = CARTESIAN_POINT('',(37.99,0.,0.));
#988 = DIRECTION('',(1.,0.,0.));
#989 = DIRECTION('',(-0.,0.,1.));
#990 = ORIENTED_EDGE('',*,*,#991,.T.);
#991 = EDGE_CURVE('',#983,#992,#994,.T.);
#992 = VERTEX_POINT('',#993);
#993 = CARTESIAN_POINT('',(37.99,9.176295349746,-2.458780928474));
#994 = CIRCLE('',#995,9.5);
#995 = AXIS2_PLACEMENT_3D('',#996,#997,#998);
#996 = CARTESIAN_POINT('',(37.99,0.,0.));
#997 = DIRECTION('',(1.,0.,0.));
#998 = DIRECTION('',(-0.,0.,1.));
#999 = ORIENTED_EDGE('',*,*,#1000,.T.);
#1000 = EDGE_CURVE('',#992,#1001,#1003,.T.);
#1001 = VERTEX_POINT('',#1002);
#1002 = CARTESIAN_POINT('',(37.99,9.418726183051,-1.23999882609));
#1003 = CIRCLE('',#1004,9.5);
#1004 = AXIS2_PLACEMENT_3D('',#1005,#1006,#1007);
#1005 = CARTESIAN_POINT('',(37.99,0.,0.));
#1006 = DIRECTION('',(1.,0.,0.));
#1007 = DIRECTION('',(-0.,0.,1.));
#1008 = ORIENTED_EDGE('',*,*,#1009,.T.);
#1009 = EDGE_CURVE('',#1001,#1010,#1012,.T.);
#1010 = VERTEX_POINT('',#1011);
#1011 = CARTESIAN_POINT('',(37.99,9.5,1.668566526822E-13));
#1012 = CIRCLE('',#1013,9.5);
#1013 = AXIS2_PLACEMENT_3D('',#1014,#1015,#1016);
#1014 = CARTESIAN_POINT('',(37.99,0.,0.));
#1015 = DIRECTION('',(1.,0.,0.));
#1016 = DIRECTION('',(-0.,0.,1.));
#1017 = ORIENTED_EDGE('',*,*,#1018,.T.);
#1018 = EDGE_CURVE('',#1010,#1019,#1021,.T.);
#1019 = VERTEX_POINT('',#1020);
#1020 = CARTESIAN_POINT('',(37.99,9.418726183051,1.23999882609));
#1021 = CIRCLE('',#1022,9.5);
#1022 = AXIS2_PLACEMENT_3D('',#1023,#1024,#1025);
#1023 = CARTESIAN_POINT('',(37.99,0.,0.));
#1024 = DIRECTION('',(1.,0.,0.));
#1025 = DIRECTION('',(-0.,0.,1.));
#1026 = ORIENTED_EDGE('',*,*,#1027,.T.);
#1027 = EDGE_CURVE('',#1019,#1028,#1030,.T.);
#1028 = VERTEX_POINT('',#1029);
#1029 = CARTESIAN_POINT('',(37.99,9.176295349746,2.458780928474));
#1030 = CIRCLE('',#1031,9.5);
#1031 = AXIS2_PLACEMENT_3D('',#1032,#1033,#1034);
#1032 = CARTESIAN_POINT('',(37.99,0.,0.));
#1033 = DIRECTION('',(1.,0.,0.));
#1034 = DIRECTION('',(-0.,0.,1.));
#1035 = ORIENTED_EDGE('',*,*,#1036,.T.);
#1036 = EDGE_CURVE('',#1028,#1037,#1039,.T.);
#1037 = VERTEX_POINT('',#1038);
#1038 = CARTESIAN_POINT('',(37.99,8.776855558857,3.635492607468));
#1039 = CIRCLE('',#1040,9.5);
#1040 = AXIS2_PLACEMENT_3D('',#1041,#1042,#1043);
#1041 = CARTESIAN_POINT('',(37.99,0.,0.));
#1042 = DIRECTION('',(1.,0.,0.));
#1043 = DIRECTION('',(-0.,0.,1.));
#1044 = ORIENTED_EDGE('',*,*,#1045,.T.);
#1045 = EDGE_CURVE('',#1037,#1046,#1048,.T.);
#1046 = VERTEX_POINT('',#1047);
#1047 = CARTESIAN_POINT('',(37.99,8.227241335952,4.75));
#1048 = CIRCLE('',#1049,9.5);
#1049 = AXIS2_PLACEMENT_3D('',#1050,#1051,#1052);
#1050 = CARTESIAN_POINT('',(37.99,0.,0.));
#1051 = DIRECTION('',(1.,0.,0.));
#1052 = DIRECTION('',(-0.,0.,1.));
#1053 = ORIENTED_EDGE('',*,*,#1054,.T.);
#1054 = EDGE_CURVE('',#1046,#1055,#1057,.T.);
#1055 = VERTEX_POINT('',#1056);
#1056 = CARTESIAN_POINT('',(37.99,7.536856732767,5.783233575583));
#1057 = CIRCLE('',#1058,9.5);
#1058 = AXIS2_PLACEMENT_3D('',#1059,#1060,#1061);
#1059 = CARTESIAN_POINT('',(37.99,0.,0.));
#1060 = DIRECTION('',(1.,0.,0.));
#1061 = DIRECTION('',(-0.,0.,1.));
#1062 = ORIENTED_EDGE('',*,*,#1063,.T.);
#1063 = EDGE_CURVE('',#1055,#1064,#1066,.T.);
#1064 = VERTEX_POINT('',#1065);
#1065 = CARTESIAN_POINT('',(37.99,6.717514421272,6.717514421272));
#1066 = CIRCLE('',#1067,9.5);
#1067 = AXIS2_PLACEMENT_3D('',#1068,#1069,#1070);
#1068 = CARTESIAN_POINT('',(37.99,0.,0.));
#1069 = DIRECTION('',(1.,0.,0.));
#1070 = DIRECTION('',(-0.,0.,1.));
#1071 = ORIENTED_EDGE('',*,*,#1072,.T.);
#1072 = EDGE_CURVE('',#1064,#1073,#1075,.T.);
#1073 = VERTEX_POINT('',#1074);
#1074 = CARTESIAN_POINT('',(37.99,5.783233575583,7.536856732767));
#1075 = CIRCLE('',#1076,9.5);
#1076 = AXIS2_PLACEMENT_3D('',#1077,#1078,#1079);
#1077 = CARTESIAN_POINT('',(37.99,0.,0.));
#1078 = DIRECTION('',(1.,0.,0.));
#1079 = DIRECTION('',(-0.,0.,1.));
#1080 = ORIENTED_EDGE('',*,*,#1081,.T.);
#1081 = EDGE_CURVE('',#1073,#1082,#1084,.T.);
#1082 = VERTEX_POINT('',#1083);
#1083 = CARTESIAN_POINT('',(37.99,4.75,8.227241335952));
#1084 = CIRCLE('',#1085,9.5);
#1085 = AXIS2_PLACEMENT_3D('',#1086,#1087,#1088);
#1086 = CARTESIAN_POINT('',(37.99,0.,0.));
#1087 = DIRECTION('',(1.,0.,0.));
#1088 = DIRECTION('',(-0.,0.,1.));
#1089 = ORIENTED_EDGE('',*,*,#1090,.T.);
#1090 = EDGE_CURVE('',#1082,#1091,#1093,.T.);
#1091 = VERTEX_POINT('',#1092);
#1092 = CARTESIAN_POINT('',(37.99,3.635492607468,8.776855558857));
#1093 = CIRCLE('',#1094,9.5);
#1094 = AXIS2_PLACEMENT_3D('',#1095,#1096,#1097);
#1095 = CARTESIAN_POINT('',(37.99,0.,0.));
#1096 = DIRECTION('',(1.,0.,0.));
#1097 = DIRECTION('',(-0.,0.,1.));
#1098 = ORIENTED_EDGE('',*,*,#1099,.T.);
#1099 = EDGE_CURVE('',#1091,#1100,#1102,.T.);
#1100 = VERTEX_POINT('',#1101);
#1101 = CARTESIAN_POINT('',(37.99,2.458780928474,9.176295349746));
#1102 = CIRCLE('',#1103,9.5);
#1103 = AXIS2_PLACEMENT_3D('',#1104,#1105,#1106);
#1104 = CARTESIAN_POINT('',(37.99,0.,0.));
#1105 = DIRECTION('',(1.,0.,0.));
#1106 = DIRECTION('',(-0.,0.,1.));
#1107 = ORIENTED_EDGE('',*,*,#1108,.T.);
#1108 = EDGE_CURVE('',#1100,#1109,#1111,.T.);
#1109 = VERTEX_POINT('',#1110);
#1110 = CARTESIAN_POINT('',(37.99,1.239998826091,9.418726183051));
#1111 = CIRCLE('',#1112,9.5);
#1112 = AXIS2_PLACEMENT_3D('',#1113,#1114,#1115);
#1113 = CARTESIAN_POINT('',(37.99,0.,0.));
#1114 = DIRECTION('',(1.,0.,0.));
#1115 = DIRECTION('',(-0.,0.,1.));
#1116 = ORIENTED_EDGE('',*,*,#1117,.T.);
#1117 = EDGE_CURVE('',#1109,#1118,#1120,.T.);
#1118 = VERTEX_POINT('',#1119);
#1119 = CARTESIAN_POINT('',(37.99,2.32682891838E-15,9.5));
#1120 = CIRCLE('',#1121,9.5);
#1121 = AXIS2_PLACEMENT_3D('',#1122,#1123,#1124);
#1122 = CARTESIAN_POINT('',(37.99,0.,0.));
#1123 = DIRECTION('',(1.,0.,0.));
#1124 = DIRECTION('',(-0.,0.,1.));
#1125 = ORIENTED_EDGE('',*,*,#1126,.T.);
#1126 = EDGE_CURVE('',#1118,#888,#1127,.T.);
#1127 = LINE('',#1128,#1129);
#1128 = CARTESIAN_POINT('',(34.,-3.643020580028E-16,9.5));
#1129 = VECTOR('',#1130,1.);
#1130 = DIRECTION('',(1.,0.,-2.22044604925E-16));
#1131 = CYLINDRICAL_SURFACE('',#1132,9.5);
#1132 = AXIS2_PLACEMENT_3D('',#1133,#1134,#1135);
#1133 = CARTESIAN_POINT('',(37.99,0.,0.));
#1134 = DIRECTION('',(1.,0.,0.));
#1135 = DIRECTION('',(-0.,0.,1.));
#1136 = ADVANCED_FACE('',(#1137),#1146,.F.);
#1137 = FACE_BOUND('',#1138,.F.);
#1138 = EDGE_LOOP('',(#1139,#1140));
#1139 = ORIENTED_EDGE('',*,*,#1117,.T.);
#1140 = ORIENTED_EDGE('',*,*,#1141,.F.);
#1141 = EDGE_CURVE('',#1109,#1118,#1142,.T.);
#1142 = LINE('',#1143,#1144);
#1143 = CARTESIAN_POINT('',(37.99,0.929999119568,9.439044637288));
#1144 = VECTOR('',#1145,1.);
#1145 = DIRECTION('',(0.,-0.997858923239,6.540312923014E-02));
#1146 = PLANE('',#1147);
#1147 = AXIS2_PLACEMENT_3D('',#1148,#1149,#1150);
#1148 = CARTESIAN_POINT('',(37.99,0.,0.));
#1149 = DIRECTION('',(1.,0.,0.));
#1150 = DIRECTION('',(-0.,0.,1.));
#1151 = ADVANCED_FACE('',(#1152),#1161,.F.);
#1152 = FACE_BOUND('',#1153,.F.);
#1153 = EDGE_LOOP('',(#1154,#1155));
#1154 = ORIENTED_EDGE('',*,*,#1108,.T.);
#1155 = ORIENTED_EDGE('',*,*,#1156,.F.);
#1156 = EDGE_CURVE('',#1100,#1109,#1157,.T.);
#1157 = LINE('',#1158,#1159);
#1158 = CARTESIAN_POINT('',(37.99,2.154085402878,9.236903058072));
#1159 = VECTOR('',#1160,1.);
#1160 = DIRECTION('',(0.,-0.980785280403,0.195090322016));
#1161 = PLANE('',#1162);
#1162 = AXIS2_PLACEMENT_3D('',#1163,#1164,#1165);
#1163 = CARTESIAN_POINT('',(37.99,0.,0.));
#1164 = DIRECTION('',(1.,0.,0.));
#1165 = DIRECTION('',(-0.,0.,1.));
#1166 = ADVANCED_FACE('',(#1167),#1176,.F.);
#1167 = FACE_BOUND('',#1168,.F.);
#1168 = EDGE_LOOP('',(#1169,#1170));
#1169 = ORIENTED_EDGE('',*,*,#1099,.T.);
#1170 = ORIENTED_EDGE('',*,*,#1171,.F.);
#1171 = EDGE_CURVE('',#1091,#1100,#1172,.T.);
#1172 = LINE('',#1173,#1174);
#1173 = CARTESIAN_POINT('',(37.99,3.34131468772,8.876715506579));
#1174 = VECTOR('',#1175,1.);
#1175 = DIRECTION('',(0.,-0.946930129495,0.321439465303));
#1176 = PLANE('',#1177);
#1177 = AXIS2_PLACEMENT_3D('',#1178,#1179,#1180);
#1178 = CARTESIAN_POINT('',(37.99,0.,0.));
#1179 = DIRECTION('',(1.,0.,0.));
#1180 = DIRECTION('',(-0.,0.,1.));
#1181 = ADVANCED_FACE('',(#1182),#1191,.F.);
#1182 = FACE_BOUND('',#1183,.F.);
#1183 = EDGE_LOOP('',(#1184,#1185));
#1184 = ORIENTED_EDGE('',*,*,#1090,.T.);
#1185 = ORIENTED_EDGE('',*,*,#1186,.F.);
#1186 = EDGE_CURVE('',#1082,#1091,#1187,.T.);
#1187 = LINE('',#1188,#1189);
#1188 = CARTESIAN_POINT('',(37.99,4.471373151867,8.364644891678));
#1189 = VECTOR('',#1190,1.);
#1190 = DIRECTION('',(0.,-0.896872741533,0.442288690219));
#1191 = PLANE('',#1192);
#1192 = AXIS2_PLACEMENT_3D('',#1193,#1194,#1195);
#1193 = CARTESIAN_POINT('',(37.99,0.,0.));
#1194 = DIRECTION('',(1.,0.,0.));
#1195 = DIRECTION('',(-0.,0.,1.));
#1196 = ADVANCED_FACE('',(#1197),#1206,.F.);
#1197 = FACE_BOUND('',#1198,.F.);
#1198 = EDGE_LOOP('',(#1199,#1200));
#1199 = ORIENTED_EDGE('',*,*,#1081,.T.);
#1200 = ORIENTED_EDGE('',*,*,#1201,.F.);
#1201 = EDGE_CURVE('',#1073,#1082,#1202,.T.);
#1202 = LINE('',#1203,#1204);
#1203 = CARTESIAN_POINT('',(37.99,5.524925181687,7.709452883563));
#1204 = VECTOR('',#1205,1.);
#1205 = DIRECTION('',(0.,-0.831469612303,0.55557023302));
#1206 = PLANE('',#1207);
#1207 = AXIS2_PLACEMENT_3D('',#1208,#1209,#1210);
#1208 = CARTESIAN_POINT('',(37.99,0.,0.));
#1209 = DIRECTION('',(1.,0.,0.));
#1210 = DIRECTION('',(-0.,0.,1.));
#1211 = ADVANCED_FACE('',(#1212),#1221,.F.);
#1212 = FACE_BOUND('',#1213,.F.);
#1213 = EDGE_LOOP('',(#1214,#1215));
#1214 = ORIENTED_EDGE('',*,*,#1072,.T.);
#1215 = ORIENTED_EDGE('',*,*,#1216,.F.);
#1216 = EDGE_CURVE('',#1064,#1073,#1217,.T.);
#1217 = LINE('',#1218,#1219);
#1218 = CARTESIAN_POINT('',(37.99,6.48394420985,6.922349999146));
#1219 = VECTOR('',#1220,1.);
#1220 = DIRECTION('',(0.,-0.751839807479,0.6593458151));
#1221 = PLANE('',#1222);
#1222 = AXIS2_PLACEMENT_3D('',#1223,#1224,#1225);
#1223 = CARTESIAN_POINT('',(37.99,0.,0.));
#1224 = DIRECTION('',(1.,0.,0.));
#1225 = DIRECTION('',(-0.,0.,1.));
#1226 = ADVANCED_FACE('',(#1227),#1236,.F.);
#1227 = FACE_BOUND('',#1228,.F.);
#1228 = EDGE_LOOP('',(#1229,#1230));
#1229 = ORIENTED_EDGE('',*,*,#1063,.T.);
#1230 = ORIENTED_EDGE('',*,*,#1231,.F.);
#1231 = EDGE_CURVE('',#1055,#1064,#1232,.T.);
#1232 = LINE('',#1233,#1234);
#1233 = CARTESIAN_POINT('',(37.99,7.332021154893,6.016803787005));
#1234 = VECTOR('',#1235,1.);
#1235 = DIRECTION('',(0.,-0.6593458151,0.751839807479));
#1236 = PLANE('',#1237);
#1237 = AXIS2_PLACEMENT_3D('',#1238,#1239,#1240);
#1238 = CARTESIAN_POINT('',(37.99,0.,0.));
#1239 = DIRECTION('',(1.,0.,0.));
#1240 = DIRECTION('',(-0.,0.,1.));
#1241 = ADVANCED_FACE('',(#1242),#1251,.F.);
#1242 = FACE_BOUND('',#1243,.F.);
#1243 = EDGE_LOOP('',(#1244,#1245));
#1244 = ORIENTED_EDGE('',*,*,#1054,.T.);
#1245 = ORIENTED_EDGE('',*,*,#1246,.F.);
#1246 = EDGE_CURVE('',#1046,#1055,#1247,.T.);
#1247 = LINE('',#1248,#1249);
#1248 = CARTESIAN_POINT('',(37.99,8.054645185156,5.008308393896));
#1249 = VECTOR('',#1250,1.);
#1250 = DIRECTION('',(0.,-0.55557023302,0.831469612303));
#1251 = PLANE('',#1252);
#1252 = AXIS2_PLACEMENT_3D('',#1253,#1254,#1255);
#1253 = CARTESIAN_POINT('',(37.99,0.,0.));
#1254 = DIRECTION('',(1.,0.,0.));
#1255 = DIRECTION('',(-0.,0.,1.));
#1256 = ADVANCED_FACE('',(#1257),#1266,.F.);
#1257 = FACE_BOUND('',#1258,.F.);
#1258 = EDGE_LOOP('',(#1259,#1260));
#1259 = ORIENTED_EDGE('',*,*,#1045,.T.);
#1260 = ORIENTED_EDGE('',*,*,#1261,.F.);
#1261 = EDGE_CURVE('',#1037,#1046,#1262,.T.);
#1262 = LINE('',#1263,#1264);
#1263 = CARTESIAN_POINT('',(37.99,8.639452003131,3.914119455601));
#1264 = VECTOR('',#1265,1.);
#1265 = DIRECTION('',(0.,-0.442288690219,0.896872741533));
#1266 = PLANE('',#1267);
#1267 = AXIS2_PLACEMENT_3D('',#1268,#1269,#1270);
#1268 = CARTESIAN_POINT('',(37.99,0.,0.));
#1269 = DIRECTION('',(1.,0.,0.));
#1270 = DIRECTION('',(-0.,0.,1.));
#1271 = ADVANCED_FACE('',(#1272),#1281,.F.);
#1272 = FACE_BOUND('',#1273,.F.);
#1273 = EDGE_LOOP('',(#1274,#1275));
#1274 = ORIENTED_EDGE('',*,*,#1036,.T.);
#1275 = ORIENTED_EDGE('',*,*,#1276,.F.);
#1276 = EDGE_CURVE('',#1028,#1037,#1277,.T.);
#1277 = LINE('',#1278,#1279);
#1278 = CARTESIAN_POINT('',(37.99,9.076435402024,2.752958848223));
#1279 = VECTOR('',#1280,1.);
#1280 = DIRECTION('',(0.,-0.321439465303,0.946930129495));
#1281 = PLANE('',#1282);
#1282 = AXIS2_PLACEMENT_3D('',#1283,#1284,#1285);
#1283 = CARTESIAN_POINT('',(37.99,0.,0.));
#1284 = DIRECTION('',(1.,0.,0.));
#1285 = DIRECTION('',(-0.,0.,1.));
#1286 = ADVANCED_FACE('',(#1287),#1296,.F.);
#1287 = FACE_BOUND('',#1288,.F.);
#1288 = EDGE_LOOP('',(#1289,#1290));
#1289 = ORIENTED_EDGE('',*,*,#1027,.T.);
#1290 = ORIENTED_EDGE('',*,*,#1291,.F.);
#1291 = EDGE_CURVE('',#1019,#1028,#1292,.T.);
#1292 = LINE('',#1293,#1294);
#1293 = CARTESIAN_POINT('',(37.99,9.358118474725,1.544694351686));
#1294 = VECTOR('',#1295,1.);
#1295 = DIRECTION('',(0.,-0.195090322016,0.980785280403));
#1296 = PLANE('',#1297);
#1297 = AXIS2_PLACEMENT_3D('',#1298,#1299,#1300);
#1298 = CARTESIAN_POINT('',(37.99,0.,0.));
#1299 = DIRECTION('',(1.,0.,0.));
#1300 = DIRECTION('',(-0.,0.,1.));
#1301 = ADVANCED_FACE('',(#1302),#1311,.F.);
#1302 = FACE_BOUND('',#1303,.F.);
#1303 = EDGE_LOOP('',(#1304,#1305));
#1304 = ORIENTED_EDGE('',*,*,#1018,.T.);
#1305 = ORIENTED_EDGE('',*,*,#1306,.F.);
#1306 = EDGE_CURVE('',#1010,#1019,#1307,.T.);
#1307 = LINE('',#1308,#1309);
#1308 = CARTESIAN_POINT('',(37.99,9.479681545763,0.309999706523));
#1309 = VECTOR('',#1310,1.);
#1310 = DIRECTION('',(0.,-6.540312923014E-02,0.997858923239));
#1311 = PLANE('',#1312);
#1312 = AXIS2_PLACEMENT_3D('',#1313,#1314,#1315);
#1313 = CARTESIAN_POINT('',(37.99,0.,0.));
#1314 = DIRECTION('',(1.,0.,0.));
#1315 = DIRECTION('',(-0.,0.,1.));
#1316 = ADVANCED_FACE('',(#1317),#1326,.F.);
#1317 = FACE_BOUND('',#1318,.F.);
#1318 = EDGE_LOOP('',(#1319,#1325));
#1319 = ORIENTED_EDGE('',*,*,#1320,.F.);
#1320 = EDGE_CURVE('',#1001,#1010,#1321,.T.);
#1321 = LINE('',#1322,#1323);
#1322 = CARTESIAN_POINT('',(37.99,9.439044637288,-0.929999119568));
#1323 = VECTOR('',#1324,1.);
#1324 = DIRECTION('',(-0.,6.540312923014E-02,0.997858923239));
#1325 = ORIENTED_EDGE('',*,*,#1009,.T.);
#1326 = PLANE('',#1327);
#1327 = AXIS2_PLACEMENT_3D('',#1328,#1329,#1330);
#1328 = CARTESIAN_POINT('',(37.99,0.,0.));
#1329 = DIRECTION('',(1.,0.,0.));
#1330 = DIRECTION('',(-0.,0.,1.));
#1331 = ADVANCED_FACE('',(#1332),#1341,.F.);
#1332 = FACE_BOUND('',#1333,.F.);
#1333 = EDGE_LOOP('',(#1334,#1340));
#1334 = ORIENTED_EDGE('',*,*,#1335,.F.);
#1335 = EDGE_CURVE('',#992,#1001,#1336,.T.);
#1336 = LINE('',#1337,#1338);
#1337 = CARTESIAN_POINT('',(37.99,9.236903058072,-2.154085402878));
#1338 = VECTOR('',#1339,1.);
#1339 = DIRECTION('',(-0.,0.195090322016,0.980785280403));
#1340 = ORIENTED_EDGE('',*,*,#1000,.T.);
#1341 = PLANE('',#1342);
#1342 = AXIS2_PLACEMENT_3D('',#1343,#1344,#1345);
#1343 = CARTESIAN_POINT('',(37.99,0.,0.));
#1344 = DIRECTION('',(1.,0.,0.));
#1345 = DIRECTION('',(-0.,0.,1.));
#1346 = ADVANCED_FACE('',(#1347),#1356,.F.);
#1347 = FACE_BOUND('',#1348,.F.);
#1348 = EDGE_LOOP('',(#1349,#1355));
#1349 = ORIENTED_EDGE('',*,*,#1350,.F.);
#1350 = EDGE_CURVE('',#983,#992,#1351,.T.);
#1351 = LINE('',#1352,#1353);
#1352 = CARTESIAN_POINT('',(37.99,8.876715506579,-3.34131468772));
#1353 = VECTOR('',#1354,1.);
#1354 = DIRECTION('',(-0.,0.321439465303,0.946930129495));
#1355 = ORIENTED_EDGE('',*,*,#991,.T.);
#1356 = PLANE('',#1357);
#1357 = AXIS2_PLACEMENT_3D('',#1358,#1359,#1360);
#1358 = CARTESIAN_POINT('',(37.99,0.,0.));
#1359 = DIRECTION('',(1.,0.,0.));
#1360 = DIRECTION('',(-0.,0.,1.));
#1361 = ADVANCED_FACE('',(#1362),#1371,.F.);
#1362 = FACE_BOUND('',#1363,.F.);
#1363 = EDGE_LOOP('',(#1364,#1370));
#1364 = ORIENTED_EDGE('',*,*,#1365,.F.);
#1365 = EDGE_CURVE('',#974,#983,#1366,.T.);
#1366 = LINE('',#1367,#1368);
#1367 = CARTESIAN_POINT('',(37.99,8.364644891678,-4.471373151867));
#1368 = VECTOR('',#1369,1.);
#1369 = DIRECTION('',(-0.,0.442288690219,0.896872741533));
#1370 = ORIENTED_EDGE('',*,*,#982,.T.);
#1371 = PLANE('',#1372);
#1372 = AXIS2_PLACEMENT_3D('',#1373,#1374,#1375);
#1373 = CARTESIAN_POINT('',(37.99,0.,0.));
#1374 = DIRECTION('',(1.,0.,0.));
#1375 = DIRECTION('',(-0.,0.,1.));
#1376 = ADVANCED_FACE('',(#1377),#1386,.F.);
#1377 = FACE_BOUND('',#1378,.F.);
#1378 = EDGE_LOOP('',(#1379,#1385));
#1379 = ORIENTED_EDGE('',*,*,#1380,.F.);
#1380 = EDGE_CURVE('',#965,#974,#1381,.T.);
#1381 = LINE('',#1382,#1383);
#1382 = CARTESIAN_POINT('',(37.99,7.709452883563,-5.524925181687));
#1383 = VECTOR('',#1384,1.);
#1384 = DIRECTION('',(-0.,0.55557023302,0.831469612303));
#1385 = ORIENTED_EDGE('',*,*,#973,.T.);
#1386 = PLANE('',#1387);
#1387 = AXIS2_PLACEMENT_3D('',#1388,#1389,#1390);
#1388 = CARTESIAN_POINT('',(37.99,0.,0.));
#1389 = DIRECTION('',(1.,0.,0.));
#1390 = DIRECTION('',(-0.,0.,1.));
#1391 = ADVANCED_FACE('',(#1392),#1401,.F.);
#1392 = FACE_BOUND('',#1393,.F.);
#1393 = EDGE_LOOP('',(#1394,#1400));
#1394 = ORIENTED_EDGE('',*,*,#1395,.F.);
#1395 = EDGE_CURVE('',#956,#965,#1396,.T.);
#1396 = LINE('',#1397,#1398);
#1397 = CARTESIAN_POINT('',(37.99,6.922349999146,-6.48394420985));
#1398 = VECTOR('',#1399,1.);
#1399 = DIRECTION('',(-0.,0.6593458151,0.751839807479));
#1400 = ORIENTED_EDGE('',*,*,#964,.T.);
#1401 = PLANE('',#1402);
#1402 = AXIS2_PLACEMENT_3D('',#1403,#1404,#1405);
#1403 = CARTESIAN_POINT('',(37.99,0.,0.));
#1404 = DIRECTION('',(1.,0.,0.));
#1405 = DIRECTION('',(-0.,0.,1.));
#1406 = ADVANCED_FACE('',(#1407),#1416,.F.);
#1407 = FACE_BOUND('',#1408,.F.);
#1408 = EDGE_LOOP('',(#1409,#1415));
#1409 = ORIENTED_EDGE('',*,*,#1410,.F.);
#1410 = EDGE_CURVE('',#947,#956,#1411,.T.);
#1411 = LINE('',#1412,#1413);
#1412 = CARTESIAN_POINT('',(37.99,6.016803787005,-7.332021154893));
#1413 = VECTOR('',#1414,1.);
#1414 = DIRECTION('',(-0.,0.751839807479,0.6593458151));
#1415 = ORIENTED_EDGE('',*,*,#955,.T.);
#1416 = PLANE('',#1417);
#1417 = AXIS2_PLACEMENT_3D('',#1418,#1419,#1420);
#1418 = CARTESIAN_POINT('',(37.99,0.,0.));
#1419 = DIRECTION('',(1.,0.,0.));
#1420 = DIRECTION('',(-0.,0.,1.));
#1421 = ADVANCED_FACE('',(#1422),#1431,.F.);
#1422 = FACE_BOUND('',#1423,.F.);
#1423 = EDGE_LOOP('',(#1424,#1430));
#1424 = ORIENTED_EDGE('',*,*,#1425,.F.);
#1425 = EDGE_CURVE('',#938,#947,#1426,.T.);
#1426 = LINE('',#1427,#1428);
#1427 = CARTESIAN_POINT('',(37.99,5.008308393896,-8.054645185156));
#1428 = VECTOR('',#1429,1.);
#1429 = DIRECTION('',(-0.,0.831469612303,0.55557023302));
#1430 = ORIENTED_EDGE('',*,*,#946,.T.);
#1431 = PLANE('',#1432);
#1432 = AXIS2_PLACEMENT_3D('',#1433,#1434,#1435);
#1433 = CARTESIAN_POINT('',(37.99,0.,0.));
#1434 = DIRECTION('',(1.,0.,0.));
#1435 = DIRECTION('',(-0.,0.,1.));
#1436 = ADVANCED_FACE('',(#1437),#1446,.F.);
#1437 = FACE_BOUND('',#1438,.F.);
#1438 = EDGE_LOOP('',(#1439,#1445));
#1439 = ORIENTED_EDGE('',*,*,#1440,.F.);
#1440 = EDGE_CURVE('',#929,#938,#1441,.T.);
#1441 = LINE('',#1442,#1443);
#1442 = CARTESIAN_POINT('',(37.99,3.914119455601,-8.639452003131));
#1443 = VECTOR('',#1444,1.);
#1444 = DIRECTION('',(-0.,0.896872741533,0.442288690219));
#1445 = ORIENTED_EDGE('',*,*,#937,.T.);
#1446 = PLANE('',#1447);
#1447 = AXIS2_PLACEMENT_3D('',#1448,#1449,#1450);
#1448 = CARTESIAN_POINT('',(37.99,0.,0.));
#1449 = DIRECTION('',(1.,0.,0.));
#1450 = DIRECTION('',(-0.,0.,1.));
#1451 = ADVANCED_FACE('',(#1452),#1461,.F.);
#1452 = FACE_BOUND('',#1453,.F.);
#1453 = EDGE_LOOP('',(#1454,#1460));
#1454 = ORIENTED_EDGE('',*,*,#1455,.F.);
#1455 = EDGE_CURVE('',#850,#929,#1456,.T.);
#1456 = LINE('',#1457,#1458);
#1457 = CARTESIAN_POINT('',(37.99,2.752958848223,-9.076435402024));
#1458 = VECTOR('',#1459,1.);
#1459 = DIRECTION('',(-0.,0.946930129495,0.321439465303));
#1460 = ORIENTED_EDGE('',*,*,#928,.T.);
#1461 = PLANE('',#1462);
#1462 = AXIS2_PLACEMENT_3D('',#1463,#1464,#1465);
#1463 = CARTESIAN_POINT('',(37.99,0.,0.));
#1464 = DIRECTION('',(1.,0.,0.));
#1465 = DIRECTION('',(-0.,0.,1.));
#1466 = ADVANCED_FACE('',(#1467),#1471,.F.);
#1467 = FACE_BOUND('',#1468,.F.);
#1468 = EDGE_LOOP('',(#1469,#1470));
#1469 = ORIENTED_EDGE('',*,*,#849,.F.);
#1470 = ORIENTED_EDGE('',*,*,#921,.T.);
#1471 = PLANE('',#1472);
#1472 = AXIS2_PLACEMENT_3D('',#1473,#1474,#1475);
#1473 = CARTESIAN_POINT('',(37.99,0.,0.));
#1474 = DIRECTION('',(1.,0.,0.));
#1475 = DIRECTION('',(-0.,0.,1.));
#1476 = ADVANCED_FACE('',(#1477,#1480),#1491,.T.);
#1477 = FACE_BOUND('',#1478,.T.);
#1478 = EDGE_LOOP('',(#1479));
#1479 = ORIENTED_EDGE('',*,*,#897,.T.);
#1480 = FACE_BOUND('',#1481,.T.);
#1481 = EDGE_LOOP('',(#1482));
#1482 = ORIENTED_EDGE('',*,*,#1483,.F.);
#1483 = EDGE_CURVE('',#1484,#1484,#1486,.T.);
#1484 = VERTEX_POINT('',#1485);
#1485 = CARTESIAN_POINT('',(38.5,1.959434878636E-15,8.));
#1486 = CIRCLE('',#1487,8.);
#1487 = AXIS2_PLACEMENT_3D('',#1488,#1489,#1490);
#1488 = CARTESIAN_POINT('',(38.5,0.,0.));
#1489 = DIRECTION('',(1.,0.,0.));
#1490 = DIRECTION('',(-0.,0.,1.));
#1491 = PLANE('',#1492);
#1492 = AXIS2_PLACEMENT_3D('',#1493,#1494,#1495);
#1493 = CARTESIAN_POINT('',(38.5,0.,0.));
#1494 = DIRECTION('',(1.,0.,0.));
#1495 = DIRECTION('',(-0.,0.,1.));
#1496 = ADVANCED_FACE('',(#1497),#1508,.F.);
#1497 = FACE_BOUND('',#1498,.F.);
#1498 = EDGE_LOOP('',(#1499,#1500,#1501,#1502));
#1499 = ORIENTED_EDGE('',*,*,#581,.F.);
#1500 = ORIENTED_EDGE('',*,*,#857,.T.);
#1501 = ORIENTED_EDGE('',*,*,#1455,.T.);
#1502 = ORIENTED_EDGE('',*,*,#1503,.F.);
#1503 = EDGE_CURVE('',#582,#929,#1504,.T.);
#1504 = LINE('',#1505,#1506);
#1505 = CARTESIAN_POINT('',(34.,3.635492607468,-8.776855558857));
#1506 = VECTOR('',#1507,1.);
#1507 = DIRECTION('',(1.,0.,-2.22044604925E-16));
#1508 = PLANE('',#1509);
#1509 = AXIS2_PLACEMENT_3D('',#1510,#1511,#1512);
#1510 = CARTESIAN_POINT('',(34.,2.458780928474,-9.176295349746));
#1511 = DIRECTION('',(7.137389908055E-17,-0.321439465303,0.946930129495)
  );
#1512 = DIRECTION('',(-2.102607264953E-16,0.946930129495,0.321439465303)
  );
#1513 = ADVANCED_FACE('',(#1514),#1525,.F.);
#1514 = FACE_BOUND('',#1515,.F.);
#1515 = EDGE_LOOP('',(#1516,#1517,#1518,#1519));
#1516 = ORIENTED_EDGE('',*,*,#589,.F.);
#1517 = ORIENTED_EDGE('',*,*,#1503,.T.);
#1518 = ORIENTED_EDGE('',*,*,#1440,.T.);
#1519 = ORIENTED_EDGE('',*,*,#1520,.F.);
#1520 = EDGE_CURVE('',#590,#938,#1521,.T.);
#1521 = LINE('',#1522,#1523);
#1522 = CARTESIAN_POINT('',(34.,4.75,-8.227241335952));
#1523 = VECTOR('',#1524,1.);
#1524 = DIRECTION('',(1.,0.,-2.22044604925E-16));
#1525 = PLANE('',#1526);
#1526 = AXIS2_PLACEMENT_3D('',#1527,#1528,#1529);
#1527 = CARTESIAN_POINT('',(34.,3.635492607468,-8.776855558857));
#1528 = DIRECTION('',(9.820781748249E-17,-0.442288690219,0.896872741533)
  );
#1529 = DIRECTION('',(-1.991457535617E-16,0.896872741533,0.442288690219)
  );
#1530 = ADVANCED_FACE('',(#1531),#1547,.F.);
#1531 = FACE_BOUND('',#1532,.F.);
#1532 = EDGE_LOOP('',(#1533,#1534,#1540,#1541));
#1533 = ORIENTED_EDGE('',*,*,#749,.F.);
#1534 = ORIENTED_EDGE('',*,*,#1535,.T.);
#1535 = EDGE_CURVE('',#742,#1109,#1536,.T.);
#1536 = LINE('',#1537,#1538);
#1537 = CARTESIAN_POINT('',(34.,1.23999882609,9.418726183051));
#1538 = VECTOR('',#1539,1.);
#1539 = DIRECTION('',(1.,0.,-2.22044604925E-16));
#1540 = ORIENTED_EDGE('',*,*,#1141,.T.);
#1541 = ORIENTED_EDGE('',*,*,#1542,.F.);
#1542 = EDGE_CURVE('',#750,#1118,#1543,.T.);
#1543 = LINE('',#1544,#1545);
#1544 = CARTESIAN_POINT('',(34.,-3.643020580028E-16,9.5));
#1545 = VECTOR('',#1546,1.);
#1546 = DIRECTION('',(1.,0.,-2.22044604925E-16));
#1547 = PLANE('',#1548);
#1548 = AXIS2_PLACEMENT_3D('',#1549,#1550,#1551);
#1549 = CARTESIAN_POINT('',(34.,1.23999882609,9.418726183051));
#1550 = DIRECTION('',(1.452241199077E-17,-6.540312923014E-02,
    -0.997858923239));
#1551 = DIRECTION('',(2.215691903814E-16,-0.997858923239,
    6.540312923014E-02));
#1552 = ADVANCED_FACE('',(#1553),#1564,.F.);
#1553 = FACE_BOUND('',#1554,.F.);
#1554 = EDGE_LOOP('',(#1555,#1556,#1557,#1558));
#1555 = ORIENTED_EDGE('',*,*,#597,.F.);
#1556 = ORIENTED_EDGE('',*,*,#1520,.T.);
#1557 = ORIENTED_EDGE('',*,*,#1425,.T.);
#1558 = ORIENTED_EDGE('',*,*,#1559,.F.);
#1559 = EDGE_CURVE('',#598,#947,#1560,.T.);
#1560 = LINE('',#1561,#1562);
#1561 = CARTESIAN_POINT('',(34.,5.783233575583,-7.536856732767));
#1562 = VECTOR('',#1563,1.);
#1563 = DIRECTION('',(1.,0.,-2.22044604925E-16));
#1564 = PLANE('',#1565);
#1565 = AXIS2_PLACEMENT_3D('',#1566,#1567,#1568);
#1566 = CARTESIAN_POINT('',(34.,4.75,-8.227241335952));
#1567 = DIRECTION('',(1.233613728989E-16,-0.55557023302,0.831469612303)
  );
#1568 = DIRECTION('',(-1.846233415709E-16,0.831469612303,0.55557023302)
  );
#1569 = ADVANCED_FACE('',(#1570),#1581,.F.);
#1570 = FACE_BOUND('',#1571,.F.);
#1571 = EDGE_LOOP('',(#1572,#1573,#1579,#1580));
#1572 = ORIENTED_EDGE('',*,*,#741,.F.);
#1573 = ORIENTED_EDGE('',*,*,#1574,.T.);
#1574 = EDGE_CURVE('',#734,#1100,#1575,.T.);
#1575 = LINE('',#1576,#1577);
#1576 = CARTESIAN_POINT('',(34.,2.458780928474,9.176295349746));
#1577 = VECTOR('',#1578,1.);
#1578 = DIRECTION('',(1.,0.,-2.22044604925E-16));
#1579 = ORIENTED_EDGE('',*,*,#1156,.T.);
#1580 = ORIENTED_EDGE('',*,*,#1535,.F.);
#1581 = PLANE('',#1582);
#1582 = AXIS2_PLACEMENT_3D('',#1583,#1584,#1585);
#1583 = CARTESIAN_POINT('',(34.,2.458780928474,9.176295349746));
#1584 = DIRECTION('',(4.331875347677E-17,-0.195090322016,-0.980785280403
    ));
#1585 = DIRECTION('',(2.177780801034E-16,-0.980785280403,0.195090322016)
  );
#1586 = ADVANCED_FACE('',(#1587),#1598,.F.);
#1587 = FACE_BOUND('',#1588,.F.);
#1588 = EDGE_LOOP('',(#1589,#1590,#1591,#1592));
#1589 = ORIENTED_EDGE('',*,*,#605,.F.);
#1590 = ORIENTED_EDGE('',*,*,#1559,.T.);
#1591 = ORIENTED_EDGE('',*,*,#1410,.T.);
#1592 = ORIENTED_EDGE('',*,*,#1593,.F.);
#1593 = EDGE_CURVE('',#606,#956,#1594,.T.);
#1594 = LINE('',#1595,#1596);
#1595 = CARTESIAN_POINT('',(34.,6.717514421272,-6.717514421272));
#1596 = VECTOR('',#1597,1.);
#1597 = DIRECTION('',(1.,0.,-2.22044604925E-16));
#1598 = PLANE('',#1599);
#1599 = AXIS2_PLACEMENT_3D('',#1600,#1601,#1602);
#1600 = CARTESIAN_POINT('',(34.,5.783233575583,-7.536856732767));
#1601 = DIRECTION('',(1.464041810229E-16,-0.6593458151,0.751839807479));
#1602 = DIRECTION('',(-1.669419730186E-16,0.751839807479,0.6593458151));
#1603 = ADVANCED_FACE('',(#1604),#1615,.F.);
#1604 = FACE_BOUND('',#1605,.F.);
#1605 = EDGE_LOOP('',(#1606,#1607,#1613,#1614));
#1606 = ORIENTED_EDGE('',*,*,#733,.F.);
#1607 = ORIENTED_EDGE('',*,*,#1608,.T.);
#1608 = EDGE_CURVE('',#726,#1091,#1609,.T.);
#1609 = LINE('',#1610,#1611);
#1610 = CARTESIAN_POINT('',(34.,3.635492607468,8.776855558857));
#1611 = VECTOR('',#1612,1.);
#1612 = DIRECTION('',(1.,0.,-2.22044604925E-16));
#1613 = ORIENTED_EDGE('',*,*,#1171,.T.);
#1614 = ORIENTED_EDGE('',*,*,#1574,.F.);
#1615 = PLANE('',#1616);
#1616 = AXIS2_PLACEMENT_3D('',#1617,#1618,#1619);
#1617 = CARTESIAN_POINT('',(34.,3.635492607468,8.776855558857));
#1618 = DIRECTION('',(7.137389908055E-17,-0.321439465303,-0.946930129495
    ));
#1619 = DIRECTION('',(2.102607264953E-16,-0.946930129495,0.321439465303)
  );
#1620 = ADVANCED_FACE('',(#1621),#1632,.F.);
#1621 = FACE_BOUND('',#1622,.F.);
#1622 = EDGE_LOOP('',(#1623,#1624,#1625,#1626));
#1623 = ORIENTED_EDGE('',*,*,#613,.F.);
#1624 = ORIENTED_EDGE('',*,*,#1593,.T.);
#1625 = ORIENTED_EDGE('',*,*,#1395,.T.);
#1626 = ORIENTED_EDGE('',*,*,#1627,.F.);
#1627 = EDGE_CURVE('',#614,#965,#1628,.T.);
#1628 = LINE('',#1629,#1630);
#1629 = CARTESIAN_POINT('',(34.,7.536856732767,-5.783233575583));
#1630 = VECTOR('',#1631,1.);
#1631 = DIRECTION('',(1.,0.,-2.22044604925E-16));
#1632 = PLANE('',#1633);
#1633 = AXIS2_PLACEMENT_3D('',#1634,#1635,#1636);
#1634 = CARTESIAN_POINT('',(34.,6.717514421272,-6.717514421272));
#1635 = DIRECTION('',(1.669419730186E-16,-0.751839807479,0.6593458151));
#1636 = DIRECTION('',(-1.464041810229E-16,0.6593458151,0.751839807479));
#1637 = ADVANCED_FACE('',(#1638),#1649,.F.);
#1638 = FACE_BOUND('',#1639,.F.);
#1639 = EDGE_LOOP('',(#1640,#1641,#1647,#1648));
#1640 = ORIENTED_EDGE('',*,*,#725,.F.);
#1641 = ORIENTED_EDGE('',*,*,#1642,.T.);
#1642 = EDGE_CURVE('',#718,#1082,#1643,.T.);
#1643 = LINE('',#1644,#1645);
#1644 = CARTESIAN_POINT('',(34.,4.75,8.227241335952));
#1645 = VECTOR('',#1646,1.);
#1646 = DIRECTION('',(1.,0.,-2.22044604925E-16));
#1647 = ORIENTED_EDGE('',*,*,#1186,.T.);
#1648 = ORIENTED_EDGE('',*,*,#1608,.F.);
#1649 = PLANE('',#1650);
#1650 = AXIS2_PLACEMENT_3D('',#1651,#1652,#1653);
#1651 = CARTESIAN_POINT('',(34.,4.75,8.227241335952));
#1652 = DIRECTION('',(9.820781748249E-17,-0.442288690219,-0.896872741533
    ));
#1653 = DIRECTION('',(1.991457535617E-16,-0.896872741533,0.442288690219)
  );
#1654 = ADVANCED_FACE('',(#1655),#1666,.F.);
#1655 = FACE_BOUND('',#1656,.F.);
#1656 = EDGE_LOOP('',(#1657,#1658,#1659,#1660));
#1657 = ORIENTED_EDGE('',*,*,#621,.F.);
#1658 = ORIENTED_EDGE('',*,*,#1627,.T.);
#1659 = ORIENTED_EDGE('',*,*,#1380,.T.);
#1660 = ORIENTED_EDGE('',*,*,#1661,.F.);
#1661 = EDGE_CURVE('',#622,#974,#1662,.T.);
#1662 = LINE('',#1663,#1664);
#1663 = CARTESIAN_POINT('',(34.,8.227241335952,-4.75));
#1664 = VECTOR('',#1665,1.);
#1665 = DIRECTION('',(1.,0.,-2.22044604925E-16));
#1666 = PLANE('',#1667);
#1667 = AXIS2_PLACEMENT_3D('',#1668,#1669,#1670);
#1668 = CARTESIAN_POINT('',(34.,7.536856732767,-5.783233575583));
#1669 = DIRECTION('',(1.846233415709E-16,-0.831469612303,0.55557023302)
  );
#1670 = DIRECTION('',(-1.233613728989E-16,0.55557023302,0.831469612303)
  );
#1671 = ADVANCED_FACE('',(#1672),#1683,.F.);
#1672 = FACE_BOUND('',#1673,.F.);
#1673 = EDGE_LOOP('',(#1674,#1675,#1681,#1682));
#1674 = ORIENTED_EDGE('',*,*,#717,.F.);
#1675 = ORIENTED_EDGE('',*,*,#1676,.T.);
#1676 = EDGE_CURVE('',#710,#1073,#1677,.T.);
#1677 = LINE('',#1678,#1679);
#1678 = CARTESIAN_POINT('',(34.,5.783233575583,7.536856732767));
#1679 = VECTOR('',#1680,1.);
#1680 = DIRECTION('',(1.,0.,-2.22044604925E-16));
#1681 = ORIENTED_EDGE('',*,*,#1201,.T.);
#1682 = ORIENTED_EDGE('',*,*,#1642,.F.);
#1683 = PLANE('',#1684);
#1684 = AXIS2_PLACEMENT_3D('',#1685,#1686,#1687);
#1685 = CARTESIAN_POINT('',(34.,5.783233575583,7.536856732767));
#1686 = DIRECTION('',(1.233613728989E-16,-0.55557023302,-0.831469612303)
  );
#1687 = DIRECTION('',(1.846233415709E-16,-0.831469612303,0.55557023302)
  );
#1688 = ADVANCED_FACE('',(#1689),#1700,.F.);
#1689 = FACE_BOUND('',#1690,.F.);
#1690 = EDGE_LOOP('',(#1691,#1692,#1693,#1694));
#1691 = ORIENTED_EDGE('',*,*,#629,.F.);
#1692 = ORIENTED_EDGE('',*,*,#1661,.T.);
#1693 = ORIENTED_EDGE('',*,*,#1365,.T.);
#1694 = ORIENTED_EDGE('',*,*,#1695,.F.);
#1695 = EDGE_CURVE('',#630,#983,#1696,.T.);
#1696 = LINE('',#1697,#1698);
#1697 = CARTESIAN_POINT('',(34.,8.776855558857,-3.635492607468));
#1698 = VECTOR('',#1699,1.);
#1699 = DIRECTION('',(1.,0.,-2.22044604925E-16));
#1700 = PLANE('',#1701);
#1701 = AXIS2_PLACEMENT_3D('',#1702,#1703,#1704);
#1702 = CARTESIAN_POINT('',(34.,8.227241335952,-4.75));
#1703 = DIRECTION('',(1.991457535617E-16,-0.896872741533,0.442288690219)
  );
#1704 = DIRECTION('',(-9.820781748249E-17,0.442288690219,0.896872741533)
  );
#1705 = ADVANCED_FACE('',(#1706),#1717,.F.);
#1706 = FACE_BOUND('',#1707,.F.);
#1707 = EDGE_LOOP('',(#1708,#1709,#1715,#1716));
#1708 = ORIENTED_EDGE('',*,*,#709,.F.);
#1709 = ORIENTED_EDGE('',*,*,#1710,.T.);
#1710 = EDGE_CURVE('',#702,#1064,#1711,.T.);
#1711 = LINE('',#1712,#1713);
#1712 = CARTESIAN_POINT('',(34.,6.717514421272,6.717514421272));
#1713 = VECTOR('',#1714,1.);
#1714 = DIRECTION('',(1.,0.,-2.22044604925E-16));
#1715 = ORIENTED_EDGE('',*,*,#1216,.T.);
#1716 = ORIENTED_EDGE('',*,*,#1676,.F.);
#1717 = PLANE('',#1718);
#1718 = AXIS2_PLACEMENT_3D('',#1719,#1720,#1721);
#1719 = CARTESIAN_POINT('',(34.,6.717514421272,6.717514421272));
#1720 = DIRECTION('',(1.464041810229E-16,-0.6593458151,-0.751839807479)
  );
#1721 = DIRECTION('',(1.669419730186E-16,-0.751839807479,0.6593458151));
#1722 = ADVANCED_FACE('',(#1723),#1734,.F.);
#1723 = FACE_BOUND('',#1724,.F.);
#1724 = EDGE_LOOP('',(#1725,#1726,#1727,#1728));
#1725 = ORIENTED_EDGE('',*,*,#637,.F.);
#1726 = ORIENTED_EDGE('',*,*,#1695,.T.);
#1727 = ORIENTED_EDGE('',*,*,#1350,.T.);
#1728 = ORIENTED_EDGE('',*,*,#1729,.F.);
#1729 = EDGE_CURVE('',#638,#992,#1730,.T.);
#1730 = LINE('',#1731,#1732);
#1731 = CARTESIAN_POINT('',(34.,9.176295349746,-2.458780928474));
#1732 = VECTOR('',#1733,1.);
#1733 = DIRECTION('',(1.,0.,-2.22044604925E-16));
#1734 = PLANE('',#1735);
#1735 = AXIS2_PLACEMENT_3D('',#1736,#1737,#1738);
#1736 = CARTESIAN_POINT('',(34.,8.776855558857,-3.635492607468));
#1737 = DIRECTION('',(2.102607264953E-16,-0.946930129495,0.321439465303)
  );
#1738 = DIRECTION('',(-7.137389908055E-17,0.321439465303,0.946930129495)
  );
#1739 = ADVANCED_FACE('',(#1740),#1751,.F.);
#1740 = FACE_BOUND('',#1741,.F.);
#1741 = EDGE_LOOP('',(#1742,#1743,#1749,#1750));
#1742 = ORIENTED_EDGE('',*,*,#701,.F.);
#1743 = ORIENTED_EDGE('',*,*,#1744,.T.);
#1744 = EDGE_CURVE('',#694,#1055,#1745,.T.);
#1745 = LINE('',#1746,#1747);
#1746 = CARTESIAN_POINT('',(34.,7.536856732767,5.783233575583));
#1747 = VECTOR('',#1748,1.);
#1748 = DIRECTION('',(1.,0.,-2.22044604925E-16));
#1749 = ORIENTED_EDGE('',*,*,#1231,.T.);
#1750 = ORIENTED_EDGE('',*,*,#1710,.F.);
#1751 = PLANE('',#1752);
#1752 = AXIS2_PLACEMENT_3D('',#1753,#1754,#1755);
#1753 = CARTESIAN_POINT('',(34.,7.536856732767,5.783233575583));
#1754 = DIRECTION('',(1.669419730186E-16,-0.751839807479,-0.6593458151)
  );
#1755 = DIRECTION('',(1.464041810229E-16,-0.6593458151,0.751839807479));
#1756 = ADVANCED_FACE('',(#1757),#1768,.F.);
#1757 = FACE_BOUND('',#1758,.F.);
#1758 = EDGE_LOOP('',(#1759,#1760,#1761,#1762));
#1759 = ORIENTED_EDGE('',*,*,#645,.F.);
#1760 = ORIENTED_EDGE('',*,*,#1729,.T.);
#1761 = ORIENTED_EDGE('',*,*,#1335,.T.);
#1762 = ORIENTED_EDGE('',*,*,#1763,.F.);
#1763 = EDGE_CURVE('',#646,#1001,#1764,.T.);
#1764 = LINE('',#1765,#1766);
#1765 = CARTESIAN_POINT('',(34.,9.418726183051,-1.23999882609));
#1766 = VECTOR('',#1767,1.);
#1767 = DIRECTION('',(1.,0.,-2.22044604925E-16));
#1768 = PLANE('',#1769);
#1769 = AXIS2_PLACEMENT_3D('',#1770,#1771,#1772);
#1770 = CARTESIAN_POINT('',(34.,9.176295349746,-2.458780928474));
#1771 = DIRECTION('',(2.177780801034E-16,-0.980785280403,0.195090322016)
  );
#1772 = DIRECTION('',(-4.331875347677E-17,0.195090322016,0.980785280403)
  );
#1773 = ADVANCED_FACE('',(#1774),#1785,.F.);
#1774 = FACE_BOUND('',#1775,.F.);
#1775 = EDGE_LOOP('',(#1776,#1777,#1783,#1784));
#1776 = ORIENTED_EDGE('',*,*,#693,.F.);
#1777 = ORIENTED_EDGE('',*,*,#1778,.T.);
#1778 = EDGE_CURVE('',#686,#1046,#1779,.T.);
#1779 = LINE('',#1780,#1781);
#1780 = CARTESIAN_POINT('',(34.,8.227241335952,4.75));
#1781 = VECTOR('',#1782,1.);
#1782 = DIRECTION('',(1.,0.,-2.22044604925E-16));
#1783 = ORIENTED_EDGE('',*,*,#1246,.T.);
#1784 = ORIENTED_EDGE('',*,*,#1744,.F.);
#1785 = PLANE('',#1786);
#1786 = AXIS2_PLACEMENT_3D('',#1787,#1788,#1789);
#1787 = CARTESIAN_POINT('',(34.,8.227241335952,4.75));
#1788 = DIRECTION('',(1.846233415709E-16,-0.831469612303,-0.55557023302)
  );
#1789 = DIRECTION('',(1.233613728989E-16,-0.55557023302,0.831469612303)
  );
#1790 = ADVANCED_FACE('',(#1791),#1802,.F.);
#1791 = FACE_BOUND('',#1792,.F.);
#1792 = EDGE_LOOP('',(#1793,#1794,#1795,#1796));
#1793 = ORIENTED_EDGE('',*,*,#653,.F.);
#1794 = ORIENTED_EDGE('',*,*,#1763,.T.);
#1795 = ORIENTED_EDGE('',*,*,#1320,.T.);
#1796 = ORIENTED_EDGE('',*,*,#1797,.F.);
#1797 = EDGE_CURVE('',#654,#1010,#1798,.T.);
#1798 = LINE('',#1799,#1800);
#1799 = CARTESIAN_POINT('',(34.,9.5,-1.16341445919E-15));
#1800 = VECTOR('',#1801,1.);
#1801 = DIRECTION('',(1.,0.,-2.22044604925E-16));
#1802 = PLANE('',#1803);
#1803 = AXIS2_PLACEMENT_3D('',#1804,#1805,#1806);
#1804 = CARTESIAN_POINT('',(34.,9.418726183051,-1.23999882609));
#1805 = DIRECTION('',(2.215691903814E-16,-0.997858923239,
    6.540312923014E-02));
#1806 = DIRECTION('',(-1.452241199077E-17,6.540312923014E-02,
    0.997858923239));
#1807 = ADVANCED_FACE('',(#1808),#1819,.F.);
#1808 = FACE_BOUND('',#1809,.F.);
#1809 = EDGE_LOOP('',(#1810,#1811,#1817,#1818));
#1810 = ORIENTED_EDGE('',*,*,#685,.F.);
#1811 = ORIENTED_EDGE('',*,*,#1812,.T.);
#1812 = EDGE_CURVE('',#678,#1037,#1813,.T.);
#1813 = LINE('',#1814,#1815);
#1814 = CARTESIAN_POINT('',(34.,8.776855558857,3.635492607468));
#1815 = VECTOR('',#1816,1.);
#1816 = DIRECTION('',(1.,0.,-2.22044604925E-16));
#1817 = ORIENTED_EDGE('',*,*,#1261,.T.);
#1818 = ORIENTED_EDGE('',*,*,#1778,.F.);
#1819 = PLANE('',#1820);
#1820 = AXIS2_PLACEMENT_3D('',#1821,#1822,#1823);
#1821 = CARTESIAN_POINT('',(34.,8.776855558857,3.635492607468));
#1822 = DIRECTION('',(1.991457535617E-16,-0.896872741533,-0.442288690219
    ));
#1823 = DIRECTION('',(9.820781748249E-17,-0.442288690219,0.896872741533)
  );
#1824 = ADVANCED_FACE('',(#1825),#1836,.F.);
#1825 = FACE_BOUND('',#1826,.F.);
#1826 = EDGE_LOOP('',(#1827,#1828,#1829,#1830));
#1827 = ORIENTED_EDGE('',*,*,#661,.F.);
#1828 = ORIENTED_EDGE('',*,*,#1797,.T.);
#1829 = ORIENTED_EDGE('',*,*,#1306,.T.);
#1830 = ORIENTED_EDGE('',*,*,#1831,.F.);
#1831 = EDGE_CURVE('',#662,#1019,#1832,.T.);
#1832 = LINE('',#1833,#1834);
#1833 = CARTESIAN_POINT('',(34.,9.418726183051,1.23999882609));
#1834 = VECTOR('',#1835,1.);
#1835 = DIRECTION('',(1.,0.,-2.22044604925E-16));
#1836 = PLANE('',#1837);
#1837 = AXIS2_PLACEMENT_3D('',#1838,#1839,#1840);
#1838 = CARTESIAN_POINT('',(34.,9.5,-1.16341445919E-15));
#1839 = DIRECTION('',(2.215691903814E-16,-0.997858923239,
    -6.540312923014E-02));
#1840 = DIRECTION('',(1.452241199077E-17,-6.540312923014E-02,
    0.997858923239));
#1841 = ADVANCED_FACE('',(#1842),#1853,.F.);
#1842 = FACE_BOUND('',#1843,.F.);
#1843 = EDGE_LOOP('',(#1844,#1845,#1851,#1852));
#1844 = ORIENTED_EDGE('',*,*,#677,.F.);
#1845 = ORIENTED_EDGE('',*,*,#1846,.T.);
#1846 = EDGE_CURVE('',#670,#1028,#1847,.T.);
#1847 = LINE('',#1848,#1849);
#1848 = CARTESIAN_POINT('',(34.,9.176295349746,2.458780928474));
#1849 = VECTOR('',#1850,1.);
#1850 = DIRECTION('',(1.,0.,-2.22044604925E-16));
#1851 = ORIENTED_EDGE('',*,*,#1276,.T.);
#1852 = ORIENTED_EDGE('',*,*,#1812,.F.);
#1853 = PLANE('',#1854);
#1854 = AXIS2_PLACEMENT_3D('',#1855,#1856,#1857);
#1855 = CARTESIAN_POINT('',(34.,9.176295349746,2.458780928474));
#1856 = DIRECTION('',(2.102607264953E-16,-0.946930129495,-0.321439465303
    ));
#1857 = DIRECTION('',(7.137389908055E-17,-0.321439465303,0.946930129495)
  );
#1858 = ADVANCED_FACE('',(#1859),#1865,.F.);
#1859 = FACE_BOUND('',#1860,.F.);
#1860 = EDGE_LOOP('',(#1861,#1862,#1863,#1864));
#1861 = ORIENTED_EDGE('',*,*,#669,.F.);
#1862 = ORIENTED_EDGE('',*,*,#1831,.T.);
#1863 = ORIENTED_EDGE('',*,*,#1291,.T.);
#1864 = ORIENTED_EDGE('',*,*,#1846,.F.);
#1865 = PLANE('',#1866);
#1866 = AXIS2_PLACEMENT_3D('',#1867,#1868,#1869);
#1867 = CARTESIAN_POINT('',(34.,9.418726183051,1.23999882609));
#1868 = DIRECTION('',(2.177780801034E-16,-0.980785280403,-0.195090322016
    ));
#1869 = DIRECTION('',(4.331875347677E-17,-0.195090322016,0.980785280403)
  );
#1870 = ADVANCED_FACE('',(#1871),#1890,.F.);
#1871 = FACE_BOUND('',#1872,.F.);
#1872 = EDGE_LOOP('',(#1873,#1881,#1888,#1889));
#1873 = ORIENTED_EDGE('',*,*,#1874,.T.);
#1874 = EDGE_CURVE('',#767,#1875,#1877,.T.);
#1875 = VERTEX_POINT('',#1876);
#1876 = CARTESIAN_POINT('',(34.55,-4.629164900777E-16,-3.39));
#1877 = LINE('',#1878,#1879);
#1878 = CARTESIAN_POINT('',(33.,-4.629164900777E-16,-3.39));
#1879 = VECTOR('',#1880,1.);
#1880 = DIRECTION('',(1.,0.,0.));
#1881 = ORIENTED_EDGE('',*,*,#1882,.F.);
#1882 = EDGE_CURVE('',#1875,#1875,#1883,.T.);
#1883 = CIRCLE('',#1884,2.61);
#1884 = AXIS2_PLACEMENT_3D('',#1885,#1886,#1887);
#1885 = CARTESIAN_POINT('',(34.55,-1.102182119233E-15,-6.));
#1886 = DIRECTION('',(1.,0.,0.));
#1887 = DIRECTION('',(-0.,0.,1.));
#1888 = ORIENTED_EDGE('',*,*,#1874,.F.);
#1889 = ORIENTED_EDGE('',*,*,#766,.T.);
#1890 = CYLINDRICAL_SURFACE('',#1891,2.61);
#1891 = AXIS2_PLACEMENT_3D('',#1892,#1893,#1894);
#1892 = CARTESIAN_POINT('',(33.,-1.102182119233E-15,-6.));
#1893 = DIRECTION('',(1.,0.,0.));
#1894 = DIRECTION('',(-0.,0.,1.));
#1895 = ADVANCED_FACE('',(#1896),#1915,.F.);
#1896 = FACE_BOUND('',#1897,.F.);
#1897 = EDGE_LOOP('',(#1898,#1906,#1913,#1914));
#1898 = ORIENTED_EDGE('',*,*,#1899,.T.);
#1899 = EDGE_CURVE('',#778,#1900,#1902,.T.);
#1900 = VERTEX_POINT('',#1901);
#1901 = CARTESIAN_POINT('',(34.55,-6.,2.61));
#1902 = LINE('',#1903,#1904);
#1903 = CARTESIAN_POINT('',(33.,-6.,2.61));
#1904 = VECTOR('',#1905,1.);
#1905 = DIRECTION('',(1.,0.,0.));
#1906 = ORIENTED_EDGE('',*,*,#1907,.F.);
#1907 = EDGE_CURVE('',#1900,#1900,#1908,.T.);
#1908 = CIRCLE('',#1909,2.61);
#1909 = AXIS2_PLACEMENT_3D('',#1910,#1911,#1912);
#1910 = CARTESIAN_POINT('',(34.55,-6.,7.347880794884E-16));
#1911 = DIRECTION('',(1.,0.,0.));
#1912 = DIRECTION('',(-0.,0.,1.));
#1913 = ORIENTED_EDGE('',*,*,#1899,.F.);
#1914 = ORIENTED_EDGE('',*,*,#777,.T.);
#1915 = CYLINDRICAL_SURFACE('',#1916,2.61);
#1916 = AXIS2_PLACEMENT_3D('',#1917,#1918,#1919);
#1917 = CARTESIAN_POINT('',(33.,-6.,7.347880794884E-16));
#1918 = DIRECTION('',(1.,0.,0.));
#1919 = DIRECTION('',(-0.,0.,1.));
#1920 = ADVANCED_FACE('',(#1921),#1940,.F.);
#1921 = FACE_BOUND('',#1922,.F.);
#1922 = EDGE_LOOP('',(#1923,#1931,#1938,#1939));
#1923 = ORIENTED_EDGE('',*,*,#1924,.T.);
#1924 = EDGE_CURVE('',#789,#1925,#1927,.T.);
#1925 = VERTEX_POINT('',#1926);
#1926 = CARTESIAN_POINT('',(34.55,6.,2.61));
#1927 = LINE('',#1928,#1929);
#1928 = CARTESIAN_POINT('',(33.,6.,2.61));
#1929 = VECTOR('',#1930,1.);
#1930 = DIRECTION('',(1.,0.,0.));
#1931 = ORIENTED_EDGE('',*,*,#1932,.F.);
#1932 = EDGE_CURVE('',#1925,#1925,#1933,.T.);
#1933 = CIRCLE('',#1934,2.61);
#1934 = AXIS2_PLACEMENT_3D('',#1935,#1936,#1937);
#1935 = CARTESIAN_POINT('',(34.55,6.,0.));
#1936 = DIRECTION('',(1.,0.,0.));
#1937 = DIRECTION('',(-0.,0.,1.));
#1938 = ORIENTED_EDGE('',*,*,#1924,.F.);
#1939 = ORIENTED_EDGE('',*,*,#788,.T.);
#1940 = CYLINDRICAL_SURFACE('',#1941,2.61);
#1941 = AXIS2_PLACEMENT_3D('',#1942,#1943,#1944);
#1942 = CARTESIAN_POINT('',(33.,6.,0.));
#1943 = DIRECTION('',(1.,0.,0.));
#1944 = DIRECTION('',(-0.,0.,1.));
#1945 = ADVANCED_FACE('',(#1946),#1965,.F.);
#1946 = FACE_BOUND('',#1947,.F.);
#1947 = EDGE_LOOP('',(#1948,#1956,#1963,#1964));
#1948 = ORIENTED_EDGE('',*,*,#1949,.T.);
#1949 = EDGE_CURVE('',#800,#1950,#1952,.T.);
#1950 = VERTEX_POINT('',#1951);
#1951 = CARTESIAN_POINT('',(34.55,1.006659668899E-15,8.61));
#1952 = LINE('',#1953,#1954);
#1953 = CARTESIAN_POINT('',(33.,1.006659668899E-15,8.61));
#1954 = VECTOR('',#1955,1.);
#1955 = DIRECTION('',(1.,0.,0.));
#1956 = ORIENTED_EDGE('',*,*,#1957,.F.);
#1957 = EDGE_CURVE('',#1950,#1950,#1958,.T.);
#1958 = CIRCLE('',#1959,2.61);
#1959 = AXIS2_PLACEMENT_3D('',#1960,#1961,#1962);
#1960 = CARTESIAN_POINT('',(34.55,3.673940397442E-16,6.));
#1961 = DIRECTION('',(1.,0.,0.));
#1962 = DIRECTION('',(-0.,0.,1.));
#1963 = ORIENTED_EDGE('',*,*,#1949,.F.);
#1964 = ORIENTED_EDGE('',*,*,#799,.T.);
#1965 = CYLINDRICAL_SURFACE('',#1966,2.61);
#1966 = AXIS2_PLACEMENT_3D('',#1967,#1968,#1969);
#1967 = CARTESIAN_POINT('',(33.,3.673940397442E-16,6.));
#1968 = DIRECTION('',(1.,0.,0.));
#1969 = DIRECTION('',(-0.,0.,1.));
#1970 = ADVANCED_FACE('',(#1971),#1990,.T.);
#1971 = FACE_BOUND('',#1972,.T.);
#1972 = EDGE_LOOP('',(#1973,#1981,#1988,#1989));
#1973 = ORIENTED_EDGE('',*,*,#1974,.T.);
#1974 = EDGE_CURVE('',#1484,#1975,#1977,.T.);
#1975 = VERTEX_POINT('',#1976);
#1976 = CARTESIAN_POINT('',(40.45,1.959434878636E-15,8.));
#1977 = LINE('',#1978,#1979);
#1978 = CARTESIAN_POINT('',(38.49,1.959434878636E-15,8.));
#1979 = VECTOR('',#1980,1.);
#1980 = DIRECTION('',(1.,0.,0.));
#1981 = ORIENTED_EDGE('',*,*,#1982,.F.);
#1982 = EDGE_CURVE('',#1975,#1975,#1983,.T.);
#1983 = CIRCLE('',#1984,8.);
#1984 = AXIS2_PLACEMENT_3D('',#1985,#1986,#1987);
#1985 = CARTESIAN_POINT('',(40.45,0.,0.));
#1986 = DIRECTION('',(1.,0.,0.));
#1987 = DIRECTION('',(-0.,0.,1.));
#1988 = ORIENTED_EDGE('',*,*,#1974,.F.);
#1989 = ORIENTED_EDGE('',*,*,#1483,.T.);
#1990 = CYLINDRICAL_SURFACE('',#1991,8.);
#1991 = AXIS2_PLACEMENT_3D('',#1992,#1993,#1994);
#1992 = CARTESIAN_POINT('',(38.49,0.,0.));
#1993 = DIRECTION('',(1.,0.,0.));
#1994 = DIRECTION('',(-0.,0.,1.));
#1995 = ADVANCED_FACE('',(#1996,#1999),#2010,.F.);
#1996 = FACE_BOUND('',#1997,.F.);
#1997 = EDGE_LOOP('',(#1998));
#1998 = ORIENTED_EDGE('',*,*,#1882,.T.);
#1999 = FACE_BOUND('',#2000,.F.);
#2000 = EDGE_LOOP('',(#2001));
#2001 = ORIENTED_EDGE('',*,*,#2002,.F.);
#2002 = EDGE_CURVE('',#2003,#2003,#2005,.T.);
#2003 = VERTEX_POINT('',#2004);
#2004 = CARTESIAN_POINT('',(34.55,-5.094530684453E-16,-3.58));
#2005 = CIRCLE('',#2006,2.42);
#2006 = AXIS2_PLACEMENT_3D('',#2007,#2008,#2009);
#2007 = CARTESIAN_POINT('',(34.55,-1.102182119233E-15,-6.));
#2008 = DIRECTION('',(1.,0.,0.));
#2009 = DIRECTION('',(-0.,0.,1.));
#2010 = PLANE('',#2011);
#2011 = AXIS2_PLACEMENT_3D('',#2012,#2013,#2014);
#2012 = CARTESIAN_POINT('',(34.55,-1.102182119233E-15,-6.));
#2013 = DIRECTION('',(1.,0.,0.));
#2014 = DIRECTION('',(-0.,0.,1.));
#2015 = ADVANCED_FACE('',(#2016,#2019),#2030,.F.);
#2016 = FACE_BOUND('',#2017,.F.);
#2017 = EDGE_LOOP('',(#2018));
#2018 = ORIENTED_EDGE('',*,*,#1907,.T.);
#2019 = FACE_BOUND('',#2020,.F.);
#2020 = EDGE_LOOP('',(#2021));
#2021 = ORIENTED_EDGE('',*,*,#2022,.F.);
#2022 = EDGE_CURVE('',#2023,#2023,#2025,.T.);
#2023 = VERTEX_POINT('',#2024);
#2024 = CARTESIAN_POINT('',(34.55,-6.,2.42));
#2025 = CIRCLE('',#2026,2.42);
#2026 = AXIS2_PLACEMENT_3D('',#2027,#2028,#2029);
#2027 = CARTESIAN_POINT('',(34.55,-6.,7.347880794884E-16));
#2028 = DIRECTION('',(1.,0.,0.));
#2029 = DIRECTION('',(-0.,0.,1.));
#2030 = PLANE('',#2031);
#2031 = AXIS2_PLACEMENT_3D('',#2032,#2033,#2034);
#2032 = CARTESIAN_POINT('',(34.55,-6.,7.347880794884E-16));
#2033 = DIRECTION('',(1.,0.,0.));
#2034 = DIRECTION('',(-0.,0.,1.));
#2035 = ADVANCED_FACE('',(#2036,#2039),#2050,.F.);
#2036 = FACE_BOUND('',#2037,.F.);
#2037 = EDGE_LOOP('',(#2038));
#2038 = ORIENTED_EDGE('',*,*,#1932,.T.);
#2039 = FACE_BOUND('',#2040,.F.);
#2040 = EDGE_LOOP('',(#2041));
#2041 = ORIENTED_EDGE('',*,*,#2042,.F.);
#2042 = EDGE_CURVE('',#2043,#2043,#2045,.T.);
#2043 = VERTEX_POINT('',#2044);
#2044 = CARTESIAN_POINT('',(34.55,6.,2.42));
#2045 = CIRCLE('',#2046,2.42);
#2046 = AXIS2_PLACEMENT_3D('',#2047,#2048,#2049);
#2047 = CARTESIAN_POINT('',(34.55,6.,0.));
#2048 = DIRECTION('',(1.,0.,0.));
#2049 = DIRECTION('',(-0.,0.,1.));
#2050 = PLANE('',#2051);
#2051 = AXIS2_PLACEMENT_3D('',#2052,#2053,#2054);
#2052 = CARTESIAN_POINT('',(34.55,6.,0.));
#2053 = DIRECTION('',(1.,0.,0.));
#2054 = DIRECTION('',(-0.,0.,1.));
#2055 = ADVANCED_FACE('',(#2056,#2059),#2070,.F.);
#2056 = FACE_BOUND('',#2057,.F.);
#2057 = EDGE_LOOP('',(#2058));
#2058 = ORIENTED_EDGE('',*,*,#1957,.T.);
#2059 = FACE_BOUND('',#2060,.F.);
#2060 = EDGE_LOOP('',(#2061));
#2061 = ORIENTED_EDGE('',*,*,#2062,.F.);
#2062 = EDGE_CURVE('',#2063,#2063,#2065,.T.);
#2063 = VERTEX_POINT('',#2064);
#2064 = CARTESIAN_POINT('',(34.55,9.601230905315E-16,8.42));
#2065 = CIRCLE('',#2066,2.42);
#2066 = AXIS2_PLACEMENT_3D('',#2067,#2068,#2069);
#2067 = CARTESIAN_POINT('',(34.55,3.673940397442E-16,6.));
#2068 = DIRECTION('',(1.,0.,0.));
#2069 = DIRECTION('',(-0.,0.,1.));
#2070 = PLANE('',#2071);
#2071 = AXIS2_PLACEMENT_3D('',#2072,#2073,#2074);
#2072 = CARTESIAN_POINT('',(34.55,3.673940397442E-16,6.));
#2073 = DIRECTION('',(1.,0.,0.));
#2074 = DIRECTION('',(-0.,0.,1.));
#2075 = ADVANCED_FACE('',(#2076,#2079,#2090,#2101,#2112,#2123),#2134,.T.
  );
#2076 = FACE_BOUND('',#2077,.T.);
#2077 = EDGE_LOOP('',(#2078));
#2078 = ORIENTED_EDGE('',*,*,#1982,.T.);
#2079 = FACE_BOUND('',#2080,.T.);
#2080 = EDGE_LOOP('',(#2081));
#2081 = ORIENTED_EDGE('',*,*,#2082,.F.);
#2082 = EDGE_CURVE('',#2083,#2083,#2085,.T.);
#2083 = VERTEX_POINT('',#2084);
#2084 = CARTESIAN_POINT('',(40.45,6.,1.2));
#2085 = CIRCLE('',#2086,1.2);
#2086 = AXIS2_PLACEMENT_3D('',#2087,#2088,#2089);
#2087 = CARTESIAN_POINT('',(40.45,6.,0.));
#2088 = DIRECTION('',(1.,0.,0.));
#2089 = DIRECTION('',(-0.,0.,1.));
#2090 = FACE_BOUND('',#2091,.T.);
#2091 = EDGE_LOOP('',(#2092));
#2092 = ORIENTED_EDGE('',*,*,#2093,.F.);
#2093 = EDGE_CURVE('',#2094,#2094,#2096,.T.);
#2094 = VERTEX_POINT('',#2095);
#2095 = CARTESIAN_POINT('',(40.45,-8.082668874373E-16,-4.8));
#2096 = CIRCLE('',#2097,1.2);
#2097 = AXIS2_PLACEMENT_3D('',#2098,#2099,#2100);
#2098 = CARTESIAN_POINT('',(40.45,-1.102182119233E-15,-6.));
#2099 = DIRECTION('',(1.,0.,0.));
#2100 = DIRECTION('',(-0.,0.,1.));
#2101 = FACE_BOUND('',#2102,.T.);
#2102 = EDGE_LOOP('',(#2103));
#2103 = ORIENTED_EDGE('',*,*,#2104,.F.);
#2104 = EDGE_CURVE('',#2105,#2105,#2107,.T.);
#2105 = VERTEX_POINT('',#2106);
#2106 = CARTESIAN_POINT('',(40.45,7.347880794884E-16,3.));
#2107 = CIRCLE('',#2108,3.);
#2108 = AXIS2_PLACEMENT_3D('',#2109,#2110,#2111);
#2109 = CARTESIAN_POINT('',(40.45,0.,0.));
#2110 = DIRECTION('',(1.,0.,0.));
#2111 = DIRECTION('',(-0.,0.,1.));
#2112 = FACE_BOUND('',#2113,.T.);
#2113 = EDGE_LOOP('',(#2114));
#2114 = ORIENTED_EDGE('',*,*,#2115,.F.);
#2115 = EDGE_CURVE('',#2116,#2116,#2118,.T.);
#2116 = VERTEX_POINT('',#2117);
#2117 = CARTESIAN_POINT('',(40.45,6.613092715396E-16,7.2));
#2118 = CIRCLE('',#2119,1.2);
#2119 = AXIS2_PLACEMENT_3D('',#2120,#2121,#2122);
#2120 = CARTESIAN_POINT('',(40.45,3.673940397442E-16,6.));
#2121 = DIRECTION('',(1.,0.,0.));
#2122 = DIRECTION('',(-0.,0.,1.));
#2123 = FACE_BOUND('',#2124,.T.);
#2124 = EDGE_LOOP('',(#2125));
#2125 = ORIENTED_EDGE('',*,*,#2126,.F.);
#2126 = EDGE_CURVE('',#2127,#2127,#2129,.T.);
#2127 = VERTEX_POINT('',#2128);
#2128 = CARTESIAN_POINT('',(40.45,-6.,1.2));
#2129 = CIRCLE('',#2130,1.2);
#2130 = AXIS2_PLACEMENT_3D('',#2131,#2132,#2133);
#2131 = CARTESIAN_POINT('',(40.45,-6.,7.347880794884E-16));
#2132 = DIRECTION('',(1.,0.,0.));
#2133 = DIRECTION('',(-0.,0.,1.));
#2134 = PLANE('',#2135);
#2135 = AXIS2_PLACEMENT_3D('',#2136,#2137,#2138);
#2136 = CARTESIAN_POINT('',(40.45,0.,0.));
#2137 = DIRECTION('',(1.,0.,0.));
#2138 = DIRECTION('',(-0.,0.,1.));
#2139 = ADVANCED_FACE('',(#2140),#2159,.F.);
#2140 = FACE_BOUND('',#2141,.F.);
#2141 = EDGE_LOOP('',(#2142,#2150,#2157,#2158));
#2142 = ORIENTED_EDGE('',*,*,#2143,.T.);
#2143 = EDGE_CURVE('',#2003,#2144,#2146,.T.);
#2144 = VERTEX_POINT('',#2145);
#2145 = CARTESIAN_POINT('',(37.5,-5.094530684453E-16,-3.58));
#2146 = LINE('',#2147,#2148);
#2147 = CARTESIAN_POINT('',(33.,-5.094530684453E-16,-3.58));
#2148 = VECTOR('',#2149,1.);
#2149 = DIRECTION('',(1.,0.,0.));
#2150 = ORIENTED_EDGE('',*,*,#2151,.F.);
#2151 = EDGE_CURVE('',#2144,#2144,#2152,.T.);
#2152 = CIRCLE('',#2153,2.42);
#2153 = AXIS2_PLACEMENT_3D('',#2154,#2155,#2156);
#2154 = CARTESIAN_POINT('',(37.5,-1.102182119233E-15,-6.));
#2155 = DIRECTION('',(1.,0.,0.));
#2156 = DIRECTION('',(-0.,0.,1.));
#2157 = ORIENTED_EDGE('',*,*,#2143,.F.);
#2158 = ORIENTED_EDGE('',*,*,#2002,.T.);
#2159 = CYLINDRICAL_SURFACE('',#2160,2.42);
#2160 = AXIS2_PLACEMENT_3D('',#2161,#2162,#2163);
#2161 = CARTESIAN_POINT('',(33.,-1.102182119233E-15,-6.));
#2162 = DIRECTION('',(1.,0.,0.));
#2163 = DIRECTION('',(-0.,0.,1.));
#2164 = ADVANCED_FACE('',(#2165),#2184,.F.);
#2165 = FACE_BOUND('',#2166,.F.);
#2166 = EDGE_LOOP('',(#2167,#2175,#2182,#2183));
#2167 = ORIENTED_EDGE('',*,*,#2168,.T.);
#2168 = EDGE_CURVE('',#2023,#2169,#2171,.T.);
#2169 = VERTEX_POINT('',#2170);
#2170 = CARTESIAN_POINT('',(37.5,-6.,2.42));
#2171 = LINE('',#2172,#2173);
#2172 = CARTESIAN_POINT('',(33.,-6.,2.42));
#2173 = VECTOR('',#2174,1.);
#2174 = DIRECTION('',(1.,0.,0.));
#2175 = ORIENTED_EDGE('',*,*,#2176,.F.);
#2176 = EDGE_CURVE('',#2169,#2169,#2177,.T.);
#2177 = CIRCLE('',#2178,2.42);
#2178 = AXIS2_PLACEMENT_3D('',#2179,#2180,#2181);
#2179 = CARTESIAN_POINT('',(37.5,-6.,7.347880794884E-16));
#2180 = DIRECTION('',(1.,0.,0.));
#2181 = DIRECTION('',(-0.,0.,1.));
#2182 = ORIENTED_EDGE('',*,*,#2168,.F.);
#2183 = ORIENTED_EDGE('',*,*,#2022,.T.);
#2184 = CYLINDRICAL_SURFACE('',#2185,2.42);
#2185 = AXIS2_PLACEMENT_3D('',#2186,#2187,#2188);
#2186 = CARTESIAN_POINT('',(33.,-6.,7.347880794884E-16));
#2187 = DIRECTION('',(1.,0.,0.));
#2188 = DIRECTION('',(-0.,0.,1.));
#2189 = ADVANCED_FACE('',(#2190),#2209,.F.);
#2190 = FACE_BOUND('',#2191,.F.);
#2191 = EDGE_LOOP('',(#2192,#2200,#2207,#2208));
#2192 = ORIENTED_EDGE('',*,*,#2193,.T.);
#2193 = EDGE_CURVE('',#2043,#2194,#2196,.T.);
#2194 = VERTEX_POINT('',#2195);
#2195 = CARTESIAN_POINT('',(37.5,6.,2.42));
#2196 = LINE('',#2197,#2198);
#2197 = CARTESIAN_POINT('',(33.,6.,2.42));
#2198 = VECTOR('',#2199,1.);
#2199 = DIRECTION('',(1.,0.,0.));
#2200 = ORIENTED_EDGE('',*,*,#2201,.F.);
#2201 = EDGE_CURVE('',#2194,#2194,#2202,.T.);
#2202 = CIRCLE('',#2203,2.42);
#2203 = AXIS2_PLACEMENT_3D('',#2204,#2205,#2206);
#2204 = CARTESIAN_POINT('',(37.5,6.,0.));
#2205 = DIRECTION('',(1.,0.,0.));
#2206 = DIRECTION('',(-0.,0.,1.));
#2207 = ORIENTED_EDGE('',*,*,#2193,.F.);
#2208 = ORIENTED_EDGE('',*,*,#2042,.T.);
#2209 = CYLINDRICAL_SURFACE('',#2210,2.42);
#2210 = AXIS2_PLACEMENT_3D('',#2211,#2212,#2213);
#2211 = CARTESIAN_POINT('',(33.,6.,0.));
#2212 = DIRECTION('',(1.,0.,0.));
#2213 = DIRECTION('',(-0.,0.,1.));
#2214 = ADVANCED_FACE('',(#2215),#2234,.F.);
#2215 = FACE_BOUND('',#2216,.F.);
#2216 = EDGE_LOOP('',(#2217,#2225,#2232,#2233));
#2217 = ORIENTED_EDGE('',*,*,#2218,.T.);
#2218 = EDGE_CURVE('',#2063,#2219,#2221,.T.);
#2219 = VERTEX_POINT('',#2220);
#2220 = CARTESIAN_POINT('',(37.5,9.601230905315E-16,8.42));
#2221 = LINE('',#2222,#2223);
#2222 = CARTESIAN_POINT('',(33.,9.601230905315E-16,8.42));
#2223 = VECTOR('',#2224,1.);
#2224 = DIRECTION('',(1.,0.,0.));
#2225 = ORIENTED_EDGE('',*,*,#2226,.F.);
#2226 = EDGE_CURVE('',#2219,#2219,#2227,.T.);
#2227 = CIRCLE('',#2228,2.42);
#2228 = AXIS2_PLACEMENT_3D('',#2229,#2230,#2231);
#2229 = CARTESIAN_POINT('',(37.5,3.673940397442E-16,6.));
#2230 = DIRECTION('',(1.,0.,0.));
#2231 = DIRECTION('',(-0.,0.,1.));
#2232 = ORIENTED_EDGE('',*,*,#2218,.F.);
#2233 = ORIENTED_EDGE('',*,*,#2062,.T.);
#2234 = CYLINDRICAL_SURFACE('',#2235,2.42);
#2235 = AXIS2_PLACEMENT_3D('',#2236,#2237,#2238);
#2236 = CARTESIAN_POINT('',(33.,3.673940397442E-16,6.));
#2237 = DIRECTION('',(1.,0.,0.));
#2238 = DIRECTION('',(-0.,0.,1.));
#2239 = ADVANCED_FACE('',(#2240),#2259,.F.);
#2240 = FACE_BOUND('',#2241,.F.);
#2241 = EDGE_LOOP('',(#2242,#2251,#2257,#2258));
#2242 = ORIENTED_EDGE('',*,*,#2243,.T.);
#2243 = EDGE_CURVE('',#2244,#2244,#2246,.T.);
#2244 = VERTEX_POINT('',#2245);
#2245 = CARTESIAN_POINT('',(37.5,6.,1.2));
#2246 = CIRCLE('',#2247,1.2);
#2247 = AXIS2_PLACEMENT_3D('',#2248,#2249,#2250);
#2248 = CARTESIAN_POINT('',(37.5,6.,0.));
#2249 = DIRECTION('',(1.,0.,0.));
#2250 = DIRECTION('',(-0.,0.,1.));
#2251 = ORIENTED_EDGE('',*,*,#2252,.T.);
#2252 = EDGE_CURVE('',#2244,#2083,#2253,.T.);
#2253 = LINE('',#2254,#2255);
#2254 = CARTESIAN_POINT('',(33.,6.,1.2));
#2255 = VECTOR('',#2256,1.);
#2256 = DIRECTION('',(1.,0.,0.));
#2257 = ORIENTED_EDGE('',*,*,#2082,.F.);
#2258 = ORIENTED_EDGE('',*,*,#2252,.F.);
#2259 = CYLINDRICAL_SURFACE('',#2260,1.2);
#2260 = AXIS2_PLACEMENT_3D('',#2261,#2262,#2263);
#2261 = CARTESIAN_POINT('',(33.,6.,0.));
#2262 = DIRECTION('',(1.,0.,0.));
#2263 = DIRECTION('',(-0.,0.,1.));
#2264 = ADVANCED_FACE('',(#2265),#2284,.F.);
#2265 = FACE_BOUND('',#2266,.F.);
#2266 = EDGE_LOOP('',(#2267,#2276,#2282,#2283));
#2267 = ORIENTED_EDGE('',*,*,#2268,.T.);
#2268 = EDGE_CURVE('',#2269,#2269,#2271,.T.);
#2269 = VERTEX_POINT('',#2270);
#2270 = CARTESIAN_POINT('',(37.5,-8.082668874373E-16,-4.8));
#2271 = CIRCLE('',#2272,1.2);
#2272 = AXIS2_PLACEMENT_3D('',#2273,#2274,#2275);
#2273 = CARTESIAN_POINT('',(37.5,-1.102182119233E-15,-6.));
#2274 = DIRECTION('',(1.,0.,0.));
#2275 = DIRECTION('',(-0.,0.,1.));
#2276 = ORIENTED_EDGE('',*,*,#2277,.T.);
#2277 = EDGE_CURVE('',#2269,#2094,#2278,.T.);
#2278 = LINE('',#2279,#2280);
#2279 = CARTESIAN_POINT('',(33.,-8.082668874373E-16,-4.8));
#2280 = VECTOR('',#2281,1.);
#2281 = DIRECTION('',(1.,0.,0.));
#2282 = ORIENTED_EDGE('',*,*,#2093,.F.);
#2283 = ORIENTED_EDGE('',*,*,#2277,.F.);
#2284 = CYLINDRICAL_SURFACE('',#2285,1.2);
#2285 = AXIS2_PLACEMENT_3D('',#2286,#2287,#2288);
#2286 = CARTESIAN_POINT('',(33.,-1.102182119233E-15,-6.));
#2287 = DIRECTION('',(1.,0.,0.));
#2288 = DIRECTION('',(-0.,0.,1.));
#2289 = ADVANCED_FACE('',(#2290),#2309,.F.);
#2290 = FACE_BOUND('',#2291,.F.);
#2291 = EDGE_LOOP('',(#2292,#2293,#2301,#2308));
#2292 = ORIENTED_EDGE('',*,*,#2104,.F.);
#2293 = ORIENTED_EDGE('',*,*,#2294,.F.);
#2294 = EDGE_CURVE('',#2295,#2105,#2297,.T.);
#2295 = VERTEX_POINT('',#2296);
#2296 = CARTESIAN_POINT('',(38.5,7.347880794884E-16,3.));
#2297 = LINE('',#2298,#2299);
#2298 = CARTESIAN_POINT('',(38.5,7.347880794884E-16,3.));
#2299 = VECTOR('',#2300,1.);
#2300 = DIRECTION('',(1.,0.,0.));
#2301 = ORIENTED_EDGE('',*,*,#2302,.T.);
#2302 = EDGE_CURVE('',#2295,#2295,#2303,.T.);
#2303 = CIRCLE('',#2304,3.);
#2304 = AXIS2_PLACEMENT_3D('',#2305,#2306,#2307);
#2305 = CARTESIAN_POINT('',(38.5,0.,0.));
#2306 = DIRECTION('',(1.,0.,0.));
#2307 = DIRECTION('',(-0.,0.,1.));
#2308 = ORIENTED_EDGE('',*,*,#2294,.T.);
#2309 = CYLINDRICAL_SURFACE('',#2310,3.);
#2310 = AXIS2_PLACEMENT_3D('',#2311,#2312,#2313);
#2311 = CARTESIAN_POINT('',(38.5,0.,0.));
#2312 = DIRECTION('',(1.,0.,0.));
#2313 = DIRECTION('',(-0.,0.,1.));
#2314 = ADVANCED_FACE('',(#2315),#2334,.F.);
#2315 = FACE_BOUND('',#2316,.F.);
#2316 = EDGE_LOOP('',(#2317,#2326,#2332,#2333));
#2317 = ORIENTED_EDGE('',*,*,#2318,.T.);
#2318 = EDGE_CURVE('',#2319,#2319,#2321,.T.);
#2319 = VERTEX_POINT('',#2320);
#2320 = CARTESIAN_POINT('',(37.5,6.613092715396E-16,7.2));
#2321 = CIRCLE('',#2322,1.2);
#2322 = AXIS2_PLACEMENT_3D('',#2323,#2324,#2325);
#2323 = CARTESIAN_POINT('',(37.5,3.673940397442E-16,6.));
#2324 = DIRECTION('',(1.,0.,0.));
#2325 = DIRECTION('',(-0.,0.,1.));
#2326 = ORIENTED_EDGE('',*,*,#2327,.T.);
#2327 = EDGE_CURVE('',#2319,#2116,#2328,.T.);
#2328 = LINE('',#2329,#2330);
#2329 = CARTESIAN_POINT('',(33.,6.613092715396E-16,7.2));
#2330 = VECTOR('',#2331,1.);
#2331 = DIRECTION('',(1.,0.,0.));
#2332 = ORIENTED_EDGE('',*,*,#2115,.F.);
#2333 = ORIENTED_EDGE('',*,*,#2327,.F.);
#2334 = CYLINDRICAL_SURFACE('',#2335,1.2);
#2335 = AXIS2_PLACEMENT_3D('',#2336,#2337,#2338);
#2336 = CARTESIAN_POINT('',(33.,3.673940397442E-16,6.));
#2337 = DIRECTION('',(1.,0.,0.));
#2338 = DIRECTION('',(-0.,0.,1.));
#2339 = ADVANCED_FACE('',(#2340),#2359,.F.);
#2340 = FACE_BOUND('',#2341,.F.);
#2341 = EDGE_LOOP('',(#2342,#2351,#2357,#2358));
#2342 = ORIENTED_EDGE('',*,*,#2343,.T.);
#2343 = EDGE_CURVE('',#2344,#2344,#2346,.T.);
#2344 = VERTEX_POINT('',#2345);
#2345 = CARTESIAN_POINT('',(37.5,-6.,1.2));
#2346 = CIRCLE('',#2347,1.2);
#2347 = AXIS2_PLACEMENT_3D('',#2348,#2349,#2350);
#2348 = CARTESIAN_POINT('',(37.5,-6.,7.347880794884E-16));
#2349 = DIRECTION('',(1.,0.,0.));
#2350 = DIRECTION('',(-0.,0.,1.));
#2351 = ORIENTED_EDGE('',*,*,#2352,.T.);
#2352 = EDGE_CURVE('',#2344,#2127,#2353,.T.);
#2353 = LINE('',#2354,#2355);
#2354 = CARTESIAN_POINT('',(33.,-6.,1.2));
#2355 = VECTOR('',#2356,1.);
#2356 = DIRECTION('',(1.,0.,0.));
#2357 = ORIENTED_EDGE('',*,*,#2126,.F.);
#2358 = ORIENTED_EDGE('',*,*,#2352,.F.);
#2359 = CYLINDRICAL_SURFACE('',#2360,1.2);
#2360 = AXIS2_PLACEMENT_3D('',#2361,#2362,#2363);
#2361 = CARTESIAN_POINT('',(33.,-6.,7.347880794884E-16));
#2362 = DIRECTION('',(1.,0.,0.));
#2363 = DIRECTION('',(-0.,0.,1.));
#2364 = ADVANCED_FACE('',(#2365,#2368),#2371,.F.);
#2365 = FACE_BOUND('',#2366,.F.);
#2366 = EDGE_LOOP('',(#2367));
#2367 = ORIENTED_EDGE('',*,*,#2151,.T.);
#2368 = FACE_BOUND('',#2369,.F.);
#2369 = EDGE_LOOP('',(#2370));
#2370 = ORIENTED_EDGE('',*,*,#2268,.F.);
#2371 = PLANE('',#2372);
#2372 = AXIS2_PLACEMENT_3D('',#2373,#2374,#2375);
#2373 = CARTESIAN_POINT('',(37.5,-1.102182119233E-15,-6.));
#2374 = DIRECTION('',(1.,0.,0.));
#2375 = DIRECTION('',(-0.,0.,1.));
#2376 = ADVANCED_FACE('',(#2377,#2380),#2383,.F.);
#2377 = FACE_BOUND('',#2378,.F.);
#2378 = EDGE_LOOP('',(#2379));
#2379 = ORIENTED_EDGE('',*,*,#2176,.T.);
#2380 = FACE_BOUND('',#2381,.F.);
#2381 = EDGE_LOOP('',(#2382));
#2382 = ORIENTED_EDGE('',*,*,#2343,.F.);
#2383 = PLANE('',#2384);
#2384 = AXIS2_PLACEMENT_3D('',#2385,#2386,#2387);
#2385 = CARTESIAN_POINT('',(37.5,-6.,7.347880794884E-16));
#2386 = DIRECTION('',(1.,0.,0.));
#2387 = DIRECTION('',(-0.,0.,1.));
#2388 = ADVANCED_FACE('',(#2389,#2392),#2395,.F.);
#2389 = FACE_BOUND('',#2390,.F.);
#2390 = EDGE_LOOP('',(#2391));
#2391 = ORIENTED_EDGE('',*,*,#2201,.T.);
#2392 = FACE_BOUND('',#2393,.F.);
#2393 = EDGE_LOOP('',(#2394));
#2394 = ORIENTED_EDGE('',*,*,#2243,.F.);
#2395 = PLANE('',#2396);
#2396 = AXIS2_PLACEMENT_3D('',#2397,#2398,#2399);
#2397 = CARTESIAN_POINT('',(37.5,6.,0.));
#2398 = DIRECTION('',(1.,0.,0.));
#2399 = DIRECTION('',(-0.,0.,1.));
#2400 = ADVANCED_FACE('',(#2401,#2404),#2407,.F.);
#2401 = FACE_BOUND('',#2402,.F.);
#2402 = EDGE_LOOP('',(#2403));
#2403 = ORIENTED_EDGE('',*,*,#2226,.T.);
#2404 = FACE_BOUND('',#2405,.F.);
#2405 = EDGE_LOOP('',(#2406));
#2406 = ORIENTED_EDGE('',*,*,#2318,.F.);
#2407 = PLANE('',#2408);
#2408 = AXIS2_PLACEMENT_3D('',#2409,#2410,#2411);
#2409 = CARTESIAN_POINT('',(37.5,3.673940397442E-16,6.));
#2410 = DIRECTION('',(1.,0.,0.));
#2411 = DIRECTION('',(-0.,0.,1.));
#2412 = ADVANCED_FACE('',(#2413),#2416,.T.);
#2413 = FACE_BOUND('',#2414,.F.);
#2414 = EDGE_LOOP('',(#2415));
#2415 = ORIENTED_EDGE('',*,*,#2302,.F.);
#2416 = PLANE('',#2417);
#2417 = AXIS2_PLACEMENT_3D('',#2418,#2419,#2420);
#2418 = CARTESIAN_POINT('',(38.5,0.,0.));
#2419 = DIRECTION('',(1.,0.,0.));
#2420 = DIRECTION('',(-0.,0.,1.));
#2421 = ADVANCED_FACE('',(#2422),#2578,.T.);
#2422 = FACE_BOUND('',#2423,.T.);
#2423 = EDGE_LOOP('',(#2424,#2425,#2426,#2427,#2428,#2429,#2430,#2431,
    #2432,#2433,#2434,#2435,#2436,#2437,#2438,#2439,#2440,#2441,#2442,
    #2443,#2444,#2452,#2460,#2468,#2476,#2484,#2492,#2500,#2508,#2516,
    #2524,#2532,#2540,#2548,#2556,#2564,#2572));
#2424 = ORIENTED_EDGE('',*,*,#47,.F.);
#2425 = ORIENTED_EDGE('',*,*,#78,.F.);
#2426 = ORIENTED_EDGE('',*,*,#109,.F.);
#2427 = ORIENTED_EDGE('',*,*,#140,.F.);
#2428 = ORIENTED_EDGE('',*,*,#171,.F.);
#2429 = ORIENTED_EDGE('',*,*,#202,.F.);
#2430 = ORIENTED_EDGE('',*,*,#233,.F.);
#2431 = ORIENTED_EDGE('',*,*,#264,.F.);
#2432 = ORIENTED_EDGE('',*,*,#295,.F.);
#2433 = ORIENTED_EDGE('',*,*,#326,.F.);
#2434 = ORIENTED_EDGE('',*,*,#357,.F.);
#2435 = ORIENTED_EDGE('',*,*,#388,.F.);
#2436 = ORIENTED_EDGE('',*,*,#419,.F.);
#2437 = ORIENTED_EDGE('',*,*,#450,.F.);
#2438 = ORIENTED_EDGE('',*,*,#481,.F.);
#2439 = ORIENTED_EDGE('',*,*,#512,.F.);
#2440 = ORIENTED_EDGE('',*,*,#526,.F.);
#2441 = ORIENTED_EDGE('',*,*,#557,.T.);
#2442 = ORIENTED_EDGE('',*,*,#817,.T.);
#2443 = ORIENTED_EDGE('',*,*,#914,.T.);
#2444 = ORIENTED_EDGE('',*,*,#2445,.F.);
#2445 = EDGE_CURVE('',#2446,#906,#2448,.T.);
#2446 = VERTEX_POINT('',#2447);
#2447 = CARTESIAN_POINT('',(38.,-13.5,-9.5));
#2448 = LINE('',#2449,#2450);
#2449 = CARTESIAN_POINT('',(38.,-13.5,-9.5));
#2450 = VECTOR('',#2451,1.);
#2451 = DIRECTION('',(-2.22044604925E-16,1.,0.));
#2452 = ORIENTED_EDGE('',*,*,#2453,.F.);
#2453 = EDGE_CURVE('',#2454,#2446,#2456,.T.);
#2454 = VERTEX_POINT('',#2455);
#2455 = CARTESIAN_POINT('',(37.961477813378,-14.28413712263,-9.5));
#2456 = LINE('',#2457,#2458);
#2457 = CARTESIAN_POINT('',(37.961477813378,-14.28413712263,-9.5));
#2458 = VECTOR('',#2459,1.);
#2459 = DIRECTION('',(4.906767432742E-02,0.998795456205,0.));
#2460 = ORIENTED_EDGE('',*,*,#2461,.F.);
#2461 = EDGE_CURVE('',#2462,#2454,#2464,.T.);
#2462 = VERTEX_POINT('',#2463);
#2463 = CARTESIAN_POINT('',(37.846282243226,-15.06072257612,-9.5));
#2464 = LINE('',#2465,#2466);
#2465 = CARTESIAN_POINT('',(37.846282243226,-15.06072257612,-9.5));
#2466 = VECTOR('',#2467,1.);
#2467 = DIRECTION('',(0.146730474455,0.989176509965,0.));
#2468 = ORIENTED_EDGE('',*,*,#2469,.F.);
#2469 = EDGE_CURVE('',#2470,#2462,#2472,.T.);
#2470 = VERTEX_POINT('',#2471);
#2471 = CARTESIAN_POINT('',(37.655522685858,-15.82227741803,-9.5));
#2472 = LINE('',#2473,#2474);
#2473 = CARTESIAN_POINT('',(37.655522685858,-15.82227741803,-9.5));
#2474 = VECTOR('',#2475,1.);
#2475 = DIRECTION('',(0.242980179903,0.970031253195,0.));
#2476 = ORIENTED_EDGE('',*,*,#2477,.F.);
#2477 = EDGE_CURVE('',#2478,#2470,#2480,.T.);
#2478 = VERTEX_POINT('',#2479);
#2479 = CARTESIAN_POINT('',(37.39103626009,-16.56146745892,-9.5));
#2480 = LINE('',#2481,#2482);
#2481 = CARTESIAN_POINT('',(37.39103626009,-16.56146745892,-9.5));
#2482 = VECTOR('',#2483,1.);
#2483 = DIRECTION('',(0.336889853392,0.941544065183,0.));
#2484 = ORIENTED_EDGE('',*,*,#2485,.F.);
#2485 = EDGE_CURVE('',#2486,#2478,#2488,.T.);
#2486 = VERTEX_POINT('',#2487);
#2487 = CARTESIAN_POINT('',(37.055370114787,-17.2711738946,-9.5));
#2488 = LINE('',#2489,#2490);
#2489 = CARTESIAN_POINT('',(37.055370114787,-17.2711738946,-9.5));
#2490 = VECTOR('',#2491,1.);
#2491 = DIRECTION('',(0.42755509343,0.903989293123,0.));
#2492 = ORIENTED_EDGE('',*,*,#2493,.F.);
#2493 = EDGE_CURVE('',#2494,#2486,#2496,.T.);
#2494 = VERTEX_POINT('',#2495);
#2495 = CARTESIAN_POINT('',(36.65175689842,-17.94456186415,-9.5));
#2496 = LINE('',#2497,#2498);
#2497 = CARTESIAN_POINT('',(36.65175689842,-17.94456186415,-9.5));
#2498 = VECTOR('',#2499,1.);
#2499 = DIRECTION('',(0.514102744193,0.85772861,0.));
#2500 = ORIENTED_EDGE('',*,*,#2501,.F.);
#2501 = EDGE_CURVE('',#2502,#2494,#2504,.T.);
#2502 = VERTEX_POINT('',#2503);
#2503 = CARTESIAN_POINT('',(36.184083626902,-18.5751462733,-9.5));
#2504 = LINE('',#2505,#2506);
#2505 = CARTESIAN_POINT('',(36.184083626902,-18.5751462733,-9.5));
#2506 = VECTOR('',#2507,1.);
#2507 = DIRECTION('',(0.595699304492,0.803207531481,0.));
#2508 = ORIENTED_EDGE('',*,*,#2509,.F.);
#2509 = EDGE_CURVE('',#2510,#2502,#2512,.T.);
#2510 = VERTEX_POINT('',#2511);
#2511 = CARTESIAN_POINT('',(35.656854249492,-19.15685424949,-9.5));
#2512 = LINE('',#2513,#2514);
#2513 = CARTESIAN_POINT('',(35.656854249492,-19.15685424949,-9.5));
#2514 = VECTOR('',#2515,1.);
#2515 = DIRECTION('',(0.671558954847,0.740951125355,0.));
#2516 = ORIENTED_EDGE('',*,*,#2517,.F.);
#2517 = EDGE_CURVE('',#2518,#2510,#2520,.T.);
#2518 = VERTEX_POINT('',#2519);
#2519 = CARTESIAN_POINT('',(35.075146273309,-19.6840836269,-9.5));
#2520 = LINE('',#2521,#2522);
#2521 = CARTESIAN_POINT('',(35.075146273309,-19.6840836269,-9.5));
#2522 = VECTOR('',#2523,1.);
#2523 = DIRECTION('',(0.740951125355,0.671558954847,0.));
#2524 = ORIENTED_EDGE('',*,*,#2525,.F.);
#2525 = EDGE_CURVE('',#2526,#2518,#2528,.T.);
#2526 = VERTEX_POINT('',#2527);
#2527 = CARTESIAN_POINT('',(34.444561864157,-20.15175689842,-9.5));
#2528 = LINE('',#2529,#2530);
#2529 = CARTESIAN_POINT('',(34.444561864157,-20.15175689842,-9.5));
#2530 = VECTOR('',#2531,1.);
#2531 = DIRECTION('',(0.803207531481,0.595699304492,0.));
#2532 = ORIENTED_EDGE('',*,*,#2533,.F.);
#2533 = EDGE_CURVE('',#2534,#2526,#2536,.T.);
#2534 = VERTEX_POINT('',#2535);
#2535 = CARTESIAN_POINT('',(34.,-20.41821702539,-9.5));
#2536 = LINE('',#2537,#2538);
#2537 = CARTESIAN_POINT('',(33.771173894608,-20.55537011478,-9.5));
#2538 = VECTOR('',#2539,1.);
#2539 = DIRECTION('',(0.85772861,0.514102744193,0.));
#2540 = ORIENTED_EDGE('',*,*,#2541,.F.);
#2541 = EDGE_CURVE('',#2542,#2534,#2544,.T.);
#2542 = VERTEX_POINT('',#2543);
#2543 = CARTESIAN_POINT('',(34.,-21.5,-9.5));
#2544 = LINE('',#2545,#2546);
#2545 = CARTESIAN_POINT('',(34.,-21.5,-9.5));
#2546 = VECTOR('',#2547,1.);
#2547 = DIRECTION('',(4.440892098501E-16,1.,-6.661338147751E-16));
#2548 = ORIENTED_EDGE('',*,*,#2549,.T.);
#2549 = EDGE_CURVE('',#2542,#2550,#2552,.T.);
#2550 = VERTEX_POINT('',#2551);
#2551 = CARTESIAN_POINT('',(17.5,-21.5,-9.5));
#2552 = LINE('',#2553,#2554);
#2553 = CARTESIAN_POINT('',(34.,-21.5,-9.5));
#2554 = VECTOR('',#2555,1.);
#2555 = DIRECTION('',(-1.,6.661338147751E-16,-4.440892098501E-16));
#2556 = ORIENTED_EDGE('',*,*,#2557,.T.);
#2557 = EDGE_CURVE('',#2550,#2558,#2560,.T.);
#2558 = VERTEX_POINT('',#2559);
#2559 = CARTESIAN_POINT('',(17.5,-19.01,-9.5));
#2560 = LINE('',#2561,#2562);
#2561 = CARTESIAN_POINT('',(17.5,-21.5,-9.5));
#2562 = VECTOR('',#2563,1.);
#2563 = DIRECTION('',(4.440892098501E-16,1.,-6.661338147751E-16));
#2564 = ORIENTED_EDGE('',*,*,#2565,.T.);
#2565 = EDGE_CURVE('',#2558,#2566,#2568,.T.);
#2566 = VERTEX_POINT('',#2567);
#2567 = CARTESIAN_POINT('',(17.5,-19.,-9.5));
#2568 = LINE('',#2569,#2570);
#2569 = CARTESIAN_POINT('',(17.5,-21.5,-9.5));
#2570 = VECTOR('',#2571,1.);
#2571 = DIRECTION('',(4.440892098501E-16,1.,-6.661338147751E-16));
#2572 = ORIENTED_EDGE('',*,*,#2573,.F.);
#2573 = EDGE_CURVE('',#40,#2566,#2574,.T.);
#2574 = LINE('',#2575,#2576);
#2575 = CARTESIAN_POINT('',(34.,-19.,-9.5));
#2576 = VECTOR('',#2577,1.);
#2577 = DIRECTION('',(-1.,6.661338147751E-16,-4.440892098501E-16));
#2578 = PLANE('',#2579);
#2579 = AXIS2_PLACEMENT_3D('',#2580,#2581,#2582);
#2580 = CARTESIAN_POINT('',(31.056765500673,-14.02914347827,-9.5));
#2581 = DIRECTION('',(-0.,-3.757572717288E-16,-1.));
#2582 = DIRECTION('',(0.,-1.,3.757572717288E-16));
#2583 = ADVANCED_FACE('',(#2584),#2852,.T.);
#2584 = FACE_BOUND('',#2585,.T.);
#2585 = EDGE_LOOP('',(#2586,#2596,#2603,#2604,#2613,#2622,#2629,#2630,
    #2639,#2648,#2657,#2666,#2675,#2684,#2693,#2702,#2711,#2720,#2729,
    #2738,#2747,#2756,#2765,#2774,#2783,#2792,#2801,#2810,#2819,#2828,
    #2837,#2846));
#2586 = ORIENTED_EDGE('',*,*,#2587,.T.);
#2587 = EDGE_CURVE('',#2588,#2590,#2592,.T.);
#2588 = VERTEX_POINT('',#2589);
#2589 = CARTESIAN_POINT('',(17.5,-19.,9.5));
#2590 = VERTEX_POINT('',#2591);
#2591 = CARTESIAN_POINT('',(17.5,-18.5,9.5));
#2592 = LINE('',#2593,#2594);
#2593 = CARTESIAN_POINT('',(17.5,-19.01,9.5));
#2594 = VECTOR('',#2595,1.);
#2595 = DIRECTION('',(0.,1.,0.));
#2596 = ORIENTED_EDGE('',*,*,#2597,.F.);
#2597 = EDGE_CURVE('',#2590,#2590,#2598,.T.);
#2598 = CIRCLE('',#2599,9.5);
#2599 = AXIS2_PLACEMENT_3D('',#2600,#2601,#2602);
#2600 = CARTESIAN_POINT('',(17.5,-18.5,0.));
#2601 = DIRECTION('',(0.,1.,0.));
#2602 = DIRECTION('',(0.,-0.,1.));
#2603 = ORIENTED_EDGE('',*,*,#2587,.F.);
#2604 = ORIENTED_EDGE('',*,*,#2605,.T.);
#2605 = EDGE_CURVE('',#2588,#2606,#2608,.T.);
#2606 = VERTEX_POINT('',#2607);
#2607 = CARTESIAN_POINT('',(25.577747210702,-19.,5.));
#2608 = CIRCLE('',#2609,9.5);
#2609 = AXIS2_PLACEMENT_3D('',#2610,#2611,#2612);
#2610 = CARTESIAN_POINT('',(17.5,-19.,0.));
#2611 = DIRECTION('',(0.,1.,0.));
#2612 = DIRECTION('',(0.,-0.,1.));
#2613 = ORIENTED_EDGE('',*,*,#2614,.T.);
#2614 = EDGE_CURVE('',#2606,#2615,#2617,.T.);
#2615 = VERTEX_POINT('',#2616);
#2616 = CARTESIAN_POINT('',(25.577747210702,-19.,-5.));
#2617 = CIRCLE('',#2618,9.5);
#2618 = AXIS2_PLACEMENT_3D('',#2619,#2620,#2621);
#2619 = CARTESIAN_POINT('',(17.5,-19.,0.));
#2620 = DIRECTION('',(0.,1.,0.));
#2621 = DIRECTION('',(0.,-0.,1.));
#2622 = ORIENTED_EDGE('',*,*,#2623,.T.);
#2623 = EDGE_CURVE('',#2615,#2566,#2624,.T.);
#2624 = CIRCLE('',#2625,9.5);
#2625 = AXIS2_PLACEMENT_3D('',#2626,#2627,#2628);
#2626 = CARTESIAN_POINT('',(17.5,-19.,0.));
#2627 = DIRECTION('',(0.,1.,0.));
#2628 = DIRECTION('',(0.,-0.,1.));
#2629 = ORIENTED_EDGE('',*,*,#2565,.F.);
#2630 = ORIENTED_EDGE('',*,*,#2631,.T.);
#2631 = EDGE_CURVE('',#2558,#2632,#2634,.T.);
#2632 = VERTEX_POINT('',#2633);
#2633 = CARTESIAN_POINT('',(16.260001173909,-19.01,-9.418726183051));
#2634 = CIRCLE('',#2635,9.5);
#2635 = AXIS2_PLACEMENT_3D('',#2636,#2637,#2638);
#2636 = CARTESIAN_POINT('',(17.5,-19.01,0.));
#2637 = DIRECTION('',(0.,1.,0.));
#2638 = DIRECTION('',(0.,-0.,1.));
#2639 = ORIENTED_EDGE('',*,*,#2640,.T.);
#2640 = EDGE_CURVE('',#2632,#2641,#2643,.T.);
#2641 = VERTEX_POINT('',#2642);
#2642 = CARTESIAN_POINT('',(15.041219071526,-19.01,-9.176295349746));
#2643 = CIRCLE('',#2644,9.5);
#2644 = AXIS2_PLACEMENT_3D('',#2645,#2646,#2647);
#2645 = CARTESIAN_POINT('',(17.5,-19.01,0.));
#2646 = DIRECTION('',(0.,1.,0.));
#2647 = DIRECTION('',(0.,-0.,1.));
#2648 = ORIENTED_EDGE('',*,*,#2649,.T.);
#2649 = EDGE_CURVE('',#2641,#2650,#2652,.T.);
#2650 = VERTEX_POINT('',#2651);
#2651 = CARTESIAN_POINT('',(13.864507392532,-19.01,-8.776855558857));
#2652 = CIRCLE('',#2653,9.5);
#2653 = AXIS2_PLACEMENT_3D('',#2654,#2655,#2656);
#2654 = CARTESIAN_POINT('',(17.5,-19.01,0.));
#2655 = DIRECTION('',(0.,1.,0.));
#2656 = DIRECTION('',(0.,-0.,1.));
#2657 = ORIENTED_EDGE('',*,*,#2658,.T.);
#2658 = EDGE_CURVE('',#2650,#2659,#2661,.T.);
#2659 = VERTEX_POINT('',#2660);
#2660 = CARTESIAN_POINT('',(12.75,-19.01,-8.227241335952));
#2661 = CIRCLE('',#2662,9.5);
#2662 = AXIS2_PLACEMENT_3D('',#2663,#2664,#2665);
#2663 = CARTESIAN_POINT('',(17.5,-19.01,0.));
#2664 = DIRECTION('',(0.,1.,0.));
#2665 = DIRECTION('',(0.,-0.,1.));
#2666 = ORIENTED_EDGE('',*,*,#2667,.T.);
#2667 = EDGE_CURVE('',#2659,#2668,#2670,.T.);
#2668 = VERTEX_POINT('',#2669);
#2669 = CARTESIAN_POINT('',(11.716766424417,-19.01,-7.536856732767));
#2670 = CIRCLE('',#2671,9.5);
#2671 = AXIS2_PLACEMENT_3D('',#2672,#2673,#2674);
#2672 = CARTESIAN_POINT('',(17.5,-19.01,0.));
#2673 = DIRECTION('',(0.,1.,0.));
#2674 = DIRECTION('',(0.,-0.,1.));
#2675 = ORIENTED_EDGE('',*,*,#2676,.T.);
#2676 = EDGE_CURVE('',#2668,#2677,#2679,.T.);
#2677 = VERTEX_POINT('',#2678);
#2678 = CARTESIAN_POINT('',(10.782485578728,-19.01,-6.717514421272));
#2679 = CIRCLE('',#2680,9.5);
#2680 = AXIS2_PLACEMENT_3D('',#2681,#2682,#2683);
#2681 = CARTESIAN_POINT('',(17.5,-19.01,0.));
#2682 = DIRECTION('',(0.,1.,0.));
#2683 = DIRECTION('',(0.,-0.,1.));
#2684 = ORIENTED_EDGE('',*,*,#2685,.T.);
#2685 = EDGE_CURVE('',#2677,#2686,#2688,.T.);
#2686 = VERTEX_POINT('',#2687);
#2687 = CARTESIAN_POINT('',(9.963143267233,-19.01,-5.783233575583));
#2688 = CIRCLE('',#2689,9.5);
#2689 = AXIS2_PLACEMENT_3D('',#2690,#2691,#2692);
#2690 = CARTESIAN_POINT('',(17.5,-19.01,0.));
#2691 = DIRECTION('',(0.,1.,0.));
#2692 = DIRECTION('',(0.,-0.,1.));
#2693 = ORIENTED_EDGE('',*,*,#2694,.T.);
#2694 = EDGE_CURVE('',#2686,#2695,#2697,.T.);
#2695 = VERTEX_POINT('',#2696);
#2696 = CARTESIAN_POINT('',(9.272758664048,-19.01,-4.75));
#2697 = CIRCLE('',#2698,9.5);
#2698 = AXIS2_PLACEMENT_3D('',#2699,#2700,#2701);
#2699 = CARTESIAN_POINT('',(17.5,-19.01,0.));
#2700 = DIRECTION('',(0.,1.,0.));
#2701 = DIRECTION('',(0.,-0.,1.));
#2702 = ORIENTED_EDGE('',*,*,#2703,.T.);
#2703 = EDGE_CURVE('',#2695,#2704,#2706,.T.);
#2704 = VERTEX_POINT('',#2705);
#2705 = CARTESIAN_POINT('',(8.723144441143,-19.01,-3.635492607468));
#2706 = CIRCLE('',#2707,9.5);
#2707 = AXIS2_PLACEMENT_3D('',#2708,#2709,#2710);
#2708 = CARTESIAN_POINT('',(17.5,-19.01,0.));
#2709 = DIRECTION('',(0.,1.,0.));
#2710 = DIRECTION('',(0.,-0.,1.));
#2711 = ORIENTED_EDGE('',*,*,#2712,.T.);
#2712 = EDGE_CURVE('',#2704,#2713,#2715,.T.);
#2713 = VERTEX_POINT('',#2714);
#2714 = CARTESIAN_POINT('',(8.323704650254,-19.01,-2.458780928474));
#2715 = CIRCLE('',#2716,9.5);
#2716 = AXIS2_PLACEMENT_3D('',#2717,#2718,#2719);
#2717 = CARTESIAN_POINT('',(17.5,-19.01,0.));
#2718 = DIRECTION('',(0.,1.,0.));
#2719 = DIRECTION('',(0.,-0.,1.));
#2720 = ORIENTED_EDGE('',*,*,#2721,.T.);
#2721 = EDGE_CURVE('',#2713,#2722,#2724,.T.);
#2722 = VERTEX_POINT('',#2723);
#2723 = CARTESIAN_POINT('',(8.081273816949,-19.01,-1.23999882609));
#2724 = CIRCLE('',#2725,9.5);
#2725 = AXIS2_PLACEMENT_3D('',#2726,#2727,#2728);
#2726 = CARTESIAN_POINT('',(17.5,-19.01,0.));
#2727 = DIRECTION('',(0.,1.,0.));
#2728 = DIRECTION('',(0.,-0.,1.));
#2729 = ORIENTED_EDGE('',*,*,#2730,.T.);
#2730 = EDGE_CURVE('',#2722,#2731,#2733,.T.);
#2731 = VERTEX_POINT('',#2732);
#2732 = CARTESIAN_POINT('',(8.,-19.01,-1.228538251477E-13));
#2733 = CIRCLE('',#2734,9.5);
#2734 = AXIS2_PLACEMENT_3D('',#2735,#2736,#2737);
#2735 = CARTESIAN_POINT('',(17.5,-19.01,0.));
#2736 = DIRECTION('',(0.,1.,0.));
#2737 = DIRECTION('',(0.,-0.,1.));
#2738 = ORIENTED_EDGE('',*,*,#2739,.T.);
#2739 = EDGE_CURVE('',#2731,#2740,#2742,.T.);
#2740 = VERTEX_POINT('',#2741);
#2741 = CARTESIAN_POINT('',(8.081273816949,-19.01,1.23999882609));
#2742 = CIRCLE('',#2743,9.5);
#2743 = AXIS2_PLACEMENT_3D('',#2744,#2745,#2746);
#2744 = CARTESIAN_POINT('',(17.5,-19.01,0.));
#2745 = DIRECTION('',(0.,1.,0.));
#2746 = DIRECTION('',(0.,-0.,1.));
#2747 = ORIENTED_EDGE('',*,*,#2748,.T.);
#2748 = EDGE_CURVE('',#2740,#2749,#2751,.T.);
#2749 = VERTEX_POINT('',#2750);
#2750 = CARTESIAN_POINT('',(8.323704650254,-19.01,2.458780928474));
#2751 = CIRCLE('',#2752,9.5);
#2752 = AXIS2_PLACEMENT_3D('',#2753,#2754,#2755);
#2753 = CARTESIAN_POINT('',(17.5,-19.01,0.));
#2754 = DIRECTION('',(0.,1.,0.));
#2755 = DIRECTION('',(0.,-0.,1.));
#2756 = ORIENTED_EDGE('',*,*,#2757,.T.);
#2757 = EDGE_CURVE('',#2749,#2758,#2760,.T.);
#2758 = VERTEX_POINT('',#2759);
#2759 = CARTESIAN_POINT('',(8.723144441143,-19.01,3.635492607468));
#2760 = CIRCLE('',#2761,9.5);
#2761 = AXIS2_PLACEMENT_3D('',#2762,#2763,#2764);
#2762 = CARTESIAN_POINT('',(17.5,-19.01,0.));
#2763 = DIRECTION('',(0.,1.,0.));
#2764 = DIRECTION('',(0.,-0.,1.));
#2765 = ORIENTED_EDGE('',*,*,#2766,.T.);
#2766 = EDGE_CURVE('',#2758,#2767,#2769,.T.);
#2767 = VERTEX_POINT('',#2768);
#2768 = CARTESIAN_POINT('',(9.272758664048,-19.01,4.75));
#2769 = CIRCLE('',#2770,9.5);
#2770 = AXIS2_PLACEMENT_3D('',#2771,#2772,#2773);
#2771 = CARTESIAN_POINT('',(17.5,-19.01,0.));
#2772 = DIRECTION('',(0.,1.,0.));
#2773 = DIRECTION('',(0.,-0.,1.));
#2774 = ORIENTED_EDGE('',*,*,#2775,.T.);
#2775 = EDGE_CURVE('',#2767,#2776,#2778,.T.);
#2776 = VERTEX_POINT('',#2777);
#2777 = CARTESIAN_POINT('',(9.963143267233,-19.01,5.783233575583));
#2778 = CIRCLE('',#2779,9.5);
#2779 = AXIS2_PLACEMENT_3D('',#2780,#2781,#2782);
#2780 = CARTESIAN_POINT('',(17.5,-19.01,0.));
#2781 = DIRECTION('',(0.,1.,0.));
#2782 = DIRECTION('',(0.,-0.,1.));
#2783 = ORIENTED_EDGE('',*,*,#2784,.T.);
#2784 = EDGE_CURVE('',#2776,#2785,#2787,.T.);
#2785 = VERTEX_POINT('',#2786);
#2786 = CARTESIAN_POINT('',(10.782485578728,-19.01,6.717514421272));
#2787 = CIRCLE('',#2788,9.5);
#2788 = AXIS2_PLACEMENT_3D('',#2789,#2790,#2791);
#2789 = CARTESIAN_POINT('',(17.5,-19.01,0.));
#2790 = DIRECTION('',(0.,1.,0.));
#2791 = DIRECTION('',(0.,-0.,1.));
#2792 = ORIENTED_EDGE('',*,*,#2793,.T.);
#2793 = EDGE_CURVE('',#2785,#2794,#2796,.T.);
#2794 = VERTEX_POINT('',#2795);
#2795 = CARTESIAN_POINT('',(11.716766424417,-19.01,7.536856732767));
#2796 = CIRCLE('',#2797,9.5);
#2797 = AXIS2_PLACEMENT_3D('',#2798,#2799,#2800);
#2798 = CARTESIAN_POINT('',(17.5,-19.01,0.));
#2799 = DIRECTION('',(0.,1.,0.));
#2800 = DIRECTION('',(0.,-0.,1.));
#2801 = ORIENTED_EDGE('',*,*,#2802,.T.);
#2802 = EDGE_CURVE('',#2794,#2803,#2805,.T.);
#2803 = VERTEX_POINT('',#2804);
#2804 = CARTESIAN_POINT('',(12.75,-19.01,8.227241335952));
#2805 = CIRCLE('',#2806,9.5);
#2806 = AXIS2_PLACEMENT_3D('',#2807,#2808,#2809);
#2807 = CARTESIAN_POINT('',(17.5,-19.01,0.));
#2808 = DIRECTION('',(0.,1.,0.));
#2809 = DIRECTION('',(0.,-0.,1.));
#2810 = ORIENTED_EDGE('',*,*,#2811,.T.);
#2811 = EDGE_CURVE('',#2803,#2812,#2814,.T.);
#2812 = VERTEX_POINT('',#2813);
#2813 = CARTESIAN_POINT('',(13.864507392532,-19.01,8.776855558857));
#2814 = CIRCLE('',#2815,9.5);
#2815 = AXIS2_PLACEMENT_3D('',#2816,#2817,#2818);
#2816 = CARTESIAN_POINT('',(17.5,-19.01,0.));
#2817 = DIRECTION('',(0.,1.,0.));
#2818 = DIRECTION('',(0.,-0.,1.));
#2819 = ORIENTED_EDGE('',*,*,#2820,.T.);
#2820 = EDGE_CURVE('',#2812,#2821,#2823,.T.);
#2821 = VERTEX_POINT('',#2822);
#2822 = CARTESIAN_POINT('',(15.041219071526,-19.01,9.176295349746));
#2823 = CIRCLE('',#2824,9.5);
#2824 = AXIS2_PLACEMENT_3D('',#2825,#2826,#2827);
#2825 = CARTESIAN_POINT('',(17.5,-19.01,0.));
#2826 = DIRECTION('',(0.,1.,0.));
#2827 = DIRECTION('',(0.,-0.,1.));
#2828 = ORIENTED_EDGE('',*,*,#2829,.T.);
#2829 = EDGE_CURVE('',#2821,#2830,#2832,.T.);
#2830 = VERTEX_POINT('',#2831);
#2831 = CARTESIAN_POINT('',(16.260001173909,-19.01,9.418726183051));
#2832 = CIRCLE('',#2833,9.5);
#2833 = AXIS2_PLACEMENT_3D('',#2834,#2835,#2836);
#2834 = CARTESIAN_POINT('',(17.5,-19.01,0.));
#2835 = DIRECTION('',(0.,1.,0.));
#2836 = DIRECTION('',(0.,-0.,1.));
#2837 = ORIENTED_EDGE('',*,*,#2838,.T.);
#2838 = EDGE_CURVE('',#2830,#2839,#2841,.T.);
#2839 = VERTEX_POINT('',#2840);
#2840 = CARTESIAN_POINT('',(17.5,-19.01,9.5));
#2841 = CIRCLE('',#2842,9.5);
#2842 = AXIS2_PLACEMENT_3D('',#2843,#2844,#2845);
#2843 = CARTESIAN_POINT('',(17.5,-19.01,0.));
#2844 = DIRECTION('',(0.,1.,0.));
#2845 = DIRECTION('',(0.,-0.,1.));
#2846 = ORIENTED_EDGE('',*,*,#2847,.T.);
#2847 = EDGE_CURVE('',#2839,#2588,#2848,.T.);
#2848 = LINE('',#2849,#2850);
#2849 = CARTESIAN_POINT('',(17.5,-21.5,9.5));
#2850 = VECTOR('',#2851,1.);
#2851 = DIRECTION('',(4.440892098501E-16,1.,-6.661338147751E-16));
#2852 = CYLINDRICAL_SURFACE('',#2853,9.5);
#2853 = AXIS2_PLACEMENT_3D('',#2854,#2855,#2856);
#2854 = CARTESIAN_POINT('',(17.5,-19.01,0.));
#2855 = DIRECTION('',(0.,1.,0.));
#2856 = DIRECTION('',(0.,-0.,1.));
#2857 = ADVANCED_FACE('',(#2858),#2867,.F.);
#2858 = FACE_BOUND('',#2859,.F.);
#2859 = EDGE_LOOP('',(#2860,#2861));
#2860 = ORIENTED_EDGE('',*,*,#2838,.T.);
#2861 = ORIENTED_EDGE('',*,*,#2862,.F.);
#2862 = EDGE_CURVE('',#2830,#2839,#2863,.T.);
#2863 = LINE('',#2864,#2865);
#2864 = CARTESIAN_POINT('',(16.570000880432,-19.01,9.439044637288));
#2865 = VECTOR('',#2866,1.);
#2866 = DIRECTION('',(0.997858923239,-0.,6.540312923014E-02));
#2867 = PLANE('',#2868);
#2868 = AXIS2_PLACEMENT_3D('',#2869,#2870,#2871);
#2869 = CARTESIAN_POINT('',(17.5,-19.01,0.));
#2870 = DIRECTION('',(0.,1.,0.));
#2871 = DIRECTION('',(0.,-0.,1.));
#2872 = ADVANCED_FACE('',(#2873),#2898,.F.);
#2873 = FACE_BOUND('',#2874,.F.);
#2874 = EDGE_LOOP('',(#2875,#2885,#2891,#2892));
#2875 = ORIENTED_EDGE('',*,*,#2876,.F.);
#2876 = EDGE_CURVE('',#2877,#2879,#2881,.T.);
#2877 = VERTEX_POINT('',#2878);
#2878 = CARTESIAN_POINT('',(16.26000117391,-21.5,9.418726183051));
#2879 = VERTEX_POINT('',#2880);
#2880 = CARTESIAN_POINT('',(17.5,-21.5,9.5));
#2881 = LINE('',#2882,#2883);
#2882 = CARTESIAN_POINT('',(16.26000117391,-21.5,9.418726183051));
#2883 = VECTOR('',#2884,1.);
#2884 = DIRECTION('',(0.997858923239,-6.356627471628E-16,
    6.540312923014E-02));
#2885 = ORIENTED_EDGE('',*,*,#2886,.T.);
#2886 = EDGE_CURVE('',#2877,#2830,#2887,.T.);
#2887 = LINE('',#2888,#2889);
#2888 = CARTESIAN_POINT('',(16.26000117391,-21.5,9.418726183051));
#2889 = VECTOR('',#2890,1.);
#2890 = DIRECTION('',(4.440892098501E-16,1.,-6.661338147751E-16));
#2891 = ORIENTED_EDGE('',*,*,#2862,.T.);
#2892 = ORIENTED_EDGE('',*,*,#2893,.F.);
#2893 = EDGE_CURVE('',#2879,#2839,#2894,.T.);
#2894 = LINE('',#2895,#2896);
#2895 = CARTESIAN_POINT('',(17.5,-21.5,9.5));
#2896 = VECTOR('',#2897,1.);
#2897 = DIRECTION('',(4.440892098501E-16,1.,-6.661338147751E-16));
#2898 = PLANE('',#2899);
#2899 = AXIS2_PLACEMENT_3D('',#2900,#2901,#2902);
#2900 = CARTESIAN_POINT('',(16.26000117391,-21.5,9.418726183051));
#2901 = DIRECTION('',(6.540312923014E-02,-4.867056167352E-16,
    -0.997858923239));
#2902 = DIRECTION('',(0.997858923239,-6.356627471628E-16,
    6.540312923014E-02));
#2903 = ADVANCED_FACE('',(#2904),#2927,.F.);
#2904 = FACE_BOUND('',#2905,.F.);
#2905 = EDGE_LOOP('',(#2906,#2914,#2920,#2926));
#2906 = ORIENTED_EDGE('',*,*,#2907,.F.);
#2907 = EDGE_CURVE('',#2908,#2877,#2910,.T.);
#2908 = VERTEX_POINT('',#2909);
#2909 = CARTESIAN_POINT('',(15.041219071526,-21.5,9.176295349746));
#2910 = LINE('',#2911,#2912);
#2911 = CARTESIAN_POINT('',(15.041219071526,-21.5,9.176295349746));
#2912 = VECTOR('',#2913,1.);
#2913 = DIRECTION('',(0.980785280403,-5.666967333567E-16,0.195090322016)
  );
#2914 = ORIENTED_EDGE('',*,*,#2915,.T.);
#2915 = EDGE_CURVE('',#2908,#2821,#2916,.T.);
#2916 = LINE('',#2917,#2918);
#2917 = CARTESIAN_POINT('',(15.041219071526,-21.5,9.176295349746));
#2918 = VECTOR('',#2919,1.);
#2919 = DIRECTION('',(4.440892098501E-16,1.,-6.661338147751E-16));
#2920 = ORIENTED_EDGE('',*,*,#2921,.T.);
#2921 = EDGE_CURVE('',#2821,#2830,#2922,.T.);
#2922 = LINE('',#2923,#2924);
#2923 = CARTESIAN_POINT('',(15.345914597122,-19.01,9.236903058072));
#2924 = VECTOR('',#2925,1.);
#2925 = DIRECTION('',(0.980785280403,-0.,0.195090322016));
#2926 = ORIENTED_EDGE('',*,*,#2886,.F.);
#2927 = PLANE('',#2928);
#2928 = AXIS2_PLACEMENT_3D('',#2929,#2930,#2931);
#2929 = CARTESIAN_POINT('',(15.041219071526,-21.5,9.176295349746));
#2930 = DIRECTION('',(0.195090322016,-5.655124206371E-16,-0.980785280403
    ));
#2931 = DIRECTION('',(0.980785280403,-5.666967333567E-16,0.195090322016)
  );
#2932 = ADVANCED_FACE('',(#2933),#2956,.F.);
#2933 = FACE_BOUND('',#2934,.F.);
#2934 = EDGE_LOOP('',(#2935,#2943,#2949,#2955));
#2935 = ORIENTED_EDGE('',*,*,#2936,.F.);
#2936 = EDGE_CURVE('',#2937,#2908,#2939,.T.);
#2937 = VERTEX_POINT('',#2938);
#2938 = CARTESIAN_POINT('',(13.864507392532,-21.5,8.776855558857));
#2939 = LINE('',#2940,#2941);
#2940 = CARTESIAN_POINT('',(13.864507392532,-21.5,8.776855558857));
#2941 = VECTOR('',#2942,1.);
#2942 = DIRECTION('',(0.946930129495,-4.880343813249E-16,0.321439465303)
  );
#2943 = ORIENTED_EDGE('',*,*,#2944,.T.);
#2944 = EDGE_CURVE('',#2937,#2812,#2945,.T.);
#2945 = LINE('',#2946,#2947);
#2946 = CARTESIAN_POINT('',(13.864507392532,-21.5,8.776855558857));
#2947 = VECTOR('',#2948,1.);
#2948 = DIRECTION('',(4.440892098501E-16,1.,-6.661338147751E-16));
#2949 = ORIENTED_EDGE('',*,*,#2950,.T.);
#2950 = EDGE_CURVE('',#2812,#2821,#2951,.T.);
#2951 = LINE('',#2952,#2953);
#2952 = CARTESIAN_POINT('',(14.15868531228,-19.01,8.876715506579));
#2953 = VECTOR('',#2954,1.);
#2954 = DIRECTION('',(0.946930129495,-0.,0.321439465303));
#2955 = ORIENTED_EDGE('',*,*,#2915,.F.);
#2956 = PLANE('',#2957);
#2957 = AXIS2_PLACEMENT_3D('',#2958,#2959,#2960);
#2958 = CARTESIAN_POINT('',(13.864507392532,-21.5,8.776855558857));
#2959 = DIRECTION('',(0.321439465303,-6.346431502324E-16,-0.946930129495
    ));
#2960 = DIRECTION('',(0.946930129495,-4.880343813249E-16,0.321439465303)
  );
#2961 = ADVANCED_FACE('',(#2962),#2985,.F.);
#2962 = FACE_BOUND('',#2963,.F.);
#2963 = EDGE_LOOP('',(#2964,#2972,#2978,#2984));
#2964 = ORIENTED_EDGE('',*,*,#2965,.F.);
#2965 = EDGE_CURVE('',#2966,#2937,#2968,.T.);
#2966 = VERTEX_POINT('',#2967);
#2967 = CARTESIAN_POINT('',(12.75,-21.5,8.227241335952));
#2968 = LINE('',#2969,#2970);
#2969 = CARTESIAN_POINT('',(12.75,-21.5,8.227241335952));
#2970 = VECTOR('',#2971,1.);
#2971 = DIRECTION('',(0.896872741533,-4.0102162572E-16,0.442288690219));
#2972 = ORIENTED_EDGE('',*,*,#2973,.T.);
#2973 = EDGE_CURVE('',#2966,#2803,#2974,.T.);
#2974 = LINE('',#2975,#2976);
#2975 = CARTESIAN_POINT('',(12.75,-21.5,8.227241335952));
#2976 = VECTOR('',#2977,1.);
#2977 = DIRECTION('',(4.440892098501E-16,1.,-6.661338147751E-16));
#2978 = ORIENTED_EDGE('',*,*,#2979,.T.);
#2979 = EDGE_CURVE('',#2803,#2812,#2980,.T.);
#2980 = LINE('',#2981,#2982);
#2981 = CARTESIAN_POINT('',(13.028626848133,-19.01,8.364644891678));
#2982 = VECTOR('',#2983,1.);
#2983 = DIRECTION('',(0.896872741533,-0.,0.442288690219));
#2984 = ORIENTED_EDGE('',*,*,#2944,.F.);
#2985 = PLANE('',#2986);
#2986 = AXIS2_PLACEMENT_3D('',#2987,#2988,#2989);
#2987 = CARTESIAN_POINT('',(12.75,-21.5,8.227241335952));
#2988 = DIRECTION('',(0.442288690219,-6.929149595708E-16,-0.896872741533
    ));
#2989 = DIRECTION('',(0.896872741533,-4.0102162572E-16,0.442288690219));
#2990 = ADVANCED_FACE('',(#2991),#3014,.F.);
#2991 = FACE_BOUND('',#2992,.F.);
#2992 = EDGE_LOOP('',(#2993,#3001,#3007,#3013));
#2993 = ORIENTED_EDGE('',*,*,#2994,.F.);
#2994 = EDGE_CURVE('',#2995,#2966,#2997,.T.);
#2995 = VERTEX_POINT('',#2996);
#2996 = CARTESIAN_POINT('',(11.716766424417,-21.5,7.536856732767));
#2997 = LINE('',#2998,#2999);
#2998 = CARTESIAN_POINT('',(11.716766424417,-21.5,7.536856732767));
#2999 = VECTOR('',#3000,1.);
#3000 = DIRECTION('',(0.831469612303,-3.071472789148E-16,0.55557023302)
  );
#3001 = ORIENTED_EDGE('',*,*,#3002,.T.);
#3002 = EDGE_CURVE('',#2995,#2794,#3003,.T.);
#3003 = LINE('',#3004,#3005);
#3004 = CARTESIAN_POINT('',(11.716766424417,-21.5,7.536856732767));
#3005 = VECTOR('',#3006,1.);
#3006 = DIRECTION('',(4.440892098501E-16,1.,-6.661338147751E-16));
#3007 = ORIENTED_EDGE('',*,*,#3008,.T.);
#3008 = EDGE_CURVE('',#2794,#2803,#3009,.T.);
#3009 = LINE('',#3010,#3011);
#3010 = CARTESIAN_POINT('',(11.975074818313,-19.01,7.709452883563));
#3011 = VECTOR('',#3012,1.);
#3012 = DIRECTION('',(0.831469612303,-0.,0.55557023302));
#3013 = ORIENTED_EDGE('',*,*,#2973,.F.);
#3014 = PLANE('',#3015);
#3015 = AXIS2_PLACEMENT_3D('',#3016,#3017,#3018);
#3016 = CARTESIAN_POINT('',(11.716766424417,-21.5,7.536856732767));
#3017 = DIRECTION('',(0.55557023302,-7.393308018386E-16,-0.831469612303)
  );
#3018 = DIRECTION('',(0.831469612303,-3.071472789148E-16,0.55557023302)
  );
#3019 = ADVANCED_FACE('',(#3020),#3043,.F.);
#3020 = FACE_BOUND('',#3021,.F.);
#3021 = EDGE_LOOP('',(#3022,#3030,#3036,#3042));
#3022 = ORIENTED_EDGE('',*,*,#3023,.F.);
#3023 = EDGE_CURVE('',#3024,#2995,#3026,.T.);
#3024 = VERTEX_POINT('',#3025);
#3025 = CARTESIAN_POINT('',(10.782485578728,-21.5,6.717514421272));
#3026 = LINE('',#3027,#3028);
#3027 = CARTESIAN_POINT('',(10.782485578728,-21.5,6.717514421272));
#3028 = VECTOR('',#3029,1.);
#3029 = DIRECTION('',(0.751839807479,-2.0801755701E-16,0.6593458151));
#3030 = ORIENTED_EDGE('',*,*,#3031,.T.);
#3031 = EDGE_CURVE('',#3024,#2785,#3032,.T.);
#3032 = LINE('',#3033,#3034);
#3033 = CARTESIAN_POINT('',(10.782485578728,-21.5,6.717514421272));
#3034 = VECTOR('',#3035,1.);
#3035 = DIRECTION('',(4.440892098501E-16,1.,-6.661338147751E-16));
#3036 = ORIENTED_EDGE('',*,*,#3037,.T.);
#3037 = EDGE_CURVE('',#2785,#2794,#3038,.T.);
#3038 = LINE('',#3039,#3040);
#3039 = CARTESIAN_POINT('',(11.01605579015,-19.01,6.922349999146));
#3040 = VECTOR('',#3041,1.);
#3041 = DIRECTION('',(0.751839807479,-0.,0.6593458151));
#3042 = ORIENTED_EDGE('',*,*,#3002,.F.);
#3043 = PLANE('',#3044);
#3044 = AXIS2_PLACEMENT_3D('',#3045,#3046,#3047);
#3045 = CARTESIAN_POINT('',(10.782485578728,-21.5,6.717514421272));
#3046 = DIRECTION('',(0.6593458151,-7.730964891058E-16,-0.751839807479)
  );
#3047 = DIRECTION('',(0.751839807479,-2.0801755701E-16,0.6593458151));
#3048 = ADVANCED_FACE('',(#3049),#3072,.F.);
#3049 = FACE_BOUND('',#3050,.F.);
#3050 = EDGE_LOOP('',(#3051,#3059,#3065,#3071));
#3051 = ORIENTED_EDGE('',*,*,#3052,.F.);
#3052 = EDGE_CURVE('',#3053,#3024,#3055,.T.);
#3053 = VERTEX_POINT('',#3054);
#3054 = CARTESIAN_POINT('',(9.963143267233,-21.5,5.783233575583));
#3055 = LINE('',#3056,#3057);
#3056 = CARTESIAN_POINT('',(9.963143267233,-21.5,5.783233575583));
#3057 = VECTOR('',#3058,1.);
#3058 = DIRECTION('',(0.6593458151,-1.053285970314E-16,0.751839807479));
#3059 = ORIENTED_EDGE('',*,*,#3060,.T.);
#3060 = EDGE_CURVE('',#3053,#2776,#3061,.T.);
#3061 = LINE('',#3062,#3063);
#3062 = CARTESIAN_POINT('',(9.963143267233,-21.5,5.783233575583));
#3063 = VECTOR('',#3064,1.);
#3064 = DIRECTION('',(4.440892098501E-16,1.,-6.661338147751E-16));
#3065 = ORIENTED_EDGE('',*,*,#3066,.T.);
#3066 = EDGE_CURVE('',#2776,#2785,#3067,.T.);
#3067 = LINE('',#3068,#3069);
#3068 = CARTESIAN_POINT('',(10.167978845107,-19.01,6.016803787005));
#3069 = VECTOR('',#3070,1.);
#3070 = DIRECTION('',(0.6593458151,-0.,0.751839807479));
#3071 = ORIENTED_EDGE('',*,*,#3031,.F.);
#3072 = PLANE('',#3073);
#3073 = AXIS2_PLACEMENT_3D('',#3074,#3075,#3076);
#3074 = CARTESIAN_POINT('',(9.963143267233,-21.5,5.783233575583));
#3075 = DIRECTION('',(0.751839807479,-7.936342811015E-16,-0.6593458151)
  );
#3076 = DIRECTION('',(0.6593458151,-1.053285970314E-16,0.751839807479));
#3077 = ADVANCED_FACE('',(#3078),#3101,.F.);
#3078 = FACE_BOUND('',#3079,.F.);
#3079 = EDGE_LOOP('',(#3080,#3088,#3094,#3100));
#3080 = ORIENTED_EDGE('',*,*,#3081,.F.);
#3081 = EDGE_CURVE('',#3082,#3053,#3084,.T.);
#3082 = VERTEX_POINT('',#3083);
#3083 = CARTESIAN_POINT('',(9.272758664048,-21.5,4.75));
#3084 = LINE('',#3085,#3086);
#3085 = CARTESIAN_POINT('',(9.272758664048,-21.5,4.75));
#3086 = VECTOR('',#3087,1.);
#3087 = DIRECTION('',(0.55557023302,-8.374355550609E-19,0.831469612303)
  );
#3088 = ORIENTED_EDGE('',*,*,#3089,.T.);
#3089 = EDGE_CURVE('',#3082,#2767,#3090,.T.);
#3090 = LINE('',#3091,#3092);
#3091 = CARTESIAN_POINT('',(9.272758664048,-21.5,4.75));
#3092 = VECTOR('',#3093,1.);
#3093 = DIRECTION('',(4.440892098501E-16,1.,-6.661338147751E-16));
#3094 = ORIENTED_EDGE('',*,*,#3095,.T.);
#3095 = EDGE_CURVE('',#2767,#2776,#3096,.T.);
#3096 = LINE('',#3097,#3098);
#3097 = CARTESIAN_POINT('',(9.445354814844,-19.01,5.008308393896));
#3098 = VECTOR('',#3099,1.);
#3099 = DIRECTION('',(0.55557023302,-0.,0.831469612303));
#3100 = ORIENTED_EDGE('',*,*,#3060,.F.);
#3101 = PLANE('',#3102);
#3102 = AXIS2_PLACEMENT_3D('',#3103,#3104,#3105);
#3103 = CARTESIAN_POINT('',(9.272758664048,-21.5,4.75));
#3104 = DIRECTION('',(0.831469612303,-8.005927705106E-16,-0.55557023302)
  );
#3105 = DIRECTION('',(0.55557023302,-8.374355550609E-19,0.831469612303)
  );
#3106 = ADVANCED_FACE('',(#3107),#3130,.F.);
#3107 = FACE_BOUND('',#3108,.F.);
#3108 = EDGE_LOOP('',(#3109,#3117,#3123,#3129));
#3109 = ORIENTED_EDGE('',*,*,#3110,.F.);
#3110 = EDGE_CURVE('',#3111,#3082,#3113,.T.);
#3111 = VERTEX_POINT('',#3112);
#3112 = CARTESIAN_POINT('',(8.723144441143,-21.5,3.635492607468));
#3113 = LINE('',#3114,#3115);
#3114 = CARTESIAN_POINT('',(8.723144441143,-21.5,3.635492607468));
#3115 = VECTOR('',#3116,1.);
#3116 = DIRECTION('',(0.442288690219,1.036680546758E-16,0.896872741533)
  );
#3117 = ORIENTED_EDGE('',*,*,#3118,.T.);
#3118 = EDGE_CURVE('',#3111,#2758,#3119,.T.);
#3119 = LINE('',#3120,#3121);
#3120 = CARTESIAN_POINT('',(8.723144441143,-21.5,3.635492607468));
#3121 = VECTOR('',#3122,1.);
#3122 = DIRECTION('',(4.440892098501E-16,1.,-6.661338147751E-16));
#3123 = ORIENTED_EDGE('',*,*,#3124,.T.);
#3124 = EDGE_CURVE('',#2758,#2767,#3125,.T.);
#3125 = LINE('',#3126,#3127);
#3126 = CARTESIAN_POINT('',(8.860547996869,-19.01,3.914119455601));
#3127 = VECTOR('',#3128,1.);
#3128 = DIRECTION('',(0.442288690219,-0.,0.896872741533));
#3129 = ORIENTED_EDGE('',*,*,#3089,.F.);
#3130 = PLANE('',#3131);
#3131 = AXIS2_PLACEMENT_3D('',#3132,#3133,#3134);
#3132 = CARTESIAN_POINT('',(8.723144441143,-21.5,3.635492607468));
#3133 = DIRECTION('',(0.896872741533,-7.938528956499E-16,-0.442288690219
    ));
#3134 = DIRECTION('',(0.442288690219,1.036680546758E-16,0.896872741533)
  );
#3135 = ADVANCED_FACE('',(#3136),#3159,.F.);
#3136 = FACE_BOUND('',#3137,.F.);
#3137 = EDGE_LOOP('',(#3138,#3146,#3152,#3158));
#3138 = ORIENTED_EDGE('',*,*,#3139,.F.);
#3139 = EDGE_CURVE('',#3140,#3111,#3142,.T.);
#3140 = VERTEX_POINT('',#3141);
#3141 = CARTESIAN_POINT('',(8.323704650254,-21.5,2.458780928474));
#3142 = LINE('',#3143,#3144);
#3143 = CARTESIAN_POINT('',(8.323704650254,-21.5,2.458780928474));
#3144 = VECTOR('',#3145,1.);
#3145 = DIRECTION('',(0.321439465303,2.06399755749E-16,0.946930129495));
#3146 = ORIENTED_EDGE('',*,*,#3147,.T.);
#3147 = EDGE_CURVE('',#3140,#2749,#3148,.T.);
#3148 = LINE('',#3149,#3150);
#3149 = CARTESIAN_POINT('',(8.323704650254,-21.5,2.458780928474));
#3150 = VECTOR('',#3151,1.);
#3151 = DIRECTION('',(4.440892098501E-16,1.,-6.661338147751E-16));
#3152 = ORIENTED_EDGE('',*,*,#3153,.T.);
#3153 = EDGE_CURVE('',#2749,#2758,#3154,.T.);
#3154 = LINE('',#3155,#3156);
#3155 = CARTESIAN_POINT('',(8.423564597976,-19.01,2.752958848223));
#3156 = VECTOR('',#3157,1.);
#3157 = DIRECTION('',(0.321439465303,-0.,0.946930129495));
#3158 = ORIENTED_EDGE('',*,*,#3118,.F.);
#3159 = PLANE('',#3160);
#3160 = AXIS2_PLACEMENT_3D('',#3161,#3162,#3163);
#3161 = CARTESIAN_POINT('',(8.323704650254,-21.5,2.458780928474));
#3162 = DIRECTION('',(0.946930129495,-7.735299776472E-16,-0.321439465303
    ));
#3163 = DIRECTION('',(0.321439465303,2.06399755749E-16,0.946930129495));
#3164 = ADVANCED_FACE('',(#3165),#3188,.F.);
#3165 = FACE_BOUND('',#3166,.F.);
#3166 = EDGE_LOOP('',(#3167,#3175,#3181,#3187));
#3167 = ORIENTED_EDGE('',*,*,#3168,.F.);
#3168 = EDGE_CURVE('',#3169,#3140,#3171,.T.);
#3169 = VERTEX_POINT('',#3170);
#3170 = CARTESIAN_POINT('',(8.081273816949,-21.5,1.23999882609));
#3171 = LINE('',#3172,#3173);
#3172 = CARTESIAN_POINT('',(8.081273816949,-21.5,1.23999882609));
#3173 = VECTOR('',#3174,1.);
#3174 = DIRECTION('',(0.195090322016,3.055998997765E-16,0.980785280403)
  );
#3175 = ORIENTED_EDGE('',*,*,#3176,.T.);
#3176 = EDGE_CURVE('',#3169,#2740,#3177,.T.);
#3177 = LINE('',#3178,#3179);
#3178 = CARTESIAN_POINT('',(8.081273816949,-21.5,1.23999882609));
#3179 = VECTOR('',#3180,1.);
#3180 = DIRECTION('',(4.440892098501E-16,1.,-6.661338147751E-16));
#3181 = ORIENTED_EDGE('',*,*,#3182,.T.);
#3182 = EDGE_CURVE('',#2740,#2749,#3183,.T.);
#3183 = LINE('',#3184,#3185);
#3184 = CARTESIAN_POINT('',(8.141881525275,-19.01,1.544694351686));
#3185 = VECTOR('',#3186,1.);
#3186 = DIRECTION('',(0.195090322016,-0.,0.980785280403));
#3187 = ORIENTED_EDGE('',*,*,#3147,.F.);
#3188 = PLANE('',#3189);
#3189 = AXIS2_PLACEMENT_3D('',#3190,#3191,#3192);
#3190 = CARTESIAN_POINT('',(8.081273816949,-21.5,1.23999882609));
#3191 = DIRECTION('',(0.980785280403,-7.399717472638E-16,-0.195090322016
    ));
#3192 = DIRECTION('',(0.195090322016,3.055998997765E-16,0.980785280403)
  );
#3193 = ADVANCED_FACE('',(#3194),#3217,.F.);
#3194 = FACE_BOUND('',#3195,.F.);
#3195 = EDGE_LOOP('',(#3196,#3204,#3210,#3216));
#3196 = ORIENTED_EDGE('',*,*,#3197,.F.);
#3197 = EDGE_CURVE('',#3198,#3169,#3200,.T.);
#3198 = VERTEX_POINT('',#3199);
#3199 = CARTESIAN_POINT('',(8.,-21.5,2.389299219611E-15));
#3200 = LINE('',#3201,#3202);
#3201 = CARTESIAN_POINT('',(8.,-21.5,2.389299219611E-15));
#3202 = VECTOR('',#3203,1.);
#3203 = DIRECTION('',(6.540312923014E-02,3.995711447906E-16,
    0.997858923239));
#3204 = ORIENTED_EDGE('',*,*,#3205,.T.);
#3205 = EDGE_CURVE('',#3198,#2731,#3206,.T.);
#3206 = LINE('',#3207,#3208);
#3207 = CARTESIAN_POINT('',(8.,-21.5,2.389299219611E-15));
#3208 = VECTOR('',#3209,1.);
#3209 = DIRECTION('',(4.440892098501E-16,1.,-6.661338147751E-16));
#3210 = ORIENTED_EDGE('',*,*,#3211,.T.);
#3211 = EDGE_CURVE('',#2731,#2740,#3212,.T.);
#3212 = LINE('',#3213,#3214);
#3213 = CARTESIAN_POINT('',(8.020318454237,-19.01,0.309999706523));
#3214 = VECTOR('',#3215,1.);
#3215 = DIRECTION('',(6.540312923014E-02,-0.,0.997858923239));
#3216 = ORIENTED_EDGE('',*,*,#3176,.F.);
#3217 = PLANE('',#3218);
#3218 = AXIS2_PLACEMENT_3D('',#3219,#3220,#3221);
#3219 = CARTESIAN_POINT('',(8.,-21.5,2.389299219611E-15));
#3220 = DIRECTION('',(0.997858923239,-6.937523951258E-16,
    -6.540312923014E-02));
#3221 = DIRECTION('',(6.540312923014E-02,3.995711447906E-16,
    0.997858923239));
#3222 = ADVANCED_FACE('',(#3223),#3246,.F.);
#3223 = FACE_BOUND('',#3224,.F.);
#3224 = EDGE_LOOP('',(#3225,#3233,#3239,#3245));
#3225 = ORIENTED_EDGE('',*,*,#3226,.F.);
#3226 = EDGE_CURVE('',#3227,#3198,#3229,.T.);
#3227 = VERTEX_POINT('',#3228);
#3228 = CARTESIAN_POINT('',(8.081273816949,-21.5,-1.23999882609));
#3229 = LINE('',#3230,#3231);
#3230 = CARTESIAN_POINT('',(8.081273816949,-21.5,-1.23999882609));
#3231 = VECTOR('',#3232,1.);
#3232 = DIRECTION('',(-6.540312923014E-02,4.867056167352E-16,
    0.997858923239));
#3233 = ORIENTED_EDGE('',*,*,#3234,.T.);
#3234 = EDGE_CURVE('',#3227,#2722,#3235,.T.);
#3235 = LINE('',#3236,#3237);
#3236 = CARTESIAN_POINT('',(8.081273816949,-21.5,-1.23999882609));
#3237 = VECTOR('',#3238,1.);
#3238 = DIRECTION('',(4.440892098501E-16,1.,-6.661338147751E-16));
#3239 = ORIENTED_EDGE('',*,*,#3240,.T.);
#3240 = EDGE_CURVE('',#2722,#2731,#3241,.T.);
#3241 = LINE('',#3242,#3243);
#3242 = CARTESIAN_POINT('',(8.060955362712,-19.01,-0.929999119568));
#3243 = VECTOR('',#3244,1.);
#3244 = DIRECTION('',(-6.540312923014E-02,0.,0.997858923239));
#3245 = ORIENTED_EDGE('',*,*,#3205,.F.);
#3246 = PLANE('',#3247);
#3247 = AXIS2_PLACEMENT_3D('',#3248,#3249,#3250);
#3248 = CARTESIAN_POINT('',(8.081273816949,-21.5,-1.23999882609));
#3249 = DIRECTION('',(0.997858923239,-6.356627471628E-16,
    6.540312923014E-02));
#3250 = DIRECTION('',(-6.540312923014E-02,4.867056167352E-16,
    0.997858923239));
#3251 = ADVANCED_FACE('',(#3252),#3275,.F.);
#3252 = FACE_BOUND('',#3253,.F.);
#3253 = EDGE_LOOP('',(#3254,#3262,#3268,#3274));
#3254 = ORIENTED_EDGE('',*,*,#3255,.F.);
#3255 = EDGE_CURVE('',#3256,#3227,#3258,.T.);
#3256 = VERTEX_POINT('',#3257);
#3257 = CARTESIAN_POINT('',(8.323704650254,-21.5,-2.458780928474));
#3258 = LINE('',#3259,#3260);
#3259 = CARTESIAN_POINT('',(8.323704650254,-21.5,-2.458780928474));
#3260 = VECTOR('',#3261,1.);
#3261 = DIRECTION('',(-0.195090322016,5.655124206371E-16,0.980785280403)
  );
#3262 = ORIENTED_EDGE('',*,*,#3263,.T.);
#3263 = EDGE_CURVE('',#3256,#2713,#3264,.T.);
#3264 = LINE('',#3265,#3266);
#3265 = CARTESIAN_POINT('',(8.323704650254,-21.5,-2.458780928474));
#3266 = VECTOR('',#3267,1.);
#3267 = DIRECTION('',(4.440892098501E-16,1.,-6.661338147751E-16));
#3268 = ORIENTED_EDGE('',*,*,#3269,.T.);
#3269 = EDGE_CURVE('',#2713,#2722,#3270,.T.);
#3270 = LINE('',#3271,#3272);
#3271 = CARTESIAN_POINT('',(8.263096941928,-19.01,-2.154085402878));
#3272 = VECTOR('',#3273,1.);
#3273 = DIRECTION('',(-0.195090322016,0.,0.980785280403));
#3274 = ORIENTED_EDGE('',*,*,#3234,.F.);
#3275 = PLANE('',#3276);
#3276 = AXIS2_PLACEMENT_3D('',#3277,#3278,#3279);
#3277 = CARTESIAN_POINT('',(8.323704650254,-21.5,-2.458780928474));
#3278 = DIRECTION('',(0.980785280403,-5.666967333567E-16,0.195090322016)
  );
#3279 = DIRECTION('',(-0.195090322016,5.655124206371E-16,0.980785280403)
  );
#3280 = ADVANCED_FACE('',(#3281),#3304,.F.);
#3281 = FACE_BOUND('',#3282,.F.);
#3282 = EDGE_LOOP('',(#3283,#3291,#3297,#3303));
#3283 = ORIENTED_EDGE('',*,*,#3284,.F.);
#3284 = EDGE_CURVE('',#3285,#3256,#3287,.T.);
#3285 = VERTEX_POINT('',#3286);
#3286 = CARTESIAN_POINT('',(8.723144441143,-21.5,-3.635492607468));
#3287 = LINE('',#3288,#3289);
#3288 = CARTESIAN_POINT('',(8.723144441143,-21.5,-3.635492607468));
#3289 = VECTOR('',#3290,1.);
#3290 = DIRECTION('',(-0.321439465303,6.346431502324E-16,0.946930129495)
  );
#3291 = ORIENTED_EDGE('',*,*,#3292,.T.);
#3292 = EDGE_CURVE('',#3285,#2704,#3293,.T.);
#3293 = LINE('',#3294,#3295);
#3294 = CARTESIAN_POINT('',(8.723144441143,-21.5,-3.635492607468));
#3295 = VECTOR('',#3296,1.);
#3296 = DIRECTION('',(4.440892098501E-16,1.,-6.661338147751E-16));
#3297 = ORIENTED_EDGE('',*,*,#3298,.T.);
#3298 = EDGE_CURVE('',#2704,#2713,#3299,.T.);
#3299 = LINE('',#3300,#3301);
#3300 = CARTESIAN_POINT('',(8.623284493421,-19.01,-3.34131468772));
#3301 = VECTOR('',#3302,1.);
#3302 = DIRECTION('',(-0.321439465303,0.,0.946930129495));
#3303 = ORIENTED_EDGE('',*,*,#3263,.F.);
#3304 = PLANE('',#3305);
#3305 = AXIS2_PLACEMENT_3D('',#3306,#3307,#3308);
#3306 = CARTESIAN_POINT('',(8.723144441143,-21.5,-3.635492607468));
#3307 = DIRECTION('',(0.946930129495,-4.880343813249E-16,0.321439465303)
  );
#3308 = DIRECTION('',(-0.321439465303,6.346431502324E-16,0.946930129495)
  );
#3309 = ADVANCED_FACE('',(#3310),#3333,.F.);
#3310 = FACE_BOUND('',#3311,.F.);
#3311 = EDGE_LOOP('',(#3312,#3320,#3326,#3332));
#3312 = ORIENTED_EDGE('',*,*,#3313,.F.);
#3313 = EDGE_CURVE('',#3314,#3285,#3316,.T.);
#3314 = VERTEX_POINT('',#3315);
#3315 = CARTESIAN_POINT('',(9.272758664048,-21.5,-4.75));
#3316 = LINE('',#3317,#3318);
#3317 = CARTESIAN_POINT('',(9.272758664048,-21.5,-4.75));
#3318 = VECTOR('',#3319,1.);
#3319 = DIRECTION('',(-0.442288690219,6.929149595708E-16,0.896872741533)
  );
#3320 = ORIENTED_EDGE('',*,*,#3321,.T.);
#3321 = EDGE_CURVE('',#3314,#2695,#3322,.T.);
#3322 = LINE('',#3323,#3324);
#3323 = CARTESIAN_POINT('',(9.272758664048,-21.5,-4.75));
#3324 = VECTOR('',#3325,1.);
#3325 = DIRECTION('',(4.440892098501E-16,1.,-6.661338147751E-16));
#3326 = ORIENTED_EDGE('',*,*,#3327,.T.);
#3327 = EDGE_CURVE('',#2695,#2704,#3328,.T.);
#3328 = LINE('',#3329,#3330);
#3329 = CARTESIAN_POINT('',(9.135355108322,-19.01,-4.471373151867));
#3330 = VECTOR('',#3331,1.);
#3331 = DIRECTION('',(-0.442288690219,0.,0.896872741533));
#3332 = ORIENTED_EDGE('',*,*,#3292,.F.);
#3333 = PLANE('',#3334);
#3334 = AXIS2_PLACEMENT_3D('',#3335,#3336,#3337);
#3335 = CARTESIAN_POINT('',(9.272758664048,-21.5,-4.75));
#3336 = DIRECTION('',(0.896872741533,-4.0102162572E-16,0.442288690219));
#3337 = DIRECTION('',(-0.442288690219,6.929149595708E-16,0.896872741533)
  );
#3338 = ADVANCED_FACE('',(#3339),#3362,.F.);
#3339 = FACE_BOUND('',#3340,.F.);
#3340 = EDGE_LOOP('',(#3341,#3349,#3355,#3361));
#3341 = ORIENTED_EDGE('',*,*,#3342,.F.);
#3342 = EDGE_CURVE('',#3343,#3314,#3345,.T.);
#3343 = VERTEX_POINT('',#3344);
#3344 = CARTESIAN_POINT('',(9.963143267233,-21.5,-5.783233575583));
#3345 = LINE('',#3346,#3347);
#3346 = CARTESIAN_POINT('',(9.963143267233,-21.5,-5.783233575583));
#3347 = VECTOR('',#3348,1.);
#3348 = DIRECTION('',(-0.55557023302,7.393308018386E-16,0.831469612303)
  );
#3349 = ORIENTED_EDGE('',*,*,#3350,.T.);
#3350 = EDGE_CURVE('',#3343,#2686,#3351,.T.);
#3351 = LINE('',#3352,#3353);
#3352 = CARTESIAN_POINT('',(9.963143267233,-21.5,-5.783233575583));
#3353 = VECTOR('',#3354,1.);
#3354 = DIRECTION('',(4.440892098501E-16,1.,-6.661338147751E-16));
#3355 = ORIENTED_EDGE('',*,*,#3356,.T.);
#3356 = EDGE_CURVE('',#2686,#2695,#3357,.T.);
#3357 = LINE('',#3358,#3359);
#3358 = CARTESIAN_POINT('',(9.790547116437,-19.01,-5.524925181687));
#3359 = VECTOR('',#3360,1.);
#3360 = DIRECTION('',(-0.55557023302,0.,0.831469612303));
#3361 = ORIENTED_EDGE('',*,*,#3321,.F.);
#3362 = PLANE('',#3363);
#3363 = AXIS2_PLACEMENT_3D('',#3364,#3365,#3366);
#3364 = CARTESIAN_POINT('',(9.963143267233,-21.5,-5.783233575583));
#3365 = DIRECTION('',(0.831469612303,-3.071472789148E-16,0.55557023302)
  );
#3366 = DIRECTION('',(-0.55557023302,7.393308018386E-16,0.831469612303)
  );
#3367 = ADVANCED_FACE('',(#3368),#3391,.F.);
#3368 = FACE_BOUND('',#3369,.F.);
#3369 = EDGE_LOOP('',(#3370,#3378,#3384,#3390));
#3370 = ORIENTED_EDGE('',*,*,#3371,.F.);
#3371 = EDGE_CURVE('',#3372,#3343,#3374,.T.);
#3372 = VERTEX_POINT('',#3373);
#3373 = CARTESIAN_POINT('',(10.782485578728,-21.5,-6.717514421272));
#3374 = LINE('',#3375,#3376);
#3375 = CARTESIAN_POINT('',(10.782485578728,-21.5,-6.717514421272));
#3376 = VECTOR('',#3377,1.);
#3377 = DIRECTION('',(-0.6593458151,7.730964891058E-16,0.751839807479));
#3378 = ORIENTED_EDGE('',*,*,#3379,.T.);
#3379 = EDGE_CURVE('',#3372,#2677,#3380,.T.);
#3380 = LINE('',#3381,#3382);
#3381 = CARTESIAN_POINT('',(10.782485578728,-21.5,-6.717514421272));
#3382 = VECTOR('',#3383,1.);
#3383 = DIRECTION('',(4.440892098501E-16,1.,-6.661338147751E-16));
#3384 = ORIENTED_EDGE('',*,*,#3385,.T.);
#3385 = EDGE_CURVE('',#2677,#2686,#3386,.T.);
#3386 = LINE('',#3387,#3388);
#3387 = CARTESIAN_POINT('',(10.577650000854,-19.01,-6.48394420985));
#3388 = VECTOR('',#3389,1.);
#3389 = DIRECTION('',(-0.6593458151,0.,0.751839807479));
#3390 = ORIENTED_EDGE('',*,*,#3350,.F.);
#3391 = PLANE('',#3392);
#3392 = AXIS2_PLACEMENT_3D('',#3393,#3394,#3395);
#3393 = CARTESIAN_POINT('',(10.782485578728,-21.5,-6.717514421272));
#3394 = DIRECTION('',(0.751839807479,-2.0801755701E-16,0.6593458151));
#3395 = DIRECTION('',(-0.6593458151,7.730964891058E-16,0.751839807479));
#3396 = ADVANCED_FACE('',(#3397),#3420,.F.);
#3397 = FACE_BOUND('',#3398,.F.);
#3398 = EDGE_LOOP('',(#3399,#3407,#3413,#3419));
#3399 = ORIENTED_EDGE('',*,*,#3400,.F.);
#3400 = EDGE_CURVE('',#3401,#3372,#3403,.T.);
#3401 = VERTEX_POINT('',#3402);
#3402 = CARTESIAN_POINT('',(11.716766424417,-21.5,-7.536856732767));
#3403 = LINE('',#3404,#3405);
#3404 = CARTESIAN_POINT('',(11.716766424417,-21.5,-7.536856732767));
#3405 = VECTOR('',#3406,1.);
#3406 = DIRECTION('',(-0.751839807479,7.936342811015E-16,0.6593458151));
#3407 = ORIENTED_EDGE('',*,*,#3408,.T.);
#3408 = EDGE_CURVE('',#3401,#2668,#3409,.T.);
#3409 = LINE('',#3410,#3411);
#3410 = CARTESIAN_POINT('',(11.716766424417,-21.5,-7.536856732767));
#3411 = VECTOR('',#3412,1.);
#3412 = DIRECTION('',(4.440892098501E-16,1.,-6.661338147751E-16));
#3413 = ORIENTED_EDGE('',*,*,#3414,.T.);
#3414 = EDGE_CURVE('',#2668,#2677,#3415,.T.);
#3415 = LINE('',#3416,#3417);
#3416 = CARTESIAN_POINT('',(11.483196212995,-19.01,-7.332021154893));
#3417 = VECTOR('',#3418,1.);
#3418 = DIRECTION('',(-0.751839807479,0.,0.6593458151));
#3419 = ORIENTED_EDGE('',*,*,#3379,.F.);
#3420 = PLANE('',#3421);
#3421 = AXIS2_PLACEMENT_3D('',#3422,#3423,#3424);
#3422 = CARTESIAN_POINT('',(11.716766424417,-21.5,-7.536856732767));
#3423 = DIRECTION('',(0.6593458151,-1.053285970314E-16,0.751839807479));
#3424 = DIRECTION('',(-0.751839807479,7.936342811015E-16,0.6593458151));
#3425 = ADVANCED_FACE('',(#3426),#3449,.F.);
#3426 = FACE_BOUND('',#3427,.F.);
#3427 = EDGE_LOOP('',(#3428,#3436,#3442,#3448));
#3428 = ORIENTED_EDGE('',*,*,#3429,.F.);
#3429 = EDGE_CURVE('',#3430,#3401,#3432,.T.);
#3430 = VERTEX_POINT('',#3431);
#3431 = CARTESIAN_POINT('',(12.75,-21.5,-8.227241335952));
#3432 = LINE('',#3433,#3434);
#3433 = CARTESIAN_POINT('',(12.75,-21.5,-8.227241335952));
#3434 = VECTOR('',#3435,1.);
#3435 = DIRECTION('',(-0.831469612303,8.005927705106E-16,0.55557023302)
  );
#3436 = ORIENTED_EDGE('',*,*,#3437,.T.);
#3437 = EDGE_CURVE('',#3430,#2659,#3438,.T.);
#3438 = LINE('',#3439,#3440);
#3439 = CARTESIAN_POINT('',(12.75,-21.5,-8.227241335952));
#3440 = VECTOR('',#3441,1.);
#3441 = DIRECTION('',(4.440892098501E-16,1.,-6.661338147751E-16));
#3442 = ORIENTED_EDGE('',*,*,#3443,.T.);
#3443 = EDGE_CURVE('',#2659,#2668,#3444,.T.);
#3444 = LINE('',#3445,#3446);
#3445 = CARTESIAN_POINT('',(12.491691606104,-19.01,-8.054645185156));
#3446 = VECTOR('',#3447,1.);
#3447 = DIRECTION('',(-0.831469612303,0.,0.55557023302));
#3448 = ORIENTED_EDGE('',*,*,#3408,.F.);
#3449 = PLANE('',#3450);
#3450 = AXIS2_PLACEMENT_3D('',#3451,#3452,#3453);
#3451 = CARTESIAN_POINT('',(12.75,-21.5,-8.227241335952));
#3452 = DIRECTION('',(0.55557023302,-8.374355550605E-19,0.831469612303)
  );
#3453 = DIRECTION('',(-0.831469612303,8.005927705106E-16,0.55557023302)
  );
#3454 = ADVANCED_FACE('',(#3455),#3478,.F.);
#3455 = FACE_BOUND('',#3456,.F.);
#3456 = EDGE_LOOP('',(#3457,#3465,#3471,#3477));
#3457 = ORIENTED_EDGE('',*,*,#3458,.F.);
#3458 = EDGE_CURVE('',#3459,#3430,#3461,.T.);
#3459 = VERTEX_POINT('',#3460);
#3460 = CARTESIAN_POINT('',(13.864507392532,-21.5,-8.776855558857));
#3461 = LINE('',#3462,#3463);
#3462 = CARTESIAN_POINT('',(13.864507392532,-21.5,-8.776855558857));
#3463 = VECTOR('',#3464,1.);
#3464 = DIRECTION('',(-0.896872741533,7.938528956499E-16,0.442288690219)
  );
#3465 = ORIENTED_EDGE('',*,*,#3466,.T.);
#3466 = EDGE_CURVE('',#3459,#2650,#3467,.T.);
#3467 = LINE('',#3468,#3469);
#3468 = CARTESIAN_POINT('',(13.864507392532,-21.5,-8.776855558857));
#3469 = VECTOR('',#3470,1.);
#3470 = DIRECTION('',(4.440892098501E-16,1.,-6.661338147751E-16));
#3471 = ORIENTED_EDGE('',*,*,#3472,.T.);
#3472 = EDGE_CURVE('',#2650,#2659,#3473,.T.);
#3473 = LINE('',#3474,#3475);
#3474 = CARTESIAN_POINT('',(13.585880544399,-19.01,-8.639452003131));
#3475 = VECTOR('',#3476,1.);
#3476 = DIRECTION('',(-0.896872741533,0.,0.442288690219));
#3477 = ORIENTED_EDGE('',*,*,#3437,.F.);
#3478 = PLANE('',#3479);
#3479 = AXIS2_PLACEMENT_3D('',#3480,#3481,#3482);
#3480 = CARTESIAN_POINT('',(13.864507392532,-21.5,-8.776855558857));
#3481 = DIRECTION('',(0.442288690219,1.036680546758E-16,0.896872741533)
  );
#3482 = DIRECTION('',(-0.896872741533,7.938528956499E-16,0.442288690219)
  );
#3483 = ADVANCED_FACE('',(#3484),#3507,.F.);
#3484 = FACE_BOUND('',#3485,.F.);
#3485 = EDGE_LOOP('',(#3486,#3494,#3500,#3506));
#3486 = ORIENTED_EDGE('',*,*,#3487,.F.);
#3487 = EDGE_CURVE('',#3488,#3459,#3490,.T.);
#3488 = VERTEX_POINT('',#3489);
#3489 = CARTESIAN_POINT('',(15.041219071526,-21.5,-9.176295349746));
#3490 = LINE('',#3491,#3492);
#3491 = CARTESIAN_POINT('',(15.041219071526,-21.5,-9.176295349746));
#3492 = VECTOR('',#3493,1.);
#3493 = DIRECTION('',(-0.946930129495,7.735299776472E-16,0.321439465303)
  );
#3494 = ORIENTED_EDGE('',*,*,#3495,.T.);
#3495 = EDGE_CURVE('',#3488,#2641,#3496,.T.);
#3496 = LINE('',#3497,#3498);
#3497 = CARTESIAN_POINT('',(15.041219071526,-21.5,-9.176295349746));
#3498 = VECTOR('',#3499,1.);
#3499 = DIRECTION('',(4.440892098501E-16,1.,-6.661338147751E-16));
#3500 = ORIENTED_EDGE('',*,*,#3501,.T.);
#3501 = EDGE_CURVE('',#2641,#2650,#3502,.T.);
#3502 = LINE('',#3503,#3504);
#3503 = CARTESIAN_POINT('',(14.747041151777,-19.01,-9.076435402024));
#3504 = VECTOR('',#3505,1.);
#3505 = DIRECTION('',(-0.946930129495,0.,0.321439465303));
#3506 = ORIENTED_EDGE('',*,*,#3466,.F.);
#3507 = PLANE('',#3508);
#3508 = AXIS2_PLACEMENT_3D('',#3509,#3510,#3511);
#3509 = CARTESIAN_POINT('',(15.041219071526,-21.5,-9.176295349746));
#3510 = DIRECTION('',(0.321439465303,2.06399755749E-16,0.946930129495));
#3511 = DIRECTION('',(-0.946930129495,7.735299776472E-16,0.321439465303)
  );
#3512 = ADVANCED_FACE('',(#3513),#3536,.F.);
#3513 = FACE_BOUND('',#3514,.F.);
#3514 = EDGE_LOOP('',(#3515,#3523,#3529,#3535));
#3515 = ORIENTED_EDGE('',*,*,#3516,.F.);
#3516 = EDGE_CURVE('',#3517,#3488,#3519,.T.);
#3517 = VERTEX_POINT('',#3518);
#3518 = CARTESIAN_POINT('',(16.26000117391,-21.5,-9.418726183051));
#3519 = LINE('',#3520,#3521);
#3520 = CARTESIAN_POINT('',(16.26000117391,-21.5,-9.418726183051));
#3521 = VECTOR('',#3522,1.);
#3522 = DIRECTION('',(-0.980785280403,7.399717472638E-16,0.195090322016)
  );
#3523 = ORIENTED_EDGE('',*,*,#3524,.T.);
#3524 = EDGE_CURVE('',#3517,#2632,#3525,.T.);
#3525 = LINE('',#3526,#3527);
#3526 = CARTESIAN_POINT('',(16.26000117391,-21.5,-9.418726183051));
#3527 = VECTOR('',#3528,1.);
#3528 = DIRECTION('',(4.440892098501E-16,1.,-6.661338147751E-16));
#3529 = ORIENTED_EDGE('',*,*,#3530,.T.);
#3530 = EDGE_CURVE('',#2632,#2641,#3531,.T.);
#3531 = LINE('',#3532,#3533);
#3532 = CARTESIAN_POINT('',(15.955305648314,-19.01,-9.358118474725));
#3533 = VECTOR('',#3534,1.);
#3534 = DIRECTION('',(-0.980785280403,0.,0.195090322016));
#3535 = ORIENTED_EDGE('',*,*,#3495,.F.);
#3536 = PLANE('',#3537);
#3537 = AXIS2_PLACEMENT_3D('',#3538,#3539,#3540);
#3538 = CARTESIAN_POINT('',(16.26000117391,-21.5,-9.418726183051));
#3539 = DIRECTION('',(0.195090322016,3.055998997765E-16,0.980785280403)
  );
#3540 = DIRECTION('',(-0.980785280403,7.399717472638E-16,0.195090322016)
  );
#3541 = ADVANCED_FACE('',(#3542),#3558,.F.);
#3542 = FACE_BOUND('',#3543,.F.);
#3543 = EDGE_LOOP('',(#3544,#3550,#3551,#3557));
#3544 = ORIENTED_EDGE('',*,*,#3545,.F.);
#3545 = EDGE_CURVE('',#2550,#3517,#3546,.T.);
#3546 = LINE('',#3547,#3548);
#3547 = CARTESIAN_POINT('',(17.5,-21.5,-9.5));
#3548 = VECTOR('',#3549,1.);
#3549 = DIRECTION('',(-0.997858923239,6.937523951258E-16,
    6.540312923014E-02));
#3550 = ORIENTED_EDGE('',*,*,#2557,.T.);
#3551 = ORIENTED_EDGE('',*,*,#3552,.T.);
#3552 = EDGE_CURVE('',#2558,#2632,#3553,.T.);
#3553 = LINE('',#3554,#3555);
#3554 = CARTESIAN_POINT('',(17.190000293477,-19.01,-9.479681545763));
#3555 = VECTOR('',#3556,1.);
#3556 = DIRECTION('',(-0.997858923239,0.,6.540312923014E-02));
#3557 = ORIENTED_EDGE('',*,*,#3524,.F.);
#3558 = PLANE('',#3559);
#3559 = AXIS2_PLACEMENT_3D('',#3560,#3561,#3562);
#3560 = CARTESIAN_POINT('',(17.5,-21.5,-9.5));
#3561 = DIRECTION('',(6.540312923014E-02,3.995711447906E-16,
    0.997858923239));
#3562 = DIRECTION('',(-0.997858923239,6.937523951258E-16,
    6.540312923014E-02));
#3563 = ADVANCED_FACE('',(#3564),#3568,.F.);
#3564 = FACE_BOUND('',#3565,.F.);
#3565 = EDGE_LOOP('',(#3566,#3567));
#3566 = ORIENTED_EDGE('',*,*,#2829,.T.);
#3567 = ORIENTED_EDGE('',*,*,#2921,.F.);
#3568 = PLANE('',#3569);
#3569 = AXIS2_PLACEMENT_3D('',#3570,#3571,#3572);
#3570 = CARTESIAN_POINT('',(17.5,-19.01,0.));
#3571 = DIRECTION('',(0.,1.,0.));
#3572 = DIRECTION('',(0.,-0.,1.));
#3573 = ADVANCED_FACE('',(#3574),#3578,.F.);
#3574 = FACE_BOUND('',#3575,.F.);
#3575 = EDGE_LOOP('',(#3576,#3577));
#3576 = ORIENTED_EDGE('',*,*,#2820,.T.);
#3577 = ORIENTED_EDGE('',*,*,#2950,.F.);
#3578 = PLANE('',#3579);
#3579 = AXIS2_PLACEMENT_3D('',#3580,#3581,#3582);
#3580 = CARTESIAN_POINT('',(17.5,-19.01,0.));
#3581 = DIRECTION('',(0.,1.,0.));
#3582 = DIRECTION('',(0.,-0.,1.));
#3583 = ADVANCED_FACE('',(#3584),#3588,.F.);
#3584 = FACE_BOUND('',#3585,.F.);
#3585 = EDGE_LOOP('',(#3586,#3587));
#3586 = ORIENTED_EDGE('',*,*,#2811,.T.);
#3587 = ORIENTED_EDGE('',*,*,#2979,.F.);
#3588 = PLANE('',#3589);
#3589 = AXIS2_PLACEMENT_3D('',#3590,#3591,#3592);
#3590 = CARTESIAN_POINT('',(17.5,-19.01,0.));
#3591 = DIRECTION('',(0.,1.,0.));
#3592 = DIRECTION('',(0.,-0.,1.));
#3593 = ADVANCED_FACE('',(#3594),#3598,.F.);
#3594 = FACE_BOUND('',#3595,.F.);
#3595 = EDGE_LOOP('',(#3596,#3597));
#3596 = ORIENTED_EDGE('',*,*,#2802,.T.);
#3597 = ORIENTED_EDGE('',*,*,#3008,.F.);
#3598 = PLANE('',#3599);
#3599 = AXIS2_PLACEMENT_3D('',#3600,#3601,#3602);
#3600 = CARTESIAN_POINT('',(17.5,-19.01,0.));
#3601 = DIRECTION('',(0.,1.,0.));
#3602 = DIRECTION('',(0.,-0.,1.));
#3603 = ADVANCED_FACE('',(#3604),#3608,.F.);
#3604 = FACE_BOUND('',#3605,.F.);
#3605 = EDGE_LOOP('',(#3606,#3607));
#3606 = ORIENTED_EDGE('',*,*,#2793,.T.);
#3607 = ORIENTED_EDGE('',*,*,#3037,.F.);
#3608 = PLANE('',#3609);
#3609 = AXIS2_PLACEMENT_3D('',#3610,#3611,#3612);
#3610 = CARTESIAN_POINT('',(17.5,-19.01,0.));
#3611 = DIRECTION('',(0.,1.,0.));
#3612 = DIRECTION('',(0.,-0.,1.));
#3613 = ADVANCED_FACE('',(#3614),#3618,.F.);
#3614 = FACE_BOUND('',#3615,.F.);
#3615 = EDGE_LOOP('',(#3616,#3617));
#3616 = ORIENTED_EDGE('',*,*,#2784,.T.);
#3617 = ORIENTED_EDGE('',*,*,#3066,.F.);
#3618 = PLANE('',#3619);
#3619 = AXIS2_PLACEMENT_3D('',#3620,#3621,#3622);
#3620 = CARTESIAN_POINT('',(17.5,-19.01,0.));
#3621 = DIRECTION('',(0.,1.,0.));
#3622 = DIRECTION('',(0.,-0.,1.));
#3623 = ADVANCED_FACE('',(#3624),#3628,.F.);
#3624 = FACE_BOUND('',#3625,.F.);
#3625 = EDGE_LOOP('',(#3626,#3627));
#3626 = ORIENTED_EDGE('',*,*,#2775,.T.);
#3627 = ORIENTED_EDGE('',*,*,#3095,.F.);
#3628 = PLANE('',#3629);
#3629 = AXIS2_PLACEMENT_3D('',#3630,#3631,#3632);
#3630 = CARTESIAN_POINT('',(17.5,-19.01,0.));
#3631 = DIRECTION('',(0.,1.,0.));
#3632 = DIRECTION('',(0.,-0.,1.));
#3633 = ADVANCED_FACE('',(#3634),#3638,.F.);
#3634 = FACE_BOUND('',#3635,.F.);
#3635 = EDGE_LOOP('',(#3636,#3637));
#3636 = ORIENTED_EDGE('',*,*,#2766,.T.);
#3637 = ORIENTED_EDGE('',*,*,#3124,.F.);
#3638 = PLANE('',#3639);
#3639 = AXIS2_PLACEMENT_3D('',#3640,#3641,#3642);
#3640 = CARTESIAN_POINT('',(17.5,-19.01,0.));
#3641 = DIRECTION('',(0.,1.,0.));
#3642 = DIRECTION('',(0.,-0.,1.));
#3643 = ADVANCED_FACE('',(#3644),#3648,.F.);
#3644 = FACE_BOUND('',#3645,.F.);
#3645 = EDGE_LOOP('',(#3646,#3647));
#3646 = ORIENTED_EDGE('',*,*,#2757,.T.);
#3647 = ORIENTED_EDGE('',*,*,#3153,.F.);
#3648 = PLANE('',#3649);
#3649 = AXIS2_PLACEMENT_3D('',#3650,#3651,#3652);
#3650 = CARTESIAN_POINT('',(17.5,-19.01,0.));
#3651 = DIRECTION('',(0.,1.,0.));
#3652 = DIRECTION('',(0.,-0.,1.));
#3653 = ADVANCED_FACE('',(#3654),#3658,.F.);
#3654 = FACE_BOUND('',#3655,.F.);
#3655 = EDGE_LOOP('',(#3656,#3657));
#3656 = ORIENTED_EDGE('',*,*,#2748,.T.);
#3657 = ORIENTED_EDGE('',*,*,#3182,.F.);
#3658 = PLANE('',#3659);
#3659 = AXIS2_PLACEMENT_3D('',#3660,#3661,#3662);
#3660 = CARTESIAN_POINT('',(17.5,-19.01,0.));
#3661 = DIRECTION('',(0.,1.,0.));
#3662 = DIRECTION('',(0.,-0.,1.));
#3663 = ADVANCED_FACE('',(#3664),#3668,.F.);
#3664 = FACE_BOUND('',#3665,.F.);
#3665 = EDGE_LOOP('',(#3666,#3667));
#3666 = ORIENTED_EDGE('',*,*,#2739,.T.);
#3667 = ORIENTED_EDGE('',*,*,#3211,.F.);
#3668 = PLANE('',#3669);
#3669 = AXIS2_PLACEMENT_3D('',#3670,#3671,#3672);
#3670 = CARTESIAN_POINT('',(17.5,-19.01,0.));
#3671 = DIRECTION('',(0.,1.,0.));
#3672 = DIRECTION('',(0.,-0.,1.));
#3673 = ADVANCED_FACE('',(#3674),#3678,.F.);
#3674 = FACE_BOUND('',#3675,.F.);
#3675 = EDGE_LOOP('',(#3676,#3677));
#3676 = ORIENTED_EDGE('',*,*,#3240,.F.);
#3677 = ORIENTED_EDGE('',*,*,#2730,.T.);
#3678 = PLANE('',#3679);
#3679 = AXIS2_PLACEMENT_3D('',#3680,#3681,#3682);
#3680 = CARTESIAN_POINT('',(17.5,-19.01,0.));
#3681 = DIRECTION('',(0.,1.,0.));
#3682 = DIRECTION('',(0.,-0.,1.));
#3683 = ADVANCED_FACE('',(#3684),#3688,.F.);
#3684 = FACE_BOUND('',#3685,.F.);
#3685 = EDGE_LOOP('',(#3686,#3687));
#3686 = ORIENTED_EDGE('',*,*,#3269,.F.);
#3687 = ORIENTED_EDGE('',*,*,#2721,.T.);
#3688 = PLANE('',#3689);
#3689 = AXIS2_PLACEMENT_3D('',#3690,#3691,#3692);
#3690 = CARTESIAN_POINT('',(17.5,-19.01,0.));
#3691 = DIRECTION('',(0.,1.,0.));
#3692 = DIRECTION('',(0.,-0.,1.));
#3693 = ADVANCED_FACE('',(#3694),#3698,.F.);
#3694 = FACE_BOUND('',#3695,.F.);
#3695 = EDGE_LOOP('',(#3696,#3697));
#3696 = ORIENTED_EDGE('',*,*,#3298,.F.);
#3697 = ORIENTED_EDGE('',*,*,#2712,.T.);
#3698 = PLANE('',#3699);
#3699 = AXIS2_PLACEMENT_3D('',#3700,#3701,#3702);
#3700 = CARTESIAN_POINT('',(17.5,-19.01,0.));
#3701 = DIRECTION('',(0.,1.,0.));
#3702 = DIRECTION('',(0.,-0.,1.));
#3703 = ADVANCED_FACE('',(#3704),#3708,.F.);
#3704 = FACE_BOUND('',#3705,.F.);
#3705 = EDGE_LOOP('',(#3706,#3707));
#3706 = ORIENTED_EDGE('',*,*,#3327,.F.);
#3707 = ORIENTED_EDGE('',*,*,#2703,.T.);
#3708 = PLANE('',#3709);
#3709 = AXIS2_PLACEMENT_3D('',#3710,#3711,#3712);
#3710 = CARTESIAN_POINT('',(17.5,-19.01,0.));
#3711 = DIRECTION('',(0.,1.,0.));
#3712 = DIRECTION('',(0.,-0.,1.));
#3713 = ADVANCED_FACE('',(#3714),#3718,.F.);
#3714 = FACE_BOUND('',#3715,.F.);
#3715 = EDGE_LOOP('',(#3716,#3717));
#3716 = ORIENTED_EDGE('',*,*,#3356,.F.);
#3717 = ORIENTED_EDGE('',*,*,#2694,.T.);
#3718 = PLANE('',#3719);
#3719 = AXIS2_PLACEMENT_3D('',#3720,#3721,#3722);
#3720 = CARTESIAN_POINT('',(17.5,-19.01,0.));
#3721 = DIRECTION('',(0.,1.,0.));
#3722 = DIRECTION('',(0.,-0.,1.));
#3723 = ADVANCED_FACE('',(#3724),#3728,.F.);
#3724 = FACE_BOUND('',#3725,.F.);
#3725 = EDGE_LOOP('',(#3726,#3727));
#3726 = ORIENTED_EDGE('',*,*,#3385,.F.);
#3727 = ORIENTED_EDGE('',*,*,#2685,.T.);
#3728 = PLANE('',#3729);
#3729 = AXIS2_PLACEMENT_3D('',#3730,#3731,#3732);
#3730 = CARTESIAN_POINT('',(17.5,-19.01,0.));
#3731 = DIRECTION('',(0.,1.,0.));
#3732 = DIRECTION('',(0.,-0.,1.));
#3733 = ADVANCED_FACE('',(#3734),#3738,.F.);
#3734 = FACE_BOUND('',#3735,.F.);
#3735 = EDGE_LOOP('',(#3736,#3737));
#3736 = ORIENTED_EDGE('',*,*,#3414,.F.);
#3737 = ORIENTED_EDGE('',*,*,#2676,.T.);
#3738 = PLANE('',#3739);
#3739 = AXIS2_PLACEMENT_3D('',#3740,#3741,#3742);
#3740 = CARTESIAN_POINT('',(17.5,-19.01,0.));
#3741 = DIRECTION('',(0.,1.,0.));
#3742 = DIRECTION('',(0.,-0.,1.));
#3743 = ADVANCED_FACE('',(#3744),#3748,.F.);
#3744 = FACE_BOUND('',#3745,.F.);
#3745 = EDGE_LOOP('',(#3746,#3747));
#3746 = ORIENTED_EDGE('',*,*,#3443,.F.);
#3747 = ORIENTED_EDGE('',*,*,#2667,.T.);
#3748 = PLANE('',#3749);
#3749 = AXIS2_PLACEMENT_3D('',#3750,#3751,#3752);
#3750 = CARTESIAN_POINT('',(17.5,-19.01,0.));
#3751 = DIRECTION('',(0.,1.,0.));
#3752 = DIRECTION('',(0.,-0.,1.));
#3753 = ADVANCED_FACE('',(#3754),#3758,.F.);
#3754 = FACE_BOUND('',#3755,.F.);
#3755 = EDGE_LOOP('',(#3756,#3757));
#3756 = ORIENTED_EDGE('',*,*,#3472,.F.);
#3757 = ORIENTED_EDGE('',*,*,#2658,.T.);
#3758 = PLANE('',#3759);
#3759 = AXIS2_PLACEMENT_3D('',#3760,#3761,#3762);
#3760 = CARTESIAN_POINT('',(17.5,-19.01,0.));
#3761 = DIRECTION('',(0.,1.,0.));
#3762 = DIRECTION('',(0.,-0.,1.));
#3763 = ADVANCED_FACE('',(#3764),#3768,.F.);
#3764 = FACE_BOUND('',#3765,.F.);
#3765 = EDGE_LOOP('',(#3766,#3767));
#3766 = ORIENTED_EDGE('',*,*,#3501,.F.);
#3767 = ORIENTED_EDGE('',*,*,#2649,.T.);
#3768 = PLANE('',#3769);
#3769 = AXIS2_PLACEMENT_3D('',#3770,#3771,#3772);
#3770 = CARTESIAN_POINT('',(17.5,-19.01,0.));
#3771 = DIRECTION('',(0.,1.,0.));
#3772 = DIRECTION('',(0.,-0.,1.));
#3773 = ADVANCED_FACE('',(#3774),#3778,.F.);
#3774 = FACE_BOUND('',#3775,.F.);
#3775 = EDGE_LOOP('',(#3776,#3777));
#3776 = ORIENTED_EDGE('',*,*,#3530,.F.);
#3777 = ORIENTED_EDGE('',*,*,#2640,.T.);
#3778 = PLANE('',#3779);
#3779 = AXIS2_PLACEMENT_3D('',#3780,#3781,#3782);
#3780 = CARTESIAN_POINT('',(17.5,-19.01,0.));
#3781 = DIRECTION('',(0.,1.,0.));
#3782 = DIRECTION('',(0.,-0.,1.));
#3783 = ADVANCED_FACE('',(#3784),#3788,.F.);
#3784 = FACE_BOUND('',#3785,.F.);
#3785 = EDGE_LOOP('',(#3786,#3787));
#3786 = ORIENTED_EDGE('',*,*,#3552,.F.);
#3787 = ORIENTED_EDGE('',*,*,#2631,.T.);
#3788 = PLANE('',#3789);
#3789 = AXIS2_PLACEMENT_3D('',#3790,#3791,#3792);
#3790 = CARTESIAN_POINT('',(17.5,-19.01,0.));
#3791 = DIRECTION('',(0.,1.,0.));
#3792 = DIRECTION('',(0.,-0.,1.));
#3793 = ADVANCED_FACE('',(#3794,#3797),#3808,.T.);
#3794 = FACE_BOUND('',#3795,.T.);
#3795 = EDGE_LOOP('',(#3796));
#3796 = ORIENTED_EDGE('',*,*,#2597,.T.);
#3797 = FACE_BOUND('',#3798,.T.);
#3798 = EDGE_LOOP('',(#3799));
#3799 = ORIENTED_EDGE('',*,*,#3800,.F.);
#3800 = EDGE_CURVE('',#3801,#3801,#3803,.T.);
#3801 = VERTEX_POINT('',#3802);
#3802 = CARTESIAN_POINT('',(17.5,-18.5,8.));
#3803 = CIRCLE('',#3804,8.);
#3804 = AXIS2_PLACEMENT_3D('',#3805,#3806,#3807);
#3805 = CARTESIAN_POINT('',(17.5,-18.5,0.));
#3806 = DIRECTION('',(0.,1.,0.));
#3807 = DIRECTION('',(0.,-0.,1.));
#3808 = PLANE('',#3809);
#3809 = AXIS2_PLACEMENT_3D('',#3810,#3811,#3812);
#3810 = CARTESIAN_POINT('',(17.5,-18.5,0.));
#3811 = DIRECTION('',(0.,1.,0.));
#3812 = DIRECTION('',(0.,-0.,1.));
#3813 = ADVANCED_FACE('',(#3814),#3833,.T.);
#3814 = FACE_BOUND('',#3815,.T.);
#3815 = EDGE_LOOP('',(#3816,#3824,#3831,#3832));
#3816 = ORIENTED_EDGE('',*,*,#3817,.T.);
#3817 = EDGE_CURVE('',#3801,#3818,#3820,.T.);
#3818 = VERTEX_POINT('',#3819);
#3819 = CARTESIAN_POINT('',(17.5,-16.55,8.));
#3820 = LINE('',#3821,#3822);
#3821 = CARTESIAN_POINT('',(17.5,-18.51,8.));
#3822 = VECTOR('',#3823,1.);
#3823 = DIRECTION('',(0.,1.,0.));
#3824 = ORIENTED_EDGE('',*,*,#3825,.F.);
#3825 = EDGE_CURVE('',#3818,#3818,#3826,.T.);
#3826 = CIRCLE('',#3827,8.);
#3827 = AXIS2_PLACEMENT_3D('',#3828,#3829,#3830);
#3828 = CARTESIAN_POINT('',(17.5,-16.55,0.));
#3829 = DIRECTION('',(0.,1.,0.));
#3830 = DIRECTION('',(0.,-0.,1.));
#3831 = ORIENTED_EDGE('',*,*,#3817,.F.);
#3832 = ORIENTED_EDGE('',*,*,#3800,.T.);
#3833 = CYLINDRICAL_SURFACE('',#3834,8.);
#3834 = AXIS2_PLACEMENT_3D('',#3835,#3836,#3837);
#3835 = CARTESIAN_POINT('',(17.5,-18.51,0.));
#3836 = DIRECTION('',(0.,1.,0.));
#3837 = DIRECTION('',(0.,-0.,1.));
#3838 = ADVANCED_FACE('',(#3839),#4033,.F.);
#3839 = FACE_BOUND('',#3840,.F.);
#3840 = EDGE_LOOP('',(#3841,#3851,#3859,#3867,#3875,#3883,#3891,#3899,
    #3907,#3915,#3923,#3931,#3939,#3947,#3955,#3963,#3971,#3979,#3987,
    #3995,#4003,#4011,#4019,#4027));
#3841 = ORIENTED_EDGE('',*,*,#3842,.T.);
#3842 = EDGE_CURVE('',#3843,#3845,#3847,.T.);
#3843 = VERTEX_POINT('',#3844);
#3844 = CARTESIAN_POINT('',(36.184083626902,-18.5751462733,-5.));
#3845 = VERTEX_POINT('',#3846);
#3846 = CARTESIAN_POINT('',(36.,-18.77825125691,-5.));
#3847 = LINE('',#3848,#3849);
#3848 = CARTESIAN_POINT('',(33.20600323422,-21.86095164069,-5.));
#3849 = VECTOR('',#3850,1.);
#3850 = DIRECTION('',(-0.671558954847,-0.740951125355,0.));
#3851 = ORIENTED_EDGE('',*,*,#3852,.T.);
#3852 = EDGE_CURVE('',#3845,#3853,#3855,.T.);
#3853 = VERTEX_POINT('',#3854);
#3854 = CARTESIAN_POINT('',(36.,-21.5,-5.));
#3855 = LINE('',#3856,#3857);
#3856 = CARTESIAN_POINT('',(36.,-20.41821702539,-5.));
#3857 = VECTOR('',#3858,1.);
#3858 = DIRECTION('',(-6.661338147751E-16,-1.,0.));
#3859 = ORIENTED_EDGE('',*,*,#3860,.T.);
#3860 = EDGE_CURVE('',#3853,#3861,#3863,.T.);
#3861 = VERTEX_POINT('',#3862);
#3862 = CARTESIAN_POINT('',(19.703724120665,-21.5,-5.));
#3863 = LINE('',#3864,#3865);
#3864 = CARTESIAN_POINT('',(24.473501199618,-21.5,-5.));
#3865 = VECTOR('',#3866,1.);
#3866 = DIRECTION('',(-1.,4.440892098501E-16,0.));
#3867 = ORIENTED_EDGE('',*,*,#3868,.F.);
#3868 = EDGE_CURVE('',#3869,#3861,#3871,.T.);
#3869 = VERTEX_POINT('',#3870);
#3870 = CARTESIAN_POINT('',(19.703724120665,-24.,-5.));
#3871 = LINE('',#3872,#3873);
#3872 = CARTESIAN_POINT('',(19.703724120665,-26.,-5.));
#3873 = VECTOR('',#3874,1.);
#3874 = DIRECTION('',(0.,1.,0.));
#3875 = ORIENTED_EDGE('',*,*,#3876,.T.);
#3876 = EDGE_CURVE('',#3869,#3877,#3879,.T.);
#3877 = VERTEX_POINT('',#3878);
#3878 = CARTESIAN_POINT('',(33.,-24.,-5.));
#3879 = LINE('',#3880,#3881);
#3880 = CARTESIAN_POINT('',(17.5,-24.,-5.));
#3881 = VECTOR('',#3882,1.);
#3882 = DIRECTION('',(1.,0.,0.));
#3883 = ORIENTED_EDGE('',*,*,#3884,.T.);
#3884 = EDGE_CURVE('',#3877,#3885,#3887,.T.);
#3885 = VERTEX_POINT('',#3886);
#3886 = CARTESIAN_POINT('',(33.44101802732,-23.97712817715,-5.));
#3887 = LINE('',#3888,#3889);
#3888 = CARTESIAN_POINT('',(32.950932325673,-24.00120454379,-5.));
#3889 = VECTOR('',#3890,1.);
#3890 = DIRECTION('',(0.998795456205,4.906767432742E-02,0.));
#3891 = ORIENTED_EDGE('',*,*,#3892,.T.);
#3892 = EDGE_CURVE('',#3885,#3893,#3895,.T.);
#3893 = VERTEX_POINT('',#3894);
#3894 = CARTESIAN_POINT('',(33.828721135625,-23.91474989205,-5.));
#3895 = LINE('',#3896,#3897);
#3896 = CARTESIAN_POINT('',(33.343355227192,-23.98674712339,-5.));
#3897 = VECTOR('',#3898,1.);
#3898 = DIRECTION('',(0.989176509965,0.146730474455,0.));
#3899 = ORIENTED_EDGE('',*,*,#3900,.T.);
#3900 = EDGE_CURVE('',#3893,#3901,#3903,.T.);
#3901 = VERTEX_POINT('',#3902);
#3902 = CARTESIAN_POINT('',(34.208443206369,-23.81467042546,-5.));
#3903 = LINE('',#3904,#3905);
#3904 = CARTESIAN_POINT('',(33.732471430177,-23.93389514882,-5.));
#3905 = VECTOR('',#3906,1.);
#3906 = DIRECTION('',(0.970031253195,0.242980179903,0.));
#3907 = ORIENTED_EDGE('',*,*,#3908,.T.);
#3908 = EDGE_CURVE('',#3901,#3909,#3911,.T.);
#3909 = VERTEX_POINT('',#3910);
#3910 = CARTESIAN_POINT('',(34.576527308433,-23.67785359737,-5.));
#3911 = LINE('',#3912,#3913);
#3912 = CARTESIAN_POINT('',(34.11453353288,-23.84315761347,-5.));
#3913 = VECTOR('',#3914,1.);
#3914 = DIRECTION('',(0.941544065183,0.336889853392,0.));
#3915 = ORIENTED_EDGE('',*,*,#3916,.T.);
#3916 = EDGE_CURVE('',#3909,#3917,#3919,.T.);
#3917 = VERTEX_POINT('',#3918);
#3918 = CARTESIAN_POINT('',(34.9294285907,-23.50561702861,-5.));
#3919 = LINE('',#3920,#3921);
#3920 = CARTESIAN_POINT('',(34.485862068395,-23.71540836943,-5.));
#3921 = VECTOR('',#3922,1.);
#3922 = DIRECTION('',(0.903989293123,0.42755509343,0.));
#3923 = ORIENTED_EDGE('',*,*,#3924,.T.);
#3924 = EDGE_CURVE('',#3917,#3925,#3927,.T.);
#3925 = VERTEX_POINT('',#3926);
#3926 = CARTESIAN_POINT('',(35.263748420905,-23.29961945151,-5.));
#3927 = LINE('',#3928,#3929);
#3928 = CARTESIAN_POINT('',(34.842880939937,-23.55187771174,-5.));
#3929 = VECTOR('',#3930,1.);
#3930 = DIRECTION('',(0.85772861,0.514102744193,0.));
#3931 = ORIENTED_EDGE('',*,*,#3932,.T.);
#3932 = EDGE_CURVE('',#3925,#3933,#3935,.T.);
#3933 = VERTEX_POINT('',#3934);
#3934 = CARTESIAN_POINT('',(35.576267116326,-23.06184473533,-5.));
#3935 = LINE('',#3936,#3937);
#3936 = CARTESIAN_POINT('',(35.182151860606,-23.35414053003,-5.));
#3937 = VECTOR('',#3938,1.);
#3938 = DIRECTION('',(0.803207531481,0.595699304492,0.));
#3939 = ORIENTED_EDGE('',*,*,#3940,.T.);
#3940 = EDGE_CURVE('',#3933,#3941,#3943,.T.);
#3941 = VERTEX_POINT('',#3942);
#3942 = CARTESIAN_POINT('',(35.863974951086,-22.79458278057,-5.));
#3943 = LINE('',#3944,#3945);
#3944 = CARTESIAN_POINT('',(35.500407465971,-23.12410114145,-5.));
#3945 = VECTOR('',#3946,1.);
#3946 = DIRECTION('',(0.740951125355,0.671558954847,0.));
#3947 = ORIENTED_EDGE('',*,*,#3948,.T.);
#3948 = EDGE_CURVE('',#3941,#3949,#3951,.T.);
#3949 = VERTEX_POINT('',#3950);
#3950 = CARTESIAN_POINT('',(36.124101141459,-22.50040746597,-5.));
#3951 = LINE('',#3952,#3953);
#3952 = CARTESIAN_POINT('',(35.794582780578,-22.86397495108,-5.));
#3953 = VECTOR('',#3954,1.);
#3954 = DIRECTION('',(0.671558954847,0.740951125355,0.));
#3955 = ORIENTED_EDGE('',*,*,#3956,.T.);
#3956 = EDGE_CURVE('',#3949,#3957,#3959,.T.);
#3957 = VERTEX_POINT('',#3958);
#3958 = CARTESIAN_POINT('',(36.354140530032,-22.1821518606,-5.));
#3959 = LINE('',#3960,#3961);
#3960 = CARTESIAN_POINT('',(36.061844735333,-22.57626711632,-5.));
#3961 = VECTOR('',#3962,1.);
#3962 = DIRECTION('',(0.595699304492,0.803207531481,0.));
#3963 = ORIENTED_EDGE('',*,*,#3964,.T.);
#3964 = EDGE_CURVE('',#3957,#3965,#3967,.T.);
#3965 = VERTEX_POINT('',#3966);
#3966 = CARTESIAN_POINT('',(36.551877711742,-21.84288093993,-5.));
#3967 = LINE('',#3968,#3969);
#3968 = CARTESIAN_POINT('',(36.299619451512,-22.2637484209,-5.));
#3969 = VECTOR('',#3970,1.);
#3970 = DIRECTION('',(0.514102744193,0.85772861,0.));
#3971 = ORIENTED_EDGE('',*,*,#3972,.T.);
#3972 = EDGE_CURVE('',#3965,#3973,#3975,.T.);
#3973 = VERTEX_POINT('',#3974);
#3974 = CARTESIAN_POINT('',(36.715408369433,-21.48586206839,-5.));
#3975 = LINE('',#3976,#3977);
#3976 = CARTESIAN_POINT('',(36.505617028618,-21.9294285907,-5.));
#3977 = VECTOR('',#3978,1.);
#3978 = DIRECTION('',(0.42755509343,0.903989293123,0.));
#3979 = ORIENTED_EDGE('',*,*,#3980,.T.);
#3980 = EDGE_CURVE('',#3973,#3981,#3983,.T.);
#3981 = VERTEX_POINT('',#3982);
#3982 = CARTESIAN_POINT('',(36.843157613478,-21.11453353288,-5.));
#3983 = LINE('',#3984,#3985);
#3984 = CARTESIAN_POINT('',(36.677853597373,-21.57652730843,-5.));
#3985 = VECTOR('',#3986,1.);
#3986 = DIRECTION('',(0.336889853392,0.941544065183,0.));
#3987 = ORIENTED_EDGE('',*,*,#3988,.T.);
#3988 = EDGE_CURVE('',#3981,#3989,#3991,.T.);
#3989 = VERTEX_POINT('',#3990);
#3990 = CARTESIAN_POINT('',(36.933895148822,-20.73247143017,-5.));
#3991 = LINE('',#3992,#3993);
#3992 = CARTESIAN_POINT('',(36.814670425467,-21.20844320636,-5.));
#3993 = VECTOR('',#3994,1.);
#3994 = DIRECTION('',(0.242980179903,0.970031253195,0.));
#3995 = ORIENTED_EDGE('',*,*,#3996,.T.);
#3996 = EDGE_CURVE('',#3989,#3997,#3999,.T.);
#3997 = VERTEX_POINT('',#3998);
#3998 = CARTESIAN_POINT('',(36.986747123396,-20.34335522719,-5.));
#3999 = LINE('',#4000,#4001);
#4000 = CARTESIAN_POINT('',(36.914749892051,-20.82872113562,-5.));
#4001 = VECTOR('',#4002,1.);
#4002 = DIRECTION('',(0.146730474455,0.989176509965,0.));
#4003 = ORIENTED_EDGE('',*,*,#4004,.T.);
#4004 = EDGE_CURVE('',#3997,#4005,#4007,.T.);
#4005 = VERTEX_POINT('',#4006);
#4006 = CARTESIAN_POINT('',(37.001204543795,-19.95093232567,-5.));
#4007 = LINE('',#4008,#4009);
#4008 = CARTESIAN_POINT('',(36.977128177156,-20.44101802732,-5.));
#4009 = VECTOR('',#4010,1.);
#4010 = DIRECTION('',(4.906767432742E-02,0.998795456205,0.));
#4011 = ORIENTED_EDGE('',*,*,#4012,.T.);
#4012 = EDGE_CURVE('',#4005,#4013,#4015,.T.);
#4013 = VERTEX_POINT('',#4014);
#4014 = CARTESIAN_POINT('',(37.,-17.36355335013,-5.));
#4015 = LINE('',#4016,#4017);
#4016 = CARTESIAN_POINT('',(37.,-20.,-5.));
#4017 = VECTOR('',#4018,1.);
#4018 = DIRECTION('',(0.,1.,0.));
#4019 = ORIENTED_EDGE('',*,*,#4020,.T.);
#4020 = EDGE_CURVE('',#4013,#4021,#4023,.T.);
#4021 = VERTEX_POINT('',#4022);
#4022 = CARTESIAN_POINT('',(36.65175689842,-17.94456186415,-5.));
#4023 = LINE('',#4024,#4025);
#4024 = CARTESIAN_POINT('',(34.701527405547,-21.19832320077,-5.));
#4025 = VECTOR('',#4026,1.);
#4026 = DIRECTION('',(-0.514102744193,-0.85772861,0.));
#4027 = ORIENTED_EDGE('',*,*,#4028,.T.);
#4028 = EDGE_CURVE('',#4021,#3843,#4029,.T.);
#4029 = LINE('',#4030,#4031);
#4030 = CARTESIAN_POINT('',(33.955909068407,-21.57949187744,-5.));
#4031 = VECTOR('',#4032,1.);
#4032 = DIRECTION('',(-0.595699304492,-0.803207531481,0.));
#4033 = PLANE('',#4034);
#4034 = AXIS2_PLACEMENT_3D('',#4035,#4036,#4037);
#4035 = CARTESIAN_POINT('',(26.489565432767,-20.69894652404,-5.));
#4036 = DIRECTION('',(0.,0.,1.));
#4037 = DIRECTION('',(1.,0.,-0.));
#4038 = ADVANCED_FACE('',(#4039),#4064,.F.);
#4039 = FACE_BOUND('',#4040,.F.);
#4040 = EDGE_LOOP('',(#4041,#4042,#4048,#4049,#4057));
#4041 = ORIENTED_EDGE('',*,*,#3842,.F.);
#4042 = ORIENTED_EDGE('',*,*,#4043,.F.);
#4043 = EDGE_CURVE('',#2502,#3843,#4044,.T.);
#4044 = LINE('',#4045,#4046);
#4045 = CARTESIAN_POINT('',(36.184083626902,-18.5751462733,-9.5));
#4046 = VECTOR('',#4047,1.);
#4047 = DIRECTION('',(0.,0.,1.));
#4048 = ORIENTED_EDGE('',*,*,#2509,.F.);
#4049 = ORIENTED_EDGE('',*,*,#4050,.T.);
#4050 = EDGE_CURVE('',#2510,#4051,#4053,.T.);
#4051 = VERTEX_POINT('',#4052);
#4052 = CARTESIAN_POINT('',(35.656854249492,-19.15685424949,
    -5.029657137981));
#4053 = LINE('',#4054,#4055);
#4054 = CARTESIAN_POINT('',(35.656854249492,-19.15685424949,-9.5));
#4055 = VECTOR('',#4056,1.);
#4056 = DIRECTION('',(0.,0.,1.));
#4057 = ORIENTED_EDGE('',*,*,#4058,.F.);
#4058 = EDGE_CURVE('',#3845,#4051,#4059,.T.);
#4059 = ELLIPSE('',#4060,2.978145084009,2.);
#4060 = AXIS2_PLACEMENT_3D('',#4061,#4062,#4063);
#4061 = CARTESIAN_POINT('',(36.,-18.77825125691,-7.));
#4062 = DIRECTION('',(0.740951125355,-0.671558954847,-0.));
#4063 = DIRECTION('',(-0.671558954847,-0.740951125355,0.));
#4064 = PLANE('',#4065);
#4065 = AXIS2_PLACEMENT_3D('',#4066,#4067,#4068);
#4066 = CARTESIAN_POINT('',(35.656854249492,-19.15685424949,-9.5));
#4067 = DIRECTION('',(-0.740951125355,0.671558954847,0.));
#4068 = DIRECTION('',(0.671558954847,0.740951125355,0.));
#4069 = ADVANCED_FACE('',(#4070),#4081,.F.);
#4070 = FACE_BOUND('',#4071,.F.);
#4071 = EDGE_LOOP('',(#4072,#4073,#4074,#4075));
#4072 = ORIENTED_EDGE('',*,*,#2501,.F.);
#4073 = ORIENTED_EDGE('',*,*,#4043,.T.);
#4074 = ORIENTED_EDGE('',*,*,#4028,.F.);
#4075 = ORIENTED_EDGE('',*,*,#4076,.F.);
#4076 = EDGE_CURVE('',#2494,#4021,#4077,.T.);
#4077 = LINE('',#4078,#4079);
#4078 = CARTESIAN_POINT('',(36.65175689842,-17.94456186415,-9.5));
#4079 = VECTOR('',#4080,1.);
#4080 = DIRECTION('',(0.,0.,1.));
#4081 = PLANE('',#4082);
#4082 = AXIS2_PLACEMENT_3D('',#4083,#4084,#4085);
#4083 = CARTESIAN_POINT('',(36.184083626902,-18.5751462733,-9.5));
#4084 = DIRECTION('',(-0.803207531481,0.595699304492,0.));
#4085 = DIRECTION('',(0.595699304492,0.803207531481,0.));
#4086 = ADVANCED_FACE('',(#4087),#4107,.F.);
#4087 = FACE_BOUND('',#4088,.F.);
#4088 = EDGE_LOOP('',(#4089,#4090,#4091,#4092,#4101));
#4089 = ORIENTED_EDGE('',*,*,#2493,.F.);
#4090 = ORIENTED_EDGE('',*,*,#4076,.T.);
#4091 = ORIENTED_EDGE('',*,*,#4020,.F.);
#4092 = ORIENTED_EDGE('',*,*,#4093,.F.);
#4093 = EDGE_CURVE('',#4094,#4013,#4096,.T.);
#4094 = VERTEX_POINT('',#4095);
#4095 = CARTESIAN_POINT('',(37.055370114787,-17.2711738946,
    -4.99846589846));
#4096 = ELLIPSE('',#4097,1.945136475724,1.);
#4097 = AXIS2_PLACEMENT_3D('',#4098,#4099,#4100);
#4098 = CARTESIAN_POINT('',(37.,-17.36355335013,-4.));
#4099 = DIRECTION('',(-0.85772861,0.514102744193,0.));
#4100 = DIRECTION('',(0.514102744193,0.85772861,0.));
#4101 = ORIENTED_EDGE('',*,*,#4102,.F.);
#4102 = EDGE_CURVE('',#2486,#4094,#4103,.T.);
#4103 = LINE('',#4104,#4105);
#4104 = CARTESIAN_POINT('',(37.055370114787,-17.2711738946,-9.5));
#4105 = VECTOR('',#4106,1.);
#4106 = DIRECTION('',(0.,0.,1.));
#4107 = PLANE('',#4108);
#4108 = AXIS2_PLACEMENT_3D('',#4109,#4110,#4111);
#4109 = CARTESIAN_POINT('',(36.65175689842,-17.94456186415,-9.5));
#4110 = DIRECTION('',(-0.85772861,0.514102744193,0.));
#4111 = DIRECTION('',(0.514102744193,0.85772861,0.));
#4112 = ADVANCED_FACE('',(#4113),#4177,.T.);
#4113 = FACE_BOUND('',#4114,.T.);
#4114 = EDGE_LOOP('',(#4115,#4125,#4132,#4133,#4134,#4143,#4152,#4161,
    #4170));
#4115 = ORIENTED_EDGE('',*,*,#4116,.F.);
#4116 = EDGE_CURVE('',#4117,#4119,#4121,.T.);
#4117 = VERTEX_POINT('',#4118);
#4118 = CARTESIAN_POINT('',(38.,-20.,-4.));
#4119 = VERTEX_POINT('',#4120);
#4120 = CARTESIAN_POINT('',(38.,-13.5,-4.));
#4121 = LINE('',#4122,#4123);
#4122 = CARTESIAN_POINT('',(38.,-20.,-4.));
#4123 = VECTOR('',#4124,1.);
#4124 = DIRECTION('',(0.,1.,0.));
#4125 = ORIENTED_EDGE('',*,*,#4126,.T.);
#4126 = EDGE_CURVE('',#4117,#4005,#4127,.T.);
#4127 = CIRCLE('',#4128,1.);
#4128 = AXIS2_PLACEMENT_3D('',#4129,#4130,#4131);
#4129 = CARTESIAN_POINT('',(37.001204543795,-19.95093232567,-4.));
#4130 = DIRECTION('',(4.906767432742E-02,0.998795456205,0.));
#4131 = DIRECTION('',(0.998795456205,-4.906767432742E-02,-0.));
#4132 = ORIENTED_EDGE('',*,*,#4012,.T.);
#4133 = ORIENTED_EDGE('',*,*,#4093,.F.);
#4134 = ORIENTED_EDGE('',*,*,#4135,.F.);
#4135 = EDGE_CURVE('',#4136,#4094,#4138,.T.);
#4136 = VERTEX_POINT('',#4137);
#4137 = CARTESIAN_POINT('',(37.39103626009,-16.56146745892,
    -4.920375273079));
#4138 = ELLIPSE('',#4139,2.338879866866,1.);
#4139 = AXIS2_PLACEMENT_3D('',#4140,#4141,#4142);
#4140 = CARTESIAN_POINT('',(37.,-17.38824416624,-4.));
#4141 = DIRECTION('',(-0.903989293123,0.42755509343,0.));
#4142 = DIRECTION('',(0.42755509343,0.903989293123,0.));
#4143 = ORIENTED_EDGE('',*,*,#4144,.F.);
#4144 = EDGE_CURVE('',#4145,#4136,#4147,.T.);
#4145 = VERTEX_POINT('',#4146);
#4146 = CARTESIAN_POINT('',(37.655522685858,-15.82227741803,
    -4.755175481809));
#4147 = ELLIPSE('',#4148,2.968329232628,1.);
#4148 = AXIS2_PLACEMENT_3D('',#4149,#4150,#4151);
#4149 = CARTESIAN_POINT('',(37.,-17.65434059312,-4.));
#4150 = DIRECTION('',(-0.941544065183,0.336889853392,0.));
#4151 = DIRECTION('',(0.336889853392,0.941544065183,0.));
#4152 = ORIENTED_EDGE('',*,*,#4153,.F.);
#4153 = EDGE_CURVE('',#4154,#4145,#4156,.T.);
#4154 = VERTEX_POINT('',#4155);
#4155 = CARTESIAN_POINT('',(37.846282243226,-15.06072257612,
    -4.532734797813));
#4156 = ELLIPSE('',#4157,4.115562019907,1.);
#4157 = AXIS2_PLACEMENT_3D('',#4158,#4159,#4160);
#4158 = CARTESIAN_POINT('',(37.,-18.43927067531,-4.));
#4159 = DIRECTION('',(-0.970031253195,0.242980179903,0.));
#4160 = DIRECTION('',(0.242980179903,0.970031253195,0.));
#4161 = ORIENTED_EDGE('',*,*,#4162,.F.);
#4162 = EDGE_CURVE('',#4163,#4154,#4165,.T.);
#4163 = VERTEX_POINT('',#4164);
#4164 = CARTESIAN_POINT('',(37.961477813378,-14.28413712263,
    -4.274882546523));
#4165 = ELLIPSE('',#4166,6.815216836937,1.);
#4166 = AXIS2_PLACEMENT_3D('',#4167,#4168,#4169);
#4167 = CARTESIAN_POINT('',(37.,-20.76589404038,-4.));
#4168 = DIRECTION('',(-0.989176509965,0.146730474455,0.));
#4169 = DIRECTION('',(0.146730474455,0.989176509965,0.));
#4170 = ORIENTED_EDGE('',*,*,#4171,.F.);
#4171 = EDGE_CURVE('',#4119,#4163,#4172,.T.);
#4172 = ELLIPSE('',#4173,20.380016247097,1.);
#4173 = AXIS2_PLACEMENT_3D('',#4174,#4175,#4176);
#4174 = CARTESIAN_POINT('',(37.,-33.85546762498,-4.));
#4175 = DIRECTION('',(-0.998795456205,4.906767432742E-02,0.));
#4176 = DIRECTION('',(4.906767432742E-02,0.998795456205,0.));
#4177 = CYLINDRICAL_SURFACE('',#4178,1.);
#4178 = AXIS2_PLACEMENT_3D('',#4179,#4180,#4181);
#4179 = CARTESIAN_POINT('',(37.,-20.,-4.));
#4180 = DIRECTION('',(0.,1.,0.));
#4181 = DIRECTION('',(1.,0.,-0.));
#4182 = ADVANCED_FACE('',(#4183),#4202,.T.);
#4183 = FACE_BOUND('',#4184,.T.);
#4184 = EDGE_LOOP('',(#4185,#4194,#4195,#4196));
#4185 = ORIENTED_EDGE('',*,*,#4186,.T.);
#4186 = EDGE_CURVE('',#4187,#3997,#4189,.T.);
#4187 = VERTEX_POINT('',#4188);
#4188 = CARTESIAN_POINT('',(37.975923633361,-20.49008570164,-4.));
#4189 = CIRCLE('',#4190,1.);
#4190 = AXIS2_PLACEMENT_3D('',#4191,#4192,#4193);
#4191 = CARTESIAN_POINT('',(36.986747123396,-20.34335522719,-4.));
#4192 = DIRECTION('',(0.146730474455,0.989176509965,0.));
#4193 = DIRECTION('',(0.989176509965,-0.146730474455,-0.));
#4194 = ORIENTED_EDGE('',*,*,#4004,.T.);
#4195 = ORIENTED_EDGE('',*,*,#4126,.F.);
#4196 = ORIENTED_EDGE('',*,*,#4197,.F.);
#4197 = EDGE_CURVE('',#4187,#4117,#4198,.T.);
#4198 = LINE('',#4199,#4200);
#4199 = CARTESIAN_POINT('',(37.975923633361,-20.49008570164,-4.));
#4200 = VECTOR('',#4201,1.);
#4201 = DIRECTION('',(4.906767432742E-02,0.998795456205,0.));
#4202 = CYLINDRICAL_SURFACE('',#4203,1.);
#4203 = AXIS2_PLACEMENT_3D('',#4204,#4205,#4206);
#4204 = CARTESIAN_POINT('',(36.977128177156,-20.44101802732,-4.));
#4205 = DIRECTION('',(4.906767432742E-02,0.998795456205,0.));
#4206 = DIRECTION('',(0.998795456205,-4.906767432742E-02,-0.));
#4207 = ADVANCED_FACE('',(#4208),#4227,.T.);
#4208 = FACE_BOUND('',#4209,.T.);
#4209 = EDGE_LOOP('',(#4210,#4219,#4220,#4221));
#4210 = ORIENTED_EDGE('',*,*,#4211,.T.);
#4211 = EDGE_CURVE('',#4212,#3989,#4214,.T.);
#4212 = VERTEX_POINT('',#4213);
#4213 = CARTESIAN_POINT('',(37.903926402016,-20.97545161008,-4.));
#4214 = CIRCLE('',#4215,1.);
#4215 = AXIS2_PLACEMENT_3D('',#4216,#4217,#4218);
#4216 = CARTESIAN_POINT('',(36.933895148822,-20.73247143017,-4.));
#4217 = DIRECTION('',(0.242980179903,0.970031253195,0.));
#4218 = DIRECTION('',(0.970031253195,-0.242980179903,-0.));
#4219 = ORIENTED_EDGE('',*,*,#3996,.T.);
#4220 = ORIENTED_EDGE('',*,*,#4186,.F.);
#4221 = ORIENTED_EDGE('',*,*,#4222,.F.);
#4222 = EDGE_CURVE('',#4212,#4187,#4223,.T.);
#4223 = LINE('',#4224,#4225);
#4224 = CARTESIAN_POINT('',(37.903926402016,-20.97545161008,-4.));
#4225 = VECTOR('',#4226,1.);
#4226 = DIRECTION('',(0.146730474455,0.989176509965,0.));
#4227 = CYLINDRICAL_SURFACE('',#4228,1.);
#4228 = AXIS2_PLACEMENT_3D('',#4229,#4230,#4231);
#4229 = CARTESIAN_POINT('',(36.914749892051,-20.82872113562,-4.));
#4230 = DIRECTION('',(0.146730474455,0.989176509965,0.));
#4231 = DIRECTION('',(0.989176509965,-0.146730474455,-0.));
#4232 = ADVANCED_FACE('',(#4233),#4252,.T.);
#4233 = FACE_BOUND('',#4234,.T.);
#4234 = EDGE_LOOP('',(#4235,#4244,#4245,#4246));
#4235 = ORIENTED_EDGE('',*,*,#4236,.T.);
#4236 = EDGE_CURVE('',#4237,#3981,#4239,.T.);
#4237 = VERTEX_POINT('',#4238);
#4238 = CARTESIAN_POINT('',(37.784701678661,-21.45142338627,-4.));
#4239 = CIRCLE('',#4240,1.);
#4240 = AXIS2_PLACEMENT_3D('',#4241,#4242,#4243);
#4241 = CARTESIAN_POINT('',(36.843157613478,-21.11453353288,-4.));
#4242 = DIRECTION('',(0.336889853392,0.941544065183,0.));
#4243 = DIRECTION('',(0.941544065183,-0.336889853392,-0.));
#4244 = ORIENTED_EDGE('',*,*,#3988,.T.);
#4245 = ORIENTED_EDGE('',*,*,#4211,.F.);
#4246 = ORIENTED_EDGE('',*,*,#4247,.F.);
#4247 = EDGE_CURVE('',#4237,#4212,#4248,.T.);
#4248 = LINE('',#4249,#4250);
#4249 = CARTESIAN_POINT('',(37.784701678661,-21.45142338627,-4.));
#4250 = VECTOR('',#4251,1.);
#4251 = DIRECTION('',(0.242980179903,0.970031253195,0.));
#4252 = CYLINDRICAL_SURFACE('',#4253,1.);
#4253 = AXIS2_PLACEMENT_3D('',#4254,#4255,#4256);
#4254 = CARTESIAN_POINT('',(36.814670425467,-21.20844320636,-4.));
#4255 = DIRECTION('',(0.242980179903,0.970031253195,0.));
#4256 = DIRECTION('',(0.970031253195,-0.242980179903,-0.));
#4257 = ADVANCED_FACE('',(#4258),#4277,.T.);
#4258 = FACE_BOUND('',#4259,.T.);
#4259 = EDGE_LOOP('',(#4260,#4269,#4270,#4271));
#4260 = ORIENTED_EDGE('',*,*,#4261,.T.);
#4261 = EDGE_CURVE('',#4262,#3973,#4264,.T.);
#4262 = VERTEX_POINT('',#4263);
#4263 = CARTESIAN_POINT('',(37.619397662556,-21.91341716182,-4.));
#4264 = CIRCLE('',#4265,1.);
#4265 = AXIS2_PLACEMENT_3D('',#4266,#4267,#4268);
#4266 = CARTESIAN_POINT('',(36.715408369433,-21.48586206839,-4.));
#4267 = DIRECTION('',(0.42755509343,0.903989293123,0.));
#4268 = DIRECTION('',(0.903989293123,-0.42755509343,-0.));
#4269 = ORIENTED_EDGE('',*,*,#3980,.T.);
#4270 = ORIENTED_EDGE('',*,*,#4236,.F.);
#4271 = ORIENTED_EDGE('',*,*,#4272,.F.);
#4272 = EDGE_CURVE('',#4262,#4237,#4273,.T.);
#4273 = LINE('',#4274,#4275);
#4274 = CARTESIAN_POINT('',(37.619397662556,-21.91341716182,-4.));
#4275 = VECTOR('',#4276,1.);
#4276 = DIRECTION('',(0.336889853392,0.941544065183,0.));
#4277 = CYLINDRICAL_SURFACE('',#4278,1.);
#4278 = AXIS2_PLACEMENT_3D('',#4279,#4280,#4281);
#4279 = CARTESIAN_POINT('',(36.677853597373,-21.57652730843,-4.));
#4280 = DIRECTION('',(0.336889853392,0.941544065183,0.));
#4281 = DIRECTION('',(0.941544065183,-0.336889853392,-0.));
#4282 = ADVANCED_FACE('',(#4283),#4302,.T.);
#4283 = FACE_BOUND('',#4284,.T.);
#4284 = EDGE_LOOP('',(#4285,#4294,#4295,#4296));
#4285 = ORIENTED_EDGE('',*,*,#4286,.T.);
#4286 = EDGE_CURVE('',#4287,#3965,#4289,.T.);
#4287 = VERTEX_POINT('',#4288);
#4288 = CARTESIAN_POINT('',(37.409606321742,-22.35698368413,-4.));
#4289 = CIRCLE('',#4290,1.);
#4290 = AXIS2_PLACEMENT_3D('',#4291,#4292,#4293);
#4291 = CARTESIAN_POINT('',(36.551877711742,-21.84288093993,-4.));
#4292 = DIRECTION('',(0.514102744193,0.85772861,0.));
#4293 = DIRECTION('',(0.85772861,-0.514102744193,-0.));
#4294 = ORIENTED_EDGE('',*,*,#3972,.T.);
#4295 = ORIENTED_EDGE('',*,*,#4261,.F.);
#4296 = ORIENTED_EDGE('',*,*,#4297,.F.);
#4297 = EDGE_CURVE('',#4287,#4262,#4298,.T.);
#4298 = LINE('',#4299,#4300);
#4299 = CARTESIAN_POINT('',(37.409606321742,-22.35698368413,-4.));
#4300 = VECTOR('',#4301,1.);
#4301 = DIRECTION('',(0.42755509343,0.903989293123,0.));
#4302 = CYLINDRICAL_SURFACE('',#4303,1.);
#4303 = AXIS2_PLACEMENT_3D('',#4304,#4305,#4306);
#4304 = CARTESIAN_POINT('',(36.505617028618,-21.9294285907,-4.));
#4305 = DIRECTION('',(0.42755509343,0.903989293123,0.));
#4306 = DIRECTION('',(0.903989293123,-0.42755509343,-0.));
#4307 = ADVANCED_FACE('',(#4308),#4327,.T.);
#4308 = FACE_BOUND('',#4309,.T.);
#4309 = EDGE_LOOP('',(#4310,#4319,#4320,#4321));
#4310 = ORIENTED_EDGE('',*,*,#4311,.T.);
#4311 = EDGE_CURVE('',#4312,#3957,#4314,.T.);
#4312 = VERTEX_POINT('',#4313);
#4313 = CARTESIAN_POINT('',(37.157348061513,-22.77785116509,-4.));
#4314 = CIRCLE('',#4315,1.);
#4315 = AXIS2_PLACEMENT_3D('',#4316,#4317,#4318);
#4316 = CARTESIAN_POINT('',(36.354140530032,-22.1821518606,-4.));
#4317 = DIRECTION('',(0.595699304492,0.803207531481,0.));
#4318 = DIRECTION('',(0.803207531481,-0.595699304492,-0.));
#4319 = ORIENTED_EDGE('',*,*,#3964,.T.);
#4320 = ORIENTED_EDGE('',*,*,#4286,.F.);
#4321 = ORIENTED_EDGE('',*,*,#4322,.F.);
#4322 = EDGE_CURVE('',#4312,#4287,#4323,.T.);
#4323 = LINE('',#4324,#4325);
#4324 = CARTESIAN_POINT('',(37.157348061513,-22.77785116509,-4.));
#4325 = VECTOR('',#4326,1.);
#4326 = DIRECTION('',(0.514102744193,0.85772861,0.));
#4327 = CYLINDRICAL_SURFACE('',#4328,1.);
#4328 = AXIS2_PLACEMENT_3D('',#4329,#4330,#4331);
#4329 = CARTESIAN_POINT('',(36.299619451512,-22.2637484209,-4.));
#4330 = DIRECTION('',(0.514102744193,0.85772861,0.));
#4331 = DIRECTION('',(0.85772861,-0.514102744193,-0.));
#4332 = ADVANCED_FACE('',(#4333),#4352,.T.);
#4333 = FACE_BOUND('',#4334,.T.);
#4334 = EDGE_LOOP('',(#4335,#4344,#4345,#4346));
#4335 = ORIENTED_EDGE('',*,*,#4336,.T.);
#4336 = EDGE_CURVE('',#4337,#3949,#4339,.T.);
#4337 = VERTEX_POINT('',#4338);
#4338 = CARTESIAN_POINT('',(36.865052266814,-23.17196642081,-4.));
#4339 = CIRCLE('',#4340,1.);
#4340 = AXIS2_PLACEMENT_3D('',#4341,#4342,#4343);
#4341 = CARTESIAN_POINT('',(36.124101141459,-22.50040746597,-4.));
#4342 = DIRECTION('',(0.671558954847,0.740951125355,0.));
#4343 = DIRECTION('',(0.740951125355,-0.671558954847,-0.));
#4344 = ORIENTED_EDGE('',*,*,#3956,.T.);
#4345 = ORIENTED_EDGE('',*,*,#4311,.F.);
#4346 = ORIENTED_EDGE('',*,*,#4347,.F.);
#4347 = EDGE_CURVE('',#4337,#4312,#4348,.T.);
#4348 = LINE('',#4349,#4350);
#4349 = CARTESIAN_POINT('',(36.865052266814,-23.17196642081,-4.));
#4350 = VECTOR('',#4351,1.);
#4351 = DIRECTION('',(0.595699304492,0.803207531481,0.));
#4352 = CYLINDRICAL_SURFACE('',#4353,1.);
#4353 = AXIS2_PLACEMENT_3D('',#4354,#4355,#4356);
#4354 = CARTESIAN_POINT('',(36.061844735333,-22.57626711632,-4.));
#4355 = DIRECTION('',(0.595699304492,0.803207531481,0.));
#4356 = DIRECTION('',(0.803207531481,-0.595699304492,-0.));
#4357 = ADVANCED_FACE('',(#4358),#4377,.T.);
#4358 = FACE_BOUND('',#4359,.T.);
#4359 = EDGE_LOOP('',(#4360,#4369,#4370,#4371));
#4360 = ORIENTED_EDGE('',*,*,#4361,.T.);
#4361 = EDGE_CURVE('',#4362,#3941,#4364,.T.);
#4362 = VERTEX_POINT('',#4363);
#4363 = CARTESIAN_POINT('',(36.535533905933,-23.53553390593,-4.));
#4364 = CIRCLE('',#4365,1.);
#4365 = AXIS2_PLACEMENT_3D('',#4366,#4367,#4368);
#4366 = CARTESIAN_POINT('',(35.863974951086,-22.79458278057,-4.));
#4367 = DIRECTION('',(0.740951125355,0.671558954847,0.));
#4368 = DIRECTION('',(0.671558954847,-0.740951125355,-0.));
#4369 = ORIENTED_EDGE('',*,*,#3948,.T.);
#4370 = ORIENTED_EDGE('',*,*,#4336,.F.);
#4371 = ORIENTED_EDGE('',*,*,#4372,.F.);
#4372 = EDGE_CURVE('',#4362,#4337,#4373,.T.);
#4373 = LINE('',#4374,#4375);
#4374 = CARTESIAN_POINT('',(36.535533905933,-23.53553390593,-4.));
#4375 = VECTOR('',#4376,1.);
#4376 = DIRECTION('',(0.671558954847,0.740951125355,0.));
#4377 = CYLINDRICAL_SURFACE('',#4378,1.);
#4378 = AXIS2_PLACEMENT_3D('',#4379,#4380,#4381);
#4379 = CARTESIAN_POINT('',(35.794582780578,-22.86397495108,-4.));
#4380 = DIRECTION('',(0.671558954847,0.740951125355,0.));
#4381 = DIRECTION('',(0.740951125355,-0.671558954847,-0.));
#4382 = ADVANCED_FACE('',(#4383),#4402,.T.);
#4383 = FACE_BOUND('',#4384,.T.);
#4384 = EDGE_LOOP('',(#4385,#4394,#4395,#4396));
#4385 = ORIENTED_EDGE('',*,*,#4386,.T.);
#4386 = EDGE_CURVE('',#4387,#3933,#4389,.T.);
#4387 = VERTEX_POINT('',#4388);
#4388 = CARTESIAN_POINT('',(36.171966420818,-23.86505226681,-4.));
#4389 = CIRCLE('',#4390,1.);
#4390 = AXIS2_PLACEMENT_3D('',#4391,#4392,#4393);
#4391 = CARTESIAN_POINT('',(35.576267116326,-23.06184473533,-4.));
#4392 = DIRECTION('',(0.803207531481,0.595699304492,0.));
#4393 = DIRECTION('',(0.595699304492,-0.803207531481,-0.));
#4394 = ORIENTED_EDGE('',*,*,#3940,.T.);
#4395 = ORIENTED_EDGE('',*,*,#4361,.F.);
#4396 = ORIENTED_EDGE('',*,*,#4397,.F.);
#4397 = EDGE_CURVE('',#4387,#4362,#4398,.T.);
#4398 = LINE('',#4399,#4400);
#4399 = CARTESIAN_POINT('',(36.171966420818,-23.86505226681,-4.));
#4400 = VECTOR('',#4401,1.);
#4401 = DIRECTION('',(0.740951125355,0.671558954847,0.));
#4402 = CYLINDRICAL_SURFACE('',#4403,1.);
#4403 = AXIS2_PLACEMENT_3D('',#4404,#4405,#4406);
#4404 = CARTESIAN_POINT('',(35.500407465971,-23.12410114145,-4.));
#4405 = DIRECTION('',(0.740951125355,0.671558954847,0.));
#4406 = DIRECTION('',(0.671558954847,-0.740951125355,-0.));
#4407 = ADVANCED_FACE('',(#4408),#4427,.T.);
#4408 = FACE_BOUND('',#4409,.T.);
#4409 = EDGE_LOOP('',(#4410,#4419,#4420,#4421));
#4410 = ORIENTED_EDGE('',*,*,#4411,.T.);
#4411 = EDGE_CURVE('',#4412,#3925,#4414,.T.);
#4412 = VERTEX_POINT('',#4413);
#4413 = CARTESIAN_POINT('',(35.777851165098,-24.15734806151,-4.));
#4414 = CIRCLE('',#4415,1.);
#4415 = AXIS2_PLACEMENT_3D('',#4416,#4417,#4418);
#4416 = CARTESIAN_POINT('',(35.263748420905,-23.29961945151,-4.));
#4417 = DIRECTION('',(0.85772861,0.514102744193,0.));
#4418 = DIRECTION('',(0.514102744193,-0.85772861,-0.));
#4419 = ORIENTED_EDGE('',*,*,#3932,.T.);
#4420 = ORIENTED_EDGE('',*,*,#4386,.F.);
#4421 = ORIENTED_EDGE('',*,*,#4422,.F.);
#4422 = EDGE_CURVE('',#4412,#4387,#4423,.T.);
#4423 = LINE('',#4424,#4425);
#4424 = CARTESIAN_POINT('',(35.777851165098,-24.15734806151,-4.));
#4425 = VECTOR('',#4426,1.);
#4426 = DIRECTION('',(0.803207531481,0.595699304492,0.));
#4427 = CYLINDRICAL_SURFACE('',#4428,1.);
#4428 = AXIS2_PLACEMENT_3D('',#4429,#4430,#4431);
#4429 = CARTESIAN_POINT('',(35.182151860606,-23.35414053003,-4.));
#4430 = DIRECTION('',(0.803207531481,0.595699304492,0.));
#4431 = DIRECTION('',(0.595699304492,-0.803207531481,-0.));
#4432 = ADVANCED_FACE('',(#4433),#4452,.T.);
#4433 = FACE_BOUND('',#4434,.T.);
#4434 = EDGE_LOOP('',(#4435,#4444,#4445,#4446));
#4435 = ORIENTED_EDGE('',*,*,#4436,.T.);
#4436 = EDGE_CURVE('',#4437,#3917,#4439,.T.);
#4437 = VERTEX_POINT('',#4438);
#4438 = CARTESIAN_POINT('',(35.35698368413,-24.40960632174,-4.));
#4439 = CIRCLE('',#4440,1.);
#4440 = AXIS2_PLACEMENT_3D('',#4441,#4442,#4443);
#4441 = CARTESIAN_POINT('',(34.9294285907,-23.50561702861,-4.));
#4442 = DIRECTION('',(0.903989293123,0.42755509343,0.));
#4443 = DIRECTION('',(0.42755509343,-0.903989293123,-0.));
#4444 = ORIENTED_EDGE('',*,*,#3924,.T.);
#4445 = ORIENTED_EDGE('',*,*,#4411,.F.);
#4446 = ORIENTED_EDGE('',*,*,#4447,.F.);
#4447 = EDGE_CURVE('',#4437,#4412,#4448,.T.);
#4448 = LINE('',#4449,#4450);
#4449 = CARTESIAN_POINT('',(35.35698368413,-24.40960632174,-4.));
#4450 = VECTOR('',#4451,1.);
#4451 = DIRECTION('',(0.85772861,0.514102744193,0.));
#4452 = CYLINDRICAL_SURFACE('',#4453,1.);
#4453 = AXIS2_PLACEMENT_3D('',#4454,#4455,#4456);
#4454 = CARTESIAN_POINT('',(34.842880939937,-23.55187771174,-4.));
#4455 = DIRECTION('',(0.85772861,0.514102744193,0.));
#4456 = DIRECTION('',(0.514102744193,-0.85772861,-0.));
#4457 = ADVANCED_FACE('',(#4458),#4477,.T.);
#4458 = FACE_BOUND('',#4459,.T.);
#4459 = EDGE_LOOP('',(#4460,#4469,#4470,#4471));
#4460 = ORIENTED_EDGE('',*,*,#4461,.T.);
#4461 = EDGE_CURVE('',#4462,#3909,#4464,.T.);
#4462 = VERTEX_POINT('',#4463);
#4463 = CARTESIAN_POINT('',(34.913417161825,-24.61939766255,-4.));
#4464 = CIRCLE('',#4465,1.);
#4465 = AXIS2_PLACEMENT_3D('',#4466,#4467,#4468);
#4466 = CARTESIAN_POINT('',(34.576527308433,-23.67785359737,-4.));
#4467 = DIRECTION('',(0.941544065183,0.336889853392,0.));
#4468 = DIRECTION('',(0.336889853392,-0.941544065183,-0.));
#4469 = ORIENTED_EDGE('',*,*,#3916,.T.);
#4470 = ORIENTED_EDGE('',*,*,#4436,.F.);
#4471 = ORIENTED_EDGE('',*,*,#4472,.F.);
#4472 = EDGE_CURVE('',#4462,#4437,#4473,.T.);
#4473 = LINE('',#4474,#4475);
#4474 = CARTESIAN_POINT('',(34.913417161825,-24.61939766255,-4.));
#4475 = VECTOR('',#4476,1.);
#4476 = DIRECTION('',(0.903989293123,0.42755509343,0.));
#4477 = CYLINDRICAL_SURFACE('',#4478,1.);
#4478 = AXIS2_PLACEMENT_3D('',#4479,#4480,#4481);
#4479 = CARTESIAN_POINT('',(34.485862068395,-23.71540836943,-4.));
#4480 = DIRECTION('',(0.903989293123,0.42755509343,0.));
#4481 = DIRECTION('',(0.42755509343,-0.903989293123,-0.));
#4482 = ADVANCED_FACE('',(#4483),#4502,.T.);
#4483 = FACE_BOUND('',#4484,.T.);
#4484 = EDGE_LOOP('',(#4485,#4494,#4495,#4496));
#4485 = ORIENTED_EDGE('',*,*,#4486,.T.);
#4486 = EDGE_CURVE('',#4487,#3901,#4489,.T.);
#4487 = VERTEX_POINT('',#4488);
#4488 = CARTESIAN_POINT('',(34.451423386272,-24.78470167866,-4.));
#4489 = CIRCLE('',#4490,1.);
#4490 = AXIS2_PLACEMENT_3D('',#4491,#4492,#4493);
#4491 = CARTESIAN_POINT('',(34.208443206369,-23.81467042546,-4.));
#4492 = DIRECTION('',(0.970031253195,0.242980179903,0.));
#4493 = DIRECTION('',(0.242980179903,-0.970031253195,-0.));
#4494 = ORIENTED_EDGE('',*,*,#3908,.T.);
#4495 = ORIENTED_EDGE('',*,*,#4461,.F.);
#4496 = ORIENTED_EDGE('',*,*,#4497,.F.);
#4497 = EDGE_CURVE('',#4487,#4462,#4498,.T.);
#4498 = LINE('',#4499,#4500);
#4499 = CARTESIAN_POINT('',(34.451423386272,-24.78470167866,-4.));
#4500 = VECTOR('',#4501,1.);
#4501 = DIRECTION('',(0.941544065183,0.336889853392,0.));
#4502 = CYLINDRICAL_SURFACE('',#4503,1.);
#4503 = AXIS2_PLACEMENT_3D('',#4504,#4505,#4506);
#4504 = CARTESIAN_POINT('',(34.11453353288,-23.84315761347,-4.));
#4505 = DIRECTION('',(0.941544065183,0.336889853392,0.));
#4506 = DIRECTION('',(0.336889853392,-0.941544065183,-0.));
#4507 = ADVANCED_FACE('',(#4508),#4527,.T.);
#4508 = FACE_BOUND('',#4509,.T.);
#4509 = EDGE_LOOP('',(#4510,#4519,#4520,#4521));
#4510 = ORIENTED_EDGE('',*,*,#4511,.T.);
#4511 = EDGE_CURVE('',#4512,#3893,#4514,.T.);
#4512 = VERTEX_POINT('',#4513);
#4513 = CARTESIAN_POINT('',(33.975451610081,-24.90392640201,-4.));
#4514 = CIRCLE('',#4515,1.);
#4515 = AXIS2_PLACEMENT_3D('',#4516,#4517,#4518);
#4516 = CARTESIAN_POINT('',(33.828721135625,-23.91474989205,-4.));
#4517 = DIRECTION('',(0.989176509965,0.146730474455,0.));
#4518 = DIRECTION('',(0.146730474455,-0.989176509965,-0.));
#4519 = ORIENTED_EDGE('',*,*,#3900,.T.);
#4520 = ORIENTED_EDGE('',*,*,#4486,.F.);
#4521 = ORIENTED_EDGE('',*,*,#4522,.F.);
#4522 = EDGE_CURVE('',#4512,#4487,#4523,.T.);
#4523 = LINE('',#4524,#4525);
#4524 = CARTESIAN_POINT('',(33.975451610081,-24.90392640201,-4.));
#4525 = VECTOR('',#4526,1.);
#4526 = DIRECTION('',(0.970031253195,0.242980179903,0.));
#4527 = CYLINDRICAL_SURFACE('',#4528,1.);
#4528 = AXIS2_PLACEMENT_3D('',#4529,#4530,#4531);
#4529 = CARTESIAN_POINT('',(33.732471430177,-23.93389514882,-4.));
#4530 = DIRECTION('',(0.970031253195,0.242980179903,0.));
#4531 = DIRECTION('',(0.242980179903,-0.970031253195,-0.));
#4532 = ADVANCED_FACE('',(#4533),#4552,.T.);
#4533 = FACE_BOUND('',#4534,.T.);
#4534 = EDGE_LOOP('',(#4535,#4544,#4545,#4546));
#4535 = ORIENTED_EDGE('',*,*,#4536,.T.);
#4536 = EDGE_CURVE('',#4537,#3885,#4539,.T.);
#4537 = VERTEX_POINT('',#4538);
#4538 = CARTESIAN_POINT('',(33.490085701648,-24.97592363336,-4.));
#4539 = CIRCLE('',#4540,1.);
#4540 = AXIS2_PLACEMENT_3D('',#4541,#4542,#4543);
#4541 = CARTESIAN_POINT('',(33.44101802732,-23.97712817715,-4.));
#4542 = DIRECTION('',(0.998795456205,4.906767432742E-02,0.));
#4543 = DIRECTION('',(4.906767432742E-02,-0.998795456205,-0.));
#4544 = ORIENTED_EDGE('',*,*,#3892,.T.);
#4545 = ORIENTED_EDGE('',*,*,#4511,.F.);
#4546 = ORIENTED_EDGE('',*,*,#4547,.F.);
#4547 = EDGE_CURVE('',#4537,#4512,#4548,.T.);
#4548 = LINE('',#4549,#4550);
#4549 = CARTESIAN_POINT('',(33.490085701648,-24.97592363336,-4.));
#4550 = VECTOR('',#4551,1.);
#4551 = DIRECTION('',(0.989176509965,0.146730474455,0.));
#4552 = CYLINDRICAL_SURFACE('',#4553,1.);
#4553 = AXIS2_PLACEMENT_3D('',#4554,#4555,#4556);
#4554 = CARTESIAN_POINT('',(33.343355227192,-23.98674712339,-4.));
#4555 = DIRECTION('',(0.989176509965,0.146730474455,0.));
#4556 = DIRECTION('',(0.146730474455,-0.989176509965,-0.));
#4557 = ADVANCED_FACE('',(#4558),#4577,.T.);
#4558 = FACE_BOUND('',#4559,.T.);
#4559 = EDGE_LOOP('',(#4560,#4569,#4570,#4571));
#4560 = ORIENTED_EDGE('',*,*,#4561,.T.);
#4561 = EDGE_CURVE('',#4562,#3877,#4564,.T.);
#4562 = VERTEX_POINT('',#4563);
#4563 = CARTESIAN_POINT('',(33.,-25.,-4.));
#4564 = CIRCLE('',#4565,1.);
#4565 = AXIS2_PLACEMENT_3D('',#4566,#4567,#4568);
#4566 = CARTESIAN_POINT('',(33.,-24.,-4.));
#4567 = DIRECTION('',(1.,0.,0.));
#4568 = DIRECTION('',(0.,-1.,-0.));
#4569 = ORIENTED_EDGE('',*,*,#3884,.T.);
#4570 = ORIENTED_EDGE('',*,*,#4536,.F.);
#4571 = ORIENTED_EDGE('',*,*,#4572,.F.);
#4572 = EDGE_CURVE('',#4562,#4537,#4573,.T.);
#4573 = LINE('',#4574,#4575);
#4574 = CARTESIAN_POINT('',(33.,-25.,-4.));
#4575 = VECTOR('',#4576,1.);
#4576 = DIRECTION('',(0.998795456205,4.906767432742E-02,0.));
#4577 = CYLINDRICAL_SURFACE('',#4578,1.);
#4578 = AXIS2_PLACEMENT_3D('',#4579,#4580,#4581);
#4579 = CARTESIAN_POINT('',(32.950932325673,-24.00120454379,-4.));
#4580 = DIRECTION('',(0.998795456205,4.906767432742E-02,0.));
#4581 = DIRECTION('',(4.906767432742E-02,-0.998795456205,-0.));
#4582 = ADVANCED_FACE('',(#4583),#4624,.T.);
#4583 = FACE_BOUND('',#4584,.T.);
#4584 = EDGE_LOOP('',(#4585,#4593,#4622,#4623));
#4585 = ORIENTED_EDGE('',*,*,#4586,.F.);
#4586 = EDGE_CURVE('',#4587,#4562,#4589,.T.);
#4587 = VERTEX_POINT('',#4588);
#4588 = CARTESIAN_POINT('',(18.86249770642,-25.,-4.));
#4589 = LINE('',#4590,#4591);
#4590 = CARTESIAN_POINT('',(17.5,-25.,-4.));
#4591 = VECTOR('',#4592,1.);
#4592 = DIRECTION('',(1.,0.,0.));
#4593 = ORIENTED_EDGE('',*,*,#4594,.T.);
#4594 = EDGE_CURVE('',#4587,#3869,#4595,.T.);
#4595 = B_SPLINE_CURVE_WITH_KNOTS('',5,(#4596,#4597,#4598,#4599,#4600,
    #4601,#4602,#4603,#4604,#4605,#4606,#4607,#4608,#4609,#4610,#4611,
    #4612,#4613,#4614,#4615,#4616,#4617,#4618,#4619,#4620,#4621),
  .UNSPECIFIED.,.F.,.F.,(6,4,4,4,4,4,6),(0.,0.187058169479,
    0.275394155453,0.453398323356,0.609168784926,0.69494098913,1.),
  .UNSPECIFIED.);
#4596 = CARTESIAN_POINT('',(18.86249770642,-25.,-4.));
#4597 = CARTESIAN_POINT('',(18.924165179657,-25.,-4.042010895423));
#4598 = CARTESIAN_POINT('',(18.984284808005,-24.99779398079,
    -4.086447294018));
#4599 = CARTESIAN_POINT('',(19.042514369746,-24.99287167105,
    -4.133091527491));
#4600 = CARTESIAN_POINT('',(19.098555894364,-24.9847100805,
    -4.181649096432));
#4601 = CARTESIAN_POINT('',(19.177467551292,-24.9671466493,
    -4.255378948088));
#4602 = CARTESIAN_POINT('',(19.202223993143,-24.960675069,
    -4.279358111182));
#4603 = CARTESIAN_POINT('',(19.226377830059,-24.953315855,
    -4.303604536623));
#4604 = CARTESIAN_POINT('',(19.249889942073,-24.94502479083,
    -4.328051774119));
#4605 = CARTESIAN_POINT('',(19.318752376401,-24.91710027991,
    -4.402154365256));
#4606 = CARTESIAN_POINT('',(19.362077148932,-24.89448330579,
    -4.452244004351));
#4607 = CARTESIAN_POINT('',(19.402278275374,-24.8676486466,
    -4.502150114119));
#4608 = CARTESIAN_POINT('',(19.439153032621,-24.83653891786,
    -4.551058368179));
#4609 = CARTESIAN_POINT('',(19.501984136457,-24.77053261948,
    -4.639477266141));
#4610 = CARTESIAN_POINT('',(19.528691518296,-24.73663345113,
    -4.679346175661));
#4611 = CARTESIAN_POINT('',(19.552776365115,-24.69976858288,
    -4.717331188373));
#4612 = CARTESIAN_POINT('',(19.574310882399,-24.66020600721,
    -4.752970137734));
#4613 = CARTESIAN_POINT('',(19.60392502393,-24.59530832654,
    -4.804032250113));
#4614 = CARTESIAN_POINT('',(19.613707005525,-24.5715578285,
    -4.821351455336));
#4615 = CARTESIAN_POINT('',(19.62277847253,-24.54715878493,
    -4.837804523963));
#4616 = CARTESIAN_POINT('',(19.63116511018,-24.52216860567,
    -4.853349089764));
#4617 = CARTESIAN_POINT('',(19.666386148392,-24.40586924333,
    -4.919895910267));
#4618 = CARTESIAN_POINT('',(19.685472193606,-24.30865129872,
    -4.9597714234));
#4619 = CARTESIAN_POINT('',(19.697654721709,-24.20707938289,
    -4.986626281224));
#4620 = CARTESIAN_POINT('',(19.703724120665,-24.10343608194,-5.));
#4621 = CARTESIAN_POINT('',(19.703724120665,-24.,-5.));
#4622 = ORIENTED_EDGE('',*,*,#3876,.T.);
#4623 = ORIENTED_EDGE('',*,*,#4561,.F.);
#4624 = CYLINDRICAL_SURFACE('',#4625,1.);
#4625 = AXIS2_PLACEMENT_3D('',#4626,#4627,#4628);
#4626 = CARTESIAN_POINT('',(17.5,-24.,-4.));
#4627 = DIRECTION('',(1.,0.,0.));
#4628 = DIRECTION('',(0.,-1.,-0.));
#4629 = ADVANCED_FACE('',(#4630),#4723,.F.);
#4630 = FACE_BOUND('',#4631,.F.);
#4631 = EDGE_LOOP('',(#4632,#4642,#4649,#4650,#4657,#4658,#4659,#4668,
    #4676,#4689,#4716));
#4632 = ORIENTED_EDGE('',*,*,#4633,.T.);
#4633 = EDGE_CURVE('',#4634,#4636,#4638,.T.);
#4634 = VERTEX_POINT('',#4635);
#4635 = CARTESIAN_POINT('',(17.5,-25.,-3.58));
#4636 = VERTEX_POINT('',#4637);
#4637 = CARTESIAN_POINT('',(17.5,-19.5,-3.58));
#4638 = LINE('',#4639,#4640);
#4639 = CARTESIAN_POINT('',(17.5,-26.,-3.58));
#4640 = VECTOR('',#4641,1.);
#4641 = DIRECTION('',(0.,1.,0.));
#4642 = ORIENTED_EDGE('',*,*,#4643,.F.);
#4643 = EDGE_CURVE('',#4636,#4636,#4644,.T.);
#4644 = CIRCLE('',#4645,2.42);
#4645 = AXIS2_PLACEMENT_3D('',#4646,#4647,#4648);
#4646 = CARTESIAN_POINT('',(17.5,-19.5,-6.));
#4647 = DIRECTION('',(0.,1.,0.));
#4648 = DIRECTION('',(0.,-0.,1.));
#4649 = ORIENTED_EDGE('',*,*,#4633,.F.);
#4650 = ORIENTED_EDGE('',*,*,#4651,.T.);
#4651 = EDGE_CURVE('',#4634,#4587,#4652,.T.);
#4652 = CIRCLE('',#4653,2.42);
#4653 = AXIS2_PLACEMENT_3D('',#4654,#4655,#4656);
#4654 = CARTESIAN_POINT('',(17.5,-25.,-6.));
#4655 = DIRECTION('',(0.,1.,0.));
#4656 = DIRECTION('',(0.,-0.,1.));
#4657 = ORIENTED_EDGE('',*,*,#4594,.T.);
#4658 = ORIENTED_EDGE('',*,*,#3868,.T.);
#4659 = ORIENTED_EDGE('',*,*,#4660,.T.);
#4660 = EDGE_CURVE('',#3861,#4661,#4663,.T.);
#4661 = VERTEX_POINT('',#4662);
#4662 = CARTESIAN_POINT('',(15.532752744257,-21.5,-4.590624877908));
#4663 = CIRCLE('',#4664,2.42);
#4664 = AXIS2_PLACEMENT_3D('',#4665,#4666,#4667);
#4665 = CARTESIAN_POINT('',(17.5,-21.5,-6.));
#4666 = DIRECTION('',(0.,1.,0.));
#4667 = DIRECTION('',(0.,-0.,1.));
#4668 = ORIENTED_EDGE('',*,*,#4669,.F.);
#4669 = EDGE_CURVE('',#4670,#4661,#4672,.T.);
#4670 = VERTEX_POINT('',#4671);
#4671 = CARTESIAN_POINT('',(15.532752744257,-24.,-4.590624877908));
#4672 = LINE('',#4673,#4674);
#4673 = CARTESIAN_POINT('',(15.532752744257,-26.,-4.590624877908));
#4674 = VECTOR('',#4675,1.);
#4675 = DIRECTION('',(0.,1.,0.));
#4676 = ORIENTED_EDGE('',*,*,#4677,.T.);
#4677 = EDGE_CURVE('',#4670,#4678,#4680,.T.);
#4678 = VERTEX_POINT('',#4679);
#4679 = CARTESIAN_POINT('',(15.671206552105,-24.62586377436,
    -4.415097944686));
#4680 = B_SPLINE_CURVE_WITH_KNOTS('',7,(#4681,#4682,#4683,#4684,#4685,
    #4686,#4687,#4688),.UNSPECIFIED.,.F.,.F.,(8,8),(0.,1.),
  .PIECEWISE_BEZIER_KNOTS.);
#4681 = CARTESIAN_POINT('',(15.532752744257,-24.,-4.590624877908));
#4682 = CARTESIAN_POINT('',(15.532752744257,-24.11212835166,
    -4.590624877908));
#4683 = CARTESIAN_POINT('',(15.54136881468,-24.22477461685,
    -4.578598142421));
#4684 = CARTESIAN_POINT('',(15.558744898894,-24.33590840474,
    -4.554344983369));
#4685 = CARTESIAN_POINT('',(15.585389699787,-24.44341282083,
    -4.518129170555));
#4686 = CARTESIAN_POINT('',(15.622222068007,-24.54510481915,
    -4.470728462302));
#4687 = CARTESIAN_POINT('',(15.67049634527,-24.63871937178,
    -4.41338020035));
#4688 = CARTESIAN_POINT('',(15.731735280484,-24.7218196449,
    -4.347837816159));
#4689 = ORIENTED_EDGE('',*,*,#4690,.T.);
#4690 = EDGE_CURVE('',#4678,#4691,#4693,.T.);
#4691 = VERTEX_POINT('',#4692);
#4692 = CARTESIAN_POINT('',(16.428936449483,-25.,-3.829925607092));
#4693 = B_SPLINE_CURVE_WITH_KNOTS('',5,(#4694,#4695,#4696,#4697,#4698,
    #4699,#4700,#4701,#4702,#4703,#4704,#4705,#4706,#4707,#4708,#4709,
    #4710,#4711,#4712,#4713,#4714,#4715),.UNSPECIFIED.,.F.,.F.,(6,4,4,4,
    4,6),(0.,0.156527209,0.425819789176,0.674455054578,0.790362210374,1.
    ),.UNSPECIFIED.);
#4694 = CARTESIAN_POINT('',(15.635919028963,-24.55770376628,
    -4.456755970879));
#4695 = CARTESIAN_POINT('',(15.648512662083,-24.58480980702,
    -4.441544149928));
#4696 = CARTESIAN_POINT('',(15.662105545945,-24.61122659536,
    -4.425440985301));
#4697 = CARTESIAN_POINT('',(15.676722377461,-24.63686702602,
    -4.408502295361));
#4698 = CARTESIAN_POINT('',(15.692385498345,-24.66165377507,
    -4.390792578769));
#4699 = CARTESIAN_POINT('',(15.737896488092,-24.72657803209,
    -4.34071626811));
#4700 = CARTESIAN_POINT('',(15.769853443305,-24.76493812281,
    -4.306959925805));
#4701 = CARTESIAN_POINT('',(15.805010921539,-24.80012780793,
    -4.271572908012));
#4702 = CARTESIAN_POINT('',(15.843310398932,-24.83184916627,
    -4.23510547013));
#4703 = CARTESIAN_POINT('',(15.922697680471,-24.88594151968,
    -4.163934332792));
#4704 = CARTESIAN_POINT('',(15.963305117469,-24.90881513605,
    -4.129346775334));
#4705 = CARTESIAN_POINT('',(16.006256558497,-24.92849736979,
    -4.094779747444));
#4706 = CARTESIAN_POINT('',(16.051307076907,-24.94501822586,
    -4.060673902187));
#4707 = CARTESIAN_POINT('',(16.119928428203,-24.96481812624,
    -4.011905703657));
#4708 = CARTESIAN_POINT('',(16.142134385132,-24.97045983617,
    -3.996578322204));
#4709 = CARTESIAN_POINT('',(16.164698956551,-24.97546381867,
    -3.98146436623));
#4710 = CARTESIAN_POINT('',(16.18759384516,-24.97984999217,
    -3.966593632565));
#4711 = CARTESIAN_POINT('',(16.252748322719,-24.99050106376,
    -3.925579309374));
#4712 = CARTESIAN_POINT('',(16.295672751631,-24.99541273529,
    -3.900058851124));
#4713 = CARTESIAN_POINT('',(16.339440061159,-24.99852642381,
    -3.875549692955));
#4714 = CARTESIAN_POINT('',(16.383911937262,-25.,-3.852147939228));
#4715 = CARTESIAN_POINT('',(16.428936449483,-25.,-3.829925607092));
#4716 = ORIENTED_EDGE('',*,*,#4717,.T.);
#4717 = EDGE_CURVE('',#4691,#4634,#4718,.T.);
#4718 = CIRCLE('',#4719,2.42);
#4719 = AXIS2_PLACEMENT_3D('',#4720,#4721,#4722);
#4720 = CARTESIAN_POINT('',(17.5,-25.,-6.));
#4721 = DIRECTION('',(0.,1.,0.));
#4722 = DIRECTION('',(0.,-0.,1.));
#4723 = CYLINDRICAL_SURFACE('',#4724,2.42);
#4724 = AXIS2_PLACEMENT_3D('',#4725,#4726,#4727);
#4725 = CARTESIAN_POINT('',(17.5,-26.,-6.));
#4726 = DIRECTION('',(0.,1.,0.));
#4727 = DIRECTION('',(0.,-0.,1.));
#4728 = ADVANCED_FACE('',(#4729),#4775,.F.);
#4729 = FACE_BOUND('',#4730,.F.);
#4730 = EDGE_LOOP('',(#4731,#4732,#4741,#4750,#4759,#4767,#4774));
#4731 = ORIENTED_EDGE('',*,*,#4058,.T.);
#4732 = ORIENTED_EDGE('',*,*,#4733,.T.);
#4733 = EDGE_CURVE('',#4051,#4734,#4736,.T.);
#4734 = VERTEX_POINT('',#4735);
#4735 = CARTESIAN_POINT('',(35.075146273309,-19.6840836269,
    -5.226685142388));
#4736 = ELLIPSE('',#4737,2.69923336582,2.);
#4737 = AXIS2_PLACEMENT_3D('',#4738,#4739,#4740);
#4738 = CARTESIAN_POINT('',(36.,-18.84584506995,-7.));
#4739 = DIRECTION('',(0.671558954847,-0.740951125355,-0.));
#4740 = DIRECTION('',(-0.740951125355,-0.671558954847,0.));
#4741 = ORIENTED_EDGE('',*,*,#4742,.T.);
#4742 = EDGE_CURVE('',#4734,#4743,#4745,.T.);
#4743 = VERTEX_POINT('',#4744);
#4744 = CARTESIAN_POINT('',(34.444561864157,-20.15175689842,
    -5.742775992289));
#4745 = ELLIPSE('',#4746,2.490016492143,2.);
#4746 = AXIS2_PLACEMENT_3D('',#4747,#4748,#4749);
#4747 = CARTESIAN_POINT('',(36.,-18.99816535528,-7.));
#4748 = DIRECTION('',(0.595699304492,-0.803207531481,-0.));
#4749 = DIRECTION('',(-0.803207531481,-0.595699304492,0.));
#4750 = ORIENTED_EDGE('',*,*,#4751,.T.);
#4751 = EDGE_CURVE('',#4743,#4752,#4754,.T.);
#4752 = VERTEX_POINT('',#4753);
#4753 = CARTESIAN_POINT('',(34.,-20.41821702539,-7.));
#4754 = ELLIPSE('',#4755,2.331739872825,2.);
#4755 = AXIS2_PLACEMENT_3D('',#4756,#4757,#4758);
#4756 = CARTESIAN_POINT('',(36.,-19.21946315802,-7.));
#4757 = DIRECTION('',(0.514102744193,-0.85772861,-0.));
#4758 = DIRECTION('',(-0.85772861,-0.514102744193,0.));
#4759 = ORIENTED_EDGE('',*,*,#4760,.T.);
#4760 = EDGE_CURVE('',#4752,#4761,#4763,.T.);
#4761 = VERTEX_POINT('',#4762);
#4762 = CARTESIAN_POINT('',(34.,-21.5,-7.));
#4763 = LINE('',#4764,#4765);
#4764 = CARTESIAN_POINT('',(34.,-20.41821702539,-7.));
#4765 = VECTOR('',#4766,1.);
#4766 = DIRECTION('',(-6.661338147751E-16,-1.,0.));
#4767 = ORIENTED_EDGE('',*,*,#4768,.F.);
#4768 = EDGE_CURVE('',#3853,#4761,#4769,.T.);
#4769 = CIRCLE('',#4770,2.);
#4770 = AXIS2_PLACEMENT_3D('',#4771,#4772,#4773);
#4771 = CARTESIAN_POINT('',(36.,-21.5,-7.));
#4772 = DIRECTION('',(-6.661338147751E-16,-1.,0.));
#4773 = DIRECTION('',(1.,-6.661338147751E-16,0.));
#4774 = ORIENTED_EDGE('',*,*,#3852,.F.);
#4775 = CYLINDRICAL_SURFACE('',#4776,2.);
#4776 = AXIS2_PLACEMENT_3D('',#4777,#4778,#4779);
#4777 = CARTESIAN_POINT('',(36.,-20.41821702539,-7.));
#4778 = DIRECTION('',(-6.661338147751E-16,-1.,0.));
#4779 = DIRECTION('',(0.,0.,1.));
#4780 = ADVANCED_FACE('',(#4781),#4792,.F.);
#4781 = FACE_BOUND('',#4782,.F.);
#4782 = EDGE_LOOP('',(#4783,#4784,#4785,#4791));
#4783 = ORIENTED_EDGE('',*,*,#4050,.F.);
#4784 = ORIENTED_EDGE('',*,*,#2517,.F.);
#4785 = ORIENTED_EDGE('',*,*,#4786,.T.);
#4786 = EDGE_CURVE('',#2518,#4734,#4787,.T.);
#4787 = LINE('',#4788,#4789);
#4788 = CARTESIAN_POINT('',(35.075146273309,-19.6840836269,-9.5));
#4789 = VECTOR('',#4790,1.);
#4790 = DIRECTION('',(0.,0.,1.));
#4791 = ORIENTED_EDGE('',*,*,#4733,.F.);
#4792 = PLANE('',#4793);
#4793 = AXIS2_PLACEMENT_3D('',#4794,#4795,#4796);
#4794 = CARTESIAN_POINT('',(35.075146273309,-19.6840836269,-9.5));
#4795 = DIRECTION('',(-0.671558954847,0.740951125355,0.));
#4796 = DIRECTION('',(0.740951125355,0.671558954847,0.));
#4797 = ADVANCED_FACE('',(#4798),#4809,.F.);
#4798 = FACE_BOUND('',#4799,.F.);
#4799 = EDGE_LOOP('',(#4800,#4801,#4802,#4803));
#4800 = ORIENTED_EDGE('',*,*,#2485,.F.);
#4801 = ORIENTED_EDGE('',*,*,#4102,.T.);
#4802 = ORIENTED_EDGE('',*,*,#4135,.F.);
#4803 = ORIENTED_EDGE('',*,*,#4804,.F.);
#4804 = EDGE_CURVE('',#2478,#4136,#4805,.T.);
#4805 = LINE('',#4806,#4807);
#4806 = CARTESIAN_POINT('',(37.39103626009,-16.56146745892,-9.5));
#4807 = VECTOR('',#4808,1.);
#4808 = DIRECTION('',(0.,0.,1.));
#4809 = PLANE('',#4810);
#4810 = AXIS2_PLACEMENT_3D('',#4811,#4812,#4813);
#4811 = CARTESIAN_POINT('',(37.055370114787,-17.2711738946,-9.5));
#4812 = DIRECTION('',(-0.903989293123,0.42755509343,0.));
#4813 = DIRECTION('',(0.42755509343,0.903989293123,0.));
#4814 = ADVANCED_FACE('',(#4815),#4831,.F.);
#4815 = FACE_BOUND('',#4816,.F.);
#4816 = EDGE_LOOP('',(#4817,#4818,#4824,#4825));
#4817 = ORIENTED_EDGE('',*,*,#2453,.F.);
#4818 = ORIENTED_EDGE('',*,*,#4819,.T.);
#4819 = EDGE_CURVE('',#2454,#4163,#4820,.T.);
#4820 = LINE('',#4821,#4822);
#4821 = CARTESIAN_POINT('',(37.961477813378,-14.28413712263,-9.5));
#4822 = VECTOR('',#4823,1.);
#4823 = DIRECTION('',(0.,0.,1.));
#4824 = ORIENTED_EDGE('',*,*,#4171,.F.);
#4825 = ORIENTED_EDGE('',*,*,#4826,.F.);
#4826 = EDGE_CURVE('',#2446,#4119,#4827,.T.);
#4827 = LINE('',#4828,#4829);
#4828 = CARTESIAN_POINT('',(38.,-13.5,-9.5));
#4829 = VECTOR('',#4830,1.);
#4830 = DIRECTION('',(0.,0.,1.));
#4831 = PLANE('',#4832);
#4832 = AXIS2_PLACEMENT_3D('',#4833,#4834,#4835);
#4833 = CARTESIAN_POINT('',(37.961477813378,-14.28413712263,-9.5));
#4834 = DIRECTION('',(-0.998795456205,4.906767432742E-02,0.));
#4835 = DIRECTION('',(4.906767432742E-02,0.998795456205,0.));
#4836 = ADVANCED_FACE('',(#4837),#4848,.F.);
#4837 = FACE_BOUND('',#4838,.F.);
#4838 = EDGE_LOOP('',(#4839,#4840,#4846,#4847));
#4839 = ORIENTED_EDGE('',*,*,#2461,.F.);
#4840 = ORIENTED_EDGE('',*,*,#4841,.T.);
#4841 = EDGE_CURVE('',#2462,#4154,#4842,.T.);
#4842 = LINE('',#4843,#4844);
#4843 = CARTESIAN_POINT('',(37.846282243226,-15.06072257612,-9.5));
#4844 = VECTOR('',#4845,1.);
#4845 = DIRECTION('',(0.,0.,1.));
#4846 = ORIENTED_EDGE('',*,*,#4162,.F.);
#4847 = ORIENTED_EDGE('',*,*,#4819,.F.);
#4848 = PLANE('',#4849);
#4849 = AXIS2_PLACEMENT_3D('',#4850,#4851,#4852);
#4850 = CARTESIAN_POINT('',(37.846282243226,-15.06072257612,-9.5));
#4851 = DIRECTION('',(-0.989176509965,0.146730474455,0.));
#4852 = DIRECTION('',(0.146730474455,0.989176509965,0.));
#4853 = ADVANCED_FACE('',(#4854),#4865,.F.);
#4854 = FACE_BOUND('',#4855,.F.);
#4855 = EDGE_LOOP('',(#4856,#4857,#4863,#4864));
#4856 = ORIENTED_EDGE('',*,*,#2469,.F.);
#4857 = ORIENTED_EDGE('',*,*,#4858,.T.);
#4858 = EDGE_CURVE('',#2470,#4145,#4859,.T.);
#4859 = LINE('',#4860,#4861);
#4860 = CARTESIAN_POINT('',(37.655522685858,-15.82227741803,-9.5));
#4861 = VECTOR('',#4862,1.);
#4862 = DIRECTION('',(0.,0.,1.));
#4863 = ORIENTED_EDGE('',*,*,#4153,.F.);
#4864 = ORIENTED_EDGE('',*,*,#4841,.F.);
#4865 = PLANE('',#4866);
#4866 = AXIS2_PLACEMENT_3D('',#4867,#4868,#4869);
#4867 = CARTESIAN_POINT('',(37.655522685858,-15.82227741803,-9.5));
#4868 = DIRECTION('',(-0.970031253195,0.242980179903,0.));
#4869 = DIRECTION('',(0.242980179903,0.970031253195,0.));
#4870 = ADVANCED_FACE('',(#4871),#4877,.F.);
#4871 = FACE_BOUND('',#4872,.F.);
#4872 = EDGE_LOOP('',(#4873,#4874,#4875,#4876));
#4873 = ORIENTED_EDGE('',*,*,#2477,.F.);
#4874 = ORIENTED_EDGE('',*,*,#4804,.T.);
#4875 = ORIENTED_EDGE('',*,*,#4144,.F.);
#4876 = ORIENTED_EDGE('',*,*,#4858,.F.);
#4877 = PLANE('',#4878);
#4878 = AXIS2_PLACEMENT_3D('',#4879,#4880,#4881);
#4879 = CARTESIAN_POINT('',(37.39103626009,-16.56146745892,-9.5));
#4880 = DIRECTION('',(-0.941544065183,0.336889853392,0.));
#4881 = DIRECTION('',(0.336889853392,0.941544065183,0.));
#4882 = ADVANCED_FACE('',(#4883),#4908,.F.);
#4883 = FACE_BOUND('',#4884,.F.);
#4884 = EDGE_LOOP('',(#4885,#4893,#4901,#4907));
#4885 = ORIENTED_EDGE('',*,*,#4886,.T.);
#4886 = EDGE_CURVE('',#4187,#4887,#4889,.T.);
#4887 = VERTEX_POINT('',#4888);
#4888 = CARTESIAN_POINT('',(37.975923633361,-20.49008570164,4.));
#4889 = LINE('',#4890,#4891);
#4890 = CARTESIAN_POINT('',(37.975923633361,-20.49008570164,-5.));
#4891 = VECTOR('',#4892,1.);
#4892 = DIRECTION('',(0.,0.,1.));
#4893 = ORIENTED_EDGE('',*,*,#4894,.T.);
#4894 = EDGE_CURVE('',#4887,#4895,#4897,.T.);
#4895 = VERTEX_POINT('',#4896);
#4896 = CARTESIAN_POINT('',(38.,-20.,4.));
#4897 = LINE('',#4898,#4899);
#4898 = CARTESIAN_POINT('',(37.975923633361,-20.49008570164,4.));
#4899 = VECTOR('',#4900,1.);
#4900 = DIRECTION('',(4.906767432742E-02,0.998795456205,0.));
#4901 = ORIENTED_EDGE('',*,*,#4902,.F.);
#4902 = EDGE_CURVE('',#4117,#4895,#4903,.T.);
#4903 = LINE('',#4904,#4905);
#4904 = CARTESIAN_POINT('',(38.,-20.,-5.));
#4905 = VECTOR('',#4906,1.);
#4906 = DIRECTION('',(0.,0.,1.));
#4907 = ORIENTED_EDGE('',*,*,#4197,.F.);
#4908 = PLANE('',#4909);
#4909 = AXIS2_PLACEMENT_3D('',#4910,#4911,#4912);
#4910 = CARTESIAN_POINT('',(37.975923633361,-20.49008570164,-5.));
#4911 = DIRECTION('',(-0.998795456205,4.906767432742E-02,0.));
#4912 = DIRECTION('',(4.906767432742E-02,0.998795456205,0.));
#4913 = ADVANCED_FACE('',(#4914),#4932,.F.);
#4914 = FACE_BOUND('',#4915,.F.);
#4915 = EDGE_LOOP('',(#4916,#4924,#4930,#4931));
#4916 = ORIENTED_EDGE('',*,*,#4917,.T.);
#4917 = EDGE_CURVE('',#4212,#4918,#4920,.T.);
#4918 = VERTEX_POINT('',#4919);
#4919 = CARTESIAN_POINT('',(37.903926402016,-20.97545161008,4.));
#4920 = LINE('',#4921,#4922);
#4921 = CARTESIAN_POINT('',(37.903926402016,-20.97545161008,-5.));
#4922 = VECTOR('',#4923,1.);
#4923 = DIRECTION('',(0.,0.,1.));
#4924 = ORIENTED_EDGE('',*,*,#4925,.T.);
#4925 = EDGE_CURVE('',#4918,#4887,#4926,.T.);
#4926 = LINE('',#4927,#4928);
#4927 = CARTESIAN_POINT('',(37.903926402016,-20.97545161008,4.));
#4928 = VECTOR('',#4929,1.);
#4929 = DIRECTION('',(0.146730474455,0.989176509965,0.));
#4930 = ORIENTED_EDGE('',*,*,#4886,.F.);
#4931 = ORIENTED_EDGE('',*,*,#4222,.F.);
#4932 = PLANE('',#4933);
#4933 = AXIS2_PLACEMENT_3D('',#4934,#4935,#4936);
#4934 = CARTESIAN_POINT('',(37.903926402016,-20.97545161008,-5.));
#4935 = DIRECTION('',(-0.989176509965,0.146730474455,0.));
#4936 = DIRECTION('',(0.146730474455,0.989176509965,0.));
#4937 = ADVANCED_FACE('',(#4938),#4956,.F.);
#4938 = FACE_BOUND('',#4939,.F.);
#4939 = EDGE_LOOP('',(#4940,#4948,#4954,#4955));
#4940 = ORIENTED_EDGE('',*,*,#4941,.T.);
#4941 = EDGE_CURVE('',#4237,#4942,#4944,.T.);
#4942 = VERTEX_POINT('',#4943);
#4943 = CARTESIAN_POINT('',(37.784701678661,-21.45142338627,4.));
#4944 = LINE('',#4945,#4946);
#4945 = CARTESIAN_POINT('',(37.784701678661,-21.45142338627,-5.));
#4946 = VECTOR('',#4947,1.);
#4947 = DIRECTION('',(0.,0.,1.));
#4948 = ORIENTED_EDGE('',*,*,#4949,.T.);
#4949 = EDGE_CURVE('',#4942,#4918,#4950,.T.);
#4950 = LINE('',#4951,#4952);
#4951 = CARTESIAN_POINT('',(37.784701678661,-21.45142338627,4.));
#4952 = VECTOR('',#4953,1.);
#4953 = DIRECTION('',(0.242980179903,0.970031253195,0.));
#4954 = ORIENTED_EDGE('',*,*,#4917,.F.);
#4955 = ORIENTED_EDGE('',*,*,#4247,.F.);
#4956 = PLANE('',#4957);
#4957 = AXIS2_PLACEMENT_3D('',#4958,#4959,#4960);
#4958 = CARTESIAN_POINT('',(37.784701678661,-21.45142338627,-5.));
#4959 = DIRECTION('',(-0.970031253195,0.242980179903,0.));
#4960 = DIRECTION('',(0.242980179903,0.970031253195,0.));
#4961 = ADVANCED_FACE('',(#4962),#4980,.F.);
#4962 = FACE_BOUND('',#4963,.F.);
#4963 = EDGE_LOOP('',(#4964,#4972,#4978,#4979));
#4964 = ORIENTED_EDGE('',*,*,#4965,.T.);
#4965 = EDGE_CURVE('',#4262,#4966,#4968,.T.);
#4966 = VERTEX_POINT('',#4967);
#4967 = CARTESIAN_POINT('',(37.619397662556,-21.91341716182,4.));
#4968 = LINE('',#4969,#4970);
#4969 = CARTESIAN_POINT('',(37.619397662556,-21.91341716182,-5.));
#4970 = VECTOR('',#4971,1.);
#4971 = DIRECTION('',(0.,0.,1.));
#4972 = ORIENTED_EDGE('',*,*,#4973,.T.);
#4973 = EDGE_CURVE('',#4966,#4942,#4974,.T.);
#4974 = LINE('',#4975,#4976);
#4975 = CARTESIAN_POINT('',(37.619397662556,-21.91341716182,4.));
#4976 = VECTOR('',#4977,1.);
#4977 = DIRECTION('',(0.336889853392,0.941544065183,0.));
#4978 = ORIENTED_EDGE('',*,*,#4941,.F.);
#4979 = ORIENTED_EDGE('',*,*,#4272,.F.);
#4980 = PLANE('',#4981);
#4981 = AXIS2_PLACEMENT_3D('',#4982,#4983,#4984);
#4982 = CARTESIAN_POINT('',(37.619397662556,-21.91341716182,-5.));
#4983 = DIRECTION('',(-0.941544065183,0.336889853392,0.));
#4984 = DIRECTION('',(0.336889853392,0.941544065183,0.));
#4985 = ADVANCED_FACE('',(#4986),#5004,.F.);
#4986 = FACE_BOUND('',#4987,.F.);
#4987 = EDGE_LOOP('',(#4988,#4996,#5002,#5003));
#4988 = ORIENTED_EDGE('',*,*,#4989,.T.);
#4989 = EDGE_CURVE('',#4287,#4990,#4992,.T.);
#4990 = VERTEX_POINT('',#4991);
#4991 = CARTESIAN_POINT('',(37.409606321742,-22.35698368413,4.));
#4992 = LINE('',#4993,#4994);
#4993 = CARTESIAN_POINT('',(37.409606321742,-22.35698368413,-5.));
#4994 = VECTOR('',#4995,1.);
#4995 = DIRECTION('',(0.,0.,1.));
#4996 = ORIENTED_EDGE('',*,*,#4997,.T.);
#4997 = EDGE_CURVE('',#4990,#4966,#4998,.T.);
#4998 = LINE('',#4999,#5000);
#4999 = CARTESIAN_POINT('',(37.409606321742,-22.35698368413,4.));
#5000 = VECTOR('',#5001,1.);
#5001 = DIRECTION('',(0.42755509343,0.903989293123,0.));
#5002 = ORIENTED_EDGE('',*,*,#4965,.F.);
#5003 = ORIENTED_EDGE('',*,*,#4297,.F.);
#5004 = PLANE('',#5005);
#5005 = AXIS2_PLACEMENT_3D('',#5006,#5007,#5008);
#5006 = CARTESIAN_POINT('',(37.409606321742,-22.35698368413,-5.));
#5007 = DIRECTION('',(-0.903989293123,0.42755509343,0.));
#5008 = DIRECTION('',(0.42755509343,0.903989293123,0.));
#5009 = ADVANCED_FACE('',(#5010),#5028,.F.);
#5010 = FACE_BOUND('',#5011,.F.);
#5011 = EDGE_LOOP('',(#5012,#5020,#5026,#5027));
#5012 = ORIENTED_EDGE('',*,*,#5013,.T.);
#5013 = EDGE_CURVE('',#4312,#5014,#5016,.T.);
#5014 = VERTEX_POINT('',#5015);
#5015 = CARTESIAN_POINT('',(37.157348061513,-22.77785116509,4.));
#5016 = LINE('',#5017,#5018);
#5017 = CARTESIAN_POINT('',(37.157348061513,-22.77785116509,-5.));
#5018 = VECTOR('',#5019,1.);
#5019 = DIRECTION('',(0.,0.,1.));
#5020 = ORIENTED_EDGE('',*,*,#5021,.T.);
#5021 = EDGE_CURVE('',#5014,#4990,#5022,.T.);
#5022 = LINE('',#5023,#5024);
#5023 = CARTESIAN_POINT('',(37.157348061513,-22.77785116509,4.));
#5024 = VECTOR('',#5025,1.);
#5025 = DIRECTION('',(0.514102744193,0.85772861,0.));
#5026 = ORIENTED_EDGE('',*,*,#4989,.F.);
#5027 = ORIENTED_EDGE('',*,*,#4322,.F.);
#5028 = PLANE('',#5029);
#5029 = AXIS2_PLACEMENT_3D('',#5030,#5031,#5032);
#5030 = CARTESIAN_POINT('',(37.157348061513,-22.77785116509,-5.));
#5031 = DIRECTION('',(-0.85772861,0.514102744193,0.));
#5032 = DIRECTION('',(0.514102744193,0.85772861,0.));
#5033 = ADVANCED_FACE('',(#5034),#5052,.F.);
#5034 = FACE_BOUND('',#5035,.F.);
#5035 = EDGE_LOOP('',(#5036,#5044,#5050,#5051));
#5036 = ORIENTED_EDGE('',*,*,#5037,.T.);
#5037 = EDGE_CURVE('',#4337,#5038,#5040,.T.);
#5038 = VERTEX_POINT('',#5039);
#5039 = CARTESIAN_POINT('',(36.865052266814,-23.17196642081,4.));
#5040 = LINE('',#5041,#5042);
#5041 = CARTESIAN_POINT('',(36.865052266814,-23.17196642081,-5.));
#5042 = VECTOR('',#5043,1.);
#5043 = DIRECTION('',(0.,0.,1.));
#5044 = ORIENTED_EDGE('',*,*,#5045,.T.);
#5045 = EDGE_CURVE('',#5038,#5014,#5046,.T.);
#5046 = LINE('',#5047,#5048);
#5047 = CARTESIAN_POINT('',(36.865052266814,-23.17196642081,4.));
#5048 = VECTOR('',#5049,1.);
#5049 = DIRECTION('',(0.595699304492,0.803207531481,0.));
#5050 = ORIENTED_EDGE('',*,*,#5013,.F.);
#5051 = ORIENTED_EDGE('',*,*,#4347,.F.);
#5052 = PLANE('',#5053);
#5053 = AXIS2_PLACEMENT_3D('',#5054,#5055,#5056);
#5054 = CARTESIAN_POINT('',(36.865052266814,-23.17196642081,-5.));
#5055 = DIRECTION('',(-0.803207531481,0.595699304492,0.));
#5056 = DIRECTION('',(0.595699304492,0.803207531481,0.));
#5057 = ADVANCED_FACE('',(#5058),#5076,.F.);
#5058 = FACE_BOUND('',#5059,.F.);
#5059 = EDGE_LOOP('',(#5060,#5068,#5074,#5075));
#5060 = ORIENTED_EDGE('',*,*,#5061,.T.);
#5061 = EDGE_CURVE('',#4362,#5062,#5064,.T.);
#5062 = VERTEX_POINT('',#5063);
#5063 = CARTESIAN_POINT('',(36.535533905933,-23.53553390593,4.));
#5064 = LINE('',#5065,#5066);
#5065 = CARTESIAN_POINT('',(36.535533905933,-23.53553390593,-5.));
#5066 = VECTOR('',#5067,1.);
#5067 = DIRECTION('',(0.,0.,1.));
#5068 = ORIENTED_EDGE('',*,*,#5069,.T.);
#5069 = EDGE_CURVE('',#5062,#5038,#5070,.T.);
#5070 = LINE('',#5071,#5072);
#5071 = CARTESIAN_POINT('',(36.535533905933,-23.53553390593,4.));
#5072 = VECTOR('',#5073,1.);
#5073 = DIRECTION('',(0.671558954847,0.740951125355,0.));
#5074 = ORIENTED_EDGE('',*,*,#5037,.F.);
#5075 = ORIENTED_EDGE('',*,*,#4372,.F.);
#5076 = PLANE('',#5077);
#5077 = AXIS2_PLACEMENT_3D('',#5078,#5079,#5080);
#5078 = CARTESIAN_POINT('',(36.535533905933,-23.53553390593,-5.));
#5079 = DIRECTION('',(-0.740951125355,0.671558954847,0.));
#5080 = DIRECTION('',(0.671558954847,0.740951125355,0.));
#5081 = ADVANCED_FACE('',(#5082),#5100,.F.);
#5082 = FACE_BOUND('',#5083,.F.);
#5083 = EDGE_LOOP('',(#5084,#5092,#5098,#5099));
#5084 = ORIENTED_EDGE('',*,*,#5085,.T.);
#5085 = EDGE_CURVE('',#4387,#5086,#5088,.T.);
#5086 = VERTEX_POINT('',#5087);
#5087 = CARTESIAN_POINT('',(36.171966420818,-23.86505226681,4.));
#5088 = LINE('',#5089,#5090);
#5089 = CARTESIAN_POINT('',(36.171966420818,-23.86505226681,-5.));
#5090 = VECTOR('',#5091,1.);
#5091 = DIRECTION('',(0.,0.,1.));
#5092 = ORIENTED_EDGE('',*,*,#5093,.T.);
#5093 = EDGE_CURVE('',#5086,#5062,#5094,.T.);
#5094 = LINE('',#5095,#5096);
#5095 = CARTESIAN_POINT('',(36.171966420818,-23.86505226681,4.));
#5096 = VECTOR('',#5097,1.);
#5097 = DIRECTION('',(0.740951125355,0.671558954847,0.));
#5098 = ORIENTED_EDGE('',*,*,#5061,.F.);
#5099 = ORIENTED_EDGE('',*,*,#4397,.F.);
#5100 = PLANE('',#5101);
#5101 = AXIS2_PLACEMENT_3D('',#5102,#5103,#5104);
#5102 = CARTESIAN_POINT('',(36.171966420818,-23.86505226681,-5.));
#5103 = DIRECTION('',(-0.671558954847,0.740951125355,0.));
#5104 = DIRECTION('',(0.740951125355,0.671558954847,0.));
#5105 = ADVANCED_FACE('',(#5106),#5124,.F.);
#5106 = FACE_BOUND('',#5107,.F.);
#5107 = EDGE_LOOP('',(#5108,#5116,#5122,#5123));
#5108 = ORIENTED_EDGE('',*,*,#5109,.T.);
#5109 = EDGE_CURVE('',#4412,#5110,#5112,.T.);
#5110 = VERTEX_POINT('',#5111);
#5111 = CARTESIAN_POINT('',(35.777851165098,-24.15734806151,4.));
#5112 = LINE('',#5113,#5114);
#5113 = CARTESIAN_POINT('',(35.777851165098,-24.15734806151,-5.));
#5114 = VECTOR('',#5115,1.);
#5115 = DIRECTION('',(0.,0.,1.));
#5116 = ORIENTED_EDGE('',*,*,#5117,.T.);
#5117 = EDGE_CURVE('',#5110,#5086,#5118,.T.);
#5118 = LINE('',#5119,#5120);
#5119 = CARTESIAN_POINT('',(35.777851165098,-24.15734806151,4.));
#5120 = VECTOR('',#5121,1.);
#5121 = DIRECTION('',(0.803207531481,0.595699304492,0.));
#5122 = ORIENTED_EDGE('',*,*,#5085,.F.);
#5123 = ORIENTED_EDGE('',*,*,#4422,.F.);
#5124 = PLANE('',#5125);
#5125 = AXIS2_PLACEMENT_3D('',#5126,#5127,#5128);
#5126 = CARTESIAN_POINT('',(35.777851165098,-24.15734806151,-5.));
#5127 = DIRECTION('',(-0.595699304492,0.803207531481,0.));
#5128 = DIRECTION('',(0.803207531481,0.595699304492,0.));
#5129 = ADVANCED_FACE('',(#5130),#5148,.F.);
#5130 = FACE_BOUND('',#5131,.F.);
#5131 = EDGE_LOOP('',(#5132,#5140,#5146,#5147));
#5132 = ORIENTED_EDGE('',*,*,#5133,.T.);
#5133 = EDGE_CURVE('',#4437,#5134,#5136,.T.);
#5134 = VERTEX_POINT('',#5135);
#5135 = CARTESIAN_POINT('',(35.35698368413,-24.40960632174,4.));
#5136 = LINE('',#5137,#5138);
#5137 = CARTESIAN_POINT('',(35.35698368413,-24.40960632174,-5.));
#5138 = VECTOR('',#5139,1.);
#5139 = DIRECTION('',(0.,0.,1.));
#5140 = ORIENTED_EDGE('',*,*,#5141,.T.);
#5141 = EDGE_CURVE('',#5134,#5110,#5142,.T.);
#5142 = LINE('',#5143,#5144);
#5143 = CARTESIAN_POINT('',(35.35698368413,-24.40960632174,4.));
#5144 = VECTOR('',#5145,1.);
#5145 = DIRECTION('',(0.85772861,0.514102744193,0.));
#5146 = ORIENTED_EDGE('',*,*,#5109,.F.);
#5147 = ORIENTED_EDGE('',*,*,#4447,.F.);
#5148 = PLANE('',#5149);
#5149 = AXIS2_PLACEMENT_3D('',#5150,#5151,#5152);
#5150 = CARTESIAN_POINT('',(35.35698368413,-24.40960632174,-5.));
#5151 = DIRECTION('',(-0.514102744193,0.85772861,0.));
#5152 = DIRECTION('',(0.85772861,0.514102744193,0.));
#5153 = ADVANCED_FACE('',(#5154),#5172,.F.);
#5154 = FACE_BOUND('',#5155,.F.);
#5155 = EDGE_LOOP('',(#5156,#5164,#5170,#5171));
#5156 = ORIENTED_EDGE('',*,*,#5157,.T.);
#5157 = EDGE_CURVE('',#4462,#5158,#5160,.T.);
#5158 = VERTEX_POINT('',#5159);
#5159 = CARTESIAN_POINT('',(34.913417161825,-24.61939766255,4.));
#5160 = LINE('',#5161,#5162);
#5161 = CARTESIAN_POINT('',(34.913417161825,-24.61939766255,-5.));
#5162 = VECTOR('',#5163,1.);
#5163 = DIRECTION('',(0.,0.,1.));
#5164 = ORIENTED_EDGE('',*,*,#5165,.T.);
#5165 = EDGE_CURVE('',#5158,#5134,#5166,.T.);
#5166 = LINE('',#5167,#5168);
#5167 = CARTESIAN_POINT('',(34.913417161825,-24.61939766255,4.));
#5168 = VECTOR('',#5169,1.);
#5169 = DIRECTION('',(0.903989293123,0.42755509343,0.));
#5170 = ORIENTED_EDGE('',*,*,#5133,.F.);
#5171 = ORIENTED_EDGE('',*,*,#4472,.F.);
#5172 = PLANE('',#5173);
#5173 = AXIS2_PLACEMENT_3D('',#5174,#5175,#5176);
#5174 = CARTESIAN_POINT('',(34.913417161825,-24.61939766255,-5.));
#5175 = DIRECTION('',(-0.42755509343,0.903989293123,0.));
#5176 = DIRECTION('',(0.903989293123,0.42755509343,0.));
#5177 = ADVANCED_FACE('',(#5178),#5196,.F.);
#5178 = FACE_BOUND('',#5179,.F.);
#5179 = EDGE_LOOP('',(#5180,#5188,#5194,#5195));
#5180 = ORIENTED_EDGE('',*,*,#5181,.T.);
#5181 = EDGE_CURVE('',#4487,#5182,#5184,.T.);
#5182 = VERTEX_POINT('',#5183);
#5183 = CARTESIAN_POINT('',(34.451423386272,-24.78470167866,4.));
#5184 = LINE('',#5185,#5186);
#5185 = CARTESIAN_POINT('',(34.451423386272,-24.78470167866,-5.));
#5186 = VECTOR('',#5187,1.);
#5187 = DIRECTION('',(0.,0.,1.));
#5188 = ORIENTED_EDGE('',*,*,#5189,.T.);
#5189 = EDGE_CURVE('',#5182,#5158,#5190,.T.);
#5190 = LINE('',#5191,#5192);
#5191 = CARTESIAN_POINT('',(34.451423386272,-24.78470167866,4.));
#5192 = VECTOR('',#5193,1.);
#5193 = DIRECTION('',(0.941544065183,0.336889853392,0.));
#5194 = ORIENTED_EDGE('',*,*,#5157,.F.);
#5195 = ORIENTED_EDGE('',*,*,#4497,.F.);
#5196 = PLANE('',#5197);
#5197 = AXIS2_PLACEMENT_3D('',#5198,#5199,#5200);
#5198 = CARTESIAN_POINT('',(34.451423386272,-24.78470167866,-5.));
#5199 = DIRECTION('',(-0.336889853392,0.941544065183,0.));
#5200 = DIRECTION('',(0.941544065183,0.336889853392,0.));
#5201 = ADVANCED_FACE('',(#5202),#5220,.F.);
#5202 = FACE_BOUND('',#5203,.F.);
#5203 = EDGE_LOOP('',(#5204,#5212,#5218,#5219));
#5204 = ORIENTED_EDGE('',*,*,#5205,.T.);
#5205 = EDGE_CURVE('',#4512,#5206,#5208,.T.);
#5206 = VERTEX_POINT('',#5207);
#5207 = CARTESIAN_POINT('',(33.975451610081,-24.90392640201,4.));
#5208 = LINE('',#5209,#5210);
#5209 = CARTESIAN_POINT('',(33.975451610081,-24.90392640201,-5.));
#5210 = VECTOR('',#5211,1.);
#5211 = DIRECTION('',(0.,0.,1.));
#5212 = ORIENTED_EDGE('',*,*,#5213,.T.);
#5213 = EDGE_CURVE('',#5206,#5182,#5214,.T.);
#5214 = LINE('',#5215,#5216);
#5215 = CARTESIAN_POINT('',(33.975451610081,-24.90392640201,4.));
#5216 = VECTOR('',#5217,1.);
#5217 = DIRECTION('',(0.970031253195,0.242980179903,0.));
#5218 = ORIENTED_EDGE('',*,*,#5181,.F.);
#5219 = ORIENTED_EDGE('',*,*,#4522,.F.);
#5220 = PLANE('',#5221);
#5221 = AXIS2_PLACEMENT_3D('',#5222,#5223,#5224);
#5222 = CARTESIAN_POINT('',(33.975451610081,-24.90392640201,-5.));
#5223 = DIRECTION('',(-0.242980179903,0.970031253195,0.));
#5224 = DIRECTION('',(0.970031253195,0.242980179903,0.));
#5225 = ADVANCED_FACE('',(#5226),#5244,.F.);
#5226 = FACE_BOUND('',#5227,.F.);
#5227 = EDGE_LOOP('',(#5228,#5236,#5242,#5243));
#5228 = ORIENTED_EDGE('',*,*,#5229,.T.);
#5229 = EDGE_CURVE('',#4537,#5230,#5232,.T.);
#5230 = VERTEX_POINT('',#5231);
#5231 = CARTESIAN_POINT('',(33.490085701648,-24.97592363336,4.));
#5232 = LINE('',#5233,#5234);
#5233 = CARTESIAN_POINT('',(33.490085701648,-24.97592363336,-5.));
#5234 = VECTOR('',#5235,1.);
#5235 = DIRECTION('',(0.,0.,1.));
#5236 = ORIENTED_EDGE('',*,*,#5237,.T.);
#5237 = EDGE_CURVE('',#5230,#5206,#5238,.T.);
#5238 = LINE('',#5239,#5240);
#5239 = CARTESIAN_POINT('',(33.490085701648,-24.97592363336,4.));
#5240 = VECTOR('',#5241,1.);
#5241 = DIRECTION('',(0.989176509965,0.146730474455,0.));
#5242 = ORIENTED_EDGE('',*,*,#5205,.F.);
#5243 = ORIENTED_EDGE('',*,*,#4547,.F.);
#5244 = PLANE('',#5245);
#5245 = AXIS2_PLACEMENT_3D('',#5246,#5247,#5248);
#5246 = CARTESIAN_POINT('',(33.490085701648,-24.97592363336,-5.));
#5247 = DIRECTION('',(-0.146730474455,0.989176509965,0.));
#5248 = DIRECTION('',(0.989176509965,0.146730474455,0.));
#5249 = ADVANCED_FACE('',(#5250),#5268,.F.);
#5250 = FACE_BOUND('',#5251,.F.);
#5251 = EDGE_LOOP('',(#5252,#5260,#5266,#5267));
#5252 = ORIENTED_EDGE('',*,*,#5253,.T.);
#5253 = EDGE_CURVE('',#4562,#5254,#5256,.T.);
#5254 = VERTEX_POINT('',#5255);
#5255 = CARTESIAN_POINT('',(33.,-25.,4.));
#5256 = LINE('',#5257,#5258);
#5257 = CARTESIAN_POINT('',(33.,-25.,-5.));
#5258 = VECTOR('',#5259,1.);
#5259 = DIRECTION('',(0.,0.,1.));
#5260 = ORIENTED_EDGE('',*,*,#5261,.T.);
#5261 = EDGE_CURVE('',#5254,#5230,#5262,.T.);
#5262 = LINE('',#5263,#5264);
#5263 = CARTESIAN_POINT('',(33.,-25.,4.));
#5264 = VECTOR('',#5265,1.);
#5265 = DIRECTION('',(0.998795456205,4.906767432742E-02,0.));
#5266 = ORIENTED_EDGE('',*,*,#5229,.F.);
#5267 = ORIENTED_EDGE('',*,*,#4572,.F.);
#5268 = PLANE('',#5269);
#5269 = AXIS2_PLACEMENT_3D('',#5270,#5271,#5272);
#5270 = CARTESIAN_POINT('',(33.,-25.,-5.));
#5271 = DIRECTION('',(-4.906767432742E-02,0.998795456205,0.));
#5272 = DIRECTION('',(0.998795456205,4.906767432742E-02,0.));
#5273 = ADVANCED_FACE('',(#5274,#5400),#5411,.F.);
#5274 = FACE_BOUND('',#5275,.F.);
#5275 = EDGE_LOOP('',(#5276,#5277,#5278,#5279,#5280,#5288,#5296,#5304,
    #5312,#5320,#5328,#5337,#5345,#5353,#5361,#5369,#5377,#5385,#5394));
#5276 = ORIENTED_EDGE('',*,*,#5253,.F.);
#5277 = ORIENTED_EDGE('',*,*,#4586,.F.);
#5278 = ORIENTED_EDGE('',*,*,#4651,.F.);
#5279 = ORIENTED_EDGE('',*,*,#4717,.F.);
#5280 = ORIENTED_EDGE('',*,*,#5281,.F.);
#5281 = EDGE_CURVE('',#5282,#4691,#5284,.T.);
#5282 = VERTEX_POINT('',#5283);
#5283 = CARTESIAN_POINT('',(15.971117912024,-25.,-3.69104787206));
#5284 = LINE('',#5285,#5286);
#5285 = CARTESIAN_POINT('',(15.876867515429,-25.,-3.662457326824));
#5286 = VECTOR('',#5287,1.);
#5287 = DIRECTION('',(0.956940335732,0.,-0.290284677254));
#5288 = ORIENTED_EDGE('',*,*,#5289,.F.);
#5289 = EDGE_CURVE('',#5290,#5282,#5292,.T.);
#5290 = VERTEX_POINT('',#5291);
#5291 = CARTESIAN_POINT('',(15.280407234704,-25.,-3.321855323312));
#5292 = LINE('',#5293,#5294);
#5293 = CARTESIAN_POINT('',(15.193545571728,-25.,-3.275426797164));
#5294 = VECTOR('',#5295,1.);
#5295 = DIRECTION('',(0.881921264348,0.,-0.471396736826));
#5296 = ORIENTED_EDGE('',*,*,#5297,.F.);
#5297 = EDGE_CURVE('',#5298,#5290,#5300,.T.);
#5298 = VERTEX_POINT('',#5299);
#5299 = CARTESIAN_POINT('',(14.674994262592,-25.,-2.825005737408));
#5300 = LINE('',#5301,#5302);
#5301 = CARTESIAN_POINT('',(14.598859378231,-25.,-2.76252345257));
#5302 = VECTOR('',#5303,1.);
#5303 = DIRECTION('',(0.773010453363,0.,-0.634393284164));
#5304 = ORIENTED_EDGE('',*,*,#5305,.F.);
#5305 = EDGE_CURVE('',#5306,#5298,#5308,.T.);
#5306 = VERTEX_POINT('',#5307);
#5307 = CARTESIAN_POINT('',(14.178144676688,-25.,-2.219592765296));
#5308 = LINE('',#5309,#5310);
#5309 = CARTESIAN_POINT('',(14.11566239185,-25.,-2.143457880934));
#5310 = VECTOR('',#5311,1.);
#5311 = DIRECTION('',(0.634393284164,0.,-0.773010453363));
#5312 = ORIENTED_EDGE('',*,*,#5313,.F.);
#5313 = EDGE_CURVE('',#5314,#5306,#5316,.T.);
#5314 = VERTEX_POINT('',#5315);
#5315 = CARTESIAN_POINT('',(13.80895212794,-25.,-1.528882087976));
#5316 = LINE('',#5317,#5318);
#5317 = CARTESIAN_POINT('',(13.762523601792,-25.,-1.442020424999));
#5318 = VECTOR('',#5319,1.);
#5319 = DIRECTION('',(0.471396736826,0.,-0.881921264348));
#5320 = ORIENTED_EDGE('',*,*,#5321,.F.);
#5321 = EDGE_CURVE('',#5322,#5314,#5324,.T.);
#5322 = VERTEX_POINT('',#5323);
#5323 = CARTESIAN_POINT('',(13.670074392908,-25.,-1.071063550517));
#5324 = LINE('',#5325,#5326);
#5325 = CARTESIAN_POINT('',(13.553013933716,-25.,-0.685166932826));
#5326 = VECTOR('',#5327,1.);
#5327 = DIRECTION('',(0.290284677254,0.,-0.956940335732));
#5328 = ORIENTED_EDGE('',*,*,#5329,.F.);
#5329 = EDGE_CURVE('',#5330,#5322,#5332,.T.);
#5330 = VERTEX_POINT('',#5331);
#5331 = CARTESIAN_POINT('',(13.670074392908,-25.,1.071063550517));
#5332 = CIRCLE('',#5333,2.42);
#5333 = AXIS2_PLACEMENT_3D('',#5334,#5335,#5336);
#5334 = CARTESIAN_POINT('',(11.5,-25.,7.347880794884E-16));
#5335 = DIRECTION('',(0.,1.,0.));
#5336 = DIRECTION('',(0.,-0.,1.));
#5337 = ORIENTED_EDGE('',*,*,#5338,.F.);
#5338 = EDGE_CURVE('',#5339,#5330,#5341,.T.);
#5339 = VERTEX_POINT('',#5340);
#5340 = CARTESIAN_POINT('',(13.80895212794,-25.,1.528882087976));
#5341 = LINE('',#5342,#5343);
#5342 = CARTESIAN_POINT('',(13.837542673176,-25.,1.623132484571));
#5343 = VECTOR('',#5344,1.);
#5344 = DIRECTION('',(-0.290284677254,0.,-0.956940335732));
#5345 = ORIENTED_EDGE('',*,*,#5346,.F.);
#5346 = EDGE_CURVE('',#5347,#5339,#5349,.T.);
#5347 = VERTEX_POINT('',#5348);
#5348 = CARTESIAN_POINT('',(14.178144676688,-25.,2.219592765296));
#5349 = LINE('',#5350,#5351);
#5350 = CARTESIAN_POINT('',(14.224573202836,-25.,2.306454428272));
#5351 = VECTOR('',#5352,1.);
#5352 = DIRECTION('',(-0.471396736826,0.,-0.881921264348));
#5353 = ORIENTED_EDGE('',*,*,#5354,.F.);
#5354 = EDGE_CURVE('',#5355,#5347,#5357,.T.);
#5355 = VERTEX_POINT('',#5356);
#5356 = CARTESIAN_POINT('',(14.674994262592,-25.,2.825005737408));
#5357 = LINE('',#5358,#5359);
#5358 = CARTESIAN_POINT('',(14.73747654743,-25.,2.901140621769));
#5359 = VECTOR('',#5360,1.);
#5360 = DIRECTION('',(-0.634393284164,0.,-0.773010453363));
#5361 = ORIENTED_EDGE('',*,*,#5362,.F.);
#5362 = EDGE_CURVE('',#5363,#5355,#5365,.T.);
#5363 = VERTEX_POINT('',#5364);
#5364 = CARTESIAN_POINT('',(15.280407234704,-25.,3.321855323312));
#5365 = LINE('',#5366,#5367);
#5366 = CARTESIAN_POINT('',(15.356542119066,-25.,3.38433760815));
#5367 = VECTOR('',#5368,1.);
#5368 = DIRECTION('',(-0.773010453363,0.,-0.634393284164));
#5369 = ORIENTED_EDGE('',*,*,#5370,.F.);
#5370 = EDGE_CURVE('',#5371,#5363,#5373,.T.);
#5371 = VERTEX_POINT('',#5372);
#5372 = CARTESIAN_POINT('',(15.971117912024,-25.,3.69104787206));
#5373 = LINE('',#5374,#5375);
#5374 = CARTESIAN_POINT('',(16.057979575001,-25.,3.737476398208));
#5375 = VECTOR('',#5376,1.);
#5376 = DIRECTION('',(-0.881921264348,0.,-0.471396736826));
#5377 = ORIENTED_EDGE('',*,*,#5378,.F.);
#5378 = EDGE_CURVE('',#5379,#5371,#5381,.T.);
#5379 = VERTEX_POINT('',#5380);
#5380 = CARTESIAN_POINT('',(16.428936449483,-25.,3.829925607092));
#5381 = LINE('',#5382,#5383);
#5382 = CARTESIAN_POINT('',(16.814833067174,-25.,3.946986066284));
#5383 = VECTOR('',#5384,1.);
#5384 = DIRECTION('',(-0.956940335732,0.,-0.290284677254));
#5385 = ORIENTED_EDGE('',*,*,#5386,.F.);
#5386 = EDGE_CURVE('',#5387,#5379,#5389,.T.);
#5387 = VERTEX_POINT('',#5388);
#5388 = CARTESIAN_POINT('',(18.86249770642,-25.,4.));
#5389 = CIRCLE('',#5390,2.42);
#5390 = AXIS2_PLACEMENT_3D('',#5391,#5392,#5393);
#5391 = CARTESIAN_POINT('',(17.5,-25.,6.));
#5392 = DIRECTION('',(0.,1.,0.));
#5393 = DIRECTION('',(0.,-0.,1.));
#5394 = ORIENTED_EDGE('',*,*,#5395,.T.);
#5395 = EDGE_CURVE('',#5387,#5254,#5396,.T.);
#5396 = LINE('',#5397,#5398);
#5397 = CARTESIAN_POINT('',(17.5,-25.,4.));
#5398 = VECTOR('',#5399,1.);
#5399 = DIRECTION('',(1.,0.,0.));
#5400 = FACE_BOUND('',#5401,.F.);
#5401 = EDGE_LOOP('',(#5402));
#5402 = ORIENTED_EDGE('',*,*,#5403,.F.);
#5403 = EDGE_CURVE('',#5404,#5404,#5406,.T.);
#5404 = VERTEX_POINT('',#5405);
#5405 = CARTESIAN_POINT('',(23.5,-25.,2.42));
#5406 = CIRCLE('',#5407,2.42);
#5407 = AXIS2_PLACEMENT_3D('',#5408,#5409,#5410);
#5408 = CARTESIAN_POINT('',(23.5,-25.,0.));
#5409 = DIRECTION('',(0.,1.,0.));
#5410 = DIRECTION('',(0.,-0.,1.));
#5411 = PLANE('',#5412);
#5412 = AXIS2_PLACEMENT_3D('',#5413,#5414,#5415);
#5413 = CARTESIAN_POINT('',(12.5,-25.,-5.));
#5414 = DIRECTION('',(0.,1.,0.));
#5415 = DIRECTION('',(1.,0.,0.));
#5416 = ADVANCED_FACE('',(#5417),#5428,.T.);
#5417 = FACE_BOUND('',#5418,.T.);
#5418 = EDGE_LOOP('',(#5419,#5420,#5427));
#5419 = ORIENTED_EDGE('',*,*,#5281,.F.);
#5420 = ORIENTED_EDGE('',*,*,#5421,.T.);
#5421 = EDGE_CURVE('',#5282,#4678,#5422,.T.);
#5422 = ELLIPSE('',#5423,1.004838572376,1.);
#5423 = AXIS2_PLACEMENT_3D('',#5424,#5425,#5426);
#5424 = CARTESIAN_POINT('',(15.971117912024,-24.,-3.69104787206));
#5425 = DIRECTION('',(0.923879532511,0.,-0.382683432365));
#5426 = DIRECTION('',(-0.382683432365,0.,-0.923879532511));
#5427 = ORIENTED_EDGE('',*,*,#4690,.T.);
#5428 = CYLINDRICAL_SURFACE('',#5429,1.);
#5429 = AXIS2_PLACEMENT_3D('',#5430,#5431,#5432);
#5430 = CARTESIAN_POINT('',(15.876867515429,-24.,-3.662457326824));
#5431 = DIRECTION('',(0.956940335732,0.,-0.290284677254));
#5432 = DIRECTION('',(0.,-1.,0.));
#5433 = ADVANCED_FACE('',(#5434),#5454,.T.);
#5434 = FACE_BOUND('',#5435,.T.);
#5435 = EDGE_LOOP('',(#5436,#5437,#5446,#5452,#5453));
#5436 = ORIENTED_EDGE('',*,*,#5289,.F.);
#5437 = ORIENTED_EDGE('',*,*,#5438,.T.);
#5438 = EDGE_CURVE('',#5290,#5439,#5441,.T.);
#5439 = VERTEX_POINT('',#5440);
#5440 = CARTESIAN_POINT('',(14.722148834902,-24.,-4.157348061513));
#5441 = ELLIPSE('',#5442,1.004838572376,1.);
#5442 = AXIS2_PLACEMENT_3D('',#5443,#5444,#5445);
#5443 = CARTESIAN_POINT('',(15.280407234704,-24.,-3.321855323312));
#5444 = DIRECTION('',(0.831469612303,0.,-0.55557023302));
#5445 = DIRECTION('',(-0.55557023302,0.,-0.831469612303));
#5446 = ORIENTED_EDGE('',*,*,#5447,.T.);
#5447 = EDGE_CURVE('',#5439,#4670,#5448,.T.);
#5448 = LINE('',#5449,#5450);
#5449 = CARTESIAN_POINT('',(14.722148834902,-24.,-4.157348061513));
#5450 = VECTOR('',#5451,1.);
#5451 = DIRECTION('',(0.881921264348,0.,-0.471396736826));
#5452 = ORIENTED_EDGE('',*,*,#4677,.T.);
#5453 = ORIENTED_EDGE('',*,*,#5421,.F.);
#5454 = CYLINDRICAL_SURFACE('',#5455,1.);
#5455 = AXIS2_PLACEMENT_3D('',#5456,#5457,#5458);
#5456 = CARTESIAN_POINT('',(15.193545571728,-24.,-3.275426797164));
#5457 = DIRECTION('',(0.881921264348,0.,-0.471396736826));
#5458 = DIRECTION('',(0.,-1.,0.));
#5459 = ADVANCED_FACE('',(#5460),#5478,.F.);
#5460 = FACE_BOUND('',#5461,.F.);
#5461 = EDGE_LOOP('',(#5462,#5470,#5471,#5472));
#5462 = ORIENTED_EDGE('',*,*,#5463,.F.);
#5463 = EDGE_CURVE('',#5439,#5464,#5466,.T.);
#5464 = VERTEX_POINT('',#5465);
#5465 = CARTESIAN_POINT('',(14.722148834902,-21.5,-4.157348061513));
#5466 = LINE('',#5467,#5468);
#5467 = CARTESIAN_POINT('',(14.722148834902,-25.1,-4.157348061513));
#5468 = VECTOR('',#5469,1.);
#5469 = DIRECTION('',(4.440892098501E-16,1.,-6.661338147751E-16));
#5470 = ORIENTED_EDGE('',*,*,#5447,.T.);
#5471 = ORIENTED_EDGE('',*,*,#4669,.T.);
#5472 = ORIENTED_EDGE('',*,*,#5473,.T.);
#5473 = EDGE_CURVE('',#4661,#5464,#5474,.T.);
#5474 = LINE('',#5475,#5476);
#5475 = CARTESIAN_POINT('',(17.298384681634,-21.5,-5.534374810426));
#5476 = VECTOR('',#5477,1.);
#5477 = DIRECTION('',(-0.881921264348,7.056650240089E-16,0.471396736826)
  );
#5478 = PLANE('',#5479);
#5479 = AXIS2_PLACEMENT_3D('',#5480,#5481,#5482);
#5480 = CARTESIAN_POINT('',(15.586582838175,-25.1,-4.619397662556));
#5481 = DIRECTION('',(0.471396736826,7.763841086E-17,0.881921264348));
#5482 = DIRECTION('',(-0.881921264348,7.968197805346E-16,0.471396736826)
  );
#5483 = ADVANCED_FACE('',(#5484,#5487),#5498,.F.);
#5484 = FACE_BOUND('',#5485,.F.);
#5485 = EDGE_LOOP('',(#5486));
#5486 = ORIENTED_EDGE('',*,*,#4643,.T.);
#5487 = FACE_BOUND('',#5488,.F.);
#5488 = EDGE_LOOP('',(#5489));
#5489 = ORIENTED_EDGE('',*,*,#5490,.F.);
#5490 = EDGE_CURVE('',#5491,#5491,#5493,.T.);
#5491 = VERTEX_POINT('',#5492);
#5492 = CARTESIAN_POINT('',(17.5,-19.5,-4.8));
#5493 = CIRCLE('',#5494,1.2);
#5494 = AXIS2_PLACEMENT_3D('',#5495,#5496,#5497);
#5495 = CARTESIAN_POINT('',(17.5,-19.5,-6.));
#5496 = DIRECTION('',(0.,1.,0.));
#5497 = DIRECTION('',(0.,-0.,1.));
#5498 = PLANE('',#5499);
#5499 = AXIS2_PLACEMENT_3D('',#5500,#5501,#5502);
#5500 = CARTESIAN_POINT('',(17.5,-19.5,-6.));
#5501 = DIRECTION('',(0.,1.,0.));
#5502 = DIRECTION('',(0.,-0.,1.));
#5503 = ADVANCED_FACE('',(#5504),#5529,.F.);
#5504 = FACE_BOUND('',#5505,.F.);
#5505 = EDGE_LOOP('',(#5506,#5516,#5522,#5523));
#5506 = ORIENTED_EDGE('',*,*,#5507,.F.);
#5507 = EDGE_CURVE('',#5508,#5510,#5512,.T.);
#5508 = VERTEX_POINT('',#5509);
#5509 = CARTESIAN_POINT('',(13.964466094067,-24.,-3.535533905933));
#5510 = VERTEX_POINT('',#5511);
#5511 = CARTESIAN_POINT('',(13.964466094067,-21.5,-3.535533905933));
#5512 = LINE('',#5513,#5514);
#5513 = CARTESIAN_POINT('',(13.964466094067,-25.1,-3.535533905933));
#5514 = VECTOR('',#5515,1.);
#5515 = DIRECTION('',(4.440892098501E-16,1.,-6.661338147751E-16));
#5516 = ORIENTED_EDGE('',*,*,#5517,.T.);
#5517 = EDGE_CURVE('',#5508,#5439,#5518,.T.);
#5518 = LINE('',#5519,#5520);
#5519 = CARTESIAN_POINT('',(13.964466094067,-24.,-3.535533905933));
#5520 = VECTOR('',#5521,1.);
#5521 = DIRECTION('',(0.773010453363,0.,-0.634393284164));
#5522 = ORIENTED_EDGE('',*,*,#5463,.T.);
#5523 = ORIENTED_EDGE('',*,*,#5524,.T.);
#5524 = EDGE_CURVE('',#5464,#5510,#5525,.T.);
#5525 = LINE('',#5526,#5527);
#5526 = CARTESIAN_POINT('',(16.013874384851,-21.5,-5.217439823927));
#5527 = VECTOR('',#5528,1.);
#5528 = DIRECTION('',(-0.773010453363,7.658764198873E-16,0.634393284164)
  );
#5529 = PLANE('',#5530);
#5530 = AXIS2_PLACEMENT_3D('',#5531,#5532,#5533);
#5531 = CARTESIAN_POINT('',(14.722148834902,-25.1,-4.157348061513));
#5532 = DIRECTION('',(0.634393284164,-7.930521700793E-17,0.773010453363)
  );
#5533 = DIRECTION('',(-0.773010453363,7.96655614458E-16,0.634393284164)
  );
#5534 = ADVANCED_FACE('',(#5535),#5560,.F.);
#5535 = FACE_BOUND('',#5536,.F.);
#5536 = EDGE_LOOP('',(#5537,#5547,#5553,#5554));
#5537 = ORIENTED_EDGE('',*,*,#5538,.F.);
#5538 = EDGE_CURVE('',#5539,#5541,#5543,.T.);
#5539 = VERTEX_POINT('',#5540);
#5540 = CARTESIAN_POINT('',(13.342651938487,-24.,-2.777851165098));
#5541 = VERTEX_POINT('',#5542);
#5542 = CARTESIAN_POINT('',(13.342651938487,-21.5,-2.777851165098));
#5543 = LINE('',#5544,#5545);
#5544 = CARTESIAN_POINT('',(13.342651938487,-25.1,-2.777851165098));
#5545 = VECTOR('',#5546,1.);
#5546 = DIRECTION('',(4.440892098501E-16,1.,-6.661338147751E-16));
#5547 = ORIENTED_EDGE('',*,*,#5548,.T.);
#5548 = EDGE_CURVE('',#5539,#5508,#5549,.T.);
#5549 = LINE('',#5550,#5551);
#5550 = CARTESIAN_POINT('',(13.342651938487,-24.,-2.777851165098));
#5551 = VECTOR('',#5552,1.);
#5552 = DIRECTION('',(0.634393284164,0.,-0.773010453363));
#5553 = ORIENTED_EDGE('',*,*,#5507,.T.);
#5554 = ORIENTED_EDGE('',*,*,#5555,.T.);
#5555 = EDGE_CURVE('',#5510,#5541,#5556,.T.);
#5556 = LINE('',#5557,#5558);
#5557 = CARTESIAN_POINT('',(14.806584803249,-21.5,-4.561658522034));
#5558 = VECTOR('',#5559,1.);
#5559 = DIRECTION('',(-0.634393284164,7.96655614458E-16,0.773010453363)
  );
#5560 = PLANE('',#5561);
#5561 = AXIS2_PLACEMENT_3D('',#5562,#5563,#5564);
#5562 = CARTESIAN_POINT('',(13.964466094067,-25.1,-3.535533905933));
#5563 = DIRECTION('',(0.773010453363,-2.332011898611E-16,0.634393284164)
  );
#5564 = DIRECTION('',(-0.634393284164,7.658764198873E-16,0.773010453363)
  );
#5565 = ADVANCED_FACE('',(#5566),#5591,.F.);
#5566 = FACE_BOUND('',#5567,.F.);
#5567 = EDGE_LOOP('',(#5568,#5578,#5584,#5585));
#5568 = ORIENTED_EDGE('',*,*,#5569,.F.);
#5569 = EDGE_CURVE('',#5570,#5572,#5574,.T.);
#5570 = VERTEX_POINT('',#5571);
#5571 = CARTESIAN_POINT('',(12.909375122092,-24.,-1.967247255743));
#5572 = VERTEX_POINT('',#5573);
#5573 = CARTESIAN_POINT('',(12.909375122092,-21.5,-1.967247255743));
#5574 = LINE('',#5575,#5576);
#5575 = CARTESIAN_POINT('',(12.909375122092,-26.,-1.967247255743));
#5576 = VECTOR('',#5577,1.);
#5577 = DIRECTION('',(0.,1.,0.));
#5578 = ORIENTED_EDGE('',*,*,#5579,.T.);
#5579 = EDGE_CURVE('',#5570,#5539,#5580,.T.);
#5580 = LINE('',#5581,#5582);
#5581 = CARTESIAN_POINT('',(12.880602337444,-24.,-1.913417161825));
#5582 = VECTOR('',#5583,1.);
#5583 = DIRECTION('',(0.471396736826,0.,-0.881921264348));
#5584 = ORIENTED_EDGE('',*,*,#5538,.T.);
#5585 = ORIENTED_EDGE('',*,*,#5586,.T.);
#5586 = EDGE_CURVE('',#5541,#5572,#5587,.T.);
#5587 = LINE('',#5588,#5589);
#5588 = CARTESIAN_POINT('',(13.777947677183,-21.5,-3.592232212411));
#5589 = VECTOR('',#5590,1.);
#5590 = DIRECTION('',(-0.471396736826,7.968197805346E-16,0.881921264348)
  );
#5591 = PLANE('',#5592);
#5592 = AXIS2_PLACEMENT_3D('',#5593,#5594,#5595);
#5593 = CARTESIAN_POINT('',(13.342651938487,-25.1,-2.777851165098));
#5594 = DIRECTION('',(0.881921264348,-3.781353717687E-16,0.471396736826)
  );
#5595 = DIRECTION('',(-0.471396736826,7.056650240089E-16,0.881921264348)
  );
#5596 = ADVANCED_FACE('',(#5597),#5719,.F.);
#5597 = FACE_BOUND('',#5598,.F.);
#5598 = EDGE_LOOP('',(#5599,#5609,#5616,#5617,#5626,#5634,#5647,#5672,
    #5673,#5700,#5711,#5712));
#5599 = ORIENTED_EDGE('',*,*,#5600,.T.);
#5600 = EDGE_CURVE('',#5601,#5603,#5605,.T.);
#5601 = VERTEX_POINT('',#5602);
#5602 = CARTESIAN_POINT('',(11.5,-21.5,2.42));
#5603 = VERTEX_POINT('',#5604);
#5604 = CARTESIAN_POINT('',(11.5,-19.5,2.42));
#5605 = LINE('',#5606,#5607);
#5606 = CARTESIAN_POINT('',(11.5,-26.,2.42));
#5607 = VECTOR('',#5608,1.);
#5608 = DIRECTION('',(0.,1.,0.));
#5609 = ORIENTED_EDGE('',*,*,#5610,.F.);
#5610 = EDGE_CURVE('',#5603,#5603,#5611,.T.);
#5611 = CIRCLE('',#5612,2.42);
#5612 = AXIS2_PLACEMENT_3D('',#5613,#5614,#5615);
#5613 = CARTESIAN_POINT('',(11.5,-19.5,7.347880794884E-16));
#5614 = DIRECTION('',(0.,1.,0.));
#5615 = DIRECTION('',(0.,-0.,1.));
#5616 = ORIENTED_EDGE('',*,*,#5600,.F.);
#5617 = ORIENTED_EDGE('',*,*,#5618,.T.);
#5618 = EDGE_CURVE('',#5601,#5619,#5621,.T.);
#5619 = VERTEX_POINT('',#5620);
#5620 = CARTESIAN_POINT('',(12.909375122092,-21.5,1.967247255743));
#5621 = CIRCLE('',#5622,2.42);
#5622 = AXIS2_PLACEMENT_3D('',#5623,#5624,#5625);
#5623 = CARTESIAN_POINT('',(11.5,-21.5,7.347880794884E-16));
#5624 = DIRECTION('',(0.,1.,0.));
#5625 = DIRECTION('',(0.,-0.,1.));
#5626 = ORIENTED_EDGE('',*,*,#5627,.F.);
#5627 = EDGE_CURVE('',#5628,#5619,#5630,.T.);
#5628 = VERTEX_POINT('',#5629);
#5629 = CARTESIAN_POINT('',(12.909375122092,-24.,1.967247255743));
#5630 = LINE('',#5631,#5632);
#5631 = CARTESIAN_POINT('',(12.909375122092,-26.,1.967247255743));
#5632 = VECTOR('',#5633,1.);
#5633 = DIRECTION('',(0.,1.,0.));
#5634 = ORIENTED_EDGE('',*,*,#5635,.T.);
#5635 = EDGE_CURVE('',#5628,#5636,#5638,.T.);
#5636 = VERTEX_POINT('',#5637);
#5637 = CARTESIAN_POINT('',(13.084902055314,-24.62586377436,
    1.828793447895));
#5638 = B_SPLINE_CURVE_WITH_KNOTS('',7,(#5639,#5640,#5641,#5642,#5643,
    #5644,#5645,#5646),.UNSPECIFIED.,.F.,.F.,(8,8),(0.,1.),
  .PIECEWISE_BEZIER_KNOTS.);
#5639 = CARTESIAN_POINT('',(12.909375122092,-24.,1.967247255743));
#5640 = CARTESIAN_POINT('',(12.909375122092,-24.11212835166,
    1.967247255743));
#5641 = CARTESIAN_POINT('',(12.921401857579,-24.22477461685,
    1.95863118532));
#5642 = CARTESIAN_POINT('',(12.945655016631,-24.33590840474,
    1.941255101106));
#5643 = CARTESIAN_POINT('',(12.981870829445,-24.44341282083,
    1.914610300213));
#5644 = CARTESIAN_POINT('',(13.029271537698,-24.54510481915,
    1.877777931993));
#5645 = CARTESIAN_POINT('',(13.08661979965,-24.63871937178,1.82950365473
    ));
#5646 = CARTESIAN_POINT('',(13.152162183841,-24.7218196449,
    1.768264719516));
#5647 = ORIENTED_EDGE('',*,*,#5648,.T.);
#5648 = EDGE_CURVE('',#5636,#5330,#5649,.T.);
#5649 = B_SPLINE_CURVE_WITH_KNOTS('',5,(#5650,#5651,#5652,#5653,#5654,
    #5655,#5656,#5657,#5658,#5659,#5660,#5661,#5662,#5663,#5664,#5665,
    #5666,#5667,#5668,#5669,#5670,#5671),.UNSPECIFIED.,.F.,.F.,(6,4,4,4,
    4,6),(0.,0.156527219122,0.425819816711,0.674455098191,0.790362261482
    ,1.),.UNSPECIFIED.);
#5650 = CARTESIAN_POINT('',(13.043244029121,-24.55770376628,
    1.864080971037));
#5651 = CARTESIAN_POINT('',(13.058455850072,-24.58480980702,
    1.851487337917));
#5652 = CARTESIAN_POINT('',(13.074559014699,-24.61122659536,
    1.837894454055));
#5653 = CARTESIAN_POINT('',(13.091497704639,-24.63686702602,
    1.823277622539));
#5654 = CARTESIAN_POINT('',(13.109207421231,-24.66165377507,
    1.807614501655));
#5655 = CARTESIAN_POINT('',(13.15928373189,-24.72657803209,
    1.762103511908));
#5656 = CARTESIAN_POINT('',(13.193040074195,-24.76493812281,
    1.730146556695));
#5657 = CARTESIAN_POINT('',(13.228427091988,-24.80012780793,
    1.694989078461));
#5658 = CARTESIAN_POINT('',(13.26489452987,-24.83184916627,
    1.656689601068));
#5659 = CARTESIAN_POINT('',(13.336065667208,-24.88594151968,
    1.577302319529));
#5660 = CARTESIAN_POINT('',(13.370653224666,-24.90881513605,
    1.536694882531));
#5661 = CARTESIAN_POINT('',(13.405220252556,-24.92849736979,
    1.493743441503));
#5662 = CARTESIAN_POINT('',(13.439326097813,-24.94501822586,
    1.448692923093));
#5663 = CARTESIAN_POINT('',(13.488094296343,-24.96481812624,
    1.380071571797));
#5664 = CARTESIAN_POINT('',(13.503421677796,-24.97045983617,
    1.357865614868));
#5665 = CARTESIAN_POINT('',(13.51853563377,-24.97546381867,
    1.335301043449));
#5666 = CARTESIAN_POINT('',(13.533406367435,-24.97984999217,
    1.31240615484));
#5667 = CARTESIAN_POINT('',(13.574420682479,-24.99050106164,
    1.247251690223));
#5668 = CARTESIAN_POINT('',(13.599941154581,-24.99541273561,
    1.204327237372));
#5669 = CARTESIAN_POINT('',(13.624450313563,-24.99852642519,
    1.16055992798));
#5670 = CARTESIAN_POINT('',(13.647852054249,-25.,1.116088075953));
#5671 = CARTESIAN_POINT('',(13.670074392908,-25.,1.071063550517));
#5672 = ORIENTED_EDGE('',*,*,#5329,.T.);
#5673 = ORIENTED_EDGE('',*,*,#5674,.T.);
#5674 = EDGE_CURVE('',#5322,#5675,#5677,.T.);
#5675 = VERTEX_POINT('',#5676);
#5676 = CARTESIAN_POINT('',(13.084902055314,-24.62586377436,
    -1.828793447895));
#5677 = B_SPLINE_CURVE_WITH_KNOTS('',6,(#5678,#5679,#5680,#5681,#5682,
    #5683,#5684,#5685,#5686,#5687,#5688,#5689,#5690,#5691,#5692,#5693,
    #5694,#5695,#5696,#5697,#5698,#5699),.UNSPECIFIED.,.F.,.F.,(7,5,5,5,
    7),(0.,0.210073727937,0.325504979679,0.572575292311,1.),
  .UNSPECIFIED.);
#5678 = CARTESIAN_POINT('',(13.670074392908,-25.,-1.071063550517));
#5679 = CARTESIAN_POINT('',(13.651510083242,-25.,-1.108676568912));
#5680 = CARTESIAN_POINT('',(13.632155563376,-24.99901276186,
    -1.145919430004));
#5681 = CARTESIAN_POINT('',(13.612047133074,-24.99695438947,
    -1.182715542012));
#5682 = CARTESIAN_POINT('',(13.591229203754,-24.99374391444,
    -1.218992907008));
#5683 = CARTESIAN_POINT('',(13.569754298489,-24.98930329607,
    -1.254684120915));
#5684 = CARTESIAN_POINT('',(13.535555349825,-24.98040017979,
    -1.308981380406));
#5685 = CARTESIAN_POINT('',(13.52325054115,-24.97684969386,
    -1.328035817494));
#5686 = CARTESIAN_POINT('',(13.51078088833,-24.97289418642,
    -1.346876042838));
#5687 = CARTESIAN_POINT('',(13.498160309471,-24.96852317252,
    -1.365488179961));
#5688 = CARTESIAN_POINT('',(13.485404378441,-24.96372745948,
    -1.383858117848));
#5689 = CARTESIAN_POINT('',(13.444974559906,-24.94730840924,
    -1.440741615456));
#5690 = CARTESIAN_POINT('',(13.416863364706,-24.93413037362,
    -1.478356775695));
#5691 = CARTESIAN_POINT('',(13.388384556674,-24.91889386341,
    -1.514646895215));
#5692 = CARTESIAN_POINT('',(13.359744880727,-24.90156510219,
    -1.549474944118));
#5693 = CARTESIAN_POINT('',(13.331160794193,-24.88214974684,
    -1.582735398523));
#5694 = CARTESIAN_POINT('',(13.253871077702,-24.82357867389,
    -1.669049689858));
#5695 = CARTESIAN_POINT('',(13.205875545805,-24.78048514813,
    -1.718642422411));
#5696 = CARTESIAN_POINT('',(13.159874592731,-24.73165908869,
    -1.762912352231));
#5697 = CARTESIAN_POINT('',(13.116881626469,-24.67763973026,
    -1.801822042796));
#5698 = CARTESIAN_POINT('',(13.077796763096,-24.61927350326,
    -1.835475292836));
#5699 = CARTESIAN_POINT('',(13.043244029121,-24.55770376628,
    -1.864080971037));
#5700 = ORIENTED_EDGE('',*,*,#5701,.T.);
#5701 = EDGE_CURVE('',#5675,#5570,#5702,.T.);
#5702 = B_SPLINE_CURVE_WITH_KNOTS('',7,(#5703,#5704,#5705,#5706,#5707,
    #5708,#5709,#5710),.UNSPECIFIED.,.F.,.F.,(8,8),(0.,1.),
  .PIECEWISE_BEZIER_KNOTS.);
#5703 = CARTESIAN_POINT('',(13.152162183841,-24.7218196449,
    -1.768264719516));
#5704 = CARTESIAN_POINT('',(13.08661511367,-24.6387134305,
    -1.829508033033));
#5705 = CARTESIAN_POINT('',(13.029267276276,-24.54509642683,
    -1.877781156995));
#5706 = CARTESIAN_POINT('',(12.981869614063,-24.44340687986,
    -1.914610977838));
#5707 = CARTESIAN_POINT('',(12.945656439324,-24.33590848592,
    -1.941254084171));
#5708 = CARTESIAN_POINT('',(12.921403467898,-24.22478076499,
    -1.958630031045));
#5709 = CARTESIAN_POINT('',(12.909375122092,-24.11213586059,
    -1.967247255743));
#5710 = CARTESIAN_POINT('',(12.909375122092,-24.,-1.967247255743));
#5711 = ORIENTED_EDGE('',*,*,#5569,.T.);
#5712 = ORIENTED_EDGE('',*,*,#5713,.T.);
#5713 = EDGE_CURVE('',#5572,#5601,#5714,.T.);
#5714 = CIRCLE('',#5715,2.42);
#5715 = AXIS2_PLACEMENT_3D('',#5716,#5717,#5718);
#5716 = CARTESIAN_POINT('',(11.5,-21.5,7.347880794884E-16));
#5717 = DIRECTION('',(0.,1.,0.));
#5718 = DIRECTION('',(0.,-0.,1.));
#5719 = CYLINDRICAL_SURFACE('',#5720,2.42);
#5720 = AXIS2_PLACEMENT_3D('',#5721,#5722,#5723);
#5721 = CARTESIAN_POINT('',(11.5,-26.,7.347880794884E-16));
#5722 = DIRECTION('',(0.,1.,0.));
#5723 = DIRECTION('',(0.,-0.,1.));
#5724 = ADVANCED_FACE('',(#5725),#5750,.F.);
#5725 = FACE_BOUND('',#5726,.F.);
#5726 = EDGE_LOOP('',(#5727,#5737,#5743,#5744));
#5727 = ORIENTED_EDGE('',*,*,#5728,.F.);
#5728 = EDGE_CURVE('',#5729,#5731,#5733,.T.);
#5729 = VERTEX_POINT('',#5730);
#5730 = CARTESIAN_POINT('',(13.342651938487,-24.,2.777851165098));
#5731 = VERTEX_POINT('',#5732);
#5732 = CARTESIAN_POINT('',(13.342651938487,-21.5,2.777851165098));
#5733 = LINE('',#5734,#5735);
#5734 = CARTESIAN_POINT('',(13.342651938487,-25.1,2.777851165098));
#5735 = VECTOR('',#5736,1.);
#5736 = DIRECTION('',(4.440892098501E-16,1.,-6.661338147751E-16));
#5737 = ORIENTED_EDGE('',*,*,#5738,.T.);
#5738 = EDGE_CURVE('',#5729,#5628,#5739,.T.);
#5739 = LINE('',#5740,#5741);
#5740 = CARTESIAN_POINT('',(13.342651938487,-24.,2.777851165098));
#5741 = VECTOR('',#5742,1.);
#5742 = DIRECTION('',(-0.471396736826,0.,-0.881921264348));
#5743 = ORIENTED_EDGE('',*,*,#5627,.T.);
#5744 = ORIENTED_EDGE('',*,*,#5745,.T.);
#5745 = EDGE_CURVE('',#5619,#5731,#5746,.T.);
#5746 = LINE('',#5747,#5748);
#5747 = CARTESIAN_POINT('',(13.546922876661,-21.5,3.160015210774));
#5748 = VECTOR('',#5749,1.);
#5749 = DIRECTION('',(0.471396736826,3.781353717687E-16,0.881921264348)
  );
#5750 = PLANE('',#5751);
#5751 = AXIS2_PLACEMENT_3D('',#5752,#5753,#5754);
#5752 = CARTESIAN_POINT('',(12.880602337444,-25.1,1.913417161825));
#5753 = DIRECTION('',(0.881921264348,-7.968197805346E-16,-0.471396736826
    ));
#5754 = DIRECTION('',(0.471396736826,7.763841086E-17,0.881921264348));
#5755 = ADVANCED_FACE('',(#5756),#5781,.F.);
#5756 = FACE_BOUND('',#5757,.F.);
#5757 = EDGE_LOOP('',(#5758,#5768,#5774,#5775));
#5758 = ORIENTED_EDGE('',*,*,#5759,.F.);
#5759 = EDGE_CURVE('',#5760,#5762,#5764,.T.);
#5760 = VERTEX_POINT('',#5761);
#5761 = CARTESIAN_POINT('',(13.964466094067,-24.,3.535533905933));
#5762 = VERTEX_POINT('',#5763);
#5763 = CARTESIAN_POINT('',(13.964466094067,-21.5,3.535533905933));
#5764 = LINE('',#5765,#5766);
#5765 = CARTESIAN_POINT('',(13.964466094067,-25.1,3.535533905933));
#5766 = VECTOR('',#5767,1.);
#5767 = DIRECTION('',(4.440892098501E-16,1.,-6.661338147751E-16));
#5768 = ORIENTED_EDGE('',*,*,#5769,.T.);
#5769 = EDGE_CURVE('',#5760,#5729,#5770,.T.);
#5770 = LINE('',#5771,#5772);
#5771 = CARTESIAN_POINT('',(13.964466094067,-24.,3.535533905933));
#5772 = VECTOR('',#5773,1.);
#5773 = DIRECTION('',(-0.634393284164,0.,-0.773010453363));
#5774 = ORIENTED_EDGE('',*,*,#5728,.T.);
#5775 = ORIENTED_EDGE('',*,*,#5776,.T.);
#5776 = EDGE_CURVE('',#5731,#5762,#5777,.T.);
#5777 = LINE('',#5778,#5779);
#5778 = CARTESIAN_POINT('',(14.495677725459,-21.5,4.182817151616));
#5779 = VECTOR('',#5780,1.);
#5780 = DIRECTION('',(0.634393284164,2.332011898611E-16,0.773010453363)
  );
#5781 = PLANE('',#5782);
#5782 = AXIS2_PLACEMENT_3D('',#5783,#5784,#5785);
#5783 = CARTESIAN_POINT('',(13.342651938487,-25.1,2.777851165098));
#5784 = DIRECTION('',(0.773010453363,-7.96655614458E-16,-0.634393284164)
  );
#5785 = DIRECTION('',(0.634393284164,-7.930521700793E-17,0.773010453363)
  );
#5786 = ADVANCED_FACE('',(#5787),#5812,.F.);
#5787 = FACE_BOUND('',#5788,.F.);
#5788 = EDGE_LOOP('',(#5789,#5799,#5805,#5806));
#5789 = ORIENTED_EDGE('',*,*,#5790,.F.);
#5790 = EDGE_CURVE('',#5791,#5793,#5795,.T.);
#5791 = VERTEX_POINT('',#5792);
#5792 = CARTESIAN_POINT('',(14.722148834902,-24.,4.157348061513));
#5793 = VERTEX_POINT('',#5794);
#5794 = CARTESIAN_POINT('',(14.722148834902,-21.5,4.157348061513));
#5795 = LINE('',#5796,#5797);
#5796 = CARTESIAN_POINT('',(14.722148834902,-25.1,4.157348061513));
#5797 = VECTOR('',#5798,1.);
#5798 = DIRECTION('',(4.440892098501E-16,1.,-6.661338147751E-16));
#5799 = ORIENTED_EDGE('',*,*,#5800,.T.);
#5800 = EDGE_CURVE('',#5791,#5760,#5801,.T.);
#5801 = LINE('',#5802,#5803);
#5802 = CARTESIAN_POINT('',(14.722148834902,-24.,4.157348061513));
#5803 = VECTOR('',#5804,1.);
#5804 = DIRECTION('',(-0.773010453363,0.,-0.634393284164));
#5805 = ORIENTED_EDGE('',*,*,#5759,.T.);
#5806 = ORIENTED_EDGE('',*,*,#5807,.T.);
#5807 = EDGE_CURVE('',#5762,#5793,#5808,.T.);
#5808 = LINE('',#5809,#5810);
#5809 = CARTESIAN_POINT('',(15.635033014434,-21.5,4.906532746137));
#5810 = VECTOR('',#5811,1.);
#5811 = DIRECTION('',(0.773010453363,7.930521700793E-17,0.634393284164)
  );
#5812 = PLANE('',#5813);
#5813 = AXIS2_PLACEMENT_3D('',#5814,#5815,#5816);
#5814 = CARTESIAN_POINT('',(13.964466094067,-25.1,3.535533905933));
#5815 = DIRECTION('',(0.634393284164,-7.658764198873E-16,-0.773010453363
    ));
#5816 = DIRECTION('',(0.773010453363,-2.332011898611E-16,0.634393284164)
  );
#5817 = ADVANCED_FACE('',(#5818),#5843,.F.);
#5818 = FACE_BOUND('',#5819,.F.);
#5819 = EDGE_LOOP('',(#5820,#5830,#5836,#5837));
#5820 = ORIENTED_EDGE('',*,*,#5821,.F.);
#5821 = EDGE_CURVE('',#5822,#5824,#5826,.T.);
#5822 = VERTEX_POINT('',#5823);
#5823 = CARTESIAN_POINT('',(15.532752744257,-24.,4.590624877908));
#5824 = VERTEX_POINT('',#5825);
#5825 = CARTESIAN_POINT('',(15.532752744257,-21.5,4.590624877908));
#5826 = LINE('',#5827,#5828);
#5827 = CARTESIAN_POINT('',(15.532752744257,-26.,4.590624877908));
#5828 = VECTOR('',#5829,1.);
#5829 = DIRECTION('',(0.,1.,0.));
#5830 = ORIENTED_EDGE('',*,*,#5831,.T.);
#5831 = EDGE_CURVE('',#5822,#5791,#5832,.T.);
#5832 = LINE('',#5833,#5834);
#5833 = CARTESIAN_POINT('',(15.586582838175,-24.,4.619397662556));
#5834 = VECTOR('',#5835,1.);
#5835 = DIRECTION('',(-0.881921264348,0.,-0.471396736826));
#5836 = ORIENTED_EDGE('',*,*,#5790,.T.);
#5837 = ORIENTED_EDGE('',*,*,#5838,.T.);
#5838 = EDGE_CURVE('',#5793,#5824,#5839,.T.);
#5839 = LINE('',#5840,#5841);
#5840 = CARTESIAN_POINT('',(16.866167679997,-21.5,5.303350009905));
#5841 = VECTOR('',#5842,1.);
#5842 = DIRECTION('',(0.881921264348,-7.763841086E-17,0.471396736826));
#5843 = PLANE('',#5844);
#5844 = AXIS2_PLACEMENT_3D('',#5845,#5846,#5847);
#5845 = CARTESIAN_POINT('',(14.722148834902,-25.1,4.157348061513));
#5846 = DIRECTION('',(0.471396736826,-7.056650240089E-16,-0.881921264348
    ));
#5847 = DIRECTION('',(0.881921264348,-3.781353717687E-16,0.471396736826)
  );
#5848 = ADVANCED_FACE('',(#5849),#5962,.F.);
#5849 = FACE_BOUND('',#5850,.F.);
#5850 = EDGE_LOOP('',(#5851,#5861,#5868,#5869,#5878,#5886,#5915,#5916,
    #5943,#5954,#5955));
#5851 = ORIENTED_EDGE('',*,*,#5852,.T.);
#5852 = EDGE_CURVE('',#5853,#5855,#5857,.T.);
#5853 = VERTEX_POINT('',#5854);
#5854 = CARTESIAN_POINT('',(17.5,-21.5,8.42));
#5855 = VERTEX_POINT('',#5856);
#5856 = CARTESIAN_POINT('',(17.5,-19.5,8.42));
#5857 = LINE('',#5858,#5859);
#5858 = CARTESIAN_POINT('',(17.5,-26.,8.42));
#5859 = VECTOR('',#5860,1.);
#5860 = DIRECTION('',(0.,1.,0.));
#5861 = ORIENTED_EDGE('',*,*,#5862,.F.);
#5862 = EDGE_CURVE('',#5855,#5855,#5863,.T.);
#5863 = CIRCLE('',#5864,2.42);
#5864 = AXIS2_PLACEMENT_3D('',#5865,#5866,#5867);
#5865 = CARTESIAN_POINT('',(17.5,-19.5,6.));
#5866 = DIRECTION('',(0.,1.,0.));
#5867 = DIRECTION('',(0.,-0.,1.));
#5868 = ORIENTED_EDGE('',*,*,#5852,.F.);
#5869 = ORIENTED_EDGE('',*,*,#5870,.T.);
#5870 = EDGE_CURVE('',#5853,#5871,#5873,.T.);
#5871 = VERTEX_POINT('',#5872);
#5872 = CARTESIAN_POINT('',(19.703724120665,-21.5,5.));
#5873 = CIRCLE('',#5874,2.42);
#5874 = AXIS2_PLACEMENT_3D('',#5875,#5876,#5877);
#5875 = CARTESIAN_POINT('',(17.5,-21.5,6.));
#5876 = DIRECTION('',(0.,1.,0.));
#5877 = DIRECTION('',(0.,-0.,1.));
#5878 = ORIENTED_EDGE('',*,*,#5879,.F.);
#5879 = EDGE_CURVE('',#5880,#5871,#5882,.T.);
#5880 = VERTEX_POINT('',#5881);
#5881 = CARTESIAN_POINT('',(19.703724120665,-24.,5.));
#5882 = LINE('',#5883,#5884);
#5883 = CARTESIAN_POINT('',(19.703724120665,-26.,5.));
#5884 = VECTOR('',#5885,1.);
#5885 = DIRECTION('',(0.,1.,0.));
#5886 = ORIENTED_EDGE('',*,*,#5887,.T.);
#5887 = EDGE_CURVE('',#5880,#5387,#5888,.T.);
#5888 = B_SPLINE_CURVE_WITH_KNOTS('',5,(#5889,#5890,#5891,#5892,#5893,
    #5894,#5895,#5896,#5897,#5898,#5899,#5900,#5901,#5902,#5903,#5904,
    #5905,#5906,#5907,#5908,#5909,#5910,#5911,#5912,#5913,#5914),
  .UNSPECIFIED.,.F.,.F.,(6,4,4,4,4,4,6),(0.,0.300166962708,0.38661752133
    ,0.544962228501,0.72697915937,0.815684434903,1.),.UNSPECIFIED.);
#5889 = CARTESIAN_POINT('',(19.703724120665,-24.,5.));
#5890 = CARTESIAN_POINT('',(19.703724120665,-24.10178704304,5.));
#5891 = CARTESIAN_POINT('',(19.697846787471,-24.20376170561,
    4.987049280488));
#5892 = CARTESIAN_POINT('',(19.686052950642,-24.30376415781,
    4.961052250834));
#5893 = CARTESIAN_POINT('',(19.667600176681,-24.39963080592,
    4.922433740029));
#5894 = CARTESIAN_POINT('',(19.633431627342,-24.51521446499,
    4.857573542946));
#5895 = CARTESIAN_POINT('',(19.625128628019,-24.54052818734,
    4.842109940892));
#5896 = CARTESIAN_POINT('',(19.616134436123,-24.56525105009,
    4.825717145622));
#5897 = CARTESIAN_POINT('',(19.60642252319,-24.58932425926,
    4.808437351503));
#5898 = CARTESIAN_POINT('',(19.576820311323,-24.65548561262,
    4.757146520344));
#5899 = CARTESIAN_POINT('',(19.555165648984,-24.69594597763,
    4.721142376087));
#5900 = CARTESIAN_POINT('',(19.530882133596,-24.73363756288,
    4.682686006744));
#5901 = CARTESIAN_POINT('',(19.503890153537,-24.76827527879,
    4.642258951054));
#5902 = CARTESIAN_POINT('',(19.440056636835,-24.83586901558,
    4.552221018775));
#5903 = CARTESIAN_POINT('',(19.402399162017,-24.86774348007,
    4.50221561449));
#5904 = CARTESIAN_POINT('',(19.361260315351,-24.89514475388,
    4.451161568862));
#5905 = CARTESIAN_POINT('',(19.316856463345,-24.91813569099,
    4.399930403117));
#5906 = CARTESIAN_POINT('',(19.246640943357,-24.94619896541,
    4.324654334192));
#5907 = CARTESIAN_POINT('',(19.222958821505,-24.95441849099,
    4.300126835462));
#5908 = CARTESIAN_POINT('',(19.198633026767,-24.96170206211,
    4.275807857149));
#5909 = CARTESIAN_POINT('',(19.173703157556,-24.9680949105,
    4.251763946967));
#5910 = CARTESIAN_POINT('',(19.095260455258,-24.98518558775,
    4.178798503972));
#5911 = CARTESIAN_POINT('',(19.039946714767,-24.99308682298,
    4.13103717074));
#5912 = CARTESIAN_POINT('',(18.982518848918,-24.99785819427,
    4.085142922879));
#5913 = CARTESIAN_POINT('',(18.923260924034,-25.,4.041394872317));
#5914 = CARTESIAN_POINT('',(18.86249770642,-25.,4.));
#5915 = ORIENTED_EDGE('',*,*,#5386,.T.);
#5916 = ORIENTED_EDGE('',*,*,#5917,.T.);
#5917 = EDGE_CURVE('',#5379,#5918,#5920,.T.);
#5918 = VERTEX_POINT('',#5919);
#5919 = CARTESIAN_POINT('',(15.671206552105,-24.62586377436,
    4.415097944686));
#5920 = B_SPLINE_CURVE_WITH_KNOTS('',6,(#5921,#5922,#5923,#5924,#5925,
    #5926,#5927,#5928,#5929,#5930,#5931,#5932,#5933,#5934,#5935,#5936,
    #5937,#5938,#5939,#5940,#5941,#5942),.UNSPECIFIED.,.F.,.F.,(7,5,5,5,
    7),(0.,0.210073727992,0.325504979727,0.572575292342,1.),
  .UNSPECIFIED.);
#5921 = CARTESIAN_POINT('',(16.428936449483,-25.,3.829925607092));
#5922 = CARTESIAN_POINT('',(16.3913234311,-25.,3.848489916752));
#5923 = CARTESIAN_POINT('',(16.354080569993,-24.99901276185,
    3.867844436626));
#5924 = CARTESIAN_POINT('',(16.317284457976,-24.99695438947,
    3.887952866933));
#5925 = CARTESIAN_POINT('',(16.281007092989,-24.99374391444,
    3.908770796247));
#5926 = CARTESIAN_POINT('',(16.245315879097,-24.98930329607,
    3.930245701504));
#5927 = CARTESIAN_POINT('',(16.191018619594,-24.98040017979,
    3.964444650175));
#5928 = CARTESIAN_POINT('',(16.171964182506,-24.97684969386,
    3.97674945885));
#5929 = CARTESIAN_POINT('',(16.153123957162,-24.97289418642,
    3.98921911167));
#5930 = CARTESIAN_POINT('',(16.134511820039,-24.96852317252,
    4.001839690529));
#5931 = CARTESIAN_POINT('',(16.116141882152,-24.96372745948,
    4.014595621559));
#5932 = CARTESIAN_POINT('',(16.059258384544,-24.94730840924,
    4.055025440094));
#5933 = CARTESIAN_POINT('',(16.021643224305,-24.93413037362,
    4.083136635294));
#5934 = CARTESIAN_POINT('',(15.985353104785,-24.91889386341,
    4.111615443326));
#5935 = CARTESIAN_POINT('',(15.950525055882,-24.90156510219,
    4.140255119273));
#5936 = CARTESIAN_POINT('',(15.917264601477,-24.88214974684,
    4.168839205807));
#5937 = CARTESIAN_POINT('',(15.830950310143,-24.82357867389,
    4.246128922298));
#5938 = CARTESIAN_POINT('',(15.781357577589,-24.78048514813,
    4.294124454195));
#5939 = CARTESIAN_POINT('',(15.737087647769,-24.73165908869,
    4.340125407269));
#5940 = CARTESIAN_POINT('',(15.698177957204,-24.67763973026,
    4.38311837353));
#5941 = CARTESIAN_POINT('',(15.664524707164,-24.61927350326,
    4.422203236904));
#5942 = CARTESIAN_POINT('',(15.635919028963,-24.55770376628,
    4.456755970879));
#5943 = ORIENTED_EDGE('',*,*,#5944,.T.);
#5944 = EDGE_CURVE('',#5918,#5822,#5945,.T.);
#5945 = B_SPLINE_CURVE_WITH_KNOTS('',7,(#5946,#5947,#5948,#5949,#5950,
    #5951,#5952,#5953),.UNSPECIFIED.,.F.,.F.,(8,8),(0.,1.),
  .PIECEWISE_BEZIER_KNOTS.);
#5946 = CARTESIAN_POINT('',(15.731735280484,-24.7218196449,
    4.347837816159));
#5947 = CARTESIAN_POINT('',(15.670491966967,-24.6387134305,4.41338488633
    ));
#5948 = CARTESIAN_POINT('',(15.622218843005,-24.54509642683,
    4.470732723724));
#5949 = CARTESIAN_POINT('',(15.585389022162,-24.44340687986,
    4.518130385937));
#5950 = CARTESIAN_POINT('',(15.558745915829,-24.33590848592,
    4.554343560676));
#5951 = CARTESIAN_POINT('',(15.541369968955,-24.22478076499,
    4.578596532102));
#5952 = CARTESIAN_POINT('',(15.532752744257,-24.11213586059,
    4.590624877908));
#5953 = CARTESIAN_POINT('',(15.532752744257,-24.,4.590624877908));
#5954 = ORIENTED_EDGE('',*,*,#5821,.T.);
#5955 = ORIENTED_EDGE('',*,*,#5956,.T.);
#5956 = EDGE_CURVE('',#5824,#5853,#5957,.T.);
#5957 = CIRCLE('',#5958,2.42);
#5958 = AXIS2_PLACEMENT_3D('',#5959,#5960,#5961);
#5959 = CARTESIAN_POINT('',(17.5,-21.5,6.));
#5960 = DIRECTION('',(0.,1.,0.));
#5961 = DIRECTION('',(0.,-0.,1.));
#5962 = CYLINDRICAL_SURFACE('',#5963,2.42);
#5963 = AXIS2_PLACEMENT_3D('',#5964,#5965,#5966);
#5964 = CARTESIAN_POINT('',(17.5,-26.,6.));
#5965 = DIRECTION('',(0.,1.,0.));
#5966 = DIRECTION('',(0.,-0.,1.));
#5967 = ADVANCED_FACE('',(#5968),#6153,.T.);
#5968 = FACE_BOUND('',#5969,.T.);
#5969 = EDGE_LOOP('',(#5970,#5980,#5988,#5994,#5995,#6003,#6011,#6019,
    #6027,#6035,#6043,#6051,#6059,#6067,#6075,#6083,#6091,#6099,#6107,
    #6115,#6123,#6131,#6139,#6147));
#5970 = ORIENTED_EDGE('',*,*,#5971,.T.);
#5971 = EDGE_CURVE('',#5972,#5974,#5976,.T.);
#5972 = VERTEX_POINT('',#5973);
#5973 = CARTESIAN_POINT('',(36.184083626902,-18.5751462733,5.));
#5974 = VERTEX_POINT('',#5975);
#5975 = CARTESIAN_POINT('',(36.,-18.77825125691,5.));
#5976 = LINE('',#5977,#5978);
#5977 = CARTESIAN_POINT('',(33.20600323422,-21.86095164069,5.));
#5978 = VECTOR('',#5979,1.);
#5979 = DIRECTION('',(-0.671558954847,-0.740951125355,0.));
#5980 = ORIENTED_EDGE('',*,*,#5981,.T.);
#5981 = EDGE_CURVE('',#5974,#5982,#5984,.T.);
#5982 = VERTEX_POINT('',#5983);
#5983 = CARTESIAN_POINT('',(36.,-21.5,5.));
#5984 = LINE('',#5985,#5986);
#5985 = CARTESIAN_POINT('',(36.,-20.41821702539,5.));
#5986 = VECTOR('',#5987,1.);
#5987 = DIRECTION('',(-6.661338147751E-16,-1.,0.));
#5988 = ORIENTED_EDGE('',*,*,#5989,.F.);
#5989 = EDGE_CURVE('',#5871,#5982,#5990,.T.);
#5990 = LINE('',#5991,#5992);
#5991 = CARTESIAN_POINT('',(24.473501199618,-21.5,5.));
#5992 = VECTOR('',#5993,1.);
#5993 = DIRECTION('',(1.,-4.440892098501E-16,-0.));
#5994 = ORIENTED_EDGE('',*,*,#5879,.F.);
#5995 = ORIENTED_EDGE('',*,*,#5996,.T.);
#5996 = EDGE_CURVE('',#5880,#5997,#5999,.T.);
#5997 = VERTEX_POINT('',#5998);
#5998 = CARTESIAN_POINT('',(33.,-24.,5.));
#5999 = LINE('',#6000,#6001);
#6000 = CARTESIAN_POINT('',(17.5,-24.,5.));
#6001 = VECTOR('',#6002,1.);
#6002 = DIRECTION('',(1.,0.,0.));
#6003 = ORIENTED_EDGE('',*,*,#6004,.T.);
#6004 = EDGE_CURVE('',#5997,#6005,#6007,.T.);
#6005 = VERTEX_POINT('',#6006);
#6006 = CARTESIAN_POINT('',(33.44101802732,-23.97712817715,5.));
#6007 = LINE('',#6008,#6009);
#6008 = CARTESIAN_POINT('',(32.950932325673,-24.00120454379,5.));
#6009 = VECTOR('',#6010,1.);
#6010 = DIRECTION('',(0.998795456205,4.906767432742E-02,0.));
#6011 = ORIENTED_EDGE('',*,*,#6012,.T.);
#6012 = EDGE_CURVE('',#6005,#6013,#6015,.T.);
#6013 = VERTEX_POINT('',#6014);
#6014 = CARTESIAN_POINT('',(33.828721135625,-23.91474989205,5.));
#6015 = LINE('',#6016,#6017);
#6016 = CARTESIAN_POINT('',(33.343355227192,-23.98674712339,5.));
#6017 = VECTOR('',#6018,1.);
#6018 = DIRECTION('',(0.989176509965,0.146730474455,0.));
#6019 = ORIENTED_EDGE('',*,*,#6020,.T.);
#6020 = EDGE_CURVE('',#6013,#6021,#6023,.T.);
#6021 = VERTEX_POINT('',#6022);
#6022 = CARTESIAN_POINT('',(34.208443206369,-23.81467042546,5.));
#6023 = LINE('',#6024,#6025);
#6024 = CARTESIAN_POINT('',(33.732471430177,-23.93389514882,5.));
#6025 = VECTOR('',#6026,1.);
#6026 = DIRECTION('',(0.970031253195,0.242980179903,0.));
#6027 = ORIENTED_EDGE('',*,*,#6028,.T.);
#6028 = EDGE_CURVE('',#6021,#6029,#6031,.T.);
#6029 = VERTEX_POINT('',#6030);
#6030 = CARTESIAN_POINT('',(34.576527308433,-23.67785359737,5.));
#6031 = LINE('',#6032,#6033);
#6032 = CARTESIAN_POINT('',(34.11453353288,-23.84315761347,5.));
#6033 = VECTOR('',#6034,1.);
#6034 = DIRECTION('',(0.941544065183,0.336889853392,0.));
#6035 = ORIENTED_EDGE('',*,*,#6036,.T.);
#6036 = EDGE_CURVE('',#6029,#6037,#6039,.T.);
#6037 = VERTEX_POINT('',#6038);
#6038 = CARTESIAN_POINT('',(34.9294285907,-23.50561702861,5.));
#6039 = LINE('',#6040,#6041);
#6040 = CARTESIAN_POINT('',(34.485862068395,-23.71540836943,5.));
#6041 = VECTOR('',#6042,1.);
#6042 = DIRECTION('',(0.903989293123,0.42755509343,0.));
#6043 = ORIENTED_EDGE('',*,*,#6044,.T.);
#6044 = EDGE_CURVE('',#6037,#6045,#6047,.T.);
#6045 = VERTEX_POINT('',#6046);
#6046 = CARTESIAN_POINT('',(35.263748420905,-23.29961945151,5.));
#6047 = LINE('',#6048,#6049);
#6048 = CARTESIAN_POINT('',(34.842880939937,-23.55187771174,5.));
#6049 = VECTOR('',#6050,1.);
#6050 = DIRECTION('',(0.85772861,0.514102744193,0.));
#6051 = ORIENTED_EDGE('',*,*,#6052,.T.);
#6052 = EDGE_CURVE('',#6045,#6053,#6055,.T.);
#6053 = VERTEX_POINT('',#6054);
#6054 = CARTESIAN_POINT('',(35.576267116326,-23.06184473533,5.));
#6055 = LINE('',#6056,#6057);
#6056 = CARTESIAN_POINT('',(35.182151860606,-23.35414053003,5.));
#6057 = VECTOR('',#6058,1.);
#6058 = DIRECTION('',(0.803207531481,0.595699304492,0.));
#6059 = ORIENTED_EDGE('',*,*,#6060,.T.);
#6060 = EDGE_CURVE('',#6053,#6061,#6063,.T.);
#6061 = VERTEX_POINT('',#6062);
#6062 = CARTESIAN_POINT('',(35.863974951086,-22.79458278057,5.));
#6063 = LINE('',#6064,#6065);
#6064 = CARTESIAN_POINT('',(35.500407465971,-23.12410114145,5.));
#6065 = VECTOR('',#6066,1.);
#6066 = DIRECTION('',(0.740951125355,0.671558954847,0.));
#6067 = ORIENTED_EDGE('',*,*,#6068,.T.);
#6068 = EDGE_CURVE('',#6061,#6069,#6071,.T.);
#6069 = VERTEX_POINT('',#6070);
#6070 = CARTESIAN_POINT('',(36.124101141459,-22.50040746597,5.));
#6071 = LINE('',#6072,#6073);
#6072 = CARTESIAN_POINT('',(35.794582780578,-22.86397495108,5.));
#6073 = VECTOR('',#6074,1.);
#6074 = DIRECTION('',(0.671558954847,0.740951125355,0.));
#6075 = ORIENTED_EDGE('',*,*,#6076,.T.);
#6076 = EDGE_CURVE('',#6069,#6077,#6079,.T.);
#6077 = VERTEX_POINT('',#6078);
#6078 = CARTESIAN_POINT('',(36.354140530032,-22.1821518606,5.));
#6079 = LINE('',#6080,#6081);
#6080 = CARTESIAN_POINT('',(36.061844735333,-22.57626711632,5.));
#6081 = VECTOR('',#6082,1.);
#6082 = DIRECTION('',(0.595699304492,0.803207531481,0.));
#6083 = ORIENTED_EDGE('',*,*,#6084,.T.);
#6084 = EDGE_CURVE('',#6077,#6085,#6087,.T.);
#6085 = VERTEX_POINT('',#6086);
#6086 = CARTESIAN_POINT('',(36.551877711742,-21.84288093993,5.));
#6087 = LINE('',#6088,#6089);
#6088 = CARTESIAN_POINT('',(36.299619451512,-22.2637484209,5.));
#6089 = VECTOR('',#6090,1.);
#6090 = DIRECTION('',(0.514102744193,0.85772861,0.));
#6091 = ORIENTED_EDGE('',*,*,#6092,.T.);
#6092 = EDGE_CURVE('',#6085,#6093,#6095,.T.);
#6093 = VERTEX_POINT('',#6094);
#6094 = CARTESIAN_POINT('',(36.715408369433,-21.48586206839,5.));
#6095 = LINE('',#6096,#6097);
#6096 = CARTESIAN_POINT('',(36.505617028618,-21.9294285907,5.));
#6097 = VECTOR('',#6098,1.);
#6098 = DIRECTION('',(0.42755509343,0.903989293123,0.));
#6099 = ORIENTED_EDGE('',*,*,#6100,.T.);
#6100 = EDGE_CURVE('',#6093,#6101,#6103,.T.);
#6101 = VERTEX_POINT('',#6102);
#6102 = CARTESIAN_POINT('',(36.843157613478,-21.11453353288,5.));
#6103 = LINE('',#6104,#6105);
#6104 = CARTESIAN_POINT('',(36.677853597373,-21.57652730843,5.));
#6105 = VECTOR('',#6106,1.);
#6106 = DIRECTION('',(0.336889853392,0.941544065183,0.));
#6107 = ORIENTED_EDGE('',*,*,#6108,.T.);
#6108 = EDGE_CURVE('',#6101,#6109,#6111,.T.);
#6109 = VERTEX_POINT('',#6110);
#6110 = CARTESIAN_POINT('',(36.933895148822,-20.73247143017,5.));
#6111 = LINE('',#6112,#6113);
#6112 = CARTESIAN_POINT('',(36.814670425467,-21.20844320636,5.));
#6113 = VECTOR('',#6114,1.);
#6114 = DIRECTION('',(0.242980179903,0.970031253195,0.));
#6115 = ORIENTED_EDGE('',*,*,#6116,.T.);
#6116 = EDGE_CURVE('',#6109,#6117,#6119,.T.);
#6117 = VERTEX_POINT('',#6118);
#6118 = CARTESIAN_POINT('',(36.986747123396,-20.34335522719,5.));
#6119 = LINE('',#6120,#6121);
#6120 = CARTESIAN_POINT('',(36.914749892051,-20.82872113562,5.));
#6121 = VECTOR('',#6122,1.);
#6122 = DIRECTION('',(0.146730474455,0.989176509965,0.));
#6123 = ORIENTED_EDGE('',*,*,#6124,.T.);
#6124 = EDGE_CURVE('',#6117,#6125,#6127,.T.);
#6125 = VERTEX_POINT('',#6126);
#6126 = CARTESIAN_POINT('',(37.001204543795,-19.95093232567,5.));
#6127 = LINE('',#6128,#6129);
#6128 = CARTESIAN_POINT('',(36.977128177156,-20.44101802732,5.));
#6129 = VECTOR('',#6130,1.);
#6130 = DIRECTION('',(4.906767432742E-02,0.998795456205,0.));
#6131 = ORIENTED_EDGE('',*,*,#6132,.T.);
#6132 = EDGE_CURVE('',#6125,#6133,#6135,.T.);
#6133 = VERTEX_POINT('',#6134);
#6134 = CARTESIAN_POINT('',(37.,-17.36355335013,5.));
#6135 = LINE('',#6136,#6137);
#6136 = CARTESIAN_POINT('',(37.,-20.,5.));
#6137 = VECTOR('',#6138,1.);
#6138 = DIRECTION('',(0.,1.,0.));
#6139 = ORIENTED_EDGE('',*,*,#6140,.T.);
#6140 = EDGE_CURVE('',#6133,#6141,#6143,.T.);
#6141 = VERTEX_POINT('',#6142);
#6142 = CARTESIAN_POINT('',(36.65175689842,-17.94456186415,5.));
#6143 = LINE('',#6144,#6145);
#6144 = CARTESIAN_POINT('',(34.701527405547,-21.19832320077,5.));
#6145 = VECTOR('',#6146,1.);
#6146 = DIRECTION('',(-0.514102744193,-0.85772861,0.));
#6147 = ORIENTED_EDGE('',*,*,#6148,.T.);
#6148 = EDGE_CURVE('',#6141,#5972,#6149,.T.);
#6149 = LINE('',#6150,#6151);
#6150 = CARTESIAN_POINT('',(33.955909068407,-21.57949187744,5.));
#6151 = VECTOR('',#6152,1.);
#6152 = DIRECTION('',(-0.595699304492,-0.803207531481,0.));
#6153 = PLANE('',#6154);
#6154 = AXIS2_PLACEMENT_3D('',#6155,#6156,#6157);
#6155 = CARTESIAN_POINT('',(26.489565432767,-20.69894652404,5.));
#6156 = DIRECTION('',(0.,0.,1.));
#6157 = DIRECTION('',(1.,0.,-0.));
#6158 = ADVANCED_FACE('',(#6159),#6175,.F.);
#6159 = FACE_BOUND('',#6160,.F.);
#6160 = EDGE_LOOP('',(#6161,#6167,#6168,#6174));
#6161 = ORIENTED_EDGE('',*,*,#6162,.F.);
#6162 = EDGE_CURVE('',#4761,#2542,#6163,.T.);
#6163 = LINE('',#6164,#6165);
#6164 = CARTESIAN_POINT('',(34.,-21.5,9.5));
#6165 = VECTOR('',#6166,1.);
#6166 = DIRECTION('',(6.661338147751E-16,-4.440892098501E-16,-1.));
#6167 = ORIENTED_EDGE('',*,*,#4760,.F.);
#6168 = ORIENTED_EDGE('',*,*,#6169,.T.);
#6169 = EDGE_CURVE('',#4752,#2534,#6170,.T.);
#6170 = LINE('',#6171,#6172);
#6171 = CARTESIAN_POINT('',(34.,-20.41821702539,8.881784197001E-15));
#6172 = VECTOR('',#6173,1.);
#6173 = DIRECTION('',(4.440892098501E-16,2.661768288812E-16,-1.));
#6174 = ORIENTED_EDGE('',*,*,#2541,.F.);
#6175 = PLANE('',#6176);
#6176 = AXIS2_PLACEMENT_3D('',#6177,#6178,#6179);
#6177 = CARTESIAN_POINT('',(34.,-21.5,9.5));
#6178 = DIRECTION('',(-1.,6.661338147751E-16,-4.440892098501E-16));
#6179 = DIRECTION('',(6.661338147751E-16,-4.440892098501E-16,-1.));
#6180 = ADVANCED_FACE('',(#6181),#6192,.F.);
#6181 = FACE_BOUND('',#6182,.F.);
#6182 = EDGE_LOOP('',(#6183,#6184,#6185,#6191));
#6183 = ORIENTED_EDGE('',*,*,#4786,.F.);
#6184 = ORIENTED_EDGE('',*,*,#2525,.F.);
#6185 = ORIENTED_EDGE('',*,*,#6186,.T.);
#6186 = EDGE_CURVE('',#2526,#4743,#6187,.T.);
#6187 = LINE('',#6188,#6189);
#6188 = CARTESIAN_POINT('',(34.444561864157,-20.15175689842,-9.5));
#6189 = VECTOR('',#6190,1.);
#6190 = DIRECTION('',(0.,0.,1.));
#6191 = ORIENTED_EDGE('',*,*,#4742,.F.);
#6192 = PLANE('',#6193);
#6193 = AXIS2_PLACEMENT_3D('',#6194,#6195,#6196);
#6194 = CARTESIAN_POINT('',(34.444561864157,-20.15175689842,-9.5));
#6195 = DIRECTION('',(-0.595699304492,0.803207531481,0.));
#6196 = DIRECTION('',(0.803207531481,0.595699304492,0.));
#6197 = ADVANCED_FACE('',(#6198),#6204,.F.);
#6198 = FACE_BOUND('',#6199,.F.);
#6199 = EDGE_LOOP('',(#6200,#6201,#6202,#6203));
#6200 = ORIENTED_EDGE('',*,*,#6186,.F.);
#6201 = ORIENTED_EDGE('',*,*,#2533,.F.);
#6202 = ORIENTED_EDGE('',*,*,#6169,.F.);
#6203 = ORIENTED_EDGE('',*,*,#4751,.F.);
#6204 = PLANE('',#6205);
#6205 = AXIS2_PLACEMENT_3D('',#6206,#6207,#6208);
#6206 = CARTESIAN_POINT('',(33.771173894608,-20.55537011478,-9.5));
#6207 = DIRECTION('',(-0.514102744193,0.85772861,0.));
#6208 = DIRECTION('',(0.85772861,0.514102744193,0.));
#6209 = ADVANCED_FACE('',(#6210),#6280,.T.);
#6210 = FACE_BOUND('',#6211,.F.);
#6211 = EDGE_LOOP('',(#6212,#6220,#6227,#6228,#6237,#6246,#6255,#6264,
    #6273));
#6212 = ORIENTED_EDGE('',*,*,#6213,.F.);
#6213 = EDGE_CURVE('',#4895,#6214,#6216,.T.);
#6214 = VERTEX_POINT('',#6215);
#6215 = CARTESIAN_POINT('',(38.,-13.5,4.));
#6216 = LINE('',#6217,#6218);
#6217 = CARTESIAN_POINT('',(38.,-20.,4.));
#6218 = VECTOR('',#6219,1.);
#6219 = DIRECTION('',(0.,1.,0.));
#6220 = ORIENTED_EDGE('',*,*,#6221,.T.);
#6221 = EDGE_CURVE('',#4895,#6125,#6222,.T.);
#6222 = CIRCLE('',#6223,1.);
#6223 = AXIS2_PLACEMENT_3D('',#6224,#6225,#6226);
#6224 = CARTESIAN_POINT('',(37.001204543795,-19.95093232567,4.));
#6225 = DIRECTION('',(-4.906767432742E-02,-0.998795456205,0.));
#6226 = DIRECTION('',(0.998795456205,-4.906767432742E-02,0.));
#6227 = ORIENTED_EDGE('',*,*,#6132,.T.);
#6228 = ORIENTED_EDGE('',*,*,#6229,.T.);
#6229 = EDGE_CURVE('',#6133,#6230,#6232,.T.);
#6230 = VERTEX_POINT('',#6231);
#6231 = CARTESIAN_POINT('',(37.055370114787,-17.2711738946,4.99846589846
    ));
#6232 = ELLIPSE('',#6233,1.945136475724,1.);
#6233 = AXIS2_PLACEMENT_3D('',#6234,#6235,#6236);
#6234 = CARTESIAN_POINT('',(37.,-17.36355335013,4.));
#6235 = DIRECTION('',(-0.85772861,0.514102744193,0.));
#6236 = DIRECTION('',(0.514102744193,0.85772861,0.));
#6237 = ORIENTED_EDGE('',*,*,#6238,.T.);
#6238 = EDGE_CURVE('',#6230,#6239,#6241,.T.);
#6239 = VERTEX_POINT('',#6240);
#6240 = CARTESIAN_POINT('',(37.39103626009,-16.56146745892,
    4.920375273079));
#6241 = ELLIPSE('',#6242,2.338879866866,1.);
#6242 = AXIS2_PLACEMENT_3D('',#6243,#6244,#6245);
#6243 = CARTESIAN_POINT('',(37.,-17.38824416624,4.));
#6244 = DIRECTION('',(-0.903989293123,0.42755509343,0.));
#6245 = DIRECTION('',(0.42755509343,0.903989293123,0.));
#6246 = ORIENTED_EDGE('',*,*,#6247,.T.);
#6247 = EDGE_CURVE('',#6239,#6248,#6250,.T.);
#6248 = VERTEX_POINT('',#6249);
#6249 = CARTESIAN_POINT('',(37.655522685858,-15.82227741803,
    4.755175481809));
#6250 = ELLIPSE('',#6251,2.968329232628,1.);
#6251 = AXIS2_PLACEMENT_3D('',#6252,#6253,#6254);
#6252 = CARTESIAN_POINT('',(37.,-17.65434059312,4.));
#6253 = DIRECTION('',(-0.941544065183,0.336889853392,0.));
#6254 = DIRECTION('',(0.336889853392,0.941544065183,0.));
#6255 = ORIENTED_EDGE('',*,*,#6256,.T.);
#6256 = EDGE_CURVE('',#6248,#6257,#6259,.T.);
#6257 = VERTEX_POINT('',#6258);
#6258 = CARTESIAN_POINT('',(37.846282243226,-15.06072257612,
    4.532734797813));
#6259 = ELLIPSE('',#6260,4.115562019907,1.);
#6260 = AXIS2_PLACEMENT_3D('',#6261,#6262,#6263);
#6261 = CARTESIAN_POINT('',(37.,-18.43927067531,4.));
#6262 = DIRECTION('',(-0.970031253195,0.242980179903,0.));
#6263 = DIRECTION('',(0.242980179903,0.970031253195,0.));
#6264 = ORIENTED_EDGE('',*,*,#6265,.T.);
#6265 = EDGE_CURVE('',#6257,#6266,#6268,.T.);
#6266 = VERTEX_POINT('',#6267);
#6267 = CARTESIAN_POINT('',(37.961477813378,-14.28413712263,
    4.274882546523));
#6268 = ELLIPSE('',#6269,6.815216836937,1.);
#6269 = AXIS2_PLACEMENT_3D('',#6270,#6271,#6272);
#6270 = CARTESIAN_POINT('',(37.,-20.76589404038,4.));
#6271 = DIRECTION('',(-0.989176509965,0.146730474455,0.));
#6272 = DIRECTION('',(0.146730474455,0.989176509965,0.));
#6273 = ORIENTED_EDGE('',*,*,#6274,.T.);
#6274 = EDGE_CURVE('',#6266,#6214,#6275,.T.);
#6275 = ELLIPSE('',#6276,20.380016247097,1.);
#6276 = AXIS2_PLACEMENT_3D('',#6277,#6278,#6279);
#6277 = CARTESIAN_POINT('',(37.,-33.85546762498,4.));
#6278 = DIRECTION('',(-0.998795456205,4.906767432742E-02,0.));
#6279 = DIRECTION('',(4.906767432742E-02,0.998795456205,0.));
#6280 = CYLINDRICAL_SURFACE('',#6281,1.);
#6281 = AXIS2_PLACEMENT_3D('',#6282,#6283,#6284);
#6282 = CARTESIAN_POINT('',(37.,-20.,4.));
#6283 = DIRECTION('',(0.,1.,0.));
#6284 = DIRECTION('',(1.,0.,-0.));
#6285 = ADVANCED_FACE('',(#6286),#6298,.T.);
#6286 = FACE_BOUND('',#6287,.F.);
#6287 = EDGE_LOOP('',(#6288,#6295,#6296,#6297));
#6288 = ORIENTED_EDGE('',*,*,#6289,.T.);
#6289 = EDGE_CURVE('',#4887,#6117,#6290,.T.);
#6290 = CIRCLE('',#6291,1.);
#6291 = AXIS2_PLACEMENT_3D('',#6292,#6293,#6294);
#6292 = CARTESIAN_POINT('',(36.986747123396,-20.34335522719,4.));
#6293 = DIRECTION('',(-0.146730474455,-0.989176509965,0.));
#6294 = DIRECTION('',(0.989176509965,-0.146730474455,0.));
#6295 = ORIENTED_EDGE('',*,*,#6124,.T.);
#6296 = ORIENTED_EDGE('',*,*,#6221,.F.);
#6297 = ORIENTED_EDGE('',*,*,#4894,.F.);
#6298 = CYLINDRICAL_SURFACE('',#6299,1.);
#6299 = AXIS2_PLACEMENT_3D('',#6300,#6301,#6302);
#6300 = CARTESIAN_POINT('',(36.977128177156,-20.44101802732,4.));
#6301 = DIRECTION('',(4.906767432742E-02,0.998795456205,0.));
#6302 = DIRECTION('',(0.998795456205,-4.906767432742E-02,-0.));
#6303 = ADVANCED_FACE('',(#6304),#6316,.T.);
#6304 = FACE_BOUND('',#6305,.F.);
#6305 = EDGE_LOOP('',(#6306,#6313,#6314,#6315));
#6306 = ORIENTED_EDGE('',*,*,#6307,.T.);
#6307 = EDGE_CURVE('',#4918,#6109,#6308,.T.);
#6308 = CIRCLE('',#6309,1.);
#6309 = AXIS2_PLACEMENT_3D('',#6310,#6311,#6312);
#6310 = CARTESIAN_POINT('',(36.933895148822,-20.73247143017,4.));
#6311 = DIRECTION('',(-0.242980179903,-0.970031253195,0.));
#6312 = DIRECTION('',(0.970031253195,-0.242980179903,0.));
#6313 = ORIENTED_EDGE('',*,*,#6116,.T.);
#6314 = ORIENTED_EDGE('',*,*,#6289,.F.);
#6315 = ORIENTED_EDGE('',*,*,#4925,.F.);
#6316 = CYLINDRICAL_SURFACE('',#6317,1.);
#6317 = AXIS2_PLACEMENT_3D('',#6318,#6319,#6320);
#6318 = CARTESIAN_POINT('',(36.914749892051,-20.82872113562,4.));
#6319 = DIRECTION('',(0.146730474455,0.989176509965,0.));
#6320 = DIRECTION('',(0.989176509965,-0.146730474455,-0.));
#6321 = ADVANCED_FACE('',(#6322),#6334,.T.);
#6322 = FACE_BOUND('',#6323,.F.);
#6323 = EDGE_LOOP('',(#6324,#6331,#6332,#6333));
#6324 = ORIENTED_EDGE('',*,*,#6325,.T.);
#6325 = EDGE_CURVE('',#4942,#6101,#6326,.T.);
#6326 = CIRCLE('',#6327,1.);
#6327 = AXIS2_PLACEMENT_3D('',#6328,#6329,#6330);
#6328 = CARTESIAN_POINT('',(36.843157613478,-21.11453353288,4.));
#6329 = DIRECTION('',(-0.336889853392,-0.941544065183,0.));
#6330 = DIRECTION('',(0.941544065183,-0.336889853392,0.));
#6331 = ORIENTED_EDGE('',*,*,#6108,.T.);
#6332 = ORIENTED_EDGE('',*,*,#6307,.F.);
#6333 = ORIENTED_EDGE('',*,*,#4949,.F.);
#6334 = CYLINDRICAL_SURFACE('',#6335,1.);
#6335 = AXIS2_PLACEMENT_3D('',#6336,#6337,#6338);
#6336 = CARTESIAN_POINT('',(36.814670425467,-21.20844320636,4.));
#6337 = DIRECTION('',(0.242980179903,0.970031253195,0.));
#6338 = DIRECTION('',(0.970031253195,-0.242980179903,-0.));
#6339 = ADVANCED_FACE('',(#6340),#6352,.T.);
#6340 = FACE_BOUND('',#6341,.F.);
#6341 = EDGE_LOOP('',(#6342,#6349,#6350,#6351));
#6342 = ORIENTED_EDGE('',*,*,#6343,.T.);
#6343 = EDGE_CURVE('',#4966,#6093,#6344,.T.);
#6344 = CIRCLE('',#6345,1.);
#6345 = AXIS2_PLACEMENT_3D('',#6346,#6347,#6348);
#6346 = CARTESIAN_POINT('',(36.715408369433,-21.48586206839,4.));
#6347 = DIRECTION('',(-0.42755509343,-0.903989293123,0.));
#6348 = DIRECTION('',(0.903989293123,-0.42755509343,0.));
#6349 = ORIENTED_EDGE('',*,*,#6100,.T.);
#6350 = ORIENTED_EDGE('',*,*,#6325,.F.);
#6351 = ORIENTED_EDGE('',*,*,#4973,.F.);
#6352 = CYLINDRICAL_SURFACE('',#6353,1.);
#6353 = AXIS2_PLACEMENT_3D('',#6354,#6355,#6356);
#6354 = CARTESIAN_POINT('',(36.677853597373,-21.57652730843,4.));
#6355 = DIRECTION('',(0.336889853392,0.941544065183,0.));
#6356 = DIRECTION('',(0.941544065183,-0.336889853392,-0.));
#6357 = ADVANCED_FACE('',(#6358),#6370,.T.);
#6358 = FACE_BOUND('',#6359,.F.);
#6359 = EDGE_LOOP('',(#6360,#6367,#6368,#6369));
#6360 = ORIENTED_EDGE('',*,*,#6361,.T.);
#6361 = EDGE_CURVE('',#4990,#6085,#6362,.T.);
#6362 = CIRCLE('',#6363,1.);
#6363 = AXIS2_PLACEMENT_3D('',#6364,#6365,#6366);
#6364 = CARTESIAN_POINT('',(36.551877711742,-21.84288093993,4.));
#6365 = DIRECTION('',(-0.514102744193,-0.85772861,0.));
#6366 = DIRECTION('',(0.85772861,-0.514102744193,0.));
#6367 = ORIENTED_EDGE('',*,*,#6092,.T.);
#6368 = ORIENTED_EDGE('',*,*,#6343,.F.);
#6369 = ORIENTED_EDGE('',*,*,#4997,.F.);
#6370 = CYLINDRICAL_SURFACE('',#6371,1.);
#6371 = AXIS2_PLACEMENT_3D('',#6372,#6373,#6374);
#6372 = CARTESIAN_POINT('',(36.505617028618,-21.9294285907,4.));
#6373 = DIRECTION('',(0.42755509343,0.903989293123,0.));
#6374 = DIRECTION('',(0.903989293123,-0.42755509343,-0.));
#6375 = ADVANCED_FACE('',(#6376),#6388,.T.);
#6376 = FACE_BOUND('',#6377,.F.);
#6377 = EDGE_LOOP('',(#6378,#6385,#6386,#6387));
#6378 = ORIENTED_EDGE('',*,*,#6379,.T.);
#6379 = EDGE_CURVE('',#5014,#6077,#6380,.T.);
#6380 = CIRCLE('',#6381,1.);
#6381 = AXIS2_PLACEMENT_3D('',#6382,#6383,#6384);
#6382 = CARTESIAN_POINT('',(36.354140530032,-22.1821518606,4.));
#6383 = DIRECTION('',(-0.595699304492,-0.803207531481,0.));
#6384 = DIRECTION('',(0.803207531481,-0.595699304492,0.));
#6385 = ORIENTED_EDGE('',*,*,#6084,.T.);
#6386 = ORIENTED_EDGE('',*,*,#6361,.F.);
#6387 = ORIENTED_EDGE('',*,*,#5021,.F.);
#6388 = CYLINDRICAL_SURFACE('',#6389,1.);
#6389 = AXIS2_PLACEMENT_3D('',#6390,#6391,#6392);
#6390 = CARTESIAN_POINT('',(36.299619451512,-22.2637484209,4.));
#6391 = DIRECTION('',(0.514102744193,0.85772861,0.));
#6392 = DIRECTION('',(0.85772861,-0.514102744193,-0.));
#6393 = ADVANCED_FACE('',(#6394),#6406,.T.);
#6394 = FACE_BOUND('',#6395,.F.);
#6395 = EDGE_LOOP('',(#6396,#6403,#6404,#6405));
#6396 = ORIENTED_EDGE('',*,*,#6397,.T.);
#6397 = EDGE_CURVE('',#5038,#6069,#6398,.T.);
#6398 = CIRCLE('',#6399,1.);
#6399 = AXIS2_PLACEMENT_3D('',#6400,#6401,#6402);
#6400 = CARTESIAN_POINT('',(36.124101141459,-22.50040746597,4.));
#6401 = DIRECTION('',(-0.671558954847,-0.740951125355,0.));
#6402 = DIRECTION('',(0.740951125355,-0.671558954847,0.));
#6403 = ORIENTED_EDGE('',*,*,#6076,.T.);
#6404 = ORIENTED_EDGE('',*,*,#6379,.F.);
#6405 = ORIENTED_EDGE('',*,*,#5045,.F.);
#6406 = CYLINDRICAL_SURFACE('',#6407,1.);
#6407 = AXIS2_PLACEMENT_3D('',#6408,#6409,#6410);
#6408 = CARTESIAN_POINT('',(36.061844735333,-22.57626711632,4.));
#6409 = DIRECTION('',(0.595699304492,0.803207531481,0.));
#6410 = DIRECTION('',(0.803207531481,-0.595699304492,-0.));
#6411 = ADVANCED_FACE('',(#6412),#6424,.T.);
#6412 = FACE_BOUND('',#6413,.F.);
#6413 = EDGE_LOOP('',(#6414,#6421,#6422,#6423));
#6414 = ORIENTED_EDGE('',*,*,#6415,.T.);
#6415 = EDGE_CURVE('',#5062,#6061,#6416,.T.);
#6416 = CIRCLE('',#6417,1.);
#6417 = AXIS2_PLACEMENT_3D('',#6418,#6419,#6420);
#6418 = CARTESIAN_POINT('',(35.863974951086,-22.79458278057,4.));
#6419 = DIRECTION('',(-0.740951125355,-0.671558954847,0.));
#6420 = DIRECTION('',(0.671558954847,-0.740951125355,0.));
#6421 = ORIENTED_EDGE('',*,*,#6068,.T.);
#6422 = ORIENTED_EDGE('',*,*,#6397,.F.);
#6423 = ORIENTED_EDGE('',*,*,#5069,.F.);
#6424 = CYLINDRICAL_SURFACE('',#6425,1.);
#6425 = AXIS2_PLACEMENT_3D('',#6426,#6427,#6428);
#6426 = CARTESIAN_POINT('',(35.794582780578,-22.86397495108,4.));
#6427 = DIRECTION('',(0.671558954847,0.740951125355,0.));
#6428 = DIRECTION('',(0.740951125355,-0.671558954847,-0.));
#6429 = ADVANCED_FACE('',(#6430),#6442,.T.);
#6430 = FACE_BOUND('',#6431,.F.);
#6431 = EDGE_LOOP('',(#6432,#6439,#6440,#6441));
#6432 = ORIENTED_EDGE('',*,*,#6433,.T.);
#6433 = EDGE_CURVE('',#5086,#6053,#6434,.T.);
#6434 = CIRCLE('',#6435,1.);
#6435 = AXIS2_PLACEMENT_3D('',#6436,#6437,#6438);
#6436 = CARTESIAN_POINT('',(35.576267116326,-23.06184473533,4.));
#6437 = DIRECTION('',(-0.803207531481,-0.595699304492,0.));
#6438 = DIRECTION('',(0.595699304492,-0.803207531481,0.));
#6439 = ORIENTED_EDGE('',*,*,#6060,.T.);
#6440 = ORIENTED_EDGE('',*,*,#6415,.F.);
#6441 = ORIENTED_EDGE('',*,*,#5093,.F.);
#6442 = CYLINDRICAL_SURFACE('',#6443,1.);
#6443 = AXIS2_PLACEMENT_3D('',#6444,#6445,#6446);
#6444 = CARTESIAN_POINT('',(35.500407465971,-23.12410114145,4.));
#6445 = DIRECTION('',(0.740951125355,0.671558954847,0.));
#6446 = DIRECTION('',(0.671558954847,-0.740951125355,-0.));
#6447 = ADVANCED_FACE('',(#6448),#6460,.T.);
#6448 = FACE_BOUND('',#6449,.F.);
#6449 = EDGE_LOOP('',(#6450,#6457,#6458,#6459));
#6450 = ORIENTED_EDGE('',*,*,#6451,.T.);
#6451 = EDGE_CURVE('',#5110,#6045,#6452,.T.);
#6452 = CIRCLE('',#6453,1.);
#6453 = AXIS2_PLACEMENT_3D('',#6454,#6455,#6456);
#6454 = CARTESIAN_POINT('',(35.263748420905,-23.29961945151,4.));
#6455 = DIRECTION('',(-0.85772861,-0.514102744193,0.));
#6456 = DIRECTION('',(0.514102744193,-0.85772861,0.));
#6457 = ORIENTED_EDGE('',*,*,#6052,.T.);
#6458 = ORIENTED_EDGE('',*,*,#6433,.F.);
#6459 = ORIENTED_EDGE('',*,*,#5117,.F.);
#6460 = CYLINDRICAL_SURFACE('',#6461,1.);
#6461 = AXIS2_PLACEMENT_3D('',#6462,#6463,#6464);
#6462 = CARTESIAN_POINT('',(35.182151860606,-23.35414053003,4.));
#6463 = DIRECTION('',(0.803207531481,0.595699304492,0.));
#6464 = DIRECTION('',(0.595699304492,-0.803207531481,-0.));
#6465 = ADVANCED_FACE('',(#6466),#6478,.T.);
#6466 = FACE_BOUND('',#6467,.F.);
#6467 = EDGE_LOOP('',(#6468,#6475,#6476,#6477));
#6468 = ORIENTED_EDGE('',*,*,#6469,.T.);
#6469 = EDGE_CURVE('',#5134,#6037,#6470,.T.);
#6470 = CIRCLE('',#6471,1.);
#6471 = AXIS2_PLACEMENT_3D('',#6472,#6473,#6474);
#6472 = CARTESIAN_POINT('',(34.9294285907,-23.50561702861,4.));
#6473 = DIRECTION('',(-0.903989293123,-0.42755509343,0.));
#6474 = DIRECTION('',(0.42755509343,-0.903989293123,0.));
#6475 = ORIENTED_EDGE('',*,*,#6044,.T.);
#6476 = ORIENTED_EDGE('',*,*,#6451,.F.);
#6477 = ORIENTED_EDGE('',*,*,#5141,.F.);
#6478 = CYLINDRICAL_SURFACE('',#6479,1.);
#6479 = AXIS2_PLACEMENT_3D('',#6480,#6481,#6482);
#6480 = CARTESIAN_POINT('',(34.842880939937,-23.55187771174,4.));
#6481 = DIRECTION('',(0.85772861,0.514102744193,0.));
#6482 = DIRECTION('',(0.514102744193,-0.85772861,-0.));
#6483 = ADVANCED_FACE('',(#6484),#6496,.T.);
#6484 = FACE_BOUND('',#6485,.F.);
#6485 = EDGE_LOOP('',(#6486,#6493,#6494,#6495));
#6486 = ORIENTED_EDGE('',*,*,#6487,.T.);
#6487 = EDGE_CURVE('',#5158,#6029,#6488,.T.);
#6488 = CIRCLE('',#6489,1.);
#6489 = AXIS2_PLACEMENT_3D('',#6490,#6491,#6492);
#6490 = CARTESIAN_POINT('',(34.576527308433,-23.67785359737,4.));
#6491 = DIRECTION('',(-0.941544065183,-0.336889853392,0.));
#6492 = DIRECTION('',(0.336889853392,-0.941544065183,0.));
#6493 = ORIENTED_EDGE('',*,*,#6036,.T.);
#6494 = ORIENTED_EDGE('',*,*,#6469,.F.);
#6495 = ORIENTED_EDGE('',*,*,#5165,.F.);
#6496 = CYLINDRICAL_SURFACE('',#6497,1.);
#6497 = AXIS2_PLACEMENT_3D('',#6498,#6499,#6500);
#6498 = CARTESIAN_POINT('',(34.485862068395,-23.71540836943,4.));
#6499 = DIRECTION('',(0.903989293123,0.42755509343,0.));
#6500 = DIRECTION('',(0.42755509343,-0.903989293123,-0.));
#6501 = ADVANCED_FACE('',(#6502),#6514,.T.);
#6502 = FACE_BOUND('',#6503,.F.);
#6503 = EDGE_LOOP('',(#6504,#6511,#6512,#6513));
#6504 = ORIENTED_EDGE('',*,*,#6505,.T.);
#6505 = EDGE_CURVE('',#5182,#6021,#6506,.T.);
#6506 = CIRCLE('',#6507,1.);
#6507 = AXIS2_PLACEMENT_3D('',#6508,#6509,#6510);
#6508 = CARTESIAN_POINT('',(34.208443206369,-23.81467042546,4.));
#6509 = DIRECTION('',(-0.970031253195,-0.242980179903,0.));
#6510 = DIRECTION('',(0.242980179903,-0.970031253195,0.));
#6511 = ORIENTED_EDGE('',*,*,#6028,.T.);
#6512 = ORIENTED_EDGE('',*,*,#6487,.F.);
#6513 = ORIENTED_EDGE('',*,*,#5189,.F.);
#6514 = CYLINDRICAL_SURFACE('',#6515,1.);
#6515 = AXIS2_PLACEMENT_3D('',#6516,#6517,#6518);
#6516 = CARTESIAN_POINT('',(34.11453353288,-23.84315761347,4.));
#6517 = DIRECTION('',(0.941544065183,0.336889853392,0.));
#6518 = DIRECTION('',(0.336889853392,-0.941544065183,-0.));
#6519 = ADVANCED_FACE('',(#6520),#6532,.T.);
#6520 = FACE_BOUND('',#6521,.F.);
#6521 = EDGE_LOOP('',(#6522,#6529,#6530,#6531));
#6522 = ORIENTED_EDGE('',*,*,#6523,.T.);
#6523 = EDGE_CURVE('',#5206,#6013,#6524,.T.);
#6524 = CIRCLE('',#6525,1.);
#6525 = AXIS2_PLACEMENT_3D('',#6526,#6527,#6528);
#6526 = CARTESIAN_POINT('',(33.828721135625,-23.91474989205,4.));
#6527 = DIRECTION('',(-0.989176509965,-0.146730474455,0.));
#6528 = DIRECTION('',(0.146730474455,-0.989176509965,0.));
#6529 = ORIENTED_EDGE('',*,*,#6020,.T.);
#6530 = ORIENTED_EDGE('',*,*,#6505,.F.);
#6531 = ORIENTED_EDGE('',*,*,#5213,.F.);
#6532 = CYLINDRICAL_SURFACE('',#6533,1.);
#6533 = AXIS2_PLACEMENT_3D('',#6534,#6535,#6536);
#6534 = CARTESIAN_POINT('',(33.732471430177,-23.93389514882,4.));
#6535 = DIRECTION('',(0.970031253195,0.242980179903,0.));
#6536 = DIRECTION('',(0.242980179903,-0.970031253195,-0.));
#6537 = ADVANCED_FACE('',(#6538),#6550,.T.);
#6538 = FACE_BOUND('',#6539,.F.);
#6539 = EDGE_LOOP('',(#6540,#6547,#6548,#6549));
#6540 = ORIENTED_EDGE('',*,*,#6541,.T.);
#6541 = EDGE_CURVE('',#5230,#6005,#6542,.T.);
#6542 = CIRCLE('',#6543,1.);
#6543 = AXIS2_PLACEMENT_3D('',#6544,#6545,#6546);
#6544 = CARTESIAN_POINT('',(33.44101802732,-23.97712817715,4.));
#6545 = DIRECTION('',(-0.998795456205,-4.906767432742E-02,0.));
#6546 = DIRECTION('',(4.906767432742E-02,-0.998795456205,0.));
#6547 = ORIENTED_EDGE('',*,*,#6012,.T.);
#6548 = ORIENTED_EDGE('',*,*,#6523,.F.);
#6549 = ORIENTED_EDGE('',*,*,#5237,.F.);
#6550 = CYLINDRICAL_SURFACE('',#6551,1.);
#6551 = AXIS2_PLACEMENT_3D('',#6552,#6553,#6554);
#6552 = CARTESIAN_POINT('',(33.343355227192,-23.98674712339,4.));
#6553 = DIRECTION('',(0.989176509965,0.146730474455,0.));
#6554 = DIRECTION('',(0.146730474455,-0.989176509965,-0.));
#6555 = ADVANCED_FACE('',(#6556),#6568,.T.);
#6556 = FACE_BOUND('',#6557,.F.);
#6557 = EDGE_LOOP('',(#6558,#6565,#6566,#6567));
#6558 = ORIENTED_EDGE('',*,*,#6559,.T.);
#6559 = EDGE_CURVE('',#5254,#5997,#6560,.T.);
#6560 = CIRCLE('',#6561,1.);
#6561 = AXIS2_PLACEMENT_3D('',#6562,#6563,#6564);
#6562 = CARTESIAN_POINT('',(33.,-24.,4.));
#6563 = DIRECTION('',(-1.,-0.,0.));
#6564 = DIRECTION('',(0.,-1.,0.));
#6565 = ORIENTED_EDGE('',*,*,#6004,.T.);
#6566 = ORIENTED_EDGE('',*,*,#6541,.F.);
#6567 = ORIENTED_EDGE('',*,*,#5261,.F.);
#6568 = CYLINDRICAL_SURFACE('',#6569,1.);
#6569 = AXIS2_PLACEMENT_3D('',#6570,#6571,#6572);
#6570 = CARTESIAN_POINT('',(32.950932325673,-24.00120454379,4.));
#6571 = DIRECTION('',(0.998795456205,4.906767432742E-02,0.));
#6572 = DIRECTION('',(4.906767432742E-02,-0.998795456205,-0.));
#6573 = ADVANCED_FACE('',(#6574),#6580,.T.);
#6574 = FACE_BOUND('',#6575,.F.);
#6575 = EDGE_LOOP('',(#6576,#6577,#6578,#6579));
#6576 = ORIENTED_EDGE('',*,*,#5395,.F.);
#6577 = ORIENTED_EDGE('',*,*,#5887,.F.);
#6578 = ORIENTED_EDGE('',*,*,#5996,.T.);
#6579 = ORIENTED_EDGE('',*,*,#6559,.F.);
#6580 = CYLINDRICAL_SURFACE('',#6581,1.);
#6581 = AXIS2_PLACEMENT_3D('',#6582,#6583,#6584);
#6582 = CARTESIAN_POINT('',(17.5,-24.,4.));
#6583 = DIRECTION('',(1.,0.,0.));
#6584 = DIRECTION('',(0.,-1.,-0.));
#6585 = ADVANCED_FACE('',(#6586),#6597,.T.);
#6586 = FACE_BOUND('',#6587,.T.);
#6587 = EDGE_LOOP('',(#6588,#6589,#6590));
#6588 = ORIENTED_EDGE('',*,*,#5378,.F.);
#6589 = ORIENTED_EDGE('',*,*,#5917,.T.);
#6590 = ORIENTED_EDGE('',*,*,#6591,.F.);
#6591 = EDGE_CURVE('',#5371,#5918,#6592,.T.);
#6592 = ELLIPSE('',#6593,1.004838572376,1.);
#6593 = AXIS2_PLACEMENT_3D('',#6594,#6595,#6596);
#6594 = CARTESIAN_POINT('',(15.971117912024,-24.,3.69104787206));
#6595 = DIRECTION('',(-0.923879532511,0.,-0.382683432365));
#6596 = DIRECTION('',(-0.382683432365,0.,0.923879532511));
#6597 = CYLINDRICAL_SURFACE('',#6598,1.);
#6598 = AXIS2_PLACEMENT_3D('',#6599,#6600,#6601);
#6599 = CARTESIAN_POINT('',(16.814833067174,-24.,3.946986066284));
#6600 = DIRECTION('',(-0.956940335732,0.,-0.290284677254));
#6601 = DIRECTION('',(0.,-1.,-0.));
#6602 = ADVANCED_FACE('',(#6603),#6616,.T.);
#6603 = FACE_BOUND('',#6604,.T.);
#6604 = EDGE_LOOP('',(#6605,#6606,#6607,#6608,#6609));
#6605 = ORIENTED_EDGE('',*,*,#5370,.F.);
#6606 = ORIENTED_EDGE('',*,*,#6591,.T.);
#6607 = ORIENTED_EDGE('',*,*,#5944,.T.);
#6608 = ORIENTED_EDGE('',*,*,#5831,.T.);
#6609 = ORIENTED_EDGE('',*,*,#6610,.F.);
#6610 = EDGE_CURVE('',#5363,#5791,#6611,.T.);
#6611 = ELLIPSE('',#6612,1.004838572376,1.);
#6612 = AXIS2_PLACEMENT_3D('',#6613,#6614,#6615);
#6613 = CARTESIAN_POINT('',(15.280407234704,-24.,3.321855323312));
#6614 = DIRECTION('',(-0.831469612303,0.,-0.55557023302));
#6615 = DIRECTION('',(-0.55557023302,0.,0.831469612303));
#6616 = CYLINDRICAL_SURFACE('',#6617,1.);
#6617 = AXIS2_PLACEMENT_3D('',#6618,#6619,#6620);
#6618 = CARTESIAN_POINT('',(16.057979575001,-24.,3.737476398208));
#6619 = DIRECTION('',(-0.881921264348,0.,-0.471396736826));
#6620 = DIRECTION('',(0.,-1.,-0.));
#6621 = ADVANCED_FACE('',(#6622),#6634,.T.);
#6622 = FACE_BOUND('',#6623,.T.);
#6623 = EDGE_LOOP('',(#6624,#6625,#6626,#6633));
#6624 = ORIENTED_EDGE('',*,*,#6610,.T.);
#6625 = ORIENTED_EDGE('',*,*,#5800,.T.);
#6626 = ORIENTED_EDGE('',*,*,#6627,.F.);
#6627 = EDGE_CURVE('',#5355,#5760,#6628,.T.);
#6628 = ELLIPSE('',#6629,1.004838572376,1.);
#6629 = AXIS2_PLACEMENT_3D('',#6630,#6631,#6632);
#6630 = CARTESIAN_POINT('',(14.674994262592,-24.,2.825005737408));
#6631 = DIRECTION('',(-0.707106781187,0.,-0.707106781187));
#6632 = DIRECTION('',(-0.707106781187,0.,0.707106781187));
#6633 = ORIENTED_EDGE('',*,*,#5362,.F.);
#6634 = CYLINDRICAL_SURFACE('',#6635,1.);
#6635 = AXIS2_PLACEMENT_3D('',#6636,#6637,#6638);
#6636 = CARTESIAN_POINT('',(15.356542119066,-24.,3.38433760815));
#6637 = DIRECTION('',(-0.773010453363,0.,-0.634393284164));
#6638 = DIRECTION('',(0.,-1.,-0.));
#6639 = ADVANCED_FACE('',(#6640),#6652,.T.);
#6640 = FACE_BOUND('',#6641,.T.);
#6641 = EDGE_LOOP('',(#6642,#6643,#6644,#6651));
#6642 = ORIENTED_EDGE('',*,*,#6627,.T.);
#6643 = ORIENTED_EDGE('',*,*,#5769,.T.);
#6644 = ORIENTED_EDGE('',*,*,#6645,.F.);
#6645 = EDGE_CURVE('',#5347,#5729,#6646,.T.);
#6646 = ELLIPSE('',#6647,1.004838572376,1.);
#6647 = AXIS2_PLACEMENT_3D('',#6648,#6649,#6650);
#6648 = CARTESIAN_POINT('',(14.178144676688,-24.,2.219592765296));
#6649 = DIRECTION('',(-0.55557023302,0.,-0.831469612303));
#6650 = DIRECTION('',(-0.831469612303,0.,0.55557023302));
#6651 = ORIENTED_EDGE('',*,*,#5354,.F.);
#6652 = CYLINDRICAL_SURFACE('',#6653,1.);
#6653 = AXIS2_PLACEMENT_3D('',#6654,#6655,#6656);
#6654 = CARTESIAN_POINT('',(14.73747654743,-24.,2.901140621769));
#6655 = DIRECTION('',(-0.634393284164,0.,-0.773010453363));
#6656 = DIRECTION('',(0.,-1.,-0.));
#6657 = ADVANCED_FACE('',(#6658),#6671,.T.);
#6658 = FACE_BOUND('',#6659,.T.);
#6659 = EDGE_LOOP('',(#6660,#6661,#6662,#6663,#6664));
#6660 = ORIENTED_EDGE('',*,*,#5346,.F.);
#6661 = ORIENTED_EDGE('',*,*,#6645,.T.);
#6662 = ORIENTED_EDGE('',*,*,#5738,.T.);
#6663 = ORIENTED_EDGE('',*,*,#5635,.T.);
#6664 = ORIENTED_EDGE('',*,*,#6665,.F.);
#6665 = EDGE_CURVE('',#5339,#5636,#6666,.T.);
#6666 = ELLIPSE('',#6667,1.004838572376,1.);
#6667 = AXIS2_PLACEMENT_3D('',#6668,#6669,#6670);
#6668 = CARTESIAN_POINT('',(13.80895212794,-24.,1.528882087976));
#6669 = DIRECTION('',(-0.382683432365,0.,-0.923879532511));
#6670 = DIRECTION('',(-0.923879532511,0.,0.382683432365));
#6671 = CYLINDRICAL_SURFACE('',#6672,1.);
#6672 = AXIS2_PLACEMENT_3D('',#6673,#6674,#6675);
#6673 = CARTESIAN_POINT('',(14.224573202836,-24.,2.306454428272));
#6674 = DIRECTION('',(-0.471396736826,0.,-0.881921264348));
#6675 = DIRECTION('',(0.,-1.,-0.));
#6676 = ADVANCED_FACE('',(#6677),#6682,.T.);
#6677 = FACE_BOUND('',#6678,.T.);
#6678 = EDGE_LOOP('',(#6679,#6680,#6681));
#6679 = ORIENTED_EDGE('',*,*,#5338,.F.);
#6680 = ORIENTED_EDGE('',*,*,#6665,.T.);
#6681 = ORIENTED_EDGE('',*,*,#5648,.T.);
#6682 = CYLINDRICAL_SURFACE('',#6683,1.);
#6683 = AXIS2_PLACEMENT_3D('',#6684,#6685,#6686);
#6684 = CARTESIAN_POINT('',(13.837542673176,-24.,1.623132484571));
#6685 = DIRECTION('',(-0.290284677254,0.,-0.956940335732));
#6686 = DIRECTION('',(0.,-1.,-0.));
#6687 = ADVANCED_FACE('',(#6688),#6699,.T.);
#6688 = FACE_BOUND('',#6689,.T.);
#6689 = EDGE_LOOP('',(#6690,#6691,#6692));
#6690 = ORIENTED_EDGE('',*,*,#5321,.F.);
#6691 = ORIENTED_EDGE('',*,*,#5674,.T.);
#6692 = ORIENTED_EDGE('',*,*,#6693,.F.);
#6693 = EDGE_CURVE('',#5314,#5675,#6694,.T.);
#6694 = ELLIPSE('',#6695,1.004838572376,1.);
#6695 = AXIS2_PLACEMENT_3D('',#6696,#6697,#6698);
#6696 = CARTESIAN_POINT('',(13.80895212794,-24.,-1.528882087976));
#6697 = DIRECTION('',(0.382683432365,0.,-0.923879532511));
#6698 = DIRECTION('',(-0.923879532511,0.,-0.382683432365));
#6699 = CYLINDRICAL_SURFACE('',#6700,1.);
#6700 = AXIS2_PLACEMENT_3D('',#6701,#6702,#6703);
#6701 = CARTESIAN_POINT('',(13.553013933716,-24.,-0.685166932826));
#6702 = DIRECTION('',(0.290284677254,0.,-0.956940335732));
#6703 = DIRECTION('',(0.,-1.,0.));
#6704 = ADVANCED_FACE('',(#6705),#6718,.T.);
#6705 = FACE_BOUND('',#6706,.T.);
#6706 = EDGE_LOOP('',(#6707,#6708,#6709,#6710,#6711));
#6707 = ORIENTED_EDGE('',*,*,#5313,.F.);
#6708 = ORIENTED_EDGE('',*,*,#6693,.T.);
#6709 = ORIENTED_EDGE('',*,*,#5701,.T.);
#6710 = ORIENTED_EDGE('',*,*,#5579,.T.);
#6711 = ORIENTED_EDGE('',*,*,#6712,.F.);
#6712 = EDGE_CURVE('',#5306,#5539,#6713,.T.);
#6713 = ELLIPSE('',#6714,1.004838572376,1.);
#6714 = AXIS2_PLACEMENT_3D('',#6715,#6716,#6717);
#6715 = CARTESIAN_POINT('',(14.178144676688,-24.,-2.219592765296));
#6716 = DIRECTION('',(0.55557023302,0.,-0.831469612303));
#6717 = DIRECTION('',(-0.831469612303,0.,-0.55557023302));
#6718 = CYLINDRICAL_SURFACE('',#6719,1.);
#6719 = AXIS2_PLACEMENT_3D('',#6720,#6721,#6722);
#6720 = CARTESIAN_POINT('',(13.762523601792,-24.,-1.442020424999));
#6721 = DIRECTION('',(0.471396736826,0.,-0.881921264348));
#6722 = DIRECTION('',(0.,-1.,0.));
#6723 = ADVANCED_FACE('',(#6724),#6736,.T.);
#6724 = FACE_BOUND('',#6725,.T.);
#6725 = EDGE_LOOP('',(#6726,#6727,#6728,#6735));
#6726 = ORIENTED_EDGE('',*,*,#6712,.T.);
#6727 = ORIENTED_EDGE('',*,*,#5548,.T.);
#6728 = ORIENTED_EDGE('',*,*,#6729,.F.);
#6729 = EDGE_CURVE('',#5298,#5508,#6730,.T.);
#6730 = ELLIPSE('',#6731,1.004838572376,1.);
#6731 = AXIS2_PLACEMENT_3D('',#6732,#6733,#6734);
#6732 = CARTESIAN_POINT('',(14.674994262592,-24.,-2.825005737408));
#6733 = DIRECTION('',(0.707106781187,0.,-0.707106781187));
#6734 = DIRECTION('',(-0.707106781187,0.,-0.707106781187));
#6735 = ORIENTED_EDGE('',*,*,#5305,.F.);
#6736 = CYLINDRICAL_SURFACE('',#6737,1.);
#6737 = AXIS2_PLACEMENT_3D('',#6738,#6739,#6740);
#6738 = CARTESIAN_POINT('',(14.11566239185,-24.,-2.143457880934));
#6739 = DIRECTION('',(0.634393284164,0.,-0.773010453363));
#6740 = DIRECTION('',(0.,-1.,0.));
#6741 = ADVANCED_FACE('',(#6742),#6748,.T.);
#6742 = FACE_BOUND('',#6743,.T.);
#6743 = EDGE_LOOP('',(#6744,#6745,#6746,#6747));
#6744 = ORIENTED_EDGE('',*,*,#6729,.T.);
#6745 = ORIENTED_EDGE('',*,*,#5517,.T.);
#6746 = ORIENTED_EDGE('',*,*,#5438,.F.);
#6747 = ORIENTED_EDGE('',*,*,#5297,.F.);
#6748 = CYLINDRICAL_SURFACE('',#6749,1.);
#6749 = AXIS2_PLACEMENT_3D('',#6750,#6751,#6752);
#6750 = CARTESIAN_POINT('',(14.598859378231,-24.,-2.76252345257));
#6751 = DIRECTION('',(0.773010453363,0.,-0.634393284164));
#6752 = DIRECTION('',(0.,-1.,0.));
#6753 = ADVANCED_FACE('',(#6754),#6773,.F.);
#6754 = FACE_BOUND('',#6755,.F.);
#6755 = EDGE_LOOP('',(#6756,#6764,#6771,#6772));
#6756 = ORIENTED_EDGE('',*,*,#6757,.T.);
#6757 = EDGE_CURVE('',#5404,#6758,#6760,.T.);
#6758 = VERTEX_POINT('',#6759);
#6759 = CARTESIAN_POINT('',(23.5,-19.5,2.42));
#6760 = LINE('',#6761,#6762);
#6761 = CARTESIAN_POINT('',(23.5,-26.,2.42));
#6762 = VECTOR('',#6763,1.);
#6763 = DIRECTION('',(0.,1.,0.));
#6764 = ORIENTED_EDGE('',*,*,#6765,.F.);
#6765 = EDGE_CURVE('',#6758,#6758,#6766,.T.);
#6766 = CIRCLE('',#6767,2.42);
#6767 = AXIS2_PLACEMENT_3D('',#6768,#6769,#6770);
#6768 = CARTESIAN_POINT('',(23.5,-19.5,0.));
#6769 = DIRECTION('',(0.,1.,0.));
#6770 = DIRECTION('',(0.,-0.,1.));
#6771 = ORIENTED_EDGE('',*,*,#6757,.F.);
#6772 = ORIENTED_EDGE('',*,*,#5403,.T.);
#6773 = CYLINDRICAL_SURFACE('',#6774,2.42);
#6774 = AXIS2_PLACEMENT_3D('',#6775,#6776,#6777);
#6775 = CARTESIAN_POINT('',(23.5,-26.,0.));
#6776 = DIRECTION('',(0.,1.,0.));
#6777 = DIRECTION('',(0.,-0.,1.));
#6778 = ADVANCED_FACE('',(#6779),#6798,.F.);
#6779 = FACE_BOUND('',#6780,.F.);
#6780 = EDGE_LOOP('',(#6781,#6789,#6796,#6797));
#6781 = ORIENTED_EDGE('',*,*,#6782,.T.);
#6782 = EDGE_CURVE('',#5491,#6783,#6785,.T.);
#6783 = VERTEX_POINT('',#6784);
#6784 = CARTESIAN_POINT('',(17.5,-16.55,-4.8));
#6785 = LINE('',#6786,#6787);
#6786 = CARTESIAN_POINT('',(17.5,-26.,-4.8));
#6787 = VECTOR('',#6788,1.);
#6788 = DIRECTION('',(0.,1.,0.));
#6789 = ORIENTED_EDGE('',*,*,#6790,.F.);
#6790 = EDGE_CURVE('',#6783,#6783,#6791,.T.);
#6791 = CIRCLE('',#6792,1.2);
#6792 = AXIS2_PLACEMENT_3D('',#6793,#6794,#6795);
#6793 = CARTESIAN_POINT('',(17.5,-16.55,-6.));
#6794 = DIRECTION('',(0.,1.,0.));
#6795 = DIRECTION('',(0.,-0.,1.));
#6796 = ORIENTED_EDGE('',*,*,#6782,.F.);
#6797 = ORIENTED_EDGE('',*,*,#5490,.T.);
#6798 = CYLINDRICAL_SURFACE('',#6799,1.2);
#6799 = AXIS2_PLACEMENT_3D('',#6800,#6801,#6802);
#6800 = CARTESIAN_POINT('',(17.5,-26.,-6.));
#6801 = DIRECTION('',(0.,1.,0.));
#6802 = DIRECTION('',(0.,-0.,1.));
#6803 = ADVANCED_FACE('',(#6804,#6807),#6818,.F.);
#6804 = FACE_BOUND('',#6805,.F.);
#6805 = EDGE_LOOP('',(#6806));
#6806 = ORIENTED_EDGE('',*,*,#5610,.T.);
#6807 = FACE_BOUND('',#6808,.F.);
#6808 = EDGE_LOOP('',(#6809));
#6809 = ORIENTED_EDGE('',*,*,#6810,.F.);
#6810 = EDGE_CURVE('',#6811,#6811,#6813,.T.);
#6811 = VERTEX_POINT('',#6812);
#6812 = CARTESIAN_POINT('',(11.5,-19.5,1.2));
#6813 = CIRCLE('',#6814,1.2);
#6814 = AXIS2_PLACEMENT_3D('',#6815,#6816,#6817);
#6815 = CARTESIAN_POINT('',(11.5,-19.5,7.347880794884E-16));
#6816 = DIRECTION('',(0.,1.,0.));
#6817 = DIRECTION('',(0.,-0.,1.));
#6818 = PLANE('',#6819);
#6819 = AXIS2_PLACEMENT_3D('',#6820,#6821,#6822);
#6820 = CARTESIAN_POINT('',(11.5,-19.5,7.347880794884E-16));
#6821 = DIRECTION('',(0.,1.,0.));
#6822 = DIRECTION('',(0.,-0.,1.));
#6823 = ADVANCED_FACE('',(#6824,#6827),#6838,.F.);
#6824 = FACE_BOUND('',#6825,.F.);
#6825 = EDGE_LOOP('',(#6826));
#6826 = ORIENTED_EDGE('',*,*,#5862,.T.);
#6827 = FACE_BOUND('',#6828,.F.);
#6828 = EDGE_LOOP('',(#6829));
#6829 = ORIENTED_EDGE('',*,*,#6830,.F.);
#6830 = EDGE_CURVE('',#6831,#6831,#6833,.T.);
#6831 = VERTEX_POINT('',#6832);
#6832 = CARTESIAN_POINT('',(17.5,-19.5,7.2));
#6833 = CIRCLE('',#6834,1.2);
#6834 = AXIS2_PLACEMENT_3D('',#6835,#6836,#6837);
#6835 = CARTESIAN_POINT('',(17.5,-19.5,6.));
#6836 = DIRECTION('',(0.,1.,0.));
#6837 = DIRECTION('',(0.,-0.,1.));
#6838 = PLANE('',#6839);
#6839 = AXIS2_PLACEMENT_3D('',#6840,#6841,#6842);
#6840 = CARTESIAN_POINT('',(17.5,-19.5,6.));
#6841 = DIRECTION('',(0.,1.,0.));
#6842 = DIRECTION('',(0.,-0.,1.));
#6843 = ADVANCED_FACE('',(#6844),#6878,.F.);
#6844 = FACE_BOUND('',#6845,.F.);
#6845 = EDGE_LOOP('',(#6846,#6847,#6856,#6864,#6872));
#6846 = ORIENTED_EDGE('',*,*,#5971,.T.);
#6847 = ORIENTED_EDGE('',*,*,#6848,.T.);
#6848 = EDGE_CURVE('',#5974,#6849,#6851,.T.);
#6849 = VERTEX_POINT('',#6850);
#6850 = CARTESIAN_POINT('',(35.656854249492,-19.15685424949,
    5.029657137981));
#6851 = ELLIPSE('',#6852,2.978145084009,2.);
#6852 = AXIS2_PLACEMENT_3D('',#6853,#6854,#6855);
#6853 = CARTESIAN_POINT('',(36.,-18.77825125691,7.));
#6854 = DIRECTION('',(-0.740951125355,0.671558954847,0.));
#6855 = DIRECTION('',(-0.671558954847,-0.740951125355,0.));
#6856 = ORIENTED_EDGE('',*,*,#6857,.T.);
#6857 = EDGE_CURVE('',#6849,#6858,#6860,.T.);
#6858 = VERTEX_POINT('',#6859);
#6859 = CARTESIAN_POINT('',(35.656854249492,-19.15685424949,9.5));
#6860 = LINE('',#6861,#6862);
#6861 = CARTESIAN_POINT('',(35.656854249492,-19.15685424949,-9.5));
#6862 = VECTOR('',#6863,1.);
#6863 = DIRECTION('',(0.,0.,1.));
#6864 = ORIENTED_EDGE('',*,*,#6865,.T.);
#6865 = EDGE_CURVE('',#6858,#6866,#6868,.T.);
#6866 = VERTEX_POINT('',#6867);
#6867 = CARTESIAN_POINT('',(36.184083626902,-18.5751462733,9.5));
#6868 = LINE('',#6869,#6870);
#6869 = CARTESIAN_POINT('',(35.656854249492,-19.15685424949,9.5));
#6870 = VECTOR('',#6871,1.);
#6871 = DIRECTION('',(0.671558954847,0.740951125355,0.));
#6872 = ORIENTED_EDGE('',*,*,#6873,.F.);
#6873 = EDGE_CURVE('',#5972,#6866,#6874,.T.);
#6874 = LINE('',#6875,#6876);
#6875 = CARTESIAN_POINT('',(36.184083626902,-18.5751462733,-9.5));
#6876 = VECTOR('',#6877,1.);
#6877 = DIRECTION('',(0.,0.,1.));
#6878 = PLANE('',#6879);
#6879 = AXIS2_PLACEMENT_3D('',#6880,#6881,#6882);
#6880 = CARTESIAN_POINT('',(35.656854249492,-19.15685424949,-9.5));
#6881 = DIRECTION('',(-0.740951125355,0.671558954847,0.));
#6882 = DIRECTION('',(0.671558954847,0.740951125355,0.));
#6883 = ADVANCED_FACE('',(#6884),#6902,.F.);
#6884 = FACE_BOUND('',#6885,.F.);
#6885 = EDGE_LOOP('',(#6886,#6887,#6888,#6896));
#6886 = ORIENTED_EDGE('',*,*,#6148,.T.);
#6887 = ORIENTED_EDGE('',*,*,#6873,.T.);
#6888 = ORIENTED_EDGE('',*,*,#6889,.T.);
#6889 = EDGE_CURVE('',#6866,#6890,#6892,.T.);
#6890 = VERTEX_POINT('',#6891);
#6891 = CARTESIAN_POINT('',(36.65175689842,-17.94456186415,9.5));
#6892 = LINE('',#6893,#6894);
#6893 = CARTESIAN_POINT('',(36.184083626902,-18.5751462733,9.5));
#6894 = VECTOR('',#6895,1.);
#6895 = DIRECTION('',(0.595699304492,0.803207531481,0.));
#6896 = ORIENTED_EDGE('',*,*,#6897,.F.);
#6897 = EDGE_CURVE('',#6141,#6890,#6898,.T.);
#6898 = LINE('',#6899,#6900);
#6899 = CARTESIAN_POINT('',(36.65175689842,-17.94456186415,-9.5));
#6900 = VECTOR('',#6901,1.);
#6901 = DIRECTION('',(0.,0.,1.));
#6902 = PLANE('',#6903);
#6903 = AXIS2_PLACEMENT_3D('',#6904,#6905,#6906);
#6904 = CARTESIAN_POINT('',(36.184083626902,-18.5751462733,-9.5));
#6905 = DIRECTION('',(-0.803207531481,0.595699304492,0.));
#6906 = DIRECTION('',(0.595699304492,0.803207531481,0.));
#6907 = ADVANCED_FACE('',(#6908),#6927,.F.);
#6908 = FACE_BOUND('',#6909,.F.);
#6909 = EDGE_LOOP('',(#6910,#6911,#6912,#6920,#6926));
#6910 = ORIENTED_EDGE('',*,*,#6140,.T.);
#6911 = ORIENTED_EDGE('',*,*,#6897,.T.);
#6912 = ORIENTED_EDGE('',*,*,#6913,.T.);
#6913 = EDGE_CURVE('',#6890,#6914,#6916,.T.);
#6914 = VERTEX_POINT('',#6915);
#6915 = CARTESIAN_POINT('',(37.055370114787,-17.2711738946,9.5));
#6916 = LINE('',#6917,#6918);
#6917 = CARTESIAN_POINT('',(36.65175689842,-17.94456186415,9.5));
#6918 = VECTOR('',#6919,1.);
#6919 = DIRECTION('',(0.514102744193,0.85772861,0.));
#6920 = ORIENTED_EDGE('',*,*,#6921,.F.);
#6921 = EDGE_CURVE('',#6230,#6914,#6922,.T.);
#6922 = LINE('',#6923,#6924);
#6923 = CARTESIAN_POINT('',(37.055370114787,-17.2711738946,-9.5));
#6924 = VECTOR('',#6925,1.);
#6925 = DIRECTION('',(0.,0.,1.));
#6926 = ORIENTED_EDGE('',*,*,#6229,.F.);
#6927 = PLANE('',#6928);
#6928 = AXIS2_PLACEMENT_3D('',#6929,#6930,#6931);
#6929 = CARTESIAN_POINT('',(36.65175689842,-17.94456186415,-9.5));
#6930 = DIRECTION('',(-0.85772861,0.514102744193,0.));
#6931 = DIRECTION('',(0.514102744193,0.85772861,0.));
#6932 = ADVANCED_FACE('',(#6933),#6979,.F.);
#6933 = FACE_BOUND('',#6934,.T.);
#6934 = EDGE_LOOP('',(#6935,#6936,#6945,#6954,#6963,#6971,#6978));
#6935 = ORIENTED_EDGE('',*,*,#6848,.T.);
#6936 = ORIENTED_EDGE('',*,*,#6937,.T.);
#6937 = EDGE_CURVE('',#6849,#6938,#6940,.T.);
#6938 = VERTEX_POINT('',#6939);
#6939 = CARTESIAN_POINT('',(35.075146273309,-19.6840836269,
    5.226685142388));
#6940 = ELLIPSE('',#6941,2.69923336582,2.);
#6941 = AXIS2_PLACEMENT_3D('',#6942,#6943,#6944);
#6942 = CARTESIAN_POINT('',(36.,-18.84584506995,7.));
#6943 = DIRECTION('',(-0.671558954847,0.740951125355,0.));
#6944 = DIRECTION('',(-0.740951125355,-0.671558954847,0.));
#6945 = ORIENTED_EDGE('',*,*,#6946,.T.);
#6946 = EDGE_CURVE('',#6938,#6947,#6949,.T.);
#6947 = VERTEX_POINT('',#6948);
#6948 = CARTESIAN_POINT('',(34.444561864157,-20.15175689842,
    5.742775992289));
#6949 = ELLIPSE('',#6950,2.490016492143,2.);
#6950 = AXIS2_PLACEMENT_3D('',#6951,#6952,#6953);
#6951 = CARTESIAN_POINT('',(36.,-18.99816535528,7.));
#6952 = DIRECTION('',(-0.595699304492,0.803207531481,0.));
#6953 = DIRECTION('',(-0.803207531481,-0.595699304492,0.));
#6954 = ORIENTED_EDGE('',*,*,#6955,.T.);
#6955 = EDGE_CURVE('',#6947,#6956,#6958,.T.);
#6956 = VERTEX_POINT('',#6957);
#6957 = CARTESIAN_POINT('',(34.,-20.41821702539,7.));
#6958 = ELLIPSE('',#6959,2.331739872825,2.);
#6959 = AXIS2_PLACEMENT_3D('',#6960,#6961,#6962);
#6960 = CARTESIAN_POINT('',(36.,-19.21946315802,7.));
#6961 = DIRECTION('',(-0.514102744193,0.85772861,0.));
#6962 = DIRECTION('',(-0.85772861,-0.514102744193,0.));
#6963 = ORIENTED_EDGE('',*,*,#6964,.T.);
#6964 = EDGE_CURVE('',#6956,#6965,#6967,.T.);
#6965 = VERTEX_POINT('',#6966);
#6966 = CARTESIAN_POINT('',(34.,-21.5,7.));
#6967 = LINE('',#6968,#6969);
#6968 = CARTESIAN_POINT('',(34.,-20.41821702539,7.));
#6969 = VECTOR('',#6970,1.);
#6970 = DIRECTION('',(-6.661338147751E-16,-1.,0.));
#6971 = ORIENTED_EDGE('',*,*,#6972,.F.);
#6972 = EDGE_CURVE('',#5982,#6965,#6973,.T.);
#6973 = CIRCLE('',#6974,2.);
#6974 = AXIS2_PLACEMENT_3D('',#6975,#6976,#6977);
#6975 = CARTESIAN_POINT('',(36.,-21.5,7.));
#6976 = DIRECTION('',(6.661338147751E-16,1.,0.));
#6977 = DIRECTION('',(1.,-6.661338147751E-16,0.));
#6978 = ORIENTED_EDGE('',*,*,#5981,.F.);
#6979 = CYLINDRICAL_SURFACE('',#6980,2.);
#6980 = AXIS2_PLACEMENT_3D('',#6981,#6982,#6983);
#6981 = CARTESIAN_POINT('',(36.,-20.41821702539,7.));
#6982 = DIRECTION('',(-6.661338147751E-16,-1.,0.));
#6983 = DIRECTION('',(-0.,0.,-1.));
#6984 = ADVANCED_FACE('',(#6985),#7010,.F.);
#6985 = FACE_BOUND('',#6986,.F.);
#6986 = EDGE_LOOP('',(#6987,#6995,#7003,#7009));
#6987 = ORIENTED_EDGE('',*,*,#6988,.F.);
#6988 = EDGE_CURVE('',#6989,#6965,#6991,.T.);
#6989 = VERTEX_POINT('',#6990);
#6990 = CARTESIAN_POINT('',(34.,-21.5,9.5));
#6991 = LINE('',#6992,#6993);
#6992 = CARTESIAN_POINT('',(34.,-21.5,9.5));
#6993 = VECTOR('',#6994,1.);
#6994 = DIRECTION('',(6.661338147751E-16,-4.440892098501E-16,-1.));
#6995 = ORIENTED_EDGE('',*,*,#6996,.T.);
#6996 = EDGE_CURVE('',#6989,#6997,#6999,.T.);
#6997 = VERTEX_POINT('',#6998);
#6998 = CARTESIAN_POINT('',(34.,-20.41821702539,9.5));
#6999 = LINE('',#7000,#7001);
#7000 = CARTESIAN_POINT('',(34.,-21.5,9.5));
#7001 = VECTOR('',#7002,1.);
#7002 = DIRECTION('',(4.440892098501E-16,1.,-6.661338147751E-16));
#7003 = ORIENTED_EDGE('',*,*,#7004,.T.);
#7004 = EDGE_CURVE('',#6997,#6956,#7005,.T.);
#7005 = LINE('',#7006,#7007);
#7006 = CARTESIAN_POINT('',(34.,-20.41821702539,8.881784197001E-15));
#7007 = VECTOR('',#7008,1.);
#7008 = DIRECTION('',(4.440892098501E-16,2.661768288812E-16,-1.));
#7009 = ORIENTED_EDGE('',*,*,#6964,.T.);
#7010 = PLANE('',#7011);
#7011 = AXIS2_PLACEMENT_3D('',#7012,#7013,#7014);
#7012 = CARTESIAN_POINT('',(34.,-21.5,9.5));
#7013 = DIRECTION('',(-1.,6.661338147751E-16,-4.440892098501E-16));
#7014 = DIRECTION('',(6.661338147751E-16,-4.440892098501E-16,-1.));
#7015 = ADVANCED_FACE('',(#7016),#7041,.F.);
#7016 = FACE_BOUND('',#7017,.F.);
#7017 = EDGE_LOOP('',(#7018,#7019,#7027,#7035));
#7018 = ORIENTED_EDGE('',*,*,#6274,.F.);
#7019 = ORIENTED_EDGE('',*,*,#7020,.T.);
#7020 = EDGE_CURVE('',#6266,#7021,#7023,.T.);
#7021 = VERTEX_POINT('',#7022);
#7022 = CARTESIAN_POINT('',(37.961477813378,-14.28413712263,9.5));
#7023 = LINE('',#7024,#7025);
#7024 = CARTESIAN_POINT('',(37.961477813378,-14.28413712263,-9.5));
#7025 = VECTOR('',#7026,1.);
#7026 = DIRECTION('',(0.,0.,1.));
#7027 = ORIENTED_EDGE('',*,*,#7028,.T.);
#7028 = EDGE_CURVE('',#7021,#7029,#7031,.T.);
#7029 = VERTEX_POINT('',#7030);
#7030 = CARTESIAN_POINT('',(38.,-13.5,9.5));
#7031 = LINE('',#7032,#7033);
#7032 = CARTESIAN_POINT('',(37.961477813378,-14.28413712263,9.5));
#7033 = VECTOR('',#7034,1.);
#7034 = DIRECTION('',(4.906767432742E-02,0.998795456205,0.));
#7035 = ORIENTED_EDGE('',*,*,#7036,.F.);
#7036 = EDGE_CURVE('',#6214,#7029,#7037,.T.);
#7037 = LINE('',#7038,#7039);
#7038 = CARTESIAN_POINT('',(38.,-13.5,-9.5));
#7039 = VECTOR('',#7040,1.);
#7040 = DIRECTION('',(0.,0.,1.));
#7041 = PLANE('',#7042);
#7042 = AXIS2_PLACEMENT_3D('',#7043,#7044,#7045);
#7043 = CARTESIAN_POINT('',(37.961477813378,-14.28413712263,-9.5));
#7044 = DIRECTION('',(-0.998795456205,4.906767432742E-02,0.));
#7045 = DIRECTION('',(4.906767432742E-02,0.998795456205,0.));
#7046 = ADVANCED_FACE('',(#7047),#7065,.F.);
#7047 = FACE_BOUND('',#7048,.F.);
#7048 = EDGE_LOOP('',(#7049,#7050,#7058,#7064));
#7049 = ORIENTED_EDGE('',*,*,#6265,.F.);
#7050 = ORIENTED_EDGE('',*,*,#7051,.T.);
#7051 = EDGE_CURVE('',#6257,#7052,#7054,.T.);
#7052 = VERTEX_POINT('',#7053);
#7053 = CARTESIAN_POINT('',(37.846282243226,-15.06072257612,9.5));
#7054 = LINE('',#7055,#7056);
#7055 = CARTESIAN_POINT('',(37.846282243226,-15.06072257612,-9.5));
#7056 = VECTOR('',#7057,1.);
#7057 = DIRECTION('',(0.,0.,1.));
#7058 = ORIENTED_EDGE('',*,*,#7059,.T.);
#7059 = EDGE_CURVE('',#7052,#7021,#7060,.T.);
#7060 = LINE('',#7061,#7062);
#7061 = CARTESIAN_POINT('',(37.846282243226,-15.06072257612,9.5));
#7062 = VECTOR('',#7063,1.);
#7063 = DIRECTION('',(0.146730474455,0.989176509965,0.));
#7064 = ORIENTED_EDGE('',*,*,#7020,.F.);
#7065 = PLANE('',#7066);
#7066 = AXIS2_PLACEMENT_3D('',#7067,#7068,#7069);
#7067 = CARTESIAN_POINT('',(37.846282243226,-15.06072257612,-9.5));
#7068 = DIRECTION('',(-0.989176509965,0.146730474455,0.));
#7069 = DIRECTION('',(0.146730474455,0.989176509965,0.));
#7070 = ADVANCED_FACE('',(#7071),#7089,.F.);
#7071 = FACE_BOUND('',#7072,.F.);
#7072 = EDGE_LOOP('',(#7073,#7074,#7082,#7088));
#7073 = ORIENTED_EDGE('',*,*,#6256,.F.);
#7074 = ORIENTED_EDGE('',*,*,#7075,.T.);
#7075 = EDGE_CURVE('',#6248,#7076,#7078,.T.);
#7076 = VERTEX_POINT('',#7077);
#7077 = CARTESIAN_POINT('',(37.655522685858,-15.82227741803,9.5));
#7078 = LINE('',#7079,#7080);
#7079 = CARTESIAN_POINT('',(37.655522685858,-15.82227741803,-9.5));
#7080 = VECTOR('',#7081,1.);
#7081 = DIRECTION('',(0.,0.,1.));
#7082 = ORIENTED_EDGE('',*,*,#7083,.T.);
#7083 = EDGE_CURVE('',#7076,#7052,#7084,.T.);
#7084 = LINE('',#7085,#7086);
#7085 = CARTESIAN_POINT('',(37.655522685858,-15.82227741803,9.5));
#7086 = VECTOR('',#7087,1.);
#7087 = DIRECTION('',(0.242980179903,0.970031253195,0.));
#7088 = ORIENTED_EDGE('',*,*,#7051,.F.);
#7089 = PLANE('',#7090);
#7090 = AXIS2_PLACEMENT_3D('',#7091,#7092,#7093);
#7091 = CARTESIAN_POINT('',(37.655522685858,-15.82227741803,-9.5));
#7092 = DIRECTION('',(-0.970031253195,0.242980179903,0.));
#7093 = DIRECTION('',(0.242980179903,0.970031253195,0.));
#7094 = ADVANCED_FACE('',(#7095),#7113,.F.);
#7095 = FACE_BOUND('',#7096,.F.);
#7096 = EDGE_LOOP('',(#7097,#7098,#7106,#7112));
#7097 = ORIENTED_EDGE('',*,*,#6247,.F.);
#7098 = ORIENTED_EDGE('',*,*,#7099,.T.);
#7099 = EDGE_CURVE('',#6239,#7100,#7102,.T.);
#7100 = VERTEX_POINT('',#7101);
#7101 = CARTESIAN_POINT('',(37.39103626009,-16.56146745892,9.5));
#7102 = LINE('',#7103,#7104);
#7103 = CARTESIAN_POINT('',(37.39103626009,-16.56146745892,-9.5));
#7104 = VECTOR('',#7105,1.);
#7105 = DIRECTION('',(0.,0.,1.));
#7106 = ORIENTED_EDGE('',*,*,#7107,.T.);
#7107 = EDGE_CURVE('',#7100,#7076,#7108,.T.);
#7108 = LINE('',#7109,#7110);
#7109 = CARTESIAN_POINT('',(37.39103626009,-16.56146745892,9.5));
#7110 = VECTOR('',#7111,1.);
#7111 = DIRECTION('',(0.336889853392,0.941544065183,0.));
#7112 = ORIENTED_EDGE('',*,*,#7075,.F.);
#7113 = PLANE('',#7114);
#7114 = AXIS2_PLACEMENT_3D('',#7115,#7116,#7117);
#7115 = CARTESIAN_POINT('',(37.39103626009,-16.56146745892,-9.5));
#7116 = DIRECTION('',(-0.941544065183,0.336889853392,0.));
#7117 = DIRECTION('',(0.336889853392,0.941544065183,0.));
#7118 = ADVANCED_FACE('',(#7119),#7130,.F.);
#7119 = FACE_BOUND('',#7120,.F.);
#7120 = EDGE_LOOP('',(#7121,#7122,#7123,#7129));
#7121 = ORIENTED_EDGE('',*,*,#6238,.F.);
#7122 = ORIENTED_EDGE('',*,*,#6921,.T.);
#7123 = ORIENTED_EDGE('',*,*,#7124,.T.);
#7124 = EDGE_CURVE('',#6914,#7100,#7125,.T.);
#7125 = LINE('',#7126,#7127);
#7126 = CARTESIAN_POINT('',(37.055370114787,-17.2711738946,9.5));
#7127 = VECTOR('',#7128,1.);
#7128 = DIRECTION('',(0.42755509343,0.903989293123,0.));
#7129 = ORIENTED_EDGE('',*,*,#7099,.F.);
#7130 = PLANE('',#7131);
#7131 = AXIS2_PLACEMENT_3D('',#7132,#7133,#7134);
#7132 = CARTESIAN_POINT('',(37.055370114787,-17.2711738946,-9.5));
#7133 = DIRECTION('',(-0.903989293123,0.42755509343,0.));
#7134 = DIRECTION('',(0.42755509343,0.903989293123,0.));
#7135 = ADVANCED_FACE('',(#7136,#7139),#7150,.F.);
#7136 = FACE_BOUND('',#7137,.F.);
#7137 = EDGE_LOOP('',(#7138));
#7138 = ORIENTED_EDGE('',*,*,#6765,.T.);
#7139 = FACE_BOUND('',#7140,.F.);
#7140 = EDGE_LOOP('',(#7141));
#7141 = ORIENTED_EDGE('',*,*,#7142,.F.);
#7142 = EDGE_CURVE('',#7143,#7143,#7145,.T.);
#7143 = VERTEX_POINT('',#7144);
#7144 = CARTESIAN_POINT('',(23.5,-19.5,1.2));
#7145 = CIRCLE('',#7146,1.2);
#7146 = AXIS2_PLACEMENT_3D('',#7147,#7148,#7149);
#7147 = CARTESIAN_POINT('',(23.5,-19.5,0.));
#7148 = DIRECTION('',(0.,1.,0.));
#7149 = DIRECTION('',(0.,-0.,1.));
#7150 = PLANE('',#7151);
#7151 = AXIS2_PLACEMENT_3D('',#7152,#7153,#7154);
#7152 = CARTESIAN_POINT('',(23.5,-19.5,0.));
#7153 = DIRECTION('',(0.,1.,0.));
#7154 = DIRECTION('',(0.,-0.,1.));
#7155 = ADVANCED_FACE('',(#7156,#7159,#7170,#7173,#7184,#7195),#7206,.T.
  );
#7156 = FACE_BOUND('',#7157,.T.);
#7157 = EDGE_LOOP('',(#7158));
#7158 = ORIENTED_EDGE('',*,*,#3825,.T.);
#7159 = FACE_BOUND('',#7160,.T.);
#7160 = EDGE_LOOP('',(#7161));
#7161 = ORIENTED_EDGE('',*,*,#7162,.F.);
#7162 = EDGE_CURVE('',#7163,#7163,#7165,.T.);
#7163 = VERTEX_POINT('',#7164);
#7164 = CARTESIAN_POINT('',(11.5,-16.55,1.2));
#7165 = CIRCLE('',#7166,1.2);
#7166 = AXIS2_PLACEMENT_3D('',#7167,#7168,#7169);
#7167 = CARTESIAN_POINT('',(11.5,-16.55,7.347880794884E-16));
#7168 = DIRECTION('',(0.,1.,0.));
#7169 = DIRECTION('',(0.,-0.,1.));
#7170 = FACE_BOUND('',#7171,.T.);
#7171 = EDGE_LOOP('',(#7172));
#7172 = ORIENTED_EDGE('',*,*,#6790,.F.);
#7173 = FACE_BOUND('',#7174,.T.);
#7174 = EDGE_LOOP('',(#7175));
#7175 = ORIENTED_EDGE('',*,*,#7176,.F.);
#7176 = EDGE_CURVE('',#7177,#7177,#7179,.T.);
#7177 = VERTEX_POINT('',#7178);
#7178 = CARTESIAN_POINT('',(17.5,-16.55,3.));
#7179 = CIRCLE('',#7180,3.);
#7180 = AXIS2_PLACEMENT_3D('',#7181,#7182,#7183);
#7181 = CARTESIAN_POINT('',(17.5,-16.55,0.));
#7182 = DIRECTION('',(0.,1.,0.));
#7183 = DIRECTION('',(0.,-0.,1.));
#7184 = FACE_BOUND('',#7185,.T.);
#7185 = EDGE_LOOP('',(#7186));
#7186 = ORIENTED_EDGE('',*,*,#7187,.F.);
#7187 = EDGE_CURVE('',#7188,#7188,#7190,.T.);
#7188 = VERTEX_POINT('',#7189);
#7189 = CARTESIAN_POINT('',(17.5,-16.55,7.2));
#7190 = CIRCLE('',#7191,1.2);
#7191 = AXIS2_PLACEMENT_3D('',#7192,#7193,#7194);
#7192 = CARTESIAN_POINT('',(17.5,-16.55,6.));
#7193 = DIRECTION('',(0.,1.,0.));
#7194 = DIRECTION('',(0.,-0.,1.));
#7195 = FACE_BOUND('',#7196,.T.);
#7196 = EDGE_LOOP('',(#7197));
#7197 = ORIENTED_EDGE('',*,*,#7198,.F.);
#7198 = EDGE_CURVE('',#7199,#7199,#7201,.T.);
#7199 = VERTEX_POINT('',#7200);
#7200 = CARTESIAN_POINT('',(23.5,-16.55,1.2));
#7201 = CIRCLE('',#7202,1.2);
#7202 = AXIS2_PLACEMENT_3D('',#7203,#7204,#7205);
#7203 = CARTESIAN_POINT('',(23.5,-16.55,0.));
#7204 = DIRECTION('',(0.,1.,0.));
#7205 = DIRECTION('',(0.,-0.,1.));
#7206 = PLANE('',#7207);
#7207 = AXIS2_PLACEMENT_3D('',#7208,#7209,#7210);
#7208 = CARTESIAN_POINT('',(17.5,-16.55,0.));
#7209 = DIRECTION('',(0.,1.,0.));
#7210 = DIRECTION('',(0.,-0.,1.));
#7211 = ADVANCED_FACE('',(#7212),#7223,.F.);
#7212 = FACE_BOUND('',#7213,.F.);
#7213 = EDGE_LOOP('',(#7214,#7220,#7221,#7222));
#7214 = ORIENTED_EDGE('',*,*,#7215,.T.);
#7215 = EDGE_CURVE('',#6811,#7163,#7216,.T.);
#7216 = LINE('',#7217,#7218);
#7217 = CARTESIAN_POINT('',(11.5,-26.,1.2));
#7218 = VECTOR('',#7219,1.);
#7219 = DIRECTION('',(0.,1.,0.));
#7220 = ORIENTED_EDGE('',*,*,#7162,.F.);
#7221 = ORIENTED_EDGE('',*,*,#7215,.F.);
#7222 = ORIENTED_EDGE('',*,*,#6810,.T.);
#7223 = CYLINDRICAL_SURFACE('',#7224,1.2);
#7224 = AXIS2_PLACEMENT_3D('',#7225,#7226,#7227);
#7225 = CARTESIAN_POINT('',(11.5,-26.,7.347880794884E-16));
#7226 = DIRECTION('',(0.,1.,0.));
#7227 = DIRECTION('',(0.,-0.,1.));
#7228 = ADVANCED_FACE('',(#7229),#7240,.F.);
#7229 = FACE_BOUND('',#7230,.F.);
#7230 = EDGE_LOOP('',(#7231,#7237,#7238,#7239));
#7231 = ORIENTED_EDGE('',*,*,#7232,.T.);
#7232 = EDGE_CURVE('',#6831,#7188,#7233,.T.);
#7233 = LINE('',#7234,#7235);
#7234 = CARTESIAN_POINT('',(17.5,-26.,7.2));
#7235 = VECTOR('',#7236,1.);
#7236 = DIRECTION('',(0.,1.,0.));
#7237 = ORIENTED_EDGE('',*,*,#7187,.F.);
#7238 = ORIENTED_EDGE('',*,*,#7232,.F.);
#7239 = ORIENTED_EDGE('',*,*,#6830,.T.);
#7240 = CYLINDRICAL_SURFACE('',#7241,1.2);
#7241 = AXIS2_PLACEMENT_3D('',#7242,#7243,#7244);
#7242 = CARTESIAN_POINT('',(17.5,-26.,6.));
#7243 = DIRECTION('',(0.,1.,0.));
#7244 = DIRECTION('',(0.,-0.,1.));
#7245 = ADVANCED_FACE('',(#7246),#7264,.F.);
#7246 = FACE_BOUND('',#7247,.F.);
#7247 = EDGE_LOOP('',(#7248,#7249,#7250,#7258));
#7248 = ORIENTED_EDGE('',*,*,#6857,.F.);
#7249 = ORIENTED_EDGE('',*,*,#6937,.T.);
#7250 = ORIENTED_EDGE('',*,*,#7251,.T.);
#7251 = EDGE_CURVE('',#6938,#7252,#7254,.T.);
#7252 = VERTEX_POINT('',#7253);
#7253 = CARTESIAN_POINT('',(35.075146273309,-19.6840836269,9.5));
#7254 = LINE('',#7255,#7256);
#7255 = CARTESIAN_POINT('',(35.075146273309,-19.6840836269,-9.5));
#7256 = VECTOR('',#7257,1.);
#7257 = DIRECTION('',(0.,0.,1.));
#7258 = ORIENTED_EDGE('',*,*,#7259,.T.);
#7259 = EDGE_CURVE('',#7252,#6858,#7260,.T.);
#7260 = LINE('',#7261,#7262);
#7261 = CARTESIAN_POINT('',(35.075146273309,-19.6840836269,9.5));
#7262 = VECTOR('',#7263,1.);
#7263 = DIRECTION('',(0.740951125355,0.671558954847,0.));
#7264 = PLANE('',#7265);
#7265 = AXIS2_PLACEMENT_3D('',#7266,#7267,#7268);
#7266 = CARTESIAN_POINT('',(35.075146273309,-19.6840836269,-9.5));
#7267 = DIRECTION('',(-0.671558954847,0.740951125355,0.));
#7268 = DIRECTION('',(0.740951125355,0.671558954847,0.));
#7269 = ADVANCED_FACE('',(#7270),#7288,.F.);
#7270 = FACE_BOUND('',#7271,.F.);
#7271 = EDGE_LOOP('',(#7272,#7273,#7274,#7282));
#7272 = ORIENTED_EDGE('',*,*,#7251,.F.);
#7273 = ORIENTED_EDGE('',*,*,#6946,.T.);
#7274 = ORIENTED_EDGE('',*,*,#7275,.T.);
#7275 = EDGE_CURVE('',#6947,#7276,#7278,.T.);
#7276 = VERTEX_POINT('',#7277);
#7277 = CARTESIAN_POINT('',(34.444561864157,-20.15175689842,9.5));
#7278 = LINE('',#7279,#7280);
#7279 = CARTESIAN_POINT('',(34.444561864157,-20.15175689842,-9.5));
#7280 = VECTOR('',#7281,1.);
#7281 = DIRECTION('',(0.,0.,1.));
#7282 = ORIENTED_EDGE('',*,*,#7283,.T.);
#7283 = EDGE_CURVE('',#7276,#7252,#7284,.T.);
#7284 = LINE('',#7285,#7286);
#7285 = CARTESIAN_POINT('',(34.444561864157,-20.15175689842,9.5));
#7286 = VECTOR('',#7287,1.);
#7287 = DIRECTION('',(0.803207531481,0.595699304492,0.));
#7288 = PLANE('',#7289);
#7289 = AXIS2_PLACEMENT_3D('',#7290,#7291,#7292);
#7290 = CARTESIAN_POINT('',(34.444561864157,-20.15175689842,-9.5));
#7291 = DIRECTION('',(-0.595699304492,0.803207531481,0.));
#7292 = DIRECTION('',(0.803207531481,0.595699304492,0.));
#7293 = ADVANCED_FACE('',(#7294),#7305,.F.);
#7294 = FACE_BOUND('',#7295,.F.);
#7295 = EDGE_LOOP('',(#7296,#7297,#7303,#7304));
#7296 = ORIENTED_EDGE('',*,*,#7004,.F.);
#7297 = ORIENTED_EDGE('',*,*,#7298,.T.);
#7298 = EDGE_CURVE('',#6997,#7276,#7299,.T.);
#7299 = LINE('',#7300,#7301);
#7300 = CARTESIAN_POINT('',(33.771173894608,-20.55537011478,9.5));
#7301 = VECTOR('',#7302,1.);
#7302 = DIRECTION('',(0.85772861,0.514102744193,0.));
#7303 = ORIENTED_EDGE('',*,*,#7275,.F.);
#7304 = ORIENTED_EDGE('',*,*,#6955,.T.);
#7305 = PLANE('',#7306);
#7306 = AXIS2_PLACEMENT_3D('',#7307,#7308,#7309);
#7307 = CARTESIAN_POINT('',(33.771173894608,-20.55537011478,-9.5));
#7308 = DIRECTION('',(-0.514102744193,0.85772861,0.));
#7309 = DIRECTION('',(0.85772861,0.514102744193,0.));
#7310 = ADVANCED_FACE('',(#7311),#7322,.F.);
#7311 = FACE_BOUND('',#7312,.F.);
#7312 = EDGE_LOOP('',(#7313,#7319,#7320,#7321));
#7313 = ORIENTED_EDGE('',*,*,#7314,.T.);
#7314 = EDGE_CURVE('',#7143,#7199,#7315,.T.);
#7315 = LINE('',#7316,#7317);
#7316 = CARTESIAN_POINT('',(23.5,-26.,1.2));
#7317 = VECTOR('',#7318,1.);
#7318 = DIRECTION('',(0.,1.,0.));
#7319 = ORIENTED_EDGE('',*,*,#7198,.F.);
#7320 = ORIENTED_EDGE('',*,*,#7314,.F.);
#7321 = ORIENTED_EDGE('',*,*,#7142,.T.);
#7322 = CYLINDRICAL_SURFACE('',#7323,1.2);
#7323 = AXIS2_PLACEMENT_3D('',#7324,#7325,#7326);
#7324 = CARTESIAN_POINT('',(23.5,-26.,0.));
#7325 = DIRECTION('',(0.,1.,0.));
#7326 = DIRECTION('',(0.,-0.,1.));
#7327 = ADVANCED_FACE('',(#7328),#7347,.F.);
#7328 = FACE_BOUND('',#7329,.F.);
#7329 = EDGE_LOOP('',(#7330,#7331,#7339,#7346));
#7330 = ORIENTED_EDGE('',*,*,#7176,.F.);
#7331 = ORIENTED_EDGE('',*,*,#7332,.F.);
#7332 = EDGE_CURVE('',#7333,#7177,#7335,.T.);
#7333 = VERTEX_POINT('',#7334);
#7334 = CARTESIAN_POINT('',(17.5,-18.5,3.));
#7335 = LINE('',#7336,#7337);
#7336 = CARTESIAN_POINT('',(17.5,-18.5,3.));
#7337 = VECTOR('',#7338,1.);
#7338 = DIRECTION('',(0.,1.,0.));
#7339 = ORIENTED_EDGE('',*,*,#7340,.T.);
#7340 = EDGE_CURVE('',#7333,#7333,#7341,.T.);
#7341 = CIRCLE('',#7342,3.);
#7342 = AXIS2_PLACEMENT_3D('',#7343,#7344,#7345);
#7343 = CARTESIAN_POINT('',(17.5,-18.5,0.));
#7344 = DIRECTION('',(0.,1.,0.));
#7345 = DIRECTION('',(0.,-0.,1.));
#7346 = ORIENTED_EDGE('',*,*,#7332,.T.);
#7347 = CYLINDRICAL_SURFACE('',#7348,3.);
#7348 = AXIS2_PLACEMENT_3D('',#7349,#7350,#7351);
#7349 = CARTESIAN_POINT('',(17.5,-18.5,0.));
#7350 = DIRECTION('',(0.,1.,0.));
#7351 = DIRECTION('',(0.,-0.,1.));
#7352 = ADVANCED_FACE('',(#7353),#7356,.T.);
#7353 = FACE_BOUND('',#7354,.F.);
#7354 = EDGE_LOOP('',(#7355));
#7355 = ORIENTED_EDGE('',*,*,#7340,.F.);
#7356 = PLANE('',#7357);
#7357 = AXIS2_PLACEMENT_3D('',#7358,#7359,#7360);
#7358 = CARTESIAN_POINT('',(17.5,-18.5,0.));
#7359 = DIRECTION('',(0.,1.,0.));
#7360 = DIRECTION('',(0.,-0.,1.));
#7361 = ADVANCED_FACE('',(#7362),#7414,.T.);
#7362 = FACE_BOUND('',#7363,.T.);
#7363 = EDGE_LOOP('',(#7364,#7365,#7366,#7367,#7368,#7369,#7370,#7371,
    #7372,#7373,#7374,#7375,#7376,#7377,#7378,#7379,#7380,#7381,#7387,
    #7388,#7389,#7390,#7391,#7392,#7393,#7394,#7395,#7396,#7397,#7398,
    #7399,#7400,#7401,#7402,#7403,#7404,#7405,#7406,#7407,#7408,#7409,
    #7410,#7411,#7412,#7413));
#7364 = ORIENTED_EDGE('',*,*,#3860,.T.);
#7365 = ORIENTED_EDGE('',*,*,#4660,.T.);
#7366 = ORIENTED_EDGE('',*,*,#5473,.T.);
#7367 = ORIENTED_EDGE('',*,*,#5524,.T.);
#7368 = ORIENTED_EDGE('',*,*,#5555,.T.);
#7369 = ORIENTED_EDGE('',*,*,#5586,.T.);
#7370 = ORIENTED_EDGE('',*,*,#5713,.T.);
#7371 = ORIENTED_EDGE('',*,*,#5618,.T.);
#7372 = ORIENTED_EDGE('',*,*,#5745,.T.);
#7373 = ORIENTED_EDGE('',*,*,#5776,.T.);
#7374 = ORIENTED_EDGE('',*,*,#5807,.T.);
#7375 = ORIENTED_EDGE('',*,*,#5838,.T.);
#7376 = ORIENTED_EDGE('',*,*,#5956,.T.);
#7377 = ORIENTED_EDGE('',*,*,#5870,.T.);
#7378 = ORIENTED_EDGE('',*,*,#5989,.T.);
#7379 = ORIENTED_EDGE('',*,*,#6972,.T.);
#7380 = ORIENTED_EDGE('',*,*,#6988,.F.);
#7381 = ORIENTED_EDGE('',*,*,#7382,.F.);
#7382 = EDGE_CURVE('',#2879,#6989,#7383,.T.);
#7383 = LINE('',#7384,#7385);
#7384 = CARTESIAN_POINT('',(17.5,-21.5,9.5));
#7385 = VECTOR('',#7386,1.);
#7386 = DIRECTION('',(1.,-6.661338147751E-16,4.440892098501E-16));
#7387 = ORIENTED_EDGE('',*,*,#2876,.F.);
#7388 = ORIENTED_EDGE('',*,*,#2907,.F.);
#7389 = ORIENTED_EDGE('',*,*,#2936,.F.);
#7390 = ORIENTED_EDGE('',*,*,#2965,.F.);
#7391 = ORIENTED_EDGE('',*,*,#2994,.F.);
#7392 = ORIENTED_EDGE('',*,*,#3023,.F.);
#7393 = ORIENTED_EDGE('',*,*,#3052,.F.);
#7394 = ORIENTED_EDGE('',*,*,#3081,.F.);
#7395 = ORIENTED_EDGE('',*,*,#3110,.F.);
#7396 = ORIENTED_EDGE('',*,*,#3139,.F.);
#7397 = ORIENTED_EDGE('',*,*,#3168,.F.);
#7398 = ORIENTED_EDGE('',*,*,#3197,.F.);
#7399 = ORIENTED_EDGE('',*,*,#3226,.F.);
#7400 = ORIENTED_EDGE('',*,*,#3255,.F.);
#7401 = ORIENTED_EDGE('',*,*,#3284,.F.);
#7402 = ORIENTED_EDGE('',*,*,#3313,.F.);
#7403 = ORIENTED_EDGE('',*,*,#3342,.F.);
#7404 = ORIENTED_EDGE('',*,*,#3371,.F.);
#7405 = ORIENTED_EDGE('',*,*,#3400,.F.);
#7406 = ORIENTED_EDGE('',*,*,#3429,.F.);
#7407 = ORIENTED_EDGE('',*,*,#3458,.F.);
#7408 = ORIENTED_EDGE('',*,*,#3487,.F.);
#7409 = ORIENTED_EDGE('',*,*,#3516,.F.);
#7410 = ORIENTED_EDGE('',*,*,#3545,.F.);
#7411 = ORIENTED_EDGE('',*,*,#2549,.F.);
#7412 = ORIENTED_EDGE('',*,*,#6162,.F.);
#7413 = ORIENTED_EDGE('',*,*,#4768,.F.);
#7414 = PLANE('',#7415);
#7415 = AXIS2_PLACEMENT_3D('',#7416,#7417,#7418);
#7416 = CARTESIAN_POINT('',(21.150145097869,-21.5,4.161998403596E-02));
#7417 = DIRECTION('',(-5.729008192887E-16,-1.,5.20031247798E-16));
#7418 = DIRECTION('',(-1.,5.729008192887E-16,-1.354473168617E-47));
#7419 = ADVANCED_FACE('',(#7420),#7435,.T.);
#7420 = FACE_BOUND('',#7421,.T.);
#7421 = EDGE_LOOP('',(#7422,#7423,#7424,#7425,#7426,#7427,#7433,#7434));
#7422 = ORIENTED_EDGE('',*,*,#4902,.F.);
#7423 = ORIENTED_EDGE('',*,*,#4116,.T.);
#7424 = ORIENTED_EDGE('',*,*,#4826,.F.);
#7425 = ORIENTED_EDGE('',*,*,#2445,.T.);
#7426 = ORIENTED_EDGE('',*,*,#905,.F.);
#7427 = ORIENTED_EDGE('',*,*,#7428,.T.);
#7428 = EDGE_CURVE('',#888,#7029,#7429,.T.);
#7429 = LINE('',#7430,#7431);
#7430 = CARTESIAN_POINT('',(38.,-3.643020580028E-16,9.5));
#7431 = VECTOR('',#7432,1.);
#7432 = DIRECTION('',(2.22044604925E-16,-1.,0.));
#7433 = ORIENTED_EDGE('',*,*,#7036,.F.);
#7434 = ORIENTED_EDGE('',*,*,#6213,.F.);
#7435 = PLANE('',#7436);
#7436 = AXIS2_PLACEMENT_3D('',#7437,#7438,#7439);
#7437 = CARTESIAN_POINT('',(38.,-9.883629547235,0.));
#7438 = DIRECTION('',(1.,0.,0.));
#7439 = DIRECTION('',(-0.,0.,1.));
#7440 = ADVANCED_FACE('',(#7441),#7485,.T.);
#7441 = FACE_BOUND('',#7442,.T.);
#7442 = EDGE_LOOP('',(#7443,#7444,#7445,#7446,#7447,#7448,#7449,#7450,
    #7451,#7452,#7453,#7454,#7455,#7456,#7457,#7458,#7459,#7460,#7461,
    #7462,#7463,#7464,#7465,#7466,#7467,#7468,#7469,#7470,#7471,#7472,
    #7473,#7474,#7475,#7476,#7477,#7483,#7484));
#7443 = ORIENTED_EDGE('',*,*,#7382,.T.);
#7444 = ORIENTED_EDGE('',*,*,#6996,.T.);
#7445 = ORIENTED_EDGE('',*,*,#7298,.T.);
#7446 = ORIENTED_EDGE('',*,*,#7283,.T.);
#7447 = ORIENTED_EDGE('',*,*,#7259,.T.);
#7448 = ORIENTED_EDGE('',*,*,#6865,.T.);
#7449 = ORIENTED_EDGE('',*,*,#6889,.T.);
#7450 = ORIENTED_EDGE('',*,*,#6913,.T.);
#7451 = ORIENTED_EDGE('',*,*,#7124,.T.);
#7452 = ORIENTED_EDGE('',*,*,#7107,.T.);
#7453 = ORIENTED_EDGE('',*,*,#7083,.T.);
#7454 = ORIENTED_EDGE('',*,*,#7059,.T.);
#7455 = ORIENTED_EDGE('',*,*,#7028,.T.);
#7456 = ORIENTED_EDGE('',*,*,#7428,.F.);
#7457 = ORIENTED_EDGE('',*,*,#1126,.F.);
#7458 = ORIENTED_EDGE('',*,*,#1542,.F.);
#7459 = ORIENTED_EDGE('',*,*,#757,.T.);
#7460 = ORIENTED_EDGE('',*,*,#542,.T.);
#7461 = ORIENTED_EDGE('',*,*,#505,.T.);
#7462 = ORIENTED_EDGE('',*,*,#474,.T.);
#7463 = ORIENTED_EDGE('',*,*,#443,.T.);
#7464 = ORIENTED_EDGE('',*,*,#412,.T.);
#7465 = ORIENTED_EDGE('',*,*,#381,.T.);
#7466 = ORIENTED_EDGE('',*,*,#350,.T.);
#7467 = ORIENTED_EDGE('',*,*,#319,.T.);
#7468 = ORIENTED_EDGE('',*,*,#288,.T.);
#7469 = ORIENTED_EDGE('',*,*,#257,.T.);
#7470 = ORIENTED_EDGE('',*,*,#226,.T.);
#7471 = ORIENTED_EDGE('',*,*,#195,.T.);
#7472 = ORIENTED_EDGE('',*,*,#164,.T.);
#7473 = ORIENTED_EDGE('',*,*,#133,.T.);
#7474 = ORIENTED_EDGE('',*,*,#102,.T.);
#7475 = ORIENTED_EDGE('',*,*,#71,.T.);
#7476 = ORIENTED_EDGE('',*,*,#31,.T.);
#7477 = ORIENTED_EDGE('',*,*,#7478,.F.);
#7478 = EDGE_CURVE('',#2588,#32,#7479,.T.);
#7479 = LINE('',#7480,#7481);
#7480 = CARTESIAN_POINT('',(17.5,-19.,9.5));
#7481 = VECTOR('',#7482,1.);
#7482 = DIRECTION('',(1.,-6.661338147751E-16,4.440892098501E-16));
#7483 = ORIENTED_EDGE('',*,*,#2847,.F.);
#7484 = ORIENTED_EDGE('',*,*,#2893,.F.);
#7485 = PLANE('',#7486);
#7486 = AXIS2_PLACEMENT_3D('',#7487,#7488,#7489);
#7487 = CARTESIAN_POINT('',(31.056765500673,-14.02914347827,9.5));
#7488 = DIRECTION('',(3.073132702763E-16,3.153276730908E-16,1.));
#7489 = DIRECTION('',(2.786185375089E-48,1.,-3.153276730908E-16));
#7490 = ADVANCED_FACE('',(#7491),#7499,.T.);
#7491 = FACE_BOUND('',#7492,.T.);
#7492 = EDGE_LOOP('',(#7493,#7494,#7495,#7496,#7497,#7498));
#7493 = ORIENTED_EDGE('',*,*,#39,.F.);
#7494 = ORIENTED_EDGE('',*,*,#2573,.T.);
#7495 = ORIENTED_EDGE('',*,*,#2623,.F.);
#7496 = ORIENTED_EDGE('',*,*,#2614,.F.);
#7497 = ORIENTED_EDGE('',*,*,#2605,.F.);
#7498 = ORIENTED_EDGE('',*,*,#7478,.T.);
#7499 = PLANE('',#7500);
#7500 = AXIS2_PLACEMENT_3D('',#7501,#7502,#7503);
#7501 = CARTESIAN_POINT('',(24.493653478302,-19.,4.791798609366E-15));
#7502 = DIRECTION('',(-5.618883201257E-16,1.,0.));
#7503 = DIRECTION('',(1.,5.618883201257E-16,0.));
#7504 = ( GEOMETRIC_REPRESENTATION_CONTEXT(3) 
GLOBAL_UNCERTAINTY_ASSIGNED_CONTEXT((#7508)) 
GLOBAL_UNIT_ASSIGNED_CONTEXT((#7505,#7506,#7507)) REPRESENTATION_CONTEXT
('Context #1','3D Context with UNIT and UNCERTAINTY') );
#7505 = ( LENGTH_UNIT() NAMED_UNIT(*) SI_UNIT(.MILLI.,.METRE.) );
#7506 = ( NAMED_UNIT(*) PLANE_ANGLE_UNIT() SI_UNIT($,.RADIAN.) );
#7507 = ( NAMED_UNIT(*) SI_UNIT($,.STERADIAN.) SOLID_ANGLE_UNIT() );
#7508 = UNCERTAINTY_MEASURE_WITH_UNIT(LENGTH_MEASURE(1.E-02),#7505,
  'distance_accuracy_value','confusion accuracy');
#7509 = PRODUCT_RELATED_PRODUCT_CATEGORY('part',$,(#7));
ENDSEC;
END-ISO-10303-21;
