ISO-10303-21;
HEADER;
FILE_DESCRIPTION(('FreeCAD Model'),'2;1');
FILE_NAME('Open CASCADE Shape Model','2026-09-09T00:36:35',('FreeCAD'),(
    'FreeCAD'),'Open CASCADE STEP processor 7.8','FreeCAD','Unknown');
FILE_SCHEMA(('AUTOMOTIVE_DESIGN { 1 0 10303 214 1 1 1 1 }'));
ENDSEC;
DATA;
#1 = APPLICATION_PROTOCOL_DEFINITION('international standard',
  'automotive_design',2000,#2);
#2 = APPLICATION_CONTEXT(
  'core data for automotive mechanical design processes');
#3 = SHAPE_DEFINITION_REPRESENTATION(#4,#10);
#4 = PRODUCT_DEFINITION_SHAPE('','',#5);
#5 = PRODUCT_DEFINITION('design','',#6,#9);
#6 = PRODUCT_DEFINITION_FORMATION('','',#7);
#7 = PRODUCT('Open CASCADE STEP translator 7.8 2',
  'Open CASCADE STEP translator 7.8 2','',(#8));
#8 = PRODUCT_CONTEXT('',#2,'mechanical');
#9 = PRODUCT_DEFINITION_CONTEXT('part definition',#2,'design');
#10 = ADVANCED_BREP_SHAPE_REPRESENTATION('',(#11,#15),#2251);
#11 = AXIS2_PLACEMENT_3D('',#12,#13,#14);
#12 = CARTESIAN_POINT('',(0.,0.,0.));
#13 = DIRECTION('',(0.,0.,1.));
#14 = DIRECTION('',(1.,0.,-0.));
#15 = MANIFOLD_SOLID_BREP('',#16);
#16 = CLOSED_SHELL('',(#17,#45,#70,#128,#161,#301,#326,#407,#534,#551,
    #584,#610,#644,#684,#718,#783,#848,#873,#1003,#1028,#1145,#1170,
    #1188,#1226,#1246,#1264,#1276,#1343,#1360,#1377,#1395,#1408,#1428,
    #1448,#1468,#1493,#1518,#1543,#1568,#1593,#1618,#1643,#1668,#1700,
    #1720,#1740,#1760,#1780,#1805,#1830,#1855,#1880,#1905,#1914,#1934,
    #1962,#1987,#2051,#2068,#2093,#2118,#2143,#2168,#2180,#2192,#2204,
    #2213,#2232));
#17 = ADVANCED_FACE('',(#18,#29),#40,.T.);
#18 = FACE_BOUND('',#19,.T.);
#19 = EDGE_LOOP('',(#20));
#20 = ORIENTED_EDGE('',*,*,#21,.T.);
#21 = EDGE_CURVE('',#22,#22,#24,.T.);
#22 = VERTEX_POINT('',#23);
#23 = CARTESIAN_POINT('',(17.5,-18.5,9.5));
#24 = CIRCLE('',#25,9.5);
#25 = AXIS2_PLACEMENT_3D('',#26,#27,#28);
#26 = CARTESIAN_POINT('',(17.5,-18.5,0.));
#27 = DIRECTION('',(0.,1.,0.));
#28 = DIRECTION('',(0.,-0.,1.));
#29 = FACE_BOUND('',#30,.T.);
#30 = EDGE_LOOP('',(#31));
#31 = ORIENTED_EDGE('',*,*,#32,.F.);
#32 = EDGE_CURVE('',#33,#33,#35,.T.);
#33 = VERTEX_POINT('',#34);
#34 = CARTESIAN_POINT('',(17.5,-18.5,8.));
#35 = CIRCLE('',#36,8.);
#36 = AXIS2_PLACEMENT_3D('',#37,#38,#39);
#37 = CARTESIAN_POINT('',(17.5,-18.5,0.));
#38 = DIRECTION('',(0.,1.,0.));
#39 = DIRECTION('',(0.,-0.,1.));
#40 = PLANE('',#41);
#41 = AXIS2_PLACEMENT_3D('',#42,#43,#44);
#42 = CARTESIAN_POINT('',(17.5,-18.5,0.));
#43 = DIRECTION('',(0.,1.,0.));
#44 = DIRECTION('',(0.,-0.,1.));
#45 = ADVANCED_FACE('',(#46),#65,.T.);
#46 = FACE_BOUND('',#47,.T.);
#47 = EDGE_LOOP('',(#48,#56,#63,#64));
#48 = ORIENTED_EDGE('',*,*,#49,.T.);
#49 = EDGE_CURVE('',#33,#50,#52,.T.);
#50 = VERTEX_POINT('',#51);
#51 = CARTESIAN_POINT('',(17.5,-16.55,8.));
#52 = LINE('',#53,#54);
#53 = CARTESIAN_POINT('',(17.5,-18.51,8.));
#54 = VECTOR('',#55,1.);
#55 = DIRECTION('',(0.,1.,0.));
#56 = ORIENTED_EDGE('',*,*,#57,.F.);
#57 = EDGE_CURVE('',#50,#50,#58,.T.);
#58 = CIRCLE('',#59,8.);
#59 = AXIS2_PLACEMENT_3D('',#60,#61,#62);
#60 = CARTESIAN_POINT('',(17.5,-16.55,0.));
#61 = DIRECTION('',(0.,1.,0.));
#62 = DIRECTION('',(0.,-0.,1.));
#63 = ORIENTED_EDGE('',*,*,#49,.F.);
#64 = ORIENTED_EDGE('',*,*,#32,.T.);
#65 = CYLINDRICAL_SURFACE('',#66,8.);
#66 = AXIS2_PLACEMENT_3D('',#67,#68,#69);
#67 = CARTESIAN_POINT('',(17.5,-18.51,0.));
#68 = DIRECTION('',(0.,1.,0.));
#69 = DIRECTION('',(0.,-0.,1.));
#70 = ADVANCED_FACE('',(#71),#123,.F.);
#71 = FACE_BOUND('',#72,.F.);
#72 = EDGE_LOOP('',(#73,#84,#92,#100,#108,#117));
#73 = ORIENTED_EDGE('',*,*,#74,.T.);
#74 = EDGE_CURVE('',#75,#77,#79,.T.);
#75 = VERTEX_POINT('',#76);
#76 = CARTESIAN_POINT('',(38.,-19.5,-5.));
#77 = VERTEX_POINT('',#78);
#78 = CARTESIAN_POINT('',(30.,-23.5,-5.));
#79 = CIRCLE('',#80,10.);
#80 = AXIS2_PLACEMENT_3D('',#81,#82,#83);
#81 = CARTESIAN_POINT('',(30.,-13.5,-5.));
#82 = DIRECTION('',(0.,-0.,-1.));
#83 = DIRECTION('',(1.,6.661338147751E-16,-0.));
#84 = ORIENTED_EDGE('',*,*,#85,.T.);
#85 = EDGE_CURVE('',#77,#86,#88,.T.);
#86 = VERTEX_POINT('',#87);
#87 = CARTESIAN_POINT('',(19.703724120665,-23.5,-5.));
#88 = LINE('',#89,#90);
#89 = CARTESIAN_POINT('',(30.,-23.5,-5.));
#90 = VECTOR('',#91,1.);
#91 = DIRECTION('',(-1.,0.,0.));
#92 = ORIENTED_EDGE('',*,*,#93,.F.);
#93 = EDGE_CURVE('',#94,#86,#96,.T.);
#94 = VERTEX_POINT('',#95);
#95 = CARTESIAN_POINT('',(19.703724120665,-25.,-5.));
#96 = LINE('',#97,#98);
#97 = CARTESIAN_POINT('',(19.703724120665,-26.,-5.));
#98 = VECTOR('',#99,1.);
#99 = DIRECTION('',(0.,1.,0.));
#100 = ORIENTED_EDGE('',*,*,#101,.T.);
#101 = EDGE_CURVE('',#94,#102,#104,.T.);
#102 = VERTEX_POINT('',#103);
#103 = CARTESIAN_POINT('',(33.,-25.,-5.));
#104 = LINE('',#105,#106);
#105 = CARTESIAN_POINT('',(12.5,-25.,-5.));
#106 = VECTOR('',#107,1.);
#107 = DIRECTION('',(1.,0.,0.));
#108 = ORIENTED_EDGE('',*,*,#109,.T.);
#109 = EDGE_CURVE('',#102,#110,#112,.T.);
#110 = VERTEX_POINT('',#111);
#111 = CARTESIAN_POINT('',(38.,-20.,-5.));
#112 = CIRCLE('',#113,5.);
#113 = AXIS2_PLACEMENT_3D('',#114,#115,#116);
#114 = CARTESIAN_POINT('',(33.,-20.,-5.));
#115 = DIRECTION('',(0.,0.,1.));
#116 = DIRECTION('',(0.,-1.,0.));
#117 = ORIENTED_EDGE('',*,*,#118,.T.);
#118 = EDGE_CURVE('',#110,#75,#119,.T.);
#119 = LINE('',#120,#121);
#120 = CARTESIAN_POINT('',(38.,-20.,-5.));
#121 = VECTOR('',#122,1.);
#122 = DIRECTION('',(0.,1.,0.));
#123 = PLANE('',#124);
#124 = AXIS2_PLACEMENT_3D('',#125,#126,#127);
#125 = CARTESIAN_POINT('',(26.470289789132,-20.68833610688,-5.));
#126 = DIRECTION('',(0.,0.,1.));
#127 = DIRECTION('',(1.,0.,-0.));
#128 = ADVANCED_FACE('',(#129),#156,.F.);
#129 = FACE_BOUND('',#130,.T.);
#130 = EDGE_LOOP('',(#131,#139,#140,#149));
#131 = ORIENTED_EDGE('',*,*,#132,.F.);
#132 = EDGE_CURVE('',#75,#133,#135,.T.);
#133 = VERTEX_POINT('',#134);
#134 = CARTESIAN_POINT('',(36.4,-18.3,-7.));
#135 = ( BOUNDED_CURVE() B_SPLINE_CURVE(2,(#136,#137,#138),
.UNSPECIFIED.,.F.,.F.) B_SPLINE_CURVE_WITH_KNOTS((3,3),(0.,
5.148010030244),.PIECEWISE_BEZIER_KNOTS.) CURVE() 
GEOMETRIC_REPRESENTATION_ITEM() RATIONAL_B_SPLINE_CURVE((1.,
0.707106781187,1.)) REPRESENTATION_ITEM('') );
#136 = CARTESIAN_POINT('',(38.,-19.5,-5.));
#137 = CARTESIAN_POINT('',(36.4,-18.3,-5.));
#138 = CARTESIAN_POINT('',(36.4,-18.3,-7.));
#139 = ORIENTED_EDGE('',*,*,#74,.T.);
#140 = ORIENTED_EDGE('',*,*,#141,.T.);
#141 = EDGE_CURVE('',#77,#142,#144,.T.);
#142 = VERTEX_POINT('',#143);
#143 = CARTESIAN_POINT('',(30.,-21.5,-7.));
#144 = CIRCLE('',#145,2.);
#145 = AXIS2_PLACEMENT_3D('',#146,#147,#148);
#146 = CARTESIAN_POINT('',(30.,-23.5,-7.));
#147 = DIRECTION('',(-1.,1.608122649677E-16,0.));
#148 = DIRECTION('',(-1.608122649677E-16,-1.,0.));
#149 = ORIENTED_EDGE('',*,*,#150,.F.);
#150 = EDGE_CURVE('',#133,#142,#151,.T.);
#151 = CIRCLE('',#152,8.);
#152 = AXIS2_PLACEMENT_3D('',#153,#154,#155);
#153 = CARTESIAN_POINT('',(30.,-13.5,-7.));
#154 = DIRECTION('',(0.,-0.,-1.));
#155 = DIRECTION('',(1.,6.661338147751E-16,-0.));
#156 = TOROIDAL_SURFACE('',#157,10.,2.);
#157 = AXIS2_PLACEMENT_3D('',#158,#159,#160);
#158 = CARTESIAN_POINT('',(30.,-13.5,-7.));
#159 = DIRECTION('',(0.,0.,1.));
#160 = DIRECTION('',(1.,6.661338147751E-16,-0.));
#161 = ADVANCED_FACE('',(#162),#296,.T.);
#162 = FACE_BOUND('',#163,.T.);
#163 = EDGE_LOOP('',(#164,#165,#192,#200,#208,#217,#225,#233,#282,#290)
  );
#164 = ORIENTED_EDGE('',*,*,#118,.T.);
#165 = ORIENTED_EDGE('',*,*,#166,.T.);
#166 = EDGE_CURVE('',#75,#167,#169,.T.);
#167 = VERTEX_POINT('',#168);
#168 = CARTESIAN_POINT('',(38.,-13.5,-7.));
#169 = B_SPLINE_CURVE_WITH_KNOTS('',6,(#170,#171,#172,#173,#174,#175,
    #176,#177,#178,#179,#180,#181,#182,#183,#184,#185,#186,#187,#188,
    #189,#190,#191),.UNSPECIFIED.,.F.,.F.,(7,5,5,5,7),(0.,0.232261426767
    ,0.495841159507,0.796199172917,1.),.UNSPECIFIED.);
#170 = CARTESIAN_POINT('',(38.,-19.5,-5.));
#171 = CARTESIAN_POINT('',(38.,-19.26700128345,-5.));
#172 = CARTESIAN_POINT('',(38.,-19.02835674301,-5.011726067));
#173 = CARTESIAN_POINT('',(38.,-18.78614738835,-5.034934015307));
#174 = CARTESIAN_POINT('',(38.,-18.54214686205,-5.068833317892));
#175 = CARTESIAN_POINT('',(38.,-18.29763389842,-5.112435534812));
#176 = CARTESIAN_POINT('',(38.,-17.7764026299,-5.224109587404));
#177 = CARTESIAN_POINT('',(38.,-17.49982014521,-5.294680986706));
#178 = CARTESIAN_POINT('',(38.,-17.22496164888,-5.375006624135));
#179 = CARTESIAN_POINT('',(38.,-16.95254151537,-5.46359398656));
#180 = CARTESIAN_POINT('',(38.,-16.68289158843,-5.559117185632));
#181 = CARTESIAN_POINT('',(38.,-16.11200734277,-5.775864685747));
#182 = CARTESIAN_POINT('',(38.,-15.81167027635,-5.898794996842));
#183 = CARTESIAN_POINT('',(38.,-15.51514666387,-6.027497164212));
#184 = CARTESIAN_POINT('',(38.,-15.2222749861,-6.160473664025));
#185 = CARTESIAN_POINT('',(38.,-14.93278171998,-6.296418841291));
#186 = CARTESIAN_POINT('',(38.,-14.45199617245,-6.527617591683));
#187 = CARTESIAN_POINT('',(38.,-14.2590653946,-6.621896995397));
#188 = CARTESIAN_POINT('',(38.,-14.06746521655,-6.716625352282));
#189 = CARTESIAN_POINT('',(38.,-13.87711846943,-6.811447789071));
#190 = CARTESIAN_POINT('',(38.,-13.68797086502,-6.906019522869));
#191 = CARTESIAN_POINT('',(38.,-13.5,-7.));
#192 = ORIENTED_EDGE('',*,*,#193,.F.);
#193 = EDGE_CURVE('',#194,#167,#196,.T.);
#194 = VERTEX_POINT('',#195);
#195 = CARTESIAN_POINT('',(38.,-13.5,-9.5));
#196 = LINE('',#197,#198);
#197 = CARTESIAN_POINT('',(38.,-13.5,-9.5));
#198 = VECTOR('',#199,1.);
#199 = DIRECTION('',(0.,0.,1.));
#200 = ORIENTED_EDGE('',*,*,#201,.T.);
#201 = EDGE_CURVE('',#194,#202,#204,.T.);
#202 = VERTEX_POINT('',#203);
#203 = CARTESIAN_POINT('',(38.,0.,-9.5));
#204 = LINE('',#205,#206);
#205 = CARTESIAN_POINT('',(38.,-13.5,-9.5));
#206 = VECTOR('',#207,1.);
#207 = DIRECTION('',(0.,1.,0.));
#208 = ORIENTED_EDGE('',*,*,#209,.F.);
#209 = EDGE_CURVE('',#210,#202,#212,.T.);
#210 = VERTEX_POINT('',#211);
#211 = CARTESIAN_POINT('',(38.,1.184840652812E-15,9.5));
#212 = CIRCLE('',#213,9.5);
#213 = AXIS2_PLACEMENT_3D('',#214,#215,#216);
#214 = CARTESIAN_POINT('',(38.,0.,0.));
#215 = DIRECTION('',(1.,0.,0.));
#216 = DIRECTION('',(-0.,0.,1.));
#217 = ORIENTED_EDGE('',*,*,#218,.T.);
#218 = EDGE_CURVE('',#210,#219,#221,.T.);
#219 = VERTEX_POINT('',#220);
#220 = CARTESIAN_POINT('',(38.,-13.5,9.5));
#221 = LINE('',#222,#223);
#222 = CARTESIAN_POINT('',(38.,5.81707229595E-16,9.5));
#223 = VECTOR('',#224,1.);
#224 = DIRECTION('',(0.,-1.,0.));
#225 = ORIENTED_EDGE('',*,*,#226,.F.);
#226 = EDGE_CURVE('',#227,#219,#229,.T.);
#227 = VERTEX_POINT('',#228);
#228 = CARTESIAN_POINT('',(38.,-13.5,7.));
#229 = LINE('',#230,#231);
#230 = CARTESIAN_POINT('',(38.,-13.5,-9.5));
#231 = VECTOR('',#232,1.);
#232 = DIRECTION('',(0.,0.,1.));
#233 = ORIENTED_EDGE('',*,*,#234,.F.);
#234 = EDGE_CURVE('',#235,#227,#237,.T.);
#235 = VERTEX_POINT('',#236);
#236 = CARTESIAN_POINT('',(38.,-19.5,5.));
#237 = B_SPLINE_CURVE_WITH_KNOTS('',7,(#238,#239,#240,#241,#242,#243,
    #244,#245,#246,#247,#248,#249,#250,#251,#252,#253,#254,#255,#256,
    #257,#258,#259,#260,#261,#262,#263,#264,#265,#266,#267,#268,#269,
    #270,#271,#272,#273,#274,#275,#276,#277,#278,#279,#280,#281),
  .UNSPECIFIED.,.F.,.F.,(8,6,6,6,6,6,6,8),(0.,0.232261609538,
    0.495841510941,0.796199650472,0.897226144446,0.94792324045,
    0.973830473219,1.),.UNSPECIFIED.);
#238 = CARTESIAN_POINT('',(38.,-19.5,5.));
#239 = CARTESIAN_POINT('',(38.,-19.30028681334,5.));
#240 = CARTESIAN_POINT('',(38.,-19.09654088638,5.008375762238));
#241 = CARTESIAN_POINT('',(38.,-18.88995137234,5.02498775158));
#242 = CARTESIAN_POINT('',(38.,-18.68157569513,5.049462287385));
#243 = CARTESIAN_POINT('',(38.,-18.47228596528,5.081291093721));
#244 = CARTESIAN_POINT('',(38.,-18.26275460806,5.119908427472));
#245 = CARTESIAN_POINT('',(38.,-17.81598498111,5.215629036779));
#246 = CARTESIAN_POINT('',(38.,-17.57884372723,5.274517712504));
#247 = CARTESIAN_POINT('',(38.,-17.34275820963,5.340581320895));
#248 = CARTESIAN_POINT('',(38.,-17.10821027979,5.412972589838));
#249 = CARTESIAN_POINT('',(38.,-16.87549885655,5.490886260867));
#250 = CARTESIAN_POINT('',(38.,-16.6447737659,5.573589369213));
#251 = CARTESIAN_POINT('',(38.,-16.15544462501,5.759372853957));
#252 = CARTESIAN_POINT('',(38.,-15.89748146955,5.863671805548));
#253 = CARTESIAN_POINT('',(38.,-15.64222896572,5.972338778151));
#254 = CARTESIAN_POINT('',(38.,-15.38963113897,6.084486707995));
#255 = CARTESIAN_POINT('',(38.,-15.13956368666,6.199314692161));
#256 = CARTESIAN_POINT('',(38.,-14.89186390552,6.316095351069));
#257 = CARTESIAN_POINT('',(38.,-14.56377042657,6.473867995501));
#258 = CARTESIAN_POINT('',(38.,-14.48144010229,6.513722645421));
#259 = CARTESIAN_POINT('',(38.,-14.39935280414,6.553695460441));
#260 = CARTESIAN_POINT('',(38.,-14.31750276301,6.593760933436));
#261 = CARTESIAN_POINT('',(38.,-14.23588456915,6.633893953692));
#262 = CARTESIAN_POINT('',(38.,-14.15449317217,6.674069806909));
#263 = CARTESIAN_POINT('',(38.,-14.03259152281,6.73443450546));
#264 = CARTESIAN_POINT('',(38.,-13.99191512262,6.754609482693));
#265 = CARTESIAN_POINT('',(38.,-13.95129410563,6.774786022558));
#266 = CARTESIAN_POINT('',(38.,-13.91072794155,6.794961053235));
#267 = CARTESIAN_POINT('',(38.,-13.8702161446,6.815131515422));
#268 = CARTESIAN_POINT('',(38.,-13.82975827353,6.83529436234));
#269 = CARTESIAN_POINT('',(38.,-13.76870650266,6.865744736742));
#270 = CARTESIAN_POINT('',(38.,-13.74807305324,6.87604013227));
#271 = CARTESIAN_POINT('',(38.,-13.72745353105,6.886332341082));
#272 = CARTESIAN_POINT('',(38.,-13.70684788751,6.896620958437));
#273 = CARTESIAN_POINT('',(38.,-13.68625607783,6.906905580085));
#274 = CARTESIAN_POINT('',(38.,-13.665678061,6.917185802262));
#275 = CARTESIAN_POINT('',(38.,-13.6243413387,6.937840673124));
#276 = CARTESIAN_POINT('',(38.,-13.60358301895,6.948215319278));
#277 = CARTESIAN_POINT('',(38.,-13.58283810332,6.95858410582));
#278 = CARTESIAN_POINT('',(38.,-13.56210867649,6.96894856576));
#279 = CARTESIAN_POINT('',(38.,-13.54139084311,6.979304716825));
#280 = CARTESIAN_POINT('',(38.,-13.52068926141,6.989656473568));
#281 = CARTESIAN_POINT('',(38.,-13.5,6.999999802649));
#282 = ORIENTED_EDGE('',*,*,#283,.F.);
#283 = EDGE_CURVE('',#284,#235,#286,.T.);
#284 = VERTEX_POINT('',#285);
#285 = CARTESIAN_POINT('',(38.,-20.,5.));
#286 = LINE('',#287,#288);
#287 = CARTESIAN_POINT('',(38.,-20.,5.));
#288 = VECTOR('',#289,1.);
#289 = DIRECTION('',(0.,1.,0.));
#290 = ORIENTED_EDGE('',*,*,#291,.F.);
#291 = EDGE_CURVE('',#110,#284,#292,.T.);
#292 = LINE('',#293,#294);
#293 = CARTESIAN_POINT('',(38.,-20.,-5.));
#294 = VECTOR('',#295,1.);
#295 = DIRECTION('',(0.,0.,1.));
#296 = PLANE('',#297);
#297 = AXIS2_PLACEMENT_3D('',#298,#299,#300);
#298 = CARTESIAN_POINT('',(38.,-6.459227595622,0.));
#299 = DIRECTION('',(1.,0.,0.));
#300 = DIRECTION('',(-0.,0.,1.));
#301 = ADVANCED_FACE('',(#302),#321,.T.);
#302 = FACE_BOUND('',#303,.F.);
#303 = EDGE_LOOP('',(#304,#312,#319,#320));
#304 = ORIENTED_EDGE('',*,*,#305,.T.);
#305 = EDGE_CURVE('',#102,#306,#308,.T.);
#306 = VERTEX_POINT('',#307);
#307 = CARTESIAN_POINT('',(33.,-25.,5.));
#308 = LINE('',#309,#310);
#309 = CARTESIAN_POINT('',(33.,-25.,-5.));
#310 = VECTOR('',#311,1.);
#311 = DIRECTION('',(0.,0.,1.));
#312 = ORIENTED_EDGE('',*,*,#313,.T.);
#313 = EDGE_CURVE('',#306,#284,#314,.T.);
#314 = CIRCLE('',#315,5.);
#315 = AXIS2_PLACEMENT_3D('',#316,#317,#318);
#316 = CARTESIAN_POINT('',(33.,-20.,5.));
#317 = DIRECTION('',(0.,0.,1.));
#318 = DIRECTION('',(0.,-1.,0.));
#319 = ORIENTED_EDGE('',*,*,#291,.F.);
#320 = ORIENTED_EDGE('',*,*,#109,.F.);
#321 = CYLINDRICAL_SURFACE('',#322,5.);
#322 = AXIS2_PLACEMENT_3D('',#323,#324,#325);
#323 = CARTESIAN_POINT('',(33.,-20.,-5.));
#324 = DIRECTION('',(-0.,-0.,-1.));
#325 = DIRECTION('',(0.,-1.,0.));
#326 = ADVANCED_FACE('',(#327,#391),#402,.F.);
#327 = FACE_BOUND('',#328,.F.);
#328 = EDGE_LOOP('',(#329,#340,#349,#358,#367,#373,#374,#375,#384));
#329 = ORIENTED_EDGE('',*,*,#330,.F.);
#330 = EDGE_CURVE('',#331,#333,#335,.T.);
#331 = VERTEX_POINT('',#332);
#332 = CARTESIAN_POINT('',(12.9047,-25.,-1.970588214214));
#333 = VERTEX_POINT('',#334);
#334 = CARTESIAN_POINT('',(15.529411785786,-25.,-4.5953));
#335 = CIRCLE('',#336,5.);
#336 = AXIS2_PLACEMENT_3D('',#337,#338,#339);
#337 = CARTESIAN_POINT('',(17.5,-25.,-9.081840664621E-17));
#338 = DIRECTION('',(0.,-1.,-0.));
#339 = DIRECTION('',(0.,0.,-1.));
#340 = ORIENTED_EDGE('',*,*,#341,.F.);
#341 = EDGE_CURVE('',#342,#331,#344,.T.);
#342 = VERTEX_POINT('',#343);
#343 = CARTESIAN_POINT('',(12.9047,-25.,1.970588214214));
#344 = CIRCLE('',#345,2.42);
#345 = AXIS2_PLACEMENT_3D('',#346,#347,#348);
#346 = CARTESIAN_POINT('',(11.5,-25.,7.347880794884E-16));
#347 = DIRECTION('',(0.,1.,0.));
#348 = DIRECTION('',(0.,-0.,1.));
#349 = ORIENTED_EDGE('',*,*,#350,.F.);
#350 = EDGE_CURVE('',#351,#342,#353,.T.);
#351 = VERTEX_POINT('',#352);
#352 = CARTESIAN_POINT('',(15.529411785786,-25.,4.5953));
#353 = CIRCLE('',#354,5.);
#354 = AXIS2_PLACEMENT_3D('',#355,#356,#357);
#355 = CARTESIAN_POINT('',(17.5,-25.,-9.081840664621E-17));
#356 = DIRECTION('',(0.,-1.,-0.));
#357 = DIRECTION('',(0.,0.,-1.));
#358 = ORIENTED_EDGE('',*,*,#359,.F.);
#359 = EDGE_CURVE('',#360,#351,#362,.T.);
#360 = VERTEX_POINT('',#361);
#361 = CARTESIAN_POINT('',(19.703724120665,-25.,5.));
#362 = CIRCLE('',#363,2.42);
#363 = AXIS2_PLACEMENT_3D('',#364,#365,#366);
#364 = CARTESIAN_POINT('',(17.5,-25.,6.));
#365 = DIRECTION('',(0.,1.,0.));
#366 = DIRECTION('',(0.,-0.,1.));
#367 = ORIENTED_EDGE('',*,*,#368,.T.);
#368 = EDGE_CURVE('',#360,#306,#369,.T.);
#369 = LINE('',#370,#371);
#370 = CARTESIAN_POINT('',(12.5,-25.,5.));
#371 = VECTOR('',#372,1.);
#372 = DIRECTION('',(1.,0.,0.));
#373 = ORIENTED_EDGE('',*,*,#305,.F.);
#374 = ORIENTED_EDGE('',*,*,#101,.F.);
#375 = ORIENTED_EDGE('',*,*,#376,.F.);
#376 = EDGE_CURVE('',#377,#94,#379,.T.);
#377 = VERTEX_POINT('',#378);
#378 = CARTESIAN_POINT('',(17.5,-25.,-3.58));
#379 = CIRCLE('',#380,2.42);
#380 = AXIS2_PLACEMENT_3D('',#381,#382,#383);
#381 = CARTESIAN_POINT('',(17.5,-25.,-6.));
#382 = DIRECTION('',(0.,1.,0.));
#383 = DIRECTION('',(0.,-0.,1.));
#384 = ORIENTED_EDGE('',*,*,#385,.F.);
#385 = EDGE_CURVE('',#333,#377,#386,.T.);
#386 = CIRCLE('',#387,2.42);
#387 = AXIS2_PLACEMENT_3D('',#388,#389,#390);
#388 = CARTESIAN_POINT('',(17.5,-25.,-6.));
#389 = DIRECTION('',(0.,1.,0.));
#390 = DIRECTION('',(0.,-0.,1.));
#391 = FACE_BOUND('',#392,.F.);
#392 = EDGE_LOOP('',(#393));
#393 = ORIENTED_EDGE('',*,*,#394,.F.);
#394 = EDGE_CURVE('',#395,#395,#397,.T.);
#395 = VERTEX_POINT('',#396);
#396 = CARTESIAN_POINT('',(23.5,-25.,2.42));
#397 = CIRCLE('',#398,2.42);
#398 = AXIS2_PLACEMENT_3D('',#399,#400,#401);
#399 = CARTESIAN_POINT('',(23.5,-25.,0.));
#400 = DIRECTION('',(0.,1.,0.));
#401 = DIRECTION('',(0.,-0.,1.));
#402 = PLANE('',#403);
#403 = AXIS2_PLACEMENT_3D('',#404,#405,#406);
#404 = CARTESIAN_POINT('',(12.5,-25.,-5.));
#405 = DIRECTION('',(0.,1.,0.));
#406 = DIRECTION('',(1.,0.,0.));
#407 = ADVANCED_FACE('',(#408),#529,.F.);
#408 = FACE_BOUND('',#409,.F.);
#409 = EDGE_LOOP('',(#410,#418,#425,#426,#427,#428,#470,#479,#522,#528)
  );
#410 = ORIENTED_EDGE('',*,*,#411,.T.);
#411 = EDGE_CURVE('',#377,#412,#414,.T.);
#412 = VERTEX_POINT('',#413);
#413 = CARTESIAN_POINT('',(17.5,-19.5,-3.58));
#414 = LINE('',#415,#416);
#415 = CARTESIAN_POINT('',(17.5,-26.,-3.58));
#416 = VECTOR('',#417,1.);
#417 = DIRECTION('',(0.,1.,0.));
#418 = ORIENTED_EDGE('',*,*,#419,.F.);
#419 = EDGE_CURVE('',#412,#412,#420,.T.);
#420 = CIRCLE('',#421,2.42);
#421 = AXIS2_PLACEMENT_3D('',#422,#423,#424);
#422 = CARTESIAN_POINT('',(17.5,-19.5,-6.));
#423 = DIRECTION('',(0.,1.,0.));
#424 = DIRECTION('',(0.,-0.,1.));
#425 = ORIENTED_EDGE('',*,*,#411,.F.);
#426 = ORIENTED_EDGE('',*,*,#376,.T.);
#427 = ORIENTED_EDGE('',*,*,#93,.T.);
#428 = ORIENTED_EDGE('',*,*,#429,.T.);
#429 = EDGE_CURVE('',#86,#430,#432,.T.);
#430 = VERTEX_POINT('',#431);
#431 = CARTESIAN_POINT('',(19.703724120665,-21.5,-7.));
#432 = B_SPLINE_CURVE_WITH_KNOTS('',6,(#433,#434,#435,#436,#437,#438,
    #439,#440,#441,#442,#443,#444,#445,#446,#447,#448,#449,#450,#451,
    #452,#453,#454,#455,#456,#457,#458,#459,#460,#461,#462,#463,#464,
    #465,#466,#467,#468,#469),.UNSPECIFIED.,.F.,.F.,(7,5,5,5,5,5,5,7),(
    0.,0.276498113956,0.474164289576,0.543237703377,0.641534318216,
    0.723765311969,0.866592696373,1.),.UNSPECIFIED.);
#433 = CARTESIAN_POINT('',(19.703724120665,-23.5,-5.));
#434 = CARTESIAN_POINT('',(19.703724120665,-23.36724542169,-5.));
#435 = CARTESIAN_POINT('',(19.708522353571,-23.23465899685,
    -5.010574146601));
#436 = CARTESIAN_POINT('',(19.718096894235,-23.10294065986,
    -5.031673023488));
#437 = CARTESIAN_POINT('',(19.731984914505,-22.97281786405,
    -5.063291450893));
#438 = CARTESIAN_POINT('',(19.74929261913,-22.84510628211,
    -5.105443585967));
#439 = CARTESIAN_POINT('',(19.782770453138,-22.63186294066,
    -5.19565670022));
#440 = CARTESIAN_POINT('',(19.797869702266,-22.54461329052,
    -5.238637067853));
#441 = CARTESIAN_POINT('',(19.813697072549,-22.45921438775,
    -5.287042155423));
#442 = CARTESIAN_POINT('',(19.829766129471,-22.37593186644,
    -5.340949489125));
#443 = CARTESIAN_POINT('',(19.845510419287,-22.29509408319,
    -5.400456577469));
#444 = CARTESIAN_POINT('',(19.865434072895,-22.18983763253,-5.4884653853
    ));
#445 = CARTESIAN_POINT('',(19.870473678325,-22.16292756421,
    -5.511953072906));
#446 = CARTESIAN_POINT('',(19.875365507329,-22.13638123594,
    -5.536142961034));
#447 = CARTESIAN_POINT('',(19.880079853793,-22.11021776329,
    -5.561038904447));
#448 = CARTESIAN_POINT('',(19.884585367828,-22.08445819938,
    -5.586643823985));
#449 = CARTESIAN_POINT('',(19.894916601421,-22.0230752655,
    -5.650409168399));
#450 = CARTESIAN_POINT('',(19.900495931614,-21.98788049384,
    -5.689307603422));
#451 = CARTESIAN_POINT('',(19.905489488521,-21.95361948103,
    -5.729649821593));
#452 = CARTESIAN_POINT('',(19.909794513702,-21.92037232469,
    -5.771426421121));
#453 = CARTESIAN_POINT('',(19.913303048113,-21.88822095886,
    -5.814623788458));
#454 = CARTESIAN_POINT('',(19.918076053888,-21.83133938792,
    -5.89653492336));
#455 = CARTESIAN_POINT('',(19.919613847834,-21.80625315233,
    -5.934830517044));
#456 = CARTESIAN_POINT('',(19.92044699305,-21.78205785024,
    -5.974074150916));
#457 = CARTESIAN_POINT('',(19.920508287815,-21.75881602857,
    -6.014225838101));
#458 = CARTESIAN_POINT('',(19.919731649562,-21.73658537817,
    -6.055242333281));
#459 = CARTESIAN_POINT('',(19.915134923523,-21.67865429356,
    -6.169740184737));
#460 = CARTESIAN_POINT('',(19.909490538455,-21.64505166441,
    -6.244967669164));
#461 = CARTESIAN_POINT('',(19.900777289413,-21.61505320727,
    -6.322233865815));
#462 = CARTESIAN_POINT('',(19.888738459172,-21.58894819274,
    -6.400972974502));
#463 = CARTESIAN_POINT('',(19.873220398983,-21.56688483142,
    -6.480598616716));
#464 = CARTESIAN_POINT('',(19.836415983274,-21.53206712108,
    -6.635176678592));
#465 = CARTESIAN_POINT('',(19.815620321887,-21.51883526706,
    -6.709910707076));
#466 = CARTESIAN_POINT('',(19.791804963386,-21.5091712485,
    -6.784239749635));
#467 = CARTESIAN_POINT('',(19.765066090834,-21.50296109243,
    -6.857677497547));
#468 = CARTESIAN_POINT('',(19.735602631351,-21.5,-6.92974855707));
#469 = CARTESIAN_POINT('',(19.703724120665,-21.5,-7.));
#470 = ORIENTED_EDGE('',*,*,#471,.T.);
#471 = EDGE_CURVE('',#430,#472,#474,.T.);
#472 = VERTEX_POINT('',#473);
#473 = CARTESIAN_POINT('',(15.154361939685,-21.5,-6.5953));
#474 = CIRCLE('',#475,2.42);
#475 = AXIS2_PLACEMENT_3D('',#476,#477,#478);
#476 = CARTESIAN_POINT('',(17.5,-21.5,-6.));
#477 = DIRECTION('',(0.,1.,0.));
#478 = DIRECTION('',(0.,-0.,1.));
#479 = ORIENTED_EDGE('',*,*,#480,.F.);
#480 = EDGE_CURVE('',#481,#472,#483,.T.);
#481 = VERTEX_POINT('',#482);
#482 = CARTESIAN_POINT('',(15.529411785786,-23.5,-4.5953));
#483 = B_SPLINE_CURVE_WITH_KNOTS('',7,(#484,#485,#486,#487,#488,#489,
    #490,#491,#492,#493,#494,#495,#496,#497,#498,#499,#500,#501,#502,
    #503,#504,#505,#506,#507,#508,#509,#510,#511,#512,#513,#514,#515,
    #516,#517,#518,#519,#520,#521),.UNSPECIFIED.,.F.,.F.,(8,6,6,6,6,6,8)
  ,(0.,0.451983585608,0.575016060352,0.676607715989,0.733427275199,
    0.852314016468,1.),.UNSPECIFIED.);
#484 = CARTESIAN_POINT('',(15.529411785786,-23.5,-4.5953));
#485 = CARTESIAN_POINT('',(15.529411785786,-23.31329162458,-4.5953));
#486 = CARTESIAN_POINT('',(15.517331661541,-23.12681125979,
    -4.612244764723));
#487 = CARTESIAN_POINT('',(15.493228904737,-22.94196341866,
    -4.64606755611));
#488 = CARTESIAN_POINT('',(15.457985796835,-22.76044281473,
    -4.697421587891));
#489 = CARTESIAN_POINT('',(15.413576850482,-22.58426735382,
    -4.767513183162));
#490 = CARTESIAN_POINT('',(15.362739262122,-22.41577444823,
    -4.857983133105));
#491 = CARTESIAN_POINT('',(15.295011643114,-22.21477943392,
    -5.002208131279));
#492 = CARTESIAN_POINT('',(15.2803500859,-22.17257390144,-5.034748073491
    ));
#493 = CARTESIAN_POINT('',(15.265603111003,-22.13123392882,
    -5.069009578013));
#494 = CARTESIAN_POINT('',(15.250865480724,-22.09083359217,
    -5.105031033866));
#495 = CARTESIAN_POINT('',(15.23624198136,-22.05145410628,
    -5.142845973304));
#496 = CARTESIAN_POINT('',(15.221847582981,-22.0131823737,
    -5.182480338022));
#497 = CARTESIAN_POINT('',(15.196214357659,-21.94549736256,
    -5.258192296031));
#498 = CARTESIAN_POINT('',(15.184863058699,-21.91570336557,
    -5.293685207098));
#499 = CARTESIAN_POINT('',(15.173824259224,-21.88677954429,
    -5.330435932371));
#500 = CARTESIAN_POINT('',(15.163173925996,-21.85878099261,
    -5.368445519209));
#501 = CARTESIAN_POINT('',(15.152992350408,-21.83176440692,
    -5.407706571519));
#502 = CARTESIAN_POINT('',(15.143363063249,-21.8057865962,
    -5.448201212756));
#503 = CARTESIAN_POINT('',(15.129342965536,-21.76698575262,
    -5.513220380342));
#504 = CARTESIAN_POINT('',(15.124513674039,-21.75341075552,
    -5.536917980556));
#505 = CARTESIAN_POINT('',(15.119899002776,-21.74018788674,
    -5.560986502661));
#506 = CARTESIAN_POINT('',(15.115514039232,-21.72732666159,
    -5.585419265078));
#507 = CARTESIAN_POINT('',(15.111373830581,-21.71483622483,
    -5.610208251549));
#508 = CARTESIAN_POINT('',(15.107493383686,-21.70272535067,
    -5.635344111137));
#509 = CARTESIAN_POINT('',(15.096343218446,-21.66647394704,
    -5.714112746837));
#510 = CARTESIAN_POINT('',(15.09000056619,-21.64364133258,
    -5.768886073587));
#511 = CARTESIAN_POINT('',(15.084996505055,-21.62258441024,
    -5.825030217152));
#512 = CARTESIAN_POINT('',(15.081461261133,-21.60336676381,
    -5.882419113613));
#513 = CARTESIAN_POINT('',(15.079512949135,-21.58603391455,
    -5.940905836008));
#514 = CARTESIAN_POINT('',(15.079252031662,-21.5706114856,
    -6.000321873894));
#515 = CARTESIAN_POINT('',(15.082623794363,-21.54032302694,
    -6.135202847173));
#516 = CARTESIAN_POINT('',(15.087215174353,-21.5264930096,
    -6.211087412221));
#517 = CARTESIAN_POINT('',(15.094680287637,-21.51562321185,
    -6.287759469882));
#518 = CARTESIAN_POINT('',(15.105111898937,-21.5076598042,
    -6.364856507399));
#519 = CARTESIAN_POINT('',(15.118549579859,-21.50249886246,
    -6.442029173011));
#520 = CARTESIAN_POINT('',(15.134984120273,-21.5,-6.518946311543));
#521 = CARTESIAN_POINT('',(15.154361939685,-21.5,-6.5953));
#522 = ORIENTED_EDGE('',*,*,#523,.T.);
#523 = EDGE_CURVE('',#481,#333,#524,.T.);
#524 = LINE('',#525,#526);
#525 = CARTESIAN_POINT('',(15.529411785786,-25.1,-4.5953));
#526 = VECTOR('',#527,1.);
#527 = DIRECTION('',(-0.,-1.,-0.));
#528 = ORIENTED_EDGE('',*,*,#385,.T.);
#529 = CYLINDRICAL_SURFACE('',#530,2.42);
#530 = AXIS2_PLACEMENT_3D('',#531,#532,#533);
#531 = CARTESIAN_POINT('',(17.5,-26.,-6.));
#532 = DIRECTION('',(0.,1.,0.));
#533 = DIRECTION('',(0.,-0.,1.));
#534 = ADVANCED_FACE('',(#535),#546,.F.);
#535 = FACE_BOUND('',#536,.F.);
#536 = EDGE_LOOP('',(#537,#538,#539,#545));
#537 = ORIENTED_EDGE('',*,*,#85,.F.);
#538 = ORIENTED_EDGE('',*,*,#141,.T.);
#539 = ORIENTED_EDGE('',*,*,#540,.T.);
#540 = EDGE_CURVE('',#142,#430,#541,.T.);
#541 = LINE('',#542,#543);
#542 = CARTESIAN_POINT('',(30.,-21.5,-7.));
#543 = VECTOR('',#544,1.);
#544 = DIRECTION('',(-1.,0.,0.));
#545 = ORIENTED_EDGE('',*,*,#429,.F.);
#546 = CYLINDRICAL_SURFACE('',#547,2.);
#547 = AXIS2_PLACEMENT_3D('',#548,#549,#550);
#548 = CARTESIAN_POINT('',(30.,-23.5,-7.));
#549 = DIRECTION('',(-1.,0.,0.));
#550 = DIRECTION('',(0.,0.,1.));
#551 = ADVANCED_FACE('',(#552),#565,.F.);
#552 = FACE_BOUND('',#553,.F.);
#553 = EDGE_LOOP('',(#554,#555,#556));
#554 = ORIENTED_EDGE('',*,*,#132,.F.);
#555 = ORIENTED_EDGE('',*,*,#166,.T.);
#556 = ORIENTED_EDGE('',*,*,#557,.T.);
#557 = EDGE_CURVE('',#167,#133,#558,.T.);
#558 = ( BOUNDED_CURVE() B_SPLINE_CURVE(5,(#559,#560,#561,#562,#563,#564
),.UNSPECIFIED.,.F.,.F.) B_SPLINE_CURVE_WITH_KNOTS((6,6),(
-1.159897717546E-06,5.148008870346),.PIECEWISE_BEZIER_KNOTS.) CURVE() 
GEOMETRIC_REPRESENTATION_ITEM() RATIONAL_B_SPLINE_CURVE((1.,1.,1.,1.,1.,
1.)) REPRESENTATION_ITEM('') );
#559 = CARTESIAN_POINT('',(38.,-13.5,-7.));
#560 = CARTESIAN_POINT('',(38.,-14.52960000015,-7.));
#561 = CARTESIAN_POINT('',(37.834380399254,-15.55920647518,-7.));
#562 = CARTESIAN_POINT('',(37.503028864725,-16.55326138747,-7.));
#563 = CARTESIAN_POINT('',(37.017761190069,-17.47631841324,-7.));
#564 = CARTESIAN_POINT('',(36.4,-18.3,-7.));
#565 = ( BOUNDED_SURFACE() B_SPLINE_SURFACE(2,5,(
    (#566,#567,#568,#569,#570,#571)
    ,(#572,#573,#574,#575,#576,#577)
    ,(#578,#579,#580,#581,#582,#583
)),.UNSPECIFIED.,.F.,.F.,.F.) B_SPLINE_SURFACE_WITH_KNOTS((3,3),(6,6),(
    0.,5.148010030244),(-1.159897717546E-06,5.148008870346),
.PIECEWISE_BEZIER_KNOTS.) GEOMETRIC_REPRESENTATION_ITEM() 
RATIONAL_B_SPLINE_SURFACE((
    (1.,1.,1.,1.,1.,1.)
    ,(0.707106781187,0.707106781187,0.707106781187,0.707106781187
      ,0.707106781187,0.707106781187)
,(1.,1.,1.,1.,1.,1.))) REPRESENTATION_ITEM('') SURFACE() );
#566 = CARTESIAN_POINT('',(40.,-13.49999971002,-5.));
#567 = CARTESIAN_POINT('',(40.00000003732,-14.787000728,-5.));
#568 = CARTESIAN_POINT('',(39.792975400011,-16.07400770517,-5.));
#569 = CARTESIAN_POINT('',(39.378786238422,-17.31657651035,-5.));
#570 = CARTESIAN_POINT('',(38.772201487592,-18.47039801654,-5.));
#571 = CARTESIAN_POINT('',(38.,-19.5,-5.));
#572 = CARTESIAN_POINT('',(38.,-13.5,-5.));
#573 = CARTESIAN_POINT('',(38.,-14.52960000015,-5.));
#574 = CARTESIAN_POINT('',(37.834380399255,-15.55920647518,-5.));
#575 = CARTESIAN_POINT('',(37.503028864724,-16.55326138747,-5.));
#576 = CARTESIAN_POINT('',(37.01776119007,-17.47631841324,-5.));
#577 = CARTESIAN_POINT('',(36.4,-18.3,-5.));
#578 = CARTESIAN_POINT('',(38.,-13.5,-7.));
#579 = CARTESIAN_POINT('',(38.,-14.52960000015,-7.));
#580 = CARTESIAN_POINT('',(37.834380399254,-15.55920647518,-7.));
#581 = CARTESIAN_POINT('',(37.503028864725,-16.55326138747,-7.));
#582 = CARTESIAN_POINT('',(37.017761190069,-17.47631841324,-7.));
#583 = CARTESIAN_POINT('',(36.4,-18.3,-7.));
#584 = ADVANCED_FACE('',(#585),#605,.T.);
#585 = FACE_BOUND('',#586,.F.);
#586 = EDGE_LOOP('',(#587,#595,#596,#597,#598));
#587 = ORIENTED_EDGE('',*,*,#588,.F.);
#588 = EDGE_CURVE('',#142,#589,#591,.T.);
#589 = VERTEX_POINT('',#590);
#590 = CARTESIAN_POINT('',(30.,-21.5,-9.5));
#591 = LINE('',#592,#593);
#592 = CARTESIAN_POINT('',(30.,-21.5,9.5));
#593 = VECTOR('',#594,1.);
#594 = DIRECTION('',(0.,0.,-1.));
#595 = ORIENTED_EDGE('',*,*,#150,.F.);
#596 = ORIENTED_EDGE('',*,*,#557,.F.);
#597 = ORIENTED_EDGE('',*,*,#193,.F.);
#598 = ORIENTED_EDGE('',*,*,#599,.F.);
#599 = EDGE_CURVE('',#589,#194,#600,.T.);
#600 = CIRCLE('',#601,8.);
#601 = AXIS2_PLACEMENT_3D('',#602,#603,#604);
#602 = CARTESIAN_POINT('',(30.,-13.5,-9.5));
#603 = DIRECTION('',(0.,0.,1.));
#604 = DIRECTION('',(-4.440892098501E-16,-1.,0.));
#605 = CYLINDRICAL_SURFACE('',#606,8.);
#606 = AXIS2_PLACEMENT_3D('',#607,#608,#609);
#607 = CARTESIAN_POINT('',(30.,-13.5,-9.5));
#608 = DIRECTION('',(-0.,-0.,-1.));
#609 = DIRECTION('',(-4.440892098501E-16,-1.,0.));
#610 = ADVANCED_FACE('',(#611),#639,.T.);
#611 = FACE_BOUND('',#612,.T.);
#612 = EDGE_LOOP('',(#613,#623,#629,#630,#631,#632));
#613 = ORIENTED_EDGE('',*,*,#614,.F.);
#614 = EDGE_CURVE('',#615,#617,#619,.T.);
#615 = VERTEX_POINT('',#616);
#616 = CARTESIAN_POINT('',(19.703724120665,-23.5,5.));
#617 = VERTEX_POINT('',#618);
#618 = CARTESIAN_POINT('',(30.,-23.5,5.));
#619 = LINE('',#620,#621);
#620 = CARTESIAN_POINT('',(17.5,-23.5,5.));
#621 = VECTOR('',#622,1.);
#622 = DIRECTION('',(1.,-0.,-0.));
#623 = ORIENTED_EDGE('',*,*,#624,.F.);
#624 = EDGE_CURVE('',#360,#615,#625,.T.);
#625 = LINE('',#626,#627);
#626 = CARTESIAN_POINT('',(19.703724120665,-26.,5.));
#627 = VECTOR('',#628,1.);
#628 = DIRECTION('',(0.,1.,0.));
#629 = ORIENTED_EDGE('',*,*,#368,.T.);
#630 = ORIENTED_EDGE('',*,*,#313,.T.);
#631 = ORIENTED_EDGE('',*,*,#283,.T.);
#632 = ORIENTED_EDGE('',*,*,#633,.F.);
#633 = EDGE_CURVE('',#617,#235,#634,.T.);
#634 = CIRCLE('',#635,10.);
#635 = AXIS2_PLACEMENT_3D('',#636,#637,#638);
#636 = CARTESIAN_POINT('',(30.,-13.5,5.));
#637 = DIRECTION('',(0.,0.,1.));
#638 = DIRECTION('',(0.,-1.,0.));
#639 = PLANE('',#640);
#640 = AXIS2_PLACEMENT_3D('',#641,#642,#643);
#641 = CARTESIAN_POINT('',(26.470289789132,-20.68833610688,5.));
#642 = DIRECTION('',(0.,0.,1.));
#643 = DIRECTION('',(1.,0.,-0.));
#644 = ADVANCED_FACE('',(#645),#665,.F.);
#645 = FACE_BOUND('',#646,.F.);
#646 = EDGE_LOOP('',(#647,#655,#664));
#647 = ORIENTED_EDGE('',*,*,#648,.T.);
#648 = EDGE_CURVE('',#235,#649,#651,.T.);
#649 = VERTEX_POINT('',#650);
#650 = CARTESIAN_POINT('',(36.4,-18.3,7.));
#651 = ( BOUNDED_CURVE() B_SPLINE_CURVE(2,(#652,#653,#654),
.UNSPECIFIED.,.F.,.F.) B_SPLINE_CURVE_WITH_KNOTS((3,3),(0.,
5.148010030241),.PIECEWISE_BEZIER_KNOTS.) CURVE() 
GEOMETRIC_REPRESENTATION_ITEM() RATIONAL_B_SPLINE_CURVE((1.,
0.707106781187,1.)) REPRESENTATION_ITEM('') );
#652 = CARTESIAN_POINT('',(38.,-19.5,5.));
#653 = CARTESIAN_POINT('',(36.4,-18.3,5.));
#654 = CARTESIAN_POINT('',(36.4,-18.3,7.));
#655 = ORIENTED_EDGE('',*,*,#656,.T.);
#656 = EDGE_CURVE('',#649,#227,#657,.T.);
#657 = ( BOUNDED_CURVE() B_SPLINE_CURVE(5,(#658,#659,#660,#661,#662,#663
),.UNSPECIFIED.,.F.,.F.) B_SPLINE_CURVE_WITH_KNOTS((6,6),(
60.692695626321,65.840705656562),.PIECEWISE_BEZIER_KNOTS.) CURVE() 
GEOMETRIC_REPRESENTATION_ITEM() RATIONAL_B_SPLINE_CURVE((1.,1.,1.,1.,1.,
1.)) REPRESENTATION_ITEM('') );
#658 = CARTESIAN_POINT('',(36.4,-18.3,7.));
#659 = CARTESIAN_POINT('',(37.017761190068,-17.47631841324,7.));
#660 = CARTESIAN_POINT('',(37.503029272615,-16.55326086208,7.));
#661 = CARTESIAN_POINT('',(37.834379588028,-15.5592065085,7.));
#662 = CARTESIAN_POINT('',(38.,-14.52960324713,7.));
#663 = CARTESIAN_POINT('',(38.,-13.5,7.));
#664 = ORIENTED_EDGE('',*,*,#234,.F.);
#665 = ( BOUNDED_SURFACE() B_SPLINE_SURFACE(2,5,(
    (#666,#667,#668,#669,#670,#671)
    ,(#672,#673,#674,#675,#676,#677)
    ,(#678,#679,#680,#681,#682,#683
)),.UNSPECIFIED.,.F.,.F.,.F.) B_SPLINE_SURFACE_WITH_KNOTS((3,3),(6,6),(
    0.,5.148010030241),(60.692695626321,65.840705656562),
.PIECEWISE_BEZIER_KNOTS.) GEOMETRIC_REPRESENTATION_ITEM() 
RATIONAL_B_SPLINE_SURFACE((
    (1.,1.,1.,1.,1.,1.)
    ,(0.707106781187,0.707106781187,0.707106781187,0.707106781187
      ,0.707106781187,0.707106781187)
,(1.,1.,1.,1.,1.,1.))) REPRESENTATION_ITEM('') SURFACE() );
#666 = CARTESIAN_POINT('',(38.,-19.5,5.));
#667 = CARTESIAN_POINT('',(38.772201487586,-18.47039801655,5.));
#668 = CARTESIAN_POINT('',(39.37878662527,-17.3165751876,5.));
#669 = CARTESIAN_POINT('',(39.792974344798,-16.07401006007,5.));
#670 = CARTESIAN_POINT('',(40.00000003732,-14.78700316323,5.));
#671 = CARTESIAN_POINT('',(40.,-13.49999971002,5.));
#672 = CARTESIAN_POINT('',(36.4,-18.3,5.));
#673 = CARTESIAN_POINT('',(37.017761190069,-17.47631841324,5.));
#674 = CARTESIAN_POINT('',(37.503029272614,-16.55326086208,5.));
#675 = CARTESIAN_POINT('',(37.834379588028,-15.5592065085,5.));
#676 = CARTESIAN_POINT('',(38.,-14.52960324713,5.));
#677 = CARTESIAN_POINT('',(38.,-13.5,5.));
#678 = CARTESIAN_POINT('',(36.4,-18.3,7.));
#679 = CARTESIAN_POINT('',(37.017761190068,-17.47631841324,7.));
#680 = CARTESIAN_POINT('',(37.503029272615,-16.55326086208,7.));
#681 = CARTESIAN_POINT('',(37.834379588028,-15.5592065085,7.));
#682 = CARTESIAN_POINT('',(38.,-14.52960324713,7.));
#683 = CARTESIAN_POINT('',(38.,-13.5,7.));
#684 = ADVANCED_FACE('',(#685),#713,.T.);
#685 = FACE_BOUND('',#686,.F.);
#686 = EDGE_LOOP('',(#687,#688,#689,#698,#706));
#687 = ORIENTED_EDGE('',*,*,#226,.F.);
#688 = ORIENTED_EDGE('',*,*,#656,.F.);
#689 = ORIENTED_EDGE('',*,*,#690,.F.);
#690 = EDGE_CURVE('',#691,#649,#693,.T.);
#691 = VERTEX_POINT('',#692);
#692 = CARTESIAN_POINT('',(30.,-21.5,7.));
#693 = CIRCLE('',#694,8.);
#694 = AXIS2_PLACEMENT_3D('',#695,#696,#697);
#695 = CARTESIAN_POINT('',(30.,-13.5,7.));
#696 = DIRECTION('',(0.,0.,1.));
#697 = DIRECTION('',(0.,-1.,0.));
#698 = ORIENTED_EDGE('',*,*,#699,.F.);
#699 = EDGE_CURVE('',#700,#691,#702,.T.);
#700 = VERTEX_POINT('',#701);
#701 = CARTESIAN_POINT('',(30.,-21.5,9.5));
#702 = LINE('',#703,#704);
#703 = CARTESIAN_POINT('',(30.,-21.5,9.5));
#704 = VECTOR('',#705,1.);
#705 = DIRECTION('',(0.,0.,-1.));
#706 = ORIENTED_EDGE('',*,*,#707,.T.);
#707 = EDGE_CURVE('',#700,#219,#708,.T.);
#708 = CIRCLE('',#709,8.);
#709 = AXIS2_PLACEMENT_3D('',#710,#711,#712);
#710 = CARTESIAN_POINT('',(30.,-13.5,9.5));
#711 = DIRECTION('',(0.,0.,1.));
#712 = DIRECTION('',(-4.440892098501E-16,-1.,0.));
#713 = CYLINDRICAL_SURFACE('',#714,8.);
#714 = AXIS2_PLACEMENT_3D('',#715,#716,#717);
#715 = CARTESIAN_POINT('',(30.,-13.5,-9.5));
#716 = DIRECTION('',(-0.,-0.,-1.));
#717 = DIRECTION('',(-4.440892098501E-16,-1.,0.));
#718 = ADVANCED_FACE('',(#719),#778,.T.);
#719 = FACE_BOUND('',#720,.T.);
#720 = EDGE_LOOP('',(#721,#731,#737,#738,#739,#747,#755,#763,#772));
#721 = ORIENTED_EDGE('',*,*,#722,.F.);
#722 = EDGE_CURVE('',#723,#725,#727,.T.);
#723 = VERTEX_POINT('',#724);
#724 = CARTESIAN_POINT('',(17.5,-21.5,9.5));
#725 = VERTEX_POINT('',#726);
#726 = CARTESIAN_POINT('',(17.5,-19.,9.5));
#727 = LINE('',#728,#729);
#728 = CARTESIAN_POINT('',(17.5,-21.5,9.5));
#729 = VECTOR('',#730,1.);
#730 = DIRECTION('',(0.,1.,0.));
#731 = ORIENTED_EDGE('',*,*,#732,.T.);
#732 = EDGE_CURVE('',#723,#700,#733,.T.);
#733 = LINE('',#734,#735);
#734 = CARTESIAN_POINT('',(17.5,-21.5,9.5));
#735 = VECTOR('',#736,1.);
#736 = DIRECTION('',(1.,0.,0.));
#737 = ORIENTED_EDGE('',*,*,#707,.T.);
#738 = ORIENTED_EDGE('',*,*,#218,.F.);
#739 = ORIENTED_EDGE('',*,*,#740,.F.);
#740 = EDGE_CURVE('',#741,#210,#743,.T.);
#741 = VERTEX_POINT('',#742);
#742 = CARTESIAN_POINT('',(34.,1.184840652812E-15,9.5));
#743 = LINE('',#744,#745);
#744 = CARTESIAN_POINT('',(34.,1.184840652812E-15,9.5));
#745 = VECTOR('',#746,1.);
#746 = DIRECTION('',(1.,0.,0.));
#747 = ORIENTED_EDGE('',*,*,#748,.T.);
#748 = EDGE_CURVE('',#741,#749,#751,.T.);
#749 = VERTEX_POINT('',#750);
#750 = CARTESIAN_POINT('',(34.,-13.5,9.5));
#751 = LINE('',#752,#753);
#752 = CARTESIAN_POINT('',(34.,5.81707229595E-16,9.5));
#753 = VECTOR('',#754,1.);
#754 = DIRECTION('',(0.,-1.,0.));
#755 = ORIENTED_EDGE('',*,*,#756,.T.);
#756 = EDGE_CURVE('',#749,#757,#759,.T.);
#757 = VERTEX_POINT('',#758);
#758 = CARTESIAN_POINT('',(33.979130371551,-13.5,9.5));
#759 = LINE('',#760,#761);
#760 = CARTESIAN_POINT('',(38.,-13.5,9.5));
#761 = VECTOR('',#762,1.);
#762 = DIRECTION('',(-1.,0.,0.));
#763 = ORIENTED_EDGE('',*,*,#764,.T.);
#764 = EDGE_CURVE('',#757,#765,#767,.T.);
#765 = VERTEX_POINT('',#766);
#766 = CARTESIAN_POINT('',(28.,-19.,9.5));
#767 = CIRCLE('',#768,6.);
#768 = AXIS2_PLACEMENT_3D('',#769,#770,#771);
#769 = CARTESIAN_POINT('',(28.,-13.,9.5));
#770 = DIRECTION('',(0.,0.,-1.));
#771 = DIRECTION('',(0.996521728592,-8.333333333333E-02,0.));
#772 = ORIENTED_EDGE('',*,*,#773,.F.);
#773 = EDGE_CURVE('',#725,#765,#774,.T.);
#774 = LINE('',#775,#776);
#775 = CARTESIAN_POINT('',(17.5,-19.,9.5));
#776 = VECTOR('',#777,1.);
#777 = DIRECTION('',(1.,0.,0.));
#778 = PLANE('',#779);
#779 = AXIS2_PLACEMENT_3D('',#780,#781,#782);
#780 = CARTESIAN_POINT('',(30.986504146434,-13.89286351727,9.5));
#781 = DIRECTION('',(0.,0.,1.));
#782 = DIRECTION('',(1.,0.,-0.));
#783 = ADVANCED_FACE('',(#784),#843,.T.);
#784 = FACE_BOUND('',#785,.T.);
#785 = EDGE_LOOP('',(#786,#796,#804,#813,#821,#829,#835,#836,#837));
#786 = ORIENTED_EDGE('',*,*,#787,.T.);
#787 = EDGE_CURVE('',#788,#790,#792,.T.);
#788 = VERTEX_POINT('',#789);
#789 = CARTESIAN_POINT('',(17.5,-21.5,-9.5));
#790 = VERTEX_POINT('',#791);
#791 = CARTESIAN_POINT('',(17.5,-19.,-9.5));
#792 = LINE('',#793,#794);
#793 = CARTESIAN_POINT('',(17.5,-21.5,-9.5));
#794 = VECTOR('',#795,1.);
#795 = DIRECTION('',(0.,1.,0.));
#796 = ORIENTED_EDGE('',*,*,#797,.F.);
#797 = EDGE_CURVE('',#798,#790,#800,.T.);
#798 = VERTEX_POINT('',#799);
#799 = CARTESIAN_POINT('',(28.,-19.,-9.5));
#800 = LINE('',#801,#802);
#801 = CARTESIAN_POINT('',(30.,-19.,-9.5));
#802 = VECTOR('',#803,1.);
#803 = DIRECTION('',(-1.,0.,0.));
#804 = ORIENTED_EDGE('',*,*,#805,.F.);
#805 = EDGE_CURVE('',#806,#798,#808,.T.);
#806 = VERTEX_POINT('',#807);
#807 = CARTESIAN_POINT('',(33.979130371551,-13.5,-9.5));
#808 = CIRCLE('',#809,6.);
#809 = AXIS2_PLACEMENT_3D('',#810,#811,#812);
#810 = CARTESIAN_POINT('',(28.,-13.,-9.5));
#811 = DIRECTION('',(0.,0.,-1.));
#812 = DIRECTION('',(0.996521728592,-8.333333333333E-02,0.));
#813 = ORIENTED_EDGE('',*,*,#814,.F.);
#814 = EDGE_CURVE('',#815,#806,#817,.T.);
#815 = VERTEX_POINT('',#816);
#816 = CARTESIAN_POINT('',(34.,-13.5,-9.5));
#817 = LINE('',#818,#819);
#818 = CARTESIAN_POINT('',(38.,-13.5,-9.5));
#819 = VECTOR('',#820,1.);
#820 = DIRECTION('',(-1.,0.,0.));
#821 = ORIENTED_EDGE('',*,*,#822,.T.);
#822 = EDGE_CURVE('',#815,#823,#825,.T.);
#823 = VERTEX_POINT('',#824);
#824 = CARTESIAN_POINT('',(34.,0.,-9.5));
#825 = LINE('',#826,#827);
#826 = CARTESIAN_POINT('',(34.,-13.5,-9.5));
#827 = VECTOR('',#828,1.);
#828 = DIRECTION('',(0.,1.,0.));
#829 = ORIENTED_EDGE('',*,*,#830,.T.);
#830 = EDGE_CURVE('',#823,#202,#831,.T.);
#831 = LINE('',#832,#833);
#832 = CARTESIAN_POINT('',(34.,0.,-9.5));
#833 = VECTOR('',#834,1.);
#834 = DIRECTION('',(1.,0.,0.));
#835 = ORIENTED_EDGE('',*,*,#201,.F.);
#836 = ORIENTED_EDGE('',*,*,#599,.F.);
#837 = ORIENTED_EDGE('',*,*,#838,.T.);
#838 = EDGE_CURVE('',#589,#788,#839,.T.);
#839 = LINE('',#840,#841);
#840 = CARTESIAN_POINT('',(30.,-21.5,-9.5));
#841 = VECTOR('',#842,1.);
#842 = DIRECTION('',(-1.,0.,0.));
#843 = PLANE('',#844);
#844 = AXIS2_PLACEMENT_3D('',#845,#846,#847);
#845 = CARTESIAN_POINT('',(30.986504146433,-13.89286351727,-9.5));
#846 = DIRECTION('',(-0.,-0.,-1.));
#847 = DIRECTION('',(-1.,0.,0.));
#848 = ADVANCED_FACE('',(#849),#868,.T.);
#849 = FACE_BOUND('',#850,.F.);
#850 = EDGE_LOOP('',(#851,#852,#861,#867));
#851 = ORIENTED_EDGE('',*,*,#523,.F.);
#852 = ORIENTED_EDGE('',*,*,#853,.T.);
#853 = EDGE_CURVE('',#481,#854,#856,.T.);
#854 = VERTEX_POINT('',#855);
#855 = CARTESIAN_POINT('',(12.9047,-23.5,-1.970588214214));
#856 = CIRCLE('',#857,5.);
#857 = AXIS2_PLACEMENT_3D('',#858,#859,#860);
#858 = CARTESIAN_POINT('',(17.5,-23.5,-9.081840664621E-17));
#859 = DIRECTION('',(0.,1.,0.));
#860 = DIRECTION('',(0.,0.,-1.));
#861 = ORIENTED_EDGE('',*,*,#862,.T.);
#862 = EDGE_CURVE('',#854,#331,#863,.T.);
#863 = LINE('',#864,#865);
#864 = CARTESIAN_POINT('',(12.9047,-25.1,-1.970588214214));
#865 = VECTOR('',#866,1.);
#866 = DIRECTION('',(-0.,-1.,-0.));
#867 = ORIENTED_EDGE('',*,*,#330,.T.);
#868 = CYLINDRICAL_SURFACE('',#869,5.);
#869 = AXIS2_PLACEMENT_3D('',#870,#871,#872);
#870 = CARTESIAN_POINT('',(17.5,-25.1,-9.081840664621E-17));
#871 = DIRECTION('',(-0.,-1.,-0.));
#872 = DIRECTION('',(0.,-0.,-1.));
#873 = ADVANCED_FACE('',(#874),#998,.F.);
#874 = FACE_BOUND('',#875,.F.);
#875 = EDGE_LOOP('',(#876,#886,#893,#894,#903,#938,#939,#940,#948,#991)
  );
#876 = ORIENTED_EDGE('',*,*,#877,.T.);
#877 = EDGE_CURVE('',#878,#880,#882,.T.);
#878 = VERTEX_POINT('',#879);
#879 = CARTESIAN_POINT('',(17.5,-21.5,8.42));
#880 = VERTEX_POINT('',#881);
#881 = CARTESIAN_POINT('',(17.5,-19.5,8.42));
#882 = LINE('',#883,#884);
#883 = CARTESIAN_POINT('',(17.5,-26.,8.42));
#884 = VECTOR('',#885,1.);
#885 = DIRECTION('',(0.,1.,0.));
#886 = ORIENTED_EDGE('',*,*,#887,.F.);
#887 = EDGE_CURVE('',#880,#880,#888,.T.);
#888 = CIRCLE('',#889,2.42);
#889 = AXIS2_PLACEMENT_3D('',#890,#891,#892);
#890 = CARTESIAN_POINT('',(17.5,-19.5,6.));
#891 = DIRECTION('',(0.,1.,0.));
#892 = DIRECTION('',(0.,-0.,1.));
#893 = ORIENTED_EDGE('',*,*,#877,.F.);
#894 = ORIENTED_EDGE('',*,*,#895,.T.);
#895 = EDGE_CURVE('',#878,#896,#898,.T.);
#896 = VERTEX_POINT('',#897);
#897 = CARTESIAN_POINT('',(19.703724120665,-21.5,7.));
#898 = CIRCLE('',#899,2.42);
#899 = AXIS2_PLACEMENT_3D('',#900,#901,#902);
#900 = CARTESIAN_POINT('',(17.5,-21.5,6.));
#901 = DIRECTION('',(0.,1.,0.));
#902 = DIRECTION('',(0.,-0.,1.));
#903 = ORIENTED_EDGE('',*,*,#904,.T.);
#904 = EDGE_CURVE('',#896,#615,#905,.T.);
#905 = B_SPLINE_CURVE_WITH_KNOTS('',6,(#906,#907,#908,#909,#910,#911,
    #912,#913,#914,#915,#916,#917,#918,#919,#920,#921,#922,#923,#924,
    #925,#926,#927,#928,#929,#930,#931,#932,#933,#934,#935,#936,#937),
  .UNSPECIFIED.,.F.,.F.,(7,5,5,5,5,5,7),(0.,0.134407373608,
    0.227971453365,0.358897241915,0.455441747195,0.723165720741,1.),
  .UNSPECIFIED.);
#906 = CARTESIAN_POINT('',(19.703724120665,-21.5,7.));
#907 = CARTESIAN_POINT('',(19.735839212502,-21.5,6.92922719748));
#908 = CARTESIAN_POINT('',(19.765503955737,-21.503005204,6.856606172843)
  );
#909 = CARTESIAN_POINT('',(19.792401191531,-21.50931028887,
    6.782600919305));
#910 = CARTESIAN_POINT('',(19.816327995088,-21.51912400738,
    6.707698612997));
#911 = CARTESIAN_POINT('',(19.83718747301,-21.53256121813,6.632397579608
    ));
#912 = CARTESIAN_POINT('',(19.867366740289,-21.56152031078,
    6.504845188644));
#913 = CARTESIAN_POINT('',(19.878254089035,-21.5751555545,6.452597451516
    ));
#914 = CARTESIAN_POINT('',(19.887645244634,-21.59053500477,
    6.400633741989));
#915 = CARTESIAN_POINT('',(19.895568169164,-21.60762564964,
    6.349135482929));
#916 = CARTESIAN_POINT('',(19.902073830935,-21.62636545926,
    6.298281195106));
#917 = CARTESIAN_POINT('',(19.914454438624,-21.67506266211,6.17822578745
    ));
#918 = CARTESIAN_POINT('',(19.919033198258,-21.70648361335,
    6.109875736343));
#919 = CARTESIAN_POINT('',(19.921197812706,-21.74074741324,
    6.043444156612));
#920 = CARTESIAN_POINT('',(19.921201426728,-21.77763484562,
    5.979165662156));
#921 = CARTESIAN_POINT('',(19.919315748354,-21.81688122332,
    5.917253655301));
#922 = CARTESIAN_POINT('',(19.913249388843,-21.88862142317,
    5.814123912538));
#923 = CARTESIAN_POINT('',(19.909799314945,-21.92020624983,
    5.771706475649));
#924 = CARTESIAN_POINT('',(19.905581037022,-21.95284802148,
    5.730659588984));
#925 = CARTESIAN_POINT('',(19.900696868369,-21.98646902257,
    5.690996259548));
#926 = CARTESIAN_POINT('',(19.895244291689,-22.02099323517,
    5.652725548365));
#927 = CARTESIAN_POINT('',(19.87287632068,-22.15438271456,5.513601488184
    ));
#928 = CARTESIAN_POINT('',(19.852774597121,-22.25881438917,
    5.422076852686));
#929 = CARTESIAN_POINT('',(19.830925184343,-22.36839904366,
    5.341047589014));
#930 = CARTESIAN_POINT('',(19.808861046261,-22.48220643338,
    5.270231722708));
#931 = CARTESIAN_POINT('',(19.787857626668,-22.59955365508,
    5.209389484351));
#932 = CARTESIAN_POINT('',(19.749388723151,-22.84439715711,
    5.105677583537));
#933 = CARTESIAN_POINT('',(19.732046651927,-22.97223978075,
    5.063432098135));
#934 = CARTESIAN_POINT('',(19.718129032899,-23.1025004591,5.031743835994
    ));
#935 = CARTESIAN_POINT('',(19.708533204795,-23.23436185999,
    5.010598065397));
#936 = CARTESIAN_POINT('',(19.703724120665,-23.36709533972,5.));
#937 = CARTESIAN_POINT('',(19.703724120665,-23.5,5.));
#938 = ORIENTED_EDGE('',*,*,#624,.F.);
#939 = ORIENTED_EDGE('',*,*,#359,.T.);
#940 = ORIENTED_EDGE('',*,*,#941,.F.);
#941 = EDGE_CURVE('',#942,#351,#944,.T.);
#942 = VERTEX_POINT('',#943);
#943 = CARTESIAN_POINT('',(15.529411785786,-23.5,4.5953));
#944 = LINE('',#945,#946);
#945 = CARTESIAN_POINT('',(15.529411785786,-25.1,4.5953));
#946 = VECTOR('',#947,1.);
#947 = DIRECTION('',(-0.,-1.,-0.));
#948 = ORIENTED_EDGE('',*,*,#949,.T.);
#949 = EDGE_CURVE('',#942,#950,#952,.T.);
#950 = VERTEX_POINT('',#951);
#951 = CARTESIAN_POINT('',(15.154361939685,-21.5,6.5953));
#952 = B_SPLINE_CURVE_WITH_KNOTS('',7,(#953,#954,#955,#956,#957,#958,
    #959,#960,#961,#962,#963,#964,#965,#966,#967,#968,#969,#970,#971,
    #972,#973,#974,#975,#976,#977,#978,#979,#980,#981,#982,#983,#984,
    #985,#986,#987,#988,#989,#990),.UNSPECIFIED.,.F.,.F.,(8,6,6,6,6,6,8)
  ,(0.,0.451983585612,0.575016060357,0.676607715994,0.733427275204,
    0.852314016473,1.),.UNSPECIFIED.);
#953 = CARTESIAN_POINT('',(15.529411785786,-23.5,4.5953));
#954 = CARTESIAN_POINT('',(15.529411785786,-23.31329162458,4.5953));
#955 = CARTESIAN_POINT('',(15.51733166154,-23.12681125979,4.612244764723
    ));
#956 = CARTESIAN_POINT('',(15.493228904737,-22.94196341866,
    4.646067556112));
#957 = CARTESIAN_POINT('',(15.457985796834,-22.76044281472,
    4.697421587892));
#958 = CARTESIAN_POINT('',(15.41357685048,-22.58426735381,4.767513183166
    ));
#959 = CARTESIAN_POINT('',(15.36273926212,-22.41577444823,4.85798313311)
  );
#960 = CARTESIAN_POINT('',(15.295011643111,-22.21477943391,
    5.002208131286));
#961 = CARTESIAN_POINT('',(15.280350085896,-22.17257390143,
    5.034748073498));
#962 = CARTESIAN_POINT('',(15.265603111,-22.13123392881,5.069009578021)
  );
#963 = CARTESIAN_POINT('',(15.25086548072,-22.09083359216,5.105031033875
    ));
#964 = CARTESIAN_POINT('',(15.236241981356,-22.05145410627,
    5.142845973314));
#965 = CARTESIAN_POINT('',(15.221847582977,-22.01318237369,
    5.182480338033));
#966 = CARTESIAN_POINT('',(15.196214357655,-21.94549736255,
    5.258192296043));
#967 = CARTESIAN_POINT('',(15.184863058696,-21.91570336556,5.29368520711
    ));
#968 = CARTESIAN_POINT('',(15.17382425922,-21.88677954428,5.330435932383
    ));
#969 = CARTESIAN_POINT('',(15.163173925993,-21.8587809926,5.368445519221
    ));
#970 = CARTESIAN_POINT('',(15.152992350405,-21.83176440691,
    5.407706571532));
#971 = CARTESIAN_POINT('',(15.143363063246,-21.80578659619,
    5.448201212769));
#972 = CARTESIAN_POINT('',(15.129342965533,-21.76698575261,
    5.513220380355));
#973 = CARTESIAN_POINT('',(15.124513674036,-21.75341075551,5.53691798057
    ));
#974 = CARTESIAN_POINT('',(15.119899002773,-21.74018788673,
    5.560986502675));
#975 = CARTESIAN_POINT('',(15.115514039229,-21.72732666158,
    5.585419265092));
#976 = CARTESIAN_POINT('',(15.111373830579,-21.71483622482,
    5.610208251563));
#977 = CARTESIAN_POINT('',(15.107493383684,-21.70272535066,
    5.635344111152));
#978 = CARTESIAN_POINT('',(15.096343218444,-21.66647394703,
    5.714112746852));
#979 = CARTESIAN_POINT('',(15.090000566189,-21.64364133258,
    5.768886073602));
#980 = CARTESIAN_POINT('',(15.084996505054,-21.62258441023,
    5.825030217168));
#981 = CARTESIAN_POINT('',(15.081461261132,-21.6033667638,5.882419113628
    ));
#982 = CARTESIAN_POINT('',(15.079512949135,-21.58603391455,
    5.940905836024));
#983 = CARTESIAN_POINT('',(15.079252031662,-21.57061148559,6.00032187391
    ));
#984 = CARTESIAN_POINT('',(15.082623794364,-21.54032302693,
    6.135202847188));
#985 = CARTESIAN_POINT('',(15.087215174354,-21.52649300959,
    6.211087412233));
#986 = CARTESIAN_POINT('',(15.094680287638,-21.51562321185,
    6.287759469892));
#987 = CARTESIAN_POINT('',(15.105111898938,-21.5076598042,6.364856507406
    ));
#988 = CARTESIAN_POINT('',(15.11854957986,-21.50249886246,6.442029173016
    ));
#989 = CARTESIAN_POINT('',(15.134984120273,-21.5,6.518946311545));
#990 = CARTESIAN_POINT('',(15.154361939685,-21.5,6.5953));
#991 = ORIENTED_EDGE('',*,*,#992,.T.);
#992 = EDGE_CURVE('',#950,#878,#993,.T.);
#993 = CIRCLE('',#994,2.42);
#994 = AXIS2_PLACEMENT_3D('',#995,#996,#997);
#995 = CARTESIAN_POINT('',(17.5,-21.5,6.));
#996 = DIRECTION('',(0.,1.,0.));
#997 = DIRECTION('',(0.,-0.,1.));
#998 = CYLINDRICAL_SURFACE('',#999,2.42);
#999 = AXIS2_PLACEMENT_3D('',#1000,#1001,#1002);
#1000 = CARTESIAN_POINT('',(17.5,-26.,6.));
#1001 = DIRECTION('',(0.,1.,0.));
#1002 = DIRECTION('',(0.,-0.,1.));
#1003 = ADVANCED_FACE('',(#1004),#1023,.T.);
#1004 = FACE_BOUND('',#1005,.F.);
#1005 = EDGE_LOOP('',(#1006,#1014,#1021,#1022));
#1006 = ORIENTED_EDGE('',*,*,#1007,.F.);
#1007 = EDGE_CURVE('',#1008,#342,#1010,.T.);
#1008 = VERTEX_POINT('',#1009);
#1009 = CARTESIAN_POINT('',(12.9047,-23.5,1.970588214214));
#1010 = LINE('',#1011,#1012);
#1011 = CARTESIAN_POINT('',(12.9047,-25.1,1.970588214214));
#1012 = VECTOR('',#1013,1.);
#1013 = DIRECTION('',(-0.,-1.,-0.));
#1014 = ORIENTED_EDGE('',*,*,#1015,.T.);
#1015 = EDGE_CURVE('',#1008,#942,#1016,.T.);
#1016 = CIRCLE('',#1017,5.);
#1017 = AXIS2_PLACEMENT_3D('',#1018,#1019,#1020);
#1018 = CARTESIAN_POINT('',(17.5,-23.5,-9.081840664621E-17));
#1019 = DIRECTION('',(0.,1.,0.));
#1020 = DIRECTION('',(-1.,0.,1.836970198721E-16));
#1021 = ORIENTED_EDGE('',*,*,#941,.T.);
#1022 = ORIENTED_EDGE('',*,*,#350,.T.);
#1023 = CYLINDRICAL_SURFACE('',#1024,5.);
#1024 = AXIS2_PLACEMENT_3D('',#1025,#1026,#1027);
#1025 = CARTESIAN_POINT('',(17.5,-25.1,-9.081840664621E-17));
#1026 = DIRECTION('',(-0.,-1.,-0.));
#1027 = DIRECTION('',(0.,-0.,-1.));
#1028 = ADVANCED_FACE('',(#1029),#1140,.F.);
#1029 = FACE_BOUND('',#1030,.F.);
#1030 = EDGE_LOOP('',(#1031,#1041,#1048,#1049,#1072,#1073,#1074,#1075,
    #1118,#1127));
#1031 = ORIENTED_EDGE('',*,*,#1032,.T.);
#1032 = EDGE_CURVE('',#1033,#1035,#1037,.T.);
#1033 = VERTEX_POINT('',#1034);
#1034 = CARTESIAN_POINT('',(11.5,-21.57159878533,2.42));
#1035 = VERTEX_POINT('',#1036);
#1036 = CARTESIAN_POINT('',(11.5,-19.5,2.42));
#1037 = LINE('',#1038,#1039);
#1038 = CARTESIAN_POINT('',(11.5,-26.,2.42));
#1039 = VECTOR('',#1040,1.);
#1040 = DIRECTION('',(0.,1.,0.));
#1041 = ORIENTED_EDGE('',*,*,#1042,.F.);
#1042 = EDGE_CURVE('',#1035,#1035,#1043,.T.);
#1043 = CIRCLE('',#1044,2.42);
#1044 = AXIS2_PLACEMENT_3D('',#1045,#1046,#1047);
#1045 = CARTESIAN_POINT('',(11.5,-19.5,7.347880794884E-16));
#1046 = DIRECTION('',(0.,1.,0.));
#1047 = DIRECTION('',(0.,-0.,1.));
#1048 = ORIENTED_EDGE('',*,*,#1032,.F.);
#1049 = ORIENTED_EDGE('',*,*,#1050,.F.);
#1050 = EDGE_CURVE('',#1008,#1033,#1051,.T.);
#1051 = B_SPLINE_CURVE_WITH_KNOTS('',7,(#1052,#1053,#1054,#1055,#1056,
    #1057,#1058,#1059,#1060,#1061,#1062,#1063,#1064,#1065,#1066,#1067,
    #1068,#1069,#1070,#1071),.UNSPECIFIED.,.F.,.F.,(8,6,6,8),(0.,
    0.54010302563,0.687501319214,1.),.UNSPECIFIED.);
#1052 = CARTESIAN_POINT('',(12.9047,-23.5,1.970588214214));
#1053 = CARTESIAN_POINT('',(12.9047,-23.31370848377,1.970588214214));
#1054 = CARTESIAN_POINT('',(12.887830801266,-23.1276419329,1.98261444984
    ));
#1055 = CARTESIAN_POINT('',(12.854158116886,-22.94319787551,
    2.006610327621));
#1056 = CARTESIAN_POINT('',(12.803035131761,-22.76206003675,
    2.041700711183));
#1057 = CARTESIAN_POINT('',(12.733266700282,-22.58623089888,
    2.085928767333));
#1058 = CARTESIAN_POINT('',(12.64322577679,-22.41802856919,
    2.136581185988));
#1059 = CARTESIAN_POINT('',(12.499628599229,-22.21718937662,
    2.204155254255));
#1060 = CARTESIAN_POINT('',(12.467161214019,-22.17492790278,
    2.21881686894));
#1061 = CARTESIAN_POINT('',(12.432972665988,-22.13352964827,
    2.233567714824));
#1062 = CARTESIAN_POINT('',(12.397024421993,-22.0930685464,
    2.248313249453));
#1063 = CARTESIAN_POINT('',(12.359282728308,-22.05362567493,
    2.262948914103));
#1064 = CARTESIAN_POINT('',(12.3197213262,-22.01528781865,2.277359961195
    ));
#1065 = CARTESIAN_POINT('',(12.190558175349,-21.89940184149,
    2.321232645219));
#1066 = CARTESIAN_POINT('',(12.094430109167,-21.82593412482,
    2.34950987622));
#1067 = CARTESIAN_POINT('',(11.989894251951,-21.75876183296,
    2.375007868279));
#1068 = CARTESIAN_POINT('',(11.877195285321,-21.69893930089,
    2.396281985153));
#1069 = CARTESIAN_POINT('',(11.75700403784,-21.64742052198,
    2.411779055144));
#1070 = CARTESIAN_POINT('',(11.630584711043,-21.60490505512,2.42));
#1071 = CARTESIAN_POINT('',(11.5,-21.57159878533,2.42));
#1072 = ORIENTED_EDGE('',*,*,#1007,.T.);
#1073 = ORIENTED_EDGE('',*,*,#341,.T.);
#1074 = ORIENTED_EDGE('',*,*,#862,.F.);
#1075 = ORIENTED_EDGE('',*,*,#1076,.T.);
#1076 = EDGE_CURVE('',#854,#1077,#1079,.T.);
#1077 = VERTEX_POINT('',#1078);
#1078 = CARTESIAN_POINT('',(10.9047,-21.5,-2.345638060315));
#1079 = B_SPLINE_CURVE_WITH_KNOTS('',7,(#1080,#1081,#1082,#1083,#1084,
    #1085,#1086,#1087,#1088,#1089,#1090,#1091,#1092,#1093,#1094,#1095,
    #1096,#1097,#1098,#1099,#1100,#1101,#1102,#1103,#1104,#1105,#1106,
    #1107,#1108,#1109,#1110,#1111,#1112,#1113,#1114,#1115,#1116,#1117),
  .UNSPECIFIED.,.F.,.F.,(8,6,6,6,6,6,8),(0.,0.451983585608,0.57501606035
    ,0.676607715988,0.733427275198,0.852314016467,1.),.UNSPECIFIED.);
#1080 = CARTESIAN_POINT('',(12.9047,-23.5,-1.970588214214));
#1081 = CARTESIAN_POINT('',(12.9047,-23.31329162458,-1.970588214214));
#1082 = CARTESIAN_POINT('',(12.887755235277,-23.12681125979,
    -1.982668338459));
#1083 = CARTESIAN_POINT('',(12.853932443889,-22.94196341866,
    -2.006771095263));
#1084 = CARTESIAN_POINT('',(12.80257841211,-22.76044281473,
    -2.042014203165));
#1085 = CARTESIAN_POINT('',(12.732486816837,-22.58426735381,
    -2.086423149518));
#1086 = CARTESIAN_POINT('',(12.642016866894,-22.41577444823,
    -2.137260737878));
#1087 = CARTESIAN_POINT('',(12.497791868721,-22.21477943392,
    -2.204988356886));
#1088 = CARTESIAN_POINT('',(12.46525192651,-22.17257390144,-2.2196499141
    ));
#1089 = CARTESIAN_POINT('',(12.430990421988,-22.13123392882,
    -2.234396888996));
#1090 = CARTESIAN_POINT('',(12.394968966135,-22.09083359217,
    -2.249134519276));
#1091 = CARTESIAN_POINT('',(12.357154026697,-22.05145410628,
    -2.26375801864));
#1092 = CARTESIAN_POINT('',(12.31751966198,-22.0131823737,
    -2.278152417018));
#1093 = CARTESIAN_POINT('',(12.241807703972,-21.94549736256,
    -2.30378564234));
#1094 = CARTESIAN_POINT('',(12.206314792905,-21.91570336557,
    -2.3151369413));
#1095 = CARTESIAN_POINT('',(12.169564067632,-21.88677954429,
    -2.326175740775));
#1096 = CARTESIAN_POINT('',(12.131554480794,-21.85878099261,
    -2.336826074003));
#1097 = CARTESIAN_POINT('',(12.092293428484,-21.83176440692,
    -2.347007649591));
#1098 = CARTESIAN_POINT('',(12.051798787247,-21.8057865962,
    -2.356636936751));
#1099 = CARTESIAN_POINT('',(11.986779619661,-21.76698575262,
    -2.370657034463));
#1100 = CARTESIAN_POINT('',(11.963082019447,-21.75341075552,
    -2.37548632596));
#1101 = CARTESIAN_POINT('',(11.939013497342,-21.74018788674,
    -2.380100997224));
#1102 = CARTESIAN_POINT('',(11.914580734925,-21.72732666159,
    -2.384485960768));
#1103 = CARTESIAN_POINT('',(11.889791748454,-21.71483622483,
    -2.388626169418));
#1104 = CARTESIAN_POINT('',(11.864655888866,-21.70272535067,
    -2.392506616314));
#1105 = CARTESIAN_POINT('',(11.785887253167,-21.66647394704,
    -2.403656781554));
#1106 = CARTESIAN_POINT('',(11.731113926417,-21.64364133259,
    -2.40999943381));
#1107 = CARTESIAN_POINT('',(11.674969782852,-21.62258441024,
    -2.415003494944));
#1108 = CARTESIAN_POINT('',(11.617580886391,-21.60336676381,
    -2.418538738867));
#1109 = CARTESIAN_POINT('',(11.559094163996,-21.58603391455,
    -2.420487050865));
#1110 = CARTESIAN_POINT('',(11.49967812611,-21.5706114856,
    -2.420747968338));
#1111 = CARTESIAN_POINT('',(11.36479715283,-21.54032302694,
    -2.417376205637));
#1112 = CARTESIAN_POINT('',(11.288912587782,-21.5264930096,
    -2.412784825648));
#1113 = CARTESIAN_POINT('',(11.21224053012,-21.51562321185,
    -2.405319712364));
#1114 = CARTESIAN_POINT('',(11.135143492603,-21.5076598042,
    -2.394888101064));
#1115 = CARTESIAN_POINT('',(11.05797082699,-21.50249886246,
    -2.381450420141));
#1116 = CARTESIAN_POINT('',(10.981053688458,-21.5,-2.365015879727));
#1117 = CARTESIAN_POINT('',(10.9047,-21.5,-2.345638060315));
#1118 = ORIENTED_EDGE('',*,*,#1119,.T.);
#1119 = EDGE_CURVE('',#1077,#1120,#1122,.T.);
#1120 = VERTEX_POINT('',#1121);
#1121 = CARTESIAN_POINT('',(10.9047,-21.5,2.345638060315));
#1122 = CIRCLE('',#1123,2.42);
#1123 = AXIS2_PLACEMENT_3D('',#1124,#1125,#1126);
#1124 = CARTESIAN_POINT('',(11.5,-21.5,7.347880794884E-16));
#1125 = DIRECTION('',(0.,1.,0.));
#1126 = DIRECTION('',(0.,-0.,1.));
#1127 = ORIENTED_EDGE('',*,*,#1128,.F.);
#1128 = EDGE_CURVE('',#1033,#1120,#1129,.T.);
#1129 = B_SPLINE_CURVE_WITH_KNOTS('',5,(#1130,#1131,#1132,#1133,#1134,
    #1135,#1136,#1137,#1138,#1139),.UNSPECIFIED.,.F.,.F.,(6,4,6),(0.,
    0.104162367625,1.),.UNSPECIFIED.);
#1130 = CARTESIAN_POINT('',(11.5,-21.57159878533,2.42));
#1131 = CARTESIAN_POINT('',(11.487977400378,-21.56853236244,2.42));
#1132 = CARTESIAN_POINT('',(11.475916598002,-21.56554948098,
    2.419925339632));
#1133 = CARTESIAN_POINT('',(11.463819436631,-21.5626503035,
    2.419775069052));
#1134 = CARTESIAN_POINT('',(11.451687795059,-21.55983492369,
    2.41954830315));
#1135 = CARTESIAN_POINT('',(11.33490657913,-21.53361089116,
    2.416628999274));
#1136 = CARTESIAN_POINT('',(11.227857496518,-21.51631409235,
    2.408294712433));
#1137 = CARTESIAN_POINT('',(11.119673572844,-21.50524761118,
    2.393715068773));
#1138 = CARTESIAN_POINT('',(11.011595163843,-21.5,2.372767007493));
#1139 = CARTESIAN_POINT('',(10.9047,-21.5,2.345638060315));
#1140 = CYLINDRICAL_SURFACE('',#1141,2.42);
#1141 = AXIS2_PLACEMENT_3D('',#1142,#1143,#1144);
#1142 = CARTESIAN_POINT('',(11.5,-26.,7.347880794884E-16));
#1143 = DIRECTION('',(0.,1.,0.));
#1144 = DIRECTION('',(0.,-0.,1.));
#1145 = ADVANCED_FACE('',(#1146),#1165,.F.);
#1146 = FACE_BOUND('',#1147,.F.);
#1147 = EDGE_LOOP('',(#1148,#1156,#1163,#1164));
#1148 = ORIENTED_EDGE('',*,*,#1149,.T.);
#1149 = EDGE_CURVE('',#395,#1150,#1152,.T.);
#1150 = VERTEX_POINT('',#1151);
#1151 = CARTESIAN_POINT('',(23.5,-19.5,2.42));
#1152 = LINE('',#1153,#1154);
#1153 = CARTESIAN_POINT('',(23.5,-26.,2.42));
#1154 = VECTOR('',#1155,1.);
#1155 = DIRECTION('',(0.,1.,0.));
#1156 = ORIENTED_EDGE('',*,*,#1157,.F.);
#1157 = EDGE_CURVE('',#1150,#1150,#1158,.T.);
#1158 = CIRCLE('',#1159,2.42);
#1159 = AXIS2_PLACEMENT_3D('',#1160,#1161,#1162);
#1160 = CARTESIAN_POINT('',(23.5,-19.5,0.));
#1161 = DIRECTION('',(0.,1.,0.));
#1162 = DIRECTION('',(0.,-0.,1.));
#1163 = ORIENTED_EDGE('',*,*,#1149,.F.);
#1164 = ORIENTED_EDGE('',*,*,#394,.T.);
#1165 = CYLINDRICAL_SURFACE('',#1166,2.42);
#1166 = AXIS2_PLACEMENT_3D('',#1167,#1168,#1169);
#1167 = CARTESIAN_POINT('',(23.5,-26.,0.));
#1168 = DIRECTION('',(0.,1.,0.));
#1169 = DIRECTION('',(0.,-0.,1.));
#1170 = ADVANCED_FACE('',(#1171),#1183,.F.);
#1171 = FACE_BOUND('',#1172,.T.);
#1172 = EDGE_LOOP('',(#1173,#1174,#1175,#1176));
#1173 = ORIENTED_EDGE('',*,*,#480,.F.);
#1174 = ORIENTED_EDGE('',*,*,#853,.T.);
#1175 = ORIENTED_EDGE('',*,*,#1076,.T.);
#1176 = ORIENTED_EDGE('',*,*,#1177,.F.);
#1177 = EDGE_CURVE('',#472,#1077,#1178,.T.);
#1178 = CIRCLE('',#1179,7.);
#1179 = AXIS2_PLACEMENT_3D('',#1180,#1181,#1182);
#1180 = CARTESIAN_POINT('',(17.5,-21.5,-9.081840664621E-17));
#1181 = DIRECTION('',(0.,1.,0.));
#1182 = DIRECTION('',(0.,0.,-1.));
#1183 = TOROIDAL_SURFACE('',#1184,7.,2.);
#1184 = AXIS2_PLACEMENT_3D('',#1185,#1186,#1187);
#1185 = CARTESIAN_POINT('',(17.5,-23.5,-9.081840664621E-17));
#1186 = DIRECTION('',(-0.,-1.,-0.));
#1187 = DIRECTION('',(0.,0.,-1.));
#1188 = ADVANCED_FACE('',(#1189),#1221,.F.);
#1189 = FACE_BOUND('',#1190,.F.);
#1190 = EDGE_LOOP('',(#1191,#1192,#1193,#1194,#1201,#1202,#1203,#1209,
    #1210,#1211,#1218,#1219,#1220));
#1191 = ORIENTED_EDGE('',*,*,#540,.F.);
#1192 = ORIENTED_EDGE('',*,*,#588,.T.);
#1193 = ORIENTED_EDGE('',*,*,#838,.T.);
#1194 = ORIENTED_EDGE('',*,*,#1195,.T.);
#1195 = EDGE_CURVE('',#788,#723,#1196,.T.);
#1196 = CIRCLE('',#1197,9.5);
#1197 = AXIS2_PLACEMENT_3D('',#1198,#1199,#1200);
#1198 = CARTESIAN_POINT('',(17.5,-21.5,-2.01262969026E-16));
#1199 = DIRECTION('',(0.,1.,0.));
#1200 = DIRECTION('',(0.,-0.,-1.));
#1201 = ORIENTED_EDGE('',*,*,#732,.T.);
#1202 = ORIENTED_EDGE('',*,*,#699,.T.);
#1203 = ORIENTED_EDGE('',*,*,#1204,.F.);
#1204 = EDGE_CURVE('',#896,#691,#1205,.T.);
#1205 = LINE('',#1206,#1207);
#1206 = CARTESIAN_POINT('',(17.5,-21.5,7.));
#1207 = VECTOR('',#1208,1.);
#1208 = DIRECTION('',(1.,-0.,-0.));
#1209 = ORIENTED_EDGE('',*,*,#895,.F.);
#1210 = ORIENTED_EDGE('',*,*,#992,.F.);
#1211 = ORIENTED_EDGE('',*,*,#1212,.F.);
#1212 = EDGE_CURVE('',#1120,#950,#1213,.T.);
#1213 = CIRCLE('',#1214,7.);
#1214 = AXIS2_PLACEMENT_3D('',#1215,#1216,#1217);
#1215 = CARTESIAN_POINT('',(17.5,-21.5,-9.081840664621E-17));
#1216 = DIRECTION('',(0.,1.,0.));
#1217 = DIRECTION('',(-1.,0.,1.836970198721E-16));
#1218 = ORIENTED_EDGE('',*,*,#1119,.F.);
#1219 = ORIENTED_EDGE('',*,*,#1177,.F.);
#1220 = ORIENTED_EDGE('',*,*,#471,.F.);
#1221 = PLANE('',#1222);
#1222 = AXIS2_PLACEMENT_3D('',#1223,#1224,#1225);
#1223 = CARTESIAN_POINT('',(20.774929856785,-21.5,0.));
#1224 = DIRECTION('',(0.,1.,0.));
#1225 = DIRECTION('',(0.,-0.,1.));
#1226 = ADVANCED_FACE('',(#1227,#1230),#1241,.F.);
#1227 = FACE_BOUND('',#1228,.F.);
#1228 = EDGE_LOOP('',(#1229));
#1229 = ORIENTED_EDGE('',*,*,#419,.T.);
#1230 = FACE_BOUND('',#1231,.F.);
#1231 = EDGE_LOOP('',(#1232));
#1232 = ORIENTED_EDGE('',*,*,#1233,.F.);
#1233 = EDGE_CURVE('',#1234,#1234,#1236,.T.);
#1234 = VERTEX_POINT('',#1235);
#1235 = CARTESIAN_POINT('',(17.5,-19.5,-4.8));
#1236 = CIRCLE('',#1237,1.2);
#1237 = AXIS2_PLACEMENT_3D('',#1238,#1239,#1240);
#1238 = CARTESIAN_POINT('',(17.5,-19.5,-6.));
#1239 = DIRECTION('',(0.,1.,0.));
#1240 = DIRECTION('',(0.,-0.,1.));
#1241 = PLANE('',#1242);
#1242 = AXIS2_PLACEMENT_3D('',#1243,#1244,#1245);
#1243 = CARTESIAN_POINT('',(17.5,-19.5,-6.));
#1244 = DIRECTION('',(0.,1.,0.));
#1245 = DIRECTION('',(0.,-0.,1.));
#1246 = ADVANCED_FACE('',(#1247),#1259,.F.);
#1247 = FACE_BOUND('',#1248,.F.);
#1248 = EDGE_LOOP('',(#1249,#1250,#1251,#1252));
#1249 = ORIENTED_EDGE('',*,*,#614,.F.);
#1250 = ORIENTED_EDGE('',*,*,#904,.F.);
#1251 = ORIENTED_EDGE('',*,*,#1204,.T.);
#1252 = ORIENTED_EDGE('',*,*,#1253,.F.);
#1253 = EDGE_CURVE('',#617,#691,#1254,.T.);
#1254 = CIRCLE('',#1255,2.);
#1255 = AXIS2_PLACEMENT_3D('',#1256,#1257,#1258);
#1256 = CARTESIAN_POINT('',(30.,-23.5,7.));
#1257 = DIRECTION('',(1.,-0.,0.));
#1258 = DIRECTION('',(-0.,-0.,-1.));
#1259 = CYLINDRICAL_SURFACE('',#1260,2.);
#1260 = AXIS2_PLACEMENT_3D('',#1261,#1262,#1263);
#1261 = CARTESIAN_POINT('',(17.5,-23.5,7.));
#1262 = DIRECTION('',(1.,-0.,-0.));
#1263 = DIRECTION('',(-0.,-0.,-1.));
#1264 = ADVANCED_FACE('',(#1265),#1271,.F.);
#1265 = FACE_BOUND('',#1266,.T.);
#1266 = EDGE_LOOP('',(#1267,#1268,#1269,#1270));
#1267 = ORIENTED_EDGE('',*,*,#648,.T.);
#1268 = ORIENTED_EDGE('',*,*,#690,.F.);
#1269 = ORIENTED_EDGE('',*,*,#1253,.F.);
#1270 = ORIENTED_EDGE('',*,*,#633,.T.);
#1271 = TOROIDAL_SURFACE('',#1272,10.,2.);
#1272 = AXIS2_PLACEMENT_3D('',#1273,#1274,#1275);
#1273 = CARTESIAN_POINT('',(30.,-13.5,7.));
#1274 = DIRECTION('',(-0.,-0.,-1.));
#1275 = DIRECTION('',(0.,-1.,0.));
#1276 = ADVANCED_FACE('',(#1277,#1294,#1305,#1316,#1327),#1338,.F.);
#1277 = FACE_BOUND('',#1278,.F.);
#1278 = EDGE_LOOP('',(#1279,#1280,#1287,#1288));
#1279 = ORIENTED_EDGE('',*,*,#822,.T.);
#1280 = ORIENTED_EDGE('',*,*,#1281,.T.);
#1281 = EDGE_CURVE('',#823,#741,#1282,.T.);
#1282 = CIRCLE('',#1283,9.5);
#1283 = AXIS2_PLACEMENT_3D('',#1284,#1285,#1286);
#1284 = CARTESIAN_POINT('',(34.,3.122798084659E-16,6.869154506742E-16));
#1285 = DIRECTION('',(1.,0.,0.));
#1286 = DIRECTION('',(0.,-3.287155878589E-17,-1.));
#1287 = ORIENTED_EDGE('',*,*,#748,.T.);
#1288 = ORIENTED_EDGE('',*,*,#1289,.T.);
#1289 = EDGE_CURVE('',#749,#815,#1290,.T.);
#1290 = LINE('',#1291,#1292);
#1291 = CARTESIAN_POINT('',(34.,-13.5,9.5));
#1292 = VECTOR('',#1293,1.);
#1293 = DIRECTION('',(0.,0.,-1.));
#1294 = FACE_BOUND('',#1295,.F.);
#1295 = EDGE_LOOP('',(#1296));
#1296 = ORIENTED_EDGE('',*,*,#1297,.F.);
#1297 = EDGE_CURVE('',#1298,#1298,#1300,.T.);
#1298 = VERTEX_POINT('',#1299);
#1299 = CARTESIAN_POINT('',(34.,6.,2.61));
#1300 = CIRCLE('',#1301,2.61);
#1301 = AXIS2_PLACEMENT_3D('',#1302,#1303,#1304);
#1302 = CARTESIAN_POINT('',(34.,6.,0.));
#1303 = DIRECTION('',(1.,0.,0.));
#1304 = DIRECTION('',(-0.,0.,1.));
#1305 = FACE_BOUND('',#1306,.F.);
#1306 = EDGE_LOOP('',(#1307));
#1307 = ORIENTED_EDGE('',*,*,#1308,.F.);
#1308 = EDGE_CURVE('',#1309,#1309,#1311,.T.);
#1309 = VERTEX_POINT('',#1310);
#1310 = CARTESIAN_POINT('',(34.,-4.629164900777E-16,-3.39));
#1311 = CIRCLE('',#1312,2.61);
#1312 = AXIS2_PLACEMENT_3D('',#1313,#1314,#1315);
#1313 = CARTESIAN_POINT('',(34.,-1.102182119233E-15,-6.));
#1314 = DIRECTION('',(1.,0.,0.));
#1315 = DIRECTION('',(-0.,0.,1.));
#1316 = FACE_BOUND('',#1317,.F.);
#1317 = EDGE_LOOP('',(#1318));
#1318 = ORIENTED_EDGE('',*,*,#1319,.F.);
#1319 = EDGE_CURVE('',#1320,#1320,#1322,.T.);
#1320 = VERTEX_POINT('',#1321);
#1321 = CARTESIAN_POINT('',(34.,1.006659668899E-15,8.61));
#1322 = CIRCLE('',#1323,2.61);
#1323 = AXIS2_PLACEMENT_3D('',#1324,#1325,#1326);
#1324 = CARTESIAN_POINT('',(34.,3.673940397442E-16,6.));
#1325 = DIRECTION('',(1.,0.,0.));
#1326 = DIRECTION('',(-0.,0.,1.));
#1327 = FACE_BOUND('',#1328,.F.);
#1328 = EDGE_LOOP('',(#1329));
#1329 = ORIENTED_EDGE('',*,*,#1330,.F.);
#1330 = EDGE_CURVE('',#1331,#1331,#1333,.T.);
#1331 = VERTEX_POINT('',#1332);
#1332 = CARTESIAN_POINT('',(34.,-6.,2.61));
#1333 = CIRCLE('',#1334,2.61);
#1334 = AXIS2_PLACEMENT_3D('',#1335,#1336,#1337);
#1335 = CARTESIAN_POINT('',(34.,-6.,7.347880794884E-16));
#1336 = DIRECTION('',(1.,0.,0.));
#1337 = DIRECTION('',(-0.,0.,1.));
#1338 = PLANE('',#1339);
#1339 = AXIS2_PLACEMENT_3D('',#1340,#1341,#1342);
#1340 = CARTESIAN_POINT('',(34.,-3.791039122375,0.));
#1341 = DIRECTION('',(1.,0.,0.));
#1342 = DIRECTION('',(-0.,0.,1.));
#1343 = ADVANCED_FACE('',(#1344),#1355,.F.);
#1344 = FACE_BOUND('',#1345,.F.);
#1345 = EDGE_LOOP('',(#1346,#1347,#1348,#1349));
#1346 = ORIENTED_EDGE('',*,*,#814,.F.);
#1347 = ORIENTED_EDGE('',*,*,#1289,.F.);
#1348 = ORIENTED_EDGE('',*,*,#756,.T.);
#1349 = ORIENTED_EDGE('',*,*,#1350,.F.);
#1350 = EDGE_CURVE('',#806,#757,#1351,.T.);
#1351 = LINE('',#1352,#1353);
#1352 = CARTESIAN_POINT('',(33.979130371551,-13.5,-9.5));
#1353 = VECTOR('',#1354,1.);
#1354 = DIRECTION('',(0.,0.,1.));
#1355 = PLANE('',#1356);
#1356 = AXIS2_PLACEMENT_3D('',#1357,#1358,#1359);
#1357 = CARTESIAN_POINT('',(38.,-13.5,-9.5));
#1358 = DIRECTION('',(0.,-1.,0.));
#1359 = DIRECTION('',(-1.,0.,0.));
#1360 = ADVANCED_FACE('',(#1361),#1372,.F.);
#1361 = FACE_BOUND('',#1362,.F.);
#1362 = EDGE_LOOP('',(#1363,#1364,#1365,#1371));
#1363 = ORIENTED_EDGE('',*,*,#1350,.T.);
#1364 = ORIENTED_EDGE('',*,*,#764,.T.);
#1365 = ORIENTED_EDGE('',*,*,#1366,.F.);
#1366 = EDGE_CURVE('',#798,#765,#1367,.T.);
#1367 = LINE('',#1368,#1369);
#1368 = CARTESIAN_POINT('',(28.,-19.,-9.5));
#1369 = VECTOR('',#1370,1.);
#1370 = DIRECTION('',(0.,0.,1.));
#1371 = ORIENTED_EDGE('',*,*,#805,.F.);
#1372 = CYLINDRICAL_SURFACE('',#1373,6.);
#1373 = AXIS2_PLACEMENT_3D('',#1374,#1375,#1376);
#1374 = CARTESIAN_POINT('',(28.,-13.,-9.5));
#1375 = DIRECTION('',(0.,0.,-1.));
#1376 = DIRECTION('',(0.996521728592,-8.333333333333E-02,0.));
#1377 = ADVANCED_FACE('',(#1378),#1390,.T.);
#1378 = FACE_BOUND('',#1379,.T.);
#1379 = EDGE_LOOP('',(#1380,#1381,#1382,#1389));
#1380 = ORIENTED_EDGE('',*,*,#1366,.F.);
#1381 = ORIENTED_EDGE('',*,*,#797,.T.);
#1382 = ORIENTED_EDGE('',*,*,#1383,.F.);
#1383 = EDGE_CURVE('',#725,#790,#1384,.T.);
#1384 = CIRCLE('',#1385,9.5);
#1385 = AXIS2_PLACEMENT_3D('',#1386,#1387,#1388);
#1386 = CARTESIAN_POINT('',(17.5,-19.,0.));
#1387 = DIRECTION('',(0.,1.,0.));
#1388 = DIRECTION('',(0.,-0.,1.));
#1389 = ORIENTED_EDGE('',*,*,#773,.T.);
#1390 = PLANE('',#1391);
#1391 = AXIS2_PLACEMENT_3D('',#1392,#1393,#1394);
#1392 = CARTESIAN_POINT('',(19.73988926448,-19.,0.));
#1393 = DIRECTION('',(0.,1.,0.));
#1394 = DIRECTION('',(0.,-0.,1.));
#1395 = ADVANCED_FACE('',(#1396),#1403,.F.);
#1396 = FACE_BOUND('',#1397,.T.);
#1397 = EDGE_LOOP('',(#1398,#1399,#1400,#1401,#1402));
#1398 = ORIENTED_EDGE('',*,*,#1050,.F.);
#1399 = ORIENTED_EDGE('',*,*,#1015,.T.);
#1400 = ORIENTED_EDGE('',*,*,#949,.T.);
#1401 = ORIENTED_EDGE('',*,*,#1212,.F.);
#1402 = ORIENTED_EDGE('',*,*,#1128,.F.);
#1403 = TOROIDAL_SURFACE('',#1404,7.,2.);
#1404 = AXIS2_PLACEMENT_3D('',#1405,#1406,#1407);
#1405 = CARTESIAN_POINT('',(17.5,-23.5,-9.081840664621E-17));
#1406 = DIRECTION('',(-0.,-1.,-0.));
#1407 = DIRECTION('',(-1.,0.,1.836970198721E-16));
#1408 = ADVANCED_FACE('',(#1409,#1412),#1423,.F.);
#1409 = FACE_BOUND('',#1410,.F.);
#1410 = EDGE_LOOP('',(#1411));
#1411 = ORIENTED_EDGE('',*,*,#887,.T.);
#1412 = FACE_BOUND('',#1413,.F.);
#1413 = EDGE_LOOP('',(#1414));
#1414 = ORIENTED_EDGE('',*,*,#1415,.F.);
#1415 = EDGE_CURVE('',#1416,#1416,#1418,.T.);
#1416 = VERTEX_POINT('',#1417);
#1417 = CARTESIAN_POINT('',(17.5,-19.5,7.2));
#1418 = CIRCLE('',#1419,1.2);
#1419 = AXIS2_PLACEMENT_3D('',#1420,#1421,#1422);
#1420 = CARTESIAN_POINT('',(17.5,-19.5,6.));
#1421 = DIRECTION('',(0.,1.,0.));
#1422 = DIRECTION('',(0.,-0.,1.));
#1423 = PLANE('',#1424);
#1424 = AXIS2_PLACEMENT_3D('',#1425,#1426,#1427);
#1425 = CARTESIAN_POINT('',(17.5,-19.5,6.));
#1426 = DIRECTION('',(0.,1.,0.));
#1427 = DIRECTION('',(0.,-0.,1.));
#1428 = ADVANCED_FACE('',(#1429,#1432),#1443,.F.);
#1429 = FACE_BOUND('',#1430,.F.);
#1430 = EDGE_LOOP('',(#1431));
#1431 = ORIENTED_EDGE('',*,*,#1042,.T.);
#1432 = FACE_BOUND('',#1433,.F.);
#1433 = EDGE_LOOP('',(#1434));
#1434 = ORIENTED_EDGE('',*,*,#1435,.F.);
#1435 = EDGE_CURVE('',#1436,#1436,#1438,.T.);
#1436 = VERTEX_POINT('',#1437);
#1437 = CARTESIAN_POINT('',(11.5,-19.5,1.2));
#1438 = CIRCLE('',#1439,1.2);
#1439 = AXIS2_PLACEMENT_3D('',#1440,#1441,#1442);
#1440 = CARTESIAN_POINT('',(11.5,-19.5,7.347880794884E-16));
#1441 = DIRECTION('',(0.,1.,0.));
#1442 = DIRECTION('',(0.,-0.,1.));
#1443 = PLANE('',#1444);
#1444 = AXIS2_PLACEMENT_3D('',#1445,#1446,#1447);
#1445 = CARTESIAN_POINT('',(11.5,-19.5,7.347880794884E-16));
#1446 = DIRECTION('',(0.,1.,0.));
#1447 = DIRECTION('',(0.,-0.,1.));
#1448 = ADVANCED_FACE('',(#1449,#1452),#1463,.F.);
#1449 = FACE_BOUND('',#1450,.F.);
#1450 = EDGE_LOOP('',(#1451));
#1451 = ORIENTED_EDGE('',*,*,#1157,.T.);
#1452 = FACE_BOUND('',#1453,.F.);
#1453 = EDGE_LOOP('',(#1454));
#1454 = ORIENTED_EDGE('',*,*,#1455,.F.);
#1455 = EDGE_CURVE('',#1456,#1456,#1458,.T.);
#1456 = VERTEX_POINT('',#1457);
#1457 = CARTESIAN_POINT('',(23.5,-19.5,1.2));
#1458 = CIRCLE('',#1459,1.2);
#1459 = AXIS2_PLACEMENT_3D('',#1460,#1461,#1462);
#1460 = CARTESIAN_POINT('',(23.5,-19.5,0.));
#1461 = DIRECTION('',(0.,1.,0.));
#1462 = DIRECTION('',(0.,-0.,1.));
#1463 = PLANE('',#1464);
#1464 = AXIS2_PLACEMENT_3D('',#1465,#1466,#1467);
#1465 = CARTESIAN_POINT('',(23.5,-19.5,0.));
#1466 = DIRECTION('',(0.,1.,0.));
#1467 = DIRECTION('',(0.,-0.,1.));
#1468 = ADVANCED_FACE('',(#1469),#1488,.F.);
#1469 = FACE_BOUND('',#1470,.F.);
#1470 = EDGE_LOOP('',(#1471,#1479,#1486,#1487));
#1471 = ORIENTED_EDGE('',*,*,#1472,.T.);
#1472 = EDGE_CURVE('',#1234,#1473,#1475,.T.);
#1473 = VERTEX_POINT('',#1474);
#1474 = CARTESIAN_POINT('',(17.5,-16.55,-4.8));
#1475 = LINE('',#1476,#1477);
#1476 = CARTESIAN_POINT('',(17.5,-26.,-4.8));
#1477 = VECTOR('',#1478,1.);
#1478 = DIRECTION('',(0.,1.,0.));
#1479 = ORIENTED_EDGE('',*,*,#1480,.F.);
#1480 = EDGE_CURVE('',#1473,#1473,#1481,.T.);
#1481 = CIRCLE('',#1482,1.2);
#1482 = AXIS2_PLACEMENT_3D('',#1483,#1484,#1485);
#1483 = CARTESIAN_POINT('',(17.5,-16.55,-6.));
#1484 = DIRECTION('',(0.,1.,0.));
#1485 = DIRECTION('',(0.,-0.,1.));
#1486 = ORIENTED_EDGE('',*,*,#1472,.F.);
#1487 = ORIENTED_EDGE('',*,*,#1233,.T.);
#1488 = CYLINDRICAL_SURFACE('',#1489,1.2);
#1489 = AXIS2_PLACEMENT_3D('',#1490,#1491,#1492);
#1490 = CARTESIAN_POINT('',(17.5,-26.,-6.));
#1491 = DIRECTION('',(0.,1.,0.));
#1492 = DIRECTION('',(0.,-0.,1.));
#1493 = ADVANCED_FACE('',(#1494),#1513,.F.);
#1494 = FACE_BOUND('',#1495,.F.);
#1495 = EDGE_LOOP('',(#1496,#1504,#1511,#1512));
#1496 = ORIENTED_EDGE('',*,*,#1497,.T.);
#1497 = EDGE_CURVE('',#1298,#1498,#1500,.T.);
#1498 = VERTEX_POINT('',#1499);
#1499 = CARTESIAN_POINT('',(34.55,6.,2.61));
#1500 = LINE('',#1501,#1502);
#1501 = CARTESIAN_POINT('',(33.,6.,2.61));
#1502 = VECTOR('',#1503,1.);
#1503 = DIRECTION('',(1.,0.,0.));
#1504 = ORIENTED_EDGE('',*,*,#1505,.F.);
#1505 = EDGE_CURVE('',#1498,#1498,#1506,.T.);
#1506 = CIRCLE('',#1507,2.61);
#1507 = AXIS2_PLACEMENT_3D('',#1508,#1509,#1510);
#1508 = CARTESIAN_POINT('',(34.55,6.,0.));
#1509 = DIRECTION('',(1.,0.,0.));
#1510 = DIRECTION('',(-0.,0.,1.));
#1511 = ORIENTED_EDGE('',*,*,#1497,.F.);
#1512 = ORIENTED_EDGE('',*,*,#1297,.T.);
#1513 = CYLINDRICAL_SURFACE('',#1514,2.61);
#1514 = AXIS2_PLACEMENT_3D('',#1515,#1516,#1517);
#1515 = CARTESIAN_POINT('',(33.,6.,0.));
#1516 = DIRECTION('',(1.,0.,0.));
#1517 = DIRECTION('',(-0.,0.,1.));
#1518 = ADVANCED_FACE('',(#1519),#1538,.F.);
#1519 = FACE_BOUND('',#1520,.F.);
#1520 = EDGE_LOOP('',(#1521,#1529,#1536,#1537));
#1521 = ORIENTED_EDGE('',*,*,#1522,.T.);
#1522 = EDGE_CURVE('',#1309,#1523,#1525,.T.);
#1523 = VERTEX_POINT('',#1524);
#1524 = CARTESIAN_POINT('',(34.55,-4.629164900777E-16,-3.39));
#1525 = LINE('',#1526,#1527);
#1526 = CARTESIAN_POINT('',(33.,-4.629164900777E-16,-3.39));
#1527 = VECTOR('',#1528,1.);
#1528 = DIRECTION('',(1.,0.,0.));
#1529 = ORIENTED_EDGE('',*,*,#1530,.F.);
#1530 = EDGE_CURVE('',#1523,#1523,#1531,.T.);
#1531 = CIRCLE('',#1532,2.61);
#1532 = AXIS2_PLACEMENT_3D('',#1533,#1534,#1535);
#1533 = CARTESIAN_POINT('',(34.55,-1.102182119233E-15,-6.));
#1534 = DIRECTION('',(1.,0.,0.));
#1535 = DIRECTION('',(-0.,0.,1.));
#1536 = ORIENTED_EDGE('',*,*,#1522,.F.);
#1537 = ORIENTED_EDGE('',*,*,#1308,.T.);
#1538 = CYLINDRICAL_SURFACE('',#1539,2.61);
#1539 = AXIS2_PLACEMENT_3D('',#1540,#1541,#1542);
#1540 = CARTESIAN_POINT('',(33.,-1.102182119233E-15,-6.));
#1541 = DIRECTION('',(1.,0.,0.));
#1542 = DIRECTION('',(-0.,0.,1.));
#1543 = ADVANCED_FACE('',(#1544),#1563,.F.);
#1544 = FACE_BOUND('',#1545,.F.);
#1545 = EDGE_LOOP('',(#1546,#1554,#1561,#1562));
#1546 = ORIENTED_EDGE('',*,*,#1547,.T.);
#1547 = EDGE_CURVE('',#1320,#1548,#1550,.T.);
#1548 = VERTEX_POINT('',#1549);
#1549 = CARTESIAN_POINT('',(34.55,1.006659668899E-15,8.61));
#1550 = LINE('',#1551,#1552);
#1551 = CARTESIAN_POINT('',(33.,1.006659668899E-15,8.61));
#1552 = VECTOR('',#1553,1.);
#1553 = DIRECTION('',(1.,0.,0.));
#1554 = ORIENTED_EDGE('',*,*,#1555,.F.);
#1555 = EDGE_CURVE('',#1548,#1548,#1556,.T.);
#1556 = CIRCLE('',#1557,2.61);
#1557 = AXIS2_PLACEMENT_3D('',#1558,#1559,#1560);
#1558 = CARTESIAN_POINT('',(34.55,3.673940397442E-16,6.));
#1559 = DIRECTION('',(1.,0.,0.));
#1560 = DIRECTION('',(-0.,0.,1.));
#1561 = ORIENTED_EDGE('',*,*,#1547,.F.);
#1562 = ORIENTED_EDGE('',*,*,#1319,.T.);
#1563 = CYLINDRICAL_SURFACE('',#1564,2.61);
#1564 = AXIS2_PLACEMENT_3D('',#1565,#1566,#1567);
#1565 = CARTESIAN_POINT('',(33.,3.673940397442E-16,6.));
#1566 = DIRECTION('',(1.,0.,0.));
#1567 = DIRECTION('',(-0.,0.,1.));
#1568 = ADVANCED_FACE('',(#1569),#1588,.F.);
#1569 = FACE_BOUND('',#1570,.F.);
#1570 = EDGE_LOOP('',(#1571,#1579,#1586,#1587));
#1571 = ORIENTED_EDGE('',*,*,#1572,.T.);
#1572 = EDGE_CURVE('',#1331,#1573,#1575,.T.);
#1573 = VERTEX_POINT('',#1574);
#1574 = CARTESIAN_POINT('',(34.55,-6.,2.61));
#1575 = LINE('',#1576,#1577);
#1576 = CARTESIAN_POINT('',(33.,-6.,2.61));
#1577 = VECTOR('',#1578,1.);
#1578 = DIRECTION('',(1.,0.,0.));
#1579 = ORIENTED_EDGE('',*,*,#1580,.F.);
#1580 = EDGE_CURVE('',#1573,#1573,#1581,.T.);
#1581 = CIRCLE('',#1582,2.61);
#1582 = AXIS2_PLACEMENT_3D('',#1583,#1584,#1585);
#1583 = CARTESIAN_POINT('',(34.55,-6.,7.347880794884E-16));
#1584 = DIRECTION('',(1.,0.,0.));
#1585 = DIRECTION('',(-0.,0.,1.));
#1586 = ORIENTED_EDGE('',*,*,#1572,.F.);
#1587 = ORIENTED_EDGE('',*,*,#1330,.T.);
#1588 = CYLINDRICAL_SURFACE('',#1589,2.61);
#1589 = AXIS2_PLACEMENT_3D('',#1590,#1591,#1592);
#1590 = CARTESIAN_POINT('',(33.,-6.,7.347880794884E-16));
#1591 = DIRECTION('',(1.,0.,0.));
#1592 = DIRECTION('',(-0.,0.,1.));
#1593 = ADVANCED_FACE('',(#1594),#1613,.F.);
#1594 = FACE_BOUND('',#1595,.F.);
#1595 = EDGE_LOOP('',(#1596,#1604,#1611,#1612));
#1596 = ORIENTED_EDGE('',*,*,#1597,.T.);
#1597 = EDGE_CURVE('',#1416,#1598,#1600,.T.);
#1598 = VERTEX_POINT('',#1599);
#1599 = CARTESIAN_POINT('',(17.5,-16.55,7.2));
#1600 = LINE('',#1601,#1602);
#1601 = CARTESIAN_POINT('',(17.5,-26.,7.2));
#1602 = VECTOR('',#1603,1.);
#1603 = DIRECTION('',(0.,1.,0.));
#1604 = ORIENTED_EDGE('',*,*,#1605,.F.);
#1605 = EDGE_CURVE('',#1598,#1598,#1606,.T.);
#1606 = CIRCLE('',#1607,1.2);
#1607 = AXIS2_PLACEMENT_3D('',#1608,#1609,#1610);
#1608 = CARTESIAN_POINT('',(17.5,-16.55,6.));
#1609 = DIRECTION('',(0.,1.,0.));
#1610 = DIRECTION('',(0.,-0.,1.));
#1611 = ORIENTED_EDGE('',*,*,#1597,.F.);
#1612 = ORIENTED_EDGE('',*,*,#1415,.T.);
#1613 = CYLINDRICAL_SURFACE('',#1614,1.2);
#1614 = AXIS2_PLACEMENT_3D('',#1615,#1616,#1617);
#1615 = CARTESIAN_POINT('',(17.5,-26.,6.));
#1616 = DIRECTION('',(0.,1.,0.));
#1617 = DIRECTION('',(0.,-0.,1.));
#1618 = ADVANCED_FACE('',(#1619),#1638,.F.);
#1619 = FACE_BOUND('',#1620,.F.);
#1620 = EDGE_LOOP('',(#1621,#1629,#1636,#1637));
#1621 = ORIENTED_EDGE('',*,*,#1622,.T.);
#1622 = EDGE_CURVE('',#1436,#1623,#1625,.T.);
#1623 = VERTEX_POINT('',#1624);
#1624 = CARTESIAN_POINT('',(11.5,-16.55,1.2));
#1625 = LINE('',#1626,#1627);
#1626 = CARTESIAN_POINT('',(11.5,-26.,1.2));
#1627 = VECTOR('',#1628,1.);
#1628 = DIRECTION('',(0.,1.,0.));
#1629 = ORIENTED_EDGE('',*,*,#1630,.F.);
#1630 = EDGE_CURVE('',#1623,#1623,#1631,.T.);
#1631 = CIRCLE('',#1632,1.2);
#1632 = AXIS2_PLACEMENT_3D('',#1633,#1634,#1635);
#1633 = CARTESIAN_POINT('',(11.5,-16.55,7.347880794884E-16));
#1634 = DIRECTION('',(0.,1.,0.));
#1635 = DIRECTION('',(0.,-0.,1.));
#1636 = ORIENTED_EDGE('',*,*,#1622,.F.);
#1637 = ORIENTED_EDGE('',*,*,#1435,.T.);
#1638 = CYLINDRICAL_SURFACE('',#1639,1.2);
#1639 = AXIS2_PLACEMENT_3D('',#1640,#1641,#1642);
#1640 = CARTESIAN_POINT('',(11.5,-26.,7.347880794884E-16));
#1641 = DIRECTION('',(0.,1.,0.));
#1642 = DIRECTION('',(0.,-0.,1.));
#1643 = ADVANCED_FACE('',(#1644),#1663,.F.);
#1644 = FACE_BOUND('',#1645,.F.);
#1645 = EDGE_LOOP('',(#1646,#1654,#1661,#1662));
#1646 = ORIENTED_EDGE('',*,*,#1647,.T.);
#1647 = EDGE_CURVE('',#1456,#1648,#1650,.T.);
#1648 = VERTEX_POINT('',#1649);
#1649 = CARTESIAN_POINT('',(23.5,-16.55,1.2));
#1650 = LINE('',#1651,#1652);
#1651 = CARTESIAN_POINT('',(23.5,-26.,1.2));
#1652 = VECTOR('',#1653,1.);
#1653 = DIRECTION('',(0.,1.,0.));
#1654 = ORIENTED_EDGE('',*,*,#1655,.F.);
#1655 = EDGE_CURVE('',#1648,#1648,#1656,.T.);
#1656 = CIRCLE('',#1657,1.2);
#1657 = AXIS2_PLACEMENT_3D('',#1658,#1659,#1660);
#1658 = CARTESIAN_POINT('',(23.5,-16.55,0.));
#1659 = DIRECTION('',(0.,1.,0.));
#1660 = DIRECTION('',(0.,-0.,1.));
#1661 = ORIENTED_EDGE('',*,*,#1647,.F.);
#1662 = ORIENTED_EDGE('',*,*,#1455,.T.);
#1663 = CYLINDRICAL_SURFACE('',#1664,1.2);
#1664 = AXIS2_PLACEMENT_3D('',#1665,#1666,#1667);
#1665 = CARTESIAN_POINT('',(23.5,-26.,0.));
#1666 = DIRECTION('',(0.,1.,0.));
#1667 = DIRECTION('',(0.,-0.,1.));
#1668 = ADVANCED_FACE('',(#1669,#1672,#1675,#1678,#1689,#1692),#1695,.T.
  );
#1669 = FACE_BOUND('',#1670,.T.);
#1670 = EDGE_LOOP('',(#1671));
#1671 = ORIENTED_EDGE('',*,*,#57,.T.);
#1672 = FACE_BOUND('',#1673,.T.);
#1673 = EDGE_LOOP('',(#1674));
#1674 = ORIENTED_EDGE('',*,*,#1630,.F.);
#1675 = FACE_BOUND('',#1676,.T.);
#1676 = EDGE_LOOP('',(#1677));
#1677 = ORIENTED_EDGE('',*,*,#1480,.F.);
#1678 = FACE_BOUND('',#1679,.T.);
#1679 = EDGE_LOOP('',(#1680));
#1680 = ORIENTED_EDGE('',*,*,#1681,.F.);
#1681 = EDGE_CURVE('',#1682,#1682,#1684,.T.);
#1682 = VERTEX_POINT('',#1683);
#1683 = CARTESIAN_POINT('',(17.5,-16.55,3.));
#1684 = CIRCLE('',#1685,3.);
#1685 = AXIS2_PLACEMENT_3D('',#1686,#1687,#1688);
#1686 = CARTESIAN_POINT('',(17.5,-16.55,0.));
#1687 = DIRECTION('',(0.,1.,0.));
#1688 = DIRECTION('',(0.,-0.,1.));
#1689 = FACE_BOUND('',#1690,.T.);
#1690 = EDGE_LOOP('',(#1691));
#1691 = ORIENTED_EDGE('',*,*,#1605,.F.);
#1692 = FACE_BOUND('',#1693,.T.);
#1693 = EDGE_LOOP('',(#1694));
#1694 = ORIENTED_EDGE('',*,*,#1655,.F.);
#1695 = PLANE('',#1696);
#1696 = AXIS2_PLACEMENT_3D('',#1697,#1698,#1699);
#1697 = CARTESIAN_POINT('',(17.5,-16.55,0.));
#1698 = DIRECTION('',(0.,1.,0.));
#1699 = DIRECTION('',(0.,-0.,1.));
#1700 = ADVANCED_FACE('',(#1701,#1704),#1715,.F.);
#1701 = FACE_BOUND('',#1702,.F.);
#1702 = EDGE_LOOP('',(#1703));
#1703 = ORIENTED_EDGE('',*,*,#1505,.T.);
#1704 = FACE_BOUND('',#1705,.F.);
#1705 = EDGE_LOOP('',(#1706));
#1706 = ORIENTED_EDGE('',*,*,#1707,.F.);
#1707 = EDGE_CURVE('',#1708,#1708,#1710,.T.);
#1708 = VERTEX_POINT('',#1709);
#1709 = CARTESIAN_POINT('',(34.55,6.,2.42));
#1710 = CIRCLE('',#1711,2.42);
#1711 = AXIS2_PLACEMENT_3D('',#1712,#1713,#1714);
#1712 = CARTESIAN_POINT('',(34.55,6.,0.));
#1713 = DIRECTION('',(1.,0.,0.));
#1714 = DIRECTION('',(-0.,0.,1.));
#1715 = PLANE('',#1716);
#1716 = AXIS2_PLACEMENT_3D('',#1717,#1718,#1719);
#1717 = CARTESIAN_POINT('',(34.55,6.,0.));
#1718 = DIRECTION('',(1.,0.,0.));
#1719 = DIRECTION('',(-0.,0.,1.));
#1720 = ADVANCED_FACE('',(#1721,#1724),#1735,.F.);
#1721 = FACE_BOUND('',#1722,.F.);
#1722 = EDGE_LOOP('',(#1723));
#1723 = ORIENTED_EDGE('',*,*,#1530,.T.);
#1724 = FACE_BOUND('',#1725,.F.);
#1725 = EDGE_LOOP('',(#1726));
#1726 = ORIENTED_EDGE('',*,*,#1727,.F.);
#1727 = EDGE_CURVE('',#1728,#1728,#1730,.T.);
#1728 = VERTEX_POINT('',#1729);
#1729 = CARTESIAN_POINT('',(34.55,-5.094530684453E-16,-3.58));
#1730 = CIRCLE('',#1731,2.42);
#1731 = AXIS2_PLACEMENT_3D('',#1732,#1733,#1734);
#1732 = CARTESIAN_POINT('',(34.55,-1.102182119233E-15,-6.));
#1733 = DIRECTION('',(1.,0.,0.));
#1734 = DIRECTION('',(-0.,0.,1.));
#1735 = PLANE('',#1736);
#1736 = AXIS2_PLACEMENT_3D('',#1737,#1738,#1739);
#1737 = CARTESIAN_POINT('',(34.55,-1.102182119233E-15,-6.));
#1738 = DIRECTION('',(1.,0.,0.));
#1739 = DIRECTION('',(-0.,0.,1.));
#1740 = ADVANCED_FACE('',(#1741,#1744),#1755,.F.);
#1741 = FACE_BOUND('',#1742,.F.);
#1742 = EDGE_LOOP('',(#1743));
#1743 = ORIENTED_EDGE('',*,*,#1555,.T.);
#1744 = FACE_BOUND('',#1745,.F.);
#1745 = EDGE_LOOP('',(#1746));
#1746 = ORIENTED_EDGE('',*,*,#1747,.F.);
#1747 = EDGE_CURVE('',#1748,#1748,#1750,.T.);
#1748 = VERTEX_POINT('',#1749);
#1749 = CARTESIAN_POINT('',(34.55,9.601230905315E-16,8.42));
#1750 = CIRCLE('',#1751,2.42);
#1751 = AXIS2_PLACEMENT_3D('',#1752,#1753,#1754);
#1752 = CARTESIAN_POINT('',(34.55,3.673940397442E-16,6.));
#1753 = DIRECTION('',(1.,0.,0.));
#1754 = DIRECTION('',(-0.,0.,1.));
#1755 = PLANE('',#1756);
#1756 = AXIS2_PLACEMENT_3D('',#1757,#1758,#1759);
#1757 = CARTESIAN_POINT('',(34.55,3.673940397442E-16,6.));
#1758 = DIRECTION('',(1.,0.,0.));
#1759 = DIRECTION('',(-0.,0.,1.));
#1760 = ADVANCED_FACE('',(#1761,#1764),#1775,.F.);
#1761 = FACE_BOUND('',#1762,.F.);
#1762 = EDGE_LOOP('',(#1763));
#1763 = ORIENTED_EDGE('',*,*,#1580,.T.);
#1764 = FACE_BOUND('',#1765,.F.);
#1765 = EDGE_LOOP('',(#1766));
#1766 = ORIENTED_EDGE('',*,*,#1767,.F.);
#1767 = EDGE_CURVE('',#1768,#1768,#1770,.T.);
#1768 = VERTEX_POINT('',#1769);
#1769 = CARTESIAN_POINT('',(34.55,-6.,2.42));
#1770 = CIRCLE('',#1771,2.42);
#1771 = AXIS2_PLACEMENT_3D('',#1772,#1773,#1774);
#1772 = CARTESIAN_POINT('',(34.55,-6.,7.347880794884E-16));
#1773 = DIRECTION('',(1.,0.,0.));
#1774 = DIRECTION('',(-0.,0.,1.));
#1775 = PLANE('',#1776);
#1776 = AXIS2_PLACEMENT_3D('',#1777,#1778,#1779);
#1777 = CARTESIAN_POINT('',(34.55,-6.,7.347880794884E-16));
#1778 = DIRECTION('',(1.,0.,0.));
#1779 = DIRECTION('',(-0.,0.,1.));
#1780 = ADVANCED_FACE('',(#1781),#1800,.F.);
#1781 = FACE_BOUND('',#1782,.F.);
#1782 = EDGE_LOOP('',(#1783,#1784,#1792,#1799));
#1783 = ORIENTED_EDGE('',*,*,#1681,.F.);
#1784 = ORIENTED_EDGE('',*,*,#1785,.F.);
#1785 = EDGE_CURVE('',#1786,#1682,#1788,.T.);
#1786 = VERTEX_POINT('',#1787);
#1787 = CARTESIAN_POINT('',(17.5,-18.5,3.));
#1788 = LINE('',#1789,#1790);
#1789 = CARTESIAN_POINT('',(17.5,-18.5,3.));
#1790 = VECTOR('',#1791,1.);
#1791 = DIRECTION('',(0.,1.,0.));
#1792 = ORIENTED_EDGE('',*,*,#1793,.T.);
#1793 = EDGE_CURVE('',#1786,#1786,#1794,.T.);
#1794 = CIRCLE('',#1795,3.);
#1795 = AXIS2_PLACEMENT_3D('',#1796,#1797,#1798);
#1796 = CARTESIAN_POINT('',(17.5,-18.5,0.));
#1797 = DIRECTION('',(0.,1.,0.));
#1798 = DIRECTION('',(0.,-0.,1.));
#1799 = ORIENTED_EDGE('',*,*,#1785,.T.);
#1800 = CYLINDRICAL_SURFACE('',#1801,3.);
#1801 = AXIS2_PLACEMENT_3D('',#1802,#1803,#1804);
#1802 = CARTESIAN_POINT('',(17.5,-18.5,0.));
#1803 = DIRECTION('',(0.,1.,0.));
#1804 = DIRECTION('',(0.,-0.,1.));
#1805 = ADVANCED_FACE('',(#1806),#1825,.F.);
#1806 = FACE_BOUND('',#1807,.F.);
#1807 = EDGE_LOOP('',(#1808,#1816,#1823,#1824));
#1808 = ORIENTED_EDGE('',*,*,#1809,.T.);
#1809 = EDGE_CURVE('',#1708,#1810,#1812,.T.);
#1810 = VERTEX_POINT('',#1811);
#1811 = CARTESIAN_POINT('',(37.5,6.,2.42));
#1812 = LINE('',#1813,#1814);
#1813 = CARTESIAN_POINT('',(33.,6.,2.42));
#1814 = VECTOR('',#1815,1.);
#1815 = DIRECTION('',(1.,0.,0.));
#1816 = ORIENTED_EDGE('',*,*,#1817,.F.);
#1817 = EDGE_CURVE('',#1810,#1810,#1818,.T.);
#1818 = CIRCLE('',#1819,2.42);
#1819 = AXIS2_PLACEMENT_3D('',#1820,#1821,#1822);
#1820 = CARTESIAN_POINT('',(37.5,6.,0.));
#1821 = DIRECTION('',(1.,0.,0.));
#1822 = DIRECTION('',(-0.,0.,1.));
#1823 = ORIENTED_EDGE('',*,*,#1809,.F.);
#1824 = ORIENTED_EDGE('',*,*,#1707,.T.);
#1825 = CYLINDRICAL_SURFACE('',#1826,2.42);
#1826 = AXIS2_PLACEMENT_3D('',#1827,#1828,#1829);
#1827 = CARTESIAN_POINT('',(33.,6.,0.));
#1828 = DIRECTION('',(1.,0.,0.));
#1829 = DIRECTION('',(-0.,0.,1.));
#1830 = ADVANCED_FACE('',(#1831),#1850,.F.);
#1831 = FACE_BOUND('',#1832,.F.);
#1832 = EDGE_LOOP('',(#1833,#1841,#1848,#1849));
#1833 = ORIENTED_EDGE('',*,*,#1834,.T.);
#1834 = EDGE_CURVE('',#1728,#1835,#1837,.T.);
#1835 = VERTEX_POINT('',#1836);
#1836 = CARTESIAN_POINT('',(37.5,-5.094530684453E-16,-3.58));
#1837 = LINE('',#1838,#1839);
#1838 = CARTESIAN_POINT('',(33.,-5.094530684453E-16,-3.58));
#1839 = VECTOR('',#1840,1.);
#1840 = DIRECTION('',(1.,0.,0.));
#1841 = ORIENTED_EDGE('',*,*,#1842,.F.);
#1842 = EDGE_CURVE('',#1835,#1835,#1843,.T.);
#1843 = CIRCLE('',#1844,2.42);
#1844 = AXIS2_PLACEMENT_3D('',#1845,#1846,#1847);
#1845 = CARTESIAN_POINT('',(37.5,-1.102182119233E-15,-6.));
#1846 = DIRECTION('',(1.,0.,0.));
#1847 = DIRECTION('',(-0.,0.,1.));
#1848 = ORIENTED_EDGE('',*,*,#1834,.F.);
#1849 = ORIENTED_EDGE('',*,*,#1727,.T.);
#1850 = CYLINDRICAL_SURFACE('',#1851,2.42);
#1851 = AXIS2_PLACEMENT_3D('',#1852,#1853,#1854);
#1852 = CARTESIAN_POINT('',(33.,-1.102182119233E-15,-6.));
#1853 = DIRECTION('',(1.,0.,0.));
#1854 = DIRECTION('',(-0.,0.,1.));
#1855 = ADVANCED_FACE('',(#1856),#1875,.F.);
#1856 = FACE_BOUND('',#1857,.F.);
#1857 = EDGE_LOOP('',(#1858,#1866,#1873,#1874));
#1858 = ORIENTED_EDGE('',*,*,#1859,.T.);
#1859 = EDGE_CURVE('',#1748,#1860,#1862,.T.);
#1860 = VERTEX_POINT('',#1861);
#1861 = CARTESIAN_POINT('',(37.5,9.601230905315E-16,8.42));
#1862 = LINE('',#1863,#1864);
#1863 = CARTESIAN_POINT('',(33.,9.601230905315E-16,8.42));
#1864 = VECTOR('',#1865,1.);
#1865 = DIRECTION('',(1.,0.,0.));
#1866 = ORIENTED_EDGE('',*,*,#1867,.F.);
#1867 = EDGE_CURVE('',#1860,#1860,#1868,.T.);
#1868 = CIRCLE('',#1869,2.42);
#1869 = AXIS2_PLACEMENT_3D('',#1870,#1871,#1872);
#1870 = CARTESIAN_POINT('',(37.5,3.673940397442E-16,6.));
#1871 = DIRECTION('',(1.,0.,0.));
#1872 = DIRECTION('',(-0.,0.,1.));
#1873 = ORIENTED_EDGE('',*,*,#1859,.F.);
#1874 = ORIENTED_EDGE('',*,*,#1747,.T.);
#1875 = CYLINDRICAL_SURFACE('',#1876,2.42);
#1876 = AXIS2_PLACEMENT_3D('',#1877,#1878,#1879);
#1877 = CARTESIAN_POINT('',(33.,3.673940397442E-16,6.));
#1878 = DIRECTION('',(1.,0.,0.));
#1879 = DIRECTION('',(-0.,0.,1.));
#1880 = ADVANCED_FACE('',(#1881),#1900,.F.);
#1881 = FACE_BOUND('',#1882,.F.);
#1882 = EDGE_LOOP('',(#1883,#1891,#1898,#1899));
#1883 = ORIENTED_EDGE('',*,*,#1884,.T.);
#1884 = EDGE_CURVE('',#1768,#1885,#1887,.T.);
#1885 = VERTEX_POINT('',#1886);
#1886 = CARTESIAN_POINT('',(37.5,-6.,2.42));
#1887 = LINE('',#1888,#1889);
#1888 = CARTESIAN_POINT('',(33.,-6.,2.42));
#1889 = VECTOR('',#1890,1.);
#1890 = DIRECTION('',(1.,0.,0.));
#1891 = ORIENTED_EDGE('',*,*,#1892,.F.);
#1892 = EDGE_CURVE('',#1885,#1885,#1893,.T.);
#1893 = CIRCLE('',#1894,2.42);
#1894 = AXIS2_PLACEMENT_3D('',#1895,#1896,#1897);
#1895 = CARTESIAN_POINT('',(37.5,-6.,7.347880794884E-16));
#1896 = DIRECTION('',(1.,0.,0.));
#1897 = DIRECTION('',(-0.,0.,1.));
#1898 = ORIENTED_EDGE('',*,*,#1884,.F.);
#1899 = ORIENTED_EDGE('',*,*,#1767,.T.);
#1900 = CYLINDRICAL_SURFACE('',#1901,2.42);
#1901 = AXIS2_PLACEMENT_3D('',#1902,#1903,#1904);
#1902 = CARTESIAN_POINT('',(33.,-6.,7.347880794884E-16));
#1903 = DIRECTION('',(1.,0.,0.));
#1904 = DIRECTION('',(-0.,0.,1.));
#1905 = ADVANCED_FACE('',(#1906),#1909,.T.);
#1906 = FACE_BOUND('',#1907,.F.);
#1907 = EDGE_LOOP('',(#1908));
#1908 = ORIENTED_EDGE('',*,*,#1793,.F.);
#1909 = PLANE('',#1910);
#1910 = AXIS2_PLACEMENT_3D('',#1911,#1912,#1913);
#1911 = CARTESIAN_POINT('',(17.5,-18.5,0.));
#1912 = DIRECTION('',(0.,1.,0.));
#1913 = DIRECTION('',(0.,-0.,1.));
#1914 = ADVANCED_FACE('',(#1915,#1918),#1929,.F.);
#1915 = FACE_BOUND('',#1916,.F.);
#1916 = EDGE_LOOP('',(#1917));
#1917 = ORIENTED_EDGE('',*,*,#1817,.T.);
#1918 = FACE_BOUND('',#1919,.F.);
#1919 = EDGE_LOOP('',(#1920));
#1920 = ORIENTED_EDGE('',*,*,#1921,.F.);
#1921 = EDGE_CURVE('',#1922,#1922,#1924,.T.);
#1922 = VERTEX_POINT('',#1923);
#1923 = CARTESIAN_POINT('',(37.5,6.,1.2));
#1924 = CIRCLE('',#1925,1.2);
#1925 = AXIS2_PLACEMENT_3D('',#1926,#1927,#1928);
#1926 = CARTESIAN_POINT('',(37.5,6.,0.));
#1927 = DIRECTION('',(1.,0.,0.));
#1928 = DIRECTION('',(-0.,0.,1.));
#1929 = PLANE('',#1930);
#1930 = AXIS2_PLACEMENT_3D('',#1931,#1932,#1933);
#1931 = CARTESIAN_POINT('',(37.5,6.,0.));
#1932 = DIRECTION('',(1.,0.,0.));
#1933 = DIRECTION('',(-0.,0.,1.));
#1934 = ADVANCED_FACE('',(#1935,#1946),#1957,.T.);
#1935 = FACE_BOUND('',#1936,.T.);
#1936 = EDGE_LOOP('',(#1937));
#1937 = ORIENTED_EDGE('',*,*,#1938,.T.);
#1938 = EDGE_CURVE('',#1939,#1939,#1941,.T.);
#1939 = VERTEX_POINT('',#1940);
#1940 = CARTESIAN_POINT('',(38.5,2.32682891838E-15,9.5));
#1941 = CIRCLE('',#1942,9.5);
#1942 = AXIS2_PLACEMENT_3D('',#1943,#1944,#1945);
#1943 = CARTESIAN_POINT('',(38.5,0.,0.));
#1944 = DIRECTION('',(1.,0.,0.));
#1945 = DIRECTION('',(-0.,0.,1.));
#1946 = FACE_BOUND('',#1947,.T.);
#1947 = EDGE_LOOP('',(#1948));
#1948 = ORIENTED_EDGE('',*,*,#1949,.F.);
#1949 = EDGE_CURVE('',#1950,#1950,#1952,.T.);
#1950 = VERTEX_POINT('',#1951);
#1951 = CARTESIAN_POINT('',(38.5,1.959434878636E-15,8.));
#1952 = CIRCLE('',#1953,8.);
#1953 = AXIS2_PLACEMENT_3D('',#1954,#1955,#1956);
#1954 = CARTESIAN_POINT('',(38.5,0.,0.));
#1955 = DIRECTION('',(1.,0.,0.));
#1956 = DIRECTION('',(-0.,0.,1.));
#1957 = PLANE('',#1958);
#1958 = AXIS2_PLACEMENT_3D('',#1959,#1960,#1961);
#1959 = CARTESIAN_POINT('',(38.5,0.,0.));
#1960 = DIRECTION('',(1.,0.,0.));
#1961 = DIRECTION('',(-0.,0.,1.));
#1962 = ADVANCED_FACE('',(#1963),#1982,.T.);
#1963 = FACE_BOUND('',#1964,.T.);
#1964 = EDGE_LOOP('',(#1965,#1973,#1980,#1981));
#1965 = ORIENTED_EDGE('',*,*,#1966,.T.);
#1966 = EDGE_CURVE('',#1950,#1967,#1969,.T.);
#1967 = VERTEX_POINT('',#1968);
#1968 = CARTESIAN_POINT('',(40.45,1.959434878636E-15,8.));
#1969 = LINE('',#1970,#1971);
#1970 = CARTESIAN_POINT('',(38.49,1.959434878636E-15,8.));
#1971 = VECTOR('',#1972,1.);
#1972 = DIRECTION('',(1.,0.,0.));
#1973 = ORIENTED_EDGE('',*,*,#1974,.F.);
#1974 = EDGE_CURVE('',#1967,#1967,#1975,.T.);
#1975 = CIRCLE('',#1976,8.);
#1976 = AXIS2_PLACEMENT_3D('',#1977,#1978,#1979);
#1977 = CARTESIAN_POINT('',(40.45,0.,0.));
#1978 = DIRECTION('',(1.,0.,0.));
#1979 = DIRECTION('',(-0.,0.,1.));
#1980 = ORIENTED_EDGE('',*,*,#1966,.F.);
#1981 = ORIENTED_EDGE('',*,*,#1949,.T.);
#1982 = CYLINDRICAL_SURFACE('',#1983,8.);
#1983 = AXIS2_PLACEMENT_3D('',#1984,#1985,#1986);
#1984 = CARTESIAN_POINT('',(38.49,0.,0.));
#1985 = DIRECTION('',(1.,0.,0.));
#1986 = DIRECTION('',(-0.,0.,1.));
#1987 = ADVANCED_FACE('',(#1988,#1991,#2002,#2013,#2024,#2035),#2046,.T.
  );
#1988 = FACE_BOUND('',#1989,.T.);
#1989 = EDGE_LOOP('',(#1990));
#1990 = ORIENTED_EDGE('',*,*,#1974,.T.);
#1991 = FACE_BOUND('',#1992,.T.);
#1992 = EDGE_LOOP('',(#1993));
#1993 = ORIENTED_EDGE('',*,*,#1994,.F.);
#1994 = EDGE_CURVE('',#1995,#1995,#1997,.T.);
#1995 = VERTEX_POINT('',#1996);
#1996 = CARTESIAN_POINT('',(40.45,6.,1.2));
#1997 = CIRCLE('',#1998,1.2);
#1998 = AXIS2_PLACEMENT_3D('',#1999,#2000,#2001);
#1999 = CARTESIAN_POINT('',(40.45,6.,0.));
#2000 = DIRECTION('',(1.,0.,0.));
#2001 = DIRECTION('',(-0.,0.,1.));
#2002 = FACE_BOUND('',#2003,.T.);
#2003 = EDGE_LOOP('',(#2004));
#2004 = ORIENTED_EDGE('',*,*,#2005,.F.);
#2005 = EDGE_CURVE('',#2006,#2006,#2008,.T.);
#2006 = VERTEX_POINT('',#2007);
#2007 = CARTESIAN_POINT('',(40.45,-8.082668874373E-16,-4.8));
#2008 = CIRCLE('',#2009,1.2);
#2009 = AXIS2_PLACEMENT_3D('',#2010,#2011,#2012);
#2010 = CARTESIAN_POINT('',(40.45,-1.102182119233E-15,-6.));
#2011 = DIRECTION('',(1.,0.,0.));
#2012 = DIRECTION('',(-0.,0.,1.));
#2013 = FACE_BOUND('',#2014,.T.);
#2014 = EDGE_LOOP('',(#2015));
#2015 = ORIENTED_EDGE('',*,*,#2016,.F.);
#2016 = EDGE_CURVE('',#2017,#2017,#2019,.T.);
#2017 = VERTEX_POINT('',#2018);
#2018 = CARTESIAN_POINT('',(40.45,7.347880794884E-16,3.));
#2019 = CIRCLE('',#2020,3.);
#2020 = AXIS2_PLACEMENT_3D('',#2021,#2022,#2023);
#2021 = CARTESIAN_POINT('',(40.45,0.,0.));
#2022 = DIRECTION('',(1.,0.,0.));
#2023 = DIRECTION('',(-0.,0.,1.));
#2024 = FACE_BOUND('',#2025,.T.);
#2025 = EDGE_LOOP('',(#2026));
#2026 = ORIENTED_EDGE('',*,*,#2027,.F.);
#2027 = EDGE_CURVE('',#2028,#2028,#2030,.T.);
#2028 = VERTEX_POINT('',#2029);
#2029 = CARTESIAN_POINT('',(40.45,6.613092715396E-16,7.2));
#2030 = CIRCLE('',#2031,1.2);
#2031 = AXIS2_PLACEMENT_3D('',#2032,#2033,#2034);
#2032 = CARTESIAN_POINT('',(40.45,3.673940397442E-16,6.));
#2033 = DIRECTION('',(1.,0.,0.));
#2034 = DIRECTION('',(-0.,0.,1.));
#2035 = FACE_BOUND('',#2036,.T.);
#2036 = EDGE_LOOP('',(#2037));
#2037 = ORIENTED_EDGE('',*,*,#2038,.F.);
#2038 = EDGE_CURVE('',#2039,#2039,#2041,.T.);
#2039 = VERTEX_POINT('',#2040);
#2040 = CARTESIAN_POINT('',(40.45,-6.,1.2));
#2041 = CIRCLE('',#2042,1.2);
#2042 = AXIS2_PLACEMENT_3D('',#2043,#2044,#2045);
#2043 = CARTESIAN_POINT('',(40.45,-6.,7.347880794884E-16));
#2044 = DIRECTION('',(1.,0.,0.));
#2045 = DIRECTION('',(-0.,0.,1.));
#2046 = PLANE('',#2047);
#2047 = AXIS2_PLACEMENT_3D('',#2048,#2049,#2050);
#2048 = CARTESIAN_POINT('',(40.45,0.,0.));
#2049 = DIRECTION('',(1.,0.,0.));
#2050 = DIRECTION('',(-0.,0.,1.));
#2051 = ADVANCED_FACE('',(#2052),#2063,.F.);
#2052 = FACE_BOUND('',#2053,.F.);
#2053 = EDGE_LOOP('',(#2054,#2055,#2061,#2062));
#2054 = ORIENTED_EDGE('',*,*,#1921,.T.);
#2055 = ORIENTED_EDGE('',*,*,#2056,.T.);
#2056 = EDGE_CURVE('',#1922,#1995,#2057,.T.);
#2057 = LINE('',#2058,#2059);
#2058 = CARTESIAN_POINT('',(33.,6.,1.2));
#2059 = VECTOR('',#2060,1.);
#2060 = DIRECTION('',(1.,0.,0.));
#2061 = ORIENTED_EDGE('',*,*,#1994,.F.);
#2062 = ORIENTED_EDGE('',*,*,#2056,.F.);
#2063 = CYLINDRICAL_SURFACE('',#2064,1.2);
#2064 = AXIS2_PLACEMENT_3D('',#2065,#2066,#2067);
#2065 = CARTESIAN_POINT('',(33.,6.,0.));
#2066 = DIRECTION('',(1.,0.,0.));
#2067 = DIRECTION('',(-0.,0.,1.));
#2068 = ADVANCED_FACE('',(#2069),#2088,.F.);
#2069 = FACE_BOUND('',#2070,.F.);
#2070 = EDGE_LOOP('',(#2071,#2080,#2086,#2087));
#2071 = ORIENTED_EDGE('',*,*,#2072,.T.);
#2072 = EDGE_CURVE('',#2073,#2073,#2075,.T.);
#2073 = VERTEX_POINT('',#2074);
#2074 = CARTESIAN_POINT('',(37.5,-8.082668874373E-16,-4.8));
#2075 = CIRCLE('',#2076,1.2);
#2076 = AXIS2_PLACEMENT_3D('',#2077,#2078,#2079);
#2077 = CARTESIAN_POINT('',(37.5,-1.102182119233E-15,-6.));
#2078 = DIRECTION('',(1.,0.,0.));
#2079 = DIRECTION('',(-0.,0.,1.));
#2080 = ORIENTED_EDGE('',*,*,#2081,.T.);
#2081 = EDGE_CURVE('',#2073,#2006,#2082,.T.);
#2082 = LINE('',#2083,#2084);
#2083 = CARTESIAN_POINT('',(33.,-8.082668874373E-16,-4.8));
#2084 = VECTOR('',#2085,1.);
#2085 = DIRECTION('',(1.,0.,0.));
#2086 = ORIENTED_EDGE('',*,*,#2005,.F.);
#2087 = ORIENTED_EDGE('',*,*,#2081,.F.);
#2088 = CYLINDRICAL_SURFACE('',#2089,1.2);
#2089 = AXIS2_PLACEMENT_3D('',#2090,#2091,#2092);
#2090 = CARTESIAN_POINT('',(33.,-1.102182119233E-15,-6.));
#2091 = DIRECTION('',(1.,0.,0.));
#2092 = DIRECTION('',(-0.,0.,1.));
#2093 = ADVANCED_FACE('',(#2094),#2113,.F.);
#2094 = FACE_BOUND('',#2095,.F.);
#2095 = EDGE_LOOP('',(#2096,#2097,#2105,#2112));
#2096 = ORIENTED_EDGE('',*,*,#2016,.F.);
#2097 = ORIENTED_EDGE('',*,*,#2098,.F.);
#2098 = EDGE_CURVE('',#2099,#2017,#2101,.T.);
#2099 = VERTEX_POINT('',#2100);
#2100 = CARTESIAN_POINT('',(38.5,7.347880794884E-16,3.));
#2101 = LINE('',#2102,#2103);
#2102 = CARTESIAN_POINT('',(38.5,7.347880794884E-16,3.));
#2103 = VECTOR('',#2104,1.);
#2104 = DIRECTION('',(1.,0.,0.));
#2105 = ORIENTED_EDGE('',*,*,#2106,.T.);
#2106 = EDGE_CURVE('',#2099,#2099,#2107,.T.);
#2107 = CIRCLE('',#2108,3.);
#2108 = AXIS2_PLACEMENT_3D('',#2109,#2110,#2111);
#2109 = CARTESIAN_POINT('',(38.5,0.,0.));
#2110 = DIRECTION('',(1.,0.,0.));
#2111 = DIRECTION('',(-0.,0.,1.));
#2112 = ORIENTED_EDGE('',*,*,#2098,.T.);
#2113 = CYLINDRICAL_SURFACE('',#2114,3.);
#2114 = AXIS2_PLACEMENT_3D('',#2115,#2116,#2117);
#2115 = CARTESIAN_POINT('',(38.5,0.,0.));
#2116 = DIRECTION('',(1.,0.,0.));
#2117 = DIRECTION('',(-0.,0.,1.));
#2118 = ADVANCED_FACE('',(#2119),#2138,.F.);
#2119 = FACE_BOUND('',#2120,.F.);
#2120 = EDGE_LOOP('',(#2121,#2130,#2136,#2137));
#2121 = ORIENTED_EDGE('',*,*,#2122,.T.);
#2122 = EDGE_CURVE('',#2123,#2123,#2125,.T.);
#2123 = VERTEX_POINT('',#2124);
#2124 = CARTESIAN_POINT('',(37.5,6.613092715396E-16,7.2));
#2125 = CIRCLE('',#2126,1.2);
#2126 = AXIS2_PLACEMENT_3D('',#2127,#2128,#2129);
#2127 = CARTESIAN_POINT('',(37.5,3.673940397442E-16,6.));
#2128 = DIRECTION('',(1.,0.,0.));
#2129 = DIRECTION('',(-0.,0.,1.));
#2130 = ORIENTED_EDGE('',*,*,#2131,.T.);
#2131 = EDGE_CURVE('',#2123,#2028,#2132,.T.);
#2132 = LINE('',#2133,#2134);
#2133 = CARTESIAN_POINT('',(33.,6.613092715396E-16,7.2));
#2134 = VECTOR('',#2135,1.);
#2135 = DIRECTION('',(1.,0.,0.));
#2136 = ORIENTED_EDGE('',*,*,#2027,.F.);
#2137 = ORIENTED_EDGE('',*,*,#2131,.F.);
#2138 = CYLINDRICAL_SURFACE('',#2139,1.2);
#2139 = AXIS2_PLACEMENT_3D('',#2140,#2141,#2142);
#2140 = CARTESIAN_POINT('',(33.,3.673940397442E-16,6.));
#2141 = DIRECTION('',(1.,0.,0.));
#2142 = DIRECTION('',(-0.,0.,1.));
#2143 = ADVANCED_FACE('',(#2144),#2163,.F.);
#2144 = FACE_BOUND('',#2145,.F.);
#2145 = EDGE_LOOP('',(#2146,#2155,#2161,#2162));
#2146 = ORIENTED_EDGE('',*,*,#2147,.T.);
#2147 = EDGE_CURVE('',#2148,#2148,#2150,.T.);
#2148 = VERTEX_POINT('',#2149);
#2149 = CARTESIAN_POINT('',(37.5,-6.,1.2));
#2150 = CIRCLE('',#2151,1.2);
#2151 = AXIS2_PLACEMENT_3D('',#2152,#2153,#2154);
#2152 = CARTESIAN_POINT('',(37.5,-6.,7.347880794884E-16));
#2153 = DIRECTION('',(1.,0.,0.));
#2154 = DIRECTION('',(-0.,0.,1.));
#2155 = ORIENTED_EDGE('',*,*,#2156,.T.);
#2156 = EDGE_CURVE('',#2148,#2039,#2157,.T.);
#2157 = LINE('',#2158,#2159);
#2158 = CARTESIAN_POINT('',(33.,-6.,1.2));
#2159 = VECTOR('',#2160,1.);
#2160 = DIRECTION('',(1.,0.,0.));
#2161 = ORIENTED_EDGE('',*,*,#2038,.F.);
#2162 = ORIENTED_EDGE('',*,*,#2156,.F.);
#2163 = CYLINDRICAL_SURFACE('',#2164,1.2);
#2164 = AXIS2_PLACEMENT_3D('',#2165,#2166,#2167);
#2165 = CARTESIAN_POINT('',(33.,-6.,7.347880794884E-16));
#2166 = DIRECTION('',(1.,0.,0.));
#2167 = DIRECTION('',(-0.,0.,1.));
#2168 = ADVANCED_FACE('',(#2169,#2172),#2175,.F.);
#2169 = FACE_BOUND('',#2170,.F.);
#2170 = EDGE_LOOP('',(#2171));
#2171 = ORIENTED_EDGE('',*,*,#1842,.T.);
#2172 = FACE_BOUND('',#2173,.F.);
#2173 = EDGE_LOOP('',(#2174));
#2174 = ORIENTED_EDGE('',*,*,#2072,.F.);
#2175 = PLANE('',#2176);
#2176 = AXIS2_PLACEMENT_3D('',#2177,#2178,#2179);
#2177 = CARTESIAN_POINT('',(37.5,-1.102182119233E-15,-6.));
#2178 = DIRECTION('',(1.,0.,0.));
#2179 = DIRECTION('',(-0.,0.,1.));
#2180 = ADVANCED_FACE('',(#2181,#2184),#2187,.F.);
#2181 = FACE_BOUND('',#2182,.F.);
#2182 = EDGE_LOOP('',(#2183));
#2183 = ORIENTED_EDGE('',*,*,#1867,.T.);
#2184 = FACE_BOUND('',#2185,.F.);
#2185 = EDGE_LOOP('',(#2186));
#2186 = ORIENTED_EDGE('',*,*,#2122,.F.);
#2187 = PLANE('',#2188);
#2188 = AXIS2_PLACEMENT_3D('',#2189,#2190,#2191);
#2189 = CARTESIAN_POINT('',(37.5,3.673940397442E-16,6.));
#2190 = DIRECTION('',(1.,0.,0.));
#2191 = DIRECTION('',(-0.,0.,1.));
#2192 = ADVANCED_FACE('',(#2193,#2196),#2199,.F.);
#2193 = FACE_BOUND('',#2194,.F.);
#2194 = EDGE_LOOP('',(#2195));
#2195 = ORIENTED_EDGE('',*,*,#1892,.T.);
#2196 = FACE_BOUND('',#2197,.F.);
#2197 = EDGE_LOOP('',(#2198));
#2198 = ORIENTED_EDGE('',*,*,#2147,.F.);
#2199 = PLANE('',#2200);
#2200 = AXIS2_PLACEMENT_3D('',#2201,#2202,#2203);
#2201 = CARTESIAN_POINT('',(37.5,-6.,7.347880794884E-16));
#2202 = DIRECTION('',(1.,0.,0.));
#2203 = DIRECTION('',(-0.,0.,1.));
#2204 = ADVANCED_FACE('',(#2205),#2208,.T.);
#2205 = FACE_BOUND('',#2206,.F.);
#2206 = EDGE_LOOP('',(#2207));
#2207 = ORIENTED_EDGE('',*,*,#2106,.F.);
#2208 = PLANE('',#2209);
#2209 = AXIS2_PLACEMENT_3D('',#2210,#2211,#2212);
#2210 = CARTESIAN_POINT('',(38.5,0.,0.));
#2211 = DIRECTION('',(1.,0.,0.));
#2212 = DIRECTION('',(-0.,0.,1.));
#2213 = ADVANCED_FACE('',(#2214),#2227,.T.);
#2214 = FACE_BOUND('',#2215,.T.);
#2215 = EDGE_LOOP('',(#2216,#2217,#2218,#2219,#2224,#2225,#2226));
#2216 = ORIENTED_EDGE('',*,*,#830,.F.);
#2217 = ORIENTED_EDGE('',*,*,#1281,.T.);
#2218 = ORIENTED_EDGE('',*,*,#740,.T.);
#2219 = ORIENTED_EDGE('',*,*,#2220,.T.);
#2220 = EDGE_CURVE('',#210,#1939,#2221,.T.);
#2221 = B_SPLINE_CURVE_WITH_KNOTS('',1,(#2222,#2223),.UNSPECIFIED.,.F.,
  .F.,(2,2),(9.999999999998E-03,0.51),.PIECEWISE_BEZIER_KNOTS.);
#2222 = CARTESIAN_POINT('',(38.,0.,9.5));
#2223 = CARTESIAN_POINT('',(38.5,0.,9.5));
#2224 = ORIENTED_EDGE('',*,*,#1938,.F.);
#2225 = ORIENTED_EDGE('',*,*,#2220,.F.);
#2226 = ORIENTED_EDGE('',*,*,#209,.T.);
#2227 = CYLINDRICAL_SURFACE('',#2228,9.5);
#2228 = AXIS2_PLACEMENT_3D('',#2229,#2230,#2231);
#2229 = CARTESIAN_POINT('',(37.99,0.,0.));
#2230 = DIRECTION('',(1.,0.,0.));
#2231 = DIRECTION('',(-0.,0.,1.));
#2232 = ADVANCED_FACE('',(#2233),#2246,.T.);
#2233 = FACE_BOUND('',#2234,.F.);
#2234 = EDGE_LOOP('',(#2235,#2236,#2237,#2238,#2239,#2244,#2245));
#2235 = ORIENTED_EDGE('',*,*,#722,.F.);
#2236 = ORIENTED_EDGE('',*,*,#1195,.F.);
#2237 = ORIENTED_EDGE('',*,*,#787,.T.);
#2238 = ORIENTED_EDGE('',*,*,#1383,.F.);
#2239 = ORIENTED_EDGE('',*,*,#2240,.F.);
#2240 = EDGE_CURVE('',#22,#725,#2241,.T.);
#2241 = B_SPLINE_CURVE_WITH_KNOTS('',1,(#2242,#2243),.UNSPECIFIED.,.F.,
  .F.,(2,2),(-3.,-2.5),.PIECEWISE_BEZIER_KNOTS.);
#2242 = CARTESIAN_POINT('',(17.5,-18.5,9.5));
#2243 = CARTESIAN_POINT('',(17.5,-19.,9.5));
#2244 = ORIENTED_EDGE('',*,*,#21,.T.);
#2245 = ORIENTED_EDGE('',*,*,#2240,.T.);
#2246 = CYLINDRICAL_SURFACE('',#2247,9.5);
#2247 = AXIS2_PLACEMENT_3D('',#2248,#2249,#2250);
#2248 = CARTESIAN_POINT('',(17.5,-21.5,-2.01262969026E-16));
#2249 = DIRECTION('',(-0.,-1.,-0.));
#2250 = DIRECTION('',(0.,-0.,-1.));
#2251 = ( GEOMETRIC_REPRESENTATION_CONTEXT(3) 
GLOBAL_UNCERTAINTY_ASSIGNED_CONTEXT((#2255)) 
GLOBAL_UNIT_ASSIGNED_CONTEXT((#2252,#2253,#2254)) REPRESENTATION_CONTEXT
('Context #1','3D Context with UNIT and UNCERTAINTY') );
#2252 = ( LENGTH_UNIT() NAMED_UNIT(*) SI_UNIT(.MILLI.,.METRE.) );
#2253 = ( NAMED_UNIT(*) PLANE_ANGLE_UNIT() SI_UNIT($,.RADIAN.) );
#2254 = ( NAMED_UNIT(*) SI_UNIT($,.STERADIAN.) SOLID_ANGLE_UNIT() );
#2255 = UNCERTAINTY_MEASURE_WITH_UNIT(LENGTH_MEASURE(2.E-06),#2252,
  'distance_accuracy_value','confusion accuracy');
#2256 = PRODUCT_RELATED_PRODUCT_CATEGORY('part',$,(#7));
ENDSEC;
END-ISO-10303-21;
