ISO-10303-21;
HEADER;
FILE_DESCRIPTION(('FreeCAD Model'),'2;1');
FILE_NAME('Open CASCADE Shape Model','2026-09-02T23:11:10',('FreeCAD'),(
    'FreeCAD'),'Open CASCADE STEP processor 7.8','FreeCAD','Unknown');
FILE_SCHEMA(('AUTOMOTIVE_DESIGN { 1 0 10303 214 1 1 1 1 }'));
ENDSEC;
DATA;
#1 = APPLICATION_PROTOCOL_DEFINITION('international standard',
  'automotive_design',2000,#2);
#2 = APPLICATION_CONTEXT(
  'core data for automotive mechanical design processes');
#3 = SHAPE_DEFINITION_REPRESENTATION(#4,#10);
#4 = PRODUCT_DEFINITION_SHAPE('','',#5);
#5 = PRODUCT_DEFINITION('design','',#6,#9);
#6 = PRODUCT_DEFINITION_FORMATION('','',#7);
#7 = PRODUCT('Open CASCADE STEP translator 7.8 6',
  'Open CASCADE STEP translator 7.8 6','',(#8));
#8 = PRODUCT_CONTEXT('',#2,'mechanical');
#9 = PRODUCT_DEFINITION_CONTEXT('part definition',#2,'design');
#10 = ADVANCED_BREP_SHAPE_REPRESENTATION('',(#11,#15),#4184);
#11 = AXIS2_PLACEMENT_3D('',#12,#13,#14);
#12 = CARTESIAN_POINT('',(0.,0.,0.));
#13 = DIRECTION('',(0.,0.,1.));
#14 = DIRECTION('',(1.,0.,-0.));
#15 = MANIFOLD_SOLID_BREP('',#16);
#16 = CLOSED_SHELL('',(#17,#59,#130,#199,#219,#278,#347,#367,#426,#466,
    #497,#528,#567,#598,#629,#660,#707,#738,#769,#800,#831,#862,#893,
    #924,#955,#986,#1017,#1048,#1079,#1110,#1141,#1172,#1235,#1259,#1283
    ,#1307,#1339,#1387,#1435,#1475,#1497,#1521,#1545,#1562,#1604,#1651,
    #1668,#1729,#1749,#1774,#1786,#1798,#1823,#1843,#1876,#1896,#1913,
    #1945,#1977,#2009,#2329,#2370,#2403,#2429,#2517,#2543,#2568,#2593,
    #2618,#2643,#2668,#2693,#2717,#2758,#2791,#2817,#2905,#2931,#2956,
    #2981,#3006,#3031,#3056,#3087,#3105,#3137,#3162,#3187,#3256,#3276,
    #3323,#3363,#3388,#3413,#3438,#3525,#3576,#3595,#3619,#3636,#3661,
    #3686,#3711,#3731,#3751,#3771,#3796,#3821,#3846,#3924,#3951,#3988,
    #4015,#4075,#4102,#4129,#4143,#4157));
#17 = ADVANCED_FACE('',(#18),#54,.T.);
#18 = FACE_BOUND('',#19,.T.);
#19 = EDGE_LOOP('',(#20,#31,#39,#48));
#20 = ORIENTED_EDGE('',*,*,#21,.F.);
#21 = EDGE_CURVE('',#22,#24,#26,.T.);
#22 = VERTEX_POINT('',#23);
#23 = CARTESIAN_POINT('',(29.,12.5,10.));
#24 = VERTEX_POINT('',#25);
#25 = CARTESIAN_POINT('',(29.,10.5,12.));
#26 = CIRCLE('',#27,2.);
#27 = AXIS2_PLACEMENT_3D('',#28,#29,#30);
#28 = CARTESIAN_POINT('',(29.,10.5,10.));
#29 = DIRECTION('',(1.,0.,0.));
#30 = DIRECTION('',(-0.,0.,1.));
#31 = ORIENTED_EDGE('',*,*,#32,.F.);
#32 = EDGE_CURVE('',#33,#22,#35,.T.);
#33 = VERTEX_POINT('',#34);
#34 = CARTESIAN_POINT('',(6.,12.5,10.));
#35 = LINE('',#36,#37);
#36 = CARTESIAN_POINT('',(5.5,12.5,10.));
#37 = VECTOR('',#38,1.);
#38 = DIRECTION('',(1.,0.,-0.));
#39 = ORIENTED_EDGE('',*,*,#40,.T.);
#40 = EDGE_CURVE('',#33,#41,#43,.T.);
#41 = VERTEX_POINT('',#42);
#42 = CARTESIAN_POINT('',(6.,10.5,12.));
#43 = CIRCLE('',#44,2.);
#44 = AXIS2_PLACEMENT_3D('',#45,#46,#47);
#45 = CARTESIAN_POINT('',(6.,10.5,10.));
#46 = DIRECTION('',(1.,0.,0.));
#47 = DIRECTION('',(-0.,0.,1.));
#48 = ORIENTED_EDGE('',*,*,#49,.F.);
#49 = EDGE_CURVE('',#24,#41,#50,.T.);
#50 = LINE('',#51,#52);
#51 = CARTESIAN_POINT('',(5.5,10.5,12.));
#52 = VECTOR('',#53,1.);
#53 = DIRECTION('',(-1.,-0.,0.));
#54 = CYLINDRICAL_SURFACE('',#55,2.);
#55 = AXIS2_PLACEMENT_3D('',#56,#57,#58);
#56 = CARTESIAN_POINT('',(6.,10.5,10.));
#57 = DIRECTION('',(1.,0.,0.));
#58 = DIRECTION('',(-0.,0.,1.));
#59 = ADVANCED_FACE('',(#60),#125,.T.);
#60 = FACE_BOUND('',#61,.T.);
#61 = EDGE_LOOP('',(#62,#70,#71,#79,#87,#95,#103,#111,#119));
#62 = ORIENTED_EDGE('',*,*,#63,.T.);
#63 = EDGE_CURVE('',#64,#41,#66,.T.);
#64 = VERTEX_POINT('',#65);
#65 = CARTESIAN_POINT('',(6.,-7.,12.));
#66 = LINE('',#67,#68);
#67 = CARTESIAN_POINT('',(6.,-13.3,12.));
#68 = VECTOR('',#69,1.);
#69 = DIRECTION('',(-0.,1.,0.));
#70 = ORIENTED_EDGE('',*,*,#40,.F.);
#71 = ORIENTED_EDGE('',*,*,#72,.F.);
#72 = EDGE_CURVE('',#73,#33,#75,.T.);
#73 = VERTEX_POINT('',#74);
#74 = CARTESIAN_POINT('',(6.,12.5,3.75));
#75 = LINE('',#76,#77);
#76 = CARTESIAN_POINT('',(6.,12.5,9.5));
#77 = VECTOR('',#78,1.);
#78 = DIRECTION('',(0.,0.,1.));
#79 = ORIENTED_EDGE('',*,*,#80,.F.);
#80 = EDGE_CURVE('',#81,#73,#83,.T.);
#81 = VERTEX_POINT('',#82);
#82 = CARTESIAN_POINT('',(6.,3.994263862333,3.75));
#83 = LINE('',#84,#85);
#84 = CARTESIAN_POINT('',(6.,-7.5,3.75));
#85 = VECTOR('',#86,1.);
#86 = DIRECTION('',(4.440892098501E-16,1.,-6.661338147751E-16));
#87 = ORIENTED_EDGE('',*,*,#88,.F.);
#88 = EDGE_CURVE('',#89,#81,#91,.T.);
#89 = VERTEX_POINT('',#90);
#90 = CARTESIAN_POINT('',(6.,-7.,9.5));
#91 = LINE('',#92,#93);
#92 = CARTESIAN_POINT('',(6.,-7.216838407292,9.613406487014));
#93 = VECTOR('',#94,1.);
#94 = DIRECTION('',(7.96089112526E-16,0.886126206259,-0.463444005874));
#95 = ORIENTED_EDGE('',*,*,#96,.F.);
#96 = EDGE_CURVE('',#97,#89,#99,.T.);
#97 = VERTEX_POINT('',#98);
#98 = CARTESIAN_POINT('',(6.,-13.3,9.5));
#99 = LINE('',#100,#101);
#100 = CARTESIAN_POINT('',(6.,-13.3,9.5));
#101 = VECTOR('',#102,1.);
#102 = DIRECTION('',(-0.,1.,0.));
#103 = ORIENTED_EDGE('',*,*,#104,.T.);
#104 = EDGE_CURVE('',#97,#105,#107,.T.);
#105 = VERTEX_POINT('',#106);
#106 = CARTESIAN_POINT('',(6.,-13.3,13.));
#107 = LINE('',#108,#109);
#108 = CARTESIAN_POINT('',(6.,-13.3,9.5));
#109 = VECTOR('',#110,1.);
#110 = DIRECTION('',(0.,0.,1.));
#111 = ORIENTED_EDGE('',*,*,#112,.T.);
#112 = EDGE_CURVE('',#105,#113,#115,.T.);
#113 = VERTEX_POINT('',#114);
#114 = CARTESIAN_POINT('',(6.,-7.,13.));
#115 = LINE('',#116,#117);
#116 = CARTESIAN_POINT('',(6.,-13.3,13.));
#117 = VECTOR('',#118,1.);
#118 = DIRECTION('',(-0.,1.,0.));
#119 = ORIENTED_EDGE('',*,*,#120,.F.);
#120 = EDGE_CURVE('',#64,#113,#121,.T.);
#121 = LINE('',#122,#123);
#122 = CARTESIAN_POINT('',(6.,-7.,12.));
#123 = VECTOR('',#124,1.);
#124 = DIRECTION('',(0.,0.,1.));
#125 = PLANE('',#126);
#126 = AXIS2_PLACEMENT_3D('',#127,#128,#129);
#127 = CARTESIAN_POINT('',(6.,0.235654336507,9.181771635127));
#128 = DIRECTION('',(-1.,-0.,-6.531057829083E-16));
#129 = DIRECTION('',(6.531057829083E-16,0.,-1.));
#130 = ADVANCED_FACE('',(#131),#194,.F.);
#131 = FACE_BOUND('',#132,.F.);
#132 = EDGE_LOOP('',(#133,#144,#152,#159,#160,#169,#178,#187));
#133 = ORIENTED_EDGE('',*,*,#134,.F.);
#134 = EDGE_CURVE('',#135,#137,#139,.T.);
#135 = VERTEX_POINT('',#136);
#136 = CARTESIAN_POINT('',(25.5,12.5,9.92));
#137 = VERTEX_POINT('',#138);
#138 = CARTESIAN_POINT('',(26.70266371027,12.5,9.6));
#139 = CIRCLE('',#140,2.42);
#140 = AXIS2_PLACEMENT_3D('',#141,#142,#143);
#141 = CARTESIAN_POINT('',(25.5,12.5,7.5));
#142 = DIRECTION('',(0.,1.,0.));
#143 = DIRECTION('',(0.,-0.,1.));
#144 = ORIENTED_EDGE('',*,*,#145,.F.);
#145 = EDGE_CURVE('',#146,#135,#148,.T.);
#146 = VERTEX_POINT('',#147);
#147 = CARTESIAN_POINT('',(25.5,10.3,9.92));
#148 = LINE('',#149,#150);
#149 = CARTESIAN_POINT('',(25.5,10.3,9.92));
#150 = VECTOR('',#151,1.);
#151 = DIRECTION('',(0.,1.,0.));
#152 = ORIENTED_EDGE('',*,*,#153,.T.);
#153 = EDGE_CURVE('',#146,#146,#154,.T.);
#154 = CIRCLE('',#155,2.42);
#155 = AXIS2_PLACEMENT_3D('',#156,#157,#158);
#156 = CARTESIAN_POINT('',(25.5,10.3,7.5));
#157 = DIRECTION('',(0.,1.,0.));
#158 = DIRECTION('',(0.,-0.,1.));
#159 = ORIENTED_EDGE('',*,*,#145,.T.);
#160 = ORIENTED_EDGE('',*,*,#161,.F.);
#161 = EDGE_CURVE('',#162,#135,#164,.T.);
#162 = VERTEX_POINT('',#163);
#163 = CARTESIAN_POINT('',(24.29733628973,12.5,9.6));
#164 = CIRCLE('',#165,2.42);
#165 = AXIS2_PLACEMENT_3D('',#166,#167,#168);
#166 = CARTESIAN_POINT('',(25.5,12.5,7.5));
#167 = DIRECTION('',(0.,1.,0.));
#168 = DIRECTION('',(0.,-0.,1.));
#169 = ORIENTED_EDGE('',*,*,#170,.F.);
#170 = EDGE_CURVE('',#171,#162,#173,.T.);
#171 = VERTEX_POINT('',#172);
#172 = CARTESIAN_POINT('',(24.13750229358,12.5,9.5));
#173 = CIRCLE('',#174,2.42);
#174 = AXIS2_PLACEMENT_3D('',#175,#176,#177);
#175 = CARTESIAN_POINT('',(25.5,12.5,7.5));
#176 = DIRECTION('',(0.,1.,0.));
#177 = DIRECTION('',(0.,-0.,1.));
#178 = ORIENTED_EDGE('',*,*,#179,.F.);
#179 = EDGE_CURVE('',#180,#171,#182,.T.);
#180 = VERTEX_POINT('',#181);
#181 = CARTESIAN_POINT('',(26.86249770642,12.5,9.5));
#182 = CIRCLE('',#183,2.42);
#183 = AXIS2_PLACEMENT_3D('',#184,#185,#186);
#184 = CARTESIAN_POINT('',(25.5,12.5,7.5));
#185 = DIRECTION('',(0.,1.,0.));
#186 = DIRECTION('',(0.,-0.,1.));
#187 = ORIENTED_EDGE('',*,*,#188,.F.);
#188 = EDGE_CURVE('',#137,#180,#189,.T.);
#189 = CIRCLE('',#190,2.42);
#190 = AXIS2_PLACEMENT_3D('',#191,#192,#193);
#191 = CARTESIAN_POINT('',(25.5,12.5,7.5));
#192 = DIRECTION('',(0.,1.,0.));
#193 = DIRECTION('',(0.,-0.,1.));
#194 = CYLINDRICAL_SURFACE('',#195,2.42);
#195 = AXIS2_PLACEMENT_3D('',#196,#197,#198);
#196 = CARTESIAN_POINT('',(25.5,10.3,7.5));
#197 = DIRECTION('',(0.,1.,0.));
#198 = DIRECTION('',(0.,-0.,1.));
#199 = ADVANCED_FACE('',(#200,#203),#214,.T.);
#200 = FACE_BOUND('',#201,.T.);
#201 = EDGE_LOOP('',(#202));
#202 = ORIENTED_EDGE('',*,*,#153,.T.);
#203 = FACE_BOUND('',#204,.T.);
#204 = EDGE_LOOP('',(#205));
#205 = ORIENTED_EDGE('',*,*,#206,.F.);
#206 = EDGE_CURVE('',#207,#207,#209,.T.);
#207 = VERTEX_POINT('',#208);
#208 = CARTESIAN_POINT('',(25.5,10.3,8.7));
#209 = CIRCLE('',#210,1.2);
#210 = AXIS2_PLACEMENT_3D('',#211,#212,#213);
#211 = CARTESIAN_POINT('',(25.5,10.3,7.5));
#212 = DIRECTION('',(0.,1.,0.));
#213 = DIRECTION('',(0.,-0.,1.));
#214 = PLANE('',#215);
#215 = AXIS2_PLACEMENT_3D('',#216,#217,#218);
#216 = CARTESIAN_POINT('',(25.5,10.3,7.5));
#217 = DIRECTION('',(0.,1.,0.));
#218 = DIRECTION('',(0.,-0.,1.));
#219 = ADVANCED_FACE('',(#220),#273,.F.);
#220 = FACE_BOUND('',#221,.F.);
#221 = EDGE_LOOP('',(#222,#223,#231,#240,#248,#257,#265,#272));
#222 = ORIENTED_EDGE('',*,*,#206,.F.);
#223 = ORIENTED_EDGE('',*,*,#224,.F.);
#224 = EDGE_CURVE('',#225,#207,#227,.T.);
#225 = VERTEX_POINT('',#226);
#226 = CARTESIAN_POINT('',(25.5,8.5,8.7));
#227 = LINE('',#228,#229);
#228 = CARTESIAN_POINT('',(25.5,8.5,8.7));
#229 = VECTOR('',#230,1.);
#230 = DIRECTION('',(0.,1.,0.));
#231 = ORIENTED_EDGE('',*,*,#232,.T.);
#232 = EDGE_CURVE('',#225,#233,#235,.T.);
#233 = VERTEX_POINT('',#234);
#234 = CARTESIAN_POINT('',(26.590871211464,8.5,8.));
#235 = CIRCLE('',#236,1.2);
#236 = AXIS2_PLACEMENT_3D('',#237,#238,#239);
#237 = CARTESIAN_POINT('',(25.5,8.5,7.5));
#238 = DIRECTION('',(0.,1.,0.));
#239 = DIRECTION('',(0.,-0.,1.));
#240 = ORIENTED_EDGE('',*,*,#241,.T.);
#241 = EDGE_CURVE('',#233,#242,#244,.T.);
#242 = VERTEX_POINT('',#243);
#243 = CARTESIAN_POINT('',(26.590871211464,9.5,8.));
#244 = LINE('',#245,#246);
#245 = CARTESIAN_POINT('',(26.590871211464,8.5,8.));
#246 = VECTOR('',#247,1.);
#247 = DIRECTION('',(0.,1.,0.));
#248 = ORIENTED_EDGE('',*,*,#249,.T.);
#249 = EDGE_CURVE('',#242,#250,#252,.T.);
#250 = VERTEX_POINT('',#251);
#251 = CARTESIAN_POINT('',(24.409128788536,9.5,8.));
#252 = CIRCLE('',#253,1.2);
#253 = AXIS2_PLACEMENT_3D('',#254,#255,#256);
#254 = CARTESIAN_POINT('',(25.5,9.5,7.5));
#255 = DIRECTION('',(0.,1.,0.));
#256 = DIRECTION('',(0.,-0.,1.));
#257 = ORIENTED_EDGE('',*,*,#258,.F.);
#258 = EDGE_CURVE('',#259,#250,#261,.T.);
#259 = VERTEX_POINT('',#260);
#260 = CARTESIAN_POINT('',(24.409128788536,8.5,8.));
#261 = LINE('',#262,#263);
#262 = CARTESIAN_POINT('',(24.409128788536,8.5,8.));
#263 = VECTOR('',#264,1.);
#264 = DIRECTION('',(0.,1.,0.));
#265 = ORIENTED_EDGE('',*,*,#266,.T.);
#266 = EDGE_CURVE('',#259,#225,#267,.T.);
#267 = CIRCLE('',#268,1.2);
#268 = AXIS2_PLACEMENT_3D('',#269,#270,#271);
#269 = CARTESIAN_POINT('',(25.5,8.5,7.5));
#270 = DIRECTION('',(0.,1.,0.));
#271 = DIRECTION('',(0.,-0.,1.));
#272 = ORIENTED_EDGE('',*,*,#224,.T.);
#273 = CYLINDRICAL_SURFACE('',#274,1.2);
#274 = AXIS2_PLACEMENT_3D('',#275,#276,#277);
#275 = CARTESIAN_POINT('',(25.5,8.5,7.5));
#276 = DIRECTION('',(0.,1.,0.));
#277 = DIRECTION('',(0.,-0.,1.));
#278 = ADVANCED_FACE('',(#279),#342,.F.);
#279 = FACE_BOUND('',#280,.F.);
#280 = EDGE_LOOP('',(#281,#292,#300,#307,#308,#317,#326,#335));
#281 = ORIENTED_EDGE('',*,*,#282,.F.);
#282 = EDGE_CURVE('',#283,#285,#287,.T.);
#283 = VERTEX_POINT('',#284);
#284 = CARTESIAN_POINT('',(9.5,12.5,9.92));
#285 = VERTEX_POINT('',#286);
#286 = CARTESIAN_POINT('',(10.70266371027,12.5,9.6));
#287 = CIRCLE('',#288,2.42);
#288 = AXIS2_PLACEMENT_3D('',#289,#290,#291);
#289 = CARTESIAN_POINT('',(9.5,12.5,7.5));
#290 = DIRECTION('',(0.,1.,0.));
#291 = DIRECTION('',(0.,-0.,1.));
#292 = ORIENTED_EDGE('',*,*,#293,.F.);
#293 = EDGE_CURVE('',#294,#283,#296,.T.);
#294 = VERTEX_POINT('',#295);
#295 = CARTESIAN_POINT('',(9.5,10.3,9.92));
#296 = LINE('',#297,#298);
#297 = CARTESIAN_POINT('',(9.5,10.3,9.92));
#298 = VECTOR('',#299,1.);
#299 = DIRECTION('',(0.,1.,0.));
#300 = ORIENTED_EDGE('',*,*,#301,.T.);
#301 = EDGE_CURVE('',#294,#294,#302,.T.);
#302 = CIRCLE('',#303,2.42);
#303 = AXIS2_PLACEMENT_3D('',#304,#305,#306);
#304 = CARTESIAN_POINT('',(9.5,10.3,7.5));
#305 = DIRECTION('',(0.,1.,0.));
#306 = DIRECTION('',(0.,-0.,1.));
#307 = ORIENTED_EDGE('',*,*,#293,.T.);
#308 = ORIENTED_EDGE('',*,*,#309,.F.);
#309 = EDGE_CURVE('',#310,#283,#312,.T.);
#310 = VERTEX_POINT('',#311);
#311 = CARTESIAN_POINT('',(8.29733628973,12.5,9.6));
#312 = CIRCLE('',#313,2.42);
#313 = AXIS2_PLACEMENT_3D('',#314,#315,#316);
#314 = CARTESIAN_POINT('',(9.5,12.5,7.5));
#315 = DIRECTION('',(0.,1.,0.));
#316 = DIRECTION('',(0.,-0.,1.));
#317 = ORIENTED_EDGE('',*,*,#318,.F.);
#318 = EDGE_CURVE('',#319,#310,#321,.T.);
#319 = VERTEX_POINT('',#320);
#320 = CARTESIAN_POINT('',(8.13750229358,12.5,9.5));
#321 = CIRCLE('',#322,2.42);
#322 = AXIS2_PLACEMENT_3D('',#323,#324,#325);
#323 = CARTESIAN_POINT('',(9.5,12.5,7.5));
#324 = DIRECTION('',(0.,1.,0.));
#325 = DIRECTION('',(0.,-0.,1.));
#326 = ORIENTED_EDGE('',*,*,#327,.F.);
#327 = EDGE_CURVE('',#328,#319,#330,.T.);
#328 = VERTEX_POINT('',#329);
#329 = CARTESIAN_POINT('',(10.86249770642,12.5,9.5));
#330 = CIRCLE('',#331,2.42);
#331 = AXIS2_PLACEMENT_3D('',#332,#333,#334);
#332 = CARTESIAN_POINT('',(9.5,12.5,7.5));
#333 = DIRECTION('',(0.,1.,0.));
#334 = DIRECTION('',(0.,-0.,1.));
#335 = ORIENTED_EDGE('',*,*,#336,.F.);
#336 = EDGE_CURVE('',#285,#328,#337,.T.);
#337 = CIRCLE('',#338,2.42);
#338 = AXIS2_PLACEMENT_3D('',#339,#340,#341);
#339 = CARTESIAN_POINT('',(9.5,12.5,7.5));
#340 = DIRECTION('',(0.,1.,0.));
#341 = DIRECTION('',(0.,-0.,1.));
#342 = CYLINDRICAL_SURFACE('',#343,2.42);
#343 = AXIS2_PLACEMENT_3D('',#344,#345,#346);
#344 = CARTESIAN_POINT('',(9.5,10.3,7.5));
#345 = DIRECTION('',(0.,1.,0.));
#346 = DIRECTION('',(0.,-0.,1.));
#347 = ADVANCED_FACE('',(#348,#351),#362,.T.);
#348 = FACE_BOUND('',#349,.T.);
#349 = EDGE_LOOP('',(#350));
#350 = ORIENTED_EDGE('',*,*,#301,.T.);
#351 = FACE_BOUND('',#352,.T.);
#352 = EDGE_LOOP('',(#353));
#353 = ORIENTED_EDGE('',*,*,#354,.F.);
#354 = EDGE_CURVE('',#355,#355,#357,.T.);
#355 = VERTEX_POINT('',#356);
#356 = CARTESIAN_POINT('',(9.5,10.3,8.7));
#357 = CIRCLE('',#358,1.2);
#358 = AXIS2_PLACEMENT_3D('',#359,#360,#361);
#359 = CARTESIAN_POINT('',(9.5,10.3,7.5));
#360 = DIRECTION('',(0.,1.,0.));
#361 = DIRECTION('',(0.,-0.,1.));
#362 = PLANE('',#363);
#363 = AXIS2_PLACEMENT_3D('',#364,#365,#366);
#364 = CARTESIAN_POINT('',(9.5,10.3,7.5));
#365 = DIRECTION('',(0.,1.,0.));
#366 = DIRECTION('',(0.,-0.,1.));
#367 = ADVANCED_FACE('',(#368),#421,.F.);
#368 = FACE_BOUND('',#369,.F.);
#369 = EDGE_LOOP('',(#370,#371,#379,#388,#396,#405,#413,#420));
#370 = ORIENTED_EDGE('',*,*,#354,.F.);
#371 = ORIENTED_EDGE('',*,*,#372,.F.);
#372 = EDGE_CURVE('',#373,#355,#375,.T.);
#373 = VERTEX_POINT('',#374);
#374 = CARTESIAN_POINT('',(9.5,8.5,8.7));
#375 = LINE('',#376,#377);
#376 = CARTESIAN_POINT('',(9.5,8.5,8.7));
#377 = VECTOR('',#378,1.);
#378 = DIRECTION('',(0.,1.,0.));
#379 = ORIENTED_EDGE('',*,*,#380,.T.);
#380 = EDGE_CURVE('',#373,#381,#383,.T.);
#381 = VERTEX_POINT('',#382);
#382 = CARTESIAN_POINT('',(10.590871211464,8.5,8.));
#383 = CIRCLE('',#384,1.2);
#384 = AXIS2_PLACEMENT_3D('',#385,#386,#387);
#385 = CARTESIAN_POINT('',(9.5,8.5,7.5));
#386 = DIRECTION('',(0.,1.,0.));
#387 = DIRECTION('',(0.,-0.,1.));
#388 = ORIENTED_EDGE('',*,*,#389,.T.);
#389 = EDGE_CURVE('',#381,#390,#392,.T.);
#390 = VERTEX_POINT('',#391);
#391 = CARTESIAN_POINT('',(10.590871211464,9.5,8.));
#392 = LINE('',#393,#394);
#393 = CARTESIAN_POINT('',(10.590871211464,8.5,8.));
#394 = VECTOR('',#395,1.);
#395 = DIRECTION('',(0.,1.,0.));
#396 = ORIENTED_EDGE('',*,*,#397,.T.);
#397 = EDGE_CURVE('',#390,#398,#400,.T.);
#398 = VERTEX_POINT('',#399);
#399 = CARTESIAN_POINT('',(8.409128788536,9.5,8.));
#400 = CIRCLE('',#401,1.2);
#401 = AXIS2_PLACEMENT_3D('',#402,#403,#404);
#402 = CARTESIAN_POINT('',(9.5,9.5,7.5));
#403 = DIRECTION('',(0.,1.,0.));
#404 = DIRECTION('',(0.,-0.,1.));
#405 = ORIENTED_EDGE('',*,*,#406,.F.);
#406 = EDGE_CURVE('',#407,#398,#409,.T.);
#407 = VERTEX_POINT('',#408);
#408 = CARTESIAN_POINT('',(8.409128788536,8.5,8.));
#409 = LINE('',#410,#411);
#410 = CARTESIAN_POINT('',(8.409128788536,8.5,8.));
#411 = VECTOR('',#412,1.);
#412 = DIRECTION('',(0.,1.,0.));
#413 = ORIENTED_EDGE('',*,*,#414,.T.);
#414 = EDGE_CURVE('',#407,#373,#415,.T.);
#415 = CIRCLE('',#416,1.2);
#416 = AXIS2_PLACEMENT_3D('',#417,#418,#419);
#417 = CARTESIAN_POINT('',(9.5,8.5,7.5));
#418 = DIRECTION('',(0.,1.,0.));
#419 = DIRECTION('',(0.,-0.,1.));
#420 = ORIENTED_EDGE('',*,*,#372,.T.);
#421 = CYLINDRICAL_SURFACE('',#422,1.2);
#422 = AXIS2_PLACEMENT_3D('',#423,#424,#425);
#423 = CARTESIAN_POINT('',(9.5,8.5,7.5));
#424 = DIRECTION('',(0.,1.,0.));
#425 = DIRECTION('',(0.,-0.,1.));
#426 = ADVANCED_FACE('',(#427),#461,.T.);
#427 = FACE_BOUND('',#428,.T.);
#428 = EDGE_LOOP('',(#429,#439,#447,#455));
#429 = ORIENTED_EDGE('',*,*,#430,.F.);
#430 = EDGE_CURVE('',#431,#433,#435,.T.);
#431 = VERTEX_POINT('',#432);
#432 = CARTESIAN_POINT('',(28.972609476841,4.993579954758,3.227357683662
    ));
#433 = VERTEX_POINT('',#434);
#434 = CARTESIAN_POINT('',(29.,3.994263862333,3.75));
#435 = LINE('',#436,#437);
#436 = CARTESIAN_POINT('',(29.264179523031,-5.644064223821,
    8.790845589058));
#437 = VECTOR('',#438,1.);
#438 = DIRECTION('',(2.428091044496E-02,-0.885864954307,0.463307371103)
  );
#439 = ORIENTED_EDGE('',*,*,#440,.T.);
#440 = EDGE_CURVE('',#431,#441,#443,.T.);
#441 = VERTEX_POINT('',#442);
#442 = CARTESIAN_POINT('',(28.972609476841,12.5,3.227357683662));
#443 = LINE('',#444,#445);
#444 = CARTESIAN_POINT('',(28.972609476841,-7.5,3.227357683662));
#445 = VECTOR('',#446,1.);
#446 = DIRECTION('',(4.440892098501E-16,1.,-6.661338147751E-16));
#447 = ORIENTED_EDGE('',*,*,#448,.T.);
#448 = EDGE_CURVE('',#441,#449,#451,.T.);
#449 = VERTEX_POINT('',#450);
#450 = CARTESIAN_POINT('',(29.,12.5,3.75));
#451 = LINE('',#452,#453);
#452 = CARTESIAN_POINT('',(28.972609476841,12.5,3.227357683662));
#453 = VECTOR('',#454,1.);
#454 = DIRECTION('',(5.233595624294E-02,4.086178508401E-16,
    0.998629534755));
#455 = ORIENTED_EDGE('',*,*,#456,.F.);
#456 = EDGE_CURVE('',#433,#449,#457,.T.);
#457 = LINE('',#458,#459);
#458 = CARTESIAN_POINT('',(29.,-7.5,3.75));
#459 = VECTOR('',#460,1.);
#460 = DIRECTION('',(4.440892098501E-16,1.,-6.661338147751E-16));
#461 = PLANE('',#462);
#462 = AXIS2_PLACEMENT_3D('',#463,#464,#465);
#463 = CARTESIAN_POINT('',(28.972609476841,-7.5,3.227357683662));
#464 = DIRECTION('',(0.998629534755,-6.884627349878E-16,
    -5.233595624294E-02));
#465 = DIRECTION('',(5.233595624294E-02,4.086178508401E-16,
    0.998629534755));
#466 = ADVANCED_FACE('',(#467),#492,.T.);
#467 = FACE_BOUND('',#468,.T.);
#468 = EDGE_LOOP('',(#469,#477,#485,#491));
#469 = ORIENTED_EDGE('',*,*,#470,.F.);
#470 = EDGE_CURVE('',#471,#431,#473,.T.);
#471 = VERTEX_POINT('',#472);
#472 = CARTESIAN_POINT('',(28.890738003669,5.981947330954,2.710441545911
    ));
#473 = LINE('',#474,#475);
#474 = CARTESIAN_POINT('',(29.797629506905,-4.966212520292,
    8.436329148113));
#475 = VECTOR('',#476,1.);
#476 = DIRECTION('',(7.320537278544E-02,-0.883748629649,0.462200533306)
  );
#477 = ORIENTED_EDGE('',*,*,#478,.T.);
#478 = EDGE_CURVE('',#471,#479,#481,.T.);
#479 = VERTEX_POINT('',#480);
#480 = CARTESIAN_POINT('',(28.890738003669,12.5,2.710441545911));
#481 = LINE('',#482,#483);
#482 = CARTESIAN_POINT('',(28.890738003669,-7.5,2.710441545911));
#483 = VECTOR('',#484,1.);
#484 = DIRECTION('',(4.440892098501E-16,1.,-6.661338147751E-16));
#485 = ORIENTED_EDGE('',*,*,#486,.T.);
#486 = EDGE_CURVE('',#479,#441,#487,.T.);
#487 = LINE('',#488,#489);
#488 = CARTESIAN_POINT('',(28.890738003669,12.5,2.710441545911));
#489 = VECTOR('',#490,1.);
#490 = DIRECTION('',(0.15643446504,3.344154477935E-16,0.987688340595));
#491 = ORIENTED_EDGE('',*,*,#440,.F.);
#492 = PLANE('',#493);
#493 = AXIS2_PLACEMENT_3D('',#494,#495,#496);
#494 = CARTESIAN_POINT('',(28.890738003669,-7.5,2.710441545911));
#495 = DIRECTION('',(0.987688340595,-7.274034601026E-16,-0.15643446504)
  );
#496 = DIRECTION('',(0.15643446504,3.344154477935E-16,0.987688340595));
#497 = ADVANCED_FACE('',(#498),#523,.T.);
#498 = FACE_BOUND('',#499,.T.);
#499 = EDGE_LOOP('',(#500,#508,#516,#522));
#500 = ORIENTED_EDGE('',*,*,#501,.F.);
#501 = EDGE_CURVE('',#502,#471,#504,.T.);
#502 = VERTEX_POINT('',#503);
#503 = CARTESIAN_POINT('',(28.755282581476,6.948537231118,2.204915028125
    ));
#504 = LINE('',#505,#506);
#505 = CARTESIAN_POINT('',(30.320294593073,-4.219157494953,8.04561936986
    ));
#506 = VECTOR('',#507,1.);
#507 = DIRECTION('',(0.123232923318,-0.879371952176,0.459911530988));
#508 = ORIENTED_EDGE('',*,*,#509,.T.);
#509 = EDGE_CURVE('',#502,#510,#512,.T.);
#510 = VERTEX_POINT('',#511);
#511 = CARTESIAN_POINT('',(28.755282581476,12.5,2.204915028125));
#512 = LINE('',#513,#514);
#513 = CARTESIAN_POINT('',(28.755282581476,-7.5,2.204915028125));
#514 = VECTOR('',#515,1.);
#515 = DIRECTION('',(4.440892098501E-16,1.,-6.661338147751E-16));
#516 = ORIENTED_EDGE('',*,*,#517,.T.);
#517 = EDGE_CURVE('',#510,#479,#518,.T.);
#518 = LINE('',#519,#520);
#519 = CARTESIAN_POINT('',(28.755282581476,12.5,2.204915028125));
#520 = VECTOR('',#521,1.);
#521 = DIRECTION('',(0.258819045103,2.565491191199E-16,0.965925826289));
#522 = ORIENTED_EDGE('',*,*,#478,.F.);
#523 = PLANE('',#524);
#524 = AXIS2_PLACEMENT_3D('',#525,#526,#527);
#525 = CARTESIAN_POINT('',(28.755282581476,-7.5,2.204915028125));
#526 = DIRECTION('',(0.965925826289,-7.583746006894E-16,-0.258819045103)
  );
#527 = DIRECTION('',(0.258819045103,2.565491191199E-16,0.965925826289));
#528 = ADVANCED_FACE('',(#529),#562,.T.);
#529 = FACE_BOUND('',#530,.T.);
#530 = EDGE_LOOP('',(#531,#541,#549,#555,#556));
#531 = ORIENTED_EDGE('',*,*,#532,.F.);
#532 = EDGE_CURVE('',#533,#535,#537,.T.);
#533 = VERTEX_POINT('',#534);
#534 = CARTESIAN_POINT('',(28.567727288213,7.25,1.716316784621));
#535 = VERTEX_POINT('',#536);
#536 = CARTESIAN_POINT('',(28.694760647596,7.25,2.04725));
#537 = LINE('',#538,#539);
#538 = CARTESIAN_POINT('',(27.109713497552,7.25,-2.081938997603));
#539 = VECTOR('',#540,1.);
#540 = DIRECTION('',(0.358367949545,7.957366977458E-17,0.933580426497));
#541 = ORIENTED_EDGE('',*,*,#542,.T.);
#542 = EDGE_CURVE('',#533,#543,#545,.T.);
#543 = VERTEX_POINT('',#544);
#544 = CARTESIAN_POINT('',(28.567727288213,12.5,1.716316784621));
#545 = LINE('',#546,#547);
#546 = CARTESIAN_POINT('',(28.567727288213,-7.5,1.716316784621));
#547 = VECTOR('',#548,1.);
#548 = DIRECTION('',(4.440892098501E-16,1.,-6.661338147751E-16));
#549 = ORIENTED_EDGE('',*,*,#550,.T.);
#550 = EDGE_CURVE('',#543,#510,#551,.T.);
#551 = LINE('',#552,#553);
#552 = CARTESIAN_POINT('',(28.567727288213,12.5,1.716316784621));
#553 = VECTOR('',#554,1.);
#554 = DIRECTION('',(0.358367949545,1.758719846109E-16,0.933580426497));
#555 = ORIENTED_EDGE('',*,*,#509,.F.);
#556 = ORIENTED_EDGE('',*,*,#557,.F.);
#557 = EDGE_CURVE('',#535,#502,#558,.T.);
#558 = LINE('',#559,#560);
#559 = CARTESIAN_POINT('',(30.829621812377,-3.383849856617,
    7.608753475011));
#560 = VECTOR('',#561,1.);
#561 = DIRECTION('',(0.175149489345,-0.872428335335,0.45628001938));
#562 = PLANE('',#563);
#563 = AXIS2_PLACEMENT_3D('',#564,#565,#566);
#564 = CARTESIAN_POINT('',(28.567727288213,-7.5,1.716316784621));
#565 = DIRECTION('',(0.933580426497,-7.810368304511E-16,-0.358367949545)
  );
#566 = DIRECTION('',(0.358367949545,1.758719846109E-16,0.933580426497));
#567 = ADVANCED_FACE('',(#568),#593,.T.);
#568 = FACE_BOUND('',#569,.T.);
#569 = EDGE_LOOP('',(#570,#578,#586,#592));
#570 = ORIENTED_EDGE('',*,*,#571,.F.);
#571 = EDGE_CURVE('',#572,#533,#574,.T.);
#572 = VERTEX_POINT('',#573);
#573 = CARTESIAN_POINT('',(28.330127018922,7.25,1.25));
#574 = LINE('',#575,#576);
#575 = CARTESIAN_POINT('',(26.087118612841,7.25,-3.152151861711));
#576 = VECTOR('',#577,1.);
#577 = DIRECTION('',(0.45399049974,1.008061411544E-16,0.891006524188));
#578 = ORIENTED_EDGE('',*,*,#579,.T.);
#579 = EDGE_CURVE('',#572,#580,#582,.T.);
#580 = VERTEX_POINT('',#581);
#581 = CARTESIAN_POINT('',(28.330127018922,12.5,1.25));
#582 = LINE('',#583,#584);
#583 = CARTESIAN_POINT('',(28.330127018922,-7.5,1.25));
#584 = VECTOR('',#585,1.);
#585 = DIRECTION('',(4.440892098501E-16,1.,-6.661338147751E-16));
#586 = ORIENTED_EDGE('',*,*,#587,.T.);
#587 = EDGE_CURVE('',#580,#543,#588,.T.);
#588 = LINE('',#589,#590);
#589 = CARTESIAN_POINT('',(28.330127018922,12.5,1.25));
#590 = VECTOR('',#591,1.);
#591 = DIRECTION('',(0.45399049974,9.326795983491E-17,0.891006524188));
#592 = ORIENTED_EDGE('',*,*,#542,.F.);
#593 = PLANE('',#594);
#594 = AXIS2_PLACEMENT_3D('',#595,#596,#597);
#595 = CARTESIAN_POINT('',(28.330127018922,-7.5,1.25));
#596 = DIRECTION('',(0.891006524188,-7.951418572559E-16,-0.45399049974)
  );
#597 = DIRECTION('',(0.45399049974,9.326795983491E-17,0.891006524188));
#598 = ADVANCED_FACE('',(#599),#624,.T.);
#599 = FACE_BOUND('',#600,.T.);
#600 = EDGE_LOOP('',(#601,#609,#617,#623));
#601 = ORIENTED_EDGE('',*,*,#602,.F.);
#602 = EDGE_CURVE('',#603,#572,#605,.T.);
#603 = VERTEX_POINT('',#604);
#604 = CARTESIAN_POINT('',(28.045084971875,7.25,0.811073738538));
#605 = LINE('',#606,#607);
#606 = CARTESIAN_POINT('',(24.909459656246,7.25,-4.017365824648));
#607 = VECTOR('',#608,1.);
#608 = DIRECTION('',(0.544639035015,1.209341593567E-16,0.838670567945));
#609 = ORIENTED_EDGE('',*,*,#610,.T.);
#610 = EDGE_CURVE('',#603,#611,#613,.T.);
#611 = VERTEX_POINT('',#612);
#612 = CARTESIAN_POINT('',(28.045084971875,12.5,0.811073738538));
#613 = LINE('',#614,#615);
#614 = CARTESIAN_POINT('',(28.045084971875,-7.5,0.811073738538));
#615 = VECTOR('',#616,1.);
#616 = DIRECTION('',(4.440892098501E-16,1.,-6.661338147751E-16));
#617 = ORIENTED_EDGE('',*,*,#618,.T.);
#618 = EDGE_CURVE('',#611,#580,#619,.T.);
#619 = LINE('',#620,#621);
#620 = CARTESIAN_POINT('',(28.045084971875,12.5,0.811073738538));
#621 = VECTOR('',#622,1.);
#622 = DIRECTION('',(0.544639035015,9.642071773399E-18,0.838670567945));
#623 = ORIENTED_EDGE('',*,*,#579,.F.);
#624 = PLANE('',#625);
#625 = AXIS2_PLACEMENT_3D('',#626,#627,#628);
#626 = CARTESIAN_POINT('',(28.045084971875,-7.5,0.811073738538));
#627 = DIRECTION('',(0.838670567945,-8.005351434784E-16,-0.544639035015)
  );
#628 = DIRECTION('',(0.544639035015,9.642071773399E-18,0.838670567945));
#629 = ADVANCED_FACE('',(#630),#655,.T.);
#630 = FACE_BOUND('',#631,.T.);
#631 = EDGE_LOOP('',(#632,#640,#648,#654));
#632 = ORIENTED_EDGE('',*,*,#633,.F.);
#633 = EDGE_CURVE('',#634,#603,#636,.T.);
#634 = VERTEX_POINT('',#635);
#635 = CARTESIAN_POINT('',(27.715724127387,7.25,0.404346968206));
#636 = LINE('',#637,#638);
#637 = CARTESIAN_POINT('',(23.619259663106,7.25,-4.654365350582));
#638 = VECTOR('',#639,1.);
#639 = DIRECTION('',(0.62932039105,1.397371976019E-16,0.777145961457));
#640 = ORIENTED_EDGE('',*,*,#641,.T.);
#641 = EDGE_CURVE('',#634,#642,#644,.T.);
#642 = VERTEX_POINT('',#643);
#643 = CARTESIAN_POINT('',(27.715724127387,12.5,0.404346968206));
#644 = LINE('',#645,#646);
#645 = CARTESIAN_POINT('',(27.715724127387,-7.5,0.404346968206));
#646 = VECTOR('',#647,1.);
#647 = DIRECTION('',(4.440892098501E-16,1.,-6.661338147751E-16));
#648 = ORIENTED_EDGE('',*,*,#649,.T.);
#649 = EDGE_CURVE('',#642,#611,#650,.T.);
#650 = LINE('',#651,#652);
#651 = CARTESIAN_POINT('',(27.715724127387,12.5,0.404346968206));
#652 = VECTOR('',#653,1.);
#653 = DIRECTION('',(0.62932039105,-7.408945684419E-17,0.777145961457));
#654 = ORIENTED_EDGE('',*,*,#610,.F.);
#655 = PLANE('',#656);
#656 = AXIS2_PLACEMENT_3D('',#657,#658,#659);
#657 = CARTESIAN_POINT('',(27.715724127387,-7.5,0.404346968206));
#658 = DIRECTION('',(0.777145961457,-7.971575991462E-16,-0.62932039105)
  );
#659 = DIRECTION('',(0.62932039105,-7.408945684419E-17,0.777145961457));
#660 = ADVANCED_FACE('',(#661),#702,.T.);
#661 = FACE_BOUND('',#662,.T.);
#662 = EDGE_LOOP('',(#663,#673,#681,#687,#688,#696));
#663 = ORIENTED_EDGE('',*,*,#664,.F.);
#664 = EDGE_CURVE('',#665,#667,#669,.T.);
#665 = VERTEX_POINT('',#666);
#666 = CARTESIAN_POINT('',(27.345653031794,9.5,3.427587261303E-02));
#667 = VERTEX_POINT('',#668);
#668 = CARTESIAN_POINT('',(27.6,9.5,0.288622840819));
#669 = LINE('',#670,#671);
#670 = CARTESIAN_POINT('',(17.225670805693,9.5,-10.08570635348));
#671 = VECTOR('',#672,1.);
#672 = DIRECTION('',(0.707106781187,0.,0.707106781187));
#673 = ORIENTED_EDGE('',*,*,#674,.T.);
#674 = EDGE_CURVE('',#665,#675,#677,.T.);
#675 = VERTEX_POINT('',#676);
#676 = CARTESIAN_POINT('',(27.345653031794,12.5,3.427587261303E-02));
#677 = LINE('',#678,#679);
#678 = CARTESIAN_POINT('',(27.345653031794,-7.5,3.427587261304E-02));
#679 = VECTOR('',#680,1.);
#680 = DIRECTION('',(4.440892098501E-16,1.,-6.661338147751E-16));
#681 = ORIENTED_EDGE('',*,*,#682,.T.);
#682 = EDGE_CURVE('',#675,#642,#683,.T.);
#683 = LINE('',#684,#685);
#684 = CARTESIAN_POINT('',(27.345653031794,12.5,3.427587261303E-02));
#685 = VECTOR('',#686,1.);
#686 = DIRECTION('',(0.707106781187,-1.570092458684E-16,0.707106781187)
  );
#687 = ORIENTED_EDGE('',*,*,#641,.F.);
#688 = ORIENTED_EDGE('',*,*,#689,.F.);
#689 = EDGE_CURVE('',#690,#634,#692,.T.);
#690 = VERTEX_POINT('',#691);
#691 = CARTESIAN_POINT('',(27.6,7.25,0.288622840819));
#692 = LINE('',#693,#694);
#693 = CARTESIAN_POINT('',(22.262483305693,7.25,-5.048893853489));
#694 = VECTOR('',#695,1.);
#695 = DIRECTION('',(0.707106781187,1.570092458684E-16,0.707106781187));
#696 = ORIENTED_EDGE('',*,*,#697,.F.);
#697 = EDGE_CURVE('',#667,#690,#698,.T.);
#698 = LINE('',#699,#700);
#699 = CARTESIAN_POINT('',(27.6,-10.9,0.288622840819));
#700 = VECTOR('',#701,1.);
#701 = DIRECTION('',(0.,-1.,1.110223024625E-15));
#702 = PLANE('',#703);
#703 = AXIS2_PLACEMENT_3D('',#704,#705,#706);
#704 = CARTESIAN_POINT('',(27.345653031794,-7.5,3.427587261304E-02));
#705 = DIRECTION('',(0.707106781187,-7.850462293419E-16,-0.707106781187)
  );
#706 = DIRECTION('',(0.707106781187,-1.570092458684E-16,0.707106781187)
  );
#707 = ADVANCED_FACE('',(#708),#733,.T.);
#708 = FACE_BOUND('',#709,.T.);
#709 = EDGE_LOOP('',(#710,#718,#726,#732));
#710 = ORIENTED_EDGE('',*,*,#711,.F.);
#711 = EDGE_CURVE('',#712,#665,#714,.T.);
#712 = VERTEX_POINT('',#713);
#713 = CARTESIAN_POINT('',(26.938926261462,9.5,-0.295084971875));
#714 = LINE('',#715,#716);
#715 = CARTESIAN_POINT('',(16.097754607703,9.5,-9.074092678215));
#716 = VECTOR('',#717,1.);
#717 = DIRECTION('',(0.777145961457,0.,0.62932039105));
#718 = ORIENTED_EDGE('',*,*,#719,.T.);
#719 = EDGE_CURVE('',#712,#720,#722,.T.);
#720 = VERTEX_POINT('',#721);
#721 = CARTESIAN_POINT('',(26.938926261462,12.5,-0.295084971875));
#722 = LINE('',#723,#724);
#723 = CARTESIAN_POINT('',(26.938926261462,-7.5,-0.295084971875));
#724 = VECTOR('',#725,1.);
#725 = DIRECTION('',(4.440892098501E-16,1.,-6.661338147751E-16));
#726 = ORIENTED_EDGE('',*,*,#727,.T.);
#727 = EDGE_CURVE('',#720,#675,#728,.T.);
#728 = LINE('',#729,#730);
#729 = CARTESIAN_POINT('',(26.938926261462,12.5,-0.295084971875));
#730 = VECTOR('',#731,1.);
#731 = DIRECTION('',(0.777145961457,-2.382088087385E-16,0.62932039105));
#732 = ORIENTED_EDGE('',*,*,#674,.F.);
#733 = PLANE('',#734);
#734 = AXIS2_PLACEMENT_3D('',#735,#736,#737);
#735 = CARTESIAN_POINT('',(26.938926261462,-7.5,-0.295084971875));
#736 = DIRECTION('',(0.62932039105,-7.643337287674E-16,-0.777145961457)
  );
#737 = DIRECTION('',(0.777145961457,-2.382088087385E-16,0.62932039105));
#738 = ADVANCED_FACE('',(#739),#764,.T.);
#739 = FACE_BOUND('',#740,.T.);
#740 = EDGE_LOOP('',(#741,#749,#757,#763));
#741 = ORIENTED_EDGE('',*,*,#742,.F.);
#742 = EDGE_CURVE('',#743,#712,#745,.T.);
#743 = VERTEX_POINT('',#744);
#744 = CARTESIAN_POINT('',(26.5,9.5,-0.580127018922));
#745 = LINE('',#746,#747);
#746 = CARTESIAN_POINT('',(15.233405159643,9.5,-7.89673925773));
#747 = VECTOR('',#748,1.);
#748 = DIRECTION('',(0.838670567945,0.,0.544639035015));
#749 = ORIENTED_EDGE('',*,*,#750,.T.);
#750 = EDGE_CURVE('',#743,#751,#753,.T.);
#751 = VERTEX_POINT('',#752);
#752 = CARTESIAN_POINT('',(26.5,12.5,-0.580127018922));
#753 = LINE('',#754,#755);
#754 = CARTESIAN_POINT('',(26.5,-7.5,-0.580127018922));
#755 = VECTOR('',#756,1.);
#756 = DIRECTION('',(4.440892098501E-16,1.,-6.661338147751E-16));
#757 = ORIENTED_EDGE('',*,*,#758,.T.);
#758 = EDGE_CURVE('',#751,#720,#759,.T.);
#759 = LINE('',#760,#761);
#760 = CARTESIAN_POINT('',(26.5,12.5,-0.580127018922));
#761 = VECTOR('',#762,1.);
#762 = DIRECTION('',(0.838670567945,-3.167985060518E-16,0.544639035015)
  );
#763 = ORIENTED_EDGE('',*,*,#719,.F.);
#764 = PLANE('',#765);
#765 = AXIS2_PLACEMENT_3D('',#766,#767,#768);
#766 = CARTESIAN_POINT('',(26.5,-7.5,-0.580127018922));
#767 = DIRECTION('',(0.544639035015,-7.352470279134E-16,-0.838670567945)
  );
#768 = DIRECTION('',(0.838670567945,-3.167985060518E-16,0.544639035015)
  );
#769 = ADVANCED_FACE('',(#770),#795,.T.);
#770 = FACE_BOUND('',#771,.T.);
#771 = EDGE_LOOP('',(#772,#780,#788,#794));
#772 = ORIENTED_EDGE('',*,*,#773,.F.);
#773 = EDGE_CURVE('',#774,#743,#776,.T.);
#774 = VERTEX_POINT('',#775);
#775 = CARTESIAN_POINT('',(20.,9.5,-4.330127018922));
#776 = LINE('',#777,#778);
#777 = CARTESIAN_POINT('',(11.773667889778,9.5,-9.076087851743));
#778 = VECTOR('',#779,1.);
#779 = DIRECTION('',(0.866185586049,0.,0.49972245349));
#780 = ORIENTED_EDGE('',*,*,#781,.T.);
#781 = EDGE_CURVE('',#774,#782,#784,.T.);
#782 = VERTEX_POINT('',#783);
#783 = CARTESIAN_POINT('',(20.,12.5,-4.330127018922));
#784 = LINE('',#785,#786);
#785 = CARTESIAN_POINT('',(20.,-7.5,-4.330127018922));
#786 = VECTOR('',#787,1.);
#787 = DIRECTION('',(4.440892098501E-16,1.,-6.661338147751E-16));
#788 = ORIENTED_EDGE('',*,*,#789,.T.);
#789 = EDGE_CURVE('',#782,#751,#790,.T.);
#790 = LINE('',#791,#792);
#791 = CARTESIAN_POINT('',(20.,12.5,-4.330127018922));
#792 = VECTOR('',#793,1.);
#793 = DIRECTION('',(0.866185586049,-3.550741592232E-16,0.49972245349));
#794 = ORIENTED_EDGE('',*,*,#750,.F.);
#795 = PLANE('',#796);
#796 = AXIS2_PLACEMENT_3D('',#797,#798,#799);
#797 = CARTESIAN_POINT('',(20.,-7.5,-4.330127018922));
#798 = DIRECTION('',(0.49972245349,-7.175456967636E-16,-0.866185586049)
  );
#799 = DIRECTION('',(0.866185586049,-3.550741592232E-16,0.49972245349));
#800 = ADVANCED_FACE('',(#801),#826,.T.);
#801 = FACE_BOUND('',#802,.T.);
#802 = EDGE_LOOP('',(#803,#811,#819,#825));
#803 = ORIENTED_EDGE('',*,*,#804,.F.);
#804 = EDGE_CURVE('',#805,#774,#807,.T.);
#805 = VERTEX_POINT('',#806);
#806 = CARTESIAN_POINT('',(19.533683215379,9.5,-4.567727288213));
#807 = LINE('',#808,#809);
#808 = CARTESIAN_POINT('',(11.494892553324,9.5,-8.663695713688));
#809 = VECTOR('',#810,1.);
#810 = DIRECTION('',(0.891006524188,0.,0.45399049974));
#811 = ORIENTED_EDGE('',*,*,#812,.T.);
#812 = EDGE_CURVE('',#805,#813,#815,.T.);
#813 = VERTEX_POINT('',#814);
#814 = CARTESIAN_POINT('',(19.533683215379,12.5,-4.567727288213));
#815 = LINE('',#816,#817);
#816 = CARTESIAN_POINT('',(19.533683215379,-7.5,-4.567727288213));
#817 = VECTOR('',#818,1.);
#818 = DIRECTION('',(4.440892098501E-16,1.,-6.661338147751E-16));
#819 = ORIENTED_EDGE('',*,*,#820,.T.);
#820 = EDGE_CURVE('',#813,#782,#821,.T.);
#821 = LINE('',#822,#823);
#822 = CARTESIAN_POINT('',(19.533683215379,12.5,-4.567727288213));
#823 = VECTOR('',#824,1.);
#824 = DIRECTION('',(0.891006524188,-3.919172926383E-16,0.45399049974));
#825 = ORIENTED_EDGE('',*,*,#781,.F.);
#826 = PLANE('',#827);
#827 = AXIS2_PLACEMENT_3D('',#828,#829,#830);
#828 = CARTESIAN_POINT('',(19.533683215379,-7.5,-4.567727288213));
#829 = DIRECTION('',(0.45399049974,-6.981048067612E-16,-0.891006524188)
  );
#830 = DIRECTION('',(0.891006524188,-3.919172926383E-16,0.45399049974));
#831 = ADVANCED_FACE('',(#832),#857,.T.);
#832 = FACE_BOUND('',#833,.T.);
#833 = EDGE_LOOP('',(#834,#842,#850,#856));
#834 = ORIENTED_EDGE('',*,*,#835,.F.);
#835 = EDGE_CURVE('',#836,#805,#838,.T.);
#836 = VERTEX_POINT('',#837);
#837 = CARTESIAN_POINT('',(19.045084971875,9.5,-4.755282581476));
#838 = LINE('',#839,#840);
#839 = CARTESIAN_POINT('',(11.336499490831,9.5,-7.714331308645));
#840 = VECTOR('',#841,1.);
#841 = DIRECTION('',(0.933580426497,0.,0.358367949545));
#842 = ORIENTED_EDGE('',*,*,#843,.T.);
#843 = EDGE_CURVE('',#836,#844,#846,.T.);
#844 = VERTEX_POINT('',#845);
#845 = CARTESIAN_POINT('',(19.045084971875,12.5,-4.755282581476));
#846 = LINE('',#847,#848);
#847 = CARTESIAN_POINT('',(19.045084971875,-7.5,-4.755282581476));
#848 = VECTOR('',#849,1.);
#849 = DIRECTION('',(4.440892098501E-16,1.,-6.661338147751E-16));
#850 = ORIENTED_EDGE('',*,*,#851,.T.);
#851 = EDGE_CURVE('',#844,#813,#852,.T.);
#852 = LINE('',#853,#854);
#853 = CARTESIAN_POINT('',(19.045084971875,12.5,-4.755282581476));
#854 = VECTOR('',#855,1.);
#855 = DIRECTION('',(0.933580426497,-4.627421513528E-16,0.358367949545)
  );
#856 = ORIENTED_EDGE('',*,*,#812,.F.);
#857 = PLANE('',#858);
#858 = AXIS2_PLACEMENT_3D('',#859,#860,#861);
#859 = CARTESIAN_POINT('',(19.045084971875,-7.5,-4.755282581476));
#860 = DIRECTION('',(0.358367949545,-6.533140032584E-16,-0.933580426497)
  );
#861 = DIRECTION('',(0.933580426497,-4.627421513528E-16,0.358367949545)
  );
#862 = ADVANCED_FACE('',(#863),#888,.T.);
#863 = FACE_BOUND('',#864,.T.);
#864 = EDGE_LOOP('',(#865,#873,#881,#887));
#865 = ORIENTED_EDGE('',*,*,#866,.F.);
#866 = EDGE_CURVE('',#867,#836,#869,.T.);
#867 = VERTEX_POINT('',#868);
#868 = CARTESIAN_POINT('',(18.539558454089,9.5,-4.890738003669));
#869 = LINE('',#870,#871);
#870 = CARTESIAN_POINT('',(11.39172593898,9.5,-6.805993953725));
#871 = VECTOR('',#872,1.);
#872 = DIRECTION('',(0.965925826289,0.,0.258819045103));
#873 = ORIENTED_EDGE('',*,*,#874,.T.);
#874 = EDGE_CURVE('',#867,#875,#877,.T.);
#875 = VERTEX_POINT('',#876);
#876 = CARTESIAN_POINT('',(18.539558454089,12.5,-4.890738003669));
#877 = LINE('',#878,#879);
#878 = CARTESIAN_POINT('',(18.539558454089,-7.5,-4.890738003669));
#879 = VECTOR('',#880,1.);
#880 = DIRECTION('',(4.440892098501E-16,1.,-6.661338147751E-16));
#881 = ORIENTED_EDGE('',*,*,#882,.T.);
#882 = EDGE_CURVE('',#875,#844,#883,.T.);
#883 = LINE('',#884,#885);
#884 = CARTESIAN_POINT('',(18.539558454089,12.5,-4.890738003669));
#885 = VECTOR('',#886,1.);
#886 = DIRECTION('',(0.965925826289,-5.28497110222E-16,0.258819045103));
#887 = ORIENTED_EDGE('',*,*,#843,.F.);
#888 = PLANE('',#889);
#889 = AXIS2_PLACEMENT_3D('',#890,#891,#892);
#890 = CARTESIAN_POINT('',(18.539558454089,-7.5,-4.890738003669));
#891 = DIRECTION('',(0.258819045103,-6.013653548211E-16,-0.965925826289)
  );
#892 = DIRECTION('',(0.965925826289,-5.28497110222E-16,0.258819045103));
#893 = ADVANCED_FACE('',(#894),#919,.T.);
#894 = FACE_BOUND('',#895,.T.);
#895 = EDGE_LOOP('',(#896,#904,#912,#918));
#896 = ORIENTED_EDGE('',*,*,#897,.F.);
#897 = EDGE_CURVE('',#898,#867,#900,.T.);
#898 = VERTEX_POINT('',#899);
#899 = CARTESIAN_POINT('',(18.022642316338,9.5,-4.972609476841));
#900 = LINE('',#901,#902);
#901 = CARTESIAN_POINT('',(11.641741550959,9.5,-5.983244873332));
#902 = VECTOR('',#903,1.);
#903 = DIRECTION('',(0.987688340595,0.,0.15643446504));
#904 = ORIENTED_EDGE('',*,*,#905,.T.);
#905 = EDGE_CURVE('',#898,#906,#908,.T.);
#906 = VERTEX_POINT('',#907);
#907 = CARTESIAN_POINT('',(18.022642316338,12.5,-4.972609476841));
#908 = LINE('',#909,#910);
#909 = CARTESIAN_POINT('',(18.022642316338,-7.5,-4.972609476841));
#910 = VECTOR('',#911,1.);
#911 = DIRECTION('',(4.440892098501E-16,1.,-6.661338147751E-16));
#912 = ORIENTED_EDGE('',*,*,#913,.T.);
#913 = EDGE_CURVE('',#906,#875,#914,.T.);
#914 = LINE('',#915,#916);
#915 = CARTESIAN_POINT('',(18.022642316338,12.5,-4.972609476841));
#916 = VECTOR('',#917,1.);
#917 = DIRECTION('',(0.987688340595,-5.884617441565E-16,0.15643446504));
#918 = ORIENTED_EDGE('',*,*,#874,.F.);
#919 = PLANE('',#920);
#920 = AXIS2_PLACEMENT_3D('',#921,#922,#923);
#921 = CARTESIAN_POINT('',(18.022642316338,-7.5,-4.972609476841));
#922 = DIRECTION('',(0.15643446504,-5.428280217126E-16,-0.987688340595)
  );
#923 = DIRECTION('',(0.987688340595,-5.884617441565E-16,0.15643446504));
#924 = ADVANCED_FACE('',(#925),#950,.T.);
#925 = FACE_BOUND('',#926,.T.);
#926 = EDGE_LOOP('',(#927,#935,#943,#949));
#927 = ORIENTED_EDGE('',*,*,#928,.F.);
#928 = EDGE_CURVE('',#929,#898,#931,.T.);
#929 = VERTEX_POINT('',#930);
#930 = CARTESIAN_POINT('',(17.5,9.5,-5.));
#931 = LINE('',#932,#933);
#932 = CARTESIAN_POINT('',(12.058784419033,9.5,-5.285162025199));
#933 = VECTOR('',#934,1.);
#934 = DIRECTION('',(0.998629534755,0.,5.233595624294E-02));
#935 = ORIENTED_EDGE('',*,*,#936,.T.);
#936 = EDGE_CURVE('',#929,#937,#939,.T.);
#937 = VERTEX_POINT('',#938);
#938 = CARTESIAN_POINT('',(17.5,12.5,-5.));
#939 = LINE('',#940,#941);
#940 = CARTESIAN_POINT('',(17.5,-7.5,-5.));
#941 = VECTOR('',#942,1.);
#942 = DIRECTION('',(4.440892098501E-16,1.,-6.661338147751E-16));
#943 = ORIENTED_EDGE('',*,*,#944,.T.);
#944 = EDGE_CURVE('',#937,#906,#945,.T.);
#945 = LINE('',#946,#947);
#946 = CARTESIAN_POINT('',(17.5,12.5,-5.));
#947 = VECTOR('',#948,1.);
#948 = DIRECTION('',(0.998629534755,-6.419790680785E-16,
    5.233595624294E-02));
#949 = ORIENTED_EDGE('',*,*,#905,.F.);
#950 = PLANE('',#951);
#951 = AXIS2_PLACEMENT_3D('',#952,#953,#954);
#952 = CARTESIAN_POINT('',(17.5,-7.5,-5.));
#953 = DIRECTION('',(5.233595624294E-02,-4.783433512041E-16,
    -0.998629534755));
#954 = DIRECTION('',(0.998629534755,-6.419790680785E-16,
    5.233595624294E-02));
#955 = ADVANCED_FACE('',(#956),#981,.T.);
#956 = FACE_BOUND('',#957,.T.);
#957 = EDGE_LOOP('',(#958,#966,#974,#980));
#958 = ORIENTED_EDGE('',*,*,#959,.F.);
#959 = EDGE_CURVE('',#960,#929,#962,.T.);
#960 = VERTEX_POINT('',#961);
#961 = CARTESIAN_POINT('',(16.977357683662,9.5,-4.972609476841));
#962 = LINE('',#963,#964);
#963 = CARTESIAN_POINT('',(12.607558851188,9.5,-4.743598024118));
#964 = VECTOR('',#965,1.);
#965 = DIRECTION('',(0.998629534755,0.,-5.233595624294E-02));
#966 = ORIENTED_EDGE('',*,*,#967,.T.);
#967 = EDGE_CURVE('',#960,#968,#970,.T.);
#968 = VERTEX_POINT('',#969);
#969 = CARTESIAN_POINT('',(16.977357683662,12.5,-4.972609476841));
#970 = LINE('',#971,#972);
#971 = CARTESIAN_POINT('',(16.977357683662,-7.5,-4.972609476841));
#972 = VECTOR('',#973,1.);
#973 = DIRECTION('',(4.440892098501E-16,1.,-6.661338147751E-16));
#974 = ORIENTED_EDGE('',*,*,#975,.T.);
#975 = EDGE_CURVE('',#968,#937,#976,.T.);
#976 = LINE('',#977,#978);
#977 = CARTESIAN_POINT('',(16.977357683662,12.5,-4.972609476841));
#978 = VECTOR('',#979,1.);
#979 = DIRECTION('',(0.998629534755,-6.884627349878E-16,
    -5.233595624294E-02));
#980 = ORIENTED_EDGE('',*,*,#936,.F.);
#981 = PLANE('',#982);
#982 = AXIS2_PLACEMENT_3D('',#983,#984,#985);
#983 = CARTESIAN_POINT('',(16.977357683662,-7.5,-4.972609476841));
#984 = DIRECTION('',(-5.233595624294E-02,-4.086178508401E-16,
    -0.998629534755));
#985 = DIRECTION('',(0.998629534755,-6.884627349878E-16,
    -5.233595624294E-02));
#986 = ADVANCED_FACE('',(#987),#1012,.T.);
#987 = FACE_BOUND('',#988,.T.);
#988 = EDGE_LOOP('',(#989,#997,#1005,#1011));
#989 = ORIENTED_EDGE('',*,*,#990,.F.);
#990 = EDGE_CURVE('',#991,#960,#993,.T.);
#991 = VERTEX_POINT('',#992);
#992 = CARTESIAN_POINT('',(16.460441545911,9.5,-4.890738003669));
#993 = LINE('',#994,#995);
#994 = CARTESIAN_POINT('',(13.246964972875,9.5,-4.381773315153));
#995 = VECTOR('',#996,1.);
#996 = DIRECTION('',(0.987688340595,0.,-0.15643446504));
#997 = ORIENTED_EDGE('',*,*,#998,.T.);
#998 = EDGE_CURVE('',#991,#999,#1001,.T.);
#999 = VERTEX_POINT('',#1000);
#1000 = CARTESIAN_POINT('',(16.460441545911,12.5,-4.890738003669));
#1001 = LINE('',#1002,#1003);
#1002 = CARTESIAN_POINT('',(16.460441545911,-7.5,-4.890738003669));
#1003 = VECTOR('',#1004,1.);
#1004 = DIRECTION('',(4.440892098501E-16,1.,-6.661338147751E-16));
#1005 = ORIENTED_EDGE('',*,*,#1006,.T.);
#1006 = EDGE_CURVE('',#999,#968,#1007,.T.);
#1007 = LINE('',#1008,#1009);
#1008 = CARTESIAN_POINT('',(16.460441545911,12.5,-4.890738003669));
#1009 = VECTOR('',#1010,1.);
#1010 = DIRECTION('',(0.987688340595,-7.274034601026E-16,-0.15643446504)
  );
#1011 = ORIENTED_EDGE('',*,*,#967,.F.);
#1012 = PLANE('',#1013);
#1013 = AXIS2_PLACEMENT_3D('',#1014,#1015,#1016);
#1014 = CARTESIAN_POINT('',(16.460441545911,-7.5,-4.890738003669));
#1015 = DIRECTION('',(-0.15643446504,-3.344154477935E-16,-0.987688340595
    ));
#1016 = DIRECTION('',(0.987688340595,-7.274034601026E-16,-0.15643446504)
  );
#1017 = ADVANCED_FACE('',(#1018),#1043,.T.);
#1018 = FACE_BOUND('',#1019,.T.);
#1019 = EDGE_LOOP('',(#1020,#1028,#1036,#1042));
#1020 = ORIENTED_EDGE('',*,*,#1021,.F.);
#1021 = EDGE_CURVE('',#1022,#991,#1024,.T.);
#1022 = VERTEX_POINT('',#1023);
#1023 = CARTESIAN_POINT('',(15.954915028125,9.5,-4.755282581476));
#1024 = LINE('',#1025,#1026);
#1025 = CARTESIAN_POINT('',(13.932082513016,9.5,-4.213266242629));
#1026 = VECTOR('',#1027,1.);
#1027 = DIRECTION('',(0.965925826289,0.,-0.258819045103));
#1028 = ORIENTED_EDGE('',*,*,#1029,.T.);
#1029 = EDGE_CURVE('',#1022,#1030,#1032,.T.);
#1030 = VERTEX_POINT('',#1031);
#1031 = CARTESIAN_POINT('',(15.954915028125,12.5,-4.755282581476));
#1032 = LINE('',#1033,#1034);
#1033 = CARTESIAN_POINT('',(15.954915028125,-7.5,-4.755282581476));
#1034 = VECTOR('',#1035,1.);
#1035 = DIRECTION('',(4.440892098501E-16,1.,-6.661338147751E-16));
#1036 = ORIENTED_EDGE('',*,*,#1037,.T.);
#1037 = EDGE_CURVE('',#1030,#999,#1038,.T.);
#1038 = LINE('',#1039,#1040);
#1039 = CARTESIAN_POINT('',(15.954915028125,12.5,-4.755282581476));
#1040 = VECTOR('',#1041,1.);
#1041 = DIRECTION('',(0.965925826289,-7.583746006894E-16,-0.258819045103
    ));
#1042 = ORIENTED_EDGE('',*,*,#998,.F.);
#1043 = PLANE('',#1044);
#1044 = AXIS2_PLACEMENT_3D('',#1045,#1046,#1047);
#1045 = CARTESIAN_POINT('',(15.954915028125,-7.5,-4.755282581476));
#1046 = DIRECTION('',(-0.258819045103,-2.565491191199E-16,
    -0.965925826289));
#1047 = DIRECTION('',(0.965925826289,-7.583746006894E-16,-0.258819045103
    ));
#1048 = ADVANCED_FACE('',(#1049),#1074,.T.);
#1049 = FACE_BOUND('',#1050,.T.);
#1050 = EDGE_LOOP('',(#1051,#1059,#1067,#1073));
#1051 = ORIENTED_EDGE('',*,*,#1052,.F.);
#1052 = EDGE_CURVE('',#1053,#1022,#1055,.T.);
#1053 = VERTEX_POINT('',#1054);
#1054 = CARTESIAN_POINT('',(15.466316784621,9.5,-4.567727288213));
#1055 = LINE('',#1056,#1057);
#1056 = CARTESIAN_POINT('',(14.616320018756,9.5,-4.241444099901));
#1057 = VECTOR('',#1058,1.);
#1058 = DIRECTION('',(0.933580426497,0.,-0.358367949545));
#1059 = ORIENTED_EDGE('',*,*,#1060,.T.);
#1060 = EDGE_CURVE('',#1053,#1061,#1063,.T.);
#1061 = VERTEX_POINT('',#1062);
#1062 = CARTESIAN_POINT('',(15.466316784621,12.5,-4.567727288213));
#1063 = LINE('',#1064,#1065);
#1064 = CARTESIAN_POINT('',(15.466316784621,-7.5,-4.567727288213));
#1065 = VECTOR('',#1066,1.);
#1066 = DIRECTION('',(4.440892098501E-16,1.,-6.661338147751E-16));
#1067 = ORIENTED_EDGE('',*,*,#1068,.T.);
#1068 = EDGE_CURVE('',#1061,#1030,#1069,.T.);
#1069 = LINE('',#1070,#1071);
#1070 = CARTESIAN_POINT('',(15.466316784621,12.5,-4.567727288213));
#1071 = VECTOR('',#1072,1.);
#1072 = DIRECTION('',(0.933580426497,-7.810368304511E-16,-0.358367949545
    ));
#1073 = ORIENTED_EDGE('',*,*,#1029,.F.);
#1074 = PLANE('',#1075);
#1075 = AXIS2_PLACEMENT_3D('',#1076,#1077,#1078);
#1076 = CARTESIAN_POINT('',(15.466316784621,-7.5,-4.567727288213));
#1077 = DIRECTION('',(-0.358367949545,-1.758719846109E-16,
    -0.933580426497));
#1078 = DIRECTION('',(0.933580426497,-7.810368304511E-16,-0.358367949545
    ));
#1079 = ADVANCED_FACE('',(#1080),#1105,.T.);
#1080 = FACE_BOUND('',#1081,.T.);
#1081 = EDGE_LOOP('',(#1082,#1090,#1098,#1104));
#1082 = ORIENTED_EDGE('',*,*,#1083,.F.);
#1083 = EDGE_CURVE('',#1084,#1053,#1086,.T.);
#1084 = VERTEX_POINT('',#1085);
#1085 = CARTESIAN_POINT('',(15.,9.5,-4.330127018922));
#1086 = LINE('',#1087,#1088);
#1087 = CARTESIAN_POINT('',(15.253633530288,9.5,-4.459359757449));
#1088 = VECTOR('',#1089,1.);
#1089 = DIRECTION('',(0.891006524188,0.,-0.45399049974));
#1090 = ORIENTED_EDGE('',*,*,#1091,.T.);
#1091 = EDGE_CURVE('',#1084,#1092,#1094,.T.);
#1092 = VERTEX_POINT('',#1093);
#1093 = CARTESIAN_POINT('',(15.,12.5,-4.330127018922));
#1094 = LINE('',#1095,#1096);
#1095 = CARTESIAN_POINT('',(15.,-7.5,-4.330127018922));
#1096 = VECTOR('',#1097,1.);
#1097 = DIRECTION('',(4.440892098501E-16,1.,-6.661338147751E-16));
#1098 = ORIENTED_EDGE('',*,*,#1099,.T.);
#1099 = EDGE_CURVE('',#1092,#1061,#1100,.T.);
#1100 = LINE('',#1101,#1102);
#1101 = CARTESIAN_POINT('',(15.,12.5,-4.330127018922));
#1102 = VECTOR('',#1103,1.);
#1103 = DIRECTION('',(0.891006524188,-7.951418572559E-16,-0.45399049974)
  );
#1104 = ORIENTED_EDGE('',*,*,#1060,.F.);
#1105 = PLANE('',#1106);
#1106 = AXIS2_PLACEMENT_3D('',#1107,#1108,#1109);
#1107 = CARTESIAN_POINT('',(15.,-7.5,-4.330127018922));
#1108 = DIRECTION('',(-0.45399049974,-9.326795983491E-17,-0.891006524188
    ));
#1109 = DIRECTION('',(0.891006524188,-7.951418572559E-16,-0.45399049974)
  );
#1110 = ADVANCED_FACE('',(#1111),#1136,.T.);
#1111 = FACE_BOUND('',#1112,.T.);
#1112 = EDGE_LOOP('',(#1113,#1121,#1129,#1135));
#1113 = ORIENTED_EDGE('',*,*,#1114,.F.);
#1114 = EDGE_CURVE('',#1115,#1084,#1117,.T.);
#1115 = VERTEX_POINT('',#1116);
#1116 = CARTESIAN_POINT('',(8.5,9.5,-0.580127018922));
#1117 = LINE('',#1118,#1119);
#1118 = CARTESIAN_POINT('',(12.398529668491,9.5,-2.829278750744));
#1119 = VECTOR('',#1120,1.);
#1120 = DIRECTION('',(0.866185586049,0.,-0.49972245349));
#1121 = ORIENTED_EDGE('',*,*,#1122,.T.);
#1122 = EDGE_CURVE('',#1115,#1123,#1125,.T.);
#1123 = VERTEX_POINT('',#1124);
#1124 = CARTESIAN_POINT('',(8.5,12.5,-0.580127018922));
#1125 = LINE('',#1126,#1127);
#1126 = CARTESIAN_POINT('',(8.5,-7.5,-0.580127018922));
#1127 = VECTOR('',#1128,1.);
#1128 = DIRECTION('',(4.440892098501E-16,1.,-6.661338147751E-16));
#1129 = ORIENTED_EDGE('',*,*,#1130,.T.);
#1130 = EDGE_CURVE('',#1123,#1092,#1131,.T.);
#1131 = LINE('',#1132,#1133);
#1132 = CARTESIAN_POINT('',(8.5,12.5,-0.580127018922));
#1133 = VECTOR('',#1134,1.);
#1134 = DIRECTION('',(0.866185586049,-7.989168582523E-16,-0.49972245349)
  );
#1135 = ORIENTED_EDGE('',*,*,#1091,.F.);
#1136 = PLANE('',#1137);
#1137 = AXIS2_PLACEMENT_3D('',#1138,#1139,#1140);
#1138 = CARTESIAN_POINT('',(8.5,-7.5,-0.580127018922));
#1139 = DIRECTION('',(-0.49972245349,-5.178164822005E-17,-0.866185586049
    ));
#1140 = DIRECTION('',(0.866185586049,-7.989168582523E-16,-0.49972245349)
  );
#1141 = ADVANCED_FACE('',(#1142),#1167,.T.);
#1142 = FACE_BOUND('',#1143,.T.);
#1143 = EDGE_LOOP('',(#1144,#1152,#1160,#1166));
#1144 = ORIENTED_EDGE('',*,*,#1145,.F.);
#1145 = EDGE_CURVE('',#1146,#1115,#1148,.T.);
#1146 = VERTEX_POINT('',#1147);
#1147 = CARTESIAN_POINT('',(8.061073738538,9.5,-0.295084971875));
#1148 = LINE('',#1149,#1150);
#1149 = CARTESIAN_POINT('',(12.443111662093,9.5,-3.140813673111));
#1150 = VECTOR('',#1151,1.);
#1151 = DIRECTION('',(0.838670567945,0.,-0.544639035015));
#1152 = ORIENTED_EDGE('',*,*,#1153,.T.);
#1153 = EDGE_CURVE('',#1146,#1154,#1156,.T.);
#1154 = VERTEX_POINT('',#1155);
#1155 = CARTESIAN_POINT('',(8.061073738538,12.5,-0.295084971875));
#1156 = LINE('',#1157,#1158);
#1157 = CARTESIAN_POINT('',(8.061073738538,-7.5,-0.295084971875));
#1158 = VECTOR('',#1159,1.);
#1159 = DIRECTION('',(4.440892098501E-16,1.,-6.661338147751E-16));
#1160 = ORIENTED_EDGE('',*,*,#1161,.T.);
#1161 = EDGE_CURVE('',#1154,#1123,#1162,.T.);
#1162 = LINE('',#1163,#1164);
#1163 = CARTESIAN_POINT('',(8.061073738538,12.5,-0.295084971875));
#1164 = VECTOR('',#1165,1.);
#1165 = DIRECTION('',(0.838670567945,-8.005351434784E-16,-0.544639035015
    ));
#1166 = ORIENTED_EDGE('',*,*,#1122,.F.);
#1167 = PLANE('',#1168);
#1168 = AXIS2_PLACEMENT_3D('',#1169,#1170,#1171);
#1169 = CARTESIAN_POINT('',(8.061073738538,-7.5,-0.295084971875));
#1170 = DIRECTION('',(-0.544639035015,-9.642071773401E-18,
    -0.838670567945));
#1171 = DIRECTION('',(0.838670567945,-8.005351434784E-16,-0.544639035015
    ));
#1172 = ADVANCED_FACE('',(#1173),#1230,.F.);
#1173 = FACE_BOUND('',#1174,.F.);
#1174 = EDGE_LOOP('',(#1175,#1176,#1184,#1192,#1200,#1208,#1216,#1224));
#1175 = ORIENTED_EDGE('',*,*,#88,.F.);
#1176 = ORIENTED_EDGE('',*,*,#1177,.T.);
#1177 = EDGE_CURVE('',#89,#1178,#1180,.T.);
#1178 = VERTEX_POINT('',#1179);
#1179 = CARTESIAN_POINT('',(7.4,-7.,9.5));
#1180 = LINE('',#1181,#1182);
#1181 = CARTESIAN_POINT('',(5.,-7.,9.5));
#1182 = VECTOR('',#1183,1.);
#1183 = DIRECTION('',(1.,0.,-2.22044604925E-16));
#1184 = ORIENTED_EDGE('',*,*,#1185,.F.);
#1185 = EDGE_CURVE('',#1186,#1178,#1188,.T.);
#1186 = VERTEX_POINT('',#1187);
#1187 = CARTESIAN_POINT('',(7.4,7.25,2.04725));
#1188 = LINE('',#1189,#1190);
#1189 = CARTESIAN_POINT('',(7.4,-3.706003553904,7.777239858692));
#1190 = VECTOR('',#1191,1.);
#1191 = DIRECTION('',(0.,-0.886126206259,0.463444005874));
#1192 = ORIENTED_EDGE('',*,*,#1193,.F.);
#1193 = EDGE_CURVE('',#1194,#1186,#1196,.T.);
#1194 = VERTEX_POINT('',#1195);
#1195 = CARTESIAN_POINT('',(6.305239352404,7.25,2.04725));
#1196 = LINE('',#1197,#1198);
#1197 = CARTESIAN_POINT('',(5.,7.25,2.04725));
#1198 = VECTOR('',#1199,1.);
#1199 = DIRECTION('',(1.,0.,-2.22044604925E-16));
#1200 = ORIENTED_EDGE('',*,*,#1201,.F.);
#1201 = EDGE_CURVE('',#1202,#1194,#1204,.T.);
#1202 = VERTEX_POINT('',#1203);
#1203 = CARTESIAN_POINT('',(6.244717418524,6.948537231118,2.204915028125
    ));
#1204 = LINE('',#1205,#1206);
#1205 = CARTESIAN_POINT('',(3.764510838509,-5.405495349722,
    8.666074067905));
#1206 = VECTOR('',#1207,1.);
#1207 = DIRECTION('',(0.175149489345,0.872428335335,-0.45628001938));
#1208 = ORIENTED_EDGE('',*,*,#1209,.F.);
#1209 = EDGE_CURVE('',#1210,#1202,#1212,.T.);
#1210 = VERTEX_POINT('',#1211);
#1211 = CARTESIAN_POINT('',(6.109261996331,5.981947330954,2.710441545911
    ));
#1212 = LINE('',#1213,#1214);
#1213 = CARTESIAN_POINT('',(4.474521780865,-5.683317566362,
    8.811375087207));
#1214 = VECTOR('',#1215,1.);
#1215 = DIRECTION('',(0.123232923318,0.879371952176,-0.459911530988));
#1216 = ORIENTED_EDGE('',*,*,#1217,.F.);
#1217 = EDGE_CURVE('',#1218,#1210,#1220,.T.);
#1218 = VERTEX_POINT('',#1219);
#1219 = CARTESIAN_POINT('',(6.027390523159,4.993579954758,3.227357683662
    ));
#1220 = LINE('',#1221,#1222);
#1221 = CARTESIAN_POINT('',(5.126418210733,-5.883122344012,
    8.915872985918));
#1222 = VECTOR('',#1223,1.);
#1223 = DIRECTION('',(7.320537278545E-02,0.883748629649,-0.462200533306)
  );
#1224 = ORIENTED_EDGE('',*,*,#1225,.F.);
#1225 = EDGE_CURVE('',#81,#1218,#1226,.T.);
#1226 = LINE('',#1227,#1228);
#1227 = CARTESIAN_POINT('',(5.725503131258,-6.020482357203,
    8.987712272817));
#1228 = VECTOR('',#1229,1.);
#1229 = DIRECTION('',(2.428091044496E-02,0.885864954307,-0.463307371103)
  );
#1230 = PLANE('',#1231);
#1231 = AXIS2_PLACEMENT_3D('',#1232,#1233,#1234);
#1232 = CARTESIAN_POINT('',(5.,-7.,9.5));
#1233 = DIRECTION('',(-1.029052411891E-16,0.463444005874,0.886126206259)
  );
#1234 = DIRECTION('',(-1.967595433826E-16,0.886126206259,-0.463444005874
    ));
#1235 = ADVANCED_FACE('',(#1236),#1254,.T.);
#1236 = FACE_BOUND('',#1237,.T.);
#1237 = EDGE_LOOP('',(#1238,#1239,#1240,#1248));
#1238 = ORIENTED_EDGE('',*,*,#1225,.F.);
#1239 = ORIENTED_EDGE('',*,*,#80,.T.);
#1240 = ORIENTED_EDGE('',*,*,#1241,.T.);
#1241 = EDGE_CURVE('',#73,#1242,#1244,.T.);
#1242 = VERTEX_POINT('',#1243);
#1243 = CARTESIAN_POINT('',(6.027390523159,12.5,3.227357683662));
#1244 = LINE('',#1245,#1246);
#1245 = CARTESIAN_POINT('',(6.,12.5,3.75));
#1246 = VECTOR('',#1247,1.);
#1247 = DIRECTION('',(5.233595624294E-02,-4.783433512041E-16,
    -0.998629534755));
#1248 = ORIENTED_EDGE('',*,*,#1249,.F.);
#1249 = EDGE_CURVE('',#1218,#1242,#1250,.T.);
#1250 = LINE('',#1251,#1252);
#1251 = CARTESIAN_POINT('',(6.027390523159,-7.5,3.227357683662));
#1252 = VECTOR('',#1253,1.);
#1253 = DIRECTION('',(4.440892098501E-16,1.,-6.661338147751E-16));
#1254 = PLANE('',#1255);
#1255 = AXIS2_PLACEMENT_3D('',#1256,#1257,#1258);
#1256 = CARTESIAN_POINT('',(6.,-7.5,3.75));
#1257 = DIRECTION('',(-0.998629534755,6.419790680785E-16,
    -5.233595624294E-02));
#1258 = DIRECTION('',(5.233595624294E-02,-4.783433512041E-16,
    -0.998629534755));
#1259 = ADVANCED_FACE('',(#1260),#1278,.T.);
#1260 = FACE_BOUND('',#1261,.T.);
#1261 = EDGE_LOOP('',(#1262,#1263,#1264,#1272));
#1262 = ORIENTED_EDGE('',*,*,#1217,.F.);
#1263 = ORIENTED_EDGE('',*,*,#1249,.T.);
#1264 = ORIENTED_EDGE('',*,*,#1265,.T.);
#1265 = EDGE_CURVE('',#1242,#1266,#1268,.T.);
#1266 = VERTEX_POINT('',#1267);
#1267 = CARTESIAN_POINT('',(6.109261996331,12.5,2.710441545911));
#1268 = LINE('',#1269,#1270);
#1269 = CARTESIAN_POINT('',(6.027390523159,12.5,3.227357683662));
#1270 = VECTOR('',#1271,1.);
#1271 = DIRECTION('',(0.15643446504,-5.428280217126E-16,-0.987688340595)
  );
#1272 = ORIENTED_EDGE('',*,*,#1273,.F.);
#1273 = EDGE_CURVE('',#1210,#1266,#1274,.T.);
#1274 = LINE('',#1275,#1276);
#1275 = CARTESIAN_POINT('',(6.109261996331,-7.5,2.710441545911));
#1276 = VECTOR('',#1277,1.);
#1277 = DIRECTION('',(4.440892098501E-16,1.,-6.661338147751E-16));
#1278 = PLANE('',#1279);
#1279 = AXIS2_PLACEMENT_3D('',#1280,#1281,#1282);
#1280 = CARTESIAN_POINT('',(6.027390523159,-7.5,3.227357683662));
#1281 = DIRECTION('',(-0.987688340595,5.884617441565E-16,-0.15643446504)
  );
#1282 = DIRECTION('',(0.15643446504,-5.428280217126E-16,-0.987688340595)
  );
#1283 = ADVANCED_FACE('',(#1284),#1302,.T.);
#1284 = FACE_BOUND('',#1285,.T.);
#1285 = EDGE_LOOP('',(#1286,#1287,#1288,#1296));
#1286 = ORIENTED_EDGE('',*,*,#1209,.F.);
#1287 = ORIENTED_EDGE('',*,*,#1273,.T.);
#1288 = ORIENTED_EDGE('',*,*,#1289,.T.);
#1289 = EDGE_CURVE('',#1266,#1290,#1292,.T.);
#1290 = VERTEX_POINT('',#1291);
#1291 = CARTESIAN_POINT('',(6.244717418524,12.5,2.204915028125));
#1292 = LINE('',#1293,#1294);
#1293 = CARTESIAN_POINT('',(6.109261996331,12.5,2.710441545911));
#1294 = VECTOR('',#1295,1.);
#1295 = DIRECTION('',(0.258819045103,-6.013653548211E-16,-0.965925826289
    ));
#1296 = ORIENTED_EDGE('',*,*,#1297,.F.);
#1297 = EDGE_CURVE('',#1202,#1290,#1298,.T.);
#1298 = LINE('',#1299,#1300);
#1299 = CARTESIAN_POINT('',(6.244717418524,-7.5,2.204915028125));
#1300 = VECTOR('',#1301,1.);
#1301 = DIRECTION('',(4.440892098501E-16,1.,-6.661338147751E-16));
#1302 = PLANE('',#1303);
#1303 = AXIS2_PLACEMENT_3D('',#1304,#1305,#1306);
#1304 = CARTESIAN_POINT('',(6.109261996331,-7.5,2.710441545911));
#1305 = DIRECTION('',(-0.965925826289,5.28497110222E-16,-0.258819045103)
  );
#1306 = DIRECTION('',(0.258819045103,-6.013653548211E-16,-0.965925826289
    ));
#1307 = ADVANCED_FACE('',(#1308),#1334,.T.);
#1308 = FACE_BOUND('',#1309,.T.);
#1309 = EDGE_LOOP('',(#1310,#1311,#1312,#1320,#1328));
#1310 = ORIENTED_EDGE('',*,*,#1201,.F.);
#1311 = ORIENTED_EDGE('',*,*,#1297,.T.);
#1312 = ORIENTED_EDGE('',*,*,#1313,.T.);
#1313 = EDGE_CURVE('',#1290,#1314,#1316,.T.);
#1314 = VERTEX_POINT('',#1315);
#1315 = CARTESIAN_POINT('',(6.432272711787,12.5,1.716316784621));
#1316 = LINE('',#1317,#1318);
#1317 = CARTESIAN_POINT('',(6.244717418524,12.5,2.204915028125));
#1318 = VECTOR('',#1319,1.);
#1319 = DIRECTION('',(0.358367949545,-6.533140032584E-16,-0.933580426497
    ));
#1320 = ORIENTED_EDGE('',*,*,#1321,.F.);
#1321 = EDGE_CURVE('',#1322,#1314,#1324,.T.);
#1322 = VERTEX_POINT('',#1323);
#1323 = CARTESIAN_POINT('',(6.432272711787,7.25,1.716316784621));
#1324 = LINE('',#1325,#1326);
#1325 = CARTESIAN_POINT('',(6.432272711787,-7.5,1.716316784621));
#1326 = VECTOR('',#1327,1.);
#1327 = DIRECTION('',(4.440892098501E-16,1.,-6.661338147751E-16));
#1328 = ORIENTED_EDGE('',*,*,#1329,.F.);
#1329 = EDGE_CURVE('',#1194,#1322,#1330,.T.);
#1330 = LINE('',#1331,#1332);
#1331 = CARTESIAN_POINT('',(6.19116401505,7.25,2.344426413892));
#1332 = VECTOR('',#1333,1.);
#1333 = DIRECTION('',(0.358367949545,7.957366977458E-17,-0.933580426497)
  );
#1334 = PLANE('',#1335);
#1335 = AXIS2_PLACEMENT_3D('',#1336,#1337,#1338);
#1336 = CARTESIAN_POINT('',(6.244717418524,-7.5,2.204915028125));
#1337 = DIRECTION('',(-0.933580426497,4.627421513528E-16,-0.358367949545
    ));
#1338 = DIRECTION('',(0.358367949545,-6.533140032584E-16,-0.933580426497
    ));
#1339 = ADVANCED_FACE('',(#1340),#1382,.F.);
#1340 = FACE_BOUND('',#1341,.F.);
#1341 = EDGE_LOOP('',(#1342,#1343,#1344,#1352,#1360,#1368,#1376));
#1342 = ORIENTED_EDGE('',*,*,#1329,.F.);
#1343 = ORIENTED_EDGE('',*,*,#1193,.T.);
#1344 = ORIENTED_EDGE('',*,*,#1345,.F.);
#1345 = EDGE_CURVE('',#1346,#1186,#1348,.T.);
#1346 = VERTEX_POINT('',#1347);
#1347 = CARTESIAN_POINT('',(7.4,7.25,0.288622840819));
#1348 = LINE('',#1349,#1350);
#1349 = CARTESIAN_POINT('',(7.4,7.25,-9.226375));
#1350 = VECTOR('',#1351,1.);
#1351 = DIRECTION('',(0.,0.,1.));
#1352 = ORIENTED_EDGE('',*,*,#1353,.F.);
#1353 = EDGE_CURVE('',#1354,#1346,#1356,.T.);
#1354 = VERTEX_POINT('',#1355);
#1355 = CARTESIAN_POINT('',(7.284275872613,7.25,0.404346968206));
#1356 = LINE('',#1357,#1358);
#1357 = CARTESIAN_POINT('',(6.302481146511,7.25,1.386141694308));
#1358 = VECTOR('',#1359,1.);
#1359 = DIRECTION('',(0.707106781187,1.570092458684E-16,-0.707106781187)
  );
#1360 = ORIENTED_EDGE('',*,*,#1361,.F.);
#1361 = EDGE_CURVE('',#1362,#1354,#1364,.T.);
#1362 = VERTEX_POINT('',#1363);
#1363 = CARTESIAN_POINT('',(6.954915028125,7.25,0.811073738538));
#1364 = LINE('',#1365,#1366);
#1365 = CARTESIAN_POINT('',(6.265507982261,7.25,1.66242053917));
#1366 = VECTOR('',#1367,1.);
#1367 = DIRECTION('',(0.62932039105,1.397371976019E-16,-0.777145961457)
  );
#1368 = ORIENTED_EDGE('',*,*,#1369,.F.);
#1369 = EDGE_CURVE('',#1370,#1362,#1372,.T.);
#1370 = VERTEX_POINT('',#1371);
#1371 = CARTESIAN_POINT('',(6.669872981078,7.25,1.25));
#1372 = LINE('',#1373,#1374);
#1373 = CARTESIAN_POINT('',(6.240123339454,7.25,1.911756416349));
#1374 = VECTOR('',#1375,1.);
#1375 = DIRECTION('',(0.544639035015,1.209341593567E-16,-0.838670567945)
  );
#1376 = ORIENTED_EDGE('',*,*,#1377,.F.);
#1377 = EDGE_CURVE('',#1322,#1370,#1378,.T.);
#1378 = LINE('',#1379,#1380);
#1379 = CARTESIAN_POINT('',(6.217739079341,7.25,2.137362745443));
#1380 = VECTOR('',#1381,1.);
#1381 = DIRECTION('',(0.45399049974,1.008061411544E-16,-0.891006524188)
  );
#1382 = PLANE('',#1383);
#1383 = AXIS2_PLACEMENT_3D('',#1384,#1385,#1386);
#1384 = CARTESIAN_POINT('',(5.,7.25,2.04725));
#1385 = DIRECTION('',(-2.22044604925E-16,1.,0.));
#1386 = DIRECTION('',(0.,2.22044604925E-16,-1.));
#1387 = ADVANCED_FACE('',(#1388),#1430,.T.);
#1388 = FACE_BOUND('',#1389,.T.);
#1389 = EDGE_LOOP('',(#1390,#1398,#1399,#1400,#1408,#1416,#1424));
#1390 = ORIENTED_EDGE('',*,*,#1391,.F.);
#1391 = EDGE_CURVE('',#1178,#1392,#1394,.T.);
#1392 = VERTEX_POINT('',#1393);
#1393 = CARTESIAN_POINT('',(7.4,8.5,9.5));
#1394 = LINE('',#1395,#1396);
#1395 = CARTESIAN_POINT('',(7.4,-14.3,9.5));
#1396 = VECTOR('',#1397,1.);
#1397 = DIRECTION('',(-0.,1.,0.));
#1398 = ORIENTED_EDGE('',*,*,#1185,.F.);
#1399 = ORIENTED_EDGE('',*,*,#1345,.F.);
#1400 = ORIENTED_EDGE('',*,*,#1401,.F.);
#1401 = EDGE_CURVE('',#1402,#1346,#1404,.T.);
#1402 = VERTEX_POINT('',#1403);
#1403 = CARTESIAN_POINT('',(7.4,9.5,0.288622840819));
#1404 = LINE('',#1405,#1406);
#1405 = CARTESIAN_POINT('',(7.4,-10.9,0.288622840819));
#1406 = VECTOR('',#1407,1.);
#1407 = DIRECTION('',(0.,-1.,-2.22044604925E-16));
#1408 = ORIENTED_EDGE('',*,*,#1409,.T.);
#1409 = EDGE_CURVE('',#1402,#1410,#1412,.T.);
#1410 = VERTEX_POINT('',#1411);
#1411 = CARTESIAN_POINT('',(7.4,9.5,8.));
#1412 = LINE('',#1413,#1414);
#1413 = CARTESIAN_POINT('',(7.4,9.5,-20.5));
#1414 = VECTOR('',#1415,1.);
#1415 = DIRECTION('',(0.,0.,1.));
#1416 = ORIENTED_EDGE('',*,*,#1417,.T.);
#1417 = EDGE_CURVE('',#1410,#1418,#1420,.T.);
#1418 = VERTEX_POINT('',#1419);
#1419 = CARTESIAN_POINT('',(7.4,8.5,8.));
#1420 = LINE('',#1421,#1422);
#1421 = CARTESIAN_POINT('',(7.4,-2.9,8.));
#1422 = VECTOR('',#1423,1.);
#1423 = DIRECTION('',(0.,-1.,0.));
#1424 = ORIENTED_EDGE('',*,*,#1425,.T.);
#1425 = EDGE_CURVE('',#1418,#1392,#1426,.T.);
#1426 = LINE('',#1427,#1428);
#1427 = CARTESIAN_POINT('',(7.4,8.5,-6.25));
#1428 = VECTOR('',#1429,1.);
#1429 = DIRECTION('',(0.,0.,1.));
#1430 = PLANE('',#1431);
#1431 = AXIS2_PLACEMENT_3D('',#1432,#1433,#1434);
#1432 = CARTESIAN_POINT('',(7.4,-14.3,-20.5));
#1433 = DIRECTION('',(1.,0.,-0.));
#1434 = DIRECTION('',(0.,0.,1.));
#1435 = ADVANCED_FACE('',(#1436),#1470,.T.);
#1436 = FACE_BOUND('',#1437,.T.);
#1437 = EDGE_LOOP('',(#1438,#1439,#1447,#1455,#1463,#1469));
#1438 = ORIENTED_EDGE('',*,*,#1353,.F.);
#1439 = ORIENTED_EDGE('',*,*,#1440,.T.);
#1440 = EDGE_CURVE('',#1354,#1441,#1443,.T.);
#1441 = VERTEX_POINT('',#1442);
#1442 = CARTESIAN_POINT('',(7.284275872613,12.5,0.404346968206));
#1443 = LINE('',#1444,#1445);
#1444 = CARTESIAN_POINT('',(7.284275872613,-7.5,0.404346968206));
#1445 = VECTOR('',#1446,1.);
#1446 = DIRECTION('',(4.440892098501E-16,1.,-6.661338147751E-16));
#1447 = ORIENTED_EDGE('',*,*,#1448,.T.);
#1448 = EDGE_CURVE('',#1441,#1449,#1451,.T.);
#1449 = VERTEX_POINT('',#1450);
#1450 = CARTESIAN_POINT('',(7.654346968206,12.5,3.427587261302E-02));
#1451 = LINE('',#1452,#1453);
#1452 = CARTESIAN_POINT('',(7.284275872613,12.5,0.404346968206));
#1453 = VECTOR('',#1454,1.);
#1454 = DIRECTION('',(0.707106781187,-7.850462293419E-16,-0.707106781187
    ));
#1455 = ORIENTED_EDGE('',*,*,#1456,.F.);
#1456 = EDGE_CURVE('',#1457,#1449,#1459,.T.);
#1457 = VERTEX_POINT('',#1458);
#1458 = CARTESIAN_POINT('',(7.654346968206,9.5,3.427587261302E-02));
#1459 = LINE('',#1460,#1461);
#1460 = CARTESIAN_POINT('',(7.654346968206,-7.5,3.427587261303E-02));
#1461 = VECTOR('',#1462,1.);
#1462 = DIRECTION('',(4.440892098501E-16,1.,-6.661338147751E-16));
#1463 = ORIENTED_EDGE('',*,*,#1464,.F.);
#1464 = EDGE_CURVE('',#1402,#1457,#1465,.T.);
#1465 = LINE('',#1466,#1467);
#1466 = CARTESIAN_POINT('',(12.539293646511,9.5,-4.850670805692));
#1467 = VECTOR('',#1468,1.);
#1468 = DIRECTION('',(0.707106781187,0.,-0.707106781187));
#1469 = ORIENTED_EDGE('',*,*,#1401,.T.);
#1470 = PLANE('',#1471);
#1471 = AXIS2_PLACEMENT_3D('',#1472,#1473,#1474);
#1472 = CARTESIAN_POINT('',(7.284275872613,-7.5,0.404346968206));
#1473 = DIRECTION('',(-0.707106781187,1.570092458684E-16,-0.707106781187
    ));
#1474 = DIRECTION('',(0.707106781187,-7.850462293419E-16,-0.707106781187
    ));
#1475 = ADVANCED_FACE('',(#1476),#1492,.T.);
#1476 = FACE_BOUND('',#1477,.T.);
#1477 = EDGE_LOOP('',(#1478,#1484,#1485,#1491));
#1478 = ORIENTED_EDGE('',*,*,#1479,.F.);
#1479 = EDGE_CURVE('',#1457,#1146,#1480,.T.);
#1480 = LINE('',#1481,#1482);
#1481 = CARTESIAN_POINT('',(12.598927968501,9.5,-3.969766872266));
#1482 = VECTOR('',#1483,1.);
#1483 = DIRECTION('',(0.777145961457,0.,-0.62932039105));
#1484 = ORIENTED_EDGE('',*,*,#1456,.T.);
#1485 = ORIENTED_EDGE('',*,*,#1486,.T.);
#1486 = EDGE_CURVE('',#1449,#1154,#1487,.T.);
#1487 = LINE('',#1488,#1489);
#1488 = CARTESIAN_POINT('',(7.654346968206,12.5,3.427587261302E-02));
#1489 = VECTOR('',#1490,1.);
#1490 = DIRECTION('',(0.777145961457,-7.971575991462E-16,-0.62932039105)
  );
#1491 = ORIENTED_EDGE('',*,*,#1153,.F.);
#1492 = PLANE('',#1493);
#1493 = AXIS2_PLACEMENT_3D('',#1494,#1495,#1496);
#1494 = CARTESIAN_POINT('',(7.654346968206,-7.5,3.427587261303E-02));
#1495 = DIRECTION('',(-0.62932039105,7.408945684419E-17,-0.777145961457)
  );
#1496 = DIRECTION('',(0.777145961457,-7.971575991462E-16,-0.62932039105)
  );
#1497 = ADVANCED_FACE('',(#1498),#1516,.T.);
#1498 = FACE_BOUND('',#1499,.T.);
#1499 = EDGE_LOOP('',(#1500,#1501,#1509,#1515));
#1500 = ORIENTED_EDGE('',*,*,#1361,.F.);
#1501 = ORIENTED_EDGE('',*,*,#1502,.T.);
#1502 = EDGE_CURVE('',#1362,#1503,#1505,.T.);
#1503 = VERTEX_POINT('',#1504);
#1504 = CARTESIAN_POINT('',(6.954915028125,12.5,0.811073738538));
#1505 = LINE('',#1506,#1507);
#1506 = CARTESIAN_POINT('',(6.954915028125,-7.5,0.811073738538));
#1507 = VECTOR('',#1508,1.);
#1508 = DIRECTION('',(4.440892098501E-16,1.,-6.661338147751E-16));
#1509 = ORIENTED_EDGE('',*,*,#1510,.T.);
#1510 = EDGE_CURVE('',#1503,#1441,#1511,.T.);
#1511 = LINE('',#1512,#1513);
#1512 = CARTESIAN_POINT('',(6.954915028125,12.5,0.811073738538));
#1513 = VECTOR('',#1514,1.);
#1514 = DIRECTION('',(0.62932039105,-7.643337287674E-16,-0.777145961457)
  );
#1515 = ORIENTED_EDGE('',*,*,#1440,.F.);
#1516 = PLANE('',#1517);
#1517 = AXIS2_PLACEMENT_3D('',#1518,#1519,#1520);
#1518 = CARTESIAN_POINT('',(6.954915028125,-7.5,0.811073738538));
#1519 = DIRECTION('',(-0.777145961457,2.382088087385E-16,-0.62932039105)
  );
#1520 = DIRECTION('',(0.62932039105,-7.643337287674E-16,-0.777145961457)
  );
#1521 = ADVANCED_FACE('',(#1522),#1540,.T.);
#1522 = FACE_BOUND('',#1523,.T.);
#1523 = EDGE_LOOP('',(#1524,#1525,#1533,#1539));
#1524 = ORIENTED_EDGE('',*,*,#1369,.F.);
#1525 = ORIENTED_EDGE('',*,*,#1526,.T.);
#1526 = EDGE_CURVE('',#1370,#1527,#1529,.T.);
#1527 = VERTEX_POINT('',#1528);
#1528 = CARTESIAN_POINT('',(6.669872981078,12.5,1.25));
#1529 = LINE('',#1530,#1531);
#1530 = CARTESIAN_POINT('',(6.669872981078,-7.5,1.25));
#1531 = VECTOR('',#1532,1.);
#1532 = DIRECTION('',(4.440892098501E-16,1.,-6.661338147751E-16));
#1533 = ORIENTED_EDGE('',*,*,#1534,.T.);
#1534 = EDGE_CURVE('',#1527,#1503,#1535,.T.);
#1535 = LINE('',#1536,#1537);
#1536 = CARTESIAN_POINT('',(6.669872981078,12.5,1.25));
#1537 = VECTOR('',#1538,1.);
#1538 = DIRECTION('',(0.544639035015,-7.352470279134E-16,-0.838670567945
    ));
#1539 = ORIENTED_EDGE('',*,*,#1502,.F.);
#1540 = PLANE('',#1541);
#1541 = AXIS2_PLACEMENT_3D('',#1542,#1543,#1544);
#1542 = CARTESIAN_POINT('',(6.669872981078,-7.5,1.25));
#1543 = DIRECTION('',(-0.838670567945,3.167985060518E-16,-0.544639035015
    ));
#1544 = DIRECTION('',(0.544639035015,-7.352470279134E-16,-0.838670567945
    ));
#1545 = ADVANCED_FACE('',(#1546),#1557,.T.);
#1546 = FACE_BOUND('',#1547,.T.);
#1547 = EDGE_LOOP('',(#1548,#1549,#1550,#1556));
#1548 = ORIENTED_EDGE('',*,*,#1377,.F.);
#1549 = ORIENTED_EDGE('',*,*,#1321,.T.);
#1550 = ORIENTED_EDGE('',*,*,#1551,.T.);
#1551 = EDGE_CURVE('',#1314,#1527,#1552,.T.);
#1552 = LINE('',#1553,#1554);
#1553 = CARTESIAN_POINT('',(6.432272711787,12.5,1.716316784621));
#1554 = VECTOR('',#1555,1.);
#1555 = DIRECTION('',(0.45399049974,-6.981048067612E-16,-0.891006524188)
  );
#1556 = ORIENTED_EDGE('',*,*,#1526,.F.);
#1557 = PLANE('',#1558);
#1558 = AXIS2_PLACEMENT_3D('',#1559,#1560,#1561);
#1559 = CARTESIAN_POINT('',(6.432272711787,-7.5,1.716316784621));
#1560 = DIRECTION('',(-0.891006524188,3.919172926383E-16,-0.45399049974)
  );
#1561 = DIRECTION('',(0.45399049974,-6.981048067612E-16,-0.891006524188)
  );
#1562 = ADVANCED_FACE('',(#1563),#1599,.F.);
#1563 = FACE_BOUND('',#1564,.F.);
#1564 = EDGE_LOOP('',(#1565,#1575,#1583,#1589,#1590,#1591,#1592,#1593));
#1565 = ORIENTED_EDGE('',*,*,#1566,.T.);
#1566 = EDGE_CURVE('',#1567,#1569,#1571,.T.);
#1567 = VERTEX_POINT('',#1568);
#1568 = CARTESIAN_POINT('',(27.6,7.25,2.04725));
#1569 = VERTEX_POINT('',#1570);
#1570 = CARTESIAN_POINT('',(27.6,-7.,9.5));
#1571 = LINE('',#1572,#1573);
#1572 = CARTESIAN_POINT('',(27.6,-3.706003553904,7.777239858692));
#1573 = VECTOR('',#1574,1.);
#1574 = DIRECTION('',(0.,-0.886126206259,0.463444005874));
#1575 = ORIENTED_EDGE('',*,*,#1576,.T.);
#1576 = EDGE_CURVE('',#1569,#1577,#1579,.T.);
#1577 = VERTEX_POINT('',#1578);
#1578 = CARTESIAN_POINT('',(29.,-7.,9.5));
#1579 = LINE('',#1580,#1581);
#1580 = CARTESIAN_POINT('',(5.,-7.,9.5));
#1581 = VECTOR('',#1582,1.);
#1582 = DIRECTION('',(1.,0.,-2.22044604925E-16));
#1583 = ORIENTED_EDGE('',*,*,#1584,.F.);
#1584 = EDGE_CURVE('',#433,#1577,#1585,.T.);
#1585 = LINE('',#1586,#1587);
#1586 = CARTESIAN_POINT('',(29.,-6.015629011982,8.985173973266));
#1587 = VECTOR('',#1588,1.);
#1588 = DIRECTION('',(-7.96089112526E-16,-0.886126206259,0.463444005874)
  );
#1589 = ORIENTED_EDGE('',*,*,#430,.F.);
#1590 = ORIENTED_EDGE('',*,*,#470,.F.);
#1591 = ORIENTED_EDGE('',*,*,#501,.F.);
#1592 = ORIENTED_EDGE('',*,*,#557,.F.);
#1593 = ORIENTED_EDGE('',*,*,#1594,.F.);
#1594 = EDGE_CURVE('',#1567,#535,#1595,.T.);
#1595 = LINE('',#1596,#1597);
#1596 = CARTESIAN_POINT('',(5.,7.25,2.04725));
#1597 = VECTOR('',#1598,1.);
#1598 = DIRECTION('',(1.,0.,-2.22044604925E-16));
#1599 = PLANE('',#1600);
#1600 = AXIS2_PLACEMENT_3D('',#1601,#1602,#1603);
#1601 = CARTESIAN_POINT('',(5.,-7.,9.5));
#1602 = DIRECTION('',(-1.029052411891E-16,0.463444005874,0.886126206259)
  );
#1603 = DIRECTION('',(-1.967595433826E-16,0.886126206259,-0.463444005874
    ));
#1604 = ADVANCED_FACE('',(#1605),#1646,.F.);
#1605 = FACE_BOUND('',#1606,.F.);
#1606 = EDGE_LOOP('',(#1607,#1613,#1614,#1622,#1630,#1636,#1637,#1638,
    #1644,#1645));
#1607 = ORIENTED_EDGE('',*,*,#1608,.F.);
#1608 = EDGE_CURVE('',#1418,#407,#1609,.T.);
#1609 = LINE('',#1610,#1611);
#1610 = CARTESIAN_POINT('',(6.,8.5,8.));
#1611 = VECTOR('',#1612,1.);
#1612 = DIRECTION('',(1.,0.,-0.));
#1613 = ORIENTED_EDGE('',*,*,#1425,.T.);
#1614 = ORIENTED_EDGE('',*,*,#1615,.F.);
#1615 = EDGE_CURVE('',#1616,#1392,#1618,.T.);
#1616 = VERTEX_POINT('',#1617);
#1617 = CARTESIAN_POINT('',(27.6,8.5,9.5));
#1618 = LINE('',#1619,#1620);
#1619 = CARTESIAN_POINT('',(6.7,8.5,9.5));
#1620 = VECTOR('',#1621,1.);
#1621 = DIRECTION('',(-1.,-0.,0.));
#1622 = ORIENTED_EDGE('',*,*,#1623,.F.);
#1623 = EDGE_CURVE('',#1624,#1616,#1626,.T.);
#1624 = VERTEX_POINT('',#1625);
#1625 = CARTESIAN_POINT('',(27.6,8.5,8.));
#1626 = LINE('',#1627,#1628);
#1627 = CARTESIAN_POINT('',(27.6,8.5,-6.25));
#1628 = VECTOR('',#1629,1.);
#1629 = DIRECTION('',(0.,0.,1.));
#1630 = ORIENTED_EDGE('',*,*,#1631,.F.);
#1631 = EDGE_CURVE('',#233,#1624,#1632,.T.);
#1632 = LINE('',#1633,#1634);
#1633 = CARTESIAN_POINT('',(6.,8.5,8.));
#1634 = VECTOR('',#1635,1.);
#1635 = DIRECTION('',(1.,0.,-0.));
#1636 = ORIENTED_EDGE('',*,*,#232,.F.);
#1637 = ORIENTED_EDGE('',*,*,#266,.F.);
#1638 = ORIENTED_EDGE('',*,*,#1639,.F.);
#1639 = EDGE_CURVE('',#381,#259,#1640,.T.);
#1640 = LINE('',#1641,#1642);
#1641 = CARTESIAN_POINT('',(6.,8.5,8.));
#1642 = VECTOR('',#1643,1.);
#1643 = DIRECTION('',(1.,0.,-0.));
#1644 = ORIENTED_EDGE('',*,*,#380,.F.);
#1645 = ORIENTED_EDGE('',*,*,#414,.F.);
#1646 = PLANE('',#1647);
#1647 = AXIS2_PLACEMENT_3D('',#1648,#1649,#1650);
#1648 = CARTESIAN_POINT('',(6.,8.5,8.));
#1649 = DIRECTION('',(-0.,1.,0.));
#1650 = DIRECTION('',(0.,0.,1.));
#1651 = ADVANCED_FACE('',(#1652),#1663,.F.);
#1652 = FACE_BOUND('',#1653,.F.);
#1653 = EDGE_LOOP('',(#1654,#1660,#1661,#1662));
#1654 = ORIENTED_EDGE('',*,*,#1655,.F.);
#1655 = EDGE_CURVE('',#1410,#398,#1656,.T.);
#1656 = LINE('',#1657,#1658);
#1657 = CARTESIAN_POINT('',(6.7,9.5,8.));
#1658 = VECTOR('',#1659,1.);
#1659 = DIRECTION('',(1.,0.,-0.));
#1660 = ORIENTED_EDGE('',*,*,#1417,.T.);
#1661 = ORIENTED_EDGE('',*,*,#1608,.T.);
#1662 = ORIENTED_EDGE('',*,*,#406,.T.);
#1663 = PLANE('',#1664);
#1664 = AXIS2_PLACEMENT_3D('',#1665,#1666,#1667);
#1665 = CARTESIAN_POINT('',(6.,8.5,8.));
#1666 = DIRECTION('',(0.,0.,1.));
#1667 = DIRECTION('',(1.,0.,-0.));
#1668 = ADVANCED_FACE('',(#1669,#1713),#1724,.F.);
#1669 = FACE_BOUND('',#1670,.F.);
#1670 = EDGE_LOOP('',(#1671,#1679,#1680,#1681,#1682,#1683,#1684,#1685,
    #1686,#1687,#1688,#1689,#1690,#1691,#1692,#1693,#1694,#1695,#1696,
    #1697,#1698,#1699,#1700,#1706,#1707));
#1671 = ORIENTED_EDGE('',*,*,#1672,.F.);
#1672 = EDGE_CURVE('',#667,#1673,#1675,.T.);
#1673 = VERTEX_POINT('',#1674);
#1674 = CARTESIAN_POINT('',(27.6,9.5,8.));
#1675 = LINE('',#1676,#1677);
#1676 = CARTESIAN_POINT('',(27.6,9.5,-20.5));
#1677 = VECTOR('',#1678,1.);
#1678 = DIRECTION('',(0.,0.,1.));
#1679 = ORIENTED_EDGE('',*,*,#664,.F.);
#1680 = ORIENTED_EDGE('',*,*,#711,.F.);
#1681 = ORIENTED_EDGE('',*,*,#742,.F.);
#1682 = ORIENTED_EDGE('',*,*,#773,.F.);
#1683 = ORIENTED_EDGE('',*,*,#804,.F.);
#1684 = ORIENTED_EDGE('',*,*,#835,.F.);
#1685 = ORIENTED_EDGE('',*,*,#866,.F.);
#1686 = ORIENTED_EDGE('',*,*,#897,.F.);
#1687 = ORIENTED_EDGE('',*,*,#928,.F.);
#1688 = ORIENTED_EDGE('',*,*,#959,.F.);
#1689 = ORIENTED_EDGE('',*,*,#990,.F.);
#1690 = ORIENTED_EDGE('',*,*,#1021,.F.);
#1691 = ORIENTED_EDGE('',*,*,#1052,.F.);
#1692 = ORIENTED_EDGE('',*,*,#1083,.F.);
#1693 = ORIENTED_EDGE('',*,*,#1114,.F.);
#1694 = ORIENTED_EDGE('',*,*,#1145,.F.);
#1695 = ORIENTED_EDGE('',*,*,#1479,.F.);
#1696 = ORIENTED_EDGE('',*,*,#1464,.F.);
#1697 = ORIENTED_EDGE('',*,*,#1409,.T.);
#1698 = ORIENTED_EDGE('',*,*,#1655,.T.);
#1699 = ORIENTED_EDGE('',*,*,#397,.F.);
#1700 = ORIENTED_EDGE('',*,*,#1701,.T.);
#1701 = EDGE_CURVE('',#390,#250,#1702,.T.);
#1702 = LINE('',#1703,#1704);
#1703 = CARTESIAN_POINT('',(6.7,9.5,8.));
#1704 = VECTOR('',#1705,1.);
#1705 = DIRECTION('',(1.,0.,-0.));
#1706 = ORIENTED_EDGE('',*,*,#249,.F.);
#1707 = ORIENTED_EDGE('',*,*,#1708,.T.);
#1708 = EDGE_CURVE('',#242,#1673,#1709,.T.);
#1709 = LINE('',#1710,#1711);
#1710 = CARTESIAN_POINT('',(6.7,9.5,8.));
#1711 = VECTOR('',#1712,1.);
#1712 = DIRECTION('',(1.,0.,-0.));
#1713 = FACE_BOUND('',#1714,.F.);
#1714 = EDGE_LOOP('',(#1715));
#1715 = ORIENTED_EDGE('',*,*,#1716,.F.);
#1716 = EDGE_CURVE('',#1717,#1717,#1719,.T.);
#1717 = VERTEX_POINT('',#1718);
#1718 = CARTESIAN_POINT('',(17.5,9.5,2.5));
#1719 = CIRCLE('',#1720,2.5);
#1720 = AXIS2_PLACEMENT_3D('',#1721,#1722,#1723);
#1721 = CARTESIAN_POINT('',(17.5,9.5,0.));
#1722 = DIRECTION('',(0.,1.,0.));
#1723 = DIRECTION('',(0.,-0.,1.));
#1724 = PLANE('',#1725);
#1725 = AXIS2_PLACEMENT_3D('',#1726,#1727,#1728);
#1726 = CARTESIAN_POINT('',(7.4,9.5,-20.5));
#1727 = DIRECTION('',(-0.,1.,0.));
#1728 = DIRECTION('',(0.,0.,1.));
#1729 = ADVANCED_FACE('',(#1730),#1744,.F.);
#1730 = FACE_BOUND('',#1731,.F.);
#1731 = EDGE_LOOP('',(#1732,#1738,#1739,#1740,#1741,#1742,#1743));
#1732 = ORIENTED_EDGE('',*,*,#1733,.T.);
#1733 = EDGE_CURVE('',#690,#1567,#1734,.T.);
#1734 = LINE('',#1735,#1736);
#1735 = CARTESIAN_POINT('',(27.6,7.25,-9.226375));
#1736 = VECTOR('',#1737,1.);
#1737 = DIRECTION('',(0.,0.,1.));
#1738 = ORIENTED_EDGE('',*,*,#1594,.T.);
#1739 = ORIENTED_EDGE('',*,*,#532,.F.);
#1740 = ORIENTED_EDGE('',*,*,#571,.F.);
#1741 = ORIENTED_EDGE('',*,*,#602,.F.);
#1742 = ORIENTED_EDGE('',*,*,#633,.F.);
#1743 = ORIENTED_EDGE('',*,*,#689,.F.);
#1744 = PLANE('',#1745);
#1745 = AXIS2_PLACEMENT_3D('',#1746,#1747,#1748);
#1746 = CARTESIAN_POINT('',(5.,7.25,2.04725));
#1747 = DIRECTION('',(-2.22044604925E-16,1.,0.));
#1748 = DIRECTION('',(0.,2.22044604925E-16,-1.));
#1749 = ADVANCED_FACE('',(#1750),#1769,.F.);
#1750 = FACE_BOUND('',#1751,.F.);
#1751 = EDGE_LOOP('',(#1752,#1758,#1759,#1760,#1761,#1762,#1768));
#1752 = ORIENTED_EDGE('',*,*,#1753,.F.);
#1753 = EDGE_CURVE('',#1569,#1616,#1754,.T.);
#1754 = LINE('',#1755,#1756);
#1755 = CARTESIAN_POINT('',(27.6,-14.3,9.5));
#1756 = VECTOR('',#1757,1.);
#1757 = DIRECTION('',(-0.,1.,0.));
#1758 = ORIENTED_EDGE('',*,*,#1566,.F.);
#1759 = ORIENTED_EDGE('',*,*,#1733,.F.);
#1760 = ORIENTED_EDGE('',*,*,#697,.F.);
#1761 = ORIENTED_EDGE('',*,*,#1672,.T.);
#1762 = ORIENTED_EDGE('',*,*,#1763,.T.);
#1763 = EDGE_CURVE('',#1673,#1624,#1764,.T.);
#1764 = LINE('',#1765,#1766);
#1765 = CARTESIAN_POINT('',(27.6,-2.9,8.));
#1766 = VECTOR('',#1767,1.);
#1767 = DIRECTION('',(0.,-1.,0.));
#1768 = ORIENTED_EDGE('',*,*,#1623,.T.);
#1769 = PLANE('',#1770);
#1770 = AXIS2_PLACEMENT_3D('',#1771,#1772,#1773);
#1771 = CARTESIAN_POINT('',(27.6,-14.3,-20.5));
#1772 = DIRECTION('',(1.,0.,-0.));
#1773 = DIRECTION('',(0.,0.,1.));
#1774 = ADVANCED_FACE('',(#1775),#1781,.F.);
#1775 = FACE_BOUND('',#1776,.F.);
#1776 = EDGE_LOOP('',(#1777,#1778,#1779,#1780));
#1777 = ORIENTED_EDGE('',*,*,#1701,.F.);
#1778 = ORIENTED_EDGE('',*,*,#389,.F.);
#1779 = ORIENTED_EDGE('',*,*,#1639,.T.);
#1780 = ORIENTED_EDGE('',*,*,#258,.T.);
#1781 = PLANE('',#1782);
#1782 = AXIS2_PLACEMENT_3D('',#1783,#1784,#1785);
#1783 = CARTESIAN_POINT('',(6.,8.5,8.));
#1784 = DIRECTION('',(0.,0.,1.));
#1785 = DIRECTION('',(1.,0.,-0.));
#1786 = ADVANCED_FACE('',(#1787),#1793,.F.);
#1787 = FACE_BOUND('',#1788,.F.);
#1788 = EDGE_LOOP('',(#1789,#1790,#1791,#1792));
#1789 = ORIENTED_EDGE('',*,*,#1708,.F.);
#1790 = ORIENTED_EDGE('',*,*,#241,.F.);
#1791 = ORIENTED_EDGE('',*,*,#1631,.T.);
#1792 = ORIENTED_EDGE('',*,*,#1763,.F.);
#1793 = PLANE('',#1794);
#1794 = AXIS2_PLACEMENT_3D('',#1795,#1796,#1797);
#1795 = CARTESIAN_POINT('',(6.,8.5,8.));
#1796 = DIRECTION('',(0.,0.,1.));
#1797 = DIRECTION('',(1.,0.,-0.));
#1798 = ADVANCED_FACE('',(#1799),#1818,.T.);
#1799 = FACE_BOUND('',#1800,.T.);
#1800 = EDGE_LOOP('',(#1801,#1802,#1810,#1817));
#1801 = ORIENTED_EDGE('',*,*,#1716,.F.);
#1802 = ORIENTED_EDGE('',*,*,#1803,.F.);
#1803 = EDGE_CURVE('',#1804,#1717,#1806,.T.);
#1804 = VERTEX_POINT('',#1805);
#1805 = CARTESIAN_POINT('',(17.5,7.7,2.5));
#1806 = LINE('',#1807,#1808);
#1807 = CARTESIAN_POINT('',(17.5,7.7,2.5));
#1808 = VECTOR('',#1809,1.);
#1809 = DIRECTION('',(0.,1.,0.));
#1810 = ORIENTED_EDGE('',*,*,#1811,.T.);
#1811 = EDGE_CURVE('',#1804,#1804,#1812,.T.);
#1812 = CIRCLE('',#1813,2.5);
#1813 = AXIS2_PLACEMENT_3D('',#1814,#1815,#1816);
#1814 = CARTESIAN_POINT('',(17.5,7.7,0.));
#1815 = DIRECTION('',(0.,1.,0.));
#1816 = DIRECTION('',(0.,-0.,1.));
#1817 = ORIENTED_EDGE('',*,*,#1803,.T.);
#1818 = CYLINDRICAL_SURFACE('',#1819,2.5);
#1819 = AXIS2_PLACEMENT_3D('',#1820,#1821,#1822);
#1820 = CARTESIAN_POINT('',(17.5,7.7,0.));
#1821 = DIRECTION('',(0.,1.,0.));
#1822 = DIRECTION('',(0.,-0.,1.));
#1823 = ADVANCED_FACE('',(#1824,#1827),#1838,.F.);
#1824 = FACE_BOUND('',#1825,.F.);
#1825 = EDGE_LOOP('',(#1826));
#1826 = ORIENTED_EDGE('',*,*,#1811,.T.);
#1827 = FACE_BOUND('',#1828,.F.);
#1828 = EDGE_LOOP('',(#1829));
#1829 = ORIENTED_EDGE('',*,*,#1830,.F.);
#1830 = EDGE_CURVE('',#1831,#1831,#1833,.T.);
#1831 = VERTEX_POINT('',#1832);
#1832 = CARTESIAN_POINT('',(17.5,7.7,1.35));
#1833 = CIRCLE('',#1834,1.35);
#1834 = AXIS2_PLACEMENT_3D('',#1835,#1836,#1837);
#1835 = CARTESIAN_POINT('',(17.5,7.7,0.));
#1836 = DIRECTION('',(0.,1.,0.));
#1837 = DIRECTION('',(0.,-0.,1.));
#1838 = PLANE('',#1839);
#1839 = AXIS2_PLACEMENT_3D('',#1840,#1841,#1842);
#1840 = CARTESIAN_POINT('',(17.5,7.7,0.));
#1841 = DIRECTION('',(0.,1.,0.));
#1842 = DIRECTION('',(0.,-0.,1.));
#1843 = ADVANCED_FACE('',(#1844),#1871,.F.);
#1844 = FACE_BOUND('',#1845,.F.);
#1845 = EDGE_LOOP('',(#1846,#1855,#1863,#1870));
#1846 = ORIENTED_EDGE('',*,*,#1847,.F.);
#1847 = EDGE_CURVE('',#1848,#1848,#1850,.T.);
#1848 = VERTEX_POINT('',#1849);
#1849 = CARTESIAN_POINT('',(17.5,12.5,2.75));
#1850 = CIRCLE('',#1851,2.75);
#1851 = AXIS2_PLACEMENT_3D('',#1852,#1853,#1854);
#1852 = CARTESIAN_POINT('',(17.5,12.5,0.));
#1853 = DIRECTION('',(0.,1.,0.));
#1854 = DIRECTION('',(0.,-0.,1.));
#1855 = ORIENTED_EDGE('',*,*,#1856,.F.);
#1856 = EDGE_CURVE('',#1857,#1848,#1859,.T.);
#1857 = VERTEX_POINT('',#1858);
#1858 = CARTESIAN_POINT('',(17.5,10.,2.75));
#1859 = LINE('',#1860,#1861);
#1860 = CARTESIAN_POINT('',(17.5,10.,2.75));
#1861 = VECTOR('',#1862,1.);
#1862 = DIRECTION('',(0.,1.,0.));
#1863 = ORIENTED_EDGE('',*,*,#1864,.T.);
#1864 = EDGE_CURVE('',#1857,#1857,#1865,.T.);
#1865 = CIRCLE('',#1866,2.75);
#1866 = AXIS2_PLACEMENT_3D('',#1867,#1868,#1869);
#1867 = CARTESIAN_POINT('',(17.5,10.,0.));
#1868 = DIRECTION('',(0.,1.,0.));
#1869 = DIRECTION('',(0.,-0.,1.));
#1870 = ORIENTED_EDGE('',*,*,#1856,.T.);
#1871 = CYLINDRICAL_SURFACE('',#1872,2.75);
#1872 = AXIS2_PLACEMENT_3D('',#1873,#1874,#1875);
#1873 = CARTESIAN_POINT('',(17.5,10.,0.));
#1874 = DIRECTION('',(0.,1.,0.));
#1875 = DIRECTION('',(0.,-0.,1.));
#1876 = ADVANCED_FACE('',(#1877,#1880),#1891,.T.);
#1877 = FACE_BOUND('',#1878,.T.);
#1878 = EDGE_LOOP('',(#1879));
#1879 = ORIENTED_EDGE('',*,*,#1864,.T.);
#1880 = FACE_BOUND('',#1881,.T.);
#1881 = EDGE_LOOP('',(#1882));
#1882 = ORIENTED_EDGE('',*,*,#1883,.F.);
#1883 = EDGE_CURVE('',#1884,#1884,#1886,.T.);
#1884 = VERTEX_POINT('',#1885);
#1885 = CARTESIAN_POINT('',(17.5,10.,1.35));
#1886 = CIRCLE('',#1887,1.35);
#1887 = AXIS2_PLACEMENT_3D('',#1888,#1889,#1890);
#1888 = CARTESIAN_POINT('',(17.5,10.,0.));
#1889 = DIRECTION('',(0.,1.,0.));
#1890 = DIRECTION('',(0.,-0.,1.));
#1891 = PLANE('',#1892);
#1892 = AXIS2_PLACEMENT_3D('',#1893,#1894,#1895);
#1893 = CARTESIAN_POINT('',(17.5,10.,0.));
#1894 = DIRECTION('',(0.,1.,0.));
#1895 = DIRECTION('',(0.,-0.,1.));
#1896 = ADVANCED_FACE('',(#1897),#1908,.F.);
#1897 = FACE_BOUND('',#1898,.F.);
#1898 = EDGE_LOOP('',(#1899,#1905,#1906,#1907));
#1899 = ORIENTED_EDGE('',*,*,#1900,.T.);
#1900 = EDGE_CURVE('',#1831,#1884,#1901,.T.);
#1901 = LINE('',#1902,#1903);
#1902 = CARTESIAN_POINT('',(17.5,6.7,1.35));
#1903 = VECTOR('',#1904,1.);
#1904 = DIRECTION('',(0.,1.,0.));
#1905 = ORIENTED_EDGE('',*,*,#1883,.F.);
#1906 = ORIENTED_EDGE('',*,*,#1900,.F.);
#1907 = ORIENTED_EDGE('',*,*,#1830,.T.);
#1908 = CYLINDRICAL_SURFACE('',#1909,1.35);
#1909 = AXIS2_PLACEMENT_3D('',#1910,#1911,#1912);
#1910 = CARTESIAN_POINT('',(17.5,6.7,0.));
#1911 = DIRECTION('',(0.,1.,0.));
#1912 = DIRECTION('',(0.,-0.,1.));
#1913 = ADVANCED_FACE('',(#1914),#1940,.F.);
#1914 = FACE_BOUND('',#1915,.F.);
#1915 = EDGE_LOOP('',(#1916,#1924,#1932,#1939));
#1916 = ORIENTED_EDGE('',*,*,#1917,.F.);
#1917 = EDGE_CURVE('',#1918,#64,#1920,.T.);
#1918 = VERTEX_POINT('',#1919);
#1919 = CARTESIAN_POINT('',(6.91,-6.83,12.));
#1920 = LINE('',#1921,#1922);
#1921 = CARTESIAN_POINT('',(6.91,-6.83,12.));
#1922 = VECTOR('',#1923,1.);
#1923 = DIRECTION('',(-0.98299425886,-0.183636290117,0.));
#1924 = ORIENTED_EDGE('',*,*,#1925,.T.);
#1925 = EDGE_CURVE('',#1918,#1926,#1928,.T.);
#1926 = VERTEX_POINT('',#1927);
#1927 = CARTESIAN_POINT('',(6.91,-6.83,14.929222641377));
#1928 = LINE('',#1929,#1930);
#1929 = CARTESIAN_POINT('',(6.91,-6.83,12.));
#1930 = VECTOR('',#1931,1.);
#1931 = DIRECTION('',(0.,0.,1.));
#1932 = ORIENTED_EDGE('',*,*,#1933,.T.);
#1933 = EDGE_CURVE('',#1926,#113,#1934,.T.);
#1934 = ELLIPSE('',#1935,2.543249848579,2.5);
#1935 = AXIS2_PLACEMENT_3D('',#1936,#1937,#1938);
#1936 = CARTESIAN_POINT('',(8.5,-6.532967032967,13.));
#1937 = DIRECTION('',(0.183636290117,-0.98299425886,0.));
#1938 = DIRECTION('',(0.98299425886,0.183636290117,0.));
#1939 = ORIENTED_EDGE('',*,*,#120,.F.);
#1940 = PLANE('',#1941);
#1941 = AXIS2_PLACEMENT_3D('',#1942,#1943,#1944);
#1942 = CARTESIAN_POINT('',(6.91,-6.83,12.));
#1943 = DIRECTION('',(0.183636290117,-0.98299425886,0.));
#1944 = DIRECTION('',(-0.98299425886,-0.183636290117,0.));
#1945 = ADVANCED_FACE('',(#1946),#1972,.F.);
#1946 = FACE_BOUND('',#1947,.F.);
#1947 = EDGE_LOOP('',(#1948,#1956,#1964,#1971));
#1948 = ORIENTED_EDGE('',*,*,#1949,.F.);
#1949 = EDGE_CURVE('',#1950,#1918,#1952,.T.);
#1950 = VERTEX_POINT('',#1951);
#1951 = CARTESIAN_POINT('',(7.26,-7.08,12.));
#1952 = LINE('',#1953,#1954);
#1953 = CARTESIAN_POINT('',(7.26,-7.08,12.));
#1954 = VECTOR('',#1955,1.);
#1955 = DIRECTION('',(-0.813733471207,0.581238193719,0.));
#1956 = ORIENTED_EDGE('',*,*,#1957,.T.);
#1957 = EDGE_CURVE('',#1950,#1958,#1960,.T.);
#1958 = VERTEX_POINT('',#1959);
#1959 = CARTESIAN_POINT('',(7.26,-7.08,15.170806301815));
#1960 = LINE('',#1961,#1962);
#1961 = CARTESIAN_POINT('',(7.26,-7.08,12.));
#1962 = VECTOR('',#1963,1.);
#1963 = DIRECTION('',(0.,0.,1.));
#1964 = ORIENTED_EDGE('',*,*,#1965,.T.);
#1965 = EDGE_CURVE('',#1958,#1926,#1966,.T.);
#1966 = ELLIPSE('',#1967,3.072259023944,2.5);
#1967 = AXIS2_PLACEMENT_3D('',#1968,#1969,#1970);
#1968 = CARTESIAN_POINT('',(8.5,-7.965714285714,13.));
#1969 = DIRECTION('',(-0.581238193719,-0.813733471207,0.));
#1970 = DIRECTION('',(-0.813733471207,0.581238193719,0.));
#1971 = ORIENTED_EDGE('',*,*,#1925,.F.);
#1972 = PLANE('',#1973);
#1973 = AXIS2_PLACEMENT_3D('',#1974,#1975,#1976);
#1974 = CARTESIAN_POINT('',(7.26,-7.08,12.));
#1975 = DIRECTION('',(-0.581238193719,-0.813733471207,0.));
#1976 = DIRECTION('',(-0.813733471207,0.581238193719,0.));
#1977 = ADVANCED_FACE('',(#1978),#2004,.F.);
#1978 = FACE_BOUND('',#1979,.F.);
#1979 = EDGE_LOOP('',(#1980,#1988,#1996,#2003));
#1980 = ORIENTED_EDGE('',*,*,#1981,.F.);
#1981 = EDGE_CURVE('',#1982,#1950,#1984,.T.);
#1982 = VERTEX_POINT('',#1983);
#1983 = CARTESIAN_POINT('',(7.71,-7.56,12.));
#1984 = LINE('',#1985,#1986);
#1985 = CARTESIAN_POINT('',(7.71,-7.56,12.));
#1986 = VECTOR('',#1987,1.);
#1987 = DIRECTION('',(-0.683941128881,0.72953720414,0.));
#1988 = ORIENTED_EDGE('',*,*,#1989,.T.);
#1989 = EDGE_CURVE('',#1982,#1990,#1992,.T.);
#1990 = VERTEX_POINT('',#1991);
#1991 = CARTESIAN_POINT('',(7.71,-7.56,15.371897974197));
#1992 = LINE('',#1993,#1994);
#1993 = CARTESIAN_POINT('',(7.71,-7.56,12.));
#1994 = VECTOR('',#1995,1.);
#1995 = DIRECTION('',(0.,0.,1.));
#1996 = ORIENTED_EDGE('',*,*,#1997,.T.);
#1997 = EDGE_CURVE('',#1990,#1958,#1998,.T.);
#1998 = ELLIPSE('',#1999,3.655285366577,2.5);
#1999 = AXIS2_PLACEMENT_3D('',#2000,#2001,#2002);
#2000 = CARTESIAN_POINT('',(8.5,-8.402666666667,13.));
#2001 = DIRECTION('',(-0.72953720414,-0.683941128881,0.));
#2002 = DIRECTION('',(-0.683941128881,0.72953720414,0.));
#2003 = ORIENTED_EDGE('',*,*,#1957,.F.);
#2004 = PLANE('',#2005);
#2005 = AXIS2_PLACEMENT_3D('',#2006,#2007,#2008);
#2006 = CARTESIAN_POINT('',(7.71,-7.56,12.));
#2007 = DIRECTION('',(-0.72953720414,-0.683941128881,0.));
#2008 = DIRECTION('',(-0.683941128881,0.72953720414,0.));
#2009 = ADVANCED_FACE('',(#2010,#2263),#2324,.T.);
#2010 = FACE_BOUND('',#2011,.T.);
#2011 = EDGE_LOOP('',(#2012,#2013,#2014,#2015,#2016,#2024,#2032,#2040,
    #2048,#2056,#2064,#2072,#2080,#2088,#2096,#2104,#2112,#2120,#2128,
    #2136,#2144,#2152,#2160,#2168,#2176,#2184,#2192,#2200,#2208,#2216,
    #2224,#2232,#2240,#2248,#2256,#2262));
#2012 = ORIENTED_EDGE('',*,*,#63,.F.);
#2013 = ORIENTED_EDGE('',*,*,#1917,.F.);
#2014 = ORIENTED_EDGE('',*,*,#1949,.F.);
#2015 = ORIENTED_EDGE('',*,*,#1981,.F.);
#2016 = ORIENTED_EDGE('',*,*,#2017,.F.);
#2017 = EDGE_CURVE('',#2018,#1982,#2020,.T.);
#2018 = VERTEX_POINT('',#2019);
#2019 = CARTESIAN_POINT('',(8.35,-8.54,12.));
#2020 = LINE('',#2021,#2022);
#2021 = CARTESIAN_POINT('',(8.03,-8.05,12.));
#2022 = VECTOR('',#2023,1.);
#2023 = DIRECTION('',(-0.546788900939,0.837270504562,0.));
#2024 = ORIENTED_EDGE('',*,*,#2025,.F.);
#2025 = EDGE_CURVE('',#2026,#2018,#2028,.T.);
#2026 = VERTEX_POINT('',#2027);
#2027 = CARTESIAN_POINT('',(8.53,-8.78,12.));
#2028 = LINE('',#2029,#2030);
#2029 = CARTESIAN_POINT('',(8.53,-8.78,12.));
#2030 = VECTOR('',#2031,1.);
#2031 = DIRECTION('',(-0.6,0.8,0.));
#2032 = ORIENTED_EDGE('',*,*,#2033,.F.);
#2033 = EDGE_CURVE('',#2034,#2026,#2036,.T.);
#2034 = VERTEX_POINT('',#2035);
#2035 = CARTESIAN_POINT('',(8.99,-9.3,12.));
#2036 = LINE('',#2037,#2038);
#2037 = CARTESIAN_POINT('',(8.99,-9.3,12.));
#2038 = VECTOR('',#2039,1.);
#2039 = DIRECTION('',(-0.662573882203,0.74899656249,0.));
#2040 = ORIENTED_EDGE('',*,*,#2041,.T.);
#2041 = EDGE_CURVE('',#2034,#2042,#2044,.T.);
#2042 = VERTEX_POINT('',#2043);
#2043 = CARTESIAN_POINT('',(9.394776508409,-9.3,12.));
#2044 = LINE('',#2045,#2046);
#2045 = CARTESIAN_POINT('',(8.897889187526,-9.3,12.));
#2046 = VECTOR('',#2047,1.);
#2047 = DIRECTION('',(1.,0.,0.));
#2048 = ORIENTED_EDGE('',*,*,#2049,.F.);
#2049 = EDGE_CURVE('',#2050,#2042,#2052,.T.);
#2050 = VERTEX_POINT('',#2051);
#2051 = CARTESIAN_POINT('',(9.394776508409,-9.7644976326,12.));
#2052 = LINE('',#2053,#2054);
#2053 = CARTESIAN_POINT('',(9.394776508409,-14.3,12.));
#2054 = VECTOR('',#2055,1.);
#2055 = DIRECTION('',(0.,1.,0.));
#2056 = ORIENTED_EDGE('',*,*,#2057,.F.);
#2057 = EDGE_CURVE('',#2058,#2050,#2060,.T.);
#2058 = VERTEX_POINT('',#2059);
#2059 = CARTESIAN_POINT('',(9.6,-10.,12.));
#2060 = LINE('',#2061,#2062);
#2061 = CARTESIAN_POINT('',(9.6,-10.,12.));
#2062 = VECTOR('',#2063,1.);
#2063 = DIRECTION('',(-0.656978280968,0.75390950275,0.));
#2064 = ORIENTED_EDGE('',*,*,#2065,.F.);
#2065 = EDGE_CURVE('',#2066,#2058,#2068,.T.);
#2066 = VERTEX_POINT('',#2067);
#2067 = CARTESIAN_POINT('',(9.86,-10.25,12.));
#2068 = LINE('',#2069,#2070);
#2069 = CARTESIAN_POINT('',(9.86,-10.25,12.));
#2070 = VECTOR('',#2071,1.);
#2071 = DIRECTION('',(-0.720833064902,0.693108716252,0.));
#2072 = ORIENTED_EDGE('',*,*,#2073,.F.);
#2073 = EDGE_CURVE('',#2074,#2066,#2076,.T.);
#2074 = VERTEX_POINT('',#2075);
#2075 = CARTESIAN_POINT('',(10.12,-10.49,12.));
#2076 = LINE('',#2077,#2078);
#2077 = CARTESIAN_POINT('',(10.12,-10.49,12.));
#2078 = VECTOR('',#2079,1.);
#2079 = DIRECTION('',(-0.734803444627,0.678280102733,0.));
#2080 = ORIENTED_EDGE('',*,*,#2081,.F.);
#2081 = EDGE_CURVE('',#2082,#2074,#2084,.T.);
#2082 = VERTEX_POINT('',#2083);
#2083 = CARTESIAN_POINT('',(10.43,-10.74,12.));
#2084 = LINE('',#2085,#2086);
#2085 = CARTESIAN_POINT('',(10.43,-10.74,12.));
#2086 = VECTOR('',#2087,1.);
#2087 = DIRECTION('',(-0.778413039475,0.62775245119,0.));
#2088 = ORIENTED_EDGE('',*,*,#2089,.F.);
#2089 = EDGE_CURVE('',#2090,#2082,#2092,.T.);
#2090 = VERTEX_POINT('',#2091);
#2091 = CARTESIAN_POINT('',(10.73,-10.98,12.));
#2092 = LINE('',#2093,#2094);
#2093 = CARTESIAN_POINT('',(10.73,-10.98,12.));
#2094 = VECTOR('',#2095,1.);
#2095 = DIRECTION('',(-0.780868809443,0.624695047554,0.));
#2096 = ORIENTED_EDGE('',*,*,#2097,.F.);
#2097 = EDGE_CURVE('',#2098,#2090,#2100,.T.);
#2098 = VERTEX_POINT('',#2099);
#2099 = CARTESIAN_POINT('',(10.95,-11.225,12.));
#2100 = LINE('',#2101,#2102);
#2101 = CARTESIAN_POINT('',(10.95,-11.225,12.));
#2102 = VECTOR('',#2103,1.);
#2103 = DIRECTION('',(-0.668125373618,0.744048711529,0.));
#2104 = ORIENTED_EDGE('',*,*,#2105,.F.);
#2105 = EDGE_CURVE('',#2106,#2098,#2108,.T.);
#2106 = VERTEX_POINT('',#2107);
#2107 = CARTESIAN_POINT('',(11.,-11.5,12.));
#2108 = LINE('',#2109,#2110);
#2109 = CARTESIAN_POINT('',(11.,-11.5,12.));
#2110 = VECTOR('',#2111,1.);
#2111 = DIRECTION('',(-0.1788854382,0.9838699101,0.));
#2112 = ORIENTED_EDGE('',*,*,#2113,.F.);
#2113 = EDGE_CURVE('',#2114,#2106,#2116,.T.);
#2114 = VERTEX_POINT('',#2115);
#2115 = CARTESIAN_POINT('',(11.,-13.3,12.));
#2116 = LINE('',#2117,#2118);
#2117 = CARTESIAN_POINT('',(11.,-13.3,12.));
#2118 = VECTOR('',#2119,1.);
#2119 = DIRECTION('',(-0.,1.,0.));
#2120 = ORIENTED_EDGE('',*,*,#2121,.T.);
#2121 = EDGE_CURVE('',#2114,#2122,#2124,.T.);
#2122 = VERTEX_POINT('',#2123);
#2123 = CARTESIAN_POINT('',(24.,-13.3,12.));
#2124 = LINE('',#2125,#2126);
#2125 = CARTESIAN_POINT('',(6.,-13.3,12.));
#2126 = VECTOR('',#2127,1.);
#2127 = DIRECTION('',(1.,0.,-0.));
#2128 = ORIENTED_EDGE('',*,*,#2129,.T.);
#2129 = EDGE_CURVE('',#2122,#2130,#2132,.T.);
#2130 = VERTEX_POINT('',#2131);
#2131 = CARTESIAN_POINT('',(24.,-11.5,12.));
#2132 = LINE('',#2133,#2134);
#2133 = CARTESIAN_POINT('',(24.,-13.3,12.));
#2134 = VECTOR('',#2135,1.);
#2135 = DIRECTION('',(-0.,1.,0.));
#2136 = ORIENTED_EDGE('',*,*,#2137,.T.);
#2137 = EDGE_CURVE('',#2130,#2138,#2140,.T.);
#2138 = VERTEX_POINT('',#2139);
#2139 = CARTESIAN_POINT('',(24.05,-11.225,12.));
#2140 = LINE('',#2141,#2142);
#2141 = CARTESIAN_POINT('',(24.,-11.5,12.));
#2142 = VECTOR('',#2143,1.);
#2143 = DIRECTION('',(0.1788854382,0.9838699101,0.));
#2144 = ORIENTED_EDGE('',*,*,#2145,.T.);
#2145 = EDGE_CURVE('',#2138,#2146,#2148,.T.);
#2146 = VERTEX_POINT('',#2147);
#2147 = CARTESIAN_POINT('',(24.27,-10.98,12.));
#2148 = LINE('',#2149,#2150);
#2149 = CARTESIAN_POINT('',(24.05,-11.225,12.));
#2150 = VECTOR('',#2151,1.);
#2151 = DIRECTION('',(0.668125373618,0.744048711529,0.));
#2152 = ORIENTED_EDGE('',*,*,#2153,.T.);
#2153 = EDGE_CURVE('',#2146,#2154,#2156,.T.);
#2154 = VERTEX_POINT('',#2155);
#2155 = CARTESIAN_POINT('',(24.57,-10.74,12.));
#2156 = LINE('',#2157,#2158);
#2157 = CARTESIAN_POINT('',(24.27,-10.98,12.));
#2158 = VECTOR('',#2159,1.);
#2159 = DIRECTION('',(0.780868809443,0.624695047554,0.));
#2160 = ORIENTED_EDGE('',*,*,#2161,.T.);
#2161 = EDGE_CURVE('',#2154,#2162,#2164,.T.);
#2162 = VERTEX_POINT('',#2163);
#2163 = CARTESIAN_POINT('',(24.88,-10.49,12.));
#2164 = LINE('',#2165,#2166);
#2165 = CARTESIAN_POINT('',(24.57,-10.74,12.));
#2166 = VECTOR('',#2167,1.);
#2167 = DIRECTION('',(0.778413039475,0.62775245119,0.));
#2168 = ORIENTED_EDGE('',*,*,#2169,.T.);
#2169 = EDGE_CURVE('',#2162,#2170,#2172,.T.);
#2170 = VERTEX_POINT('',#2171);
#2171 = CARTESIAN_POINT('',(25.14,-10.25,12.));
#2172 = LINE('',#2173,#2174);
#2173 = CARTESIAN_POINT('',(24.88,-10.49,12.));
#2174 = VECTOR('',#2175,1.);
#2175 = DIRECTION('',(0.734803444627,0.678280102733,0.));
#2176 = ORIENTED_EDGE('',*,*,#2177,.T.);
#2177 = EDGE_CURVE('',#2170,#2178,#2180,.T.);
#2178 = VERTEX_POINT('',#2179);
#2179 = CARTESIAN_POINT('',(25.4,-10.,12.));
#2180 = LINE('',#2181,#2182);
#2181 = CARTESIAN_POINT('',(25.14,-10.25,12.));
#2182 = VECTOR('',#2183,1.);
#2183 = DIRECTION('',(0.720833064902,0.693108716252,0.));
#2184 = ORIENTED_EDGE('',*,*,#2185,.T.);
#2185 = EDGE_CURVE('',#2178,#2186,#2188,.T.);
#2186 = VERTEX_POINT('',#2187);
#2187 = CARTESIAN_POINT('',(25.605223491591,-9.7644976326,12.));
#2188 = LINE('',#2189,#2190);
#2189 = CARTESIAN_POINT('',(25.4,-10.,12.));
#2190 = VECTOR('',#2191,1.);
#2191 = DIRECTION('',(0.656978280968,0.75390950275,0.));
#2192 = ORIENTED_EDGE('',*,*,#2193,.T.);
#2193 = EDGE_CURVE('',#2186,#2194,#2196,.T.);
#2194 = VERTEX_POINT('',#2195);
#2195 = CARTESIAN_POINT('',(25.605223491591,-9.3,12.));
#2196 = LINE('',#2197,#2198);
#2197 = CARTESIAN_POINT('',(25.605223491591,-14.3,12.));
#2198 = VECTOR('',#2199,1.);
#2199 = DIRECTION('',(0.,1.,0.));
#2200 = ORIENTED_EDGE('',*,*,#2201,.F.);
#2201 = EDGE_CURVE('',#2202,#2194,#2204,.T.);
#2202 = VERTEX_POINT('',#2203);
#2203 = CARTESIAN_POINT('',(26.01,-9.3,12.));
#2204 = LINE('',#2205,#2206);
#2205 = CARTESIAN_POINT('',(26.102110812474,-9.3,12.));
#2206 = VECTOR('',#2207,1.);
#2207 = DIRECTION('',(-1.,0.,0.));
#2208 = ORIENTED_EDGE('',*,*,#2209,.T.);
#2209 = EDGE_CURVE('',#2202,#2210,#2212,.T.);
#2210 = VERTEX_POINT('',#2211);
#2211 = CARTESIAN_POINT('',(26.47,-8.78,12.));
#2212 = LINE('',#2213,#2214);
#2213 = CARTESIAN_POINT('',(26.01,-9.3,12.));
#2214 = VECTOR('',#2215,1.);
#2215 = DIRECTION('',(0.662573882203,0.74899656249,0.));
#2216 = ORIENTED_EDGE('',*,*,#2217,.T.);
#2217 = EDGE_CURVE('',#2210,#2218,#2220,.T.);
#2218 = VERTEX_POINT('',#2219);
#2219 = CARTESIAN_POINT('',(26.65,-8.54,12.));
#2220 = LINE('',#2221,#2222);
#2221 = CARTESIAN_POINT('',(26.47,-8.78,12.));
#2222 = VECTOR('',#2223,1.);
#2223 = DIRECTION('',(0.6,0.8,0.));
#2224 = ORIENTED_EDGE('',*,*,#2225,.T.);
#2225 = EDGE_CURVE('',#2218,#2226,#2228,.T.);
#2226 = VERTEX_POINT('',#2227);
#2227 = CARTESIAN_POINT('',(27.29,-7.56,12.));
#2228 = LINE('',#2229,#2230);
#2229 = CARTESIAN_POINT('',(26.65,-8.54,12.));
#2230 = VECTOR('',#2231,1.);
#2231 = DIRECTION('',(0.546788900939,0.837270504562,0.));
#2232 = ORIENTED_EDGE('',*,*,#2233,.T.);
#2233 = EDGE_CURVE('',#2226,#2234,#2236,.T.);
#2234 = VERTEX_POINT('',#2235);
#2235 = CARTESIAN_POINT('',(27.74,-7.08,12.));
#2236 = LINE('',#2237,#2238);
#2237 = CARTESIAN_POINT('',(27.29,-7.56,12.));
#2238 = VECTOR('',#2239,1.);
#2239 = DIRECTION('',(0.683941128881,0.72953720414,0.));
#2240 = ORIENTED_EDGE('',*,*,#2241,.T.);
#2241 = EDGE_CURVE('',#2234,#2242,#2244,.T.);
#2242 = VERTEX_POINT('',#2243);
#2243 = CARTESIAN_POINT('',(28.09,-6.83,12.));
#2244 = LINE('',#2245,#2246);
#2245 = CARTESIAN_POINT('',(27.74,-7.08,12.));
#2246 = VECTOR('',#2247,1.);
#2247 = DIRECTION('',(0.813733471207,0.581238193719,0.));
#2248 = ORIENTED_EDGE('',*,*,#2249,.T.);
#2249 = EDGE_CURVE('',#2242,#2250,#2252,.T.);
#2250 = VERTEX_POINT('',#2251);
#2251 = CARTESIAN_POINT('',(29.,-7.,12.));
#2252 = LINE('',#2253,#2254);
#2253 = CARTESIAN_POINT('',(28.09,-6.83,12.));
#2254 = VECTOR('',#2255,1.);
#2255 = DIRECTION('',(0.98299425886,-0.183636290117,0.));
#2256 = ORIENTED_EDGE('',*,*,#2257,.T.);
#2257 = EDGE_CURVE('',#2250,#24,#2258,.T.);
#2258 = LINE('',#2259,#2260);
#2259 = CARTESIAN_POINT('',(29.,-13.3,12.));
#2260 = VECTOR('',#2261,1.);
#2261 = DIRECTION('',(-0.,1.,0.));
#2262 = ORIENTED_EDGE('',*,*,#49,.T.);
#2263 = FACE_BOUND('',#2264,.T.);
#2264 = EDGE_LOOP('',(#2265,#2275,#2283,#2292,#2301,#2309,#2317));
#2265 = ORIENTED_EDGE('',*,*,#2266,.F.);
#2266 = EDGE_CURVE('',#2267,#2269,#2271,.T.);
#2267 = VERTEX_POINT('',#2268);
#2268 = CARTESIAN_POINT('',(11.5,-4.,12.));
#2269 = VERTEX_POINT('',#2270);
#2270 = CARTESIAN_POINT('',(11.5,-9.365459931328,12.));
#2271 = LINE('',#2272,#2273);
#2272 = CARTESIAN_POINT('',(11.5,-4.,12.));
#2273 = VECTOR('',#2274,1.);
#2274 = DIRECTION('',(0.,-1.,0.));
#2275 = ORIENTED_EDGE('',*,*,#2276,.F.);
#2276 = EDGE_CURVE('',#2277,#2267,#2279,.T.);
#2277 = VERTEX_POINT('',#2278);
#2278 = CARTESIAN_POINT('',(8.212912189497,-4.,12.));
#2279 = LINE('',#2280,#2281);
#2280 = CARTESIAN_POINT('',(6.,-4.,12.));
#2281 = VECTOR('',#2282,1.);
#2282 = DIRECTION('',(1.,0.,0.));
#2283 = ORIENTED_EDGE('',*,*,#2284,.F.);
#2284 = EDGE_CURVE('',#2285,#2277,#2287,.T.);
#2285 = VERTEX_POINT('',#2286);
#2286 = CARTESIAN_POINT('',(27.,-2.,12.));
#2287 = CIRCLE('',#2288,9.5);
#2288 = AXIS2_PLACEMENT_3D('',#2289,#2290,#2291);
#2289 = CARTESIAN_POINT('',(17.5,-2.,12.));
#2290 = DIRECTION('',(0.,0.,1.));
#2291 = DIRECTION('',(1.,0.,-0.));
#2292 = ORIENTED_EDGE('',*,*,#2293,.F.);
#2293 = EDGE_CURVE('',#2294,#2285,#2296,.T.);
#2294 = VERTEX_POINT('',#2295);
#2295 = CARTESIAN_POINT('',(26.787087810503,-4.,12.));
#2296 = CIRCLE('',#2297,9.5);
#2297 = AXIS2_PLACEMENT_3D('',#2298,#2299,#2300);
#2298 = CARTESIAN_POINT('',(17.5,-2.,12.));
#2299 = DIRECTION('',(0.,0.,1.));
#2300 = DIRECTION('',(1.,0.,-0.));
#2301 = ORIENTED_EDGE('',*,*,#2302,.T.);
#2302 = EDGE_CURVE('',#2294,#2303,#2305,.T.);
#2303 = VERTEX_POINT('',#2304);
#2304 = CARTESIAN_POINT('',(23.5,-4.,12.));
#2305 = LINE('',#2306,#2307);
#2306 = CARTESIAN_POINT('',(29.,-4.,12.));
#2307 = VECTOR('',#2308,1.);
#2308 = DIRECTION('',(-1.,0.,0.));
#2309 = ORIENTED_EDGE('',*,*,#2310,.T.);
#2310 = EDGE_CURVE('',#2303,#2311,#2313,.T.);
#2311 = VERTEX_POINT('',#2312);
#2312 = CARTESIAN_POINT('',(23.5,-9.365459931328,12.));
#2313 = LINE('',#2314,#2315);
#2314 = CARTESIAN_POINT('',(23.5,-4.,12.));
#2315 = VECTOR('',#2316,1.);
#2316 = DIRECTION('',(0.,-1.,0.));
#2317 = ORIENTED_EDGE('',*,*,#2318,.F.);
#2318 = EDGE_CURVE('',#2269,#2311,#2319,.T.);
#2319 = CIRCLE('',#2320,9.5);
#2320 = AXIS2_PLACEMENT_3D('',#2321,#2322,#2323);
#2321 = CARTESIAN_POINT('',(17.5,-2.,12.));
#2322 = DIRECTION('',(0.,0.,1.));
#2323 = DIRECTION('',(1.,0.,-0.));
#2324 = PLANE('',#2325);
#2325 = AXIS2_PLACEMENT_3D('',#2326,#2327,#2328);
#2326 = CARTESIAN_POINT('',(17.5,-0.530143819865,12.));
#2327 = DIRECTION('',(0.,0.,1.));
#2328 = DIRECTION('',(1.,0.,-0.));
#2329 = ADVANCED_FACE('',(#2330),#2365,.F.);
#2330 = FACE_BOUND('',#2331,.F.);
#2331 = EDGE_LOOP('',(#2332,#2333,#2341,#2350,#2359));
#2332 = ORIENTED_EDGE('',*,*,#2025,.F.);
#2333 = ORIENTED_EDGE('',*,*,#2334,.T.);
#2334 = EDGE_CURVE('',#2026,#2335,#2337,.T.);
#2335 = VERTEX_POINT('',#2336);
#2336 = CARTESIAN_POINT('',(8.53,-8.78,15.49981999352));
#2337 = LINE('',#2338,#2339);
#2338 = CARTESIAN_POINT('',(8.53,-8.78,12.));
#2339 = VECTOR('',#2340,1.);
#2340 = DIRECTION('',(0.,0.,1.));
#2341 = ORIENTED_EDGE('',*,*,#2342,.T.);
#2342 = EDGE_CURVE('',#2335,#2343,#2345,.T.);
#2343 = VERTEX_POINT('',#2344);
#2344 = CARTESIAN_POINT('',(8.5,-8.74,15.5));
#2345 = ELLIPSE('',#2346,4.166666666667,2.5);
#2346 = AXIS2_PLACEMENT_3D('',#2347,#2348,#2349);
#2347 = CARTESIAN_POINT('',(8.5,-8.74,13.));
#2348 = DIRECTION('',(-0.8,-0.6,0.));
#2349 = DIRECTION('',(-0.6,0.8,0.));
#2350 = ORIENTED_EDGE('',*,*,#2351,.T.);
#2351 = EDGE_CURVE('',#2343,#2352,#2354,.T.);
#2352 = VERTEX_POINT('',#2353);
#2353 = CARTESIAN_POINT('',(8.35,-8.54,15.495495942694));
#2354 = ELLIPSE('',#2355,4.166666666667,2.5);
#2355 = AXIS2_PLACEMENT_3D('',#2356,#2357,#2358);
#2356 = CARTESIAN_POINT('',(8.5,-8.74,13.));
#2357 = DIRECTION('',(-0.8,-0.6,0.));
#2358 = DIRECTION('',(-0.6,0.8,0.));
#2359 = ORIENTED_EDGE('',*,*,#2360,.F.);
#2360 = EDGE_CURVE('',#2018,#2352,#2361,.T.);
#2361 = LINE('',#2362,#2363);
#2362 = CARTESIAN_POINT('',(8.35,-8.54,12.));
#2363 = VECTOR('',#2364,1.);
#2364 = DIRECTION('',(0.,0.,1.));
#2365 = PLANE('',#2366);
#2366 = AXIS2_PLACEMENT_3D('',#2367,#2368,#2369);
#2367 = CARTESIAN_POINT('',(8.53,-8.78,12.));
#2368 = DIRECTION('',(-0.8,-0.6,0.));
#2369 = DIRECTION('',(-0.6,0.8,0.));
#2370 = ADVANCED_FACE('',(#2371),#2398,.F.);
#2371 = FACE_BOUND('',#2372,.F.);
#2372 = EDGE_LOOP('',(#2373,#2374,#2382,#2390,#2397));
#2373 = ORIENTED_EDGE('',*,*,#2033,.F.);
#2374 = ORIENTED_EDGE('',*,*,#2375,.T.);
#2375 = EDGE_CURVE('',#2034,#2376,#2378,.T.);
#2376 = VERTEX_POINT('',#2377);
#2377 = CARTESIAN_POINT('',(8.99,-9.3,13.400291619421));
#2378 = LINE('',#2379,#2380);
#2379 = CARTESIAN_POINT('',(8.99,-9.3,12.));
#2380 = VECTOR('',#2381,1.);
#2381 = DIRECTION('',(0.,0.,1.));
#2382 = ORIENTED_EDGE('',*,*,#2383,.T.);
#2383 = EDGE_CURVE('',#2376,#2384,#2386,.T.);
#2384 = VERTEX_POINT('',#2385);
#2385 = CARTESIAN_POINT('',(8.99,-9.3,15.451509738916));
#2386 = LINE('',#2387,#2388);
#2387 = CARTESIAN_POINT('',(8.99,-9.3,12.));
#2388 = VECTOR('',#2389,1.);
#2389 = DIRECTION('',(0.,0.,1.));
#2390 = ORIENTED_EDGE('',*,*,#2391,.T.);
#2391 = EDGE_CURVE('',#2384,#2335,#2392,.T.);
#2392 = ELLIPSE('',#2393,3.773164121241,2.5);
#2393 = AXIS2_PLACEMENT_3D('',#2394,#2395,#2396);
#2394 = CARTESIAN_POINT('',(8.5,-8.746086956522,13.));
#2395 = DIRECTION('',(-0.74899656249,-0.662573882203,0.));
#2396 = DIRECTION('',(-0.662573882203,0.74899656249,0.));
#2397 = ORIENTED_EDGE('',*,*,#2334,.F.);
#2398 = PLANE('',#2399);
#2399 = AXIS2_PLACEMENT_3D('',#2400,#2401,#2402);
#2400 = CARTESIAN_POINT('',(8.99,-9.3,12.));
#2401 = DIRECTION('',(-0.74899656249,-0.662573882203,0.));
#2402 = DIRECTION('',(-0.662573882203,0.74899656249,0.));
#2403 = ADVANCED_FACE('',(#2404),#2424,.F.);
#2404 = FACE_BOUND('',#2405,.F.);
#2405 = EDGE_LOOP('',(#2406,#2415,#2422,#2423));
#2406 = ORIENTED_EDGE('',*,*,#2407,.T.);
#2407 = EDGE_CURVE('',#2042,#2408,#2410,.T.);
#2408 = VERTEX_POINT('',#2409);
#2409 = CARTESIAN_POINT('',(8.5,-9.3,13.525));
#2410 = CIRCLE('',#2411,1.025);
#2411 = AXIS2_PLACEMENT_3D('',#2412,#2413,#2414);
#2412 = CARTESIAN_POINT('',(8.5,-9.3,12.5));
#2413 = DIRECTION('',(0.,1.,0.));
#2414 = DIRECTION('',(0.,-0.,1.));
#2415 = ORIENTED_EDGE('',*,*,#2416,.T.);
#2416 = EDGE_CURVE('',#2408,#2376,#2417,.T.);
#2417 = CIRCLE('',#2418,1.025);
#2418 = AXIS2_PLACEMENT_3D('',#2419,#2420,#2421);
#2419 = CARTESIAN_POINT('',(8.5,-9.3,12.5));
#2420 = DIRECTION('',(0.,1.,0.));
#2421 = DIRECTION('',(0.,-0.,1.));
#2422 = ORIENTED_EDGE('',*,*,#2375,.F.);
#2423 = ORIENTED_EDGE('',*,*,#2041,.T.);
#2424 = PLANE('',#2425);
#2425 = AXIS2_PLACEMENT_3D('',#2426,#2427,#2428);
#2426 = CARTESIAN_POINT('',(8.5,-9.3,12.5));
#2427 = DIRECTION('',(0.,1.,0.));
#2428 = DIRECTION('',(0.,-0.,1.));
#2429 = ADVANCED_FACE('',(#2430),#2512,.F.);
#2430 = FACE_BOUND('',#2431,.F.);
#2431 = EDGE_LOOP('',(#2432,#2440,#2441,#2442,#2449,#2450,#2451,#2460,
    #2469,#2478,#2487,#2496,#2505));
#2432 = ORIENTED_EDGE('',*,*,#2433,.T.);
#2433 = EDGE_CURVE('',#2434,#2408,#2436,.T.);
#2434 = VERTEX_POINT('',#2435);
#2435 = CARTESIAN_POINT('',(8.5,-13.3,13.525));
#2436 = LINE('',#2437,#2438);
#2437 = CARTESIAN_POINT('',(8.5,-14.3,13.525));
#2438 = VECTOR('',#2439,1.);
#2439 = DIRECTION('',(0.,1.,0.));
#2440 = ORIENTED_EDGE('',*,*,#2407,.F.);
#2441 = ORIENTED_EDGE('',*,*,#2049,.F.);
#2442 = ORIENTED_EDGE('',*,*,#2443,.T.);
#2443 = EDGE_CURVE('',#2050,#2376,#2444,.T.);
#2444 = ELLIPSE('',#2445,1.560173341636,1.025);
#2445 = AXIS2_PLACEMENT_3D('',#2446,#2447,#2448);
#2446 = CARTESIAN_POINT('',(8.5,-8.737704918033,12.5));
#2447 = DIRECTION('',(-0.75390950275,-0.656978280968,0.));
#2448 = DIRECTION('',(-0.656978280968,0.75390950275,0.));
#2449 = ORIENTED_EDGE('',*,*,#2416,.F.);
#2450 = ORIENTED_EDGE('',*,*,#2433,.F.);
#2451 = ORIENTED_EDGE('',*,*,#2452,.T.);
#2452 = EDGE_CURVE('',#2434,#2453,#2455,.T.);
#2453 = VERTEX_POINT('',#2454);
#2454 = CARTESIAN_POINT('',(9.394776508409,-13.3,13.));
#2455 = CIRCLE('',#2456,1.025);
#2456 = AXIS2_PLACEMENT_3D('',#2457,#2458,#2459);
#2457 = CARTESIAN_POINT('',(8.5,-13.3,12.5));
#2458 = DIRECTION('',(0.,1.,0.));
#2459 = DIRECTION('',(0.,-0.,1.));
#2460 = ORIENTED_EDGE('',*,*,#2461,.T.);
#2461 = EDGE_CURVE('',#2453,#2462,#2464,.T.);
#2462 = VERTEX_POINT('',#2463);
#2463 = CARTESIAN_POINT('',(9.394776508409,-13.3,12.));
#2464 = CIRCLE('',#2465,1.025);
#2465 = AXIS2_PLACEMENT_3D('',#2466,#2467,#2468);
#2466 = CARTESIAN_POINT('',(8.5,-13.3,12.5));
#2467 = DIRECTION('',(0.,1.,0.));
#2468 = DIRECTION('',(0.,-0.,1.));
#2469 = ORIENTED_EDGE('',*,*,#2470,.T.);
#2470 = EDGE_CURVE('',#2462,#2471,#2473,.T.);
#2471 = VERTEX_POINT('',#2472);
#2472 = CARTESIAN_POINT('',(9.389114728255,-13.3,11.99));
#2473 = CIRCLE('',#2474,1.025);
#2474 = AXIS2_PLACEMENT_3D('',#2475,#2476,#2477);
#2475 = CARTESIAN_POINT('',(8.5,-13.3,12.5));
#2476 = DIRECTION('',(0.,1.,0.));
#2477 = DIRECTION('',(0.,-0.,1.));
#2478 = ORIENTED_EDGE('',*,*,#2479,.T.);
#2479 = EDGE_CURVE('',#2471,#2480,#2482,.T.);
#2480 = VERTEX_POINT('',#2481);
#2481 = CARTESIAN_POINT('',(7.610885271745,-13.3,11.99));
#2482 = CIRCLE('',#2483,1.025);
#2483 = AXIS2_PLACEMENT_3D('',#2484,#2485,#2486);
#2484 = CARTESIAN_POINT('',(8.5,-13.3,12.5));
#2485 = DIRECTION('',(0.,1.,0.));
#2486 = DIRECTION('',(0.,-0.,1.));
#2487 = ORIENTED_EDGE('',*,*,#2488,.T.);
#2488 = EDGE_CURVE('',#2480,#2489,#2491,.T.);
#2489 = VERTEX_POINT('',#2490);
#2490 = CARTESIAN_POINT('',(7.605223491591,-13.3,12.));
#2491 = CIRCLE('',#2492,1.025);
#2492 = AXIS2_PLACEMENT_3D('',#2493,#2494,#2495);
#2493 = CARTESIAN_POINT('',(8.5,-13.3,12.5));
#2494 = DIRECTION('',(0.,1.,0.));
#2495 = DIRECTION('',(0.,-0.,1.));
#2496 = ORIENTED_EDGE('',*,*,#2497,.T.);
#2497 = EDGE_CURVE('',#2489,#2498,#2500,.T.);
#2498 = VERTEX_POINT('',#2499);
#2499 = CARTESIAN_POINT('',(7.605223491591,-13.3,13.));
#2500 = CIRCLE('',#2501,1.025);
#2501 = AXIS2_PLACEMENT_3D('',#2502,#2503,#2504);
#2502 = CARTESIAN_POINT('',(8.5,-13.3,12.5));
#2503 = DIRECTION('',(0.,1.,0.));
#2504 = DIRECTION('',(0.,-0.,1.));
#2505 = ORIENTED_EDGE('',*,*,#2506,.T.);
#2506 = EDGE_CURVE('',#2498,#2434,#2507,.T.);
#2507 = CIRCLE('',#2508,1.025);
#2508 = AXIS2_PLACEMENT_3D('',#2509,#2510,#2511);
#2509 = CARTESIAN_POINT('',(8.5,-13.3,12.5));
#2510 = DIRECTION('',(0.,1.,0.));
#2511 = DIRECTION('',(0.,-0.,1.));
#2512 = CYLINDRICAL_SURFACE('',#2513,1.025);
#2513 = AXIS2_PLACEMENT_3D('',#2514,#2515,#2516);
#2514 = CARTESIAN_POINT('',(8.5,-14.3,12.5));
#2515 = DIRECTION('',(0.,1.,0.));
#2516 = DIRECTION('',(0.,-0.,1.));
#2517 = ADVANCED_FACE('',(#2518),#2538,.F.);
#2518 = FACE_BOUND('',#2519,.F.);
#2519 = EDGE_LOOP('',(#2520,#2521,#2529,#2536,#2537));
#2520 = ORIENTED_EDGE('',*,*,#2057,.F.);
#2521 = ORIENTED_EDGE('',*,*,#2522,.T.);
#2522 = EDGE_CURVE('',#2058,#2523,#2525,.T.);
#2523 = VERTEX_POINT('',#2524);
#2524 = CARTESIAN_POINT('',(9.6,-10.,15.244994432064));
#2525 = LINE('',#2526,#2527);
#2526 = CARTESIAN_POINT('',(9.6,-10.,12.));
#2527 = VECTOR('',#2528,1.);
#2528 = DIRECTION('',(0.,0.,1.));
#2529 = ORIENTED_EDGE('',*,*,#2530,.T.);
#2530 = EDGE_CURVE('',#2523,#2384,#2531,.T.);
#2531 = ELLIPSE('',#2532,3.805300833259,2.5);
#2532 = AXIS2_PLACEMENT_3D('',#2533,#2534,#2535);
#2533 = CARTESIAN_POINT('',(8.5,-8.737704918033,13.));
#2534 = DIRECTION('',(-0.75390950275,-0.656978280968,0.));
#2535 = DIRECTION('',(-0.656978280968,0.75390950275,0.));
#2536 = ORIENTED_EDGE('',*,*,#2383,.F.);
#2537 = ORIENTED_EDGE('',*,*,#2443,.F.);
#2538 = PLANE('',#2539);
#2539 = AXIS2_PLACEMENT_3D('',#2540,#2541,#2542);
#2540 = CARTESIAN_POINT('',(9.6,-10.,12.));
#2541 = DIRECTION('',(-0.75390950275,-0.656978280968,0.));
#2542 = DIRECTION('',(-0.656978280968,0.75390950275,0.));
#2543 = ADVANCED_FACE('',(#2544),#2563,.F.);
#2544 = FACE_BOUND('',#2545,.F.);
#2545 = EDGE_LOOP('',(#2546,#2547,#2555,#2562));
#2546 = ORIENTED_EDGE('',*,*,#2065,.F.);
#2547 = ORIENTED_EDGE('',*,*,#2548,.T.);
#2548 = EDGE_CURVE('',#2066,#2549,#2551,.T.);
#2549 = VERTEX_POINT('',#2550);
#2550 = CARTESIAN_POINT('',(9.86,-10.25,15.097713040432));
#2551 = LINE('',#2552,#2553);
#2552 = CARTESIAN_POINT('',(9.86,-10.25,12.));
#2553 = VECTOR('',#2554,1.);
#2554 = DIRECTION('',(0.,0.,1.));
#2555 = ORIENTED_EDGE('',*,*,#2556,.T.);
#2556 = EDGE_CURVE('',#2549,#2523,#2557,.T.);
#2557 = ELLIPSE('',#2558,3.468209384014,2.5);
#2558 = AXIS2_PLACEMENT_3D('',#2559,#2560,#2561);
#2559 = CARTESIAN_POINT('',(8.5,-8.942307692308,13.));
#2560 = DIRECTION('',(-0.693108716252,-0.720833064902,0.));
#2561 = DIRECTION('',(-0.720833064902,0.693108716252,0.));
#2562 = ORIENTED_EDGE('',*,*,#2522,.F.);
#2563 = PLANE('',#2564);
#2564 = AXIS2_PLACEMENT_3D('',#2565,#2566,#2567);
#2565 = CARTESIAN_POINT('',(9.86,-10.25,12.));
#2566 = DIRECTION('',(-0.693108716252,-0.720833064902,0.));
#2567 = DIRECTION('',(-0.720833064902,0.693108716252,0.));
#2568 = ADVANCED_FACE('',(#2569),#2588,.F.);
#2569 = FACE_BOUND('',#2570,.F.);
#2570 = EDGE_LOOP('',(#2571,#2572,#2580,#2587));
#2571 = ORIENTED_EDGE('',*,*,#2073,.F.);
#2572 = ORIENTED_EDGE('',*,*,#2573,.T.);
#2573 = EDGE_CURVE('',#2074,#2574,#2576,.T.);
#2574 = VERTEX_POINT('',#2575);
#2575 = CARTESIAN_POINT('',(10.12,-10.49,14.904100837666));
#2576 = LINE('',#2577,#2578);
#2577 = CARTESIAN_POINT('',(10.12,-10.49,12.));
#2578 = VECTOR('',#2579,1.);
#2579 = DIRECTION('',(0.,0.,1.));
#2580 = ORIENTED_EDGE('',*,*,#2581,.T.);
#2581 = EDGE_CURVE('',#2574,#2549,#2582,.T.);
#2582 = ELLIPSE('',#2583,3.402270387107,2.5);
#2583 = AXIS2_PLACEMENT_3D('',#2584,#2585,#2586);
#2584 = CARTESIAN_POINT('',(8.5,-8.994615384615,13.));
#2585 = DIRECTION('',(-0.678280102733,-0.734803444627,0.));
#2586 = DIRECTION('',(-0.734803444627,0.678280102733,0.));
#2587 = ORIENTED_EDGE('',*,*,#2548,.F.);
#2588 = PLANE('',#2589);
#2589 = AXIS2_PLACEMENT_3D('',#2590,#2591,#2592);
#2590 = CARTESIAN_POINT('',(10.12,-10.49,12.));
#2591 = DIRECTION('',(-0.678280102733,-0.734803444627,0.));
#2592 = DIRECTION('',(-0.734803444627,0.678280102733,0.));
#2593 = ADVANCED_FACE('',(#2594),#2613,.F.);
#2594 = FACE_BOUND('',#2595,.F.);
#2595 = EDGE_LOOP('',(#2596,#2597,#2605,#2612));
#2596 = ORIENTED_EDGE('',*,*,#2081,.F.);
#2597 = ORIENTED_EDGE('',*,*,#2598,.T.);
#2598 = EDGE_CURVE('',#2082,#2599,#2601,.T.);
#2599 = VERTEX_POINT('',#2600);
#2600 = CARTESIAN_POINT('',(10.43,-10.74,14.589056323734));
#2601 = LINE('',#2602,#2603);
#2602 = CARTESIAN_POINT('',(10.43,-10.74,12.));
#2603 = VECTOR('',#2604,1.);
#2604 = DIRECTION('',(0.,0.,1.));
#2605 = ORIENTED_EDGE('',*,*,#2606,.T.);
#2606 = EDGE_CURVE('',#2599,#2574,#2607,.T.);
#2607 = ELLIPSE('',#2608,3.211662540603,2.5);
#2608 = AXIS2_PLACEMENT_3D('',#2609,#2610,#2611);
#2609 = CARTESIAN_POINT('',(8.5,-9.183548387097,13.));
#2610 = DIRECTION('',(-0.62775245119,-0.778413039475,0.));
#2611 = DIRECTION('',(-0.778413039475,0.62775245119,0.));
#2612 = ORIENTED_EDGE('',*,*,#2573,.F.);
#2613 = PLANE('',#2614);
#2614 = AXIS2_PLACEMENT_3D('',#2615,#2616,#2617);
#2615 = CARTESIAN_POINT('',(10.43,-10.74,12.));
#2616 = DIRECTION('',(-0.62775245119,-0.778413039475,0.));
#2617 = DIRECTION('',(-0.778413039475,0.62775245119,0.));
#2618 = ADVANCED_FACE('',(#2619),#2638,.F.);
#2619 = FACE_BOUND('',#2620,.F.);
#2620 = EDGE_LOOP('',(#2621,#2622,#2630,#2637));
#2621 = ORIENTED_EDGE('',*,*,#2089,.F.);
#2622 = ORIENTED_EDGE('',*,*,#2623,.T.);
#2623 = EDGE_CURVE('',#2090,#2624,#2626,.T.);
#2624 = VERTEX_POINT('',#2625);
#2625 = CARTESIAN_POINT('',(10.73,-10.98,14.13008849211));
#2626 = LINE('',#2627,#2628);
#2627 = CARTESIAN_POINT('',(10.73,-10.98,12.));
#2628 = VECTOR('',#2629,1.);
#2629 = DIRECTION('',(0.,0.,1.));
#2630 = ORIENTED_EDGE('',*,*,#2631,.T.);
#2631 = EDGE_CURVE('',#2624,#2599,#2632,.T.);
#2632 = ELLIPSE('',#2633,3.201562118716,2.5);
#2633 = AXIS2_PLACEMENT_3D('',#2634,#2635,#2636);
#2634 = CARTESIAN_POINT('',(8.5,-9.196,13.));
#2635 = DIRECTION('',(-0.624695047554,-0.780868809443,0.));
#2636 = DIRECTION('',(-0.780868809443,0.624695047554,0.));
#2637 = ORIENTED_EDGE('',*,*,#2598,.F.);
#2638 = PLANE('',#2639);
#2639 = AXIS2_PLACEMENT_3D('',#2640,#2641,#2642);
#2640 = CARTESIAN_POINT('',(10.73,-10.98,12.));
#2641 = DIRECTION('',(-0.624695047554,-0.780868809443,0.));
#2642 = DIRECTION('',(-0.780868809443,0.624695047554,0.));
#2643 = ADVANCED_FACE('',(#2644),#2663,.F.);
#2644 = FACE_BOUND('',#2645,.F.);
#2645 = EDGE_LOOP('',(#2646,#2647,#2655,#2662));
#2646 = ORIENTED_EDGE('',*,*,#2097,.F.);
#2647 = ORIENTED_EDGE('',*,*,#2648,.T.);
#2648 = EDGE_CURVE('',#2098,#2649,#2651,.T.);
#2649 = VERTEX_POINT('',#2650);
#2650 = CARTESIAN_POINT('',(10.95,-11.225,13.497493718553));
#2651 = LINE('',#2652,#2653);
#2652 = CARTESIAN_POINT('',(10.95,-11.225,12.));
#2653 = VECTOR('',#2654,1.);
#2654 = DIRECTION('',(0.,0.,1.));
#2655 = ORIENTED_EDGE('',*,*,#2656,.T.);
#2656 = EDGE_CURVE('',#2649,#2624,#2657,.T.);
#2657 = ELLIPSE('',#2658,3.741812687733,2.5);
#2658 = AXIS2_PLACEMENT_3D('',#2659,#2660,#2661);
#2659 = CARTESIAN_POINT('',(8.5,-8.496590909091,13.));
#2660 = DIRECTION('',(-0.744048711529,-0.668125373618,0.));
#2661 = DIRECTION('',(-0.668125373618,0.744048711529,0.));
#2662 = ORIENTED_EDGE('',*,*,#2623,.F.);
#2663 = PLANE('',#2664);
#2664 = AXIS2_PLACEMENT_3D('',#2665,#2666,#2667);
#2665 = CARTESIAN_POINT('',(10.95,-11.225,12.));
#2666 = DIRECTION('',(-0.744048711529,-0.668125373618,0.));
#2667 = DIRECTION('',(-0.668125373618,0.744048711529,0.));
#2668 = ADVANCED_FACE('',(#2669),#2688,.F.);
#2669 = FACE_BOUND('',#2670,.F.);
#2670 = EDGE_LOOP('',(#2671,#2672,#2680,#2687));
#2671 = ORIENTED_EDGE('',*,*,#2105,.F.);
#2672 = ORIENTED_EDGE('',*,*,#2673,.T.);
#2673 = EDGE_CURVE('',#2106,#2674,#2676,.T.);
#2674 = VERTEX_POINT('',#2675);
#2675 = CARTESIAN_POINT('',(11.,-11.5,13.));
#2676 = LINE('',#2677,#2678);
#2677 = CARTESIAN_POINT('',(11.,-11.5,12.));
#2678 = VECTOR('',#2679,1.);
#2679 = DIRECTION('',(0.,0.,1.));
#2680 = ORIENTED_EDGE('',*,*,#2681,.T.);
#2681 = EDGE_CURVE('',#2674,#2649,#2682,.T.);
#2682 = ELLIPSE('',#2683,13.975424859374,2.5);
#2683 = AXIS2_PLACEMENT_3D('',#2684,#2685,#2686);
#2684 = CARTESIAN_POINT('',(8.5,2.25,13.));
#2685 = DIRECTION('',(-0.9838699101,-0.1788854382,0.));
#2686 = DIRECTION('',(-0.1788854382,0.9838699101,0.));
#2687 = ORIENTED_EDGE('',*,*,#2648,.F.);
#2688 = PLANE('',#2689);
#2689 = AXIS2_PLACEMENT_3D('',#2690,#2691,#2692);
#2690 = CARTESIAN_POINT('',(11.,-11.5,12.));
#2691 = DIRECTION('',(-0.9838699101,-0.1788854382,0.));
#2692 = DIRECTION('',(-0.1788854382,0.9838699101,0.));
#2693 = ADVANCED_FACE('',(#2694),#2712,.T.);
#2694 = FACE_BOUND('',#2695,.T.);
#2695 = EDGE_LOOP('',(#2696,#2704,#2705,#2706));
#2696 = ORIENTED_EDGE('',*,*,#2697,.F.);
#2697 = EDGE_CURVE('',#2114,#2698,#2700,.T.);
#2698 = VERTEX_POINT('',#2699);
#2699 = CARTESIAN_POINT('',(11.,-13.3,13.));
#2700 = LINE('',#2701,#2702);
#2701 = CARTESIAN_POINT('',(11.,-13.3,11.99));
#2702 = VECTOR('',#2703,1.);
#2703 = DIRECTION('',(0.,0.,1.));
#2704 = ORIENTED_EDGE('',*,*,#2113,.T.);
#2705 = ORIENTED_EDGE('',*,*,#2673,.T.);
#2706 = ORIENTED_EDGE('',*,*,#2707,.F.);
#2707 = EDGE_CURVE('',#2698,#2674,#2708,.T.);
#2708 = LINE('',#2709,#2710);
#2709 = CARTESIAN_POINT('',(11.,-13.3,13.));
#2710 = VECTOR('',#2711,1.);
#2711 = DIRECTION('',(-0.,1.,0.));
#2712 = PLANE('',#2713);
#2713 = AXIS2_PLACEMENT_3D('',#2714,#2715,#2716);
#2714 = CARTESIAN_POINT('',(11.,-13.3,11.99));
#2715 = DIRECTION('',(1.,0.,-0.));
#2716 = DIRECTION('',(0.,0.,1.));
#2717 = ADVANCED_FACE('',(#2718),#2753,.T.);
#2718 = FACE_BOUND('',#2719,.T.);
#2719 = EDGE_LOOP('',(#2720,#2721,#2729,#2738,#2747));
#2720 = ORIENTED_EDGE('',*,*,#2217,.F.);
#2721 = ORIENTED_EDGE('',*,*,#2722,.T.);
#2722 = EDGE_CURVE('',#2210,#2723,#2725,.T.);
#2723 = VERTEX_POINT('',#2724);
#2724 = CARTESIAN_POINT('',(26.47,-8.78,15.49981999352));
#2725 = LINE('',#2726,#2727);
#2726 = CARTESIAN_POINT('',(26.47,-8.78,12.));
#2727 = VECTOR('',#2728,1.);
#2728 = DIRECTION('',(0.,0.,1.));
#2729 = ORIENTED_EDGE('',*,*,#2730,.T.);
#2730 = EDGE_CURVE('',#2723,#2731,#2733,.T.);
#2731 = VERTEX_POINT('',#2732);
#2732 = CARTESIAN_POINT('',(26.5,-8.74,15.5));
#2733 = ELLIPSE('',#2734,4.166666666667,2.5);
#2734 = AXIS2_PLACEMENT_3D('',#2735,#2736,#2737);
#2735 = CARTESIAN_POINT('',(26.5,-8.74,13.));
#2736 = DIRECTION('',(-0.8,0.6,0.));
#2737 = DIRECTION('',(0.6,0.8,0.));
#2738 = ORIENTED_EDGE('',*,*,#2739,.T.);
#2739 = EDGE_CURVE('',#2731,#2740,#2742,.T.);
#2740 = VERTEX_POINT('',#2741);
#2741 = CARTESIAN_POINT('',(26.65,-8.54,15.495495942694));
#2742 = ELLIPSE('',#2743,4.166666666667,2.5);
#2743 = AXIS2_PLACEMENT_3D('',#2744,#2745,#2746);
#2744 = CARTESIAN_POINT('',(26.5,-8.74,13.));
#2745 = DIRECTION('',(-0.8,0.6,0.));
#2746 = DIRECTION('',(0.6,0.8,0.));
#2747 = ORIENTED_EDGE('',*,*,#2748,.F.);
#2748 = EDGE_CURVE('',#2218,#2740,#2749,.T.);
#2749 = LINE('',#2750,#2751);
#2750 = CARTESIAN_POINT('',(26.65,-8.54,12.));
#2751 = VECTOR('',#2752,1.);
#2752 = DIRECTION('',(0.,0.,1.));
#2753 = PLANE('',#2754);
#2754 = AXIS2_PLACEMENT_3D('',#2755,#2756,#2757);
#2755 = CARTESIAN_POINT('',(26.47,-8.78,12.));
#2756 = DIRECTION('',(-0.8,0.6,0.));
#2757 = DIRECTION('',(0.6,0.8,0.));
#2758 = ADVANCED_FACE('',(#2759),#2786,.T.);
#2759 = FACE_BOUND('',#2760,.T.);
#2760 = EDGE_LOOP('',(#2761,#2762,#2770,#2778,#2785));
#2761 = ORIENTED_EDGE('',*,*,#2209,.F.);
#2762 = ORIENTED_EDGE('',*,*,#2763,.T.);
#2763 = EDGE_CURVE('',#2202,#2764,#2766,.T.);
#2764 = VERTEX_POINT('',#2765);
#2765 = CARTESIAN_POINT('',(26.01,-9.3,13.400291619421));
#2766 = LINE('',#2767,#2768);
#2767 = CARTESIAN_POINT('',(26.01,-9.3,12.));
#2768 = VECTOR('',#2769,1.);
#2769 = DIRECTION('',(0.,0.,1.));
#2770 = ORIENTED_EDGE('',*,*,#2771,.T.);
#2771 = EDGE_CURVE('',#2764,#2772,#2774,.T.);
#2772 = VERTEX_POINT('',#2773);
#2773 = CARTESIAN_POINT('',(26.01,-9.3,15.451509738916));
#2774 = LINE('',#2775,#2776);
#2775 = CARTESIAN_POINT('',(26.01,-9.3,12.));
#2776 = VECTOR('',#2777,1.);
#2777 = DIRECTION('',(0.,0.,1.));
#2778 = ORIENTED_EDGE('',*,*,#2779,.T.);
#2779 = EDGE_CURVE('',#2772,#2723,#2780,.T.);
#2780 = ELLIPSE('',#2781,3.773164121241,2.5);
#2781 = AXIS2_PLACEMENT_3D('',#2782,#2783,#2784);
#2782 = CARTESIAN_POINT('',(26.5,-8.746086956522,13.));
#2783 = DIRECTION('',(-0.74899656249,0.662573882203,0.));
#2784 = DIRECTION('',(0.662573882203,0.74899656249,0.));
#2785 = ORIENTED_EDGE('',*,*,#2722,.F.);
#2786 = PLANE('',#2787);
#2787 = AXIS2_PLACEMENT_3D('',#2788,#2789,#2790);
#2788 = CARTESIAN_POINT('',(26.01,-9.3,12.));
#2789 = DIRECTION('',(-0.74899656249,0.662573882203,0.));
#2790 = DIRECTION('',(0.662573882203,0.74899656249,0.));
#2791 = ADVANCED_FACE('',(#2792),#2812,.F.);
#2792 = FACE_BOUND('',#2793,.F.);
#2793 = EDGE_LOOP('',(#2794,#2795,#2804,#2811));
#2794 = ORIENTED_EDGE('',*,*,#2763,.T.);
#2795 = ORIENTED_EDGE('',*,*,#2796,.T.);
#2796 = EDGE_CURVE('',#2764,#2797,#2799,.T.);
#2797 = VERTEX_POINT('',#2798);
#2798 = CARTESIAN_POINT('',(26.5,-9.3,13.525));
#2799 = CIRCLE('',#2800,1.025);
#2800 = AXIS2_PLACEMENT_3D('',#2801,#2802,#2803);
#2801 = CARTESIAN_POINT('',(26.5,-9.3,12.5));
#2802 = DIRECTION('',(0.,1.,0.));
#2803 = DIRECTION('',(0.,-0.,1.));
#2804 = ORIENTED_EDGE('',*,*,#2805,.T.);
#2805 = EDGE_CURVE('',#2797,#2194,#2806,.T.);
#2806 = CIRCLE('',#2807,1.025);
#2807 = AXIS2_PLACEMENT_3D('',#2808,#2809,#2810);
#2808 = CARTESIAN_POINT('',(26.5,-9.3,12.5));
#2809 = DIRECTION('',(0.,1.,0.));
#2810 = DIRECTION('',(0.,-0.,1.));
#2811 = ORIENTED_EDGE('',*,*,#2201,.F.);
#2812 = PLANE('',#2813);
#2813 = AXIS2_PLACEMENT_3D('',#2814,#2815,#2816);
#2814 = CARTESIAN_POINT('',(26.5,-9.3,12.5));
#2815 = DIRECTION('',(0.,1.,0.));
#2816 = DIRECTION('',(0.,-0.,1.));
#2817 = ADVANCED_FACE('',(#2818),#2900,.F.);
#2818 = FACE_BOUND('',#2819,.F.);
#2819 = EDGE_LOOP('',(#2820,#2821,#2828,#2829,#2830,#2838,#2847,#2856,
    #2865,#2874,#2883,#2892,#2899));
#2820 = ORIENTED_EDGE('',*,*,#2796,.F.);
#2821 = ORIENTED_EDGE('',*,*,#2822,.F.);
#2822 = EDGE_CURVE('',#2186,#2764,#2823,.T.);
#2823 = ELLIPSE('',#2824,1.560173341636,1.025);
#2824 = AXIS2_PLACEMENT_3D('',#2825,#2826,#2827);
#2825 = CARTESIAN_POINT('',(26.5,-8.737704918033,12.5));
#2826 = DIRECTION('',(-0.75390950275,0.656978280968,0.));
#2827 = DIRECTION('',(0.656978280968,0.75390950275,0.));
#2828 = ORIENTED_EDGE('',*,*,#2193,.T.);
#2829 = ORIENTED_EDGE('',*,*,#2805,.F.);
#2830 = ORIENTED_EDGE('',*,*,#2831,.F.);
#2831 = EDGE_CURVE('',#2832,#2797,#2834,.T.);
#2832 = VERTEX_POINT('',#2833);
#2833 = CARTESIAN_POINT('',(26.5,-13.3,13.525));
#2834 = LINE('',#2835,#2836);
#2835 = CARTESIAN_POINT('',(26.5,-14.3,13.525));
#2836 = VECTOR('',#2837,1.);
#2837 = DIRECTION('',(0.,1.,0.));
#2838 = ORIENTED_EDGE('',*,*,#2839,.T.);
#2839 = EDGE_CURVE('',#2832,#2840,#2842,.T.);
#2840 = VERTEX_POINT('',#2841);
#2841 = CARTESIAN_POINT('',(27.394776508409,-13.3,13.));
#2842 = CIRCLE('',#2843,1.025);
#2843 = AXIS2_PLACEMENT_3D('',#2844,#2845,#2846);
#2844 = CARTESIAN_POINT('',(26.5,-13.3,12.5));
#2845 = DIRECTION('',(0.,1.,0.));
#2846 = DIRECTION('',(0.,-0.,1.));
#2847 = ORIENTED_EDGE('',*,*,#2848,.T.);
#2848 = EDGE_CURVE('',#2840,#2849,#2851,.T.);
#2849 = VERTEX_POINT('',#2850);
#2850 = CARTESIAN_POINT('',(27.394776508409,-13.3,12.));
#2851 = CIRCLE('',#2852,1.025);
#2852 = AXIS2_PLACEMENT_3D('',#2853,#2854,#2855);
#2853 = CARTESIAN_POINT('',(26.5,-13.3,12.5));
#2854 = DIRECTION('',(0.,1.,0.));
#2855 = DIRECTION('',(0.,-0.,1.));
#2856 = ORIENTED_EDGE('',*,*,#2857,.T.);
#2857 = EDGE_CURVE('',#2849,#2858,#2860,.T.);
#2858 = VERTEX_POINT('',#2859);
#2859 = CARTESIAN_POINT('',(27.389114728255,-13.3,11.99));
#2860 = CIRCLE('',#2861,1.025);
#2861 = AXIS2_PLACEMENT_3D('',#2862,#2863,#2864);
#2862 = CARTESIAN_POINT('',(26.5,-13.3,12.5));
#2863 = DIRECTION('',(0.,1.,0.));
#2864 = DIRECTION('',(0.,-0.,1.));
#2865 = ORIENTED_EDGE('',*,*,#2866,.T.);
#2866 = EDGE_CURVE('',#2858,#2867,#2869,.T.);
#2867 = VERTEX_POINT('',#2868);
#2868 = CARTESIAN_POINT('',(25.610885271745,-13.3,11.99));
#2869 = CIRCLE('',#2870,1.025);
#2870 = AXIS2_PLACEMENT_3D('',#2871,#2872,#2873);
#2871 = CARTESIAN_POINT('',(26.5,-13.3,12.5));
#2872 = DIRECTION('',(0.,1.,0.));
#2873 = DIRECTION('',(0.,-0.,1.));
#2874 = ORIENTED_EDGE('',*,*,#2875,.T.);
#2875 = EDGE_CURVE('',#2867,#2876,#2878,.T.);
#2876 = VERTEX_POINT('',#2877);
#2877 = CARTESIAN_POINT('',(25.605223491591,-13.3,12.));
#2878 = CIRCLE('',#2879,1.025);
#2879 = AXIS2_PLACEMENT_3D('',#2880,#2881,#2882);
#2880 = CARTESIAN_POINT('',(26.5,-13.3,12.5));
#2881 = DIRECTION('',(0.,1.,0.));
#2882 = DIRECTION('',(0.,-0.,1.));
#2883 = ORIENTED_EDGE('',*,*,#2884,.T.);
#2884 = EDGE_CURVE('',#2876,#2885,#2887,.T.);
#2885 = VERTEX_POINT('',#2886);
#2886 = CARTESIAN_POINT('',(25.605223491591,-13.3,13.));
#2887 = CIRCLE('',#2888,1.025);
#2888 = AXIS2_PLACEMENT_3D('',#2889,#2890,#2891);
#2889 = CARTESIAN_POINT('',(26.5,-13.3,12.5));
#2890 = DIRECTION('',(0.,1.,0.));
#2891 = DIRECTION('',(0.,-0.,1.));
#2892 = ORIENTED_EDGE('',*,*,#2893,.T.);
#2893 = EDGE_CURVE('',#2885,#2832,#2894,.T.);
#2894 = CIRCLE('',#2895,1.025);
#2895 = AXIS2_PLACEMENT_3D('',#2896,#2897,#2898);
#2896 = CARTESIAN_POINT('',(26.5,-13.3,12.5));
#2897 = DIRECTION('',(0.,1.,0.));
#2898 = DIRECTION('',(0.,-0.,1.));
#2899 = ORIENTED_EDGE('',*,*,#2831,.T.);
#2900 = CYLINDRICAL_SURFACE('',#2901,1.025);
#2901 = AXIS2_PLACEMENT_3D('',#2902,#2903,#2904);
#2902 = CARTESIAN_POINT('',(26.5,-14.3,12.5));
#2903 = DIRECTION('',(0.,1.,0.));
#2904 = DIRECTION('',(0.,-0.,1.));
#2905 = ADVANCED_FACE('',(#2906),#2926,.T.);
#2906 = FACE_BOUND('',#2907,.T.);
#2907 = EDGE_LOOP('',(#2908,#2909,#2917,#2924,#2925));
#2908 = ORIENTED_EDGE('',*,*,#2185,.F.);
#2909 = ORIENTED_EDGE('',*,*,#2910,.T.);
#2910 = EDGE_CURVE('',#2178,#2911,#2913,.T.);
#2911 = VERTEX_POINT('',#2912);
#2912 = CARTESIAN_POINT('',(25.4,-10.,15.244994432064));
#2913 = LINE('',#2914,#2915);
#2914 = CARTESIAN_POINT('',(25.4,-10.,12.));
#2915 = VECTOR('',#2916,1.);
#2916 = DIRECTION('',(0.,0.,1.));
#2917 = ORIENTED_EDGE('',*,*,#2918,.T.);
#2918 = EDGE_CURVE('',#2911,#2772,#2919,.T.);
#2919 = ELLIPSE('',#2920,3.805300833259,2.5);
#2920 = AXIS2_PLACEMENT_3D('',#2921,#2922,#2923);
#2921 = CARTESIAN_POINT('',(26.5,-8.737704918033,13.));
#2922 = DIRECTION('',(-0.75390950275,0.656978280968,0.));
#2923 = DIRECTION('',(0.656978280968,0.75390950275,0.));
#2924 = ORIENTED_EDGE('',*,*,#2771,.F.);
#2925 = ORIENTED_EDGE('',*,*,#2822,.F.);
#2926 = PLANE('',#2927);
#2927 = AXIS2_PLACEMENT_3D('',#2928,#2929,#2930);
#2928 = CARTESIAN_POINT('',(25.4,-10.,12.));
#2929 = DIRECTION('',(-0.75390950275,0.656978280968,0.));
#2930 = DIRECTION('',(0.656978280968,0.75390950275,0.));
#2931 = ADVANCED_FACE('',(#2932),#2951,.T.);
#2932 = FACE_BOUND('',#2933,.T.);
#2933 = EDGE_LOOP('',(#2934,#2935,#2943,#2950));
#2934 = ORIENTED_EDGE('',*,*,#2177,.F.);
#2935 = ORIENTED_EDGE('',*,*,#2936,.T.);
#2936 = EDGE_CURVE('',#2170,#2937,#2939,.T.);
#2937 = VERTEX_POINT('',#2938);
#2938 = CARTESIAN_POINT('',(25.14,-10.25,15.097713040432));
#2939 = LINE('',#2940,#2941);
#2940 = CARTESIAN_POINT('',(25.14,-10.25,12.));
#2941 = VECTOR('',#2942,1.);
#2942 = DIRECTION('',(0.,0.,1.));
#2943 = ORIENTED_EDGE('',*,*,#2944,.T.);
#2944 = EDGE_CURVE('',#2937,#2911,#2945,.T.);
#2945 = ELLIPSE('',#2946,3.468209384014,2.5);
#2946 = AXIS2_PLACEMENT_3D('',#2947,#2948,#2949);
#2947 = CARTESIAN_POINT('',(26.5,-8.942307692308,13.));
#2948 = DIRECTION('',(-0.693108716252,0.720833064902,0.));
#2949 = DIRECTION('',(0.720833064902,0.693108716252,0.));
#2950 = ORIENTED_EDGE('',*,*,#2910,.F.);
#2951 = PLANE('',#2952);
#2952 = AXIS2_PLACEMENT_3D('',#2953,#2954,#2955);
#2953 = CARTESIAN_POINT('',(25.14,-10.25,12.));
#2954 = DIRECTION('',(-0.693108716252,0.720833064902,0.));
#2955 = DIRECTION('',(0.720833064902,0.693108716252,0.));
#2956 = ADVANCED_FACE('',(#2957),#2976,.T.);
#2957 = FACE_BOUND('',#2958,.T.);
#2958 = EDGE_LOOP('',(#2959,#2960,#2968,#2975));
#2959 = ORIENTED_EDGE('',*,*,#2169,.F.);
#2960 = ORIENTED_EDGE('',*,*,#2961,.T.);
#2961 = EDGE_CURVE('',#2162,#2962,#2964,.T.);
#2962 = VERTEX_POINT('',#2963);
#2963 = CARTESIAN_POINT('',(24.88,-10.49,14.904100837666));
#2964 = LINE('',#2965,#2966);
#2965 = CARTESIAN_POINT('',(24.88,-10.49,12.));
#2966 = VECTOR('',#2967,1.);
#2967 = DIRECTION('',(0.,0.,1.));
#2968 = ORIENTED_EDGE('',*,*,#2969,.T.);
#2969 = EDGE_CURVE('',#2962,#2937,#2970,.T.);
#2970 = ELLIPSE('',#2971,3.402270387107,2.5);
#2971 = AXIS2_PLACEMENT_3D('',#2972,#2973,#2974);
#2972 = CARTESIAN_POINT('',(26.5,-8.994615384615,13.));
#2973 = DIRECTION('',(-0.678280102733,0.734803444627,0.));
#2974 = DIRECTION('',(0.734803444627,0.678280102733,0.));
#2975 = ORIENTED_EDGE('',*,*,#2936,.F.);
#2976 = PLANE('',#2977);
#2977 = AXIS2_PLACEMENT_3D('',#2978,#2979,#2980);
#2978 = CARTESIAN_POINT('',(24.88,-10.49,12.));
#2979 = DIRECTION('',(-0.678280102733,0.734803444627,0.));
#2980 = DIRECTION('',(0.734803444627,0.678280102733,0.));
#2981 = ADVANCED_FACE('',(#2982),#3001,.T.);
#2982 = FACE_BOUND('',#2983,.T.);
#2983 = EDGE_LOOP('',(#2984,#2985,#2993,#3000));
#2984 = ORIENTED_EDGE('',*,*,#2161,.F.);
#2985 = ORIENTED_EDGE('',*,*,#2986,.T.);
#2986 = EDGE_CURVE('',#2154,#2987,#2989,.T.);
#2987 = VERTEX_POINT('',#2988);
#2988 = CARTESIAN_POINT('',(24.57,-10.74,14.589056323734));
#2989 = LINE('',#2990,#2991);
#2990 = CARTESIAN_POINT('',(24.57,-10.74,12.));
#2991 = VECTOR('',#2992,1.);
#2992 = DIRECTION('',(0.,0.,1.));
#2993 = ORIENTED_EDGE('',*,*,#2994,.T.);
#2994 = EDGE_CURVE('',#2987,#2962,#2995,.T.);
#2995 = ELLIPSE('',#2996,3.211662540603,2.5);
#2996 = AXIS2_PLACEMENT_3D('',#2997,#2998,#2999);
#2997 = CARTESIAN_POINT('',(26.5,-9.183548387097,13.));
#2998 = DIRECTION('',(-0.62775245119,0.778413039475,0.));
#2999 = DIRECTION('',(0.778413039475,0.62775245119,0.));
#3000 = ORIENTED_EDGE('',*,*,#2961,.F.);
#3001 = PLANE('',#3002);
#3002 = AXIS2_PLACEMENT_3D('',#3003,#3004,#3005);
#3003 = CARTESIAN_POINT('',(24.57,-10.74,12.));
#3004 = DIRECTION('',(-0.62775245119,0.778413039475,0.));
#3005 = DIRECTION('',(0.778413039475,0.62775245119,0.));
#3006 = ADVANCED_FACE('',(#3007),#3026,.T.);
#3007 = FACE_BOUND('',#3008,.T.);
#3008 = EDGE_LOOP('',(#3009,#3010,#3018,#3025));
#3009 = ORIENTED_EDGE('',*,*,#2153,.F.);
#3010 = ORIENTED_EDGE('',*,*,#3011,.T.);
#3011 = EDGE_CURVE('',#2146,#3012,#3014,.T.);
#3012 = VERTEX_POINT('',#3013);
#3013 = CARTESIAN_POINT('',(24.27,-10.98,14.13008849211));
#3014 = LINE('',#3015,#3016);
#3015 = CARTESIAN_POINT('',(24.27,-10.98,12.));
#3016 = VECTOR('',#3017,1.);
#3017 = DIRECTION('',(0.,0.,1.));
#3018 = ORIENTED_EDGE('',*,*,#3019,.T.);
#3019 = EDGE_CURVE('',#3012,#2987,#3020,.T.);
#3020 = ELLIPSE('',#3021,3.201562118716,2.5);
#3021 = AXIS2_PLACEMENT_3D('',#3022,#3023,#3024);
#3022 = CARTESIAN_POINT('',(26.5,-9.196,13.));
#3023 = DIRECTION('',(-0.624695047554,0.780868809443,0.));
#3024 = DIRECTION('',(0.780868809443,0.624695047554,0.));
#3025 = ORIENTED_EDGE('',*,*,#2986,.F.);
#3026 = PLANE('',#3027);
#3027 = AXIS2_PLACEMENT_3D('',#3028,#3029,#3030);
#3028 = CARTESIAN_POINT('',(24.27,-10.98,12.));
#3029 = DIRECTION('',(-0.624695047554,0.780868809443,0.));
#3030 = DIRECTION('',(0.780868809443,0.624695047554,0.));
#3031 = ADVANCED_FACE('',(#3032),#3051,.T.);
#3032 = FACE_BOUND('',#3033,.T.);
#3033 = EDGE_LOOP('',(#3034,#3035,#3043,#3050));
#3034 = ORIENTED_EDGE('',*,*,#2145,.F.);
#3035 = ORIENTED_EDGE('',*,*,#3036,.T.);
#3036 = EDGE_CURVE('',#2138,#3037,#3039,.T.);
#3037 = VERTEX_POINT('',#3038);
#3038 = CARTESIAN_POINT('',(24.05,-11.225,13.497493718553));
#3039 = LINE('',#3040,#3041);
#3040 = CARTESIAN_POINT('',(24.05,-11.225,12.));
#3041 = VECTOR('',#3042,1.);
#3042 = DIRECTION('',(0.,0.,1.));
#3043 = ORIENTED_EDGE('',*,*,#3044,.T.);
#3044 = EDGE_CURVE('',#3037,#3012,#3045,.T.);
#3045 = ELLIPSE('',#3046,3.741812687733,2.5);
#3046 = AXIS2_PLACEMENT_3D('',#3047,#3048,#3049);
#3047 = CARTESIAN_POINT('',(26.5,-8.496590909091,13.));
#3048 = DIRECTION('',(-0.744048711529,0.668125373618,0.));
#3049 = DIRECTION('',(0.668125373618,0.744048711529,0.));
#3050 = ORIENTED_EDGE('',*,*,#3011,.F.);
#3051 = PLANE('',#3052);
#3052 = AXIS2_PLACEMENT_3D('',#3053,#3054,#3055);
#3053 = CARTESIAN_POINT('',(24.05,-11.225,12.));
#3054 = DIRECTION('',(-0.744048711529,0.668125373618,0.));
#3055 = DIRECTION('',(0.668125373618,0.744048711529,0.));
#3056 = ADVANCED_FACE('',(#3057),#3082,.F.);
#3057 = FACE_BOUND('',#3058,.F.);
#3058 = EDGE_LOOP('',(#3059,#3067,#3068,#3076));
#3059 = ORIENTED_EDGE('',*,*,#3060,.F.);
#3060 = EDGE_CURVE('',#2122,#3061,#3063,.T.);
#3061 = VERTEX_POINT('',#3062);
#3062 = CARTESIAN_POINT('',(24.,-13.3,13.));
#3063 = LINE('',#3064,#3065);
#3064 = CARTESIAN_POINT('',(24.,-13.3,11.99));
#3065 = VECTOR('',#3066,1.);
#3066 = DIRECTION('',(0.,0.,1.));
#3067 = ORIENTED_EDGE('',*,*,#2129,.T.);
#3068 = ORIENTED_EDGE('',*,*,#3069,.T.);
#3069 = EDGE_CURVE('',#2130,#3070,#3072,.T.);
#3070 = VERTEX_POINT('',#3071);
#3071 = CARTESIAN_POINT('',(24.,-11.5,13.));
#3072 = LINE('',#3073,#3074);
#3073 = CARTESIAN_POINT('',(24.,-11.5,12.));
#3074 = VECTOR('',#3075,1.);
#3075 = DIRECTION('',(0.,0.,1.));
#3076 = ORIENTED_EDGE('',*,*,#3077,.F.);
#3077 = EDGE_CURVE('',#3061,#3070,#3078,.T.);
#3078 = LINE('',#3079,#3080);
#3079 = CARTESIAN_POINT('',(24.,-13.3,13.));
#3080 = VECTOR('',#3081,1.);
#3081 = DIRECTION('',(-0.,1.,0.));
#3082 = PLANE('',#3083);
#3083 = AXIS2_PLACEMENT_3D('',#3084,#3085,#3086);
#3084 = CARTESIAN_POINT('',(24.,-13.3,11.99));
#3085 = DIRECTION('',(1.,0.,-0.));
#3086 = DIRECTION('',(0.,0.,1.));
#3087 = ADVANCED_FACE('',(#3088),#3100,.T.);
#3088 = FACE_BOUND('',#3089,.T.);
#3089 = EDGE_LOOP('',(#3090,#3091,#3092,#3099));
#3090 = ORIENTED_EDGE('',*,*,#2137,.F.);
#3091 = ORIENTED_EDGE('',*,*,#3069,.T.);
#3092 = ORIENTED_EDGE('',*,*,#3093,.T.);
#3093 = EDGE_CURVE('',#3070,#3037,#3094,.T.);
#3094 = ELLIPSE('',#3095,13.975424859374,2.5);
#3095 = AXIS2_PLACEMENT_3D('',#3096,#3097,#3098);
#3096 = CARTESIAN_POINT('',(26.5,2.25,13.));
#3097 = DIRECTION('',(-0.9838699101,0.1788854382,0.));
#3098 = DIRECTION('',(0.1788854382,0.9838699101,0.));
#3099 = ORIENTED_EDGE('',*,*,#3036,.F.);
#3100 = PLANE('',#3101);
#3101 = AXIS2_PLACEMENT_3D('',#3102,#3103,#3104);
#3102 = CARTESIAN_POINT('',(24.,-11.5,12.));
#3103 = DIRECTION('',(-0.9838699101,0.1788854382,0.));
#3104 = DIRECTION('',(0.1788854382,0.9838699101,0.));
#3105 = ADVANCED_FACE('',(#3106),#3132,.T.);
#3106 = FACE_BOUND('',#3107,.T.);
#3107 = EDGE_LOOP('',(#3108,#3109,#3117,#3126));
#3108 = ORIENTED_EDGE('',*,*,#2249,.F.);
#3109 = ORIENTED_EDGE('',*,*,#3110,.T.);
#3110 = EDGE_CURVE('',#2242,#3111,#3113,.T.);
#3111 = VERTEX_POINT('',#3112);
#3112 = CARTESIAN_POINT('',(28.09,-6.83,14.929222641377));
#3113 = LINE('',#3114,#3115);
#3114 = CARTESIAN_POINT('',(28.09,-6.83,12.));
#3115 = VECTOR('',#3116,1.);
#3116 = DIRECTION('',(0.,0.,1.));
#3117 = ORIENTED_EDGE('',*,*,#3118,.T.);
#3118 = EDGE_CURVE('',#3111,#3119,#3121,.T.);
#3119 = VERTEX_POINT('',#3120);
#3120 = CARTESIAN_POINT('',(29.,-7.,13.));
#3121 = ELLIPSE('',#3122,2.543249848579,2.5);
#3122 = AXIS2_PLACEMENT_3D('',#3123,#3124,#3125);
#3123 = CARTESIAN_POINT('',(26.5,-6.532967032967,13.));
#3124 = DIRECTION('',(0.183636290117,0.98299425886,-0.));
#3125 = DIRECTION('',(-0.98299425886,0.183636290117,0.));
#3126 = ORIENTED_EDGE('',*,*,#3127,.F.);
#3127 = EDGE_CURVE('',#2250,#3119,#3128,.T.);
#3128 = LINE('',#3129,#3130);
#3129 = CARTESIAN_POINT('',(29.,-7.,12.));
#3130 = VECTOR('',#3131,1.);
#3131 = DIRECTION('',(0.,0.,1.));
#3132 = PLANE('',#3133);
#3133 = AXIS2_PLACEMENT_3D('',#3134,#3135,#3136);
#3134 = CARTESIAN_POINT('',(28.09,-6.83,12.));
#3135 = DIRECTION('',(0.183636290117,0.98299425886,-0.));
#3136 = DIRECTION('',(0.98299425886,-0.183636290117,0.));
#3137 = ADVANCED_FACE('',(#3138),#3157,.T.);
#3138 = FACE_BOUND('',#3139,.T.);
#3139 = EDGE_LOOP('',(#3140,#3141,#3149,#3156));
#3140 = ORIENTED_EDGE('',*,*,#2241,.F.);
#3141 = ORIENTED_EDGE('',*,*,#3142,.T.);
#3142 = EDGE_CURVE('',#2234,#3143,#3145,.T.);
#3143 = VERTEX_POINT('',#3144);
#3144 = CARTESIAN_POINT('',(27.74,-7.08,15.170806301815));
#3145 = LINE('',#3146,#3147);
#3146 = CARTESIAN_POINT('',(27.74,-7.08,12.));
#3147 = VECTOR('',#3148,1.);
#3148 = DIRECTION('',(0.,0.,1.));
#3149 = ORIENTED_EDGE('',*,*,#3150,.T.);
#3150 = EDGE_CURVE('',#3143,#3111,#3151,.T.);
#3151 = ELLIPSE('',#3152,3.072259023944,2.5);
#3152 = AXIS2_PLACEMENT_3D('',#3153,#3154,#3155);
#3153 = CARTESIAN_POINT('',(26.5,-7.965714285714,13.));
#3154 = DIRECTION('',(-0.581238193719,0.813733471207,0.));
#3155 = DIRECTION('',(0.813733471207,0.581238193719,0.));
#3156 = ORIENTED_EDGE('',*,*,#3110,.F.);
#3157 = PLANE('',#3158);
#3158 = AXIS2_PLACEMENT_3D('',#3159,#3160,#3161);
#3159 = CARTESIAN_POINT('',(27.74,-7.08,12.));
#3160 = DIRECTION('',(-0.581238193719,0.813733471207,0.));
#3161 = DIRECTION('',(0.813733471207,0.581238193719,0.));
#3162 = ADVANCED_FACE('',(#3163),#3182,.T.);
#3163 = FACE_BOUND('',#3164,.T.);
#3164 = EDGE_LOOP('',(#3165,#3166,#3174,#3181));
#3165 = ORIENTED_EDGE('',*,*,#2233,.F.);
#3166 = ORIENTED_EDGE('',*,*,#3167,.T.);
#3167 = EDGE_CURVE('',#2226,#3168,#3170,.T.);
#3168 = VERTEX_POINT('',#3169);
#3169 = CARTESIAN_POINT('',(27.29,-7.56,15.371897974197));
#3170 = LINE('',#3171,#3172);
#3171 = CARTESIAN_POINT('',(27.29,-7.56,12.));
#3172 = VECTOR('',#3173,1.);
#3173 = DIRECTION('',(0.,0.,1.));
#3174 = ORIENTED_EDGE('',*,*,#3175,.T.);
#3175 = EDGE_CURVE('',#3168,#3143,#3176,.T.);
#3176 = ELLIPSE('',#3177,3.655285366577,2.5);
#3177 = AXIS2_PLACEMENT_3D('',#3178,#3179,#3180);
#3178 = CARTESIAN_POINT('',(26.5,-8.402666666667,13.));
#3179 = DIRECTION('',(-0.72953720414,0.683941128881,0.));
#3180 = DIRECTION('',(0.683941128881,0.72953720414,0.));
#3181 = ORIENTED_EDGE('',*,*,#3142,.F.);
#3182 = PLANE('',#3183);
#3183 = AXIS2_PLACEMENT_3D('',#3184,#3185,#3186);
#3184 = CARTESIAN_POINT('',(27.29,-7.56,12.));
#3185 = DIRECTION('',(-0.72953720414,0.683941128881,0.));
#3186 = DIRECTION('',(0.683941128881,0.72953720414,0.));
#3187 = ADVANCED_FACE('',(#3188),#3251,.F.);
#3188 = FACE_BOUND('',#3189,.F.);
#3189 = EDGE_LOOP('',(#3190,#3200,#3207,#3208,#3217,#3226,#3235,#3244));
#3190 = ORIENTED_EDGE('',*,*,#3191,.T.);
#3191 = EDGE_CURVE('',#3192,#3194,#3196,.T.);
#3192 = VERTEX_POINT('',#3193);
#3193 = CARTESIAN_POINT('',(19.7,-8.,9.5));
#3194 = VERTEX_POINT('',#3195);
#3195 = CARTESIAN_POINT('',(19.7,-8.,11.5));
#3196 = LINE('',#3197,#3198);
#3197 = CARTESIAN_POINT('',(19.7,-8.,8.5));
#3198 = VECTOR('',#3199,1.);
#3199 = DIRECTION('',(0.,0.,1.));
#3200 = ORIENTED_EDGE('',*,*,#3201,.F.);
#3201 = EDGE_CURVE('',#3194,#3194,#3202,.T.);
#3202 = CIRCLE('',#3203,2.2);
#3203 = AXIS2_PLACEMENT_3D('',#3204,#3205,#3206);
#3204 = CARTESIAN_POINT('',(17.5,-8.,11.5));
#3205 = DIRECTION('',(0.,0.,1.));
#3206 = DIRECTION('',(1.,0.,-0.));
#3207 = ORIENTED_EDGE('',*,*,#3191,.F.);
#3208 = ORIENTED_EDGE('',*,*,#3209,.T.);
#3209 = EDGE_CURVE('',#3192,#3210,#3212,.T.);
#3210 = VERTEX_POINT('',#3211);
#3211 = CARTESIAN_POINT('',(19.642428528563,-7.5,9.5));
#3212 = CIRCLE('',#3213,2.2);
#3213 = AXIS2_PLACEMENT_3D('',#3214,#3215,#3216);
#3214 = CARTESIAN_POINT('',(17.5,-8.,9.5));
#3215 = DIRECTION('',(0.,0.,1.));
#3216 = DIRECTION('',(1.,0.,-0.));
#3217 = ORIENTED_EDGE('',*,*,#3218,.T.);
#3218 = EDGE_CURVE('',#3210,#3219,#3221,.T.);
#3219 = VERTEX_POINT('',#3220);
#3220 = CARTESIAN_POINT('',(19.459591794227,-7.,9.5));
#3221 = CIRCLE('',#3222,2.2);
#3222 = AXIS2_PLACEMENT_3D('',#3223,#3224,#3225);
#3223 = CARTESIAN_POINT('',(17.5,-8.,9.5));
#3224 = DIRECTION('',(0.,0.,1.));
#3225 = DIRECTION('',(1.,0.,-0.));
#3226 = ORIENTED_EDGE('',*,*,#3227,.T.);
#3227 = EDGE_CURVE('',#3219,#3228,#3230,.T.);
#3228 = VERTEX_POINT('',#3229);
#3229 = CARTESIAN_POINT('',(15.540408205773,-7.,9.5));
#3230 = CIRCLE('',#3231,2.2);
#3231 = AXIS2_PLACEMENT_3D('',#3232,#3233,#3234);
#3232 = CARTESIAN_POINT('',(17.5,-8.,9.5));
#3233 = DIRECTION('',(0.,0.,1.));
#3234 = DIRECTION('',(1.,0.,-0.));
#3235 = ORIENTED_EDGE('',*,*,#3236,.T.);
#3236 = EDGE_CURVE('',#3228,#3237,#3239,.T.);
#3237 = VERTEX_POINT('',#3238);
#3238 = CARTESIAN_POINT('',(15.357571471437,-7.5,9.5));
#3239 = CIRCLE('',#3240,2.2);
#3240 = AXIS2_PLACEMENT_3D('',#3241,#3242,#3243);
#3241 = CARTESIAN_POINT('',(17.5,-8.,9.5));
#3242 = DIRECTION('',(0.,0.,1.));
#3243 = DIRECTION('',(1.,0.,-0.));
#3244 = ORIENTED_EDGE('',*,*,#3245,.T.);
#3245 = EDGE_CURVE('',#3237,#3192,#3246,.T.);
#3246 = CIRCLE('',#3247,2.2);
#3247 = AXIS2_PLACEMENT_3D('',#3248,#3249,#3250);
#3248 = CARTESIAN_POINT('',(17.5,-8.,9.5));
#3249 = DIRECTION('',(0.,0.,1.));
#3250 = DIRECTION('',(1.,0.,-0.));
#3251 = CYLINDRICAL_SURFACE('',#3252,2.2);
#3252 = AXIS2_PLACEMENT_3D('',#3253,#3254,#3255);
#3253 = CARTESIAN_POINT('',(17.5,-8.,8.5));
#3254 = DIRECTION('',(0.,0.,1.));
#3255 = DIRECTION('',(1.,0.,-0.));
#3256 = ADVANCED_FACE('',(#3257,#3260),#3271,.F.);
#3257 = FACE_BOUND('',#3258,.F.);
#3258 = EDGE_LOOP('',(#3259));
#3259 = ORIENTED_EDGE('',*,*,#3201,.T.);
#3260 = FACE_BOUND('',#3261,.F.);
#3261 = EDGE_LOOP('',(#3262));
#3262 = ORIENTED_EDGE('',*,*,#3263,.F.);
#3263 = EDGE_CURVE('',#3264,#3264,#3266,.T.);
#3264 = VERTEX_POINT('',#3265);
#3265 = CARTESIAN_POINT('',(18.6,-8.,11.5));
#3266 = CIRCLE('',#3267,1.1);
#3267 = AXIS2_PLACEMENT_3D('',#3268,#3269,#3270);
#3268 = CARTESIAN_POINT('',(17.5,-8.,11.5));
#3269 = DIRECTION('',(0.,0.,1.));
#3270 = DIRECTION('',(1.,0.,-0.));
#3271 = PLANE('',#3272);
#3272 = AXIS2_PLACEMENT_3D('',#3273,#3274,#3275);
#3273 = CARTESIAN_POINT('',(17.5,-8.,11.5));
#3274 = DIRECTION('',(0.,0.,1.));
#3275 = DIRECTION('',(1.,0.,-0.));
#3276 = ADVANCED_FACE('',(#3277),#3318,.F.);
#3277 = FACE_BOUND('',#3278,.F.);
#3278 = EDGE_LOOP('',(#3279,#3280,#3288,#3296,#3304,#3312));
#3279 = ORIENTED_EDGE('',*,*,#2266,.F.);
#3280 = ORIENTED_EDGE('',*,*,#3281,.T.);
#3281 = EDGE_CURVE('',#2267,#3282,#3284,.T.);
#3282 = VERTEX_POINT('',#3283);
#3283 = CARTESIAN_POINT('',(11.5,-4.,14.45));
#3284 = LINE('',#3285,#3286);
#3285 = CARTESIAN_POINT('',(11.5,-4.,12.));
#3286 = VECTOR('',#3287,1.);
#3287 = DIRECTION('',(0.,0.,1.));
#3288 = ORIENTED_EDGE('',*,*,#3289,.F.);
#3289 = EDGE_CURVE('',#3290,#3282,#3292,.T.);
#3290 = VERTEX_POINT('',#3291);
#3291 = CARTESIAN_POINT('',(11.5,-7.291502622129,14.45));
#3292 = LINE('',#3293,#3294);
#3293 = CARTESIAN_POINT('',(11.5,-3.,14.45));
#3294 = VECTOR('',#3295,1.);
#3295 = DIRECTION('',(-0.,1.,0.));
#3296 = ORIENTED_EDGE('',*,*,#3297,.F.);
#3297 = EDGE_CURVE('',#3298,#3290,#3300,.T.);
#3298 = VERTEX_POINT('',#3299);
#3299 = CARTESIAN_POINT('',(11.5,-7.291502622129,12.5));
#3300 = LINE('',#3301,#3302);
#3301 = CARTESIAN_POINT('',(11.5,-7.291502622129,12.49));
#3302 = VECTOR('',#3303,1.);
#3303 = DIRECTION('',(0.,0.,1.));
#3304 = ORIENTED_EDGE('',*,*,#3305,.F.);
#3305 = EDGE_CURVE('',#3306,#3298,#3308,.T.);
#3306 = VERTEX_POINT('',#3307);
#3307 = CARTESIAN_POINT('',(11.5,-9.365459931328,12.5));
#3308 = LINE('',#3309,#3310);
#3309 = CARTESIAN_POINT('',(11.5,-3.,12.5));
#3310 = VECTOR('',#3311,1.);
#3311 = DIRECTION('',(-0.,1.,0.));
#3312 = ORIENTED_EDGE('',*,*,#3313,.F.);
#3313 = EDGE_CURVE('',#2269,#3306,#3314,.T.);
#3314 = LINE('',#3315,#3316);
#3315 = CARTESIAN_POINT('',(11.5,-9.365459931328,11.99));
#3316 = VECTOR('',#3317,1.);
#3317 = DIRECTION('',(0.,0.,1.));
#3318 = PLANE('',#3319);
#3319 = AXIS2_PLACEMENT_3D('',#3320,#3321,#3322);
#3320 = CARTESIAN_POINT('',(11.5,-4.,12.));
#3321 = DIRECTION('',(1.,0.,-0.));
#3322 = DIRECTION('',(0.,-1.,0.));
#3323 = ADVANCED_FACE('',(#3324),#3358,.F.);
#3324 = FACE_BOUND('',#3325,.F.);
#3325 = EDGE_LOOP('',(#3326,#3327,#3335,#3343,#3351,#3357));
#3326 = ORIENTED_EDGE('',*,*,#2276,.F.);
#3327 = ORIENTED_EDGE('',*,*,#3328,.T.);
#3328 = EDGE_CURVE('',#2277,#3329,#3331,.T.);
#3329 = VERTEX_POINT('',#3330);
#3330 = CARTESIAN_POINT('',(8.212912189497,-4.,12.5));
#3331 = LINE('',#3332,#3333);
#3332 = CARTESIAN_POINT('',(8.212912189497,-4.,11.99));
#3333 = VECTOR('',#3334,1.);
#3334 = DIRECTION('',(0.,0.,1.));
#3335 = ORIENTED_EDGE('',*,*,#3336,.F.);
#3336 = EDGE_CURVE('',#3337,#3329,#3339,.T.);
#3337 = VERTEX_POINT('',#3338);
#3338 = CARTESIAN_POINT('',(9.754033307585,-4.,12.5));
#3339 = LINE('',#3340,#3341);
#3340 = CARTESIAN_POINT('',(11.75,-4.,12.5));
#3341 = VECTOR('',#3342,1.);
#3342 = DIRECTION('',(-1.,0.,0.));
#3343 = ORIENTED_EDGE('',*,*,#3344,.T.);
#3344 = EDGE_CURVE('',#3337,#3345,#3347,.T.);
#3345 = VERTEX_POINT('',#3346);
#3346 = CARTESIAN_POINT('',(9.754033307585,-4.,14.45));
#3347 = LINE('',#3348,#3349);
#3348 = CARTESIAN_POINT('',(9.754033307585,-4.,12.49));
#3349 = VECTOR('',#3350,1.);
#3350 = DIRECTION('',(0.,0.,1.));
#3351 = ORIENTED_EDGE('',*,*,#3352,.F.);
#3352 = EDGE_CURVE('',#3282,#3345,#3353,.T.);
#3353 = LINE('',#3354,#3355);
#3354 = CARTESIAN_POINT('',(11.75,-4.,14.45));
#3355 = VECTOR('',#3356,1.);
#3356 = DIRECTION('',(-1.,0.,0.));
#3357 = ORIENTED_EDGE('',*,*,#3281,.F.);
#3358 = PLANE('',#3359);
#3359 = AXIS2_PLACEMENT_3D('',#3360,#3361,#3362);
#3360 = CARTESIAN_POINT('',(6.,-4.,12.));
#3361 = DIRECTION('',(0.,1.,0.));
#3362 = DIRECTION('',(1.,0.,0.));
#3363 = ADVANCED_FACE('',(#3364),#3383,.T.);
#3364 = FACE_BOUND('',#3365,.T.);
#3365 = EDGE_LOOP('',(#3366,#3367,#3368,#3376));
#3366 = ORIENTED_EDGE('',*,*,#3313,.F.);
#3367 = ORIENTED_EDGE('',*,*,#2318,.T.);
#3368 = ORIENTED_EDGE('',*,*,#3369,.T.);
#3369 = EDGE_CURVE('',#2311,#3370,#3372,.T.);
#3370 = VERTEX_POINT('',#3371);
#3371 = CARTESIAN_POINT('',(23.5,-9.365459931328,12.5));
#3372 = LINE('',#3373,#3374);
#3373 = CARTESIAN_POINT('',(23.5,-9.365459931328,11.99));
#3374 = VECTOR('',#3375,1.);
#3375 = DIRECTION('',(0.,0.,1.));
#3376 = ORIENTED_EDGE('',*,*,#3377,.F.);
#3377 = EDGE_CURVE('',#3306,#3370,#3378,.T.);
#3378 = CIRCLE('',#3379,9.5);
#3379 = AXIS2_PLACEMENT_3D('',#3380,#3381,#3382);
#3380 = CARTESIAN_POINT('',(17.5,-2.,12.5));
#3381 = DIRECTION('',(0.,0.,1.));
#3382 = DIRECTION('',(1.,0.,-0.));
#3383 = CYLINDRICAL_SURFACE('',#3384,9.5);
#3384 = AXIS2_PLACEMENT_3D('',#3385,#3386,#3387);
#3385 = CARTESIAN_POINT('',(17.5,-2.,11.99));
#3386 = DIRECTION('',(0.,0.,1.));
#3387 = DIRECTION('',(1.,0.,-0.));
#3388 = ADVANCED_FACE('',(#3389),#3408,.T.);
#3389 = FACE_BOUND('',#3390,.T.);
#3390 = EDGE_LOOP('',(#3391,#3392,#3393,#3401));
#3391 = ORIENTED_EDGE('',*,*,#3305,.F.);
#3392 = ORIENTED_EDGE('',*,*,#3377,.T.);
#3393 = ORIENTED_EDGE('',*,*,#3394,.T.);
#3394 = EDGE_CURVE('',#3370,#3395,#3397,.T.);
#3395 = VERTEX_POINT('',#3396);
#3396 = CARTESIAN_POINT('',(23.5,-7.291502622129,12.5));
#3397 = LINE('',#3398,#3399);
#3398 = CARTESIAN_POINT('',(23.5,-3.,12.5));
#3399 = VECTOR('',#3400,1.);
#3400 = DIRECTION('',(-0.,1.,0.));
#3401 = ORIENTED_EDGE('',*,*,#3402,.F.);
#3402 = EDGE_CURVE('',#3298,#3395,#3403,.T.);
#3403 = CIRCLE('',#3404,8.);
#3404 = AXIS2_PLACEMENT_3D('',#3405,#3406,#3407);
#3405 = CARTESIAN_POINT('',(17.5,-2.,12.5));
#3406 = DIRECTION('',(0.,0.,1.));
#3407 = DIRECTION('',(1.,0.,-0.));
#3408 = PLANE('',#3409);
#3409 = AXIS2_PLACEMENT_3D('',#3410,#3411,#3412);
#3410 = CARTESIAN_POINT('',(17.5,-2.,12.5));
#3411 = DIRECTION('',(0.,0.,1.));
#3412 = DIRECTION('',(1.,0.,-0.));
#3413 = ADVANCED_FACE('',(#3414),#3433,.T.);
#3414 = FACE_BOUND('',#3415,.T.);
#3415 = EDGE_LOOP('',(#3416,#3417,#3418,#3426));
#3416 = ORIENTED_EDGE('',*,*,#3297,.F.);
#3417 = ORIENTED_EDGE('',*,*,#3402,.T.);
#3418 = ORIENTED_EDGE('',*,*,#3419,.T.);
#3419 = EDGE_CURVE('',#3395,#3420,#3422,.T.);
#3420 = VERTEX_POINT('',#3421);
#3421 = CARTESIAN_POINT('',(23.5,-7.291502622129,14.45));
#3422 = LINE('',#3423,#3424);
#3423 = CARTESIAN_POINT('',(23.5,-7.291502622129,12.49));
#3424 = VECTOR('',#3425,1.);
#3425 = DIRECTION('',(0.,0.,1.));
#3426 = ORIENTED_EDGE('',*,*,#3427,.F.);
#3427 = EDGE_CURVE('',#3290,#3420,#3428,.T.);
#3428 = CIRCLE('',#3429,8.);
#3429 = AXIS2_PLACEMENT_3D('',#3430,#3431,#3432);
#3430 = CARTESIAN_POINT('',(17.5,-2.,14.45));
#3431 = DIRECTION('',(0.,0.,1.));
#3432 = DIRECTION('',(1.,0.,-0.));
#3433 = CYLINDRICAL_SURFACE('',#3434,8.);
#3434 = AXIS2_PLACEMENT_3D('',#3435,#3436,#3437);
#3435 = CARTESIAN_POINT('',(17.5,-2.,12.49));
#3436 = DIRECTION('',(0.,0.,1.));
#3437 = DIRECTION('',(1.,0.,-0.));
#3438 = ADVANCED_FACE('',(#3439,#3476,#3487,#3498,#3509),#3520,.T.);
#3439 = FACE_BOUND('',#3440,.T.);
#3440 = EDGE_LOOP('',(#3441,#3442,#3443,#3451,#3459,#3468,#3475));
#3441 = ORIENTED_EDGE('',*,*,#3289,.F.);
#3442 = ORIENTED_EDGE('',*,*,#3427,.T.);
#3443 = ORIENTED_EDGE('',*,*,#3444,.T.);
#3444 = EDGE_CURVE('',#3420,#3445,#3447,.T.);
#3445 = VERTEX_POINT('',#3446);
#3446 = CARTESIAN_POINT('',(23.5,-4.,14.45));
#3447 = LINE('',#3448,#3449);
#3448 = CARTESIAN_POINT('',(23.5,-3.,14.45));
#3449 = VECTOR('',#3450,1.);
#3450 = DIRECTION('',(-0.,1.,0.));
#3451 = ORIENTED_EDGE('',*,*,#3452,.T.);
#3452 = EDGE_CURVE('',#3445,#3453,#3455,.T.);
#3453 = VERTEX_POINT('',#3454);
#3454 = CARTESIAN_POINT('',(25.245966692415,-4.,14.45));
#3455 = LINE('',#3456,#3457);
#3456 = CARTESIAN_POINT('',(23.25,-4.,14.45));
#3457 = VECTOR('',#3458,1.);
#3458 = DIRECTION('',(1.,0.,-0.));
#3459 = ORIENTED_EDGE('',*,*,#3460,.T.);
#3460 = EDGE_CURVE('',#3453,#3461,#3463,.T.);
#3461 = VERTEX_POINT('',#3462);
#3462 = CARTESIAN_POINT('',(25.5,-2.,14.45));
#3463 = CIRCLE('',#3464,8.);
#3464 = AXIS2_PLACEMENT_3D('',#3465,#3466,#3467);
#3465 = CARTESIAN_POINT('',(17.5,-2.,14.45));
#3466 = DIRECTION('',(0.,0.,1.));
#3467 = DIRECTION('',(1.,0.,-0.));
#3468 = ORIENTED_EDGE('',*,*,#3469,.T.);
#3469 = EDGE_CURVE('',#3461,#3345,#3470,.T.);
#3470 = CIRCLE('',#3471,8.);
#3471 = AXIS2_PLACEMENT_3D('',#3472,#3473,#3474);
#3472 = CARTESIAN_POINT('',(17.5,-2.,14.45));
#3473 = DIRECTION('',(0.,0.,1.));
#3474 = DIRECTION('',(1.,0.,-0.));
#3475 = ORIENTED_EDGE('',*,*,#3352,.F.);
#3476 = FACE_BOUND('',#3477,.T.);
#3477 = EDGE_LOOP('',(#3478));
#3478 = ORIENTED_EDGE('',*,*,#3479,.F.);
#3479 = EDGE_CURVE('',#3480,#3480,#3482,.T.);
#3480 = VERTEX_POINT('',#3481);
#3481 = CARTESIAN_POINT('',(18.6,-8.,14.45));
#3482 = CIRCLE('',#3483,1.1);
#3483 = AXIS2_PLACEMENT_3D('',#3484,#3485,#3486);
#3484 = CARTESIAN_POINT('',(17.5,-8.,14.45));
#3485 = DIRECTION('',(0.,0.,1.));
#3486 = DIRECTION('',(1.,0.,-0.));
#3487 = FACE_BOUND('',#3488,.T.);
#3488 = EDGE_LOOP('',(#3489));
#3489 = ORIENTED_EDGE('',*,*,#3490,.F.);
#3490 = EDGE_CURVE('',#3491,#3491,#3493,.T.);
#3491 = VERTEX_POINT('',#3492);
#3492 = CARTESIAN_POINT('',(12.6,-2.,14.45));
#3493 = CIRCLE('',#3494,1.1);
#3494 = AXIS2_PLACEMENT_3D('',#3495,#3496,#3497);
#3495 = CARTESIAN_POINT('',(11.5,-2.,14.45));
#3496 = DIRECTION('',(0.,0.,1.));
#3497 = DIRECTION('',(1.,0.,-0.));
#3498 = FACE_BOUND('',#3499,.T.);
#3499 = EDGE_LOOP('',(#3500));
#3500 = ORIENTED_EDGE('',*,*,#3501,.F.);
#3501 = EDGE_CURVE('',#3502,#3502,#3504,.T.);
#3502 = VERTEX_POINT('',#3503);
#3503 = CARTESIAN_POINT('',(24.6,-2.,14.45));
#3504 = CIRCLE('',#3505,1.1);
#3505 = AXIS2_PLACEMENT_3D('',#3506,#3507,#3508);
#3506 = CARTESIAN_POINT('',(23.5,-2.,14.45));
#3507 = DIRECTION('',(0.,0.,1.));
#3508 = DIRECTION('',(1.,0.,-0.));
#3509 = FACE_BOUND('',#3510,.T.);
#3510 = EDGE_LOOP('',(#3511));
#3511 = ORIENTED_EDGE('',*,*,#3512,.F.);
#3512 = EDGE_CURVE('',#3513,#3513,#3515,.T.);
#3513 = VERTEX_POINT('',#3514);
#3514 = CARTESIAN_POINT('',(18.6,4.,14.45));
#3515 = CIRCLE('',#3516,1.1);
#3516 = AXIS2_PLACEMENT_3D('',#3517,#3518,#3519);
#3517 = CARTESIAN_POINT('',(17.5,4.,14.45));
#3518 = DIRECTION('',(0.,0.,1.));
#3519 = DIRECTION('',(1.,0.,-0.));
#3520 = PLANE('',#3521);
#3521 = AXIS2_PLACEMENT_3D('',#3522,#3523,#3524);
#3522 = CARTESIAN_POINT('',(17.5,-2.,14.45));
#3523 = DIRECTION('',(0.,0.,1.));
#3524 = DIRECTION('',(1.,0.,-0.));
#3525 = ADVANCED_FACE('',(#3526),#3571,.T.);
#3526 = FACE_BOUND('',#3527,.T.);
#3527 = EDGE_LOOP('',(#3528,#3538,#3547,#3554,#3555,#3564));
#3528 = ORIENTED_EDGE('',*,*,#3529,.T.);
#3529 = EDGE_CURVE('',#3530,#3532,#3534,.T.);
#3530 = VERTEX_POINT('',#3531);
#3531 = CARTESIAN_POINT('',(25.245966692415,-4.,12.5));
#3532 = VERTEX_POINT('',#3533);
#3533 = CARTESIAN_POINT('',(26.787087810503,-4.,12.5));
#3534 = LINE('',#3535,#3536);
#3535 = CARTESIAN_POINT('',(23.25,-4.,12.5));
#3536 = VECTOR('',#3537,1.);
#3537 = DIRECTION('',(1.,0.,-0.));
#3538 = ORIENTED_EDGE('',*,*,#3539,.T.);
#3539 = EDGE_CURVE('',#3532,#3540,#3542,.T.);
#3540 = VERTEX_POINT('',#3541);
#3541 = CARTESIAN_POINT('',(27.,-2.,12.5));
#3542 = CIRCLE('',#3543,9.5);
#3543 = AXIS2_PLACEMENT_3D('',#3544,#3545,#3546);
#3544 = CARTESIAN_POINT('',(17.5,-2.,12.5));
#3545 = DIRECTION('',(0.,0.,1.));
#3546 = DIRECTION('',(1.,0.,-0.));
#3547 = ORIENTED_EDGE('',*,*,#3548,.T.);
#3548 = EDGE_CURVE('',#3540,#3329,#3549,.T.);
#3549 = CIRCLE('',#3550,9.5);
#3550 = AXIS2_PLACEMENT_3D('',#3551,#3552,#3553);
#3551 = CARTESIAN_POINT('',(17.5,-2.,12.5));
#3552 = DIRECTION('',(0.,0.,1.));
#3553 = DIRECTION('',(1.,0.,-0.));
#3554 = ORIENTED_EDGE('',*,*,#3336,.F.);
#3555 = ORIENTED_EDGE('',*,*,#3556,.F.);
#3556 = EDGE_CURVE('',#3557,#3337,#3559,.T.);
#3557 = VERTEX_POINT('',#3558);
#3558 = CARTESIAN_POINT('',(25.5,-2.,12.5));
#3559 = CIRCLE('',#3560,8.);
#3560 = AXIS2_PLACEMENT_3D('',#3561,#3562,#3563);
#3561 = CARTESIAN_POINT('',(17.5,-2.,12.5));
#3562 = DIRECTION('',(0.,0.,1.));
#3563 = DIRECTION('',(1.,0.,-0.));
#3564 = ORIENTED_EDGE('',*,*,#3565,.F.);
#3565 = EDGE_CURVE('',#3530,#3557,#3566,.T.);
#3566 = CIRCLE('',#3567,8.);
#3567 = AXIS2_PLACEMENT_3D('',#3568,#3569,#3570);
#3568 = CARTESIAN_POINT('',(17.5,-2.,12.5));
#3569 = DIRECTION('',(0.,0.,1.));
#3570 = DIRECTION('',(1.,0.,-0.));
#3571 = PLANE('',#3572);
#3572 = AXIS2_PLACEMENT_3D('',#3573,#3574,#3575);
#3573 = CARTESIAN_POINT('',(17.5,-2.,12.5));
#3574 = DIRECTION('',(0.,0.,1.));
#3575 = DIRECTION('',(1.,0.,-0.));
#3576 = ADVANCED_FACE('',(#3577),#3590,.T.);
#3577 = FACE_BOUND('',#3578,.T.);
#3578 = EDGE_LOOP('',(#3579,#3580,#3586,#3587,#3588,#3589));
#3579 = ORIENTED_EDGE('',*,*,#2310,.F.);
#3580 = ORIENTED_EDGE('',*,*,#3581,.T.);
#3581 = EDGE_CURVE('',#2303,#3445,#3582,.T.);
#3582 = LINE('',#3583,#3584);
#3583 = CARTESIAN_POINT('',(23.5,-4.,12.));
#3584 = VECTOR('',#3585,1.);
#3585 = DIRECTION('',(0.,0.,1.));
#3586 = ORIENTED_EDGE('',*,*,#3444,.F.);
#3587 = ORIENTED_EDGE('',*,*,#3419,.F.);
#3588 = ORIENTED_EDGE('',*,*,#3394,.F.);
#3589 = ORIENTED_EDGE('',*,*,#3369,.F.);
#3590 = PLANE('',#3591);
#3591 = AXIS2_PLACEMENT_3D('',#3592,#3593,#3594);
#3592 = CARTESIAN_POINT('',(23.5,-4.,12.));
#3593 = DIRECTION('',(1.,0.,-0.));
#3594 = DIRECTION('',(0.,-1.,0.));
#3595 = ADVANCED_FACE('',(#3596),#3614,.T.);
#3596 = FACE_BOUND('',#3597,.T.);
#3597 = EDGE_LOOP('',(#3598,#3599,#3605,#3606,#3612,#3613));
#3598 = ORIENTED_EDGE('',*,*,#2302,.F.);
#3599 = ORIENTED_EDGE('',*,*,#3600,.T.);
#3600 = EDGE_CURVE('',#2294,#3532,#3601,.T.);
#3601 = LINE('',#3602,#3603);
#3602 = CARTESIAN_POINT('',(26.787087810503,-4.,11.99));
#3603 = VECTOR('',#3604,1.);
#3604 = DIRECTION('',(0.,0.,1.));
#3605 = ORIENTED_EDGE('',*,*,#3529,.F.);
#3606 = ORIENTED_EDGE('',*,*,#3607,.T.);
#3607 = EDGE_CURVE('',#3530,#3453,#3608,.T.);
#3608 = LINE('',#3609,#3610);
#3609 = CARTESIAN_POINT('',(25.245966692415,-4.,12.49));
#3610 = VECTOR('',#3611,1.);
#3611 = DIRECTION('',(0.,0.,1.));
#3612 = ORIENTED_EDGE('',*,*,#3452,.F.);
#3613 = ORIENTED_EDGE('',*,*,#3581,.F.);
#3614 = PLANE('',#3615);
#3615 = AXIS2_PLACEMENT_3D('',#3616,#3617,#3618);
#3616 = CARTESIAN_POINT('',(29.,-4.,12.));
#3617 = DIRECTION('',(0.,-1.,0.));
#3618 = DIRECTION('',(-1.,0.,0.));
#3619 = ADVANCED_FACE('',(#3620),#3631,.F.);
#3620 = FACE_BOUND('',#3621,.F.);
#3621 = EDGE_LOOP('',(#3622,#3628,#3629,#3630));
#3622 = ORIENTED_EDGE('',*,*,#3623,.T.);
#3623 = EDGE_CURVE('',#3264,#3480,#3624,.T.);
#3624 = LINE('',#3625,#3626);
#3625 = CARTESIAN_POINT('',(18.6,-8.,8.5));
#3626 = VECTOR('',#3627,1.);
#3627 = DIRECTION('',(0.,0.,1.));
#3628 = ORIENTED_EDGE('',*,*,#3479,.F.);
#3629 = ORIENTED_EDGE('',*,*,#3623,.F.);
#3630 = ORIENTED_EDGE('',*,*,#3263,.T.);
#3631 = CYLINDRICAL_SURFACE('',#3632,1.1);
#3632 = AXIS2_PLACEMENT_3D('',#3633,#3634,#3635);
#3633 = CARTESIAN_POINT('',(17.5,-8.,8.5));
#3634 = DIRECTION('',(0.,0.,1.));
#3635 = DIRECTION('',(1.,0.,-0.));
#3636 = ADVANCED_FACE('',(#3637),#3656,.F.);
#3637 = FACE_BOUND('',#3638,.F.);
#3638 = EDGE_LOOP('',(#3639,#3647,#3648,#3649));
#3639 = ORIENTED_EDGE('',*,*,#3640,.T.);
#3640 = EDGE_CURVE('',#3641,#3491,#3643,.T.);
#3641 = VERTEX_POINT('',#3642);
#3642 = CARTESIAN_POINT('',(12.6,-2.,11.5));
#3643 = LINE('',#3644,#3645);
#3644 = CARTESIAN_POINT('',(12.6,-2.,8.5));
#3645 = VECTOR('',#3646,1.);
#3646 = DIRECTION('',(0.,0.,1.));
#3647 = ORIENTED_EDGE('',*,*,#3490,.F.);
#3648 = ORIENTED_EDGE('',*,*,#3640,.F.);
#3649 = ORIENTED_EDGE('',*,*,#3650,.T.);
#3650 = EDGE_CURVE('',#3641,#3641,#3651,.T.);
#3651 = CIRCLE('',#3652,1.1);
#3652 = AXIS2_PLACEMENT_3D('',#3653,#3654,#3655);
#3653 = CARTESIAN_POINT('',(11.5,-2.,11.5));
#3654 = DIRECTION('',(0.,0.,1.));
#3655 = DIRECTION('',(1.,0.,-0.));
#3656 = CYLINDRICAL_SURFACE('',#3657,1.1);
#3657 = AXIS2_PLACEMENT_3D('',#3658,#3659,#3660);
#3658 = CARTESIAN_POINT('',(11.5,-2.,8.5));
#3659 = DIRECTION('',(0.,0.,1.));
#3660 = DIRECTION('',(1.,0.,-0.));
#3661 = ADVANCED_FACE('',(#3662),#3681,.F.);
#3662 = FACE_BOUND('',#3663,.F.);
#3663 = EDGE_LOOP('',(#3664,#3672,#3673,#3674));
#3664 = ORIENTED_EDGE('',*,*,#3665,.T.);
#3665 = EDGE_CURVE('',#3666,#3502,#3668,.T.);
#3666 = VERTEX_POINT('',#3667);
#3667 = CARTESIAN_POINT('',(24.6,-2.,11.5));
#3668 = LINE('',#3669,#3670);
#3669 = CARTESIAN_POINT('',(24.6,-2.,8.5));
#3670 = VECTOR('',#3671,1.);
#3671 = DIRECTION('',(0.,0.,1.));
#3672 = ORIENTED_EDGE('',*,*,#3501,.F.);
#3673 = ORIENTED_EDGE('',*,*,#3665,.F.);
#3674 = ORIENTED_EDGE('',*,*,#3675,.T.);
#3675 = EDGE_CURVE('',#3666,#3666,#3676,.T.);
#3676 = CIRCLE('',#3677,1.1);
#3677 = AXIS2_PLACEMENT_3D('',#3678,#3679,#3680);
#3678 = CARTESIAN_POINT('',(23.5,-2.,11.5));
#3679 = DIRECTION('',(0.,0.,1.));
#3680 = DIRECTION('',(1.,0.,-0.));
#3681 = CYLINDRICAL_SURFACE('',#3682,1.1);
#3682 = AXIS2_PLACEMENT_3D('',#3683,#3684,#3685);
#3683 = CARTESIAN_POINT('',(23.5,-2.,8.5));
#3684 = DIRECTION('',(0.,0.,1.));
#3685 = DIRECTION('',(1.,0.,-0.));
#3686 = ADVANCED_FACE('',(#3687),#3706,.F.);
#3687 = FACE_BOUND('',#3688,.F.);
#3688 = EDGE_LOOP('',(#3689,#3697,#3698,#3699));
#3689 = ORIENTED_EDGE('',*,*,#3690,.T.);
#3690 = EDGE_CURVE('',#3691,#3513,#3693,.T.);
#3691 = VERTEX_POINT('',#3692);
#3692 = CARTESIAN_POINT('',(18.6,4.,11.5));
#3693 = LINE('',#3694,#3695);
#3694 = CARTESIAN_POINT('',(18.6,4.,8.5));
#3695 = VECTOR('',#3696,1.);
#3696 = DIRECTION('',(0.,0.,1.));
#3697 = ORIENTED_EDGE('',*,*,#3512,.F.);
#3698 = ORIENTED_EDGE('',*,*,#3690,.F.);
#3699 = ORIENTED_EDGE('',*,*,#3700,.T.);
#3700 = EDGE_CURVE('',#3691,#3691,#3701,.T.);
#3701 = CIRCLE('',#3702,1.1);
#3702 = AXIS2_PLACEMENT_3D('',#3703,#3704,#3705);
#3703 = CARTESIAN_POINT('',(17.5,4.,11.5));
#3704 = DIRECTION('',(0.,0.,1.));
#3705 = DIRECTION('',(1.,0.,-0.));
#3706 = CYLINDRICAL_SURFACE('',#3707,1.1);
#3707 = AXIS2_PLACEMENT_3D('',#3708,#3709,#3710);
#3708 = CARTESIAN_POINT('',(17.5,4.,8.5));
#3709 = DIRECTION('',(0.,0.,1.));
#3710 = DIRECTION('',(1.,0.,-0.));
#3711 = ADVANCED_FACE('',(#3712,#3723),#3726,.F.);
#3712 = FACE_BOUND('',#3713,.F.);
#3713 = EDGE_LOOP('',(#3714));
#3714 = ORIENTED_EDGE('',*,*,#3715,.T.);
#3715 = EDGE_CURVE('',#3716,#3716,#3718,.T.);
#3716 = VERTEX_POINT('',#3717);
#3717 = CARTESIAN_POINT('',(13.7,-2.,11.5));
#3718 = CIRCLE('',#3719,2.2);
#3719 = AXIS2_PLACEMENT_3D('',#3720,#3721,#3722);
#3720 = CARTESIAN_POINT('',(11.5,-2.,11.5));
#3721 = DIRECTION('',(0.,0.,1.));
#3722 = DIRECTION('',(1.,0.,-0.));
#3723 = FACE_BOUND('',#3724,.F.);
#3724 = EDGE_LOOP('',(#3725));
#3725 = ORIENTED_EDGE('',*,*,#3650,.F.);
#3726 = PLANE('',#3727);
#3727 = AXIS2_PLACEMENT_3D('',#3728,#3729,#3730);
#3728 = CARTESIAN_POINT('',(11.5,-2.,11.5));
#3729 = DIRECTION('',(0.,0.,1.));
#3730 = DIRECTION('',(1.,0.,-0.));
#3731 = ADVANCED_FACE('',(#3732,#3743),#3746,.F.);
#3732 = FACE_BOUND('',#3733,.F.);
#3733 = EDGE_LOOP('',(#3734));
#3734 = ORIENTED_EDGE('',*,*,#3735,.T.);
#3735 = EDGE_CURVE('',#3736,#3736,#3738,.T.);
#3736 = VERTEX_POINT('',#3737);
#3737 = CARTESIAN_POINT('',(25.7,-2.,11.5));
#3738 = CIRCLE('',#3739,2.2);
#3739 = AXIS2_PLACEMENT_3D('',#3740,#3741,#3742);
#3740 = CARTESIAN_POINT('',(23.5,-2.,11.5));
#3741 = DIRECTION('',(0.,0.,1.));
#3742 = DIRECTION('',(1.,0.,-0.));
#3743 = FACE_BOUND('',#3744,.F.);
#3744 = EDGE_LOOP('',(#3745));
#3745 = ORIENTED_EDGE('',*,*,#3675,.F.);
#3746 = PLANE('',#3747);
#3747 = AXIS2_PLACEMENT_3D('',#3748,#3749,#3750);
#3748 = CARTESIAN_POINT('',(23.5,-2.,11.5));
#3749 = DIRECTION('',(0.,0.,1.));
#3750 = DIRECTION('',(1.,0.,-0.));
#3751 = ADVANCED_FACE('',(#3752,#3763),#3766,.F.);
#3752 = FACE_BOUND('',#3753,.F.);
#3753 = EDGE_LOOP('',(#3754));
#3754 = ORIENTED_EDGE('',*,*,#3755,.T.);
#3755 = EDGE_CURVE('',#3756,#3756,#3758,.T.);
#3756 = VERTEX_POINT('',#3757);
#3757 = CARTESIAN_POINT('',(19.7,4.,11.5));
#3758 = CIRCLE('',#3759,2.2);
#3759 = AXIS2_PLACEMENT_3D('',#3760,#3761,#3762);
#3760 = CARTESIAN_POINT('',(17.5,4.,11.5));
#3761 = DIRECTION('',(0.,0.,1.));
#3762 = DIRECTION('',(1.,0.,-0.));
#3763 = FACE_BOUND('',#3764,.F.);
#3764 = EDGE_LOOP('',(#3765));
#3765 = ORIENTED_EDGE('',*,*,#3700,.F.);
#3766 = PLANE('',#3767);
#3767 = AXIS2_PLACEMENT_3D('',#3768,#3769,#3770);
#3768 = CARTESIAN_POINT('',(17.5,4.,11.5));
#3769 = DIRECTION('',(0.,0.,1.));
#3770 = DIRECTION('',(1.,0.,-0.));
#3771 = ADVANCED_FACE('',(#3772),#3791,.F.);
#3772 = FACE_BOUND('',#3773,.F.);
#3773 = EDGE_LOOP('',(#3774,#3782,#3783,#3784));
#3774 = ORIENTED_EDGE('',*,*,#3775,.T.);
#3775 = EDGE_CURVE('',#3776,#3716,#3778,.T.);
#3776 = VERTEX_POINT('',#3777);
#3777 = CARTESIAN_POINT('',(13.7,-2.,9.5));
#3778 = LINE('',#3779,#3780);
#3779 = CARTESIAN_POINT('',(13.7,-2.,8.5));
#3780 = VECTOR('',#3781,1.);
#3781 = DIRECTION('',(0.,0.,1.));
#3782 = ORIENTED_EDGE('',*,*,#3715,.F.);
#3783 = ORIENTED_EDGE('',*,*,#3775,.F.);
#3784 = ORIENTED_EDGE('',*,*,#3785,.T.);
#3785 = EDGE_CURVE('',#3776,#3776,#3786,.T.);
#3786 = CIRCLE('',#3787,2.2);
#3787 = AXIS2_PLACEMENT_3D('',#3788,#3789,#3790);
#3788 = CARTESIAN_POINT('',(11.5,-2.,9.5));
#3789 = DIRECTION('',(0.,0.,1.));
#3790 = DIRECTION('',(1.,0.,-0.));
#3791 = CYLINDRICAL_SURFACE('',#3792,2.2);
#3792 = AXIS2_PLACEMENT_3D('',#3793,#3794,#3795);
#3793 = CARTESIAN_POINT('',(11.5,-2.,8.5));
#3794 = DIRECTION('',(0.,0.,1.));
#3795 = DIRECTION('',(1.,0.,-0.));
#3796 = ADVANCED_FACE('',(#3797),#3816,.F.);
#3797 = FACE_BOUND('',#3798,.F.);
#3798 = EDGE_LOOP('',(#3799,#3807,#3808,#3809));
#3799 = ORIENTED_EDGE('',*,*,#3800,.T.);
#3800 = EDGE_CURVE('',#3801,#3736,#3803,.T.);
#3801 = VERTEX_POINT('',#3802);
#3802 = CARTESIAN_POINT('',(25.7,-2.,9.5));
#3803 = LINE('',#3804,#3805);
#3804 = CARTESIAN_POINT('',(25.7,-2.,8.5));
#3805 = VECTOR('',#3806,1.);
#3806 = DIRECTION('',(0.,0.,1.));
#3807 = ORIENTED_EDGE('',*,*,#3735,.F.);
#3808 = ORIENTED_EDGE('',*,*,#3800,.F.);
#3809 = ORIENTED_EDGE('',*,*,#3810,.T.);
#3810 = EDGE_CURVE('',#3801,#3801,#3811,.T.);
#3811 = CIRCLE('',#3812,2.2);
#3812 = AXIS2_PLACEMENT_3D('',#3813,#3814,#3815);
#3813 = CARTESIAN_POINT('',(23.5,-2.,9.5));
#3814 = DIRECTION('',(0.,0.,1.));
#3815 = DIRECTION('',(1.,0.,-0.));
#3816 = CYLINDRICAL_SURFACE('',#3817,2.2);
#3817 = AXIS2_PLACEMENT_3D('',#3818,#3819,#3820);
#3818 = CARTESIAN_POINT('',(23.5,-2.,8.5));
#3819 = DIRECTION('',(0.,0.,1.));
#3820 = DIRECTION('',(1.,0.,-0.));
#3821 = ADVANCED_FACE('',(#3822),#3841,.F.);
#3822 = FACE_BOUND('',#3823,.F.);
#3823 = EDGE_LOOP('',(#3824,#3832,#3833,#3834));
#3824 = ORIENTED_EDGE('',*,*,#3825,.T.);
#3825 = EDGE_CURVE('',#3826,#3756,#3828,.T.);
#3826 = VERTEX_POINT('',#3827);
#3827 = CARTESIAN_POINT('',(19.7,4.,9.5));
#3828 = LINE('',#3829,#3830);
#3829 = CARTESIAN_POINT('',(19.7,4.,8.5));
#3830 = VECTOR('',#3831,1.);
#3831 = DIRECTION('',(0.,0.,1.));
#3832 = ORIENTED_EDGE('',*,*,#3755,.F.);
#3833 = ORIENTED_EDGE('',*,*,#3825,.F.);
#3834 = ORIENTED_EDGE('',*,*,#3835,.T.);
#3835 = EDGE_CURVE('',#3826,#3826,#3836,.T.);
#3836 = CIRCLE('',#3837,2.2);
#3837 = AXIS2_PLACEMENT_3D('',#3838,#3839,#3840);
#3838 = CARTESIAN_POINT('',(17.5,4.,9.5));
#3839 = DIRECTION('',(0.,0.,1.));
#3840 = DIRECTION('',(1.,0.,-0.));
#3841 = CYLINDRICAL_SURFACE('',#3842,2.2);
#3842 = AXIS2_PLACEMENT_3D('',#3843,#3844,#3845);
#3843 = CARTESIAN_POINT('',(17.5,4.,8.5));
#3844 = DIRECTION('',(0.,0.,1.));
#3845 = DIRECTION('',(1.,0.,-0.));
#3846 = ADVANCED_FACE('',(#3847,#3901,#3910),#3919,.T.);
#3847 = FACE_BOUND('',#3848,.T.);
#3848 = EDGE_LOOP('',(#3849,#3850,#3858,#3866,#3875,#3882,#3883,#3884,
    #3885,#3894));
#3849 = ORIENTED_EDGE('',*,*,#104,.F.);
#3850 = ORIENTED_EDGE('',*,*,#3851,.T.);
#3851 = EDGE_CURVE('',#97,#3852,#3854,.T.);
#3852 = VERTEX_POINT('',#3853);
#3853 = CARTESIAN_POINT('',(29.,-13.3,9.5));
#3854 = LINE('',#3855,#3856);
#3855 = CARTESIAN_POINT('',(6.,-13.3,9.5));
#3856 = VECTOR('',#3857,1.);
#3857 = DIRECTION('',(1.,0.,-0.));
#3858 = ORIENTED_EDGE('',*,*,#3859,.T.);
#3859 = EDGE_CURVE('',#3852,#3860,#3862,.T.);
#3860 = VERTEX_POINT('',#3861);
#3861 = CARTESIAN_POINT('',(29.,-13.3,13.));
#3862 = LINE('',#3863,#3864);
#3863 = CARTESIAN_POINT('',(29.,-13.3,9.5));
#3864 = VECTOR('',#3865,1.);
#3865 = DIRECTION('',(0.,0.,1.));
#3866 = ORIENTED_EDGE('',*,*,#3867,.F.);
#3867 = EDGE_CURVE('',#3868,#3860,#3870,.T.);
#3868 = VERTEX_POINT('',#3869);
#3869 = CARTESIAN_POINT('',(26.5,-13.3,15.5));
#3870 = CIRCLE('',#3871,2.5);
#3871 = AXIS2_PLACEMENT_3D('',#3872,#3873,#3874);
#3872 = CARTESIAN_POINT('',(26.5,-13.3,13.));
#3873 = DIRECTION('',(0.,1.,0.));
#3874 = DIRECTION('',(0.,-0.,1.));
#3875 = ORIENTED_EDGE('',*,*,#3876,.F.);
#3876 = EDGE_CURVE('',#3061,#3868,#3877,.T.);
#3877 = CIRCLE('',#3878,2.5);
#3878 = AXIS2_PLACEMENT_3D('',#3879,#3880,#3881);
#3879 = CARTESIAN_POINT('',(26.5,-13.3,13.));
#3880 = DIRECTION('',(0.,1.,0.));
#3881 = DIRECTION('',(0.,-0.,1.));
#3882 = ORIENTED_EDGE('',*,*,#3060,.F.);
#3883 = ORIENTED_EDGE('',*,*,#2121,.F.);
#3884 = ORIENTED_EDGE('',*,*,#2697,.T.);
#3885 = ORIENTED_EDGE('',*,*,#3886,.F.);
#3886 = EDGE_CURVE('',#3887,#2698,#3889,.T.);
#3887 = VERTEX_POINT('',#3888);
#3888 = CARTESIAN_POINT('',(8.5,-13.3,15.5));
#3889 = CIRCLE('',#3890,2.5);
#3890 = AXIS2_PLACEMENT_3D('',#3891,#3892,#3893);
#3891 = CARTESIAN_POINT('',(8.5,-13.3,13.));
#3892 = DIRECTION('',(0.,1.,0.));
#3893 = DIRECTION('',(0.,-0.,1.));
#3894 = ORIENTED_EDGE('',*,*,#3895,.F.);
#3895 = EDGE_CURVE('',#105,#3887,#3896,.T.);
#3896 = CIRCLE('',#3897,2.5);
#3897 = AXIS2_PLACEMENT_3D('',#3898,#3899,#3900);
#3898 = CARTESIAN_POINT('',(8.5,-13.3,13.));
#3899 = DIRECTION('',(0.,1.,0.));
#3900 = DIRECTION('',(0.,-0.,1.));
#3901 = FACE_BOUND('',#3902,.T.);
#3902 = EDGE_LOOP('',(#3903,#3904,#3905,#3906,#3907,#3908,#3909));
#3903 = ORIENTED_EDGE('',*,*,#2461,.T.);
#3904 = ORIENTED_EDGE('',*,*,#2470,.T.);
#3905 = ORIENTED_EDGE('',*,*,#2479,.T.);
#3906 = ORIENTED_EDGE('',*,*,#2488,.T.);
#3907 = ORIENTED_EDGE('',*,*,#2497,.T.);
#3908 = ORIENTED_EDGE('',*,*,#2506,.T.);
#3909 = ORIENTED_EDGE('',*,*,#2452,.T.);
#3910 = FACE_BOUND('',#3911,.T.);
#3911 = EDGE_LOOP('',(#3912,#3913,#3914,#3915,#3916,#3917,#3918));
#3912 = ORIENTED_EDGE('',*,*,#2848,.T.);
#3913 = ORIENTED_EDGE('',*,*,#2857,.T.);
#3914 = ORIENTED_EDGE('',*,*,#2866,.T.);
#3915 = ORIENTED_EDGE('',*,*,#2875,.T.);
#3916 = ORIENTED_EDGE('',*,*,#2884,.T.);
#3917 = ORIENTED_EDGE('',*,*,#2893,.T.);
#3918 = ORIENTED_EDGE('',*,*,#2839,.T.);
#3919 = PLANE('',#3920);
#3920 = AXIS2_PLACEMENT_3D('',#3921,#3922,#3923);
#3921 = CARTESIAN_POINT('',(17.5,-13.3,11.635337448214));
#3922 = DIRECTION('',(-0.,-1.,-0.));
#3923 = DIRECTION('',(0.,0.,-1.));
#3924 = ADVANCED_FACE('',(#3925),#3946,.T.);
#3925 = FACE_BOUND('',#3926,.T.);
#3926 = EDGE_LOOP('',(#3927,#3928,#3929,#3938,#3945));
#3927 = ORIENTED_EDGE('',*,*,#2017,.T.);
#3928 = ORIENTED_EDGE('',*,*,#1989,.T.);
#3929 = ORIENTED_EDGE('',*,*,#3930,.F.);
#3930 = EDGE_CURVE('',#3931,#1990,#3933,.T.);
#3931 = VERTEX_POINT('',#3932);
#3932 = CARTESIAN_POINT('',(8.03,-8.05,15.455422570557));
#3933 = ELLIPSE('',#3934,4.572148402625,2.5);
#3934 = AXIS2_PLACEMENT_3D('',#3935,#3936,#3937);
#3935 = CARTESIAN_POINT('',(8.5,-8.7696875,13.));
#3936 = DIRECTION('',(-0.837270504562,-0.546788900939,0.));
#3937 = DIRECTION('',(-0.546788900939,0.837270504562,0.));
#3938 = ORIENTED_EDGE('',*,*,#3939,.F.);
#3939 = EDGE_CURVE('',#2352,#3931,#3940,.T.);
#3940 = ELLIPSE('',#3941,4.572148402625,2.5);
#3941 = AXIS2_PLACEMENT_3D('',#3942,#3943,#3944);
#3942 = CARTESIAN_POINT('',(8.5,-8.7696875,13.));
#3943 = DIRECTION('',(-0.837270504562,-0.546788900939,0.));
#3944 = DIRECTION('',(-0.546788900939,0.837270504562,0.));
#3945 = ORIENTED_EDGE('',*,*,#2360,.F.);
#3946 = PLANE('',#3947);
#3947 = AXIS2_PLACEMENT_3D('',#3948,#3949,#3950);
#3948 = CARTESIAN_POINT('',(8.034188372925,-8.056413446042,
    13.720448055853));
#3949 = DIRECTION('',(0.837270504562,0.546788900939,0.));
#3950 = DIRECTION('',(-0.546788900939,0.837270504562,0.));
#3951 = ADVANCED_FACE('',(#3952,#3967,#3970,#3973,#3976),#3983,.T.);
#3952 = FACE_BOUND('',#3953,.T.);
#3953 = EDGE_LOOP('',(#3954,#3955,#3956,#3957,#3958,#3959,#3960,#3966));
#3954 = ORIENTED_EDGE('',*,*,#96,.T.);
#3955 = ORIENTED_EDGE('',*,*,#1177,.T.);
#3956 = ORIENTED_EDGE('',*,*,#1391,.T.);
#3957 = ORIENTED_EDGE('',*,*,#1615,.F.);
#3958 = ORIENTED_EDGE('',*,*,#1753,.F.);
#3959 = ORIENTED_EDGE('',*,*,#1576,.T.);
#3960 = ORIENTED_EDGE('',*,*,#3961,.F.);
#3961 = EDGE_CURVE('',#3852,#1577,#3962,.T.);
#3962 = LINE('',#3963,#3964);
#3963 = CARTESIAN_POINT('',(29.,-13.3,9.5));
#3964 = VECTOR('',#3965,1.);
#3965 = DIRECTION('',(-0.,1.,0.));
#3966 = ORIENTED_EDGE('',*,*,#3851,.F.);
#3967 = FACE_BOUND('',#3968,.T.);
#3968 = EDGE_LOOP('',(#3969));
#3969 = ORIENTED_EDGE('',*,*,#3785,.T.);
#3970 = FACE_BOUND('',#3971,.T.);
#3971 = EDGE_LOOP('',(#3972));
#3972 = ORIENTED_EDGE('',*,*,#3810,.T.);
#3973 = FACE_BOUND('',#3974,.T.);
#3974 = EDGE_LOOP('',(#3975));
#3975 = ORIENTED_EDGE('',*,*,#3835,.T.);
#3976 = FACE_BOUND('',#3977,.T.);
#3977 = EDGE_LOOP('',(#3978,#3979,#3980,#3981,#3982));
#3978 = ORIENTED_EDGE('',*,*,#3236,.T.);
#3979 = ORIENTED_EDGE('',*,*,#3245,.T.);
#3980 = ORIENTED_EDGE('',*,*,#3209,.T.);
#3981 = ORIENTED_EDGE('',*,*,#3218,.T.);
#3982 = ORIENTED_EDGE('',*,*,#3227,.T.);
#3983 = PLANE('',#3984);
#3984 = AXIS2_PLACEMENT_3D('',#3985,#3986,#3987);
#3985 = CARTESIAN_POINT('',(17.5,-2.884375,9.5));
#3986 = DIRECTION('',(-0.,-0.,-1.));
#3987 = DIRECTION('',(-1.,0.,0.));
#3988 = ADVANCED_FACE('',(#3989),#4010,.T.);
#3989 = FACE_BOUND('',#3990,.T.);
#3990 = EDGE_LOOP('',(#3991,#3992,#3993,#3999,#4000,#4001,#4002,#4003,
    #4009));
#3991 = ORIENTED_EDGE('',*,*,#2257,.F.);
#3992 = ORIENTED_EDGE('',*,*,#3127,.T.);
#3993 = ORIENTED_EDGE('',*,*,#3994,.F.);
#3994 = EDGE_CURVE('',#3860,#3119,#3995,.T.);
#3995 = LINE('',#3996,#3997);
#3996 = CARTESIAN_POINT('',(29.,-13.3,13.));
#3997 = VECTOR('',#3998,1.);
#3998 = DIRECTION('',(-0.,1.,0.));
#3999 = ORIENTED_EDGE('',*,*,#3859,.F.);
#4000 = ORIENTED_EDGE('',*,*,#3961,.T.);
#4001 = ORIENTED_EDGE('',*,*,#1584,.F.);
#4002 = ORIENTED_EDGE('',*,*,#456,.T.);
#4003 = ORIENTED_EDGE('',*,*,#4004,.T.);
#4004 = EDGE_CURVE('',#449,#22,#4005,.T.);
#4005 = LINE('',#4006,#4007);
#4006 = CARTESIAN_POINT('',(29.,12.5,3.75));
#4007 = VECTOR('',#4008,1.);
#4008 = DIRECTION('',(-6.661338147751E-16,4.440892098501E-16,1.));
#4009 = ORIENTED_EDGE('',*,*,#21,.T.);
#4010 = PLANE('',#4011);
#4011 = AXIS2_PLACEMENT_3D('',#4012,#4013,#4014);
#4012 = CARTESIAN_POINT('',(29.,0.235654336507,9.181771635127));
#4013 = DIRECTION('',(1.,0.,1.179634989286E-15));
#4014 = DIRECTION('',(-1.179634989286E-15,0.,1.));
#4015 = ADVANCED_FACE('',(#4016,#4053,#4056,#4063),#4070,.T.);
#4016 = FACE_BOUND('',#4017,.T.);
#4017 = EDGE_LOOP('',(#4018,#4019,#4020,#4021,#4022,#4023,#4024,#4025,
    #4026,#4027,#4028,#4029,#4030,#4031,#4032,#4033,#4034,#4035,#4036,
    #4037,#4038,#4039,#4040,#4041,#4042,#4043,#4044,#4045,#4046,#4047,
    #4048,#4049,#4050,#4051,#4052));
#4018 = ORIENTED_EDGE('',*,*,#4004,.F.);
#4019 = ORIENTED_EDGE('',*,*,#448,.F.);
#4020 = ORIENTED_EDGE('',*,*,#486,.F.);
#4021 = ORIENTED_EDGE('',*,*,#517,.F.);
#4022 = ORIENTED_EDGE('',*,*,#550,.F.);
#4023 = ORIENTED_EDGE('',*,*,#587,.F.);
#4024 = ORIENTED_EDGE('',*,*,#618,.F.);
#4025 = ORIENTED_EDGE('',*,*,#649,.F.);
#4026 = ORIENTED_EDGE('',*,*,#682,.F.);
#4027 = ORIENTED_EDGE('',*,*,#727,.F.);
#4028 = ORIENTED_EDGE('',*,*,#758,.F.);
#4029 = ORIENTED_EDGE('',*,*,#789,.F.);
#4030 = ORIENTED_EDGE('',*,*,#820,.F.);
#4031 = ORIENTED_EDGE('',*,*,#851,.F.);
#4032 = ORIENTED_EDGE('',*,*,#882,.F.);
#4033 = ORIENTED_EDGE('',*,*,#913,.F.);
#4034 = ORIENTED_EDGE('',*,*,#944,.F.);
#4035 = ORIENTED_EDGE('',*,*,#975,.F.);
#4036 = ORIENTED_EDGE('',*,*,#1006,.F.);
#4037 = ORIENTED_EDGE('',*,*,#1037,.F.);
#4038 = ORIENTED_EDGE('',*,*,#1068,.F.);
#4039 = ORIENTED_EDGE('',*,*,#1099,.F.);
#4040 = ORIENTED_EDGE('',*,*,#1130,.F.);
#4041 = ORIENTED_EDGE('',*,*,#1161,.F.);
#4042 = ORIENTED_EDGE('',*,*,#1486,.F.);
#4043 = ORIENTED_EDGE('',*,*,#1448,.F.);
#4044 = ORIENTED_EDGE('',*,*,#1510,.F.);
#4045 = ORIENTED_EDGE('',*,*,#1534,.F.);
#4046 = ORIENTED_EDGE('',*,*,#1551,.F.);
#4047 = ORIENTED_EDGE('',*,*,#1313,.F.);
#4048 = ORIENTED_EDGE('',*,*,#1289,.F.);
#4049 = ORIENTED_EDGE('',*,*,#1265,.F.);
#4050 = ORIENTED_EDGE('',*,*,#1241,.F.);
#4051 = ORIENTED_EDGE('',*,*,#72,.T.);
#4052 = ORIENTED_EDGE('',*,*,#32,.T.);
#4053 = FACE_BOUND('',#4054,.T.);
#4054 = EDGE_LOOP('',(#4055));
#4055 = ORIENTED_EDGE('',*,*,#1847,.F.);
#4056 = FACE_BOUND('',#4057,.T.);
#4057 = EDGE_LOOP('',(#4058,#4059,#4060,#4061,#4062));
#4058 = ORIENTED_EDGE('',*,*,#161,.F.);
#4059 = ORIENTED_EDGE('',*,*,#170,.F.);
#4060 = ORIENTED_EDGE('',*,*,#179,.F.);
#4061 = ORIENTED_EDGE('',*,*,#188,.F.);
#4062 = ORIENTED_EDGE('',*,*,#134,.F.);
#4063 = FACE_BOUND('',#4064,.T.);
#4064 = EDGE_LOOP('',(#4065,#4066,#4067,#4068,#4069));
#4065 = ORIENTED_EDGE('',*,*,#309,.F.);
#4066 = ORIENTED_EDGE('',*,*,#318,.F.);
#4067 = ORIENTED_EDGE('',*,*,#327,.F.);
#4068 = ORIENTED_EDGE('',*,*,#336,.F.);
#4069 = ORIENTED_EDGE('',*,*,#282,.F.);
#4070 = PLANE('',#4071);
#4071 = AXIS2_PLACEMENT_3D('',#4072,#4073,#4074);
#4072 = CARTESIAN_POINT('',(17.5,12.5,4.053982895285));
#4073 = DIRECTION('',(3.409558645511E-16,1.,-6.927161886271E-16));
#4074 = DIRECTION('',(0.,6.927161886271E-16,1.));
#4075 = ADVANCED_FACE('',(#4076),#4097,.T.);
#4076 = FACE_BOUND('',#4077,.T.);
#4077 = EDGE_LOOP('',(#4078,#4079,#4080,#4089,#4096));
#4078 = ORIENTED_EDGE('',*,*,#2225,.F.);
#4079 = ORIENTED_EDGE('',*,*,#2748,.T.);
#4080 = ORIENTED_EDGE('',*,*,#4081,.T.);
#4081 = EDGE_CURVE('',#2740,#4082,#4084,.T.);
#4082 = VERTEX_POINT('',#4083);
#4083 = CARTESIAN_POINT('',(26.97,-8.05,15.455422570557));
#4084 = ELLIPSE('',#4085,4.572148402625,2.5);
#4085 = AXIS2_PLACEMENT_3D('',#4086,#4087,#4088);
#4086 = CARTESIAN_POINT('',(26.5,-8.7696875,13.));
#4087 = DIRECTION('',(-0.837270504562,0.546788900939,0.));
#4088 = DIRECTION('',(0.546788900939,0.837270504562,0.));
#4089 = ORIENTED_EDGE('',*,*,#4090,.T.);
#4090 = EDGE_CURVE('',#4082,#3168,#4091,.T.);
#4091 = ELLIPSE('',#4092,4.572148402625,2.5);
#4092 = AXIS2_PLACEMENT_3D('',#4093,#4094,#4095);
#4093 = CARTESIAN_POINT('',(26.5,-8.7696875,13.));
#4094 = DIRECTION('',(-0.837270504562,0.546788900939,0.));
#4095 = DIRECTION('',(0.546788900939,0.837270504562,0.));
#4096 = ORIENTED_EDGE('',*,*,#3167,.F.);
#4097 = PLANE('',#4098);
#4098 = AXIS2_PLACEMENT_3D('',#4099,#4100,#4101);
#4099 = CARTESIAN_POINT('',(26.965811627075,-8.056413446042,
    13.720448055853));
#4100 = DIRECTION('',(-0.837270504562,0.546788900939,-0.));
#4101 = DIRECTION('',(-0.546788900939,-0.837270504562,0.));
#4102 = ADVANCED_FACE('',(#4103),#4124,.T.);
#4103 = FACE_BOUND('',#4104,.T.);
#4104 = EDGE_LOOP('',(#4105,#4106,#4107,#4108,#4109,#4110,#4111,#4112,
    #4113,#4114,#4115,#4116,#4117,#4118,#4119,#4120,#4121,#4122,#4123));
#4105 = ORIENTED_EDGE('',*,*,#3886,.T.);
#4106 = ORIENTED_EDGE('',*,*,#2707,.T.);
#4107 = ORIENTED_EDGE('',*,*,#2681,.T.);
#4108 = ORIENTED_EDGE('',*,*,#2656,.T.);
#4109 = ORIENTED_EDGE('',*,*,#2631,.T.);
#4110 = ORIENTED_EDGE('',*,*,#2606,.T.);
#4111 = ORIENTED_EDGE('',*,*,#2581,.T.);
#4112 = ORIENTED_EDGE('',*,*,#2556,.T.);
#4113 = ORIENTED_EDGE('',*,*,#2530,.T.);
#4114 = ORIENTED_EDGE('',*,*,#2391,.T.);
#4115 = ORIENTED_EDGE('',*,*,#2342,.T.);
#4116 = ORIENTED_EDGE('',*,*,#2351,.T.);
#4117 = ORIENTED_EDGE('',*,*,#3939,.T.);
#4118 = ORIENTED_EDGE('',*,*,#3930,.T.);
#4119 = ORIENTED_EDGE('',*,*,#1997,.T.);
#4120 = ORIENTED_EDGE('',*,*,#1965,.T.);
#4121 = ORIENTED_EDGE('',*,*,#1933,.T.);
#4122 = ORIENTED_EDGE('',*,*,#112,.F.);
#4123 = ORIENTED_EDGE('',*,*,#3895,.T.);
#4124 = CYLINDRICAL_SURFACE('',#4125,2.5);
#4125 = AXIS2_PLACEMENT_3D('',#4126,#4127,#4128);
#4126 = CARTESIAN_POINT('',(8.5,-13.3,13.));
#4127 = DIRECTION('',(0.,1.,0.));
#4128 = DIRECTION('',(0.,-0.,1.));
#4129 = ADVANCED_FACE('',(#4130),#4138,.T.);
#4130 = FACE_BOUND('',#4131,.T.);
#4131 = EDGE_LOOP('',(#4132,#4133,#4134,#4135,#4136,#4137));
#4132 = ORIENTED_EDGE('',*,*,#2293,.T.);
#4133 = ORIENTED_EDGE('',*,*,#2284,.T.);
#4134 = ORIENTED_EDGE('',*,*,#3328,.T.);
#4135 = ORIENTED_EDGE('',*,*,#3548,.F.);
#4136 = ORIENTED_EDGE('',*,*,#3539,.F.);
#4137 = ORIENTED_EDGE('',*,*,#3600,.F.);
#4138 = CYLINDRICAL_SURFACE('',#4139,9.5);
#4139 = AXIS2_PLACEMENT_3D('',#4140,#4141,#4142);
#4140 = CARTESIAN_POINT('',(17.5,-2.,11.99));
#4141 = DIRECTION('',(0.,0.,1.));
#4142 = DIRECTION('',(1.,0.,-0.));
#4143 = ADVANCED_FACE('',(#4144),#4152,.T.);
#4144 = FACE_BOUND('',#4145,.T.);
#4145 = EDGE_LOOP('',(#4146,#4147,#4148,#4149,#4150,#4151));
#4146 = ORIENTED_EDGE('',*,*,#3607,.F.);
#4147 = ORIENTED_EDGE('',*,*,#3565,.T.);
#4148 = ORIENTED_EDGE('',*,*,#3556,.T.);
#4149 = ORIENTED_EDGE('',*,*,#3344,.T.);
#4150 = ORIENTED_EDGE('',*,*,#3469,.F.);
#4151 = ORIENTED_EDGE('',*,*,#3460,.F.);
#4152 = CYLINDRICAL_SURFACE('',#4153,8.);
#4153 = AXIS2_PLACEMENT_3D('',#4154,#4155,#4156);
#4154 = CARTESIAN_POINT('',(17.5,-2.,12.49));
#4155 = DIRECTION('',(0.,0.,1.));
#4156 = DIRECTION('',(1.,0.,-0.));
#4157 = ADVANCED_FACE('',(#4158),#4179,.T.);
#4158 = FACE_BOUND('',#4159,.T.);
#4159 = EDGE_LOOP('',(#4160,#4161,#4162,#4163,#4164,#4165,#4166,#4167,
    #4168,#4169,#4170,#4171,#4172,#4173,#4174,#4175,#4176,#4177,#4178));
#4160 = ORIENTED_EDGE('',*,*,#3867,.T.);
#4161 = ORIENTED_EDGE('',*,*,#3994,.T.);
#4162 = ORIENTED_EDGE('',*,*,#3118,.F.);
#4163 = ORIENTED_EDGE('',*,*,#3150,.F.);
#4164 = ORIENTED_EDGE('',*,*,#3175,.F.);
#4165 = ORIENTED_EDGE('',*,*,#4090,.F.);
#4166 = ORIENTED_EDGE('',*,*,#4081,.F.);
#4167 = ORIENTED_EDGE('',*,*,#2739,.F.);
#4168 = ORIENTED_EDGE('',*,*,#2730,.F.);
#4169 = ORIENTED_EDGE('',*,*,#2779,.F.);
#4170 = ORIENTED_EDGE('',*,*,#2918,.F.);
#4171 = ORIENTED_EDGE('',*,*,#2944,.F.);
#4172 = ORIENTED_EDGE('',*,*,#2969,.F.);
#4173 = ORIENTED_EDGE('',*,*,#2994,.F.);
#4174 = ORIENTED_EDGE('',*,*,#3019,.F.);
#4175 = ORIENTED_EDGE('',*,*,#3044,.F.);
#4176 = ORIENTED_EDGE('',*,*,#3093,.F.);
#4177 = ORIENTED_EDGE('',*,*,#3077,.F.);
#4178 = ORIENTED_EDGE('',*,*,#3876,.T.);
#4179 = CYLINDRICAL_SURFACE('',#4180,2.5);
#4180 = AXIS2_PLACEMENT_3D('',#4181,#4182,#4183);
#4181 = CARTESIAN_POINT('',(26.5,-13.3,13.));
#4182 = DIRECTION('',(0.,1.,0.));
#4183 = DIRECTION('',(0.,-0.,1.));
#4184 = ( GEOMETRIC_REPRESENTATION_CONTEXT(3) 
GLOBAL_UNCERTAINTY_ASSIGNED_CONTEXT((#4188)) 
GLOBAL_UNIT_ASSIGNED_CONTEXT((#4185,#4186,#4187)) REPRESENTATION_CONTEXT
('Context #1','3D Context with UNIT and UNCERTAINTY') );
#4185 = ( LENGTH_UNIT() NAMED_UNIT(*) SI_UNIT(.MILLI.,.METRE.) );
#4186 = ( NAMED_UNIT(*) PLANE_ANGLE_UNIT() SI_UNIT($,.RADIAN.) );
#4187 = ( NAMED_UNIT(*) SI_UNIT($,.STERADIAN.) SOLID_ANGLE_UNIT() );
#4188 = UNCERTAINTY_MEASURE_WITH_UNIT(LENGTH_MEASURE(1.E-07),#4185,
  'distance_accuracy_value','confusion accuracy');
#4189 = PRODUCT_RELATED_PRODUCT_CATEGORY('part',$,(#7));
ENDSEC;
END-ISO-10303-21;
