ISO-10303-21;
HEADER;
FILE_DESCRIPTION(('FreeCAD Model'),'2;1');
FILE_NAME('Open CASCADE Shape Model','2026-09-02T23:54:59',('FreeCAD'),(
    'FreeCAD'),'Open CASCADE STEP processor 7.8','FreeCAD','Unknown');
FILE_SCHEMA(('AUTOMOTIVE_DESIGN { 1 0 10303 214 1 1 1 1 }'));
ENDSEC;
DATA;
#1 = APPLICATION_PROTOCOL_DEFINITION('international standard',
  'automotive_design',2000,#2);
#2 = APPLICATION_CONTEXT(
  'core data for automotive mechanical design processes');
#3 = SHAPE_DEFINITION_REPRESENTATION(#4,#10);
#4 = PRODUCT_DEFINITION_SHAPE('','',#5);
#5 = PRODUCT_DEFINITION('design','',#6,#9);
#6 = PRODUCT_DEFINITION_FORMATION('','',#7);
#7 = PRODUCT('Open CASCADE STEP translator 7.8 26',
  'Open CASCADE STEP translator 7.8 26','',(#8));
#8 = PRODUCT_CONTEXT('',#2,'mechanical');
#9 = PRODUCT_DEFINITION_CONTEXT('part definition',#2,'design');
#10 = ADVANCED_BREP_SHAPE_REPRESENTATION('',(#11,#15),#18621);
#11 = AXIS2_PLACEMENT_3D('',#12,#13,#14);
#12 = CARTESIAN_POINT('',(0.,0.,0.));
#13 = DIRECTION('',(0.,0.,1.));
#14 = DIRECTION('',(1.,0.,-0.));
#15 = MANIFOLD_SOLID_BREP('',#16);
#16 = CLOSED_SHELL('',(#17,#77,#140,#200,#303,#343,#374,#437,#468,#492,
    #516,#572,#596,#626,#690,#714,#761,#817,#848,#888,#912,#950,#983,
    #1014,#1038,#1110,#1141,#1288,#1312,#1343,#1390,#1414,#1445,#1469,
    #1493,#1517,#1541,#1565,#1589,#1613,#1630,#1655,#1678,#1702,#1727,
    #1751,#1768,#1785,#1866,#1897,#1921,#1961,#1992,#2032,#2079,#2119,
    #2150,#2181,#2220,#2259,#2306,#2346,#2377,#2659,#3179,#3196,#3218,
    #3235,#3252,#3269,#3286,#3303,#3320,#3337,#3354,#3371,#3388,#3405,
    #3422,#3439,#3456,#3473,#3490,#3507,#3524,#3541,#3558,#3575,#3592,
    #3609,#3626,#3643,#3660,#3677,#3689,#3720,#3744,#3768,#3792,#3816,
    #3840,#3864,#3888,#3912,#3936,#3960,#3984,#4008,#4032,#4056,#4080,
    #4104,#4128,#4152,#4176,#4200,#4224,#4248,#4272,#4296,#4320,#4344,
    #4368,#4392,#4416,#4440,#4464,#4774,#4821,#4844,#4889,#4905,#4945,
    #4969,#5009,#5033,#5073,#5113,#5137,#5177,#5217,#5241,#5281,#5321,
    #5345,#5385,#5409,#5433,#5473,#5497,#5537,#5577,#5601,#5641,#5681,
    #5705,#5745,#5785,#5809,#5849,#5873,#5906,#5929,#5945,#5985,#6032,
    #6079,#6110,#6141,#6172,#6188,#6204,#6221,#6244,#6261,#6284,#6300,
    #6323,#6340,#6363,#6379,#6402,#6419,#6442,#6458,#6481,#6498,#6521,
    #6537,#6560,#6576,#6593,#6616,#6632,#6655,#6672,#6695,#6711,#6734,
    #6751,#6774,#6790,#6813,#6830,#6853,#6870,#6893,#6916,#6942,#6964,
    #7014,#7038,#7057,#7083,#7099,#7125,#7151,#7177,#7203,#7229,#7255,
    #7281,#7307,#7333,#7358,#7383,#7409,#7435,#7461,#7487,#7513,#7539,
    #7565,#7584,#7608,#7856,#7880,#7920,#7960,#7991,#8022,#8053,#8084,
    #8115,#8146,#8177,#8208,#8239,#8270,#8301,#8332,#8363,#8394,#8425,
    #8456,#8487,#8518,#8549,#8580,#8620,#8644,#8684,#8724,#8763,#8812,
    #8844,#8869,#8925,#8957,#9005,#9029,#9069,#9100,#9133,#9164,#9188,
    #9212,#9505,#9529,#9560,#9591,#9622,#9653,#9684,#9715,#9746,#9777,
    #9808,#9839,#9870,#9901,#9932,#9963,#9994,#10025,#10056,#10087,
    #10118,#10149,#10180,#10243,#10274,#10305,#10336,#10367,#10398,
    #10429,#10460,#10491,#10522,#10553,#10584,#10615,#10646,#10677,
    #10708,#10739,#10770,#10801,#10832,#10870,#10910,#10948,#10981,
    #11003,#11034,#11058,#11082,#11106,#11130,#11154,#11178,#11202,
    #11226,#11250,#11274,#11298,#11322,#11346,#11370,#11394,#11418,
    #11442,#11466,#11490,#11514,#11531,#11557,#11581,#11605,#11629,
    #11653,#11677,#11701,#11725,#11749,#11773,#11797,#11821,#11877,
    #11915,#11932,#11944,#11984,#12008,#12032,#12056,#12080,#12104,
    #12128,#12152,#12176,#12200,#12224,#12248,#12272,#12296,#12320,
    #12337,#12361,#12408,#12425,#12442,#12459,#12476,#12493,#12505,
    #12527,#12565,#12596,#12620,#12667,#12698,#12738,#12801,#12864,
    #13063,#13117,#13164,#13195,#13226,#13273,#13304,#13335,#13366,
    #13397,#13428,#13459,#13490,#13520,#13537,#13759,#13791,#13817,
    #13834,#13851,#13868,#13885,#13902,#13919,#13936,#13953,#13970,
    #13987,#14004,#14021,#14038,#14055,#14072,#14089,#14106,#14123,
    #14140,#14157,#14174,#14186,#14210,#14244,#14291,#14354,#14376,
    #14400,#14425,#14456,#14496,#14560,#14584,#14664,#14681,#14698,
    #14715,#14732,#14749,#14766,#14797,#14837,#14868,#14899,#14921,
    #14998,#15049,#15100,#15151,#15201,#15247,#15287,#15318,#15349,
    #15380,#15411,#15442,#15473,#15504,#15535,#15566,#15597,#15628,
    #15659,#15690,#15721,#15752,#15783,#15805,#15851,#15891,#15922,
    #15953,#15984,#16015,#16046,#16077,#16108,#16139,#16170,#16201,
    #16232,#16263,#16294,#16325,#16356,#16387,#16418,#16449,#16471,
    #16517,#16582,#16607,#16692,#16717,#16742,#16804,#16886,#17014,
    #17070,#17101,#17139,#17164,#17204,#17235,#17275,#17299,#17330,
    #17347,#17413,#17445,#17481,#17512,#17608,#17639,#17735,#17759,
    #17783,#17807,#17831,#17855,#17879,#17903,#17927,#17951,#17975,
    #17992,#18004,#18056,#18096,#18165,#18212,#18240,#18259,#18296,
    #18315,#18331,#18349,#18365,#18417,#18435,#18452,#18470,#18484,
    #18498,#18512,#18526,#18555,#18571,#18587,#18605));
#17 = ADVANCED_FACE('',(#18),#72,.T.);
#18 = FACE_BOUND('',#19,.T.);
#19 = EDGE_LOOP('',(#20,#30,#39,#48,#56,#65));
#20 = ORIENTED_EDGE('',*,*,#21,.T.);
#21 = EDGE_CURVE('',#22,#24,#26,.T.);
#22 = VERTEX_POINT('',#23);
#23 = CARTESIAN_POINT('',(-6.411700242526,-18.1,11.5));
#24 = VERTEX_POINT('',#25);
#25 = CARTESIAN_POINT('',(-8.606387163032,-18.1,11.5));
#26 = LINE('',#27,#28);
#27 = CARTESIAN_POINT('',(-8.,-18.1,11.5));
#28 = VECTOR('',#29,1.);
#29 = DIRECTION('',(-1.,0.,0.));
#30 = ORIENTED_EDGE('',*,*,#31,.T.);
#31 = EDGE_CURVE('',#24,#32,#34,.T.);
#32 = VERTEX_POINT('',#33);
#33 = CARTESIAN_POINT('',(-2.718715894107E-15,-18.1,15.59));
#34 = CIRCLE('',#35,11.1);
#35 = AXIS2_PLACEMENT_3D('',#36,#37,#38);
#36 = CARTESIAN_POINT('',(0.,-18.1,4.49));
#37 = DIRECTION('',(0.,1.,0.));
#38 = DIRECTION('',(0.,-0.,1.));
#39 = ORIENTED_EDGE('',*,*,#40,.T.);
#40 = EDGE_CURVE('',#32,#41,#43,.T.);
#41 = VERTEX_POINT('',#42);
#42 = CARTESIAN_POINT('',(8.606387163032,-18.1,11.5));
#43 = CIRCLE('',#44,11.1);
#44 = AXIS2_PLACEMENT_3D('',#45,#46,#47);
#45 = CARTESIAN_POINT('',(0.,-18.1,4.49));
#46 = DIRECTION('',(0.,1.,0.));
#47 = DIRECTION('',(0.,-0.,1.));
#48 = ORIENTED_EDGE('',*,*,#49,.T.);
#49 = EDGE_CURVE('',#41,#50,#52,.T.);
#50 = VERTEX_POINT('',#51);
#51 = CARTESIAN_POINT('',(6.411700242526,-18.1,11.5));
#52 = LINE('',#53,#54);
#53 = CARTESIAN_POINT('',(-8.,-18.1,11.5));
#54 = VECTOR('',#55,1.);
#55 = DIRECTION('',(-1.,0.,0.));
#56 = ORIENTED_EDGE('',*,*,#57,.F.);
#57 = EDGE_CURVE('',#58,#50,#60,.T.);
#58 = VERTEX_POINT('',#59);
#59 = CARTESIAN_POINT('',(-2.32682891838E-15,-18.1,13.99));
#60 = CIRCLE('',#61,9.5);
#61 = AXIS2_PLACEMENT_3D('',#62,#63,#64);
#62 = CARTESIAN_POINT('',(0.,-18.1,4.49));
#63 = DIRECTION('',(0.,1.,0.));
#64 = DIRECTION('',(0.,-0.,1.));
#65 = ORIENTED_EDGE('',*,*,#66,.F.);
#66 = EDGE_CURVE('',#22,#58,#67,.T.);
#67 = CIRCLE('',#68,9.5);
#68 = AXIS2_PLACEMENT_3D('',#69,#70,#71);
#69 = CARTESIAN_POINT('',(0.,-18.1,4.49));
#70 = DIRECTION('',(0.,1.,0.));
#71 = DIRECTION('',(0.,-0.,1.));
#72 = PLANE('',#73);
#73 = AXIS2_PLACEMENT_3D('',#74,#75,#76);
#74 = CARTESIAN_POINT('',(0.,-18.1,4.49));
#75 = DIRECTION('',(0.,1.,0.));
#76 = DIRECTION('',(0.,-0.,1.));
#77 = ADVANCED_FACE('',(#78),#135,.F.);
#78 = FACE_BOUND('',#79,.T.);
#79 = EDGE_LOOP('',(#80,#90,#98,#104,#105,#113,#121,#129));
#80 = ORIENTED_EDGE('',*,*,#81,.T.);
#81 = EDGE_CURVE('',#82,#84,#86,.T.);
#82 = VERTEX_POINT('',#83);
#83 = CARTESIAN_POINT('',(-16.,-14.461,11.5));
#84 = VERTEX_POINT('',#85);
#85 = CARTESIAN_POINT('',(-16.,-14.2,11.5));
#86 = LINE('',#87,#88);
#87 = CARTESIAN_POINT('',(-16.,-18.63,11.5));
#88 = VECTOR('',#89,1.);
#89 = DIRECTION('',(-0.,1.,0.));
#90 = ORIENTED_EDGE('',*,*,#91,.T.);
#91 = EDGE_CURVE('',#84,#92,#94,.T.);
#92 = VERTEX_POINT('',#93);
#93 = CARTESIAN_POINT('',(-8.606387163032,-14.2,11.5));
#94 = LINE('',#95,#96);
#95 = CARTESIAN_POINT('',(-16.,-14.2,11.5));
#96 = VECTOR('',#97,1.);
#97 = DIRECTION('',(1.,0.,-0.));
#98 = ORIENTED_EDGE('',*,*,#99,.F.);
#99 = EDGE_CURVE('',#24,#92,#100,.T.);
#100 = LINE('',#101,#102);
#101 = CARTESIAN_POINT('',(-8.606387163032,-18.1,11.5));
#102 = VECTOR('',#103,1.);
#103 = DIRECTION('',(0.,1.,0.));
#104 = ORIENTED_EDGE('',*,*,#21,.F.);
#105 = ORIENTED_EDGE('',*,*,#106,.F.);
#106 = EDGE_CURVE('',#107,#22,#109,.T.);
#107 = VERTEX_POINT('',#108);
#108 = CARTESIAN_POINT('',(-6.411700242525,-18.63,11.5));
#109 = LINE('',#110,#111);
#110 = CARTESIAN_POINT('',(-6.411700242525,-18.63,11.5));
#111 = VECTOR('',#112,1.);
#112 = DIRECTION('',(0.,1.,0.));
#113 = ORIENTED_EDGE('',*,*,#114,.F.);
#114 = EDGE_CURVE('',#115,#107,#117,.T.);
#115 = VERTEX_POINT('',#116);
#116 = CARTESIAN_POINT('',(-14.304,-18.63,11.5));
#117 = LINE('',#118,#119);
#118 = CARTESIAN_POINT('',(-16.,-18.63,11.5));
#119 = VECTOR('',#120,1.);
#120 = DIRECTION('',(1.,0.,-0.));
#121 = ORIENTED_EDGE('',*,*,#122,.T.);
#122 = EDGE_CURVE('',#115,#123,#125,.T.);
#123 = VERTEX_POINT('',#124);
#124 = CARTESIAN_POINT('',(-14.304,-14.461,11.5));
#125 = LINE('',#126,#127);
#126 = CARTESIAN_POINT('',(-14.304,-18.767,11.5));
#127 = VECTOR('',#128,1.);
#128 = DIRECTION('',(0.,1.,-0.));
#129 = ORIENTED_EDGE('',*,*,#130,.T.);
#130 = EDGE_CURVE('',#123,#82,#131,.T.);
#131 = LINE('',#132,#133);
#132 = CARTESIAN_POINT('',(-15.152,-14.461,11.5));
#133 = VECTOR('',#134,1.);
#134 = DIRECTION('',(-1.,0.,0.));
#135 = PLANE('',#136);
#136 = AXIS2_PLACEMENT_3D('',#137,#138,#139);
#137 = CARTESIAN_POINT('',(-16.,-18.63,11.5));
#138 = DIRECTION('',(0.,0.,1.));
#139 = DIRECTION('',(1.,0.,-0.));
#140 = ADVANCED_FACE('',(#141),#195,.F.);
#141 = FACE_BOUND('',#142,.F.);
#142 = EDGE_LOOP('',(#143,#153,#162,#171,#179,#188));
#143 = ORIENTED_EDGE('',*,*,#144,.T.);
#144 = EDGE_CURVE('',#145,#147,#149,.T.);
#145 = VERTEX_POINT('',#146);
#146 = CARTESIAN_POINT('',(-6.411700242526,19.3,11.5));
#147 = VERTEX_POINT('',#148);
#148 = CARTESIAN_POINT('',(-8.606387163032,19.3,11.5));
#149 = LINE('',#150,#151);
#150 = CARTESIAN_POINT('',(-13.2,19.3,11.5));
#151 = VECTOR('',#152,1.);
#152 = DIRECTION('',(-1.,0.,0.));
#153 = ORIENTED_EDGE('',*,*,#154,.T.);
#154 = EDGE_CURVE('',#147,#155,#157,.T.);
#155 = VERTEX_POINT('',#156);
#156 = CARTESIAN_POINT('',(-2.718715894107E-15,19.3,15.59));
#157 = CIRCLE('',#158,11.1);
#158 = AXIS2_PLACEMENT_3D('',#159,#160,#161);
#159 = CARTESIAN_POINT('',(0.,19.3,4.49));
#160 = DIRECTION('',(0.,1.,0.));
#161 = DIRECTION('',(0.,-0.,1.));
#162 = ORIENTED_EDGE('',*,*,#163,.T.);
#163 = EDGE_CURVE('',#155,#164,#166,.T.);
#164 = VERTEX_POINT('',#165);
#165 = CARTESIAN_POINT('',(8.606387163032,19.3,11.5));
#166 = CIRCLE('',#167,11.1);
#167 = AXIS2_PLACEMENT_3D('',#168,#169,#170);
#168 = CARTESIAN_POINT('',(0.,19.3,4.49));
#169 = DIRECTION('',(0.,1.,0.));
#170 = DIRECTION('',(0.,-0.,1.));
#171 = ORIENTED_EDGE('',*,*,#172,.T.);
#172 = EDGE_CURVE('',#164,#173,#175,.T.);
#173 = VERTEX_POINT('',#174);
#174 = CARTESIAN_POINT('',(6.411700242526,19.3,11.5));
#175 = LINE('',#176,#177);
#176 = CARTESIAN_POINT('',(-13.2,19.3,11.5));
#177 = VECTOR('',#178,1.);
#178 = DIRECTION('',(-1.,0.,0.));
#179 = ORIENTED_EDGE('',*,*,#180,.F.);
#180 = EDGE_CURVE('',#181,#173,#183,.T.);
#181 = VERTEX_POINT('',#182);
#182 = CARTESIAN_POINT('',(-2.32682891838E-15,19.3,13.99));
#183 = CIRCLE('',#184,9.5);
#184 = AXIS2_PLACEMENT_3D('',#185,#186,#187);
#185 = CARTESIAN_POINT('',(0.,19.3,4.49));
#186 = DIRECTION('',(0.,1.,0.));
#187 = DIRECTION('',(0.,-0.,1.));
#188 = ORIENTED_EDGE('',*,*,#189,.F.);
#189 = EDGE_CURVE('',#145,#181,#190,.T.);
#190 = CIRCLE('',#191,9.5);
#191 = AXIS2_PLACEMENT_3D('',#192,#193,#194);
#192 = CARTESIAN_POINT('',(0.,19.3,4.49));
#193 = DIRECTION('',(0.,1.,0.));
#194 = DIRECTION('',(0.,-0.,1.));
#195 = PLANE('',#196);
#196 = AXIS2_PLACEMENT_3D('',#197,#198,#199);
#197 = CARTESIAN_POINT('',(0.,19.3,4.49));
#198 = DIRECTION('',(0.,1.,0.));
#199 = DIRECTION('',(0.,-0.,1.));
#200 = ADVANCED_FACE('',(#201),#298,.T.);
#201 = FACE_BOUND('',#202,.T.);
#202 = EDGE_LOOP('',(#203,#213,#219,#220,#228,#236,#244,#252,#260,#268,
    #276,#284,#292));
#203 = ORIENTED_EDGE('',*,*,#204,.T.);
#204 = EDGE_CURVE('',#205,#207,#209,.T.);
#205 = VERTEX_POINT('',#206);
#206 = CARTESIAN_POINT('',(-24.69,21.,11.5));
#207 = VERTEX_POINT('',#208);
#208 = CARTESIAN_POINT('',(-6.411700242525,21.,11.5));
#209 = LINE('',#210,#211);
#210 = CARTESIAN_POINT('',(-26.4,21.,11.5));
#211 = VECTOR('',#212,1.);
#212 = DIRECTION('',(1.,0.,-0.));
#213 = ORIENTED_EDGE('',*,*,#214,.F.);
#214 = EDGE_CURVE('',#145,#207,#215,.T.);
#215 = LINE('',#216,#217);
#216 = CARTESIAN_POINT('',(-6.411700242525,19.3,11.5));
#217 = VECTOR('',#218,1.);
#218 = DIRECTION('',(0.,1.,0.));
#219 = ORIENTED_EDGE('',*,*,#144,.T.);
#220 = ORIENTED_EDGE('',*,*,#221,.F.);
#221 = EDGE_CURVE('',#222,#147,#224,.T.);
#222 = VERTEX_POINT('',#223);
#223 = CARTESIAN_POINT('',(-8.606387163032,16.2,11.5));
#224 = LINE('',#225,#226);
#225 = CARTESIAN_POINT('',(-8.606387163032,-18.1,11.5));
#226 = VECTOR('',#227,1.);
#227 = DIRECTION('',(0.,1.,0.));
#228 = ORIENTED_EDGE('',*,*,#229,.F.);
#229 = EDGE_CURVE('',#230,#222,#232,.T.);
#230 = VERTEX_POINT('',#231);
#231 = CARTESIAN_POINT('',(-21.12205256982,16.2,11.5));
#232 = LINE('',#233,#234);
#233 = CARTESIAN_POINT('',(-26.4,16.2,11.5));
#234 = VECTOR('',#235,1.);
#235 = DIRECTION('',(1.,0.,-0.));
#236 = ORIENTED_EDGE('',*,*,#237,.T.);
#237 = EDGE_CURVE('',#230,#238,#240,.T.);
#238 = VERTEX_POINT('',#239);
#239 = CARTESIAN_POINT('',(-20.95592308624,18.575762300085,11.5));
#240 = LINE('',#241,#242);
#241 = CARTESIAN_POINT('',(-21.14251239929,15.907410807064,11.5));
#242 = VECTOR('',#243,1.);
#243 = DIRECTION('',(6.975647374412E-02,0.99756405026,-0.));
#244 = ORIENTED_EDGE('',*,*,#245,.T.);
#245 = EDGE_CURVE('',#238,#246,#248,.T.);
#246 = VERTEX_POINT('',#247);
#247 = CARTESIAN_POINT('',(-21.60658507261,18.599905283171,11.5));
#248 = LINE('',#249,#250);
#249 = CARTESIAN_POINT('',(-23.63020295288,18.674992153589,11.5));
#250 = VECTOR('',#251,1.);
#251 = DIRECTION('',(-0.999312309816,3.7079744474E-02,0.));
#252 = ORIENTED_EDGE('',*,*,#253,.T.);
#253 = EDGE_CURVE('',#246,#254,#256,.T.);
#254 = VERTEX_POINT('',#255);
#255 = CARTESIAN_POINT('',(-22.25743296837,18.581441244298,11.5));
#256 = LINE('',#257,#258);
#257 = CARTESIAN_POINT('',(-24.03537951881,18.531002310044,11.5));
#258 = VECTOR('',#259,1.);
#259 = DIRECTION('',(-0.999597836772,-2.835779824538E-02,0.));
#260 = ORIENTED_EDGE('',*,*,#261,.T.);
#261 = EDGE_CURVE('',#254,#262,#264,.T.);
#262 = VERTEX_POINT('',#263);
#263 = CARTESIAN_POINT('',(-22.9056797429,18.520449249313,11.5));
#264 = LINE('',#265,#266);
#265 = CARTESIAN_POINT('',(-24.42159039133,18.377820827084,11.5));
#266 = VECTOR('',#267,1.);
#267 = DIRECTION('',(-0.995602932329,-9.36739085191E-02,0.));
#268 = ORIENTED_EDGE('',*,*,#269,.T.);
#269 = EDGE_CURVE('',#262,#270,#272,.T.);
#270 = VERTEX_POINT('',#271);
#271 = CARTESIAN_POINT('',(-23.54854950399,18.417190475304,11.5));
#272 = LINE('',#273,#274);
#273 = CARTESIAN_POINT('',(-24.7905682108,18.217695434905,11.5));
#274 = VECTOR('',#275,1.);
#275 = DIRECTION('',(-0.987344703283,-0.158588892735,0.));
#276 = ORIENTED_EDGE('',*,*,#277,.T.);
#277 = EDGE_CURVE('',#270,#278,#280,.T.);
#278 = VERTEX_POINT('',#279);
#279 = CARTESIAN_POINT('',(-24.18328938464,18.272107092194,11.5));
#280 = LINE('',#281,#282);
#281 = CARTESIAN_POINT('',(-25.14429821,18.052447959637,11.5));
#282 = VECTOR('',#283,1.);
#283 = DIRECTION('',(-0.974858512637,-0.222824774966,0.));
#284 = ORIENTED_EDGE('',*,*,#285,.T.);
#285 = EDGE_CURVE('',#278,#286,#288,.T.);
#286 = VERTEX_POINT('',#287);
#287 = CARTESIAN_POINT('',(-24.69,18.120809322595,11.5));
#288 = LINE('',#289,#290);
#289 = CARTESIAN_POINT('',(-25.48494871064,17.883447082253,11.5));
#290 = VECTOR('',#291,1.);
#291 = DIRECTION('',(-0.958197828177,-0.286106487302,0.));
#292 = ORIENTED_EDGE('',*,*,#293,.F.);
#293 = EDGE_CURVE('',#205,#286,#294,.T.);
#294 = LINE('',#295,#296);
#295 = CARTESIAN_POINT('',(-24.69,16.05,11.5));
#296 = VECTOR('',#297,1.);
#297 = DIRECTION('',(0.,-1.,0.));
#298 = PLANE('',#299);
#299 = AXIS2_PLACEMENT_3D('',#300,#301,#302);
#300 = CARTESIAN_POINT('',(-15.62881131793,18.914603002515,11.5));
#301 = DIRECTION('',(-0.,-0.,-1.));
#302 = DIRECTION('',(-1.,0.,0.));
#303 = ADVANCED_FACE('',(#304),#338,.F.);
#304 = FACE_BOUND('',#305,.F.);
#305 = EDGE_LOOP('',(#306,#316,#324,#332));
#306 = ORIENTED_EDGE('',*,*,#307,.T.);
#307 = EDGE_CURVE('',#308,#310,#312,.T.);
#308 = VERTEX_POINT('',#309);
#309 = CARTESIAN_POINT('',(13.85,-24.5,14.2));
#310 = VERTEX_POINT('',#311);
#311 = CARTESIAN_POINT('',(13.85,-26.2,14.2));
#312 = LINE('',#313,#314);
#313 = CARTESIAN_POINT('',(13.85,-26.2,14.2));
#314 = VECTOR('',#315,1.);
#315 = DIRECTION('',(0.,-1.,0.));
#316 = ORIENTED_EDGE('',*,*,#317,.T.);
#317 = EDGE_CURVE('',#310,#318,#320,.T.);
#318 = VERTEX_POINT('',#319);
#319 = CARTESIAN_POINT('',(34.,-26.2,14.2));
#320 = LINE('',#321,#322);
#321 = CARTESIAN_POINT('',(12.42,-26.2,14.2));
#322 = VECTOR('',#323,1.);
#323 = DIRECTION('',(1.,0.,-0.));
#324 = ORIENTED_EDGE('',*,*,#325,.T.);
#325 = EDGE_CURVE('',#318,#326,#328,.T.);
#326 = VERTEX_POINT('',#327);
#327 = CARTESIAN_POINT('',(34.,-24.5,14.2));
#328 = LINE('',#329,#330);
#329 = CARTESIAN_POINT('',(34.,-26.2,14.2));
#330 = VECTOR('',#331,1.);
#331 = DIRECTION('',(-0.,1.,0.));
#332 = ORIENTED_EDGE('',*,*,#333,.F.);
#333 = EDGE_CURVE('',#308,#326,#334,.T.);
#334 = LINE('',#335,#336);
#335 = CARTESIAN_POINT('',(12.42,-24.5,14.2));
#336 = VECTOR('',#337,1.);
#337 = DIRECTION('',(1.,0.,-0.));
#338 = PLANE('',#339);
#339 = AXIS2_PLACEMENT_3D('',#340,#341,#342);
#340 = CARTESIAN_POINT('',(12.42,-26.2,14.2));
#341 = DIRECTION('',(0.,0.,1.));
#342 = DIRECTION('',(1.,0.,-0.));
#343 = ADVANCED_FACE('',(#344),#369,.T.);
#344 = FACE_BOUND('',#345,.T.);
#345 = EDGE_LOOP('',(#346,#347,#355,#363));
#346 = ORIENTED_EDGE('',*,*,#333,.F.);
#347 = ORIENTED_EDGE('',*,*,#348,.T.);
#348 = EDGE_CURVE('',#308,#349,#351,.T.);
#349 = VERTEX_POINT('',#350);
#350 = CARTESIAN_POINT('',(13.85,-24.5,17.5));
#351 = LINE('',#352,#353);
#352 = CARTESIAN_POINT('',(13.85,-24.5,7.3));
#353 = VECTOR('',#354,1.);
#354 = DIRECTION('',(0.,0.,1.));
#355 = ORIENTED_EDGE('',*,*,#356,.T.);
#356 = EDGE_CURVE('',#349,#357,#359,.T.);
#357 = VERTEX_POINT('',#358);
#358 = CARTESIAN_POINT('',(34.,-24.5,17.5));
#359 = LINE('',#360,#361);
#360 = CARTESIAN_POINT('',(12.42,-24.5,17.5));
#361 = VECTOR('',#362,1.);
#362 = DIRECTION('',(1.,0.,-0.));
#363 = ORIENTED_EDGE('',*,*,#364,.F.);
#364 = EDGE_CURVE('',#326,#357,#365,.T.);
#365 = LINE('',#366,#367);
#366 = CARTESIAN_POINT('',(34.,-24.5,14.2));
#367 = VECTOR('',#368,1.);
#368 = DIRECTION('',(0.,0.,1.));
#369 = PLANE('',#370);
#370 = AXIS2_PLACEMENT_3D('',#371,#372,#373);
#371 = CARTESIAN_POINT('',(12.42,-24.5,14.2));
#372 = DIRECTION('',(-0.,1.,0.));
#373 = DIRECTION('',(0.,0.,1.));
#374 = ADVANCED_FACE('',(#375),#432,.F.);
#375 = FACE_BOUND('',#376,.F.);
#376 = EDGE_LOOP('',(#377,#387,#393,#394,#402,#410,#418,#426));
#377 = ORIENTED_EDGE('',*,*,#378,.T.);
#378 = EDGE_CURVE('',#379,#381,#383,.T.);
#379 = VERTEX_POINT('',#380);
#380 = CARTESIAN_POINT('',(16.03,-14.03,17.5));
#381 = VERTEX_POINT('',#382);
#382 = CARTESIAN_POINT('',(13.85,-15.09282548476,17.5));
#383 = LINE('',#384,#385);
#384 = CARTESIAN_POINT('',(16.03,-14.03,17.5));
#385 = VECTOR('',#386,1.);
#386 = DIRECTION('',(-0.89886414468,-0.438227394636,0.));
#387 = ORIENTED_EDGE('',*,*,#388,.T.);
#388 = EDGE_CURVE('',#381,#349,#389,.T.);
#389 = LINE('',#390,#391);
#390 = CARTESIAN_POINT('',(13.85,-17.47113611221,17.5));
#391 = VECTOR('',#392,1.);
#392 = DIRECTION('',(0.,-1.,0.));
#393 = ORIENTED_EDGE('',*,*,#356,.T.);
#394 = ORIENTED_EDGE('',*,*,#395,.T.);
#395 = EDGE_CURVE('',#357,#396,#398,.T.);
#396 = VERTEX_POINT('',#397);
#397 = CARTESIAN_POINT('',(34.,9.7,17.5));
#398 = LINE('',#399,#400);
#399 = CARTESIAN_POINT('',(34.,-26.2,17.5));
#400 = VECTOR('',#401,1.);
#401 = DIRECTION('',(0.,1.,0.));
#402 = ORIENTED_EDGE('',*,*,#403,.F.);
#403 = EDGE_CURVE('',#404,#396,#406,.T.);
#404 = VERTEX_POINT('',#405);
#405 = CARTESIAN_POINT('',(19.5,9.7,17.5));
#406 = LINE('',#407,#408);
#407 = CARTESIAN_POINT('',(22.056172968925,9.7,17.5));
#408 = VECTOR('',#409,1.);
#409 = DIRECTION('',(1.,0.,0.));
#410 = ORIENTED_EDGE('',*,*,#411,.F.);
#411 = EDGE_CURVE('',#412,#404,#414,.T.);
#412 = VERTEX_POINT('',#413);
#413 = CARTESIAN_POINT('',(19.5,11.196571428571,17.5));
#414 = LINE('',#415,#416);
#415 = CARTESIAN_POINT('',(19.5,1.328863887784,17.5));
#416 = VECTOR('',#417,1.);
#417 = DIRECTION('',(0.,-1.,0.));
#418 = ORIENTED_EDGE('',*,*,#419,.T.);
#419 = EDGE_CURVE('',#412,#420,#422,.T.);
#420 = VERTEX_POINT('',#421);
#421 = CARTESIAN_POINT('',(19.03,11.21,17.5));
#422 = LINE('',#423,#424);
#423 = CARTESIAN_POINT('',(21.83,11.13,17.5));
#424 = VECTOR('',#425,1.);
#425 = DIRECTION('',(-0.999592086461,2.855977389888E-02,0.));
#426 = ORIENTED_EDGE('',*,*,#427,.T.);
#427 = EDGE_CURVE('',#420,#379,#428,.T.);
#428 = LINE('',#429,#430);
#429 = CARTESIAN_POINT('',(19.03,11.21,17.5));
#430 = VECTOR('',#431,1.);
#431 = DIRECTION('',(-0.118028159485,-0.993010248471,0.));
#432 = PLANE('',#433);
#433 = AXIS2_PLACEMENT_3D('',#434,#435,#436);
#434 = CARTESIAN_POINT('',(24.612345937849,-8.742272224433,17.5));
#435 = DIRECTION('',(0.,0.,1.));
#436 = DIRECTION('',(1.,0.,-0.));
#437 = ADVANCED_FACE('',(#438),#463,.F.);
#438 = FACE_BOUND('',#439,.F.);
#439 = EDGE_LOOP('',(#440,#441,#449,#457));
#440 = ORIENTED_EDGE('',*,*,#378,.F.);
#441 = ORIENTED_EDGE('',*,*,#442,.T.);
#442 = EDGE_CURVE('',#379,#443,#445,.T.);
#443 = VERTEX_POINT('',#444);
#444 = CARTESIAN_POINT('',(16.03,-14.03,19.2));
#445 = LINE('',#446,#447);
#446 = CARTESIAN_POINT('',(16.03,-14.03,17.5));
#447 = VECTOR('',#448,1.);
#448 = DIRECTION('',(0.,0.,1.));
#449 = ORIENTED_EDGE('',*,*,#450,.T.);
#450 = EDGE_CURVE('',#443,#451,#453,.T.);
#451 = VERTEX_POINT('',#452);
#452 = CARTESIAN_POINT('',(13.85,-15.09282548476,19.2));
#453 = LINE('',#454,#455);
#454 = CARTESIAN_POINT('',(16.03,-14.03,19.2));
#455 = VECTOR('',#456,1.);
#456 = DIRECTION('',(-0.89886414468,-0.438227394636,0.));
#457 = ORIENTED_EDGE('',*,*,#458,.T.);
#458 = EDGE_CURVE('',#451,#381,#459,.T.);
#459 = LINE('',#460,#461);
#460 = CARTESIAN_POINT('',(13.85,-15.09282548476,14.5));
#461 = VECTOR('',#462,1.);
#462 = DIRECTION('',(0.,-0.,-1.));
#463 = PLANE('',#464);
#464 = AXIS2_PLACEMENT_3D('',#465,#466,#467);
#465 = CARTESIAN_POINT('',(16.03,-14.03,17.5));
#466 = DIRECTION('',(0.438227394636,-0.89886414468,0.));
#467 = DIRECTION('',(-0.89886414468,-0.438227394636,0.));
#468 = ADVANCED_FACE('',(#469),#487,.F.);
#469 = FACE_BOUND('',#470,.F.);
#470 = EDGE_LOOP('',(#471,#479,#485,#486));
#471 = ORIENTED_EDGE('',*,*,#472,.T.);
#472 = EDGE_CURVE('',#420,#473,#475,.T.);
#473 = VERTEX_POINT('',#474);
#474 = CARTESIAN_POINT('',(19.03,11.21,19.2));
#475 = LINE('',#476,#477);
#476 = CARTESIAN_POINT('',(19.03,11.21,17.5));
#477 = VECTOR('',#478,1.);
#478 = DIRECTION('',(0.,0.,1.));
#479 = ORIENTED_EDGE('',*,*,#480,.T.);
#480 = EDGE_CURVE('',#473,#443,#481,.T.);
#481 = LINE('',#482,#483);
#482 = CARTESIAN_POINT('',(19.03,11.21,19.2));
#483 = VECTOR('',#484,1.);
#484 = DIRECTION('',(-0.118028159485,-0.993010248471,0.));
#485 = ORIENTED_EDGE('',*,*,#442,.F.);
#486 = ORIENTED_EDGE('',*,*,#427,.F.);
#487 = PLANE('',#488);
#488 = AXIS2_PLACEMENT_3D('',#489,#490,#491);
#489 = CARTESIAN_POINT('',(19.03,11.21,17.5));
#490 = DIRECTION('',(0.993010248471,-0.118028159485,0.));
#491 = DIRECTION('',(-0.118028159485,-0.993010248471,0.));
#492 = ADVANCED_FACE('',(#493),#511,.F.);
#493 = FACE_BOUND('',#494,.F.);
#494 = EDGE_LOOP('',(#495,#496,#504,#510));
#495 = ORIENTED_EDGE('',*,*,#419,.F.);
#496 = ORIENTED_EDGE('',*,*,#497,.F.);
#497 = EDGE_CURVE('',#498,#412,#500,.T.);
#498 = VERTEX_POINT('',#499);
#499 = CARTESIAN_POINT('',(19.5,11.196571428571,19.2));
#500 = LINE('',#501,#502);
#501 = CARTESIAN_POINT('',(19.5,11.196571428571,8.95));
#502 = VECTOR('',#503,1.);
#503 = DIRECTION('',(0.,0.,-1.));
#504 = ORIENTED_EDGE('',*,*,#505,.T.);
#505 = EDGE_CURVE('',#498,#473,#506,.T.);
#506 = LINE('',#507,#508);
#507 = CARTESIAN_POINT('',(21.83,11.13,19.2));
#508 = VECTOR('',#509,1.);
#509 = DIRECTION('',(-0.999592086461,2.855977389888E-02,0.));
#510 = ORIENTED_EDGE('',*,*,#472,.F.);
#511 = PLANE('',#512);
#512 = AXIS2_PLACEMENT_3D('',#513,#514,#515);
#513 = CARTESIAN_POINT('',(21.83,11.13,17.5));
#514 = DIRECTION('',(-2.855977389888E-02,-0.999592086461,0.));
#515 = DIRECTION('',(-0.999592086461,2.855977389888E-02,0.));
#516 = ADVANCED_FACE('',(#517),#567,.F.);
#517 = FACE_BOUND('',#518,.F.);
#518 = EDGE_LOOP('',(#519,#529,#537,#545,#553,#559,#560,#561));
#519 = ORIENTED_EDGE('',*,*,#520,.F.);
#520 = EDGE_CURVE('',#521,#523,#525,.T.);
#521 = VERTEX_POINT('',#522);
#522 = CARTESIAN_POINT('',(19.5,11.4,0.4));
#523 = VERTEX_POINT('',#524);
#524 = CARTESIAN_POINT('',(19.5,9.7,0.4));
#525 = LINE('',#526,#527);
#526 = CARTESIAN_POINT('',(19.5,11.4,0.4));
#527 = VECTOR('',#528,1.);
#528 = DIRECTION('',(0.,-1.,0.));
#529 = ORIENTED_EDGE('',*,*,#530,.T.);
#530 = EDGE_CURVE('',#521,#531,#533,.T.);
#531 = VERTEX_POINT('',#532);
#532 = CARTESIAN_POINT('',(19.5,11.4,17.3));
#533 = LINE('',#534,#535);
#534 = CARTESIAN_POINT('',(19.5,11.4,0.4));
#535 = VECTOR('',#536,1.);
#536 = DIRECTION('',(0.,0.,1.));
#537 = ORIENTED_EDGE('',*,*,#538,.F.);
#538 = EDGE_CURVE('',#539,#531,#541,.T.);
#539 = VERTEX_POINT('',#540);
#540 = CARTESIAN_POINT('',(19.5,11.257491289199,17.3));
#541 = LINE('',#542,#543);
#542 = CARTESIAN_POINT('',(19.5,12.593401154377,17.3));
#543 = VECTOR('',#544,1.);
#544 = DIRECTION('',(-0.,1.,0.));
#545 = ORIENTED_EDGE('',*,*,#546,.F.);
#546 = EDGE_CURVE('',#547,#539,#549,.T.);
#547 = VERTEX_POINT('',#548);
#548 = CARTESIAN_POINT('',(19.5,11.257491289199,19.2));
#549 = LINE('',#550,#551);
#550 = CARTESIAN_POINT('',(19.5,11.257491289199,8.85));
#551 = VECTOR('',#552,1.);
#552 = DIRECTION('',(0.,-0.,-1.));
#553 = ORIENTED_EDGE('',*,*,#554,.T.);
#554 = EDGE_CURVE('',#547,#498,#555,.T.);
#555 = LINE('',#556,#557);
#556 = CARTESIAN_POINT('',(19.5,11.4,19.2));
#557 = VECTOR('',#558,1.);
#558 = DIRECTION('',(0.,-1.,0.));
#559 = ORIENTED_EDGE('',*,*,#497,.T.);
#560 = ORIENTED_EDGE('',*,*,#411,.T.);
#561 = ORIENTED_EDGE('',*,*,#562,.F.);
#562 = EDGE_CURVE('',#523,#404,#563,.T.);
#563 = LINE('',#564,#565);
#564 = CARTESIAN_POINT('',(19.5,9.7,0.4));
#565 = VECTOR('',#566,1.);
#566 = DIRECTION('',(0.,0.,1.));
#567 = PLANE('',#568);
#568 = AXIS2_PLACEMENT_3D('',#569,#570,#571);
#569 = CARTESIAN_POINT('',(19.5,11.4,0.4));
#570 = DIRECTION('',(1.,0.,-0.));
#571 = DIRECTION('',(0.,-1.,0.));
#572 = ADVANCED_FACE('',(#573),#591,.F.);
#573 = FACE_BOUND('',#574,.F.);
#574 = EDGE_LOOP('',(#575,#583,#584,#585));
#575 = ORIENTED_EDGE('',*,*,#576,.F.);
#576 = EDGE_CURVE('',#523,#577,#579,.T.);
#577 = VERTEX_POINT('',#578);
#578 = CARTESIAN_POINT('',(34.,9.7,0.4));
#579 = LINE('',#580,#581);
#580 = CARTESIAN_POINT('',(19.5,9.7,0.4));
#581 = VECTOR('',#582,1.);
#582 = DIRECTION('',(1.,0.,0.));
#583 = ORIENTED_EDGE('',*,*,#562,.T.);
#584 = ORIENTED_EDGE('',*,*,#403,.T.);
#585 = ORIENTED_EDGE('',*,*,#586,.F.);
#586 = EDGE_CURVE('',#577,#396,#587,.T.);
#587 = LINE('',#588,#589);
#588 = CARTESIAN_POINT('',(34.,9.7,0.4));
#589 = VECTOR('',#590,1.);
#590 = DIRECTION('',(0.,0.,1.));
#591 = PLANE('',#592);
#592 = AXIS2_PLACEMENT_3D('',#593,#594,#595);
#593 = CARTESIAN_POINT('',(19.5,9.7,0.4));
#594 = DIRECTION('',(0.,1.,0.));
#595 = DIRECTION('',(1.,0.,0.));
#596 = ADVANCED_FACE('',(#597),#621,.T.);
#597 = FACE_BOUND('',#598,.T.);
#598 = EDGE_LOOP('',(#599,#607,#608,#614,#615));
#599 = ORIENTED_EDGE('',*,*,#600,.F.);
#600 = EDGE_CURVE('',#539,#601,#603,.T.);
#601 = VERTEX_POINT('',#602);
#602 = CARTESIAN_POINT('',(19.03,11.21,17.3));
#603 = LINE('',#604,#605);
#604 = CARTESIAN_POINT('',(21.9,11.5,17.3));
#605 = VECTOR('',#606,1.);
#606 = DIRECTION('',(-0.994933687088,-0.100533369079,0.));
#607 = ORIENTED_EDGE('',*,*,#546,.F.);
#608 = ORIENTED_EDGE('',*,*,#609,.T.);
#609 = EDGE_CURVE('',#547,#473,#610,.T.);
#610 = LINE('',#611,#612);
#611 = CARTESIAN_POINT('',(21.9,11.5,19.2));
#612 = VECTOR('',#613,1.);
#613 = DIRECTION('',(-0.994933687088,-0.100533369079,0.));
#614 = ORIENTED_EDGE('',*,*,#472,.F.);
#615 = ORIENTED_EDGE('',*,*,#616,.F.);
#616 = EDGE_CURVE('',#601,#420,#617,.T.);
#617 = LINE('',#618,#619);
#618 = CARTESIAN_POINT('',(19.03,11.21,17.3));
#619 = VECTOR('',#620,1.);
#620 = DIRECTION('',(0.,0.,1.));
#621 = PLANE('',#622);
#622 = AXIS2_PLACEMENT_3D('',#623,#624,#625);
#623 = CARTESIAN_POINT('',(21.9,11.5,17.3));
#624 = DIRECTION('',(0.100533369079,-0.994933687088,0.));
#625 = DIRECTION('',(-0.994933687088,-0.100533369079,0.));
#626 = ADVANCED_FACE('',(#627),#685,.T.);
#627 = FACE_BOUND('',#628,.T.);
#628 = EDGE_LOOP('',(#629,#630,#638,#646,#654,#662,#670,#678,#684));
#629 = ORIENTED_EDGE('',*,*,#600,.T.);
#630 = ORIENTED_EDGE('',*,*,#631,.T.);
#631 = EDGE_CURVE('',#601,#632,#634,.T.);
#632 = VERTEX_POINT('',#633);
#633 = CARTESIAN_POINT('',(13.41,15.81,17.3));
#634 = LINE('',#635,#636);
#635 = CARTESIAN_POINT('',(19.03,11.21,17.3));
#636 = VECTOR('',#637,1.);
#637 = DIRECTION('',(-0.773834587954,0.63338774103,0.));
#638 = ORIENTED_EDGE('',*,*,#639,.T.);
#639 = EDGE_CURVE('',#632,#640,#642,.T.);
#640 = VERTEX_POINT('',#641);
#641 = CARTESIAN_POINT('',(13.727848101266,15.9,17.3));
#642 = LINE('',#643,#644);
#643 = CARTESIAN_POINT('',(13.41,15.81,17.3));
#644 = VECTOR('',#645,1.);
#645 = DIRECTION('',(0.962171938298,0.272442950271,0.));
#646 = ORIENTED_EDGE('',*,*,#647,.F.);
#647 = EDGE_CURVE('',#648,#640,#650,.T.);
#648 = VERTEX_POINT('',#649);
#649 = CARTESIAN_POINT('',(14.4,15.9,17.3));
#650 = LINE('',#651,#652);
#651 = CARTESIAN_POINT('',(15.079665048097,15.9,17.3));
#652 = VECTOR('',#653,1.);
#653 = DIRECTION('',(-1.,-0.,0.));
#654 = ORIENTED_EDGE('',*,*,#655,.T.);
#655 = EDGE_CURVE('',#648,#656,#658,.T.);
#656 = VERTEX_POINT('',#657);
#657 = CARTESIAN_POINT('',(14.4,16.090322580645,17.3));
#658 = LINE('',#659,#660);
#659 = CARTESIAN_POINT('',(14.4,14.843401154377,17.3));
#660 = VECTOR('',#661,1.);
#661 = DIRECTION('',(-0.,1.,0.));
#662 = ORIENTED_EDGE('',*,*,#663,.T.);
#663 = EDGE_CURVE('',#656,#664,#666,.T.);
#664 = VERTEX_POINT('',#665);
#665 = CARTESIAN_POINT('',(16.2,16.6,17.3));
#666 = LINE('',#667,#668);
#667 = CARTESIAN_POINT('',(13.41,15.81,17.3));
#668 = VECTOR('',#669,1.);
#669 = DIRECTION('',(0.962171938298,0.272442950271,0.));
#670 = ORIENTED_EDGE('',*,*,#671,.F.);
#671 = EDGE_CURVE('',#672,#664,#674,.T.);
#672 = VERTEX_POINT('',#673);
#673 = CARTESIAN_POINT('',(14.41,15.86,17.3));
#674 = LINE('',#675,#676);
#675 = CARTESIAN_POINT('',(16.326539688593,16.65231249696,17.3));
#676 = VECTOR('',#677,1.);
#677 = DIRECTION('',(0.924142576712,0.382047769144,-0.));
#678 = ORIENTED_EDGE('',*,*,#679,.F.);
#679 = EDGE_CURVE('',#531,#672,#680,.T.);
#680 = LINE('',#681,#682);
#681 = CARTESIAN_POINT('',(15.842852825818,14.604494380521,17.3));
#682 = VECTOR('',#683,1.);
#683 = DIRECTION('',(-0.752118836785,0.659027507281,0.));
#684 = ORIENTED_EDGE('',*,*,#538,.F.);
#685 = PLANE('',#686);
#686 = AXIS2_PLACEMENT_3D('',#687,#688,#689);
#687 = CARTESIAN_POINT('',(17.659330096193,13.786802308754,17.3));
#688 = DIRECTION('',(-0.,-0.,-1.));
#689 = DIRECTION('',(-1.,0.,0.));
#690 = ADVANCED_FACE('',(#691),#709,.F.);
#691 = FACE_BOUND('',#692,.F.);
#692 = EDGE_LOOP('',(#693,#701,#707,#708));
#693 = ORIENTED_EDGE('',*,*,#694,.F.);
#694 = EDGE_CURVE('',#695,#521,#697,.T.);
#695 = VERTEX_POINT('',#696);
#696 = CARTESIAN_POINT('',(14.41,15.86,0.4));
#697 = LINE('',#698,#699);
#698 = CARTESIAN_POINT('',(14.41,15.86,0.4));
#699 = VECTOR('',#700,1.);
#700 = DIRECTION('',(0.752118836785,-0.659027507281,0.));
#701 = ORIENTED_EDGE('',*,*,#702,.T.);
#702 = EDGE_CURVE('',#695,#672,#703,.T.);
#703 = LINE('',#704,#705);
#704 = CARTESIAN_POINT('',(14.41,15.86,0.4));
#705 = VECTOR('',#706,1.);
#706 = DIRECTION('',(0.,0.,1.));
#707 = ORIENTED_EDGE('',*,*,#679,.F.);
#708 = ORIENTED_EDGE('',*,*,#530,.F.);
#709 = PLANE('',#710);
#710 = AXIS2_PLACEMENT_3D('',#711,#712,#713);
#711 = CARTESIAN_POINT('',(14.41,15.86,0.4));
#712 = DIRECTION('',(0.659027507281,0.752118836785,-0.));
#713 = DIRECTION('',(0.752118836785,-0.659027507281,0.));
#714 = ADVANCED_FACE('',(#715),#756,.F.);
#715 = FACE_BOUND('',#716,.F.);
#716 = EDGE_LOOP('',(#717,#725,#733,#741,#749,#755));
#717 = ORIENTED_EDGE('',*,*,#718,.F.);
#718 = EDGE_CURVE('',#719,#648,#721,.T.);
#719 = VERTEX_POINT('',#720);
#720 = CARTESIAN_POINT('',(14.4,15.9,11.5));
#721 = LINE('',#722,#723);
#722 = CARTESIAN_POINT('',(14.4,15.9,11.5));
#723 = VECTOR('',#724,1.);
#724 = DIRECTION('',(0.,0.,1.));
#725 = ORIENTED_EDGE('',*,*,#726,.F.);
#726 = EDGE_CURVE('',#727,#719,#729,.T.);
#727 = VERTEX_POINT('',#728);
#728 = CARTESIAN_POINT('',(12.5,15.9,11.5));
#729 = LINE('',#730,#731);
#730 = CARTESIAN_POINT('',(12.5,15.9,11.5));
#731 = VECTOR('',#732,1.);
#732 = DIRECTION('',(1.,0.,-0.));
#733 = ORIENTED_EDGE('',*,*,#734,.T.);
#734 = EDGE_CURVE('',#727,#735,#737,.T.);
#735 = VERTEX_POINT('',#736);
#736 = CARTESIAN_POINT('',(12.5,15.9,19.2));
#737 = LINE('',#738,#739);
#738 = CARTESIAN_POINT('',(12.5,15.9,11.5));
#739 = VECTOR('',#740,1.);
#740 = DIRECTION('',(0.,0.,1.));
#741 = ORIENTED_EDGE('',*,*,#742,.T.);
#742 = EDGE_CURVE('',#735,#743,#745,.T.);
#743 = VERTEX_POINT('',#744);
#744 = CARTESIAN_POINT('',(13.727848101266,15.9,19.2));
#745 = LINE('',#746,#747);
#746 = CARTESIAN_POINT('',(12.5,15.9,19.2));
#747 = VECTOR('',#748,1.);
#748 = DIRECTION('',(1.,0.,-0.));
#749 = ORIENTED_EDGE('',*,*,#750,.F.);
#750 = EDGE_CURVE('',#640,#743,#751,.T.);
#751 = LINE('',#752,#753);
#752 = CARTESIAN_POINT('',(13.727848101266,15.9,14.4));
#753 = VECTOR('',#754,1.);
#754 = DIRECTION('',(0.,0.,1.));
#755 = ORIENTED_EDGE('',*,*,#647,.F.);
#756 = PLANE('',#757);
#757 = AXIS2_PLACEMENT_3D('',#758,#759,#760);
#758 = CARTESIAN_POINT('',(12.5,15.9,11.5));
#759 = DIRECTION('',(-0.,1.,0.));
#760 = DIRECTION('',(0.,0.,1.));
#761 = ADVANCED_FACE('',(#762),#812,.T.);
#762 = FACE_BOUND('',#763,.T.);
#763 = EDGE_LOOP('',(#764,#774,#782,#790,#798,#806));
#764 = ORIENTED_EDGE('',*,*,#765,.F.);
#765 = EDGE_CURVE('',#766,#768,#770,.T.);
#766 = VERTEX_POINT('',#767);
#767 = CARTESIAN_POINT('',(11.4,16.2,13.2));
#768 = VERTEX_POINT('',#769);
#769 = CARTESIAN_POINT('',(11.4,16.2,16.2));
#770 = LINE('',#771,#772);
#771 = CARTESIAN_POINT('',(11.4,16.2,11.5));
#772 = VECTOR('',#773,1.);
#773 = DIRECTION('',(0.,0.,1.));
#774 = ORIENTED_EDGE('',*,*,#775,.F.);
#775 = EDGE_CURVE('',#776,#766,#778,.T.);
#776 = VERTEX_POINT('',#777);
#777 = CARTESIAN_POINT('',(11.4,21.,13.2));
#778 = LINE('',#779,#780);
#779 = CARTESIAN_POINT('',(11.4,16.2,13.2));
#780 = VECTOR('',#781,1.);
#781 = DIRECTION('',(0.,-1.,0.));
#782 = ORIENTED_EDGE('',*,*,#783,.F.);
#783 = EDGE_CURVE('',#784,#776,#786,.T.);
#784 = VERTEX_POINT('',#785);
#785 = CARTESIAN_POINT('',(11.4,21.,11.5));
#786 = LINE('',#787,#788);
#787 = CARTESIAN_POINT('',(11.4,21.,11.5));
#788 = VECTOR('',#789,1.);
#789 = DIRECTION('',(0.,0.,1.));
#790 = ORIENTED_EDGE('',*,*,#791,.T.);
#791 = EDGE_CURVE('',#784,#792,#794,.T.);
#792 = VERTEX_POINT('',#793);
#793 = CARTESIAN_POINT('',(11.4,21.3,11.5));
#794 = LINE('',#795,#796);
#795 = CARTESIAN_POINT('',(11.4,16.2,11.5));
#796 = VECTOR('',#797,1.);
#797 = DIRECTION('',(-0.,1.,0.));
#798 = ORIENTED_EDGE('',*,*,#799,.T.);
#799 = EDGE_CURVE('',#792,#800,#802,.T.);
#800 = VERTEX_POINT('',#801);
#801 = CARTESIAN_POINT('',(11.4,21.3,16.2));
#802 = LINE('',#803,#804);
#803 = CARTESIAN_POINT('',(11.4,21.3,11.5));
#804 = VECTOR('',#805,1.);
#805 = DIRECTION('',(0.,0.,1.));
#806 = ORIENTED_EDGE('',*,*,#807,.F.);
#807 = EDGE_CURVE('',#768,#800,#808,.T.);
#808 = LINE('',#809,#810);
#809 = CARTESIAN_POINT('',(11.4,16.2,16.2));
#810 = VECTOR('',#811,1.);
#811 = DIRECTION('',(-0.,1.,0.));
#812 = PLANE('',#813);
#813 = AXIS2_PLACEMENT_3D('',#814,#815,#816);
#814 = CARTESIAN_POINT('',(11.4,16.2,11.5));
#815 = DIRECTION('',(1.,0.,-0.));
#816 = DIRECTION('',(0.,0.,1.));
#817 = ADVANCED_FACE('',(#818),#843,.T.);
#818 = FACE_BOUND('',#819,.T.);
#819 = EDGE_LOOP('',(#820,#828,#829,#837));
#820 = ORIENTED_EDGE('',*,*,#821,.F.);
#821 = EDGE_CURVE('',#784,#822,#824,.T.);
#822 = VERTEX_POINT('',#823);
#823 = CARTESIAN_POINT('',(13.2,21.,11.5));
#824 = LINE('',#825,#826);
#825 = CARTESIAN_POINT('',(-26.4,21.,11.5));
#826 = VECTOR('',#827,1.);
#827 = DIRECTION('',(1.,0.,-0.));
#828 = ORIENTED_EDGE('',*,*,#783,.T.);
#829 = ORIENTED_EDGE('',*,*,#830,.T.);
#830 = EDGE_CURVE('',#776,#831,#833,.T.);
#831 = VERTEX_POINT('',#832);
#832 = CARTESIAN_POINT('',(13.2,21.,13.2));
#833 = LINE('',#834,#835);
#834 = CARTESIAN_POINT('',(-26.4,21.,13.2));
#835 = VECTOR('',#836,1.);
#836 = DIRECTION('',(1.,0.,-0.));
#837 = ORIENTED_EDGE('',*,*,#838,.F.);
#838 = EDGE_CURVE('',#822,#831,#839,.T.);
#839 = LINE('',#840,#841);
#840 = CARTESIAN_POINT('',(13.2,21.,11.5));
#841 = VECTOR('',#842,1.);
#842 = DIRECTION('',(0.,0.,1.));
#843 = PLANE('',#844);
#844 = AXIS2_PLACEMENT_3D('',#845,#846,#847);
#845 = CARTESIAN_POINT('',(-26.4,21.,11.5));
#846 = DIRECTION('',(-0.,1.,0.));
#847 = DIRECTION('',(0.,0.,1.));
#848 = ADVANCED_FACE('',(#849),#883,.T.);
#849 = FACE_BOUND('',#850,.T.);
#850 = EDGE_LOOP('',(#851,#852,#853,#861,#869,#877));
#851 = ORIENTED_EDGE('',*,*,#830,.F.);
#852 = ORIENTED_EDGE('',*,*,#775,.T.);
#853 = ORIENTED_EDGE('',*,*,#854,.T.);
#854 = EDGE_CURVE('',#766,#855,#857,.T.);
#855 = VERTEX_POINT('',#856);
#856 = CARTESIAN_POINT('',(12.5,16.2,13.2));
#857 = LINE('',#858,#859);
#858 = CARTESIAN_POINT('',(-26.4,16.2,13.2));
#859 = VECTOR('',#860,1.);
#860 = DIRECTION('',(1.,0.,-0.));
#861 = ORIENTED_EDGE('',*,*,#862,.F.);
#862 = EDGE_CURVE('',#863,#855,#865,.T.);
#863 = VERTEX_POINT('',#864);
#864 = CARTESIAN_POINT('',(12.5,17.9,13.2));
#865 = LINE('',#866,#867);
#866 = CARTESIAN_POINT('',(12.5,16.05,13.2));
#867 = VECTOR('',#868,1.);
#868 = DIRECTION('',(0.,-1.,0.));
#869 = ORIENTED_EDGE('',*,*,#870,.T.);
#870 = EDGE_CURVE('',#863,#871,#873,.T.);
#871 = VERTEX_POINT('',#872);
#872 = CARTESIAN_POINT('',(13.2,17.9,13.2));
#873 = LINE('',#874,#875);
#874 = CARTESIAN_POINT('',(-6.95,17.9,13.2));
#875 = VECTOR('',#876,1.);
#876 = DIRECTION('',(1.,0.,-0.));
#877 = ORIENTED_EDGE('',*,*,#878,.T.);
#878 = EDGE_CURVE('',#871,#831,#879,.T.);
#879 = LINE('',#880,#881);
#880 = CARTESIAN_POINT('',(13.2,16.2,13.2));
#881 = VECTOR('',#882,1.);
#882 = DIRECTION('',(-0.,1.,0.));
#883 = PLANE('',#884);
#884 = AXIS2_PLACEMENT_3D('',#885,#886,#887);
#885 = CARTESIAN_POINT('',(-26.4,16.2,13.2));
#886 = DIRECTION('',(0.,0.,1.));
#887 = DIRECTION('',(1.,0.,-0.));
#888 = ADVANCED_FACE('',(#889),#907,.T.);
#889 = FACE_BOUND('',#890,.T.);
#890 = EDGE_LOOP('',(#891,#899,#905,#906));
#891 = ORIENTED_EDGE('',*,*,#892,.T.);
#892 = EDGE_CURVE('',#871,#893,#895,.T.);
#893 = VERTEX_POINT('',#894);
#894 = CARTESIAN_POINT('',(13.2,17.9,11.5));
#895 = LINE('',#896,#897);
#896 = CARTESIAN_POINT('',(13.2,17.9,11.5));
#897 = VECTOR('',#898,1.);
#898 = DIRECTION('',(-0.,0.,-1.));
#899 = ORIENTED_EDGE('',*,*,#900,.T.);
#900 = EDGE_CURVE('',#893,#822,#901,.T.);
#901 = LINE('',#902,#903);
#902 = CARTESIAN_POINT('',(13.2,16.2,11.5));
#903 = VECTOR('',#904,1.);
#904 = DIRECTION('',(-0.,1.,0.));
#905 = ORIENTED_EDGE('',*,*,#838,.T.);
#906 = ORIENTED_EDGE('',*,*,#878,.F.);
#907 = PLANE('',#908);
#908 = AXIS2_PLACEMENT_3D('',#909,#910,#911);
#909 = CARTESIAN_POINT('',(13.2,16.2,11.5));
#910 = DIRECTION('',(1.,0.,-0.));
#911 = DIRECTION('',(0.,0.,1.));
#912 = ADVANCED_FACE('',(#913),#945,.F.);
#913 = FACE_BOUND('',#914,.F.);
#914 = EDGE_LOOP('',(#915,#923,#924,#932,#938,#939));
#915 = ORIENTED_EDGE('',*,*,#916,.F.);
#916 = EDGE_CURVE('',#735,#917,#919,.T.);
#917 = VERTEX_POINT('',#918);
#918 = CARTESIAN_POINT('',(12.5,17.9,19.2));
#919 = LINE('',#920,#921);
#920 = CARTESIAN_POINT('',(12.5,15.9,19.2));
#921 = VECTOR('',#922,1.);
#922 = DIRECTION('',(-0.,1.,0.));
#923 = ORIENTED_EDGE('',*,*,#734,.F.);
#924 = ORIENTED_EDGE('',*,*,#925,.T.);
#925 = EDGE_CURVE('',#727,#926,#928,.T.);
#926 = VERTEX_POINT('',#927);
#927 = CARTESIAN_POINT('',(12.5,16.2,11.5));
#928 = LINE('',#929,#930);
#929 = CARTESIAN_POINT('',(12.5,15.9,11.5));
#930 = VECTOR('',#931,1.);
#931 = DIRECTION('',(-0.,1.,0.));
#932 = ORIENTED_EDGE('',*,*,#933,.T.);
#933 = EDGE_CURVE('',#926,#855,#934,.T.);
#934 = LINE('',#935,#936);
#935 = CARTESIAN_POINT('',(12.5,16.2,11.5));
#936 = VECTOR('',#937,1.);
#937 = DIRECTION('',(0.,0.,1.));
#938 = ORIENTED_EDGE('',*,*,#862,.F.);
#939 = ORIENTED_EDGE('',*,*,#940,.T.);
#940 = EDGE_CURVE('',#863,#917,#941,.T.);
#941 = LINE('',#942,#943);
#942 = CARTESIAN_POINT('',(12.5,17.9,11.5));
#943 = VECTOR('',#944,1.);
#944 = DIRECTION('',(0.,0.,1.));
#945 = PLANE('',#946);
#946 = AXIS2_PLACEMENT_3D('',#947,#948,#949);
#947 = CARTESIAN_POINT('',(12.5,15.9,11.5));
#948 = DIRECTION('',(1.,0.,-0.));
#949 = DIRECTION('',(0.,0.,1.));
#950 = ADVANCED_FACE('',(#951),#978,.T.);
#951 = FACE_BOUND('',#952,.T.);
#952 = EDGE_LOOP('',(#953,#961,#962,#963,#964,#972));
#953 = ORIENTED_EDGE('',*,*,#954,.F.);
#954 = EDGE_CURVE('',#893,#955,#957,.T.);
#955 = VERTEX_POINT('',#956);
#956 = CARTESIAN_POINT('',(14.4,17.9,11.5));
#957 = LINE('',#958,#959);
#958 = CARTESIAN_POINT('',(12.5,17.9,11.5));
#959 = VECTOR('',#960,1.);
#960 = DIRECTION('',(1.,0.,-0.));
#961 = ORIENTED_EDGE('',*,*,#892,.F.);
#962 = ORIENTED_EDGE('',*,*,#870,.F.);
#963 = ORIENTED_EDGE('',*,*,#940,.T.);
#964 = ORIENTED_EDGE('',*,*,#965,.T.);
#965 = EDGE_CURVE('',#917,#966,#968,.T.);
#966 = VERTEX_POINT('',#967);
#967 = CARTESIAN_POINT('',(14.4,17.9,19.2));
#968 = LINE('',#969,#970);
#969 = CARTESIAN_POINT('',(12.5,17.9,19.2));
#970 = VECTOR('',#971,1.);
#971 = DIRECTION('',(1.,0.,-0.));
#972 = ORIENTED_EDGE('',*,*,#973,.F.);
#973 = EDGE_CURVE('',#955,#966,#974,.T.);
#974 = LINE('',#975,#976);
#975 = CARTESIAN_POINT('',(14.4,17.9,11.5));
#976 = VECTOR('',#977,1.);
#977 = DIRECTION('',(0.,0.,1.));
#978 = PLANE('',#979);
#979 = AXIS2_PLACEMENT_3D('',#980,#981,#982);
#980 = CARTESIAN_POINT('',(12.5,17.9,11.5));
#981 = DIRECTION('',(-0.,1.,0.));
#982 = DIRECTION('',(0.,0.,1.));
#983 = ADVANCED_FACE('',(#984),#1009,.T.);
#984 = FACE_BOUND('',#985,.T.);
#985 = EDGE_LOOP('',(#986,#987,#993,#994,#1002,#1008));
#986 = ORIENTED_EDGE('',*,*,#718,.F.);
#987 = ORIENTED_EDGE('',*,*,#988,.T.);
#988 = EDGE_CURVE('',#719,#955,#989,.T.);
#989 = LINE('',#990,#991);
#990 = CARTESIAN_POINT('',(14.4,15.9,11.5));
#991 = VECTOR('',#992,1.);
#992 = DIRECTION('',(-0.,1.,0.));
#993 = ORIENTED_EDGE('',*,*,#973,.T.);
#994 = ORIENTED_EDGE('',*,*,#995,.F.);
#995 = EDGE_CURVE('',#996,#966,#998,.T.);
#996 = VERTEX_POINT('',#997);
#997 = CARTESIAN_POINT('',(14.4,16.090322580645,19.2));
#998 = LINE('',#999,#1000);
#999 = CARTESIAN_POINT('',(14.4,15.9,19.2));
#1000 = VECTOR('',#1001,1.);
#1001 = DIRECTION('',(-0.,1.,0.));
#1002 = ORIENTED_EDGE('',*,*,#1003,.F.);
#1003 = EDGE_CURVE('',#656,#996,#1004,.T.);
#1004 = LINE('',#1005,#1006);
#1005 = CARTESIAN_POINT('',(14.4,16.090322580645,14.4));
#1006 = VECTOR('',#1007,1.);
#1007 = DIRECTION('',(0.,0.,1.));
#1008 = ORIENTED_EDGE('',*,*,#655,.F.);
#1009 = PLANE('',#1010);
#1010 = AXIS2_PLACEMENT_3D('',#1011,#1012,#1013);
#1011 = CARTESIAN_POINT('',(14.4,15.9,11.5));
#1012 = DIRECTION('',(1.,0.,-0.));
#1013 = DIRECTION('',(0.,0.,1.));
#1014 = ADVANCED_FACE('',(#1015),#1033,.F.);
#1015 = FACE_BOUND('',#1016,.F.);
#1016 = EDGE_LOOP('',(#1017,#1025,#1031,#1032));
#1017 = ORIENTED_EDGE('',*,*,#1018,.F.);
#1018 = EDGE_CURVE('',#1019,#695,#1021,.T.);
#1019 = VERTEX_POINT('',#1020);
#1020 = CARTESIAN_POINT('',(16.2,16.6,0.4));
#1021 = LINE('',#1022,#1023);
#1022 = CARTESIAN_POINT('',(16.2,16.6,0.4));
#1023 = VECTOR('',#1024,1.);
#1024 = DIRECTION('',(-0.924142576712,-0.382047769144,0.));
#1025 = ORIENTED_EDGE('',*,*,#1026,.T.);
#1026 = EDGE_CURVE('',#1019,#664,#1027,.T.);
#1027 = LINE('',#1028,#1029);
#1028 = CARTESIAN_POINT('',(16.2,16.6,0.4));
#1029 = VECTOR('',#1030,1.);
#1030 = DIRECTION('',(0.,0.,1.));
#1031 = ORIENTED_EDGE('',*,*,#671,.F.);
#1032 = ORIENTED_EDGE('',*,*,#702,.F.);
#1033 = PLANE('',#1034);
#1034 = AXIS2_PLACEMENT_3D('',#1035,#1036,#1037);
#1035 = CARTESIAN_POINT('',(16.2,16.6,0.4));
#1036 = DIRECTION('',(0.382047769144,-0.924142576712,0.));
#1037 = DIRECTION('',(-0.924142576712,-0.382047769144,0.));
#1038 = ADVANCED_FACE('',(#1039),#1105,.T.);
#1039 = FACE_BOUND('',#1040,.T.);
#1040 = EDGE_LOOP('',(#1041,#1051,#1059,#1067,#1075,#1083,#1091,#1099));
#1041 = ORIENTED_EDGE('',*,*,#1042,.F.);
#1042 = EDGE_CURVE('',#1043,#1045,#1047,.T.);
#1043 = VERTEX_POINT('',#1044);
#1044 = CARTESIAN_POINT('',(11.57,21.3,13.2));
#1045 = VERTEX_POINT('',#1046);
#1046 = CARTESIAN_POINT('',(11.57,21.3,16.2));
#1047 = LINE('',#1048,#1049);
#1048 = CARTESIAN_POINT('',(11.57,21.3,0.4));
#1049 = VECTOR('',#1050,1.);
#1050 = DIRECTION('',(0.,0.,1.));
#1051 = ORIENTED_EDGE('',*,*,#1052,.T.);
#1052 = EDGE_CURVE('',#1043,#1053,#1055,.T.);
#1053 = VERTEX_POINT('',#1054);
#1054 = CARTESIAN_POINT('',(11.57,23.07,13.2));
#1055 = LINE('',#1056,#1057);
#1056 = CARTESIAN_POINT('',(11.57,21.3,13.2));
#1057 = VECTOR('',#1058,1.);
#1058 = DIRECTION('',(-0.,1.,0.));
#1059 = ORIENTED_EDGE('',*,*,#1060,.F.);
#1060 = EDGE_CURVE('',#1061,#1053,#1063,.T.);
#1061 = VERTEX_POINT('',#1062);
#1062 = CARTESIAN_POINT('',(11.57,23.07,2.1));
#1063 = LINE('',#1064,#1065);
#1064 = CARTESIAN_POINT('',(11.57,23.07,0.4));
#1065 = VECTOR('',#1066,1.);
#1066 = DIRECTION('',(0.,0.,1.));
#1067 = ORIENTED_EDGE('',*,*,#1068,.T.);
#1068 = EDGE_CURVE('',#1061,#1069,#1071,.T.);
#1069 = VERTEX_POINT('',#1070);
#1070 = CARTESIAN_POINT('',(11.57,27.855127939793,2.1));
#1071 = LINE('',#1072,#1073);
#1072 = CARTESIAN_POINT('',(11.57,19.653922596402,2.1));
#1073 = VECTOR('',#1074,1.);
#1074 = DIRECTION('',(-0.,1.,0.));
#1075 = ORIENTED_EDGE('',*,*,#1076,.F.);
#1076 = EDGE_CURVE('',#1077,#1069,#1079,.T.);
#1077 = VERTEX_POINT('',#1078);
#1078 = CARTESIAN_POINT('',(11.57,27.855127939793,0.4));
#1079 = LINE('',#1080,#1081);
#1080 = CARTESIAN_POINT('',(11.57,27.855127939793,0.4));
#1081 = VECTOR('',#1082,1.);
#1082 = DIRECTION('',(0.,0.,1.));
#1083 = ORIENTED_EDGE('',*,*,#1084,.T.);
#1084 = EDGE_CURVE('',#1077,#1085,#1087,.T.);
#1085 = VERTEX_POINT('',#1086);
#1086 = CARTESIAN_POINT('',(11.57,28.,0.4));
#1087 = LINE('',#1088,#1089);
#1088 = CARTESIAN_POINT('',(11.57,21.3,0.4));
#1089 = VECTOR('',#1090,1.);
#1090 = DIRECTION('',(-0.,1.,0.));
#1091 = ORIENTED_EDGE('',*,*,#1092,.T.);
#1092 = EDGE_CURVE('',#1085,#1093,#1095,.T.);
#1093 = VERTEX_POINT('',#1094);
#1094 = CARTESIAN_POINT('',(11.57,28.,16.2));
#1095 = LINE('',#1096,#1097);
#1096 = CARTESIAN_POINT('',(11.57,28.,0.4));
#1097 = VECTOR('',#1098,1.);
#1098 = DIRECTION('',(0.,0.,1.));
#1099 = ORIENTED_EDGE('',*,*,#1100,.F.);
#1100 = EDGE_CURVE('',#1045,#1093,#1101,.T.);
#1101 = LINE('',#1102,#1103);
#1102 = CARTESIAN_POINT('',(11.57,21.3,16.2));
#1103 = VECTOR('',#1104,1.);
#1104 = DIRECTION('',(-0.,1.,0.));
#1105 = PLANE('',#1106);
#1106 = AXIS2_PLACEMENT_3D('',#1107,#1108,#1109);
#1107 = CARTESIAN_POINT('',(11.57,21.3,0.4));
#1108 = DIRECTION('',(1.,0.,-0.));
#1109 = DIRECTION('',(0.,0.,1.));
#1110 = ADVANCED_FACE('',(#1111),#1136,.F.);
#1111 = FACE_BOUND('',#1112,.F.);
#1112 = EDGE_LOOP('',(#1113,#1121,#1129,#1135));
#1113 = ORIENTED_EDGE('',*,*,#1114,.F.);
#1114 = EDGE_CURVE('',#1115,#1077,#1117,.T.);
#1115 = VERTEX_POINT('',#1116);
#1116 = CARTESIAN_POINT('',(14.126,28.,0.4));
#1117 = LINE('',#1118,#1119);
#1118 = CARTESIAN_POINT('',(14.126,28.,0.4));
#1119 = VECTOR('',#1120,1.);
#1120 = DIRECTION('',(-0.998397593395,-5.658838664351E-02,0.));
#1121 = ORIENTED_EDGE('',*,*,#1122,.T.);
#1122 = EDGE_CURVE('',#1115,#1123,#1125,.T.);
#1123 = VERTEX_POINT('',#1124);
#1124 = CARTESIAN_POINT('',(14.126,28.,2.1));
#1125 = LINE('',#1126,#1127);
#1126 = CARTESIAN_POINT('',(14.126,28.,0.4));
#1127 = VECTOR('',#1128,1.);
#1128 = DIRECTION('',(0.,0.,1.));
#1129 = ORIENTED_EDGE('',*,*,#1130,.T.);
#1130 = EDGE_CURVE('',#1123,#1069,#1131,.T.);
#1131 = LINE('',#1132,#1133);
#1132 = CARTESIAN_POINT('',(14.126,28.,2.1));
#1133 = VECTOR('',#1134,1.);
#1134 = DIRECTION('',(-0.998397593395,-5.658838664351E-02,0.));
#1135 = ORIENTED_EDGE('',*,*,#1076,.F.);
#1136 = PLANE('',#1137);
#1137 = AXIS2_PLACEMENT_3D('',#1138,#1139,#1140);
#1138 = CARTESIAN_POINT('',(14.126,28.,0.4));
#1139 = DIRECTION('',(5.658838664351E-02,-0.998397593395,0.));
#1140 = DIRECTION('',(-0.998397593395,-5.658838664351E-02,0.));
#1141 = ADVANCED_FACE('',(#1142,#1272),#1283,.T.);
#1142 = FACE_BOUND('',#1143,.T.);
#1143 = EDGE_LOOP('',(#1144,#1154,#1162,#1170,#1178,#1186,#1194,#1202,
    #1210,#1218,#1226,#1234,#1242,#1250,#1256,#1257,#1258,#1266));
#1144 = ORIENTED_EDGE('',*,*,#1145,.T.);
#1145 = EDGE_CURVE('',#1146,#1148,#1150,.T.);
#1146 = VERTEX_POINT('',#1147);
#1147 = CARTESIAN_POINT('',(16.17,18.098538685282,2.1));
#1148 = VERTEX_POINT('',#1149);
#1149 = CARTESIAN_POINT('',(17.646194860031,15.292136822233,2.1));
#1150 = LINE('',#1151,#1152);
#1151 = CARTESIAN_POINT('',(14.486,21.3,2.1));
#1152 = VECTOR('',#1153,1.);
#1153 = DIRECTION('',(0.465534348045,-0.885029813503,0.));
#1154 = ORIENTED_EDGE('',*,*,#1155,.T.);
#1155 = EDGE_CURVE('',#1148,#1156,#1158,.T.);
#1156 = VERTEX_POINT('',#1157);
#1157 = CARTESIAN_POINT('',(21.95,11.4,2.1));
#1158 = LINE('',#1159,#1160);
#1159 = CARTESIAN_POINT('',(20.028903062405,13.137339839216,2.1));
#1160 = VECTOR('',#1161,1.);
#1161 = DIRECTION('',(0.741688552722,-0.670744430287,0.));
#1162 = ORIENTED_EDGE('',*,*,#1163,.T.);
#1163 = EDGE_CURVE('',#1156,#1164,#1166,.T.);
#1164 = VERTEX_POINT('',#1165);
#1165 = CARTESIAN_POINT('',(34.,11.4,2.1));
#1166 = LINE('',#1167,#1168);
#1167 = CARTESIAN_POINT('',(27.470638773251,11.4,2.1));
#1168 = VECTOR('',#1169,1.);
#1169 = DIRECTION('',(1.,0.,-0.));
#1170 = ORIENTED_EDGE('',*,*,#1171,.T.);
#1171 = EDGE_CURVE('',#1164,#1172,#1174,.T.);
#1172 = VERTEX_POINT('',#1173);
#1173 = CARTESIAN_POINT('',(34.,11.972,2.1));
#1174 = LINE('',#1175,#1176);
#1175 = CARTESIAN_POINT('',(34.,9.968,2.1));
#1176 = VECTOR('',#1177,1.);
#1177 = DIRECTION('',(0.,1.,0.));
#1178 = ORIENTED_EDGE('',*,*,#1179,.T.);
#1179 = EDGE_CURVE('',#1172,#1180,#1182,.T.);
#1180 = VERTEX_POINT('',#1181);
#1181 = CARTESIAN_POINT('',(16.074,27.281,2.1));
#1182 = LINE('',#1183,#1184);
#1183 = CARTESIAN_POINT('',(34.,11.972,2.1));
#1184 = VECTOR('',#1185,1.);
#1185 = DIRECTION('',(-0.760432159157,0.649417378363,0.));
#1186 = ORIENTED_EDGE('',*,*,#1187,.T.);
#1187 = EDGE_CURVE('',#1180,#1188,#1190,.T.);
#1188 = VERTEX_POINT('',#1189);
#1189 = CARTESIAN_POINT('',(15.889,27.427,2.1));
#1190 = LINE('',#1191,#1192);
#1191 = CARTESIAN_POINT('',(16.074,27.281,2.1));
#1192 = VECTOR('',#1193,1.);
#1193 = DIRECTION('',(-0.784991367723,0.619506701014,0.));
#1194 = ORIENTED_EDGE('',*,*,#1195,.T.);
#1195 = EDGE_CURVE('',#1188,#1196,#1198,.T.);
#1196 = VERTEX_POINT('',#1197);
#1197 = CARTESIAN_POINT('',(15.693,27.558,2.1));
#1198 = LINE('',#1199,#1200);
#1199 = CARTESIAN_POINT('',(15.889,27.427,2.1));
#1200 = VECTOR('',#1201,1.);
#1201 = DIRECTION('',(-0.831397130511,0.555678694372,0.));
#1202 = ORIENTED_EDGE('',*,*,#1203,.T.);
#1203 = EDGE_CURVE('',#1196,#1204,#1206,.T.);
#1204 = VERTEX_POINT('',#1205);
#1205 = CARTESIAN_POINT('',(15.488,27.673,2.1));
#1206 = LINE('',#1207,#1208);
#1207 = CARTESIAN_POINT('',(15.693,27.558,2.1));
#1208 = VECTOR('',#1209,1.);
#1209 = DIRECTION('',(-0.872143041114,0.489250974283,0.));
#1210 = ORIENTED_EDGE('',*,*,#1211,.T.);
#1211 = EDGE_CURVE('',#1204,#1212,#1214,.T.);
#1212 = VERTEX_POINT('',#1213);
#1213 = CARTESIAN_POINT('',(15.274,27.772,2.1));
#1214 = LINE('',#1215,#1216);
#1215 = CARTESIAN_POINT('',(15.488,27.673,2.1));
#1216 = VECTOR('',#1217,1.);
#1217 = DIRECTION('',(-0.907586640339,0.419864847633,0.));
#1218 = ORIENTED_EDGE('',*,*,#1219,.T.);
#1219 = EDGE_CURVE('',#1212,#1220,#1222,.T.);
#1220 = VERTEX_POINT('',#1221);
#1221 = CARTESIAN_POINT('',(15.053,27.853,2.1));
#1222 = LINE('',#1223,#1224);
#1223 = CARTESIAN_POINT('',(15.274,27.772,2.1));
#1224 = VECTOR('',#1225,1.);
#1225 = DIRECTION('',(-0.938922080044,0.344129812143,0.));
#1226 = ORIENTED_EDGE('',*,*,#1227,.T.);
#1227 = EDGE_CURVE('',#1220,#1228,#1230,.T.);
#1228 = VERTEX_POINT('',#1229);
#1229 = CARTESIAN_POINT('',(14.826,27.917,2.1));
#1230 = LINE('',#1231,#1232);
#1231 = CARTESIAN_POINT('',(15.053,27.853,2.1));
#1232 = VECTOR('',#1233,1.);
#1233 = DIRECTION('',(-0.962478075046,0.271359457282,0.));
#1234 = ORIENTED_EDGE('',*,*,#1235,.T.);
#1235 = EDGE_CURVE('',#1228,#1236,#1238,.T.);
#1236 = VERTEX_POINT('',#1237);
#1237 = CARTESIAN_POINT('',(14.595,27.963,2.1));
#1238 = LINE('',#1239,#1240);
#1239 = CARTESIAN_POINT('',(14.826,27.917,2.1));
#1240 = VECTOR('',#1241,1.);
#1241 = DIRECTION('',(-0.980743629756,0.195299597267,0.));
#1242 = ORIENTED_EDGE('',*,*,#1243,.T.);
#1243 = EDGE_CURVE('',#1236,#1244,#1246,.T.);
#1244 = VERTEX_POINT('',#1245);
#1245 = CARTESIAN_POINT('',(14.361,27.991,2.1));
#1246 = LINE('',#1247,#1248);
#1247 = CARTESIAN_POINT('',(14.595,27.963,2.1));
#1248 = VECTOR('',#1249,1.);
#1249 = DIRECTION('',(-0.992916938889,0.118810573884,0.));
#1250 = ORIENTED_EDGE('',*,*,#1251,.T.);
#1251 = EDGE_CURVE('',#1244,#1123,#1252,.T.);
#1252 = LINE('',#1253,#1254);
#1253 = CARTESIAN_POINT('',(14.361,27.991,2.1));
#1254 = VECTOR('',#1255,1.);
#1255 = DIRECTION('',(-0.999267442235,3.826981693668E-02,0.));
#1256 = ORIENTED_EDGE('',*,*,#1130,.T.);
#1257 = ORIENTED_EDGE('',*,*,#1068,.F.);
#1258 = ORIENTED_EDGE('',*,*,#1259,.F.);
#1259 = EDGE_CURVE('',#1260,#1061,#1262,.T.);
#1260 = VERTEX_POINT('',#1261);
#1261 = CARTESIAN_POINT('',(16.17,23.07,2.1));
#1262 = LINE('',#1263,#1264);
#1263 = CARTESIAN_POINT('',(16.255638773251,23.07,2.1));
#1264 = VECTOR('',#1265,1.);
#1265 = DIRECTION('',(-1.,-0.,0.));
#1266 = ORIENTED_EDGE('',*,*,#1267,.F.);
#1267 = EDGE_CURVE('',#1146,#1260,#1268,.T.);
#1268 = LINE('',#1269,#1270);
#1269 = CARTESIAN_POINT('',(16.17,17.303922596402,2.1));
#1270 = VECTOR('',#1271,1.);
#1271 = DIRECTION('',(-0.,1.,0.));
#1272 = FACE_BOUND('',#1273,.T.);
#1273 = EDGE_LOOP('',(#1274));
#1274 = ORIENTED_EDGE('',*,*,#1275,.F.);
#1275 = EDGE_CURVE('',#1276,#1276,#1278,.T.);
#1276 = VERTEX_POINT('',#1277);
#1277 = CARTESIAN_POINT('',(20.35,19.5,2.1));
#1278 = CIRCLE('',#1279,1.35);
#1279 = AXIS2_PLACEMENT_3D('',#1280,#1281,#1282);
#1280 = CARTESIAN_POINT('',(19.,19.5,2.1));
#1281 = DIRECTION('',(0.,0.,1.));
#1282 = DIRECTION('',(1.,0.,-0.));
#1283 = PLANE('',#1284);
#1284 = AXIS2_PLACEMENT_3D('',#1285,#1286,#1287);
#1285 = CARTESIAN_POINT('',(20.941277546502,18.007845192803,2.1));
#1286 = DIRECTION('',(0.,0.,1.));
#1287 = DIRECTION('',(1.,0.,-0.));
#1288 = ADVANCED_FACE('',(#1289),#1307,.F.);
#1289 = FACE_BOUND('',#1290,.F.);
#1290 = EDGE_LOOP('',(#1291,#1299,#1300,#1301));
#1291 = ORIENTED_EDGE('',*,*,#1292,.T.);
#1292 = EDGE_CURVE('',#1293,#1244,#1295,.T.);
#1293 = VERTEX_POINT('',#1294);
#1294 = CARTESIAN_POINT('',(14.361,27.991,0.4));
#1295 = LINE('',#1296,#1297);
#1296 = CARTESIAN_POINT('',(14.361,27.991,0.4));
#1297 = VECTOR('',#1298,1.);
#1298 = DIRECTION('',(0.,0.,1.));
#1299 = ORIENTED_EDGE('',*,*,#1251,.T.);
#1300 = ORIENTED_EDGE('',*,*,#1122,.F.);
#1301 = ORIENTED_EDGE('',*,*,#1302,.F.);
#1302 = EDGE_CURVE('',#1293,#1115,#1303,.T.);
#1303 = LINE('',#1304,#1305);
#1304 = CARTESIAN_POINT('',(14.361,27.991,0.4));
#1305 = VECTOR('',#1306,1.);
#1306 = DIRECTION('',(-0.999267442235,3.826981693668E-02,0.));
#1307 = PLANE('',#1308);
#1308 = AXIS2_PLACEMENT_3D('',#1309,#1310,#1311);
#1309 = CARTESIAN_POINT('',(14.361,27.991,0.4));
#1310 = DIRECTION('',(-3.826981693668E-02,-0.999267442235,0.));
#1311 = DIRECTION('',(-0.999267442235,3.826981693668E-02,0.));
#1312 = ADVANCED_FACE('',(#1313),#1338,.F.);
#1313 = FACE_BOUND('',#1314,.F.);
#1314 = EDGE_LOOP('',(#1315,#1325,#1331,#1332));
#1315 = ORIENTED_EDGE('',*,*,#1316,.F.);
#1316 = EDGE_CURVE('',#1317,#1319,#1321,.T.);
#1317 = VERTEX_POINT('',#1318);
#1318 = CARTESIAN_POINT('',(16.17,18.098538685282,0.4));
#1319 = VERTEX_POINT('',#1320);
#1320 = CARTESIAN_POINT('',(17.646194860031,15.292136822233,0.4));
#1321 = LINE('',#1322,#1323);
#1322 = CARTESIAN_POINT('',(14.486,21.3,0.4));
#1323 = VECTOR('',#1324,1.);
#1324 = DIRECTION('',(0.465534348045,-0.885029813503,0.));
#1325 = ORIENTED_EDGE('',*,*,#1326,.F.);
#1326 = EDGE_CURVE('',#1146,#1317,#1327,.T.);
#1327 = LINE('',#1328,#1329);
#1328 = CARTESIAN_POINT('',(16.17,18.098538685282,0.4));
#1329 = VECTOR('',#1330,1.);
#1330 = DIRECTION('',(0.,0.,-1.));
#1331 = ORIENTED_EDGE('',*,*,#1145,.T.);
#1332 = ORIENTED_EDGE('',*,*,#1333,.T.);
#1333 = EDGE_CURVE('',#1148,#1319,#1334,.T.);
#1334 = LINE('',#1335,#1336);
#1335 = CARTESIAN_POINT('',(17.646194860031,15.292136822233,0.4));
#1336 = VECTOR('',#1337,1.);
#1337 = DIRECTION('',(0.,0.,-1.));
#1338 = PLANE('',#1339);
#1339 = AXIS2_PLACEMENT_3D('',#1340,#1341,#1342);
#1340 = CARTESIAN_POINT('',(14.486,21.3,0.4));
#1341 = DIRECTION('',(0.885029813503,0.465534348045,-0.));
#1342 = DIRECTION('',(0.465534348045,-0.885029813503,0.));
#1343 = ADVANCED_FACE('',(#1344),#1385,.F.);
#1344 = FACE_BOUND('',#1345,.F.);
#1345 = EDGE_LOOP('',(#1346,#1347,#1348,#1356,#1364,#1372,#1378,#1379));
#1346 = ORIENTED_EDGE('',*,*,#1333,.F.);
#1347 = ORIENTED_EDGE('',*,*,#1155,.T.);
#1348 = ORIENTED_EDGE('',*,*,#1349,.T.);
#1349 = EDGE_CURVE('',#1156,#1350,#1352,.T.);
#1350 = VERTEX_POINT('',#1351);
#1351 = CARTESIAN_POINT('',(21.95,11.4,19.2));
#1352 = LINE('',#1353,#1354);
#1353 = CARTESIAN_POINT('',(21.95,11.4,0.4));
#1354 = VECTOR('',#1355,1.);
#1355 = DIRECTION('',(0.,0.,1.));
#1356 = ORIENTED_EDGE('',*,*,#1357,.T.);
#1357 = EDGE_CURVE('',#1350,#1358,#1360,.T.);
#1358 = VERTEX_POINT('',#1359);
#1359 = CARTESIAN_POINT('',(21.845511255763,11.494494168701,19.2));
#1360 = LINE('',#1361,#1362);
#1361 = CARTESIAN_POINT('',(21.95,11.4,19.2));
#1362 = VECTOR('',#1363,1.);
#1363 = DIRECTION('',(-0.741688552722,0.670744430287,0.));
#1364 = ORIENTED_EDGE('',*,*,#1365,.F.);
#1365 = EDGE_CURVE('',#1366,#1358,#1368,.T.);
#1366 = VERTEX_POINT('',#1367);
#1367 = CARTESIAN_POINT('',(21.845511255763,11.494494168701,17.3));
#1368 = LINE('',#1369,#1370);
#1369 = CARTESIAN_POINT('',(21.845511255763,11.494494168701,8.85));
#1370 = VECTOR('',#1371,1.);
#1371 = DIRECTION('',(0.,0.,1.));
#1372 = ORIENTED_EDGE('',*,*,#1373,.F.);
#1373 = EDGE_CURVE('',#664,#1366,#1374,.T.);
#1374 = LINE('',#1375,#1376);
#1375 = CARTESIAN_POINT('',(20.176149804697,13.004177567926,17.3));
#1376 = VECTOR('',#1377,1.);
#1377 = DIRECTION('',(0.741688552722,-0.670744430287,0.));
#1378 = ORIENTED_EDGE('',*,*,#1026,.F.);
#1379 = ORIENTED_EDGE('',*,*,#1380,.F.);
#1380 = EDGE_CURVE('',#1319,#1019,#1381,.T.);
#1381 = LINE('',#1382,#1383);
#1382 = CARTESIAN_POINT('',(21.95,11.4,0.4));
#1383 = VECTOR('',#1384,1.);
#1384 = DIRECTION('',(-0.741688552722,0.670744430287,0.));
#1385 = PLANE('',#1386);
#1386 = AXIS2_PLACEMENT_3D('',#1387,#1388,#1389);
#1387 = CARTESIAN_POINT('',(21.95,11.4,0.4));
#1388 = DIRECTION('',(-0.670744430287,-0.741688552722,0.));
#1389 = DIRECTION('',(-0.741688552722,0.670744430287,0.));
#1390 = ADVANCED_FACE('',(#1391),#1409,.F.);
#1391 = FACE_BOUND('',#1392,.F.);
#1392 = EDGE_LOOP('',(#1393,#1394,#1402,#1408));
#1393 = ORIENTED_EDGE('',*,*,#1163,.T.);
#1394 = ORIENTED_EDGE('',*,*,#1395,.T.);
#1395 = EDGE_CURVE('',#1164,#1396,#1398,.T.);
#1396 = VERTEX_POINT('',#1397);
#1397 = CARTESIAN_POINT('',(34.,11.4,19.2));
#1398 = LINE('',#1399,#1400);
#1399 = CARTESIAN_POINT('',(34.,11.4,0.4));
#1400 = VECTOR('',#1401,1.);
#1401 = DIRECTION('',(0.,0.,1.));
#1402 = ORIENTED_EDGE('',*,*,#1403,.T.);
#1403 = EDGE_CURVE('',#1396,#1350,#1404,.T.);
#1404 = LINE('',#1405,#1406);
#1405 = CARTESIAN_POINT('',(34.,11.4,19.2));
#1406 = VECTOR('',#1407,1.);
#1407 = DIRECTION('',(-1.,0.,0.));
#1408 = ORIENTED_EDGE('',*,*,#1349,.F.);
#1409 = PLANE('',#1410);
#1410 = AXIS2_PLACEMENT_3D('',#1411,#1412,#1413);
#1411 = CARTESIAN_POINT('',(34.,11.4,0.4));
#1412 = DIRECTION('',(0.,-1.,0.));
#1413 = DIRECTION('',(-1.,0.,0.));
#1414 = ADVANCED_FACE('',(#1415),#1440,.F.);
#1415 = FACE_BOUND('',#1416,.F.);
#1416 = EDGE_LOOP('',(#1417,#1425,#1426,#1434));
#1417 = ORIENTED_EDGE('',*,*,#1418,.T.);
#1418 = EDGE_CURVE('',#1419,#1172,#1421,.T.);
#1419 = VERTEX_POINT('',#1420);
#1420 = CARTESIAN_POINT('',(34.,11.972,0.4));
#1421 = LINE('',#1422,#1423);
#1422 = CARTESIAN_POINT('',(34.,11.972,0.4));
#1423 = VECTOR('',#1424,1.);
#1424 = DIRECTION('',(0.,0.,1.));
#1425 = ORIENTED_EDGE('',*,*,#1179,.T.);
#1426 = ORIENTED_EDGE('',*,*,#1427,.F.);
#1427 = EDGE_CURVE('',#1428,#1180,#1430,.T.);
#1428 = VERTEX_POINT('',#1429);
#1429 = CARTESIAN_POINT('',(16.074,27.281,0.4));
#1430 = LINE('',#1431,#1432);
#1431 = CARTESIAN_POINT('',(16.074,27.281,0.4));
#1432 = VECTOR('',#1433,1.);
#1433 = DIRECTION('',(0.,0.,1.));
#1434 = ORIENTED_EDGE('',*,*,#1435,.F.);
#1435 = EDGE_CURVE('',#1419,#1428,#1436,.T.);
#1436 = LINE('',#1437,#1438);
#1437 = CARTESIAN_POINT('',(34.,11.972,0.4));
#1438 = VECTOR('',#1439,1.);
#1439 = DIRECTION('',(-0.760432159157,0.649417378363,0.));
#1440 = PLANE('',#1441);
#1441 = AXIS2_PLACEMENT_3D('',#1442,#1443,#1444);
#1442 = CARTESIAN_POINT('',(34.,11.972,0.4));
#1443 = DIRECTION('',(-0.649417378363,-0.760432159157,0.));
#1444 = DIRECTION('',(-0.760432159157,0.649417378363,0.));
#1445 = ADVANCED_FACE('',(#1446),#1464,.F.);
#1446 = FACE_BOUND('',#1447,.F.);
#1447 = EDGE_LOOP('',(#1448,#1449,#1450,#1458));
#1448 = ORIENTED_EDGE('',*,*,#1427,.T.);
#1449 = ORIENTED_EDGE('',*,*,#1187,.T.);
#1450 = ORIENTED_EDGE('',*,*,#1451,.F.);
#1451 = EDGE_CURVE('',#1452,#1188,#1454,.T.);
#1452 = VERTEX_POINT('',#1453);
#1453 = CARTESIAN_POINT('',(15.889,27.427,0.4));
#1454 = LINE('',#1455,#1456);
#1455 = CARTESIAN_POINT('',(15.889,27.427,0.4));
#1456 = VECTOR('',#1457,1.);
#1457 = DIRECTION('',(0.,0.,1.));
#1458 = ORIENTED_EDGE('',*,*,#1459,.F.);
#1459 = EDGE_CURVE('',#1428,#1452,#1460,.T.);
#1460 = LINE('',#1461,#1462);
#1461 = CARTESIAN_POINT('',(16.074,27.281,0.4));
#1462 = VECTOR('',#1463,1.);
#1463 = DIRECTION('',(-0.784991367723,0.619506701014,0.));
#1464 = PLANE('',#1465);
#1465 = AXIS2_PLACEMENT_3D('',#1466,#1467,#1468);
#1466 = CARTESIAN_POINT('',(16.074,27.281,0.4));
#1467 = DIRECTION('',(-0.619506701014,-0.784991367723,0.));
#1468 = DIRECTION('',(-0.784991367723,0.619506701014,0.));
#1469 = ADVANCED_FACE('',(#1470),#1488,.F.);
#1470 = FACE_BOUND('',#1471,.F.);
#1471 = EDGE_LOOP('',(#1472,#1473,#1474,#1482));
#1472 = ORIENTED_EDGE('',*,*,#1451,.T.);
#1473 = ORIENTED_EDGE('',*,*,#1195,.T.);
#1474 = ORIENTED_EDGE('',*,*,#1475,.F.);
#1475 = EDGE_CURVE('',#1476,#1196,#1478,.T.);
#1476 = VERTEX_POINT('',#1477);
#1477 = CARTESIAN_POINT('',(15.693,27.558,0.4));
#1478 = LINE('',#1479,#1480);
#1479 = CARTESIAN_POINT('',(15.693,27.558,0.4));
#1480 = VECTOR('',#1481,1.);
#1481 = DIRECTION('',(0.,0.,1.));
#1482 = ORIENTED_EDGE('',*,*,#1483,.F.);
#1483 = EDGE_CURVE('',#1452,#1476,#1484,.T.);
#1484 = LINE('',#1485,#1486);
#1485 = CARTESIAN_POINT('',(15.889,27.427,0.4));
#1486 = VECTOR('',#1487,1.);
#1487 = DIRECTION('',(-0.831397130511,0.555678694372,0.));
#1488 = PLANE('',#1489);
#1489 = AXIS2_PLACEMENT_3D('',#1490,#1491,#1492);
#1490 = CARTESIAN_POINT('',(15.889,27.427,0.4));
#1491 = DIRECTION('',(-0.555678694372,-0.831397130511,0.));
#1492 = DIRECTION('',(-0.831397130511,0.555678694372,0.));
#1493 = ADVANCED_FACE('',(#1494),#1512,.F.);
#1494 = FACE_BOUND('',#1495,.F.);
#1495 = EDGE_LOOP('',(#1496,#1504,#1505,#1506));
#1496 = ORIENTED_EDGE('',*,*,#1497,.T.);
#1497 = EDGE_CURVE('',#1498,#1236,#1500,.T.);
#1498 = VERTEX_POINT('',#1499);
#1499 = CARTESIAN_POINT('',(14.595,27.963,0.4));
#1500 = LINE('',#1501,#1502);
#1501 = CARTESIAN_POINT('',(14.595,27.963,0.4));
#1502 = VECTOR('',#1503,1.);
#1503 = DIRECTION('',(0.,0.,1.));
#1504 = ORIENTED_EDGE('',*,*,#1243,.T.);
#1505 = ORIENTED_EDGE('',*,*,#1292,.F.);
#1506 = ORIENTED_EDGE('',*,*,#1507,.F.);
#1507 = EDGE_CURVE('',#1498,#1293,#1508,.T.);
#1508 = LINE('',#1509,#1510);
#1509 = CARTESIAN_POINT('',(14.595,27.963,0.4));
#1510 = VECTOR('',#1511,1.);
#1511 = DIRECTION('',(-0.992916938889,0.118810573884,0.));
#1512 = PLANE('',#1513);
#1513 = AXIS2_PLACEMENT_3D('',#1514,#1515,#1516);
#1514 = CARTESIAN_POINT('',(14.595,27.963,0.4));
#1515 = DIRECTION('',(-0.118810573884,-0.992916938889,0.));
#1516 = DIRECTION('',(-0.992916938889,0.118810573884,0.));
#1517 = ADVANCED_FACE('',(#1518),#1536,.F.);
#1518 = FACE_BOUND('',#1519,.F.);
#1519 = EDGE_LOOP('',(#1520,#1521,#1522,#1530));
#1520 = ORIENTED_EDGE('',*,*,#1475,.T.);
#1521 = ORIENTED_EDGE('',*,*,#1203,.T.);
#1522 = ORIENTED_EDGE('',*,*,#1523,.F.);
#1523 = EDGE_CURVE('',#1524,#1204,#1526,.T.);
#1524 = VERTEX_POINT('',#1525);
#1525 = CARTESIAN_POINT('',(15.488,27.673,0.4));
#1526 = LINE('',#1527,#1528);
#1527 = CARTESIAN_POINT('',(15.488,27.673,0.4));
#1528 = VECTOR('',#1529,1.);
#1529 = DIRECTION('',(0.,0.,1.));
#1530 = ORIENTED_EDGE('',*,*,#1531,.F.);
#1531 = EDGE_CURVE('',#1476,#1524,#1532,.T.);
#1532 = LINE('',#1533,#1534);
#1533 = CARTESIAN_POINT('',(15.693,27.558,0.4));
#1534 = VECTOR('',#1535,1.);
#1535 = DIRECTION('',(-0.872143041114,0.489250974283,0.));
#1536 = PLANE('',#1537);
#1537 = AXIS2_PLACEMENT_3D('',#1538,#1539,#1540);
#1538 = CARTESIAN_POINT('',(15.693,27.558,0.4));
#1539 = DIRECTION('',(-0.489250974283,-0.872143041114,0.));
#1540 = DIRECTION('',(-0.872143041114,0.489250974283,0.));
#1541 = ADVANCED_FACE('',(#1542),#1560,.F.);
#1542 = FACE_BOUND('',#1543,.F.);
#1543 = EDGE_LOOP('',(#1544,#1552,#1553,#1554));
#1544 = ORIENTED_EDGE('',*,*,#1545,.T.);
#1545 = EDGE_CURVE('',#1546,#1228,#1548,.T.);
#1546 = VERTEX_POINT('',#1547);
#1547 = CARTESIAN_POINT('',(14.826,27.917,0.4));
#1548 = LINE('',#1549,#1550);
#1549 = CARTESIAN_POINT('',(14.826,27.917,0.4));
#1550 = VECTOR('',#1551,1.);
#1551 = DIRECTION('',(0.,0.,1.));
#1552 = ORIENTED_EDGE('',*,*,#1235,.T.);
#1553 = ORIENTED_EDGE('',*,*,#1497,.F.);
#1554 = ORIENTED_EDGE('',*,*,#1555,.F.);
#1555 = EDGE_CURVE('',#1546,#1498,#1556,.T.);
#1556 = LINE('',#1557,#1558);
#1557 = CARTESIAN_POINT('',(14.826,27.917,0.4));
#1558 = VECTOR('',#1559,1.);
#1559 = DIRECTION('',(-0.980743629756,0.195299597267,0.));
#1560 = PLANE('',#1561);
#1561 = AXIS2_PLACEMENT_3D('',#1562,#1563,#1564);
#1562 = CARTESIAN_POINT('',(14.826,27.917,0.4));
#1563 = DIRECTION('',(-0.195299597267,-0.980743629756,0.));
#1564 = DIRECTION('',(-0.980743629756,0.195299597267,0.));
#1565 = ADVANCED_FACE('',(#1566),#1584,.F.);
#1566 = FACE_BOUND('',#1567,.F.);
#1567 = EDGE_LOOP('',(#1568,#1569,#1570,#1578));
#1568 = ORIENTED_EDGE('',*,*,#1523,.T.);
#1569 = ORIENTED_EDGE('',*,*,#1211,.T.);
#1570 = ORIENTED_EDGE('',*,*,#1571,.F.);
#1571 = EDGE_CURVE('',#1572,#1212,#1574,.T.);
#1572 = VERTEX_POINT('',#1573);
#1573 = CARTESIAN_POINT('',(15.274,27.772,0.4));
#1574 = LINE('',#1575,#1576);
#1575 = CARTESIAN_POINT('',(15.274,27.772,0.4));
#1576 = VECTOR('',#1577,1.);
#1577 = DIRECTION('',(0.,0.,1.));
#1578 = ORIENTED_EDGE('',*,*,#1579,.F.);
#1579 = EDGE_CURVE('',#1524,#1572,#1580,.T.);
#1580 = LINE('',#1581,#1582);
#1581 = CARTESIAN_POINT('',(15.488,27.673,0.4));
#1582 = VECTOR('',#1583,1.);
#1583 = DIRECTION('',(-0.907586640339,0.419864847633,0.));
#1584 = PLANE('',#1585);
#1585 = AXIS2_PLACEMENT_3D('',#1586,#1587,#1588);
#1586 = CARTESIAN_POINT('',(15.488,27.673,0.4));
#1587 = DIRECTION('',(-0.419864847633,-0.907586640339,0.));
#1588 = DIRECTION('',(-0.907586640339,0.419864847633,0.));
#1589 = ADVANCED_FACE('',(#1590),#1608,.F.);
#1590 = FACE_BOUND('',#1591,.F.);
#1591 = EDGE_LOOP('',(#1592,#1600,#1601,#1602));
#1592 = ORIENTED_EDGE('',*,*,#1593,.T.);
#1593 = EDGE_CURVE('',#1594,#1220,#1596,.T.);
#1594 = VERTEX_POINT('',#1595);
#1595 = CARTESIAN_POINT('',(15.053,27.853,0.4));
#1596 = LINE('',#1597,#1598);
#1597 = CARTESIAN_POINT('',(15.053,27.853,0.4));
#1598 = VECTOR('',#1599,1.);
#1599 = DIRECTION('',(0.,0.,1.));
#1600 = ORIENTED_EDGE('',*,*,#1227,.T.);
#1601 = ORIENTED_EDGE('',*,*,#1545,.F.);
#1602 = ORIENTED_EDGE('',*,*,#1603,.F.);
#1603 = EDGE_CURVE('',#1594,#1546,#1604,.T.);
#1604 = LINE('',#1605,#1606);
#1605 = CARTESIAN_POINT('',(15.053,27.853,0.4));
#1606 = VECTOR('',#1607,1.);
#1607 = DIRECTION('',(-0.962478075046,0.271359457282,0.));
#1608 = PLANE('',#1609);
#1609 = AXIS2_PLACEMENT_3D('',#1610,#1611,#1612);
#1610 = CARTESIAN_POINT('',(15.053,27.853,0.4));
#1611 = DIRECTION('',(-0.271359457282,-0.962478075046,0.));
#1612 = DIRECTION('',(-0.962478075046,0.271359457282,0.));
#1613 = ADVANCED_FACE('',(#1614),#1625,.F.);
#1614 = FACE_BOUND('',#1615,.F.);
#1615 = EDGE_LOOP('',(#1616,#1617,#1618,#1619));
#1616 = ORIENTED_EDGE('',*,*,#1571,.T.);
#1617 = ORIENTED_EDGE('',*,*,#1219,.T.);
#1618 = ORIENTED_EDGE('',*,*,#1593,.F.);
#1619 = ORIENTED_EDGE('',*,*,#1620,.F.);
#1620 = EDGE_CURVE('',#1572,#1594,#1621,.T.);
#1621 = LINE('',#1622,#1623);
#1622 = CARTESIAN_POINT('',(15.274,27.772,0.4));
#1623 = VECTOR('',#1624,1.);
#1624 = DIRECTION('',(-0.938922080044,0.344129812143,0.));
#1625 = PLANE('',#1626);
#1626 = AXIS2_PLACEMENT_3D('',#1627,#1628,#1629);
#1627 = CARTESIAN_POINT('',(15.274,27.772,0.4));
#1628 = DIRECTION('',(-0.344129812143,-0.938922080044,0.));
#1629 = DIRECTION('',(-0.938922080044,0.344129812143,0.));
#1630 = ADVANCED_FACE('',(#1631),#1650,.F.);
#1631 = FACE_BOUND('',#1632,.F.);
#1632 = EDGE_LOOP('',(#1633,#1634,#1642,#1649));
#1633 = ORIENTED_EDGE('',*,*,#1275,.F.);
#1634 = ORIENTED_EDGE('',*,*,#1635,.F.);
#1635 = EDGE_CURVE('',#1636,#1276,#1638,.T.);
#1636 = VERTEX_POINT('',#1637);
#1637 = CARTESIAN_POINT('',(20.35,19.5,0.4));
#1638 = LINE('',#1639,#1640);
#1639 = CARTESIAN_POINT('',(20.35,19.5,0.3));
#1640 = VECTOR('',#1641,1.);
#1641 = DIRECTION('',(0.,0.,1.));
#1642 = ORIENTED_EDGE('',*,*,#1643,.T.);
#1643 = EDGE_CURVE('',#1636,#1636,#1644,.T.);
#1644 = CIRCLE('',#1645,1.35);
#1645 = AXIS2_PLACEMENT_3D('',#1646,#1647,#1648);
#1646 = CARTESIAN_POINT('',(19.,19.5,0.4));
#1647 = DIRECTION('',(0.,0.,1.));
#1648 = DIRECTION('',(1.,0.,-0.));
#1649 = ORIENTED_EDGE('',*,*,#1635,.T.);
#1650 = CYLINDRICAL_SURFACE('',#1651,1.35);
#1651 = AXIS2_PLACEMENT_3D('',#1652,#1653,#1654);
#1652 = CARTESIAN_POINT('',(19.,19.5,0.3));
#1653 = DIRECTION('',(0.,0.,1.));
#1654 = DIRECTION('',(1.,0.,-0.));
#1655 = ADVANCED_FACE('',(#1656),#1673,.T.);
#1656 = FACE_BOUND('',#1657,.T.);
#1657 = EDGE_LOOP('',(#1658,#1666,#1667));
#1658 = ORIENTED_EDGE('',*,*,#1659,.T.);
#1659 = EDGE_CURVE('',#1660,#1366,#1662,.T.);
#1660 = VERTEX_POINT('',#1661);
#1661 = CARTESIAN_POINT('',(21.9,11.5,17.3));
#1662 = LINE('',#1663,#1664);
#1663 = CARTESIAN_POINT('',(21.9,11.5,17.3));
#1664 = VECTOR('',#1665,1.);
#1665 = DIRECTION('',(-0.994933687088,-0.100533369079,0.));
#1666 = ORIENTED_EDGE('',*,*,#1373,.F.);
#1667 = ORIENTED_EDGE('',*,*,#1668,.T.);
#1668 = EDGE_CURVE('',#664,#1660,#1669,.T.);
#1669 = LINE('',#1670,#1671);
#1670 = CARTESIAN_POINT('',(16.2,16.6,17.3));
#1671 = VECTOR('',#1672,1.);
#1672 = DIRECTION('',(0.745241313525,-0.66679485947,0.));
#1673 = PLANE('',#1674);
#1674 = AXIS2_PLACEMENT_3D('',#1675,#1676,#1677);
#1675 = CARTESIAN_POINT('',(17.659330096193,13.786802308754,17.3));
#1676 = DIRECTION('',(-0.,-0.,-1.));
#1677 = DIRECTION('',(-1.,0.,0.));
#1678 = ADVANCED_FACE('',(#1679),#1697,.T.);
#1679 = FACE_BOUND('',#1680,.T.);
#1680 = EDGE_LOOP('',(#1681,#1682,#1690,#1696));
#1681 = ORIENTED_EDGE('',*,*,#1659,.F.);
#1682 = ORIENTED_EDGE('',*,*,#1683,.T.);
#1683 = EDGE_CURVE('',#1660,#1684,#1686,.T.);
#1684 = VERTEX_POINT('',#1685);
#1685 = CARTESIAN_POINT('',(21.9,11.5,19.2));
#1686 = LINE('',#1687,#1688);
#1687 = CARTESIAN_POINT('',(21.9,11.5,17.3));
#1688 = VECTOR('',#1689,1.);
#1689 = DIRECTION('',(0.,0.,1.));
#1690 = ORIENTED_EDGE('',*,*,#1691,.T.);
#1691 = EDGE_CURVE('',#1684,#1358,#1692,.T.);
#1692 = LINE('',#1693,#1694);
#1693 = CARTESIAN_POINT('',(21.9,11.5,19.2));
#1694 = VECTOR('',#1695,1.);
#1695 = DIRECTION('',(-0.994933687088,-0.100533369079,0.));
#1696 = ORIENTED_EDGE('',*,*,#1365,.F.);
#1697 = PLANE('',#1698);
#1698 = AXIS2_PLACEMENT_3D('',#1699,#1700,#1701);
#1699 = CARTESIAN_POINT('',(21.9,11.5,17.3));
#1700 = DIRECTION('',(0.100533369079,-0.994933687088,0.));
#1701 = DIRECTION('',(-0.994933687088,-0.100533369079,0.));
#1702 = ADVANCED_FACE('',(#1703),#1722,.T.);
#1703 = FACE_BOUND('',#1704,.T.);
#1704 = EDGE_LOOP('',(#1705,#1706,#1707,#1715,#1721));
#1705 = ORIENTED_EDGE('',*,*,#616,.T.);
#1706 = ORIENTED_EDGE('',*,*,#472,.T.);
#1707 = ORIENTED_EDGE('',*,*,#1708,.T.);
#1708 = EDGE_CURVE('',#473,#1709,#1711,.T.);
#1709 = VERTEX_POINT('',#1710);
#1710 = CARTESIAN_POINT('',(13.41,15.81,19.2));
#1711 = LINE('',#1712,#1713);
#1712 = CARTESIAN_POINT('',(19.03,11.21,19.2));
#1713 = VECTOR('',#1714,1.);
#1714 = DIRECTION('',(-0.773834587954,0.63338774103,0.));
#1715 = ORIENTED_EDGE('',*,*,#1716,.F.);
#1716 = EDGE_CURVE('',#632,#1709,#1717,.T.);
#1717 = LINE('',#1718,#1719);
#1718 = CARTESIAN_POINT('',(13.41,15.81,17.3));
#1719 = VECTOR('',#1720,1.);
#1720 = DIRECTION('',(0.,0.,1.));
#1721 = ORIENTED_EDGE('',*,*,#631,.F.);
#1722 = PLANE('',#1723);
#1723 = AXIS2_PLACEMENT_3D('',#1724,#1725,#1726);
#1724 = CARTESIAN_POINT('',(19.03,11.21,17.3));
#1725 = DIRECTION('',(-0.63338774103,-0.773834587954,0.));
#1726 = DIRECTION('',(-0.773834587954,0.63338774103,0.));
#1727 = ADVANCED_FACE('',(#1728),#1746,.T.);
#1728 = FACE_BOUND('',#1729,.T.);
#1729 = EDGE_LOOP('',(#1730,#1731,#1732,#1740));
#1730 = ORIENTED_EDGE('',*,*,#663,.F.);
#1731 = ORIENTED_EDGE('',*,*,#1003,.T.);
#1732 = ORIENTED_EDGE('',*,*,#1733,.T.);
#1733 = EDGE_CURVE('',#996,#1734,#1736,.T.);
#1734 = VERTEX_POINT('',#1735);
#1735 = CARTESIAN_POINT('',(16.2,16.6,19.2));
#1736 = LINE('',#1737,#1738);
#1737 = CARTESIAN_POINT('',(13.41,15.81,19.2));
#1738 = VECTOR('',#1739,1.);
#1739 = DIRECTION('',(0.962171938298,0.272442950271,0.));
#1740 = ORIENTED_EDGE('',*,*,#1741,.F.);
#1741 = EDGE_CURVE('',#664,#1734,#1742,.T.);
#1742 = LINE('',#1743,#1744);
#1743 = CARTESIAN_POINT('',(16.2,16.6,0.4));
#1744 = VECTOR('',#1745,1.);
#1745 = DIRECTION('',(0.,0.,1.));
#1746 = PLANE('',#1747);
#1747 = AXIS2_PLACEMENT_3D('',#1748,#1749,#1750);
#1748 = CARTESIAN_POINT('',(13.41,15.81,17.3));
#1749 = DIRECTION('',(-0.272442950271,0.962171938298,0.));
#1750 = DIRECTION('',(0.962171938298,0.272442950271,0.));
#1751 = ADVANCED_FACE('',(#1752),#1763,.T.);
#1752 = FACE_BOUND('',#1753,.T.);
#1753 = EDGE_LOOP('',(#1754,#1755,#1756,#1762));
#1754 = ORIENTED_EDGE('',*,*,#639,.F.);
#1755 = ORIENTED_EDGE('',*,*,#1716,.T.);
#1756 = ORIENTED_EDGE('',*,*,#1757,.T.);
#1757 = EDGE_CURVE('',#1709,#743,#1758,.T.);
#1758 = LINE('',#1759,#1760);
#1759 = CARTESIAN_POINT('',(13.41,15.81,19.2));
#1760 = VECTOR('',#1761,1.);
#1761 = DIRECTION('',(0.962171938298,0.272442950271,0.));
#1762 = ORIENTED_EDGE('',*,*,#750,.F.);
#1763 = PLANE('',#1764);
#1764 = AXIS2_PLACEMENT_3D('',#1765,#1766,#1767);
#1765 = CARTESIAN_POINT('',(13.41,15.81,17.3));
#1766 = DIRECTION('',(-0.272442950271,0.962171938298,0.));
#1767 = DIRECTION('',(0.962171938298,0.272442950271,0.));
#1768 = ADVANCED_FACE('',(#1769),#1780,.T.);
#1769 = FACE_BOUND('',#1770,.T.);
#1770 = EDGE_LOOP('',(#1771,#1772,#1778,#1779));
#1771 = ORIENTED_EDGE('',*,*,#1741,.T.);
#1772 = ORIENTED_EDGE('',*,*,#1773,.T.);
#1773 = EDGE_CURVE('',#1734,#1684,#1774,.T.);
#1774 = LINE('',#1775,#1776);
#1775 = CARTESIAN_POINT('',(16.2,16.6,19.2));
#1776 = VECTOR('',#1777,1.);
#1777 = DIRECTION('',(0.745241313525,-0.66679485947,0.));
#1778 = ORIENTED_EDGE('',*,*,#1683,.F.);
#1779 = ORIENTED_EDGE('',*,*,#1668,.F.);
#1780 = PLANE('',#1781);
#1781 = AXIS2_PLACEMENT_3D('',#1782,#1783,#1784);
#1782 = CARTESIAN_POINT('',(16.2,16.6,17.3));
#1783 = DIRECTION('',(0.66679485947,0.745241313525,-0.));
#1784 = DIRECTION('',(0.745241313525,-0.66679485947,0.));
#1785 = ADVANCED_FACE('',(#1786,#1858),#1861,.T.);
#1786 = FACE_BOUND('',#1787,.T.);
#1787 = EDGE_LOOP('',(#1788,#1796,#1797,#1798,#1799,#1800,#1801,#1802,
    #1803,#1804,#1805,#1806,#1807,#1808,#1814,#1815,#1816,#1817,#1818,
    #1819,#1820,#1828,#1836,#1844,#1852));
#1788 = ORIENTED_EDGE('',*,*,#1789,.T.);
#1789 = EDGE_CURVE('',#1790,#1085,#1792,.T.);
#1790 = VERTEX_POINT('',#1791);
#1791 = CARTESIAN_POINT('',(9.8,28.,0.4));
#1792 = LINE('',#1793,#1794);
#1793 = CARTESIAN_POINT('',(9.8,28.,0.4));
#1794 = VECTOR('',#1795,1.);
#1795 = DIRECTION('',(1.,0.,-0.));
#1796 = ORIENTED_EDGE('',*,*,#1084,.F.);
#1797 = ORIENTED_EDGE('',*,*,#1114,.F.);
#1798 = ORIENTED_EDGE('',*,*,#1302,.F.);
#1799 = ORIENTED_EDGE('',*,*,#1507,.F.);
#1800 = ORIENTED_EDGE('',*,*,#1555,.F.);
#1801 = ORIENTED_EDGE('',*,*,#1603,.F.);
#1802 = ORIENTED_EDGE('',*,*,#1620,.F.);
#1803 = ORIENTED_EDGE('',*,*,#1579,.F.);
#1804 = ORIENTED_EDGE('',*,*,#1531,.F.);
#1805 = ORIENTED_EDGE('',*,*,#1483,.F.);
#1806 = ORIENTED_EDGE('',*,*,#1459,.F.);
#1807 = ORIENTED_EDGE('',*,*,#1435,.F.);
#1808 = ORIENTED_EDGE('',*,*,#1809,.F.);
#1809 = EDGE_CURVE('',#577,#1419,#1810,.T.);
#1810 = LINE('',#1811,#1812);
#1811 = CARTESIAN_POINT('',(34.,9.968,0.4));
#1812 = VECTOR('',#1813,1.);
#1813 = DIRECTION('',(0.,1.,0.));
#1814 = ORIENTED_EDGE('',*,*,#576,.F.);
#1815 = ORIENTED_EDGE('',*,*,#520,.F.);
#1816 = ORIENTED_EDGE('',*,*,#694,.F.);
#1817 = ORIENTED_EDGE('',*,*,#1018,.F.);
#1818 = ORIENTED_EDGE('',*,*,#1380,.F.);
#1819 = ORIENTED_EDGE('',*,*,#1316,.F.);
#1820 = ORIENTED_EDGE('',*,*,#1821,.F.);
#1821 = EDGE_CURVE('',#1822,#1317,#1824,.T.);
#1822 = VERTEX_POINT('',#1823);
#1823 = CARTESIAN_POINT('',(16.17,16.6,0.4));
#1824 = LINE('',#1825,#1826);
#1825 = CARTESIAN_POINT('',(16.17,16.6,0.4));
#1826 = VECTOR('',#1827,1.);
#1827 = DIRECTION('',(-0.,1.,0.));
#1828 = ORIENTED_EDGE('',*,*,#1829,.F.);
#1829 = EDGE_CURVE('',#1830,#1822,#1832,.T.);
#1830 = VERTEX_POINT('',#1831);
#1831 = CARTESIAN_POINT('',(14.41,16.6,0.4));
#1832 = LINE('',#1833,#1834);
#1833 = CARTESIAN_POINT('',(14.41,16.6,0.4));
#1834 = VECTOR('',#1835,1.);
#1835 = DIRECTION('',(1.,0.,-0.));
#1836 = ORIENTED_EDGE('',*,*,#1837,.T.);
#1837 = EDGE_CURVE('',#1830,#1838,#1840,.T.);
#1838 = VERTEX_POINT('',#1839);
#1839 = CARTESIAN_POINT('',(14.41,21.3,0.4));
#1840 = LINE('',#1841,#1842);
#1841 = CARTESIAN_POINT('',(14.41,16.6,0.4));
#1842 = VECTOR('',#1843,1.);
#1843 = DIRECTION('',(-0.,1.,0.));
#1844 = ORIENTED_EDGE('',*,*,#1845,.F.);
#1845 = EDGE_CURVE('',#1846,#1838,#1848,.T.);
#1846 = VERTEX_POINT('',#1847);
#1847 = CARTESIAN_POINT('',(9.8,21.3,0.4));
#1848 = LINE('',#1849,#1850);
#1849 = CARTESIAN_POINT('',(9.874,21.3,0.4));
#1850 = VECTOR('',#1851,1.);
#1851 = DIRECTION('',(1.,0.,0.));
#1852 = ORIENTED_EDGE('',*,*,#1853,.T.);
#1853 = EDGE_CURVE('',#1846,#1790,#1854,.T.);
#1854 = LINE('',#1855,#1856);
#1855 = CARTESIAN_POINT('',(9.8,21.3,0.4));
#1856 = VECTOR('',#1857,1.);
#1857 = DIRECTION('',(-0.,1.,0.));
#1858 = FACE_BOUND('',#1859,.T.);
#1859 = EDGE_LOOP('',(#1860));
#1860 = ORIENTED_EDGE('',*,*,#1643,.T.);
#1861 = PLANE('',#1862);
#1862 = AXIS2_PLACEMENT_3D('',#1863,#1864,#1865);
#1863 = CARTESIAN_POINT('',(20.131071593758,17.681073901045,0.4));
#1864 = DIRECTION('',(-0.,-0.,-1.));
#1865 = DIRECTION('',(-1.,0.,0.));
#1866 = ADVANCED_FACE('',(#1867),#1892,.F.);
#1867 = FACE_BOUND('',#1868,.F.);
#1868 = EDGE_LOOP('',(#1869,#1879,#1885,#1886));
#1869 = ORIENTED_EDGE('',*,*,#1870,.F.);
#1870 = EDGE_CURVE('',#1871,#1873,#1875,.T.);
#1871 = VERTEX_POINT('',#1872);
#1872 = CARTESIAN_POINT('',(14.41,16.6,13.2));
#1873 = VERTEX_POINT('',#1874);
#1874 = CARTESIAN_POINT('',(14.41,21.3,13.2));
#1875 = LINE('',#1876,#1877);
#1876 = CARTESIAN_POINT('',(14.41,16.6,13.2));
#1877 = VECTOR('',#1878,1.);
#1878 = DIRECTION('',(-0.,1.,0.));
#1879 = ORIENTED_EDGE('',*,*,#1880,.F.);
#1880 = EDGE_CURVE('',#1830,#1871,#1881,.T.);
#1881 = LINE('',#1882,#1883);
#1882 = CARTESIAN_POINT('',(14.41,16.6,0.4));
#1883 = VECTOR('',#1884,1.);
#1884 = DIRECTION('',(0.,0.,1.));
#1885 = ORIENTED_EDGE('',*,*,#1837,.T.);
#1886 = ORIENTED_EDGE('',*,*,#1887,.T.);
#1887 = EDGE_CURVE('',#1838,#1873,#1888,.T.);
#1888 = LINE('',#1889,#1890);
#1889 = CARTESIAN_POINT('',(14.41,21.3,0.4));
#1890 = VECTOR('',#1891,1.);
#1891 = DIRECTION('',(0.,0.,1.));
#1892 = PLANE('',#1893);
#1893 = AXIS2_PLACEMENT_3D('',#1894,#1895,#1896);
#1894 = CARTESIAN_POINT('',(14.41,16.6,0.4));
#1895 = DIRECTION('',(1.,0.,-0.));
#1896 = DIRECTION('',(0.,0.,1.));
#1897 = ADVANCED_FACE('',(#1898),#1916,.F.);
#1898 = FACE_BOUND('',#1899,.F.);
#1899 = EDGE_LOOP('',(#1900,#1901,#1902,#1910));
#1900 = ORIENTED_EDGE('',*,*,#1829,.F.);
#1901 = ORIENTED_EDGE('',*,*,#1880,.T.);
#1902 = ORIENTED_EDGE('',*,*,#1903,.T.);
#1903 = EDGE_CURVE('',#1871,#1904,#1906,.T.);
#1904 = VERTEX_POINT('',#1905);
#1905 = CARTESIAN_POINT('',(16.17,16.6,13.2));
#1906 = LINE('',#1907,#1908);
#1907 = CARTESIAN_POINT('',(14.41,16.6,13.2));
#1908 = VECTOR('',#1909,1.);
#1909 = DIRECTION('',(1.,0.,-0.));
#1910 = ORIENTED_EDGE('',*,*,#1911,.F.);
#1911 = EDGE_CURVE('',#1822,#1904,#1912,.T.);
#1912 = LINE('',#1913,#1914);
#1913 = CARTESIAN_POINT('',(16.17,16.6,0.4));
#1914 = VECTOR('',#1915,1.);
#1915 = DIRECTION('',(0.,0.,1.));
#1916 = PLANE('',#1917);
#1917 = AXIS2_PLACEMENT_3D('',#1918,#1919,#1920);
#1918 = CARTESIAN_POINT('',(14.41,16.6,0.4));
#1919 = DIRECTION('',(-0.,1.,0.));
#1920 = DIRECTION('',(0.,0.,1.));
#1921 = ADVANCED_FACE('',(#1922),#1956,.F.);
#1922 = FACE_BOUND('',#1923,.F.);
#1923 = EDGE_LOOP('',(#1924,#1934,#1942,#1950));
#1924 = ORIENTED_EDGE('',*,*,#1925,.F.);
#1925 = EDGE_CURVE('',#1926,#1928,#1930,.T.);
#1926 = VERTEX_POINT('',#1927);
#1927 = CARTESIAN_POINT('',(-16.064,-20.664,2.1));
#1928 = VERTEX_POINT('',#1929);
#1929 = CARTESIAN_POINT('',(11.986,-20.664,2.1));
#1930 = LINE('',#1931,#1932);
#1931 = CARTESIAN_POINT('',(-13.64973280419,-20.664,2.1));
#1932 = VECTOR('',#1933,1.);
#1933 = DIRECTION('',(1.,0.,0.));
#1934 = ORIENTED_EDGE('',*,*,#1935,.T.);
#1935 = EDGE_CURVE('',#1926,#1936,#1938,.T.);
#1936 = VERTEX_POINT('',#1937);
#1937 = CARTESIAN_POINT('',(-16.064,-20.664,13.2));
#1938 = LINE('',#1939,#1940);
#1939 = CARTESIAN_POINT('',(-16.064,-20.664,0.4));
#1940 = VECTOR('',#1941,1.);
#1941 = DIRECTION('',(0.,0.,1.));
#1942 = ORIENTED_EDGE('',*,*,#1943,.T.);
#1943 = EDGE_CURVE('',#1936,#1944,#1946,.T.);
#1944 = VERTEX_POINT('',#1945);
#1945 = CARTESIAN_POINT('',(11.986,-20.664,13.2));
#1946 = LINE('',#1947,#1948);
#1947 = CARTESIAN_POINT('',(-16.064,-20.664,13.2));
#1948 = VECTOR('',#1949,1.);
#1949 = DIRECTION('',(1.,0.,0.));
#1950 = ORIENTED_EDGE('',*,*,#1951,.F.);
#1951 = EDGE_CURVE('',#1928,#1944,#1952,.T.);
#1952 = LINE('',#1953,#1954);
#1953 = CARTESIAN_POINT('',(11.986,-20.664,0.4));
#1954 = VECTOR('',#1955,1.);
#1955 = DIRECTION('',(0.,0.,1.));
#1956 = PLANE('',#1957);
#1957 = AXIS2_PLACEMENT_3D('',#1958,#1959,#1960);
#1958 = CARTESIAN_POINT('',(-16.064,-20.664,0.4));
#1959 = DIRECTION('',(0.,1.,0.));
#1960 = DIRECTION('',(1.,0.,0.));
#1961 = ADVANCED_FACE('',(#1962),#1987,.F.);
#1962 = FACE_BOUND('',#1963,.F.);
#1963 = EDGE_LOOP('',(#1964,#1972,#1980,#1986));
#1964 = ORIENTED_EDGE('',*,*,#1965,.F.);
#1965 = EDGE_CURVE('',#1966,#1926,#1968,.T.);
#1966 = VERTEX_POINT('',#1967);
#1967 = CARTESIAN_POINT('',(-16.064,-16.22,2.1));
#1968 = LINE('',#1969,#1970);
#1969 = CARTESIAN_POINT('',(-16.064,-17.63197338707,2.1));
#1970 = VECTOR('',#1971,1.);
#1971 = DIRECTION('',(0.,-1.,0.));
#1972 = ORIENTED_EDGE('',*,*,#1973,.T.);
#1973 = EDGE_CURVE('',#1966,#1974,#1976,.T.);
#1974 = VERTEX_POINT('',#1975);
#1975 = CARTESIAN_POINT('',(-16.064,-16.22,13.2));
#1976 = LINE('',#1977,#1978);
#1977 = CARTESIAN_POINT('',(-16.064,-16.22,0.4));
#1978 = VECTOR('',#1979,1.);
#1979 = DIRECTION('',(0.,0.,1.));
#1980 = ORIENTED_EDGE('',*,*,#1981,.T.);
#1981 = EDGE_CURVE('',#1974,#1936,#1982,.T.);
#1982 = LINE('',#1983,#1984);
#1983 = CARTESIAN_POINT('',(-16.064,-16.22,13.2));
#1984 = VECTOR('',#1985,1.);
#1985 = DIRECTION('',(0.,-1.,0.));
#1986 = ORIENTED_EDGE('',*,*,#1935,.F.);
#1987 = PLANE('',#1988);
#1988 = AXIS2_PLACEMENT_3D('',#1989,#1990,#1991);
#1989 = CARTESIAN_POINT('',(-16.064,-16.22,0.4));
#1990 = DIRECTION('',(1.,0.,-0.));
#1991 = DIRECTION('',(0.,-1.,0.));
#1992 = ADVANCED_FACE('',(#1993),#2027,.F.);
#1993 = FACE_BOUND('',#1994,.F.);
#1994 = EDGE_LOOP('',(#1995,#2005,#2013,#2021));
#1995 = ORIENTED_EDGE('',*,*,#1996,.F.);
#1996 = EDGE_CURVE('',#1997,#1999,#2001,.T.);
#1997 = VERTEX_POINT('',#1998);
#1998 = CARTESIAN_POINT('',(-31.17789188907,11.5,9.55));
#1999 = VERTEX_POINT('',#2000);
#2000 = CARTESIAN_POINT('',(-30.6,11.5,9.55));
#2001 = LINE('',#2002,#2003);
#2002 = CARTESIAN_POINT('',(-34.5,11.5,9.55));
#2003 = VECTOR('',#2004,1.);
#2004 = DIRECTION('',(1.,0.,-0.));
#2005 = ORIENTED_EDGE('',*,*,#2006,.T.);
#2006 = EDGE_CURVE('',#1997,#2007,#2009,.T.);
#2007 = VERTEX_POINT('',#2008);
#2008 = CARTESIAN_POINT('',(-31.17789188907,11.5,19.2));
#2009 = LINE('',#2010,#2011);
#2010 = CARTESIAN_POINT('',(-31.17789188907,11.5,9.475));
#2011 = VECTOR('',#2012,1.);
#2012 = DIRECTION('',(-0.,-0.,1.));
#2013 = ORIENTED_EDGE('',*,*,#2014,.F.);
#2014 = EDGE_CURVE('',#2015,#2007,#2017,.T.);
#2015 = VERTEX_POINT('',#2016);
#2016 = CARTESIAN_POINT('',(-30.6,11.5,19.2));
#2017 = LINE('',#2018,#2019);
#2018 = CARTESIAN_POINT('',(-30.58918752452,11.5,19.2));
#2019 = VECTOR('',#2020,1.);
#2020 = DIRECTION('',(-1.,-0.,0.));
#2021 = ORIENTED_EDGE('',*,*,#2022,.F.);
#2022 = EDGE_CURVE('',#1999,#2015,#2023,.T.);
#2023 = LINE('',#2024,#2025);
#2024 = CARTESIAN_POINT('',(-30.6,11.5,9.55));
#2025 = VECTOR('',#2026,1.);
#2026 = DIRECTION('',(0.,0.,1.));
#2027 = PLANE('',#2028);
#2028 = AXIS2_PLACEMENT_3D('',#2029,#2030,#2031);
#2029 = CARTESIAN_POINT('',(-34.5,11.5,9.55));
#2030 = DIRECTION('',(-0.,1.,0.));
#2031 = DIRECTION('',(0.,0.,1.));
#2032 = ADVANCED_FACE('',(#2033),#2074,.T.);
#2033 = FACE_BOUND('',#2034,.T.);
#2034 = EDGE_LOOP('',(#2035,#2036,#2044,#2052,#2060,#2068));
#2035 = ORIENTED_EDGE('',*,*,#1996,.F.);
#2036 = ORIENTED_EDGE('',*,*,#2037,.T.);
#2037 = EDGE_CURVE('',#1997,#2038,#2040,.T.);
#2038 = VERTEX_POINT('',#2039);
#2039 = CARTESIAN_POINT('',(-31.24963387209,11.267160583857,9.55));
#2040 = LINE('',#2041,#2042);
#2041 = CARTESIAN_POINT('',(-34.49805109262,0.724385807152,9.55));
#2042 = VECTOR('',#2043,1.);
#2043 = DIRECTION('',(-0.294457340605,-0.955664624522,0.));
#2044 = ORIENTED_EDGE('',*,*,#2045,.T.);
#2045 = EDGE_CURVE('',#2038,#2046,#2048,.T.);
#2046 = VERTEX_POINT('',#2047);
#2047 = CARTESIAN_POINT('',(-31.33312332863,10.916028989482,9.55));
#2048 = LINE('',#2049,#2050);
#2049 = CARTESIAN_POINT('',(-33.89846414783,0.126975505489,9.55));
#2050 = VECTOR('',#2051,1.);
#2051 = DIRECTION('',(-0.231323427898,-0.972876904704,0.));
#2052 = ORIENTED_EDGE('',*,*,#2053,.T.);
#2053 = EDGE_CURVE('',#2046,#2054,#2056,.T.);
#2054 = VERTEX_POINT('',#2055);
#2055 = CARTESIAN_POINT('',(-33.79315914489,10.25,9.55));
#2056 = LINE('',#2057,#2058);
#2057 = CARTESIAN_POINT('',(-35.41407871293,9.811152965823,9.55));
#2058 = VECTOR('',#2059,1.);
#2059 = DIRECTION('',(-0.965249209826,-0.261331136551,0.));
#2060 = ORIENTED_EDGE('',*,*,#2061,.F.);
#2061 = EDGE_CURVE('',#2062,#2054,#2064,.T.);
#2062 = VERTEX_POINT('',#2063);
#2063 = CARTESIAN_POINT('',(-30.6,10.25,9.55));
#2064 = LINE('',#2065,#2066);
#2065 = CARTESIAN_POINT('',(-34.25,10.25,9.55));
#2066 = VECTOR('',#2067,1.);
#2067 = DIRECTION('',(-1.,-0.,0.));
#2068 = ORIENTED_EDGE('',*,*,#2069,.T.);
#2069 = EDGE_CURVE('',#2062,#1999,#2070,.T.);
#2070 = LINE('',#2071,#2072);
#2071 = CARTESIAN_POINT('',(-30.6,-11.5,9.55));
#2072 = VECTOR('',#2073,1.);
#2073 = DIRECTION('',(-0.,1.,0.));
#2074 = PLANE('',#2075);
#2075 = AXIS2_PLACEMENT_3D('',#2076,#2077,#2078);
#2076 = CARTESIAN_POINT('',(-34.5,-11.5,9.55));
#2077 = DIRECTION('',(0.,0.,1.));
#2078 = DIRECTION('',(1.,0.,-0.));
#2079 = ADVANCED_FACE('',(#2080),#2114,.F.);
#2080 = FACE_BOUND('',#2081,.F.);
#2081 = EDGE_LOOP('',(#2082,#2092,#2100,#2108));
#2082 = ORIENTED_EDGE('',*,*,#2083,.F.);
#2083 = EDGE_CURVE('',#2084,#2086,#2088,.T.);
#2084 = VERTEX_POINT('',#2085);
#2085 = CARTESIAN_POINT('',(-34.,-9.444000310545,3.203015745036));
#2086 = VERTEX_POINT('',#2087);
#2087 = CARTESIAN_POINT('',(-34.,-8.889140103495,2.1));
#2088 = LINE('',#2089,#2090);
#2089 = CARTESIAN_POINT('',(-34.,-9.444000310545,3.203015745036));
#2090 = VECTOR('',#2091,1.);
#2091 = DIRECTION('',(-9.978336738539E-17,0.449384336175,-0.893338523966
    ));
#2092 = ORIENTED_EDGE('',*,*,#2093,.T.);
#2093 = EDGE_CURVE('',#2084,#2094,#2096,.T.);
#2094 = VERTEX_POINT('',#2095);
#2095 = CARTESIAN_POINT('',(-30.6,-9.444000310545,3.203015745036));
#2096 = LINE('',#2097,#2098);
#2097 = CARTESIAN_POINT('',(-34.,-9.444000310545,3.203015745036));
#2098 = VECTOR('',#2099,1.);
#2099 = DIRECTION('',(1.,0.,-2.22044604925E-16));
#2100 = ORIENTED_EDGE('',*,*,#2101,.T.);
#2101 = EDGE_CURVE('',#2094,#2102,#2104,.T.);
#2102 = VERTEX_POINT('',#2103);
#2103 = CARTESIAN_POINT('',(-30.6,-8.889140103495,2.1));
#2104 = LINE('',#2105,#2106);
#2105 = CARTESIAN_POINT('',(-30.6,-9.444000310545,3.203015745036));
#2106 = VECTOR('',#2107,1.);
#2107 = DIRECTION('',(-9.978336738539E-17,0.449384336175,-0.893338523966
    ));
#2108 = ORIENTED_EDGE('',*,*,#2109,.T.);
#2109 = EDGE_CURVE('',#2102,#2086,#2110,.T.);
#2110 = LINE('',#2111,#2112);
#2111 = CARTESIAN_POINT('',(-34.,-8.889140103495,2.1));
#2112 = VECTOR('',#2113,1.);
#2113 = DIRECTION('',(-1.,-2.22044604925E-16,0.));
#2114 = PLANE('',#2115);
#2115 = AXIS2_PLACEMENT_3D('',#2116,#2117,#2118);
#2116 = CARTESIAN_POINT('',(-34.,-9.444000310545,3.203015745036));
#2117 = DIRECTION('',(-1.983609996182E-16,0.893338523966,0.449384336175)
  );
#2118 = DIRECTION('',(-9.978336738539E-17,0.449384336175,-0.893338523966
    ));
#2119 = ADVANCED_FACE('',(#2120),#2145,.F.);
#2120 = FACE_BOUND('',#2121,.F.);
#2121 = EDGE_LOOP('',(#2122,#2132,#2138,#2139));
#2122 = ORIENTED_EDGE('',*,*,#2123,.T.);
#2123 = EDGE_CURVE('',#2124,#2126,#2128,.T.);
#2124 = VERTEX_POINT('',#2125);
#2125 = CARTESIAN_POINT('',(-34.,-9.886311668046,4.474955669673));
#2126 = VERTEX_POINT('',#2127);
#2127 = CARTESIAN_POINT('',(-30.6,-9.886311668046,4.474955669673));
#2128 = LINE('',#2129,#2130);
#2129 = CARTESIAN_POINT('',(-34.,-9.886311668046,4.474955669673));
#2130 = VECTOR('',#2131,1.);
#2131 = DIRECTION('',(1.,0.,-2.22044604925E-16));
#2132 = ORIENTED_EDGE('',*,*,#2133,.T.);
#2133 = EDGE_CURVE('',#2126,#2094,#2134,.T.);
#2134 = LINE('',#2135,#2136);
#2135 = CARTESIAN_POINT('',(-30.6,-9.886311668046,4.474955669673));
#2136 = VECTOR('',#2137,1.);
#2137 = DIRECTION('',(-7.293115104977E-17,0.328452704691,-0.944520418403
    ));
#2138 = ORIENTED_EDGE('',*,*,#2093,.F.);
#2139 = ORIENTED_EDGE('',*,*,#2140,.F.);
#2140 = EDGE_CURVE('',#2124,#2084,#2141,.T.);
#2141 = LINE('',#2142,#2143);
#2142 = CARTESIAN_POINT('',(-34.,-9.886311668046,4.474955669673));
#2143 = VECTOR('',#2144,1.);
#2144 = DIRECTION('',(-7.293115104977E-17,0.328452704691,-0.944520418403
    ));
#2145 = PLANE('',#2146);
#2146 = AXIS2_PLACEMENT_3D('',#2147,#2148,#2149);
#2147 = CARTESIAN_POINT('',(-34.,-9.886311668046,4.474955669673));
#2148 = DIRECTION('',(-2.09725663148E-16,0.944520418403,0.328452704691)
  );
#2149 = DIRECTION('',(-7.293115104977E-17,0.328452704691,-0.944520418403
    ));
#2150 = ADVANCED_FACE('',(#2151),#2176,.F.);
#2151 = FACE_BOUND('',#2152,.F.);
#2152 = EDGE_LOOP('',(#2153,#2163,#2169,#2170));
#2153 = ORIENTED_EDGE('',*,*,#2154,.T.);
#2154 = EDGE_CURVE('',#2155,#2157,#2159,.T.);
#2155 = VERTEX_POINT('',#2156);
#2156 = CARTESIAN_POINT('',(-34.,-10.15814301423,5.79388638358));
#2157 = VERTEX_POINT('',#2158);
#2158 = CARTESIAN_POINT('',(-30.6,-10.15814301423,5.79388638358));
#2159 = LINE('',#2160,#2161);
#2160 = CARTESIAN_POINT('',(-34.,-10.15814301423,5.79388638358));
#2161 = VECTOR('',#2162,1.);
#2162 = DIRECTION('',(1.,0.,-2.22044604925E-16));
#2163 = ORIENTED_EDGE('',*,*,#2164,.T.);
#2164 = EDGE_CURVE('',#2157,#2126,#2165,.T.);
#2165 = LINE('',#2166,#2167);
#2166 = CARTESIAN_POINT('',(-30.6,-10.15814301423,5.79388638358));
#2167 = VECTOR('',#2168,1.);
#2168 = DIRECTION('',(-4.482130660438E-17,0.201857219722,-0.979414959476
    ));
#2169 = ORIENTED_EDGE('',*,*,#2123,.F.);
#2170 = ORIENTED_EDGE('',*,*,#2171,.F.);
#2171 = EDGE_CURVE('',#2155,#2124,#2172,.T.);
#2172 = LINE('',#2173,#2174);
#2173 = CARTESIAN_POINT('',(-34.,-10.15814301423,5.79388638358));
#2174 = VECTOR('',#2175,1.);
#2175 = DIRECTION('',(-4.482130660438E-17,0.201857219722,-0.979414959476
    ));
#2176 = PLANE('',#2177);
#2177 = AXIS2_PLACEMENT_3D('',#2178,#2179,#2180);
#2178 = CARTESIAN_POINT('',(-34.,-10.15814301423,5.79388638358));
#2179 = DIRECTION('',(-2.174738077346E-16,0.979414959476,0.201857219722)
  );
#2180 = DIRECTION('',(-4.482130660438E-17,0.201857219722,-0.979414959476
    ));
#2181 = ADVANCED_FACE('',(#2182),#2215,.F.);
#2182 = FACE_BOUND('',#2183,.F.);
#2183 = EDGE_LOOP('',(#2184,#2194,#2202,#2208,#2209));
#2184 = ORIENTED_EDGE('',*,*,#2185,.T.);
#2185 = EDGE_CURVE('',#2186,#2188,#2190,.T.);
#2186 = VERTEX_POINT('',#2187);
#2187 = CARTESIAN_POINT('',(-34.,-10.25480687693,7.137064185104));
#2188 = VERTEX_POINT('',#2189);
#2189 = CARTESIAN_POINT('',(-30.6,-10.25480687693,7.137064185104));
#2190 = LINE('',#2191,#2192);
#2191 = CARTESIAN_POINT('',(-34.,-10.25480687693,7.137064185104));
#2192 = VECTOR('',#2193,1.);
#2193 = DIRECTION('',(1.,0.,-2.22044604925E-16));
#2194 = ORIENTED_EDGE('',*,*,#2195,.T.);
#2195 = EDGE_CURVE('',#2188,#2196,#2198,.T.);
#2196 = VERTEX_POINT('',#2197);
#2197 = CARTESIAN_POINT('',(-30.6,-10.21226610365,6.545945428467));
#2198 = LINE('',#2199,#2200);
#2199 = CARTESIAN_POINT('',(-30.6,-10.25480687693,7.137064185104));
#2200 = VECTOR('',#2201,1.);
#2201 = DIRECTION('',(-1.593856149457E-17,7.178089960777E-02,
    -0.99742042412));
#2202 = ORIENTED_EDGE('',*,*,#2203,.T.);
#2203 = EDGE_CURVE('',#2196,#2157,#2204,.T.);
#2204 = LINE('',#2205,#2206);
#2205 = CARTESIAN_POINT('',(-30.6,-10.25480687693,7.137064185104));
#2206 = VECTOR('',#2207,1.);
#2207 = DIRECTION('',(-1.593856149457E-17,7.178089960777E-02,
    -0.99742042412));
#2208 = ORIENTED_EDGE('',*,*,#2154,.F.);
#2209 = ORIENTED_EDGE('',*,*,#2210,.F.);
#2210 = EDGE_CURVE('',#2186,#2155,#2211,.T.);
#2211 = LINE('',#2212,#2213);
#2212 = CARTESIAN_POINT('',(-34.,-10.25480687693,7.137064185104));
#2213 = VECTOR('',#2214,1.);
#2214 = DIRECTION('',(-1.593856149457E-17,7.178089960777E-02,
    -0.99742042412));
#2215 = PLANE('',#2216);
#2216 = AXIS2_PLACEMENT_3D('',#2217,#2218,#2219);
#2217 = CARTESIAN_POINT('',(-34.,-10.25480687693,7.137064185104));
#2218 = DIRECTION('',(-2.214718240179E-16,0.99742042412,
    7.178089960777E-02));
#2219 = DIRECTION('',(-1.593856149457E-17,7.178089960777E-02,
    -0.99742042412));
#2220 = ADVANCED_FACE('',(#2221),#2254,.F.);
#2221 = FACE_BOUND('',#2222,.F.);
#2222 = EDGE_LOOP('',(#2223,#2233,#2241,#2247,#2248));
#2223 = ORIENTED_EDGE('',*,*,#2224,.T.);
#2224 = EDGE_CURVE('',#2225,#2227,#2229,.T.);
#2225 = VERTEX_POINT('',#2226);
#2226 = CARTESIAN_POINT('',(-34.,-10.17463638005,8.481327254704));
#2227 = VERTEX_POINT('',#2228);
#2228 = CARTESIAN_POINT('',(-30.6,-10.17463638005,8.481327254704));
#2229 = LINE('',#2230,#2231);
#2230 = CARTESIAN_POINT('',(-34.,-10.17463638005,8.481327254704));
#2231 = VECTOR('',#2232,1.);
#2232 = DIRECTION('',(1.,0.,-2.22044604925E-16));
#2233 = ORIENTED_EDGE('',*,*,#2234,.T.);
#2234 = EDGE_CURVE('',#2227,#2235,#2237,.T.);
#2235 = VERTEX_POINT('',#2236);
#2236 = CARTESIAN_POINT('',(-30.6,-10.21226610365,7.850368863238));
#2237 = LINE('',#2238,#2239);
#2238 = CARTESIAN_POINT('',(-30.6,-10.17463638005,8.481327254704));
#2239 = VECTOR('',#2240,1.);
#2240 = DIRECTION('',(1.321902889982E-17,-5.953321362742E-02,
    -0.998226325277));
#2241 = ORIENTED_EDGE('',*,*,#2242,.T.);
#2242 = EDGE_CURVE('',#2235,#2188,#2243,.T.);
#2243 = LINE('',#2244,#2245);
#2244 = CARTESIAN_POINT('',(-30.6,-10.17463638005,8.481327254704));
#2245 = VECTOR('',#2246,1.);
#2246 = DIRECTION('',(1.321902889982E-17,-5.953321362742E-02,
    -0.998226325277));
#2247 = ORIENTED_EDGE('',*,*,#2185,.F.);
#2248 = ORIENTED_EDGE('',*,*,#2249,.F.);
#2249 = EDGE_CURVE('',#2225,#2186,#2250,.T.);
#2250 = LINE('',#2251,#2252);
#2251 = CARTESIAN_POINT('',(-34.,-10.17463638005,8.481327254704));
#2252 = VECTOR('',#2253,1.);
#2253 = DIRECTION('',(1.321902889982E-17,-5.953321362742E-02,
    -0.998226325277));
#2254 = PLANE('',#2255);
#2255 = AXIS2_PLACEMENT_3D('',#2256,#2257,#2258);
#2256 = CARTESIAN_POINT('',(-34.,-10.17463638005,8.481327254704));
#2257 = DIRECTION('',(-2.216507700218E-16,0.998226325277,
    -5.953321362742E-02));
#2258 = DIRECTION('',(1.321902889982E-17,-5.953321362742E-02,
    -0.998226325277));
#2259 = ADVANCED_FACE('',(#2260),#2301,.F.);
#2260 = FACE_BOUND('',#2261,.F.);
#2261 = EDGE_LOOP('',(#2262,#2272,#2278,#2279,#2287,#2295));
#2262 = ORIENTED_EDGE('',*,*,#2263,.T.);
#2263 = EDGE_CURVE('',#2264,#2266,#2268,.T.);
#2264 = VERTEX_POINT('',#2265);
#2265 = CARTESIAN_POINT('',(-34.,-9.919013987326,9.803495058424));
#2266 = VERTEX_POINT('',#2267);
#2267 = CARTESIAN_POINT('',(-30.6,-9.919013987326,9.803495058424));
#2268 = LINE('',#2269,#2270);
#2269 = CARTESIAN_POINT('',(-34.,-9.919013987326,9.803495058424));
#2270 = VECTOR('',#2271,1.);
#2271 = DIRECTION('',(1.,0.,-2.22044604925E-16));
#2272 = ORIENTED_EDGE('',*,*,#2273,.T.);
#2273 = EDGE_CURVE('',#2266,#2227,#2274,.T.);
#2274 = LINE('',#2275,#2276);
#2275 = CARTESIAN_POINT('',(-30.6,-9.919013987326,9.803495058424));
#2276 = VECTOR('',#2277,1.);
#2277 = DIRECTION('',(4.214866975428E-17,-0.1898207334,-0.98181876595));
#2278 = ORIENTED_EDGE('',*,*,#2224,.F.);
#2279 = ORIENTED_EDGE('',*,*,#2280,.F.);
#2280 = EDGE_CURVE('',#2281,#2225,#2283,.T.);
#2281 = VERTEX_POINT('',#2282);
#2282 = CARTESIAN_POINT('',(-34.,-9.977690452444,9.5));
#2283 = LINE('',#2284,#2285);
#2284 = CARTESIAN_POINT('',(-34.,-9.919013987326,9.803495058424));
#2285 = VECTOR('',#2286,1.);
#2286 = DIRECTION('',(4.214866975428E-17,-0.1898207334,-0.98181876595));
#2287 = ORIENTED_EDGE('',*,*,#2288,.F.);
#2288 = EDGE_CURVE('',#2289,#2281,#2291,.T.);
#2289 = VERTEX_POINT('',#2290);
#2290 = CARTESIAN_POINT('',(-34.,-9.939600353127,9.697015223978));
#2291 = LINE('',#2292,#2293);
#2292 = CARTESIAN_POINT('',(-34.,-9.919013987326,9.803495058424));
#2293 = VECTOR('',#2294,1.);
#2294 = DIRECTION('',(4.214866975428E-17,-0.1898207334,-0.98181876595));
#2295 = ORIENTED_EDGE('',*,*,#2296,.F.);
#2296 = EDGE_CURVE('',#2264,#2289,#2297,.T.);
#2297 = LINE('',#2298,#2299);
#2298 = CARTESIAN_POINT('',(-34.,-9.919013987326,9.803495058424));
#2299 = VECTOR('',#2300,1.);
#2300 = DIRECTION('',(4.214866975428E-17,-0.1898207334,-0.98181876595));
#2301 = PLANE('',#2302);
#2302 = AXIS2_PLACEMENT_3D('',#2303,#2304,#2305);
#2303 = CARTESIAN_POINT('',(-34.,-9.919013987326,9.803495058424));
#2304 = DIRECTION('',(-2.180075599934E-16,0.98181876595,-0.1898207334));
#2305 = DIRECTION('',(4.214866975428E-17,-0.1898207334,-0.98181876595));
#2306 = ADVANCED_FACE('',(#2307),#2341,.F.);
#2307 = FACE_BOUND('',#2308,.F.);
#2308 = EDGE_LOOP('',(#2309,#2319,#2327,#2335));
#2309 = ORIENTED_EDGE('',*,*,#2310,.T.);
#2310 = EDGE_CURVE('',#2311,#2313,#2315,.T.);
#2311 = VERTEX_POINT('',#2312);
#2312 = CARTESIAN_POINT('',(-39.5,8.456719222015,9.5));
#2313 = VERTEX_POINT('',#2314);
#2314 = CARTESIAN_POINT('',(-38.5,8.456719222015,9.5));
#2315 = LINE('',#2316,#2317);
#2316 = CARTESIAN_POINT('',(-39.5,8.456719222015,9.5));
#2317 = VECTOR('',#2318,1.);
#2318 = DIRECTION('',(1.,0.,-2.22044604925E-16));
#2319 = ORIENTED_EDGE('',*,*,#2320,.T.);
#2320 = EDGE_CURVE('',#2313,#2321,#2323,.T.);
#2321 = VERTEX_POINT('',#2322);
#2322 = CARTESIAN_POINT('',(-38.5,8.260016488267,10.199671760338));
#2323 = LINE('',#2324,#2325);
#2324 = CARTESIAN_POINT('',(-38.5,8.456719222015,9.5));
#2325 = VECTOR('',#2326,1.);
#2326 = DIRECTION('',(6.009495947963E-17,-0.270643637119,0.962679604898)
  );
#2327 = ORIENTED_EDGE('',*,*,#2328,.F.);
#2328 = EDGE_CURVE('',#2329,#2321,#2331,.T.);
#2329 = VERTEX_POINT('',#2330);
#2330 = CARTESIAN_POINT('',(-39.5,8.260016488267,10.199671760338));
#2331 = LINE('',#2332,#2333);
#2332 = CARTESIAN_POINT('',(-39.5,8.260016488267,10.199671760338));
#2333 = VECTOR('',#2334,1.);
#2334 = DIRECTION('',(1.,0.,-2.22044604925E-16));
#2335 = ORIENTED_EDGE('',*,*,#2336,.F.);
#2336 = EDGE_CURVE('',#2311,#2329,#2337,.T.);
#2337 = LINE('',#2338,#2339);
#2338 = CARTESIAN_POINT('',(-39.5,8.456719222015,9.5));
#2339 = VECTOR('',#2340,1.);
#2340 = DIRECTION('',(6.009495947963E-17,-0.270643637119,0.962679604898)
  );
#2341 = PLANE('',#2342);
#2342 = AXIS2_PLACEMENT_3D('',#2343,#2344,#2345);
#2343 = CARTESIAN_POINT('',(-39.5,8.456719222015,9.5));
#2344 = DIRECTION('',(2.13757812539E-16,-0.962679604898,-0.270643637119)
  );
#2345 = DIRECTION('',(6.009495947963E-17,-0.270643637119,0.962679604898)
  );
#2346 = ADVANCED_FACE('',(#2347),#2372,.F.);
#2347 = FACE_BOUND('',#2348,.F.);
#2348 = EDGE_LOOP('',(#2349,#2350,#2358,#2366));
#2349 = ORIENTED_EDGE('',*,*,#2328,.T.);
#2350 = ORIENTED_EDGE('',*,*,#2351,.T.);
#2351 = EDGE_CURVE('',#2321,#2352,#2354,.T.);
#2352 = VERTEX_POINT('',#2353);
#2353 = CARTESIAN_POINT('',(-38.5,8.005535221585,10.880459409011));
#2354 = LINE('',#2355,#2356);
#2355 = CARTESIAN_POINT('',(-38.5,8.260016488267,10.199671760338));
#2356 = VECTOR('',#2357,1.);
#2357 = DIRECTION('',(7.774696933868E-17,-0.350141222143,0.936696922465)
  );
#2358 = ORIENTED_EDGE('',*,*,#2359,.F.);
#2359 = EDGE_CURVE('',#2360,#2352,#2362,.T.);
#2360 = VERTEX_POINT('',#2361);
#2361 = CARTESIAN_POINT('',(-39.5,8.005535221585,10.880459409011));
#2362 = LINE('',#2363,#2364);
#2363 = CARTESIAN_POINT('',(-39.5,8.005535221585,10.880459409011));
#2364 = VECTOR('',#2365,1.);
#2365 = DIRECTION('',(1.,0.,-2.22044604925E-16));
#2366 = ORIENTED_EDGE('',*,*,#2367,.F.);
#2367 = EDGE_CURVE('',#2329,#2360,#2368,.T.);
#2368 = LINE('',#2369,#2370);
#2369 = CARTESIAN_POINT('',(-39.5,8.260016488267,10.199671760338));
#2370 = VECTOR('',#2371,1.);
#2371 = DIRECTION('',(7.774696933868E-17,-0.350141222143,0.936696922465)
  );
#2372 = PLANE('',#2373);
#2373 = AXIS2_PLACEMENT_3D('',#2374,#2375,#2376);
#2374 = CARTESIAN_POINT('',(-39.5,8.260016488267,10.199671760338));
#2375 = DIRECTION('',(2.079884980833E-16,-0.936696922465,-0.350141222143
    ));
#2376 = DIRECTION('',(7.774696933868E-17,-0.350141222143,0.936696922465)
  );
#2377 = ADVANCED_FACE('',(#2378),#2654,.F.);
#2378 = FACE_BOUND('',#2379,.F.);
#2379 = EDGE_LOOP('',(#2380,#2388,#2389,#2390,#2398,#2406,#2414,#2422,
    #2430,#2438,#2446,#2454,#2462,#2470,#2478,#2486,#2494,#2502,#2510,
    #2518,#2526,#2534,#2542,#2550,#2558,#2566,#2574,#2582,#2590,#2598,
    #2606,#2614,#2622,#2630,#2638,#2647));
#2380 = ORIENTED_EDGE('',*,*,#2381,.T.);
#2381 = EDGE_CURVE('',#2382,#2311,#2384,.T.);
#2382 = VERTEX_POINT('',#2383);
#2383 = CARTESIAN_POINT('',(-39.5,7.2284161474,9.5));
#2384 = LINE('',#2385,#2386);
#2385 = CARTESIAN_POINT('',(-39.5,-8.456719222015,9.5));
#2386 = VECTOR('',#2387,1.);
#2387 = DIRECTION('',(-2.22044604925E-16,1.,0.));
#2388 = ORIENTED_EDGE('',*,*,#2336,.T.);
#2389 = ORIENTED_EDGE('',*,*,#2367,.T.);
#2390 = ORIENTED_EDGE('',*,*,#2391,.T.);
#2391 = EDGE_CURVE('',#2360,#2392,#2394,.T.);
#2392 = VERTEX_POINT('',#2393);
#2393 = CARTESIAN_POINT('',(-39.5,7.695055509729,11.537600859692));
#2394 = LINE('',#2395,#2396);
#2395 = CARTESIAN_POINT('',(-39.5,8.005535221585,10.880459409011));
#2396 = VECTOR('',#2397,1.);
#2397 = DIRECTION('',(9.485514180529E-17,-0.427189581288,0.904162077085)
  );
#2398 = ORIENTED_EDGE('',*,*,#2399,.T.);
#2399 = EDGE_CURVE('',#2392,#2400,#2402,.T.);
#2400 = VERTEX_POINT('',#2401);
#2401 = CARTESIAN_POINT('',(-39.5,7.330749147669,12.166499430402));
#2402 = LINE('',#2403,#2404);
#2403 = CARTESIAN_POINT('',(-39.5,7.695055509729,11.537600859692));
#2404 = VECTOR('',#2405,1.);
#2405 = DIRECTION('',(1.11299805798E-16,-0.501249763918,0.865302648888)
  );
#2406 = ORIENTED_EDGE('',*,*,#2407,.T.);
#2407 = EDGE_CURVE('',#2400,#2408,#2410,.T.);
#2408 = VERTEX_POINT('',#2409);
#2409 = CARTESIAN_POINT('',(-39.5,6.915164445953,12.76275599714));
#2410 = LINE('',#2411,#2412);
#2411 = CARTESIAN_POINT('',(-39.5,7.330749147669,12.166499430402));
#2412 = VECTOR('',#2413,1.);
#2413 = DIRECTION('',(1.269659314544E-16,-0.571803721587,0.820390458245)
  );
#2414 = ORIENTED_EDGE('',*,*,#2415,.T.);
#2415 = EDGE_CURVE('',#2408,#2416,#2418,.T.);
#2416 = VERTEX_POINT('',#2417);
#2417 = CARTESIAN_POINT('',(-39.5,6.45120840536,13.322199765605));
#2418 = LINE('',#2419,#2420);
#2419 = CARTESIAN_POINT('',(-39.5,6.915164445953,12.76275599714));
#2420 = VECTOR('',#2421,1.);
#2421 = DIRECTION('',(1.41743934761E-16,-0.638357931772,0.769739664396)
  );
#2422 = ORIENTED_EDGE('',*,*,#2423,.T.);
#2423 = EDGE_CURVE('',#2416,#2424,#2426,.T.);
#2424 = VERTEX_POINT('',#2425);
#2425 = CARTESIAN_POINT('',(-39.5,5.942126382532,13.840917445766));
#2426 = LINE('',#2427,#2428);
#2427 = CARTESIAN_POINT('',(-39.5,6.45120840536,13.322199765605));
#2428 = VECTOR('',#2429,1.);
#2429 = DIRECTION('',(1.555304440902E-16,-0.700446850049,0.71370456791)
  );
#2430 = ORIENTED_EDGE('',*,*,#2431,.T.);
#2431 = EDGE_CURVE('',#2424,#2432,#2434,.T.);
#2432 = VERTEX_POINT('',#2433);
#2433 = CARTESIAN_POINT('',(-39.5,5.391479388813,14.315280625183));
#2434 = LINE('',#2435,#2436);
#2435 = CARTESIAN_POINT('',(-39.5,5.942126382532,13.840917445766));
#2436 = VECTOR('',#2437,1.);
#2437 = DIRECTION('',(1.682290232803E-16,-0.757636166558,0.652677132373)
  );
#2438 = ORIENTED_EDGE('',*,*,#2439,.T.);
#2439 = EDGE_CURVE('',#2432,#2440,#2442,.T.);
#2440 = VERTEX_POINT('',#2441);
#2441 = CARTESIAN_POINT('',(-39.5,4.8031191811,14.741971149635));
#2442 = LINE('',#2443,#2444);
#2443 = CARTESIAN_POINT('',(-39.5,5.391479388813,14.315280625183));
#2444 = VECTOR('',#2445,1.);
#2445 = DIRECTION('',(1.797508462042E-16,-0.809525843985,0.58708424261)
  );
#2446 = ORIENTED_EDGE('',*,*,#2447,.T.);
#2447 = EDGE_CURVE('',#2440,#2448,#2450,.T.);
#2448 = VERTEX_POINT('',#2449);
#2449 = CARTESIAN_POINT('',(-39.5,4.181161318928,15.118004333492));
#2450 = LINE('',#2451,#2452);
#2451 = CARTESIAN_POINT('',(-39.5,4.8031191811,14.741971149635));
#2452 = VECTOR('',#2453,1.);
#2453 = DIRECTION('',(1.900153181044E-16,-0.85575291581,0.517384718641)
  );
#2454 = ORIENTED_EDGE('',*,*,#2455,.T.);
#2455 = EDGE_CURVE('',#2448,#2456,#2458,.T.);
#2456 = VERTEX_POINT('',#2457);
#2457 = CARTESIAN_POINT('',(-39.5,3.529956376281,15.440749837487));
#2458 = LINE('',#2459,#2460);
#2459 = CARTESIAN_POINT('',(-39.5,4.181161318928,15.118004333492));
#2460 = VECTOR('',#2461,1.);
#2461 = DIRECTION('',(1.989506393509E-16,-0.895994025246,0.444066106254)
  );
#2462 = ORIENTED_EDGE('',*,*,#2463,.T.);
#2463 = EDGE_CURVE('',#2456,#2464,#2466,.T.);
#2464 = VERTEX_POINT('',#2465);
#2465 = CARTESIAN_POINT('',(-39.5,2.854059509467,15.707950067856));
#2466 = LINE('',#2467,#2468);
#2467 = CARTESIAN_POINT('',(-39.5,3.529956376281,15.440749837487));
#2468 = VECTOR('',#2469,1.);
#2469 = DIRECTION('',(2.064943076771E-16,-0.929967687109,0.367641266636)
  );
#2470 = ORIENTED_EDGE('',*,*,#2471,.T.);
#2471 = EDGE_CURVE('',#2464,#2472,#2474,.T.);
#2472 = VERTEX_POINT('',#2473);
#2473 = CARTESIAN_POINT('',(-39.5,2.158198593962,15.917735968122));
#2474 = LINE('',#2475,#2476);
#2475 = CARTESIAN_POINT('',(-39.5,2.854059509467,15.707950067856));
#2476 = VECTOR('',#2477,1.);
#2477 = DIRECTION('',(2.125935553809E-16,-0.957436256795,0.288644788928)
  );
#2478 = ORIENTED_EDGE('',*,*,#2479,.T.);
#2479 = EDGE_CURVE('',#2472,#2480,#2482,.T.);
#2480 = VERTEX_POINT('',#2481);
#2481 = CARTESIAN_POINT('',(-39.5,1.447241153079,16.068640093086));
#2482 = LINE('',#2483,#2484);
#2483 = CARTESIAN_POINT('',(-39.5,2.158198593962,15.917735968122));
#2484 = VECTOR('',#2485,1.);
#2485 = DIRECTION('',(2.172057184331E-16,-0.978207592598,0.207629250789)
  );
#2486 = ORIENTED_EDGE('',*,*,#2487,.T.);
#2487 = EDGE_CURVE('',#2480,#2488,#2490,.T.);
#2488 = VERTEX_POINT('',#2489);
#2489 = CARTESIAN_POINT('',(-39.5,0.72616030981,16.159606873551));
#2490 = LINE('',#2491,#2492);
#2491 = CARTESIAN_POINT('',(-39.5,1.447241153079,16.068640093086));
#2492 = VECTOR('',#2493,1.);
#2493 = DIRECTION('',(2.20298534911E-16,-0.992136399736,0.12516135314));
#2494 = ORIENTED_EDGE('',*,*,#2495,.T.);
#2495 = EDGE_CURVE('',#2488,#2496,#2498,.T.);
#2496 = VERTEX_POINT('',#2497);
#2497 = CARTESIAN_POINT('',(-39.5,-3.062793119507E-15,16.19));
#2498 = LINE('',#2499,#2500);
#2499 = CARTESIAN_POINT('',(-39.5,0.72616030981,16.159606873551));
#2500 = VECTOR('',#2501,1.);
#2501 = DIRECTION('',(2.21850370669E-16,-0.999125246677,
    4.181795610432E-02));
#2502 = ORIENTED_EDGE('',*,*,#2503,.T.);
#2503 = EDGE_CURVE('',#2496,#2504,#2506,.T.);
#2504 = VERTEX_POINT('',#2505);
#2505 = CARTESIAN_POINT('',(-39.5,-0.72616030981,16.159606873551));
#2506 = LINE('',#2507,#2508);
#2507 = CARTESIAN_POINT('',(-39.5,-3.062793119507E-15,16.19));
#2508 = VECTOR('',#2509,1.);
#2509 = DIRECTION('',(2.21850370669E-16,-0.999125246677,
    -4.181795610432E-02));
#2510 = ORIENTED_EDGE('',*,*,#2511,.T.);
#2511 = EDGE_CURVE('',#2504,#2512,#2514,.T.);
#2512 = VERTEX_POINT('',#2513);
#2513 = CARTESIAN_POINT('',(-39.5,-1.447241153079,16.068640093086));
#2514 = LINE('',#2515,#2516);
#2515 = CARTESIAN_POINT('',(-39.5,-0.72616030981,16.159606873551));
#2516 = VECTOR('',#2517,1.);
#2517 = DIRECTION('',(2.20298534911E-16,-0.992136399736,-0.12516135314)
  );
#2518 = ORIENTED_EDGE('',*,*,#2519,.T.);
#2519 = EDGE_CURVE('',#2512,#2520,#2522,.T.);
#2520 = VERTEX_POINT('',#2521);
#2521 = CARTESIAN_POINT('',(-39.5,-2.158198593962,15.917735968122));
#2522 = LINE('',#2523,#2524);
#2523 = CARTESIAN_POINT('',(-39.5,-1.447241153079,16.068640093086));
#2524 = VECTOR('',#2525,1.);
#2525 = DIRECTION('',(2.172057184331E-16,-0.978207592598,-0.207629250789
    ));
#2526 = ORIENTED_EDGE('',*,*,#2527,.T.);
#2527 = EDGE_CURVE('',#2520,#2528,#2530,.T.);
#2528 = VERTEX_POINT('',#2529);
#2529 = CARTESIAN_POINT('',(-39.5,-2.854059509467,15.707950067856));
#2530 = LINE('',#2531,#2532);
#2531 = CARTESIAN_POINT('',(-39.5,-2.158198593962,15.917735968122));
#2532 = VECTOR('',#2533,1.);
#2533 = DIRECTION('',(2.125935553809E-16,-0.957436256795,-0.288644788928
    ));
#2534 = ORIENTED_EDGE('',*,*,#2535,.T.);
#2535 = EDGE_CURVE('',#2528,#2536,#2538,.T.);
#2536 = VERTEX_POINT('',#2537);
#2537 = CARTESIAN_POINT('',(-39.5,-3.529956376281,15.440749837487));
#2538 = LINE('',#2539,#2540);
#2539 = CARTESIAN_POINT('',(-39.5,-2.854059509467,15.707950067856));
#2540 = VECTOR('',#2541,1.);
#2541 = DIRECTION('',(2.064943076771E-16,-0.929967687109,-0.367641266636
    ));
#2542 = ORIENTED_EDGE('',*,*,#2543,.T.);
#2543 = EDGE_CURVE('',#2536,#2544,#2546,.T.);
#2544 = VERTEX_POINT('',#2545);
#2545 = CARTESIAN_POINT('',(-39.5,-4.181161318928,15.118004333492));
#2546 = LINE('',#2547,#2548);
#2547 = CARTESIAN_POINT('',(-39.5,-3.529956376281,15.440749837487));
#2548 = VECTOR('',#2549,1.);
#2549 = DIRECTION('',(1.989506393509E-16,-0.895994025246,-0.444066106254
    ));
#2550 = ORIENTED_EDGE('',*,*,#2551,.T.);
#2551 = EDGE_CURVE('',#2544,#2552,#2554,.T.);
#2552 = VERTEX_POINT('',#2553);
#2553 = CARTESIAN_POINT('',(-39.5,-4.8031191811,14.741971149635));
#2554 = LINE('',#2555,#2556);
#2555 = CARTESIAN_POINT('',(-39.5,-4.181161318928,15.118004333492));
#2556 = VECTOR('',#2557,1.);
#2557 = DIRECTION('',(1.900153181044E-16,-0.85575291581,-0.517384718641)
  );
#2558 = ORIENTED_EDGE('',*,*,#2559,.T.);
#2559 = EDGE_CURVE('',#2552,#2560,#2562,.T.);
#2560 = VERTEX_POINT('',#2561);
#2561 = CARTESIAN_POINT('',(-39.5,-5.391479388813,14.315280625183));
#2562 = LINE('',#2563,#2564);
#2563 = CARTESIAN_POINT('',(-39.5,-4.8031191811,14.741971149635));
#2564 = VECTOR('',#2565,1.);
#2565 = DIRECTION('',(1.797508462042E-16,-0.809525843985,-0.58708424261)
  );
#2566 = ORIENTED_EDGE('',*,*,#2567,.T.);
#2567 = EDGE_CURVE('',#2560,#2568,#2570,.T.);
#2568 = VERTEX_POINT('',#2569);
#2569 = CARTESIAN_POINT('',(-39.5,-5.942126382532,13.840917445766));
#2570 = LINE('',#2571,#2572);
#2571 = CARTESIAN_POINT('',(-39.5,-5.391479388813,14.315280625183));
#2572 = VECTOR('',#2573,1.);
#2573 = DIRECTION('',(1.682290232803E-16,-0.757636166558,-0.652677132373
    ));
#2574 = ORIENTED_EDGE('',*,*,#2575,.T.);
#2575 = EDGE_CURVE('',#2568,#2576,#2578,.T.);
#2576 = VERTEX_POINT('',#2577);
#2577 = CARTESIAN_POINT('',(-39.5,-6.45120840536,13.322199765605));
#2578 = LINE('',#2579,#2580);
#2579 = CARTESIAN_POINT('',(-39.5,-5.942126382532,13.840917445766));
#2580 = VECTOR('',#2581,1.);
#2581 = DIRECTION('',(1.555304440902E-16,-0.700446850049,-0.71370456791)
  );
#2582 = ORIENTED_EDGE('',*,*,#2583,.T.);
#2583 = EDGE_CURVE('',#2576,#2584,#2586,.T.);
#2584 = VERTEX_POINT('',#2585);
#2585 = CARTESIAN_POINT('',(-39.5,-6.915164445953,12.76275599714));
#2586 = LINE('',#2587,#2588);
#2587 = CARTESIAN_POINT('',(-39.5,-6.45120840536,13.322199765605));
#2588 = VECTOR('',#2589,1.);
#2589 = DIRECTION('',(1.41743934761E-16,-0.638357931772,-0.769739664396)
  );
#2590 = ORIENTED_EDGE('',*,*,#2591,.T.);
#2591 = EDGE_CURVE('',#2584,#2592,#2594,.T.);
#2592 = VERTEX_POINT('',#2593);
#2593 = CARTESIAN_POINT('',(-39.5,-7.330749147669,12.166499430402));
#2594 = LINE('',#2595,#2596);
#2595 = CARTESIAN_POINT('',(-39.5,-6.915164445953,12.76275599714));
#2596 = VECTOR('',#2597,1.);
#2597 = DIRECTION('',(1.269659314544E-16,-0.571803721587,-0.820390458245
    ));
#2598 = ORIENTED_EDGE('',*,*,#2599,.T.);
#2599 = EDGE_CURVE('',#2592,#2600,#2602,.T.);
#2600 = VERTEX_POINT('',#2601);
#2601 = CARTESIAN_POINT('',(-39.5,-7.695055509729,11.537600859692));
#2602 = LINE('',#2603,#2604);
#2603 = CARTESIAN_POINT('',(-39.5,-7.330749147669,12.166499430402));
#2604 = VECTOR('',#2605,1.);
#2605 = DIRECTION('',(1.11299805798E-16,-0.501249763918,-0.865302648888)
  );
#2606 = ORIENTED_EDGE('',*,*,#2607,.T.);
#2607 = EDGE_CURVE('',#2600,#2608,#2610,.T.);
#2608 = VERTEX_POINT('',#2609);
#2609 = CARTESIAN_POINT('',(-39.5,-8.005535221585,10.880459409011));
#2610 = LINE('',#2611,#2612);
#2611 = CARTESIAN_POINT('',(-39.5,-7.695055509729,11.537600859692));
#2612 = VECTOR('',#2613,1.);
#2613 = DIRECTION('',(9.485514180529E-17,-0.427189581288,-0.904162077085
    ));
#2614 = ORIENTED_EDGE('',*,*,#2615,.T.);
#2615 = EDGE_CURVE('',#2608,#2616,#2618,.T.);
#2616 = VERTEX_POINT('',#2617);
#2617 = CARTESIAN_POINT('',(-39.5,-8.260016488267,10.199671760338));
#2618 = LINE('',#2619,#2620);
#2619 = CARTESIAN_POINT('',(-39.5,-8.005535221585,10.880459409011));
#2620 = VECTOR('',#2621,1.);
#2621 = DIRECTION('',(7.774696933868E-17,-0.350141222143,-0.936696922465
    ));
#2622 = ORIENTED_EDGE('',*,*,#2623,.T.);
#2623 = EDGE_CURVE('',#2616,#2624,#2626,.T.);
#2624 = VERTEX_POINT('',#2625);
#2625 = CARTESIAN_POINT('',(-39.5,-8.456719222015,9.5));
#2626 = LINE('',#2627,#2628);
#2627 = CARTESIAN_POINT('',(-39.5,-8.260016488267,10.199671760338));
#2628 = VECTOR('',#2629,1.);
#2629 = DIRECTION('',(6.009495947963E-17,-0.270643637119,-0.962679604898
    ));
#2630 = ORIENTED_EDGE('',*,*,#2631,.T.);
#2631 = EDGE_CURVE('',#2624,#2632,#2634,.T.);
#2632 = VERTEX_POINT('',#2633);
#2633 = CARTESIAN_POINT('',(-39.5,-7.2284161474,9.5));
#2634 = LINE('',#2635,#2636);
#2635 = CARTESIAN_POINT('',(-39.5,-8.456719222015,9.5));
#2636 = VECTOR('',#2637,1.);
#2637 = DIRECTION('',(-2.22044604925E-16,1.,0.));
#2638 = ORIENTED_EDGE('',*,*,#2639,.F.);
#2639 = EDGE_CURVE('',#2640,#2632,#2642,.T.);
#2640 = VERTEX_POINT('',#2641);
#2641 = CARTESIAN_POINT('',(-39.5,1.836970198721E-15,15.));
#2642 = CIRCLE('',#2643,7.5);
#2643 = AXIS2_PLACEMENT_3D('',#2644,#2645,#2646);
#2644 = CARTESIAN_POINT('',(-39.5,0.,7.5));
#2645 = DIRECTION('',(1.,0.,0.));
#2646 = DIRECTION('',(-0.,0.,1.));
#2647 = ORIENTED_EDGE('',*,*,#2648,.F.);
#2648 = EDGE_CURVE('',#2382,#2640,#2649,.T.);
#2649 = CIRCLE('',#2650,7.5);
#2650 = AXIS2_PLACEMENT_3D('',#2651,#2652,#2653);
#2651 = CARTESIAN_POINT('',(-39.5,0.,7.5));
#2652 = DIRECTION('',(1.,0.,0.));
#2653 = DIRECTION('',(-0.,0.,1.));
#2654 = PLANE('',#2655);
#2655 = AXIS2_PLACEMENT_3D('',#2656,#2657,#2658);
#2656 = CARTESIAN_POINT('',(-39.5,-2.664021088918E-15,11.997684383359));
#2657 = DIRECTION('',(1.,0.,-2.22044604925E-16));
#2658 = DIRECTION('',(-2.22044604925E-16,1.,0.));
#2659 = ADVANCED_FACE('',(#2660),#3174,.F.);
#2660 = FACE_BOUND('',#2661,.F.);
#2661 = EDGE_LOOP('',(#2662,#2670,#2678,#2686,#2694,#2702,#2710,#2718,
    #2726,#2734,#2742,#2750,#2758,#2766,#2774,#2782,#2790,#2798,#2806,
    #2814,#2822,#2830,#2838,#2846,#2854,#2862,#2870,#2878,#2886,#2894,
    #2902,#2910,#2918,#2926,#2934,#2942,#2950,#2958,#2966,#2974,#2982,
    #2990,#2998,#3006,#3014,#3022,#3030,#3038,#3046,#3054,#3062,#3070,
    #3078,#3086,#3094,#3102,#3110,#3118,#3126,#3134,#3142,#3150,#3158,
    #3166,#3172,#3173));
#2662 = ORIENTED_EDGE('',*,*,#2663,.T.);
#2663 = EDGE_CURVE('',#2313,#2664,#2666,.T.);
#2664 = VERTEX_POINT('',#2665);
#2665 = CARTESIAN_POINT('',(-38.5,8.969732437481,9.5));
#2666 = LINE('',#2667,#2668);
#2667 = CARTESIAN_POINT('',(-38.5,-8.969732437481,9.5));
#2668 = VECTOR('',#2669,1.);
#2669 = DIRECTION('',(-2.22044604925E-16,1.,9.90194998447E-17));
#2670 = ORIENTED_EDGE('',*,*,#2671,.T.);
#2671 = EDGE_CURVE('',#2664,#2672,#2674,.T.);
#2672 = VERTEX_POINT('',#2673);
#2673 = CARTESIAN_POINT('',(-38.5,8.769030362687,10.249582968065));
#2674 = LINE('',#2675,#2676);
#2675 = CARTESIAN_POINT('',(-38.5,8.969732437481,9.5));
#2676 = VECTOR('',#2677,1.);
#2677 = DIRECTION('',(5.742983876265E-17,-0.258641000451,0.965973515623)
  );
#2678 = ORIENTED_EDGE('',*,*,#2679,.T.);
#2679 = EDGE_CURVE('',#2672,#2680,#2682,.T.);
#2680 = VERTEX_POINT('',#2681);
#2681 = CARTESIAN_POINT('',(-38.5,8.505806767263,10.979561931907));
#2682 = LINE('',#2683,#2684);
#2683 = CARTESIAN_POINT('',(-38.5,8.769030362687,10.249582968065));
#2684 = VECTOR('',#2685,1.);
#2685 = DIRECTION('',(7.53200417047E-17,-0.339211311755,0.940710202973)
  );
#2686 = ORIENTED_EDGE('',*,*,#2687,.T.);
#2687 = EDGE_CURVE('',#2680,#2688,#2690,.T.);
#2688 = VERTEX_POINT('',#2689);
#2689 = CARTESIAN_POINT('',(-38.5,8.181938385441,11.684732280189));
#2690 = LINE('',#2691,#2692);
#2691 = CARTESIAN_POINT('',(-38.5,8.505806767263,10.979561931907));
#2692 = VECTOR('',#2693,1.);
#2693 = DIRECTION('',(9.267322705798E-17,-0.417363110846,0.908739805283)
  );
#2694 = ORIENTED_EDGE('',*,*,#2695,.T.);
#2695 = EDGE_CURVE('',#2688,#2696,#2698,.T.);
#2696 = VERTEX_POINT('',#2697);
#2697 = CARTESIAN_POINT('',(-38.5,7.799734337256,12.360066282288));
#2698 = LINE('',#2699,#2700);
#2699 = CARTESIAN_POINT('',(-38.5,8.181938385441,11.684732280189));
#2700 = VECTOR('',#2701,1.);
#2701 = DIRECTION('',(1.093656699075E-16,-0.492539190243,0.870290265414)
  );
#2702 = ORIENTED_EDGE('',*,*,#2703,.T.);
#2703 = EDGE_CURVE('',#2696,#2704,#2706,.T.);
#2704 = VERTEX_POINT('',#2705);
#2705 = CARTESIAN_POINT('',(-38.5,7.361919664965,13.000748935063));
#2706 = LINE('',#2707,#2708);
#2707 = CARTESIAN_POINT('',(-38.5,7.799734337256,12.360066282288));
#2708 = VECTOR('',#2709,1.);
#2709 = DIRECTION('',(1.252783563068E-16,-0.564203558781,0.825635721283)
  );
#2710 = ORIENTED_EDGE('',*,*,#2711,.T.);
#2711 = EDGE_CURVE('',#2704,#2712,#2714,.T.);
#2712 = VERTEX_POINT('',#2713);
#2713 = CARTESIAN_POINT('',(-38.5,6.87161590401,13.602212292911));
#2714 = LINE('',#2715,#2716);
#2715 = CARTESIAN_POINT('',(-38.5,7.361919664965,13.000748935063));
#2716 = VECTOR('',#2717,1.);
#2717 = DIRECTION('',(1.402978318249E-16,-0.631845263127,0.775094551306)
  );
#2718 = ORIENTED_EDGE('',*,*,#2719,.T.);
#2719 = EDGE_CURVE('',#2712,#2720,#2722,.T.);
#2720 = VERTEX_POINT('',#2721);
#2721 = CARTESIAN_POINT('',(-38.5,6.332318827064,14.16016803635));
#2722 = LINE('',#2723,#2724);
#2723 = CARTESIAN_POINT('',(-38.5,6.87161590401,13.602212292911));
#2724 = VECTOR('',#2725,1.);
#2725 = DIRECTION('',(1.543170104544E-16,-0.694982030779,0.719027104422)
  );
#2726 = ORIENTED_EDGE('',*,*,#2727,.T.);
#2727 = EDGE_CURVE('',#2720,#2728,#2730,.T.);
#2728 = VERTEX_POINT('',#2729);
#2729 = CARTESIAN_POINT('',(-38.5,5.747873519833,14.670638046924));
#2730 = LINE('',#2731,#2732);
#2731 = CARTESIAN_POINT('',(-38.5,6.332318827064,14.16016803635));
#2732 = VECTOR('',#2733,1.);
#2733 = DIRECTION('',(1.672359381151E-16,-0.753163708578,0.657833130878)
  );
#2734 = ORIENTED_EDGE('',*,*,#2735,.T.);
#2735 = EDGE_CURVE('',#2728,#2736,#2738,.T.);
#2736 = VERTEX_POINT('',#2737);
#2737 = CARTESIAN_POINT('',(-38.5,5.122446966332,15.129982770434));
#2738 = LINE('',#2739,#2740);
#2739 = CARTESIAN_POINT('',(-38.5,5.747873519833,14.670638046924));
#2740 = VECTOR('',#2741,1.);
#2741 = DIRECTION('',(1.789625053069E-16,-0.805975472214,0.59194893208)
  );
#2742 = ORIENTED_EDGE('',*,*,#2743,.T.);
#2743 = EDGE_CURVE('',#2736,#2744,#2746,.T.);
#2744 = VERTEX_POINT('',#2745);
#2745 = CARTESIAN_POINT('',(-38.5,4.460498339075,15.534927166261));
#2746 = LINE('',#2747,#2748);
#2747 = CARTESIAN_POINT('',(-38.5,5.122446966332,15.129982770434));
#2748 = VECTOR('',#2749,1.);
#2749 = DIRECTION('',(1.894131038335E-16,-0.853040783844,0.521844249848)
  );
#2750 = ORIENTED_EDGE('',*,*,#2751,.T.);
#2751 = EDGE_CURVE('',#2744,#2752,#2754,.T.);
#2752 = VERTEX_POINT('',#2753);
#2753 = CARTESIAN_POINT('',(-38.5,3.766747206022,15.882584057791));
#2754 = LINE('',#2755,#2756);
#2755 = CARTESIAN_POINT('',(-38.5,4.460498339075,15.534927166261));
#2756 = VECTOR('',#2757,1.);
#2757 = DIRECTION('',(1.985132229126E-16,-0.894024076737,0.44801891725)
  );
#2758 = ORIENTED_EDGE('',*,*,#2759,.T.);
#2759 = EDGE_CURVE('',#2752,#2760,#2762,.T.);
#2760 = VERTEX_POINT('',#2761);
#2761 = CARTESIAN_POINT('',(-38.5,3.046139880961,16.170474717431));
#2762 = LINE('',#2763,#2764);
#2763 = CARTESIAN_POINT('',(-38.5,3.766747206022,15.882584057791));
#2764 = VECTOR('',#2765,1.);
#2765 = DIRECTION('',(2.06197980424E-16,-0.928633147802,0.370999294883)
  );
#2766 = ORIENTED_EDGE('',*,*,#2767,.T.);
#2767 = EDGE_CURVE('',#2760,#2768,#2770,.T.);
#2768 = VERTEX_POINT('',#2769);
#2769 = CARTESIAN_POINT('',(-38.5,2.303814157225,16.396546539471));
#2770 = LINE('',#2771,#2772);
#2771 = CARTESIAN_POINT('',(-38.5,3.046139880961,16.170474717431));
#2772 = VECTOR('',#2773,1.);
#2773 = DIRECTION('',(2.124125855064E-16,-0.956621240936,0.291334518022)
  );
#2774 = ORIENTED_EDGE('',*,*,#2775,.T.);
#2775 = EDGE_CURVE('',#2768,#2776,#2778,.T.);
#2776 = VERTEX_POINT('',#2777);
#2777 = CARTESIAN_POINT('',(-38.5,1.545062676205,16.559187674764));
#2778 = LINE('',#2779,#2780);
#2779 = CARTESIAN_POINT('',(-38.5,2.303814157225,16.396546539471));
#2780 = VECTOR('',#2781,1.);
#2781 = DIRECTION('',(2.171127292063E-16,-0.977788806351,0.209592581392)
  );
#2782 = ORIENTED_EDGE('',*,*,#2783,.T.);
#2783 = EDGE_CURVE('',#2776,#2784,#2786,.T.);
#2784 = VERTEX_POINT('',#2785);
#2785 = CARTESIAN_POINT('',(-38.5,0.77529519182,16.657238522914));
#2786 = LINE('',#2787,#2788);
#2787 = CARTESIAN_POINT('',(-38.5,1.545062676205,16.559187674764));
#2788 = VECTOR('',#2789,1.);
#2789 = DIRECTION('',(2.20264900392E-16,-0.991984923328,0.126356289474)
  );
#2790 = ORIENTED_EDGE('',*,*,#2791,.T.);
#2791 = EDGE_CURVE('',#2784,#2792,#2794,.T.);
#2792 = VERTEX_POINT('',#2793);
#2793 = CARTESIAN_POINT('',(-38.5,-3.143199251991E-15,16.69));
#2794 = LINE('',#2795,#2796);
#2795 = CARTESIAN_POINT('',(-38.5,0.77529519182,16.657238522914));
#2796 = VECTOR('',#2797,1.);
#2797 = DIRECTION('',(2.218466246817E-16,-0.99910837625,
    4.221910121493E-02));
#2798 = ORIENTED_EDGE('',*,*,#2799,.T.);
#2799 = EDGE_CURVE('',#2792,#2800,#2802,.T.);
#2800 = VERTEX_POINT('',#2801);
#2801 = CARTESIAN_POINT('',(-38.5,-0.77529519182,16.657238522914));
#2802 = LINE('',#2803,#2804);
#2803 = CARTESIAN_POINT('',(-38.5,-3.143199251991E-15,16.69));
#2804 = VECTOR('',#2805,1.);
#2805 = DIRECTION('',(2.218466246817E-16,-0.99910837625,
    -4.221910121493E-02));
#2806 = ORIENTED_EDGE('',*,*,#2807,.T.);
#2807 = EDGE_CURVE('',#2800,#2808,#2810,.T.);
#2808 = VERTEX_POINT('',#2809);
#2809 = CARTESIAN_POINT('',(-38.5,-1.545062676205,16.559187674764));
#2810 = LINE('',#2811,#2812);
#2811 = CARTESIAN_POINT('',(-38.5,-0.77529519182,16.657238522914));
#2812 = VECTOR('',#2813,1.);
#2813 = DIRECTION('',(2.20264900392E-16,-0.991984923328,-0.126356289474)
  );
#2814 = ORIENTED_EDGE('',*,*,#2815,.T.);
#2815 = EDGE_CURVE('',#2808,#2816,#2818,.T.);
#2816 = VERTEX_POINT('',#2817);
#2817 = CARTESIAN_POINT('',(-38.5,-2.303814157225,16.396546539471));
#2818 = LINE('',#2819,#2820);
#2819 = CARTESIAN_POINT('',(-38.5,-1.545062676205,16.559187674764));
#2820 = VECTOR('',#2821,1.);
#2821 = DIRECTION('',(2.171127292063E-16,-0.977788806351,-0.209592581392
    ));
#2822 = ORIENTED_EDGE('',*,*,#2823,.T.);
#2823 = EDGE_CURVE('',#2816,#2824,#2826,.T.);
#2824 = VERTEX_POINT('',#2825);
#2825 = CARTESIAN_POINT('',(-38.5,-3.046139880961,16.170474717431));
#2826 = LINE('',#2827,#2828);
#2827 = CARTESIAN_POINT('',(-38.5,-2.303814157225,16.396546539471));
#2828 = VECTOR('',#2829,1.);
#2829 = DIRECTION('',(2.124125855064E-16,-0.956621240936,-0.291334518022
    ));
#2830 = ORIENTED_EDGE('',*,*,#2831,.T.);
#2831 = EDGE_CURVE('',#2824,#2832,#2834,.T.);
#2832 = VERTEX_POINT('',#2833);
#2833 = CARTESIAN_POINT('',(-38.5,-3.766747206022,15.882584057791));
#2834 = LINE('',#2835,#2836);
#2835 = CARTESIAN_POINT('',(-38.5,-3.046139880961,16.170474717431));
#2836 = VECTOR('',#2837,1.);
#2837 = DIRECTION('',(2.06197980424E-16,-0.928633147802,-0.370999294883)
  );
#2838 = ORIENTED_EDGE('',*,*,#2839,.T.);
#2839 = EDGE_CURVE('',#2832,#2840,#2842,.T.);
#2840 = VERTEX_POINT('',#2841);
#2841 = CARTESIAN_POINT('',(-38.5,-4.460498339075,15.534927166261));
#2842 = LINE('',#2843,#2844);
#2843 = CARTESIAN_POINT('',(-38.5,-3.766747206022,15.882584057791));
#2844 = VECTOR('',#2845,1.);
#2845 = DIRECTION('',(1.985132229126E-16,-0.894024076737,-0.44801891725)
  );
#2846 = ORIENTED_EDGE('',*,*,#2847,.T.);
#2847 = EDGE_CURVE('',#2840,#2848,#2850,.T.);
#2848 = VERTEX_POINT('',#2849);
#2849 = CARTESIAN_POINT('',(-38.5,-5.122446966332,15.129982770434));
#2850 = LINE('',#2851,#2852);
#2851 = CARTESIAN_POINT('',(-38.5,-4.460498339075,15.534927166261));
#2852 = VECTOR('',#2853,1.);
#2853 = DIRECTION('',(1.894131038335E-16,-0.853040783844,-0.521844249848
    ));
#2854 = ORIENTED_EDGE('',*,*,#2855,.T.);
#2855 = EDGE_CURVE('',#2848,#2856,#2858,.T.);
#2856 = VERTEX_POINT('',#2857);
#2857 = CARTESIAN_POINT('',(-38.5,-5.747873519833,14.670638046924));
#2858 = LINE('',#2859,#2860);
#2859 = CARTESIAN_POINT('',(-38.5,-5.122446966332,15.129982770434));
#2860 = VECTOR('',#2861,1.);
#2861 = DIRECTION('',(1.789625053069E-16,-0.805975472214,-0.59194893208)
  );
#2862 = ORIENTED_EDGE('',*,*,#2863,.T.);
#2863 = EDGE_CURVE('',#2856,#2864,#2866,.T.);
#2864 = VERTEX_POINT('',#2865);
#2865 = CARTESIAN_POINT('',(-38.5,-6.332318827064,14.16016803635));
#2866 = LINE('',#2867,#2868);
#2867 = CARTESIAN_POINT('',(-38.5,-5.747873519833,14.670638046924));
#2868 = VECTOR('',#2869,1.);
#2869 = DIRECTION('',(1.672359381151E-16,-0.753163708578,-0.657833130878
    ));
#2870 = ORIENTED_EDGE('',*,*,#2871,.T.);
#2871 = EDGE_CURVE('',#2864,#2872,#2874,.T.);
#2872 = VERTEX_POINT('',#2873);
#2873 = CARTESIAN_POINT('',(-38.5,-6.87161590401,13.602212292911));
#2874 = LINE('',#2875,#2876);
#2875 = CARTESIAN_POINT('',(-38.5,-6.332318827064,14.16016803635));
#2876 = VECTOR('',#2877,1.);
#2877 = DIRECTION('',(1.543170104544E-16,-0.694982030779,-0.719027104422
    ));
#2878 = ORIENTED_EDGE('',*,*,#2879,.T.);
#2879 = EDGE_CURVE('',#2872,#2880,#2882,.T.);
#2880 = VERTEX_POINT('',#2881);
#2881 = CARTESIAN_POINT('',(-38.5,-7.361919664965,13.000748935063));
#2882 = LINE('',#2883,#2884);
#2883 = CARTESIAN_POINT('',(-38.5,-6.87161590401,13.602212292911));
#2884 = VECTOR('',#2885,1.);
#2885 = DIRECTION('',(1.402978318249E-16,-0.631845263127,-0.775094551306
    ));
#2886 = ORIENTED_EDGE('',*,*,#2887,.T.);
#2887 = EDGE_CURVE('',#2880,#2888,#2890,.T.);
#2888 = VERTEX_POINT('',#2889);
#2889 = CARTESIAN_POINT('',(-38.5,-7.799734337256,12.360066282288));
#2890 = LINE('',#2891,#2892);
#2891 = CARTESIAN_POINT('',(-38.5,-7.361919664965,13.000748935063));
#2892 = VECTOR('',#2893,1.);
#2893 = DIRECTION('',(1.252783563068E-16,-0.564203558781,-0.825635721283
    ));
#2894 = ORIENTED_EDGE('',*,*,#2895,.T.);
#2895 = EDGE_CURVE('',#2888,#2896,#2898,.T.);
#2896 = VERTEX_POINT('',#2897);
#2897 = CARTESIAN_POINT('',(-38.5,-8.181938385441,11.684732280189));
#2898 = LINE('',#2899,#2900);
#2899 = CARTESIAN_POINT('',(-38.5,-7.799734337256,12.360066282288));
#2900 = VECTOR('',#2901,1.);
#2901 = DIRECTION('',(1.093656699075E-16,-0.492539190243,-0.870290265414
    ));
#2902 = ORIENTED_EDGE('',*,*,#2903,.T.);
#2903 = EDGE_CURVE('',#2896,#2904,#2906,.T.);
#2904 = VERTEX_POINT('',#2905);
#2905 = CARTESIAN_POINT('',(-38.5,-8.505806767263,10.979561931907));
#2906 = LINE('',#2907,#2908);
#2907 = CARTESIAN_POINT('',(-38.5,-8.181938385441,11.684732280189));
#2908 = VECTOR('',#2909,1.);
#2909 = DIRECTION('',(9.267322705798E-17,-0.417363110846,-0.908739805283
    ));
#2910 = ORIENTED_EDGE('',*,*,#2911,.T.);
#2911 = EDGE_CURVE('',#2904,#2912,#2914,.T.);
#2912 = VERTEX_POINT('',#2913);
#2913 = CARTESIAN_POINT('',(-38.5,-8.769030362687,10.249582968065));
#2914 = LINE('',#2915,#2916);
#2915 = CARTESIAN_POINT('',(-38.5,-8.505806767263,10.979561931907));
#2916 = VECTOR('',#2917,1.);
#2917 = DIRECTION('',(7.53200417047E-17,-0.339211311755,-0.940710202973)
  );
#2918 = ORIENTED_EDGE('',*,*,#2919,.T.);
#2919 = EDGE_CURVE('',#2912,#2920,#2922,.T.);
#2920 = VERTEX_POINT('',#2921);
#2921 = CARTESIAN_POINT('',(-38.5,-8.969732437481,9.5));
#2922 = LINE('',#2923,#2924);
#2923 = CARTESIAN_POINT('',(-38.5,-8.769030362687,10.249582968065));
#2924 = VECTOR('',#2925,1.);
#2925 = DIRECTION('',(5.742983876265E-17,-0.258641000451,-0.965973515623
    ));
#2926 = ORIENTED_EDGE('',*,*,#2927,.T.);
#2927 = EDGE_CURVE('',#2920,#2928,#2930,.T.);
#2928 = VERTEX_POINT('',#2929);
#2929 = CARTESIAN_POINT('',(-38.5,-8.456719222015,9.5));
#2930 = LINE('',#2931,#2932);
#2931 = CARTESIAN_POINT('',(-38.5,-8.969732437481,9.5));
#2932 = VECTOR('',#2933,1.);
#2933 = DIRECTION('',(-2.22044604925E-16,1.,9.90194998447E-17));
#2934 = ORIENTED_EDGE('',*,*,#2935,.F.);
#2935 = EDGE_CURVE('',#2936,#2928,#2938,.T.);
#2936 = VERTEX_POINT('',#2937);
#2937 = CARTESIAN_POINT('',(-38.5,-8.260016488267,10.199671760338));
#2938 = LINE('',#2939,#2940);
#2939 = CARTESIAN_POINT('',(-38.5,-8.260016488267,10.199671760338));
#2940 = VECTOR('',#2941,1.);
#2941 = DIRECTION('',(6.009495947963E-17,-0.270643637119,-0.962679604898
    ));
#2942 = ORIENTED_EDGE('',*,*,#2943,.F.);
#2943 = EDGE_CURVE('',#2944,#2936,#2946,.T.);
#2944 = VERTEX_POINT('',#2945);
#2945 = CARTESIAN_POINT('',(-38.5,-8.005535221585,10.880459409011));
#2946 = LINE('',#2947,#2948);
#2947 = CARTESIAN_POINT('',(-38.5,-8.005535221585,10.880459409011));
#2948 = VECTOR('',#2949,1.);
#2949 = DIRECTION('',(7.774696933868E-17,-0.350141222143,-0.936696922465
    ));
#2950 = ORIENTED_EDGE('',*,*,#2951,.F.);
#2951 = EDGE_CURVE('',#2952,#2944,#2954,.T.);
#2952 = VERTEX_POINT('',#2953);
#2953 = CARTESIAN_POINT('',(-38.5,-7.695055509729,11.537600859692));
#2954 = LINE('',#2955,#2956);
#2955 = CARTESIAN_POINT('',(-38.5,-7.695055509729,11.537600859692));
#2956 = VECTOR('',#2957,1.);
#2957 = DIRECTION('',(9.485514180529E-17,-0.427189581288,-0.904162077085
    ));
#2958 = ORIENTED_EDGE('',*,*,#2959,.F.);
#2959 = EDGE_CURVE('',#2960,#2952,#2962,.T.);
#2960 = VERTEX_POINT('',#2961);
#2961 = CARTESIAN_POINT('',(-38.5,-7.330749147669,12.166499430402));
#2962 = LINE('',#2963,#2964);
#2963 = CARTESIAN_POINT('',(-38.5,-7.330749147669,12.166499430402));
#2964 = VECTOR('',#2965,1.);
#2965 = DIRECTION('',(1.11299805798E-16,-0.501249763918,-0.865302648888)
  );
#2966 = ORIENTED_EDGE('',*,*,#2967,.F.);
#2967 = EDGE_CURVE('',#2968,#2960,#2970,.T.);
#2968 = VERTEX_POINT('',#2969);
#2969 = CARTESIAN_POINT('',(-38.5,-6.915164445953,12.76275599714));
#2970 = LINE('',#2971,#2972);
#2971 = CARTESIAN_POINT('',(-38.5,-6.915164445953,12.76275599714));
#2972 = VECTOR('',#2973,1.);
#2973 = DIRECTION('',(1.269659314544E-16,-0.571803721587,-0.820390458245
    ));
#2974 = ORIENTED_EDGE('',*,*,#2975,.F.);
#2975 = EDGE_CURVE('',#2976,#2968,#2978,.T.);
#2976 = VERTEX_POINT('',#2977);
#2977 = CARTESIAN_POINT('',(-38.5,-6.45120840536,13.322199765605));
#2978 = LINE('',#2979,#2980);
#2979 = CARTESIAN_POINT('',(-38.5,-6.45120840536,13.322199765605));
#2980 = VECTOR('',#2981,1.);
#2981 = DIRECTION('',(1.41743934761E-16,-0.638357931772,-0.769739664396)
  );
#2982 = ORIENTED_EDGE('',*,*,#2983,.F.);
#2983 = EDGE_CURVE('',#2984,#2976,#2986,.T.);
#2984 = VERTEX_POINT('',#2985);
#2985 = CARTESIAN_POINT('',(-38.5,-5.942126382532,13.840917445766));
#2986 = LINE('',#2987,#2988);
#2987 = CARTESIAN_POINT('',(-38.5,-5.942126382532,13.840917445766));
#2988 = VECTOR('',#2989,1.);
#2989 = DIRECTION('',(1.555304440902E-16,-0.700446850049,-0.71370456791)
  );
#2990 = ORIENTED_EDGE('',*,*,#2991,.F.);
#2991 = EDGE_CURVE('',#2992,#2984,#2994,.T.);
#2992 = VERTEX_POINT('',#2993);
#2993 = CARTESIAN_POINT('',(-38.5,-5.391479388813,14.315280625183));
#2994 = LINE('',#2995,#2996);
#2995 = CARTESIAN_POINT('',(-38.5,-5.391479388813,14.315280625183));
#2996 = VECTOR('',#2997,1.);
#2997 = DIRECTION('',(1.682290232803E-16,-0.757636166558,-0.652677132373
    ));
#2998 = ORIENTED_EDGE('',*,*,#2999,.F.);
#2999 = EDGE_CURVE('',#3000,#2992,#3002,.T.);
#3000 = VERTEX_POINT('',#3001);
#3001 = CARTESIAN_POINT('',(-38.5,-4.8031191811,14.741971149635));
#3002 = LINE('',#3003,#3004);
#3003 = CARTESIAN_POINT('',(-38.5,-4.8031191811,14.741971149635));
#3004 = VECTOR('',#3005,1.);
#3005 = DIRECTION('',(1.797508462042E-16,-0.809525843985,-0.58708424261)
  );
#3006 = ORIENTED_EDGE('',*,*,#3007,.F.);
#3007 = EDGE_CURVE('',#3008,#3000,#3010,.T.);
#3008 = VERTEX_POINT('',#3009);
#3009 = CARTESIAN_POINT('',(-38.5,-4.181161318928,15.118004333492));
#3010 = LINE('',#3011,#3012);
#3011 = CARTESIAN_POINT('',(-38.5,-4.181161318928,15.118004333492));
#3012 = VECTOR('',#3013,1.);
#3013 = DIRECTION('',(1.900153181044E-16,-0.85575291581,-0.517384718641)
  );
#3014 = ORIENTED_EDGE('',*,*,#3015,.F.);
#3015 = EDGE_CURVE('',#3016,#3008,#3018,.T.);
#3016 = VERTEX_POINT('',#3017);
#3017 = CARTESIAN_POINT('',(-38.5,-3.529956376281,15.440749837487));
#3018 = LINE('',#3019,#3020);
#3019 = CARTESIAN_POINT('',(-38.5,-3.529956376281,15.440749837487));
#3020 = VECTOR('',#3021,1.);
#3021 = DIRECTION('',(1.989506393509E-16,-0.895994025246,-0.444066106254
    ));
#3022 = ORIENTED_EDGE('',*,*,#3023,.F.);
#3023 = EDGE_CURVE('',#3024,#3016,#3026,.T.);
#3024 = VERTEX_POINT('',#3025);
#3025 = CARTESIAN_POINT('',(-38.5,-2.854059509467,15.707950067856));
#3026 = LINE('',#3027,#3028);
#3027 = CARTESIAN_POINT('',(-38.5,-2.854059509467,15.707950067856));
#3028 = VECTOR('',#3029,1.);
#3029 = DIRECTION('',(2.064943076771E-16,-0.929967687109,-0.367641266636
    ));
#3030 = ORIENTED_EDGE('',*,*,#3031,.F.);
#3031 = EDGE_CURVE('',#3032,#3024,#3034,.T.);
#3032 = VERTEX_POINT('',#3033);
#3033 = CARTESIAN_POINT('',(-38.5,-2.158198593962,15.917735968122));
#3034 = LINE('',#3035,#3036);
#3035 = CARTESIAN_POINT('',(-38.5,-2.158198593962,15.917735968122));
#3036 = VECTOR('',#3037,1.);
#3037 = DIRECTION('',(2.125935553809E-16,-0.957436256795,-0.288644788928
    ));
#3038 = ORIENTED_EDGE('',*,*,#3039,.F.);
#3039 = EDGE_CURVE('',#3040,#3032,#3042,.T.);
#3040 = VERTEX_POINT('',#3041);
#3041 = CARTESIAN_POINT('',(-38.5,-1.447241153079,16.068640093086));
#3042 = LINE('',#3043,#3044);
#3043 = CARTESIAN_POINT('',(-38.5,-1.447241153079,16.068640093086));
#3044 = VECTOR('',#3045,1.);
#3045 = DIRECTION('',(2.172057184331E-16,-0.978207592598,-0.207629250789
    ));
#3046 = ORIENTED_EDGE('',*,*,#3047,.F.);
#3047 = EDGE_CURVE('',#3048,#3040,#3050,.T.);
#3048 = VERTEX_POINT('',#3049);
#3049 = CARTESIAN_POINT('',(-38.5,-0.72616030981,16.159606873551));
#3050 = LINE('',#3051,#3052);
#3051 = CARTESIAN_POINT('',(-38.5,-0.72616030981,16.159606873551));
#3052 = VECTOR('',#3053,1.);
#3053 = DIRECTION('',(2.20298534911E-16,-0.992136399736,-0.12516135314)
  );
#3054 = ORIENTED_EDGE('',*,*,#3055,.F.);
#3055 = EDGE_CURVE('',#3056,#3048,#3058,.T.);
#3056 = VERTEX_POINT('',#3057);
#3057 = CARTESIAN_POINT('',(-38.5,-3.062793119507E-15,16.19));
#3058 = LINE('',#3059,#3060);
#3059 = CARTESIAN_POINT('',(-38.5,-3.062793119507E-15,16.19));
#3060 = VECTOR('',#3061,1.);
#3061 = DIRECTION('',(2.21850370669E-16,-0.999125246677,
    -4.181795610432E-02));
#3062 = ORIENTED_EDGE('',*,*,#3063,.F.);
#3063 = EDGE_CURVE('',#3064,#3056,#3066,.T.);
#3064 = VERTEX_POINT('',#3065);
#3065 = CARTESIAN_POINT('',(-38.5,0.72616030981,16.159606873551));
#3066 = LINE('',#3067,#3068);
#3067 = CARTESIAN_POINT('',(-38.5,0.72616030981,16.159606873551));
#3068 = VECTOR('',#3069,1.);
#3069 = DIRECTION('',(2.21850370669E-16,-0.999125246677,
    4.181795610432E-02));
#3070 = ORIENTED_EDGE('',*,*,#3071,.F.);
#3071 = EDGE_CURVE('',#3072,#3064,#3074,.T.);
#3072 = VERTEX_POINT('',#3073);
#3073 = CARTESIAN_POINT('',(-38.5,1.447241153079,16.068640093086));
#3074 = LINE('',#3075,#3076);
#3075 = CARTESIAN_POINT('',(-38.5,1.447241153079,16.068640093086));
#3076 = VECTOR('',#3077,1.);
#3077 = DIRECTION('',(2.20298534911E-16,-0.992136399736,0.12516135314));
#3078 = ORIENTED_EDGE('',*,*,#3079,.F.);
#3079 = EDGE_CURVE('',#3080,#3072,#3082,.T.);
#3080 = VERTEX_POINT('',#3081);
#3081 = CARTESIAN_POINT('',(-38.5,2.158198593962,15.917735968122));
#3082 = LINE('',#3083,#3084);
#3083 = CARTESIAN_POINT('',(-38.5,2.158198593962,15.917735968122));
#3084 = VECTOR('',#3085,1.);
#3085 = DIRECTION('',(2.172057184331E-16,-0.978207592598,0.207629250789)
  );
#3086 = ORIENTED_EDGE('',*,*,#3087,.F.);
#3087 = EDGE_CURVE('',#3088,#3080,#3090,.T.);
#3088 = VERTEX_POINT('',#3089);
#3089 = CARTESIAN_POINT('',(-38.5,2.854059509467,15.707950067856));
#3090 = LINE('',#3091,#3092);
#3091 = CARTESIAN_POINT('',(-38.5,2.854059509467,15.707950067856));
#3092 = VECTOR('',#3093,1.);
#3093 = DIRECTION('',(2.125935553809E-16,-0.957436256795,0.288644788928)
  );
#3094 = ORIENTED_EDGE('',*,*,#3095,.F.);
#3095 = EDGE_CURVE('',#3096,#3088,#3098,.T.);
#3096 = VERTEX_POINT('',#3097);
#3097 = CARTESIAN_POINT('',(-38.5,3.529956376281,15.440749837487));
#3098 = LINE('',#3099,#3100);
#3099 = CARTESIAN_POINT('',(-38.5,3.529956376281,15.440749837487));
#3100 = VECTOR('',#3101,1.);
#3101 = DIRECTION('',(2.064943076771E-16,-0.929967687109,0.367641266636)
  );
#3102 = ORIENTED_EDGE('',*,*,#3103,.F.);
#3103 = EDGE_CURVE('',#3104,#3096,#3106,.T.);
#3104 = VERTEX_POINT('',#3105);
#3105 = CARTESIAN_POINT('',(-38.5,4.181161318928,15.118004333492));
#3106 = LINE('',#3107,#3108);
#3107 = CARTESIAN_POINT('',(-38.5,4.181161318928,15.118004333492));
#3108 = VECTOR('',#3109,1.);
#3109 = DIRECTION('',(1.989506393509E-16,-0.895994025246,0.444066106254)
  );
#3110 = ORIENTED_EDGE('',*,*,#3111,.F.);
#3111 = EDGE_CURVE('',#3112,#3104,#3114,.T.);
#3112 = VERTEX_POINT('',#3113);
#3113 = CARTESIAN_POINT('',(-38.5,4.8031191811,14.741971149635));
#3114 = LINE('',#3115,#3116);
#3115 = CARTESIAN_POINT('',(-38.5,4.8031191811,14.741971149635));
#3116 = VECTOR('',#3117,1.);
#3117 = DIRECTION('',(1.900153181044E-16,-0.85575291581,0.517384718641)
  );
#3118 = ORIENTED_EDGE('',*,*,#3119,.F.);
#3119 = EDGE_CURVE('',#3120,#3112,#3122,.T.);
#3120 = VERTEX_POINT('',#3121);
#3121 = CARTESIAN_POINT('',(-38.5,5.391479388813,14.315280625183));
#3122 = LINE('',#3123,#3124);
#3123 = CARTESIAN_POINT('',(-38.5,5.391479388813,14.315280625183));
#3124 = VECTOR('',#3125,1.);
#3125 = DIRECTION('',(1.797508462042E-16,-0.809525843985,0.58708424261)
  );
#3126 = ORIENTED_EDGE('',*,*,#3127,.F.);
#3127 = EDGE_CURVE('',#3128,#3120,#3130,.T.);
#3128 = VERTEX_POINT('',#3129);
#3129 = CARTESIAN_POINT('',(-38.5,5.942126382532,13.840917445766));
#3130 = LINE('',#3131,#3132);
#3131 = CARTESIAN_POINT('',(-38.5,5.942126382532,13.840917445766));
#3132 = VECTOR('',#3133,1.);
#3133 = DIRECTION('',(1.682290232803E-16,-0.757636166558,0.652677132373)
  );
#3134 = ORIENTED_EDGE('',*,*,#3135,.F.);
#3135 = EDGE_CURVE('',#3136,#3128,#3138,.T.);
#3136 = VERTEX_POINT('',#3137);
#3137 = CARTESIAN_POINT('',(-38.5,6.45120840536,13.322199765605));
#3138 = LINE('',#3139,#3140);
#3139 = CARTESIAN_POINT('',(-38.5,6.45120840536,13.322199765605));
#3140 = VECTOR('',#3141,1.);
#3141 = DIRECTION('',(1.555304440902E-16,-0.700446850049,0.71370456791)
  );
#3142 = ORIENTED_EDGE('',*,*,#3143,.F.);
#3143 = EDGE_CURVE('',#3144,#3136,#3146,.T.);
#3144 = VERTEX_POINT('',#3145);
#3145 = CARTESIAN_POINT('',(-38.5,6.915164445953,12.76275599714));
#3146 = LINE('',#3147,#3148);
#3147 = CARTESIAN_POINT('',(-38.5,6.915164445953,12.76275599714));
#3148 = VECTOR('',#3149,1.);
#3149 = DIRECTION('',(1.41743934761E-16,-0.638357931772,0.769739664396)
  );
#3150 = ORIENTED_EDGE('',*,*,#3151,.F.);
#3151 = EDGE_CURVE('',#3152,#3144,#3154,.T.);
#3152 = VERTEX_POINT('',#3153);
#3153 = CARTESIAN_POINT('',(-38.5,7.330749147669,12.166499430402));
#3154 = LINE('',#3155,#3156);
#3155 = CARTESIAN_POINT('',(-38.5,7.330749147669,12.166499430402));
#3156 = VECTOR('',#3157,1.);
#3157 = DIRECTION('',(1.269659314544E-16,-0.571803721587,0.820390458245)
  );
#3158 = ORIENTED_EDGE('',*,*,#3159,.F.);
#3159 = EDGE_CURVE('',#3160,#3152,#3162,.T.);
#3160 = VERTEX_POINT('',#3161);
#3161 = CARTESIAN_POINT('',(-38.5,7.695055509729,11.537600859692));
#3162 = LINE('',#3163,#3164);
#3163 = CARTESIAN_POINT('',(-38.5,7.695055509729,11.537600859692));
#3164 = VECTOR('',#3165,1.);
#3165 = DIRECTION('',(1.11299805798E-16,-0.501249763918,0.865302648888)
  );
#3166 = ORIENTED_EDGE('',*,*,#3167,.F.);
#3167 = EDGE_CURVE('',#2352,#3160,#3168,.T.);
#3168 = LINE('',#3169,#3170);
#3169 = CARTESIAN_POINT('',(-38.5,8.005535221585,10.880459409011));
#3170 = VECTOR('',#3171,1.);
#3171 = DIRECTION('',(9.485514180529E-17,-0.427189581288,0.904162077085)
  );
#3172 = ORIENTED_EDGE('',*,*,#2351,.F.);
#3173 = ORIENTED_EDGE('',*,*,#2320,.F.);
#3174 = PLANE('',#3175);
#3175 = AXIS2_PLACEMENT_3D('',#3176,#3177,#3178);
#3176 = CARTESIAN_POINT('',(-38.5,-4.035736704867E-15,12.189985604671));
#3177 = DIRECTION('',(1.,0.,-2.22044604925E-16));
#3178 = DIRECTION('',(-2.22044604925E-16,1.,0.));
#3179 = ADVANCED_FACE('',(#3180),#3191,.F.);
#3180 = FACE_BOUND('',#3181,.F.);
#3181 = EDGE_LOOP('',(#3182,#3183,#3184,#3190));
#3182 = ORIENTED_EDGE('',*,*,#2359,.T.);
#3183 = ORIENTED_EDGE('',*,*,#3167,.T.);
#3184 = ORIENTED_EDGE('',*,*,#3185,.F.);
#3185 = EDGE_CURVE('',#2392,#3160,#3186,.T.);
#3186 = LINE('',#3187,#3188);
#3187 = CARTESIAN_POINT('',(-39.5,7.695055509729,11.537600859692));
#3188 = VECTOR('',#3189,1.);
#3189 = DIRECTION('',(1.,0.,-2.22044604925E-16));
#3190 = ORIENTED_EDGE('',*,*,#2391,.F.);
#3191 = PLANE('',#3192);
#3192 = AXIS2_PLACEMENT_3D('',#3193,#3194,#3195);
#3193 = CARTESIAN_POINT('',(-39.5,8.005535221585,10.880459409011));
#3194 = DIRECTION('',(2.007643111945E-16,-0.904162077085,-0.427189581288
    ));
#3195 = DIRECTION('',(9.485514180529E-17,-0.427189581288,0.904162077085)
  );
#3196 = ADVANCED_FACE('',(#3197),#3213,.F.);
#3197 = FACE_BOUND('',#3198,.F.);
#3198 = EDGE_LOOP('',(#3199,#3205,#3206,#3212));
#3199 = ORIENTED_EDGE('',*,*,#3200,.T.);
#3200 = EDGE_CURVE('',#2616,#2936,#3201,.T.);
#3201 = LINE('',#3202,#3203);
#3202 = CARTESIAN_POINT('',(-39.5,-8.260016488267,10.199671760338));
#3203 = VECTOR('',#3204,1.);
#3204 = DIRECTION('',(1.,0.,-2.22044604925E-16));
#3205 = ORIENTED_EDGE('',*,*,#2935,.T.);
#3206 = ORIENTED_EDGE('',*,*,#3207,.F.);
#3207 = EDGE_CURVE('',#2624,#2928,#3208,.T.);
#3208 = LINE('',#3209,#3210);
#3209 = CARTESIAN_POINT('',(-39.5,-8.456719222015,9.5));
#3210 = VECTOR('',#3211,1.);
#3211 = DIRECTION('',(1.,0.,-2.22044604925E-16));
#3212 = ORIENTED_EDGE('',*,*,#2623,.F.);
#3213 = PLANE('',#3214);
#3214 = AXIS2_PLACEMENT_3D('',#3215,#3216,#3217);
#3215 = CARTESIAN_POINT('',(-39.5,-8.260016488267,10.199671760338));
#3216 = DIRECTION('',(-2.13757812539E-16,0.962679604898,-0.270643637119)
  );
#3217 = DIRECTION('',(6.009495947963E-17,-0.270643637119,-0.962679604898
    ));
#3218 = ADVANCED_FACE('',(#3219),#3230,.F.);
#3219 = FACE_BOUND('',#3220,.F.);
#3220 = EDGE_LOOP('',(#3221,#3227,#3228,#3229));
#3221 = ORIENTED_EDGE('',*,*,#3222,.T.);
#3222 = EDGE_CURVE('',#2608,#2944,#3223,.T.);
#3223 = LINE('',#3224,#3225);
#3224 = CARTESIAN_POINT('',(-39.5,-8.005535221585,10.880459409011));
#3225 = VECTOR('',#3226,1.);
#3226 = DIRECTION('',(1.,0.,-2.22044604925E-16));
#3227 = ORIENTED_EDGE('',*,*,#2943,.T.);
#3228 = ORIENTED_EDGE('',*,*,#3200,.F.);
#3229 = ORIENTED_EDGE('',*,*,#2615,.F.);
#3230 = PLANE('',#3231);
#3231 = AXIS2_PLACEMENT_3D('',#3232,#3233,#3234);
#3232 = CARTESIAN_POINT('',(-39.5,-8.005535221585,10.880459409011));
#3233 = DIRECTION('',(-2.079884980833E-16,0.936696922465,-0.350141222143
    ));
#3234 = DIRECTION('',(7.774696933868E-17,-0.350141222143,-0.936696922465
    ));
#3235 = ADVANCED_FACE('',(#3236),#3247,.F.);
#3236 = FACE_BOUND('',#3237,.F.);
#3237 = EDGE_LOOP('',(#3238,#3244,#3245,#3246));
#3238 = ORIENTED_EDGE('',*,*,#3239,.T.);
#3239 = EDGE_CURVE('',#2600,#2952,#3240,.T.);
#3240 = LINE('',#3241,#3242);
#3241 = CARTESIAN_POINT('',(-39.5,-7.695055509729,11.537600859692));
#3242 = VECTOR('',#3243,1.);
#3243 = DIRECTION('',(1.,0.,-2.22044604925E-16));
#3244 = ORIENTED_EDGE('',*,*,#2951,.T.);
#3245 = ORIENTED_EDGE('',*,*,#3222,.F.);
#3246 = ORIENTED_EDGE('',*,*,#2607,.F.);
#3247 = PLANE('',#3248);
#3248 = AXIS2_PLACEMENT_3D('',#3249,#3250,#3251);
#3249 = CARTESIAN_POINT('',(-39.5,-7.695055509729,11.537600859692));
#3250 = DIRECTION('',(-2.007643111945E-16,0.904162077085,-0.427189581288
    ));
#3251 = DIRECTION('',(9.485514180529E-17,-0.427189581288,-0.904162077085
    ));
#3252 = ADVANCED_FACE('',(#3253),#3264,.F.);
#3253 = FACE_BOUND('',#3254,.F.);
#3254 = EDGE_LOOP('',(#3255,#3261,#3262,#3263));
#3255 = ORIENTED_EDGE('',*,*,#3256,.T.);
#3256 = EDGE_CURVE('',#2592,#2960,#3257,.T.);
#3257 = LINE('',#3258,#3259);
#3258 = CARTESIAN_POINT('',(-39.5,-7.330749147669,12.166499430402));
#3259 = VECTOR('',#3260,1.);
#3260 = DIRECTION('',(1.,0.,-2.22044604925E-16));
#3261 = ORIENTED_EDGE('',*,*,#2959,.T.);
#3262 = ORIENTED_EDGE('',*,*,#3239,.F.);
#3263 = ORIENTED_EDGE('',*,*,#2599,.F.);
#3264 = PLANE('',#3265);
#3265 = AXIS2_PLACEMENT_3D('',#3266,#3267,#3268);
#3266 = CARTESIAN_POINT('',(-39.5,-7.330749147669,12.166499430402));
#3267 = DIRECTION('',(-1.921357848128E-16,0.865302648888,-0.501249763918
    ));
#3268 = DIRECTION('',(1.11299805798E-16,-0.501249763918,-0.865302648888)
  );
#3269 = ADVANCED_FACE('',(#3270),#3281,.F.);
#3270 = FACE_BOUND('',#3271,.F.);
#3271 = EDGE_LOOP('',(#3272,#3278,#3279,#3280));
#3272 = ORIENTED_EDGE('',*,*,#3273,.T.);
#3273 = EDGE_CURVE('',#2584,#2968,#3274,.T.);
#3274 = LINE('',#3275,#3276);
#3275 = CARTESIAN_POINT('',(-39.5,-6.915164445953,12.76275599714));
#3276 = VECTOR('',#3277,1.);
#3277 = DIRECTION('',(1.,0.,-2.22044604925E-16));
#3278 = ORIENTED_EDGE('',*,*,#2967,.T.);
#3279 = ORIENTED_EDGE('',*,*,#3256,.F.);
#3280 = ORIENTED_EDGE('',*,*,#2591,.F.);
#3281 = PLANE('',#3282);
#3282 = AXIS2_PLACEMENT_3D('',#3283,#3284,#3285);
#3283 = CARTESIAN_POINT('',(-39.5,-6.915164445953,12.76275599714));
#3284 = DIRECTION('',(-1.821632751853E-16,0.820390458245,-0.571803721587
    ));
#3285 = DIRECTION('',(1.269659314544E-16,-0.571803721587,-0.820390458245
    ));
#3286 = ADVANCED_FACE('',(#3287),#3298,.F.);
#3287 = FACE_BOUND('',#3288,.F.);
#3288 = EDGE_LOOP('',(#3289,#3295,#3296,#3297));
#3289 = ORIENTED_EDGE('',*,*,#3290,.T.);
#3290 = EDGE_CURVE('',#2576,#2976,#3291,.T.);
#3291 = LINE('',#3292,#3293);
#3292 = CARTESIAN_POINT('',(-39.5,-6.45120840536,13.322199765605));
#3293 = VECTOR('',#3294,1.);
#3294 = DIRECTION('',(1.,0.,-2.22044604925E-16));
#3295 = ORIENTED_EDGE('',*,*,#2975,.T.);
#3296 = ORIENTED_EDGE('',*,*,#3273,.F.);
#3297 = ORIENTED_EDGE('',*,*,#2583,.F.);
#3298 = PLANE('',#3299);
#3299 = AXIS2_PLACEMENT_3D('',#3300,#3301,#3302);
#3300 = CARTESIAN_POINT('',(-39.5,-6.45120840536,13.322199765605));
#3301 = DIRECTION('',(-1.709165396759E-16,0.769739664396,-0.638357931772
    ));
#3302 = DIRECTION('',(1.41743934761E-16,-0.638357931772,-0.769739664396)
  );
#3303 = ADVANCED_FACE('',(#3304),#3315,.F.);
#3304 = FACE_BOUND('',#3305,.F.);
#3305 = EDGE_LOOP('',(#3306,#3312,#3313,#3314));
#3306 = ORIENTED_EDGE('',*,*,#3307,.T.);
#3307 = EDGE_CURVE('',#2568,#2984,#3308,.T.);
#3308 = LINE('',#3309,#3310);
#3309 = CARTESIAN_POINT('',(-39.5,-5.942126382532,13.840917445766));
#3310 = VECTOR('',#3311,1.);
#3311 = DIRECTION('',(1.,0.,-2.22044604925E-16));
#3312 = ORIENTED_EDGE('',*,*,#2983,.T.);
#3313 = ORIENTED_EDGE('',*,*,#3290,.F.);
#3314 = ORIENTED_EDGE('',*,*,#2575,.F.);
#3315 = PLANE('',#3316);
#3316 = AXIS2_PLACEMENT_3D('',#3317,#3318,#3319);
#3317 = CARTESIAN_POINT('',(-39.5,-5.942126382532,13.840917445766));
#3318 = DIRECTION('',(-1.584742488148E-16,0.71370456791,-0.700446850049)
  );
#3319 = DIRECTION('',(1.555304440902E-16,-0.700446850049,-0.71370456791)
  );
#3320 = ADVANCED_FACE('',(#3321),#3332,.F.);
#3321 = FACE_BOUND('',#3322,.F.);
#3322 = EDGE_LOOP('',(#3323,#3329,#3330,#3331));
#3323 = ORIENTED_EDGE('',*,*,#3324,.T.);
#3324 = EDGE_CURVE('',#2560,#2992,#3325,.T.);
#3325 = LINE('',#3326,#3327);
#3326 = CARTESIAN_POINT('',(-39.5,-5.391479388813,14.315280625183));
#3327 = VECTOR('',#3328,1.);
#3328 = DIRECTION('',(1.,0.,-2.22044604925E-16));
#3329 = ORIENTED_EDGE('',*,*,#2991,.T.);
#3330 = ORIENTED_EDGE('',*,*,#3307,.F.);
#3331 = ORIENTED_EDGE('',*,*,#2567,.F.);
#3332 = PLANE('',#3333);
#3333 = AXIS2_PLACEMENT_3D('',#3334,#3335,#3336);
#3334 = CARTESIAN_POINT('',(-39.5,-5.391479388813,14.315280625183));
#3335 = DIRECTION('',(-1.449234360014E-16,0.652677132373,-0.757636166558
    ));
#3336 = DIRECTION('',(1.682290232803E-16,-0.757636166558,-0.652677132373
    ));
#3337 = ADVANCED_FACE('',(#3338),#3349,.F.);
#3338 = FACE_BOUND('',#3339,.F.);
#3339 = EDGE_LOOP('',(#3340,#3346,#3347,#3348));
#3340 = ORIENTED_EDGE('',*,*,#3341,.T.);
#3341 = EDGE_CURVE('',#2552,#3000,#3342,.T.);
#3342 = LINE('',#3343,#3344);
#3343 = CARTESIAN_POINT('',(-39.5,-4.8031191811,14.741971149635));
#3344 = VECTOR('',#3345,1.);
#3345 = DIRECTION('',(1.,0.,-2.22044604925E-16));
#3346 = ORIENTED_EDGE('',*,*,#2999,.T.);
#3347 = ORIENTED_EDGE('',*,*,#3324,.F.);
#3348 = ORIENTED_EDGE('',*,*,#2559,.F.);
#3349 = PLANE('',#3350);
#3350 = AXIS2_PLACEMENT_3D('',#3351,#3352,#3353);
#3351 = CARTESIAN_POINT('',(-39.5,-4.8031191811,14.741971149635));
#3352 = DIRECTION('',(-1.30358888708E-16,0.58708424261,-0.809525843985)
  );
#3353 = DIRECTION('',(1.797508462042E-16,-0.809525843985,-0.58708424261)
  );
#3354 = ADVANCED_FACE('',(#3355),#3366,.F.);
#3355 = FACE_BOUND('',#3356,.F.);
#3356 = EDGE_LOOP('',(#3357,#3363,#3364,#3365));
#3357 = ORIENTED_EDGE('',*,*,#3358,.T.);
#3358 = EDGE_CURVE('',#2544,#3008,#3359,.T.);
#3359 = LINE('',#3360,#3361);
#3360 = CARTESIAN_POINT('',(-39.5,-4.181161318928,15.118004333492));
#3361 = VECTOR('',#3362,1.);
#3362 = DIRECTION('',(1.,0.,-2.22044604925E-16));
#3363 = ORIENTED_EDGE('',*,*,#3007,.T.);
#3364 = ORIENTED_EDGE('',*,*,#3341,.F.);
#3365 = ORIENTED_EDGE('',*,*,#2551,.F.);
#3366 = PLANE('',#3367);
#3367 = AXIS2_PLACEMENT_3D('',#3368,#3369,#3370);
#3368 = CARTESIAN_POINT('',(-39.5,-4.181161318928,15.118004333492));
#3369 = DIRECTION('',(-1.148824854449E-16,0.517384718641,-0.85575291581)
  );
#3370 = DIRECTION('',(1.900153181044E-16,-0.85575291581,-0.517384718641)
  );
#3371 = ADVANCED_FACE('',(#3372),#3383,.F.);
#3372 = FACE_BOUND('',#3373,.F.);
#3373 = EDGE_LOOP('',(#3374,#3380,#3381,#3382));
#3374 = ORIENTED_EDGE('',*,*,#3375,.T.);
#3375 = EDGE_CURVE('',#2536,#3016,#3376,.T.);
#3376 = LINE('',#3377,#3378);
#3377 = CARTESIAN_POINT('',(-39.5,-3.529956376281,15.440749837487));
#3378 = VECTOR('',#3379,1.);
#3379 = DIRECTION('',(1.,0.,-2.22044604925E-16));
#3380 = ORIENTED_EDGE('',*,*,#3015,.T.);
#3381 = ORIENTED_EDGE('',*,*,#3358,.F.);
#3382 = ORIENTED_EDGE('',*,*,#2543,.F.);
#3383 = PLANE('',#3384);
#3384 = AXIS2_PLACEMENT_3D('',#3385,#3386,#3387);
#3385 = CARTESIAN_POINT('',(-39.5,-3.529956376281,15.440749837487));
#3386 = DIRECTION('',(-9.860248312383E-17,0.444066106254,-0.895994025246
    ));
#3387 = DIRECTION('',(1.989506393509E-16,-0.895994025246,-0.444066106254
    ));
#3388 = ADVANCED_FACE('',(#3389),#3400,.F.);
#3389 = FACE_BOUND('',#3390,.F.);
#3390 = EDGE_LOOP('',(#3391,#3397,#3398,#3399));
#3391 = ORIENTED_EDGE('',*,*,#3392,.T.);
#3392 = EDGE_CURVE('',#2528,#3024,#3393,.T.);
#3393 = LINE('',#3394,#3395);
#3394 = CARTESIAN_POINT('',(-39.5,-2.854059509467,15.707950067856));
#3395 = VECTOR('',#3396,1.);
#3396 = DIRECTION('',(1.,0.,-2.22044604925E-16));
#3397 = ORIENTED_EDGE('',*,*,#3023,.T.);
#3398 = ORIENTED_EDGE('',*,*,#3375,.F.);
#3399 = ORIENTED_EDGE('',*,*,#2535,.F.);
#3400 = PLANE('',#3401);
#3401 = AXIS2_PLACEMENT_3D('',#3402,#3403,#3404);
#3402 = CARTESIAN_POINT('',(-39.5,-2.854059509467,15.707950067856));
#3403 = DIRECTION('',(-8.163275980443E-17,0.367641266636,-0.929967687109
    ));
#3404 = DIRECTION('',(2.064943076771E-16,-0.929967687109,-0.367641266636
    ));
#3405 = ADVANCED_FACE('',(#3406),#3417,.F.);
#3406 = FACE_BOUND('',#3407,.F.);
#3407 = EDGE_LOOP('',(#3408,#3414,#3415,#3416));
#3408 = ORIENTED_EDGE('',*,*,#3409,.T.);
#3409 = EDGE_CURVE('',#2520,#3032,#3410,.T.);
#3410 = LINE('',#3411,#3412);
#3411 = CARTESIAN_POINT('',(-39.5,-2.158198593962,15.917735968122));
#3412 = VECTOR('',#3413,1.);
#3413 = DIRECTION('',(1.,0.,-2.22044604925E-16));
#3414 = ORIENTED_EDGE('',*,*,#3031,.T.);
#3415 = ORIENTED_EDGE('',*,*,#3392,.F.);
#3416 = ORIENTED_EDGE('',*,*,#2527,.F.);
#3417 = PLANE('',#3418);
#3418 = AXIS2_PLACEMENT_3D('',#3419,#3420,#3421);
#3419 = CARTESIAN_POINT('',(-39.5,-2.158198593962,15.917735968122));
#3420 = DIRECTION('',(-6.409201812114E-17,0.288644788928,-0.957436256795
    ));
#3421 = DIRECTION('',(2.125935553809E-16,-0.957436256795,-0.288644788928
    ));
#3422 = ADVANCED_FACE('',(#3423),#3434,.F.);
#3423 = FACE_BOUND('',#3424,.F.);
#3424 = EDGE_LOOP('',(#3425,#3431,#3432,#3433));
#3425 = ORIENTED_EDGE('',*,*,#3426,.T.);
#3426 = EDGE_CURVE('',#2512,#3040,#3427,.T.);
#3427 = LINE('',#3428,#3429);
#3428 = CARTESIAN_POINT('',(-39.5,-1.447241153079,16.068640093086));
#3429 = VECTOR('',#3430,1.);
#3430 = DIRECTION('',(1.,0.,-2.22044604925E-16));
#3431 = ORIENTED_EDGE('',*,*,#3039,.T.);
#3432 = ORIENTED_EDGE('',*,*,#3409,.F.);
#3433 = ORIENTED_EDGE('',*,*,#2519,.F.);
#3434 = PLANE('',#3435);
#3435 = AXIS2_PLACEMENT_3D('',#3436,#3437,#3438);
#3436 = CARTESIAN_POINT('',(-39.5,-1.447241153079,16.068640093086));
#3437 = DIRECTION('',(-4.610295496234E-17,0.207629250789,-0.978207592598
    ));
#3438 = DIRECTION('',(2.172057184331E-16,-0.978207592598,-0.207629250789
    ));
#3439 = ADVANCED_FACE('',(#3440),#3451,.F.);
#3440 = FACE_BOUND('',#3441,.F.);
#3441 = EDGE_LOOP('',(#3442,#3448,#3449,#3450));
#3442 = ORIENTED_EDGE('',*,*,#3443,.T.);
#3443 = EDGE_CURVE('',#2504,#3048,#3444,.T.);
#3444 = LINE('',#3445,#3446);
#3445 = CARTESIAN_POINT('',(-39.5,-0.72616030981,16.159606873551));
#3446 = VECTOR('',#3447,1.);
#3447 = DIRECTION('',(1.,0.,-2.22044604925E-16));
#3448 = ORIENTED_EDGE('',*,*,#3047,.T.);
#3449 = ORIENTED_EDGE('',*,*,#3426,.F.);
#3450 = ORIENTED_EDGE('',*,*,#2511,.F.);
#3451 = PLANE('',#3452);
#3452 = AXIS2_PLACEMENT_3D('',#3453,#3454,#3455);
#3453 = CARTESIAN_POINT('',(-39.5,-0.72616030981,16.159606873551));
#3454 = DIRECTION('',(-2.77914032098E-17,0.12516135314,-0.992136399736)
  );
#3455 = DIRECTION('',(2.20298534911E-16,-0.992136399736,-0.12516135314)
  );
#3456 = ADVANCED_FACE('',(#3457),#3468,.F.);
#3457 = FACE_BOUND('',#3458,.F.);
#3458 = EDGE_LOOP('',(#3459,#3465,#3466,#3467));
#3459 = ORIENTED_EDGE('',*,*,#3460,.T.);
#3460 = EDGE_CURVE('',#2496,#3056,#3461,.T.);
#3461 = LINE('',#3462,#3463);
#3462 = CARTESIAN_POINT('',(-39.5,-3.062793119507E-15,16.19));
#3463 = VECTOR('',#3464,1.);
#3464 = DIRECTION('',(1.,0.,-2.22044604925E-16));
#3465 = ORIENTED_EDGE('',*,*,#3055,.T.);
#3466 = ORIENTED_EDGE('',*,*,#3443,.F.);
#3467 = ORIENTED_EDGE('',*,*,#2503,.F.);
#3468 = PLANE('',#3469);
#3469 = AXIS2_PLACEMENT_3D('',#3470,#3471,#3472);
#3470 = CARTESIAN_POINT('',(-39.5,-3.062793119507E-15,16.19));
#3471 = DIRECTION('',(-9.285451541957E-18,4.181795610432E-02,
    -0.999125246677));
#3472 = DIRECTION('',(2.21850370669E-16,-0.999125246677,
    -4.181795610432E-02));
#3473 = ADVANCED_FACE('',(#3474),#3485,.F.);
#3474 = FACE_BOUND('',#3475,.F.);
#3475 = EDGE_LOOP('',(#3476,#3482,#3483,#3484));
#3476 = ORIENTED_EDGE('',*,*,#3477,.T.);
#3477 = EDGE_CURVE('',#2488,#3064,#3478,.T.);
#3478 = LINE('',#3479,#3480);
#3479 = CARTESIAN_POINT('',(-39.5,0.72616030981,16.159606873551));
#3480 = VECTOR('',#3481,1.);
#3481 = DIRECTION('',(1.,0.,-2.22044604925E-16));
#3482 = ORIENTED_EDGE('',*,*,#3063,.T.);
#3483 = ORIENTED_EDGE('',*,*,#3460,.F.);
#3484 = ORIENTED_EDGE('',*,*,#2495,.F.);
#3485 = PLANE('',#3486);
#3486 = AXIS2_PLACEMENT_3D('',#3487,#3488,#3489);
#3487 = CARTESIAN_POINT('',(-39.5,0.72616030981,16.159606873551));
#3488 = DIRECTION('',(9.285451541957E-18,-4.181795610432E-02,
    -0.999125246677));
#3489 = DIRECTION('',(2.21850370669E-16,-0.999125246677,
    4.181795610432E-02));
#3490 = ADVANCED_FACE('',(#3491),#3502,.F.);
#3491 = FACE_BOUND('',#3492,.F.);
#3492 = EDGE_LOOP('',(#3493,#3499,#3500,#3501));
#3493 = ORIENTED_EDGE('',*,*,#3494,.T.);
#3494 = EDGE_CURVE('',#2480,#3072,#3495,.T.);
#3495 = LINE('',#3496,#3497);
#3496 = CARTESIAN_POINT('',(-39.5,1.447241153079,16.068640093086));
#3497 = VECTOR('',#3498,1.);
#3498 = DIRECTION('',(1.,0.,-2.22044604925E-16));
#3499 = ORIENTED_EDGE('',*,*,#3071,.T.);
#3500 = ORIENTED_EDGE('',*,*,#3477,.F.);
#3501 = ORIENTED_EDGE('',*,*,#2487,.F.);
#3502 = PLANE('',#3503);
#3503 = AXIS2_PLACEMENT_3D('',#3504,#3505,#3506);
#3504 = CARTESIAN_POINT('',(-39.5,1.447241153079,16.068640093086));
#3505 = DIRECTION('',(2.77914032098E-17,-0.12516135314,-0.992136399736)
  );
#3506 = DIRECTION('',(2.20298534911E-16,-0.992136399736,0.12516135314));
#3507 = ADVANCED_FACE('',(#3508),#3519,.F.);
#3508 = FACE_BOUND('',#3509,.F.);
#3509 = EDGE_LOOP('',(#3510,#3516,#3517,#3518));
#3510 = ORIENTED_EDGE('',*,*,#3511,.T.);
#3511 = EDGE_CURVE('',#2472,#3080,#3512,.T.);
#3512 = LINE('',#3513,#3514);
#3513 = CARTESIAN_POINT('',(-39.5,2.158198593962,15.917735968122));
#3514 = VECTOR('',#3515,1.);
#3515 = DIRECTION('',(1.,0.,-2.22044604925E-16));
#3516 = ORIENTED_EDGE('',*,*,#3079,.T.);
#3517 = ORIENTED_EDGE('',*,*,#3494,.F.);
#3518 = ORIENTED_EDGE('',*,*,#2479,.F.);
#3519 = PLANE('',#3520);
#3520 = AXIS2_PLACEMENT_3D('',#3521,#3522,#3523);
#3521 = CARTESIAN_POINT('',(-39.5,2.158198593962,15.917735968122));
#3522 = DIRECTION('',(4.610295496234E-17,-0.207629250789,-0.978207592598
    ));
#3523 = DIRECTION('',(2.172057184331E-16,-0.978207592598,0.207629250789)
  );
#3524 = ADVANCED_FACE('',(#3525),#3536,.F.);
#3525 = FACE_BOUND('',#3526,.F.);
#3526 = EDGE_LOOP('',(#3527,#3533,#3534,#3535));
#3527 = ORIENTED_EDGE('',*,*,#3528,.T.);
#3528 = EDGE_CURVE('',#2464,#3088,#3529,.T.);
#3529 = LINE('',#3530,#3531);
#3530 = CARTESIAN_POINT('',(-39.5,2.854059509467,15.707950067856));
#3531 = VECTOR('',#3532,1.);
#3532 = DIRECTION('',(1.,0.,-2.22044604925E-16));
#3533 = ORIENTED_EDGE('',*,*,#3087,.T.);
#3534 = ORIENTED_EDGE('',*,*,#3511,.F.);
#3535 = ORIENTED_EDGE('',*,*,#2471,.F.);
#3536 = PLANE('',#3537);
#3537 = AXIS2_PLACEMENT_3D('',#3538,#3539,#3540);
#3538 = CARTESIAN_POINT('',(-39.5,2.854059509467,15.707950067856));
#3539 = DIRECTION('',(6.409201812114E-17,-0.288644788928,-0.957436256795
    ));
#3540 = DIRECTION('',(2.125935553809E-16,-0.957436256795,0.288644788928)
  );
#3541 = ADVANCED_FACE('',(#3542),#3553,.F.);
#3542 = FACE_BOUND('',#3543,.F.);
#3543 = EDGE_LOOP('',(#3544,#3550,#3551,#3552));
#3544 = ORIENTED_EDGE('',*,*,#3545,.T.);
#3545 = EDGE_CURVE('',#2456,#3096,#3546,.T.);
#3546 = LINE('',#3547,#3548);
#3547 = CARTESIAN_POINT('',(-39.5,3.529956376281,15.440749837487));
#3548 = VECTOR('',#3549,1.);
#3549 = DIRECTION('',(1.,0.,-2.22044604925E-16));
#3550 = ORIENTED_EDGE('',*,*,#3095,.T.);
#3551 = ORIENTED_EDGE('',*,*,#3528,.F.);
#3552 = ORIENTED_EDGE('',*,*,#2463,.F.);
#3553 = PLANE('',#3554);
#3554 = AXIS2_PLACEMENT_3D('',#3555,#3556,#3557);
#3555 = CARTESIAN_POINT('',(-39.5,3.529956376281,15.440749837487));
#3556 = DIRECTION('',(8.163275980443E-17,-0.367641266636,-0.929967687109
    ));
#3557 = DIRECTION('',(2.064943076771E-16,-0.929967687109,0.367641266636)
  );
#3558 = ADVANCED_FACE('',(#3559),#3570,.F.);
#3559 = FACE_BOUND('',#3560,.F.);
#3560 = EDGE_LOOP('',(#3561,#3567,#3568,#3569));
#3561 = ORIENTED_EDGE('',*,*,#3562,.T.);
#3562 = EDGE_CURVE('',#2448,#3104,#3563,.T.);
#3563 = LINE('',#3564,#3565);
#3564 = CARTESIAN_POINT('',(-39.5,4.181161318928,15.118004333492));
#3565 = VECTOR('',#3566,1.);
#3566 = DIRECTION('',(1.,0.,-2.22044604925E-16));
#3567 = ORIENTED_EDGE('',*,*,#3103,.T.);
#3568 = ORIENTED_EDGE('',*,*,#3545,.F.);
#3569 = ORIENTED_EDGE('',*,*,#2455,.F.);
#3570 = PLANE('',#3571);
#3571 = AXIS2_PLACEMENT_3D('',#3572,#3573,#3574);
#3572 = CARTESIAN_POINT('',(-39.5,4.181161318928,15.118004333492));
#3573 = DIRECTION('',(9.860248312383E-17,-0.444066106254,-0.895994025246
    ));
#3574 = DIRECTION('',(1.989506393509E-16,-0.895994025246,0.444066106254)
  );
#3575 = ADVANCED_FACE('',(#3576),#3587,.F.);
#3576 = FACE_BOUND('',#3577,.F.);
#3577 = EDGE_LOOP('',(#3578,#3584,#3585,#3586));
#3578 = ORIENTED_EDGE('',*,*,#3579,.T.);
#3579 = EDGE_CURVE('',#2440,#3112,#3580,.T.);
#3580 = LINE('',#3581,#3582);
#3581 = CARTESIAN_POINT('',(-39.5,4.8031191811,14.741971149635));
#3582 = VECTOR('',#3583,1.);
#3583 = DIRECTION('',(1.,0.,-2.22044604925E-16));
#3584 = ORIENTED_EDGE('',*,*,#3111,.T.);
#3585 = ORIENTED_EDGE('',*,*,#3562,.F.);
#3586 = ORIENTED_EDGE('',*,*,#2447,.F.);
#3587 = PLANE('',#3588);
#3588 = AXIS2_PLACEMENT_3D('',#3589,#3590,#3591);
#3589 = CARTESIAN_POINT('',(-39.5,4.8031191811,14.741971149635));
#3590 = DIRECTION('',(1.148824854449E-16,-0.517384718641,-0.85575291581)
  );
#3591 = DIRECTION('',(1.900153181044E-16,-0.85575291581,0.517384718641)
  );
#3592 = ADVANCED_FACE('',(#3593),#3604,.F.);
#3593 = FACE_BOUND('',#3594,.F.);
#3594 = EDGE_LOOP('',(#3595,#3601,#3602,#3603));
#3595 = ORIENTED_EDGE('',*,*,#3596,.T.);
#3596 = EDGE_CURVE('',#2432,#3120,#3597,.T.);
#3597 = LINE('',#3598,#3599);
#3598 = CARTESIAN_POINT('',(-39.5,5.391479388813,14.315280625183));
#3599 = VECTOR('',#3600,1.);
#3600 = DIRECTION('',(1.,0.,-2.22044604925E-16));
#3601 = ORIENTED_EDGE('',*,*,#3119,.T.);
#3602 = ORIENTED_EDGE('',*,*,#3579,.F.);
#3603 = ORIENTED_EDGE('',*,*,#2439,.F.);
#3604 = PLANE('',#3605);
#3605 = AXIS2_PLACEMENT_3D('',#3606,#3607,#3608);
#3606 = CARTESIAN_POINT('',(-39.5,5.391479388813,14.315280625183));
#3607 = DIRECTION('',(1.30358888708E-16,-0.58708424261,-0.809525843985)
  );
#3608 = DIRECTION('',(1.797508462042E-16,-0.809525843985,0.58708424261)
  );
#3609 = ADVANCED_FACE('',(#3610),#3621,.F.);
#3610 = FACE_BOUND('',#3611,.F.);
#3611 = EDGE_LOOP('',(#3612,#3618,#3619,#3620));
#3612 = ORIENTED_EDGE('',*,*,#3613,.T.);
#3613 = EDGE_CURVE('',#2424,#3128,#3614,.T.);
#3614 = LINE('',#3615,#3616);
#3615 = CARTESIAN_POINT('',(-39.5,5.942126382532,13.840917445766));
#3616 = VECTOR('',#3617,1.);
#3617 = DIRECTION('',(1.,0.,-2.22044604925E-16));
#3618 = ORIENTED_EDGE('',*,*,#3127,.T.);
#3619 = ORIENTED_EDGE('',*,*,#3596,.F.);
#3620 = ORIENTED_EDGE('',*,*,#2431,.F.);
#3621 = PLANE('',#3622);
#3622 = AXIS2_PLACEMENT_3D('',#3623,#3624,#3625);
#3623 = CARTESIAN_POINT('',(-39.5,5.942126382532,13.840917445766));
#3624 = DIRECTION('',(1.449234360014E-16,-0.652677132373,-0.757636166558
    ));
#3625 = DIRECTION('',(1.682290232803E-16,-0.757636166558,0.652677132373)
  );
#3626 = ADVANCED_FACE('',(#3627),#3638,.F.);
#3627 = FACE_BOUND('',#3628,.F.);
#3628 = EDGE_LOOP('',(#3629,#3635,#3636,#3637));
#3629 = ORIENTED_EDGE('',*,*,#3630,.T.);
#3630 = EDGE_CURVE('',#2416,#3136,#3631,.T.);
#3631 = LINE('',#3632,#3633);
#3632 = CARTESIAN_POINT('',(-39.5,6.45120840536,13.322199765605));
#3633 = VECTOR('',#3634,1.);
#3634 = DIRECTION('',(1.,0.,-2.22044604925E-16));
#3635 = ORIENTED_EDGE('',*,*,#3135,.T.);
#3636 = ORIENTED_EDGE('',*,*,#3613,.F.);
#3637 = ORIENTED_EDGE('',*,*,#2423,.F.);
#3638 = PLANE('',#3639);
#3639 = AXIS2_PLACEMENT_3D('',#3640,#3641,#3642);
#3640 = CARTESIAN_POINT('',(-39.5,6.45120840536,13.322199765605));
#3641 = DIRECTION('',(1.584742488148E-16,-0.71370456791,-0.700446850049)
  );
#3642 = DIRECTION('',(1.555304440902E-16,-0.700446850049,0.71370456791)
  );
#3643 = ADVANCED_FACE('',(#3644),#3655,.F.);
#3644 = FACE_BOUND('',#3645,.F.);
#3645 = EDGE_LOOP('',(#3646,#3652,#3653,#3654));
#3646 = ORIENTED_EDGE('',*,*,#3647,.T.);
#3647 = EDGE_CURVE('',#2408,#3144,#3648,.T.);
#3648 = LINE('',#3649,#3650);
#3649 = CARTESIAN_POINT('',(-39.5,6.915164445953,12.76275599714));
#3650 = VECTOR('',#3651,1.);
#3651 = DIRECTION('',(1.,0.,-2.22044604925E-16));
#3652 = ORIENTED_EDGE('',*,*,#3143,.T.);
#3653 = ORIENTED_EDGE('',*,*,#3630,.F.);
#3654 = ORIENTED_EDGE('',*,*,#2415,.F.);
#3655 = PLANE('',#3656);
#3656 = AXIS2_PLACEMENT_3D('',#3657,#3658,#3659);
#3657 = CARTESIAN_POINT('',(-39.5,6.915164445953,12.76275599714));
#3658 = DIRECTION('',(1.709165396759E-16,-0.769739664396,-0.638357931772
    ));
#3659 = DIRECTION('',(1.41743934761E-16,-0.638357931772,0.769739664396)
  );
#3660 = ADVANCED_FACE('',(#3661),#3672,.F.);
#3661 = FACE_BOUND('',#3662,.F.);
#3662 = EDGE_LOOP('',(#3663,#3669,#3670,#3671));
#3663 = ORIENTED_EDGE('',*,*,#3664,.T.);
#3664 = EDGE_CURVE('',#2400,#3152,#3665,.T.);
#3665 = LINE('',#3666,#3667);
#3666 = CARTESIAN_POINT('',(-39.5,7.330749147669,12.166499430402));
#3667 = VECTOR('',#3668,1.);
#3668 = DIRECTION('',(1.,0.,-2.22044604925E-16));
#3669 = ORIENTED_EDGE('',*,*,#3151,.T.);
#3670 = ORIENTED_EDGE('',*,*,#3647,.F.);
#3671 = ORIENTED_EDGE('',*,*,#2407,.F.);
#3672 = PLANE('',#3673);
#3673 = AXIS2_PLACEMENT_3D('',#3674,#3675,#3676);
#3674 = CARTESIAN_POINT('',(-39.5,7.330749147669,12.166499430402));
#3675 = DIRECTION('',(1.821632751853E-16,-0.820390458245,-0.571803721587
    ));
#3676 = DIRECTION('',(1.269659314544E-16,-0.571803721587,0.820390458245)
  );
#3677 = ADVANCED_FACE('',(#3678),#3684,.F.);
#3678 = FACE_BOUND('',#3679,.F.);
#3679 = EDGE_LOOP('',(#3680,#3681,#3682,#3683));
#3680 = ORIENTED_EDGE('',*,*,#3185,.T.);
#3681 = ORIENTED_EDGE('',*,*,#3159,.T.);
#3682 = ORIENTED_EDGE('',*,*,#3664,.F.);
#3683 = ORIENTED_EDGE('',*,*,#2399,.F.);
#3684 = PLANE('',#3685);
#3685 = AXIS2_PLACEMENT_3D('',#3686,#3687,#3688);
#3686 = CARTESIAN_POINT('',(-39.5,7.695055509729,11.537600859692));
#3687 = DIRECTION('',(1.921357848128E-16,-0.865302648888,-0.501249763918
    ));
#3688 = DIRECTION('',(1.11299805798E-16,-0.501249763918,0.865302648888)
  );
#3689 = ADVANCED_FACE('',(#3690),#3715,.F.);
#3690 = FACE_BOUND('',#3691,.F.);
#3691 = EDGE_LOOP('',(#3692,#3700,#3708,#3714));
#3692 = ORIENTED_EDGE('',*,*,#3693,.T.);
#3693 = EDGE_CURVE('',#2912,#3694,#3696,.T.);
#3694 = VERTEX_POINT('',#3695);
#3695 = CARTESIAN_POINT('',(-36.5,-8.769030362687,10.249582968065));
#3696 = LINE('',#3697,#3698);
#3697 = CARTESIAN_POINT('',(-38.5,-8.769030362687,10.249582968065));
#3698 = VECTOR('',#3699,1.);
#3699 = DIRECTION('',(1.,0.,-2.22044604925E-16));
#3700 = ORIENTED_EDGE('',*,*,#3701,.T.);
#3701 = EDGE_CURVE('',#3694,#3702,#3704,.T.);
#3702 = VERTEX_POINT('',#3703);
#3703 = CARTESIAN_POINT('',(-36.5,-8.969732437481,9.5));
#3704 = LINE('',#3705,#3706);
#3705 = CARTESIAN_POINT('',(-36.5,-8.769030362687,10.249582968065));
#3706 = VECTOR('',#3707,1.);
#3707 = DIRECTION('',(5.742983876265E-17,-0.258641000451,-0.965973515623
    ));
#3708 = ORIENTED_EDGE('',*,*,#3709,.F.);
#3709 = EDGE_CURVE('',#2920,#3702,#3710,.T.);
#3710 = LINE('',#3711,#3712);
#3711 = CARTESIAN_POINT('',(-38.5,-8.969732437481,9.5));
#3712 = VECTOR('',#3713,1.);
#3713 = DIRECTION('',(1.,0.,-2.22044604925E-16));
#3714 = ORIENTED_EDGE('',*,*,#2919,.F.);
#3715 = PLANE('',#3716);
#3716 = AXIS2_PLACEMENT_3D('',#3717,#3718,#3719);
#3717 = CARTESIAN_POINT('',(-38.5,-8.769030362687,10.249582968065));
#3718 = DIRECTION('',(-2.144892076446E-16,0.965973515623,-0.258641000451
    ));
#3719 = DIRECTION('',(5.742983876265E-17,-0.258641000451,-0.965973515623
    ));
#3720 = ADVANCED_FACE('',(#3721),#3739,.F.);
#3721 = FACE_BOUND('',#3722,.F.);
#3722 = EDGE_LOOP('',(#3723,#3731,#3737,#3738));
#3723 = ORIENTED_EDGE('',*,*,#3724,.T.);
#3724 = EDGE_CURVE('',#2904,#3725,#3727,.T.);
#3725 = VERTEX_POINT('',#3726);
#3726 = CARTESIAN_POINT('',(-36.5,-8.505806767263,10.979561931907));
#3727 = LINE('',#3728,#3729);
#3728 = CARTESIAN_POINT('',(-38.5,-8.505806767263,10.979561931907));
#3729 = VECTOR('',#3730,1.);
#3730 = DIRECTION('',(1.,0.,-2.22044604925E-16));
#3731 = ORIENTED_EDGE('',*,*,#3732,.T.);
#3732 = EDGE_CURVE('',#3725,#3694,#3733,.T.);
#3733 = LINE('',#3734,#3735);
#3734 = CARTESIAN_POINT('',(-36.5,-8.505806767263,10.979561931907));
#3735 = VECTOR('',#3736,1.);
#3736 = DIRECTION('',(7.53200417047E-17,-0.339211311755,-0.940710202973)
  );
#3737 = ORIENTED_EDGE('',*,*,#3693,.F.);
#3738 = ORIENTED_EDGE('',*,*,#2911,.F.);
#3739 = PLANE('',#3740);
#3740 = AXIS2_PLACEMENT_3D('',#3741,#3742,#3743);
#3741 = CARTESIAN_POINT('',(-38.5,-8.505806767263,10.979561931907));
#3742 = DIRECTION('',(-2.088796253681E-16,0.940710202973,-0.339211311755
    ));
#3743 = DIRECTION('',(7.53200417047E-17,-0.339211311755,-0.940710202973)
  );
#3744 = ADVANCED_FACE('',(#3745),#3763,.F.);
#3745 = FACE_BOUND('',#3746,.F.);
#3746 = EDGE_LOOP('',(#3747,#3755,#3761,#3762));
#3747 = ORIENTED_EDGE('',*,*,#3748,.T.);
#3748 = EDGE_CURVE('',#2896,#3749,#3751,.T.);
#3749 = VERTEX_POINT('',#3750);
#3750 = CARTESIAN_POINT('',(-36.5,-8.181938385441,11.684732280189));
#3751 = LINE('',#3752,#3753);
#3752 = CARTESIAN_POINT('',(-38.5,-8.181938385441,11.684732280189));
#3753 = VECTOR('',#3754,1.);
#3754 = DIRECTION('',(1.,0.,-2.22044604925E-16));
#3755 = ORIENTED_EDGE('',*,*,#3756,.T.);
#3756 = EDGE_CURVE('',#3749,#3725,#3757,.T.);
#3757 = LINE('',#3758,#3759);
#3758 = CARTESIAN_POINT('',(-36.5,-8.181938385441,11.684732280189));
#3759 = VECTOR('',#3760,1.);
#3760 = DIRECTION('',(9.267322705798E-17,-0.417363110846,-0.908739805283
    ));
#3761 = ORIENTED_EDGE('',*,*,#3724,.F.);
#3762 = ORIENTED_EDGE('',*,*,#2903,.F.);
#3763 = PLANE('',#3764);
#3764 = AXIS2_PLACEMENT_3D('',#3765,#3766,#3767);
#3765 = CARTESIAN_POINT('',(-38.5,-8.181938385441,11.684732280189));
#3766 = DIRECTION('',(-2.017807710437E-16,0.908739805283,-0.417363110846
    ));
#3767 = DIRECTION('',(9.267322705798E-17,-0.417363110846,-0.908739805283
    ));
#3768 = ADVANCED_FACE('',(#3769),#3787,.F.);
#3769 = FACE_BOUND('',#3770,.F.);
#3770 = EDGE_LOOP('',(#3771,#3779,#3785,#3786));
#3771 = ORIENTED_EDGE('',*,*,#3772,.T.);
#3772 = EDGE_CURVE('',#2888,#3773,#3775,.T.);
#3773 = VERTEX_POINT('',#3774);
#3774 = CARTESIAN_POINT('',(-36.5,-7.799734337256,12.360066282288));
#3775 = LINE('',#3776,#3777);
#3776 = CARTESIAN_POINT('',(-38.5,-7.799734337256,12.360066282288));
#3777 = VECTOR('',#3778,1.);
#3778 = DIRECTION('',(1.,0.,-2.22044604925E-16));
#3779 = ORIENTED_EDGE('',*,*,#3780,.T.);
#3780 = EDGE_CURVE('',#3773,#3749,#3781,.T.);
#3781 = LINE('',#3782,#3783);
#3782 = CARTESIAN_POINT('',(-36.5,-7.799734337256,12.360066282288));
#3783 = VECTOR('',#3784,1.);
#3784 = DIRECTION('',(1.093656699075E-16,-0.492539190243,-0.870290265414
    ));
#3785 = ORIENTED_EDGE('',*,*,#3748,.F.);
#3786 = ORIENTED_EDGE('',*,*,#2895,.F.);
#3787 = PLANE('',#3788);
#3788 = AXIS2_PLACEMENT_3D('',#3789,#3790,#3791);
#3789 = CARTESIAN_POINT('',(-38.5,-7.799734337256,12.360066282288));
#3790 = DIRECTION('',(-1.932432581541E-16,0.870290265414,-0.492539190243
    ));
#3791 = DIRECTION('',(1.093656699075E-16,-0.492539190243,-0.870290265414
    ));
#3792 = ADVANCED_FACE('',(#3793),#3811,.F.);
#3793 = FACE_BOUND('',#3794,.F.);
#3794 = EDGE_LOOP('',(#3795,#3803,#3809,#3810));
#3795 = ORIENTED_EDGE('',*,*,#3796,.T.);
#3796 = EDGE_CURVE('',#2880,#3797,#3799,.T.);
#3797 = VERTEX_POINT('',#3798);
#3798 = CARTESIAN_POINT('',(-36.5,-7.361919664965,13.000748935063));
#3799 = LINE('',#3800,#3801);
#3800 = CARTESIAN_POINT('',(-38.5,-7.361919664965,13.000748935063));
#3801 = VECTOR('',#3802,1.);
#3802 = DIRECTION('',(1.,0.,-2.22044604925E-16));
#3803 = ORIENTED_EDGE('',*,*,#3804,.T.);
#3804 = EDGE_CURVE('',#3797,#3773,#3805,.T.);
#3805 = LINE('',#3806,#3807);
#3806 = CARTESIAN_POINT('',(-36.5,-7.361919664965,13.000748935063));
#3807 = VECTOR('',#3808,1.);
#3808 = DIRECTION('',(1.252783563068E-16,-0.564203558781,-0.825635721283
    ));
#3809 = ORIENTED_EDGE('',*,*,#3772,.F.);
#3810 = ORIENTED_EDGE('',*,*,#2887,.F.);
#3811 = PLANE('',#3812);
#3812 = AXIS2_PLACEMENT_3D('',#3813,#3814,#3815);
#3813 = CARTESIAN_POINT('',(-38.5,-7.361919664965,13.000748935063));
#3814 = DIRECTION('',(-1.833279575443E-16,0.825635721283,-0.564203558781
    ));
#3815 = DIRECTION('',(1.252783563068E-16,-0.564203558781,-0.825635721283
    ));
#3816 = ADVANCED_FACE('',(#3817),#3835,.F.);
#3817 = FACE_BOUND('',#3818,.F.);
#3818 = EDGE_LOOP('',(#3819,#3827,#3833,#3834));
#3819 = ORIENTED_EDGE('',*,*,#3820,.T.);
#3820 = EDGE_CURVE('',#2872,#3821,#3823,.T.);
#3821 = VERTEX_POINT('',#3822);
#3822 = CARTESIAN_POINT('',(-36.5,-6.87161590401,13.602212292911));
#3823 = LINE('',#3824,#3825);
#3824 = CARTESIAN_POINT('',(-38.5,-6.87161590401,13.602212292911));
#3825 = VECTOR('',#3826,1.);
#3826 = DIRECTION('',(1.,0.,-2.22044604925E-16));
#3827 = ORIENTED_EDGE('',*,*,#3828,.T.);
#3828 = EDGE_CURVE('',#3821,#3797,#3829,.T.);
#3829 = LINE('',#3830,#3831);
#3830 = CARTESIAN_POINT('',(-36.5,-6.87161590401,13.602212292911));
#3831 = VECTOR('',#3832,1.);
#3832 = DIRECTION('',(1.402978318249E-16,-0.631845263127,-0.775094551306
    ));
#3833 = ORIENTED_EDGE('',*,*,#3796,.F.);
#3834 = ORIENTED_EDGE('',*,*,#2879,.F.);
#3835 = PLANE('',#3836);
#3836 = AXIS2_PLACEMENT_3D('',#3837,#3838,#3839);
#3837 = CARTESIAN_POINT('',(-38.5,-6.87161590401,13.602212292911));
#3838 = DIRECTION('',(-1.721055634242E-16,0.775094551306,-0.631845263127
    ));
#3839 = DIRECTION('',(1.402978318249E-16,-0.631845263127,-0.775094551306
    ));
#3840 = ADVANCED_FACE('',(#3841),#3859,.F.);
#3841 = FACE_BOUND('',#3842,.F.);
#3842 = EDGE_LOOP('',(#3843,#3851,#3857,#3858));
#3843 = ORIENTED_EDGE('',*,*,#3844,.T.);
#3844 = EDGE_CURVE('',#2864,#3845,#3847,.T.);
#3845 = VERTEX_POINT('',#3846);
#3846 = CARTESIAN_POINT('',(-36.5,-6.332318827064,14.16016803635));
#3847 = LINE('',#3848,#3849);
#3848 = CARTESIAN_POINT('',(-38.5,-6.332318827064,14.16016803635));
#3849 = VECTOR('',#3850,1.);
#3850 = DIRECTION('',(1.,0.,-2.22044604925E-16));
#3851 = ORIENTED_EDGE('',*,*,#3852,.T.);
#3852 = EDGE_CURVE('',#3845,#3821,#3853,.T.);
#3853 = LINE('',#3854,#3855);
#3854 = CARTESIAN_POINT('',(-36.5,-6.332318827064,14.16016803635));
#3855 = VECTOR('',#3856,1.);
#3856 = DIRECTION('',(1.543170104544E-16,-0.694982030779,-0.719027104422
    ));
#3857 = ORIENTED_EDGE('',*,*,#3820,.F.);
#3858 = ORIENTED_EDGE('',*,*,#2871,.F.);
#3859 = PLANE('',#3860);
#3860 = AXIS2_PLACEMENT_3D('',#3861,#3862,#3863);
#3861 = CARTESIAN_POINT('',(-38.5,-6.332318827064,14.16016803635));
#3862 = DIRECTION('',(-1.596560893318E-16,0.719027104422,-0.694982030779
    ));
#3863 = DIRECTION('',(1.543170104544E-16,-0.694982030779,-0.719027104422
    ));
#3864 = ADVANCED_FACE('',(#3865),#3883,.F.);
#3865 = FACE_BOUND('',#3866,.F.);
#3866 = EDGE_LOOP('',(#3867,#3875,#3881,#3882));
#3867 = ORIENTED_EDGE('',*,*,#3868,.T.);
#3868 = EDGE_CURVE('',#2856,#3869,#3871,.T.);
#3869 = VERTEX_POINT('',#3870);
#3870 = CARTESIAN_POINT('',(-36.5,-5.747873519833,14.670638046924));
#3871 = LINE('',#3872,#3873);
#3872 = CARTESIAN_POINT('',(-38.5,-5.747873519833,14.670638046924));
#3873 = VECTOR('',#3874,1.);
#3874 = DIRECTION('',(1.,0.,-2.22044604925E-16));
#3875 = ORIENTED_EDGE('',*,*,#3876,.T.);
#3876 = EDGE_CURVE('',#3869,#3845,#3877,.T.);
#3877 = LINE('',#3878,#3879);
#3878 = CARTESIAN_POINT('',(-36.5,-5.747873519833,14.670638046924));
#3879 = VECTOR('',#3880,1.);
#3880 = DIRECTION('',(1.672359381151E-16,-0.753163708578,-0.657833130878
    ));
#3881 = ORIENTED_EDGE('',*,*,#3844,.F.);
#3882 = ORIENTED_EDGE('',*,*,#2863,.F.);
#3883 = PLANE('',#3884);
#3884 = AXIS2_PLACEMENT_3D('',#3885,#3886,#3887);
#3885 = CARTESIAN_POINT('',(-38.5,-5.747873519833,14.670638046924));
#3886 = DIRECTION('',(-1.460682976524E-16,0.657833130878,-0.753163708578
    ));
#3887 = DIRECTION('',(1.672359381151E-16,-0.753163708578,-0.657833130878
    ));
#3888 = ADVANCED_FACE('',(#3889),#3907,.F.);
#3889 = FACE_BOUND('',#3890,.F.);
#3890 = EDGE_LOOP('',(#3891,#3899,#3905,#3906));
#3891 = ORIENTED_EDGE('',*,*,#3892,.T.);
#3892 = EDGE_CURVE('',#2848,#3893,#3895,.T.);
#3893 = VERTEX_POINT('',#3894);
#3894 = CARTESIAN_POINT('',(-36.5,-5.122446966332,15.129982770434));
#3895 = LINE('',#3896,#3897);
#3896 = CARTESIAN_POINT('',(-38.5,-5.122446966332,15.129982770434));
#3897 = VECTOR('',#3898,1.);
#3898 = DIRECTION('',(1.,0.,-2.22044604925E-16));
#3899 = ORIENTED_EDGE('',*,*,#3900,.T.);
#3900 = EDGE_CURVE('',#3893,#3869,#3901,.T.);
#3901 = LINE('',#3902,#3903);
#3902 = CARTESIAN_POINT('',(-36.5,-5.122446966332,15.129982770434));
#3903 = VECTOR('',#3904,1.);
#3904 = DIRECTION('',(1.789625053069E-16,-0.805975472214,-0.59194893208)
  );
#3905 = ORIENTED_EDGE('',*,*,#3868,.F.);
#3906 = ORIENTED_EDGE('',*,*,#2855,.F.);
#3907 = PLANE('',#3908);
#3908 = AXIS2_PLACEMENT_3D('',#3909,#3910,#3911);
#3909 = CARTESIAN_POINT('',(-38.5,-5.122446966332,15.129982770434));
#3910 = DIRECTION('',(-1.314390667594E-16,0.59194893208,-0.805975472214)
  );
#3911 = DIRECTION('',(1.789625053069E-16,-0.805975472214,-0.59194893208)
  );
#3912 = ADVANCED_FACE('',(#3913),#3931,.F.);
#3913 = FACE_BOUND('',#3914,.F.);
#3914 = EDGE_LOOP('',(#3915,#3923,#3929,#3930));
#3915 = ORIENTED_EDGE('',*,*,#3916,.T.);
#3916 = EDGE_CURVE('',#2840,#3917,#3919,.T.);
#3917 = VERTEX_POINT('',#3918);
#3918 = CARTESIAN_POINT('',(-36.5,-4.460498339075,15.534927166261));
#3919 = LINE('',#3920,#3921);
#3920 = CARTESIAN_POINT('',(-38.5,-4.460498339075,15.534927166261));
#3921 = VECTOR('',#3922,1.);
#3922 = DIRECTION('',(1.,0.,-2.22044604925E-16));
#3923 = ORIENTED_EDGE('',*,*,#3924,.T.);
#3924 = EDGE_CURVE('',#3917,#3893,#3925,.T.);
#3925 = LINE('',#3926,#3927);
#3926 = CARTESIAN_POINT('',(-36.5,-4.460498339075,15.534927166261));
#3927 = VECTOR('',#3928,1.);
#3928 = DIRECTION('',(1.894131038335E-16,-0.853040783844,-0.521844249848
    ));
#3929 = ORIENTED_EDGE('',*,*,#3892,.F.);
#3930 = ORIENTED_EDGE('',*,*,#2847,.F.);
#3931 = PLANE('',#3932);
#3932 = AXIS2_PLACEMENT_3D('',#3933,#3934,#3935);
#3933 = CARTESIAN_POINT('',(-38.5,-4.460498339075,15.534927166261));
#3934 = DIRECTION('',(-1.158727002899E-16,0.521844249848,-0.853040783844
    ));
#3935 = DIRECTION('',(1.894131038335E-16,-0.853040783844,-0.521844249848
    ));
#3936 = ADVANCED_FACE('',(#3937),#3955,.F.);
#3937 = FACE_BOUND('',#3938,.F.);
#3938 = EDGE_LOOP('',(#3939,#3947,#3953,#3954));
#3939 = ORIENTED_EDGE('',*,*,#3940,.T.);
#3940 = EDGE_CURVE('',#2832,#3941,#3943,.T.);
#3941 = VERTEX_POINT('',#3942);
#3942 = CARTESIAN_POINT('',(-36.5,-3.766747206022,15.882584057791));
#3943 = LINE('',#3944,#3945);
#3944 = CARTESIAN_POINT('',(-38.5,-3.766747206022,15.882584057791));
#3945 = VECTOR('',#3946,1.);
#3946 = DIRECTION('',(1.,0.,-2.22044604925E-16));
#3947 = ORIENTED_EDGE('',*,*,#3948,.T.);
#3948 = EDGE_CURVE('',#3941,#3917,#3949,.T.);
#3949 = LINE('',#3950,#3951);
#3950 = CARTESIAN_POINT('',(-36.5,-3.766747206022,15.882584057791));
#3951 = VECTOR('',#3952,1.);
#3952 = DIRECTION('',(1.985132229126E-16,-0.894024076737,-0.44801891725)
  );
#3953 = ORIENTED_EDGE('',*,*,#3916,.F.);
#3954 = ORIENTED_EDGE('',*,*,#2839,.F.);
#3955 = PLANE('',#3956);
#3956 = AXIS2_PLACEMENT_3D('',#3957,#3958,#3959);
#3957 = CARTESIAN_POINT('',(-38.5,-3.766747206022,15.882584057791));
#3958 = DIRECTION('',(-9.94801834798E-17,0.44801891725,-0.894024076737)
  );
#3959 = DIRECTION('',(1.985132229126E-16,-0.894024076737,-0.44801891725)
  );
#3960 = ADVANCED_FACE('',(#3961),#3979,.F.);
#3961 = FACE_BOUND('',#3962,.F.);
#3962 = EDGE_LOOP('',(#3963,#3971,#3977,#3978));
#3963 = ORIENTED_EDGE('',*,*,#3964,.T.);
#3964 = EDGE_CURVE('',#2824,#3965,#3967,.T.);
#3965 = VERTEX_POINT('',#3966);
#3966 = CARTESIAN_POINT('',(-36.5,-3.046139880961,16.170474717431));
#3967 = LINE('',#3968,#3969);
#3968 = CARTESIAN_POINT('',(-38.5,-3.046139880961,16.170474717431));
#3969 = VECTOR('',#3970,1.);
#3970 = DIRECTION('',(1.,0.,-2.22044604925E-16));
#3971 = ORIENTED_EDGE('',*,*,#3972,.T.);
#3972 = EDGE_CURVE('',#3965,#3941,#3973,.T.);
#3973 = LINE('',#3974,#3975);
#3974 = CARTESIAN_POINT('',(-36.5,-3.046139880961,16.170474717431));
#3975 = VECTOR('',#3976,1.);
#3976 = DIRECTION('',(2.06197980424E-16,-0.928633147802,-0.370999294883)
  );
#3977 = ORIENTED_EDGE('',*,*,#3940,.F.);
#3978 = ORIENTED_EDGE('',*,*,#2831,.F.);
#3979 = PLANE('',#3980);
#3980 = AXIS2_PLACEMENT_3D('',#3981,#3982,#3983);
#3981 = CARTESIAN_POINT('',(-38.5,-3.046139880961,16.170474717431));
#3982 = DIRECTION('',(-8.237839185974E-17,0.370999294883,-0.928633147802
    ));
#3983 = DIRECTION('',(2.06197980424E-16,-0.928633147802,-0.370999294883)
  );
#3984 = ADVANCED_FACE('',(#3985),#4003,.F.);
#3985 = FACE_BOUND('',#3986,.F.);
#3986 = EDGE_LOOP('',(#3987,#3995,#4001,#4002));
#3987 = ORIENTED_EDGE('',*,*,#3988,.T.);
#3988 = EDGE_CURVE('',#2816,#3989,#3991,.T.);
#3989 = VERTEX_POINT('',#3990);
#3990 = CARTESIAN_POINT('',(-36.5,-2.303814157225,16.396546539471));
#3991 = LINE('',#3992,#3993);
#3992 = CARTESIAN_POINT('',(-38.5,-2.303814157225,16.396546539471));
#3993 = VECTOR('',#3994,1.);
#3994 = DIRECTION('',(1.,0.,-2.22044604925E-16));
#3995 = ORIENTED_EDGE('',*,*,#3996,.T.);
#3996 = EDGE_CURVE('',#3989,#3965,#3997,.T.);
#3997 = LINE('',#3998,#3999);
#3998 = CARTESIAN_POINT('',(-36.5,-2.303814157225,16.396546539471));
#3999 = VECTOR('',#4000,1.);
#4000 = DIRECTION('',(2.124125855064E-16,-0.956621240936,-0.291334518022
    ));
#4001 = ORIENTED_EDGE('',*,*,#3964,.F.);
#4002 = ORIENTED_EDGE('',*,*,#2823,.F.);
#4003 = PLANE('',#4004);
#4004 = AXIS2_PLACEMENT_3D('',#4005,#4006,#4007);
#4005 = CARTESIAN_POINT('',(-38.5,-2.303814157225,16.396546539471));
#4006 = DIRECTION('',(-6.468925795517E-17,0.291334518022,-0.956621240936
    ));
#4007 = DIRECTION('',(2.124125855064E-16,-0.956621240936,-0.291334518022
    ));
#4008 = ADVANCED_FACE('',(#4009),#4027,.F.);
#4009 = FACE_BOUND('',#4010,.F.);
#4010 = EDGE_LOOP('',(#4011,#4019,#4025,#4026));
#4011 = ORIENTED_EDGE('',*,*,#4012,.T.);
#4012 = EDGE_CURVE('',#2808,#4013,#4015,.T.);
#4013 = VERTEX_POINT('',#4014);
#4014 = CARTESIAN_POINT('',(-36.5,-1.545062676205,16.559187674764));
#4015 = LINE('',#4016,#4017);
#4016 = CARTESIAN_POINT('',(-38.5,-1.545062676205,16.559187674764));
#4017 = VECTOR('',#4018,1.);
#4018 = DIRECTION('',(1.,0.,-2.22044604925E-16));
#4019 = ORIENTED_EDGE('',*,*,#4020,.T.);
#4020 = EDGE_CURVE('',#4013,#3989,#4021,.T.);
#4021 = LINE('',#4022,#4023);
#4022 = CARTESIAN_POINT('',(-36.5,-1.545062676205,16.559187674764));
#4023 = VECTOR('',#4024,1.);
#4024 = DIRECTION('',(2.171127292063E-16,-0.977788806351,-0.209592581392
    ));
#4025 = ORIENTED_EDGE('',*,*,#3988,.F.);
#4026 = ORIENTED_EDGE('',*,*,#2815,.F.);
#4027 = PLANE('',#4028);
#4028 = AXIS2_PLACEMENT_3D('',#4029,#4030,#4031);
#4029 = CARTESIAN_POINT('',(-38.5,-1.545062676205,16.559187674764));
#4030 = DIRECTION('',(-4.653890193043E-17,0.209592581392,-0.977788806351
    ));
#4031 = DIRECTION('',(2.171127292063E-16,-0.977788806351,-0.209592581392
    ));
#4032 = ADVANCED_FACE('',(#4033),#4051,.F.);
#4033 = FACE_BOUND('',#4034,.F.);
#4034 = EDGE_LOOP('',(#4035,#4043,#4049,#4050));
#4035 = ORIENTED_EDGE('',*,*,#4036,.T.);
#4036 = EDGE_CURVE('',#2800,#4037,#4039,.T.);
#4037 = VERTEX_POINT('',#4038);
#4038 = CARTESIAN_POINT('',(-36.5,-0.77529519182,16.657238522914));
#4039 = LINE('',#4040,#4041);
#4040 = CARTESIAN_POINT('',(-38.5,-0.77529519182,16.657238522914));
#4041 = VECTOR('',#4042,1.);
#4042 = DIRECTION('',(1.,0.,-2.22044604925E-16));
#4043 = ORIENTED_EDGE('',*,*,#4044,.T.);
#4044 = EDGE_CURVE('',#4037,#4013,#4045,.T.);
#4045 = LINE('',#4046,#4047);
#4046 = CARTESIAN_POINT('',(-36.5,-0.77529519182,16.657238522914));
#4047 = VECTOR('',#4048,1.);
#4048 = DIRECTION('',(2.20264900392E-16,-0.991984923328,-0.126356289474)
  );
#4049 = ORIENTED_EDGE('',*,*,#4012,.F.);
#4050 = ORIENTED_EDGE('',*,*,#2807,.F.);
#4051 = PLANE('',#4052);
#4052 = AXIS2_PLACEMENT_3D('',#4053,#4054,#4055);
#4053 = CARTESIAN_POINT('',(-38.5,-0.77529519182,16.657238522914));
#4054 = DIRECTION('',(-2.805673237594E-17,0.126356289474,-0.991984923328
    ));
#4055 = DIRECTION('',(2.20264900392E-16,-0.991984923328,-0.126356289474)
  );
#4056 = ADVANCED_FACE('',(#4057),#4075,.F.);
#4057 = FACE_BOUND('',#4058,.F.);
#4058 = EDGE_LOOP('',(#4059,#4067,#4073,#4074));
#4059 = ORIENTED_EDGE('',*,*,#4060,.T.);
#4060 = EDGE_CURVE('',#2792,#4061,#4063,.T.);
#4061 = VERTEX_POINT('',#4062);
#4062 = CARTESIAN_POINT('',(-36.5,-3.143199251991E-15,16.69));
#4063 = LINE('',#4064,#4065);
#4064 = CARTESIAN_POINT('',(-38.5,-3.143199251991E-15,16.69));
#4065 = VECTOR('',#4066,1.);
#4066 = DIRECTION('',(1.,0.,-2.22044604925E-16));
#4067 = ORIENTED_EDGE('',*,*,#4068,.T.);
#4068 = EDGE_CURVE('',#4061,#4037,#4069,.T.);
#4069 = LINE('',#4070,#4071);
#4070 = CARTESIAN_POINT('',(-36.5,-3.143199251991E-15,16.69));
#4071 = VECTOR('',#4072,1.);
#4072 = DIRECTION('',(2.218466246817E-16,-0.99910837625,
    -4.221910121493E-02));
#4073 = ORIENTED_EDGE('',*,*,#4036,.F.);
#4074 = ORIENTED_EDGE('',*,*,#2799,.F.);
#4075 = PLANE('',#4076);
#4076 = AXIS2_PLACEMENT_3D('',#4077,#4078,#4079);
#4077 = CARTESIAN_POINT('',(-38.5,-3.143199251991E-15,16.69));
#4078 = DIRECTION('',(-9.37452364956E-18,4.221910121493E-02,
    -0.99910837625));
#4079 = DIRECTION('',(2.218466246817E-16,-0.99910837625,
    -4.221910121493E-02));
#4080 = ADVANCED_FACE('',(#4081),#4099,.F.);
#4081 = FACE_BOUND('',#4082,.F.);
#4082 = EDGE_LOOP('',(#4083,#4091,#4097,#4098));
#4083 = ORIENTED_EDGE('',*,*,#4084,.T.);
#4084 = EDGE_CURVE('',#2784,#4085,#4087,.T.);
#4085 = VERTEX_POINT('',#4086);
#4086 = CARTESIAN_POINT('',(-36.5,0.77529519182,16.657238522914));
#4087 = LINE('',#4088,#4089);
#4088 = CARTESIAN_POINT('',(-38.5,0.77529519182,16.657238522914));
#4089 = VECTOR('',#4090,1.);
#4090 = DIRECTION('',(1.,0.,-2.22044604925E-16));
#4091 = ORIENTED_EDGE('',*,*,#4092,.T.);
#4092 = EDGE_CURVE('',#4085,#4061,#4093,.T.);
#4093 = LINE('',#4094,#4095);
#4094 = CARTESIAN_POINT('',(-36.5,0.77529519182,16.657238522914));
#4095 = VECTOR('',#4096,1.);
#4096 = DIRECTION('',(2.218466246817E-16,-0.99910837625,
    4.221910121493E-02));
#4097 = ORIENTED_EDGE('',*,*,#4060,.F.);
#4098 = ORIENTED_EDGE('',*,*,#2791,.F.);
#4099 = PLANE('',#4100);
#4100 = AXIS2_PLACEMENT_3D('',#4101,#4102,#4103);
#4101 = CARTESIAN_POINT('',(-38.5,0.77529519182,16.657238522914));
#4102 = DIRECTION('',(9.37452364956E-18,-4.221910121493E-02,
    -0.99910837625));
#4103 = DIRECTION('',(2.218466246817E-16,-0.99910837625,
    4.221910121493E-02));
#4104 = ADVANCED_FACE('',(#4105),#4123,.F.);
#4105 = FACE_BOUND('',#4106,.F.);
#4106 = EDGE_LOOP('',(#4107,#4115,#4121,#4122));
#4107 = ORIENTED_EDGE('',*,*,#4108,.T.);
#4108 = EDGE_CURVE('',#2776,#4109,#4111,.T.);
#4109 = VERTEX_POINT('',#4110);
#4110 = CARTESIAN_POINT('',(-36.5,1.545062676205,16.559187674764));
#4111 = LINE('',#4112,#4113);
#4112 = CARTESIAN_POINT('',(-38.5,1.545062676205,16.559187674764));
#4113 = VECTOR('',#4114,1.);
#4114 = DIRECTION('',(1.,0.,-2.22044604925E-16));
#4115 = ORIENTED_EDGE('',*,*,#4116,.T.);
#4116 = EDGE_CURVE('',#4109,#4085,#4117,.T.);
#4117 = LINE('',#4118,#4119);
#4118 = CARTESIAN_POINT('',(-36.5,1.545062676205,16.559187674764));
#4119 = VECTOR('',#4120,1.);
#4120 = DIRECTION('',(2.20264900392E-16,-0.991984923328,0.126356289474)
  );
#4121 = ORIENTED_EDGE('',*,*,#4084,.F.);
#4122 = ORIENTED_EDGE('',*,*,#2783,.F.);
#4123 = PLANE('',#4124);
#4124 = AXIS2_PLACEMENT_3D('',#4125,#4126,#4127);
#4125 = CARTESIAN_POINT('',(-38.5,1.545062676205,16.559187674764));
#4126 = DIRECTION('',(2.805673237594E-17,-0.126356289474,-0.991984923328
    ));
#4127 = DIRECTION('',(2.20264900392E-16,-0.991984923328,0.126356289474)
  );
#4128 = ADVANCED_FACE('',(#4129),#4147,.F.);
#4129 = FACE_BOUND('',#4130,.F.);
#4130 = EDGE_LOOP('',(#4131,#4139,#4145,#4146));
#4131 = ORIENTED_EDGE('',*,*,#4132,.T.);
#4132 = EDGE_CURVE('',#2768,#4133,#4135,.T.);
#4133 = VERTEX_POINT('',#4134);
#4134 = CARTESIAN_POINT('',(-36.5,2.303814157225,16.396546539471));
#4135 = LINE('',#4136,#4137);
#4136 = CARTESIAN_POINT('',(-38.5,2.303814157225,16.396546539471));
#4137 = VECTOR('',#4138,1.);
#4138 = DIRECTION('',(1.,0.,-2.22044604925E-16));
#4139 = ORIENTED_EDGE('',*,*,#4140,.T.);
#4140 = EDGE_CURVE('',#4133,#4109,#4141,.T.);
#4141 = LINE('',#4142,#4143);
#4142 = CARTESIAN_POINT('',(-36.5,2.303814157225,16.396546539471));
#4143 = VECTOR('',#4144,1.);
#4144 = DIRECTION('',(2.171127292063E-16,-0.977788806351,0.209592581392)
  );
#4145 = ORIENTED_EDGE('',*,*,#4108,.F.);
#4146 = ORIENTED_EDGE('',*,*,#2775,.F.);
#4147 = PLANE('',#4148);
#4148 = AXIS2_PLACEMENT_3D('',#4149,#4150,#4151);
#4149 = CARTESIAN_POINT('',(-38.5,2.303814157225,16.396546539471));
#4150 = DIRECTION('',(4.653890193043E-17,-0.209592581392,-0.977788806351
    ));
#4151 = DIRECTION('',(2.171127292063E-16,-0.977788806351,0.209592581392)
  );
#4152 = ADVANCED_FACE('',(#4153),#4171,.F.);
#4153 = FACE_BOUND('',#4154,.F.);
#4154 = EDGE_LOOP('',(#4155,#4163,#4169,#4170));
#4155 = ORIENTED_EDGE('',*,*,#4156,.T.);
#4156 = EDGE_CURVE('',#2760,#4157,#4159,.T.);
#4157 = VERTEX_POINT('',#4158);
#4158 = CARTESIAN_POINT('',(-36.5,3.046139880961,16.170474717431));
#4159 = LINE('',#4160,#4161);
#4160 = CARTESIAN_POINT('',(-38.5,3.046139880961,16.170474717431));
#4161 = VECTOR('',#4162,1.);
#4162 = DIRECTION('',(1.,0.,-2.22044604925E-16));
#4163 = ORIENTED_EDGE('',*,*,#4164,.T.);
#4164 = EDGE_CURVE('',#4157,#4133,#4165,.T.);
#4165 = LINE('',#4166,#4167);
#4166 = CARTESIAN_POINT('',(-36.5,3.046139880961,16.170474717431));
#4167 = VECTOR('',#4168,1.);
#4168 = DIRECTION('',(2.124125855064E-16,-0.956621240936,0.291334518022)
  );
#4169 = ORIENTED_EDGE('',*,*,#4132,.F.);
#4170 = ORIENTED_EDGE('',*,*,#2767,.F.);
#4171 = PLANE('',#4172);
#4172 = AXIS2_PLACEMENT_3D('',#4173,#4174,#4175);
#4173 = CARTESIAN_POINT('',(-38.5,3.046139880961,16.170474717431));
#4174 = DIRECTION('',(6.468925795517E-17,-0.291334518022,-0.956621240936
    ));
#4175 = DIRECTION('',(2.124125855064E-16,-0.956621240936,0.291334518022)
  );
#4176 = ADVANCED_FACE('',(#4177),#4195,.F.);
#4177 = FACE_BOUND('',#4178,.F.);
#4178 = EDGE_LOOP('',(#4179,#4187,#4193,#4194));
#4179 = ORIENTED_EDGE('',*,*,#4180,.T.);
#4180 = EDGE_CURVE('',#2752,#4181,#4183,.T.);
#4181 = VERTEX_POINT('',#4182);
#4182 = CARTESIAN_POINT('',(-36.5,3.766747206022,15.882584057791));
#4183 = LINE('',#4184,#4185);
#4184 = CARTESIAN_POINT('',(-38.5,3.766747206022,15.882584057791));
#4185 = VECTOR('',#4186,1.);
#4186 = DIRECTION('',(1.,0.,-2.22044604925E-16));
#4187 = ORIENTED_EDGE('',*,*,#4188,.T.);
#4188 = EDGE_CURVE('',#4181,#4157,#4189,.T.);
#4189 = LINE('',#4190,#4191);
#4190 = CARTESIAN_POINT('',(-36.5,3.766747206022,15.882584057791));
#4191 = VECTOR('',#4192,1.);
#4192 = DIRECTION('',(2.06197980424E-16,-0.928633147802,0.370999294883)
  );
#4193 = ORIENTED_EDGE('',*,*,#4156,.F.);
#4194 = ORIENTED_EDGE('',*,*,#2759,.F.);
#4195 = PLANE('',#4196);
#4196 = AXIS2_PLACEMENT_3D('',#4197,#4198,#4199);
#4197 = CARTESIAN_POINT('',(-38.5,3.766747206022,15.882584057791));
#4198 = DIRECTION('',(8.237839185974E-17,-0.370999294883,-0.928633147802
    ));
#4199 = DIRECTION('',(2.06197980424E-16,-0.928633147802,0.370999294883)
  );
#4200 = ADVANCED_FACE('',(#4201),#4219,.F.);
#4201 = FACE_BOUND('',#4202,.F.);
#4202 = EDGE_LOOP('',(#4203,#4211,#4217,#4218));
#4203 = ORIENTED_EDGE('',*,*,#4204,.T.);
#4204 = EDGE_CURVE('',#2744,#4205,#4207,.T.);
#4205 = VERTEX_POINT('',#4206);
#4206 = CARTESIAN_POINT('',(-36.5,4.460498339075,15.534927166261));
#4207 = LINE('',#4208,#4209);
#4208 = CARTESIAN_POINT('',(-38.5,4.460498339075,15.534927166261));
#4209 = VECTOR('',#4210,1.);
#4210 = DIRECTION('',(1.,0.,-2.22044604925E-16));
#4211 = ORIENTED_EDGE('',*,*,#4212,.T.);
#4212 = EDGE_CURVE('',#4205,#4181,#4213,.T.);
#4213 = LINE('',#4214,#4215);
#4214 = CARTESIAN_POINT('',(-36.5,4.460498339075,15.534927166261));
#4215 = VECTOR('',#4216,1.);
#4216 = DIRECTION('',(1.985132229126E-16,-0.894024076737,0.44801891725)
  );
#4217 = ORIENTED_EDGE('',*,*,#4180,.F.);
#4218 = ORIENTED_EDGE('',*,*,#2751,.F.);
#4219 = PLANE('',#4220);
#4220 = AXIS2_PLACEMENT_3D('',#4221,#4222,#4223);
#4221 = CARTESIAN_POINT('',(-38.5,4.460498339075,15.534927166261));
#4222 = DIRECTION('',(9.94801834798E-17,-0.44801891725,-0.894024076737)
  );
#4223 = DIRECTION('',(1.985132229126E-16,-0.894024076737,0.44801891725)
  );
#4224 = ADVANCED_FACE('',(#4225),#4243,.F.);
#4225 = FACE_BOUND('',#4226,.F.);
#4226 = EDGE_LOOP('',(#4227,#4235,#4241,#4242));
#4227 = ORIENTED_EDGE('',*,*,#4228,.T.);
#4228 = EDGE_CURVE('',#2736,#4229,#4231,.T.);
#4229 = VERTEX_POINT('',#4230);
#4230 = CARTESIAN_POINT('',(-36.5,5.122446966332,15.129982770434));
#4231 = LINE('',#4232,#4233);
#4232 = CARTESIAN_POINT('',(-38.5,5.122446966332,15.129982770434));
#4233 = VECTOR('',#4234,1.);
#4234 = DIRECTION('',(1.,0.,-2.22044604925E-16));
#4235 = ORIENTED_EDGE('',*,*,#4236,.T.);
#4236 = EDGE_CURVE('',#4229,#4205,#4237,.T.);
#4237 = LINE('',#4238,#4239);
#4238 = CARTESIAN_POINT('',(-36.5,5.122446966332,15.129982770434));
#4239 = VECTOR('',#4240,1.);
#4240 = DIRECTION('',(1.894131038335E-16,-0.853040783844,0.521844249848)
  );
#4241 = ORIENTED_EDGE('',*,*,#4204,.F.);
#4242 = ORIENTED_EDGE('',*,*,#2743,.F.);
#4243 = PLANE('',#4244);
#4244 = AXIS2_PLACEMENT_3D('',#4245,#4246,#4247);
#4245 = CARTESIAN_POINT('',(-38.5,5.122446966332,15.129982770434));
#4246 = DIRECTION('',(1.158727002899E-16,-0.521844249848,-0.853040783844
    ));
#4247 = DIRECTION('',(1.894131038335E-16,-0.853040783844,0.521844249848)
  );
#4248 = ADVANCED_FACE('',(#4249),#4267,.F.);
#4249 = FACE_BOUND('',#4250,.F.);
#4250 = EDGE_LOOP('',(#4251,#4259,#4265,#4266));
#4251 = ORIENTED_EDGE('',*,*,#4252,.T.);
#4252 = EDGE_CURVE('',#2728,#4253,#4255,.T.);
#4253 = VERTEX_POINT('',#4254);
#4254 = CARTESIAN_POINT('',(-36.5,5.747873519833,14.670638046924));
#4255 = LINE('',#4256,#4257);
#4256 = CARTESIAN_POINT('',(-38.5,5.747873519833,14.670638046924));
#4257 = VECTOR('',#4258,1.);
#4258 = DIRECTION('',(1.,0.,-2.22044604925E-16));
#4259 = ORIENTED_EDGE('',*,*,#4260,.T.);
#4260 = EDGE_CURVE('',#4253,#4229,#4261,.T.);
#4261 = LINE('',#4262,#4263);
#4262 = CARTESIAN_POINT('',(-36.5,5.747873519833,14.670638046924));
#4263 = VECTOR('',#4264,1.);
#4264 = DIRECTION('',(1.789625053069E-16,-0.805975472214,0.59194893208)
  );
#4265 = ORIENTED_EDGE('',*,*,#4228,.F.);
#4266 = ORIENTED_EDGE('',*,*,#2735,.F.);
#4267 = PLANE('',#4268);
#4268 = AXIS2_PLACEMENT_3D('',#4269,#4270,#4271);
#4269 = CARTESIAN_POINT('',(-38.5,5.747873519833,14.670638046924));
#4270 = DIRECTION('',(1.314390667594E-16,-0.59194893208,-0.805975472214)
  );
#4271 = DIRECTION('',(1.789625053069E-16,-0.805975472214,0.59194893208)
  );
#4272 = ADVANCED_FACE('',(#4273),#4291,.F.);
#4273 = FACE_BOUND('',#4274,.F.);
#4274 = EDGE_LOOP('',(#4275,#4283,#4289,#4290));
#4275 = ORIENTED_EDGE('',*,*,#4276,.T.);
#4276 = EDGE_CURVE('',#2720,#4277,#4279,.T.);
#4277 = VERTEX_POINT('',#4278);
#4278 = CARTESIAN_POINT('',(-36.5,6.332318827064,14.16016803635));
#4279 = LINE('',#4280,#4281);
#4280 = CARTESIAN_POINT('',(-38.5,6.332318827064,14.16016803635));
#4281 = VECTOR('',#4282,1.);
#4282 = DIRECTION('',(1.,0.,-2.22044604925E-16));
#4283 = ORIENTED_EDGE('',*,*,#4284,.T.);
#4284 = EDGE_CURVE('',#4277,#4253,#4285,.T.);
#4285 = LINE('',#4286,#4287);
#4286 = CARTESIAN_POINT('',(-36.5,6.332318827064,14.16016803635));
#4287 = VECTOR('',#4288,1.);
#4288 = DIRECTION('',(1.672359381151E-16,-0.753163708578,0.657833130878)
  );
#4289 = ORIENTED_EDGE('',*,*,#4252,.F.);
#4290 = ORIENTED_EDGE('',*,*,#2727,.F.);
#4291 = PLANE('',#4292);
#4292 = AXIS2_PLACEMENT_3D('',#4293,#4294,#4295);
#4293 = CARTESIAN_POINT('',(-38.5,6.332318827064,14.16016803635));
#4294 = DIRECTION('',(1.460682976524E-16,-0.657833130878,-0.753163708578
    ));
#4295 = DIRECTION('',(1.672359381151E-16,-0.753163708578,0.657833130878)
  );
#4296 = ADVANCED_FACE('',(#4297),#4315,.F.);
#4297 = FACE_BOUND('',#4298,.F.);
#4298 = EDGE_LOOP('',(#4299,#4307,#4313,#4314));
#4299 = ORIENTED_EDGE('',*,*,#4300,.T.);
#4300 = EDGE_CURVE('',#2712,#4301,#4303,.T.);
#4301 = VERTEX_POINT('',#4302);
#4302 = CARTESIAN_POINT('',(-36.5,6.87161590401,13.602212292911));
#4303 = LINE('',#4304,#4305);
#4304 = CARTESIAN_POINT('',(-38.5,6.87161590401,13.602212292911));
#4305 = VECTOR('',#4306,1.);
#4306 = DIRECTION('',(1.,0.,-2.22044604925E-16));
#4307 = ORIENTED_EDGE('',*,*,#4308,.T.);
#4308 = EDGE_CURVE('',#4301,#4277,#4309,.T.);
#4309 = LINE('',#4310,#4311);
#4310 = CARTESIAN_POINT('',(-36.5,6.87161590401,13.602212292911));
#4311 = VECTOR('',#4312,1.);
#4312 = DIRECTION('',(1.543170104544E-16,-0.694982030779,0.719027104422)
  );
#4313 = ORIENTED_EDGE('',*,*,#4276,.F.);
#4314 = ORIENTED_EDGE('',*,*,#2719,.F.);
#4315 = PLANE('',#4316);
#4316 = AXIS2_PLACEMENT_3D('',#4317,#4318,#4319);
#4317 = CARTESIAN_POINT('',(-38.5,6.87161590401,13.602212292911));
#4318 = DIRECTION('',(1.596560893318E-16,-0.719027104422,-0.694982030779
    ));
#4319 = DIRECTION('',(1.543170104544E-16,-0.694982030779,0.719027104422)
  );
#4320 = ADVANCED_FACE('',(#4321),#4339,.F.);
#4321 = FACE_BOUND('',#4322,.F.);
#4322 = EDGE_LOOP('',(#4323,#4331,#4337,#4338));
#4323 = ORIENTED_EDGE('',*,*,#4324,.T.);
#4324 = EDGE_CURVE('',#2704,#4325,#4327,.T.);
#4325 = VERTEX_POINT('',#4326);
#4326 = CARTESIAN_POINT('',(-36.5,7.361919664965,13.000748935063));
#4327 = LINE('',#4328,#4329);
#4328 = CARTESIAN_POINT('',(-38.5,7.361919664965,13.000748935063));
#4329 = VECTOR('',#4330,1.);
#4330 = DIRECTION('',(1.,0.,-2.22044604925E-16));
#4331 = ORIENTED_EDGE('',*,*,#4332,.T.);
#4332 = EDGE_CURVE('',#4325,#4301,#4333,.T.);
#4333 = LINE('',#4334,#4335);
#4334 = CARTESIAN_POINT('',(-36.5,7.361919664965,13.000748935063));
#4335 = VECTOR('',#4336,1.);
#4336 = DIRECTION('',(1.402978318249E-16,-0.631845263127,0.775094551306)
  );
#4337 = ORIENTED_EDGE('',*,*,#4300,.F.);
#4338 = ORIENTED_EDGE('',*,*,#2711,.F.);
#4339 = PLANE('',#4340);
#4340 = AXIS2_PLACEMENT_3D('',#4341,#4342,#4343);
#4341 = CARTESIAN_POINT('',(-38.5,7.361919664965,13.000748935063));
#4342 = DIRECTION('',(1.721055634242E-16,-0.775094551306,-0.631845263127
    ));
#4343 = DIRECTION('',(1.402978318249E-16,-0.631845263127,0.775094551306)
  );
#4344 = ADVANCED_FACE('',(#4345),#4363,.F.);
#4345 = FACE_BOUND('',#4346,.F.);
#4346 = EDGE_LOOP('',(#4347,#4355,#4361,#4362));
#4347 = ORIENTED_EDGE('',*,*,#4348,.T.);
#4348 = EDGE_CURVE('',#2696,#4349,#4351,.T.);
#4349 = VERTEX_POINT('',#4350);
#4350 = CARTESIAN_POINT('',(-36.5,7.799734337256,12.360066282288));
#4351 = LINE('',#4352,#4353);
#4352 = CARTESIAN_POINT('',(-38.5,7.799734337256,12.360066282288));
#4353 = VECTOR('',#4354,1.);
#4354 = DIRECTION('',(1.,0.,-2.22044604925E-16));
#4355 = ORIENTED_EDGE('',*,*,#4356,.T.);
#4356 = EDGE_CURVE('',#4349,#4325,#4357,.T.);
#4357 = LINE('',#4358,#4359);
#4358 = CARTESIAN_POINT('',(-36.5,7.799734337256,12.360066282288));
#4359 = VECTOR('',#4360,1.);
#4360 = DIRECTION('',(1.252783563068E-16,-0.564203558781,0.825635721283)
  );
#4361 = ORIENTED_EDGE('',*,*,#4324,.F.);
#4362 = ORIENTED_EDGE('',*,*,#2703,.F.);
#4363 = PLANE('',#4364);
#4364 = AXIS2_PLACEMENT_3D('',#4365,#4366,#4367);
#4365 = CARTESIAN_POINT('',(-38.5,7.799734337256,12.360066282288));
#4366 = DIRECTION('',(1.833279575443E-16,-0.825635721283,-0.564203558781
    ));
#4367 = DIRECTION('',(1.252783563068E-16,-0.564203558781,0.825635721283)
  );
#4368 = ADVANCED_FACE('',(#4369),#4387,.F.);
#4369 = FACE_BOUND('',#4370,.F.);
#4370 = EDGE_LOOP('',(#4371,#4379,#4385,#4386));
#4371 = ORIENTED_EDGE('',*,*,#4372,.T.);
#4372 = EDGE_CURVE('',#2688,#4373,#4375,.T.);
#4373 = VERTEX_POINT('',#4374);
#4374 = CARTESIAN_POINT('',(-36.5,8.181938385441,11.684732280189));
#4375 = LINE('',#4376,#4377);
#4376 = CARTESIAN_POINT('',(-38.5,8.181938385441,11.684732280189));
#4377 = VECTOR('',#4378,1.);
#4378 = DIRECTION('',(1.,0.,-2.22044604925E-16));
#4379 = ORIENTED_EDGE('',*,*,#4380,.T.);
#4380 = EDGE_CURVE('',#4373,#4349,#4381,.T.);
#4381 = LINE('',#4382,#4383);
#4382 = CARTESIAN_POINT('',(-36.5,8.181938385441,11.684732280189));
#4383 = VECTOR('',#4384,1.);
#4384 = DIRECTION('',(1.093656699075E-16,-0.492539190243,0.870290265414)
  );
#4385 = ORIENTED_EDGE('',*,*,#4348,.F.);
#4386 = ORIENTED_EDGE('',*,*,#2695,.F.);
#4387 = PLANE('',#4388);
#4388 = AXIS2_PLACEMENT_3D('',#4389,#4390,#4391);
#4389 = CARTESIAN_POINT('',(-38.5,8.181938385441,11.684732280189));
#4390 = DIRECTION('',(1.932432581541E-16,-0.870290265414,-0.492539190243
    ));
#4391 = DIRECTION('',(1.093656699075E-16,-0.492539190243,0.870290265414)
  );
#4392 = ADVANCED_FACE('',(#4393),#4411,.F.);
#4393 = FACE_BOUND('',#4394,.F.);
#4394 = EDGE_LOOP('',(#4395,#4403,#4409,#4410));
#4395 = ORIENTED_EDGE('',*,*,#4396,.T.);
#4396 = EDGE_CURVE('',#2680,#4397,#4399,.T.);
#4397 = VERTEX_POINT('',#4398);
#4398 = CARTESIAN_POINT('',(-36.5,8.505806767263,10.979561931907));
#4399 = LINE('',#4400,#4401);
#4400 = CARTESIAN_POINT('',(-38.5,8.505806767263,10.979561931907));
#4401 = VECTOR('',#4402,1.);
#4402 = DIRECTION('',(1.,0.,-2.22044604925E-16));
#4403 = ORIENTED_EDGE('',*,*,#4404,.T.);
#4404 = EDGE_CURVE('',#4397,#4373,#4405,.T.);
#4405 = LINE('',#4406,#4407);
#4406 = CARTESIAN_POINT('',(-36.5,8.505806767263,10.979561931907));
#4407 = VECTOR('',#4408,1.);
#4408 = DIRECTION('',(9.267322705798E-17,-0.417363110846,0.908739805283)
  );
#4409 = ORIENTED_EDGE('',*,*,#4372,.F.);
#4410 = ORIENTED_EDGE('',*,*,#2687,.F.);
#4411 = PLANE('',#4412);
#4412 = AXIS2_PLACEMENT_3D('',#4413,#4414,#4415);
#4413 = CARTESIAN_POINT('',(-38.5,8.505806767263,10.979561931907));
#4414 = DIRECTION('',(2.017807710437E-16,-0.908739805283,-0.417363110846
    ));
#4415 = DIRECTION('',(9.267322705798E-17,-0.417363110846,0.908739805283)
  );
#4416 = ADVANCED_FACE('',(#4417),#4435,.F.);
#4417 = FACE_BOUND('',#4418,.F.);
#4418 = EDGE_LOOP('',(#4419,#4427,#4433,#4434));
#4419 = ORIENTED_EDGE('',*,*,#4420,.T.);
#4420 = EDGE_CURVE('',#2672,#4421,#4423,.T.);
#4421 = VERTEX_POINT('',#4422);
#4422 = CARTESIAN_POINT('',(-36.5,8.769030362687,10.249582968065));
#4423 = LINE('',#4424,#4425);
#4424 = CARTESIAN_POINT('',(-38.5,8.769030362687,10.249582968065));
#4425 = VECTOR('',#4426,1.);
#4426 = DIRECTION('',(1.,0.,-2.22044604925E-16));
#4427 = ORIENTED_EDGE('',*,*,#4428,.T.);
#4428 = EDGE_CURVE('',#4421,#4397,#4429,.T.);
#4429 = LINE('',#4430,#4431);
#4430 = CARTESIAN_POINT('',(-36.5,8.769030362687,10.249582968065));
#4431 = VECTOR('',#4432,1.);
#4432 = DIRECTION('',(7.53200417047E-17,-0.339211311755,0.940710202973)
  );
#4433 = ORIENTED_EDGE('',*,*,#4396,.F.);
#4434 = ORIENTED_EDGE('',*,*,#2679,.F.);
#4435 = PLANE('',#4436);
#4436 = AXIS2_PLACEMENT_3D('',#4437,#4438,#4439);
#4437 = CARTESIAN_POINT('',(-38.5,8.769030362687,10.249582968065));
#4438 = DIRECTION('',(2.088796253681E-16,-0.940710202973,-0.339211311755
    ));
#4439 = DIRECTION('',(7.53200417047E-17,-0.339211311755,0.940710202973)
  );
#4440 = ADVANCED_FACE('',(#4441),#4459,.F.);
#4441 = FACE_BOUND('',#4442,.F.);
#4442 = EDGE_LOOP('',(#4443,#4451,#4457,#4458));
#4443 = ORIENTED_EDGE('',*,*,#4444,.T.);
#4444 = EDGE_CURVE('',#2664,#4445,#4447,.T.);
#4445 = VERTEX_POINT('',#4446);
#4446 = CARTESIAN_POINT('',(-36.5,8.969732437481,9.5));
#4447 = LINE('',#4448,#4449);
#4448 = CARTESIAN_POINT('',(-38.5,8.969732437481,9.5));
#4449 = VECTOR('',#4450,1.);
#4450 = DIRECTION('',(1.,0.,-2.22044604925E-16));
#4451 = ORIENTED_EDGE('',*,*,#4452,.T.);
#4452 = EDGE_CURVE('',#4445,#4421,#4453,.T.);
#4453 = LINE('',#4454,#4455);
#4454 = CARTESIAN_POINT('',(-36.5,8.969732437481,9.5));
#4455 = VECTOR('',#4456,1.);
#4456 = DIRECTION('',(5.742983876265E-17,-0.258641000451,0.965973515623)
  );
#4457 = ORIENTED_EDGE('',*,*,#4420,.F.);
#4458 = ORIENTED_EDGE('',*,*,#2671,.F.);
#4459 = PLANE('',#4460);
#4460 = AXIS2_PLACEMENT_3D('',#4461,#4462,#4463);
#4461 = CARTESIAN_POINT('',(-38.5,8.969732437481,9.5));
#4462 = DIRECTION('',(2.144892076446E-16,-0.965973515623,-0.258641000451
    ));
#4463 = DIRECTION('',(5.742983876265E-17,-0.258641000451,0.965973515623)
  );
#4464 = ADVANCED_FACE('',(#4465),#4769,.F.);
#4465 = FACE_BOUND('',#4466,.F.);
#4466 = EDGE_LOOP('',(#4467,#4475,#4483,#4491,#4499,#4507,#4515,#4523,
    #4531,#4539,#4547,#4555,#4563,#4571,#4579,#4587,#4595,#4603,#4611,
    #4619,#4627,#4635,#4643,#4651,#4659,#4667,#4675,#4683,#4691,#4699,
    #4707,#4715,#4723,#4731,#4737,#4738,#4739,#4740,#4741,#4742,#4743,
    #4744,#4745,#4746,#4747,#4748,#4749,#4750,#4751,#4752,#4753,#4754,
    #4755,#4756,#4757,#4758,#4759,#4760,#4761,#4762,#4763,#4764,#4765,
    #4766,#4767,#4768));
#4467 = ORIENTED_EDGE('',*,*,#4468,.T.);
#4468 = EDGE_CURVE('',#4445,#4469,#4471,.T.);
#4469 = VERTEX_POINT('',#4470);
#4470 = CARTESIAN_POINT('',(-36.5,9.993749296435,9.5));
#4471 = LINE('',#4472,#4473);
#4472 = CARTESIAN_POINT('',(-36.5,-9.993749296435,9.5));
#4473 = VECTOR('',#4474,1.);
#4474 = DIRECTION('',(-2.22044604925E-16,1.,0.));
#4475 = ORIENTED_EDGE('',*,*,#4476,.T.);
#4476 = EDGE_CURVE('',#4469,#4477,#4479,.T.);
#4477 = VERTEX_POINT('',#4478);
#4478 = CARTESIAN_POINT('',(-36.5,9.76542350219,10.330739341253));
#4479 = LINE('',#4480,#4481);
#4480 = CARTESIAN_POINT('',(-36.5,9.993749296435,9.5));
#4481 = VECTOR('',#4482,1.);
#4482 = DIRECTION('',(5.884601001291E-17,-0.265018868766,0.964243226161)
  );
#4483 = ORIENTED_EDGE('',*,*,#4484,.T.);
#4484 = EDGE_CURVE('',#4477,#4485,#4487,.T.);
#4485 = VERTEX_POINT('',#4486);
#4486 = CARTESIAN_POINT('',(-36.5,9.468172812614,11.139381752317));
#4487 = LINE('',#4488,#4489);
#4488 = CARTESIAN_POINT('',(-36.5,9.76542350219,10.330739341253));
#4489 = VECTOR('',#4490,1.);
#4490 = DIRECTION('',(7.660990346273E-17,-0.345020332688,0.938595210957)
  );
#4491 = ORIENTED_EDGE('',*,*,#4492,.T.);
#4492 = EDGE_CURVE('',#4485,#4493,#4495,.T.);
#4493 = VERTEX_POINT('',#4494);
#4494 = CARTESIAN_POINT('',(-36.5,9.104095239396,11.920219790647));
#4495 = LINE('',#4496,#4497);
#4496 = CARTESIAN_POINT('',(-36.5,9.468172812614,11.139381752317));
#4497 = VECTOR('',#4498,1.);
#4498 = DIRECTION('',(9.3833080007E-17,-0.422586624155,0.906322539213));
#4499 = ORIENTED_EDGE('',*,*,#4500,.T.);
#4500 = EDGE_CURVE('',#4493,#4501,#4503,.T.);
#4501 = VERTEX_POINT('',#4502);
#4502 = CARTESIAN_POINT('',(-36.5,8.675760462041,12.667742258491));
#4503 = LINE('',#4504,#4505);
#4504 = CARTESIAN_POINT('',(-36.5,9.104095239396,11.920219790647));
#4505 = VECTOR('',#4506,1.);
#4506 = DIRECTION('',(1.103939775199E-16,-0.497170276023,0.867652993218)
  );
#4507 = ORIENTED_EDGE('',*,*,#4508,.T.);
#4508 = EDGE_CURVE('',#4501,#4509,#4511,.T.);
#4509 = VERTEX_POINT('',#4510);
#4510 = CARTESIAN_POINT('',(-36.5,8.186191690929,13.376673101223));
#4511 = LINE('',#4512,#4513);
#4512 = CARTESIAN_POINT('',(-36.5,8.675760462041,12.667742258491));
#4513 = VECTOR('',#4514,1.);
#4514 = DIRECTION('',(1.261757082773E-16,-0.568244872781,0.82285950475)
  );
#4515 = ORIENTED_EDGE('',*,*,#4516,.T.);
#4516 = EDGE_CURVE('',#4509,#4517,#4519,.T.);
#4517 = VERTEX_POINT('',#4518);
#4518 = CARTESIAN_POINT('',(-36.5,7.63884432933,14.042008646023));
#4519 = LINE('',#4520,#4521);
#4520 = CARTESIAN_POINT('',(-36.5,8.186191690929,13.376673101223));
#4521 = VECTOR('',#4522,1.);
#4522 = DIRECTION('',(1.41066883957E-16,-0.635308766023,0.772258228713)
  );
#4523 = ORIENTED_EDGE('',*,*,#4524,.T.);
#4524 = EDGE_CURVE('',#4517,#4525,#4527,.T.);
#4525 = VERTEX_POINT('',#4526);
#4526 = CARTESIAN_POINT('',(-36.5,7.03758158498,14.659052918082));
#4527 = LINE('',#4528,#4529);
#4528 = CARTESIAN_POINT('',(-36.5,7.63884432933,14.042008646023));
#4529 = VECTOR('',#4530,1.);
#4530 = DIRECTION('',(1.549624018232E-16,-0.697888615108,0.716206311689)
  );
#4531 = ORIENTED_EDGE('',*,*,#4532,.T.);
#4532 = EDGE_CURVE('',#4525,#4533,#4535,.T.);
#4533 = VERTEX_POINT('',#4534);
#4534 = CARTESIAN_POINT('',(-36.5,6.386647203345,15.223450785043));
#4535 = LINE('',#4536,#4537);
#4536 = CARTESIAN_POINT('',(-36.5,7.03758158498,14.659052918082));
#4537 = VECTOR('',#4538,1.);
#4538 = DIRECTION('',(1.677641865479E-16,-0.755542728023,0.655099371188)
  );
#4539 = ORIENTED_EDGE('',*,*,#4540,.T.);
#4540 = EDGE_CURVE('',#4533,#4541,#4543,.T.);
#4541 = VERTEX_POINT('',#4542);
#4542 = CARTESIAN_POINT('',(-36.5,5.690635515037,15.731218695767));
#4543 = LINE('',#4544,#4545);
#4544 = CARTESIAN_POINT('',(-36.5,6.386647203345,15.223450785043));
#4545 = VECTOR('',#4546,1.);
#4546 = DIRECTION('',(1.793818824314E-16,-0.807864178875,0.589368703352)
  );
#4547 = ORIENTED_EDGE('',*,*,#4548,.T.);
#4548 = EDGE_CURVE('',#4541,#4549,#4551,.T.);
#4549 = VERTEX_POINT('',#4550);
#4550 = CARTESIAN_POINT('',(-36.5,4.95445900877,16.178772796458));
#4551 = LINE('',#4552,#4553);
#4552 = CARTESIAN_POINT('',(-36.5,5.690635515037,15.731218695767));
#4553 = VECTOR('',#4554,1.);
#4554 = DIRECTION('',(1.897334911382E-16,-0.85448367999,0.519478238843)
  );
#4555 = ORIENTED_EDGE('',*,*,#4556,.T.);
#4556 = EDGE_CURVE('',#4549,#4557,#4559,.T.);
#4557 = VERTEX_POINT('',#4558);
#4558 = CARTESIAN_POINT('',(-36.5,4.183313658754,16.562954225696));
#4559 = LINE('',#4560,#4561);
#4560 = CARTESIAN_POINT('',(-36.5,4.95445900877,16.178772796458));
#4561 = VECTOR('',#4562,1.);
#4562 = DIRECTION('',(1.987459504456E-16,-0.895072188368,0.445921268398)
  );
#4563 = ORIENTED_EDGE('',*,*,#4564,.T.);
#4564 = EDGE_CURVE('',#4557,#4565,#4567,.T.);
#4565 = VERTEX_POINT('',#4566);
#4566 = CARTESIAN_POINT('',(-36.5,3.382642251213,16.881051409858));
#4567 = LINE('',#4568,#4569);
#4568 = CARTESIAN_POINT('',(-36.5,4.183313658754,16.562954225696));
#4569 = VECTOR('',#4570,1.);
#4570 = DIRECTION('',(2.06355649921E-16,-0.92934322809,0.369216961154));
#4571 = ORIENTED_EDGE('',*,*,#4572,.T.);
#4572 = EDGE_CURVE('',#4565,#4573,#4575,.T.);
#4573 = VERTEX_POINT('',#4574);
#4574 = CARTESIAN_POINT('',(-36.5,2.558095968912,17.130819201548));
#4575 = LINE('',#4576,#4577);
#4576 = CARTESIAN_POINT('',(-36.5,3.382642251213,16.881051409858));
#4577 = VECTOR('',#4578,1.);
#4578 = DIRECTION('',(2.125088798875E-16,-0.957054912274,0.289906700323)
  );
#4579 = ORIENTED_EDGE('',*,*,#4580,.T.);
#4580 = EDGE_CURVE('',#4573,#4581,#4583,.T.);
#4581 = VERTEX_POINT('',#4582);
#4582 = CARTESIAN_POINT('',(-36.5,1.715494504787,17.310494725979));
#4583 = LINE('',#4584,#4585);
#4584 = CARTESIAN_POINT('',(-36.5,2.558095968912,17.130819201548));
#4585 = VECTOR('',#4586,1.);
#4586 = DIRECTION('',(2.171622105102E-16,-0.978011650332,0.208550262081)
  );
#4587 = ORIENTED_EDGE('',*,*,#4588,.T.);
#4588 = EDGE_CURVE('',#4581,#4589,#4591,.T.);
#4589 = VERTEX_POINT('',#4590);
#4590 = CARTESIAN_POINT('',(-36.5,0.860784986244,17.418809823431));
#4591 = LINE('',#4592,#4593);
#4592 = CARTESIAN_POINT('',(-36.5,1.715494504787,17.310494725979));
#4593 = VECTOR('',#4594,1.);
#4594 = DIRECTION('',(2.202827983259E-16,-0.992065528457,0.125721864637)
  );
#4595 = ORIENTED_EDGE('',*,*,#4596,.T.);
#4596 = EDGE_CURVE('',#4589,#4597,#4599,.T.);
#4597 = VERTEX_POINT('',#4598);
#4598 = CARTESIAN_POINT('',(-36.5,-3.247850932704E-15,17.455));
#4599 = LINE('',#4600,#4601);
#4600 = CARTESIAN_POINT('',(-36.5,0.860784986244,17.418809823431));
#4601 = VECTOR('',#4602,1.);
#4602 = DIRECTION('',(2.218486180546E-16,-0.999117353603,
    4.200611536861E-02));
#4603 = ORIENTED_EDGE('',*,*,#4604,.T.);
#4604 = EDGE_CURVE('',#4597,#4605,#4607,.T.);
#4605 = VERTEX_POINT('',#4606);
#4606 = CARTESIAN_POINT('',(-36.5,-0.860784986244,17.418809823431));
#4607 = LINE('',#4608,#4609);
#4608 = CARTESIAN_POINT('',(-36.5,-3.247850932704E-15,17.455));
#4609 = VECTOR('',#4610,1.);
#4610 = DIRECTION('',(2.218486180546E-16,-0.999117353603,
    -4.200611536861E-02));
#4611 = ORIENTED_EDGE('',*,*,#4612,.T.);
#4612 = EDGE_CURVE('',#4605,#4613,#4615,.T.);
#4613 = VERTEX_POINT('',#4614);
#4614 = CARTESIAN_POINT('',(-36.5,-1.715494504787,17.310494725979));
#4615 = LINE('',#4616,#4617);
#4616 = CARTESIAN_POINT('',(-36.5,-0.860784986244,17.418809823431));
#4617 = VECTOR('',#4618,1.);
#4618 = DIRECTION('',(2.202827983259E-16,-0.992065528457,-0.125721864637
    ));
#4619 = ORIENTED_EDGE('',*,*,#4620,.T.);
#4620 = EDGE_CURVE('',#4613,#4621,#4623,.T.);
#4621 = VERTEX_POINT('',#4622);
#4622 = CARTESIAN_POINT('',(-36.5,-2.558095968912,17.130819201548));
#4623 = LINE('',#4624,#4625);
#4624 = CARTESIAN_POINT('',(-36.5,-1.715494504787,17.310494725979));
#4625 = VECTOR('',#4626,1.);
#4626 = DIRECTION('',(2.171622105102E-16,-0.978011650332,-0.208550262081
    ));
#4627 = ORIENTED_EDGE('',*,*,#4628,.T.);
#4628 = EDGE_CURVE('',#4621,#4629,#4631,.T.);
#4629 = VERTEX_POINT('',#4630);
#4630 = CARTESIAN_POINT('',(-36.5,-3.382642251213,16.881051409858));
#4631 = LINE('',#4632,#4633);
#4632 = CARTESIAN_POINT('',(-36.5,-2.558095968912,17.130819201548));
#4633 = VECTOR('',#4634,1.);
#4634 = DIRECTION('',(2.125088798875E-16,-0.957054912274,-0.289906700323
    ));
#4635 = ORIENTED_EDGE('',*,*,#4636,.T.);
#4636 = EDGE_CURVE('',#4629,#4637,#4639,.T.);
#4637 = VERTEX_POINT('',#4638);
#4638 = CARTESIAN_POINT('',(-36.5,-4.183313658754,16.562954225696));
#4639 = LINE('',#4640,#4641);
#4640 = CARTESIAN_POINT('',(-36.5,-3.382642251213,16.881051409858));
#4641 = VECTOR('',#4642,1.);
#4642 = DIRECTION('',(2.06355649921E-16,-0.92934322809,-0.369216961154)
  );
#4643 = ORIENTED_EDGE('',*,*,#4644,.T.);
#4644 = EDGE_CURVE('',#4637,#4645,#4647,.T.);
#4645 = VERTEX_POINT('',#4646);
#4646 = CARTESIAN_POINT('',(-36.5,-4.95445900877,16.178772796458));
#4647 = LINE('',#4648,#4649);
#4648 = CARTESIAN_POINT('',(-36.5,-4.183313658754,16.562954225696));
#4649 = VECTOR('',#4650,1.);
#4650 = DIRECTION('',(1.987459504456E-16,-0.895072188368,-0.445921268398
    ));
#4651 = ORIENTED_EDGE('',*,*,#4652,.T.);
#4652 = EDGE_CURVE('',#4645,#4653,#4655,.T.);
#4653 = VERTEX_POINT('',#4654);
#4654 = CARTESIAN_POINT('',(-36.5,-5.690635515037,15.731218695767));
#4655 = LINE('',#4656,#4657);
#4656 = CARTESIAN_POINT('',(-36.5,-4.95445900877,16.178772796458));
#4657 = VECTOR('',#4658,1.);
#4658 = DIRECTION('',(1.897334911382E-16,-0.85448367999,-0.519478238843)
  );
#4659 = ORIENTED_EDGE('',*,*,#4660,.T.);
#4660 = EDGE_CURVE('',#4653,#4661,#4663,.T.);
#4661 = VERTEX_POINT('',#4662);
#4662 = CARTESIAN_POINT('',(-36.5,-6.386647203345,15.223450785043));
#4663 = LINE('',#4664,#4665);
#4664 = CARTESIAN_POINT('',(-36.5,-5.690635515037,15.731218695767));
#4665 = VECTOR('',#4666,1.);
#4666 = DIRECTION('',(1.793818824314E-16,-0.807864178875,-0.589368703352
    ));
#4667 = ORIENTED_EDGE('',*,*,#4668,.T.);
#4668 = EDGE_CURVE('',#4661,#4669,#4671,.T.);
#4669 = VERTEX_POINT('',#4670);
#4670 = CARTESIAN_POINT('',(-36.5,-7.03758158498,14.659052918082));
#4671 = LINE('',#4672,#4673);
#4672 = CARTESIAN_POINT('',(-36.5,-6.386647203345,15.223450785043));
#4673 = VECTOR('',#4674,1.);
#4674 = DIRECTION('',(1.677641865479E-16,-0.755542728023,-0.655099371188
    ));
#4675 = ORIENTED_EDGE('',*,*,#4676,.T.);
#4676 = EDGE_CURVE('',#4669,#4677,#4679,.T.);
#4677 = VERTEX_POINT('',#4678);
#4678 = CARTESIAN_POINT('',(-36.5,-7.63884432933,14.042008646023));
#4679 = LINE('',#4680,#4681);
#4680 = CARTESIAN_POINT('',(-36.5,-7.03758158498,14.659052918082));
#4681 = VECTOR('',#4682,1.);
#4682 = DIRECTION('',(1.549624018232E-16,-0.697888615108,-0.716206311689
    ));
#4683 = ORIENTED_EDGE('',*,*,#4684,.T.);
#4684 = EDGE_CURVE('',#4677,#4685,#4687,.T.);
#4685 = VERTEX_POINT('',#4686);
#4686 = CARTESIAN_POINT('',(-36.5,-8.186191690929,13.376673101223));
#4687 = LINE('',#4688,#4689);
#4688 = CARTESIAN_POINT('',(-36.5,-7.63884432933,14.042008646023));
#4689 = VECTOR('',#4690,1.);
#4690 = DIRECTION('',(1.41066883957E-16,-0.635308766023,-0.772258228713)
  );
#4691 = ORIENTED_EDGE('',*,*,#4692,.T.);
#4692 = EDGE_CURVE('',#4685,#4693,#4695,.T.);
#4693 = VERTEX_POINT('',#4694);
#4694 = CARTESIAN_POINT('',(-36.5,-8.675760462041,12.667742258491));
#4695 = LINE('',#4696,#4697);
#4696 = CARTESIAN_POINT('',(-36.5,-8.186191690929,13.376673101223));
#4697 = VECTOR('',#4698,1.);
#4698 = DIRECTION('',(1.261757082773E-16,-0.568244872781,-0.82285950475)
  );
#4699 = ORIENTED_EDGE('',*,*,#4700,.T.);
#4700 = EDGE_CURVE('',#4693,#4701,#4703,.T.);
#4701 = VERTEX_POINT('',#4702);
#4702 = CARTESIAN_POINT('',(-36.5,-9.104095239396,11.920219790647));
#4703 = LINE('',#4704,#4705);
#4704 = CARTESIAN_POINT('',(-36.5,-8.675760462041,12.667742258491));
#4705 = VECTOR('',#4706,1.);
#4706 = DIRECTION('',(1.103939775199E-16,-0.497170276023,-0.867652993218
    ));
#4707 = ORIENTED_EDGE('',*,*,#4708,.T.);
#4708 = EDGE_CURVE('',#4701,#4709,#4711,.T.);
#4709 = VERTEX_POINT('',#4710);
#4710 = CARTESIAN_POINT('',(-36.5,-9.468172812614,11.139381752317));
#4711 = LINE('',#4712,#4713);
#4712 = CARTESIAN_POINT('',(-36.5,-9.104095239396,11.920219790647));
#4713 = VECTOR('',#4714,1.);
#4714 = DIRECTION('',(9.3833080007E-17,-0.422586624155,-0.906322539213)
  );
#4715 = ORIENTED_EDGE('',*,*,#4716,.T.);
#4716 = EDGE_CURVE('',#4709,#4717,#4719,.T.);
#4717 = VERTEX_POINT('',#4718);
#4718 = CARTESIAN_POINT('',(-36.5,-9.76542350219,10.330739341253));
#4719 = LINE('',#4720,#4721);
#4720 = CARTESIAN_POINT('',(-36.5,-9.468172812614,11.139381752317));
#4721 = VECTOR('',#4722,1.);
#4722 = DIRECTION('',(7.660990346273E-17,-0.345020332688,-0.938595210957
    ));
#4723 = ORIENTED_EDGE('',*,*,#4724,.T.);
#4724 = EDGE_CURVE('',#4717,#4725,#4727,.T.);
#4725 = VERTEX_POINT('',#4726);
#4726 = CARTESIAN_POINT('',(-36.5,-9.993749296435,9.5));
#4727 = LINE('',#4728,#4729);
#4728 = CARTESIAN_POINT('',(-36.5,-9.76542350219,10.330739341253));
#4729 = VECTOR('',#4730,1.);
#4730 = DIRECTION('',(5.884601001291E-17,-0.265018868766,-0.964243226161
    ));
#4731 = ORIENTED_EDGE('',*,*,#4732,.T.);
#4732 = EDGE_CURVE('',#4725,#3702,#4733,.T.);
#4733 = LINE('',#4734,#4735);
#4734 = CARTESIAN_POINT('',(-36.5,-9.993749296435,9.5));
#4735 = VECTOR('',#4736,1.);
#4736 = DIRECTION('',(-2.22044604925E-16,1.,0.));
#4737 = ORIENTED_EDGE('',*,*,#3701,.F.);
#4738 = ORIENTED_EDGE('',*,*,#3732,.F.);
#4739 = ORIENTED_EDGE('',*,*,#3756,.F.);
#4740 = ORIENTED_EDGE('',*,*,#3780,.F.);
#4741 = ORIENTED_EDGE('',*,*,#3804,.F.);
#4742 = ORIENTED_EDGE('',*,*,#3828,.F.);
#4743 = ORIENTED_EDGE('',*,*,#3852,.F.);
#4744 = ORIENTED_EDGE('',*,*,#3876,.F.);
#4745 = ORIENTED_EDGE('',*,*,#3900,.F.);
#4746 = ORIENTED_EDGE('',*,*,#3924,.F.);
#4747 = ORIENTED_EDGE('',*,*,#3948,.F.);
#4748 = ORIENTED_EDGE('',*,*,#3972,.F.);
#4749 = ORIENTED_EDGE('',*,*,#3996,.F.);
#4750 = ORIENTED_EDGE('',*,*,#4020,.F.);
#4751 = ORIENTED_EDGE('',*,*,#4044,.F.);
#4752 = ORIENTED_EDGE('',*,*,#4068,.F.);
#4753 = ORIENTED_EDGE('',*,*,#4092,.F.);
#4754 = ORIENTED_EDGE('',*,*,#4116,.F.);
#4755 = ORIENTED_EDGE('',*,*,#4140,.F.);
#4756 = ORIENTED_EDGE('',*,*,#4164,.F.);
#4757 = ORIENTED_EDGE('',*,*,#4188,.F.);
#4758 = ORIENTED_EDGE('',*,*,#4212,.F.);
#4759 = ORIENTED_EDGE('',*,*,#4236,.F.);
#4760 = ORIENTED_EDGE('',*,*,#4260,.F.);
#4761 = ORIENTED_EDGE('',*,*,#4284,.F.);
#4762 = ORIENTED_EDGE('',*,*,#4308,.F.);
#4763 = ORIENTED_EDGE('',*,*,#4332,.F.);
#4764 = ORIENTED_EDGE('',*,*,#4356,.F.);
#4765 = ORIENTED_EDGE('',*,*,#4380,.F.);
#4766 = ORIENTED_EDGE('',*,*,#4404,.F.);
#4767 = ORIENTED_EDGE('',*,*,#4428,.F.);
#4768 = ORIENTED_EDGE('',*,*,#4452,.F.);
#4769 = PLANE('',#4770);
#4770 = AXIS2_PLACEMENT_3D('',#4771,#4772,#4773);
#4771 = CARTESIAN_POINT('',(-36.5,-3.367171044518E-15,12.472880524247));
#4772 = DIRECTION('',(1.,0.,-2.22044604925E-16));
#4773 = DIRECTION('',(-2.22044604925E-16,1.,0.));
#4774 = ADVANCED_FACE('',(#4775),#4816,.F.);
#4775 = FACE_BOUND('',#4776,.F.);
#4776 = EDGE_LOOP('',(#4777,#4785,#4793,#4801,#4809,#4815));
#4777 = ORIENTED_EDGE('',*,*,#4778,.T.);
#4778 = EDGE_CURVE('',#4469,#4779,#4781,.T.);
#4779 = VERTEX_POINT('',#4780);
#4780 = CARTESIAN_POINT('',(-34.,9.993749296435,9.5));
#4781 = LINE('',#4782,#4783);
#4782 = CARTESIAN_POINT('',(-36.5,9.993749296435,9.5));
#4783 = VECTOR('',#4784,1.);
#4784 = DIRECTION('',(1.,0.,-2.22044604925E-16));
#4785 = ORIENTED_EDGE('',*,*,#4786,.T.);
#4786 = EDGE_CURVE('',#4779,#4787,#4789,.T.);
#4787 = VERTEX_POINT('',#4788);
#4788 = CARTESIAN_POINT('',(-34.,9.939600353127,9.697015223978));
#4789 = LINE('',#4790,#4791);
#4790 = CARTESIAN_POINT('',(-34.,9.993749296435,9.5));
#4791 = VECTOR('',#4792,1.);
#4792 = DIRECTION('',(5.884601001291E-17,-0.265018868766,0.964243226161)
  );
#4793 = ORIENTED_EDGE('',*,*,#4794,.T.);
#4794 = EDGE_CURVE('',#4787,#4795,#4797,.T.);
#4795 = VERTEX_POINT('',#4796);
#4796 = CARTESIAN_POINT('',(-34.,9.870038621769,9.950108253069));
#4797 = LINE('',#4798,#4799);
#4798 = CARTESIAN_POINT('',(-34.,9.993749296435,9.5));
#4799 = VECTOR('',#4800,1.);
#4800 = DIRECTION('',(5.884601001291E-17,-0.265018868766,0.964243226161)
  );
#4801 = ORIENTED_EDGE('',*,*,#4802,.T.);
#4802 = EDGE_CURVE('',#4795,#4803,#4805,.T.);
#4803 = VERTEX_POINT('',#4804);
#4804 = CARTESIAN_POINT('',(-34.,9.76542350219,10.330739341253));
#4805 = LINE('',#4806,#4807);
#4806 = CARTESIAN_POINT('',(-34.,9.993749296435,9.5));
#4807 = VECTOR('',#4808,1.);
#4808 = DIRECTION('',(5.884601001291E-17,-0.265018868766,0.964243226161)
  );
#4809 = ORIENTED_EDGE('',*,*,#4810,.F.);
#4810 = EDGE_CURVE('',#4477,#4803,#4811,.T.);
#4811 = LINE('',#4812,#4813);
#4812 = CARTESIAN_POINT('',(-36.5,9.76542350219,10.330739341253));
#4813 = VECTOR('',#4814,1.);
#4814 = DIRECTION('',(1.,0.,-2.22044604925E-16));
#4815 = ORIENTED_EDGE('',*,*,#4476,.F.);
#4816 = PLANE('',#4817);
#4817 = AXIS2_PLACEMENT_3D('',#4818,#4819,#4820);
#4818 = CARTESIAN_POINT('',(-36.5,9.993749296435,9.5));
#4819 = DIRECTION('',(2.141050062046E-16,-0.964243226161,-0.265018868766
    ));
#4820 = DIRECTION('',(5.884601001291E-17,-0.265018868766,0.964243226161)
  );
#4821 = ADVANCED_FACE('',(#4822),#4839,.T.);
#4822 = FACE_BOUND('',#4823,.T.);
#4823 = EDGE_LOOP('',(#4824,#4832,#4833));
#4824 = ORIENTED_EDGE('',*,*,#4825,.T.);
#4825 = EDGE_CURVE('',#4826,#4779,#4828,.T.);
#4826 = VERTEX_POINT('',#4827);
#4827 = CARTESIAN_POINT('',(-34.,9.977690452444,9.5));
#4828 = LINE('',#4829,#4830);
#4829 = CARTESIAN_POINT('',(-34.,-9.993749296435,9.5));
#4830 = VECTOR('',#4831,1.);
#4831 = DIRECTION('',(-2.22044604925E-16,1.,0.));
#4832 = ORIENTED_EDGE('',*,*,#4786,.T.);
#4833 = ORIENTED_EDGE('',*,*,#4834,.F.);
#4834 = EDGE_CURVE('',#4826,#4787,#4835,.T.);
#4835 = LINE('',#4836,#4837);
#4836 = CARTESIAN_POINT('',(-34.,10.174636380056,8.481327254704));
#4837 = VECTOR('',#4838,1.);
#4838 = DIRECTION('',(4.214866975428E-17,-0.1898207334,0.98181876595));
#4839 = PLANE('',#4840);
#4840 = AXIS2_PLACEMENT_3D('',#4841,#4842,#4843);
#4841 = CARTESIAN_POINT('',(-34.,-3.367171044518E-15,12.472880524247));
#4842 = DIRECTION('',(1.,0.,-2.22044604925E-16));
#4843 = DIRECTION('',(-2.22044604925E-16,1.,0.));
#4844 = ADVANCED_FACE('',(#4845),#4884,.F.);
#4845 = FACE_BOUND('',#4846,.F.);
#4846 = EDGE_LOOP('',(#4847,#4855,#4863,#4869,#4877,#4883));
#4847 = ORIENTED_EDGE('',*,*,#4848,.T.);
#4848 = EDGE_CURVE('',#4717,#4849,#4851,.T.);
#4849 = VERTEX_POINT('',#4850);
#4850 = CARTESIAN_POINT('',(-34.,-9.76542350219,10.330739341253));
#4851 = LINE('',#4852,#4853);
#4852 = CARTESIAN_POINT('',(-36.5,-9.76542350219,10.330739341253));
#4853 = VECTOR('',#4854,1.);
#4854 = DIRECTION('',(1.,0.,-2.22044604925E-16));
#4855 = ORIENTED_EDGE('',*,*,#4856,.T.);
#4856 = EDGE_CURVE('',#4849,#4857,#4859,.T.);
#4857 = VERTEX_POINT('',#4858);
#4858 = CARTESIAN_POINT('',(-34.,-9.870038621769,9.950108253069));
#4859 = LINE('',#4860,#4861);
#4860 = CARTESIAN_POINT('',(-34.,-9.76542350219,10.330739341253));
#4861 = VECTOR('',#4862,1.);
#4862 = DIRECTION('',(5.884601001291E-17,-0.265018868766,-0.964243226161
    ));
#4863 = ORIENTED_EDGE('',*,*,#4864,.T.);
#4864 = EDGE_CURVE('',#4857,#2289,#4865,.T.);
#4865 = LINE('',#4866,#4867);
#4866 = CARTESIAN_POINT('',(-34.,-9.76542350219,10.330739341253));
#4867 = VECTOR('',#4868,1.);
#4868 = DIRECTION('',(5.884601001291E-17,-0.265018868766,-0.964243226161
    ));
#4869 = ORIENTED_EDGE('',*,*,#4870,.T.);
#4870 = EDGE_CURVE('',#2289,#4871,#4873,.T.);
#4871 = VERTEX_POINT('',#4872);
#4872 = CARTESIAN_POINT('',(-34.,-9.993749296435,9.5));
#4873 = LINE('',#4874,#4875);
#4874 = CARTESIAN_POINT('',(-34.,-9.76542350219,10.330739341253));
#4875 = VECTOR('',#4876,1.);
#4876 = DIRECTION('',(5.884601001291E-17,-0.265018868766,-0.964243226161
    ));
#4877 = ORIENTED_EDGE('',*,*,#4878,.F.);
#4878 = EDGE_CURVE('',#4725,#4871,#4879,.T.);
#4879 = LINE('',#4880,#4881);
#4880 = CARTESIAN_POINT('',(-36.5,-9.993749296435,9.5));
#4881 = VECTOR('',#4882,1.);
#4882 = DIRECTION('',(1.,0.,-2.22044604925E-16));
#4883 = ORIENTED_EDGE('',*,*,#4724,.F.);
#4884 = PLANE('',#4885);
#4885 = AXIS2_PLACEMENT_3D('',#4886,#4887,#4888);
#4886 = CARTESIAN_POINT('',(-36.5,-9.76542350219,10.330739341253));
#4887 = DIRECTION('',(-2.141050062046E-16,0.964243226161,-0.265018868766
    ));
#4888 = DIRECTION('',(5.884601001291E-17,-0.265018868766,-0.964243226161
    ));
#4889 = ADVANCED_FACE('',(#4890),#4900,.T.);
#4890 = FACE_BOUND('',#4891,.T.);
#4891 = EDGE_LOOP('',(#4892,#4898,#4899));
#4892 = ORIENTED_EDGE('',*,*,#4893,.T.);
#4893 = EDGE_CURVE('',#4871,#2281,#4894,.T.);
#4894 = LINE('',#4895,#4896);
#4895 = CARTESIAN_POINT('',(-34.,-9.993749296435,9.5));
#4896 = VECTOR('',#4897,1.);
#4897 = DIRECTION('',(-2.22044604925E-16,1.,0.));
#4898 = ORIENTED_EDGE('',*,*,#2288,.F.);
#4899 = ORIENTED_EDGE('',*,*,#4870,.T.);
#4900 = PLANE('',#4901);
#4901 = AXIS2_PLACEMENT_3D('',#4902,#4903,#4904);
#4902 = CARTESIAN_POINT('',(-34.,-3.367171044518E-15,12.472880524247));
#4903 = DIRECTION('',(1.,0.,-2.22044604925E-16));
#4904 = DIRECTION('',(-2.22044604925E-16,1.,0.));
#4905 = ADVANCED_FACE('',(#4906),#4940,.F.);
#4906 = FACE_BOUND('',#4907,.F.);
#4907 = EDGE_LOOP('',(#4908,#4916,#4924,#4932,#4938,#4939));
#4908 = ORIENTED_EDGE('',*,*,#4909,.T.);
#4909 = EDGE_CURVE('',#4709,#4910,#4912,.T.);
#4910 = VERTEX_POINT('',#4911);
#4911 = CARTESIAN_POINT('',(-34.,-9.468172812614,11.139381752317));
#4912 = LINE('',#4913,#4914);
#4913 = CARTESIAN_POINT('',(-36.5,-9.468172812614,11.139381752317));
#4914 = VECTOR('',#4915,1.);
#4915 = DIRECTION('',(1.,0.,-2.22044604925E-16));
#4916 = ORIENTED_EDGE('',*,*,#4917,.T.);
#4917 = EDGE_CURVE('',#4910,#4918,#4920,.T.);
#4918 = VERTEX_POINT('',#4919);
#4919 = CARTESIAN_POINT('',(-34.,-9.481676418666,11.102646468131));
#4920 = LINE('',#4921,#4922);
#4921 = CARTESIAN_POINT('',(-34.,-9.468172812614,11.139381752317));
#4922 = VECTOR('',#4923,1.);
#4923 = DIRECTION('',(7.660990346273E-17,-0.345020332688,-0.938595210957
    ));
#4924 = ORIENTED_EDGE('',*,*,#4925,.T.);
#4925 = EDGE_CURVE('',#4918,#4926,#4928,.T.);
#4926 = VERTEX_POINT('',#4927);
#4927 = CARTESIAN_POINT('',(-34.,-9.518524723498,11.002404136967));
#4928 = LINE('',#4929,#4930);
#4929 = CARTESIAN_POINT('',(-34.,-9.468172812614,11.139381752317));
#4930 = VECTOR('',#4931,1.);
#4931 = DIRECTION('',(7.660990346273E-17,-0.345020332688,-0.938595210957
    ));
#4932 = ORIENTED_EDGE('',*,*,#4933,.T.);
#4933 = EDGE_CURVE('',#4926,#4849,#4934,.T.);
#4934 = LINE('',#4935,#4936);
#4935 = CARTESIAN_POINT('',(-34.,-9.468172812614,11.139381752317));
#4936 = VECTOR('',#4937,1.);
#4937 = DIRECTION('',(7.660990346273E-17,-0.345020332688,-0.938595210957
    ));
#4938 = ORIENTED_EDGE('',*,*,#4848,.F.);
#4939 = ORIENTED_EDGE('',*,*,#4716,.F.);
#4940 = PLANE('',#4941);
#4941 = AXIS2_PLACEMENT_3D('',#4942,#4943,#4944);
#4942 = CARTESIAN_POINT('',(-36.5,-9.468172812614,11.139381752317));
#4943 = DIRECTION('',(-2.084100028016E-16,0.938595210957,-0.345020332688
    ));
#4944 = DIRECTION('',(7.660990346273E-17,-0.345020332688,-0.938595210957
    ));
#4945 = ADVANCED_FACE('',(#4946),#4964,.F.);
#4946 = FACE_BOUND('',#4947,.F.);
#4947 = EDGE_LOOP('',(#4948,#4956,#4962,#4963));
#4948 = ORIENTED_EDGE('',*,*,#4949,.T.);
#4949 = EDGE_CURVE('',#4701,#4950,#4952,.T.);
#4950 = VERTEX_POINT('',#4951);
#4951 = CARTESIAN_POINT('',(-34.,-9.104095239396,11.920219790647));
#4952 = LINE('',#4953,#4954);
#4953 = CARTESIAN_POINT('',(-36.5,-9.104095239396,11.920219790647));
#4954 = VECTOR('',#4955,1.);
#4955 = DIRECTION('',(1.,0.,-2.22044604925E-16));
#4956 = ORIENTED_EDGE('',*,*,#4957,.T.);
#4957 = EDGE_CURVE('',#4950,#4910,#4958,.T.);
#4958 = LINE('',#4959,#4960);
#4959 = CARTESIAN_POINT('',(-34.,-9.104095239396,11.920219790647));
#4960 = VECTOR('',#4961,1.);
#4961 = DIRECTION('',(9.3833080007E-17,-0.422586624155,-0.906322539213)
  );
#4962 = ORIENTED_EDGE('',*,*,#4909,.F.);
#4963 = ORIENTED_EDGE('',*,*,#4708,.F.);
#4964 = PLANE('',#4965);
#4965 = AXIS2_PLACEMENT_3D('',#4966,#4967,#4968);
#4966 = CARTESIAN_POINT('',(-36.5,-9.104095239396,11.920219790647));
#4967 = DIRECTION('',(-2.012440301542E-16,0.906322539213,-0.422586624155
    ));
#4968 = DIRECTION('',(9.3833080007E-17,-0.422586624155,-0.906322539213)
  );
#4969 = ADVANCED_FACE('',(#4970),#5004,.F.);
#4970 = FACE_BOUND('',#4971,.F.);
#4971 = EDGE_LOOP('',(#4972,#4980,#4988,#4996,#5002,#5003));
#4972 = ORIENTED_EDGE('',*,*,#4973,.T.);
#4973 = EDGE_CURVE('',#4693,#4974,#4976,.T.);
#4974 = VERTEX_POINT('',#4975);
#4975 = CARTESIAN_POINT('',(-34.,-8.675760462041,12.667742258491));
#4976 = LINE('',#4977,#4978);
#4977 = CARTESIAN_POINT('',(-36.5,-8.675760462041,12.667742258491));
#4978 = VECTOR('',#4979,1.);
#4979 = DIRECTION('',(1.,0.,-2.22044604925E-16));
#4980 = ORIENTED_EDGE('',*,*,#4981,.T.);
#4981 = EDGE_CURVE('',#4974,#4982,#4984,.T.);
#4982 = VERTEX_POINT('',#4983);
#4983 = CARTESIAN_POINT('',(-34.,-8.824905729591,12.407456509211));
#4984 = LINE('',#4985,#4986);
#4985 = CARTESIAN_POINT('',(-34.,-8.675760462041,12.667742258491));
#4986 = VECTOR('',#4987,1.);
#4987 = DIRECTION('',(1.103939775199E-16,-0.497170276023,-0.867652993218
    ));
#4988 = ORIENTED_EDGE('',*,*,#4989,.T.);
#4989 = EDGE_CURVE('',#4982,#4990,#4992,.T.);
#4990 = VERTEX_POINT('',#4991);
#4991 = CARTESIAN_POINT('',(-34.,-8.961656708907,12.168801058049));
#4992 = LINE('',#4993,#4994);
#4993 = CARTESIAN_POINT('',(-34.,-8.675760462041,12.667742258491));
#4994 = VECTOR('',#4995,1.);
#4995 = DIRECTION('',(1.103939775199E-16,-0.497170276023,-0.867652993218
    ));
#4996 = ORIENTED_EDGE('',*,*,#4997,.T.);
#4997 = EDGE_CURVE('',#4990,#4950,#4998,.T.);
#4998 = LINE('',#4999,#5000);
#4999 = CARTESIAN_POINT('',(-34.,-8.675760462041,12.667742258491));
#5000 = VECTOR('',#5001,1.);
#5001 = DIRECTION('',(1.103939775199E-16,-0.497170276023,-0.867652993218
    ));
#5002 = ORIENTED_EDGE('',*,*,#4949,.F.);
#5003 = ORIENTED_EDGE('',*,*,#4700,.F.);
#5004 = PLANE('',#5005);
#5005 = AXIS2_PLACEMENT_3D('',#5006,#5007,#5008);
#5006 = CARTESIAN_POINT('',(-36.5,-8.675760462041,12.667742258491));
#5007 = DIRECTION('',(-1.926576660911E-16,0.867652993218,-0.497170276023
    ));
#5008 = DIRECTION('',(1.103939775199E-16,-0.497170276023,-0.867652993218
    ));
#5009 = ADVANCED_FACE('',(#5010),#5028,.F.);
#5010 = FACE_BOUND('',#5011,.F.);
#5011 = EDGE_LOOP('',(#5012,#5020,#5026,#5027));
#5012 = ORIENTED_EDGE('',*,*,#5013,.T.);
#5013 = EDGE_CURVE('',#4685,#5014,#5016,.T.);
#5014 = VERTEX_POINT('',#5015);
#5015 = CARTESIAN_POINT('',(-34.,-8.186191690929,13.376673101223));
#5016 = LINE('',#5017,#5018);
#5017 = CARTESIAN_POINT('',(-36.5,-8.186191690929,13.376673101223));
#5018 = VECTOR('',#5019,1.);
#5019 = DIRECTION('',(1.,0.,-2.22044604925E-16));
#5020 = ORIENTED_EDGE('',*,*,#5021,.T.);
#5021 = EDGE_CURVE('',#5014,#4974,#5022,.T.);
#5022 = LINE('',#5023,#5024);
#5023 = CARTESIAN_POINT('',(-34.,-8.186191690929,13.376673101223));
#5024 = VECTOR('',#5025,1.);
#5025 = DIRECTION('',(1.261757082773E-16,-0.568244872781,-0.82285950475)
  );
#5026 = ORIENTED_EDGE('',*,*,#4973,.F.);
#5027 = ORIENTED_EDGE('',*,*,#4692,.F.);
#5028 = PLANE('',#5029);
#5029 = AXIS2_PLACEMENT_3D('',#5030,#5031,#5032);
#5030 = CARTESIAN_POINT('',(-36.5,-8.186191690929,13.376673101223));
#5031 = DIRECTION('',(-1.827115136411E-16,0.82285950475,-0.568244872781)
  );
#5032 = DIRECTION('',(1.261757082773E-16,-0.568244872781,-0.82285950475)
  );
#5033 = ADVANCED_FACE('',(#5034),#5068,.F.);
#5034 = FACE_BOUND('',#5035,.F.);
#5035 = EDGE_LOOP('',(#5036,#5044,#5052,#5060,#5066,#5067));
#5036 = ORIENTED_EDGE('',*,*,#5037,.T.);
#5037 = EDGE_CURVE('',#4677,#5038,#5040,.T.);
#5038 = VERTEX_POINT('',#5039);
#5039 = CARTESIAN_POINT('',(-34.,-7.63884432933,14.042008646023));
#5040 = LINE('',#5041,#5042);
#5041 = CARTESIAN_POINT('',(-36.5,-7.63884432933,14.042008646023));
#5042 = VECTOR('',#5043,1.);
#5043 = DIRECTION('',(1.,0.,-2.22044604925E-16));
#5044 = ORIENTED_EDGE('',*,*,#5045,.T.);
#5045 = EDGE_CURVE('',#5038,#5046,#5048,.T.);
#5046 = VERTEX_POINT('',#5047);
#5047 = CARTESIAN_POINT('',(-34.,-8.115161987989,13.463014224644));
#5048 = LINE('',#5049,#5050);
#5049 = CARTESIAN_POINT('',(-34.,-7.63884432933,14.042008646023));
#5050 = VECTOR('',#5051,1.);
#5051 = DIRECTION('',(1.41066883957E-16,-0.635308766023,-0.772258228713)
  );
#5052 = ORIENTED_EDGE('',*,*,#5053,.T.);
#5053 = EDGE_CURVE('',#5046,#5054,#5056,.T.);
#5054 = VERTEX_POINT('',#5055);
#5055 = CARTESIAN_POINT('',(-34.,-8.16803306029,13.398746072166));
#5056 = LINE('',#5057,#5058);
#5057 = CARTESIAN_POINT('',(-34.,-7.63884432933,14.042008646023));
#5058 = VECTOR('',#5059,1.);
#5059 = DIRECTION('',(1.41066883957E-16,-0.635308766023,-0.772258228713)
  );
#5060 = ORIENTED_EDGE('',*,*,#5061,.T.);
#5061 = EDGE_CURVE('',#5054,#5014,#5062,.T.);
#5062 = LINE('',#5063,#5064);
#5063 = CARTESIAN_POINT('',(-34.,-7.63884432933,14.042008646023));
#5064 = VECTOR('',#5065,1.);
#5065 = DIRECTION('',(1.41066883957E-16,-0.635308766023,-0.772258228713)
  );
#5066 = ORIENTED_EDGE('',*,*,#5013,.F.);
#5067 = ORIENTED_EDGE('',*,*,#4684,.F.);
#5068 = PLANE('',#5069);
#5069 = AXIS2_PLACEMENT_3D('',#5070,#5071,#5072);
#5070 = CARTESIAN_POINT('',(-36.5,-7.63884432933,14.042008646023));
#5071 = DIRECTION('',(-1.714757732946E-16,0.772258228713,-0.635308766023
    ));
#5072 = DIRECTION('',(1.41066883957E-16,-0.635308766023,-0.772258228713)
  );
#5073 = ADVANCED_FACE('',(#5074),#5108,.F.);
#5074 = FACE_BOUND('',#5075,.F.);
#5075 = EDGE_LOOP('',(#5076,#5084,#5092,#5100,#5106,#5107));
#5076 = ORIENTED_EDGE('',*,*,#5077,.T.);
#5077 = EDGE_CURVE('',#4669,#5078,#5080,.T.);
#5078 = VERTEX_POINT('',#5079);
#5079 = CARTESIAN_POINT('',(-34.,-7.03758158498,14.659052918082));
#5080 = LINE('',#5081,#5082);
#5081 = CARTESIAN_POINT('',(-36.5,-7.03758158498,14.659052918082));
#5082 = VECTOR('',#5083,1.);
#5083 = DIRECTION('',(1.,0.,-2.22044604925E-16));
#5084 = ORIENTED_EDGE('',*,*,#5085,.T.);
#5085 = EDGE_CURVE('',#5078,#5086,#5088,.T.);
#5086 = VERTEX_POINT('',#5087);
#5087 = CARTESIAN_POINT('',(-34.,-7.188679837138,14.503988743746));
#5088 = LINE('',#5089,#5090);
#5089 = CARTESIAN_POINT('',(-34.,-7.03758158498,14.659052918082));
#5090 = VECTOR('',#5091,1.);
#5091 = DIRECTION('',(1.549624018232E-16,-0.697888615108,-0.716206311689
    ));
#5092 = ORIENTED_EDGE('',*,*,#5093,.T.);
#5093 = EDGE_CURVE('',#5086,#5094,#5096,.T.);
#5094 = VERTEX_POINT('',#5095);
#5095 = CARTESIAN_POINT('',(-34.,-7.374263366676,14.313534146374));
#5096 = LINE('',#5097,#5098);
#5097 = CARTESIAN_POINT('',(-34.,-7.03758158498,14.659052918082));
#5098 = VECTOR('',#5099,1.);
#5099 = DIRECTION('',(1.549624018232E-16,-0.697888615108,-0.716206311689
    ));
#5100 = ORIENTED_EDGE('',*,*,#5101,.T.);
#5101 = EDGE_CURVE('',#5094,#5038,#5102,.T.);
#5102 = LINE('',#5103,#5104);
#5103 = CARTESIAN_POINT('',(-34.,-7.03758158498,14.659052918082));
#5104 = VECTOR('',#5105,1.);
#5105 = DIRECTION('',(1.549624018232E-16,-0.697888615108,-0.716206311689
    ));
#5106 = ORIENTED_EDGE('',*,*,#5037,.F.);
#5107 = ORIENTED_EDGE('',*,*,#4676,.F.);
#5108 = PLANE('',#5109);
#5109 = AXIS2_PLACEMENT_3D('',#5110,#5111,#5112);
#5110 = CARTESIAN_POINT('',(-36.5,-7.03758158498,14.659052918082));
#5111 = DIRECTION('',(-1.590297475238E-16,0.716206311689,-0.697888615108
    ));
#5112 = DIRECTION('',(1.549624018232E-16,-0.697888615108,-0.716206311689
    ));
#5113 = ADVANCED_FACE('',(#5114),#5132,.F.);
#5114 = FACE_BOUND('',#5115,.F.);
#5115 = EDGE_LOOP('',(#5116,#5124,#5130,#5131));
#5116 = ORIENTED_EDGE('',*,*,#5117,.T.);
#5117 = EDGE_CURVE('',#4661,#5118,#5120,.T.);
#5118 = VERTEX_POINT('',#5119);
#5119 = CARTESIAN_POINT('',(-34.,-6.386647203345,15.223450785043));
#5120 = LINE('',#5121,#5122);
#5121 = CARTESIAN_POINT('',(-36.5,-6.386647203345,15.223450785043));
#5122 = VECTOR('',#5123,1.);
#5123 = DIRECTION('',(1.,0.,-2.22044604925E-16));
#5124 = ORIENTED_EDGE('',*,*,#5125,.T.);
#5125 = EDGE_CURVE('',#5118,#5078,#5126,.T.);
#5126 = LINE('',#5127,#5128);
#5127 = CARTESIAN_POINT('',(-34.,-6.386647203345,15.223450785043));
#5128 = VECTOR('',#5129,1.);
#5129 = DIRECTION('',(1.677641865479E-16,-0.755542728023,-0.655099371188
    ));
#5130 = ORIENTED_EDGE('',*,*,#5077,.F.);
#5131 = ORIENTED_EDGE('',*,*,#4668,.F.);
#5132 = PLANE('',#5133);
#5133 = AXIS2_PLACEMENT_3D('',#5134,#5135,#5136);
#5134 = CARTESIAN_POINT('',(-36.5,-6.386647203345,15.223450785043));
#5135 = DIRECTION('',(-1.454612810622E-16,0.655099371188,-0.755542728023
    ));
#5136 = DIRECTION('',(1.677641865479E-16,-0.755542728023,-0.655099371188
    ));
#5137 = ADVANCED_FACE('',(#5138),#5172,.F.);
#5138 = FACE_BOUND('',#5139,.F.);
#5139 = EDGE_LOOP('',(#5140,#5148,#5156,#5164,#5170,#5171));
#5140 = ORIENTED_EDGE('',*,*,#5141,.T.);
#5141 = EDGE_CURVE('',#4653,#5142,#5144,.T.);
#5142 = VERTEX_POINT('',#5143);
#5143 = CARTESIAN_POINT('',(-34.,-5.690635515037,15.731218695767));
#5144 = LINE('',#5145,#5146);
#5145 = CARTESIAN_POINT('',(-36.5,-5.690635515037,15.731218695767));
#5146 = VECTOR('',#5147,1.);
#5147 = DIRECTION('',(1.,0.,-2.22044604925E-16));
#5148 = ORIENTED_EDGE('',*,*,#5149,.T.);
#5149 = EDGE_CURVE('',#5142,#5150,#5152,.T.);
#5150 = VERTEX_POINT('',#5151);
#5151 = CARTESIAN_POINT('',(-34.,-6.148974209473,15.396842585153));
#5152 = LINE('',#5153,#5154);
#5153 = CARTESIAN_POINT('',(-34.,-5.690635515037,15.731218695767));
#5154 = VECTOR('',#5155,1.);
#5155 = DIRECTION('',(1.793818824314E-16,-0.807864178875,-0.589368703352
    ));
#5156 = ORIENTED_EDGE('',*,*,#5157,.T.);
#5157 = EDGE_CURVE('',#5150,#5158,#5160,.T.);
#5158 = VERTEX_POINT('',#5159);
#5159 = CARTESIAN_POINT('',(-34.,-6.307281517836,15.28135117521));
#5160 = LINE('',#5161,#5162);
#5161 = CARTESIAN_POINT('',(-34.,-5.690635515037,15.731218695767));
#5162 = VECTOR('',#5163,1.);
#5163 = DIRECTION('',(1.793818824314E-16,-0.807864178875,-0.589368703352
    ));
#5164 = ORIENTED_EDGE('',*,*,#5165,.T.);
#5165 = EDGE_CURVE('',#5158,#5118,#5166,.T.);
#5166 = LINE('',#5167,#5168);
#5167 = CARTESIAN_POINT('',(-34.,-5.690635515037,15.731218695767));
#5168 = VECTOR('',#5169,1.);
#5169 = DIRECTION('',(1.793818824314E-16,-0.807864178875,-0.589368703352
    ));
#5170 = ORIENTED_EDGE('',*,*,#5117,.F.);
#5171 = ORIENTED_EDGE('',*,*,#4660,.F.);
#5172 = PLANE('',#5173);
#5173 = AXIS2_PLACEMENT_3D('',#5174,#5175,#5176);
#5174 = CARTESIAN_POINT('',(-36.5,-5.690635515037,15.731218695767));
#5175 = DIRECTION('',(-1.30866140891E-16,0.589368703352,-0.807864178875)
  );
#5176 = DIRECTION('',(1.793818824314E-16,-0.807864178875,-0.589368703352
    ));
#5177 = ADVANCED_FACE('',(#5178),#5212,.F.);
#5178 = FACE_BOUND('',#5179,.F.);
#5179 = EDGE_LOOP('',(#5180,#5188,#5196,#5204,#5210,#5211));
#5180 = ORIENTED_EDGE('',*,*,#5181,.T.);
#5181 = EDGE_CURVE('',#4645,#5182,#5184,.T.);
#5182 = VERTEX_POINT('',#5183);
#5183 = CARTESIAN_POINT('',(-34.,-4.95445900877,16.178772796458));
#5184 = LINE('',#5185,#5186);
#5185 = CARTESIAN_POINT('',(-36.5,-4.95445900877,16.178772796458));
#5186 = VECTOR('',#5187,1.);
#5187 = DIRECTION('',(1.,0.,-2.22044604925E-16));
#5188 = ORIENTED_EDGE('',*,*,#5189,.T.);
#5189 = EDGE_CURVE('',#5182,#5190,#5192,.T.);
#5190 = VERTEX_POINT('',#5191);
#5191 = CARTESIAN_POINT('',(-34.,-5.074167772151,16.105996570263));
#5192 = LINE('',#5193,#5194);
#5193 = CARTESIAN_POINT('',(-34.,-4.95445900877,16.178772796458));
#5194 = VECTOR('',#5195,1.);
#5195 = DIRECTION('',(1.897334911382E-16,-0.85448367999,-0.519478238843)
  );
#5196 = ORIENTED_EDGE('',*,*,#5197,.T.);
#5197 = EDGE_CURVE('',#5190,#5198,#5200,.T.);
#5198 = VERTEX_POINT('',#5199);
#5199 = CARTESIAN_POINT('',(-34.,-5.272255555319,15.985570288116));
#5200 = LINE('',#5201,#5202);
#5201 = CARTESIAN_POINT('',(-34.,-4.95445900877,16.178772796458));
#5202 = VECTOR('',#5203,1.);
#5203 = DIRECTION('',(1.897334911382E-16,-0.85448367999,-0.519478238843)
  );
#5204 = ORIENTED_EDGE('',*,*,#5205,.T.);
#5205 = EDGE_CURVE('',#5198,#5142,#5206,.T.);
#5206 = LINE('',#5207,#5208);
#5207 = CARTESIAN_POINT('',(-34.,-4.95445900877,16.178772796458));
#5208 = VECTOR('',#5209,1.);
#5209 = DIRECTION('',(1.897334911382E-16,-0.85448367999,-0.519478238843)
  );
#5210 = ORIENTED_EDGE('',*,*,#5141,.F.);
#5211 = ORIENTED_EDGE('',*,*,#4652,.F.);
#5212 = PLANE('',#5213);
#5213 = AXIS2_PLACEMENT_3D('',#5214,#5215,#5216);
#5214 = CARTESIAN_POINT('',(-36.5,-4.95445900877,16.178772796458));
#5215 = DIRECTION('',(-1.153473403111E-16,0.519478238843,-0.85448367999)
  );
#5216 = DIRECTION('',(1.897334911382E-16,-0.85448367999,-0.519478238843)
  );
#5217 = ADVANCED_FACE('',(#5218),#5236,.F.);
#5218 = FACE_BOUND('',#5219,.F.);
#5219 = EDGE_LOOP('',(#5220,#5228,#5234,#5235));
#5220 = ORIENTED_EDGE('',*,*,#5221,.T.);
#5221 = EDGE_CURVE('',#4637,#5222,#5224,.T.);
#5222 = VERTEX_POINT('',#5223);
#5223 = CARTESIAN_POINT('',(-34.,-4.183313658754,16.562954225696));
#5224 = LINE('',#5225,#5226);
#5225 = CARTESIAN_POINT('',(-36.5,-4.183313658754,16.562954225696));
#5226 = VECTOR('',#5227,1.);
#5227 = DIRECTION('',(1.,0.,-2.22044604925E-16));
#5228 = ORIENTED_EDGE('',*,*,#5229,.T.);
#5229 = EDGE_CURVE('',#5222,#5182,#5230,.T.);
#5230 = LINE('',#5231,#5232);
#5231 = CARTESIAN_POINT('',(-34.,-4.183313658754,16.562954225696));
#5232 = VECTOR('',#5233,1.);
#5233 = DIRECTION('',(1.987459504456E-16,-0.895072188368,-0.445921268398
    ));
#5234 = ORIENTED_EDGE('',*,*,#5181,.F.);
#5235 = ORIENTED_EDGE('',*,*,#4644,.F.);
#5236 = PLANE('',#5237);
#5237 = AXIS2_PLACEMENT_3D('',#5238,#5239,#5240);
#5238 = CARTESIAN_POINT('',(-36.5,-4.183313658754,16.562954225696));
#5239 = DIRECTION('',(-9.901441186914E-17,0.445921268398,-0.895072188368
    ));
#5240 = DIRECTION('',(1.987459504456E-16,-0.895072188368,-0.445921268398
    ));
#5241 = ADVANCED_FACE('',(#5242),#5276,.F.);
#5242 = FACE_BOUND('',#5243,.F.);
#5243 = EDGE_LOOP('',(#5244,#5252,#5260,#5268,#5274,#5275));
#5244 = ORIENTED_EDGE('',*,*,#5245,.T.);
#5245 = EDGE_CURVE('',#4629,#5246,#5248,.T.);
#5246 = VERTEX_POINT('',#5247);
#5247 = CARTESIAN_POINT('',(-34.,-3.382642251213,16.881051409858));
#5248 = LINE('',#5249,#5250);
#5249 = CARTESIAN_POINT('',(-36.5,-3.382642251213,16.881051409858));
#5250 = VECTOR('',#5251,1.);
#5251 = DIRECTION('',(1.,0.,-2.22044604925E-16));
#5252 = ORIENTED_EDGE('',*,*,#5253,.T.);
#5253 = EDGE_CURVE('',#5246,#5254,#5256,.T.);
#5254 = VERTEX_POINT('',#5255);
#5255 = CARTESIAN_POINT('',(-34.,-3.791532412219,16.718604234122));
#5256 = LINE('',#5257,#5258);
#5257 = CARTESIAN_POINT('',(-34.,-3.382642251213,16.881051409858));
#5258 = VECTOR('',#5259,1.);
#5259 = DIRECTION('',(2.06355649921E-16,-0.92934322809,-0.369216961154)
  );
#5260 = ORIENTED_EDGE('',*,*,#5261,.T.);
#5261 = EDGE_CURVE('',#5254,#5262,#5264,.T.);
#5262 = VERTEX_POINT('',#5263);
#5263 = CARTESIAN_POINT('',(-34.,-4.023728585342,16.626355468713));
#5264 = LINE('',#5265,#5266);
#5265 = CARTESIAN_POINT('',(-34.,-3.382642251213,16.881051409858));
#5266 = VECTOR('',#5267,1.);
#5267 = DIRECTION('',(2.06355649921E-16,-0.92934322809,-0.369216961154)
  );
#5268 = ORIENTED_EDGE('',*,*,#5269,.T.);
#5269 = EDGE_CURVE('',#5262,#5222,#5270,.T.);
#5270 = LINE('',#5271,#5272);
#5271 = CARTESIAN_POINT('',(-34.,-3.382642251213,16.881051409858));
#5272 = VECTOR('',#5273,1.);
#5273 = DIRECTION('',(2.06355649921E-16,-0.92934322809,-0.369216961154)
  );
#5274 = ORIENTED_EDGE('',*,*,#5221,.F.);
#5275 = ORIENTED_EDGE('',*,*,#4636,.F.);
#5276 = PLANE('',#5277);
#5277 = AXIS2_PLACEMENT_3D('',#5278,#5279,#5280);
#5278 = CARTESIAN_POINT('',(-36.5,-3.382642251213,16.881051409858));
#5279 = DIRECTION('',(-8.1982634271E-17,0.369216961154,-0.92934322809));
#5280 = DIRECTION('',(2.06355649921E-16,-0.92934322809,-0.369216961154)
  );
#5281 = ADVANCED_FACE('',(#5282),#5316,.F.);
#5282 = FACE_BOUND('',#5283,.F.);
#5283 = EDGE_LOOP('',(#5284,#5292,#5300,#5308,#5314,#5315));
#5284 = ORIENTED_EDGE('',*,*,#5285,.T.);
#5285 = EDGE_CURVE('',#4621,#5286,#5288,.T.);
#5286 = VERTEX_POINT('',#5287);
#5287 = CARTESIAN_POINT('',(-34.,-2.558095968912,17.130819201548));
#5288 = LINE('',#5289,#5290);
#5289 = CARTESIAN_POINT('',(-36.5,-2.558095968912,17.130819201548));
#5290 = VECTOR('',#5291,1.);
#5291 = DIRECTION('',(1.,0.,-2.22044604925E-16));
#5292 = ORIENTED_EDGE('',*,*,#5293,.T.);
#5293 = EDGE_CURVE('',#5286,#5294,#5296,.T.);
#5294 = VERTEX_POINT('',#5295);
#5295 = CARTESIAN_POINT('',(-34.,-2.623556750705,17.110990120681));
#5296 = LINE('',#5297,#5298);
#5297 = CARTESIAN_POINT('',(-34.,-2.558095968912,17.130819201548));
#5298 = VECTOR('',#5299,1.);
#5299 = DIRECTION('',(2.125088798875E-16,-0.957054912274,-0.289906700323
    ));
#5300 = ORIENTED_EDGE('',*,*,#5301,.T.);
#5301 = EDGE_CURVE('',#5294,#5302,#5304,.T.);
#5302 = VERTEX_POINT('',#5303);
#5303 = CARTESIAN_POINT('',(-34.,-2.77513081827,17.065075996821));
#5304 = LINE('',#5305,#5306);
#5305 = CARTESIAN_POINT('',(-34.,-2.558095968912,17.130819201548));
#5306 = VECTOR('',#5307,1.);
#5307 = DIRECTION('',(2.125088798875E-16,-0.957054912274,-0.289906700323
    ));
#5308 = ORIENTED_EDGE('',*,*,#5309,.T.);
#5309 = EDGE_CURVE('',#5302,#5246,#5310,.T.);
#5310 = LINE('',#5311,#5312);
#5311 = CARTESIAN_POINT('',(-34.,-2.558095968912,17.130819201548));
#5312 = VECTOR('',#5313,1.);
#5313 = DIRECTION('',(2.125088798875E-16,-0.957054912274,-0.289906700323
    ));
#5314 = ORIENTED_EDGE('',*,*,#5245,.F.);
#5315 = ORIENTED_EDGE('',*,*,#4628,.F.);
#5316 = PLANE('',#5317);
#5317 = AXIS2_PLACEMENT_3D('',#5318,#5319,#5320);
#5318 = CARTESIAN_POINT('',(-36.5,-2.558095968912,17.130819201548));
#5319 = DIRECTION('',(-6.437221873824E-17,0.289906700323,-0.957054912274
    ));
#5320 = DIRECTION('',(2.125088798875E-16,-0.957054912274,-0.289906700323
    ));
#5321 = ADVANCED_FACE('',(#5322),#5340,.F.);
#5322 = FACE_BOUND('',#5323,.F.);
#5323 = EDGE_LOOP('',(#5324,#5332,#5338,#5339));
#5324 = ORIENTED_EDGE('',*,*,#5325,.T.);
#5325 = EDGE_CURVE('',#4613,#5326,#5328,.T.);
#5326 = VERTEX_POINT('',#5327);
#5327 = CARTESIAN_POINT('',(-34.,-1.715494504787,17.310494725979));
#5328 = LINE('',#5329,#5330);
#5329 = CARTESIAN_POINT('',(-36.5,-1.715494504787,17.310494725979));
#5330 = VECTOR('',#5331,1.);
#5331 = DIRECTION('',(1.,0.,-2.22044604925E-16));
#5332 = ORIENTED_EDGE('',*,*,#5333,.T.);
#5333 = EDGE_CURVE('',#5326,#5286,#5334,.T.);
#5334 = LINE('',#5335,#5336);
#5335 = CARTESIAN_POINT('',(-34.,-1.715494504787,17.310494725979));
#5336 = VECTOR('',#5337,1.);
#5337 = DIRECTION('',(2.171622105102E-16,-0.978011650332,-0.208550262081
    ));
#5338 = ORIENTED_EDGE('',*,*,#5285,.F.);
#5339 = ORIENTED_EDGE('',*,*,#4620,.F.);
#5340 = PLANE('',#5341);
#5341 = AXIS2_PLACEMENT_3D('',#5342,#5343,#5344);
#5342 = CARTESIAN_POINT('',(-36.5,-1.715494504787,17.310494725979));
#5343 = DIRECTION('',(-4.630746055072E-17,0.208550262081,-0.978011650332
    ));
#5344 = DIRECTION('',(2.171622105102E-16,-0.978011650332,-0.208550262081
    ));
#5345 = ADVANCED_FACE('',(#5346),#5380,.F.);
#5346 = FACE_BOUND('',#5347,.F.);
#5347 = EDGE_LOOP('',(#5348,#5356,#5364,#5372,#5378,#5379));
#5348 = ORIENTED_EDGE('',*,*,#5349,.T.);
#5349 = EDGE_CURVE('',#4605,#5350,#5352,.T.);
#5350 = VERTEX_POINT('',#5351);
#5351 = CARTESIAN_POINT('',(-34.,-0.860784986244,17.418809823431));
#5352 = LINE('',#5353,#5354);
#5353 = CARTESIAN_POINT('',(-36.5,-0.860784986244,17.418809823431));
#5354 = VECTOR('',#5355,1.);
#5355 = DIRECTION('',(1.,0.,-2.22044604925E-16));
#5356 = ORIENTED_EDGE('',*,*,#5357,.T.);
#5357 = EDGE_CURVE('',#5350,#5358,#5360,.T.);
#5358 = VERTEX_POINT('',#5359);
#5359 = CARTESIAN_POINT('',(-34.,-1.19642734813,17.376274746486));
#5360 = LINE('',#5361,#5362);
#5361 = CARTESIAN_POINT('',(-34.,-0.860784986244,17.418809823431));
#5362 = VECTOR('',#5363,1.);
#5363 = DIRECTION('',(2.202827983259E-16,-0.992065528457,-0.125721864637
    ));
#5364 = ORIENTED_EDGE('',*,*,#5365,.T.);
#5365 = EDGE_CURVE('',#5358,#5366,#5368,.T.);
#5366 = VERTEX_POINT('',#5367);
#5367 = CARTESIAN_POINT('',(-34.,-1.466729604521,17.342020049882));
#5368 = LINE('',#5369,#5370);
#5369 = CARTESIAN_POINT('',(-34.,-0.860784986244,17.418809823431));
#5370 = VECTOR('',#5371,1.);
#5371 = DIRECTION('',(2.202827983259E-16,-0.992065528457,-0.125721864637
    ));
#5372 = ORIENTED_EDGE('',*,*,#5373,.T.);
#5373 = EDGE_CURVE('',#5366,#5326,#5374,.T.);
#5374 = LINE('',#5375,#5376);
#5375 = CARTESIAN_POINT('',(-34.,-0.860784986244,17.418809823431));
#5376 = VECTOR('',#5377,1.);
#5377 = DIRECTION('',(2.202827983259E-16,-0.992065528457,-0.125721864637
    ));
#5378 = ORIENTED_EDGE('',*,*,#5325,.F.);
#5379 = ORIENTED_EDGE('',*,*,#4612,.F.);
#5380 = PLANE('',#5381);
#5381 = AXIS2_PLACEMENT_3D('',#5382,#5383,#5384);
#5382 = CARTESIAN_POINT('',(-36.5,-0.860784986244,17.418809823431));
#5383 = DIRECTION('',(-2.791586176373E-17,0.125721864637,-0.992065528457
    ));
#5384 = DIRECTION('',(2.202827983259E-16,-0.992065528457,-0.125721864637
    ));
#5385 = ADVANCED_FACE('',(#5386),#5404,.F.);
#5386 = FACE_BOUND('',#5387,.F.);
#5387 = EDGE_LOOP('',(#5388,#5396,#5402,#5403));
#5388 = ORIENTED_EDGE('',*,*,#5389,.T.);
#5389 = EDGE_CURVE('',#4597,#5390,#5392,.T.);
#5390 = VERTEX_POINT('',#5391);
#5391 = CARTESIAN_POINT('',(-34.,-3.247850932704E-15,17.455));
#5392 = LINE('',#5393,#5394);
#5393 = CARTESIAN_POINT('',(-36.5,-3.247850932704E-15,17.455));
#5394 = VECTOR('',#5395,1.);
#5395 = DIRECTION('',(1.,0.,-2.22044604925E-16));
#5396 = ORIENTED_EDGE('',*,*,#5397,.T.);
#5397 = EDGE_CURVE('',#5390,#5350,#5398,.T.);
#5398 = LINE('',#5399,#5400);
#5399 = CARTESIAN_POINT('',(-34.,-3.247850932704E-15,17.455));
#5400 = VECTOR('',#5401,1.);
#5401 = DIRECTION('',(2.218486180546E-16,-0.999117353603,
    -4.200611536861E-02));
#5402 = ORIENTED_EDGE('',*,*,#5349,.F.);
#5403 = ORIENTED_EDGE('',*,*,#4604,.F.);
#5404 = PLANE('',#5405);
#5405 = AXIS2_PLACEMENT_3D('',#5406,#5407,#5408);
#5406 = CARTESIAN_POINT('',(-36.5,-3.247850932704E-15,17.455));
#5407 = DIRECTION('',(-9.327231291459E-18,4.200611536862E-02,
    -0.999117353603));
#5408 = DIRECTION('',(2.218486180546E-16,-0.999117353603,
    -4.200611536861E-02));
#5409 = ADVANCED_FACE('',(#5410),#5428,.F.);
#5410 = FACE_BOUND('',#5411,.F.);
#5411 = EDGE_LOOP('',(#5412,#5420,#5426,#5427));
#5412 = ORIENTED_EDGE('',*,*,#5413,.T.);
#5413 = EDGE_CURVE('',#4589,#5414,#5416,.T.);
#5414 = VERTEX_POINT('',#5415);
#5415 = CARTESIAN_POINT('',(-34.,0.860784986244,17.418809823431));
#5416 = LINE('',#5417,#5418);
#5417 = CARTESIAN_POINT('',(-36.5,0.860784986244,17.418809823431));
#5418 = VECTOR('',#5419,1.);
#5419 = DIRECTION('',(1.,0.,-2.22044604925E-16));
#5420 = ORIENTED_EDGE('',*,*,#5421,.T.);
#5421 = EDGE_CURVE('',#5414,#5390,#5422,.T.);
#5422 = LINE('',#5423,#5424);
#5423 = CARTESIAN_POINT('',(-34.,0.860784986244,17.418809823431));
#5424 = VECTOR('',#5425,1.);
#5425 = DIRECTION('',(2.218486180546E-16,-0.999117353603,
    4.200611536861E-02));
#5426 = ORIENTED_EDGE('',*,*,#5389,.F.);
#5427 = ORIENTED_EDGE('',*,*,#4596,.F.);
#5428 = PLANE('',#5429);
#5429 = AXIS2_PLACEMENT_3D('',#5430,#5431,#5432);
#5430 = CARTESIAN_POINT('',(-36.5,0.860784986244,17.418809823431));
#5431 = DIRECTION('',(9.327231291459E-18,-4.200611536861E-02,
    -0.999117353603));
#5432 = DIRECTION('',(2.218486180546E-16,-0.999117353603,
    4.200611536861E-02));
#5433 = ADVANCED_FACE('',(#5434),#5468,.F.);
#5434 = FACE_BOUND('',#5435,.F.);
#5435 = EDGE_LOOP('',(#5436,#5444,#5452,#5460,#5466,#5467));
#5436 = ORIENTED_EDGE('',*,*,#5437,.T.);
#5437 = EDGE_CURVE('',#4581,#5438,#5440,.T.);
#5438 = VERTEX_POINT('',#5439);
#5439 = CARTESIAN_POINT('',(-34.,1.715494504787,17.310494725979));
#5440 = LINE('',#5441,#5442);
#5441 = CARTESIAN_POINT('',(-36.5,1.715494504787,17.310494725979));
#5442 = VECTOR('',#5443,1.);
#5443 = DIRECTION('',(1.,0.,-2.22044604925E-16));
#5444 = ORIENTED_EDGE('',*,*,#5445,.T.);
#5445 = EDGE_CURVE('',#5438,#5446,#5448,.T.);
#5446 = VERTEX_POINT('',#5447);
#5447 = CARTESIAN_POINT('',(-34.,1.46672960452,17.342020049882));
#5448 = LINE('',#5449,#5450);
#5449 = CARTESIAN_POINT('',(-34.,1.715494504787,17.310494725979));
#5450 = VECTOR('',#5451,1.);
#5451 = DIRECTION('',(2.202827983259E-16,-0.992065528457,0.125721864637)
  );
#5452 = ORIENTED_EDGE('',*,*,#5453,.T.);
#5453 = EDGE_CURVE('',#5446,#5454,#5456,.T.);
#5454 = VERTEX_POINT('',#5455);
#5455 = CARTESIAN_POINT('',(-34.,1.19642734813,17.376274746486));
#5456 = LINE('',#5457,#5458);
#5457 = CARTESIAN_POINT('',(-34.,1.715494504787,17.310494725979));
#5458 = VECTOR('',#5459,1.);
#5459 = DIRECTION('',(2.202827983259E-16,-0.992065528457,0.125721864637)
  );
#5460 = ORIENTED_EDGE('',*,*,#5461,.T.);
#5461 = EDGE_CURVE('',#5454,#5414,#5462,.T.);
#5462 = LINE('',#5463,#5464);
#5463 = CARTESIAN_POINT('',(-34.,1.715494504787,17.310494725979));
#5464 = VECTOR('',#5465,1.);
#5465 = DIRECTION('',(2.202827983259E-16,-0.992065528457,0.125721864637)
  );
#5466 = ORIENTED_EDGE('',*,*,#5413,.F.);
#5467 = ORIENTED_EDGE('',*,*,#4588,.F.);
#5468 = PLANE('',#5469);
#5469 = AXIS2_PLACEMENT_3D('',#5470,#5471,#5472);
#5470 = CARTESIAN_POINT('',(-36.5,1.715494504787,17.310494725979));
#5471 = DIRECTION('',(2.791586176373E-17,-0.125721864637,-0.992065528457
    ));
#5472 = DIRECTION('',(2.202827983259E-16,-0.992065528457,0.125721864637)
  );
#5473 = ADVANCED_FACE('',(#5474),#5492,.F.);
#5474 = FACE_BOUND('',#5475,.F.);
#5475 = EDGE_LOOP('',(#5476,#5484,#5490,#5491));
#5476 = ORIENTED_EDGE('',*,*,#5477,.T.);
#5477 = EDGE_CURVE('',#4573,#5478,#5480,.T.);
#5478 = VERTEX_POINT('',#5479);
#5479 = CARTESIAN_POINT('',(-34.,2.558095968912,17.130819201548));
#5480 = LINE('',#5481,#5482);
#5481 = CARTESIAN_POINT('',(-36.5,2.558095968912,17.130819201548));
#5482 = VECTOR('',#5483,1.);
#5483 = DIRECTION('',(1.,0.,-2.22044604925E-16));
#5484 = ORIENTED_EDGE('',*,*,#5485,.T.);
#5485 = EDGE_CURVE('',#5478,#5438,#5486,.T.);
#5486 = LINE('',#5487,#5488);
#5487 = CARTESIAN_POINT('',(-34.,2.558095968912,17.130819201548));
#5488 = VECTOR('',#5489,1.);
#5489 = DIRECTION('',(2.171622105102E-16,-0.978011650332,0.208550262081)
  );
#5490 = ORIENTED_EDGE('',*,*,#5437,.F.);
#5491 = ORIENTED_EDGE('',*,*,#4580,.F.);
#5492 = PLANE('',#5493);
#5493 = AXIS2_PLACEMENT_3D('',#5494,#5495,#5496);
#5494 = CARTESIAN_POINT('',(-36.5,2.558095968912,17.130819201548));
#5495 = DIRECTION('',(4.630746055072E-17,-0.208550262081,-0.978011650332
    ));
#5496 = DIRECTION('',(2.171622105102E-16,-0.978011650332,0.208550262081)
  );
#5497 = ADVANCED_FACE('',(#5498),#5532,.F.);
#5498 = FACE_BOUND('',#5499,.F.);
#5499 = EDGE_LOOP('',(#5500,#5508,#5516,#5524,#5530,#5531));
#5500 = ORIENTED_EDGE('',*,*,#5501,.T.);
#5501 = EDGE_CURVE('',#4565,#5502,#5504,.T.);
#5502 = VERTEX_POINT('',#5503);
#5503 = CARTESIAN_POINT('',(-34.,3.382642251213,16.881051409858));
#5504 = LINE('',#5505,#5506);
#5505 = CARTESIAN_POINT('',(-36.5,3.382642251213,16.881051409858));
#5506 = VECTOR('',#5507,1.);
#5507 = DIRECTION('',(1.,0.,-2.22044604925E-16));
#5508 = ORIENTED_EDGE('',*,*,#5509,.T.);
#5509 = EDGE_CURVE('',#5502,#5510,#5512,.T.);
#5510 = VERTEX_POINT('',#5511);
#5511 = CARTESIAN_POINT('',(-34.,2.77513081827,17.065075996821));
#5512 = LINE('',#5513,#5514);
#5513 = CARTESIAN_POINT('',(-34.,3.382642251213,16.881051409858));
#5514 = VECTOR('',#5515,1.);
#5515 = DIRECTION('',(2.125088798875E-16,-0.957054912274,0.289906700323)
  );
#5516 = ORIENTED_EDGE('',*,*,#5517,.T.);
#5517 = EDGE_CURVE('',#5510,#5518,#5520,.T.);
#5518 = VERTEX_POINT('',#5519);
#5519 = CARTESIAN_POINT('',(-34.,2.623556750705,17.110990120681));
#5520 = LINE('',#5521,#5522);
#5521 = CARTESIAN_POINT('',(-34.,3.382642251213,16.881051409858));
#5522 = VECTOR('',#5523,1.);
#5523 = DIRECTION('',(2.125088798875E-16,-0.957054912274,0.289906700323)
  );
#5524 = ORIENTED_EDGE('',*,*,#5525,.T.);
#5525 = EDGE_CURVE('',#5518,#5478,#5526,.T.);
#5526 = LINE('',#5527,#5528);
#5527 = CARTESIAN_POINT('',(-34.,3.382642251213,16.881051409858));
#5528 = VECTOR('',#5529,1.);
#5529 = DIRECTION('',(2.125088798875E-16,-0.957054912274,0.289906700323)
  );
#5530 = ORIENTED_EDGE('',*,*,#5477,.F.);
#5531 = ORIENTED_EDGE('',*,*,#4572,.F.);
#5532 = PLANE('',#5533);
#5533 = AXIS2_PLACEMENT_3D('',#5534,#5535,#5536);
#5534 = CARTESIAN_POINT('',(-36.5,3.382642251213,16.881051409858));
#5535 = DIRECTION('',(6.437221873824E-17,-0.289906700323,-0.957054912274
    ));
#5536 = DIRECTION('',(2.125088798875E-16,-0.957054912274,0.289906700323)
  );
#5537 = ADVANCED_FACE('',(#5538),#5572,.F.);
#5538 = FACE_BOUND('',#5539,.F.);
#5539 = EDGE_LOOP('',(#5540,#5548,#5556,#5564,#5570,#5571));
#5540 = ORIENTED_EDGE('',*,*,#5541,.T.);
#5541 = EDGE_CURVE('',#4557,#5542,#5544,.T.);
#5542 = VERTEX_POINT('',#5543);
#5543 = CARTESIAN_POINT('',(-34.,4.183313658754,16.562954225696));
#5544 = LINE('',#5545,#5546);
#5545 = CARTESIAN_POINT('',(-36.5,4.183313658754,16.562954225696));
#5546 = VECTOR('',#5547,1.);
#5547 = DIRECTION('',(1.,0.,-2.22044604925E-16));
#5548 = ORIENTED_EDGE('',*,*,#5549,.T.);
#5549 = EDGE_CURVE('',#5542,#5550,#5552,.T.);
#5550 = VERTEX_POINT('',#5551);
#5551 = CARTESIAN_POINT('',(-34.,4.023728585343,16.626355468713));
#5552 = LINE('',#5553,#5554);
#5553 = CARTESIAN_POINT('',(-34.,4.183313658754,16.562954225696));
#5554 = VECTOR('',#5555,1.);
#5555 = DIRECTION('',(2.06355649921E-16,-0.92934322809,0.369216961154));
#5556 = ORIENTED_EDGE('',*,*,#5557,.T.);
#5557 = EDGE_CURVE('',#5550,#5558,#5560,.T.);
#5558 = VERTEX_POINT('',#5559);
#5559 = CARTESIAN_POINT('',(-34.,3.791532412219,16.718604234122));
#5560 = LINE('',#5561,#5562);
#5561 = CARTESIAN_POINT('',(-34.,4.183313658754,16.562954225696));
#5562 = VECTOR('',#5563,1.);
#5563 = DIRECTION('',(2.06355649921E-16,-0.92934322809,0.369216961154));
#5564 = ORIENTED_EDGE('',*,*,#5565,.T.);
#5565 = EDGE_CURVE('',#5558,#5502,#5566,.T.);
#5566 = LINE('',#5567,#5568);
#5567 = CARTESIAN_POINT('',(-34.,4.183313658754,16.562954225696));
#5568 = VECTOR('',#5569,1.);
#5569 = DIRECTION('',(2.06355649921E-16,-0.92934322809,0.369216961154));
#5570 = ORIENTED_EDGE('',*,*,#5501,.F.);
#5571 = ORIENTED_EDGE('',*,*,#4564,.F.);
#5572 = PLANE('',#5573);
#5573 = AXIS2_PLACEMENT_3D('',#5574,#5575,#5576);
#5574 = CARTESIAN_POINT('',(-36.5,4.183313658754,16.562954225696));
#5575 = DIRECTION('',(8.1982634271E-17,-0.369216961154,-0.92934322809));
#5576 = DIRECTION('',(2.06355649921E-16,-0.92934322809,0.369216961154));
#5577 = ADVANCED_FACE('',(#5578),#5596,.F.);
#5578 = FACE_BOUND('',#5579,.F.);
#5579 = EDGE_LOOP('',(#5580,#5588,#5594,#5595));
#5580 = ORIENTED_EDGE('',*,*,#5581,.T.);
#5581 = EDGE_CURVE('',#4549,#5582,#5584,.T.);
#5582 = VERTEX_POINT('',#5583);
#5583 = CARTESIAN_POINT('',(-34.,4.95445900877,16.178772796458));
#5584 = LINE('',#5585,#5586);
#5585 = CARTESIAN_POINT('',(-36.5,4.95445900877,16.178772796458));
#5586 = VECTOR('',#5587,1.);
#5587 = DIRECTION('',(1.,0.,-2.22044604925E-16));
#5588 = ORIENTED_EDGE('',*,*,#5589,.T.);
#5589 = EDGE_CURVE('',#5582,#5542,#5590,.T.);
#5590 = LINE('',#5591,#5592);
#5591 = CARTESIAN_POINT('',(-34.,4.95445900877,16.178772796458));
#5592 = VECTOR('',#5593,1.);
#5593 = DIRECTION('',(1.987459504456E-16,-0.895072188368,0.445921268398)
  );
#5594 = ORIENTED_EDGE('',*,*,#5541,.F.);
#5595 = ORIENTED_EDGE('',*,*,#4556,.F.);
#5596 = PLANE('',#5597);
#5597 = AXIS2_PLACEMENT_3D('',#5598,#5599,#5600);
#5598 = CARTESIAN_POINT('',(-36.5,4.95445900877,16.178772796458));
#5599 = DIRECTION('',(9.901441186914E-17,-0.445921268398,-0.895072188368
    ));
#5600 = DIRECTION('',(1.987459504456E-16,-0.895072188368,0.445921268398)
  );
#5601 = ADVANCED_FACE('',(#5602),#5636,.F.);
#5602 = FACE_BOUND('',#5603,.F.);
#5603 = EDGE_LOOP('',(#5604,#5612,#5620,#5628,#5634,#5635));
#5604 = ORIENTED_EDGE('',*,*,#5605,.T.);
#5605 = EDGE_CURVE('',#4541,#5606,#5608,.T.);
#5606 = VERTEX_POINT('',#5607);
#5607 = CARTESIAN_POINT('',(-34.,5.690635515037,15.731218695767));
#5608 = LINE('',#5609,#5610);
#5609 = CARTESIAN_POINT('',(-36.5,5.690635515037,15.731218695767));
#5610 = VECTOR('',#5611,1.);
#5611 = DIRECTION('',(1.,0.,-2.22044604925E-16));
#5612 = ORIENTED_EDGE('',*,*,#5613,.T.);
#5613 = EDGE_CURVE('',#5606,#5614,#5616,.T.);
#5614 = VERTEX_POINT('',#5615);
#5615 = CARTESIAN_POINT('',(-34.,5.272255555319,15.985570288116));
#5616 = LINE('',#5617,#5618);
#5617 = CARTESIAN_POINT('',(-34.,5.690635515037,15.731218695767));
#5618 = VECTOR('',#5619,1.);
#5619 = DIRECTION('',(1.897334911382E-16,-0.85448367999,0.519478238843)
  );
#5620 = ORIENTED_EDGE('',*,*,#5621,.T.);
#5621 = EDGE_CURVE('',#5614,#5622,#5624,.T.);
#5622 = VERTEX_POINT('',#5623);
#5623 = CARTESIAN_POINT('',(-34.,5.074167772151,16.105996570263));
#5624 = LINE('',#5625,#5626);
#5625 = CARTESIAN_POINT('',(-34.,5.690635515037,15.731218695767));
#5626 = VECTOR('',#5627,1.);
#5627 = DIRECTION('',(1.897334911382E-16,-0.85448367999,0.519478238843)
  );
#5628 = ORIENTED_EDGE('',*,*,#5629,.T.);
#5629 = EDGE_CURVE('',#5622,#5582,#5630,.T.);
#5630 = LINE('',#5631,#5632);
#5631 = CARTESIAN_POINT('',(-34.,5.690635515037,15.731218695767));
#5632 = VECTOR('',#5633,1.);
#5633 = DIRECTION('',(1.897334911382E-16,-0.85448367999,0.519478238843)
  );
#5634 = ORIENTED_EDGE('',*,*,#5581,.F.);
#5635 = ORIENTED_EDGE('',*,*,#4548,.F.);
#5636 = PLANE('',#5637);
#5637 = AXIS2_PLACEMENT_3D('',#5638,#5639,#5640);
#5638 = CARTESIAN_POINT('',(-36.5,5.690635515037,15.731218695767));
#5639 = DIRECTION('',(1.153473403111E-16,-0.519478238843,-0.85448367999)
  );
#5640 = DIRECTION('',(1.897334911382E-16,-0.85448367999,0.519478238843)
  );
#5641 = ADVANCED_FACE('',(#5642),#5676,.F.);
#5642 = FACE_BOUND('',#5643,.F.);
#5643 = EDGE_LOOP('',(#5644,#5652,#5660,#5668,#5674,#5675));
#5644 = ORIENTED_EDGE('',*,*,#5645,.T.);
#5645 = EDGE_CURVE('',#4533,#5646,#5648,.T.);
#5646 = VERTEX_POINT('',#5647);
#5647 = CARTESIAN_POINT('',(-34.,6.386647203345,15.223450785043));
#5648 = LINE('',#5649,#5650);
#5649 = CARTESIAN_POINT('',(-36.5,6.386647203345,15.223450785043));
#5650 = VECTOR('',#5651,1.);
#5651 = DIRECTION('',(1.,0.,-2.22044604925E-16));
#5652 = ORIENTED_EDGE('',*,*,#5653,.T.);
#5653 = EDGE_CURVE('',#5646,#5654,#5656,.T.);
#5654 = VERTEX_POINT('',#5655);
#5655 = CARTESIAN_POINT('',(-34.,6.307281517836,15.28135117521));
#5656 = LINE('',#5657,#5658);
#5657 = CARTESIAN_POINT('',(-34.,6.386647203345,15.223450785043));
#5658 = VECTOR('',#5659,1.);
#5659 = DIRECTION('',(1.793818824314E-16,-0.807864178875,0.589368703352)
  );
#5660 = ORIENTED_EDGE('',*,*,#5661,.T.);
#5661 = EDGE_CURVE('',#5654,#5662,#5664,.T.);
#5662 = VERTEX_POINT('',#5663);
#5663 = CARTESIAN_POINT('',(-34.,6.148974209473,15.396842585153));
#5664 = LINE('',#5665,#5666);
#5665 = CARTESIAN_POINT('',(-34.,6.386647203345,15.223450785043));
#5666 = VECTOR('',#5667,1.);
#5667 = DIRECTION('',(1.793818824314E-16,-0.807864178875,0.589368703352)
  );
#5668 = ORIENTED_EDGE('',*,*,#5669,.T.);
#5669 = EDGE_CURVE('',#5662,#5606,#5670,.T.);
#5670 = LINE('',#5671,#5672);
#5671 = CARTESIAN_POINT('',(-34.,6.386647203345,15.223450785043));
#5672 = VECTOR('',#5673,1.);
#5673 = DIRECTION('',(1.793818824314E-16,-0.807864178875,0.589368703352)
  );
#5674 = ORIENTED_EDGE('',*,*,#5605,.F.);
#5675 = ORIENTED_EDGE('',*,*,#4540,.F.);
#5676 = PLANE('',#5677);
#5677 = AXIS2_PLACEMENT_3D('',#5678,#5679,#5680);
#5678 = CARTESIAN_POINT('',(-36.5,6.386647203345,15.223450785043));
#5679 = DIRECTION('',(1.30866140891E-16,-0.589368703352,-0.807864178875)
  );
#5680 = DIRECTION('',(1.793818824314E-16,-0.807864178875,0.589368703352)
  );
#5681 = ADVANCED_FACE('',(#5682),#5700,.F.);
#5682 = FACE_BOUND('',#5683,.F.);
#5683 = EDGE_LOOP('',(#5684,#5692,#5698,#5699));
#5684 = ORIENTED_EDGE('',*,*,#5685,.T.);
#5685 = EDGE_CURVE('',#4525,#5686,#5688,.T.);
#5686 = VERTEX_POINT('',#5687);
#5687 = CARTESIAN_POINT('',(-34.,7.03758158498,14.659052918082));
#5688 = LINE('',#5689,#5690);
#5689 = CARTESIAN_POINT('',(-36.5,7.03758158498,14.659052918082));
#5690 = VECTOR('',#5691,1.);
#5691 = DIRECTION('',(1.,0.,-2.22044604925E-16));
#5692 = ORIENTED_EDGE('',*,*,#5693,.T.);
#5693 = EDGE_CURVE('',#5686,#5646,#5694,.T.);
#5694 = LINE('',#5695,#5696);
#5695 = CARTESIAN_POINT('',(-34.,7.03758158498,14.659052918082));
#5696 = VECTOR('',#5697,1.);
#5697 = DIRECTION('',(1.677641865479E-16,-0.755542728023,0.655099371188)
  );
#5698 = ORIENTED_EDGE('',*,*,#5645,.F.);
#5699 = ORIENTED_EDGE('',*,*,#4532,.F.);
#5700 = PLANE('',#5701);
#5701 = AXIS2_PLACEMENT_3D('',#5702,#5703,#5704);
#5702 = CARTESIAN_POINT('',(-36.5,7.03758158498,14.659052918082));
#5703 = DIRECTION('',(1.454612810622E-16,-0.655099371188,-0.755542728023
    ));
#5704 = DIRECTION('',(1.677641865479E-16,-0.755542728023,0.655099371188)
  );
#5705 = ADVANCED_FACE('',(#5706),#5740,.F.);
#5706 = FACE_BOUND('',#5707,.F.);
#5707 = EDGE_LOOP('',(#5708,#5716,#5724,#5732,#5738,#5739));
#5708 = ORIENTED_EDGE('',*,*,#5709,.T.);
#5709 = EDGE_CURVE('',#4517,#5710,#5712,.T.);
#5710 = VERTEX_POINT('',#5711);
#5711 = CARTESIAN_POINT('',(-34.,7.63884432933,14.042008646023));
#5712 = LINE('',#5713,#5714);
#5713 = CARTESIAN_POINT('',(-36.5,7.63884432933,14.042008646023));
#5714 = VECTOR('',#5715,1.);
#5715 = DIRECTION('',(1.,0.,-2.22044604925E-16));
#5716 = ORIENTED_EDGE('',*,*,#5717,.T.);
#5717 = EDGE_CURVE('',#5710,#5718,#5720,.T.);
#5718 = VERTEX_POINT('',#5719);
#5719 = CARTESIAN_POINT('',(-34.,7.374263366676,14.313534146374));
#5720 = LINE('',#5721,#5722);
#5721 = CARTESIAN_POINT('',(-34.,7.63884432933,14.042008646023));
#5722 = VECTOR('',#5723,1.);
#5723 = DIRECTION('',(1.549624018232E-16,-0.697888615108,0.716206311689)
  );
#5724 = ORIENTED_EDGE('',*,*,#5725,.T.);
#5725 = EDGE_CURVE('',#5718,#5726,#5728,.T.);
#5726 = VERTEX_POINT('',#5727);
#5727 = CARTESIAN_POINT('',(-34.,7.188679837138,14.503988743746));
#5728 = LINE('',#5729,#5730);
#5729 = CARTESIAN_POINT('',(-34.,7.63884432933,14.042008646023));
#5730 = VECTOR('',#5731,1.);
#5731 = DIRECTION('',(1.549624018232E-16,-0.697888615108,0.716206311689)
  );
#5732 = ORIENTED_EDGE('',*,*,#5733,.T.);
#5733 = EDGE_CURVE('',#5726,#5686,#5734,.T.);
#5734 = LINE('',#5735,#5736);
#5735 = CARTESIAN_POINT('',(-34.,7.63884432933,14.042008646023));
#5736 = VECTOR('',#5737,1.);
#5737 = DIRECTION('',(1.549624018232E-16,-0.697888615108,0.716206311689)
  );
#5738 = ORIENTED_EDGE('',*,*,#5685,.F.);
#5739 = ORIENTED_EDGE('',*,*,#4524,.F.);
#5740 = PLANE('',#5741);
#5741 = AXIS2_PLACEMENT_3D('',#5742,#5743,#5744);
#5742 = CARTESIAN_POINT('',(-36.5,7.63884432933,14.042008646023));
#5743 = DIRECTION('',(1.590297475238E-16,-0.716206311689,-0.697888615108
    ));
#5744 = DIRECTION('',(1.549624018232E-16,-0.697888615108,0.716206311689)
  );
#5745 = ADVANCED_FACE('',(#5746),#5780,.F.);
#5746 = FACE_BOUND('',#5747,.F.);
#5747 = EDGE_LOOP('',(#5748,#5756,#5764,#5772,#5778,#5779));
#5748 = ORIENTED_EDGE('',*,*,#5749,.T.);
#5749 = EDGE_CURVE('',#4509,#5750,#5752,.T.);
#5750 = VERTEX_POINT('',#5751);
#5751 = CARTESIAN_POINT('',(-34.,8.186191690929,13.376673101223));
#5752 = LINE('',#5753,#5754);
#5753 = CARTESIAN_POINT('',(-36.5,8.186191690929,13.376673101223));
#5754 = VECTOR('',#5755,1.);
#5755 = DIRECTION('',(1.,0.,-2.22044604925E-16));
#5756 = ORIENTED_EDGE('',*,*,#5757,.T.);
#5757 = EDGE_CURVE('',#5750,#5758,#5760,.T.);
#5758 = VERTEX_POINT('',#5759);
#5759 = CARTESIAN_POINT('',(-34.,8.16803306029,13.398746072166));
#5760 = LINE('',#5761,#5762);
#5761 = CARTESIAN_POINT('',(-34.,8.186191690929,13.376673101223));
#5762 = VECTOR('',#5763,1.);
#5763 = DIRECTION('',(1.41066883957E-16,-0.635308766023,0.772258228713)
  );
#5764 = ORIENTED_EDGE('',*,*,#5765,.T.);
#5765 = EDGE_CURVE('',#5758,#5766,#5768,.T.);
#5766 = VERTEX_POINT('',#5767);
#5767 = CARTESIAN_POINT('',(-34.,8.115161987989,13.463014224644));
#5768 = LINE('',#5769,#5770);
#5769 = CARTESIAN_POINT('',(-34.,8.186191690929,13.376673101223));
#5770 = VECTOR('',#5771,1.);
#5771 = DIRECTION('',(1.41066883957E-16,-0.635308766023,0.772258228713)
  );
#5772 = ORIENTED_EDGE('',*,*,#5773,.T.);
#5773 = EDGE_CURVE('',#5766,#5710,#5774,.T.);
#5774 = LINE('',#5775,#5776);
#5775 = CARTESIAN_POINT('',(-34.,8.186191690929,13.376673101223));
#5776 = VECTOR('',#5777,1.);
#5777 = DIRECTION('',(1.41066883957E-16,-0.635308766023,0.772258228713)
  );
#5778 = ORIENTED_EDGE('',*,*,#5709,.F.);
#5779 = ORIENTED_EDGE('',*,*,#4516,.F.);
#5780 = PLANE('',#5781);
#5781 = AXIS2_PLACEMENT_3D('',#5782,#5783,#5784);
#5782 = CARTESIAN_POINT('',(-36.5,8.186191690929,13.376673101223));
#5783 = DIRECTION('',(1.714757732946E-16,-0.772258228713,-0.635308766023
    ));
#5784 = DIRECTION('',(1.41066883957E-16,-0.635308766023,0.772258228713)
  );
#5785 = ADVANCED_FACE('',(#5786),#5804,.F.);
#5786 = FACE_BOUND('',#5787,.F.);
#5787 = EDGE_LOOP('',(#5788,#5796,#5802,#5803));
#5788 = ORIENTED_EDGE('',*,*,#5789,.T.);
#5789 = EDGE_CURVE('',#4501,#5790,#5792,.T.);
#5790 = VERTEX_POINT('',#5791);
#5791 = CARTESIAN_POINT('',(-34.,8.675760462041,12.667742258491));
#5792 = LINE('',#5793,#5794);
#5793 = CARTESIAN_POINT('',(-36.5,8.675760462041,12.667742258491));
#5794 = VECTOR('',#5795,1.);
#5795 = DIRECTION('',(1.,0.,-2.22044604925E-16));
#5796 = ORIENTED_EDGE('',*,*,#5797,.T.);
#5797 = EDGE_CURVE('',#5790,#5750,#5798,.T.);
#5798 = LINE('',#5799,#5800);
#5799 = CARTESIAN_POINT('',(-34.,8.675760462041,12.667742258491));
#5800 = VECTOR('',#5801,1.);
#5801 = DIRECTION('',(1.261757082773E-16,-0.568244872781,0.82285950475)
  );
#5802 = ORIENTED_EDGE('',*,*,#5749,.F.);
#5803 = ORIENTED_EDGE('',*,*,#4508,.F.);
#5804 = PLANE('',#5805);
#5805 = AXIS2_PLACEMENT_3D('',#5806,#5807,#5808);
#5806 = CARTESIAN_POINT('',(-36.5,8.675760462041,12.667742258491));
#5807 = DIRECTION('',(1.827115136411E-16,-0.82285950475,-0.568244872781)
  );
#5808 = DIRECTION('',(1.261757082773E-16,-0.568244872781,0.82285950475)
  );
#5809 = ADVANCED_FACE('',(#5810),#5844,.F.);
#5810 = FACE_BOUND('',#5811,.F.);
#5811 = EDGE_LOOP('',(#5812,#5820,#5828,#5836,#5842,#5843));
#5812 = ORIENTED_EDGE('',*,*,#5813,.T.);
#5813 = EDGE_CURVE('',#4493,#5814,#5816,.T.);
#5814 = VERTEX_POINT('',#5815);
#5815 = CARTESIAN_POINT('',(-34.,9.104095239396,11.920219790647));
#5816 = LINE('',#5817,#5818);
#5817 = CARTESIAN_POINT('',(-36.5,9.104095239396,11.920219790647));
#5818 = VECTOR('',#5819,1.);
#5819 = DIRECTION('',(1.,0.,-2.22044604925E-16));
#5820 = ORIENTED_EDGE('',*,*,#5821,.T.);
#5821 = EDGE_CURVE('',#5814,#5822,#5824,.T.);
#5822 = VERTEX_POINT('',#5823);
#5823 = CARTESIAN_POINT('',(-34.,8.961656708907,12.168801058049));
#5824 = LINE('',#5825,#5826);
#5825 = CARTESIAN_POINT('',(-34.,9.104095239396,11.920219790647));
#5826 = VECTOR('',#5827,1.);
#5827 = DIRECTION('',(1.103939775199E-16,-0.497170276023,0.867652993218)
  );
#5828 = ORIENTED_EDGE('',*,*,#5829,.T.);
#5829 = EDGE_CURVE('',#5822,#5830,#5832,.T.);
#5830 = VERTEX_POINT('',#5831);
#5831 = CARTESIAN_POINT('',(-34.,8.824905729591,12.407456509211));
#5832 = LINE('',#5833,#5834);
#5833 = CARTESIAN_POINT('',(-34.,9.104095239396,11.920219790647));
#5834 = VECTOR('',#5835,1.);
#5835 = DIRECTION('',(1.103939775199E-16,-0.497170276023,0.867652993218)
  );
#5836 = ORIENTED_EDGE('',*,*,#5837,.T.);
#5837 = EDGE_CURVE('',#5830,#5790,#5838,.T.);
#5838 = LINE('',#5839,#5840);
#5839 = CARTESIAN_POINT('',(-34.,9.104095239396,11.920219790647));
#5840 = VECTOR('',#5841,1.);
#5841 = DIRECTION('',(1.103939775199E-16,-0.497170276023,0.867652993218)
  );
#5842 = ORIENTED_EDGE('',*,*,#5789,.F.);
#5843 = ORIENTED_EDGE('',*,*,#4500,.F.);
#5844 = PLANE('',#5845);
#5845 = AXIS2_PLACEMENT_3D('',#5846,#5847,#5848);
#5846 = CARTESIAN_POINT('',(-36.5,9.104095239396,11.920219790647));
#5847 = DIRECTION('',(1.926576660911E-16,-0.867652993218,-0.497170276023
    ));
#5848 = DIRECTION('',(1.103939775199E-16,-0.497170276023,0.867652993218)
  );
#5849 = ADVANCED_FACE('',(#5850),#5868,.F.);
#5850 = FACE_BOUND('',#5851,.F.);
#5851 = EDGE_LOOP('',(#5852,#5860,#5866,#5867));
#5852 = ORIENTED_EDGE('',*,*,#5853,.T.);
#5853 = EDGE_CURVE('',#4485,#5854,#5856,.T.);
#5854 = VERTEX_POINT('',#5855);
#5855 = CARTESIAN_POINT('',(-34.,9.468172812614,11.139381752317));
#5856 = LINE('',#5857,#5858);
#5857 = CARTESIAN_POINT('',(-36.5,9.468172812614,11.139381752317));
#5858 = VECTOR('',#5859,1.);
#5859 = DIRECTION('',(1.,0.,-2.22044604925E-16));
#5860 = ORIENTED_EDGE('',*,*,#5861,.T.);
#5861 = EDGE_CURVE('',#5854,#5814,#5862,.T.);
#5862 = LINE('',#5863,#5864);
#5863 = CARTESIAN_POINT('',(-34.,9.468172812614,11.139381752317));
#5864 = VECTOR('',#5865,1.);
#5865 = DIRECTION('',(9.3833080007E-17,-0.422586624155,0.906322539213));
#5866 = ORIENTED_EDGE('',*,*,#5813,.F.);
#5867 = ORIENTED_EDGE('',*,*,#4492,.F.);
#5868 = PLANE('',#5869);
#5869 = AXIS2_PLACEMENT_3D('',#5870,#5871,#5872);
#5870 = CARTESIAN_POINT('',(-36.5,9.468172812614,11.139381752317));
#5871 = DIRECTION('',(2.012440301542E-16,-0.906322539213,-0.422586624155
    ));
#5872 = DIRECTION('',(9.3833080007E-17,-0.422586624155,0.906322539213));
#5873 = ADVANCED_FACE('',(#5874),#5901,.F.);
#5874 = FACE_BOUND('',#5875,.F.);
#5875 = EDGE_LOOP('',(#5876,#5877,#5885,#5893,#5899,#5900));
#5876 = ORIENTED_EDGE('',*,*,#4810,.T.);
#5877 = ORIENTED_EDGE('',*,*,#5878,.T.);
#5878 = EDGE_CURVE('',#4803,#5879,#5881,.T.);
#5879 = VERTEX_POINT('',#5880);
#5880 = CARTESIAN_POINT('',(-34.,9.518524723498,11.002404136967));
#5881 = LINE('',#5882,#5883);
#5882 = CARTESIAN_POINT('',(-34.,9.76542350219,10.330739341253));
#5883 = VECTOR('',#5884,1.);
#5884 = DIRECTION('',(7.660990346273E-17,-0.345020332688,0.938595210957)
  );
#5885 = ORIENTED_EDGE('',*,*,#5886,.T.);
#5886 = EDGE_CURVE('',#5879,#5887,#5889,.T.);
#5887 = VERTEX_POINT('',#5888);
#5888 = CARTESIAN_POINT('',(-34.,9.481676418666,11.102646468131));
#5889 = LINE('',#5890,#5891);
#5890 = CARTESIAN_POINT('',(-34.,9.76542350219,10.330739341253));
#5891 = VECTOR('',#5892,1.);
#5892 = DIRECTION('',(7.660990346273E-17,-0.345020332688,0.938595210957)
  );
#5893 = ORIENTED_EDGE('',*,*,#5894,.T.);
#5894 = EDGE_CURVE('',#5887,#5854,#5895,.T.);
#5895 = LINE('',#5896,#5897);
#5896 = CARTESIAN_POINT('',(-34.,9.76542350219,10.330739341253));
#5897 = VECTOR('',#5898,1.);
#5898 = DIRECTION('',(7.660990346273E-17,-0.345020332688,0.938595210957)
  );
#5899 = ORIENTED_EDGE('',*,*,#5853,.F.);
#5900 = ORIENTED_EDGE('',*,*,#4484,.F.);
#5901 = PLANE('',#5902);
#5902 = AXIS2_PLACEMENT_3D('',#5903,#5904,#5905);
#5903 = CARTESIAN_POINT('',(-36.5,9.76542350219,10.330739341253));
#5904 = DIRECTION('',(2.084100028016E-16,-0.938595210957,-0.345020332688
    ));
#5905 = DIRECTION('',(7.660990346273E-17,-0.345020332688,0.938595210957)
  );
#5906 = ADVANCED_FACE('',(#5907),#5924,.F.);
#5907 = FACE_BOUND('',#5908,.F.);
#5908 = EDGE_LOOP('',(#5909,#5910,#5918));
#5909 = ORIENTED_EDGE('',*,*,#4794,.F.);
#5910 = ORIENTED_EDGE('',*,*,#5911,.T.);
#5911 = EDGE_CURVE('',#4787,#5912,#5914,.T.);
#5912 = VERTEX_POINT('',#5913);
#5913 = CARTESIAN_POINT('',(-34.,9.919013987326,9.803495058424));
#5914 = LINE('',#5915,#5916);
#5915 = CARTESIAN_POINT('',(-34.,10.174636380056,8.481327254704));
#5916 = VECTOR('',#5917,1.);
#5917 = DIRECTION('',(4.214866975428E-17,-0.1898207334,0.98181876595));
#5918 = ORIENTED_EDGE('',*,*,#5919,.T.);
#5919 = EDGE_CURVE('',#5912,#4795,#5920,.T.);
#5920 = LINE('',#5921,#5922);
#5921 = CARTESIAN_POINT('',(-34.,9.919013987326,9.803495058424));
#5922 = VECTOR('',#5923,1.);
#5923 = DIRECTION('',(7.03514970166E-17,-0.316834975749,0.948480678845)
  );
#5924 = PLANE('',#5925);
#5925 = AXIS2_PLACEMENT_3D('',#5926,#5927,#5928);
#5926 = CARTESIAN_POINT('',(-34.,-1.923799593555E-15,8.66402313267));
#5927 = DIRECTION('',(1.,0.,-2.22044604925E-16));
#5928 = DIRECTION('',(-2.22044604925E-16,1.,0.));
#5929 = ADVANCED_FACE('',(#5930),#5940,.T.);
#5930 = FACE_BOUND('',#5931,.T.);
#5931 = EDGE_LOOP('',(#5932,#5938,#5939));
#5932 = ORIENTED_EDGE('',*,*,#5933,.F.);
#5933 = EDGE_CURVE('',#4795,#5879,#5934,.T.);
#5934 = LINE('',#5935,#5936);
#5935 = CARTESIAN_POINT('',(-34.,9.919013987326,9.803495058424));
#5936 = VECTOR('',#5937,1.);
#5937 = DIRECTION('',(7.03514970166E-17,-0.316834975749,0.948480678845)
  );
#5938 = ORIENTED_EDGE('',*,*,#4802,.T.);
#5939 = ORIENTED_EDGE('',*,*,#5878,.T.);
#5940 = PLANE('',#5941);
#5941 = AXIS2_PLACEMENT_3D('',#5942,#5943,#5944);
#5942 = CARTESIAN_POINT('',(-34.,-3.367171044518E-15,12.472880524247));
#5943 = DIRECTION('',(1.,0.,-2.22044604925E-16));
#5944 = DIRECTION('',(-2.22044604925E-16,1.,0.));
#5945 = ADVANCED_FACE('',(#5946),#5980,.F.);
#5946 = FACE_BOUND('',#5947,.F.);
#5947 = EDGE_LOOP('',(#5948,#5958,#5966,#5972,#5973,#5974));
#5948 = ORIENTED_EDGE('',*,*,#5949,.T.);
#5949 = EDGE_CURVE('',#5950,#5952,#5954,.T.);
#5950 = VERTEX_POINT('',#5951);
#5951 = CARTESIAN_POINT('',(-34.,10.174636380056,8.481327254704));
#5952 = VERTEX_POINT('',#5953);
#5953 = CARTESIAN_POINT('',(-30.6,10.174636380056,8.481327254704));
#5954 = LINE('',#5955,#5956);
#5955 = CARTESIAN_POINT('',(-34.,10.174636380056,8.481327254704));
#5956 = VECTOR('',#5957,1.);
#5957 = DIRECTION('',(1.,0.,-2.22044604925E-16));
#5958 = ORIENTED_EDGE('',*,*,#5959,.T.);
#5959 = EDGE_CURVE('',#5952,#5960,#5962,.T.);
#5960 = VERTEX_POINT('',#5961);
#5961 = CARTESIAN_POINT('',(-30.6,9.919013987326,9.803495058424));
#5962 = LINE('',#5963,#5964);
#5963 = CARTESIAN_POINT('',(-30.6,10.174636380056,8.481327254704));
#5964 = VECTOR('',#5965,1.);
#5965 = DIRECTION('',(4.214866975428E-17,-0.1898207334,0.98181876595));
#5966 = ORIENTED_EDGE('',*,*,#5967,.F.);
#5967 = EDGE_CURVE('',#5912,#5960,#5968,.T.);
#5968 = LINE('',#5969,#5970);
#5969 = CARTESIAN_POINT('',(-34.,9.919013987326,9.803495058424));
#5970 = VECTOR('',#5971,1.);
#5971 = DIRECTION('',(1.,0.,-2.22044604925E-16));
#5972 = ORIENTED_EDGE('',*,*,#5911,.F.);
#5973 = ORIENTED_EDGE('',*,*,#4834,.F.);
#5974 = ORIENTED_EDGE('',*,*,#5975,.F.);
#5975 = EDGE_CURVE('',#5950,#4826,#5976,.T.);
#5976 = LINE('',#5977,#5978);
#5977 = CARTESIAN_POINT('',(-34.,10.174636380056,8.481327254704));
#5978 = VECTOR('',#5979,1.);
#5979 = DIRECTION('',(4.214866975428E-17,-0.1898207334,0.98181876595));
#5980 = PLANE('',#5981);
#5981 = AXIS2_PLACEMENT_3D('',#5982,#5983,#5984);
#5982 = CARTESIAN_POINT('',(-34.,10.174636380056,8.481327254704));
#5983 = DIRECTION('',(2.180075599934E-16,-0.98181876595,-0.1898207334));
#5984 = DIRECTION('',(4.214866975428E-17,-0.1898207334,0.98181876595));
#5985 = ADVANCED_FACE('',(#5986),#6027,.F.);
#5986 = FACE_BOUND('',#5987,.F.);
#5987 = EDGE_LOOP('',(#5988,#5996,#6004,#6012,#6020,#6026));
#5988 = ORIENTED_EDGE('',*,*,#5989,.F.);
#5989 = EDGE_CURVE('',#5990,#5950,#5992,.T.);
#5990 = VERTEX_POINT('',#5991);
#5991 = CARTESIAN_POINT('',(-34.,10.254806876934,7.137064185104));
#5992 = LINE('',#5993,#5994);
#5993 = CARTESIAN_POINT('',(-34.,10.254806876934,7.137064185104));
#5994 = VECTOR('',#5995,1.);
#5995 = DIRECTION('',(1.321902889982E-17,-5.953321362742E-02,
    0.998226325277));
#5996 = ORIENTED_EDGE('',*,*,#5997,.T.);
#5997 = EDGE_CURVE('',#5990,#5998,#6000,.T.);
#5998 = VERTEX_POINT('',#5999);
#5999 = CARTESIAN_POINT('',(-33.77540452819,10.254806876934,
    7.137064185104));
#6000 = LINE('',#6001,#6002);
#6001 = CARTESIAN_POINT('',(-34.,10.254806876934,7.137064185104));
#6002 = VECTOR('',#6003,1.);
#6003 = DIRECTION('',(1.,0.,-2.22044604925E-16));
#6004 = ORIENTED_EDGE('',*,*,#6005,.F.);
#6005 = EDGE_CURVE('',#6006,#5998,#6008,.T.);
#6006 = VERTEX_POINT('',#6007);
#6007 = CARTESIAN_POINT('',(-33.79315914489,10.25,7.217663749701));
#6008 = LINE('',#6009,#6010);
#6009 = CARTESIAN_POINT('',(-33.00387225531,10.463691177178,
    3.634585572989));
#6010 = VECTOR('',#6011,1.);
#6011 = DIRECTION('',(0.214760319553,5.81441122391E-02,-0.97493449388));
#6012 = ORIENTED_EDGE('',*,*,#6013,.F.);
#6013 = EDGE_CURVE('',#6014,#6006,#6016,.T.);
#6014 = VERTEX_POINT('',#6015);
#6015 = CARTESIAN_POINT('',(-30.6,10.25,7.217663749701));
#6016 = LINE('',#6017,#6018);
#6017 = CARTESIAN_POINT('',(-34.,10.25,7.217663749701));
#6018 = VECTOR('',#6019,1.);
#6019 = DIRECTION('',(-1.,0.,-3.723144720676E-15));
#6020 = ORIENTED_EDGE('',*,*,#6021,.T.);
#6021 = EDGE_CURVE('',#6014,#5952,#6022,.T.);
#6022 = LINE('',#6023,#6024);
#6023 = CARTESIAN_POINT('',(-30.6,10.254806876934,7.137064185104));
#6024 = VECTOR('',#6025,1.);
#6025 = DIRECTION('',(1.321902889982E-17,-5.953321362742E-02,
    0.998226325277));
#6026 = ORIENTED_EDGE('',*,*,#5949,.F.);
#6027 = PLANE('',#6028);
#6028 = AXIS2_PLACEMENT_3D('',#6029,#6030,#6031);
#6029 = CARTESIAN_POINT('',(-34.,10.254806876934,7.137064185104));
#6030 = DIRECTION('',(2.216507700218E-16,-0.998226325277,
    -5.953321362742E-02));
#6031 = DIRECTION('',(1.321902889982E-17,-5.953321362742E-02,
    0.998226325277));
#6032 = ADVANCED_FACE('',(#6033),#6074,.F.);
#6033 = FACE_BOUND('',#6034,.F.);
#6034 = EDGE_LOOP('',(#6035,#6043,#6051,#6059,#6067,#6073));
#6035 = ORIENTED_EDGE('',*,*,#6036,.F.);
#6036 = EDGE_CURVE('',#6037,#5990,#6039,.T.);
#6037 = VERTEX_POINT('',#6038);
#6038 = CARTESIAN_POINT('',(-34.,10.158143014238,5.79388638358));
#6039 = LINE('',#6040,#6041);
#6040 = CARTESIAN_POINT('',(-34.,10.158143014238,5.79388638358));
#6041 = VECTOR('',#6042,1.);
#6042 = DIRECTION('',(-1.593856149457E-17,7.178089960777E-02,
    0.99742042412));
#6043 = ORIENTED_EDGE('',*,*,#6044,.T.);
#6044 = EDGE_CURVE('',#6037,#6045,#6047,.T.);
#6045 = VERTEX_POINT('',#6046);
#6046 = CARTESIAN_POINT('',(-30.6,10.158143014238,5.79388638358));
#6047 = LINE('',#6048,#6049);
#6048 = CARTESIAN_POINT('',(-34.,10.158143014238,5.79388638358));
#6049 = VECTOR('',#6050,1.);
#6050 = DIRECTION('',(1.,0.,-2.22044604925E-16));
#6051 = ORIENTED_EDGE('',*,*,#6052,.T.);
#6052 = EDGE_CURVE('',#6045,#6053,#6055,.T.);
#6053 = VERTEX_POINT('',#6054);
#6054 = CARTESIAN_POINT('',(-30.6,10.25,7.070270967745));
#6055 = LINE('',#6056,#6057);
#6056 = CARTESIAN_POINT('',(-30.6,10.158143014238,5.79388638358));
#6057 = VECTOR('',#6058,1.);
#6058 = DIRECTION('',(-1.593856149457E-17,7.178089960777E-02,
    0.99742042412));
#6059 = ORIENTED_EDGE('',*,*,#6060,.F.);
#6060 = EDGE_CURVE('',#6061,#6053,#6063,.T.);
#6061 = VERTEX_POINT('',#6062);
#6062 = CARTESIAN_POINT('',(-33.79315914489,10.25,7.070270967745));
#6063 = LINE('',#6064,#6065);
#6064 = CARTESIAN_POINT('',(-34.,10.25,7.070270967745));
#6065 = VECTOR('',#6066,1.);
#6066 = DIRECTION('',(1.,0.,-3.085386575371E-15));
#6067 = ORIENTED_EDGE('',*,*,#6068,.F.);
#6068 = EDGE_CURVE('',#5998,#6061,#6069,.T.);
#6069 = LINE('',#6070,#6071);
#6070 = CARTESIAN_POINT('',(-34.68016364963,10.009852799682,
    3.733342568947));
#6071 = VECTOR('',#6072,1.);
#6072 = DIRECTION('',(-0.256274724938,-6.938370366494E-02,
    -0.964110557469));
#6073 = ORIENTED_EDGE('',*,*,#5997,.F.);
#6074 = PLANE('',#6075);
#6075 = AXIS2_PLACEMENT_3D('',#6076,#6077,#6078);
#6076 = CARTESIAN_POINT('',(-34.,10.158143014238,5.79388638358));
#6077 = DIRECTION('',(2.214718240179E-16,-0.99742042412,
    7.178089960777E-02));
#6078 = DIRECTION('',(-1.593856149457E-17,7.178089960777E-02,
    0.99742042412));
#6079 = ADVANCED_FACE('',(#6080),#6105,.F.);
#6080 = FACE_BOUND('',#6081,.F.);
#6081 = EDGE_LOOP('',(#6082,#6092,#6098,#6099));
#6082 = ORIENTED_EDGE('',*,*,#6083,.T.);
#6083 = EDGE_CURVE('',#6084,#6086,#6088,.T.);
#6084 = VERTEX_POINT('',#6085);
#6085 = CARTESIAN_POINT('',(-34.,9.886311668046,4.474955669673));
#6086 = VERTEX_POINT('',#6087);
#6087 = CARTESIAN_POINT('',(-30.6,9.886311668046,4.474955669673));
#6088 = LINE('',#6089,#6090);
#6089 = CARTESIAN_POINT('',(-34.,9.886311668046,4.474955669673));
#6090 = VECTOR('',#6091,1.);
#6091 = DIRECTION('',(1.,0.,-2.22044604925E-16));
#6092 = ORIENTED_EDGE('',*,*,#6093,.T.);
#6093 = EDGE_CURVE('',#6086,#6045,#6094,.T.);
#6094 = LINE('',#6095,#6096);
#6095 = CARTESIAN_POINT('',(-30.6,9.886311668046,4.474955669673));
#6096 = VECTOR('',#6097,1.);
#6097 = DIRECTION('',(-4.482130660438E-17,0.201857219722,0.979414959476)
  );
#6098 = ORIENTED_EDGE('',*,*,#6044,.F.);
#6099 = ORIENTED_EDGE('',*,*,#6100,.F.);
#6100 = EDGE_CURVE('',#6084,#6037,#6101,.T.);
#6101 = LINE('',#6102,#6103);
#6102 = CARTESIAN_POINT('',(-34.,9.886311668046,4.474955669673));
#6103 = VECTOR('',#6104,1.);
#6104 = DIRECTION('',(-4.482130660438E-17,0.201857219722,0.979414959476)
  );
#6105 = PLANE('',#6106);
#6106 = AXIS2_PLACEMENT_3D('',#6107,#6108,#6109);
#6107 = CARTESIAN_POINT('',(-34.,9.886311668046,4.474955669673));
#6108 = DIRECTION('',(2.174738077346E-16,-0.979414959476,0.201857219722)
  );
#6109 = DIRECTION('',(-4.482130660438E-17,0.201857219722,0.979414959476)
  );
#6110 = ADVANCED_FACE('',(#6111),#6136,.F.);
#6111 = FACE_BOUND('',#6112,.F.);
#6112 = EDGE_LOOP('',(#6113,#6123,#6129,#6130));
#6113 = ORIENTED_EDGE('',*,*,#6114,.T.);
#6114 = EDGE_CURVE('',#6115,#6117,#6119,.T.);
#6115 = VERTEX_POINT('',#6116);
#6116 = CARTESIAN_POINT('',(-34.,9.444000310545,3.203015745036));
#6117 = VERTEX_POINT('',#6118);
#6118 = CARTESIAN_POINT('',(-30.6,9.444000310545,3.203015745036));
#6119 = LINE('',#6120,#6121);
#6120 = CARTESIAN_POINT('',(-34.,9.444000310545,3.203015745036));
#6121 = VECTOR('',#6122,1.);
#6122 = DIRECTION('',(1.,0.,-2.22044604925E-16));
#6123 = ORIENTED_EDGE('',*,*,#6124,.T.);
#6124 = EDGE_CURVE('',#6117,#6086,#6125,.T.);
#6125 = LINE('',#6126,#6127);
#6126 = CARTESIAN_POINT('',(-30.6,9.444000310545,3.203015745036));
#6127 = VECTOR('',#6128,1.);
#6128 = DIRECTION('',(-7.293115104978E-17,0.328452704691,0.944520418403)
  );
#6129 = ORIENTED_EDGE('',*,*,#6083,.F.);
#6130 = ORIENTED_EDGE('',*,*,#6131,.F.);
#6131 = EDGE_CURVE('',#6115,#6084,#6132,.T.);
#6132 = LINE('',#6133,#6134);
#6133 = CARTESIAN_POINT('',(-34.,9.444000310545,3.203015745036));
#6134 = VECTOR('',#6135,1.);
#6135 = DIRECTION('',(-7.293115104978E-17,0.328452704691,0.944520418403)
  );
#6136 = PLANE('',#6137);
#6137 = AXIS2_PLACEMENT_3D('',#6138,#6139,#6140);
#6138 = CARTESIAN_POINT('',(-34.,9.444000310545,3.203015745036));
#6139 = DIRECTION('',(2.09725663148E-16,-0.944520418403,0.328452704691)
  );
#6140 = DIRECTION('',(-7.293115104978E-17,0.328452704691,0.944520418403)
  );
#6141 = ADVANCED_FACE('',(#6142),#6167,.F.);
#6142 = FACE_BOUND('',#6143,.F.);
#6143 = EDGE_LOOP('',(#6144,#6152,#6160,#6166));
#6144 = ORIENTED_EDGE('',*,*,#6145,.F.);
#6145 = EDGE_CURVE('',#6146,#6115,#6148,.T.);
#6146 = VERTEX_POINT('',#6147);
#6147 = CARTESIAN_POINT('',(-34.,8.889140103495,2.1));
#6148 = LINE('',#6149,#6150);
#6149 = CARTESIAN_POINT('',(-34.,8.838836179045,2.));
#6150 = VECTOR('',#6151,1.);
#6151 = DIRECTION('',(-9.978336738539E-17,0.449384336175,0.893338523966)
  );
#6152 = ORIENTED_EDGE('',*,*,#6153,.T.);
#6153 = EDGE_CURVE('',#6146,#6154,#6156,.T.);
#6154 = VERTEX_POINT('',#6155);
#6155 = CARTESIAN_POINT('',(-30.6,8.889140103495,2.1));
#6156 = LINE('',#6157,#6158);
#6157 = CARTESIAN_POINT('',(-34.,8.889140103495,2.1));
#6158 = VECTOR('',#6159,1.);
#6159 = DIRECTION('',(1.,2.22044604925E-16,-0.));
#6160 = ORIENTED_EDGE('',*,*,#6161,.T.);
#6161 = EDGE_CURVE('',#6154,#6117,#6162,.T.);
#6162 = LINE('',#6163,#6164);
#6163 = CARTESIAN_POINT('',(-30.6,8.838836179045,2.));
#6164 = VECTOR('',#6165,1.);
#6165 = DIRECTION('',(-9.978336738539E-17,0.449384336175,0.893338523966)
  );
#6166 = ORIENTED_EDGE('',*,*,#6114,.F.);
#6167 = PLANE('',#6168);
#6168 = AXIS2_PLACEMENT_3D('',#6169,#6170,#6171);
#6169 = CARTESIAN_POINT('',(-34.,8.838836179045,2.));
#6170 = DIRECTION('',(1.983609996182E-16,-0.893338523966,0.449384336175)
  );
#6171 = DIRECTION('',(-9.978336738539E-17,0.449384336175,0.893338523966)
  );
#6172 = ADVANCED_FACE('',(#6173),#6183,.T.);
#6173 = FACE_BOUND('',#6174,.T.);
#6174 = EDGE_LOOP('',(#6175,#6176,#6182));
#6175 = ORIENTED_EDGE('',*,*,#4856,.T.);
#6176 = ORIENTED_EDGE('',*,*,#6177,.F.);
#6177 = EDGE_CURVE('',#4926,#4857,#6178,.T.);
#6178 = LINE('',#6179,#6180);
#6179 = CARTESIAN_POINT('',(-34.,-9.492347662994,11.080768074087));
#6180 = VECTOR('',#6181,1.);
#6181 = DIRECTION('',(7.03514970166E-17,-0.316834975749,-0.948480678845)
  );
#6182 = ORIENTED_EDGE('',*,*,#4933,.T.);
#6183 = PLANE('',#6184);
#6184 = AXIS2_PLACEMENT_3D('',#6185,#6186,#6187);
#6185 = CARTESIAN_POINT('',(-34.,-3.367171044518E-15,12.472880524247));
#6186 = DIRECTION('',(1.,0.,-2.22044604925E-16));
#6187 = DIRECTION('',(-2.22044604925E-16,1.,0.));
#6188 = ADVANCED_FACE('',(#6189),#6199,.F.);
#6189 = FACE_BOUND('',#6190,.F.);
#6190 = EDGE_LOOP('',(#6191,#6192,#6193));
#6191 = ORIENTED_EDGE('',*,*,#2296,.T.);
#6192 = ORIENTED_EDGE('',*,*,#4864,.F.);
#6193 = ORIENTED_EDGE('',*,*,#6194,.T.);
#6194 = EDGE_CURVE('',#4857,#2264,#6195,.T.);
#6195 = LINE('',#6196,#6197);
#6196 = CARTESIAN_POINT('',(-34.,-9.492347662994,11.080768074087));
#6197 = VECTOR('',#6198,1.);
#6198 = DIRECTION('',(7.03514970166E-17,-0.316834975749,-0.948480678845)
  );
#6199 = PLANE('',#6200);
#6200 = AXIS2_PLACEMENT_3D('',#6201,#6202,#6203);
#6201 = CARTESIAN_POINT('',(-34.,-1.923799593555E-15,8.66402313267));
#6202 = DIRECTION('',(1.,0.,-2.22044604925E-16));
#6203 = DIRECTION('',(-2.22044604925E-16,1.,0.));
#6204 = ADVANCED_FACE('',(#6205),#6216,.T.);
#6205 = FACE_BOUND('',#6206,.T.);
#6206 = EDGE_LOOP('',(#6207,#6208,#6214,#6215));
#6207 = ORIENTED_EDGE('',*,*,#4917,.T.);
#6208 = ORIENTED_EDGE('',*,*,#6209,.F.);
#6209 = EDGE_CURVE('',#4990,#4918,#6210,.T.);
#6210 = LINE('',#6211,#6212);
#6211 = CARTESIAN_POINT('',(-34.,-8.901994860704,12.291120947296));
#6212 = VECTOR('',#6213,1.);
#6213 = DIRECTION('',(9.734117984147E-17,-0.438385701262,-0.898786947463
    ));
#6214 = ORIENTED_EDGE('',*,*,#4997,.T.);
#6215 = ORIENTED_EDGE('',*,*,#4957,.T.);
#6216 = PLANE('',#6217);
#6217 = AXIS2_PLACEMENT_3D('',#6218,#6219,#6220);
#6218 = CARTESIAN_POINT('',(-34.,-3.367171044518E-15,12.472880524247));
#6219 = DIRECTION('',(1.,0.,-2.22044604925E-16));
#6220 = DIRECTION('',(-2.22044604925E-16,1.,0.));
#6221 = ADVANCED_FACE('',(#6222),#6239,.F.);
#6222 = FACE_BOUND('',#6223,.F.);
#6223 = EDGE_LOOP('',(#6224,#6232,#6233));
#6224 = ORIENTED_EDGE('',*,*,#6225,.T.);
#6225 = EDGE_CURVE('',#6226,#4926,#6228,.T.);
#6226 = VERTEX_POINT('',#6227);
#6227 = CARTESIAN_POINT('',(-34.,-9.492347662994,11.080768074087));
#6228 = LINE('',#6229,#6230);
#6229 = CARTESIAN_POINT('',(-34.,-9.492347662994,11.080768074087));
#6230 = VECTOR('',#6231,1.);
#6231 = DIRECTION('',(7.03514970166E-17,-0.316834975749,-0.948480678845)
  );
#6232 = ORIENTED_EDGE('',*,*,#4925,.F.);
#6233 = ORIENTED_EDGE('',*,*,#6234,.T.);
#6234 = EDGE_CURVE('',#4918,#6226,#6235,.T.);
#6235 = LINE('',#6236,#6237);
#6236 = CARTESIAN_POINT('',(-34.,-8.901994860704,12.291120947296));
#6237 = VECTOR('',#6238,1.);
#6238 = DIRECTION('',(9.734117984147E-17,-0.438385701262,-0.898786947463
    ));
#6239 = PLANE('',#6240);
#6240 = AXIS2_PLACEMENT_3D('',#6241,#6242,#6243);
#6241 = CARTESIAN_POINT('',(-34.,-1.923799593555E-15,8.66402313267));
#6242 = DIRECTION('',(1.,0.,-2.22044604925E-16));
#6243 = DIRECTION('',(-2.22044604925E-16,1.,0.));
#6244 = ADVANCED_FACE('',(#6245),#6256,.T.);
#6245 = FACE_BOUND('',#6246,.T.);
#6246 = EDGE_LOOP('',(#6247,#6248,#6254,#6255));
#6247 = ORIENTED_EDGE('',*,*,#4981,.T.);
#6248 = ORIENTED_EDGE('',*,*,#6249,.F.);
#6249 = EDGE_CURVE('',#5054,#4982,#6250,.T.);
#6250 = LINE('',#6251,#6252);
#6251 = CARTESIAN_POINT('',(-34.,-8.158135651223,13.41368229766));
#6252 = VECTOR('',#6253,1.);
#6253 = DIRECTION('',(1.226523069018E-16,-0.552376883659,-0.833594492784
    ));
#6254 = ORIENTED_EDGE('',*,*,#5061,.T.);
#6255 = ORIENTED_EDGE('',*,*,#5021,.T.);
#6256 = PLANE('',#6257);
#6257 = AXIS2_PLACEMENT_3D('',#6258,#6259,#6260);
#6258 = CARTESIAN_POINT('',(-34.,-3.367171044518E-15,12.472880524247));
#6259 = DIRECTION('',(1.,0.,-2.22044604925E-16));
#6260 = DIRECTION('',(-2.22044604925E-16,1.,0.));
#6261 = ADVANCED_FACE('',(#6262),#6279,.F.);
#6262 = FACE_BOUND('',#6263,.F.);
#6263 = EDGE_LOOP('',(#6264,#6272,#6273));
#6264 = ORIENTED_EDGE('',*,*,#6265,.T.);
#6265 = EDGE_CURVE('',#6266,#4990,#6268,.T.);
#6266 = VERTEX_POINT('',#6267);
#6267 = CARTESIAN_POINT('',(-34.,-8.901994860704,12.291120947296));
#6268 = LINE('',#6269,#6270);
#6269 = CARTESIAN_POINT('',(-34.,-8.901994860704,12.291120947296));
#6270 = VECTOR('',#6271,1.);
#6271 = DIRECTION('',(9.734117984147E-17,-0.438385701262,-0.898786947463
    ));
#6272 = ORIENTED_EDGE('',*,*,#4989,.F.);
#6273 = ORIENTED_EDGE('',*,*,#6274,.T.);
#6274 = EDGE_CURVE('',#4982,#6266,#6275,.T.);
#6275 = LINE('',#6276,#6277);
#6276 = CARTESIAN_POINT('',(-34.,-8.158135651223,13.41368229766));
#6277 = VECTOR('',#6278,1.);
#6278 = DIRECTION('',(1.226523069018E-16,-0.552376883659,-0.833594492784
    ));
#6279 = PLANE('',#6280);
#6280 = AXIS2_PLACEMENT_3D('',#6281,#6282,#6283);
#6281 = CARTESIAN_POINT('',(-34.,-1.923799593555E-15,8.66402313267));
#6282 = DIRECTION('',(1.,0.,-2.22044604925E-16));
#6283 = DIRECTION('',(-2.22044604925E-16,1.,0.));
#6284 = ADVANCED_FACE('',(#6285),#6295,.T.);
#6285 = FACE_BOUND('',#6286,.T.);
#6286 = EDGE_LOOP('',(#6287,#6288,#6294));
#6287 = ORIENTED_EDGE('',*,*,#5045,.T.);
#6288 = ORIENTED_EDGE('',*,*,#6289,.F.);
#6289 = EDGE_CURVE('',#5094,#5046,#6290,.T.);
#6290 = LINE('',#6291,#6292);
#6291 = CARTESIAN_POINT('',(-34.,-7.273597176836,14.429094625824));
#6292 = VECTOR('',#6293,1.);
#6293 = DIRECTION('',(1.458484119631E-16,-0.656842853769,-0.754027496483
    ));
#6294 = ORIENTED_EDGE('',*,*,#5101,.T.);
#6295 = PLANE('',#6296);
#6296 = AXIS2_PLACEMENT_3D('',#6297,#6298,#6299);
#6297 = CARTESIAN_POINT('',(-34.,-3.367171044518E-15,12.472880524247));
#6298 = DIRECTION('',(1.,0.,-2.22044604925E-16));
#6299 = DIRECTION('',(-2.22044604925E-16,1.,0.));
#6300 = ADVANCED_FACE('',(#6301),#6318,.F.);
#6301 = FACE_BOUND('',#6302,.F.);
#6302 = EDGE_LOOP('',(#6303,#6311,#6312));
#6303 = ORIENTED_EDGE('',*,*,#6304,.T.);
#6304 = EDGE_CURVE('',#6305,#5054,#6307,.T.);
#6305 = VERTEX_POINT('',#6306);
#6306 = CARTESIAN_POINT('',(-34.,-8.158135651223,13.41368229766));
#6307 = LINE('',#6308,#6309);
#6308 = CARTESIAN_POINT('',(-34.,-8.158135651223,13.41368229766));
#6309 = VECTOR('',#6310,1.);
#6310 = DIRECTION('',(1.226523069018E-16,-0.552376883659,-0.833594492784
    ));
#6311 = ORIENTED_EDGE('',*,*,#5053,.F.);
#6312 = ORIENTED_EDGE('',*,*,#6313,.T.);
#6313 = EDGE_CURVE('',#5046,#6305,#6314,.T.);
#6314 = LINE('',#6315,#6316);
#6315 = CARTESIAN_POINT('',(-34.,-7.273597176836,14.429094625824));
#6316 = VECTOR('',#6317,1.);
#6317 = DIRECTION('',(1.458484119631E-16,-0.656842853769,-0.754027496483
    ));
#6318 = PLANE('',#6319);
#6319 = AXIS2_PLACEMENT_3D('',#6320,#6321,#6322);
#6320 = CARTESIAN_POINT('',(-34.,-1.923799593555E-15,8.66402313267));
#6321 = DIRECTION('',(1.,0.,-2.22044604925E-16));
#6322 = DIRECTION('',(-2.22044604925E-16,1.,0.));
#6323 = ADVANCED_FACE('',(#6324),#6335,.T.);
#6324 = FACE_BOUND('',#6325,.T.);
#6325 = EDGE_LOOP('',(#6326,#6327,#6333,#6334));
#6326 = ORIENTED_EDGE('',*,*,#5085,.T.);
#6327 = ORIENTED_EDGE('',*,*,#6328,.F.);
#6328 = EDGE_CURVE('',#5158,#5086,#6329,.T.);
#6329 = LINE('',#6330,#6331);
#6330 = CARTESIAN_POINT('',(-34.,-6.263632459518,15.319848115086));
#6331 = VECTOR('',#6332,1.);
#6332 = DIRECTION('',(1.665295003269E-16,-0.749982195618,-0.66145801549)
  );
#6333 = ORIENTED_EDGE('',*,*,#5165,.T.);
#6334 = ORIENTED_EDGE('',*,*,#5125,.T.);
#6335 = PLANE('',#6336);
#6336 = AXIS2_PLACEMENT_3D('',#6337,#6338,#6339);
#6337 = CARTESIAN_POINT('',(-34.,-3.367171044518E-15,12.472880524247));
#6338 = DIRECTION('',(1.,0.,-2.22044604925E-16));
#6339 = DIRECTION('',(-2.22044604925E-16,1.,0.));
#6340 = ADVANCED_FACE('',(#6341),#6358,.F.);
#6341 = FACE_BOUND('',#6342,.F.);
#6342 = EDGE_LOOP('',(#6343,#6351,#6352));
#6343 = ORIENTED_EDGE('',*,*,#6344,.T.);
#6344 = EDGE_CURVE('',#6345,#5094,#6347,.T.);
#6345 = VERTEX_POINT('',#6346);
#6346 = CARTESIAN_POINT('',(-34.,-7.273597176836,14.429094625824));
#6347 = LINE('',#6348,#6349);
#6348 = CARTESIAN_POINT('',(-34.,-7.273597176836,14.429094625824));
#6349 = VECTOR('',#6350,1.);
#6350 = DIRECTION('',(1.458484119631E-16,-0.656842853769,-0.754027496483
    ));
#6351 = ORIENTED_EDGE('',*,*,#5093,.F.);
#6352 = ORIENTED_EDGE('',*,*,#6353,.T.);
#6353 = EDGE_CURVE('',#5086,#6345,#6354,.T.);
#6354 = LINE('',#6355,#6356);
#6355 = CARTESIAN_POINT('',(-34.,-6.263632459518,15.319848115086));
#6356 = VECTOR('',#6357,1.);
#6357 = DIRECTION('',(1.665295003269E-16,-0.749982195618,-0.66145801549)
  );
#6358 = PLANE('',#6359);
#6359 = AXIS2_PLACEMENT_3D('',#6360,#6361,#6362);
#6360 = CARTESIAN_POINT('',(-34.,-1.923799593555E-15,8.66402313267));
#6361 = DIRECTION('',(1.,0.,-2.22044604925E-16));
#6362 = DIRECTION('',(-2.22044604925E-16,1.,0.));
#6363 = ADVANCED_FACE('',(#6364),#6374,.T.);
#6364 = FACE_BOUND('',#6365,.T.);
#6365 = EDGE_LOOP('',(#6366,#6367,#6373));
#6366 = ORIENTED_EDGE('',*,*,#5149,.T.);
#6367 = ORIENTED_EDGE('',*,*,#6368,.F.);
#6368 = EDGE_CURVE('',#5198,#5150,#6369,.T.);
#6369 = LINE('',#6370,#6371);
#6370 = CARTESIAN_POINT('',(-34.,-5.145657377123,16.07058257147));
#6371 = VECTOR('',#6372,1.);
#6372 = DIRECTION('',(1.843389463582E-16,-0.830188810128,-0.557482322175
    ));
#6373 = ORIENTED_EDGE('',*,*,#5205,.T.);
#6374 = PLANE('',#6375);
#6375 = AXIS2_PLACEMENT_3D('',#6376,#6377,#6378);
#6376 = CARTESIAN_POINT('',(-34.,-3.367171044518E-15,12.472880524247));
#6377 = DIRECTION('',(1.,0.,-2.22044604925E-16));
#6378 = DIRECTION('',(-2.22044604925E-16,1.,0.));
#6379 = ADVANCED_FACE('',(#6380),#6397,.F.);
#6380 = FACE_BOUND('',#6381,.F.);
#6381 = EDGE_LOOP('',(#6382,#6390,#6391));
#6382 = ORIENTED_EDGE('',*,*,#6383,.T.);
#6383 = EDGE_CURVE('',#6384,#5158,#6386,.T.);
#6384 = VERTEX_POINT('',#6385);
#6385 = CARTESIAN_POINT('',(-34.,-6.263632459518,15.319848115086));
#6386 = LINE('',#6387,#6388);
#6387 = CARTESIAN_POINT('',(-34.,-6.263632459518,15.319848115086));
#6388 = VECTOR('',#6389,1.);
#6389 = DIRECTION('',(1.665295003269E-16,-0.749982195618,-0.66145801549)
  );
#6390 = ORIENTED_EDGE('',*,*,#5157,.F.);
#6391 = ORIENTED_EDGE('',*,*,#6392,.T.);
#6392 = EDGE_CURVE('',#5150,#6384,#6393,.T.);
#6393 = LINE('',#6394,#6395);
#6394 = CARTESIAN_POINT('',(-34.,-5.145657377123,16.07058257147));
#6395 = VECTOR('',#6396,1.);
#6396 = DIRECTION('',(1.843389463582E-16,-0.830188810128,-0.557482322175
    ));
#6397 = PLANE('',#6398);
#6398 = AXIS2_PLACEMENT_3D('',#6399,#6400,#6401);
#6399 = CARTESIAN_POINT('',(-34.,-1.923799593555E-15,8.66402313267));
#6400 = DIRECTION('',(1.,0.,-2.22044604925E-16));
#6401 = DIRECTION('',(-2.22044604925E-16,1.,0.));
#6402 = ADVANCED_FACE('',(#6403),#6414,.T.);
#6403 = FACE_BOUND('',#6404,.T.);
#6404 = EDGE_LOOP('',(#6405,#6406,#6412,#6413));
#6405 = ORIENTED_EDGE('',*,*,#5189,.T.);
#6406 = ORIENTED_EDGE('',*,*,#6407,.F.);
#6407 = EDGE_CURVE('',#5262,#5190,#6408,.T.);
#6408 = LINE('',#6409,#6410);
#6409 = CARTESIAN_POINT('',(-34.,-3.938950343186,16.668352295617));
#6410 = VECTOR('',#6411,1.);
#6411 = DIRECTION('',(1.989696431536E-16,-0.896079610765,-0.443893378158
    ));
#6412 = ORIENTED_EDGE('',*,*,#5269,.T.);
#6413 = ORIENTED_EDGE('',*,*,#5229,.T.);
#6414 = PLANE('',#6415);
#6415 = AXIS2_PLACEMENT_3D('',#6416,#6417,#6418);
#6416 = CARTESIAN_POINT('',(-34.,-3.367171044518E-15,12.472880524247));
#6417 = DIRECTION('',(1.,0.,-2.22044604925E-16));
#6418 = DIRECTION('',(-2.22044604925E-16,1.,0.));
#6419 = ADVANCED_FACE('',(#6420),#6437,.F.);
#6420 = FACE_BOUND('',#6421,.F.);
#6421 = EDGE_LOOP('',(#6422,#6430,#6431));
#6422 = ORIENTED_EDGE('',*,*,#6423,.T.);
#6423 = EDGE_CURVE('',#6424,#5198,#6426,.T.);
#6424 = VERTEX_POINT('',#6425);
#6425 = CARTESIAN_POINT('',(-34.,-5.145657377123,16.07058257147));
#6426 = LINE('',#6427,#6428);
#6427 = CARTESIAN_POINT('',(-34.,-5.145657377123,16.07058257147));
#6428 = VECTOR('',#6429,1.);
#6429 = DIRECTION('',(1.843389463582E-16,-0.830188810128,-0.557482322175
    ));
#6430 = ORIENTED_EDGE('',*,*,#5197,.F.);
#6431 = ORIENTED_EDGE('',*,*,#6432,.T.);
#6432 = EDGE_CURVE('',#5190,#6424,#6433,.T.);
#6433 = LINE('',#6434,#6435);
#6434 = CARTESIAN_POINT('',(-34.,-3.938950343186,16.668352295617));
#6435 = VECTOR('',#6436,1.);
#6436 = DIRECTION('',(1.989696431536E-16,-0.896079610765,-0.443893378158
    ));
#6437 = PLANE('',#6438);
#6438 = AXIS2_PLACEMENT_3D('',#6439,#6440,#6441);
#6439 = CARTESIAN_POINT('',(-34.,-1.923799593555E-15,8.66402313267));
#6440 = DIRECTION('',(1.,0.,-2.22044604925E-16));
#6441 = DIRECTION('',(-2.22044604925E-16,1.,0.));
#6442 = ADVANCED_FACE('',(#6443),#6453,.T.);
#6443 = FACE_BOUND('',#6444,.T.);
#6444 = EDGE_LOOP('',(#6445,#6446,#6452));
#6445 = ORIENTED_EDGE('',*,*,#5253,.T.);
#6446 = ORIENTED_EDGE('',*,*,#6447,.F.);
#6447 = EDGE_CURVE('',#5302,#5254,#6448,.T.);
#6448 = LINE('',#6449,#6450);
#6449 = CARTESIAN_POINT('',(-34.,-2.664319869083,17.10284931902));
#6450 = VECTOR('',#6451,1.);
#6451 = DIRECTION('',(2.101692983074E-16,-0.946518373542,-0.322649916392
    ));
#6452 = ORIENTED_EDGE('',*,*,#5309,.T.);
#6453 = PLANE('',#6454);
#6454 = AXIS2_PLACEMENT_3D('',#6455,#6456,#6457);
#6455 = CARTESIAN_POINT('',(-34.,-3.367171044518E-15,12.472880524247));
#6456 = DIRECTION('',(1.,0.,-2.22044604925E-16));
#6457 = DIRECTION('',(-2.22044604925E-16,1.,0.));
#6458 = ADVANCED_FACE('',(#6459),#6476,.F.);
#6459 = FACE_BOUND('',#6460,.F.);
#6460 = EDGE_LOOP('',(#6461,#6469,#6470));
#6461 = ORIENTED_EDGE('',*,*,#6462,.T.);
#6462 = EDGE_CURVE('',#6463,#5262,#6465,.T.);
#6463 = VERTEX_POINT('',#6464);
#6464 = CARTESIAN_POINT('',(-34.,-3.938950343186,16.668352295617));
#6465 = LINE('',#6466,#6467);
#6466 = CARTESIAN_POINT('',(-34.,-3.938950343186,16.668352295617));
#6467 = VECTOR('',#6468,1.);
#6468 = DIRECTION('',(1.989696431536E-16,-0.896079610765,-0.443893378158
    ));
#6469 = ORIENTED_EDGE('',*,*,#5261,.F.);
#6470 = ORIENTED_EDGE('',*,*,#6471,.T.);
#6471 = EDGE_CURVE('',#5254,#6463,#6472,.T.);
#6472 = LINE('',#6473,#6474);
#6473 = CARTESIAN_POINT('',(-34.,-2.664319869083,17.10284931902));
#6474 = VECTOR('',#6475,1.);
#6475 = DIRECTION('',(2.101692983074E-16,-0.946518373542,-0.322649916392
    ));
#6476 = PLANE('',#6477);
#6477 = AXIS2_PLACEMENT_3D('',#6478,#6479,#6480);
#6478 = CARTESIAN_POINT('',(-34.,-1.923799593555E-15,8.66402313267));
#6479 = DIRECTION('',(1.,0.,-2.22044604925E-16));
#6480 = DIRECTION('',(-2.22044604925E-16,1.,0.));
#6481 = ADVANCED_FACE('',(#6482),#6493,.T.);
#6482 = FACE_BOUND('',#6483,.T.);
#6483 = EDGE_LOOP('',(#6484,#6485,#6491,#6492));
#6484 = ORIENTED_EDGE('',*,*,#5293,.T.);
#6485 = ORIENTED_EDGE('',*,*,#6486,.F.);
#6486 = EDGE_CURVE('',#5366,#5294,#6487,.T.);
#6487 = LINE('',#6488,#6489);
#6488 = CARTESIAN_POINT('',(-34.,-1.343745741101,17.366581155102));
#6489 = VECTOR('',#6490,1.);
#6490 = DIRECTION('',(2.17744784453E-16,-0.980635330124,-0.195842664687)
  );
#6491 = ORIENTED_EDGE('',*,*,#5373,.T.);
#6492 = ORIENTED_EDGE('',*,*,#5333,.T.);
#6493 = PLANE('',#6494);
#6494 = AXIS2_PLACEMENT_3D('',#6495,#6496,#6497);
#6495 = CARTESIAN_POINT('',(-34.,-3.367171044518E-15,12.472880524247));
#6496 = DIRECTION('',(1.,0.,-2.22044604925E-16));
#6497 = DIRECTION('',(-2.22044604925E-16,1.,0.));
#6498 = ADVANCED_FACE('',(#6499),#6516,.F.);
#6499 = FACE_BOUND('',#6500,.F.);
#6500 = EDGE_LOOP('',(#6501,#6509,#6510));
#6501 = ORIENTED_EDGE('',*,*,#6502,.T.);
#6502 = EDGE_CURVE('',#6503,#5302,#6505,.T.);
#6503 = VERTEX_POINT('',#6504);
#6504 = CARTESIAN_POINT('',(-34.,-2.664319869083,17.10284931902));
#6505 = LINE('',#6506,#6507);
#6506 = CARTESIAN_POINT('',(-34.,-2.664319869083,17.10284931902));
#6507 = VECTOR('',#6508,1.);
#6508 = DIRECTION('',(2.101692983074E-16,-0.946518373542,-0.322649916392
    ));
#6509 = ORIENTED_EDGE('',*,*,#5301,.F.);
#6510 = ORIENTED_EDGE('',*,*,#6511,.T.);
#6511 = EDGE_CURVE('',#5294,#6503,#6512,.T.);
#6512 = LINE('',#6513,#6514);
#6513 = CARTESIAN_POINT('',(-34.,-1.343745741101,17.366581155102));
#6514 = VECTOR('',#6515,1.);
#6515 = DIRECTION('',(2.17744784453E-16,-0.980635330124,-0.195842664687)
  );
#6516 = PLANE('',#6517);
#6517 = AXIS2_PLACEMENT_3D('',#6518,#6519,#6520);
#6518 = CARTESIAN_POINT('',(-34.,-1.923799593555E-15,8.66402313267));
#6519 = DIRECTION('',(1.,0.,-2.22044604925E-16));
#6520 = DIRECTION('',(-2.22044604925E-16,1.,0.));
#6521 = ADVANCED_FACE('',(#6522),#6532,.T.);
#6522 = FACE_BOUND('',#6523,.T.);
#6523 = EDGE_LOOP('',(#6524,#6530,#6531));
#6524 = ORIENTED_EDGE('',*,*,#6525,.F.);
#6525 = EDGE_CURVE('',#5390,#5358,#6526,.T.);
#6526 = LINE('',#6527,#6528);
#6527 = CARTESIAN_POINT('',(-34.,-3.247850932704E-15,17.455));
#6528 = VECTOR('',#6529,1.);
#6529 = DIRECTION('',(2.215654695603E-16,-0.99784216615,
    -6.565829310038E-02));
#6530 = ORIENTED_EDGE('',*,*,#5397,.T.);
#6531 = ORIENTED_EDGE('',*,*,#5357,.T.);
#6532 = PLANE('',#6533);
#6533 = AXIS2_PLACEMENT_3D('',#6534,#6535,#6536);
#6534 = CARTESIAN_POINT('',(-34.,-3.367171044518E-15,12.472880524247));
#6535 = DIRECTION('',(1.,0.,-2.22044604925E-16));
#6536 = DIRECTION('',(-2.22044604925E-16,1.,0.));
#6537 = ADVANCED_FACE('',(#6538),#6555,.F.);
#6538 = FACE_BOUND('',#6539,.F.);
#6539 = EDGE_LOOP('',(#6540,#6548,#6549));
#6540 = ORIENTED_EDGE('',*,*,#6541,.T.);
#6541 = EDGE_CURVE('',#6542,#5366,#6544,.T.);
#6542 = VERTEX_POINT('',#6543);
#6543 = CARTESIAN_POINT('',(-34.,-1.343745741101,17.366581155102));
#6544 = LINE('',#6545,#6546);
#6545 = CARTESIAN_POINT('',(-34.,-1.343745741101,17.366581155102));
#6546 = VECTOR('',#6547,1.);
#6547 = DIRECTION('',(2.17744784453E-16,-0.980635330124,-0.195842664687)
  );
#6548 = ORIENTED_EDGE('',*,*,#5365,.F.);
#6549 = ORIENTED_EDGE('',*,*,#6550,.T.);
#6550 = EDGE_CURVE('',#5358,#6542,#6551,.T.);
#6551 = LINE('',#6552,#6553);
#6552 = CARTESIAN_POINT('',(-34.,-3.247850932704E-15,17.455));
#6553 = VECTOR('',#6554,1.);
#6554 = DIRECTION('',(2.215654695603E-16,-0.99784216615,
    -6.565829310038E-02));
#6555 = PLANE('',#6556);
#6556 = AXIS2_PLACEMENT_3D('',#6557,#6558,#6559);
#6557 = CARTESIAN_POINT('',(-34.,-1.923799593555E-15,8.66402313267));
#6558 = DIRECTION('',(1.,0.,-2.22044604925E-16));
#6559 = DIRECTION('',(-2.22044604925E-16,1.,0.));
#6560 = ADVANCED_FACE('',(#6561),#6571,.T.);
#6561 = FACE_BOUND('',#6562,.T.);
#6562 = EDGE_LOOP('',(#6563,#6569,#6570));
#6563 = ORIENTED_EDGE('',*,*,#6564,.F.);
#6564 = EDGE_CURVE('',#5454,#5390,#6565,.T.);
#6565 = LINE('',#6566,#6567);
#6566 = CARTESIAN_POINT('',(-34.,1.343745741101,17.366581155102));
#6567 = VECTOR('',#6568,1.);
#6568 = DIRECTION('',(2.215654695603E-16,-0.99784216615,
    6.565829310038E-02));
#6569 = ORIENTED_EDGE('',*,*,#5461,.T.);
#6570 = ORIENTED_EDGE('',*,*,#5421,.T.);
#6571 = PLANE('',#6572);
#6572 = AXIS2_PLACEMENT_3D('',#6573,#6574,#6575);
#6573 = CARTESIAN_POINT('',(-34.,-3.367171044518E-15,12.472880524247));
#6574 = DIRECTION('',(1.,0.,-2.22044604925E-16));
#6575 = DIRECTION('',(-2.22044604925E-16,1.,0.));
#6576 = ADVANCED_FACE('',(#6577),#6588,.T.);
#6577 = FACE_BOUND('',#6578,.T.);
#6578 = EDGE_LOOP('',(#6579,#6585,#6586,#6587));
#6579 = ORIENTED_EDGE('',*,*,#6580,.F.);
#6580 = EDGE_CURVE('',#5518,#5446,#6581,.T.);
#6581 = LINE('',#6582,#6583);
#6582 = CARTESIAN_POINT('',(-34.,2.664319869083,17.10284931902));
#6583 = VECTOR('',#6584,1.);
#6584 = DIRECTION('',(2.17744784453E-16,-0.980635330124,0.195842664687)
  );
#6585 = ORIENTED_EDGE('',*,*,#5525,.T.);
#6586 = ORIENTED_EDGE('',*,*,#5485,.T.);
#6587 = ORIENTED_EDGE('',*,*,#5445,.T.);
#6588 = PLANE('',#6589);
#6589 = AXIS2_PLACEMENT_3D('',#6590,#6591,#6592);
#6590 = CARTESIAN_POINT('',(-34.,-3.367171044518E-15,12.472880524247));
#6591 = DIRECTION('',(1.,0.,-2.22044604925E-16));
#6592 = DIRECTION('',(-2.22044604925E-16,1.,0.));
#6593 = ADVANCED_FACE('',(#6594),#6611,.F.);
#6594 = FACE_BOUND('',#6595,.F.);
#6595 = EDGE_LOOP('',(#6596,#6597,#6605));
#6596 = ORIENTED_EDGE('',*,*,#5453,.F.);
#6597 = ORIENTED_EDGE('',*,*,#6598,.T.);
#6598 = EDGE_CURVE('',#5446,#6599,#6601,.T.);
#6599 = VERTEX_POINT('',#6600);
#6600 = CARTESIAN_POINT('',(-34.,1.343745741101,17.366581155102));
#6601 = LINE('',#6602,#6603);
#6602 = CARTESIAN_POINT('',(-34.,2.664319869083,17.10284931902));
#6603 = VECTOR('',#6604,1.);
#6604 = DIRECTION('',(2.17744784453E-16,-0.980635330124,0.195842664687)
  );
#6605 = ORIENTED_EDGE('',*,*,#6606,.T.);
#6606 = EDGE_CURVE('',#6599,#5454,#6607,.T.);
#6607 = LINE('',#6608,#6609);
#6608 = CARTESIAN_POINT('',(-34.,1.343745741101,17.366581155102));
#6609 = VECTOR('',#6610,1.);
#6610 = DIRECTION('',(2.215654695603E-16,-0.99784216615,
    6.565829310038E-02));
#6611 = PLANE('',#6612);
#6612 = AXIS2_PLACEMENT_3D('',#6613,#6614,#6615);
#6613 = CARTESIAN_POINT('',(-34.,-1.923799593555E-15,8.66402313267));
#6614 = DIRECTION('',(1.,0.,-2.22044604925E-16));
#6615 = DIRECTION('',(-2.22044604925E-16,1.,0.));
#6616 = ADVANCED_FACE('',(#6617),#6627,.T.);
#6617 = FACE_BOUND('',#6618,.T.);
#6618 = EDGE_LOOP('',(#6619,#6625,#6626));
#6619 = ORIENTED_EDGE('',*,*,#6620,.F.);
#6620 = EDGE_CURVE('',#5558,#5510,#6621,.T.);
#6621 = LINE('',#6622,#6623);
#6622 = CARTESIAN_POINT('',(-34.,3.938950343186,16.668352295617));
#6623 = VECTOR('',#6624,1.);
#6624 = DIRECTION('',(2.101692983074E-16,-0.946518373542,0.322649916392)
  );
#6625 = ORIENTED_EDGE('',*,*,#5565,.T.);
#6626 = ORIENTED_EDGE('',*,*,#5509,.T.);
#6627 = PLANE('',#6628);
#6628 = AXIS2_PLACEMENT_3D('',#6629,#6630,#6631);
#6629 = CARTESIAN_POINT('',(-34.,-3.367171044518E-15,12.472880524247));
#6630 = DIRECTION('',(1.,0.,-2.22044604925E-16));
#6631 = DIRECTION('',(-2.22044604925E-16,1.,0.));
#6632 = ADVANCED_FACE('',(#6633),#6650,.F.);
#6633 = FACE_BOUND('',#6634,.F.);
#6634 = EDGE_LOOP('',(#6635,#6636,#6644));
#6635 = ORIENTED_EDGE('',*,*,#5517,.F.);
#6636 = ORIENTED_EDGE('',*,*,#6637,.T.);
#6637 = EDGE_CURVE('',#5510,#6638,#6640,.T.);
#6638 = VERTEX_POINT('',#6639);
#6639 = CARTESIAN_POINT('',(-34.,2.664319869083,17.10284931902));
#6640 = LINE('',#6641,#6642);
#6641 = CARTESIAN_POINT('',(-34.,3.938950343186,16.668352295617));
#6642 = VECTOR('',#6643,1.);
#6643 = DIRECTION('',(2.101692983074E-16,-0.946518373542,0.322649916392)
  );
#6644 = ORIENTED_EDGE('',*,*,#6645,.T.);
#6645 = EDGE_CURVE('',#6638,#5518,#6646,.T.);
#6646 = LINE('',#6647,#6648);
#6647 = CARTESIAN_POINT('',(-34.,2.664319869083,17.10284931902));
#6648 = VECTOR('',#6649,1.);
#6649 = DIRECTION('',(2.17744784453E-16,-0.980635330124,0.195842664687)
  );
#6650 = PLANE('',#6651);
#6651 = AXIS2_PLACEMENT_3D('',#6652,#6653,#6654);
#6652 = CARTESIAN_POINT('',(-34.,-1.923799593555E-15,8.66402313267));
#6653 = DIRECTION('',(1.,0.,-2.22044604925E-16));
#6654 = DIRECTION('',(-2.22044604925E-16,1.,0.));
#6655 = ADVANCED_FACE('',(#6656),#6667,.T.);
#6656 = FACE_BOUND('',#6657,.T.);
#6657 = EDGE_LOOP('',(#6658,#6664,#6665,#6666));
#6658 = ORIENTED_EDGE('',*,*,#6659,.F.);
#6659 = EDGE_CURVE('',#5622,#5550,#6660,.T.);
#6660 = LINE('',#6661,#6662);
#6661 = CARTESIAN_POINT('',(-34.,5.145657377123,16.07058257147));
#6662 = VECTOR('',#6663,1.);
#6663 = DIRECTION('',(1.989696431536E-16,-0.896079610765,0.443893378158)
  );
#6664 = ORIENTED_EDGE('',*,*,#5629,.T.);
#6665 = ORIENTED_EDGE('',*,*,#5589,.T.);
#6666 = ORIENTED_EDGE('',*,*,#5549,.T.);
#6667 = PLANE('',#6668);
#6668 = AXIS2_PLACEMENT_3D('',#6669,#6670,#6671);
#6669 = CARTESIAN_POINT('',(-34.,-3.367171044518E-15,12.472880524247));
#6670 = DIRECTION('',(1.,0.,-2.22044604925E-16));
#6671 = DIRECTION('',(-2.22044604925E-16,1.,0.));
#6672 = ADVANCED_FACE('',(#6673),#6690,.F.);
#6673 = FACE_BOUND('',#6674,.F.);
#6674 = EDGE_LOOP('',(#6675,#6676,#6684));
#6675 = ORIENTED_EDGE('',*,*,#5557,.F.);
#6676 = ORIENTED_EDGE('',*,*,#6677,.T.);
#6677 = EDGE_CURVE('',#5550,#6678,#6680,.T.);
#6678 = VERTEX_POINT('',#6679);
#6679 = CARTESIAN_POINT('',(-34.,3.938950343186,16.668352295617));
#6680 = LINE('',#6681,#6682);
#6681 = CARTESIAN_POINT('',(-34.,5.145657377123,16.07058257147));
#6682 = VECTOR('',#6683,1.);
#6683 = DIRECTION('',(1.989696431536E-16,-0.896079610765,0.443893378158)
  );
#6684 = ORIENTED_EDGE('',*,*,#6685,.T.);
#6685 = EDGE_CURVE('',#6678,#5558,#6686,.T.);
#6686 = LINE('',#6687,#6688);
#6687 = CARTESIAN_POINT('',(-34.,3.938950343186,16.668352295617));
#6688 = VECTOR('',#6689,1.);
#6689 = DIRECTION('',(2.101692983074E-16,-0.946518373542,0.322649916392)
  );
#6690 = PLANE('',#6691);
#6691 = AXIS2_PLACEMENT_3D('',#6692,#6693,#6694);
#6692 = CARTESIAN_POINT('',(-34.,-1.923799593555E-15,8.66402313267));
#6693 = DIRECTION('',(1.,0.,-2.22044604925E-16));
#6694 = DIRECTION('',(-2.22044604925E-16,1.,0.));
#6695 = ADVANCED_FACE('',(#6696),#6706,.T.);
#6696 = FACE_BOUND('',#6697,.T.);
#6697 = EDGE_LOOP('',(#6698,#6704,#6705));
#6698 = ORIENTED_EDGE('',*,*,#6699,.F.);
#6699 = EDGE_CURVE('',#5662,#5614,#6700,.T.);
#6700 = LINE('',#6701,#6702);
#6701 = CARTESIAN_POINT('',(-34.,6.263632459518,15.319848115086));
#6702 = VECTOR('',#6703,1.);
#6703 = DIRECTION('',(1.843389463582E-16,-0.830188810128,0.557482322175)
  );
#6704 = ORIENTED_EDGE('',*,*,#5669,.T.);
#6705 = ORIENTED_EDGE('',*,*,#5613,.T.);
#6706 = PLANE('',#6707);
#6707 = AXIS2_PLACEMENT_3D('',#6708,#6709,#6710);
#6708 = CARTESIAN_POINT('',(-34.,-3.367171044518E-15,12.472880524247));
#6709 = DIRECTION('',(1.,0.,-2.22044604925E-16));
#6710 = DIRECTION('',(-2.22044604925E-16,1.,0.));
#6711 = ADVANCED_FACE('',(#6712),#6729,.F.);
#6712 = FACE_BOUND('',#6713,.F.);
#6713 = EDGE_LOOP('',(#6714,#6715,#6723));
#6714 = ORIENTED_EDGE('',*,*,#5621,.F.);
#6715 = ORIENTED_EDGE('',*,*,#6716,.T.);
#6716 = EDGE_CURVE('',#5614,#6717,#6719,.T.);
#6717 = VERTEX_POINT('',#6718);
#6718 = CARTESIAN_POINT('',(-34.,5.145657377123,16.07058257147));
#6719 = LINE('',#6720,#6721);
#6720 = CARTESIAN_POINT('',(-34.,6.263632459518,15.319848115086));
#6721 = VECTOR('',#6722,1.);
#6722 = DIRECTION('',(1.843389463582E-16,-0.830188810128,0.557482322175)
  );
#6723 = ORIENTED_EDGE('',*,*,#6724,.T.);
#6724 = EDGE_CURVE('',#6717,#5622,#6725,.T.);
#6725 = LINE('',#6726,#6727);
#6726 = CARTESIAN_POINT('',(-34.,5.145657377123,16.07058257147));
#6727 = VECTOR('',#6728,1.);
#6728 = DIRECTION('',(1.989696431536E-16,-0.896079610765,0.443893378158)
  );
#6729 = PLANE('',#6730);
#6730 = AXIS2_PLACEMENT_3D('',#6731,#6732,#6733);
#6731 = CARTESIAN_POINT('',(-34.,-1.923799593555E-15,8.66402313267));
#6732 = DIRECTION('',(1.,0.,-2.22044604925E-16));
#6733 = DIRECTION('',(-2.22044604925E-16,1.,0.));
#6734 = ADVANCED_FACE('',(#6735),#6746,.T.);
#6735 = FACE_BOUND('',#6736,.T.);
#6736 = EDGE_LOOP('',(#6737,#6743,#6744,#6745));
#6737 = ORIENTED_EDGE('',*,*,#6738,.F.);
#6738 = EDGE_CURVE('',#5726,#5654,#6739,.T.);
#6739 = LINE('',#6740,#6741);
#6740 = CARTESIAN_POINT('',(-34.,7.273597176836,14.429094625824));
#6741 = VECTOR('',#6742,1.);
#6742 = DIRECTION('',(1.665295003269E-16,-0.749982195618,0.661458015489)
  );
#6743 = ORIENTED_EDGE('',*,*,#5733,.T.);
#6744 = ORIENTED_EDGE('',*,*,#5693,.T.);
#6745 = ORIENTED_EDGE('',*,*,#5653,.T.);
#6746 = PLANE('',#6747);
#6747 = AXIS2_PLACEMENT_3D('',#6748,#6749,#6750);
#6748 = CARTESIAN_POINT('',(-34.,-3.367171044518E-15,12.472880524247));
#6749 = DIRECTION('',(1.,0.,-2.22044604925E-16));
#6750 = DIRECTION('',(-2.22044604925E-16,1.,0.));
#6751 = ADVANCED_FACE('',(#6752),#6769,.F.);
#6752 = FACE_BOUND('',#6753,.F.);
#6753 = EDGE_LOOP('',(#6754,#6755,#6763));
#6754 = ORIENTED_EDGE('',*,*,#5661,.F.);
#6755 = ORIENTED_EDGE('',*,*,#6756,.T.);
#6756 = EDGE_CURVE('',#5654,#6757,#6759,.T.);
#6757 = VERTEX_POINT('',#6758);
#6758 = CARTESIAN_POINT('',(-34.,6.263632459518,15.319848115086));
#6759 = LINE('',#6760,#6761);
#6760 = CARTESIAN_POINT('',(-34.,7.273597176836,14.429094625824));
#6761 = VECTOR('',#6762,1.);
#6762 = DIRECTION('',(1.665295003269E-16,-0.749982195618,0.661458015489)
  );
#6763 = ORIENTED_EDGE('',*,*,#6764,.T.);
#6764 = EDGE_CURVE('',#6757,#5662,#6765,.T.);
#6765 = LINE('',#6766,#6767);
#6766 = CARTESIAN_POINT('',(-34.,6.263632459518,15.319848115086));
#6767 = VECTOR('',#6768,1.);
#6768 = DIRECTION('',(1.843389463582E-16,-0.830188810128,0.557482322175)
  );
#6769 = PLANE('',#6770);
#6770 = AXIS2_PLACEMENT_3D('',#6771,#6772,#6773);
#6771 = CARTESIAN_POINT('',(-34.,-1.923799593555E-15,8.66402313267));
#6772 = DIRECTION('',(1.,0.,-2.22044604925E-16));
#6773 = DIRECTION('',(-2.22044604925E-16,1.,0.));
#6774 = ADVANCED_FACE('',(#6775),#6785,.T.);
#6775 = FACE_BOUND('',#6776,.T.);
#6776 = EDGE_LOOP('',(#6777,#6783,#6784));
#6777 = ORIENTED_EDGE('',*,*,#6778,.F.);
#6778 = EDGE_CURVE('',#5766,#5718,#6779,.T.);
#6779 = LINE('',#6780,#6781);
#6780 = CARTESIAN_POINT('',(-34.,8.158135651223,13.41368229766));
#6781 = VECTOR('',#6782,1.);
#6782 = DIRECTION('',(1.458484119631E-16,-0.656842853769,0.754027496483)
  );
#6783 = ORIENTED_EDGE('',*,*,#5773,.T.);
#6784 = ORIENTED_EDGE('',*,*,#5717,.T.);
#6785 = PLANE('',#6786);
#6786 = AXIS2_PLACEMENT_3D('',#6787,#6788,#6789);
#6787 = CARTESIAN_POINT('',(-34.,-3.367171044518E-15,12.472880524247));
#6788 = DIRECTION('',(1.,0.,-2.22044604925E-16));
#6789 = DIRECTION('',(-2.22044604925E-16,1.,0.));
#6790 = ADVANCED_FACE('',(#6791),#6808,.F.);
#6791 = FACE_BOUND('',#6792,.F.);
#6792 = EDGE_LOOP('',(#6793,#6794,#6802));
#6793 = ORIENTED_EDGE('',*,*,#5725,.F.);
#6794 = ORIENTED_EDGE('',*,*,#6795,.T.);
#6795 = EDGE_CURVE('',#5718,#6796,#6798,.T.);
#6796 = VERTEX_POINT('',#6797);
#6797 = CARTESIAN_POINT('',(-34.,7.273597176836,14.429094625824));
#6798 = LINE('',#6799,#6800);
#6799 = CARTESIAN_POINT('',(-34.,8.158135651223,13.41368229766));
#6800 = VECTOR('',#6801,1.);
#6801 = DIRECTION('',(1.458484119631E-16,-0.656842853769,0.754027496483)
  );
#6802 = ORIENTED_EDGE('',*,*,#6803,.T.);
#6803 = EDGE_CURVE('',#6796,#5726,#6804,.T.);
#6804 = LINE('',#6805,#6806);
#6805 = CARTESIAN_POINT('',(-34.,7.273597176836,14.429094625824));
#6806 = VECTOR('',#6807,1.);
#6807 = DIRECTION('',(1.665295003269E-16,-0.749982195618,0.661458015489)
  );
#6808 = PLANE('',#6809);
#6809 = AXIS2_PLACEMENT_3D('',#6810,#6811,#6812);
#6810 = CARTESIAN_POINT('',(-34.,-1.923799593555E-15,8.66402313267));
#6811 = DIRECTION('',(1.,0.,-2.22044604925E-16));
#6812 = DIRECTION('',(-2.22044604925E-16,1.,0.));
#6813 = ADVANCED_FACE('',(#6814),#6825,.T.);
#6814 = FACE_BOUND('',#6815,.T.);
#6815 = EDGE_LOOP('',(#6816,#6822,#6823,#6824));
#6816 = ORIENTED_EDGE('',*,*,#6817,.F.);
#6817 = EDGE_CURVE('',#5830,#5758,#6818,.T.);
#6818 = LINE('',#6819,#6820);
#6819 = CARTESIAN_POINT('',(-34.,8.901994860704,12.291120947296));
#6820 = VECTOR('',#6821,1.);
#6821 = DIRECTION('',(1.226523069018E-16,-0.552376883659,0.833594492784)
  );
#6822 = ORIENTED_EDGE('',*,*,#5837,.T.);
#6823 = ORIENTED_EDGE('',*,*,#5797,.T.);
#6824 = ORIENTED_EDGE('',*,*,#5757,.T.);
#6825 = PLANE('',#6826);
#6826 = AXIS2_PLACEMENT_3D('',#6827,#6828,#6829);
#6827 = CARTESIAN_POINT('',(-34.,-3.367171044518E-15,12.472880524247));
#6828 = DIRECTION('',(1.,0.,-2.22044604925E-16));
#6829 = DIRECTION('',(-2.22044604925E-16,1.,0.));
#6830 = ADVANCED_FACE('',(#6831),#6848,.F.);
#6831 = FACE_BOUND('',#6832,.F.);
#6832 = EDGE_LOOP('',(#6833,#6834,#6842));
#6833 = ORIENTED_EDGE('',*,*,#5765,.F.);
#6834 = ORIENTED_EDGE('',*,*,#6835,.T.);
#6835 = EDGE_CURVE('',#5758,#6836,#6838,.T.);
#6836 = VERTEX_POINT('',#6837);
#6837 = CARTESIAN_POINT('',(-34.,8.158135651223,13.41368229766));
#6838 = LINE('',#6839,#6840);
#6839 = CARTESIAN_POINT('',(-34.,8.901994860704,12.291120947296));
#6840 = VECTOR('',#6841,1.);
#6841 = DIRECTION('',(1.226523069018E-16,-0.552376883659,0.833594492784)
  );
#6842 = ORIENTED_EDGE('',*,*,#6843,.T.);
#6843 = EDGE_CURVE('',#6836,#5766,#6844,.T.);
#6844 = LINE('',#6845,#6846);
#6845 = CARTESIAN_POINT('',(-34.,8.158135651223,13.41368229766));
#6846 = VECTOR('',#6847,1.);
#6847 = DIRECTION('',(1.458484119631E-16,-0.656842853769,0.754027496483)
  );
#6848 = PLANE('',#6849);
#6849 = AXIS2_PLACEMENT_3D('',#6850,#6851,#6852);
#6850 = CARTESIAN_POINT('',(-34.,-1.923799593555E-15,8.66402313267));
#6851 = DIRECTION('',(1.,0.,-2.22044604925E-16));
#6852 = DIRECTION('',(-2.22044604925E-16,1.,0.));
#6853 = ADVANCED_FACE('',(#6854),#6865,.T.);
#6854 = FACE_BOUND('',#6855,.T.);
#6855 = EDGE_LOOP('',(#6856,#6862,#6863,#6864));
#6856 = ORIENTED_EDGE('',*,*,#6857,.F.);
#6857 = EDGE_CURVE('',#5887,#5822,#6858,.T.);
#6858 = LINE('',#6859,#6860);
#6859 = CARTESIAN_POINT('',(-34.,9.492347662994,11.080768074087));
#6860 = VECTOR('',#6861,1.);
#6861 = DIRECTION('',(9.734117984147E-17,-0.438385701262,0.898786947463)
  );
#6862 = ORIENTED_EDGE('',*,*,#5894,.T.);
#6863 = ORIENTED_EDGE('',*,*,#5861,.T.);
#6864 = ORIENTED_EDGE('',*,*,#5821,.T.);
#6865 = PLANE('',#6866);
#6866 = AXIS2_PLACEMENT_3D('',#6867,#6868,#6869);
#6867 = CARTESIAN_POINT('',(-34.,-3.367171044518E-15,12.472880524247));
#6868 = DIRECTION('',(1.,0.,-2.22044604925E-16));
#6869 = DIRECTION('',(-2.22044604925E-16,1.,0.));
#6870 = ADVANCED_FACE('',(#6871),#6888,.F.);
#6871 = FACE_BOUND('',#6872,.F.);
#6872 = EDGE_LOOP('',(#6873,#6874,#6882));
#6873 = ORIENTED_EDGE('',*,*,#5829,.F.);
#6874 = ORIENTED_EDGE('',*,*,#6875,.T.);
#6875 = EDGE_CURVE('',#5822,#6876,#6878,.T.);
#6876 = VERTEX_POINT('',#6877);
#6877 = CARTESIAN_POINT('',(-34.,8.901994860704,12.291120947296));
#6878 = LINE('',#6879,#6880);
#6879 = CARTESIAN_POINT('',(-34.,9.492347662994,11.080768074087));
#6880 = VECTOR('',#6881,1.);
#6881 = DIRECTION('',(9.734117984147E-17,-0.438385701262,0.898786947463)
  );
#6882 = ORIENTED_EDGE('',*,*,#6883,.T.);
#6883 = EDGE_CURVE('',#6876,#5830,#6884,.T.);
#6884 = LINE('',#6885,#6886);
#6885 = CARTESIAN_POINT('',(-34.,8.901994860704,12.291120947296));
#6886 = VECTOR('',#6887,1.);
#6887 = DIRECTION('',(1.226523069018E-16,-0.552376883659,0.833594492784)
  );
#6888 = PLANE('',#6889);
#6889 = AXIS2_PLACEMENT_3D('',#6890,#6891,#6892);
#6890 = CARTESIAN_POINT('',(-34.,-1.923799593555E-15,8.66402313267));
#6891 = DIRECTION('',(1.,0.,-2.22044604925E-16));
#6892 = DIRECTION('',(-2.22044604925E-16,1.,0.));
#6893 = ADVANCED_FACE('',(#6894),#6911,.F.);
#6894 = FACE_BOUND('',#6895,.F.);
#6895 = EDGE_LOOP('',(#6896,#6897,#6905));
#6896 = ORIENTED_EDGE('',*,*,#5886,.F.);
#6897 = ORIENTED_EDGE('',*,*,#6898,.T.);
#6898 = EDGE_CURVE('',#5879,#6899,#6901,.T.);
#6899 = VERTEX_POINT('',#6900);
#6900 = CARTESIAN_POINT('',(-34.,9.492347662994,11.080768074087));
#6901 = LINE('',#6902,#6903);
#6902 = CARTESIAN_POINT('',(-34.,9.919013987326,9.803495058424));
#6903 = VECTOR('',#6904,1.);
#6904 = DIRECTION('',(7.03514970166E-17,-0.316834975749,0.948480678845)
  );
#6905 = ORIENTED_EDGE('',*,*,#6906,.T.);
#6906 = EDGE_CURVE('',#6899,#5887,#6907,.T.);
#6907 = LINE('',#6908,#6909);
#6908 = CARTESIAN_POINT('',(-34.,9.492347662994,11.080768074087));
#6909 = VECTOR('',#6910,1.);
#6910 = DIRECTION('',(9.734117984147E-17,-0.438385701262,0.898786947463)
  );
#6911 = PLANE('',#6912);
#6912 = AXIS2_PLACEMENT_3D('',#6913,#6914,#6915);
#6913 = CARTESIAN_POINT('',(-34.,-1.923799593555E-15,8.66402313267));
#6914 = DIRECTION('',(1.,0.,-2.22044604925E-16));
#6915 = DIRECTION('',(-2.22044604925E-16,1.,0.));
#6916 = ADVANCED_FACE('',(#6917),#6937,.F.);
#6917 = FACE_BOUND('',#6918,.F.);
#6918 = EDGE_LOOP('',(#6919,#6920,#6928,#6934,#6935,#6936));
#6919 = ORIENTED_EDGE('',*,*,#5967,.T.);
#6920 = ORIENTED_EDGE('',*,*,#6921,.T.);
#6921 = EDGE_CURVE('',#5960,#6922,#6924,.T.);
#6922 = VERTEX_POINT('',#6923);
#6923 = CARTESIAN_POINT('',(-30.6,9.492347662994,11.080768074087));
#6924 = LINE('',#6925,#6926);
#6925 = CARTESIAN_POINT('',(-30.6,9.919013987326,9.803495058424));
#6926 = VECTOR('',#6927,1.);
#6927 = DIRECTION('',(7.03514970166E-17,-0.316834975749,0.948480678845)
  );
#6928 = ORIENTED_EDGE('',*,*,#6929,.F.);
#6929 = EDGE_CURVE('',#6899,#6922,#6930,.T.);
#6930 = LINE('',#6931,#6932);
#6931 = CARTESIAN_POINT('',(-34.,9.492347662994,11.080768074087));
#6932 = VECTOR('',#6933,1.);
#6933 = DIRECTION('',(1.,0.,-2.22044604925E-16));
#6934 = ORIENTED_EDGE('',*,*,#6898,.F.);
#6935 = ORIENTED_EDGE('',*,*,#5933,.F.);
#6936 = ORIENTED_EDGE('',*,*,#5919,.F.);
#6937 = PLANE('',#6938);
#6938 = AXIS2_PLACEMENT_3D('',#6939,#6940,#6941);
#6939 = CARTESIAN_POINT('',(-34.,9.919013987326,9.803495058424));
#6940 = DIRECTION('',(2.106050176132E-16,-0.948480678845,-0.316834975749
    ));
#6941 = DIRECTION('',(7.03514970166E-17,-0.316834975749,0.948480678845)
  );
#6942 = ADVANCED_FACE('',(#6943),#6959,.F.);
#6943 = FACE_BOUND('',#6944,.F.);
#6944 = EDGE_LOOP('',(#6945,#6946,#6952,#6953));
#6945 = ORIENTED_EDGE('',*,*,#6013,.T.);
#6946 = ORIENTED_EDGE('',*,*,#6947,.T.);
#6947 = EDGE_CURVE('',#6006,#2054,#6948,.T.);
#6948 = LINE('',#6949,#6950);
#6949 = CARTESIAN_POINT('',(-33.79315914489,10.25,1.25));
#6950 = VECTOR('',#6951,1.);
#6951 = DIRECTION('',(-0.,-0.,1.));
#6952 = ORIENTED_EDGE('',*,*,#2061,.F.);
#6953 = ORIENTED_EDGE('',*,*,#6954,.F.);
#6954 = EDGE_CURVE('',#6014,#2062,#6955,.T.);
#6955 = LINE('',#6956,#6957);
#6956 = CARTESIAN_POINT('',(-30.6,10.25,2.1));
#6957 = VECTOR('',#6958,1.);
#6958 = DIRECTION('',(0.,0.,1.));
#6959 = PLANE('',#6960);
#6960 = AXIS2_PLACEMENT_3D('',#6961,#6962,#6963);
#6961 = CARTESIAN_POINT('',(-34.,10.25,2.1));
#6962 = DIRECTION('',(-0.,1.,0.));
#6963 = DIRECTION('',(0.,0.,1.));
#6964 = ADVANCED_FACE('',(#6965),#7009,.F.);
#6965 = FACE_BOUND('',#6966,.F.);
#6966 = EDGE_LOOP('',(#6967,#6975,#6983,#6991,#6999,#7005,#7006,#7007,
    #7008));
#6967 = ORIENTED_EDGE('',*,*,#6968,.F.);
#6968 = EDGE_CURVE('',#6969,#6061,#6971,.T.);
#6969 = VERTEX_POINT('',#6970);
#6970 = CARTESIAN_POINT('',(-33.79315914489,10.25,2.1));
#6971 = LINE('',#6972,#6973);
#6972 = CARTESIAN_POINT('',(-33.79315914489,10.25,1.25));
#6973 = VECTOR('',#6974,1.);
#6974 = DIRECTION('',(-0.,-0.,1.));
#6975 = ORIENTED_EDGE('',*,*,#6976,.T.);
#6976 = EDGE_CURVE('',#6969,#6977,#6979,.T.);
#6977 = VERTEX_POINT('',#6978);
#6978 = CARTESIAN_POINT('',(-30.89,11.036,2.1));
#6979 = LINE('',#6980,#6981);
#6980 = CARTESIAN_POINT('',(-29.43322138796,11.430407585637,2.1));
#6981 = VECTOR('',#6982,1.);
#6982 = DIRECTION('',(0.965249209826,0.261331136551,-0.));
#6983 = ORIENTED_EDGE('',*,*,#6984,.T.);
#6984 = EDGE_CURVE('',#6977,#6985,#6987,.T.);
#6985 = VERTEX_POINT('',#6986);
#6986 = CARTESIAN_POINT('',(-30.89,11.036,9.4));
#6987 = LINE('',#6988,#6989);
#6988 = CARTESIAN_POINT('',(-30.89,11.036,0.4));
#6989 = VECTOR('',#6990,1.);
#6990 = DIRECTION('',(0.,0.,1.));
#6991 = ORIENTED_EDGE('',*,*,#6992,.T.);
#6992 = EDGE_CURVE('',#6985,#6993,#6995,.T.);
#6993 = VERTEX_POINT('',#6994);
#6994 = CARTESIAN_POINT('',(-31.33312332863,10.916028989482,9.4));
#6995 = LINE('',#6996,#6997);
#6996 = CARTESIAN_POINT('',(-28.49936859043,11.683238471658,9.4));
#6997 = VECTOR('',#6998,1.);
#6998 = DIRECTION('',(-0.965249209826,-0.261331136551,0.));
#6999 = ORIENTED_EDGE('',*,*,#7000,.T.);
#7000 = EDGE_CURVE('',#6993,#2046,#7001,.T.);
#7001 = LINE('',#7002,#7003);
#7002 = CARTESIAN_POINT('',(-31.33312332863,10.916028989482,4.9));
#7003 = VECTOR('',#7004,1.);
#7004 = DIRECTION('',(0.,0.,1.));
#7005 = ORIENTED_EDGE('',*,*,#2053,.T.);
#7006 = ORIENTED_EDGE('',*,*,#6947,.F.);
#7007 = ORIENTED_EDGE('',*,*,#6005,.T.);
#7008 = ORIENTED_EDGE('',*,*,#6068,.T.);
#7009 = PLANE('',#7010);
#7010 = AXIS2_PLACEMENT_3D('',#7011,#7012,#7013);
#7011 = CARTESIAN_POINT('',(-30.89,11.036,0.4));
#7012 = DIRECTION('',(0.261331136551,-0.965249209826,0.));
#7013 = DIRECTION('',(-0.965249209826,-0.261331136551,0.));
#7014 = ADVANCED_FACE('',(#7015),#7033,.F.);
#7015 = FACE_BOUND('',#7016,.F.);
#7016 = EDGE_LOOP('',(#7017,#7025,#7026,#7027));
#7017 = ORIENTED_EDGE('',*,*,#7018,.F.);
#7018 = EDGE_CURVE('',#6969,#7019,#7021,.T.);
#7019 = VERTEX_POINT('',#7020);
#7020 = CARTESIAN_POINT('',(-30.6,10.25,2.1));
#7021 = LINE('',#7022,#7023);
#7022 = CARTESIAN_POINT('',(-34.,10.25,2.1));
#7023 = VECTOR('',#7024,1.);
#7024 = DIRECTION('',(1.,0.,-0.));
#7025 = ORIENTED_EDGE('',*,*,#6968,.T.);
#7026 = ORIENTED_EDGE('',*,*,#6060,.T.);
#7027 = ORIENTED_EDGE('',*,*,#7028,.F.);
#7028 = EDGE_CURVE('',#7019,#6053,#7029,.T.);
#7029 = LINE('',#7030,#7031);
#7030 = CARTESIAN_POINT('',(-30.6,10.25,2.1));
#7031 = VECTOR('',#7032,1.);
#7032 = DIRECTION('',(0.,0.,1.));
#7033 = PLANE('',#7034);
#7034 = AXIS2_PLACEMENT_3D('',#7035,#7036,#7037);
#7035 = CARTESIAN_POINT('',(-34.,10.25,2.1));
#7036 = DIRECTION('',(-0.,1.,0.));
#7037 = DIRECTION('',(0.,0.,1.));
#7038 = ADVANCED_FACE('',(#7039),#7052,.F.);
#7039 = FACE_BOUND('',#7040,.F.);
#7040 = EDGE_LOOP('',(#7041,#7042,#7043,#7044,#7045,#7046));
#7041 = ORIENTED_EDGE('',*,*,#7028,.T.);
#7042 = ORIENTED_EDGE('',*,*,#6052,.F.);
#7043 = ORIENTED_EDGE('',*,*,#6093,.F.);
#7044 = ORIENTED_EDGE('',*,*,#6124,.F.);
#7045 = ORIENTED_EDGE('',*,*,#6161,.F.);
#7046 = ORIENTED_EDGE('',*,*,#7047,.T.);
#7047 = EDGE_CURVE('',#6154,#7019,#7048,.T.);
#7048 = LINE('',#7049,#7050);
#7049 = CARTESIAN_POINT('',(-30.6,-10.25,2.1));
#7050 = VECTOR('',#7051,1.);
#7051 = DIRECTION('',(-0.,1.,0.));
#7052 = PLANE('',#7053);
#7053 = AXIS2_PLACEMENT_3D('',#7054,#7055,#7056);
#7054 = CARTESIAN_POINT('',(-30.6,-10.25,2.1));
#7055 = DIRECTION('',(1.,0.,-0.));
#7056 = DIRECTION('',(0.,0.,1.));
#7057 = ADVANCED_FACE('',(#7058),#7078,.F.);
#7058 = FACE_BOUND('',#7059,.F.);
#7059 = EDGE_LOOP('',(#7060,#7061,#7069,#7075,#7076,#7077));
#7060 = ORIENTED_EDGE('',*,*,#2203,.F.);
#7061 = ORIENTED_EDGE('',*,*,#7062,.T.);
#7062 = EDGE_CURVE('',#2196,#7063,#7065,.T.);
#7063 = VERTEX_POINT('',#7064);
#7064 = CARTESIAN_POINT('',(-30.6,-10.21226610365,2.1));
#7065 = LINE('',#7066,#7067);
#7066 = CARTESIAN_POINT('',(-30.6,-10.21226610365,1.25));
#7067 = VECTOR('',#7068,1.);
#7068 = DIRECTION('',(0.,0.,-1.));
#7069 = ORIENTED_EDGE('',*,*,#7070,.T.);
#7070 = EDGE_CURVE('',#7063,#2102,#7071,.T.);
#7071 = LINE('',#7072,#7073);
#7072 = CARTESIAN_POINT('',(-30.6,-10.25,2.1));
#7073 = VECTOR('',#7074,1.);
#7074 = DIRECTION('',(-0.,1.,0.));
#7075 = ORIENTED_EDGE('',*,*,#2101,.F.);
#7076 = ORIENTED_EDGE('',*,*,#2133,.F.);
#7077 = ORIENTED_EDGE('',*,*,#2164,.F.);
#7078 = PLANE('',#7079);
#7079 = AXIS2_PLACEMENT_3D('',#7080,#7081,#7082);
#7080 = CARTESIAN_POINT('',(-30.6,-10.25,2.1));
#7081 = DIRECTION('',(1.,0.,-0.));
#7082 = DIRECTION('',(0.,0.,1.));
#7083 = ADVANCED_FACE('',(#7084),#7094,.T.);
#7084 = FACE_BOUND('',#7085,.T.);
#7085 = EDGE_LOOP('',(#7086,#7087,#7093));
#7086 = ORIENTED_EDGE('',*,*,#2195,.T.);
#7087 = ORIENTED_EDGE('',*,*,#7088,.F.);
#7088 = EDGE_CURVE('',#2235,#2196,#7089,.T.);
#7089 = LINE('',#7090,#7091);
#7090 = CARTESIAN_POINT('',(-30.6,-10.21226610365,1.25));
#7091 = VECTOR('',#7092,1.);
#7092 = DIRECTION('',(0.,0.,-1.));
#7093 = ORIENTED_EDGE('',*,*,#2242,.T.);
#7094 = PLANE('',#7095);
#7095 = AXIS2_PLACEMENT_3D('',#7096,#7097,#7098);
#7096 = CARTESIAN_POINT('',(-30.6,-1.923799593555E-15,8.66402313267));
#7097 = DIRECTION('',(1.,0.,-2.22044604925E-16));
#7098 = DIRECTION('',(-2.22044604925E-16,1.,0.));
#7099 = ADVANCED_FACE('',(#7100),#7120,.F.);
#7100 = FACE_BOUND('',#7101,.F.);
#7101 = EDGE_LOOP('',(#7102,#7110,#7116,#7117,#7118,#7119));
#7102 = ORIENTED_EDGE('',*,*,#7103,.T.);
#7103 = EDGE_CURVE('',#6226,#7104,#7106,.T.);
#7104 = VERTEX_POINT('',#7105);
#7105 = CARTESIAN_POINT('',(-30.6,-9.492347662994,11.080768074087));
#7106 = LINE('',#7107,#7108);
#7107 = CARTESIAN_POINT('',(-34.,-9.492347662994,11.080768074087));
#7108 = VECTOR('',#7109,1.);
#7109 = DIRECTION('',(1.,0.,-2.22044604925E-16));
#7110 = ORIENTED_EDGE('',*,*,#7111,.T.);
#7111 = EDGE_CURVE('',#7104,#2266,#7112,.T.);
#7112 = LINE('',#7113,#7114);
#7113 = CARTESIAN_POINT('',(-30.6,-9.492347662994,11.080768074087));
#7114 = VECTOR('',#7115,1.);
#7115 = DIRECTION('',(7.03514970166E-17,-0.316834975749,-0.948480678845)
  );
#7116 = ORIENTED_EDGE('',*,*,#2263,.F.);
#7117 = ORIENTED_EDGE('',*,*,#6194,.F.);
#7118 = ORIENTED_EDGE('',*,*,#6177,.F.);
#7119 = ORIENTED_EDGE('',*,*,#6225,.F.);
#7120 = PLANE('',#7121);
#7121 = AXIS2_PLACEMENT_3D('',#7122,#7123,#7124);
#7122 = CARTESIAN_POINT('',(-34.,-9.492347662994,11.080768074087));
#7123 = DIRECTION('',(-2.106050176132E-16,0.948480678845,-0.316834975749
    ));
#7124 = DIRECTION('',(7.03514970166E-17,-0.316834975749,-0.948480678845)
  );
#7125 = ADVANCED_FACE('',(#7126),#7146,.F.);
#7126 = FACE_BOUND('',#7127,.F.);
#7127 = EDGE_LOOP('',(#7128,#7136,#7142,#7143,#7144,#7145));
#7128 = ORIENTED_EDGE('',*,*,#7129,.T.);
#7129 = EDGE_CURVE('',#6266,#7130,#7132,.T.);
#7130 = VERTEX_POINT('',#7131);
#7131 = CARTESIAN_POINT('',(-30.6,-8.901994860704,12.291120947296));
#7132 = LINE('',#7133,#7134);
#7133 = CARTESIAN_POINT('',(-34.,-8.901994860704,12.291120947296));
#7134 = VECTOR('',#7135,1.);
#7135 = DIRECTION('',(1.,0.,-2.22044604925E-16));
#7136 = ORIENTED_EDGE('',*,*,#7137,.T.);
#7137 = EDGE_CURVE('',#7130,#7104,#7138,.T.);
#7138 = LINE('',#7139,#7140);
#7139 = CARTESIAN_POINT('',(-30.6,-8.901994860704,12.291120947296));
#7140 = VECTOR('',#7141,1.);
#7141 = DIRECTION('',(9.734117984147E-17,-0.438385701262,-0.898786947463
    ));
#7142 = ORIENTED_EDGE('',*,*,#7103,.F.);
#7143 = ORIENTED_EDGE('',*,*,#6234,.F.);
#7144 = ORIENTED_EDGE('',*,*,#6209,.F.);
#7145 = ORIENTED_EDGE('',*,*,#6265,.F.);
#7146 = PLANE('',#7147);
#7147 = AXIS2_PLACEMENT_3D('',#7148,#7149,#7150);
#7148 = CARTESIAN_POINT('',(-34.,-8.901994860704,12.291120947296));
#7149 = DIRECTION('',(-1.995707926611E-16,0.898786947463,-0.438385701262
    ));
#7150 = DIRECTION('',(9.734117984147E-17,-0.438385701262,-0.898786947463
    ));
#7151 = ADVANCED_FACE('',(#7152),#7172,.F.);
#7152 = FACE_BOUND('',#7153,.F.);
#7153 = EDGE_LOOP('',(#7154,#7162,#7168,#7169,#7170,#7171));
#7154 = ORIENTED_EDGE('',*,*,#7155,.T.);
#7155 = EDGE_CURVE('',#6305,#7156,#7158,.T.);
#7156 = VERTEX_POINT('',#7157);
#7157 = CARTESIAN_POINT('',(-30.6,-8.158135651223,13.41368229766));
#7158 = LINE('',#7159,#7160);
#7159 = CARTESIAN_POINT('',(-34.,-8.158135651223,13.41368229766));
#7160 = VECTOR('',#7161,1.);
#7161 = DIRECTION('',(1.,0.,-2.22044604925E-16));
#7162 = ORIENTED_EDGE('',*,*,#7163,.T.);
#7163 = EDGE_CURVE('',#7156,#7130,#7164,.T.);
#7164 = LINE('',#7165,#7166);
#7165 = CARTESIAN_POINT('',(-30.6,-8.158135651223,13.41368229766));
#7166 = VECTOR('',#7167,1.);
#7167 = DIRECTION('',(1.226523069018E-16,-0.552376883659,-0.833594492784
    ));
#7168 = ORIENTED_EDGE('',*,*,#7129,.F.);
#7169 = ORIENTED_EDGE('',*,*,#6274,.F.);
#7170 = ORIENTED_EDGE('',*,*,#6249,.F.);
#7171 = ORIENTED_EDGE('',*,*,#6304,.F.);
#7172 = PLANE('',#7173);
#7173 = AXIS2_PLACEMENT_3D('',#7174,#7175,#7176);
#7174 = CARTESIAN_POINT('',(-34.,-8.158135651223,13.41368229766));
#7175 = DIRECTION('',(-1.850951598178E-16,0.833594492784,-0.552376883659
    ));
#7176 = DIRECTION('',(1.226523069018E-16,-0.552376883659,-0.833594492784
    ));
#7177 = ADVANCED_FACE('',(#7178),#7198,.F.);
#7178 = FACE_BOUND('',#7179,.F.);
#7179 = EDGE_LOOP('',(#7180,#7188,#7194,#7195,#7196,#7197));
#7180 = ORIENTED_EDGE('',*,*,#7181,.T.);
#7181 = EDGE_CURVE('',#6345,#7182,#7184,.T.);
#7182 = VERTEX_POINT('',#7183);
#7183 = CARTESIAN_POINT('',(-30.6,-7.273597176836,14.429094625824));
#7184 = LINE('',#7185,#7186);
#7185 = CARTESIAN_POINT('',(-34.,-7.273597176836,14.429094625824));
#7186 = VECTOR('',#7187,1.);
#7187 = DIRECTION('',(1.,0.,-2.22044604925E-16));
#7188 = ORIENTED_EDGE('',*,*,#7189,.T.);
#7189 = EDGE_CURVE('',#7182,#7156,#7190,.T.);
#7190 = LINE('',#7191,#7192);
#7191 = CARTESIAN_POINT('',(-30.6,-7.273597176836,14.429094625824));
#7192 = VECTOR('',#7193,1.);
#7193 = DIRECTION('',(1.458484119631E-16,-0.656842853769,-0.754027496483
    ));
#7194 = ORIENTED_EDGE('',*,*,#7155,.F.);
#7195 = ORIENTED_EDGE('',*,*,#6313,.F.);
#7196 = ORIENTED_EDGE('',*,*,#6289,.F.);
#7197 = ORIENTED_EDGE('',*,*,#6344,.F.);
#7198 = PLANE('',#7199);
#7199 = AXIS2_PLACEMENT_3D('',#7200,#7201,#7202);
#7200 = CARTESIAN_POINT('',(-34.,-7.273597176836,14.429094625824));
#7201 = DIRECTION('',(-1.674277375591E-16,0.754027496483,-0.656842853769
    ));
#7202 = DIRECTION('',(1.458484119631E-16,-0.656842853769,-0.754027496483
    ));
#7203 = ADVANCED_FACE('',(#7204),#7224,.F.);
#7204 = FACE_BOUND('',#7205,.F.);
#7205 = EDGE_LOOP('',(#7206,#7214,#7220,#7221,#7222,#7223));
#7206 = ORIENTED_EDGE('',*,*,#7207,.T.);
#7207 = EDGE_CURVE('',#6384,#7208,#7210,.T.);
#7208 = VERTEX_POINT('',#7209);
#7209 = CARTESIAN_POINT('',(-30.6,-6.263632459518,15.319848115086));
#7210 = LINE('',#7211,#7212);
#7211 = CARTESIAN_POINT('',(-34.,-6.263632459518,15.319848115086));
#7212 = VECTOR('',#7213,1.);
#7213 = DIRECTION('',(1.,0.,-2.22044604925E-16));
#7214 = ORIENTED_EDGE('',*,*,#7215,.T.);
#7215 = EDGE_CURVE('',#7208,#7182,#7216,.T.);
#7216 = LINE('',#7217,#7218);
#7217 = CARTESIAN_POINT('',(-30.6,-6.263632459518,15.319848115086));
#7218 = VECTOR('',#7219,1.);
#7219 = DIRECTION('',(1.665295003269E-16,-0.749982195618,-0.66145801549)
  );
#7220 = ORIENTED_EDGE('',*,*,#7181,.F.);
#7221 = ORIENTED_EDGE('',*,*,#6353,.F.);
#7222 = ORIENTED_EDGE('',*,*,#6328,.F.);
#7223 = ORIENTED_EDGE('',*,*,#6383,.F.);
#7224 = PLANE('',#7225);
#7225 = AXIS2_PLACEMENT_3D('',#7226,#7227,#7228);
#7226 = CARTESIAN_POINT('',(-34.,-6.263632459518,15.319848115086));
#7227 = DIRECTION('',(-1.468731837239E-16,0.66145801549,-0.749982195618)
  );
#7228 = DIRECTION('',(1.665295003269E-16,-0.749982195618,-0.66145801549)
  );
#7229 = ADVANCED_FACE('',(#7230),#7250,.F.);
#7230 = FACE_BOUND('',#7231,.F.);
#7231 = EDGE_LOOP('',(#7232,#7240,#7246,#7247,#7248,#7249));
#7232 = ORIENTED_EDGE('',*,*,#7233,.T.);
#7233 = EDGE_CURVE('',#6424,#7234,#7236,.T.);
#7234 = VERTEX_POINT('',#7235);
#7235 = CARTESIAN_POINT('',(-30.6,-5.145657377123,16.07058257147));
#7236 = LINE('',#7237,#7238);
#7237 = CARTESIAN_POINT('',(-34.,-5.145657377123,16.07058257147));
#7238 = VECTOR('',#7239,1.);
#7239 = DIRECTION('',(1.,0.,-2.22044604925E-16));
#7240 = ORIENTED_EDGE('',*,*,#7241,.T.);
#7241 = EDGE_CURVE('',#7234,#7208,#7242,.T.);
#7242 = LINE('',#7243,#7244);
#7243 = CARTESIAN_POINT('',(-30.6,-5.145657377123,16.07058257147));
#7244 = VECTOR('',#7245,1.);
#7245 = DIRECTION('',(1.843389463582E-16,-0.830188810128,-0.557482322175
    ));
#7246 = ORIENTED_EDGE('',*,*,#7207,.F.);
#7247 = ORIENTED_EDGE('',*,*,#6392,.F.);
#7248 = ORIENTED_EDGE('',*,*,#6368,.F.);
#7249 = ORIENTED_EDGE('',*,*,#6423,.F.);
#7250 = PLANE('',#7251);
#7251 = AXIS2_PLACEMENT_3D('',#7252,#7253,#7254);
#7252 = CARTESIAN_POINT('',(-34.,-5.145657377123,16.07058257147));
#7253 = DIRECTION('',(-1.2378594198E-16,0.557482322175,-0.830188810128)
  );
#7254 = DIRECTION('',(1.843389463582E-16,-0.830188810128,-0.557482322175
    ));
#7255 = ADVANCED_FACE('',(#7256),#7276,.F.);
#7256 = FACE_BOUND('',#7257,.F.);
#7257 = EDGE_LOOP('',(#7258,#7266,#7272,#7273,#7274,#7275));
#7258 = ORIENTED_EDGE('',*,*,#7259,.T.);
#7259 = EDGE_CURVE('',#6463,#7260,#7262,.T.);
#7260 = VERTEX_POINT('',#7261);
#7261 = CARTESIAN_POINT('',(-30.6,-3.938950343186,16.668352295617));
#7262 = LINE('',#7263,#7264);
#7263 = CARTESIAN_POINT('',(-34.,-3.938950343186,16.668352295617));
#7264 = VECTOR('',#7265,1.);
#7265 = DIRECTION('',(1.,0.,-2.22044604925E-16));
#7266 = ORIENTED_EDGE('',*,*,#7267,.T.);
#7267 = EDGE_CURVE('',#7260,#7234,#7268,.T.);
#7268 = LINE('',#7269,#7270);
#7269 = CARTESIAN_POINT('',(-30.6,-3.938950343186,16.668352295617));
#7270 = VECTOR('',#7271,1.);
#7271 = DIRECTION('',(1.989696431536E-16,-0.896079610765,-0.443893378158
    ));
#7272 = ORIENTED_EDGE('',*,*,#7233,.F.);
#7273 = ORIENTED_EDGE('',*,*,#6432,.F.);
#7274 = ORIENTED_EDGE('',*,*,#6407,.F.);
#7275 = ORIENTED_EDGE('',*,*,#6462,.F.);
#7276 = PLANE('',#7277);
#7277 = AXIS2_PLACEMENT_3D('',#7278,#7279,#7280);
#7278 = CARTESIAN_POINT('',(-34.,-3.938950343186,16.668352295617));
#7279 = DIRECTION('',(-9.856412978183E-17,0.443893378158,-0.896079610765
    ));
#7280 = DIRECTION('',(1.989696431536E-16,-0.896079610765,-0.443893378158
    ));
#7281 = ADVANCED_FACE('',(#7282),#7302,.F.);
#7282 = FACE_BOUND('',#7283,.F.);
#7283 = EDGE_LOOP('',(#7284,#7292,#7298,#7299,#7300,#7301));
#7284 = ORIENTED_EDGE('',*,*,#7285,.T.);
#7285 = EDGE_CURVE('',#6503,#7286,#7288,.T.);
#7286 = VERTEX_POINT('',#7287);
#7287 = CARTESIAN_POINT('',(-30.6,-2.664319869083,17.10284931902));
#7288 = LINE('',#7289,#7290);
#7289 = CARTESIAN_POINT('',(-34.,-2.664319869083,17.10284931902));
#7290 = VECTOR('',#7291,1.);
#7291 = DIRECTION('',(1.,0.,-2.22044604925E-16));
#7292 = ORIENTED_EDGE('',*,*,#7293,.T.);
#7293 = EDGE_CURVE('',#7286,#7260,#7294,.T.);
#7294 = LINE('',#7295,#7296);
#7295 = CARTESIAN_POINT('',(-30.6,-2.664319869083,17.10284931902));
#7296 = VECTOR('',#7297,1.);
#7297 = DIRECTION('',(2.101692983074E-16,-0.946518373542,-0.322649916392
    ));
#7298 = ORIENTED_EDGE('',*,*,#7259,.F.);
#7299 = ORIENTED_EDGE('',*,*,#6471,.F.);
#7300 = ORIENTED_EDGE('',*,*,#6447,.F.);
#7301 = ORIENTED_EDGE('',*,*,#6502,.F.);
#7302 = PLANE('',#7303);
#7303 = AXIS2_PLACEMENT_3D('',#7304,#7305,#7306);
#7304 = CARTESIAN_POINT('',(-34.,-2.664319869083,17.10284931902));
#7305 = DIRECTION('',(-7.164267321434E-17,0.322649916392,-0.946518373542
    ));
#7306 = DIRECTION('',(2.101692983074E-16,-0.946518373542,-0.322649916392
    ));
#7307 = ADVANCED_FACE('',(#7308),#7328,.F.);
#7308 = FACE_BOUND('',#7309,.F.);
#7309 = EDGE_LOOP('',(#7310,#7318,#7324,#7325,#7326,#7327));
#7310 = ORIENTED_EDGE('',*,*,#7311,.T.);
#7311 = EDGE_CURVE('',#6542,#7312,#7314,.T.);
#7312 = VERTEX_POINT('',#7313);
#7313 = CARTESIAN_POINT('',(-30.6,-1.343745741101,17.366581155102));
#7314 = LINE('',#7315,#7316);
#7315 = CARTESIAN_POINT('',(-34.,-1.343745741101,17.366581155102));
#7316 = VECTOR('',#7317,1.);
#7317 = DIRECTION('',(1.,0.,-2.22044604925E-16));
#7318 = ORIENTED_EDGE('',*,*,#7319,.T.);
#7319 = EDGE_CURVE('',#7312,#7286,#7320,.T.);
#7320 = LINE('',#7321,#7322);
#7321 = CARTESIAN_POINT('',(-30.6,-1.343745741101,17.366581155102));
#7322 = VECTOR('',#7323,1.);
#7323 = DIRECTION('',(2.17744784453E-16,-0.980635330124,-0.195842664687)
  );
#7324 = ORIENTED_EDGE('',*,*,#7285,.F.);
#7325 = ORIENTED_EDGE('',*,*,#6511,.F.);
#7326 = ORIENTED_EDGE('',*,*,#6486,.F.);
#7327 = ORIENTED_EDGE('',*,*,#6541,.F.);
#7328 = PLANE('',#7329);
#7329 = AXIS2_PLACEMENT_3D('',#7330,#7331,#7332);
#7330 = CARTESIAN_POINT('',(-34.,-1.343745741101,17.366581155102));
#7331 = DIRECTION('',(-4.348580710789E-17,0.195842664687,-0.980635330124
    ));
#7332 = DIRECTION('',(2.17744784453E-16,-0.980635330124,-0.195842664687)
  );
#7333 = ADVANCED_FACE('',(#7334),#7353,.F.);
#7334 = FACE_BOUND('',#7335,.F.);
#7335 = EDGE_LOOP('',(#7336,#7344,#7350,#7351,#7352));
#7336 = ORIENTED_EDGE('',*,*,#7337,.T.);
#7337 = EDGE_CURVE('',#5390,#7338,#7340,.T.);
#7338 = VERTEX_POINT('',#7339);
#7339 = CARTESIAN_POINT('',(-30.6,-3.247850932704E-15,17.455));
#7340 = LINE('',#7341,#7342);
#7341 = CARTESIAN_POINT('',(-34.,-3.247850932704E-15,17.455));
#7342 = VECTOR('',#7343,1.);
#7343 = DIRECTION('',(1.,0.,-2.22044604925E-16));
#7344 = ORIENTED_EDGE('',*,*,#7345,.T.);
#7345 = EDGE_CURVE('',#7338,#7312,#7346,.T.);
#7346 = LINE('',#7347,#7348);
#7347 = CARTESIAN_POINT('',(-30.6,-3.247850932704E-15,17.455));
#7348 = VECTOR('',#7349,1.);
#7349 = DIRECTION('',(2.215654695603E-16,-0.99784216615,
    -6.565829310038E-02));
#7350 = ORIENTED_EDGE('',*,*,#7311,.F.);
#7351 = ORIENTED_EDGE('',*,*,#6550,.F.);
#7352 = ORIENTED_EDGE('',*,*,#6525,.F.);
#7353 = PLANE('',#7354);
#7354 = AXIS2_PLACEMENT_3D('',#7355,#7356,#7357);
#7355 = CARTESIAN_POINT('',(-34.,-3.247850932704E-15,17.455));
#7356 = DIRECTION('',(-1.457906975153E-17,6.565829310038E-02,
    -0.99784216615));
#7357 = DIRECTION('',(2.215654695603E-16,-0.99784216615,
    -6.565829310038E-02));
#7358 = ADVANCED_FACE('',(#7359),#7378,.F.);
#7359 = FACE_BOUND('',#7360,.F.);
#7360 = EDGE_LOOP('',(#7361,#7369,#7375,#7376,#7377));
#7361 = ORIENTED_EDGE('',*,*,#7362,.T.);
#7362 = EDGE_CURVE('',#6599,#7363,#7365,.T.);
#7363 = VERTEX_POINT('',#7364);
#7364 = CARTESIAN_POINT('',(-30.6,1.343745741101,17.366581155102));
#7365 = LINE('',#7366,#7367);
#7366 = CARTESIAN_POINT('',(-34.,1.343745741101,17.366581155102));
#7367 = VECTOR('',#7368,1.);
#7368 = DIRECTION('',(1.,0.,-2.22044604925E-16));
#7369 = ORIENTED_EDGE('',*,*,#7370,.T.);
#7370 = EDGE_CURVE('',#7363,#7338,#7371,.T.);
#7371 = LINE('',#7372,#7373);
#7372 = CARTESIAN_POINT('',(-30.6,1.343745741101,17.366581155102));
#7373 = VECTOR('',#7374,1.);
#7374 = DIRECTION('',(2.215654695603E-16,-0.99784216615,
    6.565829310038E-02));
#7375 = ORIENTED_EDGE('',*,*,#7337,.F.);
#7376 = ORIENTED_EDGE('',*,*,#6564,.F.);
#7377 = ORIENTED_EDGE('',*,*,#6606,.F.);
#7378 = PLANE('',#7379);
#7379 = AXIS2_PLACEMENT_3D('',#7380,#7381,#7382);
#7380 = CARTESIAN_POINT('',(-34.,1.343745741101,17.366581155102));
#7381 = DIRECTION('',(1.457906975153E-17,-6.565829310038E-02,
    -0.99784216615));
#7382 = DIRECTION('',(2.215654695603E-16,-0.99784216615,
    6.565829310038E-02));
#7383 = ADVANCED_FACE('',(#7384),#7404,.F.);
#7384 = FACE_BOUND('',#7385,.F.);
#7385 = EDGE_LOOP('',(#7386,#7394,#7400,#7401,#7402,#7403));
#7386 = ORIENTED_EDGE('',*,*,#7387,.T.);
#7387 = EDGE_CURVE('',#6638,#7388,#7390,.T.);
#7388 = VERTEX_POINT('',#7389);
#7389 = CARTESIAN_POINT('',(-30.6,2.664319869083,17.10284931902));
#7390 = LINE('',#7391,#7392);
#7391 = CARTESIAN_POINT('',(-34.,2.664319869083,17.10284931902));
#7392 = VECTOR('',#7393,1.);
#7393 = DIRECTION('',(1.,0.,-2.22044604925E-16));
#7394 = ORIENTED_EDGE('',*,*,#7395,.T.);
#7395 = EDGE_CURVE('',#7388,#7363,#7396,.T.);
#7396 = LINE('',#7397,#7398);
#7397 = CARTESIAN_POINT('',(-30.6,2.664319869083,17.10284931902));
#7398 = VECTOR('',#7399,1.);
#7399 = DIRECTION('',(2.17744784453E-16,-0.980635330124,0.195842664687)
  );
#7400 = ORIENTED_EDGE('',*,*,#7362,.F.);
#7401 = ORIENTED_EDGE('',*,*,#6598,.F.);
#7402 = ORIENTED_EDGE('',*,*,#6580,.F.);
#7403 = ORIENTED_EDGE('',*,*,#6645,.F.);
#7404 = PLANE('',#7405);
#7405 = AXIS2_PLACEMENT_3D('',#7406,#7407,#7408);
#7406 = CARTESIAN_POINT('',(-34.,2.664319869083,17.10284931902));
#7407 = DIRECTION('',(4.348580710789E-17,-0.195842664687,-0.980635330124
    ));
#7408 = DIRECTION('',(2.17744784453E-16,-0.980635330124,0.195842664687)
  );
#7409 = ADVANCED_FACE('',(#7410),#7430,.F.);
#7410 = FACE_BOUND('',#7411,.F.);
#7411 = EDGE_LOOP('',(#7412,#7420,#7426,#7427,#7428,#7429));
#7412 = ORIENTED_EDGE('',*,*,#7413,.T.);
#7413 = EDGE_CURVE('',#6678,#7414,#7416,.T.);
#7414 = VERTEX_POINT('',#7415);
#7415 = CARTESIAN_POINT('',(-30.6,3.938950343186,16.668352295617));
#7416 = LINE('',#7417,#7418);
#7417 = CARTESIAN_POINT('',(-34.,3.938950343186,16.668352295617));
#7418 = VECTOR('',#7419,1.);
#7419 = DIRECTION('',(1.,0.,-2.22044604925E-16));
#7420 = ORIENTED_EDGE('',*,*,#7421,.T.);
#7421 = EDGE_CURVE('',#7414,#7388,#7422,.T.);
#7422 = LINE('',#7423,#7424);
#7423 = CARTESIAN_POINT('',(-30.6,3.938950343186,16.668352295617));
#7424 = VECTOR('',#7425,1.);
#7425 = DIRECTION('',(2.101692983074E-16,-0.946518373542,0.322649916392)
  );
#7426 = ORIENTED_EDGE('',*,*,#7387,.F.);
#7427 = ORIENTED_EDGE('',*,*,#6637,.F.);
#7428 = ORIENTED_EDGE('',*,*,#6620,.F.);
#7429 = ORIENTED_EDGE('',*,*,#6685,.F.);
#7430 = PLANE('',#7431);
#7431 = AXIS2_PLACEMENT_3D('',#7432,#7433,#7434);
#7432 = CARTESIAN_POINT('',(-34.,3.938950343186,16.668352295617));
#7433 = DIRECTION('',(7.164267321434E-17,-0.322649916392,-0.946518373542
    ));
#7434 = DIRECTION('',(2.101692983074E-16,-0.946518373542,0.322649916392)
  );
#7435 = ADVANCED_FACE('',(#7436),#7456,.F.);
#7436 = FACE_BOUND('',#7437,.F.);
#7437 = EDGE_LOOP('',(#7438,#7446,#7452,#7453,#7454,#7455));
#7438 = ORIENTED_EDGE('',*,*,#7439,.T.);
#7439 = EDGE_CURVE('',#6717,#7440,#7442,.T.);
#7440 = VERTEX_POINT('',#7441);
#7441 = CARTESIAN_POINT('',(-30.6,5.145657377123,16.07058257147));
#7442 = LINE('',#7443,#7444);
#7443 = CARTESIAN_POINT('',(-34.,5.145657377123,16.07058257147));
#7444 = VECTOR('',#7445,1.);
#7445 = DIRECTION('',(1.,0.,-2.22044604925E-16));
#7446 = ORIENTED_EDGE('',*,*,#7447,.T.);
#7447 = EDGE_CURVE('',#7440,#7414,#7448,.T.);
#7448 = LINE('',#7449,#7450);
#7449 = CARTESIAN_POINT('',(-30.6,5.145657377123,16.07058257147));
#7450 = VECTOR('',#7451,1.);
#7451 = DIRECTION('',(1.989696431536E-16,-0.896079610765,0.443893378158)
  );
#7452 = ORIENTED_EDGE('',*,*,#7413,.F.);
#7453 = ORIENTED_EDGE('',*,*,#6677,.F.);
#7454 = ORIENTED_EDGE('',*,*,#6659,.F.);
#7455 = ORIENTED_EDGE('',*,*,#6724,.F.);
#7456 = PLANE('',#7457);
#7457 = AXIS2_PLACEMENT_3D('',#7458,#7459,#7460);
#7458 = CARTESIAN_POINT('',(-34.,5.145657377123,16.07058257147));
#7459 = DIRECTION('',(9.856412978183E-17,-0.443893378158,-0.896079610765
    ));
#7460 = DIRECTION('',(1.989696431536E-16,-0.896079610765,0.443893378158)
  );
#7461 = ADVANCED_FACE('',(#7462),#7482,.F.);
#7462 = FACE_BOUND('',#7463,.F.);
#7463 = EDGE_LOOP('',(#7464,#7472,#7478,#7479,#7480,#7481));
#7464 = ORIENTED_EDGE('',*,*,#7465,.T.);
#7465 = EDGE_CURVE('',#6757,#7466,#7468,.T.);
#7466 = VERTEX_POINT('',#7467);
#7467 = CARTESIAN_POINT('',(-30.6,6.263632459518,15.319848115086));
#7468 = LINE('',#7469,#7470);
#7469 = CARTESIAN_POINT('',(-34.,6.263632459518,15.319848115086));
#7470 = VECTOR('',#7471,1.);
#7471 = DIRECTION('',(1.,0.,-2.22044604925E-16));
#7472 = ORIENTED_EDGE('',*,*,#7473,.T.);
#7473 = EDGE_CURVE('',#7466,#7440,#7474,.T.);
#7474 = LINE('',#7475,#7476);
#7475 = CARTESIAN_POINT('',(-30.6,6.263632459518,15.319848115086));
#7476 = VECTOR('',#7477,1.);
#7477 = DIRECTION('',(1.843389463582E-16,-0.830188810128,0.557482322175)
  );
#7478 = ORIENTED_EDGE('',*,*,#7439,.F.);
#7479 = ORIENTED_EDGE('',*,*,#6716,.F.);
#7480 = ORIENTED_EDGE('',*,*,#6699,.F.);
#7481 = ORIENTED_EDGE('',*,*,#6764,.F.);
#7482 = PLANE('',#7483);
#7483 = AXIS2_PLACEMENT_3D('',#7484,#7485,#7486);
#7484 = CARTESIAN_POINT('',(-34.,6.263632459518,15.319848115086));
#7485 = DIRECTION('',(1.2378594198E-16,-0.557482322175,-0.830188810128)
  );
#7486 = DIRECTION('',(1.843389463582E-16,-0.830188810128,0.557482322175)
  );
#7487 = ADVANCED_FACE('',(#7488),#7508,.F.);
#7488 = FACE_BOUND('',#7489,.F.);
#7489 = EDGE_LOOP('',(#7490,#7498,#7504,#7505,#7506,#7507));
#7490 = ORIENTED_EDGE('',*,*,#7491,.T.);
#7491 = EDGE_CURVE('',#6796,#7492,#7494,.T.);
#7492 = VERTEX_POINT('',#7493);
#7493 = CARTESIAN_POINT('',(-30.6,7.273597176836,14.429094625824));
#7494 = LINE('',#7495,#7496);
#7495 = CARTESIAN_POINT('',(-34.,7.273597176836,14.429094625824));
#7496 = VECTOR('',#7497,1.);
#7497 = DIRECTION('',(1.,0.,-2.22044604925E-16));
#7498 = ORIENTED_EDGE('',*,*,#7499,.T.);
#7499 = EDGE_CURVE('',#7492,#7466,#7500,.T.);
#7500 = LINE('',#7501,#7502);
#7501 = CARTESIAN_POINT('',(-30.6,7.273597176836,14.429094625824));
#7502 = VECTOR('',#7503,1.);
#7503 = DIRECTION('',(1.665295003269E-16,-0.749982195618,0.661458015489)
  );
#7504 = ORIENTED_EDGE('',*,*,#7465,.F.);
#7505 = ORIENTED_EDGE('',*,*,#6756,.F.);
#7506 = ORIENTED_EDGE('',*,*,#6738,.F.);
#7507 = ORIENTED_EDGE('',*,*,#6803,.F.);
#7508 = PLANE('',#7509);
#7509 = AXIS2_PLACEMENT_3D('',#7510,#7511,#7512);
#7510 = CARTESIAN_POINT('',(-34.,7.273597176836,14.429094625824));
#7511 = DIRECTION('',(1.468731837239E-16,-0.661458015489,-0.749982195618
    ));
#7512 = DIRECTION('',(1.665295003269E-16,-0.749982195618,0.661458015489)
  );
#7513 = ADVANCED_FACE('',(#7514),#7534,.F.);
#7514 = FACE_BOUND('',#7515,.F.);
#7515 = EDGE_LOOP('',(#7516,#7524,#7530,#7531,#7532,#7533));
#7516 = ORIENTED_EDGE('',*,*,#7517,.T.);
#7517 = EDGE_CURVE('',#6836,#7518,#7520,.T.);
#7518 = VERTEX_POINT('',#7519);
#7519 = CARTESIAN_POINT('',(-30.6,8.158135651223,13.41368229766));
#7520 = LINE('',#7521,#7522);
#7521 = CARTESIAN_POINT('',(-34.,8.158135651223,13.41368229766));
#7522 = VECTOR('',#7523,1.);
#7523 = DIRECTION('',(1.,0.,-2.22044604925E-16));
#7524 = ORIENTED_EDGE('',*,*,#7525,.T.);
#7525 = EDGE_CURVE('',#7518,#7492,#7526,.T.);
#7526 = LINE('',#7527,#7528);
#7527 = CARTESIAN_POINT('',(-30.6,8.158135651223,13.41368229766));
#7528 = VECTOR('',#7529,1.);
#7529 = DIRECTION('',(1.458484119631E-16,-0.656842853769,0.754027496483)
  );
#7530 = ORIENTED_EDGE('',*,*,#7491,.F.);
#7531 = ORIENTED_EDGE('',*,*,#6795,.F.);
#7532 = ORIENTED_EDGE('',*,*,#6778,.F.);
#7533 = ORIENTED_EDGE('',*,*,#6843,.F.);
#7534 = PLANE('',#7535);
#7535 = AXIS2_PLACEMENT_3D('',#7536,#7537,#7538);
#7536 = CARTESIAN_POINT('',(-34.,8.158135651223,13.41368229766));
#7537 = DIRECTION('',(1.674277375591E-16,-0.754027496483,-0.656842853769
    ));
#7538 = DIRECTION('',(1.458484119631E-16,-0.656842853769,0.754027496483)
  );
#7539 = ADVANCED_FACE('',(#7540),#7560,.F.);
#7540 = FACE_BOUND('',#7541,.F.);
#7541 = EDGE_LOOP('',(#7542,#7550,#7556,#7557,#7558,#7559));
#7542 = ORIENTED_EDGE('',*,*,#7543,.T.);
#7543 = EDGE_CURVE('',#6876,#7544,#7546,.T.);
#7544 = VERTEX_POINT('',#7545);
#7545 = CARTESIAN_POINT('',(-30.6,8.901994860704,12.291120947296));
#7546 = LINE('',#7547,#7548);
#7547 = CARTESIAN_POINT('',(-34.,8.901994860704,12.291120947296));
#7548 = VECTOR('',#7549,1.);
#7549 = DIRECTION('',(1.,0.,-2.22044604925E-16));
#7550 = ORIENTED_EDGE('',*,*,#7551,.T.);
#7551 = EDGE_CURVE('',#7544,#7518,#7552,.T.);
#7552 = LINE('',#7553,#7554);
#7553 = CARTESIAN_POINT('',(-30.6,8.901994860704,12.291120947296));
#7554 = VECTOR('',#7555,1.);
#7555 = DIRECTION('',(1.226523069018E-16,-0.552376883659,0.833594492784)
  );
#7556 = ORIENTED_EDGE('',*,*,#7517,.F.);
#7557 = ORIENTED_EDGE('',*,*,#6835,.F.);
#7558 = ORIENTED_EDGE('',*,*,#6817,.F.);
#7559 = ORIENTED_EDGE('',*,*,#6883,.F.);
#7560 = PLANE('',#7561);
#7561 = AXIS2_PLACEMENT_3D('',#7562,#7563,#7564);
#7562 = CARTESIAN_POINT('',(-34.,8.901994860704,12.291120947296));
#7563 = DIRECTION('',(1.850951598178E-16,-0.833594492784,-0.552376883659
    ));
#7564 = DIRECTION('',(1.226523069018E-16,-0.552376883659,0.833594492784)
  );
#7565 = ADVANCED_FACE('',(#7566),#7579,.F.);
#7566 = FACE_BOUND('',#7567,.F.);
#7567 = EDGE_LOOP('',(#7568,#7569,#7575,#7576,#7577,#7578));
#7568 = ORIENTED_EDGE('',*,*,#6929,.T.);
#7569 = ORIENTED_EDGE('',*,*,#7570,.T.);
#7570 = EDGE_CURVE('',#6922,#7544,#7571,.T.);
#7571 = LINE('',#7572,#7573);
#7572 = CARTESIAN_POINT('',(-30.6,9.492347662994,11.080768074087));
#7573 = VECTOR('',#7574,1.);
#7574 = DIRECTION('',(9.734117984147E-17,-0.438385701262,0.898786947463)
  );
#7575 = ORIENTED_EDGE('',*,*,#7543,.F.);
#7576 = ORIENTED_EDGE('',*,*,#6875,.F.);
#7577 = ORIENTED_EDGE('',*,*,#6857,.F.);
#7578 = ORIENTED_EDGE('',*,*,#6906,.F.);
#7579 = PLANE('',#7580);
#7580 = AXIS2_PLACEMENT_3D('',#7581,#7582,#7583);
#7581 = CARTESIAN_POINT('',(-34.,9.492347662994,11.080768074087));
#7582 = DIRECTION('',(1.995707926611E-16,-0.898786947463,-0.438385701262
    ));
#7583 = DIRECTION('',(9.734117984147E-17,-0.438385701262,0.898786947463)
  );
#7584 = ADVANCED_FACE('',(#7585),#7603,.F.);
#7585 = FACE_BOUND('',#7586,.F.);
#7586 = EDGE_LOOP('',(#7587,#7595,#7601,#7602));
#7587 = ORIENTED_EDGE('',*,*,#7588,.F.);
#7588 = EDGE_CURVE('',#7589,#6993,#7591,.T.);
#7589 = VERTEX_POINT('',#7590);
#7590 = CARTESIAN_POINT('',(-31.24963387209,11.267160583857,9.4));
#7591 = LINE('',#7592,#7593);
#7592 = CARTESIAN_POINT('',(-31.24963387209,11.267160583857,9.4));
#7593 = VECTOR('',#7594,1.);
#7594 = DIRECTION('',(-0.231323427898,-0.972876904704,0.));
#7595 = ORIENTED_EDGE('',*,*,#7596,.T.);
#7596 = EDGE_CURVE('',#7589,#2038,#7597,.T.);
#7597 = LINE('',#7598,#7599);
#7598 = CARTESIAN_POINT('',(-31.24963387209,11.267160583857,9.4));
#7599 = VECTOR('',#7600,1.);
#7600 = DIRECTION('',(0.,0.,1.));
#7601 = ORIENTED_EDGE('',*,*,#2045,.T.);
#7602 = ORIENTED_EDGE('',*,*,#7000,.F.);
#7603 = PLANE('',#7604);
#7604 = AXIS2_PLACEMENT_3D('',#7605,#7606,#7607);
#7605 = CARTESIAN_POINT('',(-31.24963387209,11.267160583857,9.4));
#7606 = DIRECTION('',(0.972876904704,-0.231323427898,0.));
#7607 = DIRECTION('',(-0.231323427898,-0.972876904704,0.));
#7608 = ADVANCED_FACE('',(#7609),#7851,.F.);
#7609 = FACE_BOUND('',#7610,.F.);
#7610 = EDGE_LOOP('',(#7611,#7621,#7629,#7637,#7645,#7653,#7661,#7669,
    #7677,#7685,#7693,#7701,#7709,#7717,#7723,#7724,#7725,#7733,#7741,
    #7749,#7757,#7765,#7773,#7781,#7789,#7797,#7805,#7813,#7821,#7829,
    #7837,#7845));
#7611 = ORIENTED_EDGE('',*,*,#7612,.F.);
#7612 = EDGE_CURVE('',#7613,#7615,#7617,.T.);
#7613 = VERTEX_POINT('',#7614);
#7614 = CARTESIAN_POINT('',(-26.464,17.353822000745,9.4));
#7615 = VERTEX_POINT('',#7616);
#7616 = CARTESIAN_POINT('',(-26.464,16.87,9.4));
#7617 = LINE('',#7618,#7619);
#7618 = CARTESIAN_POINT('',(-26.464,21.217241898038,9.4));
#7619 = VECTOR('',#7620,1.);
#7620 = DIRECTION('',(0.,-1.,0.));
#7621 = ORIENTED_EDGE('',*,*,#7622,.T.);
#7622 = EDGE_CURVE('',#7613,#7623,#7625,.T.);
#7623 = VERTEX_POINT('',#7624);
#7624 = CARTESIAN_POINT('',(-26.58735421156,17.288578204167,9.4));
#7625 = LINE('',#7626,#7627);
#7626 = CARTESIAN_POINT('',(-26.01179291055,17.593000760677,9.4));
#7627 = VECTOR('',#7628,1.);
#7628 = DIRECTION('',(-0.883969718852,-0.467544154228,0.));
#7629 = ORIENTED_EDGE('',*,*,#7630,.T.);
#7630 = EDGE_CURVE('',#7623,#7631,#7633,.T.);
#7631 = VERTEX_POINT('',#7632);
#7632 = CARTESIAN_POINT('',(-27.14177300385,16.947163929568,9.4));
#7633 = LINE('',#7634,#7635);
#7634 = CARTESIAN_POINT('',(-26.58735421156,17.288578204167,9.4));
#7635 = VECTOR('',#7636,1.);
#7636 = DIRECTION('',(-0.85149822109,-0.524357492062,0.));
#7637 = ORIENTED_EDGE('',*,*,#7638,.T.);
#7638 = EDGE_CURVE('',#7631,#7639,#7641,.T.);
#7639 = VERTEX_POINT('',#7640);
#7640 = CARTESIAN_POINT('',(-27.67267518102,16.570219925219,9.4));
#7641 = LINE('',#7642,#7643);
#7642 = CARTESIAN_POINT('',(-27.14177300385,16.947163929568,9.4));
#7643 = VECTOR('',#7644,1.);
#7644 = DIRECTION('',(-0.81538047722,-0.578925450614,0.));
#7645 = ORIENTED_EDGE('',*,*,#7646,.T.);
#7646 = EDGE_CURVE('',#7639,#7647,#7649,.T.);
#7647 = VERTEX_POINT('',#7648);
#7648 = CARTESIAN_POINT('',(-28.17778733845,16.159360323217,9.4));
#7649 = LINE('',#7650,#7651);
#7650 = CARTESIAN_POINT('',(-27.67267518102,16.570219925219,9.4));
#7651 = VECTOR('',#7652,1.);
#7652 = DIRECTION('',(-0.775771148967,-0.631014361508,0.));
#7653 = ORIENTED_EDGE('',*,*,#7654,.T.);
#7654 = EDGE_CURVE('',#7647,#7655,#7657,.T.);
#7655 = VERTEX_POINT('',#7656);
#7656 = CARTESIAN_POINT('',(-28.65494650833,15.716344487452,9.4));
#7657 = LINE('',#7658,#7659);
#7658 = CARTESIAN_POINT('',(-28.17778733845,16.159360323217,9.4));
#7659 = VECTOR('',#7660,1.);
#7660 = DIRECTION('',(-0.732839849556,-0.680401172032,0.));
#7661 = ORIENTED_EDGE('',*,*,#7662,.T.);
#7662 = EDGE_CURVE('',#7655,#7663,#7665,.T.);
#7663 = VERTEX_POINT('',#7664);
#7664 = CARTESIAN_POINT('',(-29.10210942185,15.243069479747,9.4));
#7665 = LINE('',#7666,#7667);
#7666 = CARTESIAN_POINT('',(-28.65494650833,15.716344487452,9.4));
#7667 = VECTOR('',#7668,1.);
#7668 = DIRECTION('',(-0.686770417402,-0.72687440028,0.));
#7669 = ORIENTED_EDGE('',*,*,#7670,.T.);
#7670 = EDGE_CURVE('',#7663,#7671,#7673,.T.);
#7671 = VERTEX_POINT('',#7672);
#7672 = CARTESIAN_POINT('',(-29.51736125875,14.741561936343,9.4));
#7673 = LINE('',#7674,#7675);
#7674 = CARTESIAN_POINT('',(-29.10210942185,15.243069479747,9.4));
#7675 = VECTOR('',#7676,1.);
#7676 = DIRECTION('',(-0.637760128885,-0.770235040753,0.));
#7677 = ORIENTED_EDGE('',*,*,#7678,.T.);
#7678 = EDGE_CURVE('',#7671,#7679,#7681,.T.);
#7679 = VERTEX_POINT('',#7680);
#7680 = CARTESIAN_POINT('',(-29.89892384692,14.213969389534,9.4));
#7681 = LINE('',#7682,#7683);
#7682 = CARTESIAN_POINT('',(-29.51736125875,14.741561936343,9.4));
#7683 = VECTOR('',#7684,1.);
#7684 = DIRECTION('',(-0.586018853586,-0.810297416534,0.));
#7685 = ORIENTED_EDGE('',*,*,#7686,.T.);
#7686 = EDGE_CURVE('',#7679,#7687,#7689,.T.);
#7687 = VERTEX_POINT('',#7688);
#7688 = CARTESIAN_POINT('',(-30.24516327678,13.662551071603,9.4));
#7689 = LINE('',#7690,#7691);
#7690 = CARTESIAN_POINT('',(-29.89892384692,14.213969389534,9.4));
#7691 = VECTOR('',#7692,1.);
#7692 = DIRECTION('',(-0.531768155588,-0.846889974378,0.));
#7693 = ORIENTED_EDGE('',*,*,#7694,.T.);
#7694 = EDGE_CURVE('',#7687,#7695,#7697,.T.);
#7695 = VERTEX_POINT('',#7696);
#7696 = CARTESIAN_POINT('',(-30.55459689794,13.089668240443,9.4));
#7697 = LINE('',#7698,#7699);
#7698 = CARTESIAN_POINT('',(-30.24516327678,13.662551071603,9.4));
#7699 = VECTOR('',#7700,1.);
#7700 = DIRECTION('',(-0.47524034471,-0.879856019335,0.));
#7701 = ORIENTED_EDGE('',*,*,#7702,.T.);
#7702 = EDGE_CURVE('',#7695,#7703,#7705,.T.);
#7703 = VERTEX_POINT('',#7704);
#7704 = CARTESIAN_POINT('',(-30.82589966812,12.497774068286,9.4));
#7705 = LINE('',#7706,#7707);
#7706 = CARTESIAN_POINT('',(-30.55459689794,13.089668240443,9.4));
#7707 = VECTOR('',#7708,1.);
#7708 = DIRECTION('',(-0.416677481715,-0.909054385739,0.));
#7709 = ORIENTED_EDGE('',*,*,#7710,.T.);
#7710 = EDGE_CURVE('',#7703,#7711,#7713,.T.);
#7711 = VERTEX_POINT('',#7712);
#7712 = CARTESIAN_POINT('',(-31.05790982721,11.889403136849,9.4));
#7713 = LINE('',#7714,#7715);
#7714 = CARTESIAN_POINT('',(-30.82589966812,12.497774068286,9.4));
#7715 = VECTOR('',#7716,1.);
#7716 = DIRECTION('',(-0.356330341775,-0.934360041703,0.));
#7717 = ORIENTED_EDGE('',*,*,#7718,.T.);
#7718 = EDGE_CURVE('',#7711,#7589,#7719,.T.);
#7719 = LINE('',#7720,#7721);
#7720 = CARTESIAN_POINT('',(-31.05790982721,11.889403136849,9.4));
#7721 = VECTOR('',#7722,1.);
#7722 = DIRECTION('',(-0.294457340605,-0.955664624522,0.));
#7723 = ORIENTED_EDGE('',*,*,#7588,.T.);
#7724 = ORIENTED_EDGE('',*,*,#6992,.F.);
#7725 = ORIENTED_EDGE('',*,*,#7726,.F.);
#7726 = EDGE_CURVE('',#7727,#6985,#7729,.T.);
#7727 = VERTEX_POINT('',#7728);
#7728 = CARTESIAN_POINT('',(-30.636,11.843,9.4));
#7729 = LINE('',#7730,#7731);
#7730 = CARTESIAN_POINT('',(-30.08656876426,13.588633886756,9.4));
#7731 = VECTOR('',#7732,1.);
#7732 = DIRECTION('',(-0.300226129618,-0.953868057487,0.));
#7733 = ORIENTED_EDGE('',*,*,#7734,.F.);
#7734 = EDGE_CURVE('',#7735,#7727,#7737,.T.);
#7735 = VERTEX_POINT('',#7736);
#7736 = CARTESIAN_POINT('',(-30.483,12.237,9.4));
#7737 = LINE('',#7738,#7739);
#7738 = CARTESIAN_POINT('',(-29.86296813884,13.833683354869,9.4));
#7739 = VECTOR('',#7740,1.);
#7740 = DIRECTION('',(-0.361989520564,-0.932182164066,0.));
#7741 = ORIENTED_EDGE('',*,*,#7742,.F.);
#7742 = EDGE_CURVE('',#7743,#7735,#7745,.T.);
#7743 = VERTEX_POINT('',#7744);
#7744 = CARTESIAN_POINT('',(-30.312,12.624,9.4));
#7745 = LINE('',#7746,#7747);
#7746 = CARTESIAN_POINT('',(-29.68057378536,14.053017222597,9.4));
#7747 = VECTOR('',#7748,1.);
#7748 = DIRECTION('',(-0.404163848321,-0.914686604095,0.));
#7749 = ORIENTED_EDGE('',*,*,#7750,.F.);
#7750 = EDGE_CURVE('',#7751,#7743,#7753,.T.);
#7751 = VERTEX_POINT('',#7752);
#7752 = CARTESIAN_POINT('',(-30.125,13.003,9.4));
#7753 = LINE('',#7754,#7755);
#7754 = CARTESIAN_POINT('',(-29.50359420248,14.262426723312,9.4));
#7755 = VECTOR('',#7756,1.);
#7756 = DIRECTION('',(-0.442474983058,-0.896780848016,0.));
#7757 = ORIENTED_EDGE('',*,*,#7758,.F.);
#7758 = EDGE_CURVE('',#7759,#7751,#7761,.T.);
#7759 = VERTEX_POINT('',#7760);
#7760 = CARTESIAN_POINT('',(-29.922,13.374,9.4));
#7761 = LINE('',#7762,#7763);
#7762 = CARTESIAN_POINT('',(-29.32503394817,14.465006922301,9.4));
#7763 = VECTOR('',#7764,1.);
#7764 = DIRECTION('',(-0.480011415389,-0.877262241919,0.));
#7765 = ORIENTED_EDGE('',*,*,#7766,.F.);
#7766 = EDGE_CURVE('',#7767,#7759,#7769,.T.);
#7767 = VERTEX_POINT('',#7768);
#7768 = CARTESIAN_POINT('',(-29.703,13.736,9.4));
#7769 = LINE('',#7770,#7771);
#7770 = CARTESIAN_POINT('',(-29.14313174029,14.661444337965,9.4));
#7771 = VECTOR('',#7772,1.);
#7772 = DIRECTION('',(-0.517620578588,-0.855610271457,0.));
#7773 = ORIENTED_EDGE('',*,*,#7774,.F.);
#7774 = EDGE_CURVE('',#7775,#7767,#7777,.T.);
#7775 = VERTEX_POINT('',#7776);
#7776 = CARTESIAN_POINT('',(-29.468,14.087,9.4));
#7777 = LINE('',#7778,#7779);
#7778 = CARTESIAN_POINT('',(-28.95596913332,14.85177801789,9.4));
#7779 = VECTOR('',#7780,1.);
#7780 = DIRECTION('',(-0.556338086623,-0.830956035764,0.));
#7781 = ORIENTED_EDGE('',*,*,#7782,.F.);
#7782 = EDGE_CURVE('',#7783,#7775,#7785,.T.);
#7783 = VERTEX_POINT('',#7784);
#7784 = CARTESIAN_POINT('',(-29.218,14.428,9.4));
#7785 = LINE('',#7786,#7787);
#7786 = CARTESIAN_POINT('',(-28.77254074244,15.035606427307,9.4));
#7787 = VECTOR('',#7788,1.);
#7788 = DIRECTION('',(-0.591261128016,-0.806480178614,0.));
#7789 = ORIENTED_EDGE('',*,*,#7790,.F.);
#7790 = EDGE_CURVE('',#7791,#7783,#7793,.T.);
#7791 = VERTEX_POINT('',#7792);
#7792 = CARTESIAN_POINT('',(-28.953,14.758,9.4));
#7793 = LINE('',#7794,#7795);
#7794 = CARTESIAN_POINT('',(-28.58609408193,15.214901709292,9.4));
#7795 = VECTOR('',#7796,1.);
#7796 = DIRECTION('',(-0.626134699206,-0.779714908445,0.));
#7797 = ORIENTED_EDGE('',*,*,#7798,.F.);
#7798 = EDGE_CURVE('',#7799,#7791,#7801,.T.);
#7799 = VERTEX_POINT('',#7800);
#7800 = CARTESIAN_POINT('',(-28.674,15.076,9.4));
#7801 = LINE('',#7802,#7803);
#7802 = CARTESIAN_POINT('',(-28.39901650835,15.389422044236,9.4));
#7803 = VECTOR('',#7804,1.);
#7804 = DIRECTION('',(-0.659508125853,-0.751697433768,0.));
#7805 = ORIENTED_EDGE('',*,*,#7806,.F.);
#7806 = EDGE_CURVE('',#7807,#7799,#7809,.T.);
#7807 = VERTEX_POINT('',#7808);
#7808 = CARTESIAN_POINT('',(-28.382,15.382,9.4));
#7809 = LINE('',#7810,#7811);
#7810 = CARTESIAN_POINT('',(-28.21264446627,15.559475319585,9.4));
#7811 = VECTOR('',#7812,1.);
#7812 = DIRECTION('',(-0.690363276345,-0.723462885485,0.));
#7813 = ORIENTED_EDGE('',*,*,#7814,.F.);
#7814 = EDGE_CURVE('',#7815,#7807,#7817,.T.);
#7815 = VERTEX_POINT('',#7816);
#7816 = CARTESIAN_POINT('',(-28.076,15.674,9.4));
#7817 = LINE('',#7818,#7819);
#7818 = CARTESIAN_POINT('',(-28.01978211834,15.727645821707,9.4));
#7819 = VECTOR('',#7820,1.);
#7820 = DIRECTION('',(-0.723462885485,-0.690363276345,0.));
#7821 = ORIENTED_EDGE('',*,*,#7822,.F.);
#7822 = EDGE_CURVE('',#7823,#7815,#7825,.T.);
#7823 = VERTEX_POINT('',#7824);
#7824 = CARTESIAN_POINT('',(-27.758,15.953,9.4));
#7825 = LINE('',#7826,#7827);
#7826 = CARTESIAN_POINT('',(-27.8293821169,15.890372293659,9.4));
#7827 = VECTOR('',#7828,1.);
#7828 = DIRECTION('',(-0.751697433768,-0.659508125853,0.));
#7829 = ORIENTED_EDGE('',*,*,#7830,.F.);
#7830 = EDGE_CURVE('',#7831,#7823,#7833,.T.);
#7831 = VERTEX_POINT('',#7832);
#7832 = CARTESIAN_POINT('',(-27.428,16.218,9.4));
#7833 = LINE('',#7834,#7835);
#7834 = CARTESIAN_POINT('',(-27.63549290962,16.051376905906,9.4));
#7835 = VECTOR('',#7836,1.);
#7836 = DIRECTION('',(-0.779714908445,-0.626134699206,0.));
#7837 = ORIENTED_EDGE('',*,*,#7838,.F.);
#7838 = EDGE_CURVE('',#7839,#7831,#7841,.T.);
#7839 = VERTEX_POINT('',#7840);
#7840 = CARTESIAN_POINT('',(-27.087,16.468,9.4));
#7841 = LINE('',#7842,#7843);
#7842 = CARTESIAN_POINT('',(-27.43894438576,16.209976256772,9.4));
#7843 = VECTOR('',#7844,1.);
#7844 = DIRECTION('',(-0.806480178614,-0.591261128016,0.));
#7845 = ORIENTED_EDGE('',*,*,#7846,.F.);
#7846 = EDGE_CURVE('',#7615,#7839,#7847,.T.);
#7847 = LINE('',#7848,#7849);
#7848 = CARTESIAN_POINT('',(-27.094461028,16.463185660902,9.4));
#7849 = VECTOR('',#7850,1.);
#7850 = DIRECTION('',(-0.840257006679,-0.542188309286,0.));
#7851 = PLANE('',#7852);
#7852 = AXIS2_PLACEMENT_3D('',#7853,#7854,#7855);
#7853 = CARTESIAN_POINT('',(-26.67837504904,14.434483796075,9.4));
#7854 = DIRECTION('',(0.,0.,1.));
#7855 = DIRECTION('',(1.,0.,-0.));
#7856 = ADVANCED_FACE('',(#7857),#7875,.F.);
#7857 = FACE_BOUND('',#7858,.F.);
#7858 = EDGE_LOOP('',(#7859,#7860,#7868,#7874));
#7859 = ORIENTED_EDGE('',*,*,#6984,.F.);
#7860 = ORIENTED_EDGE('',*,*,#7861,.T.);
#7861 = EDGE_CURVE('',#6977,#7862,#7864,.T.);
#7862 = VERTEX_POINT('',#7863);
#7863 = CARTESIAN_POINT('',(-30.636,11.843,2.1));
#7864 = LINE('',#7865,#7866);
#7865 = CARTESIAN_POINT('',(-29.61512407949,15.086491605686,2.1));
#7866 = VECTOR('',#7867,1.);
#7867 = DIRECTION('',(0.300226129618,0.953868057487,-0.));
#7868 = ORIENTED_EDGE('',*,*,#7869,.T.);
#7869 = EDGE_CURVE('',#7862,#7727,#7870,.T.);
#7870 = LINE('',#7871,#7872);
#7871 = CARTESIAN_POINT('',(-30.636,11.843,0.4));
#7872 = VECTOR('',#7873,1.);
#7873 = DIRECTION('',(0.,0.,1.));
#7874 = ORIENTED_EDGE('',*,*,#7726,.T.);
#7875 = PLANE('',#7876);
#7876 = AXIS2_PLACEMENT_3D('',#7877,#7878,#7879);
#7877 = CARTESIAN_POINT('',(-30.636,11.843,0.4));
#7878 = DIRECTION('',(0.953868057487,-0.300226129618,0.));
#7879 = DIRECTION('',(-0.300226129618,-0.953868057487,0.));
#7880 = ADVANCED_FACE('',(#7881),#7915,.F.);
#7881 = FACE_BOUND('',#7882,.F.);
#7882 = EDGE_LOOP('',(#7883,#7891,#7899,#7907,#7913,#7914));
#7883 = ORIENTED_EDGE('',*,*,#7884,.F.);
#7884 = EDGE_CURVE('',#7885,#2235,#7887,.T.);
#7885 = VERTEX_POINT('',#7886);
#7886 = CARTESIAN_POINT('',(-30.6,-10.21226610365,9.5));
#7887 = LINE('',#7888,#7889);
#7888 = CARTESIAN_POINT('',(-30.6,-10.21226610365,1.25));
#7889 = VECTOR('',#7890,1.);
#7890 = DIRECTION('',(0.,0.,-1.));
#7891 = ORIENTED_EDGE('',*,*,#7892,.T.);
#7892 = EDGE_CURVE('',#7885,#7893,#7895,.T.);
#7893 = VERTEX_POINT('',#7894);
#7894 = CARTESIAN_POINT('',(-30.57239139082,-10.28594529663,9.5));
#7895 = LINE('',#7896,#7897);
#7896 = CARTESIAN_POINT('',(-30.67100271637,-10.02278090325,9.5));
#7897 = VECTOR('',#7898,1.);
#7898 = DIRECTION('',(0.350888455834,-0.936417263597,0.));
#7899 = ORIENTED_EDGE('',*,*,#7900,.F.);
#7900 = EDGE_CURVE('',#7901,#7893,#7903,.T.);
#7901 = VERTEX_POINT('',#7902);
#7902 = CARTESIAN_POINT('',(-30.57239139082,-10.28594529663,2.1));
#7903 = LINE('',#7904,#7905);
#7904 = CARTESIAN_POINT('',(-30.57239139082,-10.28594529663,0.4));
#7905 = VECTOR('',#7906,1.);
#7906 = DIRECTION('',(0.,0.,1.));
#7907 = ORIENTED_EDGE('',*,*,#7908,.F.);
#7908 = EDGE_CURVE('',#7063,#7901,#7909,.T.);
#7909 = LINE('',#7910,#7911);
#7910 = CARTESIAN_POINT('',(-28.04955614767,-17.01864463632,2.1));
#7911 = VECTOR('',#7912,1.);
#7912 = DIRECTION('',(0.350888455834,-0.936417263597,0.));
#7913 = ORIENTED_EDGE('',*,*,#7062,.F.);
#7914 = ORIENTED_EDGE('',*,*,#7088,.F.);
#7915 = PLANE('',#7916);
#7916 = AXIS2_PLACEMENT_3D('',#7917,#7918,#7919);
#7917 = CARTESIAN_POINT('',(-30.7852222561,-9.717962813441,0.4));
#7918 = DIRECTION('',(0.936417263597,0.350888455834,-0.));
#7919 = DIRECTION('',(0.350888455834,-0.936417263597,0.));
#7920 = ADVANCED_FACE('',(#7921),#7955,.F.);
#7921 = FACE_BOUND('',#7922,.F.);
#7922 = EDGE_LOOP('',(#7923,#7933,#7941,#7949));
#7923 = ORIENTED_EDGE('',*,*,#7924,.F.);
#7924 = EDGE_CURVE('',#7925,#7927,#7929,.T.);
#7925 = VERTEX_POINT('',#7926);
#7926 = CARTESIAN_POINT('',(-24.692,15.782,0.4));
#7927 = VERTEX_POINT('',#7928);
#7928 = CARTESIAN_POINT('',(-24.692,15.9,0.4));
#7929 = LINE('',#7930,#7931);
#7930 = CARTESIAN_POINT('',(-24.692,15.782,0.4));
#7931 = VECTOR('',#7932,1.);
#7932 = DIRECTION('',(0.,1.,0.));
#7933 = ORIENTED_EDGE('',*,*,#7934,.T.);
#7934 = EDGE_CURVE('',#7925,#7935,#7937,.T.);
#7935 = VERTEX_POINT('',#7936);
#7936 = CARTESIAN_POINT('',(-24.692,15.782,9.4));
#7937 = LINE('',#7938,#7939);
#7938 = CARTESIAN_POINT('',(-24.692,15.782,0.4));
#7939 = VECTOR('',#7940,1.);
#7940 = DIRECTION('',(0.,0.,1.));
#7941 = ORIENTED_EDGE('',*,*,#7942,.T.);
#7942 = EDGE_CURVE('',#7935,#7943,#7945,.T.);
#7943 = VERTEX_POINT('',#7944);
#7944 = CARTESIAN_POINT('',(-24.692,15.9,9.4));
#7945 = LINE('',#7946,#7947);
#7946 = CARTESIAN_POINT('',(-24.692,15.108241898038,9.4));
#7947 = VECTOR('',#7948,1.);
#7948 = DIRECTION('',(0.,1.,-0.));
#7949 = ORIENTED_EDGE('',*,*,#7950,.T.);
#7950 = EDGE_CURVE('',#7943,#7927,#7951,.T.);
#7951 = LINE('',#7952,#7953);
#7952 = CARTESIAN_POINT('',(-24.692,15.9,0.4));
#7953 = VECTOR('',#7954,1.);
#7954 = DIRECTION('',(0.,0.,-1.));
#7955 = PLANE('',#7956);
#7956 = AXIS2_PLACEMENT_3D('',#7957,#7958,#7959);
#7957 = CARTESIAN_POINT('',(-24.692,15.782,0.4));
#7958 = DIRECTION('',(-1.,0.,0.));
#7959 = DIRECTION('',(0.,1.,0.));
#7960 = ADVANCED_FACE('',(#7961),#7986,.F.);
#7961 = FACE_BOUND('',#7962,.F.);
#7962 = EDGE_LOOP('',(#7963,#7971,#7979,#7985));
#7963 = ORIENTED_EDGE('',*,*,#7964,.F.);
#7964 = EDGE_CURVE('',#7965,#7925,#7967,.T.);
#7965 = VERTEX_POINT('',#7966);
#7966 = CARTESIAN_POINT('',(-25.158,15.558,0.4));
#7967 = LINE('',#7968,#7969);
#7968 = CARTESIAN_POINT('',(-25.158,15.558,0.4));
#7969 = VECTOR('',#7970,1.);
#7970 = DIRECTION('',(0.90128147147,0.433234012037,0.));
#7971 = ORIENTED_EDGE('',*,*,#7972,.T.);
#7972 = EDGE_CURVE('',#7965,#7973,#7975,.T.);
#7973 = VERTEX_POINT('',#7974);
#7974 = CARTESIAN_POINT('',(-25.158,15.558,9.4));
#7975 = LINE('',#7976,#7977);
#7976 = CARTESIAN_POINT('',(-25.158,15.558,0.4));
#7977 = VECTOR('',#7978,1.);
#7978 = DIRECTION('',(0.,0.,1.));
#7979 = ORIENTED_EDGE('',*,*,#7980,.T.);
#7980 = EDGE_CURVE('',#7973,#7935,#7981,.T.);
#7981 = LINE('',#7982,#7983);
#7982 = CARTESIAN_POINT('',(-25.99485394861,15.155735441011,9.4));
#7983 = VECTOR('',#7984,1.);
#7984 = DIRECTION('',(0.90128147147,0.433234012037,-0.));
#7985 = ORIENTED_EDGE('',*,*,#7934,.F.);
#7986 = PLANE('',#7987);
#7987 = AXIS2_PLACEMENT_3D('',#7988,#7989,#7990);
#7988 = CARTESIAN_POINT('',(-25.158,15.558,0.4));
#7989 = DIRECTION('',(-0.433234012037,0.90128147147,0.));
#7990 = DIRECTION('',(0.90128147147,0.433234012037,0.));
#7991 = ADVANCED_FACE('',(#7992),#8017,.F.);
#7992 = FACE_BOUND('',#7993,.F.);
#7993 = EDGE_LOOP('',(#7994,#8002,#8010,#8016));
#7994 = ORIENTED_EDGE('',*,*,#7995,.F.);
#7995 = EDGE_CURVE('',#7996,#7965,#7998,.T.);
#7996 = VERTEX_POINT('',#7997);
#7997 = CARTESIAN_POINT('',(-25.464,15.39,0.4));
#7998 = LINE('',#7999,#8000);
#7999 = CARTESIAN_POINT('',(-25.464,15.39,0.4));
#8000 = VECTOR('',#8001,1.);
#8001 = DIRECTION('',(0.87657855078,0.481258812193,0.));
#8002 = ORIENTED_EDGE('',*,*,#8003,.T.);
#8003 = EDGE_CURVE('',#7996,#8004,#8006,.T.);
#8004 = VERTEX_POINT('',#8005);
#8005 = CARTESIAN_POINT('',(-25.464,15.39,9.4));
#8006 = LINE('',#8007,#8008);
#8007 = CARTESIAN_POINT('',(-25.464,15.39,0.4));
#8008 = VECTOR('',#8009,1.);
#8009 = DIRECTION('',(0.,0.,1.));
#8010 = ORIENTED_EDGE('',*,*,#8011,.T.);
#8011 = EDGE_CURVE('',#8004,#7973,#8012,.T.);
#8012 = LINE('',#8013,#8014);
#8013 = CARTESIAN_POINT('',(-26.13210437839,15.023197596173,9.4));
#8014 = VECTOR('',#8015,1.);
#8015 = DIRECTION('',(0.87657855078,0.481258812193,-0.));
#8016 = ORIENTED_EDGE('',*,*,#7972,.F.);
#8017 = PLANE('',#8018);
#8018 = AXIS2_PLACEMENT_3D('',#8019,#8020,#8021);
#8019 = CARTESIAN_POINT('',(-25.464,15.39,0.4));
#8020 = DIRECTION('',(-0.481258812193,0.87657855078,0.));
#8021 = DIRECTION('',(0.87657855078,0.481258812193,0.));
#8022 = ADVANCED_FACE('',(#8023),#8048,.F.);
#8023 = FACE_BOUND('',#8024,.F.);
#8024 = EDGE_LOOP('',(#8025,#8033,#8041,#8047));
#8025 = ORIENTED_EDGE('',*,*,#8026,.F.);
#8026 = EDGE_CURVE('',#8027,#7996,#8029,.T.);
#8027 = VERTEX_POINT('',#8028);
#8028 = CARTESIAN_POINT('',(-25.762,15.209,0.4));
#8029 = LINE('',#8030,#8031);
#8030 = CARTESIAN_POINT('',(-25.762,15.209,0.4));
#8031 = VECTOR('',#8032,1.);
#8032 = DIRECTION('',(0.854696620734,0.519127813265,0.));
#8033 = ORIENTED_EDGE('',*,*,#8034,.T.);
#8034 = EDGE_CURVE('',#8027,#8035,#8037,.T.);
#8035 = VERTEX_POINT('',#8036);
#8036 = CARTESIAN_POINT('',(-25.762,15.209,9.4));
#8037 = LINE('',#8038,#8039);
#8038 = CARTESIAN_POINT('',(-25.762,15.209,0.4));
#8039 = VECTOR('',#8040,1.);
#8040 = DIRECTION('',(0.,0.,1.));
#8041 = ORIENTED_EDGE('',*,*,#8042,.T.);
#8042 = EDGE_CURVE('',#8035,#8004,#8043,.T.);
#8043 = LINE('',#8044,#8045);
#8044 = CARTESIAN_POINT('',(-26.26853405528,14.901340053667,9.4));
#8045 = VECTOR('',#8046,1.);
#8046 = DIRECTION('',(0.854696620734,0.519127813265,-0.));
#8047 = ORIENTED_EDGE('',*,*,#8003,.F.);
#8048 = PLANE('',#8049);
#8049 = AXIS2_PLACEMENT_3D('',#8050,#8051,#8052);
#8050 = CARTESIAN_POINT('',(-25.762,15.209,0.4));
#8051 = DIRECTION('',(-0.519127813265,0.854696620734,0.));
#8052 = DIRECTION('',(0.854696620734,0.519127813265,0.));
#8053 = ADVANCED_FACE('',(#8054),#8079,.F.);
#8054 = FACE_BOUND('',#8055,.F.);
#8055 = EDGE_LOOP('',(#8056,#8064,#8072,#8078));
#8056 = ORIENTED_EDGE('',*,*,#8057,.F.);
#8057 = EDGE_CURVE('',#8058,#8027,#8060,.T.);
#8058 = VERTEX_POINT('',#8059);
#8059 = CARTESIAN_POINT('',(-26.052,15.015,0.4));
#8060 = LINE('',#8061,#8062);
#8061 = CARTESIAN_POINT('',(-26.052,15.015,0.4));
#8062 = VECTOR('',#8063,1.);
#8063 = DIRECTION('',(0.831167367627,0.556022307999,0.));
#8064 = ORIENTED_EDGE('',*,*,#8065,.T.);
#8065 = EDGE_CURVE('',#8058,#8066,#8068,.T.);
#8066 = VERTEX_POINT('',#8067);
#8067 = CARTESIAN_POINT('',(-26.052,15.015,9.4));
#8068 = LINE('',#8069,#8070);
#8069 = CARTESIAN_POINT('',(-26.052,15.015,0.4));
#8070 = VECTOR('',#8071,1.);
#8071 = DIRECTION('',(0.,0.,1.));
#8072 = ORIENTED_EDGE('',*,*,#8073,.T.);
#8073 = EDGE_CURVE('',#8066,#8035,#8074,.T.);
#8074 = LINE('',#8075,#8076);
#8075 = CARTESIAN_POINT('',(-26.40250430134,14.780524708755,9.4));
#8076 = VECTOR('',#8077,1.);
#8077 = DIRECTION('',(0.831167367627,0.556022307999,-0.));
#8078 = ORIENTED_EDGE('',*,*,#8034,.F.);
#8079 = PLANE('',#8080);
#8080 = AXIS2_PLACEMENT_3D('',#8081,#8082,#8083);
#8081 = CARTESIAN_POINT('',(-26.052,15.015,0.4));
#8082 = DIRECTION('',(-0.556022307999,0.831167367627,0.));
#8083 = DIRECTION('',(0.831167367627,0.556022307999,0.));
#8084 = ADVANCED_FACE('',(#8085),#8110,.F.);
#8085 = FACE_BOUND('',#8086,.F.);
#8086 = EDGE_LOOP('',(#8087,#8095,#8103,#8109));
#8087 = ORIENTED_EDGE('',*,*,#8088,.F.);
#8088 = EDGE_CURVE('',#8089,#8058,#8091,.T.);
#8089 = VERTEX_POINT('',#8090);
#8090 = CARTESIAN_POINT('',(-26.334,14.809,0.4));
#8091 = LINE('',#8092,#8093);
#8092 = CARTESIAN_POINT('',(-26.334,14.809,0.4));
#8093 = VECTOR('',#8094,1.);
#8094 = DIRECTION('',(0.807496038635,0.589872992761,0.));
#8095 = ORIENTED_EDGE('',*,*,#8096,.T.);
#8096 = EDGE_CURVE('',#8089,#8097,#8099,.T.);
#8097 = VERTEX_POINT('',#8098);
#8098 = CARTESIAN_POINT('',(-26.334,14.809,9.4));
#8099 = LINE('',#8100,#8101);
#8100 = CARTESIAN_POINT('',(-26.334,14.809,0.4));
#8101 = VECTOR('',#8102,1.);
#8102 = DIRECTION('',(0.,0.,1.));
#8103 = ORIENTED_EDGE('',*,*,#8104,.T.);
#8104 = EDGE_CURVE('',#8097,#8066,#8105,.T.);
#8105 = LINE('',#8106,#8107);
#8106 = CARTESIAN_POINT('',(-26.53546964873,14.661827136034,9.4));
#8107 = VECTOR('',#8108,1.);
#8108 = DIRECTION('',(0.807496038635,0.589872992761,-0.));
#8109 = ORIENTED_EDGE('',*,*,#8065,.F.);
#8110 = PLANE('',#8111);
#8111 = AXIS2_PLACEMENT_3D('',#8112,#8113,#8114);
#8112 = CARTESIAN_POINT('',(-26.334,14.809,0.4));
#8113 = DIRECTION('',(-0.589872992761,0.807496038635,0.));
#8114 = DIRECTION('',(0.807496038635,0.589872992761,0.));
#8115 = ADVANCED_FACE('',(#8116),#8141,.F.);
#8116 = FACE_BOUND('',#8117,.F.);
#8117 = EDGE_LOOP('',(#8118,#8126,#8134,#8140));
#8118 = ORIENTED_EDGE('',*,*,#8119,.F.);
#8119 = EDGE_CURVE('',#8120,#8089,#8122,.T.);
#8120 = VERTEX_POINT('',#8121);
#8121 = CARTESIAN_POINT('',(-26.606,14.591,0.4));
#8122 = LINE('',#8123,#8124);
#8123 = CARTESIAN_POINT('',(-26.606,14.591,0.4));
#8124 = VECTOR('',#8125,1.);
#8125 = DIRECTION('',(0.780308733593,0.625394499718,0.));
#8126 = ORIENTED_EDGE('',*,*,#8127,.T.);
#8127 = EDGE_CURVE('',#8120,#8128,#8130,.T.);
#8128 = VERTEX_POINT('',#8129);
#8129 = CARTESIAN_POINT('',(-26.606,14.591,9.4));
#8130 = LINE('',#8131,#8132);
#8131 = CARTESIAN_POINT('',(-26.606,14.591,0.4));
#8132 = VECTOR('',#8133,1.);
#8133 = DIRECTION('',(0.,0.,1.));
#8134 = ORIENTED_EDGE('',*,*,#8135,.T.);
#8135 = EDGE_CURVE('',#8128,#8097,#8136,.T.);
#8136 = LINE('',#8137,#8138);
#8137 = CARTESIAN_POINT('',(-26.66622393775,14.542732285186,9.4));
#8138 = VECTOR('',#8139,1.);
#8139 = DIRECTION('',(0.780308733593,0.625394499718,-0.));
#8140 = ORIENTED_EDGE('',*,*,#8096,.F.);
#8141 = PLANE('',#8142);
#8142 = AXIS2_PLACEMENT_3D('',#8143,#8144,#8145);
#8143 = CARTESIAN_POINT('',(-26.606,14.591,0.4));
#8144 = DIRECTION('',(-0.625394499718,0.780308733593,0.));
#8145 = DIRECTION('',(0.780308733593,0.625394499718,0.));
#8146 = ADVANCED_FACE('',(#8147),#8172,.F.);
#8147 = FACE_BOUND('',#8148,.F.);
#8148 = EDGE_LOOP('',(#8149,#8157,#8165,#8171));
#8149 = ORIENTED_EDGE('',*,*,#8150,.F.);
#8150 = EDGE_CURVE('',#8151,#8120,#8153,.T.);
#8151 = VERTEX_POINT('',#8152);
#8152 = CARTESIAN_POINT('',(-26.868,14.361,0.4));
#8153 = LINE('',#8154,#8155);
#8154 = CARTESIAN_POINT('',(-26.868,14.361,0.4));
#8155 = VECTOR('',#8156,1.);
#8156 = DIRECTION('',(0.751509593326,0.65972216208,0.));
#8157 = ORIENTED_EDGE('',*,*,#8158,.T.);
#8158 = EDGE_CURVE('',#8151,#8159,#8161,.T.);
#8159 = VERTEX_POINT('',#8160);
#8160 = CARTESIAN_POINT('',(-26.868,14.361,9.4));
#8161 = LINE('',#8162,#8163);
#8162 = CARTESIAN_POINT('',(-26.868,14.361,0.4));
#8163 = VECTOR('',#8164,1.);
#8164 = DIRECTION('',(0.,0.,1.));
#8165 = ORIENTED_EDGE('',*,*,#8166,.T.);
#8166 = EDGE_CURVE('',#8159,#8128,#8167,.T.);
#8167 = LINE('',#8168,#8169);
#8168 = CARTESIAN_POINT('',(-26.79623689904,14.42399814206,9.4));
#8169 = VECTOR('',#8170,1.);
#8170 = DIRECTION('',(0.751509593326,0.65972216208,-0.));
#8171 = ORIENTED_EDGE('',*,*,#8127,.F.);
#8172 = PLANE('',#8173);
#8173 = AXIS2_PLACEMENT_3D('',#8174,#8175,#8176);
#8174 = CARTESIAN_POINT('',(-26.868,14.361,0.4));
#8175 = DIRECTION('',(-0.65972216208,0.751509593326,0.));
#8176 = DIRECTION('',(0.751509593326,0.65972216208,0.));
#8177 = ADVANCED_FACE('',(#8178),#8203,.F.);
#8178 = FACE_BOUND('',#8179,.F.);
#8179 = EDGE_LOOP('',(#8180,#8188,#8196,#8202));
#8180 = ORIENTED_EDGE('',*,*,#8181,.F.);
#8181 = EDGE_CURVE('',#8182,#8151,#8184,.T.);
#8182 = VERTEX_POINT('',#8183);
#8183 = CARTESIAN_POINT('',(-27.12,14.12,0.4));
#8184 = LINE('',#8185,#8186);
#8185 = CARTESIAN_POINT('',(-27.12,14.12,0.4));
#8186 = VECTOR('',#8187,1.);
#8187 = DIRECTION('',(0.722704137747,0.691157528559,0.));
#8188 = ORIENTED_EDGE('',*,*,#8189,.T.);
#8189 = EDGE_CURVE('',#8182,#8190,#8192,.T.);
#8190 = VERTEX_POINT('',#8191);
#8191 = CARTESIAN_POINT('',(-27.12,14.12,9.4));
#8192 = LINE('',#8193,#8194);
#8193 = CARTESIAN_POINT('',(-27.12,14.12,0.4));
#8194 = VECTOR('',#8195,1.);
#8195 = DIRECTION('',(0.,0.,1.));
#8196 = ORIENTED_EDGE('',*,*,#8197,.T.);
#8197 = EDGE_CURVE('',#8190,#8159,#8198,.T.);
#8198 = LINE('',#8199,#8200);
#8199 = CARTESIAN_POINT('',(-26.92612665711,14.305410617599,9.4));
#8200 = VECTOR('',#8201,1.);
#8201 = DIRECTION('',(0.722704137747,0.691157528559,-0.));
#8202 = ORIENTED_EDGE('',*,*,#8158,.F.);
#8203 = PLANE('',#8204);
#8204 = AXIS2_PLACEMENT_3D('',#8205,#8206,#8207);
#8205 = CARTESIAN_POINT('',(-27.12,14.12,0.4));
#8206 = DIRECTION('',(-0.691157528559,0.722704137747,0.));
#8207 = DIRECTION('',(0.722704137747,0.691157528559,0.));
#8208 = ADVANCED_FACE('',(#8209),#8234,.F.);
#8209 = FACE_BOUND('',#8210,.F.);
#8210 = EDGE_LOOP('',(#8211,#8219,#8227,#8233));
#8211 = ORIENTED_EDGE('',*,*,#8212,.F.);
#8212 = EDGE_CURVE('',#8213,#8182,#8215,.T.);
#8213 = VERTEX_POINT('',#8214);
#8214 = CARTESIAN_POINT('',(-27.361,13.868,0.4));
#8215 = LINE('',#8216,#8217);
#8216 = CARTESIAN_POINT('',(-27.361,13.868,0.4));
#8217 = VECTOR('',#8218,1.);
#8218 = DIRECTION('',(0.691157528559,0.722704137747,0.));
#8219 = ORIENTED_EDGE('',*,*,#8220,.T.);
#8220 = EDGE_CURVE('',#8213,#8221,#8223,.T.);
#8221 = VERTEX_POINT('',#8222);
#8222 = CARTESIAN_POINT('',(-27.361,13.868,9.4));
#8223 = LINE('',#8224,#8225);
#8224 = CARTESIAN_POINT('',(-27.361,13.868,0.4));
#8225 = VECTOR('',#8226,1.);
#8226 = DIRECTION('',(0.,0.,1.));
#8227 = ORIENTED_EDGE('',*,*,#8228,.T.);
#8228 = EDGE_CURVE('',#8221,#8190,#8229,.T.);
#8229 = LINE('',#8230,#8231);
#8230 = CARTESIAN_POINT('',(-27.0564754547,14.186424005871,9.4));
#8231 = VECTOR('',#8232,1.);
#8232 = DIRECTION('',(0.691157528559,0.722704137747,-0.));
#8233 = ORIENTED_EDGE('',*,*,#8189,.F.);
#8234 = PLANE('',#8235);
#8235 = AXIS2_PLACEMENT_3D('',#8236,#8237,#8238);
#8236 = CARTESIAN_POINT('',(-27.361,13.868,0.4));
#8237 = DIRECTION('',(-0.722704137747,0.691157528559,0.));
#8238 = DIRECTION('',(0.691157528559,0.722704137747,0.));
#8239 = ADVANCED_FACE('',(#8240),#8265,.F.);
#8240 = FACE_BOUND('',#8241,.F.);
#8241 = EDGE_LOOP('',(#8242,#8250,#8258,#8264));
#8242 = ORIENTED_EDGE('',*,*,#8243,.F.);
#8243 = EDGE_CURVE('',#8244,#8213,#8246,.T.);
#8244 = VERTEX_POINT('',#8245);
#8245 = CARTESIAN_POINT('',(-27.591,13.606,0.4));
#8246 = LINE('',#8247,#8248);
#8247 = CARTESIAN_POINT('',(-27.591,13.606,0.4));
#8248 = VECTOR('',#8249,1.);
#8249 = DIRECTION('',(0.65972216208,0.751509593326,0.));
#8250 = ORIENTED_EDGE('',*,*,#8251,.T.);
#8251 = EDGE_CURVE('',#8244,#8252,#8254,.T.);
#8252 = VERTEX_POINT('',#8253);
#8253 = CARTESIAN_POINT('',(-27.591,13.606,9.4));
#8254 = LINE('',#8255,#8256);
#8255 = CARTESIAN_POINT('',(-27.591,13.606,0.4));
#8256 = VECTOR('',#8257,1.);
#8257 = DIRECTION('',(0.,0.,1.));
#8258 = ORIENTED_EDGE('',*,*,#8259,.T.);
#8259 = EDGE_CURVE('',#8252,#8221,#8260,.T.);
#8260 = LINE('',#8261,#8262);
#8261 = CARTESIAN_POINT('',(-27.18702163226,14.066184053687,9.4));
#8262 = VECTOR('',#8263,1.);
#8263 = DIRECTION('',(0.65972216208,0.751509593326,-0.));
#8264 = ORIENTED_EDGE('',*,*,#8220,.F.);
#8265 = PLANE('',#8266);
#8266 = AXIS2_PLACEMENT_3D('',#8267,#8268,#8269);
#8267 = CARTESIAN_POINT('',(-27.591,13.606,0.4));
#8268 = DIRECTION('',(-0.751509593326,0.65972216208,0.));
#8269 = DIRECTION('',(0.65972216208,0.751509593326,0.));
#8270 = ADVANCED_FACE('',(#8271),#8296,.F.);
#8271 = FACE_BOUND('',#8272,.F.);
#8272 = EDGE_LOOP('',(#8273,#8281,#8289,#8295));
#8273 = ORIENTED_EDGE('',*,*,#8274,.F.);
#8274 = EDGE_CURVE('',#8275,#8244,#8277,.T.);
#8275 = VERTEX_POINT('',#8276);
#8276 = CARTESIAN_POINT('',(-27.809,13.334,0.4));
#8277 = LINE('',#8278,#8279);
#8278 = CARTESIAN_POINT('',(-27.809,13.334,0.4));
#8279 = VECTOR('',#8280,1.);
#8280 = DIRECTION('',(0.625394499718,0.780308733593,0.));
#8281 = ORIENTED_EDGE('',*,*,#8282,.T.);
#8282 = EDGE_CURVE('',#8275,#8283,#8285,.T.);
#8283 = VERTEX_POINT('',#8284);
#8284 = CARTESIAN_POINT('',(-27.809,13.334,9.4));
#8285 = LINE('',#8286,#8287);
#8286 = CARTESIAN_POINT('',(-27.809,13.334,0.4));
#8287 = VECTOR('',#8288,1.);
#8288 = DIRECTION('',(0.,0.,1.));
#8289 = ORIENTED_EDGE('',*,*,#8290,.T.);
#8290 = EDGE_CURVE('',#8283,#8252,#8291,.T.);
#8291 = LINE('',#8292,#8293);
#8292 = CARTESIAN_POINT('',(-27.31937747579,13.944905167812,9.4));
#8293 = VECTOR('',#8294,1.);
#8294 = DIRECTION('',(0.625394499718,0.780308733593,-0.));
#8295 = ORIENTED_EDGE('',*,*,#8251,.F.);
#8296 = PLANE('',#8297);
#8297 = AXIS2_PLACEMENT_3D('',#8298,#8299,#8300);
#8298 = CARTESIAN_POINT('',(-27.809,13.334,0.4));
#8299 = DIRECTION('',(-0.780308733593,0.625394499718,0.));
#8300 = DIRECTION('',(0.625394499718,0.780308733593,0.));
#8301 = ADVANCED_FACE('',(#8302),#8327,.F.);
#8302 = FACE_BOUND('',#8303,.F.);
#8303 = EDGE_LOOP('',(#8304,#8312,#8320,#8326));
#8304 = ORIENTED_EDGE('',*,*,#8305,.F.);
#8305 = EDGE_CURVE('',#8306,#8275,#8308,.T.);
#8306 = VERTEX_POINT('',#8307);
#8307 = CARTESIAN_POINT('',(-28.015,13.052,0.4));
#8308 = LINE('',#8309,#8310);
#8309 = CARTESIAN_POINT('',(-28.015,13.052,0.4));
#8310 = VECTOR('',#8311,1.);
#8311 = DIRECTION('',(0.589872992761,0.807496038635,0.));
#8312 = ORIENTED_EDGE('',*,*,#8313,.T.);
#8313 = EDGE_CURVE('',#8306,#8314,#8316,.T.);
#8314 = VERTEX_POINT('',#8315);
#8315 = CARTESIAN_POINT('',(-28.015,13.052,9.4));
#8316 = LINE('',#8317,#8318);
#8317 = CARTESIAN_POINT('',(-28.015,13.052,0.4));
#8318 = VECTOR('',#8319,1.);
#8319 = DIRECTION('',(0.,0.,1.));
#8320 = ORIENTED_EDGE('',*,*,#8321,.T.);
#8321 = EDGE_CURVE('',#8314,#8283,#8322,.T.);
#8322 = LINE('',#8323,#8324);
#8323 = CARTESIAN_POINT('',(-27.4532081621,13.821054846057,9.4));
#8324 = VECTOR('',#8325,1.);
#8325 = DIRECTION('',(0.589872992761,0.807496038635,-0.));
#8326 = ORIENTED_EDGE('',*,*,#8282,.F.);
#8327 = PLANE('',#8328);
#8328 = AXIS2_PLACEMENT_3D('',#8329,#8330,#8331);
#8329 = CARTESIAN_POINT('',(-28.015,13.052,0.4));
#8330 = DIRECTION('',(-0.807496038635,0.589872992761,0.));
#8331 = DIRECTION('',(0.589872992761,0.807496038635,0.));
#8332 = ADVANCED_FACE('',(#8333),#8358,.F.);
#8333 = FACE_BOUND('',#8334,.F.);
#8334 = EDGE_LOOP('',(#8335,#8343,#8351,#8357));
#8335 = ORIENTED_EDGE('',*,*,#8336,.F.);
#8336 = EDGE_CURVE('',#8337,#8306,#8339,.T.);
#8337 = VERTEX_POINT('',#8338);
#8338 = CARTESIAN_POINT('',(-28.209,12.762,0.4));
#8339 = LINE('',#8340,#8341);
#8340 = CARTESIAN_POINT('',(-28.209,12.762,0.4));
#8341 = VECTOR('',#8342,1.);
#8342 = DIRECTION('',(0.556022307999,0.831167367627,0.));
#8343 = ORIENTED_EDGE('',*,*,#8344,.T.);
#8344 = EDGE_CURVE('',#8337,#8345,#8347,.T.);
#8345 = VERTEX_POINT('',#8346);
#8346 = CARTESIAN_POINT('',(-28.209,12.762,9.4));
#8347 = LINE('',#8348,#8349);
#8348 = CARTESIAN_POINT('',(-28.209,12.762,0.4));
#8349 = VECTOR('',#8350,1.);
#8350 = DIRECTION('',(0.,0.,1.));
#8351 = ORIENTED_EDGE('',*,*,#8352,.T.);
#8352 = EDGE_CURVE('',#8345,#8314,#8353,.T.);
#8353 = LINE('',#8354,#8355);
#8354 = CARTESIAN_POINT('',(-27.58592819288,13.693396000324,9.4));
#8355 = VECTOR('',#8356,1.);
#8356 = DIRECTION('',(0.556022307999,0.831167367627,-0.));
#8357 = ORIENTED_EDGE('',*,*,#8313,.F.);
#8358 = PLANE('',#8359);
#8359 = AXIS2_PLACEMENT_3D('',#8360,#8361,#8362);
#8360 = CARTESIAN_POINT('',(-28.209,12.762,0.4));
#8361 = DIRECTION('',(-0.831167367627,0.556022307999,0.));
#8362 = DIRECTION('',(0.556022307999,0.831167367627,0.));
#8363 = ADVANCED_FACE('',(#8364),#8389,.F.);
#8364 = FACE_BOUND('',#8365,.F.);
#8365 = EDGE_LOOP('',(#8366,#8374,#8382,#8388));
#8366 = ORIENTED_EDGE('',*,*,#8367,.F.);
#8367 = EDGE_CURVE('',#8368,#8337,#8370,.T.);
#8368 = VERTEX_POINT('',#8369);
#8369 = CARTESIAN_POINT('',(-28.39,12.464,0.4));
#8370 = LINE('',#8371,#8372);
#8371 = CARTESIAN_POINT('',(-28.39,12.464,0.4));
#8372 = VECTOR('',#8373,1.);
#8373 = DIRECTION('',(0.519127813265,0.854696620734,0.));
#8374 = ORIENTED_EDGE('',*,*,#8375,.T.);
#8375 = EDGE_CURVE('',#8368,#8376,#8378,.T.);
#8376 = VERTEX_POINT('',#8377);
#8377 = CARTESIAN_POINT('',(-28.39,12.464,9.4));
#8378 = LINE('',#8379,#8380);
#8379 = CARTESIAN_POINT('',(-28.39,12.464,0.4));
#8380 = VECTOR('',#8381,1.);
#8381 = DIRECTION('',(0.,0.,1.));
#8382 = ORIENTED_EDGE('',*,*,#8383,.T.);
#8383 = EDGE_CURVE('',#8376,#8345,#8384,.T.);
#8384 = LINE('',#8385,#8386);
#8385 = CARTESIAN_POINT('',(-27.72221527573,13.563446673103,9.4));
#8386 = VECTOR('',#8387,1.);
#8387 = DIRECTION('',(0.519127813265,0.854696620734,-0.));
#8388 = ORIENTED_EDGE('',*,*,#8344,.F.);
#8389 = PLANE('',#8390);
#8390 = AXIS2_PLACEMENT_3D('',#8391,#8392,#8393);
#8391 = CARTESIAN_POINT('',(-28.39,12.464,0.4));
#8392 = DIRECTION('',(-0.854696620734,0.519127813265,0.));
#8393 = DIRECTION('',(0.519127813265,0.854696620734,0.));
#8394 = ADVANCED_FACE('',(#8395),#8420,.F.);
#8395 = FACE_BOUND('',#8396,.F.);
#8396 = EDGE_LOOP('',(#8397,#8405,#8413,#8419));
#8397 = ORIENTED_EDGE('',*,*,#8398,.F.);
#8398 = EDGE_CURVE('',#8399,#8368,#8401,.T.);
#8399 = VERTEX_POINT('',#8400);
#8400 = CARTESIAN_POINT('',(-28.558,12.158,0.4));
#8401 = LINE('',#8402,#8403);
#8402 = CARTESIAN_POINT('',(-28.558,12.158,0.4));
#8403 = VECTOR('',#8404,1.);
#8404 = DIRECTION('',(0.481258812193,0.87657855078,0.));
#8405 = ORIENTED_EDGE('',*,*,#8406,.T.);
#8406 = EDGE_CURVE('',#8399,#8407,#8409,.T.);
#8407 = VERTEX_POINT('',#8408);
#8408 = CARTESIAN_POINT('',(-28.558,12.158,9.4));
#8409 = LINE('',#8410,#8411);
#8410 = CARTESIAN_POINT('',(-28.558,12.158,0.4));
#8411 = VECTOR('',#8412,1.);
#8412 = DIRECTION('',(0.,0.,1.));
#8413 = ORIENTED_EDGE('',*,*,#8414,.T.);
#8414 = EDGE_CURVE('',#8407,#8376,#8415,.T.);
#8415 = LINE('',#8416,#8417);
#8416 = CARTESIAN_POINT('',(-27.86014995238,13.429084015297,9.4));
#8417 = VECTOR('',#8418,1.);
#8418 = DIRECTION('',(0.481258812193,0.87657855078,-0.));
#8419 = ORIENTED_EDGE('',*,*,#8375,.F.);
#8420 = PLANE('',#8421);
#8421 = AXIS2_PLACEMENT_3D('',#8422,#8423,#8424);
#8422 = CARTESIAN_POINT('',(-28.558,12.158,0.4));
#8423 = DIRECTION('',(-0.87657855078,0.481258812193,0.));
#8424 = DIRECTION('',(0.481258812193,0.87657855078,0.));
#8425 = ADVANCED_FACE('',(#8426),#8451,.F.);
#8426 = FACE_BOUND('',#8427,.F.);
#8427 = EDGE_LOOP('',(#8428,#8436,#8444,#8450));
#8428 = ORIENTED_EDGE('',*,*,#8429,.F.);
#8429 = EDGE_CURVE('',#8430,#8399,#8432,.T.);
#8430 = VERTEX_POINT('',#8431);
#8431 = CARTESIAN_POINT('',(-28.712,11.845,0.4));
#8432 = LINE('',#8433,#8434);
#8433 = CARTESIAN_POINT('',(-28.712,11.845,0.4));
#8434 = VECTOR('',#8435,1.);
#8435 = DIRECTION('',(0.44147101763,0.897275509859,0.));
#8436 = ORIENTED_EDGE('',*,*,#8437,.T.);
#8437 = EDGE_CURVE('',#8430,#8438,#8440,.T.);
#8438 = VERTEX_POINT('',#8439);
#8439 = CARTESIAN_POINT('',(-28.712,11.845,9.4));
#8440 = LINE('',#8441,#8442);
#8441 = CARTESIAN_POINT('',(-28.712,11.845,0.4));
#8442 = VECTOR('',#8443,1.);
#8443 = DIRECTION('',(0.,0.,1.));
#8444 = ORIENTED_EDGE('',*,*,#8445,.T.);
#8445 = EDGE_CURVE('',#8438,#8407,#8446,.T.);
#8446 = LINE('',#8447,#8448);
#8447 = CARTESIAN_POINT('',(-28.00095201842,13.290181936573,9.4));
#8448 = VECTOR('',#8449,1.);
#8449 = DIRECTION('',(0.44147101763,0.897275509859,-0.));
#8450 = ORIENTED_EDGE('',*,*,#8406,.F.);
#8451 = PLANE('',#8452);
#8452 = AXIS2_PLACEMENT_3D('',#8453,#8454,#8455);
#8453 = CARTESIAN_POINT('',(-28.712,11.845,0.4));
#8454 = DIRECTION('',(-0.897275509859,0.44147101763,0.));
#8455 = DIRECTION('',(0.44147101763,0.897275509859,0.));
#8456 = ADVANCED_FACE('',(#8457),#8482,.F.);
#8457 = FACE_BOUND('',#8458,.F.);
#8458 = EDGE_LOOP('',(#8459,#8467,#8475,#8481));
#8459 = ORIENTED_EDGE('',*,*,#8460,.F.);
#8460 = EDGE_CURVE('',#8461,#8430,#8463,.T.);
#8461 = VERTEX_POINT('',#8462);
#8462 = CARTESIAN_POINT('',(-28.853,11.526,0.4));
#8463 = LINE('',#8464,#8465);
#8464 = CARTESIAN_POINT('',(-28.853,11.526,0.4));
#8465 = VECTOR('',#8466,1.);
#8466 = DIRECTION('',(0.404275419673,0.914637296992,0.));
#8467 = ORIENTED_EDGE('',*,*,#8468,.T.);
#8468 = EDGE_CURVE('',#8461,#8469,#8471,.T.);
#8469 = VERTEX_POINT('',#8470);
#8470 = CARTESIAN_POINT('',(-28.853,11.526,9.4));
#8471 = LINE('',#8472,#8473);
#8472 = CARTESIAN_POINT('',(-28.853,11.526,0.4));
#8473 = VECTOR('',#8474,1.);
#8474 = DIRECTION('',(0.,0.,1.));
#8475 = ORIENTED_EDGE('',*,*,#8476,.T.);
#8476 = EDGE_CURVE('',#8469,#8438,#8477,.T.);
#8477 = LINE('',#8478,#8479);
#8478 = CARTESIAN_POINT('',(-28.13756285117,13.144613123928,9.4));
#8479 = VECTOR('',#8480,1.);
#8480 = DIRECTION('',(0.404275419673,0.914637296992,-0.));
#8481 = ORIENTED_EDGE('',*,*,#8437,.F.);
#8482 = PLANE('',#8483);
#8483 = AXIS2_PLACEMENT_3D('',#8484,#8485,#8486);
#8484 = CARTESIAN_POINT('',(-28.853,11.526,0.4));
#8485 = DIRECTION('',(-0.914637296992,0.404275419673,0.));
#8486 = DIRECTION('',(0.404275419673,0.914637296992,0.));
#8487 = ADVANCED_FACE('',(#8488),#8513,.F.);
#8488 = FACE_BOUND('',#8489,.F.);
#8489 = EDGE_LOOP('',(#8490,#8498,#8506,#8512));
#8490 = ORIENTED_EDGE('',*,*,#8491,.F.);
#8491 = EDGE_CURVE('',#8492,#8461,#8494,.T.);
#8492 = VERTEX_POINT('',#8493);
#8493 = CARTESIAN_POINT('',(-28.979,11.201,0.4));
#8494 = LINE('',#8495,#8496);
#8495 = CARTESIAN_POINT('',(-28.979,11.201,0.4));
#8496 = VECTOR('',#8497,1.);
#8497 = DIRECTION('',(0.36147695809,0.932381042691,0.));
#8498 = ORIENTED_EDGE('',*,*,#8499,.T.);
#8499 = EDGE_CURVE('',#8492,#8500,#8502,.T.);
#8500 = VERTEX_POINT('',#8501);
#8501 = CARTESIAN_POINT('',(-28.979,11.201,9.4));
#8502 = LINE('',#8503,#8504);
#8503 = CARTESIAN_POINT('',(-28.979,11.201,0.4));
#8504 = VECTOR('',#8505,1.);
#8505 = DIRECTION('',(0.,0.,1.));
#8506 = ORIENTED_EDGE('',*,*,#8507,.T.);
#8507 = EDGE_CURVE('',#8500,#8469,#8508,.T.);
#8508 = LINE('',#8509,#8510);
#8509 = CARTESIAN_POINT('',(-28.28379632607,12.994184079564,9.4));
#8510 = VECTOR('',#8511,1.);
#8511 = DIRECTION('',(0.36147695809,0.932381042691,-0.));
#8512 = ORIENTED_EDGE('',*,*,#8468,.F.);
#8513 = PLANE('',#8514);
#8514 = AXIS2_PLACEMENT_3D('',#8515,#8516,#8517);
#8515 = CARTESIAN_POINT('',(-28.979,11.201,0.4));
#8516 = DIRECTION('',(-0.932381042691,0.36147695809,0.));
#8517 = DIRECTION('',(0.36147695809,0.932381042691,0.));
#8518 = ADVANCED_FACE('',(#8519),#8544,.F.);
#8519 = FACE_BOUND('',#8520,.F.);
#8520 = EDGE_LOOP('',(#8521,#8529,#8537,#8543));
#8521 = ORIENTED_EDGE('',*,*,#8522,.F.);
#8522 = EDGE_CURVE('',#8523,#8492,#8525,.T.);
#8523 = VERTEX_POINT('',#8524);
#8524 = CARTESIAN_POINT('',(-29.189,10.536,0.4));
#8525 = LINE('',#8526,#8527);
#8526 = CARTESIAN_POINT('',(-29.189,10.536,0.4));
#8527 = VECTOR('',#8528,1.);
#8528 = DIRECTION('',(0.301131367937,0.953582665134,0.));
#8529 = ORIENTED_EDGE('',*,*,#8530,.T.);
#8530 = EDGE_CURVE('',#8523,#8531,#8533,.T.);
#8531 = VERTEX_POINT('',#8532);
#8532 = CARTESIAN_POINT('',(-29.189,10.536,9.4));
#8533 = LINE('',#8534,#8535);
#8534 = CARTESIAN_POINT('',(-29.189,10.536,0.4));
#8535 = VECTOR('',#8536,1.);
#8536 = DIRECTION('',(0.,0.,1.));
#8537 = ORIENTED_EDGE('',*,*,#8538,.T.);
#8538 = EDGE_CURVE('',#8531,#8500,#8539,.T.);
#8539 = LINE('',#8540,#8541);
#8540 = CARTESIAN_POINT('',(-28.51543620782,12.668952008555,9.4));
#8541 = VECTOR('',#8542,1.);
#8542 = DIRECTION('',(0.301131367937,0.953582665134,-0.));
#8543 = ORIENTED_EDGE('',*,*,#8499,.F.);
#8544 = PLANE('',#8545);
#8545 = AXIS2_PLACEMENT_3D('',#8546,#8547,#8548);
#8546 = CARTESIAN_POINT('',(-29.189,10.536,0.4));
#8547 = DIRECTION('',(-0.953582665134,0.301131367937,0.));
#8548 = DIRECTION('',(0.301131367937,0.953582665134,0.));
#8549 = ADVANCED_FACE('',(#8550),#8575,.F.);
#8550 = FACE_BOUND('',#8551,.F.);
#8551 = EDGE_LOOP('',(#8552,#8560,#8568,#8574));
#8552 = ORIENTED_EDGE('',*,*,#8553,.F.);
#8553 = EDGE_CURVE('',#8554,#8523,#8556,.T.);
#8554 = VERTEX_POINT('',#8555);
#8555 = CARTESIAN_POINT('',(-29.34,9.855,0.4));
#8556 = LINE('',#8557,#8558);
#8557 = CARTESIAN_POINT('',(-29.34,9.855,0.4));
#8558 = VECTOR('',#8559,1.);
#8559 = DIRECTION('',(0.216475052336,0.976288149941,0.));
#8560 = ORIENTED_EDGE('',*,*,#8561,.T.);
#8561 = EDGE_CURVE('',#8554,#8562,#8564,.T.);
#8562 = VERTEX_POINT('',#8563);
#8563 = CARTESIAN_POINT('',(-29.34,9.855,9.4));
#8564 = LINE('',#8565,#8566);
#8565 = CARTESIAN_POINT('',(-29.34,9.855,0.4));
#8566 = VECTOR('',#8567,1.);
#8567 = DIRECTION('',(0.,0.,1.));
#8568 = ORIENTED_EDGE('',*,*,#8569,.T.);
#8569 = EDGE_CURVE('',#8562,#8531,#8570,.T.);
#8570 = LINE('',#8571,#8572);
#8571 = CARTESIAN_POINT('',(-28.79371750286,12.318697884426,9.4));
#8572 = VECTOR('',#8573,1.);
#8573 = DIRECTION('',(0.216475052336,0.976288149941,-0.));
#8574 = ORIENTED_EDGE('',*,*,#8530,.F.);
#8575 = PLANE('',#8576);
#8576 = AXIS2_PLACEMENT_3D('',#8577,#8578,#8579);
#8577 = CARTESIAN_POINT('',(-29.34,9.855,0.4));
#8578 = DIRECTION('',(-0.976288149941,0.216475052336,0.));
#8579 = DIRECTION('',(0.216475052336,0.976288149941,0.));
#8580 = ADVANCED_FACE('',(#8581),#8615,.F.);
#8581 = FACE_BOUND('',#8582,.F.);
#8582 = EDGE_LOOP('',(#8583,#8593,#8601,#8609));
#8583 = ORIENTED_EDGE('',*,*,#8584,.F.);
#8584 = EDGE_CURVE('',#8585,#8587,#8589,.T.);
#8585 = VERTEX_POINT('',#8586);
#8586 = CARTESIAN_POINT('',(-34.,7.056247232063,2.));
#8587 = VERTEX_POINT('',#8588);
#8588 = CARTESIAN_POINT('',(-34.,8.458,2.));
#8589 = LINE('',#8590,#8591);
#8590 = CARTESIAN_POINT('',(-34.,-8.838836179045,2.));
#8591 = VECTOR('',#8592,1.);
#8592 = DIRECTION('',(-2.22044604925E-16,1.,5.024295063901E-17));
#8593 = ORIENTED_EDGE('',*,*,#8594,.T.);
#8594 = EDGE_CURVE('',#8585,#8595,#8597,.T.);
#8595 = VERTEX_POINT('',#8596);
#8596 = CARTESIAN_POINT('',(-30.6,7.056247232063,2.));
#8597 = LINE('',#8598,#8599);
#8598 = CARTESIAN_POINT('',(-35.5,7.056247232063,2.));
#8599 = VECTOR('',#8600,1.);
#8600 = DIRECTION('',(1.,0.,0.));
#8601 = ORIENTED_EDGE('',*,*,#8602,.T.);
#8602 = EDGE_CURVE('',#8595,#8603,#8605,.T.);
#8603 = VERTEX_POINT('',#8604);
#8604 = CARTESIAN_POINT('',(-30.6,8.458,2.));
#8605 = LINE('',#8606,#8607);
#8606 = CARTESIAN_POINT('',(-30.6,-8.838836179045,2.));
#8607 = VECTOR('',#8608,1.);
#8608 = DIRECTION('',(-2.22044604925E-16,1.,5.024295063901E-17));
#8609 = ORIENTED_EDGE('',*,*,#8610,.F.);
#8610 = EDGE_CURVE('',#8587,#8603,#8611,.T.);
#8611 = LINE('',#8612,#8613);
#8612 = CARTESIAN_POINT('',(-34.,8.458,2.));
#8613 = VECTOR('',#8614,1.);
#8614 = DIRECTION('',(1.,0.,-1.115617612491E-32));
#8615 = PLANE('',#8616);
#8616 = AXIS2_PLACEMENT_3D('',#8617,#8618,#8619);
#8617 = CARTESIAN_POINT('',(-34.,-8.838836179045,2.));
#8618 = DIRECTION('',(1.115617612491E-32,-2.72287555564E-16,1.));
#8619 = DIRECTION('',(-2.22044604925E-16,1.,5.024295063901E-17));
#8620 = ADVANCED_FACE('',(#8621),#8639,.T.);
#8621 = FACE_BOUND('',#8622,.T.);
#8622 = EDGE_LOOP('',(#8623,#8632,#8633));
#8623 = ORIENTED_EDGE('',*,*,#8624,.F.);
#8624 = EDGE_CURVE('',#8595,#8625,#8627,.T.);
#8625 = VERTEX_POINT('',#8626);
#8626 = CARTESIAN_POINT('',(-30.6,8.458,4.781496277549));
#8627 = CIRCLE('',#8628,8.825);
#8628 = AXIS2_PLACEMENT_3D('',#8629,#8630,#8631);
#8629 = CARTESIAN_POINT('',(-30.6,0.,7.3));
#8630 = DIRECTION('',(1.,0.,0.));
#8631 = DIRECTION('',(-0.,0.,1.));
#8632 = ORIENTED_EDGE('',*,*,#8602,.T.);
#8633 = ORIENTED_EDGE('',*,*,#8634,.F.);
#8634 = EDGE_CURVE('',#8625,#8603,#8635,.T.);
#8635 = LINE('',#8636,#8637);
#8636 = CARTESIAN_POINT('',(-30.6,8.458,4.532011566335));
#8637 = VECTOR('',#8638,1.);
#8638 = DIRECTION('',(-2.22044604925E-16,0.,-1.));
#8639 = PLANE('',#8640);
#8640 = AXIS2_PLACEMENT_3D('',#8641,#8642,#8643);
#8641 = CARTESIAN_POINT('',(-30.6,-1.923799593555E-15,8.66402313267));
#8642 = DIRECTION('',(1.,0.,-2.22044604925E-16));
#8643 = DIRECTION('',(-2.22044604925E-16,1.,0.));
#8644 = ADVANCED_FACE('',(#8645),#8679,.F.);
#8645 = FACE_BOUND('',#8646,.F.);
#8646 = EDGE_LOOP('',(#8647,#8657,#8663,#8664,#8665,#8673));
#8647 = ORIENTED_EDGE('',*,*,#8648,.F.);
#8648 = EDGE_CURVE('',#8649,#8651,#8653,.T.);
#8649 = VERTEX_POINT('',#8650);
#8650 = CARTESIAN_POINT('',(-34.,8.458,0.4));
#8651 = VERTEX_POINT('',#8652);
#8652 = CARTESIAN_POINT('',(-29.461,8.458,0.4));
#8653 = LINE('',#8654,#8655);
#8654 = CARTESIAN_POINT('',(-34.,8.458,0.4));
#8655 = VECTOR('',#8656,1.);
#8656 = DIRECTION('',(1.,0.,0.));
#8657 = ORIENTED_EDGE('',*,*,#8658,.T.);
#8658 = EDGE_CURVE('',#8649,#8587,#8659,.T.);
#8659 = LINE('',#8660,#8661);
#8660 = CARTESIAN_POINT('',(-34.,8.458,0.4));
#8661 = VECTOR('',#8662,1.);
#8662 = DIRECTION('',(0.,0.,1.));
#8663 = ORIENTED_EDGE('',*,*,#8610,.T.);
#8664 = ORIENTED_EDGE('',*,*,#8634,.F.);
#8665 = ORIENTED_EDGE('',*,*,#8666,.T.);
#8666 = EDGE_CURVE('',#8625,#8667,#8669,.T.);
#8667 = VERTEX_POINT('',#8668);
#8668 = CARTESIAN_POINT('',(-29.461,8.458,4.781496277549));
#8669 = LINE('',#8670,#8671);
#8670 = CARTESIAN_POINT('',(-35.5,8.458,4.781496277549));
#8671 = VECTOR('',#8672,1.);
#8672 = DIRECTION('',(1.,0.,0.));
#8673 = ORIENTED_EDGE('',*,*,#8674,.F.);
#8674 = EDGE_CURVE('',#8651,#8667,#8675,.T.);
#8675 = LINE('',#8676,#8677);
#8676 = CARTESIAN_POINT('',(-29.461,8.458,0.4));
#8677 = VECTOR('',#8678,1.);
#8678 = DIRECTION('',(0.,0.,1.));
#8679 = PLANE('',#8680);
#8680 = AXIS2_PLACEMENT_3D('',#8681,#8682,#8683);
#8681 = CARTESIAN_POINT('',(-34.,8.458,0.4));
#8682 = DIRECTION('',(0.,1.,0.));
#8683 = DIRECTION('',(1.,0.,0.));
#8684 = ADVANCED_FACE('',(#8685),#8719,.F.);
#8685 = FACE_BOUND('',#8686,.F.);
#8686 = EDGE_LOOP('',(#8687,#8695,#8696,#8705,#8713));
#8687 = ORIENTED_EDGE('',*,*,#8688,.F.);
#8688 = EDGE_CURVE('',#8651,#8689,#8691,.T.);
#8689 = VERTEX_POINT('',#8690);
#8690 = CARTESIAN_POINT('',(-29.431,9.163,0.4));
#8691 = LINE('',#8692,#8693);
#8692 = CARTESIAN_POINT('',(-29.461,8.458,0.4));
#8693 = VECTOR('',#8694,1.);
#8694 = DIRECTION('',(4.251471662481E-02,0.999095840683,0.));
#8695 = ORIENTED_EDGE('',*,*,#8674,.T.);
#8696 = ORIENTED_EDGE('',*,*,#8697,.F.);
#8697 = EDGE_CURVE('',#8698,#8667,#8700,.T.);
#8698 = VERTEX_POINT('',#8699);
#8699 = CARTESIAN_POINT('',(-29.45723911434,8.546380812952,9.5));
#8700 = ELLIPSE('',#8701,8.832986426974,8.825);
#8701 = AXIS2_PLACEMENT_3D('',#8702,#8703,#8704);
#8702 = CARTESIAN_POINT('',(-29.82091489361,0.,7.3));
#8703 = DIRECTION('',(-0.999095840683,4.251471662481E-02,0.));
#8704 = DIRECTION('',(4.251471662481E-02,0.999095840683,0.));
#8705 = ORIENTED_EDGE('',*,*,#8706,.T.);
#8706 = EDGE_CURVE('',#8698,#8707,#8709,.T.);
#8707 = VERTEX_POINT('',#8708);
#8708 = CARTESIAN_POINT('',(-29.431,9.163,9.5));
#8709 = LINE('',#8710,#8711);
#8710 = CARTESIAN_POINT('',(-29.86267374604,-0.981333032083,9.5));
#8711 = VECTOR('',#8712,1.);
#8712 = DIRECTION('',(4.251471662481E-02,0.999095840683,-0.));
#8713 = ORIENTED_EDGE('',*,*,#8714,.F.);
#8714 = EDGE_CURVE('',#8689,#8707,#8715,.T.);
#8715 = LINE('',#8716,#8717);
#8716 = CARTESIAN_POINT('',(-29.431,9.163,0.4));
#8717 = VECTOR('',#8718,1.);
#8718 = DIRECTION('',(0.,0.,1.));
#8719 = PLANE('',#8720);
#8720 = AXIS2_PLACEMENT_3D('',#8721,#8722,#8723);
#8721 = CARTESIAN_POINT('',(-29.461,8.458,0.4));
#8722 = DIRECTION('',(-0.999095840683,4.251471662481E-02,0.));
#8723 = DIRECTION('',(4.251471662481E-02,0.999095840683,0.));
#8724 = ADVANCED_FACE('',(#8725),#8758,.F.);
#8725 = FACE_BOUND('',#8726,.F.);
#8726 = EDGE_LOOP('',(#8727,#8735,#8743,#8751,#8757));
#8727 = ORIENTED_EDGE('',*,*,#8728,.T.);
#8728 = EDGE_CURVE('',#8698,#8729,#8731,.T.);
#8729 = VERTEX_POINT('',#8730);
#8730 = CARTESIAN_POINT('',(-29.05,8.546380812952,9.5));
#8731 = LINE('',#8732,#8733);
#8732 = CARTESIAN_POINT('',(-35.5,8.546380812952,9.5));
#8733 = VECTOR('',#8734,1.);
#8734 = DIRECTION('',(1.,0.,0.));
#8735 = ORIENTED_EDGE('',*,*,#8736,.T.);
#8736 = EDGE_CURVE('',#8729,#8737,#8739,.T.);
#8737 = VERTEX_POINT('',#8738);
#8738 = CARTESIAN_POINT('',(-29.05,9.167458408382,9.5));
#8739 = LINE('',#8740,#8741);
#8740 = CARTESIAN_POINT('',(-29.05,-10.4,9.5));
#8741 = VECTOR('',#8742,1.);
#8742 = DIRECTION('',(-0.,1.,0.));
#8743 = ORIENTED_EDGE('',*,*,#8744,.F.);
#8744 = EDGE_CURVE('',#8745,#8737,#8747,.T.);
#8745 = VERTEX_POINT('',#8746);
#8746 = CARTESIAN_POINT('',(-29.42694745672,9.193817142301,9.5));
#8747 = LINE('',#8748,#8749);
#8748 = CARTESIAN_POINT('',(-30.4779291131,9.267308938943,9.5));
#8749 = VECTOR('',#8750,1.);
#8750 = DIRECTION('',(0.99756405026,-6.975647374413E-02,0.));
#8751 = ORIENTED_EDGE('',*,*,#8752,.F.);
#8752 = EDGE_CURVE('',#8707,#8745,#8753,.T.);
#8753 = LINE('',#8754,#8755);
#8754 = CARTESIAN_POINT('',(-30.70664059468,-0.537475731045,9.5));
#8755 = VECTOR('',#8756,1.);
#8756 = DIRECTION('',(0.130380387554,0.991464046015,-0.));
#8757 = ORIENTED_EDGE('',*,*,#8706,.F.);
#8758 = PLANE('',#8759);
#8759 = AXIS2_PLACEMENT_3D('',#8760,#8761,#8762);
#8760 = CARTESIAN_POINT('',(-30.75,-10.4,9.5));
#8761 = DIRECTION('',(0.,0.,1.));
#8762 = DIRECTION('',(1.,0.,-0.));
#8763 = ADVANCED_FACE('',(#8764),#8807,.T.);
#8764 = FACE_BOUND('',#8765,.T.);
#8765 = EDGE_LOOP('',(#8766,#8776,#8785,#8792,#8793,#8801));
#8766 = ORIENTED_EDGE('',*,*,#8767,.F.);
#8767 = EDGE_CURVE('',#8768,#8770,#8772,.T.);
#8768 = VERTEX_POINT('',#8769);
#8769 = CARTESIAN_POINT('',(-29.05,-8.098306763223,10.806857933926));
#8770 = VERTEX_POINT('',#8771);
#8771 = CARTESIAN_POINT('',(-29.05,-8.098306763223,19.2));
#8772 = LINE('',#8773,#8774);
#8773 = CARTESIAN_POINT('',(-29.05,-8.098306763223,4.95));
#8774 = VECTOR('',#8775,1.);
#8775 = DIRECTION('',(0.,0.,1.));
#8776 = ORIENTED_EDGE('',*,*,#8777,.F.);
#8777 = EDGE_CURVE('',#8778,#8768,#8780,.T.);
#8778 = VERTEX_POINT('',#8779);
#8779 = CARTESIAN_POINT('',(-29.05,2.161501600495E-15,16.125));
#8780 = CIRCLE('',#8781,8.825);
#8781 = AXIS2_PLACEMENT_3D('',#8782,#8783,#8784);
#8782 = CARTESIAN_POINT('',(-29.05,0.,7.3));
#8783 = DIRECTION('',(1.,0.,0.));
#8784 = DIRECTION('',(-0.,0.,1.));
#8785 = ORIENTED_EDGE('',*,*,#8786,.F.);
#8786 = EDGE_CURVE('',#8729,#8778,#8787,.T.);
#8787 = CIRCLE('',#8788,8.825);
#8788 = AXIS2_PLACEMENT_3D('',#8789,#8790,#8791);
#8789 = CARTESIAN_POINT('',(-29.05,0.,7.3));
#8790 = DIRECTION('',(1.,0.,0.));
#8791 = DIRECTION('',(-0.,0.,1.));
#8792 = ORIENTED_EDGE('',*,*,#8736,.T.);
#8793 = ORIENTED_EDGE('',*,*,#8794,.F.);
#8794 = EDGE_CURVE('',#8795,#8737,#8797,.T.);
#8795 = VERTEX_POINT('',#8796);
#8796 = CARTESIAN_POINT('',(-29.05,9.167458408382,19.2));
#8797 = LINE('',#8798,#8799);
#8798 = CARTESIAN_POINT('',(-29.05,9.167458408382,9.45));
#8799 = VECTOR('',#8800,1.);
#8800 = DIRECTION('',(0.,0.,-1.));
#8801 = ORIENTED_EDGE('',*,*,#8802,.F.);
#8802 = EDGE_CURVE('',#8770,#8795,#8803,.T.);
#8803 = LINE('',#8804,#8805);
#8804 = CARTESIAN_POINT('',(-29.05,-10.4,19.2));
#8805 = VECTOR('',#8806,1.);
#8806 = DIRECTION('',(-0.,1.,0.));
#8807 = PLANE('',#8808);
#8808 = AXIS2_PLACEMENT_3D('',#8809,#8810,#8811);
#8809 = CARTESIAN_POINT('',(-29.05,-10.4,9.5));
#8810 = DIRECTION('',(1.,0.,-0.));
#8811 = DIRECTION('',(0.,0.,1.));
#8812 = ADVANCED_FACE('',(#8813),#8839,.F.);
#8813 = FACE_BOUND('',#8814,.F.);
#8814 = EDGE_LOOP('',(#8815,#8824,#8832,#8838));
#8815 = ORIENTED_EDGE('',*,*,#8816,.F.);
#8816 = EDGE_CURVE('',#8817,#8768,#8819,.T.);
#8817 = VERTEX_POINT('',#8818);
#8818 = CARTESIAN_POINT('',(-29.04521611506,-8.126026539724,
    10.742138532322));
#8819 = ELLIPSE('',#8820,8.955457334881,8.825);
#8820 = AXIS2_PLACEMENT_3D('',#8821,#8822,#8823);
#8821 = CARTESIAN_POINT('',(-30.44760750608,0.,7.3));
#8822 = DIRECTION('',(-0.985432644029,-0.170066175597,0.));
#8823 = DIRECTION('',(0.170066175597,-0.985432644029,0.));
#8824 = ORIENTED_EDGE('',*,*,#8825,.T.);
#8825 = EDGE_CURVE('',#8817,#8826,#8828,.T.);
#8826 = VERTEX_POINT('',#8827);
#8827 = CARTESIAN_POINT('',(-29.04521611506,-8.126026539724,19.2));
#8828 = LINE('',#8829,#8830);
#8829 = CARTESIAN_POINT('',(-29.04521611506,-8.126026539724,0.4));
#8830 = VECTOR('',#8831,1.);
#8831 = DIRECTION('',(0.,0.,1.));
#8832 = ORIENTED_EDGE('',*,*,#8833,.T.);
#8833 = EDGE_CURVE('',#8826,#8770,#8834,.T.);
#8834 = LINE('',#8835,#8836);
#8835 = CARTESIAN_POINT('',(-29.04521611506,-8.126026539724,19.2));
#8836 = VECTOR('',#8837,1.);
#8837 = DIRECTION('',(-0.170066175597,0.985432644029,0.));
#8838 = ORIENTED_EDGE('',*,*,#8767,.F.);
#8839 = PLANE('',#8840);
#8840 = AXIS2_PLACEMENT_3D('',#8841,#8842,#8843);
#8841 = CARTESIAN_POINT('',(-29.04521611506,-8.126026539724,0.4));
#8842 = DIRECTION('',(-0.985432644029,-0.170066175597,0.));
#8843 = DIRECTION('',(-0.170066175597,0.985432644029,0.));
#8844 = ADVANCED_FACE('',(#8845),#8864,.F.);
#8845 = FACE_BOUND('',#8846,.F.);
#8846 = EDGE_LOOP('',(#8847,#8857));
#8847 = ORIENTED_EDGE('',*,*,#8848,.T.);
#8848 = EDGE_CURVE('',#8849,#8851,#8853,.T.);
#8849 = VERTEX_POINT('',#8850);
#8850 = CARTESIAN_POINT('',(-28.95,-8.526476940042,5.024079089481));
#8851 = VERTEX_POINT('',#8852);
#8852 = CARTESIAN_POINT('',(-28.95,-8.526476940042,9.575920910519));
#8853 = LINE('',#8854,#8855);
#8854 = CARTESIAN_POINT('',(-28.95,-8.526476940042,3.85));
#8855 = VECTOR('',#8856,1.);
#8856 = DIRECTION('',(-0.,0.,1.));
#8857 = ORIENTED_EDGE('',*,*,#8858,.T.);
#8858 = EDGE_CURVE('',#8851,#8849,#8859,.T.);
#8859 = CIRCLE('',#8860,8.825);
#8860 = AXIS2_PLACEMENT_3D('',#8861,#8862,#8863);
#8861 = CARTESIAN_POINT('',(-28.95,0.,7.3));
#8862 = DIRECTION('',(1.,0.,0.));
#8863 = DIRECTION('',(-0.,0.,1.));
#8864 = PLANE('',#8865);
#8865 = AXIS2_PLACEMENT_3D('',#8866,#8867,#8868);
#8866 = CARTESIAN_POINT('',(-28.95,0.,7.3));
#8867 = DIRECTION('',(1.,0.,0.));
#8868 = DIRECTION('',(-0.,0.,1.));
#8869 = ADVANCED_FACE('',(#8870),#8920,.F.);
#8870 = FACE_BOUND('',#8871,.F.);
#8871 = EDGE_LOOP('',(#8872,#8882,#8890,#8896,#8897,#8904,#8905,#8914));
#8872 = ORIENTED_EDGE('',*,*,#8873,.F.);
#8873 = EDGE_CURVE('',#8874,#8876,#8878,.T.);
#8874 = VERTEX_POINT('',#8875);
#8875 = CARTESIAN_POINT('',(-28.93528338641,-8.588370599518,0.4));
#8876 = VERTEX_POINT('',#8877);
#8877 = CARTESIAN_POINT('',(-29.04521611506,-8.126026539724,0.4));
#8878 = LINE('',#8879,#8880);
#8879 = CARTESIAN_POINT('',(-28.93528338641,-8.588370599518,0.4));
#8880 = VECTOR('',#8881,1.);
#8881 = DIRECTION('',(-0.231323427898,0.972876904704,0.));
#8882 = ORIENTED_EDGE('',*,*,#8883,.T.);
#8883 = EDGE_CURVE('',#8874,#8884,#8886,.T.);
#8884 = VERTEX_POINT('',#8885);
#8885 = CARTESIAN_POINT('',(-28.93528338641,-8.588370599518,19.2));
#8886 = LINE('',#8887,#8888);
#8887 = CARTESIAN_POINT('',(-28.93528338641,-8.588370599518,0.4));
#8888 = VECTOR('',#8889,1.);
#8889 = DIRECTION('',(0.,0.,1.));
#8890 = ORIENTED_EDGE('',*,*,#8891,.T.);
#8891 = EDGE_CURVE('',#8884,#8826,#8892,.T.);
#8892 = LINE('',#8893,#8894);
#8893 = CARTESIAN_POINT('',(-28.93528338641,-8.588370599518,19.2));
#8894 = VECTOR('',#8895,1.);
#8895 = DIRECTION('',(-0.231323427898,0.972876904704,0.));
#8896 = ORIENTED_EDGE('',*,*,#8825,.F.);
#8897 = ORIENTED_EDGE('',*,*,#8898,.F.);
#8898 = EDGE_CURVE('',#8851,#8817,#8899,.T.);
#8899 = ELLIPSE('',#8900,9.071034534106,8.825);
#8900 = AXIS2_PLACEMENT_3D('',#8901,#8902,#8903);
#8901 = CARTESIAN_POINT('',(-30.97736221214,0.,7.3));
#8902 = DIRECTION('',(-0.972876904704,-0.231323427898,0.));
#8903 = DIRECTION('',(0.231323427898,-0.972876904704,0.));
#8904 = ORIENTED_EDGE('',*,*,#8848,.F.);
#8905 = ORIENTED_EDGE('',*,*,#8906,.F.);
#8906 = EDGE_CURVE('',#8907,#8849,#8909,.T.);
#8907 = VERTEX_POINT('',#8908);
#8908 = CARTESIAN_POINT('',(-29.04521611506,-8.126026539724,
    3.857861467678));
#8909 = ELLIPSE('',#8910,9.071034534106,8.825);
#8910 = AXIS2_PLACEMENT_3D('',#8911,#8912,#8913);
#8911 = CARTESIAN_POINT('',(-30.97736221214,0.,7.3));
#8912 = DIRECTION('',(-0.972876904704,-0.231323427898,0.));
#8913 = DIRECTION('',(0.231323427898,-0.972876904704,0.));
#8914 = ORIENTED_EDGE('',*,*,#8915,.F.);
#8915 = EDGE_CURVE('',#8876,#8907,#8916,.T.);
#8916 = LINE('',#8917,#8918);
#8917 = CARTESIAN_POINT('',(-29.04521611506,-8.126026539724,0.4));
#8918 = VECTOR('',#8919,1.);
#8919 = DIRECTION('',(0.,0.,1.));
#8920 = PLANE('',#8921);
#8921 = AXIS2_PLACEMENT_3D('',#8922,#8923,#8924);
#8922 = CARTESIAN_POINT('',(-28.93528338641,-8.588370599518,0.4));
#8923 = DIRECTION('',(-0.972876904704,-0.231323427898,0.));
#8924 = DIRECTION('',(-0.231323427898,0.972876904704,0.));
#8925 = ADVANCED_FACE('',(#8926),#8952,.F.);
#8926 = FACE_BOUND('',#8927,.F.);
#8927 = EDGE_LOOP('',(#8928,#8936,#8937,#8946));
#8928 = ORIENTED_EDGE('',*,*,#8929,.F.);
#8929 = EDGE_CURVE('',#8876,#8930,#8932,.T.);
#8930 = VERTEX_POINT('',#8931);
#8931 = CARTESIAN_POINT('',(-29.12603732243,-7.657715567296,0.4));
#8932 = LINE('',#8933,#8934);
#8933 = CARTESIAN_POINT('',(-29.04521611506,-8.126026539724,0.4));
#8934 = VECTOR('',#8935,1.);
#8935 = DIRECTION('',(-0.170066175597,0.985432644029,0.));
#8936 = ORIENTED_EDGE('',*,*,#8915,.T.);
#8937 = ORIENTED_EDGE('',*,*,#8938,.F.);
#8938 = EDGE_CURVE('',#8939,#8907,#8941,.T.);
#8939 = VERTEX_POINT('',#8940);
#8940 = CARTESIAN_POINT('',(-29.12603732243,-7.657715567296,
    2.913655589174));
#8941 = ELLIPSE('',#8942,8.955457334881,8.825);
#8942 = AXIS2_PLACEMENT_3D('',#8943,#8944,#8945);
#8943 = CARTESIAN_POINT('',(-30.44760750608,0.,7.3));
#8944 = DIRECTION('',(-0.985432644029,-0.170066175597,0.));
#8945 = DIRECTION('',(0.170066175597,-0.985432644029,0.));
#8946 = ORIENTED_EDGE('',*,*,#8947,.F.);
#8947 = EDGE_CURVE('',#8930,#8939,#8948,.T.);
#8948 = LINE('',#8949,#8950);
#8949 = CARTESIAN_POINT('',(-29.12603732243,-7.657715567296,0.4));
#8950 = VECTOR('',#8951,1.);
#8951 = DIRECTION('',(0.,0.,1.));
#8952 = PLANE('',#8953);
#8953 = AXIS2_PLACEMENT_3D('',#8954,#8955,#8956);
#8954 = CARTESIAN_POINT('',(-29.04521611506,-8.126026539724,0.4));
#8955 = DIRECTION('',(-0.985432644029,-0.170066175597,0.));
#8956 = DIRECTION('',(-0.170066175597,0.985432644029,0.));
#8957 = ADVANCED_FACE('',(#8958),#9000,.F.);
#8958 = FACE_BOUND('',#8959,.F.);
#8959 = EDGE_LOOP('',(#8960,#8968,#8969,#8978,#8986,#8994));
#8960 = ORIENTED_EDGE('',*,*,#8961,.F.);
#8961 = EDGE_CURVE('',#8930,#8962,#8964,.T.);
#8962 = VERTEX_POINT('',#8963);
#8963 = CARTESIAN_POINT('',(-31.20560026679,-7.949979079313,0.4));
#8964 = LINE('',#8965,#8966);
#8965 = CARTESIAN_POINT('',(-29.12603732243,-7.657715567296,0.4));
#8966 = VECTOR('',#8967,1.);
#8967 = DIRECTION('',(-0.990268068742,-0.13917310096,0.));
#8968 = ORIENTED_EDGE('',*,*,#8947,.T.);
#8969 = ORIENTED_EDGE('',*,*,#8970,.F.);
#8970 = EDGE_CURVE('',#8971,#8939,#8973,.T.);
#8971 = VERTEX_POINT('',#8972);
#8972 = CARTESIAN_POINT('',(-30.6,-7.864867512322,3.296940668235));
#8973 = ELLIPSE('',#8974,63.410241915442,8.825);
#8974 = AXIS2_PLACEMENT_3D('',#8975,#8976,#8977);
#8975 = CARTESIAN_POINT('',(25.361440167736,0.,7.3));
#8976 = DIRECTION('',(0.13917310096,-0.990268068742,0.));
#8977 = DIRECTION('',(0.990268068742,0.13917310096,0.));
#8978 = ORIENTED_EDGE('',*,*,#8979,.F.);
#8979 = EDGE_CURVE('',#8980,#8971,#8982,.T.);
#8980 = VERTEX_POINT('',#8981);
#8981 = CARTESIAN_POINT('',(-30.6,-7.864867512322,2.));
#8982 = LINE('',#8983,#8984);
#8983 = CARTESIAN_POINT('',(-30.6,-7.864867512322,4.532011566335));
#8984 = VECTOR('',#8985,1.);
#8985 = DIRECTION('',(2.22044604925E-16,3.120633411733E-17,1.));
#8986 = ORIENTED_EDGE('',*,*,#8987,.T.);
#8987 = EDGE_CURVE('',#8980,#8988,#8990,.T.);
#8988 = VERTEX_POINT('',#8989);
#8989 = CARTESIAN_POINT('',(-31.20560026679,-7.949979079313,2.));
#8990 = LINE('',#8991,#8992);
#8991 = CARTESIAN_POINT('',(-31.59720663975,-8.005015765843,2.));
#8992 = VECTOR('',#8993,1.);
#8993 = DIRECTION('',(-0.990268068742,-0.13917310096,-3.789510346068E-17
    ));
#8994 = ORIENTED_EDGE('',*,*,#8995,.F.);
#8995 = EDGE_CURVE('',#8962,#8988,#8996,.T.);
#8996 = LINE('',#8997,#8998);
#8997 = CARTESIAN_POINT('',(-31.20560026679,-7.949979079313,0.4));
#8998 = VECTOR('',#8999,1.);
#8999 = DIRECTION('',(0.,0.,1.));
#9000 = PLANE('',#9001);
#9001 = AXIS2_PLACEMENT_3D('',#9002,#9003,#9004);
#9002 = CARTESIAN_POINT('',(-29.12603732243,-7.657715567296,0.4));
#9003 = DIRECTION('',(0.13917310096,-0.990268068742,0.));
#9004 = DIRECTION('',(-0.990268068742,-0.13917310096,0.));
#9005 = ADVANCED_FACE('',(#9006),#9024,.T.);
#9006 = FACE_BOUND('',#9007,.T.);
#9007 = EDGE_LOOP('',(#9008,#9009,#9017));
#9008 = ORIENTED_EDGE('',*,*,#8979,.F.);
#9009 = ORIENTED_EDGE('',*,*,#9010,.T.);
#9010 = EDGE_CURVE('',#8980,#9011,#9013,.T.);
#9011 = VERTEX_POINT('',#9012);
#9012 = CARTESIAN_POINT('',(-30.6,-7.056247232063,2.));
#9013 = LINE('',#9014,#9015);
#9014 = CARTESIAN_POINT('',(-30.6,-8.838836179045,2.));
#9015 = VECTOR('',#9016,1.);
#9016 = DIRECTION('',(-2.22044604925E-16,1.,5.024295063901E-17));
#9017 = ORIENTED_EDGE('',*,*,#9018,.F.);
#9018 = EDGE_CURVE('',#8971,#9011,#9019,.T.);
#9019 = CIRCLE('',#9020,8.825);
#9020 = AXIS2_PLACEMENT_3D('',#9021,#9022,#9023);
#9021 = CARTESIAN_POINT('',(-30.6,0.,7.3));
#9022 = DIRECTION('',(1.,0.,0.));
#9023 = DIRECTION('',(-0.,0.,1.));
#9024 = PLANE('',#9025);
#9025 = AXIS2_PLACEMENT_3D('',#9026,#9027,#9028);
#9026 = CARTESIAN_POINT('',(-30.6,-1.923799593555E-15,8.66402313267));
#9027 = DIRECTION('',(1.,0.,-2.22044604925E-16));
#9028 = DIRECTION('',(-2.22044604925E-16,1.,0.));
#9029 = ADVANCED_FACE('',(#9030),#9064,.F.);
#9030 = FACE_BOUND('',#9031,.F.);
#9031 = EDGE_LOOP('',(#9032,#9033,#9034,#9042,#9050,#9058));
#9032 = ORIENTED_EDGE('',*,*,#8987,.F.);
#9033 = ORIENTED_EDGE('',*,*,#9010,.T.);
#9034 = ORIENTED_EDGE('',*,*,#9035,.F.);
#9035 = EDGE_CURVE('',#9036,#9011,#9038,.T.);
#9036 = VERTEX_POINT('',#9037);
#9037 = CARTESIAN_POINT('',(-34.,-7.056247232063,2.));
#9038 = LINE('',#9039,#9040);
#9039 = CARTESIAN_POINT('',(-35.5,-7.056247232063,2.));
#9040 = VECTOR('',#9041,1.);
#9041 = DIRECTION('',(1.,0.,0.));
#9042 = ORIENTED_EDGE('',*,*,#9043,.F.);
#9043 = EDGE_CURVE('',#9044,#9036,#9046,.T.);
#9044 = VERTEX_POINT('',#9045);
#9045 = CARTESIAN_POINT('',(-34.,-8.458,2.));
#9046 = LINE('',#9047,#9048);
#9047 = CARTESIAN_POINT('',(-34.,-8.838836179045,2.));
#9048 = VECTOR('',#9049,1.);
#9049 = DIRECTION('',(-2.22044604925E-16,1.,5.024295063901E-17));
#9050 = ORIENTED_EDGE('',*,*,#9051,.F.);
#9051 = EDGE_CURVE('',#9052,#9044,#9054,.T.);
#9052 = VERTEX_POINT('',#9053);
#9053 = CARTESIAN_POINT('',(-31.11792590809,-8.458,2.));
#9054 = LINE('',#9055,#9056);
#9055 = CARTESIAN_POINT('',(-31.6045,-8.458,2.));
#9056 = VECTOR('',#9057,1.);
#9057 = DIRECTION('',(-1.,0.,1.115617612491E-32));
#9058 = ORIENTED_EDGE('',*,*,#9059,.F.);
#9059 = EDGE_CURVE('',#8988,#9052,#9060,.T.);
#9060 = LINE('',#9061,#9062);
#9061 = CARTESIAN_POINT('',(-31.17152955557,-8.147398648008,2.));
#9062 = VECTOR('',#9063,1.);
#9063 = DIRECTION('',(0.170066175597,-0.985432644029,-2.683210458156E-16
    ));
#9064 = PLANE('',#9065);
#9065 = AXIS2_PLACEMENT_3D('',#9066,#9067,#9068);
#9066 = CARTESIAN_POINT('',(-34.,-8.838836179045,2.));
#9067 = DIRECTION('',(1.115617612491E-32,-2.72287555564E-16,1.));
#9068 = DIRECTION('',(-2.22044604925E-16,1.,5.024295063901E-17));
#9069 = ADVANCED_FACE('',(#9070),#9095,.F.);
#9070 = FACE_BOUND('',#9071,.F.);
#9071 = EDGE_LOOP('',(#9072,#9078,#9079,#9080,#9088,#9094));
#9072 = ORIENTED_EDGE('',*,*,#9073,.F.);
#9073 = EDGE_CURVE('',#8689,#8554,#9074,.T.);
#9074 = LINE('',#9075,#9076);
#9075 = CARTESIAN_POINT('',(-29.431,9.163,0.4));
#9076 = VECTOR('',#9077,1.);
#9077 = DIRECTION('',(0.130380387554,0.991464046015,0.));
#9078 = ORIENTED_EDGE('',*,*,#8714,.T.);
#9079 = ORIENTED_EDGE('',*,*,#8752,.T.);
#9080 = ORIENTED_EDGE('',*,*,#9081,.T.);
#9081 = EDGE_CURVE('',#8745,#9082,#9084,.T.);
#9082 = VERTEX_POINT('',#9083);
#9083 = CARTESIAN_POINT('',(-29.42694745672,9.193817142301,9.4));
#9084 = LINE('',#9085,#9086);
#9085 = CARTESIAN_POINT('',(-29.42694745672,9.193817142301,4.9));
#9086 = VECTOR('',#9087,1.);
#9087 = DIRECTION('',(-0.,0.,-1.));
#9088 = ORIENTED_EDGE('',*,*,#9089,.T.);
#9089 = EDGE_CURVE('',#9082,#8562,#9090,.T.);
#9090 = LINE('',#9091,#9092);
#9091 = CARTESIAN_POINT('',(-29.06688832398,11.931849228603,9.4));
#9092 = VECTOR('',#9093,1.);
#9093 = DIRECTION('',(0.130380387554,0.991464046015,-0.));
#9094 = ORIENTED_EDGE('',*,*,#8561,.F.);
#9095 = PLANE('',#9096);
#9096 = AXIS2_PLACEMENT_3D('',#9097,#9098,#9099);
#9097 = CARTESIAN_POINT('',(-29.431,9.163,0.4));
#9098 = DIRECTION('',(-0.991464046015,0.130380387554,0.));
#9099 = DIRECTION('',(0.130380387554,0.991464046015,0.));
#9100 = ADVANCED_FACE('',(#9101),#9128,.F.);
#9101 = FACE_BOUND('',#9102,.F.);
#9102 = EDGE_LOOP('',(#9103,#9104,#9105,#9106,#9114,#9122));
#9103 = ORIENTED_EDGE('',*,*,#9081,.F.);
#9104 = ORIENTED_EDGE('',*,*,#8744,.T.);
#9105 = ORIENTED_EDGE('',*,*,#8794,.F.);
#9106 = ORIENTED_EDGE('',*,*,#9107,.T.);
#9107 = EDGE_CURVE('',#8795,#9108,#9110,.T.);
#9108 = VERTEX_POINT('',#9109);
#9109 = CARTESIAN_POINT('',(-28.98209576941,9.162710082019,19.2));
#9110 = LINE('',#9111,#9112);
#9111 = CARTESIAN_POINT('',(-31.57576230008,9.344076913754,19.2));
#9112 = VECTOR('',#9113,1.);
#9113 = DIRECTION('',(0.99756405026,-6.975647374413E-02,0.));
#9114 = ORIENTED_EDGE('',*,*,#9115,.F.);
#9115 = EDGE_CURVE('',#9116,#9108,#9118,.T.);
#9116 = VERTEX_POINT('',#9117);
#9117 = CARTESIAN_POINT('',(-28.98209576941,9.162710082019,9.4));
#9118 = LINE('',#9119,#9120);
#9119 = CARTESIAN_POINT('',(-28.98209576941,9.162710082019,9.4));
#9120 = VECTOR('',#9121,1.);
#9121 = DIRECTION('',(0.,0.,1.));
#9122 = ORIENTED_EDGE('',*,*,#9123,.F.);
#9123 = EDGE_CURVE('',#9082,#9116,#9124,.T.);
#9124 = LINE('',#9125,#9126);
#9125 = CARTESIAN_POINT('',(-31.57576230008,9.344076913754,9.4));
#9126 = VECTOR('',#9127,1.);
#9127 = DIRECTION('',(0.99756405026,-6.975647374413E-02,0.));
#9128 = PLANE('',#9129);
#9129 = AXIS2_PLACEMENT_3D('',#9130,#9131,#9132);
#9130 = CARTESIAN_POINT('',(-31.57576230008,9.344076913754,9.4));
#9131 = DIRECTION('',(6.975647374413E-02,0.99756405026,-0.));
#9132 = DIRECTION('',(0.99756405026,-6.975647374413E-02,0.));
#9133 = ADVANCED_FACE('',(#9134),#9159,.F.);
#9134 = FACE_BOUND('',#9135,.F.);
#9135 = EDGE_LOOP('',(#9136,#9146,#9152,#9153));
#9136 = ORIENTED_EDGE('',*,*,#9137,.T.);
#9137 = EDGE_CURVE('',#9138,#9140,#9142,.T.);
#9138 = VERTEX_POINT('',#9139);
#9139 = CARTESIAN_POINT('',(-28.79666898416,-9.042939936304,0.4));
#9140 = VERTEX_POINT('',#9141);
#9141 = CARTESIAN_POINT('',(-28.79666898416,-9.042939936304,19.2));
#9142 = LINE('',#9143,#9144);
#9143 = CARTESIAN_POINT('',(-28.79666898416,-9.042939936304,0.4));
#9144 = VECTOR('',#9145,1.);
#9145 = DIRECTION('',(0.,0.,1.));
#9146 = ORIENTED_EDGE('',*,*,#9147,.T.);
#9147 = EDGE_CURVE('',#9140,#8884,#9148,.T.);
#9148 = LINE('',#9149,#9150);
#9149 = CARTESIAN_POINT('',(-28.79666898416,-9.042939936304,19.2));
#9150 = VECTOR('',#9151,1.);
#9151 = DIRECTION('',(-0.29167618303,0.956517121777,0.));
#9152 = ORIENTED_EDGE('',*,*,#8883,.F.);
#9153 = ORIENTED_EDGE('',*,*,#9154,.F.);
#9154 = EDGE_CURVE('',#9138,#8874,#9155,.T.);
#9155 = LINE('',#9156,#9157);
#9156 = CARTESIAN_POINT('',(-28.79666898416,-9.042939936304,0.4));
#9157 = VECTOR('',#9158,1.);
#9158 = DIRECTION('',(-0.29167618303,0.956517121777,0.));
#9159 = PLANE('',#9160);
#9160 = AXIS2_PLACEMENT_3D('',#9161,#9162,#9163);
#9161 = CARTESIAN_POINT('',(-28.79666898416,-9.042939936304,0.4));
#9162 = DIRECTION('',(-0.956517121777,-0.29167618303,0.));
#9163 = DIRECTION('',(-0.29167618303,0.956517121777,0.));
#9164 = ADVANCED_FACE('',(#9165),#9183,.F.);
#9165 = FACE_BOUND('',#9166,.F.);
#9166 = EDGE_LOOP('',(#9167,#9175,#9176,#9177));
#9167 = ORIENTED_EDGE('',*,*,#9168,.F.);
#9168 = EDGE_CURVE('',#8962,#9169,#9171,.T.);
#9169 = VERTEX_POINT('',#9170);
#9170 = CARTESIAN_POINT('',(-31.11792590809,-8.458,0.4));
#9171 = LINE('',#9172,#9173);
#9172 = CARTESIAN_POINT('',(-31.20560026679,-7.949979079313,0.4));
#9173 = VECTOR('',#9174,1.);
#9174 = DIRECTION('',(0.170066175597,-0.985432644029,0.));
#9175 = ORIENTED_EDGE('',*,*,#8995,.T.);
#9176 = ORIENTED_EDGE('',*,*,#9059,.T.);
#9177 = ORIENTED_EDGE('',*,*,#9178,.F.);
#9178 = EDGE_CURVE('',#9169,#9052,#9179,.T.);
#9179 = LINE('',#9180,#9181);
#9180 = CARTESIAN_POINT('',(-31.11792590809,-8.458,0.4));
#9181 = VECTOR('',#9182,1.);
#9182 = DIRECTION('',(0.,0.,1.));
#9183 = PLANE('',#9184);
#9184 = AXIS2_PLACEMENT_3D('',#9185,#9186,#9187);
#9185 = CARTESIAN_POINT('',(-31.20560026679,-7.949979079313,0.4));
#9186 = DIRECTION('',(0.985432644029,0.170066175597,-0.));
#9187 = DIRECTION('',(0.170066175597,-0.985432644029,0.));
#9188 = ADVANCED_FACE('',(#9189),#9207,.F.);
#9189 = FACE_BOUND('',#9190,.F.);
#9190 = EDGE_LOOP('',(#9191,#9199,#9200,#9201));
#9191 = ORIENTED_EDGE('',*,*,#9192,.F.);
#9192 = EDGE_CURVE('',#9169,#9193,#9195,.T.);
#9193 = VERTEX_POINT('',#9194);
#9194 = CARTESIAN_POINT('',(-34.,-8.458,0.4));
#9195 = LINE('',#9196,#9197);
#9196 = CARTESIAN_POINT('',(-29.209,-8.458,0.4));
#9197 = VECTOR('',#9198,1.);
#9198 = DIRECTION('',(-1.,0.,0.));
#9199 = ORIENTED_EDGE('',*,*,#9178,.T.);
#9200 = ORIENTED_EDGE('',*,*,#9051,.T.);
#9201 = ORIENTED_EDGE('',*,*,#9202,.F.);
#9202 = EDGE_CURVE('',#9193,#9044,#9203,.T.);
#9203 = LINE('',#9204,#9205);
#9204 = CARTESIAN_POINT('',(-34.,-8.458,0.4));
#9205 = VECTOR('',#9206,1.);
#9206 = DIRECTION('',(0.,0.,1.));
#9207 = PLANE('',#9208);
#9208 = AXIS2_PLACEMENT_3D('',#9209,#9210,#9211);
#9209 = CARTESIAN_POINT('',(-29.209,-8.458,0.4));
#9210 = DIRECTION('',(0.,-1.,0.));
#9211 = DIRECTION('',(-1.,0.,0.));
#9212 = ADVANCED_FACE('',(#9213),#9500,.F.);
#9213 = FACE_BOUND('',#9214,.F.);
#9214 = EDGE_LOOP('',(#9215,#9225,#9233,#9241,#9249,#9257,#9265,#9273,
    #9281,#9289,#9295,#9296,#9297,#9298,#9299,#9300,#9301,#9302,#9303,
    #9304,#9305,#9306,#9307,#9308,#9309,#9310,#9311,#9312,#9313,#9314,
    #9315,#9316,#9317,#9318,#9326,#9334,#9342,#9350,#9358,#9366,#9374,
    #9382,#9390,#9398,#9406,#9414,#9422,#9430,#9438,#9446,#9454,#9462,
    #9470,#9478,#9486,#9494));
#9215 = ORIENTED_EDGE('',*,*,#9216,.T.);
#9216 = EDGE_CURVE('',#9217,#9219,#9221,.T.);
#9217 = VERTEX_POINT('',#9218);
#9218 = CARTESIAN_POINT('',(-21.61792967675,15.999930033297,9.4));
#9219 = VERTEX_POINT('',#9220);
#9220 = CARTESIAN_POINT('',(-21.13728991798,15.98209576941,9.4));
#9221 = LINE('',#9222,#9223);
#9222 = CARTESIAN_POINT('',(-21.61792967675,15.999930033297,9.4));
#9223 = VECTOR('',#9224,1.);
#9224 = DIRECTION('',(0.999312309816,-3.707974447401E-02,0.));
#9225 = ORIENTED_EDGE('',*,*,#9226,.T.);
#9226 = EDGE_CURVE('',#9219,#9227,#9229,.T.);
#9227 = VERTEX_POINT('',#9228);
#9228 = CARTESIAN_POINT('',(-20.95592308624,18.575762300085,9.4));
#9229 = LINE('',#9230,#9231);
#9230 = CARTESIAN_POINT('',(-21.13728991798,15.98209576941,9.4));
#9231 = VECTOR('',#9232,1.);
#9232 = DIRECTION('',(6.975647374412E-02,0.99756405026,0.));
#9233 = ORIENTED_EDGE('',*,*,#9234,.T.);
#9234 = EDGE_CURVE('',#9227,#9235,#9237,.T.);
#9235 = VERTEX_POINT('',#9236);
#9236 = CARTESIAN_POINT('',(-21.60658507261,18.599905283171,9.4));
#9237 = LINE('',#9238,#9239);
#9238 = CARTESIAN_POINT('',(-20.95592308624,18.575762300085,9.4));
#9239 = VECTOR('',#9240,1.);
#9240 = DIRECTION('',(-0.999312309816,3.7079744474E-02,0.));
#9241 = ORIENTED_EDGE('',*,*,#9242,.T.);
#9242 = EDGE_CURVE('',#9235,#9243,#9245,.T.);
#9243 = VERTEX_POINT('',#9244);
#9244 = CARTESIAN_POINT('',(-22.25743296837,18.581441244298,9.4));
#9245 = LINE('',#9246,#9247);
#9246 = CARTESIAN_POINT('',(-21.60658507261,18.599905283171,9.4));
#9247 = VECTOR('',#9248,1.);
#9248 = DIRECTION('',(-0.999597836772,-2.835779824538E-02,0.));
#9249 = ORIENTED_EDGE('',*,*,#9250,.T.);
#9250 = EDGE_CURVE('',#9243,#9251,#9253,.T.);
#9251 = VERTEX_POINT('',#9252);
#9252 = CARTESIAN_POINT('',(-22.9056797429,18.520449249313,9.4));
#9253 = LINE('',#9254,#9255);
#9254 = CARTESIAN_POINT('',(-22.25743296837,18.581441244298,9.4));
#9255 = VECTOR('',#9256,1.);
#9256 = DIRECTION('',(-0.995602932329,-9.36739085191E-02,0.));
#9257 = ORIENTED_EDGE('',*,*,#9258,.T.);
#9258 = EDGE_CURVE('',#9251,#9259,#9261,.T.);
#9259 = VERTEX_POINT('',#9260);
#9260 = CARTESIAN_POINT('',(-23.54854950399,18.417190475304,9.4));
#9261 = LINE('',#9262,#9263);
#9262 = CARTESIAN_POINT('',(-22.9056797429,18.520449249313,9.4));
#9263 = VECTOR('',#9264,1.);
#9264 = DIRECTION('',(-0.987344703283,-0.158588892735,0.));
#9265 = ORIENTED_EDGE('',*,*,#9266,.T.);
#9266 = EDGE_CURVE('',#9259,#9267,#9269,.T.);
#9267 = VERTEX_POINT('',#9268);
#9268 = CARTESIAN_POINT('',(-24.18328938464,18.272107092194,9.4));
#9269 = LINE('',#9270,#9271);
#9270 = CARTESIAN_POINT('',(-23.54854950399,18.417190475304,9.4));
#9271 = VECTOR('',#9272,1.);
#9272 = DIRECTION('',(-0.974858512637,-0.222824774966,0.));
#9273 = ORIENTED_EDGE('',*,*,#9274,.T.);
#9274 = EDGE_CURVE('',#9267,#9275,#9277,.T.);
#9275 = VERTEX_POINT('',#9276);
#9276 = CARTESIAN_POINT('',(-24.69,18.120809322595,9.4));
#9277 = LINE('',#9278,#9279);
#9278 = CARTESIAN_POINT('',(-24.18328938464,18.272107092194,9.4));
#9279 = VECTOR('',#9280,1.);
#9280 = DIRECTION('',(-0.958197828177,-0.286106487302,0.));
#9281 = ORIENTED_EDGE('',*,*,#9282,.F.);
#9282 = EDGE_CURVE('',#9283,#9275,#9285,.T.);
#9283 = VERTEX_POINT('',#9284);
#9284 = CARTESIAN_POINT('',(-24.69,15.9,9.4));
#9285 = LINE('',#9286,#9287);
#9286 = CARTESIAN_POINT('',(-24.69,15.167241898038,9.4));
#9287 = VECTOR('',#9288,1.);
#9288 = DIRECTION('',(-0.,1.,0.));
#9289 = ORIENTED_EDGE('',*,*,#9290,.T.);
#9290 = EDGE_CURVE('',#9283,#7943,#9291,.T.);
#9291 = LINE('',#9292,#9293);
#9292 = CARTESIAN_POINT('',(-26.56918752452,15.9,9.4));
#9293 = VECTOR('',#9294,1.);
#9294 = DIRECTION('',(-1.,-0.,0.));
#9295 = ORIENTED_EDGE('',*,*,#7942,.F.);
#9296 = ORIENTED_EDGE('',*,*,#7980,.F.);
#9297 = ORIENTED_EDGE('',*,*,#8011,.F.);
#9298 = ORIENTED_EDGE('',*,*,#8042,.F.);
#9299 = ORIENTED_EDGE('',*,*,#8073,.F.);
#9300 = ORIENTED_EDGE('',*,*,#8104,.F.);
#9301 = ORIENTED_EDGE('',*,*,#8135,.F.);
#9302 = ORIENTED_EDGE('',*,*,#8166,.F.);
#9303 = ORIENTED_EDGE('',*,*,#8197,.F.);
#9304 = ORIENTED_EDGE('',*,*,#8228,.F.);
#9305 = ORIENTED_EDGE('',*,*,#8259,.F.);
#9306 = ORIENTED_EDGE('',*,*,#8290,.F.);
#9307 = ORIENTED_EDGE('',*,*,#8321,.F.);
#9308 = ORIENTED_EDGE('',*,*,#8352,.F.);
#9309 = ORIENTED_EDGE('',*,*,#8383,.F.);
#9310 = ORIENTED_EDGE('',*,*,#8414,.F.);
#9311 = ORIENTED_EDGE('',*,*,#8445,.F.);
#9312 = ORIENTED_EDGE('',*,*,#8476,.F.);
#9313 = ORIENTED_EDGE('',*,*,#8507,.F.);
#9314 = ORIENTED_EDGE('',*,*,#8538,.F.);
#9315 = ORIENTED_EDGE('',*,*,#8569,.F.);
#9316 = ORIENTED_EDGE('',*,*,#9089,.F.);
#9317 = ORIENTED_EDGE('',*,*,#9123,.T.);
#9318 = ORIENTED_EDGE('',*,*,#9319,.T.);
#9319 = EDGE_CURVE('',#9116,#9320,#9322,.T.);
#9320 = VERTEX_POINT('',#9321);
#9321 = CARTESIAN_POINT('',(-28.93286434579,9.641154337512,9.4));
#9322 = LINE('',#9323,#9324);
#9323 = CARTESIAN_POINT('',(-28.98209576941,9.162710082019,9.4));
#9324 = VECTOR('',#9325,1.);
#9325 = DIRECTION('',(0.102358506035,0.994747574132,0.));
#9326 = ORIENTED_EDGE('',*,*,#9327,.T.);
#9327 = EDGE_CURVE('',#9320,#9328,#9330,.T.);
#9328 = VERTEX_POINT('',#9329);
#9329 = CARTESIAN_POINT('',(-28.85244657896,10.115354317966,9.4));
#9330 = LINE('',#9331,#9332);
#9331 = CARTESIAN_POINT('',(-28.93286434579,9.641154337512,9.4));
#9332 = VECTOR('',#9333,1.);
#9333 = DIRECTION('',(0.167198952759,0.98592317662,0.));
#9334 = ORIENTED_EDGE('',*,*,#9335,.T.);
#9335 = EDGE_CURVE('',#9328,#9336,#9338,.T.);
#9336 = VERTEX_POINT('',#9337);
#9337 = CARTESIAN_POINT('',(-28.74118683014,10.583279426266,9.4));
#9338 = LINE('',#9339,#9340);
#9339 = CARTESIAN_POINT('',(-28.85244657896,10.115354317966,9.4));
#9340 = VECTOR('',#9341,1.);
#9341 = DIRECTION('',(0.231323427898,0.972876904704,0.));
#9342 = ORIENTED_EDGE('',*,*,#9343,.T.);
#9343 = EDGE_CURVE('',#9336,#9344,#9346,.T.);
#9344 = VERTEX_POINT('',#9345);
#9345 = CARTESIAN_POINT('',(-28.59956153065,11.04292593526,9.4));
#9346 = LINE('',#9347,#9348);
#9347 = CARTESIAN_POINT('',(-28.74118683014,10.583279426266,9.4));
#9348 = VECTOR('',#9349,1.);
#9349 = DIRECTION('',(0.294457340605,0.955664624522,0.));
#9350 = ORIENTED_EDGE('',*,*,#9351,.T.);
#9351 = EDGE_CURVE('',#9344,#9352,#9354,.T.);
#9352 = VERTEX_POINT('',#9353);
#9353 = CARTESIAN_POINT('',(-28.42817714177,11.492325568031,9.4));
#9354 = LINE('',#9355,#9356);
#9355 = CARTESIAN_POINT('',(-28.59956153065,11.04292593526,9.4));
#9356 = VECTOR('',#9357,1.);
#9357 = DIRECTION('',(0.356330341775,0.934360041703,0.));
#9358 = ORIENTED_EDGE('',*,*,#9359,.T.);
#9359 = EDGE_CURVE('',#9352,#9360,#9362,.T.);
#9360 = VERTEX_POINT('',#9361);
#9361 = CARTESIAN_POINT('',(-28.22776755777,11.929553926357,9.4));
#9362 = LINE('',#9363,#9364);
#9363 = CARTESIAN_POINT('',(-28.42817714177,11.492325568031,9.4));
#9364 = VECTOR('',#9365,1.);
#9365 = DIRECTION('',(0.416677481715,0.909054385739,0.));
#9366 = ORIENTED_EDGE('',*,*,#9367,.T.);
#9367 = EDGE_CURVE('',#9360,#9368,#9370,.T.);
#9368 = VERTEX_POINT('',#9369);
#9369 = CARTESIAN_POINT('',(-27.99919096325,12.352738731285,9.4));
#9370 = LINE('',#9371,#9372);
#9371 = CARTESIAN_POINT('',(-28.22776755777,11.929553926357,9.4));
#9372 = VECTOR('',#9373,1.);
#9373 = DIRECTION('',(0.47524034471,0.879856019335,0.));
#9374 = ORIENTED_EDGE('',*,*,#9375,.T.);
#9375 = EDGE_CURVE('',#9368,#9376,#9378,.T.);
#9376 = VERTEX_POINT('',#9377);
#9377 = CARTESIAN_POINT('',(-27.74342615828,12.76006784051,9.4));
#9378 = LINE('',#9379,#9380);
#9379 = CARTESIAN_POINT('',(-27.99919096325,12.352738731285,9.4));
#9380 = VECTOR('',#9381,1.);
#9381 = DIRECTION('',(0.531768155588,0.846889974378,0.));
#9382 = ORIENTED_EDGE('',*,*,#9383,.T.);
#9383 = EDGE_CURVE('',#9376,#9384,#9386,.T.);
#9384 = VERTEX_POINT('',#9385);
#9385 = CARTESIAN_POINT('',(-27.46156836701,13.149797008253,9.4));
#9386 = LINE('',#9387,#9388);
#9387 = CARTESIAN_POINT('',(-27.74342615828,12.76006784051,9.4));
#9388 = VECTOR('',#9389,1.);
#9389 = DIRECTION('',(0.586018853586,0.810297416534,0.));
#9390 = ORIENTED_EDGE('',*,*,#9391,.T.);
#9391 = EDGE_CURVE('',#9384,#9392,#9394,.T.);
#9392 = VERTEX_POINT('',#9393);
#9393 = CARTESIAN_POINT('',(-27.15482454779,13.520257354386,9.4));
#9394 = LINE('',#9395,#9396);
#9395 = CARTESIAN_POINT('',(-27.46156836701,13.149797008253,9.4));
#9396 = VECTOR('',#9397,1.);
#9397 = DIRECTION('',(0.637760128885,0.770235040753,0.));
#9398 = ORIENTED_EDGE('',*,*,#9399,.T.);
#9399 = EDGE_CURVE('',#9392,#9400,#9402,.T.);
#9400 = VERTEX_POINT('',#9401);
#9401 = CARTESIAN_POINT('',(-26.82450822475,13.869862510831,9.4));
#9402 = LINE('',#9403,#9404);
#9403 = CARTESIAN_POINT('',(-27.15482454779,13.520257354386,9.4));
#9404 = VECTOR('',#9405,1.);
#9405 = DIRECTION('',(0.686770417402,0.72687440028,0.));
#9406 = ORIENTED_EDGE('',*,*,#9407,.T.);
#9407 = EDGE_CURVE('',#9400,#9408,#9410,.T.);
#9408 = VERTEX_POINT('',#9409);
#9409 = CARTESIAN_POINT('',(-26.47203386308,14.197115414637,9.4));
#9410 = LINE('',#9411,#9412);
#9411 = CARTESIAN_POINT('',(-26.82450822475,13.869862510831,9.4));
#9412 = VECTOR('',#9413,1.);
#9413 = DIRECTION('',(0.732839849556,0.680401172032,0.));
#9414 = ORIENTED_EDGE('',*,*,#9415,.T.);
#9415 = EDGE_CURVE('',#9408,#9416,#9418,.T.);
#9416 = VERTEX_POINT('',#9417);
#9417 = CARTESIAN_POINT('',(-26.09891081211,14.500614718629,9.4));
#9418 = LINE('',#9419,#9420);
#9419 = CARTESIAN_POINT('',(-26.47203386308,14.197115414637,9.4));
#9420 = VECTOR('',#9421,1.);
#9421 = DIRECTION('',(0.775771148967,0.631014361508,0.));
#9422 = ORIENTED_EDGE('',*,*,#9423,.T.);
#9423 = EDGE_CURVE('',#9416,#9424,#9426,.T.);
#9424 = VERTEX_POINT('',#9425);
#9425 = CARTESIAN_POINT('',(-25.70673684204,14.779060792194,9.4));
#9426 = LINE('',#9427,#9428);
#9427 = CARTESIAN_POINT('',(-26.09891081211,14.500614718629,9.4));
#9428 = VECTOR('',#9429,1.);
#9429 = DIRECTION('',(0.81538047722,0.578925450614,0.));
#9430 = ORIENTED_EDGE('',*,*,#9431,.T.);
#9431 = EDGE_CURVE('',#9424,#9432,#9434,.T.);
#9432 = VERTEX_POINT('',#9433);
#9433 = CARTESIAN_POINT('',(-25.29719130201,15.031261286495,9.4));
#9434 = LINE('',#9435,#9436);
#9435 = CARTESIAN_POINT('',(-25.70673684204,14.779060792194,9.4));
#9436 = VECTOR('',#9437,1.);
#9437 = DIRECTION('',(0.85149822109,0.524357492062,0.));
#9438 = ORIENTED_EDGE('',*,*,#9439,.T.);
#9439 = EDGE_CURVE('',#9432,#9440,#9442,.T.);
#9440 = VERTEX_POINT('',#9441);
#9441 = CARTESIAN_POINT('',(-24.8720279289,15.256136240299,9.4));
#9442 = LINE('',#9443,#9444);
#9443 = CARTESIAN_POINT('',(-25.29719130201,15.031261286495,9.4));
#9444 = VECTOR('',#9445,1.);
#9445 = DIRECTION('',(0.883969718852,0.467544154228,0.));
#9446 = ORIENTED_EDGE('',*,*,#9447,.T.);
#9447 = EDGE_CURVE('',#9440,#9448,#9450,.T.);
#9448 = VERTEX_POINT('',#9449);
#9449 = CARTESIAN_POINT('',(-24.43306733754,15.452722704529,9.4));
#9450 = LINE('',#9451,#9452);
#9451 = CARTESIAN_POINT('',(-24.8720279289,15.256136240299,9.4));
#9452 = VECTOR('',#9453,1.);
#9453 = DIRECTION('',(0.912655922569,0.408728720547,0.));
#9454 = ORIENTED_EDGE('',*,*,#9455,.T.);
#9455 = EDGE_CURVE('',#9448,#9456,#9458,.T.);
#9456 = VERTEX_POINT('',#9457);
#9457 = CARTESIAN_POINT('',(-23.98218922457,15.620178865766,9.4));
#9458 = LINE('',#9459,#9460);
#9459 = CARTESIAN_POINT('',(-24.43306733754,15.452722704529,9.4));
#9460 = VECTOR('',#9461,1.);
#9461 = DIRECTION('',(0.937433993512,0.348163047735,0.));
#9462 = ORIENTED_EDGE('',*,*,#9463,.T.);
#9463 = EDGE_CURVE('',#9456,#9464,#9466,.T.);
#9464 = VERTEX_POINT('',#9465);
#9465 = CARTESIAN_POINT('',(-23.52132431931,15.757787651017,9.4));
#9466 = LINE('',#9467,#9468);
#9467 = CARTESIAN_POINT('',(-23.98218922457,15.620178865766,9.4));
#9468 = VECTOR('',#9469,1.);
#9469 = DIRECTION('',(0.958197828177,0.286106487302,0.));
#9470 = ORIENTED_EDGE('',*,*,#9471,.T.);
#9471 = EDGE_CURVE('',#9464,#9472,#9474,.T.);
#9472 = VERTEX_POINT('',#9473);
#9473 = CARTESIAN_POINT('',(-23.05244611601,15.86495979834,9.4));
#9474 = LINE('',#9475,#9476);
#9475 = CARTESIAN_POINT('',(-23.52132431931,15.757787651017,9.4));
#9476 = VECTOR('',#9477,1.);
#9477 = DIRECTION('',(0.974858512637,0.222824774966,0.));
#9478 = ORIENTED_EDGE('',*,*,#9479,.T.);
#9479 = EDGE_CURVE('',#9472,#9480,#9482,.T.);
#9480 = VERTEX_POINT('',#9481);
#9481 = CARTESIAN_POINT('',(-22.57756242314,15.941236380146,9.4));
#9482 = LINE('',#9483,#9484);
#9483 = CARTESIAN_POINT('',(-23.05244611601,15.86495979834,9.4));
#9484 = VECTOR('',#9485,1.);
#9485 = DIRECTION('',(0.987344703283,0.158588892735,0.));
#9486 = ORIENTED_EDGE('',*,*,#9487,.T.);
#9487 = EDGE_CURVE('',#9480,#9488,#9490,.T.);
#9488 = VERTEX_POINT('',#9489);
#9489 = CARTESIAN_POINT('',(-22.09870676558,15.986290768401,9.4));
#9490 = LINE('',#9491,#9492);
#9491 = CARTESIAN_POINT('',(-22.57756242314,15.941236380146,9.4));
#9492 = VECTOR('',#9493,1.);
#9493 = DIRECTION('',(0.995602932329,9.36739085191E-02,0.));
#9494 = ORIENTED_EDGE('',*,*,#9495,.T.);
#9495 = EDGE_CURVE('',#9488,#9217,#9496,.T.);
#9496 = LINE('',#9497,#9498);
#9497 = CARTESIAN_POINT('',(-22.09870676558,15.986290768401,9.4));
#9498 = VECTOR('',#9499,1.);
#9499 = DIRECTION('',(0.999597836772,2.835779824538E-02,0.));
#9500 = PLANE('',#9501);
#9501 = AXIS2_PLACEMENT_3D('',#9502,#9503,#9504);
#9502 = CARTESIAN_POINT('',(-26.67837504904,14.434483796075,9.4));
#9503 = DIRECTION('',(0.,0.,1.));
#9504 = DIRECTION('',(1.,0.,-0.));
#9505 = ADVANCED_FACE('',(#9506),#9524,.F.);
#9506 = FACE_BOUND('',#9507,.F.);
#9507 = EDGE_LOOP('',(#9508,#9509,#9517,#9523));
#9508 = ORIENTED_EDGE('',*,*,#9115,.T.);
#9509 = ORIENTED_EDGE('',*,*,#9510,.T.);
#9510 = EDGE_CURVE('',#9108,#9511,#9513,.T.);
#9511 = VERTEX_POINT('',#9512);
#9512 = CARTESIAN_POINT('',(-28.93286434579,9.641154337512,19.2));
#9513 = LINE('',#9514,#9515);
#9514 = CARTESIAN_POINT('',(-28.98209576941,9.162710082019,19.2));
#9515 = VECTOR('',#9516,1.);
#9516 = DIRECTION('',(0.102358506035,0.994747574132,0.));
#9517 = ORIENTED_EDGE('',*,*,#9518,.F.);
#9518 = EDGE_CURVE('',#9320,#9511,#9519,.T.);
#9519 = LINE('',#9520,#9521);
#9520 = CARTESIAN_POINT('',(-28.93286434579,9.641154337512,9.4));
#9521 = VECTOR('',#9522,1.);
#9522 = DIRECTION('',(0.,0.,1.));
#9523 = ORIENTED_EDGE('',*,*,#9319,.F.);
#9524 = PLANE('',#9525);
#9525 = AXIS2_PLACEMENT_3D('',#9526,#9527,#9528);
#9526 = CARTESIAN_POINT('',(-28.98209576941,9.162710082019,9.4));
#9527 = DIRECTION('',(-0.994747574132,0.102358506035,0.));
#9528 = DIRECTION('',(0.102358506035,0.994747574132,0.));
#9529 = ADVANCED_FACE('',(#9530),#9555,.F.);
#9530 = FACE_BOUND('',#9531,.F.);
#9531 = EDGE_LOOP('',(#9532,#9542,#9548,#9549));
#9532 = ORIENTED_EDGE('',*,*,#9533,.T.);
#9533 = EDGE_CURVE('',#9534,#9536,#9538,.T.);
#9534 = VERTEX_POINT('',#9535);
#9535 = CARTESIAN_POINT('',(-28.62991490415,-9.487957139631,0.4));
#9536 = VERTEX_POINT('',#9537);
#9537 = CARTESIAN_POINT('',(-28.62991490415,-9.487957139631,19.2));
#9538 = LINE('',#9539,#9540);
#9539 = CARTESIAN_POINT('',(-28.62991490415,-9.487957139631,0.4));
#9540 = VECTOR('',#9541,1.);
#9541 = DIRECTION('',(0.,0.,1.));
#9542 = ORIENTED_EDGE('',*,*,#9543,.T.);
#9543 = EDGE_CURVE('',#9536,#9140,#9544,.T.);
#9544 = LINE('',#9545,#9546);
#9545 = CARTESIAN_POINT('',(-28.62991490415,-9.487957139631,19.2));
#9546 = VECTOR('',#9547,1.);
#9547 = DIRECTION('',(-0.350888455834,0.936417263597,0.));
#9548 = ORIENTED_EDGE('',*,*,#9137,.F.);
#9549 = ORIENTED_EDGE('',*,*,#9550,.F.);
#9550 = EDGE_CURVE('',#9534,#9138,#9551,.T.);
#9551 = LINE('',#9552,#9553);
#9552 = CARTESIAN_POINT('',(-28.62991490415,-9.487957139631,0.4));
#9553 = VECTOR('',#9554,1.);
#9554 = DIRECTION('',(-0.350888455834,0.936417263597,0.));
#9555 = PLANE('',#9556);
#9556 = AXIS2_PLACEMENT_3D('',#9557,#9558,#9559);
#9557 = CARTESIAN_POINT('',(-28.62991490415,-9.487957139631,0.4));
#9558 = DIRECTION('',(-0.936417263597,-0.350888455834,0.));
#9559 = DIRECTION('',(-0.350888455834,0.936417263597,0.));
#9560 = ADVANCED_FACE('',(#9561),#9586,.F.);
#9561 = FACE_BOUND('',#9562,.F.);
#9562 = EDGE_LOOP('',(#9563,#9573,#9579,#9580));
#9563 = ORIENTED_EDGE('',*,*,#9564,.T.);
#9564 = EDGE_CURVE('',#9565,#9567,#9569,.T.);
#9565 = VERTEX_POINT('',#9566);
#9566 = CARTESIAN_POINT('',(-28.4356731711,-9.921682148824,0.4));
#9567 = VERTEX_POINT('',#9568);
#9568 = CARTESIAN_POINT('',(-28.4356731711,-9.921682148824,19.2));
#9569 = LINE('',#9570,#9571);
#9570 = CARTESIAN_POINT('',(-28.4356731711,-9.921682148824,0.4));
#9571 = VECTOR('',#9572,1.);
#9572 = DIRECTION('',(0.,0.,1.));
#9573 = ORIENTED_EDGE('',*,*,#9574,.T.);
#9574 = EDGE_CURVE('',#9567,#9536,#9575,.T.);
#9575 = LINE('',#9576,#9577);
#9576 = CARTESIAN_POINT('',(-28.4356731711,-9.921682148824,19.2));
#9577 = VECTOR('',#9578,1.);
#9578 = DIRECTION('',(-0.408728720547,0.912655922569,0.));
#9579 = ORIENTED_EDGE('',*,*,#9533,.F.);
#9580 = ORIENTED_EDGE('',*,*,#9581,.F.);
#9581 = EDGE_CURVE('',#9565,#9534,#9582,.T.);
#9582 = LINE('',#9583,#9584);
#9583 = CARTESIAN_POINT('',(-28.4356731711,-9.921682148824,0.4));
#9584 = VECTOR('',#9585,1.);
#9585 = DIRECTION('',(-0.408728720547,0.912655922569,0.));
#9586 = PLANE('',#9587);
#9587 = AXIS2_PLACEMENT_3D('',#9588,#9589,#9590);
#9588 = CARTESIAN_POINT('',(-28.4356731711,-9.921682148824,0.4));
#9589 = DIRECTION('',(-0.912655922569,-0.408728720547,0.));
#9590 = DIRECTION('',(-0.408728720547,0.912655922569,0.));
#9591 = ADVANCED_FACE('',(#9592),#9617,.F.);
#9592 = FACE_BOUND('',#9593,.F.);
#9593 = EDGE_LOOP('',(#9594,#9604,#9610,#9611));
#9594 = ORIENTED_EDGE('',*,*,#9595,.T.);
#9595 = EDGE_CURVE('',#9596,#9598,#9600,.T.);
#9596 = VERTEX_POINT('',#9597);
#9597 = CARTESIAN_POINT('',(-28.21470328914,-10.34241905678,0.4));
#9598 = VERTEX_POINT('',#9599);
#9599 = CARTESIAN_POINT('',(-28.21470328914,-10.34241905678,19.2));
#9600 = LINE('',#9601,#9602);
#9601 = CARTESIAN_POINT('',(-28.21470328914,-10.34241905678,0.4));
#9602 = VECTOR('',#9603,1.);
#9603 = DIRECTION('',(0.,0.,1.));
#9604 = ORIENTED_EDGE('',*,*,#9605,.T.);
#9605 = EDGE_CURVE('',#9598,#9567,#9606,.T.);
#9606 = LINE('',#9607,#9608);
#9607 = CARTESIAN_POINT('',(-28.21470328914,-10.34241905678,19.2));
#9608 = VECTOR('',#9609,1.);
#9609 = DIRECTION('',(-0.46497081609,0.885326007855,0.));
#9610 = ORIENTED_EDGE('',*,*,#9564,.F.);
#9611 = ORIENTED_EDGE('',*,*,#9612,.F.);
#9612 = EDGE_CURVE('',#9596,#9565,#9613,.T.);
#9613 = LINE('',#9614,#9615);
#9614 = CARTESIAN_POINT('',(-28.21470328914,-10.34241905678,0.4));
#9615 = VECTOR('',#9616,1.);
#9616 = DIRECTION('',(-0.46497081609,0.885326007855,0.));
#9617 = PLANE('',#9618);
#9618 = AXIS2_PLACEMENT_3D('',#9619,#9620,#9621);
#9619 = CARTESIAN_POINT('',(-28.21470328914,-10.34241905678,0.4));
#9620 = DIRECTION('',(-0.885326007855,-0.46497081609,0.));
#9621 = DIRECTION('',(-0.46497081609,0.885326007855,0.));
#9622 = ADVANCED_FACE('',(#9623),#9648,.F.);
#9623 = FACE_BOUND('',#9624,.F.);
#9624 = EDGE_LOOP('',(#9625,#9635,#9641,#9642));
#9625 = ORIENTED_EDGE('',*,*,#9626,.T.);
#9626 = EDGE_CURVE('',#9627,#9629,#9631,.T.);
#9627 = VERTEX_POINT('',#9628);
#9628 = CARTESIAN_POINT('',(-27.96786927205,-10.74852274116,0.4));
#9629 = VERTEX_POINT('',#9630);
#9630 = CARTESIAN_POINT('',(-27.96786927205,-10.74852274116,19.2));
#9631 = LINE('',#9632,#9633);
#9632 = CARTESIAN_POINT('',(-27.96786927205,-10.74852274116,0.4));
#9633 = VECTOR('',#9634,1.);
#9634 = DIRECTION('',(0.,0.,1.));
#9635 = ORIENTED_EDGE('',*,*,#9636,.T.);
#9636 = EDGE_CURVE('',#9629,#9598,#9637,.T.);
#9637 = LINE('',#9638,#9639);
#9638 = CARTESIAN_POINT('',(-27.96786927205,-10.74852274116,19.2));
#9639 = VECTOR('',#9640,1.);
#9640 = DIRECTION('',(-0.519394830386,0.854534382087,0.));
#9641 = ORIENTED_EDGE('',*,*,#9595,.F.);
#9642 = ORIENTED_EDGE('',*,*,#9643,.F.);
#9643 = EDGE_CURVE('',#9627,#9596,#9644,.T.);
#9644 = LINE('',#9645,#9646);
#9645 = CARTESIAN_POINT('',(-27.96786927205,-10.74852274116,0.4));
#9646 = VECTOR('',#9647,1.);
#9647 = DIRECTION('',(-0.519394830386,0.854534382087,0.));
#9648 = PLANE('',#9649);
#9649 = AXIS2_PLACEMENT_3D('',#9650,#9651,#9652);
#9650 = CARTESIAN_POINT('',(-27.96786927205,-10.74852274116,0.4));
#9651 = DIRECTION('',(-0.854534382087,-0.519394830386,0.));
#9652 = DIRECTION('',(-0.519394830386,0.854534382087,0.));
#9653 = ADVANCED_FACE('',(#9654),#9679,.F.);
#9654 = FACE_BOUND('',#9655,.F.);
#9655 = EDGE_LOOP('',(#9656,#9666,#9672,#9673));
#9656 = ORIENTED_EDGE('',*,*,#9657,.T.);
#9657 = EDGE_CURVE('',#9658,#9660,#9662,.T.);
#9658 = VERTEX_POINT('',#9659);
#9659 = CARTESIAN_POINT('',(-27.69613626493,-11.13840529694,0.4));
#9660 = VERTEX_POINT('',#9661);
#9661 = CARTESIAN_POINT('',(-27.69613626493,-11.13840529694,19.2));
#9662 = LINE('',#9663,#9664);
#9663 = CARTESIAN_POINT('',(-27.69613626493,-11.13840529694,0.4));
#9664 = VECTOR('',#9665,1.);
#9665 = DIRECTION('',(0.,0.,1.));
#9666 = ORIENTED_EDGE('',*,*,#9667,.T.);
#9667 = EDGE_CURVE('',#9660,#9629,#9668,.T.);
#9668 = LINE('',#9669,#9670);
#9669 = CARTESIAN_POINT('',(-27.69613626493,-11.13840529694,19.2));
#9670 = VECTOR('',#9671,1.);
#9671 = DIRECTION('',(-0.571787960228,0.820401443526,0.));
#9672 = ORIENTED_EDGE('',*,*,#9626,.F.);
#9673 = ORIENTED_EDGE('',*,*,#9674,.F.);
#9674 = EDGE_CURVE('',#9658,#9627,#9675,.T.);
#9675 = LINE('',#9676,#9677);
#9676 = CARTESIAN_POINT('',(-27.69613626493,-11.13840529694,0.4));
#9677 = VECTOR('',#9678,1.);
#9678 = DIRECTION('',(-0.571787960228,0.820401443526,0.));
#9679 = PLANE('',#9680);
#9680 = AXIS2_PLACEMENT_3D('',#9681,#9682,#9683);
#9681 = CARTESIAN_POINT('',(-27.69613626493,-11.13840529694,0.4));
#9682 = DIRECTION('',(-0.820401443526,-0.571787960228,0.));
#9683 = DIRECTION('',(-0.571787960228,0.820401443526,0.));
#9684 = ADVANCED_FACE('',(#9685),#9710,.F.);
#9685 = FACE_BOUND('',#9686,.F.);
#9686 = EDGE_LOOP('',(#9687,#9697,#9703,#9704));
#9687 = ORIENTED_EDGE('',*,*,#9688,.T.);
#9688 = EDGE_CURVE('',#9689,#9691,#9693,.T.);
#9689 = VERTEX_POINT('',#9690);
#9690 = CARTESIAN_POINT('',(-27.40056677034,-11.51054224528,0.4));
#9691 = VERTEX_POINT('',#9692);
#9692 = CARTESIAN_POINT('',(-27.40056677034,-11.51054224528,19.2));
#9693 = LINE('',#9694,#9695);
#9694 = CARTESIAN_POINT('',(-27.40056677034,-11.51054224528,0.4));
#9695 = VECTOR('',#9696,1.);
#9696 = DIRECTION('',(0.,0.,1.));
#9697 = ORIENTED_EDGE('',*,*,#9698,.T.);
#9698 = EDGE_CURVE('',#9691,#9660,#9699,.T.);
#9699 = LINE('',#9700,#9701);
#9700 = CARTESIAN_POINT('',(-27.40056677034,-11.51054224528,19.2));
#9701 = VECTOR('',#9702,1.);
#9702 = DIRECTION('',(-0.621945343367,0.78306065529,0.));
#9703 = ORIENTED_EDGE('',*,*,#9657,.F.);
#9704 = ORIENTED_EDGE('',*,*,#9705,.F.);
#9705 = EDGE_CURVE('',#9689,#9658,#9706,.T.);
#9706 = LINE('',#9707,#9708);
#9707 = CARTESIAN_POINT('',(-27.40056677034,-11.51054224528,0.4));
#9708 = VECTOR('',#9709,1.);
#9709 = DIRECTION('',(-0.621945343367,0.78306065529,0.));
#9710 = PLANE('',#9711);
#9711 = AXIS2_PLACEMENT_3D('',#9712,#9713,#9714);
#9712 = CARTESIAN_POINT('',(-27.40056677034,-11.51054224528,0.4));
#9713 = DIRECTION('',(-0.78306065529,-0.621945343367,0.));
#9714 = DIRECTION('',(-0.621945343367,0.78306065529,0.));
#9715 = ADVANCED_FACE('',(#9716),#9741,.F.);
#9716 = FACE_BOUND('',#9717,.F.);
#9717 = EDGE_LOOP('',(#9718,#9728,#9734,#9735));
#9718 = ORIENTED_EDGE('',*,*,#9719,.T.);
#9719 = EDGE_CURVE('',#9720,#9722,#9724,.T.);
#9720 = VERTEX_POINT('',#9721);
#9721 = CARTESIAN_POINT('',(-27.08231649384,-11.86347849443,0.4));
#9722 = VERTEX_POINT('',#9723);
#9723 = CARTESIAN_POINT('',(-27.08231649384,-11.86347849443,19.2));
#9724 = LINE('',#9725,#9726);
#9725 = CARTESIAN_POINT('',(-27.08231649384,-11.86347849443,0.4));
#9726 = VECTOR('',#9727,1.);
#9727 = DIRECTION('',(0.,0.,1.));
#9728 = ORIENTED_EDGE('',*,*,#9729,.T.);
#9729 = EDGE_CURVE('',#9722,#9691,#9730,.T.);
#9730 = LINE('',#9731,#9732);
#9731 = CARTESIAN_POINT('',(-27.08231649384,-11.86347849443,19.2));
#9732 = VECTOR('',#9733,1.);
#9733 = DIRECTION('',(-0.669670859544,0.742658023506,0.));
#9734 = ORIENTED_EDGE('',*,*,#9688,.F.);
#9735 = ORIENTED_EDGE('',*,*,#9736,.F.);
#9736 = EDGE_CURVE('',#9720,#9689,#9737,.T.);
#9737 = LINE('',#9738,#9739);
#9738 = CARTESIAN_POINT('',(-27.08231649384,-11.86347849443,0.4));
#9739 = VECTOR('',#9740,1.);
#9740 = DIRECTION('',(-0.669670859544,0.742658023506,0.));
#9741 = PLANE('',#9742);
#9742 = AXIS2_PLACEMENT_3D('',#9743,#9744,#9745);
#9743 = CARTESIAN_POINT('',(-27.08231649384,-11.86347849443,0.4));
#9744 = DIRECTION('',(-0.742658023506,-0.669670859544,0.));
#9745 = DIRECTION('',(-0.669670859544,0.742658023506,0.));
#9746 = ADVANCED_FACE('',(#9747),#9772,.F.);
#9747 = FACE_BOUND('',#9748,.F.);
#9748 = EDGE_LOOP('',(#9749,#9759,#9765,#9766));
#9749 = ORIENTED_EDGE('',*,*,#9750,.T.);
#9750 = EDGE_CURVE('',#9751,#9753,#9755,.T.);
#9751 = VERTEX_POINT('',#9752);
#9752 = CARTESIAN_POINT('',(-26.74262982504,-12.19583402921,0.4));
#9753 = VERTEX_POINT('',#9754);
#9754 = CARTESIAN_POINT('',(-26.74262982504,-12.19583402921,19.2));
#9755 = LINE('',#9756,#9757);
#9756 = CARTESIAN_POINT('',(-26.74262982504,-12.19583402921,0.4));
#9757 = VECTOR('',#9758,1.);
#9758 = DIRECTION('',(0.,0.,1.));
#9759 = ORIENTED_EDGE('',*,*,#9760,.T.);
#9760 = EDGE_CURVE('',#9753,#9722,#9761,.T.);
#9761 = LINE('',#9762,#9763);
#9762 = CARTESIAN_POINT('',(-26.74262982504,-12.19583402921,19.2));
#9763 = VECTOR('',#9764,1.);
#9764 = DIRECTION('',(-0.714777897334,0.699351526403,0.));
#9765 = ORIENTED_EDGE('',*,*,#9719,.F.);
#9766 = ORIENTED_EDGE('',*,*,#9767,.F.);
#9767 = EDGE_CURVE('',#9751,#9720,#9768,.T.);
#9768 = LINE('',#9769,#9770);
#9769 = CARTESIAN_POINT('',(-26.74262982504,-12.19583402921,0.4));
#9770 = VECTOR('',#9771,1.);
#9771 = DIRECTION('',(-0.714777897334,0.699351526403,0.));
#9772 = PLANE('',#9773);
#9773 = AXIS2_PLACEMENT_3D('',#9774,#9775,#9776);
#9774 = CARTESIAN_POINT('',(-26.74262982504,-12.19583402921,0.4));
#9775 = DIRECTION('',(-0.699351526403,-0.714777897334,0.));
#9776 = DIRECTION('',(-0.714777897334,0.699351526403,0.));
#9777 = ADVANCED_FACE('',(#9778),#9803,.F.);
#9778 = FACE_BOUND('',#9779,.F.);
#9779 = EDGE_LOOP('',(#9780,#9790,#9796,#9797));
#9780 = ORIENTED_EDGE('',*,*,#9781,.T.);
#9781 = EDGE_CURVE('',#9782,#9784,#9786,.T.);
#9782 = VERTEX_POINT('',#9783);
#9783 = CARTESIAN_POINT('',(-26.38283497197,-12.50630930707,0.4));
#9784 = VERTEX_POINT('',#9785);
#9785 = CARTESIAN_POINT('',(-26.38283497197,-12.50630930707,19.2));
#9786 = LINE('',#9787,#9788);
#9787 = CARTESIAN_POINT('',(-26.38283497197,-12.50630930707,0.4));
#9788 = VECTOR('',#9789,1.);
#9789 = DIRECTION('',(0.,0.,1.));
#9790 = ORIENTED_EDGE('',*,*,#9791,.T.);
#9791 = EDGE_CURVE('',#9784,#9753,#9792,.T.);
#9792 = LINE('',#9793,#9794);
#9793 = CARTESIAN_POINT('',(-26.38283497197,-12.50630930707,19.2));
#9794 = VECTOR('',#9795,1.);
#9795 = DIRECTION('',(-0.757090083819,0.653310496611,0.));
#9796 = ORIENTED_EDGE('',*,*,#9750,.F.);
#9797 = ORIENTED_EDGE('',*,*,#9798,.F.);
#9798 = EDGE_CURVE('',#9782,#9751,#9799,.T.);
#9799 = LINE('',#9800,#9801);
#9800 = CARTESIAN_POINT('',(-26.38283497197,-12.50630930707,0.4));
#9801 = VECTOR('',#9802,1.);
#9802 = DIRECTION('',(-0.757090083819,0.653310496611,0.));
#9803 = PLANE('',#9804);
#9804 = AXIS2_PLACEMENT_3D('',#9805,#9806,#9807);
#9805 = CARTESIAN_POINT('',(-26.38283497197,-12.50630930707,0.4));
#9806 = DIRECTION('',(-0.653310496611,-0.757090083819,0.));
#9807 = DIRECTION('',(-0.757090083819,0.653310496611,0.));
#9808 = ADVANCED_FACE('',(#9809),#9834,.F.);
#9809 = FACE_BOUND('',#9810,.F.);
#9810 = EDGE_LOOP('',(#9811,#9821,#9827,#9828));
#9811 = ORIENTED_EDGE('',*,*,#9812,.T.);
#9812 = EDGE_CURVE('',#9813,#9815,#9817,.T.);
#9813 = VERTEX_POINT('',#9814);
#9814 = CARTESIAN_POINT('',(-26.0043387676,-12.79369033938,0.4));
#9815 = VERTEX_POINT('',#9816);
#9816 = CARTESIAN_POINT('',(-26.0043387676,-12.79369033938,19.2));
#9817 = LINE('',#9818,#9819);
#9818 = CARTESIAN_POINT('',(-26.0043387676,-12.79369033938,0.4));
#9819 = VECTOR('',#9820,1.);
#9820 = DIRECTION('',(0.,0.,1.));
#9821 = ORIENTED_EDGE('',*,*,#9822,.T.);
#9822 = EDGE_CURVE('',#9815,#9784,#9823,.T.);
#9823 = LINE('',#9824,#9825);
#9824 = CARTESIAN_POINT('',(-26.0043387676,-12.79369033938,19.2));
#9825 = VECTOR('',#9826,1.);
#9826 = DIRECTION('',(-0.796441974223,0.604714959048,0.));
#9827 = ORIENTED_EDGE('',*,*,#9781,.F.);
#9828 = ORIENTED_EDGE('',*,*,#9829,.F.);
#9829 = EDGE_CURVE('',#9813,#9782,#9830,.T.);
#9830 = LINE('',#9831,#9832);
#9831 = CARTESIAN_POINT('',(-26.0043387676,-12.79369033938,0.4));
#9832 = VECTOR('',#9833,1.);
#9833 = DIRECTION('',(-0.796441974223,0.604714959048,0.));
#9834 = PLANE('',#9835);
#9835 = AXIS2_PLACEMENT_3D('',#9836,#9837,#9838);
#9836 = CARTESIAN_POINT('',(-26.0043387676,-12.79369033938,0.4));
#9837 = DIRECTION('',(-0.604714959048,-0.796441974223,0.));
#9838 = DIRECTION('',(-0.796441974223,0.604714959048,0.));
#9839 = ADVANCED_FACE('',(#9840),#9865,.F.);
#9840 = FACE_BOUND('',#9841,.F.);
#9841 = EDGE_LOOP('',(#9842,#9852,#9858,#9859));
#9842 = ORIENTED_EDGE('',*,*,#9843,.T.);
#9843 = EDGE_CURVE('',#9844,#9846,#9848,.T.);
#9844 = VERTEX_POINT('',#9845);
#9845 = CARTESIAN_POINT('',(-25.60862116901,-13.05685343827,0.4));
#9846 = VERTEX_POINT('',#9847);
#9847 = CARTESIAN_POINT('',(-25.60862116901,-13.05685343827,19.2));
#9848 = LINE('',#9849,#9850);
#9849 = CARTESIAN_POINT('',(-25.60862116901,-13.05685343827,0.4));
#9850 = VECTOR('',#9851,1.);
#9851 = DIRECTION('',(0.,0.,1.));
#9852 = ORIENTED_EDGE('',*,*,#9853,.T.);
#9853 = EDGE_CURVE('',#9846,#9815,#9854,.T.);
#9854 = LINE('',#9855,#9856);
#9855 = CARTESIAN_POINT('',(-25.60862116901,-13.05685343827,19.2));
#9856 = VECTOR('',#9857,1.);
#9857 = DIRECTION('',(-0.832679698815,0.553754927004,0.));
#9858 = ORIENTED_EDGE('',*,*,#9812,.F.);
#9859 = ORIENTED_EDGE('',*,*,#9860,.F.);
#9860 = EDGE_CURVE('',#9844,#9813,#9861,.T.);
#9861 = LINE('',#9862,#9863);
#9862 = CARTESIAN_POINT('',(-25.60862116901,-13.05685343827,0.4));
#9863 = VECTOR('',#9864,1.);
#9864 = DIRECTION('',(-0.832679698815,0.553754927004,0.));
#9865 = PLANE('',#9866);
#9866 = AXIS2_PLACEMENT_3D('',#9867,#9868,#9869);
#9867 = CARTESIAN_POINT('',(-25.60862116901,-13.05685343827,0.4));
#9868 = DIRECTION('',(-0.553754927004,-0.832679698815,0.));
#9869 = DIRECTION('',(-0.832679698815,0.553754927004,0.));
#9870 = ADVANCED_FACE('',(#9871),#9896,.F.);
#9871 = FACE_BOUND('',#9872,.F.);
#9872 = EDGE_LOOP('',(#9873,#9883,#9889,#9890));
#9873 = ORIENTED_EDGE('',*,*,#9874,.T.);
#9874 = EDGE_CURVE('',#9875,#9877,#9879,.T.);
#9875 = VERTEX_POINT('',#9876);
#9876 = CARTESIAN_POINT('',(-25.1972294706,-13.29476961036,0.4));
#9877 = VERTEX_POINT('',#9878);
#9878 = CARTESIAN_POINT('',(-25.1972294706,-13.29476961036,19.2));
#9879 = LINE('',#9880,#9881);
#9880 = CARTESIAN_POINT('',(-25.1972294706,-13.29476961036,0.4));
#9881 = VECTOR('',#9882,1.);
#9882 = DIRECTION('',(0.,0.,1.));
#9883 = ORIENTED_EDGE('',*,*,#9884,.T.);
#9884 = EDGE_CURVE('',#9877,#9846,#9885,.T.);
#9885 = LINE('',#9886,#9887);
#9886 = CARTESIAN_POINT('',(-25.1972294706,-13.29476961036,19.2));
#9887 = VECTOR('',#9888,1.);
#9888 = DIRECTION('',(-0.865661564557,0.500629659178,0.));
#9889 = ORIENTED_EDGE('',*,*,#9843,.F.);
#9890 = ORIENTED_EDGE('',*,*,#9891,.F.);
#9891 = EDGE_CURVE('',#9875,#9844,#9892,.T.);
#9892 = LINE('',#9893,#9894);
#9893 = CARTESIAN_POINT('',(-25.1972294706,-13.29476961036,0.4));
#9894 = VECTOR('',#9895,1.);
#9895 = DIRECTION('',(-0.865661564557,0.500629659178,0.));
#9896 = PLANE('',#9897);
#9897 = AXIS2_PLACEMENT_3D('',#9898,#9899,#9900);
#9898 = CARTESIAN_POINT('',(-25.1972294706,-13.29476961036,0.4));
#9899 = DIRECTION('',(-0.500629659178,-0.865661564557,0.));
#9900 = DIRECTION('',(-0.865661564557,0.500629659178,0.));
#9901 = ADVANCED_FACE('',(#9902),#9927,.F.);
#9902 = FACE_BOUND('',#9903,.F.);
#9903 = EDGE_LOOP('',(#9904,#9914,#9920,#9921));
#9904 = ORIENTED_EDGE('',*,*,#9905,.T.);
#9905 = EDGE_CURVE('',#9906,#9908,#9910,.T.);
#9906 = VERTEX_POINT('',#9907);
#9907 = CARTESIAN_POINT('',(-24.77177225406,-13.50650858019,0.4));
#9908 = VERTEX_POINT('',#9909);
#9909 = CARTESIAN_POINT('',(-24.77177225406,-13.50650858019,19.2));
#9910 = LINE('',#9911,#9912);
#9911 = CARTESIAN_POINT('',(-24.77177225406,-13.50650858019,0.4));
#9912 = VECTOR('',#9913,1.);
#9913 = DIRECTION('',(0.,0.,1.));
#9914 = ORIENTED_EDGE('',*,*,#9915,.T.);
#9915 = EDGE_CURVE('',#9908,#9877,#9916,.T.);
#9916 = LINE('',#9917,#9918);
#9917 = CARTESIAN_POINT('',(-24.77177225406,-13.50650858019,19.2));
#9918 = VECTOR('',#9919,1.);
#9919 = DIRECTION('',(-0.895258609137,0.445546880548,0.));
#9920 = ORIENTED_EDGE('',*,*,#9874,.F.);
#9921 = ORIENTED_EDGE('',*,*,#9922,.F.);
#9922 = EDGE_CURVE('',#9906,#9875,#9923,.T.);
#9923 = LINE('',#9924,#9925);
#9924 = CARTESIAN_POINT('',(-24.77177225406,-13.50650858019,0.4));
#9925 = VECTOR('',#9926,1.);
#9926 = DIRECTION('',(-0.895258609137,0.445546880548,0.));
#9927 = PLANE('',#9928);
#9928 = AXIS2_PLACEMENT_3D('',#9929,#9930,#9931);
#9929 = CARTESIAN_POINT('',(-24.77177225406,-13.50650858019,0.4));
#9930 = DIRECTION('',(-0.445546880548,-0.895258609137,0.));
#9931 = DIRECTION('',(-0.895258609137,0.445546880548,0.));
#9932 = ADVANCED_FACE('',(#9933),#9958,.F.);
#9933 = FACE_BOUND('',#9934,.F.);
#9934 = EDGE_LOOP('',(#9935,#9945,#9951,#9952));
#9935 = ORIENTED_EDGE('',*,*,#9936,.T.);
#9936 = EDGE_CURVE('',#9937,#9939,#9941,.T.);
#9937 = VERTEX_POINT('',#9938);
#9938 = CARTESIAN_POINT('',(-24.3339130986,-13.69124242776,0.4));
#9939 = VERTEX_POINT('',#9940);
#9940 = CARTESIAN_POINT('',(-24.3339130986,-13.69124242776,19.2));
#9941 = LINE('',#9942,#9943);
#9942 = CARTESIAN_POINT('',(-24.3339130986,-13.69124242776,0.4));
#9943 = VECTOR('',#9944,1.);
#9944 = DIRECTION('',(0.,0.,1.));
#9945 = ORIENTED_EDGE('',*,*,#9946,.T.);
#9946 = EDGE_CURVE('',#9939,#9908,#9947,.T.);
#9947 = LINE('',#9948,#9949);
#9948 = CARTESIAN_POINT('',(-24.3339130986,-13.69124242776,19.2));
#9949 = VECTOR('',#9950,1.);
#9950 = DIRECTION('',(-0.921355105223,0.388721970152,0.));
#9951 = ORIENTED_EDGE('',*,*,#9905,.F.);
#9952 = ORIENTED_EDGE('',*,*,#9953,.F.);
#9953 = EDGE_CURVE('',#9937,#9906,#9954,.T.);
#9954 = LINE('',#9955,#9956);
#9955 = CARTESIAN_POINT('',(-24.3339130986,-13.69124242776,0.4));
#9956 = VECTOR('',#9957,1.);
#9957 = DIRECTION('',(-0.921355105223,0.388721970152,0.));
#9958 = PLANE('',#9959);
#9959 = AXIS2_PLACEMENT_3D('',#9960,#9961,#9962);
#9960 = CARTESIAN_POINT('',(-24.3339130986,-13.69124242776,0.4));
#9961 = DIRECTION('',(-0.388721970152,-0.921355105223,0.));
#9962 = DIRECTION('',(-0.921355105223,0.388721970152,0.));
#9963 = ADVANCED_FACE('',(#9964),#9989,.F.);
#9964 = FACE_BOUND('',#9965,.F.);
#9965 = EDGE_LOOP('',(#9966,#9976,#9982,#9983));
#9966 = ORIENTED_EDGE('',*,*,#9967,.T.);
#9967 = EDGE_CURVE('',#9968,#9970,#9972,.T.);
#9968 = VERTEX_POINT('',#9969);
#9969 = CARTESIAN_POINT('',(-23.88536407623,-13.84824882568,0.4));
#9970 = VERTEX_POINT('',#9971);
#9971 = CARTESIAN_POINT('',(-23.88536407623,-13.84824882568,19.2));
#9972 = LINE('',#9973,#9974);
#9973 = CARTESIAN_POINT('',(-23.88536407623,-13.84824882568,0.4));
#9974 = VECTOR('',#9975,1.);
#9975 = DIRECTION('',(0.,0.,1.));
#9976 = ORIENTED_EDGE('',*,*,#9977,.T.);
#9977 = EDGE_CURVE('',#9970,#9939,#9978,.T.);
#9978 = LINE('',#9979,#9980);
#9979 = CARTESIAN_POINT('',(-23.88536407623,-13.84824882568,19.2));
#9980 = VECTOR('',#9981,1.);
#9981 = DIRECTION('',(-0.94384901297,0.330377118934,0.));
#9982 = ORIENTED_EDGE('',*,*,#9936,.F.);
#9983 = ORIENTED_EDGE('',*,*,#9984,.F.);
#9984 = EDGE_CURVE('',#9968,#9937,#9985,.T.);
#9985 = LINE('',#9986,#9987);
#9986 = CARTESIAN_POINT('',(-23.88536407623,-13.84824882568,0.4));
#9987 = VECTOR('',#9988,1.);
#9988 = DIRECTION('',(-0.94384901297,0.330377118934,0.));
#9989 = PLANE('',#9990);
#9990 = AXIS2_PLACEMENT_3D('',#9991,#9992,#9993);
#9991 = CARTESIAN_POINT('',(-23.88536407623,-13.84824882568,0.4));
#9992 = DIRECTION('',(-0.330377118934,-0.94384901297,0.));
#9993 = DIRECTION('',(-0.94384901297,0.330377118934,0.));
#9994 = ADVANCED_FACE('',(#9995),#10020,.F.);
#9995 = FACE_BOUND('',#9996,.F.);
#9996 = EDGE_LOOP('',(#9997,#10007,#10013,#10014));
#9997 = ORIENTED_EDGE('',*,*,#9998,.T.);
#9998 = EDGE_CURVE('',#9999,#10001,#10003,.T.);
#9999 = VERTEX_POINT('',#10000);
#10000 = CARTESIAN_POINT('',(-23.42787905739,-13.97691386363,0.4));
#10001 = VERTEX_POINT('',#10002);
#10002 = CARTESIAN_POINT('',(-23.42787905739,-13.97691386363,19.2));
#10003 = LINE('',#10004,#10005);
#10004 = CARTESIAN_POINT('',(-23.42787905739,-13.97691386363,0.4));
#10005 = VECTOR('',#10006,1.);
#10006 = DIRECTION('',(0.,0.,1.));
#10007 = ORIENTED_EDGE('',*,*,#10008,.T.);
#10008 = EDGE_CURVE('',#10001,#9970,#10009,.T.);
#10009 = LINE('',#10010,#10011);
#10010 = CARTESIAN_POINT('',(-23.42787905739,-13.97691386363,19.2));
#10011 = VECTOR('',#10012,1.);
#10012 = DIRECTION('',(-0.962652379005,0.270740460952,0.));
#10013 = ORIENTED_EDGE('',*,*,#9967,.F.);
#10014 = ORIENTED_EDGE('',*,*,#10015,.F.);
#10015 = EDGE_CURVE('',#9999,#9968,#10016,.T.);
#10016 = LINE('',#10017,#10018);
#10017 = CARTESIAN_POINT('',(-23.42787905739,-13.97691386363,0.4));
#10018 = VECTOR('',#10019,1.);
#10019 = DIRECTION('',(-0.962652379005,0.270740460952,0.));
#10020 = PLANE('',#10021);
#10021 = AXIS2_PLACEMENT_3D('',#10022,#10023,#10024);
#10022 = CARTESIAN_POINT('',(-23.42787905739,-13.97691386363,0.4));
#10023 = DIRECTION('',(-0.270740460952,-0.962652379005,0.));
#10024 = DIRECTION('',(-0.962652379005,0.270740460952,0.));
#10025 = ADVANCED_FACE('',(#10026),#10051,.F.);
#10026 = FACE_BOUND('',#10027,.F.);
#10027 = EDGE_LOOP('',(#10028,#10038,#10044,#10045));
#10028 = ORIENTED_EDGE('',*,*,#10029,.T.);
#10029 = EDGE_CURVE('',#10030,#10032,#10034,.T.);
#10030 = VERTEX_POINT('',#10031);
#10031 = CARTESIAN_POINT('',(-22.96324685312,-14.07673444877,0.4));
#10032 = VERTEX_POINT('',#10033);
#10033 = CARTESIAN_POINT('',(-22.96324685312,-14.07673444877,19.2));
#10034 = LINE('',#10035,#10036);
#10035 = CARTESIAN_POINT('',(-22.96324685312,-14.07673444877,0.4));
#10036 = VECTOR('',#10037,1.);
#10037 = DIRECTION('',(0.,0.,1.));
#10038 = ORIENTED_EDGE('',*,*,#10039,.T.);
#10039 = EDGE_CURVE('',#10032,#10001,#10040,.T.);
#10040 = LINE('',#10041,#10042);
#10041 = CARTESIAN_POINT('',(-22.96324685312,-14.07673444877,19.2));
#10042 = VECTOR('',#10043,1.);
#10043 = DIRECTION('',(-0.977691680331,0.210045181357,0.));
#10044 = ORIENTED_EDGE('',*,*,#9998,.F.);
#10045 = ORIENTED_EDGE('',*,*,#10046,.F.);
#10046 = EDGE_CURVE('',#10030,#9999,#10047,.T.);
#10047 = LINE('',#10048,#10049);
#10048 = CARTESIAN_POINT('',(-22.96324685312,-14.07673444877,0.4));
#10049 = VECTOR('',#10050,1.);
#10050 = DIRECTION('',(-0.977691680331,0.210045181357,0.));
#10051 = PLANE('',#10052);
#10052 = AXIS2_PLACEMENT_3D('',#10053,#10054,#10055);
#10053 = CARTESIAN_POINT('',(-22.96324685312,-14.07673444877,0.4));
#10054 = DIRECTION('',(-0.210045181357,-0.977691680331,0.));
#10055 = DIRECTION('',(-0.977691680331,0.210045181357,0.));
#10056 = ADVANCED_FACE('',(#10057),#10082,.F.);
#10057 = FACE_BOUND('',#10058,.F.);
#10058 = EDGE_LOOP('',(#10059,#10069,#10075,#10076));
#10059 = ORIENTED_EDGE('',*,*,#10060,.T.);
#10060 = EDGE_CURVE('',#10061,#10063,#10065,.T.);
#10061 = VERTEX_POINT('',#10062);
#10062 = CARTESIAN_POINT('',(-22.49328422068,-14.14732027285,0.4));
#10063 = VERTEX_POINT('',#10064);
#10064 = CARTESIAN_POINT('',(-22.49328422068,-14.14732027285,19.2));
#10065 = LINE('',#10066,#10067);
#10066 = CARTESIAN_POINT('',(-22.49328422068,-14.14732027285,0.4));
#10067 = VECTOR('',#10068,1.);
#10068 = DIRECTION('',(0.,0.,1.));
#10069 = ORIENTED_EDGE('',*,*,#10070,.T.);
#10070 = EDGE_CURVE('',#10063,#10032,#10071,.T.);
#10071 = LINE('',#10072,#10073);
#10072 = CARTESIAN_POINT('',(-22.49328422068,-14.14732027285,19.2));
#10073 = VECTOR('',#10074,1.);
#10074 = DIRECTION('',(-0.988908111814,0.148528604614,0.));
#10075 = ORIENTED_EDGE('',*,*,#10029,.F.);
#10076 = ORIENTED_EDGE('',*,*,#10077,.F.);
#10077 = EDGE_CURVE('',#10061,#10030,#10078,.T.);
#10078 = LINE('',#10079,#10080);
#10079 = CARTESIAN_POINT('',(-22.49328422068,-14.14732027285,0.4));
#10080 = VECTOR('',#10081,1.);
#10081 = DIRECTION('',(-0.988908111814,0.148528604614,0.));
#10082 = PLANE('',#10083);
#10083 = AXIS2_PLACEMENT_3D('',#10084,#10085,#10086);
#10084 = CARTESIAN_POINT('',(-22.49328422068,-14.14732027285,0.4));
#10085 = DIRECTION('',(-0.148528604614,-0.988908111814,0.));
#10086 = DIRECTION('',(-0.988908111814,0.148528604614,0.));
#10087 = ADVANCED_FACE('',(#10088),#10113,.F.);
#10088 = FACE_BOUND('',#10089,.F.);
#10089 = EDGE_LOOP('',(#10090,#10100,#10106,#10107));
#10090 = ORIENTED_EDGE('',*,*,#10091,.T.);
#10091 = EDGE_CURVE('',#10092,#10094,#10096,.T.);
#10092 = VERTEX_POINT('',#10093);
#10093 = CARTESIAN_POINT('',(-22.01982875979,-14.18839533844,0.4));
#10094 = VERTEX_POINT('',#10095);
#10095 = CARTESIAN_POINT('',(-22.01982875979,-14.18839533844,19.2));
#10096 = LINE('',#10097,#10098);
#10097 = CARTESIAN_POINT('',(-22.01982875979,-14.18839533844,0.4));
#10098 = VECTOR('',#10099,1.);
#10099 = DIRECTION('',(0.,0.,1.));
#10100 = ORIENTED_EDGE('',*,*,#10101,.T.);
#10101 = EDGE_CURVE('',#10094,#10063,#10102,.T.);
#10102 = LINE('',#10103,#10104);
#10103 = CARTESIAN_POINT('',(-22.01982875979,-14.18839533844,19.2));
#10104 = VECTOR('',#10105,1.);
#10105 = DIRECTION('',(-0.996257816112,8.643126653735E-02,0.));
#10106 = ORIENTED_EDGE('',*,*,#10060,.F.);
#10107 = ORIENTED_EDGE('',*,*,#10108,.F.);
#10108 = EDGE_CURVE('',#10092,#10061,#10109,.T.);
#10109 = LINE('',#10110,#10111);
#10110 = CARTESIAN_POINT('',(-22.01982875979,-14.18839533844,0.4));
#10111 = VECTOR('',#10112,1.);
#10112 = DIRECTION('',(-0.996257816112,8.643126653735E-02,0.));
#10113 = PLANE('',#10114);
#10114 = AXIS2_PLACEMENT_3D('',#10115,#10116,#10117);
#10115 = CARTESIAN_POINT('',(-22.01982875979,-14.18839533844,0.4));
#10116 = DIRECTION('',(-8.643126653735E-02,-0.996257816112,0.));
#10117 = DIRECTION('',(-0.996257816112,8.643126653735E-02,0.));
#10118 = ADVANCED_FACE('',(#10119),#10144,.F.);
#10119 = FACE_BOUND('',#10120,.F.);
#10120 = EDGE_LOOP('',(#10121,#10131,#10137,#10138));
#10121 = ORIENTED_EDGE('',*,*,#10122,.T.);
#10122 = EDGE_CURVE('',#10123,#10125,#10127,.T.);
#10123 = VERTEX_POINT('',#10124);
#10124 = CARTESIAN_POINT('',(-21.5447317275,-14.199799038,0.4));
#10125 = VERTEX_POINT('',#10126);
#10126 = CARTESIAN_POINT('',(-21.5447317275,-14.199799038,19.2));
#10127 = LINE('',#10128,#10129);
#10128 = CARTESIAN_POINT('',(-21.5447317275,-14.199799038,0.4));
#10129 = VECTOR('',#10130,1.);
#10130 = DIRECTION('',(0.,0.,1.));
#10131 = ORIENTED_EDGE('',*,*,#10132,.T.);
#10132 = EDGE_CURVE('',#10125,#10094,#10133,.T.);
#10133 = LINE('',#10134,#10135);
#10134 = CARTESIAN_POINT('',(-21.5447317275,-14.199799038,19.2));
#10135 = VECTOR('',#10136,1.);
#10136 = DIRECTION('',(-0.999712055165,2.399597377738E-02,0.));
#10137 = ORIENTED_EDGE('',*,*,#10091,.F.);
#10138 = ORIENTED_EDGE('',*,*,#10139,.F.);
#10139 = EDGE_CURVE('',#10123,#10092,#10140,.T.);
#10140 = LINE('',#10141,#10142);
#10141 = CARTESIAN_POINT('',(-21.5447317275,-14.199799038,0.4));
#10142 = VECTOR('',#10143,1.);
#10143 = DIRECTION('',(-0.999712055165,2.399597377738E-02,0.));
#10144 = PLANE('',#10145);
#10145 = AXIS2_PLACEMENT_3D('',#10146,#10147,#10148);
#10146 = CARTESIAN_POINT('',(-21.5447317275,-14.199799038,0.4));
#10147 = DIRECTION('',(-2.399597377738E-02,-0.999712055165,0.));
#10148 = DIRECTION('',(-0.999712055165,2.399597377738E-02,0.));
#10149 = ADVANCED_FACE('',(#10150),#10175,.F.);
#10150 = FACE_BOUND('',#10151,.F.);
#10151 = EDGE_LOOP('',(#10152,#10162,#10168,#10169));
#10152 = ORIENTED_EDGE('',*,*,#10153,.T.);
#10153 = EDGE_CURVE('',#10154,#10156,#10158,.T.);
#10154 = VERTEX_POINT('',#10155);
#10155 = CARTESIAN_POINT('',(-21.06985079954,-14.18148678197,0.4));
#10156 = VERTEX_POINT('',#10157);
#10157 = CARTESIAN_POINT('',(-21.06985079954,-14.18148678197,19.2));
#10158 = LINE('',#10159,#10160);
#10159 = CARTESIAN_POINT('',(-21.06985079954,-14.18148678197,0.4));
#10160 = VECTOR('',#10161,1.);
#10161 = DIRECTION('',(0.,0.,1.));
#10162 = ORIENTED_EDGE('',*,*,#10163,.T.);
#10163 = EDGE_CURVE('',#10156,#10125,#10164,.T.);
#10164 = LINE('',#10165,#10166);
#10165 = CARTESIAN_POINT('',(-21.06985079954,-14.18148678197,19.2));
#10166 = VECTOR('',#10167,1.);
#10167 = DIRECTION('',(-0.999257322561,-3.853314558085E-02,0.));
#10168 = ORIENTED_EDGE('',*,*,#10122,.F.);
#10169 = ORIENTED_EDGE('',*,*,#10170,.F.);
#10170 = EDGE_CURVE('',#10154,#10123,#10171,.T.);
#10171 = LINE('',#10172,#10173);
#10172 = CARTESIAN_POINT('',(-21.06985079954,-14.18148678197,0.4));
#10173 = VECTOR('',#10174,1.);
#10174 = DIRECTION('',(-0.999257322561,-3.853314558085E-02,0.));
#10175 = PLANE('',#10176);
#10176 = AXIS2_PLACEMENT_3D('',#10177,#10178,#10179);
#10177 = CARTESIAN_POINT('',(-21.06985079954,-14.18148678197,0.4));
#10178 = DIRECTION('',(3.853314558085E-02,-0.999257322561,0.));
#10179 = DIRECTION('',(-0.999257322561,-3.853314558085E-02,0.));
#10180 = ADVANCED_FACE('',(#10181),#10238,.F.);
#10181 = FACE_BOUND('',#10182,.F.);
#10182 = EDGE_LOOP('',(#10183,#10193,#10201,#10207,#10208,#10216,#10224,
    #10232));
#10183 = ORIENTED_EDGE('',*,*,#10184,.F.);
#10184 = EDGE_CURVE('',#10185,#10187,#10189,.T.);
#10185 = VERTEX_POINT('',#10186);
#10186 = CARTESIAN_POINT('',(-20.92336220468,-16.27637128752,2.1));
#10187 = VERTEX_POINT('',#10188);
#10188 = CARTESIAN_POINT('',(-20.9273040691,-16.22,2.1));
#10189 = LINE('',#10190,#10191);
#10190 = CARTESIAN_POINT('',(-20.80349870309,-17.99049922001,2.1));
#10191 = VECTOR('',#10192,1.);
#10192 = DIRECTION('',(-6.975647374413E-02,0.99756405026,0.));
#10193 = ORIENTED_EDGE('',*,*,#10194,.T.);
#10194 = EDGE_CURVE('',#10185,#10195,#10197,.T.);
#10195 = VERTEX_POINT('',#10196);
#10196 = CARTESIAN_POINT('',(-20.92336220468,-16.27637128752,19.2));
#10197 = LINE('',#10198,#10199);
#10198 = CARTESIAN_POINT('',(-20.92336220468,-16.27637128752,0.4));
#10199 = VECTOR('',#10200,1.);
#10200 = DIRECTION('',(0.,0.,1.));
#10201 = ORIENTED_EDGE('',*,*,#10202,.T.);
#10202 = EDGE_CURVE('',#10195,#10156,#10203,.T.);
#10203 = LINE('',#10204,#10205);
#10204 = CARTESIAN_POINT('',(-20.92336220468,-16.27637128752,19.2));
#10205 = VECTOR('',#10206,1.);
#10206 = DIRECTION('',(-6.975647374413E-02,0.99756405026,0.));
#10207 = ORIENTED_EDGE('',*,*,#10153,.F.);
#10208 = ORIENTED_EDGE('',*,*,#10209,.F.);
#10209 = EDGE_CURVE('',#10210,#10154,#10212,.T.);
#10210 = VERTEX_POINT('',#10211);
#10211 = CARTESIAN_POINT('',(-21.05030533131,-14.461,0.4));
#10212 = LINE('',#10213,#10214);
#10213 = CARTESIAN_POINT('',(-20.92336220468,-16.27637128752,0.4));
#10214 = VECTOR('',#10215,1.);
#10215 = DIRECTION('',(-6.975647374413E-02,0.99756405026,0.));
#10216 = ORIENTED_EDGE('',*,*,#10217,.F.);
#10217 = EDGE_CURVE('',#10218,#10210,#10220,.T.);
#10218 = VERTEX_POINT('',#10219);
#10219 = CARTESIAN_POINT('',(-21.05030533131,-14.461,13.2));
#10220 = LINE('',#10221,#10222);
#10221 = CARTESIAN_POINT('',(-21.05030533131,-14.461,0.4));
#10222 = VECTOR('',#10223,1.);
#10223 = DIRECTION('',(0.,-0.,-1.));
#10224 = ORIENTED_EDGE('',*,*,#10225,.T.);
#10225 = EDGE_CURVE('',#10218,#10226,#10228,.T.);
#10226 = VERTEX_POINT('',#10227);
#10227 = CARTESIAN_POINT('',(-20.9273040691,-16.22,13.2));
#10228 = LINE('',#10229,#10230);
#10229 = CARTESIAN_POINT('',(-20.85002326157,-17.32516703652,13.2));
#10230 = VECTOR('',#10231,1.);
#10231 = DIRECTION('',(6.975647374413E-02,-0.99756405026,0.));
#10232 = ORIENTED_EDGE('',*,*,#10233,.F.);
#10233 = EDGE_CURVE('',#10187,#10226,#10234,.T.);
#10234 = LINE('',#10235,#10236);
#10235 = CARTESIAN_POINT('',(-20.9273040691,-16.22,0.4));
#10236 = VECTOR('',#10237,1.);
#10237 = DIRECTION('',(0.,-0.,1.));
#10238 = PLANE('',#10239);
#10239 = AXIS2_PLACEMENT_3D('',#10240,#10241,#10242);
#10240 = CARTESIAN_POINT('',(-20.92336220468,-16.27637128752,0.4));
#10241 = DIRECTION('',(-0.99756405026,-6.975647374413E-02,0.));
#10242 = DIRECTION('',(-6.975647374413E-02,0.99756405026,0.));
#10243 = ADVANCED_FACE('',(#10244),#10269,.F.);
#10244 = FACE_BOUND('',#10245,.F.);
#10245 = EDGE_LOOP('',(#10246,#10254,#10262,#10268));
#10246 = ORIENTED_EDGE('',*,*,#10247,.F.);
#10247 = EDGE_CURVE('',#10248,#10185,#10250,.T.);
#10248 = VERTEX_POINT('',#10249);
#10249 = CARTESIAN_POINT('',(-21.52946023115,-16.29974350903,2.1));
#10250 = LINE('',#10251,#10252);
#10251 = CARTESIAN_POINT('',(-16.44293732397,-16.10359810858,2.1));
#10252 = VECTOR('',#10253,1.);
#10253 = DIRECTION('',(0.999257322561,3.853314558085E-02,-0.));
#10254 = ORIENTED_EDGE('',*,*,#10255,.T.);
#10255 = EDGE_CURVE('',#10248,#10256,#10258,.T.);
#10256 = VERTEX_POINT('',#10257);
#10257 = CARTESIAN_POINT('',(-21.52946023115,-16.29974350903,19.2));
#10258 = LINE('',#10259,#10260);
#10259 = CARTESIAN_POINT('',(-21.52946023115,-16.29974350903,0.4));
#10260 = VECTOR('',#10261,1.);
#10261 = DIRECTION('',(0.,0.,1.));
#10262 = ORIENTED_EDGE('',*,*,#10263,.T.);
#10263 = EDGE_CURVE('',#10256,#10195,#10264,.T.);
#10264 = LINE('',#10265,#10266);
#10265 = CARTESIAN_POINT('',(-21.52946023115,-16.29974350903,19.2));
#10266 = VECTOR('',#10267,1.);
#10267 = DIRECTION('',(0.999257322561,3.853314558085E-02,0.));
#10268 = ORIENTED_EDGE('',*,*,#10194,.F.);
#10269 = PLANE('',#10270);
#10270 = AXIS2_PLACEMENT_3D('',#10271,#10272,#10273);
#10271 = CARTESIAN_POINT('',(-21.52946023115,-16.29974350903,0.4));
#10272 = DIRECTION('',(-3.853314558085E-02,0.999257322561,0.));
#10273 = DIRECTION('',(0.999257322561,3.853314558085E-02,0.));
#10274 = ADVANCED_FACE('',(#10275),#10300,.F.);
#10275 = FACE_BOUND('',#10276,.F.);
#10276 = EDGE_LOOP('',(#10277,#10285,#10293,#10299));
#10277 = ORIENTED_EDGE('',*,*,#10278,.F.);
#10278 = EDGE_CURVE('',#10279,#10248,#10281,.T.);
#10279 = VERTEX_POINT('',#10280);
#10280 = CARTESIAN_POINT('',(-22.13583407499,-16.28518878721,2.1));
#10281 = LINE('',#10282,#10283);
#10282 = CARTESIAN_POINT('',(-16.65569808329,-16.41672786277,2.1));
#10283 = VECTOR('',#10284,1.);
#10284 = DIRECTION('',(0.999712055165,-2.399597377737E-02,0.));
#10285 = ORIENTED_EDGE('',*,*,#10286,.T.);
#10286 = EDGE_CURVE('',#10279,#10287,#10289,.T.);
#10287 = VERTEX_POINT('',#10288);
#10288 = CARTESIAN_POINT('',(-22.13583407499,-16.28518878721,19.2));
#10289 = LINE('',#10290,#10291);
#10290 = CARTESIAN_POINT('',(-22.13583407499,-16.28518878721,0.4));
#10291 = VECTOR('',#10292,1.);
#10292 = DIRECTION('',(0.,0.,1.));
#10293 = ORIENTED_EDGE('',*,*,#10294,.T.);
#10294 = EDGE_CURVE('',#10287,#10256,#10295,.T.);
#10295 = LINE('',#10296,#10297);
#10296 = CARTESIAN_POINT('',(-22.13583407499,-16.28518878721,19.2));
#10297 = VECTOR('',#10298,1.);
#10298 = DIRECTION('',(0.999712055165,-2.399597377737E-02,0.));
#10299 = ORIENTED_EDGE('',*,*,#10255,.F.);
#10300 = PLANE('',#10301);
#10301 = AXIS2_PLACEMENT_3D('',#10302,#10303,#10304);
#10302 = CARTESIAN_POINT('',(-22.13583407499,-16.28518878721,0.4));
#10303 = DIRECTION('',(2.399597377737E-02,0.999712055165,-0.));
#10304 = DIRECTION('',(0.999712055165,-2.399597377737E-02,0.));
#10305 = ADVANCED_FACE('',(#10306),#10331,.F.);
#10306 = FACE_BOUND('',#10307,.F.);
#10307 = EDGE_LOOP('',(#10308,#10316,#10324,#10330));
#10308 = ORIENTED_EDGE('',*,*,#10309,.F.);
#10309 = EDGE_CURVE('',#10310,#10279,#10312,.T.);
#10310 = VERTEX_POINT('',#10311);
#10311 = CARTESIAN_POINT('',(-22.74011275534,-16.23276403246,2.1));
#10312 = LINE('',#10313,#10314);
#10313 = CARTESIAN_POINT('',(-16.90972871629,-16.73858438211,2.1));
#10314 = VECTOR('',#10315,1.);
#10315 = DIRECTION('',(0.996257816112,-8.643126653735E-02,0.));
#10316 = ORIENTED_EDGE('',*,*,#10317,.T.);
#10317 = EDGE_CURVE('',#10310,#10318,#10320,.T.);
#10318 = VERTEX_POINT('',#10319);
#10319 = CARTESIAN_POINT('',(-22.74011275534,-16.23276403246,19.2));
#10320 = LINE('',#10321,#10322);
#10321 = CARTESIAN_POINT('',(-22.74011275534,-16.23276403246,0.4));
#10322 = VECTOR('',#10323,1.);
#10323 = DIRECTION('',(0.,0.,1.));
#10324 = ORIENTED_EDGE('',*,*,#10325,.T.);
#10325 = EDGE_CURVE('',#10318,#10287,#10326,.T.);
#10326 = LINE('',#10327,#10328);
#10327 = CARTESIAN_POINT('',(-22.74011275534,-16.23276403246,19.2));
#10328 = VECTOR('',#10329,1.);
#10329 = DIRECTION('',(0.996257816112,-8.643126653735E-02,0.));
#10330 = ORIENTED_EDGE('',*,*,#10286,.F.);
#10331 = PLANE('',#10332);
#10332 = AXIS2_PLACEMENT_3D('',#10333,#10334,#10335);
#10333 = CARTESIAN_POINT('',(-22.74011275534,-16.23276403246,0.4));
#10334 = DIRECTION('',(8.643126653735E-02,0.996257816112,-0.));
#10335 = DIRECTION('',(0.996257816112,-8.643126653735E-02,0.));
#10336 = ADVANCED_FACE('',(#10337),#10362,.F.);
#10337 = FACE_BOUND('',#10338,.F.);
#10338 = EDGE_LOOP('',(#10339,#10347,#10355,#10361));
#10339 = ORIENTED_EDGE('',*,*,#10340,.F.);
#10340 = EDGE_CURVE('',#10341,#10310,#10343,.T.);
#10341 = VERTEX_POINT('',#10342);
#10342 = CARTESIAN_POINT('',(-23.33993348359,-16.14267423066,2.1));
#10343 = LINE('',#10344,#10345);
#10344 = CARTESIAN_POINT('',(-17.20814523184,-17.06363538159,2.1));
#10345 = VECTOR('',#10346,1.);
#10346 = DIRECTION('',(0.988908111814,-0.148528604614,0.));
#10347 = ORIENTED_EDGE('',*,*,#10348,.T.);
#10348 = EDGE_CURVE('',#10341,#10349,#10351,.T.);
#10349 = VERTEX_POINT('',#10350);
#10350 = CARTESIAN_POINT('',(-23.33993348359,-16.14267423066,19.2));
#10351 = LINE('',#10352,#10353);
#10352 = CARTESIAN_POINT('',(-23.33993348359,-16.14267423066,0.4));
#10353 = VECTOR('',#10354,1.);
#10354 = DIRECTION('',(0.,0.,1.));
#10355 = ORIENTED_EDGE('',*,*,#10356,.T.);
#10356 = EDGE_CURVE('',#10349,#10318,#10357,.T.);
#10357 = LINE('',#10358,#10359);
#10358 = CARTESIAN_POINT('',(-23.33993348359,-16.14267423066,19.2));
#10359 = VECTOR('',#10360,1.);
#10360 = DIRECTION('',(0.988908111814,-0.148528604614,0.));
#10361 = ORIENTED_EDGE('',*,*,#10317,.F.);
#10362 = PLANE('',#10363);
#10363 = AXIS2_PLACEMENT_3D('',#10364,#10365,#10366);
#10364 = CARTESIAN_POINT('',(-23.33993348359,-16.14267423066,0.4));
#10365 = DIRECTION('',(0.148528604614,0.988908111814,-0.));
#10366 = DIRECTION('',(0.988908111814,-0.148528604614,0.));
#10367 = ADVANCED_FACE('',(#10368),#10393,.F.);
#10368 = FACE_BOUND('',#10369,.F.);
#10369 = EDGE_LOOP('',(#10370,#10378,#10386,#10392));
#10370 = ORIENTED_EDGE('',*,*,#10371,.F.);
#10371 = EDGE_CURVE('',#10372,#10341,#10374,.T.);
#10372 = VERTEX_POINT('',#10373);
#10373 = CARTESIAN_POINT('',(-23.93295090219,-16.01527164175,2.1));
#10374 = LINE('',#10375,#10376);
#10375 = CARTESIAN_POINT('',(-17.55332479997,-17.38585681557,2.1));
#10376 = VECTOR('',#10377,1.);
#10377 = DIRECTION('',(0.977691680331,-0.210045181357,0.));
#10378 = ORIENTED_EDGE('',*,*,#10379,.T.);
#10379 = EDGE_CURVE('',#10372,#10380,#10382,.T.);
#10380 = VERTEX_POINT('',#10381);
#10381 = CARTESIAN_POINT('',(-23.93295090219,-16.01527164175,19.2));
#10382 = LINE('',#10383,#10384);
#10383 = CARTESIAN_POINT('',(-23.93295090219,-16.01527164175,0.4));
#10384 = VECTOR('',#10385,1.);
#10385 = DIRECTION('',(0.,0.,1.));
#10386 = ORIENTED_EDGE('',*,*,#10387,.T.);
#10387 = EDGE_CURVE('',#10380,#10349,#10388,.T.);
#10388 = LINE('',#10389,#10390);
#10389 = CARTESIAN_POINT('',(-23.93295090219,-16.01527164175,19.2));
#10390 = VECTOR('',#10391,1.);
#10391 = DIRECTION('',(0.977691680331,-0.210045181357,0.));
#10392 = ORIENTED_EDGE('',*,*,#10348,.F.);
#10393 = PLANE('',#10394);
#10394 = AXIS2_PLACEMENT_3D('',#10395,#10396,#10397);
#10395 = CARTESIAN_POINT('',(-23.93295090219,-16.01527164175,0.4));
#10396 = DIRECTION('',(0.210045181357,0.977691680331,-0.));
#10397 = DIRECTION('',(0.977691680331,-0.210045181357,0.));
#10398 = ADVANCED_FACE('',(#10399),#10424,.F.);
#10399 = FACE_BOUND('',#10400,.F.);
#10400 = EDGE_LOOP('',(#10401,#10409,#10417,#10423));
#10401 = ORIENTED_EDGE('',*,*,#10402,.F.);
#10402 = EDGE_CURVE('',#10403,#10372,#10405,.T.);
#10403 = VERTEX_POINT('',#10404);
#10404 = CARTESIAN_POINT('',(-24.51684625519,-15.85105442225,2.1));
#10405 = LINE('',#10406,#10407);
#10406 = CARTESIAN_POINT('',(-17.94684108145,-17.69883069954,2.1));
#10407 = VECTOR('',#10408,1.);
#10408 = DIRECTION('',(0.962652379005,-0.270740460952,0.));
#10409 = ORIENTED_EDGE('',*,*,#10410,.T.);
#10410 = EDGE_CURVE('',#10403,#10411,#10413,.T.);
#10411 = VERTEX_POINT('',#10412);
#10412 = CARTESIAN_POINT('',(-24.51684625519,-15.85105442225,19.2));
#10413 = LINE('',#10414,#10415);
#10414 = CARTESIAN_POINT('',(-24.51684625519,-15.85105442225,0.4));
#10415 = VECTOR('',#10416,1.);
#10416 = DIRECTION('',(0.,0.,1.));
#10417 = ORIENTED_EDGE('',*,*,#10418,.T.);
#10418 = EDGE_CURVE('',#10411,#10380,#10419,.T.);
#10419 = LINE('',#10420,#10421);
#10420 = CARTESIAN_POINT('',(-24.51684625519,-15.85105442225,19.2));
#10421 = VECTOR('',#10422,1.);
#10422 = DIRECTION('',(0.962652379005,-0.270740460952,0.));
#10423 = ORIENTED_EDGE('',*,*,#10379,.F.);
#10424 = PLANE('',#10425);
#10425 = AXIS2_PLACEMENT_3D('',#10426,#10427,#10428);
#10426 = CARTESIAN_POINT('',(-24.51684625519,-15.85105442225,0.4));
#10427 = DIRECTION('',(0.270740460952,0.962652379005,-0.));
#10428 = DIRECTION('',(0.962652379005,-0.270740460952,0.));
#10429 = ADVANCED_FACE('',(#10430),#10455,.F.);
#10430 = FACE_BOUND('',#10431,.F.);
#10431 = EDGE_LOOP('',(#10432,#10440,#10448,#10454));
#10432 = ORIENTED_EDGE('',*,*,#10433,.F.);
#10433 = EDGE_CURVE('',#10434,#10403,#10436,.T.);
#10434 = VERTEX_POINT('',#10435);
#10435 = CARTESIAN_POINT('',(-25.08933645479,-15.65066467753,2.1));
#10436 = LINE('',#10437,#10438);
#10437 = CARTESIAN_POINT('',(-18.38941239705,-17.99585080037,2.1));
#10438 = VECTOR('',#10439,1.);
#10439 = DIRECTION('',(0.94384901297,-0.330377118934,0.));
#10440 = ORIENTED_EDGE('',*,*,#10441,.T.);
#10441 = EDGE_CURVE('',#10434,#10442,#10444,.T.);
#10442 = VERTEX_POINT('',#10443);
#10443 = CARTESIAN_POINT('',(-25.08933645479,-15.65066467753,19.2));
#10444 = LINE('',#10445,#10446);
#10445 = CARTESIAN_POINT('',(-25.08933645479,-15.65066467753,0.4));
#10446 = VECTOR('',#10447,1.);
#10447 = DIRECTION('',(0.,0.,1.));
#10448 = ORIENTED_EDGE('',*,*,#10449,.T.);
#10449 = EDGE_CURVE('',#10442,#10411,#10450,.T.);
#10450 = LINE('',#10451,#10452);
#10451 = CARTESIAN_POINT('',(-25.08933645479,-15.65066467753,19.2));
#10452 = VECTOR('',#10453,1.);
#10453 = DIRECTION('',(0.94384901297,-0.330377118934,0.));
#10454 = ORIENTED_EDGE('',*,*,#10410,.F.);
#10455 = PLANE('',#10456);
#10456 = AXIS2_PLACEMENT_3D('',#10457,#10458,#10459);
#10457 = CARTESIAN_POINT('',(-25.08933645479,-15.65066467753,0.4));
#10458 = DIRECTION('',(0.330377118934,0.94384901297,-0.));
#10459 = DIRECTION('',(0.94384901297,-0.330377118934,0.));
#10460 = ADVANCED_FACE('',(#10461),#10486,.F.);
#10461 = FACE_BOUND('',#10462,.F.);
#10462 = EDGE_LOOP('',(#10463,#10471,#10479,#10485));
#10463 = ORIENTED_EDGE('',*,*,#10464,.F.);
#10464 = EDGE_CURVE('',#10465,#10434,#10467,.T.);
#10465 = VERTEX_POINT('',#10466);
#10466 = CARTESIAN_POINT('',(-25.64818300847,-15.41488595104,2.1));
#10467 = LINE('',#10468,#10469);
#10468 = CARTESIAN_POINT('',(-18.8808636528,-18.27003452261,2.1));
#10469 = VECTOR('',#10470,1.);
#10470 = DIRECTION('',(0.921355105223,-0.388721970152,0.));
#10471 = ORIENTED_EDGE('',*,*,#10472,.T.);
#10472 = EDGE_CURVE('',#10465,#10473,#10475,.T.);
#10473 = VERTEX_POINT('',#10474);
#10474 = CARTESIAN_POINT('',(-25.64818300847,-15.41488595104,19.2));
#10475 = LINE('',#10476,#10477);
#10476 = CARTESIAN_POINT('',(-25.64818300847,-15.41488595104,0.4));
#10477 = VECTOR('',#10478,1.);
#10478 = DIRECTION('',(0.,0.,1.));
#10479 = ORIENTED_EDGE('',*,*,#10480,.T.);
#10480 = EDGE_CURVE('',#10473,#10442,#10481,.T.);
#10481 = LINE('',#10482,#10483);
#10482 = CARTESIAN_POINT('',(-25.64818300847,-15.41488595104,19.2));
#10483 = VECTOR('',#10484,1.);
#10484 = DIRECTION('',(0.921355105223,-0.388721970152,0.));
#10485 = ORIENTED_EDGE('',*,*,#10441,.F.);
#10486 = PLANE('',#10487);
#10487 = AXIS2_PLACEMENT_3D('',#10488,#10489,#10490);
#10488 = CARTESIAN_POINT('',(-25.64818300847,-15.41488595104,0.4));
#10489 = DIRECTION('',(0.388721970152,0.921355105223,-0.));
#10490 = DIRECTION('',(0.921355105223,-0.388721970152,0.));
#10491 = ADVANCED_FACE('',(#10492),#10517,.F.);
#10492 = FACE_BOUND('',#10493,.F.);
#10493 = EDGE_LOOP('',(#10494,#10502,#10510,#10516));
#10494 = ORIENTED_EDGE('',*,*,#10495,.F.);
#10495 = EDGE_CURVE('',#10496,#10465,#10498,.T.);
#10496 = VERTEX_POINT('',#10497);
#10497 = CARTESIAN_POINT('',(-26.19120077169,-15.14464016059,2.1));
#10498 = LINE('',#10499,#10500);
#10499 = CARTESIAN_POINT('',(-19.42010272139,-18.51443921463,2.1));
#10500 = VECTOR('',#10501,1.);
#10501 = DIRECTION('',(0.895258609137,-0.445546880548,0.));
#10502 = ORIENTED_EDGE('',*,*,#10503,.T.);
#10503 = EDGE_CURVE('',#10496,#10504,#10506,.T.);
#10504 = VERTEX_POINT('',#10505);
#10505 = CARTESIAN_POINT('',(-26.19120077169,-15.14464016059,19.2));
#10506 = LINE('',#10507,#10508);
#10507 = CARTESIAN_POINT('',(-26.19120077169,-15.14464016059,0.4));
#10508 = VECTOR('',#10509,1.);
#10509 = DIRECTION('',(0.,0.,1.));
#10510 = ORIENTED_EDGE('',*,*,#10511,.T.);
#10511 = EDGE_CURVE('',#10504,#10473,#10512,.T.);
#10512 = LINE('',#10513,#10514);
#10513 = CARTESIAN_POINT('',(-26.19120077169,-15.14464016059,19.2));
#10514 = VECTOR('',#10515,1.);
#10515 = DIRECTION('',(0.895258609137,-0.445546880548,0.));
#10516 = ORIENTED_EDGE('',*,*,#10472,.F.);
#10517 = PLANE('',#10518);
#10518 = AXIS2_PLACEMENT_3D('',#10519,#10520,#10521);
#10519 = CARTESIAN_POINT('',(-26.19120077169,-15.14464016059,0.4));
#10520 = DIRECTION('',(0.445546880548,0.895258609137,-0.));
#10521 = DIRECTION('',(0.895258609137,-0.445546880548,0.));
#10522 = ADVANCED_FACE('',(#10523),#10548,.F.);
#10523 = FACE_BOUND('',#10524,.F.);
#10524 = EDGE_LOOP('',(#10525,#10533,#10541,#10547));
#10525 = ORIENTED_EDGE('',*,*,#10526,.F.);
#10526 = EDGE_CURVE('',#10527,#10496,#10529,.T.);
#10527 = VERTEX_POINT('',#10528);
#10528 = CARTESIAN_POINT('',(-26.71626649202,-14.84098399358,2.1));
#10529 = LINE('',#10530,#10531);
#10530 = CARTESIAN_POINT('',(-20.00511175144,-18.72218104336,2.1));
#10531 = VECTOR('',#10532,1.);
#10532 = DIRECTION('',(0.865661564557,-0.500629659178,0.));
#10533 = ORIENTED_EDGE('',*,*,#10534,.T.);
#10534 = EDGE_CURVE('',#10527,#10535,#10537,.T.);
#10535 = VERTEX_POINT('',#10536);
#10536 = CARTESIAN_POINT('',(-26.71626649202,-14.84098399358,19.2));
#10537 = LINE('',#10538,#10539);
#10538 = CARTESIAN_POINT('',(-26.71626649202,-14.84098399358,0.4));
#10539 = VECTOR('',#10540,1.);
#10540 = DIRECTION('',(0.,0.,1.));
#10541 = ORIENTED_EDGE('',*,*,#10542,.T.);
#10542 = EDGE_CURVE('',#10535,#10504,#10543,.T.);
#10543 = LINE('',#10544,#10545);
#10544 = CARTESIAN_POINT('',(-26.71626649202,-14.84098399358,19.2));
#10545 = VECTOR('',#10546,1.);
#10546 = DIRECTION('',(0.865661564557,-0.500629659178,0.));
#10547 = ORIENTED_EDGE('',*,*,#10503,.F.);
#10548 = PLANE('',#10549);
#10549 = AXIS2_PLACEMENT_3D('',#10550,#10551,#10552);
#10550 = CARTESIAN_POINT('',(-26.71626649202,-14.84098399358,0.4));
#10551 = DIRECTION('',(0.500629659178,0.865661564557,-0.));
#10552 = DIRECTION('',(0.865661564557,-0.500629659178,0.));
#10553 = ADVANCED_FACE('',(#10554),#10579,.F.);
#10554 = FACE_BOUND('',#10555,.F.);
#10555 = EDGE_LOOP('',(#10556,#10564,#10572,#10578));
#10556 = ORIENTED_EDGE('',*,*,#10557,.F.);
#10557 = EDGE_CURVE('',#10558,#10527,#10560,.T.);
#10558 = VERTEX_POINT('',#10559);
#10559 = CARTESIAN_POINT('',(-27.22132711128,-14.50510477526,2.1));
#10560 = LINE('',#10561,#10562);
#10561 = CARTESIAN_POINT('',(-20.63295364155,-18.8865545392,2.1));
#10562 = VECTOR('',#10563,1.);
#10563 = DIRECTION('',(0.832679698815,-0.553754927004,0.));
#10564 = ORIENTED_EDGE('',*,*,#10565,.T.);
#10565 = EDGE_CURVE('',#10558,#10566,#10568,.T.);
#10566 = VERTEX_POINT('',#10567);
#10567 = CARTESIAN_POINT('',(-27.22132711128,-14.50510477526,19.2));
#10568 = LINE('',#10569,#10570);
#10569 = CARTESIAN_POINT('',(-27.22132711128,-14.50510477526,0.4));
#10570 = VECTOR('',#10571,1.);
#10571 = DIRECTION('',(0.,0.,1.));
#10572 = ORIENTED_EDGE('',*,*,#10573,.T.);
#10573 = EDGE_CURVE('',#10566,#10535,#10574,.T.);
#10574 = LINE('',#10575,#10576);
#10575 = CARTESIAN_POINT('',(-27.22132711128,-14.50510477526,19.2));
#10576 = VECTOR('',#10577,1.);
#10577 = DIRECTION('',(0.832679698815,-0.553754927004,0.));
#10578 = ORIENTED_EDGE('',*,*,#10534,.F.);
#10579 = PLANE('',#10580);
#10580 = AXIS2_PLACEMENT_3D('',#10581,#10582,#10583);
#10581 = CARTESIAN_POINT('',(-27.22132711128,-14.50510477526,0.4));
#10582 = DIRECTION('',(0.553754927004,0.832679698815,-0.));
#10583 = DIRECTION('',(0.832679698815,-0.553754927004,0.));
#10584 = ADVANCED_FACE('',(#10585),#10610,.F.);
#10585 = FACE_BOUND('',#10586,.F.);
#10586 = EDGE_LOOP('',(#10587,#10595,#10603,#10609));
#10587 = ORIENTED_EDGE('',*,*,#10588,.F.);
#10588 = EDGE_CURVE('',#10589,#10558,#10591,.T.);
#10589 = VERTEX_POINT('',#10590);
#10590 = CARTESIAN_POINT('',(-27.70440779318,-14.13831582613,2.1));
#10591 = LINE('',#10592,#10593);
#10592 = CARTESIAN_POINT('',(-21.29979367559,-19.00115089658,2.1));
#10593 = VECTOR('',#10594,1.);
#10594 = DIRECTION('',(0.796441974223,-0.604714959048,0.));
#10595 = ORIENTED_EDGE('',*,*,#10596,.T.);
#10596 = EDGE_CURVE('',#10589,#10597,#10599,.T.);
#10597 = VERTEX_POINT('',#10598);
#10598 = CARTESIAN_POINT('',(-27.70440779318,-14.13831582613,19.2));
#10599 = LINE('',#10600,#10601);
#10600 = CARTESIAN_POINT('',(-27.70440779318,-14.13831582613,0.4));
#10601 = VECTOR('',#10602,1.);
#10602 = DIRECTION('',(0.,0.,1.));
#10603 = ORIENTED_EDGE('',*,*,#10604,.T.);
#10604 = EDGE_CURVE('',#10597,#10566,#10605,.T.);
#10605 = LINE('',#10606,#10607);
#10606 = CARTESIAN_POINT('',(-27.70440779318,-14.13831582613,19.2));
#10607 = VECTOR('',#10608,1.);
#10608 = DIRECTION('',(0.796441974223,-0.604714959048,0.));
#10609 = ORIENTED_EDGE('',*,*,#10565,.F.);
#10610 = PLANE('',#10611);
#10611 = AXIS2_PLACEMENT_3D('',#10612,#10613,#10614);
#10612 = CARTESIAN_POINT('',(-27.70440779318,-14.13831582613,0.4));
#10613 = DIRECTION('',(0.604714959048,0.796441974223,-0.));
#10614 = DIRECTION('',(0.796441974223,-0.604714959048,0.));
#10615 = ADVANCED_FACE('',(#10616),#10641,.F.);
#10616 = FACE_BOUND('',#10617,.F.);
#10617 = EDGE_LOOP('',(#10618,#10626,#10634,#10640));
#10618 = ORIENTED_EDGE('',*,*,#10619,.F.);
#10619 = EDGE_CURVE('',#10620,#10589,#10622,.T.);
#10620 = VERTEX_POINT('',#10621);
#10621 = CARTESIAN_POINT('',(-28.16361964512,-13.74205132676,2.1));
#10622 = LINE('',#10623,#10624);
#10623 = CARTESIAN_POINT('',(-22.00093607624,-19.05997312879,2.1));
#10624 = VECTOR('',#10625,1.);
#10625 = DIRECTION('',(0.757090083819,-0.653310496611,0.));
#10626 = ORIENTED_EDGE('',*,*,#10627,.T.);
#10627 = EDGE_CURVE('',#10620,#10628,#10630,.T.);
#10628 = VERTEX_POINT('',#10629);
#10629 = CARTESIAN_POINT('',(-28.16361964512,-13.74205132676,19.2));
#10630 = LINE('',#10631,#10632);
#10631 = CARTESIAN_POINT('',(-28.16361964512,-13.74205132676,0.4));
#10632 = VECTOR('',#10633,1.);
#10633 = DIRECTION('',(0.,0.,1.));
#10634 = ORIENTED_EDGE('',*,*,#10635,.T.);
#10635 = EDGE_CURVE('',#10628,#10597,#10636,.T.);
#10636 = LINE('',#10637,#10638);
#10637 = CARTESIAN_POINT('',(-28.16361964512,-13.74205132676,19.2));
#10638 = VECTOR('',#10639,1.);
#10639 = DIRECTION('',(0.757090083819,-0.653310496611,0.));
#10640 = ORIENTED_EDGE('',*,*,#10596,.F.);
#10641 = PLANE('',#10642);
#10642 = AXIS2_PLACEMENT_3D('',#10643,#10644,#10645);
#10643 = CARTESIAN_POINT('',(-28.16361964512,-13.74205132676,0.4));
#10644 = DIRECTION('',(0.653310496611,0.757090083819,-0.));
#10645 = DIRECTION('',(0.757090083819,-0.653310496611,0.));
#10646 = ADVANCED_FACE('',(#10647),#10672,.F.);
#10647 = FACE_BOUND('',#10648,.F.);
#10648 = EDGE_LOOP('',(#10649,#10657,#10665,#10671));
#10649 = ORIENTED_EDGE('',*,*,#10650,.F.);
#10650 = EDGE_CURVE('',#10651,#10620,#10653,.T.);
#10651 = VERTEX_POINT('',#10652);
#10652 = CARTESIAN_POINT('',(-28.59716710398,-13.31786070999,2.1));
#10653 = LINE('',#10654,#10655);
#10654 = CARTESIAN_POINT('',(-22.73087499686,-19.05754621893,2.1));
#10655 = VECTOR('',#10656,1.);
#10656 = DIRECTION('',(0.714777897334,-0.699351526403,0.));
#10657 = ORIENTED_EDGE('',*,*,#10658,.T.);
#10658 = EDGE_CURVE('',#10651,#10659,#10661,.T.);
#10659 = VERTEX_POINT('',#10660);
#10660 = CARTESIAN_POINT('',(-28.59716710398,-13.31786070999,19.2));
#10661 = LINE('',#10662,#10663);
#10662 = CARTESIAN_POINT('',(-28.59716710398,-13.31786070999,0.4));
#10663 = VECTOR('',#10664,1.);
#10664 = DIRECTION('',(0.,0.,1.));
#10665 = ORIENTED_EDGE('',*,*,#10666,.T.);
#10666 = EDGE_CURVE('',#10659,#10628,#10667,.T.);
#10667 = LINE('',#10668,#10669);
#10668 = CARTESIAN_POINT('',(-28.59716710398,-13.31786070999,19.2));
#10669 = VECTOR('',#10670,1.);
#10670 = DIRECTION('',(0.714777897334,-0.699351526403,0.));
#10671 = ORIENTED_EDGE('',*,*,#10627,.F.);
#10672 = PLANE('',#10673);
#10673 = AXIS2_PLACEMENT_3D('',#10674,#10675,#10676);
#10674 = CARTESIAN_POINT('',(-28.59716710398,-13.31786070999,0.4));
#10675 = DIRECTION('',(0.699351526403,0.714777897334,-0.));
#10676 = DIRECTION('',(0.714777897334,-0.699351526403,0.));
#10677 = ADVANCED_FACE('',(#10678),#10703,.F.);
#10678 = FACE_BOUND('',#10679,.F.);
#10679 = EDGE_LOOP('',(#10680,#10688,#10696,#10702));
#10680 = ORIENTED_EDGE('',*,*,#10681,.F.);
#10681 = EDGE_CURVE('',#10682,#10651,#10684,.T.);
#10682 = VERTEX_POINT('',#10683);
#10683 = CARTESIAN_POINT('',(-29.00335495689,-12.86740260253,2.1));
#10684 = LINE('',#10685,#10686);
#10685 = CARTESIAN_POINT('',(-23.48335924261,-18.98902048168,2.1));
#10686 = VECTOR('',#10687,1.);
#10687 = DIRECTION('',(0.669670859544,-0.742658023506,0.));
#10688 = ORIENTED_EDGE('',*,*,#10689,.T.);
#10689 = EDGE_CURVE('',#10682,#10690,#10692,.T.);
#10690 = VERTEX_POINT('',#10691);
#10691 = CARTESIAN_POINT('',(-29.00335495689,-12.86740260253,19.2));
#10692 = LINE('',#10693,#10694);
#10693 = CARTESIAN_POINT('',(-29.00335495689,-12.86740260253,0.4));
#10694 = VECTOR('',#10695,1.);
#10695 = DIRECTION('',(0.,0.,1.));
#10696 = ORIENTED_EDGE('',*,*,#10697,.T.);
#10697 = EDGE_CURVE('',#10690,#10659,#10698,.T.);
#10698 = LINE('',#10699,#10700);
#10699 = CARTESIAN_POINT('',(-29.00335495689,-12.86740260253,19.2));
#10700 = VECTOR('',#10701,1.);
#10701 = DIRECTION('',(0.669670859544,-0.742658023506,0.));
#10702 = ORIENTED_EDGE('',*,*,#10658,.F.);
#10703 = PLANE('',#10704);
#10704 = AXIS2_PLACEMENT_3D('',#10705,#10706,#10707);
#10705 = CARTESIAN_POINT('',(-29.00335495689,-12.86740260253,0.4));
#10706 = DIRECTION('',(0.742658023506,0.669670859544,-0.));
#10707 = DIRECTION('',(0.669670859544,-0.742658023506,0.));
#10708 = ADVANCED_FACE('',(#10709),#10734,.F.);
#10709 = FACE_BOUND('',#10710,.F.);
#10710 = EDGE_LOOP('',(#10711,#10719,#10727,#10733));
#10711 = ORIENTED_EDGE('',*,*,#10712,.F.);
#10712 = EDGE_CURVE('',#10713,#10682,#10715,.T.);
#10713 = VERTEX_POINT('',#10714);
#10714 = CARTESIAN_POINT('',(-29.38059496972,-12.39243833951,2.1));
#10715 = LINE('',#10716,#10717);
#10716 = CARTESIAN_POINT('',(-24.25146979258,-18.85026645111,2.1));
#10717 = VECTOR('',#10718,1.);
#10718 = DIRECTION('',(0.621945343367,-0.78306065529,0.));
#10719 = ORIENTED_EDGE('',*,*,#10720,.T.);
#10720 = EDGE_CURVE('',#10713,#10721,#10723,.T.);
#10721 = VERTEX_POINT('',#10722);
#10722 = CARTESIAN_POINT('',(-29.38059496972,-12.39243833951,19.2));
#10723 = LINE('',#10724,#10725);
#10724 = CARTESIAN_POINT('',(-29.38059496972,-12.39243833951,0.4));
#10725 = VECTOR('',#10726,1.);
#10726 = DIRECTION('',(0.,0.,1.));
#10727 = ORIENTED_EDGE('',*,*,#10728,.T.);
#10728 = EDGE_CURVE('',#10721,#10690,#10729,.T.);
#10729 = LINE('',#10730,#10731);
#10730 = CARTESIAN_POINT('',(-29.38059496972,-12.39243833951,19.2));
#10731 = VECTOR('',#10732,1.);
#10732 = DIRECTION('',(0.621945343367,-0.78306065529,0.));
#10733 = ORIENTED_EDGE('',*,*,#10689,.F.);
#10734 = PLANE('',#10735);
#10735 = AXIS2_PLACEMENT_3D('',#10736,#10737,#10738);
#10736 = CARTESIAN_POINT('',(-29.38059496972,-12.39243833951,0.4));
#10737 = DIRECTION('',(0.78306065529,0.621945343367,-0.));
#10738 = DIRECTION('',(0.621945343367,-0.78306065529,0.));
#10739 = ADVANCED_FACE('',(#10740),#10765,.F.);
#10740 = FACE_BOUND('',#10741,.F.);
#10741 = EDGE_LOOP('',(#10742,#10750,#10758,#10764));
#10742 = ORIENTED_EDGE('',*,*,#10743,.F.);
#10743 = EDGE_CURVE('',#10744,#10713,#10746,.T.);
#10744 = VERTEX_POINT('',#10745);
#10745 = CARTESIAN_POINT('',(-29.72741209723,-11.89482507754,2.1));
#10746 = LINE('',#10747,#10748);
#10747 = CARTESIAN_POINT('',(-25.0277089908,-18.63795973731,2.1));
#10748 = VECTOR('',#10749,1.);
#10749 = DIRECTION('',(0.571787960228,-0.820401443526,0.));
#10750 = ORIENTED_EDGE('',*,*,#10751,.T.);
#10751 = EDGE_CURVE('',#10744,#10752,#10754,.T.);
#10752 = VERTEX_POINT('',#10753);
#10753 = CARTESIAN_POINT('',(-29.72741209723,-11.89482507754,19.2));
#10754 = LINE('',#10755,#10756);
#10755 = CARTESIAN_POINT('',(-29.72741209723,-11.89482507754,0.4));
#10756 = VECTOR('',#10757,1.);
#10757 = DIRECTION('',(0.,0.,1.));
#10758 = ORIENTED_EDGE('',*,*,#10759,.T.);
#10759 = EDGE_CURVE('',#10752,#10721,#10760,.T.);
#10760 = LINE('',#10761,#10762);
#10761 = CARTESIAN_POINT('',(-29.72741209723,-11.89482507754,19.2));
#10762 = VECTOR('',#10763,1.);
#10763 = DIRECTION('',(0.571787960228,-0.820401443526,0.));
#10764 = ORIENTED_EDGE('',*,*,#10720,.F.);
#10765 = PLANE('',#10766);
#10766 = AXIS2_PLACEMENT_3D('',#10767,#10768,#10769);
#10767 = CARTESIAN_POINT('',(-29.72741209723,-11.89482507754,0.4));
#10768 = DIRECTION('',(0.820401443526,0.571787960228,-0.));
#10769 = DIRECTION('',(0.571787960228,-0.820401443526,0.));
#10770 = ADVANCED_FACE('',(#10771),#10796,.F.);
#10771 = FACE_BOUND('',#10772,.F.);
#10772 = EDGE_LOOP('',(#10773,#10781,#10789,#10795));
#10773 = ORIENTED_EDGE('',*,*,#10774,.F.);
#10774 = EDGE_CURVE('',#10775,#10744,#10777,.T.);
#10775 = VERTEX_POINT('',#10776);
#10776 = CARTESIAN_POINT('',(-30.04245025061,-11.376508533,2.1));
#10777 = LINE('',#10778,#10779);
#10778 = CARTESIAN_POINT('',(-25.80410008615,-18.34965444623,2.1));
#10779 = VECTOR('',#10780,1.);
#10780 = DIRECTION('',(0.519394830386,-0.854534382087,0.));
#10781 = ORIENTED_EDGE('',*,*,#10782,.T.);
#10782 = EDGE_CURVE('',#10775,#10783,#10785,.T.);
#10783 = VERTEX_POINT('',#10784);
#10784 = CARTESIAN_POINT('',(-30.04245025061,-11.376508533,19.2));
#10785 = LINE('',#10786,#10787);
#10786 = CARTESIAN_POINT('',(-30.04245025061,-11.376508533,0.4));
#10787 = VECTOR('',#10788,1.);
#10788 = DIRECTION('',(0.,0.,1.));
#10789 = ORIENTED_EDGE('',*,*,#10790,.T.);
#10790 = EDGE_CURVE('',#10783,#10752,#10791,.T.);
#10791 = LINE('',#10792,#10793);
#10792 = CARTESIAN_POINT('',(-30.04245025061,-11.376508533,19.2));
#10793 = VECTOR('',#10794,1.);
#10794 = DIRECTION('',(0.519394830386,-0.854534382087,0.));
#10795 = ORIENTED_EDGE('',*,*,#10751,.F.);
#10796 = PLANE('',#10797);
#10797 = AXIS2_PLACEMENT_3D('',#10798,#10799,#10800);
#10798 = CARTESIAN_POINT('',(-30.04245025061,-11.376508533,0.4));
#10799 = DIRECTION('',(0.854534382087,0.519394830386,-0.));
#10800 = DIRECTION('',(0.519394830386,-0.854534382087,0.));
#10801 = ADVANCED_FACE('',(#10802),#10827,.F.);
#10802 = FACE_BOUND('',#10803,.F.);
#10803 = EDGE_LOOP('',(#10804,#10812,#10820,#10826));
#10804 = ORIENTED_EDGE('',*,*,#10805,.F.);
#10805 = EDGE_CURVE('',#10806,#10775,#10808,.T.);
#10806 = VERTEX_POINT('',#10807);
#10807 = CARTESIAN_POINT('',(-30.32447759996,-10.83951537415,2.1));
#10808 = LINE('',#10809,#10810);
#10809 = CARTESIAN_POINT('',(-26.57229563494,-17.98384393173,2.1));
#10810 = VECTOR('',#10811,1.);
#10811 = DIRECTION('',(0.46497081609,-0.885326007855,0.));
#10812 = ORIENTED_EDGE('',*,*,#10813,.T.);
#10813 = EDGE_CURVE('',#10806,#10814,#10816,.T.);
#10814 = VERTEX_POINT('',#10815);
#10815 = CARTESIAN_POINT('',(-30.32447759996,-10.83951537415,19.2));
#10816 = LINE('',#10817,#10818);
#10817 = CARTESIAN_POINT('',(-30.32447759996,-10.83951537415,0.4));
#10818 = VECTOR('',#10819,1.);
#10819 = DIRECTION('',(0.,0.,1.));
#10820 = ORIENTED_EDGE('',*,*,#10821,.T.);
#10821 = EDGE_CURVE('',#10814,#10783,#10822,.T.);
#10822 = LINE('',#10823,#10824);
#10823 = CARTESIAN_POINT('',(-30.32447759996,-10.83951537415,19.2));
#10824 = VECTOR('',#10825,1.);
#10825 = DIRECTION('',(0.46497081609,-0.885326007855,0.));
#10826 = ORIENTED_EDGE('',*,*,#10782,.F.);
#10827 = PLANE('',#10828);
#10828 = AXIS2_PLACEMENT_3D('',#10829,#10830,#10831);
#10829 = CARTESIAN_POINT('',(-30.32447759996,-10.83951537415,0.4));
#10830 = DIRECTION('',(0.885326007855,0.46497081609,-0.));
#10831 = DIRECTION('',(0.46497081609,-0.885326007855,0.));
#10832 = ADVANCED_FACE('',(#10833),#10865,.F.);
#10833 = FACE_BOUND('',#10834,.F.);
#10834 = EDGE_LOOP('',(#10835,#10841,#10842,#10850,#10858,#10864));
#10835 = ORIENTED_EDGE('',*,*,#10836,.F.);
#10836 = EDGE_CURVE('',#7901,#10806,#10837,.T.);
#10837 = LINE('',#10838,#10839);
#10838 = CARTESIAN_POINT('',(-27.32369313577,-17.54000784244,2.1));
#10839 = VECTOR('',#10840,1.);
#10840 = DIRECTION('',(0.408728720547,-0.912655922569,0.));
#10841 = ORIENTED_EDGE('',*,*,#7900,.T.);
#10842 = ORIENTED_EDGE('',*,*,#10843,.T.);
#10843 = EDGE_CURVE('',#7893,#10844,#10846,.T.);
#10844 = VERTEX_POINT('',#10845);
#10845 = CARTESIAN_POINT('',(-30.52131252109,-10.4,9.5));
#10846 = LINE('',#10847,#10848);
#10847 = CARTESIAN_POINT('',(-30.56595412582,-10.30031915326,9.5));
#10848 = VECTOR('',#10849,1.);
#10849 = DIRECTION('',(0.408728720547,-0.912655922569,0.));
#10850 = ORIENTED_EDGE('',*,*,#10851,.T.);
#10851 = EDGE_CURVE('',#10844,#10852,#10854,.T.);
#10852 = VERTEX_POINT('',#10853);
#10853 = CARTESIAN_POINT('',(-30.52131252109,-10.4,19.2));
#10854 = LINE('',#10855,#10856);
#10855 = CARTESIAN_POINT('',(-30.52131252109,-10.4,4.95));
#10856 = VECTOR('',#10857,1.);
#10857 = DIRECTION('',(0.,0.,1.));
#10858 = ORIENTED_EDGE('',*,*,#10859,.T.);
#10859 = EDGE_CURVE('',#10852,#10814,#10860,.T.);
#10860 = LINE('',#10861,#10862);
#10861 = CARTESIAN_POINT('',(-30.57239139082,-10.28594529663,19.2));
#10862 = VECTOR('',#10863,1.);
#10863 = DIRECTION('',(0.408728720547,-0.912655922569,0.));
#10864 = ORIENTED_EDGE('',*,*,#10813,.F.);
#10865 = PLANE('',#10866);
#10866 = AXIS2_PLACEMENT_3D('',#10867,#10868,#10869);
#10867 = CARTESIAN_POINT('',(-30.57239139082,-10.28594529663,0.4));
#10868 = DIRECTION('',(0.912655922569,0.408728720547,-0.));
#10869 = DIRECTION('',(0.408728720547,-0.912655922569,0.));
#10870 = ADVANCED_FACE('',(#10871),#10905,.T.);
#10871 = FACE_BOUND('',#10872,.T.);
#10872 = EDGE_LOOP('',(#10873,#10883,#10891,#10899));
#10873 = ORIENTED_EDGE('',*,*,#10874,.T.);
#10874 = EDGE_CURVE('',#10875,#10877,#10879,.T.);
#10875 = VERTEX_POINT('',#10876);
#10876 = CARTESIAN_POINT('',(-30.6,-10.4,9.55));
#10877 = VERTEX_POINT('',#10878);
#10878 = CARTESIAN_POINT('',(-30.6,-10.25,9.55));
#10879 = LINE('',#10880,#10881);
#10880 = CARTESIAN_POINT('',(-30.6,-11.5,9.55));
#10881 = VECTOR('',#10882,1.);
#10882 = DIRECTION('',(-0.,1.,0.));
#10883 = ORIENTED_EDGE('',*,*,#10884,.T.);
#10884 = EDGE_CURVE('',#10877,#10885,#10887,.T.);
#10885 = VERTEX_POINT('',#10886);
#10886 = CARTESIAN_POINT('',(-30.75,-10.25,9.55));
#10887 = LINE('',#10888,#10889);
#10888 = CARTESIAN_POINT('',(-34.25,-10.25,9.55));
#10889 = VECTOR('',#10890,1.);
#10890 = DIRECTION('',(-1.,-0.,0.));
#10891 = ORIENTED_EDGE('',*,*,#10892,.T.);
#10892 = EDGE_CURVE('',#10885,#10893,#10895,.T.);
#10893 = VERTEX_POINT('',#10894);
#10894 = CARTESIAN_POINT('',(-30.75,-10.4,9.55));
#10895 = LINE('',#10896,#10897);
#10896 = CARTESIAN_POINT('',(-30.75,-10.95,9.55));
#10897 = VECTOR('',#10898,1.);
#10898 = DIRECTION('',(0.,-1.,0.));
#10899 = ORIENTED_EDGE('',*,*,#10900,.T.);
#10900 = EDGE_CURVE('',#10893,#10875,#10901,.T.);
#10901 = LINE('',#10902,#10903);
#10902 = CARTESIAN_POINT('',(-32.625,-10.4,9.55));
#10903 = VECTOR('',#10904,1.);
#10904 = DIRECTION('',(1.,0.,-0.));
#10905 = PLANE('',#10906);
#10906 = AXIS2_PLACEMENT_3D('',#10907,#10908,#10909);
#10907 = CARTESIAN_POINT('',(-34.5,-11.5,9.55));
#10908 = DIRECTION('',(0.,0.,1.));
#10909 = DIRECTION('',(1.,0.,-0.));
#10910 = ADVANCED_FACE('',(#10911),#10943,.F.);
#10911 = FACE_BOUND('',#10912,.F.);
#10912 = EDGE_LOOP('',(#10913,#10921,#10927,#10928,#10936,#10942));
#10913 = ORIENTED_EDGE('',*,*,#10914,.F.);
#10914 = EDGE_CURVE('',#10915,#10844,#10917,.T.);
#10915 = VERTEX_POINT('',#10916);
#10916 = CARTESIAN_POINT('',(-30.75,-10.4,9.5));
#10917 = LINE('',#10918,#10919);
#10918 = CARTESIAN_POINT('',(-30.75,-10.4,9.5));
#10919 = VECTOR('',#10920,1.);
#10920 = DIRECTION('',(1.,0.,-0.));
#10921 = ORIENTED_EDGE('',*,*,#10922,.T.);
#10922 = EDGE_CURVE('',#10915,#10893,#10923,.T.);
#10923 = LINE('',#10924,#10925);
#10924 = CARTESIAN_POINT('',(-30.75,-10.4,9.5));
#10925 = VECTOR('',#10926,1.);
#10926 = DIRECTION('',(0.,0.,1.));
#10927 = ORIENTED_EDGE('',*,*,#10900,.T.);
#10928 = ORIENTED_EDGE('',*,*,#10929,.F.);
#10929 = EDGE_CURVE('',#10930,#10875,#10932,.T.);
#10930 = VERTEX_POINT('',#10931);
#10931 = CARTESIAN_POINT('',(-30.6,-10.4,19.2));
#10932 = LINE('',#10933,#10934);
#10933 = CARTESIAN_POINT('',(-30.6,-10.4,9.525));
#10934 = VECTOR('',#10935,1.);
#10935 = DIRECTION('',(-0.,0.,-1.));
#10936 = ORIENTED_EDGE('',*,*,#10937,.T.);
#10937 = EDGE_CURVE('',#10930,#10852,#10938,.T.);
#10938 = LINE('',#10939,#10940);
#10939 = CARTESIAN_POINT('',(-30.75,-10.4,19.2));
#10940 = VECTOR('',#10941,1.);
#10941 = DIRECTION('',(1.,0.,-0.));
#10942 = ORIENTED_EDGE('',*,*,#10851,.F.);
#10943 = PLANE('',#10944);
#10944 = AXIS2_PLACEMENT_3D('',#10945,#10946,#10947);
#10945 = CARTESIAN_POINT('',(-30.75,-10.4,9.5));
#10946 = DIRECTION('',(-0.,1.,0.));
#10947 = DIRECTION('',(0.,0.,1.));
#10948 = ADVANCED_FACE('',(#10949),#10976,.F.);
#10949 = FACE_BOUND('',#10950,.F.);
#10950 = EDGE_LOOP('',(#10951,#10959,#10960,#10961,#10962,#10970));
#10951 = ORIENTED_EDGE('',*,*,#10952,.F.);
#10952 = EDGE_CURVE('',#10915,#10953,#10955,.T.);
#10953 = VERTEX_POINT('',#10954);
#10954 = CARTESIAN_POINT('',(-30.75,-10.25,9.5));
#10955 = LINE('',#10956,#10957);
#10956 = CARTESIAN_POINT('',(-30.75,-10.4,9.5));
#10957 = VECTOR('',#10958,1.);
#10958 = DIRECTION('',(-0.,1.,0.));
#10959 = ORIENTED_EDGE('',*,*,#10914,.T.);
#10960 = ORIENTED_EDGE('',*,*,#10843,.F.);
#10961 = ORIENTED_EDGE('',*,*,#7892,.F.);
#10962 = ORIENTED_EDGE('',*,*,#10963,.F.);
#10963 = EDGE_CURVE('',#10964,#7885,#10966,.T.);
#10964 = VERTEX_POINT('',#10965);
#10965 = CARTESIAN_POINT('',(-30.6,-10.25,9.5));
#10966 = LINE('',#10967,#10968);
#10967 = CARTESIAN_POINT('',(-30.6,-10.325,9.5));
#10968 = VECTOR('',#10969,1.);
#10969 = DIRECTION('',(-0.,1.,0.));
#10970 = ORIENTED_EDGE('',*,*,#10971,.T.);
#10971 = EDGE_CURVE('',#10964,#10953,#10972,.T.);
#10972 = LINE('',#10973,#10974);
#10973 = CARTESIAN_POINT('',(-32.375,-10.25,9.5));
#10974 = VECTOR('',#10975,1.);
#10975 = DIRECTION('',(-1.,-0.,0.));
#10976 = PLANE('',#10977);
#10977 = AXIS2_PLACEMENT_3D('',#10978,#10979,#10980);
#10978 = CARTESIAN_POINT('',(-30.75,-10.4,9.5));
#10979 = DIRECTION('',(0.,0.,1.));
#10980 = DIRECTION('',(1.,0.,-0.));
#10981 = ADVANCED_FACE('',(#10982),#10998,.T.);
#10982 = FACE_BOUND('',#10983,.T.);
#10983 = EDGE_LOOP('',(#10984,#10990,#10991,#10997));
#10984 = ORIENTED_EDGE('',*,*,#10985,.F.);
#10985 = EDGE_CURVE('',#10964,#10877,#10986,.T.);
#10986 = LINE('',#10987,#10988);
#10987 = CARTESIAN_POINT('',(-30.6,-10.25,2.1));
#10988 = VECTOR('',#10989,1.);
#10989 = DIRECTION('',(0.,0.,1.));
#10990 = ORIENTED_EDGE('',*,*,#10971,.T.);
#10991 = ORIENTED_EDGE('',*,*,#10992,.T.);
#10992 = EDGE_CURVE('',#10953,#10885,#10993,.T.);
#10993 = LINE('',#10994,#10995);
#10994 = CARTESIAN_POINT('',(-30.75,-10.25,5.8));
#10995 = VECTOR('',#10996,1.);
#10996 = DIRECTION('',(0.,0.,1.));
#10997 = ORIENTED_EDGE('',*,*,#10884,.F.);
#10998 = PLANE('',#10999);
#10999 = AXIS2_PLACEMENT_3D('',#11000,#11001,#11002);
#11000 = CARTESIAN_POINT('',(-34.,-10.25,2.1));
#11001 = DIRECTION('',(-0.,1.,0.));
#11002 = DIRECTION('',(0.,0.,1.));
#11003 = ADVANCED_FACE('',(#11004),#11029,.F.);
#11004 = FACE_BOUND('',#11005,.F.);
#11005 = EDGE_LOOP('',(#11006,#11014,#11022,#11028));
#11006 = ORIENTED_EDGE('',*,*,#11007,.T.);
#11007 = EDGE_CURVE('',#9488,#11008,#11010,.T.);
#11008 = VERTEX_POINT('',#11009);
#11009 = CARTESIAN_POINT('',(-22.09870676558,15.986290768401,19.2));
#11010 = LINE('',#11011,#11012);
#11011 = CARTESIAN_POINT('',(-22.09870676558,15.986290768401,9.4));
#11012 = VECTOR('',#11013,1.);
#11013 = DIRECTION('',(0.,0.,1.));
#11014 = ORIENTED_EDGE('',*,*,#11015,.T.);
#11015 = EDGE_CURVE('',#11008,#11016,#11018,.T.);
#11016 = VERTEX_POINT('',#11017);
#11017 = CARTESIAN_POINT('',(-21.61792967675,15.999930033297,19.2));
#11018 = LINE('',#11019,#11020);
#11019 = CARTESIAN_POINT('',(-22.09870676558,15.986290768401,19.2));
#11020 = VECTOR('',#11021,1.);
#11021 = DIRECTION('',(0.999597836772,2.835779824538E-02,0.));
#11022 = ORIENTED_EDGE('',*,*,#11023,.F.);
#11023 = EDGE_CURVE('',#9217,#11016,#11024,.T.);
#11024 = LINE('',#11025,#11026);
#11025 = CARTESIAN_POINT('',(-21.61792967675,15.999930033297,9.4));
#11026 = VECTOR('',#11027,1.);
#11027 = DIRECTION('',(0.,0.,1.));
#11028 = ORIENTED_EDGE('',*,*,#9495,.F.);
#11029 = PLANE('',#11030);
#11030 = AXIS2_PLACEMENT_3D('',#11031,#11032,#11033);
#11031 = CARTESIAN_POINT('',(-22.09870676558,15.986290768401,9.4));
#11032 = DIRECTION('',(-2.835779824538E-02,0.999597836772,0.));
#11033 = DIRECTION('',(0.999597836772,2.835779824538E-02,0.));
#11034 = ADVANCED_FACE('',(#11035),#11053,.F.);
#11035 = FACE_BOUND('',#11036,.F.);
#11036 = EDGE_LOOP('',(#11037,#11045,#11051,#11052));
#11037 = ORIENTED_EDGE('',*,*,#11038,.T.);
#11038 = EDGE_CURVE('',#9480,#11039,#11041,.T.);
#11039 = VERTEX_POINT('',#11040);
#11040 = CARTESIAN_POINT('',(-22.57756242314,15.941236380146,19.2));
#11041 = LINE('',#11042,#11043);
#11042 = CARTESIAN_POINT('',(-22.57756242314,15.941236380146,9.4));
#11043 = VECTOR('',#11044,1.);
#11044 = DIRECTION('',(0.,0.,1.));
#11045 = ORIENTED_EDGE('',*,*,#11046,.T.);
#11046 = EDGE_CURVE('',#11039,#11008,#11047,.T.);
#11047 = LINE('',#11048,#11049);
#11048 = CARTESIAN_POINT('',(-22.57756242314,15.941236380146,19.2));
#11049 = VECTOR('',#11050,1.);
#11050 = DIRECTION('',(0.995602932329,9.36739085191E-02,0.));
#11051 = ORIENTED_EDGE('',*,*,#11007,.F.);
#11052 = ORIENTED_EDGE('',*,*,#9487,.F.);
#11053 = PLANE('',#11054);
#11054 = AXIS2_PLACEMENT_3D('',#11055,#11056,#11057);
#11055 = CARTESIAN_POINT('',(-22.57756242314,15.941236380146,9.4));
#11056 = DIRECTION('',(-9.36739085191E-02,0.995602932329,0.));
#11057 = DIRECTION('',(0.995602932329,9.36739085191E-02,0.));
#11058 = ADVANCED_FACE('',(#11059),#11077,.F.);
#11059 = FACE_BOUND('',#11060,.F.);
#11060 = EDGE_LOOP('',(#11061,#11069,#11075,#11076));
#11061 = ORIENTED_EDGE('',*,*,#11062,.T.);
#11062 = EDGE_CURVE('',#9472,#11063,#11065,.T.);
#11063 = VERTEX_POINT('',#11064);
#11064 = CARTESIAN_POINT('',(-23.05244611601,15.86495979834,19.2));
#11065 = LINE('',#11066,#11067);
#11066 = CARTESIAN_POINT('',(-23.05244611601,15.86495979834,9.4));
#11067 = VECTOR('',#11068,1.);
#11068 = DIRECTION('',(0.,0.,1.));
#11069 = ORIENTED_EDGE('',*,*,#11070,.T.);
#11070 = EDGE_CURVE('',#11063,#11039,#11071,.T.);
#11071 = LINE('',#11072,#11073);
#11072 = CARTESIAN_POINT('',(-23.05244611601,15.86495979834,19.2));
#11073 = VECTOR('',#11074,1.);
#11074 = DIRECTION('',(0.987344703283,0.158588892735,0.));
#11075 = ORIENTED_EDGE('',*,*,#11038,.F.);
#11076 = ORIENTED_EDGE('',*,*,#9479,.F.);
#11077 = PLANE('',#11078);
#11078 = AXIS2_PLACEMENT_3D('',#11079,#11080,#11081);
#11079 = CARTESIAN_POINT('',(-23.05244611601,15.86495979834,9.4));
#11080 = DIRECTION('',(-0.158588892735,0.987344703283,0.));
#11081 = DIRECTION('',(0.987344703283,0.158588892735,0.));
#11082 = ADVANCED_FACE('',(#11083),#11101,.F.);
#11083 = FACE_BOUND('',#11084,.F.);
#11084 = EDGE_LOOP('',(#11085,#11093,#11099,#11100));
#11085 = ORIENTED_EDGE('',*,*,#11086,.T.);
#11086 = EDGE_CURVE('',#9464,#11087,#11089,.T.);
#11087 = VERTEX_POINT('',#11088);
#11088 = CARTESIAN_POINT('',(-23.52132431931,15.757787651017,19.2));
#11089 = LINE('',#11090,#11091);
#11090 = CARTESIAN_POINT('',(-23.52132431931,15.757787651017,9.4));
#11091 = VECTOR('',#11092,1.);
#11092 = DIRECTION('',(0.,0.,1.));
#11093 = ORIENTED_EDGE('',*,*,#11094,.T.);
#11094 = EDGE_CURVE('',#11087,#11063,#11095,.T.);
#11095 = LINE('',#11096,#11097);
#11096 = CARTESIAN_POINT('',(-23.52132431931,15.757787651017,19.2));
#11097 = VECTOR('',#11098,1.);
#11098 = DIRECTION('',(0.974858512637,0.222824774966,0.));
#11099 = ORIENTED_EDGE('',*,*,#11062,.F.);
#11100 = ORIENTED_EDGE('',*,*,#9471,.F.);
#11101 = PLANE('',#11102);
#11102 = AXIS2_PLACEMENT_3D('',#11103,#11104,#11105);
#11103 = CARTESIAN_POINT('',(-23.52132431931,15.757787651017,9.4));
#11104 = DIRECTION('',(-0.222824774966,0.974858512637,0.));
#11105 = DIRECTION('',(0.974858512637,0.222824774966,0.));
#11106 = ADVANCED_FACE('',(#11107),#11125,.F.);
#11107 = FACE_BOUND('',#11108,.F.);
#11108 = EDGE_LOOP('',(#11109,#11117,#11123,#11124));
#11109 = ORIENTED_EDGE('',*,*,#11110,.T.);
#11110 = EDGE_CURVE('',#9456,#11111,#11113,.T.);
#11111 = VERTEX_POINT('',#11112);
#11112 = CARTESIAN_POINT('',(-23.98218922457,15.620178865766,19.2));
#11113 = LINE('',#11114,#11115);
#11114 = CARTESIAN_POINT('',(-23.98218922457,15.620178865766,9.4));
#11115 = VECTOR('',#11116,1.);
#11116 = DIRECTION('',(0.,0.,1.));
#11117 = ORIENTED_EDGE('',*,*,#11118,.T.);
#11118 = EDGE_CURVE('',#11111,#11087,#11119,.T.);
#11119 = LINE('',#11120,#11121);
#11120 = CARTESIAN_POINT('',(-23.98218922457,15.620178865766,19.2));
#11121 = VECTOR('',#11122,1.);
#11122 = DIRECTION('',(0.958197828177,0.286106487302,0.));
#11123 = ORIENTED_EDGE('',*,*,#11086,.F.);
#11124 = ORIENTED_EDGE('',*,*,#9463,.F.);
#11125 = PLANE('',#11126);
#11126 = AXIS2_PLACEMENT_3D('',#11127,#11128,#11129);
#11127 = CARTESIAN_POINT('',(-23.98218922457,15.620178865766,9.4));
#11128 = DIRECTION('',(-0.286106487302,0.958197828177,0.));
#11129 = DIRECTION('',(0.958197828177,0.286106487302,0.));
#11130 = ADVANCED_FACE('',(#11131),#11149,.F.);
#11131 = FACE_BOUND('',#11132,.F.);
#11132 = EDGE_LOOP('',(#11133,#11141,#11147,#11148));
#11133 = ORIENTED_EDGE('',*,*,#11134,.T.);
#11134 = EDGE_CURVE('',#9448,#11135,#11137,.T.);
#11135 = VERTEX_POINT('',#11136);
#11136 = CARTESIAN_POINT('',(-24.43306733754,15.452722704529,19.2));
#11137 = LINE('',#11138,#11139);
#11138 = CARTESIAN_POINT('',(-24.43306733754,15.452722704529,9.4));
#11139 = VECTOR('',#11140,1.);
#11140 = DIRECTION('',(0.,0.,1.));
#11141 = ORIENTED_EDGE('',*,*,#11142,.T.);
#11142 = EDGE_CURVE('',#11135,#11111,#11143,.T.);
#11143 = LINE('',#11144,#11145);
#11144 = CARTESIAN_POINT('',(-24.43306733754,15.452722704529,19.2));
#11145 = VECTOR('',#11146,1.);
#11146 = DIRECTION('',(0.937433993512,0.348163047735,0.));
#11147 = ORIENTED_EDGE('',*,*,#11110,.F.);
#11148 = ORIENTED_EDGE('',*,*,#9455,.F.);
#11149 = PLANE('',#11150);
#11150 = AXIS2_PLACEMENT_3D('',#11151,#11152,#11153);
#11151 = CARTESIAN_POINT('',(-24.43306733754,15.452722704529,9.4));
#11152 = DIRECTION('',(-0.348163047735,0.937433993512,0.));
#11153 = DIRECTION('',(0.937433993512,0.348163047735,0.));
#11154 = ADVANCED_FACE('',(#11155),#11173,.F.);
#11155 = FACE_BOUND('',#11156,.F.);
#11156 = EDGE_LOOP('',(#11157,#11165,#11171,#11172));
#11157 = ORIENTED_EDGE('',*,*,#11158,.T.);
#11158 = EDGE_CURVE('',#9440,#11159,#11161,.T.);
#11159 = VERTEX_POINT('',#11160);
#11160 = CARTESIAN_POINT('',(-24.8720279289,15.256136240299,19.2));
#11161 = LINE('',#11162,#11163);
#11162 = CARTESIAN_POINT('',(-24.8720279289,15.256136240299,9.4));
#11163 = VECTOR('',#11164,1.);
#11164 = DIRECTION('',(0.,0.,1.));
#11165 = ORIENTED_EDGE('',*,*,#11166,.T.);
#11166 = EDGE_CURVE('',#11159,#11135,#11167,.T.);
#11167 = LINE('',#11168,#11169);
#11168 = CARTESIAN_POINT('',(-24.8720279289,15.256136240299,19.2));
#11169 = VECTOR('',#11170,1.);
#11170 = DIRECTION('',(0.912655922569,0.408728720547,0.));
#11171 = ORIENTED_EDGE('',*,*,#11134,.F.);
#11172 = ORIENTED_EDGE('',*,*,#9447,.F.);
#11173 = PLANE('',#11174);
#11174 = AXIS2_PLACEMENT_3D('',#11175,#11176,#11177);
#11175 = CARTESIAN_POINT('',(-24.8720279289,15.256136240299,9.4));
#11176 = DIRECTION('',(-0.408728720547,0.912655922569,0.));
#11177 = DIRECTION('',(0.912655922569,0.408728720547,0.));
#11178 = ADVANCED_FACE('',(#11179),#11197,.F.);
#11179 = FACE_BOUND('',#11180,.F.);
#11180 = EDGE_LOOP('',(#11181,#11189,#11195,#11196));
#11181 = ORIENTED_EDGE('',*,*,#11182,.T.);
#11182 = EDGE_CURVE('',#9432,#11183,#11185,.T.);
#11183 = VERTEX_POINT('',#11184);
#11184 = CARTESIAN_POINT('',(-25.29719130201,15.031261286495,19.2));
#11185 = LINE('',#11186,#11187);
#11186 = CARTESIAN_POINT('',(-25.29719130201,15.031261286495,9.4));
#11187 = VECTOR('',#11188,1.);
#11188 = DIRECTION('',(0.,0.,1.));
#11189 = ORIENTED_EDGE('',*,*,#11190,.T.);
#11190 = EDGE_CURVE('',#11183,#11159,#11191,.T.);
#11191 = LINE('',#11192,#11193);
#11192 = CARTESIAN_POINT('',(-25.29719130201,15.031261286495,19.2));
#11193 = VECTOR('',#11194,1.);
#11194 = DIRECTION('',(0.883969718852,0.467544154228,0.));
#11195 = ORIENTED_EDGE('',*,*,#11158,.F.);
#11196 = ORIENTED_EDGE('',*,*,#9439,.F.);
#11197 = PLANE('',#11198);
#11198 = AXIS2_PLACEMENT_3D('',#11199,#11200,#11201);
#11199 = CARTESIAN_POINT('',(-25.29719130201,15.031261286495,9.4));
#11200 = DIRECTION('',(-0.467544154228,0.883969718852,0.));
#11201 = DIRECTION('',(0.883969718852,0.467544154228,0.));
#11202 = ADVANCED_FACE('',(#11203),#11221,.F.);
#11203 = FACE_BOUND('',#11204,.F.);
#11204 = EDGE_LOOP('',(#11205,#11213,#11219,#11220));
#11205 = ORIENTED_EDGE('',*,*,#11206,.T.);
#11206 = EDGE_CURVE('',#9424,#11207,#11209,.T.);
#11207 = VERTEX_POINT('',#11208);
#11208 = CARTESIAN_POINT('',(-25.70673684204,14.779060792194,19.2));
#11209 = LINE('',#11210,#11211);
#11210 = CARTESIAN_POINT('',(-25.70673684204,14.779060792194,9.4));
#11211 = VECTOR('',#11212,1.);
#11212 = DIRECTION('',(0.,0.,1.));
#11213 = ORIENTED_EDGE('',*,*,#11214,.T.);
#11214 = EDGE_CURVE('',#11207,#11183,#11215,.T.);
#11215 = LINE('',#11216,#11217);
#11216 = CARTESIAN_POINT('',(-25.70673684204,14.779060792194,19.2));
#11217 = VECTOR('',#11218,1.);
#11218 = DIRECTION('',(0.85149822109,0.524357492062,0.));
#11219 = ORIENTED_EDGE('',*,*,#11182,.F.);
#11220 = ORIENTED_EDGE('',*,*,#9431,.F.);
#11221 = PLANE('',#11222);
#11222 = AXIS2_PLACEMENT_3D('',#11223,#11224,#11225);
#11223 = CARTESIAN_POINT('',(-25.70673684204,14.779060792194,9.4));
#11224 = DIRECTION('',(-0.524357492062,0.85149822109,0.));
#11225 = DIRECTION('',(0.85149822109,0.524357492062,0.));
#11226 = ADVANCED_FACE('',(#11227),#11245,.F.);
#11227 = FACE_BOUND('',#11228,.F.);
#11228 = EDGE_LOOP('',(#11229,#11237,#11243,#11244));
#11229 = ORIENTED_EDGE('',*,*,#11230,.T.);
#11230 = EDGE_CURVE('',#9416,#11231,#11233,.T.);
#11231 = VERTEX_POINT('',#11232);
#11232 = CARTESIAN_POINT('',(-26.09891081211,14.500614718629,19.2));
#11233 = LINE('',#11234,#11235);
#11234 = CARTESIAN_POINT('',(-26.09891081211,14.500614718629,9.4));
#11235 = VECTOR('',#11236,1.);
#11236 = DIRECTION('',(0.,0.,1.));
#11237 = ORIENTED_EDGE('',*,*,#11238,.T.);
#11238 = EDGE_CURVE('',#11231,#11207,#11239,.T.);
#11239 = LINE('',#11240,#11241);
#11240 = CARTESIAN_POINT('',(-26.09891081211,14.500614718629,19.2));
#11241 = VECTOR('',#11242,1.);
#11242 = DIRECTION('',(0.81538047722,0.578925450614,0.));
#11243 = ORIENTED_EDGE('',*,*,#11206,.F.);
#11244 = ORIENTED_EDGE('',*,*,#9423,.F.);
#11245 = PLANE('',#11246);
#11246 = AXIS2_PLACEMENT_3D('',#11247,#11248,#11249);
#11247 = CARTESIAN_POINT('',(-26.09891081211,14.500614718629,9.4));
#11248 = DIRECTION('',(-0.578925450614,0.81538047722,0.));
#11249 = DIRECTION('',(0.81538047722,0.578925450614,0.));
#11250 = ADVANCED_FACE('',(#11251),#11269,.F.);
#11251 = FACE_BOUND('',#11252,.F.);
#11252 = EDGE_LOOP('',(#11253,#11261,#11267,#11268));
#11253 = ORIENTED_EDGE('',*,*,#11254,.T.);
#11254 = EDGE_CURVE('',#9408,#11255,#11257,.T.);
#11255 = VERTEX_POINT('',#11256);
#11256 = CARTESIAN_POINT('',(-26.47203386308,14.197115414637,19.2));
#11257 = LINE('',#11258,#11259);
#11258 = CARTESIAN_POINT('',(-26.47203386308,14.197115414637,9.4));
#11259 = VECTOR('',#11260,1.);
#11260 = DIRECTION('',(0.,0.,1.));
#11261 = ORIENTED_EDGE('',*,*,#11262,.T.);
#11262 = EDGE_CURVE('',#11255,#11231,#11263,.T.);
#11263 = LINE('',#11264,#11265);
#11264 = CARTESIAN_POINT('',(-26.47203386308,14.197115414637,19.2));
#11265 = VECTOR('',#11266,1.);
#11266 = DIRECTION('',(0.775771148967,0.631014361508,0.));
#11267 = ORIENTED_EDGE('',*,*,#11230,.F.);
#11268 = ORIENTED_EDGE('',*,*,#9415,.F.);
#11269 = PLANE('',#11270);
#11270 = AXIS2_PLACEMENT_3D('',#11271,#11272,#11273);
#11271 = CARTESIAN_POINT('',(-26.47203386308,14.197115414637,9.4));
#11272 = DIRECTION('',(-0.631014361508,0.775771148967,0.));
#11273 = DIRECTION('',(0.775771148967,0.631014361508,0.));
#11274 = ADVANCED_FACE('',(#11275),#11293,.F.);
#11275 = FACE_BOUND('',#11276,.F.);
#11276 = EDGE_LOOP('',(#11277,#11285,#11291,#11292));
#11277 = ORIENTED_EDGE('',*,*,#11278,.T.);
#11278 = EDGE_CURVE('',#9400,#11279,#11281,.T.);
#11279 = VERTEX_POINT('',#11280);
#11280 = CARTESIAN_POINT('',(-26.82450822475,13.869862510831,19.2));
#11281 = LINE('',#11282,#11283);
#11282 = CARTESIAN_POINT('',(-26.82450822475,13.869862510831,9.4));
#11283 = VECTOR('',#11284,1.);
#11284 = DIRECTION('',(0.,0.,1.));
#11285 = ORIENTED_EDGE('',*,*,#11286,.T.);
#11286 = EDGE_CURVE('',#11279,#11255,#11287,.T.);
#11287 = LINE('',#11288,#11289);
#11288 = CARTESIAN_POINT('',(-26.82450822475,13.869862510831,19.2));
#11289 = VECTOR('',#11290,1.);
#11290 = DIRECTION('',(0.732839849556,0.680401172032,0.));
#11291 = ORIENTED_EDGE('',*,*,#11254,.F.);
#11292 = ORIENTED_EDGE('',*,*,#9407,.F.);
#11293 = PLANE('',#11294);
#11294 = AXIS2_PLACEMENT_3D('',#11295,#11296,#11297);
#11295 = CARTESIAN_POINT('',(-26.82450822475,13.869862510831,9.4));
#11296 = DIRECTION('',(-0.680401172032,0.732839849556,0.));
#11297 = DIRECTION('',(0.732839849556,0.680401172032,0.));
#11298 = ADVANCED_FACE('',(#11299),#11317,.F.);
#11299 = FACE_BOUND('',#11300,.F.);
#11300 = EDGE_LOOP('',(#11301,#11309,#11315,#11316));
#11301 = ORIENTED_EDGE('',*,*,#11302,.T.);
#11302 = EDGE_CURVE('',#9392,#11303,#11305,.T.);
#11303 = VERTEX_POINT('',#11304);
#11304 = CARTESIAN_POINT('',(-27.15482454779,13.520257354386,19.2));
#11305 = LINE('',#11306,#11307);
#11306 = CARTESIAN_POINT('',(-27.15482454779,13.520257354386,9.4));
#11307 = VECTOR('',#11308,1.);
#11308 = DIRECTION('',(0.,0.,1.));
#11309 = ORIENTED_EDGE('',*,*,#11310,.T.);
#11310 = EDGE_CURVE('',#11303,#11279,#11311,.T.);
#11311 = LINE('',#11312,#11313);
#11312 = CARTESIAN_POINT('',(-27.15482454779,13.520257354386,19.2));
#11313 = VECTOR('',#11314,1.);
#11314 = DIRECTION('',(0.686770417402,0.72687440028,0.));
#11315 = ORIENTED_EDGE('',*,*,#11278,.F.);
#11316 = ORIENTED_EDGE('',*,*,#9399,.F.);
#11317 = PLANE('',#11318);
#11318 = AXIS2_PLACEMENT_3D('',#11319,#11320,#11321);
#11319 = CARTESIAN_POINT('',(-27.15482454779,13.520257354386,9.4));
#11320 = DIRECTION('',(-0.72687440028,0.686770417402,0.));
#11321 = DIRECTION('',(0.686770417402,0.72687440028,0.));
#11322 = ADVANCED_FACE('',(#11323),#11341,.F.);
#11323 = FACE_BOUND('',#11324,.F.);
#11324 = EDGE_LOOP('',(#11325,#11333,#11339,#11340));
#11325 = ORIENTED_EDGE('',*,*,#11326,.T.);
#11326 = EDGE_CURVE('',#9384,#11327,#11329,.T.);
#11327 = VERTEX_POINT('',#11328);
#11328 = CARTESIAN_POINT('',(-27.46156836701,13.149797008253,19.2));
#11329 = LINE('',#11330,#11331);
#11330 = CARTESIAN_POINT('',(-27.46156836701,13.149797008253,9.4));
#11331 = VECTOR('',#11332,1.);
#11332 = DIRECTION('',(0.,0.,1.));
#11333 = ORIENTED_EDGE('',*,*,#11334,.T.);
#11334 = EDGE_CURVE('',#11327,#11303,#11335,.T.);
#11335 = LINE('',#11336,#11337);
#11336 = CARTESIAN_POINT('',(-27.46156836701,13.149797008253,19.2));
#11337 = VECTOR('',#11338,1.);
#11338 = DIRECTION('',(0.637760128885,0.770235040753,0.));
#11339 = ORIENTED_EDGE('',*,*,#11302,.F.);
#11340 = ORIENTED_EDGE('',*,*,#9391,.F.);
#11341 = PLANE('',#11342);
#11342 = AXIS2_PLACEMENT_3D('',#11343,#11344,#11345);
#11343 = CARTESIAN_POINT('',(-27.46156836701,13.149797008253,9.4));
#11344 = DIRECTION('',(-0.770235040753,0.637760128885,0.));
#11345 = DIRECTION('',(0.637760128885,0.770235040753,0.));
#11346 = ADVANCED_FACE('',(#11347),#11365,.F.);
#11347 = FACE_BOUND('',#11348,.F.);
#11348 = EDGE_LOOP('',(#11349,#11357,#11363,#11364));
#11349 = ORIENTED_EDGE('',*,*,#11350,.T.);
#11350 = EDGE_CURVE('',#9376,#11351,#11353,.T.);
#11351 = VERTEX_POINT('',#11352);
#11352 = CARTESIAN_POINT('',(-27.74342615828,12.76006784051,19.2));
#11353 = LINE('',#11354,#11355);
#11354 = CARTESIAN_POINT('',(-27.74342615828,12.76006784051,9.4));
#11355 = VECTOR('',#11356,1.);
#11356 = DIRECTION('',(0.,0.,1.));
#11357 = ORIENTED_EDGE('',*,*,#11358,.T.);
#11358 = EDGE_CURVE('',#11351,#11327,#11359,.T.);
#11359 = LINE('',#11360,#11361);
#11360 = CARTESIAN_POINT('',(-27.74342615828,12.76006784051,19.2));
#11361 = VECTOR('',#11362,1.);
#11362 = DIRECTION('',(0.586018853586,0.810297416534,0.));
#11363 = ORIENTED_EDGE('',*,*,#11326,.F.);
#11364 = ORIENTED_EDGE('',*,*,#9383,.F.);
#11365 = PLANE('',#11366);
#11366 = AXIS2_PLACEMENT_3D('',#11367,#11368,#11369);
#11367 = CARTESIAN_POINT('',(-27.74342615828,12.76006784051,9.4));
#11368 = DIRECTION('',(-0.810297416534,0.586018853586,0.));
#11369 = DIRECTION('',(0.586018853586,0.810297416534,0.));
#11370 = ADVANCED_FACE('',(#11371),#11389,.F.);
#11371 = FACE_BOUND('',#11372,.F.);
#11372 = EDGE_LOOP('',(#11373,#11381,#11387,#11388));
#11373 = ORIENTED_EDGE('',*,*,#11374,.T.);
#11374 = EDGE_CURVE('',#9368,#11375,#11377,.T.);
#11375 = VERTEX_POINT('',#11376);
#11376 = CARTESIAN_POINT('',(-27.99919096325,12.352738731285,19.2));
#11377 = LINE('',#11378,#11379);
#11378 = CARTESIAN_POINT('',(-27.99919096325,12.352738731285,9.4));
#11379 = VECTOR('',#11380,1.);
#11380 = DIRECTION('',(0.,0.,1.));
#11381 = ORIENTED_EDGE('',*,*,#11382,.T.);
#11382 = EDGE_CURVE('',#11375,#11351,#11383,.T.);
#11383 = LINE('',#11384,#11385);
#11384 = CARTESIAN_POINT('',(-27.99919096325,12.352738731285,19.2));
#11385 = VECTOR('',#11386,1.);
#11386 = DIRECTION('',(0.531768155588,0.846889974378,0.));
#11387 = ORIENTED_EDGE('',*,*,#11350,.F.);
#11388 = ORIENTED_EDGE('',*,*,#9375,.F.);
#11389 = PLANE('',#11390);
#11390 = AXIS2_PLACEMENT_3D('',#11391,#11392,#11393);
#11391 = CARTESIAN_POINT('',(-27.99919096325,12.352738731285,9.4));
#11392 = DIRECTION('',(-0.846889974378,0.531768155588,0.));
#11393 = DIRECTION('',(0.531768155588,0.846889974378,0.));
#11394 = ADVANCED_FACE('',(#11395),#11413,.F.);
#11395 = FACE_BOUND('',#11396,.F.);
#11396 = EDGE_LOOP('',(#11397,#11405,#11411,#11412));
#11397 = ORIENTED_EDGE('',*,*,#11398,.T.);
#11398 = EDGE_CURVE('',#9360,#11399,#11401,.T.);
#11399 = VERTEX_POINT('',#11400);
#11400 = CARTESIAN_POINT('',(-28.22776755777,11.929553926357,19.2));
#11401 = LINE('',#11402,#11403);
#11402 = CARTESIAN_POINT('',(-28.22776755777,11.929553926357,9.4));
#11403 = VECTOR('',#11404,1.);
#11404 = DIRECTION('',(0.,0.,1.));
#11405 = ORIENTED_EDGE('',*,*,#11406,.T.);
#11406 = EDGE_CURVE('',#11399,#11375,#11407,.T.);
#11407 = LINE('',#11408,#11409);
#11408 = CARTESIAN_POINT('',(-28.22776755777,11.929553926357,19.2));
#11409 = VECTOR('',#11410,1.);
#11410 = DIRECTION('',(0.47524034471,0.879856019335,0.));
#11411 = ORIENTED_EDGE('',*,*,#11374,.F.);
#11412 = ORIENTED_EDGE('',*,*,#9367,.F.);
#11413 = PLANE('',#11414);
#11414 = AXIS2_PLACEMENT_3D('',#11415,#11416,#11417);
#11415 = CARTESIAN_POINT('',(-28.22776755777,11.929553926357,9.4));
#11416 = DIRECTION('',(-0.879856019335,0.47524034471,0.));
#11417 = DIRECTION('',(0.47524034471,0.879856019335,0.));
#11418 = ADVANCED_FACE('',(#11419),#11437,.F.);
#11419 = FACE_BOUND('',#11420,.F.);
#11420 = EDGE_LOOP('',(#11421,#11429,#11435,#11436));
#11421 = ORIENTED_EDGE('',*,*,#11422,.T.);
#11422 = EDGE_CURVE('',#9352,#11423,#11425,.T.);
#11423 = VERTEX_POINT('',#11424);
#11424 = CARTESIAN_POINT('',(-28.42817714177,11.492325568031,19.2));
#11425 = LINE('',#11426,#11427);
#11426 = CARTESIAN_POINT('',(-28.42817714177,11.492325568031,9.4));
#11427 = VECTOR('',#11428,1.);
#11428 = DIRECTION('',(0.,0.,1.));
#11429 = ORIENTED_EDGE('',*,*,#11430,.T.);
#11430 = EDGE_CURVE('',#11423,#11399,#11431,.T.);
#11431 = LINE('',#11432,#11433);
#11432 = CARTESIAN_POINT('',(-28.42817714177,11.492325568031,19.2));
#11433 = VECTOR('',#11434,1.);
#11434 = DIRECTION('',(0.416677481715,0.909054385739,0.));
#11435 = ORIENTED_EDGE('',*,*,#11398,.F.);
#11436 = ORIENTED_EDGE('',*,*,#9359,.F.);
#11437 = PLANE('',#11438);
#11438 = AXIS2_PLACEMENT_3D('',#11439,#11440,#11441);
#11439 = CARTESIAN_POINT('',(-28.42817714177,11.492325568031,9.4));
#11440 = DIRECTION('',(-0.909054385739,0.416677481715,0.));
#11441 = DIRECTION('',(0.416677481715,0.909054385739,0.));
#11442 = ADVANCED_FACE('',(#11443),#11461,.F.);
#11443 = FACE_BOUND('',#11444,.F.);
#11444 = EDGE_LOOP('',(#11445,#11453,#11459,#11460));
#11445 = ORIENTED_EDGE('',*,*,#11446,.T.);
#11446 = EDGE_CURVE('',#9344,#11447,#11449,.T.);
#11447 = VERTEX_POINT('',#11448);
#11448 = CARTESIAN_POINT('',(-28.59956153065,11.04292593526,19.2));
#11449 = LINE('',#11450,#11451);
#11450 = CARTESIAN_POINT('',(-28.59956153065,11.04292593526,9.4));
#11451 = VECTOR('',#11452,1.);
#11452 = DIRECTION('',(0.,0.,1.));
#11453 = ORIENTED_EDGE('',*,*,#11454,.T.);
#11454 = EDGE_CURVE('',#11447,#11423,#11455,.T.);
#11455 = LINE('',#11456,#11457);
#11456 = CARTESIAN_POINT('',(-28.59956153065,11.04292593526,19.2));
#11457 = VECTOR('',#11458,1.);
#11458 = DIRECTION('',(0.356330341775,0.934360041703,0.));
#11459 = ORIENTED_EDGE('',*,*,#11422,.F.);
#11460 = ORIENTED_EDGE('',*,*,#9351,.F.);
#11461 = PLANE('',#11462);
#11462 = AXIS2_PLACEMENT_3D('',#11463,#11464,#11465);
#11463 = CARTESIAN_POINT('',(-28.59956153065,11.04292593526,9.4));
#11464 = DIRECTION('',(-0.934360041703,0.356330341775,0.));
#11465 = DIRECTION('',(0.356330341775,0.934360041703,0.));
#11466 = ADVANCED_FACE('',(#11467),#11485,.F.);
#11467 = FACE_BOUND('',#11468,.F.);
#11468 = EDGE_LOOP('',(#11469,#11477,#11483,#11484));
#11469 = ORIENTED_EDGE('',*,*,#11470,.T.);
#11470 = EDGE_CURVE('',#9336,#11471,#11473,.T.);
#11471 = VERTEX_POINT('',#11472);
#11472 = CARTESIAN_POINT('',(-28.74118683014,10.583279426266,19.2));
#11473 = LINE('',#11474,#11475);
#11474 = CARTESIAN_POINT('',(-28.74118683014,10.583279426266,9.4));
#11475 = VECTOR('',#11476,1.);
#11476 = DIRECTION('',(0.,0.,1.));
#11477 = ORIENTED_EDGE('',*,*,#11478,.T.);
#11478 = EDGE_CURVE('',#11471,#11447,#11479,.T.);
#11479 = LINE('',#11480,#11481);
#11480 = CARTESIAN_POINT('',(-28.74118683014,10.583279426266,19.2));
#11481 = VECTOR('',#11482,1.);
#11482 = DIRECTION('',(0.294457340605,0.955664624522,0.));
#11483 = ORIENTED_EDGE('',*,*,#11446,.F.);
#11484 = ORIENTED_EDGE('',*,*,#9343,.F.);
#11485 = PLANE('',#11486);
#11486 = AXIS2_PLACEMENT_3D('',#11487,#11488,#11489);
#11487 = CARTESIAN_POINT('',(-28.74118683014,10.583279426266,9.4));
#11488 = DIRECTION('',(-0.955664624522,0.294457340605,0.));
#11489 = DIRECTION('',(0.294457340605,0.955664624522,0.));
#11490 = ADVANCED_FACE('',(#11491),#11509,.F.);
#11491 = FACE_BOUND('',#11492,.F.);
#11492 = EDGE_LOOP('',(#11493,#11501,#11507,#11508));
#11493 = ORIENTED_EDGE('',*,*,#11494,.T.);
#11494 = EDGE_CURVE('',#9328,#11495,#11497,.T.);
#11495 = VERTEX_POINT('',#11496);
#11496 = CARTESIAN_POINT('',(-28.85244657896,10.115354317966,19.2));
#11497 = LINE('',#11498,#11499);
#11498 = CARTESIAN_POINT('',(-28.85244657896,10.115354317966,9.4));
#11499 = VECTOR('',#11500,1.);
#11500 = DIRECTION('',(0.,0.,1.));
#11501 = ORIENTED_EDGE('',*,*,#11502,.T.);
#11502 = EDGE_CURVE('',#11495,#11471,#11503,.T.);
#11503 = LINE('',#11504,#11505);
#11504 = CARTESIAN_POINT('',(-28.85244657896,10.115354317966,19.2));
#11505 = VECTOR('',#11506,1.);
#11506 = DIRECTION('',(0.231323427898,0.972876904704,0.));
#11507 = ORIENTED_EDGE('',*,*,#11470,.F.);
#11508 = ORIENTED_EDGE('',*,*,#9335,.F.);
#11509 = PLANE('',#11510);
#11510 = AXIS2_PLACEMENT_3D('',#11511,#11512,#11513);
#11511 = CARTESIAN_POINT('',(-28.85244657896,10.115354317966,9.4));
#11512 = DIRECTION('',(-0.972876904704,0.231323427898,0.));
#11513 = DIRECTION('',(0.231323427898,0.972876904704,0.));
#11514 = ADVANCED_FACE('',(#11515),#11526,.F.);
#11515 = FACE_BOUND('',#11516,.F.);
#11516 = EDGE_LOOP('',(#11517,#11518,#11524,#11525));
#11517 = ORIENTED_EDGE('',*,*,#9518,.T.);
#11518 = ORIENTED_EDGE('',*,*,#11519,.T.);
#11519 = EDGE_CURVE('',#9511,#11495,#11520,.T.);
#11520 = LINE('',#11521,#11522);
#11521 = CARTESIAN_POINT('',(-28.93286434579,9.641154337512,19.2));
#11522 = VECTOR('',#11523,1.);
#11523 = DIRECTION('',(0.167198952759,0.98592317662,0.));
#11524 = ORIENTED_EDGE('',*,*,#11494,.F.);
#11525 = ORIENTED_EDGE('',*,*,#9327,.F.);
#11526 = PLANE('',#11527);
#11527 = AXIS2_PLACEMENT_3D('',#11528,#11529,#11530);
#11528 = CARTESIAN_POINT('',(-28.93286434579,9.641154337512,9.4));
#11529 = DIRECTION('',(-0.98592317662,0.167198952759,0.));
#11530 = DIRECTION('',(0.167198952759,0.98592317662,0.));
#11531 = ADVANCED_FACE('',(#11532),#11552,.F.);
#11532 = FACE_BOUND('',#11533,.F.);
#11533 = EDGE_LOOP('',(#11534,#11535,#11543,#11549,#11550,#11551));
#11534 = ORIENTED_EDGE('',*,*,#7718,.F.);
#11535 = ORIENTED_EDGE('',*,*,#11536,.T.);
#11536 = EDGE_CURVE('',#7711,#11537,#11539,.T.);
#11537 = VERTEX_POINT('',#11538);
#11538 = CARTESIAN_POINT('',(-31.05790982721,11.889403136849,19.2));
#11539 = LINE('',#11540,#11541);
#11540 = CARTESIAN_POINT('',(-31.05790982721,11.889403136849,9.4));
#11541 = VECTOR('',#11542,1.);
#11542 = DIRECTION('',(0.,0.,1.));
#11543 = ORIENTED_EDGE('',*,*,#11544,.T.);
#11544 = EDGE_CURVE('',#11537,#2007,#11545,.T.);
#11545 = LINE('',#11546,#11547);
#11546 = CARTESIAN_POINT('',(-31.05790982721,11.889403136849,19.2));
#11547 = VECTOR('',#11548,1.);
#11548 = DIRECTION('',(-0.294457340605,-0.955664624522,0.));
#11549 = ORIENTED_EDGE('',*,*,#2006,.F.);
#11550 = ORIENTED_EDGE('',*,*,#2037,.T.);
#11551 = ORIENTED_EDGE('',*,*,#7596,.F.);
#11552 = PLANE('',#11553);
#11553 = AXIS2_PLACEMENT_3D('',#11554,#11555,#11556);
#11554 = CARTESIAN_POINT('',(-31.05790982721,11.889403136849,9.4));
#11555 = DIRECTION('',(0.955664624522,-0.294457340605,0.));
#11556 = DIRECTION('',(-0.294457340605,-0.955664624522,0.));
#11557 = ADVANCED_FACE('',(#11558),#11576,.F.);
#11558 = FACE_BOUND('',#11559,.F.);
#11559 = EDGE_LOOP('',(#11560,#11568,#11574,#11575));
#11560 = ORIENTED_EDGE('',*,*,#11561,.T.);
#11561 = EDGE_CURVE('',#7703,#11562,#11564,.T.);
#11562 = VERTEX_POINT('',#11563);
#11563 = CARTESIAN_POINT('',(-30.82589966812,12.497774068286,19.2));
#11564 = LINE('',#11565,#11566);
#11565 = CARTESIAN_POINT('',(-30.82589966812,12.497774068286,9.4));
#11566 = VECTOR('',#11567,1.);
#11567 = DIRECTION('',(0.,0.,1.));
#11568 = ORIENTED_EDGE('',*,*,#11569,.T.);
#11569 = EDGE_CURVE('',#11562,#11537,#11570,.T.);
#11570 = LINE('',#11571,#11572);
#11571 = CARTESIAN_POINT('',(-30.82589966812,12.497774068286,19.2));
#11572 = VECTOR('',#11573,1.);
#11573 = DIRECTION('',(-0.356330341775,-0.934360041703,0.));
#11574 = ORIENTED_EDGE('',*,*,#11536,.F.);
#11575 = ORIENTED_EDGE('',*,*,#7710,.F.);
#11576 = PLANE('',#11577);
#11577 = AXIS2_PLACEMENT_3D('',#11578,#11579,#11580);
#11578 = CARTESIAN_POINT('',(-30.82589966812,12.497774068286,9.4));
#11579 = DIRECTION('',(0.934360041703,-0.356330341775,0.));
#11580 = DIRECTION('',(-0.356330341775,-0.934360041703,0.));
#11581 = ADVANCED_FACE('',(#11582),#11600,.F.);
#11582 = FACE_BOUND('',#11583,.F.);
#11583 = EDGE_LOOP('',(#11584,#11592,#11598,#11599));
#11584 = ORIENTED_EDGE('',*,*,#11585,.T.);
#11585 = EDGE_CURVE('',#7695,#11586,#11588,.T.);
#11586 = VERTEX_POINT('',#11587);
#11587 = CARTESIAN_POINT('',(-30.55459689794,13.089668240443,19.2));
#11588 = LINE('',#11589,#11590);
#11589 = CARTESIAN_POINT('',(-30.55459689794,13.089668240443,9.4));
#11590 = VECTOR('',#11591,1.);
#11591 = DIRECTION('',(0.,0.,1.));
#11592 = ORIENTED_EDGE('',*,*,#11593,.T.);
#11593 = EDGE_CURVE('',#11586,#11562,#11594,.T.);
#11594 = LINE('',#11595,#11596);
#11595 = CARTESIAN_POINT('',(-30.55459689794,13.089668240443,19.2));
#11596 = VECTOR('',#11597,1.);
#11597 = DIRECTION('',(-0.416677481715,-0.909054385739,0.));
#11598 = ORIENTED_EDGE('',*,*,#11561,.F.);
#11599 = ORIENTED_EDGE('',*,*,#7702,.F.);
#11600 = PLANE('',#11601);
#11601 = AXIS2_PLACEMENT_3D('',#11602,#11603,#11604);
#11602 = CARTESIAN_POINT('',(-30.55459689794,13.089668240443,9.4));
#11603 = DIRECTION('',(0.909054385739,-0.416677481715,0.));
#11604 = DIRECTION('',(-0.416677481715,-0.909054385739,0.));
#11605 = ADVANCED_FACE('',(#11606),#11624,.F.);
#11606 = FACE_BOUND('',#11607,.F.);
#11607 = EDGE_LOOP('',(#11608,#11616,#11622,#11623));
#11608 = ORIENTED_EDGE('',*,*,#11609,.T.);
#11609 = EDGE_CURVE('',#7687,#11610,#11612,.T.);
#11610 = VERTEX_POINT('',#11611);
#11611 = CARTESIAN_POINT('',(-30.24516327678,13.662551071603,19.2));
#11612 = LINE('',#11613,#11614);
#11613 = CARTESIAN_POINT('',(-30.24516327678,13.662551071603,9.4));
#11614 = VECTOR('',#11615,1.);
#11615 = DIRECTION('',(0.,0.,1.));
#11616 = ORIENTED_EDGE('',*,*,#11617,.T.);
#11617 = EDGE_CURVE('',#11610,#11586,#11618,.T.);
#11618 = LINE('',#11619,#11620);
#11619 = CARTESIAN_POINT('',(-30.24516327678,13.662551071603,19.2));
#11620 = VECTOR('',#11621,1.);
#11621 = DIRECTION('',(-0.47524034471,-0.879856019335,0.));
#11622 = ORIENTED_EDGE('',*,*,#11585,.F.);
#11623 = ORIENTED_EDGE('',*,*,#7694,.F.);
#11624 = PLANE('',#11625);
#11625 = AXIS2_PLACEMENT_3D('',#11626,#11627,#11628);
#11626 = CARTESIAN_POINT('',(-30.24516327678,13.662551071603,9.4));
#11627 = DIRECTION('',(0.879856019335,-0.47524034471,0.));
#11628 = DIRECTION('',(-0.47524034471,-0.879856019335,0.));
#11629 = ADVANCED_FACE('',(#11630),#11648,.F.);
#11630 = FACE_BOUND('',#11631,.F.);
#11631 = EDGE_LOOP('',(#11632,#11640,#11646,#11647));
#11632 = ORIENTED_EDGE('',*,*,#11633,.T.);
#11633 = EDGE_CURVE('',#7679,#11634,#11636,.T.);
#11634 = VERTEX_POINT('',#11635);
#11635 = CARTESIAN_POINT('',(-29.89892384692,14.213969389534,19.2));
#11636 = LINE('',#11637,#11638);
#11637 = CARTESIAN_POINT('',(-29.89892384692,14.213969389534,9.4));
#11638 = VECTOR('',#11639,1.);
#11639 = DIRECTION('',(0.,0.,1.));
#11640 = ORIENTED_EDGE('',*,*,#11641,.T.);
#11641 = EDGE_CURVE('',#11634,#11610,#11642,.T.);
#11642 = LINE('',#11643,#11644);
#11643 = CARTESIAN_POINT('',(-29.89892384692,14.213969389534,19.2));
#11644 = VECTOR('',#11645,1.);
#11645 = DIRECTION('',(-0.531768155588,-0.846889974378,0.));
#11646 = ORIENTED_EDGE('',*,*,#11609,.F.);
#11647 = ORIENTED_EDGE('',*,*,#7686,.F.);
#11648 = PLANE('',#11649);
#11649 = AXIS2_PLACEMENT_3D('',#11650,#11651,#11652);
#11650 = CARTESIAN_POINT('',(-29.89892384692,14.213969389534,9.4));
#11651 = DIRECTION('',(0.846889974378,-0.531768155588,0.));
#11652 = DIRECTION('',(-0.531768155588,-0.846889974378,0.));
#11653 = ADVANCED_FACE('',(#11654),#11672,.F.);
#11654 = FACE_BOUND('',#11655,.F.);
#11655 = EDGE_LOOP('',(#11656,#11664,#11670,#11671));
#11656 = ORIENTED_EDGE('',*,*,#11657,.T.);
#11657 = EDGE_CURVE('',#7671,#11658,#11660,.T.);
#11658 = VERTEX_POINT('',#11659);
#11659 = CARTESIAN_POINT('',(-29.51736125875,14.741561936343,19.2));
#11660 = LINE('',#11661,#11662);
#11661 = CARTESIAN_POINT('',(-29.51736125875,14.741561936343,9.4));
#11662 = VECTOR('',#11663,1.);
#11663 = DIRECTION('',(0.,0.,1.));
#11664 = ORIENTED_EDGE('',*,*,#11665,.T.);
#11665 = EDGE_CURVE('',#11658,#11634,#11666,.T.);
#11666 = LINE('',#11667,#11668);
#11667 = CARTESIAN_POINT('',(-29.51736125875,14.741561936343,19.2));
#11668 = VECTOR('',#11669,1.);
#11669 = DIRECTION('',(-0.586018853586,-0.810297416534,0.));
#11670 = ORIENTED_EDGE('',*,*,#11633,.F.);
#11671 = ORIENTED_EDGE('',*,*,#7678,.F.);
#11672 = PLANE('',#11673);
#11673 = AXIS2_PLACEMENT_3D('',#11674,#11675,#11676);
#11674 = CARTESIAN_POINT('',(-29.51736125875,14.741561936343,9.4));
#11675 = DIRECTION('',(0.810297416534,-0.586018853586,0.));
#11676 = DIRECTION('',(-0.586018853586,-0.810297416534,0.));
#11677 = ADVANCED_FACE('',(#11678),#11696,.F.);
#11678 = FACE_BOUND('',#11679,.F.);
#11679 = EDGE_LOOP('',(#11680,#11688,#11694,#11695));
#11680 = ORIENTED_EDGE('',*,*,#11681,.T.);
#11681 = EDGE_CURVE('',#7663,#11682,#11684,.T.);
#11682 = VERTEX_POINT('',#11683);
#11683 = CARTESIAN_POINT('',(-29.10210942185,15.243069479747,19.2));
#11684 = LINE('',#11685,#11686);
#11685 = CARTESIAN_POINT('',(-29.10210942185,15.243069479747,9.4));
#11686 = VECTOR('',#11687,1.);
#11687 = DIRECTION('',(0.,0.,1.));
#11688 = ORIENTED_EDGE('',*,*,#11689,.T.);
#11689 = EDGE_CURVE('',#11682,#11658,#11690,.T.);
#11690 = LINE('',#11691,#11692);
#11691 = CARTESIAN_POINT('',(-29.10210942185,15.243069479747,19.2));
#11692 = VECTOR('',#11693,1.);
#11693 = DIRECTION('',(-0.637760128885,-0.770235040753,0.));
#11694 = ORIENTED_EDGE('',*,*,#11657,.F.);
#11695 = ORIENTED_EDGE('',*,*,#7670,.F.);
#11696 = PLANE('',#11697);
#11697 = AXIS2_PLACEMENT_3D('',#11698,#11699,#11700);
#11698 = CARTESIAN_POINT('',(-29.10210942185,15.243069479747,9.4));
#11699 = DIRECTION('',(0.770235040753,-0.637760128885,0.));
#11700 = DIRECTION('',(-0.637760128885,-0.770235040753,0.));
#11701 = ADVANCED_FACE('',(#11702),#11720,.F.);
#11702 = FACE_BOUND('',#11703,.F.);
#11703 = EDGE_LOOP('',(#11704,#11712,#11718,#11719));
#11704 = ORIENTED_EDGE('',*,*,#11705,.T.);
#11705 = EDGE_CURVE('',#7655,#11706,#11708,.T.);
#11706 = VERTEX_POINT('',#11707);
#11707 = CARTESIAN_POINT('',(-28.65494650833,15.716344487452,19.2));
#11708 = LINE('',#11709,#11710);
#11709 = CARTESIAN_POINT('',(-28.65494650833,15.716344487452,9.4));
#11710 = VECTOR('',#11711,1.);
#11711 = DIRECTION('',(0.,0.,1.));
#11712 = ORIENTED_EDGE('',*,*,#11713,.T.);
#11713 = EDGE_CURVE('',#11706,#11682,#11714,.T.);
#11714 = LINE('',#11715,#11716);
#11715 = CARTESIAN_POINT('',(-28.65494650833,15.716344487452,19.2));
#11716 = VECTOR('',#11717,1.);
#11717 = DIRECTION('',(-0.686770417402,-0.72687440028,0.));
#11718 = ORIENTED_EDGE('',*,*,#11681,.F.);
#11719 = ORIENTED_EDGE('',*,*,#7662,.F.);
#11720 = PLANE('',#11721);
#11721 = AXIS2_PLACEMENT_3D('',#11722,#11723,#11724);
#11722 = CARTESIAN_POINT('',(-28.65494650833,15.716344487452,9.4));
#11723 = DIRECTION('',(0.72687440028,-0.686770417402,0.));
#11724 = DIRECTION('',(-0.686770417402,-0.72687440028,0.));
#11725 = ADVANCED_FACE('',(#11726),#11744,.F.);
#11726 = FACE_BOUND('',#11727,.F.);
#11727 = EDGE_LOOP('',(#11728,#11736,#11742,#11743));
#11728 = ORIENTED_EDGE('',*,*,#11729,.T.);
#11729 = EDGE_CURVE('',#7647,#11730,#11732,.T.);
#11730 = VERTEX_POINT('',#11731);
#11731 = CARTESIAN_POINT('',(-28.17778733845,16.159360323217,19.2));
#11732 = LINE('',#11733,#11734);
#11733 = CARTESIAN_POINT('',(-28.17778733845,16.159360323217,9.4));
#11734 = VECTOR('',#11735,1.);
#11735 = DIRECTION('',(0.,0.,1.));
#11736 = ORIENTED_EDGE('',*,*,#11737,.T.);
#11737 = EDGE_CURVE('',#11730,#11706,#11738,.T.);
#11738 = LINE('',#11739,#11740);
#11739 = CARTESIAN_POINT('',(-28.17778733845,16.159360323217,19.2));
#11740 = VECTOR('',#11741,1.);
#11741 = DIRECTION('',(-0.732839849556,-0.680401172032,0.));
#11742 = ORIENTED_EDGE('',*,*,#11705,.F.);
#11743 = ORIENTED_EDGE('',*,*,#7654,.F.);
#11744 = PLANE('',#11745);
#11745 = AXIS2_PLACEMENT_3D('',#11746,#11747,#11748);
#11746 = CARTESIAN_POINT('',(-28.17778733845,16.159360323217,9.4));
#11747 = DIRECTION('',(0.680401172032,-0.732839849556,0.));
#11748 = DIRECTION('',(-0.732839849556,-0.680401172032,0.));
#11749 = ADVANCED_FACE('',(#11750),#11768,.F.);
#11750 = FACE_BOUND('',#11751,.F.);
#11751 = EDGE_LOOP('',(#11752,#11760,#11766,#11767));
#11752 = ORIENTED_EDGE('',*,*,#11753,.T.);
#11753 = EDGE_CURVE('',#7639,#11754,#11756,.T.);
#11754 = VERTEX_POINT('',#11755);
#11755 = CARTESIAN_POINT('',(-27.67267518102,16.570219925219,19.2));
#11756 = LINE('',#11757,#11758);
#11757 = CARTESIAN_POINT('',(-27.67267518102,16.570219925219,9.4));
#11758 = VECTOR('',#11759,1.);
#11759 = DIRECTION('',(0.,0.,1.));
#11760 = ORIENTED_EDGE('',*,*,#11761,.T.);
#11761 = EDGE_CURVE('',#11754,#11730,#11762,.T.);
#11762 = LINE('',#11763,#11764);
#11763 = CARTESIAN_POINT('',(-27.67267518102,16.570219925219,19.2));
#11764 = VECTOR('',#11765,1.);
#11765 = DIRECTION('',(-0.775771148967,-0.631014361508,0.));
#11766 = ORIENTED_EDGE('',*,*,#11729,.F.);
#11767 = ORIENTED_EDGE('',*,*,#7646,.F.);
#11768 = PLANE('',#11769);
#11769 = AXIS2_PLACEMENT_3D('',#11770,#11771,#11772);
#11770 = CARTESIAN_POINT('',(-27.67267518102,16.570219925219,9.4));
#11771 = DIRECTION('',(0.631014361508,-0.775771148967,0.));
#11772 = DIRECTION('',(-0.775771148967,-0.631014361508,0.));
#11773 = ADVANCED_FACE('',(#11774),#11792,.F.);
#11774 = FACE_BOUND('',#11775,.F.);
#11775 = EDGE_LOOP('',(#11776,#11784,#11790,#11791));
#11776 = ORIENTED_EDGE('',*,*,#11777,.T.);
#11777 = EDGE_CURVE('',#7631,#11778,#11780,.T.);
#11778 = VERTEX_POINT('',#11779);
#11779 = CARTESIAN_POINT('',(-27.14177300385,16.947163929568,19.2));
#11780 = LINE('',#11781,#11782);
#11781 = CARTESIAN_POINT('',(-27.14177300385,16.947163929568,9.4));
#11782 = VECTOR('',#11783,1.);
#11783 = DIRECTION('',(0.,0.,1.));
#11784 = ORIENTED_EDGE('',*,*,#11785,.T.);
#11785 = EDGE_CURVE('',#11778,#11754,#11786,.T.);
#11786 = LINE('',#11787,#11788);
#11787 = CARTESIAN_POINT('',(-27.14177300385,16.947163929568,19.2));
#11788 = VECTOR('',#11789,1.);
#11789 = DIRECTION('',(-0.81538047722,-0.578925450614,0.));
#11790 = ORIENTED_EDGE('',*,*,#11753,.F.);
#11791 = ORIENTED_EDGE('',*,*,#7638,.F.);
#11792 = PLANE('',#11793);
#11793 = AXIS2_PLACEMENT_3D('',#11794,#11795,#11796);
#11794 = CARTESIAN_POINT('',(-27.14177300385,16.947163929568,9.4));
#11795 = DIRECTION('',(0.578925450614,-0.81538047722,0.));
#11796 = DIRECTION('',(-0.81538047722,-0.578925450614,0.));
#11797 = ADVANCED_FACE('',(#11798),#11816,.F.);
#11798 = FACE_BOUND('',#11799,.F.);
#11799 = EDGE_LOOP('',(#11800,#11808,#11814,#11815));
#11800 = ORIENTED_EDGE('',*,*,#11801,.T.);
#11801 = EDGE_CURVE('',#7623,#11802,#11804,.T.);
#11802 = VERTEX_POINT('',#11803);
#11803 = CARTESIAN_POINT('',(-26.58735421156,17.288578204167,19.2));
#11804 = LINE('',#11805,#11806);
#11805 = CARTESIAN_POINT('',(-26.58735421156,17.288578204167,9.4));
#11806 = VECTOR('',#11807,1.);
#11807 = DIRECTION('',(0.,0.,1.));
#11808 = ORIENTED_EDGE('',*,*,#11809,.T.);
#11809 = EDGE_CURVE('',#11802,#11778,#11810,.T.);
#11810 = LINE('',#11811,#11812);
#11811 = CARTESIAN_POINT('',(-26.58735421156,17.288578204167,19.2));
#11812 = VECTOR('',#11813,1.);
#11813 = DIRECTION('',(-0.85149822109,-0.524357492062,0.));
#11814 = ORIENTED_EDGE('',*,*,#11777,.F.);
#11815 = ORIENTED_EDGE('',*,*,#7630,.F.);
#11816 = PLANE('',#11817);
#11817 = AXIS2_PLACEMENT_3D('',#11818,#11819,#11820);
#11818 = CARTESIAN_POINT('',(-26.58735421156,17.288578204167,9.4));
#11819 = DIRECTION('',(0.524357492062,-0.85149822109,0.));
#11820 = DIRECTION('',(-0.85149822109,-0.524357492062,0.));
#11821 = ADVANCED_FACE('',(#11822),#11872,.F.);
#11822 = FACE_BOUND('',#11823,.F.);
#11823 = EDGE_LOOP('',(#11824,#11832,#11840,#11848,#11856,#11864,#11870,
    #11871));
#11824 = ORIENTED_EDGE('',*,*,#11825,.F.);
#11825 = EDGE_CURVE('',#11826,#7613,#11828,.T.);
#11826 = VERTEX_POINT('',#11827);
#11827 = CARTESIAN_POINT('',(-26.464,17.353822000745,10.));
#11828 = LINE('',#11829,#11830);
#11829 = CARTESIAN_POINT('',(-26.464,17.353822000745,4.9));
#11830 = VECTOR('',#11831,1.);
#11831 = DIRECTION('',(0.,-0.,-1.));
#11832 = ORIENTED_EDGE('',*,*,#11833,.T.);
#11833 = EDGE_CURVE('',#11826,#11834,#11836,.T.);
#11834 = VERTEX_POINT('',#11835);
#11835 = CARTESIAN_POINT('',(-26.46,17.355937657625,10.));
#11836 = LINE('',#11837,#11838);
#11837 = CARTESIAN_POINT('',(-26.78153428741,17.185873600839,10.));
#11838 = VECTOR('',#11839,1.);
#11839 = DIRECTION('',(0.883969718852,0.467544154228,-0.));
#11840 = ORIENTED_EDGE('',*,*,#11841,.T.);
#11841 = EDGE_CURVE('',#11834,#11842,#11844,.T.);
#11842 = VERTEX_POINT('',#11843);
#11843 = CARTESIAN_POINT('',(-26.46,17.355937657625,16.2));
#11844 = LINE('',#11845,#11846);
#11845 = CARTESIAN_POINT('',(-26.46,17.355937657625,4.9));
#11846 = VECTOR('',#11847,1.);
#11847 = DIRECTION('',(0.,0.,1.));
#11848 = ORIENTED_EDGE('',*,*,#11849,.F.);
#11849 = EDGE_CURVE('',#11850,#11842,#11852,.T.);
#11850 = VERTEX_POINT('',#11851);
#11851 = CARTESIAN_POINT('',(-26.4,17.387672510816,16.2));
#11852 = LINE('',#11853,#11854);
#11853 = CARTESIAN_POINT('',(-26.53676224106,17.315337016777,16.2));
#11854 = VECTOR('',#11855,1.);
#11855 = DIRECTION('',(-0.883969718852,-0.467544154228,0.));
#11856 = ORIENTED_EDGE('',*,*,#11857,.T.);
#11857 = EDGE_CURVE('',#11850,#11858,#11860,.T.);
#11858 = VERTEX_POINT('',#11859);
#11859 = CARTESIAN_POINT('',(-26.4,17.387672510816,19.2));
#11860 = LINE('',#11861,#11862);
#11861 = CARTESIAN_POINT('',(-26.4,17.387672510816,10.45));
#11862 = VECTOR('',#11863,1.);
#11863 = DIRECTION('',(0.,0.,1.));
#11864 = ORIENTED_EDGE('',*,*,#11865,.T.);
#11865 = EDGE_CURVE('',#11858,#11802,#11866,.T.);
#11866 = LINE('',#11867,#11868);
#11867 = CARTESIAN_POINT('',(-26.01179291055,17.593000760677,19.2));
#11868 = VECTOR('',#11869,1.);
#11869 = DIRECTION('',(-0.883969718852,-0.467544154228,0.));
#11870 = ORIENTED_EDGE('',*,*,#11801,.F.);
#11871 = ORIENTED_EDGE('',*,*,#7622,.F.);
#11872 = PLANE('',#11873);
#11873 = AXIS2_PLACEMENT_3D('',#11874,#11875,#11876);
#11874 = CARTESIAN_POINT('',(-26.01179291055,17.593000760677,9.4));
#11875 = DIRECTION('',(0.467544154228,-0.883969718852,0.));
#11876 = DIRECTION('',(-0.883969718852,-0.467544154228,0.));
#11877 = ADVANCED_FACE('',(#11878),#11910,.F.);
#11878 = FACE_BOUND('',#11879,.F.);
#11879 = EDGE_LOOP('',(#11880,#11881,#11889,#11897,#11903,#11904));
#11880 = ORIENTED_EDGE('',*,*,#9226,.F.);
#11881 = ORIENTED_EDGE('',*,*,#11882,.T.);
#11882 = EDGE_CURVE('',#9219,#11883,#11885,.T.);
#11883 = VERTEX_POINT('',#11884);
#11884 = CARTESIAN_POINT('',(-21.13728991798,15.98209576941,19.2));
#11885 = LINE('',#11886,#11887);
#11886 = CARTESIAN_POINT('',(-21.13728991798,15.98209576941,9.4));
#11887 = VECTOR('',#11888,1.);
#11888 = DIRECTION('',(0.,0.,1.));
#11889 = ORIENTED_EDGE('',*,*,#11890,.T.);
#11890 = EDGE_CURVE('',#11883,#11891,#11893,.T.);
#11891 = VERTEX_POINT('',#11892);
#11892 = CARTESIAN_POINT('',(-21.12205256982,16.2,19.2));
#11893 = LINE('',#11894,#11895);
#11894 = CARTESIAN_POINT('',(-21.13728991798,15.98209576941,19.2));
#11895 = VECTOR('',#11896,1.);
#11896 = DIRECTION('',(6.975647374412E-02,0.99756405026,0.));
#11897 = ORIENTED_EDGE('',*,*,#11898,.T.);
#11898 = EDGE_CURVE('',#11891,#230,#11899,.T.);
#11899 = LINE('',#11900,#11901);
#11900 = CARTESIAN_POINT('',(-21.12205256982,16.2,10.45));
#11901 = VECTOR('',#11902,1.);
#11902 = DIRECTION('',(0.,0.,-1.));
#11903 = ORIENTED_EDGE('',*,*,#237,.T.);
#11904 = ORIENTED_EDGE('',*,*,#11905,.F.);
#11905 = EDGE_CURVE('',#9227,#238,#11906,.T.);
#11906 = LINE('',#11907,#11908);
#11907 = CARTESIAN_POINT('',(-20.95592308624,18.575762300085,9.4));
#11908 = VECTOR('',#11909,1.);
#11909 = DIRECTION('',(0.,0.,1.));
#11910 = PLANE('',#11911);
#11911 = AXIS2_PLACEMENT_3D('',#11912,#11913,#11914);
#11912 = CARTESIAN_POINT('',(-21.13728991798,15.98209576941,9.4));
#11913 = DIRECTION('',(-0.99756405026,6.975647374412E-02,0.));
#11914 = DIRECTION('',(6.975647374412E-02,0.99756405026,0.));
#11915 = ADVANCED_FACE('',(#11916),#11927,.F.);
#11916 = FACE_BOUND('',#11917,.F.);
#11917 = EDGE_LOOP('',(#11918,#11919,#11925,#11926));
#11918 = ORIENTED_EDGE('',*,*,#11023,.T.);
#11919 = ORIENTED_EDGE('',*,*,#11920,.T.);
#11920 = EDGE_CURVE('',#11016,#11883,#11921,.T.);
#11921 = LINE('',#11922,#11923);
#11922 = CARTESIAN_POINT('',(-21.61792967675,15.999930033297,19.2));
#11923 = VECTOR('',#11924,1.);
#11924 = DIRECTION('',(0.999312309816,-3.707974447401E-02,0.));
#11925 = ORIENTED_EDGE('',*,*,#11882,.F.);
#11926 = ORIENTED_EDGE('',*,*,#9216,.F.);
#11927 = PLANE('',#11928);
#11928 = AXIS2_PLACEMENT_3D('',#11929,#11930,#11931);
#11929 = CARTESIAN_POINT('',(-21.61792967675,15.999930033297,9.4));
#11930 = DIRECTION('',(3.707974447401E-02,0.999312309816,-0.));
#11931 = DIRECTION('',(0.999312309816,-3.707974447401E-02,0.));
#11932 = ADVANCED_FACE('',(#11933),#11939,.F.);
#11933 = FACE_BOUND('',#11934,.F.);
#11934 = EDGE_LOOP('',(#11935,#11936,#11937,#11938));
#11935 = ORIENTED_EDGE('',*,*,#10992,.T.);
#11936 = ORIENTED_EDGE('',*,*,#10892,.T.);
#11937 = ORIENTED_EDGE('',*,*,#10922,.F.);
#11938 = ORIENTED_EDGE('',*,*,#10952,.T.);
#11939 = PLANE('',#11940);
#11940 = AXIS2_PLACEMENT_3D('',#11941,#11942,#11943);
#11941 = CARTESIAN_POINT('',(-30.75,-10.4,9.5));
#11942 = DIRECTION('',(1.,0.,-0.));
#11943 = DIRECTION('',(0.,0.,1.));
#11944 = ADVANCED_FACE('',(#11945),#11979,.F.);
#11945 = FACE_BOUND('',#11946,.F.);
#11946 = EDGE_LOOP('',(#11947,#11955,#11963,#11971,#11977,#11978));
#11947 = ORIENTED_EDGE('',*,*,#11948,.F.);
#11948 = EDGE_CURVE('',#11949,#7615,#11951,.T.);
#11949 = VERTEX_POINT('',#11950);
#11950 = CARTESIAN_POINT('',(-26.464,16.87,2.1));
#11951 = LINE('',#11952,#11953);
#11952 = CARTESIAN_POINT('',(-26.464,16.87,0.4));
#11953 = VECTOR('',#11954,1.);
#11954 = DIRECTION('',(0.,0.,1.));
#11955 = ORIENTED_EDGE('',*,*,#11956,.T.);
#11956 = EDGE_CURVE('',#11949,#11957,#11959,.T.);
#11957 = VERTEX_POINT('',#11958);
#11958 = CARTESIAN_POINT('',(-26.464,28.,2.1));
#11959 = LINE('',#11960,#11961);
#11960 = CARTESIAN_POINT('',(-26.464,23.361693837336,2.1));
#11961 = VECTOR('',#11962,1.);
#11962 = DIRECTION('',(-0.,1.,0.));
#11963 = ORIENTED_EDGE('',*,*,#11964,.T.);
#11964 = EDGE_CURVE('',#11957,#11965,#11967,.T.);
#11965 = VERTEX_POINT('',#11966);
#11966 = CARTESIAN_POINT('',(-26.464,28.,10.));
#11967 = LINE('',#11968,#11969);
#11968 = CARTESIAN_POINT('',(-26.464,28.,0.4));
#11969 = VECTOR('',#11970,1.);
#11970 = DIRECTION('',(0.,0.,1.));
#11971 = ORIENTED_EDGE('',*,*,#11972,.T.);
#11972 = EDGE_CURVE('',#11965,#11826,#11973,.T.);
#11973 = LINE('',#11974,#11975);
#11974 = CARTESIAN_POINT('',(-26.464,28.,10.));
#11975 = VECTOR('',#11976,1.);
#11976 = DIRECTION('',(0.,-1.,0.));
#11977 = ORIENTED_EDGE('',*,*,#11825,.T.);
#11978 = ORIENTED_EDGE('',*,*,#7612,.T.);
#11979 = PLANE('',#11980);
#11980 = AXIS2_PLACEMENT_3D('',#11981,#11982,#11983);
#11981 = CARTESIAN_POINT('',(-26.464,28.,0.4));
#11982 = DIRECTION('',(1.,0.,-0.));
#11983 = DIRECTION('',(0.,-1.,0.));
#11984 = ADVANCED_FACE('',(#11985),#12003,.F.);
#11985 = FACE_BOUND('',#11986,.F.);
#11986 = EDGE_LOOP('',(#11987,#11995,#12001,#12002));
#11987 = ORIENTED_EDGE('',*,*,#11988,.F.);
#11988 = EDGE_CURVE('',#11989,#7839,#11991,.T.);
#11989 = VERTEX_POINT('',#11990);
#11990 = CARTESIAN_POINT('',(-27.087,16.468,2.1));
#11991 = LINE('',#11992,#11993);
#11992 = CARTESIAN_POINT('',(-27.087,16.468,0.4));
#11993 = VECTOR('',#11994,1.);
#11994 = DIRECTION('',(0.,0.,1.));
#11995 = ORIENTED_EDGE('',*,*,#11996,.T.);
#11996 = EDGE_CURVE('',#11989,#11949,#11997,.T.);
#11997 = LINE('',#11998,#11999);
#11998 = CARTESIAN_POINT('',(-27.235069116,16.372456204439,2.1));
#11999 = VECTOR('',#12000,1.);
#12000 = DIRECTION('',(0.840257006679,0.542188309286,-0.));
#12001 = ORIENTED_EDGE('',*,*,#11948,.T.);
#12002 = ORIENTED_EDGE('',*,*,#7846,.T.);
#12003 = PLANE('',#12004);
#12004 = AXIS2_PLACEMENT_3D('',#12005,#12006,#12007);
#12005 = CARTESIAN_POINT('',(-26.464,16.87,0.4));
#12006 = DIRECTION('',(0.542188309286,-0.840257006679,0.));
#12007 = DIRECTION('',(-0.840257006679,-0.542188309286,0.));
#12008 = ADVANCED_FACE('',(#12009),#12027,.F.);
#12009 = FACE_BOUND('',#12010,.F.);
#12010 = EDGE_LOOP('',(#12011,#12019,#12025,#12026));
#12011 = ORIENTED_EDGE('',*,*,#12012,.F.);
#12012 = EDGE_CURVE('',#12013,#7831,#12015,.T.);
#12013 = VERTEX_POINT('',#12014);
#12014 = CARTESIAN_POINT('',(-27.428,16.218,2.1));
#12015 = LINE('',#12016,#12017);
#12016 = CARTESIAN_POINT('',(-27.428,16.218,0.4));
#12017 = VECTOR('',#12018,1.);
#12018 = DIRECTION('',(0.,0.,1.));
#12019 = ORIENTED_EDGE('',*,*,#12020,.T.);
#12020 = EDGE_CURVE('',#12013,#11989,#12021,.T.);
#12021 = LINE('',#12022,#12023);
#12022 = CARTESIAN_POINT('',(-27.44591238026,16.204867756407,2.1));
#12023 = VECTOR('',#12024,1.);
#12024 = DIRECTION('',(0.806480178614,0.591261128016,-0.));
#12025 = ORIENTED_EDGE('',*,*,#11988,.T.);
#12026 = ORIENTED_EDGE('',*,*,#7838,.T.);
#12027 = PLANE('',#12028);
#12028 = AXIS2_PLACEMENT_3D('',#12029,#12030,#12031);
#12029 = CARTESIAN_POINT('',(-27.087,16.468,0.4));
#12030 = DIRECTION('',(0.591261128016,-0.806480178614,0.));
#12031 = DIRECTION('',(-0.806480178614,-0.591261128016,0.));
#12032 = ADVANCED_FACE('',(#12033),#12051,.F.);
#12033 = FACE_BOUND('',#12034,.F.);
#12034 = EDGE_LOOP('',(#12035,#12043,#12049,#12050));
#12035 = ORIENTED_EDGE('',*,*,#12036,.F.);
#12036 = EDGE_CURVE('',#12037,#7823,#12039,.T.);
#12037 = VERTEX_POINT('',#12038);
#12038 = CARTESIAN_POINT('',(-27.758,15.953,2.1));
#12039 = LINE('',#12040,#12041);
#12040 = CARTESIAN_POINT('',(-27.758,15.953,0.4));
#12041 = VECTOR('',#12042,1.);
#12042 = DIRECTION('',(0.,0.,1.));
#12043 = ORIENTED_EDGE('',*,*,#12044,.T.);
#12044 = EDGE_CURVE('',#12037,#12013,#12045,.T.);
#12045 = LINE('',#12046,#12047);
#12046 = CARTESIAN_POINT('',(-27.55088509042,16.119319548598,2.1));
#12047 = VECTOR('',#12048,1.);
#12048 = DIRECTION('',(0.779714908445,0.626134699206,-0.));
#12049 = ORIENTED_EDGE('',*,*,#12012,.T.);
#12050 = ORIENTED_EDGE('',*,*,#7830,.T.);
#12051 = PLANE('',#12052);
#12052 = AXIS2_PLACEMENT_3D('',#12053,#12054,#12055);
#12053 = CARTESIAN_POINT('',(-27.428,16.218,0.4));
#12054 = DIRECTION('',(0.626134699206,-0.779714908445,0.));
#12055 = DIRECTION('',(-0.779714908445,-0.626134699206,0.));
#12056 = ADVANCED_FACE('',(#12057),#12075,.F.);
#12057 = FACE_BOUND('',#12058,.F.);
#12058 = EDGE_LOOP('',(#12059,#12067,#12073,#12074));
#12059 = ORIENTED_EDGE('',*,*,#12060,.F.);
#12060 = EDGE_CURVE('',#12061,#7815,#12063,.T.);
#12061 = VERTEX_POINT('',#12062);
#12062 = CARTESIAN_POINT('',(-28.076,15.674,2.1));
#12063 = LINE('',#12064,#12065);
#12064 = CARTESIAN_POINT('',(-28.076,15.674,0.4));
#12065 = VECTOR('',#12066,1.);
#12066 = DIRECTION('',(0.,0.,1.));
#12067 = ORIENTED_EDGE('',*,*,#12068,.T.);
#12068 = EDGE_CURVE('',#12061,#12037,#12069,.T.);
#12069 = LINE('',#12070,#12071);
#12070 = CARTESIAN_POINT('',(-27.66068048685,16.038384101153,2.1));
#12071 = VECTOR('',#12072,1.);
#12072 = DIRECTION('',(0.751697433768,0.659508125853,-0.));
#12073 = ORIENTED_EDGE('',*,*,#12036,.T.);
#12074 = ORIENTED_EDGE('',*,*,#7822,.T.);
#12075 = PLANE('',#12076);
#12076 = AXIS2_PLACEMENT_3D('',#12077,#12078,#12079);
#12077 = CARTESIAN_POINT('',(-27.758,15.953,0.4));
#12078 = DIRECTION('',(0.659508125853,-0.751697433768,0.));
#12079 = DIRECTION('',(-0.751697433768,-0.659508125853,0.));
#12080 = ADVANCED_FACE('',(#12081),#12099,.F.);
#12081 = FACE_BOUND('',#12082,.F.);
#12082 = EDGE_LOOP('',(#12083,#12091,#12097,#12098));
#12083 = ORIENTED_EDGE('',*,*,#12084,.F.);
#12084 = EDGE_CURVE('',#12085,#7807,#12087,.T.);
#12085 = VERTEX_POINT('',#12086);
#12086 = CARTESIAN_POINT('',(-28.382,15.382,2.1));
#12087 = LINE('',#12088,#12089);
#12088 = CARTESIAN_POINT('',(-28.382,15.382,0.4));
#12089 = VECTOR('',#12090,1.);
#12090 = DIRECTION('',(0.,0.,1.));
#12091 = ORIENTED_EDGE('',*,*,#12092,.T.);
#12092 = EDGE_CURVE('',#12085,#12061,#12093,.T.);
#12093 = LINE('',#12094,#12095);
#12094 = CARTESIAN_POINT('',(-27.77721427169,15.959115793027,2.1));
#12095 = VECTOR('',#12096,1.);
#12096 = DIRECTION('',(0.723462885485,0.690363276345,-0.));
#12097 = ORIENTED_EDGE('',*,*,#12060,.T.);
#12098 = ORIENTED_EDGE('',*,*,#7814,.T.);
#12099 = PLANE('',#12100);
#12100 = AXIS2_PLACEMENT_3D('',#12101,#12102,#12103);
#12101 = CARTESIAN_POINT('',(-28.076,15.674,0.4));
#12102 = DIRECTION('',(0.690363276345,-0.723462885485,0.));
#12103 = DIRECTION('',(-0.723462885485,-0.690363276345,0.));
#12104 = ADVANCED_FACE('',(#12105),#12123,.F.);
#12105 = FACE_BOUND('',#12106,.F.);
#12106 = EDGE_LOOP('',(#12107,#12115,#12121,#12122));
#12107 = ORIENTED_EDGE('',*,*,#12108,.F.);
#12108 = EDGE_CURVE('',#12109,#7799,#12111,.T.);
#12109 = VERTEX_POINT('',#12110);
#12110 = CARTESIAN_POINT('',(-28.674,15.076,2.1));
#12111 = LINE('',#12112,#12113);
#12112 = CARTESIAN_POINT('',(-28.674,15.076,0.4));
#12113 = VECTOR('',#12114,1.);
#12114 = DIRECTION('',(0.,0.,1.));
#12115 = ORIENTED_EDGE('',*,*,#12116,.T.);
#12116 = EDGE_CURVE('',#12109,#12085,#12117,.T.);
#12117 = LINE('',#12118,#12119);
#12118 = CARTESIAN_POINT('',(-27.89600187163,15.891299408489,2.1));
#12119 = VECTOR('',#12120,1.);
#12120 = DIRECTION('',(0.690363276345,0.723462885485,-0.));
#12121 = ORIENTED_EDGE('',*,*,#12084,.T.);
#12122 = ORIENTED_EDGE('',*,*,#7806,.T.);
#12123 = PLANE('',#12124);
#12124 = AXIS2_PLACEMENT_3D('',#12125,#12126,#12127);
#12125 = CARTESIAN_POINT('',(-28.382,15.382,0.4));
#12126 = DIRECTION('',(0.723462885485,-0.690363276345,0.));
#12127 = DIRECTION('',(-0.690363276345,-0.723462885485,0.));
#12128 = ADVANCED_FACE('',(#12129),#12147,.F.);
#12129 = FACE_BOUND('',#12130,.F.);
#12130 = EDGE_LOOP('',(#12131,#12139,#12145,#12146));
#12131 = ORIENTED_EDGE('',*,*,#12132,.F.);
#12132 = EDGE_CURVE('',#12133,#7791,#12135,.T.);
#12133 = VERTEX_POINT('',#12134);
#12134 = CARTESIAN_POINT('',(-28.953,14.758,2.1));
#12135 = LINE('',#12136,#12137);
#12136 = CARTESIAN_POINT('',(-28.953,14.758,0.4));
#12137 = VECTOR('',#12138,1.);
#12138 = DIRECTION('',(0.,0.,1.));
#12139 = ORIENTED_EDGE('',*,*,#12140,.T.);
#12140 = EDGE_CURVE('',#12133,#12109,#12141,.T.);
#12141 = LINE('',#12142,#12143);
#12142 = CARTESIAN_POINT('',(-28.02438368462,15.816422897089,2.1));
#12143 = VECTOR('',#12144,1.);
#12144 = DIRECTION('',(0.659508125853,0.751697433768,-0.));
#12145 = ORIENTED_EDGE('',*,*,#12108,.T.);
#12146 = ORIENTED_EDGE('',*,*,#7798,.T.);
#12147 = PLANE('',#12148);
#12148 = AXIS2_PLACEMENT_3D('',#12149,#12150,#12151);
#12149 = CARTESIAN_POINT('',(-28.674,15.076,0.4));
#12150 = DIRECTION('',(0.751697433768,-0.659508125853,0.));
#12151 = DIRECTION('',(-0.659508125853,-0.751697433768,0.));
#12152 = ADVANCED_FACE('',(#12153),#12171,.F.);
#12153 = FACE_BOUND('',#12154,.F.);
#12154 = EDGE_LOOP('',(#12155,#12163,#12169,#12170));
#12155 = ORIENTED_EDGE('',*,*,#12156,.F.);
#12156 = EDGE_CURVE('',#12157,#7783,#12159,.T.);
#12157 = VERTEX_POINT('',#12158);
#12158 = CARTESIAN_POINT('',(-29.218,14.428,2.1));
#12159 = LINE('',#12160,#12161);
#12160 = CARTESIAN_POINT('',(-29.218,14.428,0.4));
#12161 = VECTOR('',#12162,1.);
#12162 = DIRECTION('',(0.,0.,1.));
#12163 = ORIENTED_EDGE('',*,*,#12164,.T.);
#12164 = EDGE_CURVE('',#12157,#12133,#12165,.T.);
#12165 = LINE('',#12166,#12167);
#12166 = CARTESIAN_POINT('',(-28.15972296432,15.745854421781,2.1));
#12167 = VECTOR('',#12168,1.);
#12168 = DIRECTION('',(0.626134699206,0.779714908445,-0.));
#12169 = ORIENTED_EDGE('',*,*,#12132,.T.);
#12170 = ORIENTED_EDGE('',*,*,#7790,.T.);
#12171 = PLANE('',#12172);
#12172 = AXIS2_PLACEMENT_3D('',#12173,#12174,#12175);
#12173 = CARTESIAN_POINT('',(-28.953,14.758,0.4));
#12174 = DIRECTION('',(0.779714908445,-0.626134699206,0.));
#12175 = DIRECTION('',(-0.626134699206,-0.779714908445,0.));
#12176 = ADVANCED_FACE('',(#12177),#12195,.F.);
#12177 = FACE_BOUND('',#12178,.F.);
#12178 = EDGE_LOOP('',(#12179,#12187,#12193,#12194));
#12179 = ORIENTED_EDGE('',*,*,#12180,.F.);
#12180 = EDGE_CURVE('',#12181,#7775,#12183,.T.);
#12181 = VERTEX_POINT('',#12182);
#12182 = CARTESIAN_POINT('',(-29.468,14.087,2.1));
#12183 = LINE('',#12184,#12185);
#12184 = CARTESIAN_POINT('',(-29.468,14.087,0.4));
#12185 = VECTOR('',#12186,1.);
#12186 = DIRECTION('',(0.,0.,1.));
#12187 = ORIENTED_EDGE('',*,*,#12188,.T.);
#12188 = EDGE_CURVE('',#12181,#12157,#12189,.T.);
#12189 = LINE('',#12190,#12191);
#12190 = CARTESIAN_POINT('',(-28.30334226263,15.675593153769,2.1));
#12191 = VECTOR('',#12192,1.);
#12192 = DIRECTION('',(0.591261128016,0.806480178614,-0.));
#12193 = ORIENTED_EDGE('',*,*,#12156,.T.);
#12194 = ORIENTED_EDGE('',*,*,#7782,.T.);
#12195 = PLANE('',#12196);
#12196 = AXIS2_PLACEMENT_3D('',#12197,#12198,#12199);
#12197 = CARTESIAN_POINT('',(-29.218,14.428,0.4));
#12198 = DIRECTION('',(0.806480178614,-0.591261128016,0.));
#12199 = DIRECTION('',(-0.591261128016,-0.806480178614,0.));
#12200 = ADVANCED_FACE('',(#12201),#12219,.F.);
#12201 = FACE_BOUND('',#12202,.F.);
#12202 = EDGE_LOOP('',(#12203,#12211,#12217,#12218));
#12203 = ORIENTED_EDGE('',*,*,#12204,.F.);
#12204 = EDGE_CURVE('',#12205,#7767,#12207,.T.);
#12205 = VERTEX_POINT('',#12206);
#12206 = CARTESIAN_POINT('',(-29.703,13.736,2.1));
#12207 = LINE('',#12208,#12209);
#12208 = CARTESIAN_POINT('',(-29.703,13.736,0.4));
#12209 = VECTOR('',#12210,1.);
#12210 = DIRECTION('',(0.,0.,1.));
#12211 = ORIENTED_EDGE('',*,*,#12212,.T.);
#12212 = EDGE_CURVE('',#12205,#12181,#12213,.T.);
#12213 = LINE('',#12214,#12215);
#12214 = CARTESIAN_POINT('',(-28.45452930045,15.600737087412,2.1));
#12215 = VECTOR('',#12216,1.);
#12216 = DIRECTION('',(0.556338086623,0.830956035764,-0.));
#12217 = ORIENTED_EDGE('',*,*,#12180,.T.);
#12218 = ORIENTED_EDGE('',*,*,#7774,.T.);
#12219 = PLANE('',#12220);
#12220 = AXIS2_PLACEMENT_3D('',#12221,#12222,#12223);
#12221 = CARTESIAN_POINT('',(-29.468,14.087,0.4));
#12222 = DIRECTION('',(0.830956035764,-0.556338086623,0.));
#12223 = DIRECTION('',(-0.556338086623,-0.830956035764,0.));
#12224 = ADVANCED_FACE('',(#12225),#12243,.F.);
#12225 = FACE_BOUND('',#12226,.F.);
#12226 = EDGE_LOOP('',(#12227,#12235,#12241,#12242));
#12227 = ORIENTED_EDGE('',*,*,#12228,.F.);
#12228 = EDGE_CURVE('',#12229,#7759,#12231,.T.);
#12229 = VERTEX_POINT('',#12230);
#12230 = CARTESIAN_POINT('',(-29.922,13.374,2.1));
#12231 = LINE('',#12232,#12233);
#12232 = CARTESIAN_POINT('',(-29.922,13.374,0.4));
#12233 = VECTOR('',#12234,1.);
#12234 = DIRECTION('',(0.,0.,1.));
#12235 = ORIENTED_EDGE('',*,*,#12236,.T.);
#12236 = EDGE_CURVE('',#12229,#12205,#12237,.T.);
#12237 = LINE('',#12238,#12239);
#12238 = CARTESIAN_POINT('',(-28.61749963923,15.530297399995,2.1));
#12239 = VECTOR('',#12240,1.);
#12240 = DIRECTION('',(0.517620578588,0.855610271457,-0.));
#12241 = ORIENTED_EDGE('',*,*,#12204,.T.);
#12242 = ORIENTED_EDGE('',*,*,#7766,.T.);
#12243 = PLANE('',#12244);
#12244 = AXIS2_PLACEMENT_3D('',#12245,#12246,#12247);
#12245 = CARTESIAN_POINT('',(-29.703,13.736,0.4));
#12246 = DIRECTION('',(0.855610271457,-0.517620578588,0.));
#12247 = DIRECTION('',(-0.517620578588,-0.855610271457,0.));
#12248 = ADVANCED_FACE('',(#12249),#12267,.F.);
#12249 = FACE_BOUND('',#12250,.F.);
#12250 = EDGE_LOOP('',(#12251,#12259,#12265,#12266));
#12251 = ORIENTED_EDGE('',*,*,#12252,.F.);
#12252 = EDGE_CURVE('',#12253,#7751,#12255,.T.);
#12253 = VERTEX_POINT('',#12254);
#12254 = CARTESIAN_POINT('',(-30.125,13.003,2.1));
#12255 = LINE('',#12256,#12257);
#12256 = CARTESIAN_POINT('',(-30.125,13.003,0.4));
#12257 = VECTOR('',#12258,1.);
#12258 = DIRECTION('',(0.,0.,1.));
#12259 = ORIENTED_EDGE('',*,*,#12260,.T.);
#12260 = EDGE_CURVE('',#12253,#12229,#12261,.T.);
#12261 = LINE('',#12262,#12263);
#12262 = CARTESIAN_POINT('',(-28.78672972915,15.448804288092,2.1));
#12263 = VECTOR('',#12264,1.);
#12264 = DIRECTION('',(0.480011415389,0.877262241919,-0.));
#12265 = ORIENTED_EDGE('',*,*,#12228,.T.);
#12266 = ORIENTED_EDGE('',*,*,#7758,.T.);
#12267 = PLANE('',#12268);
#12268 = AXIS2_PLACEMENT_3D('',#12269,#12270,#12271);
#12269 = CARTESIAN_POINT('',(-29.922,13.374,0.4));
#12270 = DIRECTION('',(0.877262241919,-0.480011415389,0.));
#12271 = DIRECTION('',(-0.480011415389,-0.877262241919,0.));
#12272 = ADVANCED_FACE('',(#12273),#12291,.F.);
#12273 = FACE_BOUND('',#12274,.F.);
#12274 = EDGE_LOOP('',(#12275,#12283,#12289,#12290));
#12275 = ORIENTED_EDGE('',*,*,#12276,.F.);
#12276 = EDGE_CURVE('',#12277,#7743,#12279,.T.);
#12277 = VERTEX_POINT('',#12278);
#12278 = CARTESIAN_POINT('',(-30.312,12.624,2.1));
#12279 = LINE('',#12280,#12281);
#12280 = CARTESIAN_POINT('',(-30.312,12.624,0.4));
#12281 = VECTOR('',#12282,1.);
#12282 = DIRECTION('',(0.,0.,1.));
#12283 = ORIENTED_EDGE('',*,*,#12284,.T.);
#12284 = EDGE_CURVE('',#12277,#12253,#12285,.T.);
#12285 = LINE('',#12286,#12287);
#12286 = CARTESIAN_POINT('',(-28.96257416171,15.358932581328,2.1));
#12287 = VECTOR('',#12288,1.);
#12288 = DIRECTION('',(0.442474983058,0.896780848016,-0.));
#12289 = ORIENTED_EDGE('',*,*,#12252,.T.);
#12290 = ORIENTED_EDGE('',*,*,#7750,.T.);
#12291 = PLANE('',#12292);
#12292 = AXIS2_PLACEMENT_3D('',#12293,#12294,#12295);
#12293 = CARTESIAN_POINT('',(-30.125,13.003,0.4));
#12294 = DIRECTION('',(0.896780848016,-0.442474983058,0.));
#12295 = DIRECTION('',(-0.442474983058,-0.896780848016,0.));
#12296 = ADVANCED_FACE('',(#12297),#12315,.F.);
#12297 = FACE_BOUND('',#12298,.F.);
#12298 = EDGE_LOOP('',(#12299,#12307,#12313,#12314));
#12299 = ORIENTED_EDGE('',*,*,#12300,.F.);
#12300 = EDGE_CURVE('',#12301,#7735,#12303,.T.);
#12301 = VERTEX_POINT('',#12302);
#12302 = CARTESIAN_POINT('',(-30.483,12.237,2.1));
#12303 = LINE('',#12304,#12305);
#12304 = CARTESIAN_POINT('',(-30.483,12.237,0.4));
#12305 = VECTOR('',#12306,1.);
#12306 = DIRECTION('',(0.,0.,1.));
#12307 = ORIENTED_EDGE('',*,*,#12308,.T.);
#12308 = EDGE_CURVE('',#12301,#12277,#12309,.T.);
#12309 = LINE('',#12310,#12311);
#12310 = CARTESIAN_POINT('',(-29.14636871886,15.262007636246,2.1));
#12311 = VECTOR('',#12312,1.);
#12312 = DIRECTION('',(0.404163848321,0.914686604095,-0.));
#12313 = ORIENTED_EDGE('',*,*,#12276,.T.);
#12314 = ORIENTED_EDGE('',*,*,#7742,.T.);
#12315 = PLANE('',#12316);
#12316 = AXIS2_PLACEMENT_3D('',#12317,#12318,#12319);
#12317 = CARTESIAN_POINT('',(-30.312,12.624,0.4));
#12318 = DIRECTION('',(0.914686604095,-0.404163848321,0.));
#12319 = DIRECTION('',(-0.404163848321,-0.914686604095,0.));
#12320 = ADVANCED_FACE('',(#12321),#12332,.F.);
#12321 = FACE_BOUND('',#12322,.F.);
#12322 = EDGE_LOOP('',(#12323,#12324,#12330,#12331));
#12323 = ORIENTED_EDGE('',*,*,#7869,.F.);
#12324 = ORIENTED_EDGE('',*,*,#12325,.T.);
#12325 = EDGE_CURVE('',#7862,#12301,#12326,.T.);
#12326 = LINE('',#12327,#12328);
#12327 = CARTESIAN_POINT('',(-29.346760401,15.163002627478,2.1));
#12328 = VECTOR('',#12329,1.);
#12329 = DIRECTION('',(0.361989520564,0.932182164066,-0.));
#12330 = ORIENTED_EDGE('',*,*,#12300,.T.);
#12331 = ORIENTED_EDGE('',*,*,#7734,.T.);
#12332 = PLANE('',#12333);
#12333 = AXIS2_PLACEMENT_3D('',#12334,#12335,#12336);
#12334 = CARTESIAN_POINT('',(-30.483,12.237,0.4));
#12335 = DIRECTION('',(0.932182164066,-0.361989520564,0.));
#12336 = DIRECTION('',(-0.361989520564,-0.932182164066,0.));
#12337 = ADVANCED_FACE('',(#12338),#12356,.F.);
#12338 = FACE_BOUND('',#12339,.F.);
#12339 = EDGE_LOOP('',(#12340,#12348,#12349,#12350));
#12340 = ORIENTED_EDGE('',*,*,#12341,.F.);
#12341 = EDGE_CURVE('',#7927,#12342,#12344,.T.);
#12342 = VERTEX_POINT('',#12343);
#12343 = CARTESIAN_POINT('',(-24.69,15.9,0.4));
#12344 = LINE('',#12345,#12346);
#12345 = CARTESIAN_POINT('',(-26.46,15.9,0.4));
#12346 = VECTOR('',#12347,1.);
#12347 = DIRECTION('',(1.,0.,-0.));
#12348 = ORIENTED_EDGE('',*,*,#7950,.F.);
#12349 = ORIENTED_EDGE('',*,*,#9290,.F.);
#12350 = ORIENTED_EDGE('',*,*,#12351,.F.);
#12351 = EDGE_CURVE('',#12342,#9283,#12352,.T.);
#12352 = LINE('',#12353,#12354);
#12353 = CARTESIAN_POINT('',(-24.69,15.9,0.4));
#12354 = VECTOR('',#12355,1.);
#12355 = DIRECTION('',(0.,0.,1.));
#12356 = PLANE('',#12357);
#12357 = AXIS2_PLACEMENT_3D('',#12358,#12359,#12360);
#12358 = CARTESIAN_POINT('',(-26.46,15.9,0.4));
#12359 = DIRECTION('',(-0.,1.,0.));
#12360 = DIRECTION('',(0.,0.,1.));
#12361 = ADVANCED_FACE('',(#12362),#12403,.T.);
#12362 = FACE_BOUND('',#12363,.T.);
#12363 = EDGE_LOOP('',(#12364,#12365,#12373,#12381,#12389,#12395,#12396,
    #12402));
#12364 = ORIENTED_EDGE('',*,*,#12351,.F.);
#12365 = ORIENTED_EDGE('',*,*,#12366,.T.);
#12366 = EDGE_CURVE('',#12342,#12367,#12369,.T.);
#12367 = VERTEX_POINT('',#12368);
#12368 = CARTESIAN_POINT('',(-24.69,28.,0.4));
#12369 = LINE('',#12370,#12371);
#12370 = CARTESIAN_POINT('',(-24.69,15.9,0.4));
#12371 = VECTOR('',#12372,1.);
#12372 = DIRECTION('',(-0.,1.,0.));
#12373 = ORIENTED_EDGE('',*,*,#12374,.T.);
#12374 = EDGE_CURVE('',#12367,#12375,#12377,.T.);
#12375 = VERTEX_POINT('',#12376);
#12376 = CARTESIAN_POINT('',(-24.69,28.,14.5));
#12377 = LINE('',#12378,#12379);
#12378 = CARTESIAN_POINT('',(-24.69,28.,0.4));
#12379 = VECTOR('',#12380,1.);
#12380 = DIRECTION('',(0.,0.,1.));
#12381 = ORIENTED_EDGE('',*,*,#12382,.T.);
#12382 = EDGE_CURVE('',#12375,#12383,#12385,.T.);
#12383 = VERTEX_POINT('',#12384);
#12384 = CARTESIAN_POINT('',(-24.69,21.,14.5));
#12385 = LINE('',#12386,#12387);
#12386 = CARTESIAN_POINT('',(-24.69,16.05,14.5));
#12387 = VECTOR('',#12388,1.);
#12388 = DIRECTION('',(0.,-1.,0.));
#12389 = ORIENTED_EDGE('',*,*,#12390,.F.);
#12390 = EDGE_CURVE('',#205,#12383,#12391,.T.);
#12391 = LINE('',#12392,#12393);
#12392 = CARTESIAN_POINT('',(-24.69,21.,6.8));
#12393 = VECTOR('',#12394,1.);
#12394 = DIRECTION('',(0.,0.,1.));
#12395 = ORIENTED_EDGE('',*,*,#293,.T.);
#12396 = ORIENTED_EDGE('',*,*,#12397,.F.);
#12397 = EDGE_CURVE('',#9275,#286,#12398,.T.);
#12398 = LINE('',#12399,#12400);
#12399 = CARTESIAN_POINT('',(-24.69,18.120809322595,4.9));
#12400 = VECTOR('',#12401,1.);
#12401 = DIRECTION('',(0.,0.,1.));
#12402 = ORIENTED_EDGE('',*,*,#9282,.F.);
#12403 = PLANE('',#12404);
#12404 = AXIS2_PLACEMENT_3D('',#12405,#12406,#12407);
#12405 = CARTESIAN_POINT('',(-24.69,15.9,0.4));
#12406 = DIRECTION('',(1.,0.,-0.));
#12407 = DIRECTION('',(0.,0.,1.));
#12408 = ADVANCED_FACE('',(#12409),#12420,.F.);
#12409 = FACE_BOUND('',#12410,.F.);
#12410 = EDGE_LOOP('',(#12411,#12412,#12418,#12419));
#12411 = ORIENTED_EDGE('',*,*,#9274,.F.);
#12412 = ORIENTED_EDGE('',*,*,#12413,.T.);
#12413 = EDGE_CURVE('',#9267,#278,#12414,.T.);
#12414 = LINE('',#12415,#12416);
#12415 = CARTESIAN_POINT('',(-24.18328938464,18.272107092194,9.4));
#12416 = VECTOR('',#12417,1.);
#12417 = DIRECTION('',(0.,0.,1.));
#12418 = ORIENTED_EDGE('',*,*,#285,.T.);
#12419 = ORIENTED_EDGE('',*,*,#12397,.F.);
#12420 = PLANE('',#12421);
#12421 = AXIS2_PLACEMENT_3D('',#12422,#12423,#12424);
#12422 = CARTESIAN_POINT('',(-24.18328938464,18.272107092194,9.4));
#12423 = DIRECTION('',(0.286106487302,-0.958197828177,0.));
#12424 = DIRECTION('',(-0.958197828177,-0.286106487302,0.));
#12425 = ADVANCED_FACE('',(#12426),#12437,.F.);
#12426 = FACE_BOUND('',#12427,.F.);
#12427 = EDGE_LOOP('',(#12428,#12429,#12435,#12436));
#12428 = ORIENTED_EDGE('',*,*,#9266,.F.);
#12429 = ORIENTED_EDGE('',*,*,#12430,.T.);
#12430 = EDGE_CURVE('',#9259,#270,#12431,.T.);
#12431 = LINE('',#12432,#12433);
#12432 = CARTESIAN_POINT('',(-23.54854950399,18.417190475304,9.4));
#12433 = VECTOR('',#12434,1.);
#12434 = DIRECTION('',(0.,0.,1.));
#12435 = ORIENTED_EDGE('',*,*,#277,.T.);
#12436 = ORIENTED_EDGE('',*,*,#12413,.F.);
#12437 = PLANE('',#12438);
#12438 = AXIS2_PLACEMENT_3D('',#12439,#12440,#12441);
#12439 = CARTESIAN_POINT('',(-23.54854950399,18.417190475304,9.4));
#12440 = DIRECTION('',(0.222824774966,-0.974858512637,0.));
#12441 = DIRECTION('',(-0.974858512637,-0.222824774966,0.));
#12442 = ADVANCED_FACE('',(#12443),#12454,.F.);
#12443 = FACE_BOUND('',#12444,.F.);
#12444 = EDGE_LOOP('',(#12445,#12446,#12452,#12453));
#12445 = ORIENTED_EDGE('',*,*,#9258,.F.);
#12446 = ORIENTED_EDGE('',*,*,#12447,.T.);
#12447 = EDGE_CURVE('',#9251,#262,#12448,.T.);
#12448 = LINE('',#12449,#12450);
#12449 = CARTESIAN_POINT('',(-22.9056797429,18.520449249313,9.4));
#12450 = VECTOR('',#12451,1.);
#12451 = DIRECTION('',(0.,0.,1.));
#12452 = ORIENTED_EDGE('',*,*,#269,.T.);
#12453 = ORIENTED_EDGE('',*,*,#12430,.F.);
#12454 = PLANE('',#12455);
#12455 = AXIS2_PLACEMENT_3D('',#12456,#12457,#12458);
#12456 = CARTESIAN_POINT('',(-22.9056797429,18.520449249313,9.4));
#12457 = DIRECTION('',(0.158588892735,-0.987344703283,0.));
#12458 = DIRECTION('',(-0.987344703283,-0.158588892735,0.));
#12459 = ADVANCED_FACE('',(#12460),#12471,.F.);
#12460 = FACE_BOUND('',#12461,.F.);
#12461 = EDGE_LOOP('',(#12462,#12463,#12469,#12470));
#12462 = ORIENTED_EDGE('',*,*,#9250,.F.);
#12463 = ORIENTED_EDGE('',*,*,#12464,.T.);
#12464 = EDGE_CURVE('',#9243,#254,#12465,.T.);
#12465 = LINE('',#12466,#12467);
#12466 = CARTESIAN_POINT('',(-22.25743296837,18.581441244298,9.4));
#12467 = VECTOR('',#12468,1.);
#12468 = DIRECTION('',(0.,0.,1.));
#12469 = ORIENTED_EDGE('',*,*,#261,.T.);
#12470 = ORIENTED_EDGE('',*,*,#12447,.F.);
#12471 = PLANE('',#12472);
#12472 = AXIS2_PLACEMENT_3D('',#12473,#12474,#12475);
#12473 = CARTESIAN_POINT('',(-22.25743296837,18.581441244298,9.4));
#12474 = DIRECTION('',(9.36739085191E-02,-0.995602932329,0.));
#12475 = DIRECTION('',(-0.995602932329,-9.36739085191E-02,0.));
#12476 = ADVANCED_FACE('',(#12477),#12488,.F.);
#12477 = FACE_BOUND('',#12478,.F.);
#12478 = EDGE_LOOP('',(#12479,#12480,#12486,#12487));
#12479 = ORIENTED_EDGE('',*,*,#9242,.F.);
#12480 = ORIENTED_EDGE('',*,*,#12481,.T.);
#12481 = EDGE_CURVE('',#9235,#246,#12482,.T.);
#12482 = LINE('',#12483,#12484);
#12483 = CARTESIAN_POINT('',(-21.60658507261,18.599905283171,9.4));
#12484 = VECTOR('',#12485,1.);
#12485 = DIRECTION('',(0.,0.,1.));
#12486 = ORIENTED_EDGE('',*,*,#253,.T.);
#12487 = ORIENTED_EDGE('',*,*,#12464,.F.);
#12488 = PLANE('',#12489);
#12489 = AXIS2_PLACEMENT_3D('',#12490,#12491,#12492);
#12490 = CARTESIAN_POINT('',(-21.60658507261,18.599905283171,9.4));
#12491 = DIRECTION('',(2.835779824538E-02,-0.999597836772,0.));
#12492 = DIRECTION('',(-0.999597836772,-2.835779824538E-02,0.));
#12493 = ADVANCED_FACE('',(#12494),#12500,.F.);
#12494 = FACE_BOUND('',#12495,.F.);
#12495 = EDGE_LOOP('',(#12496,#12497,#12498,#12499));
#12496 = ORIENTED_EDGE('',*,*,#9234,.F.);
#12497 = ORIENTED_EDGE('',*,*,#11905,.T.);
#12498 = ORIENTED_EDGE('',*,*,#245,.T.);
#12499 = ORIENTED_EDGE('',*,*,#12481,.F.);
#12500 = PLANE('',#12501);
#12501 = AXIS2_PLACEMENT_3D('',#12502,#12503,#12504);
#12502 = CARTESIAN_POINT('',(-20.95592308624,18.575762300085,9.4));
#12503 = DIRECTION('',(-3.7079744474E-02,-0.999312309816,0.));
#12504 = DIRECTION('',(-0.999312309816,3.7079744474E-02,0.));
#12505 = ADVANCED_FACE('',(#12506),#12522,.F.);
#12506 = FACE_BOUND('',#12507,.F.);
#12507 = EDGE_LOOP('',(#12508,#12514,#12515,#12521));
#12508 = ORIENTED_EDGE('',*,*,#12509,.F.);
#12509 = EDGE_CURVE('',#10187,#1966,#12510,.T.);
#12510 = LINE('',#12511,#12512);
#12511 = CARTESIAN_POINT('',(-16.38073280419,-16.22,2.1));
#12512 = VECTOR('',#12513,1.);
#12513 = DIRECTION('',(1.,0.,0.));
#12514 = ORIENTED_EDGE('',*,*,#10233,.T.);
#12515 = ORIENTED_EDGE('',*,*,#12516,.T.);
#12516 = EDGE_CURVE('',#10226,#1974,#12517,.T.);
#12517 = LINE('',#12518,#12519);
#12518 = CARTESIAN_POINT('',(-21.526,-16.22,13.2));
#12519 = VECTOR('',#12520,1.);
#12520 = DIRECTION('',(1.,0.,0.));
#12521 = ORIENTED_EDGE('',*,*,#1973,.F.);
#12522 = PLANE('',#12523);
#12523 = AXIS2_PLACEMENT_3D('',#12524,#12525,#12526);
#12524 = CARTESIAN_POINT('',(-21.526,-16.22,0.4));
#12525 = DIRECTION('',(0.,1.,0.));
#12526 = DIRECTION('',(1.,0.,0.));
#12527 = ADVANCED_FACE('',(#12528),#12560,.F.);
#12528 = FACE_BOUND('',#12529,.F.);
#12529 = EDGE_LOOP('',(#12530,#12538,#12544,#12545,#12553,#12559));
#12530 = ORIENTED_EDGE('',*,*,#12531,.F.);
#12531 = EDGE_CURVE('',#12532,#10210,#12534,.T.);
#12532 = VERTEX_POINT('',#12533);
#12533 = CARTESIAN_POINT('',(-14.304,-14.461,0.4));
#12534 = LINE('',#12535,#12536);
#12535 = CARTESIAN_POINT('',(-14.304,-14.461,0.4));
#12536 = VECTOR('',#12537,1.);
#12537 = DIRECTION('',(-1.,0.,0.));
#12538 = ORIENTED_EDGE('',*,*,#12539,.T.);
#12539 = EDGE_CURVE('',#12532,#123,#12540,.T.);
#12540 = LINE('',#12541,#12542);
#12541 = CARTESIAN_POINT('',(-14.304,-14.461,0.4));
#12542 = VECTOR('',#12543,1.);
#12543 = DIRECTION('',(0.,0.,1.));
#12544 = ORIENTED_EDGE('',*,*,#130,.T.);
#12545 = ORIENTED_EDGE('',*,*,#12546,.T.);
#12546 = EDGE_CURVE('',#82,#12547,#12549,.T.);
#12547 = VERTEX_POINT('',#12548);
#12548 = CARTESIAN_POINT('',(-16.,-14.461,13.2));
#12549 = LINE('',#12550,#12551);
#12550 = CARTESIAN_POINT('',(-16.,-14.461,5.95));
#12551 = VECTOR('',#12552,1.);
#12552 = DIRECTION('',(0.,0.,1.));
#12553 = ORIENTED_EDGE('',*,*,#12554,.T.);
#12554 = EDGE_CURVE('',#12547,#10218,#12555,.T.);
#12555 = LINE('',#12556,#12557);
#12556 = CARTESIAN_POINT('',(-14.304,-14.461,13.2));
#12557 = VECTOR('',#12558,1.);
#12558 = DIRECTION('',(-1.,0.,0.));
#12559 = ORIENTED_EDGE('',*,*,#10217,.T.);
#12560 = PLANE('',#12561);
#12561 = AXIS2_PLACEMENT_3D('',#12562,#12563,#12564);
#12562 = CARTESIAN_POINT('',(-14.304,-14.461,0.4));
#12563 = DIRECTION('',(0.,-1.,0.));
#12564 = DIRECTION('',(-1.,0.,0.));
#12565 = ADVANCED_FACE('',(#12566),#12591,.F.);
#12566 = FACE_BOUND('',#12567,.F.);
#12567 = EDGE_LOOP('',(#12568,#12576,#12577,#12585));
#12568 = ORIENTED_EDGE('',*,*,#12569,.F.);
#12569 = EDGE_CURVE('',#11858,#12570,#12572,.T.);
#12570 = VERTEX_POINT('',#12571);
#12571 = CARTESIAN_POINT('',(-26.4,17.95,19.2));
#12572 = LINE('',#12573,#12574);
#12573 = CARTESIAN_POINT('',(-26.4,16.2,19.2));
#12574 = VECTOR('',#12575,1.);
#12575 = DIRECTION('',(-0.,1.,0.));
#12576 = ORIENTED_EDGE('',*,*,#11857,.F.);
#12577 = ORIENTED_EDGE('',*,*,#12578,.T.);
#12578 = EDGE_CURVE('',#11850,#12579,#12581,.T.);
#12579 = VERTEX_POINT('',#12580);
#12580 = CARTESIAN_POINT('',(-26.4,17.95,16.2));
#12581 = LINE('',#12582,#12583);
#12582 = CARTESIAN_POINT('',(-26.4,16.05,16.2));
#12583 = VECTOR('',#12584,1.);
#12584 = DIRECTION('',(-0.,1.,0.));
#12585 = ORIENTED_EDGE('',*,*,#12586,.T.);
#12586 = EDGE_CURVE('',#12579,#12570,#12587,.T.);
#12587 = LINE('',#12588,#12589);
#12588 = CARTESIAN_POINT('',(-26.4,17.95,11.5));
#12589 = VECTOR('',#12590,1.);
#12590 = DIRECTION('',(0.,0.,1.));
#12591 = PLANE('',#12592);
#12592 = AXIS2_PLACEMENT_3D('',#12593,#12594,#12595);
#12593 = CARTESIAN_POINT('',(-26.4,16.2,11.5));
#12594 = DIRECTION('',(1.,0.,-0.));
#12595 = DIRECTION('',(0.,0.,1.));
#12596 = ADVANCED_FACE('',(#12597),#12615,.T.);
#12597 = FACE_BOUND('',#12598,.T.);
#12598 = EDGE_LOOP('',(#12599,#12607,#12608,#12609));
#12599 = ORIENTED_EDGE('',*,*,#12600,.T.);
#12600 = EDGE_CURVE('',#12601,#11965,#12603,.T.);
#12601 = VERTEX_POINT('',#12602);
#12602 = CARTESIAN_POINT('',(-26.46,28.,10.));
#12603 = LINE('',#12604,#12605);
#12604 = CARTESIAN_POINT('',(-24.692,28.,10.));
#12605 = VECTOR('',#12606,1.);
#12606 = DIRECTION('',(-1.,0.,0.));
#12607 = ORIENTED_EDGE('',*,*,#11972,.T.);
#12608 = ORIENTED_EDGE('',*,*,#11833,.T.);
#12609 = ORIENTED_EDGE('',*,*,#12610,.T.);
#12610 = EDGE_CURVE('',#11834,#12601,#12611,.T.);
#12611 = LINE('',#12612,#12613);
#12612 = CARTESIAN_POINT('',(-26.46,16.504288603967,10.));
#12613 = VECTOR('',#12614,1.);
#12614 = DIRECTION('',(-0.,1.,0.));
#12615 = PLANE('',#12616);
#12616 = AXIS2_PLACEMENT_3D('',#12617,#12618,#12619);
#12617 = CARTESIAN_POINT('',(-27.72572784705,17.108577207934,10.));
#12618 = DIRECTION('',(0.,0.,1.));
#12619 = DIRECTION('',(1.,0.,-0.));
#12620 = ADVANCED_FACE('',(#12621),#12662,.F.);
#12621 = FACE_BOUND('',#12622,.F.);
#12622 = EDGE_LOOP('',(#12623,#12631,#12632,#12640,#12648,#12656));
#12623 = ORIENTED_EDGE('',*,*,#12624,.F.);
#12624 = EDGE_CURVE('',#12375,#12625,#12627,.T.);
#12625 = VERTEX_POINT('',#12626);
#12626 = CARTESIAN_POINT('',(9.8,28.,14.5));
#12627 = LINE('',#12628,#12629);
#12628 = CARTESIAN_POINT('',(-26.46,28.,14.5));
#12629 = VECTOR('',#12630,1.);
#12630 = DIRECTION('',(1.,0.,-0.));
#12631 = ORIENTED_EDGE('',*,*,#12382,.T.);
#12632 = ORIENTED_EDGE('',*,*,#12633,.T.);
#12633 = EDGE_CURVE('',#12383,#12634,#12636,.T.);
#12634 = VERTEX_POINT('',#12635);
#12635 = CARTESIAN_POINT('',(9.6,21.,14.5));
#12636 = LINE('',#12637,#12638);
#12637 = CARTESIAN_POINT('',(-26.4,21.,14.5));
#12638 = VECTOR('',#12639,1.);
#12639 = DIRECTION('',(1.,0.,-0.));
#12640 = ORIENTED_EDGE('',*,*,#12641,.F.);
#12641 = EDGE_CURVE('',#12642,#12634,#12644,.T.);
#12642 = VERTEX_POINT('',#12643);
#12643 = CARTESIAN_POINT('',(9.6,21.3,14.5));
#12644 = LINE('',#12645,#12646);
#12645 = CARTESIAN_POINT('',(9.6,16.2,14.5));
#12646 = VECTOR('',#12647,1.);
#12647 = DIRECTION('',(0.,-1.,0.));
#12648 = ORIENTED_EDGE('',*,*,#12649,.T.);
#12649 = EDGE_CURVE('',#12642,#12650,#12652,.T.);
#12650 = VERTEX_POINT('',#12651);
#12651 = CARTESIAN_POINT('',(9.8,21.3,14.5));
#12652 = LINE('',#12653,#12654);
#12653 = CARTESIAN_POINT('',(-8.43,21.3,14.5));
#12654 = VECTOR('',#12655,1.);
#12655 = DIRECTION('',(1.,0.,-0.));
#12656 = ORIENTED_EDGE('',*,*,#12657,.T.);
#12657 = EDGE_CURVE('',#12650,#12625,#12658,.T.);
#12658 = LINE('',#12659,#12660);
#12659 = CARTESIAN_POINT('',(9.8,18.75,14.5));
#12660 = VECTOR('',#12661,1.);
#12661 = DIRECTION('',(-0.,1.,0.));
#12662 = PLANE('',#12663);
#12663 = AXIS2_PLACEMENT_3D('',#12664,#12665,#12666);
#12664 = CARTESIAN_POINT('',(-26.46,16.2,14.5));
#12665 = DIRECTION('',(0.,0.,1.));
#12666 = DIRECTION('',(1.,0.,-0.));
#12667 = ADVANCED_FACE('',(#12668),#12693,.F.);
#12668 = FACE_BOUND('',#12669,.F.);
#12669 = EDGE_LOOP('',(#12670,#12678,#12679,#12687));
#12670 = ORIENTED_EDGE('',*,*,#12671,.F.);
#12671 = EDGE_CURVE('',#1928,#12672,#12674,.T.);
#12672 = VERTEX_POINT('',#12673);
#12673 = CARTESIAN_POINT('',(11.986,-26.2,2.1));
#12674 = LINE('',#12675,#12676);
#12675 = CARTESIAN_POINT('',(11.986,-19.85397338707,2.1));
#12676 = VECTOR('',#12677,1.);
#12677 = DIRECTION('',(0.,-1.,0.));
#12678 = ORIENTED_EDGE('',*,*,#1951,.T.);
#12679 = ORIENTED_EDGE('',*,*,#12680,.T.);
#12680 = EDGE_CURVE('',#1944,#12681,#12683,.T.);
#12681 = VERTEX_POINT('',#12682);
#12682 = CARTESIAN_POINT('',(11.986,-26.2,13.2));
#12683 = LINE('',#12684,#12685);
#12684 = CARTESIAN_POINT('',(11.986,-20.664,13.2));
#12685 = VECTOR('',#12686,1.);
#12686 = DIRECTION('',(0.,-1.,0.));
#12687 = ORIENTED_EDGE('',*,*,#12688,.F.);
#12688 = EDGE_CURVE('',#12672,#12681,#12689,.T.);
#12689 = LINE('',#12690,#12691);
#12690 = CARTESIAN_POINT('',(11.986,-26.2,0.4));
#12691 = VECTOR('',#12692,1.);
#12692 = DIRECTION('',(0.,0.,1.));
#12693 = PLANE('',#12694);
#12694 = AXIS2_PLACEMENT_3D('',#12695,#12696,#12697);
#12695 = CARTESIAN_POINT('',(11.986,-20.664,0.4));
#12696 = DIRECTION('',(1.,0.,-0.));
#12697 = DIRECTION('',(0.,-1.,0.));
#12698 = ADVANCED_FACE('',(#12699),#12733,.F.);
#12699 = FACE_BOUND('',#12700,.F.);
#12700 = EDGE_LOOP('',(#12701,#12709,#12717,#12725,#12731,#12732));
#12701 = ORIENTED_EDGE('',*,*,#12702,.F.);
#12702 = EDGE_CURVE('',#12703,#12532,#12705,.T.);
#12703 = VERTEX_POINT('',#12704);
#12704 = CARTESIAN_POINT('',(-14.304,-18.904,0.4));
#12705 = LINE('',#12706,#12707);
#12706 = CARTESIAN_POINT('',(-14.304,-18.904,0.4));
#12707 = VECTOR('',#12708,1.);
#12708 = DIRECTION('',(0.,1.,0.));
#12709 = ORIENTED_EDGE('',*,*,#12710,.T.);
#12710 = EDGE_CURVE('',#12703,#12711,#12713,.T.);
#12711 = VERTEX_POINT('',#12712);
#12712 = CARTESIAN_POINT('',(-14.304,-18.904,13.2));
#12713 = LINE('',#12714,#12715);
#12714 = CARTESIAN_POINT('',(-14.304,-18.904,0.4));
#12715 = VECTOR('',#12716,1.);
#12716 = DIRECTION('',(0.,0.,1.));
#12717 = ORIENTED_EDGE('',*,*,#12718,.T.);
#12718 = EDGE_CURVE('',#12711,#12719,#12721,.T.);
#12719 = VERTEX_POINT('',#12720);
#12720 = CARTESIAN_POINT('',(-14.304,-18.63,13.2));
#12721 = LINE('',#12722,#12723);
#12722 = CARTESIAN_POINT('',(-14.304,-18.904,13.2));
#12723 = VECTOR('',#12724,1.);
#12724 = DIRECTION('',(0.,1.,0.));
#12725 = ORIENTED_EDGE('',*,*,#12726,.T.);
#12726 = EDGE_CURVE('',#12719,#115,#12727,.T.);
#12727 = LINE('',#12728,#12729);
#12728 = CARTESIAN_POINT('',(-14.304,-18.63,5.95));
#12729 = VECTOR('',#12730,1.);
#12730 = DIRECTION('',(0.,0.,-1.));
#12731 = ORIENTED_EDGE('',*,*,#122,.T.);
#12732 = ORIENTED_EDGE('',*,*,#12539,.F.);
#12733 = PLANE('',#12734);
#12734 = AXIS2_PLACEMENT_3D('',#12735,#12736,#12737);
#12735 = CARTESIAN_POINT('',(-14.304,-18.904,0.4));
#12736 = DIRECTION('',(-1.,0.,0.));
#12737 = DIRECTION('',(0.,1.,0.));
#12738 = ADVANCED_FACE('',(#12739),#12796,.F.);
#12739 = FACE_BOUND('',#12740,.F.);
#12740 = EDGE_LOOP('',(#12741,#12749,#12757,#12765,#12773,#12781,#12789,
    #12795));
#12741 = ORIENTED_EDGE('',*,*,#12742,.F.);
#12742 = EDGE_CURVE('',#12743,#12703,#12745,.T.);
#12743 = VERTEX_POINT('',#12744);
#12744 = CARTESIAN_POINT('',(12.2,-18.904,0.4));
#12745 = LINE('',#12746,#12747);
#12746 = CARTESIAN_POINT('',(13.714,-18.904,0.4));
#12747 = VECTOR('',#12748,1.);
#12748 = DIRECTION('',(-1.,0.,0.));
#12749 = ORIENTED_EDGE('',*,*,#12750,.T.);
#12750 = EDGE_CURVE('',#12743,#12751,#12753,.T.);
#12751 = VERTEX_POINT('',#12752);
#12752 = CARTESIAN_POINT('',(12.2,-18.904,13.2));
#12753 = LINE('',#12754,#12755);
#12754 = CARTESIAN_POINT('',(12.2,-18.904,0.4));
#12755 = VECTOR('',#12756,1.);
#12756 = DIRECTION('',(0.,0.,1.));
#12757 = ORIENTED_EDGE('',*,*,#12758,.T.);
#12758 = EDGE_CURVE('',#12751,#12759,#12761,.T.);
#12759 = VERTEX_POINT('',#12760);
#12760 = CARTESIAN_POINT('',(9.239564794115,-18.904,13.2));
#12761 = LINE('',#12762,#12763);
#12762 = CARTESIAN_POINT('',(13.714,-18.904,13.2));
#12763 = VECTOR('',#12764,1.);
#12764 = DIRECTION('',(-1.,0.,0.));
#12765 = ORIENTED_EDGE('',*,*,#12766,.F.);
#12766 = EDGE_CURVE('',#12767,#12759,#12769,.T.);
#12767 = VERTEX_POINT('',#12768);
#12768 = CARTESIAN_POINT('',(9.289477918592,-18.904,13.15));
#12769 = LINE('',#12770,#12771);
#12770 = CARTESIAN_POINT('',(13.581180036109,-18.904,8.850828026176));
#12771 = VECTOR('',#12772,1.);
#12772 = DIRECTION('',(-0.706491677256,0.,0.70772135051));
#12773 = ORIENTED_EDGE('',*,*,#12774,.F.);
#12774 = EDGE_CURVE('',#12775,#12767,#12777,.T.);
#12775 = VERTEX_POINT('',#12776);
#12776 = CARTESIAN_POINT('',(-9.289477918592,-18.904,13.15));
#12777 = LINE('',#12778,#12779);
#12778 = CARTESIAN_POINT('',(2.212261040704,-18.904,13.15));
#12779 = VECTOR('',#12780,1.);
#12780 = DIRECTION('',(1.,0.,5.705225837152E-16));
#12781 = ORIENTED_EDGE('',*,*,#12782,.F.);
#12782 = EDGE_CURVE('',#12783,#12775,#12785,.T.);
#12783 = VERTEX_POINT('',#12784);
#12784 = CARTESIAN_POINT('',(-9.239564794115,-18.904,13.2));
#12785 = LINE('',#12786,#12787);
#12786 = CARTESIAN_POINT('',(-6.429436282793,-18.904,16.015019637409));
#12787 = VECTOR('',#12788,1.);
#12788 = DIRECTION('',(-0.706491677256,-0.,-0.70772135051));
#12789 = ORIENTED_EDGE('',*,*,#12790,.T.);
#12790 = EDGE_CURVE('',#12783,#12711,#12791,.T.);
#12791 = LINE('',#12792,#12793);
#12792 = CARTESIAN_POINT('',(13.714,-18.904,13.2));
#12793 = VECTOR('',#12794,1.);
#12794 = DIRECTION('',(-1.,0.,0.));
#12795 = ORIENTED_EDGE('',*,*,#12710,.F.);
#12796 = PLANE('',#12797);
#12797 = AXIS2_PLACEMENT_3D('',#12798,#12799,#12800);
#12798 = CARTESIAN_POINT('',(13.714,-18.904,0.4));
#12799 = DIRECTION('',(0.,-1.,0.));
#12800 = DIRECTION('',(-1.,0.,0.));
#12801 = ADVANCED_FACE('',(#12802),#12859,.T.);
#12802 = FACE_BOUND('',#12803,.T.);
#12803 = EDGE_LOOP('',(#12804,#12814,#12822,#12830,#12838,#12846,#12852,
    #12853));
#12804 = ORIENTED_EDGE('',*,*,#12805,.F.);
#12805 = EDGE_CURVE('',#12806,#12808,#12810,.T.);
#12806 = VERTEX_POINT('',#12807);
#12807 = CARTESIAN_POINT('',(-8.676141492548,-20.35,13.764403959355));
#12808 = VERTEX_POINT('',#12809);
#12809 = CARTESIAN_POINT('',(-9.239564794115,-20.35,13.2));
#12810 = LINE('',#12811,#12812);
#12811 = CARTESIAN_POINT('',(-8.676141492548,-20.35,13.764403959355));
#12812 = VECTOR('',#12813,1.);
#12813 = DIRECTION('',(-0.706491677256,1.56326580735E-16,-0.70772135051)
  );
#12814 = ORIENTED_EDGE('',*,*,#12815,.T.);
#12815 = EDGE_CURVE('',#12806,#12816,#12818,.T.);
#12816 = VERTEX_POINT('',#12817);
#12817 = CARTESIAN_POINT('',(-8.676141492548,-15.95,13.764403959355));
#12818 = LINE('',#12819,#12820);
#12819 = CARTESIAN_POINT('',(-8.676141492548,-20.35,13.764403959355));
#12820 = VECTOR('',#12821,1.);
#12821 = DIRECTION('',(4.440892098501E-16,1.,-6.661338147751E-16));
#12822 = ORIENTED_EDGE('',*,*,#12823,.T.);
#12823 = EDGE_CURVE('',#12816,#12824,#12826,.T.);
#12824 = VERTEX_POINT('',#12825);
#12825 = CARTESIAN_POINT('',(-9.239564794115,-15.95,13.2));
#12826 = LINE('',#12827,#12828);
#12827 = CARTESIAN_POINT('',(-8.676141492548,-15.95,13.764403959355));
#12828 = VECTOR('',#12829,1.);
#12829 = DIRECTION('',(-0.706491677256,1.56326580735E-16,-0.70772135051)
  );
#12830 = ORIENTED_EDGE('',*,*,#12831,.T.);
#12831 = EDGE_CURVE('',#12824,#12832,#12834,.T.);
#12832 = VERTEX_POINT('',#12833);
#12833 = CARTESIAN_POINT('',(-9.239564794115,-18.63,13.2));
#12834 = LINE('',#12835,#12836);
#12835 = CARTESIAN_POINT('',(-9.239564794115,-19.49,13.2));
#12836 = VECTOR('',#12837,1.);
#12837 = DIRECTION('',(-1.109451414974E-15,-1.,0.));
#12838 = ORIENTED_EDGE('',*,*,#12839,.F.);
#12839 = EDGE_CURVE('',#12840,#12832,#12842,.T.);
#12840 = VERTEX_POINT('',#12841);
#12841 = CARTESIAN_POINT('',(-9.289477918592,-18.63,13.15));
#12842 = LINE('',#12843,#12844);
#12843 = CARTESIAN_POINT('',(-11.07002216926,-18.63,11.36635665034));
#12844 = VECTOR('',#12845,1.);
#12845 = DIRECTION('',(0.706491677256,0.,0.70772135051));
#12846 = ORIENTED_EDGE('',*,*,#12847,.F.);
#12847 = EDGE_CURVE('',#12775,#12840,#12848,.T.);
#12848 = LINE('',#12849,#12850);
#12849 = CARTESIAN_POINT('',(-9.289477918592,-20.35,13.15));
#12850 = VECTOR('',#12851,1.);
#12851 = DIRECTION('',(4.440892098501E-16,1.,-6.661338147751E-16));
#12852 = ORIENTED_EDGE('',*,*,#12782,.F.);
#12853 = ORIENTED_EDGE('',*,*,#12854,.T.);
#12854 = EDGE_CURVE('',#12783,#12808,#12855,.T.);
#12855 = LINE('',#12856,#12857);
#12856 = CARTESIAN_POINT('',(-9.239564794115,-18.95805949065,13.2));
#12857 = VECTOR('',#12858,1.);
#12858 = DIRECTION('',(-1.109451414974E-15,-1.,0.));
#12859 = PLANE('',#12860);
#12860 = AXIS2_PLACEMENT_3D('',#12861,#12862,#12863);
#12861 = CARTESIAN_POINT('',(-8.676141492548,-20.35,13.764403959355));
#12862 = DIRECTION('',(-0.70772135051,7.851824537315E-16,0.706491677256)
  );
#12863 = DIRECTION('',(-0.706491677256,1.56326580735E-16,-0.70772135051)
  );
#12864 = ADVANCED_FACE('',(#12865),#13058,.T.);
#12865 = FACE_BOUND('',#12866,.T.);
#12866 = EDGE_LOOP('',(#12867,#12875,#12883,#12891,#12899,#12907,#12915,
    #12923,#12931,#12939,#12947,#12955,#12963,#12971,#12979,#12987,
    #12995,#13003,#13011,#13019,#13027,#13035,#13043,#13051,#13057));
#12867 = ORIENTED_EDGE('',*,*,#12868,.T.);
#12868 = EDGE_CURVE('',#12808,#12869,#12871,.T.);
#12869 = VERTEX_POINT('',#12870);
#12870 = CARTESIAN_POINT('',(9.239564794115,-20.35,13.2));
#12871 = LINE('',#12872,#12873);
#12872 = CARTESIAN_POINT('',(-4.611989843323,-20.35,13.2));
#12873 = VECTOR('',#12874,1.);
#12874 = DIRECTION('',(1.,-4.440892098501E-16,0.));
#12875 = ORIENTED_EDGE('',*,*,#12876,.T.);
#12876 = EDGE_CURVE('',#12869,#12877,#12879,.T.);
#12877 = VERTEX_POINT('',#12878);
#12878 = CARTESIAN_POINT('',(8.676141492548,-20.35,13.764403959355));
#12879 = LINE('',#12880,#12881);
#12880 = CARTESIAN_POINT('',(9.289477918592,-20.35,13.15));
#12881 = VECTOR('',#12882,1.);
#12882 = DIRECTION('',(-0.706491677256,7.849094114194E-16,0.70772135051)
  );
#12883 = ORIENTED_EDGE('',*,*,#12884,.T.);
#12884 = EDGE_CURVE('',#12877,#12885,#12887,.T.);
#12885 = VERTEX_POINT('',#12886);
#12886 = CARTESIAN_POINT('',(8.022263306319,-20.35,14.335470605516));
#12887 = LINE('',#12888,#12889);
#12888 = CARTESIAN_POINT('',(8.676141492548,-20.35,13.764403959355));
#12889 = VECTOR('',#12890,1.);
#12890 = DIRECTION('',(-0.753191033327,7.938487178788E-16,0.657801845023
    ));
#12891 = ORIENTED_EDGE('',*,*,#12892,.T.);
#12892 = EDGE_CURVE('',#12885,#12893,#12895,.T.);
#12893 = VERTEX_POINT('',#12894);
#12894 = CARTESIAN_POINT('',(7.33089879332,-20.35,14.860531465749));
#12895 = LINE('',#12896,#12897);
#12896 = CARTESIAN_POINT('',(8.022263306319,-20.35,14.335470605516));
#12897 = VECTOR('',#12898,1.);
#12898 = DIRECTION('',(-0.796370888216,7.9907853846E-16,0.6048085717));
#12899 = ORIENTED_EDGE('',*,*,#12900,.T.);
#12900 = EDGE_CURVE('',#12893,#12901,#12903,.T.);
#12901 = VERTEX_POINT('',#12902);
#12902 = CARTESIAN_POINT('',(6.60527855258,-20.35,15.337133042552));
#12903 = LINE('',#12904,#12905);
#12904 = CARTESIAN_POINT('',(7.33089879332,-20.35,14.860531465749));
#12905 = VECTOR('',#12906,1.);
#12906 = DIRECTION('',(-0.835829471662,8.005744353262E-16,0.548989156816
    ));
#12907 = ORIENTED_EDGE('',*,*,#12908,.T.);
#12908 = EDGE_CURVE('',#12901,#12909,#12911,.T.);
#12909 = VERTEX_POINT('',#12910);
#12910 = CARTESIAN_POINT('',(5.848793252843,-20.35,15.763048278327));
#12911 = LINE('',#12912,#12913);
#12912 = CARTESIAN_POINT('',(6.60527855258,-20.35,15.337133042552));
#12913 = VECTOR('',#12914,1.);
#12914 = DIRECTION('',(-0.871382402114,7.9832941847E-16,0.490604432599)
  );
#12915 = ORIENTED_EDGE('',*,*,#12916,.T.);
#12916 = EDGE_CURVE('',#12909,#12917,#12919,.T.);
#12917 = VERTEX_POINT('',#12918);
#12918 = CARTESIAN_POINT('',(5.064977788698,-20.35,16.136286961946));
#12919 = LINE('',#12920,#12921);
#12920 = CARTESIAN_POINT('',(5.848793252843,-20.35,15.763048278327));
#12921 = VECTOR('',#12922,1.);
#12922 = DIRECTION('',(-0.902863548306,7.923539783767E-16,0.429927218423
    ));
#12923 = ORIENTED_EDGE('',*,*,#12924,.T.);
#12924 = EDGE_CURVE('',#12917,#12925,#12927,.T.);
#12925 = VERTEX_POINT('',#12926);
#12926 = CARTESIAN_POINT('',(4.257494762765,-20.35,16.455105028583));
#12927 = LINE('',#12928,#12929);
#12928 = CARTESIAN_POINT('',(5.064977788698,-20.35,16.136286961946));
#12929 = VECTOR('',#12930,1.);
#12930 = DIRECTION('',(-0.930125805549,7.826760370046E-16,0.36724104598)
  );
#12931 = ORIENTED_EDGE('',*,*,#12932,.T.);
#12932 = EDGE_CURVE('',#12925,#12933,#12935,.T.);
#12933 = VERTEX_POINT('',#12934);
#12934 = CARTESIAN_POINT('',(3.43011737114,-20.35,16.718012709357));
#12935 = LINE('',#12936,#12937);
#12936 = CARTESIAN_POINT('',(4.257494762765,-20.35,16.455105028583));
#12937 = VECTOR('',#12938,1.);
#12938 = DIRECTION('',(-0.953041783126,7.69340817311E-16,0.302838834392)
  );
#12939 = ORIENTED_EDGE('',*,*,#12940,.T.);
#12940 = EDGE_CURVE('',#12933,#12941,#12943,.T.);
#12941 = VERTEX_POINT('',#12942);
#12942 = CARTESIAN_POINT('',(2.586711772046,-20.35,16.923781492706));
#12943 = LINE('',#12944,#12945);
#12944 = CARTESIAN_POINT('',(3.43011737114,-20.35,16.718012709357));
#12945 = VECTOR('',#12946,1.);
#12946 = DIRECTION('',(-0.971504399557,7.524106319357E-16,0.237021521471
    ));
#12947 = ORIENTED_EDGE('',*,*,#12948,.T.);
#12948 = EDGE_CURVE('',#12941,#12949,#12951,.T.);
#12949 = VERTEX_POINT('',#12950);
#12950 = CARTESIAN_POINT('',(1.731219020107,-20.35,17.071449864957));
#12951 = LINE('',#12952,#12953);
#12952 = CARTESIAN_POINT('',(2.586711772046,-20.35,16.923781492706));
#12953 = VECTOR('',#12954,1.);
#12954 = DIRECTION('',(-0.985427382971,7.319645920269E-16,0.170096657493
    ));
#12955 = ORIENTED_EDGE('',*,*,#12956,.T.);
#12956 = EDGE_CURVE('',#12949,#12957,#12959,.T.);
#12957 = VERTEX_POINT('',#12958);
#12958 = CARTESIAN_POINT('',(0.867636650635,-20.35,17.160327803276));
#12959 = LINE('',#12960,#12961);
#12960 = CARTESIAN_POINT('',(1.731219020107,-20.35,17.071449864957));
#12961 = VECTOR('',#12962,1.);
#12962 = DIRECTION('',(-0.994745674233,7.080982375717E-16,0.102376968085
    ));
#12963 = ORIENTED_EDGE('',*,*,#12964,.T.);
#12964 = EDGE_CURVE('',#12957,#12965,#12967,.T.);
#12965 = VERTEX_POINT('',#12966);
#12966 = CARTESIAN_POINT('',(-9.875873878661E-15,-20.35,17.19));
#12967 = LINE('',#12968,#12969);
#12968 = CARTESIAN_POINT('',(0.867636650635,-20.35,17.160327803276));
#12969 = VECTOR('',#12970,1.);
#12970 = DIRECTION('',(-0.999415730954,6.809230909582E-16,
    3.417889292249E-02));
#12971 = ORIENTED_EDGE('',*,*,#12972,.T.);
#12972 = EDGE_CURVE('',#12965,#12973,#12975,.T.);
#12973 = VERTEX_POINT('',#12974);
#12974 = CARTESIAN_POINT('',(-0.867636650635,-20.35,17.160327803276));
#12975 = LINE('',#12976,#12977);
#12976 = CARTESIAN_POINT('',(-9.875873878661E-15,-20.35,17.19));
#12977 = VECTOR('',#12978,1.);
#12978 = DIRECTION('',(-0.999415730954,6.505661358552E-16,
    -3.417889292249E-02));
#12979 = ORIENTED_EDGE('',*,*,#12980,.T.);
#12980 = EDGE_CURVE('',#12973,#12981,#12983,.T.);
#12981 = VERTEX_POINT('',#12982);
#12982 = CARTESIAN_POINT('',(-1.731219020107,-20.35,17.071449864957));
#12983 = LINE('',#12984,#12985);
#12984 = CARTESIAN_POINT('',(-0.867636650635,-20.35,17.160327803276));
#12985 = VECTOR('',#12986,1.);
#12986 = DIRECTION('',(-0.994745674233,6.171692238444E-16,
    -0.102376968085));
#12987 = ORIENTED_EDGE('',*,*,#12988,.T.);
#12988 = EDGE_CURVE('',#12981,#12989,#12991,.T.);
#12989 = VERTEX_POINT('',#12990);
#12990 = CARTESIAN_POINT('',(-2.586711772046,-20.35,16.923781492706));
#12991 = LINE('',#12992,#12993);
#12992 = CARTESIAN_POINT('',(-1.731219020107,-20.35,17.071449864957));
#12993 = VECTOR('',#12994,1.);
#12994 = DIRECTION('',(-0.985427382971,5.808884115781E-16,
    -0.170096657493));
#12995 = ORIENTED_EDGE('',*,*,#12996,.T.);
#12996 = EDGE_CURVE('',#12989,#12997,#12999,.T.);
#12997 = VERTEX_POINT('',#12998);
#12998 = CARTESIAN_POINT('',(-3.43011737114,-20.35,16.718012709357));
#12999 = LINE('',#13000,#13001);
#13000 = CARTESIAN_POINT('',(-2.586711772046,-20.35,16.923781492706));
#13001 = VECTOR('',#13002,1.);
#13002 = DIRECTION('',(-0.971504399557,5.418932315602E-16,
    -0.237021521471));
#13003 = ORIENTED_EDGE('',*,*,#13004,.T.);
#13004 = EDGE_CURVE('',#12997,#13005,#13007,.T.);
#13005 = VERTEX_POINT('',#13006);
#13006 = CARTESIAN_POINT('',(-4.257494762765,-20.35,16.455105028583));
#13007 = LINE('',#13008,#13009);
#13008 = CARTESIAN_POINT('',(-3.43011737114,-20.35,16.718012709357));
#13009 = VECTOR('',#13010,1.);
#13010 = DIRECTION('',(-0.953041783126,5.003658999565E-16,
    -0.302838834392));
#13011 = ORIENTED_EDGE('',*,*,#13012,.T.);
#13012 = EDGE_CURVE('',#13005,#13013,#13015,.T.);
#13013 = VERTEX_POINT('',#13014);
#13014 = CARTESIAN_POINT('',(-5.064977788698,-20.35,16.136286961946));
#13015 = LINE('',#13016,#13017);
#13016 = CARTESIAN_POINT('',(-4.257494762765,-20.35,16.455105028583));
#13017 = VECTOR('',#13018,1.);
#13018 = DIRECTION('',(-0.930125805549,4.565004651374E-16,-0.36724104598
    ));
#13019 = ORIENTED_EDGE('',*,*,#13020,.T.);
#13020 = EDGE_CURVE('',#13013,#13021,#13023,.T.);
#13021 = VERTEX_POINT('',#13022);
#13022 = CARTESIAN_POINT('',(-5.848793252843,-20.35,15.763048278327));
#13023 = LINE('',#13024,#13025);
#13024 = CARTESIAN_POINT('',(-5.064977788698,-20.35,16.136286961946));
#13025 = VECTOR('',#13026,1.);
#13026 = DIRECTION('',(-0.902863548306,4.105019009316E-16,
    -0.429927218423));
#13027 = ORIENTED_EDGE('',*,*,#13028,.T.);
#13028 = EDGE_CURVE('',#13021,#13029,#13031,.T.);
#13029 = VERTEX_POINT('',#13030);
#13030 = CARTESIAN_POINT('',(-6.60527855258,-20.35,15.337133042552));
#13031 = LINE('',#13032,#13033);
#13032 = CARTESIAN_POINT('',(-5.848793252843,-20.35,15.763048278327));
#13033 = VECTOR('',#13034,1.);
#13034 = DIRECTION('',(-0.871382402114,3.625851488265E-16,
    -0.490604432599));
#13035 = ORIENTED_EDGE('',*,*,#13036,.T.);
#13036 = EDGE_CURVE('',#13029,#13037,#13039,.T.);
#13037 = VERTEX_POINT('',#13038);
#13038 = CARTESIAN_POINT('',(-7.33089879332,-20.35,14.860531465749));
#13039 = LINE('',#13040,#13041);
#13040 = CARTESIAN_POINT('',(-6.60527855258,-20.35,15.337133042552));
#13041 = VECTOR('',#13042,1.);
#13042 = DIRECTION('',(-0.835829471662,3.129741135931E-16,
    -0.548989156816));
#13043 = ORIENTED_EDGE('',*,*,#13044,.T.);
#13044 = EDGE_CURVE('',#13037,#13045,#13047,.T.);
#13045 = VERTEX_POINT('',#13046);
#13046 = CARTESIAN_POINT('',(-8.022263306319,-20.35,14.335470605516));
#13047 = LINE('',#13048,#13049);
#13048 = CARTESIAN_POINT('',(-7.33089879332,-20.35,14.860531465749));
#13049 = VECTOR('',#13050,1.);
#13050 = DIRECTION('',(-0.796370888216,2.619006170262E-16,-0.6048085717)
  );
#13051 = ORIENTED_EDGE('',*,*,#13052,.T.);
#13052 = EDGE_CURVE('',#13045,#12806,#13053,.T.);
#13053 = LINE('',#13054,#13055);
#13054 = CARTESIAN_POINT('',(-8.022263306319,-20.35,14.335470605516));
#13055 = VECTOR('',#13056,1.);
#13056 = DIRECTION('',(-0.753191033327,2.096033146906E-16,
    -0.657801845023));
#13057 = ORIENTED_EDGE('',*,*,#12805,.T.);
#13058 = PLANE('',#13059);
#13059 = AXIS2_PLACEMENT_3D('',#13060,#13061,#13062);
#13060 = CARTESIAN_POINT('',(-8.974522324607E-15,-20.35,14.55506623442)
  );
#13061 = DIRECTION('',(-4.440892098501E-16,-1.,6.661338147751E-16));
#13062 = DIRECTION('',(6.661338147751E-16,-4.440892098501E-16,-1.));
#13063 = ADVANCED_FACE('',(#13064),#13112,.T.);
#13064 = FACE_BOUND('',#13065,.T.);
#13065 = EDGE_LOOP('',(#13066,#13067,#13075,#13083,#13091,#13099,#13105,
    #13106));
#13066 = ORIENTED_EDGE('',*,*,#12766,.F.);
#13067 = ORIENTED_EDGE('',*,*,#13068,.T.);
#13068 = EDGE_CURVE('',#12767,#13069,#13071,.T.);
#13069 = VERTEX_POINT('',#13070);
#13070 = CARTESIAN_POINT('',(9.289477918592,-18.63,13.15));
#13071 = LINE('',#13072,#13073);
#13072 = CARTESIAN_POINT('',(9.289477918592,-20.35,13.15));
#13073 = VECTOR('',#13074,1.);
#13074 = DIRECTION('',(4.440892098501E-16,1.,-6.661338147751E-16));
#13075 = ORIENTED_EDGE('',*,*,#13076,.F.);
#13076 = EDGE_CURVE('',#13077,#13069,#13079,.T.);
#13077 = VERTEX_POINT('',#13078);
#13078 = CARTESIAN_POINT('',(9.239564794115,-18.63,13.2));
#13079 = LINE('',#13080,#13081);
#13080 = CARTESIAN_POINT('',(3.390602541776,-18.63,19.059142573892));
#13081 = VECTOR('',#13082,1.);
#13082 = DIRECTION('',(0.706491677256,0.,-0.70772135051));
#13083 = ORIENTED_EDGE('',*,*,#13084,.T.);
#13084 = EDGE_CURVE('',#13077,#13085,#13087,.T.);
#13085 = VERTEX_POINT('',#13086);
#13086 = CARTESIAN_POINT('',(9.239564794115,-15.95,13.2));
#13087 = LINE('',#13088,#13089);
#13088 = CARTESIAN_POINT('',(9.239564794115,-19.49,13.2));
#13089 = VECTOR('',#13090,1.);
#13090 = DIRECTION('',(2.228162145757E-16,1.,-0.));
#13091 = ORIENTED_EDGE('',*,*,#13092,.T.);
#13092 = EDGE_CURVE('',#13085,#13093,#13095,.T.);
#13093 = VERTEX_POINT('',#13094);
#13094 = CARTESIAN_POINT('',(8.676141492548,-15.95,13.764403959355));
#13095 = LINE('',#13096,#13097);
#13096 = CARTESIAN_POINT('',(9.289477918592,-15.95,13.15));
#13097 = VECTOR('',#13098,1.);
#13098 = DIRECTION('',(-0.706491677256,7.849094114194E-16,0.70772135051)
  );
#13099 = ORIENTED_EDGE('',*,*,#13100,.F.);
#13100 = EDGE_CURVE('',#12877,#13093,#13101,.T.);
#13101 = LINE('',#13102,#13103);
#13102 = CARTESIAN_POINT('',(8.676141492548,-20.35,13.764403959355));
#13103 = VECTOR('',#13104,1.);
#13104 = DIRECTION('',(4.440892098501E-16,1.,-6.661338147751E-16));
#13105 = ORIENTED_EDGE('',*,*,#12876,.F.);
#13106 = ORIENTED_EDGE('',*,*,#13107,.T.);
#13107 = EDGE_CURVE('',#12869,#12759,#13108,.T.);
#13108 = LINE('',#13109,#13110);
#13109 = CARTESIAN_POINT('',(9.239564794115,-18.95805949065,13.2));
#13110 = VECTOR('',#13111,1.);
#13111 = DIRECTION('',(2.228162145757E-16,1.,-0.));
#13112 = PLANE('',#13113);
#13113 = AXIS2_PLACEMENT_3D('',#13114,#13115,#13116);
#13114 = CARTESIAN_POINT('',(9.289477918592,-20.35,13.15));
#13115 = DIRECTION('',(0.70772135051,-1.576917922951E-16,0.706491677256)
  );
#13116 = DIRECTION('',(-0.706491677256,7.849094114194E-16,0.70772135051)
  );
#13117 = ADVANCED_FACE('',(#13118),#13159,.F.);
#13118 = FACE_BOUND('',#13119,.F.);
#13119 = EDGE_LOOP('',(#13120,#13130,#13136,#13137,#13145,#13153));
#13120 = ORIENTED_EDGE('',*,*,#13121,.F.);
#13121 = EDGE_CURVE('',#13122,#13124,#13126,.T.);
#13122 = VERTEX_POINT('',#13123);
#13123 = CARTESIAN_POINT('',(12.2,-26.2,13.2));
#13124 = VERTEX_POINT('',#13125);
#13125 = CARTESIAN_POINT('',(12.2,-26.2,19.2));
#13126 = LINE('',#13127,#13128);
#13127 = CARTESIAN_POINT('',(12.2,-26.2,0.4));
#13128 = VECTOR('',#13129,1.);
#13129 = DIRECTION('',(0.,0.,1.));
#13130 = ORIENTED_EDGE('',*,*,#13131,.T.);
#13131 = EDGE_CURVE('',#13122,#12751,#13132,.T.);
#13132 = LINE('',#13133,#13134);
#13133 = CARTESIAN_POINT('',(12.2,-21.88305949065,13.2));
#13134 = VECTOR('',#13135,1.);
#13135 = DIRECTION('',(-0.,1.,0.));
#13136 = ORIENTED_EDGE('',*,*,#12750,.F.);
#13137 = ORIENTED_EDGE('',*,*,#13138,.T.);
#13138 = EDGE_CURVE('',#12743,#13139,#13141,.T.);
#13139 = VERTEX_POINT('',#13140);
#13140 = CARTESIAN_POINT('',(12.2,-18.8,0.4));
#13141 = LINE('',#13142,#13143);
#13142 = CARTESIAN_POINT('',(12.2,-26.2,0.4));
#13143 = VECTOR('',#13144,1.);
#13144 = DIRECTION('',(-0.,1.,0.));
#13145 = ORIENTED_EDGE('',*,*,#13146,.T.);
#13146 = EDGE_CURVE('',#13139,#13147,#13149,.T.);
#13147 = VERTEX_POINT('',#13148);
#13148 = CARTESIAN_POINT('',(12.2,-18.8,19.2));
#13149 = LINE('',#13150,#13151);
#13150 = CARTESIAN_POINT('',(12.2,-18.8,0.4));
#13151 = VECTOR('',#13152,1.);
#13152 = DIRECTION('',(0.,0.,1.));
#13153 = ORIENTED_EDGE('',*,*,#13154,.F.);
#13154 = EDGE_CURVE('',#13124,#13147,#13155,.T.);
#13155 = LINE('',#13156,#13157);
#13156 = CARTESIAN_POINT('',(12.2,-26.2,19.2));
#13157 = VECTOR('',#13158,1.);
#13158 = DIRECTION('',(-0.,1.,0.));
#13159 = PLANE('',#13160);
#13160 = AXIS2_PLACEMENT_3D('',#13161,#13162,#13163);
#13161 = CARTESIAN_POINT('',(12.2,-26.2,0.4));
#13162 = DIRECTION('',(1.,0.,-0.));
#13163 = DIRECTION('',(0.,0.,1.));
#13164 = ADVANCED_FACE('',(#13165),#13190,.T.);
#13165 = FACE_BOUND('',#13166,.T.);
#13166 = EDGE_LOOP('',(#13167,#13175,#13176,#13184));
#13167 = ORIENTED_EDGE('',*,*,#13168,.T.);
#13168 = EDGE_CURVE('',#13169,#12579,#13171,.T.);
#13169 = VERTEX_POINT('',#13170);
#13170 = CARTESIAN_POINT('',(-25.17287962122,17.95,16.2));
#13171 = LINE('',#13172,#13173);
#13172 = CARTESIAN_POINT('',(-26.43,17.95,16.2));
#13173 = VECTOR('',#13174,1.);
#13174 = DIRECTION('',(-1.,-0.,0.));
#13175 = ORIENTED_EDGE('',*,*,#12586,.T.);
#13176 = ORIENTED_EDGE('',*,*,#13177,.T.);
#13177 = EDGE_CURVE('',#12570,#13178,#13180,.T.);
#13178 = VERTEX_POINT('',#13179);
#13179 = CARTESIAN_POINT('',(-25.17287962122,17.95,19.2));
#13180 = LINE('',#13181,#13182);
#13181 = CARTESIAN_POINT('',(-26.4,17.95,19.2));
#13182 = VECTOR('',#13183,1.);
#13183 = DIRECTION('',(1.,0.,-0.));
#13184 = ORIENTED_EDGE('',*,*,#13185,.F.);
#13185 = EDGE_CURVE('',#13169,#13178,#13186,.T.);
#13186 = LINE('',#13187,#13188);
#13187 = CARTESIAN_POINT('',(-25.17287962122,17.95,10.45));
#13188 = VECTOR('',#13189,1.);
#13189 = DIRECTION('',(-0.,-0.,1.));
#13190 = PLANE('',#13191);
#13191 = AXIS2_PLACEMENT_3D('',#13192,#13193,#13194);
#13192 = CARTESIAN_POINT('',(-26.4,17.95,11.5));
#13193 = DIRECTION('',(-0.,1.,0.));
#13194 = DIRECTION('',(0.,0.,1.));
#13195 = ADVANCED_FACE('',(#13196),#13221,.F.);
#13196 = FACE_BOUND('',#13197,.F.);
#13197 = EDGE_LOOP('',(#13198,#13199,#13207,#13215));
#13198 = ORIENTED_EDGE('',*,*,#13185,.F.);
#13199 = ORIENTED_EDGE('',*,*,#13200,.F.);
#13200 = EDGE_CURVE('',#13201,#13169,#13203,.T.);
#13201 = VERTEX_POINT('',#13202);
#13202 = CARTESIAN_POINT('',(-24.80718133123,18.085820369302,16.2));
#13203 = LINE('',#13204,#13205);
#13204 = CARTESIAN_POINT('',(-25.89011927647,17.683617144187,16.2));
#13205 = VECTOR('',#13206,1.);
#13206 = DIRECTION('',(-0.937433993512,-0.348163047735,0.));
#13207 = ORIENTED_EDGE('',*,*,#13208,.T.);
#13208 = EDGE_CURVE('',#13201,#13209,#13211,.T.);
#13209 = VERTEX_POINT('',#13210);
#13210 = CARTESIAN_POINT('',(-24.80718133123,18.085820369302,19.2));
#13211 = LINE('',#13212,#13213);
#13212 = CARTESIAN_POINT('',(-24.80718133123,18.085820369302,9.4));
#13213 = VECTOR('',#13214,1.);
#13214 = DIRECTION('',(0.,0.,1.));
#13215 = ORIENTED_EDGE('',*,*,#13216,.T.);
#13216 = EDGE_CURVE('',#13209,#13178,#13217,.T.);
#13217 = LINE('',#13218,#13219);
#13218 = CARTESIAN_POINT('',(-24.80718133123,18.085820369302,19.2));
#13219 = VECTOR('',#13220,1.);
#13220 = DIRECTION('',(-0.937433993512,-0.348163047735,0.));
#13221 = PLANE('',#13222);
#13222 = AXIS2_PLACEMENT_3D('',#13223,#13224,#13225);
#13223 = CARTESIAN_POINT('',(-24.80718133123,18.085820369302,9.4));
#13224 = DIRECTION('',(0.348163047735,-0.937433993512,0.));
#13225 = DIRECTION('',(-0.937433993512,-0.348163047735,0.));
#13226 = ADVANCED_FACE('',(#13227),#13268,.F.);
#13227 = FACE_BOUND('',#13228,.F.);
#13228 = EDGE_LOOP('',(#13229,#13237,#13245,#13253,#13261,#13267));
#13229 = ORIENTED_EDGE('',*,*,#13230,.F.);
#13230 = EDGE_CURVE('',#13231,#13201,#13233,.T.);
#13231 = VERTEX_POINT('',#13232);
#13232 = CARTESIAN_POINT('',(-24.6,18.14768225332,16.2));
#13233 = LINE('',#13234,#13235);
#13234 = CARTESIAN_POINT('',(-25.51249300298,17.87522268381,16.2));
#13235 = VECTOR('',#13236,1.);
#13236 = DIRECTION('',(-0.958197828177,-0.286106487302,0.));
#13237 = ORIENTED_EDGE('',*,*,#13238,.T.);
#13238 = EDGE_CURVE('',#13231,#13239,#13241,.T.);
#13239 = VERTEX_POINT('',#13240);
#13240 = CARTESIAN_POINT('',(-24.6,18.14768225332,16.3));
#13241 = LINE('',#13242,#13243);
#13242 = CARTESIAN_POINT('',(-24.6,18.14768225332,11.9));
#13243 = VECTOR('',#13244,1.);
#13244 = DIRECTION('',(0.,0.,1.));
#13245 = ORIENTED_EDGE('',*,*,#13246,.F.);
#13246 = EDGE_CURVE('',#13247,#13239,#13249,.T.);
#13247 = VERTEX_POINT('',#13248);
#13248 = CARTESIAN_POINT('',(-24.18328938464,18.272107092194,16.3));
#13249 = LINE('',#13250,#13251);
#13250 = CARTESIAN_POINT('',(-24.41874165259,18.201803842354,16.3));
#13251 = VECTOR('',#13252,1.);
#13252 = DIRECTION('',(-0.958197828177,-0.286106487302,0.));
#13253 = ORIENTED_EDGE('',*,*,#13254,.T.);
#13254 = EDGE_CURVE('',#13247,#13255,#13257,.T.);
#13255 = VERTEX_POINT('',#13256);
#13256 = CARTESIAN_POINT('',(-24.18328938464,18.272107092194,19.2));
#13257 = LINE('',#13258,#13259);
#13258 = CARTESIAN_POINT('',(-24.18328938464,18.272107092194,9.4));
#13259 = VECTOR('',#13260,1.);
#13260 = DIRECTION('',(0.,0.,1.));
#13261 = ORIENTED_EDGE('',*,*,#13262,.T.);
#13262 = EDGE_CURVE('',#13255,#13209,#13263,.T.);
#13263 = LINE('',#13264,#13265);
#13264 = CARTESIAN_POINT('',(-24.18328938464,18.272107092194,19.2));
#13265 = VECTOR('',#13266,1.);
#13266 = DIRECTION('',(-0.958197828177,-0.286106487302,0.));
#13267 = ORIENTED_EDGE('',*,*,#13208,.F.);
#13268 = PLANE('',#13269);
#13269 = AXIS2_PLACEMENT_3D('',#13270,#13271,#13272);
#13270 = CARTESIAN_POINT('',(-24.18328938464,18.272107092194,9.4));
#13271 = DIRECTION('',(0.286106487302,-0.958197828177,0.));
#13272 = DIRECTION('',(-0.958197828177,-0.286106487302,0.));
#13273 = ADVANCED_FACE('',(#13274),#13299,.F.);
#13274 = FACE_BOUND('',#13275,.F.);
#13275 = EDGE_LOOP('',(#13276,#13284,#13292,#13298));
#13276 = ORIENTED_EDGE('',*,*,#13277,.F.);
#13277 = EDGE_CURVE('',#13278,#13247,#13280,.T.);
#13278 = VERTEX_POINT('',#13279);
#13279 = CARTESIAN_POINT('',(-23.54854950399,18.417190475304,16.3));
#13280 = LINE('',#13281,#13282);
#13281 = CARTESIAN_POINT('',(-24.09891420219,18.291392845766,16.3));
#13282 = VECTOR('',#13283,1.);
#13283 = DIRECTION('',(-0.974858512637,-0.222824774966,0.));
#13284 = ORIENTED_EDGE('',*,*,#13285,.T.);
#13285 = EDGE_CURVE('',#13278,#13286,#13288,.T.);
#13286 = VERTEX_POINT('',#13287);
#13287 = CARTESIAN_POINT('',(-23.54854950399,18.417190475304,19.2));
#13288 = LINE('',#13289,#13290);
#13289 = CARTESIAN_POINT('',(-23.54854950399,18.417190475304,9.4));
#13290 = VECTOR('',#13291,1.);
#13291 = DIRECTION('',(0.,0.,1.));
#13292 = ORIENTED_EDGE('',*,*,#13293,.T.);
#13293 = EDGE_CURVE('',#13286,#13255,#13294,.T.);
#13294 = LINE('',#13295,#13296);
#13295 = CARTESIAN_POINT('',(-23.54854950399,18.417190475304,19.2));
#13296 = VECTOR('',#13297,1.);
#13297 = DIRECTION('',(-0.974858512637,-0.222824774966,0.));
#13298 = ORIENTED_EDGE('',*,*,#13254,.F.);
#13299 = PLANE('',#13300);
#13300 = AXIS2_PLACEMENT_3D('',#13301,#13302,#13303);
#13301 = CARTESIAN_POINT('',(-23.54854950399,18.417190475304,9.4));
#13302 = DIRECTION('',(0.222824774966,-0.974858512637,0.));
#13303 = DIRECTION('',(-0.974858512637,-0.222824774966,0.));
#13304 = ADVANCED_FACE('',(#13305),#13330,.F.);
#13305 = FACE_BOUND('',#13306,.F.);
#13306 = EDGE_LOOP('',(#13307,#13315,#13323,#13329));
#13307 = ORIENTED_EDGE('',*,*,#13308,.F.);
#13308 = EDGE_CURVE('',#13309,#13278,#13311,.T.);
#13309 = VERTEX_POINT('',#13310);
#13310 = CARTESIAN_POINT('',(-22.9056797429,18.520449249313,16.3));
#13311 = LINE('',#13312,#13313);
#13312 = CARTESIAN_POINT('',(-23.77619443867,18.38062578011,16.3));
#13313 = VECTOR('',#13314,1.);
#13314 = DIRECTION('',(-0.987344703283,-0.158588892735,0.));
#13315 = ORIENTED_EDGE('',*,*,#13316,.T.);
#13316 = EDGE_CURVE('',#13309,#13317,#13319,.T.);
#13317 = VERTEX_POINT('',#13318);
#13318 = CARTESIAN_POINT('',(-22.9056797429,18.520449249313,19.2));
#13319 = LINE('',#13320,#13321);
#13320 = CARTESIAN_POINT('',(-22.9056797429,18.520449249313,9.4));
#13321 = VECTOR('',#13322,1.);
#13322 = DIRECTION('',(0.,0.,1.));
#13323 = ORIENTED_EDGE('',*,*,#13324,.T.);
#13324 = EDGE_CURVE('',#13317,#13286,#13325,.T.);
#13325 = LINE('',#13326,#13327);
#13326 = CARTESIAN_POINT('',(-22.9056797429,18.520449249313,19.2));
#13327 = VECTOR('',#13328,1.);
#13328 = DIRECTION('',(-0.987344703283,-0.158588892735,0.));
#13329 = ORIENTED_EDGE('',*,*,#13285,.F.);
#13330 = PLANE('',#13331);
#13331 = AXIS2_PLACEMENT_3D('',#13332,#13333,#13334);
#13332 = CARTESIAN_POINT('',(-22.9056797429,18.520449249313,9.4));
#13333 = DIRECTION('',(0.158588892735,-0.987344703283,0.));
#13334 = DIRECTION('',(-0.987344703283,-0.158588892735,0.));
#13335 = ADVANCED_FACE('',(#13336),#13361,.F.);
#13336 = FACE_BOUND('',#13337,.F.);
#13337 = EDGE_LOOP('',(#13338,#13346,#13354,#13360));
#13338 = ORIENTED_EDGE('',*,*,#13339,.F.);
#13339 = EDGE_CURVE('',#13340,#13309,#13342,.T.);
#13340 = VERTEX_POINT('',#13341);
#13341 = CARTESIAN_POINT('',(-22.25743296837,18.581441244298,16.3));
#13342 = LINE('',#13343,#13344);
#13343 = CARTESIAN_POINT('',(-23.4478834466,18.469434594283,16.3));
#13344 = VECTOR('',#13345,1.);
#13345 = DIRECTION('',(-0.995602932329,-9.36739085191E-02,0.));
#13346 = ORIENTED_EDGE('',*,*,#13347,.T.);
#13347 = EDGE_CURVE('',#13340,#13348,#13350,.T.);
#13348 = VERTEX_POINT('',#13349);
#13349 = CARTESIAN_POINT('',(-22.25743296837,18.581441244298,19.2));
#13350 = LINE('',#13351,#13352);
#13351 = CARTESIAN_POINT('',(-22.25743296837,18.581441244298,9.4));
#13352 = VECTOR('',#13353,1.);
#13353 = DIRECTION('',(0.,0.,1.));
#13354 = ORIENTED_EDGE('',*,*,#13355,.T.);
#13355 = EDGE_CURVE('',#13348,#13317,#13356,.T.);
#13356 = LINE('',#13357,#13358);
#13357 = CARTESIAN_POINT('',(-22.25743296837,18.581441244298,19.2));
#13358 = VECTOR('',#13359,1.);
#13359 = DIRECTION('',(-0.995602932329,-9.36739085191E-02,0.));
#13360 = ORIENTED_EDGE('',*,*,#13316,.F.);
#13361 = PLANE('',#13362);
#13362 = AXIS2_PLACEMENT_3D('',#13363,#13364,#13365);
#13363 = CARTESIAN_POINT('',(-22.25743296837,18.581441244298,9.4));
#13364 = DIRECTION('',(9.36739085191E-02,-0.995602932329,0.));
#13365 = DIRECTION('',(-0.995602932329,-9.36739085191E-02,0.));
#13366 = ADVANCED_FACE('',(#13367),#13392,.F.);
#13367 = FACE_BOUND('',#13368,.F.);
#13368 = EDGE_LOOP('',(#13369,#13377,#13385,#13391));
#13369 = ORIENTED_EDGE('',*,*,#13370,.F.);
#13370 = EDGE_CURVE('',#13371,#13340,#13373,.T.);
#13371 = VERTEX_POINT('',#13372);
#13372 = CARTESIAN_POINT('',(-21.60658507261,18.599905283171,16.3));
#13373 = LINE('',#13374,#13375);
#13374 = CARTESIAN_POINT('',(-23.1113001725,18.557217708579,16.3));
#13375 = VECTOR('',#13376,1.);
#13376 = DIRECTION('',(-0.999597836772,-2.835779824538E-02,0.));
#13377 = ORIENTED_EDGE('',*,*,#13378,.T.);
#13378 = EDGE_CURVE('',#13371,#13379,#13381,.T.);
#13379 = VERTEX_POINT('',#13380);
#13380 = CARTESIAN_POINT('',(-21.60658507261,18.599905283171,19.2));
#13381 = LINE('',#13382,#13383);
#13382 = CARTESIAN_POINT('',(-21.60658507261,18.599905283171,9.4));
#13383 = VECTOR('',#13384,1.);
#13384 = DIRECTION('',(0.,0.,1.));
#13385 = ORIENTED_EDGE('',*,*,#13386,.T.);
#13386 = EDGE_CURVE('',#13379,#13348,#13387,.T.);
#13387 = LINE('',#13388,#13389);
#13388 = CARTESIAN_POINT('',(-21.60658507261,18.599905283171,19.2));
#13389 = VECTOR('',#13390,1.);
#13390 = DIRECTION('',(-0.999597836772,-2.835779824538E-02,0.));
#13391 = ORIENTED_EDGE('',*,*,#13347,.F.);
#13392 = PLANE('',#13393);
#13393 = AXIS2_PLACEMENT_3D('',#13394,#13395,#13396);
#13394 = CARTESIAN_POINT('',(-21.60658507261,18.599905283171,9.4));
#13395 = DIRECTION('',(2.835779824538E-02,-0.999597836772,0.));
#13396 = DIRECTION('',(-0.999597836772,-2.835779824538E-02,0.));
#13397 = ADVANCED_FACE('',(#13398),#13423,.F.);
#13398 = FACE_BOUND('',#13399,.F.);
#13399 = EDGE_LOOP('',(#13400,#13408,#13416,#13422));
#13400 = ORIENTED_EDGE('',*,*,#13401,.F.);
#13401 = EDGE_CURVE('',#13402,#13371,#13404,.T.);
#13402 = VERTEX_POINT('',#13403);
#13403 = CARTESIAN_POINT('',(-20.95592308624,18.575762300085,16.3));
#13404 = LINE('',#13405,#13406);
#13405 = CARTESIAN_POINT('',(-22.76386283405,18.64284637702,16.3));
#13406 = VECTOR('',#13407,1.);
#13407 = DIRECTION('',(-0.999312309816,3.7079744474E-02,0.));
#13408 = ORIENTED_EDGE('',*,*,#13409,.T.);
#13409 = EDGE_CURVE('',#13402,#13410,#13412,.T.);
#13410 = VERTEX_POINT('',#13411);
#13411 = CARTESIAN_POINT('',(-20.95592308624,18.575762300085,19.2));
#13412 = LINE('',#13413,#13414);
#13413 = CARTESIAN_POINT('',(-20.95592308624,18.575762300085,9.4));
#13414 = VECTOR('',#13415,1.);
#13415 = DIRECTION('',(0.,0.,1.));
#13416 = ORIENTED_EDGE('',*,*,#13417,.T.);
#13417 = EDGE_CURVE('',#13410,#13379,#13418,.T.);
#13418 = LINE('',#13419,#13420);
#13419 = CARTESIAN_POINT('',(-20.95592308624,18.575762300085,19.2));
#13420 = VECTOR('',#13421,1.);
#13421 = DIRECTION('',(-0.999312309816,3.7079744474E-02,0.));
#13422 = ORIENTED_EDGE('',*,*,#13378,.F.);
#13423 = PLANE('',#13424);
#13424 = AXIS2_PLACEMENT_3D('',#13425,#13426,#13427);
#13425 = CARTESIAN_POINT('',(-20.95592308624,18.575762300085,9.4));
#13426 = DIRECTION('',(-3.7079744474E-02,-0.999312309816,0.));
#13427 = DIRECTION('',(-0.999312309816,3.7079744474E-02,0.));
#13428 = ADVANCED_FACE('',(#13429),#13454,.F.);
#13429 = FACE_BOUND('',#13430,.F.);
#13430 = EDGE_LOOP('',(#13431,#13432,#13440,#13448));
#13431 = ORIENTED_EDGE('',*,*,#13409,.F.);
#13432 = ORIENTED_EDGE('',*,*,#13433,.F.);
#13433 = EDGE_CURVE('',#13434,#13402,#13436,.T.);
#13434 = VERTEX_POINT('',#13435);
#13435 = CARTESIAN_POINT('',(-20.99968064892,17.95,16.3));
#13436 = LINE('',#13437,#13438);
#13437 = CARTESIAN_POINT('',(-21.07724479856,16.840780982571,16.3));
#13438 = VECTOR('',#13439,1.);
#13439 = DIRECTION('',(6.975647374412E-02,0.99756405026,-0.));
#13440 = ORIENTED_EDGE('',*,*,#13441,.F.);
#13441 = EDGE_CURVE('',#13442,#13434,#13444,.T.);
#13442 = VERTEX_POINT('',#13443);
#13443 = CARTESIAN_POINT('',(-20.99968064892,17.95,19.2));
#13444 = LINE('',#13445,#13446);
#13445 = CARTESIAN_POINT('',(-20.99968064892,17.95,10.45));
#13446 = VECTOR('',#13447,1.);
#13447 = DIRECTION('',(0.,0.,-1.));
#13448 = ORIENTED_EDGE('',*,*,#13449,.T.);
#13449 = EDGE_CURVE('',#13442,#13410,#13450,.T.);
#13450 = LINE('',#13451,#13452);
#13451 = CARTESIAN_POINT('',(-21.13728991798,15.98209576941,19.2));
#13452 = VECTOR('',#13453,1.);
#13453 = DIRECTION('',(6.975647374412E-02,0.99756405026,0.));
#13454 = PLANE('',#13455);
#13455 = AXIS2_PLACEMENT_3D('',#13456,#13457,#13458);
#13456 = CARTESIAN_POINT('',(-21.13728991798,15.98209576941,9.4));
#13457 = DIRECTION('',(-0.99756405026,6.975647374412E-02,0.));
#13458 = DIRECTION('',(6.975647374412E-02,0.99756405026,0.));
#13459 = ADVANCED_FACE('',(#13460),#13485,.F.);
#13460 = FACE_BOUND('',#13461,.F.);
#13461 = EDGE_LOOP('',(#13462,#13463,#13471,#13479));
#13462 = ORIENTED_EDGE('',*,*,#12641,.T.);
#13463 = ORIENTED_EDGE('',*,*,#13464,.F.);
#13464 = EDGE_CURVE('',#13465,#12634,#13467,.T.);
#13465 = VERTEX_POINT('',#13466);
#13466 = CARTESIAN_POINT('',(9.6,21.,11.5));
#13467 = LINE('',#13468,#13469);
#13468 = CARTESIAN_POINT('',(9.6,21.,11.5));
#13469 = VECTOR('',#13470,1.);
#13470 = DIRECTION('',(0.,0.,1.));
#13471 = ORIENTED_EDGE('',*,*,#13472,.T.);
#13472 = EDGE_CURVE('',#13465,#13473,#13475,.T.);
#13473 = VERTEX_POINT('',#13474);
#13474 = CARTESIAN_POINT('',(9.6,21.3,11.5));
#13475 = LINE('',#13476,#13477);
#13476 = CARTESIAN_POINT('',(9.6,16.2,11.5));
#13477 = VECTOR('',#13478,1.);
#13478 = DIRECTION('',(-0.,1.,0.));
#13479 = ORIENTED_EDGE('',*,*,#13480,.T.);
#13480 = EDGE_CURVE('',#13473,#12642,#13481,.T.);
#13481 = LINE('',#13482,#13483);
#13482 = CARTESIAN_POINT('',(9.6,21.3,11.5));
#13483 = VECTOR('',#13484,1.);
#13484 = DIRECTION('',(0.,0.,1.));
#13485 = PLANE('',#13486);
#13486 = AXIS2_PLACEMENT_3D('',#13487,#13488,#13489);
#13487 = CARTESIAN_POINT('',(9.6,16.2,11.5));
#13488 = DIRECTION('',(1.,0.,-0.));
#13489 = DIRECTION('',(0.,0.,1.));
#13490 = ADVANCED_FACE('',(#13491),#13515,.F.);
#13491 = FACE_BOUND('',#13492,.F.);
#13492 = EDGE_LOOP('',(#13493,#13501,#13502,#13508,#13509));
#13493 = ORIENTED_EDGE('',*,*,#13494,.F.);
#13494 = EDGE_CURVE('',#1846,#13495,#13497,.T.);
#13495 = VERTEX_POINT('',#13496);
#13496 = CARTESIAN_POINT('',(9.8,21.3,11.5));
#13497 = LINE('',#13498,#13499);
#13498 = CARTESIAN_POINT('',(9.8,21.3,0.4));
#13499 = VECTOR('',#13500,1.);
#13500 = DIRECTION('',(0.,0.,1.));
#13501 = ORIENTED_EDGE('',*,*,#1853,.T.);
#13502 = ORIENTED_EDGE('',*,*,#13503,.T.);
#13503 = EDGE_CURVE('',#1790,#12625,#13504,.T.);
#13504 = LINE('',#13505,#13506);
#13505 = CARTESIAN_POINT('',(9.8,28.,0.4));
#13506 = VECTOR('',#13507,1.);
#13507 = DIRECTION('',(0.,0.,1.));
#13508 = ORIENTED_EDGE('',*,*,#12657,.F.);
#13509 = ORIENTED_EDGE('',*,*,#13510,.F.);
#13510 = EDGE_CURVE('',#13495,#12650,#13511,.T.);
#13511 = LINE('',#13512,#13513);
#13512 = CARTESIAN_POINT('',(9.8,21.3,0.4));
#13513 = VECTOR('',#13514,1.);
#13514 = DIRECTION('',(0.,0.,1.));
#13515 = PLANE('',#13516);
#13516 = AXIS2_PLACEMENT_3D('',#13517,#13518,#13519);
#13517 = CARTESIAN_POINT('',(9.8,21.3,0.4));
#13518 = DIRECTION('',(1.,0.,-0.));
#13519 = DIRECTION('',(0.,0.,1.));
#13520 = ADVANCED_FACE('',(#13521),#13532,.T.);
#13521 = FACE_BOUND('',#13522,.T.);
#13522 = EDGE_LOOP('',(#13523,#13524,#13530,#13531));
#13523 = ORIENTED_EDGE('',*,*,#13510,.F.);
#13524 = ORIENTED_EDGE('',*,*,#13525,.F.);
#13525 = EDGE_CURVE('',#13473,#13495,#13526,.T.);
#13526 = LINE('',#13527,#13528);
#13527 = CARTESIAN_POINT('',(9.6,21.3,11.5));
#13528 = VECTOR('',#13529,1.);
#13529 = DIRECTION('',(1.,0.,-0.));
#13530 = ORIENTED_EDGE('',*,*,#13480,.T.);
#13531 = ORIENTED_EDGE('',*,*,#12649,.T.);
#13532 = PLANE('',#13533);
#13533 = AXIS2_PLACEMENT_3D('',#13534,#13535,#13536);
#13534 = CARTESIAN_POINT('',(9.6,21.3,11.5));
#13535 = DIRECTION('',(-0.,1.,0.));
#13536 = DIRECTION('',(0.,0.,1.));
#13537 = ADVANCED_FACE('',(#13538),#13754,.F.);
#13538 = FACE_BOUND('',#13539,.F.);
#13539 = EDGE_LOOP('',(#13540,#13550,#13556,#13557,#13565,#13573,#13581,
    #13589,#13597,#13605,#13613,#13621,#13629,#13637,#13645,#13653,
    #13661,#13669,#13677,#13685,#13693,#13701,#13709,#13717,#13725,
    #13731,#13732,#13740,#13748));
#13540 = ORIENTED_EDGE('',*,*,#13541,.T.);
#13541 = EDGE_CURVE('',#13542,#13544,#13546,.T.);
#13542 = VERTEX_POINT('',#13543);
#13543 = CARTESIAN_POINT('',(12.3,-15.95,19.2));
#13544 = VERTEX_POINT('',#13545);
#13545 = CARTESIAN_POINT('',(12.3,-15.95,13.2));
#13546 = LINE('',#13547,#13548);
#13547 = CARTESIAN_POINT('',(12.3,-15.95,11.5));
#13548 = VECTOR('',#13549,1.);
#13549 = DIRECTION('',(-0.,0.,-1.));
#13550 = ORIENTED_EDGE('',*,*,#13551,.T.);
#13551 = EDGE_CURVE('',#13544,#13085,#13552,.T.);
#13552 = LINE('',#13553,#13554);
#13553 = CARTESIAN_POINT('',(-16.,-15.95,13.2));
#13554 = VECTOR('',#13555,1.);
#13555 = DIRECTION('',(-1.,-0.,0.));
#13556 = ORIENTED_EDGE('',*,*,#13092,.T.);
#13557 = ORIENTED_EDGE('',*,*,#13558,.T.);
#13558 = EDGE_CURVE('',#13093,#13559,#13561,.T.);
#13559 = VERTEX_POINT('',#13560);
#13560 = CARTESIAN_POINT('',(8.022263306319,-15.95,14.335470605516));
#13561 = LINE('',#13562,#13563);
#13562 = CARTESIAN_POINT('',(8.676141492548,-15.95,13.764403959355));
#13563 = VECTOR('',#13564,1.);
#13564 = DIRECTION('',(-0.753191033327,7.938487178788E-16,0.657801845023
    ));
#13565 = ORIENTED_EDGE('',*,*,#13566,.T.);
#13566 = EDGE_CURVE('',#13559,#13567,#13569,.T.);
#13567 = VERTEX_POINT('',#13568);
#13568 = CARTESIAN_POINT('',(7.33089879332,-15.95,14.860531465749));
#13569 = LINE('',#13570,#13571);
#13570 = CARTESIAN_POINT('',(8.022263306319,-15.95,14.335470605516));
#13571 = VECTOR('',#13572,1.);
#13572 = DIRECTION('',(-0.796370888216,7.9907853846E-16,0.6048085717));
#13573 = ORIENTED_EDGE('',*,*,#13574,.T.);
#13574 = EDGE_CURVE('',#13567,#13575,#13577,.T.);
#13575 = VERTEX_POINT('',#13576);
#13576 = CARTESIAN_POINT('',(6.60527855258,-15.95,15.337133042552));
#13577 = LINE('',#13578,#13579);
#13578 = CARTESIAN_POINT('',(7.33089879332,-15.95,14.860531465749));
#13579 = VECTOR('',#13580,1.);
#13580 = DIRECTION('',(-0.835829471662,8.005744353262E-16,0.548989156816
    ));
#13581 = ORIENTED_EDGE('',*,*,#13582,.T.);
#13582 = EDGE_CURVE('',#13575,#13583,#13585,.T.);
#13583 = VERTEX_POINT('',#13584);
#13584 = CARTESIAN_POINT('',(5.848793252843,-15.95,15.763048278327));
#13585 = LINE('',#13586,#13587);
#13586 = CARTESIAN_POINT('',(6.60527855258,-15.95,15.337133042552));
#13587 = VECTOR('',#13588,1.);
#13588 = DIRECTION('',(-0.871382402114,7.9832941847E-16,0.490604432599)
  );
#13589 = ORIENTED_EDGE('',*,*,#13590,.T.);
#13590 = EDGE_CURVE('',#13583,#13591,#13593,.T.);
#13591 = VERTEX_POINT('',#13592);
#13592 = CARTESIAN_POINT('',(5.064977788698,-15.95,16.136286961946));
#13593 = LINE('',#13594,#13595);
#13594 = CARTESIAN_POINT('',(5.848793252843,-15.95,15.763048278327));
#13595 = VECTOR('',#13596,1.);
#13596 = DIRECTION('',(-0.902863548306,7.923539783767E-16,0.429927218423
    ));
#13597 = ORIENTED_EDGE('',*,*,#13598,.T.);
#13598 = EDGE_CURVE('',#13591,#13599,#13601,.T.);
#13599 = VERTEX_POINT('',#13600);
#13600 = CARTESIAN_POINT('',(4.257494762765,-15.95,16.455105028583));
#13601 = LINE('',#13602,#13603);
#13602 = CARTESIAN_POINT('',(5.064977788698,-15.95,16.136286961946));
#13603 = VECTOR('',#13604,1.);
#13604 = DIRECTION('',(-0.930125805549,7.826760370046E-16,0.36724104598)
  );
#13605 = ORIENTED_EDGE('',*,*,#13606,.T.);
#13606 = EDGE_CURVE('',#13599,#13607,#13609,.T.);
#13607 = VERTEX_POINT('',#13608);
#13608 = CARTESIAN_POINT('',(3.43011737114,-15.95,16.718012709357));
#13609 = LINE('',#13610,#13611);
#13610 = CARTESIAN_POINT('',(4.257494762765,-15.95,16.455105028583));
#13611 = VECTOR('',#13612,1.);
#13612 = DIRECTION('',(-0.953041783126,7.69340817311E-16,0.302838834392)
  );
#13613 = ORIENTED_EDGE('',*,*,#13614,.T.);
#13614 = EDGE_CURVE('',#13607,#13615,#13617,.T.);
#13615 = VERTEX_POINT('',#13616);
#13616 = CARTESIAN_POINT('',(2.586711772046,-15.95,16.923781492706));
#13617 = LINE('',#13618,#13619);
#13618 = CARTESIAN_POINT('',(3.43011737114,-15.95,16.718012709357));
#13619 = VECTOR('',#13620,1.);
#13620 = DIRECTION('',(-0.971504399557,7.524106319357E-16,0.237021521471
    ));
#13621 = ORIENTED_EDGE('',*,*,#13622,.T.);
#13622 = EDGE_CURVE('',#13615,#13623,#13625,.T.);
#13623 = VERTEX_POINT('',#13624);
#13624 = CARTESIAN_POINT('',(1.731219020107,-15.95,17.071449864957));
#13625 = LINE('',#13626,#13627);
#13626 = CARTESIAN_POINT('',(2.586711772046,-15.95,16.923781492706));
#13627 = VECTOR('',#13628,1.);
#13628 = DIRECTION('',(-0.985427382971,7.319645920269E-16,0.170096657493
    ));
#13629 = ORIENTED_EDGE('',*,*,#13630,.T.);
#13630 = EDGE_CURVE('',#13623,#13631,#13633,.T.);
#13631 = VERTEX_POINT('',#13632);
#13632 = CARTESIAN_POINT('',(0.867636650635,-15.95,17.160327803276));
#13633 = LINE('',#13634,#13635);
#13634 = CARTESIAN_POINT('',(1.731219020107,-15.95,17.071449864957));
#13635 = VECTOR('',#13636,1.);
#13636 = DIRECTION('',(-0.994745674233,7.080982375717E-16,0.102376968085
    ));
#13637 = ORIENTED_EDGE('',*,*,#13638,.T.);
#13638 = EDGE_CURVE('',#13631,#13639,#13641,.T.);
#13639 = VERTEX_POINT('',#13640);
#13640 = CARTESIAN_POINT('',(-7.921881355321E-15,-15.95,17.19));
#13641 = LINE('',#13642,#13643);
#13642 = CARTESIAN_POINT('',(0.867636650635,-15.95,17.160327803276));
#13643 = VECTOR('',#13644,1.);
#13644 = DIRECTION('',(-0.999415730954,6.809230909582E-16,
    3.417889292249E-02));
#13645 = ORIENTED_EDGE('',*,*,#13646,.T.);
#13646 = EDGE_CURVE('',#13639,#13647,#13649,.T.);
#13647 = VERTEX_POINT('',#13648);
#13648 = CARTESIAN_POINT('',(-0.867636650635,-15.95,17.160327803276));
#13649 = LINE('',#13650,#13651);
#13650 = CARTESIAN_POINT('',(-7.921881355321E-15,-15.95,17.19));
#13651 = VECTOR('',#13652,1.);
#13652 = DIRECTION('',(-0.999415730954,6.505661358552E-16,
    -3.417889292249E-02));
#13653 = ORIENTED_EDGE('',*,*,#13654,.T.);
#13654 = EDGE_CURVE('',#13647,#13655,#13657,.T.);
#13655 = VERTEX_POINT('',#13656);
#13656 = CARTESIAN_POINT('',(-1.731219020107,-15.95,17.071449864957));
#13657 = LINE('',#13658,#13659);
#13658 = CARTESIAN_POINT('',(-0.867636650635,-15.95,17.160327803276));
#13659 = VECTOR('',#13660,1.);
#13660 = DIRECTION('',(-0.994745674233,6.171692238444E-16,
    -0.102376968085));
#13661 = ORIENTED_EDGE('',*,*,#13662,.T.);
#13662 = EDGE_CURVE('',#13655,#13663,#13665,.T.);
#13663 = VERTEX_POINT('',#13664);
#13664 = CARTESIAN_POINT('',(-2.586711772046,-15.95,16.923781492706));
#13665 = LINE('',#13666,#13667);
#13666 = CARTESIAN_POINT('',(-1.731219020107,-15.95,17.071449864957));
#13667 = VECTOR('',#13668,1.);
#13668 = DIRECTION('',(-0.985427382971,5.808884115781E-16,
    -0.170096657493));
#13669 = ORIENTED_EDGE('',*,*,#13670,.T.);
#13670 = EDGE_CURVE('',#13663,#13671,#13673,.T.);
#13671 = VERTEX_POINT('',#13672);
#13672 = CARTESIAN_POINT('',(-3.43011737114,-15.95,16.718012709357));
#13673 = LINE('',#13674,#13675);
#13674 = CARTESIAN_POINT('',(-2.586711772046,-15.95,16.923781492706));
#13675 = VECTOR('',#13676,1.);
#13676 = DIRECTION('',(-0.971504399557,5.418932315602E-16,
    -0.237021521471));
#13677 = ORIENTED_EDGE('',*,*,#13678,.T.);
#13678 = EDGE_CURVE('',#13671,#13679,#13681,.T.);
#13679 = VERTEX_POINT('',#13680);
#13680 = CARTESIAN_POINT('',(-4.257494762765,-15.95,16.455105028583));
#13681 = LINE('',#13682,#13683);
#13682 = CARTESIAN_POINT('',(-3.43011737114,-15.95,16.718012709357));
#13683 = VECTOR('',#13684,1.);
#13684 = DIRECTION('',(-0.953041783126,5.003658999565E-16,
    -0.302838834392));
#13685 = ORIENTED_EDGE('',*,*,#13686,.T.);
#13686 = EDGE_CURVE('',#13679,#13687,#13689,.T.);
#13687 = VERTEX_POINT('',#13688);
#13688 = CARTESIAN_POINT('',(-5.064977788698,-15.95,16.136286961946));
#13689 = LINE('',#13690,#13691);
#13690 = CARTESIAN_POINT('',(-4.257494762765,-15.95,16.455105028583));
#13691 = VECTOR('',#13692,1.);
#13692 = DIRECTION('',(-0.930125805549,4.565004651374E-16,-0.36724104598
    ));
#13693 = ORIENTED_EDGE('',*,*,#13694,.T.);
#13694 = EDGE_CURVE('',#13687,#13695,#13697,.T.);
#13695 = VERTEX_POINT('',#13696);
#13696 = CARTESIAN_POINT('',(-5.848793252843,-15.95,15.763048278327));
#13697 = LINE('',#13698,#13699);
#13698 = CARTESIAN_POINT('',(-5.064977788698,-15.95,16.136286961946));
#13699 = VECTOR('',#13700,1.);
#13700 = DIRECTION('',(-0.902863548306,4.105019009316E-16,
    -0.429927218423));
#13701 = ORIENTED_EDGE('',*,*,#13702,.T.);
#13702 = EDGE_CURVE('',#13695,#13703,#13705,.T.);
#13703 = VERTEX_POINT('',#13704);
#13704 = CARTESIAN_POINT('',(-6.60527855258,-15.95,15.337133042552));
#13705 = LINE('',#13706,#13707);
#13706 = CARTESIAN_POINT('',(-5.848793252843,-15.95,15.763048278327));
#13707 = VECTOR('',#13708,1.);
#13708 = DIRECTION('',(-0.871382402114,3.625851488265E-16,
    -0.490604432599));
#13709 = ORIENTED_EDGE('',*,*,#13710,.T.);
#13710 = EDGE_CURVE('',#13703,#13711,#13713,.T.);
#13711 = VERTEX_POINT('',#13712);
#13712 = CARTESIAN_POINT('',(-7.33089879332,-15.95,14.860531465749));
#13713 = LINE('',#13714,#13715);
#13714 = CARTESIAN_POINT('',(-6.60527855258,-15.95,15.337133042552));
#13715 = VECTOR('',#13716,1.);
#13716 = DIRECTION('',(-0.835829471662,3.129741135931E-16,
    -0.548989156816));
#13717 = ORIENTED_EDGE('',*,*,#13718,.T.);
#13718 = EDGE_CURVE('',#13711,#13719,#13721,.T.);
#13719 = VERTEX_POINT('',#13720);
#13720 = CARTESIAN_POINT('',(-8.022263306319,-15.95,14.335470605516));
#13721 = LINE('',#13722,#13723);
#13722 = CARTESIAN_POINT('',(-7.33089879332,-15.95,14.860531465749));
#13723 = VECTOR('',#13724,1.);
#13724 = DIRECTION('',(-0.796370888216,2.619006170262E-16,-0.6048085717)
  );
#13725 = ORIENTED_EDGE('',*,*,#13726,.T.);
#13726 = EDGE_CURVE('',#13719,#12816,#13727,.T.);
#13727 = LINE('',#13728,#13729);
#13728 = CARTESIAN_POINT('',(-8.022263306319,-15.95,14.335470605516));
#13729 = VECTOR('',#13730,1.);
#13730 = DIRECTION('',(-0.753191033327,2.096033146906E-16,
    -0.657801845023));
#13731 = ORIENTED_EDGE('',*,*,#12823,.T.);
#13732 = ORIENTED_EDGE('',*,*,#13733,.T.);
#13733 = EDGE_CURVE('',#12824,#13734,#13736,.T.);
#13734 = VERTEX_POINT('',#13735);
#13735 = CARTESIAN_POINT('',(-16.,-15.95,13.2));
#13736 = LINE('',#13737,#13738);
#13737 = CARTESIAN_POINT('',(-12.61198984332,-15.95,13.2));
#13738 = VECTOR('',#13739,1.);
#13739 = DIRECTION('',(-1.,-0.,0.));
#13740 = ORIENTED_EDGE('',*,*,#13741,.T.);
#13741 = EDGE_CURVE('',#13734,#13742,#13744,.T.);
#13742 = VERTEX_POINT('',#13743);
#13743 = CARTESIAN_POINT('',(-16.,-15.95,19.2));
#13744 = LINE('',#13745,#13746);
#13745 = CARTESIAN_POINT('',(-16.,-15.95,11.5));
#13746 = VECTOR('',#13747,1.);
#13747 = DIRECTION('',(0.,0.,1.));
#13748 = ORIENTED_EDGE('',*,*,#13749,.T.);
#13749 = EDGE_CURVE('',#13742,#13542,#13750,.T.);
#13750 = LINE('',#13751,#13752);
#13751 = CARTESIAN_POINT('',(-16.,-15.95,19.2));
#13752 = VECTOR('',#13753,1.);
#13753 = DIRECTION('',(1.,0.,-0.));
#13754 = PLANE('',#13755);
#13755 = AXIS2_PLACEMENT_3D('',#13756,#13757,#13758);
#13756 = CARTESIAN_POINT('',(-16.,-15.95,11.5));
#13757 = DIRECTION('',(-0.,1.,0.));
#13758 = DIRECTION('',(0.,0.,1.));
#13759 = ADVANCED_FACE('',(#13760),#13786,.F.);
#13760 = FACE_BOUND('',#13761,.F.);
#13761 = EDGE_LOOP('',(#13762,#13763,#13764,#13770,#13771,#13779));
#13762 = ORIENTED_EDGE('',*,*,#114,.F.);
#13763 = ORIENTED_EDGE('',*,*,#12726,.F.);
#13764 = ORIENTED_EDGE('',*,*,#13765,.T.);
#13765 = EDGE_CURVE('',#12719,#12832,#13766,.T.);
#13766 = LINE('',#13767,#13768);
#13767 = CARTESIAN_POINT('',(-16.,-18.63,13.2));
#13768 = VECTOR('',#13769,1.);
#13769 = DIRECTION('',(1.,0.,-0.));
#13770 = ORIENTED_EDGE('',*,*,#12839,.F.);
#13771 = ORIENTED_EDGE('',*,*,#13772,.F.);
#13772 = EDGE_CURVE('',#13773,#12840,#13775,.T.);
#13773 = VERTEX_POINT('',#13774);
#13774 = CARTESIAN_POINT('',(-3.905688159595,-18.63,13.15));
#13775 = LINE('',#13776,#13777);
#13776 = CARTESIAN_POINT('',(-12.64473895929,-18.63,13.15));
#13777 = VECTOR('',#13778,1.);
#13778 = DIRECTION('',(-1.,0.,-5.705225837152E-16));
#13779 = ORIENTED_EDGE('',*,*,#13780,.F.);
#13780 = EDGE_CURVE('',#107,#13773,#13781,.T.);
#13781 = CIRCLE('',#13782,9.5);
#13782 = AXIS2_PLACEMENT_3D('',#13783,#13784,#13785);
#13783 = CARTESIAN_POINT('',(0.,-18.63,4.49));
#13784 = DIRECTION('',(0.,1.,0.));
#13785 = DIRECTION('',(0.,-0.,1.));
#13786 = PLANE('',#13787);
#13787 = AXIS2_PLACEMENT_3D('',#13788,#13789,#13790);
#13788 = CARTESIAN_POINT('',(-16.,-18.63,11.5));
#13789 = DIRECTION('',(-0.,1.,0.));
#13790 = DIRECTION('',(0.,0.,1.));
#13791 = ADVANCED_FACE('',(#13792),#13812,.T.);
#13792 = FACE_BOUND('',#13793,.T.);
#13793 = EDGE_LOOP('',(#13794,#13795,#13796,#13797,#13805,#13811));
#13794 = ORIENTED_EDGE('',*,*,#12774,.F.);
#13795 = ORIENTED_EDGE('',*,*,#12847,.T.);
#13796 = ORIENTED_EDGE('',*,*,#13772,.F.);
#13797 = ORIENTED_EDGE('',*,*,#13798,.F.);
#13798 = EDGE_CURVE('',#13799,#13773,#13801,.T.);
#13799 = VERTEX_POINT('',#13800);
#13800 = CARTESIAN_POINT('',(3.905688159595,-18.63,13.15));
#13801 = LINE('',#13802,#13803);
#13802 = CARTESIAN_POINT('',(-12.64473895929,-18.63,13.15));
#13803 = VECTOR('',#13804,1.);
#13804 = DIRECTION('',(-1.,0.,-5.705225837152E-16));
#13805 = ORIENTED_EDGE('',*,*,#13806,.F.);
#13806 = EDGE_CURVE('',#13069,#13799,#13807,.T.);
#13807 = LINE('',#13808,#13809);
#13808 = CARTESIAN_POINT('',(-12.64473895929,-18.63,13.15));
#13809 = VECTOR('',#13810,1.);
#13810 = DIRECTION('',(-1.,0.,-5.705225837152E-16));
#13811 = ORIENTED_EDGE('',*,*,#13068,.F.);
#13812 = PLANE('',#13813);
#13813 = AXIS2_PLACEMENT_3D('',#13814,#13815,#13816);
#13814 = CARTESIAN_POINT('',(-9.289477918592,-20.35,13.15));
#13815 = DIRECTION('',(5.705225837152E-16,-4.440892098501E-16,-1.));
#13816 = DIRECTION('',(1.,-6.661338147751E-16,3.484779787902E-16));
#13817 = ADVANCED_FACE('',(#13818),#13829,.T.);
#13818 = FACE_BOUND('',#13819,.T.);
#13819 = EDGE_LOOP('',(#13820,#13826,#13827,#13828));
#13820 = ORIENTED_EDGE('',*,*,#13821,.T.);
#13821 = EDGE_CURVE('',#13045,#13719,#13822,.T.);
#13822 = LINE('',#13823,#13824);
#13823 = CARTESIAN_POINT('',(-8.022263306319,-20.35,14.335470605516));
#13824 = VECTOR('',#13825,1.);
#13825 = DIRECTION('',(4.440892098501E-16,1.,-6.661338147751E-16));
#13826 = ORIENTED_EDGE('',*,*,#13726,.T.);
#13827 = ORIENTED_EDGE('',*,*,#12815,.F.);
#13828 = ORIENTED_EDGE('',*,*,#13052,.F.);
#13829 = PLANE('',#13830);
#13830 = AXIS2_PLACEMENT_3D('',#13831,#13832,#13833);
#13831 = CARTESIAN_POINT('',(-8.022263306319,-20.35,14.335470605516));
#13832 = DIRECTION('',(-0.657801845023,7.726680632476E-16,0.753191033327
    ));
#13833 = DIRECTION('',(-0.753191033327,2.096033146906E-16,
    -0.657801845023));
#13834 = ADVANCED_FACE('',(#13835),#13846,.T.);
#13835 = FACE_BOUND('',#13836,.T.);
#13836 = EDGE_LOOP('',(#13837,#13843,#13844,#13845));
#13837 = ORIENTED_EDGE('',*,*,#13838,.T.);
#13838 = EDGE_CURVE('',#13037,#13711,#13839,.T.);
#13839 = LINE('',#13840,#13841);
#13840 = CARTESIAN_POINT('',(-7.33089879332,-20.35,14.860531465749));
#13841 = VECTOR('',#13842,1.);
#13842 = DIRECTION('',(4.440892098501E-16,1.,-6.661338147751E-16));
#13843 = ORIENTED_EDGE('',*,*,#13718,.T.);
#13844 = ORIENTED_EDGE('',*,*,#13821,.F.);
#13845 = ORIENTED_EDGE('',*,*,#13044,.F.);
#13846 = PLANE('',#13847);
#13847 = AXIS2_PLACEMENT_3D('',#13848,#13849,#13850);
#13848 = CARTESIAN_POINT('',(-7.33089879332,-20.35,14.860531465749));
#13849 = DIRECTION('',(-0.6048085717,7.565431595708E-16,0.796370888216)
  );
#13850 = DIRECTION('',(-0.796370888216,2.619006170262E-16,-0.6048085717)
  );
#13851 = ADVANCED_FACE('',(#13852),#13863,.T.);
#13852 = FACE_BOUND('',#13853,.T.);
#13853 = EDGE_LOOP('',(#13854,#13860,#13861,#13862));
#13854 = ORIENTED_EDGE('',*,*,#13855,.T.);
#13855 = EDGE_CURVE('',#13029,#13703,#13856,.T.);
#13856 = LINE('',#13857,#13858);
#13857 = CARTESIAN_POINT('',(-6.60527855258,-20.35,15.337133042552));
#13858 = VECTOR('',#13859,1.);
#13859 = DIRECTION('',(4.440892098501E-16,1.,-6.661338147751E-16));
#13860 = ORIENTED_EDGE('',*,*,#13710,.T.);
#13861 = ORIENTED_EDGE('',*,*,#13838,.F.);
#13862 = ORIENTED_EDGE('',*,*,#13036,.F.);
#13863 = PLANE('',#13864);
#13864 = AXIS2_PLACEMENT_3D('',#13865,#13866,#13867);
#13865 = CARTESIAN_POINT('',(-6.60527855258,-20.35,15.337133042552));
#13866 = DIRECTION('',(-0.548989156816,7.368830909396E-16,0.835829471662
    ));
#13867 = DIRECTION('',(-0.835829471662,3.129741135931E-16,
    -0.548989156816));
#13868 = ADVANCED_FACE('',(#13869),#13880,.T.);
#13869 = FACE_BOUND('',#13870,.T.);
#13870 = EDGE_LOOP('',(#13871,#13877,#13878,#13879));
#13871 = ORIENTED_EDGE('',*,*,#13872,.T.);
#13872 = EDGE_CURVE('',#13021,#13695,#13873,.T.);
#13873 = LINE('',#13874,#13875);
#13874 = CARTESIAN_POINT('',(-5.848793252843,-20.35,15.763048278327));
#13875 = VECTOR('',#13876,1.);
#13876 = DIRECTION('',(4.440892098501E-16,1.,-6.661338147751E-16));
#13877 = ORIENTED_EDGE('',*,*,#13702,.T.);
#13878 = ORIENTED_EDGE('',*,*,#13855,.F.);
#13879 = ORIENTED_EDGE('',*,*,#13028,.F.);
#13880 = PLANE('',#13881);
#13881 = AXIS2_PLACEMENT_3D('',#13882,#13883,#13884);
#13882 = CARTESIAN_POINT('',(-5.848793252843,-20.35,15.763048278327));
#13883 = DIRECTION('',(-0.490604432599,7.137797246648E-16,0.871382402114
    ));
#13884 = DIRECTION('',(-0.871382402114,3.625851488265E-16,
    -0.490604432599));
#13885 = ADVANCED_FACE('',(#13886),#13897,.T.);
#13886 = FACE_BOUND('',#13887,.T.);
#13887 = EDGE_LOOP('',(#13888,#13894,#13895,#13896));
#13888 = ORIENTED_EDGE('',*,*,#13889,.T.);
#13889 = EDGE_CURVE('',#13013,#13687,#13890,.T.);
#13890 = LINE('',#13891,#13892);
#13891 = CARTESIAN_POINT('',(-5.064977788698,-20.35,16.136286961946));
#13892 = VECTOR('',#13893,1.);
#13893 = DIRECTION('',(4.440892098501E-16,1.,-6.661338147751E-16));
#13894 = ORIENTED_EDGE('',*,*,#13694,.T.);
#13895 = ORIENTED_EDGE('',*,*,#13872,.F.);
#13896 = ORIENTED_EDGE('',*,*,#13020,.F.);
#13897 = PLANE('',#13898);
#13898 = AXIS2_PLACEMENT_3D('',#13899,#13900,#13901);
#13899 = CARTESIAN_POINT('',(-5.064977788698,-20.35,16.136286961946));
#13900 = DIRECTION('',(-0.429927218423,6.873410178533E-16,0.902863548306
    ));
#13901 = DIRECTION('',(-0.902863548306,4.105019009316E-16,
    -0.429927218423));
#13902 = ADVANCED_FACE('',(#13903),#13914,.T.);
#13903 = FACE_BOUND('',#13904,.T.);
#13904 = EDGE_LOOP('',(#13905,#13911,#13912,#13913));
#13905 = ORIENTED_EDGE('',*,*,#13906,.T.);
#13906 = EDGE_CURVE('',#13005,#13679,#13907,.T.);
#13907 = LINE('',#13908,#13909);
#13908 = CARTESIAN_POINT('',(-4.257494762765,-20.35,16.455105028583));
#13909 = VECTOR('',#13910,1.);
#13910 = DIRECTION('',(4.440892098501E-16,1.,-6.661338147751E-16));
#13911 = ORIENTED_EDGE('',*,*,#13686,.T.);
#13912 = ORIENTED_EDGE('',*,*,#13889,.F.);
#13913 = ORIENTED_EDGE('',*,*,#13012,.F.);
#13914 = PLANE('',#13915);
#13915 = AXIS2_PLACEMENT_3D('',#13916,#13917,#13918);
#13916 = CARTESIAN_POINT('',(-4.257494762765,-20.35,16.455105028583));
#13917 = DIRECTION('',(-0.36724104598,6.576905129477E-16,0.930125805549)
  );
#13918 = DIRECTION('',(-0.930125805549,4.565004651374E-16,-0.36724104598
    ));
#13919 = ADVANCED_FACE('',(#13920),#13931,.T.);
#13920 = FACE_BOUND('',#13921,.T.);
#13921 = EDGE_LOOP('',(#13922,#13928,#13929,#13930));
#13922 = ORIENTED_EDGE('',*,*,#13923,.T.);
#13923 = EDGE_CURVE('',#12997,#13671,#13924,.T.);
#13924 = LINE('',#13925,#13926);
#13925 = CARTESIAN_POINT('',(-3.43011737114,-20.35,16.718012709357));
#13926 = VECTOR('',#13927,1.);
#13927 = DIRECTION('',(4.440892098501E-16,1.,-6.661338147751E-16));
#13928 = ORIENTED_EDGE('',*,*,#13678,.T.);
#13929 = ORIENTED_EDGE('',*,*,#13906,.F.);
#13930 = ORIENTED_EDGE('',*,*,#13004,.F.);
#13931 = PLANE('',#13932);
#13932 = AXIS2_PLACEMENT_3D('',#13933,#13934,#13935);
#13933 = CARTESIAN_POINT('',(-3.43011737114,-20.35,16.718012709357));
#13934 = DIRECTION('',(-0.302838834392,6.249667604384E-16,0.953041783126
    ));
#13935 = DIRECTION('',(-0.953041783126,5.003658999565E-16,
    -0.302838834392));
#13936 = ADVANCED_FACE('',(#13937),#13948,.T.);
#13937 = FACE_BOUND('',#13938,.T.);
#13938 = EDGE_LOOP('',(#13939,#13945,#13946,#13947));
#13939 = ORIENTED_EDGE('',*,*,#13940,.T.);
#13940 = EDGE_CURVE('',#12989,#13663,#13941,.T.);
#13941 = LINE('',#13942,#13943);
#13942 = CARTESIAN_POINT('',(-2.586711772046,-20.35,16.923781492706));
#13943 = VECTOR('',#13944,1.);
#13944 = DIRECTION('',(4.440892098501E-16,1.,-6.661338147751E-16));
#13945 = ORIENTED_EDGE('',*,*,#13670,.T.);
#13946 = ORIENTED_EDGE('',*,*,#13923,.F.);
#13947 = ORIENTED_EDGE('',*,*,#12996,.F.);
#13948 = PLANE('',#13949);
#13949 = AXIS2_PLACEMENT_3D('',#13950,#13951,#13952);
#13950 = CARTESIAN_POINT('',(-2.586711772046,-20.35,16.923781492706));
#13951 = DIRECTION('',(-0.237021521471,5.893226714469E-16,0.971504399557
    ));
#13952 = DIRECTION('',(-0.971504399557,5.418932315602E-16,
    -0.237021521471));
#13953 = ADVANCED_FACE('',(#13954),#13965,.T.);
#13954 = FACE_BOUND('',#13955,.T.);
#13955 = EDGE_LOOP('',(#13956,#13962,#13963,#13964));
#13956 = ORIENTED_EDGE('',*,*,#13957,.T.);
#13957 = EDGE_CURVE('',#12981,#13655,#13958,.T.);
#13958 = LINE('',#13959,#13960);
#13959 = CARTESIAN_POINT('',(-1.731219020107,-20.35,17.071449864957));
#13960 = VECTOR('',#13961,1.);
#13961 = DIRECTION('',(4.440892098501E-16,1.,-6.661338147751E-16));
#13962 = ORIENTED_EDGE('',*,*,#13662,.T.);
#13963 = ORIENTED_EDGE('',*,*,#13940,.F.);
#13964 = ORIENTED_EDGE('',*,*,#12988,.F.);
#13965 = PLANE('',#13966);
#13966 = AXIS2_PLACEMENT_3D('',#13967,#13968,#13969);
#13967 = CARTESIAN_POINT('',(-1.731219020107,-20.35,17.071449864957));
#13968 = DIRECTION('',(-0.170096657493,5.509248032049E-16,0.985427382971
    ));
#13969 = DIRECTION('',(-0.985427382971,5.808884115781E-16,
    -0.170096657493));
#13970 = ADVANCED_FACE('',(#13971),#13982,.T.);
#13971 = FACE_BOUND('',#13972,.T.);
#13972 = EDGE_LOOP('',(#13973,#13979,#13980,#13981));
#13973 = ORIENTED_EDGE('',*,*,#13974,.T.);
#13974 = EDGE_CURVE('',#12973,#13647,#13975,.T.);
#13975 = LINE('',#13976,#13977);
#13976 = CARTESIAN_POINT('',(-0.867636650635,-20.35,17.160327803276));
#13977 = VECTOR('',#13978,1.);
#13978 = DIRECTION('',(4.440892098501E-16,1.,-6.661338147751E-16));
#13979 = ORIENTED_EDGE('',*,*,#13654,.T.);
#13980 = ORIENTED_EDGE('',*,*,#13957,.F.);
#13981 = ORIENTED_EDGE('',*,*,#12980,.F.);
#13982 = PLANE('',#13983);
#13983 = AXIS2_PLACEMENT_3D('',#13984,#13985,#13986);
#13984 = CARTESIAN_POINT('',(-0.867636650635,-20.35,17.160327803276));
#13985 = DIRECTION('',(-0.102376968085,5.099525807675E-16,0.994745674233
    ));
#13986 = DIRECTION('',(-0.994745674233,6.171692238444E-16,
    -0.102376968085));
#13987 = ADVANCED_FACE('',(#13988),#13999,.T.);
#13988 = FACE_BOUND('',#13989,.T.);
#13989 = EDGE_LOOP('',(#13990,#13996,#13997,#13998));
#13990 = ORIENTED_EDGE('',*,*,#13991,.T.);
#13991 = EDGE_CURVE('',#12965,#13639,#13992,.T.);
#13992 = LINE('',#13993,#13994);
#13993 = CARTESIAN_POINT('',(-9.875873878661E-15,-20.35,17.19));
#13994 = VECTOR('',#13995,1.);
#13995 = DIRECTION('',(4.440892098501E-16,1.,-6.661338147751E-16));
#13996 = ORIENTED_EDGE('',*,*,#13646,.T.);
#13997 = ORIENTED_EDGE('',*,*,#13974,.F.);
#13998 = ORIENTED_EDGE('',*,*,#12972,.F.);
#13999 = PLANE('',#14000);
#14000 = AXIS2_PLACEMENT_3D('',#14001,#14002,#14003);
#14001 = CARTESIAN_POINT('',(-9.875873878661E-15,-20.35,17.19));
#14002 = DIRECTION('',(-3.417889292249E-02,4.665974585984E-16,
    0.999415730954));
#14003 = DIRECTION('',(-0.999415730954,6.505661358552E-16,
    -3.417889292249E-02));
#14004 = ADVANCED_FACE('',(#14005),#14016,.T.);
#14005 = FACE_BOUND('',#14006,.T.);
#14006 = EDGE_LOOP('',(#14007,#14013,#14014,#14015));
#14007 = ORIENTED_EDGE('',*,*,#14008,.T.);
#14008 = EDGE_CURVE('',#12957,#13631,#14009,.T.);
#14009 = LINE('',#14010,#14011);
#14010 = CARTESIAN_POINT('',(0.867636650635,-20.35,17.160327803276));
#14011 = VECTOR('',#14012,1.);
#14012 = DIRECTION('',(4.440892098501E-16,1.,-6.661338147751E-16));
#14013 = ORIENTED_EDGE('',*,*,#13638,.T.);
#14014 = ORIENTED_EDGE('',*,*,#13991,.F.);
#14015 = ORIENTED_EDGE('',*,*,#12964,.F.);
#14016 = PLANE('',#14017);
#14017 = AXIS2_PLACEMENT_3D('',#14018,#14019,#14020);
#14018 = CARTESIAN_POINT('',(0.867636650635,-20.35,17.160327803276));
#14019 = DIRECTION('',(3.417889292249E-02,4.210620259439E-16,
    0.999415730954));
#14020 = DIRECTION('',(-0.999415730954,6.809230909582E-16,
    3.417889292249E-02));
#14021 = ADVANCED_FACE('',(#14022),#14033,.T.);
#14022 = FACE_BOUND('',#14023,.T.);
#14023 = EDGE_LOOP('',(#14024,#14030,#14031,#14032));
#14024 = ORIENTED_EDGE('',*,*,#14025,.T.);
#14025 = EDGE_CURVE('',#12949,#13623,#14026,.T.);
#14026 = LINE('',#14027,#14028);
#14027 = CARTESIAN_POINT('',(1.731219020107,-20.35,17.071449864957));
#14028 = VECTOR('',#14029,1.);
#14029 = DIRECTION('',(4.440892098501E-16,1.,-6.661338147751E-16));
#14030 = ORIENTED_EDGE('',*,*,#13630,.T.);
#14031 = ORIENTED_EDGE('',*,*,#14008,.F.);
#14032 = ORIENTED_EDGE('',*,*,#12956,.F.);
#14033 = PLANE('',#14034);
#14034 = AXIS2_PLACEMENT_3D('',#14035,#14036,#14037);
#14035 = CARTESIAN_POINT('',(1.731219020107,-20.35,17.071449864957));
#14036 = DIRECTION('',(0.102376968085,3.735590601765E-16,0.994745674233)
  );
#14037 = DIRECTION('',(-0.994745674233,7.080982375717E-16,0.102376968085
    ));
#14038 = ADVANCED_FACE('',(#14039),#14050,.T.);
#14039 = FACE_BOUND('',#14040,.T.);
#14040 = EDGE_LOOP('',(#14041,#14047,#14048,#14049));
#14041 = ORIENTED_EDGE('',*,*,#14042,.T.);
#14042 = EDGE_CURVE('',#12941,#13615,#14043,.T.);
#14043 = LINE('',#14044,#14045);
#14044 = CARTESIAN_POINT('',(2.586711772046,-20.35,16.923781492706));
#14045 = VECTOR('',#14046,1.);
#14046 = DIRECTION('',(4.440892098501E-16,1.,-6.661338147751E-16));
#14047 = ORIENTED_EDGE('',*,*,#13622,.T.);
#14048 = ORIENTED_EDGE('',*,*,#14025,.F.);
#14049 = ORIENTED_EDGE('',*,*,#12948,.F.);
#14050 = PLANE('',#14051);
#14051 = AXIS2_PLACEMENT_3D('',#14052,#14053,#14054);
#14052 = CARTESIAN_POINT('',(2.586711772046,-20.35,16.923781492706));
#14053 = DIRECTION('',(0.170096657493,3.243105325318E-16,0.985427382971)
  );
#14054 = DIRECTION('',(-0.985427382971,7.319645920269E-16,0.170096657493
    ));
#14055 = ADVANCED_FACE('',(#14056),#14067,.T.);
#14056 = FACE_BOUND('',#14057,.T.);
#14057 = EDGE_LOOP('',(#14058,#14064,#14065,#14066));
#14058 = ORIENTED_EDGE('',*,*,#14059,.T.);
#14059 = EDGE_CURVE('',#12933,#13607,#14060,.T.);
#14060 = LINE('',#14061,#14062);
#14061 = CARTESIAN_POINT('',(3.43011737114,-20.35,16.718012709357));
#14062 = VECTOR('',#14063,1.);
#14063 = DIRECTION('',(4.440892098501E-16,1.,-6.661338147751E-16));
#14064 = ORIENTED_EDGE('',*,*,#13614,.T.);
#14065 = ORIENTED_EDGE('',*,*,#14042,.F.);
#14066 = ORIENTED_EDGE('',*,*,#12940,.F.);
#14067 = PLANE('',#14068);
#14068 = AXIS2_PLACEMENT_3D('',#14069,#14070,#14071);
#14069 = CARTESIAN_POINT('',(3.43011737114,-20.35,16.718012709357));
#14070 = DIRECTION('',(0.237021521471,2.735465708837E-16,0.971504399557)
  );
#14071 = DIRECTION('',(-0.971504399557,7.524106319357E-16,0.237021521471
    ));
#14072 = ADVANCED_FACE('',(#14073),#14084,.T.);
#14073 = FACE_BOUND('',#14074,.T.);
#14074 = EDGE_LOOP('',(#14075,#14081,#14082,#14083));
#14075 = ORIENTED_EDGE('',*,*,#14076,.T.);
#14076 = EDGE_CURVE('',#12925,#13599,#14077,.T.);
#14077 = LINE('',#14078,#14079);
#14078 = CARTESIAN_POINT('',(4.257494762765,-20.35,16.455105028583));
#14079 = VECTOR('',#14080,1.);
#14080 = DIRECTION('',(4.440892098501E-16,1.,-6.661338147751E-16));
#14081 = ORIENTED_EDGE('',*,*,#13606,.T.);
#14082 = ORIENTED_EDGE('',*,*,#14059,.F.);
#14083 = ORIENTED_EDGE('',*,*,#12932,.F.);
#14084 = PLANE('',#14085);
#14085 = AXIS2_PLACEMENT_3D('',#14086,#14087,#14088);
#14086 = CARTESIAN_POINT('',(4.257494762765,-20.35,16.455105028583));
#14087 = DIRECTION('',(0.302838834392,2.215043844066E-16,0.953041783126)
  );
#14088 = DIRECTION('',(-0.953041783126,7.69340817311E-16,0.302838834392)
  );
#14089 = ADVANCED_FACE('',(#14090),#14101,.T.);
#14090 = FACE_BOUND('',#14091,.T.);
#14091 = EDGE_LOOP('',(#14092,#14098,#14099,#14100));
#14092 = ORIENTED_EDGE('',*,*,#14093,.T.);
#14093 = EDGE_CURVE('',#12917,#13591,#14094,.T.);
#14094 = LINE('',#14095,#14096);
#14095 = CARTESIAN_POINT('',(5.064977788698,-20.35,16.136286961946));
#14096 = VECTOR('',#14097,1.);
#14097 = DIRECTION('',(4.440892098501E-16,1.,-6.661338147751E-16));
#14098 = ORIENTED_EDGE('',*,*,#13598,.T.);
#14099 = ORIENTED_EDGE('',*,*,#14076,.F.);
#14100 = ORIENTED_EDGE('',*,*,#12924,.F.);
#14101 = PLANE('',#14102);
#14102 = AXIS2_PLACEMENT_3D('',#14103,#14104,#14105);
#14103 = CARTESIAN_POINT('',(5.064977788698,-20.35,16.136286961946));
#14104 = DIRECTION('',(0.36724104598,1.68427155147E-16,0.930125805549));
#14105 = DIRECTION('',(-0.930125805549,7.826760370046E-16,0.36724104598)
  );
#14106 = ADVANCED_FACE('',(#14107),#14118,.T.);
#14107 = FACE_BOUND('',#14108,.T.);
#14108 = EDGE_LOOP('',(#14109,#14115,#14116,#14117));
#14109 = ORIENTED_EDGE('',*,*,#14110,.T.);
#14110 = EDGE_CURVE('',#12909,#13583,#14111,.T.);
#14111 = LINE('',#14112,#14113);
#14112 = CARTESIAN_POINT('',(5.848793252843,-20.35,15.763048278327));
#14113 = VECTOR('',#14114,1.);
#14114 = DIRECTION('',(4.440892098501E-16,1.,-6.661338147751E-16));
#14115 = ORIENTED_EDGE('',*,*,#13590,.T.);
#14116 = ORIENTED_EDGE('',*,*,#14093,.F.);
#14117 = ORIENTED_EDGE('',*,*,#12916,.F.);
#14118 = PLANE('',#14119);
#14119 = AXIS2_PLACEMENT_3D('',#14120,#14121,#14122);
#14120 = CARTESIAN_POINT('',(5.848793252843,-20.35,15.763048278327));
#14121 = DIRECTION('',(0.429927218423,1.145629016855E-16,0.902863548306)
  );
#14122 = DIRECTION('',(-0.902863548306,7.923539783767E-16,0.429927218423
    ));
#14123 = ADVANCED_FACE('',(#14124),#14135,.T.);
#14124 = FACE_BOUND('',#14125,.T.);
#14125 = EDGE_LOOP('',(#14126,#14132,#14133,#14134));
#14126 = ORIENTED_EDGE('',*,*,#14127,.T.);
#14127 = EDGE_CURVE('',#12901,#13575,#14128,.T.);
#14128 = LINE('',#14129,#14130);
#14129 = CARTESIAN_POINT('',(6.60527855258,-20.35,15.337133042552));
#14130 = VECTOR('',#14131,1.);
#14131 = DIRECTION('',(4.440892098501E-16,1.,-6.661338147751E-16));
#14132 = ORIENTED_EDGE('',*,*,#13582,.T.);
#14133 = ORIENTED_EDGE('',*,*,#14110,.F.);
#14134 = ORIENTED_EDGE('',*,*,#12908,.F.);
#14135 = PLANE('',#14136);
#14136 = AXIS2_PLACEMENT_3D('',#14137,#14138,#14139);
#14137 = CARTESIAN_POINT('',(6.60527855258,-20.35,15.337133042552));
#14138 = DIRECTION('',(0.490604432599,6.016332019956E-17,0.871382402114)
  );
#14139 = DIRECTION('',(-0.871382402114,7.9832941847E-16,0.490604432599)
  );
#14140 = ADVANCED_FACE('',(#14141),#14152,.T.);
#14141 = FACE_BOUND('',#14142,.T.);
#14142 = EDGE_LOOP('',(#14143,#14149,#14150,#14151));
#14143 = ORIENTED_EDGE('',*,*,#14144,.T.);
#14144 = EDGE_CURVE('',#12893,#13567,#14145,.T.);
#14145 = LINE('',#14146,#14147);
#14146 = CARTESIAN_POINT('',(7.33089879332,-20.35,14.860531465749));
#14147 = VECTOR('',#14148,1.);
#14148 = DIRECTION('',(4.440892098501E-16,1.,-6.661338147751E-16));
#14149 = ORIENTED_EDGE('',*,*,#13574,.T.);
#14150 = ORIENTED_EDGE('',*,*,#14127,.F.);
#14151 = ORIENTED_EDGE('',*,*,#12900,.F.);
#14152 = PLANE('',#14153);
#14153 = AXIS2_PLACEMENT_3D('',#14154,#14155,#14156);
#14154 = CARTESIAN_POINT('',(7.33089879332,-20.35,14.860531465749));
#14155 = DIRECTION('',(0.548989156816,5.482608339945E-18,0.835829471662)
  );
#14156 = DIRECTION('',(-0.835829471662,8.005744353262E-16,0.548989156816
    ));
#14157 = ADVANCED_FACE('',(#14158),#14169,.T.);
#14158 = FACE_BOUND('',#14159,.T.);
#14159 = EDGE_LOOP('',(#14160,#14166,#14167,#14168));
#14160 = ORIENTED_EDGE('',*,*,#14161,.T.);
#14161 = EDGE_CURVE('',#12885,#13559,#14162,.T.);
#14162 = LINE('',#14163,#14164);
#14163 = CARTESIAN_POINT('',(8.022263306319,-20.35,14.335470605516));
#14164 = VECTOR('',#14165,1.);
#14165 = DIRECTION('',(4.440892098501E-16,1.,-6.661338147751E-16));
#14166 = ORIENTED_EDGE('',*,*,#13566,.T.);
#14167 = ORIENTED_EDGE('',*,*,#14144,.F.);
#14168 = ORIENTED_EDGE('',*,*,#12892,.F.);
#14169 = PLANE('',#14170);
#14170 = AXIS2_PLACEMENT_3D('',#14171,#14172,#14173);
#14171 = CARTESIAN_POINT('',(8.022263306319,-20.35,14.335470605516));
#14172 = DIRECTION('',(0.6048085717,-4.922372258002E-17,0.796370888216)
  );
#14173 = DIRECTION('',(-0.796370888216,7.9907853846E-16,0.6048085717));
#14174 = ADVANCED_FACE('',(#14175),#14181,.T.);
#14175 = FACE_BOUND('',#14176,.T.);
#14176 = EDGE_LOOP('',(#14177,#14178,#14179,#14180));
#14177 = ORIENTED_EDGE('',*,*,#13100,.T.);
#14178 = ORIENTED_EDGE('',*,*,#13558,.T.);
#14179 = ORIENTED_EDGE('',*,*,#14161,.F.);
#14180 = ORIENTED_EDGE('',*,*,#12884,.F.);
#14181 = PLANE('',#14182);
#14182 = AXIS2_PLACEMENT_3D('',#14183,#14184,#14185);
#14183 = CARTESIAN_POINT('',(8.676141492548,-20.35,13.764403959355));
#14184 = DIRECTION('',(0.657801845023,-1.037000415346E-16,0.753191033327
    ));
#14185 = DIRECTION('',(-0.753191033327,7.938487178788E-16,0.657801845023
    ));
#14186 = ADVANCED_FACE('',(#14187),#14205,.T.);
#14187 = FACE_BOUND('',#14188,.T.);
#14188 = EDGE_LOOP('',(#14189,#14197,#14203,#14204));
#14189 = ORIENTED_EDGE('',*,*,#14190,.T.);
#14190 = EDGE_CURVE('',#13077,#14191,#14193,.T.);
#14191 = VERTEX_POINT('',#14192);
#14192 = CARTESIAN_POINT('',(12.3,-18.63,13.2));
#14193 = LINE('',#14194,#14195);
#14194 = CARTESIAN_POINT('',(-16.,-18.63,13.2));
#14195 = VECTOR('',#14196,1.);
#14196 = DIRECTION('',(1.,0.,-0.));
#14197 = ORIENTED_EDGE('',*,*,#14198,.T.);
#14198 = EDGE_CURVE('',#14191,#13544,#14199,.T.);
#14199 = LINE('',#14200,#14201);
#14200 = CARTESIAN_POINT('',(12.3,-18.765,13.2));
#14201 = VECTOR('',#14202,1.);
#14202 = DIRECTION('',(-0.,1.,0.));
#14203 = ORIENTED_EDGE('',*,*,#13551,.T.);
#14204 = ORIENTED_EDGE('',*,*,#13084,.F.);
#14205 = PLANE('',#14206);
#14206 = AXIS2_PLACEMENT_3D('',#14207,#14208,#14209);
#14207 = CARTESIAN_POINT('',(-16.,-18.63,13.2));
#14208 = DIRECTION('',(0.,0.,1.));
#14209 = DIRECTION('',(1.,0.,-0.));
#14210 = ADVANCED_FACE('',(#14211),#14239,.F.);
#14211 = FACE_BOUND('',#14212,.F.);
#14212 = EDGE_LOOP('',(#14213,#14223,#14230,#14231,#14232,#14233));
#14213 = ORIENTED_EDGE('',*,*,#14214,.F.);
#14214 = EDGE_CURVE('',#14215,#14217,#14219,.T.);
#14215 = VERTEX_POINT('',#14216);
#14216 = CARTESIAN_POINT('',(6.411700242525,-18.63,11.5));
#14217 = VERTEX_POINT('',#14218);
#14218 = CARTESIAN_POINT('',(12.3,-18.63,11.5));
#14219 = LINE('',#14220,#14221);
#14220 = CARTESIAN_POINT('',(-16.,-18.63,11.5));
#14221 = VECTOR('',#14222,1.);
#14222 = DIRECTION('',(1.,0.,-0.));
#14223 = ORIENTED_EDGE('',*,*,#14224,.F.);
#14224 = EDGE_CURVE('',#13799,#14215,#14225,.T.);
#14225 = CIRCLE('',#14226,9.5);
#14226 = AXIS2_PLACEMENT_3D('',#14227,#14228,#14229);
#14227 = CARTESIAN_POINT('',(0.,-18.63,4.49));
#14228 = DIRECTION('',(0.,1.,0.));
#14229 = DIRECTION('',(0.,-0.,1.));
#14230 = ORIENTED_EDGE('',*,*,#13806,.F.);
#14231 = ORIENTED_EDGE('',*,*,#13076,.F.);
#14232 = ORIENTED_EDGE('',*,*,#14190,.T.);
#14233 = ORIENTED_EDGE('',*,*,#14234,.T.);
#14234 = EDGE_CURVE('',#14191,#14217,#14235,.T.);
#14235 = LINE('',#14236,#14237);
#14236 = CARTESIAN_POINT('',(12.3,-18.63,11.5));
#14237 = VECTOR('',#14238,1.);
#14238 = DIRECTION('',(-0.,0.,-1.));
#14239 = PLANE('',#14240);
#14240 = AXIS2_PLACEMENT_3D('',#14241,#14242,#14243);
#14241 = CARTESIAN_POINT('',(-16.,-18.63,11.5));
#14242 = DIRECTION('',(-0.,1.,0.));
#14243 = DIRECTION('',(0.,0.,1.));
#14244 = ADVANCED_FACE('',(#14245),#14286,.T.);
#14245 = FACE_BOUND('',#14246,.T.);
#14246 = EDGE_LOOP('',(#14247,#14257,#14263,#14264,#14272,#14280));
#14247 = ORIENTED_EDGE('',*,*,#14248,.F.);
#14248 = EDGE_CURVE('',#14249,#14251,#14253,.T.);
#14249 = VERTEX_POINT('',#14250);
#14250 = CARTESIAN_POINT('',(13.85,-18.8,0.4));
#14251 = VERTEX_POINT('',#14252);
#14252 = CARTESIAN_POINT('',(13.85,-18.8,11.5));
#14253 = LINE('',#14254,#14255);
#14254 = CARTESIAN_POINT('',(13.85,-18.8,0.4));
#14255 = VECTOR('',#14256,1.);
#14256 = DIRECTION('',(0.,0.,1.));
#14257 = ORIENTED_EDGE('',*,*,#14258,.F.);
#14258 = EDGE_CURVE('',#13139,#14249,#14259,.T.);
#14259 = LINE('',#14260,#14261);
#14260 = CARTESIAN_POINT('',(12.2,-18.8,0.4));
#14261 = VECTOR('',#14262,1.);
#14262 = DIRECTION('',(1.,0.,-0.));
#14263 = ORIENTED_EDGE('',*,*,#13146,.T.);
#14264 = ORIENTED_EDGE('',*,*,#14265,.T.);
#14265 = EDGE_CURVE('',#13147,#14266,#14268,.T.);
#14266 = VERTEX_POINT('',#14267);
#14267 = CARTESIAN_POINT('',(12.3,-18.8,19.2));
#14268 = LINE('',#14269,#14270);
#14269 = CARTESIAN_POINT('',(12.2,-18.8,19.2));
#14270 = VECTOR('',#14271,1.);
#14271 = DIRECTION('',(1.,0.,-0.));
#14272 = ORIENTED_EDGE('',*,*,#14273,.T.);
#14273 = EDGE_CURVE('',#14266,#14274,#14276,.T.);
#14274 = VERTEX_POINT('',#14275);
#14275 = CARTESIAN_POINT('',(12.3,-18.8,11.5));
#14276 = LINE('',#14277,#14278);
#14277 = CARTESIAN_POINT('',(12.3,-18.8,5.95));
#14278 = VECTOR('',#14279,1.);
#14279 = DIRECTION('',(-0.,0.,-1.));
#14280 = ORIENTED_EDGE('',*,*,#14281,.T.);
#14281 = EDGE_CURVE('',#14274,#14251,#14282,.T.);
#14282 = LINE('',#14283,#14284);
#14283 = CARTESIAN_POINT('',(12.25,-18.8,11.5));
#14284 = VECTOR('',#14285,1.);
#14285 = DIRECTION('',(1.,0.,-0.));
#14286 = PLANE('',#14287);
#14287 = AXIS2_PLACEMENT_3D('',#14288,#14289,#14290);
#14288 = CARTESIAN_POINT('',(12.2,-18.8,0.4));
#14289 = DIRECTION('',(-0.,1.,0.));
#14290 = DIRECTION('',(0.,0.,1.));
#14291 = ADVANCED_FACE('',(#14292),#14349,.T.);
#14292 = FACE_BOUND('',#14293,.T.);
#14293 = EDGE_LOOP('',(#14294,#14302,#14310,#14318,#14326,#14334,#14342,
    #14348));
#14294 = ORIENTED_EDGE('',*,*,#14295,.F.);
#14295 = EDGE_CURVE('',#14296,#13239,#14298,.T.);
#14296 = VERTEX_POINT('',#14297);
#14297 = CARTESIAN_POINT('',(-24.6,17.95,16.3));
#14298 = LINE('',#14299,#14300);
#14299 = CARTESIAN_POINT('',(-24.6,17.95,16.3));
#14300 = VECTOR('',#14301,1.);
#14301 = DIRECTION('',(-0.,1.,0.));
#14302 = ORIENTED_EDGE('',*,*,#14303,.F.);
#14303 = EDGE_CURVE('',#14304,#14296,#14306,.T.);
#14304 = VERTEX_POINT('',#14305);
#14305 = CARTESIAN_POINT('',(-24.6,17.95,14.4));
#14306 = LINE('',#14307,#14308);
#14307 = CARTESIAN_POINT('',(-24.6,17.95,14.4));
#14308 = VECTOR('',#14309,1.);
#14309 = DIRECTION('',(0.,0.,1.));
#14310 = ORIENTED_EDGE('',*,*,#14311,.T.);
#14311 = EDGE_CURVE('',#14304,#14312,#14314,.T.);
#14312 = VERTEX_POINT('',#14313);
#14313 = CARTESIAN_POINT('',(-24.6,18.14768225332,14.4));
#14314 = LINE('',#14315,#14316);
#14315 = CARTESIAN_POINT('',(-24.6,17.95,14.4));
#14316 = VECTOR('',#14317,1.);
#14317 = DIRECTION('',(-0.,1.,0.));
#14318 = ORIENTED_EDGE('',*,*,#14319,.T.);
#14319 = EDGE_CURVE('',#14312,#14320,#14322,.T.);
#14320 = VERTEX_POINT('',#14321);
#14321 = CARTESIAN_POINT('',(-24.6,18.14768225332,14.5));
#14322 = LINE('',#14323,#14324);
#14323 = CARTESIAN_POINT('',(-24.6,18.14768225332,11.9));
#14324 = VECTOR('',#14325,1.);
#14325 = DIRECTION('',(0.,0.,1.));
#14326 = ORIENTED_EDGE('',*,*,#14327,.T.);
#14327 = EDGE_CURVE('',#14320,#14328,#14330,.T.);
#14328 = VERTEX_POINT('',#14329);
#14329 = CARTESIAN_POINT('',(-24.6,19.3,14.5));
#14330 = LINE('',#14331,#14332);
#14331 = CARTESIAN_POINT('',(-24.6,17.075,14.5));
#14332 = VECTOR('',#14333,1.);
#14333 = DIRECTION('',(-0.,1.,0.));
#14334 = ORIENTED_EDGE('',*,*,#14335,.T.);
#14335 = EDGE_CURVE('',#14328,#14336,#14338,.T.);
#14336 = VERTEX_POINT('',#14337);
#14337 = CARTESIAN_POINT('',(-24.6,19.3,16.2));
#14338 = LINE('',#14339,#14340);
#14339 = CARTESIAN_POINT('',(-24.6,19.3,14.4));
#14340 = VECTOR('',#14341,1.);
#14341 = DIRECTION('',(0.,0.,1.));
#14342 = ORIENTED_EDGE('',*,*,#14343,.F.);
#14343 = EDGE_CURVE('',#13231,#14336,#14344,.T.);
#14344 = LINE('',#14345,#14346);
#14345 = CARTESIAN_POINT('',(-24.6,17.075,16.2));
#14346 = VECTOR('',#14347,1.);
#14347 = DIRECTION('',(-0.,1.,0.));
#14348 = ORIENTED_EDGE('',*,*,#13238,.T.);
#14349 = PLANE('',#14350);
#14350 = AXIS2_PLACEMENT_3D('',#14351,#14352,#14353);
#14351 = CARTESIAN_POINT('',(-24.6,17.95,14.4));
#14352 = DIRECTION('',(1.,0.,-0.));
#14353 = DIRECTION('',(0.,0.,1.));
#14354 = ADVANCED_FACE('',(#14355),#14371,.F.);
#14355 = FACE_BOUND('',#14356,.F.);
#14356 = EDGE_LOOP('',(#14357,#14358,#14364,#14365,#14366,#14367,#14368,
    #14369,#14370));
#14357 = ORIENTED_EDGE('',*,*,#14295,.F.);
#14358 = ORIENTED_EDGE('',*,*,#14359,.T.);
#14359 = EDGE_CURVE('',#14296,#13434,#14360,.T.);
#14360 = LINE('',#14361,#14362);
#14361 = CARTESIAN_POINT('',(-24.6,17.95,16.3));
#14362 = VECTOR('',#14363,1.);
#14363 = DIRECTION('',(1.,0.,-0.));
#14364 = ORIENTED_EDGE('',*,*,#13433,.T.);
#14365 = ORIENTED_EDGE('',*,*,#13401,.T.);
#14366 = ORIENTED_EDGE('',*,*,#13370,.T.);
#14367 = ORIENTED_EDGE('',*,*,#13339,.T.);
#14368 = ORIENTED_EDGE('',*,*,#13308,.T.);
#14369 = ORIENTED_EDGE('',*,*,#13277,.T.);
#14370 = ORIENTED_EDGE('',*,*,#13246,.T.);
#14371 = PLANE('',#14372);
#14372 = AXIS2_PLACEMENT_3D('',#14373,#14374,#14375);
#14373 = CARTESIAN_POINT('',(-24.6,17.95,16.3));
#14374 = DIRECTION('',(0.,0.,1.));
#14375 = DIRECTION('',(1.,0.,-0.));
#14376 = ADVANCED_FACE('',(#14377),#14395,.F.);
#14377 = FACE_BOUND('',#14378,.F.);
#14378 = EDGE_LOOP('',(#14379,#14380,#14386,#14387,#14388,#14389));
#14379 = ORIENTED_EDGE('',*,*,#14273,.T.);
#14380 = ORIENTED_EDGE('',*,*,#14381,.T.);
#14381 = EDGE_CURVE('',#14274,#14217,#14382,.T.);
#14382 = LINE('',#14383,#14384);
#14383 = CARTESIAN_POINT('',(12.3,-18.9,11.5));
#14384 = VECTOR('',#14385,1.);
#14385 = DIRECTION('',(-0.,1.,0.));
#14386 = ORIENTED_EDGE('',*,*,#14234,.F.);
#14387 = ORIENTED_EDGE('',*,*,#14198,.T.);
#14388 = ORIENTED_EDGE('',*,*,#13541,.F.);
#14389 = ORIENTED_EDGE('',*,*,#14390,.F.);
#14390 = EDGE_CURVE('',#14266,#13542,#14391,.T.);
#14391 = LINE('',#14392,#14393);
#14392 = CARTESIAN_POINT('',(12.3,-18.9,19.2));
#14393 = VECTOR('',#14394,1.);
#14394 = DIRECTION('',(-0.,1.,0.));
#14395 = PLANE('',#14396);
#14396 = AXIS2_PLACEMENT_3D('',#14397,#14398,#14399);
#14397 = CARTESIAN_POINT('',(12.3,-18.9,11.5));
#14398 = DIRECTION('',(1.,0.,-0.));
#14399 = DIRECTION('',(0.,0.,1.));
#14400 = ADVANCED_FACE('',(#14401),#14420,.T.);
#14401 = FACE_BOUND('',#14402,.T.);
#14402 = EDGE_LOOP('',(#14403,#14412,#14419));
#14403 = ORIENTED_EDGE('',*,*,#14404,.T.);
#14404 = EDGE_CURVE('',#13773,#14405,#14407,.T.);
#14405 = VERTEX_POINT('',#14406);
#14406 = CARTESIAN_POINT('',(-2.32682891838E-15,-18.63,13.99));
#14407 = CIRCLE('',#14408,9.5);
#14408 = AXIS2_PLACEMENT_3D('',#14409,#14410,#14411);
#14409 = CARTESIAN_POINT('',(0.,-18.63,4.49));
#14410 = DIRECTION('',(0.,1.,0.));
#14411 = DIRECTION('',(0.,-0.,1.));
#14412 = ORIENTED_EDGE('',*,*,#14413,.T.);
#14413 = EDGE_CURVE('',#14405,#13799,#14414,.T.);
#14414 = CIRCLE('',#14415,9.5);
#14415 = AXIS2_PLACEMENT_3D('',#14416,#14417,#14418);
#14416 = CARTESIAN_POINT('',(0.,-18.63,4.49));
#14417 = DIRECTION('',(0.,1.,0.));
#14418 = DIRECTION('',(0.,-0.,1.));
#14419 = ORIENTED_EDGE('',*,*,#13798,.T.);
#14420 = PLANE('',#14421);
#14421 = AXIS2_PLACEMENT_3D('',#14422,#14423,#14424);
#14422 = CARTESIAN_POINT('',(0.,-18.63,4.49));
#14423 = DIRECTION('',(0.,1.,0.));
#14424 = DIRECTION('',(0.,-0.,1.));
#14425 = ADVANCED_FACE('',(#14426),#14451,.F.);
#14426 = FACE_BOUND('',#14427,.F.);
#14427 = EDGE_LOOP('',(#14428,#14436,#14444,#14450));
#14428 = ORIENTED_EDGE('',*,*,#14429,.F.);
#14429 = EDGE_CURVE('',#14430,#14328,#14432,.T.);
#14430 = VERTEX_POINT('',#14431);
#14431 = CARTESIAN_POINT('',(-24.69,19.3,14.5));
#14432 = LINE('',#14433,#14434);
#14433 = CARTESIAN_POINT('',(-26.4,19.3,14.5));
#14434 = VECTOR('',#14435,1.);
#14435 = DIRECTION('',(1.,0.,-0.));
#14436 = ORIENTED_EDGE('',*,*,#14437,.T.);
#14437 = EDGE_CURVE('',#14430,#14438,#14440,.T.);
#14438 = VERTEX_POINT('',#14439);
#14439 = CARTESIAN_POINT('',(-24.69,18.120809322595,14.5));
#14440 = LINE('',#14441,#14442);
#14441 = CARTESIAN_POINT('',(-24.69,16.05,14.5));
#14442 = VECTOR('',#14443,1.);
#14443 = DIRECTION('',(0.,-1.,0.));
#14444 = ORIENTED_EDGE('',*,*,#14445,.F.);
#14445 = EDGE_CURVE('',#14320,#14438,#14446,.T.);
#14446 = LINE('',#14447,#14448);
#14447 = CARTESIAN_POINT('',(-25.51249300298,17.87522268381,14.5));
#14448 = VECTOR('',#14449,1.);
#14449 = DIRECTION('',(-0.958197828177,-0.286106487302,0.));
#14450 = ORIENTED_EDGE('',*,*,#14327,.T.);
#14451 = PLANE('',#14452);
#14452 = AXIS2_PLACEMENT_3D('',#14453,#14454,#14455);
#14453 = CARTESIAN_POINT('',(-26.46,16.2,14.5));
#14454 = DIRECTION('',(0.,0.,1.));
#14455 = DIRECTION('',(1.,0.,-0.));
#14456 = ADVANCED_FACE('',(#14457),#14491,.F.);
#14457 = FACE_BOUND('',#14458,.F.);
#14458 = EDGE_LOOP('',(#14459,#14469,#14477,#14483,#14484,#14485));
#14459 = ORIENTED_EDGE('',*,*,#14460,.F.);
#14460 = EDGE_CURVE('',#14461,#14463,#14465,.T.);
#14461 = VERTEX_POINT('',#14462);
#14462 = CARTESIAN_POINT('',(-24.18328938464,18.272107092194,13.2));
#14463 = VERTEX_POINT('',#14464);
#14464 = CARTESIAN_POINT('',(-24.69,18.120809322595,13.2));
#14465 = LINE('',#14466,#14467);
#14466 = CARTESIAN_POINT('',(-25.48494871064,17.883447082253,13.2));
#14467 = VECTOR('',#14468,1.);
#14468 = DIRECTION('',(-0.958197828177,-0.286106487302,0.));
#14469 = ORIENTED_EDGE('',*,*,#14470,.T.);
#14470 = EDGE_CURVE('',#14461,#14471,#14473,.T.);
#14471 = VERTEX_POINT('',#14472);
#14472 = CARTESIAN_POINT('',(-24.18328938464,18.272107092194,14.4));
#14473 = LINE('',#14474,#14475);
#14474 = CARTESIAN_POINT('',(-24.18328938464,18.272107092194,9.4));
#14475 = VECTOR('',#14476,1.);
#14476 = DIRECTION('',(0.,0.,1.));
#14477 = ORIENTED_EDGE('',*,*,#14478,.T.);
#14478 = EDGE_CURVE('',#14471,#14312,#14479,.T.);
#14479 = LINE('',#14480,#14481);
#14480 = CARTESIAN_POINT('',(-24.41874165259,18.201803842354,14.4));
#14481 = VECTOR('',#14482,1.);
#14482 = DIRECTION('',(-0.958197828177,-0.286106487302,0.));
#14483 = ORIENTED_EDGE('',*,*,#14319,.T.);
#14484 = ORIENTED_EDGE('',*,*,#14445,.T.);
#14485 = ORIENTED_EDGE('',*,*,#14486,.F.);
#14486 = EDGE_CURVE('',#14463,#14438,#14487,.T.);
#14487 = LINE('',#14488,#14489);
#14488 = CARTESIAN_POINT('',(-24.69,18.120809322595,4.9));
#14489 = VECTOR('',#14490,1.);
#14490 = DIRECTION('',(0.,0.,1.));
#14491 = PLANE('',#14492);
#14492 = AXIS2_PLACEMENT_3D('',#14493,#14494,#14495);
#14493 = CARTESIAN_POINT('',(-24.18328938464,18.272107092194,9.4));
#14494 = DIRECTION('',(0.286106487302,-0.958197828177,0.));
#14495 = DIRECTION('',(-0.958197828177,-0.286106487302,0.));
#14496 = ADVANCED_FACE('',(#14497),#14555,.T.);
#14497 = FACE_BOUND('',#14498,.T.);
#14498 = EDGE_LOOP('',(#14499,#14500,#14508,#14516,#14524,#14532,#14540,
    #14548,#14554));
#14499 = ORIENTED_EDGE('',*,*,#14311,.F.);
#14500 = ORIENTED_EDGE('',*,*,#14501,.T.);
#14501 = EDGE_CURVE('',#14304,#14502,#14504,.T.);
#14502 = VERTEX_POINT('',#14503);
#14503 = CARTESIAN_POINT('',(-20.99968064892,17.95,14.4));
#14504 = LINE('',#14505,#14506);
#14505 = CARTESIAN_POINT('',(-24.6,17.95,14.4));
#14506 = VECTOR('',#14507,1.);
#14507 = DIRECTION('',(1.,0.,-0.));
#14508 = ORIENTED_EDGE('',*,*,#14509,.T.);
#14509 = EDGE_CURVE('',#14502,#14510,#14512,.T.);
#14510 = VERTEX_POINT('',#14511);
#14511 = CARTESIAN_POINT('',(-20.95592308624,18.575762300085,14.4));
#14512 = LINE('',#14513,#14514);
#14513 = CARTESIAN_POINT('',(-21.07724479856,16.840780982571,14.4));
#14514 = VECTOR('',#14515,1.);
#14515 = DIRECTION('',(6.975647374412E-02,0.99756405026,-0.));
#14516 = ORIENTED_EDGE('',*,*,#14517,.T.);
#14517 = EDGE_CURVE('',#14510,#14518,#14520,.T.);
#14518 = VERTEX_POINT('',#14519);
#14519 = CARTESIAN_POINT('',(-21.60658507261,18.599905283171,14.4));
#14520 = LINE('',#14521,#14522);
#14521 = CARTESIAN_POINT('',(-22.76386283405,18.64284637702,14.4));
#14522 = VECTOR('',#14523,1.);
#14523 = DIRECTION('',(-0.999312309816,3.7079744474E-02,0.));
#14524 = ORIENTED_EDGE('',*,*,#14525,.T.);
#14525 = EDGE_CURVE('',#14518,#14526,#14528,.T.);
#14526 = VERTEX_POINT('',#14527);
#14527 = CARTESIAN_POINT('',(-22.25743296837,18.581441244298,14.4));
#14528 = LINE('',#14529,#14530);
#14529 = CARTESIAN_POINT('',(-23.1113001725,18.557217708579,14.4));
#14530 = VECTOR('',#14531,1.);
#14531 = DIRECTION('',(-0.999597836772,-2.835779824538E-02,0.));
#14532 = ORIENTED_EDGE('',*,*,#14533,.T.);
#14533 = EDGE_CURVE('',#14526,#14534,#14536,.T.);
#14534 = VERTEX_POINT('',#14535);
#14535 = CARTESIAN_POINT('',(-22.9056797429,18.520449249313,14.4));
#14536 = LINE('',#14537,#14538);
#14537 = CARTESIAN_POINT('',(-23.4478834466,18.469434594283,14.4));
#14538 = VECTOR('',#14539,1.);
#14539 = DIRECTION('',(-0.995602932329,-9.36739085191E-02,0.));
#14540 = ORIENTED_EDGE('',*,*,#14541,.T.);
#14541 = EDGE_CURVE('',#14534,#14542,#14544,.T.);
#14542 = VERTEX_POINT('',#14543);
#14543 = CARTESIAN_POINT('',(-23.54854950399,18.417190475304,14.4));
#14544 = LINE('',#14545,#14546);
#14545 = CARTESIAN_POINT('',(-23.77619443867,18.38062578011,14.4));
#14546 = VECTOR('',#14547,1.);
#14547 = DIRECTION('',(-0.987344703283,-0.158588892735,0.));
#14548 = ORIENTED_EDGE('',*,*,#14549,.T.);
#14549 = EDGE_CURVE('',#14542,#14471,#14550,.T.);
#14550 = LINE('',#14551,#14552);
#14551 = CARTESIAN_POINT('',(-24.09891420219,18.291392845766,14.4));
#14552 = VECTOR('',#14553,1.);
#14553 = DIRECTION('',(-0.974858512637,-0.222824774966,0.));
#14554 = ORIENTED_EDGE('',*,*,#14478,.T.);
#14555 = PLANE('',#14556);
#14556 = AXIS2_PLACEMENT_3D('',#14557,#14558,#14559);
#14557 = CARTESIAN_POINT('',(-24.6,17.95,14.4));
#14558 = DIRECTION('',(0.,0.,1.));
#14559 = DIRECTION('',(1.,0.,-0.));
#14560 = ADVANCED_FACE('',(#14561),#14579,.T.);
#14561 = FACE_BOUND('',#14562,.T.);
#14562 = EDGE_LOOP('',(#14563,#14571,#14572,#14573));
#14563 = ORIENTED_EDGE('',*,*,#14564,.T.);
#14564 = EDGE_CURVE('',#14565,#14430,#14567,.T.);
#14565 = VERTEX_POINT('',#14566);
#14566 = CARTESIAN_POINT('',(-24.69,19.3,13.2));
#14567 = LINE('',#14568,#14569);
#14568 = CARTESIAN_POINT('',(-24.69,19.3,6.8));
#14569 = VECTOR('',#14570,1.);
#14570 = DIRECTION('',(0.,0.,1.));
#14571 = ORIENTED_EDGE('',*,*,#14437,.T.);
#14572 = ORIENTED_EDGE('',*,*,#14486,.F.);
#14573 = ORIENTED_EDGE('',*,*,#14574,.F.);
#14574 = EDGE_CURVE('',#14565,#14463,#14575,.T.);
#14575 = LINE('',#14576,#14577);
#14576 = CARTESIAN_POINT('',(-24.69,16.05,13.2));
#14577 = VECTOR('',#14578,1.);
#14578 = DIRECTION('',(0.,-1.,0.));
#14579 = PLANE('',#14580);
#14580 = AXIS2_PLACEMENT_3D('',#14581,#14582,#14583);
#14581 = CARTESIAN_POINT('',(-24.69,15.9,0.4));
#14582 = DIRECTION('',(1.,0.,-0.));
#14583 = DIRECTION('',(0.,0.,1.));
#14584 = ADVANCED_FACE('',(#14585),#14659,.T.);
#14585 = FACE_BOUND('',#14586,.T.);
#14586 = EDGE_LOOP('',(#14587,#14595,#14596,#14597,#14605,#14613,#14621,
    #14629,#14637,#14645,#14653));
#14587 = ORIENTED_EDGE('',*,*,#14588,.F.);
#14588 = EDGE_CURVE('',#14565,#14589,#14591,.T.);
#14589 = VERTEX_POINT('',#14590);
#14590 = CARTESIAN_POINT('',(-9.229644546024,19.3,13.2));
#14591 = LINE('',#14592,#14593);
#14592 = CARTESIAN_POINT('',(-26.4,19.3,13.2));
#14593 = VECTOR('',#14594,1.);
#14594 = DIRECTION('',(1.,0.,-0.));
#14595 = ORIENTED_EDGE('',*,*,#14574,.T.);
#14596 = ORIENTED_EDGE('',*,*,#14460,.F.);
#14597 = ORIENTED_EDGE('',*,*,#14598,.F.);
#14598 = EDGE_CURVE('',#14599,#14461,#14601,.T.);
#14599 = VERTEX_POINT('',#14600);
#14600 = CARTESIAN_POINT('',(-23.54854950399,18.417190475304,13.2));
#14601 = LINE('',#14602,#14603);
#14602 = CARTESIAN_POINT('',(-25.14429821,18.052447959637,13.2));
#14603 = VECTOR('',#14604,1.);
#14604 = DIRECTION('',(-0.974858512637,-0.222824774966,0.));
#14605 = ORIENTED_EDGE('',*,*,#14606,.F.);
#14606 = EDGE_CURVE('',#14607,#14599,#14609,.T.);
#14607 = VERTEX_POINT('',#14608);
#14608 = CARTESIAN_POINT('',(-22.9056797429,18.520449249313,13.2));
#14609 = LINE('',#14610,#14611);
#14610 = CARTESIAN_POINT('',(-24.7905682108,18.217695434905,13.2));
#14611 = VECTOR('',#14612,1.);
#14612 = DIRECTION('',(-0.987344703283,-0.158588892735,0.));
#14613 = ORIENTED_EDGE('',*,*,#14614,.F.);
#14614 = EDGE_CURVE('',#14615,#14607,#14617,.T.);
#14615 = VERTEX_POINT('',#14616);
#14616 = CARTESIAN_POINT('',(-22.25743296837,18.581441244298,13.2));
#14617 = LINE('',#14618,#14619);
#14618 = CARTESIAN_POINT('',(-24.42159039133,18.377820827084,13.2));
#14619 = VECTOR('',#14620,1.);
#14620 = DIRECTION('',(-0.995602932329,-9.36739085191E-02,0.));
#14621 = ORIENTED_EDGE('',*,*,#14622,.F.);
#14622 = EDGE_CURVE('',#14623,#14615,#14625,.T.);
#14623 = VERTEX_POINT('',#14624);
#14624 = CARTESIAN_POINT('',(-21.60658507261,18.599905283171,13.2));
#14625 = LINE('',#14626,#14627);
#14626 = CARTESIAN_POINT('',(-24.03537951881,18.531002310044,13.2));
#14627 = VECTOR('',#14628,1.);
#14628 = DIRECTION('',(-0.999597836772,-2.835779824538E-02,0.));
#14629 = ORIENTED_EDGE('',*,*,#14630,.F.);
#14630 = EDGE_CURVE('',#14631,#14623,#14633,.T.);
#14631 = VERTEX_POINT('',#14632);
#14632 = CARTESIAN_POINT('',(-20.95592308624,18.575762300085,13.2));
#14633 = LINE('',#14634,#14635);
#14634 = CARTESIAN_POINT('',(-23.63020295288,18.674992153589,13.2));
#14635 = VECTOR('',#14636,1.);
#14636 = DIRECTION('',(-0.999312309816,3.7079744474E-02,0.));
#14637 = ORIENTED_EDGE('',*,*,#14638,.F.);
#14638 = EDGE_CURVE('',#14639,#14631,#14641,.T.);
#14639 = VERTEX_POINT('',#14640);
#14640 = CARTESIAN_POINT('',(-20.99968064892,17.95,13.2));
#14641 = LINE('',#14642,#14643);
#14642 = CARTESIAN_POINT('',(-21.14251239929,15.907410807064,13.2));
#14643 = VECTOR('',#14644,1.);
#14644 = DIRECTION('',(6.975647374412E-02,0.99756405026,-0.));
#14645 = ORIENTED_EDGE('',*,*,#14646,.T.);
#14646 = EDGE_CURVE('',#14639,#14647,#14649,.T.);
#14647 = VERTEX_POINT('',#14648);
#14648 = CARTESIAN_POINT('',(-9.229644546024,17.95,13.2));
#14649 = LINE('',#14650,#14651);
#14650 = CARTESIAN_POINT('',(-26.4,17.95,13.2));
#14651 = VECTOR('',#14652,1.);
#14652 = DIRECTION('',(1.,0.,-0.));
#14653 = ORIENTED_EDGE('',*,*,#14654,.F.);
#14654 = EDGE_CURVE('',#14589,#14647,#14655,.T.);
#14655 = LINE('',#14656,#14657);
#14656 = CARTESIAN_POINT('',(-9.229644546024,17.035,13.2));
#14657 = VECTOR('',#14658,1.);
#14658 = DIRECTION('',(-1.079827134769E-15,-1.,0.));
#14659 = PLANE('',#14660);
#14660 = AXIS2_PLACEMENT_3D('',#14661,#14662,#14663);
#14661 = CARTESIAN_POINT('',(-26.4,16.2,13.2));
#14662 = DIRECTION('',(0.,0.,1.));
#14663 = DIRECTION('',(1.,0.,-0.));
#14664 = ADVANCED_FACE('',(#14665),#14676,.F.);
#14665 = FACE_BOUND('',#14666,.F.);
#14666 = EDGE_LOOP('',(#14667,#14668,#14674,#14675));
#14667 = ORIENTED_EDGE('',*,*,#14598,.F.);
#14668 = ORIENTED_EDGE('',*,*,#14669,.T.);
#14669 = EDGE_CURVE('',#14599,#14542,#14670,.T.);
#14670 = LINE('',#14671,#14672);
#14671 = CARTESIAN_POINT('',(-23.54854950399,18.417190475304,9.4));
#14672 = VECTOR('',#14673,1.);
#14673 = DIRECTION('',(0.,0.,1.));
#14674 = ORIENTED_EDGE('',*,*,#14549,.T.);
#14675 = ORIENTED_EDGE('',*,*,#14470,.F.);
#14676 = PLANE('',#14677);
#14677 = AXIS2_PLACEMENT_3D('',#14678,#14679,#14680);
#14678 = CARTESIAN_POINT('',(-23.54854950399,18.417190475304,9.4));
#14679 = DIRECTION('',(0.222824774966,-0.974858512637,0.));
#14680 = DIRECTION('',(-0.974858512637,-0.222824774966,0.));
#14681 = ADVANCED_FACE('',(#14682),#14693,.F.);
#14682 = FACE_BOUND('',#14683,.F.);
#14683 = EDGE_LOOP('',(#14684,#14685,#14691,#14692));
#14684 = ORIENTED_EDGE('',*,*,#14606,.F.);
#14685 = ORIENTED_EDGE('',*,*,#14686,.T.);
#14686 = EDGE_CURVE('',#14607,#14534,#14687,.T.);
#14687 = LINE('',#14688,#14689);
#14688 = CARTESIAN_POINT('',(-22.9056797429,18.520449249313,9.4));
#14689 = VECTOR('',#14690,1.);
#14690 = DIRECTION('',(0.,0.,1.));
#14691 = ORIENTED_EDGE('',*,*,#14541,.T.);
#14692 = ORIENTED_EDGE('',*,*,#14669,.F.);
#14693 = PLANE('',#14694);
#14694 = AXIS2_PLACEMENT_3D('',#14695,#14696,#14697);
#14695 = CARTESIAN_POINT('',(-22.9056797429,18.520449249313,9.4));
#14696 = DIRECTION('',(0.158588892735,-0.987344703283,0.));
#14697 = DIRECTION('',(-0.987344703283,-0.158588892735,0.));
#14698 = ADVANCED_FACE('',(#14699),#14710,.F.);
#14699 = FACE_BOUND('',#14700,.F.);
#14700 = EDGE_LOOP('',(#14701,#14702,#14708,#14709));
#14701 = ORIENTED_EDGE('',*,*,#14614,.F.);
#14702 = ORIENTED_EDGE('',*,*,#14703,.T.);
#14703 = EDGE_CURVE('',#14615,#14526,#14704,.T.);
#14704 = LINE('',#14705,#14706);
#14705 = CARTESIAN_POINT('',(-22.25743296837,18.581441244298,9.4));
#14706 = VECTOR('',#14707,1.);
#14707 = DIRECTION('',(0.,0.,1.));
#14708 = ORIENTED_EDGE('',*,*,#14533,.T.);
#14709 = ORIENTED_EDGE('',*,*,#14686,.F.);
#14710 = PLANE('',#14711);
#14711 = AXIS2_PLACEMENT_3D('',#14712,#14713,#14714);
#14712 = CARTESIAN_POINT('',(-22.25743296837,18.581441244298,9.4));
#14713 = DIRECTION('',(9.36739085191E-02,-0.995602932329,0.));
#14714 = DIRECTION('',(-0.995602932329,-9.36739085191E-02,0.));
#14715 = ADVANCED_FACE('',(#14716),#14727,.F.);
#14716 = FACE_BOUND('',#14717,.F.);
#14717 = EDGE_LOOP('',(#14718,#14719,#14725,#14726));
#14718 = ORIENTED_EDGE('',*,*,#14622,.F.);
#14719 = ORIENTED_EDGE('',*,*,#14720,.T.);
#14720 = EDGE_CURVE('',#14623,#14518,#14721,.T.);
#14721 = LINE('',#14722,#14723);
#14722 = CARTESIAN_POINT('',(-21.60658507261,18.599905283171,9.4));
#14723 = VECTOR('',#14724,1.);
#14724 = DIRECTION('',(0.,0.,1.));
#14725 = ORIENTED_EDGE('',*,*,#14525,.T.);
#14726 = ORIENTED_EDGE('',*,*,#14703,.F.);
#14727 = PLANE('',#14728);
#14728 = AXIS2_PLACEMENT_3D('',#14729,#14730,#14731);
#14729 = CARTESIAN_POINT('',(-21.60658507261,18.599905283171,9.4));
#14730 = DIRECTION('',(2.835779824538E-02,-0.999597836772,0.));
#14731 = DIRECTION('',(-0.999597836772,-2.835779824538E-02,0.));
#14732 = ADVANCED_FACE('',(#14733),#14744,.F.);
#14733 = FACE_BOUND('',#14734,.F.);
#14734 = EDGE_LOOP('',(#14735,#14736,#14742,#14743));
#14735 = ORIENTED_EDGE('',*,*,#14630,.F.);
#14736 = ORIENTED_EDGE('',*,*,#14737,.T.);
#14737 = EDGE_CURVE('',#14631,#14510,#14738,.T.);
#14738 = LINE('',#14739,#14740);
#14739 = CARTESIAN_POINT('',(-20.95592308624,18.575762300085,9.4));
#14740 = VECTOR('',#14741,1.);
#14741 = DIRECTION('',(0.,0.,1.));
#14742 = ORIENTED_EDGE('',*,*,#14517,.T.);
#14743 = ORIENTED_EDGE('',*,*,#14720,.F.);
#14744 = PLANE('',#14745);
#14745 = AXIS2_PLACEMENT_3D('',#14746,#14747,#14748);
#14746 = CARTESIAN_POINT('',(-20.95592308624,18.575762300085,9.4));
#14747 = DIRECTION('',(-3.7079744474E-02,-0.999312309816,0.));
#14748 = DIRECTION('',(-0.999312309816,3.7079744474E-02,0.));
#14749 = ADVANCED_FACE('',(#14750),#14761,.F.);
#14750 = FACE_BOUND('',#14751,.F.);
#14751 = EDGE_LOOP('',(#14752,#14753,#14754,#14760));
#14752 = ORIENTED_EDGE('',*,*,#14737,.F.);
#14753 = ORIENTED_EDGE('',*,*,#14638,.F.);
#14754 = ORIENTED_EDGE('',*,*,#14755,.F.);
#14755 = EDGE_CURVE('',#14502,#14639,#14756,.T.);
#14756 = LINE('',#14757,#14758);
#14757 = CARTESIAN_POINT('',(-20.99968064892,17.95,10.45));
#14758 = VECTOR('',#14759,1.);
#14759 = DIRECTION('',(0.,0.,-1.));
#14760 = ORIENTED_EDGE('',*,*,#14509,.T.);
#14761 = PLANE('',#14762);
#14762 = AXIS2_PLACEMENT_3D('',#14763,#14764,#14765);
#14763 = CARTESIAN_POINT('',(-21.13728991798,15.98209576941,9.4));
#14764 = DIRECTION('',(-0.99756405026,6.975647374412E-02,0.));
#14765 = DIRECTION('',(6.975647374412E-02,0.99756405026,0.));
#14766 = ADVANCED_FACE('',(#14767),#14792,.T.);
#14767 = FACE_BOUND('',#14768,.T.);
#14768 = EDGE_LOOP('',(#14769,#14777,#14785,#14791));
#14769 = ORIENTED_EDGE('',*,*,#14770,.T.);
#14770 = EDGE_CURVE('',#14647,#14771,#14773,.T.);
#14771 = VERTEX_POINT('',#14772);
#14772 = CARTESIAN_POINT('',(-8.947274212115,17.95,13.503117339368));
#14773 = LINE('',#14774,#14775);
#14774 = CARTESIAN_POINT('',(-13.50114434702,17.95,8.614654093202));
#14775 = VECTOR('',#14776,1.);
#14776 = DIRECTION('',(0.681622338838,0.,0.731704166448));
#14777 = ORIENTED_EDGE('',*,*,#14778,.T.);
#14778 = EDGE_CURVE('',#14771,#14779,#14781,.T.);
#14779 = VERTEX_POINT('',#14780);
#14780 = CARTESIAN_POINT('',(-8.947274212115,19.3,13.503117339368));
#14781 = LINE('',#14782,#14783);
#14782 = CARTESIAN_POINT('',(-8.947274212115,17.87,13.503117339368));
#14783 = VECTOR('',#14784,1.);
#14784 = DIRECTION('',(4.440892098501E-16,1.,-6.661338147751E-16));
#14785 = ORIENTED_EDGE('',*,*,#14786,.T.);
#14786 = EDGE_CURVE('',#14779,#14589,#14787,.T.);
#14787 = LINE('',#14788,#14789);
#14788 = CARTESIAN_POINT('',(-8.947274212115,19.3,13.503117339368));
#14789 = VECTOR('',#14790,1.);
#14790 = DIRECTION('',(-0.681622338838,1.291097636845E-16,
    -0.731704166448));
#14791 = ORIENTED_EDGE('',*,*,#14654,.T.);
#14792 = PLANE('',#14793);
#14793 = AXIS2_PLACEMENT_3D('',#14794,#14795,#14796);
#14794 = CARTESIAN_POINT('',(-8.947274212115,17.87,13.503117339368));
#14795 = DIRECTION('',(-0.731704166448,7.901140135534E-16,0.681622338838
    ));
#14796 = DIRECTION('',(-0.681622338838,1.291097636845E-16,
    -0.731704166448));
#14797 = ADVANCED_FACE('',(#14798),#14832,.F.);
#14798 = FACE_BOUND('',#14799,.F.);
#14799 = EDGE_LOOP('',(#14800,#14810,#14818,#14826));
#14800 = ORIENTED_EDGE('',*,*,#14801,.F.);
#14801 = EDGE_CURVE('',#14802,#14804,#14806,.T.);
#14802 = VERTEX_POINT('',#14803);
#14803 = CARTESIAN_POINT('',(-5.36,17.95,14.4));
#14804 = VERTEX_POINT('',#14805);
#14805 = CARTESIAN_POINT('',(-5.36,17.95,16.2));
#14806 = LINE('',#14807,#14808);
#14807 = CARTESIAN_POINT('',(-5.36,17.95,14.4));
#14808 = VECTOR('',#14809,1.);
#14809 = DIRECTION('',(0.,0.,1.));
#14810 = ORIENTED_EDGE('',*,*,#14811,.T.);
#14811 = EDGE_CURVE('',#14802,#14812,#14814,.T.);
#14812 = VERTEX_POINT('',#14813);
#14813 = CARTESIAN_POINT('',(-5.36,19.3,14.4));
#14814 = LINE('',#14815,#14816);
#14815 = CARTESIAN_POINT('',(-5.36,17.95,14.4));
#14816 = VECTOR('',#14817,1.);
#14817 = DIRECTION('',(-0.,1.,0.));
#14818 = ORIENTED_EDGE('',*,*,#14819,.T.);
#14819 = EDGE_CURVE('',#14812,#14820,#14822,.T.);
#14820 = VERTEX_POINT('',#14821);
#14821 = CARTESIAN_POINT('',(-5.36,19.3,16.2));
#14822 = LINE('',#14823,#14824);
#14823 = CARTESIAN_POINT('',(-5.36,19.3,14.4));
#14824 = VECTOR('',#14825,1.);
#14825 = DIRECTION('',(0.,0.,1.));
#14826 = ORIENTED_EDGE('',*,*,#14827,.F.);
#14827 = EDGE_CURVE('',#14804,#14820,#14828,.T.);
#14828 = LINE('',#14829,#14830);
#14829 = CARTESIAN_POINT('',(-5.36,17.075,16.2));
#14830 = VECTOR('',#14831,1.);
#14831 = DIRECTION('',(-0.,1.,0.));
#14832 = PLANE('',#14833);
#14833 = AXIS2_PLACEMENT_3D('',#14834,#14835,#14836);
#14834 = CARTESIAN_POINT('',(-5.36,17.95,14.4));
#14835 = DIRECTION('',(1.,0.,-0.));
#14836 = DIRECTION('',(0.,0.,1.));
#14837 = ADVANCED_FACE('',(#14838),#14863,.T.);
#14838 = FACE_BOUND('',#14839,.T.);
#14839 = EDGE_LOOP('',(#14840,#14850,#14856,#14857));
#14840 = ORIENTED_EDGE('',*,*,#14841,.F.);
#14841 = EDGE_CURVE('',#14842,#14844,#14846,.T.);
#14842 = VERTEX_POINT('',#14843);
#14843 = CARTESIAN_POINT('',(-7.927962364087,17.95,14.4));
#14844 = VERTEX_POINT('',#14845);
#14845 = CARTESIAN_POINT('',(-7.927962364087,19.3,14.4));
#14846 = LINE('',#14847,#14848);
#14847 = CARTESIAN_POINT('',(-7.927962364087,17.91,14.4));
#14848 = VECTOR('',#14849,1.);
#14849 = DIRECTION('',(1.233083143328E-15,1.,-0.));
#14850 = ORIENTED_EDGE('',*,*,#14851,.T.);
#14851 = EDGE_CURVE('',#14842,#14802,#14852,.T.);
#14852 = LINE('',#14853,#14854);
#14853 = CARTESIAN_POINT('',(-24.6,17.95,14.4));
#14854 = VECTOR('',#14855,1.);
#14855 = DIRECTION('',(1.,0.,-0.));
#14856 = ORIENTED_EDGE('',*,*,#14811,.T.);
#14857 = ORIENTED_EDGE('',*,*,#14858,.F.);
#14858 = EDGE_CURVE('',#14844,#14812,#14859,.T.);
#14859 = LINE('',#14860,#14861);
#14860 = CARTESIAN_POINT('',(-24.6,19.3,14.4));
#14861 = VECTOR('',#14862,1.);
#14862 = DIRECTION('',(1.,0.,-0.));
#14863 = PLANE('',#14864);
#14864 = AXIS2_PLACEMENT_3D('',#14865,#14866,#14867);
#14865 = CARTESIAN_POINT('',(-24.6,17.95,14.4));
#14866 = DIRECTION('',(0.,0.,1.));
#14867 = DIRECTION('',(1.,0.,-0.));
#14868 = ADVANCED_FACE('',(#14869),#14894,.T.);
#14869 = FACE_BOUND('',#14870,.T.);
#14870 = EDGE_LOOP('',(#14871,#14872,#14880,#14888));
#14871 = ORIENTED_EDGE('',*,*,#14841,.T.);
#14872 = ORIENTED_EDGE('',*,*,#14873,.T.);
#14873 = EDGE_CURVE('',#14844,#14874,#14876,.T.);
#14874 = VERTEX_POINT('',#14875);
#14875 = CARTESIAN_POINT('',(-8.216082540056,19.3,14.174316583786));
#14876 = LINE('',#14877,#14878);
#14877 = CARTESIAN_POINT('',(-7.434707526545,19.3,14.786364600903));
#14878 = VECTOR('',#14879,1.);
#14879 = DIRECTION('',(-0.787242274748,2.505638328095E-16,
    -0.616643820085));
#14880 = ORIENTED_EDGE('',*,*,#14881,.F.);
#14881 = EDGE_CURVE('',#14882,#14874,#14884,.T.);
#14882 = VERTEX_POINT('',#14883);
#14883 = CARTESIAN_POINT('',(-8.216082540056,17.95,14.174316583786));
#14884 = LINE('',#14885,#14886);
#14885 = CARTESIAN_POINT('',(-8.216082540056,17.87,14.174316583786));
#14886 = VECTOR('',#14887,1.);
#14887 = DIRECTION('',(4.440892098501E-16,1.,-6.661338147751E-16));
#14888 = ORIENTED_EDGE('',*,*,#14889,.T.);
#14889 = EDGE_CURVE('',#14882,#14842,#14890,.T.);
#14890 = LINE('',#14891,#14892);
#14891 = CARTESIAN_POINT('',(-14.10926101557,17.95,9.558212743641));
#14892 = VECTOR('',#14893,1.);
#14893 = DIRECTION('',(0.787242274748,0.,0.616643820085));
#14894 = PLANE('',#14895);
#14895 = AXIS2_PLACEMENT_3D('',#14896,#14897,#14898);
#14896 = CARTESIAN_POINT('',(-7.434707526545,17.87,14.786364600903));
#14897 = DIRECTION('',(-0.616643820085,7.603730999844E-16,0.787242274748
    ));
#14898 = DIRECTION('',(-0.787242274748,2.505638328095E-16,
    -0.616643820085));
#14899 = ADVANCED_FACE('',(#14900),#14916,.T.);
#14900 = FACE_BOUND('',#14901,.T.);
#14901 = EDGE_LOOP('',(#14902,#14908,#14909,#14915));
#14902 = ORIENTED_EDGE('',*,*,#14903,.T.);
#14903 = EDGE_CURVE('',#14771,#14882,#14904,.T.);
#14904 = LINE('',#14905,#14906);
#14905 = CARTESIAN_POINT('',(-13.81642999459,17.95,9.033463475635));
#14906 = VECTOR('',#14907,1.);
#14907 = DIRECTION('',(0.736682111964,0.,0.676239207612));
#14908 = ORIENTED_EDGE('',*,*,#14881,.T.);
#14909 = ORIENTED_EDGE('',*,*,#14910,.T.);
#14910 = EDGE_CURVE('',#14874,#14779,#14911,.T.);
#14911 = LINE('',#14912,#14913);
#14912 = CARTESIAN_POINT('',(-8.216082540056,19.3,14.174316583786));
#14913 = VECTOR('',#14914,1.);
#14914 = DIRECTION('',(-0.736682111964,1.904183301409E-16,
    -0.676239207612));
#14915 = ORIENTED_EDGE('',*,*,#14778,.F.);
#14916 = PLANE('',#14917);
#14917 = AXIS2_PLACEMENT_3D('',#14918,#14919,#14920);
#14918 = CARTESIAN_POINT('',(-8.216082540056,17.87,14.174316583786));
#14919 = DIRECTION('',(-0.676239207612,7.776183800801E-16,0.736682111964
    ));
#14920 = DIRECTION('',(-0.736682111964,1.904183301409E-16,
    -0.676239207612));
#14921 = ADVANCED_FACE('',(#14922),#14993,.T.);
#14922 = FACE_BOUND('',#14923,.T.);
#14923 = EDGE_LOOP('',(#14924,#14925,#14926,#14927,#14928,#14929,#14930,
    #14931,#14939,#14947,#14955,#14963,#14971,#14979,#14987));
#14924 = ORIENTED_EDGE('',*,*,#2381,.T.);
#14925 = ORIENTED_EDGE('',*,*,#2310,.T.);
#14926 = ORIENTED_EDGE('',*,*,#2663,.T.);
#14927 = ORIENTED_EDGE('',*,*,#4444,.T.);
#14928 = ORIENTED_EDGE('',*,*,#4468,.T.);
#14929 = ORIENTED_EDGE('',*,*,#4778,.T.);
#14930 = ORIENTED_EDGE('',*,*,#4825,.F.);
#14931 = ORIENTED_EDGE('',*,*,#14932,.F.);
#14932 = EDGE_CURVE('',#14933,#4826,#14935,.T.);
#14933 = VERTEX_POINT('',#14934);
#14934 = CARTESIAN_POINT('',(-34.,8.546380812952,9.5));
#14935 = LINE('',#14936,#14937);
#14936 = CARTESIAN_POINT('',(-34.,-9.993749296435,9.5));
#14937 = VECTOR('',#14938,1.);
#14938 = DIRECTION('',(-2.22044604925E-16,1.,0.));
#14939 = ORIENTED_EDGE('',*,*,#14940,.F.);
#14940 = EDGE_CURVE('',#14941,#14933,#14943,.T.);
#14941 = VERTEX_POINT('',#14942);
#14942 = CARTESIAN_POINT('',(-35.5,8.546380812952,9.5));
#14943 = LINE('',#14944,#14945);
#14944 = CARTESIAN_POINT('',(-35.5,8.546380812952,9.5));
#14945 = VECTOR('',#14946,1.);
#14946 = DIRECTION('',(1.,0.,0.));
#14947 = ORIENTED_EDGE('',*,*,#14948,.F.);
#14948 = EDGE_CURVE('',#14949,#14941,#14951,.T.);
#14949 = VERTEX_POINT('',#14950);
#14950 = CARTESIAN_POINT('',(-35.5,7.2284161474,9.5));
#14951 = LINE('',#14952,#14953);
#14952 = CARTESIAN_POINT('',(-35.5,-4.996874648218,9.5));
#14953 = VECTOR('',#14954,1.);
#14954 = DIRECTION('',(-0.,1.,2.22044604925E-16));
#14955 = ORIENTED_EDGE('',*,*,#14956,.F.);
#14956 = EDGE_CURVE('',#14957,#14949,#14959,.T.);
#14957 = VERTEX_POINT('',#14958);
#14958 = CARTESIAN_POINT('',(-36.5,7.2284161474,9.5));
#14959 = LINE('',#14960,#14961);
#14960 = CARTESIAN_POINT('',(-39.6,7.2284161474,9.5));
#14961 = VECTOR('',#14962,1.);
#14962 = DIRECTION('',(1.,0.,0.));
#14963 = ORIENTED_EDGE('',*,*,#14964,.T.);
#14964 = EDGE_CURVE('',#14957,#14965,#14967,.T.);
#14965 = VERTEX_POINT('',#14966);
#14966 = CARTESIAN_POINT('',(-36.5,8.546380812952,9.5));
#14967 = LINE('',#14968,#14969);
#14968 = CARTESIAN_POINT('',(-36.5,-8.969732437481,9.5));
#14969 = VECTOR('',#14970,1.);
#14970 = DIRECTION('',(-2.22044604925E-16,1.,9.90194998447E-17));
#14971 = ORIENTED_EDGE('',*,*,#14972,.F.);
#14972 = EDGE_CURVE('',#14973,#14965,#14975,.T.);
#14973 = VERTEX_POINT('',#14974);
#14974 = CARTESIAN_POINT('',(-37.5,8.546380812952,9.5));
#14975 = LINE('',#14976,#14977);
#14976 = CARTESIAN_POINT('',(-37.5,8.546380812952,9.5));
#14977 = VECTOR('',#14978,1.);
#14978 = DIRECTION('',(1.,0.,0.));
#14979 = ORIENTED_EDGE('',*,*,#14980,.F.);
#14980 = EDGE_CURVE('',#14981,#14973,#14983,.T.);
#14981 = VERTEX_POINT('',#14982);
#14982 = CARTESIAN_POINT('',(-37.5,7.2284161474,9.5));
#14983 = LINE('',#14984,#14985);
#14984 = CARTESIAN_POINT('',(-37.5,-4.484866218741,9.5));
#14985 = VECTOR('',#14986,1.);
#14986 = DIRECTION('',(-0.,1.,3.210641047697E-16));
#14987 = ORIENTED_EDGE('',*,*,#14988,.F.);
#14988 = EDGE_CURVE('',#2382,#14981,#14989,.T.);
#14989 = LINE('',#14990,#14991);
#14990 = CARTESIAN_POINT('',(-39.6,7.2284161474,9.5));
#14991 = VECTOR('',#14992,1.);
#14992 = DIRECTION('',(1.,0.,0.));
#14993 = PLANE('',#14994);
#14994 = AXIS2_PLACEMENT_3D('',#14995,#14996,#14997);
#14995 = CARTESIAN_POINT('',(-36.70047975761,8.496417984881,9.5));
#14996 = DIRECTION('',(3.789818920512E-16,-1.399829529489E-15,-1.));
#14997 = DIRECTION('',(-1.158364446119E-48,-1.,1.399829529489E-15));
#14998 = ADVANCED_FACE('',(#14999),#15044,.T.);
#14999 = FACE_BOUND('',#15000,.T.);
#15000 = EDGE_LOOP('',(#15001,#15010,#15019,#15027,#15036,#15043));
#15001 = ORIENTED_EDGE('',*,*,#15002,.T.);
#15002 = EDGE_CURVE('',#14941,#15003,#15005,.T.);
#15003 = VERTEX_POINT('',#15004);
#15004 = CARTESIAN_POINT('',(-35.5,2.161501600495E-15,16.125));
#15005 = CIRCLE('',#15006,8.825);
#15006 = AXIS2_PLACEMENT_3D('',#15007,#15008,#15009);
#15007 = CARTESIAN_POINT('',(-35.5,0.,7.3));
#15008 = DIRECTION('',(1.,0.,0.));
#15009 = DIRECTION('',(-0.,0.,1.));
#15010 = ORIENTED_EDGE('',*,*,#15011,.T.);
#15011 = EDGE_CURVE('',#15003,#15012,#15014,.T.);
#15012 = VERTEX_POINT('',#15013);
#15013 = CARTESIAN_POINT('',(-35.5,-8.546380812952,9.5));
#15014 = CIRCLE('',#15015,8.825);
#15015 = AXIS2_PLACEMENT_3D('',#15016,#15017,#15018);
#15016 = CARTESIAN_POINT('',(-35.5,0.,7.3));
#15017 = DIRECTION('',(1.,0.,0.));
#15018 = DIRECTION('',(-0.,0.,1.));
#15019 = ORIENTED_EDGE('',*,*,#15020,.T.);
#15020 = EDGE_CURVE('',#15012,#15021,#15023,.T.);
#15021 = VERTEX_POINT('',#15022);
#15022 = CARTESIAN_POINT('',(-35.5,-7.2284161474,9.5));
#15023 = LINE('',#15024,#15025);
#15024 = CARTESIAN_POINT('',(-35.5,-4.996874648218,9.5));
#15025 = VECTOR('',#15026,1.);
#15026 = DIRECTION('',(-0.,1.,2.22044604925E-16));
#15027 = ORIENTED_EDGE('',*,*,#15028,.F.);
#15028 = EDGE_CURVE('',#15029,#15021,#15031,.T.);
#15029 = VERTEX_POINT('',#15030);
#15030 = CARTESIAN_POINT('',(-35.5,1.836970198721E-15,15.));
#15031 = CIRCLE('',#15032,7.5);
#15032 = AXIS2_PLACEMENT_3D('',#15033,#15034,#15035);
#15033 = CARTESIAN_POINT('',(-35.5,0.,7.5));
#15034 = DIRECTION('',(1.,0.,0.));
#15035 = DIRECTION('',(-0.,0.,1.));
#15036 = ORIENTED_EDGE('',*,*,#15037,.F.);
#15037 = EDGE_CURVE('',#14949,#15029,#15038,.T.);
#15038 = CIRCLE('',#15039,7.5);
#15039 = AXIS2_PLACEMENT_3D('',#15040,#15041,#15042);
#15040 = CARTESIAN_POINT('',(-35.5,0.,7.5));
#15041 = DIRECTION('',(1.,0.,0.));
#15042 = DIRECTION('',(-0.,0.,1.));
#15043 = ORIENTED_EDGE('',*,*,#14948,.T.);
#15044 = PLANE('',#15045);
#15045 = AXIS2_PLACEMENT_3D('',#15046,#15047,#15048);
#15046 = CARTESIAN_POINT('',(-35.5,0.,7.3));
#15047 = DIRECTION('',(1.,0.,0.));
#15048 = DIRECTION('',(-0.,0.,1.));
#15049 = ADVANCED_FACE('',(#15050),#15095,.F.);
#15050 = FACE_BOUND('',#15051,.F.);
#15051 = EDGE_LOOP('',(#15052,#15061,#15070,#15078,#15087,#15094));
#15052 = ORIENTED_EDGE('',*,*,#15053,.T.);
#15053 = EDGE_CURVE('',#14965,#15054,#15056,.T.);
#15054 = VERTEX_POINT('',#15055);
#15055 = CARTESIAN_POINT('',(-36.5,2.161501600495E-15,16.125));
#15056 = CIRCLE('',#15057,8.825);
#15057 = AXIS2_PLACEMENT_3D('',#15058,#15059,#15060);
#15058 = CARTESIAN_POINT('',(-36.5,0.,7.3));
#15059 = DIRECTION('',(1.,0.,0.));
#15060 = DIRECTION('',(-0.,0.,1.));
#15061 = ORIENTED_EDGE('',*,*,#15062,.T.);
#15062 = EDGE_CURVE('',#15054,#15063,#15065,.T.);
#15063 = VERTEX_POINT('',#15064);
#15064 = CARTESIAN_POINT('',(-36.5,-8.546380812953,9.5));
#15065 = CIRCLE('',#15066,8.825);
#15066 = AXIS2_PLACEMENT_3D('',#15067,#15068,#15069);
#15067 = CARTESIAN_POINT('',(-36.5,0.,7.3));
#15068 = DIRECTION('',(1.,0.,0.));
#15069 = DIRECTION('',(-0.,0.,1.));
#15070 = ORIENTED_EDGE('',*,*,#15071,.T.);
#15071 = EDGE_CURVE('',#15063,#15072,#15074,.T.);
#15072 = VERTEX_POINT('',#15073);
#15073 = CARTESIAN_POINT('',(-36.5,-7.2284161474,9.5));
#15074 = LINE('',#15075,#15076);
#15075 = CARTESIAN_POINT('',(-36.5,-8.969732437481,9.5));
#15076 = VECTOR('',#15077,1.);
#15077 = DIRECTION('',(-2.22044604925E-16,1.,9.90194998447E-17));
#15078 = ORIENTED_EDGE('',*,*,#15079,.F.);
#15079 = EDGE_CURVE('',#15080,#15072,#15082,.T.);
#15080 = VERTEX_POINT('',#15081);
#15081 = CARTESIAN_POINT('',(-36.5,1.836970198721E-15,15.));
#15082 = CIRCLE('',#15083,7.5);
#15083 = AXIS2_PLACEMENT_3D('',#15084,#15085,#15086);
#15084 = CARTESIAN_POINT('',(-36.5,0.,7.5));
#15085 = DIRECTION('',(1.,0.,0.));
#15086 = DIRECTION('',(-0.,0.,1.));
#15087 = ORIENTED_EDGE('',*,*,#15088,.F.);
#15088 = EDGE_CURVE('',#14957,#15080,#15089,.T.);
#15089 = CIRCLE('',#15090,7.5);
#15090 = AXIS2_PLACEMENT_3D('',#15091,#15092,#15093);
#15091 = CARTESIAN_POINT('',(-36.5,0.,7.5));
#15092 = DIRECTION('',(1.,0.,0.));
#15093 = DIRECTION('',(-0.,0.,1.));
#15094 = ORIENTED_EDGE('',*,*,#14964,.T.);
#15095 = PLANE('',#15096);
#15096 = AXIS2_PLACEMENT_3D('',#15097,#15098,#15099);
#15097 = CARTESIAN_POINT('',(-36.5,0.,7.3));
#15098 = DIRECTION('',(1.,0.,0.));
#15099 = DIRECTION('',(-0.,0.,1.));
#15100 = ADVANCED_FACE('',(#15101),#15146,.T.);
#15101 = FACE_BOUND('',#15102,.T.);
#15102 = EDGE_LOOP('',(#15103,#15112,#15121,#15129,#15138,#15145));
#15103 = ORIENTED_EDGE('',*,*,#15104,.T.);
#15104 = EDGE_CURVE('',#14973,#15105,#15107,.T.);
#15105 = VERTEX_POINT('',#15106);
#15106 = CARTESIAN_POINT('',(-37.5,2.161501600495E-15,16.125));
#15107 = CIRCLE('',#15108,8.825);
#15108 = AXIS2_PLACEMENT_3D('',#15109,#15110,#15111);
#15109 = CARTESIAN_POINT('',(-37.5,0.,7.3));
#15110 = DIRECTION('',(1.,0.,0.));
#15111 = DIRECTION('',(-0.,0.,1.));
#15112 = ORIENTED_EDGE('',*,*,#15113,.T.);
#15113 = EDGE_CURVE('',#15105,#15114,#15116,.T.);
#15114 = VERTEX_POINT('',#15115);
#15115 = CARTESIAN_POINT('',(-37.5,-8.546380812952,9.5));
#15116 = CIRCLE('',#15117,8.825);
#15117 = AXIS2_PLACEMENT_3D('',#15118,#15119,#15120);
#15118 = CARTESIAN_POINT('',(-37.5,0.,7.3));
#15119 = DIRECTION('',(1.,0.,0.));
#15120 = DIRECTION('',(-0.,0.,1.));
#15121 = ORIENTED_EDGE('',*,*,#15122,.T.);
#15122 = EDGE_CURVE('',#15114,#15123,#15125,.T.);
#15123 = VERTEX_POINT('',#15124);
#15124 = CARTESIAN_POINT('',(-37.5,-7.2284161474,9.5));
#15125 = LINE('',#15126,#15127);
#15126 = CARTESIAN_POINT('',(-37.5,-4.484866218741,9.5));
#15127 = VECTOR('',#15128,1.);
#15128 = DIRECTION('',(-0.,1.,3.210641047697E-16));
#15129 = ORIENTED_EDGE('',*,*,#15130,.F.);
#15130 = EDGE_CURVE('',#15131,#15123,#15133,.T.);
#15131 = VERTEX_POINT('',#15132);
#15132 = CARTESIAN_POINT('',(-37.5,1.836970198721E-15,15.));
#15133 = CIRCLE('',#15134,7.5);
#15134 = AXIS2_PLACEMENT_3D('',#15135,#15136,#15137);
#15135 = CARTESIAN_POINT('',(-37.5,0.,7.5));
#15136 = DIRECTION('',(1.,0.,0.));
#15137 = DIRECTION('',(-0.,0.,1.));
#15138 = ORIENTED_EDGE('',*,*,#15139,.F.);
#15139 = EDGE_CURVE('',#14981,#15131,#15140,.T.);
#15140 = CIRCLE('',#15141,7.5);
#15141 = AXIS2_PLACEMENT_3D('',#15142,#15143,#15144);
#15142 = CARTESIAN_POINT('',(-37.5,0.,7.5));
#15143 = DIRECTION('',(1.,0.,0.));
#15144 = DIRECTION('',(-0.,0.,1.));
#15145 = ORIENTED_EDGE('',*,*,#14980,.T.);
#15146 = PLANE('',#15147);
#15147 = AXIS2_PLACEMENT_3D('',#15148,#15149,#15150);
#15148 = CARTESIAN_POINT('',(-37.5,0.,7.3));
#15149 = DIRECTION('',(1.,0.,0.));
#15150 = DIRECTION('',(-0.,0.,1.));
#15151 = ADVANCED_FACE('',(#15152),#15196,.T.);
#15152 = FACE_BOUND('',#15153,.T.);
#15153 = EDGE_LOOP('',(#15154,#15155,#15161,#15162,#15168,#15169,#15175,
    #15176,#15184,#15190,#15191,#15192,#15193,#15194,#15195));
#15154 = ORIENTED_EDGE('',*,*,#2631,.T.);
#15155 = ORIENTED_EDGE('',*,*,#15156,.T.);
#15156 = EDGE_CURVE('',#2632,#15123,#15157,.T.);
#15157 = LINE('',#15158,#15159);
#15158 = CARTESIAN_POINT('',(-39.6,-7.2284161474,9.5));
#15159 = VECTOR('',#15160,1.);
#15160 = DIRECTION('',(1.,0.,0.));
#15161 = ORIENTED_EDGE('',*,*,#15122,.F.);
#15162 = ORIENTED_EDGE('',*,*,#15163,.T.);
#15163 = EDGE_CURVE('',#15114,#15063,#15164,.T.);
#15164 = LINE('',#15165,#15166);
#15165 = CARTESIAN_POINT('',(-37.5,-8.546380812952,9.5));
#15166 = VECTOR('',#15167,1.);
#15167 = DIRECTION('',(1.,0.,0.));
#15168 = ORIENTED_EDGE('',*,*,#15071,.T.);
#15169 = ORIENTED_EDGE('',*,*,#15170,.T.);
#15170 = EDGE_CURVE('',#15072,#15021,#15171,.T.);
#15171 = LINE('',#15172,#15173);
#15172 = CARTESIAN_POINT('',(-39.6,-7.2284161474,9.5));
#15173 = VECTOR('',#15174,1.);
#15174 = DIRECTION('',(1.,0.,0.));
#15175 = ORIENTED_EDGE('',*,*,#15020,.F.);
#15176 = ORIENTED_EDGE('',*,*,#15177,.T.);
#15177 = EDGE_CURVE('',#15012,#15178,#15180,.T.);
#15178 = VERTEX_POINT('',#15179);
#15179 = CARTESIAN_POINT('',(-34.,-8.546380812952,9.5));
#15180 = LINE('',#15181,#15182);
#15181 = CARTESIAN_POINT('',(-35.5,-8.546380812952,9.5));
#15182 = VECTOR('',#15183,1.);
#15183 = DIRECTION('',(1.,0.,0.));
#15184 = ORIENTED_EDGE('',*,*,#15185,.F.);
#15185 = EDGE_CURVE('',#2281,#15178,#15186,.T.);
#15186 = LINE('',#15187,#15188);
#15187 = CARTESIAN_POINT('',(-34.,-9.993749296435,9.5));
#15188 = VECTOR('',#15189,1.);
#15189 = DIRECTION('',(-2.22044604925E-16,1.,0.));
#15190 = ORIENTED_EDGE('',*,*,#4893,.F.);
#15191 = ORIENTED_EDGE('',*,*,#4878,.F.);
#15192 = ORIENTED_EDGE('',*,*,#4732,.T.);
#15193 = ORIENTED_EDGE('',*,*,#3709,.F.);
#15194 = ORIENTED_EDGE('',*,*,#2927,.T.);
#15195 = ORIENTED_EDGE('',*,*,#3207,.F.);
#15196 = PLANE('',#15197);
#15197 = AXIS2_PLACEMENT_3D('',#15198,#15199,#15200);
#15198 = CARTESIAN_POINT('',(-36.70047975761,-8.496417984881,9.5));
#15199 = DIRECTION('',(-0.,2.647959848992E-16,-1.));
#15200 = DIRECTION('',(0.,-1.,-2.647959848992E-16));
#15201 = ADVANCED_FACE('',(#15202),#15242,.T.);
#15202 = FACE_BOUND('',#15203,.T.);
#15203 = EDGE_LOOP('',(#15204,#15205,#15212,#15213,#15214,#15215,#15216,
    #15217,#15218,#15219,#15227,#15235,#15241));
#15204 = ORIENTED_EDGE('',*,*,#8584,.F.);
#15205 = ORIENTED_EDGE('',*,*,#15206,.T.);
#15206 = EDGE_CURVE('',#8585,#14933,#15207,.T.);
#15207 = CIRCLE('',#15208,8.825);
#15208 = AXIS2_PLACEMENT_3D('',#15209,#15210,#15211);
#15209 = CARTESIAN_POINT('',(-34.,0.,7.3));
#15210 = DIRECTION('',(1.,0.,0.));
#15211 = DIRECTION('',(-0.,0.,1.));
#15212 = ORIENTED_EDGE('',*,*,#14932,.T.);
#15213 = ORIENTED_EDGE('',*,*,#5975,.F.);
#15214 = ORIENTED_EDGE('',*,*,#5989,.F.);
#15215 = ORIENTED_EDGE('',*,*,#6036,.F.);
#15216 = ORIENTED_EDGE('',*,*,#6100,.F.);
#15217 = ORIENTED_EDGE('',*,*,#6131,.F.);
#15218 = ORIENTED_EDGE('',*,*,#6145,.F.);
#15219 = ORIENTED_EDGE('',*,*,#15220,.F.);
#15220 = EDGE_CURVE('',#15221,#6146,#15223,.T.);
#15221 = VERTEX_POINT('',#15222);
#15222 = CARTESIAN_POINT('',(-34.,24.,2.1));
#15223 = LINE('',#15224,#15225);
#15224 = CARTESIAN_POINT('',(-34.,24.,2.1));
#15225 = VECTOR('',#15226,1.);
#15226 = DIRECTION('',(0.,-1.,0.));
#15227 = ORIENTED_EDGE('',*,*,#15228,.F.);
#15228 = EDGE_CURVE('',#15229,#15221,#15231,.T.);
#15229 = VERTEX_POINT('',#15230);
#15230 = CARTESIAN_POINT('',(-34.,24.,0.4));
#15231 = LINE('',#15232,#15233);
#15232 = CARTESIAN_POINT('',(-34.,24.,0.4));
#15233 = VECTOR('',#15234,1.);
#15234 = DIRECTION('',(0.,0.,1.));
#15235 = ORIENTED_EDGE('',*,*,#15236,.T.);
#15236 = EDGE_CURVE('',#15229,#8649,#15237,.T.);
#15237 = LINE('',#15238,#15239);
#15238 = CARTESIAN_POINT('',(-34.,24.,0.4));
#15239 = VECTOR('',#15240,1.);
#15240 = DIRECTION('',(0.,-1.,0.));
#15241 = ORIENTED_EDGE('',*,*,#8658,.T.);
#15242 = PLANE('',#15243);
#15243 = AXIS2_PLACEMENT_3D('',#15244,#15245,#15246);
#15244 = CARTESIAN_POINT('',(-34.,13.768466264253,2.805957597889));
#15245 = DIRECTION('',(-1.,-0.,-0.));
#15246 = DIRECTION('',(0.,0.,-1.));
#15247 = ADVANCED_FACE('',(#15248),#15282,.F.);
#15248 = FACE_BOUND('',#15249,.F.);
#15249 = EDGE_LOOP('',(#15250,#15260,#15268,#15276));
#15250 = ORIENTED_EDGE('',*,*,#15251,.T.);
#15251 = EDGE_CURVE('',#15252,#15254,#15256,.T.);
#15252 = VERTEX_POINT('',#15253);
#15253 = CARTESIAN_POINT('',(-30.,28.,0.4));
#15254 = VERTEX_POINT('',#15255);
#15255 = CARTESIAN_POINT('',(-30.,28.,2.1));
#15256 = LINE('',#15257,#15258);
#15257 = CARTESIAN_POINT('',(-30.,28.,0.4));
#15258 = VECTOR('',#15259,1.);
#15259 = DIRECTION('',(0.,0.,1.));
#15260 = ORIENTED_EDGE('',*,*,#15261,.T.);
#15261 = EDGE_CURVE('',#15254,#15262,#15264,.T.);
#15262 = VERTEX_POINT('',#15263);
#15263 = CARTESIAN_POINT('',(-30.349,27.985,2.1));
#15264 = LINE('',#15265,#15266);
#15265 = CARTESIAN_POINT('',(-30.,28.,2.1));
#15266 = VECTOR('',#15267,1.);
#15267 = DIRECTION('',(-0.999077639956,-4.294029971159E-02,0.));
#15268 = ORIENTED_EDGE('',*,*,#15269,.F.);
#15269 = EDGE_CURVE('',#15270,#15262,#15272,.T.);
#15270 = VERTEX_POINT('',#15271);
#15271 = CARTESIAN_POINT('',(-30.349,27.985,0.4));
#15272 = LINE('',#15273,#15274);
#15273 = CARTESIAN_POINT('',(-30.349,27.985,0.4));
#15274 = VECTOR('',#15275,1.);
#15275 = DIRECTION('',(0.,0.,1.));
#15276 = ORIENTED_EDGE('',*,*,#15277,.F.);
#15277 = EDGE_CURVE('',#15252,#15270,#15278,.T.);
#15278 = LINE('',#15279,#15280);
#15279 = CARTESIAN_POINT('',(-30.,28.,0.4));
#15280 = VECTOR('',#15281,1.);
#15281 = DIRECTION('',(-0.999077639956,-4.294029971159E-02,0.));
#15282 = PLANE('',#15283);
#15283 = AXIS2_PLACEMENT_3D('',#15284,#15285,#15286);
#15284 = CARTESIAN_POINT('',(-30.,28.,0.4));
#15285 = DIRECTION('',(4.294029971159E-02,-0.999077639956,0.));
#15286 = DIRECTION('',(-0.999077639956,-4.294029971159E-02,0.));
#15287 = ADVANCED_FACE('',(#15288),#15313,.F.);
#15288 = FACE_BOUND('',#15289,.F.);
#15289 = EDGE_LOOP('',(#15290,#15291,#15299,#15307));
#15290 = ORIENTED_EDGE('',*,*,#15269,.T.);
#15291 = ORIENTED_EDGE('',*,*,#15292,.T.);
#15292 = EDGE_CURVE('',#15262,#15293,#15295,.T.);
#15293 = VERTEX_POINT('',#15294);
#15294 = CARTESIAN_POINT('',(-30.695,27.939,2.1));
#15295 = LINE('',#15296,#15297);
#15296 = CARTESIAN_POINT('',(-30.349,27.985,2.1));
#15297 = VECTOR('',#15298,1.);
#15298 = DIRECTION('',(-0.991277872682,-0.131788387698,0.));
#15299 = ORIENTED_EDGE('',*,*,#15300,.F.);
#15300 = EDGE_CURVE('',#15301,#15293,#15303,.T.);
#15301 = VERTEX_POINT('',#15302);
#15302 = CARTESIAN_POINT('',(-30.695,27.939,0.4));
#15303 = LINE('',#15304,#15305);
#15304 = CARTESIAN_POINT('',(-30.695,27.939,0.4));
#15305 = VECTOR('',#15306,1.);
#15306 = DIRECTION('',(0.,0.,1.));
#15307 = ORIENTED_EDGE('',*,*,#15308,.F.);
#15308 = EDGE_CURVE('',#15270,#15301,#15309,.T.);
#15309 = LINE('',#15310,#15311);
#15310 = CARTESIAN_POINT('',(-30.349,27.985,0.4));
#15311 = VECTOR('',#15312,1.);
#15312 = DIRECTION('',(-0.991277872682,-0.131788387698,0.));
#15313 = PLANE('',#15314);
#15314 = AXIS2_PLACEMENT_3D('',#15315,#15316,#15317);
#15315 = CARTESIAN_POINT('',(-30.349,27.985,0.4));
#15316 = DIRECTION('',(0.131788387698,-0.991277872682,0.));
#15317 = DIRECTION('',(-0.991277872682,-0.131788387698,0.));
#15318 = ADVANCED_FACE('',(#15319),#15344,.F.);
#15319 = FACE_BOUND('',#15320,.F.);
#15320 = EDGE_LOOP('',(#15321,#15322,#15330,#15338));
#15321 = ORIENTED_EDGE('',*,*,#15300,.T.);
#15322 = ORIENTED_EDGE('',*,*,#15323,.T.);
#15323 = EDGE_CURVE('',#15293,#15324,#15326,.T.);
#15324 = VERTEX_POINT('',#15325);
#15325 = CARTESIAN_POINT('',(-31.035,27.864,2.1));
#15326 = LINE('',#15327,#15328);
#15327 = CARTESIAN_POINT('',(-30.695,27.939,2.1));
#15328 = VECTOR('',#15329,1.);
#15329 = DIRECTION('',(-0.976523773464,-0.215409655911,0.));
#15330 = ORIENTED_EDGE('',*,*,#15331,.F.);
#15331 = EDGE_CURVE('',#15332,#15324,#15334,.T.);
#15332 = VERTEX_POINT('',#15333);
#15333 = CARTESIAN_POINT('',(-31.035,27.864,0.4));
#15334 = LINE('',#15335,#15336);
#15335 = CARTESIAN_POINT('',(-31.035,27.864,0.4));
#15336 = VECTOR('',#15337,1.);
#15337 = DIRECTION('',(0.,0.,1.));
#15338 = ORIENTED_EDGE('',*,*,#15339,.F.);
#15339 = EDGE_CURVE('',#15301,#15332,#15340,.T.);
#15340 = LINE('',#15341,#15342);
#15341 = CARTESIAN_POINT('',(-30.695,27.939,0.4));
#15342 = VECTOR('',#15343,1.);
#15343 = DIRECTION('',(-0.976523773464,-0.215409655911,0.));
#15344 = PLANE('',#15345);
#15345 = AXIS2_PLACEMENT_3D('',#15346,#15347,#15348);
#15346 = CARTESIAN_POINT('',(-30.695,27.939,0.4));
#15347 = DIRECTION('',(0.215409655911,-0.976523773464,0.));
#15348 = DIRECTION('',(-0.976523773464,-0.215409655911,0.));
#15349 = ADVANCED_FACE('',(#15350),#15375,.F.);
#15350 = FACE_BOUND('',#15351,.F.);
#15351 = EDGE_LOOP('',(#15352,#15353,#15361,#15369));
#15352 = ORIENTED_EDGE('',*,*,#15331,.T.);
#15353 = ORIENTED_EDGE('',*,*,#15354,.T.);
#15354 = EDGE_CURVE('',#15324,#15355,#15357,.T.);
#15355 = VERTEX_POINT('',#15356);
#15356 = CARTESIAN_POINT('',(-31.368,27.759,2.1));
#15357 = LINE('',#15358,#15359);
#15358 = CARTESIAN_POINT('',(-31.035,27.864,2.1));
#15359 = VECTOR('',#15360,1.);
#15360 = DIRECTION('',(-0.953712430437,-0.300720135723,0.));
#15361 = ORIENTED_EDGE('',*,*,#15362,.F.);
#15362 = EDGE_CURVE('',#15363,#15355,#15365,.T.);
#15363 = VERTEX_POINT('',#15364);
#15364 = CARTESIAN_POINT('',(-31.368,27.759,0.4));
#15365 = LINE('',#15366,#15367);
#15366 = CARTESIAN_POINT('',(-31.368,27.759,0.4));
#15367 = VECTOR('',#15368,1.);
#15368 = DIRECTION('',(0.,0.,1.));
#15369 = ORIENTED_EDGE('',*,*,#15370,.F.);
#15370 = EDGE_CURVE('',#15332,#15363,#15371,.T.);
#15371 = LINE('',#15372,#15373);
#15372 = CARTESIAN_POINT('',(-31.035,27.864,0.4));
#15373 = VECTOR('',#15374,1.);
#15374 = DIRECTION('',(-0.953712430437,-0.300720135723,0.));
#15375 = PLANE('',#15376);
#15376 = AXIS2_PLACEMENT_3D('',#15377,#15378,#15379);
#15377 = CARTESIAN_POINT('',(-31.035,27.864,0.4));
#15378 = DIRECTION('',(0.300720135723,-0.953712430437,0.));
#15379 = DIRECTION('',(-0.953712430437,-0.300720135723,0.));
#15380 = ADVANCED_FACE('',(#15381),#15406,.F.);
#15381 = FACE_BOUND('',#15382,.F.);
#15382 = EDGE_LOOP('',(#15383,#15384,#15392,#15400));
#15383 = ORIENTED_EDGE('',*,*,#15362,.T.);
#15384 = ORIENTED_EDGE('',*,*,#15385,.T.);
#15385 = EDGE_CURVE('',#15355,#15386,#15388,.T.);
#15386 = VERTEX_POINT('',#15387);
#15387 = CARTESIAN_POINT('',(-31.69,27.625,2.1));
#15388 = LINE('',#15389,#15390);
#15389 = CARTESIAN_POINT('',(-31.368,27.759,2.1));
#15390 = VECTOR('',#15391,1.);
#15391 = DIRECTION('',(-0.923246491563,-0.384208167296,0.));
#15392 = ORIENTED_EDGE('',*,*,#15393,.F.);
#15393 = EDGE_CURVE('',#15394,#15386,#15396,.T.);
#15394 = VERTEX_POINT('',#15395);
#15395 = CARTESIAN_POINT('',(-31.69,27.625,0.4));
#15396 = LINE('',#15397,#15398);
#15397 = CARTESIAN_POINT('',(-31.69,27.625,0.4));
#15398 = VECTOR('',#15399,1.);
#15399 = DIRECTION('',(0.,0.,1.));
#15400 = ORIENTED_EDGE('',*,*,#15401,.F.);
#15401 = EDGE_CURVE('',#15363,#15394,#15402,.T.);
#15402 = LINE('',#15403,#15404);
#15403 = CARTESIAN_POINT('',(-31.368,27.759,0.4));
#15404 = VECTOR('',#15405,1.);
#15405 = DIRECTION('',(-0.923246491563,-0.384208167296,0.));
#15406 = PLANE('',#15407);
#15407 = AXIS2_PLACEMENT_3D('',#15408,#15409,#15410);
#15408 = CARTESIAN_POINT('',(-31.368,27.759,0.4));
#15409 = DIRECTION('',(0.384208167296,-0.923246491563,0.));
#15410 = DIRECTION('',(-0.923246491563,-0.384208167296,0.));
#15411 = ADVANCED_FACE('',(#15412),#15437,.F.);
#15412 = FACE_BOUND('',#15413,.F.);
#15413 = EDGE_LOOP('',(#15414,#15415,#15423,#15431));
#15414 = ORIENTED_EDGE('',*,*,#15393,.T.);
#15415 = ORIENTED_EDGE('',*,*,#15416,.T.);
#15416 = EDGE_CURVE('',#15386,#15417,#15419,.T.);
#15417 = VERTEX_POINT('',#15418);
#15418 = CARTESIAN_POINT('',(-32.,27.464,2.1));
#15419 = LINE('',#15420,#15421);
#15420 = CARTESIAN_POINT('',(-31.69,27.625,2.1));
#15421 = VECTOR('',#15422,1.);
#15422 = DIRECTION('',(-0.88745104249,-0.460901993035,0.));
#15423 = ORIENTED_EDGE('',*,*,#15424,.F.);
#15424 = EDGE_CURVE('',#15425,#15417,#15427,.T.);
#15425 = VERTEX_POINT('',#15426);
#15426 = CARTESIAN_POINT('',(-32.,27.464,0.4));
#15427 = LINE('',#15428,#15429);
#15428 = CARTESIAN_POINT('',(-32.,27.464,0.4));
#15429 = VECTOR('',#15430,1.);
#15430 = DIRECTION('',(0.,0.,1.));
#15431 = ORIENTED_EDGE('',*,*,#15432,.F.);
#15432 = EDGE_CURVE('',#15394,#15425,#15433,.T.);
#15433 = LINE('',#15434,#15435);
#15434 = CARTESIAN_POINT('',(-31.69,27.625,0.4));
#15435 = VECTOR('',#15436,1.);
#15436 = DIRECTION('',(-0.88745104249,-0.460901993035,0.));
#15437 = PLANE('',#15438);
#15438 = AXIS2_PLACEMENT_3D('',#15439,#15440,#15441);
#15439 = CARTESIAN_POINT('',(-31.69,27.625,0.4));
#15440 = DIRECTION('',(0.460901993035,-0.88745104249,0.));
#15441 = DIRECTION('',(-0.88745104249,-0.460901993035,0.));
#15442 = ADVANCED_FACE('',(#15443),#15468,.F.);
#15443 = FACE_BOUND('',#15444,.F.);
#15444 = EDGE_LOOP('',(#15445,#15446,#15454,#15462));
#15445 = ORIENTED_EDGE('',*,*,#15424,.T.);
#15446 = ORIENTED_EDGE('',*,*,#15447,.T.);
#15447 = EDGE_CURVE('',#15417,#15448,#15450,.T.);
#15448 = VERTEX_POINT('',#15449);
#15449 = CARTESIAN_POINT('',(-32.294,27.277,2.1));
#15450 = LINE('',#15451,#15452);
#15451 = CARTESIAN_POINT('',(-32.,27.464,2.1));
#15452 = VECTOR('',#15453,1.);
#15453 = DIRECTION('',(-0.843779643714,-0.536689773383,0.));
#15454 = ORIENTED_EDGE('',*,*,#15455,.F.);
#15455 = EDGE_CURVE('',#15456,#15448,#15458,.T.);
#15456 = VERTEX_POINT('',#15457);
#15457 = CARTESIAN_POINT('',(-32.294,27.277,0.4));
#15458 = LINE('',#15459,#15460);
#15459 = CARTESIAN_POINT('',(-32.294,27.277,0.4));
#15460 = VECTOR('',#15461,1.);
#15461 = DIRECTION('',(0.,0.,1.));
#15462 = ORIENTED_EDGE('',*,*,#15463,.F.);
#15463 = EDGE_CURVE('',#15425,#15456,#15464,.T.);
#15464 = LINE('',#15465,#15466);
#15465 = CARTESIAN_POINT('',(-32.,27.464,0.4));
#15466 = VECTOR('',#15467,1.);
#15467 = DIRECTION('',(-0.843779643714,-0.536689773383,0.));
#15468 = PLANE('',#15469);
#15469 = AXIS2_PLACEMENT_3D('',#15470,#15471,#15472);
#15470 = CARTESIAN_POINT('',(-32.,27.464,0.4));
#15471 = DIRECTION('',(0.536689773383,-0.843779643714,0.));
#15472 = DIRECTION('',(-0.843779643714,-0.536689773383,0.));
#15473 = ADVANCED_FACE('',(#15474),#15499,.F.);
#15474 = FACE_BOUND('',#15475,.F.);
#15475 = EDGE_LOOP('',(#15476,#15477,#15485,#15493));
#15476 = ORIENTED_EDGE('',*,*,#15455,.T.);
#15477 = ORIENTED_EDGE('',*,*,#15478,.T.);
#15478 = EDGE_CURVE('',#15448,#15479,#15481,.T.);
#15479 = VERTEX_POINT('',#15480);
#15480 = CARTESIAN_POINT('',(-32.571,27.064,2.1));
#15481 = LINE('',#15482,#15483);
#15482 = CARTESIAN_POINT('',(-32.294,27.277,2.1));
#15483 = VECTOR('',#15484,1.);
#15484 = DIRECTION('',(-0.792730365234,-0.609572446913,0.));
#15485 = ORIENTED_EDGE('',*,*,#15486,.F.);
#15486 = EDGE_CURVE('',#15487,#15479,#15489,.T.);
#15487 = VERTEX_POINT('',#15488);
#15488 = CARTESIAN_POINT('',(-32.571,27.064,0.4));
#15489 = LINE('',#15490,#15491);
#15490 = CARTESIAN_POINT('',(-32.571,27.064,0.4));
#15491 = VECTOR('',#15492,1.);
#15492 = DIRECTION('',(0.,0.,1.));
#15493 = ORIENTED_EDGE('',*,*,#15494,.F.);
#15494 = EDGE_CURVE('',#15456,#15487,#15495,.T.);
#15495 = LINE('',#15496,#15497);
#15496 = CARTESIAN_POINT('',(-32.294,27.277,0.4));
#15497 = VECTOR('',#15498,1.);
#15498 = DIRECTION('',(-0.792730365234,-0.609572446913,0.));
#15499 = PLANE('',#15500);
#15500 = AXIS2_PLACEMENT_3D('',#15501,#15502,#15503);
#15501 = CARTESIAN_POINT('',(-32.294,27.277,0.4));
#15502 = DIRECTION('',(0.609572446913,-0.792730365234,0.));
#15503 = DIRECTION('',(-0.792730365234,-0.609572446913,0.));
#15504 = ADVANCED_FACE('',(#15505),#15530,.F.);
#15505 = FACE_BOUND('',#15506,.F.);
#15506 = EDGE_LOOP('',(#15507,#15508,#15516,#15524));
#15507 = ORIENTED_EDGE('',*,*,#15486,.T.);
#15508 = ORIENTED_EDGE('',*,*,#15509,.T.);
#15509 = EDGE_CURVE('',#15479,#15510,#15512,.T.);
#15510 = VERTEX_POINT('',#15511);
#15511 = CARTESIAN_POINT('',(-32.828,26.828,2.1));
#15512 = LINE('',#15513,#15514);
#15513 = CARTESIAN_POINT('',(-32.571,27.064,2.1));
#15514 = VECTOR('',#15515,1.);
#15515 = DIRECTION('',(-0.736559026804,-0.67637326975,0.));
#15516 = ORIENTED_EDGE('',*,*,#15517,.F.);
#15517 = EDGE_CURVE('',#15518,#15510,#15520,.T.);
#15518 = VERTEX_POINT('',#15519);
#15519 = CARTESIAN_POINT('',(-32.828,26.828,0.4));
#15520 = LINE('',#15521,#15522);
#15521 = CARTESIAN_POINT('',(-32.828,26.828,0.4));
#15522 = VECTOR('',#15523,1.);
#15523 = DIRECTION('',(0.,0.,1.));
#15524 = ORIENTED_EDGE('',*,*,#15525,.F.);
#15525 = EDGE_CURVE('',#15487,#15518,#15526,.T.);
#15526 = LINE('',#15527,#15528);
#15527 = CARTESIAN_POINT('',(-32.571,27.064,0.4));
#15528 = VECTOR('',#15529,1.);
#15529 = DIRECTION('',(-0.736559026804,-0.67637326975,0.));
#15530 = PLANE('',#15531);
#15531 = AXIS2_PLACEMENT_3D('',#15532,#15533,#15534);
#15532 = CARTESIAN_POINT('',(-32.571,27.064,0.4));
#15533 = DIRECTION('',(0.67637326975,-0.736559026804,0.));
#15534 = DIRECTION('',(-0.736559026804,-0.67637326975,0.));
#15535 = ADVANCED_FACE('',(#15536),#15561,.F.);
#15536 = FACE_BOUND('',#15537,.F.);
#15537 = EDGE_LOOP('',(#15538,#15539,#15547,#15555));
#15538 = ORIENTED_EDGE('',*,*,#15517,.T.);
#15539 = ORIENTED_EDGE('',*,*,#15540,.T.);
#15540 = EDGE_CURVE('',#15510,#15541,#15543,.T.);
#15541 = VERTEX_POINT('',#15542);
#15542 = CARTESIAN_POINT('',(-33.064,26.571,2.1));
#15543 = LINE('',#15544,#15545);
#15544 = CARTESIAN_POINT('',(-32.828,26.828,2.1));
#15545 = VECTOR('',#15546,1.);
#15546 = DIRECTION('',(-0.67637326975,-0.736559026804,0.));
#15547 = ORIENTED_EDGE('',*,*,#15548,.F.);
#15548 = EDGE_CURVE('',#15549,#15541,#15551,.T.);
#15549 = VERTEX_POINT('',#15550);
#15550 = CARTESIAN_POINT('',(-33.064,26.571,0.4));
#15551 = LINE('',#15552,#15553);
#15552 = CARTESIAN_POINT('',(-33.064,26.571,0.4));
#15553 = VECTOR('',#15554,1.);
#15554 = DIRECTION('',(0.,0.,1.));
#15555 = ORIENTED_EDGE('',*,*,#15556,.F.);
#15556 = EDGE_CURVE('',#15518,#15549,#15557,.T.);
#15557 = LINE('',#15558,#15559);
#15558 = CARTESIAN_POINT('',(-32.828,26.828,0.4));
#15559 = VECTOR('',#15560,1.);
#15560 = DIRECTION('',(-0.67637326975,-0.736559026804,0.));
#15561 = PLANE('',#15562);
#15562 = AXIS2_PLACEMENT_3D('',#15563,#15564,#15565);
#15563 = CARTESIAN_POINT('',(-32.828,26.828,0.4));
#15564 = DIRECTION('',(0.736559026804,-0.67637326975,0.));
#15565 = DIRECTION('',(-0.67637326975,-0.736559026804,0.));
#15566 = ADVANCED_FACE('',(#15567),#15592,.F.);
#15567 = FACE_BOUND('',#15568,.F.);
#15568 = EDGE_LOOP('',(#15569,#15570,#15578,#15586));
#15569 = ORIENTED_EDGE('',*,*,#15548,.T.);
#15570 = ORIENTED_EDGE('',*,*,#15571,.T.);
#15571 = EDGE_CURVE('',#15541,#15572,#15574,.T.);
#15572 = VERTEX_POINT('',#15573);
#15573 = CARTESIAN_POINT('',(-33.277,26.294,2.1));
#15574 = LINE('',#15575,#15576);
#15575 = CARTESIAN_POINT('',(-33.064,26.571,2.1));
#15576 = VECTOR('',#15577,1.);
#15577 = DIRECTION('',(-0.609572446913,-0.792730365234,0.));
#15578 = ORIENTED_EDGE('',*,*,#15579,.F.);
#15579 = EDGE_CURVE('',#15580,#15572,#15582,.T.);
#15580 = VERTEX_POINT('',#15581);
#15581 = CARTESIAN_POINT('',(-33.277,26.294,0.4));
#15582 = LINE('',#15583,#15584);
#15583 = CARTESIAN_POINT('',(-33.277,26.294,0.4));
#15584 = VECTOR('',#15585,1.);
#15585 = DIRECTION('',(0.,0.,1.));
#15586 = ORIENTED_EDGE('',*,*,#15587,.F.);
#15587 = EDGE_CURVE('',#15549,#15580,#15588,.T.);
#15588 = LINE('',#15589,#15590);
#15589 = CARTESIAN_POINT('',(-33.064,26.571,0.4));
#15590 = VECTOR('',#15591,1.);
#15591 = DIRECTION('',(-0.609572446913,-0.792730365234,0.));
#15592 = PLANE('',#15593);
#15593 = AXIS2_PLACEMENT_3D('',#15594,#15595,#15596);
#15594 = CARTESIAN_POINT('',(-33.064,26.571,0.4));
#15595 = DIRECTION('',(0.792730365234,-0.609572446913,0.));
#15596 = DIRECTION('',(-0.609572446913,-0.792730365234,0.));
#15597 = ADVANCED_FACE('',(#15598),#15623,.F.);
#15598 = FACE_BOUND('',#15599,.F.);
#15599 = EDGE_LOOP('',(#15600,#15601,#15609,#15617));
#15600 = ORIENTED_EDGE('',*,*,#15579,.T.);
#15601 = ORIENTED_EDGE('',*,*,#15602,.T.);
#15602 = EDGE_CURVE('',#15572,#15603,#15605,.T.);
#15603 = VERTEX_POINT('',#15604);
#15604 = CARTESIAN_POINT('',(-33.464,26.,2.1));
#15605 = LINE('',#15606,#15607);
#15606 = CARTESIAN_POINT('',(-33.277,26.294,2.1));
#15607 = VECTOR('',#15608,1.);
#15608 = DIRECTION('',(-0.536689773383,-0.843779643714,0.));
#15609 = ORIENTED_EDGE('',*,*,#15610,.F.);
#15610 = EDGE_CURVE('',#15611,#15603,#15613,.T.);
#15611 = VERTEX_POINT('',#15612);
#15612 = CARTESIAN_POINT('',(-33.464,26.,0.4));
#15613 = LINE('',#15614,#15615);
#15614 = CARTESIAN_POINT('',(-33.464,26.,0.4));
#15615 = VECTOR('',#15616,1.);
#15616 = DIRECTION('',(0.,0.,1.));
#15617 = ORIENTED_EDGE('',*,*,#15618,.F.);
#15618 = EDGE_CURVE('',#15580,#15611,#15619,.T.);
#15619 = LINE('',#15620,#15621);
#15620 = CARTESIAN_POINT('',(-33.277,26.294,0.4));
#15621 = VECTOR('',#15622,1.);
#15622 = DIRECTION('',(-0.536689773383,-0.843779643714,0.));
#15623 = PLANE('',#15624);
#15624 = AXIS2_PLACEMENT_3D('',#15625,#15626,#15627);
#15625 = CARTESIAN_POINT('',(-33.277,26.294,0.4));
#15626 = DIRECTION('',(0.843779643714,-0.536689773383,0.));
#15627 = DIRECTION('',(-0.536689773383,-0.843779643714,0.));
#15628 = ADVANCED_FACE('',(#15629),#15654,.F.);
#15629 = FACE_BOUND('',#15630,.F.);
#15630 = EDGE_LOOP('',(#15631,#15632,#15640,#15648));
#15631 = ORIENTED_EDGE('',*,*,#15610,.T.);
#15632 = ORIENTED_EDGE('',*,*,#15633,.T.);
#15633 = EDGE_CURVE('',#15603,#15634,#15636,.T.);
#15634 = VERTEX_POINT('',#15635);
#15635 = CARTESIAN_POINT('',(-33.625,25.69,2.1));
#15636 = LINE('',#15637,#15638);
#15637 = CARTESIAN_POINT('',(-33.464,26.,2.1));
#15638 = VECTOR('',#15639,1.);
#15639 = DIRECTION('',(-0.460901993035,-0.88745104249,0.));
#15640 = ORIENTED_EDGE('',*,*,#15641,.F.);
#15641 = EDGE_CURVE('',#15642,#15634,#15644,.T.);
#15642 = VERTEX_POINT('',#15643);
#15643 = CARTESIAN_POINT('',(-33.625,25.69,0.4));
#15644 = LINE('',#15645,#15646);
#15645 = CARTESIAN_POINT('',(-33.625,25.69,0.4));
#15646 = VECTOR('',#15647,1.);
#15647 = DIRECTION('',(0.,0.,1.));
#15648 = ORIENTED_EDGE('',*,*,#15649,.F.);
#15649 = EDGE_CURVE('',#15611,#15642,#15650,.T.);
#15650 = LINE('',#15651,#15652);
#15651 = CARTESIAN_POINT('',(-33.464,26.,0.4));
#15652 = VECTOR('',#15653,1.);
#15653 = DIRECTION('',(-0.460901993035,-0.88745104249,0.));
#15654 = PLANE('',#15655);
#15655 = AXIS2_PLACEMENT_3D('',#15656,#15657,#15658);
#15656 = CARTESIAN_POINT('',(-33.464,26.,0.4));
#15657 = DIRECTION('',(0.88745104249,-0.460901993035,0.));
#15658 = DIRECTION('',(-0.460901993035,-0.88745104249,0.));
#15659 = ADVANCED_FACE('',(#15660),#15685,.F.);
#15660 = FACE_BOUND('',#15661,.F.);
#15661 = EDGE_LOOP('',(#15662,#15663,#15671,#15679));
#15662 = ORIENTED_EDGE('',*,*,#15641,.T.);
#15663 = ORIENTED_EDGE('',*,*,#15664,.T.);
#15664 = EDGE_CURVE('',#15634,#15665,#15667,.T.);
#15665 = VERTEX_POINT('',#15666);
#15666 = CARTESIAN_POINT('',(-33.759,25.368,2.1));
#15667 = LINE('',#15668,#15669);
#15668 = CARTESIAN_POINT('',(-33.625,25.69,2.1));
#15669 = VECTOR('',#15670,1.);
#15670 = DIRECTION('',(-0.384208167296,-0.923246491563,0.));
#15671 = ORIENTED_EDGE('',*,*,#15672,.F.);
#15672 = EDGE_CURVE('',#15673,#15665,#15675,.T.);
#15673 = VERTEX_POINT('',#15674);
#15674 = CARTESIAN_POINT('',(-33.759,25.368,0.4));
#15675 = LINE('',#15676,#15677);
#15676 = CARTESIAN_POINT('',(-33.759,25.368,0.4));
#15677 = VECTOR('',#15678,1.);
#15678 = DIRECTION('',(0.,0.,1.));
#15679 = ORIENTED_EDGE('',*,*,#15680,.F.);
#15680 = EDGE_CURVE('',#15642,#15673,#15681,.T.);
#15681 = LINE('',#15682,#15683);
#15682 = CARTESIAN_POINT('',(-33.625,25.69,0.4));
#15683 = VECTOR('',#15684,1.);
#15684 = DIRECTION('',(-0.384208167296,-0.923246491563,0.));
#15685 = PLANE('',#15686);
#15686 = AXIS2_PLACEMENT_3D('',#15687,#15688,#15689);
#15687 = CARTESIAN_POINT('',(-33.625,25.69,0.4));
#15688 = DIRECTION('',(0.923246491563,-0.384208167296,0.));
#15689 = DIRECTION('',(-0.384208167296,-0.923246491563,0.));
#15690 = ADVANCED_FACE('',(#15691),#15716,.F.);
#15691 = FACE_BOUND('',#15692,.F.);
#15692 = EDGE_LOOP('',(#15693,#15694,#15702,#15710));
#15693 = ORIENTED_EDGE('',*,*,#15672,.T.);
#15694 = ORIENTED_EDGE('',*,*,#15695,.T.);
#15695 = EDGE_CURVE('',#15665,#15696,#15698,.T.);
#15696 = VERTEX_POINT('',#15697);
#15697 = CARTESIAN_POINT('',(-33.864,25.035,2.1));
#15698 = LINE('',#15699,#15700);
#15699 = CARTESIAN_POINT('',(-33.759,25.368,2.1));
#15700 = VECTOR('',#15701,1.);
#15701 = DIRECTION('',(-0.300720135723,-0.953712430437,0.));
#15702 = ORIENTED_EDGE('',*,*,#15703,.F.);
#15703 = EDGE_CURVE('',#15704,#15696,#15706,.T.);
#15704 = VERTEX_POINT('',#15705);
#15705 = CARTESIAN_POINT('',(-33.864,25.035,0.4));
#15706 = LINE('',#15707,#15708);
#15707 = CARTESIAN_POINT('',(-33.864,25.035,0.4));
#15708 = VECTOR('',#15709,1.);
#15709 = DIRECTION('',(0.,0.,1.));
#15710 = ORIENTED_EDGE('',*,*,#15711,.F.);
#15711 = EDGE_CURVE('',#15673,#15704,#15712,.T.);
#15712 = LINE('',#15713,#15714);
#15713 = CARTESIAN_POINT('',(-33.759,25.368,0.4));
#15714 = VECTOR('',#15715,1.);
#15715 = DIRECTION('',(-0.300720135723,-0.953712430437,0.));
#15716 = PLANE('',#15717);
#15717 = AXIS2_PLACEMENT_3D('',#15718,#15719,#15720);
#15718 = CARTESIAN_POINT('',(-33.759,25.368,0.4));
#15719 = DIRECTION('',(0.953712430437,-0.300720135723,0.));
#15720 = DIRECTION('',(-0.300720135723,-0.953712430437,0.));
#15721 = ADVANCED_FACE('',(#15722),#15747,.F.);
#15722 = FACE_BOUND('',#15723,.F.);
#15723 = EDGE_LOOP('',(#15724,#15725,#15733,#15741));
#15724 = ORIENTED_EDGE('',*,*,#15703,.T.);
#15725 = ORIENTED_EDGE('',*,*,#15726,.T.);
#15726 = EDGE_CURVE('',#15696,#15727,#15729,.T.);
#15727 = VERTEX_POINT('',#15728);
#15728 = CARTESIAN_POINT('',(-33.939,24.695,2.1));
#15729 = LINE('',#15730,#15731);
#15730 = CARTESIAN_POINT('',(-33.864,25.035,2.1));
#15731 = VECTOR('',#15732,1.);
#15732 = DIRECTION('',(-0.215409655911,-0.976523773464,0.));
#15733 = ORIENTED_EDGE('',*,*,#15734,.F.);
#15734 = EDGE_CURVE('',#15735,#15727,#15737,.T.);
#15735 = VERTEX_POINT('',#15736);
#15736 = CARTESIAN_POINT('',(-33.939,24.695,0.4));
#15737 = LINE('',#15738,#15739);
#15738 = CARTESIAN_POINT('',(-33.939,24.695,0.4));
#15739 = VECTOR('',#15740,1.);
#15740 = DIRECTION('',(0.,0.,1.));
#15741 = ORIENTED_EDGE('',*,*,#15742,.F.);
#15742 = EDGE_CURVE('',#15704,#15735,#15743,.T.);
#15743 = LINE('',#15744,#15745);
#15744 = CARTESIAN_POINT('',(-33.864,25.035,0.4));
#15745 = VECTOR('',#15746,1.);
#15746 = DIRECTION('',(-0.215409655911,-0.976523773464,0.));
#15747 = PLANE('',#15748);
#15748 = AXIS2_PLACEMENT_3D('',#15749,#15750,#15751);
#15749 = CARTESIAN_POINT('',(-33.864,25.035,0.4));
#15750 = DIRECTION('',(0.976523773464,-0.215409655911,0.));
#15751 = DIRECTION('',(-0.215409655911,-0.976523773464,0.));
#15752 = ADVANCED_FACE('',(#15753),#15778,.F.);
#15753 = FACE_BOUND('',#15754,.F.);
#15754 = EDGE_LOOP('',(#15755,#15756,#15764,#15772));
#15755 = ORIENTED_EDGE('',*,*,#15734,.T.);
#15756 = ORIENTED_EDGE('',*,*,#15757,.T.);
#15757 = EDGE_CURVE('',#15727,#15758,#15760,.T.);
#15758 = VERTEX_POINT('',#15759);
#15759 = CARTESIAN_POINT('',(-33.985,24.349,2.1));
#15760 = LINE('',#15761,#15762);
#15761 = CARTESIAN_POINT('',(-33.939,24.695,2.1));
#15762 = VECTOR('',#15763,1.);
#15763 = DIRECTION('',(-0.131788387698,-0.991277872682,0.));
#15764 = ORIENTED_EDGE('',*,*,#15765,.F.);
#15765 = EDGE_CURVE('',#15766,#15758,#15768,.T.);
#15766 = VERTEX_POINT('',#15767);
#15767 = CARTESIAN_POINT('',(-33.985,24.349,0.4));
#15768 = LINE('',#15769,#15770);
#15769 = CARTESIAN_POINT('',(-33.985,24.349,0.4));
#15770 = VECTOR('',#15771,1.);
#15771 = DIRECTION('',(0.,0.,1.));
#15772 = ORIENTED_EDGE('',*,*,#15773,.F.);
#15773 = EDGE_CURVE('',#15735,#15766,#15774,.T.);
#15774 = LINE('',#15775,#15776);
#15775 = CARTESIAN_POINT('',(-33.939,24.695,0.4));
#15776 = VECTOR('',#15777,1.);
#15777 = DIRECTION('',(-0.131788387698,-0.991277872682,0.));
#15778 = PLANE('',#15779);
#15779 = AXIS2_PLACEMENT_3D('',#15780,#15781,#15782);
#15780 = CARTESIAN_POINT('',(-33.939,24.695,0.4));
#15781 = DIRECTION('',(0.991277872682,-0.131788387698,0.));
#15782 = DIRECTION('',(-0.131788387698,-0.991277872682,0.));
#15783 = ADVANCED_FACE('',(#15784),#15800,.F.);
#15784 = FACE_BOUND('',#15785,.F.);
#15785 = EDGE_LOOP('',(#15786,#15787,#15793,#15794));
#15786 = ORIENTED_EDGE('',*,*,#15765,.T.);
#15787 = ORIENTED_EDGE('',*,*,#15788,.T.);
#15788 = EDGE_CURVE('',#15758,#15221,#15789,.T.);
#15789 = LINE('',#15790,#15791);
#15790 = CARTESIAN_POINT('',(-33.985,24.349,2.1));
#15791 = VECTOR('',#15792,1.);
#15792 = DIRECTION('',(-4.294029971159E-02,-0.999077639956,0.));
#15793 = ORIENTED_EDGE('',*,*,#15228,.F.);
#15794 = ORIENTED_EDGE('',*,*,#15795,.F.);
#15795 = EDGE_CURVE('',#15766,#15229,#15796,.T.);
#15796 = LINE('',#15797,#15798);
#15797 = CARTESIAN_POINT('',(-33.985,24.349,0.4));
#15798 = VECTOR('',#15799,1.);
#15799 = DIRECTION('',(-4.294029971159E-02,-0.999077639956,0.));
#15800 = PLANE('',#15801);
#15801 = AXIS2_PLACEMENT_3D('',#15802,#15803,#15804);
#15802 = CARTESIAN_POINT('',(-33.985,24.349,0.4));
#15803 = DIRECTION('',(0.999077639956,-4.294029971159E-02,0.));
#15804 = DIRECTION('',(-4.294029971159E-02,-0.999077639956,0.));
#15805 = ADVANCED_FACE('',(#15806),#15846,.T.);
#15806 = FACE_BOUND('',#15807,.T.);
#15807 = EDGE_LOOP('',(#15808,#15809,#15810,#15811,#15812,#15813,#15814,
    #15815,#15822,#15823,#15824,#15832,#15840));
#15808 = ORIENTED_EDGE('',*,*,#2083,.F.);
#15809 = ORIENTED_EDGE('',*,*,#2140,.F.);
#15810 = ORIENTED_EDGE('',*,*,#2171,.F.);
#15811 = ORIENTED_EDGE('',*,*,#2210,.F.);
#15812 = ORIENTED_EDGE('',*,*,#2249,.F.);
#15813 = ORIENTED_EDGE('',*,*,#2280,.F.);
#15814 = ORIENTED_EDGE('',*,*,#15185,.T.);
#15815 = ORIENTED_EDGE('',*,*,#15816,.T.);
#15816 = EDGE_CURVE('',#15178,#9036,#15817,.T.);
#15817 = CIRCLE('',#15818,8.825);
#15818 = AXIS2_PLACEMENT_3D('',#15819,#15820,#15821);
#15819 = CARTESIAN_POINT('',(-34.,0.,7.3));
#15820 = DIRECTION('',(1.,0.,0.));
#15821 = DIRECTION('',(-0.,0.,1.));
#15822 = ORIENTED_EDGE('',*,*,#9043,.F.);
#15823 = ORIENTED_EDGE('',*,*,#9202,.F.);
#15824 = ORIENTED_EDGE('',*,*,#15825,.T.);
#15825 = EDGE_CURVE('',#9193,#15826,#15828,.T.);
#15826 = VERTEX_POINT('',#15827);
#15827 = CARTESIAN_POINT('',(-34.,-15.61,0.4));
#15828 = LINE('',#15829,#15830);
#15829 = CARTESIAN_POINT('',(-34.,-8.458,0.4));
#15830 = VECTOR('',#15831,1.);
#15831 = DIRECTION('',(0.,-1.,0.));
#15832 = ORIENTED_EDGE('',*,*,#15833,.T.);
#15833 = EDGE_CURVE('',#15826,#15834,#15836,.T.);
#15834 = VERTEX_POINT('',#15835);
#15835 = CARTESIAN_POINT('',(-34.,-15.61,2.1));
#15836 = LINE('',#15837,#15838);
#15837 = CARTESIAN_POINT('',(-34.,-15.61,0.4));
#15838 = VECTOR('',#15839,1.);
#15839 = DIRECTION('',(0.,0.,1.));
#15840 = ORIENTED_EDGE('',*,*,#15841,.T.);
#15841 = EDGE_CURVE('',#15834,#2086,#15842,.T.);
#15842 = LINE('',#15843,#15844);
#15843 = CARTESIAN_POINT('',(-34.,-15.61,2.1));
#15844 = VECTOR('',#15845,1.);
#15845 = DIRECTION('',(0.,1.,0.));
#15846 = PLANE('',#15847);
#15847 = AXIS2_PLACEMENT_3D('',#15848,#15849,#15850);
#15848 = CARTESIAN_POINT('',(-34.,-10.51739643195,3.540511003264));
#15849 = DIRECTION('',(-1.,-0.,-0.));
#15850 = DIRECTION('',(0.,0.,-1.));
#15851 = ADVANCED_FACE('',(#15852),#15886,.T.);
#15852 = FACE_BOUND('',#15853,.T.);
#15853 = EDGE_LOOP('',(#15854,#15864,#15872,#15880));
#15854 = ORIENTED_EDGE('',*,*,#15855,.T.);
#15855 = EDGE_CURVE('',#15856,#15858,#15860,.T.);
#15856 = VERTEX_POINT('',#15857);
#15857 = CARTESIAN_POINT('',(9.63,-26.2,0.4));
#15858 = VERTEX_POINT('',#15859);
#15859 = CARTESIAN_POINT('',(9.63,-26.2,2.1));
#15860 = LINE('',#15861,#15862);
#15861 = CARTESIAN_POINT('',(9.63,-26.2,0.4));
#15862 = VECTOR('',#15863,1.);
#15863 = DIRECTION('',(0.,0.,1.));
#15864 = ORIENTED_EDGE('',*,*,#15865,.T.);
#15865 = EDGE_CURVE('',#15858,#15866,#15868,.T.);
#15866 = VERTEX_POINT('',#15867);
#15867 = CARTESIAN_POINT('',(9.301,-26.186,2.1));
#15868 = LINE('',#15869,#15870);
#15869 = CARTESIAN_POINT('',(9.63,-26.2,2.1));
#15870 = VECTOR('',#15871,1.);
#15871 = DIRECTION('',(-0.999095840683,4.251471662481E-02,0.));
#15872 = ORIENTED_EDGE('',*,*,#15873,.F.);
#15873 = EDGE_CURVE('',#15874,#15866,#15876,.T.);
#15874 = VERTEX_POINT('',#15875);
#15875 = CARTESIAN_POINT('',(9.301,-26.186,0.4));
#15876 = LINE('',#15877,#15878);
#15877 = CARTESIAN_POINT('',(9.301,-26.186,0.4));
#15878 = VECTOR('',#15879,1.);
#15879 = DIRECTION('',(0.,0.,1.));
#15880 = ORIENTED_EDGE('',*,*,#15881,.F.);
#15881 = EDGE_CURVE('',#15856,#15874,#15882,.T.);
#15882 = LINE('',#15883,#15884);
#15883 = CARTESIAN_POINT('',(9.63,-26.2,0.4));
#15884 = VECTOR('',#15885,1.);
#15885 = DIRECTION('',(-0.999095840683,4.251471662481E-02,0.));
#15886 = PLANE('',#15887);
#15887 = AXIS2_PLACEMENT_3D('',#15888,#15889,#15890);
#15888 = CARTESIAN_POINT('',(9.63,-26.2,0.4));
#15889 = DIRECTION('',(-4.251471662481E-02,-0.999095840683,0.));
#15890 = DIRECTION('',(-0.999095840683,4.251471662481E-02,0.));
#15891 = ADVANCED_FACE('',(#15892),#15917,.T.);
#15892 = FACE_BOUND('',#15893,.T.);
#15893 = EDGE_LOOP('',(#15894,#15895,#15903,#15911));
#15894 = ORIENTED_EDGE('',*,*,#15873,.T.);
#15895 = ORIENTED_EDGE('',*,*,#15896,.T.);
#15896 = EDGE_CURVE('',#15866,#15897,#15899,.T.);
#15897 = VERTEX_POINT('',#15898);
#15898 = CARTESIAN_POINT('',(8.974,-26.146,2.1));
#15899 = LINE('',#15900,#15901);
#15900 = CARTESIAN_POINT('',(9.301,-26.186,2.1));
#15901 = VECTOR('',#15902,1.);
#15902 = DIRECTION('',(-0.992601328148,0.121419122709,0.));
#15903 = ORIENTED_EDGE('',*,*,#15904,.F.);
#15904 = EDGE_CURVE('',#15905,#15897,#15907,.T.);
#15905 = VERTEX_POINT('',#15906);
#15906 = CARTESIAN_POINT('',(8.974,-26.146,0.4));
#15907 = LINE('',#15908,#15909);
#15908 = CARTESIAN_POINT('',(8.974,-26.146,0.4));
#15909 = VECTOR('',#15910,1.);
#15910 = DIRECTION('',(0.,0.,1.));
#15911 = ORIENTED_EDGE('',*,*,#15912,.F.);
#15912 = EDGE_CURVE('',#15874,#15905,#15913,.T.);
#15913 = LINE('',#15914,#15915);
#15914 = CARTESIAN_POINT('',(9.301,-26.186,0.4));
#15915 = VECTOR('',#15916,1.);
#15916 = DIRECTION('',(-0.992601328148,0.121419122709,0.));
#15917 = PLANE('',#15918);
#15918 = AXIS2_PLACEMENT_3D('',#15919,#15920,#15921);
#15919 = CARTESIAN_POINT('',(9.301,-26.186,0.4));
#15920 = DIRECTION('',(-0.121419122709,-0.992601328148,0.));
#15921 = DIRECTION('',(-0.992601328148,0.121419122709,0.));
#15922 = ADVANCED_FACE('',(#15923),#15948,.T.);
#15923 = FACE_BOUND('',#15924,.T.);
#15924 = EDGE_LOOP('',(#15925,#15926,#15934,#15942));
#15925 = ORIENTED_EDGE('',*,*,#15904,.T.);
#15926 = ORIENTED_EDGE('',*,*,#15927,.T.);
#15927 = EDGE_CURVE('',#15897,#15928,#15930,.T.);
#15928 = VERTEX_POINT('',#15929);
#15929 = CARTESIAN_POINT('',(-30.656,-19.556,2.1));
#15930 = LINE('',#15931,#15932);
#15931 = CARTESIAN_POINT('',(8.974,-26.146,2.1));
#15932 = VECTOR('',#15933,1.);
#15933 = DIRECTION('',(-0.986454404088,0.164035693236,0.));
#15934 = ORIENTED_EDGE('',*,*,#15935,.F.);
#15935 = EDGE_CURVE('',#15936,#15928,#15938,.T.);
#15936 = VERTEX_POINT('',#15937);
#15937 = CARTESIAN_POINT('',(-30.656,-19.556,0.4));
#15938 = LINE('',#15939,#15940);
#15939 = CARTESIAN_POINT('',(-30.656,-19.556,0.4));
#15940 = VECTOR('',#15941,1.);
#15941 = DIRECTION('',(0.,0.,1.));
#15942 = ORIENTED_EDGE('',*,*,#15943,.F.);
#15943 = EDGE_CURVE('',#15905,#15936,#15944,.T.);
#15944 = LINE('',#15945,#15946);
#15945 = CARTESIAN_POINT('',(8.974,-26.146,0.4));
#15946 = VECTOR('',#15947,1.);
#15947 = DIRECTION('',(-0.986454404088,0.164035693236,0.));
#15948 = PLANE('',#15949);
#15949 = AXIS2_PLACEMENT_3D('',#15950,#15951,#15952);
#15950 = CARTESIAN_POINT('',(8.974,-26.146,0.4));
#15951 = DIRECTION('',(-0.164035693236,-0.986454404088,0.));
#15952 = DIRECTION('',(-0.986454404088,0.164035693236,0.));
#15953 = ADVANCED_FACE('',(#15954),#15979,.T.);
#15954 = FACE_BOUND('',#15955,.T.);
#15955 = EDGE_LOOP('',(#15956,#15957,#15965,#15973));
#15956 = ORIENTED_EDGE('',*,*,#15935,.T.);
#15957 = ORIENTED_EDGE('',*,*,#15958,.T.);
#15958 = EDGE_CURVE('',#15928,#15959,#15961,.T.);
#15959 = VERTEX_POINT('',#15960);
#15960 = CARTESIAN_POINT('',(-30.98,-19.488,2.1));
#15961 = LINE('',#15962,#15963);
#15962 = CARTESIAN_POINT('',(-30.656,-19.556,2.1));
#15963 = VECTOR('',#15964,1.);
#15964 = DIRECTION('',(-0.978677791195,0.205401511732,0.));
#15965 = ORIENTED_EDGE('',*,*,#15966,.F.);
#15966 = EDGE_CURVE('',#15967,#15959,#15969,.T.);
#15967 = VERTEX_POINT('',#15968);
#15968 = CARTESIAN_POINT('',(-30.98,-19.488,0.4));
#15969 = LINE('',#15970,#15971);
#15970 = CARTESIAN_POINT('',(-30.98,-19.488,0.4));
#15971 = VECTOR('',#15972,1.);
#15972 = DIRECTION('',(0.,0.,1.));
#15973 = ORIENTED_EDGE('',*,*,#15974,.F.);
#15974 = EDGE_CURVE('',#15936,#15967,#15975,.T.);
#15975 = LINE('',#15976,#15977);
#15976 = CARTESIAN_POINT('',(-30.656,-19.556,0.4));
#15977 = VECTOR('',#15978,1.);
#15978 = DIRECTION('',(-0.978677791195,0.205401511732,0.));
#15979 = PLANE('',#15980);
#15980 = AXIS2_PLACEMENT_3D('',#15981,#15982,#15983);
#15981 = CARTESIAN_POINT('',(-30.656,-19.556,0.4));
#15982 = DIRECTION('',(-0.205401511732,-0.978677791195,0.));
#15983 = DIRECTION('',(-0.978677791195,0.205401511732,0.));
#15984 = ADVANCED_FACE('',(#15985),#16010,.T.);
#15985 = FACE_BOUND('',#15986,.T.);
#15986 = EDGE_LOOP('',(#15987,#15988,#15996,#16004));
#15987 = ORIENTED_EDGE('',*,*,#15966,.T.);
#15988 = ORIENTED_EDGE('',*,*,#15989,.T.);
#15989 = EDGE_CURVE('',#15959,#15990,#15992,.T.);
#15990 = VERTEX_POINT('',#15991);
#15991 = CARTESIAN_POINT('',(-31.297,-19.394,2.1));
#15992 = LINE('',#15993,#15994);
#15993 = CARTESIAN_POINT('',(-30.98,-19.488,2.1));
#15994 = VECTOR('',#15995,1.);
#15995 = DIRECTION('',(-0.958737068503,0.284294272679,0.));
#15996 = ORIENTED_EDGE('',*,*,#15997,.F.);
#15997 = EDGE_CURVE('',#15998,#15990,#16000,.T.);
#15998 = VERTEX_POINT('',#15999);
#15999 = CARTESIAN_POINT('',(-31.297,-19.394,0.4));
#16000 = LINE('',#16001,#16002);
#16001 = CARTESIAN_POINT('',(-31.297,-19.394,0.4));
#16002 = VECTOR('',#16003,1.);
#16003 = DIRECTION('',(0.,0.,1.));
#16004 = ORIENTED_EDGE('',*,*,#16005,.F.);
#16005 = EDGE_CURVE('',#15967,#15998,#16006,.T.);
#16006 = LINE('',#16007,#16008);
#16007 = CARTESIAN_POINT('',(-30.98,-19.488,0.4));
#16008 = VECTOR('',#16009,1.);
#16009 = DIRECTION('',(-0.958737068503,0.284294272679,0.));
#16010 = PLANE('',#16011);
#16011 = AXIS2_PLACEMENT_3D('',#16012,#16013,#16014);
#16012 = CARTESIAN_POINT('',(-30.98,-19.488,0.4));
#16013 = DIRECTION('',(-0.284294272679,-0.958737068503,0.));
#16014 = DIRECTION('',(-0.958737068503,0.284294272679,0.));
#16015 = ADVANCED_FACE('',(#16016),#16041,.T.);
#16016 = FACE_BOUND('',#16017,.T.);
#16017 = EDGE_LOOP('',(#16018,#16019,#16027,#16035));
#16018 = ORIENTED_EDGE('',*,*,#15997,.T.);
#16019 = ORIENTED_EDGE('',*,*,#16020,.T.);
#16020 = EDGE_CURVE('',#15990,#16021,#16023,.T.);
#16021 = VERTEX_POINT('',#16022);
#16022 = CARTESIAN_POINT('',(-31.605,-19.274,2.1));
#16023 = LINE('',#16024,#16025);
#16024 = CARTESIAN_POINT('',(-31.297,-19.394,2.1));
#16025 = VECTOR('',#16026,1.);
#16026 = DIRECTION('',(-0.931777391985,0.363030152722,0.));
#16027 = ORIENTED_EDGE('',*,*,#16028,.F.);
#16028 = EDGE_CURVE('',#16029,#16021,#16031,.T.);
#16029 = VERTEX_POINT('',#16030);
#16030 = CARTESIAN_POINT('',(-31.605,-19.274,0.4));
#16031 = LINE('',#16032,#16033);
#16032 = CARTESIAN_POINT('',(-31.605,-19.274,0.4));
#16033 = VECTOR('',#16034,1.);
#16034 = DIRECTION('',(0.,0.,1.));
#16035 = ORIENTED_EDGE('',*,*,#16036,.F.);
#16036 = EDGE_CURVE('',#15998,#16029,#16037,.T.);
#16037 = LINE('',#16038,#16039);
#16038 = CARTESIAN_POINT('',(-31.297,-19.394,0.4));
#16039 = VECTOR('',#16040,1.);
#16040 = DIRECTION('',(-0.931777391985,0.363030152722,0.));
#16041 = PLANE('',#16042);
#16042 = AXIS2_PLACEMENT_3D('',#16043,#16044,#16045);
#16043 = CARTESIAN_POINT('',(-31.297,-19.394,0.4));
#16044 = DIRECTION('',(-0.363030152722,-0.931777391985,0.));
#16045 = DIRECTION('',(-0.931777391985,0.363030152722,0.));
#16046 = ADVANCED_FACE('',(#16047),#16072,.T.);
#16047 = FACE_BOUND('',#16048,.T.);
#16048 = EDGE_LOOP('',(#16049,#16050,#16058,#16066));
#16049 = ORIENTED_EDGE('',*,*,#16028,.T.);
#16050 = ORIENTED_EDGE('',*,*,#16051,.T.);
#16051 = EDGE_CURVE('',#16021,#16052,#16054,.T.);
#16052 = VERTEX_POINT('',#16053);
#16053 = CARTESIAN_POINT('',(-31.902,-19.129,2.1));
#16054 = LINE('',#16055,#16056);
#16055 = CARTESIAN_POINT('',(-31.605,-19.274,2.1));
#16056 = VECTOR('',#16057,1.);
#16057 = DIRECTION('',(-0.898623001379,0.43872166734,0.));
#16058 = ORIENTED_EDGE('',*,*,#16059,.F.);
#16059 = EDGE_CURVE('',#16060,#16052,#16062,.T.);
#16060 = VERTEX_POINT('',#16061);
#16061 = CARTESIAN_POINT('',(-31.902,-19.129,0.4));
#16062 = LINE('',#16063,#16064);
#16063 = CARTESIAN_POINT('',(-31.902,-19.129,0.4));
#16064 = VECTOR('',#16065,1.);
#16065 = DIRECTION('',(0.,0.,1.));
#16066 = ORIENTED_EDGE('',*,*,#16067,.F.);
#16067 = EDGE_CURVE('',#16029,#16060,#16068,.T.);
#16068 = LINE('',#16069,#16070);
#16069 = CARTESIAN_POINT('',(-31.605,-19.274,0.4));
#16070 = VECTOR('',#16071,1.);
#16071 = DIRECTION('',(-0.898623001379,0.43872166734,0.));
#16072 = PLANE('',#16073);
#16073 = AXIS2_PLACEMENT_3D('',#16074,#16075,#16076);
#16074 = CARTESIAN_POINT('',(-31.605,-19.274,0.4));
#16075 = DIRECTION('',(-0.43872166734,-0.898623001379,0.));
#16076 = DIRECTION('',(-0.898623001379,0.43872166734,0.));
#16077 = ADVANCED_FACE('',(#16078),#16103,.T.);
#16078 = FACE_BOUND('',#16079,.T.);
#16079 = EDGE_LOOP('',(#16080,#16081,#16089,#16097));
#16080 = ORIENTED_EDGE('',*,*,#16059,.T.);
#16081 = ORIENTED_EDGE('',*,*,#16082,.T.);
#16082 = EDGE_CURVE('',#16052,#16083,#16085,.T.);
#16083 = VERTEX_POINT('',#16084);
#16084 = CARTESIAN_POINT('',(-32.186,-18.96,2.1));
#16085 = LINE('',#16086,#16087);
#16086 = CARTESIAN_POINT('',(-31.902,-19.129,2.1));
#16087 = VECTOR('',#16088,1.);
#16088 = DIRECTION('',(-0.859356207713,0.511377461632,0.));
#16089 = ORIENTED_EDGE('',*,*,#16090,.F.);
#16090 = EDGE_CURVE('',#16091,#16083,#16093,.T.);
#16091 = VERTEX_POINT('',#16092);
#16092 = CARTESIAN_POINT('',(-32.186,-18.96,0.4));
#16093 = LINE('',#16094,#16095);
#16094 = CARTESIAN_POINT('',(-32.186,-18.96,0.4));
#16095 = VECTOR('',#16096,1.);
#16096 = DIRECTION('',(0.,0.,1.));
#16097 = ORIENTED_EDGE('',*,*,#16098,.F.);
#16098 = EDGE_CURVE('',#16060,#16091,#16099,.T.);
#16099 = LINE('',#16100,#16101);
#16100 = CARTESIAN_POINT('',(-31.902,-19.129,0.4));
#16101 = VECTOR('',#16102,1.);
#16102 = DIRECTION('',(-0.859356207713,0.511377461632,0.));
#16103 = PLANE('',#16104);
#16104 = AXIS2_PLACEMENT_3D('',#16105,#16106,#16107);
#16105 = CARTESIAN_POINT('',(-31.902,-19.129,0.4));
#16106 = DIRECTION('',(-0.511377461632,-0.859356207713,0.));
#16107 = DIRECTION('',(-0.859356207713,0.511377461632,0.));
#16108 = ADVANCED_FACE('',(#16109),#16134,.T.);
#16109 = FACE_BOUND('',#16110,.T.);
#16110 = EDGE_LOOP('',(#16111,#16112,#16120,#16128));
#16111 = ORIENTED_EDGE('',*,*,#16090,.T.);
#16112 = ORIENTED_EDGE('',*,*,#16113,.T.);
#16113 = EDGE_CURVE('',#16083,#16114,#16116,.T.);
#16114 = VERTEX_POINT('',#16115);
#16115 = CARTESIAN_POINT('',(-32.456,-18.768,2.1));
#16116 = LINE('',#16117,#16118);
#16117 = CARTESIAN_POINT('',(-32.186,-18.96,2.1));
#16118 = VECTOR('',#16119,1.);
#16119 = DIRECTION('',(-0.814955324569,0.57952378636,0.));
#16120 = ORIENTED_EDGE('',*,*,#16121,.F.);
#16121 = EDGE_CURVE('',#16122,#16114,#16124,.T.);
#16122 = VERTEX_POINT('',#16123);
#16123 = CARTESIAN_POINT('',(-32.456,-18.768,0.4));
#16124 = LINE('',#16125,#16126);
#16125 = CARTESIAN_POINT('',(-32.456,-18.768,0.4));
#16126 = VECTOR('',#16127,1.);
#16127 = DIRECTION('',(0.,0.,1.));
#16128 = ORIENTED_EDGE('',*,*,#16129,.F.);
#16129 = EDGE_CURVE('',#16091,#16122,#16130,.T.);
#16130 = LINE('',#16131,#16132);
#16131 = CARTESIAN_POINT('',(-32.186,-18.96,0.4));
#16132 = VECTOR('',#16133,1.);
#16133 = DIRECTION('',(-0.814955324569,0.57952378636,0.));
#16134 = PLANE('',#16135);
#16135 = AXIS2_PLACEMENT_3D('',#16136,#16137,#16138);
#16136 = CARTESIAN_POINT('',(-32.186,-18.96,0.4));
#16137 = DIRECTION('',(-0.57952378636,-0.814955324569,0.));
#16138 = DIRECTION('',(-0.814955324569,0.57952378636,0.));
#16139 = ADVANCED_FACE('',(#16140),#16165,.T.);
#16140 = FACE_BOUND('',#16141,.T.);
#16141 = EDGE_LOOP('',(#16142,#16143,#16151,#16159));
#16142 = ORIENTED_EDGE('',*,*,#16121,.T.);
#16143 = ORIENTED_EDGE('',*,*,#16144,.T.);
#16144 = EDGE_CURVE('',#16114,#16145,#16147,.T.);
#16145 = VERTEX_POINT('',#16146);
#16146 = CARTESIAN_POINT('',(-32.708,-18.554,2.1));
#16147 = LINE('',#16148,#16149);
#16148 = CARTESIAN_POINT('',(-32.456,-18.768,2.1));
#16149 = VECTOR('',#16150,1.);
#16150 = DIRECTION('',(-0.762237761064,0.6472971463,0.));
#16151 = ORIENTED_EDGE('',*,*,#16152,.F.);
#16152 = EDGE_CURVE('',#16153,#16145,#16155,.T.);
#16153 = VERTEX_POINT('',#16154);
#16154 = CARTESIAN_POINT('',(-32.708,-18.554,0.4));
#16155 = LINE('',#16156,#16157);
#16156 = CARTESIAN_POINT('',(-32.708,-18.554,0.4));
#16157 = VECTOR('',#16158,1.);
#16158 = DIRECTION('',(0.,0.,1.));
#16159 = ORIENTED_EDGE('',*,*,#16160,.F.);
#16160 = EDGE_CURVE('',#16122,#16153,#16161,.T.);
#16161 = LINE('',#16162,#16163);
#16162 = CARTESIAN_POINT('',(-32.456,-18.768,0.4));
#16163 = VECTOR('',#16164,1.);
#16164 = DIRECTION('',(-0.762237761064,0.6472971463,0.));
#16165 = PLANE('',#16166);
#16166 = AXIS2_PLACEMENT_3D('',#16167,#16168,#16169);
#16167 = CARTESIAN_POINT('',(-32.456,-18.768,0.4));
#16168 = DIRECTION('',(-0.6472971463,-0.762237761064,0.));
#16169 = DIRECTION('',(-0.762237761064,0.6472971463,0.));
#16170 = ADVANCED_FACE('',(#16171),#16196,.T.);
#16171 = FACE_BOUND('',#16172,.T.);
#16172 = EDGE_LOOP('',(#16173,#16174,#16182,#16190));
#16173 = ORIENTED_EDGE('',*,*,#16152,.T.);
#16174 = ORIENTED_EDGE('',*,*,#16175,.T.);
#16175 = EDGE_CURVE('',#16145,#16176,#16178,.T.);
#16176 = VERTEX_POINT('',#16177);
#16177 = CARTESIAN_POINT('',(-32.942,-18.32,2.1));
#16178 = LINE('',#16179,#16180);
#16179 = CARTESIAN_POINT('',(-32.708,-18.554,2.1));
#16180 = VECTOR('',#16181,1.);
#16181 = DIRECTION('',(-0.707106781187,0.707106781187,0.));
#16182 = ORIENTED_EDGE('',*,*,#16183,.F.);
#16183 = EDGE_CURVE('',#16184,#16176,#16186,.T.);
#16184 = VERTEX_POINT('',#16185);
#16185 = CARTESIAN_POINT('',(-32.942,-18.32,0.4));
#16186 = LINE('',#16187,#16188);
#16187 = CARTESIAN_POINT('',(-32.942,-18.32,0.4));
#16188 = VECTOR('',#16189,1.);
#16189 = DIRECTION('',(0.,0.,1.));
#16190 = ORIENTED_EDGE('',*,*,#16191,.F.);
#16191 = EDGE_CURVE('',#16153,#16184,#16192,.T.);
#16192 = LINE('',#16193,#16194);
#16193 = CARTESIAN_POINT('',(-32.708,-18.554,0.4));
#16194 = VECTOR('',#16195,1.);
#16195 = DIRECTION('',(-0.707106781187,0.707106781187,0.));
#16196 = PLANE('',#16197);
#16197 = AXIS2_PLACEMENT_3D('',#16198,#16199,#16200);
#16198 = CARTESIAN_POINT('',(-32.708,-18.554,0.4));
#16199 = DIRECTION('',(-0.707106781187,-0.707106781187,0.));
#16200 = DIRECTION('',(-0.707106781187,0.707106781187,0.));
#16201 = ADVANCED_FACE('',(#16202),#16227,.T.);
#16202 = FACE_BOUND('',#16203,.T.);
#16203 = EDGE_LOOP('',(#16204,#16205,#16213,#16221));
#16204 = ORIENTED_EDGE('',*,*,#16183,.T.);
#16205 = ORIENTED_EDGE('',*,*,#16206,.T.);
#16206 = EDGE_CURVE('',#16176,#16207,#16209,.T.);
#16207 = VERTEX_POINT('',#16208);
#16208 = CARTESIAN_POINT('',(-33.156,-18.068,2.1));
#16209 = LINE('',#16210,#16211);
#16210 = CARTESIAN_POINT('',(-32.942,-18.32,2.1));
#16211 = VECTOR('',#16212,1.);
#16212 = DIRECTION('',(-0.6472971463,0.762237761064,0.));
#16213 = ORIENTED_EDGE('',*,*,#16214,.F.);
#16214 = EDGE_CURVE('',#16215,#16207,#16217,.T.);
#16215 = VERTEX_POINT('',#16216);
#16216 = CARTESIAN_POINT('',(-33.156,-18.068,0.4));
#16217 = LINE('',#16218,#16219);
#16218 = CARTESIAN_POINT('',(-33.156,-18.068,0.4));
#16219 = VECTOR('',#16220,1.);
#16220 = DIRECTION('',(0.,0.,1.));
#16221 = ORIENTED_EDGE('',*,*,#16222,.F.);
#16222 = EDGE_CURVE('',#16184,#16215,#16223,.T.);
#16223 = LINE('',#16224,#16225);
#16224 = CARTESIAN_POINT('',(-32.942,-18.32,0.4));
#16225 = VECTOR('',#16226,1.);
#16226 = DIRECTION('',(-0.6472971463,0.762237761064,0.));
#16227 = PLANE('',#16228);
#16228 = AXIS2_PLACEMENT_3D('',#16229,#16230,#16231);
#16229 = CARTESIAN_POINT('',(-32.942,-18.32,0.4));
#16230 = DIRECTION('',(-0.762237761064,-0.6472971463,0.));
#16231 = DIRECTION('',(-0.6472971463,0.762237761064,0.));
#16232 = ADVANCED_FACE('',(#16233),#16258,.T.);
#16233 = FACE_BOUND('',#16234,.T.);
#16234 = EDGE_LOOP('',(#16235,#16236,#16244,#16252));
#16235 = ORIENTED_EDGE('',*,*,#16214,.T.);
#16236 = ORIENTED_EDGE('',*,*,#16237,.T.);
#16237 = EDGE_CURVE('',#16207,#16238,#16240,.T.);
#16238 = VERTEX_POINT('',#16239);
#16239 = CARTESIAN_POINT('',(-33.348,-17.799,2.1));
#16240 = LINE('',#16241,#16242);
#16241 = CARTESIAN_POINT('',(-33.156,-18.068,2.1));
#16242 = VECTOR('',#16243,1.);
#16243 = DIRECTION('',(-0.58095193426,0.813937866228,0.));
#16244 = ORIENTED_EDGE('',*,*,#16245,.F.);
#16245 = EDGE_CURVE('',#16246,#16238,#16248,.T.);
#16246 = VERTEX_POINT('',#16247);
#16247 = CARTESIAN_POINT('',(-33.348,-17.799,0.4));
#16248 = LINE('',#16249,#16250);
#16249 = CARTESIAN_POINT('',(-33.348,-17.799,0.4));
#16250 = VECTOR('',#16251,1.);
#16251 = DIRECTION('',(0.,0.,1.));
#16252 = ORIENTED_EDGE('',*,*,#16253,.F.);
#16253 = EDGE_CURVE('',#16215,#16246,#16254,.T.);
#16254 = LINE('',#16255,#16256);
#16255 = CARTESIAN_POINT('',(-33.156,-18.068,0.4));
#16256 = VECTOR('',#16257,1.);
#16257 = DIRECTION('',(-0.58095193426,0.813937866228,0.));
#16258 = PLANE('',#16259);
#16259 = AXIS2_PLACEMENT_3D('',#16260,#16261,#16262);
#16260 = CARTESIAN_POINT('',(-33.156,-18.068,0.4));
#16261 = DIRECTION('',(-0.813937866228,-0.58095193426,0.));
#16262 = DIRECTION('',(-0.58095193426,0.813937866228,0.));
#16263 = ADVANCED_FACE('',(#16264),#16289,.T.);
#16264 = FACE_BOUND('',#16265,.T.);
#16265 = EDGE_LOOP('',(#16266,#16267,#16275,#16283));
#16266 = ORIENTED_EDGE('',*,*,#16245,.T.);
#16267 = ORIENTED_EDGE('',*,*,#16268,.T.);
#16268 = EDGE_CURVE('',#16238,#16269,#16271,.T.);
#16269 = VERTEX_POINT('',#16270);
#16270 = CARTESIAN_POINT('',(-33.518,-17.515,2.1));
#16271 = LINE('',#16272,#16273);
#16272 = CARTESIAN_POINT('',(-33.348,-17.799,2.1));
#16273 = VECTOR('',#16274,1.);
#16274 = DIRECTION('',(-0.513606885953,0.858025621239,0.));
#16275 = ORIENTED_EDGE('',*,*,#16276,.F.);
#16276 = EDGE_CURVE('',#16277,#16269,#16279,.T.);
#16277 = VERTEX_POINT('',#16278);
#16278 = CARTESIAN_POINT('',(-33.518,-17.515,0.4));
#16279 = LINE('',#16280,#16281);
#16280 = CARTESIAN_POINT('',(-33.518,-17.515,0.4));
#16281 = VECTOR('',#16282,1.);
#16282 = DIRECTION('',(0.,0.,1.));
#16283 = ORIENTED_EDGE('',*,*,#16284,.F.);
#16284 = EDGE_CURVE('',#16246,#16277,#16285,.T.);
#16285 = LINE('',#16286,#16287);
#16286 = CARTESIAN_POINT('',(-33.348,-17.799,0.4));
#16287 = VECTOR('',#16288,1.);
#16288 = DIRECTION('',(-0.513606885953,0.858025621239,0.));
#16289 = PLANE('',#16290);
#16290 = AXIS2_PLACEMENT_3D('',#16291,#16292,#16293);
#16291 = CARTESIAN_POINT('',(-33.348,-17.799,0.4));
#16292 = DIRECTION('',(-0.858025621239,-0.513606885953,0.));
#16293 = DIRECTION('',(-0.513606885953,0.858025621239,0.));
#16294 = ADVANCED_FACE('',(#16295),#16320,.T.);
#16295 = FACE_BOUND('',#16296,.T.);
#16296 = EDGE_LOOP('',(#16297,#16298,#16306,#16314));
#16297 = ORIENTED_EDGE('',*,*,#16276,.T.);
#16298 = ORIENTED_EDGE('',*,*,#16299,.T.);
#16299 = EDGE_CURVE('',#16269,#16300,#16302,.T.);
#16300 = VERTEX_POINT('',#16301);
#16301 = CARTESIAN_POINT('',(-33.663,-17.218,2.1));
#16302 = LINE('',#16303,#16304);
#16303 = CARTESIAN_POINT('',(-33.518,-17.515,2.1));
#16304 = VECTOR('',#16305,1.);
#16305 = DIRECTION('',(-0.43872166734,0.898623001379,0.));
#16306 = ORIENTED_EDGE('',*,*,#16307,.F.);
#16307 = EDGE_CURVE('',#16308,#16300,#16310,.T.);
#16308 = VERTEX_POINT('',#16309);
#16309 = CARTESIAN_POINT('',(-33.663,-17.218,0.4));
#16310 = LINE('',#16311,#16312);
#16311 = CARTESIAN_POINT('',(-33.663,-17.218,0.4));
#16312 = VECTOR('',#16313,1.);
#16313 = DIRECTION('',(0.,0.,1.));
#16314 = ORIENTED_EDGE('',*,*,#16315,.F.);
#16315 = EDGE_CURVE('',#16277,#16308,#16316,.T.);
#16316 = LINE('',#16317,#16318);
#16317 = CARTESIAN_POINT('',(-33.518,-17.515,0.4));
#16318 = VECTOR('',#16319,1.);
#16319 = DIRECTION('',(-0.43872166734,0.898623001379,0.));
#16320 = PLANE('',#16321);
#16321 = AXIS2_PLACEMENT_3D('',#16322,#16323,#16324);
#16322 = CARTESIAN_POINT('',(-33.518,-17.515,0.4));
#16323 = DIRECTION('',(-0.898623001379,-0.43872166734,0.));
#16324 = DIRECTION('',(-0.43872166734,0.898623001379,0.));
#16325 = ADVANCED_FACE('',(#16326),#16351,.T.);
#16326 = FACE_BOUND('',#16327,.T.);
#16327 = EDGE_LOOP('',(#16328,#16329,#16337,#16345));
#16328 = ORIENTED_EDGE('',*,*,#16307,.T.);
#16329 = ORIENTED_EDGE('',*,*,#16330,.T.);
#16330 = EDGE_CURVE('',#16300,#16331,#16333,.T.);
#16331 = VERTEX_POINT('',#16332);
#16332 = CARTESIAN_POINT('',(-33.783,-16.91,2.1));
#16333 = LINE('',#16334,#16335);
#16334 = CARTESIAN_POINT('',(-33.663,-17.218,2.1));
#16335 = VECTOR('',#16336,1.);
#16336 = DIRECTION('',(-0.363030152722,0.931777391985,0.));
#16337 = ORIENTED_EDGE('',*,*,#16338,.F.);
#16338 = EDGE_CURVE('',#16339,#16331,#16341,.T.);
#16339 = VERTEX_POINT('',#16340);
#16340 = CARTESIAN_POINT('',(-33.783,-16.91,0.4));
#16341 = LINE('',#16342,#16343);
#16342 = CARTESIAN_POINT('',(-33.783,-16.91,0.4));
#16343 = VECTOR('',#16344,1.);
#16344 = DIRECTION('',(0.,0.,1.));
#16345 = ORIENTED_EDGE('',*,*,#16346,.F.);
#16346 = EDGE_CURVE('',#16308,#16339,#16347,.T.);
#16347 = LINE('',#16348,#16349);
#16348 = CARTESIAN_POINT('',(-33.663,-17.218,0.4));
#16349 = VECTOR('',#16350,1.);
#16350 = DIRECTION('',(-0.363030152722,0.931777391985,0.));
#16351 = PLANE('',#16352);
#16352 = AXIS2_PLACEMENT_3D('',#16353,#16354,#16355);
#16353 = CARTESIAN_POINT('',(-33.663,-17.218,0.4));
#16354 = DIRECTION('',(-0.931777391985,-0.363030152722,0.));
#16355 = DIRECTION('',(-0.363030152722,0.931777391985,0.));
#16356 = ADVANCED_FACE('',(#16357),#16382,.T.);
#16357 = FACE_BOUND('',#16358,.T.);
#16358 = EDGE_LOOP('',(#16359,#16360,#16368,#16376));
#16359 = ORIENTED_EDGE('',*,*,#16338,.T.);
#16360 = ORIENTED_EDGE('',*,*,#16361,.T.);
#16361 = EDGE_CURVE('',#16331,#16362,#16364,.T.);
#16362 = VERTEX_POINT('',#16363);
#16363 = CARTESIAN_POINT('',(-33.878,-16.593,2.1));
#16364 = LINE('',#16365,#16366);
#16365 = CARTESIAN_POINT('',(-33.783,-16.91,2.1));
#16366 = VECTOR('',#16367,1.);
#16367 = DIRECTION('',(-0.287070644516,0.957909413806,0.));
#16368 = ORIENTED_EDGE('',*,*,#16369,.F.);
#16369 = EDGE_CURVE('',#16370,#16362,#16372,.T.);
#16370 = VERTEX_POINT('',#16371);
#16371 = CARTESIAN_POINT('',(-33.878,-16.593,0.4));
#16372 = LINE('',#16373,#16374);
#16373 = CARTESIAN_POINT('',(-33.878,-16.593,0.4));
#16374 = VECTOR('',#16375,1.);
#16375 = DIRECTION('',(0.,0.,1.));
#16376 = ORIENTED_EDGE('',*,*,#16377,.F.);
#16377 = EDGE_CURVE('',#16339,#16370,#16378,.T.);
#16378 = LINE('',#16379,#16380);
#16379 = CARTESIAN_POINT('',(-33.783,-16.91,0.4));
#16380 = VECTOR('',#16381,1.);
#16381 = DIRECTION('',(-0.287070644516,0.957909413806,0.));
#16382 = PLANE('',#16383);
#16383 = AXIS2_PLACEMENT_3D('',#16384,#16385,#16386);
#16384 = CARTESIAN_POINT('',(-33.783,-16.91,0.4));
#16385 = DIRECTION('',(-0.957909413806,-0.287070644516,0.));
#16386 = DIRECTION('',(-0.287070644516,0.957909413806,0.));
#16387 = ADVANCED_FACE('',(#16388),#16413,.T.);
#16388 = FACE_BOUND('',#16389,.T.);
#16389 = EDGE_LOOP('',(#16390,#16391,#16399,#16407));
#16390 = ORIENTED_EDGE('',*,*,#16369,.T.);
#16391 = ORIENTED_EDGE('',*,*,#16392,.T.);
#16392 = EDGE_CURVE('',#16362,#16393,#16395,.T.);
#16393 = VERTEX_POINT('',#16394);
#16394 = CARTESIAN_POINT('',(-33.945,-16.269,2.1));
#16395 = LINE('',#16396,#16397);
#16396 = CARTESIAN_POINT('',(-33.878,-16.593,2.1));
#16397 = VECTOR('',#16398,1.);
#16398 = DIRECTION('',(-0.202505658052,0.979281092668,0.));
#16399 = ORIENTED_EDGE('',*,*,#16400,.F.);
#16400 = EDGE_CURVE('',#16401,#16393,#16403,.T.);
#16401 = VERTEX_POINT('',#16402);
#16402 = CARTESIAN_POINT('',(-33.945,-16.269,0.4));
#16403 = LINE('',#16404,#16405);
#16404 = CARTESIAN_POINT('',(-33.945,-16.269,0.4));
#16405 = VECTOR('',#16406,1.);
#16406 = DIRECTION('',(0.,0.,1.));
#16407 = ORIENTED_EDGE('',*,*,#16408,.F.);
#16408 = EDGE_CURVE('',#16370,#16401,#16409,.T.);
#16409 = LINE('',#16410,#16411);
#16410 = CARTESIAN_POINT('',(-33.878,-16.593,0.4));
#16411 = VECTOR('',#16412,1.);
#16412 = DIRECTION('',(-0.202505658052,0.979281092668,0.));
#16413 = PLANE('',#16414);
#16414 = AXIS2_PLACEMENT_3D('',#16415,#16416,#16417);
#16415 = CARTESIAN_POINT('',(-33.878,-16.593,0.4));
#16416 = DIRECTION('',(-0.979281092668,-0.202505658052,0.));
#16417 = DIRECTION('',(-0.202505658052,0.979281092668,0.));
#16418 = ADVANCED_FACE('',(#16419),#16444,.T.);
#16419 = FACE_BOUND('',#16420,.T.);
#16420 = EDGE_LOOP('',(#16421,#16422,#16430,#16438));
#16421 = ORIENTED_EDGE('',*,*,#16400,.T.);
#16422 = ORIENTED_EDGE('',*,*,#16423,.T.);
#16423 = EDGE_CURVE('',#16393,#16424,#16426,.T.);
#16424 = VERTEX_POINT('',#16425);
#16425 = CARTESIAN_POINT('',(-33.986,-15.941,2.1));
#16426 = LINE('',#16427,#16428);
#16427 = CARTESIAN_POINT('',(-33.945,-16.269,2.1));
#16428 = VECTOR('',#16429,1.);
#16429 = DIRECTION('',(-0.124034734589,0.992277876714,0.));
#16430 = ORIENTED_EDGE('',*,*,#16431,.F.);
#16431 = EDGE_CURVE('',#16432,#16424,#16434,.T.);
#16432 = VERTEX_POINT('',#16433);
#16433 = CARTESIAN_POINT('',(-33.986,-15.941,0.4));
#16434 = LINE('',#16435,#16436);
#16435 = CARTESIAN_POINT('',(-33.986,-15.941,0.4));
#16436 = VECTOR('',#16437,1.);
#16437 = DIRECTION('',(0.,0.,1.));
#16438 = ORIENTED_EDGE('',*,*,#16439,.F.);
#16439 = EDGE_CURVE('',#16401,#16432,#16440,.T.);
#16440 = LINE('',#16441,#16442);
#16441 = CARTESIAN_POINT('',(-33.945,-16.269,0.4));
#16442 = VECTOR('',#16443,1.);
#16443 = DIRECTION('',(-0.124034734589,0.992277876714,0.));
#16444 = PLANE('',#16445);
#16445 = AXIS2_PLACEMENT_3D('',#16446,#16447,#16448);
#16446 = CARTESIAN_POINT('',(-33.945,-16.269,0.4));
#16447 = DIRECTION('',(-0.992277876714,-0.124034734589,0.));
#16448 = DIRECTION('',(-0.124034734589,0.992277876714,0.));
#16449 = ADVANCED_FACE('',(#16450),#16466,.T.);
#16450 = FACE_BOUND('',#16451,.T.);
#16451 = EDGE_LOOP('',(#16452,#16453,#16459,#16460));
#16452 = ORIENTED_EDGE('',*,*,#16431,.T.);
#16453 = ORIENTED_EDGE('',*,*,#16454,.T.);
#16454 = EDGE_CURVE('',#16424,#15834,#16455,.T.);
#16455 = LINE('',#16456,#16457);
#16456 = CARTESIAN_POINT('',(-33.986,-15.941,2.1));
#16457 = VECTOR('',#16458,1.);
#16458 = DIRECTION('',(-4.225829024981E-02,0.999106719478,0.));
#16459 = ORIENTED_EDGE('',*,*,#15833,.F.);
#16460 = ORIENTED_EDGE('',*,*,#16461,.F.);
#16461 = EDGE_CURVE('',#16432,#15826,#16462,.T.);
#16462 = LINE('',#16463,#16464);
#16463 = CARTESIAN_POINT('',(-33.986,-15.941,0.4));
#16464 = VECTOR('',#16465,1.);
#16465 = DIRECTION('',(-4.225829024981E-02,0.999106719478,0.));
#16466 = PLANE('',#16467);
#16467 = AXIS2_PLACEMENT_3D('',#16468,#16469,#16470);
#16468 = CARTESIAN_POINT('',(-33.986,-15.941,0.4));
#16469 = DIRECTION('',(-0.999106719478,-4.225829024981E-02,0.));
#16470 = DIRECTION('',(-4.225829024981E-02,0.999106719478,0.));
#16471 = ADVANCED_FACE('',(#16472),#16512,.T.);
#16472 = FACE_BOUND('',#16473,.T.);
#16473 = EDGE_LOOP('',(#16474,#16475,#16476,#16477,#16478,#16479,#16480,
    #16481,#16482,#16483,#16484,#16485,#16486,#16487,#16488,#16489,
    #16490,#16491,#16492,#16493,#16494,#16495,#16496,#16497,#16498,
    #16499,#16500,#16501,#16502,#16503,#16504,#16510,#16511));
#16474 = ORIENTED_EDGE('',*,*,#6954,.F.);
#16475 = ORIENTED_EDGE('',*,*,#6021,.T.);
#16476 = ORIENTED_EDGE('',*,*,#5959,.T.);
#16477 = ORIENTED_EDGE('',*,*,#6921,.T.);
#16478 = ORIENTED_EDGE('',*,*,#7570,.T.);
#16479 = ORIENTED_EDGE('',*,*,#7551,.T.);
#16480 = ORIENTED_EDGE('',*,*,#7525,.T.);
#16481 = ORIENTED_EDGE('',*,*,#7499,.T.);
#16482 = ORIENTED_EDGE('',*,*,#7473,.T.);
#16483 = ORIENTED_EDGE('',*,*,#7447,.T.);
#16484 = ORIENTED_EDGE('',*,*,#7421,.T.);
#16485 = ORIENTED_EDGE('',*,*,#7395,.T.);
#16486 = ORIENTED_EDGE('',*,*,#7370,.T.);
#16487 = ORIENTED_EDGE('',*,*,#7345,.T.);
#16488 = ORIENTED_EDGE('',*,*,#7319,.T.);
#16489 = ORIENTED_EDGE('',*,*,#7293,.T.);
#16490 = ORIENTED_EDGE('',*,*,#7267,.T.);
#16491 = ORIENTED_EDGE('',*,*,#7241,.T.);
#16492 = ORIENTED_EDGE('',*,*,#7215,.T.);
#16493 = ORIENTED_EDGE('',*,*,#7189,.T.);
#16494 = ORIENTED_EDGE('',*,*,#7163,.T.);
#16495 = ORIENTED_EDGE('',*,*,#7137,.T.);
#16496 = ORIENTED_EDGE('',*,*,#7111,.T.);
#16497 = ORIENTED_EDGE('',*,*,#2273,.T.);
#16498 = ORIENTED_EDGE('',*,*,#2234,.T.);
#16499 = ORIENTED_EDGE('',*,*,#7884,.F.);
#16500 = ORIENTED_EDGE('',*,*,#10963,.F.);
#16501 = ORIENTED_EDGE('',*,*,#10985,.T.);
#16502 = ORIENTED_EDGE('',*,*,#10874,.F.);
#16503 = ORIENTED_EDGE('',*,*,#10929,.F.);
#16504 = ORIENTED_EDGE('',*,*,#16505,.T.);
#16505 = EDGE_CURVE('',#10930,#2015,#16506,.T.);
#16506 = LINE('',#16507,#16508);
#16507 = CARTESIAN_POINT('',(-30.6,-10.95,19.2));
#16508 = VECTOR('',#16509,1.);
#16509 = DIRECTION('',(-0.,1.,0.));
#16510 = ORIENTED_EDGE('',*,*,#2022,.F.);
#16511 = ORIENTED_EDGE('',*,*,#2069,.F.);
#16512 = PLANE('',#16513);
#16513 = AXIS2_PLACEMENT_3D('',#16514,#16515,#16516);
#16514 = CARTESIAN_POINT('',(-30.6,0.605560415381,15.124254207423));
#16515 = DIRECTION('',(-1.,-0.,-0.));
#16516 = DIRECTION('',(0.,0.,-1.));
#16517 = ADVANCED_FACE('',(#16518,#16566),#16577,.T.);
#16518 = FACE_BOUND('',#16519,.T.);
#16519 = EDGE_LOOP('',(#16520,#16521,#16522,#16523,#16524,#16525,#16526,
    #16527,#16528,#16529,#16530,#16531,#16532,#16533,#16534,#16535,
    #16536,#16537,#16538,#16539,#16540,#16541,#16542,#16548,#16549,
    #16550,#16551,#16552,#16553,#16554,#16555,#16556,#16557,#16558,
    #16559,#16560,#16561,#16562,#16563,#16564,#16565));
#16520 = ORIENTED_EDGE('',*,*,#15220,.T.);
#16521 = ORIENTED_EDGE('',*,*,#6153,.T.);
#16522 = ORIENTED_EDGE('',*,*,#7047,.T.);
#16523 = ORIENTED_EDGE('',*,*,#7018,.F.);
#16524 = ORIENTED_EDGE('',*,*,#6976,.T.);
#16525 = ORIENTED_EDGE('',*,*,#7861,.T.);
#16526 = ORIENTED_EDGE('',*,*,#12325,.T.);
#16527 = ORIENTED_EDGE('',*,*,#12308,.T.);
#16528 = ORIENTED_EDGE('',*,*,#12284,.T.);
#16529 = ORIENTED_EDGE('',*,*,#12260,.T.);
#16530 = ORIENTED_EDGE('',*,*,#12236,.T.);
#16531 = ORIENTED_EDGE('',*,*,#12212,.T.);
#16532 = ORIENTED_EDGE('',*,*,#12188,.T.);
#16533 = ORIENTED_EDGE('',*,*,#12164,.T.);
#16534 = ORIENTED_EDGE('',*,*,#12140,.T.);
#16535 = ORIENTED_EDGE('',*,*,#12116,.T.);
#16536 = ORIENTED_EDGE('',*,*,#12092,.T.);
#16537 = ORIENTED_EDGE('',*,*,#12068,.T.);
#16538 = ORIENTED_EDGE('',*,*,#12044,.T.);
#16539 = ORIENTED_EDGE('',*,*,#12020,.T.);
#16540 = ORIENTED_EDGE('',*,*,#11996,.T.);
#16541 = ORIENTED_EDGE('',*,*,#11956,.T.);
#16542 = ORIENTED_EDGE('',*,*,#16543,.T.);
#16543 = EDGE_CURVE('',#11957,#15254,#16544,.T.);
#16544 = LINE('',#16545,#16546);
#16545 = CARTESIAN_POINT('',(-24.874,28.,2.1));
#16546 = VECTOR('',#16547,1.);
#16547 = DIRECTION('',(-1.,0.,0.));
#16548 = ORIENTED_EDGE('',*,*,#15261,.T.);
#16549 = ORIENTED_EDGE('',*,*,#15292,.T.);
#16550 = ORIENTED_EDGE('',*,*,#15323,.T.);
#16551 = ORIENTED_EDGE('',*,*,#15354,.T.);
#16552 = ORIENTED_EDGE('',*,*,#15385,.T.);
#16553 = ORIENTED_EDGE('',*,*,#15416,.T.);
#16554 = ORIENTED_EDGE('',*,*,#15447,.T.);
#16555 = ORIENTED_EDGE('',*,*,#15478,.T.);
#16556 = ORIENTED_EDGE('',*,*,#15509,.T.);
#16557 = ORIENTED_EDGE('',*,*,#15540,.T.);
#16558 = ORIENTED_EDGE('',*,*,#15571,.T.);
#16559 = ORIENTED_EDGE('',*,*,#15602,.T.);
#16560 = ORIENTED_EDGE('',*,*,#15633,.T.);
#16561 = ORIENTED_EDGE('',*,*,#15664,.T.);
#16562 = ORIENTED_EDGE('',*,*,#15695,.T.);
#16563 = ORIENTED_EDGE('',*,*,#15726,.T.);
#16564 = ORIENTED_EDGE('',*,*,#15757,.T.);
#16565 = ORIENTED_EDGE('',*,*,#15788,.T.);
#16566 = FACE_BOUND('',#16567,.T.);
#16567 = EDGE_LOOP('',(#16568));
#16568 = ORIENTED_EDGE('',*,*,#16569,.F.);
#16569 = EDGE_CURVE('',#16570,#16570,#16572,.T.);
#16570 = VERTEX_POINT('',#16571);
#16571 = CARTESIAN_POINT('',(-28.65,23.,2.1));
#16572 = CIRCLE('',#16573,1.35);
#16573 = AXIS2_PLACEMENT_3D('',#16574,#16575,#16576);
#16574 = CARTESIAN_POINT('',(-30.,23.,2.1));
#16575 = DIRECTION('',(0.,0.,1.));
#16576 = DIRECTION('',(1.,0.,-0.));
#16577 = PLANE('',#16578);
#16578 = AXIS2_PLACEMENT_3D('',#16579,#16580,#16581);
#16579 = CARTESIAN_POINT('',(-30.85136013195,17.951135649274,2.1));
#16580 = DIRECTION('',(0.,0.,1.));
#16581 = DIRECTION('',(1.,0.,-0.));
#16582 = ADVANCED_FACE('',(#16583),#16602,.F.);
#16583 = FACE_BOUND('',#16584,.F.);
#16584 = EDGE_LOOP('',(#16585,#16586,#16594,#16601));
#16585 = ORIENTED_EDGE('',*,*,#16569,.F.);
#16586 = ORIENTED_EDGE('',*,*,#16587,.F.);
#16587 = EDGE_CURVE('',#16588,#16570,#16590,.T.);
#16588 = VERTEX_POINT('',#16589);
#16589 = CARTESIAN_POINT('',(-28.65,23.,0.4));
#16590 = LINE('',#16591,#16592);
#16591 = CARTESIAN_POINT('',(-28.65,23.,0.3));
#16592 = VECTOR('',#16593,1.);
#16593 = DIRECTION('',(0.,0.,1.));
#16594 = ORIENTED_EDGE('',*,*,#16595,.T.);
#16595 = EDGE_CURVE('',#16588,#16588,#16596,.T.);
#16596 = CIRCLE('',#16597,1.35);
#16597 = AXIS2_PLACEMENT_3D('',#16598,#16599,#16600);
#16598 = CARTESIAN_POINT('',(-30.,23.,0.4));
#16599 = DIRECTION('',(0.,0.,1.));
#16600 = DIRECTION('',(1.,0.,-0.));
#16601 = ORIENTED_EDGE('',*,*,#16587,.T.);
#16602 = CYLINDRICAL_SURFACE('',#16603,1.35);
#16603 = AXIS2_PLACEMENT_3D('',#16604,#16605,#16606);
#16604 = CARTESIAN_POINT('',(-30.,23.,0.3));
#16605 = DIRECTION('',(0.,0.,1.));
#16606 = DIRECTION('',(1.,0.,-0.));
#16607 = ADVANCED_FACE('',(#16608,#16665,#16676),#16687,.T.);
#16608 = FACE_BOUND('',#16609,.T.);
#16609 = EDGE_LOOP('',(#16610,#16611,#16612,#16613,#16614,#16615,#16616,
    #16617,#16618,#16619,#16620,#16621,#16622,#16623,#16624,#16625,
    #16626,#16627,#16628,#16629,#16630,#16631,#16637,#16638,#16639,
    #16640,#16641,#16642,#16643,#16644,#16645,#16646,#16647,#16648,
    #16649,#16650,#16651,#16652,#16653,#16654,#16655,#16656,#16657,
    #16658,#16659,#16660,#16661,#16662,#16663,#16664));
#16610 = ORIENTED_EDGE('',*,*,#15841,.F.);
#16611 = ORIENTED_EDGE('',*,*,#16454,.F.);
#16612 = ORIENTED_EDGE('',*,*,#16423,.F.);
#16613 = ORIENTED_EDGE('',*,*,#16392,.F.);
#16614 = ORIENTED_EDGE('',*,*,#16361,.F.);
#16615 = ORIENTED_EDGE('',*,*,#16330,.F.);
#16616 = ORIENTED_EDGE('',*,*,#16299,.F.);
#16617 = ORIENTED_EDGE('',*,*,#16268,.F.);
#16618 = ORIENTED_EDGE('',*,*,#16237,.F.);
#16619 = ORIENTED_EDGE('',*,*,#16206,.F.);
#16620 = ORIENTED_EDGE('',*,*,#16175,.F.);
#16621 = ORIENTED_EDGE('',*,*,#16144,.F.);
#16622 = ORIENTED_EDGE('',*,*,#16113,.F.);
#16623 = ORIENTED_EDGE('',*,*,#16082,.F.);
#16624 = ORIENTED_EDGE('',*,*,#16051,.F.);
#16625 = ORIENTED_EDGE('',*,*,#16020,.F.);
#16626 = ORIENTED_EDGE('',*,*,#15989,.F.);
#16627 = ORIENTED_EDGE('',*,*,#15958,.F.);
#16628 = ORIENTED_EDGE('',*,*,#15927,.F.);
#16629 = ORIENTED_EDGE('',*,*,#15896,.F.);
#16630 = ORIENTED_EDGE('',*,*,#15865,.F.);
#16631 = ORIENTED_EDGE('',*,*,#16632,.F.);
#16632 = EDGE_CURVE('',#12672,#15858,#16633,.T.);
#16633 = LINE('',#16634,#16635);
#16634 = CARTESIAN_POINT('',(13.495,-26.2,2.1));
#16635 = VECTOR('',#16636,1.);
#16636 = DIRECTION('',(-1.,0.,0.));
#16637 = ORIENTED_EDGE('',*,*,#12671,.F.);
#16638 = ORIENTED_EDGE('',*,*,#1925,.F.);
#16639 = ORIENTED_EDGE('',*,*,#1965,.F.);
#16640 = ORIENTED_EDGE('',*,*,#12509,.F.);
#16641 = ORIENTED_EDGE('',*,*,#10184,.F.);
#16642 = ORIENTED_EDGE('',*,*,#10247,.F.);
#16643 = ORIENTED_EDGE('',*,*,#10278,.F.);
#16644 = ORIENTED_EDGE('',*,*,#10309,.F.);
#16645 = ORIENTED_EDGE('',*,*,#10340,.F.);
#16646 = ORIENTED_EDGE('',*,*,#10371,.F.);
#16647 = ORIENTED_EDGE('',*,*,#10402,.F.);
#16648 = ORIENTED_EDGE('',*,*,#10433,.F.);
#16649 = ORIENTED_EDGE('',*,*,#10464,.F.);
#16650 = ORIENTED_EDGE('',*,*,#10495,.F.);
#16651 = ORIENTED_EDGE('',*,*,#10526,.F.);
#16652 = ORIENTED_EDGE('',*,*,#10557,.F.);
#16653 = ORIENTED_EDGE('',*,*,#10588,.F.);
#16654 = ORIENTED_EDGE('',*,*,#10619,.F.);
#16655 = ORIENTED_EDGE('',*,*,#10650,.F.);
#16656 = ORIENTED_EDGE('',*,*,#10681,.F.);
#16657 = ORIENTED_EDGE('',*,*,#10712,.F.);
#16658 = ORIENTED_EDGE('',*,*,#10743,.F.);
#16659 = ORIENTED_EDGE('',*,*,#10774,.F.);
#16660 = ORIENTED_EDGE('',*,*,#10805,.F.);
#16661 = ORIENTED_EDGE('',*,*,#10836,.F.);
#16662 = ORIENTED_EDGE('',*,*,#7908,.F.);
#16663 = ORIENTED_EDGE('',*,*,#7070,.T.);
#16664 = ORIENTED_EDGE('',*,*,#2109,.T.);
#16665 = FACE_BOUND('',#16666,.T.);
#16666 = EDGE_LOOP('',(#16667));
#16667 = ORIENTED_EDGE('',*,*,#16668,.F.);
#16668 = EDGE_CURVE('',#16669,#16669,#16671,.T.);
#16669 = VERTEX_POINT('',#16670);
#16670 = CARTESIAN_POINT('',(-28.65,-16.,2.1));
#16671 = CIRCLE('',#16672,1.35);
#16672 = AXIS2_PLACEMENT_3D('',#16673,#16674,#16675);
#16673 = CARTESIAN_POINT('',(-30.,-16.,2.1));
#16674 = DIRECTION('',(0.,0.,1.));
#16675 = DIRECTION('',(1.,0.,-0.));
#16676 = FACE_BOUND('',#16677,.T.);
#16677 = EDGE_LOOP('',(#16678));
#16678 = ORIENTED_EDGE('',*,*,#16679,.F.);
#16679 = EDGE_CURVE('',#16680,#16680,#16682,.T.);
#16680 = VERTEX_POINT('',#16681);
#16681 = CARTESIAN_POINT('',(10.7,-23.,2.1));
#16682 = CIRCLE('',#16683,1.35);
#16683 = AXIS2_PLACEMENT_3D('',#16684,#16685,#16686);
#16684 = CARTESIAN_POINT('',(9.35,-23.,2.1));
#16685 = DIRECTION('',(0.,0.,1.));
#16686 = DIRECTION('',(1.,0.,-0.));
#16687 = PLANE('',#16688);
#16688 = AXIS2_PLACEMENT_3D('',#16689,#16690,#16691);
#16689 = CARTESIAN_POINT('',(-12.5034267758,-19.65807816338,2.1));
#16690 = DIRECTION('',(0.,0.,1.));
#16691 = DIRECTION('',(1.,0.,-0.));
#16692 = ADVANCED_FACE('',(#16693),#16712,.F.);
#16693 = FACE_BOUND('',#16694,.F.);
#16694 = EDGE_LOOP('',(#16695,#16696,#16704,#16711));
#16695 = ORIENTED_EDGE('',*,*,#16668,.F.);
#16696 = ORIENTED_EDGE('',*,*,#16697,.F.);
#16697 = EDGE_CURVE('',#16698,#16669,#16700,.T.);
#16698 = VERTEX_POINT('',#16699);
#16699 = CARTESIAN_POINT('',(-28.65,-16.,0.4));
#16700 = LINE('',#16701,#16702);
#16701 = CARTESIAN_POINT('',(-28.65,-16.,0.3));
#16702 = VECTOR('',#16703,1.);
#16703 = DIRECTION('',(0.,0.,1.));
#16704 = ORIENTED_EDGE('',*,*,#16705,.T.);
#16705 = EDGE_CURVE('',#16698,#16698,#16706,.T.);
#16706 = CIRCLE('',#16707,1.35);
#16707 = AXIS2_PLACEMENT_3D('',#16708,#16709,#16710);
#16708 = CARTESIAN_POINT('',(-30.,-16.,0.4));
#16709 = DIRECTION('',(0.,0.,1.));
#16710 = DIRECTION('',(1.,0.,-0.));
#16711 = ORIENTED_EDGE('',*,*,#16697,.T.);
#16712 = CYLINDRICAL_SURFACE('',#16713,1.35);
#16713 = AXIS2_PLACEMENT_3D('',#16714,#16715,#16716);
#16714 = CARTESIAN_POINT('',(-30.,-16.,0.3));
#16715 = DIRECTION('',(0.,0.,1.));
#16716 = DIRECTION('',(1.,0.,-0.));
#16717 = ADVANCED_FACE('',(#16718),#16737,.F.);
#16718 = FACE_BOUND('',#16719,.F.);
#16719 = EDGE_LOOP('',(#16720,#16721,#16729,#16736));
#16720 = ORIENTED_EDGE('',*,*,#16679,.F.);
#16721 = ORIENTED_EDGE('',*,*,#16722,.F.);
#16722 = EDGE_CURVE('',#16723,#16680,#16725,.T.);
#16723 = VERTEX_POINT('',#16724);
#16724 = CARTESIAN_POINT('',(10.7,-23.,0.4));
#16725 = LINE('',#16726,#16727);
#16726 = CARTESIAN_POINT('',(10.7,-23.,0.3));
#16727 = VECTOR('',#16728,1.);
#16728 = DIRECTION('',(0.,0.,1.));
#16729 = ORIENTED_EDGE('',*,*,#16730,.T.);
#16730 = EDGE_CURVE('',#16723,#16723,#16731,.T.);
#16731 = CIRCLE('',#16732,1.35);
#16732 = AXIS2_PLACEMENT_3D('',#16733,#16734,#16735);
#16733 = CARTESIAN_POINT('',(9.35,-23.,0.4));
#16734 = DIRECTION('',(0.,0.,1.));
#16735 = DIRECTION('',(1.,0.,-0.));
#16736 = ORIENTED_EDGE('',*,*,#16722,.T.);
#16737 = CYLINDRICAL_SURFACE('',#16738,1.35);
#16738 = AXIS2_PLACEMENT_3D('',#16739,#16740,#16741);
#16739 = CARTESIAN_POINT('',(9.35,-23.,0.3));
#16740 = DIRECTION('',(0.,0.,1.));
#16741 = DIRECTION('',(1.,0.,-0.));
#16742 = ADVANCED_FACE('',(#16743,#16796),#16799,.T.);
#16743 = FACE_BOUND('',#16744,.T.);
#16744 = EDGE_LOOP('',(#16745,#16746,#16747,#16748,#16749,#16750,#16751,
    #16752,#16753,#16754,#16755,#16756,#16757,#16758,#16759,#16760,
    #16761,#16762,#16763,#16764,#16765,#16766,#16767,#16768,#16769,
    #16770,#16771,#16772,#16773,#16774,#16775,#16776,#16777,#16778,
    #16779,#16780,#16781,#16782,#16783,#16784,#16785,#16786,#16787,
    #16788,#16794,#16795));
#16745 = ORIENTED_EDGE('',*,*,#7924,.F.);
#16746 = ORIENTED_EDGE('',*,*,#7964,.F.);
#16747 = ORIENTED_EDGE('',*,*,#7995,.F.);
#16748 = ORIENTED_EDGE('',*,*,#8026,.F.);
#16749 = ORIENTED_EDGE('',*,*,#8057,.F.);
#16750 = ORIENTED_EDGE('',*,*,#8088,.F.);
#16751 = ORIENTED_EDGE('',*,*,#8119,.F.);
#16752 = ORIENTED_EDGE('',*,*,#8150,.F.);
#16753 = ORIENTED_EDGE('',*,*,#8181,.F.);
#16754 = ORIENTED_EDGE('',*,*,#8212,.F.);
#16755 = ORIENTED_EDGE('',*,*,#8243,.F.);
#16756 = ORIENTED_EDGE('',*,*,#8274,.F.);
#16757 = ORIENTED_EDGE('',*,*,#8305,.F.);
#16758 = ORIENTED_EDGE('',*,*,#8336,.F.);
#16759 = ORIENTED_EDGE('',*,*,#8367,.F.);
#16760 = ORIENTED_EDGE('',*,*,#8398,.F.);
#16761 = ORIENTED_EDGE('',*,*,#8429,.F.);
#16762 = ORIENTED_EDGE('',*,*,#8460,.F.);
#16763 = ORIENTED_EDGE('',*,*,#8491,.F.);
#16764 = ORIENTED_EDGE('',*,*,#8522,.F.);
#16765 = ORIENTED_EDGE('',*,*,#8553,.F.);
#16766 = ORIENTED_EDGE('',*,*,#9073,.F.);
#16767 = ORIENTED_EDGE('',*,*,#8688,.F.);
#16768 = ORIENTED_EDGE('',*,*,#8648,.F.);
#16769 = ORIENTED_EDGE('',*,*,#15236,.F.);
#16770 = ORIENTED_EDGE('',*,*,#15795,.F.);
#16771 = ORIENTED_EDGE('',*,*,#15773,.F.);
#16772 = ORIENTED_EDGE('',*,*,#15742,.F.);
#16773 = ORIENTED_EDGE('',*,*,#15711,.F.);
#16774 = ORIENTED_EDGE('',*,*,#15680,.F.);
#16775 = ORIENTED_EDGE('',*,*,#15649,.F.);
#16776 = ORIENTED_EDGE('',*,*,#15618,.F.);
#16777 = ORIENTED_EDGE('',*,*,#15587,.F.);
#16778 = ORIENTED_EDGE('',*,*,#15556,.F.);
#16779 = ORIENTED_EDGE('',*,*,#15525,.F.);
#16780 = ORIENTED_EDGE('',*,*,#15494,.F.);
#16781 = ORIENTED_EDGE('',*,*,#15463,.F.);
#16782 = ORIENTED_EDGE('',*,*,#15432,.F.);
#16783 = ORIENTED_EDGE('',*,*,#15401,.F.);
#16784 = ORIENTED_EDGE('',*,*,#15370,.F.);
#16785 = ORIENTED_EDGE('',*,*,#15339,.F.);
#16786 = ORIENTED_EDGE('',*,*,#15308,.F.);
#16787 = ORIENTED_EDGE('',*,*,#15277,.F.);
#16788 = ORIENTED_EDGE('',*,*,#16789,.F.);
#16789 = EDGE_CURVE('',#12367,#15252,#16790,.T.);
#16790 = LINE('',#16791,#16792);
#16791 = CARTESIAN_POINT('',(-24.874,28.,0.4));
#16792 = VECTOR('',#16793,1.);
#16793 = DIRECTION('',(-1.,0.,0.));
#16794 = ORIENTED_EDGE('',*,*,#12366,.F.);
#16795 = ORIENTED_EDGE('',*,*,#12341,.F.);
#16796 = FACE_BOUND('',#16797,.T.);
#16797 = EDGE_LOOP('',(#16798));
#16798 = ORIENTED_EDGE('',*,*,#16595,.T.);
#16799 = PLANE('',#16800);
#16800 = AXIS2_PLACEMENT_3D('',#16801,#16802,#16803);
#16801 = CARTESIAN_POINT('',(-29.74874816646,18.62948175261,0.4));
#16802 = DIRECTION('',(-0.,-0.,-1.));
#16803 = DIRECTION('',(-1.,0.,0.));
#16804 = ADVANCED_FACE('',(#16805,#16875,#16878),#16881,.T.);
#16805 = FACE_BOUND('',#16806,.T.);
#16806 = EDGE_LOOP('',(#16807,#16808,#16809,#16810,#16811,#16812,#16813,
    #16814,#16815,#16816,#16817,#16818,#16819,#16820,#16821,#16822,
    #16823,#16824,#16825,#16826,#16827,#16828,#16829,#16830,#16831,
    #16832,#16833,#16834,#16835,#16836,#16837,#16838,#16846,#16852,
    #16853,#16854,#16855,#16856,#16857,#16858,#16859,#16860,#16861,
    #16862,#16863,#16864,#16865,#16866,#16867,#16868,#16869,#16870,
    #16871,#16872,#16873,#16874));
#16807 = ORIENTED_EDGE('',*,*,#8961,.F.);
#16808 = ORIENTED_EDGE('',*,*,#8929,.F.);
#16809 = ORIENTED_EDGE('',*,*,#8873,.F.);
#16810 = ORIENTED_EDGE('',*,*,#9154,.F.);
#16811 = ORIENTED_EDGE('',*,*,#9550,.F.);
#16812 = ORIENTED_EDGE('',*,*,#9581,.F.);
#16813 = ORIENTED_EDGE('',*,*,#9612,.F.);
#16814 = ORIENTED_EDGE('',*,*,#9643,.F.);
#16815 = ORIENTED_EDGE('',*,*,#9674,.F.);
#16816 = ORIENTED_EDGE('',*,*,#9705,.F.);
#16817 = ORIENTED_EDGE('',*,*,#9736,.F.);
#16818 = ORIENTED_EDGE('',*,*,#9767,.F.);
#16819 = ORIENTED_EDGE('',*,*,#9798,.F.);
#16820 = ORIENTED_EDGE('',*,*,#9829,.F.);
#16821 = ORIENTED_EDGE('',*,*,#9860,.F.);
#16822 = ORIENTED_EDGE('',*,*,#9891,.F.);
#16823 = ORIENTED_EDGE('',*,*,#9922,.F.);
#16824 = ORIENTED_EDGE('',*,*,#9953,.F.);
#16825 = ORIENTED_EDGE('',*,*,#9984,.F.);
#16826 = ORIENTED_EDGE('',*,*,#10015,.F.);
#16827 = ORIENTED_EDGE('',*,*,#10046,.F.);
#16828 = ORIENTED_EDGE('',*,*,#10077,.F.);
#16829 = ORIENTED_EDGE('',*,*,#10108,.F.);
#16830 = ORIENTED_EDGE('',*,*,#10139,.F.);
#16831 = ORIENTED_EDGE('',*,*,#10170,.F.);
#16832 = ORIENTED_EDGE('',*,*,#10209,.F.);
#16833 = ORIENTED_EDGE('',*,*,#12531,.F.);
#16834 = ORIENTED_EDGE('',*,*,#12702,.F.);
#16835 = ORIENTED_EDGE('',*,*,#12742,.F.);
#16836 = ORIENTED_EDGE('',*,*,#13138,.T.);
#16837 = ORIENTED_EDGE('',*,*,#14258,.T.);
#16838 = ORIENTED_EDGE('',*,*,#16839,.F.);
#16839 = EDGE_CURVE('',#16840,#14249,#16842,.T.);
#16840 = VERTEX_POINT('',#16841);
#16841 = CARTESIAN_POINT('',(13.85,-26.2,0.4));
#16842 = LINE('',#16843,#16844);
#16843 = CARTESIAN_POINT('',(13.85,-26.2,0.4));
#16844 = VECTOR('',#16845,1.);
#16845 = DIRECTION('',(-0.,1.,0.));
#16846 = ORIENTED_EDGE('',*,*,#16847,.F.);
#16847 = EDGE_CURVE('',#15856,#16840,#16848,.T.);
#16848 = LINE('',#16849,#16850);
#16849 = CARTESIAN_POINT('',(12.2,-26.2,0.4));
#16850 = VECTOR('',#16851,1.);
#16851 = DIRECTION('',(1.,0.,-0.));
#16852 = ORIENTED_EDGE('',*,*,#15881,.T.);
#16853 = ORIENTED_EDGE('',*,*,#15912,.T.);
#16854 = ORIENTED_EDGE('',*,*,#15943,.T.);
#16855 = ORIENTED_EDGE('',*,*,#15974,.T.);
#16856 = ORIENTED_EDGE('',*,*,#16005,.T.);
#16857 = ORIENTED_EDGE('',*,*,#16036,.T.);
#16858 = ORIENTED_EDGE('',*,*,#16067,.T.);
#16859 = ORIENTED_EDGE('',*,*,#16098,.T.);
#16860 = ORIENTED_EDGE('',*,*,#16129,.T.);
#16861 = ORIENTED_EDGE('',*,*,#16160,.T.);
#16862 = ORIENTED_EDGE('',*,*,#16191,.T.);
#16863 = ORIENTED_EDGE('',*,*,#16222,.T.);
#16864 = ORIENTED_EDGE('',*,*,#16253,.T.);
#16865 = ORIENTED_EDGE('',*,*,#16284,.T.);
#16866 = ORIENTED_EDGE('',*,*,#16315,.T.);
#16867 = ORIENTED_EDGE('',*,*,#16346,.T.);
#16868 = ORIENTED_EDGE('',*,*,#16377,.T.);
#16869 = ORIENTED_EDGE('',*,*,#16408,.T.);
#16870 = ORIENTED_EDGE('',*,*,#16439,.T.);
#16871 = ORIENTED_EDGE('',*,*,#16461,.T.);
#16872 = ORIENTED_EDGE('',*,*,#15825,.F.);
#16873 = ORIENTED_EDGE('',*,*,#9192,.F.);
#16874 = ORIENTED_EDGE('',*,*,#9168,.F.);
#16875 = FACE_BOUND('',#16876,.T.);
#16876 = EDGE_LOOP('',(#16877));
#16877 = ORIENTED_EDGE('',*,*,#16705,.T.);
#16878 = FACE_BOUND('',#16879,.T.);
#16879 = EDGE_LOOP('',(#16880));
#16880 = ORIENTED_EDGE('',*,*,#16730,.T.);
#16881 = PLANE('',#16882);
#16882 = AXIS2_PLACEMENT_3D('',#16883,#16884,#16885);
#16883 = CARTESIAN_POINT('',(-11.22607442486,-18.79809243132,0.4));
#16884 = DIRECTION('',(-0.,-0.,-1.));
#16885 = DIRECTION('',(-1.,0.,0.));
#16886 = ADVANCED_FACE('',(#16887),#17009,.T.);
#16887 = FACE_BOUND('',#16888,.T.);
#16888 = EDGE_LOOP('',(#16889,#16890,#16891,#16892,#16893,#16894,#16895,
    #16896,#16897,#16898,#16899,#16900,#16901,#16902,#16903,#16904,
    #16905,#16906,#16907,#16908,#16909,#16910,#16911,#16912,#16913,
    #16914,#16915,#16916,#16917,#16918,#16919,#16920,#16921,#16922,
    #16923,#16924,#16925,#16926,#16927,#16928,#16929,#16930,#16931,
    #16932,#16933,#16934,#16935,#16936,#16937,#16938,#16939,#16940,
    #16941,#16942,#16943,#16944,#16945,#16946,#16947,#16948,#16949,
    #16950,#16951,#16952,#16953,#16954,#16955,#16956,#16957,#16958,
    #16959,#16960,#16961,#16962,#16963,#16971,#16979,#16985,#16986,
    #16987,#16988,#16989,#16990,#16991,#16992,#16993,#16994,#16995,
    #16996,#16997,#16998,#16999,#17000,#17001,#17002,#17003,#17004,
    #17005,#17006,#17007,#17008));
#16889 = ORIENTED_EDGE('',*,*,#16505,.F.);
#16890 = ORIENTED_EDGE('',*,*,#10937,.T.);
#16891 = ORIENTED_EDGE('',*,*,#10859,.T.);
#16892 = ORIENTED_EDGE('',*,*,#10821,.T.);
#16893 = ORIENTED_EDGE('',*,*,#10790,.T.);
#16894 = ORIENTED_EDGE('',*,*,#10759,.T.);
#16895 = ORIENTED_EDGE('',*,*,#10728,.T.);
#16896 = ORIENTED_EDGE('',*,*,#10697,.T.);
#16897 = ORIENTED_EDGE('',*,*,#10666,.T.);
#16898 = ORIENTED_EDGE('',*,*,#10635,.T.);
#16899 = ORIENTED_EDGE('',*,*,#10604,.T.);
#16900 = ORIENTED_EDGE('',*,*,#10573,.T.);
#16901 = ORIENTED_EDGE('',*,*,#10542,.T.);
#16902 = ORIENTED_EDGE('',*,*,#10511,.T.);
#16903 = ORIENTED_EDGE('',*,*,#10480,.T.);
#16904 = ORIENTED_EDGE('',*,*,#10449,.T.);
#16905 = ORIENTED_EDGE('',*,*,#10418,.T.);
#16906 = ORIENTED_EDGE('',*,*,#10387,.T.);
#16907 = ORIENTED_EDGE('',*,*,#10356,.T.);
#16908 = ORIENTED_EDGE('',*,*,#10325,.T.);
#16909 = ORIENTED_EDGE('',*,*,#10294,.T.);
#16910 = ORIENTED_EDGE('',*,*,#10263,.T.);
#16911 = ORIENTED_EDGE('',*,*,#10202,.T.);
#16912 = ORIENTED_EDGE('',*,*,#10163,.T.);
#16913 = ORIENTED_EDGE('',*,*,#10132,.T.);
#16914 = ORIENTED_EDGE('',*,*,#10101,.T.);
#16915 = ORIENTED_EDGE('',*,*,#10070,.T.);
#16916 = ORIENTED_EDGE('',*,*,#10039,.T.);
#16917 = ORIENTED_EDGE('',*,*,#10008,.T.);
#16918 = ORIENTED_EDGE('',*,*,#9977,.T.);
#16919 = ORIENTED_EDGE('',*,*,#9946,.T.);
#16920 = ORIENTED_EDGE('',*,*,#9915,.T.);
#16921 = ORIENTED_EDGE('',*,*,#9884,.T.);
#16922 = ORIENTED_EDGE('',*,*,#9853,.T.);
#16923 = ORIENTED_EDGE('',*,*,#9822,.T.);
#16924 = ORIENTED_EDGE('',*,*,#9791,.T.);
#16925 = ORIENTED_EDGE('',*,*,#9760,.T.);
#16926 = ORIENTED_EDGE('',*,*,#9729,.T.);
#16927 = ORIENTED_EDGE('',*,*,#9698,.T.);
#16928 = ORIENTED_EDGE('',*,*,#9667,.T.);
#16929 = ORIENTED_EDGE('',*,*,#9636,.T.);
#16930 = ORIENTED_EDGE('',*,*,#9605,.T.);
#16931 = ORIENTED_EDGE('',*,*,#9574,.T.);
#16932 = ORIENTED_EDGE('',*,*,#9543,.T.);
#16933 = ORIENTED_EDGE('',*,*,#9147,.T.);
#16934 = ORIENTED_EDGE('',*,*,#8891,.T.);
#16935 = ORIENTED_EDGE('',*,*,#8833,.T.);
#16936 = ORIENTED_EDGE('',*,*,#8802,.T.);
#16937 = ORIENTED_EDGE('',*,*,#9107,.T.);
#16938 = ORIENTED_EDGE('',*,*,#9510,.T.);
#16939 = ORIENTED_EDGE('',*,*,#11519,.T.);
#16940 = ORIENTED_EDGE('',*,*,#11502,.T.);
#16941 = ORIENTED_EDGE('',*,*,#11478,.T.);
#16942 = ORIENTED_EDGE('',*,*,#11454,.T.);
#16943 = ORIENTED_EDGE('',*,*,#11430,.T.);
#16944 = ORIENTED_EDGE('',*,*,#11406,.T.);
#16945 = ORIENTED_EDGE('',*,*,#11382,.T.);
#16946 = ORIENTED_EDGE('',*,*,#11358,.T.);
#16947 = ORIENTED_EDGE('',*,*,#11334,.T.);
#16948 = ORIENTED_EDGE('',*,*,#11310,.T.);
#16949 = ORIENTED_EDGE('',*,*,#11286,.T.);
#16950 = ORIENTED_EDGE('',*,*,#11262,.T.);
#16951 = ORIENTED_EDGE('',*,*,#11238,.T.);
#16952 = ORIENTED_EDGE('',*,*,#11214,.T.);
#16953 = ORIENTED_EDGE('',*,*,#11190,.T.);
#16954 = ORIENTED_EDGE('',*,*,#11166,.T.);
#16955 = ORIENTED_EDGE('',*,*,#11142,.T.);
#16956 = ORIENTED_EDGE('',*,*,#11118,.T.);
#16957 = ORIENTED_EDGE('',*,*,#11094,.T.);
#16958 = ORIENTED_EDGE('',*,*,#11070,.T.);
#16959 = ORIENTED_EDGE('',*,*,#11046,.T.);
#16960 = ORIENTED_EDGE('',*,*,#11015,.T.);
#16961 = ORIENTED_EDGE('',*,*,#11920,.T.);
#16962 = ORIENTED_EDGE('',*,*,#11890,.T.);
#16963 = ORIENTED_EDGE('',*,*,#16964,.T.);
#16964 = EDGE_CURVE('',#11891,#16965,#16967,.T.);
#16965 = VERTEX_POINT('',#16966);
#16966 = CARTESIAN_POINT('',(9.6,16.2,19.2));
#16967 = LINE('',#16968,#16969);
#16968 = CARTESIAN_POINT('',(-26.4,16.2,19.2));
#16969 = VECTOR('',#16970,1.);
#16970 = DIRECTION('',(1.,0.,-0.));
#16971 = ORIENTED_EDGE('',*,*,#16972,.T.);
#16972 = EDGE_CURVE('',#16965,#16973,#16975,.T.);
#16973 = VERTEX_POINT('',#16974);
#16974 = CARTESIAN_POINT('',(9.6,17.95,19.2));
#16975 = LINE('',#16976,#16977);
#16976 = CARTESIAN_POINT('',(9.6,16.2,19.2));
#16977 = VECTOR('',#16978,1.);
#16978 = DIRECTION('',(-0.,1.,0.));
#16979 = ORIENTED_EDGE('',*,*,#16980,.F.);
#16980 = EDGE_CURVE('',#13442,#16973,#16981,.T.);
#16981 = LINE('',#16982,#16983);
#16982 = CARTESIAN_POINT('',(-26.4,17.95,19.2));
#16983 = VECTOR('',#16984,1.);
#16984 = DIRECTION('',(1.,0.,-0.));
#16985 = ORIENTED_EDGE('',*,*,#13449,.T.);
#16986 = ORIENTED_EDGE('',*,*,#13417,.T.);
#16987 = ORIENTED_EDGE('',*,*,#13386,.T.);
#16988 = ORIENTED_EDGE('',*,*,#13355,.T.);
#16989 = ORIENTED_EDGE('',*,*,#13324,.T.);
#16990 = ORIENTED_EDGE('',*,*,#13293,.T.);
#16991 = ORIENTED_EDGE('',*,*,#13262,.T.);
#16992 = ORIENTED_EDGE('',*,*,#13216,.T.);
#16993 = ORIENTED_EDGE('',*,*,#13177,.F.);
#16994 = ORIENTED_EDGE('',*,*,#12569,.F.);
#16995 = ORIENTED_EDGE('',*,*,#11865,.T.);
#16996 = ORIENTED_EDGE('',*,*,#11809,.T.);
#16997 = ORIENTED_EDGE('',*,*,#11785,.T.);
#16998 = ORIENTED_EDGE('',*,*,#11761,.T.);
#16999 = ORIENTED_EDGE('',*,*,#11737,.T.);
#17000 = ORIENTED_EDGE('',*,*,#11713,.T.);
#17001 = ORIENTED_EDGE('',*,*,#11689,.T.);
#17002 = ORIENTED_EDGE('',*,*,#11665,.T.);
#17003 = ORIENTED_EDGE('',*,*,#11641,.T.);
#17004 = ORIENTED_EDGE('',*,*,#11617,.T.);
#17005 = ORIENTED_EDGE('',*,*,#11593,.T.);
#17006 = ORIENTED_EDGE('',*,*,#11569,.T.);
#17007 = ORIENTED_EDGE('',*,*,#11544,.T.);
#17008 = ORIENTED_EDGE('',*,*,#2014,.F.);
#17009 = PLANE('',#17010);
#17010 = AXIS2_PLACEMENT_3D('',#17011,#17012,#17013);
#17011 = CARTESIAN_POINT('',(-18.55260486373,7.555560113772,19.2));
#17012 = DIRECTION('',(0.,0.,1.));
#17013 = DIRECTION('',(1.,0.,-0.));
#17014 = ADVANCED_FACE('',(#17015),#17065,.T.);
#17015 = FACE_BOUND('',#17016,.T.);
#17016 = EDGE_LOOP('',(#17017,#17027,#17035,#17043,#17051,#17059));
#17017 = ORIENTED_EDGE('',*,*,#17018,.F.);
#17018 = EDGE_CURVE('',#17019,#17021,#17023,.T.);
#17019 = VERTEX_POINT('',#17020);
#17020 = CARTESIAN_POINT('',(5.36,17.87,16.3));
#17021 = VERTEX_POINT('',#17022);
#17022 = CARTESIAN_POINT('',(5.36,17.95,16.3));
#17023 = LINE('',#17024,#17025);
#17024 = CARTESIAN_POINT('',(5.36,17.87,16.3));
#17025 = VECTOR('',#17026,1.);
#17026 = DIRECTION('',(-0.,1.,0.));
#17027 = ORIENTED_EDGE('',*,*,#17028,.F.);
#17028 = EDGE_CURVE('',#17029,#17019,#17031,.T.);
#17029 = VERTEX_POINT('',#17030);
#17030 = CARTESIAN_POINT('',(5.36,17.87,14.4));
#17031 = LINE('',#17032,#17033);
#17032 = CARTESIAN_POINT('',(5.36,17.87,14.4));
#17033 = VECTOR('',#17034,1.);
#17034 = DIRECTION('',(0.,0.,1.));
#17035 = ORIENTED_EDGE('',*,*,#17036,.T.);
#17036 = EDGE_CURVE('',#17029,#17037,#17039,.T.);
#17037 = VERTEX_POINT('',#17038);
#17038 = CARTESIAN_POINT('',(5.36,19.3,14.4));
#17039 = LINE('',#17040,#17041);
#17040 = CARTESIAN_POINT('',(5.36,17.87,14.4));
#17041 = VECTOR('',#17042,1.);
#17042 = DIRECTION('',(-0.,1.,0.));
#17043 = ORIENTED_EDGE('',*,*,#17044,.T.);
#17044 = EDGE_CURVE('',#17037,#17045,#17047,.T.);
#17045 = VERTEX_POINT('',#17046);
#17046 = CARTESIAN_POINT('',(5.36,19.3,16.2));
#17047 = LINE('',#17048,#17049);
#17048 = CARTESIAN_POINT('',(5.36,19.3,14.4));
#17049 = VECTOR('',#17050,1.);
#17050 = DIRECTION('',(0.,0.,1.));
#17051 = ORIENTED_EDGE('',*,*,#17052,.F.);
#17052 = EDGE_CURVE('',#17053,#17045,#17055,.T.);
#17053 = VERTEX_POINT('',#17054);
#17054 = CARTESIAN_POINT('',(5.36,17.95,16.2));
#17055 = LINE('',#17056,#17057);
#17056 = CARTESIAN_POINT('',(5.36,17.035,16.2));
#17057 = VECTOR('',#17058,1.);
#17058 = DIRECTION('',(-0.,1.,0.));
#17059 = ORIENTED_EDGE('',*,*,#17060,.F.);
#17060 = EDGE_CURVE('',#17021,#17053,#17061,.T.);
#17061 = LINE('',#17062,#17063);
#17062 = CARTESIAN_POINT('',(5.36,17.95,12.95));
#17063 = VECTOR('',#17064,1.);
#17064 = DIRECTION('',(-0.,0.,-1.));
#17065 = PLANE('',#17066);
#17066 = AXIS2_PLACEMENT_3D('',#17067,#17068,#17069);
#17067 = CARTESIAN_POINT('',(5.36,17.87,14.4));
#17068 = DIRECTION('',(1.,0.,-0.));
#17069 = DIRECTION('',(0.,0.,1.));
#17070 = ADVANCED_FACE('',(#17071),#17096,.F.);
#17071 = FACE_BOUND('',#17072,.F.);
#17072 = EDGE_LOOP('',(#17073,#17074,#17082,#17090));
#17073 = ORIENTED_EDGE('',*,*,#17018,.F.);
#17074 = ORIENTED_EDGE('',*,*,#17075,.T.);
#17075 = EDGE_CURVE('',#17019,#17076,#17078,.T.);
#17076 = VERTEX_POINT('',#17077);
#17077 = CARTESIAN_POINT('',(9.6,17.87,16.3));
#17078 = LINE('',#17079,#17080);
#17079 = CARTESIAN_POINT('',(5.36,17.87,16.3));
#17080 = VECTOR('',#17081,1.);
#17081 = DIRECTION('',(1.,0.,-0.));
#17082 = ORIENTED_EDGE('',*,*,#17083,.T.);
#17083 = EDGE_CURVE('',#17076,#17084,#17086,.T.);
#17084 = VERTEX_POINT('',#17085);
#17085 = CARTESIAN_POINT('',(9.6,17.95,16.3));
#17086 = LINE('',#17087,#17088);
#17087 = CARTESIAN_POINT('',(9.6,17.87,16.3));
#17088 = VECTOR('',#17089,1.);
#17089 = DIRECTION('',(-0.,1.,0.));
#17090 = ORIENTED_EDGE('',*,*,#17091,.F.);
#17091 = EDGE_CURVE('',#17021,#17084,#17092,.T.);
#17092 = LINE('',#17093,#17094);
#17093 = CARTESIAN_POINT('',(-10.52,17.95,16.3));
#17094 = VECTOR('',#17095,1.);
#17095 = DIRECTION('',(1.,0.,-0.));
#17096 = PLANE('',#17097);
#17097 = AXIS2_PLACEMENT_3D('',#17098,#17099,#17100);
#17098 = CARTESIAN_POINT('',(5.36,17.87,16.3));
#17099 = DIRECTION('',(0.,0.,1.));
#17100 = DIRECTION('',(1.,0.,-0.));
#17101 = ADVANCED_FACE('',(#17102),#17134,.T.);
#17102 = FACE_BOUND('',#17103,.T.);
#17103 = EDGE_LOOP('',(#17104,#17112,#17120,#17126,#17127,#17133));
#17104 = ORIENTED_EDGE('',*,*,#17105,.F.);
#17105 = EDGE_CURVE('',#17106,#16965,#17108,.T.);
#17106 = VERTEX_POINT('',#17107);
#17107 = CARTESIAN_POINT('',(9.6,16.2,16.2));
#17108 = LINE('',#17109,#17110);
#17109 = CARTESIAN_POINT('',(9.6,16.2,11.5));
#17110 = VECTOR('',#17111,1.);
#17111 = DIRECTION('',(0.,0.,1.));
#17112 = ORIENTED_EDGE('',*,*,#17113,.T.);
#17113 = EDGE_CURVE('',#17106,#17114,#17116,.T.);
#17114 = VERTEX_POINT('',#17115);
#17115 = CARTESIAN_POINT('',(9.6,17.87,16.2));
#17116 = LINE('',#17117,#17118);
#17117 = CARTESIAN_POINT('',(9.6,16.2,16.2));
#17118 = VECTOR('',#17119,1.);
#17119 = DIRECTION('',(-0.,1.,0.));
#17120 = ORIENTED_EDGE('',*,*,#17121,.T.);
#17121 = EDGE_CURVE('',#17114,#17076,#17122,.T.);
#17122 = LINE('',#17123,#17124);
#17123 = CARTESIAN_POINT('',(9.6,17.87,14.4));
#17124 = VECTOR('',#17125,1.);
#17125 = DIRECTION('',(0.,0.,1.));
#17126 = ORIENTED_EDGE('',*,*,#17083,.T.);
#17127 = ORIENTED_EDGE('',*,*,#17128,.T.);
#17128 = EDGE_CURVE('',#17084,#16973,#17129,.T.);
#17129 = LINE('',#17130,#17131);
#17130 = CARTESIAN_POINT('',(9.6,17.95,11.5));
#17131 = VECTOR('',#17132,1.);
#17132 = DIRECTION('',(0.,0.,1.));
#17133 = ORIENTED_EDGE('',*,*,#16972,.F.);
#17134 = PLANE('',#17135);
#17135 = AXIS2_PLACEMENT_3D('',#17136,#17137,#17138);
#17136 = CARTESIAN_POINT('',(9.6,16.2,11.5));
#17137 = DIRECTION('',(1.,0.,-0.));
#17138 = DIRECTION('',(0.,0.,1.));
#17139 = ADVANCED_FACE('',(#17140),#17159,.T.);
#17140 = FACE_BOUND('',#17141,.T.);
#17141 = EDGE_LOOP('',(#17142,#17150,#17151,#17152,#17153));
#17142 = ORIENTED_EDGE('',*,*,#17143,.F.);
#17143 = EDGE_CURVE('',#17029,#17144,#17146,.T.);
#17144 = VERTEX_POINT('',#17145);
#17145 = CARTESIAN_POINT('',(9.6,17.87,14.4));
#17146 = LINE('',#17147,#17148);
#17147 = CARTESIAN_POINT('',(5.36,17.87,14.4));
#17148 = VECTOR('',#17149,1.);
#17149 = DIRECTION('',(1.,0.,-0.));
#17150 = ORIENTED_EDGE('',*,*,#17028,.T.);
#17151 = ORIENTED_EDGE('',*,*,#17075,.T.);
#17152 = ORIENTED_EDGE('',*,*,#17121,.F.);
#17153 = ORIENTED_EDGE('',*,*,#17154,.F.);
#17154 = EDGE_CURVE('',#17144,#17114,#17155,.T.);
#17155 = LINE('',#17156,#17157);
#17156 = CARTESIAN_POINT('',(9.6,17.87,14.4));
#17157 = VECTOR('',#17158,1.);
#17158 = DIRECTION('',(0.,0.,1.));
#17159 = PLANE('',#17160);
#17160 = AXIS2_PLACEMENT_3D('',#17161,#17162,#17163);
#17161 = CARTESIAN_POINT('',(5.36,17.87,14.4));
#17162 = DIRECTION('',(-0.,1.,0.));
#17163 = DIRECTION('',(0.,0.,1.));
#17164 = ADVANCED_FACE('',(#17165),#17199,.T.);
#17165 = FACE_BOUND('',#17166,.T.);
#17166 = EDGE_LOOP('',(#17167,#17175,#17176,#17177,#17185,#17193));
#17167 = ORIENTED_EDGE('',*,*,#17168,.F.);
#17168 = EDGE_CURVE('',#17037,#17169,#17171,.T.);
#17169 = VERTEX_POINT('',#17170);
#17170 = CARTESIAN_POINT('',(7.927962364087,19.3,14.4));
#17171 = LINE('',#17172,#17173);
#17172 = CARTESIAN_POINT('',(5.36,19.3,14.4));
#17173 = VECTOR('',#17174,1.);
#17174 = DIRECTION('',(1.,0.,-0.));
#17175 = ORIENTED_EDGE('',*,*,#17036,.F.);
#17176 = ORIENTED_EDGE('',*,*,#17143,.T.);
#17177 = ORIENTED_EDGE('',*,*,#17178,.T.);
#17178 = EDGE_CURVE('',#17144,#17179,#17181,.T.);
#17179 = VERTEX_POINT('',#17180);
#17180 = CARTESIAN_POINT('',(9.6,17.95,14.4));
#17181 = LINE('',#17182,#17183);
#17182 = CARTESIAN_POINT('',(9.6,17.87,14.4));
#17183 = VECTOR('',#17184,1.);
#17184 = DIRECTION('',(-0.,1.,0.));
#17185 = ORIENTED_EDGE('',*,*,#17186,.F.);
#17186 = EDGE_CURVE('',#17187,#17179,#17189,.T.);
#17187 = VERTEX_POINT('',#17188);
#17188 = CARTESIAN_POINT('',(7.927962364087,17.95,14.4));
#17189 = LINE('',#17190,#17191);
#17190 = CARTESIAN_POINT('',(-10.52,17.95,14.4));
#17191 = VECTOR('',#17192,1.);
#17192 = DIRECTION('',(1.,0.,-0.));
#17193 = ORIENTED_EDGE('',*,*,#17194,.F.);
#17194 = EDGE_CURVE('',#17169,#17187,#17195,.T.);
#17195 = LINE('',#17196,#17197);
#17196 = CARTESIAN_POINT('',(7.927962364087,17.87,14.4));
#17197 = VECTOR('',#17198,1.);
#17198 = DIRECTION('',(-9.918448622263E-17,-1.,0.));
#17199 = PLANE('',#17200);
#17200 = AXIS2_PLACEMENT_3D('',#17201,#17202,#17203);
#17201 = CARTESIAN_POINT('',(5.36,17.87,14.4));
#17202 = DIRECTION('',(0.,0.,1.));
#17203 = DIRECTION('',(1.,0.,-0.));
#17204 = ADVANCED_FACE('',(#17205),#17230,.T.);
#17205 = FACE_BOUND('',#17206,.T.);
#17206 = EDGE_LOOP('',(#17207,#17208,#17216,#17224));
#17207 = ORIENTED_EDGE('',*,*,#17194,.T.);
#17208 = ORIENTED_EDGE('',*,*,#17209,.T.);
#17209 = EDGE_CURVE('',#17187,#17210,#17212,.T.);
#17210 = VERTEX_POINT('',#17211);
#17211 = CARTESIAN_POINT('',(8.216082540056,17.95,14.174316583786));
#17212 = LINE('',#17213,#17214);
#17213 = CARTESIAN_POINT('',(-1.861462015244,17.95,22.068018143003));
#17214 = VECTOR('',#17215,1.);
#17215 = DIRECTION('',(0.787242274748,0.,-0.616643820085));
#17216 = ORIENTED_EDGE('',*,*,#17217,.T.);
#17217 = EDGE_CURVE('',#17210,#17218,#17220,.T.);
#17218 = VERTEX_POINT('',#17219);
#17219 = CARTESIAN_POINT('',(8.216082540056,19.3,14.174316583786));
#17220 = LINE('',#17221,#17222);
#17221 = CARTESIAN_POINT('',(8.216082540056,17.87,14.174316583786));
#17222 = VECTOR('',#17223,1.);
#17223 = DIRECTION('',(4.440892098501E-16,1.,-6.661338147751E-16));
#17224 = ORIENTED_EDGE('',*,*,#17225,.T.);
#17225 = EDGE_CURVE('',#17218,#17169,#17226,.T.);
#17226 = LINE('',#17227,#17228);
#17227 = CARTESIAN_POINT('',(8.216082540056,19.3,14.174316583786));
#17228 = VECTOR('',#17229,1.);
#17229 = DIRECTION('',(-0.787242274748,7.982535664508E-16,0.616643820085
    ));
#17230 = PLANE('',#17231);
#17231 = AXIS2_PLACEMENT_3D('',#17232,#17233,#17234);
#17232 = CARTESIAN_POINT('',(8.216082540056,17.87,14.174316583786));
#17233 = DIRECTION('',(0.616643820085,-6.116150047753E-17,0.787242274748
    ));
#17234 = DIRECTION('',(-0.787242274748,7.982535664508E-16,0.616643820085
    ));
#17235 = ADVANCED_FACE('',(#17236),#17270,.T.);
#17236 = FACE_BOUND('',#17237,.T.);
#17237 = EDGE_LOOP('',(#17238,#17248,#17256,#17262,#17263,#17264));
#17238 = ORIENTED_EDGE('',*,*,#17239,.F.);
#17239 = EDGE_CURVE('',#17240,#17242,#17244,.T.);
#17240 = VERTEX_POINT('',#17241);
#17241 = CARTESIAN_POINT('',(9.229644546024,17.95,13.2));
#17242 = VERTEX_POINT('',#17243);
#17243 = CARTESIAN_POINT('',(9.6,17.95,13.2));
#17244 = LINE('',#17245,#17246);
#17245 = CARTESIAN_POINT('',(-26.4,17.95,13.2));
#17246 = VECTOR('',#17247,1.);
#17247 = DIRECTION('',(1.,0.,-0.));
#17248 = ORIENTED_EDGE('',*,*,#17249,.F.);
#17249 = EDGE_CURVE('',#17250,#17240,#17252,.T.);
#17250 = VERTEX_POINT('',#17251);
#17251 = CARTESIAN_POINT('',(8.947274212115,17.95,13.503117339368));
#17252 = LINE('',#17253,#17254);
#17253 = CARTESIAN_POINT('',(1.573737536795,17.95,21.418420578964));
#17254 = VECTOR('',#17255,1.);
#17255 = DIRECTION('',(0.681622338838,0.,-0.731704166448));
#17256 = ORIENTED_EDGE('',*,*,#17257,.F.);
#17257 = EDGE_CURVE('',#17210,#17250,#17258,.T.);
#17258 = LINE('',#17259,#17260);
#17259 = CARTESIAN_POINT('',(-0.145268269295,17.95,21.849639703565));
#17260 = VECTOR('',#17261,1.);
#17261 = DIRECTION('',(0.736682111964,0.,-0.676239207612));
#17262 = ORIENTED_EDGE('',*,*,#17209,.F.);
#17263 = ORIENTED_EDGE('',*,*,#17186,.T.);
#17264 = ORIENTED_EDGE('',*,*,#17265,.F.);
#17265 = EDGE_CURVE('',#17242,#17179,#17266,.T.);
#17266 = LINE('',#17267,#17268);
#17267 = CARTESIAN_POINT('',(9.6,17.95,11.5));
#17268 = VECTOR('',#17269,1.);
#17269 = DIRECTION('',(0.,0.,1.));
#17270 = PLANE('',#17271);
#17271 = AXIS2_PLACEMENT_3D('',#17272,#17273,#17274);
#17272 = CARTESIAN_POINT('',(-26.4,17.95,11.5));
#17273 = DIRECTION('',(-0.,1.,0.));
#17274 = DIRECTION('',(0.,0.,1.));
#17275 = ADVANCED_FACE('',(#17276),#17294,.T.);
#17276 = FACE_BOUND('',#17277,.T.);
#17277 = EDGE_LOOP('',(#17278,#17279,#17287,#17293));
#17278 = ORIENTED_EDGE('',*,*,#17257,.T.);
#17279 = ORIENTED_EDGE('',*,*,#17280,.T.);
#17280 = EDGE_CURVE('',#17250,#17281,#17283,.T.);
#17281 = VERTEX_POINT('',#17282);
#17282 = CARTESIAN_POINT('',(8.947274212115,19.3,13.503117339368));
#17283 = LINE('',#17284,#17285);
#17284 = CARTESIAN_POINT('',(8.947274212115,17.87,13.503117339368));
#17285 = VECTOR('',#17286,1.);
#17286 = DIRECTION('',(4.440892098501E-16,1.,-6.661338147751E-16));
#17287 = ORIENTED_EDGE('',*,*,#17288,.T.);
#17288 = EDGE_CURVE('',#17281,#17218,#17289,.T.);
#17289 = LINE('',#17290,#17291);
#17290 = CARTESIAN_POINT('',(8.947274212115,19.3,13.503117339368));
#17291 = VECTOR('',#17292,1.);
#17292 = DIRECTION('',(-0.736682111964,7.910394008974E-16,0.676239207612
    ));
#17293 = ORIENTED_EDGE('',*,*,#17217,.F.);
#17294 = PLANE('',#17295);
#17295 = AXIS2_PLACEMENT_3D('',#17296,#17297,#17298);
#17296 = CARTESIAN_POINT('',(8.947274212115,17.87,13.503117339368));
#17297 = DIRECTION('',(0.676239207612,-1.233132260546E-16,0.736682111964
    ));
#17298 = DIRECTION('',(-0.736682111964,7.910394008974E-16,0.676239207612
    ));
#17299 = ADVANCED_FACE('',(#17300),#17325,.T.);
#17300 = FACE_BOUND('',#17301,.T.);
#17301 = EDGE_LOOP('',(#17302,#17312,#17318,#17319));
#17302 = ORIENTED_EDGE('',*,*,#17303,.F.);
#17303 = EDGE_CURVE('',#17304,#17306,#17308,.T.);
#17304 = VERTEX_POINT('',#17305);
#17305 = CARTESIAN_POINT('',(9.229644546024,19.3,13.2));
#17306 = VERTEX_POINT('',#17307);
#17307 = CARTESIAN_POINT('',(9.6,19.3,13.2));
#17308 = LINE('',#17309,#17310);
#17309 = CARTESIAN_POINT('',(-26.4,19.3,13.2));
#17310 = VECTOR('',#17311,1.);
#17311 = DIRECTION('',(1.,0.,-0.));
#17312 = ORIENTED_EDGE('',*,*,#17313,.F.);
#17313 = EDGE_CURVE('',#17240,#17304,#17314,.T.);
#17314 = LINE('',#17315,#17316);
#17315 = CARTESIAN_POINT('',(9.229644546024,17.035,13.2));
#17316 = VECTOR('',#17317,1.);
#17317 = DIRECTION('',(2.524404947816E-16,1.,-0.));
#17318 = ORIENTED_EDGE('',*,*,#17239,.T.);
#17319 = ORIENTED_EDGE('',*,*,#17320,.F.);
#17320 = EDGE_CURVE('',#17306,#17242,#17321,.T.);
#17321 = LINE('',#17322,#17323);
#17322 = CARTESIAN_POINT('',(9.6,16.2,13.2));
#17323 = VECTOR('',#17324,1.);
#17324 = DIRECTION('',(0.,-1.,0.));
#17325 = PLANE('',#17326);
#17326 = AXIS2_PLACEMENT_3D('',#17327,#17328,#17329);
#17327 = CARTESIAN_POINT('',(-26.4,16.2,13.2));
#17328 = DIRECTION('',(0.,0.,1.));
#17329 = DIRECTION('',(1.,0.,-0.));
#17330 = ADVANCED_FACE('',(#17331),#17342,.T.);
#17331 = FACE_BOUND('',#17332,.T.);
#17332 = EDGE_LOOP('',(#17333,#17334,#17340,#17341));
#17333 = ORIENTED_EDGE('',*,*,#17313,.T.);
#17334 = ORIENTED_EDGE('',*,*,#17335,.T.);
#17335 = EDGE_CURVE('',#17304,#17281,#17336,.T.);
#17336 = LINE('',#17337,#17338);
#17337 = CARTESIAN_POINT('',(9.62381646766,19.3,12.776866512548));
#17338 = VECTOR('',#17339,1.);
#17339 = DIRECTION('',(-0.681622338838,7.789936139279E-16,0.731704166448
    ));
#17340 = ORIENTED_EDGE('',*,*,#17280,.F.);
#17341 = ORIENTED_EDGE('',*,*,#17249,.T.);
#17342 = PLANE('',#17343);
#17343 = AXIS2_PLACEMENT_3D('',#17344,#17345,#17346);
#17344 = CARTESIAN_POINT('',(9.62381646766,17.87,12.776866512548));
#17345 = DIRECTION('',(0.731704166448,-1.847117618118E-16,0.681622338838
    ));
#17346 = DIRECTION('',(-0.681622338838,7.789936139279E-16,0.731704166448
    ));
#17347 = ADVANCED_FACE('',(#17348,#17403),#17408,.T.);
#17348 = FACE_BOUND('',#17349,.T.);
#17349 = EDGE_LOOP('',(#17350,#17351,#17352,#17360,#17366,#17367,#17368,
    #17369,#17370,#17371,#17372,#17373,#17374,#17375,#17376,#17377,
    #17378,#17379,#17387,#17395,#17401,#17402));
#17350 = ORIENTED_EDGE('',*,*,#14265,.F.);
#17351 = ORIENTED_EDGE('',*,*,#13154,.F.);
#17352 = ORIENTED_EDGE('',*,*,#17353,.T.);
#17353 = EDGE_CURVE('',#13124,#17354,#17356,.T.);
#17354 = VERTEX_POINT('',#17355);
#17355 = CARTESIAN_POINT('',(34.,-26.2,19.2));
#17356 = LINE('',#17357,#17358);
#17357 = CARTESIAN_POINT('',(12.2,-26.2,19.2));
#17358 = VECTOR('',#17359,1.);
#17359 = DIRECTION('',(1.,0.,-0.));
#17360 = ORIENTED_EDGE('',*,*,#17361,.T.);
#17361 = EDGE_CURVE('',#17354,#1396,#17362,.T.);
#17362 = LINE('',#17363,#17364);
#17363 = CARTESIAN_POINT('',(34.,-26.2,19.2));
#17364 = VECTOR('',#17365,1.);
#17365 = DIRECTION('',(0.,1.,0.));
#17366 = ORIENTED_EDGE('',*,*,#1403,.T.);
#17367 = ORIENTED_EDGE('',*,*,#1357,.T.);
#17368 = ORIENTED_EDGE('',*,*,#1691,.F.);
#17369 = ORIENTED_EDGE('',*,*,#1773,.F.);
#17370 = ORIENTED_EDGE('',*,*,#1733,.F.);
#17371 = ORIENTED_EDGE('',*,*,#995,.T.);
#17372 = ORIENTED_EDGE('',*,*,#965,.F.);
#17373 = ORIENTED_EDGE('',*,*,#916,.F.);
#17374 = ORIENTED_EDGE('',*,*,#742,.T.);
#17375 = ORIENTED_EDGE('',*,*,#1757,.F.);
#17376 = ORIENTED_EDGE('',*,*,#1708,.F.);
#17377 = ORIENTED_EDGE('',*,*,#480,.T.);
#17378 = ORIENTED_EDGE('',*,*,#450,.T.);
#17379 = ORIENTED_EDGE('',*,*,#17380,.T.);
#17380 = EDGE_CURVE('',#451,#17381,#17383,.T.);
#17381 = VERTEX_POINT('',#17382);
#17382 = CARTESIAN_POINT('',(13.85,-14.2,19.2));
#17383 = LINE('',#17384,#17385);
#17384 = CARTESIAN_POINT('',(13.85,-15.95,19.2));
#17385 = VECTOR('',#17386,1.);
#17386 = DIRECTION('',(-0.,1.,0.));
#17387 = ORIENTED_EDGE('',*,*,#17388,.F.);
#17388 = EDGE_CURVE('',#17389,#17381,#17391,.T.);
#17389 = VERTEX_POINT('',#17390);
#17390 = CARTESIAN_POINT('',(-16.,-14.2,19.2));
#17391 = LINE('',#17392,#17393);
#17392 = CARTESIAN_POINT('',(-16.,-14.2,19.2));
#17393 = VECTOR('',#17394,1.);
#17394 = DIRECTION('',(1.,0.,-0.));
#17395 = ORIENTED_EDGE('',*,*,#17396,.F.);
#17396 = EDGE_CURVE('',#13742,#17389,#17397,.T.);
#17397 = LINE('',#17398,#17399);
#17398 = CARTESIAN_POINT('',(-16.,-15.95,19.2));
#17399 = VECTOR('',#17400,1.);
#17400 = DIRECTION('',(-0.,1.,0.));
#17401 = ORIENTED_EDGE('',*,*,#13749,.T.);
#17402 = ORIENTED_EDGE('',*,*,#14390,.F.);
#17403 = FACE_BOUND('',#17404,.T.);
#17404 = EDGE_LOOP('',(#17405,#17406,#17407));
#17405 = ORIENTED_EDGE('',*,*,#505,.T.);
#17406 = ORIENTED_EDGE('',*,*,#609,.F.);
#17407 = ORIENTED_EDGE('',*,*,#554,.T.);
#17408 = PLANE('',#17409);
#17409 = AXIS2_PLACEMENT_3D('',#17410,#17411,#17412);
#17410 = CARTESIAN_POINT('',(15.517545132202,-7.982648717512,19.2));
#17411 = DIRECTION('',(0.,0.,1.));
#17412 = DIRECTION('',(1.,0.,-0.));
#17413 = ADVANCED_FACE('',(#17414),#17440,.T.);
#17414 = FACE_BOUND('',#17415,.T.);
#17415 = EDGE_LOOP('',(#17416,#17417,#17418,#17419,#17420,#17421,#17429,
    #17435,#17436,#17437,#17438,#17439));
#17416 = ORIENTED_EDGE('',*,*,#16789,.T.);
#17417 = ORIENTED_EDGE('',*,*,#15251,.T.);
#17418 = ORIENTED_EDGE('',*,*,#16543,.F.);
#17419 = ORIENTED_EDGE('',*,*,#11964,.T.);
#17420 = ORIENTED_EDGE('',*,*,#12600,.F.);
#17421 = ORIENTED_EDGE('',*,*,#17422,.T.);
#17422 = EDGE_CURVE('',#12601,#17423,#17425,.T.);
#17423 = VERTEX_POINT('',#17424);
#17424 = CARTESIAN_POINT('',(-26.46,28.,16.2));
#17425 = LINE('',#17426,#17427);
#17426 = CARTESIAN_POINT('',(-26.46,28.,0.4));
#17427 = VECTOR('',#17428,1.);
#17428 = DIRECTION('',(0.,0.,1.));
#17429 = ORIENTED_EDGE('',*,*,#17430,.T.);
#17430 = EDGE_CURVE('',#17423,#1093,#17431,.T.);
#17431 = LINE('',#17432,#17433);
#17432 = CARTESIAN_POINT('',(-26.46,28.,16.2));
#17433 = VECTOR('',#17434,1.);
#17434 = DIRECTION('',(1.,0.,-0.));
#17435 = ORIENTED_EDGE('',*,*,#1092,.F.);
#17436 = ORIENTED_EDGE('',*,*,#1789,.F.);
#17437 = ORIENTED_EDGE('',*,*,#13503,.T.);
#17438 = ORIENTED_EDGE('',*,*,#12624,.F.);
#17439 = ORIENTED_EDGE('',*,*,#12374,.F.);
#17440 = PLANE('',#17441);
#17441 = AXIS2_PLACEMENT_3D('',#17442,#17443,#17444);
#17442 = CARTESIAN_POINT('',(-8.51683013852,28.,11.185522596894));
#17443 = DIRECTION('',(0.,1.,0.));
#17444 = DIRECTION('',(0.,-0.,1.));
#17445 = ADVANCED_FACE('',(#17446),#17476,.T.);
#17446 = FACE_BOUND('',#17447,.T.);
#17447 = EDGE_LOOP('',(#17448,#17449,#17450,#17451,#17452,#17458,#17459,
    #17460,#17461,#17462,#17463,#17464,#17470,#17471,#17472,#17473,
    #17474,#17475));
#17448 = ORIENTED_EDGE('',*,*,#12718,.T.);
#17449 = ORIENTED_EDGE('',*,*,#13765,.T.);
#17450 = ORIENTED_EDGE('',*,*,#12831,.F.);
#17451 = ORIENTED_EDGE('',*,*,#13733,.T.);
#17452 = ORIENTED_EDGE('',*,*,#17453,.T.);
#17453 = EDGE_CURVE('',#13734,#12547,#17454,.T.);
#17454 = LINE('',#17455,#17456);
#17455 = CARTESIAN_POINT('',(-16.,-18.63,13.2));
#17456 = VECTOR('',#17457,1.);
#17457 = DIRECTION('',(-0.,1.,0.));
#17458 = ORIENTED_EDGE('',*,*,#12554,.T.);
#17459 = ORIENTED_EDGE('',*,*,#10225,.T.);
#17460 = ORIENTED_EDGE('',*,*,#12516,.T.);
#17461 = ORIENTED_EDGE('',*,*,#1981,.T.);
#17462 = ORIENTED_EDGE('',*,*,#1943,.T.);
#17463 = ORIENTED_EDGE('',*,*,#12680,.T.);
#17464 = ORIENTED_EDGE('',*,*,#17465,.T.);
#17465 = EDGE_CURVE('',#12681,#13122,#17466,.T.);
#17466 = LINE('',#17467,#17468);
#17467 = CARTESIAN_POINT('',(11.986,-26.2,13.2));
#17468 = VECTOR('',#17469,1.);
#17469 = DIRECTION('',(1.,0.,0.));
#17470 = ORIENTED_EDGE('',*,*,#13131,.T.);
#17471 = ORIENTED_EDGE('',*,*,#12758,.T.);
#17472 = ORIENTED_EDGE('',*,*,#13107,.F.);
#17473 = ORIENTED_EDGE('',*,*,#12868,.F.);
#17474 = ORIENTED_EDGE('',*,*,#12854,.F.);
#17475 = ORIENTED_EDGE('',*,*,#12790,.T.);
#17476 = PLANE('',#17477);
#17477 = AXIS2_PLACEMENT_3D('',#17478,#17479,#17480);
#17478 = CARTESIAN_POINT('',(-4.048045646424,-19.45189193096,13.2));
#17479 = DIRECTION('',(0.,0.,1.));
#17480 = DIRECTION('',(1.,0.,-0.));
#17481 = ADVANCED_FACE('',(#17482),#17507,.T.);
#17482 = FACE_BOUND('',#17483,.T.);
#17483 = EDGE_LOOP('',(#17484,#17485,#17491,#17492,#17493,#17501));
#17484 = ORIENTED_EDGE('',*,*,#1052,.F.);
#17485 = ORIENTED_EDGE('',*,*,#17486,.T.);
#17486 = EDGE_CURVE('',#1043,#1873,#17487,.T.);
#17487 = LINE('',#17488,#17489);
#17488 = CARTESIAN_POINT('',(11.57,21.3,13.2));
#17489 = VECTOR('',#17490,1.);
#17490 = DIRECTION('',(1.,0.,-0.));
#17491 = ORIENTED_EDGE('',*,*,#1870,.F.);
#17492 = ORIENTED_EDGE('',*,*,#1903,.T.);
#17493 = ORIENTED_EDGE('',*,*,#17494,.T.);
#17494 = EDGE_CURVE('',#1904,#17495,#17497,.T.);
#17495 = VERTEX_POINT('',#17496);
#17496 = CARTESIAN_POINT('',(16.17,23.07,13.2));
#17497 = LINE('',#17498,#17499);
#17498 = CARTESIAN_POINT('',(16.17,16.6,13.2));
#17499 = VECTOR('',#17500,1.);
#17500 = DIRECTION('',(-0.,1.,0.));
#17501 = ORIENTED_EDGE('',*,*,#17502,.F.);
#17502 = EDGE_CURVE('',#1053,#17495,#17503,.T.);
#17503 = LINE('',#17504,#17505);
#17504 = CARTESIAN_POINT('',(14.41,23.07,13.2));
#17505 = VECTOR('',#17506,1.);
#17506 = DIRECTION('',(1.,0.,-0.));
#17507 = PLANE('',#17508);
#17508 = AXIS2_PLACEMENT_3D('',#17509,#17510,#17511);
#17509 = CARTESIAN_POINT('',(14.472890695574,20.437890695574,13.2));
#17510 = DIRECTION('',(0.,0.,1.));
#17511 = DIRECTION('',(1.,0.,-0.));
#17512 = ADVANCED_FACE('',(#17513),#17603,.T.);
#17513 = FACE_BOUND('',#17514,.T.);
#17514 = EDGE_LOOP('',(#17515,#17521,#17522,#17523,#17524,#17525,#17526,
    #17527,#17533,#17534,#17542,#17550,#17558,#17566,#17572,#17573,
    #17581,#17587,#17588,#17594,#17595,#17601,#17602));
#17515 = ORIENTED_EDGE('',*,*,#17516,.F.);
#17516 = EDGE_CURVE('',#11842,#17423,#17517,.T.);
#17517 = LINE('',#17518,#17519);
#17518 = CARTESIAN_POINT('',(-26.46,15.9,16.2));
#17519 = VECTOR('',#17520,1.);
#17520 = DIRECTION('',(-0.,1.,0.));
#17521 = ORIENTED_EDGE('',*,*,#11849,.F.);
#17522 = ORIENTED_EDGE('',*,*,#12578,.T.);
#17523 = ORIENTED_EDGE('',*,*,#13168,.F.);
#17524 = ORIENTED_EDGE('',*,*,#13200,.F.);
#17525 = ORIENTED_EDGE('',*,*,#13230,.F.);
#17526 = ORIENTED_EDGE('',*,*,#14343,.T.);
#17527 = ORIENTED_EDGE('',*,*,#17528,.F.);
#17528 = EDGE_CURVE('',#14820,#14336,#17529,.T.);
#17529 = LINE('',#17530,#17531);
#17530 = CARTESIAN_POINT('',(-25.53,19.3,16.2));
#17531 = VECTOR('',#17532,1.);
#17532 = DIRECTION('',(-1.,-0.,0.));
#17533 = ORIENTED_EDGE('',*,*,#14827,.F.);
#17534 = ORIENTED_EDGE('',*,*,#17535,.T.);
#17535 = EDGE_CURVE('',#14804,#17536,#17538,.T.);
#17536 = VERTEX_POINT('',#17537);
#17537 = CARTESIAN_POINT('',(-4.908693908098,17.95,16.2));
#17538 = LINE('',#17539,#17540);
#17539 = CARTESIAN_POINT('',(-26.43,17.95,16.2));
#17540 = VECTOR('',#17541,1.);
#17541 = DIRECTION('',(1.,0.,-0.));
#17542 = ORIENTED_EDGE('',*,*,#17543,.F.);
#17543 = EDGE_CURVE('',#17544,#17536,#17546,.T.);
#17544 = VERTEX_POINT('',#17545);
#17545 = CARTESIAN_POINT('',(-4.908693908098,19.3,16.2));
#17546 = LINE('',#17547,#17548);
#17547 = CARTESIAN_POINT('',(-4.908693908098,17.035,16.2));
#17548 = VECTOR('',#17549,1.);
#17549 = DIRECTION('',(-1.634568842407E-15,-1.,0.));
#17550 = ORIENTED_EDGE('',*,*,#17551,.T.);
#17551 = EDGE_CURVE('',#17544,#17552,#17554,.T.);
#17552 = VERTEX_POINT('',#17553);
#17553 = CARTESIAN_POINT('',(4.908693908098,19.3,16.2));
#17554 = LINE('',#17555,#17556);
#17555 = CARTESIAN_POINT('',(-13.23,19.3,16.2));
#17556 = VECTOR('',#17557,1.);
#17557 = DIRECTION('',(1.,-4.440892098501E-16,0.));
#17558 = ORIENTED_EDGE('',*,*,#17559,.F.);
#17559 = EDGE_CURVE('',#17560,#17552,#17562,.T.);
#17560 = VERTEX_POINT('',#17561);
#17561 = CARTESIAN_POINT('',(4.908693908098,17.95,16.2));
#17562 = LINE('',#17563,#17564);
#17563 = CARTESIAN_POINT('',(4.908693908098,17.035,16.2));
#17564 = VECTOR('',#17565,1.);
#17565 = DIRECTION('',(-3.023012128571E-16,1.,0.));
#17566 = ORIENTED_EDGE('',*,*,#17567,.T.);
#17567 = EDGE_CURVE('',#17560,#17053,#17568,.T.);
#17568 = LINE('',#17569,#17570);
#17569 = CARTESIAN_POINT('',(-26.43,17.95,16.2));
#17570 = VECTOR('',#17571,1.);
#17571 = DIRECTION('',(1.,0.,-0.));
#17572 = ORIENTED_EDGE('',*,*,#17052,.T.);
#17573 = ORIENTED_EDGE('',*,*,#17574,.F.);
#17574 = EDGE_CURVE('',#17575,#17045,#17577,.T.);
#17575 = VERTEX_POINT('',#17576);
#17576 = CARTESIAN_POINT('',(9.6,19.3,16.2));
#17577 = LINE('',#17578,#17579);
#17578 = CARTESIAN_POINT('',(-10.55,19.3,16.2));
#17579 = VECTOR('',#17580,1.);
#17580 = DIRECTION('',(-1.,-0.,0.));
#17581 = ORIENTED_EDGE('',*,*,#17582,.F.);
#17582 = EDGE_CURVE('',#17114,#17575,#17583,.T.);
#17583 = LINE('',#17584,#17585);
#17584 = CARTESIAN_POINT('',(9.6,16.2,16.2));
#17585 = VECTOR('',#17586,1.);
#17586 = DIRECTION('',(-0.,1.,0.));
#17587 = ORIENTED_EDGE('',*,*,#17113,.F.);
#17588 = ORIENTED_EDGE('',*,*,#17589,.T.);
#17589 = EDGE_CURVE('',#17106,#768,#17590,.T.);
#17590 = LINE('',#17591,#17592);
#17591 = CARTESIAN_POINT('',(9.6,16.2,16.2));
#17592 = VECTOR('',#17593,1.);
#17593 = DIRECTION('',(1.,0.,-0.));
#17594 = ORIENTED_EDGE('',*,*,#807,.T.);
#17595 = ORIENTED_EDGE('',*,*,#17596,.T.);
#17596 = EDGE_CURVE('',#800,#1045,#17597,.T.);
#17597 = LINE('',#17598,#17599);
#17598 = CARTESIAN_POINT('',(9.8,21.3,16.2));
#17599 = VECTOR('',#17600,1.);
#17600 = DIRECTION('',(1.,0.,-0.));
#17601 = ORIENTED_EDGE('',*,*,#1100,.T.);
#17602 = ORIENTED_EDGE('',*,*,#17430,.F.);
#17603 = PLANE('',#17604);
#17604 = AXIS2_PLACEMENT_3D('',#17605,#17606,#17607);
#17605 = CARTESIAN_POINT('',(-6.681898065903,22.801499027655,16.2));
#17606 = DIRECTION('',(0.,0.,1.));
#17607 = DIRECTION('',(1.,0.,-0.));
#17608 = ADVANCED_FACE('',(#17609),#17634,.T.);
#17609 = FACE_BOUND('',#17610,.T.);
#17610 = EDGE_LOOP('',(#17611,#17612,#17620,#17628));
#17611 = ORIENTED_EDGE('',*,*,#17559,.T.);
#17612 = ORIENTED_EDGE('',*,*,#17613,.T.);
#17613 = EDGE_CURVE('',#17552,#17614,#17616,.T.);
#17614 = VERTEX_POINT('',#17615);
#17615 = CARTESIAN_POINT('',(4.838564342345,19.3,16.232158877523));
#17616 = LINE('',#17617,#17618);
#17617 = CARTESIAN_POINT('',(5.740775208977,19.3,15.818437668099));
#17618 = VECTOR('',#17619,1.);
#17619 = DIRECTION('',(-0.908985471341,7.906146869001E-16,0.416827797648
    ));
#17620 = ORIENTED_EDGE('',*,*,#17621,.F.);
#17621 = EDGE_CURVE('',#17622,#17614,#17624,.T.);
#17622 = VERTEX_POINT('',#17623);
#17623 = CARTESIAN_POINT('',(4.838564342345,17.95,16.232158877523));
#17624 = LINE('',#17625,#17626);
#17625 = CARTESIAN_POINT('',(4.838564342345,17.87,16.232158877523));
#17626 = VECTOR('',#17627,1.);
#17627 = DIRECTION('',(4.440892098501E-16,1.,-6.661338147751E-16));
#17628 = ORIENTED_EDGE('',*,*,#17629,.T.);
#17629 = EDGE_CURVE('',#17622,#17560,#17630,.T.);
#17630 = LINE('',#17631,#17632);
#17631 = CARTESIAN_POINT('',(-6.719348951964,17.95,21.532199082527));
#17632 = VECTOR('',#17633,1.);
#17633 = DIRECTION('',(0.908985471341,0.,-0.416827797648));
#17634 = PLANE('',#17635);
#17635 = AXIS2_PLACEMENT_3D('',#17636,#17637,#17638);
#17636 = CARTESIAN_POINT('',(5.740775208977,17.87,15.818437668099));
#17637 = DIRECTION('',(0.416827797648,1.260075487815E-16,0.908985471341)
  );
#17638 = DIRECTION('',(-0.908985471341,7.906146869001E-16,0.416827797648
    ));
#17639 = ADVANCED_FACE('',(#17640),#17730,.F.);
#17640 = FACE_BOUND('',#17641,.F.);
#17641 = EDGE_LOOP('',(#17642,#17643,#17644,#17652,#17660,#17668,#17676,
    #17684,#17692,#17700,#17708,#17716,#17724));
#17642 = ORIENTED_EDGE('',*,*,#17551,.T.);
#17643 = ORIENTED_EDGE('',*,*,#17613,.T.);
#17644 = ORIENTED_EDGE('',*,*,#17645,.T.);
#17645 = EDGE_CURVE('',#17614,#17646,#17648,.T.);
#17646 = VERTEX_POINT('',#17647);
#17647 = CARTESIAN_POINT('',(3.906799813692,19.3,16.574159681821));
#17648 = LINE('',#17649,#17650);
#17649 = CARTESIAN_POINT('',(4.838564342345,19.3,16.232158877523));
#17650 = VECTOR('',#17651,1.);
#17651 = DIRECTION('',(-0.938761048642,7.783597875783E-16,0.344568851685
    ));
#17652 = ORIENTED_EDGE('',*,*,#17653,.T.);
#17653 = EDGE_CURVE('',#17646,#17654,#17656,.T.);
#17654 = VERTEX_POINT('',#17655);
#17655 = CARTESIAN_POINT('',(2.95117278511,19.3,16.842351160505));
#17656 = LINE('',#17657,#17658);
#17657 = CARTESIAN_POINT('',(3.906799813692,19.3,16.574159681821));
#17658 = VECTOR('',#17659,1.);
#17659 = DIRECTION('',(-0.962802729527,7.613507131614E-16,0.270205299756
    ));
#17660 = ORIENTED_EDGE('',*,*,#17661,.T.);
#17661 = EDGE_CURVE('',#17654,#17662,#17664,.T.);
#17662 = VERTEX_POINT('',#17663);
#17663 = CARTESIAN_POINT('',(1.977520169414,19.3,17.035095216042));
#17664 = LINE('',#17665,#17666);
#17665 = CARTESIAN_POINT('',(2.95117278511,19.3,16.842351160505));
#17666 = VECTOR('',#17667,1.);
#17667 = DIRECTION('',(-0.980963668842,7.396913540599E-16,0.194191349994
    ));
#17668 = ORIENTED_EDGE('',*,*,#17669,.T.);
#17669 = EDGE_CURVE('',#17662,#17670,#17672,.T.);
#17670 = VERTEX_POINT('',#17671);
#17671 = CARTESIAN_POINT('',(0.991788978631,19.3,17.151214579252));
#17672 = LINE('',#17673,#17674);
#17673 = CARTESIAN_POINT('',(1.977520169414,19.3,17.035095216042));
#17674 = VECTOR('',#17675,1.);
#17675 = DIRECTION('',(-0.993132940656,7.135140043457E-16,0.116991291064
    ));
#17676 = ORIENTED_EDGE('',*,*,#17677,.T.);
#17677 = EDGE_CURVE('',#17670,#17678,#17680,.T.);
#17678 = VERTEX_POINT('',#17679);
#17679 = CARTESIAN_POINT('',(-9.240826308575E-15,19.3,17.19));
#17680 = LINE('',#17681,#17682);
#17681 = CARTESIAN_POINT('',(0.991788978631,19.3,17.151214579252));
#17682 = VECTOR('',#17683,1.);
#17683 = DIRECTION('',(-0.999236215782,6.829785537074E-16,
    3.907665631568E-02));
#17684 = ORIENTED_EDGE('',*,*,#17685,.T.);
#17685 = EDGE_CURVE('',#17678,#17686,#17688,.T.);
#17686 = VERTEX_POINT('',#17687);
#17687 = CARTESIAN_POINT('',(-0.991788978631,19.3,17.151214579252));
#17688 = LINE('',#17689,#17690);
#17689 = CARTESIAN_POINT('',(-9.240826308575E-15,19.3,17.19));
#17690 = VECTOR('',#17691,1.);
#17691 = DIRECTION('',(-0.999236215782,6.482715108538E-16,
    -3.907665631568E-02));
#17692 = ORIENTED_EDGE('',*,*,#17693,.T.);
#17693 = EDGE_CURVE('',#17686,#17694,#17696,.T.);
#17694 = VERTEX_POINT('',#17695);
#17695 = CARTESIAN_POINT('',(-1.977520169414,19.3,17.035095216042));
#17696 = LINE('',#17697,#17698);
#17697 = CARTESIAN_POINT('',(-0.991788978631,19.3,17.151214579252));
#17698 = VECTOR('',#17699,1.);
#17699 = DIRECTION('',(-0.993132940656,6.096048643297E-16,
    -0.116991291064));
#17700 = ORIENTED_EDGE('',*,*,#17701,.T.);
#17701 = EDGE_CURVE('',#17694,#17702,#17704,.T.);
#17702 = VERTEX_POINT('',#17703);
#17703 = CARTESIAN_POINT('',(-2.95117278511,19.3,16.842351160505));
#17704 = LINE('',#17705,#17706);
#17705 = CARTESIAN_POINT('',(-1.977520169414,19.3,17.035095216042));
#17706 = VECTOR('',#17707,1.);
#17707 = DIRECTION('',(-0.980963668842,5.672147877028E-16,
    -0.194191349994));
#17708 = ORIENTED_EDGE('',*,*,#17709,.T.);
#17709 = EDGE_CURVE('',#17702,#17710,#17712,.T.);
#17710 = VERTEX_POINT('',#17711);
#17711 = CARTESIAN_POINT('',(-3.906799813692,19.3,16.574159681821));
#17712 = LINE('',#17713,#17714);
#17713 = CARTESIAN_POINT('',(-2.95117278511,19.3,16.842351160505));
#17714 = VECTOR('',#17715,1.);
#17715 = DIRECTION('',(-0.962802729527,5.213601970294E-16,
    -0.270205299756));
#17716 = ORIENTED_EDGE('',*,*,#17717,.T.);
#17717 = EDGE_CURVE('',#17710,#17718,#17720,.T.);
#17718 = VERTEX_POINT('',#17719);
#17719 = CARTESIAN_POINT('',(-4.838564342345,19.3,16.232158877523));
#17720 = LINE('',#17721,#17722);
#17721 = CARTESIAN_POINT('',(-3.906799813692,19.3,16.574159681821));
#17722 = VECTOR('',#17723,1.);
#17723 = DIRECTION('',(-0.938761048642,4.723211694106E-16,
    -0.344568851685));
#17724 = ORIENTED_EDGE('',*,*,#17725,.T.);
#17725 = EDGE_CURVE('',#17718,#17544,#17726,.T.);
#17726 = LINE('',#17727,#17728);
#17727 = CARTESIAN_POINT('',(-4.838564342345,19.3,16.232158877523));
#17728 = VECTOR('',#17729,1.);
#17729 = DIRECTION('',(-0.908985471341,4.203972322983E-16,
    -0.416827797648));
#17730 = PLANE('',#17731);
#17731 = AXIS2_PLACEMENT_3D('',#17732,#17733,#17734);
#17732 = CARTESIAN_POINT('',(-7.614772174486E-15,19.3,13.829183949062));
#17733 = DIRECTION('',(-4.440892098501E-16,-1.,6.661338147751E-16));
#17734 = DIRECTION('',(6.661338147751E-16,-4.440892098501E-16,-1.));
#17735 = ADVANCED_FACE('',(#17736),#17754,.T.);
#17736 = FACE_BOUND('',#17737,.T.);
#17737 = EDGE_LOOP('',(#17738,#17746,#17752,#17753));
#17738 = ORIENTED_EDGE('',*,*,#17739,.T.);
#17739 = EDGE_CURVE('',#17536,#17740,#17742,.T.);
#17740 = VERTEX_POINT('',#17741);
#17741 = CARTESIAN_POINT('',(-4.838564342345,17.95,16.232158877523));
#17742 = LINE('',#17743,#17744);
#17743 = CARTESIAN_POINT('',(-14.64266671437,17.95,11.736352807466));
#17744 = VECTOR('',#17745,1.);
#17745 = DIRECTION('',(0.908985471341,0.,0.416827797648));
#17746 = ORIENTED_EDGE('',*,*,#17747,.T.);
#17747 = EDGE_CURVE('',#17740,#17718,#17748,.T.);
#17748 = LINE('',#17749,#17750);
#17749 = CARTESIAN_POINT('',(-4.838564342345,17.87,16.232158877523));
#17750 = VECTOR('',#17751,1.);
#17751 = DIRECTION('',(4.440892098501E-16,1.,-6.661338147751E-16));
#17752 = ORIENTED_EDGE('',*,*,#17725,.T.);
#17753 = ORIENTED_EDGE('',*,*,#17543,.T.);
#17754 = PLANE('',#17755);
#17755 = AXIS2_PLACEMENT_3D('',#17756,#17757,#17758);
#17756 = CARTESIAN_POINT('',(-4.838564342345,17.87,16.232158877523));
#17757 = DIRECTION('',(-0.416827797648,6.813337306842E-16,0.908985471341
    ));
#17758 = DIRECTION('',(-0.908985471341,4.203972322983E-16,
    -0.416827797648));
#17759 = ADVANCED_FACE('',(#17760),#17778,.T.);
#17760 = FACE_BOUND('',#17761,.T.);
#17761 = EDGE_LOOP('',(#17762,#17770,#17776,#17777));
#17762 = ORIENTED_EDGE('',*,*,#17763,.T.);
#17763 = EDGE_CURVE('',#17740,#17764,#17766,.T.);
#17764 = VERTEX_POINT('',#17765);
#17765 = CARTESIAN_POINT('',(-3.906799813692,17.95,16.574159681821));
#17766 = LINE('',#17767,#17768);
#17767 = CARTESIAN_POINT('',(-14.638780694,17.95,12.635024868348));
#17768 = VECTOR('',#17769,1.);
#17769 = DIRECTION('',(0.938761048642,0.,0.344568851685));
#17770 = ORIENTED_EDGE('',*,*,#17771,.T.);
#17771 = EDGE_CURVE('',#17764,#17710,#17772,.T.);
#17772 = LINE('',#17773,#17774);
#17773 = CARTESIAN_POINT('',(-3.906799813692,17.87,16.574159681821));
#17774 = VECTOR('',#17775,1.);
#17775 = DIRECTION('',(4.440892098501E-16,1.,-6.661338147751E-16));
#17776 = ORIENTED_EDGE('',*,*,#17717,.T.);
#17777 = ORIENTED_EDGE('',*,*,#17747,.F.);
#17778 = PLANE('',#17779);
#17779 = AXIS2_PLACEMENT_3D('',#17780,#17781,#17782);
#17780 = CARTESIAN_POINT('',(-3.906799813692,17.87,16.574159681821));
#17781 = DIRECTION('',(-0.344568851685,6.464226159554E-16,0.938761048642
    ));
#17782 = DIRECTION('',(-0.938761048642,4.723211694106E-16,
    -0.344568851685));
#17783 = ADVANCED_FACE('',(#17784),#17802,.T.);
#17784 = FACE_BOUND('',#17785,.T.);
#17785 = EDGE_LOOP('',(#17786,#17794,#17800,#17801));
#17786 = ORIENTED_EDGE('',*,*,#17787,.T.);
#17787 = EDGE_CURVE('',#17764,#17788,#17790,.T.);
#17788 = VERTEX_POINT('',#17789);
#17789 = CARTESIAN_POINT('',(-2.95117278511,17.95,16.842351160505));
#17790 = LINE('',#17791,#17792);
#17791 = CARTESIAN_POINT('',(-14.51449443675,17.95,13.597168427593));
#17792 = VECTOR('',#17793,1.);
#17793 = DIRECTION('',(0.962802729527,0.,0.270205299756));
#17794 = ORIENTED_EDGE('',*,*,#17795,.T.);
#17795 = EDGE_CURVE('',#17788,#17702,#17796,.T.);
#17796 = LINE('',#17797,#17798);
#17797 = CARTESIAN_POINT('',(-2.95117278511,17.87,16.842351160505));
#17798 = VECTOR('',#17799,1.);
#17799 = DIRECTION('',(4.440892098501E-16,1.,-6.661338147751E-16));
#17800 = ORIENTED_EDGE('',*,*,#17709,.T.);
#17801 = ORIENTED_EDGE('',*,*,#17771,.F.);
#17802 = PLANE('',#17803);
#17803 = AXIS2_PLACEMENT_3D('',#17804,#17805,#17806);
#17804 = CARTESIAN_POINT('',(-2.95117278511,17.87,16.842351160505));
#17805 = DIRECTION('',(-0.270205299756,6.075631904959E-16,0.962802729527
    ));
#17806 = DIRECTION('',(-0.962802729527,5.213601970294E-16,
    -0.270205299756));
#17807 = ADVANCED_FACE('',(#17808),#17826,.T.);
#17808 = FACE_BOUND('',#17809,.T.);
#17809 = EDGE_LOOP('',(#17810,#17818,#17824,#17825));
#17810 = ORIENTED_EDGE('',*,*,#17811,.T.);
#17811 = EDGE_CURVE('',#17788,#17812,#17814,.T.);
#17812 = VERTEX_POINT('',#17813);
#17813 = CARTESIAN_POINT('',(-1.977520169414,17.95,17.035095216042));
#17814 = LINE('',#17815,#17816);
#17815 = CARTESIAN_POINT('',(-14.25547384158,17.95,14.604554234257));
#17816 = VECTOR('',#17817,1.);
#17817 = DIRECTION('',(0.980963668842,0.,0.194191349994));
#17818 = ORIENTED_EDGE('',*,*,#17819,.T.);
#17819 = EDGE_CURVE('',#17812,#17694,#17820,.T.);
#17820 = LINE('',#17821,#17822);
#17821 = CARTESIAN_POINT('',(-1.977520169414,17.87,17.035095216042));
#17822 = VECTOR('',#17823,1.);
#17823 = DIRECTION('',(4.440892098501E-16,1.,-6.661338147751E-16));
#17824 = ORIENTED_EDGE('',*,*,#17701,.T.);
#17825 = ORIENTED_EDGE('',*,*,#17795,.F.);
#17826 = PLANE('',#17827);
#17827 = AXIS2_PLACEMENT_3D('',#17828,#17829,#17830);
#17828 = CARTESIAN_POINT('',(-1.977520169414,17.87,17.035095216042));
#17829 = DIRECTION('',(-0.194191349994,5.649928053554E-16,0.980963668842
    ));
#17830 = DIRECTION('',(-0.980963668842,5.672147877028E-16,
    -0.194191349994));
#17831 = ADVANCED_FACE('',(#17832),#17850,.T.);
#17832 = FACE_BOUND('',#17833,.T.);
#17833 = EDGE_LOOP('',(#17834,#17842,#17848,#17849));
#17834 = ORIENTED_EDGE('',*,*,#17835,.T.);
#17835 = EDGE_CURVE('',#17812,#17836,#17838,.T.);
#17836 = VERTEX_POINT('',#17837);
#17837 = CARTESIAN_POINT('',(-0.991788978631,17.95,17.151214579252));
#17838 = LINE('',#17839,#17840);
#17839 = CARTESIAN_POINT('',(-13.85031526872,17.95,15.63647719589));
#17840 = VECTOR('',#17841,1.);
#17841 = DIRECTION('',(0.993132940656,0.,0.116991291064));
#17842 = ORIENTED_EDGE('',*,*,#17843,.T.);
#17843 = EDGE_CURVE('',#17836,#17686,#17844,.T.);
#17844 = LINE('',#17845,#17846);
#17845 = CARTESIAN_POINT('',(-0.991788978631,17.87,17.151214579252));
#17846 = VECTOR('',#17847,1.);
#17847 = DIRECTION('',(4.440892098501E-16,1.,-6.661338147751E-16));
#17848 = ORIENTED_EDGE('',*,*,#17693,.T.);
#17849 = ORIENTED_EDGE('',*,*,#17819,.F.);
#17850 = PLANE('',#17851);
#17851 = AXIS2_PLACEMENT_3D('',#17852,#17853,#17854);
#17852 = CARTESIAN_POINT('',(-0.991788978631,17.87,17.151214579252));
#17853 = DIRECTION('',(-0.116991291064,5.189714779038E-16,0.993132940656
    ));
#17854 = DIRECTION('',(-0.993132940656,6.096048643297E-16,
    -0.116991291064));
#17855 = ADVANCED_FACE('',(#17856),#17874,.T.);
#17856 = FACE_BOUND('',#17857,.T.);
#17857 = EDGE_LOOP('',(#17858,#17866,#17872,#17873));
#17858 = ORIENTED_EDGE('',*,*,#17859,.T.);
#17859 = EDGE_CURVE('',#17836,#17860,#17862,.T.);
#17860 = VERTEX_POINT('',#17861);
#17861 = CARTESIAN_POINT('',(-9.840346741873E-15,17.95,17.19));
#17862 = LINE('',#17863,#17864);
#17863 = CARTESIAN_POINT('',(-13.29093197206,17.95,16.670237833073));
#17864 = VECTOR('',#17865,1.);
#17865 = DIRECTION('',(0.999236215782,0.,3.907665631568E-02));
#17866 = ORIENTED_EDGE('',*,*,#17867,.T.);
#17867 = EDGE_CURVE('',#17860,#17678,#17868,.T.);
#17868 = LINE('',#17869,#17870);
#17869 = CARTESIAN_POINT('',(-9.875873878661E-15,17.87,17.19));
#17870 = VECTOR('',#17871,1.);
#17871 = DIRECTION('',(4.440892098501E-16,1.,-6.661338147751E-16));
#17872 = ORIENTED_EDGE('',*,*,#17685,.T.);
#17873 = ORIENTED_EDGE('',*,*,#17843,.F.);
#17874 = PLANE('',#17875);
#17875 = AXIS2_PLACEMENT_3D('',#17876,#17877,#17878);
#17876 = CARTESIAN_POINT('',(-9.875873878661E-15,17.87,17.19));
#17877 = DIRECTION('',(-3.907665631568E-02,4.697803036606E-16,
    0.999236215782));
#17878 = DIRECTION('',(-0.999236215782,6.482715108538E-16,
    -3.907665631568E-02));
#17879 = ADVANCED_FACE('',(#17880),#17898,.T.);
#17880 = FACE_BOUND('',#17881,.T.);
#17881 = EDGE_LOOP('',(#17882,#17890,#17896,#17897));
#17882 = ORIENTED_EDGE('',*,*,#17883,.T.);
#17883 = EDGE_CURVE('',#17860,#17884,#17886,.T.);
#17884 = VERTEX_POINT('',#17885);
#17885 = CARTESIAN_POINT('',(0.991788978631,17.95,17.151214579252));
#17886 = LINE('',#17887,#17888);
#17887 = CARTESIAN_POINT('',(-12.5728611328,17.95,17.681680911512));
#17888 = VECTOR('',#17889,1.);
#17889 = DIRECTION('',(0.999236215782,0.,-3.907665631568E-02));
#17890 = ORIENTED_EDGE('',*,*,#17891,.T.);
#17891 = EDGE_CURVE('',#17884,#17670,#17892,.T.);
#17892 = LINE('',#17893,#17894);
#17893 = CARTESIAN_POINT('',(0.991788978631,17.87,17.151214579252));
#17894 = VECTOR('',#17895,1.);
#17895 = DIRECTION('',(4.440892098501E-16,1.,-6.661338147751E-16));
#17896 = ORIENTED_EDGE('',*,*,#17677,.T.);
#17897 = ORIENTED_EDGE('',*,*,#17867,.F.);
#17898 = PLANE('',#17899);
#17899 = AXIS2_PLACEMENT_3D('',#17900,#17901,#17902);
#17900 = CARTESIAN_POINT('',(0.991788978631,17.87,17.151214579252));
#17901 = DIRECTION('',(3.907665631568E-02,4.177197393802E-16,
    0.999236215782));
#17902 = DIRECTION('',(-0.999236215782,6.829785537074E-16,
    3.907665631568E-02));
#17903 = ADVANCED_FACE('',(#17904),#17922,.T.);
#17904 = FACE_BOUND('',#17905,.T.);
#17905 = EDGE_LOOP('',(#17906,#17914,#17920,#17921));
#17906 = ORIENTED_EDGE('',*,*,#17907,.T.);
#17907 = EDGE_CURVE('',#17884,#17908,#17910,.T.);
#17908 = VERTEX_POINT('',#17909);
#17909 = CARTESIAN_POINT('',(1.977520169414,17.95,17.035095216042));
#17910 = LINE('',#17911,#17912);
#17911 = CARTESIAN_POINT('',(-11.6954833342,17.95,18.64577820432));
#17912 = VECTOR('',#17913,1.);
#17913 = DIRECTION('',(0.993132940656,0.,-0.116991291064));
#17914 = ORIENTED_EDGE('',*,*,#17915,.T.);
#17915 = EDGE_CURVE('',#17908,#17662,#17916,.T.);
#17916 = LINE('',#17917,#17918);
#17917 = CARTESIAN_POINT('',(1.977520169414,17.87,17.035095216042));
#17918 = VECTOR('',#17919,1.);
#17919 = DIRECTION('',(4.440892098501E-16,1.,-6.661338147751E-16));
#17920 = ORIENTED_EDGE('',*,*,#17669,.T.);
#17921 = ORIENTED_EDGE('',*,*,#17891,.F.);
#17922 = PLANE('',#17923);
#17923 = AXIS2_PLACEMENT_3D('',#17924,#17925,#17926);
#17924 = CARTESIAN_POINT('',(1.977520169414,17.87,17.035095216042));
#17925 = DIRECTION('',(0.116991291064,3.631077678798E-16,0.993132940656)
  );
#17926 = DIRECTION('',(-0.993132940656,7.135140043457E-16,0.116991291064
    ));
#17927 = ADVANCED_FACE('',(#17928),#17946,.T.);
#17928 = FACE_BOUND('',#17929,.T.);
#17929 = EDGE_LOOP('',(#17930,#17938,#17944,#17945));
#17930 = ORIENTED_EDGE('',*,*,#17931,.T.);
#17931 = EDGE_CURVE('',#17908,#17932,#17934,.T.);
#17932 = VERTEX_POINT('',#17933);
#17933 = CARTESIAN_POINT('',(2.95117278511,17.95,16.842351160505));
#17934 = LINE('',#17935,#17936);
#17935 = CARTESIAN_POINT('',(-10.66214844768,17.95,19.537241207981));
#17936 = VECTOR('',#17937,1.);
#17937 = DIRECTION('',(0.980963668842,0.,-0.194191349994));
#17938 = ORIENTED_EDGE('',*,*,#17939,.T.);
#17939 = EDGE_CURVE('',#17932,#17654,#17940,.T.);
#17940 = LINE('',#17941,#17942);
#17941 = CARTESIAN_POINT('',(2.95117278511,17.87,16.842351160505));
#17942 = VECTOR('',#17943,1.);
#17943 = DIRECTION('',(4.440892098501E-16,1.,-6.661338147751E-16));
#17944 = ORIENTED_EDGE('',*,*,#17661,.T.);
#17945 = ORIENTED_EDGE('',*,*,#17915,.F.);
#17946 = PLANE('',#17947);
#17947 = AXIS2_PLACEMENT_3D('',#17948,#17949,#17950);
#17948 = CARTESIAN_POINT('',(2.95117278511,17.87,16.842351160505));
#17949 = DIRECTION('',(0.194191349994,3.062779558197E-16,0.980963668842)
  );
#17950 = DIRECTION('',(-0.980963668842,7.396913540599E-16,0.194191349994
    ));
#17951 = ADVANCED_FACE('',(#17952),#17970,.T.);
#17952 = FACE_BOUND('',#17953,.T.);
#17953 = EDGE_LOOP('',(#17954,#17962,#17968,#17969));
#17954 = ORIENTED_EDGE('',*,*,#17955,.T.);
#17955 = EDGE_CURVE('',#17932,#17956,#17958,.T.);
#17956 = VERTEX_POINT('',#17957);
#17957 = CARTESIAN_POINT('',(3.906799813692,17.95,16.574159681821));
#17958 = LINE('',#17959,#17960);
#17959 = CARTESIAN_POINT('',(-9.480204182921,17.95,20.331148851887));
#17960 = VECTOR('',#17961,1.);
#17961 = DIRECTION('',(0.962802729527,0.,-0.270205299756));
#17962 = ORIENTED_EDGE('',*,*,#17963,.T.);
#17963 = EDGE_CURVE('',#17956,#17646,#17964,.T.);
#17964 = LINE('',#17965,#17966);
#17965 = CARTESIAN_POINT('',(3.906799813692,17.87,16.574159681821));
#17966 = VECTOR('',#17967,1.);
#17967 = DIRECTION('',(4.440892098501E-16,1.,-6.661338147751E-16));
#17968 = ORIENTED_EDGE('',*,*,#17653,.T.);
#17969 = ORIENTED_EDGE('',*,*,#17939,.F.);
#17970 = PLANE('',#17971);
#17971 = AXIS2_PLACEMENT_3D('',#17972,#17973,#17974);
#17972 = CARTESIAN_POINT('',(3.906799813692,17.87,16.574159681821));
#17973 = DIRECTION('',(0.270205299756,2.475774162979E-16,0.962802729527)
  );
#17974 = DIRECTION('',(-0.962802729527,7.613507131614E-16,0.270205299756
    ));
#17975 = ADVANCED_FACE('',(#17976),#17987,.T.);
#17976 = FACE_BOUND('',#17977,.T.);
#17977 = EDGE_LOOP('',(#17978,#17984,#17985,#17986));
#17978 = ORIENTED_EDGE('',*,*,#17979,.T.);
#17979 = EDGE_CURVE('',#17956,#17622,#17980,.T.);
#17980 = LINE('',#17981,#17982);
#17981 = CARTESIAN_POINT('',(-8.1609259319,17.95,21.003574822793));
#17982 = VECTOR('',#17983,1.);
#17983 = DIRECTION('',(0.938761048642,0.,-0.344568851685));
#17984 = ORIENTED_EDGE('',*,*,#17621,.T.);
#17985 = ORIENTED_EDGE('',*,*,#17645,.T.);
#17986 = ORIENTED_EDGE('',*,*,#17963,.F.);
#17987 = PLANE('',#17988);
#17988 = AXIS2_PLACEMENT_3D('',#17989,#17990,#17991);
#17989 = CARTESIAN_POINT('',(4.838564342345,17.87,16.232158877523));
#17990 = DIRECTION('',(0.344568851685,1.873646887038E-16,0.938761048642)
  );
#17991 = DIRECTION('',(-0.938761048642,7.783597875783E-16,0.344568851685
    ));
#17992 = ADVANCED_FACE('',(#17993),#17999,.F.);
#17993 = FACE_BOUND('',#17994,.T.);
#17994 = EDGE_LOOP('',(#17995,#17996,#17997,#17998));
#17995 = ORIENTED_EDGE('',*,*,#17422,.F.);
#17996 = ORIENTED_EDGE('',*,*,#12610,.F.);
#17997 = ORIENTED_EDGE('',*,*,#11841,.T.);
#17998 = ORIENTED_EDGE('',*,*,#17516,.T.);
#17999 = PLANE('',#18000);
#18000 = AXIS2_PLACEMENT_3D('',#18001,#18002,#18003);
#18001 = CARTESIAN_POINT('',(-26.46,15.9,0.4));
#18002 = DIRECTION('',(1.,0.,-0.));
#18003 = DIRECTION('',(0.,0.,1.));
#18004 = ADVANCED_FACE('',(#18005),#18051,.T.);
#18005 = FACE_BOUND('',#18006,.T.);
#18006 = EDGE_LOOP('',(#18007,#18015,#18016,#18017,#18023,#18024,#18025,
    #18026,#18027,#18028,#18029,#18030,#18038,#18044,#18045));
#18007 = ORIENTED_EDGE('',*,*,#18008,.T.);
#18008 = EDGE_CURVE('',#18009,#13465,#18011,.T.);
#18009 = VERTEX_POINT('',#18010);
#18010 = CARTESIAN_POINT('',(6.411700242525,21.,11.5));
#18011 = LINE('',#18012,#18013);
#18012 = CARTESIAN_POINT('',(-26.4,21.,11.5));
#18013 = VECTOR('',#18014,1.);
#18014 = DIRECTION('',(1.,0.,-0.));
#18015 = ORIENTED_EDGE('',*,*,#13472,.T.);
#18016 = ORIENTED_EDGE('',*,*,#13525,.T.);
#18017 = ORIENTED_EDGE('',*,*,#18018,.T.);
#18018 = EDGE_CURVE('',#13495,#792,#18019,.T.);
#18019 = LINE('',#18020,#18021);
#18020 = CARTESIAN_POINT('',(9.6,21.3,11.5));
#18021 = VECTOR('',#18022,1.);
#18022 = DIRECTION('',(1.,0.,-0.));
#18023 = ORIENTED_EDGE('',*,*,#791,.F.);
#18024 = ORIENTED_EDGE('',*,*,#821,.T.);
#18025 = ORIENTED_EDGE('',*,*,#900,.F.);
#18026 = ORIENTED_EDGE('',*,*,#954,.T.);
#18027 = ORIENTED_EDGE('',*,*,#988,.F.);
#18028 = ORIENTED_EDGE('',*,*,#726,.F.);
#18029 = ORIENTED_EDGE('',*,*,#925,.T.);
#18030 = ORIENTED_EDGE('',*,*,#18031,.F.);
#18031 = EDGE_CURVE('',#18032,#926,#18034,.T.);
#18032 = VERTEX_POINT('',#18033);
#18033 = CARTESIAN_POINT('',(8.606387163032,16.2,11.5));
#18034 = LINE('',#18035,#18036);
#18035 = CARTESIAN_POINT('',(-26.4,16.2,11.5));
#18036 = VECTOR('',#18037,1.);
#18037 = DIRECTION('',(1.,0.,-0.));
#18038 = ORIENTED_EDGE('',*,*,#18039,.T.);
#18039 = EDGE_CURVE('',#18032,#164,#18040,.T.);
#18040 = LINE('',#18041,#18042);
#18041 = CARTESIAN_POINT('',(8.606387163032,-18.1,11.5));
#18042 = VECTOR('',#18043,1.);
#18043 = DIRECTION('',(0.,1.,0.));
#18044 = ORIENTED_EDGE('',*,*,#172,.T.);
#18045 = ORIENTED_EDGE('',*,*,#18046,.T.);
#18046 = EDGE_CURVE('',#173,#18009,#18047,.T.);
#18047 = LINE('',#18048,#18049);
#18048 = CARTESIAN_POINT('',(6.411700242525,19.3,11.5));
#18049 = VECTOR('',#18050,1.);
#18050 = DIRECTION('',(0.,1.,0.));
#18051 = PLANE('',#18052);
#18052 = AXIS2_PLACEMENT_3D('',#18053,#18054,#18055);
#18053 = CARTESIAN_POINT('',(10.591329584601,18.714037238069,11.5));
#18054 = DIRECTION('',(-0.,-0.,-1.));
#18055 = DIRECTION('',(-1.,0.,0.));
#18056 = ADVANCED_FACE('',(#18057),#18091,.T.);
#18057 = FACE_BOUND('',#18058,.T.);
#18058 = EDGE_LOOP('',(#18059,#18065,#18066,#18074,#18082,#18088,#18089,
    #18090));
#18059 = ORIENTED_EDGE('',*,*,#18060,.T.);
#18060 = EDGE_CURVE('',#14215,#50,#18061,.T.);
#18061 = LINE('',#18062,#18063);
#18062 = CARTESIAN_POINT('',(6.411700242525,-18.63,11.5));
#18063 = VECTOR('',#18064,1.);
#18064 = DIRECTION('',(0.,1.,0.));
#18065 = ORIENTED_EDGE('',*,*,#49,.F.);
#18066 = ORIENTED_EDGE('',*,*,#18067,.T.);
#18067 = EDGE_CURVE('',#41,#18068,#18070,.T.);
#18068 = VERTEX_POINT('',#18069);
#18069 = CARTESIAN_POINT('',(8.606387163032,-14.2,11.5));
#18070 = LINE('',#18071,#18072);
#18071 = CARTESIAN_POINT('',(8.606387163032,-18.1,11.5));
#18072 = VECTOR('',#18073,1.);
#18073 = DIRECTION('',(0.,1.,0.));
#18074 = ORIENTED_EDGE('',*,*,#18075,.T.);
#18075 = EDGE_CURVE('',#18068,#18076,#18078,.T.);
#18076 = VERTEX_POINT('',#18077);
#18077 = CARTESIAN_POINT('',(13.85,-14.2,11.5));
#18078 = LINE('',#18079,#18080);
#18079 = CARTESIAN_POINT('',(-16.,-14.2,11.5));
#18080 = VECTOR('',#18081,1.);
#18081 = DIRECTION('',(1.,0.,-0.));
#18082 = ORIENTED_EDGE('',*,*,#18083,.F.);
#18083 = EDGE_CURVE('',#14251,#18076,#18084,.T.);
#18084 = LINE('',#18085,#18086);
#18085 = CARTESIAN_POINT('',(13.85,-18.63,11.5));
#18086 = VECTOR('',#18087,1.);
#18087 = DIRECTION('',(-0.,1.,0.));
#18088 = ORIENTED_EDGE('',*,*,#14281,.F.);
#18089 = ORIENTED_EDGE('',*,*,#14381,.T.);
#18090 = ORIENTED_EDGE('',*,*,#14214,.F.);
#18091 = PLANE('',#18092);
#18092 = AXIS2_PLACEMENT_3D('',#18093,#18094,#18095);
#18093 = CARTESIAN_POINT('',(10.527928202942,-16.81392589416,11.5));
#18094 = DIRECTION('',(-0.,-0.,-1.));
#18095 = DIRECTION('',(-1.,0.,0.));
#18096 = ADVANCED_FACE('',(#18097),#18160,.T.);
#18097 = FACE_BOUND('',#18098,.T.);
#18098 = EDGE_LOOP('',(#18099,#18100,#18109,#18118,#18127,#18136,#18145,
    #18152,#18153,#18154,#18155,#18156,#18157,#18158,#18159));
#18099 = ORIENTED_EDGE('',*,*,#229,.T.);
#18100 = ORIENTED_EDGE('',*,*,#18101,.T.);
#18101 = EDGE_CURVE('',#222,#18102,#18104,.T.);
#18102 = VERTEX_POINT('',#18103);
#18103 = CARTESIAN_POINT('',(-6.880835705058,16.2,13.2));
#18104 = CIRCLE('',#18105,11.1);
#18105 = AXIS2_PLACEMENT_3D('',#18106,#18107,#18108);
#18106 = CARTESIAN_POINT('',(0.,16.2,4.49));
#18107 = DIRECTION('',(0.,1.,0.));
#18108 = DIRECTION('',(0.,-0.,1.));
#18109 = ORIENTED_EDGE('',*,*,#18110,.T.);
#18110 = EDGE_CURVE('',#18102,#18111,#18113,.T.);
#18111 = VERTEX_POINT('',#18112);
#18112 = CARTESIAN_POINT('',(-4.796863558618,16.2,14.5));
#18113 = CIRCLE('',#18114,11.1);
#18114 = AXIS2_PLACEMENT_3D('',#18115,#18116,#18117);
#18115 = CARTESIAN_POINT('',(0.,16.2,4.49));
#18116 = DIRECTION('',(0.,1.,0.));
#18117 = DIRECTION('',(0.,-0.,1.));
#18118 = ORIENTED_EDGE('',*,*,#18119,.T.);
#18119 = EDGE_CURVE('',#18111,#18120,#18122,.T.);
#18120 = VERTEX_POINT('',#18121);
#18121 = CARTESIAN_POINT('',(-2.718715894107E-15,16.2,15.59));
#18122 = CIRCLE('',#18123,11.1);
#18123 = AXIS2_PLACEMENT_3D('',#18124,#18125,#18126);
#18124 = CARTESIAN_POINT('',(0.,16.2,4.49));
#18125 = DIRECTION('',(0.,1.,0.));
#18126 = DIRECTION('',(0.,-0.,1.));
#18127 = ORIENTED_EDGE('',*,*,#18128,.T.);
#18128 = EDGE_CURVE('',#18120,#18129,#18131,.T.);
#18129 = VERTEX_POINT('',#18130);
#18130 = CARTESIAN_POINT('',(4.796863558618,16.2,14.5));
#18131 = CIRCLE('',#18132,11.1);
#18132 = AXIS2_PLACEMENT_3D('',#18133,#18134,#18135);
#18133 = CARTESIAN_POINT('',(0.,16.2,4.49));
#18134 = DIRECTION('',(0.,1.,0.));
#18135 = DIRECTION('',(0.,-0.,1.));
#18136 = ORIENTED_EDGE('',*,*,#18137,.T.);
#18137 = EDGE_CURVE('',#18129,#18138,#18140,.T.);
#18138 = VERTEX_POINT('',#18139);
#18139 = CARTESIAN_POINT('',(6.880835705058,16.2,13.2));
#18140 = CIRCLE('',#18141,11.1);
#18141 = AXIS2_PLACEMENT_3D('',#18142,#18143,#18144);
#18142 = CARTESIAN_POINT('',(0.,16.2,4.49));
#18143 = DIRECTION('',(0.,1.,0.));
#18144 = DIRECTION('',(0.,-0.,1.));
#18145 = ORIENTED_EDGE('',*,*,#18146,.T.);
#18146 = EDGE_CURVE('',#18138,#18032,#18147,.T.);
#18147 = CIRCLE('',#18148,11.1);
#18148 = AXIS2_PLACEMENT_3D('',#18149,#18150,#18151);
#18149 = CARTESIAN_POINT('',(0.,16.2,4.49));
#18150 = DIRECTION('',(0.,1.,0.));
#18151 = DIRECTION('',(0.,-0.,1.));
#18152 = ORIENTED_EDGE('',*,*,#18031,.T.);
#18153 = ORIENTED_EDGE('',*,*,#933,.T.);
#18154 = ORIENTED_EDGE('',*,*,#854,.F.);
#18155 = ORIENTED_EDGE('',*,*,#765,.T.);
#18156 = ORIENTED_EDGE('',*,*,#17589,.F.);
#18157 = ORIENTED_EDGE('',*,*,#17105,.T.);
#18158 = ORIENTED_EDGE('',*,*,#16964,.F.);
#18159 = ORIENTED_EDGE('',*,*,#11898,.T.);
#18160 = PLANE('',#18161);
#18161 = AXIS2_PLACEMENT_3D('',#18162,#18163,#18164);
#18162 = CARTESIAN_POINT('',(-4.326743241292,16.2,15.71641865892));
#18163 = DIRECTION('',(-0.,-1.,-0.));
#18164 = DIRECTION('',(0.,0.,-1.));
#18165 = ADVANCED_FACE('',(#18166),#18207,.T.);
#18166 = FACE_BOUND('',#18167,.T.);
#18167 = EDGE_LOOP('',(#18168,#18177,#18178,#18179,#18180,#18181,#18182,
    #18191,#18200));
#18168 = ORIENTED_EDGE('',*,*,#18169,.F.);
#18169 = EDGE_CURVE('',#207,#18170,#18172,.T.);
#18170 = VERTEX_POINT('',#18171);
#18171 = CARTESIAN_POINT('',(-3.792874899071,21.,13.2));
#18172 = CIRCLE('',#18173,9.5);
#18173 = AXIS2_PLACEMENT_3D('',#18174,#18175,#18176);
#18174 = CARTESIAN_POINT('',(0.,21.,4.49));
#18175 = DIRECTION('',(0.,1.,0.));
#18176 = DIRECTION('',(0.,-0.,1.));
#18177 = ORIENTED_EDGE('',*,*,#204,.F.);
#18178 = ORIENTED_EDGE('',*,*,#12390,.T.);
#18179 = ORIENTED_EDGE('',*,*,#12633,.T.);
#18180 = ORIENTED_EDGE('',*,*,#13464,.F.);
#18181 = ORIENTED_EDGE('',*,*,#18008,.F.);
#18182 = ORIENTED_EDGE('',*,*,#18183,.F.);
#18183 = EDGE_CURVE('',#18184,#18009,#18186,.T.);
#18184 = VERTEX_POINT('',#18185);
#18185 = CARTESIAN_POINT('',(3.792874899071,21.,13.2));
#18186 = CIRCLE('',#18187,9.5);
#18187 = AXIS2_PLACEMENT_3D('',#18188,#18189,#18190);
#18188 = CARTESIAN_POINT('',(0.,21.,4.49));
#18189 = DIRECTION('',(0.,1.,0.));
#18190 = DIRECTION('',(0.,-0.,1.));
#18191 = ORIENTED_EDGE('',*,*,#18192,.F.);
#18192 = EDGE_CURVE('',#18193,#18184,#18195,.T.);
#18193 = VERTEX_POINT('',#18194);
#18194 = CARTESIAN_POINT('',(-2.32682891838E-15,21.,13.99));
#18195 = CIRCLE('',#18196,9.5);
#18196 = AXIS2_PLACEMENT_3D('',#18197,#18198,#18199);
#18197 = CARTESIAN_POINT('',(0.,21.,4.49));
#18198 = DIRECTION('',(0.,1.,0.));
#18199 = DIRECTION('',(0.,-0.,1.));
#18200 = ORIENTED_EDGE('',*,*,#18201,.F.);
#18201 = EDGE_CURVE('',#18170,#18193,#18202,.T.);
#18202 = CIRCLE('',#18203,9.5);
#18203 = AXIS2_PLACEMENT_3D('',#18204,#18205,#18206);
#18204 = CARTESIAN_POINT('',(0.,21.,4.49));
#18205 = DIRECTION('',(0.,1.,0.));
#18206 = DIRECTION('',(0.,-0.,1.));
#18207 = PLANE('',#18208);
#18208 = AXIS2_PLACEMENT_3D('',#18209,#18210,#18211);
#18209 = CARTESIAN_POINT('',(-7.421262151477,21.,13.278330331301));
#18210 = DIRECTION('',(0.,1.,0.));
#18211 = DIRECTION('',(0.,-0.,1.));
#18212 = ADVANCED_FACE('',(#18213),#18235,.T.);
#18213 = FACE_BOUND('',#18214,.T.);
#18214 = EDGE_LOOP('',(#18215,#18216,#18222,#18223,#18229,#18230,#18231,
    #18232,#18233,#18234));
#18215 = ORIENTED_EDGE('',*,*,#16847,.T.);
#18216 = ORIENTED_EDGE('',*,*,#18217,.T.);
#18217 = EDGE_CURVE('',#16840,#310,#18218,.T.);
#18218 = LINE('',#18219,#18220);
#18219 = CARTESIAN_POINT('',(13.85,-26.2,0.4));
#18220 = VECTOR('',#18221,1.);
#18221 = DIRECTION('',(0.,0.,1.));
#18222 = ORIENTED_EDGE('',*,*,#317,.T.);
#18223 = ORIENTED_EDGE('',*,*,#18224,.T.);
#18224 = EDGE_CURVE('',#318,#17354,#18225,.T.);
#18225 = LINE('',#18226,#18227);
#18226 = CARTESIAN_POINT('',(34.,-26.2,14.2));
#18227 = VECTOR('',#18228,1.);
#18228 = DIRECTION('',(0.,0.,1.));
#18229 = ORIENTED_EDGE('',*,*,#17353,.F.);
#18230 = ORIENTED_EDGE('',*,*,#13121,.F.);
#18231 = ORIENTED_EDGE('',*,*,#17465,.F.);
#18232 = ORIENTED_EDGE('',*,*,#12688,.F.);
#18233 = ORIENTED_EDGE('',*,*,#16632,.T.);
#18234 = ORIENTED_EDGE('',*,*,#15855,.F.);
#18235 = PLANE('',#18236);
#18236 = AXIS2_PLACEMENT_3D('',#18237,#18238,#18239);
#18237 = CARTESIAN_POINT('',(19.07584781098,-26.2,12.53915218902));
#18238 = DIRECTION('',(-0.,-1.,-0.));
#18239 = DIRECTION('',(0.,0.,-1.));
#18240 = ADVANCED_FACE('',(#18241),#18254,.T.);
#18241 = FACE_BOUND('',#18242,.T.);
#18242 = EDGE_LOOP('',(#18243,#18244,#18245,#18251,#18252,#18253));
#18243 = ORIENTED_EDGE('',*,*,#13741,.T.);
#18244 = ORIENTED_EDGE('',*,*,#17396,.T.);
#18245 = ORIENTED_EDGE('',*,*,#18246,.F.);
#18246 = EDGE_CURVE('',#84,#17389,#18247,.T.);
#18247 = LINE('',#18248,#18249);
#18248 = CARTESIAN_POINT('',(-16.,-14.2,11.5));
#18249 = VECTOR('',#18250,1.);
#18250 = DIRECTION('',(0.,0.,1.));
#18251 = ORIENTED_EDGE('',*,*,#81,.F.);
#18252 = ORIENTED_EDGE('',*,*,#12546,.T.);
#18253 = ORIENTED_EDGE('',*,*,#17453,.F.);
#18254 = PLANE('',#18255);
#18255 = AXIS2_PLACEMENT_3D('',#18256,#18257,#18258);
#18256 = CARTESIAN_POINT('',(-16.,-14.94106878306,15.483931216931));
#18257 = DIRECTION('',(-1.,-0.,-0.));
#18258 = DIRECTION('',(0.,0.,-1.));
#18259 = ADVANCED_FACE('',(#18260),#18291,.T.);
#18260 = FACE_BOUND('',#18261,.T.);
#18261 = EDGE_LOOP('',(#18262,#18263,#18264,#18265,#18266,#18267,#18268,
    #18269,#18270,#18271,#18272,#18273,#18274,#18275,#18276,#18277,
    #18278,#18279,#18280,#18281,#18282,#18283,#18284,#18285,#18286,
    #18287,#18288,#18289,#18290));
#18262 = ORIENTED_EDGE('',*,*,#17535,.F.);
#18263 = ORIENTED_EDGE('',*,*,#14801,.F.);
#18264 = ORIENTED_EDGE('',*,*,#14851,.F.);
#18265 = ORIENTED_EDGE('',*,*,#14889,.F.);
#18266 = ORIENTED_EDGE('',*,*,#14903,.F.);
#18267 = ORIENTED_EDGE('',*,*,#14770,.F.);
#18268 = ORIENTED_EDGE('',*,*,#14646,.F.);
#18269 = ORIENTED_EDGE('',*,*,#14755,.F.);
#18270 = ORIENTED_EDGE('',*,*,#14501,.F.);
#18271 = ORIENTED_EDGE('',*,*,#14303,.T.);
#18272 = ORIENTED_EDGE('',*,*,#14359,.T.);
#18273 = ORIENTED_EDGE('',*,*,#13441,.F.);
#18274 = ORIENTED_EDGE('',*,*,#16980,.T.);
#18275 = ORIENTED_EDGE('',*,*,#17128,.F.);
#18276 = ORIENTED_EDGE('',*,*,#17091,.F.);
#18277 = ORIENTED_EDGE('',*,*,#17060,.T.);
#18278 = ORIENTED_EDGE('',*,*,#17567,.F.);
#18279 = ORIENTED_EDGE('',*,*,#17629,.F.);
#18280 = ORIENTED_EDGE('',*,*,#17979,.F.);
#18281 = ORIENTED_EDGE('',*,*,#17955,.F.);
#18282 = ORIENTED_EDGE('',*,*,#17931,.F.);
#18283 = ORIENTED_EDGE('',*,*,#17907,.F.);
#18284 = ORIENTED_EDGE('',*,*,#17883,.F.);
#18285 = ORIENTED_EDGE('',*,*,#17859,.F.);
#18286 = ORIENTED_EDGE('',*,*,#17835,.F.);
#18287 = ORIENTED_EDGE('',*,*,#17811,.F.);
#18288 = ORIENTED_EDGE('',*,*,#17787,.F.);
#18289 = ORIENTED_EDGE('',*,*,#17763,.F.);
#18290 = ORIENTED_EDGE('',*,*,#17739,.F.);
#18291 = PLANE('',#18292);
#18292 = AXIS2_PLACEMENT_3D('',#18293,#18294,#18295);
#18293 = CARTESIAN_POINT('',(-7.896323766399,17.95,16.843124384286));
#18294 = DIRECTION('',(0.,1.,0.));
#18295 = DIRECTION('',(0.,-0.,1.));
#18296 = ADVANCED_FACE('',(#18297),#18310,.T.);
#18297 = FACE_BOUND('',#18298,.T.);
#18298 = EDGE_LOOP('',(#18299,#18300,#18301,#18307,#18308,#18309));
#18299 = ORIENTED_EDGE('',*,*,#17154,.T.);
#18300 = ORIENTED_EDGE('',*,*,#17582,.T.);
#18301 = ORIENTED_EDGE('',*,*,#18302,.F.);
#18302 = EDGE_CURVE('',#17306,#17575,#18303,.T.);
#18303 = LINE('',#18304,#18305);
#18304 = CARTESIAN_POINT('',(9.6,19.3,14.4));
#18305 = VECTOR('',#18306,1.);
#18306 = DIRECTION('',(0.,0.,1.));
#18307 = ORIENTED_EDGE('',*,*,#17320,.T.);
#18308 = ORIENTED_EDGE('',*,*,#17265,.T.);
#18309 = ORIENTED_EDGE('',*,*,#17178,.F.);
#18310 = PLANE('',#18311);
#18311 = AXIS2_PLACEMENT_3D('',#18312,#18313,#18314);
#18312 = CARTESIAN_POINT('',(9.6,18.595835214447,14.710835214447));
#18313 = DIRECTION('',(-1.,-0.,-5.746614223914E-16));
#18314 = DIRECTION('',(5.746614223914E-16,0.,-1.));
#18315 = ADVANCED_FACE('',(#18316),#18326,.T.);
#18316 = FACE_BOUND('',#18317,.T.);
#18317 = EDGE_LOOP('',(#18318,#18319,#18320,#18321,#18322,#18323,#18324,
    #18325));
#18318 = ORIENTED_EDGE('',*,*,#17168,.T.);
#18319 = ORIENTED_EDGE('',*,*,#17225,.F.);
#18320 = ORIENTED_EDGE('',*,*,#17288,.F.);
#18321 = ORIENTED_EDGE('',*,*,#17335,.F.);
#18322 = ORIENTED_EDGE('',*,*,#17303,.T.);
#18323 = ORIENTED_EDGE('',*,*,#18302,.T.);
#18324 = ORIENTED_EDGE('',*,*,#17574,.T.);
#18325 = ORIENTED_EDGE('',*,*,#17044,.F.);
#18326 = PLANE('',#18327);
#18327 = AXIS2_PLACEMENT_3D('',#18328,#18329,#18330);
#18328 = CARTESIAN_POINT('',(7.70472150206,19.3,15.03084675828));
#18329 = DIRECTION('',(-0.,-1.,-0.));
#18330 = DIRECTION('',(0.,0.,-1.));
#18331 = ADVANCED_FACE('',(#18332),#18344,.T.);
#18332 = FACE_BOUND('',#18333,.T.);
#18333 = EDGE_LOOP('',(#18334,#18335,#18336,#18337,#18338,#18339,#18340,
    #18341,#18342,#18343));
#18334 = ORIENTED_EDGE('',*,*,#14858,.T.);
#18335 = ORIENTED_EDGE('',*,*,#14819,.T.);
#18336 = ORIENTED_EDGE('',*,*,#17528,.T.);
#18337 = ORIENTED_EDGE('',*,*,#14335,.F.);
#18338 = ORIENTED_EDGE('',*,*,#14429,.F.);
#18339 = ORIENTED_EDGE('',*,*,#14564,.F.);
#18340 = ORIENTED_EDGE('',*,*,#14588,.T.);
#18341 = ORIENTED_EDGE('',*,*,#14786,.F.);
#18342 = ORIENTED_EDGE('',*,*,#14910,.F.);
#18343 = ORIENTED_EDGE('',*,*,#14873,.F.);
#18344 = PLANE('',#18345);
#18345 = AXIS2_PLACEMENT_3D('',#18346,#18347,#18348);
#18346 = CARTESIAN_POINT('',(-15.21704197955,19.3,14.800077394373));
#18347 = DIRECTION('',(-0.,-1.,-2.371667607231E-16));
#18348 = DIRECTION('',(0.,2.371667607231E-16,-1.));
#18349 = ADVANCED_FACE('',(#18350),#18360,.T.);
#18350 = FACE_BOUND('',#18351,.T.);
#18351 = EDGE_LOOP('',(#18352,#18353,#18354,#18355,#18356,#18357,#18358,
    #18359));
#18352 = ORIENTED_EDGE('',*,*,#1845,.T.);
#18353 = ORIENTED_EDGE('',*,*,#1887,.T.);
#18354 = ORIENTED_EDGE('',*,*,#17486,.F.);
#18355 = ORIENTED_EDGE('',*,*,#1042,.T.);
#18356 = ORIENTED_EDGE('',*,*,#17596,.F.);
#18357 = ORIENTED_EDGE('',*,*,#799,.F.);
#18358 = ORIENTED_EDGE('',*,*,#18018,.F.);
#18359 = ORIENTED_EDGE('',*,*,#13494,.F.);
#18360 = PLANE('',#18361);
#18361 = AXIS2_PLACEMENT_3D('',#18362,#18363,#18364);
#18362 = CARTESIAN_POINT('',(12.080502204802,21.3,7.907055365017));
#18363 = DIRECTION('',(-0.,-1.,-0.));
#18364 = DIRECTION('',(0.,0.,-1.));
#18365 = ADVANCED_FACE('',(#18366),#18412,.T.);
#18366 = FACE_BOUND('',#18367,.T.);
#18367 = EDGE_LOOP('',(#18368,#18379,#18386,#18387,#18388,#18389,#18395,
    #18396,#18405));
#18368 = ORIENTED_EDGE('',*,*,#18369,.F.);
#18369 = EDGE_CURVE('',#18370,#18372,#18374,.T.);
#18370 = VERTEX_POINT('',#18371);
#18371 = CARTESIAN_POINT('',(-6.880835705058,-14.2,13.2));
#18372 = VERTEX_POINT('',#18373);
#18373 = CARTESIAN_POINT('',(-2.718715894107E-15,-14.2,15.59));
#18374 = CIRCLE('',#18375,11.1);
#18375 = AXIS2_PLACEMENT_3D('',#18376,#18377,#18378);
#18376 = CARTESIAN_POINT('',(0.,-14.2,4.49));
#18377 = DIRECTION('',(0.,1.,0.));
#18378 = DIRECTION('',(0.,-0.,1.));
#18379 = ORIENTED_EDGE('',*,*,#18380,.F.);
#18380 = EDGE_CURVE('',#92,#18370,#18381,.T.);
#18381 = CIRCLE('',#18382,11.1);
#18382 = AXIS2_PLACEMENT_3D('',#18383,#18384,#18385);
#18383 = CARTESIAN_POINT('',(0.,-14.2,4.49));
#18384 = DIRECTION('',(0.,1.,0.));
#18385 = DIRECTION('',(0.,-0.,1.));
#18386 = ORIENTED_EDGE('',*,*,#91,.F.);
#18387 = ORIENTED_EDGE('',*,*,#18246,.T.);
#18388 = ORIENTED_EDGE('',*,*,#17388,.T.);
#18389 = ORIENTED_EDGE('',*,*,#18390,.F.);
#18390 = EDGE_CURVE('',#18076,#17381,#18391,.T.);
#18391 = LINE('',#18392,#18393);
#18392 = CARTESIAN_POINT('',(13.85,-14.2,11.5));
#18393 = VECTOR('',#18394,1.);
#18394 = DIRECTION('',(0.,0.,1.));
#18395 = ORIENTED_EDGE('',*,*,#18075,.F.);
#18396 = ORIENTED_EDGE('',*,*,#18397,.F.);
#18397 = EDGE_CURVE('',#18398,#18068,#18400,.T.);
#18398 = VERTEX_POINT('',#18399);
#18399 = CARTESIAN_POINT('',(6.880835705058,-14.2,13.2));
#18400 = CIRCLE('',#18401,11.1);
#18401 = AXIS2_PLACEMENT_3D('',#18402,#18403,#18404);
#18402 = CARTESIAN_POINT('',(0.,-14.2,4.49));
#18403 = DIRECTION('',(0.,1.,0.));
#18404 = DIRECTION('',(0.,-0.,1.));
#18405 = ORIENTED_EDGE('',*,*,#18406,.F.);
#18406 = EDGE_CURVE('',#18372,#18398,#18407,.T.);
#18407 = CIRCLE('',#18408,11.1);
#18408 = AXIS2_PLACEMENT_3D('',#18409,#18410,#18411);
#18409 = CARTESIAN_POINT('',(0.,-14.2,4.49));
#18410 = DIRECTION('',(0.,1.,0.));
#18411 = DIRECTION('',(0.,-0.,1.));
#18412 = PLANE('',#18413);
#18413 = AXIS2_PLACEMENT_3D('',#18414,#18415,#18416);
#18414 = CARTESIAN_POINT('',(-1.041000026022,-14.2,15.901747827416));
#18415 = DIRECTION('',(0.,1.,0.));
#18416 = DIRECTION('',(0.,-0.,1.));
#18417 = ADVANCED_FACE('',(#18418),#18430,.T.);
#18418 = FACE_BOUND('',#18419,.T.);
#18419 = EDGE_LOOP('',(#18420,#18421,#18422,#18423,#18424,#18425,#18426,
    #18427,#18428,#18429));
#18420 = ORIENTED_EDGE('',*,*,#14248,.T.);
#18421 = ORIENTED_EDGE('',*,*,#18083,.T.);
#18422 = ORIENTED_EDGE('',*,*,#18390,.T.);
#18423 = ORIENTED_EDGE('',*,*,#17380,.F.);
#18424 = ORIENTED_EDGE('',*,*,#458,.T.);
#18425 = ORIENTED_EDGE('',*,*,#388,.T.);
#18426 = ORIENTED_EDGE('',*,*,#348,.F.);
#18427 = ORIENTED_EDGE('',*,*,#307,.T.);
#18428 = ORIENTED_EDGE('',*,*,#18217,.F.);
#18429 = ORIENTED_EDGE('',*,*,#16839,.T.);
#18430 = PLANE('',#18431);
#18431 = AXIS2_PLACEMENT_3D('',#18432,#18433,#18434);
#18432 = CARTESIAN_POINT('',(13.85,-20.6312955085,10.231295508508));
#18433 = DIRECTION('',(1.,0.,0.));
#18434 = DIRECTION('',(-0.,0.,1.));
#18435 = ADVANCED_FACE('',(#18436),#18447,.T.);
#18436 = FACE_BOUND('',#18437,.T.);
#18437 = EDGE_LOOP('',(#18438,#18439,#18440,#18441));
#18438 = ORIENTED_EDGE('',*,*,#1259,.T.);
#18439 = ORIENTED_EDGE('',*,*,#1060,.T.);
#18440 = ORIENTED_EDGE('',*,*,#17502,.T.);
#18441 = ORIENTED_EDGE('',*,*,#18442,.F.);
#18442 = EDGE_CURVE('',#1260,#17495,#18443,.T.);
#18443 = LINE('',#18444,#18445);
#18444 = CARTESIAN_POINT('',(16.17,23.07,0.4));
#18445 = VECTOR('',#18446,1.);
#18446 = DIRECTION('',(0.,0.,1.));
#18447 = PLANE('',#18448);
#18448 = AXIS2_PLACEMENT_3D('',#18449,#18450,#18451);
#18449 = CARTESIAN_POINT('',(13.87,23.07,7.65));
#18450 = DIRECTION('',(0.,1.,0.));
#18451 = DIRECTION('',(0.,-0.,1.));
#18452 = ADVANCED_FACE('',(#18453),#18465,.T.);
#18453 = FACE_BOUND('',#18454,.T.);
#18454 = EDGE_LOOP('',(#18455,#18456,#18457,#18458,#18459,#18460,#18461,
    #18462,#18463,#18464));
#18455 = ORIENTED_EDGE('',*,*,#18224,.F.);
#18456 = ORIENTED_EDGE('',*,*,#325,.T.);
#18457 = ORIENTED_EDGE('',*,*,#364,.T.);
#18458 = ORIENTED_EDGE('',*,*,#395,.T.);
#18459 = ORIENTED_EDGE('',*,*,#586,.F.);
#18460 = ORIENTED_EDGE('',*,*,#1809,.T.);
#18461 = ORIENTED_EDGE('',*,*,#1418,.T.);
#18462 = ORIENTED_EDGE('',*,*,#1171,.F.);
#18463 = ORIENTED_EDGE('',*,*,#1395,.T.);
#18464 = ORIENTED_EDGE('',*,*,#17361,.F.);
#18465 = PLANE('',#18466);
#18466 = AXIS2_PLACEMENT_3D('',#18467,#18468,#18469);
#18467 = CARTESIAN_POINT('',(34.,-3.100932572339,15.096230422087));
#18468 = DIRECTION('',(1.,0.,0.));
#18469 = DIRECTION('',(-0.,0.,1.));
#18470 = ADVANCED_FACE('',(#18471),#18479,.T.);
#18471 = FACE_BOUND('',#18472,.T.);
#18472 = EDGE_LOOP('',(#18473,#18474,#18475,#18476,#18477,#18478));
#18473 = ORIENTED_EDGE('',*,*,#17494,.F.);
#18474 = ORIENTED_EDGE('',*,*,#1911,.F.);
#18475 = ORIENTED_EDGE('',*,*,#1821,.T.);
#18476 = ORIENTED_EDGE('',*,*,#1326,.F.);
#18477 = ORIENTED_EDGE('',*,*,#1267,.T.);
#18478 = ORIENTED_EDGE('',*,*,#18442,.T.);
#18479 = PLANE('',#18480);
#18480 = AXIS2_PLACEMENT_3D('',#18481,#18482,#18483);
#18481 = CARTESIAN_POINT('',(16.17,16.6,0.4));
#18482 = DIRECTION('',(1.,0.,-0.));
#18483 = DIRECTION('',(0.,0.,1.));
#18484 = ADVANCED_FACE('',(#18485),#18493,.F.);
#18485 = FACE_BOUND('',#18486,.F.);
#18486 = EDGE_LOOP('',(#18487,#18488,#18489,#18490,#18491,#18492));
#18487 = ORIENTED_EDGE('',*,*,#15156,.T.);
#18488 = ORIENTED_EDGE('',*,*,#15130,.F.);
#18489 = ORIENTED_EDGE('',*,*,#15139,.F.);
#18490 = ORIENTED_EDGE('',*,*,#14988,.F.);
#18491 = ORIENTED_EDGE('',*,*,#2648,.T.);
#18492 = ORIENTED_EDGE('',*,*,#2639,.T.);
#18493 = CYLINDRICAL_SURFACE('',#18494,7.5);
#18494 = AXIS2_PLACEMENT_3D('',#18495,#18496,#18497);
#18495 = CARTESIAN_POINT('',(-39.6,0.,7.5));
#18496 = DIRECTION('',(1.,0.,0.));
#18497 = DIRECTION('',(-0.,0.,1.));
#18498 = ADVANCED_FACE('',(#18499),#18507,.F.);
#18499 = FACE_BOUND('',#18500,.F.);
#18500 = EDGE_LOOP('',(#18501,#18502,#18503,#18504,#18505,#18506));
#18501 = ORIENTED_EDGE('',*,*,#15170,.T.);
#18502 = ORIENTED_EDGE('',*,*,#15028,.F.);
#18503 = ORIENTED_EDGE('',*,*,#15037,.F.);
#18504 = ORIENTED_EDGE('',*,*,#14956,.F.);
#18505 = ORIENTED_EDGE('',*,*,#15088,.T.);
#18506 = ORIENTED_EDGE('',*,*,#15079,.T.);
#18507 = CYLINDRICAL_SURFACE('',#18508,7.5);
#18508 = AXIS2_PLACEMENT_3D('',#18509,#18510,#18511);
#18509 = CARTESIAN_POINT('',(-39.6,0.,7.5));
#18510 = DIRECTION('',(1.,0.,0.));
#18511 = DIRECTION('',(-0.,0.,1.));
#18512 = ADVANCED_FACE('',(#18513),#18521,.F.);
#18513 = FACE_BOUND('',#18514,.F.);
#18514 = EDGE_LOOP('',(#18515,#18516,#18517,#18518,#18519,#18520));
#18515 = ORIENTED_EDGE('',*,*,#15163,.T.);
#18516 = ORIENTED_EDGE('',*,*,#15062,.F.);
#18517 = ORIENTED_EDGE('',*,*,#15053,.F.);
#18518 = ORIENTED_EDGE('',*,*,#14972,.F.);
#18519 = ORIENTED_EDGE('',*,*,#15104,.T.);
#18520 = ORIENTED_EDGE('',*,*,#15113,.T.);
#18521 = CYLINDRICAL_SURFACE('',#18522,8.825);
#18522 = AXIS2_PLACEMENT_3D('',#18523,#18524,#18525);
#18523 = CARTESIAN_POINT('',(-37.5,0.,7.3));
#18524 = DIRECTION('',(1.,0.,0.));
#18525 = DIRECTION('',(-0.,0.,1.));
#18526 = ADVANCED_FACE('',(#18527),#18550,.F.);
#18527 = FACE_BOUND('',#18528,.F.);
#18528 = EDGE_LOOP('',(#18529,#18530,#18531,#18532,#18533,#18534,#18535,
    #18536,#18537,#18538,#18539,#18540,#18541,#18542,#18543,#18544,
    #18545,#18546,#18547,#18548,#18549));
#18529 = ORIENTED_EDGE('',*,*,#8816,.T.);
#18530 = ORIENTED_EDGE('',*,*,#8777,.F.);
#18531 = ORIENTED_EDGE('',*,*,#8786,.F.);
#18532 = ORIENTED_EDGE('',*,*,#8728,.F.);
#18533 = ORIENTED_EDGE('',*,*,#8697,.T.);
#18534 = ORIENTED_EDGE('',*,*,#8666,.F.);
#18535 = ORIENTED_EDGE('',*,*,#8624,.F.);
#18536 = ORIENTED_EDGE('',*,*,#8594,.F.);
#18537 = ORIENTED_EDGE('',*,*,#15206,.T.);
#18538 = ORIENTED_EDGE('',*,*,#14940,.F.);
#18539 = ORIENTED_EDGE('',*,*,#15002,.T.);
#18540 = ORIENTED_EDGE('',*,*,#15011,.T.);
#18541 = ORIENTED_EDGE('',*,*,#15177,.T.);
#18542 = ORIENTED_EDGE('',*,*,#15816,.T.);
#18543 = ORIENTED_EDGE('',*,*,#9035,.T.);
#18544 = ORIENTED_EDGE('',*,*,#9018,.F.);
#18545 = ORIENTED_EDGE('',*,*,#8970,.T.);
#18546 = ORIENTED_EDGE('',*,*,#8938,.T.);
#18547 = ORIENTED_EDGE('',*,*,#8906,.T.);
#18548 = ORIENTED_EDGE('',*,*,#8858,.F.);
#18549 = ORIENTED_EDGE('',*,*,#8898,.T.);
#18550 = CYLINDRICAL_SURFACE('',#18551,8.825);
#18551 = AXIS2_PLACEMENT_3D('',#18552,#18553,#18554);
#18552 = CARTESIAN_POINT('',(-35.5,0.,7.3));
#18553 = DIRECTION('',(1.,0.,0.));
#18554 = DIRECTION('',(-0.,0.,1.));
#18555 = ADVANCED_FACE('',(#18556),#18566,.F.);
#18556 = FACE_BOUND('',#18557,.F.);
#18557 = EDGE_LOOP('',(#18558,#18559,#18560,#18561,#18562,#18563,#18564,
    #18565));
#18558 = ORIENTED_EDGE('',*,*,#18046,.T.);
#18559 = ORIENTED_EDGE('',*,*,#18183,.F.);
#18560 = ORIENTED_EDGE('',*,*,#18192,.F.);
#18561 = ORIENTED_EDGE('',*,*,#18201,.F.);
#18562 = ORIENTED_EDGE('',*,*,#18169,.F.);
#18563 = ORIENTED_EDGE('',*,*,#214,.F.);
#18564 = ORIENTED_EDGE('',*,*,#189,.T.);
#18565 = ORIENTED_EDGE('',*,*,#180,.T.);
#18566 = CYLINDRICAL_SURFACE('',#18567,9.5);
#18567 = AXIS2_PLACEMENT_3D('',#18568,#18569,#18570);
#18568 = CARTESIAN_POINT('',(0.,19.3,4.49));
#18569 = DIRECTION('',(0.,1.,0.));
#18570 = DIRECTION('',(0.,-0.,1.));
#18571 = ADVANCED_FACE('',(#18572),#18582,.F.);
#18572 = FACE_BOUND('',#18573,.F.);
#18573 = EDGE_LOOP('',(#18574,#18575,#18576,#18577,#18578,#18579,#18580,
    #18581));
#18574 = ORIENTED_EDGE('',*,*,#14224,.T.);
#18575 = ORIENTED_EDGE('',*,*,#18060,.T.);
#18576 = ORIENTED_EDGE('',*,*,#57,.F.);
#18577 = ORIENTED_EDGE('',*,*,#66,.F.);
#18578 = ORIENTED_EDGE('',*,*,#106,.F.);
#18579 = ORIENTED_EDGE('',*,*,#13780,.T.);
#18580 = ORIENTED_EDGE('',*,*,#14404,.T.);
#18581 = ORIENTED_EDGE('',*,*,#14413,.T.);
#18582 = CYLINDRICAL_SURFACE('',#18583,9.5);
#18583 = AXIS2_PLACEMENT_3D('',#18584,#18585,#18586);
#18584 = CARTESIAN_POINT('',(0.,-18.63,4.49));
#18585 = DIRECTION('',(0.,1.,0.));
#18586 = DIRECTION('',(0.,-0.,1.));
#18587 = ADVANCED_FACE('',(#18588),#18600,.F.);
#18588 = FACE_BOUND('',#18589,.F.);
#18589 = EDGE_LOOP('',(#18590,#18591,#18592,#18593,#18594,#18595,#18596,
    #18597,#18598,#18599));
#18590 = ORIENTED_EDGE('',*,*,#18137,.T.);
#18591 = ORIENTED_EDGE('',*,*,#18146,.T.);
#18592 = ORIENTED_EDGE('',*,*,#18039,.T.);
#18593 = ORIENTED_EDGE('',*,*,#163,.F.);
#18594 = ORIENTED_EDGE('',*,*,#154,.F.);
#18595 = ORIENTED_EDGE('',*,*,#221,.F.);
#18596 = ORIENTED_EDGE('',*,*,#18101,.T.);
#18597 = ORIENTED_EDGE('',*,*,#18110,.T.);
#18598 = ORIENTED_EDGE('',*,*,#18119,.T.);
#18599 = ORIENTED_EDGE('',*,*,#18128,.T.);
#18600 = CYLINDRICAL_SURFACE('',#18601,11.1);
#18601 = AXIS2_PLACEMENT_3D('',#18602,#18603,#18604);
#18602 = CARTESIAN_POINT('',(0.,-18.1,4.49));
#18603 = DIRECTION('',(0.,1.,0.));
#18604 = DIRECTION('',(0.,-0.,1.));
#18605 = ADVANCED_FACE('',(#18606),#18616,.F.);
#18606 = FACE_BOUND('',#18607,.F.);
#18607 = EDGE_LOOP('',(#18608,#18609,#18610,#18611,#18612,#18613,#18614,
    #18615));
#18608 = ORIENTED_EDGE('',*,*,#18067,.T.);
#18609 = ORIENTED_EDGE('',*,*,#18397,.F.);
#18610 = ORIENTED_EDGE('',*,*,#18406,.F.);
#18611 = ORIENTED_EDGE('',*,*,#18369,.F.);
#18612 = ORIENTED_EDGE('',*,*,#18380,.F.);
#18613 = ORIENTED_EDGE('',*,*,#99,.F.);
#18614 = ORIENTED_EDGE('',*,*,#31,.T.);
#18615 = ORIENTED_EDGE('',*,*,#40,.T.);
#18616 = CYLINDRICAL_SURFACE('',#18617,11.1);
#18617 = AXIS2_PLACEMENT_3D('',#18618,#18619,#18620);
#18618 = CARTESIAN_POINT('',(0.,-18.1,4.49));
#18619 = DIRECTION('',(0.,1.,0.));
#18620 = DIRECTION('',(0.,-0.,1.));
#18621 = ( GEOMETRIC_REPRESENTATION_CONTEXT(3) 
GLOBAL_UNCERTAINTY_ASSIGNED_CONTEXT((#18625)) 
GLOBAL_UNIT_ASSIGNED_CONTEXT((#18622,#18623,#18624)) 
REPRESENTATION_CONTEXT('Context #1',
  '3D Context with UNIT and UNCERTAINTY') );
#18622 = ( LENGTH_UNIT() NAMED_UNIT(*) SI_UNIT(.MILLI.,.METRE.) );
#18623 = ( NAMED_UNIT(*) PLANE_ANGLE_UNIT() SI_UNIT($,.RADIAN.) );
#18624 = ( NAMED_UNIT(*) SI_UNIT($,.STERADIAN.) SOLID_ANGLE_UNIT() );
#18625 = UNCERTAINTY_MEASURE_WITH_UNIT(LENGTH_MEASURE(1.E-07),#18622,
  'distance_accuracy_value','confusion accuracy');
#18626 = PRODUCT_RELATED_PRODUCT_CATEGORY('part',$,(#7));
ENDSEC;
END-ISO-10303-21;
