ISO-10303-21;
HEADER;
FILE_DESCRIPTION(('FreeCAD Model'),'2;1');
FILE_NAME('Open CASCADE Shape Model','2026-09-04T18:52:00',('Author'),(
    ''),'Open CASCADE STEP processor 7.8','FreeCAD','Unknown');
FILE_SCHEMA(('AUTOMOTIVE_DESIGN { 1 0 10303 214 1 1 1 1 }'));
ENDSEC;
DATA;
#1 = APPLICATION_PROTOCOL_DEFINITION('international standard',
  'automotive_design',2000,#2);
#2 = APPLICATION_CONTEXT(
  'core data for automotive mechanical design processes');
#3 = SHAPE_DEFINITION_REPRESENTATION(#4,#10);
#4 = PRODUCT_DEFINITION_SHAPE('','',#5);
#5 = PRODUCT_DEFINITION('design','',#6,#9);
#6 = PRODUCT_DEFINITION_FORMATION('','',#7);
#7 = PRODUCT('exp_74lvc1g08_sot_23_5','exp_74lvc1g08_sot_23_5','',(#8));
#8 = PRODUCT_CONTEXT('',#2,'mechanical');
#9 = PRODUCT_DEFINITION_CONTEXT('part definition',#2,'design');
#10 = ADVANCED_BREP_SHAPE_REPRESENTATION('',(#11,#15),#3084);
#11 = AXIS2_PLACEMENT_3D('',#12,#13,#14);
#12 = CARTESIAN_POINT('',(0.,0.,0.));
#13 = DIRECTION('',(0.,0.,1.));
#14 = DIRECTION('',(1.,0.,-0.));
#15 = MANIFOLD_SOLID_BREP('',#16);
#16 = CLOSED_SHELL('',(#17,#55,#118,#141,#170,#193,#264,#319,#342,#365,
    #382,#405,#493,#509,#539,#570,#601,#632,#663,#694,#711,#728,#759,
    #790,#821,#851,#874,#897,#914,#959,#1029,#1052,#1075,#1098,#1153,
    #1191,#1240,#1332,#1357,#1441,#1463,#1555,#1580,#1664,#1681,#1766,
    #1791,#1868,#1953,#1978,#2055,#2072,#2164,#2189,#2273,#2290,#2309,
    #2328,#2374,#2390,#2409,#2425,#2442,#2454,#2471,#2488,#2505,#2522,
    #2539,#2556,#2573,#2585,#2602,#2619,#2636,#2653,#2670,#2687,#2704,
    #2716,#2733,#2750,#2767,#2784,#2801,#2818,#2830,#2847,#2864,#2881,
    #2898,#2915,#2932,#2944,#2961,#2978,#2995,#3012,#3029,#3046,#3063,
    #3075));
#17 = ADVANCED_FACE('',(#18),#50,.F.);
#18 = FACE_BOUND('',#19,.F.);
#19 = EDGE_LOOP('',(#20,#30,#37,#45));
#20 = ORIENTED_EDGE('',*,*,#21,.T.);
#21 = EDGE_CURVE('',#22,#24,#26,.T.);
#22 = VERTEX_POINT('',#23);
#23 = CARTESIAN_POINT('',(5.803176771278,-13.44873254255,0.1));
#24 = VERTEX_POINT('',#25);
#25 = CARTESIAN_POINT('',(7.121825228722,-13.44873254255,0.1));
#26 = LINE('',#27,#28);
#27 = CARTESIAN_POINT('',(5.803176771278,-13.44873254255,0.1));
#28 = VECTOR('',#29,1.);
#29 = DIRECTION('',(1.,1.110223024625E-16,0.));
#30 = ORIENTED_EDGE('',*,*,#31,.T.);
#31 = EDGE_CURVE('',#24,#32,#34,.T.);
#32 = VERTEX_POINT('',#33);
#33 = CARTESIAN_POINT('',(7.167501,-13.357381,0.75));
#34 = B_SPLINE_CURVE_WITH_KNOTS('',1,(#35,#36),.UNSPECIFIED.,.F.,.F.,(2,
    2),(0.,1.),.PIECEWISE_BEZIER_KNOTS.);
#35 = CARTESIAN_POINT('',(7.121825228722,-13.44873254255,0.1));
#36 = CARTESIAN_POINT('',(7.167501,-13.357381,0.75));
#37 = ORIENTED_EDGE('',*,*,#38,.F.);
#38 = EDGE_CURVE('',#39,#32,#41,.T.);
#39 = VERTEX_POINT('',#40);
#40 = CARTESIAN_POINT('',(5.757501,-13.357381,0.75));
#41 = LINE('',#42,#43);
#42 = CARTESIAN_POINT('',(5.757501,-13.357381,0.75));
#43 = VECTOR('',#44,1.);
#44 = DIRECTION('',(1.,1.110223024625E-16,0.));
#45 = ORIENTED_EDGE('',*,*,#46,.F.);
#46 = EDGE_CURVE('',#22,#39,#47,.T.);
#47 = B_SPLINE_CURVE_WITH_KNOTS('',1,(#48,#49),.UNSPECIFIED.,.F.,.F.,(2,
    2),(0.,1.),.PIECEWISE_BEZIER_KNOTS.);
#48 = CARTESIAN_POINT('',(5.803176771278,-13.44873254255,0.1));
#49 = CARTESIAN_POINT('',(5.757501,-13.357381,0.75));
#50 = B_SPLINE_SURFACE_WITH_KNOTS('',1,1,(
    (#51,#52)
    ,(#53,#54)),.UNSPECIFIED.,.F.,.F.,.F.,(2,2),(2,2),(0.,1.41),(0.,1.),
  .PIECEWISE_BEZIER_KNOTS.);
#51 = CARTESIAN_POINT('',(5.803176771278,-13.44873254255,0.1));
#52 = CARTESIAN_POINT('',(5.757501,-13.357381,0.75));
#53 = CARTESIAN_POINT('',(7.121825228722,-13.44873254255,0.1));
#54 = CARTESIAN_POINT('',(7.167501,-13.357381,0.75));
#55 = ADVANCED_FACE('',(#56),#113,.F.);
#56 = FACE_BOUND('',#57,.T.);
#57 = EDGE_LOOP('',(#58,#59,#67,#75,#83,#91,#99,#107));
#58 = ORIENTED_EDGE('',*,*,#21,.T.);
#59 = ORIENTED_EDGE('',*,*,#60,.T.);
#60 = EDGE_CURVE('',#24,#61,#63,.T.);
#61 = VERTEX_POINT('',#62);
#62 = CARTESIAN_POINT('',(7.171149457443,-13.49805677127,0.1));
#63 = LINE('',#64,#65);
#64 = CARTESIAN_POINT('',(7.121825228722,-13.44873254255,0.1));
#65 = VECTOR('',#66,1.);
#66 = DIRECTION('',(0.707106781187,-0.707106781187,0.));
#67 = ORIENTED_EDGE('',*,*,#68,.T.);
#68 = EDGE_CURVE('',#61,#69,#71,.T.);
#69 = VERTEX_POINT('',#70);
#70 = CARTESIAN_POINT('',(7.171149457443,-16.11670522872,0.1));
#71 = LINE('',#72,#73);
#72 = CARTESIAN_POINT('',(7.171149457443,-13.49805677127,0.1));
#73 = VECTOR('',#74,1.);
#74 = DIRECTION('',(1.110223024625E-16,-1.,0.));
#75 = ORIENTED_EDGE('',*,*,#76,.T.);
#76 = EDGE_CURVE('',#69,#77,#79,.T.);
#77 = VERTEX_POINT('',#78);
#78 = CARTESIAN_POINT('',(7.121825228722,-16.16602945744,0.1));
#79 = LINE('',#80,#81);
#80 = CARTESIAN_POINT('',(7.171149457443,-16.11670522872,0.1));
#81 = VECTOR('',#82,1.);
#82 = DIRECTION('',(-0.707106781187,-0.707106781187,0.));
#83 = ORIENTED_EDGE('',*,*,#84,.T.);
#84 = EDGE_CURVE('',#77,#85,#87,.T.);
#85 = VERTEX_POINT('',#86);
#86 = CARTESIAN_POINT('',(5.803176771278,-16.16602945744,0.1));
#87 = LINE('',#88,#89);
#88 = CARTESIAN_POINT('',(7.121825228722,-16.16602945744,0.1));
#89 = VECTOR('',#90,1.);
#90 = DIRECTION('',(-1.,-1.110223024625E-16,0.));
#91 = ORIENTED_EDGE('',*,*,#92,.T.);
#92 = EDGE_CURVE('',#85,#93,#95,.T.);
#93 = VERTEX_POINT('',#94);
#94 = CARTESIAN_POINT('',(5.753852542557,-16.11670522872,0.1));
#95 = LINE('',#96,#97);
#96 = CARTESIAN_POINT('',(5.803176771278,-16.16602945744,0.1));
#97 = VECTOR('',#98,1.);
#98 = DIRECTION('',(-0.707106781187,0.707106781187,0.));
#99 = ORIENTED_EDGE('',*,*,#100,.T.);
#100 = EDGE_CURVE('',#93,#101,#103,.T.);
#101 = VERTEX_POINT('',#102);
#102 = CARTESIAN_POINT('',(5.753852542557,-13.49805677127,0.1));
#103 = LINE('',#104,#105);
#104 = CARTESIAN_POINT('',(5.753852542557,-16.11670522872,0.1));
#105 = VECTOR('',#106,1.);
#106 = DIRECTION('',(-1.110223024625E-16,1.,0.));
#107 = ORIENTED_EDGE('',*,*,#108,.T.);
#108 = EDGE_CURVE('',#101,#22,#109,.T.);
#109 = LINE('',#110,#111);
#110 = CARTESIAN_POINT('',(5.753852542557,-13.49805677127,0.1));
#111 = VECTOR('',#112,1.);
#112 = DIRECTION('',(0.707106781187,0.707106781187,0.));
#113 = PLANE('',#114);
#114 = AXIS2_PLACEMENT_3D('',#115,#116,#117);
#115 = CARTESIAN_POINT('',(5.803176771278,-13.44873254255,0.1));
#116 = DIRECTION('',(0.,0.,1.));
#117 = DIRECTION('',(0.436587433964,-0.899661832304,0.));
#118 = ADVANCED_FACE('',(#119),#136,.F.);
#119 = FACE_BOUND('',#120,.F.);
#120 = EDGE_LOOP('',(#121,#122,#129,#135));
#121 = ORIENTED_EDGE('',*,*,#60,.T.);
#122 = ORIENTED_EDGE('',*,*,#123,.T.);
#123 = EDGE_CURVE('',#61,#124,#126,.T.);
#124 = VERTEX_POINT('',#125);
#125 = CARTESIAN_POINT('',(7.262501,-13.452381,0.75));
#126 = B_SPLINE_CURVE_WITH_KNOTS('',1,(#127,#128),.UNSPECIFIED.,.F.,.F.,
  (2,2),(0.,1.),.PIECEWISE_BEZIER_KNOTS.);
#127 = CARTESIAN_POINT('',(7.171149457443,-13.49805677127,0.1));
#128 = CARTESIAN_POINT('',(7.262501,-13.452381,0.75));
#129 = ORIENTED_EDGE('',*,*,#130,.F.);
#130 = EDGE_CURVE('',#32,#124,#131,.T.);
#131 = LINE('',#132,#133);
#132 = CARTESIAN_POINT('',(7.167501,-13.357381,0.75));
#133 = VECTOR('',#134,1.);
#134 = DIRECTION('',(0.707106781187,-0.707106781187,0.));
#135 = ORIENTED_EDGE('',*,*,#31,.F.);
#136 = B_SPLINE_SURFACE_WITH_KNOTS('',1,1,(
    (#137,#138)
    ,(#139,#140
    )),.UNSPECIFIED.,.F.,.F.,.F.,(2,2),(2,2),(0.,0.134350288425),(0.,1.)
  ,.PIECEWISE_BEZIER_KNOTS.);
#137 = CARTESIAN_POINT('',(7.121825228722,-13.44873254255,0.1));
#138 = CARTESIAN_POINT('',(7.167501,-13.357381,0.75));
#139 = CARTESIAN_POINT('',(7.171149457443,-13.49805677127,0.1));
#140 = CARTESIAN_POINT('',(7.262501,-13.452381,0.75));
#141 = ADVANCED_FACE('',(#142),#165,.F.);
#142 = FACE_BOUND('',#143,.F.);
#143 = EDGE_LOOP('',(#144,#145,#152,#160));
#144 = ORIENTED_EDGE('',*,*,#38,.T.);
#145 = ORIENTED_EDGE('',*,*,#146,.T.);
#146 = EDGE_CURVE('',#32,#147,#149,.T.);
#147 = VERTEX_POINT('',#148);
#148 = CARTESIAN_POINT('',(7.167501,-13.357381,0.9));
#149 = B_SPLINE_CURVE_WITH_KNOTS('',1,(#150,#151),.UNSPECIFIED.,.F.,.F.,
  (2,2),(0.,1.),.PIECEWISE_BEZIER_KNOTS.);
#150 = CARTESIAN_POINT('',(7.167501,-13.357381,0.75));
#151 = CARTESIAN_POINT('',(7.167501,-13.357381,0.9));
#152 = ORIENTED_EDGE('',*,*,#153,.F.);
#153 = EDGE_CURVE('',#154,#147,#156,.T.);
#154 = VERTEX_POINT('',#155);
#155 = CARTESIAN_POINT('',(5.757501,-13.357381,0.9));
#156 = LINE('',#157,#158);
#157 = CARTESIAN_POINT('',(5.757501,-13.357381,0.9));
#158 = VECTOR('',#159,1.);
#159 = DIRECTION('',(1.,1.110223024625E-16,0.));
#160 = ORIENTED_EDGE('',*,*,#161,.F.);
#161 = EDGE_CURVE('',#39,#154,#162,.T.);
#162 = B_SPLINE_CURVE_WITH_KNOTS('',1,(#163,#164),.UNSPECIFIED.,.F.,.F.,
  (2,2),(0.,1.),.PIECEWISE_BEZIER_KNOTS.);
#163 = CARTESIAN_POINT('',(5.757501,-13.357381,0.75));
#164 = CARTESIAN_POINT('',(5.757501,-13.357381,0.9));
#165 = PLANE('',#166);
#166 = AXIS2_PLACEMENT_3D('',#167,#168,#169);
#167 = CARTESIAN_POINT('',(5.757501,-13.357381,0.9));
#168 = DIRECTION('',(1.110223024625E-16,-1.,0.));
#169 = DIRECTION('',(1.,1.110223024625E-16,0.));
#170 = ADVANCED_FACE('',(#171),#188,.F.);
#171 = FACE_BOUND('',#172,.F.);
#172 = EDGE_LOOP('',(#173,#174,#175,#183));
#173 = ORIENTED_EDGE('',*,*,#108,.T.);
#174 = ORIENTED_EDGE('',*,*,#46,.T.);
#175 = ORIENTED_EDGE('',*,*,#176,.F.);
#176 = EDGE_CURVE('',#177,#39,#179,.T.);
#177 = VERTEX_POINT('',#178);
#178 = CARTESIAN_POINT('',(5.662501,-13.452381,0.75));
#179 = LINE('',#180,#181);
#180 = CARTESIAN_POINT('',(5.662501,-13.452381,0.75));
#181 = VECTOR('',#182,1.);
#182 = DIRECTION('',(0.707106781187,0.707106781187,0.));
#183 = ORIENTED_EDGE('',*,*,#184,.F.);
#184 = EDGE_CURVE('',#101,#177,#185,.T.);
#185 = B_SPLINE_CURVE_WITH_KNOTS('',1,(#186,#187),.UNSPECIFIED.,.F.,.F.,
  (2,2),(0.,1.),.PIECEWISE_BEZIER_KNOTS.);
#186 = CARTESIAN_POINT('',(5.753852542557,-13.49805677127,0.1));
#187 = CARTESIAN_POINT('',(5.662501,-13.452381,0.75));
#188 = B_SPLINE_SURFACE_WITH_KNOTS('',1,1,(
    (#189,#190)
    ,(#191,#192
    )),.UNSPECIFIED.,.F.,.F.,.F.,(2,2),(2,2),(0.,0.134350288425),(0.,1.)
  ,.PIECEWISE_BEZIER_KNOTS.);
#189 = CARTESIAN_POINT('',(5.753852542557,-13.49805677127,0.1));
#190 = CARTESIAN_POINT('',(5.662501,-13.452381,0.75));
#191 = CARTESIAN_POINT('',(5.803176771278,-13.44873254255,0.1));
#192 = CARTESIAN_POINT('',(5.757501,-13.357381,0.75));
#193 = ADVANCED_FACE('',(#194),#259,.F.);
#194 = FACE_BOUND('',#195,.F.);
#195 = EDGE_LOOP('',(#196,#197,#198,#206,#214,#222,#230,#238,#246,#254)
  );
#196 = ORIENTED_EDGE('',*,*,#100,.T.);
#197 = ORIENTED_EDGE('',*,*,#184,.T.);
#198 = ORIENTED_EDGE('',*,*,#199,.F.);
#199 = EDGE_CURVE('',#200,#177,#202,.T.);
#200 = VERTEX_POINT('',#201);
#201 = CARTESIAN_POINT('',(5.662501,-13.607381,0.75));
#202 = LINE('',#203,#204);
#203 = CARTESIAN_POINT('',(5.662501,-16.162381,0.75));
#204 = VECTOR('',#205,1.);
#205 = DIRECTION('',(-1.110223024625E-16,1.,0.));
#206 = ORIENTED_EDGE('',*,*,#207,.F.);
#207 = EDGE_CURVE('',#208,#200,#210,.T.);
#208 = VERTEX_POINT('',#209);
#209 = CARTESIAN_POINT('',(5.662501,-14.107381,0.75));
#210 = LINE('',#211,#212);
#211 = CARTESIAN_POINT('',(5.662501,-16.162381,0.75));
#212 = VECTOR('',#213,1.);
#213 = DIRECTION('',(-1.110223024625E-16,1.,0.));
#214 = ORIENTED_EDGE('',*,*,#215,.F.);
#215 = EDGE_CURVE('',#216,#208,#218,.T.);
#216 = VERTEX_POINT('',#217);
#217 = CARTESIAN_POINT('',(5.662501,-14.557381,0.75));
#218 = LINE('',#219,#220);
#219 = CARTESIAN_POINT('',(5.662501,-16.162381,0.75));
#220 = VECTOR('',#221,1.);
#221 = DIRECTION('',(-1.110223024625E-16,1.,0.));
#222 = ORIENTED_EDGE('',*,*,#223,.F.);
#223 = EDGE_CURVE('',#224,#216,#226,.T.);
#224 = VERTEX_POINT('',#225);
#225 = CARTESIAN_POINT('',(5.662501,-15.057381,0.75));
#226 = LINE('',#227,#228);
#227 = CARTESIAN_POINT('',(5.662501,-16.162381,0.75));
#228 = VECTOR('',#229,1.);
#229 = DIRECTION('',(-1.110223024625E-16,1.,0.));
#230 = ORIENTED_EDGE('',*,*,#231,.F.);
#231 = EDGE_CURVE('',#232,#224,#234,.T.);
#232 = VERTEX_POINT('',#233);
#233 = CARTESIAN_POINT('',(5.662501,-15.507381,0.75));
#234 = LINE('',#235,#236);
#235 = CARTESIAN_POINT('',(5.662501,-16.162381,0.75));
#236 = VECTOR('',#237,1.);
#237 = DIRECTION('',(-1.110223024625E-16,1.,0.));
#238 = ORIENTED_EDGE('',*,*,#239,.F.);
#239 = EDGE_CURVE('',#240,#232,#242,.T.);
#240 = VERTEX_POINT('',#241);
#241 = CARTESIAN_POINT('',(5.662501,-16.007381,0.75));
#242 = LINE('',#243,#244);
#243 = CARTESIAN_POINT('',(5.662501,-16.162381,0.75));
#244 = VECTOR('',#245,1.);
#245 = DIRECTION('',(-1.110223024625E-16,1.,0.));
#246 = ORIENTED_EDGE('',*,*,#247,.F.);
#247 = EDGE_CURVE('',#248,#240,#250,.T.);
#248 = VERTEX_POINT('',#249);
#249 = CARTESIAN_POINT('',(5.662501,-16.162381,0.75));
#250 = LINE('',#251,#252);
#251 = CARTESIAN_POINT('',(5.662501,-16.162381,0.75));
#252 = VECTOR('',#253,1.);
#253 = DIRECTION('',(-1.110223024625E-16,1.,0.));
#254 = ORIENTED_EDGE('',*,*,#255,.F.);
#255 = EDGE_CURVE('',#93,#248,#256,.T.);
#256 = B_SPLINE_CURVE_WITH_KNOTS('',1,(#257,#258),.UNSPECIFIED.,.F.,.F.,
  (2,2),(0.,1.),.PIECEWISE_BEZIER_KNOTS.);
#257 = CARTESIAN_POINT('',(5.753852542557,-16.11670522872,0.1));
#258 = CARTESIAN_POINT('',(5.662501,-16.162381,0.75));
#259 = B_SPLINE_SURFACE_WITH_KNOTS('',1,1,(
    (#260,#261)
    ,(#262,#263
    )),.UNSPECIFIED.,.F.,.F.,.F.,(2,2),(2,2),(0.,2.71),(0.,1.),
  .PIECEWISE_BEZIER_KNOTS.);
#260 = CARTESIAN_POINT('',(5.753852542557,-16.11670522872,0.1));
#261 = CARTESIAN_POINT('',(5.662501,-16.162381,0.75));
#262 = CARTESIAN_POINT('',(5.753852542557,-13.49805677127,0.1));
#263 = CARTESIAN_POINT('',(5.662501,-13.452381,0.75));
#264 = ADVANCED_FACE('',(#265),#314,.F.);
#265 = FACE_BOUND('',#266,.F.);
#266 = EDGE_LOOP('',(#267,#268,#275,#283,#291,#299,#307,#313));
#267 = ORIENTED_EDGE('',*,*,#68,.T.);
#268 = ORIENTED_EDGE('',*,*,#269,.T.);
#269 = EDGE_CURVE('',#69,#270,#272,.T.);
#270 = VERTEX_POINT('',#271);
#271 = CARTESIAN_POINT('',(7.262501,-16.162381,0.75));
#272 = B_SPLINE_CURVE_WITH_KNOTS('',1,(#273,#274),.UNSPECIFIED.,.F.,.F.,
  (2,2),(0.,1.),.PIECEWISE_BEZIER_KNOTS.);
#273 = CARTESIAN_POINT('',(7.171149457443,-16.11670522872,0.1));
#274 = CARTESIAN_POINT('',(7.262501,-16.162381,0.75));
#275 = ORIENTED_EDGE('',*,*,#276,.F.);
#276 = EDGE_CURVE('',#277,#270,#279,.T.);
#277 = VERTEX_POINT('',#278);
#278 = CARTESIAN_POINT('',(7.262501,-16.007381,0.75));
#279 = LINE('',#280,#281);
#280 = CARTESIAN_POINT('',(7.262501,-13.452381,0.75));
#281 = VECTOR('',#282,1.);
#282 = DIRECTION('',(1.110223024625E-16,-1.,0.));
#283 = ORIENTED_EDGE('',*,*,#284,.F.);
#284 = EDGE_CURVE('',#285,#277,#287,.T.);
#285 = VERTEX_POINT('',#286);
#286 = CARTESIAN_POINT('',(7.262501,-15.507381,0.75));
#287 = LINE('',#288,#289);
#288 = CARTESIAN_POINT('',(7.262501,-13.452381,0.75));
#289 = VECTOR('',#290,1.);
#290 = DIRECTION('',(1.110223024625E-16,-1.,0.));
#291 = ORIENTED_EDGE('',*,*,#292,.F.);
#292 = EDGE_CURVE('',#293,#285,#295,.T.);
#293 = VERTEX_POINT('',#294);
#294 = CARTESIAN_POINT('',(7.262501,-14.107381,0.75));
#295 = LINE('',#296,#297);
#296 = CARTESIAN_POINT('',(7.262501,-13.452381,0.75));
#297 = VECTOR('',#298,1.);
#298 = DIRECTION('',(1.110223024625E-16,-1.,0.));
#299 = ORIENTED_EDGE('',*,*,#300,.F.);
#300 = EDGE_CURVE('',#301,#293,#303,.T.);
#301 = VERTEX_POINT('',#302);
#302 = CARTESIAN_POINT('',(7.262501,-13.607381,0.75));
#303 = LINE('',#304,#305);
#304 = CARTESIAN_POINT('',(7.262501,-13.452381,0.75));
#305 = VECTOR('',#306,1.);
#306 = DIRECTION('',(1.110223024625E-16,-1.,0.));
#307 = ORIENTED_EDGE('',*,*,#308,.F.);
#308 = EDGE_CURVE('',#124,#301,#309,.T.);
#309 = LINE('',#310,#311);
#310 = CARTESIAN_POINT('',(7.262501,-13.452381,0.75));
#311 = VECTOR('',#312,1.);
#312 = DIRECTION('',(1.110223024625E-16,-1.,0.));
#313 = ORIENTED_EDGE('',*,*,#123,.F.);
#314 = B_SPLINE_SURFACE_WITH_KNOTS('',1,1,(
    (#315,#316)
    ,(#317,#318
    )),.UNSPECIFIED.,.F.,.F.,.F.,(2,2),(2,2),(0.,2.71),(0.,1.),
  .PIECEWISE_BEZIER_KNOTS.);
#315 = CARTESIAN_POINT('',(7.171149457443,-13.49805677127,0.1));
#316 = CARTESIAN_POINT('',(7.262501,-13.452381,0.75));
#317 = CARTESIAN_POINT('',(7.171149457443,-16.11670522872,0.1));
#318 = CARTESIAN_POINT('',(7.262501,-16.162381,0.75));
#319 = ADVANCED_FACE('',(#320),#337,.F.);
#320 = FACE_BOUND('',#321,.F.);
#321 = EDGE_LOOP('',(#322,#323,#324,#332));
#322 = ORIENTED_EDGE('',*,*,#92,.T.);
#323 = ORIENTED_EDGE('',*,*,#255,.T.);
#324 = ORIENTED_EDGE('',*,*,#325,.F.);
#325 = EDGE_CURVE('',#326,#248,#328,.T.);
#326 = VERTEX_POINT('',#327);
#327 = CARTESIAN_POINT('',(5.757501,-16.257381,0.75));
#328 = LINE('',#329,#330);
#329 = CARTESIAN_POINT('',(5.757501,-16.257381,0.75));
#330 = VECTOR('',#331,1.);
#331 = DIRECTION('',(-0.707106781187,0.707106781187,0.));
#332 = ORIENTED_EDGE('',*,*,#333,.F.);
#333 = EDGE_CURVE('',#85,#326,#334,.T.);
#334 = B_SPLINE_CURVE_WITH_KNOTS('',1,(#335,#336),.UNSPECIFIED.,.F.,.F.,
  (2,2),(0.,1.),.PIECEWISE_BEZIER_KNOTS.);
#335 = CARTESIAN_POINT('',(5.803176771278,-16.16602945744,0.1));
#336 = CARTESIAN_POINT('',(5.757501,-16.257381,0.75));
#337 = B_SPLINE_SURFACE_WITH_KNOTS('',1,1,(
    (#338,#339)
    ,(#340,#341
    )),.UNSPECIFIED.,.F.,.F.,.F.,(2,2),(2,2),(0.,0.134350288425),(0.,1.)
  ,.PIECEWISE_BEZIER_KNOTS.);
#338 = CARTESIAN_POINT('',(5.803176771278,-16.16602945744,0.1));
#339 = CARTESIAN_POINT('',(5.757501,-16.257381,0.75));
#340 = CARTESIAN_POINT('',(5.753852542557,-16.11670522872,0.1));
#341 = CARTESIAN_POINT('',(5.662501,-16.162381,0.75));
#342 = ADVANCED_FACE('',(#343),#360,.F.);
#343 = FACE_BOUND('',#344,.F.);
#344 = EDGE_LOOP('',(#345,#346,#353,#359));
#345 = ORIENTED_EDGE('',*,*,#76,.T.);
#346 = ORIENTED_EDGE('',*,*,#347,.T.);
#347 = EDGE_CURVE('',#77,#348,#350,.T.);
#348 = VERTEX_POINT('',#349);
#349 = CARTESIAN_POINT('',(7.167501,-16.257381,0.75));
#350 = B_SPLINE_CURVE_WITH_KNOTS('',1,(#351,#352),.UNSPECIFIED.,.F.,.F.,
  (2,2),(0.,1.),.PIECEWISE_BEZIER_KNOTS.);
#351 = CARTESIAN_POINT('',(7.121825228722,-16.16602945744,0.1));
#352 = CARTESIAN_POINT('',(7.167501,-16.257381,0.75));
#353 = ORIENTED_EDGE('',*,*,#354,.F.);
#354 = EDGE_CURVE('',#270,#348,#355,.T.);
#355 = LINE('',#356,#357);
#356 = CARTESIAN_POINT('',(7.262501,-16.162381,0.75));
#357 = VECTOR('',#358,1.);
#358 = DIRECTION('',(-0.707106781187,-0.707106781187,0.));
#359 = ORIENTED_EDGE('',*,*,#269,.F.);
#360 = B_SPLINE_SURFACE_WITH_KNOTS('',1,1,(
    (#361,#362)
    ,(#363,#364
    )),.UNSPECIFIED.,.F.,.F.,.F.,(2,2),(2,2),(0.,0.134350288425),(0.,1.)
  ,.PIECEWISE_BEZIER_KNOTS.);
#361 = CARTESIAN_POINT('',(7.171149457443,-16.11670522872,0.1));
#362 = CARTESIAN_POINT('',(7.262501,-16.162381,0.75));
#363 = CARTESIAN_POINT('',(7.121825228722,-16.16602945744,0.1));
#364 = CARTESIAN_POINT('',(7.167501,-16.257381,0.75));
#365 = ADVANCED_FACE('',(#366),#377,.F.);
#366 = FACE_BOUND('',#367,.F.);
#367 = EDGE_LOOP('',(#368,#369,#370,#376));
#368 = ORIENTED_EDGE('',*,*,#84,.T.);
#369 = ORIENTED_EDGE('',*,*,#333,.T.);
#370 = ORIENTED_EDGE('',*,*,#371,.F.);
#371 = EDGE_CURVE('',#348,#326,#372,.T.);
#372 = LINE('',#373,#374);
#373 = CARTESIAN_POINT('',(7.167501,-16.257381,0.75));
#374 = VECTOR('',#375,1.);
#375 = DIRECTION('',(-1.,-1.110223024625E-16,0.));
#376 = ORIENTED_EDGE('',*,*,#347,.F.);
#377 = B_SPLINE_SURFACE_WITH_KNOTS('',1,1,(
    (#378,#379)
    ,(#380,#381
    )),.UNSPECIFIED.,.F.,.F.,.F.,(2,2),(2,2),(0.,1.41),(0.,1.),
  .PIECEWISE_BEZIER_KNOTS.);
#378 = CARTESIAN_POINT('',(7.121825228722,-16.16602945744,0.1));
#379 = CARTESIAN_POINT('',(7.167501,-16.257381,0.75));
#380 = CARTESIAN_POINT('',(5.803176771278,-16.16602945744,0.1));
#381 = CARTESIAN_POINT('',(5.757501,-16.257381,0.75));
#382 = ADVANCED_FACE('',(#383),#400,.F.);
#383 = FACE_BOUND('',#384,.F.);
#384 = EDGE_LOOP('',(#385,#386,#393,#399));
#385 = ORIENTED_EDGE('',*,*,#130,.T.);
#386 = ORIENTED_EDGE('',*,*,#387,.T.);
#387 = EDGE_CURVE('',#124,#388,#390,.T.);
#388 = VERTEX_POINT('',#389);
#389 = CARTESIAN_POINT('',(7.262501,-13.452381,0.9));
#390 = B_SPLINE_CURVE_WITH_KNOTS('',1,(#391,#392),.UNSPECIFIED.,.F.,.F.,
  (2,2),(0.,1.),.PIECEWISE_BEZIER_KNOTS.);
#391 = CARTESIAN_POINT('',(7.262501,-13.452381,0.75));
#392 = CARTESIAN_POINT('',(7.262501,-13.452381,0.9));
#393 = ORIENTED_EDGE('',*,*,#394,.F.);
#394 = EDGE_CURVE('',#147,#388,#395,.T.);
#395 = LINE('',#396,#397);
#396 = CARTESIAN_POINT('',(7.167501,-13.357381,0.9));
#397 = VECTOR('',#398,1.);
#398 = DIRECTION('',(0.707106781187,-0.707106781187,0.));
#399 = ORIENTED_EDGE('',*,*,#146,.F.);
#400 = PLANE('',#401);
#401 = AXIS2_PLACEMENT_3D('',#402,#403,#404);
#402 = CARTESIAN_POINT('',(7.167501,-13.357381,0.9));
#403 = DIRECTION('',(-0.707106781187,-0.707106781187,0.));
#404 = DIRECTION('',(0.707106781187,-0.707106781187,0.));
#405 = ADVANCED_FACE('',(#406),#488,.F.);
#406 = FACE_BOUND('',#407,.F.);
#407 = EDGE_LOOP('',(#408,#416,#417,#418,#426,#434,#442,#450,#458,#466,
    #474,#482));
#408 = ORIENTED_EDGE('',*,*,#409,.T.);
#409 = EDGE_CURVE('',#410,#154,#412,.T.);
#410 = VERTEX_POINT('',#411);
#411 = CARTESIAN_POINT('',(5.662501,-13.452381,0.9));
#412 = LINE('',#413,#414);
#413 = CARTESIAN_POINT('',(5.662501,-13.452381,0.9));
#414 = VECTOR('',#415,1.);
#415 = DIRECTION('',(0.707106781187,0.707106781187,0.));
#416 = ORIENTED_EDGE('',*,*,#153,.T.);
#417 = ORIENTED_EDGE('',*,*,#394,.T.);
#418 = ORIENTED_EDGE('',*,*,#419,.T.);
#419 = EDGE_CURVE('',#388,#420,#422,.T.);
#420 = VERTEX_POINT('',#421);
#421 = CARTESIAN_POINT('',(7.262501,-13.607381,0.9));
#422 = LINE('',#423,#424);
#423 = CARTESIAN_POINT('',(7.262501,-13.452381,0.9));
#424 = VECTOR('',#425,1.);
#425 = DIRECTION('',(1.110223024625E-16,-1.,0.));
#426 = ORIENTED_EDGE('',*,*,#427,.T.);
#427 = EDGE_CURVE('',#420,#428,#430,.T.);
#428 = VERTEX_POINT('',#429);
#429 = CARTESIAN_POINT('',(7.237501,-13.607381,0.9));
#430 = LINE('',#431,#432);
#431 = CARTESIAN_POINT('',(7.312501,-13.607381,0.9));
#432 = VECTOR('',#433,1.);
#433 = DIRECTION('',(-1.,-1.110223024625E-16,0.));
#434 = ORIENTED_EDGE('',*,*,#435,.F.);
#435 = EDGE_CURVE('',#436,#428,#438,.T.);
#436 = VERTEX_POINT('',#437);
#437 = CARTESIAN_POINT('',(7.237501,-13.464881,0.9));
#438 = LINE('',#439,#440);
#439 = CARTESIAN_POINT('',(7.237501,-13.464881,0.9));
#440 = VECTOR('',#441,1.);
#441 = DIRECTION('',(1.110223024625E-16,-1.,0.));
#442 = ORIENTED_EDGE('',*,*,#443,.F.);
#443 = EDGE_CURVE('',#444,#436,#446,.T.);
#444 = VERTEX_POINT('',#445);
#445 = CARTESIAN_POINT('',(7.155001,-13.382381,0.9));
#446 = LINE('',#447,#448);
#447 = CARTESIAN_POINT('',(7.155001,-13.382381,0.9));
#448 = VECTOR('',#449,1.);
#449 = DIRECTION('',(0.707106781187,-0.707106781187,0.));
#450 = ORIENTED_EDGE('',*,*,#451,.F.);
#451 = EDGE_CURVE('',#452,#444,#454,.T.);
#452 = VERTEX_POINT('',#453);
#453 = CARTESIAN_POINT('',(5.770001,-13.382381,0.9));
#454 = LINE('',#455,#456);
#455 = CARTESIAN_POINT('',(5.770001,-13.382381,0.9));
#456 = VECTOR('',#457,1.);
#457 = DIRECTION('',(1.,1.110223024625E-16,0.));
#458 = ORIENTED_EDGE('',*,*,#459,.F.);
#459 = EDGE_CURVE('',#460,#452,#462,.T.);
#460 = VERTEX_POINT('',#461);
#461 = CARTESIAN_POINT('',(5.687501,-13.464881,0.9));
#462 = LINE('',#463,#464);
#463 = CARTESIAN_POINT('',(5.687501,-13.464881,0.9));
#464 = VECTOR('',#465,1.);
#465 = DIRECTION('',(0.707106781187,0.707106781187,0.));
#466 = ORIENTED_EDGE('',*,*,#467,.F.);
#467 = EDGE_CURVE('',#468,#460,#470,.T.);
#468 = VERTEX_POINT('',#469);
#469 = CARTESIAN_POINT('',(5.687501,-13.607381,0.9));
#470 = LINE('',#471,#472);
#471 = CARTESIAN_POINT('',(5.687501,-16.149881,0.9));
#472 = VECTOR('',#473,1.);
#473 = DIRECTION('',(-1.110223024625E-16,1.,0.));
#474 = ORIENTED_EDGE('',*,*,#475,.F.);
#475 = EDGE_CURVE('',#476,#468,#478,.T.);
#476 = VERTEX_POINT('',#477);
#477 = CARTESIAN_POINT('',(5.662501,-13.607381,0.9));
#478 = LINE('',#479,#480);
#479 = CARTESIAN_POINT('',(5.612501,-13.607381,0.9));
#480 = VECTOR('',#481,1.);
#481 = DIRECTION('',(1.,-1.144237745222E-17,0.));
#482 = ORIENTED_EDGE('',*,*,#483,.T.);
#483 = EDGE_CURVE('',#476,#410,#484,.T.);
#484 = LINE('',#485,#486);
#485 = CARTESIAN_POINT('',(5.662501,-16.162381,0.9));
#486 = VECTOR('',#487,1.);
#487 = DIRECTION('',(-1.110223024625E-16,1.,0.));
#488 = PLANE('',#489);
#489 = AXIS2_PLACEMENT_3D('',#490,#491,#492);
#490 = CARTESIAN_POINT('',(6.462501,-13.369881,0.9));
#491 = DIRECTION('',(4.595758349624E-18,6.551522493592E-27,-1.));
#492 = DIRECTION('',(1.,1.51922136901E-16,4.595758349624E-18));
#493 = ADVANCED_FACE('',(#494),#504,.F.);
#494 = FACE_BOUND('',#495,.F.);
#495 = EDGE_LOOP('',(#496,#497,#498,#499));
#496 = ORIENTED_EDGE('',*,*,#176,.T.);
#497 = ORIENTED_EDGE('',*,*,#161,.T.);
#498 = ORIENTED_EDGE('',*,*,#409,.F.);
#499 = ORIENTED_EDGE('',*,*,#500,.F.);
#500 = EDGE_CURVE('',#177,#410,#501,.T.);
#501 = B_SPLINE_CURVE_WITH_KNOTS('',1,(#502,#503),.UNSPECIFIED.,.F.,.F.,
  (2,2),(0.,1.),.PIECEWISE_BEZIER_KNOTS.);
#502 = CARTESIAN_POINT('',(5.662501,-13.452381,0.75));
#503 = CARTESIAN_POINT('',(5.662501,-13.452381,0.9));
#504 = PLANE('',#505);
#505 = AXIS2_PLACEMENT_3D('',#506,#507,#508);
#506 = CARTESIAN_POINT('',(5.662501,-13.452381,0.9));
#507 = DIRECTION('',(0.707106781187,-0.707106781187,0.));
#508 = DIRECTION('',(0.707106781187,0.707106781187,0.));
#509 = ADVANCED_FACE('',(#510),#534,.F.);
#510 = FACE_BOUND('',#511,.F.);
#511 = EDGE_LOOP('',(#512,#519,#520,#528));
#512 = ORIENTED_EDGE('',*,*,#513,.F.);
#513 = EDGE_CURVE('',#248,#514,#516,.T.);
#514 = VERTEX_POINT('',#515);
#515 = CARTESIAN_POINT('',(5.662501,-16.162381,0.9));
#516 = B_SPLINE_CURVE_WITH_KNOTS('',1,(#517,#518),.UNSPECIFIED.,.F.,.F.,
  (2,2),(0.,1.),.PIECEWISE_BEZIER_KNOTS.);
#517 = CARTESIAN_POINT('',(5.662501,-16.162381,0.75));
#518 = CARTESIAN_POINT('',(5.662501,-16.162381,0.9));
#519 = ORIENTED_EDGE('',*,*,#247,.T.);
#520 = ORIENTED_EDGE('',*,*,#521,.T.);
#521 = EDGE_CURVE('',#240,#522,#524,.T.);
#522 = VERTEX_POINT('',#523);
#523 = CARTESIAN_POINT('',(5.662501,-16.007381,0.9));
#524 = LINE('',#525,#526);
#525 = CARTESIAN_POINT('',(5.662501,-16.007381,0.670847817658));
#526 = VECTOR('',#527,1.);
#527 = DIRECTION('',(0.,0.,1.));
#528 = ORIENTED_EDGE('',*,*,#529,.F.);
#529 = EDGE_CURVE('',#514,#522,#530,.T.);
#530 = LINE('',#531,#532);
#531 = CARTESIAN_POINT('',(5.662501,-16.162381,0.9));
#532 = VECTOR('',#533,1.);
#533 = DIRECTION('',(-1.110223024625E-16,1.,0.));
#534 = PLANE('',#535);
#535 = AXIS2_PLACEMENT_3D('',#536,#537,#538);
#536 = CARTESIAN_POINT('',(5.662501,-16.162381,0.9));
#537 = DIRECTION('',(1.,1.110223024625E-16,0.));
#538 = DIRECTION('',(-1.110223024625E-16,1.,0.));
#539 = ADVANCED_FACE('',(#540),#565,.F.);
#540 = FACE_BOUND('',#541,.F.);
#541 = EDGE_LOOP('',(#542,#550,#551,#559));
#542 = ORIENTED_EDGE('',*,*,#543,.F.);
#543 = EDGE_CURVE('',#240,#544,#546,.T.);
#544 = VERTEX_POINT('',#545);
#545 = CARTESIAN_POINT('',(5.612501,-16.007381,0.75));
#546 = LINE('',#547,#548);
#547 = CARTESIAN_POINT('',(5.712501,-16.007381,0.75));
#548 = VECTOR('',#549,1.);
#549 = DIRECTION('',(-1.,1.144237745222E-17,0.));
#550 = ORIENTED_EDGE('',*,*,#239,.T.);
#551 = ORIENTED_EDGE('',*,*,#552,.T.);
#552 = EDGE_CURVE('',#232,#553,#555,.T.);
#553 = VERTEX_POINT('',#554);
#554 = CARTESIAN_POINT('',(5.612501,-15.507381,0.75));
#555 = LINE('',#556,#557);
#556 = CARTESIAN_POINT('',(5.712501,-15.507381,0.75));
#557 = VECTOR('',#558,1.);
#558 = DIRECTION('',(-1.,1.144237745222E-17,0.));
#559 = ORIENTED_EDGE('',*,*,#560,.F.);
#560 = EDGE_CURVE('',#544,#553,#561,.T.);
#561 = LINE('',#562,#563);
#562 = CARTESIAN_POINT('',(5.612501,-16.007381,0.75));
#563 = VECTOR('',#564,1.);
#564 = DIRECTION('',(1.144237745222E-17,1.,0.));
#565 = PLANE('',#566);
#566 = AXIS2_PLACEMENT_3D('',#567,#568,#569);
#567 = CARTESIAN_POINT('',(5.712501,-16.007381,0.75));
#568 = DIRECTION('',(0.,0.,1.));
#569 = DIRECTION('',(-1.,1.144237745222E-17,0.));
#570 = ADVANCED_FACE('',(#571),#596,.F.);
#571 = FACE_BOUND('',#572,.F.);
#572 = EDGE_LOOP('',(#573,#581,#582,#590));
#573 = ORIENTED_EDGE('',*,*,#574,.F.);
#574 = EDGE_CURVE('',#232,#575,#577,.T.);
#575 = VERTEX_POINT('',#576);
#576 = CARTESIAN_POINT('',(5.662501,-15.507381,0.9));
#577 = LINE('',#578,#579);
#578 = CARTESIAN_POINT('',(5.662501,-15.507381,0.670847817658));
#579 = VECTOR('',#580,1.);
#580 = DIRECTION('',(0.,0.,1.));
#581 = ORIENTED_EDGE('',*,*,#231,.T.);
#582 = ORIENTED_EDGE('',*,*,#583,.T.);
#583 = EDGE_CURVE('',#224,#584,#586,.T.);
#584 = VERTEX_POINT('',#585);
#585 = CARTESIAN_POINT('',(5.662501,-15.057381,0.9));
#586 = LINE('',#587,#588);
#587 = CARTESIAN_POINT('',(5.662501,-15.057381,0.670847817658));
#588 = VECTOR('',#589,1.);
#589 = DIRECTION('',(0.,0.,1.));
#590 = ORIENTED_EDGE('',*,*,#591,.F.);
#591 = EDGE_CURVE('',#575,#584,#592,.T.);
#592 = LINE('',#593,#594);
#593 = CARTESIAN_POINT('',(5.662501,-16.162381,0.9));
#594 = VECTOR('',#595,1.);
#595 = DIRECTION('',(-1.110223024625E-16,1.,0.));
#596 = PLANE('',#597);
#597 = AXIS2_PLACEMENT_3D('',#598,#599,#600);
#598 = CARTESIAN_POINT('',(5.662501,-16.162381,0.9));
#599 = DIRECTION('',(1.,1.110223024625E-16,0.));
#600 = DIRECTION('',(-1.110223024625E-16,1.,0.));
#601 = ADVANCED_FACE('',(#602),#627,.F.);
#602 = FACE_BOUND('',#603,.F.);
#603 = EDGE_LOOP('',(#604,#612,#613,#621));
#604 = ORIENTED_EDGE('',*,*,#605,.F.);
#605 = EDGE_CURVE('',#224,#606,#608,.T.);
#606 = VERTEX_POINT('',#607);
#607 = CARTESIAN_POINT('',(5.612501,-15.057381,0.75));
#608 = LINE('',#609,#610);
#609 = CARTESIAN_POINT('',(5.712501,-15.057381,0.75));
#610 = VECTOR('',#611,1.);
#611 = DIRECTION('',(-1.,1.144237745222E-17,0.));
#612 = ORIENTED_EDGE('',*,*,#223,.T.);
#613 = ORIENTED_EDGE('',*,*,#614,.T.);
#614 = EDGE_CURVE('',#216,#615,#617,.T.);
#615 = VERTEX_POINT('',#616);
#616 = CARTESIAN_POINT('',(5.612501,-14.557381,0.75));
#617 = LINE('',#618,#619);
#618 = CARTESIAN_POINT('',(5.712501,-14.557381,0.75));
#619 = VECTOR('',#620,1.);
#620 = DIRECTION('',(-1.,1.144237745222E-17,0.));
#621 = ORIENTED_EDGE('',*,*,#622,.F.);
#622 = EDGE_CURVE('',#606,#615,#623,.T.);
#623 = LINE('',#624,#625);
#624 = CARTESIAN_POINT('',(5.612501,-15.057381,0.75));
#625 = VECTOR('',#626,1.);
#626 = DIRECTION('',(1.144237745222E-17,1.,0.));
#627 = PLANE('',#628);
#628 = AXIS2_PLACEMENT_3D('',#629,#630,#631);
#629 = CARTESIAN_POINT('',(5.712501,-15.057381,0.75));
#630 = DIRECTION('',(0.,0.,1.));
#631 = DIRECTION('',(-1.,1.144237745222E-17,0.));
#632 = ADVANCED_FACE('',(#633),#658,.F.);
#633 = FACE_BOUND('',#634,.F.);
#634 = EDGE_LOOP('',(#635,#643,#644,#652));
#635 = ORIENTED_EDGE('',*,*,#636,.F.);
#636 = EDGE_CURVE('',#216,#637,#639,.T.);
#637 = VERTEX_POINT('',#638);
#638 = CARTESIAN_POINT('',(5.662501,-14.557381,0.9));
#639 = LINE('',#640,#641);
#640 = CARTESIAN_POINT('',(5.662501,-14.557381,0.670847817658));
#641 = VECTOR('',#642,1.);
#642 = DIRECTION('',(0.,0.,1.));
#643 = ORIENTED_EDGE('',*,*,#215,.T.);
#644 = ORIENTED_EDGE('',*,*,#645,.T.);
#645 = EDGE_CURVE('',#208,#646,#648,.T.);
#646 = VERTEX_POINT('',#647);
#647 = CARTESIAN_POINT('',(5.662501,-14.107381,0.9));
#648 = LINE('',#649,#650);
#649 = CARTESIAN_POINT('',(5.662501,-14.107381,0.670847817658));
#650 = VECTOR('',#651,1.);
#651 = DIRECTION('',(0.,0.,1.));
#652 = ORIENTED_EDGE('',*,*,#653,.F.);
#653 = EDGE_CURVE('',#637,#646,#654,.T.);
#654 = LINE('',#655,#656);
#655 = CARTESIAN_POINT('',(5.662501,-16.162381,0.9));
#656 = VECTOR('',#657,1.);
#657 = DIRECTION('',(-1.110223024625E-16,1.,0.));
#658 = PLANE('',#659);
#659 = AXIS2_PLACEMENT_3D('',#660,#661,#662);
#660 = CARTESIAN_POINT('',(5.662501,-16.162381,0.9));
#661 = DIRECTION('',(1.,1.110223024625E-16,0.));
#662 = DIRECTION('',(-1.110223024625E-16,1.,0.));
#663 = ADVANCED_FACE('',(#664),#689,.F.);
#664 = FACE_BOUND('',#665,.F.);
#665 = EDGE_LOOP('',(#666,#674,#675,#683));
#666 = ORIENTED_EDGE('',*,*,#667,.F.);
#667 = EDGE_CURVE('',#208,#668,#670,.T.);
#668 = VERTEX_POINT('',#669);
#669 = CARTESIAN_POINT('',(5.612501,-14.107381,0.75));
#670 = LINE('',#671,#672);
#671 = CARTESIAN_POINT('',(5.712501,-14.107381,0.75));
#672 = VECTOR('',#673,1.);
#673 = DIRECTION('',(-1.,1.144237745222E-17,0.));
#674 = ORIENTED_EDGE('',*,*,#207,.T.);
#675 = ORIENTED_EDGE('',*,*,#676,.T.);
#676 = EDGE_CURVE('',#200,#677,#679,.T.);
#677 = VERTEX_POINT('',#678);
#678 = CARTESIAN_POINT('',(5.612501,-13.607381,0.75));
#679 = LINE('',#680,#681);
#680 = CARTESIAN_POINT('',(5.712501,-13.607381,0.75));
#681 = VECTOR('',#682,1.);
#682 = DIRECTION('',(-1.,1.144237745222E-17,0.));
#683 = ORIENTED_EDGE('',*,*,#684,.F.);
#684 = EDGE_CURVE('',#668,#677,#685,.T.);
#685 = LINE('',#686,#687);
#686 = CARTESIAN_POINT('',(5.612501,-14.107381,0.75));
#687 = VECTOR('',#688,1.);
#688 = DIRECTION('',(1.144237745222E-17,1.,0.));
#689 = PLANE('',#690);
#690 = AXIS2_PLACEMENT_3D('',#691,#692,#693);
#691 = CARTESIAN_POINT('',(5.712501,-14.107381,0.75));
#692 = DIRECTION('',(0.,0.,1.));
#693 = DIRECTION('',(-1.,1.144237745222E-17,0.));
#694 = ADVANCED_FACE('',(#695),#706,.F.);
#695 = FACE_BOUND('',#696,.F.);
#696 = EDGE_LOOP('',(#697,#703,#704,#705));
#697 = ORIENTED_EDGE('',*,*,#698,.F.);
#698 = EDGE_CURVE('',#200,#476,#699,.T.);
#699 = LINE('',#700,#701);
#700 = CARTESIAN_POINT('',(5.662501,-13.607381,0.670847817658));
#701 = VECTOR('',#702,1.);
#702 = DIRECTION('',(0.,0.,1.));
#703 = ORIENTED_EDGE('',*,*,#199,.T.);
#704 = ORIENTED_EDGE('',*,*,#500,.T.);
#705 = ORIENTED_EDGE('',*,*,#483,.F.);
#706 = PLANE('',#707);
#707 = AXIS2_PLACEMENT_3D('',#708,#709,#710);
#708 = CARTESIAN_POINT('',(5.662501,-16.162381,0.9));
#709 = DIRECTION('',(1.,1.110223024625E-16,0.));
#710 = DIRECTION('',(-1.110223024625E-16,1.,0.));
#711 = ADVANCED_FACE('',(#712),#723,.F.);
#712 = FACE_BOUND('',#713,.F.);
#713 = EDGE_LOOP('',(#714,#715,#716,#722));
#714 = ORIENTED_EDGE('',*,*,#387,.F.);
#715 = ORIENTED_EDGE('',*,*,#308,.T.);
#716 = ORIENTED_EDGE('',*,*,#717,.T.);
#717 = EDGE_CURVE('',#301,#420,#718,.T.);
#718 = LINE('',#719,#720);
#719 = CARTESIAN_POINT('',(7.262501,-13.607381,0.670847817658));
#720 = VECTOR('',#721,1.);
#721 = DIRECTION('',(0.,0.,1.));
#722 = ORIENTED_EDGE('',*,*,#419,.F.);
#723 = PLANE('',#724);
#724 = AXIS2_PLACEMENT_3D('',#725,#726,#727);
#725 = CARTESIAN_POINT('',(7.262501,-13.452381,0.9));
#726 = DIRECTION('',(-1.,-1.110223024625E-16,0.));
#727 = DIRECTION('',(1.110223024625E-16,-1.,0.));
#728 = ADVANCED_FACE('',(#729),#754,.F.);
#729 = FACE_BOUND('',#730,.F.);
#730 = EDGE_LOOP('',(#731,#739,#740,#748));
#731 = ORIENTED_EDGE('',*,*,#732,.F.);
#732 = EDGE_CURVE('',#301,#733,#735,.T.);
#733 = VERTEX_POINT('',#734);
#734 = CARTESIAN_POINT('',(7.312501,-13.607381,0.75));
#735 = LINE('',#736,#737);
#736 = CARTESIAN_POINT('',(7.212501,-13.607381,0.75));
#737 = VECTOR('',#738,1.);
#738 = DIRECTION('',(1.,1.110223024625E-16,0.));
#739 = ORIENTED_EDGE('',*,*,#300,.T.);
#740 = ORIENTED_EDGE('',*,*,#741,.T.);
#741 = EDGE_CURVE('',#293,#742,#744,.T.);
#742 = VERTEX_POINT('',#743);
#743 = CARTESIAN_POINT('',(7.312501,-14.107381,0.75));
#744 = LINE('',#745,#746);
#745 = CARTESIAN_POINT('',(7.212501,-14.107381,0.75));
#746 = VECTOR('',#747,1.);
#747 = DIRECTION('',(1.,1.110223024625E-16,0.));
#748 = ORIENTED_EDGE('',*,*,#749,.F.);
#749 = EDGE_CURVE('',#733,#742,#750,.T.);
#750 = LINE('',#751,#752);
#751 = CARTESIAN_POINT('',(7.312501,-13.607381,0.75));
#752 = VECTOR('',#753,1.);
#753 = DIRECTION('',(1.110223024625E-16,-1.,0.));
#754 = PLANE('',#755);
#755 = AXIS2_PLACEMENT_3D('',#756,#757,#758);
#756 = CARTESIAN_POINT('',(7.212501,-13.607381,0.75));
#757 = DIRECTION('',(0.,0.,1.));
#758 = DIRECTION('',(1.,1.110223024625E-16,0.));
#759 = ADVANCED_FACE('',(#760),#785,.F.);
#760 = FACE_BOUND('',#761,.F.);
#761 = EDGE_LOOP('',(#762,#770,#771,#779));
#762 = ORIENTED_EDGE('',*,*,#763,.F.);
#763 = EDGE_CURVE('',#293,#764,#766,.T.);
#764 = VERTEX_POINT('',#765);
#765 = CARTESIAN_POINT('',(7.262501,-14.107381,0.9));
#766 = LINE('',#767,#768);
#767 = CARTESIAN_POINT('',(7.262501,-14.107381,0.670847817658));
#768 = VECTOR('',#769,1.);
#769 = DIRECTION('',(0.,0.,1.));
#770 = ORIENTED_EDGE('',*,*,#292,.T.);
#771 = ORIENTED_EDGE('',*,*,#772,.T.);
#772 = EDGE_CURVE('',#285,#773,#775,.T.);
#773 = VERTEX_POINT('',#774);
#774 = CARTESIAN_POINT('',(7.262501,-15.507381,0.9));
#775 = LINE('',#776,#777);
#776 = CARTESIAN_POINT('',(7.262501,-15.507381,0.670847817658));
#777 = VECTOR('',#778,1.);
#778 = DIRECTION('',(0.,0.,1.));
#779 = ORIENTED_EDGE('',*,*,#780,.F.);
#780 = EDGE_CURVE('',#764,#773,#781,.T.);
#781 = LINE('',#782,#783);
#782 = CARTESIAN_POINT('',(7.262501,-13.452381,0.9));
#783 = VECTOR('',#784,1.);
#784 = DIRECTION('',(1.110223024625E-16,-1.,0.));
#785 = PLANE('',#786);
#786 = AXIS2_PLACEMENT_3D('',#787,#788,#789);
#787 = CARTESIAN_POINT('',(7.262501,-13.452381,0.9));
#788 = DIRECTION('',(-1.,-1.110223024625E-16,0.));
#789 = DIRECTION('',(1.110223024625E-16,-1.,0.));
#790 = ADVANCED_FACE('',(#791),#816,.F.);
#791 = FACE_BOUND('',#792,.F.);
#792 = EDGE_LOOP('',(#793,#801,#802,#810));
#793 = ORIENTED_EDGE('',*,*,#794,.F.);
#794 = EDGE_CURVE('',#285,#795,#797,.T.);
#795 = VERTEX_POINT('',#796);
#796 = CARTESIAN_POINT('',(7.312501,-15.507381,0.75));
#797 = LINE('',#798,#799);
#798 = CARTESIAN_POINT('',(7.212501,-15.507381,0.75));
#799 = VECTOR('',#800,1.);
#800 = DIRECTION('',(1.,1.110223024625E-16,0.));
#801 = ORIENTED_EDGE('',*,*,#284,.T.);
#802 = ORIENTED_EDGE('',*,*,#803,.T.);
#803 = EDGE_CURVE('',#277,#804,#806,.T.);
#804 = VERTEX_POINT('',#805);
#805 = CARTESIAN_POINT('',(7.312501,-16.007381,0.75));
#806 = LINE('',#807,#808);
#807 = CARTESIAN_POINT('',(7.212501,-16.007381,0.75));
#808 = VECTOR('',#809,1.);
#809 = DIRECTION('',(1.,1.110223024625E-16,0.));
#810 = ORIENTED_EDGE('',*,*,#811,.F.);
#811 = EDGE_CURVE('',#795,#804,#812,.T.);
#812 = LINE('',#813,#814);
#813 = CARTESIAN_POINT('',(7.312501,-15.507381,0.75));
#814 = VECTOR('',#815,1.);
#815 = DIRECTION('',(1.110223024625E-16,-1.,0.));
#816 = PLANE('',#817);
#817 = AXIS2_PLACEMENT_3D('',#818,#819,#820);
#818 = CARTESIAN_POINT('',(7.212501,-15.507381,0.75));
#819 = DIRECTION('',(0.,0.,1.));
#820 = DIRECTION('',(1.,1.110223024625E-16,0.));
#821 = ADVANCED_FACE('',(#822),#846,.F.);
#822 = FACE_BOUND('',#823,.F.);
#823 = EDGE_LOOP('',(#824,#832,#833,#840));
#824 = ORIENTED_EDGE('',*,*,#825,.F.);
#825 = EDGE_CURVE('',#277,#826,#828,.T.);
#826 = VERTEX_POINT('',#827);
#827 = CARTESIAN_POINT('',(7.262501,-16.007381,0.9));
#828 = LINE('',#829,#830);
#829 = CARTESIAN_POINT('',(7.262501,-16.007381,0.670847817658));
#830 = VECTOR('',#831,1.);
#831 = DIRECTION('',(0.,0.,1.));
#832 = ORIENTED_EDGE('',*,*,#276,.T.);
#833 = ORIENTED_EDGE('',*,*,#834,.T.);
#834 = EDGE_CURVE('',#270,#835,#837,.T.);
#835 = VERTEX_POINT('',#836);
#836 = CARTESIAN_POINT('',(7.262501,-16.162381,0.9));
#837 = B_SPLINE_CURVE_WITH_KNOTS('',1,(#838,#839),.UNSPECIFIED.,.F.,.F.,
  (2,2),(0.,1.),.PIECEWISE_BEZIER_KNOTS.);
#838 = CARTESIAN_POINT('',(7.262501,-16.162381,0.75));
#839 = CARTESIAN_POINT('',(7.262501,-16.162381,0.9));
#840 = ORIENTED_EDGE('',*,*,#841,.F.);
#841 = EDGE_CURVE('',#826,#835,#842,.T.);
#842 = LINE('',#843,#844);
#843 = CARTESIAN_POINT('',(7.262501,-13.452381,0.9));
#844 = VECTOR('',#845,1.);
#845 = DIRECTION('',(1.110223024625E-16,-1.,0.));
#846 = PLANE('',#847);
#847 = AXIS2_PLACEMENT_3D('',#848,#849,#850);
#848 = CARTESIAN_POINT('',(7.262501,-13.452381,0.9));
#849 = DIRECTION('',(-1.,-1.110223024625E-16,0.));
#850 = DIRECTION('',(1.110223024625E-16,-1.,0.));
#851 = ADVANCED_FACE('',(#852),#869,.F.);
#852 = FACE_BOUND('',#853,.F.);
#853 = EDGE_LOOP('',(#854,#855,#856,#864));
#854 = ORIENTED_EDGE('',*,*,#325,.T.);
#855 = ORIENTED_EDGE('',*,*,#513,.T.);
#856 = ORIENTED_EDGE('',*,*,#857,.F.);
#857 = EDGE_CURVE('',#858,#514,#860,.T.);
#858 = VERTEX_POINT('',#859);
#859 = CARTESIAN_POINT('',(5.757501,-16.257381,0.9));
#860 = LINE('',#861,#862);
#861 = CARTESIAN_POINT('',(5.757501,-16.257381,0.9));
#862 = VECTOR('',#863,1.);
#863 = DIRECTION('',(-0.707106781187,0.707106781187,0.));
#864 = ORIENTED_EDGE('',*,*,#865,.F.);
#865 = EDGE_CURVE('',#326,#858,#866,.T.);
#866 = B_SPLINE_CURVE_WITH_KNOTS('',1,(#867,#868),.UNSPECIFIED.,.F.,.F.,
  (2,2),(0.,1.),.PIECEWISE_BEZIER_KNOTS.);
#867 = CARTESIAN_POINT('',(5.757501,-16.257381,0.75));
#868 = CARTESIAN_POINT('',(5.757501,-16.257381,0.9));
#869 = PLANE('',#870);
#870 = AXIS2_PLACEMENT_3D('',#871,#872,#873);
#871 = CARTESIAN_POINT('',(5.757501,-16.257381,0.9));
#872 = DIRECTION('',(0.707106781187,0.707106781187,0.));
#873 = DIRECTION('',(-0.707106781187,0.707106781187,0.));
#874 = ADVANCED_FACE('',(#875),#892,.F.);
#875 = FACE_BOUND('',#876,.F.);
#876 = EDGE_LOOP('',(#877,#878,#885,#891));
#877 = ORIENTED_EDGE('',*,*,#354,.T.);
#878 = ORIENTED_EDGE('',*,*,#879,.T.);
#879 = EDGE_CURVE('',#348,#880,#882,.T.);
#880 = VERTEX_POINT('',#881);
#881 = CARTESIAN_POINT('',(7.167501,-16.257381,0.9));
#882 = B_SPLINE_CURVE_WITH_KNOTS('',1,(#883,#884),.UNSPECIFIED.,.F.,.F.,
  (2,2),(0.,1.),.PIECEWISE_BEZIER_KNOTS.);
#883 = CARTESIAN_POINT('',(7.167501,-16.257381,0.75));
#884 = CARTESIAN_POINT('',(7.167501,-16.257381,0.9));
#885 = ORIENTED_EDGE('',*,*,#886,.F.);
#886 = EDGE_CURVE('',#835,#880,#887,.T.);
#887 = LINE('',#888,#889);
#888 = CARTESIAN_POINT('',(7.262501,-16.162381,0.9));
#889 = VECTOR('',#890,1.);
#890 = DIRECTION('',(-0.707106781187,-0.707106781187,0.));
#891 = ORIENTED_EDGE('',*,*,#834,.F.);
#892 = PLANE('',#893);
#893 = AXIS2_PLACEMENT_3D('',#894,#895,#896);
#894 = CARTESIAN_POINT('',(7.262501,-16.162381,0.9));
#895 = DIRECTION('',(-0.707106781187,0.707106781187,0.));
#896 = DIRECTION('',(-0.707106781187,-0.707106781187,0.));
#897 = ADVANCED_FACE('',(#898),#909,.F.);
#898 = FACE_BOUND('',#899,.F.);
#899 = EDGE_LOOP('',(#900,#901,#902,#908));
#900 = ORIENTED_EDGE('',*,*,#371,.T.);
#901 = ORIENTED_EDGE('',*,*,#865,.T.);
#902 = ORIENTED_EDGE('',*,*,#903,.F.);
#903 = EDGE_CURVE('',#880,#858,#904,.T.);
#904 = LINE('',#905,#906);
#905 = CARTESIAN_POINT('',(7.167501,-16.257381,0.9));
#906 = VECTOR('',#907,1.);
#907 = DIRECTION('',(-1.,-1.110223024625E-16,0.));
#908 = ORIENTED_EDGE('',*,*,#879,.F.);
#909 = PLANE('',#910);
#910 = AXIS2_PLACEMENT_3D('',#911,#912,#913);
#911 = CARTESIAN_POINT('',(7.167501,-16.257381,0.9));
#912 = DIRECTION('',(-1.110223024625E-16,1.,0.));
#913 = DIRECTION('',(-1.,-1.110223024625E-16,0.));
#914 = ADVANCED_FACE('',(#915),#954,.F.);
#915 = FACE_BOUND('',#916,.F.);
#916 = EDGE_LOOP('',(#917,#925,#933,#939,#940,#948));
#917 = ORIENTED_EDGE('',*,*,#918,.F.);
#918 = EDGE_CURVE('',#919,#646,#921,.T.);
#919 = VERTEX_POINT('',#920);
#920 = CARTESIAN_POINT('',(5.612501,-14.107381,0.9));
#921 = LINE('',#922,#923);
#922 = CARTESIAN_POINT('',(5.612501,-14.107381,0.9));
#923 = VECTOR('',#924,1.);
#924 = DIRECTION('',(1.,-1.144237745222E-17,0.));
#925 = ORIENTED_EDGE('',*,*,#926,.T.);
#926 = EDGE_CURVE('',#919,#927,#929,.T.);
#927 = VERTEX_POINT('',#928);
#928 = CARTESIAN_POINT('',(5.612501,-13.607381,0.9));
#929 = LINE('',#930,#931);
#930 = CARTESIAN_POINT('',(5.612501,-14.107381,0.9));
#931 = VECTOR('',#932,1.);
#932 = DIRECTION('',(1.144237745222E-17,1.,0.));
#933 = ORIENTED_EDGE('',*,*,#934,.T.);
#934 = EDGE_CURVE('',#927,#476,#935,.T.);
#935 = LINE('',#936,#937);
#936 = CARTESIAN_POINT('',(5.612501,-13.607381,0.9));
#937 = VECTOR('',#938,1.);
#938 = DIRECTION('',(1.,-1.144237745222E-17,0.));
#939 = ORIENTED_EDGE('',*,*,#475,.T.);
#940 = ORIENTED_EDGE('',*,*,#941,.F.);
#941 = EDGE_CURVE('',#942,#468,#944,.T.);
#942 = VERTEX_POINT('',#943);
#943 = CARTESIAN_POINT('',(5.687501,-14.107381,0.9));
#944 = LINE('',#945,#946);
#945 = CARTESIAN_POINT('',(5.687501,-16.149881,0.9));
#946 = VECTOR('',#947,1.);
#947 = DIRECTION('',(-1.110223024625E-16,1.,0.));
#948 = ORIENTED_EDGE('',*,*,#949,.F.);
#949 = EDGE_CURVE('',#646,#942,#950,.T.);
#950 = LINE('',#951,#952);
#951 = CARTESIAN_POINT('',(5.612501,-14.107381,0.9));
#952 = VECTOR('',#953,1.);
#953 = DIRECTION('',(1.,-1.144237745222E-17,0.));
#954 = PLANE('',#955);
#955 = AXIS2_PLACEMENT_3D('',#956,#957,#958);
#956 = CARTESIAN_POINT('',(5.612501,-14.107381,0.9));
#957 = DIRECTION('',(0.,0.,-1.));
#958 = DIRECTION('',(1.,-1.144237745222E-17,0.));
#959 = ADVANCED_FACE('',(#960),#1024,.F.);
#960 = FACE_BOUND('',#961,.F.);
#961 = EDGE_LOOP('',(#962,#972,#980,#988,#996,#1002,#1003,#1004,#1011,
    #1019));
#962 = ORIENTED_EDGE('',*,*,#963,.T.);
#963 = EDGE_CURVE('',#964,#966,#968,.T.);
#964 = VERTEX_POINT('',#965);
#965 = CARTESIAN_POINT('',(5.687501,-16.149881,0.9));
#966 = VERTEX_POINT('',#967);
#967 = CARTESIAN_POINT('',(5.687501,-16.007381,0.9));
#968 = LINE('',#969,#970);
#969 = CARTESIAN_POINT('',(5.687501,-16.149881,0.9));
#970 = VECTOR('',#971,1.);
#971 = DIRECTION('',(-1.110223024625E-16,1.,0.));
#972 = ORIENTED_EDGE('',*,*,#973,.T.);
#973 = EDGE_CURVE('',#966,#974,#976,.T.);
#974 = VERTEX_POINT('',#975);
#975 = CARTESIAN_POINT('',(5.687501,-15.507381,0.9));
#976 = LINE('',#977,#978);
#977 = CARTESIAN_POINT('',(5.687501,-16.149881,0.9));
#978 = VECTOR('',#979,1.);
#979 = DIRECTION('',(-1.110223024625E-16,1.,0.));
#980 = ORIENTED_EDGE('',*,*,#981,.T.);
#981 = EDGE_CURVE('',#974,#982,#984,.T.);
#982 = VERTEX_POINT('',#983);
#983 = CARTESIAN_POINT('',(5.687501,-15.057381,0.9));
#984 = LINE('',#985,#986);
#985 = CARTESIAN_POINT('',(5.687501,-16.149881,0.9));
#986 = VECTOR('',#987,1.);
#987 = DIRECTION('',(-1.110223024625E-16,1.,0.));
#988 = ORIENTED_EDGE('',*,*,#989,.T.);
#989 = EDGE_CURVE('',#982,#990,#992,.T.);
#990 = VERTEX_POINT('',#991);
#991 = CARTESIAN_POINT('',(5.687501,-14.557381,0.9));
#992 = LINE('',#993,#994);
#993 = CARTESIAN_POINT('',(5.687501,-16.149881,0.9));
#994 = VECTOR('',#995,1.);
#995 = DIRECTION('',(-1.110223024625E-16,1.,0.));
#996 = ORIENTED_EDGE('',*,*,#997,.T.);
#997 = EDGE_CURVE('',#990,#942,#998,.T.);
#998 = LINE('',#999,#1000);
#999 = CARTESIAN_POINT('',(5.687501,-16.149881,0.9));
#1000 = VECTOR('',#1001,1.);
#1001 = DIRECTION('',(-1.110223024625E-16,1.,0.));
#1002 = ORIENTED_EDGE('',*,*,#941,.T.);
#1003 = ORIENTED_EDGE('',*,*,#467,.T.);
#1004 = ORIENTED_EDGE('',*,*,#1005,.T.);
#1005 = EDGE_CURVE('',#460,#1006,#1008,.T.);
#1006 = VERTEX_POINT('',#1007);
#1007 = CARTESIAN_POINT('',(5.778852542557,-13.51055677127,1.55));
#1008 = B_SPLINE_CURVE_WITH_KNOTS('',1,(#1009,#1010),.UNSPECIFIED.,.F.,
  .F.,(2,2),(0.,1.),.PIECEWISE_BEZIER_KNOTS.);
#1009 = CARTESIAN_POINT('',(5.687501,-13.464881,0.9));
#1010 = CARTESIAN_POINT('',(5.778852542557,-13.51055677127,1.55));
#1011 = ORIENTED_EDGE('',*,*,#1012,.F.);
#1012 = EDGE_CURVE('',#1013,#1006,#1015,.T.);
#1013 = VERTEX_POINT('',#1014);
#1014 = CARTESIAN_POINT('',(5.778852542557,-16.10420522872,1.55));
#1015 = LINE('',#1016,#1017);
#1016 = CARTESIAN_POINT('',(5.778852542557,-16.10420522872,1.55));
#1017 = VECTOR('',#1018,1.);
#1018 = DIRECTION('',(-1.110223024625E-16,1.,0.));
#1019 = ORIENTED_EDGE('',*,*,#1020,.F.);
#1020 = EDGE_CURVE('',#964,#1013,#1021,.T.);
#1021 = B_SPLINE_CURVE_WITH_KNOTS('',1,(#1022,#1023),.UNSPECIFIED.,.F.,
  .F.,(2,2),(0.,1.),.PIECEWISE_BEZIER_KNOTS.);
#1022 = CARTESIAN_POINT('',(5.687501,-16.149881,0.9));
#1023 = CARTESIAN_POINT('',(5.778852542557,-16.10420522872,1.55));
#1024 = B_SPLINE_SURFACE_WITH_KNOTS('',1,1,(
    (#1025,#1026)
    ,(#1027,#1028
    )),.UNSPECIFIED.,.F.,.F.,.F.,(2,2),(2,2),(0.,2.685),(0.,1.),
  .PIECEWISE_BEZIER_KNOTS.);
#1025 = CARTESIAN_POINT('',(5.687501,-16.149881,0.9));
#1026 = CARTESIAN_POINT('',(5.778852542557,-16.10420522872,1.55));
#1027 = CARTESIAN_POINT('',(5.687501,-13.464881,0.9));
#1028 = CARTESIAN_POINT('',(5.778852542557,-13.51055677127,1.55));
#1029 = ADVANCED_FACE('',(#1030),#1047,.F.);
#1030 = FACE_BOUND('',#1031,.F.);
#1031 = EDGE_LOOP('',(#1032,#1033,#1040,#1046));
#1032 = ORIENTED_EDGE('',*,*,#459,.T.);
#1033 = ORIENTED_EDGE('',*,*,#1034,.T.);
#1034 = EDGE_CURVE('',#452,#1035,#1037,.T.);
#1035 = VERTEX_POINT('',#1036);
#1036 = CARTESIAN_POINT('',(5.815676771278,-13.47373254255,1.55));
#1037 = B_SPLINE_CURVE_WITH_KNOTS('',1,(#1038,#1039),.UNSPECIFIED.,.F.,
  .F.,(2,2),(0.,1.),.PIECEWISE_BEZIER_KNOTS.);
#1038 = CARTESIAN_POINT('',(5.770001,-13.382381,0.9));
#1039 = CARTESIAN_POINT('',(5.815676771278,-13.47373254255,1.55));
#1040 = ORIENTED_EDGE('',*,*,#1041,.F.);
#1041 = EDGE_CURVE('',#1006,#1035,#1042,.T.);
#1042 = LINE('',#1043,#1044);
#1043 = CARTESIAN_POINT('',(5.778852542557,-13.51055677127,1.55));
#1044 = VECTOR('',#1045,1.);
#1045 = DIRECTION('',(0.707106781187,0.707106781187,0.));
#1046 = ORIENTED_EDGE('',*,*,#1005,.F.);
#1047 = B_SPLINE_SURFACE_WITH_KNOTS('',1,1,(
    (#1048,#1049)
    ,(#1050,#1051
    )),.UNSPECIFIED.,.F.,.F.,.F.,(2,2),(2,2),(0.,0.116672618896),(0.,1.)
  ,.PIECEWISE_BEZIER_KNOTS.);
#1048 = CARTESIAN_POINT('',(5.687501,-13.464881,0.9));
#1049 = CARTESIAN_POINT('',(5.778852542557,-13.51055677127,1.55));
#1050 = CARTESIAN_POINT('',(5.770001,-13.382381,0.9));
#1051 = CARTESIAN_POINT('',(5.815676771278,-13.47373254255,1.55));
#1052 = ADVANCED_FACE('',(#1053),#1070,.F.);
#1053 = FACE_BOUND('',#1054,.F.);
#1054 = EDGE_LOOP('',(#1055,#1056,#1063,#1069));
#1055 = ORIENTED_EDGE('',*,*,#451,.T.);
#1056 = ORIENTED_EDGE('',*,*,#1057,.T.);
#1057 = EDGE_CURVE('',#444,#1058,#1060,.T.);
#1058 = VERTEX_POINT('',#1059);
#1059 = CARTESIAN_POINT('',(7.109325228722,-13.47373254255,1.55));
#1060 = B_SPLINE_CURVE_WITH_KNOTS('',1,(#1061,#1062),.UNSPECIFIED.,.F.,
  .F.,(2,2),(0.,1.),.PIECEWISE_BEZIER_KNOTS.);
#1061 = CARTESIAN_POINT('',(7.155001,-13.382381,0.9));
#1062 = CARTESIAN_POINT('',(7.109325228722,-13.47373254255,1.55));
#1063 = ORIENTED_EDGE('',*,*,#1064,.F.);
#1064 = EDGE_CURVE('',#1035,#1058,#1065,.T.);
#1065 = LINE('',#1066,#1067);
#1066 = CARTESIAN_POINT('',(5.815676771278,-13.47373254255,1.55));
#1067 = VECTOR('',#1068,1.);
#1068 = DIRECTION('',(1.,1.110223024625E-16,0.));
#1069 = ORIENTED_EDGE('',*,*,#1034,.F.);
#1070 = B_SPLINE_SURFACE_WITH_KNOTS('',1,1,(
    (#1071,#1072)
    ,(#1073,#1074
    )),.UNSPECIFIED.,.F.,.F.,.F.,(2,2),(2,2),(0.,1.385),(0.,1.),
  .PIECEWISE_BEZIER_KNOTS.);
#1071 = CARTESIAN_POINT('',(5.770001,-13.382381,0.9));
#1072 = CARTESIAN_POINT('',(5.815676771278,-13.47373254255,1.55));
#1073 = CARTESIAN_POINT('',(7.155001,-13.382381,0.9));
#1074 = CARTESIAN_POINT('',(7.109325228722,-13.47373254255,1.55));
#1075 = ADVANCED_FACE('',(#1076),#1093,.F.);
#1076 = FACE_BOUND('',#1077,.F.);
#1077 = EDGE_LOOP('',(#1078,#1079,#1086,#1092));
#1078 = ORIENTED_EDGE('',*,*,#443,.T.);
#1079 = ORIENTED_EDGE('',*,*,#1080,.T.);
#1080 = EDGE_CURVE('',#436,#1081,#1083,.T.);
#1081 = VERTEX_POINT('',#1082);
#1082 = CARTESIAN_POINT('',(7.146149457443,-13.51055677127,1.55));
#1083 = B_SPLINE_CURVE_WITH_KNOTS('',1,(#1084,#1085),.UNSPECIFIED.,.F.,
  .F.,(2,2),(0.,1.),.PIECEWISE_BEZIER_KNOTS.);
#1084 = CARTESIAN_POINT('',(7.237501,-13.464881,0.9));
#1085 = CARTESIAN_POINT('',(7.146149457443,-13.51055677127,1.55));
#1086 = ORIENTED_EDGE('',*,*,#1087,.F.);
#1087 = EDGE_CURVE('',#1058,#1081,#1088,.T.);
#1088 = LINE('',#1089,#1090);
#1089 = CARTESIAN_POINT('',(7.109325228722,-13.47373254255,1.55));
#1090 = VECTOR('',#1091,1.);
#1091 = DIRECTION('',(0.707106781187,-0.707106781187,0.));
#1092 = ORIENTED_EDGE('',*,*,#1057,.F.);
#1093 = B_SPLINE_SURFACE_WITH_KNOTS('',1,1,(
    (#1094,#1095)
    ,(#1096,#1097
    )),.UNSPECIFIED.,.F.,.F.,.F.,(2,2),(2,2),(0.,0.116672618896),(0.,1.)
  ,.PIECEWISE_BEZIER_KNOTS.);
#1094 = CARTESIAN_POINT('',(7.155001,-13.382381,0.9));
#1095 = CARTESIAN_POINT('',(7.109325228722,-13.47373254255,1.55));
#1096 = CARTESIAN_POINT('',(7.237501,-13.464881,0.9));
#1097 = CARTESIAN_POINT('',(7.146149457443,-13.51055677127,1.55));
#1098 = ADVANCED_FACE('',(#1099),#1148,.F.);
#1099 = FACE_BOUND('',#1100,.F.);
#1100 = EDGE_LOOP('',(#1101,#1102,#1110,#1118,#1126,#1134,#1141,#1147));
#1101 = ORIENTED_EDGE('',*,*,#435,.T.);
#1102 = ORIENTED_EDGE('',*,*,#1103,.T.);
#1103 = EDGE_CURVE('',#428,#1104,#1106,.T.);
#1104 = VERTEX_POINT('',#1105);
#1105 = CARTESIAN_POINT('',(7.237501,-14.107381,0.9));
#1106 = LINE('',#1107,#1108);
#1107 = CARTESIAN_POINT('',(7.237501,-13.464881,0.9));
#1108 = VECTOR('',#1109,1.);
#1109 = DIRECTION('',(1.110223024625E-16,-1.,0.));
#1110 = ORIENTED_EDGE('',*,*,#1111,.T.);
#1111 = EDGE_CURVE('',#1104,#1112,#1114,.T.);
#1112 = VERTEX_POINT('',#1113);
#1113 = CARTESIAN_POINT('',(7.237501,-15.507381,0.9));
#1114 = LINE('',#1115,#1116);
#1115 = CARTESIAN_POINT('',(7.237501,-13.464881,0.9));
#1116 = VECTOR('',#1117,1.);
#1117 = DIRECTION('',(1.110223024625E-16,-1.,0.));
#1118 = ORIENTED_EDGE('',*,*,#1119,.T.);
#1119 = EDGE_CURVE('',#1112,#1120,#1122,.T.);
#1120 = VERTEX_POINT('',#1121);
#1121 = CARTESIAN_POINT('',(7.237501,-16.007381,0.9));
#1122 = LINE('',#1123,#1124);
#1123 = CARTESIAN_POINT('',(7.237501,-13.464881,0.9));
#1124 = VECTOR('',#1125,1.);
#1125 = DIRECTION('',(1.110223024625E-16,-1.,0.));
#1126 = ORIENTED_EDGE('',*,*,#1127,.T.);
#1127 = EDGE_CURVE('',#1120,#1128,#1130,.T.);
#1128 = VERTEX_POINT('',#1129);
#1129 = CARTESIAN_POINT('',(7.237501,-16.149881,0.9));
#1130 = LINE('',#1131,#1132);
#1131 = CARTESIAN_POINT('',(7.237501,-13.464881,0.9));
#1132 = VECTOR('',#1133,1.);
#1133 = DIRECTION('',(1.110223024625E-16,-1.,0.));
#1134 = ORIENTED_EDGE('',*,*,#1135,.T.);
#1135 = EDGE_CURVE('',#1128,#1136,#1138,.T.);
#1136 = VERTEX_POINT('',#1137);
#1137 = CARTESIAN_POINT('',(7.146149457443,-16.10420522872,1.55));
#1138 = B_SPLINE_CURVE_WITH_KNOTS('',1,(#1139,#1140),.UNSPECIFIED.,.F.,
  .F.,(2,2),(0.,1.),.PIECEWISE_BEZIER_KNOTS.);
#1139 = CARTESIAN_POINT('',(7.237501,-16.149881,0.9));
#1140 = CARTESIAN_POINT('',(7.146149457443,-16.10420522872,1.55));
#1141 = ORIENTED_EDGE('',*,*,#1142,.F.);
#1142 = EDGE_CURVE('',#1081,#1136,#1143,.T.);
#1143 = LINE('',#1144,#1145);
#1144 = CARTESIAN_POINT('',(7.146149457443,-13.51055677127,1.55));
#1145 = VECTOR('',#1146,1.);
#1146 = DIRECTION('',(1.110223024625E-16,-1.,0.));
#1147 = ORIENTED_EDGE('',*,*,#1080,.F.);
#1148 = B_SPLINE_SURFACE_WITH_KNOTS('',1,1,(
    (#1149,#1150)
    ,(#1151,#1152
    )),.UNSPECIFIED.,.F.,.F.,.F.,(2,2),(2,2),(0.,2.685),(0.,1.),
  .PIECEWISE_BEZIER_KNOTS.);
#1149 = CARTESIAN_POINT('',(7.237501,-13.464881,0.9));
#1150 = CARTESIAN_POINT('',(7.146149457443,-13.51055677127,1.55));
#1151 = CARTESIAN_POINT('',(7.237501,-16.149881,0.9));
#1152 = CARTESIAN_POINT('',(7.146149457443,-16.10420522872,1.55));
#1153 = ADVANCED_FACE('',(#1154),#1186,.F.);
#1154 = FACE_BOUND('',#1155,.F.);
#1155 = EDGE_LOOP('',(#1156,#1164,#1172,#1178,#1184,#1185));
#1156 = ORIENTED_EDGE('',*,*,#1157,.F.);
#1157 = EDGE_CURVE('',#1158,#420,#1160,.T.);
#1158 = VERTEX_POINT('',#1159);
#1159 = CARTESIAN_POINT('',(7.312501,-13.607381,0.9));
#1160 = LINE('',#1161,#1162);
#1161 = CARTESIAN_POINT('',(7.312501,-13.607381,0.9));
#1162 = VECTOR('',#1163,1.);
#1163 = DIRECTION('',(-1.,-1.110223024625E-16,0.));
#1164 = ORIENTED_EDGE('',*,*,#1165,.T.);
#1165 = EDGE_CURVE('',#1158,#1166,#1168,.T.);
#1166 = VERTEX_POINT('',#1167);
#1167 = CARTESIAN_POINT('',(7.312501,-14.107381,0.9));
#1168 = LINE('',#1169,#1170);
#1169 = CARTESIAN_POINT('',(7.312501,-13.607381,0.9));
#1170 = VECTOR('',#1171,1.);
#1171 = DIRECTION('',(1.110223024625E-16,-1.,0.));
#1172 = ORIENTED_EDGE('',*,*,#1173,.T.);
#1173 = EDGE_CURVE('',#1166,#764,#1174,.T.);
#1174 = LINE('',#1175,#1176);
#1175 = CARTESIAN_POINT('',(7.312501,-14.107381,0.9));
#1176 = VECTOR('',#1177,1.);
#1177 = DIRECTION('',(-1.,-1.110223024625E-16,0.));
#1178 = ORIENTED_EDGE('',*,*,#1179,.T.);
#1179 = EDGE_CURVE('',#764,#1104,#1180,.T.);
#1180 = LINE('',#1181,#1182);
#1181 = CARTESIAN_POINT('',(7.312501,-14.107381,0.9));
#1182 = VECTOR('',#1183,1.);
#1183 = DIRECTION('',(-1.,-1.110223024625E-16,0.));
#1184 = ORIENTED_EDGE('',*,*,#1103,.F.);
#1185 = ORIENTED_EDGE('',*,*,#427,.F.);
#1186 = PLANE('',#1187);
#1187 = AXIS2_PLACEMENT_3D('',#1188,#1189,#1190);
#1188 = CARTESIAN_POINT('',(7.312501,-13.607381,0.9));
#1189 = DIRECTION('',(0.,0.,-1.));
#1190 = DIRECTION('',(-1.,-1.110223024625E-16,-0.));
#1191 = ADVANCED_FACE('',(#1192),#1235,.F.);
#1192 = FACE_BOUND('',#1193,.F.);
#1193 = EDGE_LOOP('',(#1194,#1200,#1201,#1202,#1203,#1204,#1205,#1211,
    #1212,#1220,#1228,#1234));
#1194 = ORIENTED_EDGE('',*,*,#1195,.F.);
#1195 = EDGE_CURVE('',#826,#1120,#1196,.T.);
#1196 = LINE('',#1197,#1198);
#1197 = CARTESIAN_POINT('',(7.312501,-16.007381,0.9));
#1198 = VECTOR('',#1199,1.);
#1199 = DIRECTION('',(-1.,-1.110223024625E-16,0.));
#1200 = ORIENTED_EDGE('',*,*,#841,.T.);
#1201 = ORIENTED_EDGE('',*,*,#886,.T.);
#1202 = ORIENTED_EDGE('',*,*,#903,.T.);
#1203 = ORIENTED_EDGE('',*,*,#857,.T.);
#1204 = ORIENTED_EDGE('',*,*,#529,.T.);
#1205 = ORIENTED_EDGE('',*,*,#1206,.T.);
#1206 = EDGE_CURVE('',#522,#966,#1207,.T.);
#1207 = LINE('',#1208,#1209);
#1208 = CARTESIAN_POINT('',(5.612501,-16.007381,0.9));
#1209 = VECTOR('',#1210,1.);
#1210 = DIRECTION('',(1.,-1.144237745222E-17,0.));
#1211 = ORIENTED_EDGE('',*,*,#963,.F.);
#1212 = ORIENTED_EDGE('',*,*,#1213,.F.);
#1213 = EDGE_CURVE('',#1214,#964,#1216,.T.);
#1214 = VERTEX_POINT('',#1215);
#1215 = CARTESIAN_POINT('',(5.770001,-16.232381,0.9));
#1216 = LINE('',#1217,#1218);
#1217 = CARTESIAN_POINT('',(5.770001,-16.232381,0.9));
#1218 = VECTOR('',#1219,1.);
#1219 = DIRECTION('',(-0.707106781187,0.707106781187,0.));
#1220 = ORIENTED_EDGE('',*,*,#1221,.F.);
#1221 = EDGE_CURVE('',#1222,#1214,#1224,.T.);
#1222 = VERTEX_POINT('',#1223);
#1223 = CARTESIAN_POINT('',(7.155001,-16.232381,0.9));
#1224 = LINE('',#1225,#1226);
#1225 = CARTESIAN_POINT('',(7.155001,-16.232381,0.9));
#1226 = VECTOR('',#1227,1.);
#1227 = DIRECTION('',(-1.,-1.110223024625E-16,0.));
#1228 = ORIENTED_EDGE('',*,*,#1229,.F.);
#1229 = EDGE_CURVE('',#1128,#1222,#1230,.T.);
#1230 = LINE('',#1231,#1232);
#1231 = CARTESIAN_POINT('',(7.237501,-16.149881,0.9));
#1232 = VECTOR('',#1233,1.);
#1233 = DIRECTION('',(-0.707106781187,-0.707106781187,0.));
#1234 = ORIENTED_EDGE('',*,*,#1127,.F.);
#1235 = PLANE('',#1236);
#1236 = AXIS2_PLACEMENT_3D('',#1237,#1238,#1239);
#1237 = CARTESIAN_POINT('',(6.462501,-13.369881,0.9));
#1238 = DIRECTION('',(4.595758349624E-18,6.551522493592E-27,-1.));
#1239 = DIRECTION('',(1.,1.51922136901E-16,4.595758349624E-18));
#1240 = ADVANCED_FACE('',(#1241),#1327,.F.);
#1241 = FACE_BOUND('',#1242,.F.);
#1242 = EDGE_LOOP('',(#1243,#1244,#1245,#1254,#1262,#1271,#1279,#1287,
    #1295,#1304,#1312,#1321));
#1243 = ORIENTED_EDGE('',*,*,#521,.F.);
#1244 = ORIENTED_EDGE('',*,*,#543,.T.);
#1245 = ORIENTED_EDGE('',*,*,#1246,.T.);
#1246 = EDGE_CURVE('',#544,#1247,#1249,.T.);
#1247 = VERTEX_POINT('',#1248);
#1248 = CARTESIAN_POINT('',(5.514020224699,-16.007381,0.667364817767));
#1249 = CIRCLE('',#1250,0.1);
#1250 = AXIS2_PLACEMENT_3D('',#1251,#1252,#1253);
#1251 = CARTESIAN_POINT('',(5.612501,-16.007381,0.65));
#1252 = DIRECTION('',(-1.144237745222E-17,-1.,0.));
#1253 = DIRECTION('',(0.,0.,1.));
#1254 = ORIENTED_EDGE('',*,*,#1255,.T.);
#1255 = EDGE_CURVE('',#1247,#1256,#1258,.T.);
#1256 = VERTEX_POINT('',#1257);
#1257 = CARTESIAN_POINT('',(5.43817214597,-16.007381,0.206587955583));
#1258 = LINE('',#1259,#1260);
#1259 = CARTESIAN_POINT('',(5.514020224699,-16.007381,0.667364817767));
#1260 = VECTOR('',#1261,1.);
#1261 = DIRECTION('',(-0.162423314012,1.858508865964E-18,-0.986721169868
    ));
#1262 = ORIENTED_EDGE('',*,*,#1263,.T.);
#1263 = EDGE_CURVE('',#1256,#1264,#1266,.T.);
#1264 = VERTEX_POINT('',#1265);
#1265 = CARTESIAN_POINT('',(5.191970207717,-16.007381,0.));
#1266 = CIRCLE('',#1267,0.25);
#1267 = AXIS2_PLACEMENT_3D('',#1268,#1269,#1270);
#1268 = CARTESIAN_POINT('',(5.191970207717,-16.007381,0.25));
#1269 = DIRECTION('',(1.144237745222E-17,1.,1.24725095109E-33));
#1270 = DIRECTION('',(0.984807753012,-1.126854202784E-17,-0.173648177667
    ));
#1271 = ORIENTED_EDGE('',*,*,#1272,.T.);
#1272 = EDGE_CURVE('',#1264,#1273,#1275,.T.);
#1273 = VERTEX_POINT('',#1274);
#1274 = CARTESIAN_POINT('',(5.062501,-16.007381,0.));
#1275 = LINE('',#1276,#1277);
#1276 = CARTESIAN_POINT('',(5.191970207717,-16.007381,0.));
#1277 = VECTOR('',#1278,1.);
#1278 = DIRECTION('',(-1.,1.144237745222E-17,0.));
#1279 = ORIENTED_EDGE('',*,*,#1280,.T.);
#1280 = EDGE_CURVE('',#1273,#1281,#1283,.T.);
#1281 = VERTEX_POINT('',#1282);
#1282 = CARTESIAN_POINT('',(5.062501,-16.007381,0.15));
#1283 = LINE('',#1284,#1285);
#1284 = CARTESIAN_POINT('',(5.062501,-16.007381,0.));
#1285 = VECTOR('',#1286,1.);
#1286 = DIRECTION('',(0.,0.,1.));
#1287 = ORIENTED_EDGE('',*,*,#1288,.T.);
#1288 = EDGE_CURVE('',#1281,#1289,#1291,.T.);
#1289 = VERTEX_POINT('',#1290);
#1290 = CARTESIAN_POINT('',(5.191970207717,-16.007381,0.15));
#1291 = LINE('',#1292,#1293);
#1292 = CARTESIAN_POINT('',(5.062501,-16.007381,0.15));
#1293 = VECTOR('',#1294,1.);
#1294 = DIRECTION('',(1.,-1.144237745222E-17,0.));
#1295 = ORIENTED_EDGE('',*,*,#1296,.T.);
#1296 = EDGE_CURVE('',#1289,#1297,#1299,.T.);
#1297 = VERTEX_POINT('',#1298);
#1298 = CARTESIAN_POINT('',(5.290450983018,-16.007381,0.232635182233));
#1299 = CIRCLE('',#1300,0.1);
#1300 = AXIS2_PLACEMENT_3D('',#1301,#1302,#1303);
#1301 = CARTESIAN_POINT('',(5.191970207717,-16.007381,0.25));
#1302 = DIRECTION('',(-1.144237745222E-17,-1.,1.855131475086E-48));
#1303 = DIRECTION('',(-2.22044604925E-15,2.540718180781E-32,-1.));
#1304 = ORIENTED_EDGE('',*,*,#1305,.T.);
#1305 = EDGE_CURVE('',#1297,#1306,#1308,.T.);
#1306 = VERTEX_POINT('',#1307);
#1307 = CARTESIAN_POINT('',(5.366299061747,-16.007381,0.693412044417));
#1308 = LINE('',#1309,#1310);
#1309 = CARTESIAN_POINT('',(5.290450983018,-16.007381,0.232635182233));
#1310 = VECTOR('',#1311,1.);
#1311 = DIRECTION('',(0.162423314012,-1.858508865964E-18,0.986721169868)
  );
#1312 = ORIENTED_EDGE('',*,*,#1313,.T.);
#1313 = EDGE_CURVE('',#1306,#1314,#1316,.T.);
#1314 = VERTEX_POINT('',#1315);
#1315 = CARTESIAN_POINT('',(5.612501,-16.007381,0.9));
#1316 = CIRCLE('',#1317,0.25);
#1317 = AXIS2_PLACEMENT_3D('',#1318,#1319,#1320);
#1318 = CARTESIAN_POINT('',(5.612501,-16.007381,0.65));
#1319 = DIRECTION('',(1.144237745222E-17,1.,8.679168028915E-34));
#1320 = DIRECTION('',(-0.984807753012,1.126854202784E-17,0.173648177667)
  );
#1321 = ORIENTED_EDGE('',*,*,#1322,.T.);
#1322 = EDGE_CURVE('',#1314,#522,#1323,.T.);
#1323 = LINE('',#1324,#1325);
#1324 = CARTESIAN_POINT('',(5.612501,-16.007381,0.9));
#1325 = VECTOR('',#1326,1.);
#1326 = DIRECTION('',(1.,-1.144237745222E-17,0.));
#1327 = PLANE('',#1328);
#1328 = AXIS2_PLACEMENT_3D('',#1329,#1330,#1331);
#1329 = CARTESIAN_POINT('',(5.393377614861,-16.007381,0.441695635315));
#1330 = DIRECTION('',(1.144237745222E-17,1.,0.));
#1331 = DIRECTION('',(0.,0.,1.));
#1332 = ADVANCED_FACE('',(#1333),#1352,.F.);
#1333 = FACE_BOUND('',#1334,.F.);
#1334 = EDGE_LOOP('',(#1335,#1336,#1345,#1351));
#1335 = ORIENTED_EDGE('',*,*,#560,.T.);
#1336 = ORIENTED_EDGE('',*,*,#1337,.T.);
#1337 = EDGE_CURVE('',#553,#1338,#1340,.T.);
#1338 = VERTEX_POINT('',#1339);
#1339 = CARTESIAN_POINT('',(5.514020224699,-15.507381,0.667364817767));
#1340 = CIRCLE('',#1341,0.1);
#1341 = AXIS2_PLACEMENT_3D('',#1342,#1343,#1344);
#1342 = CARTESIAN_POINT('',(5.612501,-15.507381,0.65));
#1343 = DIRECTION('',(-1.144237745222E-17,-1.,0.));
#1344 = DIRECTION('',(0.,0.,1.));
#1345 = ORIENTED_EDGE('',*,*,#1346,.F.);
#1346 = EDGE_CURVE('',#1247,#1338,#1347,.T.);
#1347 = LINE('',#1348,#1349);
#1348 = CARTESIAN_POINT('',(5.514020224699,-16.007381,0.667364817767));
#1349 = VECTOR('',#1350,1.);
#1350 = DIRECTION('',(1.144237745222E-17,1.,0.));
#1351 = ORIENTED_EDGE('',*,*,#1246,.F.);
#1352 = CYLINDRICAL_SURFACE('',#1353,0.1);
#1353 = AXIS2_PLACEMENT_3D('',#1354,#1355,#1356);
#1354 = CARTESIAN_POINT('',(5.612501,-16.007381,0.65));
#1355 = DIRECTION('',(-1.144237745222E-17,-1.,0.));
#1356 = DIRECTION('',(0.,0.,1.));
#1357 = ADVANCED_FACE('',(#1358),#1436,.T.);
#1358 = FACE_BOUND('',#1359,.T.);
#1359 = EDGE_LOOP('',(#1360,#1361,#1362,#1363,#1371,#1380,#1388,#1396,
    #1404,#1413,#1421,#1430));
#1360 = ORIENTED_EDGE('',*,*,#574,.F.);
#1361 = ORIENTED_EDGE('',*,*,#552,.T.);
#1362 = ORIENTED_EDGE('',*,*,#1337,.T.);
#1363 = ORIENTED_EDGE('',*,*,#1364,.T.);
#1364 = EDGE_CURVE('',#1338,#1365,#1367,.T.);
#1365 = VERTEX_POINT('',#1366);
#1366 = CARTESIAN_POINT('',(5.43817214597,-15.507381,0.206587955583));
#1367 = LINE('',#1368,#1369);
#1368 = CARTESIAN_POINT('',(5.514020224699,-15.507381,0.667364817767));
#1369 = VECTOR('',#1370,1.);
#1370 = DIRECTION('',(-0.162423314012,1.858508865964E-18,-0.986721169868
    ));
#1371 = ORIENTED_EDGE('',*,*,#1372,.T.);
#1372 = EDGE_CURVE('',#1365,#1373,#1375,.T.);
#1373 = VERTEX_POINT('',#1374);
#1374 = CARTESIAN_POINT('',(5.191970207717,-15.507381,0.));
#1375 = CIRCLE('',#1376,0.25);
#1376 = AXIS2_PLACEMENT_3D('',#1377,#1378,#1379);
#1377 = CARTESIAN_POINT('',(5.191970207717,-15.507381,0.25));
#1378 = DIRECTION('',(1.144237745222E-17,1.,1.24725095109E-33));
#1379 = DIRECTION('',(0.984807753012,-1.126854202784E-17,-0.173648177667
    ));
#1380 = ORIENTED_EDGE('',*,*,#1381,.T.);
#1381 = EDGE_CURVE('',#1373,#1382,#1384,.T.);
#1382 = VERTEX_POINT('',#1383);
#1383 = CARTESIAN_POINT('',(5.062501,-15.507381,0.));
#1384 = LINE('',#1385,#1386);
#1385 = CARTESIAN_POINT('',(5.191970207717,-15.507381,0.));
#1386 = VECTOR('',#1387,1.);
#1387 = DIRECTION('',(-1.,1.144237745222E-17,0.));
#1388 = ORIENTED_EDGE('',*,*,#1389,.T.);
#1389 = EDGE_CURVE('',#1382,#1390,#1392,.T.);
#1390 = VERTEX_POINT('',#1391);
#1391 = CARTESIAN_POINT('',(5.062501,-15.507381,0.15));
#1392 = LINE('',#1393,#1394);
#1393 = CARTESIAN_POINT('',(5.062501,-15.507381,0.));
#1394 = VECTOR('',#1395,1.);
#1395 = DIRECTION('',(0.,0.,1.));
#1396 = ORIENTED_EDGE('',*,*,#1397,.T.);
#1397 = EDGE_CURVE('',#1390,#1398,#1400,.T.);
#1398 = VERTEX_POINT('',#1399);
#1399 = CARTESIAN_POINT('',(5.191970207717,-15.507381,0.15));
#1400 = LINE('',#1401,#1402);
#1401 = CARTESIAN_POINT('',(5.062501,-15.507381,0.15));
#1402 = VECTOR('',#1403,1.);
#1403 = DIRECTION('',(1.,-1.144237745222E-17,0.));
#1404 = ORIENTED_EDGE('',*,*,#1405,.T.);
#1405 = EDGE_CURVE('',#1398,#1406,#1408,.T.);
#1406 = VERTEX_POINT('',#1407);
#1407 = CARTESIAN_POINT('',(5.290450983018,-15.507381,0.232635182233));
#1408 = CIRCLE('',#1409,0.1);
#1409 = AXIS2_PLACEMENT_3D('',#1410,#1411,#1412);
#1410 = CARTESIAN_POINT('',(5.191970207717,-15.507381,0.25));
#1411 = DIRECTION('',(-1.144237745222E-17,-1.,1.855131475086E-48));
#1412 = DIRECTION('',(-2.22044604925E-15,2.540718180781E-32,-1.));
#1413 = ORIENTED_EDGE('',*,*,#1414,.T.);
#1414 = EDGE_CURVE('',#1406,#1415,#1417,.T.);
#1415 = VERTEX_POINT('',#1416);
#1416 = CARTESIAN_POINT('',(5.366299061747,-15.507381,0.693412044417));
#1417 = LINE('',#1418,#1419);
#1418 = CARTESIAN_POINT('',(5.290450983018,-15.507381,0.232635182233));
#1419 = VECTOR('',#1420,1.);
#1420 = DIRECTION('',(0.162423314012,-1.858508865964E-18,0.986721169868)
  );
#1421 = ORIENTED_EDGE('',*,*,#1422,.T.);
#1422 = EDGE_CURVE('',#1415,#1423,#1425,.T.);
#1423 = VERTEX_POINT('',#1424);
#1424 = CARTESIAN_POINT('',(5.612501,-15.507381,0.9));
#1425 = CIRCLE('',#1426,0.25);
#1426 = AXIS2_PLACEMENT_3D('',#1427,#1428,#1429);
#1427 = CARTESIAN_POINT('',(5.612501,-15.507381,0.65));
#1428 = DIRECTION('',(1.144237745222E-17,1.,8.679168028915E-34));
#1429 = DIRECTION('',(-0.984807753012,1.126854202784E-17,0.173648177667)
  );
#1430 = ORIENTED_EDGE('',*,*,#1431,.T.);
#1431 = EDGE_CURVE('',#1423,#575,#1432,.T.);
#1432 = LINE('',#1433,#1434);
#1433 = CARTESIAN_POINT('',(5.612501,-15.507381,0.9));
#1434 = VECTOR('',#1435,1.);
#1435 = DIRECTION('',(1.,-1.144237745222E-17,0.));
#1436 = PLANE('',#1437);
#1437 = AXIS2_PLACEMENT_3D('',#1438,#1439,#1440);
#1438 = CARTESIAN_POINT('',(5.393377614861,-15.507381,0.441695635315));
#1439 = DIRECTION('',(1.144237745222E-17,1.,0.));
#1440 = DIRECTION('',(0.,0.,1.));
#1441 = ADVANCED_FACE('',(#1442),#1458,.F.);
#1442 = FACE_BOUND('',#1443,.F.);
#1443 = EDGE_LOOP('',(#1444,#1445,#1451,#1452));
#1444 = ORIENTED_EDGE('',*,*,#591,.T.);
#1445 = ORIENTED_EDGE('',*,*,#1446,.T.);
#1446 = EDGE_CURVE('',#584,#982,#1447,.T.);
#1447 = LINE('',#1448,#1449);
#1448 = CARTESIAN_POINT('',(5.612501,-15.057381,0.9));
#1449 = VECTOR('',#1450,1.);
#1450 = DIRECTION('',(1.,-1.144237745222E-17,0.));
#1451 = ORIENTED_EDGE('',*,*,#981,.F.);
#1452 = ORIENTED_EDGE('',*,*,#1453,.F.);
#1453 = EDGE_CURVE('',#575,#974,#1454,.T.);
#1454 = LINE('',#1455,#1456);
#1455 = CARTESIAN_POINT('',(5.612501,-15.507381,0.9));
#1456 = VECTOR('',#1457,1.);
#1457 = DIRECTION('',(1.,-1.144237745222E-17,0.));
#1458 = PLANE('',#1459);
#1459 = AXIS2_PLACEMENT_3D('',#1460,#1461,#1462);
#1460 = CARTESIAN_POINT('',(6.462501,-13.369881,0.9));
#1461 = DIRECTION('',(4.595758349624E-18,6.551522493592E-27,-1.));
#1462 = DIRECTION('',(1.,1.51922136901E-16,4.595758349624E-18));
#1463 = ADVANCED_FACE('',(#1464),#1550,.F.);
#1464 = FACE_BOUND('',#1465,.F.);
#1465 = EDGE_LOOP('',(#1466,#1467,#1468,#1477,#1485,#1494,#1502,#1510,
    #1518,#1527,#1535,#1544));
#1466 = ORIENTED_EDGE('',*,*,#583,.F.);
#1467 = ORIENTED_EDGE('',*,*,#605,.T.);
#1468 = ORIENTED_EDGE('',*,*,#1469,.T.);
#1469 = EDGE_CURVE('',#606,#1470,#1472,.T.);
#1470 = VERTEX_POINT('',#1471);
#1471 = CARTESIAN_POINT('',(5.514020224699,-15.057381,0.667364817767));
#1472 = CIRCLE('',#1473,0.1);
#1473 = AXIS2_PLACEMENT_3D('',#1474,#1475,#1476);
#1474 = CARTESIAN_POINT('',(5.612501,-15.057381,0.65));
#1475 = DIRECTION('',(-1.144237745222E-17,-1.,0.));
#1476 = DIRECTION('',(0.,0.,1.));
#1477 = ORIENTED_EDGE('',*,*,#1478,.T.);
#1478 = EDGE_CURVE('',#1470,#1479,#1481,.T.);
#1479 = VERTEX_POINT('',#1480);
#1480 = CARTESIAN_POINT('',(5.43817214597,-15.057381,0.206587955583));
#1481 = LINE('',#1482,#1483);
#1482 = CARTESIAN_POINT('',(5.514020224699,-15.057381,0.667364817767));
#1483 = VECTOR('',#1484,1.);
#1484 = DIRECTION('',(-0.162423314012,1.858508865964E-18,-0.986721169868
    ));
#1485 = ORIENTED_EDGE('',*,*,#1486,.T.);
#1486 = EDGE_CURVE('',#1479,#1487,#1489,.T.);
#1487 = VERTEX_POINT('',#1488);
#1488 = CARTESIAN_POINT('',(5.191970207717,-15.057381,0.));
#1489 = CIRCLE('',#1490,0.25);
#1490 = AXIS2_PLACEMENT_3D('',#1491,#1492,#1493);
#1491 = CARTESIAN_POINT('',(5.191970207717,-15.057381,0.25));
#1492 = DIRECTION('',(1.144237745222E-17,1.,1.24725095109E-33));
#1493 = DIRECTION('',(0.984807753012,-1.126854202784E-17,-0.173648177667
    ));
#1494 = ORIENTED_EDGE('',*,*,#1495,.T.);
#1495 = EDGE_CURVE('',#1487,#1496,#1498,.T.);
#1496 = VERTEX_POINT('',#1497);
#1497 = CARTESIAN_POINT('',(5.062501,-15.057381,0.));
#1498 = LINE('',#1499,#1500);
#1499 = CARTESIAN_POINT('',(5.191970207717,-15.057381,0.));
#1500 = VECTOR('',#1501,1.);
#1501 = DIRECTION('',(-1.,1.144237745222E-17,0.));
#1502 = ORIENTED_EDGE('',*,*,#1503,.T.);
#1503 = EDGE_CURVE('',#1496,#1504,#1506,.T.);
#1504 = VERTEX_POINT('',#1505);
#1505 = CARTESIAN_POINT('',(5.062501,-15.057381,0.15));
#1506 = LINE('',#1507,#1508);
#1507 = CARTESIAN_POINT('',(5.062501,-15.057381,0.));
#1508 = VECTOR('',#1509,1.);
#1509 = DIRECTION('',(0.,0.,1.));
#1510 = ORIENTED_EDGE('',*,*,#1511,.T.);
#1511 = EDGE_CURVE('',#1504,#1512,#1514,.T.);
#1512 = VERTEX_POINT('',#1513);
#1513 = CARTESIAN_POINT('',(5.191970207717,-15.057381,0.15));
#1514 = LINE('',#1515,#1516);
#1515 = CARTESIAN_POINT('',(5.062501,-15.057381,0.15));
#1516 = VECTOR('',#1517,1.);
#1517 = DIRECTION('',(1.,-1.144237745222E-17,0.));
#1518 = ORIENTED_EDGE('',*,*,#1519,.T.);
#1519 = EDGE_CURVE('',#1512,#1520,#1522,.T.);
#1520 = VERTEX_POINT('',#1521);
#1521 = CARTESIAN_POINT('',(5.290450983018,-15.057381,0.232635182233));
#1522 = CIRCLE('',#1523,0.1);
#1523 = AXIS2_PLACEMENT_3D('',#1524,#1525,#1526);
#1524 = CARTESIAN_POINT('',(5.191970207717,-15.057381,0.25));
#1525 = DIRECTION('',(-1.144237745222E-17,-1.,1.855131475086E-48));
#1526 = DIRECTION('',(-2.22044604925E-15,2.540718180781E-32,-1.));
#1527 = ORIENTED_EDGE('',*,*,#1528,.T.);
#1528 = EDGE_CURVE('',#1520,#1529,#1531,.T.);
#1529 = VERTEX_POINT('',#1530);
#1530 = CARTESIAN_POINT('',(5.366299061747,-15.057381,0.693412044417));
#1531 = LINE('',#1532,#1533);
#1532 = CARTESIAN_POINT('',(5.290450983018,-15.057381,0.232635182233));
#1533 = VECTOR('',#1534,1.);
#1534 = DIRECTION('',(0.162423314012,-1.858508865964E-18,0.986721169868)
  );
#1535 = ORIENTED_EDGE('',*,*,#1536,.T.);
#1536 = EDGE_CURVE('',#1529,#1537,#1539,.T.);
#1537 = VERTEX_POINT('',#1538);
#1538 = CARTESIAN_POINT('',(5.612501,-15.057381,0.9));
#1539 = CIRCLE('',#1540,0.25);
#1540 = AXIS2_PLACEMENT_3D('',#1541,#1542,#1543);
#1541 = CARTESIAN_POINT('',(5.612501,-15.057381,0.65));
#1542 = DIRECTION('',(1.144237745222E-17,1.,8.679168028915E-34));
#1543 = DIRECTION('',(-0.984807753012,1.126854202784E-17,0.173648177667)
  );
#1544 = ORIENTED_EDGE('',*,*,#1545,.T.);
#1545 = EDGE_CURVE('',#1537,#584,#1546,.T.);
#1546 = LINE('',#1547,#1548);
#1547 = CARTESIAN_POINT('',(5.612501,-15.057381,0.9));
#1548 = VECTOR('',#1549,1.);
#1549 = DIRECTION('',(1.,-1.144237745222E-17,0.));
#1550 = PLANE('',#1551);
#1551 = AXIS2_PLACEMENT_3D('',#1552,#1553,#1554);
#1552 = CARTESIAN_POINT('',(5.393377614861,-15.057381,0.441695635315));
#1553 = DIRECTION('',(1.144237745222E-17,1.,0.));
#1554 = DIRECTION('',(0.,0.,1.));
#1555 = ADVANCED_FACE('',(#1556),#1575,.F.);
#1556 = FACE_BOUND('',#1557,.F.);
#1557 = EDGE_LOOP('',(#1558,#1559,#1568,#1574));
#1558 = ORIENTED_EDGE('',*,*,#622,.T.);
#1559 = ORIENTED_EDGE('',*,*,#1560,.T.);
#1560 = EDGE_CURVE('',#615,#1561,#1563,.T.);
#1561 = VERTEX_POINT('',#1562);
#1562 = CARTESIAN_POINT('',(5.514020224699,-14.557381,0.667364817767));
#1563 = CIRCLE('',#1564,0.1);
#1564 = AXIS2_PLACEMENT_3D('',#1565,#1566,#1567);
#1565 = CARTESIAN_POINT('',(5.612501,-14.557381,0.65));
#1566 = DIRECTION('',(-1.144237745222E-17,-1.,0.));
#1567 = DIRECTION('',(0.,0.,1.));
#1568 = ORIENTED_EDGE('',*,*,#1569,.F.);
#1569 = EDGE_CURVE('',#1470,#1561,#1570,.T.);
#1570 = LINE('',#1571,#1572);
#1571 = CARTESIAN_POINT('',(5.514020224699,-15.057381,0.667364817767));
#1572 = VECTOR('',#1573,1.);
#1573 = DIRECTION('',(1.144237745222E-17,1.,0.));
#1574 = ORIENTED_EDGE('',*,*,#1469,.F.);
#1575 = CYLINDRICAL_SURFACE('',#1576,0.1);
#1576 = AXIS2_PLACEMENT_3D('',#1577,#1578,#1579);
#1577 = CARTESIAN_POINT('',(5.612501,-15.057381,0.65));
#1578 = DIRECTION('',(-1.144237745222E-17,-1.,0.));
#1579 = DIRECTION('',(0.,0.,1.));
#1580 = ADVANCED_FACE('',(#1581),#1659,.T.);
#1581 = FACE_BOUND('',#1582,.T.);
#1582 = EDGE_LOOP('',(#1583,#1584,#1585,#1586,#1594,#1603,#1611,#1619,
    #1627,#1636,#1644,#1653));
#1583 = ORIENTED_EDGE('',*,*,#636,.F.);
#1584 = ORIENTED_EDGE('',*,*,#614,.T.);
#1585 = ORIENTED_EDGE('',*,*,#1560,.T.);
#1586 = ORIENTED_EDGE('',*,*,#1587,.T.);
#1587 = EDGE_CURVE('',#1561,#1588,#1590,.T.);
#1588 = VERTEX_POINT('',#1589);
#1589 = CARTESIAN_POINT('',(5.43817214597,-14.557381,0.206587955583));
#1590 = LINE('',#1591,#1592);
#1591 = CARTESIAN_POINT('',(5.514020224699,-14.557381,0.667364817767));
#1592 = VECTOR('',#1593,1.);
#1593 = DIRECTION('',(-0.162423314012,1.858508865964E-18,-0.986721169868
    ));
#1594 = ORIENTED_EDGE('',*,*,#1595,.T.);
#1595 = EDGE_CURVE('',#1588,#1596,#1598,.T.);
#1596 = VERTEX_POINT('',#1597);
#1597 = CARTESIAN_POINT('',(5.191970207717,-14.557381,0.));
#1598 = CIRCLE('',#1599,0.25);
#1599 = AXIS2_PLACEMENT_3D('',#1600,#1601,#1602);
#1600 = CARTESIAN_POINT('',(5.191970207717,-14.557381,0.25));
#1601 = DIRECTION('',(1.144237745222E-17,1.,1.24725095109E-33));
#1602 = DIRECTION('',(0.984807753012,-1.126854202784E-17,-0.173648177667
    ));
#1603 = ORIENTED_EDGE('',*,*,#1604,.T.);
#1604 = EDGE_CURVE('',#1596,#1605,#1607,.T.);
#1605 = VERTEX_POINT('',#1606);
#1606 = CARTESIAN_POINT('',(5.062501,-14.557381,0.));
#1607 = LINE('',#1608,#1609);
#1608 = CARTESIAN_POINT('',(5.191970207717,-14.557381,0.));
#1609 = VECTOR('',#1610,1.);
#1610 = DIRECTION('',(-1.,1.144237745222E-17,0.));
#1611 = ORIENTED_EDGE('',*,*,#1612,.T.);
#1612 = EDGE_CURVE('',#1605,#1613,#1615,.T.);
#1613 = VERTEX_POINT('',#1614);
#1614 = CARTESIAN_POINT('',(5.062501,-14.557381,0.15));
#1615 = LINE('',#1616,#1617);
#1616 = CARTESIAN_POINT('',(5.062501,-14.557381,0.));
#1617 = VECTOR('',#1618,1.);
#1618 = DIRECTION('',(0.,0.,1.));
#1619 = ORIENTED_EDGE('',*,*,#1620,.T.);
#1620 = EDGE_CURVE('',#1613,#1621,#1623,.T.);
#1621 = VERTEX_POINT('',#1622);
#1622 = CARTESIAN_POINT('',(5.191970207717,-14.557381,0.15));
#1623 = LINE('',#1624,#1625);
#1624 = CARTESIAN_POINT('',(5.062501,-14.557381,0.15));
#1625 = VECTOR('',#1626,1.);
#1626 = DIRECTION('',(1.,-1.144237745222E-17,0.));
#1627 = ORIENTED_EDGE('',*,*,#1628,.T.);
#1628 = EDGE_CURVE('',#1621,#1629,#1631,.T.);
#1629 = VERTEX_POINT('',#1630);
#1630 = CARTESIAN_POINT('',(5.290450983018,-14.557381,0.232635182233));
#1631 = CIRCLE('',#1632,0.1);
#1632 = AXIS2_PLACEMENT_3D('',#1633,#1634,#1635);
#1633 = CARTESIAN_POINT('',(5.191970207717,-14.557381,0.25));
#1634 = DIRECTION('',(-1.144237745222E-17,-1.,1.855131475086E-48));
#1635 = DIRECTION('',(-2.22044604925E-15,2.540718180781E-32,-1.));
#1636 = ORIENTED_EDGE('',*,*,#1637,.T.);
#1637 = EDGE_CURVE('',#1629,#1638,#1640,.T.);
#1638 = VERTEX_POINT('',#1639);
#1639 = CARTESIAN_POINT('',(5.366299061747,-14.557381,0.693412044417));
#1640 = LINE('',#1641,#1642);
#1641 = CARTESIAN_POINT('',(5.290450983018,-14.557381,0.232635182233));
#1642 = VECTOR('',#1643,1.);
#1643 = DIRECTION('',(0.162423314012,-1.858508865964E-18,0.986721169868)
  );
#1644 = ORIENTED_EDGE('',*,*,#1645,.T.);
#1645 = EDGE_CURVE('',#1638,#1646,#1648,.T.);
#1646 = VERTEX_POINT('',#1647);
#1647 = CARTESIAN_POINT('',(5.612501,-14.557381,0.9));
#1648 = CIRCLE('',#1649,0.25);
#1649 = AXIS2_PLACEMENT_3D('',#1650,#1651,#1652);
#1650 = CARTESIAN_POINT('',(5.612501,-14.557381,0.65));
#1651 = DIRECTION('',(1.144237745222E-17,1.,8.679168028915E-34));
#1652 = DIRECTION('',(-0.984807753012,1.126854202784E-17,0.173648177667)
  );
#1653 = ORIENTED_EDGE('',*,*,#1654,.T.);
#1654 = EDGE_CURVE('',#1646,#637,#1655,.T.);
#1655 = LINE('',#1656,#1657);
#1656 = CARTESIAN_POINT('',(5.612501,-14.557381,0.9));
#1657 = VECTOR('',#1658,1.);
#1658 = DIRECTION('',(1.,-1.144237745222E-17,0.));
#1659 = PLANE('',#1660);
#1660 = AXIS2_PLACEMENT_3D('',#1661,#1662,#1663);
#1661 = CARTESIAN_POINT('',(5.393377614861,-14.557381,0.441695635315));
#1662 = DIRECTION('',(1.144237745222E-17,1.,0.));
#1663 = DIRECTION('',(0.,0.,1.));
#1664 = ADVANCED_FACE('',(#1665),#1676,.F.);
#1665 = FACE_BOUND('',#1666,.F.);
#1666 = EDGE_LOOP('',(#1667,#1668,#1669,#1670));
#1667 = ORIENTED_EDGE('',*,*,#653,.T.);
#1668 = ORIENTED_EDGE('',*,*,#949,.T.);
#1669 = ORIENTED_EDGE('',*,*,#997,.F.);
#1670 = ORIENTED_EDGE('',*,*,#1671,.F.);
#1671 = EDGE_CURVE('',#637,#990,#1672,.T.);
#1672 = LINE('',#1673,#1674);
#1673 = CARTESIAN_POINT('',(5.612501,-14.557381,0.9));
#1674 = VECTOR('',#1675,1.);
#1675 = DIRECTION('',(1.,-1.144237745222E-17,0.));
#1676 = PLANE('',#1677);
#1677 = AXIS2_PLACEMENT_3D('',#1678,#1679,#1680);
#1678 = CARTESIAN_POINT('',(6.462501,-13.369881,0.9));
#1679 = DIRECTION('',(4.595758349624E-18,6.551522493592E-27,-1.));
#1680 = DIRECTION('',(1.,1.51922136901E-16,4.595758349624E-18));
#1681 = ADVANCED_FACE('',(#1682),#1761,.F.);
#1682 = FACE_BOUND('',#1683,.F.);
#1683 = EDGE_LOOP('',(#1684,#1685,#1686,#1695,#1703,#1712,#1720,#1728,
    #1736,#1745,#1753,#1760));
#1684 = ORIENTED_EDGE('',*,*,#645,.F.);
#1685 = ORIENTED_EDGE('',*,*,#667,.T.);
#1686 = ORIENTED_EDGE('',*,*,#1687,.T.);
#1687 = EDGE_CURVE('',#668,#1688,#1690,.T.);
#1688 = VERTEX_POINT('',#1689);
#1689 = CARTESIAN_POINT('',(5.514020224699,-14.107381,0.667364817767));
#1690 = CIRCLE('',#1691,0.1);
#1691 = AXIS2_PLACEMENT_3D('',#1692,#1693,#1694);
#1692 = CARTESIAN_POINT('',(5.612501,-14.107381,0.65));
#1693 = DIRECTION('',(-1.144237745222E-17,-1.,0.));
#1694 = DIRECTION('',(0.,0.,1.));
#1695 = ORIENTED_EDGE('',*,*,#1696,.T.);
#1696 = EDGE_CURVE('',#1688,#1697,#1699,.T.);
#1697 = VERTEX_POINT('',#1698);
#1698 = CARTESIAN_POINT('',(5.43817214597,-14.107381,0.206587955583));
#1699 = LINE('',#1700,#1701);
#1700 = CARTESIAN_POINT('',(5.514020224699,-14.107381,0.667364817767));
#1701 = VECTOR('',#1702,1.);
#1702 = DIRECTION('',(-0.162423314012,1.858508865964E-18,-0.986721169868
    ));
#1703 = ORIENTED_EDGE('',*,*,#1704,.T.);
#1704 = EDGE_CURVE('',#1697,#1705,#1707,.T.);
#1705 = VERTEX_POINT('',#1706);
#1706 = CARTESIAN_POINT('',(5.191970207717,-14.107381,0.));
#1707 = CIRCLE('',#1708,0.25);
#1708 = AXIS2_PLACEMENT_3D('',#1709,#1710,#1711);
#1709 = CARTESIAN_POINT('',(5.191970207717,-14.107381,0.25));
#1710 = DIRECTION('',(1.144237745222E-17,1.,1.24725095109E-33));
#1711 = DIRECTION('',(0.984807753012,-1.126854202784E-17,-0.173648177667
    ));
#1712 = ORIENTED_EDGE('',*,*,#1713,.T.);
#1713 = EDGE_CURVE('',#1705,#1714,#1716,.T.);
#1714 = VERTEX_POINT('',#1715);
#1715 = CARTESIAN_POINT('',(5.062501,-14.107381,0.));
#1716 = LINE('',#1717,#1718);
#1717 = CARTESIAN_POINT('',(5.191970207717,-14.107381,0.));
#1718 = VECTOR('',#1719,1.);
#1719 = DIRECTION('',(-1.,1.144237745222E-17,0.));
#1720 = ORIENTED_EDGE('',*,*,#1721,.T.);
#1721 = EDGE_CURVE('',#1714,#1722,#1724,.T.);
#1722 = VERTEX_POINT('',#1723);
#1723 = CARTESIAN_POINT('',(5.062501,-14.107381,0.15));
#1724 = LINE('',#1725,#1726);
#1725 = CARTESIAN_POINT('',(5.062501,-14.107381,0.));
#1726 = VECTOR('',#1727,1.);
#1727 = DIRECTION('',(0.,0.,1.));
#1728 = ORIENTED_EDGE('',*,*,#1729,.T.);
#1729 = EDGE_CURVE('',#1722,#1730,#1732,.T.);
#1730 = VERTEX_POINT('',#1731);
#1731 = CARTESIAN_POINT('',(5.191970207717,-14.107381,0.15));
#1732 = LINE('',#1733,#1734);
#1733 = CARTESIAN_POINT('',(5.062501,-14.107381,0.15));
#1734 = VECTOR('',#1735,1.);
#1735 = DIRECTION('',(1.,-1.144237745222E-17,0.));
#1736 = ORIENTED_EDGE('',*,*,#1737,.T.);
#1737 = EDGE_CURVE('',#1730,#1738,#1740,.T.);
#1738 = VERTEX_POINT('',#1739);
#1739 = CARTESIAN_POINT('',(5.290450983018,-14.107381,0.232635182233));
#1740 = CIRCLE('',#1741,0.1);
#1741 = AXIS2_PLACEMENT_3D('',#1742,#1743,#1744);
#1742 = CARTESIAN_POINT('',(5.191970207717,-14.107381,0.25));
#1743 = DIRECTION('',(-1.144237745222E-17,-1.,1.855131475086E-48));
#1744 = DIRECTION('',(-2.22044604925E-15,2.540718180781E-32,-1.));
#1745 = ORIENTED_EDGE('',*,*,#1746,.T.);
#1746 = EDGE_CURVE('',#1738,#1747,#1749,.T.);
#1747 = VERTEX_POINT('',#1748);
#1748 = CARTESIAN_POINT('',(5.366299061747,-14.107381,0.693412044417));
#1749 = LINE('',#1750,#1751);
#1750 = CARTESIAN_POINT('',(5.290450983018,-14.107381,0.232635182233));
#1751 = VECTOR('',#1752,1.);
#1752 = DIRECTION('',(0.162423314012,-1.858508865964E-18,0.986721169868)
  );
#1753 = ORIENTED_EDGE('',*,*,#1754,.T.);
#1754 = EDGE_CURVE('',#1747,#919,#1755,.T.);
#1755 = CIRCLE('',#1756,0.25);
#1756 = AXIS2_PLACEMENT_3D('',#1757,#1758,#1759);
#1757 = CARTESIAN_POINT('',(5.612501,-14.107381,0.65));
#1758 = DIRECTION('',(1.144237745222E-17,1.,8.679168028915E-34));
#1759 = DIRECTION('',(-0.984807753012,1.126854202784E-17,0.173648177667)
  );
#1760 = ORIENTED_EDGE('',*,*,#918,.T.);
#1761 = PLANE('',#1762);
#1762 = AXIS2_PLACEMENT_3D('',#1763,#1764,#1765);
#1763 = CARTESIAN_POINT('',(5.393377614861,-14.107381,0.441695635315));
#1764 = DIRECTION('',(1.144237745222E-17,1.,0.));
#1765 = DIRECTION('',(0.,0.,1.));
#1766 = ADVANCED_FACE('',(#1767),#1786,.F.);
#1767 = FACE_BOUND('',#1768,.F.);
#1768 = EDGE_LOOP('',(#1769,#1770,#1779,#1785));
#1769 = ORIENTED_EDGE('',*,*,#684,.T.);
#1770 = ORIENTED_EDGE('',*,*,#1771,.T.);
#1771 = EDGE_CURVE('',#677,#1772,#1774,.T.);
#1772 = VERTEX_POINT('',#1773);
#1773 = CARTESIAN_POINT('',(5.514020224699,-13.607381,0.667364817767));
#1774 = CIRCLE('',#1775,0.1);
#1775 = AXIS2_PLACEMENT_3D('',#1776,#1777,#1778);
#1776 = CARTESIAN_POINT('',(5.612501,-13.607381,0.65));
#1777 = DIRECTION('',(-1.144237745222E-17,-1.,0.));
#1778 = DIRECTION('',(0.,0.,1.));
#1779 = ORIENTED_EDGE('',*,*,#1780,.F.);
#1780 = EDGE_CURVE('',#1688,#1772,#1781,.T.);
#1781 = LINE('',#1782,#1783);
#1782 = CARTESIAN_POINT('',(5.514020224699,-14.107381,0.667364817767));
#1783 = VECTOR('',#1784,1.);
#1784 = DIRECTION('',(1.144237745222E-17,1.,0.));
#1785 = ORIENTED_EDGE('',*,*,#1687,.F.);
#1786 = CYLINDRICAL_SURFACE('',#1787,0.1);
#1787 = AXIS2_PLACEMENT_3D('',#1788,#1789,#1790);
#1788 = CARTESIAN_POINT('',(5.612501,-14.107381,0.65));
#1789 = DIRECTION('',(-1.144237745222E-17,-1.,0.));
#1790 = DIRECTION('',(0.,0.,1.));
#1791 = ADVANCED_FACE('',(#1792),#1863,.T.);
#1792 = FACE_BOUND('',#1793,.T.);
#1793 = EDGE_LOOP('',(#1794,#1795,#1796,#1797,#1805,#1814,#1822,#1830,
    #1838,#1847,#1855,#1862));
#1794 = ORIENTED_EDGE('',*,*,#698,.F.);
#1795 = ORIENTED_EDGE('',*,*,#676,.T.);
#1796 = ORIENTED_EDGE('',*,*,#1771,.T.);
#1797 = ORIENTED_EDGE('',*,*,#1798,.T.);
#1798 = EDGE_CURVE('',#1772,#1799,#1801,.T.);
#1799 = VERTEX_POINT('',#1800);
#1800 = CARTESIAN_POINT('',(5.43817214597,-13.607381,0.206587955583));
#1801 = LINE('',#1802,#1803);
#1802 = CARTESIAN_POINT('',(5.514020224699,-13.607381,0.667364817767));
#1803 = VECTOR('',#1804,1.);
#1804 = DIRECTION('',(-0.162423314012,1.858508865964E-18,-0.986721169868
    ));
#1805 = ORIENTED_EDGE('',*,*,#1806,.T.);
#1806 = EDGE_CURVE('',#1799,#1807,#1809,.T.);
#1807 = VERTEX_POINT('',#1808);
#1808 = CARTESIAN_POINT('',(5.191970207717,-13.607381,0.));
#1809 = CIRCLE('',#1810,0.25);
#1810 = AXIS2_PLACEMENT_3D('',#1811,#1812,#1813);
#1811 = CARTESIAN_POINT('',(5.191970207717,-13.607381,0.25));
#1812 = DIRECTION('',(1.144237745222E-17,1.,1.24725095109E-33));
#1813 = DIRECTION('',(0.984807753012,-1.126854202784E-17,-0.173648177667
    ));
#1814 = ORIENTED_EDGE('',*,*,#1815,.T.);
#1815 = EDGE_CURVE('',#1807,#1816,#1818,.T.);
#1816 = VERTEX_POINT('',#1817);
#1817 = CARTESIAN_POINT('',(5.062501,-13.607381,0.));
#1818 = LINE('',#1819,#1820);
#1819 = CARTESIAN_POINT('',(5.191970207717,-13.607381,0.));
#1820 = VECTOR('',#1821,1.);
#1821 = DIRECTION('',(-1.,1.144237745222E-17,0.));
#1822 = ORIENTED_EDGE('',*,*,#1823,.T.);
#1823 = EDGE_CURVE('',#1816,#1824,#1826,.T.);
#1824 = VERTEX_POINT('',#1825);
#1825 = CARTESIAN_POINT('',(5.062501,-13.607381,0.15));
#1826 = LINE('',#1827,#1828);
#1827 = CARTESIAN_POINT('',(5.062501,-13.607381,0.));
#1828 = VECTOR('',#1829,1.);
#1829 = DIRECTION('',(0.,0.,1.));
#1830 = ORIENTED_EDGE('',*,*,#1831,.T.);
#1831 = EDGE_CURVE('',#1824,#1832,#1834,.T.);
#1832 = VERTEX_POINT('',#1833);
#1833 = CARTESIAN_POINT('',(5.191970207717,-13.607381,0.15));
#1834 = LINE('',#1835,#1836);
#1835 = CARTESIAN_POINT('',(5.062501,-13.607381,0.15));
#1836 = VECTOR('',#1837,1.);
#1837 = DIRECTION('',(1.,-1.144237745222E-17,0.));
#1838 = ORIENTED_EDGE('',*,*,#1839,.T.);
#1839 = EDGE_CURVE('',#1832,#1840,#1842,.T.);
#1840 = VERTEX_POINT('',#1841);
#1841 = CARTESIAN_POINT('',(5.290450983018,-13.607381,0.232635182233));
#1842 = CIRCLE('',#1843,0.1);
#1843 = AXIS2_PLACEMENT_3D('',#1844,#1845,#1846);
#1844 = CARTESIAN_POINT('',(5.191970207717,-13.607381,0.25));
#1845 = DIRECTION('',(-1.144237745222E-17,-1.,1.855131475086E-48));
#1846 = DIRECTION('',(-2.22044604925E-15,2.540718180781E-32,-1.));
#1847 = ORIENTED_EDGE('',*,*,#1848,.T.);
#1848 = EDGE_CURVE('',#1840,#1849,#1851,.T.);
#1849 = VERTEX_POINT('',#1850);
#1850 = CARTESIAN_POINT('',(5.366299061747,-13.607381,0.693412044417));
#1851 = LINE('',#1852,#1853);
#1852 = CARTESIAN_POINT('',(5.290450983018,-13.607381,0.232635182233));
#1853 = VECTOR('',#1854,1.);
#1854 = DIRECTION('',(0.162423314012,-1.858508865964E-18,0.986721169868)
  );
#1855 = ORIENTED_EDGE('',*,*,#1856,.T.);
#1856 = EDGE_CURVE('',#1849,#927,#1857,.T.);
#1857 = CIRCLE('',#1858,0.25);
#1858 = AXIS2_PLACEMENT_3D('',#1859,#1860,#1861);
#1859 = CARTESIAN_POINT('',(5.612501,-13.607381,0.65));
#1860 = DIRECTION('',(1.144237745222E-17,1.,8.679168028915E-34));
#1861 = DIRECTION('',(-0.984807753012,1.126854202784E-17,0.173648177667)
  );
#1862 = ORIENTED_EDGE('',*,*,#934,.T.);
#1863 = PLANE('',#1864);
#1864 = AXIS2_PLACEMENT_3D('',#1865,#1866,#1867);
#1865 = CARTESIAN_POINT('',(5.393377614861,-13.607381,0.441695635315));
#1866 = DIRECTION('',(1.144237745222E-17,1.,0.));
#1867 = DIRECTION('',(0.,0.,1.));
#1868 = ADVANCED_FACE('',(#1869),#1948,.F.);
#1869 = FACE_BOUND('',#1870,.F.);
#1870 = EDGE_LOOP('',(#1871,#1872,#1873,#1882,#1890,#1899,#1907,#1915,
    #1923,#1932,#1940,#1947));
#1871 = ORIENTED_EDGE('',*,*,#717,.F.);
#1872 = ORIENTED_EDGE('',*,*,#732,.T.);
#1873 = ORIENTED_EDGE('',*,*,#1874,.T.);
#1874 = EDGE_CURVE('',#733,#1875,#1877,.T.);
#1875 = VERTEX_POINT('',#1876);
#1876 = CARTESIAN_POINT('',(7.410981775301,-13.607381,0.667364817767));
#1877 = CIRCLE('',#1878,0.1);
#1878 = AXIS2_PLACEMENT_3D('',#1879,#1880,#1881);
#1879 = CARTESIAN_POINT('',(7.312501,-13.607381,0.65));
#1880 = DIRECTION('',(-1.110223024625E-16,1.,0.));
#1881 = DIRECTION('',(0.,0.,1.));
#1882 = ORIENTED_EDGE('',*,*,#1883,.T.);
#1883 = EDGE_CURVE('',#1875,#1884,#1886,.T.);
#1884 = VERTEX_POINT('',#1885);
#1885 = CARTESIAN_POINT('',(7.48682985403,-13.607381,0.206587955583));
#1886 = LINE('',#1887,#1888);
#1887 = CARTESIAN_POINT('',(7.410981775301,-13.607381,0.667364817767));
#1888 = VECTOR('',#1889,1.);
#1889 = DIRECTION('',(0.162423314012,1.803261029519E-17,-0.986721169868)
  );
#1890 = ORIENTED_EDGE('',*,*,#1891,.T.);
#1891 = EDGE_CURVE('',#1884,#1892,#1894,.T.);
#1892 = VERTEX_POINT('',#1893);
#1893 = CARTESIAN_POINT('',(7.733031792283,-13.607381,0.));
#1894 = CIRCLE('',#1895,0.25);
#1895 = AXIS2_PLACEMENT_3D('',#1896,#1897,#1898);
#1896 = CARTESIAN_POINT('',(7.733031792283,-13.607381,0.25));
#1897 = DIRECTION('',(1.110223024625E-16,-1.,-6.255634725081E-34));
#1898 = DIRECTION('',(-0.984807753012,-1.093356242223E-16,
    -0.173648177667));
#1899 = ORIENTED_EDGE('',*,*,#1900,.T.);
#1900 = EDGE_CURVE('',#1892,#1901,#1903,.T.);
#1901 = VERTEX_POINT('',#1902);
#1902 = CARTESIAN_POINT('',(7.862501,-13.607381,0.));
#1903 = LINE('',#1904,#1905);
#1904 = CARTESIAN_POINT('',(7.733031792283,-13.607381,0.));
#1905 = VECTOR('',#1906,1.);
#1906 = DIRECTION('',(1.,1.110223024625E-16,0.));
#1907 = ORIENTED_EDGE('',*,*,#1908,.T.);
#1908 = EDGE_CURVE('',#1901,#1909,#1911,.T.);
#1909 = VERTEX_POINT('',#1910);
#1910 = CARTESIAN_POINT('',(7.862501,-13.607381,0.15));
#1911 = LINE('',#1912,#1913);
#1912 = CARTESIAN_POINT('',(7.862501,-13.607381,0.));
#1913 = VECTOR('',#1914,1.);
#1914 = DIRECTION('',(0.,0.,1.));
#1915 = ORIENTED_EDGE('',*,*,#1916,.T.);
#1916 = EDGE_CURVE('',#1909,#1917,#1919,.T.);
#1917 = VERTEX_POINT('',#1918);
#1918 = CARTESIAN_POINT('',(7.733031792283,-13.607381,0.15));
#1919 = LINE('',#1920,#1921);
#1920 = CARTESIAN_POINT('',(7.862501,-13.607381,0.15));
#1921 = VECTOR('',#1922,1.);
#1922 = DIRECTION('',(-1.,-1.110223024625E-16,0.));
#1923 = ORIENTED_EDGE('',*,*,#1924,.T.);
#1924 = EDGE_CURVE('',#1917,#1925,#1927,.T.);
#1925 = VERTEX_POINT('',#1926);
#1926 = CARTESIAN_POINT('',(7.634551016982,-13.607381,0.232635182233));
#1927 = CIRCLE('',#1928,0.1);
#1928 = AXIS2_PLACEMENT_3D('',#1929,#1930,#1931);
#1929 = CARTESIAN_POINT('',(7.733031792283,-13.607381,0.25));
#1930 = DIRECTION('',(-1.110223024625E-16,1.,-1.094764425744E-47));
#1931 = DIRECTION('',(2.22044604925E-15,2.465190328815E-31,-1.));
#1932 = ORIENTED_EDGE('',*,*,#1933,.T.);
#1933 = EDGE_CURVE('',#1925,#1934,#1936,.T.);
#1934 = VERTEX_POINT('',#1935);
#1935 = CARTESIAN_POINT('',(7.558702938253,-13.607381,0.693412044417));
#1936 = LINE('',#1937,#1938);
#1937 = CARTESIAN_POINT('',(7.634551016982,-13.607381,0.232635182233));
#1938 = VECTOR('',#1939,1.);
#1939 = DIRECTION('',(-0.162423314012,-1.803261029519E-17,0.986721169868
    ));
#1940 = ORIENTED_EDGE('',*,*,#1941,.T.);
#1941 = EDGE_CURVE('',#1934,#1158,#1942,.T.);
#1942 = CIRCLE('',#1943,0.25);
#1943 = AXIS2_PLACEMENT_3D('',#1944,#1945,#1946);
#1944 = CARTESIAN_POINT('',(7.312501,-13.607381,0.65));
#1945 = DIRECTION('',(1.110223024625E-16,-1.,-6.255634725081E-34));
#1946 = DIRECTION('',(0.984807753012,1.093356242223E-16,0.173648177667)
  );
#1947 = ORIENTED_EDGE('',*,*,#1157,.T.);
#1948 = PLANE('',#1949);
#1949 = AXIS2_PLACEMENT_3D('',#1950,#1951,#1952);
#1950 = CARTESIAN_POINT('',(7.531624385139,-13.607381,0.441695635315));
#1951 = DIRECTION('',(1.110223024625E-16,-1.,0.));
#1952 = DIRECTION('',(0.,0.,1.));
#1953 = ADVANCED_FACE('',(#1954),#1973,.F.);
#1954 = FACE_BOUND('',#1955,.F.);
#1955 = EDGE_LOOP('',(#1956,#1957,#1966,#1972));
#1956 = ORIENTED_EDGE('',*,*,#749,.T.);
#1957 = ORIENTED_EDGE('',*,*,#1958,.T.);
#1958 = EDGE_CURVE('',#742,#1959,#1961,.T.);
#1959 = VERTEX_POINT('',#1960);
#1960 = CARTESIAN_POINT('',(7.410981775301,-14.107381,0.667364817767));
#1961 = CIRCLE('',#1962,0.1);
#1962 = AXIS2_PLACEMENT_3D('',#1963,#1964,#1965);
#1963 = CARTESIAN_POINT('',(7.312501,-14.107381,0.65));
#1964 = DIRECTION('',(-1.110223024625E-16,1.,0.));
#1965 = DIRECTION('',(0.,0.,1.));
#1966 = ORIENTED_EDGE('',*,*,#1967,.F.);
#1967 = EDGE_CURVE('',#1875,#1959,#1968,.T.);
#1968 = LINE('',#1969,#1970);
#1969 = CARTESIAN_POINT('',(7.410981775301,-13.607381,0.667364817767));
#1970 = VECTOR('',#1971,1.);
#1971 = DIRECTION('',(1.110223024625E-16,-1.,0.));
#1972 = ORIENTED_EDGE('',*,*,#1874,.F.);
#1973 = CYLINDRICAL_SURFACE('',#1974,0.1);
#1974 = AXIS2_PLACEMENT_3D('',#1975,#1976,#1977);
#1975 = CARTESIAN_POINT('',(7.312501,-13.607381,0.65));
#1976 = DIRECTION('',(-1.110223024625E-16,1.,0.));
#1977 = DIRECTION('',(0.,0.,1.));
#1978 = ADVANCED_FACE('',(#1979),#2050,.T.);
#1979 = FACE_BOUND('',#1980,.T.);
#1980 = EDGE_LOOP('',(#1981,#1982,#1983,#1984,#1992,#2001,#2009,#2017,
    #2025,#2034,#2042,#2049));
#1981 = ORIENTED_EDGE('',*,*,#763,.F.);
#1982 = ORIENTED_EDGE('',*,*,#741,.T.);
#1983 = ORIENTED_EDGE('',*,*,#1958,.T.);
#1984 = ORIENTED_EDGE('',*,*,#1985,.T.);
#1985 = EDGE_CURVE('',#1959,#1986,#1988,.T.);
#1986 = VERTEX_POINT('',#1987);
#1987 = CARTESIAN_POINT('',(7.48682985403,-14.107381,0.206587955583));
#1988 = LINE('',#1989,#1990);
#1989 = CARTESIAN_POINT('',(7.410981775301,-14.107381,0.667364817767));
#1990 = VECTOR('',#1991,1.);
#1991 = DIRECTION('',(0.162423314012,1.803261029519E-17,-0.986721169868)
  );
#1992 = ORIENTED_EDGE('',*,*,#1993,.T.);
#1993 = EDGE_CURVE('',#1986,#1994,#1996,.T.);
#1994 = VERTEX_POINT('',#1995);
#1995 = CARTESIAN_POINT('',(7.733031792283,-14.107381,0.));
#1996 = CIRCLE('',#1997,0.25);
#1997 = AXIS2_PLACEMENT_3D('',#1998,#1999,#2000);
#1998 = CARTESIAN_POINT('',(7.733031792283,-14.107381,0.25));
#1999 = DIRECTION('',(1.110223024625E-16,-1.,-6.255634725081E-34));
#2000 = DIRECTION('',(-0.984807753012,-1.093356242223E-16,
    -0.173648177667));
#2001 = ORIENTED_EDGE('',*,*,#2002,.T.);
#2002 = EDGE_CURVE('',#1994,#2003,#2005,.T.);
#2003 = VERTEX_POINT('',#2004);
#2004 = CARTESIAN_POINT('',(7.862501,-14.107381,0.));
#2005 = LINE('',#2006,#2007);
#2006 = CARTESIAN_POINT('',(7.733031792283,-14.107381,0.));
#2007 = VECTOR('',#2008,1.);
#2008 = DIRECTION('',(1.,1.110223024625E-16,0.));
#2009 = ORIENTED_EDGE('',*,*,#2010,.T.);
#2010 = EDGE_CURVE('',#2003,#2011,#2013,.T.);
#2011 = VERTEX_POINT('',#2012);
#2012 = CARTESIAN_POINT('',(7.862501,-14.107381,0.15));
#2013 = LINE('',#2014,#2015);
#2014 = CARTESIAN_POINT('',(7.862501,-14.107381,0.));
#2015 = VECTOR('',#2016,1.);
#2016 = DIRECTION('',(0.,0.,1.));
#2017 = ORIENTED_EDGE('',*,*,#2018,.T.);
#2018 = EDGE_CURVE('',#2011,#2019,#2021,.T.);
#2019 = VERTEX_POINT('',#2020);
#2020 = CARTESIAN_POINT('',(7.733031792283,-14.107381,0.15));
#2021 = LINE('',#2022,#2023);
#2022 = CARTESIAN_POINT('',(7.862501,-14.107381,0.15));
#2023 = VECTOR('',#2024,1.);
#2024 = DIRECTION('',(-1.,-1.110223024625E-16,0.));
#2025 = ORIENTED_EDGE('',*,*,#2026,.T.);
#2026 = EDGE_CURVE('',#2019,#2027,#2029,.T.);
#2027 = VERTEX_POINT('',#2028);
#2028 = CARTESIAN_POINT('',(7.634551016982,-14.107381,0.232635182233));
#2029 = CIRCLE('',#2030,0.1);
#2030 = AXIS2_PLACEMENT_3D('',#2031,#2032,#2033);
#2031 = CARTESIAN_POINT('',(7.733031792283,-14.107381,0.25));
#2032 = DIRECTION('',(-1.110223024625E-16,1.,-1.094764425744E-47));
#2033 = DIRECTION('',(2.22044604925E-15,2.465190328815E-31,-1.));
#2034 = ORIENTED_EDGE('',*,*,#2035,.T.);
#2035 = EDGE_CURVE('',#2027,#2036,#2038,.T.);
#2036 = VERTEX_POINT('',#2037);
#2037 = CARTESIAN_POINT('',(7.558702938253,-14.107381,0.693412044417));
#2038 = LINE('',#2039,#2040);
#2039 = CARTESIAN_POINT('',(7.634551016982,-14.107381,0.232635182233));
#2040 = VECTOR('',#2041,1.);
#2041 = DIRECTION('',(-0.162423314012,-1.803261029519E-17,0.986721169868
    ));
#2042 = ORIENTED_EDGE('',*,*,#2043,.T.);
#2043 = EDGE_CURVE('',#2036,#1166,#2044,.T.);
#2044 = CIRCLE('',#2045,0.25);
#2045 = AXIS2_PLACEMENT_3D('',#2046,#2047,#2048);
#2046 = CARTESIAN_POINT('',(7.312501,-14.107381,0.65));
#2047 = DIRECTION('',(1.110223024625E-16,-1.,-6.255634725081E-34));
#2048 = DIRECTION('',(0.984807753012,1.093356242223E-16,0.173648177667)
  );
#2049 = ORIENTED_EDGE('',*,*,#1173,.T.);
#2050 = PLANE('',#2051);
#2051 = AXIS2_PLACEMENT_3D('',#2052,#2053,#2054);
#2052 = CARTESIAN_POINT('',(7.531624385139,-14.107381,0.441695635315));
#2053 = DIRECTION('',(1.110223024625E-16,-1.,0.));
#2054 = DIRECTION('',(0.,0.,1.));
#2055 = ADVANCED_FACE('',(#2056),#2067,.F.);
#2056 = FACE_BOUND('',#2057,.F.);
#2057 = EDGE_LOOP('',(#2058,#2059,#2060,#2066));
#2058 = ORIENTED_EDGE('',*,*,#1179,.F.);
#2059 = ORIENTED_EDGE('',*,*,#780,.T.);
#2060 = ORIENTED_EDGE('',*,*,#2061,.T.);
#2061 = EDGE_CURVE('',#773,#1112,#2062,.T.);
#2062 = LINE('',#2063,#2064);
#2063 = CARTESIAN_POINT('',(7.312501,-15.507381,0.9));
#2064 = VECTOR('',#2065,1.);
#2065 = DIRECTION('',(-1.,-1.110223024625E-16,0.));
#2066 = ORIENTED_EDGE('',*,*,#1111,.F.);
#2067 = PLANE('',#2068);
#2068 = AXIS2_PLACEMENT_3D('',#2069,#2070,#2071);
#2069 = CARTESIAN_POINT('',(6.462501,-13.369881,0.9));
#2070 = DIRECTION('',(4.595758349624E-18,6.551522493592E-27,-1.));
#2071 = DIRECTION('',(1.,1.51922136901E-16,4.595758349624E-18));
#2072 = ADVANCED_FACE('',(#2073),#2159,.F.);
#2073 = FACE_BOUND('',#2074,.F.);
#2074 = EDGE_LOOP('',(#2075,#2076,#2077,#2086,#2094,#2103,#2111,#2119,
    #2127,#2136,#2144,#2153));
#2075 = ORIENTED_EDGE('',*,*,#772,.F.);
#2076 = ORIENTED_EDGE('',*,*,#794,.T.);
#2077 = ORIENTED_EDGE('',*,*,#2078,.T.);
#2078 = EDGE_CURVE('',#795,#2079,#2081,.T.);
#2079 = VERTEX_POINT('',#2080);
#2080 = CARTESIAN_POINT('',(7.410981775301,-15.507381,0.667364817767));
#2081 = CIRCLE('',#2082,0.1);
#2082 = AXIS2_PLACEMENT_3D('',#2083,#2084,#2085);
#2083 = CARTESIAN_POINT('',(7.312501,-15.507381,0.65));
#2084 = DIRECTION('',(-1.110223024625E-16,1.,0.));
#2085 = DIRECTION('',(0.,0.,1.));
#2086 = ORIENTED_EDGE('',*,*,#2087,.T.);
#2087 = EDGE_CURVE('',#2079,#2088,#2090,.T.);
#2088 = VERTEX_POINT('',#2089);
#2089 = CARTESIAN_POINT('',(7.48682985403,-15.507381,0.206587955583));
#2090 = LINE('',#2091,#2092);
#2091 = CARTESIAN_POINT('',(7.410981775301,-15.507381,0.667364817767));
#2092 = VECTOR('',#2093,1.);
#2093 = DIRECTION('',(0.162423314012,1.803261029519E-17,-0.986721169868)
  );
#2094 = ORIENTED_EDGE('',*,*,#2095,.T.);
#2095 = EDGE_CURVE('',#2088,#2096,#2098,.T.);
#2096 = VERTEX_POINT('',#2097);
#2097 = CARTESIAN_POINT('',(7.733031792283,-15.507381,0.));
#2098 = CIRCLE('',#2099,0.25);
#2099 = AXIS2_PLACEMENT_3D('',#2100,#2101,#2102);
#2100 = CARTESIAN_POINT('',(7.733031792283,-15.507381,0.25));
#2101 = DIRECTION('',(1.110223024625E-16,-1.,-6.255634725081E-34));
#2102 = DIRECTION('',(-0.984807753012,-1.093356242223E-16,
    -0.173648177667));
#2103 = ORIENTED_EDGE('',*,*,#2104,.T.);
#2104 = EDGE_CURVE('',#2096,#2105,#2107,.T.);
#2105 = VERTEX_POINT('',#2106);
#2106 = CARTESIAN_POINT('',(7.862501,-15.507381,0.));
#2107 = LINE('',#2108,#2109);
#2108 = CARTESIAN_POINT('',(7.733031792283,-15.507381,0.));
#2109 = VECTOR('',#2110,1.);
#2110 = DIRECTION('',(1.,1.110223024625E-16,0.));
#2111 = ORIENTED_EDGE('',*,*,#2112,.T.);
#2112 = EDGE_CURVE('',#2105,#2113,#2115,.T.);
#2113 = VERTEX_POINT('',#2114);
#2114 = CARTESIAN_POINT('',(7.862501,-15.507381,0.15));
#2115 = LINE('',#2116,#2117);
#2116 = CARTESIAN_POINT('',(7.862501,-15.507381,0.));
#2117 = VECTOR('',#2118,1.);
#2118 = DIRECTION('',(0.,0.,1.));
#2119 = ORIENTED_EDGE('',*,*,#2120,.T.);
#2120 = EDGE_CURVE('',#2113,#2121,#2123,.T.);
#2121 = VERTEX_POINT('',#2122);
#2122 = CARTESIAN_POINT('',(7.733031792283,-15.507381,0.15));
#2123 = LINE('',#2124,#2125);
#2124 = CARTESIAN_POINT('',(7.862501,-15.507381,0.15));
#2125 = VECTOR('',#2126,1.);
#2126 = DIRECTION('',(-1.,-1.110223024625E-16,0.));
#2127 = ORIENTED_EDGE('',*,*,#2128,.T.);
#2128 = EDGE_CURVE('',#2121,#2129,#2131,.T.);
#2129 = VERTEX_POINT('',#2130);
#2130 = CARTESIAN_POINT('',(7.634551016982,-15.507381,0.232635182233));
#2131 = CIRCLE('',#2132,0.1);
#2132 = AXIS2_PLACEMENT_3D('',#2133,#2134,#2135);
#2133 = CARTESIAN_POINT('',(7.733031792283,-15.507381,0.25));
#2134 = DIRECTION('',(-1.110223024625E-16,1.,-1.094764425744E-47));
#2135 = DIRECTION('',(2.22044604925E-15,2.465190328815E-31,-1.));
#2136 = ORIENTED_EDGE('',*,*,#2137,.T.);
#2137 = EDGE_CURVE('',#2129,#2138,#2140,.T.);
#2138 = VERTEX_POINT('',#2139);
#2139 = CARTESIAN_POINT('',(7.558702938253,-15.507381,0.693412044417));
#2140 = LINE('',#2141,#2142);
#2141 = CARTESIAN_POINT('',(7.634551016982,-15.507381,0.232635182233));
#2142 = VECTOR('',#2143,1.);
#2143 = DIRECTION('',(-0.162423314012,-1.803261029519E-17,0.986721169868
    ));
#2144 = ORIENTED_EDGE('',*,*,#2145,.T.);
#2145 = EDGE_CURVE('',#2138,#2146,#2148,.T.);
#2146 = VERTEX_POINT('',#2147);
#2147 = CARTESIAN_POINT('',(7.312501,-15.507381,0.9));
#2148 = CIRCLE('',#2149,0.25);
#2149 = AXIS2_PLACEMENT_3D('',#2150,#2151,#2152);
#2150 = CARTESIAN_POINT('',(7.312501,-15.507381,0.65));
#2151 = DIRECTION('',(1.110223024625E-16,-1.,-6.255634725081E-34));
#2152 = DIRECTION('',(0.984807753012,1.093356242223E-16,0.173648177667)
  );
#2153 = ORIENTED_EDGE('',*,*,#2154,.T.);
#2154 = EDGE_CURVE('',#2146,#773,#2155,.T.);
#2155 = LINE('',#2156,#2157);
#2156 = CARTESIAN_POINT('',(7.312501,-15.507381,0.9));
#2157 = VECTOR('',#2158,1.);
#2158 = DIRECTION('',(-1.,-1.110223024625E-16,0.));
#2159 = PLANE('',#2160);
#2160 = AXIS2_PLACEMENT_3D('',#2161,#2162,#2163);
#2161 = CARTESIAN_POINT('',(7.531624385139,-15.507381,0.441695635315));
#2162 = DIRECTION('',(1.110223024625E-16,-1.,0.));
#2163 = DIRECTION('',(0.,0.,1.));
#2164 = ADVANCED_FACE('',(#2165),#2184,.F.);
#2165 = FACE_BOUND('',#2166,.F.);
#2166 = EDGE_LOOP('',(#2167,#2168,#2177,#2183));
#2167 = ORIENTED_EDGE('',*,*,#811,.T.);
#2168 = ORIENTED_EDGE('',*,*,#2169,.T.);
#2169 = EDGE_CURVE('',#804,#2170,#2172,.T.);
#2170 = VERTEX_POINT('',#2171);
#2171 = CARTESIAN_POINT('',(7.410981775301,-16.007381,0.667364817767));
#2172 = CIRCLE('',#2173,0.1);
#2173 = AXIS2_PLACEMENT_3D('',#2174,#2175,#2176);
#2174 = CARTESIAN_POINT('',(7.312501,-16.007381,0.65));
#2175 = DIRECTION('',(-1.110223024625E-16,1.,0.));
#2176 = DIRECTION('',(0.,0.,1.));
#2177 = ORIENTED_EDGE('',*,*,#2178,.F.);
#2178 = EDGE_CURVE('',#2079,#2170,#2179,.T.);
#2179 = LINE('',#2180,#2181);
#2180 = CARTESIAN_POINT('',(7.410981775301,-15.507381,0.667364817767));
#2181 = VECTOR('',#2182,1.);
#2182 = DIRECTION('',(1.110223024625E-16,-1.,0.));
#2183 = ORIENTED_EDGE('',*,*,#2078,.F.);
#2184 = CYLINDRICAL_SURFACE('',#2185,0.1);
#2185 = AXIS2_PLACEMENT_3D('',#2186,#2187,#2188);
#2186 = CARTESIAN_POINT('',(7.312501,-15.507381,0.65));
#2187 = DIRECTION('',(-1.110223024625E-16,1.,0.));
#2188 = DIRECTION('',(0.,0.,1.));
#2189 = ADVANCED_FACE('',(#2190),#2268,.T.);
#2190 = FACE_BOUND('',#2191,.T.);
#2191 = EDGE_LOOP('',(#2192,#2193,#2194,#2195,#2203,#2212,#2220,#2228,
    #2236,#2245,#2253,#2262));
#2192 = ORIENTED_EDGE('',*,*,#825,.F.);
#2193 = ORIENTED_EDGE('',*,*,#803,.T.);
#2194 = ORIENTED_EDGE('',*,*,#2169,.T.);
#2195 = ORIENTED_EDGE('',*,*,#2196,.T.);
#2196 = EDGE_CURVE('',#2170,#2197,#2199,.T.);
#2197 = VERTEX_POINT('',#2198);
#2198 = CARTESIAN_POINT('',(7.48682985403,-16.007381,0.206587955583));
#2199 = LINE('',#2200,#2201);
#2200 = CARTESIAN_POINT('',(7.410981775301,-16.007381,0.667364817767));
#2201 = VECTOR('',#2202,1.);
#2202 = DIRECTION('',(0.162423314012,1.803261029519E-17,-0.986721169868)
  );
#2203 = ORIENTED_EDGE('',*,*,#2204,.T.);
#2204 = EDGE_CURVE('',#2197,#2205,#2207,.T.);
#2205 = VERTEX_POINT('',#2206);
#2206 = CARTESIAN_POINT('',(7.733031792283,-16.007381,0.));
#2207 = CIRCLE('',#2208,0.25);
#2208 = AXIS2_PLACEMENT_3D('',#2209,#2210,#2211);
#2209 = CARTESIAN_POINT('',(7.733031792283,-16.007381,0.25));
#2210 = DIRECTION('',(1.110223024625E-16,-1.,-6.255634725081E-34));
#2211 = DIRECTION('',(-0.984807753012,-1.093356242223E-16,
    -0.173648177667));
#2212 = ORIENTED_EDGE('',*,*,#2213,.T.);
#2213 = EDGE_CURVE('',#2205,#2214,#2216,.T.);
#2214 = VERTEX_POINT('',#2215);
#2215 = CARTESIAN_POINT('',(7.862501,-16.007381,0.));
#2216 = LINE('',#2217,#2218);
#2217 = CARTESIAN_POINT('',(7.733031792283,-16.007381,0.));
#2218 = VECTOR('',#2219,1.);
#2219 = DIRECTION('',(1.,1.110223024625E-16,0.));
#2220 = ORIENTED_EDGE('',*,*,#2221,.T.);
#2221 = EDGE_CURVE('',#2214,#2222,#2224,.T.);
#2222 = VERTEX_POINT('',#2223);
#2223 = CARTESIAN_POINT('',(7.862501,-16.007381,0.15));
#2224 = LINE('',#2225,#2226);
#2225 = CARTESIAN_POINT('',(7.862501,-16.007381,0.));
#2226 = VECTOR('',#2227,1.);
#2227 = DIRECTION('',(0.,0.,1.));
#2228 = ORIENTED_EDGE('',*,*,#2229,.T.);
#2229 = EDGE_CURVE('',#2222,#2230,#2232,.T.);
#2230 = VERTEX_POINT('',#2231);
#2231 = CARTESIAN_POINT('',(7.733031792283,-16.007381,0.15));
#2232 = LINE('',#2233,#2234);
#2233 = CARTESIAN_POINT('',(7.862501,-16.007381,0.15));
#2234 = VECTOR('',#2235,1.);
#2235 = DIRECTION('',(-1.,-1.110223024625E-16,0.));
#2236 = ORIENTED_EDGE('',*,*,#2237,.T.);
#2237 = EDGE_CURVE('',#2230,#2238,#2240,.T.);
#2238 = VERTEX_POINT('',#2239);
#2239 = CARTESIAN_POINT('',(7.634551016982,-16.007381,0.232635182233));
#2240 = CIRCLE('',#2241,0.1);
#2241 = AXIS2_PLACEMENT_3D('',#2242,#2243,#2244);
#2242 = CARTESIAN_POINT('',(7.733031792283,-16.007381,0.25));
#2243 = DIRECTION('',(-1.110223024625E-16,1.,-1.094764425744E-47));
#2244 = DIRECTION('',(2.22044604925E-15,2.465190328815E-31,-1.));
#2245 = ORIENTED_EDGE('',*,*,#2246,.T.);
#2246 = EDGE_CURVE('',#2238,#2247,#2249,.T.);
#2247 = VERTEX_POINT('',#2248);
#2248 = CARTESIAN_POINT('',(7.558702938253,-16.007381,0.693412044417));
#2249 = LINE('',#2250,#2251);
#2250 = CARTESIAN_POINT('',(7.634551016982,-16.007381,0.232635182233));
#2251 = VECTOR('',#2252,1.);
#2252 = DIRECTION('',(-0.162423314012,-1.803261029519E-17,0.986721169868
    ));
#2253 = ORIENTED_EDGE('',*,*,#2254,.T.);
#2254 = EDGE_CURVE('',#2247,#2255,#2257,.T.);
#2255 = VERTEX_POINT('',#2256);
#2256 = CARTESIAN_POINT('',(7.312501,-16.007381,0.9));
#2257 = CIRCLE('',#2258,0.25);
#2258 = AXIS2_PLACEMENT_3D('',#2259,#2260,#2261);
#2259 = CARTESIAN_POINT('',(7.312501,-16.007381,0.65));
#2260 = DIRECTION('',(1.110223024625E-16,-1.,-6.255634725081E-34));
#2261 = DIRECTION('',(0.984807753012,1.093356242223E-16,0.173648177667)
  );
#2262 = ORIENTED_EDGE('',*,*,#2263,.T.);
#2263 = EDGE_CURVE('',#2255,#826,#2264,.T.);
#2264 = LINE('',#2265,#2266);
#2265 = CARTESIAN_POINT('',(7.312501,-16.007381,0.9));
#2266 = VECTOR('',#2267,1.);
#2267 = DIRECTION('',(-1.,-1.110223024625E-16,0.));
#2268 = PLANE('',#2269);
#2269 = AXIS2_PLACEMENT_3D('',#2270,#2271,#2272);
#2270 = CARTESIAN_POINT('',(7.531624385139,-16.007381,0.441695635315));
#2271 = DIRECTION('',(1.110223024625E-16,-1.,0.));
#2272 = DIRECTION('',(0.,0.,1.));
#2273 = ADVANCED_FACE('',(#2274),#2285,.T.);
#2274 = FACE_BOUND('',#2275,.T.);
#2275 = EDGE_LOOP('',(#2276,#2277,#2278,#2279));
#2276 = ORIENTED_EDGE('',*,*,#1754,.T.);
#2277 = ORIENTED_EDGE('',*,*,#926,.T.);
#2278 = ORIENTED_EDGE('',*,*,#1856,.F.);
#2279 = ORIENTED_EDGE('',*,*,#2280,.F.);
#2280 = EDGE_CURVE('',#1747,#1849,#2281,.T.);
#2281 = LINE('',#2282,#2283);
#2282 = CARTESIAN_POINT('',(5.366299061747,-14.107381,0.693412044417));
#2283 = VECTOR('',#2284,1.);
#2284 = DIRECTION('',(1.144237745222E-17,1.,0.));
#2285 = CYLINDRICAL_SURFACE('',#2286,0.25);
#2286 = AXIS2_PLACEMENT_3D('',#2287,#2288,#2289);
#2287 = CARTESIAN_POINT('',(5.612501,-14.107381,0.65));
#2288 = DIRECTION('',(-1.144237745222E-17,-1.,0.));
#2289 = DIRECTION('',(-0.984807753012,1.126854202784E-17,0.173648177667)
  );
#2290 = ADVANCED_FACE('',(#2291),#2304,.F.);
#2291 = FACE_BOUND('',#2292,.F.);
#2292 = EDGE_LOOP('',(#2293,#2294,#2300,#2301,#2302,#2303));
#2293 = ORIENTED_EDGE('',*,*,#1322,.F.);
#2294 = ORIENTED_EDGE('',*,*,#2295,.T.);
#2295 = EDGE_CURVE('',#1314,#1423,#2296,.T.);
#2296 = LINE('',#2297,#2298);
#2297 = CARTESIAN_POINT('',(5.612501,-16.007381,0.9));
#2298 = VECTOR('',#2299,1.);
#2299 = DIRECTION('',(1.144237745222E-17,1.,0.));
#2300 = ORIENTED_EDGE('',*,*,#1431,.T.);
#2301 = ORIENTED_EDGE('',*,*,#1453,.T.);
#2302 = ORIENTED_EDGE('',*,*,#973,.F.);
#2303 = ORIENTED_EDGE('',*,*,#1206,.F.);
#2304 = PLANE('',#2305);
#2305 = AXIS2_PLACEMENT_3D('',#2306,#2307,#2308);
#2306 = CARTESIAN_POINT('',(5.612501,-16.007381,0.9));
#2307 = DIRECTION('',(0.,0.,-1.));
#2308 = DIRECTION('',(1.,-1.144237745222E-17,0.));
#2309 = ADVANCED_FACE('',(#2310),#2323,.F.);
#2310 = FACE_BOUND('',#2311,.F.);
#2311 = EDGE_LOOP('',(#2312,#2313,#2319,#2320,#2321,#2322));
#2312 = ORIENTED_EDGE('',*,*,#1545,.F.);
#2313 = ORIENTED_EDGE('',*,*,#2314,.T.);
#2314 = EDGE_CURVE('',#1537,#1646,#2315,.T.);
#2315 = LINE('',#2316,#2317);
#2316 = CARTESIAN_POINT('',(5.612501,-15.057381,0.9));
#2317 = VECTOR('',#2318,1.);
#2318 = DIRECTION('',(1.144237745222E-17,1.,0.));
#2319 = ORIENTED_EDGE('',*,*,#1654,.T.);
#2320 = ORIENTED_EDGE('',*,*,#1671,.T.);
#2321 = ORIENTED_EDGE('',*,*,#989,.F.);
#2322 = ORIENTED_EDGE('',*,*,#1446,.F.);
#2323 = PLANE('',#2324);
#2324 = AXIS2_PLACEMENT_3D('',#2325,#2326,#2327);
#2325 = CARTESIAN_POINT('',(5.612501,-15.057381,0.9));
#2326 = DIRECTION('',(0.,0.,-1.));
#2327 = DIRECTION('',(1.,-1.144237745222E-17,0.));
#2328 = ADVANCED_FACE('',(#2329,#2358),#2369,.T.);
#2329 = FACE_BOUND('',#2330,.T.);
#2330 = EDGE_LOOP('',(#2331,#2332,#2333,#2334,#2342,#2350,#2356,#2357));
#2331 = ORIENTED_EDGE('',*,*,#1064,.F.);
#2332 = ORIENTED_EDGE('',*,*,#1041,.F.);
#2333 = ORIENTED_EDGE('',*,*,#1012,.F.);
#2334 = ORIENTED_EDGE('',*,*,#2335,.F.);
#2335 = EDGE_CURVE('',#2336,#1013,#2338,.T.);
#2336 = VERTEX_POINT('',#2337);
#2337 = CARTESIAN_POINT('',(5.815676771278,-16.14102945744,1.55));
#2338 = LINE('',#2339,#2340);
#2339 = CARTESIAN_POINT('',(5.815676771278,-16.14102945744,1.55));
#2340 = VECTOR('',#2341,1.);
#2341 = DIRECTION('',(-0.707106781187,0.707106781187,0.));
#2342 = ORIENTED_EDGE('',*,*,#2343,.F.);
#2343 = EDGE_CURVE('',#2344,#2336,#2346,.T.);
#2344 = VERTEX_POINT('',#2345);
#2345 = CARTESIAN_POINT('',(7.109325228722,-16.14102945744,1.55));
#2346 = LINE('',#2347,#2348);
#2347 = CARTESIAN_POINT('',(7.109325228722,-16.14102945744,1.55));
#2348 = VECTOR('',#2349,1.);
#2349 = DIRECTION('',(-1.,-1.110223024625E-16,0.));
#2350 = ORIENTED_EDGE('',*,*,#2351,.F.);
#2351 = EDGE_CURVE('',#1136,#2344,#2352,.T.);
#2352 = LINE('',#2353,#2354);
#2353 = CARTESIAN_POINT('',(7.146149457443,-16.10420522872,1.55));
#2354 = VECTOR('',#2355,1.);
#2355 = DIRECTION('',(-0.707106781187,-0.707106781187,0.));
#2356 = ORIENTED_EDGE('',*,*,#1142,.F.);
#2357 = ORIENTED_EDGE('',*,*,#1087,.F.);
#2358 = FACE_BOUND('',#2359,.T.);
#2359 = EDGE_LOOP('',(#2360));
#2360 = ORIENTED_EDGE('',*,*,#2361,.T.);
#2361 = EDGE_CURVE('',#2362,#2362,#2364,.T.);
#2362 = VERTEX_POINT('',#2363);
#2363 = CARTESIAN_POINT('',(5.978852542557,-13.72373254255,1.55));
#2364 = CIRCLE('',#2365,5.E-02);
#2365 = AXIS2_PLACEMENT_3D('',#2366,#2367,#2368);
#2366 = CARTESIAN_POINT('',(5.978852542557,-13.67373254255,1.55));
#2367 = DIRECTION('',(0.,-0.,-1.));
#2368 = DIRECTION('',(1.110223024625E-16,-1.,0.));
#2369 = PLANE('',#2370);
#2370 = AXIS2_PLACEMENT_3D('',#2371,#2372,#2373);
#2371 = CARTESIAN_POINT('',(5.815676771278,-13.47373254255,1.55));
#2372 = DIRECTION('',(0.,0.,1.));
#2373 = DIRECTION('',(0.436386464522,-0.899759330922,0.));
#2374 = ADVANCED_FACE('',(#2375),#2385,.F.);
#2375 = FACE_BOUND('',#2376,.F.);
#2376 = EDGE_LOOP('',(#2377,#2378,#2379,#2380));
#2377 = ORIENTED_EDGE('',*,*,#1213,.T.);
#2378 = ORIENTED_EDGE('',*,*,#1020,.T.);
#2379 = ORIENTED_EDGE('',*,*,#2335,.F.);
#2380 = ORIENTED_EDGE('',*,*,#2381,.F.);
#2381 = EDGE_CURVE('',#1214,#2336,#2382,.T.);
#2382 = B_SPLINE_CURVE_WITH_KNOTS('',1,(#2383,#2384),.UNSPECIFIED.,.F.,
  .F.,(2,2),(0.,1.),.PIECEWISE_BEZIER_KNOTS.);
#2383 = CARTESIAN_POINT('',(5.770001,-16.232381,0.9));
#2384 = CARTESIAN_POINT('',(5.815676771278,-16.14102945744,1.55));
#2385 = B_SPLINE_SURFACE_WITH_KNOTS('',1,1,(
    (#2386,#2387)
    ,(#2388,#2389
    )),.UNSPECIFIED.,.F.,.F.,.F.,(2,2),(2,2),(0.,0.116672618896),(0.,1.)
  ,.PIECEWISE_BEZIER_KNOTS.);
#2386 = CARTESIAN_POINT('',(5.770001,-16.232381,0.9));
#2387 = CARTESIAN_POINT('',(5.815676771278,-16.14102945744,1.55));
#2388 = CARTESIAN_POINT('',(5.687501,-16.149881,0.9));
#2389 = CARTESIAN_POINT('',(5.778852542557,-16.10420522872,1.55));
#2390 = ADVANCED_FACE('',(#2391),#2404,.F.);
#2391 = FACE_BOUND('',#2392,.F.);
#2392 = EDGE_LOOP('',(#2393,#2394,#2400,#2401,#2402,#2403));
#2393 = ORIENTED_EDGE('',*,*,#2154,.F.);
#2394 = ORIENTED_EDGE('',*,*,#2395,.T.);
#2395 = EDGE_CURVE('',#2146,#2255,#2396,.T.);
#2396 = LINE('',#2397,#2398);
#2397 = CARTESIAN_POINT('',(7.312501,-15.507381,0.9));
#2398 = VECTOR('',#2399,1.);
#2399 = DIRECTION('',(1.110223024625E-16,-1.,0.));
#2400 = ORIENTED_EDGE('',*,*,#2263,.T.);
#2401 = ORIENTED_EDGE('',*,*,#1195,.T.);
#2402 = ORIENTED_EDGE('',*,*,#1119,.F.);
#2403 = ORIENTED_EDGE('',*,*,#2061,.F.);
#2404 = PLANE('',#2405);
#2405 = AXIS2_PLACEMENT_3D('',#2406,#2407,#2408);
#2406 = CARTESIAN_POINT('',(7.312501,-15.507381,0.9));
#2407 = DIRECTION('',(0.,0.,-1.));
#2408 = DIRECTION('',(-1.,-1.110223024625E-16,-0.));
#2409 = ADVANCED_FACE('',(#2410),#2420,.F.);
#2410 = FACE_BOUND('',#2411,.F.);
#2411 = EDGE_LOOP('',(#2412,#2413,#2418,#2419));
#2412 = ORIENTED_EDGE('',*,*,#1229,.T.);
#2413 = ORIENTED_EDGE('',*,*,#2414,.T.);
#2414 = EDGE_CURVE('',#1222,#2344,#2415,.T.);
#2415 = B_SPLINE_CURVE_WITH_KNOTS('',1,(#2416,#2417),.UNSPECIFIED.,.F.,
  .F.,(2,2),(0.,1.),.PIECEWISE_BEZIER_KNOTS.);
#2416 = CARTESIAN_POINT('',(7.155001,-16.232381,0.9));
#2417 = CARTESIAN_POINT('',(7.109325228722,-16.14102945744,1.55));
#2418 = ORIENTED_EDGE('',*,*,#2351,.F.);
#2419 = ORIENTED_EDGE('',*,*,#1135,.F.);
#2420 = B_SPLINE_SURFACE_WITH_KNOTS('',1,1,(
    (#2421,#2422)
    ,(#2423,#2424
    )),.UNSPECIFIED.,.F.,.F.,.F.,(2,2),(2,2),(0.,0.116672618896),(0.,1.)
  ,.PIECEWISE_BEZIER_KNOTS.);
#2421 = CARTESIAN_POINT('',(7.237501,-16.149881,0.9));
#2422 = CARTESIAN_POINT('',(7.146149457443,-16.10420522872,1.55));
#2423 = CARTESIAN_POINT('',(7.155001,-16.232381,0.9));
#2424 = CARTESIAN_POINT('',(7.109325228722,-16.14102945744,1.55));
#2425 = ADVANCED_FACE('',(#2426),#2437,.T.);
#2426 = FACE_BOUND('',#2427,.T.);
#2427 = EDGE_LOOP('',(#2428,#2429,#2430,#2431));
#2428 = ORIENTED_EDGE('',*,*,#1941,.T.);
#2429 = ORIENTED_EDGE('',*,*,#1165,.T.);
#2430 = ORIENTED_EDGE('',*,*,#2043,.F.);
#2431 = ORIENTED_EDGE('',*,*,#2432,.F.);
#2432 = EDGE_CURVE('',#1934,#2036,#2433,.T.);
#2433 = LINE('',#2434,#2435);
#2434 = CARTESIAN_POINT('',(7.558702938253,-13.607381,0.693412044417));
#2435 = VECTOR('',#2436,1.);
#2436 = DIRECTION('',(1.110223024625E-16,-1.,0.));
#2437 = CYLINDRICAL_SURFACE('',#2438,0.25);
#2438 = AXIS2_PLACEMENT_3D('',#2439,#2440,#2441);
#2439 = CARTESIAN_POINT('',(7.312501,-13.607381,0.65));
#2440 = DIRECTION('',(-1.110223024625E-16,1.,0.));
#2441 = DIRECTION('',(0.984807753012,1.093356242223E-16,0.173648177667)
  );
#2442 = ADVANCED_FACE('',(#2443),#2449,.F.);
#2443 = FACE_BOUND('',#2444,.F.);
#2444 = EDGE_LOOP('',(#2445,#2446,#2447,#2448));
#2445 = ORIENTED_EDGE('',*,*,#1221,.T.);
#2446 = ORIENTED_EDGE('',*,*,#2381,.T.);
#2447 = ORIENTED_EDGE('',*,*,#2343,.F.);
#2448 = ORIENTED_EDGE('',*,*,#2414,.F.);
#2449 = B_SPLINE_SURFACE_WITH_KNOTS('',1,1,(
    (#2450,#2451)
    ,(#2452,#2453
    )),.UNSPECIFIED.,.F.,.F.,.F.,(2,2),(2,2),(0.,1.385),(0.,1.),
  .PIECEWISE_BEZIER_KNOTS.);
#2450 = CARTESIAN_POINT('',(7.155001,-16.232381,0.9));
#2451 = CARTESIAN_POINT('',(7.109325228722,-16.14102945744,1.55));
#2452 = CARTESIAN_POINT('',(5.770001,-16.232381,0.9));
#2453 = CARTESIAN_POINT('',(5.815676771278,-16.14102945744,1.55));
#2454 = ADVANCED_FACE('',(#2455),#2466,.T.);
#2455 = FACE_BOUND('',#2456,.T.);
#2456 = EDGE_LOOP('',(#2457,#2458,#2459,#2460));
#2457 = ORIENTED_EDGE('',*,*,#1313,.T.);
#2458 = ORIENTED_EDGE('',*,*,#2295,.T.);
#2459 = ORIENTED_EDGE('',*,*,#1422,.F.);
#2460 = ORIENTED_EDGE('',*,*,#2461,.F.);
#2461 = EDGE_CURVE('',#1306,#1415,#2462,.T.);
#2462 = LINE('',#2463,#2464);
#2463 = CARTESIAN_POINT('',(5.366299061747,-16.007381,0.693412044417));
#2464 = VECTOR('',#2465,1.);
#2465 = DIRECTION('',(1.144237745222E-17,1.,0.));
#2466 = CYLINDRICAL_SURFACE('',#2467,0.25);
#2467 = AXIS2_PLACEMENT_3D('',#2468,#2469,#2470);
#2468 = CARTESIAN_POINT('',(5.612501,-16.007381,0.65));
#2469 = DIRECTION('',(-1.144237745222E-17,-1.,0.));
#2470 = DIRECTION('',(-0.984807753012,1.126854202784E-17,0.173648177667)
  );
#2471 = ADVANCED_FACE('',(#2472),#2483,.F.);
#2472 = FACE_BOUND('',#2473,.F.);
#2473 = EDGE_LOOP('',(#2474,#2480,#2481,#2482));
#2474 = ORIENTED_EDGE('',*,*,#2475,.T.);
#2475 = EDGE_CURVE('',#1297,#1406,#2476,.T.);
#2476 = LINE('',#2477,#2478);
#2477 = CARTESIAN_POINT('',(5.290450983018,-16.007381,0.232635182233));
#2478 = VECTOR('',#2479,1.);
#2479 = DIRECTION('',(1.144237745222E-17,1.,0.));
#2480 = ORIENTED_EDGE('',*,*,#1414,.T.);
#2481 = ORIENTED_EDGE('',*,*,#2461,.F.);
#2482 = ORIENTED_EDGE('',*,*,#1305,.F.);
#2483 = PLANE('',#2484);
#2484 = AXIS2_PLACEMENT_3D('',#2485,#2486,#2487);
#2485 = CARTESIAN_POINT('',(5.290450983018,-16.007381,0.232635182233));
#2486 = DIRECTION('',(0.986721169868,-1.129043606572E-17,-0.162423314012
    ));
#2487 = DIRECTION('',(0.162423314012,-1.858508865964E-18,0.986721169868)
  );
#2488 = ADVANCED_FACE('',(#2489),#2500,.F.);
#2489 = FACE_BOUND('',#2490,.F.);
#2490 = EDGE_LOOP('',(#2491,#2497,#2498,#2499));
#2491 = ORIENTED_EDGE('',*,*,#2492,.T.);
#2492 = EDGE_CURVE('',#1289,#1398,#2493,.T.);
#2493 = LINE('',#2494,#2495);
#2494 = CARTESIAN_POINT('',(5.191970207717,-16.007381,0.15));
#2495 = VECTOR('',#2496,1.);
#2496 = DIRECTION('',(1.144237745222E-17,1.,0.));
#2497 = ORIENTED_EDGE('',*,*,#1405,.T.);
#2498 = ORIENTED_EDGE('',*,*,#2475,.F.);
#2499 = ORIENTED_EDGE('',*,*,#1296,.F.);
#2500 = CYLINDRICAL_SURFACE('',#2501,0.1);
#2501 = AXIS2_PLACEMENT_3D('',#2502,#2503,#2504);
#2502 = CARTESIAN_POINT('',(5.191970207717,-16.007381,0.25));
#2503 = DIRECTION('',(-1.144237745222E-17,-1.,0.));
#2504 = DIRECTION('',(-2.22044604925E-15,2.540718180781E-32,-1.));
#2505 = ADVANCED_FACE('',(#2506),#2517,.F.);
#2506 = FACE_BOUND('',#2507,.F.);
#2507 = EDGE_LOOP('',(#2508,#2514,#2515,#2516));
#2508 = ORIENTED_EDGE('',*,*,#2509,.T.);
#2509 = EDGE_CURVE('',#1281,#1390,#2510,.T.);
#2510 = LINE('',#2511,#2512);
#2511 = CARTESIAN_POINT('',(5.062501,-16.007381,0.15));
#2512 = VECTOR('',#2513,1.);
#2513 = DIRECTION('',(1.144237745222E-17,1.,0.));
#2514 = ORIENTED_EDGE('',*,*,#1397,.T.);
#2515 = ORIENTED_EDGE('',*,*,#2492,.F.);
#2516 = ORIENTED_EDGE('',*,*,#1288,.F.);
#2517 = PLANE('',#2518);
#2518 = AXIS2_PLACEMENT_3D('',#2519,#2520,#2521);
#2519 = CARTESIAN_POINT('',(5.062501,-16.007381,0.15));
#2520 = DIRECTION('',(0.,0.,-1.));
#2521 = DIRECTION('',(1.,-1.144237745222E-17,0.));
#2522 = ADVANCED_FACE('',(#2523),#2534,.F.);
#2523 = FACE_BOUND('',#2524,.F.);
#2524 = EDGE_LOOP('',(#2525,#2531,#2532,#2533));
#2525 = ORIENTED_EDGE('',*,*,#2526,.T.);
#2526 = EDGE_CURVE('',#1273,#1382,#2527,.T.);
#2527 = LINE('',#2528,#2529);
#2528 = CARTESIAN_POINT('',(5.062501,-16.007381,0.));
#2529 = VECTOR('',#2530,1.);
#2530 = DIRECTION('',(1.144237745222E-17,1.,0.));
#2531 = ORIENTED_EDGE('',*,*,#1389,.T.);
#2532 = ORIENTED_EDGE('',*,*,#2509,.F.);
#2533 = ORIENTED_EDGE('',*,*,#1280,.F.);
#2534 = PLANE('',#2535);
#2535 = AXIS2_PLACEMENT_3D('',#2536,#2537,#2538);
#2536 = CARTESIAN_POINT('',(5.062501,-16.007381,0.));
#2537 = DIRECTION('',(1.,-1.144237745222E-17,0.));
#2538 = DIRECTION('',(0.,0.,1.));
#2539 = ADVANCED_FACE('',(#2540),#2551,.F.);
#2540 = FACE_BOUND('',#2541,.F.);
#2541 = EDGE_LOOP('',(#2542,#2548,#2549,#2550));
#2542 = ORIENTED_EDGE('',*,*,#2543,.T.);
#2543 = EDGE_CURVE('',#1264,#1373,#2544,.T.);
#2544 = LINE('',#2545,#2546);
#2545 = CARTESIAN_POINT('',(5.191970207717,-16.007381,0.));
#2546 = VECTOR('',#2547,1.);
#2547 = DIRECTION('',(1.144237745222E-17,1.,0.));
#2548 = ORIENTED_EDGE('',*,*,#1381,.T.);
#2549 = ORIENTED_EDGE('',*,*,#2526,.F.);
#2550 = ORIENTED_EDGE('',*,*,#1272,.F.);
#2551 = PLANE('',#2552);
#2552 = AXIS2_PLACEMENT_3D('',#2553,#2554,#2555);
#2553 = CARTESIAN_POINT('',(5.191970207717,-16.007381,0.));
#2554 = DIRECTION('',(0.,0.,1.));
#2555 = DIRECTION('',(-1.,1.144237745222E-17,0.));
#2556 = ADVANCED_FACE('',(#2557),#2568,.T.);
#2557 = FACE_BOUND('',#2558,.T.);
#2558 = EDGE_LOOP('',(#2559,#2560,#2561,#2562));
#2559 = ORIENTED_EDGE('',*,*,#1263,.T.);
#2560 = ORIENTED_EDGE('',*,*,#2543,.T.);
#2561 = ORIENTED_EDGE('',*,*,#1372,.F.);
#2562 = ORIENTED_EDGE('',*,*,#2563,.F.);
#2563 = EDGE_CURVE('',#1256,#1365,#2564,.T.);
#2564 = LINE('',#2565,#2566);
#2565 = CARTESIAN_POINT('',(5.43817214597,-16.007381,0.206587955583));
#2566 = VECTOR('',#2567,1.);
#2567 = DIRECTION('',(1.144237745222E-17,1.,0.));
#2568 = CYLINDRICAL_SURFACE('',#2569,0.25);
#2569 = AXIS2_PLACEMENT_3D('',#2570,#2571,#2572);
#2570 = CARTESIAN_POINT('',(5.191970207717,-16.007381,0.25));
#2571 = DIRECTION('',(-1.144237745222E-17,-1.,0.));
#2572 = DIRECTION('',(0.984807753012,-1.126854202784E-17,-0.173648177667
    ));
#2573 = ADVANCED_FACE('',(#2574),#2580,.F.);
#2574 = FACE_BOUND('',#2575,.F.);
#2575 = EDGE_LOOP('',(#2576,#2577,#2578,#2579));
#2576 = ORIENTED_EDGE('',*,*,#1346,.T.);
#2577 = ORIENTED_EDGE('',*,*,#1364,.T.);
#2578 = ORIENTED_EDGE('',*,*,#2563,.F.);
#2579 = ORIENTED_EDGE('',*,*,#1255,.F.);
#2580 = PLANE('',#2581);
#2581 = AXIS2_PLACEMENT_3D('',#2582,#2583,#2584);
#2582 = CARTESIAN_POINT('',(5.514020224699,-16.007381,0.667364817767));
#2583 = DIRECTION('',(-0.986721169868,1.129043606572E-17,0.162423314012)
  );
#2584 = DIRECTION('',(-0.162423314012,1.858508865964E-18,-0.986721169868
    ));
#2585 = ADVANCED_FACE('',(#2586),#2597,.T.);
#2586 = FACE_BOUND('',#2587,.T.);
#2587 = EDGE_LOOP('',(#2588,#2589,#2590,#2591));
#2588 = ORIENTED_EDGE('',*,*,#1536,.T.);
#2589 = ORIENTED_EDGE('',*,*,#2314,.T.);
#2590 = ORIENTED_EDGE('',*,*,#1645,.F.);
#2591 = ORIENTED_EDGE('',*,*,#2592,.F.);
#2592 = EDGE_CURVE('',#1529,#1638,#2593,.T.);
#2593 = LINE('',#2594,#2595);
#2594 = CARTESIAN_POINT('',(5.366299061747,-15.057381,0.693412044417));
#2595 = VECTOR('',#2596,1.);
#2596 = DIRECTION('',(1.144237745222E-17,1.,0.));
#2597 = CYLINDRICAL_SURFACE('',#2598,0.25);
#2598 = AXIS2_PLACEMENT_3D('',#2599,#2600,#2601);
#2599 = CARTESIAN_POINT('',(5.612501,-15.057381,0.65));
#2600 = DIRECTION('',(-1.144237745222E-17,-1.,0.));
#2601 = DIRECTION('',(-0.984807753012,1.126854202784E-17,0.173648177667)
  );
#2602 = ADVANCED_FACE('',(#2603),#2614,.F.);
#2603 = FACE_BOUND('',#2604,.F.);
#2604 = EDGE_LOOP('',(#2605,#2611,#2612,#2613));
#2605 = ORIENTED_EDGE('',*,*,#2606,.T.);
#2606 = EDGE_CURVE('',#1520,#1629,#2607,.T.);
#2607 = LINE('',#2608,#2609);
#2608 = CARTESIAN_POINT('',(5.290450983018,-15.057381,0.232635182233));
#2609 = VECTOR('',#2610,1.);
#2610 = DIRECTION('',(1.144237745222E-17,1.,0.));
#2611 = ORIENTED_EDGE('',*,*,#1637,.T.);
#2612 = ORIENTED_EDGE('',*,*,#2592,.F.);
#2613 = ORIENTED_EDGE('',*,*,#1528,.F.);
#2614 = PLANE('',#2615);
#2615 = AXIS2_PLACEMENT_3D('',#2616,#2617,#2618);
#2616 = CARTESIAN_POINT('',(5.290450983018,-15.057381,0.232635182233));
#2617 = DIRECTION('',(0.986721169868,-1.129043606572E-17,-0.162423314012
    ));
#2618 = DIRECTION('',(0.162423314012,-1.858508865964E-18,0.986721169868)
  );
#2619 = ADVANCED_FACE('',(#2620),#2631,.F.);
#2620 = FACE_BOUND('',#2621,.F.);
#2621 = EDGE_LOOP('',(#2622,#2628,#2629,#2630));
#2622 = ORIENTED_EDGE('',*,*,#2623,.T.);
#2623 = EDGE_CURVE('',#1512,#1621,#2624,.T.);
#2624 = LINE('',#2625,#2626);
#2625 = CARTESIAN_POINT('',(5.191970207717,-15.057381,0.15));
#2626 = VECTOR('',#2627,1.);
#2627 = DIRECTION('',(1.144237745222E-17,1.,0.));
#2628 = ORIENTED_EDGE('',*,*,#1628,.T.);
#2629 = ORIENTED_EDGE('',*,*,#2606,.F.);
#2630 = ORIENTED_EDGE('',*,*,#1519,.F.);
#2631 = CYLINDRICAL_SURFACE('',#2632,0.1);
#2632 = AXIS2_PLACEMENT_3D('',#2633,#2634,#2635);
#2633 = CARTESIAN_POINT('',(5.191970207717,-15.057381,0.25));
#2634 = DIRECTION('',(-1.144237745222E-17,-1.,0.));
#2635 = DIRECTION('',(-2.22044604925E-15,2.540718180781E-32,-1.));
#2636 = ADVANCED_FACE('',(#2637),#2648,.F.);
#2637 = FACE_BOUND('',#2638,.F.);
#2638 = EDGE_LOOP('',(#2639,#2645,#2646,#2647));
#2639 = ORIENTED_EDGE('',*,*,#2640,.T.);
#2640 = EDGE_CURVE('',#1504,#1613,#2641,.T.);
#2641 = LINE('',#2642,#2643);
#2642 = CARTESIAN_POINT('',(5.062501,-15.057381,0.15));
#2643 = VECTOR('',#2644,1.);
#2644 = DIRECTION('',(1.144237745222E-17,1.,0.));
#2645 = ORIENTED_EDGE('',*,*,#1620,.T.);
#2646 = ORIENTED_EDGE('',*,*,#2623,.F.);
#2647 = ORIENTED_EDGE('',*,*,#1511,.F.);
#2648 = PLANE('',#2649);
#2649 = AXIS2_PLACEMENT_3D('',#2650,#2651,#2652);
#2650 = CARTESIAN_POINT('',(5.062501,-15.057381,0.15));
#2651 = DIRECTION('',(0.,0.,-1.));
#2652 = DIRECTION('',(1.,-1.144237745222E-17,0.));
#2653 = ADVANCED_FACE('',(#2654),#2665,.F.);
#2654 = FACE_BOUND('',#2655,.F.);
#2655 = EDGE_LOOP('',(#2656,#2662,#2663,#2664));
#2656 = ORIENTED_EDGE('',*,*,#2657,.T.);
#2657 = EDGE_CURVE('',#1496,#1605,#2658,.T.);
#2658 = LINE('',#2659,#2660);
#2659 = CARTESIAN_POINT('',(5.062501,-15.057381,0.));
#2660 = VECTOR('',#2661,1.);
#2661 = DIRECTION('',(1.144237745222E-17,1.,0.));
#2662 = ORIENTED_EDGE('',*,*,#1612,.T.);
#2663 = ORIENTED_EDGE('',*,*,#2640,.F.);
#2664 = ORIENTED_EDGE('',*,*,#1503,.F.);
#2665 = PLANE('',#2666);
#2666 = AXIS2_PLACEMENT_3D('',#2667,#2668,#2669);
#2667 = CARTESIAN_POINT('',(5.062501,-15.057381,0.));
#2668 = DIRECTION('',(1.,-1.144237745222E-17,0.));
#2669 = DIRECTION('',(0.,0.,1.));
#2670 = ADVANCED_FACE('',(#2671),#2682,.F.);
#2671 = FACE_BOUND('',#2672,.F.);
#2672 = EDGE_LOOP('',(#2673,#2679,#2680,#2681));
#2673 = ORIENTED_EDGE('',*,*,#2674,.T.);
#2674 = EDGE_CURVE('',#1487,#1596,#2675,.T.);
#2675 = LINE('',#2676,#2677);
#2676 = CARTESIAN_POINT('',(5.191970207717,-15.057381,0.));
#2677 = VECTOR('',#2678,1.);
#2678 = DIRECTION('',(1.144237745222E-17,1.,0.));
#2679 = ORIENTED_EDGE('',*,*,#1604,.T.);
#2680 = ORIENTED_EDGE('',*,*,#2657,.F.);
#2681 = ORIENTED_EDGE('',*,*,#1495,.F.);
#2682 = PLANE('',#2683);
#2683 = AXIS2_PLACEMENT_3D('',#2684,#2685,#2686);
#2684 = CARTESIAN_POINT('',(5.191970207717,-15.057381,0.));
#2685 = DIRECTION('',(0.,0.,1.));
#2686 = DIRECTION('',(-1.,1.144237745222E-17,0.));
#2687 = ADVANCED_FACE('',(#2688),#2699,.T.);
#2688 = FACE_BOUND('',#2689,.T.);
#2689 = EDGE_LOOP('',(#2690,#2691,#2692,#2693));
#2690 = ORIENTED_EDGE('',*,*,#1486,.T.);
#2691 = ORIENTED_EDGE('',*,*,#2674,.T.);
#2692 = ORIENTED_EDGE('',*,*,#1595,.F.);
#2693 = ORIENTED_EDGE('',*,*,#2694,.F.);
#2694 = EDGE_CURVE('',#1479,#1588,#2695,.T.);
#2695 = LINE('',#2696,#2697);
#2696 = CARTESIAN_POINT('',(5.43817214597,-15.057381,0.206587955583));
#2697 = VECTOR('',#2698,1.);
#2698 = DIRECTION('',(1.144237745222E-17,1.,0.));
#2699 = CYLINDRICAL_SURFACE('',#2700,0.25);
#2700 = AXIS2_PLACEMENT_3D('',#2701,#2702,#2703);
#2701 = CARTESIAN_POINT('',(5.191970207717,-15.057381,0.25));
#2702 = DIRECTION('',(-1.144237745222E-17,-1.,0.));
#2703 = DIRECTION('',(0.984807753012,-1.126854202784E-17,-0.173648177667
    ));
#2704 = ADVANCED_FACE('',(#2705),#2711,.F.);
#2705 = FACE_BOUND('',#2706,.F.);
#2706 = EDGE_LOOP('',(#2707,#2708,#2709,#2710));
#2707 = ORIENTED_EDGE('',*,*,#1569,.T.);
#2708 = ORIENTED_EDGE('',*,*,#1587,.T.);
#2709 = ORIENTED_EDGE('',*,*,#2694,.F.);
#2710 = ORIENTED_EDGE('',*,*,#1478,.F.);
#2711 = PLANE('',#2712);
#2712 = AXIS2_PLACEMENT_3D('',#2713,#2714,#2715);
#2713 = CARTESIAN_POINT('',(5.514020224699,-15.057381,0.667364817767));
#2714 = DIRECTION('',(-0.986721169868,1.129043606572E-17,0.162423314012)
  );
#2715 = DIRECTION('',(-0.162423314012,1.858508865964E-18,-0.986721169868
    ));
#2716 = ADVANCED_FACE('',(#2717),#2728,.F.);
#2717 = FACE_BOUND('',#2718,.F.);
#2718 = EDGE_LOOP('',(#2719,#2725,#2726,#2727));
#2719 = ORIENTED_EDGE('',*,*,#2720,.T.);
#2720 = EDGE_CURVE('',#1738,#1840,#2721,.T.);
#2721 = LINE('',#2722,#2723);
#2722 = CARTESIAN_POINT('',(5.290450983018,-14.107381,0.232635182233));
#2723 = VECTOR('',#2724,1.);
#2724 = DIRECTION('',(1.144237745222E-17,1.,0.));
#2725 = ORIENTED_EDGE('',*,*,#1848,.T.);
#2726 = ORIENTED_EDGE('',*,*,#2280,.F.);
#2727 = ORIENTED_EDGE('',*,*,#1746,.F.);
#2728 = PLANE('',#2729);
#2729 = AXIS2_PLACEMENT_3D('',#2730,#2731,#2732);
#2730 = CARTESIAN_POINT('',(5.290450983018,-14.107381,0.232635182233));
#2731 = DIRECTION('',(0.986721169868,-1.129043606572E-17,-0.162423314012
    ));
#2732 = DIRECTION('',(0.162423314012,-1.858508865964E-18,0.986721169868)
  );
#2733 = ADVANCED_FACE('',(#2734),#2745,.F.);
#2734 = FACE_BOUND('',#2735,.F.);
#2735 = EDGE_LOOP('',(#2736,#2742,#2743,#2744));
#2736 = ORIENTED_EDGE('',*,*,#2737,.T.);
#2737 = EDGE_CURVE('',#1730,#1832,#2738,.T.);
#2738 = LINE('',#2739,#2740);
#2739 = CARTESIAN_POINT('',(5.191970207717,-14.107381,0.15));
#2740 = VECTOR('',#2741,1.);
#2741 = DIRECTION('',(1.144237745222E-17,1.,0.));
#2742 = ORIENTED_EDGE('',*,*,#1839,.T.);
#2743 = ORIENTED_EDGE('',*,*,#2720,.F.);
#2744 = ORIENTED_EDGE('',*,*,#1737,.F.);
#2745 = CYLINDRICAL_SURFACE('',#2746,0.1);
#2746 = AXIS2_PLACEMENT_3D('',#2747,#2748,#2749);
#2747 = CARTESIAN_POINT('',(5.191970207717,-14.107381,0.25));
#2748 = DIRECTION('',(-1.144237745222E-17,-1.,0.));
#2749 = DIRECTION('',(-2.22044604925E-15,2.540718180781E-32,-1.));
#2750 = ADVANCED_FACE('',(#2751),#2762,.F.);
#2751 = FACE_BOUND('',#2752,.F.);
#2752 = EDGE_LOOP('',(#2753,#2759,#2760,#2761));
#2753 = ORIENTED_EDGE('',*,*,#2754,.T.);
#2754 = EDGE_CURVE('',#1722,#1824,#2755,.T.);
#2755 = LINE('',#2756,#2757);
#2756 = CARTESIAN_POINT('',(5.062501,-14.107381,0.15));
#2757 = VECTOR('',#2758,1.);
#2758 = DIRECTION('',(1.144237745222E-17,1.,0.));
#2759 = ORIENTED_EDGE('',*,*,#1831,.T.);
#2760 = ORIENTED_EDGE('',*,*,#2737,.F.);
#2761 = ORIENTED_EDGE('',*,*,#1729,.F.);
#2762 = PLANE('',#2763);
#2763 = AXIS2_PLACEMENT_3D('',#2764,#2765,#2766);
#2764 = CARTESIAN_POINT('',(5.062501,-14.107381,0.15));
#2765 = DIRECTION('',(0.,0.,-1.));
#2766 = DIRECTION('',(1.,-1.144237745222E-17,0.));
#2767 = ADVANCED_FACE('',(#2768),#2779,.F.);
#2768 = FACE_BOUND('',#2769,.F.);
#2769 = EDGE_LOOP('',(#2770,#2776,#2777,#2778));
#2770 = ORIENTED_EDGE('',*,*,#2771,.T.);
#2771 = EDGE_CURVE('',#1714,#1816,#2772,.T.);
#2772 = LINE('',#2773,#2774);
#2773 = CARTESIAN_POINT('',(5.062501,-14.107381,0.));
#2774 = VECTOR('',#2775,1.);
#2775 = DIRECTION('',(1.144237745222E-17,1.,0.));
#2776 = ORIENTED_EDGE('',*,*,#1823,.T.);
#2777 = ORIENTED_EDGE('',*,*,#2754,.F.);
#2778 = ORIENTED_EDGE('',*,*,#1721,.F.);
#2779 = PLANE('',#2780);
#2780 = AXIS2_PLACEMENT_3D('',#2781,#2782,#2783);
#2781 = CARTESIAN_POINT('',(5.062501,-14.107381,0.));
#2782 = DIRECTION('',(1.,-1.144237745222E-17,0.));
#2783 = DIRECTION('',(0.,0.,1.));
#2784 = ADVANCED_FACE('',(#2785),#2796,.F.);
#2785 = FACE_BOUND('',#2786,.F.);
#2786 = EDGE_LOOP('',(#2787,#2793,#2794,#2795));
#2787 = ORIENTED_EDGE('',*,*,#2788,.T.);
#2788 = EDGE_CURVE('',#1705,#1807,#2789,.T.);
#2789 = LINE('',#2790,#2791);
#2790 = CARTESIAN_POINT('',(5.191970207717,-14.107381,0.));
#2791 = VECTOR('',#2792,1.);
#2792 = DIRECTION('',(1.144237745222E-17,1.,0.));
#2793 = ORIENTED_EDGE('',*,*,#1815,.T.);
#2794 = ORIENTED_EDGE('',*,*,#2771,.F.);
#2795 = ORIENTED_EDGE('',*,*,#1713,.F.);
#2796 = PLANE('',#2797);
#2797 = AXIS2_PLACEMENT_3D('',#2798,#2799,#2800);
#2798 = CARTESIAN_POINT('',(5.191970207717,-14.107381,0.));
#2799 = DIRECTION('',(0.,0.,1.));
#2800 = DIRECTION('',(-1.,1.144237745222E-17,0.));
#2801 = ADVANCED_FACE('',(#2802),#2813,.T.);
#2802 = FACE_BOUND('',#2803,.T.);
#2803 = EDGE_LOOP('',(#2804,#2805,#2806,#2807));
#2804 = ORIENTED_EDGE('',*,*,#1704,.T.);
#2805 = ORIENTED_EDGE('',*,*,#2788,.T.);
#2806 = ORIENTED_EDGE('',*,*,#1806,.F.);
#2807 = ORIENTED_EDGE('',*,*,#2808,.F.);
#2808 = EDGE_CURVE('',#1697,#1799,#2809,.T.);
#2809 = LINE('',#2810,#2811);
#2810 = CARTESIAN_POINT('',(5.43817214597,-14.107381,0.206587955583));
#2811 = VECTOR('',#2812,1.);
#2812 = DIRECTION('',(1.144237745222E-17,1.,0.));
#2813 = CYLINDRICAL_SURFACE('',#2814,0.25);
#2814 = AXIS2_PLACEMENT_3D('',#2815,#2816,#2817);
#2815 = CARTESIAN_POINT('',(5.191970207717,-14.107381,0.25));
#2816 = DIRECTION('',(-1.144237745222E-17,-1.,0.));
#2817 = DIRECTION('',(0.984807753012,-1.126854202784E-17,-0.173648177667
    ));
#2818 = ADVANCED_FACE('',(#2819),#2825,.F.);
#2819 = FACE_BOUND('',#2820,.F.);
#2820 = EDGE_LOOP('',(#2821,#2822,#2823,#2824));
#2821 = ORIENTED_EDGE('',*,*,#1780,.T.);
#2822 = ORIENTED_EDGE('',*,*,#1798,.T.);
#2823 = ORIENTED_EDGE('',*,*,#2808,.F.);
#2824 = ORIENTED_EDGE('',*,*,#1696,.F.);
#2825 = PLANE('',#2826);
#2826 = AXIS2_PLACEMENT_3D('',#2827,#2828,#2829);
#2827 = CARTESIAN_POINT('',(5.514020224699,-14.107381,0.667364817767));
#2828 = DIRECTION('',(-0.986721169868,1.129043606572E-17,0.162423314012)
  );
#2829 = DIRECTION('',(-0.162423314012,1.858508865964E-18,-0.986721169868
    ));
#2830 = ADVANCED_FACE('',(#2831),#2842,.F.);
#2831 = FACE_BOUND('',#2832,.F.);
#2832 = EDGE_LOOP('',(#2833,#2839,#2840,#2841));
#2833 = ORIENTED_EDGE('',*,*,#2834,.T.);
#2834 = EDGE_CURVE('',#1925,#2027,#2835,.T.);
#2835 = LINE('',#2836,#2837);
#2836 = CARTESIAN_POINT('',(7.634551016982,-13.607381,0.232635182233));
#2837 = VECTOR('',#2838,1.);
#2838 = DIRECTION('',(1.110223024625E-16,-1.,0.));
#2839 = ORIENTED_EDGE('',*,*,#2035,.T.);
#2840 = ORIENTED_EDGE('',*,*,#2432,.F.);
#2841 = ORIENTED_EDGE('',*,*,#1933,.F.);
#2842 = PLANE('',#2843);
#2843 = AXIS2_PLACEMENT_3D('',#2844,#2845,#2846);
#2844 = CARTESIAN_POINT('',(7.634551016982,-13.607381,0.232635182233));
#2845 = DIRECTION('',(-0.986721169868,-1.095480561672E-16,
    -0.162423314012));
#2846 = DIRECTION('',(-0.162423314012,-1.803261029519E-17,0.986721169868
    ));
#2847 = ADVANCED_FACE('',(#2848),#2859,.F.);
#2848 = FACE_BOUND('',#2849,.F.);
#2849 = EDGE_LOOP('',(#2850,#2856,#2857,#2858));
#2850 = ORIENTED_EDGE('',*,*,#2851,.T.);
#2851 = EDGE_CURVE('',#1917,#2019,#2852,.T.);
#2852 = LINE('',#2853,#2854);
#2853 = CARTESIAN_POINT('',(7.733031792283,-13.607381,0.15));
#2854 = VECTOR('',#2855,1.);
#2855 = DIRECTION('',(1.110223024625E-16,-1.,0.));
#2856 = ORIENTED_EDGE('',*,*,#2026,.T.);
#2857 = ORIENTED_EDGE('',*,*,#2834,.F.);
#2858 = ORIENTED_EDGE('',*,*,#1924,.F.);
#2859 = CYLINDRICAL_SURFACE('',#2860,0.1);
#2860 = AXIS2_PLACEMENT_3D('',#2861,#2862,#2863);
#2861 = CARTESIAN_POINT('',(7.733031792283,-13.607381,0.25));
#2862 = DIRECTION('',(-1.110223024625E-16,1.,0.));
#2863 = DIRECTION('',(2.22044604925E-15,2.465190328815E-31,-1.));
#2864 = ADVANCED_FACE('',(#2865),#2876,.F.);
#2865 = FACE_BOUND('',#2866,.F.);
#2866 = EDGE_LOOP('',(#2867,#2873,#2874,#2875));
#2867 = ORIENTED_EDGE('',*,*,#2868,.T.);
#2868 = EDGE_CURVE('',#1909,#2011,#2869,.T.);
#2869 = LINE('',#2870,#2871);
#2870 = CARTESIAN_POINT('',(7.862501,-13.607381,0.15));
#2871 = VECTOR('',#2872,1.);
#2872 = DIRECTION('',(1.110223024625E-16,-1.,0.));
#2873 = ORIENTED_EDGE('',*,*,#2018,.T.);
#2874 = ORIENTED_EDGE('',*,*,#2851,.F.);
#2875 = ORIENTED_EDGE('',*,*,#1916,.F.);
#2876 = PLANE('',#2877);
#2877 = AXIS2_PLACEMENT_3D('',#2878,#2879,#2880);
#2878 = CARTESIAN_POINT('',(7.862501,-13.607381,0.15));
#2879 = DIRECTION('',(0.,0.,-1.));
#2880 = DIRECTION('',(-1.,-1.110223024625E-16,-0.));
#2881 = ADVANCED_FACE('',(#2882),#2893,.F.);
#2882 = FACE_BOUND('',#2883,.F.);
#2883 = EDGE_LOOP('',(#2884,#2890,#2891,#2892));
#2884 = ORIENTED_EDGE('',*,*,#2885,.T.);
#2885 = EDGE_CURVE('',#1901,#2003,#2886,.T.);
#2886 = LINE('',#2887,#2888);
#2887 = CARTESIAN_POINT('',(7.862501,-13.607381,0.));
#2888 = VECTOR('',#2889,1.);
#2889 = DIRECTION('',(1.110223024625E-16,-1.,0.));
#2890 = ORIENTED_EDGE('',*,*,#2010,.T.);
#2891 = ORIENTED_EDGE('',*,*,#2868,.F.);
#2892 = ORIENTED_EDGE('',*,*,#1908,.F.);
#2893 = PLANE('',#2894);
#2894 = AXIS2_PLACEMENT_3D('',#2895,#2896,#2897);
#2895 = CARTESIAN_POINT('',(7.862501,-13.607381,0.));
#2896 = DIRECTION('',(-1.,-1.110223024625E-16,0.));
#2897 = DIRECTION('',(0.,0.,1.));
#2898 = ADVANCED_FACE('',(#2899),#2910,.F.);
#2899 = FACE_BOUND('',#2900,.F.);
#2900 = EDGE_LOOP('',(#2901,#2907,#2908,#2909));
#2901 = ORIENTED_EDGE('',*,*,#2902,.T.);
#2902 = EDGE_CURVE('',#1892,#1994,#2903,.T.);
#2903 = LINE('',#2904,#2905);
#2904 = CARTESIAN_POINT('',(7.733031792283,-13.607381,0.));
#2905 = VECTOR('',#2906,1.);
#2906 = DIRECTION('',(1.110223024625E-16,-1.,0.));
#2907 = ORIENTED_EDGE('',*,*,#2002,.T.);
#2908 = ORIENTED_EDGE('',*,*,#2885,.F.);
#2909 = ORIENTED_EDGE('',*,*,#1900,.F.);
#2910 = PLANE('',#2911);
#2911 = AXIS2_PLACEMENT_3D('',#2912,#2913,#2914);
#2912 = CARTESIAN_POINT('',(7.733031792283,-13.607381,0.));
#2913 = DIRECTION('',(0.,0.,1.));
#2914 = DIRECTION('',(1.,1.110223024625E-16,0.));
#2915 = ADVANCED_FACE('',(#2916),#2927,.T.);
#2916 = FACE_BOUND('',#2917,.T.);
#2917 = EDGE_LOOP('',(#2918,#2919,#2920,#2921));
#2918 = ORIENTED_EDGE('',*,*,#1891,.T.);
#2919 = ORIENTED_EDGE('',*,*,#2902,.T.);
#2920 = ORIENTED_EDGE('',*,*,#1993,.F.);
#2921 = ORIENTED_EDGE('',*,*,#2922,.F.);
#2922 = EDGE_CURVE('',#1884,#1986,#2923,.T.);
#2923 = LINE('',#2924,#2925);
#2924 = CARTESIAN_POINT('',(7.48682985403,-13.607381,0.206587955583));
#2925 = VECTOR('',#2926,1.);
#2926 = DIRECTION('',(1.110223024625E-16,-1.,0.));
#2927 = CYLINDRICAL_SURFACE('',#2928,0.25);
#2928 = AXIS2_PLACEMENT_3D('',#2929,#2930,#2931);
#2929 = CARTESIAN_POINT('',(7.733031792283,-13.607381,0.25));
#2930 = DIRECTION('',(-1.110223024625E-16,1.,0.));
#2931 = DIRECTION('',(-0.984807753012,-1.093356242223E-16,
    -0.173648177667));
#2932 = ADVANCED_FACE('',(#2933),#2939,.F.);
#2933 = FACE_BOUND('',#2934,.F.);
#2934 = EDGE_LOOP('',(#2935,#2936,#2937,#2938));
#2935 = ORIENTED_EDGE('',*,*,#1967,.T.);
#2936 = ORIENTED_EDGE('',*,*,#1985,.T.);
#2937 = ORIENTED_EDGE('',*,*,#2922,.F.);
#2938 = ORIENTED_EDGE('',*,*,#1883,.F.);
#2939 = PLANE('',#2940);
#2940 = AXIS2_PLACEMENT_3D('',#2941,#2942,#2943);
#2941 = CARTESIAN_POINT('',(7.410981775301,-13.607381,0.667364817767));
#2942 = DIRECTION('',(0.986721169868,1.095480561672E-16,0.162423314012)
  );
#2943 = DIRECTION('',(0.162423314012,1.803261029519E-17,-0.986721169868)
  );
#2944 = ADVANCED_FACE('',(#2945),#2956,.T.);
#2945 = FACE_BOUND('',#2946,.T.);
#2946 = EDGE_LOOP('',(#2947,#2948,#2949,#2950));
#2947 = ORIENTED_EDGE('',*,*,#2145,.T.);
#2948 = ORIENTED_EDGE('',*,*,#2395,.T.);
#2949 = ORIENTED_EDGE('',*,*,#2254,.F.);
#2950 = ORIENTED_EDGE('',*,*,#2951,.F.);
#2951 = EDGE_CURVE('',#2138,#2247,#2952,.T.);
#2952 = LINE('',#2953,#2954);
#2953 = CARTESIAN_POINT('',(7.558702938253,-15.507381,0.693412044417));
#2954 = VECTOR('',#2955,1.);
#2955 = DIRECTION('',(1.110223024625E-16,-1.,0.));
#2956 = CYLINDRICAL_SURFACE('',#2957,0.25);
#2957 = AXIS2_PLACEMENT_3D('',#2958,#2959,#2960);
#2958 = CARTESIAN_POINT('',(7.312501,-15.507381,0.65));
#2959 = DIRECTION('',(-1.110223024625E-16,1.,0.));
#2960 = DIRECTION('',(0.984807753012,1.093356242223E-16,0.173648177667)
  );
#2961 = ADVANCED_FACE('',(#2962),#2973,.F.);
#2962 = FACE_BOUND('',#2963,.F.);
#2963 = EDGE_LOOP('',(#2964,#2970,#2971,#2972));
#2964 = ORIENTED_EDGE('',*,*,#2965,.T.);
#2965 = EDGE_CURVE('',#2129,#2238,#2966,.T.);
#2966 = LINE('',#2967,#2968);
#2967 = CARTESIAN_POINT('',(7.634551016982,-15.507381,0.232635182233));
#2968 = VECTOR('',#2969,1.);
#2969 = DIRECTION('',(1.110223024625E-16,-1.,0.));
#2970 = ORIENTED_EDGE('',*,*,#2246,.T.);
#2971 = ORIENTED_EDGE('',*,*,#2951,.F.);
#2972 = ORIENTED_EDGE('',*,*,#2137,.F.);
#2973 = PLANE('',#2974);
#2974 = AXIS2_PLACEMENT_3D('',#2975,#2976,#2977);
#2975 = CARTESIAN_POINT('',(7.634551016982,-15.507381,0.232635182233));
#2976 = DIRECTION('',(-0.986721169868,-1.095480561672E-16,
    -0.162423314012));
#2977 = DIRECTION('',(-0.162423314012,-1.803261029519E-17,0.986721169868
    ));
#2978 = ADVANCED_FACE('',(#2979),#2990,.F.);
#2979 = FACE_BOUND('',#2980,.F.);
#2980 = EDGE_LOOP('',(#2981,#2987,#2988,#2989));
#2981 = ORIENTED_EDGE('',*,*,#2982,.T.);
#2982 = EDGE_CURVE('',#2121,#2230,#2983,.T.);
#2983 = LINE('',#2984,#2985);
#2984 = CARTESIAN_POINT('',(7.733031792283,-15.507381,0.15));
#2985 = VECTOR('',#2986,1.);
#2986 = DIRECTION('',(1.110223024625E-16,-1.,0.));
#2987 = ORIENTED_EDGE('',*,*,#2237,.T.);
#2988 = ORIENTED_EDGE('',*,*,#2965,.F.);
#2989 = ORIENTED_EDGE('',*,*,#2128,.F.);
#2990 = CYLINDRICAL_SURFACE('',#2991,0.1);
#2991 = AXIS2_PLACEMENT_3D('',#2992,#2993,#2994);
#2992 = CARTESIAN_POINT('',(7.733031792283,-15.507381,0.25));
#2993 = DIRECTION('',(-1.110223024625E-16,1.,0.));
#2994 = DIRECTION('',(2.22044604925E-15,2.465190328815E-31,-1.));
#2995 = ADVANCED_FACE('',(#2996),#3007,.F.);
#2996 = FACE_BOUND('',#2997,.F.);
#2997 = EDGE_LOOP('',(#2998,#3004,#3005,#3006));
#2998 = ORIENTED_EDGE('',*,*,#2999,.T.);
#2999 = EDGE_CURVE('',#2113,#2222,#3000,.T.);
#3000 = LINE('',#3001,#3002);
#3001 = CARTESIAN_POINT('',(7.862501,-15.507381,0.15));
#3002 = VECTOR('',#3003,1.);
#3003 = DIRECTION('',(1.110223024625E-16,-1.,0.));
#3004 = ORIENTED_EDGE('',*,*,#2229,.T.);
#3005 = ORIENTED_EDGE('',*,*,#2982,.F.);
#3006 = ORIENTED_EDGE('',*,*,#2120,.F.);
#3007 = PLANE('',#3008);
#3008 = AXIS2_PLACEMENT_3D('',#3009,#3010,#3011);
#3009 = CARTESIAN_POINT('',(7.862501,-15.507381,0.15));
#3010 = DIRECTION('',(0.,0.,-1.));
#3011 = DIRECTION('',(-1.,-1.110223024625E-16,-0.));
#3012 = ADVANCED_FACE('',(#3013),#3024,.F.);
#3013 = FACE_BOUND('',#3014,.F.);
#3014 = EDGE_LOOP('',(#3015,#3021,#3022,#3023));
#3015 = ORIENTED_EDGE('',*,*,#3016,.T.);
#3016 = EDGE_CURVE('',#2105,#2214,#3017,.T.);
#3017 = LINE('',#3018,#3019);
#3018 = CARTESIAN_POINT('',(7.862501,-15.507381,0.));
#3019 = VECTOR('',#3020,1.);
#3020 = DIRECTION('',(1.110223024625E-16,-1.,0.));
#3021 = ORIENTED_EDGE('',*,*,#2221,.T.);
#3022 = ORIENTED_EDGE('',*,*,#2999,.F.);
#3023 = ORIENTED_EDGE('',*,*,#2112,.F.);
#3024 = PLANE('',#3025);
#3025 = AXIS2_PLACEMENT_3D('',#3026,#3027,#3028);
#3026 = CARTESIAN_POINT('',(7.862501,-15.507381,0.));
#3027 = DIRECTION('',(-1.,-1.110223024625E-16,0.));
#3028 = DIRECTION('',(0.,0.,1.));
#3029 = ADVANCED_FACE('',(#3030),#3041,.F.);
#3030 = FACE_BOUND('',#3031,.F.);
#3031 = EDGE_LOOP('',(#3032,#3038,#3039,#3040));
#3032 = ORIENTED_EDGE('',*,*,#3033,.T.);
#3033 = EDGE_CURVE('',#2096,#2205,#3034,.T.);
#3034 = LINE('',#3035,#3036);
#3035 = CARTESIAN_POINT('',(7.733031792283,-15.507381,0.));
#3036 = VECTOR('',#3037,1.);
#3037 = DIRECTION('',(1.110223024625E-16,-1.,0.));
#3038 = ORIENTED_EDGE('',*,*,#2213,.T.);
#3039 = ORIENTED_EDGE('',*,*,#3016,.F.);
#3040 = ORIENTED_EDGE('',*,*,#2104,.F.);
#3041 = PLANE('',#3042);
#3042 = AXIS2_PLACEMENT_3D('',#3043,#3044,#3045);
#3043 = CARTESIAN_POINT('',(7.733031792283,-15.507381,0.));
#3044 = DIRECTION('',(0.,0.,1.));
#3045 = DIRECTION('',(1.,1.110223024625E-16,0.));
#3046 = ADVANCED_FACE('',(#3047),#3058,.T.);
#3047 = FACE_BOUND('',#3048,.T.);
#3048 = EDGE_LOOP('',(#3049,#3050,#3051,#3052));
#3049 = ORIENTED_EDGE('',*,*,#2095,.T.);
#3050 = ORIENTED_EDGE('',*,*,#3033,.T.);
#3051 = ORIENTED_EDGE('',*,*,#2204,.F.);
#3052 = ORIENTED_EDGE('',*,*,#3053,.F.);
#3053 = EDGE_CURVE('',#2088,#2197,#3054,.T.);
#3054 = LINE('',#3055,#3056);
#3055 = CARTESIAN_POINT('',(7.48682985403,-15.507381,0.206587955583));
#3056 = VECTOR('',#3057,1.);
#3057 = DIRECTION('',(1.110223024625E-16,-1.,0.));
#3058 = CYLINDRICAL_SURFACE('',#3059,0.25);
#3059 = AXIS2_PLACEMENT_3D('',#3060,#3061,#3062);
#3060 = CARTESIAN_POINT('',(7.733031792283,-15.507381,0.25));
#3061 = DIRECTION('',(-1.110223024625E-16,1.,0.));
#3062 = DIRECTION('',(-0.984807753012,-1.093356242223E-16,
    -0.173648177667));
#3063 = ADVANCED_FACE('',(#3064),#3070,.F.);
#3064 = FACE_BOUND('',#3065,.F.);
#3065 = EDGE_LOOP('',(#3066,#3067,#3068,#3069));
#3066 = ORIENTED_EDGE('',*,*,#2178,.T.);
#3067 = ORIENTED_EDGE('',*,*,#2196,.T.);
#3068 = ORIENTED_EDGE('',*,*,#3053,.F.);
#3069 = ORIENTED_EDGE('',*,*,#2087,.F.);
#3070 = PLANE('',#3071);
#3071 = AXIS2_PLACEMENT_3D('',#3072,#3073,#3074);
#3072 = CARTESIAN_POINT('',(7.410981775301,-15.507381,0.667364817767));
#3073 = DIRECTION('',(0.986721169868,1.095480561672E-16,0.162423314012)
  );
#3074 = DIRECTION('',(0.162423314012,1.803261029519E-17,-0.986721169868)
  );
#3075 = ADVANCED_FACE('',(#3076),#3079,.F.);
#3076 = FACE_BOUND('',#3077,.T.);
#3077 = EDGE_LOOP('',(#3078));
#3078 = ORIENTED_EDGE('',*,*,#2361,.F.);
#3079 = PLANE('',#3080);
#3080 = AXIS2_PLACEMENT_3D('',#3081,#3082,#3083);
#3081 = CARTESIAN_POINT('',(5.978852542557,-13.67373254255,1.55));
#3082 = DIRECTION('',(0.,0.,-1.));
#3083 = DIRECTION('',(1.110223024625E-16,-1.,0.));
#3084 = ( GEOMETRIC_REPRESENTATION_CONTEXT(3) 
GLOBAL_UNCERTAINTY_ASSIGNED_CONTEXT((#3088)) 
GLOBAL_UNIT_ASSIGNED_CONTEXT((#3085,#3086,#3087)) REPRESENTATION_CONTEXT
('Context #1','3D Context with UNIT and UNCERTAINTY') );
#3085 = ( LENGTH_UNIT() NAMED_UNIT(*) SI_UNIT(.MILLI.,.METRE.) );
#3086 = ( NAMED_UNIT(*) PLANE_ANGLE_UNIT() SI_UNIT($,.RADIAN.) );
#3087 = ( NAMED_UNIT(*) SI_UNIT($,.STERADIAN.) SOLID_ANGLE_UNIT() );
#3088 = UNCERTAINTY_MEASURE_WITH_UNIT(LENGTH_MEASURE(1.E-07),#3085,
  'distance_accuracy_value','confusion accuracy');
#3089 = PRODUCT_RELATED_PRODUCT_CATEGORY('part',$,(#7));
ENDSEC;
END-ISO-10303-21;
