ISO-10303-21;
HEADER;
FILE_DESCRIPTION(('FreeCAD Model'),'2;1');
FILE_NAME('Open CASCADE Shape Model','2026-09-03T00:28:14',('FreeCAD'),(
    'FreeCAD'),'Open CASCADE STEP processor 7.8','FreeCAD','Unknown');
FILE_SCHEMA(('AUTOMOTIVE_DESIGN { 1 0 10303 214 1 1 1 1 }'));
ENDSEC;
DATA;
#1 = APPLICATION_PROTOCOL_DEFINITION('international standard',
  'automotive_design',2000,#2);
#2 = APPLICATION_CONTEXT(
  'core data for automotive mechanical design processes');
#3 = SHAPE_DEFINITION_REPRESENTATION(#4,#10);
#4 = PRODUCT_DEFINITION_SHAPE('','',#5);
#5 = PRODUCT_DEFINITION('design','',#6,#9);
#6 = PRODUCT_DEFINITION_FORMATION('','',#7);
#7 = PRODUCT('Open CASCADE STEP translator 7.8 47',
  'Open CASCADE STEP translator 7.8 47','',(#8));
#8 = PRODUCT_CONTEXT('',#2,'mechanical');
#9 = PRODUCT_DEFINITION_CONTEXT('part definition',#2,'design');
#10 = SHAPE_REPRESENTATION('',(#11,#15,#15506,#15559,#15612,#15665,
    #15718),#15771);
#11 = AXIS2_PLACEMENT_3D('',#12,#13,#14);
#12 = CARTESIAN_POINT('',(0.,0.,0.));
#13 = DIRECTION('',(0.,0.,1.));
#14 = DIRECTION('',(1.,0.,-0.));
#15 = MANIFOLD_SOLID_BREP('',#16);
#16 = CLOSED_SHELL('',(#17,#57,#88,#2366,#2397,#2421,#2452,#2476,#2493,
    #2517,#2541,#2565,#2589,#2613,#2637,#2661,#2685,#2709,#2733,#2757,
    #2781,#2805,#2829,#2853,#2877,#2901,#2925,#2949,#2973,#2997,#3021,
    #3045,#3069,#3093,#3124,#3148,#3172,#3196,#3220,#3244,#3268,#3292,
    #3316,#3340,#3364,#3388,#3412,#3436,#3460,#3484,#3508,#3532,#3556,
    #3587,#3611,#3635,#3659,#3683,#3707,#3731,#3755,#3779,#3803,#3827,
    #3851,#3875,#3899,#3923,#3947,#3971,#3995,#4019,#4043,#4067,#4091,
    #4115,#4139,#4163,#4187,#4211,#4235,#4259,#4283,#4307,#4331,#4355,
    #4379,#4403,#4420,#4451,#4475,#4499,#4530,#4554,#4578,#4609,#4633,
    #4657,#4734,#4758,#4782,#4845,#4876,#4900,#4924,#4955,#4986,#5017,
    #5048,#5079,#5103,#5128,#5152,#5176,#5200,#5224,#5255,#5279,#5303,
    #5320,#5351,#5375,#5399,#5416,#5447,#5471,#5495,#5519,#5543,#5567,
    #5591,#5615,#5639,#5663,#5687,#5711,#5735,#5759,#5783,#5807,#5831,
    #5855,#5879,#5903,#5927,#5951,#5975,#5999,#6023,#6047,#6071,#6088,
    #6112,#6136,#6160,#6177,#6201,#6225,#6242,#6266,#6290,#6307,#6331,
    #6348,#6379,#6403,#6427,#6451,#6475,#6499,#6523,#6547,#6571,#6595,
    #6619,#6643,#6667,#6691,#6715,#6739,#6763,#6787,#6811,#6835,#6859,
    #6883,#6907,#6931,#6955,#6972,#7197,#7221,#7245,#7456,#7487,#7511,
    #7535,#7552,#7583,#7607,#7631,#7656,#7687,#7711,#7728,#7759,#7783,
    #7807,#7831,#7855,#7879,#7903,#7927,#7951,#7975,#7999,#8023,#8047,
    #8071,#8095,#8119,#8143,#8167,#8191,#8215,#8239,#8263,#8287,#8311,
    #8335,#8359,#8383,#8400,#8431,#8455,#8479,#8503,#8527,#8551,#8575,
    #8599,#8623,#8647,#8671,#8695,#8719,#8743,#8767,#8791,#8815,#8839,
    #8863,#8887,#8911,#8935,#8959,#8983,#9007,#9024,#9055,#9079,#9103,
    #9120,#9176,#9201,#9226,#9238,#9250,#9262,#9274,#9330,#9355,#9380,
    #9411,#9442,#9473,#9504,#9535,#9566,#9597,#9628,#9659,#9690,#9721,
    #9752,#9783,#9814,#9845,#9876,#9907,#9938,#9960,#9991,#10022,#10053,
    #10084,#10115,#10146,#10177,#10208,#10239,#10270,#10301,#10332,
    #10363,#10394,#10425,#10456,#10487,#10518,#10540,#10552,#10564,
    #10586,#10603,#10620,#10637,#10654,#10671,#10688,#10705,#10722,
    #10739,#10756,#10773,#10790,#10807,#10824,#10841,#10858,#10875,
    #10892,#10909,#10926,#10938,#10955,#10972,#10984,#10996,#11008,
    #11047,#11441,#11718,#11749,#11780,#11804,#12097,#12121,#12145,
    #12162,#12184,#12201,#12218,#12235,#12252,#12269,#12286,#12303,
    #12320,#12337,#12354,#12371,#12388,#12405,#12422,#12439,#12456,
    #12473,#12490,#12507,#12524,#12541,#12558,#12575,#12592,#12609,
    #12626,#12638,#12655,#12672,#12689,#12720,#12744,#13046,#13077,
    #13094,#13125,#13393,#13415,#13432,#13449,#13466,#13483,#13500,
    #13517,#13534,#13551,#13568,#13585,#13602,#13619,#13636,#13653,
    #13670,#13687,#13704,#13721,#13738,#13755,#13772,#13789,#13806,
    #13823,#13840,#13857,#13869,#13886,#13903,#13920,#13937,#13980,
    #14023,#14066,#14109,#14126,#14166,#14197,#14228,#14259,#14290,
    #14321,#14352,#14374,#14396,#14408,#14442,#14548,#14579,#14603,
    #14627,#14644,#14656,#14687,#14711,#14735,#14752,#14764,#14778,
    #14792,#14806,#14820,#14926,#14957,#14981,#15005,#15022,#15034,
    #15065,#15089,#15113,#15130,#15142,#15188,#15234,#15312,#15341,
    #15350,#15428,#15457,#15466,#15478,#15492));
#17 = ADVANCED_FACE('',(#18),#52,.T.);
#18 = FACE_BOUND('',#19,.T.);
#19 = EDGE_LOOP('',(#20,#30,#38,#46));
#20 = ORIENTED_EDGE('',*,*,#21,.T.);
#21 = EDGE_CURVE('',#22,#24,#26,.T.);
#22 = VERTEX_POINT('',#23);
#23 = CARTESIAN_POINT('',(-21.383,25.,-20.483));
#24 = VERTEX_POINT('',#25);
#25 = CARTESIAN_POINT('',(-21.383,27.,-20.483));
#26 = LINE('',#27,#28);
#27 = CARTESIAN_POINT('',(-21.383,25.,-20.483));
#28 = VECTOR('',#29,1.);
#29 = DIRECTION('',(4.440892098501E-16,1.,-6.661338147751E-16));
#30 = ORIENTED_EDGE('',*,*,#31,.T.);
#31 = EDGE_CURVE('',#24,#32,#34,.T.);
#32 = VERTEX_POINT('',#33);
#33 = CARTESIAN_POINT('',(-21.3445705608,27.,-20.87318064403));
#34 = LINE('',#35,#36);
#35 = CARTESIAN_POINT('',(-21.383,27.,-20.483));
#36 = VECTOR('',#37,1.);
#37 = DIRECTION('',(9.801714032956E-02,-5.072433305238E-16,
    -0.995184726672));
#38 = ORIENTED_EDGE('',*,*,#39,.F.);
#39 = EDGE_CURVE('',#40,#32,#42,.T.);
#40 = VERTEX_POINT('',#41);
#41 = CARTESIAN_POINT('',(-21.3445705608,25.,-20.87318064403));
#42 = LINE('',#43,#44);
#43 = CARTESIAN_POINT('',(-21.3445705608,25.,-20.87318064403));
#44 = VECTOR('',#45,1.);
#45 = DIRECTION('',(4.440892098501E-16,1.,-6.661338147751E-16));
#46 = ORIENTED_EDGE('',*,*,#47,.F.);
#47 = EDGE_CURVE('',#22,#40,#48,.T.);
#48 = LINE('',#49,#50);
#49 = CARTESIAN_POINT('',(-21.383,25.,-20.483));
#50 = VECTOR('',#51,1.);
#51 = DIRECTION('',(9.801714032956E-02,-5.072433305238E-16,
    -0.995184726672));
#52 = PLANE('',#53);
#53 = AXIS2_PLACEMENT_3D('',#54,#55,#56);
#54 = CARTESIAN_POINT('',(-21.383,25.,-20.483));
#55 = DIRECTION('',(-0.995184726672,6.193978439833E-16,
    -9.801714032956E-02));
#56 = DIRECTION('',(9.801714032956E-02,-5.072433305238E-16,
    -0.995184726672));
#57 = ADVANCED_FACE('',(#58),#83,.T.);
#58 = FACE_BOUND('',#59,.T.);
#59 = EDGE_LOOP('',(#60,#61,#69,#77));
#60 = ORIENTED_EDGE('',*,*,#39,.T.);
#61 = ORIENTED_EDGE('',*,*,#62,.T.);
#62 = EDGE_CURVE('',#32,#63,#65,.T.);
#63 = VERTEX_POINT('',#64);
#64 = CARTESIAN_POINT('',(-21.23075906502,27.,-21.24836686473));
#65 = LINE('',#66,#67);
#66 = CARTESIAN_POINT('',(-21.3445705608,27.,-20.87318064403));
#67 = VECTOR('',#68,1.);
#68 = DIRECTION('',(0.290284677254,-6.183353169992E-16,-0.956940335732)
  );
#69 = ORIENTED_EDGE('',*,*,#70,.F.);
#70 = EDGE_CURVE('',#71,#63,#73,.T.);
#71 = VERTEX_POINT('',#72);
#72 = CARTESIAN_POINT('',(-21.23075906502,25.,-21.24836686473));
#73 = LINE('',#74,#75);
#74 = CARTESIAN_POINT('',(-21.23075906502,25.,-21.24836686473));
#75 = VECTOR('',#76,1.);
#76 = DIRECTION('',(4.440892098501E-16,1.,-6.661338147751E-16));
#77 = ORIENTED_EDGE('',*,*,#78,.F.);
#78 = EDGE_CURVE('',#40,#71,#79,.T.);
#79 = LINE('',#80,#81);
#80 = CARTESIAN_POINT('',(-21.3445705608,25.,-20.87318064403));
#81 = VECTOR('',#82,1.);
#82 = DIRECTION('',(0.290284677254,-6.183353169992E-16,-0.956940335732)
  );
#83 = PLANE('',#84);
#84 = AXIS2_PLACEMENT_3D('',#85,#86,#87);
#85 = CARTESIAN_POINT('',(-21.3445705608,25.,-20.87318064403));
#86 = DIRECTION('',(-0.956940335732,5.085380233999E-16,-0.290284677254)
  );
#87 = DIRECTION('',(0.290284677254,-6.183353169992E-16,-0.956940335732)
  );
#88 = ADVANCED_FACE('',(#89,#1003,#1080,#1114,#1148,#1374,#1536,#1746,
    #1780,#1814,#1891,#2117,#2327),#2361,.F.);
#89 = FACE_BOUND('',#90,.F.);
#90 = EDGE_LOOP('',(#91,#101,#109,#117,#125,#133,#141,#149,#157,#165,
    #173,#181,#189,#197,#205,#213,#221,#229,#235,#236,#237,#245,#253,
    #261,#269,#277,#285,#293,#301,#309,#317,#325,#333,#341,#349,#357,
    #365,#373,#381,#389,#397,#405,#413,#421,#429,#437,#445,#453,#461,
    #469,#477,#485,#493,#501,#509,#517,#525,#533,#541,#549,#557,#565,
    #573,#581,#589,#597,#605,#613,#621,#629,#637,#645,#653,#661,#669,
    #677,#685,#693,#701,#709,#717,#725,#733,#741,#749,#757,#765,#773,
    #781,#789,#797,#805,#813,#821,#829,#837,#845,#853,#861,#869,#877,
    #885,#893,#901,#909,#917,#925,#933,#941,#949,#957,#965,#973,#981,
    #989,#997));
#91 = ORIENTED_EDGE('',*,*,#92,.T.);
#92 = EDGE_CURVE('',#93,#95,#97,.T.);
#93 = VERTEX_POINT('',#94);
#94 = CARTESIAN_POINT('',(-26.64721356237,27.,40.902786437627));
#95 = VERTEX_POINT('',#96);
#96 = CARTESIAN_POINT('',(-26.34414046603,27.,40.654060775395));
#97 = LINE('',#98,#99);
#98 = CARTESIAN_POINT('',(-26.64721356237,27.,40.902786437627));
#99 = VECTOR('',#100,1.);
#100 = DIRECTION('',(0.773010453363,-7.96655614458E-16,-0.634393284164)
  );
#101 = ORIENTED_EDGE('',*,*,#102,.T.);
#102 = EDGE_CURVE('',#95,#103,#105,.T.);
#103 = VERTEX_POINT('',#104);
#104 = CARTESIAN_POINT('',(-25.99836686473,27.,40.469240934977));
#105 = LINE('',#106,#107);
#106 = CARTESIAN_POINT('',(-26.34414046603,27.,40.654060775395));
#107 = VECTOR('',#108,1.);
#108 = DIRECTION('',(0.881921264348,-7.968197805346E-16,-0.471396736826)
  );
#109 = ORIENTED_EDGE('',*,*,#110,.T.);
#110 = EDGE_CURVE('',#103,#111,#113,.T.);
#111 = VERTEX_POINT('',#112);
#112 = CARTESIAN_POINT('',(-25.62318064403,27.,40.355429439194));
#113 = LINE('',#114,#115);
#114 = CARTESIAN_POINT('',(-25.99836686473,27.,40.469240934977));
#115 = VECTOR('',#116,1.);
#116 = DIRECTION('',(0.956940335732,-7.66362609307E-16,-0.290284677254)
  );
#117 = ORIENTED_EDGE('',*,*,#118,.T.);
#118 = EDGE_CURVE('',#111,#119,#121,.T.);
#119 = VERTEX_POINT('',#120);
#120 = CARTESIAN_POINT('',(-25.233,27.,40.317));
#121 = LINE('',#122,#123);
#122 = CARTESIAN_POINT('',(-25.62318064403,27.,40.355429439194));
#123 = VECTOR('',#124,1.);
#124 = DIRECTION('',(0.995184726672,-7.064545527848E-16,
    -9.801714032957E-02));
#125 = ORIENTED_EDGE('',*,*,#126,.T.);
#126 = EDGE_CURVE('',#119,#127,#129,.T.);
#127 = VERTEX_POINT('',#128);
#128 = CARTESIAN_POINT('',(-21.383,27.,40.317));
#129 = LINE('',#130,#131);
#130 = CARTESIAN_POINT('',(-25.233,27.,40.317));
#131 = VECTOR('',#132,1.);
#132 = DIRECTION('',(1.,-6.661338147751E-16,4.440892098501E-16));
#133 = ORIENTED_EDGE('',*,*,#134,.T.);
#134 = EDGE_CURVE('',#127,#135,#137,.T.);
#135 = VERTEX_POINT('',#136);
#136 = CARTESIAN_POINT('',(-21.383,27.,26.85));
#137 = LINE('',#138,#139);
#138 = CARTESIAN_POINT('',(-21.383,27.,40.317));
#139 = VECTOR('',#140,1.);
#140 = DIRECTION('',(6.661338147751E-16,-4.440892098501E-16,-1.));
#141 = ORIENTED_EDGE('',*,*,#142,.F.);
#142 = EDGE_CURVE('',#143,#135,#145,.T.);
#143 = VERTEX_POINT('',#144);
#144 = CARTESIAN_POINT('',(-19.383,27.,26.85));
#145 = LINE('',#146,#147);
#146 = CARTESIAN_POINT('',(-10.6915,27.,26.85));
#147 = VECTOR('',#148,1.);
#148 = DIRECTION('',(-1.,4.440892098501E-16,9.860761315263E-32));
#149 = ORIENTED_EDGE('',*,*,#150,.T.);
#150 = EDGE_CURVE('',#143,#151,#153,.T.);
#151 = VERTEX_POINT('',#152);
#152 = CARTESIAN_POINT('',(-19.383,27.,26.917));
#153 = LINE('',#154,#155);
#154 = CARTESIAN_POINT('',(-19.383,27.,19.670978644465));
#155 = VECTOR('',#156,1.);
#156 = DIRECTION('',(0.,6.661338147751E-16,1.));
#157 = ORIENTED_EDGE('',*,*,#158,.F.);
#158 = EDGE_CURVE('',#159,#151,#161,.T.);
#159 = VERTEX_POINT('',#160);
#160 = CARTESIAN_POINT('',(-17.348,27.,26.917));
#161 = LINE('',#162,#163);
#162 = CARTESIAN_POINT('',(-9.6915,27.,26.917));
#163 = VECTOR('',#164,1.);
#164 = DIRECTION('',(-1.,4.440892098501E-16,0.));
#165 = ORIENTED_EDGE('',*,*,#166,.F.);
#166 = EDGE_CURVE('',#167,#159,#169,.T.);
#167 = VERTEX_POINT('',#168);
#168 = CARTESIAN_POINT('',(-17.348,27.,19.883));
#169 = LINE('',#170,#171);
#170 = CARTESIAN_POINT('',(-17.348,27.,19.670978644465));
#171 = VECTOR('',#172,1.);
#172 = DIRECTION('',(0.,6.661338147751E-16,1.));
#173 = ORIENTED_EDGE('',*,*,#174,.T.);
#174 = EDGE_CURVE('',#167,#175,#177,.T.);
#175 = VERTEX_POINT('',#176);
#176 = CARTESIAN_POINT('',(-19.383,27.,19.883));
#177 = LINE('',#178,#179);
#178 = CARTESIAN_POINT('',(-9.6915,27.,19.883));
#179 = VECTOR('',#180,1.);
#180 = DIRECTION('',(-1.,4.440892098501E-16,0.));
#181 = ORIENTED_EDGE('',*,*,#182,.T.);
#182 = EDGE_CURVE('',#175,#183,#185,.T.);
#183 = VERTEX_POINT('',#184);
#184 = CARTESIAN_POINT('',(-19.383,27.,-9.783));
#185 = LINE('',#186,#187);
#186 = CARTESIAN_POINT('',(-19.383,27.,12.254478644465));
#187 = VECTOR('',#188,1.);
#188 = DIRECTION('',(-2.22044604925E-16,-6.661338147751E-16,-1.));
#189 = ORIENTED_EDGE('',*,*,#190,.F.);
#190 = EDGE_CURVE('',#191,#183,#193,.T.);
#191 = VERTEX_POINT('',#192);
#192 = CARTESIAN_POINT('',(-17.348,27.,-9.783));
#193 = LINE('',#194,#195);
#194 = CARTESIAN_POINT('',(-9.6915,27.,-9.783));
#195 = VECTOR('',#196,1.);
#196 = DIRECTION('',(-1.,4.440892098501E-16,0.));
#197 = ORIENTED_EDGE('',*,*,#198,.F.);
#198 = EDGE_CURVE('',#199,#191,#201,.T.);
#199 = VERTEX_POINT('',#200);
#200 = CARTESIAN_POINT('',(-17.348,27.,-16.817));
#201 = LINE('',#202,#203);
#202 = CARTESIAN_POINT('',(-17.348,27.,1.320978644465));
#203 = VECTOR('',#204,1.);
#204 = DIRECTION('',(0.,6.661338147751E-16,1.));
#205 = ORIENTED_EDGE('',*,*,#206,.T.);
#206 = EDGE_CURVE('',#199,#207,#209,.T.);
#207 = VERTEX_POINT('',#208);
#208 = CARTESIAN_POINT('',(-19.383,27.,-16.817));
#209 = LINE('',#210,#211);
#210 = CARTESIAN_POINT('',(-9.6915,27.,-16.817));
#211 = VECTOR('',#212,1.);
#212 = DIRECTION('',(-1.,4.440892098501E-16,0.));
#213 = ORIENTED_EDGE('',*,*,#214,.T.);
#214 = EDGE_CURVE('',#207,#215,#217,.T.);
#215 = VERTEX_POINT('',#216);
#216 = CARTESIAN_POINT('',(-19.383,27.,-16.75));
#217 = LINE('',#218,#219);
#218 = CARTESIAN_POINT('',(-19.383,27.,1.320978644465));
#219 = VECTOR('',#220,1.);
#220 = DIRECTION('',(0.,6.661338147751E-16,1.));
#221 = ORIENTED_EDGE('',*,*,#222,.F.);
#222 = EDGE_CURVE('',#223,#215,#225,.T.);
#223 = VERTEX_POINT('',#224);
#224 = CARTESIAN_POINT('',(-21.383,27.,-16.75));
#225 = LINE('',#226,#227);
#226 = CARTESIAN_POINT('',(-10.6915,27.,-16.75));
#227 = VECTOR('',#228,1.);
#228 = DIRECTION('',(1.,-4.440892098501E-16,-9.860761315263E-32));
#229 = ORIENTED_EDGE('',*,*,#230,.T.);
#230 = EDGE_CURVE('',#223,#24,#231,.T.);
#231 = LINE('',#232,#233);
#232 = CARTESIAN_POINT('',(-21.383,27.,40.317));
#233 = VECTOR('',#234,1.);
#234 = DIRECTION('',(6.661338147751E-16,-4.440892098501E-16,-1.));
#235 = ORIENTED_EDGE('',*,*,#31,.T.);
#236 = ORIENTED_EDGE('',*,*,#62,.T.);
#237 = ORIENTED_EDGE('',*,*,#238,.T.);
#238 = EDGE_CURVE('',#63,#239,#241,.T.);
#239 = VERTEX_POINT('',#240);
#240 = CARTESIAN_POINT('',(-21.0459392246,27.,-21.59414046603));
#241 = LINE('',#242,#243);
#242 = CARTESIAN_POINT('',(-21.23075906502,27.,-21.24836686473));
#243 = VECTOR('',#244,1.);
#244 = DIRECTION('',(0.471396736826,-7.056650240089E-16,-0.881921264348)
  );
#245 = ORIENTED_EDGE('',*,*,#246,.T.);
#246 = EDGE_CURVE('',#239,#247,#249,.T.);
#247 = VERTEX_POINT('',#248);
#248 = CARTESIAN_POINT('',(-20.79721356237,27.,-21.89721356237));
#249 = LINE('',#250,#251);
#250 = CARTESIAN_POINT('',(-21.0459392246,27.,-21.59414046603));
#251 = VECTOR('',#252,1.);
#252 = DIRECTION('',(0.634393284164,-7.658764198873E-16,-0.773010453363)
  );
#253 = ORIENTED_EDGE('',*,*,#254,.T.);
#254 = EDGE_CURVE('',#247,#255,#257,.T.);
#255 = VERTEX_POINT('',#256);
#256 = CARTESIAN_POINT('',(-20.49414046603,27.,-22.1459392246));
#257 = LINE('',#258,#259);
#258 = CARTESIAN_POINT('',(-20.79721356237,27.,-21.89721356237));
#259 = VECTOR('',#260,1.);
#260 = DIRECTION('',(0.773010453363,-7.96655614458E-16,-0.634393284164)
  );
#261 = ORIENTED_EDGE('',*,*,#262,.T.);
#262 = EDGE_CURVE('',#255,#263,#265,.T.);
#263 = VERTEX_POINT('',#264);
#264 = CARTESIAN_POINT('',(-20.14836686473,27.,-22.33075906502));
#265 = LINE('',#266,#267);
#266 = CARTESIAN_POINT('',(-20.49414046603,27.,-22.1459392246));
#267 = VECTOR('',#268,1.);
#268 = DIRECTION('',(0.881921264348,-7.968197805346E-16,-0.471396736826)
  );
#269 = ORIENTED_EDGE('',*,*,#270,.T.);
#270 = EDGE_CURVE('',#263,#271,#273,.T.);
#271 = VERTEX_POINT('',#272);
#272 = CARTESIAN_POINT('',(-19.77318064403,27.,-22.4445705608));
#273 = LINE('',#274,#275);
#274 = CARTESIAN_POINT('',(-20.14836686473,27.,-22.33075906502));
#275 = VECTOR('',#276,1.);
#276 = DIRECTION('',(0.956940335732,-7.66362609307E-16,-0.290284677254)
  );
#277 = ORIENTED_EDGE('',*,*,#278,.T.);
#278 = EDGE_CURVE('',#271,#279,#281,.T.);
#279 = VERTEX_POINT('',#280);
#280 = CARTESIAN_POINT('',(-19.383,27.,-22.483));
#281 = LINE('',#282,#283);
#282 = CARTESIAN_POINT('',(-19.77318064403,27.,-22.4445705608));
#283 = VECTOR('',#284,1.);
#284 = DIRECTION('',(0.995184726672,-7.064545527848E-16,
    -9.801714032956E-02));
#285 = ORIENTED_EDGE('',*,*,#286,.T.);
#286 = EDGE_CURVE('',#279,#287,#289,.T.);
#287 = VERTEX_POINT('',#288);
#288 = CARTESIAN_POINT('',(-5.483,27.,-22.483));
#289 = LINE('',#290,#291);
#290 = CARTESIAN_POINT('',(-19.383,27.,-22.483));
#291 = VECTOR('',#292,1.);
#292 = DIRECTION('',(1.,-6.661338147751E-16,4.440892098501E-16));
#293 = ORIENTED_EDGE('',*,*,#294,.T.);
#294 = EDGE_CURVE('',#287,#295,#297,.T.);
#295 = VERTEX_POINT('',#296);
#296 = CARTESIAN_POINT('',(-5.483,27.,-12.917));
#297 = LINE('',#298,#299);
#298 = CARTESIAN_POINT('',(-5.483,27.,-2.512021355535));
#299 = VECTOR('',#300,1.);
#300 = DIRECTION('',(0.,6.661338147751E-16,1.));
#301 = ORIENTED_EDGE('',*,*,#302,.F.);
#302 = EDGE_CURVE('',#303,#295,#305,.T.);
#303 = VERTEX_POINT('',#304);
#304 = CARTESIAN_POINT('',(5.483,27.,-12.917));
#305 = LINE('',#306,#307);
#306 = CARTESIAN_POINT('',(2.5085,27.,-12.917));
#307 = VECTOR('',#308,1.);
#308 = DIRECTION('',(-1.,4.440892098501E-16,0.));
#309 = ORIENTED_EDGE('',*,*,#310,.F.);
#310 = EDGE_CURVE('',#311,#303,#313,.T.);
#311 = VERTEX_POINT('',#312);
#312 = CARTESIAN_POINT('',(5.483,27.,-22.483));
#313 = LINE('',#314,#315);
#314 = CARTESIAN_POINT('',(5.483,27.,-2.512021355535));
#315 = VECTOR('',#316,1.);
#316 = DIRECTION('',(0.,6.661338147751E-16,1.));
#317 = ORIENTED_EDGE('',*,*,#318,.T.);
#318 = EDGE_CURVE('',#311,#319,#321,.T.);
#319 = VERTEX_POINT('',#320);
#320 = CARTESIAN_POINT('',(19.383,27.,-22.483));
#321 = LINE('',#322,#323);
#322 = CARTESIAN_POINT('',(-19.383,27.,-22.483));
#323 = VECTOR('',#324,1.);
#324 = DIRECTION('',(1.,-6.661338147751E-16,4.440892098501E-16));
#325 = ORIENTED_EDGE('',*,*,#326,.T.);
#326 = EDGE_CURVE('',#319,#327,#329,.T.);
#327 = VERTEX_POINT('',#328);
#328 = CARTESIAN_POINT('',(19.773180644032,27.,-22.4445705608));
#329 = LINE('',#330,#331);
#330 = CARTESIAN_POINT('',(19.383,27.,-22.483));
#331 = VECTOR('',#332,1.);
#332 = DIRECTION('',(0.995184726672,-6.193978439833E-16,
    9.801714032956E-02));
#333 = ORIENTED_EDGE('',*,*,#334,.T.);
#334 = EDGE_CURVE('',#327,#335,#337,.T.);
#335 = VERTEX_POINT('',#336);
#336 = CARTESIAN_POINT('',(20.14836686473,27.,-22.33075906502));
#337 = LINE('',#338,#339);
#338 = CARTESIAN_POINT('',(19.773180644032,27.,-22.4445705608));
#339 = VECTOR('',#340,1.);
#340 = DIRECTION('',(0.956940335732,-5.085380233999E-16,0.290284677254)
  );
#341 = ORIENTED_EDGE('',*,*,#342,.T.);
#342 = EDGE_CURVE('',#335,#343,#345,.T.);
#343 = VERTEX_POINT('',#344);
#344 = CARTESIAN_POINT('',(20.494140466039,27.,-22.1459392246));
#345 = LINE('',#346,#347);
#346 = CARTESIAN_POINT('',(20.14836686473,27.,-22.33075906502));
#347 = VECTOR('',#348,1.);
#348 = DIRECTION('',(0.881921264348,-3.781353717687E-16,0.471396736826)
  );
#349 = ORIENTED_EDGE('',*,*,#350,.T.);
#350 = EDGE_CURVE('',#343,#351,#353,.T.);
#351 = VERTEX_POINT('',#352);
#352 = CARTESIAN_POINT('',(20.797213562373,27.,-21.89721356237));
#353 = LINE('',#354,#355);
#354 = CARTESIAN_POINT('',(20.494140466039,27.,-22.1459392246));
#355 = VECTOR('',#356,1.);
#356 = DIRECTION('',(0.773010453363,-2.332011898611E-16,0.634393284164)
  );
#357 = ORIENTED_EDGE('',*,*,#358,.T.);
#358 = EDGE_CURVE('',#351,#359,#361,.T.);
#359 = VERTEX_POINT('',#360);
#360 = CARTESIAN_POINT('',(21.045939224605,27.,-21.59414046603));
#361 = LINE('',#362,#363);
#362 = CARTESIAN_POINT('',(20.797213562373,27.,-21.89721356237));
#363 = VECTOR('',#364,1.);
#364 = DIRECTION('',(0.634393284164,-7.930521700793E-17,0.773010453363)
  );
#365 = ORIENTED_EDGE('',*,*,#366,.T.);
#366 = EDGE_CURVE('',#359,#367,#369,.T.);
#367 = VERTEX_POINT('',#368);
#368 = CARTESIAN_POINT('',(21.230759065023,27.,-21.24836686473));
#369 = LINE('',#370,#371);
#370 = CARTESIAN_POINT('',(21.045939224605,27.,-21.59414046603));
#371 = VECTOR('',#372,1.);
#372 = DIRECTION('',(0.471396736826,7.763841086E-17,0.881921264348));
#373 = ORIENTED_EDGE('',*,*,#374,.T.);
#374 = EDGE_CURVE('',#367,#375,#377,.T.);
#375 = VERTEX_POINT('',#376);
#376 = CARTESIAN_POINT('',(21.344570560806,27.,-20.87318064403));
#377 = LINE('',#378,#379);
#378 = CARTESIAN_POINT('',(21.230759065023,27.,-21.24836686473));
#379 = VECTOR('',#380,1.);
#380 = DIRECTION('',(0.290284677254,2.315984381387E-16,0.956940335732));
#381 = ORIENTED_EDGE('',*,*,#382,.T.);
#382 = EDGE_CURVE('',#375,#383,#385,.T.);
#383 = VERTEX_POINT('',#384);
#384 = CARTESIAN_POINT('',(21.383,27.,-20.483));
#385 = LINE('',#386,#387);
#386 = CARTESIAN_POINT('',(21.344570560806,27.,-20.87318064403));
#387 = VECTOR('',#388,1.);
#388 = DIRECTION('',(9.801714032956E-02,3.766582673216E-16,
    0.995184726672));
#389 = ORIENTED_EDGE('',*,*,#390,.T.);
#390 = EDGE_CURVE('',#383,#391,#393,.T.);
#391 = VERTEX_POINT('',#392);
#392 = CARTESIAN_POINT('',(21.383,27.,-16.75));
#393 = LINE('',#394,#395);
#394 = CARTESIAN_POINT('',(21.383,27.,-20.483));
#395 = VECTOR('',#396,1.);
#396 = DIRECTION('',(-6.661338147751E-16,4.440892098501E-16,1.));
#397 = ORIENTED_EDGE('',*,*,#398,.F.);
#398 = EDGE_CURVE('',#399,#391,#401,.T.);
#399 = VERTEX_POINT('',#400);
#400 = CARTESIAN_POINT('',(19.383,27.,-16.75));
#401 = LINE('',#402,#403);
#402 = CARTESIAN_POINT('',(9.6915,27.,-16.75));
#403 = VECTOR('',#404,1.);
#404 = DIRECTION('',(1.,-4.440892098501E-16,-9.860761315263E-32));
#405 = ORIENTED_EDGE('',*,*,#406,.F.);
#406 = EDGE_CURVE('',#407,#399,#409,.T.);
#407 = VERTEX_POINT('',#408);
#408 = CARTESIAN_POINT('',(19.383,27.,-16.817));
#409 = LINE('',#410,#411);
#410 = CARTESIAN_POINT('',(19.383,27.,1.320978644465));
#411 = VECTOR('',#412,1.);
#412 = DIRECTION('',(0.,6.661338147751E-16,1.));
#413 = ORIENTED_EDGE('',*,*,#414,.T.);
#414 = EDGE_CURVE('',#407,#415,#417,.T.);
#415 = VERTEX_POINT('',#416);
#416 = CARTESIAN_POINT('',(17.348,27.,-16.817));
#417 = LINE('',#418,#419);
#418 = CARTESIAN_POINT('',(8.674,27.,-16.817));
#419 = VECTOR('',#420,1.);
#420 = DIRECTION('',(-1.,4.440892098501E-16,0.));
#421 = ORIENTED_EDGE('',*,*,#422,.T.);
#422 = EDGE_CURVE('',#415,#423,#425,.T.);
#423 = VERTEX_POINT('',#424);
#424 = CARTESIAN_POINT('',(17.348,27.,-9.783));
#425 = LINE('',#426,#427);
#426 = CARTESIAN_POINT('',(17.348,27.,1.320978644465));
#427 = VECTOR('',#428,1.);
#428 = DIRECTION('',(0.,6.661338147751E-16,1.));
#429 = ORIENTED_EDGE('',*,*,#430,.F.);
#430 = EDGE_CURVE('',#431,#423,#433,.T.);
#431 = VERTEX_POINT('',#432);
#432 = CARTESIAN_POINT('',(19.383,27.,-9.783));
#433 = LINE('',#434,#435);
#434 = CARTESIAN_POINT('',(8.674,27.,-9.783));
#435 = VECTOR('',#436,1.);
#436 = DIRECTION('',(-1.,4.440892098501E-16,0.));
#437 = ORIENTED_EDGE('',*,*,#438,.F.);
#438 = EDGE_CURVE('',#439,#431,#441,.T.);
#439 = VERTEX_POINT('',#440);
#440 = CARTESIAN_POINT('',(19.383,27.,19.883));
#441 = LINE('',#442,#443);
#442 = CARTESIAN_POINT('',(19.383,27.,12.254478644465));
#443 = VECTOR('',#444,1.);
#444 = DIRECTION('',(-2.22044604925E-16,-6.661338147751E-16,-1.));
#445 = ORIENTED_EDGE('',*,*,#446,.T.);
#446 = EDGE_CURVE('',#439,#447,#449,.T.);
#447 = VERTEX_POINT('',#448);
#448 = CARTESIAN_POINT('',(17.348,27.,19.883));
#449 = LINE('',#450,#451);
#450 = CARTESIAN_POINT('',(8.674,27.,19.883));
#451 = VECTOR('',#452,1.);
#452 = DIRECTION('',(-1.,4.440892098501E-16,0.));
#453 = ORIENTED_EDGE('',*,*,#454,.T.);
#454 = EDGE_CURVE('',#447,#455,#457,.T.);
#455 = VERTEX_POINT('',#456);
#456 = CARTESIAN_POINT('',(17.348,27.,26.917));
#457 = LINE('',#458,#459);
#458 = CARTESIAN_POINT('',(17.348,27.,19.670978644465));
#459 = VECTOR('',#460,1.);
#460 = DIRECTION('',(0.,6.661338147751E-16,1.));
#461 = ORIENTED_EDGE('',*,*,#462,.F.);
#462 = EDGE_CURVE('',#463,#455,#465,.T.);
#463 = VERTEX_POINT('',#464);
#464 = CARTESIAN_POINT('',(19.383,27.,26.917));
#465 = LINE('',#466,#467);
#466 = CARTESIAN_POINT('',(8.674,27.,26.917));
#467 = VECTOR('',#468,1.);
#468 = DIRECTION('',(-1.,4.440892098501E-16,0.));
#469 = ORIENTED_EDGE('',*,*,#470,.F.);
#470 = EDGE_CURVE('',#471,#463,#473,.T.);
#471 = VERTEX_POINT('',#472);
#472 = CARTESIAN_POINT('',(19.383,27.,26.85));
#473 = LINE('',#474,#475);
#474 = CARTESIAN_POINT('',(19.383,27.,19.670978644465));
#475 = VECTOR('',#476,1.);
#476 = DIRECTION('',(0.,6.661338147751E-16,1.));
#477 = ORIENTED_EDGE('',*,*,#478,.F.);
#478 = EDGE_CURVE('',#479,#471,#481,.T.);
#479 = VERTEX_POINT('',#480);
#480 = CARTESIAN_POINT('',(21.383,27.,26.85));
#481 = LINE('',#482,#483);
#482 = CARTESIAN_POINT('',(9.6915,27.,26.85));
#483 = VECTOR('',#484,1.);
#484 = DIRECTION('',(-1.,4.440892098501E-16,9.860761315263E-32));
#485 = ORIENTED_EDGE('',*,*,#486,.T.);
#486 = EDGE_CURVE('',#479,#487,#489,.T.);
#487 = VERTEX_POINT('',#488);
#488 = CARTESIAN_POINT('',(21.383,27.,40.317));
#489 = LINE('',#490,#491);
#490 = CARTESIAN_POINT('',(21.383,27.,-20.483));
#491 = VECTOR('',#492,1.);
#492 = DIRECTION('',(-6.661338147751E-16,4.440892098501E-16,1.));
#493 = ORIENTED_EDGE('',*,*,#494,.T.);
#494 = EDGE_CURVE('',#487,#495,#497,.T.);
#495 = VERTEX_POINT('',#496);
#496 = CARTESIAN_POINT('',(25.233,27.,40.317));
#497 = LINE('',#498,#499);
#498 = CARTESIAN_POINT('',(21.383,27.,40.317));
#499 = VECTOR('',#500,1.);
#500 = DIRECTION('',(1.,-6.661338147751E-16,4.440892098501E-16));
#501 = ORIENTED_EDGE('',*,*,#502,.T.);
#502 = EDGE_CURVE('',#495,#503,#505,.T.);
#503 = VERTEX_POINT('',#504);
#504 = CARTESIAN_POINT('',(25.623180644032,27.,40.355429439194));
#505 = LINE('',#506,#507);
#506 = CARTESIAN_POINT('',(25.233,27.,40.317));
#507 = VECTOR('',#508,1.);
#508 = DIRECTION('',(0.995184726672,-6.193978439833E-16,
    9.801714032957E-02));
#509 = ORIENTED_EDGE('',*,*,#510,.T.);
#510 = EDGE_CURVE('',#503,#511,#513,.T.);
#511 = VERTEX_POINT('',#512);
#512 = CARTESIAN_POINT('',(25.99836686473,27.,40.469240934977));
#513 = LINE('',#514,#515);
#514 = CARTESIAN_POINT('',(25.623180644032,27.,40.355429439194));
#515 = VECTOR('',#516,1.);
#516 = DIRECTION('',(0.956940335732,-5.085380233999E-16,0.290284677254)
  );
#517 = ORIENTED_EDGE('',*,*,#518,.T.);
#518 = EDGE_CURVE('',#511,#519,#521,.T.);
#519 = VERTEX_POINT('',#520);
#520 = CARTESIAN_POINT('',(26.344140466039,27.,40.654060775395));
#521 = LINE('',#522,#523);
#522 = CARTESIAN_POINT('',(25.99836686473,27.,40.469240934977));
#523 = VECTOR('',#524,1.);
#524 = DIRECTION('',(0.881921264348,-3.781353717687E-16,0.471396736826)
  );
#525 = ORIENTED_EDGE('',*,*,#526,.T.);
#526 = EDGE_CURVE('',#519,#527,#529,.T.);
#527 = VERTEX_POINT('',#528);
#528 = CARTESIAN_POINT('',(26.647213562373,27.,40.902786437627));
#529 = LINE('',#530,#531);
#530 = CARTESIAN_POINT('',(26.344140466039,27.,40.654060775395));
#531 = VECTOR('',#532,1.);
#532 = DIRECTION('',(0.773010453363,-2.332011898611E-16,0.634393284164)
  );
#533 = ORIENTED_EDGE('',*,*,#534,.T.);
#534 = EDGE_CURVE('',#527,#535,#537,.T.);
#535 = VERTEX_POINT('',#536);
#536 = CARTESIAN_POINT('',(26.895939224605,27.,41.205859533961));
#537 = LINE('',#538,#539);
#538 = CARTESIAN_POINT('',(26.647213562373,27.,40.902786437627));
#539 = VECTOR('',#540,1.);
#540 = DIRECTION('',(0.634393284164,-7.930521700793E-17,0.773010453363)
  );
#541 = ORIENTED_EDGE('',*,*,#542,.T.);
#542 = EDGE_CURVE('',#535,#543,#545,.T.);
#543 = VERTEX_POINT('',#544);
#544 = CARTESIAN_POINT('',(27.080759065023,27.,41.55163313527));
#545 = LINE('',#546,#547);
#546 = CARTESIAN_POINT('',(26.895939224605,27.,41.205859533961));
#547 = VECTOR('',#548,1.);
#548 = DIRECTION('',(0.471396736826,7.763841086E-17,0.881921264348));
#549 = ORIENTED_EDGE('',*,*,#550,.T.);
#550 = EDGE_CURVE('',#543,#551,#553,.T.);
#551 = VERTEX_POINT('',#552);
#552 = CARTESIAN_POINT('',(27.194570560806,27.,41.926819355968));
#553 = LINE('',#554,#555);
#554 = CARTESIAN_POINT('',(27.080759065023,27.,41.55163313527));
#555 = VECTOR('',#556,1.);
#556 = DIRECTION('',(0.290284677254,2.315984381387E-16,0.956940335732));
#557 = ORIENTED_EDGE('',*,*,#558,.T.);
#558 = EDGE_CURVE('',#551,#559,#561,.T.);
#559 = VERTEX_POINT('',#560);
#560 = CARTESIAN_POINT('',(27.233,27.,42.317));
#561 = LINE('',#562,#563);
#562 = CARTESIAN_POINT('',(27.194570560806,27.,41.926819355968));
#563 = VECTOR('',#564,1.);
#564 = DIRECTION('',(9.801714032956E-02,3.766582673216E-16,
    0.995184726672));
#565 = ORIENTED_EDGE('',*,*,#566,.T.);
#566 = EDGE_CURVE('',#559,#567,#569,.T.);
#567 = VERTEX_POINT('',#568);
#568 = CARTESIAN_POINT('',(27.233,27.,53.7887908));
#569 = LINE('',#570,#571);
#570 = CARTESIAN_POINT('',(27.233,27.,42.317));
#571 = VECTOR('',#572,1.);
#572 = DIRECTION('',(-6.661338147751E-16,4.440892098501E-16,1.));
#573 = ORIENTED_EDGE('',*,*,#574,.T.);
#574 = EDGE_CURVE('',#567,#575,#577,.T.);
#575 = VERTEX_POINT('',#576);
#576 = CARTESIAN_POINT('',(27.194570560806,27.,54.178971444032));
#577 = LINE('',#578,#579);
#578 = CARTESIAN_POINT('',(27.233,27.,53.7887908));
#579 = VECTOR('',#580,1.);
#580 = DIRECTION('',(-9.801714032956E-02,5.072433305238E-16,
    0.995184726672));
#581 = ORIENTED_EDGE('',*,*,#582,.T.);
#582 = EDGE_CURVE('',#575,#583,#585,.T.);
#583 = VERTEX_POINT('',#584);
#584 = CARTESIAN_POINT('',(27.080759065023,27.,54.55415766473));
#585 = LINE('',#586,#587);
#586 = CARTESIAN_POINT('',(27.194570560806,27.,54.178971444032));
#587 = VECTOR('',#588,1.);
#588 = DIRECTION('',(-0.290284677254,6.183353169992E-16,0.956940335732)
  );
#589 = ORIENTED_EDGE('',*,*,#590,.T.);
#590 = EDGE_CURVE('',#583,#591,#593,.T.);
#591 = VERTEX_POINT('',#592);
#592 = CARTESIAN_POINT('',(26.895939224605,27.,54.899931266039));
#593 = LINE('',#594,#595);
#594 = CARTESIAN_POINT('',(27.080759065023,27.,54.55415766473));
#595 = VECTOR('',#596,1.);
#596 = DIRECTION('',(-0.471396736826,7.056650240089E-16,0.881921264348)
  );
#597 = ORIENTED_EDGE('',*,*,#598,.T.);
#598 = EDGE_CURVE('',#591,#599,#601,.T.);
#599 = VERTEX_POINT('',#600);
#600 = CARTESIAN_POINT('',(26.647213562373,27.,55.203004362373));
#601 = LINE('',#602,#603);
#602 = CARTESIAN_POINT('',(26.895939224605,27.,54.899931266039));
#603 = VECTOR('',#604,1.);
#604 = DIRECTION('',(-0.634393284164,7.658764198873E-16,0.773010453363)
  );
#605 = ORIENTED_EDGE('',*,*,#606,.T.);
#606 = EDGE_CURVE('',#599,#607,#609,.T.);
#607 = VERTEX_POINT('',#608);
#608 = CARTESIAN_POINT('',(26.344140466039,27.,55.451730024605));
#609 = LINE('',#610,#611);
#610 = CARTESIAN_POINT('',(26.647213562373,27.,55.203004362373));
#611 = VECTOR('',#612,1.);
#612 = DIRECTION('',(-0.773010453363,7.96655614458E-16,0.634393284164));
#613 = ORIENTED_EDGE('',*,*,#614,.T.);
#614 = EDGE_CURVE('',#607,#615,#617,.T.);
#615 = VERTEX_POINT('',#616);
#616 = CARTESIAN_POINT('',(25.99836686473,27.,55.636549865023));
#617 = LINE('',#618,#619);
#618 = CARTESIAN_POINT('',(26.344140466039,27.,55.451730024605));
#619 = VECTOR('',#620,1.);
#620 = DIRECTION('',(-0.881921264348,7.968197805346E-16,0.471396736826)
  );
#621 = ORIENTED_EDGE('',*,*,#622,.T.);
#622 = EDGE_CURVE('',#615,#623,#625,.T.);
#623 = VERTEX_POINT('',#624);
#624 = CARTESIAN_POINT('',(25.623180644032,27.,55.750361360806));
#625 = LINE('',#626,#627);
#626 = CARTESIAN_POINT('',(25.99836686473,27.,55.636549865023));
#627 = VECTOR('',#628,1.);
#628 = DIRECTION('',(-0.956940335732,7.66362609307E-16,0.290284677254));
#629 = ORIENTED_EDGE('',*,*,#630,.T.);
#630 = EDGE_CURVE('',#623,#631,#633,.T.);
#631 = VERTEX_POINT('',#632);
#632 = CARTESIAN_POINT('',(25.233,27.,55.7887908));
#633 = LINE('',#634,#635);
#634 = CARTESIAN_POINT('',(25.623180644032,27.,55.750361360806));
#635 = VECTOR('',#636,1.);
#636 = DIRECTION('',(-0.995184726672,7.064545527848E-16,
    9.801714032957E-02));
#637 = ORIENTED_EDGE('',*,*,#638,.T.);
#638 = EDGE_CURVE('',#631,#639,#641,.T.);
#639 = VERTEX_POINT('',#640);
#640 = CARTESIAN_POINT('',(3.183,27.,56.9442108));
#641 = LINE('',#642,#643);
#642 = CARTESIAN_POINT('',(25.233,27.,55.7887908));
#643 = VECTOR('',#644,1.);
#644 = DIRECTION('',(-0.998629940746,6.884595649187E-16,
    5.232820889508E-02));
#645 = ORIENTED_EDGE('',*,*,#646,.T.);
#646 = EDGE_CURVE('',#639,#647,#649,.T.);
#647 = VERTEX_POINT('',#648);
#648 = CARTESIAN_POINT('',(2.948891613581,27.,56.921153136484));
#649 = LINE('',#650,#651);
#650 = CARTESIAN_POINT('',(-0.221462431464,27.,56.608900517448));
#651 = VECTOR('',#652,1.);
#652 = DIRECTION('',(-0.995184726672,3.766582673216E-16,
    -9.801714032958E-02));
#653 = ORIENTED_EDGE('',*,*,#654,.T.);
#654 = EDGE_CURVE('',#647,#655,#657,.T.);
#655 = VERTEX_POINT('',#656);
#656 = CARTESIAN_POINT('',(2.723779881162,27.,56.852866239014));
#657 = LINE('',#658,#659);
#658 = CARTESIAN_POINT('',(-3.604529950594,27.,54.933194438711));
#659 = VECTOR('',#660,1.);
#660 = DIRECTION('',(-0.956940335732,2.315984381387E-16,-0.290284677254)
  );
#661 = ORIENTED_EDGE('',*,*,#662,.T.);
#662 = EDGE_CURVE('',#655,#663,#665,.T.);
#663 = VERTEX_POINT('',#664);
#664 = CARTESIAN_POINT('',(2.516315720376,27.,56.741974334763));
#665 = LINE('',#666,#667);
#666 = CARTESIAN_POINT('',(-6.108452589247,27.,52.131939628274));
#667 = VECTOR('',#668,1.);
#668 = DIRECTION('',(-0.881921264348,7.763841085998E-17,-0.471396736826)
  );
#669 = ORIENTED_EDGE('',*,*,#670,.T.);
#670 = EDGE_CURVE('',#663,#671,#673,.T.);
#671 = VERTEX_POINT('',#672);
#672 = CARTESIAN_POINT('',(2.334471862576,27.,56.592738937424));
#673 = LINE('',#674,#675);
#674 = CARTESIAN_POINT('',(-7.377149002657,27.,48.622617668758));
#675 = VECTOR('',#676,1.);
#676 = DIRECTION('',(-0.773010453363,-7.930521700793E-17,-0.634393284164
    ));
#677 = ORIENTED_EDGE('',*,*,#678,.T.);
#678 = EDGE_CURVE('',#671,#679,#681,.T.);
#679 = VERTEX_POINT('',#680);
#680 = CARTESIAN_POINT('',(2.185236465237,27.,56.410895079624));
#681 = LINE('',#682,#683);
#682 = CARTESIAN_POINT('',(-7.240354497853,27.,44.925779260348));
#683 = VECTOR('',#684,1.);
#684 = DIRECTION('',(-0.634393284164,-2.332011898611E-16,-0.773010453363
    ));
#685 = ORIENTED_EDGE('',*,*,#686,.T.);
#686 = EDGE_CURVE('',#679,#687,#689,.T.);
#687 = VERTEX_POINT('',#688);
#688 = CARTESIAN_POINT('',(2.074344560986,27.,56.203430918838));
#689 = LINE('',#690,#691);
#690 = CARTESIAN_POINT('',(-5.738662915187,27.,41.58632203059));
#691 = VECTOR('',#692,1.);
#692 = DIRECTION('',(-0.471396736826,-3.781353717687E-16,-0.881921264348
    ));
#693 = ORIENTED_EDGE('',*,*,#694,.T.);
#694 = EDGE_CURVE('',#687,#695,#697,.T.);
#695 = VERTEX_POINT('',#696);
#696 = CARTESIAN_POINT('',(2.006057663516,27.,55.978319186419));
#697 = LINE('',#698,#699);
#698 = CARTESIAN_POINT('',(-3.116586906471,27.,39.091223177754));
#699 = VECTOR('',#700,1.);
#700 = DIRECTION('',(-0.290284677254,-5.085380233999E-16,-0.956940335732
    ));
#701 = ORIENTED_EDGE('',*,*,#702,.T.);
#702 = EDGE_CURVE('',#695,#703,#705,.T.);
#703 = VERTEX_POINT('',#704);
#704 = CARTESIAN_POINT('',(1.983,27.,55.7442108));
#705 = LINE('',#706,#707);
#706 = CARTESIAN_POINT('',(0.21527768654,27.,37.796224953464));
#707 = VECTOR('',#708,1.);
#708 = DIRECTION('',(-9.801714032956E-02,-6.193978439833E-16,
    -0.995184726672));
#709 = ORIENTED_EDGE('',*,*,#710,.T.);
#710 = EDGE_CURVE('',#703,#711,#713,.T.);
#711 = VERTEX_POINT('',#712);
#712 = CARTESIAN_POINT('',(1.983,27.,53.117));
#713 = LINE('',#714,#715);
#714 = CARTESIAN_POINT('',(1.983,27.,37.601584044465));
#715 = VECTOR('',#716,1.);
#716 = DIRECTION('',(5.286064495497E-16,-6.661338147751E-16,-1.));
#717 = ORIENTED_EDGE('',*,*,#718,.T.);
#718 = EDGE_CURVE('',#711,#719,#721,.T.);
#719 = VERTEX_POINT('',#720);
#720 = CARTESIAN_POINT('',(1.948925826289,27.,52.858180954897));
#721 = LINE('',#722,#723);
#722 = CARTESIAN_POINT('',(-0.211727890242,27.,36.446386601383));
#723 = VECTOR('',#724,1.);
#724 = DIRECTION('',(-0.13052619222,-6.024696740784E-16,-0.991444861374)
  );
#725 = ORIENTED_EDGE('',*,*,#726,.T.);
#726 = EDGE_CURVE('',#719,#727,#729,.T.);
#727 = VERTEX_POINT('',#728);
#728 = CARTESIAN_POINT('',(1.849025403784,27.,52.617));
#729 = LINE('',#730,#731);
#730 = CARTESIAN_POINT('',(-4.097985348476,27.,38.259645986313));
#731 = VECTOR('',#732,1.);
#732 = DIRECTION('',(-0.382683432365,-4.454818142827E-16,-0.923879532511
    ));
#733 = ORIENTED_EDGE('',*,*,#734,.T.);
#734 = EDGE_CURVE('',#727,#735,#737,.T.);
#735 = VERTEX_POINT('',#736);
#736 = CARTESIAN_POINT('',(1.690106781187,27.,52.409893218813));
#737 = LINE('',#738,#739);
#738 = CARTESIAN_POINT('',(-6.500642650772,27.,41.735500736501));
#739 = VECTOR('',#740,1.);
#740 = DIRECTION('',(-0.608761429009,-2.581351050371E-16,-0.793353340291
    ));
#741 = ORIENTED_EDGE('',*,*,#742,.T.);
#742 = EDGE_CURVE('',#735,#743,#745,.T.);
#743 = VERTEX_POINT('',#744);
#744 = CARTESIAN_POINT('',(1.483,27.,52.250974596216));
#745 = LINE('',#746,#747);
#746 = CARTESIAN_POINT('',(-6.798817873685,27.,45.896112232211));
#747 = VECTOR('',#748,1.);
#748 = DIRECTION('',(-0.793353340291,-5.319691497168E-17,-0.608761429009
    ));
#749 = ORIENTED_EDGE('',*,*,#750,.T.);
#750 = EDGE_CURVE('',#743,#751,#753,.T.);
#751 = VERTEX_POINT('',#752);
#752 = CARTESIAN_POINT('',(1.241819045102,27.,52.151074173711));
#753 = LINE('',#754,#755);
#754 = CARTESIAN_POINT('',(-4.946774290817,27.,49.587674881962));
#755 = VECTOR('',#756,1.);
#756 = DIRECTION('',(-0.923879532511,1.55366556937E-16,-0.382683432365)
  );
#757 = ORIENTED_EDGE('',*,*,#758,.T.);
#758 = EDGE_CURVE('',#751,#759,#761,.T.);
#759 = VERTEX_POINT('',#760);
#760 = CARTESIAN_POINT('',(0.983,27.,52.117));
#761 = LINE('',#762,#763);
#762 = CARTESIAN_POINT('',(-1.483847606609,27.,51.792233351422));
#763 = VECTOR('',#764,1.);
#764 = DIRECTION('',(-0.991444861374,3.533420547458E-16,-0.13052619222)
  );
#765 = ORIENTED_EDGE('',*,*,#766,.T.);
#766 = EDGE_CURVE('',#759,#767,#769,.T.);
#767 = VERTEX_POINT('',#768);
#768 = CARTESIAN_POINT('',(-8.983,27.,52.117));
#769 = LINE('',#770,#771);
#770 = CARTESIAN_POINT('',(0.4915,27.,52.117));
#771 = VECTOR('',#772,1.);
#772 = DIRECTION('',(-1.,4.440892098501E-16,-6.661338147751E-16));
#773 = ORIENTED_EDGE('',*,*,#774,.T.);
#774 = EDGE_CURVE('',#767,#775,#777,.T.);
#775 = VERTEX_POINT('',#776);
#776 = CARTESIAN_POINT('',(-9.241819045103,27.,52.151074173711));
#777 = LINE('',#778,#779);
#778 = CARTESIAN_POINT('',(-2.454891218262,27.,51.257558174362));
#779 = VECTOR('',#780,1.);
#780 = DIRECTION('',(-0.991444861374,5.27237875449E-16,0.13052619222));
#781 = ORIENTED_EDGE('',*,*,#782,.T.);
#782 = EDGE_CURVE('',#775,#783,#785,.T.);
#783 = VERTEX_POINT('',#784);
#784 = CARTESIAN_POINT('',(-9.483,27.,52.250974596216));
#785 = LINE('',#786,#787);
#786 = CARTESIAN_POINT('',(0.481578330638,27.,48.123511108336));
#787 = VECTOR('',#788,1.);
#788 = DIRECTION('',(-0.923879532511,6.652033062422E-16,0.382683432365)
  );
#789 = ORIENTED_EDGE('',*,*,#790,.T.);
#790 = EDGE_CURVE('',#783,#791,#793,.T.);
#791 = VERTEX_POINT('',#792);
#792 = CARTESIAN_POINT('',(-9.690106781187,27.,52.409893218813));
#793 = LINE('',#794,#795);
#794 = CARTESIAN_POINT('',(1.420009354483,27.,43.884801268334));
#795 = VECTOR('',#796,1.);
#796 = DIRECTION('',(-0.793353340291,7.578362310154E-16,0.608761429009)
  );
#797 = ORIENTED_EDGE('',*,*,#798,.T.);
#798 = EDGE_CURVE('',#791,#799,#801,.T.);
#799 = VERTEX_POINT('',#800);
#800 = CARTESIAN_POINT('',(-9.849025403784,27.,52.617));
#801 = LINE('',#802,#803);
#802 = CARTESIAN_POINT('',(6.246387186555E-02,27.,39.70009569333));
#803 = VECTOR('',#804,1.);
#804 = DIRECTION('',(-0.608761429009,7.988238690284E-16,0.793353340291)
  );
#805 = ORIENTED_EDGE('',*,*,#806,.T.);
#806 = EDGE_CURVE('',#799,#807,#809,.T.);
#807 = VERTEX_POINT('',#808);
#808 = CARTESIAN_POINT('',(-9.948925826289,27.,52.858180954897));
#809 = LINE('',#810,#811);
#810 = CARTESIAN_POINT('',(-3.266278002645,27.,36.724841946492));
#811 = VECTOR('',#812,1.);
#812 = DIRECTION('',(-0.382683432365,7.853729804861E-16,0.923879532511)
  );
#813 = ORIENTED_EDGE('',*,*,#814,.T.);
#814 = EDGE_CURVE('',#807,#815,#817,.T.);
#815 = VERTEX_POINT('',#816);
#816 = CARTESIAN_POINT('',(-9.983,27.,53.117));
#817 = LINE('',#818,#819);
#818 = CARTESIAN_POINT('',(-7.703086675481,27.,35.799338988626));
#819 = VECTOR('',#820,1.);
#820 = DIRECTION('',(-0.13052619222,7.184002212138E-16,0.991444861374));
#821 = ORIENTED_EDGE('',*,*,#822,.T.);
#822 = EDGE_CURVE('',#815,#823,#825,.T.);
#823 = VERTEX_POINT('',#824);
#824 = CARTESIAN_POINT('',(-9.983,27.,54.4830908));
#825 = LINE('',#826,#827);
#826 = CARTESIAN_POINT('',(-9.983,27.,36.287978644465));
#827 = VECTOR('',#828,1.);
#828 = DIRECTION('',(-4.440892098501E-16,6.661338147751E-16,1.));
#829 = ORIENTED_EDGE('',*,*,#830,.T.);
#830 = EDGE_CURVE('',#823,#831,#833,.T.);
#831 = VERTEX_POINT('',#832);
#832 = CARTESIAN_POINT('',(-10.02142943919,27.,54.873271444032));
#833 = LINE('',#834,#835);
#834 = CARTESIAN_POINT('',(-8.226827492314,27.,36.652372099427));
#835 = VECTOR('',#836,1.);
#836 = DIRECTION('',(-9.801714032956E-02,7.064545527848E-16,
    0.995184726672));
#837 = ORIENTED_EDGE('',*,*,#838,.T.);
#838 = EDGE_CURVE('',#831,#839,#841,.T.);
#839 = VERTEX_POINT('',#840);
#840 = CARTESIAN_POINT('',(-10.13524093497,27.,55.24845766473));
#841 = LINE('',#842,#843);
#842 = CARTESIAN_POINT('',(-4.680415900181,27.,37.266309417951));
#843 = VECTOR('',#844,1.);
#844 = DIRECTION('',(-0.290284677254,7.66362609307E-16,0.956940335732));
#845 = ORIENTED_EDGE('',*,*,#846,.T.);
#846 = EDGE_CURVE('',#839,#847,#849,.T.);
#847 = VERTEX_POINT('',#848);
#848 = CARTESIAN_POINT('',(-10.32006077539,27.,55.594231266039));
#849 = LINE('',#850,#851);
#850 = CARTESIAN_POINT('',(-1.56966974273,27.,39.223401092221));
#851 = VECTOR('',#852,1.);
#852 = DIRECTION('',(-0.471396736826,7.968197805346E-16,0.881921264348)
  );
#853 = ORIENTED_EDGE('',*,*,#854,.T.);
#854 = EDGE_CURVE('',#847,#855,#857,.T.);
#855 = VERTEX_POINT('',#856);
#856 = CARTESIAN_POINT('',(-10.56878643762,27.,55.897304362373));
#857 = LINE('',#858,#859);
#858 = CARTESIAN_POINT('',(0.616854628501,27.,42.267561287335));
#859 = VECTOR('',#860,1.);
#860 = DIRECTION('',(-0.634393284164,7.96655614458E-16,0.773010453363));
#861 = ORIENTED_EDGE('',*,*,#862,.T.);
#862 = EDGE_CURVE('',#855,#863,#865,.T.);
#863 = VERTEX_POINT('',#864);
#864 = CARTESIAN_POINT('',(-10.87185953396,27.,56.146030024605));
#865 = LINE('',#866,#867);
#866 = CARTESIAN_POINT('',(1.523425772103,27.,45.973482267648));
#867 = VECTOR('',#868,1.);
#868 = DIRECTION('',(-0.773010453363,7.658764198873E-16,0.634393284164)
  );
#869 = ORIENTED_EDGE('',*,*,#870,.T.);
#870 = EDGE_CURVE('',#863,#871,#873,.T.);
#871 = VERTEX_POINT('',#872);
#872 = CARTESIAN_POINT('',(-11.21763313527,27.,56.330849865023));
#873 = LINE('',#874,#875);
#874 = CARTESIAN_POINT('',(0.982172269201,27.,49.8099180199));
#875 = VECTOR('',#876,1.);
#876 = DIRECTION('',(-0.881921264348,7.056650240089E-16,0.471396736826)
  );
#877 = ORIENTED_EDGE('',*,*,#878,.T.);
#878 = EDGE_CURVE('',#871,#879,#881,.T.);
#879 = VERTEX_POINT('',#880);
#880 = CARTESIAN_POINT('',(-11.59281935596,27.,56.444661360806));
#881 = LINE('',#882,#883);
#882 = CARTESIAN_POINT('',(-0.960213095375,27.,53.219295513553));
#883 = VECTOR('',#884,1.);
#884 = DIRECTION('',(-0.956940335732,6.183353169992E-16,0.290284677254)
  );
#885 = ORIENTED_EDGE('',*,*,#886,.T.);
#886 = EDGE_CURVE('',#879,#887,#889,.T.);
#887 = VERTEX_POINT('',#888);
#888 = CARTESIAN_POINT('',(-11.983,27.,56.4830908));
#889 = LINE('',#890,#891);
#890 = CARTESIAN_POINT('',(-4.048209641955,27.,55.701582162291));
#891 = VECTOR('',#892,1.);
#892 = DIRECTION('',(-0.995184726672,5.072433305238E-16,
    9.801714032955E-02));
#893 = ORIENTED_EDGE('',*,*,#894,.T.);
#894 = EDGE_CURVE('',#887,#895,#897,.T.);
#895 = VERTEX_POINT('',#896);
#896 = CARTESIAN_POINT('',(-25.233,27.,55.7887908));
#897 = LINE('',#898,#899);
#898 = CARTESIAN_POINT('',(-3.715538987592E-14,27.,57.111));
#899 = VECTOR('',#900,1.);
#900 = DIRECTION('',(-0.998629940746,6.419827790365E-16,
    -5.232820889508E-02));
#901 = ORIENTED_EDGE('',*,*,#902,.T.);
#902 = EDGE_CURVE('',#895,#903,#905,.T.);
#903 = VERTEX_POINT('',#904);
#904 = CARTESIAN_POINT('',(-25.62318064403,27.,55.750361360806));
#905 = LINE('',#906,#907);
#906 = CARTESIAN_POINT('',(-25.233,27.,55.7887908));
#907 = VECTOR('',#908,1.);
#908 = DIRECTION('',(-0.995184726672,6.193978439833E-16,
    -9.801714032957E-02));
#909 = ORIENTED_EDGE('',*,*,#910,.T.);
#910 = EDGE_CURVE('',#903,#911,#913,.T.);
#911 = VERTEX_POINT('',#912);
#912 = CARTESIAN_POINT('',(-25.99836686473,27.,55.636549865023));
#913 = LINE('',#914,#915);
#914 = CARTESIAN_POINT('',(-25.62318064403,27.,55.750361360806));
#915 = VECTOR('',#916,1.);
#916 = DIRECTION('',(-0.956940335732,5.085380233999E-16,-0.290284677254)
  );
#917 = ORIENTED_EDGE('',*,*,#918,.T.);
#918 = EDGE_CURVE('',#911,#919,#921,.T.);
#919 = VERTEX_POINT('',#920);
#920 = CARTESIAN_POINT('',(-26.34414046603,27.,55.451730024605));
#921 = LINE('',#922,#923);
#922 = CARTESIAN_POINT('',(-25.99836686473,27.,55.636549865023));
#923 = VECTOR('',#924,1.);
#924 = DIRECTION('',(-0.881921264348,3.781353717687E-16,-0.471396736826)
  );
#925 = ORIENTED_EDGE('',*,*,#926,.T.);
#926 = EDGE_CURVE('',#919,#927,#929,.T.);
#927 = VERTEX_POINT('',#928);
#928 = CARTESIAN_POINT('',(-26.64721356237,27.,55.203004362373));
#929 = LINE('',#930,#931);
#930 = CARTESIAN_POINT('',(-26.34414046603,27.,55.451730024605));
#931 = VECTOR('',#932,1.);
#932 = DIRECTION('',(-0.773010453363,2.332011898611E-16,-0.634393284164)
  );
#933 = ORIENTED_EDGE('',*,*,#934,.T.);
#934 = EDGE_CURVE('',#927,#935,#937,.T.);
#935 = VERTEX_POINT('',#936);
#936 = CARTESIAN_POINT('',(-26.8959392246,27.,54.899931266039));
#937 = LINE('',#938,#939);
#938 = CARTESIAN_POINT('',(-26.64721356237,27.,55.203004362373));
#939 = VECTOR('',#940,1.);
#940 = DIRECTION('',(-0.634393284164,7.930521700793E-17,-0.773010453363)
  );
#941 = ORIENTED_EDGE('',*,*,#942,.T.);
#942 = EDGE_CURVE('',#935,#943,#945,.T.);
#943 = VERTEX_POINT('',#944);
#944 = CARTESIAN_POINT('',(-27.08075906502,27.,54.55415766473));
#945 = LINE('',#946,#947);
#946 = CARTESIAN_POINT('',(-26.8959392246,27.,54.899931266039));
#947 = VECTOR('',#948,1.);
#948 = DIRECTION('',(-0.471396736826,-7.763841085999E-17,-0.881921264348
    ));
#949 = ORIENTED_EDGE('',*,*,#950,.T.);
#950 = EDGE_CURVE('',#943,#951,#953,.T.);
#951 = VERTEX_POINT('',#952);
#952 = CARTESIAN_POINT('',(-27.1945705608,27.,54.178971444032));
#953 = LINE('',#954,#955);
#954 = CARTESIAN_POINT('',(-27.08075906502,27.,54.55415766473));
#955 = VECTOR('',#956,1.);
#956 = DIRECTION('',(-0.290284677254,-2.315984381387E-16,-0.956940335732
    ));
#957 = ORIENTED_EDGE('',*,*,#958,.T.);
#958 = EDGE_CURVE('',#951,#959,#961,.T.);
#959 = VERTEX_POINT('',#960);
#960 = CARTESIAN_POINT('',(-27.233,27.,53.7887908));
#961 = LINE('',#962,#963);
#962 = CARTESIAN_POINT('',(-27.1945705608,27.,54.178971444032));
#963 = VECTOR('',#964,1.);
#964 = DIRECTION('',(-9.801714032956E-02,-3.766582673216E-16,
    -0.995184726672));
#965 = ORIENTED_EDGE('',*,*,#966,.T.);
#966 = EDGE_CURVE('',#959,#967,#969,.T.);
#967 = VERTEX_POINT('',#968);
#968 = CARTESIAN_POINT('',(-27.233,27.,42.317));
#969 = LINE('',#970,#971);
#970 = CARTESIAN_POINT('',(-27.233,27.,53.7887908));
#971 = VECTOR('',#972,1.);
#972 = DIRECTION('',(6.661338147751E-16,-4.440892098501E-16,-1.));
#973 = ORIENTED_EDGE('',*,*,#974,.T.);
#974 = EDGE_CURVE('',#967,#975,#977,.T.);
#975 = VERTEX_POINT('',#976);
#976 = CARTESIAN_POINT('',(-27.1945705608,27.,41.926819355968));
#977 = LINE('',#978,#979);
#978 = CARTESIAN_POINT('',(-27.233,27.,42.317));
#979 = VECTOR('',#980,1.);
#980 = DIRECTION('',(9.801714032956E-02,-5.072433305238E-16,
    -0.995184726672));
#981 = ORIENTED_EDGE('',*,*,#982,.T.);
#982 = EDGE_CURVE('',#975,#983,#985,.T.);
#983 = VERTEX_POINT('',#984);
#984 = CARTESIAN_POINT('',(-27.08075906502,27.,41.55163313527));
#985 = LINE('',#986,#987);
#986 = CARTESIAN_POINT('',(-27.1945705608,27.,41.926819355968));
#987 = VECTOR('',#988,1.);
#988 = DIRECTION('',(0.290284677254,-6.183353169992E-16,-0.956940335732)
  );
#989 = ORIENTED_EDGE('',*,*,#990,.T.);
#990 = EDGE_CURVE('',#983,#991,#993,.T.);
#991 = VERTEX_POINT('',#992);
#992 = CARTESIAN_POINT('',(-26.8959392246,27.,41.205859533961));
#993 = LINE('',#994,#995);
#994 = CARTESIAN_POINT('',(-27.08075906502,27.,41.55163313527));
#995 = VECTOR('',#996,1.);
#996 = DIRECTION('',(0.471396736826,-7.056650240089E-16,-0.881921264348)
  );
#997 = ORIENTED_EDGE('',*,*,#998,.T.);
#998 = EDGE_CURVE('',#991,#93,#999,.T.);
#999 = LINE('',#1000,#1001);
#1000 = CARTESIAN_POINT('',(-26.8959392246,27.,41.205859533961));
#1001 = VECTOR('',#1002,1.);
#1002 = DIRECTION('',(0.634393284164,-7.658764198873E-16,-0.773010453363
    ));
#1003 = FACE_BOUND('',#1004,.F.);
#1004 = EDGE_LOOP('',(#1005,#1015,#1023,#1031,#1040,#1049,#1057,#1065,
    #1073));
#1005 = ORIENTED_EDGE('',*,*,#1006,.F.);
#1006 = EDGE_CURVE('',#1007,#1009,#1011,.T.);
#1007 = VERTEX_POINT('',#1008);
#1008 = CARTESIAN_POINT('',(-24.267,27.,49.617));
#1009 = VERTEX_POINT('',#1010);
#1010 = CARTESIAN_POINT('',(-24.267,27.,51.793010514696));
#1011 = LINE('',#1012,#1013);
#1012 = CARTESIAN_POINT('',(-24.267,27.,34.537978644465));
#1013 = VECTOR('',#1014,1.);
#1014 = DIRECTION('',(0.,6.661338147751E-16,1.));
#1015 = ORIENTED_EDGE('',*,*,#1016,.T.);
#1016 = EDGE_CURVE('',#1007,#1017,#1019,.T.);
#1017 = VERTEX_POINT('',#1018);
#1018 = CARTESIAN_POINT('',(-25.733,27.,49.617));
#1019 = LINE('',#1020,#1021);
#1020 = CARTESIAN_POINT('',(-12.8665,27.,49.617));
#1021 = VECTOR('',#1022,1.);
#1022 = DIRECTION('',(-1.,4.440892098501E-16,0.));
#1023 = ORIENTED_EDGE('',*,*,#1024,.T.);
#1024 = EDGE_CURVE('',#1017,#1025,#1027,.T.);
#1025 = VERTEX_POINT('',#1026);
#1026 = CARTESIAN_POINT('',(-25.733,27.,51.793010514696));
#1027 = LINE('',#1028,#1029);
#1028 = CARTESIAN_POINT('',(-25.733,27.,34.537978644465));
#1029 = VECTOR('',#1030,1.);
#1030 = DIRECTION('',(0.,6.661338147751E-16,1.));
#1031 = ORIENTED_EDGE('',*,*,#1032,.T.);
#1032 = EDGE_CURVE('',#1025,#1033,#1035,.T.);
#1033 = VERTEX_POINT('',#1034);
#1034 = CARTESIAN_POINT('',(-25.,27.,55.55));
#1035 = CIRCLE('',#1036,1.95);
#1036 = AXIS2_PLACEMENT_3D('',#1037,#1038,#1039);
#1037 = CARTESIAN_POINT('',(-25.,27.,53.6));
#1038 = DIRECTION('',(0.,1.,0.));
#1039 = DIRECTION('',(0.,-0.,1.));
#1040 = ORIENTED_EDGE('',*,*,#1041,.T.);
#1041 = EDGE_CURVE('',#1033,#1042,#1044,.T.);
#1042 = VERTEX_POINT('',#1043);
#1043 = CARTESIAN_POINT('',(-23.19301051469,27.,54.333));
#1044 = CIRCLE('',#1045,1.95);
#1045 = AXIS2_PLACEMENT_3D('',#1046,#1047,#1048);
#1046 = CARTESIAN_POINT('',(-25.,27.,53.6));
#1047 = DIRECTION('',(0.,1.,0.));
#1048 = DIRECTION('',(0.,-0.,1.));
#1049 = ORIENTED_EDGE('',*,*,#1050,.F.);
#1050 = EDGE_CURVE('',#1051,#1042,#1053,.T.);
#1051 = VERTEX_POINT('',#1052);
#1052 = CARTESIAN_POINT('',(-21.017,27.,54.333));
#1053 = LINE('',#1054,#1055);
#1054 = CARTESIAN_POINT('',(-12.5,27.,54.333));
#1055 = VECTOR('',#1056,1.);
#1056 = DIRECTION('',(-1.,4.440892098501E-16,0.));
#1057 = ORIENTED_EDGE('',*,*,#1058,.F.);
#1058 = EDGE_CURVE('',#1059,#1051,#1061,.T.);
#1059 = VERTEX_POINT('',#1060);
#1060 = CARTESIAN_POINT('',(-21.017,27.,52.867));
#1061 = LINE('',#1062,#1063);
#1062 = CARTESIAN_POINT('',(-21.017,27.,36.162978644465));
#1063 = VECTOR('',#1064,1.);
#1064 = DIRECTION('',(0.,6.661338147751E-16,1.));
#1065 = ORIENTED_EDGE('',*,*,#1066,.T.);
#1066 = EDGE_CURVE('',#1059,#1067,#1069,.T.);
#1067 = VERTEX_POINT('',#1068);
#1068 = CARTESIAN_POINT('',(-23.19301051469,27.,52.867));
#1069 = LINE('',#1070,#1071);
#1070 = CARTESIAN_POINT('',(-12.5,27.,52.867));
#1071 = VECTOR('',#1072,1.);
#1072 = DIRECTION('',(-1.,4.440892098501E-16,0.));
#1073 = ORIENTED_EDGE('',*,*,#1074,.T.);
#1074 = EDGE_CURVE('',#1067,#1009,#1075,.T.);
#1075 = CIRCLE('',#1076,1.95);
#1076 = AXIS2_PLACEMENT_3D('',#1077,#1078,#1079);
#1077 = CARTESIAN_POINT('',(-25.,27.,53.6));
#1078 = DIRECTION('',(0.,1.,0.));
#1079 = DIRECTION('',(0.,-0.,1.));
#1080 = FACE_BOUND('',#1081,.F.);
#1081 = EDGE_LOOP('',(#1082,#1092,#1100,#1108));
#1082 = ORIENTED_EDGE('',*,*,#1083,.T.);
#1083 = EDGE_CURVE('',#1084,#1086,#1088,.T.);
#1084 = VERTEX_POINT('',#1085);
#1085 = CARTESIAN_POINT('',(-11.017,27.,52.817));
#1086 = VERTEX_POINT('',#1087);
#1087 = CARTESIAN_POINT('',(-12.983,27.,52.817));
#1088 = LINE('',#1089,#1090);
#1089 = CARTESIAN_POINT('',(-6.4915,27.,52.817));
#1090 = VECTOR('',#1091,1.);
#1091 = DIRECTION('',(-1.,4.440892098501E-16,0.));
#1092 = ORIENTED_EDGE('',*,*,#1093,.T.);
#1093 = EDGE_CURVE('',#1086,#1094,#1096,.T.);
#1094 = VERTEX_POINT('',#1095);
#1095 = CARTESIAN_POINT('',(-12.983,27.,55.683));
#1096 = LINE('',#1097,#1098);
#1097 = CARTESIAN_POINT('',(-12.983,27.,36.137978644465));
#1098 = VECTOR('',#1099,1.);
#1099 = DIRECTION('',(0.,6.661338147751E-16,1.));
#1100 = ORIENTED_EDGE('',*,*,#1101,.F.);
#1101 = EDGE_CURVE('',#1102,#1094,#1104,.T.);
#1102 = VERTEX_POINT('',#1103);
#1103 = CARTESIAN_POINT('',(-11.017,27.,55.683));
#1104 = LINE('',#1105,#1106);
#1105 = CARTESIAN_POINT('',(-6.4915,27.,55.683));
#1106 = VECTOR('',#1107,1.);
#1107 = DIRECTION('',(-1.,4.440892098501E-16,0.));
#1108 = ORIENTED_EDGE('',*,*,#1109,.F.);
#1109 = EDGE_CURVE('',#1084,#1102,#1110,.T.);
#1110 = LINE('',#1111,#1112);
#1111 = CARTESIAN_POINT('',(-11.017,27.,36.137978644465));
#1112 = VECTOR('',#1113,1.);
#1113 = DIRECTION('',(0.,6.661338147751E-16,1.));
#1114 = FACE_BOUND('',#1115,.F.);
#1115 = EDGE_LOOP('',(#1116,#1126,#1134,#1142));
#1116 = ORIENTED_EDGE('',*,*,#1117,.T.);
#1117 = EDGE_CURVE('',#1118,#1120,#1122,.T.);
#1118 = VERTEX_POINT('',#1119);
#1119 = CARTESIAN_POINT('',(-13.515,27.,-12.433));
#1120 = VERTEX_POINT('',#1121);
#1121 = CARTESIAN_POINT('',(-14.985,27.,-12.433));
#1122 = LINE('',#1123,#1124);
#1123 = CARTESIAN_POINT('',(-7.4925,27.,-12.433));
#1124 = VECTOR('',#1125,1.);
#1125 = DIRECTION('',(-1.,4.440892098501E-16,0.));
#1126 = ORIENTED_EDGE('',*,*,#1127,.T.);
#1127 = EDGE_CURVE('',#1120,#1128,#1130,.T.);
#1128 = VERTEX_POINT('',#1129);
#1129 = CARTESIAN_POINT('',(-14.985,27.,22.533));
#1130 = LINE('',#1131,#1132);
#1131 = CARTESIAN_POINT('',(-14.985,27.,3.512978644465));
#1132 = VECTOR('',#1133,1.);
#1133 = DIRECTION('',(0.,6.661338147751E-16,1.));
#1134 = ORIENTED_EDGE('',*,*,#1135,.F.);
#1135 = EDGE_CURVE('',#1136,#1128,#1138,.T.);
#1136 = VERTEX_POINT('',#1137);
#1137 = CARTESIAN_POINT('',(-13.515,27.,22.533));
#1138 = LINE('',#1139,#1140);
#1139 = CARTESIAN_POINT('',(-7.4925,27.,22.533));
#1140 = VECTOR('',#1141,1.);
#1141 = DIRECTION('',(-1.,4.440892098501E-16,0.));
#1142 = ORIENTED_EDGE('',*,*,#1143,.F.);
#1143 = EDGE_CURVE('',#1118,#1136,#1144,.T.);
#1144 = LINE('',#1145,#1146);
#1145 = CARTESIAN_POINT('',(-13.515,27.,3.512978644465));
#1146 = VECTOR('',#1147,1.);
#1147 = DIRECTION('',(0.,6.661338147751E-16,1.));
#1148 = FACE_BOUND('',#1149,.F.);
#1149 = EDGE_LOOP('',(#1150,#1160,#1168,#1176,#1184,#1192,#1200,#1208,
    #1216,#1224,#1232,#1240,#1248,#1256,#1264,#1272,#1280,#1288,#1296,
    #1304,#1312,#1320,#1328,#1336,#1344,#1352,#1360,#1368));
#1150 = ORIENTED_EDGE('',*,*,#1151,.F.);
#1151 = EDGE_CURVE('',#1152,#1154,#1156,.T.);
#1152 = VERTEX_POINT('',#1153);
#1153 = CARTESIAN_POINT('',(-9.445,27.,-12.433));
#1154 = VERTEX_POINT('',#1155);
#1155 = CARTESIAN_POINT('',(-9.445,27.,6.934462277388));
#1156 = LINE('',#1157,#1158);
#1157 = CARTESIAN_POINT('',(-9.445,27.,3.512978644465));
#1158 = VECTOR('',#1159,1.);
#1159 = DIRECTION('',(0.,6.661338147751E-16,1.));
#1160 = ORIENTED_EDGE('',*,*,#1161,.T.);
#1161 = EDGE_CURVE('',#1152,#1162,#1164,.T.);
#1162 = VERTEX_POINT('',#1163);
#1163 = CARTESIAN_POINT('',(-10.915,27.,-12.433));
#1164 = LINE('',#1165,#1166);
#1165 = CARTESIAN_POINT('',(-5.4575,27.,-12.433));
#1166 = VECTOR('',#1167,1.);
#1167 = DIRECTION('',(-1.,4.440892098501E-16,0.));
#1168 = ORIENTED_EDGE('',*,*,#1169,.T.);
#1169 = EDGE_CURVE('',#1162,#1170,#1172,.T.);
#1170 = VERTEX_POINT('',#1171);
#1171 = CARTESIAN_POINT('',(-10.915,27.,7.821128944055));
#1172 = LINE('',#1173,#1174);
#1173 = CARTESIAN_POINT('',(-10.915,27.,3.512978644465));
#1174 = VECTOR('',#1175,1.);
#1175 = DIRECTION('',(0.,6.661338147751E-16,1.));
#1176 = ORIENTED_EDGE('',*,*,#1177,.F.);
#1177 = EDGE_CURVE('',#1178,#1170,#1180,.T.);
#1178 = VERTEX_POINT('',#1179);
#1179 = CARTESIAN_POINT('',(-11.58133702345,27.,8.223046513754));
#1180 = LINE('',#1181,#1182);
#1181 = CARTESIAN_POINT('',(-9.820062660777,27.,7.160690548967));
#1182 = VECTOR('',#1183,1.);
#1183 = DIRECTION('',(0.85629130855,-7.243232964107E-16,-0.516493170237)
  );
#1184 = ORIENTED_EDGE('',*,*,#1185,.F.);
#1185 = EDGE_CURVE('',#1186,#1178,#1188,.T.);
#1186 = VERTEX_POINT('',#1187);
#1187 = CARTESIAN_POINT('',(-11.96898532298,27.,8.532472320797));
#1188 = LINE('',#1189,#1190);
#1189 = CARTESIAN_POINT('',(-10.97721953753,27.,7.740832246709));
#1190 = VECTOR('',#1191,1.);
#1191 = DIRECTION('',(0.781549730883,-7.626406822217E-16,-0.623842943502
    ));
#1192 = ORIENTED_EDGE('',*,*,#1193,.F.);
#1193 = EDGE_CURVE('',#1194,#1186,#1196,.T.);
#1194 = VERTEX_POINT('',#1195);
#1195 = CARTESIAN_POINT('',(-12.2633395351,27.,8.93168546186));
#1196 = LINE('',#1197,#1198);
#1197 = CARTESIAN_POINT('',(-12.61801372836,27.,9.412706602077));
#1198 = VECTOR('',#1199,1.);
#1199 = DIRECTION('',(0.593456634658,-7.996961240958E-16,-0.804865965724
    ));
#1200 = ORIENTED_EDGE('',*,*,#1201,.F.);
#1201 = EDGE_CURVE('',#1202,#1194,#1204,.T.);
#1202 = VERTEX_POINT('',#1203);
#1203 = CARTESIAN_POINT('',(-12.44433990671,27.,9.393480221111));
#1204 = LINE('',#1205,#1206);
#1205 = CARTESIAN_POINT('',(-13.32565099999,27.,11.642010655257));
#1206 = VECTOR('',#1207,1.);
#1207 = DIRECTION('',(0.364920449514,-7.82253596673E-16,-0.931038702486)
  );
#1208 = ORIENTED_EDGE('',*,*,#1209,.F.);
#1209 = EDGE_CURVE('',#1210,#1202,#1212,.T.);
#1210 = VERTEX_POINT('',#1211);
#1211 = CARTESIAN_POINT('',(-12.49965156158,27.,9.886386048859));
#1212 = LINE('',#1213,#1214);
#1213 = CARTESIAN_POINT('',(-12.95234659243,27.,13.920545203587));
#1214 = VECTOR('',#1215,1.);
#1215 = DIRECTION('',(0.111515538796,-7.115017793721E-16,-0.993762690287
    ));
#1216 = ORIENTED_EDGE('',*,*,#1217,.F.);
#1217 = EDGE_CURVE('',#1218,#1210,#1220,.T.);
#1218 = VERTEX_POINT('',#1219);
#1219 = CARTESIAN_POINT('',(-12.42550510186,27.,10.376812227507));
#1220 = LINE('',#1221,#1222);
#1221 = CARTESIAN_POINT('',(-11.61545661354,27.,15.734707751365));
#1222 = VECTOR('',#1223,1.);
#1223 = DIRECTION('',(-0.149488971603,-5.922622916194E-16,
    -0.988763393016));
#1224 = ORIENTED_EDGE('',*,*,#1225,.F.);
#1225 = EDGE_CURVE('',#1226,#1218,#1228,.T.);
#1226 = VERTEX_POINT('',#1227);
#1227 = CARTESIAN_POINT('',(-12.22695348624,27.,10.83133702345));
#1228 = LINE('',#1229,#1230);
#1229 = CARTESIAN_POINT('',(-9.664851588425,27.,16.69650633288));
#1230 = VECTOR('',#1231,1.);
#1231 = DIRECTION('',(-0.40030605563,-4.326611074524E-16,-0.91638150452)
  );
#1232 = ORIENTED_EDGE('',*,*,#1233,.F.);
#1233 = EDGE_CURVE('',#1234,#1226,#1236,.T.);
#1234 = VERTEX_POINT('',#1235);
#1235 = CARTESIAN_POINT('',(-11.9175276792,27.,11.21898532298));
#1236 = LINE('',#1237,#1238);
#1237 = CARTESIAN_POINT('',(-7.589737841531,27.,16.640835514891));
#1238 = VECTOR('',#1239,1.);
#1239 = DIRECTION('',(-0.623842943502,-2.435747838189E-16,
    -0.781549730883));
#1240 = ORIENTED_EDGE('',*,*,#1241,.F.);
#1241 = EDGE_CURVE('',#1242,#1234,#1244,.T.);
#1242 = VERTEX_POINT('',#1243);
#1243 = CARTESIAN_POINT('',(-11.51831453814,27.,11.513339535104));
#1244 = LINE('',#1245,#1246);
#1245 = CARTESIAN_POINT('',(-5.889855077119,27.,15.663405201057));
#1246 = VECTOR('',#1247,1.);
#1247 = DIRECTION('',(-0.804865965724,-3.788924119451E-17,
    -0.593456634658));
#1248 = ORIENTED_EDGE('',*,*,#1249,.F.);
#1249 = EDGE_CURVE('',#1250,#1242,#1252,.T.);
#1250 = VERTEX_POINT('',#1251);
#1251 = CARTESIAN_POINT('',(-11.05651977888,27.,11.69433990671));
#1252 = LINE('',#1253,#1254);
#1253 = CARTESIAN_POINT('',(-4.945407282519,27.,14.089589334315));
#1254 = VECTOR('',#1255,1.);
#1255 = DIRECTION('',(-0.931038702486,1.703783906024E-16,-0.364920449514
    ));
#1256 = ORIENTED_EDGE('',*,*,#1257,.F.);
#1257 = EDGE_CURVE('',#1258,#1250,#1260,.T.);
#1258 = VERTEX_POINT('',#1259);
#1259 = CARTESIAN_POINT('',(-10.915,27.,11.710220613993));
#1260 = LINE('',#1261,#1262);
#1261 = CARTESIAN_POINT('',(-4.920317463517,27.,12.38291668067));
#1262 = VECTOR('',#1263,1.);
#1263 = DIRECTION('',(-0.993762690287,3.670350166433E-16,-0.111515538796
    ));
#1264 = ORIENTED_EDGE('',*,*,#1265,.T.);
#1265 = EDGE_CURVE('',#1258,#1266,#1268,.T.);
#1266 = VERTEX_POINT('',#1267);
#1267 = CARTESIAN_POINT('',(-10.915,27.,22.533));
#1268 = LINE('',#1269,#1270);
#1269 = CARTESIAN_POINT('',(-10.915,27.,3.512978644465));
#1270 = VECTOR('',#1271,1.);
#1271 = DIRECTION('',(0.,6.661338147751E-16,1.));
#1272 = ORIENTED_EDGE('',*,*,#1273,.F.);
#1273 = EDGE_CURVE('',#1274,#1266,#1276,.T.);
#1274 = VERTEX_POINT('',#1275);
#1275 = CARTESIAN_POINT('',(-9.445,27.,22.533));
#1276 = LINE('',#1277,#1278);
#1277 = CARTESIAN_POINT('',(-5.4575,27.,22.533));
#1278 = VECTOR('',#1279,1.);
#1279 = DIRECTION('',(-1.,4.440892098501E-16,0.));
#1280 = ORIENTED_EDGE('',*,*,#1281,.F.);
#1281 = EDGE_CURVE('',#1282,#1274,#1284,.T.);
#1282 = VERTEX_POINT('',#1283);
#1283 = CARTESIAN_POINT('',(-9.445,27.,11.372204389279));
#1284 = LINE('',#1285,#1286);
#1285 = CARTESIAN_POINT('',(-9.445,27.,3.512978644465));
#1286 = VECTOR('',#1287,1.);
#1287 = DIRECTION('',(0.,6.661338147751E-16,1.));
#1288 = ORIENTED_EDGE('',*,*,#1289,.F.);
#1289 = EDGE_CURVE('',#1290,#1282,#1292,.T.);
#1290 = VERTEX_POINT('',#1291);
#1291 = CARTESIAN_POINT('',(-6.843,27.,9.802744071818));
#1292 = LINE('',#1293,#1294);
#1293 = CARTESIAN_POINT('',(-6.282388613877,27.,9.464597521459));
#1294 = VECTOR('',#1295,1.);
#1295 = DIRECTION('',(-0.85629130855,7.243232964107E-16,0.516493170237)
  );
#1296 = ORIENTED_EDGE('',*,*,#1297,.T.);
#1297 = EDGE_CURVE('',#1290,#1298,#1300,.T.);
#1298 = VERTEX_POINT('',#1299);
#1299 = CARTESIAN_POINT('',(-6.843,27.,22.533));
#1300 = LINE('',#1301,#1302);
#1301 = CARTESIAN_POINT('',(-6.843,27.,5.012978644465));
#1302 = VECTOR('',#1303,1.);
#1303 = DIRECTION('',(0.,6.661338147751E-16,1.));
#1304 = ORIENTED_EDGE('',*,*,#1305,.F.);
#1305 = EDGE_CURVE('',#1306,#1298,#1308,.T.);
#1306 = VERTEX_POINT('',#1307);
#1307 = CARTESIAN_POINT('',(-5.373,27.,22.533));
#1308 = LINE('',#1309,#1310);
#1309 = CARTESIAN_POINT('',(-3.4215,27.,22.533));
#1310 = VECTOR('',#1311,1.);
#1311 = DIRECTION('',(-1.,4.440892098501E-16,0.));
#1312 = ORIENTED_EDGE('',*,*,#1313,.F.);
#1313 = EDGE_CURVE('',#1314,#1306,#1316,.T.);
#1314 = VERTEX_POINT('',#1315);
#1315 = CARTESIAN_POINT('',(-5.373,27.,-9.433));
#1316 = LINE('',#1317,#1318);
#1317 = CARTESIAN_POINT('',(-5.373,27.,5.012978644465));
#1318 = VECTOR('',#1319,1.);
#1319 = DIRECTION('',(0.,6.661338147751E-16,1.));
#1320 = ORIENTED_EDGE('',*,*,#1321,.T.);
#1321 = EDGE_CURVE('',#1314,#1322,#1324,.T.);
#1322 = VERTEX_POINT('',#1323);
#1323 = CARTESIAN_POINT('',(-6.843,27.,-9.433));
#1324 = LINE('',#1325,#1326);
#1325 = CARTESIAN_POINT('',(-3.4215,27.,-9.433));
#1326 = VECTOR('',#1327,1.);
#1327 = DIRECTION('',(-1.,4.440892098501E-16,0.));
#1328 = ORIENTED_EDGE('',*,*,#1329,.T.);
#1329 = EDGE_CURVE('',#1322,#1330,#1332,.T.);
#1330 = VERTEX_POINT('',#1331);
#1331 = CARTESIAN_POINT('',(-6.843,27.,6.16464078849));
#1332 = LINE('',#1333,#1334);
#1333 = CARTESIAN_POINT('',(-6.843,27.,5.012978644465));
#1334 = VECTOR('',#1335,1.);
#1335 = DIRECTION('',(0.,6.661338147751E-16,1.));
#1336 = ORIENTED_EDGE('',*,*,#1337,.F.);
#1337 = EDGE_CURVE('',#1338,#1330,#1340,.T.);
#1338 = VERTEX_POINT('',#1339);
#1339 = CARTESIAN_POINT('',(-6.993480221111,27.,6.10566009329));
#1340 = LINE('',#1341,#1342);
#1341 = CARTESIAN_POINT('',(-1.693965114585,27.,8.182804072072));
#1342 = VECTOR('',#1343,1.);
#1343 = DIRECTION('',(0.931038702486,-1.703783906024E-16,0.364920449514)
  );
#1344 = ORIENTED_EDGE('',*,*,#1345,.F.);
#1345 = EDGE_CURVE('',#1346,#1338,#1348,.T.);
#1346 = VERTEX_POINT('',#1347);
#1347 = CARTESIAN_POINT('',(-7.486386048859,27.,6.050348438411));
#1348 = LINE('',#1349,#1350);
#1349 = CARTESIAN_POINT('',(-3.046771412867,27.,6.548541843152));
#1350 = VECTOR('',#1351,1.);
#1351 = DIRECTION('',(0.993762690287,-3.670350166433E-16,0.111515538796)
  );
#1352 = ORIENTED_EDGE('',*,*,#1353,.F.);
#1353 = EDGE_CURVE('',#1354,#1346,#1356,.T.);
#1354 = VERTEX_POINT('',#1355);
#1355 = CARTESIAN_POINT('',(-7.976812227507,27.,6.124494898131));
#1356 = LINE('',#1357,#1358);
#1357 = CARTESIAN_POINT('',(-5.063013097343,27.,5.683963990026));
#1358 = VECTOR('',#1359,1.);
#1359 = DIRECTION('',(0.988763393016,-5.386788128541E-16,-0.149488971603
    ));
#1360 = ORIENTED_EDGE('',*,*,#1361,.F.);
#1361 = EDGE_CURVE('',#1362,#1354,#1364,.T.);
#1362 = VERTEX_POINT('',#1363);
#1363 = CARTESIAN_POINT('',(-8.43133702345,27.,6.323046513754));
#1364 = LINE('',#1365,#1366);
#1365 = CARTESIAN_POINT('',(-7.300551260817,27.,5.829081515368));
#1366 = VECTOR('',#1367,1.);
#1367 = DIRECTION('',(0.91638150452,-6.736125381776E-16,-0.40030605563)
  );
#1368 = ORIENTED_EDGE('',*,*,#1369,.F.);
#1369 = EDGE_CURVE('',#1154,#1362,#1370,.T.);
#1370 = LINE('',#1371,#1372);
#1371 = CARTESIAN_POINT('',(-9.820062660777,27.,7.160690548967));
#1372 = VECTOR('',#1373,1.);
#1373 = DIRECTION('',(0.85629130855,-7.243232964107E-16,-0.516493170237)
  );
#1374 = FACE_BOUND('',#1375,.F.);
#1375 = EDGE_LOOP('',(#1376,#1386,#1394,#1402,#1410,#1418,#1426,#1434,
    #1442,#1450,#1458,#1466,#1474,#1482,#1490,#1498,#1506,#1514,#1522,
    #1530));
#1376 = ORIENTED_EDGE('',*,*,#1377,.F.);
#1377 = EDGE_CURVE('',#1378,#1380,#1382,.T.);
#1378 = VERTEX_POINT('',#1379);
#1379 = CARTESIAN_POINT('',(-1.301,27.,-12.433));
#1380 = VERTEX_POINT('',#1381);
#1381 = CARTESIAN_POINT('',(-1.301,27.,7.35));
#1382 = LINE('',#1383,#1384);
#1383 = CARTESIAN_POINT('',(-1.301,27.,3.512978644465));
#1384 = VECTOR('',#1385,1.);
#1385 = DIRECTION('',(0.,6.661338147751E-16,1.));
#1386 = ORIENTED_EDGE('',*,*,#1387,.T.);
#1387 = EDGE_CURVE('',#1378,#1388,#1390,.T.);
#1388 = VERTEX_POINT('',#1389);
#1389 = CARTESIAN_POINT('',(-2.771,27.,-12.433));
#1390 = LINE('',#1391,#1392);
#1391 = CARTESIAN_POINT('',(-1.3855,27.,-12.433));
#1392 = VECTOR('',#1393,1.);
#1393 = DIRECTION('',(-1.,4.440892098501E-16,0.));
#1394 = ORIENTED_EDGE('',*,*,#1395,.T.);
#1395 = EDGE_CURVE('',#1388,#1396,#1398,.T.);
#1396 = VERTEX_POINT('',#1397);
#1397 = CARTESIAN_POINT('',(-2.771,27.,7.35));
#1398 = LINE('',#1399,#1400);
#1399 = CARTESIAN_POINT('',(-2.771,27.,3.512978644465));
#1400 = VECTOR('',#1401,1.);
#1401 = DIRECTION('',(0.,6.661338147751E-16,1.));
#1402 = ORIENTED_EDGE('',*,*,#1403,.T.);
#1403 = EDGE_CURVE('',#1396,#1404,#1406,.T.);
#1404 = VERTEX_POINT('',#1405);
#1405 = CARTESIAN_POINT('',(-4.,27.,7.35));
#1406 = LINE('',#1407,#1408);
#1407 = CARTESIAN_POINT('',(-2.,27.,7.35));
#1408 = VECTOR('',#1409,1.);
#1409 = DIRECTION('',(-1.,4.440892098501E-16,0.));
#1410 = ORIENTED_EDGE('',*,*,#1411,.T.);
#1411 = EDGE_CURVE('',#1404,#1412,#1414,.T.);
#1412 = VERTEX_POINT('',#1413);
#1413 = CARTESIAN_POINT('',(-4.,27.,12.35));
#1414 = LINE('',#1415,#1416);
#1415 = CARTESIAN_POINT('',(-4.,27.,13.404478644465));
#1416 = VECTOR('',#1417,1.);
#1417 = DIRECTION('',(0.,6.661338147751E-16,1.));
#1418 = ORIENTED_EDGE('',*,*,#1419,.F.);
#1419 = EDGE_CURVE('',#1420,#1412,#1422,.T.);
#1420 = VERTEX_POINT('',#1421);
#1421 = CARTESIAN_POINT('',(-2.771,27.,12.35));
#1422 = LINE('',#1423,#1424);
#1423 = CARTESIAN_POINT('',(-2.,27.,12.35));
#1424 = VECTOR('',#1425,1.);
#1425 = DIRECTION('',(-1.,4.440892098501E-16,0.));
#1426 = ORIENTED_EDGE('',*,*,#1427,.T.);
#1427 = EDGE_CURVE('',#1420,#1428,#1430,.T.);
#1428 = VERTEX_POINT('',#1429);
#1429 = CARTESIAN_POINT('',(-2.771,27.,22.533));
#1430 = LINE('',#1431,#1432);
#1431 = CARTESIAN_POINT('',(-2.771,27.,3.512978644465));
#1432 = VECTOR('',#1433,1.);
#1433 = DIRECTION('',(0.,6.661338147751E-16,1.));
#1434 = ORIENTED_EDGE('',*,*,#1435,.F.);
#1435 = EDGE_CURVE('',#1436,#1428,#1438,.T.);
#1436 = VERTEX_POINT('',#1437);
#1437 = CARTESIAN_POINT('',(-1.301,27.,22.533));
#1438 = LINE('',#1439,#1440);
#1439 = CARTESIAN_POINT('',(-1.3855,27.,22.533));
#1440 = VECTOR('',#1441,1.);
#1441 = DIRECTION('',(-1.,4.440892098501E-16,0.));
#1442 = ORIENTED_EDGE('',*,*,#1443,.F.);
#1443 = EDGE_CURVE('',#1444,#1436,#1446,.T.);
#1444 = VERTEX_POINT('',#1445);
#1445 = CARTESIAN_POINT('',(-1.301,27.,12.35));
#1446 = LINE('',#1447,#1448);
#1447 = CARTESIAN_POINT('',(-1.301,27.,3.512978644465));
#1448 = VECTOR('',#1449,1.);
#1449 = DIRECTION('',(0.,6.661338147751E-16,1.));
#1450 = ORIENTED_EDGE('',*,*,#1451,.F.);
#1451 = EDGE_CURVE('',#1452,#1444,#1454,.T.);
#1452 = VERTEX_POINT('',#1453);
#1453 = CARTESIAN_POINT('',(1.301,27.,12.35));
#1454 = LINE('',#1455,#1456);
#1455 = CARTESIAN_POINT('',(-2.,27.,12.35));
#1456 = VECTOR('',#1457,1.);
#1457 = DIRECTION('',(-1.,4.440892098501E-16,0.));
#1458 = ORIENTED_EDGE('',*,*,#1459,.T.);
#1459 = EDGE_CURVE('',#1452,#1460,#1462,.T.);
#1460 = VERTEX_POINT('',#1461);
#1461 = CARTESIAN_POINT('',(1.301,27.,22.533));
#1462 = LINE('',#1463,#1464);
#1463 = CARTESIAN_POINT('',(1.301,27.,3.512978644465));
#1464 = VECTOR('',#1465,1.);
#1465 = DIRECTION('',(0.,6.661338147751E-16,1.));
#1466 = ORIENTED_EDGE('',*,*,#1467,.F.);
#1467 = EDGE_CURVE('',#1468,#1460,#1470,.T.);
#1468 = VERTEX_POINT('',#1469);
#1469 = CARTESIAN_POINT('',(2.771,27.,22.533));
#1470 = LINE('',#1471,#1472);
#1471 = CARTESIAN_POINT('',(0.6505,27.,22.533));
#1472 = VECTOR('',#1473,1.);
#1473 = DIRECTION('',(-1.,4.440892098501E-16,0.));
#1474 = ORIENTED_EDGE('',*,*,#1475,.F.);
#1475 = EDGE_CURVE('',#1476,#1468,#1478,.T.);
#1476 = VERTEX_POINT('',#1477);
#1477 = CARTESIAN_POINT('',(2.771,27.,12.35));
#1478 = LINE('',#1479,#1480);
#1479 = CARTESIAN_POINT('',(2.771,27.,3.512978644465));
#1480 = VECTOR('',#1481,1.);
#1481 = DIRECTION('',(0.,6.661338147751E-16,1.));
#1482 = ORIENTED_EDGE('',*,*,#1483,.F.);
#1483 = EDGE_CURVE('',#1484,#1476,#1486,.T.);
#1484 = VERTEX_POINT('',#1485);
#1485 = CARTESIAN_POINT('',(4.,27.,12.35));
#1486 = LINE('',#1487,#1488);
#1487 = CARTESIAN_POINT('',(-2.,27.,12.35));
#1488 = VECTOR('',#1489,1.);
#1489 = DIRECTION('',(-1.,4.440892098501E-16,0.));
#1490 = ORIENTED_EDGE('',*,*,#1491,.F.);
#1491 = EDGE_CURVE('',#1492,#1484,#1494,.T.);
#1492 = VERTEX_POINT('',#1493);
#1493 = CARTESIAN_POINT('',(4.,27.,7.35));
#1494 = LINE('',#1495,#1496);
#1495 = CARTESIAN_POINT('',(4.,27.,13.404478644465));
#1496 = VECTOR('',#1497,1.);
#1497 = DIRECTION('',(0.,6.661338147751E-16,1.));
#1498 = ORIENTED_EDGE('',*,*,#1499,.T.);
#1499 = EDGE_CURVE('',#1492,#1500,#1502,.T.);
#1500 = VERTEX_POINT('',#1501);
#1501 = CARTESIAN_POINT('',(2.771,27.,7.35));
#1502 = LINE('',#1503,#1504);
#1503 = CARTESIAN_POINT('',(-2.,27.,7.35));
#1504 = VECTOR('',#1505,1.);
#1505 = DIRECTION('',(-1.,4.440892098501E-16,0.));
#1506 = ORIENTED_EDGE('',*,*,#1507,.F.);
#1507 = EDGE_CURVE('',#1508,#1500,#1510,.T.);
#1508 = VERTEX_POINT('',#1509);
#1509 = CARTESIAN_POINT('',(2.771,27.,-12.433));
#1510 = LINE('',#1511,#1512);
#1511 = CARTESIAN_POINT('',(2.771,27.,3.512978644465));
#1512 = VECTOR('',#1513,1.);
#1513 = DIRECTION('',(0.,6.661338147751E-16,1.));
#1514 = ORIENTED_EDGE('',*,*,#1515,.T.);
#1515 = EDGE_CURVE('',#1508,#1516,#1518,.T.);
#1516 = VERTEX_POINT('',#1517);
#1517 = CARTESIAN_POINT('',(1.301,27.,-12.433));
#1518 = LINE('',#1519,#1520);
#1519 = CARTESIAN_POINT('',(0.6505,27.,-12.433));
#1520 = VECTOR('',#1521,1.);
#1521 = DIRECTION('',(-1.,4.440892098501E-16,0.));
#1522 = ORIENTED_EDGE('',*,*,#1523,.T.);
#1523 = EDGE_CURVE('',#1516,#1524,#1526,.T.);
#1524 = VERTEX_POINT('',#1525);
#1525 = CARTESIAN_POINT('',(1.301,27.,7.35));
#1526 = LINE('',#1527,#1528);
#1527 = CARTESIAN_POINT('',(1.301,27.,3.512978644465));
#1528 = VECTOR('',#1529,1.);
#1529 = DIRECTION('',(0.,6.661338147751E-16,1.));
#1530 = ORIENTED_EDGE('',*,*,#1531,.T.);
#1531 = EDGE_CURVE('',#1524,#1380,#1532,.T.);
#1532 = LINE('',#1533,#1534);
#1533 = CARTESIAN_POINT('',(-2.,27.,7.35));
#1534 = VECTOR('',#1535,1.);
#1535 = DIRECTION('',(-1.,4.440892098501E-16,0.));
#1536 = FACE_BOUND('',#1537,.F.);
#1537 = EDGE_LOOP('',(#1538,#1548,#1556,#1564,#1572,#1580,#1588,#1596,
    #1604,#1612,#1620,#1628,#1636,#1644,#1652,#1660,#1668,#1676,#1684,
    #1692,#1700,#1708,#1716,#1724,#1732,#1740));
#1538 = ORIENTED_EDGE('',*,*,#1539,.F.);
#1539 = EDGE_CURVE('',#1540,#1542,#1544,.T.);
#1540 = VERTEX_POINT('',#1541);
#1541 = CARTESIAN_POINT('',(-11.58133702345,27.,-14.22304651375));
#1542 = VERTEX_POINT('',#1543);
#1543 = CARTESIAN_POINT('',(-11.96898532298,27.,-14.53247232079));
#1544 = LINE('',#1545,#1546);
#1545 = CARTESIAN_POINT('',(0.166790055833,27.,-4.845541937687));
#1546 = VECTOR('',#1547,1.);
#1547 = DIRECTION('',(-0.781549730883,-6.848507732936E-17,
    -0.623842943502));
#1548 = ORIENTED_EDGE('',*,*,#1549,.F.);
#1549 = EDGE_CURVE('',#1550,#1540,#1552,.T.);
#1550 = VERTEX_POINT('',#1551);
#1551 = CARTESIAN_POINT('',(-8.43133702345,27.,-12.32304651375));
#1552 = LINE('',#1553,#1554);
#1553 = CARTESIAN_POINT('',(1.687829219826,27.,-6.219422430509));
#1554 = VECTOR('',#1555,1.);
#1555 = DIRECTION('',(-0.85629130855,3.621616482053E-17,-0.516493170237)
  );
#1556 = ORIENTED_EDGE('',*,*,#1557,.F.);
#1557 = EDGE_CURVE('',#1558,#1550,#1560,.T.);
#1558 = VERTEX_POINT('',#1559);
#1559 = CARTESIAN_POINT('',(-7.976812227507,27.,-12.12449489813));
#1560 = LINE('',#1561,#1562);
#1561 = CARTESIAN_POINT('',(1.165399287978,27.,-8.130871485344));
#1562 = VECTOR('',#1563,1.);
#1563 = DIRECTION('',(-0.91638150452,1.402977383493E-16,-0.40030605563)
  );
#1564 = ORIENTED_EDGE('',*,*,#1565,.F.);
#1565 = EDGE_CURVE('',#1566,#1558,#1568,.T.);
#1566 = VERTEX_POINT('',#1567);
#1567 = CARTESIAN_POINT('',(-7.486386048859,27.,-12.05034843841));
#1568 = LINE('',#1569,#1570);
#1569 = CARTESIAN_POINT('',(-1.498158986674,27.,-11.14500150549));
#1570 = VECTOR('',#1571,1.);
#1571 = DIRECTION('',(-0.988763393016,3.395194950125E-16,-0.149488971603
    ));
#1572 = ORIENTED_EDGE('',*,*,#1573,.F.);
#1573 = EDGE_CURVE('',#1574,#1566,#1576,.T.);
#1574 = VERTEX_POINT('',#1575);
#1575 = CARTESIAN_POINT('',(-6.993480221111,27.,-12.10566009329));
#1576 = LINE('',#1577,#1578);
#1577 = CARTESIAN_POINT('',(-5.289219737958,27.,-12.29690446972));
#1578 = VECTOR('',#1579,1.);
#1579 = DIRECTION('',(-0.993762690287,5.15603559173E-16,0.111515538796)
  );
#1580 = ORIENTED_EDGE('',*,*,#1581,.F.);
#1581 = EDGE_CURVE('',#1582,#1574,#1584,.T.);
#1582 = VERTEX_POINT('',#1583);
#1583 = CARTESIAN_POINT('',(-6.53168546186,27.,-12.28666046489));
#1584 = LINE('',#1585,#1586);
#1585 = CARTESIAN_POINT('',(-9.093612157213,27.,-11.28251376423));
#1586 = VECTOR('',#1587,1.);
#1587 = DIRECTION('',(-0.931038702486,6.565500928511E-16,0.364920449514)
  );
#1588 = ORIENTED_EDGE('',*,*,#1589,.F.);
#1589 = EDGE_CURVE('',#1590,#1582,#1592,.T.);
#1590 = VERTEX_POINT('',#1591);
#1591 = CARTESIAN_POINT('',(-6.132472320797,27.,-12.58101467702));
#1592 = LINE('',#1593,#1594);
#1593 = CARTESIAN_POINT('',(-11.79813138044,27.,-8.403520408603));
#1594 = VECTOR('',#1595,1.);
#1595 = DIRECTION('',(-0.804865965724,7.527538227017E-16,0.593456634658)
  );
#1596 = ORIENTED_EDGE('',*,*,#1597,.F.);
#1597 = EDGE_CURVE('',#1598,#1590,#1600,.T.);
#1598 = VERTEX_POINT('',#1599);
#1599 = CARTESIAN_POINT('',(-5.823046513754,27.,-12.96866297655));
#1600 = LINE('',#1601,#1602);
#1601 = CARTESIAN_POINT('',(-12.5952145779,27.,-4.484498519525));
#1602 = VECTOR('',#1603,1.);
#1603 = DIRECTION('',(-0.623842943502,7.976586235197E-16,0.781549730883)
  );
#1604 = ORIENTED_EDGE('',*,*,#1605,.F.);
#1605 = EDGE_CURVE('',#1606,#1598,#1608,.T.);
#1606 = VERTEX_POINT('',#1607);
#1607 = CARTESIAN_POINT('',(-5.624494898131,27.,-13.42318777249));
#1608 = LINE('',#1609,#1610);
#1609 = CARTESIAN_POINT('',(-11.2049755165,27.,-0.648339245735));
#1610 = VECTOR('',#1611,1.);
#1611 = DIRECTION('',(-0.40030605563,7.88204307338E-16,0.91638150452));
#1612 = ORIENTED_EDGE('',*,*,#1613,.F.);
#1613 = EDGE_CURVE('',#1614,#1606,#1616,.T.);
#1614 = VERTEX_POINT('',#1615);
#1615 = CARTESIAN_POINT('',(-5.550348438411,27.,-13.91361395114));
#1616 = LINE('',#1617,#1618);
#1617 = CARTESIAN_POINT('',(-7.954718660188,27.,1.989587690135));
#1618 = VECTOR('',#1619,1.);
#1619 = DIRECTION('',(-0.149488971603,7.250351701804E-16,0.988763393016)
  );
#1620 = ORIENTED_EDGE('',*,*,#1621,.F.);
#1621 = EDGE_CURVE('',#1622,#1614,#1624,.T.);
#1622 = VERTEX_POINT('',#1623);
#1623 = CARTESIAN_POINT('',(-5.60566009329,27.,-14.40651977888));
#1624 = LINE('',#1625,#1626);
#1625 = CARTESIAN_POINT('',(-3.69431911966,27.,2.626257612668));
#1626 = VECTOR('',#1627,1.);
#1627 = DIRECTION('',(0.111515538796,6.124560843523E-16,0.993762690287)
  );
#1628 = ORIENTED_EDGE('',*,*,#1629,.F.);
#1629 = EDGE_CURVE('',#1630,#1622,#1632,.T.);
#1630 = VERTEX_POINT('',#1631);
#1631 = CARTESIAN_POINT('',(-5.786660464895,27.,-14.86831453814));
#1632 = LINE('',#1633,#1634);
#1633 = CARTESIAN_POINT('',(0.430067633546,27.,0.992716188377));
#1634 = VECTOR('',#1635,1.);
#1635 = DIRECTION('',(0.364920449514,4.581391285072E-16,0.931038702486)
  );
#1636 = ORIENTED_EDGE('',*,*,#1637,.F.);
#1637 = EDGE_CURVE('',#1638,#1630,#1640,.T.);
#1638 = VERTEX_POINT('',#1639);
#1639 = CARTESIAN_POINT('',(-6.08101467702,27.,-15.2675276792));
#1640 = LINE('',#1641,#1642);
#1641 = CARTESIAN_POINT('',(3.283429650393,27.,-2.567151464857));
#1642 = VECTOR('',#1643,1.);
#1643 = DIRECTION('',(0.593456634658,2.72600748165E-16,0.804865965724));
#1644 = ORIENTED_EDGE('',*,*,#1645,.F.);
#1645 = EDGE_CURVE('',#1646,#1638,#1648,.T.);
#1646 = VERTEX_POINT('',#1647);
#1647 = CARTESIAN_POINT('',(-6.46866297655,27.,-15.57695348624));
#1648 = LINE('',#1649,#1650);
#1649 = CARTESIAN_POINT('',(4.048060710719,27.,-7.182370772162));
#1650 = VECTOR('',#1651,1.);
#1651 = DIRECTION('',(0.781549730883,6.848507732935E-17,0.623842943502)
  );
#1652 = ORIENTED_EDGE('',*,*,#1653,.F.);
#1653 = EDGE_CURVE('',#1654,#1646,#1656,.T.);
#1654 = VERTEX_POINT('',#1655);
#1655 = CARTESIAN_POINT('',(-9.61866297655,27.,-17.47695348624));
#1656 = LINE('',#1657,#1658);
#1657 = CARTESIAN_POINT('',(2.075503266725,27.,-10.423329403));
#1658 = VECTOR('',#1659,1.);
#1659 = DIRECTION('',(0.85629130855,-3.621616482053E-17,0.516493170237)
  );
#1660 = ORIENTED_EDGE('',*,*,#1661,.F.);
#1661 = EDGE_CURVE('',#1662,#1654,#1664,.T.);
#1662 = VERTEX_POINT('',#1663);
#1663 = CARTESIAN_POINT('',(-10.07318777249,27.,-17.67550510186));
#1664 = LINE('',#1665,#1666);
#1665 = CARTESIAN_POINT('',(0.967391775591,27.,-12.8526111118));
#1666 = VECTOR('',#1667,1.);
#1667 = DIRECTION('',(0.91638150452,-1.402977383493E-16,0.40030605563));
#1668 = ORIENTED_EDGE('',*,*,#1669,.F.);
#1669 = EDGE_CURVE('',#1670,#1662,#1672,.T.);
#1670 = VERTEX_POINT('',#1671);
#1671 = CARTESIAN_POINT('',(-10.56361395114,27.,-17.74965156158));
#1672 = LINE('',#1673,#1674);
#1673 = CARTESIAN_POINT('',(-2.649951488384,27.,-16.55320226792));
#1674 = VECTOR('',#1675,1.);
#1675 = DIRECTION('',(0.988763393016,-3.395194950125E-16,0.149488971603)
  );
#1676 = ORIENTED_EDGE('',*,*,#1677,.F.);
#1677 = EDGE_CURVE('',#1678,#1670,#1680,.T.);
#1678 = VERTEX_POINT('',#1679);
#1679 = CARTESIAN_POINT('',(-11.05651977888,27.,-17.69433990671));
#1680 = LINE('',#1681,#1682);
#1681 = CARTESIAN_POINT('',(-7.655671616356,27.,-18.07596765236));
#1682 = VECTOR('',#1683,1.);
#1683 = DIRECTION('',(0.993762690287,-5.15603559173E-16,-0.111515538796)
  );
#1684 = ORIENTED_EDGE('',*,*,#1685,.F.);
#1685 = EDGE_CURVE('',#1686,#1678,#1688,.T.);
#1686 = VERTEX_POINT('',#1687);
#1687 = CARTESIAN_POINT('',(-11.51831453813,27.,-17.5133395351));
#1688 = LINE('',#1689,#1690);
#1689 = CARTESIAN_POINT('',(-12.80684908439,27.,-17.00829865487));
#1690 = VECTOR('',#1691,1.);
#1691 = DIRECTION('',(0.931038702486,-6.565500928511E-16,-0.364920449514
    ));
#1692 = ORIENTED_EDGE('',*,*,#1693,.F.);
#1693 = EDGE_CURVE('',#1694,#1686,#1696,.T.);
#1694 = VERTEX_POINT('',#1695);
#1695 = CARTESIAN_POINT('',(-11.9175276792,27.,-17.21898532298));
#1696 = LINE('',#1697,#1698);
#1697 = CARTESIAN_POINT('',(-16.81705103743,27.,-13.60639047187));
#1698 = VECTOR('',#1699,1.);
#1699 = DIRECTION('',(0.804865965724,-7.527538227017E-16,-0.593456634658
    ));
#1700 = ORIENTED_EDGE('',*,*,#1701,.F.);
#1701 = EDGE_CURVE('',#1702,#1694,#1704,.T.);
#1702 = VERTEX_POINT('',#1703);
#1703 = CARTESIAN_POINT('',(-12.22695348624,27.,-16.83133702345));
#1704 = LINE('',#1705,#1706);
#1705 = CARTESIAN_POINT('',(-18.69463618865,27.,-8.728631481695));
#1706 = VECTOR('',#1707,1.);
#1707 = DIRECTION('',(0.623842943502,-7.976586235197E-16,-0.781549730883
    ));
#1708 = ORIENTED_EDGE('',*,*,#1709,.F.);
#1709 = EDGE_CURVE('',#1710,#1702,#1712,.T.);
#1710 = VERTEX_POINT('',#1711);
#1711 = CARTESIAN_POINT('',(-12.42550510186,27.,-16.3768122275));
#1712 = LINE('',#1713,#1714);
#1713 = CARTESIAN_POINT('',(-18.00281554706,27.,-3.60922086819));
#1714 = VECTOR('',#1715,1.);
#1715 = DIRECTION('',(0.40030605563,-7.88204307338E-16,-0.91638150452));
#1716 = ORIENTED_EDGE('',*,*,#1717,.F.);
#1717 = EDGE_CURVE('',#1718,#1710,#1720,.T.);
#1718 = VERTEX_POINT('',#1719);
#1719 = CARTESIAN_POINT('',(-12.49965156158,27.,-15.88638604885));
#1720 = LINE('',#1721,#1722);
#1721 = CARTESIAN_POINT('',(-14.97217086475,27.,0.467573372214));
#1722 = VECTOR('',#1723,1.);
#1723 = DIRECTION('',(0.149488971603,-7.250351701804E-16,-0.988763393016
    ));
#1724 = ORIENTED_EDGE('',*,*,#1725,.F.);
#1725 = EDGE_CURVE('',#1726,#1718,#1728,.T.);
#1726 = VERTEX_POINT('',#1727);
#1727 = CARTESIAN_POINT('',(-12.44433990671,27.,-15.39348022111));
#1728 = LINE('',#1729,#1730);
#1729 = CARTESIAN_POINT('',(-10.43578952602,27.,2.50557179835));
#1730 = VECTOR('',#1731,1.);
#1731 = DIRECTION('',(-0.111515538796,-6.124560843523E-16,
    -0.993762690287));
#1732 = ORIENTED_EDGE('',*,*,#1733,.F.);
#1733 = EDGE_CURVE('',#1734,#1726,#1736,.T.);
#1734 = VERTEX_POINT('',#1735);
#1735 = CARTESIAN_POINT('',(-12.2633395351,27.,-14.93168546186));
#1736 = LINE('',#1737,#1738);
#1737 = CARTESIAN_POINT('',(-5.604606391935,27.,2.057053519657));
#1738 = VECTOR('',#1739,1.);
#1739 = DIRECTION('',(-0.364920449514,-4.581391285072E-16,
    -0.931038702486));
#1740 = ORIENTED_EDGE('',*,*,#1741,.F.);
#1741 = EDGE_CURVE('',#1542,#1734,#1742,.T.);
#1742 = LINE('',#1743,#1744);
#1743 = CARTESIAN_POINT('',(-1.743247232509,27.,-0.663980365735));
#1744 = VECTOR('',#1745,1.);
#1745 = DIRECTION('',(-0.593456634658,-2.72600748165E-16,-0.804865965724
    ));
#1746 = FACE_BOUND('',#1747,.F.);
#1747 = EDGE_LOOP('',(#1748,#1758,#1766,#1774));
#1748 = ORIENTED_EDGE('',*,*,#1749,.F.);
#1749 = EDGE_CURVE('',#1750,#1752,#1754,.T.);
#1750 = VERTEX_POINT('',#1751);
#1751 = CARTESIAN_POINT('',(22.983,27.,50.983));
#1752 = VERTEX_POINT('',#1753);
#1753 = CARTESIAN_POINT('',(-22.983,27.,50.983));
#1754 = LINE('',#1755,#1756);
#1755 = CARTESIAN_POINT('',(-6.898306639717E-15,27.,50.983));
#1756 = VECTOR('',#1757,1.);
#1757 = DIRECTION('',(-1.,4.440892098501E-16,0.));
#1758 = ORIENTED_EDGE('',*,*,#1759,.T.);
#1759 = EDGE_CURVE('',#1750,#1760,#1762,.T.);
#1760 = VERTEX_POINT('',#1761);
#1761 = CARTESIAN_POINT('',(22.983,27.,49.017));
#1762 = LINE('',#1763,#1764);
#1763 = CARTESIAN_POINT('',(22.983,27.,34.237978644465));
#1764 = VECTOR('',#1765,1.);
#1765 = DIRECTION('',(-0.,-6.661338147751E-16,-1.));
#1766 = ORIENTED_EDGE('',*,*,#1767,.T.);
#1767 = EDGE_CURVE('',#1760,#1768,#1770,.T.);
#1768 = VERTEX_POINT('',#1769);
#1769 = CARTESIAN_POINT('',(-22.983,27.,49.017));
#1770 = LINE('',#1771,#1772);
#1771 = CARTESIAN_POINT('',(-6.898306639717E-15,27.,49.017));
#1772 = VECTOR('',#1773,1.);
#1773 = DIRECTION('',(-1.,4.440892098501E-16,0.));
#1774 = ORIENTED_EDGE('',*,*,#1775,.T.);
#1775 = EDGE_CURVE('',#1768,#1752,#1776,.T.);
#1776 = LINE('',#1777,#1778);
#1777 = CARTESIAN_POINT('',(-22.983,27.,34.237978644465));
#1778 = VECTOR('',#1779,1.);
#1779 = DIRECTION('',(0.,6.661338147751E-16,1.));
#1780 = FACE_BOUND('',#1781,.F.);
#1781 = EDGE_LOOP('',(#1782,#1792,#1800,#1808));
#1782 = ORIENTED_EDGE('',*,*,#1783,.T.);
#1783 = EDGE_CURVE('',#1784,#1786,#1788,.T.);
#1784 = VERTEX_POINT('',#1785);
#1785 = CARTESIAN_POINT('',(12.983,27.,52.817));
#1786 = VERTEX_POINT('',#1787);
#1787 = CARTESIAN_POINT('',(11.017,27.,52.817));
#1788 = LINE('',#1789,#1790);
#1789 = CARTESIAN_POINT('',(5.5085,27.,52.817));
#1790 = VECTOR('',#1791,1.);
#1791 = DIRECTION('',(-1.,4.440892098501E-16,0.));
#1792 = ORIENTED_EDGE('',*,*,#1793,.T.);
#1793 = EDGE_CURVE('',#1786,#1794,#1796,.T.);
#1794 = VERTEX_POINT('',#1795);
#1795 = CARTESIAN_POINT('',(11.017,27.,55.683));
#1796 = LINE('',#1797,#1798);
#1797 = CARTESIAN_POINT('',(11.017,27.,36.137978644465));
#1798 = VECTOR('',#1799,1.);
#1799 = DIRECTION('',(0.,6.661338147751E-16,1.));
#1800 = ORIENTED_EDGE('',*,*,#1801,.F.);
#1801 = EDGE_CURVE('',#1802,#1794,#1804,.T.);
#1802 = VERTEX_POINT('',#1803);
#1803 = CARTESIAN_POINT('',(12.983,27.,55.683));
#1804 = LINE('',#1805,#1806);
#1805 = CARTESIAN_POINT('',(5.5085,27.,55.683));
#1806 = VECTOR('',#1807,1.);
#1807 = DIRECTION('',(-1.,4.440892098501E-16,0.));
#1808 = ORIENTED_EDGE('',*,*,#1809,.F.);
#1809 = EDGE_CURVE('',#1784,#1802,#1810,.T.);
#1810 = LINE('',#1811,#1812);
#1811 = CARTESIAN_POINT('',(12.983,27.,36.137978644465));
#1812 = VECTOR('',#1813,1.);
#1813 = DIRECTION('',(0.,6.661338147751E-16,1.));
#1814 = FACE_BOUND('',#1815,.F.);
#1815 = EDGE_LOOP('',(#1816,#1826,#1834,#1842,#1851,#1859,#1867,#1875,
    #1884));
#1816 = ORIENTED_EDGE('',*,*,#1817,.F.);
#1817 = EDGE_CURVE('',#1818,#1820,#1822,.T.);
#1818 = VERTEX_POINT('',#1819);
#1819 = CARTESIAN_POINT('',(25.733,27.,49.617));
#1820 = VERTEX_POINT('',#1821);
#1821 = CARTESIAN_POINT('',(25.733,27.,51.793010514696));
#1822 = LINE('',#1823,#1824);
#1823 = CARTESIAN_POINT('',(25.733,27.,34.537978644465));
#1824 = VECTOR('',#1825,1.);
#1825 = DIRECTION('',(0.,6.661338147751E-16,1.));
#1826 = ORIENTED_EDGE('',*,*,#1827,.T.);
#1827 = EDGE_CURVE('',#1818,#1828,#1830,.T.);
#1828 = VERTEX_POINT('',#1829);
#1829 = CARTESIAN_POINT('',(24.267,27.,49.617));
#1830 = LINE('',#1831,#1832);
#1831 = CARTESIAN_POINT('',(12.1335,27.,49.617));
#1832 = VECTOR('',#1833,1.);
#1833 = DIRECTION('',(-1.,4.440892098501E-16,0.));
#1834 = ORIENTED_EDGE('',*,*,#1835,.T.);
#1835 = EDGE_CURVE('',#1828,#1836,#1838,.T.);
#1836 = VERTEX_POINT('',#1837);
#1837 = CARTESIAN_POINT('',(24.267,27.,51.793010514696));
#1838 = LINE('',#1839,#1840);
#1839 = CARTESIAN_POINT('',(24.267,27.,34.537978644465));
#1840 = VECTOR('',#1841,1.);
#1841 = DIRECTION('',(0.,6.661338147751E-16,1.));
#1842 = ORIENTED_EDGE('',*,*,#1843,.T.);
#1843 = EDGE_CURVE('',#1836,#1844,#1846,.T.);
#1844 = VERTEX_POINT('',#1845);
#1845 = CARTESIAN_POINT('',(23.193010514696,27.,52.867));
#1846 = CIRCLE('',#1847,1.95);
#1847 = AXIS2_PLACEMENT_3D('',#1848,#1849,#1850);
#1848 = CARTESIAN_POINT('',(25.,27.,53.6));
#1849 = DIRECTION('',(0.,1.,0.));
#1850 = DIRECTION('',(0.,-0.,1.));
#1851 = ORIENTED_EDGE('',*,*,#1852,.T.);
#1852 = EDGE_CURVE('',#1844,#1853,#1855,.T.);
#1853 = VERTEX_POINT('',#1854);
#1854 = CARTESIAN_POINT('',(21.017,27.,52.867));
#1855 = LINE('',#1856,#1857);
#1856 = CARTESIAN_POINT('',(10.5085,27.,52.867));
#1857 = VECTOR('',#1858,1.);
#1858 = DIRECTION('',(-1.,4.440892098501E-16,0.));
#1859 = ORIENTED_EDGE('',*,*,#1860,.T.);
#1860 = EDGE_CURVE('',#1853,#1861,#1863,.T.);
#1861 = VERTEX_POINT('',#1862);
#1862 = CARTESIAN_POINT('',(21.017,27.,54.333));
#1863 = LINE('',#1864,#1865);
#1864 = CARTESIAN_POINT('',(21.017,27.,36.162978644465));
#1865 = VECTOR('',#1866,1.);
#1866 = DIRECTION('',(0.,6.661338147751E-16,1.));
#1867 = ORIENTED_EDGE('',*,*,#1868,.F.);
#1868 = EDGE_CURVE('',#1869,#1861,#1871,.T.);
#1869 = VERTEX_POINT('',#1870);
#1870 = CARTESIAN_POINT('',(23.193010514696,27.,54.333));
#1871 = LINE('',#1872,#1873);
#1872 = CARTESIAN_POINT('',(10.5085,27.,54.333));
#1873 = VECTOR('',#1874,1.);
#1874 = DIRECTION('',(-1.,4.440892098501E-16,0.));
#1875 = ORIENTED_EDGE('',*,*,#1876,.T.);
#1876 = EDGE_CURVE('',#1869,#1877,#1879,.T.);
#1877 = VERTEX_POINT('',#1878);
#1878 = CARTESIAN_POINT('',(25.,27.,55.55));
#1879 = CIRCLE('',#1880,1.95);
#1880 = AXIS2_PLACEMENT_3D('',#1881,#1882,#1883);
#1881 = CARTESIAN_POINT('',(25.,27.,53.6));
#1882 = DIRECTION('',(0.,1.,0.));
#1883 = DIRECTION('',(0.,-0.,1.));
#1884 = ORIENTED_EDGE('',*,*,#1885,.T.);
#1885 = EDGE_CURVE('',#1877,#1820,#1886,.T.);
#1886 = CIRCLE('',#1887,1.95);
#1887 = AXIS2_PLACEMENT_3D('',#1888,#1889,#1890);
#1888 = CARTESIAN_POINT('',(25.,27.,53.6));
#1889 = DIRECTION('',(0.,1.,0.));
#1890 = DIRECTION('',(0.,-0.,1.));
#1891 = FACE_BOUND('',#1892,.F.);
#1892 = EDGE_LOOP('',(#1893,#1903,#1911,#1919,#1927,#1935,#1943,#1951,
    #1959,#1967,#1975,#1983,#1991,#1999,#2007,#2015,#2023,#2031,#2039,
    #2047,#2055,#2063,#2071,#2079,#2087,#2095,#2103,#2111));
#1893 = ORIENTED_EDGE('',*,*,#1894,.F.);
#1894 = EDGE_CURVE('',#1895,#1897,#1899,.T.);
#1895 = VERTEX_POINT('',#1896);
#1896 = CARTESIAN_POINT('',(6.843,27.,-9.433));
#1897 = VERTEX_POINT('',#1898);
#1898 = CARTESIAN_POINT('',(6.843,27.,6.16464078849));
#1899 = LINE('',#1900,#1901);
#1900 = CARTESIAN_POINT('',(6.843,27.,5.012978644465));
#1901 = VECTOR('',#1902,1.);
#1902 = DIRECTION('',(0.,6.661338147751E-16,1.));
#1903 = ORIENTED_EDGE('',*,*,#1904,.T.);
#1904 = EDGE_CURVE('',#1895,#1905,#1907,.T.);
#1905 = VERTEX_POINT('',#1906);
#1906 = CARTESIAN_POINT('',(5.373,27.,-9.433));
#1907 = LINE('',#1908,#1909);
#1908 = CARTESIAN_POINT('',(2.6865,27.,-9.433));
#1909 = VECTOR('',#1910,1.);
#1910 = DIRECTION('',(-1.,4.440892098501E-16,0.));
#1911 = ORIENTED_EDGE('',*,*,#1912,.T.);
#1912 = EDGE_CURVE('',#1905,#1913,#1915,.T.);
#1913 = VERTEX_POINT('',#1914);
#1914 = CARTESIAN_POINT('',(5.373,27.,22.533));
#1915 = LINE('',#1916,#1917);
#1916 = CARTESIAN_POINT('',(5.373,27.,5.012978644465));
#1917 = VECTOR('',#1918,1.);
#1918 = DIRECTION('',(0.,6.661338147751E-16,1.));
#1919 = ORIENTED_EDGE('',*,*,#1920,.F.);
#1920 = EDGE_CURVE('',#1921,#1913,#1923,.T.);
#1921 = VERTEX_POINT('',#1922);
#1922 = CARTESIAN_POINT('',(6.843,27.,22.533));
#1923 = LINE('',#1924,#1925);
#1924 = CARTESIAN_POINT('',(2.6865,27.,22.533));
#1925 = VECTOR('',#1926,1.);
#1926 = DIRECTION('',(-1.,4.440892098501E-16,0.));
#1927 = ORIENTED_EDGE('',*,*,#1928,.F.);
#1928 = EDGE_CURVE('',#1929,#1921,#1931,.T.);
#1929 = VERTEX_POINT('',#1930);
#1930 = CARTESIAN_POINT('',(6.843,27.,9.802744071818));
#1931 = LINE('',#1932,#1933);
#1932 = CARTESIAN_POINT('',(6.843,27.,5.012978644465));
#1933 = VECTOR('',#1934,1.);
#1934 = DIRECTION('',(0.,6.661338147751E-16,1.));
#1935 = ORIENTED_EDGE('',*,*,#1936,.F.);
#1936 = EDGE_CURVE('',#1937,#1929,#1939,.T.);
#1937 = VERTEX_POINT('',#1938);
#1938 = CARTESIAN_POINT('',(9.445,27.,11.372204389279));
#1939 = LINE('',#1940,#1941);
#1940 = CARTESIAN_POINT('',(7.857388613877,27.,10.414597521459));
#1941 = VECTOR('',#1942,1.);
#1942 = DIRECTION('',(-0.85629130855,3.621616482053E-17,-0.516493170237)
  );
#1943 = ORIENTED_EDGE('',*,*,#1944,.T.);
#1944 = EDGE_CURVE('',#1937,#1945,#1947,.T.);
#1945 = VERTEX_POINT('',#1946);
#1946 = CARTESIAN_POINT('',(9.445,27.,22.533));
#1947 = LINE('',#1948,#1949);
#1948 = CARTESIAN_POINT('',(9.445,27.,3.512978644465));
#1949 = VECTOR('',#1950,1.);
#1950 = DIRECTION('',(0.,6.661338147751E-16,1.));
#1951 = ORIENTED_EDGE('',*,*,#1952,.F.);
#1952 = EDGE_CURVE('',#1953,#1945,#1955,.T.);
#1953 = VERTEX_POINT('',#1954);
#1954 = CARTESIAN_POINT('',(10.915,27.,22.533));
#1955 = LINE('',#1956,#1957);
#1956 = CARTESIAN_POINT('',(4.7225,27.,22.533));
#1957 = VECTOR('',#1958,1.);
#1958 = DIRECTION('',(-1.,4.440892098501E-16,0.));
#1959 = ORIENTED_EDGE('',*,*,#1960,.F.);
#1960 = EDGE_CURVE('',#1961,#1953,#1963,.T.);
#1961 = VERTEX_POINT('',#1962);
#1962 = CARTESIAN_POINT('',(10.915,27.,11.710220613993));
#1963 = LINE('',#1964,#1965);
#1964 = CARTESIAN_POINT('',(10.915,27.,3.512978644465));
#1965 = VECTOR('',#1966,1.);
#1966 = DIRECTION('',(0.,6.661338147751E-16,1.));
#1967 = ORIENTED_EDGE('',*,*,#1968,.F.);
#1968 = EDGE_CURVE('',#1969,#1961,#1971,.T.);
#1969 = VERTEX_POINT('',#1970);
#1970 = CARTESIAN_POINT('',(11.056519778889,27.,11.69433990671));
#1971 = LINE('',#1972,#1973);
#1972 = CARTESIAN_POINT('',(5.166770377391,27.,12.35526085323));
#1973 = VECTOR('',#1974,1.);
#1974 = DIRECTION('',(-0.993762690287,5.15603559173E-16,0.111515538796)
  );
#1975 = ORIENTED_EDGE('',*,*,#1976,.F.);
#1976 = EDGE_CURVE('',#1977,#1969,#1979,.T.);
#1977 = VERTEX_POINT('',#1978);
#1978 = CARTESIAN_POINT('',(11.518314538139,27.,11.513339535105));
#1979 = LINE('',#1980,#1981);
#1980 = CARTESIAN_POINT('',(5.176304662144,27.,13.999089148513));
#1981 = VECTOR('',#1982,1.);
#1982 = DIRECTION('',(-0.931038702486,6.565500928511E-16,0.364920449514)
  );
#1983 = ORIENTED_EDGE('',*,*,#1984,.F.);
#1984 = EDGE_CURVE('',#1985,#1977,#1987,.T.);
#1985 = VERTEX_POINT('',#1986);
#1986 = CARTESIAN_POINT('',(11.917527679203,27.,11.21898532298));
#1987 = LINE('',#1988,#1989);
#1988 = CARTESIAN_POINT('',(6.08946164765,27.,15.516228094994));
#1989 = VECTOR('',#1990,1.);
#1990 = DIRECTION('',(-0.804865965724,7.527538227017E-16,0.593456634658)
  );
#1991 = ORIENTED_EDGE('',*,*,#1992,.F.);
#1992 = EDGE_CURVE('',#1993,#1985,#1995,.T.);
#1993 = VERTEX_POINT('',#1994);
#1994 = CARTESIAN_POINT('',(12.226953486246,27.,10.83133702345));
#1995 = LINE('',#1996,#1997);
#1996 = CARTESIAN_POINT('',(7.744450745053,27.,16.447011365126));
#1997 = VECTOR('',#1998,1.);
#1998 = DIRECTION('',(-0.623842943502,7.976586235197E-16,0.781549730883)
  );
#1999 = ORIENTED_EDGE('',*,*,#2000,.F.);
#2000 = EDGE_CURVE('',#2001,#1993,#2003,.T.);
#2001 = VERTEX_POINT('',#2002);
#2002 = CARTESIAN_POINT('',(12.425505101869,27.,10.376812227507));
#2003 = LINE('',#2004,#2005);
#2004 = CARTESIAN_POINT('',(9.764127396237,27.,16.469243934909));
#2005 = VECTOR('',#2006,1.);
#2006 = DIRECTION('',(-0.40030605563,7.88204307338E-16,0.91638150452));
#2007 = ORIENTED_EDGE('',*,*,#2008,.F.);
#2008 = EDGE_CURVE('',#2009,#2001,#2011,.T.);
#2009 = VERTEX_POINT('',#2010);
#2010 = CARTESIAN_POINT('',(12.499651561589,27.,9.886386048859));
#2011 = LINE('',#2012,#2013);
#2012 = CARTESIAN_POINT('',(11.65252984341,27.,15.48949466204));
#2013 = VECTOR('',#2014,1.);
#2014 = DIRECTION('',(-0.149488971603,7.250351701804E-16,0.988763393016)
  );
#2015 = ORIENTED_EDGE('',*,*,#2016,.F.);
#2016 = EDGE_CURVE('',#2017,#2009,#2019,.T.);
#2017 = VERTEX_POINT('',#2018);
#2018 = CARTESIAN_POINT('',(12.44433990671,27.,9.393480221111));
#2019 = LINE('',#2020,#2021);
#2020 = CARTESIAN_POINT('',(12.924690764991,27.,13.674092289713));
#2021 = VECTOR('',#2022,1.);
#2022 = DIRECTION('',(0.111515538796,6.124560843523E-16,0.993762690287)
  );
#2023 = ORIENTED_EDGE('',*,*,#2024,.F.);
#2024 = EDGE_CURVE('',#2025,#2017,#2027,.T.);
#2025 = VERTEX_POINT('',#2026);
#2026 = CARTESIAN_POINT('',(12.263339535104,27.,8.931685461861));
#2027 = LINE('',#2028,#2029);
#2028 = CARTESIAN_POINT('',(13.235150814189,27.,11.411113275632));
#2029 = VECTOR('',#2030,1.);
#2030 = DIRECTION('',(0.364920449514,4.581391285072E-16,0.931038702486)
  );
#2031 = ORIENTED_EDGE('',*,*,#2032,.F.);
#2032 = EDGE_CURVE('',#2033,#2025,#2035,.T.);
#2033 = VERTEX_POINT('',#2034);
#2034 = CARTESIAN_POINT('',(11.96898532298,27.,8.532472320797));
#2035 = LINE('',#2036,#2037);
#2036 = CARTESIAN_POINT('',(12.470836622298,27.,9.213100031545));
#2037 = VECTOR('',#2038,1.);
#2038 = DIRECTION('',(0.593456634658,2.72600748165E-16,0.804865965724));
#2039 = ORIENTED_EDGE('',*,*,#2040,.F.);
#2040 = EDGE_CURVE('',#2041,#2033,#2043,.T.);
#2041 = VERTEX_POINT('',#2042);
#2042 = CARTESIAN_POINT('',(11.58133702345,27.,8.223046513754));
#2043 = LINE('',#2044,#2045);
#2044 = CARTESIAN_POINT('',(10.783395387765,27.,7.586119343187));
#2045 = VECTOR('',#2046,1.);
#2046 = DIRECTION('',(0.781549730883,6.848507732936E-17,0.623842943502)
  );
#2047 = ORIENTED_EDGE('',*,*,#2048,.F.);
#2048 = EDGE_CURVE('',#2049,#2041,#2051,.T.);
#2049 = VERTEX_POINT('',#2050);
#2050 = CARTESIAN_POINT('',(10.915,27.,7.821128944055));
#2051 = LINE('',#2052,#2053);
#2052 = CARTESIAN_POINT('',(8.245062660777,27.,6.210690548967));
#2053 = VECTOR('',#2054,1.);
#2054 = DIRECTION('',(0.85629130855,-3.621616482053E-17,0.516493170237)
  );
#2055 = ORIENTED_EDGE('',*,*,#2056,.F.);
#2056 = EDGE_CURVE('',#2057,#2049,#2059,.T.);
#2057 = VERTEX_POINT('',#2058);
#2058 = CARTESIAN_POINT('',(10.915,27.,-12.433));
#2059 = LINE('',#2060,#2061);
#2060 = CARTESIAN_POINT('',(10.915,27.,3.512978644465));
#2061 = VECTOR('',#2062,1.);
#2062 = DIRECTION('',(0.,6.661338147751E-16,1.));
#2063 = ORIENTED_EDGE('',*,*,#2064,.T.);
#2064 = EDGE_CURVE('',#2057,#2065,#2067,.T.);
#2065 = VERTEX_POINT('',#2066);
#2066 = CARTESIAN_POINT('',(9.445,27.,-12.433));
#2067 = LINE('',#2068,#2069);
#2068 = CARTESIAN_POINT('',(4.7225,27.,-12.433));
#2069 = VECTOR('',#2070,1.);
#2070 = DIRECTION('',(-1.,4.440892098501E-16,0.));
#2071 = ORIENTED_EDGE('',*,*,#2072,.T.);
#2072 = EDGE_CURVE('',#2065,#2073,#2075,.T.);
#2073 = VERTEX_POINT('',#2074);
#2074 = CARTESIAN_POINT('',(9.445,27.,6.934462277388));
#2075 = LINE('',#2076,#2077);
#2076 = CARTESIAN_POINT('',(9.445,27.,3.512978644465));
#2077 = VECTOR('',#2078,1.);
#2078 = DIRECTION('',(0.,6.661338147751E-16,1.));
#2079 = ORIENTED_EDGE('',*,*,#2080,.F.);
#2080 = EDGE_CURVE('',#2081,#2073,#2083,.T.);
#2081 = VERTEX_POINT('',#2082);
#2082 = CARTESIAN_POINT('',(8.43133702345,27.,6.323046513754));
#2083 = LINE('',#2084,#2085);
#2084 = CARTESIAN_POINT('',(8.245062660777,27.,6.210690548967));
#2085 = VECTOR('',#2086,1.);
#2086 = DIRECTION('',(0.85629130855,-3.621616482053E-17,0.516493170237)
  );
#2087 = ORIENTED_EDGE('',*,*,#2088,.F.);
#2088 = EDGE_CURVE('',#2089,#2081,#2091,.T.);
#2089 = VERTEX_POINT('',#2090);
#2090 = CARTESIAN_POINT('',(7.976812227507,27.,6.124494898131));
#2091 = LINE('',#2092,#2093);
#2092 = CARTESIAN_POINT('',(7.073288862845,27.,5.729805707556));
#2093 = VECTOR('',#2094,1.);
#2094 = DIRECTION('',(0.91638150452,-1.402977383493E-16,0.40030605563));
#2095 = ORIENTED_EDGE('',*,*,#2096,.F.);
#2096 = EDGE_CURVE('',#2097,#2089,#2099,.T.);
#2097 = VERTEX_POINT('',#2098);
#2098 = CARTESIAN_POINT('',(7.486386048859,27.,6.050348438411));
#2099 = LINE('',#2100,#2101);
#2100 = CARTESIAN_POINT('',(4.817800008019,27.,5.646890760166));
#2101 = VECTOR('',#2102,1.);
#2102 = DIRECTION('',(0.988763393016,-3.395194950125E-16,0.149488971603)
  );
#2103 = ORIENTED_EDGE('',*,*,#2104,.F.);
#2104 = EDGE_CURVE('',#2105,#2097,#2107,.T.);
#2105 = VERTEX_POINT('',#2106);
#2106 = CARTESIAN_POINT('',(6.993480221111,27.,6.10566009329));
#2107 = LINE('',#2108,#2109);
#2108 = CARTESIAN_POINT('',(2.800318498993,27.,6.576197670592));
#2109 = VECTOR('',#2110,1.);
#2110 = DIRECTION('',(0.993762690287,-5.15603559173E-16,-0.111515538796)
  );
#2111 = ORIENTED_EDGE('',*,*,#2112,.F.);
#2112 = EDGE_CURVE('',#1897,#2105,#2113,.T.);
#2113 = LINE('',#2114,#2115);
#2114 = CARTESIAN_POINT('',(1.46306773496,27.,8.273304257874));
#2115 = VECTOR('',#2116,1.);
#2116 = DIRECTION('',(0.931038702486,-6.565500928511E-16,-0.364920449514
    ));
#2117 = FACE_BOUND('',#2118,.F.);
#2118 = EDGE_LOOP('',(#2119,#2129,#2137,#2145,#2153,#2161,#2169,#2177,
    #2185,#2193,#2201,#2209,#2217,#2225,#2233,#2241,#2249,#2257,#2265,
    #2273,#2281,#2289,#2297,#2305,#2313,#2321));
#2119 = ORIENTED_EDGE('',*,*,#2120,.F.);
#2120 = EDGE_CURVE('',#2121,#2123,#2125,.T.);
#2121 = VERTEX_POINT('',#2122);
#2122 = CARTESIAN_POINT('',(9.61866297655,27.,-17.47695348624));
#2123 = VERTEX_POINT('',#2124);
#2124 = CARTESIAN_POINT('',(10.073187772493,27.,-17.67550510186));
#2125 = LINE('',#2126,#2127);
#2126 = CARTESIAN_POINT('',(-1.194654173562,27.,-12.75333530398));
#2127 = VECTOR('',#2128,1.);
#2128 = DIRECTION('',(0.91638150452,-6.736125381776E-16,-0.40030605563)
  );
#2129 = ORIENTED_EDGE('',*,*,#2130,.F.);
#2130 = EDGE_CURVE('',#2131,#2121,#2133,.T.);
#2131 = VERTEX_POINT('',#2132);
#2132 = CARTESIAN_POINT('',(6.46866297655,27.,-15.57695348624));
#2133 = LINE('',#2134,#2135);
#2134 = CARTESIAN_POINT('',(-3.650503266725,27.,-9.473329403));
#2135 = VECTOR('',#2136,1.);
#2136 = DIRECTION('',(0.85629130855,-7.243232964107E-16,-0.516493170237)
  );
#2137 = ORIENTED_EDGE('',*,*,#2138,.F.);
#2138 = EDGE_CURVE('',#2139,#2131,#2141,.T.);
#2139 = VERTEX_POINT('',#2140);
#2140 = CARTESIAN_POINT('',(6.08101467702,27.,-15.2675276792));
#2141 = LINE('',#2142,#2143);
#2142 = CARTESIAN_POINT('',(-4.241884860484,27.,-7.027657868641));
#2143 = VECTOR('',#2144,1.);
#2144 = DIRECTION('',(0.781549730883,-7.626406822217E-16,-0.623842943502
    ));
#2145 = ORIENTED_EDGE('',*,*,#2146,.F.);
#2146 = EDGE_CURVE('',#2147,#2139,#2149,.T.);
#2147 = VERTEX_POINT('',#2148);
#2148 = CARTESIAN_POINT('',(5.786660464896,27.,-14.86831453813));
#2149 = LINE('',#2150,#2151);
#2150 = CARTESIAN_POINT('',(-3.430606756455,27.,-2.367544894326));
#2151 = VECTOR('',#2152,1.);
#2152 = DIRECTION('',(0.593456634658,-7.996961240958E-16,-0.804865965724
    ));
#2153 = ORIENTED_EDGE('',*,*,#2154,.F.);
#2154 = EDGE_CURVE('',#2155,#2147,#2157,.T.);
#2155 = VERTEX_POINT('',#2156);
#2156 = CARTESIAN_POINT('',(5.60566009329,27.,-14.40651977888));
#2157 = LINE('',#2158,#2159);
#2158 = CARTESIAN_POINT('',(-0.520567819348,27.,1.223613568003));
#2159 = VECTOR('',#2160,1.);
#2160 = DIRECTION('',(0.364920449514,-7.82253596673E-16,-0.931038702486)
  );
#2161 = ORIENTED_EDGE('',*,*,#2162,.F.);
#2162 = EDGE_CURVE('',#2163,#2155,#2165,.T.);
#2163 = VERTEX_POINT('',#2164);
#2164 = CARTESIAN_POINT('',(5.550348438411,27.,-13.91361395114));
#2165 = LINE('',#2166,#2167);
#2166 = CARTESIAN_POINT('',(3.66666329222,27.,2.872710526541));
#2167 = VECTOR('',#2168,1.);
#2168 = DIRECTION('',(0.111515538796,-7.115017793721E-16,-0.993762690287
    ));
#2169 = ORIENTED_EDGE('',*,*,#2170,.F.);
#2170 = EDGE_CURVE('',#2171,#2163,#2173,.T.);
#2171 = VERTEX_POINT('',#2172);
#2172 = CARTESIAN_POINT('',(5.624494898131,27.,-13.42318777249));
#2173 = LINE('',#2174,#2175);
#2174 = CARTESIAN_POINT('',(7.991791890048,27.,2.234800779459));
#2175 = VECTOR('',#2176,1.);
#2176 = DIRECTION('',(-0.149488971603,-5.922622916194E-16,
    -0.988763393016));
#2177 = ORIENTED_EDGE('',*,*,#2178,.F.);
#2178 = EDGE_CURVE('',#2179,#2171,#2181,.T.);
#2179 = VERTEX_POINT('',#2180);
#2180 = CARTESIAN_POINT('',(5.823046513754,27.,-12.96866297655));
#2181 = LINE('',#2182,#2183);
#2182 = CARTESIAN_POINT('',(11.30425132432,27.,-0.421076847763));
#2183 = VECTOR('',#2184,1.);
#2184 = DIRECTION('',(-0.40030605563,-4.326611074524E-16,-0.91638150452)
  );
#2185 = ORIENTED_EDGE('',*,*,#2186,.F.);
#2186 = EDGE_CURVE('',#2187,#2179,#2189,.T.);
#2187 = VERTEX_POINT('',#2188);
#2188 = CARTESIAN_POINT('',(6.132472320797,27.,-12.58101467702));
#2189 = LINE('',#2190,#2191);
#2190 = CARTESIAN_POINT('',(12.749927481423,27.,-4.29067436976));
#2191 = VECTOR('',#2192,1.);
#2192 = DIRECTION('',(-0.623842943502,-2.435747838189E-16,
    -0.781549730883));
#2193 = ORIENTED_EDGE('',*,*,#2194,.F.);
#2194 = EDGE_CURVE('',#2195,#2187,#2197,.T.);
#2195 = VERTEX_POINT('',#2196);
#2196 = CARTESIAN_POINT('',(6.531685461861,27.,-12.28666046489));
#2197 = LINE('',#2198,#2199);
#2198 = CARTESIAN_POINT('',(11.997737950976,27.,-8.256343302541));
#2199 = VECTOR('',#2200,1.);
#2200 = DIRECTION('',(-0.804865965724,-3.788924119451E-17,
    -0.593456634658));
#2201 = ORIENTED_EDGE('',*,*,#2202,.F.);
#2202 = EDGE_CURVE('',#2203,#2195,#2205,.T.);
#2203 = VERTEX_POINT('',#2204);
#2204 = CARTESIAN_POINT('',(6.993480221111,27.,-12.10566009329));
#2205 = LINE('',#2206,#2207);
#2206 = CARTESIAN_POINT('',(9.324509536838,27.,-11.19201357843));
#2207 = VECTOR('',#2208,1.);
#2208 = DIRECTION('',(-0.931038702486,1.703783906024E-16,-0.364920449514
    ));
#2209 = ORIENTED_EDGE('',*,*,#2210,.F.);
#2210 = EDGE_CURVE('',#2211,#2203,#2213,.T.);
#2211 = VERTEX_POINT('',#2212);
#2212 = CARTESIAN_POINT('',(7.486386048859,27.,-12.05034843841));
#2213 = LINE('',#2214,#2215);
#2214 = CARTESIAN_POINT('',(5.535672651832,27.,-12.26924864228));
#2215 = VECTOR('',#2216,1.);
#2216 = DIRECTION('',(-0.993762690287,3.670350166433E-16,-0.111515538796
    ));
#2217 = ORIENTED_EDGE('',*,*,#2218,.F.);
#2218 = EDGE_CURVE('',#2219,#2211,#2221,.T.);
#2219 = VERTEX_POINT('',#2220);
#2220 = CARTESIAN_POINT('',(7.976812227507,27.,-12.12449489813));
#2221 = LINE('',#2222,#2223);
#2222 = CARTESIAN_POINT('',(1.743372075998,27.,-11.18207473535));
#2223 = VECTOR('',#2224,1.);
#2224 = DIRECTION('',(-0.988763393016,5.386788128541E-16,0.149488971603)
  );
#2225 = ORIENTED_EDGE('',*,*,#2226,.F.);
#2226 = EDGE_CURVE('',#2227,#2219,#2229,.T.);
#2227 = VERTEX_POINT('',#2228);
#2228 = CARTESIAN_POINT('',(8.43133702345,27.,-12.32304651375));
#2229 = LINE('',#2230,#2231);
#2230 = CARTESIAN_POINT('',(-0.938136890007,27.,-8.230147293156));
#2231 = VECTOR('',#2232,1.);
#2232 = DIRECTION('',(-0.91638150452,6.736125381776E-16,0.40030605563));
#2233 = ORIENTED_EDGE('',*,*,#2234,.F.);
#2234 = EDGE_CURVE('',#2235,#2227,#2237,.T.);
#2235 = VERTEX_POINT('',#2236);
#2236 = CARTESIAN_POINT('',(11.58133702345,27.,-14.22304651375));
#2237 = LINE('',#2238,#2239);
#2238 = CARTESIAN_POINT('',(-0.112829219826,27.,-7.169422430509));
#2239 = VECTOR('',#2240,1.);
#2240 = DIRECTION('',(-0.85629130855,7.243232964107E-16,0.516493170237)
  );
#2241 = ORIENTED_EDGE('',*,*,#2242,.F.);
#2242 = EDGE_CURVE('',#2243,#2235,#2245,.T.);
#2243 = VERTEX_POINT('',#2244);
#2244 = CARTESIAN_POINT('',(11.96898532298,27.,-14.53247232079));
#2245 = LINE('',#2246,#2247);
#2246 = CARTESIAN_POINT('',(2.703409393195E-02,27.,-5.000254841208));
#2247 = VECTOR('',#2248,1.);
#2248 = DIRECTION('',(-0.781549730883,7.626406822217E-16,0.623842943502)
  );
#2249 = ORIENTED_EDGE('',*,*,#2250,.F.);
#2250 = EDGE_CURVE('',#2251,#2243,#2253,.T.);
#2251 = VERTEX_POINT('',#2252);
#2252 = CARTESIAN_POINT('',(12.263339535105,27.,-14.93168546186));
#2253 = LINE('',#2254,#2255);
#2254 = CARTESIAN_POINT('',(1.890424338571,27.,-0.863586936267));
#2255 = VECTOR('',#2256,1.);
#2256 = DIRECTION('',(-0.593456634658,7.996961240958E-16,0.804865965724)
  );
#2257 = ORIENTED_EDGE('',*,*,#2258,.F.);
#2258 = EDGE_CURVE('',#2259,#2251,#2261,.T.);
#2259 = VERTEX_POINT('',#2260);
#2260 = CARTESIAN_POINT('',(12.44433990671,27.,-15.39348022111));
#2261 = LINE('',#2262,#2263);
#2262 = CARTESIAN_POINT('',(5.695106577738,27.,1.826156140032));
#2263 = VECTOR('',#2264,1.);
#2264 = DIRECTION('',(-0.364920449514,7.82253596673E-16,0.931038702486)
  );
#2265 = ORIENTED_EDGE('',*,*,#2266,.F.);
#2266 = EDGE_CURVE('',#2267,#2259,#2269,.T.);
#2267 = VERTEX_POINT('',#2268);
#2268 = CARTESIAN_POINT('',(12.499651561589,27.,-15.88638604885));
#2269 = LINE('',#2270,#2271);
#2270 = CARTESIAN_POINT('',(10.463445353465,27.,2.259118884476));
#2271 = VECTOR('',#2272,1.);
#2272 = DIRECTION('',(-0.111515538796,7.115017793721E-16,0.993762690287)
  );
#2273 = ORIENTED_EDGE('',*,*,#2274,.F.);
#2274 = EDGE_CURVE('',#2275,#2267,#2277,.T.);
#2275 = VERTEX_POINT('',#2276);
#2276 = CARTESIAN_POINT('',(12.425505101869,27.,-16.3768122275));
#2277 = LINE('',#2278,#2279);
#2278 = CARTESIAN_POINT('',(14.935097634894,27.,0.22236028289));
#2279 = VECTOR('',#2280,1.);
#2280 = DIRECTION('',(0.149488971603,5.922622916194E-16,0.988763393016)
  );
#2281 = ORIENTED_EDGE('',*,*,#2282,.F.);
#2282 = EDGE_CURVE('',#2283,#2275,#2285,.T.);
#2283 = VERTEX_POINT('',#2284);
#2284 = CARTESIAN_POINT('',(12.226953486246,27.,-16.83133702345));
#2285 = LINE('',#2286,#2287);
#2286 = CARTESIAN_POINT('',(17.903539739249,27.,-3.836483266161));
#2287 = VECTOR('',#2288,1.);
#2288 = DIRECTION('',(0.40030605563,4.326611074524E-16,0.91638150452));
#2289 = ORIENTED_EDGE('',*,*,#2290,.F.);
#2290 = EDGE_CURVE('',#2291,#2283,#2293,.T.);
#2291 = VERTEX_POINT('',#2292);
#2292 = CARTESIAN_POINT('',(11.917527679203,27.,-17.21898532298));
#2293 = LINE('',#2294,#2295);
#2294 = CARTESIAN_POINT('',(18.539923285129,27.,-8.92245563146));
#2295 = VECTOR('',#2296,1.);
#2296 = DIRECTION('',(0.623842943502,2.435747838189E-16,0.781549730883)
  );
#2297 = ORIENTED_EDGE('',*,*,#2298,.F.);
#2298 = EDGE_CURVE('',#2299,#2291,#2301,.T.);
#2299 = VERTEX_POINT('',#2300);
#2300 = CARTESIAN_POINT('',(11.51831453814,27.,-17.5133395351));
#2301 = LINE('',#2302,#2303);
#2302 = CARTESIAN_POINT('',(16.617444466908,27.,-13.75356757793));
#2303 = VECTOR('',#2304,1.);
#2304 = DIRECTION('',(0.804865965724,3.788924119451E-17,0.593456634658)
  );
#2305 = ORIENTED_EDGE('',*,*,#2306,.F.);
#2306 = EDGE_CURVE('',#2307,#2299,#2309,.T.);
#2307 = VERTEX_POINT('',#2308);
#2308 = CARTESIAN_POINT('',(11.056519778889,27.,-17.69433990671));
#2309 = LINE('',#2310,#2311);
#2310 = CARTESIAN_POINT('',(12.575951704772,27.,-17.09879884067));
#2311 = VECTOR('',#2312,1.);
#2312 = DIRECTION('',(0.931038702486,-1.703783906024E-16,0.364920449514)
  );
#2313 = ORIENTED_EDGE('',*,*,#2314,.F.);
#2314 = EDGE_CURVE('',#2315,#2307,#2317,.T.);
#2315 = VERTEX_POINT('',#2316);
#2316 = CARTESIAN_POINT('',(10.563613951141,27.,-17.74965156158));
#2317 = LINE('',#2318,#2319);
#2318 = CARTESIAN_POINT('',(7.409218702483,27.,-18.1036234798));
#2319 = VECTOR('',#2320,1.);
#2320 = DIRECTION('',(0.993762690287,-3.670350166433E-16,0.111515538796)
  );
#2321 = ORIENTED_EDGE('',*,*,#2322,.F.);
#2322 = EDGE_CURVE('',#2123,#2315,#2323,.T.);
#2323 = LINE('',#2324,#2325);
#2324 = CARTESIAN_POINT('',(2.40473839906,27.,-16.51612903806));
#2325 = VECTOR('',#2326,1.);
#2326 = DIRECTION('',(0.988763393016,-5.386788128541E-16,-0.149488971603
    ));
#2327 = FACE_BOUND('',#2328,.F.);
#2328 = EDGE_LOOP('',(#2329,#2339,#2347,#2355));
#2329 = ORIENTED_EDGE('',*,*,#2330,.T.);
#2330 = EDGE_CURVE('',#2331,#2333,#2335,.T.);
#2331 = VERTEX_POINT('',#2332);
#2332 = CARTESIAN_POINT('',(14.985,27.,-12.433));
#2333 = VERTEX_POINT('',#2334);
#2334 = CARTESIAN_POINT('',(13.515,27.,-12.433));
#2335 = LINE('',#2336,#2337);
#2336 = CARTESIAN_POINT('',(6.7575,27.,-12.433));
#2337 = VECTOR('',#2338,1.);
#2338 = DIRECTION('',(-1.,4.440892098501E-16,0.));
#2339 = ORIENTED_EDGE('',*,*,#2340,.T.);
#2340 = EDGE_CURVE('',#2333,#2341,#2343,.T.);
#2341 = VERTEX_POINT('',#2342);
#2342 = CARTESIAN_POINT('',(13.515,27.,22.533));
#2343 = LINE('',#2344,#2345);
#2344 = CARTESIAN_POINT('',(13.515,27.,3.512978644465));
#2345 = VECTOR('',#2346,1.);
#2346 = DIRECTION('',(0.,6.661338147751E-16,1.));
#2347 = ORIENTED_EDGE('',*,*,#2348,.F.);
#2348 = EDGE_CURVE('',#2349,#2341,#2351,.T.);
#2349 = VERTEX_POINT('',#2350);
#2350 = CARTESIAN_POINT('',(14.985,27.,22.533));
#2351 = LINE('',#2352,#2353);
#2352 = CARTESIAN_POINT('',(6.7575,27.,22.533));
#2353 = VECTOR('',#2354,1.);
#2354 = DIRECTION('',(-1.,4.440892098501E-16,0.));
#2355 = ORIENTED_EDGE('',*,*,#2356,.F.);
#2356 = EDGE_CURVE('',#2331,#2349,#2357,.T.);
#2357 = LINE('',#2358,#2359);
#2358 = CARTESIAN_POINT('',(14.985,27.,3.512978644465));
#2359 = VECTOR('',#2360,1.);
#2360 = DIRECTION('',(0.,6.661338147751E-16,1.));
#2361 = PLANE('',#2362);
#2362 = AXIS2_PLACEMENT_3D('',#2363,#2364,#2365);
#2363 = CARTESIAN_POINT('',(-1.207409103072E-14,27.,19.458957288931));
#2364 = DIRECTION('',(-4.440892098501E-16,-1.,6.661338147751E-16));
#2365 = DIRECTION('',(6.661338147751E-16,-4.440892098501E-16,-1.));
#2366 = ADVANCED_FACE('',(#2367),#2392,.T.);
#2367 = FACE_BOUND('',#2368,.T.);
#2368 = EDGE_LOOP('',(#2369,#2377,#2378,#2386));
#2369 = ORIENTED_EDGE('',*,*,#2370,.T.);
#2370 = EDGE_CURVE('',#2371,#119,#2373,.T.);
#2371 = VERTEX_POINT('',#2372);
#2372 = CARTESIAN_POINT('',(-25.233,25.,40.317));
#2373 = LINE('',#2374,#2375);
#2374 = CARTESIAN_POINT('',(-25.233,25.,40.317));
#2375 = VECTOR('',#2376,1.);
#2376 = DIRECTION('',(4.440892098501E-16,1.,-6.661338147751E-16));
#2377 = ORIENTED_EDGE('',*,*,#126,.T.);
#2378 = ORIENTED_EDGE('',*,*,#2379,.F.);
#2379 = EDGE_CURVE('',#2380,#127,#2382,.T.);
#2380 = VERTEX_POINT('',#2381);
#2381 = CARTESIAN_POINT('',(-21.383,25.,40.317));
#2382 = LINE('',#2383,#2384);
#2383 = CARTESIAN_POINT('',(-21.383,25.,40.317));
#2384 = VECTOR('',#2385,1.);
#2385 = DIRECTION('',(4.440892098501E-16,1.,-6.661338147751E-16));
#2386 = ORIENTED_EDGE('',*,*,#2387,.F.);
#2387 = EDGE_CURVE('',#2371,#2380,#2388,.T.);
#2388 = LINE('',#2389,#2390);
#2389 = CARTESIAN_POINT('',(-25.233,25.,40.317));
#2390 = VECTOR('',#2391,1.);
#2391 = DIRECTION('',(1.,-6.661338147751E-16,4.440892098501E-16));
#2392 = PLANE('',#2393);
#2393 = AXIS2_PLACEMENT_3D('',#2394,#2395,#2396);
#2394 = CARTESIAN_POINT('',(-25.233,25.,40.317));
#2395 = DIRECTION('',(6.661338147751E-16,-4.440892098501E-16,-1.));
#2396 = DIRECTION('',(1.,-6.661338147751E-16,4.440892098501E-16));
#2397 = ADVANCED_FACE('',(#2398),#2416,.T.);
#2398 = FACE_BOUND('',#2399,.T.);
#2399 = EDGE_LOOP('',(#2400,#2401,#2402,#2410));
#2400 = ORIENTED_EDGE('',*,*,#70,.T.);
#2401 = ORIENTED_EDGE('',*,*,#238,.T.);
#2402 = ORIENTED_EDGE('',*,*,#2403,.F.);
#2403 = EDGE_CURVE('',#2404,#239,#2406,.T.);
#2404 = VERTEX_POINT('',#2405);
#2405 = CARTESIAN_POINT('',(-21.0459392246,25.,-21.59414046603));
#2406 = LINE('',#2407,#2408);
#2407 = CARTESIAN_POINT('',(-21.0459392246,25.,-21.59414046603));
#2408 = VECTOR('',#2409,1.);
#2409 = DIRECTION('',(4.440892098501E-16,1.,-6.661338147751E-16));
#2410 = ORIENTED_EDGE('',*,*,#2411,.F.);
#2411 = EDGE_CURVE('',#71,#2404,#2412,.T.);
#2412 = LINE('',#2413,#2414);
#2413 = CARTESIAN_POINT('',(-21.23075906502,25.,-21.24836686473));
#2414 = VECTOR('',#2415,1.);
#2415 = DIRECTION('',(0.471396736826,-7.056650240089E-16,-0.881921264348
    ));
#2416 = PLANE('',#2417);
#2417 = AXIS2_PLACEMENT_3D('',#2418,#2419,#2420);
#2418 = CARTESIAN_POINT('',(-21.23075906502,25.,-21.24836686473));
#2419 = DIRECTION('',(-0.881921264348,3.781353717687E-16,-0.471396736826
    ));
#2420 = DIRECTION('',(0.471396736826,-7.056650240089E-16,-0.881921264348
    ));
#2421 = ADVANCED_FACE('',(#2422),#2447,.T.);
#2422 = FACE_BOUND('',#2423,.T.);
#2423 = EDGE_LOOP('',(#2424,#2432,#2433,#2441));
#2424 = ORIENTED_EDGE('',*,*,#2425,.T.);
#2425 = EDGE_CURVE('',#2426,#103,#2428,.T.);
#2426 = VERTEX_POINT('',#2427);
#2427 = CARTESIAN_POINT('',(-25.99836686473,25.,40.469240934977));
#2428 = LINE('',#2429,#2430);
#2429 = CARTESIAN_POINT('',(-25.99836686473,25.,40.469240934977));
#2430 = VECTOR('',#2431,1.);
#2431 = DIRECTION('',(4.440892098501E-16,1.,-6.661338147751E-16));
#2432 = ORIENTED_EDGE('',*,*,#110,.T.);
#2433 = ORIENTED_EDGE('',*,*,#2434,.F.);
#2434 = EDGE_CURVE('',#2435,#111,#2437,.T.);
#2435 = VERTEX_POINT('',#2436);
#2436 = CARTESIAN_POINT('',(-25.62318064403,25.,40.355429439194));
#2437 = LINE('',#2438,#2439);
#2438 = CARTESIAN_POINT('',(-25.62318064403,25.,40.355429439194));
#2439 = VECTOR('',#2440,1.);
#2440 = DIRECTION('',(4.440892098501E-16,1.,-6.661338147751E-16));
#2441 = ORIENTED_EDGE('',*,*,#2442,.F.);
#2442 = EDGE_CURVE('',#2426,#2435,#2443,.T.);
#2443 = LINE('',#2444,#2445);
#2444 = CARTESIAN_POINT('',(-25.99836686473,25.,40.469240934977));
#2445 = VECTOR('',#2446,1.);
#2446 = DIRECTION('',(0.956940335732,-7.66362609307E-16,-0.290284677254)
  );
#2447 = PLANE('',#2448);
#2448 = AXIS2_PLACEMENT_3D('',#2449,#2450,#2451);
#2449 = CARTESIAN_POINT('',(-25.99836686473,25.,40.469240934977));
#2450 = DIRECTION('',(-0.290284677254,-2.315984381387E-16,
    -0.956940335732));
#2451 = DIRECTION('',(0.956940335732,-7.66362609307E-16,-0.290284677254)
  );
#2452 = ADVANCED_FACE('',(#2453),#2471,.T.);
#2453 = FACE_BOUND('',#2454,.T.);
#2454 = EDGE_LOOP('',(#2455,#2463,#2464,#2465));
#2455 = ORIENTED_EDGE('',*,*,#2456,.T.);
#2456 = EDGE_CURVE('',#2457,#95,#2459,.T.);
#2457 = VERTEX_POINT('',#2458);
#2458 = CARTESIAN_POINT('',(-26.34414046603,25.,40.654060775395));
#2459 = LINE('',#2460,#2461);
#2460 = CARTESIAN_POINT('',(-26.34414046603,25.,40.654060775395));
#2461 = VECTOR('',#2462,1.);
#2462 = DIRECTION('',(4.440892098501E-16,1.,-6.661338147751E-16));
#2463 = ORIENTED_EDGE('',*,*,#102,.T.);
#2464 = ORIENTED_EDGE('',*,*,#2425,.F.);
#2465 = ORIENTED_EDGE('',*,*,#2466,.F.);
#2466 = EDGE_CURVE('',#2457,#2426,#2467,.T.);
#2467 = LINE('',#2468,#2469);
#2468 = CARTESIAN_POINT('',(-26.34414046603,25.,40.654060775395));
#2469 = VECTOR('',#2470,1.);
#2470 = DIRECTION('',(0.881921264348,-7.968197805346E-16,-0.471396736826
    ));
#2471 = PLANE('',#2472);
#2472 = AXIS2_PLACEMENT_3D('',#2473,#2474,#2475);
#2473 = CARTESIAN_POINT('',(-26.34414046603,25.,40.654060775395));
#2474 = DIRECTION('',(-0.471396736826,-7.763841086E-17,-0.881921264348)
  );
#2475 = DIRECTION('',(0.881921264348,-7.968197805346E-16,-0.471396736826
    ));
#2476 = ADVANCED_FACE('',(#2477),#2488,.T.);
#2477 = FACE_BOUND('',#2478,.T.);
#2478 = EDGE_LOOP('',(#2479,#2480,#2481,#2482));
#2479 = ORIENTED_EDGE('',*,*,#2434,.T.);
#2480 = ORIENTED_EDGE('',*,*,#118,.T.);
#2481 = ORIENTED_EDGE('',*,*,#2370,.F.);
#2482 = ORIENTED_EDGE('',*,*,#2483,.F.);
#2483 = EDGE_CURVE('',#2435,#2371,#2484,.T.);
#2484 = LINE('',#2485,#2486);
#2485 = CARTESIAN_POINT('',(-25.62318064403,25.,40.355429439194));
#2486 = VECTOR('',#2487,1.);
#2487 = DIRECTION('',(0.995184726672,-7.064545527848E-16,
    -9.801714032957E-02));
#2488 = PLANE('',#2489);
#2489 = AXIS2_PLACEMENT_3D('',#2490,#2491,#2492);
#2490 = CARTESIAN_POINT('',(-25.62318064403,25.,40.355429439194));
#2491 = DIRECTION('',(-9.801714032957E-02,-3.766582673216E-16,
    -0.995184726672));
#2492 = DIRECTION('',(0.995184726672,-7.064545527848E-16,
    -9.801714032957E-02));
#2493 = ADVANCED_FACE('',(#2494),#2512,.T.);
#2494 = FACE_BOUND('',#2495,.T.);
#2495 = EDGE_LOOP('',(#2496,#2504,#2505,#2506));
#2496 = ORIENTED_EDGE('',*,*,#2497,.T.);
#2497 = EDGE_CURVE('',#2498,#93,#2500,.T.);
#2498 = VERTEX_POINT('',#2499);
#2499 = CARTESIAN_POINT('',(-26.64721356237,25.,40.902786437627));
#2500 = LINE('',#2501,#2502);
#2501 = CARTESIAN_POINT('',(-26.64721356237,25.,40.902786437627));
#2502 = VECTOR('',#2503,1.);
#2503 = DIRECTION('',(4.440892098501E-16,1.,-6.661338147751E-16));
#2504 = ORIENTED_EDGE('',*,*,#92,.T.);
#2505 = ORIENTED_EDGE('',*,*,#2456,.F.);
#2506 = ORIENTED_EDGE('',*,*,#2507,.F.);
#2507 = EDGE_CURVE('',#2498,#2457,#2508,.T.);
#2508 = LINE('',#2509,#2510);
#2509 = CARTESIAN_POINT('',(-26.64721356237,25.,40.902786437627));
#2510 = VECTOR('',#2511,1.);
#2511 = DIRECTION('',(0.773010453363,-7.96655614458E-16,-0.634393284164)
  );
#2512 = PLANE('',#2513);
#2513 = AXIS2_PLACEMENT_3D('',#2514,#2515,#2516);
#2514 = CARTESIAN_POINT('',(-26.64721356237,25.,40.902786437627));
#2515 = DIRECTION('',(-0.634393284164,7.930521700794E-17,-0.773010453363
    ));
#2516 = DIRECTION('',(0.773010453363,-7.96655614458E-16,-0.634393284164)
  );
#2517 = ADVANCED_FACE('',(#2518),#2536,.T.);
#2518 = FACE_BOUND('',#2519,.T.);
#2519 = EDGE_LOOP('',(#2520,#2528,#2529,#2530));
#2520 = ORIENTED_EDGE('',*,*,#2521,.T.);
#2521 = EDGE_CURVE('',#2522,#991,#2524,.T.);
#2522 = VERTEX_POINT('',#2523);
#2523 = CARTESIAN_POINT('',(-26.8959392246,25.,41.205859533961));
#2524 = LINE('',#2525,#2526);
#2525 = CARTESIAN_POINT('',(-26.8959392246,25.,41.205859533961));
#2526 = VECTOR('',#2527,1.);
#2527 = DIRECTION('',(4.440892098501E-16,1.,-6.661338147751E-16));
#2528 = ORIENTED_EDGE('',*,*,#998,.T.);
#2529 = ORIENTED_EDGE('',*,*,#2497,.F.);
#2530 = ORIENTED_EDGE('',*,*,#2531,.F.);
#2531 = EDGE_CURVE('',#2522,#2498,#2532,.T.);
#2532 = LINE('',#2533,#2534);
#2533 = CARTESIAN_POINT('',(-26.8959392246,25.,41.205859533961));
#2534 = VECTOR('',#2535,1.);
#2535 = DIRECTION('',(0.634393284164,-7.658764198873E-16,-0.773010453363
    ));
#2536 = PLANE('',#2537);
#2537 = AXIS2_PLACEMENT_3D('',#2538,#2539,#2540);
#2538 = CARTESIAN_POINT('',(-26.8959392246,25.,41.205859533961));
#2539 = DIRECTION('',(-0.773010453363,2.332011898611E-16,-0.634393284164
    ));
#2540 = DIRECTION('',(0.634393284164,-7.658764198873E-16,-0.773010453363
    ));
#2541 = ADVANCED_FACE('',(#2542),#2560,.T.);
#2542 = FACE_BOUND('',#2543,.T.);
#2543 = EDGE_LOOP('',(#2544,#2552,#2553,#2554));
#2544 = ORIENTED_EDGE('',*,*,#2545,.T.);
#2545 = EDGE_CURVE('',#2546,#983,#2548,.T.);
#2546 = VERTEX_POINT('',#2547);
#2547 = CARTESIAN_POINT('',(-27.08075906502,25.,41.55163313527));
#2548 = LINE('',#2549,#2550);
#2549 = CARTESIAN_POINT('',(-27.08075906502,25.,41.55163313527));
#2550 = VECTOR('',#2551,1.);
#2551 = DIRECTION('',(4.440892098501E-16,1.,-6.661338147751E-16));
#2552 = ORIENTED_EDGE('',*,*,#990,.T.);
#2553 = ORIENTED_EDGE('',*,*,#2521,.F.);
#2554 = ORIENTED_EDGE('',*,*,#2555,.F.);
#2555 = EDGE_CURVE('',#2546,#2522,#2556,.T.);
#2556 = LINE('',#2557,#2558);
#2557 = CARTESIAN_POINT('',(-27.08075906502,25.,41.55163313527));
#2558 = VECTOR('',#2559,1.);
#2559 = DIRECTION('',(0.471396736826,-7.056650240089E-16,-0.881921264348
    ));
#2560 = PLANE('',#2561);
#2561 = AXIS2_PLACEMENT_3D('',#2562,#2563,#2564);
#2562 = CARTESIAN_POINT('',(-27.08075906502,25.,41.55163313527));
#2563 = DIRECTION('',(-0.881921264348,3.781353717687E-16,-0.471396736826
    ));
#2564 = DIRECTION('',(0.471396736826,-7.056650240089E-16,-0.881921264348
    ));
#2565 = ADVANCED_FACE('',(#2566),#2584,.T.);
#2566 = FACE_BOUND('',#2567,.T.);
#2567 = EDGE_LOOP('',(#2568,#2576,#2577,#2578));
#2568 = ORIENTED_EDGE('',*,*,#2569,.T.);
#2569 = EDGE_CURVE('',#2570,#975,#2572,.T.);
#2570 = VERTEX_POINT('',#2571);
#2571 = CARTESIAN_POINT('',(-27.1945705608,25.,41.926819355968));
#2572 = LINE('',#2573,#2574);
#2573 = CARTESIAN_POINT('',(-27.1945705608,25.,41.926819355968));
#2574 = VECTOR('',#2575,1.);
#2575 = DIRECTION('',(4.440892098501E-16,1.,-6.661338147751E-16));
#2576 = ORIENTED_EDGE('',*,*,#982,.T.);
#2577 = ORIENTED_EDGE('',*,*,#2545,.F.);
#2578 = ORIENTED_EDGE('',*,*,#2579,.F.);
#2579 = EDGE_CURVE('',#2570,#2546,#2580,.T.);
#2580 = LINE('',#2581,#2582);
#2581 = CARTESIAN_POINT('',(-27.1945705608,25.,41.926819355968));
#2582 = VECTOR('',#2583,1.);
#2583 = DIRECTION('',(0.290284677254,-6.183353169992E-16,-0.956940335732
    ));
#2584 = PLANE('',#2585);
#2585 = AXIS2_PLACEMENT_3D('',#2586,#2587,#2588);
#2586 = CARTESIAN_POINT('',(-27.1945705608,25.,41.926819355968));
#2587 = DIRECTION('',(-0.956940335732,5.085380233999E-16,-0.290284677254
    ));
#2588 = DIRECTION('',(0.290284677254,-6.183353169992E-16,-0.956940335732
    ));
#2589 = ADVANCED_FACE('',(#2590),#2608,.T.);
#2590 = FACE_BOUND('',#2591,.T.);
#2591 = EDGE_LOOP('',(#2592,#2600,#2601,#2602));
#2592 = ORIENTED_EDGE('',*,*,#2593,.T.);
#2593 = EDGE_CURVE('',#2594,#967,#2596,.T.);
#2594 = VERTEX_POINT('',#2595);
#2595 = CARTESIAN_POINT('',(-27.233,25.,42.317));
#2596 = LINE('',#2597,#2598);
#2597 = CARTESIAN_POINT('',(-27.233,25.,42.317));
#2598 = VECTOR('',#2599,1.);
#2599 = DIRECTION('',(4.440892098501E-16,1.,-6.661338147751E-16));
#2600 = ORIENTED_EDGE('',*,*,#974,.T.);
#2601 = ORIENTED_EDGE('',*,*,#2569,.F.);
#2602 = ORIENTED_EDGE('',*,*,#2603,.F.);
#2603 = EDGE_CURVE('',#2594,#2570,#2604,.T.);
#2604 = LINE('',#2605,#2606);
#2605 = CARTESIAN_POINT('',(-27.233,25.,42.317));
#2606 = VECTOR('',#2607,1.);
#2607 = DIRECTION('',(9.801714032956E-02,-5.072433305238E-16,
    -0.995184726672));
#2608 = PLANE('',#2609);
#2609 = AXIS2_PLACEMENT_3D('',#2610,#2611,#2612);
#2610 = CARTESIAN_POINT('',(-27.233,25.,42.317));
#2611 = DIRECTION('',(-0.995184726672,6.193978439833E-16,
    -9.801714032956E-02));
#2612 = DIRECTION('',(9.801714032956E-02,-5.072433305238E-16,
    -0.995184726672));
#2613 = ADVANCED_FACE('',(#2614),#2632,.T.);
#2614 = FACE_BOUND('',#2615,.T.);
#2615 = EDGE_LOOP('',(#2616,#2624,#2625,#2626));
#2616 = ORIENTED_EDGE('',*,*,#2617,.T.);
#2617 = EDGE_CURVE('',#2618,#959,#2620,.T.);
#2618 = VERTEX_POINT('',#2619);
#2619 = CARTESIAN_POINT('',(-27.233,25.,53.7887908));
#2620 = LINE('',#2621,#2622);
#2621 = CARTESIAN_POINT('',(-27.233,25.,53.7887908));
#2622 = VECTOR('',#2623,1.);
#2623 = DIRECTION('',(4.440892098501E-16,1.,-6.661338147751E-16));
#2624 = ORIENTED_EDGE('',*,*,#966,.T.);
#2625 = ORIENTED_EDGE('',*,*,#2593,.F.);
#2626 = ORIENTED_EDGE('',*,*,#2627,.F.);
#2627 = EDGE_CURVE('',#2618,#2594,#2628,.T.);
#2628 = LINE('',#2629,#2630);
#2629 = CARTESIAN_POINT('',(-27.233,25.,53.7887908));
#2630 = VECTOR('',#2631,1.);
#2631 = DIRECTION('',(6.661338147751E-16,-4.440892098501E-16,-1.));
#2632 = PLANE('',#2633);
#2633 = AXIS2_PLACEMENT_3D('',#2634,#2635,#2636);
#2634 = CARTESIAN_POINT('',(-27.233,25.,53.7887908));
#2635 = DIRECTION('',(-1.,6.661338147751E-16,-4.440892098501E-16));
#2636 = DIRECTION('',(6.661338147751E-16,-4.440892098501E-16,-1.));
#2637 = ADVANCED_FACE('',(#2638),#2656,.T.);
#2638 = FACE_BOUND('',#2639,.T.);
#2639 = EDGE_LOOP('',(#2640,#2641,#2642,#2650));
#2640 = ORIENTED_EDGE('',*,*,#2403,.T.);
#2641 = ORIENTED_EDGE('',*,*,#246,.T.);
#2642 = ORIENTED_EDGE('',*,*,#2643,.F.);
#2643 = EDGE_CURVE('',#2644,#247,#2646,.T.);
#2644 = VERTEX_POINT('',#2645);
#2645 = CARTESIAN_POINT('',(-20.79721356237,25.,-21.89721356237));
#2646 = LINE('',#2647,#2648);
#2647 = CARTESIAN_POINT('',(-20.79721356237,25.,-21.89721356237));
#2648 = VECTOR('',#2649,1.);
#2649 = DIRECTION('',(4.440892098501E-16,1.,-6.661338147751E-16));
#2650 = ORIENTED_EDGE('',*,*,#2651,.F.);
#2651 = EDGE_CURVE('',#2404,#2644,#2652,.T.);
#2652 = LINE('',#2653,#2654);
#2653 = CARTESIAN_POINT('',(-21.0459392246,25.,-21.59414046603));
#2654 = VECTOR('',#2655,1.);
#2655 = DIRECTION('',(0.634393284164,-7.658764198873E-16,-0.773010453363
    ));
#2656 = PLANE('',#2657);
#2657 = AXIS2_PLACEMENT_3D('',#2658,#2659,#2660);
#2658 = CARTESIAN_POINT('',(-21.0459392246,25.,-21.59414046603));
#2659 = DIRECTION('',(-0.773010453363,2.332011898611E-16,-0.634393284164
    ));
#2660 = DIRECTION('',(0.634393284164,-7.658764198873E-16,-0.773010453363
    ));
#2661 = ADVANCED_FACE('',(#2662),#2680,.T.);
#2662 = FACE_BOUND('',#2663,.T.);
#2663 = EDGE_LOOP('',(#2664,#2672,#2673,#2674));
#2664 = ORIENTED_EDGE('',*,*,#2665,.T.);
#2665 = EDGE_CURVE('',#2666,#951,#2668,.T.);
#2666 = VERTEX_POINT('',#2667);
#2667 = CARTESIAN_POINT('',(-27.1945705608,25.,54.178971444032));
#2668 = LINE('',#2669,#2670);
#2669 = CARTESIAN_POINT('',(-27.1945705608,25.,54.178971444032));
#2670 = VECTOR('',#2671,1.);
#2671 = DIRECTION('',(4.440892098501E-16,1.,-6.661338147751E-16));
#2672 = ORIENTED_EDGE('',*,*,#958,.T.);
#2673 = ORIENTED_EDGE('',*,*,#2617,.F.);
#2674 = ORIENTED_EDGE('',*,*,#2675,.F.);
#2675 = EDGE_CURVE('',#2666,#2618,#2676,.T.);
#2676 = LINE('',#2677,#2678);
#2677 = CARTESIAN_POINT('',(-27.1945705608,25.,54.178971444032));
#2678 = VECTOR('',#2679,1.);
#2679 = DIRECTION('',(-9.801714032956E-02,-3.766582673216E-16,
    -0.995184726672));
#2680 = PLANE('',#2681);
#2681 = AXIS2_PLACEMENT_3D('',#2682,#2683,#2684);
#2682 = CARTESIAN_POINT('',(-27.1945705608,25.,54.178971444032));
#2683 = DIRECTION('',(-0.995184726672,7.064545527848E-16,
    9.801714032956E-02));
#2684 = DIRECTION('',(-9.801714032956E-02,-3.766582673216E-16,
    -0.995184726672));
#2685 = ADVANCED_FACE('',(#2686),#2704,.T.);
#2686 = FACE_BOUND('',#2687,.T.);
#2687 = EDGE_LOOP('',(#2688,#2689,#2690,#2698));
#2688 = ORIENTED_EDGE('',*,*,#2643,.T.);
#2689 = ORIENTED_EDGE('',*,*,#254,.T.);
#2690 = ORIENTED_EDGE('',*,*,#2691,.F.);
#2691 = EDGE_CURVE('',#2692,#255,#2694,.T.);
#2692 = VERTEX_POINT('',#2693);
#2693 = CARTESIAN_POINT('',(-20.49414046603,25.,-22.1459392246));
#2694 = LINE('',#2695,#2696);
#2695 = CARTESIAN_POINT('',(-20.49414046603,25.,-22.1459392246));
#2696 = VECTOR('',#2697,1.);
#2697 = DIRECTION('',(4.440892098501E-16,1.,-6.661338147751E-16));
#2698 = ORIENTED_EDGE('',*,*,#2699,.F.);
#2699 = EDGE_CURVE('',#2644,#2692,#2700,.T.);
#2700 = LINE('',#2701,#2702);
#2701 = CARTESIAN_POINT('',(-20.79721356237,25.,-21.89721356237));
#2702 = VECTOR('',#2703,1.);
#2703 = DIRECTION('',(0.773010453363,-7.96655614458E-16,-0.634393284164)
  );
#2704 = PLANE('',#2705);
#2705 = AXIS2_PLACEMENT_3D('',#2706,#2707,#2708);
#2706 = CARTESIAN_POINT('',(-20.79721356237,25.,-21.89721356237));
#2707 = DIRECTION('',(-0.634393284164,7.930521700793E-17,-0.773010453363
    ));
#2708 = DIRECTION('',(0.773010453363,-7.96655614458E-16,-0.634393284164)
  );
#2709 = ADVANCED_FACE('',(#2710),#2728,.T.);
#2710 = FACE_BOUND('',#2711,.T.);
#2711 = EDGE_LOOP('',(#2712,#2720,#2721,#2722));
#2712 = ORIENTED_EDGE('',*,*,#2713,.T.);
#2713 = EDGE_CURVE('',#2714,#943,#2716,.T.);
#2714 = VERTEX_POINT('',#2715);
#2715 = CARTESIAN_POINT('',(-27.08075906502,25.,54.55415766473));
#2716 = LINE('',#2717,#2718);
#2717 = CARTESIAN_POINT('',(-27.08075906502,25.,54.55415766473));
#2718 = VECTOR('',#2719,1.);
#2719 = DIRECTION('',(4.440892098501E-16,1.,-6.661338147751E-16));
#2720 = ORIENTED_EDGE('',*,*,#950,.T.);
#2721 = ORIENTED_EDGE('',*,*,#2665,.F.);
#2722 = ORIENTED_EDGE('',*,*,#2723,.F.);
#2723 = EDGE_CURVE('',#2714,#2666,#2724,.T.);
#2724 = LINE('',#2725,#2726);
#2725 = CARTESIAN_POINT('',(-27.08075906502,25.,54.55415766473));
#2726 = VECTOR('',#2727,1.);
#2727 = DIRECTION('',(-0.290284677254,-2.315984381387E-16,
    -0.956940335732));
#2728 = PLANE('',#2729);
#2729 = AXIS2_PLACEMENT_3D('',#2730,#2731,#2732);
#2730 = CARTESIAN_POINT('',(-27.08075906502,25.,54.55415766473));
#2731 = DIRECTION('',(-0.956940335732,7.66362609307E-16,0.290284677254)
  );
#2732 = DIRECTION('',(-0.290284677254,-2.315984381387E-16,
    -0.956940335732));
#2733 = ADVANCED_FACE('',(#2734),#2752,.T.);
#2734 = FACE_BOUND('',#2735,.T.);
#2735 = EDGE_LOOP('',(#2736,#2737,#2738,#2746));
#2736 = ORIENTED_EDGE('',*,*,#2691,.T.);
#2737 = ORIENTED_EDGE('',*,*,#262,.T.);
#2738 = ORIENTED_EDGE('',*,*,#2739,.F.);
#2739 = EDGE_CURVE('',#2740,#263,#2742,.T.);
#2740 = VERTEX_POINT('',#2741);
#2741 = CARTESIAN_POINT('',(-20.14836686473,25.,-22.33075906502));
#2742 = LINE('',#2743,#2744);
#2743 = CARTESIAN_POINT('',(-20.14836686473,25.,-22.33075906502));
#2744 = VECTOR('',#2745,1.);
#2745 = DIRECTION('',(4.440892098501E-16,1.,-6.661338147751E-16));
#2746 = ORIENTED_EDGE('',*,*,#2747,.F.);
#2747 = EDGE_CURVE('',#2692,#2740,#2748,.T.);
#2748 = LINE('',#2749,#2750);
#2749 = CARTESIAN_POINT('',(-20.49414046603,25.,-22.1459392246));
#2750 = VECTOR('',#2751,1.);
#2751 = DIRECTION('',(0.881921264348,-7.968197805346E-16,-0.471396736826
    ));
#2752 = PLANE('',#2753);
#2753 = AXIS2_PLACEMENT_3D('',#2754,#2755,#2756);
#2754 = CARTESIAN_POINT('',(-20.49414046603,25.,-22.1459392246));
#2755 = DIRECTION('',(-0.471396736826,-7.763841086E-17,-0.881921264348)
  );
#2756 = DIRECTION('',(0.881921264348,-7.968197805346E-16,-0.471396736826
    ));
#2757 = ADVANCED_FACE('',(#2758),#2776,.T.);
#2758 = FACE_BOUND('',#2759,.T.);
#2759 = EDGE_LOOP('',(#2760,#2768,#2769,#2770));
#2760 = ORIENTED_EDGE('',*,*,#2761,.T.);
#2761 = EDGE_CURVE('',#2762,#935,#2764,.T.);
#2762 = VERTEX_POINT('',#2763);
#2763 = CARTESIAN_POINT('',(-26.8959392246,25.,54.899931266039));
#2764 = LINE('',#2765,#2766);
#2765 = CARTESIAN_POINT('',(-26.8959392246,25.,54.899931266039));
#2766 = VECTOR('',#2767,1.);
#2767 = DIRECTION('',(4.440892098501E-16,1.,-6.661338147751E-16));
#2768 = ORIENTED_EDGE('',*,*,#942,.T.);
#2769 = ORIENTED_EDGE('',*,*,#2713,.F.);
#2770 = ORIENTED_EDGE('',*,*,#2771,.F.);
#2771 = EDGE_CURVE('',#2762,#2714,#2772,.T.);
#2772 = LINE('',#2773,#2774);
#2773 = CARTESIAN_POINT('',(-26.8959392246,25.,54.899931266039));
#2774 = VECTOR('',#2775,1.);
#2775 = DIRECTION('',(-0.471396736826,-7.763841085999E-17,
    -0.881921264348));
#2776 = PLANE('',#2777);
#2777 = AXIS2_PLACEMENT_3D('',#2778,#2779,#2780);
#2778 = CARTESIAN_POINT('',(-26.8959392246,25.,54.899931266039));
#2779 = DIRECTION('',(-0.881921264348,7.968197805346E-16,0.471396736826)
  );
#2780 = DIRECTION('',(-0.471396736826,-7.763841085999E-17,
    -0.881921264348));
#2781 = ADVANCED_FACE('',(#2782),#2800,.T.);
#2782 = FACE_BOUND('',#2783,.T.);
#2783 = EDGE_LOOP('',(#2784,#2785,#2786,#2794));
#2784 = ORIENTED_EDGE('',*,*,#2739,.T.);
#2785 = ORIENTED_EDGE('',*,*,#270,.T.);
#2786 = ORIENTED_EDGE('',*,*,#2787,.F.);
#2787 = EDGE_CURVE('',#2788,#271,#2790,.T.);
#2788 = VERTEX_POINT('',#2789);
#2789 = CARTESIAN_POINT('',(-19.77318064403,25.,-22.4445705608));
#2790 = LINE('',#2791,#2792);
#2791 = CARTESIAN_POINT('',(-19.77318064403,25.,-22.4445705608));
#2792 = VECTOR('',#2793,1.);
#2793 = DIRECTION('',(4.440892098501E-16,1.,-6.661338147751E-16));
#2794 = ORIENTED_EDGE('',*,*,#2795,.F.);
#2795 = EDGE_CURVE('',#2740,#2788,#2796,.T.);
#2796 = LINE('',#2797,#2798);
#2797 = CARTESIAN_POINT('',(-20.14836686473,25.,-22.33075906502));
#2798 = VECTOR('',#2799,1.);
#2799 = DIRECTION('',(0.956940335732,-7.66362609307E-16,-0.290284677254)
  );
#2800 = PLANE('',#2801);
#2801 = AXIS2_PLACEMENT_3D('',#2802,#2803,#2804);
#2802 = CARTESIAN_POINT('',(-20.14836686473,25.,-22.33075906502));
#2803 = DIRECTION('',(-0.290284677254,-2.315984381387E-16,
    -0.956940335732));
#2804 = DIRECTION('',(0.956940335732,-7.66362609307E-16,-0.290284677254)
  );
#2805 = ADVANCED_FACE('',(#2806),#2824,.T.);
#2806 = FACE_BOUND('',#2807,.T.);
#2807 = EDGE_LOOP('',(#2808,#2816,#2817,#2818));
#2808 = ORIENTED_EDGE('',*,*,#2809,.T.);
#2809 = EDGE_CURVE('',#2810,#927,#2812,.T.);
#2810 = VERTEX_POINT('',#2811);
#2811 = CARTESIAN_POINT('',(-26.64721356237,25.,55.203004362373));
#2812 = LINE('',#2813,#2814);
#2813 = CARTESIAN_POINT('',(-26.64721356237,25.,55.203004362373));
#2814 = VECTOR('',#2815,1.);
#2815 = DIRECTION('',(4.440892098501E-16,1.,-6.661338147751E-16));
#2816 = ORIENTED_EDGE('',*,*,#934,.T.);
#2817 = ORIENTED_EDGE('',*,*,#2761,.F.);
#2818 = ORIENTED_EDGE('',*,*,#2819,.F.);
#2819 = EDGE_CURVE('',#2810,#2762,#2820,.T.);
#2820 = LINE('',#2821,#2822);
#2821 = CARTESIAN_POINT('',(-26.64721356237,25.,55.203004362373));
#2822 = VECTOR('',#2823,1.);
#2823 = DIRECTION('',(-0.634393284164,7.930521700793E-17,-0.773010453363
    ));
#2824 = PLANE('',#2825);
#2825 = AXIS2_PLACEMENT_3D('',#2826,#2827,#2828);
#2826 = CARTESIAN_POINT('',(-26.64721356237,25.,55.203004362373));
#2827 = DIRECTION('',(-0.773010453363,7.96655614458E-16,0.634393284164)
  );
#2828 = DIRECTION('',(-0.634393284164,7.930521700793E-17,-0.773010453363
    ));
#2829 = ADVANCED_FACE('',(#2830),#2848,.T.);
#2830 = FACE_BOUND('',#2831,.T.);
#2831 = EDGE_LOOP('',(#2832,#2833,#2834,#2842));
#2832 = ORIENTED_EDGE('',*,*,#2787,.T.);
#2833 = ORIENTED_EDGE('',*,*,#278,.T.);
#2834 = ORIENTED_EDGE('',*,*,#2835,.F.);
#2835 = EDGE_CURVE('',#2836,#279,#2838,.T.);
#2836 = VERTEX_POINT('',#2837);
#2837 = CARTESIAN_POINT('',(-19.383,25.,-22.483));
#2838 = LINE('',#2839,#2840);
#2839 = CARTESIAN_POINT('',(-19.383,25.,-22.483));
#2840 = VECTOR('',#2841,1.);
#2841 = DIRECTION('',(4.440892098501E-16,1.,-6.661338147751E-16));
#2842 = ORIENTED_EDGE('',*,*,#2843,.F.);
#2843 = EDGE_CURVE('',#2788,#2836,#2844,.T.);
#2844 = LINE('',#2845,#2846);
#2845 = CARTESIAN_POINT('',(-19.77318064403,25.,-22.4445705608));
#2846 = VECTOR('',#2847,1.);
#2847 = DIRECTION('',(0.995184726672,-7.064545527848E-16,
    -9.801714032956E-02));
#2848 = PLANE('',#2849);
#2849 = AXIS2_PLACEMENT_3D('',#2850,#2851,#2852);
#2850 = CARTESIAN_POINT('',(-19.77318064403,25.,-22.4445705608));
#2851 = DIRECTION('',(-9.801714032956E-02,-3.766582673216E-16,
    -0.995184726672));
#2852 = DIRECTION('',(0.995184726672,-7.064545527848E-16,
    -9.801714032956E-02));
#2853 = ADVANCED_FACE('',(#2854),#2872,.T.);
#2854 = FACE_BOUND('',#2855,.T.);
#2855 = EDGE_LOOP('',(#2856,#2864,#2865,#2866));
#2856 = ORIENTED_EDGE('',*,*,#2857,.T.);
#2857 = EDGE_CURVE('',#2858,#919,#2860,.T.);
#2858 = VERTEX_POINT('',#2859);
#2859 = CARTESIAN_POINT('',(-26.34414046603,25.,55.451730024605));
#2860 = LINE('',#2861,#2862);
#2861 = CARTESIAN_POINT('',(-26.34414046603,25.,55.451730024605));
#2862 = VECTOR('',#2863,1.);
#2863 = DIRECTION('',(4.440892098501E-16,1.,-6.661338147751E-16));
#2864 = ORIENTED_EDGE('',*,*,#926,.T.);
#2865 = ORIENTED_EDGE('',*,*,#2809,.F.);
#2866 = ORIENTED_EDGE('',*,*,#2867,.F.);
#2867 = EDGE_CURVE('',#2858,#2810,#2868,.T.);
#2868 = LINE('',#2869,#2870);
#2869 = CARTESIAN_POINT('',(-26.34414046603,25.,55.451730024605));
#2870 = VECTOR('',#2871,1.);
#2871 = DIRECTION('',(-0.773010453363,2.332011898611E-16,-0.634393284164
    ));
#2872 = PLANE('',#2873);
#2873 = AXIS2_PLACEMENT_3D('',#2874,#2875,#2876);
#2874 = CARTESIAN_POINT('',(-26.34414046603,25.,55.451730024605));
#2875 = DIRECTION('',(-0.634393284164,7.658764198873E-16,0.773010453363)
  );
#2876 = DIRECTION('',(-0.773010453363,2.332011898611E-16,-0.634393284164
    ));
#2877 = ADVANCED_FACE('',(#2878),#2896,.T.);
#2878 = FACE_BOUND('',#2879,.T.);
#2879 = EDGE_LOOP('',(#2880,#2888,#2889,#2890));
#2880 = ORIENTED_EDGE('',*,*,#2881,.F.);
#2881 = EDGE_CURVE('',#2836,#2882,#2884,.T.);
#2882 = VERTEX_POINT('',#2883);
#2883 = CARTESIAN_POINT('',(-5.483,25.,-22.483));
#2884 = LINE('',#2885,#2886);
#2885 = CARTESIAN_POINT('',(-19.383,25.,-22.483));
#2886 = VECTOR('',#2887,1.);
#2887 = DIRECTION('',(1.,-6.661338147751E-16,4.440892098501E-16));
#2888 = ORIENTED_EDGE('',*,*,#2835,.T.);
#2889 = ORIENTED_EDGE('',*,*,#286,.T.);
#2890 = ORIENTED_EDGE('',*,*,#2891,.T.);
#2891 = EDGE_CURVE('',#287,#2882,#2892,.T.);
#2892 = LINE('',#2893,#2894);
#2893 = CARTESIAN_POINT('',(-5.483,24.,-22.483));
#2894 = VECTOR('',#2895,1.);
#2895 = DIRECTION('',(0.,-1.,4.440892098501E-16));
#2896 = PLANE('',#2897);
#2897 = AXIS2_PLACEMENT_3D('',#2898,#2899,#2900);
#2898 = CARTESIAN_POINT('',(-19.383,25.,-22.483));
#2899 = DIRECTION('',(6.661338147751E-16,-4.440892098501E-16,-1.));
#2900 = DIRECTION('',(1.,-6.661338147751E-16,4.440892098501E-16));
#2901 = ADVANCED_FACE('',(#2902),#2920,.T.);
#2902 = FACE_BOUND('',#2903,.T.);
#2903 = EDGE_LOOP('',(#2904,#2912,#2913,#2914));
#2904 = ORIENTED_EDGE('',*,*,#2905,.T.);
#2905 = EDGE_CURVE('',#2906,#911,#2908,.T.);
#2906 = VERTEX_POINT('',#2907);
#2907 = CARTESIAN_POINT('',(-25.99836686473,25.,55.636549865023));
#2908 = LINE('',#2909,#2910);
#2909 = CARTESIAN_POINT('',(-25.99836686473,25.,55.636549865023));
#2910 = VECTOR('',#2911,1.);
#2911 = DIRECTION('',(4.440892098501E-16,1.,-6.661338147751E-16));
#2912 = ORIENTED_EDGE('',*,*,#918,.T.);
#2913 = ORIENTED_EDGE('',*,*,#2857,.F.);
#2914 = ORIENTED_EDGE('',*,*,#2915,.F.);
#2915 = EDGE_CURVE('',#2906,#2858,#2916,.T.);
#2916 = LINE('',#2917,#2918);
#2917 = CARTESIAN_POINT('',(-25.99836686473,25.,55.636549865023));
#2918 = VECTOR('',#2919,1.);
#2919 = DIRECTION('',(-0.881921264348,3.781353717687E-16,-0.471396736826
    ));
#2920 = PLANE('',#2921);
#2921 = AXIS2_PLACEMENT_3D('',#2922,#2923,#2924);
#2922 = CARTESIAN_POINT('',(-25.99836686473,25.,55.636549865023));
#2923 = DIRECTION('',(-0.471396736826,7.056650240089E-16,0.881921264348)
  );
#2924 = DIRECTION('',(-0.881921264348,3.781353717687E-16,-0.471396736826
    ));
#2925 = ADVANCED_FACE('',(#2926),#2944,.T.);
#2926 = FACE_BOUND('',#2927,.T.);
#2927 = EDGE_LOOP('',(#2928,#2936,#2937,#2938));
#2928 = ORIENTED_EDGE('',*,*,#2929,.T.);
#2929 = EDGE_CURVE('',#2930,#903,#2932,.T.);
#2930 = VERTEX_POINT('',#2931);
#2931 = CARTESIAN_POINT('',(-25.62318064403,25.,55.750361360806));
#2932 = LINE('',#2933,#2934);
#2933 = CARTESIAN_POINT('',(-25.62318064403,25.,55.750361360806));
#2934 = VECTOR('',#2935,1.);
#2935 = DIRECTION('',(4.440892098501E-16,1.,-6.661338147751E-16));
#2936 = ORIENTED_EDGE('',*,*,#910,.T.);
#2937 = ORIENTED_EDGE('',*,*,#2905,.F.);
#2938 = ORIENTED_EDGE('',*,*,#2939,.F.);
#2939 = EDGE_CURVE('',#2930,#2906,#2940,.T.);
#2940 = LINE('',#2941,#2942);
#2941 = CARTESIAN_POINT('',(-25.62318064403,25.,55.750361360806));
#2942 = VECTOR('',#2943,1.);
#2943 = DIRECTION('',(-0.956940335732,5.085380233999E-16,-0.290284677254
    ));
#2944 = PLANE('',#2945);
#2945 = AXIS2_PLACEMENT_3D('',#2946,#2947,#2948);
#2946 = CARTESIAN_POINT('',(-25.62318064403,25.,55.750361360806));
#2947 = DIRECTION('',(-0.290284677254,6.183353169992E-16,0.956940335732)
  );
#2948 = DIRECTION('',(-0.956940335732,5.085380233999E-16,-0.290284677254
    ));
#2949 = ADVANCED_FACE('',(#2950),#2968,.T.);
#2950 = FACE_BOUND('',#2951,.T.);
#2951 = EDGE_LOOP('',(#2952,#2960,#2961,#2962));
#2952 = ORIENTED_EDGE('',*,*,#2953,.T.);
#2953 = EDGE_CURVE('',#2954,#895,#2956,.T.);
#2954 = VERTEX_POINT('',#2955);
#2955 = CARTESIAN_POINT('',(-25.233,25.,55.7887908));
#2956 = LINE('',#2957,#2958);
#2957 = CARTESIAN_POINT('',(-25.233,25.,55.7887908));
#2958 = VECTOR('',#2959,1.);
#2959 = DIRECTION('',(4.440892098501E-16,1.,-6.661338147751E-16));
#2960 = ORIENTED_EDGE('',*,*,#902,.T.);
#2961 = ORIENTED_EDGE('',*,*,#2929,.F.);
#2962 = ORIENTED_EDGE('',*,*,#2963,.F.);
#2963 = EDGE_CURVE('',#2954,#2930,#2964,.T.);
#2964 = LINE('',#2965,#2966);
#2965 = CARTESIAN_POINT('',(-25.233,25.,55.7887908));
#2966 = VECTOR('',#2967,1.);
#2967 = DIRECTION('',(-0.995184726672,6.193978439833E-16,
    -9.801714032957E-02));
#2968 = PLANE('',#2969);
#2969 = AXIS2_PLACEMENT_3D('',#2970,#2971,#2972);
#2970 = CARTESIAN_POINT('',(-25.233,25.,55.7887908));
#2971 = DIRECTION('',(-9.801714032957E-02,5.072433305238E-16,
    0.995184726672));
#2972 = DIRECTION('',(-0.995184726672,6.193978439833E-16,
    -9.801714032957E-02));
#2973 = ADVANCED_FACE('',(#2974),#2992,.T.);
#2974 = FACE_BOUND('',#2975,.T.);
#2975 = EDGE_LOOP('',(#2976,#2984,#2990,#2991));
#2976 = ORIENTED_EDGE('',*,*,#2977,.F.);
#2977 = EDGE_CURVE('',#2978,#2954,#2980,.T.);
#2978 = VERTEX_POINT('',#2979);
#2979 = CARTESIAN_POINT('',(-11.983,25.,56.4830908));
#2980 = LINE('',#2981,#2982);
#2981 = CARTESIAN_POINT('',(-3.804356829562E-14,25.,57.111));
#2982 = VECTOR('',#2983,1.);
#2983 = DIRECTION('',(-0.998629940746,6.419827790365E-16,
    -5.232820889508E-02));
#2984 = ORIENTED_EDGE('',*,*,#2985,.T.);
#2985 = EDGE_CURVE('',#2978,#887,#2986,.T.);
#2986 = LINE('',#2987,#2988);
#2987 = CARTESIAN_POINT('',(-11.983,15.,56.4830908));
#2988 = VECTOR('',#2989,1.);
#2989 = DIRECTION('',(4.440892098501E-16,1.,-6.661338147751E-16));
#2990 = ORIENTED_EDGE('',*,*,#894,.T.);
#2991 = ORIENTED_EDGE('',*,*,#2953,.F.);
#2992 = PLANE('',#2993);
#2993 = AXIS2_PLACEMENT_3D('',#2994,#2995,#2996);
#2994 = CARTESIAN_POINT('',(-3.804356829562E-14,25.,57.111));
#2995 = DIRECTION('',(-5.232820889508E-02,4.7833837073E-16,
    0.998629940746));
#2996 = DIRECTION('',(-0.998629940746,6.419827790365E-16,
    -5.232820889508E-02));
#2997 = ADVANCED_FACE('',(#2998),#3016,.T.);
#2998 = FACE_BOUND('',#2999,.T.);
#2999 = EDGE_LOOP('',(#3000,#3008,#3014,#3015));
#3000 = ORIENTED_EDGE('',*,*,#3001,.F.);
#3001 = EDGE_CURVE('',#3002,#2978,#3004,.T.);
#3002 = VERTEX_POINT('',#3003);
#3003 = CARTESIAN_POINT('',(-11.59281935596,25.,56.444661360806));
#3004 = LINE('',#3005,#3006);
#3005 = CARTESIAN_POINT('',(-4.048209641955,25.,55.701582162291));
#3006 = VECTOR('',#3007,1.);
#3007 = DIRECTION('',(-0.995184726672,5.072433305238E-16,
    9.801714032955E-02));
#3008 = ORIENTED_EDGE('',*,*,#3009,.T.);
#3009 = EDGE_CURVE('',#3002,#879,#3010,.T.);
#3010 = LINE('',#3011,#3012);
#3011 = CARTESIAN_POINT('',(-11.59281935596,15.,56.444661360806));
#3012 = VECTOR('',#3013,1.);
#3013 = DIRECTION('',(4.440892098501E-16,1.,-6.661338147751E-16));
#3014 = ORIENTED_EDGE('',*,*,#886,.T.);
#3015 = ORIENTED_EDGE('',*,*,#2985,.F.);
#3016 = PLANE('',#3017);
#3017 = AXIS2_PLACEMENT_3D('',#3018,#3019,#3020);
#3018 = CARTESIAN_POINT('',(-11.59281935596,15.,56.444661360806));
#3019 = DIRECTION('',(9.801714032955E-02,3.766582673216E-16,
    0.995184726672));
#3020 = DIRECTION('',(-0.995184726672,7.064545527848E-16,
    9.801714032955E-02));
#3021 = ADVANCED_FACE('',(#3022),#3040,.T.);
#3022 = FACE_BOUND('',#3023,.T.);
#3023 = EDGE_LOOP('',(#3024,#3032,#3038,#3039));
#3024 = ORIENTED_EDGE('',*,*,#3025,.F.);
#3025 = EDGE_CURVE('',#3026,#3002,#3028,.T.);
#3026 = VERTEX_POINT('',#3027);
#3027 = CARTESIAN_POINT('',(-11.21763313527,25.,56.330849865023));
#3028 = LINE('',#3029,#3030);
#3029 = CARTESIAN_POINT('',(-0.960213095375,25.,53.219295513553));
#3030 = VECTOR('',#3031,1.);
#3031 = DIRECTION('',(-0.956940335732,6.183353169992E-16,0.290284677254)
  );
#3032 = ORIENTED_EDGE('',*,*,#3033,.T.);
#3033 = EDGE_CURVE('',#3026,#871,#3034,.T.);
#3034 = LINE('',#3035,#3036);
#3035 = CARTESIAN_POINT('',(-11.21763313527,15.,56.330849865023));
#3036 = VECTOR('',#3037,1.);
#3037 = DIRECTION('',(4.440892098501E-16,1.,-6.661338147751E-16));
#3038 = ORIENTED_EDGE('',*,*,#878,.T.);
#3039 = ORIENTED_EDGE('',*,*,#3009,.F.);
#3040 = PLANE('',#3041);
#3041 = AXIS2_PLACEMENT_3D('',#3042,#3043,#3044);
#3042 = CARTESIAN_POINT('',(-11.21763313527,15.,56.330849865023));
#3043 = DIRECTION('',(0.290284677254,2.315984381387E-16,0.956940335732)
  );
#3044 = DIRECTION('',(-0.956940335732,7.66362609307E-16,0.290284677254)
  );
#3045 = ADVANCED_FACE('',(#3046),#3064,.T.);
#3046 = FACE_BOUND('',#3047,.T.);
#3047 = EDGE_LOOP('',(#3048,#3056,#3062,#3063));
#3048 = ORIENTED_EDGE('',*,*,#3049,.F.);
#3049 = EDGE_CURVE('',#3050,#3026,#3052,.T.);
#3050 = VERTEX_POINT('',#3051);
#3051 = CARTESIAN_POINT('',(-10.87185953396,25.,56.146030024605));
#3052 = LINE('',#3053,#3054);
#3053 = CARTESIAN_POINT('',(0.982172269201,25.,49.8099180199));
#3054 = VECTOR('',#3055,1.);
#3055 = DIRECTION('',(-0.881921264348,7.056650240089E-16,0.471396736826)
  );
#3056 = ORIENTED_EDGE('',*,*,#3057,.T.);
#3057 = EDGE_CURVE('',#3050,#863,#3058,.T.);
#3058 = LINE('',#3059,#3060);
#3059 = CARTESIAN_POINT('',(-10.87185953396,15.,56.146030024605));
#3060 = VECTOR('',#3061,1.);
#3061 = DIRECTION('',(4.440892098501E-16,1.,-6.661338147751E-16));
#3062 = ORIENTED_EDGE('',*,*,#870,.T.);
#3063 = ORIENTED_EDGE('',*,*,#3033,.F.);
#3064 = PLANE('',#3065);
#3065 = AXIS2_PLACEMENT_3D('',#3066,#3067,#3068);
#3066 = CARTESIAN_POINT('',(-10.87185953396,15.,56.146030024605));
#3067 = DIRECTION('',(0.471396736826,7.763841086E-17,0.881921264348));
#3068 = DIRECTION('',(-0.881921264348,7.968197805346E-16,0.471396736826)
  );
#3069 = ADVANCED_FACE('',(#3070),#3088,.T.);
#3070 = FACE_BOUND('',#3071,.T.);
#3071 = EDGE_LOOP('',(#3072,#3080,#3086,#3087));
#3072 = ORIENTED_EDGE('',*,*,#3073,.F.);
#3073 = EDGE_CURVE('',#3074,#3050,#3076,.T.);
#3074 = VERTEX_POINT('',#3075);
#3075 = CARTESIAN_POINT('',(-10.56878643762,25.,55.897304362373));
#3076 = LINE('',#3077,#3078);
#3077 = CARTESIAN_POINT('',(1.523425772103,25.,45.973482267648));
#3078 = VECTOR('',#3079,1.);
#3079 = DIRECTION('',(-0.773010453363,7.658764198873E-16,0.634393284164)
  );
#3080 = ORIENTED_EDGE('',*,*,#3081,.T.);
#3081 = EDGE_CURVE('',#3074,#855,#3082,.T.);
#3082 = LINE('',#3083,#3084);
#3083 = CARTESIAN_POINT('',(-10.56878643762,15.,55.897304362373));
#3084 = VECTOR('',#3085,1.);
#3085 = DIRECTION('',(4.440892098501E-16,1.,-6.661338147751E-16));
#3086 = ORIENTED_EDGE('',*,*,#862,.T.);
#3087 = ORIENTED_EDGE('',*,*,#3057,.F.);
#3088 = PLANE('',#3089);
#3089 = AXIS2_PLACEMENT_3D('',#3090,#3091,#3092);
#3090 = CARTESIAN_POINT('',(-10.56878643762,15.,55.897304362373));
#3091 = DIRECTION('',(0.634393284164,-7.930521700794E-17,0.773010453363)
  );
#3092 = DIRECTION('',(-0.773010453363,7.96655614458E-16,0.634393284164)
  );
#3093 = ADVANCED_FACE('',(#3094),#3119,.T.);
#3094 = FACE_BOUND('',#3095,.T.);
#3095 = EDGE_LOOP('',(#3096,#3106,#3112,#3113));
#3096 = ORIENTED_EDGE('',*,*,#3097,.F.);
#3097 = EDGE_CURVE('',#3098,#3100,#3102,.T.);
#3098 = VERTEX_POINT('',#3099);
#3099 = CARTESIAN_POINT('',(5.483,25.,-22.483));
#3100 = VERTEX_POINT('',#3101);
#3101 = CARTESIAN_POINT('',(19.383,25.,-22.483));
#3102 = LINE('',#3103,#3104);
#3103 = CARTESIAN_POINT('',(-19.383,25.,-22.483));
#3104 = VECTOR('',#3105,1.);
#3105 = DIRECTION('',(1.,-6.661338147751E-16,4.440892098501E-16));
#3106 = ORIENTED_EDGE('',*,*,#3107,.F.);
#3107 = EDGE_CURVE('',#311,#3098,#3108,.T.);
#3108 = LINE('',#3109,#3110);
#3109 = CARTESIAN_POINT('',(5.483,24.,-22.483));
#3110 = VECTOR('',#3111,1.);
#3111 = DIRECTION('',(0.,-1.,4.440892098501E-16));
#3112 = ORIENTED_EDGE('',*,*,#318,.T.);
#3113 = ORIENTED_EDGE('',*,*,#3114,.F.);
#3114 = EDGE_CURVE('',#3100,#319,#3115,.T.);
#3115 = LINE('',#3116,#3117);
#3116 = CARTESIAN_POINT('',(19.383,25.,-22.483));
#3117 = VECTOR('',#3118,1.);
#3118 = DIRECTION('',(4.440892098501E-16,1.,-6.661338147751E-16));
#3119 = PLANE('',#3120);
#3120 = AXIS2_PLACEMENT_3D('',#3121,#3122,#3123);
#3121 = CARTESIAN_POINT('',(-19.383,25.,-22.483));
#3122 = DIRECTION('',(6.661338147751E-16,-4.440892098501E-16,-1.));
#3123 = DIRECTION('',(1.,-6.661338147751E-16,4.440892098501E-16));
#3124 = ADVANCED_FACE('',(#3125),#3143,.T.);
#3125 = FACE_BOUND('',#3126,.T.);
#3126 = EDGE_LOOP('',(#3127,#3135,#3141,#3142));
#3127 = ORIENTED_EDGE('',*,*,#3128,.F.);
#3128 = EDGE_CURVE('',#3129,#3074,#3131,.T.);
#3129 = VERTEX_POINT('',#3130);
#3130 = CARTESIAN_POINT('',(-10.32006077539,25.,55.594231266039));
#3131 = LINE('',#3132,#3133);
#3132 = CARTESIAN_POINT('',(0.616854628501,25.,42.267561287335));
#3133 = VECTOR('',#3134,1.);
#3134 = DIRECTION('',(-0.634393284164,7.96655614458E-16,0.773010453363)
  );
#3135 = ORIENTED_EDGE('',*,*,#3136,.T.);
#3136 = EDGE_CURVE('',#3129,#847,#3137,.T.);
#3137 = LINE('',#3138,#3139);
#3138 = CARTESIAN_POINT('',(-10.32006077539,15.,55.594231266039));
#3139 = VECTOR('',#3140,1.);
#3140 = DIRECTION('',(4.440892098501E-16,1.,-6.661338147751E-16));
#3141 = ORIENTED_EDGE('',*,*,#854,.T.);
#3142 = ORIENTED_EDGE('',*,*,#3081,.F.);
#3143 = PLANE('',#3144);
#3144 = AXIS2_PLACEMENT_3D('',#3145,#3146,#3147);
#3145 = CARTESIAN_POINT('',(-10.32006077539,15.,55.594231266039));
#3146 = DIRECTION('',(0.773010453363,-2.332011898611E-16,0.634393284164)
  );
#3147 = DIRECTION('',(-0.634393284164,7.658764198873E-16,0.773010453363)
  );
#3148 = ADVANCED_FACE('',(#3149),#3167,.T.);
#3149 = FACE_BOUND('',#3150,.T.);
#3150 = EDGE_LOOP('',(#3151,#3152,#3153,#3161));
#3151 = ORIENTED_EDGE('',*,*,#3114,.T.);
#3152 = ORIENTED_EDGE('',*,*,#326,.T.);
#3153 = ORIENTED_EDGE('',*,*,#3154,.F.);
#3154 = EDGE_CURVE('',#3155,#327,#3157,.T.);
#3155 = VERTEX_POINT('',#3156);
#3156 = CARTESIAN_POINT('',(19.773180644032,25.,-22.4445705608));
#3157 = LINE('',#3158,#3159);
#3158 = CARTESIAN_POINT('',(19.773180644032,25.,-22.4445705608));
#3159 = VECTOR('',#3160,1.);
#3160 = DIRECTION('',(4.440892098501E-16,1.,-6.661338147751E-16));
#3161 = ORIENTED_EDGE('',*,*,#3162,.F.);
#3162 = EDGE_CURVE('',#3100,#3155,#3163,.T.);
#3163 = LINE('',#3164,#3165);
#3164 = CARTESIAN_POINT('',(19.383,25.,-22.483));
#3165 = VECTOR('',#3166,1.);
#3166 = DIRECTION('',(0.995184726672,-6.193978439833E-16,
    9.801714032956E-02));
#3167 = PLANE('',#3168);
#3168 = AXIS2_PLACEMENT_3D('',#3169,#3170,#3171);
#3169 = CARTESIAN_POINT('',(19.383,25.,-22.483));
#3170 = DIRECTION('',(9.801714032956E-02,-5.072433305238E-16,
    -0.995184726672));
#3171 = DIRECTION('',(0.995184726672,-6.193978439833E-16,
    9.801714032956E-02));
#3172 = ADVANCED_FACE('',(#3173),#3191,.T.);
#3173 = FACE_BOUND('',#3174,.T.);
#3174 = EDGE_LOOP('',(#3175,#3183,#3189,#3190));
#3175 = ORIENTED_EDGE('',*,*,#3176,.F.);
#3176 = EDGE_CURVE('',#3177,#3129,#3179,.T.);
#3177 = VERTEX_POINT('',#3178);
#3178 = CARTESIAN_POINT('',(-10.13524093497,25.,55.24845766473));
#3179 = LINE('',#3180,#3181);
#3180 = CARTESIAN_POINT('',(-1.56966974273,25.,39.223401092221));
#3181 = VECTOR('',#3182,1.);
#3182 = DIRECTION('',(-0.471396736826,7.968197805346E-16,0.881921264348)
  );
#3183 = ORIENTED_EDGE('',*,*,#3184,.T.);
#3184 = EDGE_CURVE('',#3177,#839,#3185,.T.);
#3185 = LINE('',#3186,#3187);
#3186 = CARTESIAN_POINT('',(-10.13524093497,15.,55.24845766473));
#3187 = VECTOR('',#3188,1.);
#3188 = DIRECTION('',(4.440892098501E-16,1.,-6.661338147751E-16));
#3189 = ORIENTED_EDGE('',*,*,#846,.T.);
#3190 = ORIENTED_EDGE('',*,*,#3136,.F.);
#3191 = PLANE('',#3192);
#3192 = AXIS2_PLACEMENT_3D('',#3193,#3194,#3195);
#3193 = CARTESIAN_POINT('',(-10.13524093497,15.,55.24845766473));
#3194 = DIRECTION('',(0.881921264348,-3.781353717687E-16,0.471396736826)
  );
#3195 = DIRECTION('',(-0.471396736826,7.056650240089E-16,0.881921264348)
  );
#3196 = ADVANCED_FACE('',(#3197),#3215,.T.);
#3197 = FACE_BOUND('',#3198,.T.);
#3198 = EDGE_LOOP('',(#3199,#3200,#3201,#3209));
#3199 = ORIENTED_EDGE('',*,*,#3154,.T.);
#3200 = ORIENTED_EDGE('',*,*,#334,.T.);
#3201 = ORIENTED_EDGE('',*,*,#3202,.F.);
#3202 = EDGE_CURVE('',#3203,#335,#3205,.T.);
#3203 = VERTEX_POINT('',#3204);
#3204 = CARTESIAN_POINT('',(20.14836686473,25.,-22.33075906502));
#3205 = LINE('',#3206,#3207);
#3206 = CARTESIAN_POINT('',(20.14836686473,25.,-22.33075906502));
#3207 = VECTOR('',#3208,1.);
#3208 = DIRECTION('',(4.440892098501E-16,1.,-6.661338147751E-16));
#3209 = ORIENTED_EDGE('',*,*,#3210,.F.);
#3210 = EDGE_CURVE('',#3155,#3203,#3211,.T.);
#3211 = LINE('',#3212,#3213);
#3212 = CARTESIAN_POINT('',(19.773180644032,25.,-22.4445705608));
#3213 = VECTOR('',#3214,1.);
#3214 = DIRECTION('',(0.956940335732,-5.085380233999E-16,0.290284677254)
  );
#3215 = PLANE('',#3216);
#3216 = AXIS2_PLACEMENT_3D('',#3217,#3218,#3219);
#3217 = CARTESIAN_POINT('',(19.773180644032,25.,-22.4445705608));
#3218 = DIRECTION('',(0.290284677254,-6.183353169992E-16,-0.956940335732
    ));
#3219 = DIRECTION('',(0.956940335732,-5.085380233999E-16,0.290284677254)
  );
#3220 = ADVANCED_FACE('',(#3221),#3239,.T.);
#3221 = FACE_BOUND('',#3222,.T.);
#3222 = EDGE_LOOP('',(#3223,#3231,#3237,#3238));
#3223 = ORIENTED_EDGE('',*,*,#3224,.F.);
#3224 = EDGE_CURVE('',#3225,#3177,#3227,.T.);
#3225 = VERTEX_POINT('',#3226);
#3226 = CARTESIAN_POINT('',(-10.02142943919,25.,54.873271444032));
#3227 = LINE('',#3228,#3229);
#3228 = CARTESIAN_POINT('',(-4.680415900181,25.,37.266309417951));
#3229 = VECTOR('',#3230,1.);
#3230 = DIRECTION('',(-0.290284677254,7.66362609307E-16,0.956940335732)
  );
#3231 = ORIENTED_EDGE('',*,*,#3232,.T.);
#3232 = EDGE_CURVE('',#3225,#831,#3233,.T.);
#3233 = LINE('',#3234,#3235);
#3234 = CARTESIAN_POINT('',(-10.02142943919,15.,54.873271444032));
#3235 = VECTOR('',#3236,1.);
#3236 = DIRECTION('',(4.440892098501E-16,1.,-6.661338147751E-16));
#3237 = ORIENTED_EDGE('',*,*,#838,.T.);
#3238 = ORIENTED_EDGE('',*,*,#3184,.F.);
#3239 = PLANE('',#3240);
#3240 = AXIS2_PLACEMENT_3D('',#3241,#3242,#3243);
#3241 = CARTESIAN_POINT('',(-10.02142943919,15.,54.873271444032));
#3242 = DIRECTION('',(0.956940335732,-5.085380233999E-16,0.290284677254)
  );
#3243 = DIRECTION('',(-0.290284677254,6.183353169992E-16,0.956940335732)
  );
#3244 = ADVANCED_FACE('',(#3245),#3263,.T.);
#3245 = FACE_BOUND('',#3246,.T.);
#3246 = EDGE_LOOP('',(#3247,#3248,#3249,#3257));
#3247 = ORIENTED_EDGE('',*,*,#3202,.T.);
#3248 = ORIENTED_EDGE('',*,*,#342,.T.);
#3249 = ORIENTED_EDGE('',*,*,#3250,.F.);
#3250 = EDGE_CURVE('',#3251,#343,#3253,.T.);
#3251 = VERTEX_POINT('',#3252);
#3252 = CARTESIAN_POINT('',(20.494140466039,25.,-22.1459392246));
#3253 = LINE('',#3254,#3255);
#3254 = CARTESIAN_POINT('',(20.494140466039,25.,-22.1459392246));
#3255 = VECTOR('',#3256,1.);
#3256 = DIRECTION('',(4.440892098501E-16,1.,-6.661338147751E-16));
#3257 = ORIENTED_EDGE('',*,*,#3258,.F.);
#3258 = EDGE_CURVE('',#3203,#3251,#3259,.T.);
#3259 = LINE('',#3260,#3261);
#3260 = CARTESIAN_POINT('',(20.14836686473,25.,-22.33075906502));
#3261 = VECTOR('',#3262,1.);
#3262 = DIRECTION('',(0.881921264348,-3.781353717687E-16,0.471396736826)
  );
#3263 = PLANE('',#3264);
#3264 = AXIS2_PLACEMENT_3D('',#3265,#3266,#3267);
#3265 = CARTESIAN_POINT('',(20.14836686473,25.,-22.33075906502));
#3266 = DIRECTION('',(0.471396736826,-7.056650240089E-16,-0.881921264348
    ));
#3267 = DIRECTION('',(0.881921264348,-3.781353717687E-16,0.471396736826)
  );
#3268 = ADVANCED_FACE('',(#3269),#3287,.T.);
#3269 = FACE_BOUND('',#3270,.T.);
#3270 = EDGE_LOOP('',(#3271,#3279,#3285,#3286));
#3271 = ORIENTED_EDGE('',*,*,#3272,.F.);
#3272 = EDGE_CURVE('',#3273,#3225,#3275,.T.);
#3273 = VERTEX_POINT('',#3274);
#3274 = CARTESIAN_POINT('',(-9.983,25.,54.4830908));
#3275 = LINE('',#3276,#3277);
#3276 = CARTESIAN_POINT('',(-8.226827492314,25.,36.652372099427));
#3277 = VECTOR('',#3278,1.);
#3278 = DIRECTION('',(-9.801714032956E-02,7.064545527848E-16,
    0.995184726672));
#3279 = ORIENTED_EDGE('',*,*,#3280,.T.);
#3280 = EDGE_CURVE('',#3273,#823,#3281,.T.);
#3281 = LINE('',#3282,#3283);
#3282 = CARTESIAN_POINT('',(-9.983,15.,54.4830908));
#3283 = VECTOR('',#3284,1.);
#3284 = DIRECTION('',(4.440892098501E-16,1.,-6.661338147751E-16));
#3285 = ORIENTED_EDGE('',*,*,#830,.T.);
#3286 = ORIENTED_EDGE('',*,*,#3232,.F.);
#3287 = PLANE('',#3288);
#3288 = AXIS2_PLACEMENT_3D('',#3289,#3290,#3291);
#3289 = CARTESIAN_POINT('',(-9.983,15.,54.4830908));
#3290 = DIRECTION('',(0.995184726672,-6.193978439833E-16,
    9.801714032956E-02));
#3291 = DIRECTION('',(-9.801714032956E-02,5.072433305238E-16,
    0.995184726672));
#3292 = ADVANCED_FACE('',(#3293),#3311,.T.);
#3293 = FACE_BOUND('',#3294,.T.);
#3294 = EDGE_LOOP('',(#3295,#3296,#3297,#3305));
#3295 = ORIENTED_EDGE('',*,*,#3250,.T.);
#3296 = ORIENTED_EDGE('',*,*,#350,.T.);
#3297 = ORIENTED_EDGE('',*,*,#3298,.F.);
#3298 = EDGE_CURVE('',#3299,#351,#3301,.T.);
#3299 = VERTEX_POINT('',#3300);
#3300 = CARTESIAN_POINT('',(20.797213562373,25.,-21.89721356237));
#3301 = LINE('',#3302,#3303);
#3302 = CARTESIAN_POINT('',(20.797213562373,25.,-21.89721356237));
#3303 = VECTOR('',#3304,1.);
#3304 = DIRECTION('',(4.440892098501E-16,1.,-6.661338147751E-16));
#3305 = ORIENTED_EDGE('',*,*,#3306,.F.);
#3306 = EDGE_CURVE('',#3251,#3299,#3307,.T.);
#3307 = LINE('',#3308,#3309);
#3308 = CARTESIAN_POINT('',(20.494140466039,25.,-22.1459392246));
#3309 = VECTOR('',#3310,1.);
#3310 = DIRECTION('',(0.773010453363,-2.332011898611E-16,0.634393284164)
  );
#3311 = PLANE('',#3312);
#3312 = AXIS2_PLACEMENT_3D('',#3313,#3314,#3315);
#3313 = CARTESIAN_POINT('',(20.494140466039,25.,-22.1459392246));
#3314 = DIRECTION('',(0.634393284164,-7.658764198873E-16,-0.773010453363
    ));
#3315 = DIRECTION('',(0.773010453363,-2.332011898611E-16,0.634393284164)
  );
#3316 = ADVANCED_FACE('',(#3317),#3335,.T.);
#3317 = FACE_BOUND('',#3318,.T.);
#3318 = EDGE_LOOP('',(#3319,#3327,#3333,#3334));
#3319 = ORIENTED_EDGE('',*,*,#3320,.F.);
#3320 = EDGE_CURVE('',#3321,#3273,#3323,.T.);
#3321 = VERTEX_POINT('',#3322);
#3322 = CARTESIAN_POINT('',(-9.983,25.,53.117));
#3323 = LINE('',#3324,#3325);
#3324 = CARTESIAN_POINT('',(-9.983,25.,36.287978644465));
#3325 = VECTOR('',#3326,1.);
#3326 = DIRECTION('',(-4.440892098501E-16,6.661338147751E-16,1.));
#3327 = ORIENTED_EDGE('',*,*,#3328,.T.);
#3328 = EDGE_CURVE('',#3321,#815,#3329,.T.);
#3329 = LINE('',#3330,#3331);
#3330 = CARTESIAN_POINT('',(-9.983,15.,53.117));
#3331 = VECTOR('',#3332,1.);
#3332 = DIRECTION('',(4.440892098501E-16,1.,-6.661338147751E-16));
#3333 = ORIENTED_EDGE('',*,*,#822,.T.);
#3334 = ORIENTED_EDGE('',*,*,#3280,.F.);
#3335 = PLANE('',#3336);
#3336 = AXIS2_PLACEMENT_3D('',#3337,#3338,#3339);
#3337 = CARTESIAN_POINT('',(-9.983,15.,53.117));
#3338 = DIRECTION('',(1.,-6.661338147751E-16,4.440892098501E-16));
#3339 = DIRECTION('',(-6.661338147751E-16,4.440892098501E-16,1.));
#3340 = ADVANCED_FACE('',(#3341),#3359,.T.);
#3341 = FACE_BOUND('',#3342,.T.);
#3342 = EDGE_LOOP('',(#3343,#3344,#3345,#3353));
#3343 = ORIENTED_EDGE('',*,*,#3298,.T.);
#3344 = ORIENTED_EDGE('',*,*,#358,.T.);
#3345 = ORIENTED_EDGE('',*,*,#3346,.F.);
#3346 = EDGE_CURVE('',#3347,#359,#3349,.T.);
#3347 = VERTEX_POINT('',#3348);
#3348 = CARTESIAN_POINT('',(21.045939224605,25.,-21.59414046603));
#3349 = LINE('',#3350,#3351);
#3350 = CARTESIAN_POINT('',(21.045939224605,25.,-21.59414046603));
#3351 = VECTOR('',#3352,1.);
#3352 = DIRECTION('',(4.440892098501E-16,1.,-6.661338147751E-16));
#3353 = ORIENTED_EDGE('',*,*,#3354,.F.);
#3354 = EDGE_CURVE('',#3299,#3347,#3355,.T.);
#3355 = LINE('',#3356,#3357);
#3356 = CARTESIAN_POINT('',(20.797213562373,25.,-21.89721356237));
#3357 = VECTOR('',#3358,1.);
#3358 = DIRECTION('',(0.634393284164,-7.930521700793E-17,0.773010453363)
  );
#3359 = PLANE('',#3360);
#3360 = AXIS2_PLACEMENT_3D('',#3361,#3362,#3363);
#3361 = CARTESIAN_POINT('',(20.797213562373,25.,-21.89721356237));
#3362 = DIRECTION('',(0.773010453363,-7.96655614458E-16,-0.634393284164)
  );
#3363 = DIRECTION('',(0.634393284164,-7.930521700793E-17,0.773010453363)
  );
#3364 = ADVANCED_FACE('',(#3365),#3383,.T.);
#3365 = FACE_BOUND('',#3366,.T.);
#3366 = EDGE_LOOP('',(#3367,#3375,#3381,#3382));
#3367 = ORIENTED_EDGE('',*,*,#3368,.F.);
#3368 = EDGE_CURVE('',#3369,#3321,#3371,.T.);
#3369 = VERTEX_POINT('',#3370);
#3370 = CARTESIAN_POINT('',(-9.948925826289,25.,52.858180954897));
#3371 = LINE('',#3372,#3373);
#3372 = CARTESIAN_POINT('',(-7.703086675481,25.,35.799338988626));
#3373 = VECTOR('',#3374,1.);
#3374 = DIRECTION('',(-0.13052619222,7.184002212138E-16,0.991444861374)
  );
#3375 = ORIENTED_EDGE('',*,*,#3376,.T.);
#3376 = EDGE_CURVE('',#3369,#807,#3377,.T.);
#3377 = LINE('',#3378,#3379);
#3378 = CARTESIAN_POINT('',(-9.948925826289,15.,52.858180954897));
#3379 = VECTOR('',#3380,1.);
#3380 = DIRECTION('',(4.440892098501E-16,1.,-6.661338147751E-16));
#3381 = ORIENTED_EDGE('',*,*,#814,.T.);
#3382 = ORIENTED_EDGE('',*,*,#3328,.F.);
#3383 = PLANE('',#3384);
#3384 = AXIS2_PLACEMENT_3D('',#3385,#3386,#3387);
#3385 = CARTESIAN_POINT('',(-9.948925826289,15.,52.858180954897));
#3386 = DIRECTION('',(0.991444861374,-6.024696740784E-16,0.13052619222)
  );
#3387 = DIRECTION('',(-0.13052619222,5.27237875449E-16,0.991444861374));
#3388 = ADVANCED_FACE('',(#3389),#3407,.T.);
#3389 = FACE_BOUND('',#3390,.T.);
#3390 = EDGE_LOOP('',(#3391,#3392,#3393,#3401));
#3391 = ORIENTED_EDGE('',*,*,#3346,.T.);
#3392 = ORIENTED_EDGE('',*,*,#366,.T.);
#3393 = ORIENTED_EDGE('',*,*,#3394,.F.);
#3394 = EDGE_CURVE('',#3395,#367,#3397,.T.);
#3395 = VERTEX_POINT('',#3396);
#3396 = CARTESIAN_POINT('',(21.230759065023,25.,-21.24836686473));
#3397 = LINE('',#3398,#3399);
#3398 = CARTESIAN_POINT('',(21.230759065023,25.,-21.24836686473));
#3399 = VECTOR('',#3400,1.);
#3400 = DIRECTION('',(4.440892098501E-16,1.,-6.661338147751E-16));
#3401 = ORIENTED_EDGE('',*,*,#3402,.F.);
#3402 = EDGE_CURVE('',#3347,#3395,#3403,.T.);
#3403 = LINE('',#3404,#3405);
#3404 = CARTESIAN_POINT('',(21.045939224605,25.,-21.59414046603));
#3405 = VECTOR('',#3406,1.);
#3406 = DIRECTION('',(0.471396736826,7.763841086E-17,0.881921264348));
#3407 = PLANE('',#3408);
#3408 = AXIS2_PLACEMENT_3D('',#3409,#3410,#3411);
#3409 = CARTESIAN_POINT('',(21.045939224605,25.,-21.59414046603));
#3410 = DIRECTION('',(0.881921264348,-7.968197805346E-16,-0.471396736826
    ));
#3411 = DIRECTION('',(0.471396736826,7.763841086E-17,0.881921264348));
#3412 = ADVANCED_FACE('',(#3413),#3431,.T.);
#3413 = FACE_BOUND('',#3414,.T.);
#3414 = EDGE_LOOP('',(#3415,#3423,#3429,#3430));
#3415 = ORIENTED_EDGE('',*,*,#3416,.F.);
#3416 = EDGE_CURVE('',#3417,#3369,#3419,.T.);
#3417 = VERTEX_POINT('',#3418);
#3418 = CARTESIAN_POINT('',(-9.849025403784,25.,52.617));
#3419 = LINE('',#3420,#3421);
#3420 = CARTESIAN_POINT('',(-3.266278002645,25.,36.724841946492));
#3421 = VECTOR('',#3422,1.);
#3422 = DIRECTION('',(-0.382683432365,7.853729804861E-16,0.923879532511)
  );
#3423 = ORIENTED_EDGE('',*,*,#3424,.T.);
#3424 = EDGE_CURVE('',#3417,#799,#3425,.T.);
#3425 = LINE('',#3426,#3427);
#3426 = CARTESIAN_POINT('',(-9.849025403784,15.,52.617));
#3427 = VECTOR('',#3428,1.);
#3428 = DIRECTION('',(4.440892098501E-16,1.,-6.661338147751E-16));
#3429 = ORIENTED_EDGE('',*,*,#806,.T.);
#3430 = ORIENTED_EDGE('',*,*,#3376,.F.);
#3431 = PLANE('',#3432);
#3432 = AXIS2_PLACEMENT_3D('',#3433,#3434,#3435);
#3433 = CARTESIAN_POINT('',(-9.849025403784,15.,52.617));
#3434 = DIRECTION('',(0.923879532511,-4.454818142827E-16,0.382683432365)
  );
#3435 = DIRECTION('',(-0.382683432365,6.652033062422E-16,0.923879532511)
  );
#3436 = ADVANCED_FACE('',(#3437),#3455,.T.);
#3437 = FACE_BOUND('',#3438,.T.);
#3438 = EDGE_LOOP('',(#3439,#3440,#3441,#3449));
#3439 = ORIENTED_EDGE('',*,*,#3394,.T.);
#3440 = ORIENTED_EDGE('',*,*,#374,.T.);
#3441 = ORIENTED_EDGE('',*,*,#3442,.F.);
#3442 = EDGE_CURVE('',#3443,#375,#3445,.T.);
#3443 = VERTEX_POINT('',#3444);
#3444 = CARTESIAN_POINT('',(21.344570560806,25.,-20.87318064403));
#3445 = LINE('',#3446,#3447);
#3446 = CARTESIAN_POINT('',(21.344570560806,25.,-20.87318064403));
#3447 = VECTOR('',#3448,1.);
#3448 = DIRECTION('',(4.440892098501E-16,1.,-6.661338147751E-16));
#3449 = ORIENTED_EDGE('',*,*,#3450,.F.);
#3450 = EDGE_CURVE('',#3395,#3443,#3451,.T.);
#3451 = LINE('',#3452,#3453);
#3452 = CARTESIAN_POINT('',(21.230759065023,25.,-21.24836686473));
#3453 = VECTOR('',#3454,1.);
#3454 = DIRECTION('',(0.290284677254,2.315984381387E-16,0.956940335732)
  );
#3455 = PLANE('',#3456);
#3456 = AXIS2_PLACEMENT_3D('',#3457,#3458,#3459);
#3457 = CARTESIAN_POINT('',(21.230759065023,25.,-21.24836686473));
#3458 = DIRECTION('',(0.956940335732,-7.66362609307E-16,-0.290284677254)
  );
#3459 = DIRECTION('',(0.290284677254,2.315984381387E-16,0.956940335732)
  );
#3460 = ADVANCED_FACE('',(#3461),#3479,.T.);
#3461 = FACE_BOUND('',#3462,.T.);
#3462 = EDGE_LOOP('',(#3463,#3471,#3477,#3478));
#3463 = ORIENTED_EDGE('',*,*,#3464,.F.);
#3464 = EDGE_CURVE('',#3465,#3417,#3467,.T.);
#3465 = VERTEX_POINT('',#3466);
#3466 = CARTESIAN_POINT('',(-9.690106781187,25.,52.409893218813));
#3467 = LINE('',#3468,#3469);
#3468 = CARTESIAN_POINT('',(6.246387186555E-02,25.,39.70009569333));
#3469 = VECTOR('',#3470,1.);
#3470 = DIRECTION('',(-0.608761429009,7.988238690284E-16,0.793353340291)
  );
#3471 = ORIENTED_EDGE('',*,*,#3472,.T.);
#3472 = EDGE_CURVE('',#3465,#791,#3473,.T.);
#3473 = LINE('',#3474,#3475);
#3474 = CARTESIAN_POINT('',(-9.690106781187,15.,52.409893218813));
#3475 = VECTOR('',#3476,1.);
#3476 = DIRECTION('',(4.440892098501E-16,1.,-6.661338147751E-16));
#3477 = ORIENTED_EDGE('',*,*,#798,.T.);
#3478 = ORIENTED_EDGE('',*,*,#3424,.F.);
#3479 = PLANE('',#3480);
#3480 = AXIS2_PLACEMENT_3D('',#3481,#3482,#3483);
#3481 = CARTESIAN_POINT('',(-9.690106781187,15.,52.409893218813));
#3482 = DIRECTION('',(0.793353340291,-2.581351050371E-16,0.608761429009)
  );
#3483 = DIRECTION('',(-0.608761429009,7.578362310154E-16,0.793353340291)
  );
#3484 = ADVANCED_FACE('',(#3485),#3503,.T.);
#3485 = FACE_BOUND('',#3486,.T.);
#3486 = EDGE_LOOP('',(#3487,#3488,#3489,#3497));
#3487 = ORIENTED_EDGE('',*,*,#3442,.T.);
#3488 = ORIENTED_EDGE('',*,*,#382,.T.);
#3489 = ORIENTED_EDGE('',*,*,#3490,.F.);
#3490 = EDGE_CURVE('',#3491,#383,#3493,.T.);
#3491 = VERTEX_POINT('',#3492);
#3492 = CARTESIAN_POINT('',(21.383,25.,-20.483));
#3493 = LINE('',#3494,#3495);
#3494 = CARTESIAN_POINT('',(21.383,25.,-20.483));
#3495 = VECTOR('',#3496,1.);
#3496 = DIRECTION('',(4.440892098501E-16,1.,-6.661338147751E-16));
#3497 = ORIENTED_EDGE('',*,*,#3498,.F.);
#3498 = EDGE_CURVE('',#3443,#3491,#3499,.T.);
#3499 = LINE('',#3500,#3501);
#3500 = CARTESIAN_POINT('',(21.344570560806,25.,-20.87318064403));
#3501 = VECTOR('',#3502,1.);
#3502 = DIRECTION('',(9.801714032956E-02,3.766582673216E-16,
    0.995184726672));
#3503 = PLANE('',#3504);
#3504 = AXIS2_PLACEMENT_3D('',#3505,#3506,#3507);
#3505 = CARTESIAN_POINT('',(21.344570560806,25.,-20.87318064403));
#3506 = DIRECTION('',(0.995184726672,-7.064545527848E-16,
    -9.801714032956E-02));
#3507 = DIRECTION('',(9.801714032956E-02,3.766582673216E-16,
    0.995184726672));
#3508 = ADVANCED_FACE('',(#3509),#3527,.T.);
#3509 = FACE_BOUND('',#3510,.T.);
#3510 = EDGE_LOOP('',(#3511,#3519,#3525,#3526));
#3511 = ORIENTED_EDGE('',*,*,#3512,.F.);
#3512 = EDGE_CURVE('',#3513,#3465,#3515,.T.);
#3513 = VERTEX_POINT('',#3514);
#3514 = CARTESIAN_POINT('',(-9.483,25.,52.250974596216));
#3515 = LINE('',#3516,#3517);
#3516 = CARTESIAN_POINT('',(1.420009354483,25.,43.884801268334));
#3517 = VECTOR('',#3518,1.);
#3518 = DIRECTION('',(-0.793353340291,7.578362310154E-16,0.608761429009)
  );
#3519 = ORIENTED_EDGE('',*,*,#3520,.T.);
#3520 = EDGE_CURVE('',#3513,#783,#3521,.T.);
#3521 = LINE('',#3522,#3523);
#3522 = CARTESIAN_POINT('',(-9.483,15.,52.250974596216));
#3523 = VECTOR('',#3524,1.);
#3524 = DIRECTION('',(4.440892098501E-16,1.,-6.661338147751E-16));
#3525 = ORIENTED_EDGE('',*,*,#790,.T.);
#3526 = ORIENTED_EDGE('',*,*,#3472,.F.);
#3527 = PLANE('',#3528);
#3528 = AXIS2_PLACEMENT_3D('',#3529,#3530,#3531);
#3529 = CARTESIAN_POINT('',(-9.483,15.,52.250974596216));
#3530 = DIRECTION('',(0.608761429009,-5.319691497168E-17,0.793353340291)
  );
#3531 = DIRECTION('',(-0.793353340291,7.988238690284E-16,0.608761429009)
  );
#3532 = ADVANCED_FACE('',(#3533),#3551,.T.);
#3533 = FACE_BOUND('',#3534,.T.);
#3534 = EDGE_LOOP('',(#3535,#3543,#3549,#3550));
#3535 = ORIENTED_EDGE('',*,*,#3536,.F.);
#3536 = EDGE_CURVE('',#3537,#3513,#3539,.T.);
#3537 = VERTEX_POINT('',#3538);
#3538 = CARTESIAN_POINT('',(-9.241819045103,25.,52.151074173711));
#3539 = LINE('',#3540,#3541);
#3540 = CARTESIAN_POINT('',(0.481578330638,25.,48.123511108336));
#3541 = VECTOR('',#3542,1.);
#3542 = DIRECTION('',(-0.923879532511,6.652033062422E-16,0.382683432365)
  );
#3543 = ORIENTED_EDGE('',*,*,#3544,.T.);
#3544 = EDGE_CURVE('',#3537,#775,#3545,.T.);
#3545 = LINE('',#3546,#3547);
#3546 = CARTESIAN_POINT('',(-9.241819045103,15.,52.151074173711));
#3547 = VECTOR('',#3548,1.);
#3548 = DIRECTION('',(4.440892098501E-16,1.,-6.661338147751E-16));
#3549 = ORIENTED_EDGE('',*,*,#782,.T.);
#3550 = ORIENTED_EDGE('',*,*,#3520,.F.);
#3551 = PLANE('',#3552);
#3552 = AXIS2_PLACEMENT_3D('',#3553,#3554,#3555);
#3553 = CARTESIAN_POINT('',(-9.241819045103,15.,52.151074173711));
#3554 = DIRECTION('',(0.382683432365,1.55366556937E-16,0.923879532511));
#3555 = DIRECTION('',(-0.923879532511,7.853729804861E-16,0.382683432365)
  );
#3556 = ADVANCED_FACE('',(#3557),#3582,.T.);
#3557 = FACE_BOUND('',#3558,.T.);
#3558 = EDGE_LOOP('',(#3559,#3567,#3568,#3576));
#3559 = ORIENTED_EDGE('',*,*,#3560,.T.);
#3560 = EDGE_CURVE('',#3561,#487,#3563,.T.);
#3561 = VERTEX_POINT('',#3562);
#3562 = CARTESIAN_POINT('',(21.383,25.,40.317));
#3563 = LINE('',#3564,#3565);
#3564 = CARTESIAN_POINT('',(21.383,25.,40.317));
#3565 = VECTOR('',#3566,1.);
#3566 = DIRECTION('',(4.440892098501E-16,1.,-6.661338147751E-16));
#3567 = ORIENTED_EDGE('',*,*,#494,.T.);
#3568 = ORIENTED_EDGE('',*,*,#3569,.F.);
#3569 = EDGE_CURVE('',#3570,#495,#3572,.T.);
#3570 = VERTEX_POINT('',#3571);
#3571 = CARTESIAN_POINT('',(25.233,25.,40.317));
#3572 = LINE('',#3573,#3574);
#3573 = CARTESIAN_POINT('',(25.233,25.,40.317));
#3574 = VECTOR('',#3575,1.);
#3575 = DIRECTION('',(4.440892098501E-16,1.,-6.661338147751E-16));
#3576 = ORIENTED_EDGE('',*,*,#3577,.F.);
#3577 = EDGE_CURVE('',#3561,#3570,#3578,.T.);
#3578 = LINE('',#3579,#3580);
#3579 = CARTESIAN_POINT('',(21.383,25.,40.317));
#3580 = VECTOR('',#3581,1.);
#3581 = DIRECTION('',(1.,-6.661338147751E-16,4.440892098501E-16));
#3582 = PLANE('',#3583);
#3583 = AXIS2_PLACEMENT_3D('',#3584,#3585,#3586);
#3584 = CARTESIAN_POINT('',(21.383,25.,40.317));
#3585 = DIRECTION('',(6.661338147751E-16,-4.440892098501E-16,-1.));
#3586 = DIRECTION('',(1.,-6.661338147751E-16,4.440892098501E-16));
#3587 = ADVANCED_FACE('',(#3588),#3606,.T.);
#3588 = FACE_BOUND('',#3589,.T.);
#3589 = EDGE_LOOP('',(#3590,#3598,#3604,#3605));
#3590 = ORIENTED_EDGE('',*,*,#3591,.F.);
#3591 = EDGE_CURVE('',#3592,#3537,#3594,.T.);
#3592 = VERTEX_POINT('',#3593);
#3593 = CARTESIAN_POINT('',(-8.983,25.,52.117));
#3594 = LINE('',#3595,#3596);
#3595 = CARTESIAN_POINT('',(-2.454891218262,25.,51.257558174362));
#3596 = VECTOR('',#3597,1.);
#3597 = DIRECTION('',(-0.991444861374,5.27237875449E-16,0.13052619222));
#3598 = ORIENTED_EDGE('',*,*,#3599,.T.);
#3599 = EDGE_CURVE('',#3592,#767,#3600,.T.);
#3600 = LINE('',#3601,#3602);
#3601 = CARTESIAN_POINT('',(-8.983,15.,52.117));
#3602 = VECTOR('',#3603,1.);
#3603 = DIRECTION('',(4.440892098501E-16,1.,-6.661338147751E-16));
#3604 = ORIENTED_EDGE('',*,*,#774,.T.);
#3605 = ORIENTED_EDGE('',*,*,#3544,.F.);
#3606 = PLANE('',#3607);
#3607 = AXIS2_PLACEMENT_3D('',#3608,#3609,#3610);
#3608 = CARTESIAN_POINT('',(-8.983,15.,52.117));
#3609 = DIRECTION('',(0.13052619222,3.533420547458E-16,0.991444861374));
#3610 = DIRECTION('',(-0.991444861374,7.184002212138E-16,0.13052619222)
  );
#3611 = ADVANCED_FACE('',(#3612),#3630,.T.);
#3612 = FACE_BOUND('',#3613,.T.);
#3613 = EDGE_LOOP('',(#3614,#3615,#3616,#3624));
#3614 = ORIENTED_EDGE('',*,*,#3569,.T.);
#3615 = ORIENTED_EDGE('',*,*,#502,.T.);
#3616 = ORIENTED_EDGE('',*,*,#3617,.F.);
#3617 = EDGE_CURVE('',#3618,#503,#3620,.T.);
#3618 = VERTEX_POINT('',#3619);
#3619 = CARTESIAN_POINT('',(25.623180644032,25.,40.355429439194));
#3620 = LINE('',#3621,#3622);
#3621 = CARTESIAN_POINT('',(25.623180644032,25.,40.355429439194));
#3622 = VECTOR('',#3623,1.);
#3623 = DIRECTION('',(4.440892098501E-16,1.,-6.661338147751E-16));
#3624 = ORIENTED_EDGE('',*,*,#3625,.F.);
#3625 = EDGE_CURVE('',#3570,#3618,#3626,.T.);
#3626 = LINE('',#3627,#3628);
#3627 = CARTESIAN_POINT('',(25.233,25.,40.317));
#3628 = VECTOR('',#3629,1.);
#3629 = DIRECTION('',(0.995184726672,-6.193978439833E-16,
    9.801714032957E-02));
#3630 = PLANE('',#3631);
#3631 = AXIS2_PLACEMENT_3D('',#3632,#3633,#3634);
#3632 = CARTESIAN_POINT('',(25.233,25.,40.317));
#3633 = DIRECTION('',(9.801714032957E-02,-5.072433305238E-16,
    -0.995184726672));
#3634 = DIRECTION('',(0.995184726672,-6.193978439833E-16,
    9.801714032957E-02));
#3635 = ADVANCED_FACE('',(#3636),#3654,.T.);
#3636 = FACE_BOUND('',#3637,.T.);
#3637 = EDGE_LOOP('',(#3638,#3646,#3652,#3653));
#3638 = ORIENTED_EDGE('',*,*,#3639,.F.);
#3639 = EDGE_CURVE('',#3640,#3592,#3642,.T.);
#3640 = VERTEX_POINT('',#3641);
#3641 = CARTESIAN_POINT('',(0.983,25.,52.117));
#3642 = LINE('',#3643,#3644);
#3643 = CARTESIAN_POINT('',(0.4915,25.,52.117));
#3644 = VECTOR('',#3645,1.);
#3645 = DIRECTION('',(-1.,4.440892098501E-16,-6.661338147751E-16));
#3646 = ORIENTED_EDGE('',*,*,#3647,.T.);
#3647 = EDGE_CURVE('',#3640,#759,#3648,.T.);
#3648 = LINE('',#3649,#3650);
#3649 = CARTESIAN_POINT('',(0.983,15.,52.117));
#3650 = VECTOR('',#3651,1.);
#3651 = DIRECTION('',(4.440892098501E-16,1.,-6.661338147751E-16));
#3652 = ORIENTED_EDGE('',*,*,#766,.T.);
#3653 = ORIENTED_EDGE('',*,*,#3599,.F.);
#3654 = PLANE('',#3655);
#3655 = AXIS2_PLACEMENT_3D('',#3656,#3657,#3658);
#3656 = CARTESIAN_POINT('',(0.983,15.,52.117));
#3657 = DIRECTION('',(-6.661338147751E-16,4.440892098501E-16,1.));
#3658 = DIRECTION('',(-1.,6.661338147751E-16,-4.440892098501E-16));
#3659 = ADVANCED_FACE('',(#3660),#3678,.T.);
#3660 = FACE_BOUND('',#3661,.T.);
#3661 = EDGE_LOOP('',(#3662,#3663,#3664,#3672));
#3662 = ORIENTED_EDGE('',*,*,#3617,.T.);
#3663 = ORIENTED_EDGE('',*,*,#510,.T.);
#3664 = ORIENTED_EDGE('',*,*,#3665,.F.);
#3665 = EDGE_CURVE('',#3666,#511,#3668,.T.);
#3666 = VERTEX_POINT('',#3667);
#3667 = CARTESIAN_POINT('',(25.99836686473,25.,40.469240934977));
#3668 = LINE('',#3669,#3670);
#3669 = CARTESIAN_POINT('',(25.99836686473,25.,40.469240934977));
#3670 = VECTOR('',#3671,1.);
#3671 = DIRECTION('',(4.440892098501E-16,1.,-6.661338147751E-16));
#3672 = ORIENTED_EDGE('',*,*,#3673,.F.);
#3673 = EDGE_CURVE('',#3618,#3666,#3674,.T.);
#3674 = LINE('',#3675,#3676);
#3675 = CARTESIAN_POINT('',(25.623180644032,25.,40.355429439194));
#3676 = VECTOR('',#3677,1.);
#3677 = DIRECTION('',(0.956940335732,-5.085380233999E-16,0.290284677254)
  );
#3678 = PLANE('',#3679);
#3679 = AXIS2_PLACEMENT_3D('',#3680,#3681,#3682);
#3680 = CARTESIAN_POINT('',(25.623180644032,25.,40.355429439194));
#3681 = DIRECTION('',(0.290284677254,-6.183353169992E-16,-0.956940335732
    ));
#3682 = DIRECTION('',(0.956940335732,-5.085380233999E-16,0.290284677254)
  );
#3683 = ADVANCED_FACE('',(#3684),#3702,.T.);
#3684 = FACE_BOUND('',#3685,.T.);
#3685 = EDGE_LOOP('',(#3686,#3694,#3700,#3701));
#3686 = ORIENTED_EDGE('',*,*,#3687,.F.);
#3687 = EDGE_CURVE('',#3688,#3640,#3690,.T.);
#3688 = VERTEX_POINT('',#3689);
#3689 = CARTESIAN_POINT('',(1.241819045102,25.,52.151074173711));
#3690 = LINE('',#3691,#3692);
#3691 = CARTESIAN_POINT('',(-1.483847606609,25.,51.792233351422));
#3692 = VECTOR('',#3693,1.);
#3693 = DIRECTION('',(-0.991444861374,3.533420547458E-16,-0.13052619222)
  );
#3694 = ORIENTED_EDGE('',*,*,#3695,.T.);
#3695 = EDGE_CURVE('',#3688,#751,#3696,.T.);
#3696 = LINE('',#3697,#3698);
#3697 = CARTESIAN_POINT('',(1.241819045102,15.,52.151074173711));
#3698 = VECTOR('',#3699,1.);
#3699 = DIRECTION('',(4.440892098501E-16,1.,-6.661338147751E-16));
#3700 = ORIENTED_EDGE('',*,*,#758,.T.);
#3701 = ORIENTED_EDGE('',*,*,#3647,.F.);
#3702 = PLANE('',#3703);
#3703 = AXIS2_PLACEMENT_3D('',#3704,#3705,#3706);
#3704 = CARTESIAN_POINT('',(1.241819045102,15.,52.151074173711));
#3705 = DIRECTION('',(-0.13052619222,5.27237875449E-16,0.991444861374));
#3706 = DIRECTION('',(-0.991444861374,6.024696740784E-16,-0.13052619222)
  );
#3707 = ADVANCED_FACE('',(#3708),#3726,.T.);
#3708 = FACE_BOUND('',#3709,.T.);
#3709 = EDGE_LOOP('',(#3710,#3711,#3712,#3720));
#3710 = ORIENTED_EDGE('',*,*,#3665,.T.);
#3711 = ORIENTED_EDGE('',*,*,#518,.T.);
#3712 = ORIENTED_EDGE('',*,*,#3713,.F.);
#3713 = EDGE_CURVE('',#3714,#519,#3716,.T.);
#3714 = VERTEX_POINT('',#3715);
#3715 = CARTESIAN_POINT('',(26.344140466039,25.,40.654060775395));
#3716 = LINE('',#3717,#3718);
#3717 = CARTESIAN_POINT('',(26.344140466039,25.,40.654060775395));
#3718 = VECTOR('',#3719,1.);
#3719 = DIRECTION('',(4.440892098501E-16,1.,-6.661338147751E-16));
#3720 = ORIENTED_EDGE('',*,*,#3721,.F.);
#3721 = EDGE_CURVE('',#3666,#3714,#3722,.T.);
#3722 = LINE('',#3723,#3724);
#3723 = CARTESIAN_POINT('',(25.99836686473,25.,40.469240934977));
#3724 = VECTOR('',#3725,1.);
#3725 = DIRECTION('',(0.881921264348,-3.781353717687E-16,0.471396736826)
  );
#3726 = PLANE('',#3727);
#3727 = AXIS2_PLACEMENT_3D('',#3728,#3729,#3730);
#3728 = CARTESIAN_POINT('',(25.99836686473,25.,40.469240934977));
#3729 = DIRECTION('',(0.471396736826,-7.056650240089E-16,-0.881921264348
    ));
#3730 = DIRECTION('',(0.881921264348,-3.781353717687E-16,0.471396736826)
  );
#3731 = ADVANCED_FACE('',(#3732),#3750,.T.);
#3732 = FACE_BOUND('',#3733,.T.);
#3733 = EDGE_LOOP('',(#3734,#3742,#3748,#3749));
#3734 = ORIENTED_EDGE('',*,*,#3735,.F.);
#3735 = EDGE_CURVE('',#3736,#3688,#3738,.T.);
#3736 = VERTEX_POINT('',#3737);
#3737 = CARTESIAN_POINT('',(1.483,25.,52.250974596216));
#3738 = LINE('',#3739,#3740);
#3739 = CARTESIAN_POINT('',(-4.946774290817,25.,49.587674881962));
#3740 = VECTOR('',#3741,1.);
#3741 = DIRECTION('',(-0.923879532511,1.55366556937E-16,-0.382683432365)
  );
#3742 = ORIENTED_EDGE('',*,*,#3743,.T.);
#3743 = EDGE_CURVE('',#3736,#743,#3744,.T.);
#3744 = LINE('',#3745,#3746);
#3745 = CARTESIAN_POINT('',(1.483,15.,52.250974596216));
#3746 = VECTOR('',#3747,1.);
#3747 = DIRECTION('',(4.440892098501E-16,1.,-6.661338147751E-16));
#3748 = ORIENTED_EDGE('',*,*,#750,.T.);
#3749 = ORIENTED_EDGE('',*,*,#3695,.F.);
#3750 = PLANE('',#3751);
#3751 = AXIS2_PLACEMENT_3D('',#3752,#3753,#3754);
#3752 = CARTESIAN_POINT('',(1.483,15.,52.250974596216));
#3753 = DIRECTION('',(-0.382683432365,6.652033062422E-16,0.923879532511)
  );
#3754 = DIRECTION('',(-0.923879532511,4.454818142827E-16,-0.382683432365
    ));
#3755 = ADVANCED_FACE('',(#3756),#3774,.T.);
#3756 = FACE_BOUND('',#3757,.T.);
#3757 = EDGE_LOOP('',(#3758,#3759,#3760,#3768));
#3758 = ORIENTED_EDGE('',*,*,#3713,.T.);
#3759 = ORIENTED_EDGE('',*,*,#526,.T.);
#3760 = ORIENTED_EDGE('',*,*,#3761,.F.);
#3761 = EDGE_CURVE('',#3762,#527,#3764,.T.);
#3762 = VERTEX_POINT('',#3763);
#3763 = CARTESIAN_POINT('',(26.647213562373,25.,40.902786437627));
#3764 = LINE('',#3765,#3766);
#3765 = CARTESIAN_POINT('',(26.647213562373,25.,40.902786437627));
#3766 = VECTOR('',#3767,1.);
#3767 = DIRECTION('',(4.440892098501E-16,1.,-6.661338147751E-16));
#3768 = ORIENTED_EDGE('',*,*,#3769,.F.);
#3769 = EDGE_CURVE('',#3714,#3762,#3770,.T.);
#3770 = LINE('',#3771,#3772);
#3771 = CARTESIAN_POINT('',(26.344140466039,25.,40.654060775395));
#3772 = VECTOR('',#3773,1.);
#3773 = DIRECTION('',(0.773010453363,-2.332011898611E-16,0.634393284164)
  );
#3774 = PLANE('',#3775);
#3775 = AXIS2_PLACEMENT_3D('',#3776,#3777,#3778);
#3776 = CARTESIAN_POINT('',(26.344140466039,25.,40.654060775395));
#3777 = DIRECTION('',(0.634393284164,-7.658764198873E-16,-0.773010453363
    ));
#3778 = DIRECTION('',(0.773010453363,-2.332011898611E-16,0.634393284164)
  );
#3779 = ADVANCED_FACE('',(#3780),#3798,.T.);
#3780 = FACE_BOUND('',#3781,.T.);
#3781 = EDGE_LOOP('',(#3782,#3790,#3796,#3797));
#3782 = ORIENTED_EDGE('',*,*,#3783,.F.);
#3783 = EDGE_CURVE('',#3784,#3736,#3786,.T.);
#3784 = VERTEX_POINT('',#3785);
#3785 = CARTESIAN_POINT('',(1.690106781187,25.,52.409893218813));
#3786 = LINE('',#3787,#3788);
#3787 = CARTESIAN_POINT('',(-6.798817873685,25.,45.896112232211));
#3788 = VECTOR('',#3789,1.);
#3789 = DIRECTION('',(-0.793353340291,-5.319691497168E-17,
    -0.608761429009));
#3790 = ORIENTED_EDGE('',*,*,#3791,.T.);
#3791 = EDGE_CURVE('',#3784,#735,#3792,.T.);
#3792 = LINE('',#3793,#3794);
#3793 = CARTESIAN_POINT('',(1.690106781187,15.,52.409893218813));
#3794 = VECTOR('',#3795,1.);
#3795 = DIRECTION('',(4.440892098501E-16,1.,-6.661338147751E-16));
#3796 = ORIENTED_EDGE('',*,*,#742,.T.);
#3797 = ORIENTED_EDGE('',*,*,#3743,.F.);
#3798 = PLANE('',#3799);
#3799 = AXIS2_PLACEMENT_3D('',#3800,#3801,#3802);
#3800 = CARTESIAN_POINT('',(1.690106781187,15.,52.409893218813));
#3801 = DIRECTION('',(-0.608761429009,7.578362310154E-16,0.793353340291)
  );
#3802 = DIRECTION('',(-0.793353340291,2.581351050371E-16,-0.608761429009
    ));
#3803 = ADVANCED_FACE('',(#3804),#3822,.T.);
#3804 = FACE_BOUND('',#3805,.T.);
#3805 = EDGE_LOOP('',(#3806,#3807,#3808,#3816));
#3806 = ORIENTED_EDGE('',*,*,#3761,.T.);
#3807 = ORIENTED_EDGE('',*,*,#534,.T.);
#3808 = ORIENTED_EDGE('',*,*,#3809,.F.);
#3809 = EDGE_CURVE('',#3810,#535,#3812,.T.);
#3810 = VERTEX_POINT('',#3811);
#3811 = CARTESIAN_POINT('',(26.895939224605,25.,41.205859533961));
#3812 = LINE('',#3813,#3814);
#3813 = CARTESIAN_POINT('',(26.895939224605,25.,41.205859533961));
#3814 = VECTOR('',#3815,1.);
#3815 = DIRECTION('',(4.440892098501E-16,1.,-6.661338147751E-16));
#3816 = ORIENTED_EDGE('',*,*,#3817,.F.);
#3817 = EDGE_CURVE('',#3762,#3810,#3818,.T.);
#3818 = LINE('',#3819,#3820);
#3819 = CARTESIAN_POINT('',(26.647213562373,25.,40.902786437627));
#3820 = VECTOR('',#3821,1.);
#3821 = DIRECTION('',(0.634393284164,-7.930521700793E-17,0.773010453363)
  );
#3822 = PLANE('',#3823);
#3823 = AXIS2_PLACEMENT_3D('',#3824,#3825,#3826);
#3824 = CARTESIAN_POINT('',(26.647213562373,25.,40.902786437627));
#3825 = DIRECTION('',(0.773010453363,-7.96655614458E-16,-0.634393284164)
  );
#3826 = DIRECTION('',(0.634393284164,-7.930521700793E-17,0.773010453363)
  );
#3827 = ADVANCED_FACE('',(#3828),#3846,.T.);
#3828 = FACE_BOUND('',#3829,.T.);
#3829 = EDGE_LOOP('',(#3830,#3838,#3844,#3845));
#3830 = ORIENTED_EDGE('',*,*,#3831,.F.);
#3831 = EDGE_CURVE('',#3832,#3784,#3834,.T.);
#3832 = VERTEX_POINT('',#3833);
#3833 = CARTESIAN_POINT('',(1.849025403784,25.,52.617));
#3834 = LINE('',#3835,#3836);
#3835 = CARTESIAN_POINT('',(-6.500642650772,25.,41.735500736501));
#3836 = VECTOR('',#3837,1.);
#3837 = DIRECTION('',(-0.608761429009,-2.581351050371E-16,
    -0.793353340291));
#3838 = ORIENTED_EDGE('',*,*,#3839,.T.);
#3839 = EDGE_CURVE('',#3832,#727,#3840,.T.);
#3840 = LINE('',#3841,#3842);
#3841 = CARTESIAN_POINT('',(1.849025403784,15.,52.617));
#3842 = VECTOR('',#3843,1.);
#3843 = DIRECTION('',(4.440892098501E-16,1.,-6.661338147751E-16));
#3844 = ORIENTED_EDGE('',*,*,#734,.T.);
#3845 = ORIENTED_EDGE('',*,*,#3791,.F.);
#3846 = PLANE('',#3847);
#3847 = AXIS2_PLACEMENT_3D('',#3848,#3849,#3850);
#3848 = CARTESIAN_POINT('',(1.849025403784,15.,52.617));
#3849 = DIRECTION('',(-0.793353340291,7.988238690284E-16,0.608761429009)
  );
#3850 = DIRECTION('',(-0.608761429009,5.319691497168E-17,-0.793353340291
    ));
#3851 = ADVANCED_FACE('',(#3852),#3870,.T.);
#3852 = FACE_BOUND('',#3853,.T.);
#3853 = EDGE_LOOP('',(#3854,#3855,#3856,#3864));
#3854 = ORIENTED_EDGE('',*,*,#3809,.T.);
#3855 = ORIENTED_EDGE('',*,*,#542,.T.);
#3856 = ORIENTED_EDGE('',*,*,#3857,.F.);
#3857 = EDGE_CURVE('',#3858,#543,#3860,.T.);
#3858 = VERTEX_POINT('',#3859);
#3859 = CARTESIAN_POINT('',(27.080759065023,25.,41.55163313527));
#3860 = LINE('',#3861,#3862);
#3861 = CARTESIAN_POINT('',(27.080759065023,25.,41.55163313527));
#3862 = VECTOR('',#3863,1.);
#3863 = DIRECTION('',(4.440892098501E-16,1.,-6.661338147751E-16));
#3864 = ORIENTED_EDGE('',*,*,#3865,.F.);
#3865 = EDGE_CURVE('',#3810,#3858,#3866,.T.);
#3866 = LINE('',#3867,#3868);
#3867 = CARTESIAN_POINT('',(26.895939224605,25.,41.205859533961));
#3868 = VECTOR('',#3869,1.);
#3869 = DIRECTION('',(0.471396736826,7.763841086E-17,0.881921264348));
#3870 = PLANE('',#3871);
#3871 = AXIS2_PLACEMENT_3D('',#3872,#3873,#3874);
#3872 = CARTESIAN_POINT('',(26.895939224605,25.,41.205859533961));
#3873 = DIRECTION('',(0.881921264348,-7.968197805346E-16,-0.471396736826
    ));
#3874 = DIRECTION('',(0.471396736826,7.763841086E-17,0.881921264348));
#3875 = ADVANCED_FACE('',(#3876),#3894,.T.);
#3876 = FACE_BOUND('',#3877,.T.);
#3877 = EDGE_LOOP('',(#3878,#3886,#3892,#3893));
#3878 = ORIENTED_EDGE('',*,*,#3879,.F.);
#3879 = EDGE_CURVE('',#3880,#3832,#3882,.T.);
#3880 = VERTEX_POINT('',#3881);
#3881 = CARTESIAN_POINT('',(1.948925826289,25.,52.858180954897));
#3882 = LINE('',#3883,#3884);
#3883 = CARTESIAN_POINT('',(-4.097985348476,25.,38.259645986313));
#3884 = VECTOR('',#3885,1.);
#3885 = DIRECTION('',(-0.382683432365,-4.454818142827E-16,
    -0.923879532511));
#3886 = ORIENTED_EDGE('',*,*,#3887,.T.);
#3887 = EDGE_CURVE('',#3880,#719,#3888,.T.);
#3888 = LINE('',#3889,#3890);
#3889 = CARTESIAN_POINT('',(1.948925826289,15.,52.858180954897));
#3890 = VECTOR('',#3891,1.);
#3891 = DIRECTION('',(4.440892098501E-16,1.,-6.661338147751E-16));
#3892 = ORIENTED_EDGE('',*,*,#726,.T.);
#3893 = ORIENTED_EDGE('',*,*,#3839,.F.);
#3894 = PLANE('',#3895);
#3895 = AXIS2_PLACEMENT_3D('',#3896,#3897,#3898);
#3896 = CARTESIAN_POINT('',(1.948925826289,15.,52.858180954897));
#3897 = DIRECTION('',(-0.923879532511,7.853729804861E-16,0.382683432365)
  );
#3898 = DIRECTION('',(-0.382683432365,-1.55366556937E-16,-0.923879532511
    ));
#3899 = ADVANCED_FACE('',(#3900),#3918,.T.);
#3900 = FACE_BOUND('',#3901,.T.);
#3901 = EDGE_LOOP('',(#3902,#3903,#3904,#3912));
#3902 = ORIENTED_EDGE('',*,*,#3857,.T.);
#3903 = ORIENTED_EDGE('',*,*,#550,.T.);
#3904 = ORIENTED_EDGE('',*,*,#3905,.F.);
#3905 = EDGE_CURVE('',#3906,#551,#3908,.T.);
#3906 = VERTEX_POINT('',#3907);
#3907 = CARTESIAN_POINT('',(27.194570560806,25.,41.926819355968));
#3908 = LINE('',#3909,#3910);
#3909 = CARTESIAN_POINT('',(27.194570560806,25.,41.926819355968));
#3910 = VECTOR('',#3911,1.);
#3911 = DIRECTION('',(4.440892098501E-16,1.,-6.661338147751E-16));
#3912 = ORIENTED_EDGE('',*,*,#3913,.F.);
#3913 = EDGE_CURVE('',#3858,#3906,#3914,.T.);
#3914 = LINE('',#3915,#3916);
#3915 = CARTESIAN_POINT('',(27.080759065023,25.,41.55163313527));
#3916 = VECTOR('',#3917,1.);
#3917 = DIRECTION('',(0.290284677254,2.315984381387E-16,0.956940335732)
  );
#3918 = PLANE('',#3919);
#3919 = AXIS2_PLACEMENT_3D('',#3920,#3921,#3922);
#3920 = CARTESIAN_POINT('',(27.080759065023,25.,41.55163313527));
#3921 = DIRECTION('',(0.956940335732,-7.66362609307E-16,-0.290284677254)
  );
#3922 = DIRECTION('',(0.290284677254,2.315984381387E-16,0.956940335732)
  );
#3923 = ADVANCED_FACE('',(#3924),#3942,.T.);
#3924 = FACE_BOUND('',#3925,.T.);
#3925 = EDGE_LOOP('',(#3926,#3934,#3940,#3941));
#3926 = ORIENTED_EDGE('',*,*,#3927,.F.);
#3927 = EDGE_CURVE('',#3928,#3880,#3930,.T.);
#3928 = VERTEX_POINT('',#3929);
#3929 = CARTESIAN_POINT('',(1.983,25.,53.117));
#3930 = LINE('',#3931,#3932);
#3931 = CARTESIAN_POINT('',(-0.211727890242,25.,36.446386601383));
#3932 = VECTOR('',#3933,1.);
#3933 = DIRECTION('',(-0.13052619222,-6.024696740784E-16,-0.991444861374
    ));
#3934 = ORIENTED_EDGE('',*,*,#3935,.T.);
#3935 = EDGE_CURVE('',#3928,#711,#3936,.T.);
#3936 = LINE('',#3937,#3938);
#3937 = CARTESIAN_POINT('',(1.983,15.,53.117));
#3938 = VECTOR('',#3939,1.);
#3939 = DIRECTION('',(4.440892098501E-16,1.,-6.661338147751E-16));
#3940 = ORIENTED_EDGE('',*,*,#718,.T.);
#3941 = ORIENTED_EDGE('',*,*,#3887,.F.);
#3942 = PLANE('',#3943);
#3943 = AXIS2_PLACEMENT_3D('',#3944,#3945,#3946);
#3944 = CARTESIAN_POINT('',(1.983,15.,53.117));
#3945 = DIRECTION('',(-0.991444861374,7.184002212138E-16,0.13052619222)
  );
#3946 = DIRECTION('',(-0.13052619222,-3.533420547458E-16,-0.991444861374
    ));
#3947 = ADVANCED_FACE('',(#3948),#3966,.T.);
#3948 = FACE_BOUND('',#3949,.T.);
#3949 = EDGE_LOOP('',(#3950,#3951,#3952,#3960));
#3950 = ORIENTED_EDGE('',*,*,#3905,.T.);
#3951 = ORIENTED_EDGE('',*,*,#558,.T.);
#3952 = ORIENTED_EDGE('',*,*,#3953,.F.);
#3953 = EDGE_CURVE('',#3954,#559,#3956,.T.);
#3954 = VERTEX_POINT('',#3955);
#3955 = CARTESIAN_POINT('',(27.233,25.,42.317));
#3956 = LINE('',#3957,#3958);
#3957 = CARTESIAN_POINT('',(27.233,25.,42.317));
#3958 = VECTOR('',#3959,1.);
#3959 = DIRECTION('',(4.440892098501E-16,1.,-6.661338147751E-16));
#3960 = ORIENTED_EDGE('',*,*,#3961,.F.);
#3961 = EDGE_CURVE('',#3906,#3954,#3962,.T.);
#3962 = LINE('',#3963,#3964);
#3963 = CARTESIAN_POINT('',(27.194570560806,25.,41.926819355968));
#3964 = VECTOR('',#3965,1.);
#3965 = DIRECTION('',(9.801714032956E-02,3.766582673216E-16,
    0.995184726672));
#3966 = PLANE('',#3967);
#3967 = AXIS2_PLACEMENT_3D('',#3968,#3969,#3970);
#3968 = CARTESIAN_POINT('',(27.194570560806,25.,41.926819355968));
#3969 = DIRECTION('',(0.995184726672,-7.064545527848E-16,
    -9.801714032956E-02));
#3970 = DIRECTION('',(9.801714032956E-02,3.766582673216E-16,
    0.995184726672));
#3971 = ADVANCED_FACE('',(#3972),#3990,.T.);
#3972 = FACE_BOUND('',#3973,.T.);
#3973 = EDGE_LOOP('',(#3974,#3982,#3988,#3989));
#3974 = ORIENTED_EDGE('',*,*,#3975,.F.);
#3975 = EDGE_CURVE('',#3976,#3928,#3978,.T.);
#3976 = VERTEX_POINT('',#3977);
#3977 = CARTESIAN_POINT('',(1.983,25.,55.7442108));
#3978 = LINE('',#3979,#3980);
#3979 = CARTESIAN_POINT('',(1.983,25.,37.601584044465));
#3980 = VECTOR('',#3981,1.);
#3981 = DIRECTION('',(5.286064495497E-16,-6.661338147751E-16,-1.));
#3982 = ORIENTED_EDGE('',*,*,#3983,.T.);
#3983 = EDGE_CURVE('',#3976,#703,#3984,.T.);
#3984 = LINE('',#3985,#3986);
#3985 = CARTESIAN_POINT('',(1.983,15.,55.7442108));
#3986 = VECTOR('',#3987,1.);
#3987 = DIRECTION('',(4.440892098501E-16,1.,-6.661338147751E-16));
#3988 = ORIENTED_EDGE('',*,*,#710,.T.);
#3989 = ORIENTED_EDGE('',*,*,#3935,.F.);
#3990 = PLANE('',#3991);
#3991 = AXIS2_PLACEMENT_3D('',#3992,#3993,#3994);
#3992 = CARTESIAN_POINT('',(1.983,15.,55.7442108));
#3993 = DIRECTION('',(-1.,6.661338147751E-16,-5.286064495497E-16));
#3994 = DIRECTION('',(7.506510544747E-16,-4.440892098501E-16,-1.));
#3995 = ADVANCED_FACE('',(#3996),#4014,.T.);
#3996 = FACE_BOUND('',#3997,.T.);
#3997 = EDGE_LOOP('',(#3998,#3999,#4000,#4008));
#3998 = ORIENTED_EDGE('',*,*,#3953,.T.);
#3999 = ORIENTED_EDGE('',*,*,#566,.T.);
#4000 = ORIENTED_EDGE('',*,*,#4001,.F.);
#4001 = EDGE_CURVE('',#4002,#567,#4004,.T.);
#4002 = VERTEX_POINT('',#4003);
#4003 = CARTESIAN_POINT('',(27.233,25.,53.7887908));
#4004 = LINE('',#4005,#4006);
#4005 = CARTESIAN_POINT('',(27.233,25.,53.7887908));
#4006 = VECTOR('',#4007,1.);
#4007 = DIRECTION('',(4.440892098501E-16,1.,-6.661338147751E-16));
#4008 = ORIENTED_EDGE('',*,*,#4009,.F.);
#4009 = EDGE_CURVE('',#3954,#4002,#4010,.T.);
#4010 = LINE('',#4011,#4012);
#4011 = CARTESIAN_POINT('',(27.233,25.,42.317));
#4012 = VECTOR('',#4013,1.);
#4013 = DIRECTION('',(-6.661338147751E-16,4.440892098501E-16,1.));
#4014 = PLANE('',#4015);
#4015 = AXIS2_PLACEMENT_3D('',#4016,#4017,#4018);
#4016 = CARTESIAN_POINT('',(27.233,25.,42.317));
#4017 = DIRECTION('',(1.,-6.661338147751E-16,4.440892098501E-16));
#4018 = DIRECTION('',(-6.661338147751E-16,4.440892098501E-16,1.));
#4019 = ADVANCED_FACE('',(#4020),#4038,.T.);
#4020 = FACE_BOUND('',#4021,.T.);
#4021 = EDGE_LOOP('',(#4022,#4030,#4036,#4037));
#4022 = ORIENTED_EDGE('',*,*,#4023,.F.);
#4023 = EDGE_CURVE('',#4024,#3976,#4026,.T.);
#4024 = VERTEX_POINT('',#4025);
#4025 = CARTESIAN_POINT('',(2.006057663516,25.,55.978319186419));
#4026 = LINE('',#4027,#4028);
#4027 = CARTESIAN_POINT('',(0.21527768654,25.,37.796224953464));
#4028 = VECTOR('',#4029,1.);
#4029 = DIRECTION('',(-9.801714032956E-02,-6.193978439833E-16,
    -0.995184726672));
#4030 = ORIENTED_EDGE('',*,*,#4031,.T.);
#4031 = EDGE_CURVE('',#4024,#695,#4032,.T.);
#4032 = LINE('',#4033,#4034);
#4033 = CARTESIAN_POINT('',(2.006057663516,15.,55.978319186419));
#4034 = VECTOR('',#4035,1.);
#4035 = DIRECTION('',(4.440892098501E-16,1.,-6.661338147751E-16));
#4036 = ORIENTED_EDGE('',*,*,#702,.T.);
#4037 = ORIENTED_EDGE('',*,*,#3983,.F.);
#4038 = PLANE('',#4039);
#4039 = AXIS2_PLACEMENT_3D('',#4040,#4041,#4042);
#4040 = CARTESIAN_POINT('',(2.006057663516,15.,55.978319186419));
#4041 = DIRECTION('',(-0.995184726672,7.064545527848E-16,
    9.801714032956E-02));
#4042 = DIRECTION('',(-9.801714032956E-02,-3.766582673216E-16,
    -0.995184726672));
#4043 = ADVANCED_FACE('',(#4044),#4062,.T.);
#4044 = FACE_BOUND('',#4045,.T.);
#4045 = EDGE_LOOP('',(#4046,#4047,#4048,#4056));
#4046 = ORIENTED_EDGE('',*,*,#4001,.T.);
#4047 = ORIENTED_EDGE('',*,*,#574,.T.);
#4048 = ORIENTED_EDGE('',*,*,#4049,.F.);
#4049 = EDGE_CURVE('',#4050,#575,#4052,.T.);
#4050 = VERTEX_POINT('',#4051);
#4051 = CARTESIAN_POINT('',(27.194570560806,25.,54.178971444032));
#4052 = LINE('',#4053,#4054);
#4053 = CARTESIAN_POINT('',(27.194570560806,25.,54.178971444032));
#4054 = VECTOR('',#4055,1.);
#4055 = DIRECTION('',(4.440892098501E-16,1.,-6.661338147751E-16));
#4056 = ORIENTED_EDGE('',*,*,#4057,.F.);
#4057 = EDGE_CURVE('',#4002,#4050,#4058,.T.);
#4058 = LINE('',#4059,#4060);
#4059 = CARTESIAN_POINT('',(27.233,25.,53.7887908));
#4060 = VECTOR('',#4061,1.);
#4061 = DIRECTION('',(-9.801714032956E-02,5.072433305238E-16,
    0.995184726672));
#4062 = PLANE('',#4063);
#4063 = AXIS2_PLACEMENT_3D('',#4064,#4065,#4066);
#4064 = CARTESIAN_POINT('',(27.233,25.,53.7887908));
#4065 = DIRECTION('',(0.995184726672,-6.193978439833E-16,
    9.801714032956E-02));
#4066 = DIRECTION('',(-9.801714032956E-02,5.072433305238E-16,
    0.995184726672));
#4067 = ADVANCED_FACE('',(#4068),#4086,.T.);
#4068 = FACE_BOUND('',#4069,.T.);
#4069 = EDGE_LOOP('',(#4070,#4078,#4084,#4085));
#4070 = ORIENTED_EDGE('',*,*,#4071,.F.);
#4071 = EDGE_CURVE('',#4072,#4024,#4074,.T.);
#4072 = VERTEX_POINT('',#4073);
#4073 = CARTESIAN_POINT('',(2.074344560986,25.,56.203430918838));
#4074 = LINE('',#4075,#4076);
#4075 = CARTESIAN_POINT('',(-3.116586906471,25.,39.091223177754));
#4076 = VECTOR('',#4077,1.);
#4077 = DIRECTION('',(-0.290284677254,-5.085380233999E-16,
    -0.956940335732));
#4078 = ORIENTED_EDGE('',*,*,#4079,.T.);
#4079 = EDGE_CURVE('',#4072,#687,#4080,.T.);
#4080 = LINE('',#4081,#4082);
#4081 = CARTESIAN_POINT('',(2.074344560986,15.,56.203430918838));
#4082 = VECTOR('',#4083,1.);
#4083 = DIRECTION('',(4.440892098501E-16,1.,-6.661338147751E-16));
#4084 = ORIENTED_EDGE('',*,*,#694,.T.);
#4085 = ORIENTED_EDGE('',*,*,#4031,.F.);
#4086 = PLANE('',#4087);
#4087 = AXIS2_PLACEMENT_3D('',#4088,#4089,#4090);
#4088 = CARTESIAN_POINT('',(2.074344560986,15.,56.203430918838));
#4089 = DIRECTION('',(-0.956940335732,7.66362609307E-16,0.290284677254)
  );
#4090 = DIRECTION('',(-0.290284677254,-2.315984381387E-16,
    -0.956940335732));
#4091 = ADVANCED_FACE('',(#4092),#4110,.T.);
#4092 = FACE_BOUND('',#4093,.T.);
#4093 = EDGE_LOOP('',(#4094,#4095,#4096,#4104));
#4094 = ORIENTED_EDGE('',*,*,#4049,.T.);
#4095 = ORIENTED_EDGE('',*,*,#582,.T.);
#4096 = ORIENTED_EDGE('',*,*,#4097,.F.);
#4097 = EDGE_CURVE('',#4098,#583,#4100,.T.);
#4098 = VERTEX_POINT('',#4099);
#4099 = CARTESIAN_POINT('',(27.080759065023,25.,54.55415766473));
#4100 = LINE('',#4101,#4102);
#4101 = CARTESIAN_POINT('',(27.080759065023,25.,54.55415766473));
#4102 = VECTOR('',#4103,1.);
#4103 = DIRECTION('',(4.440892098501E-16,1.,-6.661338147751E-16));
#4104 = ORIENTED_EDGE('',*,*,#4105,.F.);
#4105 = EDGE_CURVE('',#4050,#4098,#4106,.T.);
#4106 = LINE('',#4107,#4108);
#4107 = CARTESIAN_POINT('',(27.194570560806,25.,54.178971444032));
#4108 = VECTOR('',#4109,1.);
#4109 = DIRECTION('',(-0.290284677254,6.183353169992E-16,0.956940335732)
  );
#4110 = PLANE('',#4111);
#4111 = AXIS2_PLACEMENT_3D('',#4112,#4113,#4114);
#4112 = CARTESIAN_POINT('',(27.194570560806,25.,54.178971444032));
#4113 = DIRECTION('',(0.956940335732,-5.085380233999E-16,0.290284677254)
  );
#4114 = DIRECTION('',(-0.290284677254,6.183353169992E-16,0.956940335732)
  );
#4115 = ADVANCED_FACE('',(#4116),#4134,.T.);
#4116 = FACE_BOUND('',#4117,.T.);
#4117 = EDGE_LOOP('',(#4118,#4126,#4132,#4133));
#4118 = ORIENTED_EDGE('',*,*,#4119,.F.);
#4119 = EDGE_CURVE('',#4120,#4072,#4122,.T.);
#4120 = VERTEX_POINT('',#4121);
#4121 = CARTESIAN_POINT('',(2.185236465237,25.,56.410895079624));
#4122 = LINE('',#4123,#4124);
#4123 = CARTESIAN_POINT('',(-5.738662915187,25.,41.58632203059));
#4124 = VECTOR('',#4125,1.);
#4125 = DIRECTION('',(-0.471396736826,-3.781353717687E-16,
    -0.881921264348));
#4126 = ORIENTED_EDGE('',*,*,#4127,.T.);
#4127 = EDGE_CURVE('',#4120,#679,#4128,.T.);
#4128 = LINE('',#4129,#4130);
#4129 = CARTESIAN_POINT('',(2.185236465237,15.,56.410895079624));
#4130 = VECTOR('',#4131,1.);
#4131 = DIRECTION('',(4.440892098501E-16,1.,-6.661338147751E-16));
#4132 = ORIENTED_EDGE('',*,*,#686,.T.);
#4133 = ORIENTED_EDGE('',*,*,#4079,.F.);
#4134 = PLANE('',#4135);
#4135 = AXIS2_PLACEMENT_3D('',#4136,#4137,#4138);
#4136 = CARTESIAN_POINT('',(2.185236465237,15.,56.410895079624));
#4137 = DIRECTION('',(-0.881921264348,7.968197805346E-16,0.471396736826)
  );
#4138 = DIRECTION('',(-0.471396736826,-7.763841085999E-17,
    -0.881921264348));
#4139 = ADVANCED_FACE('',(#4140),#4158,.T.);
#4140 = FACE_BOUND('',#4141,.T.);
#4141 = EDGE_LOOP('',(#4142,#4143,#4144,#4152));
#4142 = ORIENTED_EDGE('',*,*,#4097,.T.);
#4143 = ORIENTED_EDGE('',*,*,#590,.T.);
#4144 = ORIENTED_EDGE('',*,*,#4145,.F.);
#4145 = EDGE_CURVE('',#4146,#591,#4148,.T.);
#4146 = VERTEX_POINT('',#4147);
#4147 = CARTESIAN_POINT('',(26.895939224605,25.,54.899931266039));
#4148 = LINE('',#4149,#4150);
#4149 = CARTESIAN_POINT('',(26.895939224605,25.,54.899931266039));
#4150 = VECTOR('',#4151,1.);
#4151 = DIRECTION('',(4.440892098501E-16,1.,-6.661338147751E-16));
#4152 = ORIENTED_EDGE('',*,*,#4153,.F.);
#4153 = EDGE_CURVE('',#4098,#4146,#4154,.T.);
#4154 = LINE('',#4155,#4156);
#4155 = CARTESIAN_POINT('',(27.080759065023,25.,54.55415766473));
#4156 = VECTOR('',#4157,1.);
#4157 = DIRECTION('',(-0.471396736826,7.056650240089E-16,0.881921264348)
  );
#4158 = PLANE('',#4159);
#4159 = AXIS2_PLACEMENT_3D('',#4160,#4161,#4162);
#4160 = CARTESIAN_POINT('',(27.080759065023,25.,54.55415766473));
#4161 = DIRECTION('',(0.881921264348,-3.781353717687E-16,0.471396736826)
  );
#4162 = DIRECTION('',(-0.471396736826,7.056650240089E-16,0.881921264348)
  );
#4163 = ADVANCED_FACE('',(#4164),#4182,.T.);
#4164 = FACE_BOUND('',#4165,.T.);
#4165 = EDGE_LOOP('',(#4166,#4174,#4180,#4181));
#4166 = ORIENTED_EDGE('',*,*,#4167,.F.);
#4167 = EDGE_CURVE('',#4168,#4120,#4170,.T.);
#4168 = VERTEX_POINT('',#4169);
#4169 = CARTESIAN_POINT('',(2.334471862576,25.,56.592738937424));
#4170 = LINE('',#4171,#4172);
#4171 = CARTESIAN_POINT('',(-7.240354497853,25.,44.925779260348));
#4172 = VECTOR('',#4173,1.);
#4173 = DIRECTION('',(-0.634393284164,-2.332011898611E-16,
    -0.773010453363));
#4174 = ORIENTED_EDGE('',*,*,#4175,.T.);
#4175 = EDGE_CURVE('',#4168,#671,#4176,.T.);
#4176 = LINE('',#4177,#4178);
#4177 = CARTESIAN_POINT('',(2.334471862576,15.,56.592738937424));
#4178 = VECTOR('',#4179,1.);
#4179 = DIRECTION('',(4.440892098501E-16,1.,-6.661338147751E-16));
#4180 = ORIENTED_EDGE('',*,*,#678,.T.);
#4181 = ORIENTED_EDGE('',*,*,#4127,.F.);
#4182 = PLANE('',#4183);
#4183 = AXIS2_PLACEMENT_3D('',#4184,#4185,#4186);
#4184 = CARTESIAN_POINT('',(2.334471862576,15.,56.592738937424));
#4185 = DIRECTION('',(-0.773010453363,7.96655614458E-16,0.634393284164)
  );
#4186 = DIRECTION('',(-0.634393284164,7.930521700794E-17,-0.773010453363
    ));
#4187 = ADVANCED_FACE('',(#4188),#4206,.T.);
#4188 = FACE_BOUND('',#4189,.T.);
#4189 = EDGE_LOOP('',(#4190,#4191,#4192,#4200));
#4190 = ORIENTED_EDGE('',*,*,#4145,.T.);
#4191 = ORIENTED_EDGE('',*,*,#598,.T.);
#4192 = ORIENTED_EDGE('',*,*,#4193,.F.);
#4193 = EDGE_CURVE('',#4194,#599,#4196,.T.);
#4194 = VERTEX_POINT('',#4195);
#4195 = CARTESIAN_POINT('',(26.647213562373,25.,55.203004362373));
#4196 = LINE('',#4197,#4198);
#4197 = CARTESIAN_POINT('',(26.647213562373,25.,55.203004362373));
#4198 = VECTOR('',#4199,1.);
#4199 = DIRECTION('',(4.440892098501E-16,1.,-6.661338147751E-16));
#4200 = ORIENTED_EDGE('',*,*,#4201,.F.);
#4201 = EDGE_CURVE('',#4146,#4194,#4202,.T.);
#4202 = LINE('',#4203,#4204);
#4203 = CARTESIAN_POINT('',(26.895939224605,25.,54.899931266039));
#4204 = VECTOR('',#4205,1.);
#4205 = DIRECTION('',(-0.634393284164,7.658764198873E-16,0.773010453363)
  );
#4206 = PLANE('',#4207);
#4207 = AXIS2_PLACEMENT_3D('',#4208,#4209,#4210);
#4208 = CARTESIAN_POINT('',(26.895939224605,25.,54.899931266039));
#4209 = DIRECTION('',(0.773010453363,-2.332011898611E-16,0.634393284164)
  );
#4210 = DIRECTION('',(-0.634393284164,7.658764198873E-16,0.773010453363)
  );
#4211 = ADVANCED_FACE('',(#4212),#4230,.T.);
#4212 = FACE_BOUND('',#4213,.T.);
#4213 = EDGE_LOOP('',(#4214,#4222,#4228,#4229));
#4214 = ORIENTED_EDGE('',*,*,#4215,.F.);
#4215 = EDGE_CURVE('',#4216,#4168,#4218,.T.);
#4216 = VERTEX_POINT('',#4217);
#4217 = CARTESIAN_POINT('',(2.516315720376,25.,56.741974334763));
#4218 = LINE('',#4219,#4220);
#4219 = CARTESIAN_POINT('',(-7.377149002657,25.,48.622617668758));
#4220 = VECTOR('',#4221,1.);
#4221 = DIRECTION('',(-0.773010453363,-7.930521700793E-17,
    -0.634393284164));
#4222 = ORIENTED_EDGE('',*,*,#4223,.T.);
#4223 = EDGE_CURVE('',#4216,#663,#4224,.T.);
#4224 = LINE('',#4225,#4226);
#4225 = CARTESIAN_POINT('',(2.516315720376,15.,56.741974334763));
#4226 = VECTOR('',#4227,1.);
#4227 = DIRECTION('',(4.440892098501E-16,1.,-6.661338147751E-16));
#4228 = ORIENTED_EDGE('',*,*,#670,.T.);
#4229 = ORIENTED_EDGE('',*,*,#4175,.F.);
#4230 = PLANE('',#4231);
#4231 = AXIS2_PLACEMENT_3D('',#4232,#4233,#4234);
#4232 = CARTESIAN_POINT('',(2.516315720376,15.,56.741974334763));
#4233 = DIRECTION('',(-0.634393284164,7.658764198873E-16,0.773010453363)
  );
#4234 = DIRECTION('',(-0.773010453363,2.332011898611E-16,-0.634393284164
    ));
#4235 = ADVANCED_FACE('',(#4236),#4254,.T.);
#4236 = FACE_BOUND('',#4237,.T.);
#4237 = EDGE_LOOP('',(#4238,#4239,#4240,#4248));
#4238 = ORIENTED_EDGE('',*,*,#4193,.T.);
#4239 = ORIENTED_EDGE('',*,*,#606,.T.);
#4240 = ORIENTED_EDGE('',*,*,#4241,.F.);
#4241 = EDGE_CURVE('',#4242,#607,#4244,.T.);
#4242 = VERTEX_POINT('',#4243);
#4243 = CARTESIAN_POINT('',(26.344140466039,25.,55.451730024605));
#4244 = LINE('',#4245,#4246);
#4245 = CARTESIAN_POINT('',(26.344140466039,25.,55.451730024605));
#4246 = VECTOR('',#4247,1.);
#4247 = DIRECTION('',(4.440892098501E-16,1.,-6.661338147751E-16));
#4248 = ORIENTED_EDGE('',*,*,#4249,.F.);
#4249 = EDGE_CURVE('',#4194,#4242,#4250,.T.);
#4250 = LINE('',#4251,#4252);
#4251 = CARTESIAN_POINT('',(26.647213562373,25.,55.203004362373));
#4252 = VECTOR('',#4253,1.);
#4253 = DIRECTION('',(-0.773010453363,7.96655614458E-16,0.634393284164)
  );
#4254 = PLANE('',#4255);
#4255 = AXIS2_PLACEMENT_3D('',#4256,#4257,#4258);
#4256 = CARTESIAN_POINT('',(26.647213562373,25.,55.203004362373));
#4257 = DIRECTION('',(0.634393284164,-7.930521700794E-17,0.773010453363)
  );
#4258 = DIRECTION('',(-0.773010453363,7.96655614458E-16,0.634393284164)
  );
#4259 = ADVANCED_FACE('',(#4260),#4278,.T.);
#4260 = FACE_BOUND('',#4261,.T.);
#4261 = EDGE_LOOP('',(#4262,#4270,#4276,#4277));
#4262 = ORIENTED_EDGE('',*,*,#4263,.F.);
#4263 = EDGE_CURVE('',#4264,#4216,#4266,.T.);
#4264 = VERTEX_POINT('',#4265);
#4265 = CARTESIAN_POINT('',(2.723779881162,25.,56.852866239014));
#4266 = LINE('',#4267,#4268);
#4267 = CARTESIAN_POINT('',(-6.108452589247,25.,52.131939628274));
#4268 = VECTOR('',#4269,1.);
#4269 = DIRECTION('',(-0.881921264348,7.763841085998E-17,-0.471396736826
    ));
#4270 = ORIENTED_EDGE('',*,*,#4271,.T.);
#4271 = EDGE_CURVE('',#4264,#655,#4272,.T.);
#4272 = LINE('',#4273,#4274);
#4273 = CARTESIAN_POINT('',(2.723779881162,15.,56.852866239014));
#4274 = VECTOR('',#4275,1.);
#4275 = DIRECTION('',(4.440892098501E-16,1.,-6.661338147751E-16));
#4276 = ORIENTED_EDGE('',*,*,#662,.T.);
#4277 = ORIENTED_EDGE('',*,*,#4223,.F.);
#4278 = PLANE('',#4279);
#4279 = AXIS2_PLACEMENT_3D('',#4280,#4281,#4282);
#4280 = CARTESIAN_POINT('',(2.723779881162,15.,56.852866239014));
#4281 = DIRECTION('',(-0.471396736826,7.056650240089E-16,0.881921264348)
  );
#4282 = DIRECTION('',(-0.881921264348,3.781353717687E-16,-0.471396736826
    ));
#4283 = ADVANCED_FACE('',(#4284),#4302,.T.);
#4284 = FACE_BOUND('',#4285,.T.);
#4285 = EDGE_LOOP('',(#4286,#4287,#4288,#4296));
#4286 = ORIENTED_EDGE('',*,*,#4241,.T.);
#4287 = ORIENTED_EDGE('',*,*,#614,.T.);
#4288 = ORIENTED_EDGE('',*,*,#4289,.F.);
#4289 = EDGE_CURVE('',#4290,#615,#4292,.T.);
#4290 = VERTEX_POINT('',#4291);
#4291 = CARTESIAN_POINT('',(25.99836686473,25.,55.636549865023));
#4292 = LINE('',#4293,#4294);
#4293 = CARTESIAN_POINT('',(25.99836686473,25.,55.636549865023));
#4294 = VECTOR('',#4295,1.);
#4295 = DIRECTION('',(4.440892098501E-16,1.,-6.661338147751E-16));
#4296 = ORIENTED_EDGE('',*,*,#4297,.F.);
#4297 = EDGE_CURVE('',#4242,#4290,#4298,.T.);
#4298 = LINE('',#4299,#4300);
#4299 = CARTESIAN_POINT('',(26.344140466039,25.,55.451730024605));
#4300 = VECTOR('',#4301,1.);
#4301 = DIRECTION('',(-0.881921264348,7.968197805346E-16,0.471396736826)
  );
#4302 = PLANE('',#4303);
#4303 = AXIS2_PLACEMENT_3D('',#4304,#4305,#4306);
#4304 = CARTESIAN_POINT('',(26.344140466039,25.,55.451730024605));
#4305 = DIRECTION('',(0.471396736826,7.763841086E-17,0.881921264348));
#4306 = DIRECTION('',(-0.881921264348,7.968197805346E-16,0.471396736826)
  );
#4307 = ADVANCED_FACE('',(#4308),#4326,.T.);
#4308 = FACE_BOUND('',#4309,.T.);
#4309 = EDGE_LOOP('',(#4310,#4318,#4324,#4325));
#4310 = ORIENTED_EDGE('',*,*,#4311,.F.);
#4311 = EDGE_CURVE('',#4312,#4264,#4314,.T.);
#4312 = VERTEX_POINT('',#4313);
#4313 = CARTESIAN_POINT('',(2.948891613581,25.,56.921153136484));
#4314 = LINE('',#4315,#4316);
#4315 = CARTESIAN_POINT('',(-3.604529950594,25.,54.933194438711));
#4316 = VECTOR('',#4317,1.);
#4317 = DIRECTION('',(-0.956940335732,2.315984381387E-16,-0.290284677254
    ));
#4318 = ORIENTED_EDGE('',*,*,#4319,.T.);
#4319 = EDGE_CURVE('',#4312,#647,#4320,.T.);
#4320 = LINE('',#4321,#4322);
#4321 = CARTESIAN_POINT('',(2.948891613581,15.,56.921153136484));
#4322 = VECTOR('',#4323,1.);
#4323 = DIRECTION('',(4.440892098501E-16,1.,-6.661338147751E-16));
#4324 = ORIENTED_EDGE('',*,*,#654,.T.);
#4325 = ORIENTED_EDGE('',*,*,#4271,.F.);
#4326 = PLANE('',#4327);
#4327 = AXIS2_PLACEMENT_3D('',#4328,#4329,#4330);
#4328 = CARTESIAN_POINT('',(2.948891613581,15.,56.921153136484));
#4329 = DIRECTION('',(-0.290284677254,6.183353169992E-16,0.956940335732)
  );
#4330 = DIRECTION('',(-0.956940335732,5.085380233999E-16,-0.290284677254
    ));
#4331 = ADVANCED_FACE('',(#4332),#4350,.T.);
#4332 = FACE_BOUND('',#4333,.T.);
#4333 = EDGE_LOOP('',(#4334,#4335,#4336,#4344));
#4334 = ORIENTED_EDGE('',*,*,#4289,.T.);
#4335 = ORIENTED_EDGE('',*,*,#622,.T.);
#4336 = ORIENTED_EDGE('',*,*,#4337,.F.);
#4337 = EDGE_CURVE('',#4338,#623,#4340,.T.);
#4338 = VERTEX_POINT('',#4339);
#4339 = CARTESIAN_POINT('',(25.623180644032,25.,55.750361360806));
#4340 = LINE('',#4341,#4342);
#4341 = CARTESIAN_POINT('',(25.623180644032,25.,55.750361360806));
#4342 = VECTOR('',#4343,1.);
#4343 = DIRECTION('',(4.440892098501E-16,1.,-6.661338147751E-16));
#4344 = ORIENTED_EDGE('',*,*,#4345,.F.);
#4345 = EDGE_CURVE('',#4290,#4338,#4346,.T.);
#4346 = LINE('',#4347,#4348);
#4347 = CARTESIAN_POINT('',(25.99836686473,25.,55.636549865023));
#4348 = VECTOR('',#4349,1.);
#4349 = DIRECTION('',(-0.956940335732,7.66362609307E-16,0.290284677254)
  );
#4350 = PLANE('',#4351);
#4351 = AXIS2_PLACEMENT_3D('',#4352,#4353,#4354);
#4352 = CARTESIAN_POINT('',(25.99836686473,25.,55.636549865023));
#4353 = DIRECTION('',(0.290284677254,2.315984381387E-16,0.956940335732)
  );
#4354 = DIRECTION('',(-0.956940335732,7.66362609307E-16,0.290284677254)
  );
#4355 = ADVANCED_FACE('',(#4356),#4374,.T.);
#4356 = FACE_BOUND('',#4357,.T.);
#4357 = EDGE_LOOP('',(#4358,#4366,#4372,#4373));
#4358 = ORIENTED_EDGE('',*,*,#4359,.F.);
#4359 = EDGE_CURVE('',#4360,#4312,#4362,.T.);
#4360 = VERTEX_POINT('',#4361);
#4361 = CARTESIAN_POINT('',(3.183,25.,56.9442108));
#4362 = LINE('',#4363,#4364);
#4363 = CARTESIAN_POINT('',(-0.221462431464,25.,56.608900517448));
#4364 = VECTOR('',#4365,1.);
#4365 = DIRECTION('',(-0.995184726672,3.766582673216E-16,
    -9.801714032958E-02));
#4366 = ORIENTED_EDGE('',*,*,#4367,.T.);
#4367 = EDGE_CURVE('',#4360,#639,#4368,.T.);
#4368 = LINE('',#4369,#4370);
#4369 = CARTESIAN_POINT('',(3.183,15.,56.9442108));
#4370 = VECTOR('',#4371,1.);
#4371 = DIRECTION('',(4.440892098501E-16,1.,-6.661338147751E-16));
#4372 = ORIENTED_EDGE('',*,*,#646,.T.);
#4373 = ORIENTED_EDGE('',*,*,#4319,.F.);
#4374 = PLANE('',#4375);
#4375 = AXIS2_PLACEMENT_3D('',#4376,#4377,#4378);
#4376 = CARTESIAN_POINT('',(3.183,15.,56.9442108));
#4377 = DIRECTION('',(-9.801714032958E-02,5.072433305238E-16,
    0.995184726672));
#4378 = DIRECTION('',(-0.995184726672,6.193978439833E-16,
    -9.801714032958E-02));
#4379 = ADVANCED_FACE('',(#4380),#4398,.T.);
#4380 = FACE_BOUND('',#4381,.T.);
#4381 = EDGE_LOOP('',(#4382,#4383,#4384,#4392));
#4382 = ORIENTED_EDGE('',*,*,#4337,.T.);
#4383 = ORIENTED_EDGE('',*,*,#630,.T.);
#4384 = ORIENTED_EDGE('',*,*,#4385,.F.);
#4385 = EDGE_CURVE('',#4386,#631,#4388,.T.);
#4386 = VERTEX_POINT('',#4387);
#4387 = CARTESIAN_POINT('',(25.233,25.,55.7887908));
#4388 = LINE('',#4389,#4390);
#4389 = CARTESIAN_POINT('',(25.233,25.,55.7887908));
#4390 = VECTOR('',#4391,1.);
#4391 = DIRECTION('',(4.440892098501E-16,1.,-6.661338147751E-16));
#4392 = ORIENTED_EDGE('',*,*,#4393,.F.);
#4393 = EDGE_CURVE('',#4338,#4386,#4394,.T.);
#4394 = LINE('',#4395,#4396);
#4395 = CARTESIAN_POINT('',(25.623180644032,25.,55.750361360806));
#4396 = VECTOR('',#4397,1.);
#4397 = DIRECTION('',(-0.995184726672,7.064545527848E-16,
    9.801714032957E-02));
#4398 = PLANE('',#4399);
#4399 = AXIS2_PLACEMENT_3D('',#4400,#4401,#4402);
#4400 = CARTESIAN_POINT('',(25.623180644032,25.,55.750361360806));
#4401 = DIRECTION('',(9.801714032957E-02,3.766582673216E-16,
    0.995184726672));
#4402 = DIRECTION('',(-0.995184726672,7.064545527848E-16,
    9.801714032957E-02));
#4403 = ADVANCED_FACE('',(#4404),#4415,.T.);
#4404 = FACE_BOUND('',#4405,.T.);
#4405 = EDGE_LOOP('',(#4406,#4412,#4413,#4414));
#4406 = ORIENTED_EDGE('',*,*,#4407,.F.);
#4407 = EDGE_CURVE('',#4386,#4360,#4408,.T.);
#4408 = LINE('',#4409,#4410);
#4409 = CARTESIAN_POINT('',(25.233,25.,55.7887908));
#4410 = VECTOR('',#4411,1.);
#4411 = DIRECTION('',(-0.998629940746,6.884595649187E-16,
    5.232820889508E-02));
#4412 = ORIENTED_EDGE('',*,*,#4385,.T.);
#4413 = ORIENTED_EDGE('',*,*,#638,.T.);
#4414 = ORIENTED_EDGE('',*,*,#4367,.F.);
#4415 = PLANE('',#4416);
#4416 = AXIS2_PLACEMENT_3D('',#4417,#4418,#4419);
#4417 = CARTESIAN_POINT('',(25.233,25.,55.7887908));
#4418 = DIRECTION('',(5.232820889508E-02,4.086231919068E-16,
    0.998629940746));
#4419 = DIRECTION('',(-0.998629940746,6.884595649187E-16,
    5.232820889508E-02));
#4420 = ADVANCED_FACE('',(#4421),#4446,.T.);
#4421 = FACE_BOUND('',#4422,.T.);
#4422 = EDGE_LOOP('',(#4423,#4431,#4439,#4445));
#4423 = ORIENTED_EDGE('',*,*,#4424,.F.);
#4424 = EDGE_CURVE('',#4425,#175,#4427,.T.);
#4425 = VERTEX_POINT('',#4426);
#4426 = CARTESIAN_POINT('',(-19.383,25.,19.883));
#4427 = LINE('',#4428,#4429);
#4428 = CARTESIAN_POINT('',(-19.383,23.,19.883));
#4429 = VECTOR('',#4430,1.);
#4430 = DIRECTION('',(-0.,1.,0.));
#4431 = ORIENTED_EDGE('',*,*,#4432,.F.);
#4432 = EDGE_CURVE('',#4433,#4425,#4435,.T.);
#4433 = VERTEX_POINT('',#4434);
#4434 = CARTESIAN_POINT('',(-17.348,25.,19.883));
#4435 = LINE('',#4436,#4437);
#4436 = CARTESIAN_POINT('',(-9.6915,25.,19.883));
#4437 = VECTOR('',#4438,1.);
#4438 = DIRECTION('',(-1.,4.440892098501E-16,0.));
#4439 = ORIENTED_EDGE('',*,*,#4440,.T.);
#4440 = EDGE_CURVE('',#4433,#167,#4441,.T.);
#4441 = LINE('',#4442,#4443);
#4442 = CARTESIAN_POINT('',(-17.348,23.,19.883));
#4443 = VECTOR('',#4444,1.);
#4444 = DIRECTION('',(-0.,1.,0.));
#4445 = ORIENTED_EDGE('',*,*,#174,.T.);
#4446 = PLANE('',#4447);
#4447 = AXIS2_PLACEMENT_3D('',#4448,#4449,#4450);
#4448 = CARTESIAN_POINT('',(-19.383,23.,19.883));
#4449 = DIRECTION('',(0.,0.,1.));
#4450 = DIRECTION('',(1.,0.,-0.));
#4451 = ADVANCED_FACE('',(#4452),#4470,.F.);
#4452 = FACE_BOUND('',#4453,.F.);
#4453 = EDGE_LOOP('',(#4454,#4462,#4468,#4469));
#4454 = ORIENTED_EDGE('',*,*,#4455,.F.);
#4455 = EDGE_CURVE('',#4456,#159,#4458,.T.);
#4456 = VERTEX_POINT('',#4457);
#4457 = CARTESIAN_POINT('',(-17.348,25.,26.917));
#4458 = LINE('',#4459,#4460);
#4459 = CARTESIAN_POINT('',(-17.348,23.,26.917));
#4460 = VECTOR('',#4461,1.);
#4461 = DIRECTION('',(-0.,1.,0.));
#4462 = ORIENTED_EDGE('',*,*,#4463,.F.);
#4463 = EDGE_CURVE('',#4433,#4456,#4464,.T.);
#4464 = LINE('',#4465,#4466);
#4465 = CARTESIAN_POINT('',(-17.348,25.,19.670978644465));
#4466 = VECTOR('',#4467,1.);
#4467 = DIRECTION('',(0.,6.661338147751E-16,1.));
#4468 = ORIENTED_EDGE('',*,*,#4440,.T.);
#4469 = ORIENTED_EDGE('',*,*,#166,.T.);
#4470 = PLANE('',#4471);
#4471 = AXIS2_PLACEMENT_3D('',#4472,#4473,#4474);
#4472 = CARTESIAN_POINT('',(-17.348,23.,19.883));
#4473 = DIRECTION('',(1.,0.,-0.));
#4474 = DIRECTION('',(0.,0.,1.));
#4475 = ADVANCED_FACE('',(#4476),#4494,.F.);
#4476 = FACE_BOUND('',#4477,.F.);
#4477 = EDGE_LOOP('',(#4478,#4486,#4492,#4493));
#4478 = ORIENTED_EDGE('',*,*,#4479,.F.);
#4479 = EDGE_CURVE('',#4480,#151,#4482,.T.);
#4480 = VERTEX_POINT('',#4481);
#4481 = CARTESIAN_POINT('',(-19.383,25.,26.917));
#4482 = LINE('',#4483,#4484);
#4483 = CARTESIAN_POINT('',(-19.383,23.,26.917));
#4484 = VECTOR('',#4485,1.);
#4485 = DIRECTION('',(-0.,1.,0.));
#4486 = ORIENTED_EDGE('',*,*,#4487,.F.);
#4487 = EDGE_CURVE('',#4456,#4480,#4488,.T.);
#4488 = LINE('',#4489,#4490);
#4489 = CARTESIAN_POINT('',(-9.6915,25.,26.917));
#4490 = VECTOR('',#4491,1.);
#4491 = DIRECTION('',(-1.,4.440892098501E-16,0.));
#4492 = ORIENTED_EDGE('',*,*,#4455,.T.);
#4493 = ORIENTED_EDGE('',*,*,#158,.T.);
#4494 = PLANE('',#4495);
#4495 = AXIS2_PLACEMENT_3D('',#4496,#4497,#4498);
#4496 = CARTESIAN_POINT('',(-19.383,23.,26.917));
#4497 = DIRECTION('',(0.,0.,1.));
#4498 = DIRECTION('',(1.,0.,-0.));
#4499 = ADVANCED_FACE('',(#4500),#4525,.T.);
#4500 = FACE_BOUND('',#4501,.T.);
#4501 = EDGE_LOOP('',(#4502,#4510,#4518,#4524));
#4502 = ORIENTED_EDGE('',*,*,#4503,.F.);
#4503 = EDGE_CURVE('',#4504,#207,#4506,.T.);
#4504 = VERTEX_POINT('',#4505);
#4505 = CARTESIAN_POINT('',(-19.383,25.,-16.817));
#4506 = LINE('',#4507,#4508);
#4507 = CARTESIAN_POINT('',(-19.383,23.,-16.817));
#4508 = VECTOR('',#4509,1.);
#4509 = DIRECTION('',(-0.,1.,0.));
#4510 = ORIENTED_EDGE('',*,*,#4511,.F.);
#4511 = EDGE_CURVE('',#4512,#4504,#4514,.T.);
#4512 = VERTEX_POINT('',#4513);
#4513 = CARTESIAN_POINT('',(-17.348,25.,-16.817));
#4514 = LINE('',#4515,#4516);
#4515 = CARTESIAN_POINT('',(-9.6915,25.,-16.817));
#4516 = VECTOR('',#4517,1.);
#4517 = DIRECTION('',(-1.,4.440892098501E-16,0.));
#4518 = ORIENTED_EDGE('',*,*,#4519,.T.);
#4519 = EDGE_CURVE('',#4512,#199,#4520,.T.);
#4520 = LINE('',#4521,#4522);
#4521 = CARTESIAN_POINT('',(-17.348,23.,-16.817));
#4522 = VECTOR('',#4523,1.);
#4523 = DIRECTION('',(-0.,1.,0.));
#4524 = ORIENTED_EDGE('',*,*,#206,.T.);
#4525 = PLANE('',#4526);
#4526 = AXIS2_PLACEMENT_3D('',#4527,#4528,#4529);
#4527 = CARTESIAN_POINT('',(-19.383,23.,-16.817));
#4528 = DIRECTION('',(0.,0.,1.));
#4529 = DIRECTION('',(1.,0.,-0.));
#4530 = ADVANCED_FACE('',(#4531),#4549,.F.);
#4531 = FACE_BOUND('',#4532,.F.);
#4532 = EDGE_LOOP('',(#4533,#4541,#4547,#4548));
#4533 = ORIENTED_EDGE('',*,*,#4534,.F.);
#4534 = EDGE_CURVE('',#4535,#191,#4537,.T.);
#4535 = VERTEX_POINT('',#4536);
#4536 = CARTESIAN_POINT('',(-17.348,25.,-9.783));
#4537 = LINE('',#4538,#4539);
#4538 = CARTESIAN_POINT('',(-17.348,23.,-9.783));
#4539 = VECTOR('',#4540,1.);
#4540 = DIRECTION('',(-0.,1.,0.));
#4541 = ORIENTED_EDGE('',*,*,#4542,.F.);
#4542 = EDGE_CURVE('',#4512,#4535,#4543,.T.);
#4543 = LINE('',#4544,#4545);
#4544 = CARTESIAN_POINT('',(-17.348,25.,1.320978644465));
#4545 = VECTOR('',#4546,1.);
#4546 = DIRECTION('',(0.,6.661338147751E-16,1.));
#4547 = ORIENTED_EDGE('',*,*,#4519,.T.);
#4548 = ORIENTED_EDGE('',*,*,#198,.T.);
#4549 = PLANE('',#4550);
#4550 = AXIS2_PLACEMENT_3D('',#4551,#4552,#4553);
#4551 = CARTESIAN_POINT('',(-17.348,23.,-16.817));
#4552 = DIRECTION('',(1.,0.,-0.));
#4553 = DIRECTION('',(0.,0.,1.));
#4554 = ADVANCED_FACE('',(#4555),#4573,.F.);
#4555 = FACE_BOUND('',#4556,.F.);
#4556 = EDGE_LOOP('',(#4557,#4565,#4571,#4572));
#4557 = ORIENTED_EDGE('',*,*,#4558,.F.);
#4558 = EDGE_CURVE('',#4559,#183,#4561,.T.);
#4559 = VERTEX_POINT('',#4560);
#4560 = CARTESIAN_POINT('',(-19.383,25.,-9.783));
#4561 = LINE('',#4562,#4563);
#4562 = CARTESIAN_POINT('',(-19.383,23.,-9.783));
#4563 = VECTOR('',#4564,1.);
#4564 = DIRECTION('',(-0.,1.,0.));
#4565 = ORIENTED_EDGE('',*,*,#4566,.F.);
#4566 = EDGE_CURVE('',#4535,#4559,#4567,.T.);
#4567 = LINE('',#4568,#4569);
#4568 = CARTESIAN_POINT('',(-9.6915,25.,-9.783));
#4569 = VECTOR('',#4570,1.);
#4570 = DIRECTION('',(-1.,4.440892098501E-16,0.));
#4571 = ORIENTED_EDGE('',*,*,#4534,.T.);
#4572 = ORIENTED_EDGE('',*,*,#190,.T.);
#4573 = PLANE('',#4574);
#4574 = AXIS2_PLACEMENT_3D('',#4575,#4576,#4577);
#4575 = CARTESIAN_POINT('',(-19.383,23.,-9.783));
#4576 = DIRECTION('',(0.,0.,1.));
#4577 = DIRECTION('',(1.,0.,-0.));
#4578 = ADVANCED_FACE('',(#4579),#4604,.T.);
#4579 = FACE_BOUND('',#4580,.T.);
#4580 = EDGE_LOOP('',(#4581,#4589,#4597,#4603));
#4581 = ORIENTED_EDGE('',*,*,#4582,.F.);
#4582 = EDGE_CURVE('',#4583,#447,#4585,.T.);
#4583 = VERTEX_POINT('',#4584);
#4584 = CARTESIAN_POINT('',(17.348,25.,19.883));
#4585 = LINE('',#4586,#4587);
#4586 = CARTESIAN_POINT('',(17.348,23.,19.883));
#4587 = VECTOR('',#4588,1.);
#4588 = DIRECTION('',(-0.,1.,0.));
#4589 = ORIENTED_EDGE('',*,*,#4590,.F.);
#4590 = EDGE_CURVE('',#4591,#4583,#4593,.T.);
#4591 = VERTEX_POINT('',#4592);
#4592 = CARTESIAN_POINT('',(19.383,25.,19.883));
#4593 = LINE('',#4594,#4595);
#4594 = CARTESIAN_POINT('',(8.674,25.,19.883));
#4595 = VECTOR('',#4596,1.);
#4596 = DIRECTION('',(-1.,4.440892098501E-16,0.));
#4597 = ORIENTED_EDGE('',*,*,#4598,.T.);
#4598 = EDGE_CURVE('',#4591,#439,#4599,.T.);
#4599 = LINE('',#4600,#4601);
#4600 = CARTESIAN_POINT('',(19.383,23.,19.883));
#4601 = VECTOR('',#4602,1.);
#4602 = DIRECTION('',(-0.,1.,0.));
#4603 = ORIENTED_EDGE('',*,*,#446,.T.);
#4604 = PLANE('',#4605);
#4605 = AXIS2_PLACEMENT_3D('',#4606,#4607,#4608);
#4606 = CARTESIAN_POINT('',(17.348,23.,19.883));
#4607 = DIRECTION('',(0.,0.,1.));
#4608 = DIRECTION('',(1.,0.,-0.));
#4609 = ADVANCED_FACE('',(#4610),#4628,.T.);
#4610 = FACE_BOUND('',#4611,.T.);
#4611 = EDGE_LOOP('',(#4612,#4620,#4626,#4627));
#4612 = ORIENTED_EDGE('',*,*,#4613,.F.);
#4613 = EDGE_CURVE('',#4614,#455,#4616,.T.);
#4614 = VERTEX_POINT('',#4615);
#4615 = CARTESIAN_POINT('',(17.348,25.,26.917));
#4616 = LINE('',#4617,#4618);
#4617 = CARTESIAN_POINT('',(17.348,23.,26.917));
#4618 = VECTOR('',#4619,1.);
#4619 = DIRECTION('',(-0.,1.,0.));
#4620 = ORIENTED_EDGE('',*,*,#4621,.F.);
#4621 = EDGE_CURVE('',#4583,#4614,#4622,.T.);
#4622 = LINE('',#4623,#4624);
#4623 = CARTESIAN_POINT('',(17.348,25.,19.670978644465));
#4624 = VECTOR('',#4625,1.);
#4625 = DIRECTION('',(0.,6.661338147751E-16,1.));
#4626 = ORIENTED_EDGE('',*,*,#4582,.T.);
#4627 = ORIENTED_EDGE('',*,*,#454,.T.);
#4628 = PLANE('',#4629);
#4629 = AXIS2_PLACEMENT_3D('',#4630,#4631,#4632);
#4630 = CARTESIAN_POINT('',(17.348,23.,19.883));
#4631 = DIRECTION('',(1.,0.,-0.));
#4632 = DIRECTION('',(0.,0.,1.));
#4633 = ADVANCED_FACE('',(#4634),#4652,.F.);
#4634 = FACE_BOUND('',#4635,.F.);
#4635 = EDGE_LOOP('',(#4636,#4637,#4645,#4651));
#4636 = ORIENTED_EDGE('',*,*,#4613,.F.);
#4637 = ORIENTED_EDGE('',*,*,#4638,.F.);
#4638 = EDGE_CURVE('',#4639,#4614,#4641,.T.);
#4639 = VERTEX_POINT('',#4640);
#4640 = CARTESIAN_POINT('',(19.383,25.,26.917));
#4641 = LINE('',#4642,#4643);
#4642 = CARTESIAN_POINT('',(8.674,25.,26.917));
#4643 = VECTOR('',#4644,1.);
#4644 = DIRECTION('',(-1.,4.440892098501E-16,0.));
#4645 = ORIENTED_EDGE('',*,*,#4646,.T.);
#4646 = EDGE_CURVE('',#4639,#463,#4647,.T.);
#4647 = LINE('',#4648,#4649);
#4648 = CARTESIAN_POINT('',(19.383,23.,26.917));
#4649 = VECTOR('',#4650,1.);
#4650 = DIRECTION('',(-0.,1.,0.));
#4651 = ORIENTED_EDGE('',*,*,#462,.T.);
#4652 = PLANE('',#4653);
#4653 = AXIS2_PLACEMENT_3D('',#4654,#4655,#4656);
#4654 = CARTESIAN_POINT('',(17.348,23.,26.917));
#4655 = DIRECTION('',(0.,0.,1.));
#4656 = DIRECTION('',(1.,0.,-0.));
#4657 = ADVANCED_FACE('',(#4658),#4729,.T.);
#4658 = FACE_BOUND('',#4659,.T.);
#4659 = EDGE_LOOP('',(#4660,#4668,#4676,#4682,#4683,#4691,#4699,#4705,
    #4706,#4714,#4722,#4728));
#4660 = ORIENTED_EDGE('',*,*,#4661,.F.);
#4661 = EDGE_CURVE('',#4662,#1404,#4664,.T.);
#4662 = VERTEX_POINT('',#4663);
#4663 = CARTESIAN_POINT('',(-4.,25.,7.35));
#4664 = LINE('',#4665,#4666);
#4665 = CARTESIAN_POINT('',(-4.,15.,7.35));
#4666 = VECTOR('',#4667,1.);
#4667 = DIRECTION('',(-0.,1.,0.));
#4668 = ORIENTED_EDGE('',*,*,#4669,.F.);
#4669 = EDGE_CURVE('',#4670,#4662,#4672,.T.);
#4670 = VERTEX_POINT('',#4671);
#4671 = CARTESIAN_POINT('',(4.,25.,7.35));
#4672 = LINE('',#4673,#4674);
#4673 = CARTESIAN_POINT('',(-2.,25.,7.35));
#4674 = VECTOR('',#4675,1.);
#4675 = DIRECTION('',(-1.,4.440892098501E-16,0.));
#4676 = ORIENTED_EDGE('',*,*,#4677,.T.);
#4677 = EDGE_CURVE('',#4670,#1492,#4678,.T.);
#4678 = LINE('',#4679,#4680);
#4679 = CARTESIAN_POINT('',(4.,15.,7.35));
#4680 = VECTOR('',#4681,1.);
#4681 = DIRECTION('',(-0.,1.,0.));
#4682 = ORIENTED_EDGE('',*,*,#1499,.T.);
#4683 = ORIENTED_EDGE('',*,*,#4684,.F.);
#4684 = EDGE_CURVE('',#4685,#1500,#4687,.T.);
#4685 = VERTEX_POINT('',#4686);
#4686 = CARTESIAN_POINT('',(2.771,29.,7.35));
#4687 = LINE('',#4688,#4689);
#4688 = CARTESIAN_POINT('',(2.771,20.95,7.35));
#4689 = VECTOR('',#4690,1.);
#4690 = DIRECTION('',(0.,-1.,0.));
#4691 = ORIENTED_EDGE('',*,*,#4692,.F.);
#4692 = EDGE_CURVE('',#4693,#4685,#4695,.T.);
#4693 = VERTEX_POINT('',#4694);
#4694 = CARTESIAN_POINT('',(1.301,29.,7.35));
#4695 = LINE('',#4696,#4697);
#4696 = CARTESIAN_POINT('',(-1.3495,29.,7.35));
#4697 = VECTOR('',#4698,1.);
#4698 = DIRECTION('',(1.,0.,-0.));
#4699 = ORIENTED_EDGE('',*,*,#4700,.T.);
#4700 = EDGE_CURVE('',#4693,#1524,#4701,.T.);
#4701 = LINE('',#4702,#4703);
#4702 = CARTESIAN_POINT('',(1.301,20.95,7.35));
#4703 = VECTOR('',#4704,1.);
#4704 = DIRECTION('',(0.,-1.,0.));
#4705 = ORIENTED_EDGE('',*,*,#1531,.T.);
#4706 = ORIENTED_EDGE('',*,*,#4707,.F.);
#4707 = EDGE_CURVE('',#4708,#1380,#4710,.T.);
#4708 = VERTEX_POINT('',#4709);
#4709 = CARTESIAN_POINT('',(-1.301,29.,7.35));
#4710 = LINE('',#4711,#4712);
#4711 = CARTESIAN_POINT('',(-1.301,20.95,7.35));
#4712 = VECTOR('',#4713,1.);
#4713 = DIRECTION('',(0.,-1.,0.));
#4714 = ORIENTED_EDGE('',*,*,#4715,.F.);
#4715 = EDGE_CURVE('',#4716,#4708,#4718,.T.);
#4716 = VERTEX_POINT('',#4717);
#4717 = CARTESIAN_POINT('',(-2.771,29.,7.35));
#4718 = LINE('',#4719,#4720);
#4719 = CARTESIAN_POINT('',(-3.3855,29.,7.35));
#4720 = VECTOR('',#4721,1.);
#4721 = DIRECTION('',(1.,0.,-0.));
#4722 = ORIENTED_EDGE('',*,*,#4723,.T.);
#4723 = EDGE_CURVE('',#4716,#1396,#4724,.T.);
#4724 = LINE('',#4725,#4726);
#4725 = CARTESIAN_POINT('',(-2.771,20.95,7.35));
#4726 = VECTOR('',#4727,1.);
#4727 = DIRECTION('',(0.,-1.,0.));
#4728 = ORIENTED_EDGE('',*,*,#1403,.T.);
#4729 = PLANE('',#4730);
#4730 = AXIS2_PLACEMENT_3D('',#4731,#4732,#4733);
#4731 = CARTESIAN_POINT('',(-4.,15.,7.35));
#4732 = DIRECTION('',(0.,0.,1.));
#4733 = DIRECTION('',(1.,0.,-0.));
#4734 = ADVANCED_FACE('',(#4735),#4753,.F.);
#4735 = FACE_BOUND('',#4736,.F.);
#4736 = EDGE_LOOP('',(#4737,#4745,#4751,#4752));
#4737 = ORIENTED_EDGE('',*,*,#4738,.F.);
#4738 = EDGE_CURVE('',#4739,#1484,#4741,.T.);
#4739 = VERTEX_POINT('',#4740);
#4740 = CARTESIAN_POINT('',(4.,25.,12.35));
#4741 = LINE('',#4742,#4743);
#4742 = CARTESIAN_POINT('',(4.,15.,12.35));
#4743 = VECTOR('',#4744,1.);
#4744 = DIRECTION('',(-0.,1.,0.));
#4745 = ORIENTED_EDGE('',*,*,#4746,.F.);
#4746 = EDGE_CURVE('',#4670,#4739,#4747,.T.);
#4747 = LINE('',#4748,#4749);
#4748 = CARTESIAN_POINT('',(4.,25.,13.404478644465));
#4749 = VECTOR('',#4750,1.);
#4750 = DIRECTION('',(0.,6.661338147751E-16,1.));
#4751 = ORIENTED_EDGE('',*,*,#4677,.T.);
#4752 = ORIENTED_EDGE('',*,*,#1491,.T.);
#4753 = PLANE('',#4754);
#4754 = AXIS2_PLACEMENT_3D('',#4755,#4756,#4757);
#4755 = CARTESIAN_POINT('',(4.,15.,7.35));
#4756 = DIRECTION('',(1.,0.,-0.));
#4757 = DIRECTION('',(0.,0.,1.));
#4758 = ADVANCED_FACE('',(#4759),#4777,.T.);
#4759 = FACE_BOUND('',#4760,.T.);
#4760 = EDGE_LOOP('',(#4761,#4769,#4775,#4776));
#4761 = ORIENTED_EDGE('',*,*,#4762,.F.);
#4762 = EDGE_CURVE('',#4763,#1412,#4765,.T.);
#4763 = VERTEX_POINT('',#4764);
#4764 = CARTESIAN_POINT('',(-4.,25.,12.35));
#4765 = LINE('',#4766,#4767);
#4766 = CARTESIAN_POINT('',(-4.,15.,12.35));
#4767 = VECTOR('',#4768,1.);
#4768 = DIRECTION('',(-0.,1.,0.));
#4769 = ORIENTED_EDGE('',*,*,#4770,.F.);
#4770 = EDGE_CURVE('',#4662,#4763,#4771,.T.);
#4771 = LINE('',#4772,#4773);
#4772 = CARTESIAN_POINT('',(-4.,25.,13.404478644465));
#4773 = VECTOR('',#4774,1.);
#4774 = DIRECTION('',(0.,6.661338147751E-16,1.));
#4775 = ORIENTED_EDGE('',*,*,#4661,.T.);
#4776 = ORIENTED_EDGE('',*,*,#1411,.T.);
#4777 = PLANE('',#4778);
#4778 = AXIS2_PLACEMENT_3D('',#4779,#4780,#4781);
#4779 = CARTESIAN_POINT('',(-4.,15.,7.35));
#4780 = DIRECTION('',(1.,0.,-0.));
#4781 = DIRECTION('',(0.,0.,1.));
#4782 = ADVANCED_FACE('',(#4783),#4840,.F.);
#4783 = FACE_BOUND('',#4784,.F.);
#4784 = EDGE_LOOP('',(#4785,#4786,#4792,#4793,#4794,#4802,#4810,#4816,
    #4817,#4825,#4833,#4839));
#4785 = ORIENTED_EDGE('',*,*,#4762,.F.);
#4786 = ORIENTED_EDGE('',*,*,#4787,.F.);
#4787 = EDGE_CURVE('',#4739,#4763,#4788,.T.);
#4788 = LINE('',#4789,#4790);
#4789 = CARTESIAN_POINT('',(-2.,25.,12.35));
#4790 = VECTOR('',#4791,1.);
#4791 = DIRECTION('',(-1.,4.440892098501E-16,0.));
#4792 = ORIENTED_EDGE('',*,*,#4738,.T.);
#4793 = ORIENTED_EDGE('',*,*,#1483,.T.);
#4794 = ORIENTED_EDGE('',*,*,#4795,.F.);
#4795 = EDGE_CURVE('',#4796,#1476,#4798,.T.);
#4796 = VERTEX_POINT('',#4797);
#4797 = CARTESIAN_POINT('',(2.771,29.,12.35));
#4798 = LINE('',#4799,#4800);
#4799 = CARTESIAN_POINT('',(2.771,20.95,12.35));
#4800 = VECTOR('',#4801,1.);
#4801 = DIRECTION('',(0.,-1.,0.));
#4802 = ORIENTED_EDGE('',*,*,#4803,.F.);
#4803 = EDGE_CURVE('',#4804,#4796,#4806,.T.);
#4804 = VERTEX_POINT('',#4805);
#4805 = CARTESIAN_POINT('',(1.301,29.,12.35));
#4806 = LINE('',#4807,#4808);
#4807 = CARTESIAN_POINT('',(-1.3495,29.,12.35));
#4808 = VECTOR('',#4809,1.);
#4809 = DIRECTION('',(1.,0.,-0.));
#4810 = ORIENTED_EDGE('',*,*,#4811,.T.);
#4811 = EDGE_CURVE('',#4804,#1452,#4812,.T.);
#4812 = LINE('',#4813,#4814);
#4813 = CARTESIAN_POINT('',(1.301,20.95,12.35));
#4814 = VECTOR('',#4815,1.);
#4815 = DIRECTION('',(0.,-1.,0.));
#4816 = ORIENTED_EDGE('',*,*,#1451,.T.);
#4817 = ORIENTED_EDGE('',*,*,#4818,.F.);
#4818 = EDGE_CURVE('',#4819,#1444,#4821,.T.);
#4819 = VERTEX_POINT('',#4820);
#4820 = CARTESIAN_POINT('',(-1.301,29.,12.35));
#4821 = LINE('',#4822,#4823);
#4822 = CARTESIAN_POINT('',(-1.301,20.95,12.35));
#4823 = VECTOR('',#4824,1.);
#4824 = DIRECTION('',(0.,-1.,0.));
#4825 = ORIENTED_EDGE('',*,*,#4826,.F.);
#4826 = EDGE_CURVE('',#4827,#4819,#4829,.T.);
#4827 = VERTEX_POINT('',#4828);
#4828 = CARTESIAN_POINT('',(-2.771,29.,12.35));
#4829 = LINE('',#4830,#4831);
#4830 = CARTESIAN_POINT('',(-3.3855,29.,12.35));
#4831 = VECTOR('',#4832,1.);
#4832 = DIRECTION('',(1.,0.,-0.));
#4833 = ORIENTED_EDGE('',*,*,#4834,.T.);
#4834 = EDGE_CURVE('',#4827,#1420,#4835,.T.);
#4835 = LINE('',#4836,#4837);
#4836 = CARTESIAN_POINT('',(-2.771,20.95,12.35));
#4837 = VECTOR('',#4838,1.);
#4838 = DIRECTION('',(0.,-1.,0.));
#4839 = ORIENTED_EDGE('',*,*,#1419,.T.);
#4840 = PLANE('',#4841);
#4841 = AXIS2_PLACEMENT_3D('',#4842,#4843,#4844);
#4842 = CARTESIAN_POINT('',(-4.,15.,12.35));
#4843 = DIRECTION('',(0.,0.,1.));
#4844 = DIRECTION('',(1.,0.,-0.));
#4845 = ADVANCED_FACE('',(#4846),#4871,.T.);
#4846 = FACE_BOUND('',#4847,.T.);
#4847 = EDGE_LOOP('',(#4848,#4856,#4864,#4870));
#4848 = ORIENTED_EDGE('',*,*,#4849,.F.);
#4849 = EDGE_CURVE('',#4850,#415,#4852,.T.);
#4850 = VERTEX_POINT('',#4851);
#4851 = CARTESIAN_POINT('',(17.348,25.,-16.817));
#4852 = LINE('',#4853,#4854);
#4853 = CARTESIAN_POINT('',(17.348,23.,-16.817));
#4854 = VECTOR('',#4855,1.);
#4855 = DIRECTION('',(-0.,1.,0.));
#4856 = ORIENTED_EDGE('',*,*,#4857,.F.);
#4857 = EDGE_CURVE('',#4858,#4850,#4860,.T.);
#4858 = VERTEX_POINT('',#4859);
#4859 = CARTESIAN_POINT('',(19.383,25.,-16.817));
#4860 = LINE('',#4861,#4862);
#4861 = CARTESIAN_POINT('',(8.674,25.,-16.817));
#4862 = VECTOR('',#4863,1.);
#4863 = DIRECTION('',(-1.,4.440892098501E-16,0.));
#4864 = ORIENTED_EDGE('',*,*,#4865,.T.);
#4865 = EDGE_CURVE('',#4858,#407,#4866,.T.);
#4866 = LINE('',#4867,#4868);
#4867 = CARTESIAN_POINT('',(19.383,23.,-16.817));
#4868 = VECTOR('',#4869,1.);
#4869 = DIRECTION('',(-0.,1.,0.));
#4870 = ORIENTED_EDGE('',*,*,#414,.T.);
#4871 = PLANE('',#4872);
#4872 = AXIS2_PLACEMENT_3D('',#4873,#4874,#4875);
#4873 = CARTESIAN_POINT('',(17.348,23.,-16.817));
#4874 = DIRECTION('',(0.,0.,1.));
#4875 = DIRECTION('',(1.,0.,-0.));
#4876 = ADVANCED_FACE('',(#4877),#4895,.T.);
#4877 = FACE_BOUND('',#4878,.T.);
#4878 = EDGE_LOOP('',(#4879,#4887,#4893,#4894));
#4879 = ORIENTED_EDGE('',*,*,#4880,.F.);
#4880 = EDGE_CURVE('',#4881,#423,#4883,.T.);
#4881 = VERTEX_POINT('',#4882);
#4882 = CARTESIAN_POINT('',(17.348,25.,-9.783));
#4883 = LINE('',#4884,#4885);
#4884 = CARTESIAN_POINT('',(17.348,23.,-9.783));
#4885 = VECTOR('',#4886,1.);
#4886 = DIRECTION('',(-0.,1.,0.));
#4887 = ORIENTED_EDGE('',*,*,#4888,.F.);
#4888 = EDGE_CURVE('',#4850,#4881,#4889,.T.);
#4889 = LINE('',#4890,#4891);
#4890 = CARTESIAN_POINT('',(17.348,25.,1.320978644465));
#4891 = VECTOR('',#4892,1.);
#4892 = DIRECTION('',(0.,6.661338147751E-16,1.));
#4893 = ORIENTED_EDGE('',*,*,#4849,.T.);
#4894 = ORIENTED_EDGE('',*,*,#422,.T.);
#4895 = PLANE('',#4896);
#4896 = AXIS2_PLACEMENT_3D('',#4897,#4898,#4899);
#4897 = CARTESIAN_POINT('',(17.348,23.,-16.817));
#4898 = DIRECTION('',(1.,0.,-0.));
#4899 = DIRECTION('',(0.,0.,1.));
#4900 = ADVANCED_FACE('',(#4901),#4919,.F.);
#4901 = FACE_BOUND('',#4902,.F.);
#4902 = EDGE_LOOP('',(#4903,#4904,#4912,#4918));
#4903 = ORIENTED_EDGE('',*,*,#4880,.F.);
#4904 = ORIENTED_EDGE('',*,*,#4905,.F.);
#4905 = EDGE_CURVE('',#4906,#4881,#4908,.T.);
#4906 = VERTEX_POINT('',#4907);
#4907 = CARTESIAN_POINT('',(19.383,25.,-9.783));
#4908 = LINE('',#4909,#4910);
#4909 = CARTESIAN_POINT('',(8.674,25.,-9.783));
#4910 = VECTOR('',#4911,1.);
#4911 = DIRECTION('',(-1.,4.440892098501E-16,0.));
#4912 = ORIENTED_EDGE('',*,*,#4913,.T.);
#4913 = EDGE_CURVE('',#4906,#431,#4914,.T.);
#4914 = LINE('',#4915,#4916);
#4915 = CARTESIAN_POINT('',(19.383,23.,-9.783));
#4916 = VECTOR('',#4917,1.);
#4917 = DIRECTION('',(-0.,1.,0.));
#4918 = ORIENTED_EDGE('',*,*,#430,.T.);
#4919 = PLANE('',#4920);
#4920 = AXIS2_PLACEMENT_3D('',#4921,#4922,#4923);
#4921 = CARTESIAN_POINT('',(17.348,23.,-9.783));
#4922 = DIRECTION('',(0.,0.,1.));
#4923 = DIRECTION('',(1.,0.,-0.));
#4924 = ADVANCED_FACE('',(#4925),#4950,.T.);
#4925 = FACE_BOUND('',#4926,.T.);
#4926 = EDGE_LOOP('',(#4927,#4935,#4936,#4944));
#4927 = ORIENTED_EDGE('',*,*,#4928,.F.);
#4928 = EDGE_CURVE('',#135,#4929,#4931,.T.);
#4929 = VERTEX_POINT('',#4930);
#4930 = CARTESIAN_POINT('',(-21.383,33.,26.85));
#4931 = LINE('',#4932,#4933);
#4932 = CARTESIAN_POINT('',(-21.383,26.9,26.85));
#4933 = VECTOR('',#4934,1.);
#4934 = DIRECTION('',(-2.22044604925E-16,1.,0.));
#4935 = ORIENTED_EDGE('',*,*,#142,.F.);
#4936 = ORIENTED_EDGE('',*,*,#4937,.T.);
#4937 = EDGE_CURVE('',#143,#4938,#4940,.T.);
#4938 = VERTEX_POINT('',#4939);
#4939 = CARTESIAN_POINT('',(-19.383,33.,26.85));
#4940 = LINE('',#4941,#4942);
#4941 = CARTESIAN_POINT('',(-19.383,26.9,26.85));
#4942 = VECTOR('',#4943,1.);
#4943 = DIRECTION('',(-2.22044604925E-16,1.,0.));
#4944 = ORIENTED_EDGE('',*,*,#4945,.F.);
#4945 = EDGE_CURVE('',#4929,#4938,#4946,.T.);
#4946 = LINE('',#4947,#4948);
#4947 = CARTESIAN_POINT('',(-21.383,33.,26.85));
#4948 = VECTOR('',#4949,1.);
#4949 = DIRECTION('',(1.,0.,-2.22044604925E-16));
#4950 = PLANE('',#4951);
#4951 = AXIS2_PLACEMENT_3D('',#4952,#4953,#4954);
#4952 = CARTESIAN_POINT('',(-21.383,26.9,26.85));
#4953 = DIRECTION('',(0.,-2.22044604925E-16,1.));
#4954 = DIRECTION('',(-2.22044604925E-16,1.,0.));
#4955 = ADVANCED_FACE('',(#4956),#4981,.T.);
#4956 = FACE_BOUND('',#4957,.T.);
#4957 = EDGE_LOOP('',(#4958,#4966,#4974,#4980));
#4958 = ORIENTED_EDGE('',*,*,#4959,.F.);
#4959 = EDGE_CURVE('',#4960,#223,#4962,.T.);
#4960 = VERTEX_POINT('',#4961);
#4961 = CARTESIAN_POINT('',(-21.383,33.,-16.75));
#4962 = LINE('',#4963,#4964);
#4963 = CARTESIAN_POINT('',(-21.383,33.,-16.75));
#4964 = VECTOR('',#4965,1.);
#4965 = DIRECTION('',(2.22044604925E-16,-1.,0.));
#4966 = ORIENTED_EDGE('',*,*,#4967,.T.);
#4967 = EDGE_CURVE('',#4960,#4968,#4970,.T.);
#4968 = VERTEX_POINT('',#4969);
#4969 = CARTESIAN_POINT('',(-19.383,33.,-16.75));
#4970 = LINE('',#4971,#4972);
#4971 = CARTESIAN_POINT('',(-21.383,33.,-16.75));
#4972 = VECTOR('',#4973,1.);
#4973 = DIRECTION('',(1.,0.,-2.22044604925E-16));
#4974 = ORIENTED_EDGE('',*,*,#4975,.T.);
#4975 = EDGE_CURVE('',#4968,#215,#4976,.T.);
#4976 = LINE('',#4977,#4978);
#4977 = CARTESIAN_POINT('',(-19.383,33.,-16.75));
#4978 = VECTOR('',#4979,1.);
#4979 = DIRECTION('',(2.22044604925E-16,-1.,0.));
#4980 = ORIENTED_EDGE('',*,*,#222,.F.);
#4981 = PLANE('',#4982);
#4982 = AXIS2_PLACEMENT_3D('',#4983,#4984,#4985);
#4983 = CARTESIAN_POINT('',(-21.383,33.,-16.75));
#4984 = DIRECTION('',(0.,2.22044604925E-16,-1.));
#4985 = DIRECTION('',(2.22044604925E-16,-1.,0.));
#4986 = ADVANCED_FACE('',(#4987),#5012,.T.);
#4987 = FACE_BOUND('',#4988,.T.);
#4988 = EDGE_LOOP('',(#4989,#4997,#5005,#5011));
#4989 = ORIENTED_EDGE('',*,*,#4990,.F.);
#4990 = EDGE_CURVE('',#4991,#399,#4993,.T.);
#4991 = VERTEX_POINT('',#4992);
#4992 = CARTESIAN_POINT('',(19.383,33.,-16.75));
#4993 = LINE('',#4994,#4995);
#4994 = CARTESIAN_POINT('',(19.383,33.,-16.75));
#4995 = VECTOR('',#4996,1.);
#4996 = DIRECTION('',(2.22044604925E-16,-1.,0.));
#4997 = ORIENTED_EDGE('',*,*,#4998,.T.);
#4998 = EDGE_CURVE('',#4991,#4999,#5001,.T.);
#4999 = VERTEX_POINT('',#5000);
#5000 = CARTESIAN_POINT('',(21.383,33.,-16.75));
#5001 = LINE('',#5002,#5003);
#5002 = CARTESIAN_POINT('',(19.383,33.,-16.75));
#5003 = VECTOR('',#5004,1.);
#5004 = DIRECTION('',(1.,0.,-2.22044604925E-16));
#5005 = ORIENTED_EDGE('',*,*,#5006,.T.);
#5006 = EDGE_CURVE('',#4999,#391,#5007,.T.);
#5007 = LINE('',#5008,#5009);
#5008 = CARTESIAN_POINT('',(21.383,33.,-16.75));
#5009 = VECTOR('',#5010,1.);
#5010 = DIRECTION('',(2.22044604925E-16,-1.,0.));
#5011 = ORIENTED_EDGE('',*,*,#398,.F.);
#5012 = PLANE('',#5013);
#5013 = AXIS2_PLACEMENT_3D('',#5014,#5015,#5016);
#5014 = CARTESIAN_POINT('',(19.383,33.,-16.75));
#5015 = DIRECTION('',(0.,2.22044604925E-16,-1.));
#5016 = DIRECTION('',(2.22044604925E-16,-1.,0.));
#5017 = ADVANCED_FACE('',(#5018),#5043,.T.);
#5018 = FACE_BOUND('',#5019,.T.);
#5019 = EDGE_LOOP('',(#5020,#5028,#5029,#5037));
#5020 = ORIENTED_EDGE('',*,*,#5021,.F.);
#5021 = EDGE_CURVE('',#471,#5022,#5024,.T.);
#5022 = VERTEX_POINT('',#5023);
#5023 = CARTESIAN_POINT('',(19.383,33.,26.85));
#5024 = LINE('',#5025,#5026);
#5025 = CARTESIAN_POINT('',(19.383,26.9,26.85));
#5026 = VECTOR('',#5027,1.);
#5027 = DIRECTION('',(-2.22044604925E-16,1.,0.));
#5028 = ORIENTED_EDGE('',*,*,#478,.F.);
#5029 = ORIENTED_EDGE('',*,*,#5030,.T.);
#5030 = EDGE_CURVE('',#479,#5031,#5033,.T.);
#5031 = VERTEX_POINT('',#5032);
#5032 = CARTESIAN_POINT('',(21.383,33.,26.85));
#5033 = LINE('',#5034,#5035);
#5034 = CARTESIAN_POINT('',(21.383,26.9,26.85));
#5035 = VECTOR('',#5036,1.);
#5036 = DIRECTION('',(-2.22044604925E-16,1.,0.));
#5037 = ORIENTED_EDGE('',*,*,#5038,.F.);
#5038 = EDGE_CURVE('',#5022,#5031,#5039,.T.);
#5039 = LINE('',#5040,#5041);
#5040 = CARTESIAN_POINT('',(19.383,33.,26.85));
#5041 = VECTOR('',#5042,1.);
#5042 = DIRECTION('',(1.,0.,-2.22044604925E-16));
#5043 = PLANE('',#5044);
#5044 = AXIS2_PLACEMENT_3D('',#5045,#5046,#5047);
#5045 = CARTESIAN_POINT('',(19.383,26.9,26.85));
#5046 = DIRECTION('',(0.,-2.22044604925E-16,1.));
#5047 = DIRECTION('',(-2.22044604925E-16,1.,0.));
#5048 = ADVANCED_FACE('',(#5049),#5074,.T.);
#5049 = FACE_BOUND('',#5050,.T.);
#5050 = EDGE_LOOP('',(#5051,#5061,#5067,#5068));
#5051 = ORIENTED_EDGE('',*,*,#5052,.T.);
#5052 = EDGE_CURVE('',#5053,#5055,#5057,.T.);
#5053 = VERTEX_POINT('',#5054);
#5054 = CARTESIAN_POINT('',(-24.267,34.8,49.617));
#5055 = VERTEX_POINT('',#5056);
#5056 = CARTESIAN_POINT('',(-24.267,34.8,51.793010514696));
#5057 = LINE('',#5058,#5059);
#5058 = CARTESIAN_POINT('',(-24.267,34.8,49.617));
#5059 = VECTOR('',#5060,1.);
#5060 = DIRECTION('',(0.,0.,1.));
#5061 = ORIENTED_EDGE('',*,*,#5062,.F.);
#5062 = EDGE_CURVE('',#1009,#5055,#5063,.T.);
#5063 = LINE('',#5064,#5065);
#5064 = CARTESIAN_POINT('',(-24.267,26.9,51.793010514696));
#5065 = VECTOR('',#5066,1.);
#5066 = DIRECTION('',(0.,1.,0.));
#5067 = ORIENTED_EDGE('',*,*,#1006,.F.);
#5068 = ORIENTED_EDGE('',*,*,#5069,.T.);
#5069 = EDGE_CURVE('',#1007,#5053,#5070,.T.);
#5070 = LINE('',#5071,#5072);
#5071 = CARTESIAN_POINT('',(-24.267,26.9,49.617));
#5072 = VECTOR('',#5073,1.);
#5073 = DIRECTION('',(-0.,1.,0.));
#5074 = PLANE('',#5075);
#5075 = AXIS2_PLACEMENT_3D('',#5076,#5077,#5078);
#5076 = CARTESIAN_POINT('',(-24.267,26.9,49.617));
#5077 = DIRECTION('',(1.,0.,-0.));
#5078 = DIRECTION('',(0.,0.,1.));
#5079 = ADVANCED_FACE('',(#5080),#5098,.F.);
#5080 = FACE_BOUND('',#5081,.F.);
#5081 = EDGE_LOOP('',(#5082,#5090,#5091,#5092));
#5082 = ORIENTED_EDGE('',*,*,#5083,.F.);
#5083 = EDGE_CURVE('',#1017,#5084,#5086,.T.);
#5084 = VERTEX_POINT('',#5085);
#5085 = CARTESIAN_POINT('',(-25.733,34.8,49.617));
#5086 = LINE('',#5087,#5088);
#5087 = CARTESIAN_POINT('',(-25.733,26.9,49.617));
#5088 = VECTOR('',#5089,1.);
#5089 = DIRECTION('',(-0.,1.,0.));
#5090 = ORIENTED_EDGE('',*,*,#1016,.F.);
#5091 = ORIENTED_EDGE('',*,*,#5069,.T.);
#5092 = ORIENTED_EDGE('',*,*,#5093,.F.);
#5093 = EDGE_CURVE('',#5084,#5053,#5094,.T.);
#5094 = LINE('',#5095,#5096);
#5095 = CARTESIAN_POINT('',(-25.733,34.8,49.617));
#5096 = VECTOR('',#5097,1.);
#5097 = DIRECTION('',(1.,0.,-0.));
#5098 = PLANE('',#5099);
#5099 = AXIS2_PLACEMENT_3D('',#5100,#5101,#5102);
#5100 = CARTESIAN_POINT('',(-25.733,26.9,49.617));
#5101 = DIRECTION('',(0.,0.,1.));
#5102 = DIRECTION('',(1.,0.,-0.));
#5103 = ADVANCED_FACE('',(#5104),#5123,.T.);
#5104 = FACE_BOUND('',#5105,.T.);
#5105 = EDGE_LOOP('',(#5106,#5115,#5121,#5122));
#5106 = ORIENTED_EDGE('',*,*,#5107,.F.);
#5107 = EDGE_CURVE('',#5108,#5055,#5110,.T.);
#5108 = VERTEX_POINT('',#5109);
#5109 = CARTESIAN_POINT('',(-23.19301051469,34.8,52.867));
#5110 = CIRCLE('',#5111,1.95);
#5111 = AXIS2_PLACEMENT_3D('',#5112,#5113,#5114);
#5112 = CARTESIAN_POINT('',(-25.,34.8,53.6));
#5113 = DIRECTION('',(0.,1.,0.));
#5114 = DIRECTION('',(0.,-0.,1.));
#5115 = ORIENTED_EDGE('',*,*,#5116,.F.);
#5116 = EDGE_CURVE('',#1067,#5108,#5117,.T.);
#5117 = LINE('',#5118,#5119);
#5118 = CARTESIAN_POINT('',(-23.19301051469,26.9,52.867));
#5119 = VECTOR('',#5120,1.);
#5120 = DIRECTION('',(0.,1.,0.));
#5121 = ORIENTED_EDGE('',*,*,#1074,.T.);
#5122 = ORIENTED_EDGE('',*,*,#5062,.T.);
#5123 = CYLINDRICAL_SURFACE('',#5124,1.95);
#5124 = AXIS2_PLACEMENT_3D('',#5125,#5126,#5127);
#5125 = CARTESIAN_POINT('',(-25.,26.9,53.6));
#5126 = DIRECTION('',(0.,1.,0.));
#5127 = DIRECTION('',(0.,-0.,1.));
#5128 = ADVANCED_FACE('',(#5129),#5147,.F.);
#5129 = FACE_BOUND('',#5130,.F.);
#5130 = EDGE_LOOP('',(#5131,#5139,#5140,#5141));
#5131 = ORIENTED_EDGE('',*,*,#5132,.F.);
#5132 = EDGE_CURVE('',#1025,#5133,#5135,.T.);
#5133 = VERTEX_POINT('',#5134);
#5134 = CARTESIAN_POINT('',(-25.733,34.8,51.793010514696));
#5135 = LINE('',#5136,#5137);
#5136 = CARTESIAN_POINT('',(-25.733,26.9,51.793010514696));
#5137 = VECTOR('',#5138,1.);
#5138 = DIRECTION('',(0.,1.,0.));
#5139 = ORIENTED_EDGE('',*,*,#1024,.F.);
#5140 = ORIENTED_EDGE('',*,*,#5083,.T.);
#5141 = ORIENTED_EDGE('',*,*,#5142,.T.);
#5142 = EDGE_CURVE('',#5084,#5133,#5143,.T.);
#5143 = LINE('',#5144,#5145);
#5144 = CARTESIAN_POINT('',(-25.733,34.8,49.617));
#5145 = VECTOR('',#5146,1.);
#5146 = DIRECTION('',(0.,0.,1.));
#5147 = PLANE('',#5148);
#5148 = AXIS2_PLACEMENT_3D('',#5149,#5150,#5151);
#5149 = CARTESIAN_POINT('',(-25.733,26.9,49.617));
#5150 = DIRECTION('',(1.,0.,-0.));
#5151 = DIRECTION('',(0.,0.,1.));
#5152 = ADVANCED_FACE('',(#5153),#5171,.F.);
#5153 = FACE_BOUND('',#5154,.F.);
#5154 = EDGE_LOOP('',(#5155,#5163,#5164,#5165));
#5155 = ORIENTED_EDGE('',*,*,#5156,.F.);
#5156 = EDGE_CURVE('',#5108,#5157,#5159,.T.);
#5157 = VERTEX_POINT('',#5158);
#5158 = CARTESIAN_POINT('',(-21.017,34.8,52.867));
#5159 = LINE('',#5160,#5161);
#5160 = CARTESIAN_POINT('',(-25.,34.8,52.867));
#5161 = VECTOR('',#5162,1.);
#5162 = DIRECTION('',(1.,0.,-0.));
#5163 = ORIENTED_EDGE('',*,*,#5116,.F.);
#5164 = ORIENTED_EDGE('',*,*,#1066,.F.);
#5165 = ORIENTED_EDGE('',*,*,#5166,.T.);
#5166 = EDGE_CURVE('',#1059,#5157,#5167,.T.);
#5167 = LINE('',#5168,#5169);
#5168 = CARTESIAN_POINT('',(-21.017,26.9,52.867));
#5169 = VECTOR('',#5170,1.);
#5170 = DIRECTION('',(-0.,1.,0.));
#5171 = PLANE('',#5172);
#5172 = AXIS2_PLACEMENT_3D('',#5173,#5174,#5175);
#5173 = CARTESIAN_POINT('',(-25.,26.9,52.867));
#5174 = DIRECTION('',(0.,0.,1.));
#5175 = DIRECTION('',(1.,0.,-0.));
#5176 = ADVANCED_FACE('',(#5177),#5195,.T.);
#5177 = FACE_BOUND('',#5178,.T.);
#5178 = EDGE_LOOP('',(#5179,#5187,#5188,#5189));
#5179 = ORIENTED_EDGE('',*,*,#5180,.F.);
#5180 = EDGE_CURVE('',#1051,#5181,#5183,.T.);
#5181 = VERTEX_POINT('',#5182);
#5182 = CARTESIAN_POINT('',(-21.017,34.8,54.333));
#5183 = LINE('',#5184,#5185);
#5184 = CARTESIAN_POINT('',(-21.017,26.9,54.333));
#5185 = VECTOR('',#5186,1.);
#5186 = DIRECTION('',(-0.,1.,0.));
#5187 = ORIENTED_EDGE('',*,*,#1058,.F.);
#5188 = ORIENTED_EDGE('',*,*,#5166,.T.);
#5189 = ORIENTED_EDGE('',*,*,#5190,.T.);
#5190 = EDGE_CURVE('',#5157,#5181,#5191,.T.);
#5191 = LINE('',#5192,#5193);
#5192 = CARTESIAN_POINT('',(-21.017,34.8,52.867));
#5193 = VECTOR('',#5194,1.);
#5194 = DIRECTION('',(0.,0.,1.));
#5195 = PLANE('',#5196);
#5196 = AXIS2_PLACEMENT_3D('',#5197,#5198,#5199);
#5197 = CARTESIAN_POINT('',(-21.017,26.9,52.867));
#5198 = DIRECTION('',(1.,0.,-0.));
#5199 = DIRECTION('',(0.,0.,1.));
#5200 = ADVANCED_FACE('',(#5201),#5219,.T.);
#5201 = FACE_BOUND('',#5202,.T.);
#5202 = EDGE_LOOP('',(#5203,#5211,#5212,#5213));
#5203 = ORIENTED_EDGE('',*,*,#5204,.F.);
#5204 = EDGE_CURVE('',#1042,#5205,#5207,.T.);
#5205 = VERTEX_POINT('',#5206);
#5206 = CARTESIAN_POINT('',(-23.19301051469,34.8,54.333));
#5207 = LINE('',#5208,#5209);
#5208 = CARTESIAN_POINT('',(-23.19301051469,26.9,54.333));
#5209 = VECTOR('',#5210,1.);
#5210 = DIRECTION('',(0.,1.,0.));
#5211 = ORIENTED_EDGE('',*,*,#1050,.F.);
#5212 = ORIENTED_EDGE('',*,*,#5180,.T.);
#5213 = ORIENTED_EDGE('',*,*,#5214,.F.);
#5214 = EDGE_CURVE('',#5205,#5181,#5215,.T.);
#5215 = LINE('',#5216,#5217);
#5216 = CARTESIAN_POINT('',(-25.,34.8,54.333));
#5217 = VECTOR('',#5218,1.);
#5218 = DIRECTION('',(1.,0.,-0.));
#5219 = PLANE('',#5220);
#5220 = AXIS2_PLACEMENT_3D('',#5221,#5222,#5223);
#5221 = CARTESIAN_POINT('',(-25.,26.9,54.333));
#5222 = DIRECTION('',(0.,0.,1.));
#5223 = DIRECTION('',(1.,0.,-0.));
#5224 = ADVANCED_FACE('',(#5225),#5250,.F.);
#5225 = FACE_BOUND('',#5226,.F.);
#5226 = EDGE_LOOP('',(#5227,#5235,#5236,#5244));
#5227 = ORIENTED_EDGE('',*,*,#5228,.F.);
#5228 = EDGE_CURVE('',#1086,#5229,#5231,.T.);
#5229 = VERTEX_POINT('',#5230);
#5230 = CARTESIAN_POINT('',(-12.983,35.,52.817));
#5231 = LINE('',#5232,#5233);
#5232 = CARTESIAN_POINT('',(-12.983,26.9,52.817));
#5233 = VECTOR('',#5234,1.);
#5234 = DIRECTION('',(-0.,1.,0.));
#5235 = ORIENTED_EDGE('',*,*,#1083,.F.);
#5236 = ORIENTED_EDGE('',*,*,#5237,.T.);
#5237 = EDGE_CURVE('',#1084,#5238,#5240,.T.);
#5238 = VERTEX_POINT('',#5239);
#5239 = CARTESIAN_POINT('',(-11.017,35.,52.817));
#5240 = LINE('',#5241,#5242);
#5241 = CARTESIAN_POINT('',(-11.017,26.9,52.817));
#5242 = VECTOR('',#5243,1.);
#5243 = DIRECTION('',(-0.,1.,0.));
#5244 = ORIENTED_EDGE('',*,*,#5245,.F.);
#5245 = EDGE_CURVE('',#5229,#5238,#5246,.T.);
#5246 = LINE('',#5247,#5248);
#5247 = CARTESIAN_POINT('',(-12.983,35.,52.817));
#5248 = VECTOR('',#5249,1.);
#5249 = DIRECTION('',(1.,0.,-0.));
#5250 = PLANE('',#5251);
#5251 = AXIS2_PLACEMENT_3D('',#5252,#5253,#5254);
#5252 = CARTESIAN_POINT('',(-12.983,26.9,52.817));
#5253 = DIRECTION('',(0.,0.,1.));
#5254 = DIRECTION('',(1.,0.,-0.));
#5255 = ADVANCED_FACE('',(#5256),#5274,.T.);
#5256 = FACE_BOUND('',#5257,.T.);
#5257 = EDGE_LOOP('',(#5258,#5266,#5267,#5268));
#5258 = ORIENTED_EDGE('',*,*,#5259,.F.);
#5259 = EDGE_CURVE('',#1102,#5260,#5262,.T.);
#5260 = VERTEX_POINT('',#5261);
#5261 = CARTESIAN_POINT('',(-11.017,35.,55.683));
#5262 = LINE('',#5263,#5264);
#5263 = CARTESIAN_POINT('',(-11.017,26.9,55.683));
#5264 = VECTOR('',#5265,1.);
#5265 = DIRECTION('',(-0.,1.,0.));
#5266 = ORIENTED_EDGE('',*,*,#1109,.F.);
#5267 = ORIENTED_EDGE('',*,*,#5237,.T.);
#5268 = ORIENTED_EDGE('',*,*,#5269,.T.);
#5269 = EDGE_CURVE('',#5238,#5260,#5270,.T.);
#5270 = LINE('',#5271,#5272);
#5271 = CARTESIAN_POINT('',(-11.017,35.,52.817));
#5272 = VECTOR('',#5273,1.);
#5273 = DIRECTION('',(0.,0.,1.));
#5274 = PLANE('',#5275);
#5275 = AXIS2_PLACEMENT_3D('',#5276,#5277,#5278);
#5276 = CARTESIAN_POINT('',(-11.017,26.9,52.817));
#5277 = DIRECTION('',(1.,0.,-0.));
#5278 = DIRECTION('',(0.,0.,1.));
#5279 = ADVANCED_FACE('',(#5280),#5298,.F.);
#5280 = FACE_BOUND('',#5281,.F.);
#5281 = EDGE_LOOP('',(#5282,#5290,#5291,#5292));
#5282 = ORIENTED_EDGE('',*,*,#5283,.F.);
#5283 = EDGE_CURVE('',#1094,#5284,#5286,.T.);
#5284 = VERTEX_POINT('',#5285);
#5285 = CARTESIAN_POINT('',(-12.983,35.,55.683));
#5286 = LINE('',#5287,#5288);
#5287 = CARTESIAN_POINT('',(-12.983,26.9,55.683));
#5288 = VECTOR('',#5289,1.);
#5289 = DIRECTION('',(-0.,1.,0.));
#5290 = ORIENTED_EDGE('',*,*,#1093,.F.);
#5291 = ORIENTED_EDGE('',*,*,#5228,.T.);
#5292 = ORIENTED_EDGE('',*,*,#5293,.T.);
#5293 = EDGE_CURVE('',#5229,#5284,#5294,.T.);
#5294 = LINE('',#5295,#5296);
#5295 = CARTESIAN_POINT('',(-12.983,35.,52.817));
#5296 = VECTOR('',#5297,1.);
#5297 = DIRECTION('',(0.,0.,1.));
#5298 = PLANE('',#5299);
#5299 = AXIS2_PLACEMENT_3D('',#5300,#5301,#5302);
#5300 = CARTESIAN_POINT('',(-12.983,26.9,52.817));
#5301 = DIRECTION('',(1.,0.,-0.));
#5302 = DIRECTION('',(0.,0.,1.));
#5303 = ADVANCED_FACE('',(#5304),#5315,.T.);
#5304 = FACE_BOUND('',#5305,.T.);
#5305 = EDGE_LOOP('',(#5306,#5307,#5308,#5309));
#5306 = ORIENTED_EDGE('',*,*,#5283,.F.);
#5307 = ORIENTED_EDGE('',*,*,#1101,.F.);
#5308 = ORIENTED_EDGE('',*,*,#5259,.T.);
#5309 = ORIENTED_EDGE('',*,*,#5310,.F.);
#5310 = EDGE_CURVE('',#5284,#5260,#5311,.T.);
#5311 = LINE('',#5312,#5313);
#5312 = CARTESIAN_POINT('',(-12.983,35.,55.683));
#5313 = VECTOR('',#5314,1.);
#5314 = DIRECTION('',(1.,0.,-0.));
#5315 = PLANE('',#5316);
#5316 = AXIS2_PLACEMENT_3D('',#5317,#5318,#5319);
#5317 = CARTESIAN_POINT('',(-12.983,26.9,55.683));
#5318 = DIRECTION('',(0.,0.,1.));
#5319 = DIRECTION('',(1.,0.,-0.));
#5320 = ADVANCED_FACE('',(#5321),#5346,.F.);
#5321 = FACE_BOUND('',#5322,.F.);
#5322 = EDGE_LOOP('',(#5323,#5331,#5332,#5340));
#5323 = ORIENTED_EDGE('',*,*,#5324,.F.);
#5324 = EDGE_CURVE('',#1120,#5325,#5327,.T.);
#5325 = VERTEX_POINT('',#5326);
#5326 = CARTESIAN_POINT('',(-14.985,29.,-12.433));
#5327 = LINE('',#5328,#5329);
#5328 = CARTESIAN_POINT('',(-14.985,26.9,-12.433));
#5329 = VECTOR('',#5330,1.);
#5330 = DIRECTION('',(-0.,1.,0.));
#5331 = ORIENTED_EDGE('',*,*,#1117,.F.);
#5332 = ORIENTED_EDGE('',*,*,#5333,.T.);
#5333 = EDGE_CURVE('',#1118,#5334,#5336,.T.);
#5334 = VERTEX_POINT('',#5335);
#5335 = CARTESIAN_POINT('',(-13.515,29.,-12.433));
#5336 = LINE('',#5337,#5338);
#5337 = CARTESIAN_POINT('',(-13.515,26.9,-12.433));
#5338 = VECTOR('',#5339,1.);
#5339 = DIRECTION('',(-0.,1.,0.));
#5340 = ORIENTED_EDGE('',*,*,#5341,.F.);
#5341 = EDGE_CURVE('',#5325,#5334,#5342,.T.);
#5342 = LINE('',#5343,#5344);
#5343 = CARTESIAN_POINT('',(-14.985,29.,-12.433));
#5344 = VECTOR('',#5345,1.);
#5345 = DIRECTION('',(1.,0.,-0.));
#5346 = PLANE('',#5347);
#5347 = AXIS2_PLACEMENT_3D('',#5348,#5349,#5350);
#5348 = CARTESIAN_POINT('',(-14.985,26.9,-12.433));
#5349 = DIRECTION('',(0.,0.,1.));
#5350 = DIRECTION('',(1.,0.,-0.));
#5351 = ADVANCED_FACE('',(#5352),#5370,.T.);
#5352 = FACE_BOUND('',#5353,.T.);
#5353 = EDGE_LOOP('',(#5354,#5362,#5363,#5364));
#5354 = ORIENTED_EDGE('',*,*,#5355,.F.);
#5355 = EDGE_CURVE('',#1136,#5356,#5358,.T.);
#5356 = VERTEX_POINT('',#5357);
#5357 = CARTESIAN_POINT('',(-13.515,29.,22.533));
#5358 = LINE('',#5359,#5360);
#5359 = CARTESIAN_POINT('',(-13.515,26.9,22.533));
#5360 = VECTOR('',#5361,1.);
#5361 = DIRECTION('',(-0.,1.,0.));
#5362 = ORIENTED_EDGE('',*,*,#1143,.F.);
#5363 = ORIENTED_EDGE('',*,*,#5333,.T.);
#5364 = ORIENTED_EDGE('',*,*,#5365,.T.);
#5365 = EDGE_CURVE('',#5334,#5356,#5366,.T.);
#5366 = LINE('',#5367,#5368);
#5367 = CARTESIAN_POINT('',(-13.515,29.,-12.433));
#5368 = VECTOR('',#5369,1.);
#5369 = DIRECTION('',(0.,0.,1.));
#5370 = PLANE('',#5371);
#5371 = AXIS2_PLACEMENT_3D('',#5372,#5373,#5374);
#5372 = CARTESIAN_POINT('',(-13.515,26.9,-12.433));
#5373 = DIRECTION('',(1.,0.,-0.));
#5374 = DIRECTION('',(0.,0.,1.));
#5375 = ADVANCED_FACE('',(#5376),#5394,.F.);
#5376 = FACE_BOUND('',#5377,.F.);
#5377 = EDGE_LOOP('',(#5378,#5386,#5387,#5388));
#5378 = ORIENTED_EDGE('',*,*,#5379,.F.);
#5379 = EDGE_CURVE('',#1128,#5380,#5382,.T.);
#5380 = VERTEX_POINT('',#5381);
#5381 = CARTESIAN_POINT('',(-14.985,29.,22.533));
#5382 = LINE('',#5383,#5384);
#5383 = CARTESIAN_POINT('',(-14.985,26.9,22.533));
#5384 = VECTOR('',#5385,1.);
#5385 = DIRECTION('',(-0.,1.,0.));
#5386 = ORIENTED_EDGE('',*,*,#1127,.F.);
#5387 = ORIENTED_EDGE('',*,*,#5324,.T.);
#5388 = ORIENTED_EDGE('',*,*,#5389,.T.);
#5389 = EDGE_CURVE('',#5325,#5380,#5390,.T.);
#5390 = LINE('',#5391,#5392);
#5391 = CARTESIAN_POINT('',(-14.985,29.,-12.433));
#5392 = VECTOR('',#5393,1.);
#5393 = DIRECTION('',(0.,0.,1.));
#5394 = PLANE('',#5395);
#5395 = AXIS2_PLACEMENT_3D('',#5396,#5397,#5398);
#5396 = CARTESIAN_POINT('',(-14.985,26.9,-12.433));
#5397 = DIRECTION('',(1.,0.,-0.));
#5398 = DIRECTION('',(0.,0.,1.));
#5399 = ADVANCED_FACE('',(#5400),#5411,.T.);
#5400 = FACE_BOUND('',#5401,.T.);
#5401 = EDGE_LOOP('',(#5402,#5403,#5404,#5405));
#5402 = ORIENTED_EDGE('',*,*,#5379,.F.);
#5403 = ORIENTED_EDGE('',*,*,#1135,.F.);
#5404 = ORIENTED_EDGE('',*,*,#5355,.T.);
#5405 = ORIENTED_EDGE('',*,*,#5406,.F.);
#5406 = EDGE_CURVE('',#5380,#5356,#5407,.T.);
#5407 = LINE('',#5408,#5409);
#5408 = CARTESIAN_POINT('',(-14.985,29.,22.533));
#5409 = VECTOR('',#5410,1.);
#5410 = DIRECTION('',(1.,0.,-0.));
#5411 = PLANE('',#5412);
#5412 = AXIS2_PLACEMENT_3D('',#5413,#5414,#5415);
#5413 = CARTESIAN_POINT('',(-14.985,26.9,22.533));
#5414 = DIRECTION('',(0.,0.,1.));
#5415 = DIRECTION('',(1.,0.,-0.));
#5416 = ADVANCED_FACE('',(#5417),#5442,.T.);
#5417 = FACE_BOUND('',#5418,.T.);
#5418 = EDGE_LOOP('',(#5419,#5427,#5428,#5436));
#5419 = ORIENTED_EDGE('',*,*,#5420,.F.);
#5420 = EDGE_CURVE('',#1154,#5421,#5423,.T.);
#5421 = VERTEX_POINT('',#5422);
#5422 = CARTESIAN_POINT('',(-9.445,29.,6.934462277388));
#5423 = LINE('',#5424,#5425);
#5424 = CARTESIAN_POINT('',(-9.445,26.9,6.934462277388));
#5425 = VECTOR('',#5426,1.);
#5426 = DIRECTION('',(-0.,1.,-4.229421046191E-17));
#5427 = ORIENTED_EDGE('',*,*,#1151,.F.);
#5428 = ORIENTED_EDGE('',*,*,#5429,.T.);
#5429 = EDGE_CURVE('',#1152,#5430,#5432,.T.);
#5430 = VERTEX_POINT('',#5431);
#5431 = CARTESIAN_POINT('',(-9.445,29.,-12.433));
#5432 = LINE('',#5433,#5434);
#5433 = CARTESIAN_POINT('',(-9.445,26.9,-12.433));
#5434 = VECTOR('',#5435,1.);
#5435 = DIRECTION('',(-0.,1.,0.));
#5436 = ORIENTED_EDGE('',*,*,#5437,.T.);
#5437 = EDGE_CURVE('',#5430,#5421,#5438,.T.);
#5438 = LINE('',#5439,#5440);
#5439 = CARTESIAN_POINT('',(-9.445,29.,-12.433));
#5440 = VECTOR('',#5441,1.);
#5441 = DIRECTION('',(0.,0.,1.));
#5442 = PLANE('',#5443);
#5443 = AXIS2_PLACEMENT_3D('',#5444,#5445,#5446);
#5444 = CARTESIAN_POINT('',(-9.445,26.9,-12.433));
#5445 = DIRECTION('',(1.,0.,-0.));
#5446 = DIRECTION('',(0.,0.,1.));
#5447 = ADVANCED_FACE('',(#5448),#5466,.F.);
#5448 = FACE_BOUND('',#5449,.F.);
#5449 = EDGE_LOOP('',(#5450,#5458,#5459,#5460));
#5450 = ORIENTED_EDGE('',*,*,#5451,.F.);
#5451 = EDGE_CURVE('',#1162,#5452,#5454,.T.);
#5452 = VERTEX_POINT('',#5453);
#5453 = CARTESIAN_POINT('',(-10.915,29.,-12.433));
#5454 = LINE('',#5455,#5456);
#5455 = CARTESIAN_POINT('',(-10.915,26.9,-12.433));
#5456 = VECTOR('',#5457,1.);
#5457 = DIRECTION('',(-0.,1.,0.));
#5458 = ORIENTED_EDGE('',*,*,#1161,.F.);
#5459 = ORIENTED_EDGE('',*,*,#5429,.T.);
#5460 = ORIENTED_EDGE('',*,*,#5461,.F.);
#5461 = EDGE_CURVE('',#5452,#5430,#5462,.T.);
#5462 = LINE('',#5463,#5464);
#5463 = CARTESIAN_POINT('',(-10.915,29.,-12.433));
#5464 = VECTOR('',#5465,1.);
#5465 = DIRECTION('',(1.,0.,-0.));
#5466 = PLANE('',#5467);
#5467 = AXIS2_PLACEMENT_3D('',#5468,#5469,#5470);
#5468 = CARTESIAN_POINT('',(-10.915,26.9,-12.433));
#5469 = DIRECTION('',(0.,0.,1.));
#5470 = DIRECTION('',(1.,0.,-0.));
#5471 = ADVANCED_FACE('',(#5472),#5490,.T.);
#5472 = FACE_BOUND('',#5473,.T.);
#5473 = EDGE_LOOP('',(#5474,#5482,#5483,#5484));
#5474 = ORIENTED_EDGE('',*,*,#5475,.F.);
#5475 = EDGE_CURVE('',#1362,#5476,#5478,.T.);
#5476 = VERTEX_POINT('',#5477);
#5477 = CARTESIAN_POINT('',(-8.43133702345,29.,6.323046513754));
#5478 = LINE('',#5479,#5480);
#5479 = CARTESIAN_POINT('',(-8.43133702345,26.9,6.323046513754));
#5480 = VECTOR('',#5481,1.);
#5481 = DIRECTION('',(4.440892098501E-16,1.,-6.661338147751E-16));
#5482 = ORIENTED_EDGE('',*,*,#1369,.F.);
#5483 = ORIENTED_EDGE('',*,*,#5420,.T.);
#5484 = ORIENTED_EDGE('',*,*,#5485,.T.);
#5485 = EDGE_CURVE('',#5421,#5476,#5486,.T.);
#5486 = LINE('',#5487,#5488);
#5487 = CARTESIAN_POINT('',(-11.58133702345,29.,8.223046513754));
#5488 = VECTOR('',#5489,1.);
#5489 = DIRECTION('',(0.85629130855,-7.997736397868E-16,-0.516493170237)
  );
#5490 = PLANE('',#5491);
#5491 = AXIS2_PLACEMENT_3D('',#5492,#5493,#5494);
#5492 = CARTESIAN_POINT('',(-11.58133702345,26.9,8.223046513754));
#5493 = DIRECTION('',(-0.516493170237,-3.621616482053E-17,-0.85629130855
    ));
#5494 = DIRECTION('',(0.85629130855,-7.997736397868E-16,-0.516493170237)
  );
#5495 = ADVANCED_FACE('',(#5496),#5514,.F.);
#5496 = FACE_BOUND('',#5497,.F.);
#5497 = EDGE_LOOP('',(#5498,#5506,#5507,#5508));
#5498 = ORIENTED_EDGE('',*,*,#5499,.F.);
#5499 = EDGE_CURVE('',#1170,#5500,#5502,.T.);
#5500 = VERTEX_POINT('',#5501);
#5501 = CARTESIAN_POINT('',(-10.915,29.,7.821128944055));
#5502 = LINE('',#5503,#5504);
#5503 = CARTESIAN_POINT('',(-10.915,26.9,7.821128944055));
#5504 = VECTOR('',#5505,1.);
#5505 = DIRECTION('',(-0.,1.,-4.229421046191E-17));
#5506 = ORIENTED_EDGE('',*,*,#1169,.F.);
#5507 = ORIENTED_EDGE('',*,*,#5451,.T.);
#5508 = ORIENTED_EDGE('',*,*,#5509,.T.);
#5509 = EDGE_CURVE('',#5452,#5500,#5510,.T.);
#5510 = LINE('',#5511,#5512);
#5511 = CARTESIAN_POINT('',(-10.915,29.,-12.433));
#5512 = VECTOR('',#5513,1.);
#5513 = DIRECTION('',(0.,0.,1.));
#5514 = PLANE('',#5515);
#5515 = AXIS2_PLACEMENT_3D('',#5516,#5517,#5518);
#5516 = CARTESIAN_POINT('',(-10.915,26.9,-12.433));
#5517 = DIRECTION('',(1.,0.,-0.));
#5518 = DIRECTION('',(0.,0.,1.));
#5519 = ADVANCED_FACE('',(#5520),#5538,.T.);
#5520 = FACE_BOUND('',#5521,.T.);
#5521 = EDGE_LOOP('',(#5522,#5523,#5524,#5532));
#5522 = ORIENTED_EDGE('',*,*,#1361,.F.);
#5523 = ORIENTED_EDGE('',*,*,#5475,.T.);
#5524 = ORIENTED_EDGE('',*,*,#5525,.T.);
#5525 = EDGE_CURVE('',#5476,#5526,#5528,.T.);
#5526 = VERTEX_POINT('',#5527);
#5527 = CARTESIAN_POINT('',(-7.976812227507,29.,6.124494898131));
#5528 = LINE('',#5529,#5530);
#5529 = CARTESIAN_POINT('',(-8.43133702345,29.,6.323046513754));
#5530 = VECTOR('',#5531,1.);
#5531 = DIRECTION('',(0.91638150452,-7.88204307338E-16,-0.40030605563));
#5532 = ORIENTED_EDGE('',*,*,#5533,.F.);
#5533 = EDGE_CURVE('',#1354,#5526,#5534,.T.);
#5534 = LINE('',#5535,#5536);
#5535 = CARTESIAN_POINT('',(-7.976812227507,26.9,6.124494898131));
#5536 = VECTOR('',#5537,1.);
#5537 = DIRECTION('',(4.440892098501E-16,1.,-6.661338147751E-16));
#5538 = PLANE('',#5539);
#5539 = AXIS2_PLACEMENT_3D('',#5540,#5541,#5542);
#5540 = CARTESIAN_POINT('',(-8.43133702345,26.9,6.323046513754));
#5541 = DIRECTION('',(-0.40030605563,-1.402977383493E-16,-0.91638150452)
  );
#5542 = DIRECTION('',(0.91638150452,-7.88204307338E-16,-0.40030605563));
#5543 = ADVANCED_FACE('',(#5544),#5562,.T.);
#5544 = FACE_BOUND('',#5545,.T.);
#5545 = EDGE_LOOP('',(#5546,#5547,#5555,#5561));
#5546 = ORIENTED_EDGE('',*,*,#1177,.F.);
#5547 = ORIENTED_EDGE('',*,*,#5548,.T.);
#5548 = EDGE_CURVE('',#1178,#5549,#5551,.T.);
#5549 = VERTEX_POINT('',#5550);
#5550 = CARTESIAN_POINT('',(-11.58133702345,29.,8.223046513754));
#5551 = LINE('',#5552,#5553);
#5552 = CARTESIAN_POINT('',(-11.58133702345,26.9,8.223046513754));
#5553 = VECTOR('',#5554,1.);
#5554 = DIRECTION('',(4.440892098501E-16,1.,-6.661338147751E-16));
#5555 = ORIENTED_EDGE('',*,*,#5556,.T.);
#5556 = EDGE_CURVE('',#5549,#5500,#5557,.T.);
#5557 = LINE('',#5558,#5559);
#5558 = CARTESIAN_POINT('',(-11.58133702345,29.,8.223046513754));
#5559 = VECTOR('',#5560,1.);
#5560 = DIRECTION('',(0.85629130855,-7.997736397868E-16,-0.516493170237)
  );
#5561 = ORIENTED_EDGE('',*,*,#5499,.F.);
#5562 = PLANE('',#5563);
#5563 = AXIS2_PLACEMENT_3D('',#5564,#5565,#5566);
#5564 = CARTESIAN_POINT('',(-11.58133702345,26.9,8.223046513754));
#5565 = DIRECTION('',(-0.516493170237,-3.621616482053E-17,-0.85629130855
    ));
#5566 = DIRECTION('',(0.85629130855,-7.997736397868E-16,-0.516493170237)
  );
#5567 = ADVANCED_FACE('',(#5568),#5586,.T.);
#5568 = FACE_BOUND('',#5569,.T.);
#5569 = EDGE_LOOP('',(#5570,#5571,#5572,#5580));
#5570 = ORIENTED_EDGE('',*,*,#1353,.F.);
#5571 = ORIENTED_EDGE('',*,*,#5533,.T.);
#5572 = ORIENTED_EDGE('',*,*,#5573,.T.);
#5573 = EDGE_CURVE('',#5526,#5574,#5576,.T.);
#5574 = VERTEX_POINT('',#5575);
#5575 = CARTESIAN_POINT('',(-7.486386048859,29.,6.050348438411));
#5576 = LINE('',#5577,#5578);
#5577 = CARTESIAN_POINT('',(-7.976812227507,29.,6.124494898131));
#5578 = VECTOR('',#5579,1.);
#5579 = DIRECTION('',(0.988763393016,-7.250351701804E-16,-0.149488971603
    ));
#5580 = ORIENTED_EDGE('',*,*,#5581,.F.);
#5581 = EDGE_CURVE('',#1346,#5574,#5582,.T.);
#5582 = LINE('',#5583,#5584);
#5583 = CARTESIAN_POINT('',(-7.486386048859,26.9,6.050348438411));
#5584 = VECTOR('',#5585,1.);
#5585 = DIRECTION('',(4.440892098501E-16,1.,-6.661338147751E-16));
#5586 = PLANE('',#5587);
#5587 = AXIS2_PLACEMENT_3D('',#5588,#5589,#5590);
#5588 = CARTESIAN_POINT('',(-7.976812227507,26.9,6.124494898131));
#5589 = DIRECTION('',(-0.149488971603,-3.395194950125E-16,
    -0.988763393016));
#5590 = DIRECTION('',(0.988763393016,-7.250351701804E-16,-0.149488971603
    ));
#5591 = ADVANCED_FACE('',(#5592),#5610,.T.);
#5592 = FACE_BOUND('',#5593,.T.);
#5593 = EDGE_LOOP('',(#5594,#5595,#5603,#5609));
#5594 = ORIENTED_EDGE('',*,*,#1185,.F.);
#5595 = ORIENTED_EDGE('',*,*,#5596,.T.);
#5596 = EDGE_CURVE('',#1186,#5597,#5599,.T.);
#5597 = VERTEX_POINT('',#5598);
#5598 = CARTESIAN_POINT('',(-11.96898532298,29.,8.532472320797));
#5599 = LINE('',#5600,#5601);
#5600 = CARTESIAN_POINT('',(-11.96898532298,26.9,8.532472320797));
#5601 = VECTOR('',#5602,1.);
#5602 = DIRECTION('',(4.440892098501E-16,1.,-6.661338147751E-16));
#5603 = ORIENTED_EDGE('',*,*,#5604,.T.);
#5604 = EDGE_CURVE('',#5597,#5549,#5605,.T.);
#5605 = LINE('',#5606,#5607);
#5606 = CARTESIAN_POINT('',(-11.96898532298,29.,8.532472320797));
#5607 = VECTOR('',#5608,1.);
#5608 = DIRECTION('',(0.781549730883,-7.976586235197E-16,-0.623842943502
    ));
#5609 = ORIENTED_EDGE('',*,*,#5548,.F.);
#5610 = PLANE('',#5611);
#5611 = AXIS2_PLACEMENT_3D('',#5612,#5613,#5614);
#5612 = CARTESIAN_POINT('',(-11.96898532298,26.9,8.532472320797));
#5613 = DIRECTION('',(-0.623842943502,6.848507732935E-17,-0.781549730883
    ));
#5614 = DIRECTION('',(0.781549730883,-7.976586235197E-16,-0.623842943502
    ));
#5615 = ADVANCED_FACE('',(#5616),#5634,.T.);
#5616 = FACE_BOUND('',#5617,.T.);
#5617 = EDGE_LOOP('',(#5618,#5619,#5620,#5628));
#5618 = ORIENTED_EDGE('',*,*,#1345,.F.);
#5619 = ORIENTED_EDGE('',*,*,#5581,.T.);
#5620 = ORIENTED_EDGE('',*,*,#5621,.T.);
#5621 = EDGE_CURVE('',#5574,#5622,#5624,.T.);
#5622 = VERTEX_POINT('',#5623);
#5623 = CARTESIAN_POINT('',(-6.993480221111,29.,6.10566009329));
#5624 = LINE('',#5625,#5626);
#5625 = CARTESIAN_POINT('',(-7.486386048859,29.,6.050348438411));
#5626 = VECTOR('',#5627,1.);
#5627 = DIRECTION('',(0.993762690287,-6.124560843523E-16,0.111515538796)
  );
#5628 = ORIENTED_EDGE('',*,*,#5629,.F.);
#5629 = EDGE_CURVE('',#1338,#5622,#5630,.T.);
#5630 = LINE('',#5631,#5632);
#5631 = CARTESIAN_POINT('',(-6.993480221111,26.9,6.10566009329));
#5632 = VECTOR('',#5633,1.);
#5633 = DIRECTION('',(4.440892098501E-16,1.,-6.661338147751E-16));
#5634 = PLANE('',#5635);
#5635 = AXIS2_PLACEMENT_3D('',#5636,#5637,#5638);
#5636 = CARTESIAN_POINT('',(-7.486386048859,26.9,6.050348438411));
#5637 = DIRECTION('',(0.111515538796,-5.15603559173E-16,-0.993762690287)
  );
#5638 = DIRECTION('',(0.993762690287,-6.124560843523E-16,0.111515538796)
  );
#5639 = ADVANCED_FACE('',(#5640),#5658,.T.);
#5640 = FACE_BOUND('',#5641,.T.);
#5641 = EDGE_LOOP('',(#5642,#5643,#5651,#5657));
#5642 = ORIENTED_EDGE('',*,*,#1193,.F.);
#5643 = ORIENTED_EDGE('',*,*,#5644,.T.);
#5644 = EDGE_CURVE('',#1194,#5645,#5647,.T.);
#5645 = VERTEX_POINT('',#5646);
#5646 = CARTESIAN_POINT('',(-12.2633395351,29.,8.93168546186));
#5647 = LINE('',#5648,#5649);
#5648 = CARTESIAN_POINT('',(-12.2633395351,26.9,8.93168546186));
#5649 = VECTOR('',#5650,1.);
#5650 = DIRECTION('',(4.440892098501E-16,1.,-6.661338147751E-16));
#5651 = ORIENTED_EDGE('',*,*,#5652,.T.);
#5652 = EDGE_CURVE('',#5645,#5597,#5653,.T.);
#5653 = LINE('',#5654,#5655);
#5654 = CARTESIAN_POINT('',(-12.2633395351,29.,8.93168546186));
#5655 = VECTOR('',#5656,1.);
#5656 = DIRECTION('',(0.593456634658,-7.527538227017E-16,-0.804865965724
    ));
#5657 = ORIENTED_EDGE('',*,*,#5596,.F.);
#5658 = PLANE('',#5659);
#5659 = AXIS2_PLACEMENT_3D('',#5660,#5661,#5662);
#5660 = CARTESIAN_POINT('',(-12.2633395351,26.9,8.93168546186));
#5661 = DIRECTION('',(-0.804865965724,2.72600748165E-16,-0.593456634658)
  );
#5662 = DIRECTION('',(0.593456634658,-7.527538227017E-16,-0.804865965724
    ));
#5663 = ADVANCED_FACE('',(#5664),#5682,.T.);
#5664 = FACE_BOUND('',#5665,.T.);
#5665 = EDGE_LOOP('',(#5666,#5667,#5668,#5676));
#5666 = ORIENTED_EDGE('',*,*,#1337,.F.);
#5667 = ORIENTED_EDGE('',*,*,#5629,.T.);
#5668 = ORIENTED_EDGE('',*,*,#5669,.T.);
#5669 = EDGE_CURVE('',#5622,#5670,#5672,.T.);
#5670 = VERTEX_POINT('',#5671);
#5671 = CARTESIAN_POINT('',(-6.843,29.,6.16464078849));
#5672 = LINE('',#5673,#5674);
#5673 = CARTESIAN_POINT('',(-6.993480221111,29.,6.10566009329));
#5674 = VECTOR('',#5675,1.);
#5675 = DIRECTION('',(0.931038702486,-4.581391285072E-16,0.364920449514)
  );
#5676 = ORIENTED_EDGE('',*,*,#5677,.F.);
#5677 = EDGE_CURVE('',#1330,#5670,#5678,.T.);
#5678 = LINE('',#5679,#5680);
#5679 = CARTESIAN_POINT('',(-6.843,26.9,6.16464078849));
#5680 = VECTOR('',#5681,1.);
#5681 = DIRECTION('',(-0.,1.,-7.051802369742E-16));
#5682 = PLANE('',#5683);
#5683 = AXIS2_PLACEMENT_3D('',#5684,#5685,#5686);
#5684 = CARTESIAN_POINT('',(-6.993480221111,26.9,6.10566009329));
#5685 = DIRECTION('',(0.364920449514,-6.565500928511E-16,-0.931038702486
    ));
#5686 = DIRECTION('',(0.931038702486,-4.581391285072E-16,0.364920449514)
  );
#5687 = ADVANCED_FACE('',(#5688),#5706,.T.);
#5688 = FACE_BOUND('',#5689,.T.);
#5689 = EDGE_LOOP('',(#5690,#5691,#5699,#5705));
#5690 = ORIENTED_EDGE('',*,*,#1201,.F.);
#5691 = ORIENTED_EDGE('',*,*,#5692,.T.);
#5692 = EDGE_CURVE('',#1202,#5693,#5695,.T.);
#5693 = VERTEX_POINT('',#5694);
#5694 = CARTESIAN_POINT('',(-12.44433990671,29.,9.393480221111));
#5695 = LINE('',#5696,#5697);
#5696 = CARTESIAN_POINT('',(-12.44433990671,26.9,9.393480221111));
#5697 = VECTOR('',#5698,1.);
#5698 = DIRECTION('',(4.440892098501E-16,1.,-6.661338147751E-16));
#5699 = ORIENTED_EDGE('',*,*,#5700,.T.);
#5700 = EDGE_CURVE('',#5693,#5645,#5701,.T.);
#5701 = LINE('',#5702,#5703);
#5702 = CARTESIAN_POINT('',(-12.44433990671,29.,9.393480221111));
#5703 = VECTOR('',#5704,1.);
#5704 = DIRECTION('',(0.364920449514,-6.565500928511E-16,-0.931038702486
    ));
#5705 = ORIENTED_EDGE('',*,*,#5644,.F.);
#5706 = PLANE('',#5707);
#5707 = AXIS2_PLACEMENT_3D('',#5708,#5709,#5710);
#5708 = CARTESIAN_POINT('',(-12.44433990671,26.9,9.393480221111));
#5709 = DIRECTION('',(-0.931038702486,4.581391285072E-16,-0.364920449514
    ));
#5710 = DIRECTION('',(0.364920449514,-6.565500928511E-16,-0.931038702486
    ));
#5711 = ADVANCED_FACE('',(#5712),#5730,.F.);
#5712 = FACE_BOUND('',#5713,.F.);
#5713 = EDGE_LOOP('',(#5714,#5715,#5716,#5724));
#5714 = ORIENTED_EDGE('',*,*,#5677,.F.);
#5715 = ORIENTED_EDGE('',*,*,#1329,.F.);
#5716 = ORIENTED_EDGE('',*,*,#5717,.T.);
#5717 = EDGE_CURVE('',#1322,#5718,#5720,.T.);
#5718 = VERTEX_POINT('',#5719);
#5719 = CARTESIAN_POINT('',(-6.843,29.,-9.433));
#5720 = LINE('',#5721,#5722);
#5721 = CARTESIAN_POINT('',(-6.843,26.9,-9.433));
#5722 = VECTOR('',#5723,1.);
#5723 = DIRECTION('',(-0.,1.,0.));
#5724 = ORIENTED_EDGE('',*,*,#5725,.T.);
#5725 = EDGE_CURVE('',#5718,#5670,#5726,.T.);
#5726 = LINE('',#5727,#5728);
#5727 = CARTESIAN_POINT('',(-6.843,29.,-9.433));
#5728 = VECTOR('',#5729,1.);
#5729 = DIRECTION('',(0.,0.,1.));
#5730 = PLANE('',#5731);
#5731 = AXIS2_PLACEMENT_3D('',#5732,#5733,#5734);
#5732 = CARTESIAN_POINT('',(-6.843,26.9,-9.433));
#5733 = DIRECTION('',(1.,0.,-0.));
#5734 = DIRECTION('',(0.,0.,1.));
#5735 = ADVANCED_FACE('',(#5736),#5754,.T.);
#5736 = FACE_BOUND('',#5737,.T.);
#5737 = EDGE_LOOP('',(#5738,#5739,#5747,#5753));
#5738 = ORIENTED_EDGE('',*,*,#1209,.F.);
#5739 = ORIENTED_EDGE('',*,*,#5740,.T.);
#5740 = EDGE_CURVE('',#1210,#5741,#5743,.T.);
#5741 = VERTEX_POINT('',#5742);
#5742 = CARTESIAN_POINT('',(-12.49965156158,29.,9.886386048859));
#5743 = LINE('',#5744,#5745);
#5744 = CARTESIAN_POINT('',(-12.49965156158,26.9,9.886386048859));
#5745 = VECTOR('',#5746,1.);
#5746 = DIRECTION('',(4.440892098501E-16,1.,-6.661338147751E-16));
#5747 = ORIENTED_EDGE('',*,*,#5748,.T.);
#5748 = EDGE_CURVE('',#5741,#5693,#5749,.T.);
#5749 = LINE('',#5750,#5751);
#5750 = CARTESIAN_POINT('',(-12.49965156158,29.,9.886386048859));
#5751 = VECTOR('',#5752,1.);
#5752 = DIRECTION('',(0.111515538796,-5.15603559173E-16,-0.993762690287)
  );
#5753 = ORIENTED_EDGE('',*,*,#5692,.F.);
#5754 = PLANE('',#5755);
#5755 = AXIS2_PLACEMENT_3D('',#5756,#5757,#5758);
#5756 = CARTESIAN_POINT('',(-12.49965156158,26.9,9.886386048859));
#5757 = DIRECTION('',(-0.993762690287,6.124560843523E-16,-0.111515538796
    ));
#5758 = DIRECTION('',(0.111515538796,-5.15603559173E-16,-0.993762690287)
  );
#5759 = ADVANCED_FACE('',(#5760),#5778,.F.);
#5760 = FACE_BOUND('',#5761,.F.);
#5761 = EDGE_LOOP('',(#5762,#5763,#5764,#5772));
#5762 = ORIENTED_EDGE('',*,*,#5717,.F.);
#5763 = ORIENTED_EDGE('',*,*,#1321,.F.);
#5764 = ORIENTED_EDGE('',*,*,#5765,.T.);
#5765 = EDGE_CURVE('',#1314,#5766,#5768,.T.);
#5766 = VERTEX_POINT('',#5767);
#5767 = CARTESIAN_POINT('',(-5.373,29.,-9.433));
#5768 = LINE('',#5769,#5770);
#5769 = CARTESIAN_POINT('',(-5.373,26.9,-9.433));
#5770 = VECTOR('',#5771,1.);
#5771 = DIRECTION('',(-0.,1.,0.));
#5772 = ORIENTED_EDGE('',*,*,#5773,.F.);
#5773 = EDGE_CURVE('',#5718,#5766,#5774,.T.);
#5774 = LINE('',#5775,#5776);
#5775 = CARTESIAN_POINT('',(-6.843,29.,-9.433));
#5776 = VECTOR('',#5777,1.);
#5777 = DIRECTION('',(1.,0.,-0.));
#5778 = PLANE('',#5779);
#5779 = AXIS2_PLACEMENT_3D('',#5780,#5781,#5782);
#5780 = CARTESIAN_POINT('',(-6.843,26.9,-9.433));
#5781 = DIRECTION('',(0.,0.,1.));
#5782 = DIRECTION('',(1.,0.,-0.));
#5783 = ADVANCED_FACE('',(#5784),#5802,.T.);
#5784 = FACE_BOUND('',#5785,.T.);
#5785 = EDGE_LOOP('',(#5786,#5787,#5795,#5801));
#5786 = ORIENTED_EDGE('',*,*,#1217,.F.);
#5787 = ORIENTED_EDGE('',*,*,#5788,.T.);
#5788 = EDGE_CURVE('',#1218,#5789,#5791,.T.);
#5789 = VERTEX_POINT('',#5790);
#5790 = CARTESIAN_POINT('',(-12.42550510186,29.,10.376812227507));
#5791 = LINE('',#5792,#5793);
#5792 = CARTESIAN_POINT('',(-12.42550510186,26.9,10.376812227507));
#5793 = VECTOR('',#5794,1.);
#5794 = DIRECTION('',(4.440892098501E-16,1.,-6.661338147751E-16));
#5795 = ORIENTED_EDGE('',*,*,#5796,.T.);
#5796 = EDGE_CURVE('',#5789,#5741,#5797,.T.);
#5797 = LINE('',#5798,#5799);
#5798 = CARTESIAN_POINT('',(-12.42550510186,29.,10.376812227507));
#5799 = VECTOR('',#5800,1.);
#5800 = DIRECTION('',(-0.149488971603,-3.395194950125E-16,
    -0.988763393016));
#5801 = ORIENTED_EDGE('',*,*,#5740,.F.);
#5802 = PLANE('',#5803);
#5803 = AXIS2_PLACEMENT_3D('',#5804,#5805,#5806);
#5804 = CARTESIAN_POINT('',(-12.42550510186,26.9,10.376812227507));
#5805 = DIRECTION('',(-0.988763393016,7.250351701804E-16,0.149488971603)
  );
#5806 = DIRECTION('',(-0.149488971603,-3.395194950125E-16,
    -0.988763393016));
#5807 = ADVANCED_FACE('',(#5808),#5826,.T.);
#5808 = FACE_BOUND('',#5809,.T.);
#5809 = EDGE_LOOP('',(#5810,#5818,#5819,#5820));
#5810 = ORIENTED_EDGE('',*,*,#5811,.F.);
#5811 = EDGE_CURVE('',#1306,#5812,#5814,.T.);
#5812 = VERTEX_POINT('',#5813);
#5813 = CARTESIAN_POINT('',(-5.373,29.,22.533));
#5814 = LINE('',#5815,#5816);
#5815 = CARTESIAN_POINT('',(-5.373,26.9,22.533));
#5816 = VECTOR('',#5817,1.);
#5817 = DIRECTION('',(-0.,1.,0.));
#5818 = ORIENTED_EDGE('',*,*,#1313,.F.);
#5819 = ORIENTED_EDGE('',*,*,#5765,.T.);
#5820 = ORIENTED_EDGE('',*,*,#5821,.T.);
#5821 = EDGE_CURVE('',#5766,#5812,#5822,.T.);
#5822 = LINE('',#5823,#5824);
#5823 = CARTESIAN_POINT('',(-5.373,29.,-9.433));
#5824 = VECTOR('',#5825,1.);
#5825 = DIRECTION('',(0.,0.,1.));
#5826 = PLANE('',#5827);
#5827 = AXIS2_PLACEMENT_3D('',#5828,#5829,#5830);
#5828 = CARTESIAN_POINT('',(-5.373,26.9,-9.433));
#5829 = DIRECTION('',(1.,0.,-0.));
#5830 = DIRECTION('',(0.,0.,1.));
#5831 = ADVANCED_FACE('',(#5832),#5850,.T.);
#5832 = FACE_BOUND('',#5833,.T.);
#5833 = EDGE_LOOP('',(#5834,#5835,#5843,#5849));
#5834 = ORIENTED_EDGE('',*,*,#1225,.F.);
#5835 = ORIENTED_EDGE('',*,*,#5836,.T.);
#5836 = EDGE_CURVE('',#1226,#5837,#5839,.T.);
#5837 = VERTEX_POINT('',#5838);
#5838 = CARTESIAN_POINT('',(-12.22695348624,29.,10.83133702345));
#5839 = LINE('',#5840,#5841);
#5840 = CARTESIAN_POINT('',(-12.22695348624,26.9,10.83133702345));
#5841 = VECTOR('',#5842,1.);
#5842 = DIRECTION('',(4.440892098501E-16,1.,-6.661338147751E-16));
#5843 = ORIENTED_EDGE('',*,*,#5844,.T.);
#5844 = EDGE_CURVE('',#5837,#5789,#5845,.T.);
#5845 = LINE('',#5846,#5847);
#5846 = CARTESIAN_POINT('',(-12.22695348624,29.,10.83133702345));
#5847 = VECTOR('',#5848,1.);
#5848 = DIRECTION('',(-0.40030605563,-1.402977383493E-16,-0.91638150452)
  );
#5849 = ORIENTED_EDGE('',*,*,#5788,.F.);
#5850 = PLANE('',#5851);
#5851 = AXIS2_PLACEMENT_3D('',#5852,#5853,#5854);
#5852 = CARTESIAN_POINT('',(-12.22695348624,26.9,10.83133702345));
#5853 = DIRECTION('',(-0.91638150452,7.88204307338E-16,0.40030605563));
#5854 = DIRECTION('',(-0.40030605563,-1.402977383493E-16,-0.91638150452)
  );
#5855 = ADVANCED_FACE('',(#5856),#5874,.T.);
#5856 = FACE_BOUND('',#5857,.T.);
#5857 = EDGE_LOOP('',(#5858,#5866,#5867,#5868));
#5858 = ORIENTED_EDGE('',*,*,#5859,.F.);
#5859 = EDGE_CURVE('',#1298,#5860,#5862,.T.);
#5860 = VERTEX_POINT('',#5861);
#5861 = CARTESIAN_POINT('',(-6.843,29.,22.533));
#5862 = LINE('',#5863,#5864);
#5863 = CARTESIAN_POINT('',(-6.843,26.9,22.533));
#5864 = VECTOR('',#5865,1.);
#5865 = DIRECTION('',(-0.,1.,0.));
#5866 = ORIENTED_EDGE('',*,*,#1305,.F.);
#5867 = ORIENTED_EDGE('',*,*,#5811,.T.);
#5868 = ORIENTED_EDGE('',*,*,#5869,.F.);
#5869 = EDGE_CURVE('',#5860,#5812,#5870,.T.);
#5870 = LINE('',#5871,#5872);
#5871 = CARTESIAN_POINT('',(-6.843,29.,22.533));
#5872 = VECTOR('',#5873,1.);
#5873 = DIRECTION('',(1.,0.,-0.));
#5874 = PLANE('',#5875);
#5875 = AXIS2_PLACEMENT_3D('',#5876,#5877,#5878);
#5876 = CARTESIAN_POINT('',(-6.843,26.9,22.533));
#5877 = DIRECTION('',(0.,0.,1.));
#5878 = DIRECTION('',(1.,0.,-0.));
#5879 = ADVANCED_FACE('',(#5880),#5898,.T.);
#5880 = FACE_BOUND('',#5881,.T.);
#5881 = EDGE_LOOP('',(#5882,#5883,#5891,#5897));
#5882 = ORIENTED_EDGE('',*,*,#1233,.F.);
#5883 = ORIENTED_EDGE('',*,*,#5884,.T.);
#5884 = EDGE_CURVE('',#1234,#5885,#5887,.T.);
#5885 = VERTEX_POINT('',#5886);
#5886 = CARTESIAN_POINT('',(-11.9175276792,29.,11.21898532298));
#5887 = LINE('',#5888,#5889);
#5888 = CARTESIAN_POINT('',(-11.9175276792,26.9,11.21898532298));
#5889 = VECTOR('',#5890,1.);
#5890 = DIRECTION('',(4.440892098501E-16,1.,-6.661338147751E-16));
#5891 = ORIENTED_EDGE('',*,*,#5892,.T.);
#5892 = EDGE_CURVE('',#5885,#5837,#5893,.T.);
#5893 = LINE('',#5894,#5895);
#5894 = CARTESIAN_POINT('',(-11.9175276792,29.,11.21898532298));
#5895 = VECTOR('',#5896,1.);
#5896 = DIRECTION('',(-0.623842943502,6.848507732935E-17,-0.781549730883
    ));
#5897 = ORIENTED_EDGE('',*,*,#5836,.F.);
#5898 = PLANE('',#5899);
#5899 = AXIS2_PLACEMENT_3D('',#5900,#5901,#5902);
#5900 = CARTESIAN_POINT('',(-11.9175276792,26.9,11.21898532298));
#5901 = DIRECTION('',(-0.781549730883,7.976586235197E-16,0.623842943502)
  );
#5902 = DIRECTION('',(-0.623842943502,6.848507732935E-17,-0.781549730883
    ));
#5903 = ADVANCED_FACE('',(#5904),#5922,.F.);
#5904 = FACE_BOUND('',#5905,.F.);
#5905 = EDGE_LOOP('',(#5906,#5907,#5908,#5916));
#5906 = ORIENTED_EDGE('',*,*,#5859,.F.);
#5907 = ORIENTED_EDGE('',*,*,#1297,.F.);
#5908 = ORIENTED_EDGE('',*,*,#5909,.F.);
#5909 = EDGE_CURVE('',#5910,#1290,#5912,.T.);
#5910 = VERTEX_POINT('',#5911);
#5911 = CARTESIAN_POINT('',(-6.843,29.,9.802744071818));
#5912 = LINE('',#5913,#5914);
#5913 = CARTESIAN_POINT('',(-6.843,26.9,9.802744071818));
#5914 = VECTOR('',#5915,1.);
#5915 = DIRECTION('',(0.,-1.,4.229421046191E-17));
#5916 = ORIENTED_EDGE('',*,*,#5917,.T.);
#5917 = EDGE_CURVE('',#5910,#5860,#5918,.T.);
#5918 = LINE('',#5919,#5920);
#5919 = CARTESIAN_POINT('',(-6.843,29.,-9.433));
#5920 = VECTOR('',#5921,1.);
#5921 = DIRECTION('',(0.,0.,1.));
#5922 = PLANE('',#5923);
#5923 = AXIS2_PLACEMENT_3D('',#5924,#5925,#5926);
#5924 = CARTESIAN_POINT('',(-6.843,26.9,-9.433));
#5925 = DIRECTION('',(1.,0.,-0.));
#5926 = DIRECTION('',(0.,0.,1.));
#5927 = ADVANCED_FACE('',(#5928),#5946,.T.);
#5928 = FACE_BOUND('',#5929,.T.);
#5929 = EDGE_LOOP('',(#5930,#5931,#5939,#5945));
#5930 = ORIENTED_EDGE('',*,*,#1241,.F.);
#5931 = ORIENTED_EDGE('',*,*,#5932,.T.);
#5932 = EDGE_CURVE('',#1242,#5933,#5935,.T.);
#5933 = VERTEX_POINT('',#5934);
#5934 = CARTESIAN_POINT('',(-11.51831453814,29.,11.513339535104));
#5935 = LINE('',#5936,#5937);
#5936 = CARTESIAN_POINT('',(-11.51831453814,26.9,11.513339535104));
#5937 = VECTOR('',#5938,1.);
#5938 = DIRECTION('',(4.440892098501E-16,1.,-6.661338147751E-16));
#5939 = ORIENTED_EDGE('',*,*,#5940,.T.);
#5940 = EDGE_CURVE('',#5933,#5885,#5941,.T.);
#5941 = LINE('',#5942,#5943);
#5942 = CARTESIAN_POINT('',(-11.51831453814,29.,11.513339535104));
#5943 = VECTOR('',#5944,1.);
#5944 = DIRECTION('',(-0.804865965724,2.72600748165E-16,-0.593456634658)
  );
#5945 = ORIENTED_EDGE('',*,*,#5884,.F.);
#5946 = PLANE('',#5947);
#5947 = AXIS2_PLACEMENT_3D('',#5948,#5949,#5950);
#5948 = CARTESIAN_POINT('',(-11.51831453814,26.9,11.513339535104));
#5949 = DIRECTION('',(-0.593456634658,7.527538227017E-16,0.804865965724)
  );
#5950 = DIRECTION('',(-0.804865965724,2.72600748165E-16,-0.593456634658)
  );
#5951 = ADVANCED_FACE('',(#5952),#5970,.T.);
#5952 = FACE_BOUND('',#5953,.T.);
#5953 = EDGE_LOOP('',(#5954,#5955,#5963,#5969));
#5954 = ORIENTED_EDGE('',*,*,#5909,.F.);
#5955 = ORIENTED_EDGE('',*,*,#5956,.T.);
#5956 = EDGE_CURVE('',#5910,#5957,#5959,.T.);
#5957 = VERTEX_POINT('',#5958);
#5958 = CARTESIAN_POINT('',(-9.445,29.,11.372204389279));
#5959 = LINE('',#5960,#5961);
#5960 = CARTESIAN_POINT('',(-6.46866297655,29.,9.576953486246));
#5961 = VECTOR('',#5962,1.);
#5962 = DIRECTION('',(-0.85629130855,7.997736397868E-16,0.516493170237)
  );
#5963 = ORIENTED_EDGE('',*,*,#5964,.T.);
#5964 = EDGE_CURVE('',#5957,#1282,#5965,.T.);
#5965 = LINE('',#5966,#5967);
#5966 = CARTESIAN_POINT('',(-9.445,26.9,11.372204389279));
#5967 = VECTOR('',#5968,1.);
#5968 = DIRECTION('',(0.,-1.,4.229421046191E-17));
#5969 = ORIENTED_EDGE('',*,*,#1289,.F.);
#5970 = PLANE('',#5971);
#5971 = AXIS2_PLACEMENT_3D('',#5972,#5973,#5974);
#5972 = CARTESIAN_POINT('',(-6.46866297655,26.9,9.576953486246));
#5973 = DIRECTION('',(0.516493170237,3.621616482053E-17,0.85629130855));
#5974 = DIRECTION('',(-0.85629130855,7.997736397868E-16,0.516493170237)
  );
#5975 = ADVANCED_FACE('',(#5976),#5994,.T.);
#5976 = FACE_BOUND('',#5977,.T.);
#5977 = EDGE_LOOP('',(#5978,#5979,#5987,#5993));
#5978 = ORIENTED_EDGE('',*,*,#1249,.F.);
#5979 = ORIENTED_EDGE('',*,*,#5980,.T.);
#5980 = EDGE_CURVE('',#1250,#5981,#5983,.T.);
#5981 = VERTEX_POINT('',#5982);
#5982 = CARTESIAN_POINT('',(-11.05651977888,29.,11.69433990671));
#5983 = LINE('',#5984,#5985);
#5984 = CARTESIAN_POINT('',(-11.05651977888,26.9,11.69433990671));
#5985 = VECTOR('',#5986,1.);
#5986 = DIRECTION('',(4.440892098501E-16,1.,-6.661338147751E-16));
#5987 = ORIENTED_EDGE('',*,*,#5988,.T.);
#5988 = EDGE_CURVE('',#5981,#5933,#5989,.T.);
#5989 = LINE('',#5990,#5991);
#5990 = CARTESIAN_POINT('',(-11.05651977888,29.,11.69433990671));
#5991 = VECTOR('',#5992,1.);
#5992 = DIRECTION('',(-0.931038702486,4.581391285072E-16,-0.364920449514
    ));
#5993 = ORIENTED_EDGE('',*,*,#5932,.F.);
#5994 = PLANE('',#5995);
#5995 = AXIS2_PLACEMENT_3D('',#5996,#5997,#5998);
#5996 = CARTESIAN_POINT('',(-11.05651977888,26.9,11.69433990671));
#5997 = DIRECTION('',(-0.364920449514,6.565500928511E-16,0.931038702486)
  );
#5998 = DIRECTION('',(-0.931038702486,4.581391285072E-16,-0.364920449514
    ));
#5999 = ADVANCED_FACE('',(#6000),#6018,.T.);
#6000 = FACE_BOUND('',#6001,.T.);
#6001 = EDGE_LOOP('',(#6002,#6010,#6011,#6012));
#6002 = ORIENTED_EDGE('',*,*,#6003,.F.);
#6003 = EDGE_CURVE('',#1274,#6004,#6006,.T.);
#6004 = VERTEX_POINT('',#6005);
#6005 = CARTESIAN_POINT('',(-9.445,29.,22.533));
#6006 = LINE('',#6007,#6008);
#6007 = CARTESIAN_POINT('',(-9.445,26.9,22.533));
#6008 = VECTOR('',#6009,1.);
#6009 = DIRECTION('',(-0.,1.,0.));
#6010 = ORIENTED_EDGE('',*,*,#1281,.F.);
#6011 = ORIENTED_EDGE('',*,*,#5964,.F.);
#6012 = ORIENTED_EDGE('',*,*,#6013,.T.);
#6013 = EDGE_CURVE('',#5957,#6004,#6014,.T.);
#6014 = LINE('',#6015,#6016);
#6015 = CARTESIAN_POINT('',(-9.445,29.,-12.433));
#6016 = VECTOR('',#6017,1.);
#6017 = DIRECTION('',(0.,0.,1.));
#6018 = PLANE('',#6019);
#6019 = AXIS2_PLACEMENT_3D('',#6020,#6021,#6022);
#6020 = CARTESIAN_POINT('',(-9.445,26.9,-12.433));
#6021 = DIRECTION('',(1.,0.,-0.));
#6022 = DIRECTION('',(0.,0.,1.));
#6023 = ADVANCED_FACE('',(#6024),#6042,.T.);
#6024 = FACE_BOUND('',#6025,.T.);
#6025 = EDGE_LOOP('',(#6026,#6034,#6040,#6041));
#6026 = ORIENTED_EDGE('',*,*,#6027,.F.);
#6027 = EDGE_CURVE('',#6028,#1258,#6030,.T.);
#6028 = VERTEX_POINT('',#6029);
#6029 = CARTESIAN_POINT('',(-10.915,29.,11.710220613993));
#6030 = LINE('',#6031,#6032);
#6031 = CARTESIAN_POINT('',(-10.915,26.9,11.710220613993));
#6032 = VECTOR('',#6033,1.);
#6033 = DIRECTION('',(0.,-1.,5.18839723218E-16));
#6034 = ORIENTED_EDGE('',*,*,#6035,.T.);
#6035 = EDGE_CURVE('',#6028,#5981,#6036,.T.);
#6036 = LINE('',#6037,#6038);
#6037 = CARTESIAN_POINT('',(-10.56361395114,29.,11.749651561589));
#6038 = VECTOR('',#6039,1.);
#6039 = DIRECTION('',(-0.993762690287,6.124560843523E-16,-0.111515538796
    ));
#6040 = ORIENTED_EDGE('',*,*,#5980,.F.);
#6041 = ORIENTED_EDGE('',*,*,#1257,.F.);
#6042 = PLANE('',#6043);
#6043 = AXIS2_PLACEMENT_3D('',#6044,#6045,#6046);
#6044 = CARTESIAN_POINT('',(-10.56361395114,26.9,11.749651561589));
#6045 = DIRECTION('',(-0.111515538796,5.15603559173E-16,0.993762690287)
  );
#6046 = DIRECTION('',(-0.993762690287,6.124560843523E-16,-0.111515538796
    ));
#6047 = ADVANCED_FACE('',(#6048),#6066,.T.);
#6048 = FACE_BOUND('',#6049,.T.);
#6049 = EDGE_LOOP('',(#6050,#6058,#6059,#6060));
#6050 = ORIENTED_EDGE('',*,*,#6051,.F.);
#6051 = EDGE_CURVE('',#1266,#6052,#6054,.T.);
#6052 = VERTEX_POINT('',#6053);
#6053 = CARTESIAN_POINT('',(-10.915,29.,22.533));
#6054 = LINE('',#6055,#6056);
#6055 = CARTESIAN_POINT('',(-10.915,26.9,22.533));
#6056 = VECTOR('',#6057,1.);
#6057 = DIRECTION('',(-0.,1.,0.));
#6058 = ORIENTED_EDGE('',*,*,#1273,.F.);
#6059 = ORIENTED_EDGE('',*,*,#6003,.T.);
#6060 = ORIENTED_EDGE('',*,*,#6061,.F.);
#6061 = EDGE_CURVE('',#6052,#6004,#6062,.T.);
#6062 = LINE('',#6063,#6064);
#6063 = CARTESIAN_POINT('',(-10.915,29.,22.533));
#6064 = VECTOR('',#6065,1.);
#6065 = DIRECTION('',(1.,0.,-0.));
#6066 = PLANE('',#6067);
#6067 = AXIS2_PLACEMENT_3D('',#6068,#6069,#6070);
#6068 = CARTESIAN_POINT('',(-10.915,26.9,22.533));
#6069 = DIRECTION('',(0.,0.,1.));
#6070 = DIRECTION('',(1.,0.,-0.));
#6071 = ADVANCED_FACE('',(#6072),#6083,.F.);
#6072 = FACE_BOUND('',#6073,.F.);
#6073 = EDGE_LOOP('',(#6074,#6075,#6076,#6077));
#6074 = ORIENTED_EDGE('',*,*,#6051,.F.);
#6075 = ORIENTED_EDGE('',*,*,#1265,.F.);
#6076 = ORIENTED_EDGE('',*,*,#6027,.F.);
#6077 = ORIENTED_EDGE('',*,*,#6078,.T.);
#6078 = EDGE_CURVE('',#6028,#6052,#6079,.T.);
#6079 = LINE('',#6080,#6081);
#6080 = CARTESIAN_POINT('',(-10.915,29.,-12.433));
#6081 = VECTOR('',#6082,1.);
#6082 = DIRECTION('',(0.,0.,1.));
#6083 = PLANE('',#6084);
#6084 = AXIS2_PLACEMENT_3D('',#6085,#6086,#6087);
#6085 = CARTESIAN_POINT('',(-10.915,26.9,-12.433));
#6086 = DIRECTION('',(1.,0.,-0.));
#6087 = DIRECTION('',(0.,0.,1.));
#6088 = ADVANCED_FACE('',(#6089),#6107,.T.);
#6089 = FACE_BOUND('',#6090,.T.);
#6090 = EDGE_LOOP('',(#6091,#6092,#6093,#6101));
#6091 = ORIENTED_EDGE('',*,*,#4707,.T.);
#6092 = ORIENTED_EDGE('',*,*,#1377,.F.);
#6093 = ORIENTED_EDGE('',*,*,#6094,.T.);
#6094 = EDGE_CURVE('',#1378,#6095,#6097,.T.);
#6095 = VERTEX_POINT('',#6096);
#6096 = CARTESIAN_POINT('',(-1.301,29.,-12.433));
#6097 = LINE('',#6098,#6099);
#6098 = CARTESIAN_POINT('',(-1.301,26.9,-12.433));
#6099 = VECTOR('',#6100,1.);
#6100 = DIRECTION('',(-0.,1.,0.));
#6101 = ORIENTED_EDGE('',*,*,#6102,.T.);
#6102 = EDGE_CURVE('',#6095,#4708,#6103,.T.);
#6103 = LINE('',#6104,#6105);
#6104 = CARTESIAN_POINT('',(-1.301,29.,-12.433));
#6105 = VECTOR('',#6106,1.);
#6106 = DIRECTION('',(0.,0.,1.));
#6107 = PLANE('',#6108);
#6108 = AXIS2_PLACEMENT_3D('',#6109,#6110,#6111);
#6109 = CARTESIAN_POINT('',(-1.301,26.9,-12.433));
#6110 = DIRECTION('',(1.,0.,-0.));
#6111 = DIRECTION('',(0.,0.,1.));
#6112 = ADVANCED_FACE('',(#6113),#6131,.F.);
#6113 = FACE_BOUND('',#6114,.F.);
#6114 = EDGE_LOOP('',(#6115,#6116,#6117,#6125));
#6115 = ORIENTED_EDGE('',*,*,#4700,.T.);
#6116 = ORIENTED_EDGE('',*,*,#1523,.F.);
#6117 = ORIENTED_EDGE('',*,*,#6118,.T.);
#6118 = EDGE_CURVE('',#1516,#6119,#6121,.T.);
#6119 = VERTEX_POINT('',#6120);
#6120 = CARTESIAN_POINT('',(1.301,29.,-12.433));
#6121 = LINE('',#6122,#6123);
#6122 = CARTESIAN_POINT('',(1.301,26.9,-12.433));
#6123 = VECTOR('',#6124,1.);
#6124 = DIRECTION('',(-0.,1.,0.));
#6125 = ORIENTED_EDGE('',*,*,#6126,.T.);
#6126 = EDGE_CURVE('',#6119,#4693,#6127,.T.);
#6127 = LINE('',#6128,#6129);
#6128 = CARTESIAN_POINT('',(1.301,29.,-12.433));
#6129 = VECTOR('',#6130,1.);
#6130 = DIRECTION('',(0.,0.,1.));
#6131 = PLANE('',#6132);
#6132 = AXIS2_PLACEMENT_3D('',#6133,#6134,#6135);
#6133 = CARTESIAN_POINT('',(1.301,26.9,-12.433));
#6134 = DIRECTION('',(1.,0.,-0.));
#6135 = DIRECTION('',(0.,0.,1.));
#6136 = ADVANCED_FACE('',(#6137),#6155,.F.);
#6137 = FACE_BOUND('',#6138,.F.);
#6138 = EDGE_LOOP('',(#6139,#6140,#6141,#6149));
#6139 = ORIENTED_EDGE('',*,*,#6118,.F.);
#6140 = ORIENTED_EDGE('',*,*,#1515,.F.);
#6141 = ORIENTED_EDGE('',*,*,#6142,.T.);
#6142 = EDGE_CURVE('',#1508,#6143,#6145,.T.);
#6143 = VERTEX_POINT('',#6144);
#6144 = CARTESIAN_POINT('',(2.771,29.,-12.433));
#6145 = LINE('',#6146,#6147);
#6146 = CARTESIAN_POINT('',(2.771,26.9,-12.433));
#6147 = VECTOR('',#6148,1.);
#6148 = DIRECTION('',(-0.,1.,0.));
#6149 = ORIENTED_EDGE('',*,*,#6150,.F.);
#6150 = EDGE_CURVE('',#6119,#6143,#6151,.T.);
#6151 = LINE('',#6152,#6153);
#6152 = CARTESIAN_POINT('',(1.301,29.,-12.433));
#6153 = VECTOR('',#6154,1.);
#6154 = DIRECTION('',(1.,0.,-0.));
#6155 = PLANE('',#6156);
#6156 = AXIS2_PLACEMENT_3D('',#6157,#6158,#6159);
#6157 = CARTESIAN_POINT('',(1.301,26.9,-12.433));
#6158 = DIRECTION('',(0.,0.,1.));
#6159 = DIRECTION('',(1.,0.,-0.));
#6160 = ADVANCED_FACE('',(#6161),#6172,.T.);
#6161 = FACE_BOUND('',#6162,.T.);
#6162 = EDGE_LOOP('',(#6163,#6164,#6165,#6166));
#6163 = ORIENTED_EDGE('',*,*,#4684,.T.);
#6164 = ORIENTED_EDGE('',*,*,#1507,.F.);
#6165 = ORIENTED_EDGE('',*,*,#6142,.T.);
#6166 = ORIENTED_EDGE('',*,*,#6167,.T.);
#6167 = EDGE_CURVE('',#6143,#4685,#6168,.T.);
#6168 = LINE('',#6169,#6170);
#6169 = CARTESIAN_POINT('',(2.771,29.,-12.433));
#6170 = VECTOR('',#6171,1.);
#6171 = DIRECTION('',(0.,0.,1.));
#6172 = PLANE('',#6173);
#6173 = AXIS2_PLACEMENT_3D('',#6174,#6175,#6176);
#6174 = CARTESIAN_POINT('',(2.771,26.9,-12.433));
#6175 = DIRECTION('',(1.,0.,-0.));
#6176 = DIRECTION('',(0.,0.,1.));
#6177 = ADVANCED_FACE('',(#6178),#6196,.T.);
#6178 = FACE_BOUND('',#6179,.T.);
#6179 = EDGE_LOOP('',(#6180,#6188,#6189,#6190));
#6180 = ORIENTED_EDGE('',*,*,#6181,.F.);
#6181 = EDGE_CURVE('',#1468,#6182,#6184,.T.);
#6182 = VERTEX_POINT('',#6183);
#6183 = CARTESIAN_POINT('',(2.771,29.,22.533));
#6184 = LINE('',#6185,#6186);
#6185 = CARTESIAN_POINT('',(2.771,26.9,22.533));
#6186 = VECTOR('',#6187,1.);
#6187 = DIRECTION('',(-0.,1.,0.));
#6188 = ORIENTED_EDGE('',*,*,#1475,.F.);
#6189 = ORIENTED_EDGE('',*,*,#4795,.F.);
#6190 = ORIENTED_EDGE('',*,*,#6191,.T.);
#6191 = EDGE_CURVE('',#4796,#6182,#6192,.T.);
#6192 = LINE('',#6193,#6194);
#6193 = CARTESIAN_POINT('',(2.771,29.,-12.433));
#6194 = VECTOR('',#6195,1.);
#6195 = DIRECTION('',(0.,0.,1.));
#6196 = PLANE('',#6197);
#6197 = AXIS2_PLACEMENT_3D('',#6198,#6199,#6200);
#6198 = CARTESIAN_POINT('',(2.771,26.9,-12.433));
#6199 = DIRECTION('',(1.,0.,-0.));
#6200 = DIRECTION('',(0.,0.,1.));
#6201 = ADVANCED_FACE('',(#6202),#6220,.T.);
#6202 = FACE_BOUND('',#6203,.T.);
#6203 = EDGE_LOOP('',(#6204,#6212,#6213,#6214));
#6204 = ORIENTED_EDGE('',*,*,#6205,.F.);
#6205 = EDGE_CURVE('',#1460,#6206,#6208,.T.);
#6206 = VERTEX_POINT('',#6207);
#6207 = CARTESIAN_POINT('',(1.301,29.,22.533));
#6208 = LINE('',#6209,#6210);
#6209 = CARTESIAN_POINT('',(1.301,26.9,22.533));
#6210 = VECTOR('',#6211,1.);
#6211 = DIRECTION('',(-0.,1.,0.));
#6212 = ORIENTED_EDGE('',*,*,#1467,.F.);
#6213 = ORIENTED_EDGE('',*,*,#6181,.T.);
#6214 = ORIENTED_EDGE('',*,*,#6215,.F.);
#6215 = EDGE_CURVE('',#6206,#6182,#6216,.T.);
#6216 = LINE('',#6217,#6218);
#6217 = CARTESIAN_POINT('',(1.301,29.,22.533));
#6218 = VECTOR('',#6219,1.);
#6219 = DIRECTION('',(1.,0.,-0.));
#6220 = PLANE('',#6221);
#6221 = AXIS2_PLACEMENT_3D('',#6222,#6223,#6224);
#6222 = CARTESIAN_POINT('',(1.301,26.9,22.533));
#6223 = DIRECTION('',(0.,0.,1.));
#6224 = DIRECTION('',(1.,0.,-0.));
#6225 = ADVANCED_FACE('',(#6226),#6237,.F.);
#6226 = FACE_BOUND('',#6227,.F.);
#6227 = EDGE_LOOP('',(#6228,#6229,#6230,#6231));
#6228 = ORIENTED_EDGE('',*,*,#6205,.F.);
#6229 = ORIENTED_EDGE('',*,*,#1459,.F.);
#6230 = ORIENTED_EDGE('',*,*,#4811,.F.);
#6231 = ORIENTED_EDGE('',*,*,#6232,.T.);
#6232 = EDGE_CURVE('',#4804,#6206,#6233,.T.);
#6233 = LINE('',#6234,#6235);
#6234 = CARTESIAN_POINT('',(1.301,29.,-12.433));
#6235 = VECTOR('',#6236,1.);
#6236 = DIRECTION('',(0.,0.,1.));
#6237 = PLANE('',#6238);
#6238 = AXIS2_PLACEMENT_3D('',#6239,#6240,#6241);
#6239 = CARTESIAN_POINT('',(1.301,26.9,-12.433));
#6240 = DIRECTION('',(1.,0.,-0.));
#6241 = DIRECTION('',(0.,0.,1.));
#6242 = ADVANCED_FACE('',(#6243),#6261,.T.);
#6243 = FACE_BOUND('',#6244,.T.);
#6244 = EDGE_LOOP('',(#6245,#6253,#6254,#6255));
#6245 = ORIENTED_EDGE('',*,*,#6246,.F.);
#6246 = EDGE_CURVE('',#1436,#6247,#6249,.T.);
#6247 = VERTEX_POINT('',#6248);
#6248 = CARTESIAN_POINT('',(-1.301,29.,22.533));
#6249 = LINE('',#6250,#6251);
#6250 = CARTESIAN_POINT('',(-1.301,26.9,22.533));
#6251 = VECTOR('',#6252,1.);
#6252 = DIRECTION('',(-0.,1.,0.));
#6253 = ORIENTED_EDGE('',*,*,#1443,.F.);
#6254 = ORIENTED_EDGE('',*,*,#4818,.F.);
#6255 = ORIENTED_EDGE('',*,*,#6256,.T.);
#6256 = EDGE_CURVE('',#4819,#6247,#6257,.T.);
#6257 = LINE('',#6258,#6259);
#6258 = CARTESIAN_POINT('',(-1.301,29.,-12.433));
#6259 = VECTOR('',#6260,1.);
#6260 = DIRECTION('',(0.,0.,1.));
#6261 = PLANE('',#6262);
#6262 = AXIS2_PLACEMENT_3D('',#6263,#6264,#6265);
#6263 = CARTESIAN_POINT('',(-1.301,26.9,-12.433));
#6264 = DIRECTION('',(1.,0.,-0.));
#6265 = DIRECTION('',(0.,0.,1.));
#6266 = ADVANCED_FACE('',(#6267),#6285,.T.);
#6267 = FACE_BOUND('',#6268,.T.);
#6268 = EDGE_LOOP('',(#6269,#6277,#6278,#6279));
#6269 = ORIENTED_EDGE('',*,*,#6270,.F.);
#6270 = EDGE_CURVE('',#1428,#6271,#6273,.T.);
#6271 = VERTEX_POINT('',#6272);
#6272 = CARTESIAN_POINT('',(-2.771,29.,22.533));
#6273 = LINE('',#6274,#6275);
#6274 = CARTESIAN_POINT('',(-2.771,26.9,22.533));
#6275 = VECTOR('',#6276,1.);
#6276 = DIRECTION('',(-0.,1.,0.));
#6277 = ORIENTED_EDGE('',*,*,#1435,.F.);
#6278 = ORIENTED_EDGE('',*,*,#6246,.T.);
#6279 = ORIENTED_EDGE('',*,*,#6280,.F.);
#6280 = EDGE_CURVE('',#6271,#6247,#6281,.T.);
#6281 = LINE('',#6282,#6283);
#6282 = CARTESIAN_POINT('',(-2.771,29.,22.533));
#6283 = VECTOR('',#6284,1.);
#6284 = DIRECTION('',(1.,0.,-0.));
#6285 = PLANE('',#6286);
#6286 = AXIS2_PLACEMENT_3D('',#6287,#6288,#6289);
#6287 = CARTESIAN_POINT('',(-2.771,26.9,22.533));
#6288 = DIRECTION('',(0.,0.,1.));
#6289 = DIRECTION('',(1.,0.,-0.));
#6290 = ADVANCED_FACE('',(#6291),#6302,.F.);
#6291 = FACE_BOUND('',#6292,.F.);
#6292 = EDGE_LOOP('',(#6293,#6294,#6295,#6296));
#6293 = ORIENTED_EDGE('',*,*,#6270,.F.);
#6294 = ORIENTED_EDGE('',*,*,#1427,.F.);
#6295 = ORIENTED_EDGE('',*,*,#4834,.F.);
#6296 = ORIENTED_EDGE('',*,*,#6297,.T.);
#6297 = EDGE_CURVE('',#4827,#6271,#6298,.T.);
#6298 = LINE('',#6299,#6300);
#6299 = CARTESIAN_POINT('',(-2.771,29.,-12.433));
#6300 = VECTOR('',#6301,1.);
#6301 = DIRECTION('',(0.,0.,1.));
#6302 = PLANE('',#6303);
#6303 = AXIS2_PLACEMENT_3D('',#6304,#6305,#6306);
#6304 = CARTESIAN_POINT('',(-2.771,26.9,-12.433));
#6305 = DIRECTION('',(1.,0.,-0.));
#6306 = DIRECTION('',(0.,0.,1.));
#6307 = ADVANCED_FACE('',(#6308),#6326,.F.);
#6308 = FACE_BOUND('',#6309,.F.);
#6309 = EDGE_LOOP('',(#6310,#6311,#6312,#6320));
#6310 = ORIENTED_EDGE('',*,*,#4723,.T.);
#6311 = ORIENTED_EDGE('',*,*,#1395,.F.);
#6312 = ORIENTED_EDGE('',*,*,#6313,.T.);
#6313 = EDGE_CURVE('',#1388,#6314,#6316,.T.);
#6314 = VERTEX_POINT('',#6315);
#6315 = CARTESIAN_POINT('',(-2.771,29.,-12.433));
#6316 = LINE('',#6317,#6318);
#6317 = CARTESIAN_POINT('',(-2.771,26.9,-12.433));
#6318 = VECTOR('',#6319,1.);
#6319 = DIRECTION('',(-0.,1.,0.));
#6320 = ORIENTED_EDGE('',*,*,#6321,.T.);
#6321 = EDGE_CURVE('',#6314,#4716,#6322,.T.);
#6322 = LINE('',#6323,#6324);
#6323 = CARTESIAN_POINT('',(-2.771,29.,-12.433));
#6324 = VECTOR('',#6325,1.);
#6325 = DIRECTION('',(0.,0.,1.));
#6326 = PLANE('',#6327);
#6327 = AXIS2_PLACEMENT_3D('',#6328,#6329,#6330);
#6328 = CARTESIAN_POINT('',(-2.771,26.9,-12.433));
#6329 = DIRECTION('',(1.,0.,-0.));
#6330 = DIRECTION('',(0.,0.,1.));
#6331 = ADVANCED_FACE('',(#6332),#6343,.F.);
#6332 = FACE_BOUND('',#6333,.F.);
#6333 = EDGE_LOOP('',(#6334,#6335,#6336,#6337));
#6334 = ORIENTED_EDGE('',*,*,#6313,.F.);
#6335 = ORIENTED_EDGE('',*,*,#1387,.F.);
#6336 = ORIENTED_EDGE('',*,*,#6094,.T.);
#6337 = ORIENTED_EDGE('',*,*,#6338,.F.);
#6338 = EDGE_CURVE('',#6314,#6095,#6339,.T.);
#6339 = LINE('',#6340,#6341);
#6340 = CARTESIAN_POINT('',(-2.771,29.,-12.433));
#6341 = VECTOR('',#6342,1.);
#6342 = DIRECTION('',(1.,0.,-0.));
#6343 = PLANE('',#6344);
#6344 = AXIS2_PLACEMENT_3D('',#6345,#6346,#6347);
#6345 = CARTESIAN_POINT('',(-2.771,26.9,-12.433));
#6346 = DIRECTION('',(0.,0.,1.));
#6347 = DIRECTION('',(1.,0.,-0.));
#6348 = ADVANCED_FACE('',(#6349),#6374,.T.);
#6349 = FACE_BOUND('',#6350,.T.);
#6350 = EDGE_LOOP('',(#6351,#6352,#6360,#6368));
#6351 = ORIENTED_EDGE('',*,*,#1539,.F.);
#6352 = ORIENTED_EDGE('',*,*,#6353,.T.);
#6353 = EDGE_CURVE('',#1540,#6354,#6356,.T.);
#6354 = VERTEX_POINT('',#6355);
#6355 = CARTESIAN_POINT('',(-11.58133702345,29.,-14.22304651375));
#6356 = LINE('',#6357,#6358);
#6357 = CARTESIAN_POINT('',(-11.58133702345,26.9,-14.22304651375));
#6358 = VECTOR('',#6359,1.);
#6359 = DIRECTION('',(4.440892098501E-16,1.,-6.661338147751E-16));
#6360 = ORIENTED_EDGE('',*,*,#6361,.T.);
#6361 = EDGE_CURVE('',#6354,#6362,#6364,.T.);
#6362 = VERTEX_POINT('',#6363);
#6363 = CARTESIAN_POINT('',(-11.96898532298,29.,-14.53247232079));
#6364 = LINE('',#6365,#6366);
#6365 = CARTESIAN_POINT('',(-11.58133702345,29.,-14.22304651375));
#6366 = VECTOR('',#6367,1.);
#6367 = DIRECTION('',(-0.781549730883,2.435747838189E-16,-0.623842943502
    ));
#6368 = ORIENTED_EDGE('',*,*,#6369,.F.);
#6369 = EDGE_CURVE('',#1542,#6362,#6370,.T.);
#6370 = LINE('',#6371,#6372);
#6371 = CARTESIAN_POINT('',(-11.96898532298,26.9,-14.53247232079));
#6372 = VECTOR('',#6373,1.);
#6373 = DIRECTION('',(4.440892098501E-16,1.,-6.661338147751E-16));
#6374 = PLANE('',#6375);
#6375 = AXIS2_PLACEMENT_3D('',#6376,#6377,#6378);
#6376 = CARTESIAN_POINT('',(-11.58133702345,26.9,-14.22304651375));
#6377 = DIRECTION('',(-0.623842943502,7.626406822217E-16,0.781549730883)
  );
#6378 = DIRECTION('',(-0.781549730883,2.435747838189E-16,-0.623842943502
    ));
#6379 = ADVANCED_FACE('',(#6380),#6398,.T.);
#6380 = FACE_BOUND('',#6381,.T.);
#6381 = EDGE_LOOP('',(#6382,#6383,#6391,#6397));
#6382 = ORIENTED_EDGE('',*,*,#1549,.F.);
#6383 = ORIENTED_EDGE('',*,*,#6384,.T.);
#6384 = EDGE_CURVE('',#1550,#6385,#6387,.T.);
#6385 = VERTEX_POINT('',#6386);
#6386 = CARTESIAN_POINT('',(-8.43133702345,29.,-12.32304651375));
#6387 = LINE('',#6388,#6389);
#6388 = CARTESIAN_POINT('',(-8.43133702345,26.9,-12.32304651375));
#6389 = VECTOR('',#6390,1.);
#6390 = DIRECTION('',(4.440892098501E-16,1.,-6.661338147751E-16));
#6391 = ORIENTED_EDGE('',*,*,#6392,.T.);
#6392 = EDGE_CURVE('',#6385,#6354,#6393,.T.);
#6393 = LINE('',#6394,#6395);
#6394 = CARTESIAN_POINT('',(-8.43133702345,29.,-12.32304651375));
#6395 = VECTOR('',#6396,1.);
#6396 = DIRECTION('',(-0.85629130855,3.4103555206E-16,-0.516493170237));
#6397 = ORIENTED_EDGE('',*,*,#6353,.F.);
#6398 = PLANE('',#6399);
#6399 = AXIS2_PLACEMENT_3D('',#6400,#6401,#6402);
#6400 = CARTESIAN_POINT('',(-8.43133702345,26.9,-12.32304651375));
#6401 = DIRECTION('',(-0.516493170237,7.243232964107E-16,0.85629130855)
  );
#6402 = DIRECTION('',(-0.85629130855,3.4103555206E-16,-0.516493170237));
#6403 = ADVANCED_FACE('',(#6404),#6422,.T.);
#6404 = FACE_BOUND('',#6405,.T.);
#6405 = EDGE_LOOP('',(#6406,#6407,#6408,#6416));
#6406 = ORIENTED_EDGE('',*,*,#1741,.F.);
#6407 = ORIENTED_EDGE('',*,*,#6369,.T.);
#6408 = ORIENTED_EDGE('',*,*,#6409,.T.);
#6409 = EDGE_CURVE('',#6362,#6410,#6412,.T.);
#6410 = VERTEX_POINT('',#6411);
#6411 = CARTESIAN_POINT('',(-12.2633395351,29.,-14.93168546186));
#6412 = LINE('',#6413,#6414);
#6413 = CARTESIAN_POINT('',(-11.96898532298,29.,-14.53247232079));
#6414 = VECTOR('',#6415,1.);
#6415 = DIRECTION('',(-0.593456634658,3.788924119451E-17,-0.804865965724
    ));
#6416 = ORIENTED_EDGE('',*,*,#6417,.F.);
#6417 = EDGE_CURVE('',#1734,#6410,#6418,.T.);
#6418 = LINE('',#6419,#6420);
#6419 = CARTESIAN_POINT('',(-12.2633395351,26.9,-14.93168546186));
#6420 = VECTOR('',#6421,1.);
#6421 = DIRECTION('',(4.440892098501E-16,1.,-6.661338147751E-16));
#6422 = PLANE('',#6423);
#6423 = AXIS2_PLACEMENT_3D('',#6424,#6425,#6426);
#6424 = CARTESIAN_POINT('',(-11.96898532298,26.9,-14.53247232079));
#6425 = DIRECTION('',(-0.804865965724,7.996961240958E-16,0.593456634658)
  );
#6426 = DIRECTION('',(-0.593456634658,3.788924119451E-17,-0.804865965724
    ));
#6427 = ADVANCED_FACE('',(#6428),#6446,.T.);
#6428 = FACE_BOUND('',#6429,.T.);
#6429 = EDGE_LOOP('',(#6430,#6431,#6439,#6445));
#6430 = ORIENTED_EDGE('',*,*,#1557,.F.);
#6431 = ORIENTED_EDGE('',*,*,#6432,.T.);
#6432 = EDGE_CURVE('',#1558,#6433,#6435,.T.);
#6433 = VERTEX_POINT('',#6434);
#6434 = CARTESIAN_POINT('',(-7.976812227507,29.,-12.12449489813));
#6435 = LINE('',#6436,#6437);
#6436 = CARTESIAN_POINT('',(-7.976812227507,26.9,-12.12449489813));
#6437 = VECTOR('',#6438,1.);
#6438 = DIRECTION('',(4.440892098501E-16,1.,-6.661338147751E-16));
#6439 = ORIENTED_EDGE('',*,*,#6440,.T.);
#6440 = EDGE_CURVE('',#6433,#6385,#6441,.T.);
#6441 = LINE('',#6442,#6443);
#6442 = CARTESIAN_POINT('',(-7.976812227507,29.,-12.12449489813));
#6443 = VECTOR('',#6444,1.);
#6444 = DIRECTION('',(-0.91638150452,4.326611074524E-16,-0.40030605563)
  );
#6445 = ORIENTED_EDGE('',*,*,#6384,.F.);
#6446 = PLANE('',#6447);
#6447 = AXIS2_PLACEMENT_3D('',#6448,#6449,#6450);
#6448 = CARTESIAN_POINT('',(-7.976812227507,26.9,-12.12449489813));
#6449 = DIRECTION('',(-0.40030605563,6.736125381776E-16,0.91638150452));
#6450 = DIRECTION('',(-0.91638150452,4.326611074524E-16,-0.40030605563)
  );
#6451 = ADVANCED_FACE('',(#6452),#6470,.T.);
#6452 = FACE_BOUND('',#6453,.T.);
#6453 = EDGE_LOOP('',(#6454,#6455,#6456,#6464));
#6454 = ORIENTED_EDGE('',*,*,#1733,.F.);
#6455 = ORIENTED_EDGE('',*,*,#6417,.T.);
#6456 = ORIENTED_EDGE('',*,*,#6457,.T.);
#6457 = EDGE_CURVE('',#6410,#6458,#6460,.T.);
#6458 = VERTEX_POINT('',#6459);
#6459 = CARTESIAN_POINT('',(-12.44433990671,29.,-15.39348022111));
#6460 = LINE('',#6461,#6462);
#6461 = CARTESIAN_POINT('',(-12.2633395351,29.,-14.93168546186));
#6462 = VECTOR('',#6463,1.);
#6463 = DIRECTION('',(-0.364920449514,-1.703783906024E-16,
    -0.931038702486));
#6464 = ORIENTED_EDGE('',*,*,#6465,.F.);
#6465 = EDGE_CURVE('',#1726,#6458,#6466,.T.);
#6466 = LINE('',#6467,#6468);
#6467 = CARTESIAN_POINT('',(-12.44433990671,26.9,-15.39348022111));
#6468 = VECTOR('',#6469,1.);
#6469 = DIRECTION('',(4.440892098501E-16,1.,-6.661338147751E-16));
#6470 = PLANE('',#6471);
#6471 = AXIS2_PLACEMENT_3D('',#6472,#6473,#6474);
#6472 = CARTESIAN_POINT('',(-12.2633395351,26.9,-14.93168546186));
#6473 = DIRECTION('',(-0.931038702486,7.82253596673E-16,0.364920449514)
  );
#6474 = DIRECTION('',(-0.364920449514,-1.703783906024E-16,
    -0.931038702486));
#6475 = ADVANCED_FACE('',(#6476),#6494,.T.);
#6476 = FACE_BOUND('',#6477,.T.);
#6477 = EDGE_LOOP('',(#6478,#6479,#6487,#6493));
#6478 = ORIENTED_EDGE('',*,*,#1565,.F.);
#6479 = ORIENTED_EDGE('',*,*,#6480,.T.);
#6480 = EDGE_CURVE('',#1566,#6481,#6483,.T.);
#6481 = VERTEX_POINT('',#6482);
#6482 = CARTESIAN_POINT('',(-7.486386048859,29.,-12.05034843841));
#6483 = LINE('',#6484,#6485);
#6484 = CARTESIAN_POINT('',(-7.486386048859,26.9,-12.05034843841));
#6485 = VECTOR('',#6486,1.);
#6486 = DIRECTION('',(4.440892098501E-16,1.,-6.661338147751E-16));
#6487 = ORIENTED_EDGE('',*,*,#6488,.T.);
#6488 = EDGE_CURVE('',#6481,#6433,#6489,.T.);
#6489 = LINE('',#6490,#6491);
#6490 = CARTESIAN_POINT('',(-7.486386048859,29.,-12.05034843841));
#6491 = VECTOR('',#6492,1.);
#6492 = DIRECTION('',(-0.988763393016,5.922622916194E-16,-0.149488971603
    ));
#6493 = ORIENTED_EDGE('',*,*,#6432,.F.);
#6494 = PLANE('',#6495);
#6495 = AXIS2_PLACEMENT_3D('',#6496,#6497,#6498);
#6496 = CARTESIAN_POINT('',(-7.486386048859,26.9,-12.05034843841));
#6497 = DIRECTION('',(-0.149488971603,5.386788128541E-16,0.988763393016)
  );
#6498 = DIRECTION('',(-0.988763393016,5.922622916194E-16,-0.149488971603
    ));
#6499 = ADVANCED_FACE('',(#6500),#6518,.T.);
#6500 = FACE_BOUND('',#6501,.T.);
#6501 = EDGE_LOOP('',(#6502,#6503,#6504,#6512));
#6502 = ORIENTED_EDGE('',*,*,#1725,.F.);
#6503 = ORIENTED_EDGE('',*,*,#6465,.T.);
#6504 = ORIENTED_EDGE('',*,*,#6505,.T.);
#6505 = EDGE_CURVE('',#6458,#6506,#6508,.T.);
#6506 = VERTEX_POINT('',#6507);
#6507 = CARTESIAN_POINT('',(-12.49965156158,29.,-15.88638604885));
#6508 = LINE('',#6509,#6510);
#6509 = CARTESIAN_POINT('',(-12.44433990671,29.,-15.39348022111));
#6510 = VECTOR('',#6511,1.);
#6511 = DIRECTION('',(-0.111515538796,-3.670350166433E-16,
    -0.993762690287));
#6512 = ORIENTED_EDGE('',*,*,#6513,.F.);
#6513 = EDGE_CURVE('',#1718,#6506,#6514,.T.);
#6514 = LINE('',#6515,#6516);
#6515 = CARTESIAN_POINT('',(-12.49965156158,26.9,-15.88638604885));
#6516 = VECTOR('',#6517,1.);
#6517 = DIRECTION('',(4.440892098501E-16,1.,-6.661338147751E-16));
#6518 = PLANE('',#6519);
#6519 = AXIS2_PLACEMENT_3D('',#6520,#6521,#6522);
#6520 = CARTESIAN_POINT('',(-12.44433990671,26.9,-15.39348022111));
#6521 = DIRECTION('',(-0.993762690287,7.115017793721E-16,0.111515538796)
  );
#6522 = DIRECTION('',(-0.111515538796,-3.670350166433E-16,
    -0.993762690287));
#6523 = ADVANCED_FACE('',(#6524),#6542,.T.);
#6524 = FACE_BOUND('',#6525,.T.);
#6525 = EDGE_LOOP('',(#6526,#6527,#6535,#6541));
#6526 = ORIENTED_EDGE('',*,*,#1573,.F.);
#6527 = ORIENTED_EDGE('',*,*,#6528,.T.);
#6528 = EDGE_CURVE('',#1574,#6529,#6531,.T.);
#6529 = VERTEX_POINT('',#6530);
#6530 = CARTESIAN_POINT('',(-6.993480221111,29.,-12.10566009329));
#6531 = LINE('',#6532,#6533);
#6532 = CARTESIAN_POINT('',(-6.993480221111,26.9,-12.10566009329));
#6533 = VECTOR('',#6534,1.);
#6534 = DIRECTION('',(4.440892098501E-16,1.,-6.661338147751E-16));
#6535 = ORIENTED_EDGE('',*,*,#6536,.T.);
#6536 = EDGE_CURVE('',#6529,#6481,#6537,.T.);
#6537 = LINE('',#6538,#6539);
#6538 = CARTESIAN_POINT('',(-6.993480221111,29.,-12.10566009329));
#6539 = VECTOR('',#6540,1.);
#6540 = DIRECTION('',(-0.993762690287,7.115017793721E-16,0.111515538796)
  );
#6541 = ORIENTED_EDGE('',*,*,#6480,.F.);
#6542 = PLANE('',#6543);
#6543 = AXIS2_PLACEMENT_3D('',#6544,#6545,#6546);
#6544 = CARTESIAN_POINT('',(-6.993480221111,26.9,-12.10566009329));
#6545 = DIRECTION('',(0.111515538796,3.670350166433E-16,0.993762690287)
  );
#6546 = DIRECTION('',(-0.993762690287,7.115017793721E-16,0.111515538796)
  );
#6547 = ADVANCED_FACE('',(#6548),#6566,.T.);
#6548 = FACE_BOUND('',#6549,.T.);
#6549 = EDGE_LOOP('',(#6550,#6551,#6552,#6560));
#6550 = ORIENTED_EDGE('',*,*,#1717,.F.);
#6551 = ORIENTED_EDGE('',*,*,#6513,.T.);
#6552 = ORIENTED_EDGE('',*,*,#6553,.T.);
#6553 = EDGE_CURVE('',#6506,#6554,#6556,.T.);
#6554 = VERTEX_POINT('',#6555);
#6555 = CARTESIAN_POINT('',(-12.42550510186,29.,-16.3768122275));
#6556 = LINE('',#6557,#6558);
#6557 = CARTESIAN_POINT('',(-12.49965156158,29.,-15.88638604885));
#6558 = VECTOR('',#6559,1.);
#6559 = DIRECTION('',(0.149488971603,-5.386788128541E-16,-0.988763393016
    ));
#6560 = ORIENTED_EDGE('',*,*,#6561,.F.);
#6561 = EDGE_CURVE('',#1710,#6554,#6562,.T.);
#6562 = LINE('',#6563,#6564);
#6563 = CARTESIAN_POINT('',(-12.42550510186,26.9,-16.3768122275));
#6564 = VECTOR('',#6565,1.);
#6565 = DIRECTION('',(4.440892098501E-16,1.,-6.661338147751E-16));
#6566 = PLANE('',#6567);
#6567 = AXIS2_PLACEMENT_3D('',#6568,#6569,#6570);
#6568 = CARTESIAN_POINT('',(-12.49965156158,26.9,-15.88638604885));
#6569 = DIRECTION('',(-0.988763393016,5.922622916194E-16,-0.149488971603
    ));
#6570 = DIRECTION('',(0.149488971603,-5.386788128541E-16,-0.988763393016
    ));
#6571 = ADVANCED_FACE('',(#6572),#6590,.T.);
#6572 = FACE_BOUND('',#6573,.T.);
#6573 = EDGE_LOOP('',(#6574,#6575,#6583,#6589));
#6574 = ORIENTED_EDGE('',*,*,#1581,.F.);
#6575 = ORIENTED_EDGE('',*,*,#6576,.T.);
#6576 = EDGE_CURVE('',#1582,#6577,#6579,.T.);
#6577 = VERTEX_POINT('',#6578);
#6578 = CARTESIAN_POINT('',(-6.53168546186,29.,-12.28666046489));
#6579 = LINE('',#6580,#6581);
#6580 = CARTESIAN_POINT('',(-6.53168546186,26.9,-12.28666046489));
#6581 = VECTOR('',#6582,1.);
#6582 = DIRECTION('',(4.440892098501E-16,1.,-6.661338147751E-16));
#6583 = ORIENTED_EDGE('',*,*,#6584,.T.);
#6584 = EDGE_CURVE('',#6577,#6529,#6585,.T.);
#6585 = LINE('',#6586,#6587);
#6586 = CARTESIAN_POINT('',(-6.53168546186,29.,-12.28666046489));
#6587 = VECTOR('',#6588,1.);
#6588 = DIRECTION('',(-0.931038702486,7.82253596673E-16,0.364920449514)
  );
#6589 = ORIENTED_EDGE('',*,*,#6528,.F.);
#6590 = PLANE('',#6591);
#6591 = AXIS2_PLACEMENT_3D('',#6592,#6593,#6594);
#6592 = CARTESIAN_POINT('',(-6.53168546186,26.9,-12.28666046489));
#6593 = DIRECTION('',(0.364920449514,1.703783906024E-16,0.931038702486)
  );
#6594 = DIRECTION('',(-0.931038702486,7.82253596673E-16,0.364920449514)
  );
#6595 = ADVANCED_FACE('',(#6596),#6614,.T.);
#6596 = FACE_BOUND('',#6597,.T.);
#6597 = EDGE_LOOP('',(#6598,#6599,#6600,#6608));
#6598 = ORIENTED_EDGE('',*,*,#1709,.F.);
#6599 = ORIENTED_EDGE('',*,*,#6561,.T.);
#6600 = ORIENTED_EDGE('',*,*,#6601,.T.);
#6601 = EDGE_CURVE('',#6554,#6602,#6604,.T.);
#6602 = VERTEX_POINT('',#6603);
#6603 = CARTESIAN_POINT('',(-12.22695348624,29.,-16.83133702345));
#6604 = LINE('',#6605,#6606);
#6605 = CARTESIAN_POINT('',(-12.42550510186,29.,-16.3768122275));
#6606 = VECTOR('',#6607,1.);
#6607 = DIRECTION('',(0.40030605563,-6.736125381776E-16,-0.91638150452)
  );
#6608 = ORIENTED_EDGE('',*,*,#6609,.F.);
#6609 = EDGE_CURVE('',#1702,#6602,#6610,.T.);
#6610 = LINE('',#6611,#6612);
#6611 = CARTESIAN_POINT('',(-12.22695348624,26.9,-16.83133702345));
#6612 = VECTOR('',#6613,1.);
#6613 = DIRECTION('',(4.440892098501E-16,1.,-6.661338147751E-16));
#6614 = PLANE('',#6615);
#6615 = AXIS2_PLACEMENT_3D('',#6616,#6617,#6618);
#6616 = CARTESIAN_POINT('',(-12.42550510186,26.9,-16.3768122275));
#6617 = DIRECTION('',(-0.91638150452,4.326611074524E-16,-0.40030605563)
  );
#6618 = DIRECTION('',(0.40030605563,-6.736125381776E-16,-0.91638150452)
  );
#6619 = ADVANCED_FACE('',(#6620),#6638,.T.);
#6620 = FACE_BOUND('',#6621,.T.);
#6621 = EDGE_LOOP('',(#6622,#6623,#6631,#6637));
#6622 = ORIENTED_EDGE('',*,*,#1589,.F.);
#6623 = ORIENTED_EDGE('',*,*,#6624,.T.);
#6624 = EDGE_CURVE('',#1590,#6625,#6627,.T.);
#6625 = VERTEX_POINT('',#6626);
#6626 = CARTESIAN_POINT('',(-6.132472320797,29.,-12.58101467702));
#6627 = LINE('',#6628,#6629);
#6628 = CARTESIAN_POINT('',(-6.132472320797,26.9,-12.58101467702));
#6629 = VECTOR('',#6630,1.);
#6630 = DIRECTION('',(4.440892098501E-16,1.,-6.661338147751E-16));
#6631 = ORIENTED_EDGE('',*,*,#6632,.T.);
#6632 = EDGE_CURVE('',#6625,#6577,#6633,.T.);
#6633 = LINE('',#6634,#6635);
#6634 = CARTESIAN_POINT('',(-6.132472320797,29.,-12.58101467702));
#6635 = VECTOR('',#6636,1.);
#6636 = DIRECTION('',(-0.804865965724,7.996961240958E-16,0.593456634658)
  );
#6637 = ORIENTED_EDGE('',*,*,#6576,.F.);
#6638 = PLANE('',#6639);
#6639 = AXIS2_PLACEMENT_3D('',#6640,#6641,#6642);
#6640 = CARTESIAN_POINT('',(-6.132472320797,26.9,-12.58101467702));
#6641 = DIRECTION('',(0.593456634658,-3.788924119451E-17,0.804865965724)
  );
#6642 = DIRECTION('',(-0.804865965724,7.996961240958E-16,0.593456634658)
  );
#6643 = ADVANCED_FACE('',(#6644),#6662,.T.);
#6644 = FACE_BOUND('',#6645,.T.);
#6645 = EDGE_LOOP('',(#6646,#6647,#6648,#6656));
#6646 = ORIENTED_EDGE('',*,*,#1701,.F.);
#6647 = ORIENTED_EDGE('',*,*,#6609,.T.);
#6648 = ORIENTED_EDGE('',*,*,#6649,.T.);
#6649 = EDGE_CURVE('',#6602,#6650,#6652,.T.);
#6650 = VERTEX_POINT('',#6651);
#6651 = CARTESIAN_POINT('',(-11.9175276792,29.,-17.21898532298));
#6652 = LINE('',#6653,#6654);
#6653 = CARTESIAN_POINT('',(-12.22695348624,29.,-16.83133702345));
#6654 = VECTOR('',#6655,1.);
#6655 = DIRECTION('',(0.623842943502,-7.626406822217E-16,-0.781549730883
    ));
#6656 = ORIENTED_EDGE('',*,*,#6657,.F.);
#6657 = EDGE_CURVE('',#1694,#6650,#6658,.T.);
#6658 = LINE('',#6659,#6660);
#6659 = CARTESIAN_POINT('',(-11.9175276792,26.9,-17.21898532298));
#6660 = VECTOR('',#6661,1.);
#6661 = DIRECTION('',(4.440892098501E-16,1.,-6.661338147751E-16));
#6662 = PLANE('',#6663);
#6663 = AXIS2_PLACEMENT_3D('',#6664,#6665,#6666);
#6664 = CARTESIAN_POINT('',(-12.22695348624,26.9,-16.83133702345));
#6665 = DIRECTION('',(-0.781549730883,2.435747838189E-16,-0.623842943502
    ));
#6666 = DIRECTION('',(0.623842943502,-7.626406822217E-16,-0.781549730883
    ));
#6667 = ADVANCED_FACE('',(#6668),#6686,.T.);
#6668 = FACE_BOUND('',#6669,.T.);
#6669 = EDGE_LOOP('',(#6670,#6671,#6679,#6685));
#6670 = ORIENTED_EDGE('',*,*,#1597,.F.);
#6671 = ORIENTED_EDGE('',*,*,#6672,.T.);
#6672 = EDGE_CURVE('',#1598,#6673,#6675,.T.);
#6673 = VERTEX_POINT('',#6674);
#6674 = CARTESIAN_POINT('',(-5.823046513754,29.,-12.96866297655));
#6675 = LINE('',#6676,#6677);
#6676 = CARTESIAN_POINT('',(-5.823046513754,26.9,-12.96866297655));
#6677 = VECTOR('',#6678,1.);
#6678 = DIRECTION('',(4.440892098501E-16,1.,-6.661338147751E-16));
#6679 = ORIENTED_EDGE('',*,*,#6680,.T.);
#6680 = EDGE_CURVE('',#6673,#6625,#6681,.T.);
#6681 = LINE('',#6682,#6683);
#6682 = CARTESIAN_POINT('',(-5.823046513754,29.,-12.96866297655));
#6683 = VECTOR('',#6684,1.);
#6684 = DIRECTION('',(-0.623842943502,7.626406822217E-16,0.781549730883)
  );
#6685 = ORIENTED_EDGE('',*,*,#6624,.F.);
#6686 = PLANE('',#6687);
#6687 = AXIS2_PLACEMENT_3D('',#6688,#6689,#6690);
#6688 = CARTESIAN_POINT('',(-5.823046513754,26.9,-12.96866297655));
#6689 = DIRECTION('',(0.781549730883,-2.435747838189E-16,0.623842943502)
  );
#6690 = DIRECTION('',(-0.623842943502,7.626406822217E-16,0.781549730883)
  );
#6691 = ADVANCED_FACE('',(#6692),#6710,.T.);
#6692 = FACE_BOUND('',#6693,.T.);
#6693 = EDGE_LOOP('',(#6694,#6695,#6696,#6704));
#6694 = ORIENTED_EDGE('',*,*,#1693,.F.);
#6695 = ORIENTED_EDGE('',*,*,#6657,.T.);
#6696 = ORIENTED_EDGE('',*,*,#6697,.T.);
#6697 = EDGE_CURVE('',#6650,#6698,#6700,.T.);
#6698 = VERTEX_POINT('',#6699);
#6699 = CARTESIAN_POINT('',(-11.51831453813,29.,-17.5133395351));
#6700 = LINE('',#6701,#6702);
#6701 = CARTESIAN_POINT('',(-11.9175276792,29.,-17.21898532298));
#6702 = VECTOR('',#6703,1.);
#6703 = DIRECTION('',(0.804865965724,-7.996961240958E-16,-0.593456634658
    ));
#6704 = ORIENTED_EDGE('',*,*,#6705,.F.);
#6705 = EDGE_CURVE('',#1686,#6698,#6706,.T.);
#6706 = LINE('',#6707,#6708);
#6707 = CARTESIAN_POINT('',(-11.51831453813,26.9,-17.5133395351));
#6708 = VECTOR('',#6709,1.);
#6709 = DIRECTION('',(4.440892098501E-16,1.,-6.661338147751E-16));
#6710 = PLANE('',#6711);
#6711 = AXIS2_PLACEMENT_3D('',#6712,#6713,#6714);
#6712 = CARTESIAN_POINT('',(-11.9175276792,26.9,-17.21898532298));
#6713 = DIRECTION('',(-0.593456634658,3.788924119451E-17,-0.804865965724
    ));
#6714 = DIRECTION('',(0.804865965724,-7.996961240958E-16,-0.593456634658
    ));
#6715 = ADVANCED_FACE('',(#6716),#6734,.T.);
#6716 = FACE_BOUND('',#6717,.T.);
#6717 = EDGE_LOOP('',(#6718,#6719,#6727,#6733));
#6718 = ORIENTED_EDGE('',*,*,#1605,.F.);
#6719 = ORIENTED_EDGE('',*,*,#6720,.T.);
#6720 = EDGE_CURVE('',#1606,#6721,#6723,.T.);
#6721 = VERTEX_POINT('',#6722);
#6722 = CARTESIAN_POINT('',(-5.624494898131,29.,-13.42318777249));
#6723 = LINE('',#6724,#6725);
#6724 = CARTESIAN_POINT('',(-5.624494898131,26.9,-13.42318777249));
#6725 = VECTOR('',#6726,1.);
#6726 = DIRECTION('',(4.440892098501E-16,1.,-6.661338147751E-16));
#6727 = ORIENTED_EDGE('',*,*,#6728,.T.);
#6728 = EDGE_CURVE('',#6721,#6673,#6729,.T.);
#6729 = LINE('',#6730,#6731);
#6730 = CARTESIAN_POINT('',(-5.624494898131,29.,-13.42318777249));
#6731 = VECTOR('',#6732,1.);
#6732 = DIRECTION('',(-0.40030605563,6.736125381776E-16,0.91638150452));
#6733 = ORIENTED_EDGE('',*,*,#6672,.F.);
#6734 = PLANE('',#6735);
#6735 = AXIS2_PLACEMENT_3D('',#6736,#6737,#6738);
#6736 = CARTESIAN_POINT('',(-5.624494898131,26.9,-13.42318777249));
#6737 = DIRECTION('',(0.91638150452,-4.326611074524E-16,0.40030605563));
#6738 = DIRECTION('',(-0.40030605563,6.736125381776E-16,0.91638150452));
#6739 = ADVANCED_FACE('',(#6740),#6758,.T.);
#6740 = FACE_BOUND('',#6741,.T.);
#6741 = EDGE_LOOP('',(#6742,#6743,#6744,#6752));
#6742 = ORIENTED_EDGE('',*,*,#1685,.F.);
#6743 = ORIENTED_EDGE('',*,*,#6705,.T.);
#6744 = ORIENTED_EDGE('',*,*,#6745,.T.);
#6745 = EDGE_CURVE('',#6698,#6746,#6748,.T.);
#6746 = VERTEX_POINT('',#6747);
#6747 = CARTESIAN_POINT('',(-11.05651977888,29.,-17.69433990671));
#6748 = LINE('',#6749,#6750);
#6749 = CARTESIAN_POINT('',(-11.51831453813,29.,-17.5133395351));
#6750 = VECTOR('',#6751,1.);
#6751 = DIRECTION('',(0.931038702486,-7.82253596673E-16,-0.364920449514)
  );
#6752 = ORIENTED_EDGE('',*,*,#6753,.F.);
#6753 = EDGE_CURVE('',#1678,#6746,#6754,.T.);
#6754 = LINE('',#6755,#6756);
#6755 = CARTESIAN_POINT('',(-11.05651977888,26.9,-17.69433990671));
#6756 = VECTOR('',#6757,1.);
#6757 = DIRECTION('',(4.440892098501E-16,1.,-6.661338147751E-16));
#6758 = PLANE('',#6759);
#6759 = AXIS2_PLACEMENT_3D('',#6760,#6761,#6762);
#6760 = CARTESIAN_POINT('',(-11.51831453813,26.9,-17.5133395351));
#6761 = DIRECTION('',(-0.364920449514,-1.703783906024E-16,
    -0.931038702486));
#6762 = DIRECTION('',(0.931038702486,-7.82253596673E-16,-0.364920449514)
  );
#6763 = ADVANCED_FACE('',(#6764),#6782,.T.);
#6764 = FACE_BOUND('',#6765,.T.);
#6765 = EDGE_LOOP('',(#6766,#6767,#6775,#6781));
#6766 = ORIENTED_EDGE('',*,*,#1613,.F.);
#6767 = ORIENTED_EDGE('',*,*,#6768,.T.);
#6768 = EDGE_CURVE('',#1614,#6769,#6771,.T.);
#6769 = VERTEX_POINT('',#6770);
#6770 = CARTESIAN_POINT('',(-5.550348438411,29.,-13.91361395114));
#6771 = LINE('',#6772,#6773);
#6772 = CARTESIAN_POINT('',(-5.550348438411,26.9,-13.91361395114));
#6773 = VECTOR('',#6774,1.);
#6774 = DIRECTION('',(4.440892098501E-16,1.,-6.661338147751E-16));
#6775 = ORIENTED_EDGE('',*,*,#6776,.T.);
#6776 = EDGE_CURVE('',#6769,#6721,#6777,.T.);
#6777 = LINE('',#6778,#6779);
#6778 = CARTESIAN_POINT('',(-5.550348438411,29.,-13.91361395114));
#6779 = VECTOR('',#6780,1.);
#6780 = DIRECTION('',(-0.149488971603,5.386788128541E-16,0.988763393016)
  );
#6781 = ORIENTED_EDGE('',*,*,#6720,.F.);
#6782 = PLANE('',#6783);
#6783 = AXIS2_PLACEMENT_3D('',#6784,#6785,#6786);
#6784 = CARTESIAN_POINT('',(-5.550348438411,26.9,-13.91361395114));
#6785 = DIRECTION('',(0.988763393016,-5.922622916194E-16,0.149488971603)
  );
#6786 = DIRECTION('',(-0.149488971603,5.386788128541E-16,0.988763393016)
  );
#6787 = ADVANCED_FACE('',(#6788),#6806,.T.);
#6788 = FACE_BOUND('',#6789,.T.);
#6789 = EDGE_LOOP('',(#6790,#6791,#6792,#6800));
#6790 = ORIENTED_EDGE('',*,*,#1677,.F.);
#6791 = ORIENTED_EDGE('',*,*,#6753,.T.);
#6792 = ORIENTED_EDGE('',*,*,#6793,.T.);
#6793 = EDGE_CURVE('',#6746,#6794,#6796,.T.);
#6794 = VERTEX_POINT('',#6795);
#6795 = CARTESIAN_POINT('',(-10.56361395114,29.,-17.74965156158));
#6796 = LINE('',#6797,#6798);
#6797 = CARTESIAN_POINT('',(-11.05651977888,29.,-17.69433990671));
#6798 = VECTOR('',#6799,1.);
#6799 = DIRECTION('',(0.993762690287,-7.115017793721E-16,-0.111515538796
    ));
#6800 = ORIENTED_EDGE('',*,*,#6801,.F.);
#6801 = EDGE_CURVE('',#1670,#6794,#6802,.T.);
#6802 = LINE('',#6803,#6804);
#6803 = CARTESIAN_POINT('',(-10.56361395114,26.9,-17.74965156158));
#6804 = VECTOR('',#6805,1.);
#6805 = DIRECTION('',(4.440892098501E-16,1.,-6.661338147751E-16));
#6806 = PLANE('',#6807);
#6807 = AXIS2_PLACEMENT_3D('',#6808,#6809,#6810);
#6808 = CARTESIAN_POINT('',(-11.05651977888,26.9,-17.69433990671));
#6809 = DIRECTION('',(-0.111515538796,-3.670350166433E-16,
    -0.993762690287));
#6810 = DIRECTION('',(0.993762690287,-7.115017793721E-16,-0.111515538796
    ));
#6811 = ADVANCED_FACE('',(#6812),#6830,.T.);
#6812 = FACE_BOUND('',#6813,.T.);
#6813 = EDGE_LOOP('',(#6814,#6815,#6823,#6829));
#6814 = ORIENTED_EDGE('',*,*,#1621,.F.);
#6815 = ORIENTED_EDGE('',*,*,#6816,.T.);
#6816 = EDGE_CURVE('',#1622,#6817,#6819,.T.);
#6817 = VERTEX_POINT('',#6818);
#6818 = CARTESIAN_POINT('',(-5.60566009329,29.,-14.40651977888));
#6819 = LINE('',#6820,#6821);
#6820 = CARTESIAN_POINT('',(-5.60566009329,26.9,-14.40651977888));
#6821 = VECTOR('',#6822,1.);
#6822 = DIRECTION('',(4.440892098501E-16,1.,-6.661338147751E-16));
#6823 = ORIENTED_EDGE('',*,*,#6824,.T.);
#6824 = EDGE_CURVE('',#6817,#6769,#6825,.T.);
#6825 = LINE('',#6826,#6827);
#6826 = CARTESIAN_POINT('',(-5.60566009329,29.,-14.40651977888));
#6827 = VECTOR('',#6828,1.);
#6828 = DIRECTION('',(0.111515538796,3.670350166433E-16,0.993762690287)
  );
#6829 = ORIENTED_EDGE('',*,*,#6768,.F.);
#6830 = PLANE('',#6831);
#6831 = AXIS2_PLACEMENT_3D('',#6832,#6833,#6834);
#6832 = CARTESIAN_POINT('',(-5.60566009329,26.9,-14.40651977888));
#6833 = DIRECTION('',(0.993762690287,-7.115017793721E-16,-0.111515538796
    ));
#6834 = DIRECTION('',(0.111515538796,3.670350166433E-16,0.993762690287)
  );
#6835 = ADVANCED_FACE('',(#6836),#6854,.T.);
#6836 = FACE_BOUND('',#6837,.T.);
#6837 = EDGE_LOOP('',(#6838,#6839,#6840,#6848));
#6838 = ORIENTED_EDGE('',*,*,#1669,.F.);
#6839 = ORIENTED_EDGE('',*,*,#6801,.T.);
#6840 = ORIENTED_EDGE('',*,*,#6841,.T.);
#6841 = EDGE_CURVE('',#6794,#6842,#6844,.T.);
#6842 = VERTEX_POINT('',#6843);
#6843 = CARTESIAN_POINT('',(-10.07318777249,29.,-17.67550510186));
#6844 = LINE('',#6845,#6846);
#6845 = CARTESIAN_POINT('',(-10.56361395114,29.,-17.74965156158));
#6846 = VECTOR('',#6847,1.);
#6847 = DIRECTION('',(0.988763393016,-5.922622916194E-16,0.149488971603)
  );
#6848 = ORIENTED_EDGE('',*,*,#6849,.F.);
#6849 = EDGE_CURVE('',#1662,#6842,#6850,.T.);
#6850 = LINE('',#6851,#6852);
#6851 = CARTESIAN_POINT('',(-10.07318777249,26.9,-17.67550510186));
#6852 = VECTOR('',#6853,1.);
#6853 = DIRECTION('',(4.440892098501E-16,1.,-6.661338147751E-16));
#6854 = PLANE('',#6855);
#6855 = AXIS2_PLACEMENT_3D('',#6856,#6857,#6858);
#6856 = CARTESIAN_POINT('',(-10.56361395114,26.9,-17.74965156158));
#6857 = DIRECTION('',(0.149488971603,-5.386788128541E-16,-0.988763393016
    ));
#6858 = DIRECTION('',(0.988763393016,-5.922622916194E-16,0.149488971603)
  );
#6859 = ADVANCED_FACE('',(#6860),#6878,.T.);
#6860 = FACE_BOUND('',#6861,.T.);
#6861 = EDGE_LOOP('',(#6862,#6863,#6871,#6877));
#6862 = ORIENTED_EDGE('',*,*,#1629,.F.);
#6863 = ORIENTED_EDGE('',*,*,#6864,.T.);
#6864 = EDGE_CURVE('',#1630,#6865,#6867,.T.);
#6865 = VERTEX_POINT('',#6866);
#6866 = CARTESIAN_POINT('',(-5.786660464895,29.,-14.86831453814));
#6867 = LINE('',#6868,#6869);
#6868 = CARTESIAN_POINT('',(-5.786660464895,26.9,-14.86831453814));
#6869 = VECTOR('',#6870,1.);
#6870 = DIRECTION('',(4.440892098501E-16,1.,-6.661338147751E-16));
#6871 = ORIENTED_EDGE('',*,*,#6872,.T.);
#6872 = EDGE_CURVE('',#6865,#6817,#6873,.T.);
#6873 = LINE('',#6874,#6875);
#6874 = CARTESIAN_POINT('',(-5.786660464895,29.,-14.86831453814));
#6875 = VECTOR('',#6876,1.);
#6876 = DIRECTION('',(0.364920449514,1.703783906024E-16,0.931038702486)
  );
#6877 = ORIENTED_EDGE('',*,*,#6816,.F.);
#6878 = PLANE('',#6879);
#6879 = AXIS2_PLACEMENT_3D('',#6880,#6881,#6882);
#6880 = CARTESIAN_POINT('',(-5.786660464895,26.9,-14.86831453814));
#6881 = DIRECTION('',(0.931038702486,-7.82253596673E-16,-0.364920449514)
  );
#6882 = DIRECTION('',(0.364920449514,1.703783906024E-16,0.931038702486)
  );
#6883 = ADVANCED_FACE('',(#6884),#6902,.T.);
#6884 = FACE_BOUND('',#6885,.T.);
#6885 = EDGE_LOOP('',(#6886,#6887,#6888,#6896));
#6886 = ORIENTED_EDGE('',*,*,#1661,.F.);
#6887 = ORIENTED_EDGE('',*,*,#6849,.T.);
#6888 = ORIENTED_EDGE('',*,*,#6889,.T.);
#6889 = EDGE_CURVE('',#6842,#6890,#6892,.T.);
#6890 = VERTEX_POINT('',#6891);
#6891 = CARTESIAN_POINT('',(-9.61866297655,29.,-17.47695348624));
#6892 = LINE('',#6893,#6894);
#6893 = CARTESIAN_POINT('',(-10.07318777249,29.,-17.67550510186));
#6894 = VECTOR('',#6895,1.);
#6895 = DIRECTION('',(0.91638150452,-4.326611074524E-16,0.40030605563));
#6896 = ORIENTED_EDGE('',*,*,#6897,.F.);
#6897 = EDGE_CURVE('',#1654,#6890,#6898,.T.);
#6898 = LINE('',#6899,#6900);
#6899 = CARTESIAN_POINT('',(-9.61866297655,26.9,-17.47695348624));
#6900 = VECTOR('',#6901,1.);
#6901 = DIRECTION('',(4.440892098501E-16,1.,-6.661338147751E-16));
#6902 = PLANE('',#6903);
#6903 = AXIS2_PLACEMENT_3D('',#6904,#6905,#6906);
#6904 = CARTESIAN_POINT('',(-10.07318777249,26.9,-17.67550510186));
#6905 = DIRECTION('',(0.40030605563,-6.736125381776E-16,-0.91638150452)
  );
#6906 = DIRECTION('',(0.91638150452,-4.326611074524E-16,0.40030605563));
#6907 = ADVANCED_FACE('',(#6908),#6926,.T.);
#6908 = FACE_BOUND('',#6909,.T.);
#6909 = EDGE_LOOP('',(#6910,#6911,#6919,#6925));
#6910 = ORIENTED_EDGE('',*,*,#1637,.F.);
#6911 = ORIENTED_EDGE('',*,*,#6912,.T.);
#6912 = EDGE_CURVE('',#1638,#6913,#6915,.T.);
#6913 = VERTEX_POINT('',#6914);
#6914 = CARTESIAN_POINT('',(-6.08101467702,29.,-15.2675276792));
#6915 = LINE('',#6916,#6917);
#6916 = CARTESIAN_POINT('',(-6.08101467702,26.9,-15.2675276792));
#6917 = VECTOR('',#6918,1.);
#6918 = DIRECTION('',(4.440892098501E-16,1.,-6.661338147751E-16));
#6919 = ORIENTED_EDGE('',*,*,#6920,.T.);
#6920 = EDGE_CURVE('',#6913,#6865,#6921,.T.);
#6921 = LINE('',#6922,#6923);
#6922 = CARTESIAN_POINT('',(-6.08101467702,29.,-15.2675276792));
#6923 = VECTOR('',#6924,1.);
#6924 = DIRECTION('',(0.593456634658,-3.788924119451E-17,0.804865965724)
  );
#6925 = ORIENTED_EDGE('',*,*,#6864,.F.);
#6926 = PLANE('',#6927);
#6927 = AXIS2_PLACEMENT_3D('',#6928,#6929,#6930);
#6928 = CARTESIAN_POINT('',(-6.08101467702,26.9,-15.2675276792));
#6929 = DIRECTION('',(0.804865965724,-7.996961240958E-16,-0.593456634658
    ));
#6930 = DIRECTION('',(0.593456634658,-3.788924119451E-17,0.804865965724)
  );
#6931 = ADVANCED_FACE('',(#6932),#6950,.T.);
#6932 = FACE_BOUND('',#6933,.T.);
#6933 = EDGE_LOOP('',(#6934,#6935,#6936,#6944));
#6934 = ORIENTED_EDGE('',*,*,#1653,.F.);
#6935 = ORIENTED_EDGE('',*,*,#6897,.T.);
#6936 = ORIENTED_EDGE('',*,*,#6937,.T.);
#6937 = EDGE_CURVE('',#6890,#6938,#6940,.T.);
#6938 = VERTEX_POINT('',#6939);
#6939 = CARTESIAN_POINT('',(-6.46866297655,29.,-15.57695348624));
#6940 = LINE('',#6941,#6942);
#6941 = CARTESIAN_POINT('',(-9.61866297655,29.,-17.47695348624));
#6942 = VECTOR('',#6943,1.);
#6943 = DIRECTION('',(0.85629130855,-3.4103555206E-16,0.516493170237));
#6944 = ORIENTED_EDGE('',*,*,#6945,.F.);
#6945 = EDGE_CURVE('',#1646,#6938,#6946,.T.);
#6946 = LINE('',#6947,#6948);
#6947 = CARTESIAN_POINT('',(-6.46866297655,26.9,-15.57695348624));
#6948 = VECTOR('',#6949,1.);
#6949 = DIRECTION('',(4.440892098501E-16,1.,-6.661338147751E-16));
#6950 = PLANE('',#6951);
#6951 = AXIS2_PLACEMENT_3D('',#6952,#6953,#6954);
#6952 = CARTESIAN_POINT('',(-9.61866297655,26.9,-17.47695348624));
#6953 = DIRECTION('',(0.516493170237,-7.243232964107E-16,-0.85629130855)
  );
#6954 = DIRECTION('',(0.85629130855,-3.4103555206E-16,0.516493170237));
#6955 = ADVANCED_FACE('',(#6956),#6967,.T.);
#6956 = FACE_BOUND('',#6957,.T.);
#6957 = EDGE_LOOP('',(#6958,#6959,#6960,#6966));
#6958 = ORIENTED_EDGE('',*,*,#1645,.F.);
#6959 = ORIENTED_EDGE('',*,*,#6945,.T.);
#6960 = ORIENTED_EDGE('',*,*,#6961,.T.);
#6961 = EDGE_CURVE('',#6938,#6913,#6962,.T.);
#6962 = LINE('',#6963,#6964);
#6963 = CARTESIAN_POINT('',(-6.46866297655,29.,-15.57695348624));
#6964 = VECTOR('',#6965,1.);
#6965 = DIRECTION('',(0.781549730883,-2.435747838189E-16,0.623842943502)
  );
#6966 = ORIENTED_EDGE('',*,*,#6912,.F.);
#6967 = PLANE('',#6968);
#6968 = AXIS2_PLACEMENT_3D('',#6969,#6970,#6971);
#6969 = CARTESIAN_POINT('',(-6.46866297655,26.9,-15.57695348624));
#6970 = DIRECTION('',(0.623842943502,-7.626406822217E-16,-0.781549730883
    ));
#6971 = DIRECTION('',(0.781549730883,-2.435747838189E-16,0.623842943502)
  );
#6972 = ADVANCED_FACE('',(#6973),#7192,.T.);
#6973 = FACE_BOUND('',#6974,.T.);
#6974 = EDGE_LOOP('',(#6975,#6985,#6993,#7001,#7009,#7015,#7016,#7024,
    #7032,#7040,#7048,#7056,#7064,#7072,#7080,#7088,#7096,#7104,#7113,
    #7121,#7129,#7137,#7146,#7154,#7162,#7170,#7178,#7186));
#6975 = ORIENTED_EDGE('',*,*,#6976,.T.);
#6976 = EDGE_CURVE('',#6977,#6979,#6981,.T.);
#6977 = VERTEX_POINT('',#6978);
#6978 = CARTESIAN_POINT('',(-22.39721356237,34.414213562373,50.983));
#6979 = VERTEX_POINT('',#6980);
#6980 = CARTESIAN_POINT('',(-22.6459392246,34.111140466039,50.983));
#6981 = LINE('',#6982,#6983);
#6982 = CARTESIAN_POINT('',(-22.39721356237,34.414213562373,50.983));
#6983 = VECTOR('',#6984,1.);
#6984 = DIRECTION('',(-0.634393284164,-0.773010453363,0.));
#6985 = ORIENTED_EDGE('',*,*,#6986,.T.);
#6986 = EDGE_CURVE('',#6979,#6987,#6989,.T.);
#6987 = VERTEX_POINT('',#6988);
#6988 = CARTESIAN_POINT('',(-22.83075906502,33.76536686473,50.983));
#6989 = LINE('',#6990,#6991);
#6990 = CARTESIAN_POINT('',(-22.6459392246,34.111140466039,50.983));
#6991 = VECTOR('',#6992,1.);
#6992 = DIRECTION('',(-0.471396736826,-0.881921264348,0.));
#6993 = ORIENTED_EDGE('',*,*,#6994,.T.);
#6994 = EDGE_CURVE('',#6987,#6995,#6997,.T.);
#6995 = VERTEX_POINT('',#6996);
#6996 = CARTESIAN_POINT('',(-22.9445705608,33.390180644032,50.983));
#6997 = LINE('',#6998,#6999);
#6998 = CARTESIAN_POINT('',(-22.83075906502,33.76536686473,50.983));
#6999 = VECTOR('',#7000,1.);
#7000 = DIRECTION('',(-0.290284677254,-0.956940335732,0.));
#7001 = ORIENTED_EDGE('',*,*,#7002,.T.);
#7002 = EDGE_CURVE('',#6995,#7003,#7005,.T.);
#7003 = VERTEX_POINT('',#7004);
#7004 = CARTESIAN_POINT('',(-22.983,33.,50.983));
#7005 = LINE('',#7006,#7007);
#7006 = CARTESIAN_POINT('',(-22.9445705608,33.390180644032,50.983));
#7007 = VECTOR('',#7008,1.);
#7008 = DIRECTION('',(-9.801714032956E-02,-0.995184726672,0.));
#7009 = ORIENTED_EDGE('',*,*,#7010,.T.);
#7010 = EDGE_CURVE('',#7003,#1752,#7011,.T.);
#7011 = LINE('',#7012,#7013);
#7012 = CARTESIAN_POINT('',(-22.983,33.,50.983));
#7013 = VECTOR('',#7014,1.);
#7014 = DIRECTION('',(0.,-1.,0.));
#7015 = ORIENTED_EDGE('',*,*,#1749,.F.);
#7016 = ORIENTED_EDGE('',*,*,#7017,.T.);
#7017 = EDGE_CURVE('',#1750,#7018,#7020,.T.);
#7018 = VERTEX_POINT('',#7019);
#7019 = CARTESIAN_POINT('',(22.983,33.,50.983));
#7020 = LINE('',#7021,#7022);
#7021 = CARTESIAN_POINT('',(22.983,26.9,50.983));
#7022 = VECTOR('',#7023,1.);
#7023 = DIRECTION('',(0.,1.,0.));
#7024 = ORIENTED_EDGE('',*,*,#7025,.T.);
#7025 = EDGE_CURVE('',#7018,#7026,#7028,.T.);
#7026 = VERTEX_POINT('',#7027);
#7027 = CARTESIAN_POINT('',(22.944570560806,33.390180644032,50.983));
#7028 = LINE('',#7029,#7030);
#7029 = CARTESIAN_POINT('',(22.983,33.,50.983));
#7030 = VECTOR('',#7031,1.);
#7031 = DIRECTION('',(-9.801714032956E-02,0.995184726672,0.));
#7032 = ORIENTED_EDGE('',*,*,#7033,.T.);
#7033 = EDGE_CURVE('',#7026,#7034,#7036,.T.);
#7034 = VERTEX_POINT('',#7035);
#7035 = CARTESIAN_POINT('',(22.830759065023,33.76536686473,50.983));
#7036 = LINE('',#7037,#7038);
#7037 = CARTESIAN_POINT('',(22.944570560806,33.390180644032,50.983));
#7038 = VECTOR('',#7039,1.);
#7039 = DIRECTION('',(-0.290284677254,0.956940335732,0.));
#7040 = ORIENTED_EDGE('',*,*,#7041,.T.);
#7041 = EDGE_CURVE('',#7034,#7042,#7044,.T.);
#7042 = VERTEX_POINT('',#7043);
#7043 = CARTESIAN_POINT('',(22.645939224605,34.111140466039,50.983));
#7044 = LINE('',#7045,#7046);
#7045 = CARTESIAN_POINT('',(22.830759065023,33.76536686473,50.983));
#7046 = VECTOR('',#7047,1.);
#7047 = DIRECTION('',(-0.471396736826,0.881921264348,0.));
#7048 = ORIENTED_EDGE('',*,*,#7049,.T.);
#7049 = EDGE_CURVE('',#7042,#7050,#7052,.T.);
#7050 = VERTEX_POINT('',#7051);
#7051 = CARTESIAN_POINT('',(22.397213562373,34.414213562373,50.983));
#7052 = LINE('',#7053,#7054);
#7053 = CARTESIAN_POINT('',(22.645939224605,34.111140466039,50.983));
#7054 = VECTOR('',#7055,1.);
#7055 = DIRECTION('',(-0.634393284164,0.773010453363,0.));
#7056 = ORIENTED_EDGE('',*,*,#7057,.T.);
#7057 = EDGE_CURVE('',#7050,#7058,#7060,.T.);
#7058 = VERTEX_POINT('',#7059);
#7059 = CARTESIAN_POINT('',(22.094140466039,34.662939224605,50.983));
#7060 = LINE('',#7061,#7062);
#7061 = CARTESIAN_POINT('',(22.397213562373,34.414213562373,50.983));
#7062 = VECTOR('',#7063,1.);
#7063 = DIRECTION('',(-0.773010453363,0.634393284164,0.));
#7064 = ORIENTED_EDGE('',*,*,#7065,.T.);
#7065 = EDGE_CURVE('',#7058,#7066,#7068,.T.);
#7066 = VERTEX_POINT('',#7067);
#7067 = CARTESIAN_POINT('',(21.74836686473,34.847759065023,50.983));
#7068 = LINE('',#7069,#7070);
#7069 = CARTESIAN_POINT('',(22.094140466039,34.662939224605,50.983));
#7070 = VECTOR('',#7071,1.);
#7071 = DIRECTION('',(-0.881921264348,0.471396736826,0.));
#7072 = ORIENTED_EDGE('',*,*,#7073,.T.);
#7073 = EDGE_CURVE('',#7066,#7074,#7076,.T.);
#7074 = VERTEX_POINT('',#7075);
#7075 = CARTESIAN_POINT('',(21.373180644032,34.961570560806,50.983));
#7076 = LINE('',#7077,#7078);
#7077 = CARTESIAN_POINT('',(21.74836686473,34.847759065023,50.983));
#7078 = VECTOR('',#7079,1.);
#7079 = DIRECTION('',(-0.956940335732,0.290284677254,0.));
#7080 = ORIENTED_EDGE('',*,*,#7081,.T.);
#7081 = EDGE_CURVE('',#7074,#7082,#7084,.T.);
#7082 = VERTEX_POINT('',#7083);
#7083 = CARTESIAN_POINT('',(20.983,35.,50.983));
#7084 = LINE('',#7085,#7086);
#7085 = CARTESIAN_POINT('',(21.373180644032,34.961570560806,50.983));
#7086 = VECTOR('',#7087,1.);
#7087 = DIRECTION('',(-0.995184726672,9.801714032955E-02,0.));
#7088 = ORIENTED_EDGE('',*,*,#7089,.T.);
#7089 = EDGE_CURVE('',#7082,#7090,#7092,.T.);
#7090 = VERTEX_POINT('',#7091);
#7091 = CARTESIAN_POINT('',(18.35,35.,50.983));
#7092 = LINE('',#7093,#7094);
#7093 = CARTESIAN_POINT('',(20.983,35.,50.983));
#7094 = VECTOR('',#7095,1.);
#7095 = DIRECTION('',(-1.,0.,0.));
#7096 = ORIENTED_EDGE('',*,*,#7097,.F.);
#7097 = EDGE_CURVE('',#7098,#7090,#7100,.T.);
#7098 = VERTEX_POINT('',#7099);
#7099 = CARTESIAN_POINT('',(18.35,31.654,50.983));
#7100 = LINE('',#7101,#7102);
#7101 = CARTESIAN_POINT('',(18.35,31.266387639359,50.983));
#7102 = VECTOR('',#7103,1.);
#7103 = DIRECTION('',(-0.,1.,0.));
#7104 = ORIENTED_EDGE('',*,*,#7105,.F.);
#7105 = EDGE_CURVE('',#7106,#7098,#7108,.T.);
#7106 = VERTEX_POINT('',#7107);
#7107 = CARTESIAN_POINT('',(15.45,31.654,50.983));
#7108 = CIRCLE('',#7109,1.45);
#7109 = AXIS2_PLACEMENT_3D('',#7110,#7111,#7112);
#7110 = CARTESIAN_POINT('',(16.9,31.654,50.983));
#7111 = DIRECTION('',(0.,0.,1.));
#7112 = DIRECTION('',(1.,0.,-0.));
#7113 = ORIENTED_EDGE('',*,*,#7114,.T.);
#7114 = EDGE_CURVE('',#7106,#7115,#7117,.T.);
#7115 = VERTEX_POINT('',#7116);
#7116 = CARTESIAN_POINT('',(15.45,35.,50.983));
#7117 = LINE('',#7118,#7119);
#7118 = CARTESIAN_POINT('',(15.45,31.266387639359,50.983));
#7119 = VECTOR('',#7120,1.);
#7120 = DIRECTION('',(-0.,1.,0.));
#7121 = ORIENTED_EDGE('',*,*,#7122,.T.);
#7122 = EDGE_CURVE('',#7115,#7123,#7125,.T.);
#7123 = VERTEX_POINT('',#7124);
#7124 = CARTESIAN_POINT('',(-15.45,35.,50.983));
#7125 = LINE('',#7126,#7127);
#7126 = CARTESIAN_POINT('',(20.983,35.,50.983));
#7127 = VECTOR('',#7128,1.);
#7128 = DIRECTION('',(-1.,0.,0.));
#7129 = ORIENTED_EDGE('',*,*,#7130,.F.);
#7130 = EDGE_CURVE('',#7131,#7123,#7133,.T.);
#7131 = VERTEX_POINT('',#7132);
#7132 = CARTESIAN_POINT('',(-15.45,31.654,50.983));
#7133 = LINE('',#7134,#7135);
#7134 = CARTESIAN_POINT('',(-15.45,31.266387639359,50.983));
#7135 = VECTOR('',#7136,1.);
#7136 = DIRECTION('',(-0.,1.,0.));
#7137 = ORIENTED_EDGE('',*,*,#7138,.F.);
#7138 = EDGE_CURVE('',#7139,#7131,#7141,.T.);
#7139 = VERTEX_POINT('',#7140);
#7140 = CARTESIAN_POINT('',(-18.35,31.654,50.983));
#7141 = CIRCLE('',#7142,1.45);
#7142 = AXIS2_PLACEMENT_3D('',#7143,#7144,#7145);
#7143 = CARTESIAN_POINT('',(-16.9,31.654,50.983));
#7144 = DIRECTION('',(0.,0.,1.));
#7145 = DIRECTION('',(1.,0.,-0.));
#7146 = ORIENTED_EDGE('',*,*,#7147,.T.);
#7147 = EDGE_CURVE('',#7139,#7148,#7150,.T.);
#7148 = VERTEX_POINT('',#7149);
#7149 = CARTESIAN_POINT('',(-18.35,35.,50.983));
#7150 = LINE('',#7151,#7152);
#7151 = CARTESIAN_POINT('',(-18.35,31.266387639359,50.983));
#7152 = VECTOR('',#7153,1.);
#7153 = DIRECTION('',(-0.,1.,0.));
#7154 = ORIENTED_EDGE('',*,*,#7155,.T.);
#7155 = EDGE_CURVE('',#7148,#7156,#7158,.T.);
#7156 = VERTEX_POINT('',#7157);
#7157 = CARTESIAN_POINT('',(-20.983,35.,50.983));
#7158 = LINE('',#7159,#7160);
#7159 = CARTESIAN_POINT('',(20.983,35.,50.983));
#7160 = VECTOR('',#7161,1.);
#7161 = DIRECTION('',(-1.,0.,0.));
#7162 = ORIENTED_EDGE('',*,*,#7163,.T.);
#7163 = EDGE_CURVE('',#7156,#7164,#7166,.T.);
#7164 = VERTEX_POINT('',#7165);
#7165 = CARTESIAN_POINT('',(-21.37318064403,34.961570560806,50.983));
#7166 = LINE('',#7167,#7168);
#7167 = CARTESIAN_POINT('',(-20.983,35.,50.983));
#7168 = VECTOR('',#7169,1.);
#7169 = DIRECTION('',(-0.995184726672,-9.801714032955E-02,0.));
#7170 = ORIENTED_EDGE('',*,*,#7171,.T.);
#7171 = EDGE_CURVE('',#7164,#7172,#7174,.T.);
#7172 = VERTEX_POINT('',#7173);
#7173 = CARTESIAN_POINT('',(-21.74836686473,34.847759065023,50.983));
#7174 = LINE('',#7175,#7176);
#7175 = CARTESIAN_POINT('',(-21.37318064403,34.961570560806,50.983));
#7176 = VECTOR('',#7177,1.);
#7177 = DIRECTION('',(-0.956940335732,-0.290284677254,0.));
#7178 = ORIENTED_EDGE('',*,*,#7179,.T.);
#7179 = EDGE_CURVE('',#7172,#7180,#7182,.T.);
#7180 = VERTEX_POINT('',#7181);
#7181 = CARTESIAN_POINT('',(-22.09414046603,34.662939224605,50.983));
#7182 = LINE('',#7183,#7184);
#7183 = CARTESIAN_POINT('',(-21.74836686473,34.847759065023,50.983));
#7184 = VECTOR('',#7185,1.);
#7185 = DIRECTION('',(-0.881921264348,-0.471396736826,0.));
#7186 = ORIENTED_EDGE('',*,*,#7187,.T.);
#7187 = EDGE_CURVE('',#7180,#6977,#7188,.T.);
#7188 = LINE('',#7189,#7190);
#7189 = CARTESIAN_POINT('',(-22.09414046603,34.662939224605,50.983));
#7190 = VECTOR('',#7191,1.);
#7191 = DIRECTION('',(-0.773010453363,-0.634393284164,0.));
#7192 = PLANE('',#7193);
#7193 = AXIS2_PLACEMENT_3D('',#7194,#7195,#7196);
#7194 = CARTESIAN_POINT('',(0.,30.878775278719,50.983));
#7195 = DIRECTION('',(0.,0.,1.));
#7196 = DIRECTION('',(1.,0.,-0.));
#7197 = ADVANCED_FACE('',(#7198),#7216,.F.);
#7198 = FACE_BOUND('',#7199,.F.);
#7199 = EDGE_LOOP('',(#7200,#7208,#7209,#7210));
#7200 = ORIENTED_EDGE('',*,*,#7201,.F.);
#7201 = EDGE_CURVE('',#1760,#7202,#7204,.T.);
#7202 = VERTEX_POINT('',#7203);
#7203 = CARTESIAN_POINT('',(22.983,33.,49.017));
#7204 = LINE('',#7205,#7206);
#7205 = CARTESIAN_POINT('',(22.983,26.9,49.017));
#7206 = VECTOR('',#7207,1.);
#7207 = DIRECTION('',(0.,1.,0.));
#7208 = ORIENTED_EDGE('',*,*,#1759,.F.);
#7209 = ORIENTED_EDGE('',*,*,#7017,.T.);
#7210 = ORIENTED_EDGE('',*,*,#7211,.F.);
#7211 = EDGE_CURVE('',#7202,#7018,#7212,.T.);
#7212 = LINE('',#7213,#7214);
#7213 = CARTESIAN_POINT('',(22.983,33.,49.017));
#7214 = VECTOR('',#7215,1.);
#7215 = DIRECTION('',(0.,0.,1.));
#7216 = PLANE('',#7217);
#7217 = AXIS2_PLACEMENT_3D('',#7218,#7219,#7220);
#7218 = CARTESIAN_POINT('',(22.983,26.9,49.017));
#7219 = DIRECTION('',(-1.,0.,0.));
#7220 = DIRECTION('',(0.,1.,0.));
#7221 = ADVANCED_FACE('',(#7222),#7240,.F.);
#7222 = FACE_BOUND('',#7223,.F.);
#7223 = EDGE_LOOP('',(#7224,#7232,#7238,#7239));
#7224 = ORIENTED_EDGE('',*,*,#7225,.F.);
#7225 = EDGE_CURVE('',#7226,#1768,#7228,.T.);
#7226 = VERTEX_POINT('',#7227);
#7227 = CARTESIAN_POINT('',(-22.983,33.,49.017));
#7228 = LINE('',#7229,#7230);
#7229 = CARTESIAN_POINT('',(-22.983,33.,49.017));
#7230 = VECTOR('',#7231,1.);
#7231 = DIRECTION('',(0.,-1.,0.));
#7232 = ORIENTED_EDGE('',*,*,#7233,.T.);
#7233 = EDGE_CURVE('',#7226,#7003,#7234,.T.);
#7234 = LINE('',#7235,#7236);
#7235 = CARTESIAN_POINT('',(-22.983,33.,49.017));
#7236 = VECTOR('',#7237,1.);
#7237 = DIRECTION('',(0.,0.,1.));
#7238 = ORIENTED_EDGE('',*,*,#7010,.T.);
#7239 = ORIENTED_EDGE('',*,*,#1775,.F.);
#7240 = PLANE('',#7241);
#7241 = AXIS2_PLACEMENT_3D('',#7242,#7243,#7244);
#7242 = CARTESIAN_POINT('',(-22.983,33.,49.017));
#7243 = DIRECTION('',(1.,0.,-0.));
#7244 = DIRECTION('',(0.,-1.,0.));
#7245 = ADVANCED_FACE('',(#7246),#7451,.F.);
#7246 = FACE_BOUND('',#7247,.F.);
#7247 = EDGE_LOOP('',(#7248,#7258,#7266,#7274,#7280,#7281,#7282,#7283,
    #7291,#7299,#7307,#7315,#7323,#7331,#7339,#7347,#7355,#7363,#7372,
    #7380,#7388,#7396,#7405,#7413,#7421,#7429,#7437,#7445));
#7248 = ORIENTED_EDGE('',*,*,#7249,.T.);
#7249 = EDGE_CURVE('',#7250,#7252,#7254,.T.);
#7250 = VERTEX_POINT('',#7251);
#7251 = CARTESIAN_POINT('',(-22.39721356237,34.414213562373,49.017));
#7252 = VERTEX_POINT('',#7253);
#7253 = CARTESIAN_POINT('',(-22.6459392246,34.111140466039,49.017));
#7254 = LINE('',#7255,#7256);
#7255 = CARTESIAN_POINT('',(-22.39721356237,34.414213562373,49.017));
#7256 = VECTOR('',#7257,1.);
#7257 = DIRECTION('',(-0.634393284164,-0.773010453363,0.));
#7258 = ORIENTED_EDGE('',*,*,#7259,.T.);
#7259 = EDGE_CURVE('',#7252,#7260,#7262,.T.);
#7260 = VERTEX_POINT('',#7261);
#7261 = CARTESIAN_POINT('',(-22.83075906502,33.76536686473,49.017));
#7262 = LINE('',#7263,#7264);
#7263 = CARTESIAN_POINT('',(-22.6459392246,34.111140466039,49.017));
#7264 = VECTOR('',#7265,1.);
#7265 = DIRECTION('',(-0.471396736826,-0.881921264348,0.));
#7266 = ORIENTED_EDGE('',*,*,#7267,.T.);
#7267 = EDGE_CURVE('',#7260,#7268,#7270,.T.);
#7268 = VERTEX_POINT('',#7269);
#7269 = CARTESIAN_POINT('',(-22.9445705608,33.390180644032,49.017));
#7270 = LINE('',#7271,#7272);
#7271 = CARTESIAN_POINT('',(-22.83075906502,33.76536686473,49.017));
#7272 = VECTOR('',#7273,1.);
#7273 = DIRECTION('',(-0.290284677254,-0.956940335732,0.));
#7274 = ORIENTED_EDGE('',*,*,#7275,.T.);
#7275 = EDGE_CURVE('',#7268,#7226,#7276,.T.);
#7276 = LINE('',#7277,#7278);
#7277 = CARTESIAN_POINT('',(-22.9445705608,33.390180644032,49.017));
#7278 = VECTOR('',#7279,1.);
#7279 = DIRECTION('',(-9.801714032956E-02,-0.995184726672,0.));
#7280 = ORIENTED_EDGE('',*,*,#7225,.T.);
#7281 = ORIENTED_EDGE('',*,*,#1767,.F.);
#7282 = ORIENTED_EDGE('',*,*,#7201,.T.);
#7283 = ORIENTED_EDGE('',*,*,#7284,.T.);
#7284 = EDGE_CURVE('',#7202,#7285,#7287,.T.);
#7285 = VERTEX_POINT('',#7286);
#7286 = CARTESIAN_POINT('',(22.944570560806,33.390180644032,49.017));
#7287 = LINE('',#7288,#7289);
#7288 = CARTESIAN_POINT('',(22.983,33.,49.017));
#7289 = VECTOR('',#7290,1.);
#7290 = DIRECTION('',(-9.801714032956E-02,0.995184726672,0.));
#7291 = ORIENTED_EDGE('',*,*,#7292,.T.);
#7292 = EDGE_CURVE('',#7285,#7293,#7295,.T.);
#7293 = VERTEX_POINT('',#7294);
#7294 = CARTESIAN_POINT('',(22.830759065023,33.76536686473,49.017));
#7295 = LINE('',#7296,#7297);
#7296 = CARTESIAN_POINT('',(22.944570560806,33.390180644032,49.017));
#7297 = VECTOR('',#7298,1.);
#7298 = DIRECTION('',(-0.290284677254,0.956940335732,0.));
#7299 = ORIENTED_EDGE('',*,*,#7300,.T.);
#7300 = EDGE_CURVE('',#7293,#7301,#7303,.T.);
#7301 = VERTEX_POINT('',#7302);
#7302 = CARTESIAN_POINT('',(22.645939224605,34.111140466039,49.017));
#7303 = LINE('',#7304,#7305);
#7304 = CARTESIAN_POINT('',(22.830759065023,33.76536686473,49.017));
#7305 = VECTOR('',#7306,1.);
#7306 = DIRECTION('',(-0.471396736826,0.881921264348,0.));
#7307 = ORIENTED_EDGE('',*,*,#7308,.T.);
#7308 = EDGE_CURVE('',#7301,#7309,#7311,.T.);
#7309 = VERTEX_POINT('',#7310);
#7310 = CARTESIAN_POINT('',(22.397213562373,34.414213562373,49.017));
#7311 = LINE('',#7312,#7313);
#7312 = CARTESIAN_POINT('',(22.645939224605,34.111140466039,49.017));
#7313 = VECTOR('',#7314,1.);
#7314 = DIRECTION('',(-0.634393284164,0.773010453363,0.));
#7315 = ORIENTED_EDGE('',*,*,#7316,.T.);
#7316 = EDGE_CURVE('',#7309,#7317,#7319,.T.);
#7317 = VERTEX_POINT('',#7318);
#7318 = CARTESIAN_POINT('',(22.094140466039,34.662939224605,49.017));
#7319 = LINE('',#7320,#7321);
#7320 = CARTESIAN_POINT('',(22.397213562373,34.414213562373,49.017));
#7321 = VECTOR('',#7322,1.);
#7322 = DIRECTION('',(-0.773010453363,0.634393284164,0.));
#7323 = ORIENTED_EDGE('',*,*,#7324,.T.);
#7324 = EDGE_CURVE('',#7317,#7325,#7327,.T.);
#7325 = VERTEX_POINT('',#7326);
#7326 = CARTESIAN_POINT('',(21.74836686473,34.847759065023,49.017));
#7327 = LINE('',#7328,#7329);
#7328 = CARTESIAN_POINT('',(22.094140466039,34.662939224605,49.017));
#7329 = VECTOR('',#7330,1.);
#7330 = DIRECTION('',(-0.881921264348,0.471396736826,0.));
#7331 = ORIENTED_EDGE('',*,*,#7332,.T.);
#7332 = EDGE_CURVE('',#7325,#7333,#7335,.T.);
#7333 = VERTEX_POINT('',#7334);
#7334 = CARTESIAN_POINT('',(21.373180644032,34.961570560806,49.017));
#7335 = LINE('',#7336,#7337);
#7336 = CARTESIAN_POINT('',(21.74836686473,34.847759065023,49.017));
#7337 = VECTOR('',#7338,1.);
#7338 = DIRECTION('',(-0.956940335732,0.290284677254,0.));
#7339 = ORIENTED_EDGE('',*,*,#7340,.T.);
#7340 = EDGE_CURVE('',#7333,#7341,#7343,.T.);
#7341 = VERTEX_POINT('',#7342);
#7342 = CARTESIAN_POINT('',(20.983,35.,49.017));
#7343 = LINE('',#7344,#7345);
#7344 = CARTESIAN_POINT('',(21.373180644032,34.961570560806,49.017));
#7345 = VECTOR('',#7346,1.);
#7346 = DIRECTION('',(-0.995184726672,9.801714032955E-02,0.));
#7347 = ORIENTED_EDGE('',*,*,#7348,.T.);
#7348 = EDGE_CURVE('',#7341,#7349,#7351,.T.);
#7349 = VERTEX_POINT('',#7350);
#7350 = CARTESIAN_POINT('',(18.35,35.,49.017));
#7351 = LINE('',#7352,#7353);
#7352 = CARTESIAN_POINT('',(20.983,35.,49.017));
#7353 = VECTOR('',#7354,1.);
#7354 = DIRECTION('',(-1.,0.,0.));
#7355 = ORIENTED_EDGE('',*,*,#7356,.F.);
#7356 = EDGE_CURVE('',#7357,#7349,#7359,.T.);
#7357 = VERTEX_POINT('',#7358);
#7358 = CARTESIAN_POINT('',(18.35,31.654,49.017));
#7359 = LINE('',#7360,#7361);
#7360 = CARTESIAN_POINT('',(18.35,31.266387639359,49.017));
#7361 = VECTOR('',#7362,1.);
#7362 = DIRECTION('',(-0.,1.,0.));
#7363 = ORIENTED_EDGE('',*,*,#7364,.F.);
#7364 = EDGE_CURVE('',#7365,#7357,#7367,.T.);
#7365 = VERTEX_POINT('',#7366);
#7366 = CARTESIAN_POINT('',(15.45,31.654,49.017));
#7367 = CIRCLE('',#7368,1.45);
#7368 = AXIS2_PLACEMENT_3D('',#7369,#7370,#7371);
#7369 = CARTESIAN_POINT('',(16.9,31.654,49.017));
#7370 = DIRECTION('',(0.,0.,1.));
#7371 = DIRECTION('',(1.,0.,-0.));
#7372 = ORIENTED_EDGE('',*,*,#7373,.T.);
#7373 = EDGE_CURVE('',#7365,#7374,#7376,.T.);
#7374 = VERTEX_POINT('',#7375);
#7375 = CARTESIAN_POINT('',(15.45,35.,49.017));
#7376 = LINE('',#7377,#7378);
#7377 = CARTESIAN_POINT('',(15.45,31.266387639359,49.017));
#7378 = VECTOR('',#7379,1.);
#7379 = DIRECTION('',(-0.,1.,0.));
#7380 = ORIENTED_EDGE('',*,*,#7381,.T.);
#7381 = EDGE_CURVE('',#7374,#7382,#7384,.T.);
#7382 = VERTEX_POINT('',#7383);
#7383 = CARTESIAN_POINT('',(-15.45,35.,49.017));
#7384 = LINE('',#7385,#7386);
#7385 = CARTESIAN_POINT('',(20.983,35.,49.017));
#7386 = VECTOR('',#7387,1.);
#7387 = DIRECTION('',(-1.,0.,0.));
#7388 = ORIENTED_EDGE('',*,*,#7389,.F.);
#7389 = EDGE_CURVE('',#7390,#7382,#7392,.T.);
#7390 = VERTEX_POINT('',#7391);
#7391 = CARTESIAN_POINT('',(-15.45,31.654,49.017));
#7392 = LINE('',#7393,#7394);
#7393 = CARTESIAN_POINT('',(-15.45,31.266387639359,49.017));
#7394 = VECTOR('',#7395,1.);
#7395 = DIRECTION('',(-0.,1.,0.));
#7396 = ORIENTED_EDGE('',*,*,#7397,.F.);
#7397 = EDGE_CURVE('',#7398,#7390,#7400,.T.);
#7398 = VERTEX_POINT('',#7399);
#7399 = CARTESIAN_POINT('',(-18.35,31.654,49.017));
#7400 = CIRCLE('',#7401,1.45);
#7401 = AXIS2_PLACEMENT_3D('',#7402,#7403,#7404);
#7402 = CARTESIAN_POINT('',(-16.9,31.654,49.017));
#7403 = DIRECTION('',(0.,0.,1.));
#7404 = DIRECTION('',(1.,0.,-0.));
#7405 = ORIENTED_EDGE('',*,*,#7406,.T.);
#7406 = EDGE_CURVE('',#7398,#7407,#7409,.T.);
#7407 = VERTEX_POINT('',#7408);
#7408 = CARTESIAN_POINT('',(-18.35,35.,49.017));
#7409 = LINE('',#7410,#7411);
#7410 = CARTESIAN_POINT('',(-18.35,31.266387639359,49.017));
#7411 = VECTOR('',#7412,1.);
#7412 = DIRECTION('',(-0.,1.,0.));
#7413 = ORIENTED_EDGE('',*,*,#7414,.T.);
#7414 = EDGE_CURVE('',#7407,#7415,#7417,.T.);
#7415 = VERTEX_POINT('',#7416);
#7416 = CARTESIAN_POINT('',(-20.983,35.,49.017));
#7417 = LINE('',#7418,#7419);
#7418 = CARTESIAN_POINT('',(20.983,35.,49.017));
#7419 = VECTOR('',#7420,1.);
#7420 = DIRECTION('',(-1.,0.,0.));
#7421 = ORIENTED_EDGE('',*,*,#7422,.T.);
#7422 = EDGE_CURVE('',#7415,#7423,#7425,.T.);
#7423 = VERTEX_POINT('',#7424);
#7424 = CARTESIAN_POINT('',(-21.37318064403,34.961570560806,49.017));
#7425 = LINE('',#7426,#7427);
#7426 = CARTESIAN_POINT('',(-20.983,35.,49.017));
#7427 = VECTOR('',#7428,1.);
#7428 = DIRECTION('',(-0.995184726672,-9.801714032955E-02,0.));
#7429 = ORIENTED_EDGE('',*,*,#7430,.T.);
#7430 = EDGE_CURVE('',#7423,#7431,#7433,.T.);
#7431 = VERTEX_POINT('',#7432);
#7432 = CARTESIAN_POINT('',(-21.74836686473,34.847759065023,49.017));
#7433 = LINE('',#7434,#7435);
#7434 = CARTESIAN_POINT('',(-21.37318064403,34.961570560806,49.017));
#7435 = VECTOR('',#7436,1.);
#7436 = DIRECTION('',(-0.956940335732,-0.290284677254,0.));
#7437 = ORIENTED_EDGE('',*,*,#7438,.T.);
#7438 = EDGE_CURVE('',#7431,#7439,#7441,.T.);
#7439 = VERTEX_POINT('',#7440);
#7440 = CARTESIAN_POINT('',(-22.09414046603,34.662939224605,49.017));
#7441 = LINE('',#7442,#7443);
#7442 = CARTESIAN_POINT('',(-21.74836686473,34.847759065023,49.017));
#7443 = VECTOR('',#7444,1.);
#7444 = DIRECTION('',(-0.881921264348,-0.471396736826,0.));
#7445 = ORIENTED_EDGE('',*,*,#7446,.T.);
#7446 = EDGE_CURVE('',#7439,#7250,#7447,.T.);
#7447 = LINE('',#7448,#7449);
#7448 = CARTESIAN_POINT('',(-22.09414046603,34.662939224605,49.017));
#7449 = VECTOR('',#7450,1.);
#7450 = DIRECTION('',(-0.773010453363,-0.634393284164,0.));
#7451 = PLANE('',#7452);
#7452 = AXIS2_PLACEMENT_3D('',#7453,#7454,#7455);
#7453 = CARTESIAN_POINT('',(0.,30.878775278719,49.017));
#7454 = DIRECTION('',(0.,0.,1.));
#7455 = DIRECTION('',(1.,0.,-0.));
#7456 = ADVANCED_FACE('',(#7457),#7482,.F.);
#7457 = FACE_BOUND('',#7458,.F.);
#7458 = EDGE_LOOP('',(#7459,#7467,#7468,#7476));
#7459 = ORIENTED_EDGE('',*,*,#7460,.F.);
#7460 = EDGE_CURVE('',#1786,#7461,#7463,.T.);
#7461 = VERTEX_POINT('',#7462);
#7462 = CARTESIAN_POINT('',(11.017,35.,52.817));
#7463 = LINE('',#7464,#7465);
#7464 = CARTESIAN_POINT('',(11.017,26.9,52.817));
#7465 = VECTOR('',#7466,1.);
#7466 = DIRECTION('',(-0.,1.,0.));
#7467 = ORIENTED_EDGE('',*,*,#1783,.F.);
#7468 = ORIENTED_EDGE('',*,*,#7469,.T.);
#7469 = EDGE_CURVE('',#1784,#7470,#7472,.T.);
#7470 = VERTEX_POINT('',#7471);
#7471 = CARTESIAN_POINT('',(12.983,35.,52.817));
#7472 = LINE('',#7473,#7474);
#7473 = CARTESIAN_POINT('',(12.983,26.9,52.817));
#7474 = VECTOR('',#7475,1.);
#7475 = DIRECTION('',(-0.,1.,0.));
#7476 = ORIENTED_EDGE('',*,*,#7477,.F.);
#7477 = EDGE_CURVE('',#7461,#7470,#7478,.T.);
#7478 = LINE('',#7479,#7480);
#7479 = CARTESIAN_POINT('',(11.017,35.,52.817));
#7480 = VECTOR('',#7481,1.);
#7481 = DIRECTION('',(1.,0.,-0.));
#7482 = PLANE('',#7483);
#7483 = AXIS2_PLACEMENT_3D('',#7484,#7485,#7486);
#7484 = CARTESIAN_POINT('',(11.017,26.9,52.817));
#7485 = DIRECTION('',(0.,0.,1.));
#7486 = DIRECTION('',(1.,0.,-0.));
#7487 = ADVANCED_FACE('',(#7488),#7506,.T.);
#7488 = FACE_BOUND('',#7489,.T.);
#7489 = EDGE_LOOP('',(#7490,#7498,#7499,#7500));
#7490 = ORIENTED_EDGE('',*,*,#7491,.F.);
#7491 = EDGE_CURVE('',#1802,#7492,#7494,.T.);
#7492 = VERTEX_POINT('',#7493);
#7493 = CARTESIAN_POINT('',(12.983,35.,55.683));
#7494 = LINE('',#7495,#7496);
#7495 = CARTESIAN_POINT('',(12.983,26.9,55.683));
#7496 = VECTOR('',#7497,1.);
#7497 = DIRECTION('',(-0.,1.,0.));
#7498 = ORIENTED_EDGE('',*,*,#1809,.F.);
#7499 = ORIENTED_EDGE('',*,*,#7469,.T.);
#7500 = ORIENTED_EDGE('',*,*,#7501,.T.);
#7501 = EDGE_CURVE('',#7470,#7492,#7502,.T.);
#7502 = LINE('',#7503,#7504);
#7503 = CARTESIAN_POINT('',(12.983,35.,52.817));
#7504 = VECTOR('',#7505,1.);
#7505 = DIRECTION('',(0.,0.,1.));
#7506 = PLANE('',#7507);
#7507 = AXIS2_PLACEMENT_3D('',#7508,#7509,#7510);
#7508 = CARTESIAN_POINT('',(12.983,26.9,52.817));
#7509 = DIRECTION('',(1.,0.,-0.));
#7510 = DIRECTION('',(0.,0.,1.));
#7511 = ADVANCED_FACE('',(#7512),#7530,.F.);
#7512 = FACE_BOUND('',#7513,.F.);
#7513 = EDGE_LOOP('',(#7514,#7522,#7523,#7524));
#7514 = ORIENTED_EDGE('',*,*,#7515,.F.);
#7515 = EDGE_CURVE('',#1794,#7516,#7518,.T.);
#7516 = VERTEX_POINT('',#7517);
#7517 = CARTESIAN_POINT('',(11.017,35.,55.683));
#7518 = LINE('',#7519,#7520);
#7519 = CARTESIAN_POINT('',(11.017,26.9,55.683));
#7520 = VECTOR('',#7521,1.);
#7521 = DIRECTION('',(-0.,1.,0.));
#7522 = ORIENTED_EDGE('',*,*,#1793,.F.);
#7523 = ORIENTED_EDGE('',*,*,#7460,.T.);
#7524 = ORIENTED_EDGE('',*,*,#7525,.T.);
#7525 = EDGE_CURVE('',#7461,#7516,#7526,.T.);
#7526 = LINE('',#7527,#7528);
#7527 = CARTESIAN_POINT('',(11.017,35.,52.817));
#7528 = VECTOR('',#7529,1.);
#7529 = DIRECTION('',(0.,0.,1.));
#7530 = PLANE('',#7531);
#7531 = AXIS2_PLACEMENT_3D('',#7532,#7533,#7534);
#7532 = CARTESIAN_POINT('',(11.017,26.9,52.817));
#7533 = DIRECTION('',(1.,0.,-0.));
#7534 = DIRECTION('',(0.,0.,1.));
#7535 = ADVANCED_FACE('',(#7536),#7547,.T.);
#7536 = FACE_BOUND('',#7537,.T.);
#7537 = EDGE_LOOP('',(#7538,#7539,#7540,#7541));
#7538 = ORIENTED_EDGE('',*,*,#7515,.F.);
#7539 = ORIENTED_EDGE('',*,*,#1801,.F.);
#7540 = ORIENTED_EDGE('',*,*,#7491,.T.);
#7541 = ORIENTED_EDGE('',*,*,#7542,.F.);
#7542 = EDGE_CURVE('',#7516,#7492,#7543,.T.);
#7543 = LINE('',#7544,#7545);
#7544 = CARTESIAN_POINT('',(11.017,35.,55.683));
#7545 = VECTOR('',#7546,1.);
#7546 = DIRECTION('',(1.,0.,-0.));
#7547 = PLANE('',#7548);
#7548 = AXIS2_PLACEMENT_3D('',#7549,#7550,#7551);
#7549 = CARTESIAN_POINT('',(11.017,26.9,55.683));
#7550 = DIRECTION('',(0.,0.,1.));
#7551 = DIRECTION('',(1.,0.,-0.));
#7552 = ADVANCED_FACE('',(#7553),#7578,.T.);
#7553 = FACE_BOUND('',#7554,.T.);
#7554 = EDGE_LOOP('',(#7555,#7563,#7564,#7572));
#7555 = ORIENTED_EDGE('',*,*,#7556,.F.);
#7556 = EDGE_CURVE('',#1820,#7557,#7559,.T.);
#7557 = VERTEX_POINT('',#7558);
#7558 = CARTESIAN_POINT('',(25.733,34.8,51.793010514696));
#7559 = LINE('',#7560,#7561);
#7560 = CARTESIAN_POINT('',(25.733,26.9,51.793010514696));
#7561 = VECTOR('',#7562,1.);
#7562 = DIRECTION('',(0.,1.,0.));
#7563 = ORIENTED_EDGE('',*,*,#1817,.F.);
#7564 = ORIENTED_EDGE('',*,*,#7565,.T.);
#7565 = EDGE_CURVE('',#1818,#7566,#7568,.T.);
#7566 = VERTEX_POINT('',#7567);
#7567 = CARTESIAN_POINT('',(25.733,34.8,49.617));
#7568 = LINE('',#7569,#7570);
#7569 = CARTESIAN_POINT('',(25.733,26.9,49.617));
#7570 = VECTOR('',#7571,1.);
#7571 = DIRECTION('',(-0.,1.,0.));
#7572 = ORIENTED_EDGE('',*,*,#7573,.T.);
#7573 = EDGE_CURVE('',#7566,#7557,#7574,.T.);
#7574 = LINE('',#7575,#7576);
#7575 = CARTESIAN_POINT('',(25.733,34.8,49.617));
#7576 = VECTOR('',#7577,1.);
#7577 = DIRECTION('',(0.,0.,1.));
#7578 = PLANE('',#7579);
#7579 = AXIS2_PLACEMENT_3D('',#7580,#7581,#7582);
#7580 = CARTESIAN_POINT('',(25.733,26.9,49.617));
#7581 = DIRECTION('',(1.,0.,-0.));
#7582 = DIRECTION('',(0.,0.,1.));
#7583 = ADVANCED_FACE('',(#7584),#7602,.F.);
#7584 = FACE_BOUND('',#7585,.F.);
#7585 = EDGE_LOOP('',(#7586,#7594,#7595,#7596));
#7586 = ORIENTED_EDGE('',*,*,#7587,.F.);
#7587 = EDGE_CURVE('',#1828,#7588,#7590,.T.);
#7588 = VERTEX_POINT('',#7589);
#7589 = CARTESIAN_POINT('',(24.267,34.8,49.617));
#7590 = LINE('',#7591,#7592);
#7591 = CARTESIAN_POINT('',(24.267,26.9,49.617));
#7592 = VECTOR('',#7593,1.);
#7593 = DIRECTION('',(-0.,1.,0.));
#7594 = ORIENTED_EDGE('',*,*,#1827,.F.);
#7595 = ORIENTED_EDGE('',*,*,#7565,.T.);
#7596 = ORIENTED_EDGE('',*,*,#7597,.F.);
#7597 = EDGE_CURVE('',#7588,#7566,#7598,.T.);
#7598 = LINE('',#7599,#7600);
#7599 = CARTESIAN_POINT('',(24.267,34.8,49.617));
#7600 = VECTOR('',#7601,1.);
#7601 = DIRECTION('',(1.,0.,-0.));
#7602 = PLANE('',#7603);
#7603 = AXIS2_PLACEMENT_3D('',#7604,#7605,#7606);
#7604 = CARTESIAN_POINT('',(24.267,26.9,49.617));
#7605 = DIRECTION('',(0.,0.,1.));
#7606 = DIRECTION('',(1.,0.,-0.));
#7607 = ADVANCED_FACE('',(#7608),#7626,.F.);
#7608 = FACE_BOUND('',#7609,.F.);
#7609 = EDGE_LOOP('',(#7610,#7618,#7624,#7625));
#7610 = ORIENTED_EDGE('',*,*,#7611,.T.);
#7611 = EDGE_CURVE('',#7588,#7612,#7614,.T.);
#7612 = VERTEX_POINT('',#7613);
#7613 = CARTESIAN_POINT('',(24.267,34.8,51.793010514696));
#7614 = LINE('',#7615,#7616);
#7615 = CARTESIAN_POINT('',(24.267,34.8,49.617));
#7616 = VECTOR('',#7617,1.);
#7617 = DIRECTION('',(0.,0.,1.));
#7618 = ORIENTED_EDGE('',*,*,#7619,.F.);
#7619 = EDGE_CURVE('',#1836,#7612,#7620,.T.);
#7620 = LINE('',#7621,#7622);
#7621 = CARTESIAN_POINT('',(24.267,26.9,51.793010514696));
#7622 = VECTOR('',#7623,1.);
#7623 = DIRECTION('',(0.,1.,0.));
#7624 = ORIENTED_EDGE('',*,*,#1835,.F.);
#7625 = ORIENTED_EDGE('',*,*,#7587,.T.);
#7626 = PLANE('',#7627);
#7627 = AXIS2_PLACEMENT_3D('',#7628,#7629,#7630);
#7628 = CARTESIAN_POINT('',(24.267,26.9,49.617));
#7629 = DIRECTION('',(1.,0.,-0.));
#7630 = DIRECTION('',(0.,0.,1.));
#7631 = ADVANCED_FACE('',(#7632),#7651,.T.);
#7632 = FACE_BOUND('',#7633,.T.);
#7633 = EDGE_LOOP('',(#7634,#7643,#7644,#7645));
#7634 = ORIENTED_EDGE('',*,*,#7635,.F.);
#7635 = EDGE_CURVE('',#7612,#7636,#7638,.T.);
#7636 = VERTEX_POINT('',#7637);
#7637 = CARTESIAN_POINT('',(23.193010514696,34.8,52.867));
#7638 = CIRCLE('',#7639,1.95);
#7639 = AXIS2_PLACEMENT_3D('',#7640,#7641,#7642);
#7640 = CARTESIAN_POINT('',(25.,34.8,53.6));
#7641 = DIRECTION('',(0.,1.,0.));
#7642 = DIRECTION('',(0.,-0.,1.));
#7643 = ORIENTED_EDGE('',*,*,#7619,.F.);
#7644 = ORIENTED_EDGE('',*,*,#1843,.T.);
#7645 = ORIENTED_EDGE('',*,*,#7646,.T.);
#7646 = EDGE_CURVE('',#1844,#7636,#7647,.T.);
#7647 = LINE('',#7648,#7649);
#7648 = CARTESIAN_POINT('',(23.193010514696,26.9,52.867));
#7649 = VECTOR('',#7650,1.);
#7650 = DIRECTION('',(0.,1.,0.));
#7651 = CYLINDRICAL_SURFACE('',#7652,1.95);
#7652 = AXIS2_PLACEMENT_3D('',#7653,#7654,#7655);
#7653 = CARTESIAN_POINT('',(25.,26.9,53.6));
#7654 = DIRECTION('',(0.,1.,0.));
#7655 = DIRECTION('',(0.,-0.,1.));
#7656 = ADVANCED_FACE('',(#7657),#7682,.T.);
#7657 = FACE_BOUND('',#7658,.T.);
#7658 = EDGE_LOOP('',(#7659,#7667,#7668,#7676));
#7659 = ORIENTED_EDGE('',*,*,#7660,.F.);
#7660 = EDGE_CURVE('',#1861,#7661,#7663,.T.);
#7661 = VERTEX_POINT('',#7662);
#7662 = CARTESIAN_POINT('',(21.017,34.8,54.333));
#7663 = LINE('',#7664,#7665);
#7664 = CARTESIAN_POINT('',(21.017,26.9,54.333));
#7665 = VECTOR('',#7666,1.);
#7666 = DIRECTION('',(-0.,1.,0.));
#7667 = ORIENTED_EDGE('',*,*,#1868,.F.);
#7668 = ORIENTED_EDGE('',*,*,#7669,.T.);
#7669 = EDGE_CURVE('',#1869,#7670,#7672,.T.);
#7670 = VERTEX_POINT('',#7671);
#7671 = CARTESIAN_POINT('',(23.193010514696,34.8,54.333));
#7672 = LINE('',#7673,#7674);
#7673 = CARTESIAN_POINT('',(23.193010514696,26.9,54.333));
#7674 = VECTOR('',#7675,1.);
#7675 = DIRECTION('',(0.,1.,0.));
#7676 = ORIENTED_EDGE('',*,*,#7677,.F.);
#7677 = EDGE_CURVE('',#7661,#7670,#7678,.T.);
#7678 = LINE('',#7679,#7680);
#7679 = CARTESIAN_POINT('',(21.017,34.8,54.333));
#7680 = VECTOR('',#7681,1.);
#7681 = DIRECTION('',(1.,0.,-0.));
#7682 = PLANE('',#7683);
#7683 = AXIS2_PLACEMENT_3D('',#7684,#7685,#7686);
#7684 = CARTESIAN_POINT('',(21.017,26.9,54.333));
#7685 = DIRECTION('',(0.,0.,1.));
#7686 = DIRECTION('',(1.,0.,-0.));
#7687 = ADVANCED_FACE('',(#7688),#7706,.F.);
#7688 = FACE_BOUND('',#7689,.F.);
#7689 = EDGE_LOOP('',(#7690,#7698,#7699,#7700));
#7690 = ORIENTED_EDGE('',*,*,#7691,.F.);
#7691 = EDGE_CURVE('',#1853,#7692,#7694,.T.);
#7692 = VERTEX_POINT('',#7693);
#7693 = CARTESIAN_POINT('',(21.017,34.8,52.867));
#7694 = LINE('',#7695,#7696);
#7695 = CARTESIAN_POINT('',(21.017,26.9,52.867));
#7696 = VECTOR('',#7697,1.);
#7697 = DIRECTION('',(-0.,1.,0.));
#7698 = ORIENTED_EDGE('',*,*,#1852,.F.);
#7699 = ORIENTED_EDGE('',*,*,#7646,.T.);
#7700 = ORIENTED_EDGE('',*,*,#7701,.F.);
#7701 = EDGE_CURVE('',#7692,#7636,#7702,.T.);
#7702 = LINE('',#7703,#7704);
#7703 = CARTESIAN_POINT('',(21.017,34.8,52.867));
#7704 = VECTOR('',#7705,1.);
#7705 = DIRECTION('',(1.,0.,-0.));
#7706 = PLANE('',#7707);
#7707 = AXIS2_PLACEMENT_3D('',#7708,#7709,#7710);
#7708 = CARTESIAN_POINT('',(21.017,26.9,52.867));
#7709 = DIRECTION('',(0.,0.,1.));
#7710 = DIRECTION('',(1.,0.,-0.));
#7711 = ADVANCED_FACE('',(#7712),#7723,.F.);
#7712 = FACE_BOUND('',#7713,.F.);
#7713 = EDGE_LOOP('',(#7714,#7715,#7716,#7717));
#7714 = ORIENTED_EDGE('',*,*,#7660,.F.);
#7715 = ORIENTED_EDGE('',*,*,#1860,.F.);
#7716 = ORIENTED_EDGE('',*,*,#7691,.T.);
#7717 = ORIENTED_EDGE('',*,*,#7718,.T.);
#7718 = EDGE_CURVE('',#7692,#7661,#7719,.T.);
#7719 = LINE('',#7720,#7721);
#7720 = CARTESIAN_POINT('',(21.017,34.8,52.867));
#7721 = VECTOR('',#7722,1.);
#7722 = DIRECTION('',(0.,0.,1.));
#7723 = PLANE('',#7724);
#7724 = AXIS2_PLACEMENT_3D('',#7725,#7726,#7727);
#7725 = CARTESIAN_POINT('',(21.017,26.9,52.867));
#7726 = DIRECTION('',(1.,0.,-0.));
#7727 = DIRECTION('',(0.,0.,1.));
#7728 = ADVANCED_FACE('',(#7729),#7754,.T.);
#7729 = FACE_BOUND('',#7730,.T.);
#7730 = EDGE_LOOP('',(#7731,#7739,#7740,#7748));
#7731 = ORIENTED_EDGE('',*,*,#7732,.F.);
#7732 = EDGE_CURVE('',#1897,#7733,#7735,.T.);
#7733 = VERTEX_POINT('',#7734);
#7734 = CARTESIAN_POINT('',(6.843,29.,6.16464078849));
#7735 = LINE('',#7736,#7737);
#7736 = CARTESIAN_POINT('',(6.843,26.9,6.16464078849));
#7737 = VECTOR('',#7738,1.);
#7738 = DIRECTION('',(-0.,1.,-1.829981827259E-16));
#7739 = ORIENTED_EDGE('',*,*,#1894,.F.);
#7740 = ORIENTED_EDGE('',*,*,#7741,.T.);
#7741 = EDGE_CURVE('',#1895,#7742,#7744,.T.);
#7742 = VERTEX_POINT('',#7743);
#7743 = CARTESIAN_POINT('',(6.843,29.,-9.433));
#7744 = LINE('',#7745,#7746);
#7745 = CARTESIAN_POINT('',(6.843,26.9,-9.433));
#7746 = VECTOR('',#7747,1.);
#7747 = DIRECTION('',(-0.,1.,0.));
#7748 = ORIENTED_EDGE('',*,*,#7749,.T.);
#7749 = EDGE_CURVE('',#7742,#7733,#7750,.T.);
#7750 = LINE('',#7751,#7752);
#7751 = CARTESIAN_POINT('',(6.843,29.,-9.433));
#7752 = VECTOR('',#7753,1.);
#7753 = DIRECTION('',(0.,0.,1.));
#7754 = PLANE('',#7755);
#7755 = AXIS2_PLACEMENT_3D('',#7756,#7757,#7758);
#7756 = CARTESIAN_POINT('',(6.843,26.9,-9.433));
#7757 = DIRECTION('',(1.,0.,-0.));
#7758 = DIRECTION('',(0.,0.,1.));
#7759 = ADVANCED_FACE('',(#7760),#7778,.F.);
#7760 = FACE_BOUND('',#7761,.F.);
#7761 = EDGE_LOOP('',(#7762,#7770,#7771,#7772));
#7762 = ORIENTED_EDGE('',*,*,#7763,.F.);
#7763 = EDGE_CURVE('',#1905,#7764,#7766,.T.);
#7764 = VERTEX_POINT('',#7765);
#7765 = CARTESIAN_POINT('',(5.373,29.,-9.433));
#7766 = LINE('',#7767,#7768);
#7767 = CARTESIAN_POINT('',(5.373,26.9,-9.433));
#7768 = VECTOR('',#7769,1.);
#7769 = DIRECTION('',(-0.,1.,0.));
#7770 = ORIENTED_EDGE('',*,*,#1904,.F.);
#7771 = ORIENTED_EDGE('',*,*,#7741,.T.);
#7772 = ORIENTED_EDGE('',*,*,#7773,.F.);
#7773 = EDGE_CURVE('',#7764,#7742,#7774,.T.);
#7774 = LINE('',#7775,#7776);
#7775 = CARTESIAN_POINT('',(5.373,29.,-9.433));
#7776 = VECTOR('',#7777,1.);
#7777 = DIRECTION('',(1.,0.,-0.));
#7778 = PLANE('',#7779);
#7779 = AXIS2_PLACEMENT_3D('',#7780,#7781,#7782);
#7780 = CARTESIAN_POINT('',(5.373,26.9,-9.433));
#7781 = DIRECTION('',(0.,0.,1.));
#7782 = DIRECTION('',(1.,0.,-0.));
#7783 = ADVANCED_FACE('',(#7784),#7802,.T.);
#7784 = FACE_BOUND('',#7785,.T.);
#7785 = EDGE_LOOP('',(#7786,#7787,#7795,#7801));
#7786 = ORIENTED_EDGE('',*,*,#7732,.T.);
#7787 = ORIENTED_EDGE('',*,*,#7788,.T.);
#7788 = EDGE_CURVE('',#7733,#7789,#7791,.T.);
#7789 = VERTEX_POINT('',#7790);
#7790 = CARTESIAN_POINT('',(6.993480221111,29.,6.10566009329));
#7791 = LINE('',#7792,#7793);
#7792 = CARTESIAN_POINT('',(6.531685461861,29.,6.286660464896));
#7793 = VECTOR('',#7794,1.);
#7794 = DIRECTION('',(0.931038702486,-7.82253596673E-16,-0.364920449514)
  );
#7795 = ORIENTED_EDGE('',*,*,#7796,.F.);
#7796 = EDGE_CURVE('',#2105,#7789,#7797,.T.);
#7797 = LINE('',#7798,#7799);
#7798 = CARTESIAN_POINT('',(6.993480221111,26.9,6.10566009329));
#7799 = VECTOR('',#7800,1.);
#7800 = DIRECTION('',(4.440892098501E-16,1.,-6.661338147751E-16));
#7801 = ORIENTED_EDGE('',*,*,#2112,.F.);
#7802 = PLANE('',#7803);
#7803 = AXIS2_PLACEMENT_3D('',#7804,#7805,#7806);
#7804 = CARTESIAN_POINT('',(6.531685461861,26.9,6.286660464896));
#7805 = DIRECTION('',(-0.364920449514,-1.703783906024E-16,
    -0.931038702486));
#7806 = DIRECTION('',(0.931038702486,-7.82253596673E-16,-0.364920449514)
  );
#7807 = ADVANCED_FACE('',(#7808),#7826,.F.);
#7808 = FACE_BOUND('',#7809,.F.);
#7809 = EDGE_LOOP('',(#7810,#7818,#7819,#7820));
#7810 = ORIENTED_EDGE('',*,*,#7811,.F.);
#7811 = EDGE_CURVE('',#1913,#7812,#7814,.T.);
#7812 = VERTEX_POINT('',#7813);
#7813 = CARTESIAN_POINT('',(5.373,29.,22.533));
#7814 = LINE('',#7815,#7816);
#7815 = CARTESIAN_POINT('',(5.373,26.9,22.533));
#7816 = VECTOR('',#7817,1.);
#7817 = DIRECTION('',(-0.,1.,0.));
#7818 = ORIENTED_EDGE('',*,*,#1912,.F.);
#7819 = ORIENTED_EDGE('',*,*,#7763,.T.);
#7820 = ORIENTED_EDGE('',*,*,#7821,.T.);
#7821 = EDGE_CURVE('',#7764,#7812,#7822,.T.);
#7822 = LINE('',#7823,#7824);
#7823 = CARTESIAN_POINT('',(5.373,29.,-9.433));
#7824 = VECTOR('',#7825,1.);
#7825 = DIRECTION('',(0.,0.,1.));
#7826 = PLANE('',#7827);
#7827 = AXIS2_PLACEMENT_3D('',#7828,#7829,#7830);
#7828 = CARTESIAN_POINT('',(5.373,26.9,-9.433));
#7829 = DIRECTION('',(1.,0.,-0.));
#7830 = DIRECTION('',(0.,0.,1.));
#7831 = ADVANCED_FACE('',(#7832),#7850,.T.);
#7832 = FACE_BOUND('',#7833,.T.);
#7833 = EDGE_LOOP('',(#7834,#7835,#7836,#7844));
#7834 = ORIENTED_EDGE('',*,*,#2104,.F.);
#7835 = ORIENTED_EDGE('',*,*,#7796,.T.);
#7836 = ORIENTED_EDGE('',*,*,#7837,.T.);
#7837 = EDGE_CURVE('',#7789,#7838,#7840,.T.);
#7838 = VERTEX_POINT('',#7839);
#7839 = CARTESIAN_POINT('',(7.486386048859,29.,6.050348438411));
#7840 = LINE('',#7841,#7842);
#7841 = CARTESIAN_POINT('',(6.993480221111,29.,6.10566009329));
#7842 = VECTOR('',#7843,1.);
#7843 = DIRECTION('',(0.993762690287,-7.115017793721E-16,-0.111515538796
    ));
#7844 = ORIENTED_EDGE('',*,*,#7845,.F.);
#7845 = EDGE_CURVE('',#2097,#7838,#7846,.T.);
#7846 = LINE('',#7847,#7848);
#7847 = CARTESIAN_POINT('',(7.486386048859,26.9,6.050348438411));
#7848 = VECTOR('',#7849,1.);
#7849 = DIRECTION('',(4.440892098501E-16,1.,-6.661338147751E-16));
#7850 = PLANE('',#7851);
#7851 = AXIS2_PLACEMENT_3D('',#7852,#7853,#7854);
#7852 = CARTESIAN_POINT('',(6.993480221111,26.9,6.10566009329));
#7853 = DIRECTION('',(-0.111515538796,-3.670350166433E-16,
    -0.993762690287));
#7854 = DIRECTION('',(0.993762690287,-7.115017793721E-16,-0.111515538796
    ));
#7855 = ADVANCED_FACE('',(#7856),#7874,.T.);
#7856 = FACE_BOUND('',#7857,.T.);
#7857 = EDGE_LOOP('',(#7858,#7859,#7860,#7868));
#7858 = ORIENTED_EDGE('',*,*,#7811,.F.);
#7859 = ORIENTED_EDGE('',*,*,#1920,.F.);
#7860 = ORIENTED_EDGE('',*,*,#7861,.T.);
#7861 = EDGE_CURVE('',#1921,#7862,#7864,.T.);
#7862 = VERTEX_POINT('',#7863);
#7863 = CARTESIAN_POINT('',(6.843,29.,22.533));
#7864 = LINE('',#7865,#7866);
#7865 = CARTESIAN_POINT('',(6.843,26.9,22.533));
#7866 = VECTOR('',#7867,1.);
#7867 = DIRECTION('',(-0.,1.,0.));
#7868 = ORIENTED_EDGE('',*,*,#7869,.F.);
#7869 = EDGE_CURVE('',#7812,#7862,#7870,.T.);
#7870 = LINE('',#7871,#7872);
#7871 = CARTESIAN_POINT('',(5.373,29.,22.533));
#7872 = VECTOR('',#7873,1.);
#7873 = DIRECTION('',(1.,0.,-0.));
#7874 = PLANE('',#7875);
#7875 = AXIS2_PLACEMENT_3D('',#7876,#7877,#7878);
#7876 = CARTESIAN_POINT('',(5.373,26.9,22.533));
#7877 = DIRECTION('',(0.,0.,1.));
#7878 = DIRECTION('',(1.,0.,-0.));
#7879 = ADVANCED_FACE('',(#7880),#7898,.T.);
#7880 = FACE_BOUND('',#7881,.T.);
#7881 = EDGE_LOOP('',(#7882,#7883,#7884,#7892));
#7882 = ORIENTED_EDGE('',*,*,#2096,.F.);
#7883 = ORIENTED_EDGE('',*,*,#7845,.T.);
#7884 = ORIENTED_EDGE('',*,*,#7885,.T.);
#7885 = EDGE_CURVE('',#7838,#7886,#7888,.T.);
#7886 = VERTEX_POINT('',#7887);
#7887 = CARTESIAN_POINT('',(7.976812227507,29.,6.124494898131));
#7888 = LINE('',#7889,#7890);
#7889 = CARTESIAN_POINT('',(7.486386048859,29.,6.050348438411));
#7890 = VECTOR('',#7891,1.);
#7891 = DIRECTION('',(0.988763393016,-5.922622916194E-16,0.149488971603)
  );
#7892 = ORIENTED_EDGE('',*,*,#7893,.F.);
#7893 = EDGE_CURVE('',#2089,#7886,#7894,.T.);
#7894 = LINE('',#7895,#7896);
#7895 = CARTESIAN_POINT('',(7.976812227507,26.9,6.124494898131));
#7896 = VECTOR('',#7897,1.);
#7897 = DIRECTION('',(4.440892098501E-16,1.,-6.661338147751E-16));
#7898 = PLANE('',#7899);
#7899 = AXIS2_PLACEMENT_3D('',#7900,#7901,#7902);
#7900 = CARTESIAN_POINT('',(7.486386048859,26.9,6.050348438411));
#7901 = DIRECTION('',(0.149488971603,-5.386788128541E-16,-0.988763393016
    ));
#7902 = DIRECTION('',(0.988763393016,-5.922622916194E-16,0.149488971603)
  );
#7903 = ADVANCED_FACE('',(#7904),#7922,.T.);
#7904 = FACE_BOUND('',#7905,.T.);
#7905 = EDGE_LOOP('',(#7906,#7907,#7908,#7916));
#7906 = ORIENTED_EDGE('',*,*,#7861,.F.);
#7907 = ORIENTED_EDGE('',*,*,#1928,.F.);
#7908 = ORIENTED_EDGE('',*,*,#7909,.F.);
#7909 = EDGE_CURVE('',#7910,#1929,#7912,.T.);
#7910 = VERTEX_POINT('',#7911);
#7911 = CARTESIAN_POINT('',(6.843,29.,9.802744071818));
#7912 = LINE('',#7913,#7914);
#7913 = CARTESIAN_POINT('',(6.843,26.9,9.802744071818));
#7914 = VECTOR('',#7915,1.);
#7915 = DIRECTION('',(0.,-1.,8.458842092382E-16));
#7916 = ORIENTED_EDGE('',*,*,#7917,.T.);
#7917 = EDGE_CURVE('',#7910,#7862,#7918,.T.);
#7918 = LINE('',#7919,#7920);
#7919 = CARTESIAN_POINT('',(6.843,29.,-9.433));
#7920 = VECTOR('',#7921,1.);
#7921 = DIRECTION('',(0.,0.,1.));
#7922 = PLANE('',#7923);
#7923 = AXIS2_PLACEMENT_3D('',#7924,#7925,#7926);
#7924 = CARTESIAN_POINT('',(6.843,26.9,-9.433));
#7925 = DIRECTION('',(1.,0.,-0.));
#7926 = DIRECTION('',(0.,0.,1.));
#7927 = ADVANCED_FACE('',(#7928),#7946,.T.);
#7928 = FACE_BOUND('',#7929,.T.);
#7929 = EDGE_LOOP('',(#7930,#7931,#7932,#7940));
#7930 = ORIENTED_EDGE('',*,*,#2088,.F.);
#7931 = ORIENTED_EDGE('',*,*,#7893,.T.);
#7932 = ORIENTED_EDGE('',*,*,#7933,.T.);
#7933 = EDGE_CURVE('',#7886,#7934,#7936,.T.);
#7934 = VERTEX_POINT('',#7935);
#7935 = CARTESIAN_POINT('',(8.43133702345,29.,6.323046513754));
#7936 = LINE('',#7937,#7938);
#7937 = CARTESIAN_POINT('',(7.976812227507,29.,6.124494898131));
#7938 = VECTOR('',#7939,1.);
#7939 = DIRECTION('',(0.91638150452,-4.326611074524E-16,0.40030605563));
#7940 = ORIENTED_EDGE('',*,*,#7941,.F.);
#7941 = EDGE_CURVE('',#2081,#7934,#7942,.T.);
#7942 = LINE('',#7943,#7944);
#7943 = CARTESIAN_POINT('',(8.43133702345,26.9,6.323046513754));
#7944 = VECTOR('',#7945,1.);
#7945 = DIRECTION('',(4.440892098501E-16,1.,-6.661338147751E-16));
#7946 = PLANE('',#7947);
#7947 = AXIS2_PLACEMENT_3D('',#7948,#7949,#7950);
#7948 = CARTESIAN_POINT('',(7.976812227507,26.9,6.124494898131));
#7949 = DIRECTION('',(0.40030605563,-6.736125381776E-16,-0.91638150452)
  );
#7950 = DIRECTION('',(0.91638150452,-4.326611074524E-16,0.40030605563));
#7951 = ADVANCED_FACE('',(#7952),#7970,.T.);
#7952 = FACE_BOUND('',#7953,.T.);
#7953 = EDGE_LOOP('',(#7954,#7962,#7968,#7969));
#7954 = ORIENTED_EDGE('',*,*,#7955,.F.);
#7955 = EDGE_CURVE('',#7956,#1937,#7958,.T.);
#7956 = VERTEX_POINT('',#7957);
#7957 = CARTESIAN_POINT('',(9.445,29.,11.372204389279));
#7958 = LINE('',#7959,#7960);
#7959 = CARTESIAN_POINT('',(9.445,26.9,11.372204389279));
#7960 = VECTOR('',#7961,1.);
#7961 = DIRECTION('',(0.,-1.,8.458842092382E-16));
#7962 = ORIENTED_EDGE('',*,*,#7963,.T.);
#7963 = EDGE_CURVE('',#7956,#7910,#7964,.T.);
#7964 = LINE('',#7965,#7966);
#7965 = CARTESIAN_POINT('',(9.61866297655,29.,11.476953486246));
#7966 = VECTOR('',#7967,1.);
#7967 = DIRECTION('',(-0.85629130855,3.4103555206E-16,-0.516493170237));
#7968 = ORIENTED_EDGE('',*,*,#7909,.T.);
#7969 = ORIENTED_EDGE('',*,*,#1936,.F.);
#7970 = PLANE('',#7971);
#7971 = AXIS2_PLACEMENT_3D('',#7972,#7973,#7974);
#7972 = CARTESIAN_POINT('',(9.61866297655,26.9,11.476953486246));
#7973 = DIRECTION('',(-0.516493170237,7.243232964107E-16,0.85629130855)
  );
#7974 = DIRECTION('',(-0.85629130855,3.4103555206E-16,-0.516493170237));
#7975 = ADVANCED_FACE('',(#7976),#7994,.T.);
#7976 = FACE_BOUND('',#7977,.T.);
#7977 = EDGE_LOOP('',(#7978,#7979,#7980,#7988));
#7978 = ORIENTED_EDGE('',*,*,#2080,.F.);
#7979 = ORIENTED_EDGE('',*,*,#7941,.T.);
#7980 = ORIENTED_EDGE('',*,*,#7981,.T.);
#7981 = EDGE_CURVE('',#7934,#7982,#7984,.T.);
#7982 = VERTEX_POINT('',#7983);
#7983 = CARTESIAN_POINT('',(9.445,29.,6.934462277388));
#7984 = LINE('',#7985,#7986);
#7985 = CARTESIAN_POINT('',(8.43133702345,29.,6.323046513754));
#7986 = VECTOR('',#7987,1.);
#7987 = DIRECTION('',(0.85629130855,-3.4103555206E-16,0.516493170237));
#7988 = ORIENTED_EDGE('',*,*,#7989,.F.);
#7989 = EDGE_CURVE('',#2073,#7982,#7990,.T.);
#7990 = LINE('',#7991,#7992);
#7991 = CARTESIAN_POINT('',(9.445,26.9,6.934462277388));
#7992 = VECTOR('',#7993,1.);
#7993 = DIRECTION('',(-0.,1.,-8.458842092382E-16));
#7994 = PLANE('',#7995);
#7995 = AXIS2_PLACEMENT_3D('',#7996,#7997,#7998);
#7996 = CARTESIAN_POINT('',(8.43133702345,26.9,6.323046513754));
#7997 = DIRECTION('',(0.516493170237,-7.243232964107E-16,-0.85629130855)
  );
#7998 = DIRECTION('',(0.85629130855,-3.4103555206E-16,0.516493170237));
#7999 = ADVANCED_FACE('',(#8000),#8018,.F.);
#8000 = FACE_BOUND('',#8001,.F.);
#8001 = EDGE_LOOP('',(#8002,#8010,#8011,#8012));
#8002 = ORIENTED_EDGE('',*,*,#8003,.F.);
#8003 = EDGE_CURVE('',#1945,#8004,#8006,.T.);
#8004 = VERTEX_POINT('',#8005);
#8005 = CARTESIAN_POINT('',(9.445,29.,22.533));
#8006 = LINE('',#8007,#8008);
#8007 = CARTESIAN_POINT('',(9.445,26.9,22.533));
#8008 = VECTOR('',#8009,1.);
#8009 = DIRECTION('',(-0.,1.,0.));
#8010 = ORIENTED_EDGE('',*,*,#1944,.F.);
#8011 = ORIENTED_EDGE('',*,*,#7955,.F.);
#8012 = ORIENTED_EDGE('',*,*,#8013,.T.);
#8013 = EDGE_CURVE('',#7956,#8004,#8014,.T.);
#8014 = LINE('',#8015,#8016);
#8015 = CARTESIAN_POINT('',(9.445,29.,-12.433));
#8016 = VECTOR('',#8017,1.);
#8017 = DIRECTION('',(0.,0.,1.));
#8018 = PLANE('',#8019);
#8019 = AXIS2_PLACEMENT_3D('',#8020,#8021,#8022);
#8020 = CARTESIAN_POINT('',(9.445,26.9,-12.433));
#8021 = DIRECTION('',(1.,0.,-0.));
#8022 = DIRECTION('',(0.,0.,1.));
#8023 = ADVANCED_FACE('',(#8024),#8042,.F.);
#8024 = FACE_BOUND('',#8025,.F.);
#8025 = EDGE_LOOP('',(#8026,#8027,#8028,#8036));
#8026 = ORIENTED_EDGE('',*,*,#7989,.F.);
#8027 = ORIENTED_EDGE('',*,*,#2072,.F.);
#8028 = ORIENTED_EDGE('',*,*,#8029,.T.);
#8029 = EDGE_CURVE('',#2065,#8030,#8032,.T.);
#8030 = VERTEX_POINT('',#8031);
#8031 = CARTESIAN_POINT('',(9.445,29.,-12.433));
#8032 = LINE('',#8033,#8034);
#8033 = CARTESIAN_POINT('',(9.445,26.9,-12.433));
#8034 = VECTOR('',#8035,1.);
#8035 = DIRECTION('',(-0.,1.,0.));
#8036 = ORIENTED_EDGE('',*,*,#8037,.T.);
#8037 = EDGE_CURVE('',#8030,#7982,#8038,.T.);
#8038 = LINE('',#8039,#8040);
#8039 = CARTESIAN_POINT('',(9.445,29.,-12.433));
#8040 = VECTOR('',#8041,1.);
#8041 = DIRECTION('',(0.,0.,1.));
#8042 = PLANE('',#8043);
#8043 = AXIS2_PLACEMENT_3D('',#8044,#8045,#8046);
#8044 = CARTESIAN_POINT('',(9.445,26.9,-12.433));
#8045 = DIRECTION('',(1.,0.,-0.));
#8046 = DIRECTION('',(0.,0.,1.));
#8047 = ADVANCED_FACE('',(#8048),#8066,.T.);
#8048 = FACE_BOUND('',#8049,.T.);
#8049 = EDGE_LOOP('',(#8050,#8051,#8052,#8060));
#8050 = ORIENTED_EDGE('',*,*,#8003,.F.);
#8051 = ORIENTED_EDGE('',*,*,#1952,.F.);
#8052 = ORIENTED_EDGE('',*,*,#8053,.T.);
#8053 = EDGE_CURVE('',#1953,#8054,#8056,.T.);
#8054 = VERTEX_POINT('',#8055);
#8055 = CARTESIAN_POINT('',(10.915,29.,22.533));
#8056 = LINE('',#8057,#8058);
#8057 = CARTESIAN_POINT('',(10.915,26.9,22.533));
#8058 = VECTOR('',#8059,1.);
#8059 = DIRECTION('',(-0.,1.,0.));
#8060 = ORIENTED_EDGE('',*,*,#8061,.F.);
#8061 = EDGE_CURVE('',#8004,#8054,#8062,.T.);
#8062 = LINE('',#8063,#8064);
#8063 = CARTESIAN_POINT('',(9.445,29.,22.533));
#8064 = VECTOR('',#8065,1.);
#8065 = DIRECTION('',(1.,0.,-0.));
#8066 = PLANE('',#8067);
#8067 = AXIS2_PLACEMENT_3D('',#8068,#8069,#8070);
#8068 = CARTESIAN_POINT('',(9.445,26.9,22.533));
#8069 = DIRECTION('',(0.,0.,1.));
#8070 = DIRECTION('',(1.,0.,-0.));
#8071 = ADVANCED_FACE('',(#8072),#8090,.F.);
#8072 = FACE_BOUND('',#8073,.F.);
#8073 = EDGE_LOOP('',(#8074,#8075,#8076,#8084));
#8074 = ORIENTED_EDGE('',*,*,#8029,.F.);
#8075 = ORIENTED_EDGE('',*,*,#2064,.F.);
#8076 = ORIENTED_EDGE('',*,*,#8077,.T.);
#8077 = EDGE_CURVE('',#2057,#8078,#8080,.T.);
#8078 = VERTEX_POINT('',#8079);
#8079 = CARTESIAN_POINT('',(10.915,29.,-12.433));
#8080 = LINE('',#8081,#8082);
#8081 = CARTESIAN_POINT('',(10.915,26.9,-12.433));
#8082 = VECTOR('',#8083,1.);
#8083 = DIRECTION('',(-0.,1.,0.));
#8084 = ORIENTED_EDGE('',*,*,#8085,.F.);
#8085 = EDGE_CURVE('',#8030,#8078,#8086,.T.);
#8086 = LINE('',#8087,#8088);
#8087 = CARTESIAN_POINT('',(9.445,29.,-12.433));
#8088 = VECTOR('',#8089,1.);
#8089 = DIRECTION('',(1.,0.,-0.));
#8090 = PLANE('',#8091);
#8091 = AXIS2_PLACEMENT_3D('',#8092,#8093,#8094);
#8092 = CARTESIAN_POINT('',(9.445,26.9,-12.433));
#8093 = DIRECTION('',(0.,0.,1.));
#8094 = DIRECTION('',(1.,0.,-0.));
#8095 = ADVANCED_FACE('',(#8096),#8114,.T.);
#8096 = FACE_BOUND('',#8097,.T.);
#8097 = EDGE_LOOP('',(#8098,#8099,#8100,#8108));
#8098 = ORIENTED_EDGE('',*,*,#8053,.F.);
#8099 = ORIENTED_EDGE('',*,*,#1960,.F.);
#8100 = ORIENTED_EDGE('',*,*,#8101,.F.);
#8101 = EDGE_CURVE('',#8102,#1961,#8104,.T.);
#8102 = VERTEX_POINT('',#8103);
#8103 = CARTESIAN_POINT('',(10.915,29.,11.710220613993));
#8104 = LINE('',#8105,#8106);
#8105 = CARTESIAN_POINT('',(10.915,26.9,11.710220613993));
#8106 = VECTOR('',#8107,1.);
#8107 = DIRECTION('',(0.,-1.,3.693386964822E-16));
#8108 = ORIENTED_EDGE('',*,*,#8109,.T.);
#8109 = EDGE_CURVE('',#8102,#8054,#8110,.T.);
#8110 = LINE('',#8111,#8112);
#8111 = CARTESIAN_POINT('',(10.915,29.,-12.433));
#8112 = VECTOR('',#8113,1.);
#8113 = DIRECTION('',(0.,0.,1.));
#8114 = PLANE('',#8115);
#8115 = AXIS2_PLACEMENT_3D('',#8116,#8117,#8118);
#8116 = CARTESIAN_POINT('',(10.915,26.9,-12.433));
#8117 = DIRECTION('',(1.,0.,-0.));
#8118 = DIRECTION('',(0.,0.,1.));
#8119 = ADVANCED_FACE('',(#8120),#8138,.T.);
#8120 = FACE_BOUND('',#8121,.T.);
#8121 = EDGE_LOOP('',(#8122,#8130,#8131,#8132));
#8122 = ORIENTED_EDGE('',*,*,#8123,.F.);
#8123 = EDGE_CURVE('',#2049,#8124,#8126,.T.);
#8124 = VERTEX_POINT('',#8125);
#8125 = CARTESIAN_POINT('',(10.915,29.,7.821128944055));
#8126 = LINE('',#8127,#8128);
#8127 = CARTESIAN_POINT('',(10.915,26.9,7.821128944055));
#8128 = VECTOR('',#8129,1.);
#8129 = DIRECTION('',(-0.,1.,-8.458842092382E-16));
#8130 = ORIENTED_EDGE('',*,*,#2056,.F.);
#8131 = ORIENTED_EDGE('',*,*,#8077,.T.);
#8132 = ORIENTED_EDGE('',*,*,#8133,.T.);
#8133 = EDGE_CURVE('',#8078,#8124,#8134,.T.);
#8134 = LINE('',#8135,#8136);
#8135 = CARTESIAN_POINT('',(10.915,29.,-12.433));
#8136 = VECTOR('',#8137,1.);
#8137 = DIRECTION('',(0.,0.,1.));
#8138 = PLANE('',#8139);
#8139 = AXIS2_PLACEMENT_3D('',#8140,#8141,#8142);
#8140 = CARTESIAN_POINT('',(10.915,26.9,-12.433));
#8141 = DIRECTION('',(1.,0.,-0.));
#8142 = DIRECTION('',(0.,0.,1.));
#8143 = ADVANCED_FACE('',(#8144),#8162,.T.);
#8144 = FACE_BOUND('',#8145,.T.);
#8145 = EDGE_LOOP('',(#8146,#8147,#8155,#8161));
#8146 = ORIENTED_EDGE('',*,*,#1968,.F.);
#8147 = ORIENTED_EDGE('',*,*,#8148,.T.);
#8148 = EDGE_CURVE('',#1969,#8149,#8151,.T.);
#8149 = VERTEX_POINT('',#8150);
#8150 = CARTESIAN_POINT('',(11.056519778889,29.,11.69433990671));
#8151 = LINE('',#8152,#8153);
#8152 = CARTESIAN_POINT('',(11.056519778889,26.9,11.69433990671));
#8153 = VECTOR('',#8154,1.);
#8154 = DIRECTION('',(4.440892098501E-16,1.,-6.661338147751E-16));
#8155 = ORIENTED_EDGE('',*,*,#8156,.T.);
#8156 = EDGE_CURVE('',#8149,#8102,#8157,.T.);
#8157 = LINE('',#8158,#8159);
#8158 = CARTESIAN_POINT('',(11.056519778889,29.,11.69433990671));
#8159 = VECTOR('',#8160,1.);
#8160 = DIRECTION('',(-0.993762690287,7.115017793721E-16,0.111515538796)
  );
#8161 = ORIENTED_EDGE('',*,*,#8101,.T.);
#8162 = PLANE('',#8163);
#8163 = AXIS2_PLACEMENT_3D('',#8164,#8165,#8166);
#8164 = CARTESIAN_POINT('',(11.056519778889,26.9,11.69433990671));
#8165 = DIRECTION('',(0.111515538796,3.670350166433E-16,0.993762690287)
  );
#8166 = DIRECTION('',(-0.993762690287,7.115017793721E-16,0.111515538796)
  );
#8167 = ADVANCED_FACE('',(#8168),#8186,.T.);
#8168 = FACE_BOUND('',#8169,.T.);
#8169 = EDGE_LOOP('',(#8170,#8178,#8179,#8180));
#8170 = ORIENTED_EDGE('',*,*,#8171,.F.);
#8171 = EDGE_CURVE('',#2041,#8172,#8174,.T.);
#8172 = VERTEX_POINT('',#8173);
#8173 = CARTESIAN_POINT('',(11.58133702345,29.,8.223046513754));
#8174 = LINE('',#8175,#8176);
#8175 = CARTESIAN_POINT('',(11.58133702345,26.9,8.223046513754));
#8176 = VECTOR('',#8177,1.);
#8177 = DIRECTION('',(4.440892098501E-16,1.,-6.661338147751E-16));
#8178 = ORIENTED_EDGE('',*,*,#2048,.F.);
#8179 = ORIENTED_EDGE('',*,*,#8123,.T.);
#8180 = ORIENTED_EDGE('',*,*,#8181,.T.);
#8181 = EDGE_CURVE('',#8124,#8172,#8182,.T.);
#8182 = LINE('',#8183,#8184);
#8183 = CARTESIAN_POINT('',(8.43133702345,29.,6.323046513754));
#8184 = VECTOR('',#8185,1.);
#8185 = DIRECTION('',(0.85629130855,-3.4103555206E-16,0.516493170237));
#8186 = PLANE('',#8187);
#8187 = AXIS2_PLACEMENT_3D('',#8188,#8189,#8190);
#8188 = CARTESIAN_POINT('',(8.43133702345,26.9,6.323046513754));
#8189 = DIRECTION('',(0.516493170237,-7.243232964107E-16,-0.85629130855)
  );
#8190 = DIRECTION('',(0.85629130855,-3.4103555206E-16,0.516493170237));
#8191 = ADVANCED_FACE('',(#8192),#8210,.T.);
#8192 = FACE_BOUND('',#8193,.T.);
#8193 = EDGE_LOOP('',(#8194,#8195,#8203,#8209));
#8194 = ORIENTED_EDGE('',*,*,#1976,.F.);
#8195 = ORIENTED_EDGE('',*,*,#8196,.T.);
#8196 = EDGE_CURVE('',#1977,#8197,#8199,.T.);
#8197 = VERTEX_POINT('',#8198);
#8198 = CARTESIAN_POINT('',(11.518314538139,29.,11.513339535105));
#8199 = LINE('',#8200,#8201);
#8200 = CARTESIAN_POINT('',(11.518314538139,26.9,11.513339535105));
#8201 = VECTOR('',#8202,1.);
#8202 = DIRECTION('',(4.440892098501E-16,1.,-6.661338147751E-16));
#8203 = ORIENTED_EDGE('',*,*,#8204,.T.);
#8204 = EDGE_CURVE('',#8197,#8149,#8205,.T.);
#8205 = LINE('',#8206,#8207);
#8206 = CARTESIAN_POINT('',(11.518314538139,29.,11.513339535105));
#8207 = VECTOR('',#8208,1.);
#8208 = DIRECTION('',(-0.931038702486,7.82253596673E-16,0.364920449514)
  );
#8209 = ORIENTED_EDGE('',*,*,#8148,.F.);
#8210 = PLANE('',#8211);
#8211 = AXIS2_PLACEMENT_3D('',#8212,#8213,#8214);
#8212 = CARTESIAN_POINT('',(11.518314538139,26.9,11.513339535105));
#8213 = DIRECTION('',(0.364920449514,1.703783906024E-16,0.931038702486)
  );
#8214 = DIRECTION('',(-0.931038702486,7.82253596673E-16,0.364920449514)
  );
#8215 = ADVANCED_FACE('',(#8216),#8234,.T.);
#8216 = FACE_BOUND('',#8217,.T.);
#8217 = EDGE_LOOP('',(#8218,#8219,#8220,#8228));
#8218 = ORIENTED_EDGE('',*,*,#2040,.F.);
#8219 = ORIENTED_EDGE('',*,*,#8171,.T.);
#8220 = ORIENTED_EDGE('',*,*,#8221,.T.);
#8221 = EDGE_CURVE('',#8172,#8222,#8224,.T.);
#8222 = VERTEX_POINT('',#8223);
#8223 = CARTESIAN_POINT('',(11.96898532298,29.,8.532472320797));
#8224 = LINE('',#8225,#8226);
#8225 = CARTESIAN_POINT('',(11.58133702345,29.,8.223046513754));
#8226 = VECTOR('',#8227,1.);
#8227 = DIRECTION('',(0.781549730883,-2.435747838189E-16,0.623842943502)
  );
#8228 = ORIENTED_EDGE('',*,*,#8229,.F.);
#8229 = EDGE_CURVE('',#2033,#8222,#8230,.T.);
#8230 = LINE('',#8231,#8232);
#8231 = CARTESIAN_POINT('',(11.96898532298,26.9,8.532472320797));
#8232 = VECTOR('',#8233,1.);
#8233 = DIRECTION('',(4.440892098501E-16,1.,-6.661338147751E-16));
#8234 = PLANE('',#8235);
#8235 = AXIS2_PLACEMENT_3D('',#8236,#8237,#8238);
#8236 = CARTESIAN_POINT('',(11.58133702345,26.9,8.223046513754));
#8237 = DIRECTION('',(0.623842943502,-7.626406822217E-16,-0.781549730883
    ));
#8238 = DIRECTION('',(0.781549730883,-2.435747838189E-16,0.623842943502)
  );
#8239 = ADVANCED_FACE('',(#8240),#8258,.T.);
#8240 = FACE_BOUND('',#8241,.T.);
#8241 = EDGE_LOOP('',(#8242,#8243,#8251,#8257));
#8242 = ORIENTED_EDGE('',*,*,#1984,.F.);
#8243 = ORIENTED_EDGE('',*,*,#8244,.T.);
#8244 = EDGE_CURVE('',#1985,#8245,#8247,.T.);
#8245 = VERTEX_POINT('',#8246);
#8246 = CARTESIAN_POINT('',(11.917527679203,29.,11.21898532298));
#8247 = LINE('',#8248,#8249);
#8248 = CARTESIAN_POINT('',(11.917527679203,26.9,11.21898532298));
#8249 = VECTOR('',#8250,1.);
#8250 = DIRECTION('',(4.440892098501E-16,1.,-6.661338147751E-16));
#8251 = ORIENTED_EDGE('',*,*,#8252,.T.);
#8252 = EDGE_CURVE('',#8245,#8197,#8253,.T.);
#8253 = LINE('',#8254,#8255);
#8254 = CARTESIAN_POINT('',(11.917527679203,29.,11.21898532298));
#8255 = VECTOR('',#8256,1.);
#8256 = DIRECTION('',(-0.804865965724,7.996961240958E-16,0.593456634658)
  );
#8257 = ORIENTED_EDGE('',*,*,#8196,.F.);
#8258 = PLANE('',#8259);
#8259 = AXIS2_PLACEMENT_3D('',#8260,#8261,#8262);
#8260 = CARTESIAN_POINT('',(11.917527679203,26.9,11.21898532298));
#8261 = DIRECTION('',(0.593456634658,-3.788924119451E-17,0.804865965724)
  );
#8262 = DIRECTION('',(-0.804865965724,7.996961240958E-16,0.593456634658)
  );
#8263 = ADVANCED_FACE('',(#8264),#8282,.T.);
#8264 = FACE_BOUND('',#8265,.T.);
#8265 = EDGE_LOOP('',(#8266,#8267,#8268,#8276));
#8266 = ORIENTED_EDGE('',*,*,#2032,.F.);
#8267 = ORIENTED_EDGE('',*,*,#8229,.T.);
#8268 = ORIENTED_EDGE('',*,*,#8269,.T.);
#8269 = EDGE_CURVE('',#8222,#8270,#8272,.T.);
#8270 = VERTEX_POINT('',#8271);
#8271 = CARTESIAN_POINT('',(12.263339535104,29.,8.931685461861));
#8272 = LINE('',#8273,#8274);
#8273 = CARTESIAN_POINT('',(11.96898532298,29.,8.532472320797));
#8274 = VECTOR('',#8275,1.);
#8275 = DIRECTION('',(0.593456634658,-3.788924119451E-17,0.804865965724)
  );
#8276 = ORIENTED_EDGE('',*,*,#8277,.F.);
#8277 = EDGE_CURVE('',#2025,#8270,#8278,.T.);
#8278 = LINE('',#8279,#8280);
#8279 = CARTESIAN_POINT('',(12.263339535104,26.9,8.931685461861));
#8280 = VECTOR('',#8281,1.);
#8281 = DIRECTION('',(4.440892098501E-16,1.,-6.661338147751E-16));
#8282 = PLANE('',#8283);
#8283 = AXIS2_PLACEMENT_3D('',#8284,#8285,#8286);
#8284 = CARTESIAN_POINT('',(11.96898532298,26.9,8.532472320797));
#8285 = DIRECTION('',(0.804865965724,-7.996961240958E-16,-0.593456634658
    ));
#8286 = DIRECTION('',(0.593456634658,-3.788924119451E-17,0.804865965724)
  );
#8287 = ADVANCED_FACE('',(#8288),#8306,.T.);
#8288 = FACE_BOUND('',#8289,.T.);
#8289 = EDGE_LOOP('',(#8290,#8291,#8299,#8305));
#8290 = ORIENTED_EDGE('',*,*,#1992,.F.);
#8291 = ORIENTED_EDGE('',*,*,#8292,.T.);
#8292 = EDGE_CURVE('',#1993,#8293,#8295,.T.);
#8293 = VERTEX_POINT('',#8294);
#8294 = CARTESIAN_POINT('',(12.226953486246,29.,10.83133702345));
#8295 = LINE('',#8296,#8297);
#8296 = CARTESIAN_POINT('',(12.226953486246,26.9,10.83133702345));
#8297 = VECTOR('',#8298,1.);
#8298 = DIRECTION('',(4.440892098501E-16,1.,-6.661338147751E-16));
#8299 = ORIENTED_EDGE('',*,*,#8300,.T.);
#8300 = EDGE_CURVE('',#8293,#8245,#8301,.T.);
#8301 = LINE('',#8302,#8303);
#8302 = CARTESIAN_POINT('',(12.226953486246,29.,10.83133702345));
#8303 = VECTOR('',#8304,1.);
#8304 = DIRECTION('',(-0.623842943502,7.626406822217E-16,0.781549730883)
  );
#8305 = ORIENTED_EDGE('',*,*,#8244,.F.);
#8306 = PLANE('',#8307);
#8307 = AXIS2_PLACEMENT_3D('',#8308,#8309,#8310);
#8308 = CARTESIAN_POINT('',(12.226953486246,26.9,10.83133702345));
#8309 = DIRECTION('',(0.781549730883,-2.435747838189E-16,0.623842943502)
  );
#8310 = DIRECTION('',(-0.623842943502,7.626406822217E-16,0.781549730883)
  );
#8311 = ADVANCED_FACE('',(#8312),#8330,.T.);
#8312 = FACE_BOUND('',#8313,.T.);
#8313 = EDGE_LOOP('',(#8314,#8315,#8316,#8324));
#8314 = ORIENTED_EDGE('',*,*,#2024,.F.);
#8315 = ORIENTED_EDGE('',*,*,#8277,.T.);
#8316 = ORIENTED_EDGE('',*,*,#8317,.T.);
#8317 = EDGE_CURVE('',#8270,#8318,#8320,.T.);
#8318 = VERTEX_POINT('',#8319);
#8319 = CARTESIAN_POINT('',(12.44433990671,29.,9.393480221111));
#8320 = LINE('',#8321,#8322);
#8321 = CARTESIAN_POINT('',(12.263339535104,29.,8.931685461861));
#8322 = VECTOR('',#8323,1.);
#8323 = DIRECTION('',(0.364920449514,1.703783906024E-16,0.931038702486)
  );
#8324 = ORIENTED_EDGE('',*,*,#8325,.F.);
#8325 = EDGE_CURVE('',#2017,#8318,#8326,.T.);
#8326 = LINE('',#8327,#8328);
#8327 = CARTESIAN_POINT('',(12.44433990671,26.9,9.393480221111));
#8328 = VECTOR('',#8329,1.);
#8329 = DIRECTION('',(4.440892098501E-16,1.,-6.661338147751E-16));
#8330 = PLANE('',#8331);
#8331 = AXIS2_PLACEMENT_3D('',#8332,#8333,#8334);
#8332 = CARTESIAN_POINT('',(12.263339535104,26.9,8.931685461861));
#8333 = DIRECTION('',(0.931038702486,-7.82253596673E-16,-0.364920449514)
  );
#8334 = DIRECTION('',(0.364920449514,1.703783906024E-16,0.931038702486)
  );
#8335 = ADVANCED_FACE('',(#8336),#8354,.T.);
#8336 = FACE_BOUND('',#8337,.T.);
#8337 = EDGE_LOOP('',(#8338,#8339,#8347,#8353));
#8338 = ORIENTED_EDGE('',*,*,#2000,.F.);
#8339 = ORIENTED_EDGE('',*,*,#8340,.T.);
#8340 = EDGE_CURVE('',#2001,#8341,#8343,.T.);
#8341 = VERTEX_POINT('',#8342);
#8342 = CARTESIAN_POINT('',(12.425505101869,29.,10.376812227507));
#8343 = LINE('',#8344,#8345);
#8344 = CARTESIAN_POINT('',(12.425505101869,26.9,10.376812227507));
#8345 = VECTOR('',#8346,1.);
#8346 = DIRECTION('',(4.440892098501E-16,1.,-6.661338147751E-16));
#8347 = ORIENTED_EDGE('',*,*,#8348,.T.);
#8348 = EDGE_CURVE('',#8341,#8293,#8349,.T.);
#8349 = LINE('',#8350,#8351);
#8350 = CARTESIAN_POINT('',(12.425505101869,29.,10.376812227507));
#8351 = VECTOR('',#8352,1.);
#8352 = DIRECTION('',(-0.40030605563,6.736125381776E-16,0.91638150452));
#8353 = ORIENTED_EDGE('',*,*,#8292,.F.);
#8354 = PLANE('',#8355);
#8355 = AXIS2_PLACEMENT_3D('',#8356,#8357,#8358);
#8356 = CARTESIAN_POINT('',(12.425505101869,26.9,10.376812227507));
#8357 = DIRECTION('',(0.91638150452,-4.326611074524E-16,0.40030605563));
#8358 = DIRECTION('',(-0.40030605563,6.736125381776E-16,0.91638150452));
#8359 = ADVANCED_FACE('',(#8360),#8378,.T.);
#8360 = FACE_BOUND('',#8361,.T.);
#8361 = EDGE_LOOP('',(#8362,#8363,#8364,#8372));
#8362 = ORIENTED_EDGE('',*,*,#2016,.F.);
#8363 = ORIENTED_EDGE('',*,*,#8325,.T.);
#8364 = ORIENTED_EDGE('',*,*,#8365,.T.);
#8365 = EDGE_CURVE('',#8318,#8366,#8368,.T.);
#8366 = VERTEX_POINT('',#8367);
#8367 = CARTESIAN_POINT('',(12.499651561589,29.,9.886386048859));
#8368 = LINE('',#8369,#8370);
#8369 = CARTESIAN_POINT('',(12.44433990671,29.,9.393480221111));
#8370 = VECTOR('',#8371,1.);
#8371 = DIRECTION('',(0.111515538796,3.670350166433E-16,0.993762690287)
  );
#8372 = ORIENTED_EDGE('',*,*,#8373,.F.);
#8373 = EDGE_CURVE('',#2009,#8366,#8374,.T.);
#8374 = LINE('',#8375,#8376);
#8375 = CARTESIAN_POINT('',(12.499651561589,26.9,9.886386048859));
#8376 = VECTOR('',#8377,1.);
#8377 = DIRECTION('',(4.440892098501E-16,1.,-6.661338147751E-16));
#8378 = PLANE('',#8379);
#8379 = AXIS2_PLACEMENT_3D('',#8380,#8381,#8382);
#8380 = CARTESIAN_POINT('',(12.44433990671,26.9,9.393480221111));
#8381 = DIRECTION('',(0.993762690287,-7.115017793721E-16,-0.111515538796
    ));
#8382 = DIRECTION('',(0.111515538796,3.670350166433E-16,0.993762690287)
  );
#8383 = ADVANCED_FACE('',(#8384),#8395,.T.);
#8384 = FACE_BOUND('',#8385,.T.);
#8385 = EDGE_LOOP('',(#8386,#8387,#8388,#8394));
#8386 = ORIENTED_EDGE('',*,*,#2008,.F.);
#8387 = ORIENTED_EDGE('',*,*,#8373,.T.);
#8388 = ORIENTED_EDGE('',*,*,#8389,.T.);
#8389 = EDGE_CURVE('',#8366,#8341,#8390,.T.);
#8390 = LINE('',#8391,#8392);
#8391 = CARTESIAN_POINT('',(12.499651561589,29.,9.886386048859));
#8392 = VECTOR('',#8393,1.);
#8393 = DIRECTION('',(-0.149488971603,5.386788128541E-16,0.988763393016)
  );
#8394 = ORIENTED_EDGE('',*,*,#8340,.F.);
#8395 = PLANE('',#8396);
#8396 = AXIS2_PLACEMENT_3D('',#8397,#8398,#8399);
#8397 = CARTESIAN_POINT('',(12.499651561589,26.9,9.886386048859));
#8398 = DIRECTION('',(0.988763393016,-5.922622916194E-16,0.149488971603)
  );
#8399 = DIRECTION('',(-0.149488971603,5.386788128541E-16,0.988763393016)
  );
#8400 = ADVANCED_FACE('',(#8401),#8426,.T.);
#8401 = FACE_BOUND('',#8402,.T.);
#8402 = EDGE_LOOP('',(#8403,#8404,#8412,#8420));
#8403 = ORIENTED_EDGE('',*,*,#2120,.F.);
#8404 = ORIENTED_EDGE('',*,*,#8405,.T.);
#8405 = EDGE_CURVE('',#2121,#8406,#8408,.T.);
#8406 = VERTEX_POINT('',#8407);
#8407 = CARTESIAN_POINT('',(9.61866297655,29.,-17.47695348624));
#8408 = LINE('',#8409,#8410);
#8409 = CARTESIAN_POINT('',(9.61866297655,26.9,-17.47695348624));
#8410 = VECTOR('',#8411,1.);
#8411 = DIRECTION('',(4.440892098501E-16,1.,-6.661338147751E-16));
#8412 = ORIENTED_EDGE('',*,*,#8413,.T.);
#8413 = EDGE_CURVE('',#8406,#8414,#8416,.T.);
#8414 = VERTEX_POINT('',#8415);
#8415 = CARTESIAN_POINT('',(10.073187772493,29.,-17.67550510186));
#8416 = LINE('',#8417,#8418);
#8417 = CARTESIAN_POINT('',(9.61866297655,29.,-17.47695348624));
#8418 = VECTOR('',#8419,1.);
#8419 = DIRECTION('',(0.91638150452,-7.88204307338E-16,-0.40030605563));
#8420 = ORIENTED_EDGE('',*,*,#8421,.F.);
#8421 = EDGE_CURVE('',#2123,#8414,#8422,.T.);
#8422 = LINE('',#8423,#8424);
#8423 = CARTESIAN_POINT('',(10.073187772493,26.9,-17.67550510186));
#8424 = VECTOR('',#8425,1.);
#8425 = DIRECTION('',(4.440892098501E-16,1.,-6.661338147751E-16));
#8426 = PLANE('',#8427);
#8427 = AXIS2_PLACEMENT_3D('',#8428,#8429,#8430);
#8428 = CARTESIAN_POINT('',(9.61866297655,26.9,-17.47695348624));
#8429 = DIRECTION('',(-0.40030605563,-1.402977383493E-16,-0.91638150452)
  );
#8430 = DIRECTION('',(0.91638150452,-7.88204307338E-16,-0.40030605563));
#8431 = ADVANCED_FACE('',(#8432),#8450,.T.);
#8432 = FACE_BOUND('',#8433,.T.);
#8433 = EDGE_LOOP('',(#8434,#8435,#8443,#8449));
#8434 = ORIENTED_EDGE('',*,*,#2130,.F.);
#8435 = ORIENTED_EDGE('',*,*,#8436,.T.);
#8436 = EDGE_CURVE('',#2131,#8437,#8439,.T.);
#8437 = VERTEX_POINT('',#8438);
#8438 = CARTESIAN_POINT('',(6.46866297655,29.,-15.57695348624));
#8439 = LINE('',#8440,#8441);
#8440 = CARTESIAN_POINT('',(6.46866297655,26.9,-15.57695348624));
#8441 = VECTOR('',#8442,1.);
#8442 = DIRECTION('',(4.440892098501E-16,1.,-6.661338147751E-16));
#8443 = ORIENTED_EDGE('',*,*,#8444,.T.);
#8444 = EDGE_CURVE('',#8437,#8406,#8445,.T.);
#8445 = LINE('',#8446,#8447);
#8446 = CARTESIAN_POINT('',(6.46866297655,29.,-15.57695348624));
#8447 = VECTOR('',#8448,1.);
#8448 = DIRECTION('',(0.85629130855,-7.997736397868E-16,-0.516493170237)
  );
#8449 = ORIENTED_EDGE('',*,*,#8405,.F.);
#8450 = PLANE('',#8451);
#8451 = AXIS2_PLACEMENT_3D('',#8452,#8453,#8454);
#8452 = CARTESIAN_POINT('',(6.46866297655,26.9,-15.57695348624));
#8453 = DIRECTION('',(-0.516493170237,-3.621616482053E-17,-0.85629130855
    ));
#8454 = DIRECTION('',(0.85629130855,-7.997736397868E-16,-0.516493170237)
  );
#8455 = ADVANCED_FACE('',(#8456),#8474,.T.);
#8456 = FACE_BOUND('',#8457,.T.);
#8457 = EDGE_LOOP('',(#8458,#8459,#8460,#8468));
#8458 = ORIENTED_EDGE('',*,*,#2322,.F.);
#8459 = ORIENTED_EDGE('',*,*,#8421,.T.);
#8460 = ORIENTED_EDGE('',*,*,#8461,.T.);
#8461 = EDGE_CURVE('',#8414,#8462,#8464,.T.);
#8462 = VERTEX_POINT('',#8463);
#8463 = CARTESIAN_POINT('',(10.563613951141,29.,-17.74965156158));
#8464 = LINE('',#8465,#8466);
#8465 = CARTESIAN_POINT('',(10.073187772493,29.,-17.67550510186));
#8466 = VECTOR('',#8467,1.);
#8467 = DIRECTION('',(0.988763393016,-7.250351701804E-16,-0.149488971603
    ));
#8468 = ORIENTED_EDGE('',*,*,#8469,.F.);
#8469 = EDGE_CURVE('',#2315,#8462,#8470,.T.);
#8470 = LINE('',#8471,#8472);
#8471 = CARTESIAN_POINT('',(10.563613951141,26.9,-17.74965156158));
#8472 = VECTOR('',#8473,1.);
#8473 = DIRECTION('',(4.440892098501E-16,1.,-6.661338147751E-16));
#8474 = PLANE('',#8475);
#8475 = AXIS2_PLACEMENT_3D('',#8476,#8477,#8478);
#8476 = CARTESIAN_POINT('',(10.073187772493,26.9,-17.67550510186));
#8477 = DIRECTION('',(-0.149488971603,-3.395194950125E-16,
    -0.988763393016));
#8478 = DIRECTION('',(0.988763393016,-7.250351701804E-16,-0.149488971603
    ));
#8479 = ADVANCED_FACE('',(#8480),#8498,.T.);
#8480 = FACE_BOUND('',#8481,.T.);
#8481 = EDGE_LOOP('',(#8482,#8483,#8491,#8497));
#8482 = ORIENTED_EDGE('',*,*,#2138,.F.);
#8483 = ORIENTED_EDGE('',*,*,#8484,.T.);
#8484 = EDGE_CURVE('',#2139,#8485,#8487,.T.);
#8485 = VERTEX_POINT('',#8486);
#8486 = CARTESIAN_POINT('',(6.08101467702,29.,-15.2675276792));
#8487 = LINE('',#8488,#8489);
#8488 = CARTESIAN_POINT('',(6.08101467702,26.9,-15.2675276792));
#8489 = VECTOR('',#8490,1.);
#8490 = DIRECTION('',(4.440892098501E-16,1.,-6.661338147751E-16));
#8491 = ORIENTED_EDGE('',*,*,#8492,.T.);
#8492 = EDGE_CURVE('',#8485,#8437,#8493,.T.);
#8493 = LINE('',#8494,#8495);
#8494 = CARTESIAN_POINT('',(6.08101467702,29.,-15.2675276792));
#8495 = VECTOR('',#8496,1.);
#8496 = DIRECTION('',(0.781549730883,-7.976586235197E-16,-0.623842943502
    ));
#8497 = ORIENTED_EDGE('',*,*,#8436,.F.);
#8498 = PLANE('',#8499);
#8499 = AXIS2_PLACEMENT_3D('',#8500,#8501,#8502);
#8500 = CARTESIAN_POINT('',(6.08101467702,26.9,-15.2675276792));
#8501 = DIRECTION('',(-0.623842943502,6.848507732935E-17,-0.781549730883
    ));
#8502 = DIRECTION('',(0.781549730883,-7.976586235197E-16,-0.623842943502
    ));
#8503 = ADVANCED_FACE('',(#8504),#8522,.T.);
#8504 = FACE_BOUND('',#8505,.T.);
#8505 = EDGE_LOOP('',(#8506,#8507,#8508,#8516));
#8506 = ORIENTED_EDGE('',*,*,#2314,.F.);
#8507 = ORIENTED_EDGE('',*,*,#8469,.T.);
#8508 = ORIENTED_EDGE('',*,*,#8509,.T.);
#8509 = EDGE_CURVE('',#8462,#8510,#8512,.T.);
#8510 = VERTEX_POINT('',#8511);
#8511 = CARTESIAN_POINT('',(11.056519778889,29.,-17.69433990671));
#8512 = LINE('',#8513,#8514);
#8513 = CARTESIAN_POINT('',(10.563613951141,29.,-17.74965156158));
#8514 = VECTOR('',#8515,1.);
#8515 = DIRECTION('',(0.993762690287,-6.124560843523E-16,0.111515538796)
  );
#8516 = ORIENTED_EDGE('',*,*,#8517,.F.);
#8517 = EDGE_CURVE('',#2307,#8510,#8518,.T.);
#8518 = LINE('',#8519,#8520);
#8519 = CARTESIAN_POINT('',(11.056519778889,26.9,-17.69433990671));
#8520 = VECTOR('',#8521,1.);
#8521 = DIRECTION('',(4.440892098501E-16,1.,-6.661338147751E-16));
#8522 = PLANE('',#8523);
#8523 = AXIS2_PLACEMENT_3D('',#8524,#8525,#8526);
#8524 = CARTESIAN_POINT('',(10.563613951141,26.9,-17.74965156158));
#8525 = DIRECTION('',(0.111515538796,-5.15603559173E-16,-0.993762690287)
  );
#8526 = DIRECTION('',(0.993762690287,-6.124560843523E-16,0.111515538796)
  );
#8527 = ADVANCED_FACE('',(#8528),#8546,.T.);
#8528 = FACE_BOUND('',#8529,.T.);
#8529 = EDGE_LOOP('',(#8530,#8531,#8539,#8545));
#8530 = ORIENTED_EDGE('',*,*,#2146,.F.);
#8531 = ORIENTED_EDGE('',*,*,#8532,.T.);
#8532 = EDGE_CURVE('',#2147,#8533,#8535,.T.);
#8533 = VERTEX_POINT('',#8534);
#8534 = CARTESIAN_POINT('',(5.786660464896,29.,-14.86831453813));
#8535 = LINE('',#8536,#8537);
#8536 = CARTESIAN_POINT('',(5.786660464896,26.9,-14.86831453813));
#8537 = VECTOR('',#8538,1.);
#8538 = DIRECTION('',(4.440892098501E-16,1.,-6.661338147751E-16));
#8539 = ORIENTED_EDGE('',*,*,#8540,.T.);
#8540 = EDGE_CURVE('',#8533,#8485,#8541,.T.);
#8541 = LINE('',#8542,#8543);
#8542 = CARTESIAN_POINT('',(5.786660464896,29.,-14.86831453813));
#8543 = VECTOR('',#8544,1.);
#8544 = DIRECTION('',(0.593456634658,-7.527538227017E-16,-0.804865965724
    ));
#8545 = ORIENTED_EDGE('',*,*,#8484,.F.);
#8546 = PLANE('',#8547);
#8547 = AXIS2_PLACEMENT_3D('',#8548,#8549,#8550);
#8548 = CARTESIAN_POINT('',(5.786660464896,26.9,-14.86831453813));
#8549 = DIRECTION('',(-0.804865965724,2.72600748165E-16,-0.593456634658)
  );
#8550 = DIRECTION('',(0.593456634658,-7.527538227017E-16,-0.804865965724
    ));
#8551 = ADVANCED_FACE('',(#8552),#8570,.T.);
#8552 = FACE_BOUND('',#8553,.T.);
#8553 = EDGE_LOOP('',(#8554,#8555,#8556,#8564));
#8554 = ORIENTED_EDGE('',*,*,#2306,.F.);
#8555 = ORIENTED_EDGE('',*,*,#8517,.T.);
#8556 = ORIENTED_EDGE('',*,*,#8557,.T.);
#8557 = EDGE_CURVE('',#8510,#8558,#8560,.T.);
#8558 = VERTEX_POINT('',#8559);
#8559 = CARTESIAN_POINT('',(11.51831453814,29.,-17.5133395351));
#8560 = LINE('',#8561,#8562);
#8561 = CARTESIAN_POINT('',(11.056519778889,29.,-17.69433990671));
#8562 = VECTOR('',#8563,1.);
#8563 = DIRECTION('',(0.931038702486,-4.581391285072E-16,0.364920449514)
  );
#8564 = ORIENTED_EDGE('',*,*,#8565,.F.);
#8565 = EDGE_CURVE('',#2299,#8558,#8566,.T.);
#8566 = LINE('',#8567,#8568);
#8567 = CARTESIAN_POINT('',(11.51831453814,26.9,-17.5133395351));
#8568 = VECTOR('',#8569,1.);
#8569 = DIRECTION('',(4.440892098501E-16,1.,-6.661338147751E-16));
#8570 = PLANE('',#8571);
#8571 = AXIS2_PLACEMENT_3D('',#8572,#8573,#8574);
#8572 = CARTESIAN_POINT('',(11.056519778889,26.9,-17.69433990671));
#8573 = DIRECTION('',(0.364920449514,-6.565500928511E-16,-0.931038702486
    ));
#8574 = DIRECTION('',(0.931038702486,-4.581391285072E-16,0.364920449514)
  );
#8575 = ADVANCED_FACE('',(#8576),#8594,.T.);
#8576 = FACE_BOUND('',#8577,.T.);
#8577 = EDGE_LOOP('',(#8578,#8579,#8587,#8593));
#8578 = ORIENTED_EDGE('',*,*,#2154,.F.);
#8579 = ORIENTED_EDGE('',*,*,#8580,.T.);
#8580 = EDGE_CURVE('',#2155,#8581,#8583,.T.);
#8581 = VERTEX_POINT('',#8582);
#8582 = CARTESIAN_POINT('',(5.60566009329,29.,-14.40651977888));
#8583 = LINE('',#8584,#8585);
#8584 = CARTESIAN_POINT('',(5.60566009329,26.9,-14.40651977888));
#8585 = VECTOR('',#8586,1.);
#8586 = DIRECTION('',(4.440892098501E-16,1.,-6.661338147751E-16));
#8587 = ORIENTED_EDGE('',*,*,#8588,.T.);
#8588 = EDGE_CURVE('',#8581,#8533,#8589,.T.);
#8589 = LINE('',#8590,#8591);
#8590 = CARTESIAN_POINT('',(5.60566009329,29.,-14.40651977888));
#8591 = VECTOR('',#8592,1.);
#8592 = DIRECTION('',(0.364920449514,-6.565500928511E-16,-0.931038702486
    ));
#8593 = ORIENTED_EDGE('',*,*,#8532,.F.);
#8594 = PLANE('',#8595);
#8595 = AXIS2_PLACEMENT_3D('',#8596,#8597,#8598);
#8596 = CARTESIAN_POINT('',(5.60566009329,26.9,-14.40651977888));
#8597 = DIRECTION('',(-0.931038702486,4.581391285072E-16,-0.364920449514
    ));
#8598 = DIRECTION('',(0.364920449514,-6.565500928511E-16,-0.931038702486
    ));
#8599 = ADVANCED_FACE('',(#8600),#8618,.T.);
#8600 = FACE_BOUND('',#8601,.T.);
#8601 = EDGE_LOOP('',(#8602,#8603,#8604,#8612));
#8602 = ORIENTED_EDGE('',*,*,#2298,.F.);
#8603 = ORIENTED_EDGE('',*,*,#8565,.T.);
#8604 = ORIENTED_EDGE('',*,*,#8605,.T.);
#8605 = EDGE_CURVE('',#8558,#8606,#8608,.T.);
#8606 = VERTEX_POINT('',#8607);
#8607 = CARTESIAN_POINT('',(11.917527679203,29.,-17.21898532298));
#8608 = LINE('',#8609,#8610);
#8609 = CARTESIAN_POINT('',(11.51831453814,29.,-17.5133395351));
#8610 = VECTOR('',#8611,1.);
#8611 = DIRECTION('',(0.804865965724,-2.72600748165E-16,0.593456634658)
  );
#8612 = ORIENTED_EDGE('',*,*,#8613,.F.);
#8613 = EDGE_CURVE('',#2291,#8606,#8614,.T.);
#8614 = LINE('',#8615,#8616);
#8615 = CARTESIAN_POINT('',(11.917527679203,26.9,-17.21898532298));
#8616 = VECTOR('',#8617,1.);
#8617 = DIRECTION('',(4.440892098501E-16,1.,-6.661338147751E-16));
#8618 = PLANE('',#8619);
#8619 = AXIS2_PLACEMENT_3D('',#8620,#8621,#8622);
#8620 = CARTESIAN_POINT('',(11.51831453814,26.9,-17.5133395351));
#8621 = DIRECTION('',(0.593456634658,-7.527538227017E-16,-0.804865965724
    ));
#8622 = DIRECTION('',(0.804865965724,-2.72600748165E-16,0.593456634658)
  );
#8623 = ADVANCED_FACE('',(#8624),#8642,.T.);
#8624 = FACE_BOUND('',#8625,.T.);
#8625 = EDGE_LOOP('',(#8626,#8627,#8635,#8641));
#8626 = ORIENTED_EDGE('',*,*,#2162,.F.);
#8627 = ORIENTED_EDGE('',*,*,#8628,.T.);
#8628 = EDGE_CURVE('',#2163,#8629,#8631,.T.);
#8629 = VERTEX_POINT('',#8630);
#8630 = CARTESIAN_POINT('',(5.550348438411,29.,-13.91361395114));
#8631 = LINE('',#8632,#8633);
#8632 = CARTESIAN_POINT('',(5.550348438411,26.9,-13.91361395114));
#8633 = VECTOR('',#8634,1.);
#8634 = DIRECTION('',(4.440892098501E-16,1.,-6.661338147751E-16));
#8635 = ORIENTED_EDGE('',*,*,#8636,.T.);
#8636 = EDGE_CURVE('',#8629,#8581,#8637,.T.);
#8637 = LINE('',#8638,#8639);
#8638 = CARTESIAN_POINT('',(5.550348438411,29.,-13.91361395114));
#8639 = VECTOR('',#8640,1.);
#8640 = DIRECTION('',(0.111515538796,-5.15603559173E-16,-0.993762690287)
  );
#8641 = ORIENTED_EDGE('',*,*,#8580,.F.);
#8642 = PLANE('',#8643);
#8643 = AXIS2_PLACEMENT_3D('',#8644,#8645,#8646);
#8644 = CARTESIAN_POINT('',(5.550348438411,26.9,-13.91361395114));
#8645 = DIRECTION('',(-0.993762690287,6.124560843523E-16,-0.111515538796
    ));
#8646 = DIRECTION('',(0.111515538796,-5.15603559173E-16,-0.993762690287)
  );
#8647 = ADVANCED_FACE('',(#8648),#8666,.T.);
#8648 = FACE_BOUND('',#8649,.T.);
#8649 = EDGE_LOOP('',(#8650,#8651,#8652,#8660));
#8650 = ORIENTED_EDGE('',*,*,#2290,.F.);
#8651 = ORIENTED_EDGE('',*,*,#8613,.T.);
#8652 = ORIENTED_EDGE('',*,*,#8653,.T.);
#8653 = EDGE_CURVE('',#8606,#8654,#8656,.T.);
#8654 = VERTEX_POINT('',#8655);
#8655 = CARTESIAN_POINT('',(12.226953486246,29.,-16.83133702345));
#8656 = LINE('',#8657,#8658);
#8657 = CARTESIAN_POINT('',(11.917527679203,29.,-17.21898532298));
#8658 = VECTOR('',#8659,1.);
#8659 = DIRECTION('',(0.623842943502,-6.848507732935E-17,0.781549730883)
  );
#8660 = ORIENTED_EDGE('',*,*,#8661,.F.);
#8661 = EDGE_CURVE('',#2283,#8654,#8662,.T.);
#8662 = LINE('',#8663,#8664);
#8663 = CARTESIAN_POINT('',(12.226953486246,26.9,-16.83133702345));
#8664 = VECTOR('',#8665,1.);
#8665 = DIRECTION('',(4.440892098501E-16,1.,-6.661338147751E-16));
#8666 = PLANE('',#8667);
#8667 = AXIS2_PLACEMENT_3D('',#8668,#8669,#8670);
#8668 = CARTESIAN_POINT('',(11.917527679203,26.9,-17.21898532298));
#8669 = DIRECTION('',(0.781549730883,-7.976586235197E-16,-0.623842943502
    ));
#8670 = DIRECTION('',(0.623842943502,-6.848507732935E-17,0.781549730883)
  );
#8671 = ADVANCED_FACE('',(#8672),#8690,.T.);
#8672 = FACE_BOUND('',#8673,.T.);
#8673 = EDGE_LOOP('',(#8674,#8675,#8683,#8689));
#8674 = ORIENTED_EDGE('',*,*,#2170,.F.);
#8675 = ORIENTED_EDGE('',*,*,#8676,.T.);
#8676 = EDGE_CURVE('',#2171,#8677,#8679,.T.);
#8677 = VERTEX_POINT('',#8678);
#8678 = CARTESIAN_POINT('',(5.624494898131,29.,-13.42318777249));
#8679 = LINE('',#8680,#8681);
#8680 = CARTESIAN_POINT('',(5.624494898131,26.9,-13.42318777249));
#8681 = VECTOR('',#8682,1.);
#8682 = DIRECTION('',(4.440892098501E-16,1.,-6.661338147751E-16));
#8683 = ORIENTED_EDGE('',*,*,#8684,.T.);
#8684 = EDGE_CURVE('',#8677,#8629,#8685,.T.);
#8685 = LINE('',#8686,#8687);
#8686 = CARTESIAN_POINT('',(5.624494898131,29.,-13.42318777249));
#8687 = VECTOR('',#8688,1.);
#8688 = DIRECTION('',(-0.149488971603,-3.395194950125E-16,
    -0.988763393016));
#8689 = ORIENTED_EDGE('',*,*,#8628,.F.);
#8690 = PLANE('',#8691);
#8691 = AXIS2_PLACEMENT_3D('',#8692,#8693,#8694);
#8692 = CARTESIAN_POINT('',(5.624494898131,26.9,-13.42318777249));
#8693 = DIRECTION('',(-0.988763393016,7.250351701804E-16,0.149488971603)
  );
#8694 = DIRECTION('',(-0.149488971603,-3.395194950125E-16,
    -0.988763393016));
#8695 = ADVANCED_FACE('',(#8696),#8714,.T.);
#8696 = FACE_BOUND('',#8697,.T.);
#8697 = EDGE_LOOP('',(#8698,#8699,#8700,#8708));
#8698 = ORIENTED_EDGE('',*,*,#2282,.F.);
#8699 = ORIENTED_EDGE('',*,*,#8661,.T.);
#8700 = ORIENTED_EDGE('',*,*,#8701,.T.);
#8701 = EDGE_CURVE('',#8654,#8702,#8704,.T.);
#8702 = VERTEX_POINT('',#8703);
#8703 = CARTESIAN_POINT('',(12.425505101869,29.,-16.3768122275));
#8704 = LINE('',#8705,#8706);
#8705 = CARTESIAN_POINT('',(12.226953486246,29.,-16.83133702345));
#8706 = VECTOR('',#8707,1.);
#8707 = DIRECTION('',(0.40030605563,1.402977383493E-16,0.91638150452));
#8708 = ORIENTED_EDGE('',*,*,#8709,.F.);
#8709 = EDGE_CURVE('',#2275,#8702,#8710,.T.);
#8710 = LINE('',#8711,#8712);
#8711 = CARTESIAN_POINT('',(12.425505101869,26.9,-16.3768122275));
#8712 = VECTOR('',#8713,1.);
#8713 = DIRECTION('',(4.440892098501E-16,1.,-6.661338147751E-16));
#8714 = PLANE('',#8715);
#8715 = AXIS2_PLACEMENT_3D('',#8716,#8717,#8718);
#8716 = CARTESIAN_POINT('',(12.226953486246,26.9,-16.83133702345));
#8717 = DIRECTION('',(0.91638150452,-7.88204307338E-16,-0.40030605563));
#8718 = DIRECTION('',(0.40030605563,1.402977383493E-16,0.91638150452));
#8719 = ADVANCED_FACE('',(#8720),#8738,.T.);
#8720 = FACE_BOUND('',#8721,.T.);
#8721 = EDGE_LOOP('',(#8722,#8723,#8731,#8737));
#8722 = ORIENTED_EDGE('',*,*,#2178,.F.);
#8723 = ORIENTED_EDGE('',*,*,#8724,.T.);
#8724 = EDGE_CURVE('',#2179,#8725,#8727,.T.);
#8725 = VERTEX_POINT('',#8726);
#8726 = CARTESIAN_POINT('',(5.823046513754,29.,-12.96866297655));
#8727 = LINE('',#8728,#8729);
#8728 = CARTESIAN_POINT('',(5.823046513754,26.9,-12.96866297655));
#8729 = VECTOR('',#8730,1.);
#8730 = DIRECTION('',(4.440892098501E-16,1.,-6.661338147751E-16));
#8731 = ORIENTED_EDGE('',*,*,#8732,.T.);
#8732 = EDGE_CURVE('',#8725,#8677,#8733,.T.);
#8733 = LINE('',#8734,#8735);
#8734 = CARTESIAN_POINT('',(5.823046513754,29.,-12.96866297655));
#8735 = VECTOR('',#8736,1.);
#8736 = DIRECTION('',(-0.40030605563,-1.402977383493E-16,-0.91638150452)
  );
#8737 = ORIENTED_EDGE('',*,*,#8676,.F.);
#8738 = PLANE('',#8739);
#8739 = AXIS2_PLACEMENT_3D('',#8740,#8741,#8742);
#8740 = CARTESIAN_POINT('',(5.823046513754,26.9,-12.96866297655));
#8741 = DIRECTION('',(-0.91638150452,7.88204307338E-16,0.40030605563));
#8742 = DIRECTION('',(-0.40030605563,-1.402977383493E-16,-0.91638150452)
  );
#8743 = ADVANCED_FACE('',(#8744),#8762,.T.);
#8744 = FACE_BOUND('',#8745,.T.);
#8745 = EDGE_LOOP('',(#8746,#8747,#8748,#8756));
#8746 = ORIENTED_EDGE('',*,*,#2274,.F.);
#8747 = ORIENTED_EDGE('',*,*,#8709,.T.);
#8748 = ORIENTED_EDGE('',*,*,#8749,.T.);
#8749 = EDGE_CURVE('',#8702,#8750,#8752,.T.);
#8750 = VERTEX_POINT('',#8751);
#8751 = CARTESIAN_POINT('',(12.499651561589,29.,-15.88638604885));
#8752 = LINE('',#8753,#8754);
#8753 = CARTESIAN_POINT('',(12.425505101869,29.,-16.3768122275));
#8754 = VECTOR('',#8755,1.);
#8755 = DIRECTION('',(0.149488971603,3.395194950125E-16,0.988763393016)
  );
#8756 = ORIENTED_EDGE('',*,*,#8757,.F.);
#8757 = EDGE_CURVE('',#2267,#8750,#8758,.T.);
#8758 = LINE('',#8759,#8760);
#8759 = CARTESIAN_POINT('',(12.499651561589,26.9,-15.88638604885));
#8760 = VECTOR('',#8761,1.);
#8761 = DIRECTION('',(4.440892098501E-16,1.,-6.661338147751E-16));
#8762 = PLANE('',#8763);
#8763 = AXIS2_PLACEMENT_3D('',#8764,#8765,#8766);
#8764 = CARTESIAN_POINT('',(12.425505101869,26.9,-16.3768122275));
#8765 = DIRECTION('',(0.988763393016,-7.250351701804E-16,-0.149488971603
    ));
#8766 = DIRECTION('',(0.149488971603,3.395194950125E-16,0.988763393016)
  );
#8767 = ADVANCED_FACE('',(#8768),#8786,.T.);
#8768 = FACE_BOUND('',#8769,.T.);
#8769 = EDGE_LOOP('',(#8770,#8771,#8779,#8785));
#8770 = ORIENTED_EDGE('',*,*,#2186,.F.);
#8771 = ORIENTED_EDGE('',*,*,#8772,.T.);
#8772 = EDGE_CURVE('',#2187,#8773,#8775,.T.);
#8773 = VERTEX_POINT('',#8774);
#8774 = CARTESIAN_POINT('',(6.132472320797,29.,-12.58101467702));
#8775 = LINE('',#8776,#8777);
#8776 = CARTESIAN_POINT('',(6.132472320797,26.9,-12.58101467702));
#8777 = VECTOR('',#8778,1.);
#8778 = DIRECTION('',(4.440892098501E-16,1.,-6.661338147751E-16));
#8779 = ORIENTED_EDGE('',*,*,#8780,.T.);
#8780 = EDGE_CURVE('',#8773,#8725,#8781,.T.);
#8781 = LINE('',#8782,#8783);
#8782 = CARTESIAN_POINT('',(6.132472320797,29.,-12.58101467702));
#8783 = VECTOR('',#8784,1.);
#8784 = DIRECTION('',(-0.623842943502,6.848507732935E-17,-0.781549730883
    ));
#8785 = ORIENTED_EDGE('',*,*,#8724,.F.);
#8786 = PLANE('',#8787);
#8787 = AXIS2_PLACEMENT_3D('',#8788,#8789,#8790);
#8788 = CARTESIAN_POINT('',(6.132472320797,26.9,-12.58101467702));
#8789 = DIRECTION('',(-0.781549730883,7.976586235197E-16,0.623842943502)
  );
#8790 = DIRECTION('',(-0.623842943502,6.848507732935E-17,-0.781549730883
    ));
#8791 = ADVANCED_FACE('',(#8792),#8810,.T.);
#8792 = FACE_BOUND('',#8793,.T.);
#8793 = EDGE_LOOP('',(#8794,#8795,#8796,#8804));
#8794 = ORIENTED_EDGE('',*,*,#2266,.F.);
#8795 = ORIENTED_EDGE('',*,*,#8757,.T.);
#8796 = ORIENTED_EDGE('',*,*,#8797,.T.);
#8797 = EDGE_CURVE('',#8750,#8798,#8800,.T.);
#8798 = VERTEX_POINT('',#8799);
#8799 = CARTESIAN_POINT('',(12.44433990671,29.,-15.39348022111));
#8800 = LINE('',#8801,#8802);
#8801 = CARTESIAN_POINT('',(12.499651561589,29.,-15.88638604885));
#8802 = VECTOR('',#8803,1.);
#8803 = DIRECTION('',(-0.111515538796,5.15603559173E-16,0.993762690287)
  );
#8804 = ORIENTED_EDGE('',*,*,#8805,.F.);
#8805 = EDGE_CURVE('',#2259,#8798,#8806,.T.);
#8806 = LINE('',#8807,#8808);
#8807 = CARTESIAN_POINT('',(12.44433990671,26.9,-15.39348022111));
#8808 = VECTOR('',#8809,1.);
#8809 = DIRECTION('',(4.440892098501E-16,1.,-6.661338147751E-16));
#8810 = PLANE('',#8811);
#8811 = AXIS2_PLACEMENT_3D('',#8812,#8813,#8814);
#8812 = CARTESIAN_POINT('',(12.499651561589,26.9,-15.88638604885));
#8813 = DIRECTION('',(0.993762690287,-6.124560843523E-16,0.111515538796)
  );
#8814 = DIRECTION('',(-0.111515538796,5.15603559173E-16,0.993762690287)
  );
#8815 = ADVANCED_FACE('',(#8816),#8834,.T.);
#8816 = FACE_BOUND('',#8817,.T.);
#8817 = EDGE_LOOP('',(#8818,#8819,#8827,#8833));
#8818 = ORIENTED_EDGE('',*,*,#2194,.F.);
#8819 = ORIENTED_EDGE('',*,*,#8820,.T.);
#8820 = EDGE_CURVE('',#2195,#8821,#8823,.T.);
#8821 = VERTEX_POINT('',#8822);
#8822 = CARTESIAN_POINT('',(6.531685461861,29.,-12.28666046489));
#8823 = LINE('',#8824,#8825);
#8824 = CARTESIAN_POINT('',(6.531685461861,26.9,-12.28666046489));
#8825 = VECTOR('',#8826,1.);
#8826 = DIRECTION('',(4.440892098501E-16,1.,-6.661338147751E-16));
#8827 = ORIENTED_EDGE('',*,*,#8828,.T.);
#8828 = EDGE_CURVE('',#8821,#8773,#8829,.T.);
#8829 = LINE('',#8830,#8831);
#8830 = CARTESIAN_POINT('',(6.531685461861,29.,-12.28666046489));
#8831 = VECTOR('',#8832,1.);
#8832 = DIRECTION('',(-0.804865965724,2.72600748165E-16,-0.593456634658)
  );
#8833 = ORIENTED_EDGE('',*,*,#8772,.F.);
#8834 = PLANE('',#8835);
#8835 = AXIS2_PLACEMENT_3D('',#8836,#8837,#8838);
#8836 = CARTESIAN_POINT('',(6.531685461861,26.9,-12.28666046489));
#8837 = DIRECTION('',(-0.593456634658,7.527538227017E-16,0.804865965724)
  );
#8838 = DIRECTION('',(-0.804865965724,2.72600748165E-16,-0.593456634658)
  );
#8839 = ADVANCED_FACE('',(#8840),#8858,.T.);
#8840 = FACE_BOUND('',#8841,.T.);
#8841 = EDGE_LOOP('',(#8842,#8843,#8844,#8852));
#8842 = ORIENTED_EDGE('',*,*,#2258,.F.);
#8843 = ORIENTED_EDGE('',*,*,#8805,.T.);
#8844 = ORIENTED_EDGE('',*,*,#8845,.T.);
#8845 = EDGE_CURVE('',#8798,#8846,#8848,.T.);
#8846 = VERTEX_POINT('',#8847);
#8847 = CARTESIAN_POINT('',(12.263339535105,29.,-14.93168546186));
#8848 = LINE('',#8849,#8850);
#8849 = CARTESIAN_POINT('',(12.44433990671,29.,-15.39348022111));
#8850 = VECTOR('',#8851,1.);
#8851 = DIRECTION('',(-0.364920449514,6.565500928511E-16,0.931038702486)
  );
#8852 = ORIENTED_EDGE('',*,*,#8853,.F.);
#8853 = EDGE_CURVE('',#2251,#8846,#8854,.T.);
#8854 = LINE('',#8855,#8856);
#8855 = CARTESIAN_POINT('',(12.263339535105,26.9,-14.93168546186));
#8856 = VECTOR('',#8857,1.);
#8857 = DIRECTION('',(4.440892098501E-16,1.,-6.661338147751E-16));
#8858 = PLANE('',#8859);
#8859 = AXIS2_PLACEMENT_3D('',#8860,#8861,#8862);
#8860 = CARTESIAN_POINT('',(12.44433990671,26.9,-15.39348022111));
#8861 = DIRECTION('',(0.931038702486,-4.581391285072E-16,0.364920449514)
  );
#8862 = DIRECTION('',(-0.364920449514,6.565500928511E-16,0.931038702486)
  );
#8863 = ADVANCED_FACE('',(#8864),#8882,.T.);
#8864 = FACE_BOUND('',#8865,.T.);
#8865 = EDGE_LOOP('',(#8866,#8867,#8875,#8881));
#8866 = ORIENTED_EDGE('',*,*,#2202,.F.);
#8867 = ORIENTED_EDGE('',*,*,#8868,.T.);
#8868 = EDGE_CURVE('',#2203,#8869,#8871,.T.);
#8869 = VERTEX_POINT('',#8870);
#8870 = CARTESIAN_POINT('',(6.993480221111,29.,-12.10566009329));
#8871 = LINE('',#8872,#8873);
#8872 = CARTESIAN_POINT('',(6.993480221111,26.9,-12.10566009329));
#8873 = VECTOR('',#8874,1.);
#8874 = DIRECTION('',(4.440892098501E-16,1.,-6.661338147751E-16));
#8875 = ORIENTED_EDGE('',*,*,#8876,.T.);
#8876 = EDGE_CURVE('',#8869,#8821,#8877,.T.);
#8877 = LINE('',#8878,#8879);
#8878 = CARTESIAN_POINT('',(6.993480221111,29.,-12.10566009329));
#8879 = VECTOR('',#8880,1.);
#8880 = DIRECTION('',(-0.931038702486,4.581391285072E-16,-0.364920449514
    ));
#8881 = ORIENTED_EDGE('',*,*,#8820,.F.);
#8882 = PLANE('',#8883);
#8883 = AXIS2_PLACEMENT_3D('',#8884,#8885,#8886);
#8884 = CARTESIAN_POINT('',(6.993480221111,26.9,-12.10566009329));
#8885 = DIRECTION('',(-0.364920449514,6.565500928511E-16,0.931038702486)
  );
#8886 = DIRECTION('',(-0.931038702486,4.581391285072E-16,-0.364920449514
    ));
#8887 = ADVANCED_FACE('',(#8888),#8906,.T.);
#8888 = FACE_BOUND('',#8889,.T.);
#8889 = EDGE_LOOP('',(#8890,#8891,#8892,#8900));
#8890 = ORIENTED_EDGE('',*,*,#2250,.F.);
#8891 = ORIENTED_EDGE('',*,*,#8853,.T.);
#8892 = ORIENTED_EDGE('',*,*,#8893,.T.);
#8893 = EDGE_CURVE('',#8846,#8894,#8896,.T.);
#8894 = VERTEX_POINT('',#8895);
#8895 = CARTESIAN_POINT('',(11.96898532298,29.,-14.53247232079));
#8896 = LINE('',#8897,#8898);
#8897 = CARTESIAN_POINT('',(12.263339535105,29.,-14.93168546186));
#8898 = VECTOR('',#8899,1.);
#8899 = DIRECTION('',(-0.593456634658,7.527538227017E-16,0.804865965724)
  );
#8900 = ORIENTED_EDGE('',*,*,#8901,.F.);
#8901 = EDGE_CURVE('',#2243,#8894,#8902,.T.);
#8902 = LINE('',#8903,#8904);
#8903 = CARTESIAN_POINT('',(11.96898532298,26.9,-14.53247232079));
#8904 = VECTOR('',#8905,1.);
#8905 = DIRECTION('',(4.440892098501E-16,1.,-6.661338147751E-16));
#8906 = PLANE('',#8907);
#8907 = AXIS2_PLACEMENT_3D('',#8908,#8909,#8910);
#8908 = CARTESIAN_POINT('',(12.263339535105,26.9,-14.93168546186));
#8909 = DIRECTION('',(0.804865965724,-2.72600748165E-16,0.593456634658)
  );
#8910 = DIRECTION('',(-0.593456634658,7.527538227017E-16,0.804865965724)
  );
#8911 = ADVANCED_FACE('',(#8912),#8930,.T.);
#8912 = FACE_BOUND('',#8913,.T.);
#8913 = EDGE_LOOP('',(#8914,#8915,#8923,#8929));
#8914 = ORIENTED_EDGE('',*,*,#2210,.F.);
#8915 = ORIENTED_EDGE('',*,*,#8916,.T.);
#8916 = EDGE_CURVE('',#2211,#8917,#8919,.T.);
#8917 = VERTEX_POINT('',#8918);
#8918 = CARTESIAN_POINT('',(7.486386048859,29.,-12.05034843841));
#8919 = LINE('',#8920,#8921);
#8920 = CARTESIAN_POINT('',(7.486386048859,26.9,-12.05034843841));
#8921 = VECTOR('',#8922,1.);
#8922 = DIRECTION('',(4.440892098501E-16,1.,-6.661338147751E-16));
#8923 = ORIENTED_EDGE('',*,*,#8924,.T.);
#8924 = EDGE_CURVE('',#8917,#8869,#8925,.T.);
#8925 = LINE('',#8926,#8927);
#8926 = CARTESIAN_POINT('',(7.486386048859,29.,-12.05034843841));
#8927 = VECTOR('',#8928,1.);
#8928 = DIRECTION('',(-0.993762690287,6.124560843523E-16,-0.111515538796
    ));
#8929 = ORIENTED_EDGE('',*,*,#8868,.F.);
#8930 = PLANE('',#8931);
#8931 = AXIS2_PLACEMENT_3D('',#8932,#8933,#8934);
#8932 = CARTESIAN_POINT('',(7.486386048859,26.9,-12.05034843841));
#8933 = DIRECTION('',(-0.111515538796,5.15603559173E-16,0.993762690287)
  );
#8934 = DIRECTION('',(-0.993762690287,6.124560843523E-16,-0.111515538796
    ));
#8935 = ADVANCED_FACE('',(#8936),#8954,.T.);
#8936 = FACE_BOUND('',#8937,.T.);
#8937 = EDGE_LOOP('',(#8938,#8939,#8940,#8948));
#8938 = ORIENTED_EDGE('',*,*,#2242,.F.);
#8939 = ORIENTED_EDGE('',*,*,#8901,.T.);
#8940 = ORIENTED_EDGE('',*,*,#8941,.T.);
#8941 = EDGE_CURVE('',#8894,#8942,#8944,.T.);
#8942 = VERTEX_POINT('',#8943);
#8943 = CARTESIAN_POINT('',(11.58133702345,29.,-14.22304651375));
#8944 = LINE('',#8945,#8946);
#8945 = CARTESIAN_POINT('',(11.96898532298,29.,-14.53247232079));
#8946 = VECTOR('',#8947,1.);
#8947 = DIRECTION('',(-0.781549730883,7.976586235197E-16,0.623842943502)
  );
#8948 = ORIENTED_EDGE('',*,*,#8949,.F.);
#8949 = EDGE_CURVE('',#2235,#8942,#8950,.T.);
#8950 = LINE('',#8951,#8952);
#8951 = CARTESIAN_POINT('',(11.58133702345,26.9,-14.22304651375));
#8952 = VECTOR('',#8953,1.);
#8953 = DIRECTION('',(4.440892098501E-16,1.,-6.661338147751E-16));
#8954 = PLANE('',#8955);
#8955 = AXIS2_PLACEMENT_3D('',#8956,#8957,#8958);
#8956 = CARTESIAN_POINT('',(11.96898532298,26.9,-14.53247232079));
#8957 = DIRECTION('',(0.623842943502,-6.848507732935E-17,0.781549730883)
  );
#8958 = DIRECTION('',(-0.781549730883,7.976586235197E-16,0.623842943502)
  );
#8959 = ADVANCED_FACE('',(#8960),#8978,.T.);
#8960 = FACE_BOUND('',#8961,.T.);
#8961 = EDGE_LOOP('',(#8962,#8963,#8971,#8977));
#8962 = ORIENTED_EDGE('',*,*,#2218,.F.);
#8963 = ORIENTED_EDGE('',*,*,#8964,.T.);
#8964 = EDGE_CURVE('',#2219,#8965,#8967,.T.);
#8965 = VERTEX_POINT('',#8966);
#8966 = CARTESIAN_POINT('',(7.976812227507,29.,-12.12449489813));
#8967 = LINE('',#8968,#8969);
#8968 = CARTESIAN_POINT('',(7.976812227507,26.9,-12.12449489813));
#8969 = VECTOR('',#8970,1.);
#8970 = DIRECTION('',(4.440892098501E-16,1.,-6.661338147751E-16));
#8971 = ORIENTED_EDGE('',*,*,#8972,.T.);
#8972 = EDGE_CURVE('',#8965,#8917,#8973,.T.);
#8973 = LINE('',#8974,#8975);
#8974 = CARTESIAN_POINT('',(7.976812227507,29.,-12.12449489813));
#8975 = VECTOR('',#8976,1.);
#8976 = DIRECTION('',(-0.988763393016,7.250351701804E-16,0.149488971603)
  );
#8977 = ORIENTED_EDGE('',*,*,#8916,.F.);
#8978 = PLANE('',#8979);
#8979 = AXIS2_PLACEMENT_3D('',#8980,#8981,#8982);
#8980 = CARTESIAN_POINT('',(7.976812227507,26.9,-12.12449489813));
#8981 = DIRECTION('',(0.149488971603,3.395194950125E-16,0.988763393016)
  );
#8982 = DIRECTION('',(-0.988763393016,7.250351701804E-16,0.149488971603)
  );
#8983 = ADVANCED_FACE('',(#8984),#9002,.T.);
#8984 = FACE_BOUND('',#8985,.T.);
#8985 = EDGE_LOOP('',(#8986,#8987,#8988,#8996));
#8986 = ORIENTED_EDGE('',*,*,#2234,.F.);
#8987 = ORIENTED_EDGE('',*,*,#8949,.T.);
#8988 = ORIENTED_EDGE('',*,*,#8989,.T.);
#8989 = EDGE_CURVE('',#8942,#8990,#8992,.T.);
#8990 = VERTEX_POINT('',#8991);
#8991 = CARTESIAN_POINT('',(8.43133702345,29.,-12.32304651375));
#8992 = LINE('',#8993,#8994);
#8993 = CARTESIAN_POINT('',(11.58133702345,29.,-14.22304651375));
#8994 = VECTOR('',#8995,1.);
#8995 = DIRECTION('',(-0.85629130855,7.997736397868E-16,0.516493170237)
  );
#8996 = ORIENTED_EDGE('',*,*,#8997,.F.);
#8997 = EDGE_CURVE('',#2227,#8990,#8998,.T.);
#8998 = LINE('',#8999,#9000);
#8999 = CARTESIAN_POINT('',(8.43133702345,26.9,-12.32304651375));
#9000 = VECTOR('',#9001,1.);
#9001 = DIRECTION('',(4.440892098501E-16,1.,-6.661338147751E-16));
#9002 = PLANE('',#9003);
#9003 = AXIS2_PLACEMENT_3D('',#9004,#9005,#9006);
#9004 = CARTESIAN_POINT('',(11.58133702345,26.9,-14.22304651375));
#9005 = DIRECTION('',(0.516493170237,3.621616482053E-17,0.85629130855));
#9006 = DIRECTION('',(-0.85629130855,7.997736397868E-16,0.516493170237)
  );
#9007 = ADVANCED_FACE('',(#9008),#9019,.T.);
#9008 = FACE_BOUND('',#9009,.T.);
#9009 = EDGE_LOOP('',(#9010,#9011,#9012,#9018));
#9010 = ORIENTED_EDGE('',*,*,#2226,.F.);
#9011 = ORIENTED_EDGE('',*,*,#8997,.T.);
#9012 = ORIENTED_EDGE('',*,*,#9013,.T.);
#9013 = EDGE_CURVE('',#8990,#8965,#9014,.T.);
#9014 = LINE('',#9015,#9016);
#9015 = CARTESIAN_POINT('',(8.43133702345,29.,-12.32304651375));
#9016 = VECTOR('',#9017,1.);
#9017 = DIRECTION('',(-0.91638150452,7.88204307338E-16,0.40030605563));
#9018 = ORIENTED_EDGE('',*,*,#8964,.F.);
#9019 = PLANE('',#9020);
#9020 = AXIS2_PLACEMENT_3D('',#9021,#9022,#9023);
#9021 = CARTESIAN_POINT('',(8.43133702345,26.9,-12.32304651375));
#9022 = DIRECTION('',(0.40030605563,1.402977383493E-16,0.91638150452));
#9023 = DIRECTION('',(-0.91638150452,7.88204307338E-16,0.40030605563));
#9024 = ADVANCED_FACE('',(#9025),#9050,.F.);
#9025 = FACE_BOUND('',#9026,.F.);
#9026 = EDGE_LOOP('',(#9027,#9035,#9036,#9044));
#9027 = ORIENTED_EDGE('',*,*,#9028,.F.);
#9028 = EDGE_CURVE('',#2333,#9029,#9031,.T.);
#9029 = VERTEX_POINT('',#9030);
#9030 = CARTESIAN_POINT('',(13.515,29.,-12.433));
#9031 = LINE('',#9032,#9033);
#9032 = CARTESIAN_POINT('',(13.515,26.9,-12.433));
#9033 = VECTOR('',#9034,1.);
#9034 = DIRECTION('',(-0.,1.,0.));
#9035 = ORIENTED_EDGE('',*,*,#2330,.F.);
#9036 = ORIENTED_EDGE('',*,*,#9037,.T.);
#9037 = EDGE_CURVE('',#2331,#9038,#9040,.T.);
#9038 = VERTEX_POINT('',#9039);
#9039 = CARTESIAN_POINT('',(14.985,29.,-12.433));
#9040 = LINE('',#9041,#9042);
#9041 = CARTESIAN_POINT('',(14.985,26.9,-12.433));
#9042 = VECTOR('',#9043,1.);
#9043 = DIRECTION('',(-0.,1.,0.));
#9044 = ORIENTED_EDGE('',*,*,#9045,.F.);
#9045 = EDGE_CURVE('',#9029,#9038,#9046,.T.);
#9046 = LINE('',#9047,#9048);
#9047 = CARTESIAN_POINT('',(13.515,29.,-12.433));
#9048 = VECTOR('',#9049,1.);
#9049 = DIRECTION('',(1.,0.,-0.));
#9050 = PLANE('',#9051);
#9051 = AXIS2_PLACEMENT_3D('',#9052,#9053,#9054);
#9052 = CARTESIAN_POINT('',(13.515,26.9,-12.433));
#9053 = DIRECTION('',(0.,0.,1.));
#9054 = DIRECTION('',(1.,0.,-0.));
#9055 = ADVANCED_FACE('',(#9056),#9074,.T.);
#9056 = FACE_BOUND('',#9057,.T.);
#9057 = EDGE_LOOP('',(#9058,#9066,#9067,#9068));
#9058 = ORIENTED_EDGE('',*,*,#9059,.F.);
#9059 = EDGE_CURVE('',#2349,#9060,#9062,.T.);
#9060 = VERTEX_POINT('',#9061);
#9061 = CARTESIAN_POINT('',(14.985,29.,22.533));
#9062 = LINE('',#9063,#9064);
#9063 = CARTESIAN_POINT('',(14.985,26.9,22.533));
#9064 = VECTOR('',#9065,1.);
#9065 = DIRECTION('',(-0.,1.,0.));
#9066 = ORIENTED_EDGE('',*,*,#2356,.F.);
#9067 = ORIENTED_EDGE('',*,*,#9037,.T.);
#9068 = ORIENTED_EDGE('',*,*,#9069,.T.);
#9069 = EDGE_CURVE('',#9038,#9060,#9070,.T.);
#9070 = LINE('',#9071,#9072);
#9071 = CARTESIAN_POINT('',(14.985,29.,-12.433));
#9072 = VECTOR('',#9073,1.);
#9073 = DIRECTION('',(0.,0.,1.));
#9074 = PLANE('',#9075);
#9075 = AXIS2_PLACEMENT_3D('',#9076,#9077,#9078);
#9076 = CARTESIAN_POINT('',(14.985,26.9,-12.433));
#9077 = DIRECTION('',(1.,0.,-0.));
#9078 = DIRECTION('',(0.,0.,1.));
#9079 = ADVANCED_FACE('',(#9080),#9098,.F.);
#9080 = FACE_BOUND('',#9081,.F.);
#9081 = EDGE_LOOP('',(#9082,#9090,#9091,#9092));
#9082 = ORIENTED_EDGE('',*,*,#9083,.F.);
#9083 = EDGE_CURVE('',#2341,#9084,#9086,.T.);
#9084 = VERTEX_POINT('',#9085);
#9085 = CARTESIAN_POINT('',(13.515,29.,22.533));
#9086 = LINE('',#9087,#9088);
#9087 = CARTESIAN_POINT('',(13.515,26.9,22.533));
#9088 = VECTOR('',#9089,1.);
#9089 = DIRECTION('',(-0.,1.,0.));
#9090 = ORIENTED_EDGE('',*,*,#2340,.F.);
#9091 = ORIENTED_EDGE('',*,*,#9028,.T.);
#9092 = ORIENTED_EDGE('',*,*,#9093,.T.);
#9093 = EDGE_CURVE('',#9029,#9084,#9094,.T.);
#9094 = LINE('',#9095,#9096);
#9095 = CARTESIAN_POINT('',(13.515,29.,-12.433));
#9096 = VECTOR('',#9097,1.);
#9097 = DIRECTION('',(0.,0.,1.));
#9098 = PLANE('',#9099);
#9099 = AXIS2_PLACEMENT_3D('',#9100,#9101,#9102);
#9100 = CARTESIAN_POINT('',(13.515,26.9,-12.433));
#9101 = DIRECTION('',(1.,0.,-0.));
#9102 = DIRECTION('',(0.,0.,1.));
#9103 = ADVANCED_FACE('',(#9104),#9115,.T.);
#9104 = FACE_BOUND('',#9105,.T.);
#9105 = EDGE_LOOP('',(#9106,#9107,#9108,#9109));
#9106 = ORIENTED_EDGE('',*,*,#9083,.F.);
#9107 = ORIENTED_EDGE('',*,*,#2348,.F.);
#9108 = ORIENTED_EDGE('',*,*,#9059,.T.);
#9109 = ORIENTED_EDGE('',*,*,#9110,.F.);
#9110 = EDGE_CURVE('',#9084,#9060,#9111,.T.);
#9111 = LINE('',#9112,#9113);
#9112 = CARTESIAN_POINT('',(13.515,29.,22.533));
#9113 = VECTOR('',#9114,1.);
#9114 = DIRECTION('',(1.,0.,-0.));
#9115 = PLANE('',#9116);
#9116 = AXIS2_PLACEMENT_3D('',#9117,#9118,#9119);
#9117 = CARTESIAN_POINT('',(13.515,26.9,22.533));
#9118 = DIRECTION('',(0.,0.,1.));
#9119 = DIRECTION('',(1.,0.,-0.));
#9120 = ADVANCED_FACE('',(#9121,#9149,#9160),#9171,.F.);
#9121 = FACE_BOUND('',#9122,.F.);
#9122 = EDGE_LOOP('',(#9123,#9124,#9125,#9126,#9127,#9128,#9129,#9130,
    #9131,#9132,#9133,#9134,#9135,#9136,#9137,#9138,#9139,#9140,#9141,
    #9142,#9143,#9144,#9145,#9146,#9147,#9148));
#9123 = ORIENTED_EDGE('',*,*,#6361,.T.);
#9124 = ORIENTED_EDGE('',*,*,#6409,.T.);
#9125 = ORIENTED_EDGE('',*,*,#6457,.T.);
#9126 = ORIENTED_EDGE('',*,*,#6505,.T.);
#9127 = ORIENTED_EDGE('',*,*,#6553,.T.);
#9128 = ORIENTED_EDGE('',*,*,#6601,.T.);
#9129 = ORIENTED_EDGE('',*,*,#6649,.T.);
#9130 = ORIENTED_EDGE('',*,*,#6697,.T.);
#9131 = ORIENTED_EDGE('',*,*,#6745,.T.);
#9132 = ORIENTED_EDGE('',*,*,#6793,.T.);
#9133 = ORIENTED_EDGE('',*,*,#6841,.T.);
#9134 = ORIENTED_EDGE('',*,*,#6889,.T.);
#9135 = ORIENTED_EDGE('',*,*,#6937,.T.);
#9136 = ORIENTED_EDGE('',*,*,#6961,.T.);
#9137 = ORIENTED_EDGE('',*,*,#6920,.T.);
#9138 = ORIENTED_EDGE('',*,*,#6872,.T.);
#9139 = ORIENTED_EDGE('',*,*,#6824,.T.);
#9140 = ORIENTED_EDGE('',*,*,#6776,.T.);
#9141 = ORIENTED_EDGE('',*,*,#6728,.T.);
#9142 = ORIENTED_EDGE('',*,*,#6680,.T.);
#9143 = ORIENTED_EDGE('',*,*,#6632,.T.);
#9144 = ORIENTED_EDGE('',*,*,#6584,.T.);
#9145 = ORIENTED_EDGE('',*,*,#6536,.T.);
#9146 = ORIENTED_EDGE('',*,*,#6488,.T.);
#9147 = ORIENTED_EDGE('',*,*,#6440,.T.);
#9148 = ORIENTED_EDGE('',*,*,#6392,.T.);
#9149 = FACE_BOUND('',#9150,.F.);
#9150 = EDGE_LOOP('',(#9151));
#9151 = ORIENTED_EDGE('',*,*,#9152,.T.);
#9152 = EDGE_CURVE('',#9153,#9153,#9155,.T.);
#9153 = VERTEX_POINT('',#9154);
#9154 = CARTESIAN_POINT('',(-10.6,29.,-15.05));
#9155 = CIRCLE('',#9156,0.8);
#9156 = AXIS2_PLACEMENT_3D('',#9157,#9158,#9159);
#9157 = CARTESIAN_POINT('',(-10.6,29.,-15.85));
#9158 = DIRECTION('',(0.,1.,0.));
#9159 = DIRECTION('',(0.,-0.,1.));
#9160 = FACE_BOUND('',#9161,.F.);
#9161 = EDGE_LOOP('',(#9162));
#9162 = ORIENTED_EDGE('',*,*,#9163,.T.);
#9163 = EDGE_CURVE('',#9164,#9164,#9166,.T.);
#9164 = VERTEX_POINT('',#9165);
#9165 = CARTESIAN_POINT('',(-7.45,29.,-13.15));
#9166 = CIRCLE('',#9167,0.8);
#9167 = AXIS2_PLACEMENT_3D('',#9168,#9169,#9170);
#9168 = CARTESIAN_POINT('',(-7.45,29.,-13.95));
#9169 = DIRECTION('',(0.,1.,0.));
#9170 = DIRECTION('',(0.,-0.,1.));
#9171 = PLANE('',#9172);
#9172 = AXIS2_PLACEMENT_3D('',#9173,#9174,#9175);
#9173 = CARTESIAN_POINT('',(-9.025,29.,-14.9));
#9174 = DIRECTION('',(-4.440892098501E-16,-1.,6.661338147751E-16));
#9175 = DIRECTION('',(6.661338147751E-16,-4.440892098501E-16,-1.));
#9176 = ADVANCED_FACE('',(#9177),#9196,.F.);
#9177 = FACE_BOUND('',#9178,.F.);
#9178 = EDGE_LOOP('',(#9179,#9180,#9188,#9195));
#9179 = ORIENTED_EDGE('',*,*,#9152,.F.);
#9180 = ORIENTED_EDGE('',*,*,#9181,.F.);
#9181 = EDGE_CURVE('',#9182,#9153,#9184,.T.);
#9182 = VERTEX_POINT('',#9183);
#9183 = CARTESIAN_POINT('',(-10.6,25.,-15.05));
#9184 = LINE('',#9185,#9186);
#9185 = CARTESIAN_POINT('',(-10.6,22.,-15.05));
#9186 = VECTOR('',#9187,1.);
#9187 = DIRECTION('',(0.,1.,0.));
#9188 = ORIENTED_EDGE('',*,*,#9189,.T.);
#9189 = EDGE_CURVE('',#9182,#9182,#9190,.T.);
#9190 = CIRCLE('',#9191,0.8);
#9191 = AXIS2_PLACEMENT_3D('',#9192,#9193,#9194);
#9192 = CARTESIAN_POINT('',(-10.6,25.,-15.85));
#9193 = DIRECTION('',(0.,1.,0.));
#9194 = DIRECTION('',(0.,-0.,1.));
#9195 = ORIENTED_EDGE('',*,*,#9181,.T.);
#9196 = CYLINDRICAL_SURFACE('',#9197,0.8);
#9197 = AXIS2_PLACEMENT_3D('',#9198,#9199,#9200);
#9198 = CARTESIAN_POINT('',(-10.6,22.,-15.85));
#9199 = DIRECTION('',(0.,1.,0.));
#9200 = DIRECTION('',(0.,-0.,1.));
#9201 = ADVANCED_FACE('',(#9202),#9221,.F.);
#9202 = FACE_BOUND('',#9203,.F.);
#9203 = EDGE_LOOP('',(#9204,#9205,#9213,#9220));
#9204 = ORIENTED_EDGE('',*,*,#9163,.F.);
#9205 = ORIENTED_EDGE('',*,*,#9206,.F.);
#9206 = EDGE_CURVE('',#9207,#9164,#9209,.T.);
#9207 = VERTEX_POINT('',#9208);
#9208 = CARTESIAN_POINT('',(-7.45,25.,-13.15));
#9209 = LINE('',#9210,#9211);
#9210 = CARTESIAN_POINT('',(-7.45,22.,-13.15));
#9211 = VECTOR('',#9212,1.);
#9212 = DIRECTION('',(0.,1.,0.));
#9213 = ORIENTED_EDGE('',*,*,#9214,.T.);
#9214 = EDGE_CURVE('',#9207,#9207,#9215,.T.);
#9215 = CIRCLE('',#9216,0.8);
#9216 = AXIS2_PLACEMENT_3D('',#9217,#9218,#9219);
#9217 = CARTESIAN_POINT('',(-7.45,25.,-13.95));
#9218 = DIRECTION('',(0.,1.,0.));
#9219 = DIRECTION('',(0.,-0.,1.));
#9220 = ORIENTED_EDGE('',*,*,#9206,.T.);
#9221 = CYLINDRICAL_SURFACE('',#9222,0.8);
#9222 = AXIS2_PLACEMENT_3D('',#9223,#9224,#9225);
#9223 = CARTESIAN_POINT('',(-7.45,22.,-13.95));
#9224 = DIRECTION('',(0.,1.,0.));
#9225 = DIRECTION('',(0.,-0.,1.));
#9226 = ADVANCED_FACE('',(#9227),#9233,.T.);
#9227 = FACE_BOUND('',#9228,.T.);
#9228 = EDGE_LOOP('',(#9229,#9230,#9231,#9232));
#9229 = ORIENTED_EDGE('',*,*,#6102,.F.);
#9230 = ORIENTED_EDGE('',*,*,#6338,.F.);
#9231 = ORIENTED_EDGE('',*,*,#6321,.T.);
#9232 = ORIENTED_EDGE('',*,*,#4715,.T.);
#9233 = PLANE('',#9234);
#9234 = AXIS2_PLACEMENT_3D('',#9235,#9236,#9237);
#9235 = CARTESIAN_POINT('',(-2.771,29.,-12.433));
#9236 = DIRECTION('',(-0.,1.,0.));
#9237 = DIRECTION('',(0.,0.,1.));
#9238 = ADVANCED_FACE('',(#9239),#9245,.T.);
#9239 = FACE_BOUND('',#9240,.T.);
#9240 = EDGE_LOOP('',(#9241,#9242,#9243,#9244));
#9241 = ORIENTED_EDGE('',*,*,#6167,.F.);
#9242 = ORIENTED_EDGE('',*,*,#6150,.F.);
#9243 = ORIENTED_EDGE('',*,*,#6126,.T.);
#9244 = ORIENTED_EDGE('',*,*,#4692,.T.);
#9245 = PLANE('',#9246);
#9246 = AXIS2_PLACEMENT_3D('',#9247,#9248,#9249);
#9247 = CARTESIAN_POINT('',(1.301,29.,-12.433));
#9248 = DIRECTION('',(-0.,1.,0.));
#9249 = DIRECTION('',(0.,0.,1.));
#9250 = ADVANCED_FACE('',(#9251),#9257,.T.);
#9251 = FACE_BOUND('',#9252,.T.);
#9252 = EDGE_LOOP('',(#9253,#9254,#9255,#9256));
#9253 = ORIENTED_EDGE('',*,*,#6256,.F.);
#9254 = ORIENTED_EDGE('',*,*,#4826,.F.);
#9255 = ORIENTED_EDGE('',*,*,#6297,.T.);
#9256 = ORIENTED_EDGE('',*,*,#6280,.T.);
#9257 = PLANE('',#9258);
#9258 = AXIS2_PLACEMENT_3D('',#9259,#9260,#9261);
#9259 = CARTESIAN_POINT('',(-2.771,29.,-12.433));
#9260 = DIRECTION('',(-0.,1.,0.));
#9261 = DIRECTION('',(0.,0.,1.));
#9262 = ADVANCED_FACE('',(#9263),#9269,.T.);
#9263 = FACE_BOUND('',#9264,.T.);
#9264 = EDGE_LOOP('',(#9265,#9266,#9267,#9268));
#9265 = ORIENTED_EDGE('',*,*,#6191,.F.);
#9266 = ORIENTED_EDGE('',*,*,#4803,.F.);
#9267 = ORIENTED_EDGE('',*,*,#6232,.T.);
#9268 = ORIENTED_EDGE('',*,*,#6215,.T.);
#9269 = PLANE('',#9270);
#9270 = AXIS2_PLACEMENT_3D('',#9271,#9272,#9273);
#9271 = CARTESIAN_POINT('',(1.301,29.,-12.433));
#9272 = DIRECTION('',(-0.,1.,0.));
#9273 = DIRECTION('',(0.,0.,1.));
#9274 = ADVANCED_FACE('',(#9275,#9303,#9314),#9325,.F.);
#9275 = FACE_BOUND('',#9276,.F.);
#9276 = EDGE_LOOP('',(#9277,#9278,#9279,#9280,#9281,#9282,#9283,#9284,
    #9285,#9286,#9287,#9288,#9289,#9290,#9291,#9292,#9293,#9294,#9295,
    #9296,#9297,#9298,#9299,#9300,#9301,#9302));
#9277 = ORIENTED_EDGE('',*,*,#8413,.T.);
#9278 = ORIENTED_EDGE('',*,*,#8461,.T.);
#9279 = ORIENTED_EDGE('',*,*,#8509,.T.);
#9280 = ORIENTED_EDGE('',*,*,#8557,.T.);
#9281 = ORIENTED_EDGE('',*,*,#8605,.T.);
#9282 = ORIENTED_EDGE('',*,*,#8653,.T.);
#9283 = ORIENTED_EDGE('',*,*,#8701,.T.);
#9284 = ORIENTED_EDGE('',*,*,#8749,.T.);
#9285 = ORIENTED_EDGE('',*,*,#8797,.T.);
#9286 = ORIENTED_EDGE('',*,*,#8845,.T.);
#9287 = ORIENTED_EDGE('',*,*,#8893,.T.);
#9288 = ORIENTED_EDGE('',*,*,#8941,.T.);
#9289 = ORIENTED_EDGE('',*,*,#8989,.T.);
#9290 = ORIENTED_EDGE('',*,*,#9013,.T.);
#9291 = ORIENTED_EDGE('',*,*,#8972,.T.);
#9292 = ORIENTED_EDGE('',*,*,#8924,.T.);
#9293 = ORIENTED_EDGE('',*,*,#8876,.T.);
#9294 = ORIENTED_EDGE('',*,*,#8828,.T.);
#9295 = ORIENTED_EDGE('',*,*,#8780,.T.);
#9296 = ORIENTED_EDGE('',*,*,#8732,.T.);
#9297 = ORIENTED_EDGE('',*,*,#8684,.T.);
#9298 = ORIENTED_EDGE('',*,*,#8636,.T.);
#9299 = ORIENTED_EDGE('',*,*,#8588,.T.);
#9300 = ORIENTED_EDGE('',*,*,#8540,.T.);
#9301 = ORIENTED_EDGE('',*,*,#8492,.T.);
#9302 = ORIENTED_EDGE('',*,*,#8444,.T.);
#9303 = FACE_BOUND('',#9304,.F.);
#9304 = EDGE_LOOP('',(#9305));
#9305 = ORIENTED_EDGE('',*,*,#9306,.T.);
#9306 = EDGE_CURVE('',#9307,#9307,#9309,.T.);
#9307 = VERTEX_POINT('',#9308);
#9308 = CARTESIAN_POINT('',(7.45,29.,-13.15));
#9309 = CIRCLE('',#9310,0.8);
#9310 = AXIS2_PLACEMENT_3D('',#9311,#9312,#9313);
#9311 = CARTESIAN_POINT('',(7.45,29.,-13.95));
#9312 = DIRECTION('',(0.,1.,0.));
#9313 = DIRECTION('',(0.,-0.,1.));
#9314 = FACE_BOUND('',#9315,.F.);
#9315 = EDGE_LOOP('',(#9316));
#9316 = ORIENTED_EDGE('',*,*,#9317,.T.);
#9317 = EDGE_CURVE('',#9318,#9318,#9320,.T.);
#9318 = VERTEX_POINT('',#9319);
#9319 = CARTESIAN_POINT('',(10.6,29.,-15.05));
#9320 = CIRCLE('',#9321,0.8);
#9321 = AXIS2_PLACEMENT_3D('',#9322,#9323,#9324);
#9322 = CARTESIAN_POINT('',(10.6,29.,-15.85));
#9323 = DIRECTION('',(0.,1.,0.));
#9324 = DIRECTION('',(0.,-0.,1.));
#9325 = PLANE('',#9326);
#9326 = AXIS2_PLACEMENT_3D('',#9327,#9328,#9329);
#9327 = CARTESIAN_POINT('',(9.025,29.,-14.9));
#9328 = DIRECTION('',(-4.440892098501E-16,-1.,6.661338147751E-16));
#9329 = DIRECTION('',(6.661338147751E-16,-4.440892098501E-16,-1.));
#9330 = ADVANCED_FACE('',(#9331),#9350,.F.);
#9331 = FACE_BOUND('',#9332,.F.);
#9332 = EDGE_LOOP('',(#9333,#9334,#9342,#9349));
#9333 = ORIENTED_EDGE('',*,*,#9306,.F.);
#9334 = ORIENTED_EDGE('',*,*,#9335,.F.);
#9335 = EDGE_CURVE('',#9336,#9307,#9338,.T.);
#9336 = VERTEX_POINT('',#9337);
#9337 = CARTESIAN_POINT('',(7.45,25.,-13.15));
#9338 = LINE('',#9339,#9340);
#9339 = CARTESIAN_POINT('',(7.45,22.,-13.15));
#9340 = VECTOR('',#9341,1.);
#9341 = DIRECTION('',(0.,1.,0.));
#9342 = ORIENTED_EDGE('',*,*,#9343,.T.);
#9343 = EDGE_CURVE('',#9336,#9336,#9344,.T.);
#9344 = CIRCLE('',#9345,0.8);
#9345 = AXIS2_PLACEMENT_3D('',#9346,#9347,#9348);
#9346 = CARTESIAN_POINT('',(7.45,25.,-13.95));
#9347 = DIRECTION('',(0.,1.,0.));
#9348 = DIRECTION('',(0.,-0.,1.));
#9349 = ORIENTED_EDGE('',*,*,#9335,.T.);
#9350 = CYLINDRICAL_SURFACE('',#9351,0.8);
#9351 = AXIS2_PLACEMENT_3D('',#9352,#9353,#9354);
#9352 = CARTESIAN_POINT('',(7.45,22.,-13.95));
#9353 = DIRECTION('',(0.,1.,0.));
#9354 = DIRECTION('',(0.,-0.,1.));
#9355 = ADVANCED_FACE('',(#9356),#9375,.F.);
#9356 = FACE_BOUND('',#9357,.F.);
#9357 = EDGE_LOOP('',(#9358,#9359,#9367,#9374));
#9358 = ORIENTED_EDGE('',*,*,#9317,.F.);
#9359 = ORIENTED_EDGE('',*,*,#9360,.F.);
#9360 = EDGE_CURVE('',#9361,#9318,#9363,.T.);
#9361 = VERTEX_POINT('',#9362);
#9362 = CARTESIAN_POINT('',(10.6,25.,-15.05));
#9363 = LINE('',#9364,#9365);
#9364 = CARTESIAN_POINT('',(10.6,22.,-15.05));
#9365 = VECTOR('',#9366,1.);
#9366 = DIRECTION('',(0.,1.,0.));
#9367 = ORIENTED_EDGE('',*,*,#9368,.T.);
#9368 = EDGE_CURVE('',#9361,#9361,#9369,.T.);
#9369 = CIRCLE('',#9370,0.8);
#9370 = AXIS2_PLACEMENT_3D('',#9371,#9372,#9373);
#9371 = CARTESIAN_POINT('',(10.6,25.,-15.85));
#9372 = DIRECTION('',(0.,1.,0.));
#9373 = DIRECTION('',(0.,-0.,1.));
#9374 = ORIENTED_EDGE('',*,*,#9360,.T.);
#9375 = CYLINDRICAL_SURFACE('',#9376,0.8);
#9376 = AXIS2_PLACEMENT_3D('',#9377,#9378,#9379);
#9377 = CARTESIAN_POINT('',(10.6,22.,-15.85));
#9378 = DIRECTION('',(0.,1.,0.));
#9379 = DIRECTION('',(0.,-0.,1.));
#9380 = ADVANCED_FACE('',(#9381),#9406,.T.);
#9381 = FACE_BOUND('',#9382,.T.);
#9382 = EDGE_LOOP('',(#9383,#9384,#9392,#9400));
#9383 = ORIENTED_EDGE('',*,*,#4945,.T.);
#9384 = ORIENTED_EDGE('',*,*,#9385,.T.);
#9385 = EDGE_CURVE('',#4938,#9386,#9388,.T.);
#9386 = VERTEX_POINT('',#9387);
#9387 = CARTESIAN_POINT('',(-19.383,33.347296355334,26.819615506024));
#9388 = LINE('',#9389,#9390);
#9389 = CARTESIAN_POINT('',(-19.383,33.,26.85));
#9390 = VECTOR('',#9391,1.);
#9391 = DIRECTION('',(-2.211996581662E-16,0.996194698092,
    -8.715574274766E-02));
#9392 = ORIENTED_EDGE('',*,*,#9393,.F.);
#9393 = EDGE_CURVE('',#9394,#9386,#9396,.T.);
#9394 = VERTEX_POINT('',#9395);
#9395 = CARTESIAN_POINT('',(-21.383,33.347296355334,26.819615506024));
#9396 = LINE('',#9397,#9398);
#9397 = CARTESIAN_POINT('',(-21.383,33.347296355334,26.819615506024));
#9398 = VECTOR('',#9399,1.);
#9399 = DIRECTION('',(1.,0.,-2.22044604925E-16));
#9400 = ORIENTED_EDGE('',*,*,#9401,.F.);
#9401 = EDGE_CURVE('',#4929,#9394,#9402,.T.);
#9402 = LINE('',#9403,#9404);
#9403 = CARTESIAN_POINT('',(-21.383,33.,26.85));
#9404 = VECTOR('',#9405,1.);
#9405 = DIRECTION('',(-2.211996581662E-16,0.996194698092,
    -8.715574274766E-02));
#9406 = PLANE('',#9407);
#9407 = AXIS2_PLACEMENT_3D('',#9408,#9409,#9410);
#9408 = CARTESIAN_POINT('',(-21.383,33.,26.85));
#9409 = DIRECTION('',(-1.935246246535E-17,8.715574274766E-02,
    0.996194698092));
#9410 = DIRECTION('',(-2.211996581662E-16,0.996194698092,
    -8.715574274766E-02));
#9411 = ADVANCED_FACE('',(#9412),#9437,.T.);
#9412 = FACE_BOUND('',#9413,.T.);
#9413 = EDGE_LOOP('',(#9414,#9424,#9430,#9431));
#9414 = ORIENTED_EDGE('',*,*,#9415,.T.);
#9415 = EDGE_CURVE('',#9416,#9418,#9420,.T.);
#9416 = VERTEX_POINT('',#9417);
#9417 = CARTESIAN_POINT('',(-21.383,33.347296355334,-16.71961550602));
#9418 = VERTEX_POINT('',#9419);
#9419 = CARTESIAN_POINT('',(-19.383,33.347296355334,-16.71961550602));
#9420 = LINE('',#9421,#9422);
#9421 = CARTESIAN_POINT('',(-21.383,33.347296355334,-16.71961550602));
#9422 = VECTOR('',#9423,1.);
#9423 = DIRECTION('',(1.,0.,-2.22044604925E-16));
#9424 = ORIENTED_EDGE('',*,*,#9425,.T.);
#9425 = EDGE_CURVE('',#9418,#4968,#9426,.T.);
#9426 = LINE('',#9427,#9428);
#9427 = CARTESIAN_POINT('',(-19.383,33.347296355334,-16.71961550602));
#9428 = VECTOR('',#9429,1.);
#9429 = DIRECTION('',(2.211996581662E-16,-0.996194698092,
    -8.715574274766E-02));
#9430 = ORIENTED_EDGE('',*,*,#4967,.F.);
#9431 = ORIENTED_EDGE('',*,*,#9432,.F.);
#9432 = EDGE_CURVE('',#9416,#4960,#9433,.T.);
#9433 = LINE('',#9434,#9435);
#9434 = CARTESIAN_POINT('',(-21.383,33.347296355334,-16.71961550602));
#9435 = VECTOR('',#9436,1.);
#9436 = DIRECTION('',(2.211996581662E-16,-0.996194698092,
    -8.715574274766E-02));
#9437 = PLANE('',#9438);
#9438 = AXIS2_PLACEMENT_3D('',#9439,#9440,#9441);
#9439 = CARTESIAN_POINT('',(-21.383,33.347296355334,-16.71961550602));
#9440 = DIRECTION('',(-1.935246246535E-17,8.715574274766E-02,
    -0.996194698092));
#9441 = DIRECTION('',(2.211996581662E-16,-0.996194698092,
    -8.715574274766E-02));
#9442 = ADVANCED_FACE('',(#9443),#9468,.T.);
#9443 = FACE_BOUND('',#9444,.T.);
#9444 = EDGE_LOOP('',(#9445,#9455,#9461,#9462));
#9445 = ORIENTED_EDGE('',*,*,#9446,.T.);
#9446 = EDGE_CURVE('',#9447,#9449,#9451,.T.);
#9447 = VERTEX_POINT('',#9448);
#9448 = CARTESIAN_POINT('',(-21.383,33.684040286651,-16.62938524157));
#9449 = VERTEX_POINT('',#9450);
#9450 = CARTESIAN_POINT('',(-19.383,33.684040286651,-16.62938524157));
#9451 = LINE('',#9452,#9453);
#9452 = CARTESIAN_POINT('',(-21.383,33.684040286651,-16.62938524157));
#9453 = VECTOR('',#9454,1.);
#9454 = DIRECTION('',(1.,0.,-2.22044604925E-16));
#9455 = ORIENTED_EDGE('',*,*,#9456,.T.);
#9456 = EDGE_CURVE('',#9449,#9418,#9457,.T.);
#9457 = LINE('',#9458,#9459);
#9458 = CARTESIAN_POINT('',(-19.383,33.684040286651,-16.62938524157));
#9459 = VECTOR('',#9460,1.);
#9460 = DIRECTION('',(2.144786184852E-16,-0.965925826289,-0.258819045103
    ));
#9461 = ORIENTED_EDGE('',*,*,#9415,.F.);
#9462 = ORIENTED_EDGE('',*,*,#9463,.F.);
#9463 = EDGE_CURVE('',#9447,#9416,#9464,.T.);
#9464 = LINE('',#9465,#9466);
#9465 = CARTESIAN_POINT('',(-21.383,33.684040286651,-16.62938524157));
#9466 = VECTOR('',#9467,1.);
#9467 = DIRECTION('',(2.144786184852E-16,-0.965925826289,-0.258819045103
    ));
#9468 = PLANE('',#9469);
#9469 = AXIS2_PLACEMENT_3D('',#9470,#9471,#9472);
#9470 = CARTESIAN_POINT('',(-21.383,33.684040286651,-16.62938524157));
#9471 = DIRECTION('',(-5.746937261686E-17,0.258819045103,-0.965925826289
    ));
#9472 = DIRECTION('',(2.144786184852E-16,-0.965925826289,-0.258819045103
    ));
#9473 = ADVANCED_FACE('',(#9474),#9499,.T.);
#9474 = FACE_BOUND('',#9475,.T.);
#9475 = EDGE_LOOP('',(#9476,#9486,#9492,#9493));
#9476 = ORIENTED_EDGE('',*,*,#9477,.T.);
#9477 = EDGE_CURVE('',#9478,#9480,#9482,.T.);
#9478 = VERTEX_POINT('',#9479);
#9479 = CARTESIAN_POINT('',(-21.383,34.,-16.48205080756));
#9480 = VERTEX_POINT('',#9481);
#9481 = CARTESIAN_POINT('',(-19.383,34.,-16.48205080756));
#9482 = LINE('',#9483,#9484);
#9483 = CARTESIAN_POINT('',(-21.383,34.,-16.48205080756));
#9484 = VECTOR('',#9485,1.);
#9485 = DIRECTION('',(1.,0.,-2.22044604925E-16));
#9486 = ORIENTED_EDGE('',*,*,#9487,.T.);
#9487 = EDGE_CURVE('',#9480,#9449,#9488,.T.);
#9488 = LINE('',#9489,#9490);
#9489 = CARTESIAN_POINT('',(-19.383,34.,-16.48205080756));
#9490 = VECTOR('',#9491,1.);
#9491 = DIRECTION('',(2.01240754513E-16,-0.906307787037,-0.422618261741)
  );
#9492 = ORIENTED_EDGE('',*,*,#9446,.F.);
#9493 = ORIENTED_EDGE('',*,*,#9494,.F.);
#9494 = EDGE_CURVE('',#9478,#9447,#9495,.T.);
#9495 = LINE('',#9496,#9497);
#9496 = CARTESIAN_POINT('',(-21.383,34.,-16.48205080756));
#9497 = VECTOR('',#9498,1.);
#9498 = DIRECTION('',(2.01240754513E-16,-0.906307787037,-0.422618261741)
  );
#9499 = PLANE('',#9500);
#9500 = AXIS2_PLACEMENT_3D('',#9501,#9502,#9503);
#9501 = CARTESIAN_POINT('',(-21.383,34.,-16.48205080756));
#9502 = DIRECTION('',(-9.384010496232E-17,0.422618261741,-0.906307787037
    ));
#9503 = DIRECTION('',(2.01240754513E-16,-0.906307787037,-0.422618261741)
  );
#9504 = ADVANCED_FACE('',(#9505),#9530,.T.);
#9505 = FACE_BOUND('',#9506,.T.);
#9506 = EDGE_LOOP('',(#9507,#9517,#9523,#9524));
#9507 = ORIENTED_EDGE('',*,*,#9508,.T.);
#9508 = EDGE_CURVE('',#9509,#9511,#9513,.T.);
#9509 = VERTEX_POINT('',#9510);
#9510 = CARTESIAN_POINT('',(-21.383,34.285575219373,-16.28208888623));
#9511 = VERTEX_POINT('',#9512);
#9512 = CARTESIAN_POINT('',(-19.383,34.285575219373,-16.28208888623));
#9513 = LINE('',#9514,#9515);
#9514 = CARTESIAN_POINT('',(-21.383,34.285575219373,-16.28208888623));
#9515 = VECTOR('',#9516,1.);
#9516 = DIRECTION('',(1.,0.,-2.22044604925E-16));
#9517 = ORIENTED_EDGE('',*,*,#9518,.T.);
#9518 = EDGE_CURVE('',#9511,#9480,#9519,.T.);
#9519 = LINE('',#9520,#9521);
#9520 = CARTESIAN_POINT('',(-19.383,34.285575219373,-16.28208888623));
#9521 = VECTOR('',#9522,1.);
#9522 = DIRECTION('',(1.818882920477E-16,-0.819152044289,-0.573576436351
    ));
#9523 = ORIENTED_EDGE('',*,*,#9477,.F.);
#9524 = ORIENTED_EDGE('',*,*,#9525,.F.);
#9525 = EDGE_CURVE('',#9509,#9478,#9526,.T.);
#9526 = LINE('',#9527,#9528);
#9527 = CARTESIAN_POINT('',(-21.383,34.285575219373,-16.28208888623));
#9528 = VECTOR('',#9529,1.);
#9529 = DIRECTION('',(1.818882920477E-16,-0.819152044289,-0.573576436351
    ));
#9530 = PLANE('',#9531);
#9531 = AXIS2_PLACEMENT_3D('',#9532,#9533,#9534);
#9532 = CARTESIAN_POINT('',(-21.383,34.285575219373,-16.28208888623));
#9533 = DIRECTION('',(-1.273595532039E-16,0.573576436351,-0.819152044289
    ));
#9534 = DIRECTION('',(1.818882920477E-16,-0.819152044289,-0.573576436351
    ));
#9535 = ADVANCED_FACE('',(#9536),#9561,.T.);
#9536 = FACE_BOUND('',#9537,.T.);
#9537 = EDGE_LOOP('',(#9538,#9548,#9554,#9555));
#9538 = ORIENTED_EDGE('',*,*,#9539,.T.);
#9539 = EDGE_CURVE('',#9540,#9542,#9544,.T.);
#9540 = VERTEX_POINT('',#9541);
#9541 = CARTESIAN_POINT('',(-21.383,34.532088886238,-16.03557521937));
#9542 = VERTEX_POINT('',#9543);
#9543 = CARTESIAN_POINT('',(-19.383,34.532088886238,-16.03557521937));
#9544 = LINE('',#9545,#9546);
#9545 = CARTESIAN_POINT('',(-21.383,34.532088886238,-16.03557521937));
#9546 = VECTOR('',#9547,1.);
#9547 = DIRECTION('',(1.,0.,-2.22044604925E-16));
#9548 = ORIENTED_EDGE('',*,*,#9549,.T.);
#9549 = EDGE_CURVE('',#9542,#9511,#9550,.T.);
#9550 = LINE('',#9551,#9552);
#9551 = CARTESIAN_POINT('',(-19.383,34.532088886238,-16.03557521937));
#9552 = VECTOR('',#9553,1.);
#9553 = DIRECTION('',(1.570092458684E-16,-0.707106781187,-0.707106781187
    ));
#9554 = ORIENTED_EDGE('',*,*,#9508,.F.);
#9555 = ORIENTED_EDGE('',*,*,#9556,.F.);
#9556 = EDGE_CURVE('',#9540,#9509,#9557,.T.);
#9557 = LINE('',#9558,#9559);
#9558 = CARTESIAN_POINT('',(-21.383,34.532088886238,-16.03557521937));
#9559 = VECTOR('',#9560,1.);
#9560 = DIRECTION('',(1.570092458684E-16,-0.707106781187,-0.707106781187
    ));
#9561 = PLANE('',#9562);
#9562 = AXIS2_PLACEMENT_3D('',#9563,#9564,#9565);
#9563 = CARTESIAN_POINT('',(-21.383,34.532088886238,-16.03557521937));
#9564 = DIRECTION('',(-1.570092458684E-16,0.707106781187,-0.707106781187
    ));
#9565 = DIRECTION('',(1.570092458684E-16,-0.707106781187,-0.707106781187
    ));
#9566 = ADVANCED_FACE('',(#9567),#9592,.T.);
#9567 = FACE_BOUND('',#9568,.T.);
#9568 = EDGE_LOOP('',(#9569,#9579,#9585,#9586));
#9569 = ORIENTED_EDGE('',*,*,#9570,.T.);
#9570 = EDGE_CURVE('',#9571,#9573,#9575,.T.);
#9571 = VERTEX_POINT('',#9572);
#9572 = CARTESIAN_POINT('',(-21.383,34.732050807569,-15.75));
#9573 = VERTEX_POINT('',#9574);
#9574 = CARTESIAN_POINT('',(-19.383,34.732050807569,-15.75));
#9575 = LINE('',#9576,#9577);
#9576 = CARTESIAN_POINT('',(-21.383,34.732050807569,-15.75));
#9577 = VECTOR('',#9578,1.);
#9578 = DIRECTION('',(1.,0.,-2.22044604925E-16));
#9579 = ORIENTED_EDGE('',*,*,#9580,.T.);
#9580 = EDGE_CURVE('',#9573,#9542,#9581,.T.);
#9581 = LINE('',#9582,#9583);
#9582 = CARTESIAN_POINT('',(-19.383,34.732050807569,-15.75));
#9583 = VECTOR('',#9584,1.);
#9584 = DIRECTION('',(1.273595532039E-16,-0.573576436351,-0.819152044289
    ));
#9585 = ORIENTED_EDGE('',*,*,#9539,.F.);
#9586 = ORIENTED_EDGE('',*,*,#9587,.F.);
#9587 = EDGE_CURVE('',#9571,#9540,#9588,.T.);
#9588 = LINE('',#9589,#9590);
#9589 = CARTESIAN_POINT('',(-21.383,34.732050807569,-15.75));
#9590 = VECTOR('',#9591,1.);
#9591 = DIRECTION('',(1.273595532039E-16,-0.573576436351,-0.819152044289
    ));
#9592 = PLANE('',#9593);
#9593 = AXIS2_PLACEMENT_3D('',#9594,#9595,#9596);
#9594 = CARTESIAN_POINT('',(-21.383,34.732050807569,-15.75));
#9595 = DIRECTION('',(-1.818882920477E-16,0.819152044289,-0.573576436351
    ));
#9596 = DIRECTION('',(1.273595532039E-16,-0.573576436351,-0.819152044289
    ));
#9597 = ADVANCED_FACE('',(#9598),#9623,.T.);
#9598 = FACE_BOUND('',#9599,.T.);
#9599 = EDGE_LOOP('',(#9600,#9601,#9609,#9617));
#9600 = ORIENTED_EDGE('',*,*,#9393,.T.);
#9601 = ORIENTED_EDGE('',*,*,#9602,.T.);
#9602 = EDGE_CURVE('',#9386,#9603,#9605,.T.);
#9603 = VERTEX_POINT('',#9604);
#9604 = CARTESIAN_POINT('',(-19.383,33.684040286651,26.729385241572));
#9605 = LINE('',#9606,#9607);
#9606 = CARTESIAN_POINT('',(-19.383,33.347296355334,26.819615506024));
#9607 = VECTOR('',#9608,1.);
#9608 = DIRECTION('',(-2.144786184852E-16,0.965925826289,-0.258819045103
    ));
#9609 = ORIENTED_EDGE('',*,*,#9610,.F.);
#9610 = EDGE_CURVE('',#9611,#9603,#9613,.T.);
#9611 = VERTEX_POINT('',#9612);
#9612 = CARTESIAN_POINT('',(-21.383,33.684040286651,26.729385241572));
#9613 = LINE('',#9614,#9615);
#9614 = CARTESIAN_POINT('',(-21.383,33.684040286651,26.729385241572));
#9615 = VECTOR('',#9616,1.);
#9616 = DIRECTION('',(1.,0.,-2.22044604925E-16));
#9617 = ORIENTED_EDGE('',*,*,#9618,.F.);
#9618 = EDGE_CURVE('',#9394,#9611,#9619,.T.);
#9619 = LINE('',#9620,#9621);
#9620 = CARTESIAN_POINT('',(-21.383,33.347296355334,26.819615506024));
#9621 = VECTOR('',#9622,1.);
#9622 = DIRECTION('',(-2.144786184852E-16,0.965925826289,-0.258819045103
    ));
#9623 = PLANE('',#9624);
#9624 = AXIS2_PLACEMENT_3D('',#9625,#9626,#9627);
#9625 = CARTESIAN_POINT('',(-21.383,33.347296355334,26.819615506024));
#9626 = DIRECTION('',(-5.746937261686E-17,0.258819045103,0.965925826289)
  );
#9627 = DIRECTION('',(-2.144786184852E-16,0.965925826289,-0.258819045103
    ));
#9628 = ADVANCED_FACE('',(#9629),#9654,.T.);
#9629 = FACE_BOUND('',#9630,.T.);
#9630 = EDGE_LOOP('',(#9631,#9641,#9647,#9648));
#9631 = ORIENTED_EDGE('',*,*,#9632,.T.);
#9632 = EDGE_CURVE('',#9633,#9635,#9637,.T.);
#9633 = VERTEX_POINT('',#9634);
#9634 = CARTESIAN_POINT('',(-21.383,34.879385241572,-15.43404028665));
#9635 = VERTEX_POINT('',#9636);
#9636 = CARTESIAN_POINT('',(-19.383,34.879385241572,-15.43404028665));
#9637 = LINE('',#9638,#9639);
#9638 = CARTESIAN_POINT('',(-21.383,34.879385241572,-15.43404028665));
#9639 = VECTOR('',#9640,1.);
#9640 = DIRECTION('',(1.,0.,-2.22044604925E-16));
#9641 = ORIENTED_EDGE('',*,*,#9642,.T.);
#9642 = EDGE_CURVE('',#9635,#9573,#9643,.T.);
#9643 = LINE('',#9644,#9645);
#9644 = CARTESIAN_POINT('',(-19.383,34.879385241572,-15.43404028665));
#9645 = VECTOR('',#9646,1.);
#9646 = DIRECTION('',(9.384010496232E-17,-0.422618261741,-0.906307787037
    ));
#9647 = ORIENTED_EDGE('',*,*,#9570,.F.);
#9648 = ORIENTED_EDGE('',*,*,#9649,.F.);
#9649 = EDGE_CURVE('',#9633,#9571,#9650,.T.);
#9650 = LINE('',#9651,#9652);
#9651 = CARTESIAN_POINT('',(-21.383,34.879385241572,-15.43404028665));
#9652 = VECTOR('',#9653,1.);
#9653 = DIRECTION('',(9.384010496232E-17,-0.422618261741,-0.906307787037
    ));
#9654 = PLANE('',#9655);
#9655 = AXIS2_PLACEMENT_3D('',#9656,#9657,#9658);
#9656 = CARTESIAN_POINT('',(-21.383,34.879385241572,-15.43404028665));
#9657 = DIRECTION('',(-2.01240754513E-16,0.906307787037,-0.422618261741)
  );
#9658 = DIRECTION('',(9.384010496232E-17,-0.422618261741,-0.906307787037
    ));
#9659 = ADVANCED_FACE('',(#9660),#9685,.T.);
#9660 = FACE_BOUND('',#9661,.T.);
#9661 = EDGE_LOOP('',(#9662,#9663,#9671,#9679));
#9662 = ORIENTED_EDGE('',*,*,#9610,.T.);
#9663 = ORIENTED_EDGE('',*,*,#9664,.T.);
#9664 = EDGE_CURVE('',#9603,#9665,#9667,.T.);
#9665 = VERTEX_POINT('',#9666);
#9666 = CARTESIAN_POINT('',(-19.383,34.,26.582050807569));
#9667 = LINE('',#9668,#9669);
#9668 = CARTESIAN_POINT('',(-19.383,33.684040286651,26.729385241572));
#9669 = VECTOR('',#9670,1.);
#9670 = DIRECTION('',(-2.01240754513E-16,0.906307787037,-0.422618261741)
  );
#9671 = ORIENTED_EDGE('',*,*,#9672,.F.);
#9672 = EDGE_CURVE('',#9673,#9665,#9675,.T.);
#9673 = VERTEX_POINT('',#9674);
#9674 = CARTESIAN_POINT('',(-21.383,34.,26.582050807569));
#9675 = LINE('',#9676,#9677);
#9676 = CARTESIAN_POINT('',(-21.383,34.,26.582050807569));
#9677 = VECTOR('',#9678,1.);
#9678 = DIRECTION('',(1.,0.,-2.22044604925E-16));
#9679 = ORIENTED_EDGE('',*,*,#9680,.F.);
#9680 = EDGE_CURVE('',#9611,#9673,#9681,.T.);
#9681 = LINE('',#9682,#9683);
#9682 = CARTESIAN_POINT('',(-21.383,33.684040286651,26.729385241572));
#9683 = VECTOR('',#9684,1.);
#9684 = DIRECTION('',(-2.01240754513E-16,0.906307787037,-0.422618261741)
  );
#9685 = PLANE('',#9686);
#9686 = AXIS2_PLACEMENT_3D('',#9687,#9688,#9689);
#9687 = CARTESIAN_POINT('',(-21.383,33.684040286651,26.729385241572));
#9688 = DIRECTION('',(-9.384010496232E-17,0.422618261741,0.906307787037)
  );
#9689 = DIRECTION('',(-2.01240754513E-16,0.906307787037,-0.422618261741)
  );
#9690 = ADVANCED_FACE('',(#9691),#9716,.T.);
#9691 = FACE_BOUND('',#9692,.T.);
#9692 = EDGE_LOOP('',(#9693,#9703,#9709,#9710));
#9693 = ORIENTED_EDGE('',*,*,#9694,.T.);
#9694 = EDGE_CURVE('',#9695,#9697,#9699,.T.);
#9695 = VERTEX_POINT('',#9696);
#9696 = CARTESIAN_POINT('',(-21.383,34.969615506024,-15.09729635533));
#9697 = VERTEX_POINT('',#9698);
#9698 = CARTESIAN_POINT('',(-19.383,34.969615506024,-15.09729635533));
#9699 = LINE('',#9700,#9701);
#9700 = CARTESIAN_POINT('',(-21.383,34.969615506024,-15.09729635533));
#9701 = VECTOR('',#9702,1.);
#9702 = DIRECTION('',(1.,0.,-2.22044604925E-16));
#9703 = ORIENTED_EDGE('',*,*,#9704,.T.);
#9704 = EDGE_CURVE('',#9697,#9635,#9705,.T.);
#9705 = LINE('',#9706,#9707);
#9706 = CARTESIAN_POINT('',(-19.383,34.969615506024,-15.09729635533));
#9707 = VECTOR('',#9708,1.);
#9708 = DIRECTION('',(5.746937261686E-17,-0.258819045103,-0.965925826289
    ));
#9709 = ORIENTED_EDGE('',*,*,#9632,.F.);
#9710 = ORIENTED_EDGE('',*,*,#9711,.F.);
#9711 = EDGE_CURVE('',#9695,#9633,#9712,.T.);
#9712 = LINE('',#9713,#9714);
#9713 = CARTESIAN_POINT('',(-21.383,34.969615506024,-15.09729635533));
#9714 = VECTOR('',#9715,1.);
#9715 = DIRECTION('',(5.746937261686E-17,-0.258819045103,-0.965925826289
    ));
#9716 = PLANE('',#9717);
#9717 = AXIS2_PLACEMENT_3D('',#9718,#9719,#9720);
#9718 = CARTESIAN_POINT('',(-21.383,34.969615506024,-15.09729635533));
#9719 = DIRECTION('',(-2.144786184852E-16,0.965925826289,-0.258819045103
    ));
#9720 = DIRECTION('',(5.746937261686E-17,-0.258819045103,-0.965925826289
    ));
#9721 = ADVANCED_FACE('',(#9722),#9747,.T.);
#9722 = FACE_BOUND('',#9723,.T.);
#9723 = EDGE_LOOP('',(#9724,#9725,#9733,#9741));
#9724 = ORIENTED_EDGE('',*,*,#9672,.T.);
#9725 = ORIENTED_EDGE('',*,*,#9726,.T.);
#9726 = EDGE_CURVE('',#9665,#9727,#9729,.T.);
#9727 = VERTEX_POINT('',#9728);
#9728 = CARTESIAN_POINT('',(-19.383,34.285575219373,26.382088886238));
#9729 = LINE('',#9730,#9731);
#9730 = CARTESIAN_POINT('',(-19.383,34.,26.582050807569));
#9731 = VECTOR('',#9732,1.);
#9732 = DIRECTION('',(-1.818882920477E-16,0.819152044289,-0.573576436351
    ));
#9733 = ORIENTED_EDGE('',*,*,#9734,.F.);
#9734 = EDGE_CURVE('',#9735,#9727,#9737,.T.);
#9735 = VERTEX_POINT('',#9736);
#9736 = CARTESIAN_POINT('',(-21.383,34.285575219373,26.382088886238));
#9737 = LINE('',#9738,#9739);
#9738 = CARTESIAN_POINT('',(-21.383,34.285575219373,26.382088886238));
#9739 = VECTOR('',#9740,1.);
#9740 = DIRECTION('',(1.,0.,-2.22044604925E-16));
#9741 = ORIENTED_EDGE('',*,*,#9742,.F.);
#9742 = EDGE_CURVE('',#9673,#9735,#9743,.T.);
#9743 = LINE('',#9744,#9745);
#9744 = CARTESIAN_POINT('',(-21.383,34.,26.582050807569));
#9745 = VECTOR('',#9746,1.);
#9746 = DIRECTION('',(-1.818882920477E-16,0.819152044289,-0.573576436351
    ));
#9747 = PLANE('',#9748);
#9748 = AXIS2_PLACEMENT_3D('',#9749,#9750,#9751);
#9749 = CARTESIAN_POINT('',(-21.383,34.,26.582050807569));
#9750 = DIRECTION('',(-1.273595532039E-16,0.573576436351,0.819152044289)
  );
#9751 = DIRECTION('',(-1.818882920477E-16,0.819152044289,-0.573576436351
    ));
#9752 = ADVANCED_FACE('',(#9753),#9778,.T.);
#9753 = FACE_BOUND('',#9754,.T.);
#9754 = EDGE_LOOP('',(#9755,#9765,#9771,#9772));
#9755 = ORIENTED_EDGE('',*,*,#9756,.T.);
#9756 = EDGE_CURVE('',#9757,#9759,#9761,.T.);
#9757 = VERTEX_POINT('',#9758);
#9758 = CARTESIAN_POINT('',(-21.383,35.,-14.75));
#9759 = VERTEX_POINT('',#9760);
#9760 = CARTESIAN_POINT('',(-19.383,35.,-14.75));
#9761 = LINE('',#9762,#9763);
#9762 = CARTESIAN_POINT('',(-21.383,35.,-14.75));
#9763 = VECTOR('',#9764,1.);
#9764 = DIRECTION('',(1.,0.,-2.22044604925E-16));
#9765 = ORIENTED_EDGE('',*,*,#9766,.T.);
#9766 = EDGE_CURVE('',#9759,#9697,#9767,.T.);
#9767 = LINE('',#9768,#9769);
#9768 = CARTESIAN_POINT('',(-19.383,35.,-14.75));
#9769 = VECTOR('',#9770,1.);
#9770 = DIRECTION('',(1.935246246535E-17,-8.715574274765E-02,
    -0.996194698092));
#9771 = ORIENTED_EDGE('',*,*,#9694,.F.);
#9772 = ORIENTED_EDGE('',*,*,#9773,.F.);
#9773 = EDGE_CURVE('',#9757,#9695,#9774,.T.);
#9774 = LINE('',#9775,#9776);
#9775 = CARTESIAN_POINT('',(-21.383,35.,-14.75));
#9776 = VECTOR('',#9777,1.);
#9777 = DIRECTION('',(1.935246246535E-17,-8.715574274765E-02,
    -0.996194698092));
#9778 = PLANE('',#9779);
#9779 = AXIS2_PLACEMENT_3D('',#9780,#9781,#9782);
#9780 = CARTESIAN_POINT('',(-21.383,35.,-14.75));
#9781 = DIRECTION('',(-2.211996581662E-16,0.996194698092,
    -8.715574274765E-02));
#9782 = DIRECTION('',(1.935246246535E-17,-8.715574274765E-02,
    -0.996194698092));
#9783 = ADVANCED_FACE('',(#9784),#9809,.T.);
#9784 = FACE_BOUND('',#9785,.T.);
#9785 = EDGE_LOOP('',(#9786,#9787,#9795,#9803));
#9786 = ORIENTED_EDGE('',*,*,#9734,.T.);
#9787 = ORIENTED_EDGE('',*,*,#9788,.T.);
#9788 = EDGE_CURVE('',#9727,#9789,#9791,.T.);
#9789 = VERTEX_POINT('',#9790);
#9790 = CARTESIAN_POINT('',(-19.383,34.532088886238,26.135575219373));
#9791 = LINE('',#9792,#9793);
#9792 = CARTESIAN_POINT('',(-19.383,34.285575219373,26.382088886238));
#9793 = VECTOR('',#9794,1.);
#9794 = DIRECTION('',(-1.570092458684E-16,0.707106781187,-0.707106781187
    ));
#9795 = ORIENTED_EDGE('',*,*,#9796,.F.);
#9796 = EDGE_CURVE('',#9797,#9789,#9799,.T.);
#9797 = VERTEX_POINT('',#9798);
#9798 = CARTESIAN_POINT('',(-21.383,34.532088886238,26.135575219373));
#9799 = LINE('',#9800,#9801);
#9800 = CARTESIAN_POINT('',(-21.383,34.532088886238,26.135575219373));
#9801 = VECTOR('',#9802,1.);
#9802 = DIRECTION('',(1.,0.,-2.22044604925E-16));
#9803 = ORIENTED_EDGE('',*,*,#9804,.F.);
#9804 = EDGE_CURVE('',#9735,#9797,#9805,.T.);
#9805 = LINE('',#9806,#9807);
#9806 = CARTESIAN_POINT('',(-21.383,34.285575219373,26.382088886238));
#9807 = VECTOR('',#9808,1.);
#9808 = DIRECTION('',(-1.570092458684E-16,0.707106781187,-0.707106781187
    ));
#9809 = PLANE('',#9810);
#9810 = AXIS2_PLACEMENT_3D('',#9811,#9812,#9813);
#9811 = CARTESIAN_POINT('',(-21.383,34.285575219373,26.382088886238));
#9812 = DIRECTION('',(-1.570092458684E-16,0.707106781187,0.707106781187)
  );
#9813 = DIRECTION('',(-1.570092458684E-16,0.707106781187,-0.707106781187
    ));
#9814 = ADVANCED_FACE('',(#9815),#9840,.T.);
#9815 = FACE_BOUND('',#9816,.T.);
#9816 = EDGE_LOOP('',(#9817,#9827,#9833,#9834));
#9817 = ORIENTED_EDGE('',*,*,#9818,.T.);
#9818 = EDGE_CURVE('',#9819,#9821,#9823,.T.);
#9819 = VERTEX_POINT('',#9820);
#9820 = CARTESIAN_POINT('',(-21.383,35.,24.85));
#9821 = VERTEX_POINT('',#9822);
#9822 = CARTESIAN_POINT('',(-19.383,35.,24.85));
#9823 = LINE('',#9824,#9825);
#9824 = CARTESIAN_POINT('',(-21.383,35.,24.85));
#9825 = VECTOR('',#9826,1.);
#9826 = DIRECTION('',(1.,0.,-2.22044604925E-16));
#9827 = ORIENTED_EDGE('',*,*,#9828,.T.);
#9828 = EDGE_CURVE('',#9821,#9759,#9829,.T.);
#9829 = LINE('',#9830,#9831);
#9830 = CARTESIAN_POINT('',(-19.383,35.,24.85));
#9831 = VECTOR('',#9832,1.);
#9832 = DIRECTION('',(0.,2.22044604925E-16,-1.));
#9833 = ORIENTED_EDGE('',*,*,#9756,.F.);
#9834 = ORIENTED_EDGE('',*,*,#9835,.F.);
#9835 = EDGE_CURVE('',#9819,#9757,#9836,.T.);
#9836 = LINE('',#9837,#9838);
#9837 = CARTESIAN_POINT('',(-21.383,35.,24.85));
#9838 = VECTOR('',#9839,1.);
#9839 = DIRECTION('',(0.,2.22044604925E-16,-1.));
#9840 = PLANE('',#9841);
#9841 = AXIS2_PLACEMENT_3D('',#9842,#9843,#9844);
#9842 = CARTESIAN_POINT('',(-21.383,35.,24.85));
#9843 = DIRECTION('',(-2.22044604925E-16,1.,0.));
#9844 = DIRECTION('',(0.,2.22044604925E-16,-1.));
#9845 = ADVANCED_FACE('',(#9846),#9871,.T.);
#9846 = FACE_BOUND('',#9847,.T.);
#9847 = EDGE_LOOP('',(#9848,#9849,#9857,#9865));
#9848 = ORIENTED_EDGE('',*,*,#9796,.T.);
#9849 = ORIENTED_EDGE('',*,*,#9850,.T.);
#9850 = EDGE_CURVE('',#9789,#9851,#9853,.T.);
#9851 = VERTEX_POINT('',#9852);
#9852 = CARTESIAN_POINT('',(-19.383,34.732050807569,25.85));
#9853 = LINE('',#9854,#9855);
#9854 = CARTESIAN_POINT('',(-19.383,34.532088886238,26.135575219373));
#9855 = VECTOR('',#9856,1.);
#9856 = DIRECTION('',(-1.273595532039E-16,0.573576436351,-0.819152044289
    ));
#9857 = ORIENTED_EDGE('',*,*,#9858,.F.);
#9858 = EDGE_CURVE('',#9859,#9851,#9861,.T.);
#9859 = VERTEX_POINT('',#9860);
#9860 = CARTESIAN_POINT('',(-21.383,34.732050807569,25.85));
#9861 = LINE('',#9862,#9863);
#9862 = CARTESIAN_POINT('',(-21.383,34.732050807569,25.85));
#9863 = VECTOR('',#9864,1.);
#9864 = DIRECTION('',(1.,0.,-2.22044604925E-16));
#9865 = ORIENTED_EDGE('',*,*,#9866,.F.);
#9866 = EDGE_CURVE('',#9797,#9859,#9867,.T.);
#9867 = LINE('',#9868,#9869);
#9868 = CARTESIAN_POINT('',(-21.383,34.532088886238,26.135575219373));
#9869 = VECTOR('',#9870,1.);
#9870 = DIRECTION('',(-1.273595532039E-16,0.573576436351,-0.819152044289
    ));
#9871 = PLANE('',#9872);
#9872 = AXIS2_PLACEMENT_3D('',#9873,#9874,#9875);
#9873 = CARTESIAN_POINT('',(-21.383,34.532088886238,26.135575219373));
#9874 = DIRECTION('',(-1.818882920477E-16,0.819152044289,0.573576436351)
  );
#9875 = DIRECTION('',(-1.273595532039E-16,0.573576436351,-0.819152044289
    ));
#9876 = ADVANCED_FACE('',(#9877),#9902,.T.);
#9877 = FACE_BOUND('',#9878,.T.);
#9878 = EDGE_LOOP('',(#9879,#9889,#9895,#9896));
#9879 = ORIENTED_EDGE('',*,*,#9880,.T.);
#9880 = EDGE_CURVE('',#9881,#9883,#9885,.T.);
#9881 = VERTEX_POINT('',#9882);
#9882 = CARTESIAN_POINT('',(-21.383,34.969615506024,25.197296355334));
#9883 = VERTEX_POINT('',#9884);
#9884 = CARTESIAN_POINT('',(-19.383,34.969615506024,25.197296355334));
#9885 = LINE('',#9886,#9887);
#9886 = CARTESIAN_POINT('',(-21.383,34.969615506024,25.197296355334));
#9887 = VECTOR('',#9888,1.);
#9888 = DIRECTION('',(1.,0.,-2.22044604925E-16));
#9889 = ORIENTED_EDGE('',*,*,#9890,.T.);
#9890 = EDGE_CURVE('',#9883,#9821,#9891,.T.);
#9891 = LINE('',#9892,#9893);
#9892 = CARTESIAN_POINT('',(-19.383,34.969615506024,25.197296355334));
#9893 = VECTOR('',#9894,1.);
#9894 = DIRECTION('',(-1.935246246535E-17,8.715574274765E-02,
    -0.996194698092));
#9895 = ORIENTED_EDGE('',*,*,#9818,.F.);
#9896 = ORIENTED_EDGE('',*,*,#9897,.F.);
#9897 = EDGE_CURVE('',#9881,#9819,#9898,.T.);
#9898 = LINE('',#9899,#9900);
#9899 = CARTESIAN_POINT('',(-21.383,34.969615506024,25.197296355334));
#9900 = VECTOR('',#9901,1.);
#9901 = DIRECTION('',(-1.935246246535E-17,8.715574274765E-02,
    -0.996194698092));
#9902 = PLANE('',#9903);
#9903 = AXIS2_PLACEMENT_3D('',#9904,#9905,#9906);
#9904 = CARTESIAN_POINT('',(-21.383,34.969615506024,25.197296355334));
#9905 = DIRECTION('',(-2.211996581662E-16,0.996194698092,
    8.715574274765E-02));
#9906 = DIRECTION('',(-1.935246246535E-17,8.715574274765E-02,
    -0.996194698092));
#9907 = ADVANCED_FACE('',(#9908),#9933,.T.);
#9908 = FACE_BOUND('',#9909,.T.);
#9909 = EDGE_LOOP('',(#9910,#9911,#9919,#9927));
#9910 = ORIENTED_EDGE('',*,*,#9858,.T.);
#9911 = ORIENTED_EDGE('',*,*,#9912,.T.);
#9912 = EDGE_CURVE('',#9851,#9913,#9915,.T.);
#9913 = VERTEX_POINT('',#9914);
#9914 = CARTESIAN_POINT('',(-19.383,34.879385241572,25.534040286651));
#9915 = LINE('',#9916,#9917);
#9916 = CARTESIAN_POINT('',(-19.383,34.732050807569,25.85));
#9917 = VECTOR('',#9918,1.);
#9918 = DIRECTION('',(-9.384010496232E-17,0.422618261741,-0.906307787037
    ));
#9919 = ORIENTED_EDGE('',*,*,#9920,.F.);
#9920 = EDGE_CURVE('',#9921,#9913,#9923,.T.);
#9921 = VERTEX_POINT('',#9922);
#9922 = CARTESIAN_POINT('',(-21.383,34.879385241572,25.534040286651));
#9923 = LINE('',#9924,#9925);
#9924 = CARTESIAN_POINT('',(-21.383,34.879385241572,25.534040286651));
#9925 = VECTOR('',#9926,1.);
#9926 = DIRECTION('',(1.,0.,-2.22044604925E-16));
#9927 = ORIENTED_EDGE('',*,*,#9928,.F.);
#9928 = EDGE_CURVE('',#9859,#9921,#9929,.T.);
#9929 = LINE('',#9930,#9931);
#9930 = CARTESIAN_POINT('',(-21.383,34.732050807569,25.85));
#9931 = VECTOR('',#9932,1.);
#9932 = DIRECTION('',(-9.384010496232E-17,0.422618261741,-0.906307787037
    ));
#9933 = PLANE('',#9934);
#9934 = AXIS2_PLACEMENT_3D('',#9935,#9936,#9937);
#9935 = CARTESIAN_POINT('',(-21.383,34.732050807569,25.85));
#9936 = DIRECTION('',(-2.01240754513E-16,0.906307787037,0.422618261741)
  );
#9937 = DIRECTION('',(-9.384010496232E-17,0.422618261741,-0.906307787037
    ));
#9938 = ADVANCED_FACE('',(#9939),#9955,.T.);
#9939 = FACE_BOUND('',#9940,.T.);
#9940 = EDGE_LOOP('',(#9941,#9942,#9948,#9949));
#9941 = ORIENTED_EDGE('',*,*,#9920,.T.);
#9942 = ORIENTED_EDGE('',*,*,#9943,.T.);
#9943 = EDGE_CURVE('',#9913,#9883,#9944,.T.);
#9944 = LINE('',#9945,#9946);
#9945 = CARTESIAN_POINT('',(-19.383,34.879385241572,25.534040286651));
#9946 = VECTOR('',#9947,1.);
#9947 = DIRECTION('',(-5.746937261686E-17,0.258819045103,-0.965925826289
    ));
#9948 = ORIENTED_EDGE('',*,*,#9880,.F.);
#9949 = ORIENTED_EDGE('',*,*,#9950,.F.);
#9950 = EDGE_CURVE('',#9921,#9881,#9951,.T.);
#9951 = LINE('',#9952,#9953);
#9952 = CARTESIAN_POINT('',(-21.383,34.879385241572,25.534040286651));
#9953 = VECTOR('',#9954,1.);
#9954 = DIRECTION('',(-5.746937261686E-17,0.258819045103,-0.965925826289
    ));
#9955 = PLANE('',#9956);
#9956 = AXIS2_PLACEMENT_3D('',#9957,#9958,#9959);
#9957 = CARTESIAN_POINT('',(-21.383,34.879385241572,25.534040286651));
#9958 = DIRECTION('',(-2.144786184852E-16,0.965925826289,0.258819045103)
  );
#9959 = DIRECTION('',(-5.746937261686E-17,0.258819045103,-0.965925826289
    ));
#9960 = ADVANCED_FACE('',(#9961),#9986,.T.);
#9961 = FACE_BOUND('',#9962,.T.);
#9962 = EDGE_LOOP('',(#9963,#9973,#9979,#9980));
#9963 = ORIENTED_EDGE('',*,*,#9964,.T.);
#9964 = EDGE_CURVE('',#9965,#9967,#9969,.T.);
#9965 = VERTEX_POINT('',#9966);
#9966 = CARTESIAN_POINT('',(19.383,33.347296355334,-16.71961550602));
#9967 = VERTEX_POINT('',#9968);
#9968 = CARTESIAN_POINT('',(21.383,33.347296355334,-16.71961550602));
#9969 = LINE('',#9970,#9971);
#9970 = CARTESIAN_POINT('',(19.383,33.347296355334,-16.71961550602));
#9971 = VECTOR('',#9972,1.);
#9972 = DIRECTION('',(1.,0.,-2.22044604925E-16));
#9973 = ORIENTED_EDGE('',*,*,#9974,.T.);
#9974 = EDGE_CURVE('',#9967,#4999,#9975,.T.);
#9975 = LINE('',#9976,#9977);
#9976 = CARTESIAN_POINT('',(21.383,33.347296355334,-16.71961550602));
#9977 = VECTOR('',#9978,1.);
#9978 = DIRECTION('',(2.211996581662E-16,-0.996194698092,
    -8.715574274766E-02));
#9979 = ORIENTED_EDGE('',*,*,#4998,.F.);
#9980 = ORIENTED_EDGE('',*,*,#9981,.F.);
#9981 = EDGE_CURVE('',#9965,#4991,#9982,.T.);
#9982 = LINE('',#9983,#9984);
#9983 = CARTESIAN_POINT('',(19.383,33.347296355334,-16.71961550602));
#9984 = VECTOR('',#9985,1.);
#9985 = DIRECTION('',(2.211996581662E-16,-0.996194698092,
    -8.715574274766E-02));
#9986 = PLANE('',#9987);
#9987 = AXIS2_PLACEMENT_3D('',#9988,#9989,#9990);
#9988 = CARTESIAN_POINT('',(19.383,33.347296355334,-16.71961550602));
#9989 = DIRECTION('',(-1.935246246535E-17,8.715574274766E-02,
    -0.996194698092));
#9990 = DIRECTION('',(2.211996581662E-16,-0.996194698092,
    -8.715574274766E-02));
#9991 = ADVANCED_FACE('',(#9992),#10017,.T.);
#9992 = FACE_BOUND('',#9993,.T.);
#9993 = EDGE_LOOP('',(#9994,#10004,#10010,#10011));
#9994 = ORIENTED_EDGE('',*,*,#9995,.T.);
#9995 = EDGE_CURVE('',#9996,#9998,#10000,.T.);
#9996 = VERTEX_POINT('',#9997);
#9997 = CARTESIAN_POINT('',(19.383,33.684040286651,-16.62938524157));
#9998 = VERTEX_POINT('',#9999);
#9999 = CARTESIAN_POINT('',(21.383,33.684040286651,-16.62938524157));
#10000 = LINE('',#10001,#10002);
#10001 = CARTESIAN_POINT('',(19.383,33.684040286651,-16.62938524157));
#10002 = VECTOR('',#10003,1.);
#10003 = DIRECTION('',(1.,0.,-2.22044604925E-16));
#10004 = ORIENTED_EDGE('',*,*,#10005,.T.);
#10005 = EDGE_CURVE('',#9998,#9967,#10006,.T.);
#10006 = LINE('',#10007,#10008);
#10007 = CARTESIAN_POINT('',(21.383,33.684040286651,-16.62938524157));
#10008 = VECTOR('',#10009,1.);
#10009 = DIRECTION('',(2.144786184852E-16,-0.965925826289,
    -0.258819045103));
#10010 = ORIENTED_EDGE('',*,*,#9964,.F.);
#10011 = ORIENTED_EDGE('',*,*,#10012,.F.);
#10012 = EDGE_CURVE('',#9996,#9965,#10013,.T.);
#10013 = LINE('',#10014,#10015);
#10014 = CARTESIAN_POINT('',(19.383,33.684040286651,-16.62938524157));
#10015 = VECTOR('',#10016,1.);
#10016 = DIRECTION('',(2.144786184852E-16,-0.965925826289,
    -0.258819045103));
#10017 = PLANE('',#10018);
#10018 = AXIS2_PLACEMENT_3D('',#10019,#10020,#10021);
#10019 = CARTESIAN_POINT('',(19.383,33.684040286651,-16.62938524157));
#10020 = DIRECTION('',(-5.746937261686E-17,0.258819045103,
    -0.965925826289));
#10021 = DIRECTION('',(2.144786184852E-16,-0.965925826289,
    -0.258819045103));
#10022 = ADVANCED_FACE('',(#10023),#10048,.T.);
#10023 = FACE_BOUND('',#10024,.T.);
#10024 = EDGE_LOOP('',(#10025,#10035,#10041,#10042));
#10025 = ORIENTED_EDGE('',*,*,#10026,.T.);
#10026 = EDGE_CURVE('',#10027,#10029,#10031,.T.);
#10027 = VERTEX_POINT('',#10028);
#10028 = CARTESIAN_POINT('',(19.383,34.,-16.48205080756));
#10029 = VERTEX_POINT('',#10030);
#10030 = CARTESIAN_POINT('',(21.383,34.,-16.48205080756));
#10031 = LINE('',#10032,#10033);
#10032 = CARTESIAN_POINT('',(19.383,34.,-16.48205080756));
#10033 = VECTOR('',#10034,1.);
#10034 = DIRECTION('',(1.,0.,-2.22044604925E-16));
#10035 = ORIENTED_EDGE('',*,*,#10036,.T.);
#10036 = EDGE_CURVE('',#10029,#9998,#10037,.T.);
#10037 = LINE('',#10038,#10039);
#10038 = CARTESIAN_POINT('',(21.383,34.,-16.48205080756));
#10039 = VECTOR('',#10040,1.);
#10040 = DIRECTION('',(2.01240754513E-16,-0.906307787037,-0.422618261741
    ));
#10041 = ORIENTED_EDGE('',*,*,#9995,.F.);
#10042 = ORIENTED_EDGE('',*,*,#10043,.F.);
#10043 = EDGE_CURVE('',#10027,#9996,#10044,.T.);
#10044 = LINE('',#10045,#10046);
#10045 = CARTESIAN_POINT('',(19.383,34.,-16.48205080756));
#10046 = VECTOR('',#10047,1.);
#10047 = DIRECTION('',(2.01240754513E-16,-0.906307787037,-0.422618261741
    ));
#10048 = PLANE('',#10049);
#10049 = AXIS2_PLACEMENT_3D('',#10050,#10051,#10052);
#10050 = CARTESIAN_POINT('',(19.383,34.,-16.48205080756));
#10051 = DIRECTION('',(-9.384010496232E-17,0.422618261741,
    -0.906307787037));
#10052 = DIRECTION('',(2.01240754513E-16,-0.906307787037,-0.422618261741
    ));
#10053 = ADVANCED_FACE('',(#10054),#10079,.T.);
#10054 = FACE_BOUND('',#10055,.T.);
#10055 = EDGE_LOOP('',(#10056,#10066,#10072,#10073));
#10056 = ORIENTED_EDGE('',*,*,#10057,.T.);
#10057 = EDGE_CURVE('',#10058,#10060,#10062,.T.);
#10058 = VERTEX_POINT('',#10059);
#10059 = CARTESIAN_POINT('',(19.383,34.285575219373,-16.28208888623));
#10060 = VERTEX_POINT('',#10061);
#10061 = CARTESIAN_POINT('',(21.383,34.285575219373,-16.28208888623));
#10062 = LINE('',#10063,#10064);
#10063 = CARTESIAN_POINT('',(19.383,34.285575219373,-16.28208888623));
#10064 = VECTOR('',#10065,1.);
#10065 = DIRECTION('',(1.,0.,-2.22044604925E-16));
#10066 = ORIENTED_EDGE('',*,*,#10067,.T.);
#10067 = EDGE_CURVE('',#10060,#10029,#10068,.T.);
#10068 = LINE('',#10069,#10070);
#10069 = CARTESIAN_POINT('',(21.383,34.285575219373,-16.28208888623));
#10070 = VECTOR('',#10071,1.);
#10071 = DIRECTION('',(1.818882920477E-16,-0.819152044289,
    -0.573576436351));
#10072 = ORIENTED_EDGE('',*,*,#10026,.F.);
#10073 = ORIENTED_EDGE('',*,*,#10074,.F.);
#10074 = EDGE_CURVE('',#10058,#10027,#10075,.T.);
#10075 = LINE('',#10076,#10077);
#10076 = CARTESIAN_POINT('',(19.383,34.285575219373,-16.28208888623));
#10077 = VECTOR('',#10078,1.);
#10078 = DIRECTION('',(1.818882920477E-16,-0.819152044289,
    -0.573576436351));
#10079 = PLANE('',#10080);
#10080 = AXIS2_PLACEMENT_3D('',#10081,#10082,#10083);
#10081 = CARTESIAN_POINT('',(19.383,34.285575219373,-16.28208888623));
#10082 = DIRECTION('',(-1.273595532039E-16,0.573576436351,
    -0.819152044289));
#10083 = DIRECTION('',(1.818882920477E-16,-0.819152044289,
    -0.573576436351));
#10084 = ADVANCED_FACE('',(#10085),#10110,.T.);
#10085 = FACE_BOUND('',#10086,.T.);
#10086 = EDGE_LOOP('',(#10087,#10097,#10103,#10104));
#10087 = ORIENTED_EDGE('',*,*,#10088,.T.);
#10088 = EDGE_CURVE('',#10089,#10091,#10093,.T.);
#10089 = VERTEX_POINT('',#10090);
#10090 = CARTESIAN_POINT('',(19.383,34.532088886238,-16.03557521937));
#10091 = VERTEX_POINT('',#10092);
#10092 = CARTESIAN_POINT('',(21.383,34.532088886238,-16.03557521937));
#10093 = LINE('',#10094,#10095);
#10094 = CARTESIAN_POINT('',(19.383,34.532088886238,-16.03557521937));
#10095 = VECTOR('',#10096,1.);
#10096 = DIRECTION('',(1.,0.,-2.22044604925E-16));
#10097 = ORIENTED_EDGE('',*,*,#10098,.T.);
#10098 = EDGE_CURVE('',#10091,#10060,#10099,.T.);
#10099 = LINE('',#10100,#10101);
#10100 = CARTESIAN_POINT('',(21.383,34.532088886238,-16.03557521937));
#10101 = VECTOR('',#10102,1.);
#10102 = DIRECTION('',(1.570092458684E-16,-0.707106781187,
    -0.707106781187));
#10103 = ORIENTED_EDGE('',*,*,#10057,.F.);
#10104 = ORIENTED_EDGE('',*,*,#10105,.F.);
#10105 = EDGE_CURVE('',#10089,#10058,#10106,.T.);
#10106 = LINE('',#10107,#10108);
#10107 = CARTESIAN_POINT('',(19.383,34.532088886238,-16.03557521937));
#10108 = VECTOR('',#10109,1.);
#10109 = DIRECTION('',(1.570092458684E-16,-0.707106781187,
    -0.707106781187));
#10110 = PLANE('',#10111);
#10111 = AXIS2_PLACEMENT_3D('',#10112,#10113,#10114);
#10112 = CARTESIAN_POINT('',(19.383,34.532088886238,-16.03557521937));
#10113 = DIRECTION('',(-1.570092458684E-16,0.707106781187,
    -0.707106781187));
#10114 = DIRECTION('',(1.570092458684E-16,-0.707106781187,
    -0.707106781187));
#10115 = ADVANCED_FACE('',(#10116),#10141,.T.);
#10116 = FACE_BOUND('',#10117,.T.);
#10117 = EDGE_LOOP('',(#10118,#10119,#10127,#10135));
#10118 = ORIENTED_EDGE('',*,*,#5038,.T.);
#10119 = ORIENTED_EDGE('',*,*,#10120,.T.);
#10120 = EDGE_CURVE('',#5031,#10121,#10123,.T.);
#10121 = VERTEX_POINT('',#10122);
#10122 = CARTESIAN_POINT('',(21.383,33.347296355334,26.819615506024));
#10123 = LINE('',#10124,#10125);
#10124 = CARTESIAN_POINT('',(21.383,33.,26.85));
#10125 = VECTOR('',#10126,1.);
#10126 = DIRECTION('',(-2.211996581662E-16,0.996194698092,
    -8.715574274766E-02));
#10127 = ORIENTED_EDGE('',*,*,#10128,.F.);
#10128 = EDGE_CURVE('',#10129,#10121,#10131,.T.);
#10129 = VERTEX_POINT('',#10130);
#10130 = CARTESIAN_POINT('',(19.383,33.347296355334,26.819615506024));
#10131 = LINE('',#10132,#10133);
#10132 = CARTESIAN_POINT('',(19.383,33.347296355334,26.819615506024));
#10133 = VECTOR('',#10134,1.);
#10134 = DIRECTION('',(1.,0.,-2.22044604925E-16));
#10135 = ORIENTED_EDGE('',*,*,#10136,.F.);
#10136 = EDGE_CURVE('',#5022,#10129,#10137,.T.);
#10137 = LINE('',#10138,#10139);
#10138 = CARTESIAN_POINT('',(19.383,33.,26.85));
#10139 = VECTOR('',#10140,1.);
#10140 = DIRECTION('',(-2.211996581662E-16,0.996194698092,
    -8.715574274766E-02));
#10141 = PLANE('',#10142);
#10142 = AXIS2_PLACEMENT_3D('',#10143,#10144,#10145);
#10143 = CARTESIAN_POINT('',(19.383,33.,26.85));
#10144 = DIRECTION('',(-1.935246246535E-17,8.715574274766E-02,
    0.996194698092));
#10145 = DIRECTION('',(-2.211996581662E-16,0.996194698092,
    -8.715574274766E-02));
#10146 = ADVANCED_FACE('',(#10147),#10172,.T.);
#10147 = FACE_BOUND('',#10148,.T.);
#10148 = EDGE_LOOP('',(#10149,#10159,#10165,#10166));
#10149 = ORIENTED_EDGE('',*,*,#10150,.T.);
#10150 = EDGE_CURVE('',#10151,#10153,#10155,.T.);
#10151 = VERTEX_POINT('',#10152);
#10152 = CARTESIAN_POINT('',(19.383,34.732050807569,-15.75));
#10153 = VERTEX_POINT('',#10154);
#10154 = CARTESIAN_POINT('',(21.383,34.732050807569,-15.75));
#10155 = LINE('',#10156,#10157);
#10156 = CARTESIAN_POINT('',(19.383,34.732050807569,-15.75));
#10157 = VECTOR('',#10158,1.);
#10158 = DIRECTION('',(1.,0.,-2.22044604925E-16));
#10159 = ORIENTED_EDGE('',*,*,#10160,.T.);
#10160 = EDGE_CURVE('',#10153,#10091,#10161,.T.);
#10161 = LINE('',#10162,#10163);
#10162 = CARTESIAN_POINT('',(21.383,34.732050807569,-15.75));
#10163 = VECTOR('',#10164,1.);
#10164 = DIRECTION('',(1.273595532039E-16,-0.573576436351,
    -0.819152044289));
#10165 = ORIENTED_EDGE('',*,*,#10088,.F.);
#10166 = ORIENTED_EDGE('',*,*,#10167,.F.);
#10167 = EDGE_CURVE('',#10151,#10089,#10168,.T.);
#10168 = LINE('',#10169,#10170);
#10169 = CARTESIAN_POINT('',(19.383,34.732050807569,-15.75));
#10170 = VECTOR('',#10171,1.);
#10171 = DIRECTION('',(1.273595532039E-16,-0.573576436351,
    -0.819152044289));
#10172 = PLANE('',#10173);
#10173 = AXIS2_PLACEMENT_3D('',#10174,#10175,#10176);
#10174 = CARTESIAN_POINT('',(19.383,34.732050807569,-15.75));
#10175 = DIRECTION('',(-1.818882920477E-16,0.819152044289,
    -0.573576436351));
#10176 = DIRECTION('',(1.273595532039E-16,-0.573576436351,
    -0.819152044289));
#10177 = ADVANCED_FACE('',(#10178),#10203,.T.);
#10178 = FACE_BOUND('',#10179,.T.);
#10179 = EDGE_LOOP('',(#10180,#10181,#10189,#10197));
#10180 = ORIENTED_EDGE('',*,*,#10128,.T.);
#10181 = ORIENTED_EDGE('',*,*,#10182,.T.);
#10182 = EDGE_CURVE('',#10121,#10183,#10185,.T.);
#10183 = VERTEX_POINT('',#10184);
#10184 = CARTESIAN_POINT('',(21.383,33.684040286651,26.729385241572));
#10185 = LINE('',#10186,#10187);
#10186 = CARTESIAN_POINT('',(21.383,33.347296355334,26.819615506024));
#10187 = VECTOR('',#10188,1.);
#10188 = DIRECTION('',(-2.144786184852E-16,0.965925826289,
    -0.258819045103));
#10189 = ORIENTED_EDGE('',*,*,#10190,.F.);
#10190 = EDGE_CURVE('',#10191,#10183,#10193,.T.);
#10191 = VERTEX_POINT('',#10192);
#10192 = CARTESIAN_POINT('',(19.383,33.684040286651,26.729385241572));
#10193 = LINE('',#10194,#10195);
#10194 = CARTESIAN_POINT('',(19.383,33.684040286651,26.729385241572));
#10195 = VECTOR('',#10196,1.);
#10196 = DIRECTION('',(1.,0.,-2.22044604925E-16));
#10197 = ORIENTED_EDGE('',*,*,#10198,.F.);
#10198 = EDGE_CURVE('',#10129,#10191,#10199,.T.);
#10199 = LINE('',#10200,#10201);
#10200 = CARTESIAN_POINT('',(19.383,33.347296355334,26.819615506024));
#10201 = VECTOR('',#10202,1.);
#10202 = DIRECTION('',(-2.144786184852E-16,0.965925826289,
    -0.258819045103));
#10203 = PLANE('',#10204);
#10204 = AXIS2_PLACEMENT_3D('',#10205,#10206,#10207);
#10205 = CARTESIAN_POINT('',(19.383,33.347296355334,26.819615506024));
#10206 = DIRECTION('',(-5.746937261686E-17,0.258819045103,0.965925826289
    ));
#10207 = DIRECTION('',(-2.144786184852E-16,0.965925826289,
    -0.258819045103));
#10208 = ADVANCED_FACE('',(#10209),#10234,.T.);
#10209 = FACE_BOUND('',#10210,.T.);
#10210 = EDGE_LOOP('',(#10211,#10221,#10227,#10228));
#10211 = ORIENTED_EDGE('',*,*,#10212,.T.);
#10212 = EDGE_CURVE('',#10213,#10215,#10217,.T.);
#10213 = VERTEX_POINT('',#10214);
#10214 = CARTESIAN_POINT('',(19.383,34.879385241572,-15.43404028665));
#10215 = VERTEX_POINT('',#10216);
#10216 = CARTESIAN_POINT('',(21.383,34.879385241572,-15.43404028665));
#10217 = LINE('',#10218,#10219);
#10218 = CARTESIAN_POINT('',(19.383,34.879385241572,-15.43404028665));
#10219 = VECTOR('',#10220,1.);
#10220 = DIRECTION('',(1.,0.,-2.22044604925E-16));
#10221 = ORIENTED_EDGE('',*,*,#10222,.T.);
#10222 = EDGE_CURVE('',#10215,#10153,#10223,.T.);
#10223 = LINE('',#10224,#10225);
#10224 = CARTESIAN_POINT('',(21.383,34.879385241572,-15.43404028665));
#10225 = VECTOR('',#10226,1.);
#10226 = DIRECTION('',(9.384010496232E-17,-0.422618261741,
    -0.906307787037));
#10227 = ORIENTED_EDGE('',*,*,#10150,.F.);
#10228 = ORIENTED_EDGE('',*,*,#10229,.F.);
#10229 = EDGE_CURVE('',#10213,#10151,#10230,.T.);
#10230 = LINE('',#10231,#10232);
#10231 = CARTESIAN_POINT('',(19.383,34.879385241572,-15.43404028665));
#10232 = VECTOR('',#10233,1.);
#10233 = DIRECTION('',(9.384010496232E-17,-0.422618261741,
    -0.906307787037));
#10234 = PLANE('',#10235);
#10235 = AXIS2_PLACEMENT_3D('',#10236,#10237,#10238);
#10236 = CARTESIAN_POINT('',(19.383,34.879385241572,-15.43404028665));
#10237 = DIRECTION('',(-2.01240754513E-16,0.906307787037,-0.422618261741
    ));
#10238 = DIRECTION('',(9.384010496232E-17,-0.422618261741,
    -0.906307787037));
#10239 = ADVANCED_FACE('',(#10240),#10265,.T.);
#10240 = FACE_BOUND('',#10241,.T.);
#10241 = EDGE_LOOP('',(#10242,#10243,#10251,#10259));
#10242 = ORIENTED_EDGE('',*,*,#10190,.T.);
#10243 = ORIENTED_EDGE('',*,*,#10244,.T.);
#10244 = EDGE_CURVE('',#10183,#10245,#10247,.T.);
#10245 = VERTEX_POINT('',#10246);
#10246 = CARTESIAN_POINT('',(21.383,34.,26.582050807569));
#10247 = LINE('',#10248,#10249);
#10248 = CARTESIAN_POINT('',(21.383,33.684040286651,26.729385241572));
#10249 = VECTOR('',#10250,1.);
#10250 = DIRECTION('',(-2.01240754513E-16,0.906307787037,-0.422618261741
    ));
#10251 = ORIENTED_EDGE('',*,*,#10252,.F.);
#10252 = EDGE_CURVE('',#10253,#10245,#10255,.T.);
#10253 = VERTEX_POINT('',#10254);
#10254 = CARTESIAN_POINT('',(19.383,34.,26.582050807569));
#10255 = LINE('',#10256,#10257);
#10256 = CARTESIAN_POINT('',(19.383,34.,26.582050807569));
#10257 = VECTOR('',#10258,1.);
#10258 = DIRECTION('',(1.,0.,-2.22044604925E-16));
#10259 = ORIENTED_EDGE('',*,*,#10260,.F.);
#10260 = EDGE_CURVE('',#10191,#10253,#10261,.T.);
#10261 = LINE('',#10262,#10263);
#10262 = CARTESIAN_POINT('',(19.383,33.684040286651,26.729385241572));
#10263 = VECTOR('',#10264,1.);
#10264 = DIRECTION('',(-2.01240754513E-16,0.906307787037,-0.422618261741
    ));
#10265 = PLANE('',#10266);
#10266 = AXIS2_PLACEMENT_3D('',#10267,#10268,#10269);
#10267 = CARTESIAN_POINT('',(19.383,33.684040286651,26.729385241572));
#10268 = DIRECTION('',(-9.384010496232E-17,0.422618261741,0.906307787037
    ));
#10269 = DIRECTION('',(-2.01240754513E-16,0.906307787037,-0.422618261741
    ));
#10270 = ADVANCED_FACE('',(#10271),#10296,.T.);
#10271 = FACE_BOUND('',#10272,.T.);
#10272 = EDGE_LOOP('',(#10273,#10283,#10289,#10290));
#10273 = ORIENTED_EDGE('',*,*,#10274,.T.);
#10274 = EDGE_CURVE('',#10275,#10277,#10279,.T.);
#10275 = VERTEX_POINT('',#10276);
#10276 = CARTESIAN_POINT('',(19.383,34.969615506024,-15.09729635533));
#10277 = VERTEX_POINT('',#10278);
#10278 = CARTESIAN_POINT('',(21.383,34.969615506024,-15.09729635533));
#10279 = LINE('',#10280,#10281);
#10280 = CARTESIAN_POINT('',(19.383,34.969615506024,-15.09729635533));
#10281 = VECTOR('',#10282,1.);
#10282 = DIRECTION('',(1.,0.,-2.22044604925E-16));
#10283 = ORIENTED_EDGE('',*,*,#10284,.T.);
#10284 = EDGE_CURVE('',#10277,#10215,#10285,.T.);
#10285 = LINE('',#10286,#10287);
#10286 = CARTESIAN_POINT('',(21.383,34.969615506024,-15.09729635533));
#10287 = VECTOR('',#10288,1.);
#10288 = DIRECTION('',(5.746937261686E-17,-0.258819045103,
    -0.965925826289));
#10289 = ORIENTED_EDGE('',*,*,#10212,.F.);
#10290 = ORIENTED_EDGE('',*,*,#10291,.F.);
#10291 = EDGE_CURVE('',#10275,#10213,#10292,.T.);
#10292 = LINE('',#10293,#10294);
#10293 = CARTESIAN_POINT('',(19.383,34.969615506024,-15.09729635533));
#10294 = VECTOR('',#10295,1.);
#10295 = DIRECTION('',(5.746937261686E-17,-0.258819045103,
    -0.965925826289));
#10296 = PLANE('',#10297);
#10297 = AXIS2_PLACEMENT_3D('',#10298,#10299,#10300);
#10298 = CARTESIAN_POINT('',(19.383,34.969615506024,-15.09729635533));
#10299 = DIRECTION('',(-2.144786184852E-16,0.965925826289,
    -0.258819045103));
#10300 = DIRECTION('',(5.746937261686E-17,-0.258819045103,
    -0.965925826289));
#10301 = ADVANCED_FACE('',(#10302),#10327,.T.);
#10302 = FACE_BOUND('',#10303,.T.);
#10303 = EDGE_LOOP('',(#10304,#10305,#10313,#10321));
#10304 = ORIENTED_EDGE('',*,*,#10252,.T.);
#10305 = ORIENTED_EDGE('',*,*,#10306,.T.);
#10306 = EDGE_CURVE('',#10245,#10307,#10309,.T.);
#10307 = VERTEX_POINT('',#10308);
#10308 = CARTESIAN_POINT('',(21.383,34.285575219373,26.382088886238));
#10309 = LINE('',#10310,#10311);
#10310 = CARTESIAN_POINT('',(21.383,34.,26.582050807569));
#10311 = VECTOR('',#10312,1.);
#10312 = DIRECTION('',(-1.818882920477E-16,0.819152044289,
    -0.573576436351));
#10313 = ORIENTED_EDGE('',*,*,#10314,.F.);
#10314 = EDGE_CURVE('',#10315,#10307,#10317,.T.);
#10315 = VERTEX_POINT('',#10316);
#10316 = CARTESIAN_POINT('',(19.383,34.285575219373,26.382088886238));
#10317 = LINE('',#10318,#10319);
#10318 = CARTESIAN_POINT('',(19.383,34.285575219373,26.382088886238));
#10319 = VECTOR('',#10320,1.);
#10320 = DIRECTION('',(1.,0.,-2.22044604925E-16));
#10321 = ORIENTED_EDGE('',*,*,#10322,.F.);
#10322 = EDGE_CURVE('',#10253,#10315,#10323,.T.);
#10323 = LINE('',#10324,#10325);
#10324 = CARTESIAN_POINT('',(19.383,34.,26.582050807569));
#10325 = VECTOR('',#10326,1.);
#10326 = DIRECTION('',(-1.818882920477E-16,0.819152044289,
    -0.573576436351));
#10327 = PLANE('',#10328);
#10328 = AXIS2_PLACEMENT_3D('',#10329,#10330,#10331);
#10329 = CARTESIAN_POINT('',(19.383,34.,26.582050807569));
#10330 = DIRECTION('',(-1.273595532039E-16,0.573576436351,0.819152044289
    ));
#10331 = DIRECTION('',(-1.818882920477E-16,0.819152044289,
    -0.573576436351));
#10332 = ADVANCED_FACE('',(#10333),#10358,.T.);
#10333 = FACE_BOUND('',#10334,.T.);
#10334 = EDGE_LOOP('',(#10335,#10345,#10351,#10352));
#10335 = ORIENTED_EDGE('',*,*,#10336,.T.);
#10336 = EDGE_CURVE('',#10337,#10339,#10341,.T.);
#10337 = VERTEX_POINT('',#10338);
#10338 = CARTESIAN_POINT('',(19.383,35.,-14.75));
#10339 = VERTEX_POINT('',#10340);
#10340 = CARTESIAN_POINT('',(21.383,35.,-14.75));
#10341 = LINE('',#10342,#10343);
#10342 = CARTESIAN_POINT('',(19.383,35.,-14.75));
#10343 = VECTOR('',#10344,1.);
#10344 = DIRECTION('',(1.,0.,-2.22044604925E-16));
#10345 = ORIENTED_EDGE('',*,*,#10346,.T.);
#10346 = EDGE_CURVE('',#10339,#10277,#10347,.T.);
#10347 = LINE('',#10348,#10349);
#10348 = CARTESIAN_POINT('',(21.383,35.,-14.75));
#10349 = VECTOR('',#10350,1.);
#10350 = DIRECTION('',(1.935246246535E-17,-8.715574274765E-02,
    -0.996194698092));
#10351 = ORIENTED_EDGE('',*,*,#10274,.F.);
#10352 = ORIENTED_EDGE('',*,*,#10353,.F.);
#10353 = EDGE_CURVE('',#10337,#10275,#10354,.T.);
#10354 = LINE('',#10355,#10356);
#10355 = CARTESIAN_POINT('',(19.383,35.,-14.75));
#10356 = VECTOR('',#10357,1.);
#10357 = DIRECTION('',(1.935246246535E-17,-8.715574274765E-02,
    -0.996194698092));
#10358 = PLANE('',#10359);
#10359 = AXIS2_PLACEMENT_3D('',#10360,#10361,#10362);
#10360 = CARTESIAN_POINT('',(19.383,35.,-14.75));
#10361 = DIRECTION('',(-2.211996581662E-16,0.996194698092,
    -8.715574274765E-02));
#10362 = DIRECTION('',(1.935246246535E-17,-8.715574274765E-02,
    -0.996194698092));
#10363 = ADVANCED_FACE('',(#10364),#10389,.T.);
#10364 = FACE_BOUND('',#10365,.T.);
#10365 = EDGE_LOOP('',(#10366,#10367,#10375,#10383));
#10366 = ORIENTED_EDGE('',*,*,#10314,.T.);
#10367 = ORIENTED_EDGE('',*,*,#10368,.T.);
#10368 = EDGE_CURVE('',#10307,#10369,#10371,.T.);
#10369 = VERTEX_POINT('',#10370);
#10370 = CARTESIAN_POINT('',(21.383,34.532088886238,26.135575219373));
#10371 = LINE('',#10372,#10373);
#10372 = CARTESIAN_POINT('',(21.383,34.285575219373,26.382088886238));
#10373 = VECTOR('',#10374,1.);
#10374 = DIRECTION('',(-1.570092458684E-16,0.707106781187,
    -0.707106781187));
#10375 = ORIENTED_EDGE('',*,*,#10376,.F.);
#10376 = EDGE_CURVE('',#10377,#10369,#10379,.T.);
#10377 = VERTEX_POINT('',#10378);
#10378 = CARTESIAN_POINT('',(19.383,34.532088886238,26.135575219373));
#10379 = LINE('',#10380,#10381);
#10380 = CARTESIAN_POINT('',(19.383,34.532088886238,26.135575219373));
#10381 = VECTOR('',#10382,1.);
#10382 = DIRECTION('',(1.,0.,-2.22044604925E-16));
#10383 = ORIENTED_EDGE('',*,*,#10384,.F.);
#10384 = EDGE_CURVE('',#10315,#10377,#10385,.T.);
#10385 = LINE('',#10386,#10387);
#10386 = CARTESIAN_POINT('',(19.383,34.285575219373,26.382088886238));
#10387 = VECTOR('',#10388,1.);
#10388 = DIRECTION('',(-1.570092458684E-16,0.707106781187,
    -0.707106781187));
#10389 = PLANE('',#10390);
#10390 = AXIS2_PLACEMENT_3D('',#10391,#10392,#10393);
#10391 = CARTESIAN_POINT('',(19.383,34.285575219373,26.382088886238));
#10392 = DIRECTION('',(-1.570092458684E-16,0.707106781187,0.707106781187
    ));
#10393 = DIRECTION('',(-1.570092458684E-16,0.707106781187,
    -0.707106781187));
#10394 = ADVANCED_FACE('',(#10395),#10420,.T.);
#10395 = FACE_BOUND('',#10396,.T.);
#10396 = EDGE_LOOP('',(#10397,#10407,#10413,#10414));
#10397 = ORIENTED_EDGE('',*,*,#10398,.T.);
#10398 = EDGE_CURVE('',#10399,#10401,#10403,.T.);
#10399 = VERTEX_POINT('',#10400);
#10400 = CARTESIAN_POINT('',(19.383,35.,24.85));
#10401 = VERTEX_POINT('',#10402);
#10402 = CARTESIAN_POINT('',(21.383,35.,24.85));
#10403 = LINE('',#10404,#10405);
#10404 = CARTESIAN_POINT('',(19.383,35.,24.85));
#10405 = VECTOR('',#10406,1.);
#10406 = DIRECTION('',(1.,0.,-2.22044604925E-16));
#10407 = ORIENTED_EDGE('',*,*,#10408,.T.);
#10408 = EDGE_CURVE('',#10401,#10339,#10409,.T.);
#10409 = LINE('',#10410,#10411);
#10410 = CARTESIAN_POINT('',(21.383,35.,24.85));
#10411 = VECTOR('',#10412,1.);
#10412 = DIRECTION('',(0.,2.22044604925E-16,-1.));
#10413 = ORIENTED_EDGE('',*,*,#10336,.F.);
#10414 = ORIENTED_EDGE('',*,*,#10415,.F.);
#10415 = EDGE_CURVE('',#10399,#10337,#10416,.T.);
#10416 = LINE('',#10417,#10418);
#10417 = CARTESIAN_POINT('',(19.383,35.,24.85));
#10418 = VECTOR('',#10419,1.);
#10419 = DIRECTION('',(0.,2.22044604925E-16,-1.));
#10420 = PLANE('',#10421);
#10421 = AXIS2_PLACEMENT_3D('',#10422,#10423,#10424);
#10422 = CARTESIAN_POINT('',(19.383,35.,24.85));
#10423 = DIRECTION('',(-2.22044604925E-16,1.,0.));
#10424 = DIRECTION('',(0.,2.22044604925E-16,-1.));
#10425 = ADVANCED_FACE('',(#10426),#10451,.T.);
#10426 = FACE_BOUND('',#10427,.T.);
#10427 = EDGE_LOOP('',(#10428,#10429,#10437,#10445));
#10428 = ORIENTED_EDGE('',*,*,#10376,.T.);
#10429 = ORIENTED_EDGE('',*,*,#10430,.T.);
#10430 = EDGE_CURVE('',#10369,#10431,#10433,.T.);
#10431 = VERTEX_POINT('',#10432);
#10432 = CARTESIAN_POINT('',(21.383,34.732050807569,25.85));
#10433 = LINE('',#10434,#10435);
#10434 = CARTESIAN_POINT('',(21.383,34.532088886238,26.135575219373));
#10435 = VECTOR('',#10436,1.);
#10436 = DIRECTION('',(-1.273595532039E-16,0.573576436351,
    -0.819152044289));
#10437 = ORIENTED_EDGE('',*,*,#10438,.F.);
#10438 = EDGE_CURVE('',#10439,#10431,#10441,.T.);
#10439 = VERTEX_POINT('',#10440);
#10440 = CARTESIAN_POINT('',(19.383,34.732050807569,25.85));
#10441 = LINE('',#10442,#10443);
#10442 = CARTESIAN_POINT('',(19.383,34.732050807569,25.85));
#10443 = VECTOR('',#10444,1.);
#10444 = DIRECTION('',(1.,0.,-2.22044604925E-16));
#10445 = ORIENTED_EDGE('',*,*,#10446,.F.);
#10446 = EDGE_CURVE('',#10377,#10439,#10447,.T.);
#10447 = LINE('',#10448,#10449);
#10448 = CARTESIAN_POINT('',(19.383,34.532088886238,26.135575219373));
#10449 = VECTOR('',#10450,1.);
#10450 = DIRECTION('',(-1.273595532039E-16,0.573576436351,
    -0.819152044289));
#10451 = PLANE('',#10452);
#10452 = AXIS2_PLACEMENT_3D('',#10453,#10454,#10455);
#10453 = CARTESIAN_POINT('',(19.383,34.532088886238,26.135575219373));
#10454 = DIRECTION('',(-1.818882920477E-16,0.819152044289,0.573576436351
    ));
#10455 = DIRECTION('',(-1.273595532039E-16,0.573576436351,
    -0.819152044289));
#10456 = ADVANCED_FACE('',(#10457),#10482,.T.);
#10457 = FACE_BOUND('',#10458,.T.);
#10458 = EDGE_LOOP('',(#10459,#10469,#10475,#10476));
#10459 = ORIENTED_EDGE('',*,*,#10460,.T.);
#10460 = EDGE_CURVE('',#10461,#10463,#10465,.T.);
#10461 = VERTEX_POINT('',#10462);
#10462 = CARTESIAN_POINT('',(19.383,34.969615506024,25.197296355334));
#10463 = VERTEX_POINT('',#10464);
#10464 = CARTESIAN_POINT('',(21.383,34.969615506024,25.197296355334));
#10465 = LINE('',#10466,#10467);
#10466 = CARTESIAN_POINT('',(19.383,34.969615506024,25.197296355334));
#10467 = VECTOR('',#10468,1.);
#10468 = DIRECTION('',(1.,0.,-2.22044604925E-16));
#10469 = ORIENTED_EDGE('',*,*,#10470,.T.);
#10470 = EDGE_CURVE('',#10463,#10401,#10471,.T.);
#10471 = LINE('',#10472,#10473);
#10472 = CARTESIAN_POINT('',(21.383,34.969615506024,25.197296355334));
#10473 = VECTOR('',#10474,1.);
#10474 = DIRECTION('',(-1.935246246535E-17,8.715574274765E-02,
    -0.996194698092));
#10475 = ORIENTED_EDGE('',*,*,#10398,.F.);
#10476 = ORIENTED_EDGE('',*,*,#10477,.F.);
#10477 = EDGE_CURVE('',#10461,#10399,#10478,.T.);
#10478 = LINE('',#10479,#10480);
#10479 = CARTESIAN_POINT('',(19.383,34.969615506024,25.197296355334));
#10480 = VECTOR('',#10481,1.);
#10481 = DIRECTION('',(-1.935246246535E-17,8.715574274765E-02,
    -0.996194698092));
#10482 = PLANE('',#10483);
#10483 = AXIS2_PLACEMENT_3D('',#10484,#10485,#10486);
#10484 = CARTESIAN_POINT('',(19.383,34.969615506024,25.197296355334));
#10485 = DIRECTION('',(-2.211996581662E-16,0.996194698092,
    8.715574274765E-02));
#10486 = DIRECTION('',(-1.935246246535E-17,8.715574274765E-02,
    -0.996194698092));
#10487 = ADVANCED_FACE('',(#10488),#10513,.T.);
#10488 = FACE_BOUND('',#10489,.T.);
#10489 = EDGE_LOOP('',(#10490,#10491,#10499,#10507));
#10490 = ORIENTED_EDGE('',*,*,#10438,.T.);
#10491 = ORIENTED_EDGE('',*,*,#10492,.T.);
#10492 = EDGE_CURVE('',#10431,#10493,#10495,.T.);
#10493 = VERTEX_POINT('',#10494);
#10494 = CARTESIAN_POINT('',(21.383,34.879385241572,25.534040286651));
#10495 = LINE('',#10496,#10497);
#10496 = CARTESIAN_POINT('',(21.383,34.732050807569,25.85));
#10497 = VECTOR('',#10498,1.);
#10498 = DIRECTION('',(-9.384010496232E-17,0.422618261741,
    -0.906307787037));
#10499 = ORIENTED_EDGE('',*,*,#10500,.F.);
#10500 = EDGE_CURVE('',#10501,#10493,#10503,.T.);
#10501 = VERTEX_POINT('',#10502);
#10502 = CARTESIAN_POINT('',(19.383,34.879385241572,25.534040286651));
#10503 = LINE('',#10504,#10505);
#10504 = CARTESIAN_POINT('',(19.383,34.879385241572,25.534040286651));
#10505 = VECTOR('',#10506,1.);
#10506 = DIRECTION('',(1.,0.,-2.22044604925E-16));
#10507 = ORIENTED_EDGE('',*,*,#10508,.F.);
#10508 = EDGE_CURVE('',#10439,#10501,#10509,.T.);
#10509 = LINE('',#10510,#10511);
#10510 = CARTESIAN_POINT('',(19.383,34.732050807569,25.85));
#10511 = VECTOR('',#10512,1.);
#10512 = DIRECTION('',(-9.384010496232E-17,0.422618261741,
    -0.906307787037));
#10513 = PLANE('',#10514);
#10514 = AXIS2_PLACEMENT_3D('',#10515,#10516,#10517);
#10515 = CARTESIAN_POINT('',(19.383,34.732050807569,25.85));
#10516 = DIRECTION('',(-2.01240754513E-16,0.906307787037,0.422618261741)
  );
#10517 = DIRECTION('',(-9.384010496232E-17,0.422618261741,
    -0.906307787037));
#10518 = ADVANCED_FACE('',(#10519),#10535,.T.);
#10519 = FACE_BOUND('',#10520,.T.);
#10520 = EDGE_LOOP('',(#10521,#10522,#10528,#10529));
#10521 = ORIENTED_EDGE('',*,*,#10500,.T.);
#10522 = ORIENTED_EDGE('',*,*,#10523,.T.);
#10523 = EDGE_CURVE('',#10493,#10463,#10524,.T.);
#10524 = LINE('',#10525,#10526);
#10525 = CARTESIAN_POINT('',(21.383,34.879385241572,25.534040286651));
#10526 = VECTOR('',#10527,1.);
#10527 = DIRECTION('',(-5.746937261686E-17,0.258819045103,
    -0.965925826289));
#10528 = ORIENTED_EDGE('',*,*,#10460,.F.);
#10529 = ORIENTED_EDGE('',*,*,#10530,.F.);
#10530 = EDGE_CURVE('',#10501,#10461,#10531,.T.);
#10531 = LINE('',#10532,#10533);
#10532 = CARTESIAN_POINT('',(19.383,34.879385241572,25.534040286651));
#10533 = VECTOR('',#10534,1.);
#10534 = DIRECTION('',(-5.746937261686E-17,0.258819045103,
    -0.965925826289));
#10535 = PLANE('',#10536);
#10536 = AXIS2_PLACEMENT_3D('',#10537,#10538,#10539);
#10537 = CARTESIAN_POINT('',(19.383,34.879385241572,25.534040286651));
#10538 = DIRECTION('',(-2.144786184852E-16,0.965925826289,0.258819045103
    ));
#10539 = DIRECTION('',(-5.746937261686E-17,0.258819045103,
    -0.965925826289));
#10540 = ADVANCED_FACE('',(#10541),#10547,.T.);
#10541 = FACE_BOUND('',#10542,.T.);
#10542 = EDGE_LOOP('',(#10543,#10544,#10545,#10546));
#10543 = ORIENTED_EDGE('',*,*,#5245,.F.);
#10544 = ORIENTED_EDGE('',*,*,#5293,.T.);
#10545 = ORIENTED_EDGE('',*,*,#5310,.T.);
#10546 = ORIENTED_EDGE('',*,*,#5269,.F.);
#10547 = PLANE('',#10548);
#10548 = AXIS2_PLACEMENT_3D('',#10549,#10550,#10551);
#10549 = CARTESIAN_POINT('',(-12.983,35.,52.817));
#10550 = DIRECTION('',(-0.,1.,0.));
#10551 = DIRECTION('',(0.,0.,1.));
#10552 = ADVANCED_FACE('',(#10553),#10559,.T.);
#10553 = FACE_BOUND('',#10554,.T.);
#10554 = EDGE_LOOP('',(#10555,#10556,#10557,#10558));
#10555 = ORIENTED_EDGE('',*,*,#5341,.F.);
#10556 = ORIENTED_EDGE('',*,*,#5389,.T.);
#10557 = ORIENTED_EDGE('',*,*,#5406,.T.);
#10558 = ORIENTED_EDGE('',*,*,#5365,.F.);
#10559 = PLANE('',#10560);
#10560 = AXIS2_PLACEMENT_3D('',#10561,#10562,#10563);
#10561 = CARTESIAN_POINT('',(-14.985,29.,-12.433));
#10562 = DIRECTION('',(-0.,1.,0.));
#10563 = DIRECTION('',(0.,0.,1.));
#10564 = ADVANCED_FACE('',(#10565),#10581,.F.);
#10565 = FACE_BOUND('',#10566,.F.);
#10566 = EDGE_LOOP('',(#10567,#10573,#10574,#10580));
#10567 = ORIENTED_EDGE('',*,*,#10568,.T.);
#10568 = EDGE_CURVE('',#7250,#6977,#10569,.T.);
#10569 = LINE('',#10570,#10571);
#10570 = CARTESIAN_POINT('',(-22.39721356237,34.414213562373,49.017));
#10571 = VECTOR('',#10572,1.);
#10572 = DIRECTION('',(0.,0.,1.));
#10573 = ORIENTED_EDGE('',*,*,#6976,.T.);
#10574 = ORIENTED_EDGE('',*,*,#10575,.F.);
#10575 = EDGE_CURVE('',#7252,#6979,#10576,.T.);
#10576 = LINE('',#10577,#10578);
#10577 = CARTESIAN_POINT('',(-22.6459392246,34.111140466039,49.017));
#10578 = VECTOR('',#10579,1.);
#10579 = DIRECTION('',(0.,0.,1.));
#10580 = ORIENTED_EDGE('',*,*,#7249,.F.);
#10581 = PLANE('',#10582);
#10582 = AXIS2_PLACEMENT_3D('',#10583,#10584,#10585);
#10583 = CARTESIAN_POINT('',(-22.39721356237,34.414213562373,49.017));
#10584 = DIRECTION('',(0.773010453363,-0.634393284164,0.));
#10585 = DIRECTION('',(-0.634393284164,-0.773010453363,0.));
#10586 = ADVANCED_FACE('',(#10587),#10598,.F.);
#10587 = FACE_BOUND('',#10588,.F.);
#10588 = EDGE_LOOP('',(#10589,#10595,#10596,#10597));
#10589 = ORIENTED_EDGE('',*,*,#10590,.T.);
#10590 = EDGE_CURVE('',#7439,#7180,#10591,.T.);
#10591 = LINE('',#10592,#10593);
#10592 = CARTESIAN_POINT('',(-22.09414046603,34.662939224605,49.017));
#10593 = VECTOR('',#10594,1.);
#10594 = DIRECTION('',(0.,0.,1.));
#10595 = ORIENTED_EDGE('',*,*,#7187,.T.);
#10596 = ORIENTED_EDGE('',*,*,#10568,.F.);
#10597 = ORIENTED_EDGE('',*,*,#7446,.F.);
#10598 = PLANE('',#10599);
#10599 = AXIS2_PLACEMENT_3D('',#10600,#10601,#10602);
#10600 = CARTESIAN_POINT('',(-22.09414046603,34.662939224605,49.017));
#10601 = DIRECTION('',(0.634393284164,-0.773010453363,0.));
#10602 = DIRECTION('',(-0.773010453363,-0.634393284164,0.));
#10603 = ADVANCED_FACE('',(#10604),#10615,.F.);
#10604 = FACE_BOUND('',#10605,.F.);
#10605 = EDGE_LOOP('',(#10606,#10612,#10613,#10614));
#10606 = ORIENTED_EDGE('',*,*,#10607,.T.);
#10607 = EDGE_CURVE('',#7431,#7172,#10608,.T.);
#10608 = LINE('',#10609,#10610);
#10609 = CARTESIAN_POINT('',(-21.74836686473,34.847759065023,49.017));
#10610 = VECTOR('',#10611,1.);
#10611 = DIRECTION('',(0.,0.,1.));
#10612 = ORIENTED_EDGE('',*,*,#7179,.T.);
#10613 = ORIENTED_EDGE('',*,*,#10590,.F.);
#10614 = ORIENTED_EDGE('',*,*,#7438,.F.);
#10615 = PLANE('',#10616);
#10616 = AXIS2_PLACEMENT_3D('',#10617,#10618,#10619);
#10617 = CARTESIAN_POINT('',(-21.74836686473,34.847759065023,49.017));
#10618 = DIRECTION('',(0.471396736826,-0.881921264348,0.));
#10619 = DIRECTION('',(-0.881921264348,-0.471396736826,0.));
#10620 = ADVANCED_FACE('',(#10621),#10632,.F.);
#10621 = FACE_BOUND('',#10622,.F.);
#10622 = EDGE_LOOP('',(#10623,#10629,#10630,#10631));
#10623 = ORIENTED_EDGE('',*,*,#10624,.T.);
#10624 = EDGE_CURVE('',#7423,#7164,#10625,.T.);
#10625 = LINE('',#10626,#10627);
#10626 = CARTESIAN_POINT('',(-21.37318064403,34.961570560806,49.017));
#10627 = VECTOR('',#10628,1.);
#10628 = DIRECTION('',(0.,0.,1.));
#10629 = ORIENTED_EDGE('',*,*,#7171,.T.);
#10630 = ORIENTED_EDGE('',*,*,#10607,.F.);
#10631 = ORIENTED_EDGE('',*,*,#7430,.F.);
#10632 = PLANE('',#10633);
#10633 = AXIS2_PLACEMENT_3D('',#10634,#10635,#10636);
#10634 = CARTESIAN_POINT('',(-21.37318064403,34.961570560806,49.017));
#10635 = DIRECTION('',(0.290284677254,-0.956940335732,0.));
#10636 = DIRECTION('',(-0.956940335732,-0.290284677254,0.));
#10637 = ADVANCED_FACE('',(#10638),#10649,.F.);
#10638 = FACE_BOUND('',#10639,.F.);
#10639 = EDGE_LOOP('',(#10640,#10646,#10647,#10648));
#10640 = ORIENTED_EDGE('',*,*,#10641,.T.);
#10641 = EDGE_CURVE('',#7415,#7156,#10642,.T.);
#10642 = LINE('',#10643,#10644);
#10643 = CARTESIAN_POINT('',(-20.983,35.,49.017));
#10644 = VECTOR('',#10645,1.);
#10645 = DIRECTION('',(0.,0.,1.));
#10646 = ORIENTED_EDGE('',*,*,#7163,.T.);
#10647 = ORIENTED_EDGE('',*,*,#10624,.F.);
#10648 = ORIENTED_EDGE('',*,*,#7422,.F.);
#10649 = PLANE('',#10650);
#10650 = AXIS2_PLACEMENT_3D('',#10651,#10652,#10653);
#10651 = CARTESIAN_POINT('',(-20.983,35.,49.017));
#10652 = DIRECTION('',(9.801714032955E-02,-0.995184726672,0.));
#10653 = DIRECTION('',(-0.995184726672,-9.801714032955E-02,0.));
#10654 = ADVANCED_FACE('',(#10655),#10666,.F.);
#10655 = FACE_BOUND('',#10656,.F.);
#10656 = EDGE_LOOP('',(#10657,#10658,#10664,#10665));
#10657 = ORIENTED_EDGE('',*,*,#7414,.F.);
#10658 = ORIENTED_EDGE('',*,*,#10659,.T.);
#10659 = EDGE_CURVE('',#7407,#7148,#10660,.T.);
#10660 = LINE('',#10661,#10662);
#10661 = CARTESIAN_POINT('',(-18.35,35.,48.517));
#10662 = VECTOR('',#10663,1.);
#10663 = DIRECTION('',(0.,0.,1.));
#10664 = ORIENTED_EDGE('',*,*,#7155,.T.);
#10665 = ORIENTED_EDGE('',*,*,#10641,.F.);
#10666 = PLANE('',#10667);
#10667 = AXIS2_PLACEMENT_3D('',#10668,#10669,#10670);
#10668 = CARTESIAN_POINT('',(20.983,35.,49.017));
#10669 = DIRECTION('',(0.,-1.,0.));
#10670 = DIRECTION('',(-1.,0.,0.));
#10671 = ADVANCED_FACE('',(#10672),#10683,.T.);
#10672 = FACE_BOUND('',#10673,.T.);
#10673 = EDGE_LOOP('',(#10674,#10680,#10681,#10682));
#10674 = ORIENTED_EDGE('',*,*,#10675,.F.);
#10675 = EDGE_CURVE('',#7398,#7139,#10676,.T.);
#10676 = LINE('',#10677,#10678);
#10677 = CARTESIAN_POINT('',(-18.35,31.654,48.017));
#10678 = VECTOR('',#10679,1.);
#10679 = DIRECTION('',(0.,0.,1.));
#10680 = ORIENTED_EDGE('',*,*,#7406,.T.);
#10681 = ORIENTED_EDGE('',*,*,#10659,.T.);
#10682 = ORIENTED_EDGE('',*,*,#7147,.F.);
#10683 = PLANE('',#10684);
#10684 = AXIS2_PLACEMENT_3D('',#10685,#10686,#10687);
#10685 = CARTESIAN_POINT('',(-18.35,31.654,48.017));
#10686 = DIRECTION('',(1.,0.,-0.));
#10687 = DIRECTION('',(0.,0.,1.));
#10688 = ADVANCED_FACE('',(#10689),#10700,.F.);
#10689 = FACE_BOUND('',#10690,.F.);
#10690 = EDGE_LOOP('',(#10691,#10697,#10698,#10699));
#10691 = ORIENTED_EDGE('',*,*,#10692,.T.);
#10692 = EDGE_CURVE('',#7390,#7131,#10693,.T.);
#10693 = LINE('',#10694,#10695);
#10694 = CARTESIAN_POINT('',(-15.45,31.654,48.017));
#10695 = VECTOR('',#10696,1.);
#10696 = DIRECTION('',(0.,0.,1.));
#10697 = ORIENTED_EDGE('',*,*,#7138,.F.);
#10698 = ORIENTED_EDGE('',*,*,#10675,.F.);
#10699 = ORIENTED_EDGE('',*,*,#7397,.T.);
#10700 = CYLINDRICAL_SURFACE('',#10701,1.45);
#10701 = AXIS2_PLACEMENT_3D('',#10702,#10703,#10704);
#10702 = CARTESIAN_POINT('',(-16.9,31.654,48.017));
#10703 = DIRECTION('',(0.,0.,1.));
#10704 = DIRECTION('',(1.,0.,-0.));
#10705 = ADVANCED_FACE('',(#10706),#10717,.F.);
#10706 = FACE_BOUND('',#10707,.F.);
#10707 = EDGE_LOOP('',(#10708,#10709,#10710,#10716));
#10708 = ORIENTED_EDGE('',*,*,#10692,.F.);
#10709 = ORIENTED_EDGE('',*,*,#7389,.T.);
#10710 = ORIENTED_EDGE('',*,*,#10711,.T.);
#10711 = EDGE_CURVE('',#7382,#7123,#10712,.T.);
#10712 = LINE('',#10713,#10714);
#10713 = CARTESIAN_POINT('',(-15.45,35.,48.517));
#10714 = VECTOR('',#10715,1.);
#10715 = DIRECTION('',(0.,0.,1.));
#10716 = ORIENTED_EDGE('',*,*,#7130,.F.);
#10717 = PLANE('',#10718);
#10718 = AXIS2_PLACEMENT_3D('',#10719,#10720,#10721);
#10719 = CARTESIAN_POINT('',(-15.45,31.654,48.017));
#10720 = DIRECTION('',(1.,0.,-0.));
#10721 = DIRECTION('',(0.,0.,1.));
#10722 = ADVANCED_FACE('',(#10723),#10734,.F.);
#10723 = FACE_BOUND('',#10724,.F.);
#10724 = EDGE_LOOP('',(#10725,#10726,#10732,#10733));
#10725 = ORIENTED_EDGE('',*,*,#7381,.F.);
#10726 = ORIENTED_EDGE('',*,*,#10727,.T.);
#10727 = EDGE_CURVE('',#7374,#7115,#10728,.T.);
#10728 = LINE('',#10729,#10730);
#10729 = CARTESIAN_POINT('',(15.45,35.,48.517));
#10730 = VECTOR('',#10731,1.);
#10731 = DIRECTION('',(0.,0.,1.));
#10732 = ORIENTED_EDGE('',*,*,#7122,.T.);
#10733 = ORIENTED_EDGE('',*,*,#10711,.F.);
#10734 = PLANE('',#10735);
#10735 = AXIS2_PLACEMENT_3D('',#10736,#10737,#10738);
#10736 = CARTESIAN_POINT('',(20.983,35.,49.017));
#10737 = DIRECTION('',(0.,-1.,0.));
#10738 = DIRECTION('',(-1.,0.,0.));
#10739 = ADVANCED_FACE('',(#10740),#10751,.T.);
#10740 = FACE_BOUND('',#10741,.T.);
#10741 = EDGE_LOOP('',(#10742,#10748,#10749,#10750));
#10742 = ORIENTED_EDGE('',*,*,#10743,.F.);
#10743 = EDGE_CURVE('',#7365,#7106,#10744,.T.);
#10744 = LINE('',#10745,#10746);
#10745 = CARTESIAN_POINT('',(15.45,31.654,48.017));
#10746 = VECTOR('',#10747,1.);
#10747 = DIRECTION('',(0.,0.,1.));
#10748 = ORIENTED_EDGE('',*,*,#7373,.T.);
#10749 = ORIENTED_EDGE('',*,*,#10727,.T.);
#10750 = ORIENTED_EDGE('',*,*,#7114,.F.);
#10751 = PLANE('',#10752);
#10752 = AXIS2_PLACEMENT_3D('',#10753,#10754,#10755);
#10753 = CARTESIAN_POINT('',(15.45,31.654,48.017));
#10754 = DIRECTION('',(1.,0.,-0.));
#10755 = DIRECTION('',(0.,0.,1.));
#10756 = ADVANCED_FACE('',(#10757),#10768,.F.);
#10757 = FACE_BOUND('',#10758,.F.);
#10758 = EDGE_LOOP('',(#10759,#10765,#10766,#10767));
#10759 = ORIENTED_EDGE('',*,*,#10760,.T.);
#10760 = EDGE_CURVE('',#7357,#7098,#10761,.T.);
#10761 = LINE('',#10762,#10763);
#10762 = CARTESIAN_POINT('',(18.35,31.654,48.017));
#10763 = VECTOR('',#10764,1.);
#10764 = DIRECTION('',(0.,0.,1.));
#10765 = ORIENTED_EDGE('',*,*,#7105,.F.);
#10766 = ORIENTED_EDGE('',*,*,#10743,.F.);
#10767 = ORIENTED_EDGE('',*,*,#7364,.T.);
#10768 = CYLINDRICAL_SURFACE('',#10769,1.45);
#10769 = AXIS2_PLACEMENT_3D('',#10770,#10771,#10772);
#10770 = CARTESIAN_POINT('',(16.9,31.654,48.017));
#10771 = DIRECTION('',(0.,0.,1.));
#10772 = DIRECTION('',(1.,0.,-0.));
#10773 = ADVANCED_FACE('',(#10774),#10785,.F.);
#10774 = FACE_BOUND('',#10775,.F.);
#10775 = EDGE_LOOP('',(#10776,#10777,#10778,#10784));
#10776 = ORIENTED_EDGE('',*,*,#10760,.F.);
#10777 = ORIENTED_EDGE('',*,*,#7356,.T.);
#10778 = ORIENTED_EDGE('',*,*,#10779,.T.);
#10779 = EDGE_CURVE('',#7349,#7090,#10780,.T.);
#10780 = LINE('',#10781,#10782);
#10781 = CARTESIAN_POINT('',(18.35,35.,48.517));
#10782 = VECTOR('',#10783,1.);
#10783 = DIRECTION('',(0.,0.,1.));
#10784 = ORIENTED_EDGE('',*,*,#7097,.F.);
#10785 = PLANE('',#10786);
#10786 = AXIS2_PLACEMENT_3D('',#10787,#10788,#10789);
#10787 = CARTESIAN_POINT('',(18.35,31.654,48.017));
#10788 = DIRECTION('',(1.,0.,-0.));
#10789 = DIRECTION('',(0.,0.,1.));
#10790 = ADVANCED_FACE('',(#10791),#10802,.F.);
#10791 = FACE_BOUND('',#10792,.F.);
#10792 = EDGE_LOOP('',(#10793,#10794,#10800,#10801));
#10793 = ORIENTED_EDGE('',*,*,#7348,.F.);
#10794 = ORIENTED_EDGE('',*,*,#10795,.T.);
#10795 = EDGE_CURVE('',#7341,#7082,#10796,.T.);
#10796 = LINE('',#10797,#10798);
#10797 = CARTESIAN_POINT('',(20.983,35.,49.017));
#10798 = VECTOR('',#10799,1.);
#10799 = DIRECTION('',(0.,0.,1.));
#10800 = ORIENTED_EDGE('',*,*,#7089,.T.);
#10801 = ORIENTED_EDGE('',*,*,#10779,.F.);
#10802 = PLANE('',#10803);
#10803 = AXIS2_PLACEMENT_3D('',#10804,#10805,#10806);
#10804 = CARTESIAN_POINT('',(20.983,35.,49.017));
#10805 = DIRECTION('',(0.,-1.,0.));
#10806 = DIRECTION('',(-1.,0.,0.));
#10807 = ADVANCED_FACE('',(#10808),#10819,.F.);
#10808 = FACE_BOUND('',#10809,.F.);
#10809 = EDGE_LOOP('',(#10810,#10816,#10817,#10818));
#10810 = ORIENTED_EDGE('',*,*,#10811,.T.);
#10811 = EDGE_CURVE('',#7333,#7074,#10812,.T.);
#10812 = LINE('',#10813,#10814);
#10813 = CARTESIAN_POINT('',(21.373180644032,34.961570560806,49.017));
#10814 = VECTOR('',#10815,1.);
#10815 = DIRECTION('',(0.,0.,1.));
#10816 = ORIENTED_EDGE('',*,*,#7081,.T.);
#10817 = ORIENTED_EDGE('',*,*,#10795,.F.);
#10818 = ORIENTED_EDGE('',*,*,#7340,.F.);
#10819 = PLANE('',#10820);
#10820 = AXIS2_PLACEMENT_3D('',#10821,#10822,#10823);
#10821 = CARTESIAN_POINT('',(21.373180644032,34.961570560806,49.017));
#10822 = DIRECTION('',(-9.801714032955E-02,-0.995184726672,0.));
#10823 = DIRECTION('',(-0.995184726672,9.801714032955E-02,0.));
#10824 = ADVANCED_FACE('',(#10825),#10836,.F.);
#10825 = FACE_BOUND('',#10826,.F.);
#10826 = EDGE_LOOP('',(#10827,#10833,#10834,#10835));
#10827 = ORIENTED_EDGE('',*,*,#10828,.T.);
#10828 = EDGE_CURVE('',#7325,#7066,#10829,.T.);
#10829 = LINE('',#10830,#10831);
#10830 = CARTESIAN_POINT('',(21.74836686473,34.847759065023,49.017));
#10831 = VECTOR('',#10832,1.);
#10832 = DIRECTION('',(0.,0.,1.));
#10833 = ORIENTED_EDGE('',*,*,#7073,.T.);
#10834 = ORIENTED_EDGE('',*,*,#10811,.F.);
#10835 = ORIENTED_EDGE('',*,*,#7332,.F.);
#10836 = PLANE('',#10837);
#10837 = AXIS2_PLACEMENT_3D('',#10838,#10839,#10840);
#10838 = CARTESIAN_POINT('',(21.74836686473,34.847759065023,49.017));
#10839 = DIRECTION('',(-0.290284677254,-0.956940335732,0.));
#10840 = DIRECTION('',(-0.956940335732,0.290284677254,0.));
#10841 = ADVANCED_FACE('',(#10842),#10853,.F.);
#10842 = FACE_BOUND('',#10843,.F.);
#10843 = EDGE_LOOP('',(#10844,#10850,#10851,#10852));
#10844 = ORIENTED_EDGE('',*,*,#10845,.T.);
#10845 = EDGE_CURVE('',#7317,#7058,#10846,.T.);
#10846 = LINE('',#10847,#10848);
#10847 = CARTESIAN_POINT('',(22.094140466039,34.662939224605,49.017));
#10848 = VECTOR('',#10849,1.);
#10849 = DIRECTION('',(0.,0.,1.));
#10850 = ORIENTED_EDGE('',*,*,#7065,.T.);
#10851 = ORIENTED_EDGE('',*,*,#10828,.F.);
#10852 = ORIENTED_EDGE('',*,*,#7324,.F.);
#10853 = PLANE('',#10854);
#10854 = AXIS2_PLACEMENT_3D('',#10855,#10856,#10857);
#10855 = CARTESIAN_POINT('',(22.094140466039,34.662939224605,49.017));
#10856 = DIRECTION('',(-0.471396736826,-0.881921264348,0.));
#10857 = DIRECTION('',(-0.881921264348,0.471396736826,0.));
#10858 = ADVANCED_FACE('',(#10859),#10870,.F.);
#10859 = FACE_BOUND('',#10860,.F.);
#10860 = EDGE_LOOP('',(#10861,#10867,#10868,#10869));
#10861 = ORIENTED_EDGE('',*,*,#10862,.T.);
#10862 = EDGE_CURVE('',#7309,#7050,#10863,.T.);
#10863 = LINE('',#10864,#10865);
#10864 = CARTESIAN_POINT('',(22.397213562373,34.414213562373,49.017));
#10865 = VECTOR('',#10866,1.);
#10866 = DIRECTION('',(0.,0.,1.));
#10867 = ORIENTED_EDGE('',*,*,#7057,.T.);
#10868 = ORIENTED_EDGE('',*,*,#10845,.F.);
#10869 = ORIENTED_EDGE('',*,*,#7316,.F.);
#10870 = PLANE('',#10871);
#10871 = AXIS2_PLACEMENT_3D('',#10872,#10873,#10874);
#10872 = CARTESIAN_POINT('',(22.397213562373,34.414213562373,49.017));
#10873 = DIRECTION('',(-0.634393284164,-0.773010453363,0.));
#10874 = DIRECTION('',(-0.773010453363,0.634393284164,0.));
#10875 = ADVANCED_FACE('',(#10876),#10887,.F.);
#10876 = FACE_BOUND('',#10877,.F.);
#10877 = EDGE_LOOP('',(#10878,#10884,#10885,#10886));
#10878 = ORIENTED_EDGE('',*,*,#10879,.T.);
#10879 = EDGE_CURVE('',#7301,#7042,#10880,.T.);
#10880 = LINE('',#10881,#10882);
#10881 = CARTESIAN_POINT('',(22.645939224605,34.111140466039,49.017));
#10882 = VECTOR('',#10883,1.);
#10883 = DIRECTION('',(0.,0.,1.));
#10884 = ORIENTED_EDGE('',*,*,#7049,.T.);
#10885 = ORIENTED_EDGE('',*,*,#10862,.F.);
#10886 = ORIENTED_EDGE('',*,*,#7308,.F.);
#10887 = PLANE('',#10888);
#10888 = AXIS2_PLACEMENT_3D('',#10889,#10890,#10891);
#10889 = CARTESIAN_POINT('',(22.645939224605,34.111140466039,49.017));
#10890 = DIRECTION('',(-0.773010453363,-0.634393284164,0.));
#10891 = DIRECTION('',(-0.634393284164,0.773010453363,0.));
#10892 = ADVANCED_FACE('',(#10893),#10904,.F.);
#10893 = FACE_BOUND('',#10894,.F.);
#10894 = EDGE_LOOP('',(#10895,#10901,#10902,#10903));
#10895 = ORIENTED_EDGE('',*,*,#10896,.T.);
#10896 = EDGE_CURVE('',#7293,#7034,#10897,.T.);
#10897 = LINE('',#10898,#10899);
#10898 = CARTESIAN_POINT('',(22.830759065023,33.76536686473,49.017));
#10899 = VECTOR('',#10900,1.);
#10900 = DIRECTION('',(0.,0.,1.));
#10901 = ORIENTED_EDGE('',*,*,#7041,.T.);
#10902 = ORIENTED_EDGE('',*,*,#10879,.F.);
#10903 = ORIENTED_EDGE('',*,*,#7300,.F.);
#10904 = PLANE('',#10905);
#10905 = AXIS2_PLACEMENT_3D('',#10906,#10907,#10908);
#10906 = CARTESIAN_POINT('',(22.830759065023,33.76536686473,49.017));
#10907 = DIRECTION('',(-0.881921264348,-0.471396736826,0.));
#10908 = DIRECTION('',(-0.471396736826,0.881921264348,0.));
#10909 = ADVANCED_FACE('',(#10910),#10921,.F.);
#10910 = FACE_BOUND('',#10911,.F.);
#10911 = EDGE_LOOP('',(#10912,#10918,#10919,#10920));
#10912 = ORIENTED_EDGE('',*,*,#10913,.T.);
#10913 = EDGE_CURVE('',#7285,#7026,#10914,.T.);
#10914 = LINE('',#10915,#10916);
#10915 = CARTESIAN_POINT('',(22.944570560806,33.390180644032,49.017));
#10916 = VECTOR('',#10917,1.);
#10917 = DIRECTION('',(0.,0.,1.));
#10918 = ORIENTED_EDGE('',*,*,#7033,.T.);
#10919 = ORIENTED_EDGE('',*,*,#10896,.F.);
#10920 = ORIENTED_EDGE('',*,*,#7292,.F.);
#10921 = PLANE('',#10922);
#10922 = AXIS2_PLACEMENT_3D('',#10923,#10924,#10925);
#10923 = CARTESIAN_POINT('',(22.944570560806,33.390180644032,49.017));
#10924 = DIRECTION('',(-0.956940335732,-0.290284677254,0.));
#10925 = DIRECTION('',(-0.290284677254,0.956940335732,0.));
#10926 = ADVANCED_FACE('',(#10927),#10933,.F.);
#10927 = FACE_BOUND('',#10928,.F.);
#10928 = EDGE_LOOP('',(#10929,#10930,#10931,#10932));
#10929 = ORIENTED_EDGE('',*,*,#7211,.T.);
#10930 = ORIENTED_EDGE('',*,*,#7025,.T.);
#10931 = ORIENTED_EDGE('',*,*,#10913,.F.);
#10932 = ORIENTED_EDGE('',*,*,#7284,.F.);
#10933 = PLANE('',#10934);
#10934 = AXIS2_PLACEMENT_3D('',#10935,#10936,#10937);
#10935 = CARTESIAN_POINT('',(22.983,33.,49.017));
#10936 = DIRECTION('',(-0.995184726672,-9.801714032956E-02,0.));
#10937 = DIRECTION('',(-9.801714032956E-02,0.995184726672,0.));
#10938 = ADVANCED_FACE('',(#10939),#10950,.F.);
#10939 = FACE_BOUND('',#10940,.F.);
#10940 = EDGE_LOOP('',(#10941,#10947,#10948,#10949));
#10941 = ORIENTED_EDGE('',*,*,#10942,.T.);
#10942 = EDGE_CURVE('',#7268,#6995,#10943,.T.);
#10943 = LINE('',#10944,#10945);
#10944 = CARTESIAN_POINT('',(-22.9445705608,33.390180644032,49.017));
#10945 = VECTOR('',#10946,1.);
#10946 = DIRECTION('',(0.,0.,1.));
#10947 = ORIENTED_EDGE('',*,*,#7002,.T.);
#10948 = ORIENTED_EDGE('',*,*,#7233,.F.);
#10949 = ORIENTED_EDGE('',*,*,#7275,.F.);
#10950 = PLANE('',#10951);
#10951 = AXIS2_PLACEMENT_3D('',#10952,#10953,#10954);
#10952 = CARTESIAN_POINT('',(-22.9445705608,33.390180644032,49.017));
#10953 = DIRECTION('',(0.995184726672,-9.801714032956E-02,0.));
#10954 = DIRECTION('',(-9.801714032956E-02,-0.995184726672,0.));
#10955 = ADVANCED_FACE('',(#10956),#10967,.F.);
#10956 = FACE_BOUND('',#10957,.F.);
#10957 = EDGE_LOOP('',(#10958,#10964,#10965,#10966));
#10958 = ORIENTED_EDGE('',*,*,#10959,.T.);
#10959 = EDGE_CURVE('',#7260,#6987,#10960,.T.);
#10960 = LINE('',#10961,#10962);
#10961 = CARTESIAN_POINT('',(-22.83075906502,33.76536686473,49.017));
#10962 = VECTOR('',#10963,1.);
#10963 = DIRECTION('',(0.,0.,1.));
#10964 = ORIENTED_EDGE('',*,*,#6994,.T.);
#10965 = ORIENTED_EDGE('',*,*,#10942,.F.);
#10966 = ORIENTED_EDGE('',*,*,#7267,.F.);
#10967 = PLANE('',#10968);
#10968 = AXIS2_PLACEMENT_3D('',#10969,#10970,#10971);
#10969 = CARTESIAN_POINT('',(-22.83075906502,33.76536686473,49.017));
#10970 = DIRECTION('',(0.956940335732,-0.290284677254,0.));
#10971 = DIRECTION('',(-0.290284677254,-0.956940335732,0.));
#10972 = ADVANCED_FACE('',(#10973),#10979,.F.);
#10973 = FACE_BOUND('',#10974,.F.);
#10974 = EDGE_LOOP('',(#10975,#10976,#10977,#10978));
#10975 = ORIENTED_EDGE('',*,*,#10575,.T.);
#10976 = ORIENTED_EDGE('',*,*,#6986,.T.);
#10977 = ORIENTED_EDGE('',*,*,#10959,.F.);
#10978 = ORIENTED_EDGE('',*,*,#7259,.F.);
#10979 = PLANE('',#10980);
#10980 = AXIS2_PLACEMENT_3D('',#10981,#10982,#10983);
#10981 = CARTESIAN_POINT('',(-22.6459392246,34.111140466039,49.017));
#10982 = DIRECTION('',(0.881921264348,-0.471396736826,0.));
#10983 = DIRECTION('',(-0.471396736826,-0.881921264348,0.));
#10984 = ADVANCED_FACE('',(#10985),#10991,.T.);
#10985 = FACE_BOUND('',#10986,.T.);
#10986 = EDGE_LOOP('',(#10987,#10988,#10989,#10990));
#10987 = ORIENTED_EDGE('',*,*,#7477,.F.);
#10988 = ORIENTED_EDGE('',*,*,#7525,.T.);
#10989 = ORIENTED_EDGE('',*,*,#7542,.T.);
#10990 = ORIENTED_EDGE('',*,*,#7501,.F.);
#10991 = PLANE('',#10992);
#10992 = AXIS2_PLACEMENT_3D('',#10993,#10994,#10995);
#10993 = CARTESIAN_POINT('',(11.017,35.,52.817));
#10994 = DIRECTION('',(-0.,1.,0.));
#10995 = DIRECTION('',(0.,0.,1.));
#10996 = ADVANCED_FACE('',(#10997),#11003,.T.);
#10997 = FACE_BOUND('',#10998,.T.);
#10998 = EDGE_LOOP('',(#10999,#11000,#11001,#11002));
#10999 = ORIENTED_EDGE('',*,*,#9045,.F.);
#11000 = ORIENTED_EDGE('',*,*,#9093,.T.);
#11001 = ORIENTED_EDGE('',*,*,#9110,.T.);
#11002 = ORIENTED_EDGE('',*,*,#9069,.F.);
#11003 = PLANE('',#11004);
#11004 = AXIS2_PLACEMENT_3D('',#11005,#11006,#11007);
#11005 = CARTESIAN_POINT('',(13.515,29.,-12.433));
#11006 = DIRECTION('',(-0.,1.,0.));
#11007 = DIRECTION('',(0.,0.,1.));
#11008 = ADVANCED_FACE('',(#11009),#11042,.T.);
#11009 = FACE_BOUND('',#11010,.T.);
#11010 = EDGE_LOOP('',(#11011,#11017,#11018,#11019,#11020,#11021,#11022,
    #11023,#11024,#11025,#11026,#11027,#11028,#11029,#11030,#11031,
    #11032,#11033,#11034,#11035,#11036,#11037,#11038,#11039,#11040,
    #11041));
#11011 = ORIENTED_EDGE('',*,*,#11012,.F.);
#11012 = EDGE_CURVE('',#2380,#22,#11013,.T.);
#11013 = LINE('',#11014,#11015);
#11014 = CARTESIAN_POINT('',(-21.383,25.,40.317));
#11015 = VECTOR('',#11016,1.);
#11016 = DIRECTION('',(6.661338147751E-16,-4.440892098501E-16,-1.));
#11017 = ORIENTED_EDGE('',*,*,#2379,.T.);
#11018 = ORIENTED_EDGE('',*,*,#134,.T.);
#11019 = ORIENTED_EDGE('',*,*,#4928,.T.);
#11020 = ORIENTED_EDGE('',*,*,#9401,.T.);
#11021 = ORIENTED_EDGE('',*,*,#9618,.T.);
#11022 = ORIENTED_EDGE('',*,*,#9680,.T.);
#11023 = ORIENTED_EDGE('',*,*,#9742,.T.);
#11024 = ORIENTED_EDGE('',*,*,#9804,.T.);
#11025 = ORIENTED_EDGE('',*,*,#9866,.T.);
#11026 = ORIENTED_EDGE('',*,*,#9928,.T.);
#11027 = ORIENTED_EDGE('',*,*,#9950,.T.);
#11028 = ORIENTED_EDGE('',*,*,#9897,.T.);
#11029 = ORIENTED_EDGE('',*,*,#9835,.T.);
#11030 = ORIENTED_EDGE('',*,*,#9773,.T.);
#11031 = ORIENTED_EDGE('',*,*,#9711,.T.);
#11032 = ORIENTED_EDGE('',*,*,#9649,.T.);
#11033 = ORIENTED_EDGE('',*,*,#9587,.T.);
#11034 = ORIENTED_EDGE('',*,*,#9556,.T.);
#11035 = ORIENTED_EDGE('',*,*,#9525,.T.);
#11036 = ORIENTED_EDGE('',*,*,#9494,.T.);
#11037 = ORIENTED_EDGE('',*,*,#9463,.T.);
#11038 = ORIENTED_EDGE('',*,*,#9432,.T.);
#11039 = ORIENTED_EDGE('',*,*,#4959,.T.);
#11040 = ORIENTED_EDGE('',*,*,#230,.T.);
#11041 = ORIENTED_EDGE('',*,*,#21,.F.);
#11042 = PLANE('',#11043);
#11043 = AXIS2_PLACEMENT_3D('',#11044,#11045,#11046);
#11044 = CARTESIAN_POINT('',(-21.383,28.950458781569,9.420289666059));
#11045 = DIRECTION('',(-1.,-0.,-5.226697637832E-16));
#11046 = DIRECTION('',(5.226697637832E-16,0.,-1.));
#11047 = ADVANCED_FACE('',(#11048,#11198,#11264,#11330,#11336,#11347,
    #11358,#11369,#11380,#11391,#11402,#11405,#11408,#11411,#11414,
    #11425),#11436,.T.);
#11048 = FACE_BOUND('',#11049,.T.);
#11049 = EDGE_LOOP('',(#11050,#11051,#11052,#11053,#11054,#11055,#11056,
    #11057,#11058,#11059,#11060,#11061,#11062,#11063,#11071,#11079,
    #11087,#11095,#11103,#11111,#11117,#11118,#11119,#11120,#11121,
    #11122,#11123,#11124,#11125,#11126,#11132,#11133,#11134,#11135,
    #11136,#11137,#11138,#11139,#11140,#11141,#11142,#11143,#11144,
    #11145,#11146,#11147,#11148,#11149,#11150,#11151,#11152,#11153,
    #11154,#11155,#11156,#11157,#11158,#11159,#11160,#11161,#11162,
    #11163,#11164,#11165,#11166,#11167,#11168,#11169,#11170,#11171,
    #11172,#11173,#11174,#11175,#11176,#11177,#11178,#11179,#11180,
    #11181,#11182,#11183,#11184,#11185,#11186,#11187,#11188,#11189,
    #11190,#11191,#11192,#11193,#11194,#11195,#11196,#11197));
#11050 = ORIENTED_EDGE('',*,*,#2442,.T.);
#11051 = ORIENTED_EDGE('',*,*,#2483,.T.);
#11052 = ORIENTED_EDGE('',*,*,#2387,.T.);
#11053 = ORIENTED_EDGE('',*,*,#11012,.T.);
#11054 = ORIENTED_EDGE('',*,*,#47,.T.);
#11055 = ORIENTED_EDGE('',*,*,#78,.T.);
#11056 = ORIENTED_EDGE('',*,*,#2411,.T.);
#11057 = ORIENTED_EDGE('',*,*,#2651,.T.);
#11058 = ORIENTED_EDGE('',*,*,#2699,.T.);
#11059 = ORIENTED_EDGE('',*,*,#2747,.T.);
#11060 = ORIENTED_EDGE('',*,*,#2795,.T.);
#11061 = ORIENTED_EDGE('',*,*,#2843,.T.);
#11062 = ORIENTED_EDGE('',*,*,#2881,.T.);
#11063 = ORIENTED_EDGE('',*,*,#11064,.T.);
#11064 = EDGE_CURVE('',#2882,#11065,#11067,.T.);
#11065 = VERTEX_POINT('',#11066);
#11066 = CARTESIAN_POINT('',(-5.483,25.,-12.917));
#11067 = LINE('',#11068,#11069);
#11068 = CARTESIAN_POINT('',(-5.483,25.,-2.512021355535));
#11069 = VECTOR('',#11070,1.);
#11070 = DIRECTION('',(0.,6.661338147751E-16,1.));
#11071 = ORIENTED_EDGE('',*,*,#11072,.F.);
#11072 = EDGE_CURVE('',#11073,#11065,#11075,.T.);
#11073 = VERTEX_POINT('',#11074);
#11074 = CARTESIAN_POINT('',(-5.017,25.,-12.917));
#11075 = LINE('',#11076,#11077);
#11076 = CARTESIAN_POINT('',(-2.7415,25.,-12.917));
#11077 = VECTOR('',#11078,1.);
#11078 = DIRECTION('',(-1.,4.440892098501E-16,0.));
#11079 = ORIENTED_EDGE('',*,*,#11080,.F.);
#11080 = EDGE_CURVE('',#11081,#11073,#11083,.T.);
#11081 = VERTEX_POINT('',#11082);
#11082 = CARTESIAN_POINT('',(-5.017,25.,-26.186));
#11083 = LINE('',#11084,#11085);
#11084 = CARTESIAN_POINT('',(-5.017,25.,-2.512021355535));
#11085 = VECTOR('',#11086,1.);
#11086 = DIRECTION('',(0.,6.661338147751E-16,1.));
#11087 = ORIENTED_EDGE('',*,*,#11088,.T.);
#11088 = EDGE_CURVE('',#11081,#11089,#11091,.T.);
#11089 = VERTEX_POINT('',#11090);
#11090 = CARTESIAN_POINT('',(5.017,25.,-26.186));
#11091 = LINE('',#11092,#11093);
#11092 = CARTESIAN_POINT('',(-5.017,25.,-26.186));
#11093 = VECTOR('',#11094,1.);
#11094 = DIRECTION('',(1.,0.,-0.));
#11095 = ORIENTED_EDGE('',*,*,#11096,.T.);
#11096 = EDGE_CURVE('',#11089,#11097,#11099,.T.);
#11097 = VERTEX_POINT('',#11098);
#11098 = CARTESIAN_POINT('',(5.017,25.,-12.917));
#11099 = LINE('',#11100,#11101);
#11100 = CARTESIAN_POINT('',(5.017,25.,-26.186));
#11101 = VECTOR('',#11102,1.);
#11102 = DIRECTION('',(0.,0.,1.));
#11103 = ORIENTED_EDGE('',*,*,#11104,.F.);
#11104 = EDGE_CURVE('',#11105,#11097,#11107,.T.);
#11105 = VERTEX_POINT('',#11106);
#11106 = CARTESIAN_POINT('',(5.483,25.,-12.917));
#11107 = LINE('',#11108,#11109);
#11108 = CARTESIAN_POINT('',(2.5085,25.,-12.917));
#11109 = VECTOR('',#11110,1.);
#11110 = DIRECTION('',(-1.,4.440892098501E-16,0.));
#11111 = ORIENTED_EDGE('',*,*,#11112,.F.);
#11112 = EDGE_CURVE('',#3098,#11105,#11113,.T.);
#11113 = LINE('',#11114,#11115);
#11114 = CARTESIAN_POINT('',(5.483,25.,-2.512021355535));
#11115 = VECTOR('',#11116,1.);
#11116 = DIRECTION('',(0.,6.661338147751E-16,1.));
#11117 = ORIENTED_EDGE('',*,*,#3097,.T.);
#11118 = ORIENTED_EDGE('',*,*,#3162,.T.);
#11119 = ORIENTED_EDGE('',*,*,#3210,.T.);
#11120 = ORIENTED_EDGE('',*,*,#3258,.T.);
#11121 = ORIENTED_EDGE('',*,*,#3306,.T.);
#11122 = ORIENTED_EDGE('',*,*,#3354,.T.);
#11123 = ORIENTED_EDGE('',*,*,#3402,.T.);
#11124 = ORIENTED_EDGE('',*,*,#3450,.T.);
#11125 = ORIENTED_EDGE('',*,*,#3498,.T.);
#11126 = ORIENTED_EDGE('',*,*,#11127,.T.);
#11127 = EDGE_CURVE('',#3491,#3561,#11128,.T.);
#11128 = LINE('',#11129,#11130);
#11129 = CARTESIAN_POINT('',(21.383,25.,-20.483));
#11130 = VECTOR('',#11131,1.);
#11131 = DIRECTION('',(-6.661338147751E-16,4.440892098501E-16,1.));
#11132 = ORIENTED_EDGE('',*,*,#3577,.T.);
#11133 = ORIENTED_EDGE('',*,*,#3625,.T.);
#11134 = ORIENTED_EDGE('',*,*,#3673,.T.);
#11135 = ORIENTED_EDGE('',*,*,#3721,.T.);
#11136 = ORIENTED_EDGE('',*,*,#3769,.T.);
#11137 = ORIENTED_EDGE('',*,*,#3817,.T.);
#11138 = ORIENTED_EDGE('',*,*,#3865,.T.);
#11139 = ORIENTED_EDGE('',*,*,#3913,.T.);
#11140 = ORIENTED_EDGE('',*,*,#3961,.T.);
#11141 = ORIENTED_EDGE('',*,*,#4009,.T.);
#11142 = ORIENTED_EDGE('',*,*,#4057,.T.);
#11143 = ORIENTED_EDGE('',*,*,#4105,.T.);
#11144 = ORIENTED_EDGE('',*,*,#4153,.T.);
#11145 = ORIENTED_EDGE('',*,*,#4201,.T.);
#11146 = ORIENTED_EDGE('',*,*,#4249,.T.);
#11147 = ORIENTED_EDGE('',*,*,#4297,.T.);
#11148 = ORIENTED_EDGE('',*,*,#4345,.T.);
#11149 = ORIENTED_EDGE('',*,*,#4393,.T.);
#11150 = ORIENTED_EDGE('',*,*,#4407,.T.);
#11151 = ORIENTED_EDGE('',*,*,#4359,.T.);
#11152 = ORIENTED_EDGE('',*,*,#4311,.T.);
#11153 = ORIENTED_EDGE('',*,*,#4263,.T.);
#11154 = ORIENTED_EDGE('',*,*,#4215,.T.);
#11155 = ORIENTED_EDGE('',*,*,#4167,.T.);
#11156 = ORIENTED_EDGE('',*,*,#4119,.T.);
#11157 = ORIENTED_EDGE('',*,*,#4071,.T.);
#11158 = ORIENTED_EDGE('',*,*,#4023,.T.);
#11159 = ORIENTED_EDGE('',*,*,#3975,.T.);
#11160 = ORIENTED_EDGE('',*,*,#3927,.T.);
#11161 = ORIENTED_EDGE('',*,*,#3879,.T.);
#11162 = ORIENTED_EDGE('',*,*,#3831,.T.);
#11163 = ORIENTED_EDGE('',*,*,#3783,.T.);
#11164 = ORIENTED_EDGE('',*,*,#3735,.T.);
#11165 = ORIENTED_EDGE('',*,*,#3687,.T.);
#11166 = ORIENTED_EDGE('',*,*,#3639,.T.);
#11167 = ORIENTED_EDGE('',*,*,#3591,.T.);
#11168 = ORIENTED_EDGE('',*,*,#3536,.T.);
#11169 = ORIENTED_EDGE('',*,*,#3512,.T.);
#11170 = ORIENTED_EDGE('',*,*,#3464,.T.);
#11171 = ORIENTED_EDGE('',*,*,#3416,.T.);
#11172 = ORIENTED_EDGE('',*,*,#3368,.T.);
#11173 = ORIENTED_EDGE('',*,*,#3320,.T.);
#11174 = ORIENTED_EDGE('',*,*,#3272,.T.);
#11175 = ORIENTED_EDGE('',*,*,#3224,.T.);
#11176 = ORIENTED_EDGE('',*,*,#3176,.T.);
#11177 = ORIENTED_EDGE('',*,*,#3128,.T.);
#11178 = ORIENTED_EDGE('',*,*,#3073,.T.);
#11179 = ORIENTED_EDGE('',*,*,#3049,.T.);
#11180 = ORIENTED_EDGE('',*,*,#3025,.T.);
#11181 = ORIENTED_EDGE('',*,*,#3001,.T.);
#11182 = ORIENTED_EDGE('',*,*,#2977,.T.);
#11183 = ORIENTED_EDGE('',*,*,#2963,.T.);
#11184 = ORIENTED_EDGE('',*,*,#2939,.T.);
#11185 = ORIENTED_EDGE('',*,*,#2915,.T.);
#11186 = ORIENTED_EDGE('',*,*,#2867,.T.);
#11187 = ORIENTED_EDGE('',*,*,#2819,.T.);
#11188 = ORIENTED_EDGE('',*,*,#2771,.T.);
#11189 = ORIENTED_EDGE('',*,*,#2723,.T.);
#11190 = ORIENTED_EDGE('',*,*,#2675,.T.);
#11191 = ORIENTED_EDGE('',*,*,#2627,.T.);
#11192 = ORIENTED_EDGE('',*,*,#2603,.T.);
#11193 = ORIENTED_EDGE('',*,*,#2579,.T.);
#11194 = ORIENTED_EDGE('',*,*,#2555,.T.);
#11195 = ORIENTED_EDGE('',*,*,#2531,.T.);
#11196 = ORIENTED_EDGE('',*,*,#2507,.T.);
#11197 = ORIENTED_EDGE('',*,*,#2466,.T.);
#11198 = FACE_BOUND('',#11199,.T.);
#11199 = EDGE_LOOP('',(#11200,#11210,#11218,#11226,#11234,#11242,#11250,
    #11258));
#11200 = ORIENTED_EDGE('',*,*,#11201,.T.);
#11201 = EDGE_CURVE('',#11202,#11204,#11206,.T.);
#11202 = VERTEX_POINT('',#11203);
#11203 = CARTESIAN_POINT('',(12.45,25.,40.73));
#11204 = VERTEX_POINT('',#11205);
#11205 = CARTESIAN_POINT('',(-12.45,25.,40.73));
#11206 = LINE('',#11207,#11208);
#11207 = CARTESIAN_POINT('',(-6.031519556326E-15,25.,40.73));
#11208 = VECTOR('',#11209,1.);
#11209 = DIRECTION('',(-1.,4.440892098501E-16,0.));
#11210 = ORIENTED_EDGE('',*,*,#11211,.T.);
#11211 = EDGE_CURVE('',#11204,#11212,#11214,.T.);
#11212 = VERTEX_POINT('',#11213);
#11213 = CARTESIAN_POINT('',(-12.45,25.,44.65));
#11214 = LINE('',#11215,#11216);
#11215 = CARTESIAN_POINT('',(-12.45,25.,30.094478644465));
#11216 = VECTOR('',#11217,1.);
#11217 = DIRECTION('',(0.,6.661338147751E-16,1.));
#11218 = ORIENTED_EDGE('',*,*,#11219,.F.);
#11219 = EDGE_CURVE('',#11220,#11212,#11222,.T.);
#11220 = VERTEX_POINT('',#11221);
#11221 = CARTESIAN_POINT('',(-11.5,25.,44.65));
#11222 = LINE('',#11223,#11224);
#11223 = CARTESIAN_POINT('',(-6.225,25.,44.65));
#11224 = VECTOR('',#11225,1.);
#11225 = DIRECTION('',(-1.,4.440892098501E-16,0.));
#11226 = ORIENTED_EDGE('',*,*,#11227,.F.);
#11227 = EDGE_CURVE('',#11228,#11220,#11230,.T.);
#11228 = VERTEX_POINT('',#11229);
#11229 = CARTESIAN_POINT('',(-11.5,25.,42.67));
#11230 = LINE('',#11231,#11232);
#11231 = CARTESIAN_POINT('',(-11.5,25.,30.104478644465));
#11232 = VECTOR('',#11233,1.);
#11233 = DIRECTION('',(0.,6.661338147751E-16,1.));
#11234 = ORIENTED_EDGE('',*,*,#11235,.F.);
#11235 = EDGE_CURVE('',#11236,#11228,#11238,.T.);
#11236 = VERTEX_POINT('',#11237);
#11237 = CARTESIAN_POINT('',(11.5,25.,42.67));
#11238 = LINE('',#11239,#11240);
#11239 = CARTESIAN_POINT('',(-6.031519556326E-15,25.,42.67));
#11240 = VECTOR('',#11241,1.);
#11241 = DIRECTION('',(-1.,4.440892098501E-16,0.));
#11242 = ORIENTED_EDGE('',*,*,#11243,.T.);
#11243 = EDGE_CURVE('',#11236,#11244,#11246,.T.);
#11244 = VERTEX_POINT('',#11245);
#11245 = CARTESIAN_POINT('',(11.5,25.,44.65));
#11246 = LINE('',#11247,#11248);
#11247 = CARTESIAN_POINT('',(11.5,25.,30.104478644465));
#11248 = VECTOR('',#11249,1.);
#11249 = DIRECTION('',(0.,6.661338147751E-16,1.));
#11250 = ORIENTED_EDGE('',*,*,#11251,.F.);
#11251 = EDGE_CURVE('',#11252,#11244,#11254,.T.);
#11252 = VERTEX_POINT('',#11253);
#11253 = CARTESIAN_POINT('',(12.45,25.,44.65));
#11254 = LINE('',#11255,#11256);
#11255 = CARTESIAN_POINT('',(5.75,25.,44.65));
#11256 = VECTOR('',#11257,1.);
#11257 = DIRECTION('',(-1.,4.440892098501E-16,0.));
#11258 = ORIENTED_EDGE('',*,*,#11259,.F.);
#11259 = EDGE_CURVE('',#11202,#11252,#11260,.T.);
#11260 = LINE('',#11261,#11262);
#11261 = CARTESIAN_POINT('',(12.45,25.,30.104478644465));
#11262 = VECTOR('',#11263,1.);
#11263 = DIRECTION('',(0.,6.661338147751E-16,1.));
#11264 = FACE_BOUND('',#11265,.T.);
#11265 = EDGE_LOOP('',(#11266,#11276,#11284,#11292,#11300,#11308,#11316,
    #11324));
#11266 = ORIENTED_EDGE('',*,*,#11267,.F.);
#11267 = EDGE_CURVE('',#11268,#11270,#11272,.T.);
#11268 = VERTEX_POINT('',#11269);
#11269 = CARTESIAN_POINT('',(12.45,25.,16.27));
#11270 = VERTEX_POINT('',#11271);
#11271 = CARTESIAN_POINT('',(-12.45,25.,16.27));
#11272 = LINE('',#11273,#11274);
#11273 = CARTESIAN_POINT('',(-6.031519556326E-15,25.,16.27));
#11274 = VECTOR('',#11275,1.);
#11275 = DIRECTION('',(-1.,4.440892098501E-16,0.));
#11276 = ORIENTED_EDGE('',*,*,#11277,.T.);
#11277 = EDGE_CURVE('',#11268,#11278,#11280,.T.);
#11278 = VERTEX_POINT('',#11279);
#11279 = CARTESIAN_POINT('',(12.45,25.,12.35));
#11280 = LINE('',#11281,#11282);
#11281 = CARTESIAN_POINT('',(12.45,25.,16.894478644465));
#11282 = VECTOR('',#11283,1.);
#11283 = DIRECTION('',(-0.,-6.661338147751E-16,-1.));
#11284 = ORIENTED_EDGE('',*,*,#11285,.T.);
#11285 = EDGE_CURVE('',#11278,#11286,#11288,.T.);
#11286 = VERTEX_POINT('',#11287);
#11287 = CARTESIAN_POINT('',(11.5,25.,12.35));
#11288 = LINE('',#11289,#11290);
#11289 = CARTESIAN_POINT('',(5.75,25.,12.35));
#11290 = VECTOR('',#11291,1.);
#11291 = DIRECTION('',(-1.,4.440892098501E-16,0.));
#11292 = ORIENTED_EDGE('',*,*,#11293,.T.);
#11293 = EDGE_CURVE('',#11286,#11294,#11296,.T.);
#11294 = VERTEX_POINT('',#11295);
#11295 = CARTESIAN_POINT('',(11.5,25.,14.33));
#11296 = LINE('',#11297,#11298);
#11297 = CARTESIAN_POINT('',(11.5,25.,15.904478644465));
#11298 = VECTOR('',#11299,1.);
#11299 = DIRECTION('',(0.,6.661338147751E-16,1.));
#11300 = ORIENTED_EDGE('',*,*,#11301,.T.);
#11301 = EDGE_CURVE('',#11294,#11302,#11304,.T.);
#11302 = VERTEX_POINT('',#11303);
#11303 = CARTESIAN_POINT('',(-11.5,25.,14.33));
#11304 = LINE('',#11305,#11306);
#11305 = CARTESIAN_POINT('',(-6.031519556326E-15,25.,14.33));
#11306 = VECTOR('',#11307,1.);
#11307 = DIRECTION('',(-1.,4.440892098501E-16,0.));
#11308 = ORIENTED_EDGE('',*,*,#11309,.F.);
#11309 = EDGE_CURVE('',#11310,#11302,#11312,.T.);
#11310 = VERTEX_POINT('',#11311);
#11311 = CARTESIAN_POINT('',(-11.5,25.,12.35));
#11312 = LINE('',#11313,#11314);
#11313 = CARTESIAN_POINT('',(-11.5,25.,15.904478644465));
#11314 = VECTOR('',#11315,1.);
#11315 = DIRECTION('',(0.,6.661338147751E-16,1.));
#11316 = ORIENTED_EDGE('',*,*,#11317,.T.);
#11317 = EDGE_CURVE('',#11310,#11318,#11320,.T.);
#11318 = VERTEX_POINT('',#11319);
#11319 = CARTESIAN_POINT('',(-12.45,25.,12.35));
#11320 = LINE('',#11321,#11322);
#11321 = CARTESIAN_POINT('',(-6.225,25.,12.35));
#11322 = VECTOR('',#11323,1.);
#11323 = DIRECTION('',(-1.,4.440892098501E-16,0.));
#11324 = ORIENTED_EDGE('',*,*,#11325,.T.);
#11325 = EDGE_CURVE('',#11318,#11270,#11326,.T.);
#11326 = LINE('',#11327,#11328);
#11327 = CARTESIAN_POINT('',(-12.45,25.,15.904478644465));
#11328 = VECTOR('',#11329,1.);
#11329 = DIRECTION('',(0.,6.661338147751E-16,1.));
#11330 = FACE_BOUND('',#11331,.T.);
#11331 = EDGE_LOOP('',(#11332,#11333,#11334,#11335));
#11332 = ORIENTED_EDGE('',*,*,#4669,.T.);
#11333 = ORIENTED_EDGE('',*,*,#4770,.T.);
#11334 = ORIENTED_EDGE('',*,*,#4787,.F.);
#11335 = ORIENTED_EDGE('',*,*,#4746,.F.);
#11336 = FACE_BOUND('',#11337,.T.);
#11337 = EDGE_LOOP('',(#11338,#11339,#11345,#11346));
#11338 = ORIENTED_EDGE('',*,*,#4432,.T.);
#11339 = ORIENTED_EDGE('',*,*,#11340,.T.);
#11340 = EDGE_CURVE('',#4425,#4480,#11341,.T.);
#11341 = LINE('',#11342,#11343);
#11342 = CARTESIAN_POINT('',(-19.383,25.,19.670978644465));
#11343 = VECTOR('',#11344,1.);
#11344 = DIRECTION('',(0.,6.661338147751E-16,1.));
#11345 = ORIENTED_EDGE('',*,*,#4487,.F.);
#11346 = ORIENTED_EDGE('',*,*,#4463,.F.);
#11347 = FACE_BOUND('',#11348,.T.);
#11348 = EDGE_LOOP('',(#11349,#11350,#11356,#11357));
#11349 = ORIENTED_EDGE('',*,*,#4511,.T.);
#11350 = ORIENTED_EDGE('',*,*,#11351,.T.);
#11351 = EDGE_CURVE('',#4504,#4559,#11352,.T.);
#11352 = LINE('',#11353,#11354);
#11353 = CARTESIAN_POINT('',(-19.383,25.,1.320978644465));
#11354 = VECTOR('',#11355,1.);
#11355 = DIRECTION('',(0.,6.661338147751E-16,1.));
#11356 = ORIENTED_EDGE('',*,*,#4566,.F.);
#11357 = ORIENTED_EDGE('',*,*,#4542,.F.);
#11358 = FACE_BOUND('',#11359,.T.);
#11359 = EDGE_LOOP('',(#11360,#11361,#11362,#11363));
#11360 = ORIENTED_EDGE('',*,*,#4590,.T.);
#11361 = ORIENTED_EDGE('',*,*,#4621,.T.);
#11362 = ORIENTED_EDGE('',*,*,#4638,.F.);
#11363 = ORIENTED_EDGE('',*,*,#11364,.F.);
#11364 = EDGE_CURVE('',#4591,#4639,#11365,.T.);
#11365 = LINE('',#11366,#11367);
#11366 = CARTESIAN_POINT('',(19.383,25.,19.670978644465));
#11367 = VECTOR('',#11368,1.);
#11368 = DIRECTION('',(0.,6.661338147751E-16,1.));
#11369 = FACE_BOUND('',#11370,.T.);
#11370 = EDGE_LOOP('',(#11371,#11372,#11373,#11374));
#11371 = ORIENTED_EDGE('',*,*,#4857,.T.);
#11372 = ORIENTED_EDGE('',*,*,#4888,.T.);
#11373 = ORIENTED_EDGE('',*,*,#4905,.F.);
#11374 = ORIENTED_EDGE('',*,*,#11375,.F.);
#11375 = EDGE_CURVE('',#4858,#4906,#11376,.T.);
#11376 = LINE('',#11377,#11378);
#11377 = CARTESIAN_POINT('',(19.383,25.,1.320978644465));
#11378 = VECTOR('',#11379,1.);
#11379 = DIRECTION('',(0.,6.661338147751E-16,1.));
#11380 = FACE_BOUND('',#11381,.T.);
#11381 = EDGE_LOOP('',(#11382));
#11382 = ORIENTED_EDGE('',*,*,#11383,.T.);
#11383 = EDGE_CURVE('',#11384,#11384,#11386,.T.);
#11384 = VERTEX_POINT('',#11385);
#11385 = CARTESIAN_POINT('',(-10.6,25.,10.65));
#11386 = CIRCLE('',#11387,0.8);
#11387 = AXIS2_PLACEMENT_3D('',#11388,#11389,#11390);
#11388 = CARTESIAN_POINT('',(-10.6,25.,9.85));
#11389 = DIRECTION('',(0.,1.,0.));
#11390 = DIRECTION('',(0.,-0.,1.));
#11391 = FACE_BOUND('',#11392,.T.);
#11392 = EDGE_LOOP('',(#11393));
#11393 = ORIENTED_EDGE('',*,*,#11394,.T.);
#11394 = EDGE_CURVE('',#11395,#11395,#11397,.T.);
#11395 = VERTEX_POINT('',#11396);
#11396 = CARTESIAN_POINT('',(10.6,25.,10.65));
#11397 = CIRCLE('',#11398,0.8);
#11398 = AXIS2_PLACEMENT_3D('',#11399,#11400,#11401);
#11399 = CARTESIAN_POINT('',(10.6,25.,9.85));
#11400 = DIRECTION('',(0.,1.,0.));
#11401 = DIRECTION('',(0.,-0.,1.));
#11402 = FACE_BOUND('',#11403,.T.);
#11403 = EDGE_LOOP('',(#11404));
#11404 = ORIENTED_EDGE('',*,*,#9189,.T.);
#11405 = FACE_BOUND('',#11406,.T.);
#11406 = EDGE_LOOP('',(#11407));
#11407 = ORIENTED_EDGE('',*,*,#9214,.T.);
#11408 = FACE_BOUND('',#11409,.T.);
#11409 = EDGE_LOOP('',(#11410));
#11410 = ORIENTED_EDGE('',*,*,#9343,.T.);
#11411 = FACE_BOUND('',#11412,.T.);
#11412 = EDGE_LOOP('',(#11413));
#11413 = ORIENTED_EDGE('',*,*,#9368,.T.);
#11414 = FACE_BOUND('',#11415,.T.);
#11415 = EDGE_LOOP('',(#11416));
#11416 = ORIENTED_EDGE('',*,*,#11417,.T.);
#11417 = EDGE_CURVE('',#11418,#11418,#11420,.T.);
#11418 = VERTEX_POINT('',#11419);
#11419 = CARTESIAN_POINT('',(-7.45,25.,8.75));
#11420 = CIRCLE('',#11421,0.8);
#11421 = AXIS2_PLACEMENT_3D('',#11422,#11423,#11424);
#11422 = CARTESIAN_POINT('',(-7.45,25.,7.95));
#11423 = DIRECTION('',(0.,1.,0.));
#11424 = DIRECTION('',(0.,-0.,1.));
#11425 = FACE_BOUND('',#11426,.T.);
#11426 = EDGE_LOOP('',(#11427));
#11427 = ORIENTED_EDGE('',*,*,#11428,.T.);
#11428 = EDGE_CURVE('',#11429,#11429,#11431,.T.);
#11429 = VERTEX_POINT('',#11430);
#11430 = CARTESIAN_POINT('',(7.45,25.,8.75));
#11431 = CIRCLE('',#11432,0.8);
#11432 = AXIS2_PLACEMENT_3D('',#11433,#11434,#11435);
#11433 = CARTESIAN_POINT('',(7.45,25.,7.95));
#11434 = DIRECTION('',(0.,1.,0.));
#11435 = DIRECTION('',(0.,-0.,1.));
#11436 = PLANE('',#11437);
#11437 = AXIS2_PLACEMENT_3D('',#11438,#11439,#11440);
#11438 = CARTESIAN_POINT('',(-7.364540478224E-02,25.,14.375410799126));
#11439 = DIRECTION('',(-6.652784394155E-16,-1.,4.89386000873E-16));
#11440 = DIRECTION('',(-1.,6.652784394155E-16,-1.563433844529E-47));
#11441 = ADVANCED_FACE('',(#11442,#11691,#11702),#11713,.F.);
#11442 = FACE_BOUND('',#11443,.F.);
#11443 = EDGE_LOOP('',(#11444,#11445,#11453,#11461,#11469,#11477,#11485,
    #11493,#11501,#11509,#11517,#11525,#11533,#11541,#11549,#11557,
    #11565,#11573,#11581,#11589,#11597,#11605,#11613,#11621,#11629,
    #11637,#11645,#11653,#11661,#11669,#11677,#11685));
#11444 = ORIENTED_EDGE('',*,*,#11201,.T.);
#11445 = ORIENTED_EDGE('',*,*,#11446,.T.);
#11446 = EDGE_CURVE('',#11204,#11447,#11449,.T.);
#11447 = VERTEX_POINT('',#11448);
#11448 = CARTESIAN_POINT('',(-12.45,19.2,40.73));
#11449 = LINE('',#11450,#11451);
#11450 = CARTESIAN_POINT('',(-12.45,25.1,40.73));
#11451 = VECTOR('',#11452,1.);
#11452 = DIRECTION('',(0.,-1.,0.));
#11453 = ORIENTED_EDGE('',*,*,#11454,.T.);
#11454 = EDGE_CURVE('',#11447,#11455,#11457,.T.);
#11455 = VERTEX_POINT('',#11456);
#11456 = CARTESIAN_POINT('',(-12.40911099154,18.889417145877,40.73));
#11457 = LINE('',#11458,#11459);
#11458 = CARTESIAN_POINT('',(-12.45,19.2,40.73));
#11459 = VECTOR('',#11460,1.);
#11460 = DIRECTION('',(0.13052619222,-0.991444861374,0.));
#11461 = ORIENTED_EDGE('',*,*,#11462,.T.);
#11462 = EDGE_CURVE('',#11455,#11463,#11465,.T.);
#11463 = VERTEX_POINT('',#11464);
#11464 = CARTESIAN_POINT('',(-12.28923048454,18.6,40.73));
#11465 = LINE('',#11466,#11467);
#11466 = CARTESIAN_POINT('',(-12.40911099154,18.889417145877,40.73));
#11467 = VECTOR('',#11468,1.);
#11468 = DIRECTION('',(0.382683432365,-0.923879532511,0.));
#11469 = ORIENTED_EDGE('',*,*,#11470,.T.);
#11470 = EDGE_CURVE('',#11463,#11471,#11473,.T.);
#11471 = VERTEX_POINT('',#11472);
#11472 = CARTESIAN_POINT('',(-12.09852813742,18.351471862576,40.73));
#11473 = LINE('',#11474,#11475);
#11474 = CARTESIAN_POINT('',(-12.28923048454,18.6,40.73));
#11475 = VECTOR('',#11476,1.);
#11476 = DIRECTION('',(0.608761429009,-0.793353340291,0.));
#11477 = ORIENTED_EDGE('',*,*,#11478,.T.);
#11478 = EDGE_CURVE('',#11471,#11479,#11481,.T.);
#11479 = VERTEX_POINT('',#11480);
#11480 = CARTESIAN_POINT('',(-11.85,18.160769515459,40.73));
#11481 = LINE('',#11482,#11483);
#11482 = CARTESIAN_POINT('',(-12.09852813742,18.351471862576,40.73));
#11483 = VECTOR('',#11484,1.);
#11484 = DIRECTION('',(0.793353340291,-0.608761429009,0.));
#11485 = ORIENTED_EDGE('',*,*,#11486,.T.);
#11486 = EDGE_CURVE('',#11479,#11487,#11489,.T.);
#11487 = VERTEX_POINT('',#11488);
#11488 = CARTESIAN_POINT('',(-11.56058285412,18.040889008453,40.73));
#11489 = LINE('',#11490,#11491);
#11490 = CARTESIAN_POINT('',(-11.85,18.160769515459,40.73));
#11491 = VECTOR('',#11492,1.);
#11492 = DIRECTION('',(0.923879532511,-0.382683432365,0.));
#11493 = ORIENTED_EDGE('',*,*,#11494,.T.);
#11494 = EDGE_CURVE('',#11487,#11495,#11497,.T.);
#11495 = VERTEX_POINT('',#11496);
#11496 = CARTESIAN_POINT('',(-11.25,18.,40.73));
#11497 = LINE('',#11498,#11499);
#11498 = CARTESIAN_POINT('',(-11.56058285412,18.040889008453,40.73));
#11499 = VECTOR('',#11500,1.);
#11500 = DIRECTION('',(0.991444861374,-0.13052619222,0.));
#11501 = ORIENTED_EDGE('',*,*,#11502,.T.);
#11502 = EDGE_CURVE('',#11495,#11503,#11505,.T.);
#11503 = VERTEX_POINT('',#11504);
#11504 = CARTESIAN_POINT('',(-7.7,18.,40.73));
#11505 = LINE('',#11506,#11507);
#11506 = CARTESIAN_POINT('',(-11.25,18.,40.73));
#11507 = VECTOR('',#11508,1.);
#11508 = DIRECTION('',(1.,0.,0.));
#11509 = ORIENTED_EDGE('',*,*,#11510,.T.);
#11510 = EDGE_CURVE('',#11503,#11511,#11513,.T.);
#11511 = VERTEX_POINT('',#11512);
#11512 = CARTESIAN_POINT('',(-7.389417145877,18.040889008453,40.73));
#11513 = LINE('',#11514,#11515);
#11514 = CARTESIAN_POINT('',(-7.7,18.,40.73));
#11515 = VECTOR('',#11516,1.);
#11516 = DIRECTION('',(0.991444861374,0.13052619222,0.));
#11517 = ORIENTED_EDGE('',*,*,#11518,.T.);
#11518 = EDGE_CURVE('',#11511,#11519,#11521,.T.);
#11519 = VERTEX_POINT('',#11520);
#11520 = CARTESIAN_POINT('',(-7.1,18.160769515459,40.73));
#11521 = LINE('',#11522,#11523);
#11522 = CARTESIAN_POINT('',(-7.389417145877,18.040889008453,40.73));
#11523 = VECTOR('',#11524,1.);
#11524 = DIRECTION('',(0.923879532511,0.382683432365,0.));
#11525 = ORIENTED_EDGE('',*,*,#11526,.T.);
#11526 = EDGE_CURVE('',#11519,#11527,#11529,.T.);
#11527 = VERTEX_POINT('',#11528);
#11528 = CARTESIAN_POINT('',(-6.851471862576,18.351471862576,40.73));
#11529 = LINE('',#11530,#11531);
#11530 = CARTESIAN_POINT('',(-7.1,18.160769515459,40.73));
#11531 = VECTOR('',#11532,1.);
#11532 = DIRECTION('',(0.793353340291,0.608761429009,0.));
#11533 = ORIENTED_EDGE('',*,*,#11534,.T.);
#11534 = EDGE_CURVE('',#11527,#11535,#11537,.T.);
#11535 = VERTEX_POINT('',#11536);
#11536 = CARTESIAN_POINT('',(-6.660769515459,18.6,40.73));
#11537 = LINE('',#11538,#11539);
#11538 = CARTESIAN_POINT('',(-6.851471862576,18.351471862576,40.73));
#11539 = VECTOR('',#11540,1.);
#11540 = DIRECTION('',(0.608761429009,0.793353340291,0.));
#11541 = ORIENTED_EDGE('',*,*,#11542,.T.);
#11542 = EDGE_CURVE('',#11535,#11543,#11545,.T.);
#11543 = VERTEX_POINT('',#11544);
#11544 = CARTESIAN_POINT('',(-6.540889008453,18.889417145877,40.73));
#11545 = LINE('',#11546,#11547);
#11546 = CARTESIAN_POINT('',(-6.660769515459,18.6,40.73));
#11547 = VECTOR('',#11548,1.);
#11548 = DIRECTION('',(0.382683432365,0.923879532511,0.));
#11549 = ORIENTED_EDGE('',*,*,#11550,.T.);
#11550 = EDGE_CURVE('',#11543,#11551,#11553,.T.);
#11551 = VERTEX_POINT('',#11552);
#11552 = CARTESIAN_POINT('',(-6.5,19.2,40.73));
#11553 = LINE('',#11554,#11555);
#11554 = CARTESIAN_POINT('',(-6.540889008453,18.889417145877,40.73));
#11555 = VECTOR('',#11556,1.);
#11556 = DIRECTION('',(0.13052619222,0.991444861374,0.));
#11557 = ORIENTED_EDGE('',*,*,#11558,.T.);
#11558 = EDGE_CURVE('',#11551,#11559,#11561,.T.);
#11559 = VERTEX_POINT('',#11560);
#11560 = CARTESIAN_POINT('',(-5.7,20.5,40.73));
#11561 = LINE('',#11562,#11563);
#11562 = CARTESIAN_POINT('',(-6.5,19.2,40.73));
#11563 = VECTOR('',#11564,1.);
#11564 = DIRECTION('',(0.524097425664,0.851658316705,0.));
#11565 = ORIENTED_EDGE('',*,*,#11566,.T.);
#11566 = EDGE_CURVE('',#11559,#11567,#11569,.T.);
#11567 = VERTEX_POINT('',#11568);
#11568 = CARTESIAN_POINT('',(5.7,20.5,40.73));
#11569 = LINE('',#11570,#11571);
#11570 = CARTESIAN_POINT('',(-5.7,20.5,40.73));
#11571 = VECTOR('',#11572,1.);
#11572 = DIRECTION('',(1.,0.,0.));
#11573 = ORIENTED_EDGE('',*,*,#11574,.T.);
#11574 = EDGE_CURVE('',#11567,#11575,#11577,.T.);
#11575 = VERTEX_POINT('',#11576);
#11576 = CARTESIAN_POINT('',(6.5,19.2,40.73));
#11577 = LINE('',#11578,#11579);
#11578 = CARTESIAN_POINT('',(5.7,20.5,40.73));
#11579 = VECTOR('',#11580,1.);
#11580 = DIRECTION('',(0.524097425664,-0.851658316705,0.));
#11581 = ORIENTED_EDGE('',*,*,#11582,.T.);
#11582 = EDGE_CURVE('',#11575,#11583,#11585,.T.);
#11583 = VERTEX_POINT('',#11584);
#11584 = CARTESIAN_POINT('',(6.540889008453,18.889417145877,40.73));
#11585 = LINE('',#11586,#11587);
#11586 = CARTESIAN_POINT('',(6.5,19.2,40.73));
#11587 = VECTOR('',#11588,1.);
#11588 = DIRECTION('',(0.13052619222,-0.991444861374,0.));
#11589 = ORIENTED_EDGE('',*,*,#11590,.T.);
#11590 = EDGE_CURVE('',#11583,#11591,#11593,.T.);
#11591 = VERTEX_POINT('',#11592);
#11592 = CARTESIAN_POINT('',(6.660769515459,18.6,40.73));
#11593 = LINE('',#11594,#11595);
#11594 = CARTESIAN_POINT('',(6.540889008453,18.889417145877,40.73));
#11595 = VECTOR('',#11596,1.);
#11596 = DIRECTION('',(0.382683432365,-0.923879532511,0.));
#11597 = ORIENTED_EDGE('',*,*,#11598,.T.);
#11598 = EDGE_CURVE('',#11591,#11599,#11601,.T.);
#11599 = VERTEX_POINT('',#11600);
#11600 = CARTESIAN_POINT('',(6.851471862576,18.351471862576,40.73));
#11601 = LINE('',#11602,#11603);
#11602 = CARTESIAN_POINT('',(6.660769515459,18.6,40.73));
#11603 = VECTOR('',#11604,1.);
#11604 = DIRECTION('',(0.608761429009,-0.793353340291,0.));
#11605 = ORIENTED_EDGE('',*,*,#11606,.T.);
#11606 = EDGE_CURVE('',#11599,#11607,#11609,.T.);
#11607 = VERTEX_POINT('',#11608);
#11608 = CARTESIAN_POINT('',(7.1,18.160769515459,40.73));
#11609 = LINE('',#11610,#11611);
#11610 = CARTESIAN_POINT('',(6.851471862576,18.351471862576,40.73));
#11611 = VECTOR('',#11612,1.);
#11612 = DIRECTION('',(0.793353340291,-0.608761429009,0.));
#11613 = ORIENTED_EDGE('',*,*,#11614,.T.);
#11614 = EDGE_CURVE('',#11607,#11615,#11617,.T.);
#11615 = VERTEX_POINT('',#11616);
#11616 = CARTESIAN_POINT('',(7.389417145877,18.040889008453,40.73));
#11617 = LINE('',#11618,#11619);
#11618 = CARTESIAN_POINT('',(7.1,18.160769515459,40.73));
#11619 = VECTOR('',#11620,1.);
#11620 = DIRECTION('',(0.923879532511,-0.382683432365,0.));
#11621 = ORIENTED_EDGE('',*,*,#11622,.T.);
#11622 = EDGE_CURVE('',#11615,#11623,#11625,.T.);
#11623 = VERTEX_POINT('',#11624);
#11624 = CARTESIAN_POINT('',(7.7,18.,40.73));
#11625 = LINE('',#11626,#11627);
#11626 = CARTESIAN_POINT('',(7.389417145877,18.040889008453,40.73));
#11627 = VECTOR('',#11628,1.);
#11628 = DIRECTION('',(0.991444861374,-0.13052619222,0.));
#11629 = ORIENTED_EDGE('',*,*,#11630,.T.);
#11630 = EDGE_CURVE('',#11623,#11631,#11633,.T.);
#11631 = VERTEX_POINT('',#11632);
#11632 = CARTESIAN_POINT('',(11.25,18.,40.73));
#11633 = LINE('',#11634,#11635);
#11634 = CARTESIAN_POINT('',(7.7,18.,40.73));
#11635 = VECTOR('',#11636,1.);
#11636 = DIRECTION('',(1.,0.,0.));
#11637 = ORIENTED_EDGE('',*,*,#11638,.T.);
#11638 = EDGE_CURVE('',#11631,#11639,#11641,.T.);
#11639 = VERTEX_POINT('',#11640);
#11640 = CARTESIAN_POINT('',(11.560582854123,18.040889008453,40.73));
#11641 = LINE('',#11642,#11643);
#11642 = CARTESIAN_POINT('',(11.25,18.,40.73));
#11643 = VECTOR('',#11644,1.);
#11644 = DIRECTION('',(0.991444861374,0.13052619222,0.));
#11645 = ORIENTED_EDGE('',*,*,#11646,.T.);
#11646 = EDGE_CURVE('',#11639,#11647,#11649,.T.);
#11647 = VERTEX_POINT('',#11648);
#11648 = CARTESIAN_POINT('',(11.85,18.160769515459,40.73));
#11649 = LINE('',#11650,#11651);
#11650 = CARTESIAN_POINT('',(11.560582854123,18.040889008453,40.73));
#11651 = VECTOR('',#11652,1.);
#11652 = DIRECTION('',(0.923879532511,0.382683432365,0.));
#11653 = ORIENTED_EDGE('',*,*,#11654,.T.);
#11654 = EDGE_CURVE('',#11647,#11655,#11657,.T.);
#11655 = VERTEX_POINT('',#11656);
#11656 = CARTESIAN_POINT('',(12.098528137424,18.351471862576,40.73));
#11657 = LINE('',#11658,#11659);
#11658 = CARTESIAN_POINT('',(11.85,18.160769515459,40.73));
#11659 = VECTOR('',#11660,1.);
#11660 = DIRECTION('',(0.793353340291,0.608761429009,0.));
#11661 = ORIENTED_EDGE('',*,*,#11662,.T.);
#11662 = EDGE_CURVE('',#11655,#11663,#11665,.T.);
#11663 = VERTEX_POINT('',#11664);
#11664 = CARTESIAN_POINT('',(12.289230484541,18.6,40.73));
#11665 = LINE('',#11666,#11667);
#11666 = CARTESIAN_POINT('',(12.098528137424,18.351471862576,40.73));
#11667 = VECTOR('',#11668,1.);
#11668 = DIRECTION('',(0.608761429009,0.793353340291,0.));
#11669 = ORIENTED_EDGE('',*,*,#11670,.T.);
#11670 = EDGE_CURVE('',#11663,#11671,#11673,.T.);
#11671 = VERTEX_POINT('',#11672);
#11672 = CARTESIAN_POINT('',(12.409110991547,18.889417145877,40.73));
#11673 = LINE('',#11674,#11675);
#11674 = CARTESIAN_POINT('',(12.289230484541,18.6,40.73));
#11675 = VECTOR('',#11676,1.);
#11676 = DIRECTION('',(0.382683432365,0.923879532511,0.));
#11677 = ORIENTED_EDGE('',*,*,#11678,.T.);
#11678 = EDGE_CURVE('',#11671,#11679,#11681,.T.);
#11679 = VERTEX_POINT('',#11680);
#11680 = CARTESIAN_POINT('',(12.45,19.2,40.73));
#11681 = LINE('',#11682,#11683);
#11682 = CARTESIAN_POINT('',(12.409110991547,18.889417145877,40.73));
#11683 = VECTOR('',#11684,1.);
#11684 = DIRECTION('',(0.13052619222,0.991444861374,0.));
#11685 = ORIENTED_EDGE('',*,*,#11686,.T.);
#11686 = EDGE_CURVE('',#11679,#11202,#11687,.T.);
#11687 = LINE('',#11688,#11689);
#11688 = CARTESIAN_POINT('',(12.45,19.2,40.73));
#11689 = VECTOR('',#11690,1.);
#11690 = DIRECTION('',(0.,1.,0.));
#11691 = FACE_BOUND('',#11692,.F.);
#11692 = EDGE_LOOP('',(#11693));
#11693 = ORIENTED_EDGE('',*,*,#11694,.F.);
#11694 = EDGE_CURVE('',#11695,#11695,#11697,.T.);
#11695 = VERTEX_POINT('',#11696);
#11696 = CARTESIAN_POINT('',(-8.25,20.5,40.73));
#11697 = CIRCLE('',#11698,1.25);
#11698 = AXIS2_PLACEMENT_3D('',#11699,#11700,#11701);
#11699 = CARTESIAN_POINT('',(-9.5,20.5,40.73));
#11700 = DIRECTION('',(0.,0.,1.));
#11701 = DIRECTION('',(1.,0.,-0.));
#11702 = FACE_BOUND('',#11703,.F.);
#11703 = EDGE_LOOP('',(#11704));
#11704 = ORIENTED_EDGE('',*,*,#11705,.F.);
#11705 = EDGE_CURVE('',#11706,#11706,#11708,.T.);
#11706 = VERTEX_POINT('',#11707);
#11707 = CARTESIAN_POINT('',(10.75,20.5,40.73));
#11708 = CIRCLE('',#11709,1.25);
#11709 = AXIS2_PLACEMENT_3D('',#11710,#11711,#11712);
#11710 = CARTESIAN_POINT('',(9.5,20.5,40.73));
#11711 = DIRECTION('',(0.,0.,1.));
#11712 = DIRECTION('',(1.,0.,-0.));
#11713 = PLANE('',#11714);
#11714 = AXIS2_PLACEMENT_3D('',#11715,#11716,#11717);
#11715 = CARTESIAN_POINT('',(-4.321301683003E-16,22.002042660484,40.73)
  );
#11716 = DIRECTION('',(0.,0.,1.));
#11717 = DIRECTION('',(1.,0.,-0.));
#11718 = ADVANCED_FACE('',(#11719),#11744,.F.);
#11719 = FACE_BOUND('',#11720,.F.);
#11720 = EDGE_LOOP('',(#11721,#11729,#11737,#11743));
#11721 = ORIENTED_EDGE('',*,*,#11722,.T.);
#11722 = EDGE_CURVE('',#11671,#11723,#11725,.T.);
#11723 = VERTEX_POINT('',#11724);
#11724 = CARTESIAN_POINT('',(12.409110991547,18.889417145877,42.67));
#11725 = LINE('',#11726,#11727);
#11726 = CARTESIAN_POINT('',(12.409110991547,18.889417145877,40.73));
#11727 = VECTOR('',#11728,1.);
#11728 = DIRECTION('',(0.,0.,1.));
#11729 = ORIENTED_EDGE('',*,*,#11730,.T.);
#11730 = EDGE_CURVE('',#11723,#11731,#11733,.T.);
#11731 = VERTEX_POINT('',#11732);
#11732 = CARTESIAN_POINT('',(12.45,19.2,42.67));
#11733 = LINE('',#11734,#11735);
#11734 = CARTESIAN_POINT('',(12.409110991547,18.889417145877,42.67));
#11735 = VECTOR('',#11736,1.);
#11736 = DIRECTION('',(0.13052619222,0.991444861374,0.));
#11737 = ORIENTED_EDGE('',*,*,#11738,.F.);
#11738 = EDGE_CURVE('',#11679,#11731,#11739,.T.);
#11739 = LINE('',#11740,#11741);
#11740 = CARTESIAN_POINT('',(12.45,19.2,40.73));
#11741 = VECTOR('',#11742,1.);
#11742 = DIRECTION('',(0.,0.,1.));
#11743 = ORIENTED_EDGE('',*,*,#11678,.F.);
#11744 = PLANE('',#11745);
#11745 = AXIS2_PLACEMENT_3D('',#11746,#11747,#11748);
#11746 = CARTESIAN_POINT('',(12.409110991547,18.889417145877,40.73));
#11747 = DIRECTION('',(-0.991444861374,0.13052619222,0.));
#11748 = DIRECTION('',(0.13052619222,0.991444861374,0.));
#11749 = ADVANCED_FACE('',(#11750),#11775,.T.);
#11750 = FACE_BOUND('',#11751,.T.);
#11751 = EDGE_LOOP('',(#11752,#11760,#11768,#11774));
#11752 = ORIENTED_EDGE('',*,*,#11753,.F.);
#11753 = EDGE_CURVE('',#11754,#11244,#11756,.T.);
#11754 = VERTEX_POINT('',#11755);
#11755 = CARTESIAN_POINT('',(11.5,20.5,44.65));
#11756 = LINE('',#11757,#11758);
#11757 = CARTESIAN_POINT('',(11.5,20.5,44.65));
#11758 = VECTOR('',#11759,1.);
#11759 = DIRECTION('',(-0.,1.,0.));
#11760 = ORIENTED_EDGE('',*,*,#11761,.T.);
#11761 = EDGE_CURVE('',#11754,#11762,#11764,.T.);
#11762 = VERTEX_POINT('',#11763);
#11763 = CARTESIAN_POINT('',(12.45,20.5,44.65));
#11764 = LINE('',#11765,#11766);
#11765 = CARTESIAN_POINT('',(11.5,20.5,44.65));
#11766 = VECTOR('',#11767,1.);
#11767 = DIRECTION('',(1.,0.,-0.));
#11768 = ORIENTED_EDGE('',*,*,#11769,.T.);
#11769 = EDGE_CURVE('',#11762,#11252,#11770,.T.);
#11770 = LINE('',#11771,#11772);
#11771 = CARTESIAN_POINT('',(12.45,20.5,44.65));
#11772 = VECTOR('',#11773,1.);
#11773 = DIRECTION('',(-0.,1.,0.));
#11774 = ORIENTED_EDGE('',*,*,#11251,.T.);
#11775 = PLANE('',#11776);
#11776 = AXIS2_PLACEMENT_3D('',#11777,#11778,#11779);
#11777 = CARTESIAN_POINT('',(11.5,20.5,44.65));
#11778 = DIRECTION('',(0.,0.,1.));
#11779 = DIRECTION('',(1.,0.,-0.));
#11780 = ADVANCED_FACE('',(#11781),#11799,.F.);
#11781 = FACE_BOUND('',#11782,.F.);
#11782 = EDGE_LOOP('',(#11783,#11791,#11797,#11798));
#11783 = ORIENTED_EDGE('',*,*,#11784,.F.);
#11784 = EDGE_CURVE('',#11785,#11754,#11787,.T.);
#11785 = VERTEX_POINT('',#11786);
#11786 = CARTESIAN_POINT('',(11.5,20.5,42.67));
#11787 = LINE('',#11788,#11789);
#11788 = CARTESIAN_POINT('',(11.5,20.5,40.75));
#11789 = VECTOR('',#11790,1.);
#11790 = DIRECTION('',(0.,0.,1.));
#11791 = ORIENTED_EDGE('',*,*,#11792,.T.);
#11792 = EDGE_CURVE('',#11785,#11236,#11793,.T.);
#11793 = LINE('',#11794,#11795);
#11794 = CARTESIAN_POINT('',(11.5,21.251021330242,42.67));
#11795 = VECTOR('',#11796,1.);
#11796 = DIRECTION('',(-0.,1.,0.));
#11797 = ORIENTED_EDGE('',*,*,#11243,.T.);
#11798 = ORIENTED_EDGE('',*,*,#11753,.F.);
#11799 = PLANE('',#11800);
#11800 = AXIS2_PLACEMENT_3D('',#11801,#11802,#11803);
#11801 = CARTESIAN_POINT('',(11.5,20.5,40.75));
#11802 = DIRECTION('',(1.,0.,-0.));
#11803 = DIRECTION('',(0.,0.,1.));
#11804 = ADVANCED_FACE('',(#11805,#12070,#12081),#12092,.T.);
#11805 = FACE_BOUND('',#11806,.T.);
#11806 = EDGE_LOOP('',(#11807,#11808,#11816,#11822,#11823,#11824,#11832,
    #11840,#11848,#11856,#11864,#11872,#11880,#11888,#11896,#11904,
    #11912,#11920,#11928,#11936,#11944,#11952,#11960,#11968,#11976,
    #11984,#11992,#12000,#12008,#12016,#12024,#12032,#12040,#12048,
    #12056,#12064));
#11807 = ORIENTED_EDGE('',*,*,#11730,.T.);
#11808 = ORIENTED_EDGE('',*,*,#11809,.T.);
#11809 = EDGE_CURVE('',#11731,#11810,#11812,.T.);
#11810 = VERTEX_POINT('',#11811);
#11811 = CARTESIAN_POINT('',(12.45,20.5,42.67));
#11812 = LINE('',#11813,#11814);
#11813 = CARTESIAN_POINT('',(12.45,19.2,42.67));
#11814 = VECTOR('',#11815,1.);
#11815 = DIRECTION('',(0.,1.,0.));
#11816 = ORIENTED_EDGE('',*,*,#11817,.T.);
#11817 = EDGE_CURVE('',#11810,#11785,#11818,.T.);
#11818 = LINE('',#11819,#11820);
#11819 = CARTESIAN_POINT('',(5.75,20.5,42.67));
#11820 = VECTOR('',#11821,1.);
#11821 = DIRECTION('',(-1.,-0.,0.));
#11822 = ORIENTED_EDGE('',*,*,#11792,.T.);
#11823 = ORIENTED_EDGE('',*,*,#11235,.T.);
#11824 = ORIENTED_EDGE('',*,*,#11825,.F.);
#11825 = EDGE_CURVE('',#11826,#11228,#11828,.T.);
#11826 = VERTEX_POINT('',#11827);
#11827 = CARTESIAN_POINT('',(-11.5,20.5,42.67));
#11828 = LINE('',#11829,#11830);
#11829 = CARTESIAN_POINT('',(-11.5,21.251021330242,42.67));
#11830 = VECTOR('',#11831,1.);
#11831 = DIRECTION('',(-0.,1.,0.));
#11832 = ORIENTED_EDGE('',*,*,#11833,.T.);
#11833 = EDGE_CURVE('',#11826,#11834,#11836,.T.);
#11834 = VERTEX_POINT('',#11835);
#11835 = CARTESIAN_POINT('',(-12.45,20.5,42.67));
#11836 = LINE('',#11837,#11838);
#11837 = CARTESIAN_POINT('',(-6.225,20.5,42.67));
#11838 = VECTOR('',#11839,1.);
#11839 = DIRECTION('',(-1.,-0.,0.));
#11840 = ORIENTED_EDGE('',*,*,#11841,.T.);
#11841 = EDGE_CURVE('',#11834,#11842,#11844,.T.);
#11842 = VERTEX_POINT('',#11843);
#11843 = CARTESIAN_POINT('',(-12.45,19.2,42.67));
#11844 = LINE('',#11845,#11846);
#11845 = CARTESIAN_POINT('',(-12.45,25.1,42.67));
#11846 = VECTOR('',#11847,1.);
#11847 = DIRECTION('',(0.,-1.,0.));
#11848 = ORIENTED_EDGE('',*,*,#11849,.T.);
#11849 = EDGE_CURVE('',#11842,#11850,#11852,.T.);
#11850 = VERTEX_POINT('',#11851);
#11851 = CARTESIAN_POINT('',(-12.40911099154,18.889417145877,42.67));
#11852 = LINE('',#11853,#11854);
#11853 = CARTESIAN_POINT('',(-12.45,19.2,42.67));
#11854 = VECTOR('',#11855,1.);
#11855 = DIRECTION('',(0.13052619222,-0.991444861374,0.));
#11856 = ORIENTED_EDGE('',*,*,#11857,.T.);
#11857 = EDGE_CURVE('',#11850,#11858,#11860,.T.);
#11858 = VERTEX_POINT('',#11859);
#11859 = CARTESIAN_POINT('',(-12.28923048454,18.6,42.67));
#11860 = LINE('',#11861,#11862);
#11861 = CARTESIAN_POINT('',(-12.40911099154,18.889417145877,42.67));
#11862 = VECTOR('',#11863,1.);
#11863 = DIRECTION('',(0.382683432365,-0.923879532511,0.));
#11864 = ORIENTED_EDGE('',*,*,#11865,.T.);
#11865 = EDGE_CURVE('',#11858,#11866,#11868,.T.);
#11866 = VERTEX_POINT('',#11867);
#11867 = CARTESIAN_POINT('',(-12.09852813742,18.351471862576,42.67));
#11868 = LINE('',#11869,#11870);
#11869 = CARTESIAN_POINT('',(-12.28923048454,18.6,42.67));
#11870 = VECTOR('',#11871,1.);
#11871 = DIRECTION('',(0.608761429009,-0.793353340291,0.));
#11872 = ORIENTED_EDGE('',*,*,#11873,.T.);
#11873 = EDGE_CURVE('',#11866,#11874,#11876,.T.);
#11874 = VERTEX_POINT('',#11875);
#11875 = CARTESIAN_POINT('',(-11.85,18.160769515459,42.67));
#11876 = LINE('',#11877,#11878);
#11877 = CARTESIAN_POINT('',(-12.09852813742,18.351471862576,42.67));
#11878 = VECTOR('',#11879,1.);
#11879 = DIRECTION('',(0.793353340291,-0.608761429009,0.));
#11880 = ORIENTED_EDGE('',*,*,#11881,.T.);
#11881 = EDGE_CURVE('',#11874,#11882,#11884,.T.);
#11882 = VERTEX_POINT('',#11883);
#11883 = CARTESIAN_POINT('',(-11.56058285412,18.040889008453,42.67));
#11884 = LINE('',#11885,#11886);
#11885 = CARTESIAN_POINT('',(-11.85,18.160769515459,42.67));
#11886 = VECTOR('',#11887,1.);
#11887 = DIRECTION('',(0.923879532511,-0.382683432365,0.));
#11888 = ORIENTED_EDGE('',*,*,#11889,.T.);
#11889 = EDGE_CURVE('',#11882,#11890,#11892,.T.);
#11890 = VERTEX_POINT('',#11891);
#11891 = CARTESIAN_POINT('',(-11.25,18.,42.67));
#11892 = LINE('',#11893,#11894);
#11893 = CARTESIAN_POINT('',(-11.56058285412,18.040889008453,42.67));
#11894 = VECTOR('',#11895,1.);
#11895 = DIRECTION('',(0.991444861374,-0.13052619222,0.));
#11896 = ORIENTED_EDGE('',*,*,#11897,.T.);
#11897 = EDGE_CURVE('',#11890,#11898,#11900,.T.);
#11898 = VERTEX_POINT('',#11899);
#11899 = CARTESIAN_POINT('',(-7.7,18.,42.67));
#11900 = LINE('',#11901,#11902);
#11901 = CARTESIAN_POINT('',(-11.25,18.,42.67));
#11902 = VECTOR('',#11903,1.);
#11903 = DIRECTION('',(1.,0.,0.));
#11904 = ORIENTED_EDGE('',*,*,#11905,.T.);
#11905 = EDGE_CURVE('',#11898,#11906,#11908,.T.);
#11906 = VERTEX_POINT('',#11907);
#11907 = CARTESIAN_POINT('',(-7.389417145877,18.040889008453,42.67));
#11908 = LINE('',#11909,#11910);
#11909 = CARTESIAN_POINT('',(-7.7,18.,42.67));
#11910 = VECTOR('',#11911,1.);
#11911 = DIRECTION('',(0.991444861374,0.13052619222,0.));
#11912 = ORIENTED_EDGE('',*,*,#11913,.T.);
#11913 = EDGE_CURVE('',#11906,#11914,#11916,.T.);
#11914 = VERTEX_POINT('',#11915);
#11915 = CARTESIAN_POINT('',(-7.1,18.160769515459,42.67));
#11916 = LINE('',#11917,#11918);
#11917 = CARTESIAN_POINT('',(-7.389417145877,18.040889008453,42.67));
#11918 = VECTOR('',#11919,1.);
#11919 = DIRECTION('',(0.923879532511,0.382683432365,0.));
#11920 = ORIENTED_EDGE('',*,*,#11921,.T.);
#11921 = EDGE_CURVE('',#11914,#11922,#11924,.T.);
#11922 = VERTEX_POINT('',#11923);
#11923 = CARTESIAN_POINT('',(-6.851471862576,18.351471862576,42.67));
#11924 = LINE('',#11925,#11926);
#11925 = CARTESIAN_POINT('',(-7.1,18.160769515459,42.67));
#11926 = VECTOR('',#11927,1.);
#11927 = DIRECTION('',(0.793353340291,0.608761429009,0.));
#11928 = ORIENTED_EDGE('',*,*,#11929,.T.);
#11929 = EDGE_CURVE('',#11922,#11930,#11932,.T.);
#11930 = VERTEX_POINT('',#11931);
#11931 = CARTESIAN_POINT('',(-6.660769515459,18.6,42.67));
#11932 = LINE('',#11933,#11934);
#11933 = CARTESIAN_POINT('',(-6.851471862576,18.351471862576,42.67));
#11934 = VECTOR('',#11935,1.);
#11935 = DIRECTION('',(0.608761429009,0.793353340291,0.));
#11936 = ORIENTED_EDGE('',*,*,#11937,.T.);
#11937 = EDGE_CURVE('',#11930,#11938,#11940,.T.);
#11938 = VERTEX_POINT('',#11939);
#11939 = CARTESIAN_POINT('',(-6.540889008453,18.889417145877,42.67));
#11940 = LINE('',#11941,#11942);
#11941 = CARTESIAN_POINT('',(-6.660769515459,18.6,42.67));
#11942 = VECTOR('',#11943,1.);
#11943 = DIRECTION('',(0.382683432365,0.923879532511,0.));
#11944 = ORIENTED_EDGE('',*,*,#11945,.T.);
#11945 = EDGE_CURVE('',#11938,#11946,#11948,.T.);
#11946 = VERTEX_POINT('',#11947);
#11947 = CARTESIAN_POINT('',(-6.5,19.2,42.67));
#11948 = LINE('',#11949,#11950);
#11949 = CARTESIAN_POINT('',(-6.540889008453,18.889417145877,42.67));
#11950 = VECTOR('',#11951,1.);
#11951 = DIRECTION('',(0.13052619222,0.991444861374,0.));
#11952 = ORIENTED_EDGE('',*,*,#11953,.T.);
#11953 = EDGE_CURVE('',#11946,#11954,#11956,.T.);
#11954 = VERTEX_POINT('',#11955);
#11955 = CARTESIAN_POINT('',(-5.7,20.5,42.67));
#11956 = LINE('',#11957,#11958);
#11957 = CARTESIAN_POINT('',(-6.5,19.2,42.67));
#11958 = VECTOR('',#11959,1.);
#11959 = DIRECTION('',(0.524097425664,0.851658316705,0.));
#11960 = ORIENTED_EDGE('',*,*,#11961,.T.);
#11961 = EDGE_CURVE('',#11954,#11962,#11964,.T.);
#11962 = VERTEX_POINT('',#11963);
#11963 = CARTESIAN_POINT('',(5.7,20.5,42.67));
#11964 = LINE('',#11965,#11966);
#11965 = CARTESIAN_POINT('',(-5.7,20.5,42.67));
#11966 = VECTOR('',#11967,1.);
#11967 = DIRECTION('',(1.,0.,0.));
#11968 = ORIENTED_EDGE('',*,*,#11969,.T.);
#11969 = EDGE_CURVE('',#11962,#11970,#11972,.T.);
#11970 = VERTEX_POINT('',#11971);
#11971 = CARTESIAN_POINT('',(6.5,19.2,42.67));
#11972 = LINE('',#11973,#11974);
#11973 = CARTESIAN_POINT('',(5.7,20.5,42.67));
#11974 = VECTOR('',#11975,1.);
#11975 = DIRECTION('',(0.524097425664,-0.851658316705,0.));
#11976 = ORIENTED_EDGE('',*,*,#11977,.T.);
#11977 = EDGE_CURVE('',#11970,#11978,#11980,.T.);
#11978 = VERTEX_POINT('',#11979);
#11979 = CARTESIAN_POINT('',(6.540889008453,18.889417145877,42.67));
#11980 = LINE('',#11981,#11982);
#11981 = CARTESIAN_POINT('',(6.5,19.2,42.67));
#11982 = VECTOR('',#11983,1.);
#11983 = DIRECTION('',(0.13052619222,-0.991444861374,0.));
#11984 = ORIENTED_EDGE('',*,*,#11985,.T.);
#11985 = EDGE_CURVE('',#11978,#11986,#11988,.T.);
#11986 = VERTEX_POINT('',#11987);
#11987 = CARTESIAN_POINT('',(6.660769515459,18.6,42.67));
#11988 = LINE('',#11989,#11990);
#11989 = CARTESIAN_POINT('',(6.540889008453,18.889417145877,42.67));
#11990 = VECTOR('',#11991,1.);
#11991 = DIRECTION('',(0.382683432365,-0.923879532511,0.));
#11992 = ORIENTED_EDGE('',*,*,#11993,.T.);
#11993 = EDGE_CURVE('',#11986,#11994,#11996,.T.);
#11994 = VERTEX_POINT('',#11995);
#11995 = CARTESIAN_POINT('',(6.851471862576,18.351471862576,42.67));
#11996 = LINE('',#11997,#11998);
#11997 = CARTESIAN_POINT('',(6.660769515459,18.6,42.67));
#11998 = VECTOR('',#11999,1.);
#11999 = DIRECTION('',(0.608761429009,-0.793353340291,0.));
#12000 = ORIENTED_EDGE('',*,*,#12001,.T.);
#12001 = EDGE_CURVE('',#11994,#12002,#12004,.T.);
#12002 = VERTEX_POINT('',#12003);
#12003 = CARTESIAN_POINT('',(7.1,18.160769515459,42.67));
#12004 = LINE('',#12005,#12006);
#12005 = CARTESIAN_POINT('',(6.851471862576,18.351471862576,42.67));
#12006 = VECTOR('',#12007,1.);
#12007 = DIRECTION('',(0.793353340291,-0.608761429009,0.));
#12008 = ORIENTED_EDGE('',*,*,#12009,.T.);
#12009 = EDGE_CURVE('',#12002,#12010,#12012,.T.);
#12010 = VERTEX_POINT('',#12011);
#12011 = CARTESIAN_POINT('',(7.389417145877,18.040889008453,42.67));
#12012 = LINE('',#12013,#12014);
#12013 = CARTESIAN_POINT('',(7.1,18.160769515459,42.67));
#12014 = VECTOR('',#12015,1.);
#12015 = DIRECTION('',(0.923879532511,-0.382683432365,0.));
#12016 = ORIENTED_EDGE('',*,*,#12017,.T.);
#12017 = EDGE_CURVE('',#12010,#12018,#12020,.T.);
#12018 = VERTEX_POINT('',#12019);
#12019 = CARTESIAN_POINT('',(7.7,18.,42.67));
#12020 = LINE('',#12021,#12022);
#12021 = CARTESIAN_POINT('',(7.389417145877,18.040889008453,42.67));
#12022 = VECTOR('',#12023,1.);
#12023 = DIRECTION('',(0.991444861374,-0.13052619222,0.));
#12024 = ORIENTED_EDGE('',*,*,#12025,.T.);
#12025 = EDGE_CURVE('',#12018,#12026,#12028,.T.);
#12026 = VERTEX_POINT('',#12027);
#12027 = CARTESIAN_POINT('',(11.25,18.,42.67));
#12028 = LINE('',#12029,#12030);
#12029 = CARTESIAN_POINT('',(7.7,18.,42.67));
#12030 = VECTOR('',#12031,1.);
#12031 = DIRECTION('',(1.,0.,0.));
#12032 = ORIENTED_EDGE('',*,*,#12033,.T.);
#12033 = EDGE_CURVE('',#12026,#12034,#12036,.T.);
#12034 = VERTEX_POINT('',#12035);
#12035 = CARTESIAN_POINT('',(11.560582854123,18.040889008453,42.67));
#12036 = LINE('',#12037,#12038);
#12037 = CARTESIAN_POINT('',(11.25,18.,42.67));
#12038 = VECTOR('',#12039,1.);
#12039 = DIRECTION('',(0.991444861374,0.13052619222,0.));
#12040 = ORIENTED_EDGE('',*,*,#12041,.T.);
#12041 = EDGE_CURVE('',#12034,#12042,#12044,.T.);
#12042 = VERTEX_POINT('',#12043);
#12043 = CARTESIAN_POINT('',(11.85,18.160769515459,42.67));
#12044 = LINE('',#12045,#12046);
#12045 = CARTESIAN_POINT('',(11.560582854123,18.040889008453,42.67));
#12046 = VECTOR('',#12047,1.);
#12047 = DIRECTION('',(0.923879532511,0.382683432365,0.));
#12048 = ORIENTED_EDGE('',*,*,#12049,.T.);
#12049 = EDGE_CURVE('',#12042,#12050,#12052,.T.);
#12050 = VERTEX_POINT('',#12051);
#12051 = CARTESIAN_POINT('',(12.098528137424,18.351471862576,42.67));
#12052 = LINE('',#12053,#12054);
#12053 = CARTESIAN_POINT('',(11.85,18.160769515459,42.67));
#12054 = VECTOR('',#12055,1.);
#12055 = DIRECTION('',(0.793353340291,0.608761429009,0.));
#12056 = ORIENTED_EDGE('',*,*,#12057,.T.);
#12057 = EDGE_CURVE('',#12050,#12058,#12060,.T.);
#12058 = VERTEX_POINT('',#12059);
#12059 = CARTESIAN_POINT('',(12.289230484541,18.6,42.67));
#12060 = LINE('',#12061,#12062);
#12061 = CARTESIAN_POINT('',(12.098528137424,18.351471862576,42.67));
#12062 = VECTOR('',#12063,1.);
#12063 = DIRECTION('',(0.608761429009,0.793353340291,0.));
#12064 = ORIENTED_EDGE('',*,*,#12065,.T.);
#12065 = EDGE_CURVE('',#12058,#11723,#12066,.T.);
#12066 = LINE('',#12067,#12068);
#12067 = CARTESIAN_POINT('',(12.289230484541,18.6,42.67));
#12068 = VECTOR('',#12069,1.);
#12069 = DIRECTION('',(0.382683432365,0.923879532511,0.));
#12070 = FACE_BOUND('',#12071,.T.);
#12071 = EDGE_LOOP('',(#12072));
#12072 = ORIENTED_EDGE('',*,*,#12073,.F.);
#12073 = EDGE_CURVE('',#12074,#12074,#12076,.T.);
#12074 = VERTEX_POINT('',#12075);
#12075 = CARTESIAN_POINT('',(-8.25,20.5,42.67));
#12076 = CIRCLE('',#12077,1.25);
#12077 = AXIS2_PLACEMENT_3D('',#12078,#12079,#12080);
#12078 = CARTESIAN_POINT('',(-9.5,20.5,42.67));
#12079 = DIRECTION('',(0.,0.,1.));
#12080 = DIRECTION('',(1.,0.,-0.));
#12081 = FACE_BOUND('',#12082,.T.);
#12082 = EDGE_LOOP('',(#12083));
#12083 = ORIENTED_EDGE('',*,*,#12084,.F.);
#12084 = EDGE_CURVE('',#12085,#12085,#12087,.T.);
#12085 = VERTEX_POINT('',#12086);
#12086 = CARTESIAN_POINT('',(10.75,20.5,42.67));
#12087 = CIRCLE('',#12088,1.25);
#12088 = AXIS2_PLACEMENT_3D('',#12089,#12090,#12091);
#12089 = CARTESIAN_POINT('',(9.5,20.5,42.67));
#12090 = DIRECTION('',(0.,0.,1.));
#12091 = DIRECTION('',(1.,0.,-0.));
#12092 = PLANE('',#12093);
#12093 = AXIS2_PLACEMENT_3D('',#12094,#12095,#12096);
#12094 = CARTESIAN_POINT('',(-4.321301683003E-16,22.002042660484,42.67)
  );
#12095 = DIRECTION('',(0.,0.,1.));
#12096 = DIRECTION('',(1.,0.,-0.));
#12097 = ADVANCED_FACE('',(#12098),#12116,.T.);
#12098 = FACE_BOUND('',#12099,.T.);
#12099 = EDGE_LOOP('',(#12100,#12108,#12109,#12110));
#12100 = ORIENTED_EDGE('',*,*,#12101,.F.);
#12101 = EDGE_CURVE('',#11826,#12102,#12104,.T.);
#12102 = VERTEX_POINT('',#12103);
#12103 = CARTESIAN_POINT('',(-11.5,20.5,44.65));
#12104 = LINE('',#12105,#12106);
#12105 = CARTESIAN_POINT('',(-11.5,20.5,40.75));
#12106 = VECTOR('',#12107,1.);
#12107 = DIRECTION('',(0.,0.,1.));
#12108 = ORIENTED_EDGE('',*,*,#11825,.T.);
#12109 = ORIENTED_EDGE('',*,*,#11227,.T.);
#12110 = ORIENTED_EDGE('',*,*,#12111,.F.);
#12111 = EDGE_CURVE('',#12102,#11220,#12112,.T.);
#12112 = LINE('',#12113,#12114);
#12113 = CARTESIAN_POINT('',(-11.5,20.5,44.65));
#12114 = VECTOR('',#12115,1.);
#12115 = DIRECTION('',(-0.,1.,0.));
#12116 = PLANE('',#12117);
#12117 = AXIS2_PLACEMENT_3D('',#12118,#12119,#12120);
#12118 = CARTESIAN_POINT('',(-11.5,20.5,40.75));
#12119 = DIRECTION('',(1.,0.,-0.));
#12120 = DIRECTION('',(0.,0.,1.));
#12121 = ADVANCED_FACE('',(#12122),#12140,.T.);
#12122 = FACE_BOUND('',#12123,.T.);
#12123 = EDGE_LOOP('',(#12124,#12132,#12138,#12139));
#12124 = ORIENTED_EDGE('',*,*,#12125,.F.);
#12125 = EDGE_CURVE('',#12126,#11212,#12128,.T.);
#12126 = VERTEX_POINT('',#12127);
#12127 = CARTESIAN_POINT('',(-12.45,20.5,44.65));
#12128 = LINE('',#12129,#12130);
#12129 = CARTESIAN_POINT('',(-12.45,20.5,44.65));
#12130 = VECTOR('',#12131,1.);
#12131 = DIRECTION('',(-0.,1.,0.));
#12132 = ORIENTED_EDGE('',*,*,#12133,.T.);
#12133 = EDGE_CURVE('',#12126,#12102,#12134,.T.);
#12134 = LINE('',#12135,#12136);
#12135 = CARTESIAN_POINT('',(-12.45,20.5,44.65));
#12136 = VECTOR('',#12137,1.);
#12137 = DIRECTION('',(1.,0.,-0.));
#12138 = ORIENTED_EDGE('',*,*,#12111,.T.);
#12139 = ORIENTED_EDGE('',*,*,#11219,.T.);
#12140 = PLANE('',#12141);
#12141 = AXIS2_PLACEMENT_3D('',#12142,#12143,#12144);
#12142 = CARTESIAN_POINT('',(-12.45,20.5,44.65));
#12143 = DIRECTION('',(0.,0.,1.));
#12144 = DIRECTION('',(1.,0.,-0.));
#12145 = ADVANCED_FACE('',(#12146),#12157,.F.);
#12146 = FACE_BOUND('',#12147,.F.);
#12147 = EDGE_LOOP('',(#12148,#12149,#12150,#12151));
#12148 = ORIENTED_EDGE('',*,*,#11817,.T.);
#12149 = ORIENTED_EDGE('',*,*,#11784,.T.);
#12150 = ORIENTED_EDGE('',*,*,#11761,.T.);
#12151 = ORIENTED_EDGE('',*,*,#12152,.F.);
#12152 = EDGE_CURVE('',#11810,#11762,#12153,.T.);
#12153 = LINE('',#12154,#12155);
#12154 = CARTESIAN_POINT('',(12.45,20.5,40.75));
#12155 = VECTOR('',#12156,1.);
#12156 = DIRECTION('',(0.,0.,1.));
#12157 = PLANE('',#12158);
#12158 = AXIS2_PLACEMENT_3D('',#12159,#12160,#12161);
#12159 = CARTESIAN_POINT('',(11.5,20.5,40.75));
#12160 = DIRECTION('',(-0.,1.,0.));
#12161 = DIRECTION('',(0.,0.,1.));
#12162 = ADVANCED_FACE('',(#12163),#12179,.F.);
#12163 = FACE_BOUND('',#12164,.F.);
#12164 = EDGE_LOOP('',(#12165,#12171,#12172,#12178));
#12165 = ORIENTED_EDGE('',*,*,#12166,.T.);
#12166 = EDGE_CURVE('',#11447,#11842,#12167,.T.);
#12167 = LINE('',#12168,#12169);
#12168 = CARTESIAN_POINT('',(-12.45,19.2,40.73));
#12169 = VECTOR('',#12170,1.);
#12170 = DIRECTION('',(0.,0.,1.));
#12171 = ORIENTED_EDGE('',*,*,#11849,.T.);
#12172 = ORIENTED_EDGE('',*,*,#12173,.F.);
#12173 = EDGE_CURVE('',#11455,#11850,#12174,.T.);
#12174 = LINE('',#12175,#12176);
#12175 = CARTESIAN_POINT('',(-12.40911099154,18.889417145877,40.73));
#12176 = VECTOR('',#12177,1.);
#12177 = DIRECTION('',(0.,0.,1.));
#12178 = ORIENTED_EDGE('',*,*,#11454,.F.);
#12179 = PLANE('',#12180);
#12180 = AXIS2_PLACEMENT_3D('',#12181,#12182,#12183);
#12181 = CARTESIAN_POINT('',(-12.45,19.2,40.73));
#12182 = DIRECTION('',(0.991444861374,0.13052619222,-0.));
#12183 = DIRECTION('',(0.13052619222,-0.991444861374,0.));
#12184 = ADVANCED_FACE('',(#12185),#12196,.F.);
#12185 = FACE_BOUND('',#12186,.F.);
#12186 = EDGE_LOOP('',(#12187,#12193,#12194,#12195));
#12187 = ORIENTED_EDGE('',*,*,#12188,.T.);
#12188 = EDGE_CURVE('',#11663,#12058,#12189,.T.);
#12189 = LINE('',#12190,#12191);
#12190 = CARTESIAN_POINT('',(12.289230484541,18.6,40.73));
#12191 = VECTOR('',#12192,1.);
#12192 = DIRECTION('',(0.,0.,1.));
#12193 = ORIENTED_EDGE('',*,*,#12065,.T.);
#12194 = ORIENTED_EDGE('',*,*,#11722,.F.);
#12195 = ORIENTED_EDGE('',*,*,#11670,.F.);
#12196 = PLANE('',#12197);
#12197 = AXIS2_PLACEMENT_3D('',#12198,#12199,#12200);
#12198 = CARTESIAN_POINT('',(12.289230484541,18.6,40.73));
#12199 = DIRECTION('',(-0.923879532511,0.382683432365,0.));
#12200 = DIRECTION('',(0.382683432365,0.923879532511,0.));
#12201 = ADVANCED_FACE('',(#12202),#12213,.F.);
#12202 = FACE_BOUND('',#12203,.F.);
#12203 = EDGE_LOOP('',(#12204,#12205,#12206,#12212));
#12204 = ORIENTED_EDGE('',*,*,#12173,.T.);
#12205 = ORIENTED_EDGE('',*,*,#11857,.T.);
#12206 = ORIENTED_EDGE('',*,*,#12207,.F.);
#12207 = EDGE_CURVE('',#11463,#11858,#12208,.T.);
#12208 = LINE('',#12209,#12210);
#12209 = CARTESIAN_POINT('',(-12.28923048454,18.6,40.73));
#12210 = VECTOR('',#12211,1.);
#12211 = DIRECTION('',(0.,0.,1.));
#12212 = ORIENTED_EDGE('',*,*,#11462,.F.);
#12213 = PLANE('',#12214);
#12214 = AXIS2_PLACEMENT_3D('',#12215,#12216,#12217);
#12215 = CARTESIAN_POINT('',(-12.40911099154,18.889417145877,40.73));
#12216 = DIRECTION('',(0.923879532511,0.382683432365,-0.));
#12217 = DIRECTION('',(0.382683432365,-0.923879532511,0.));
#12218 = ADVANCED_FACE('',(#12219),#12230,.F.);
#12219 = FACE_BOUND('',#12220,.F.);
#12220 = EDGE_LOOP('',(#12221,#12227,#12228,#12229));
#12221 = ORIENTED_EDGE('',*,*,#12222,.T.);
#12222 = EDGE_CURVE('',#11655,#12050,#12223,.T.);
#12223 = LINE('',#12224,#12225);
#12224 = CARTESIAN_POINT('',(12.098528137424,18.351471862576,40.73));
#12225 = VECTOR('',#12226,1.);
#12226 = DIRECTION('',(0.,0.,1.));
#12227 = ORIENTED_EDGE('',*,*,#12057,.T.);
#12228 = ORIENTED_EDGE('',*,*,#12188,.F.);
#12229 = ORIENTED_EDGE('',*,*,#11662,.F.);
#12230 = PLANE('',#12231);
#12231 = AXIS2_PLACEMENT_3D('',#12232,#12233,#12234);
#12232 = CARTESIAN_POINT('',(12.098528137424,18.351471862576,40.73));
#12233 = DIRECTION('',(-0.793353340291,0.608761429009,0.));
#12234 = DIRECTION('',(0.608761429009,0.793353340291,0.));
#12235 = ADVANCED_FACE('',(#12236),#12247,.F.);
#12236 = FACE_BOUND('',#12237,.F.);
#12237 = EDGE_LOOP('',(#12238,#12239,#12240,#12246));
#12238 = ORIENTED_EDGE('',*,*,#12207,.T.);
#12239 = ORIENTED_EDGE('',*,*,#11865,.T.);
#12240 = ORIENTED_EDGE('',*,*,#12241,.F.);
#12241 = EDGE_CURVE('',#11471,#11866,#12242,.T.);
#12242 = LINE('',#12243,#12244);
#12243 = CARTESIAN_POINT('',(-12.09852813742,18.351471862576,40.73));
#12244 = VECTOR('',#12245,1.);
#12245 = DIRECTION('',(0.,0.,1.));
#12246 = ORIENTED_EDGE('',*,*,#11470,.F.);
#12247 = PLANE('',#12248);
#12248 = AXIS2_PLACEMENT_3D('',#12249,#12250,#12251);
#12249 = CARTESIAN_POINT('',(-12.28923048454,18.6,40.73));
#12250 = DIRECTION('',(0.793353340291,0.608761429009,-0.));
#12251 = DIRECTION('',(0.608761429009,-0.793353340291,0.));
#12252 = ADVANCED_FACE('',(#12253),#12264,.F.);
#12253 = FACE_BOUND('',#12254,.F.);
#12254 = EDGE_LOOP('',(#12255,#12261,#12262,#12263));
#12255 = ORIENTED_EDGE('',*,*,#12256,.T.);
#12256 = EDGE_CURVE('',#11647,#12042,#12257,.T.);
#12257 = LINE('',#12258,#12259);
#12258 = CARTESIAN_POINT('',(11.85,18.160769515459,40.73));
#12259 = VECTOR('',#12260,1.);
#12260 = DIRECTION('',(0.,0.,1.));
#12261 = ORIENTED_EDGE('',*,*,#12049,.T.);
#12262 = ORIENTED_EDGE('',*,*,#12222,.F.);
#12263 = ORIENTED_EDGE('',*,*,#11654,.F.);
#12264 = PLANE('',#12265);
#12265 = AXIS2_PLACEMENT_3D('',#12266,#12267,#12268);
#12266 = CARTESIAN_POINT('',(11.85,18.160769515459,40.73));
#12267 = DIRECTION('',(-0.608761429009,0.793353340291,0.));
#12268 = DIRECTION('',(0.793353340291,0.608761429009,0.));
#12269 = ADVANCED_FACE('',(#12270),#12281,.F.);
#12270 = FACE_BOUND('',#12271,.F.);
#12271 = EDGE_LOOP('',(#12272,#12273,#12274,#12280));
#12272 = ORIENTED_EDGE('',*,*,#12241,.T.);
#12273 = ORIENTED_EDGE('',*,*,#11873,.T.);
#12274 = ORIENTED_EDGE('',*,*,#12275,.F.);
#12275 = EDGE_CURVE('',#11479,#11874,#12276,.T.);
#12276 = LINE('',#12277,#12278);
#12277 = CARTESIAN_POINT('',(-11.85,18.160769515459,40.73));
#12278 = VECTOR('',#12279,1.);
#12279 = DIRECTION('',(0.,0.,1.));
#12280 = ORIENTED_EDGE('',*,*,#11478,.F.);
#12281 = PLANE('',#12282);
#12282 = AXIS2_PLACEMENT_3D('',#12283,#12284,#12285);
#12283 = CARTESIAN_POINT('',(-12.09852813742,18.351471862576,40.73));
#12284 = DIRECTION('',(0.608761429009,0.793353340291,-0.));
#12285 = DIRECTION('',(0.793353340291,-0.608761429009,0.));
#12286 = ADVANCED_FACE('',(#12287),#12298,.F.);
#12287 = FACE_BOUND('',#12288,.F.);
#12288 = EDGE_LOOP('',(#12289,#12295,#12296,#12297));
#12289 = ORIENTED_EDGE('',*,*,#12290,.T.);
#12290 = EDGE_CURVE('',#11639,#12034,#12291,.T.);
#12291 = LINE('',#12292,#12293);
#12292 = CARTESIAN_POINT('',(11.560582854123,18.040889008453,40.73));
#12293 = VECTOR('',#12294,1.);
#12294 = DIRECTION('',(0.,0.,1.));
#12295 = ORIENTED_EDGE('',*,*,#12041,.T.);
#12296 = ORIENTED_EDGE('',*,*,#12256,.F.);
#12297 = ORIENTED_EDGE('',*,*,#11646,.F.);
#12298 = PLANE('',#12299);
#12299 = AXIS2_PLACEMENT_3D('',#12300,#12301,#12302);
#12300 = CARTESIAN_POINT('',(11.560582854123,18.040889008453,40.73));
#12301 = DIRECTION('',(-0.382683432365,0.923879532511,0.));
#12302 = DIRECTION('',(0.923879532511,0.382683432365,0.));
#12303 = ADVANCED_FACE('',(#12304),#12315,.F.);
#12304 = FACE_BOUND('',#12305,.F.);
#12305 = EDGE_LOOP('',(#12306,#12307,#12308,#12314));
#12306 = ORIENTED_EDGE('',*,*,#12275,.T.);
#12307 = ORIENTED_EDGE('',*,*,#11881,.T.);
#12308 = ORIENTED_EDGE('',*,*,#12309,.F.);
#12309 = EDGE_CURVE('',#11487,#11882,#12310,.T.);
#12310 = LINE('',#12311,#12312);
#12311 = CARTESIAN_POINT('',(-11.56058285412,18.040889008453,40.73));
#12312 = VECTOR('',#12313,1.);
#12313 = DIRECTION('',(0.,0.,1.));
#12314 = ORIENTED_EDGE('',*,*,#11486,.F.);
#12315 = PLANE('',#12316);
#12316 = AXIS2_PLACEMENT_3D('',#12317,#12318,#12319);
#12317 = CARTESIAN_POINT('',(-11.85,18.160769515459,40.73));
#12318 = DIRECTION('',(0.382683432365,0.923879532511,-0.));
#12319 = DIRECTION('',(0.923879532511,-0.382683432365,0.));
#12320 = ADVANCED_FACE('',(#12321),#12332,.F.);
#12321 = FACE_BOUND('',#12322,.F.);
#12322 = EDGE_LOOP('',(#12323,#12329,#12330,#12331));
#12323 = ORIENTED_EDGE('',*,*,#12324,.T.);
#12324 = EDGE_CURVE('',#11631,#12026,#12325,.T.);
#12325 = LINE('',#12326,#12327);
#12326 = CARTESIAN_POINT('',(11.25,18.,40.73));
#12327 = VECTOR('',#12328,1.);
#12328 = DIRECTION('',(0.,0.,1.));
#12329 = ORIENTED_EDGE('',*,*,#12033,.T.);
#12330 = ORIENTED_EDGE('',*,*,#12290,.F.);
#12331 = ORIENTED_EDGE('',*,*,#11638,.F.);
#12332 = PLANE('',#12333);
#12333 = AXIS2_PLACEMENT_3D('',#12334,#12335,#12336);
#12334 = CARTESIAN_POINT('',(11.25,18.,40.73));
#12335 = DIRECTION('',(-0.13052619222,0.991444861374,0.));
#12336 = DIRECTION('',(0.991444861374,0.13052619222,0.));
#12337 = ADVANCED_FACE('',(#12338),#12349,.F.);
#12338 = FACE_BOUND('',#12339,.F.);
#12339 = EDGE_LOOP('',(#12340,#12341,#12342,#12348));
#12340 = ORIENTED_EDGE('',*,*,#12309,.T.);
#12341 = ORIENTED_EDGE('',*,*,#11889,.T.);
#12342 = ORIENTED_EDGE('',*,*,#12343,.F.);
#12343 = EDGE_CURVE('',#11495,#11890,#12344,.T.);
#12344 = LINE('',#12345,#12346);
#12345 = CARTESIAN_POINT('',(-11.25,18.,40.73));
#12346 = VECTOR('',#12347,1.);
#12347 = DIRECTION('',(0.,0.,1.));
#12348 = ORIENTED_EDGE('',*,*,#11494,.F.);
#12349 = PLANE('',#12350);
#12350 = AXIS2_PLACEMENT_3D('',#12351,#12352,#12353);
#12351 = CARTESIAN_POINT('',(-11.56058285412,18.040889008453,40.73));
#12352 = DIRECTION('',(0.13052619222,0.991444861374,-0.));
#12353 = DIRECTION('',(0.991444861374,-0.13052619222,0.));
#12354 = ADVANCED_FACE('',(#12355),#12366,.F.);
#12355 = FACE_BOUND('',#12356,.F.);
#12356 = EDGE_LOOP('',(#12357,#12363,#12364,#12365));
#12357 = ORIENTED_EDGE('',*,*,#12358,.T.);
#12358 = EDGE_CURVE('',#11623,#12018,#12359,.T.);
#12359 = LINE('',#12360,#12361);
#12360 = CARTESIAN_POINT('',(7.7,18.,40.73));
#12361 = VECTOR('',#12362,1.);
#12362 = DIRECTION('',(0.,0.,1.));
#12363 = ORIENTED_EDGE('',*,*,#12025,.T.);
#12364 = ORIENTED_EDGE('',*,*,#12324,.F.);
#12365 = ORIENTED_EDGE('',*,*,#11630,.F.);
#12366 = PLANE('',#12367);
#12367 = AXIS2_PLACEMENT_3D('',#12368,#12369,#12370);
#12368 = CARTESIAN_POINT('',(7.7,18.,40.73));
#12369 = DIRECTION('',(0.,1.,0.));
#12370 = DIRECTION('',(1.,0.,0.));
#12371 = ADVANCED_FACE('',(#12372),#12383,.F.);
#12372 = FACE_BOUND('',#12373,.F.);
#12373 = EDGE_LOOP('',(#12374,#12375,#12376,#12382));
#12374 = ORIENTED_EDGE('',*,*,#12343,.T.);
#12375 = ORIENTED_EDGE('',*,*,#11897,.T.);
#12376 = ORIENTED_EDGE('',*,*,#12377,.F.);
#12377 = EDGE_CURVE('',#11503,#11898,#12378,.T.);
#12378 = LINE('',#12379,#12380);
#12379 = CARTESIAN_POINT('',(-7.7,18.,40.73));
#12380 = VECTOR('',#12381,1.);
#12381 = DIRECTION('',(0.,0.,1.));
#12382 = ORIENTED_EDGE('',*,*,#11502,.F.);
#12383 = PLANE('',#12384);
#12384 = AXIS2_PLACEMENT_3D('',#12385,#12386,#12387);
#12385 = CARTESIAN_POINT('',(-11.25,18.,40.73));
#12386 = DIRECTION('',(0.,1.,0.));
#12387 = DIRECTION('',(1.,0.,0.));
#12388 = ADVANCED_FACE('',(#12389),#12400,.F.);
#12389 = FACE_BOUND('',#12390,.F.);
#12390 = EDGE_LOOP('',(#12391,#12397,#12398,#12399));
#12391 = ORIENTED_EDGE('',*,*,#12392,.T.);
#12392 = EDGE_CURVE('',#11615,#12010,#12393,.T.);
#12393 = LINE('',#12394,#12395);
#12394 = CARTESIAN_POINT('',(7.389417145877,18.040889008453,40.73));
#12395 = VECTOR('',#12396,1.);
#12396 = DIRECTION('',(0.,0.,1.));
#12397 = ORIENTED_EDGE('',*,*,#12017,.T.);
#12398 = ORIENTED_EDGE('',*,*,#12358,.F.);
#12399 = ORIENTED_EDGE('',*,*,#11622,.F.);
#12400 = PLANE('',#12401);
#12401 = AXIS2_PLACEMENT_3D('',#12402,#12403,#12404);
#12402 = CARTESIAN_POINT('',(7.389417145877,18.040889008453,40.73));
#12403 = DIRECTION('',(0.13052619222,0.991444861374,-0.));
#12404 = DIRECTION('',(0.991444861374,-0.13052619222,0.));
#12405 = ADVANCED_FACE('',(#12406),#12417,.F.);
#12406 = FACE_BOUND('',#12407,.F.);
#12407 = EDGE_LOOP('',(#12408,#12409,#12410,#12416));
#12408 = ORIENTED_EDGE('',*,*,#12377,.T.);
#12409 = ORIENTED_EDGE('',*,*,#11905,.T.);
#12410 = ORIENTED_EDGE('',*,*,#12411,.F.);
#12411 = EDGE_CURVE('',#11511,#11906,#12412,.T.);
#12412 = LINE('',#12413,#12414);
#12413 = CARTESIAN_POINT('',(-7.389417145877,18.040889008453,40.73));
#12414 = VECTOR('',#12415,1.);
#12415 = DIRECTION('',(0.,0.,1.));
#12416 = ORIENTED_EDGE('',*,*,#11510,.F.);
#12417 = PLANE('',#12418);
#12418 = AXIS2_PLACEMENT_3D('',#12419,#12420,#12421);
#12419 = CARTESIAN_POINT('',(-7.7,18.,40.73));
#12420 = DIRECTION('',(-0.13052619222,0.991444861374,0.));
#12421 = DIRECTION('',(0.991444861374,0.13052619222,0.));
#12422 = ADVANCED_FACE('',(#12423),#12434,.F.);
#12423 = FACE_BOUND('',#12424,.F.);
#12424 = EDGE_LOOP('',(#12425,#12431,#12432,#12433));
#12425 = ORIENTED_EDGE('',*,*,#12426,.T.);
#12426 = EDGE_CURVE('',#11607,#12002,#12427,.T.);
#12427 = LINE('',#12428,#12429);
#12428 = CARTESIAN_POINT('',(7.1,18.160769515459,40.73));
#12429 = VECTOR('',#12430,1.);
#12430 = DIRECTION('',(0.,0.,1.));
#12431 = ORIENTED_EDGE('',*,*,#12009,.T.);
#12432 = ORIENTED_EDGE('',*,*,#12392,.F.);
#12433 = ORIENTED_EDGE('',*,*,#11614,.F.);
#12434 = PLANE('',#12435);
#12435 = AXIS2_PLACEMENT_3D('',#12436,#12437,#12438);
#12436 = CARTESIAN_POINT('',(7.1,18.160769515459,40.73));
#12437 = DIRECTION('',(0.382683432365,0.923879532511,-0.));
#12438 = DIRECTION('',(0.923879532511,-0.382683432365,0.));
#12439 = ADVANCED_FACE('',(#12440),#12451,.F.);
#12440 = FACE_BOUND('',#12441,.F.);
#12441 = EDGE_LOOP('',(#12442,#12443,#12444,#12450));
#12442 = ORIENTED_EDGE('',*,*,#12411,.T.);
#12443 = ORIENTED_EDGE('',*,*,#11913,.T.);
#12444 = ORIENTED_EDGE('',*,*,#12445,.F.);
#12445 = EDGE_CURVE('',#11519,#11914,#12446,.T.);
#12446 = LINE('',#12447,#12448);
#12447 = CARTESIAN_POINT('',(-7.1,18.160769515459,40.73));
#12448 = VECTOR('',#12449,1.);
#12449 = DIRECTION('',(0.,0.,1.));
#12450 = ORIENTED_EDGE('',*,*,#11518,.F.);
#12451 = PLANE('',#12452);
#12452 = AXIS2_PLACEMENT_3D('',#12453,#12454,#12455);
#12453 = CARTESIAN_POINT('',(-7.389417145877,18.040889008453,40.73));
#12454 = DIRECTION('',(-0.382683432365,0.923879532511,0.));
#12455 = DIRECTION('',(0.923879532511,0.382683432365,0.));
#12456 = ADVANCED_FACE('',(#12457),#12468,.F.);
#12457 = FACE_BOUND('',#12458,.F.);
#12458 = EDGE_LOOP('',(#12459,#12465,#12466,#12467));
#12459 = ORIENTED_EDGE('',*,*,#12460,.T.);
#12460 = EDGE_CURVE('',#11599,#11994,#12461,.T.);
#12461 = LINE('',#12462,#12463);
#12462 = CARTESIAN_POINT('',(6.851471862576,18.351471862576,40.73));
#12463 = VECTOR('',#12464,1.);
#12464 = DIRECTION('',(0.,0.,1.));
#12465 = ORIENTED_EDGE('',*,*,#12001,.T.);
#12466 = ORIENTED_EDGE('',*,*,#12426,.F.);
#12467 = ORIENTED_EDGE('',*,*,#11606,.F.);
#12468 = PLANE('',#12469);
#12469 = AXIS2_PLACEMENT_3D('',#12470,#12471,#12472);
#12470 = CARTESIAN_POINT('',(6.851471862576,18.351471862576,40.73));
#12471 = DIRECTION('',(0.608761429009,0.793353340291,-0.));
#12472 = DIRECTION('',(0.793353340291,-0.608761429009,0.));
#12473 = ADVANCED_FACE('',(#12474),#12485,.F.);
#12474 = FACE_BOUND('',#12475,.F.);
#12475 = EDGE_LOOP('',(#12476,#12477,#12478,#12484));
#12476 = ORIENTED_EDGE('',*,*,#12445,.T.);
#12477 = ORIENTED_EDGE('',*,*,#11921,.T.);
#12478 = ORIENTED_EDGE('',*,*,#12479,.F.);
#12479 = EDGE_CURVE('',#11527,#11922,#12480,.T.);
#12480 = LINE('',#12481,#12482);
#12481 = CARTESIAN_POINT('',(-6.851471862576,18.351471862576,40.73));
#12482 = VECTOR('',#12483,1.);
#12483 = DIRECTION('',(0.,0.,1.));
#12484 = ORIENTED_EDGE('',*,*,#11526,.F.);
#12485 = PLANE('',#12486);
#12486 = AXIS2_PLACEMENT_3D('',#12487,#12488,#12489);
#12487 = CARTESIAN_POINT('',(-7.1,18.160769515459,40.73));
#12488 = DIRECTION('',(-0.608761429009,0.793353340291,0.));
#12489 = DIRECTION('',(0.793353340291,0.608761429009,0.));
#12490 = ADVANCED_FACE('',(#12491),#12502,.F.);
#12491 = FACE_BOUND('',#12492,.F.);
#12492 = EDGE_LOOP('',(#12493,#12499,#12500,#12501));
#12493 = ORIENTED_EDGE('',*,*,#12494,.T.);
#12494 = EDGE_CURVE('',#11591,#11986,#12495,.T.);
#12495 = LINE('',#12496,#12497);
#12496 = CARTESIAN_POINT('',(6.660769515459,18.6,40.73));
#12497 = VECTOR('',#12498,1.);
#12498 = DIRECTION('',(0.,0.,1.));
#12499 = ORIENTED_EDGE('',*,*,#11993,.T.);
#12500 = ORIENTED_EDGE('',*,*,#12460,.F.);
#12501 = ORIENTED_EDGE('',*,*,#11598,.F.);
#12502 = PLANE('',#12503);
#12503 = AXIS2_PLACEMENT_3D('',#12504,#12505,#12506);
#12504 = CARTESIAN_POINT('',(6.660769515459,18.6,40.73));
#12505 = DIRECTION('',(0.793353340291,0.608761429009,-0.));
#12506 = DIRECTION('',(0.608761429009,-0.793353340291,0.));
#12507 = ADVANCED_FACE('',(#12508),#12519,.F.);
#12508 = FACE_BOUND('',#12509,.F.);
#12509 = EDGE_LOOP('',(#12510,#12511,#12512,#12518));
#12510 = ORIENTED_EDGE('',*,*,#12479,.T.);
#12511 = ORIENTED_EDGE('',*,*,#11929,.T.);
#12512 = ORIENTED_EDGE('',*,*,#12513,.F.);
#12513 = EDGE_CURVE('',#11535,#11930,#12514,.T.);
#12514 = LINE('',#12515,#12516);
#12515 = CARTESIAN_POINT('',(-6.660769515459,18.6,40.73));
#12516 = VECTOR('',#12517,1.);
#12517 = DIRECTION('',(0.,0.,1.));
#12518 = ORIENTED_EDGE('',*,*,#11534,.F.);
#12519 = PLANE('',#12520);
#12520 = AXIS2_PLACEMENT_3D('',#12521,#12522,#12523);
#12521 = CARTESIAN_POINT('',(-6.851471862576,18.351471862576,40.73));
#12522 = DIRECTION('',(-0.793353340291,0.608761429009,0.));
#12523 = DIRECTION('',(0.608761429009,0.793353340291,0.));
#12524 = ADVANCED_FACE('',(#12525),#12536,.F.);
#12525 = FACE_BOUND('',#12526,.F.);
#12526 = EDGE_LOOP('',(#12527,#12533,#12534,#12535));
#12527 = ORIENTED_EDGE('',*,*,#12528,.T.);
#12528 = EDGE_CURVE('',#11583,#11978,#12529,.T.);
#12529 = LINE('',#12530,#12531);
#12530 = CARTESIAN_POINT('',(6.540889008453,18.889417145877,40.73));
#12531 = VECTOR('',#12532,1.);
#12532 = DIRECTION('',(0.,0.,1.));
#12533 = ORIENTED_EDGE('',*,*,#11985,.T.);
#12534 = ORIENTED_EDGE('',*,*,#12494,.F.);
#12535 = ORIENTED_EDGE('',*,*,#11590,.F.);
#12536 = PLANE('',#12537);
#12537 = AXIS2_PLACEMENT_3D('',#12538,#12539,#12540);
#12538 = CARTESIAN_POINT('',(6.540889008453,18.889417145877,40.73));
#12539 = DIRECTION('',(0.923879532511,0.382683432365,-0.));
#12540 = DIRECTION('',(0.382683432365,-0.923879532511,0.));
#12541 = ADVANCED_FACE('',(#12542),#12553,.F.);
#12542 = FACE_BOUND('',#12543,.F.);
#12543 = EDGE_LOOP('',(#12544,#12545,#12546,#12552));
#12544 = ORIENTED_EDGE('',*,*,#12513,.T.);
#12545 = ORIENTED_EDGE('',*,*,#11937,.T.);
#12546 = ORIENTED_EDGE('',*,*,#12547,.F.);
#12547 = EDGE_CURVE('',#11543,#11938,#12548,.T.);
#12548 = LINE('',#12549,#12550);
#12549 = CARTESIAN_POINT('',(-6.540889008453,18.889417145877,40.73));
#12550 = VECTOR('',#12551,1.);
#12551 = DIRECTION('',(0.,0.,1.));
#12552 = ORIENTED_EDGE('',*,*,#11542,.F.);
#12553 = PLANE('',#12554);
#12554 = AXIS2_PLACEMENT_3D('',#12555,#12556,#12557);
#12555 = CARTESIAN_POINT('',(-6.660769515459,18.6,40.73));
#12556 = DIRECTION('',(-0.923879532511,0.382683432365,0.));
#12557 = DIRECTION('',(0.382683432365,0.923879532511,0.));
#12558 = ADVANCED_FACE('',(#12559),#12570,.F.);
#12559 = FACE_BOUND('',#12560,.F.);
#12560 = EDGE_LOOP('',(#12561,#12567,#12568,#12569));
#12561 = ORIENTED_EDGE('',*,*,#12562,.T.);
#12562 = EDGE_CURVE('',#11575,#11970,#12563,.T.);
#12563 = LINE('',#12564,#12565);
#12564 = CARTESIAN_POINT('',(6.5,19.2,40.73));
#12565 = VECTOR('',#12566,1.);
#12566 = DIRECTION('',(0.,0.,1.));
#12567 = ORIENTED_EDGE('',*,*,#11977,.T.);
#12568 = ORIENTED_EDGE('',*,*,#12528,.F.);
#12569 = ORIENTED_EDGE('',*,*,#11582,.F.);
#12570 = PLANE('',#12571);
#12571 = AXIS2_PLACEMENT_3D('',#12572,#12573,#12574);
#12572 = CARTESIAN_POINT('',(6.5,19.2,40.73));
#12573 = DIRECTION('',(0.991444861374,0.13052619222,-0.));
#12574 = DIRECTION('',(0.13052619222,-0.991444861374,0.));
#12575 = ADVANCED_FACE('',(#12576),#12587,.F.);
#12576 = FACE_BOUND('',#12577,.F.);
#12577 = EDGE_LOOP('',(#12578,#12579,#12580,#12586));
#12578 = ORIENTED_EDGE('',*,*,#12547,.T.);
#12579 = ORIENTED_EDGE('',*,*,#11945,.T.);
#12580 = ORIENTED_EDGE('',*,*,#12581,.F.);
#12581 = EDGE_CURVE('',#11551,#11946,#12582,.T.);
#12582 = LINE('',#12583,#12584);
#12583 = CARTESIAN_POINT('',(-6.5,19.2,40.73));
#12584 = VECTOR('',#12585,1.);
#12585 = DIRECTION('',(0.,0.,1.));
#12586 = ORIENTED_EDGE('',*,*,#11550,.F.);
#12587 = PLANE('',#12588);
#12588 = AXIS2_PLACEMENT_3D('',#12589,#12590,#12591);
#12589 = CARTESIAN_POINT('',(-6.540889008453,18.889417145877,40.73));
#12590 = DIRECTION('',(-0.991444861374,0.13052619222,0.));
#12591 = DIRECTION('',(0.13052619222,0.991444861374,0.));
#12592 = ADVANCED_FACE('',(#12593),#12604,.F.);
#12593 = FACE_BOUND('',#12594,.F.);
#12594 = EDGE_LOOP('',(#12595,#12601,#12602,#12603));
#12595 = ORIENTED_EDGE('',*,*,#12596,.T.);
#12596 = EDGE_CURVE('',#11567,#11962,#12597,.T.);
#12597 = LINE('',#12598,#12599);
#12598 = CARTESIAN_POINT('',(5.7,20.5,40.73));
#12599 = VECTOR('',#12600,1.);
#12600 = DIRECTION('',(0.,0.,1.));
#12601 = ORIENTED_EDGE('',*,*,#11969,.T.);
#12602 = ORIENTED_EDGE('',*,*,#12562,.F.);
#12603 = ORIENTED_EDGE('',*,*,#11574,.F.);
#12604 = PLANE('',#12605);
#12605 = AXIS2_PLACEMENT_3D('',#12606,#12607,#12608);
#12606 = CARTESIAN_POINT('',(5.7,20.5,40.73));
#12607 = DIRECTION('',(0.851658316705,0.524097425664,-0.));
#12608 = DIRECTION('',(0.524097425664,-0.851658316705,0.));
#12609 = ADVANCED_FACE('',(#12610),#12621,.F.);
#12610 = FACE_BOUND('',#12611,.F.);
#12611 = EDGE_LOOP('',(#12612,#12613,#12614,#12620));
#12612 = ORIENTED_EDGE('',*,*,#12581,.T.);
#12613 = ORIENTED_EDGE('',*,*,#11953,.T.);
#12614 = ORIENTED_EDGE('',*,*,#12615,.F.);
#12615 = EDGE_CURVE('',#11559,#11954,#12616,.T.);
#12616 = LINE('',#12617,#12618);
#12617 = CARTESIAN_POINT('',(-5.7,20.5,40.73));
#12618 = VECTOR('',#12619,1.);
#12619 = DIRECTION('',(0.,0.,1.));
#12620 = ORIENTED_EDGE('',*,*,#11558,.F.);
#12621 = PLANE('',#12622);
#12622 = AXIS2_PLACEMENT_3D('',#12623,#12624,#12625);
#12623 = CARTESIAN_POINT('',(-6.5,19.2,40.73));
#12624 = DIRECTION('',(-0.851658316705,0.524097425664,0.));
#12625 = DIRECTION('',(0.524097425664,0.851658316705,0.));
#12626 = ADVANCED_FACE('',(#12627),#12633,.F.);
#12627 = FACE_BOUND('',#12628,.F.);
#12628 = EDGE_LOOP('',(#12629,#12630,#12631,#12632));
#12629 = ORIENTED_EDGE('',*,*,#12615,.T.);
#12630 = ORIENTED_EDGE('',*,*,#11961,.T.);
#12631 = ORIENTED_EDGE('',*,*,#12596,.F.);
#12632 = ORIENTED_EDGE('',*,*,#11566,.F.);
#12633 = PLANE('',#12634);
#12634 = AXIS2_PLACEMENT_3D('',#12635,#12636,#12637);
#12635 = CARTESIAN_POINT('',(-5.7,20.5,40.73));
#12636 = DIRECTION('',(0.,1.,0.));
#12637 = DIRECTION('',(1.,0.,0.));
#12638 = ADVANCED_FACE('',(#12639),#12650,.F.);
#12639 = FACE_BOUND('',#12640,.F.);
#12640 = EDGE_LOOP('',(#12641,#12642,#12648,#12649));
#12641 = ORIENTED_EDGE('',*,*,#12073,.F.);
#12642 = ORIENTED_EDGE('',*,*,#12643,.F.);
#12643 = EDGE_CURVE('',#11695,#12074,#12644,.T.);
#12644 = LINE('',#12645,#12646);
#12645 = CARTESIAN_POINT('',(-8.25,20.5,38.73));
#12646 = VECTOR('',#12647,1.);
#12647 = DIRECTION('',(0.,0.,1.));
#12648 = ORIENTED_EDGE('',*,*,#11694,.T.);
#12649 = ORIENTED_EDGE('',*,*,#12643,.T.);
#12650 = CYLINDRICAL_SURFACE('',#12651,1.25);
#12651 = AXIS2_PLACEMENT_3D('',#12652,#12653,#12654);
#12652 = CARTESIAN_POINT('',(-9.5,20.5,38.73));
#12653 = DIRECTION('',(0.,0.,1.));
#12654 = DIRECTION('',(1.,0.,-0.));
#12655 = ADVANCED_FACE('',(#12656),#12667,.F.);
#12656 = FACE_BOUND('',#12657,.F.);
#12657 = EDGE_LOOP('',(#12658,#12659,#12665,#12666));
#12658 = ORIENTED_EDGE('',*,*,#12084,.F.);
#12659 = ORIENTED_EDGE('',*,*,#12660,.F.);
#12660 = EDGE_CURVE('',#11706,#12085,#12661,.T.);
#12661 = LINE('',#12662,#12663);
#12662 = CARTESIAN_POINT('',(10.75,20.5,38.73));
#12663 = VECTOR('',#12664,1.);
#12664 = DIRECTION('',(0.,0.,1.));
#12665 = ORIENTED_EDGE('',*,*,#11705,.T.);
#12666 = ORIENTED_EDGE('',*,*,#12660,.T.);
#12667 = CYLINDRICAL_SURFACE('',#12668,1.25);
#12668 = AXIS2_PLACEMENT_3D('',#12669,#12670,#12671);
#12669 = CARTESIAN_POINT('',(9.5,20.5,38.73));
#12670 = DIRECTION('',(0.,0.,1.));
#12671 = DIRECTION('',(1.,0.,-0.));
#12672 = ADVANCED_FACE('',(#12673),#12684,.F.);
#12673 = FACE_BOUND('',#12674,.F.);
#12674 = EDGE_LOOP('',(#12675,#12676,#12682,#12683));
#12675 = ORIENTED_EDGE('',*,*,#11833,.T.);
#12676 = ORIENTED_EDGE('',*,*,#12677,.T.);
#12677 = EDGE_CURVE('',#11834,#12126,#12678,.T.);
#12678 = LINE('',#12679,#12680);
#12679 = CARTESIAN_POINT('',(-12.45,20.5,40.75));
#12680 = VECTOR('',#12681,1.);
#12681 = DIRECTION('',(0.,0.,1.));
#12682 = ORIENTED_EDGE('',*,*,#12133,.T.);
#12683 = ORIENTED_EDGE('',*,*,#12101,.F.);
#12684 = PLANE('',#12685);
#12685 = AXIS2_PLACEMENT_3D('',#12686,#12687,#12688);
#12686 = CARTESIAN_POINT('',(-12.45,20.5,40.75));
#12687 = DIRECTION('',(-0.,1.,0.));
#12688 = DIRECTION('',(0.,0.,1.));
#12689 = ADVANCED_FACE('',(#12690),#12715,.F.);
#12690 = FACE_BOUND('',#12691,.F.);
#12691 = EDGE_LOOP('',(#12692,#12700,#12708,#12714));
#12692 = ORIENTED_EDGE('',*,*,#12693,.F.);
#12693 = EDGE_CURVE('',#12694,#11286,#12696,.T.);
#12694 = VERTEX_POINT('',#12695);
#12695 = CARTESIAN_POINT('',(11.5,20.5,12.35));
#12696 = LINE('',#12697,#12698);
#12697 = CARTESIAN_POINT('',(11.5,20.5,12.35));
#12698 = VECTOR('',#12699,1.);
#12699 = DIRECTION('',(-0.,1.,0.));
#12700 = ORIENTED_EDGE('',*,*,#12701,.T.);
#12701 = EDGE_CURVE('',#12694,#12702,#12704,.T.);
#12702 = VERTEX_POINT('',#12703);
#12703 = CARTESIAN_POINT('',(12.45,20.5,12.35));
#12704 = LINE('',#12705,#12706);
#12705 = CARTESIAN_POINT('',(11.5,20.5,12.35));
#12706 = VECTOR('',#12707,1.);
#12707 = DIRECTION('',(1.,0.,-0.));
#12708 = ORIENTED_EDGE('',*,*,#12709,.T.);
#12709 = EDGE_CURVE('',#12702,#11278,#12710,.T.);
#12710 = LINE('',#12711,#12712);
#12711 = CARTESIAN_POINT('',(12.45,20.5,12.35));
#12712 = VECTOR('',#12713,1.);
#12713 = DIRECTION('',(-0.,1.,0.));
#12714 = ORIENTED_EDGE('',*,*,#11285,.T.);
#12715 = PLANE('',#12716);
#12716 = AXIS2_PLACEMENT_3D('',#12717,#12718,#12719);
#12717 = CARTESIAN_POINT('',(11.5,20.5,12.35));
#12718 = DIRECTION('',(0.,0.,1.));
#12719 = DIRECTION('',(1.,0.,-0.));
#12720 = ADVANCED_FACE('',(#12721),#12739,.F.);
#12721 = FACE_BOUND('',#12722,.F.);
#12722 = EDGE_LOOP('',(#12723,#12731,#12732,#12733));
#12723 = ORIENTED_EDGE('',*,*,#12724,.F.);
#12724 = EDGE_CURVE('',#12694,#12725,#12727,.T.);
#12725 = VERTEX_POINT('',#12726);
#12726 = CARTESIAN_POINT('',(11.5,20.5,14.33));
#12727 = LINE('',#12728,#12729);
#12728 = CARTESIAN_POINT('',(11.5,20.5,12.35));
#12729 = VECTOR('',#12730,1.);
#12730 = DIRECTION('',(0.,0.,1.));
#12731 = ORIENTED_EDGE('',*,*,#12693,.T.);
#12732 = ORIENTED_EDGE('',*,*,#11293,.T.);
#12733 = ORIENTED_EDGE('',*,*,#12734,.F.);
#12734 = EDGE_CURVE('',#12725,#11294,#12735,.T.);
#12735 = LINE('',#12736,#12737);
#12736 = CARTESIAN_POINT('',(11.5,21.251021330242,14.33));
#12737 = VECTOR('',#12738,1.);
#12738 = DIRECTION('',(-0.,1.,0.));
#12739 = PLANE('',#12740);
#12740 = AXIS2_PLACEMENT_3D('',#12741,#12742,#12743);
#12741 = CARTESIAN_POINT('',(11.5,20.5,12.35));
#12742 = DIRECTION('',(1.,0.,-0.));
#12743 = DIRECTION('',(0.,0.,1.));
#12744 = ADVANCED_FACE('',(#12745,#13019,#13030),#13041,.F.);
#12745 = FACE_BOUND('',#12746,.F.);
#12746 = EDGE_LOOP('',(#12747,#12757,#12765,#12771,#12772,#12773,#12781,
    #12789,#12797,#12805,#12813,#12821,#12829,#12837,#12845,#12853,
    #12861,#12869,#12877,#12885,#12893,#12901,#12909,#12917,#12925,
    #12933,#12941,#12949,#12957,#12965,#12973,#12981,#12989,#12997,
    #13005,#13013));
#12747 = ORIENTED_EDGE('',*,*,#12748,.T.);
#12748 = EDGE_CURVE('',#12749,#12751,#12753,.T.);
#12749 = VERTEX_POINT('',#12750);
#12750 = CARTESIAN_POINT('',(12.409110991547,18.889417145877,14.33));
#12751 = VERTEX_POINT('',#12752);
#12752 = CARTESIAN_POINT('',(12.45,19.2,14.33));
#12753 = LINE('',#12754,#12755);
#12754 = CARTESIAN_POINT('',(12.409110991547,18.889417145877,14.33));
#12755 = VECTOR('',#12756,1.);
#12756 = DIRECTION('',(0.13052619222,0.991444861374,0.));
#12757 = ORIENTED_EDGE('',*,*,#12758,.T.);
#12758 = EDGE_CURVE('',#12751,#12759,#12761,.T.);
#12759 = VERTEX_POINT('',#12760);
#12760 = CARTESIAN_POINT('',(12.45,20.5,14.33));
#12761 = LINE('',#12762,#12763);
#12762 = CARTESIAN_POINT('',(12.45,19.2,14.33));
#12763 = VECTOR('',#12764,1.);
#12764 = DIRECTION('',(0.,1.,0.));
#12765 = ORIENTED_EDGE('',*,*,#12766,.T.);
#12766 = EDGE_CURVE('',#12759,#12725,#12767,.T.);
#12767 = LINE('',#12768,#12769);
#12768 = CARTESIAN_POINT('',(5.75,20.5,14.33));
#12769 = VECTOR('',#12770,1.);
#12770 = DIRECTION('',(-1.,-0.,0.));
#12771 = ORIENTED_EDGE('',*,*,#12734,.T.);
#12772 = ORIENTED_EDGE('',*,*,#11301,.T.);
#12773 = ORIENTED_EDGE('',*,*,#12774,.F.);
#12774 = EDGE_CURVE('',#12775,#11302,#12777,.T.);
#12775 = VERTEX_POINT('',#12776);
#12776 = CARTESIAN_POINT('',(-11.5,20.5,14.33));
#12777 = LINE('',#12778,#12779);
#12778 = CARTESIAN_POINT('',(-11.5,21.251021330242,14.33));
#12779 = VECTOR('',#12780,1.);
#12780 = DIRECTION('',(-0.,1.,0.));
#12781 = ORIENTED_EDGE('',*,*,#12782,.T.);
#12782 = EDGE_CURVE('',#12775,#12783,#12785,.T.);
#12783 = VERTEX_POINT('',#12784);
#12784 = CARTESIAN_POINT('',(-12.45,20.5,14.33));
#12785 = LINE('',#12786,#12787);
#12786 = CARTESIAN_POINT('',(-6.225,20.5,14.33));
#12787 = VECTOR('',#12788,1.);
#12788 = DIRECTION('',(-1.,-0.,0.));
#12789 = ORIENTED_EDGE('',*,*,#12790,.T.);
#12790 = EDGE_CURVE('',#12783,#12791,#12793,.T.);
#12791 = VERTEX_POINT('',#12792);
#12792 = CARTESIAN_POINT('',(-12.45,19.2,14.33));
#12793 = LINE('',#12794,#12795);
#12794 = CARTESIAN_POINT('',(-12.45,25.1,14.33));
#12795 = VECTOR('',#12796,1.);
#12796 = DIRECTION('',(0.,-1.,0.));
#12797 = ORIENTED_EDGE('',*,*,#12798,.T.);
#12798 = EDGE_CURVE('',#12791,#12799,#12801,.T.);
#12799 = VERTEX_POINT('',#12800);
#12800 = CARTESIAN_POINT('',(-12.40911099154,18.889417145877,14.33));
#12801 = LINE('',#12802,#12803);
#12802 = CARTESIAN_POINT('',(-12.45,19.2,14.33));
#12803 = VECTOR('',#12804,1.);
#12804 = DIRECTION('',(0.13052619222,-0.991444861374,0.));
#12805 = ORIENTED_EDGE('',*,*,#12806,.T.);
#12806 = EDGE_CURVE('',#12799,#12807,#12809,.T.);
#12807 = VERTEX_POINT('',#12808);
#12808 = CARTESIAN_POINT('',(-12.28923048454,18.6,14.33));
#12809 = LINE('',#12810,#12811);
#12810 = CARTESIAN_POINT('',(-12.40911099154,18.889417145877,14.33));
#12811 = VECTOR('',#12812,1.);
#12812 = DIRECTION('',(0.382683432365,-0.923879532511,0.));
#12813 = ORIENTED_EDGE('',*,*,#12814,.T.);
#12814 = EDGE_CURVE('',#12807,#12815,#12817,.T.);
#12815 = VERTEX_POINT('',#12816);
#12816 = CARTESIAN_POINT('',(-12.09852813742,18.351471862576,14.33));
#12817 = LINE('',#12818,#12819);
#12818 = CARTESIAN_POINT('',(-12.28923048454,18.6,14.33));
#12819 = VECTOR('',#12820,1.);
#12820 = DIRECTION('',(0.608761429009,-0.793353340291,0.));
#12821 = ORIENTED_EDGE('',*,*,#12822,.T.);
#12822 = EDGE_CURVE('',#12815,#12823,#12825,.T.);
#12823 = VERTEX_POINT('',#12824);
#12824 = CARTESIAN_POINT('',(-11.85,18.160769515459,14.33));
#12825 = LINE('',#12826,#12827);
#12826 = CARTESIAN_POINT('',(-12.09852813742,18.351471862576,14.33));
#12827 = VECTOR('',#12828,1.);
#12828 = DIRECTION('',(0.793353340291,-0.608761429009,0.));
#12829 = ORIENTED_EDGE('',*,*,#12830,.T.);
#12830 = EDGE_CURVE('',#12823,#12831,#12833,.T.);
#12831 = VERTEX_POINT('',#12832);
#12832 = CARTESIAN_POINT('',(-11.56058285412,18.040889008453,14.33));
#12833 = LINE('',#12834,#12835);
#12834 = CARTESIAN_POINT('',(-11.85,18.160769515459,14.33));
#12835 = VECTOR('',#12836,1.);
#12836 = DIRECTION('',(0.923879532511,-0.382683432365,0.));
#12837 = ORIENTED_EDGE('',*,*,#12838,.T.);
#12838 = EDGE_CURVE('',#12831,#12839,#12841,.T.);
#12839 = VERTEX_POINT('',#12840);
#12840 = CARTESIAN_POINT('',(-11.25,18.,14.33));
#12841 = LINE('',#12842,#12843);
#12842 = CARTESIAN_POINT('',(-11.56058285412,18.040889008453,14.33));
#12843 = VECTOR('',#12844,1.);
#12844 = DIRECTION('',(0.991444861374,-0.13052619222,0.));
#12845 = ORIENTED_EDGE('',*,*,#12846,.T.);
#12846 = EDGE_CURVE('',#12839,#12847,#12849,.T.);
#12847 = VERTEX_POINT('',#12848);
#12848 = CARTESIAN_POINT('',(-7.7,18.,14.33));
#12849 = LINE('',#12850,#12851);
#12850 = CARTESIAN_POINT('',(-11.25,18.,14.33));
#12851 = VECTOR('',#12852,1.);
#12852 = DIRECTION('',(1.,0.,0.));
#12853 = ORIENTED_EDGE('',*,*,#12854,.T.);
#12854 = EDGE_CURVE('',#12847,#12855,#12857,.T.);
#12855 = VERTEX_POINT('',#12856);
#12856 = CARTESIAN_POINT('',(-7.389417145877,18.040889008453,14.33));
#12857 = LINE('',#12858,#12859);
#12858 = CARTESIAN_POINT('',(-7.7,18.,14.33));
#12859 = VECTOR('',#12860,1.);
#12860 = DIRECTION('',(0.991444861374,0.13052619222,0.));
#12861 = ORIENTED_EDGE('',*,*,#12862,.T.);
#12862 = EDGE_CURVE('',#12855,#12863,#12865,.T.);
#12863 = VERTEX_POINT('',#12864);
#12864 = CARTESIAN_POINT('',(-7.1,18.160769515459,14.33));
#12865 = LINE('',#12866,#12867);
#12866 = CARTESIAN_POINT('',(-7.389417145877,18.040889008453,14.33));
#12867 = VECTOR('',#12868,1.);
#12868 = DIRECTION('',(0.923879532511,0.382683432365,0.));
#12869 = ORIENTED_EDGE('',*,*,#12870,.T.);
#12870 = EDGE_CURVE('',#12863,#12871,#12873,.T.);
#12871 = VERTEX_POINT('',#12872);
#12872 = CARTESIAN_POINT('',(-6.851471862576,18.351471862576,14.33));
#12873 = LINE('',#12874,#12875);
#12874 = CARTESIAN_POINT('',(-7.1,18.160769515459,14.33));
#12875 = VECTOR('',#12876,1.);
#12876 = DIRECTION('',(0.793353340291,0.608761429009,0.));
#12877 = ORIENTED_EDGE('',*,*,#12878,.T.);
#12878 = EDGE_CURVE('',#12871,#12879,#12881,.T.);
#12879 = VERTEX_POINT('',#12880);
#12880 = CARTESIAN_POINT('',(-6.660769515459,18.6,14.33));
#12881 = LINE('',#12882,#12883);
#12882 = CARTESIAN_POINT('',(-6.851471862576,18.351471862576,14.33));
#12883 = VECTOR('',#12884,1.);
#12884 = DIRECTION('',(0.608761429009,0.793353340291,0.));
#12885 = ORIENTED_EDGE('',*,*,#12886,.T.);
#12886 = EDGE_CURVE('',#12879,#12887,#12889,.T.);
#12887 = VERTEX_POINT('',#12888);
#12888 = CARTESIAN_POINT('',(-6.540889008453,18.889417145877,14.33));
#12889 = LINE('',#12890,#12891);
#12890 = CARTESIAN_POINT('',(-6.660769515459,18.6,14.33));
#12891 = VECTOR('',#12892,1.);
#12892 = DIRECTION('',(0.382683432365,0.923879532511,0.));
#12893 = ORIENTED_EDGE('',*,*,#12894,.T.);
#12894 = EDGE_CURVE('',#12887,#12895,#12897,.T.);
#12895 = VERTEX_POINT('',#12896);
#12896 = CARTESIAN_POINT('',(-6.5,19.2,14.33));
#12897 = LINE('',#12898,#12899);
#12898 = CARTESIAN_POINT('',(-6.540889008453,18.889417145877,14.33));
#12899 = VECTOR('',#12900,1.);
#12900 = DIRECTION('',(0.13052619222,0.991444861374,0.));
#12901 = ORIENTED_EDGE('',*,*,#12902,.T.);
#12902 = EDGE_CURVE('',#12895,#12903,#12905,.T.);
#12903 = VERTEX_POINT('',#12904);
#12904 = CARTESIAN_POINT('',(-5.7,20.5,14.33));
#12905 = LINE('',#12906,#12907);
#12906 = CARTESIAN_POINT('',(-6.5,19.2,14.33));
#12907 = VECTOR('',#12908,1.);
#12908 = DIRECTION('',(0.524097425664,0.851658316705,0.));
#12909 = ORIENTED_EDGE('',*,*,#12910,.T.);
#12910 = EDGE_CURVE('',#12903,#12911,#12913,.T.);
#12911 = VERTEX_POINT('',#12912);
#12912 = CARTESIAN_POINT('',(5.7,20.5,14.33));
#12913 = LINE('',#12914,#12915);
#12914 = CARTESIAN_POINT('',(-5.7,20.5,14.33));
#12915 = VECTOR('',#12916,1.);
#12916 = DIRECTION('',(1.,0.,0.));
#12917 = ORIENTED_EDGE('',*,*,#12918,.T.);
#12918 = EDGE_CURVE('',#12911,#12919,#12921,.T.);
#12919 = VERTEX_POINT('',#12920);
#12920 = CARTESIAN_POINT('',(6.5,19.2,14.33));
#12921 = LINE('',#12922,#12923);
#12922 = CARTESIAN_POINT('',(5.7,20.5,14.33));
#12923 = VECTOR('',#12924,1.);
#12924 = DIRECTION('',(0.524097425664,-0.851658316705,0.));
#12925 = ORIENTED_EDGE('',*,*,#12926,.T.);
#12926 = EDGE_CURVE('',#12919,#12927,#12929,.T.);
#12927 = VERTEX_POINT('',#12928);
#12928 = CARTESIAN_POINT('',(6.540889008453,18.889417145877,14.33));
#12929 = LINE('',#12930,#12931);
#12930 = CARTESIAN_POINT('',(6.5,19.2,14.33));
#12931 = VECTOR('',#12932,1.);
#12932 = DIRECTION('',(0.13052619222,-0.991444861374,0.));
#12933 = ORIENTED_EDGE('',*,*,#12934,.T.);
#12934 = EDGE_CURVE('',#12927,#12935,#12937,.T.);
#12935 = VERTEX_POINT('',#12936);
#12936 = CARTESIAN_POINT('',(6.660769515459,18.6,14.33));
#12937 = LINE('',#12938,#12939);
#12938 = CARTESIAN_POINT('',(6.540889008453,18.889417145877,14.33));
#12939 = VECTOR('',#12940,1.);
#12940 = DIRECTION('',(0.382683432365,-0.923879532511,0.));
#12941 = ORIENTED_EDGE('',*,*,#12942,.T.);
#12942 = EDGE_CURVE('',#12935,#12943,#12945,.T.);
#12943 = VERTEX_POINT('',#12944);
#12944 = CARTESIAN_POINT('',(6.851471862576,18.351471862576,14.33));
#12945 = LINE('',#12946,#12947);
#12946 = CARTESIAN_POINT('',(6.660769515459,18.6,14.33));
#12947 = VECTOR('',#12948,1.);
#12948 = DIRECTION('',(0.608761429009,-0.793353340291,0.));
#12949 = ORIENTED_EDGE('',*,*,#12950,.T.);
#12950 = EDGE_CURVE('',#12943,#12951,#12953,.T.);
#12951 = VERTEX_POINT('',#12952);
#12952 = CARTESIAN_POINT('',(7.1,18.160769515459,14.33));
#12953 = LINE('',#12954,#12955);
#12954 = CARTESIAN_POINT('',(6.851471862576,18.351471862576,14.33));
#12955 = VECTOR('',#12956,1.);
#12956 = DIRECTION('',(0.793353340291,-0.608761429009,0.));
#12957 = ORIENTED_EDGE('',*,*,#12958,.T.);
#12958 = EDGE_CURVE('',#12951,#12959,#12961,.T.);
#12959 = VERTEX_POINT('',#12960);
#12960 = CARTESIAN_POINT('',(7.389417145877,18.040889008453,14.33));
#12961 = LINE('',#12962,#12963);
#12962 = CARTESIAN_POINT('',(7.1,18.160769515459,14.33));
#12963 = VECTOR('',#12964,1.);
#12964 = DIRECTION('',(0.923879532511,-0.382683432365,0.));
#12965 = ORIENTED_EDGE('',*,*,#12966,.T.);
#12966 = EDGE_CURVE('',#12959,#12967,#12969,.T.);
#12967 = VERTEX_POINT('',#12968);
#12968 = CARTESIAN_POINT('',(7.7,18.,14.33));
#12969 = LINE('',#12970,#12971);
#12970 = CARTESIAN_POINT('',(7.389417145877,18.040889008453,14.33));
#12971 = VECTOR('',#12972,1.);
#12972 = DIRECTION('',(0.991444861374,-0.13052619222,0.));
#12973 = ORIENTED_EDGE('',*,*,#12974,.T.);
#12974 = EDGE_CURVE('',#12967,#12975,#12977,.T.);
#12975 = VERTEX_POINT('',#12976);
#12976 = CARTESIAN_POINT('',(11.25,18.,14.33));
#12977 = LINE('',#12978,#12979);
#12978 = CARTESIAN_POINT('',(7.7,18.,14.33));
#12979 = VECTOR('',#12980,1.);
#12980 = DIRECTION('',(1.,0.,0.));
#12981 = ORIENTED_EDGE('',*,*,#12982,.T.);
#12982 = EDGE_CURVE('',#12975,#12983,#12985,.T.);
#12983 = VERTEX_POINT('',#12984);
#12984 = CARTESIAN_POINT('',(11.560582854123,18.040889008453,14.33));
#12985 = LINE('',#12986,#12987);
#12986 = CARTESIAN_POINT('',(11.25,18.,14.33));
#12987 = VECTOR('',#12988,1.);
#12988 = DIRECTION('',(0.991444861374,0.13052619222,0.));
#12989 = ORIENTED_EDGE('',*,*,#12990,.T.);
#12990 = EDGE_CURVE('',#12983,#12991,#12993,.T.);
#12991 = VERTEX_POINT('',#12992);
#12992 = CARTESIAN_POINT('',(11.85,18.160769515459,14.33));
#12993 = LINE('',#12994,#12995);
#12994 = CARTESIAN_POINT('',(11.560582854123,18.040889008453,14.33));
#12995 = VECTOR('',#12996,1.);
#12996 = DIRECTION('',(0.923879532511,0.382683432365,0.));
#12997 = ORIENTED_EDGE('',*,*,#12998,.T.);
#12998 = EDGE_CURVE('',#12991,#12999,#13001,.T.);
#12999 = VERTEX_POINT('',#13000);
#13000 = CARTESIAN_POINT('',(12.098528137424,18.351471862576,14.33));
#13001 = LINE('',#13002,#13003);
#13002 = CARTESIAN_POINT('',(11.85,18.160769515459,14.33));
#13003 = VECTOR('',#13004,1.);
#13004 = DIRECTION('',(0.793353340291,0.608761429009,0.));
#13005 = ORIENTED_EDGE('',*,*,#13006,.T.);
#13006 = EDGE_CURVE('',#12999,#13007,#13009,.T.);
#13007 = VERTEX_POINT('',#13008);
#13008 = CARTESIAN_POINT('',(12.289230484541,18.6,14.33));
#13009 = LINE('',#13010,#13011);
#13010 = CARTESIAN_POINT('',(12.098528137424,18.351471862576,14.33));
#13011 = VECTOR('',#13012,1.);
#13012 = DIRECTION('',(0.608761429009,0.793353340291,0.));
#13013 = ORIENTED_EDGE('',*,*,#13014,.T.);
#13014 = EDGE_CURVE('',#13007,#12749,#13015,.T.);
#13015 = LINE('',#13016,#13017);
#13016 = CARTESIAN_POINT('',(12.289230484541,18.6,14.33));
#13017 = VECTOR('',#13018,1.);
#13018 = DIRECTION('',(0.382683432365,0.923879532511,0.));
#13019 = FACE_BOUND('',#13020,.F.);
#13020 = EDGE_LOOP('',(#13021));
#13021 = ORIENTED_EDGE('',*,*,#13022,.F.);
#13022 = EDGE_CURVE('',#13023,#13023,#13025,.T.);
#13023 = VERTEX_POINT('',#13024);
#13024 = CARTESIAN_POINT('',(-8.25,20.5,14.33));
#13025 = CIRCLE('',#13026,1.25);
#13026 = AXIS2_PLACEMENT_3D('',#13027,#13028,#13029);
#13027 = CARTESIAN_POINT('',(-9.5,20.5,14.33));
#13028 = DIRECTION('',(0.,0.,1.));
#13029 = DIRECTION('',(1.,0.,-0.));
#13030 = FACE_BOUND('',#13031,.F.);
#13031 = EDGE_LOOP('',(#13032));
#13032 = ORIENTED_EDGE('',*,*,#13033,.F.);
#13033 = EDGE_CURVE('',#13034,#13034,#13036,.T.);
#13034 = VERTEX_POINT('',#13035);
#13035 = CARTESIAN_POINT('',(10.75,20.5,14.33));
#13036 = CIRCLE('',#13037,1.25);
#13037 = AXIS2_PLACEMENT_3D('',#13038,#13039,#13040);
#13038 = CARTESIAN_POINT('',(9.5,20.5,14.33));
#13039 = DIRECTION('',(0.,0.,1.));
#13040 = DIRECTION('',(1.,0.,-0.));
#13041 = PLANE('',#13042);
#13042 = AXIS2_PLACEMENT_3D('',#13043,#13044,#13045);
#13043 = CARTESIAN_POINT('',(-4.321301683003E-16,22.002042660484,14.33)
  );
#13044 = DIRECTION('',(0.,0.,1.));
#13045 = DIRECTION('',(1.,0.,-0.));
#13046 = ADVANCED_FACE('',(#13047),#13072,.F.);
#13047 = FACE_BOUND('',#13048,.F.);
#13048 = EDGE_LOOP('',(#13049,#13057,#13065,#13071));
#13049 = ORIENTED_EDGE('',*,*,#13050,.F.);
#13050 = EDGE_CURVE('',#13051,#11318,#13053,.T.);
#13051 = VERTEX_POINT('',#13052);
#13052 = CARTESIAN_POINT('',(-12.45,20.5,12.35));
#13053 = LINE('',#13054,#13055);
#13054 = CARTESIAN_POINT('',(-12.45,20.5,12.35));
#13055 = VECTOR('',#13056,1.);
#13056 = DIRECTION('',(-0.,1.,0.));
#13057 = ORIENTED_EDGE('',*,*,#13058,.T.);
#13058 = EDGE_CURVE('',#13051,#13059,#13061,.T.);
#13059 = VERTEX_POINT('',#13060);
#13060 = CARTESIAN_POINT('',(-11.5,20.5,12.35));
#13061 = LINE('',#13062,#13063);
#13062 = CARTESIAN_POINT('',(-12.45,20.5,12.35));
#13063 = VECTOR('',#13064,1.);
#13064 = DIRECTION('',(1.,0.,-0.));
#13065 = ORIENTED_EDGE('',*,*,#13066,.T.);
#13066 = EDGE_CURVE('',#13059,#11310,#13067,.T.);
#13067 = LINE('',#13068,#13069);
#13068 = CARTESIAN_POINT('',(-11.5,20.5,12.35));
#13069 = VECTOR('',#13070,1.);
#13070 = DIRECTION('',(-0.,1.,0.));
#13071 = ORIENTED_EDGE('',*,*,#11317,.T.);
#13072 = PLANE('',#13073);
#13073 = AXIS2_PLACEMENT_3D('',#13074,#13075,#13076);
#13074 = CARTESIAN_POINT('',(-12.45,20.5,12.35));
#13075 = DIRECTION('',(0.,0.,1.));
#13076 = DIRECTION('',(1.,0.,-0.));
#13077 = ADVANCED_FACE('',(#13078),#13089,.T.);
#13078 = FACE_BOUND('',#13079,.T.);
#13079 = EDGE_LOOP('',(#13080,#13086,#13087,#13088));
#13080 = ORIENTED_EDGE('',*,*,#13081,.F.);
#13081 = EDGE_CURVE('',#13059,#12775,#13082,.T.);
#13082 = LINE('',#13083,#13084);
#13083 = CARTESIAN_POINT('',(-11.5,20.5,12.35));
#13084 = VECTOR('',#13085,1.);
#13085 = DIRECTION('',(0.,0.,1.));
#13086 = ORIENTED_EDGE('',*,*,#13066,.T.);
#13087 = ORIENTED_EDGE('',*,*,#11309,.T.);
#13088 = ORIENTED_EDGE('',*,*,#12774,.F.);
#13089 = PLANE('',#13090);
#13090 = AXIS2_PLACEMENT_3D('',#13091,#13092,#13093);
#13091 = CARTESIAN_POINT('',(-11.5,20.5,12.35));
#13092 = DIRECTION('',(1.,0.,-0.));
#13093 = DIRECTION('',(0.,0.,1.));
#13094 = ADVANCED_FACE('',(#13095),#13120,.F.);
#13095 = FACE_BOUND('',#13096,.F.);
#13096 = EDGE_LOOP('',(#13097,#13105,#13113,#13119));
#13097 = ORIENTED_EDGE('',*,*,#13098,.T.);
#13098 = EDGE_CURVE('',#12749,#13099,#13101,.T.);
#13099 = VERTEX_POINT('',#13100);
#13100 = CARTESIAN_POINT('',(12.409110991547,18.889417145877,16.27));
#13101 = LINE('',#13102,#13103);
#13102 = CARTESIAN_POINT('',(12.409110991547,18.889417145877,14.33));
#13103 = VECTOR('',#13104,1.);
#13104 = DIRECTION('',(0.,0.,1.));
#13105 = ORIENTED_EDGE('',*,*,#13106,.T.);
#13106 = EDGE_CURVE('',#13099,#13107,#13109,.T.);
#13107 = VERTEX_POINT('',#13108);
#13108 = CARTESIAN_POINT('',(12.45,19.2,16.27));
#13109 = LINE('',#13110,#13111);
#13110 = CARTESIAN_POINT('',(12.409110991547,18.889417145877,16.27));
#13111 = VECTOR('',#13112,1.);
#13112 = DIRECTION('',(0.13052619222,0.991444861374,0.));
#13113 = ORIENTED_EDGE('',*,*,#13114,.F.);
#13114 = EDGE_CURVE('',#12751,#13107,#13115,.T.);
#13115 = LINE('',#13116,#13117);
#13116 = CARTESIAN_POINT('',(12.45,19.2,14.33));
#13117 = VECTOR('',#13118,1.);
#13118 = DIRECTION('',(0.,0.,1.));
#13119 = ORIENTED_EDGE('',*,*,#12748,.F.);
#13120 = PLANE('',#13121);
#13121 = AXIS2_PLACEMENT_3D('',#13122,#13123,#13124);
#13122 = CARTESIAN_POINT('',(12.409110991547,18.889417145877,14.33));
#13123 = DIRECTION('',(-0.991444861374,0.13052619222,0.));
#13124 = DIRECTION('',(0.13052619222,0.991444861374,0.));
#13125 = ADVANCED_FACE('',(#13126,#13366,#13377),#13388,.T.);
#13126 = FACE_BOUND('',#13127,.T.);
#13127 = EDGE_LOOP('',(#13128,#13129,#13137,#13145,#13153,#13161,#13169,
    #13177,#13185,#13193,#13201,#13209,#13217,#13225,#13233,#13241,
    #13249,#13257,#13265,#13273,#13281,#13289,#13297,#13305,#13313,
    #13321,#13329,#13337,#13345,#13353,#13359,#13360));
#13128 = ORIENTED_EDGE('',*,*,#11267,.T.);
#13129 = ORIENTED_EDGE('',*,*,#13130,.T.);
#13130 = EDGE_CURVE('',#11270,#13131,#13133,.T.);
#13131 = VERTEX_POINT('',#13132);
#13132 = CARTESIAN_POINT('',(-12.45,19.2,16.27));
#13133 = LINE('',#13134,#13135);
#13134 = CARTESIAN_POINT('',(-12.45,25.1,16.27));
#13135 = VECTOR('',#13136,1.);
#13136 = DIRECTION('',(0.,-1.,0.));
#13137 = ORIENTED_EDGE('',*,*,#13138,.T.);
#13138 = EDGE_CURVE('',#13131,#13139,#13141,.T.);
#13139 = VERTEX_POINT('',#13140);
#13140 = CARTESIAN_POINT('',(-12.40911099154,18.889417145877,16.27));
#13141 = LINE('',#13142,#13143);
#13142 = CARTESIAN_POINT('',(-12.45,19.2,16.27));
#13143 = VECTOR('',#13144,1.);
#13144 = DIRECTION('',(0.13052619222,-0.991444861374,0.));
#13145 = ORIENTED_EDGE('',*,*,#13146,.T.);
#13146 = EDGE_CURVE('',#13139,#13147,#13149,.T.);
#13147 = VERTEX_POINT('',#13148);
#13148 = CARTESIAN_POINT('',(-12.28923048454,18.6,16.27));
#13149 = LINE('',#13150,#13151);
#13150 = CARTESIAN_POINT('',(-12.40911099154,18.889417145877,16.27));
#13151 = VECTOR('',#13152,1.);
#13152 = DIRECTION('',(0.382683432365,-0.923879532511,0.));
#13153 = ORIENTED_EDGE('',*,*,#13154,.T.);
#13154 = EDGE_CURVE('',#13147,#13155,#13157,.T.);
#13155 = VERTEX_POINT('',#13156);
#13156 = CARTESIAN_POINT('',(-12.09852813742,18.351471862576,16.27));
#13157 = LINE('',#13158,#13159);
#13158 = CARTESIAN_POINT('',(-12.28923048454,18.6,16.27));
#13159 = VECTOR('',#13160,1.);
#13160 = DIRECTION('',(0.608761429009,-0.793353340291,0.));
#13161 = ORIENTED_EDGE('',*,*,#13162,.T.);
#13162 = EDGE_CURVE('',#13155,#13163,#13165,.T.);
#13163 = VERTEX_POINT('',#13164);
#13164 = CARTESIAN_POINT('',(-11.85,18.160769515459,16.27));
#13165 = LINE('',#13166,#13167);
#13166 = CARTESIAN_POINT('',(-12.09852813742,18.351471862576,16.27));
#13167 = VECTOR('',#13168,1.);
#13168 = DIRECTION('',(0.793353340291,-0.608761429009,0.));
#13169 = ORIENTED_EDGE('',*,*,#13170,.T.);
#13170 = EDGE_CURVE('',#13163,#13171,#13173,.T.);
#13171 = VERTEX_POINT('',#13172);
#13172 = CARTESIAN_POINT('',(-11.56058285412,18.040889008453,16.27));
#13173 = LINE('',#13174,#13175);
#13174 = CARTESIAN_POINT('',(-11.85,18.160769515459,16.27));
#13175 = VECTOR('',#13176,1.);
#13176 = DIRECTION('',(0.923879532511,-0.382683432365,0.));
#13177 = ORIENTED_EDGE('',*,*,#13178,.T.);
#13178 = EDGE_CURVE('',#13171,#13179,#13181,.T.);
#13179 = VERTEX_POINT('',#13180);
#13180 = CARTESIAN_POINT('',(-11.25,18.,16.27));
#13181 = LINE('',#13182,#13183);
#13182 = CARTESIAN_POINT('',(-11.56058285412,18.040889008453,16.27));
#13183 = VECTOR('',#13184,1.);
#13184 = DIRECTION('',(0.991444861374,-0.13052619222,0.));
#13185 = ORIENTED_EDGE('',*,*,#13186,.T.);
#13186 = EDGE_CURVE('',#13179,#13187,#13189,.T.);
#13187 = VERTEX_POINT('',#13188);
#13188 = CARTESIAN_POINT('',(-7.7,18.,16.27));
#13189 = LINE('',#13190,#13191);
#13190 = CARTESIAN_POINT('',(-11.25,18.,16.27));
#13191 = VECTOR('',#13192,1.);
#13192 = DIRECTION('',(1.,0.,0.));
#13193 = ORIENTED_EDGE('',*,*,#13194,.T.);
#13194 = EDGE_CURVE('',#13187,#13195,#13197,.T.);
#13195 = VERTEX_POINT('',#13196);
#13196 = CARTESIAN_POINT('',(-7.389417145877,18.040889008453,16.27));
#13197 = LINE('',#13198,#13199);
#13198 = CARTESIAN_POINT('',(-7.7,18.,16.27));
#13199 = VECTOR('',#13200,1.);
#13200 = DIRECTION('',(0.991444861374,0.13052619222,0.));
#13201 = ORIENTED_EDGE('',*,*,#13202,.T.);
#13202 = EDGE_CURVE('',#13195,#13203,#13205,.T.);
#13203 = VERTEX_POINT('',#13204);
#13204 = CARTESIAN_POINT('',(-7.1,18.160769515459,16.27));
#13205 = LINE('',#13206,#13207);
#13206 = CARTESIAN_POINT('',(-7.389417145877,18.040889008453,16.27));
#13207 = VECTOR('',#13208,1.);
#13208 = DIRECTION('',(0.923879532511,0.382683432365,0.));
#13209 = ORIENTED_EDGE('',*,*,#13210,.T.);
#13210 = EDGE_CURVE('',#13203,#13211,#13213,.T.);
#13211 = VERTEX_POINT('',#13212);
#13212 = CARTESIAN_POINT('',(-6.851471862576,18.351471862576,16.27));
#13213 = LINE('',#13214,#13215);
#13214 = CARTESIAN_POINT('',(-7.1,18.160769515459,16.27));
#13215 = VECTOR('',#13216,1.);
#13216 = DIRECTION('',(0.793353340291,0.608761429009,0.));
#13217 = ORIENTED_EDGE('',*,*,#13218,.T.);
#13218 = EDGE_CURVE('',#13211,#13219,#13221,.T.);
#13219 = VERTEX_POINT('',#13220);
#13220 = CARTESIAN_POINT('',(-6.660769515459,18.6,16.27));
#13221 = LINE('',#13222,#13223);
#13222 = CARTESIAN_POINT('',(-6.851471862576,18.351471862576,16.27));
#13223 = VECTOR('',#13224,1.);
#13224 = DIRECTION('',(0.608761429009,0.793353340291,0.));
#13225 = ORIENTED_EDGE('',*,*,#13226,.T.);
#13226 = EDGE_CURVE('',#13219,#13227,#13229,.T.);
#13227 = VERTEX_POINT('',#13228);
#13228 = CARTESIAN_POINT('',(-6.540889008453,18.889417145877,16.27));
#13229 = LINE('',#13230,#13231);
#13230 = CARTESIAN_POINT('',(-6.660769515459,18.6,16.27));
#13231 = VECTOR('',#13232,1.);
#13232 = DIRECTION('',(0.382683432365,0.923879532511,0.));
#13233 = ORIENTED_EDGE('',*,*,#13234,.T.);
#13234 = EDGE_CURVE('',#13227,#13235,#13237,.T.);
#13235 = VERTEX_POINT('',#13236);
#13236 = CARTESIAN_POINT('',(-6.5,19.2,16.27));
#13237 = LINE('',#13238,#13239);
#13238 = CARTESIAN_POINT('',(-6.540889008453,18.889417145877,16.27));
#13239 = VECTOR('',#13240,1.);
#13240 = DIRECTION('',(0.13052619222,0.991444861374,0.));
#13241 = ORIENTED_EDGE('',*,*,#13242,.T.);
#13242 = EDGE_CURVE('',#13235,#13243,#13245,.T.);
#13243 = VERTEX_POINT('',#13244);
#13244 = CARTESIAN_POINT('',(-5.7,20.5,16.27));
#13245 = LINE('',#13246,#13247);
#13246 = CARTESIAN_POINT('',(-6.5,19.2,16.27));
#13247 = VECTOR('',#13248,1.);
#13248 = DIRECTION('',(0.524097425664,0.851658316705,0.));
#13249 = ORIENTED_EDGE('',*,*,#13250,.T.);
#13250 = EDGE_CURVE('',#13243,#13251,#13253,.T.);
#13251 = VERTEX_POINT('',#13252);
#13252 = CARTESIAN_POINT('',(5.7,20.5,16.27));
#13253 = LINE('',#13254,#13255);
#13254 = CARTESIAN_POINT('',(-5.7,20.5,16.27));
#13255 = VECTOR('',#13256,1.);
#13256 = DIRECTION('',(1.,0.,0.));
#13257 = ORIENTED_EDGE('',*,*,#13258,.T.);
#13258 = EDGE_CURVE('',#13251,#13259,#13261,.T.);
#13259 = VERTEX_POINT('',#13260);
#13260 = CARTESIAN_POINT('',(6.5,19.2,16.27));
#13261 = LINE('',#13262,#13263);
#13262 = CARTESIAN_POINT('',(5.7,20.5,16.27));
#13263 = VECTOR('',#13264,1.);
#13264 = DIRECTION('',(0.524097425664,-0.851658316705,0.));
#13265 = ORIENTED_EDGE('',*,*,#13266,.T.);
#13266 = EDGE_CURVE('',#13259,#13267,#13269,.T.);
#13267 = VERTEX_POINT('',#13268);
#13268 = CARTESIAN_POINT('',(6.540889008453,18.889417145877,16.27));
#13269 = LINE('',#13270,#13271);
#13270 = CARTESIAN_POINT('',(6.5,19.2,16.27));
#13271 = VECTOR('',#13272,1.);
#13272 = DIRECTION('',(0.13052619222,-0.991444861374,0.));
#13273 = ORIENTED_EDGE('',*,*,#13274,.T.);
#13274 = EDGE_CURVE('',#13267,#13275,#13277,.T.);
#13275 = VERTEX_POINT('',#13276);
#13276 = CARTESIAN_POINT('',(6.660769515459,18.6,16.27));
#13277 = LINE('',#13278,#13279);
#13278 = CARTESIAN_POINT('',(6.540889008453,18.889417145877,16.27));
#13279 = VECTOR('',#13280,1.);
#13280 = DIRECTION('',(0.382683432365,-0.923879532511,0.));
#13281 = ORIENTED_EDGE('',*,*,#13282,.T.);
#13282 = EDGE_CURVE('',#13275,#13283,#13285,.T.);
#13283 = VERTEX_POINT('',#13284);
#13284 = CARTESIAN_POINT('',(6.851471862576,18.351471862576,16.27));
#13285 = LINE('',#13286,#13287);
#13286 = CARTESIAN_POINT('',(6.660769515459,18.6,16.27));
#13287 = VECTOR('',#13288,1.);
#13288 = DIRECTION('',(0.608761429009,-0.793353340291,0.));
#13289 = ORIENTED_EDGE('',*,*,#13290,.T.);
#13290 = EDGE_CURVE('',#13283,#13291,#13293,.T.);
#13291 = VERTEX_POINT('',#13292);
#13292 = CARTESIAN_POINT('',(7.1,18.160769515459,16.27));
#13293 = LINE('',#13294,#13295);
#13294 = CARTESIAN_POINT('',(6.851471862576,18.351471862576,16.27));
#13295 = VECTOR('',#13296,1.);
#13296 = DIRECTION('',(0.793353340291,-0.608761429009,0.));
#13297 = ORIENTED_EDGE('',*,*,#13298,.T.);
#13298 = EDGE_CURVE('',#13291,#13299,#13301,.T.);
#13299 = VERTEX_POINT('',#13300);
#13300 = CARTESIAN_POINT('',(7.389417145877,18.040889008453,16.27));
#13301 = LINE('',#13302,#13303);
#13302 = CARTESIAN_POINT('',(7.1,18.160769515459,16.27));
#13303 = VECTOR('',#13304,1.);
#13304 = DIRECTION('',(0.923879532511,-0.382683432365,0.));
#13305 = ORIENTED_EDGE('',*,*,#13306,.T.);
#13306 = EDGE_CURVE('',#13299,#13307,#13309,.T.);
#13307 = VERTEX_POINT('',#13308);
#13308 = CARTESIAN_POINT('',(7.7,18.,16.27));
#13309 = LINE('',#13310,#13311);
#13310 = CARTESIAN_POINT('',(7.389417145877,18.040889008453,16.27));
#13311 = VECTOR('',#13312,1.);
#13312 = DIRECTION('',(0.991444861374,-0.13052619222,0.));
#13313 = ORIENTED_EDGE('',*,*,#13314,.T.);
#13314 = EDGE_CURVE('',#13307,#13315,#13317,.T.);
#13315 = VERTEX_POINT('',#13316);
#13316 = CARTESIAN_POINT('',(11.25,18.,16.27));
#13317 = LINE('',#13318,#13319);
#13318 = CARTESIAN_POINT('',(7.7,18.,16.27));
#13319 = VECTOR('',#13320,1.);
#13320 = DIRECTION('',(1.,0.,0.));
#13321 = ORIENTED_EDGE('',*,*,#13322,.T.);
#13322 = EDGE_CURVE('',#13315,#13323,#13325,.T.);
#13323 = VERTEX_POINT('',#13324);
#13324 = CARTESIAN_POINT('',(11.560582854123,18.040889008453,16.27));
#13325 = LINE('',#13326,#13327);
#13326 = CARTESIAN_POINT('',(11.25,18.,16.27));
#13327 = VECTOR('',#13328,1.);
#13328 = DIRECTION('',(0.991444861374,0.13052619222,0.));
#13329 = ORIENTED_EDGE('',*,*,#13330,.T.);
#13330 = EDGE_CURVE('',#13323,#13331,#13333,.T.);
#13331 = VERTEX_POINT('',#13332);
#13332 = CARTESIAN_POINT('',(11.85,18.160769515459,16.27));
#13333 = LINE('',#13334,#13335);
#13334 = CARTESIAN_POINT('',(11.560582854123,18.040889008453,16.27));
#13335 = VECTOR('',#13336,1.);
#13336 = DIRECTION('',(0.923879532511,0.382683432365,0.));
#13337 = ORIENTED_EDGE('',*,*,#13338,.T.);
#13338 = EDGE_CURVE('',#13331,#13339,#13341,.T.);
#13339 = VERTEX_POINT('',#13340);
#13340 = CARTESIAN_POINT('',(12.098528137424,18.351471862576,16.27));
#13341 = LINE('',#13342,#13343);
#13342 = CARTESIAN_POINT('',(11.85,18.160769515459,16.27));
#13343 = VECTOR('',#13344,1.);
#13344 = DIRECTION('',(0.793353340291,0.608761429009,0.));
#13345 = ORIENTED_EDGE('',*,*,#13346,.T.);
#13346 = EDGE_CURVE('',#13339,#13347,#13349,.T.);
#13347 = VERTEX_POINT('',#13348);
#13348 = CARTESIAN_POINT('',(12.289230484541,18.6,16.27));
#13349 = LINE('',#13350,#13351);
#13350 = CARTESIAN_POINT('',(12.098528137424,18.351471862576,16.27));
#13351 = VECTOR('',#13352,1.);
#13352 = DIRECTION('',(0.608761429009,0.793353340291,0.));
#13353 = ORIENTED_EDGE('',*,*,#13354,.T.);
#13354 = EDGE_CURVE('',#13347,#13099,#13355,.T.);
#13355 = LINE('',#13356,#13357);
#13356 = CARTESIAN_POINT('',(12.289230484541,18.6,16.27));
#13357 = VECTOR('',#13358,1.);
#13358 = DIRECTION('',(0.382683432365,0.923879532511,0.));
#13359 = ORIENTED_EDGE('',*,*,#13106,.T.);
#13360 = ORIENTED_EDGE('',*,*,#13361,.T.);
#13361 = EDGE_CURVE('',#13107,#11268,#13362,.T.);
#13362 = LINE('',#13363,#13364);
#13363 = CARTESIAN_POINT('',(12.45,19.2,16.27));
#13364 = VECTOR('',#13365,1.);
#13365 = DIRECTION('',(0.,1.,0.));
#13366 = FACE_BOUND('',#13367,.T.);
#13367 = EDGE_LOOP('',(#13368));
#13368 = ORIENTED_EDGE('',*,*,#13369,.F.);
#13369 = EDGE_CURVE('',#13370,#13370,#13372,.T.);
#13370 = VERTEX_POINT('',#13371);
#13371 = CARTESIAN_POINT('',(-8.25,20.5,16.27));
#13372 = CIRCLE('',#13373,1.25);
#13373 = AXIS2_PLACEMENT_3D('',#13374,#13375,#13376);
#13374 = CARTESIAN_POINT('',(-9.5,20.5,16.27));
#13375 = DIRECTION('',(0.,0.,1.));
#13376 = DIRECTION('',(1.,0.,-0.));
#13377 = FACE_BOUND('',#13378,.T.);
#13378 = EDGE_LOOP('',(#13379));
#13379 = ORIENTED_EDGE('',*,*,#13380,.F.);
#13380 = EDGE_CURVE('',#13381,#13381,#13383,.T.);
#13381 = VERTEX_POINT('',#13382);
#13382 = CARTESIAN_POINT('',(10.75,20.5,16.27));
#13383 = CIRCLE('',#13384,1.25);
#13384 = AXIS2_PLACEMENT_3D('',#13385,#13386,#13387);
#13385 = CARTESIAN_POINT('',(9.5,20.5,16.27));
#13386 = DIRECTION('',(0.,0.,1.));
#13387 = DIRECTION('',(1.,0.,-0.));
#13388 = PLANE('',#13389);
#13389 = AXIS2_PLACEMENT_3D('',#13390,#13391,#13392);
#13390 = CARTESIAN_POINT('',(-4.321301683003E-16,22.002042660484,16.27)
  );
#13391 = DIRECTION('',(0.,0.,1.));
#13392 = DIRECTION('',(1.,0.,-0.));
#13393 = ADVANCED_FACE('',(#13394),#13410,.F.);
#13394 = FACE_BOUND('',#13395,.F.);
#13395 = EDGE_LOOP('',(#13396,#13402,#13403,#13409));
#13396 = ORIENTED_EDGE('',*,*,#13397,.T.);
#13397 = EDGE_CURVE('',#12791,#13131,#13398,.T.);
#13398 = LINE('',#13399,#13400);
#13399 = CARTESIAN_POINT('',(-12.45,19.2,14.33));
#13400 = VECTOR('',#13401,1.);
#13401 = DIRECTION('',(0.,0.,1.));
#13402 = ORIENTED_EDGE('',*,*,#13138,.T.);
#13403 = ORIENTED_EDGE('',*,*,#13404,.F.);
#13404 = EDGE_CURVE('',#12799,#13139,#13405,.T.);
#13405 = LINE('',#13406,#13407);
#13406 = CARTESIAN_POINT('',(-12.40911099154,18.889417145877,14.33));
#13407 = VECTOR('',#13408,1.);
#13408 = DIRECTION('',(0.,0.,1.));
#13409 = ORIENTED_EDGE('',*,*,#12798,.F.);
#13410 = PLANE('',#13411);
#13411 = AXIS2_PLACEMENT_3D('',#13412,#13413,#13414);
#13412 = CARTESIAN_POINT('',(-12.45,19.2,14.33));
#13413 = DIRECTION('',(0.991444861374,0.13052619222,-0.));
#13414 = DIRECTION('',(0.13052619222,-0.991444861374,0.));
#13415 = ADVANCED_FACE('',(#13416),#13427,.F.);
#13416 = FACE_BOUND('',#13417,.F.);
#13417 = EDGE_LOOP('',(#13418,#13424,#13425,#13426));
#13418 = ORIENTED_EDGE('',*,*,#13419,.T.);
#13419 = EDGE_CURVE('',#13007,#13347,#13420,.T.);
#13420 = LINE('',#13421,#13422);
#13421 = CARTESIAN_POINT('',(12.289230484541,18.6,14.33));
#13422 = VECTOR('',#13423,1.);
#13423 = DIRECTION('',(0.,0.,1.));
#13424 = ORIENTED_EDGE('',*,*,#13354,.T.);
#13425 = ORIENTED_EDGE('',*,*,#13098,.F.);
#13426 = ORIENTED_EDGE('',*,*,#13014,.F.);
#13427 = PLANE('',#13428);
#13428 = AXIS2_PLACEMENT_3D('',#13429,#13430,#13431);
#13429 = CARTESIAN_POINT('',(12.289230484541,18.6,14.33));
#13430 = DIRECTION('',(-0.923879532511,0.382683432365,0.));
#13431 = DIRECTION('',(0.382683432365,0.923879532511,0.));
#13432 = ADVANCED_FACE('',(#13433),#13444,.F.);
#13433 = FACE_BOUND('',#13434,.F.);
#13434 = EDGE_LOOP('',(#13435,#13436,#13437,#13443));
#13435 = ORIENTED_EDGE('',*,*,#13404,.T.);
#13436 = ORIENTED_EDGE('',*,*,#13146,.T.);
#13437 = ORIENTED_EDGE('',*,*,#13438,.F.);
#13438 = EDGE_CURVE('',#12807,#13147,#13439,.T.);
#13439 = LINE('',#13440,#13441);
#13440 = CARTESIAN_POINT('',(-12.28923048454,18.6,14.33));
#13441 = VECTOR('',#13442,1.);
#13442 = DIRECTION('',(0.,0.,1.));
#13443 = ORIENTED_EDGE('',*,*,#12806,.F.);
#13444 = PLANE('',#13445);
#13445 = AXIS2_PLACEMENT_3D('',#13446,#13447,#13448);
#13446 = CARTESIAN_POINT('',(-12.40911099154,18.889417145877,14.33));
#13447 = DIRECTION('',(0.923879532511,0.382683432365,-0.));
#13448 = DIRECTION('',(0.382683432365,-0.923879532511,0.));
#13449 = ADVANCED_FACE('',(#13450),#13461,.F.);
#13450 = FACE_BOUND('',#13451,.F.);
#13451 = EDGE_LOOP('',(#13452,#13458,#13459,#13460));
#13452 = ORIENTED_EDGE('',*,*,#13453,.T.);
#13453 = EDGE_CURVE('',#12999,#13339,#13454,.T.);
#13454 = LINE('',#13455,#13456);
#13455 = CARTESIAN_POINT('',(12.098528137424,18.351471862576,14.33));
#13456 = VECTOR('',#13457,1.);
#13457 = DIRECTION('',(0.,0.,1.));
#13458 = ORIENTED_EDGE('',*,*,#13346,.T.);
#13459 = ORIENTED_EDGE('',*,*,#13419,.F.);
#13460 = ORIENTED_EDGE('',*,*,#13006,.F.);
#13461 = PLANE('',#13462);
#13462 = AXIS2_PLACEMENT_3D('',#13463,#13464,#13465);
#13463 = CARTESIAN_POINT('',(12.098528137424,18.351471862576,14.33));
#13464 = DIRECTION('',(-0.793353340291,0.608761429009,0.));
#13465 = DIRECTION('',(0.608761429009,0.793353340291,0.));
#13466 = ADVANCED_FACE('',(#13467),#13478,.F.);
#13467 = FACE_BOUND('',#13468,.F.);
#13468 = EDGE_LOOP('',(#13469,#13470,#13471,#13477));
#13469 = ORIENTED_EDGE('',*,*,#13438,.T.);
#13470 = ORIENTED_EDGE('',*,*,#13154,.T.);
#13471 = ORIENTED_EDGE('',*,*,#13472,.F.);
#13472 = EDGE_CURVE('',#12815,#13155,#13473,.T.);
#13473 = LINE('',#13474,#13475);
#13474 = CARTESIAN_POINT('',(-12.09852813742,18.351471862576,14.33));
#13475 = VECTOR('',#13476,1.);
#13476 = DIRECTION('',(0.,0.,1.));
#13477 = ORIENTED_EDGE('',*,*,#12814,.F.);
#13478 = PLANE('',#13479);
#13479 = AXIS2_PLACEMENT_3D('',#13480,#13481,#13482);
#13480 = CARTESIAN_POINT('',(-12.28923048454,18.6,14.33));
#13481 = DIRECTION('',(0.793353340291,0.608761429009,-0.));
#13482 = DIRECTION('',(0.608761429009,-0.793353340291,0.));
#13483 = ADVANCED_FACE('',(#13484),#13495,.F.);
#13484 = FACE_BOUND('',#13485,.F.);
#13485 = EDGE_LOOP('',(#13486,#13492,#13493,#13494));
#13486 = ORIENTED_EDGE('',*,*,#13487,.T.);
#13487 = EDGE_CURVE('',#12991,#13331,#13488,.T.);
#13488 = LINE('',#13489,#13490);
#13489 = CARTESIAN_POINT('',(11.85,18.160769515459,14.33));
#13490 = VECTOR('',#13491,1.);
#13491 = DIRECTION('',(0.,0.,1.));
#13492 = ORIENTED_EDGE('',*,*,#13338,.T.);
#13493 = ORIENTED_EDGE('',*,*,#13453,.F.);
#13494 = ORIENTED_EDGE('',*,*,#12998,.F.);
#13495 = PLANE('',#13496);
#13496 = AXIS2_PLACEMENT_3D('',#13497,#13498,#13499);
#13497 = CARTESIAN_POINT('',(11.85,18.160769515459,14.33));
#13498 = DIRECTION('',(-0.608761429009,0.793353340291,0.));
#13499 = DIRECTION('',(0.793353340291,0.608761429009,0.));
#13500 = ADVANCED_FACE('',(#13501),#13512,.F.);
#13501 = FACE_BOUND('',#13502,.F.);
#13502 = EDGE_LOOP('',(#13503,#13504,#13505,#13511));
#13503 = ORIENTED_EDGE('',*,*,#13472,.T.);
#13504 = ORIENTED_EDGE('',*,*,#13162,.T.);
#13505 = ORIENTED_EDGE('',*,*,#13506,.F.);
#13506 = EDGE_CURVE('',#12823,#13163,#13507,.T.);
#13507 = LINE('',#13508,#13509);
#13508 = CARTESIAN_POINT('',(-11.85,18.160769515459,14.33));
#13509 = VECTOR('',#13510,1.);
#13510 = DIRECTION('',(0.,0.,1.));
#13511 = ORIENTED_EDGE('',*,*,#12822,.F.);
#13512 = PLANE('',#13513);
#13513 = AXIS2_PLACEMENT_3D('',#13514,#13515,#13516);
#13514 = CARTESIAN_POINT('',(-12.09852813742,18.351471862576,14.33));
#13515 = DIRECTION('',(0.608761429009,0.793353340291,-0.));
#13516 = DIRECTION('',(0.793353340291,-0.608761429009,0.));
#13517 = ADVANCED_FACE('',(#13518),#13529,.F.);
#13518 = FACE_BOUND('',#13519,.F.);
#13519 = EDGE_LOOP('',(#13520,#13526,#13527,#13528));
#13520 = ORIENTED_EDGE('',*,*,#13521,.T.);
#13521 = EDGE_CURVE('',#12983,#13323,#13522,.T.);
#13522 = LINE('',#13523,#13524);
#13523 = CARTESIAN_POINT('',(11.560582854123,18.040889008453,14.33));
#13524 = VECTOR('',#13525,1.);
#13525 = DIRECTION('',(0.,0.,1.));
#13526 = ORIENTED_EDGE('',*,*,#13330,.T.);
#13527 = ORIENTED_EDGE('',*,*,#13487,.F.);
#13528 = ORIENTED_EDGE('',*,*,#12990,.F.);
#13529 = PLANE('',#13530);
#13530 = AXIS2_PLACEMENT_3D('',#13531,#13532,#13533);
#13531 = CARTESIAN_POINT('',(11.560582854123,18.040889008453,14.33));
#13532 = DIRECTION('',(-0.382683432365,0.923879532511,0.));
#13533 = DIRECTION('',(0.923879532511,0.382683432365,0.));
#13534 = ADVANCED_FACE('',(#13535),#13546,.F.);
#13535 = FACE_BOUND('',#13536,.F.);
#13536 = EDGE_LOOP('',(#13537,#13538,#13539,#13545));
#13537 = ORIENTED_EDGE('',*,*,#13506,.T.);
#13538 = ORIENTED_EDGE('',*,*,#13170,.T.);
#13539 = ORIENTED_EDGE('',*,*,#13540,.F.);
#13540 = EDGE_CURVE('',#12831,#13171,#13541,.T.);
#13541 = LINE('',#13542,#13543);
#13542 = CARTESIAN_POINT('',(-11.56058285412,18.040889008453,14.33));
#13543 = VECTOR('',#13544,1.);
#13544 = DIRECTION('',(0.,0.,1.));
#13545 = ORIENTED_EDGE('',*,*,#12830,.F.);
#13546 = PLANE('',#13547);
#13547 = AXIS2_PLACEMENT_3D('',#13548,#13549,#13550);
#13548 = CARTESIAN_POINT('',(-11.85,18.160769515459,14.33));
#13549 = DIRECTION('',(0.382683432365,0.923879532511,-0.));
#13550 = DIRECTION('',(0.923879532511,-0.382683432365,0.));
#13551 = ADVANCED_FACE('',(#13552),#13563,.F.);
#13552 = FACE_BOUND('',#13553,.F.);
#13553 = EDGE_LOOP('',(#13554,#13560,#13561,#13562));
#13554 = ORIENTED_EDGE('',*,*,#13555,.T.);
#13555 = EDGE_CURVE('',#12975,#13315,#13556,.T.);
#13556 = LINE('',#13557,#13558);
#13557 = CARTESIAN_POINT('',(11.25,18.,14.33));
#13558 = VECTOR('',#13559,1.);
#13559 = DIRECTION('',(0.,0.,1.));
#13560 = ORIENTED_EDGE('',*,*,#13322,.T.);
#13561 = ORIENTED_EDGE('',*,*,#13521,.F.);
#13562 = ORIENTED_EDGE('',*,*,#12982,.F.);
#13563 = PLANE('',#13564);
#13564 = AXIS2_PLACEMENT_3D('',#13565,#13566,#13567);
#13565 = CARTESIAN_POINT('',(11.25,18.,14.33));
#13566 = DIRECTION('',(-0.13052619222,0.991444861374,0.));
#13567 = DIRECTION('',(0.991444861374,0.13052619222,0.));
#13568 = ADVANCED_FACE('',(#13569),#13580,.F.);
#13569 = FACE_BOUND('',#13570,.F.);
#13570 = EDGE_LOOP('',(#13571,#13572,#13573,#13579));
#13571 = ORIENTED_EDGE('',*,*,#13540,.T.);
#13572 = ORIENTED_EDGE('',*,*,#13178,.T.);
#13573 = ORIENTED_EDGE('',*,*,#13574,.F.);
#13574 = EDGE_CURVE('',#12839,#13179,#13575,.T.);
#13575 = LINE('',#13576,#13577);
#13576 = CARTESIAN_POINT('',(-11.25,18.,14.33));
#13577 = VECTOR('',#13578,1.);
#13578 = DIRECTION('',(0.,0.,1.));
#13579 = ORIENTED_EDGE('',*,*,#12838,.F.);
#13580 = PLANE('',#13581);
#13581 = AXIS2_PLACEMENT_3D('',#13582,#13583,#13584);
#13582 = CARTESIAN_POINT('',(-11.56058285412,18.040889008453,14.33));
#13583 = DIRECTION('',(0.13052619222,0.991444861374,-0.));
#13584 = DIRECTION('',(0.991444861374,-0.13052619222,0.));
#13585 = ADVANCED_FACE('',(#13586),#13597,.F.);
#13586 = FACE_BOUND('',#13587,.F.);
#13587 = EDGE_LOOP('',(#13588,#13594,#13595,#13596));
#13588 = ORIENTED_EDGE('',*,*,#13589,.T.);
#13589 = EDGE_CURVE('',#12967,#13307,#13590,.T.);
#13590 = LINE('',#13591,#13592);
#13591 = CARTESIAN_POINT('',(7.7,18.,14.33));
#13592 = VECTOR('',#13593,1.);
#13593 = DIRECTION('',(0.,0.,1.));
#13594 = ORIENTED_EDGE('',*,*,#13314,.T.);
#13595 = ORIENTED_EDGE('',*,*,#13555,.F.);
#13596 = ORIENTED_EDGE('',*,*,#12974,.F.);
#13597 = PLANE('',#13598);
#13598 = AXIS2_PLACEMENT_3D('',#13599,#13600,#13601);
#13599 = CARTESIAN_POINT('',(7.7,18.,14.33));
#13600 = DIRECTION('',(0.,1.,0.));
#13601 = DIRECTION('',(1.,0.,0.));
#13602 = ADVANCED_FACE('',(#13603),#13614,.F.);
#13603 = FACE_BOUND('',#13604,.F.);
#13604 = EDGE_LOOP('',(#13605,#13606,#13607,#13613));
#13605 = ORIENTED_EDGE('',*,*,#13574,.T.);
#13606 = ORIENTED_EDGE('',*,*,#13186,.T.);
#13607 = ORIENTED_EDGE('',*,*,#13608,.F.);
#13608 = EDGE_CURVE('',#12847,#13187,#13609,.T.);
#13609 = LINE('',#13610,#13611);
#13610 = CARTESIAN_POINT('',(-7.7,18.,14.33));
#13611 = VECTOR('',#13612,1.);
#13612 = DIRECTION('',(0.,0.,1.));
#13613 = ORIENTED_EDGE('',*,*,#12846,.F.);
#13614 = PLANE('',#13615);
#13615 = AXIS2_PLACEMENT_3D('',#13616,#13617,#13618);
#13616 = CARTESIAN_POINT('',(-11.25,18.,14.33));
#13617 = DIRECTION('',(0.,1.,0.));
#13618 = DIRECTION('',(1.,0.,0.));
#13619 = ADVANCED_FACE('',(#13620),#13631,.F.);
#13620 = FACE_BOUND('',#13621,.F.);
#13621 = EDGE_LOOP('',(#13622,#13628,#13629,#13630));
#13622 = ORIENTED_EDGE('',*,*,#13623,.T.);
#13623 = EDGE_CURVE('',#12959,#13299,#13624,.T.);
#13624 = LINE('',#13625,#13626);
#13625 = CARTESIAN_POINT('',(7.389417145877,18.040889008453,14.33));
#13626 = VECTOR('',#13627,1.);
#13627 = DIRECTION('',(0.,0.,1.));
#13628 = ORIENTED_EDGE('',*,*,#13306,.T.);
#13629 = ORIENTED_EDGE('',*,*,#13589,.F.);
#13630 = ORIENTED_EDGE('',*,*,#12966,.F.);
#13631 = PLANE('',#13632);
#13632 = AXIS2_PLACEMENT_3D('',#13633,#13634,#13635);
#13633 = CARTESIAN_POINT('',(7.389417145877,18.040889008453,14.33));
#13634 = DIRECTION('',(0.13052619222,0.991444861374,-0.));
#13635 = DIRECTION('',(0.991444861374,-0.13052619222,0.));
#13636 = ADVANCED_FACE('',(#13637),#13648,.F.);
#13637 = FACE_BOUND('',#13638,.F.);
#13638 = EDGE_LOOP('',(#13639,#13640,#13641,#13647));
#13639 = ORIENTED_EDGE('',*,*,#13608,.T.);
#13640 = ORIENTED_EDGE('',*,*,#13194,.T.);
#13641 = ORIENTED_EDGE('',*,*,#13642,.F.);
#13642 = EDGE_CURVE('',#12855,#13195,#13643,.T.);
#13643 = LINE('',#13644,#13645);
#13644 = CARTESIAN_POINT('',(-7.389417145877,18.040889008453,14.33));
#13645 = VECTOR('',#13646,1.);
#13646 = DIRECTION('',(0.,0.,1.));
#13647 = ORIENTED_EDGE('',*,*,#12854,.F.);
#13648 = PLANE('',#13649);
#13649 = AXIS2_PLACEMENT_3D('',#13650,#13651,#13652);
#13650 = CARTESIAN_POINT('',(-7.7,18.,14.33));
#13651 = DIRECTION('',(-0.13052619222,0.991444861374,0.));
#13652 = DIRECTION('',(0.991444861374,0.13052619222,0.));
#13653 = ADVANCED_FACE('',(#13654),#13665,.F.);
#13654 = FACE_BOUND('',#13655,.F.);
#13655 = EDGE_LOOP('',(#13656,#13662,#13663,#13664));
#13656 = ORIENTED_EDGE('',*,*,#13657,.T.);
#13657 = EDGE_CURVE('',#12951,#13291,#13658,.T.);
#13658 = LINE('',#13659,#13660);
#13659 = CARTESIAN_POINT('',(7.1,18.160769515459,14.33));
#13660 = VECTOR('',#13661,1.);
#13661 = DIRECTION('',(0.,0.,1.));
#13662 = ORIENTED_EDGE('',*,*,#13298,.T.);
#13663 = ORIENTED_EDGE('',*,*,#13623,.F.);
#13664 = ORIENTED_EDGE('',*,*,#12958,.F.);
#13665 = PLANE('',#13666);
#13666 = AXIS2_PLACEMENT_3D('',#13667,#13668,#13669);
#13667 = CARTESIAN_POINT('',(7.1,18.160769515459,14.33));
#13668 = DIRECTION('',(0.382683432365,0.923879532511,-0.));
#13669 = DIRECTION('',(0.923879532511,-0.382683432365,0.));
#13670 = ADVANCED_FACE('',(#13671),#13682,.F.);
#13671 = FACE_BOUND('',#13672,.F.);
#13672 = EDGE_LOOP('',(#13673,#13674,#13675,#13681));
#13673 = ORIENTED_EDGE('',*,*,#13642,.T.);
#13674 = ORIENTED_EDGE('',*,*,#13202,.T.);
#13675 = ORIENTED_EDGE('',*,*,#13676,.F.);
#13676 = EDGE_CURVE('',#12863,#13203,#13677,.T.);
#13677 = LINE('',#13678,#13679);
#13678 = CARTESIAN_POINT('',(-7.1,18.160769515459,14.33));
#13679 = VECTOR('',#13680,1.);
#13680 = DIRECTION('',(0.,0.,1.));
#13681 = ORIENTED_EDGE('',*,*,#12862,.F.);
#13682 = PLANE('',#13683);
#13683 = AXIS2_PLACEMENT_3D('',#13684,#13685,#13686);
#13684 = CARTESIAN_POINT('',(-7.389417145877,18.040889008453,14.33));
#13685 = DIRECTION('',(-0.382683432365,0.923879532511,0.));
#13686 = DIRECTION('',(0.923879532511,0.382683432365,0.));
#13687 = ADVANCED_FACE('',(#13688),#13699,.F.);
#13688 = FACE_BOUND('',#13689,.F.);
#13689 = EDGE_LOOP('',(#13690,#13696,#13697,#13698));
#13690 = ORIENTED_EDGE('',*,*,#13691,.T.);
#13691 = EDGE_CURVE('',#12943,#13283,#13692,.T.);
#13692 = LINE('',#13693,#13694);
#13693 = CARTESIAN_POINT('',(6.851471862576,18.351471862576,14.33));
#13694 = VECTOR('',#13695,1.);
#13695 = DIRECTION('',(0.,0.,1.));
#13696 = ORIENTED_EDGE('',*,*,#13290,.T.);
#13697 = ORIENTED_EDGE('',*,*,#13657,.F.);
#13698 = ORIENTED_EDGE('',*,*,#12950,.F.);
#13699 = PLANE('',#13700);
#13700 = AXIS2_PLACEMENT_3D('',#13701,#13702,#13703);
#13701 = CARTESIAN_POINT('',(6.851471862576,18.351471862576,14.33));
#13702 = DIRECTION('',(0.608761429009,0.793353340291,-0.));
#13703 = DIRECTION('',(0.793353340291,-0.608761429009,0.));
#13704 = ADVANCED_FACE('',(#13705),#13716,.F.);
#13705 = FACE_BOUND('',#13706,.F.);
#13706 = EDGE_LOOP('',(#13707,#13708,#13709,#13715));
#13707 = ORIENTED_EDGE('',*,*,#13676,.T.);
#13708 = ORIENTED_EDGE('',*,*,#13210,.T.);
#13709 = ORIENTED_EDGE('',*,*,#13710,.F.);
#13710 = EDGE_CURVE('',#12871,#13211,#13711,.T.);
#13711 = LINE('',#13712,#13713);
#13712 = CARTESIAN_POINT('',(-6.851471862576,18.351471862576,14.33));
#13713 = VECTOR('',#13714,1.);
#13714 = DIRECTION('',(0.,0.,1.));
#13715 = ORIENTED_EDGE('',*,*,#12870,.F.);
#13716 = PLANE('',#13717);
#13717 = AXIS2_PLACEMENT_3D('',#13718,#13719,#13720);
#13718 = CARTESIAN_POINT('',(-7.1,18.160769515459,14.33));
#13719 = DIRECTION('',(-0.608761429009,0.793353340291,0.));
#13720 = DIRECTION('',(0.793353340291,0.608761429009,0.));
#13721 = ADVANCED_FACE('',(#13722),#13733,.F.);
#13722 = FACE_BOUND('',#13723,.F.);
#13723 = EDGE_LOOP('',(#13724,#13730,#13731,#13732));
#13724 = ORIENTED_EDGE('',*,*,#13725,.T.);
#13725 = EDGE_CURVE('',#12935,#13275,#13726,.T.);
#13726 = LINE('',#13727,#13728);
#13727 = CARTESIAN_POINT('',(6.660769515459,18.6,14.33));
#13728 = VECTOR('',#13729,1.);
#13729 = DIRECTION('',(0.,0.,1.));
#13730 = ORIENTED_EDGE('',*,*,#13282,.T.);
#13731 = ORIENTED_EDGE('',*,*,#13691,.F.);
#13732 = ORIENTED_EDGE('',*,*,#12942,.F.);
#13733 = PLANE('',#13734);
#13734 = AXIS2_PLACEMENT_3D('',#13735,#13736,#13737);
#13735 = CARTESIAN_POINT('',(6.660769515459,18.6,14.33));
#13736 = DIRECTION('',(0.793353340291,0.608761429009,-0.));
#13737 = DIRECTION('',(0.608761429009,-0.793353340291,0.));
#13738 = ADVANCED_FACE('',(#13739),#13750,.F.);
#13739 = FACE_BOUND('',#13740,.F.);
#13740 = EDGE_LOOP('',(#13741,#13742,#13743,#13749));
#13741 = ORIENTED_EDGE('',*,*,#13710,.T.);
#13742 = ORIENTED_EDGE('',*,*,#13218,.T.);
#13743 = ORIENTED_EDGE('',*,*,#13744,.F.);
#13744 = EDGE_CURVE('',#12879,#13219,#13745,.T.);
#13745 = LINE('',#13746,#13747);
#13746 = CARTESIAN_POINT('',(-6.660769515459,18.6,14.33));
#13747 = VECTOR('',#13748,1.);
#13748 = DIRECTION('',(0.,0.,1.));
#13749 = ORIENTED_EDGE('',*,*,#12878,.F.);
#13750 = PLANE('',#13751);
#13751 = AXIS2_PLACEMENT_3D('',#13752,#13753,#13754);
#13752 = CARTESIAN_POINT('',(-6.851471862576,18.351471862576,14.33));
#13753 = DIRECTION('',(-0.793353340291,0.608761429009,0.));
#13754 = DIRECTION('',(0.608761429009,0.793353340291,0.));
#13755 = ADVANCED_FACE('',(#13756),#13767,.F.);
#13756 = FACE_BOUND('',#13757,.F.);
#13757 = EDGE_LOOP('',(#13758,#13764,#13765,#13766));
#13758 = ORIENTED_EDGE('',*,*,#13759,.T.);
#13759 = EDGE_CURVE('',#12927,#13267,#13760,.T.);
#13760 = LINE('',#13761,#13762);
#13761 = CARTESIAN_POINT('',(6.540889008453,18.889417145877,14.33));
#13762 = VECTOR('',#13763,1.);
#13763 = DIRECTION('',(0.,0.,1.));
#13764 = ORIENTED_EDGE('',*,*,#13274,.T.);
#13765 = ORIENTED_EDGE('',*,*,#13725,.F.);
#13766 = ORIENTED_EDGE('',*,*,#12934,.F.);
#13767 = PLANE('',#13768);
#13768 = AXIS2_PLACEMENT_3D('',#13769,#13770,#13771);
#13769 = CARTESIAN_POINT('',(6.540889008453,18.889417145877,14.33));
#13770 = DIRECTION('',(0.923879532511,0.382683432365,-0.));
#13771 = DIRECTION('',(0.382683432365,-0.923879532511,0.));
#13772 = ADVANCED_FACE('',(#13773),#13784,.F.);
#13773 = FACE_BOUND('',#13774,.F.);
#13774 = EDGE_LOOP('',(#13775,#13776,#13777,#13783));
#13775 = ORIENTED_EDGE('',*,*,#13744,.T.);
#13776 = ORIENTED_EDGE('',*,*,#13226,.T.);
#13777 = ORIENTED_EDGE('',*,*,#13778,.F.);
#13778 = EDGE_CURVE('',#12887,#13227,#13779,.T.);
#13779 = LINE('',#13780,#13781);
#13780 = CARTESIAN_POINT('',(-6.540889008453,18.889417145877,14.33));
#13781 = VECTOR('',#13782,1.);
#13782 = DIRECTION('',(0.,0.,1.));
#13783 = ORIENTED_EDGE('',*,*,#12886,.F.);
#13784 = PLANE('',#13785);
#13785 = AXIS2_PLACEMENT_3D('',#13786,#13787,#13788);
#13786 = CARTESIAN_POINT('',(-6.660769515459,18.6,14.33));
#13787 = DIRECTION('',(-0.923879532511,0.382683432365,0.));
#13788 = DIRECTION('',(0.382683432365,0.923879532511,0.));
#13789 = ADVANCED_FACE('',(#13790),#13801,.F.);
#13790 = FACE_BOUND('',#13791,.F.);
#13791 = EDGE_LOOP('',(#13792,#13798,#13799,#13800));
#13792 = ORIENTED_EDGE('',*,*,#13793,.T.);
#13793 = EDGE_CURVE('',#12919,#13259,#13794,.T.);
#13794 = LINE('',#13795,#13796);
#13795 = CARTESIAN_POINT('',(6.5,19.2,14.33));
#13796 = VECTOR('',#13797,1.);
#13797 = DIRECTION('',(0.,0.,1.));
#13798 = ORIENTED_EDGE('',*,*,#13266,.T.);
#13799 = ORIENTED_EDGE('',*,*,#13759,.F.);
#13800 = ORIENTED_EDGE('',*,*,#12926,.F.);
#13801 = PLANE('',#13802);
#13802 = AXIS2_PLACEMENT_3D('',#13803,#13804,#13805);
#13803 = CARTESIAN_POINT('',(6.5,19.2,14.33));
#13804 = DIRECTION('',(0.991444861374,0.13052619222,-0.));
#13805 = DIRECTION('',(0.13052619222,-0.991444861374,0.));
#13806 = ADVANCED_FACE('',(#13807),#13818,.F.);
#13807 = FACE_BOUND('',#13808,.F.);
#13808 = EDGE_LOOP('',(#13809,#13810,#13811,#13817));
#13809 = ORIENTED_EDGE('',*,*,#13778,.T.);
#13810 = ORIENTED_EDGE('',*,*,#13234,.T.);
#13811 = ORIENTED_EDGE('',*,*,#13812,.F.);
#13812 = EDGE_CURVE('',#12895,#13235,#13813,.T.);
#13813 = LINE('',#13814,#13815);
#13814 = CARTESIAN_POINT('',(-6.5,19.2,14.33));
#13815 = VECTOR('',#13816,1.);
#13816 = DIRECTION('',(0.,0.,1.));
#13817 = ORIENTED_EDGE('',*,*,#12894,.F.);
#13818 = PLANE('',#13819);
#13819 = AXIS2_PLACEMENT_3D('',#13820,#13821,#13822);
#13820 = CARTESIAN_POINT('',(-6.540889008453,18.889417145877,14.33));
#13821 = DIRECTION('',(-0.991444861374,0.13052619222,0.));
#13822 = DIRECTION('',(0.13052619222,0.991444861374,0.));
#13823 = ADVANCED_FACE('',(#13824),#13835,.F.);
#13824 = FACE_BOUND('',#13825,.F.);
#13825 = EDGE_LOOP('',(#13826,#13832,#13833,#13834));
#13826 = ORIENTED_EDGE('',*,*,#13827,.T.);
#13827 = EDGE_CURVE('',#12911,#13251,#13828,.T.);
#13828 = LINE('',#13829,#13830);
#13829 = CARTESIAN_POINT('',(5.7,20.5,14.33));
#13830 = VECTOR('',#13831,1.);
#13831 = DIRECTION('',(0.,0.,1.));
#13832 = ORIENTED_EDGE('',*,*,#13258,.T.);
#13833 = ORIENTED_EDGE('',*,*,#13793,.F.);
#13834 = ORIENTED_EDGE('',*,*,#12918,.F.);
#13835 = PLANE('',#13836);
#13836 = AXIS2_PLACEMENT_3D('',#13837,#13838,#13839);
#13837 = CARTESIAN_POINT('',(5.7,20.5,14.33));
#13838 = DIRECTION('',(0.851658316705,0.524097425664,-0.));
#13839 = DIRECTION('',(0.524097425664,-0.851658316705,0.));
#13840 = ADVANCED_FACE('',(#13841),#13852,.F.);
#13841 = FACE_BOUND('',#13842,.F.);
#13842 = EDGE_LOOP('',(#13843,#13844,#13845,#13851));
#13843 = ORIENTED_EDGE('',*,*,#13812,.T.);
#13844 = ORIENTED_EDGE('',*,*,#13242,.T.);
#13845 = ORIENTED_EDGE('',*,*,#13846,.F.);
#13846 = EDGE_CURVE('',#12903,#13243,#13847,.T.);
#13847 = LINE('',#13848,#13849);
#13848 = CARTESIAN_POINT('',(-5.7,20.5,14.33));
#13849 = VECTOR('',#13850,1.);
#13850 = DIRECTION('',(0.,0.,1.));
#13851 = ORIENTED_EDGE('',*,*,#12902,.F.);
#13852 = PLANE('',#13853);
#13853 = AXIS2_PLACEMENT_3D('',#13854,#13855,#13856);
#13854 = CARTESIAN_POINT('',(-6.5,19.2,14.33));
#13855 = DIRECTION('',(-0.851658316705,0.524097425664,0.));
#13856 = DIRECTION('',(0.524097425664,0.851658316705,0.));
#13857 = ADVANCED_FACE('',(#13858),#13864,.F.);
#13858 = FACE_BOUND('',#13859,.F.);
#13859 = EDGE_LOOP('',(#13860,#13861,#13862,#13863));
#13860 = ORIENTED_EDGE('',*,*,#13846,.T.);
#13861 = ORIENTED_EDGE('',*,*,#13250,.T.);
#13862 = ORIENTED_EDGE('',*,*,#13827,.F.);
#13863 = ORIENTED_EDGE('',*,*,#12910,.F.);
#13864 = PLANE('',#13865);
#13865 = AXIS2_PLACEMENT_3D('',#13866,#13867,#13868);
#13866 = CARTESIAN_POINT('',(-5.7,20.5,14.33));
#13867 = DIRECTION('',(0.,1.,0.));
#13868 = DIRECTION('',(1.,0.,0.));
#13869 = ADVANCED_FACE('',(#13870),#13881,.F.);
#13870 = FACE_BOUND('',#13871,.F.);
#13871 = EDGE_LOOP('',(#13872,#13873,#13879,#13880));
#13872 = ORIENTED_EDGE('',*,*,#13369,.F.);
#13873 = ORIENTED_EDGE('',*,*,#13874,.F.);
#13874 = EDGE_CURVE('',#13023,#13370,#13875,.T.);
#13875 = LINE('',#13876,#13877);
#13876 = CARTESIAN_POINT('',(-8.25,20.5,12.33));
#13877 = VECTOR('',#13878,1.);
#13878 = DIRECTION('',(0.,0.,1.));
#13879 = ORIENTED_EDGE('',*,*,#13022,.T.);
#13880 = ORIENTED_EDGE('',*,*,#13874,.T.);
#13881 = CYLINDRICAL_SURFACE('',#13882,1.25);
#13882 = AXIS2_PLACEMENT_3D('',#13883,#13884,#13885);
#13883 = CARTESIAN_POINT('',(-9.5,20.5,12.33));
#13884 = DIRECTION('',(0.,0.,1.));
#13885 = DIRECTION('',(1.,0.,-0.));
#13886 = ADVANCED_FACE('',(#13887),#13898,.F.);
#13887 = FACE_BOUND('',#13888,.F.);
#13888 = EDGE_LOOP('',(#13889,#13890,#13896,#13897));
#13889 = ORIENTED_EDGE('',*,*,#13380,.F.);
#13890 = ORIENTED_EDGE('',*,*,#13891,.F.);
#13891 = EDGE_CURVE('',#13034,#13381,#13892,.T.);
#13892 = LINE('',#13893,#13894);
#13893 = CARTESIAN_POINT('',(10.75,20.5,12.33));
#13894 = VECTOR('',#13895,1.);
#13895 = DIRECTION('',(0.,0.,1.));
#13896 = ORIENTED_EDGE('',*,*,#13033,.T.);
#13897 = ORIENTED_EDGE('',*,*,#13891,.T.);
#13898 = CYLINDRICAL_SURFACE('',#13899,1.25);
#13899 = AXIS2_PLACEMENT_3D('',#13900,#13901,#13902);
#13900 = CARTESIAN_POINT('',(9.5,20.5,12.33));
#13901 = DIRECTION('',(0.,0.,1.));
#13902 = DIRECTION('',(1.,0.,-0.));
#13903 = ADVANCED_FACE('',(#13904),#13915,.F.);
#13904 = FACE_BOUND('',#13905,.F.);
#13905 = EDGE_LOOP('',(#13906,#13912,#13913,#13914));
#13906 = ORIENTED_EDGE('',*,*,#13907,.F.);
#13907 = EDGE_CURVE('',#12702,#12759,#13908,.T.);
#13908 = LINE('',#13909,#13910);
#13909 = CARTESIAN_POINT('',(12.45,20.5,12.35));
#13910 = VECTOR('',#13911,1.);
#13911 = DIRECTION('',(0.,0.,1.));
#13912 = ORIENTED_EDGE('',*,*,#12701,.F.);
#13913 = ORIENTED_EDGE('',*,*,#12724,.T.);
#13914 = ORIENTED_EDGE('',*,*,#12766,.F.);
#13915 = PLANE('',#13916);
#13916 = AXIS2_PLACEMENT_3D('',#13917,#13918,#13919);
#13917 = CARTESIAN_POINT('',(11.5,20.5,12.35));
#13918 = DIRECTION('',(-0.,1.,0.));
#13919 = DIRECTION('',(0.,0.,1.));
#13920 = ADVANCED_FACE('',(#13921),#13932,.F.);
#13921 = FACE_BOUND('',#13922,.F.);
#13922 = EDGE_LOOP('',(#13923,#13924,#13925,#13931));
#13923 = ORIENTED_EDGE('',*,*,#13081,.F.);
#13924 = ORIENTED_EDGE('',*,*,#13058,.F.);
#13925 = ORIENTED_EDGE('',*,*,#13926,.T.);
#13926 = EDGE_CURVE('',#13051,#12783,#13927,.T.);
#13927 = LINE('',#13928,#13929);
#13928 = CARTESIAN_POINT('',(-12.45,20.5,12.35));
#13929 = VECTOR('',#13930,1.);
#13930 = DIRECTION('',(0.,0.,1.));
#13931 = ORIENTED_EDGE('',*,*,#12782,.F.);
#13932 = PLANE('',#13933);
#13933 = AXIS2_PLACEMENT_3D('',#13934,#13935,#13936);
#13934 = CARTESIAN_POINT('',(-12.45,20.5,12.35));
#13935 = DIRECTION('',(-0.,1.,0.));
#13936 = DIRECTION('',(0.,0.,1.));
#13937 = ADVANCED_FACE('',(#13938),#13975,.F.);
#13938 = FACE_BOUND('',#13939,.F.);
#13939 = EDGE_LOOP('',(#13940,#13951,#13957,#13958,#13959,#13968));
#13940 = ORIENTED_EDGE('',*,*,#13941,.F.);
#13941 = EDGE_CURVE('',#13942,#13944,#13946,.T.);
#13942 = VERTEX_POINT('',#13943);
#13943 = CARTESIAN_POINT('',(-10.6,29.,10.65));
#13944 = VERTEX_POINT('',#13945);
#13945 = CARTESIAN_POINT('',(-10.915,29.,9.114625945522));
#13946 = CIRCLE('',#13947,0.8);
#13947 = AXIS2_PLACEMENT_3D('',#13948,#13949,#13950);
#13948 = CARTESIAN_POINT('',(-10.6,29.,9.85));
#13949 = DIRECTION('',(0.,1.,0.));
#13950 = DIRECTION('',(0.,-0.,1.));
#13951 = ORIENTED_EDGE('',*,*,#13952,.F.);
#13952 = EDGE_CURVE('',#11384,#13942,#13953,.T.);
#13953 = LINE('',#13954,#13955);
#13954 = CARTESIAN_POINT('',(-10.6,22.,10.65));
#13955 = VECTOR('',#13956,1.);
#13956 = DIRECTION('',(0.,1.,0.));
#13957 = ORIENTED_EDGE('',*,*,#11383,.T.);
#13958 = ORIENTED_EDGE('',*,*,#13952,.T.);
#13959 = ORIENTED_EDGE('',*,*,#13960,.F.);
#13960 = EDGE_CURVE('',#13961,#13942,#13963,.T.);
#13961 = VERTEX_POINT('',#13962);
#13962 = CARTESIAN_POINT('',(-10.915,29.,10.585374054478));
#13963 = CIRCLE('',#13964,0.8);
#13964 = AXIS2_PLACEMENT_3D('',#13965,#13966,#13967);
#13965 = CARTESIAN_POINT('',(-10.6,29.,9.85));
#13966 = DIRECTION('',(0.,1.,0.));
#13967 = DIRECTION('',(0.,-0.,1.));
#13968 = ORIENTED_EDGE('',*,*,#13969,.F.);
#13969 = EDGE_CURVE('',#13944,#13961,#13970,.T.);
#13970 = CIRCLE('',#13971,0.8);
#13971 = AXIS2_PLACEMENT_3D('',#13972,#13973,#13974);
#13972 = CARTESIAN_POINT('',(-10.6,29.,9.85));
#13973 = DIRECTION('',(0.,1.,0.));
#13974 = DIRECTION('',(0.,-0.,1.));
#13975 = CYLINDRICAL_SURFACE('',#13976,0.8);
#13976 = AXIS2_PLACEMENT_3D('',#13977,#13978,#13979);
#13977 = CARTESIAN_POINT('',(-10.6,22.,9.85));
#13978 = DIRECTION('',(0.,1.,0.));
#13979 = DIRECTION('',(0.,-0.,1.));
#13980 = ADVANCED_FACE('',(#13981),#14018,.F.);
#13981 = FACE_BOUND('',#13982,.F.);
#13982 = EDGE_LOOP('',(#13983,#13994,#14000,#14001,#14002,#14011));
#13983 = ORIENTED_EDGE('',*,*,#13984,.F.);
#13984 = EDGE_CURVE('',#13985,#13987,#13989,.T.);
#13985 = VERTEX_POINT('',#13986);
#13986 = CARTESIAN_POINT('',(10.6,29.,10.65));
#13987 = VERTEX_POINT('',#13988);
#13988 = CARTESIAN_POINT('',(10.915,29.,10.585374054478));
#13989 = CIRCLE('',#13990,0.8);
#13990 = AXIS2_PLACEMENT_3D('',#13991,#13992,#13993);
#13991 = CARTESIAN_POINT('',(10.6,29.,9.85));
#13992 = DIRECTION('',(0.,1.,0.));
#13993 = DIRECTION('',(0.,-0.,1.));
#13994 = ORIENTED_EDGE('',*,*,#13995,.F.);
#13995 = EDGE_CURVE('',#11395,#13985,#13996,.T.);
#13996 = LINE('',#13997,#13998);
#13997 = CARTESIAN_POINT('',(10.6,22.,10.65));
#13998 = VECTOR('',#13999,1.);
#13999 = DIRECTION('',(0.,1.,0.));
#14000 = ORIENTED_EDGE('',*,*,#11394,.T.);
#14001 = ORIENTED_EDGE('',*,*,#13995,.T.);
#14002 = ORIENTED_EDGE('',*,*,#14003,.F.);
#14003 = EDGE_CURVE('',#14004,#13985,#14006,.T.);
#14004 = VERTEX_POINT('',#14005);
#14005 = CARTESIAN_POINT('',(10.915,29.,9.114625945522));
#14006 = CIRCLE('',#14007,0.8);
#14007 = AXIS2_PLACEMENT_3D('',#14008,#14009,#14010);
#14008 = CARTESIAN_POINT('',(10.6,29.,9.85));
#14009 = DIRECTION('',(0.,1.,0.));
#14010 = DIRECTION('',(0.,-0.,1.));
#14011 = ORIENTED_EDGE('',*,*,#14012,.F.);
#14012 = EDGE_CURVE('',#13987,#14004,#14013,.T.);
#14013 = CIRCLE('',#14014,0.8);
#14014 = AXIS2_PLACEMENT_3D('',#14015,#14016,#14017);
#14015 = CARTESIAN_POINT('',(10.6,29.,9.85));
#14016 = DIRECTION('',(0.,1.,0.));
#14017 = DIRECTION('',(0.,-0.,1.));
#14018 = CYLINDRICAL_SURFACE('',#14019,0.8);
#14019 = AXIS2_PLACEMENT_3D('',#14020,#14021,#14022);
#14020 = CARTESIAN_POINT('',(10.6,22.,9.85));
#14021 = DIRECTION('',(0.,1.,0.));
#14022 = DIRECTION('',(0.,-0.,1.));
#14023 = ADVANCED_FACE('',(#14024),#14061,.F.);
#14024 = FACE_BOUND('',#14025,.F.);
#14025 = EDGE_LOOP('',(#14026,#14037,#14043,#14044,#14045,#14054));
#14026 = ORIENTED_EDGE('',*,*,#14027,.F.);
#14027 = EDGE_CURVE('',#14028,#14030,#14032,.T.);
#14028 = VERTEX_POINT('',#14029);
#14029 = CARTESIAN_POINT('',(-7.45,29.,8.75));
#14030 = VERTEX_POINT('',#14031);
#14031 = CARTESIAN_POINT('',(-6.843,29.,8.471105555526));
#14032 = CIRCLE('',#14033,0.8);
#14033 = AXIS2_PLACEMENT_3D('',#14034,#14035,#14036);
#14034 = CARTESIAN_POINT('',(-7.45,29.,7.95));
#14035 = DIRECTION('',(0.,1.,0.));
#14036 = DIRECTION('',(0.,-0.,1.));
#14037 = ORIENTED_EDGE('',*,*,#14038,.F.);
#14038 = EDGE_CURVE('',#11418,#14028,#14039,.T.);
#14039 = LINE('',#14040,#14041);
#14040 = CARTESIAN_POINT('',(-7.45,22.,8.75));
#14041 = VECTOR('',#14042,1.);
#14042 = DIRECTION('',(0.,1.,0.));
#14043 = ORIENTED_EDGE('',*,*,#11417,.T.);
#14044 = ORIENTED_EDGE('',*,*,#14038,.T.);
#14045 = ORIENTED_EDGE('',*,*,#14046,.F.);
#14046 = EDGE_CURVE('',#14047,#14028,#14049,.T.);
#14047 = VERTEX_POINT('',#14048);
#14048 = CARTESIAN_POINT('',(-6.843,29.,7.428894444474));
#14049 = CIRCLE('',#14050,0.8);
#14050 = AXIS2_PLACEMENT_3D('',#14051,#14052,#14053);
#14051 = CARTESIAN_POINT('',(-7.45,29.,7.95));
#14052 = DIRECTION('',(0.,1.,0.));
#14053 = DIRECTION('',(0.,-0.,1.));
#14054 = ORIENTED_EDGE('',*,*,#14055,.F.);
#14055 = EDGE_CURVE('',#14030,#14047,#14056,.T.);
#14056 = CIRCLE('',#14057,0.8);
#14057 = AXIS2_PLACEMENT_3D('',#14058,#14059,#14060);
#14058 = CARTESIAN_POINT('',(-7.45,29.,7.95));
#14059 = DIRECTION('',(0.,1.,0.));
#14060 = DIRECTION('',(0.,-0.,1.));
#14061 = CYLINDRICAL_SURFACE('',#14062,0.8);
#14062 = AXIS2_PLACEMENT_3D('',#14063,#14064,#14065);
#14063 = CARTESIAN_POINT('',(-7.45,22.,7.95));
#14064 = DIRECTION('',(0.,1.,0.));
#14065 = DIRECTION('',(0.,-0.,1.));
#14066 = ADVANCED_FACE('',(#14067),#14104,.F.);
#14067 = FACE_BOUND('',#14068,.F.);
#14068 = EDGE_LOOP('',(#14069,#14080,#14086,#14087,#14088,#14097));
#14069 = ORIENTED_EDGE('',*,*,#14070,.F.);
#14070 = EDGE_CURVE('',#14071,#14073,#14075,.T.);
#14071 = VERTEX_POINT('',#14072);
#14072 = CARTESIAN_POINT('',(7.45,29.,8.75));
#14073 = VERTEX_POINT('',#14074);
#14074 = CARTESIAN_POINT('',(6.843,29.,7.428894444474));
#14075 = CIRCLE('',#14076,0.8);
#14076 = AXIS2_PLACEMENT_3D('',#14077,#14078,#14079);
#14077 = CARTESIAN_POINT('',(7.45,29.,7.95));
#14078 = DIRECTION('',(0.,1.,0.));
#14079 = DIRECTION('',(0.,-0.,1.));
#14080 = ORIENTED_EDGE('',*,*,#14081,.F.);
#14081 = EDGE_CURVE('',#11429,#14071,#14082,.T.);
#14082 = LINE('',#14083,#14084);
#14083 = CARTESIAN_POINT('',(7.45,22.,8.75));
#14084 = VECTOR('',#14085,1.);
#14085 = DIRECTION('',(0.,1.,0.));
#14086 = ORIENTED_EDGE('',*,*,#11428,.T.);
#14087 = ORIENTED_EDGE('',*,*,#14081,.T.);
#14088 = ORIENTED_EDGE('',*,*,#14089,.F.);
#14089 = EDGE_CURVE('',#14090,#14071,#14092,.T.);
#14090 = VERTEX_POINT('',#14091);
#14091 = CARTESIAN_POINT('',(6.843,29.,8.471105555526));
#14092 = CIRCLE('',#14093,0.8);
#14093 = AXIS2_PLACEMENT_3D('',#14094,#14095,#14096);
#14094 = CARTESIAN_POINT('',(7.45,29.,7.95));
#14095 = DIRECTION('',(0.,1.,0.));
#14096 = DIRECTION('',(0.,-0.,1.));
#14097 = ORIENTED_EDGE('',*,*,#14098,.F.);
#14098 = EDGE_CURVE('',#14073,#14090,#14099,.T.);
#14099 = CIRCLE('',#14100,0.8);
#14100 = AXIS2_PLACEMENT_3D('',#14101,#14102,#14103);
#14101 = CARTESIAN_POINT('',(7.45,29.,7.95));
#14102 = DIRECTION('',(0.,1.,0.));
#14103 = DIRECTION('',(0.,-0.,1.));
#14104 = CYLINDRICAL_SURFACE('',#14105,0.8);
#14105 = AXIS2_PLACEMENT_3D('',#14106,#14107,#14108);
#14106 = CARTESIAN_POINT('',(7.45,22.,7.95));
#14107 = DIRECTION('',(0.,1.,0.));
#14108 = DIRECTION('',(0.,-0.,1.));
#14109 = ADVANCED_FACE('',(#14110),#14121,.T.);
#14110 = FACE_BOUND('',#14111,.T.);
#14111 = EDGE_LOOP('',(#14112,#14113,#14114,#14115));
#14112 = ORIENTED_EDGE('',*,*,#11064,.F.);
#14113 = ORIENTED_EDGE('',*,*,#2891,.F.);
#14114 = ORIENTED_EDGE('',*,*,#294,.T.);
#14115 = ORIENTED_EDGE('',*,*,#14116,.F.);
#14116 = EDGE_CURVE('',#11065,#295,#14117,.T.);
#14117 = LINE('',#14118,#14119);
#14118 = CARTESIAN_POINT('',(-5.483,23.,-12.917));
#14119 = VECTOR('',#14120,1.);
#14120 = DIRECTION('',(-0.,1.,0.));
#14121 = PLANE('',#14122);
#14122 = AXIS2_PLACEMENT_3D('',#14123,#14124,#14125);
#14123 = CARTESIAN_POINT('',(-5.483,23.,-24.483));
#14124 = DIRECTION('',(1.,0.,-0.));
#14125 = DIRECTION('',(0.,0.,1.));
#14126 = ADVANCED_FACE('',(#14127),#14161,.T.);
#14127 = FACE_BOUND('',#14128,.T.);
#14128 = EDGE_LOOP('',(#14129,#14130,#14131,#14137,#14138,#14146,#14154,
    #14160));
#14129 = ORIENTED_EDGE('',*,*,#14116,.T.);
#14130 = ORIENTED_EDGE('',*,*,#302,.F.);
#14131 = ORIENTED_EDGE('',*,*,#14132,.F.);
#14132 = EDGE_CURVE('',#11105,#303,#14133,.T.);
#14133 = LINE('',#14134,#14135);
#14134 = CARTESIAN_POINT('',(5.483,23.,-12.917));
#14135 = VECTOR('',#14136,1.);
#14136 = DIRECTION('',(-0.,1.,0.));
#14137 = ORIENTED_EDGE('',*,*,#11104,.T.);
#14138 = ORIENTED_EDGE('',*,*,#14139,.T.);
#14139 = EDGE_CURVE('',#11097,#14140,#14142,.T.);
#14140 = VERTEX_POINT('',#14141);
#14141 = CARTESIAN_POINT('',(5.017,26.06,-12.917));
#14142 = LINE('',#14143,#14144);
#14143 = CARTESIAN_POINT('',(5.017,23.,-12.917));
#14144 = VECTOR('',#14145,1.);
#14145 = DIRECTION('',(-0.,1.,0.));
#14146 = ORIENTED_EDGE('',*,*,#14147,.F.);
#14147 = EDGE_CURVE('',#14148,#14140,#14150,.T.);
#14148 = VERTEX_POINT('',#14149);
#14149 = CARTESIAN_POINT('',(-5.017,26.06,-12.917));
#14150 = LINE('',#14151,#14152);
#14151 = CARTESIAN_POINT('',(-5.483,26.06,-12.917));
#14152 = VECTOR('',#14153,1.);
#14153 = DIRECTION('',(1.,0.,-0.));
#14154 = ORIENTED_EDGE('',*,*,#14155,.F.);
#14155 = EDGE_CURVE('',#11073,#14148,#14156,.T.);
#14156 = LINE('',#14157,#14158);
#14157 = CARTESIAN_POINT('',(-5.017,23.,-12.917));
#14158 = VECTOR('',#14159,1.);
#14159 = DIRECTION('',(-0.,1.,0.));
#14160 = ORIENTED_EDGE('',*,*,#11072,.T.);
#14161 = PLANE('',#14162);
#14162 = AXIS2_PLACEMENT_3D('',#14163,#14164,#14165);
#14163 = CARTESIAN_POINT('',(1.092334075276E-15,26.343634678454,-12.917)
  );
#14164 = DIRECTION('',(-0.,9.032372528719E-16,-1.));
#14165 = DIRECTION('',(0.,-1.,-9.032372528719E-16));
#14166 = ADVANCED_FACE('',(#14167),#14192,.T.);
#14167 = FACE_BOUND('',#14168,.T.);
#14168 = EDGE_LOOP('',(#14169,#14179,#14185,#14186));
#14169 = ORIENTED_EDGE('',*,*,#14170,.T.);
#14170 = EDGE_CURVE('',#14171,#14173,#14175,.T.);
#14171 = VERTEX_POINT('',#14172);
#14172 = CARTESIAN_POINT('',(5.017,26.06,-21.85));
#14173 = VERTEX_POINT('',#14174);
#14174 = CARTESIAN_POINT('',(-5.017,26.06,-21.85));
#14175 = LINE('',#14176,#14177);
#14176 = CARTESIAN_POINT('',(-5.25,26.06,-21.85));
#14177 = VECTOR('',#14178,1.);
#14178 = DIRECTION('',(-1.,0.,-0.));
#14179 = ORIENTED_EDGE('',*,*,#14180,.T.);
#14180 = EDGE_CURVE('',#14173,#14148,#14181,.T.);
#14181 = LINE('',#14182,#14183);
#14182 = CARTESIAN_POINT('',(-5.017,26.06,-24.483));
#14183 = VECTOR('',#14184,1.);
#14184 = DIRECTION('',(0.,0.,1.));
#14185 = ORIENTED_EDGE('',*,*,#14147,.T.);
#14186 = ORIENTED_EDGE('',*,*,#14187,.F.);
#14187 = EDGE_CURVE('',#14171,#14140,#14188,.T.);
#14188 = LINE('',#14189,#14190);
#14189 = CARTESIAN_POINT('',(5.017,26.06,-24.483));
#14190 = VECTOR('',#14191,1.);
#14191 = DIRECTION('',(0.,0.,1.));
#14192 = PLANE('',#14193);
#14193 = AXIS2_PLACEMENT_3D('',#14194,#14195,#14196);
#14194 = CARTESIAN_POINT('',(-5.483,26.06,-24.483));
#14195 = DIRECTION('',(-0.,1.,0.));
#14196 = DIRECTION('',(0.,0.,1.));
#14197 = ADVANCED_FACE('',(#14198),#14223,.F.);
#14198 = FACE_BOUND('',#14199,.F.);
#14199 = EDGE_LOOP('',(#14200,#14208,#14216,#14222));
#14200 = ORIENTED_EDGE('',*,*,#14201,.F.);
#14201 = EDGE_CURVE('',#14202,#14173,#14204,.T.);
#14202 = VERTEX_POINT('',#14203);
#14203 = CARTESIAN_POINT('',(-5.017,31.31,-21.85));
#14204 = LINE('',#14205,#14206);
#14205 = CARTESIAN_POINT('',(-5.017,31.31,-21.85));
#14206 = VECTOR('',#14207,1.);
#14207 = DIRECTION('',(2.22044604925E-16,-1.,0.));
#14208 = ORIENTED_EDGE('',*,*,#14209,.T.);
#14209 = EDGE_CURVE('',#14202,#14210,#14212,.T.);
#14210 = VERTEX_POINT('',#14211);
#14211 = CARTESIAN_POINT('',(5.017,31.31,-21.85));
#14212 = LINE('',#14213,#14214);
#14213 = CARTESIAN_POINT('',(-5.017,31.31,-21.85));
#14214 = VECTOR('',#14215,1.);
#14215 = DIRECTION('',(1.,0.,-2.22044604925E-16));
#14216 = ORIENTED_EDGE('',*,*,#14217,.T.);
#14217 = EDGE_CURVE('',#14210,#14171,#14218,.T.);
#14218 = LINE('',#14219,#14220);
#14219 = CARTESIAN_POINT('',(5.017,31.31,-21.85));
#14220 = VECTOR('',#14221,1.);
#14221 = DIRECTION('',(2.22044604925E-16,-1.,0.));
#14222 = ORIENTED_EDGE('',*,*,#14170,.T.);
#14223 = PLANE('',#14224);
#14224 = AXIS2_PLACEMENT_3D('',#14225,#14226,#14227);
#14225 = CARTESIAN_POINT('',(-5.017,31.31,-21.85));
#14226 = DIRECTION('',(0.,2.22044604925E-16,-1.));
#14227 = DIRECTION('',(2.22044604925E-16,-1.,0.));
#14228 = ADVANCED_FACE('',(#14229),#14254,.F.);
#14229 = FACE_BOUND('',#14230,.F.);
#14230 = EDGE_LOOP('',(#14231,#14241,#14247,#14248));
#14231 = ORIENTED_EDGE('',*,*,#14232,.T.);
#14232 = EDGE_CURVE('',#14233,#14235,#14237,.T.);
#14233 = VERTEX_POINT('',#14234);
#14234 = CARTESIAN_POINT('',(-5.017,31.31,-22.1));
#14235 = VERTEX_POINT('',#14236);
#14236 = CARTESIAN_POINT('',(5.017,31.31,-22.1));
#14237 = LINE('',#14238,#14239);
#14238 = CARTESIAN_POINT('',(-5.017,31.31,-22.1));
#14239 = VECTOR('',#14240,1.);
#14240 = DIRECTION('',(1.,0.,-2.22044604925E-16));
#14241 = ORIENTED_EDGE('',*,*,#14242,.T.);
#14242 = EDGE_CURVE('',#14235,#14210,#14243,.T.);
#14243 = LINE('',#14244,#14245);
#14244 = CARTESIAN_POINT('',(5.017,31.31,-22.1));
#14245 = VECTOR('',#14246,1.);
#14246 = DIRECTION('',(0.,-2.22044604925E-16,1.));
#14247 = ORIENTED_EDGE('',*,*,#14209,.F.);
#14248 = ORIENTED_EDGE('',*,*,#14249,.F.);
#14249 = EDGE_CURVE('',#14233,#14202,#14250,.T.);
#14250 = LINE('',#14251,#14252);
#14251 = CARTESIAN_POINT('',(-5.017,31.31,-22.1));
#14252 = VECTOR('',#14253,1.);
#14253 = DIRECTION('',(0.,-2.22044604925E-16,1.));
#14254 = PLANE('',#14255);
#14255 = AXIS2_PLACEMENT_3D('',#14256,#14257,#14258);
#14256 = CARTESIAN_POINT('',(-5.017,31.31,-22.1));
#14257 = DIRECTION('',(2.22044604925E-16,-1.,0.));
#14258 = DIRECTION('',(0.,-2.22044604925E-16,1.));
#14259 = ADVANCED_FACE('',(#14260),#14285,.F.);
#14260 = FACE_BOUND('',#14261,.F.);
#14261 = EDGE_LOOP('',(#14262,#14272,#14278,#14279));
#14262 = ORIENTED_EDGE('',*,*,#14263,.T.);
#14263 = EDGE_CURVE('',#14264,#14266,#14268,.T.);
#14264 = VERTEX_POINT('',#14265);
#14265 = CARTESIAN_POINT('',(-5.017,31.02,-22.6));
#14266 = VERTEX_POINT('',#14267);
#14267 = CARTESIAN_POINT('',(5.017,31.02,-22.6));
#14268 = LINE('',#14269,#14270);
#14269 = CARTESIAN_POINT('',(-5.017,31.02,-22.6));
#14270 = VECTOR('',#14271,1.);
#14271 = DIRECTION('',(1.,0.,-2.22044604925E-16));
#14272 = ORIENTED_EDGE('',*,*,#14273,.T.);
#14273 = EDGE_CURVE('',#14266,#14235,#14274,.T.);
#14274 = LINE('',#14275,#14276);
#14275 = CARTESIAN_POINT('',(5.017,31.02,-22.6));
#14276 = VECTOR('',#14277,1.);
#14277 = DIRECTION('',(-1.114037950271E-16,0.501718089772,0.865031189262
    ));
#14278 = ORIENTED_EDGE('',*,*,#14232,.F.);
#14279 = ORIENTED_EDGE('',*,*,#14280,.F.);
#14280 = EDGE_CURVE('',#14264,#14233,#14281,.T.);
#14281 = LINE('',#14282,#14283);
#14282 = CARTESIAN_POINT('',(-5.017,31.02,-22.6));
#14283 = VECTOR('',#14284,1.);
#14284 = DIRECTION('',(-1.114037950271E-16,0.501718089772,0.865031189262
    ));
#14285 = PLANE('',#14286);
#14286 = AXIS2_PLACEMENT_3D('',#14287,#14288,#14289);
#14287 = CARTESIAN_POINT('',(-5.017,31.02,-22.6));
#14288 = DIRECTION('',(1.920755086675E-16,-0.865031189262,0.501718089772
    ));
#14289 = DIRECTION('',(-1.114037950271E-16,0.501718089772,0.865031189262
    ));
#14290 = ADVANCED_FACE('',(#14291),#14316,.F.);
#14291 = FACE_BOUND('',#14292,.F.);
#14292 = EDGE_LOOP('',(#14293,#14301,#14309,#14315));
#14293 = ORIENTED_EDGE('',*,*,#14294,.F.);
#14294 = EDGE_CURVE('',#14295,#14264,#14297,.T.);
#14295 = VERTEX_POINT('',#14296);
#14296 = CARTESIAN_POINT('',(-5.017,26.06,-26.14313944223));
#14297 = LINE('',#14298,#14299);
#14298 = CARTESIAN_POINT('',(-5.017,26.,-26.186));
#14299 = VECTOR('',#14300,1.);
#14300 = DIRECTION('',(-1.806802632049E-16,0.813711566043,0.581268859727
    ));
#14301 = ORIENTED_EDGE('',*,*,#14302,.T.);
#14302 = EDGE_CURVE('',#14295,#14303,#14305,.T.);
#14303 = VERTEX_POINT('',#14304);
#14304 = CARTESIAN_POINT('',(5.017,26.06,-26.14313944223));
#14305 = LINE('',#14306,#14307);
#14306 = CARTESIAN_POINT('',(-5.017,26.06,-26.14313944223));
#14307 = VECTOR('',#14308,1.);
#14308 = DIRECTION('',(1.,0.,-1.586159269445E-16));
#14309 = ORIENTED_EDGE('',*,*,#14310,.T.);
#14310 = EDGE_CURVE('',#14303,#14266,#14311,.T.);
#14311 = LINE('',#14312,#14313);
#14312 = CARTESIAN_POINT('',(5.017,26.,-26.186));
#14313 = VECTOR('',#14314,1.);
#14314 = DIRECTION('',(-1.806802632049E-16,0.813711566043,0.581268859727
    ));
#14315 = ORIENTED_EDGE('',*,*,#14263,.F.);
#14316 = PLANE('',#14317);
#14317 = AXIS2_PLACEMENT_3D('',#14318,#14319,#14320);
#14318 = CARTESIAN_POINT('',(-5.017,26.,-26.186));
#14319 = DIRECTION('',(1.290676143133E-16,-0.581268859727,0.813711566043
    ));
#14320 = DIRECTION('',(-1.806802632049E-16,0.813711566043,0.581268859727
    ));
#14321 = ADVANCED_FACE('',(#14322),#14347,.T.);
#14322 = FACE_BOUND('',#14323,.T.);
#14323 = EDGE_LOOP('',(#14324,#14332,#14340,#14346));
#14324 = ORIENTED_EDGE('',*,*,#14325,.F.);
#14325 = EDGE_CURVE('',#14326,#14303,#14328,.T.);
#14326 = VERTEX_POINT('',#14327);
#14327 = CARTESIAN_POINT('',(5.017,26.06,-26.186));
#14328 = LINE('',#14329,#14330);
#14329 = CARTESIAN_POINT('',(5.017,26.06,-26.186));
#14330 = VECTOR('',#14331,1.);
#14331 = DIRECTION('',(0.,0.,1.));
#14332 = ORIENTED_EDGE('',*,*,#14333,.F.);
#14333 = EDGE_CURVE('',#14334,#14326,#14336,.T.);
#14334 = VERTEX_POINT('',#14335);
#14335 = CARTESIAN_POINT('',(-5.017,26.06,-26.186));
#14336 = LINE('',#14337,#14338);
#14337 = CARTESIAN_POINT('',(-5.017,26.06,-26.186));
#14338 = VECTOR('',#14339,1.);
#14339 = DIRECTION('',(1.,0.,-0.));
#14340 = ORIENTED_EDGE('',*,*,#14341,.T.);
#14341 = EDGE_CURVE('',#14334,#14295,#14342,.T.);
#14342 = LINE('',#14343,#14344);
#14343 = CARTESIAN_POINT('',(-5.017,26.06,-26.186));
#14344 = VECTOR('',#14345,1.);
#14345 = DIRECTION('',(0.,0.,1.));
#14346 = ORIENTED_EDGE('',*,*,#14302,.T.);
#14347 = PLANE('',#14348);
#14348 = AXIS2_PLACEMENT_3D('',#14349,#14350,#14351);
#14349 = CARTESIAN_POINT('',(-5.017,26.06,-26.186));
#14350 = DIRECTION('',(-0.,1.,0.));
#14351 = DIRECTION('',(0.,0.,1.));
#14352 = ADVANCED_FACE('',(#14353),#14369,.T.);
#14353 = FACE_BOUND('',#14354,.T.);
#14354 = EDGE_LOOP('',(#14355,#14356,#14357,#14358,#14359,#14360,#14361,
    #14362,#14368));
#14355 = ORIENTED_EDGE('',*,*,#14155,.T.);
#14356 = ORIENTED_EDGE('',*,*,#14180,.F.);
#14357 = ORIENTED_EDGE('',*,*,#14201,.F.);
#14358 = ORIENTED_EDGE('',*,*,#14249,.F.);
#14359 = ORIENTED_EDGE('',*,*,#14280,.F.);
#14360 = ORIENTED_EDGE('',*,*,#14294,.F.);
#14361 = ORIENTED_EDGE('',*,*,#14341,.F.);
#14362 = ORIENTED_EDGE('',*,*,#14363,.F.);
#14363 = EDGE_CURVE('',#11081,#14334,#14364,.T.);
#14364 = LINE('',#14365,#14366);
#14365 = CARTESIAN_POINT('',(-5.017,25.,-26.186));
#14366 = VECTOR('',#14367,1.);
#14367 = DIRECTION('',(-0.,1.,0.));
#14368 = ORIENTED_EDGE('',*,*,#11080,.T.);
#14369 = PLANE('',#14370);
#14370 = AXIS2_PLACEMENT_3D('',#14371,#14372,#14373);
#14371 = CARTESIAN_POINT('',(-5.017,26.551884563165,-20.22443936218));
#14372 = DIRECTION('',(-1.,-1.028054255433E-15,-0.));
#14373 = DIRECTION('',(1.028054255433E-15,-1.,0.));
#14374 = ADVANCED_FACE('',(#14375),#14391,.T.);
#14375 = FACE_BOUND('',#14376,.T.);
#14376 = EDGE_LOOP('',(#14377,#14378,#14379,#14385,#14386,#14387,#14388,
    #14389,#14390));
#14377 = ORIENTED_EDGE('',*,*,#14139,.F.);
#14378 = ORIENTED_EDGE('',*,*,#11096,.F.);
#14379 = ORIENTED_EDGE('',*,*,#14380,.T.);
#14380 = EDGE_CURVE('',#11089,#14326,#14381,.T.);
#14381 = LINE('',#14382,#14383);
#14382 = CARTESIAN_POINT('',(5.017,25.,-26.186));
#14383 = VECTOR('',#14384,1.);
#14384 = DIRECTION('',(-0.,1.,0.));
#14385 = ORIENTED_EDGE('',*,*,#14325,.T.);
#14386 = ORIENTED_EDGE('',*,*,#14310,.T.);
#14387 = ORIENTED_EDGE('',*,*,#14273,.T.);
#14388 = ORIENTED_EDGE('',*,*,#14242,.T.);
#14389 = ORIENTED_EDGE('',*,*,#14217,.T.);
#14390 = ORIENTED_EDGE('',*,*,#14187,.T.);
#14391 = PLANE('',#14392);
#14392 = AXIS2_PLACEMENT_3D('',#14393,#14394,#14395);
#14393 = CARTESIAN_POINT('',(5.017,26.551884563165,-20.22443936218));
#14394 = DIRECTION('',(1.,7.665920537256E-16,0.));
#14395 = DIRECTION('',(-7.665920537256E-16,1.,0.));
#14396 = ADVANCED_FACE('',(#14397),#14403,.F.);
#14397 = FACE_BOUND('',#14398,.T.);
#14398 = EDGE_LOOP('',(#14399,#14400,#14401,#14402));
#14399 = ORIENTED_EDGE('',*,*,#14132,.T.);
#14400 = ORIENTED_EDGE('',*,*,#310,.F.);
#14401 = ORIENTED_EDGE('',*,*,#3107,.T.);
#14402 = ORIENTED_EDGE('',*,*,#11112,.T.);
#14403 = PLANE('',#14404);
#14404 = AXIS2_PLACEMENT_3D('',#14405,#14406,#14407);
#14405 = CARTESIAN_POINT('',(5.483,23.,-24.483));
#14406 = DIRECTION('',(1.,0.,-0.));
#14407 = DIRECTION('',(0.,0.,1.));
#14408 = ADVANCED_FACE('',(#14409),#14437,.T.);
#14409 = FACE_BOUND('',#14410,.T.);
#14410 = EDGE_LOOP('',(#14411,#14412,#14413,#14414,#14415,#14416,#14417,
    #14418,#14419,#14420,#14421,#14422,#14423,#14424,#14425,#14426,
    #14427,#14428,#14429,#14430,#14431,#14432,#14433,#14434,#14435,
    #14436));
#14411 = ORIENTED_EDGE('',*,*,#11127,.F.);
#14412 = ORIENTED_EDGE('',*,*,#3490,.T.);
#14413 = ORIENTED_EDGE('',*,*,#390,.T.);
#14414 = ORIENTED_EDGE('',*,*,#5006,.F.);
#14415 = ORIENTED_EDGE('',*,*,#9974,.F.);
#14416 = ORIENTED_EDGE('',*,*,#10005,.F.);
#14417 = ORIENTED_EDGE('',*,*,#10036,.F.);
#14418 = ORIENTED_EDGE('',*,*,#10067,.F.);
#14419 = ORIENTED_EDGE('',*,*,#10098,.F.);
#14420 = ORIENTED_EDGE('',*,*,#10160,.F.);
#14421 = ORIENTED_EDGE('',*,*,#10222,.F.);
#14422 = ORIENTED_EDGE('',*,*,#10284,.F.);
#14423 = ORIENTED_EDGE('',*,*,#10346,.F.);
#14424 = ORIENTED_EDGE('',*,*,#10408,.F.);
#14425 = ORIENTED_EDGE('',*,*,#10470,.F.);
#14426 = ORIENTED_EDGE('',*,*,#10523,.F.);
#14427 = ORIENTED_EDGE('',*,*,#10492,.F.);
#14428 = ORIENTED_EDGE('',*,*,#10430,.F.);
#14429 = ORIENTED_EDGE('',*,*,#10368,.F.);
#14430 = ORIENTED_EDGE('',*,*,#10306,.F.);
#14431 = ORIENTED_EDGE('',*,*,#10244,.F.);
#14432 = ORIENTED_EDGE('',*,*,#10182,.F.);
#14433 = ORIENTED_EDGE('',*,*,#10120,.F.);
#14434 = ORIENTED_EDGE('',*,*,#5030,.F.);
#14435 = ORIENTED_EDGE('',*,*,#486,.T.);
#14436 = ORIENTED_EDGE('',*,*,#3560,.F.);
#14437 = PLANE('',#14438);
#14438 = AXIS2_PLACEMENT_3D('',#14439,#14440,#14441);
#14439 = CARTESIAN_POINT('',(21.383,28.950458781569,9.420289666059));
#14440 = DIRECTION('',(1.,5.957221569805E-16,5.17506558401E-16));
#14441 = DIRECTION('',(-5.957221569805E-16,1.,0.));
#14442 = ADVANCED_FACE('',(#14443,#14475,#14509),#14543,.T.);
#14443 = FACE_BOUND('',#14444,.T.);
#14444 = EDGE_LOOP('',(#14445,#14446,#14447,#14448,#14449,#14450,#14451,
    #14452,#14453,#14454,#14455,#14456,#14457,#14458,#14459,#14460,
    #14461,#14462,#14463,#14464,#14465,#14466,#14467,#14468,#14469,
    #14470,#14471,#14472,#14473,#14474));
#14445 = ORIENTED_EDGE('',*,*,#4479,.F.);
#14446 = ORIENTED_EDGE('',*,*,#11340,.F.);
#14447 = ORIENTED_EDGE('',*,*,#4424,.T.);
#14448 = ORIENTED_EDGE('',*,*,#182,.T.);
#14449 = ORIENTED_EDGE('',*,*,#4558,.F.);
#14450 = ORIENTED_EDGE('',*,*,#11351,.F.);
#14451 = ORIENTED_EDGE('',*,*,#4503,.T.);
#14452 = ORIENTED_EDGE('',*,*,#214,.T.);
#14453 = ORIENTED_EDGE('',*,*,#4975,.F.);
#14454 = ORIENTED_EDGE('',*,*,#9425,.F.);
#14455 = ORIENTED_EDGE('',*,*,#9456,.F.);
#14456 = ORIENTED_EDGE('',*,*,#9487,.F.);
#14457 = ORIENTED_EDGE('',*,*,#9518,.F.);
#14458 = ORIENTED_EDGE('',*,*,#9549,.F.);
#14459 = ORIENTED_EDGE('',*,*,#9580,.F.);
#14460 = ORIENTED_EDGE('',*,*,#9642,.F.);
#14461 = ORIENTED_EDGE('',*,*,#9704,.F.);
#14462 = ORIENTED_EDGE('',*,*,#9766,.F.);
#14463 = ORIENTED_EDGE('',*,*,#9828,.F.);
#14464 = ORIENTED_EDGE('',*,*,#9890,.F.);
#14465 = ORIENTED_EDGE('',*,*,#9943,.F.);
#14466 = ORIENTED_EDGE('',*,*,#9912,.F.);
#14467 = ORIENTED_EDGE('',*,*,#9850,.F.);
#14468 = ORIENTED_EDGE('',*,*,#9788,.F.);
#14469 = ORIENTED_EDGE('',*,*,#9726,.F.);
#14470 = ORIENTED_EDGE('',*,*,#9664,.F.);
#14471 = ORIENTED_EDGE('',*,*,#9602,.F.);
#14472 = ORIENTED_EDGE('',*,*,#9385,.F.);
#14473 = ORIENTED_EDGE('',*,*,#4937,.F.);
#14474 = ORIENTED_EDGE('',*,*,#150,.T.);
#14475 = FACE_BOUND('',#14476,.T.);
#14476 = EDGE_LOOP('',(#14477,#14487,#14495,#14503));
#14477 = ORIENTED_EDGE('',*,*,#14478,.T.);
#14478 = EDGE_CURVE('',#14479,#14481,#14483,.T.);
#14479 = VERTEX_POINT('',#14480);
#14480 = CARTESIAN_POINT('',(-19.383,31.3,-9.922));
#14481 = VERTEX_POINT('',#14482);
#14482 = CARTESIAN_POINT('',(-19.383,32.8,-9.922));
#14483 = LINE('',#14484,#14485);
#14484 = CARTESIAN_POINT('',(-19.383,31.087792038851,-9.922));
#14485 = VECTOR('',#14486,1.);
#14486 = DIRECTION('',(0.,1.,-0.));
#14487 = ORIENTED_EDGE('',*,*,#14488,.T.);
#14488 = EDGE_CURVE('',#14481,#14489,#14491,.T.);
#14489 = VERTEX_POINT('',#14490);
#14490 = CARTESIAN_POINT('',(-19.383,32.8,-16.678));
#14491 = LINE('',#14492,#14493);
#14492 = CARTESIAN_POINT('',(-19.383,32.8,-5.814));
#14493 = VECTOR('',#14494,1.);
#14494 = DIRECTION('',(-2.22044604925E-16,0.,-1.));
#14495 = ORIENTED_EDGE('',*,*,#14496,.F.);
#14496 = EDGE_CURVE('',#14497,#14489,#14499,.T.);
#14497 = VERTEX_POINT('',#14498);
#14498 = CARTESIAN_POINT('',(-19.383,31.3,-16.678));
#14499 = LINE('',#14500,#14501);
#14500 = CARTESIAN_POINT('',(-19.383,31.087792038851,-16.678));
#14501 = VECTOR('',#14502,1.);
#14502 = DIRECTION('',(0.,1.,-0.));
#14503 = ORIENTED_EDGE('',*,*,#14504,.F.);
#14504 = EDGE_CURVE('',#14479,#14497,#14505,.T.);
#14505 = LINE('',#14506,#14507);
#14506 = CARTESIAN_POINT('',(-19.383,31.3,-5.814));
#14507 = VECTOR('',#14508,1.);
#14508 = DIRECTION('',(-2.22044604925E-16,0.,-1.));
#14509 = FACE_BOUND('',#14510,.T.);
#14510 = EDGE_LOOP('',(#14511,#14521,#14529,#14537));
#14511 = ORIENTED_EDGE('',*,*,#14512,.T.);
#14512 = EDGE_CURVE('',#14513,#14515,#14517,.T.);
#14513 = VERTEX_POINT('',#14514);
#14514 = CARTESIAN_POINT('',(-19.383,31.3,26.778));
#14515 = VERTEX_POINT('',#14516);
#14516 = CARTESIAN_POINT('',(-19.383,32.8,26.778));
#14517 = LINE('',#14518,#14519);
#14518 = CARTESIAN_POINT('',(-19.383,31.087792038851,26.778));
#14519 = VECTOR('',#14520,1.);
#14520 = DIRECTION('',(0.,1.,-0.));
#14521 = ORIENTED_EDGE('',*,*,#14522,.T.);
#14522 = EDGE_CURVE('',#14515,#14523,#14525,.T.);
#14523 = VERTEX_POINT('',#14524);
#14524 = CARTESIAN_POINT('',(-19.383,32.8,20.022));
#14525 = LINE('',#14526,#14527);
#14526 = CARTESIAN_POINT('',(-19.383,32.8,12.536));
#14527 = VECTOR('',#14528,1.);
#14528 = DIRECTION('',(-2.22044604925E-16,0.,-1.));
#14529 = ORIENTED_EDGE('',*,*,#14530,.F.);
#14530 = EDGE_CURVE('',#14531,#14523,#14533,.T.);
#14531 = VERTEX_POINT('',#14532);
#14532 = CARTESIAN_POINT('',(-19.383,31.3,20.022));
#14533 = LINE('',#14534,#14535);
#14534 = CARTESIAN_POINT('',(-19.383,31.087792038851,20.022));
#14535 = VECTOR('',#14536,1.);
#14536 = DIRECTION('',(0.,1.,-0.));
#14537 = ORIENTED_EDGE('',*,*,#14538,.F.);
#14538 = EDGE_CURVE('',#14513,#14531,#14539,.T.);
#14539 = LINE('',#14540,#14541);
#14540 = CARTESIAN_POINT('',(-19.383,31.3,12.536));
#14541 = VECTOR('',#14542,1.);
#14542 = DIRECTION('',(-2.22044604925E-16,0.,-1.));
#14543 = PLANE('',#14544);
#14544 = AXIS2_PLACEMENT_3D('',#14545,#14546,#14547);
#14545 = CARTESIAN_POINT('',(-19.383,30.301204939884,5.05));
#14546 = DIRECTION('',(1.,4.85361765408E-16,0.));
#14547 = DIRECTION('',(-4.85361765408E-16,1.,0.));
#14548 = ADVANCED_FACE('',(#14549),#14574,.T.);
#14549 = FACE_BOUND('',#14550,.T.);
#14550 = EDGE_LOOP('',(#14551,#14559,#14560,#14568));
#14551 = ORIENTED_EDGE('',*,*,#14552,.F.);
#14552 = EDGE_CURVE('',#14481,#14553,#14555,.T.);
#14553 = VERTEX_POINT('',#14554);
#14554 = CARTESIAN_POINT('',(-17.487,32.8,-9.922));
#14555 = LINE('',#14556,#14557);
#14556 = CARTESIAN_POINT('',(-19.483,32.8,-9.922));
#14557 = VECTOR('',#14558,1.);
#14558 = DIRECTION('',(1.,0.,-0.));
#14559 = ORIENTED_EDGE('',*,*,#14478,.F.);
#14560 = ORIENTED_EDGE('',*,*,#14561,.T.);
#14561 = EDGE_CURVE('',#14479,#14562,#14564,.T.);
#14562 = VERTEX_POINT('',#14563);
#14563 = CARTESIAN_POINT('',(-17.487,31.3,-9.922));
#14564 = LINE('',#14565,#14566);
#14565 = CARTESIAN_POINT('',(-19.483,31.3,-9.922));
#14566 = VECTOR('',#14567,1.);
#14567 = DIRECTION('',(1.,0.,-0.));
#14568 = ORIENTED_EDGE('',*,*,#14569,.T.);
#14569 = EDGE_CURVE('',#14562,#14553,#14570,.T.);
#14570 = LINE('',#14571,#14572);
#14571 = CARTESIAN_POINT('',(-17.487,31.3,-9.922));
#14572 = VECTOR('',#14573,1.);
#14573 = DIRECTION('',(-0.,1.,0.));
#14574 = PLANE('',#14575);
#14575 = AXIS2_PLACEMENT_3D('',#14576,#14577,#14578);
#14576 = CARTESIAN_POINT('',(-19.483,31.3,-9.922));
#14577 = DIRECTION('',(0.,0.,1.));
#14578 = DIRECTION('',(1.,0.,-0.));
#14579 = ADVANCED_FACE('',(#14580),#14598,.F.);
#14580 = FACE_BOUND('',#14581,.F.);
#14581 = EDGE_LOOP('',(#14582,#14590,#14591,#14592));
#14582 = ORIENTED_EDGE('',*,*,#14583,.F.);
#14583 = EDGE_CURVE('',#14497,#14584,#14586,.T.);
#14584 = VERTEX_POINT('',#14585);
#14585 = CARTESIAN_POINT('',(-17.487,31.3,-16.678));
#14586 = LINE('',#14587,#14588);
#14587 = CARTESIAN_POINT('',(-19.483,31.3,-16.678));
#14588 = VECTOR('',#14589,1.);
#14589 = DIRECTION('',(1.,0.,-0.));
#14590 = ORIENTED_EDGE('',*,*,#14504,.F.);
#14591 = ORIENTED_EDGE('',*,*,#14561,.T.);
#14592 = ORIENTED_EDGE('',*,*,#14593,.F.);
#14593 = EDGE_CURVE('',#14584,#14562,#14594,.T.);
#14594 = LINE('',#14595,#14596);
#14595 = CARTESIAN_POINT('',(-17.487,31.3,-16.678));
#14596 = VECTOR('',#14597,1.);
#14597 = DIRECTION('',(0.,0.,1.));
#14598 = PLANE('',#14599);
#14599 = AXIS2_PLACEMENT_3D('',#14600,#14601,#14602);
#14600 = CARTESIAN_POINT('',(-19.483,31.3,-16.678));
#14601 = DIRECTION('',(-0.,1.,0.));
#14602 = DIRECTION('',(0.,0.,1.));
#14603 = ADVANCED_FACE('',(#14604),#14622,.T.);
#14604 = FACE_BOUND('',#14605,.T.);
#14605 = EDGE_LOOP('',(#14606,#14614,#14615,#14616));
#14606 = ORIENTED_EDGE('',*,*,#14607,.F.);
#14607 = EDGE_CURVE('',#14489,#14608,#14610,.T.);
#14608 = VERTEX_POINT('',#14609);
#14609 = CARTESIAN_POINT('',(-17.487,32.8,-16.678));
#14610 = LINE('',#14611,#14612);
#14611 = CARTESIAN_POINT('',(-19.483,32.8,-16.678));
#14612 = VECTOR('',#14613,1.);
#14613 = DIRECTION('',(1.,0.,-0.));
#14614 = ORIENTED_EDGE('',*,*,#14488,.F.);
#14615 = ORIENTED_EDGE('',*,*,#14552,.T.);
#14616 = ORIENTED_EDGE('',*,*,#14617,.F.);
#14617 = EDGE_CURVE('',#14608,#14553,#14618,.T.);
#14618 = LINE('',#14619,#14620);
#14619 = CARTESIAN_POINT('',(-17.487,32.8,-16.678));
#14620 = VECTOR('',#14621,1.);
#14621 = DIRECTION('',(0.,0.,1.));
#14622 = PLANE('',#14623);
#14623 = AXIS2_PLACEMENT_3D('',#14624,#14625,#14626);
#14624 = CARTESIAN_POINT('',(-19.483,32.8,-16.678));
#14625 = DIRECTION('',(-0.,1.,0.));
#14626 = DIRECTION('',(0.,0.,1.));
#14627 = ADVANCED_FACE('',(#14628),#14639,.F.);
#14628 = FACE_BOUND('',#14629,.F.);
#14629 = EDGE_LOOP('',(#14630,#14631,#14632,#14633));
#14630 = ORIENTED_EDGE('',*,*,#14607,.F.);
#14631 = ORIENTED_EDGE('',*,*,#14496,.F.);
#14632 = ORIENTED_EDGE('',*,*,#14583,.T.);
#14633 = ORIENTED_EDGE('',*,*,#14634,.T.);
#14634 = EDGE_CURVE('',#14584,#14608,#14635,.T.);
#14635 = LINE('',#14636,#14637);
#14636 = CARTESIAN_POINT('',(-17.487,31.3,-16.678));
#14637 = VECTOR('',#14638,1.);
#14638 = DIRECTION('',(-0.,1.,0.));
#14639 = PLANE('',#14640);
#14640 = AXIS2_PLACEMENT_3D('',#14641,#14642,#14643);
#14641 = CARTESIAN_POINT('',(-19.483,31.3,-16.678));
#14642 = DIRECTION('',(0.,0.,1.));
#14643 = DIRECTION('',(1.,0.,-0.));
#14644 = ADVANCED_FACE('',(#14645),#14651,.T.);
#14645 = FACE_BOUND('',#14646,.T.);
#14646 = EDGE_LOOP('',(#14647,#14648,#14649,#14650));
#14647 = ORIENTED_EDGE('',*,*,#14593,.F.);
#14648 = ORIENTED_EDGE('',*,*,#14634,.T.);
#14649 = ORIENTED_EDGE('',*,*,#14617,.T.);
#14650 = ORIENTED_EDGE('',*,*,#14569,.F.);
#14651 = PLANE('',#14652);
#14652 = AXIS2_PLACEMENT_3D('',#14653,#14654,#14655);
#14653 = CARTESIAN_POINT('',(-17.487,31.3,-16.678));
#14654 = DIRECTION('',(1.,0.,-0.));
#14655 = DIRECTION('',(0.,0.,1.));
#14656 = ADVANCED_FACE('',(#14657),#14682,.T.);
#14657 = FACE_BOUND('',#14658,.T.);
#14658 = EDGE_LOOP('',(#14659,#14667,#14668,#14676));
#14659 = ORIENTED_EDGE('',*,*,#14660,.F.);
#14660 = EDGE_CURVE('',#14515,#14661,#14663,.T.);
#14661 = VERTEX_POINT('',#14662);
#14662 = CARTESIAN_POINT('',(-17.487,32.8,26.778));
#14663 = LINE('',#14664,#14665);
#14664 = CARTESIAN_POINT('',(-19.483,32.8,26.778));
#14665 = VECTOR('',#14666,1.);
#14666 = DIRECTION('',(1.,0.,-0.));
#14667 = ORIENTED_EDGE('',*,*,#14512,.F.);
#14668 = ORIENTED_EDGE('',*,*,#14669,.T.);
#14669 = EDGE_CURVE('',#14513,#14670,#14672,.T.);
#14670 = VERTEX_POINT('',#14671);
#14671 = CARTESIAN_POINT('',(-17.487,31.3,26.778));
#14672 = LINE('',#14673,#14674);
#14673 = CARTESIAN_POINT('',(-19.483,31.3,26.778));
#14674 = VECTOR('',#14675,1.);
#14675 = DIRECTION('',(1.,0.,-0.));
#14676 = ORIENTED_EDGE('',*,*,#14677,.T.);
#14677 = EDGE_CURVE('',#14670,#14661,#14678,.T.);
#14678 = LINE('',#14679,#14680);
#14679 = CARTESIAN_POINT('',(-17.487,31.3,26.778));
#14680 = VECTOR('',#14681,1.);
#14681 = DIRECTION('',(-0.,1.,0.));
#14682 = PLANE('',#14683);
#14683 = AXIS2_PLACEMENT_3D('',#14684,#14685,#14686);
#14684 = CARTESIAN_POINT('',(-19.483,31.3,26.778));
#14685 = DIRECTION('',(0.,0.,1.));
#14686 = DIRECTION('',(1.,0.,-0.));
#14687 = ADVANCED_FACE('',(#14688),#14706,.T.);
#14688 = FACE_BOUND('',#14689,.T.);
#14689 = EDGE_LOOP('',(#14690,#14698,#14699,#14700));
#14690 = ORIENTED_EDGE('',*,*,#14691,.F.);
#14691 = EDGE_CURVE('',#14523,#14692,#14694,.T.);
#14692 = VERTEX_POINT('',#14693);
#14693 = CARTESIAN_POINT('',(-17.487,32.8,20.022));
#14694 = LINE('',#14695,#14696);
#14695 = CARTESIAN_POINT('',(-19.483,32.8,20.022));
#14696 = VECTOR('',#14697,1.);
#14697 = DIRECTION('',(1.,0.,-0.));
#14698 = ORIENTED_EDGE('',*,*,#14522,.F.);
#14699 = ORIENTED_EDGE('',*,*,#14660,.T.);
#14700 = ORIENTED_EDGE('',*,*,#14701,.F.);
#14701 = EDGE_CURVE('',#14692,#14661,#14702,.T.);
#14702 = LINE('',#14703,#14704);
#14703 = CARTESIAN_POINT('',(-17.487,32.8,20.022));
#14704 = VECTOR('',#14705,1.);
#14705 = DIRECTION('',(0.,0.,1.));
#14706 = PLANE('',#14707);
#14707 = AXIS2_PLACEMENT_3D('',#14708,#14709,#14710);
#14708 = CARTESIAN_POINT('',(-19.483,32.8,20.022));
#14709 = DIRECTION('',(-0.,1.,0.));
#14710 = DIRECTION('',(0.,0.,1.));
#14711 = ADVANCED_FACE('',(#14712),#14730,.F.);
#14712 = FACE_BOUND('',#14713,.F.);
#14713 = EDGE_LOOP('',(#14714,#14715,#14716,#14724));
#14714 = ORIENTED_EDGE('',*,*,#14691,.F.);
#14715 = ORIENTED_EDGE('',*,*,#14530,.F.);
#14716 = ORIENTED_EDGE('',*,*,#14717,.T.);
#14717 = EDGE_CURVE('',#14531,#14718,#14720,.T.);
#14718 = VERTEX_POINT('',#14719);
#14719 = CARTESIAN_POINT('',(-17.487,31.3,20.022));
#14720 = LINE('',#14721,#14722);
#14721 = CARTESIAN_POINT('',(-19.483,31.3,20.022));
#14722 = VECTOR('',#14723,1.);
#14723 = DIRECTION('',(1.,0.,-0.));
#14724 = ORIENTED_EDGE('',*,*,#14725,.T.);
#14725 = EDGE_CURVE('',#14718,#14692,#14726,.T.);
#14726 = LINE('',#14727,#14728);
#14727 = CARTESIAN_POINT('',(-17.487,31.3,20.022));
#14728 = VECTOR('',#14729,1.);
#14729 = DIRECTION('',(-0.,1.,0.));
#14730 = PLANE('',#14731);
#14731 = AXIS2_PLACEMENT_3D('',#14732,#14733,#14734);
#14732 = CARTESIAN_POINT('',(-19.483,31.3,20.022));
#14733 = DIRECTION('',(0.,0.,1.));
#14734 = DIRECTION('',(1.,0.,-0.));
#14735 = ADVANCED_FACE('',(#14736),#14747,.F.);
#14736 = FACE_BOUND('',#14737,.F.);
#14737 = EDGE_LOOP('',(#14738,#14739,#14740,#14741));
#14738 = ORIENTED_EDGE('',*,*,#14717,.F.);
#14739 = ORIENTED_EDGE('',*,*,#14538,.F.);
#14740 = ORIENTED_EDGE('',*,*,#14669,.T.);
#14741 = ORIENTED_EDGE('',*,*,#14742,.F.);
#14742 = EDGE_CURVE('',#14718,#14670,#14743,.T.);
#14743 = LINE('',#14744,#14745);
#14744 = CARTESIAN_POINT('',(-17.487,31.3,20.022));
#14745 = VECTOR('',#14746,1.);
#14746 = DIRECTION('',(0.,0.,1.));
#14747 = PLANE('',#14748);
#14748 = AXIS2_PLACEMENT_3D('',#14749,#14750,#14751);
#14749 = CARTESIAN_POINT('',(-19.483,31.3,20.022));
#14750 = DIRECTION('',(-0.,1.,0.));
#14751 = DIRECTION('',(0.,0.,1.));
#14752 = ADVANCED_FACE('',(#14753),#14759,.T.);
#14753 = FACE_BOUND('',#14754,.T.);
#14754 = EDGE_LOOP('',(#14755,#14756,#14757,#14758));
#14755 = ORIENTED_EDGE('',*,*,#14742,.F.);
#14756 = ORIENTED_EDGE('',*,*,#14725,.T.);
#14757 = ORIENTED_EDGE('',*,*,#14701,.T.);
#14758 = ORIENTED_EDGE('',*,*,#14677,.F.);
#14759 = PLANE('',#14760);
#14760 = AXIS2_PLACEMENT_3D('',#14761,#14762,#14763);
#14761 = CARTESIAN_POINT('',(-17.487,31.3,20.022));
#14762 = DIRECTION('',(1.,0.,-0.));
#14763 = DIRECTION('',(0.,0.,1.));
#14764 = ADVANCED_FACE('',(#14765),#14773,.T.);
#14765 = FACE_BOUND('',#14766,.T.);
#14766 = EDGE_LOOP('',(#14767,#14768,#14769,#14770,#14771,#14772));
#14767 = ORIENTED_EDGE('',*,*,#11259,.T.);
#14768 = ORIENTED_EDGE('',*,*,#11769,.F.);
#14769 = ORIENTED_EDGE('',*,*,#12152,.F.);
#14770 = ORIENTED_EDGE('',*,*,#11809,.F.);
#14771 = ORIENTED_EDGE('',*,*,#11738,.F.);
#14772 = ORIENTED_EDGE('',*,*,#11686,.T.);
#14773 = PLANE('',#14774);
#14774 = AXIS2_PLACEMENT_3D('',#14775,#14776,#14777);
#14775 = CARTESIAN_POINT('',(12.45,22.232407407407,42.557592592593));
#14776 = DIRECTION('',(1.,0.,0.));
#14777 = DIRECTION('',(-0.,0.,1.));
#14778 = ADVANCED_FACE('',(#14779),#14787,.T.);
#14779 = FACE_BOUND('',#14780,.T.);
#14780 = EDGE_LOOP('',(#14781,#14782,#14783,#14784,#14785,#14786));
#14781 = ORIENTED_EDGE('',*,*,#12758,.T.);
#14782 = ORIENTED_EDGE('',*,*,#13907,.F.);
#14783 = ORIENTED_EDGE('',*,*,#12709,.T.);
#14784 = ORIENTED_EDGE('',*,*,#11277,.F.);
#14785 = ORIENTED_EDGE('',*,*,#13361,.F.);
#14786 = ORIENTED_EDGE('',*,*,#13114,.F.);
#14787 = PLANE('',#14788);
#14788 = AXIS2_PLACEMENT_3D('',#14789,#14790,#14791);
#14789 = CARTESIAN_POINT('',(12.45,22.232407407407,14.442407407407));
#14790 = DIRECTION('',(1.,0.,0.));
#14791 = DIRECTION('',(-0.,0.,1.));
#14792 = ADVANCED_FACE('',(#14793),#14801,.T.);
#14793 = FACE_BOUND('',#14794,.T.);
#14794 = EDGE_LOOP('',(#14795,#14796,#14797,#14798,#14799,#14800));
#14795 = ORIENTED_EDGE('',*,*,#11446,.T.);
#14796 = ORIENTED_EDGE('',*,*,#12166,.T.);
#14797 = ORIENTED_EDGE('',*,*,#11841,.F.);
#14798 = ORIENTED_EDGE('',*,*,#12677,.T.);
#14799 = ORIENTED_EDGE('',*,*,#12125,.T.);
#14800 = ORIENTED_EDGE('',*,*,#11211,.F.);
#14801 = PLANE('',#14802);
#14802 = AXIS2_PLACEMENT_3D('',#14803,#14804,#14805);
#14803 = CARTESIAN_POINT('',(-12.45,22.232407407407,42.557592592593));
#14804 = DIRECTION('',(-1.,-0.,-0.));
#14805 = DIRECTION('',(0.,0.,-1.));
#14806 = ADVANCED_FACE('',(#14807),#14815,.T.);
#14807 = FACE_BOUND('',#14808,.T.);
#14808 = EDGE_LOOP('',(#14809,#14810,#14811,#14812,#14813,#14814));
#14809 = ORIENTED_EDGE('',*,*,#12790,.T.);
#14810 = ORIENTED_EDGE('',*,*,#13397,.T.);
#14811 = ORIENTED_EDGE('',*,*,#13130,.F.);
#14812 = ORIENTED_EDGE('',*,*,#11325,.F.);
#14813 = ORIENTED_EDGE('',*,*,#13050,.F.);
#14814 = ORIENTED_EDGE('',*,*,#13926,.T.);
#14815 = PLANE('',#14816);
#14816 = AXIS2_PLACEMENT_3D('',#14817,#14818,#14819);
#14817 = CARTESIAN_POINT('',(-12.45,22.232407407407,14.442407407407));
#14818 = DIRECTION('',(-1.,-0.,-0.));
#14819 = DIRECTION('',(0.,0.,-1.));
#14820 = ADVANCED_FACE('',(#14821,#14853,#14887),#14921,.T.);
#14821 = FACE_BOUND('',#14822,.T.);
#14822 = EDGE_LOOP('',(#14823,#14824,#14825,#14826,#14827,#14828,#14829,
    #14830,#14831,#14832,#14833,#14834,#14835,#14836,#14837,#14838,
    #14839,#14840,#14841,#14842,#14843,#14844,#14845,#14846,#14847,
    #14848,#14849,#14850,#14851,#14852));
#14823 = ORIENTED_EDGE('',*,*,#4646,.T.);
#14824 = ORIENTED_EDGE('',*,*,#470,.F.);
#14825 = ORIENTED_EDGE('',*,*,#5021,.T.);
#14826 = ORIENTED_EDGE('',*,*,#10136,.T.);
#14827 = ORIENTED_EDGE('',*,*,#10198,.T.);
#14828 = ORIENTED_EDGE('',*,*,#10260,.T.);
#14829 = ORIENTED_EDGE('',*,*,#10322,.T.);
#14830 = ORIENTED_EDGE('',*,*,#10384,.T.);
#14831 = ORIENTED_EDGE('',*,*,#10446,.T.);
#14832 = ORIENTED_EDGE('',*,*,#10508,.T.);
#14833 = ORIENTED_EDGE('',*,*,#10530,.T.);
#14834 = ORIENTED_EDGE('',*,*,#10477,.T.);
#14835 = ORIENTED_EDGE('',*,*,#10415,.T.);
#14836 = ORIENTED_EDGE('',*,*,#10353,.T.);
#14837 = ORIENTED_EDGE('',*,*,#10291,.T.);
#14838 = ORIENTED_EDGE('',*,*,#10229,.T.);
#14839 = ORIENTED_EDGE('',*,*,#10167,.T.);
#14840 = ORIENTED_EDGE('',*,*,#10105,.T.);
#14841 = ORIENTED_EDGE('',*,*,#10074,.T.);
#14842 = ORIENTED_EDGE('',*,*,#10043,.T.);
#14843 = ORIENTED_EDGE('',*,*,#10012,.T.);
#14844 = ORIENTED_EDGE('',*,*,#9981,.T.);
#14845 = ORIENTED_EDGE('',*,*,#4990,.T.);
#14846 = ORIENTED_EDGE('',*,*,#406,.F.);
#14847 = ORIENTED_EDGE('',*,*,#4865,.F.);
#14848 = ORIENTED_EDGE('',*,*,#11375,.T.);
#14849 = ORIENTED_EDGE('',*,*,#4913,.T.);
#14850 = ORIENTED_EDGE('',*,*,#438,.F.);
#14851 = ORIENTED_EDGE('',*,*,#4598,.F.);
#14852 = ORIENTED_EDGE('',*,*,#11364,.T.);
#14853 = FACE_BOUND('',#14854,.T.);
#14854 = EDGE_LOOP('',(#14855,#14865,#14873,#14881));
#14855 = ORIENTED_EDGE('',*,*,#14856,.F.);
#14856 = EDGE_CURVE('',#14857,#14859,#14861,.T.);
#14857 = VERTEX_POINT('',#14858);
#14858 = CARTESIAN_POINT('',(19.383,31.3,-9.922));
#14859 = VERTEX_POINT('',#14860);
#14860 = CARTESIAN_POINT('',(19.383,32.8,-9.922));
#14861 = LINE('',#14862,#14863);
#14862 = CARTESIAN_POINT('',(19.383,31.087792038851,-9.922));
#14863 = VECTOR('',#14864,1.);
#14864 = DIRECTION('',(0.,1.,-0.));
#14865 = ORIENTED_EDGE('',*,*,#14866,.T.);
#14866 = EDGE_CURVE('',#14857,#14867,#14869,.T.);
#14867 = VERTEX_POINT('',#14868);
#14868 = CARTESIAN_POINT('',(19.383,31.3,-16.678));
#14869 = LINE('',#14870,#14871);
#14870 = CARTESIAN_POINT('',(19.383,31.3,-5.814));
#14871 = VECTOR('',#14872,1.);
#14872 = DIRECTION('',(-2.22044604925E-16,0.,-1.));
#14873 = ORIENTED_EDGE('',*,*,#14874,.T.);
#14874 = EDGE_CURVE('',#14867,#14875,#14877,.T.);
#14875 = VERTEX_POINT('',#14876);
#14876 = CARTESIAN_POINT('',(19.383,32.8,-16.678));
#14877 = LINE('',#14878,#14879);
#14878 = CARTESIAN_POINT('',(19.383,31.087792038851,-16.678));
#14879 = VECTOR('',#14880,1.);
#14880 = DIRECTION('',(0.,1.,-0.));
#14881 = ORIENTED_EDGE('',*,*,#14882,.F.);
#14882 = EDGE_CURVE('',#14859,#14875,#14883,.T.);
#14883 = LINE('',#14884,#14885);
#14884 = CARTESIAN_POINT('',(19.383,32.8,-5.814));
#14885 = VECTOR('',#14886,1.);
#14886 = DIRECTION('',(-2.22044604925E-16,0.,-1.));
#14887 = FACE_BOUND('',#14888,.T.);
#14888 = EDGE_LOOP('',(#14889,#14899,#14907,#14915));
#14889 = ORIENTED_EDGE('',*,*,#14890,.F.);
#14890 = EDGE_CURVE('',#14891,#14893,#14895,.T.);
#14891 = VERTEX_POINT('',#14892);
#14892 = CARTESIAN_POINT('',(19.383,31.3,26.778));
#14893 = VERTEX_POINT('',#14894);
#14894 = CARTESIAN_POINT('',(19.383,32.8,26.778));
#14895 = LINE('',#14896,#14897);
#14896 = CARTESIAN_POINT('',(19.383,31.087792038851,26.778));
#14897 = VECTOR('',#14898,1.);
#14898 = DIRECTION('',(0.,1.,-0.));
#14899 = ORIENTED_EDGE('',*,*,#14900,.T.);
#14900 = EDGE_CURVE('',#14891,#14901,#14903,.T.);
#14901 = VERTEX_POINT('',#14902);
#14902 = CARTESIAN_POINT('',(19.383,31.3,20.022));
#14903 = LINE('',#14904,#14905);
#14904 = CARTESIAN_POINT('',(19.383,31.3,12.536));
#14905 = VECTOR('',#14906,1.);
#14906 = DIRECTION('',(-2.22044604925E-16,0.,-1.));
#14907 = ORIENTED_EDGE('',*,*,#14908,.T.);
#14908 = EDGE_CURVE('',#14901,#14909,#14911,.T.);
#14909 = VERTEX_POINT('',#14910);
#14910 = CARTESIAN_POINT('',(19.383,32.8,20.022));
#14911 = LINE('',#14912,#14913);
#14912 = CARTESIAN_POINT('',(19.383,31.087792038851,20.022));
#14913 = VECTOR('',#14914,1.);
#14914 = DIRECTION('',(0.,1.,-0.));
#14915 = ORIENTED_EDGE('',*,*,#14916,.F.);
#14916 = EDGE_CURVE('',#14893,#14909,#14917,.T.);
#14917 = LINE('',#14918,#14919);
#14918 = CARTESIAN_POINT('',(19.383,32.8,12.536));
#14919 = VECTOR('',#14920,1.);
#14920 = DIRECTION('',(-2.22044604925E-16,0.,-1.));
#14921 = PLANE('',#14922);
#14922 = AXIS2_PLACEMENT_3D('',#14923,#14924,#14925);
#14923 = CARTESIAN_POINT('',(19.383,30.301204939884,5.05));
#14924 = DIRECTION('',(-1.,-4.85361765408E-16,-0.));
#14925 = DIRECTION('',(4.85361765408E-16,-1.,0.));
#14926 = ADVANCED_FACE('',(#14927),#14952,.T.);
#14927 = FACE_BOUND('',#14928,.T.);
#14928 = EDGE_LOOP('',(#14929,#14937,#14945,#14951));
#14929 = ORIENTED_EDGE('',*,*,#14930,.F.);
#14930 = EDGE_CURVE('',#14931,#14859,#14933,.T.);
#14931 = VERTEX_POINT('',#14932);
#14932 = CARTESIAN_POINT('',(17.487,32.8,-9.922));
#14933 = LINE('',#14934,#14935);
#14934 = CARTESIAN_POINT('',(17.487,32.8,-9.922));
#14935 = VECTOR('',#14936,1.);
#14936 = DIRECTION('',(1.,0.,-0.));
#14937 = ORIENTED_EDGE('',*,*,#14938,.F.);
#14938 = EDGE_CURVE('',#14939,#14931,#14941,.T.);
#14939 = VERTEX_POINT('',#14940);
#14940 = CARTESIAN_POINT('',(17.487,31.3,-9.922));
#14941 = LINE('',#14942,#14943);
#14942 = CARTESIAN_POINT('',(17.487,31.3,-9.922));
#14943 = VECTOR('',#14944,1.);
#14944 = DIRECTION('',(-0.,1.,0.));
#14945 = ORIENTED_EDGE('',*,*,#14946,.T.);
#14946 = EDGE_CURVE('',#14939,#14857,#14947,.T.);
#14947 = LINE('',#14948,#14949);
#14948 = CARTESIAN_POINT('',(17.487,31.3,-9.922));
#14949 = VECTOR('',#14950,1.);
#14950 = DIRECTION('',(1.,0.,-0.));
#14951 = ORIENTED_EDGE('',*,*,#14856,.T.);
#14952 = PLANE('',#14953);
#14953 = AXIS2_PLACEMENT_3D('',#14954,#14955,#14956);
#14954 = CARTESIAN_POINT('',(17.487,31.3,-9.922));
#14955 = DIRECTION('',(0.,0.,1.));
#14956 = DIRECTION('',(1.,0.,-0.));
#14957 = ADVANCED_FACE('',(#14958),#14976,.F.);
#14958 = FACE_BOUND('',#14959,.F.);
#14959 = EDGE_LOOP('',(#14960,#14968,#14974,#14975));
#14960 = ORIENTED_EDGE('',*,*,#14961,.F.);
#14961 = EDGE_CURVE('',#14962,#14867,#14964,.T.);
#14962 = VERTEX_POINT('',#14963);
#14963 = CARTESIAN_POINT('',(17.487,31.3,-16.678));
#14964 = LINE('',#14965,#14966);
#14965 = CARTESIAN_POINT('',(17.487,31.3,-16.678));
#14966 = VECTOR('',#14967,1.);
#14967 = DIRECTION('',(1.,0.,-0.));
#14968 = ORIENTED_EDGE('',*,*,#14969,.T.);
#14969 = EDGE_CURVE('',#14962,#14939,#14970,.T.);
#14970 = LINE('',#14971,#14972);
#14971 = CARTESIAN_POINT('',(17.487,31.3,-16.678));
#14972 = VECTOR('',#14973,1.);
#14973 = DIRECTION('',(0.,0.,1.));
#14974 = ORIENTED_EDGE('',*,*,#14946,.T.);
#14975 = ORIENTED_EDGE('',*,*,#14866,.T.);
#14976 = PLANE('',#14977);
#14977 = AXIS2_PLACEMENT_3D('',#14978,#14979,#14980);
#14978 = CARTESIAN_POINT('',(17.487,31.3,-16.678));
#14979 = DIRECTION('',(-0.,1.,0.));
#14980 = DIRECTION('',(0.,0.,1.));
#14981 = ADVANCED_FACE('',(#14982),#15000,.T.);
#14982 = FACE_BOUND('',#14983,.T.);
#14983 = EDGE_LOOP('',(#14984,#14992,#14998,#14999));
#14984 = ORIENTED_EDGE('',*,*,#14985,.F.);
#14985 = EDGE_CURVE('',#14986,#14875,#14988,.T.);
#14986 = VERTEX_POINT('',#14987);
#14987 = CARTESIAN_POINT('',(17.487,32.8,-16.678));
#14988 = LINE('',#14989,#14990);
#14989 = CARTESIAN_POINT('',(17.487,32.8,-16.678));
#14990 = VECTOR('',#14991,1.);
#14991 = DIRECTION('',(1.,0.,-0.));
#14992 = ORIENTED_EDGE('',*,*,#14993,.T.);
#14993 = EDGE_CURVE('',#14986,#14931,#14994,.T.);
#14994 = LINE('',#14995,#14996);
#14995 = CARTESIAN_POINT('',(17.487,32.8,-16.678));
#14996 = VECTOR('',#14997,1.);
#14997 = DIRECTION('',(0.,0.,1.));
#14998 = ORIENTED_EDGE('',*,*,#14930,.T.);
#14999 = ORIENTED_EDGE('',*,*,#14882,.T.);
#15000 = PLANE('',#15001);
#15001 = AXIS2_PLACEMENT_3D('',#15002,#15003,#15004);
#15002 = CARTESIAN_POINT('',(17.487,32.8,-16.678));
#15003 = DIRECTION('',(-0.,1.,0.));
#15004 = DIRECTION('',(0.,0.,1.));
#15005 = ADVANCED_FACE('',(#15006),#15017,.F.);
#15006 = FACE_BOUND('',#15007,.F.);
#15007 = EDGE_LOOP('',(#15008,#15009,#15015,#15016));
#15008 = ORIENTED_EDGE('',*,*,#14985,.F.);
#15009 = ORIENTED_EDGE('',*,*,#15010,.F.);
#15010 = EDGE_CURVE('',#14962,#14986,#15011,.T.);
#15011 = LINE('',#15012,#15013);
#15012 = CARTESIAN_POINT('',(17.487,31.3,-16.678));
#15013 = VECTOR('',#15014,1.);
#15014 = DIRECTION('',(-0.,1.,0.));
#15015 = ORIENTED_EDGE('',*,*,#14961,.T.);
#15016 = ORIENTED_EDGE('',*,*,#14874,.T.);
#15017 = PLANE('',#15018);
#15018 = AXIS2_PLACEMENT_3D('',#15019,#15020,#15021);
#15019 = CARTESIAN_POINT('',(17.487,31.3,-16.678));
#15020 = DIRECTION('',(0.,0.,1.));
#15021 = DIRECTION('',(1.,0.,-0.));
#15022 = ADVANCED_FACE('',(#15023),#15029,.F.);
#15023 = FACE_BOUND('',#15024,.F.);
#15024 = EDGE_LOOP('',(#15025,#15026,#15027,#15028));
#15025 = ORIENTED_EDGE('',*,*,#14969,.F.);
#15026 = ORIENTED_EDGE('',*,*,#15010,.T.);
#15027 = ORIENTED_EDGE('',*,*,#14993,.T.);
#15028 = ORIENTED_EDGE('',*,*,#14938,.F.);
#15029 = PLANE('',#15030);
#15030 = AXIS2_PLACEMENT_3D('',#15031,#15032,#15033);
#15031 = CARTESIAN_POINT('',(17.487,31.3,-16.678));
#15032 = DIRECTION('',(1.,0.,-0.));
#15033 = DIRECTION('',(0.,0.,1.));
#15034 = ADVANCED_FACE('',(#15035),#15060,.T.);
#15035 = FACE_BOUND('',#15036,.T.);
#15036 = EDGE_LOOP('',(#15037,#15045,#15053,#15059));
#15037 = ORIENTED_EDGE('',*,*,#15038,.F.);
#15038 = EDGE_CURVE('',#15039,#14893,#15041,.T.);
#15039 = VERTEX_POINT('',#15040);
#15040 = CARTESIAN_POINT('',(17.487,32.8,26.778));
#15041 = LINE('',#15042,#15043);
#15042 = CARTESIAN_POINT('',(17.487,32.8,26.778));
#15043 = VECTOR('',#15044,1.);
#15044 = DIRECTION('',(1.,0.,-0.));
#15045 = ORIENTED_EDGE('',*,*,#15046,.F.);
#15046 = EDGE_CURVE('',#15047,#15039,#15049,.T.);
#15047 = VERTEX_POINT('',#15048);
#15048 = CARTESIAN_POINT('',(17.487,31.3,26.778));
#15049 = LINE('',#15050,#15051);
#15050 = CARTESIAN_POINT('',(17.487,31.3,26.778));
#15051 = VECTOR('',#15052,1.);
#15052 = DIRECTION('',(-0.,1.,0.));
#15053 = ORIENTED_EDGE('',*,*,#15054,.T.);
#15054 = EDGE_CURVE('',#15047,#14891,#15055,.T.);
#15055 = LINE('',#15056,#15057);
#15056 = CARTESIAN_POINT('',(17.487,31.3,26.778));
#15057 = VECTOR('',#15058,1.);
#15058 = DIRECTION('',(1.,0.,-0.));
#15059 = ORIENTED_EDGE('',*,*,#14890,.T.);
#15060 = PLANE('',#15061);
#15061 = AXIS2_PLACEMENT_3D('',#15062,#15063,#15064);
#15062 = CARTESIAN_POINT('',(17.487,31.3,26.778));
#15063 = DIRECTION('',(0.,0.,1.));
#15064 = DIRECTION('',(1.,0.,-0.));
#15065 = ADVANCED_FACE('',(#15066),#15084,.T.);
#15066 = FACE_BOUND('',#15067,.T.);
#15067 = EDGE_LOOP('',(#15068,#15076,#15082,#15083));
#15068 = ORIENTED_EDGE('',*,*,#15069,.F.);
#15069 = EDGE_CURVE('',#15070,#14909,#15072,.T.);
#15070 = VERTEX_POINT('',#15071);
#15071 = CARTESIAN_POINT('',(17.487,32.8,20.022));
#15072 = LINE('',#15073,#15074);
#15073 = CARTESIAN_POINT('',(17.487,32.8,20.022));
#15074 = VECTOR('',#15075,1.);
#15075 = DIRECTION('',(1.,0.,-0.));
#15076 = ORIENTED_EDGE('',*,*,#15077,.T.);
#15077 = EDGE_CURVE('',#15070,#15039,#15078,.T.);
#15078 = LINE('',#15079,#15080);
#15079 = CARTESIAN_POINT('',(17.487,32.8,20.022));
#15080 = VECTOR('',#15081,1.);
#15081 = DIRECTION('',(0.,0.,1.));
#15082 = ORIENTED_EDGE('',*,*,#15038,.T.);
#15083 = ORIENTED_EDGE('',*,*,#14916,.T.);
#15084 = PLANE('',#15085);
#15085 = AXIS2_PLACEMENT_3D('',#15086,#15087,#15088);
#15086 = CARTESIAN_POINT('',(17.487,32.8,20.022));
#15087 = DIRECTION('',(-0.,1.,0.));
#15088 = DIRECTION('',(0.,0.,1.));
#15089 = ADVANCED_FACE('',(#15090),#15108,.F.);
#15090 = FACE_BOUND('',#15091,.F.);
#15091 = EDGE_LOOP('',(#15092,#15093,#15101,#15107));
#15092 = ORIENTED_EDGE('',*,*,#15069,.F.);
#15093 = ORIENTED_EDGE('',*,*,#15094,.F.);
#15094 = EDGE_CURVE('',#15095,#15070,#15097,.T.);
#15095 = VERTEX_POINT('',#15096);
#15096 = CARTESIAN_POINT('',(17.487,31.3,20.022));
#15097 = LINE('',#15098,#15099);
#15098 = CARTESIAN_POINT('',(17.487,31.3,20.022));
#15099 = VECTOR('',#15100,1.);
#15100 = DIRECTION('',(-0.,1.,0.));
#15101 = ORIENTED_EDGE('',*,*,#15102,.T.);
#15102 = EDGE_CURVE('',#15095,#14901,#15103,.T.);
#15103 = LINE('',#15104,#15105);
#15104 = CARTESIAN_POINT('',(17.487,31.3,20.022));
#15105 = VECTOR('',#15106,1.);
#15106 = DIRECTION('',(1.,0.,-0.));
#15107 = ORIENTED_EDGE('',*,*,#14908,.T.);
#15108 = PLANE('',#15109);
#15109 = AXIS2_PLACEMENT_3D('',#15110,#15111,#15112);
#15110 = CARTESIAN_POINT('',(17.487,31.3,20.022));
#15111 = DIRECTION('',(0.,0.,1.));
#15112 = DIRECTION('',(1.,0.,-0.));
#15113 = ADVANCED_FACE('',(#15114),#15125,.F.);
#15114 = FACE_BOUND('',#15115,.F.);
#15115 = EDGE_LOOP('',(#15116,#15117,#15123,#15124));
#15116 = ORIENTED_EDGE('',*,*,#15102,.F.);
#15117 = ORIENTED_EDGE('',*,*,#15118,.T.);
#15118 = EDGE_CURVE('',#15095,#15047,#15119,.T.);
#15119 = LINE('',#15120,#15121);
#15120 = CARTESIAN_POINT('',(17.487,31.3,20.022));
#15121 = VECTOR('',#15122,1.);
#15122 = DIRECTION('',(0.,0.,1.));
#15123 = ORIENTED_EDGE('',*,*,#15054,.T.);
#15124 = ORIENTED_EDGE('',*,*,#14900,.T.);
#15125 = PLANE('',#15126);
#15126 = AXIS2_PLACEMENT_3D('',#15127,#15128,#15129);
#15127 = CARTESIAN_POINT('',(17.487,31.3,20.022));
#15128 = DIRECTION('',(-0.,1.,0.));
#15129 = DIRECTION('',(0.,0.,1.));
#15130 = ADVANCED_FACE('',(#15131),#15137,.F.);
#15131 = FACE_BOUND('',#15132,.F.);
#15132 = EDGE_LOOP('',(#15133,#15134,#15135,#15136));
#15133 = ORIENTED_EDGE('',*,*,#15118,.F.);
#15134 = ORIENTED_EDGE('',*,*,#15094,.T.);
#15135 = ORIENTED_EDGE('',*,*,#15077,.T.);
#15136 = ORIENTED_EDGE('',*,*,#15046,.F.);
#15137 = PLANE('',#15138);
#15138 = AXIS2_PLACEMENT_3D('',#15139,#15140,#15141);
#15139 = CARTESIAN_POINT('',(17.487,31.3,20.022));
#15140 = DIRECTION('',(1.,0.,-0.));
#15141 = DIRECTION('',(0.,0.,1.));
#15142 = ADVANCED_FACE('',(#15143,#15173,#15178),#15183,.T.);
#15143 = FACE_BOUND('',#15144,.T.);
#15144 = EDGE_LOOP('',(#15145,#15146,#15147,#15148,#15149,#15150,#15151,
    #15152,#15153,#15154,#15155,#15156,#15157,#15158,#15159,#15160,
    #15161,#15162,#15163,#15164,#15165,#15166,#15167,#15168,#15169,
    #15170,#15171,#15172));
#15145 = ORIENTED_EDGE('',*,*,#5669,.F.);
#15146 = ORIENTED_EDGE('',*,*,#5621,.F.);
#15147 = ORIENTED_EDGE('',*,*,#5573,.F.);
#15148 = ORIENTED_EDGE('',*,*,#5525,.F.);
#15149 = ORIENTED_EDGE('',*,*,#5485,.F.);
#15150 = ORIENTED_EDGE('',*,*,#5437,.F.);
#15151 = ORIENTED_EDGE('',*,*,#5461,.F.);
#15152 = ORIENTED_EDGE('',*,*,#5509,.T.);
#15153 = ORIENTED_EDGE('',*,*,#5556,.F.);
#15154 = ORIENTED_EDGE('',*,*,#5604,.F.);
#15155 = ORIENTED_EDGE('',*,*,#5652,.F.);
#15156 = ORIENTED_EDGE('',*,*,#5700,.F.);
#15157 = ORIENTED_EDGE('',*,*,#5748,.F.);
#15158 = ORIENTED_EDGE('',*,*,#5796,.F.);
#15159 = ORIENTED_EDGE('',*,*,#5844,.F.);
#15160 = ORIENTED_EDGE('',*,*,#5892,.F.);
#15161 = ORIENTED_EDGE('',*,*,#5940,.F.);
#15162 = ORIENTED_EDGE('',*,*,#5988,.F.);
#15163 = ORIENTED_EDGE('',*,*,#6035,.F.);
#15164 = ORIENTED_EDGE('',*,*,#6078,.T.);
#15165 = ORIENTED_EDGE('',*,*,#6061,.T.);
#15166 = ORIENTED_EDGE('',*,*,#6013,.F.);
#15167 = ORIENTED_EDGE('',*,*,#5956,.F.);
#15168 = ORIENTED_EDGE('',*,*,#5917,.T.);
#15169 = ORIENTED_EDGE('',*,*,#5869,.T.);
#15170 = ORIENTED_EDGE('',*,*,#5821,.F.);
#15171 = ORIENTED_EDGE('',*,*,#5773,.F.);
#15172 = ORIENTED_EDGE('',*,*,#5725,.T.);
#15173 = FACE_BOUND('',#15174,.T.);
#15174 = EDGE_LOOP('',(#15175,#15176,#15177));
#15175 = ORIENTED_EDGE('',*,*,#13960,.F.);
#15176 = ORIENTED_EDGE('',*,*,#13969,.F.);
#15177 = ORIENTED_EDGE('',*,*,#13941,.F.);
#15178 = FACE_BOUND('',#15179,.T.);
#15179 = EDGE_LOOP('',(#15180,#15181,#15182));
#15180 = ORIENTED_EDGE('',*,*,#14027,.F.);
#15181 = ORIENTED_EDGE('',*,*,#14046,.F.);
#15182 = ORIENTED_EDGE('',*,*,#14055,.F.);
#15183 = PLANE('',#15184);
#15184 = AXIS2_PLACEMENT_3D('',#15185,#15186,#15187);
#15185 = CARTESIAN_POINT('',(-8.293894490698,29.,5.763767548507));
#15186 = DIRECTION('',(3.637350599338E-16,1.,0.));
#15187 = DIRECTION('',(1.,-3.637350599338E-16,0.));
#15188 = ADVANCED_FACE('',(#15189,#15219,#15224),#15229,.T.);
#15189 = FACE_BOUND('',#15190,.T.);
#15190 = EDGE_LOOP('',(#15191,#15192,#15193,#15194,#15195,#15196,#15197,
    #15198,#15199,#15200,#15201,#15202,#15203,#15204,#15205,#15206,
    #15207,#15208,#15209,#15210,#15211,#15212,#15213,#15214,#15215,
    #15216,#15217,#15218));
#15191 = ORIENTED_EDGE('',*,*,#7933,.F.);
#15192 = ORIENTED_EDGE('',*,*,#7885,.F.);
#15193 = ORIENTED_EDGE('',*,*,#7837,.F.);
#15194 = ORIENTED_EDGE('',*,*,#7788,.F.);
#15195 = ORIENTED_EDGE('',*,*,#7749,.F.);
#15196 = ORIENTED_EDGE('',*,*,#7773,.F.);
#15197 = ORIENTED_EDGE('',*,*,#7821,.T.);
#15198 = ORIENTED_EDGE('',*,*,#7869,.T.);
#15199 = ORIENTED_EDGE('',*,*,#7917,.F.);
#15200 = ORIENTED_EDGE('',*,*,#7963,.F.);
#15201 = ORIENTED_EDGE('',*,*,#8013,.T.);
#15202 = ORIENTED_EDGE('',*,*,#8061,.T.);
#15203 = ORIENTED_EDGE('',*,*,#8109,.F.);
#15204 = ORIENTED_EDGE('',*,*,#8156,.F.);
#15205 = ORIENTED_EDGE('',*,*,#8204,.F.);
#15206 = ORIENTED_EDGE('',*,*,#8252,.F.);
#15207 = ORIENTED_EDGE('',*,*,#8300,.F.);
#15208 = ORIENTED_EDGE('',*,*,#8348,.F.);
#15209 = ORIENTED_EDGE('',*,*,#8389,.F.);
#15210 = ORIENTED_EDGE('',*,*,#8365,.F.);
#15211 = ORIENTED_EDGE('',*,*,#8317,.F.);
#15212 = ORIENTED_EDGE('',*,*,#8269,.F.);
#15213 = ORIENTED_EDGE('',*,*,#8221,.F.);
#15214 = ORIENTED_EDGE('',*,*,#8181,.F.);
#15215 = ORIENTED_EDGE('',*,*,#8133,.F.);
#15216 = ORIENTED_EDGE('',*,*,#8085,.F.);
#15217 = ORIENTED_EDGE('',*,*,#8037,.T.);
#15218 = ORIENTED_EDGE('',*,*,#7981,.F.);
#15219 = FACE_BOUND('',#15220,.T.);
#15220 = EDGE_LOOP('',(#15221,#15222,#15223));
#15221 = ORIENTED_EDGE('',*,*,#14003,.F.);
#15222 = ORIENTED_EDGE('',*,*,#14012,.F.);
#15223 = ORIENTED_EDGE('',*,*,#13984,.F.);
#15224 = FACE_BOUND('',#15225,.T.);
#15225 = EDGE_LOOP('',(#15226,#15227,#15228));
#15226 = ORIENTED_EDGE('',*,*,#14070,.F.);
#15227 = ORIENTED_EDGE('',*,*,#14089,.F.);
#15228 = ORIENTED_EDGE('',*,*,#14098,.F.);
#15229 = PLANE('',#15230);
#15230 = AXIS2_PLACEMENT_3D('',#15231,#15232,#15233);
#15231 = CARTESIAN_POINT('',(8.293894490698,29.,5.763767548507));
#15232 = DIRECTION('',(0.,1.,0.));
#15233 = DIRECTION('',(0.,-0.,1.));
#15234 = ADVANCED_FACE('',(#15235,#15260),#15307,.T.);
#15235 = FACE_BOUND('',#15236,.T.);
#15236 = EDGE_LOOP('',(#15237,#15238,#15239,#15240,#15249,#15256,#15257,
    #15258,#15259));
#15237 = ORIENTED_EDGE('',*,*,#5052,.F.);
#15238 = ORIENTED_EDGE('',*,*,#5093,.F.);
#15239 = ORIENTED_EDGE('',*,*,#5142,.T.);
#15240 = ORIENTED_EDGE('',*,*,#15241,.T.);
#15241 = EDGE_CURVE('',#5133,#15242,#15244,.T.);
#15242 = VERTEX_POINT('',#15243);
#15243 = CARTESIAN_POINT('',(-25.,34.8,55.55));
#15244 = CIRCLE('',#15245,1.95);
#15245 = AXIS2_PLACEMENT_3D('',#15246,#15247,#15248);
#15246 = CARTESIAN_POINT('',(-25.,34.8,53.6));
#15247 = DIRECTION('',(0.,1.,0.));
#15248 = DIRECTION('',(0.,-0.,1.));
#15249 = ORIENTED_EDGE('',*,*,#15250,.T.);
#15250 = EDGE_CURVE('',#15242,#5205,#15251,.T.);
#15251 = CIRCLE('',#15252,1.95);
#15252 = AXIS2_PLACEMENT_3D('',#15253,#15254,#15255);
#15253 = CARTESIAN_POINT('',(-25.,34.8,53.6));
#15254 = DIRECTION('',(0.,1.,0.));
#15255 = DIRECTION('',(0.,-0.,1.));
#15256 = ORIENTED_EDGE('',*,*,#5214,.T.);
#15257 = ORIENTED_EDGE('',*,*,#5190,.F.);
#15258 = ORIENTED_EDGE('',*,*,#5156,.F.);
#15259 = ORIENTED_EDGE('',*,*,#5107,.T.);
#15260 = FACE_BOUND('',#15261,.T.);
#15261 = EDGE_LOOP('',(#15262,#15273,#15282,#15291,#15300));
#15262 = ORIENTED_EDGE('',*,*,#15263,.F.);
#15263 = EDGE_CURVE('',#15264,#15266,#15268,.T.);
#15264 = VERTEX_POINT('',#15265);
#15265 = CARTESIAN_POINT('',(-24.74833355408,34.8,52.867));
#15266 = VERTEX_POINT('',#15267);
#15267 = CARTESIAN_POINT('',(-25.733,34.8,53.348333554086));
#15268 = CIRCLE('',#15269,0.775);
#15269 = AXIS2_PLACEMENT_3D('',#15270,#15271,#15272);
#15270 = CARTESIAN_POINT('',(-25.,34.8,53.6));
#15271 = DIRECTION('',(0.,1.,0.));
#15272 = DIRECTION('',(0.,-0.,1.));
#15273 = ORIENTED_EDGE('',*,*,#15274,.F.);
#15274 = EDGE_CURVE('',#15275,#15264,#15277,.T.);
#15275 = VERTEX_POINT('',#15276);
#15276 = CARTESIAN_POINT('',(-24.267,34.8,53.348333554084));
#15277 = CIRCLE('',#15278,0.775);
#15278 = AXIS2_PLACEMENT_3D('',#15279,#15280,#15281);
#15279 = CARTESIAN_POINT('',(-25.,34.8,53.6));
#15280 = DIRECTION('',(0.,1.,0.));
#15281 = DIRECTION('',(0.,-0.,1.));
#15282 = ORIENTED_EDGE('',*,*,#15283,.F.);
#15283 = EDGE_CURVE('',#15284,#15275,#15286,.T.);
#15284 = VERTEX_POINT('',#15285);
#15285 = CARTESIAN_POINT('',(-24.74833355408,34.8,54.333));
#15286 = CIRCLE('',#15287,0.775);
#15287 = AXIS2_PLACEMENT_3D('',#15288,#15289,#15290);
#15288 = CARTESIAN_POINT('',(-25.,34.8,53.6));
#15289 = DIRECTION('',(0.,1.,0.));
#15290 = DIRECTION('',(0.,-0.,1.));
#15291 = ORIENTED_EDGE('',*,*,#15292,.F.);
#15292 = EDGE_CURVE('',#15293,#15284,#15295,.T.);
#15293 = VERTEX_POINT('',#15294);
#15294 = CARTESIAN_POINT('',(-25.,34.8,54.375));
#15295 = CIRCLE('',#15296,0.775);
#15296 = AXIS2_PLACEMENT_3D('',#15297,#15298,#15299);
#15297 = CARTESIAN_POINT('',(-25.,34.8,53.6));
#15298 = DIRECTION('',(0.,1.,0.));
#15299 = DIRECTION('',(0.,-0.,1.));
#15300 = ORIENTED_EDGE('',*,*,#15301,.F.);
#15301 = EDGE_CURVE('',#15266,#15293,#15302,.T.);
#15302 = CIRCLE('',#15303,0.775);
#15303 = AXIS2_PLACEMENT_3D('',#15304,#15305,#15306);
#15304 = CARTESIAN_POINT('',(-25.,34.8,53.6));
#15305 = DIRECTION('',(0.,1.,0.));
#15306 = DIRECTION('',(0.,-0.,1.));
#15307 = PLANE('',#15308);
#15308 = AXIS2_PLACEMENT_3D('',#15309,#15310,#15311);
#15309 = CARTESIAN_POINT('',(-24.212884682,34.8,52.836902941457));
#15310 = DIRECTION('',(0.,1.,0.));
#15311 = DIRECTION('',(0.,-0.,1.));
#15312 = ADVANCED_FACE('',(#15313),#15336,.F.);
#15313 = FACE_BOUND('',#15314,.F.);
#15314 = EDGE_LOOP('',(#15315,#15316,#15324,#15331,#15332,#15333,#15334,
    #15335));
#15315 = ORIENTED_EDGE('',*,*,#15292,.F.);
#15316 = ORIENTED_EDGE('',*,*,#15317,.F.);
#15317 = EDGE_CURVE('',#15318,#15293,#15320,.T.);
#15318 = VERTEX_POINT('',#15319);
#15319 = CARTESIAN_POINT('',(-25.,27.,54.375));
#15320 = LINE('',#15321,#15322);
#15321 = CARTESIAN_POINT('',(-25.,27.,54.375));
#15322 = VECTOR('',#15323,1.);
#15323 = DIRECTION('',(0.,1.,0.));
#15324 = ORIENTED_EDGE('',*,*,#15325,.T.);
#15325 = EDGE_CURVE('',#15318,#15318,#15326,.T.);
#15326 = CIRCLE('',#15327,0.775);
#15327 = AXIS2_PLACEMENT_3D('',#15328,#15329,#15330);
#15328 = CARTESIAN_POINT('',(-25.,27.,53.6));
#15329 = DIRECTION('',(0.,1.,0.));
#15330 = DIRECTION('',(0.,-0.,1.));
#15331 = ORIENTED_EDGE('',*,*,#15317,.T.);
#15332 = ORIENTED_EDGE('',*,*,#15301,.F.);
#15333 = ORIENTED_EDGE('',*,*,#15263,.F.);
#15334 = ORIENTED_EDGE('',*,*,#15274,.F.);
#15335 = ORIENTED_EDGE('',*,*,#15283,.F.);
#15336 = CYLINDRICAL_SURFACE('',#15337,0.775);
#15337 = AXIS2_PLACEMENT_3D('',#15338,#15339,#15340);
#15338 = CARTESIAN_POINT('',(-25.,27.,53.6));
#15339 = DIRECTION('',(0.,1.,0.));
#15340 = DIRECTION('',(0.,-0.,1.));
#15341 = ADVANCED_FACE('',(#15342),#15345,.T.);
#15342 = FACE_BOUND('',#15343,.F.);
#15343 = EDGE_LOOP('',(#15344));
#15344 = ORIENTED_EDGE('',*,*,#15325,.F.);
#15345 = PLANE('',#15346);
#15346 = AXIS2_PLACEMENT_3D('',#15347,#15348,#15349);
#15347 = CARTESIAN_POINT('',(-25.,27.,53.6));
#15348 = DIRECTION('',(0.,1.,0.));
#15349 = DIRECTION('',(0.,-0.,1.));
#15350 = ADVANCED_FACE('',(#15351,#15376),#15423,.T.);
#15351 = FACE_BOUND('',#15352,.T.);
#15352 = EDGE_LOOP('',(#15353,#15354,#15355,#15356,#15357,#15358,#15359,
    #15360,#15369));
#15353 = ORIENTED_EDGE('',*,*,#7573,.F.);
#15354 = ORIENTED_EDGE('',*,*,#7597,.F.);
#15355 = ORIENTED_EDGE('',*,*,#7611,.T.);
#15356 = ORIENTED_EDGE('',*,*,#7635,.T.);
#15357 = ORIENTED_EDGE('',*,*,#7701,.F.);
#15358 = ORIENTED_EDGE('',*,*,#7718,.T.);
#15359 = ORIENTED_EDGE('',*,*,#7677,.T.);
#15360 = ORIENTED_EDGE('',*,*,#15361,.T.);
#15361 = EDGE_CURVE('',#7670,#15362,#15364,.T.);
#15362 = VERTEX_POINT('',#15363);
#15363 = CARTESIAN_POINT('',(25.,34.8,55.55));
#15364 = CIRCLE('',#15365,1.95);
#15365 = AXIS2_PLACEMENT_3D('',#15366,#15367,#15368);
#15366 = CARTESIAN_POINT('',(25.,34.8,53.6));
#15367 = DIRECTION('',(0.,1.,0.));
#15368 = DIRECTION('',(0.,-0.,1.));
#15369 = ORIENTED_EDGE('',*,*,#15370,.T.);
#15370 = EDGE_CURVE('',#15362,#7557,#15371,.T.);
#15371 = CIRCLE('',#15372,1.95);
#15372 = AXIS2_PLACEMENT_3D('',#15373,#15374,#15375);
#15373 = CARTESIAN_POINT('',(25.,34.8,53.6));
#15374 = DIRECTION('',(0.,1.,0.));
#15375 = DIRECTION('',(0.,-0.,1.));
#15376 = FACE_BOUND('',#15377,.T.);
#15377 = EDGE_LOOP('',(#15378,#15389,#15398,#15407,#15416));
#15378 = ORIENTED_EDGE('',*,*,#15379,.F.);
#15379 = EDGE_CURVE('',#15380,#15382,#15384,.T.);
#15380 = VERTEX_POINT('',#15381);
#15381 = CARTESIAN_POINT('',(25.733,34.8,53.348333554086));
#15382 = VERTEX_POINT('',#15383);
#15383 = CARTESIAN_POINT('',(24.748333554084,34.8,52.867));
#15384 = CIRCLE('',#15385,0.775);
#15385 = AXIS2_PLACEMENT_3D('',#15386,#15387,#15388);
#15386 = CARTESIAN_POINT('',(25.,34.8,53.6));
#15387 = DIRECTION('',(0.,1.,0.));
#15388 = DIRECTION('',(0.,-0.,1.));
#15389 = ORIENTED_EDGE('',*,*,#15390,.F.);
#15390 = EDGE_CURVE('',#15391,#15380,#15393,.T.);
#15391 = VERTEX_POINT('',#15392);
#15392 = CARTESIAN_POINT('',(25.,34.8,54.375));
#15393 = CIRCLE('',#15394,0.775);
#15394 = AXIS2_PLACEMENT_3D('',#15395,#15396,#15397);
#15395 = CARTESIAN_POINT('',(25.,34.8,53.6));
#15396 = DIRECTION('',(0.,1.,0.));
#15397 = DIRECTION('',(0.,-0.,1.));
#15398 = ORIENTED_EDGE('',*,*,#15399,.F.);
#15399 = EDGE_CURVE('',#15400,#15391,#15402,.T.);
#15400 = VERTEX_POINT('',#15401);
#15401 = CARTESIAN_POINT('',(24.748333554084,34.8,54.333));
#15402 = CIRCLE('',#15403,0.775);
#15403 = AXIS2_PLACEMENT_3D('',#15404,#15405,#15406);
#15404 = CARTESIAN_POINT('',(25.,34.8,53.6));
#15405 = DIRECTION('',(0.,1.,0.));
#15406 = DIRECTION('',(0.,-0.,1.));
#15407 = ORIENTED_EDGE('',*,*,#15408,.F.);
#15408 = EDGE_CURVE('',#15409,#15400,#15411,.T.);
#15409 = VERTEX_POINT('',#15410);
#15410 = CARTESIAN_POINT('',(24.267,34.8,53.348333554084));
#15411 = CIRCLE('',#15412,0.775);
#15412 = AXIS2_PLACEMENT_3D('',#15413,#15414,#15415);
#15413 = CARTESIAN_POINT('',(25.,34.8,53.6));
#15414 = DIRECTION('',(0.,1.,0.));
#15415 = DIRECTION('',(0.,-0.,1.));
#15416 = ORIENTED_EDGE('',*,*,#15417,.F.);
#15417 = EDGE_CURVE('',#15382,#15409,#15418,.T.);
#15418 = CIRCLE('',#15419,0.775);
#15419 = AXIS2_PLACEMENT_3D('',#15420,#15421,#15422);
#15420 = CARTESIAN_POINT('',(25.,34.8,53.6));
#15421 = DIRECTION('',(0.,1.,0.));
#15422 = DIRECTION('',(0.,-0.,1.));
#15423 = PLANE('',#15424);
#15424 = AXIS2_PLACEMENT_3D('',#15425,#15426,#15427);
#15425 = CARTESIAN_POINT('',(24.212884682009,34.8,52.836902941457));
#15426 = DIRECTION('',(0.,1.,0.));
#15427 = DIRECTION('',(0.,-0.,1.));
#15428 = ADVANCED_FACE('',(#15429),#15452,.F.);
#15429 = FACE_BOUND('',#15430,.F.);
#15430 = EDGE_LOOP('',(#15431,#15432,#15440,#15447,#15448,#15449,#15450,
    #15451));
#15431 = ORIENTED_EDGE('',*,*,#15390,.F.);
#15432 = ORIENTED_EDGE('',*,*,#15433,.F.);
#15433 = EDGE_CURVE('',#15434,#15391,#15436,.T.);
#15434 = VERTEX_POINT('',#15435);
#15435 = CARTESIAN_POINT('',(25.,27.,54.375));
#15436 = LINE('',#15437,#15438);
#15437 = CARTESIAN_POINT('',(25.,27.,54.375));
#15438 = VECTOR('',#15439,1.);
#15439 = DIRECTION('',(0.,1.,0.));
#15440 = ORIENTED_EDGE('',*,*,#15441,.T.);
#15441 = EDGE_CURVE('',#15434,#15434,#15442,.T.);
#15442 = CIRCLE('',#15443,0.775);
#15443 = AXIS2_PLACEMENT_3D('',#15444,#15445,#15446);
#15444 = CARTESIAN_POINT('',(25.,27.,53.6));
#15445 = DIRECTION('',(0.,1.,0.));
#15446 = DIRECTION('',(0.,-0.,1.));
#15447 = ORIENTED_EDGE('',*,*,#15433,.T.);
#15448 = ORIENTED_EDGE('',*,*,#15399,.F.);
#15449 = ORIENTED_EDGE('',*,*,#15408,.F.);
#15450 = ORIENTED_EDGE('',*,*,#15417,.F.);
#15451 = ORIENTED_EDGE('',*,*,#15379,.F.);
#15452 = CYLINDRICAL_SURFACE('',#15453,0.775);
#15453 = AXIS2_PLACEMENT_3D('',#15454,#15455,#15456);
#15454 = CARTESIAN_POINT('',(25.,27.,53.6));
#15455 = DIRECTION('',(0.,1.,0.));
#15456 = DIRECTION('',(0.,-0.,1.));
#15457 = ADVANCED_FACE('',(#15458),#15461,.T.);
#15458 = FACE_BOUND('',#15459,.F.);
#15459 = EDGE_LOOP('',(#15460));
#15460 = ORIENTED_EDGE('',*,*,#15441,.F.);
#15461 = PLANE('',#15462);
#15462 = AXIS2_PLACEMENT_3D('',#15463,#15464,#15465);
#15463 = CARTESIAN_POINT('',(25.,27.,53.6));
#15464 = DIRECTION('',(0.,1.,0.));
#15465 = DIRECTION('',(0.,-0.,1.));
#15466 = ADVANCED_FACE('',(#15467),#15473,.F.);
#15467 = FACE_BOUND('',#15468,.T.);
#15468 = EDGE_LOOP('',(#15469,#15470,#15471,#15472));
#15469 = ORIENTED_EDGE('',*,*,#14363,.T.);
#15470 = ORIENTED_EDGE('',*,*,#14333,.T.);
#15471 = ORIENTED_EDGE('',*,*,#14380,.F.);
#15472 = ORIENTED_EDGE('',*,*,#11088,.F.);
#15473 = PLANE('',#15474);
#15474 = AXIS2_PLACEMENT_3D('',#15475,#15476,#15477);
#15475 = CARTESIAN_POINT('',(-5.017,25.,-26.186));
#15476 = DIRECTION('',(0.,0.,1.));
#15477 = DIRECTION('',(1.,0.,-0.));
#15478 = ADVANCED_FACE('',(#15479),#15487,.T.);
#15479 = FACE_BOUND('',#15480,.T.);
#15480 = EDGE_LOOP('',(#15481,#15482,#15483,#15484,#15485,#15486));
#15481 = ORIENTED_EDGE('',*,*,#1041,.T.);
#15482 = ORIENTED_EDGE('',*,*,#5204,.T.);
#15483 = ORIENTED_EDGE('',*,*,#15250,.F.);
#15484 = ORIENTED_EDGE('',*,*,#15241,.F.);
#15485 = ORIENTED_EDGE('',*,*,#5132,.F.);
#15486 = ORIENTED_EDGE('',*,*,#1032,.T.);
#15487 = CYLINDRICAL_SURFACE('',#15488,1.95);
#15488 = AXIS2_PLACEMENT_3D('',#15489,#15490,#15491);
#15489 = CARTESIAN_POINT('',(-25.,26.9,53.6));
#15490 = DIRECTION('',(0.,1.,0.));
#15491 = DIRECTION('',(0.,-0.,1.));
#15492 = ADVANCED_FACE('',(#15493),#15501,.T.);
#15493 = FACE_BOUND('',#15494,.T.);
#15494 = EDGE_LOOP('',(#15495,#15496,#15497,#15498,#15499,#15500));
#15495 = ORIENTED_EDGE('',*,*,#15361,.F.);
#15496 = ORIENTED_EDGE('',*,*,#7669,.F.);
#15497 = ORIENTED_EDGE('',*,*,#1876,.T.);
#15498 = ORIENTED_EDGE('',*,*,#1885,.T.);
#15499 = ORIENTED_EDGE('',*,*,#7556,.T.);
#15500 = ORIENTED_EDGE('',*,*,#15370,.F.);
#15501 = CYLINDRICAL_SURFACE('',#15502,1.95);
#15502 = AXIS2_PLACEMENT_3D('',#15503,#15504,#15505);
#15503 = CARTESIAN_POINT('',(25.,26.9,53.6));
#15504 = DIRECTION('',(0.,1.,0.));
#15505 = DIRECTION('',(0.,-0.,1.));
#15506 = MANIFOLD_SOLID_BREP('',#15507);
#15507 = CLOSED_SHELL('',(#15508,#15541,#15550));
#15508 = ADVANCED_FACE('',(#15509),#15536,.T.);
#15509 = FACE_BOUND('',#15510,.T.);
#15510 = EDGE_LOOP('',(#15511,#15520,#15528,#15535));
#15511 = ORIENTED_EDGE('',*,*,#15512,.F.);
#15512 = EDGE_CURVE('',#15513,#15513,#15515,.T.);
#15513 = VERTEX_POINT('',#15514);
#15514 = CARTESIAN_POINT('',(5.017,26.6,-19.66));
#15515 = CIRCLE('',#15516,0.4);
#15516 = AXIS2_PLACEMENT_3D('',#15517,#15518,#15519);
#15517 = CARTESIAN_POINT('',(5.017,26.6,-20.06));
#15518 = DIRECTION('',(1.,0.,0.));
#15519 = DIRECTION('',(-0.,0.,1.));
#15520 = ORIENTED_EDGE('',*,*,#15521,.F.);
#15521 = EDGE_CURVE('',#15522,#15513,#15524,.T.);
#15522 = VERTEX_POINT('',#15523);
#15523 = CARTESIAN_POINT('',(-5.017,26.6,-19.66));
#15524 = LINE('',#15525,#15526);
#15525 = CARTESIAN_POINT('',(-5.017,26.6,-19.66));
#15526 = VECTOR('',#15527,1.);
#15527 = DIRECTION('',(1.,0.,0.));
#15528 = ORIENTED_EDGE('',*,*,#15529,.T.);
#15529 = EDGE_CURVE('',#15522,#15522,#15530,.T.);
#15530 = CIRCLE('',#15531,0.4);
#15531 = AXIS2_PLACEMENT_3D('',#15532,#15533,#15534);
#15532 = CARTESIAN_POINT('',(-5.017,26.6,-20.06));
#15533 = DIRECTION('',(1.,0.,0.));
#15534 = DIRECTION('',(-0.,0.,1.));
#15535 = ORIENTED_EDGE('',*,*,#15521,.T.);
#15536 = CYLINDRICAL_SURFACE('',#15537,0.4);
#15537 = AXIS2_PLACEMENT_3D('',#15538,#15539,#15540);
#15538 = CARTESIAN_POINT('',(-5.017,26.6,-20.06));
#15539 = DIRECTION('',(1.,0.,0.));
#15540 = DIRECTION('',(-0.,0.,1.));
#15541 = ADVANCED_FACE('',(#15542),#15545,.T.);
#15542 = FACE_BOUND('',#15543,.T.);
#15543 = EDGE_LOOP('',(#15544));
#15544 = ORIENTED_EDGE('',*,*,#15512,.T.);
#15545 = PLANE('',#15546);
#15546 = AXIS2_PLACEMENT_3D('',#15547,#15548,#15549);
#15547 = CARTESIAN_POINT('',(5.017,26.6,-20.06));
#15548 = DIRECTION('',(1.,0.,0.));
#15549 = DIRECTION('',(-0.,0.,1.));
#15550 = ADVANCED_FACE('',(#15551),#15554,.F.);
#15551 = FACE_BOUND('',#15552,.T.);
#15552 = EDGE_LOOP('',(#15553));
#15553 = ORIENTED_EDGE('',*,*,#15529,.F.);
#15554 = PLANE('',#15555);
#15555 = AXIS2_PLACEMENT_3D('',#15556,#15557,#15558);
#15556 = CARTESIAN_POINT('',(-5.017,26.6,-20.06));
#15557 = DIRECTION('',(1.,0.,0.));
#15558 = DIRECTION('',(-0.,0.,1.));
#15559 = MANIFOLD_SOLID_BREP('',#15560);
#15560 = CLOSED_SHELL('',(#15561,#15594,#15603));
#15561 = ADVANCED_FACE('',(#15562),#15589,.T.);
#15562 = FACE_BOUND('',#15563,.T.);
#15563 = EDGE_LOOP('',(#15564,#15573,#15581,#15588));
#15564 = ORIENTED_EDGE('',*,*,#15565,.F.);
#15565 = EDGE_CURVE('',#15566,#15566,#15568,.T.);
#15566 = VERTEX_POINT('',#15567);
#15567 = CARTESIAN_POINT('',(5.017,26.6,-18.16));
#15568 = CIRCLE('',#15569,0.4);
#15569 = AXIS2_PLACEMENT_3D('',#15570,#15571,#15572);
#15570 = CARTESIAN_POINT('',(5.017,26.6,-18.56));
#15571 = DIRECTION('',(1.,0.,0.));
#15572 = DIRECTION('',(-0.,0.,1.));
#15573 = ORIENTED_EDGE('',*,*,#15574,.F.);
#15574 = EDGE_CURVE('',#15575,#15566,#15577,.T.);
#15575 = VERTEX_POINT('',#15576);
#15576 = CARTESIAN_POINT('',(-5.017,26.6,-18.16));
#15577 = LINE('',#15578,#15579);
#15578 = CARTESIAN_POINT('',(-5.017,26.6,-18.16));
#15579 = VECTOR('',#15580,1.);
#15580 = DIRECTION('',(1.,0.,0.));
#15581 = ORIENTED_EDGE('',*,*,#15582,.T.);
#15582 = EDGE_CURVE('',#15575,#15575,#15583,.T.);
#15583 = CIRCLE('',#15584,0.4);
#15584 = AXIS2_PLACEMENT_3D('',#15585,#15586,#15587);
#15585 = CARTESIAN_POINT('',(-5.017,26.6,-18.56));
#15586 = DIRECTION('',(1.,0.,0.));
#15587 = DIRECTION('',(-0.,0.,1.));
#15588 = ORIENTED_EDGE('',*,*,#15574,.T.);
#15589 = CYLINDRICAL_SURFACE('',#15590,0.4);
#15590 = AXIS2_PLACEMENT_3D('',#15591,#15592,#15593);
#15591 = CARTESIAN_POINT('',(-5.017,26.6,-18.56));
#15592 = DIRECTION('',(1.,0.,0.));
#15593 = DIRECTION('',(-0.,0.,1.));
#15594 = ADVANCED_FACE('',(#15595),#15598,.T.);
#15595 = FACE_BOUND('',#15596,.T.);
#15596 = EDGE_LOOP('',(#15597));
#15597 = ORIENTED_EDGE('',*,*,#15565,.T.);
#15598 = PLANE('',#15599);
#15599 = AXIS2_PLACEMENT_3D('',#15600,#15601,#15602);
#15600 = CARTESIAN_POINT('',(5.017,26.6,-18.56));
#15601 = DIRECTION('',(1.,0.,0.));
#15602 = DIRECTION('',(-0.,0.,1.));
#15603 = ADVANCED_FACE('',(#15604),#15607,.F.);
#15604 = FACE_BOUND('',#15605,.T.);
#15605 = EDGE_LOOP('',(#15606));
#15606 = ORIENTED_EDGE('',*,*,#15582,.F.);
#15607 = PLANE('',#15608);
#15608 = AXIS2_PLACEMENT_3D('',#15609,#15610,#15611);
#15609 = CARTESIAN_POINT('',(-5.017,26.6,-18.56));
#15610 = DIRECTION('',(1.,0.,0.));
#15611 = DIRECTION('',(-0.,0.,1.));
#15612 = MANIFOLD_SOLID_BREP('',#15613);
#15613 = CLOSED_SHELL('',(#15614,#15647,#15656));
#15614 = ADVANCED_FACE('',(#15615),#15642,.T.);
#15615 = FACE_BOUND('',#15616,.T.);
#15616 = EDGE_LOOP('',(#15617,#15626,#15634,#15641));
#15617 = ORIENTED_EDGE('',*,*,#15618,.F.);
#15618 = EDGE_CURVE('',#15619,#15619,#15621,.T.);
#15619 = VERTEX_POINT('',#15620);
#15620 = CARTESIAN_POINT('',(5.017,26.6,-16.66));
#15621 = CIRCLE('',#15622,0.4);
#15622 = AXIS2_PLACEMENT_3D('',#15623,#15624,#15625);
#15623 = CARTESIAN_POINT('',(5.017,26.6,-17.06));
#15624 = DIRECTION('',(1.,0.,0.));
#15625 = DIRECTION('',(-0.,0.,1.));
#15626 = ORIENTED_EDGE('',*,*,#15627,.F.);
#15627 = EDGE_CURVE('',#15628,#15619,#15630,.T.);
#15628 = VERTEX_POINT('',#15629);
#15629 = CARTESIAN_POINT('',(-5.017,26.6,-16.66));
#15630 = LINE('',#15631,#15632);
#15631 = CARTESIAN_POINT('',(-5.017,26.6,-16.66));
#15632 = VECTOR('',#15633,1.);
#15633 = DIRECTION('',(1.,0.,0.));
#15634 = ORIENTED_EDGE('',*,*,#15635,.T.);
#15635 = EDGE_CURVE('',#15628,#15628,#15636,.T.);
#15636 = CIRCLE('',#15637,0.4);
#15637 = AXIS2_PLACEMENT_3D('',#15638,#15639,#15640);
#15638 = CARTESIAN_POINT('',(-5.017,26.6,-17.06));
#15639 = DIRECTION('',(1.,0.,0.));
#15640 = DIRECTION('',(-0.,0.,1.));
#15641 = ORIENTED_EDGE('',*,*,#15627,.T.);
#15642 = CYLINDRICAL_SURFACE('',#15643,0.4);
#15643 = AXIS2_PLACEMENT_3D('',#15644,#15645,#15646);
#15644 = CARTESIAN_POINT('',(-5.017,26.6,-17.06));
#15645 = DIRECTION('',(1.,0.,0.));
#15646 = DIRECTION('',(-0.,0.,1.));
#15647 = ADVANCED_FACE('',(#15648),#15651,.T.);
#15648 = FACE_BOUND('',#15649,.T.);
#15649 = EDGE_LOOP('',(#15650));
#15650 = ORIENTED_EDGE('',*,*,#15618,.T.);
#15651 = PLANE('',#15652);
#15652 = AXIS2_PLACEMENT_3D('',#15653,#15654,#15655);
#15653 = CARTESIAN_POINT('',(5.017,26.6,-17.06));
#15654 = DIRECTION('',(1.,0.,0.));
#15655 = DIRECTION('',(-0.,0.,1.));
#15656 = ADVANCED_FACE('',(#15657),#15660,.F.);
#15657 = FACE_BOUND('',#15658,.T.);
#15658 = EDGE_LOOP('',(#15659));
#15659 = ORIENTED_EDGE('',*,*,#15635,.F.);
#15660 = PLANE('',#15661);
#15661 = AXIS2_PLACEMENT_3D('',#15662,#15663,#15664);
#15662 = CARTESIAN_POINT('',(-5.017,26.6,-17.06));
#15663 = DIRECTION('',(1.,0.,0.));
#15664 = DIRECTION('',(-0.,0.,1.));
#15665 = MANIFOLD_SOLID_BREP('',#15666);
#15666 = CLOSED_SHELL('',(#15667,#15700,#15709));
#15667 = ADVANCED_FACE('',(#15668),#15695,.T.);
#15668 = FACE_BOUND('',#15669,.T.);
#15669 = EDGE_LOOP('',(#15670,#15679,#15687,#15694));
#15670 = ORIENTED_EDGE('',*,*,#15671,.F.);
#15671 = EDGE_CURVE('',#15672,#15672,#15674,.T.);
#15672 = VERTEX_POINT('',#15673);
#15673 = CARTESIAN_POINT('',(5.017,26.6,-15.16));
#15674 = CIRCLE('',#15675,0.4);
#15675 = AXIS2_PLACEMENT_3D('',#15676,#15677,#15678);
#15676 = CARTESIAN_POINT('',(5.017,26.6,-15.56));
#15677 = DIRECTION('',(1.,0.,0.));
#15678 = DIRECTION('',(-0.,0.,1.));
#15679 = ORIENTED_EDGE('',*,*,#15680,.F.);
#15680 = EDGE_CURVE('',#15681,#15672,#15683,.T.);
#15681 = VERTEX_POINT('',#15682);
#15682 = CARTESIAN_POINT('',(-5.017,26.6,-15.16));
#15683 = LINE('',#15684,#15685);
#15684 = CARTESIAN_POINT('',(-5.017,26.6,-15.16));
#15685 = VECTOR('',#15686,1.);
#15686 = DIRECTION('',(1.,0.,0.));
#15687 = ORIENTED_EDGE('',*,*,#15688,.T.);
#15688 = EDGE_CURVE('',#15681,#15681,#15689,.T.);
#15689 = CIRCLE('',#15690,0.4);
#15690 = AXIS2_PLACEMENT_3D('',#15691,#15692,#15693);
#15691 = CARTESIAN_POINT('',(-5.017,26.6,-15.56));
#15692 = DIRECTION('',(1.,0.,0.));
#15693 = DIRECTION('',(-0.,0.,1.));
#15694 = ORIENTED_EDGE('',*,*,#15680,.T.);
#15695 = CYLINDRICAL_SURFACE('',#15696,0.4);
#15696 = AXIS2_PLACEMENT_3D('',#15697,#15698,#15699);
#15697 = CARTESIAN_POINT('',(-5.017,26.6,-15.56));
#15698 = DIRECTION('',(1.,0.,0.));
#15699 = DIRECTION('',(-0.,0.,1.));
#15700 = ADVANCED_FACE('',(#15701),#15704,.T.);
#15701 = FACE_BOUND('',#15702,.T.);
#15702 = EDGE_LOOP('',(#15703));
#15703 = ORIENTED_EDGE('',*,*,#15671,.T.);
#15704 = PLANE('',#15705);
#15705 = AXIS2_PLACEMENT_3D('',#15706,#15707,#15708);
#15706 = CARTESIAN_POINT('',(5.017,26.6,-15.56));
#15707 = DIRECTION('',(1.,0.,0.));
#15708 = DIRECTION('',(-0.,0.,1.));
#15709 = ADVANCED_FACE('',(#15710),#15713,.F.);
#15710 = FACE_BOUND('',#15711,.T.);
#15711 = EDGE_LOOP('',(#15712));
#15712 = ORIENTED_EDGE('',*,*,#15688,.F.);
#15713 = PLANE('',#15714);
#15714 = AXIS2_PLACEMENT_3D('',#15715,#15716,#15717);
#15715 = CARTESIAN_POINT('',(-5.017,26.6,-15.56));
#15716 = DIRECTION('',(1.,0.,0.));
#15717 = DIRECTION('',(-0.,0.,1.));
#15718 = MANIFOLD_SOLID_BREP('',#15719);
#15719 = CLOSED_SHELL('',(#15720,#15753,#15762));
#15720 = ADVANCED_FACE('',(#15721),#15748,.T.);
#15721 = FACE_BOUND('',#15722,.T.);
#15722 = EDGE_LOOP('',(#15723,#15732,#15740,#15747));
#15723 = ORIENTED_EDGE('',*,*,#15724,.F.);
#15724 = EDGE_CURVE('',#15725,#15725,#15727,.T.);
#15725 = VERTEX_POINT('',#15726);
#15726 = CARTESIAN_POINT('',(5.017,26.6,-13.66));
#15727 = CIRCLE('',#15728,0.4);
#15728 = AXIS2_PLACEMENT_3D('',#15729,#15730,#15731);
#15729 = CARTESIAN_POINT('',(5.017,26.6,-14.06));
#15730 = DIRECTION('',(1.,0.,0.));
#15731 = DIRECTION('',(-0.,0.,1.));
#15732 = ORIENTED_EDGE('',*,*,#15733,.F.);
#15733 = EDGE_CURVE('',#15734,#15725,#15736,.T.);
#15734 = VERTEX_POINT('',#15735);
#15735 = CARTESIAN_POINT('',(-5.017,26.6,-13.66));
#15736 = LINE('',#15737,#15738);
#15737 = CARTESIAN_POINT('',(-5.017,26.6,-13.66));
#15738 = VECTOR('',#15739,1.);
#15739 = DIRECTION('',(1.,0.,0.));
#15740 = ORIENTED_EDGE('',*,*,#15741,.T.);
#15741 = EDGE_CURVE('',#15734,#15734,#15742,.T.);
#15742 = CIRCLE('',#15743,0.4);
#15743 = AXIS2_PLACEMENT_3D('',#15744,#15745,#15746);
#15744 = CARTESIAN_POINT('',(-5.017,26.6,-14.06));
#15745 = DIRECTION('',(1.,0.,0.));
#15746 = DIRECTION('',(-0.,0.,1.));
#15747 = ORIENTED_EDGE('',*,*,#15733,.T.);
#15748 = CYLINDRICAL_SURFACE('',#15749,0.4);
#15749 = AXIS2_PLACEMENT_3D('',#15750,#15751,#15752);
#15750 = CARTESIAN_POINT('',(-5.017,26.6,-14.06));
#15751 = DIRECTION('',(1.,0.,0.));
#15752 = DIRECTION('',(-0.,0.,1.));
#15753 = ADVANCED_FACE('',(#15754),#15757,.T.);
#15754 = FACE_BOUND('',#15755,.T.);
#15755 = EDGE_LOOP('',(#15756));
#15756 = ORIENTED_EDGE('',*,*,#15724,.T.);
#15757 = PLANE('',#15758);
#15758 = AXIS2_PLACEMENT_3D('',#15759,#15760,#15761);
#15759 = CARTESIAN_POINT('',(5.017,26.6,-14.06));
#15760 = DIRECTION('',(1.,0.,0.));
#15761 = DIRECTION('',(-0.,0.,1.));
#15762 = ADVANCED_FACE('',(#15763),#15766,.F.);
#15763 = FACE_BOUND('',#15764,.T.);
#15764 = EDGE_LOOP('',(#15765));
#15765 = ORIENTED_EDGE('',*,*,#15741,.F.);
#15766 = PLANE('',#15767);
#15767 = AXIS2_PLACEMENT_3D('',#15768,#15769,#15770);
#15768 = CARTESIAN_POINT('',(-5.017,26.6,-14.06));
#15769 = DIRECTION('',(1.,0.,0.));
#15770 = DIRECTION('',(-0.,0.,1.));
#15771 = ( GEOMETRIC_REPRESENTATION_CONTEXT(3) 
GLOBAL_UNCERTAINTY_ASSIGNED_CONTEXT((#15775)) 
GLOBAL_UNIT_ASSIGNED_CONTEXT((#15772,#15773,#15774)) 
REPRESENTATION_CONTEXT('Context #1',
  '3D Context with UNIT and UNCERTAINTY') );
#15772 = ( LENGTH_UNIT() NAMED_UNIT(*) SI_UNIT(.MILLI.,.METRE.) );
#15773 = ( NAMED_UNIT(*) PLANE_ANGLE_UNIT() SI_UNIT($,.RADIAN.) );
#15774 = ( NAMED_UNIT(*) SI_UNIT($,.STERADIAN.) SOLID_ANGLE_UNIT() );
#15775 = UNCERTAINTY_MEASURE_WITH_UNIT(LENGTH_MEASURE(1.E-07),#15772,
  'distance_accuracy_value','confusion accuracy');
#15776 = PRODUCT_RELATED_PRODUCT_CATEGORY('part',$,(#7));
ENDSEC;
END-ISO-10303-21;
