0
SECTION
2
HEADER
9
$ACADVER
1
AC1009
9
$INSUNITS
70
4
9
$LTSCALE
40
1.0
9
$EXTMIN
10
0.0000
20
0.0000
30
0.0
9
$EXTMAX
10
841.0000
20
594.0000
30
0.0
0
ENDSEC
0
SECTION
2
TABLES
0
TABLE
2
LTYPE
70
4
0
LTYPE
2
CONTINUOUS
70
0
3
Solid line
72
65
73
0
40
0.0000
0
LTYPE
2
HIDDEN
70
0
3
Hidden __ __ __ __
72
65
73
2
40
3.6000
49
2.4000
49
-1.2000
0
LTYPE
2
CENTER
70
0
3
Center ____ _ ____ _
72
65
73
4
40
11.2000
49
7.0000
49
-1.4000
49
1.4000
49
-1.4000
0
LTYPE
2
PHANTOM
70
0
3
Phantom ____ _ _ ____
72
65
73
6
40
21.0000
49
11.0000
49
-2.0000
49
2.0000
49
-2.0000
49
2.0000
49
-2.0000
0
ENDTAB
0
TABLE
2
LAYER
70
12
0
LAYER
2
0
70
0
62
7
6
CONTINUOUS
0
LAYER
2
VISIBLE
70
0
62
7
6
CONTINUOUS
0
LAYER
2
SECTION
70
0
62
7
6
CONTINUOUS
0
LAYER
2
HIDDEN
70
0
62
8
6
HIDDEN
0
LAYER
2
CENTER
70
0
62
4
6
CENTER
0
LAYER
2
DIM
70
0
62
3
6
CONTINUOUS
0
LAYER
2
TEXT
70
0
62
3
6
CONTINUOUS
0
LAYER
2
HATCH
70
0
62
5
6
CONTINUOUS
0
LAYER
2
CUT
70
0
62
1
6
PHANTOM
0
LAYER
2
CUTTHIN
70
0
62
1
6
PHANTOM
0
LAYER
2
FRAME
70
0
62
7
6
CONTINUOUS
0
LAYER
2
TITLE
70
0
62
7
6
CONTINUOUS
0
ENDTAB
0
ENDSEC
0
SECTION
2
ENTITIES
0
LINE
8
TITLE
10
5.000000
20
5.000000
30
0.0
11
836.000000
21
5.000000
31
0.0
0
LINE
8
TITLE
10
836.000000
20
5.000000
30
0.0
11
836.000000
21
589.000000
31
0.0
0
LINE
8
TITLE
10
836.000000
20
589.000000
30
0.0
11
5.000000
21
589.000000
31
0.0
0
LINE
8
TITLE
10
5.000000
20
589.000000
30
0.0
11
5.000000
21
5.000000
31
0.0
0
LINE
8
FRAME
10
10.000000
20
10.000000
30
0.0
11
831.000000
21
10.000000
31
0.0
0
LINE
8
FRAME
10
831.000000
20
10.000000
30
0.0
11
831.000000
21
584.000000
31
0.0
0
LINE
8
FRAME
10
831.000000
20
584.000000
30
0.0
11
10.000000
21
584.000000
31
0.0
0
LINE
8
FRAME
10
10.000000
20
584.000000
30
0.0
11
10.000000
21
10.000000
31
0.0
0
TEXT
8
TITLE
10
61.312500
20
586.500000
30
0.0
40
2.4000
1
1
72
1
73
2
11
61.312500
21
586.500000
31
0.0
0
TEXT
8
TITLE
10
61.312500
20
7.500000
30
0.0
40
2.4000
1
1
72
1
73
2
11
61.312500
21
7.500000
31
0.0
0
TEXT
8
TITLE
10
163.937500
20
586.500000
30
0.0
40
2.4000
1
2
72
1
73
2
11
163.937500
21
586.500000
31
0.0
0
TEXT
8
TITLE
10
163.937500
20
7.500000
30
0.0
40
2.4000
1
2
72
1
73
2
11
163.937500
21
7.500000
31
0.0
0
LINE
8
TITLE
10
112.625000
20
5.000000
30
0.0
11
112.625000
21
10.000000
31
0.0
0
LINE
8
TITLE
10
112.625000
20
584.000000
30
0.0
11
112.625000
21
589.000000
31
0.0
0
TEXT
8
TITLE
10
266.562500
20
586.500000
30
0.0
40
2.4000
1
3
72
1
73
2
11
266.562500
21
586.500000
31
0.0
0
TEXT
8
TITLE
10
266.562500
20
7.500000
30
0.0
40
2.4000
1
3
72
1
73
2
11
266.562500
21
7.500000
31
0.0
0
LINE
8
TITLE
10
215.250000
20
5.000000
30
0.0
11
215.250000
21
10.000000
31
0.0
0
LINE
8
TITLE
10
215.250000
20
584.000000
30
0.0
11
215.250000
21
589.000000
31
0.0
0
TEXT
8
TITLE
10
369.187500
20
586.500000
30
0.0
40
2.4000
1
4
72
1
73
2
11
369.187500
21
586.500000
31
0.0
0
TEXT
8
TITLE
10
369.187500
20
7.500000
30
0.0
40
2.4000
1
4
72
1
73
2
11
369.187500
21
7.500000
31
0.0
0
LINE
8
TITLE
10
317.875000
20
5.000000
30
0.0
11
317.875000
21
10.000000
31
0.0
0
LINE
8
TITLE
10
317.875000
20
584.000000
30
0.0
11
317.875000
21
589.000000
31
0.0
0
TEXT
8
TITLE
10
471.812500
20
586.500000
30
0.0
40
2.4000
1
5
72
1
73
2
11
471.812500
21
586.500000
31
0.0
0
TEXT
8
TITLE
10
471.812500
20
7.500000
30
0.0
40
2.4000
1
5
72
1
73
2
11
471.812500
21
7.500000
31
0.0
0
LINE
8
TITLE
10
420.500000
20
5.000000
30
0.0
11
420.500000
21
10.000000
31
0.0
0
LINE
8
TITLE
10
420.500000
20
584.000000
30
0.0
11
420.500000
21
589.000000
31
0.0
0
TEXT
8
TITLE
10
574.437500
20
586.500000
30
0.0
40
2.4000
1
6
72
1
73
2
11
574.437500
21
586.500000
31
0.0
0
TEXT
8
TITLE
10
574.437500
20
7.500000
30
0.0
40
2.4000
1
6
72
1
73
2
11
574.437500
21
7.500000
31
0.0
0
LINE
8
TITLE
10
523.125000
20
5.000000
30
0.0
11
523.125000
21
10.000000
31
0.0
0
LINE
8
TITLE
10
523.125000
20
584.000000
30
0.0
11
523.125000
21
589.000000
31
0.0
0
TEXT
8
TITLE
10
677.062500
20
586.500000
30
0.0
40
2.4000
1
7
72
1
73
2
11
677.062500
21
586.500000
31
0.0
0
TEXT
8
TITLE
10
677.062500
20
7.500000
30
0.0
40
2.4000
1
7
72
1
73
2
11
677.062500
21
7.500000
31
0.0
0
LINE
8
TITLE
10
625.750000
20
5.000000
30
0.0
11
625.750000
21
10.000000
31
0.0
0
LINE
8
TITLE
10
625.750000
20
584.000000
30
0.0
11
625.750000
21
589.000000
31
0.0
0
TEXT
8
TITLE
10
779.687500
20
586.500000
30
0.0
40
2.4000
1
8
72
1
73
2
11
779.687500
21
586.500000
31
0.0
0
TEXT
8
TITLE
10
779.687500
20
7.500000
30
0.0
40
2.4000
1
8
72
1
73
2
11
779.687500
21
7.500000
31
0.0
0
LINE
8
TITLE
10
728.375000
20
5.000000
30
0.0
11
728.375000
21
10.000000
31
0.0
0
LINE
8
TITLE
10
728.375000
20
584.000000
30
0.0
11
728.375000
21
589.000000
31
0.0
0
TEXT
8
TITLE
10
7.500000
20
67.400000
30
0.0
40
2.4000
1
E
72
1
73
2
11
7.500000
21
67.400000
31
0.0
0
TEXT
8
TITLE
10
833.500000
20
67.400000
30
0.0
40
2.4000
1
E
72
1
73
2
11
833.500000
21
67.400000
31
0.0
0
TEXT
8
TITLE
10
7.500000
20
182.200000
30
0.0
40
2.4000
1
D
72
1
73
2
11
7.500000
21
182.200000
31
0.0
0
TEXT
8
TITLE
10
833.500000
20
182.200000
30
0.0
40
2.4000
1
D
72
1
73
2
11
833.500000
21
182.200000
31
0.0
0
LINE
8
TITLE
10
5.000000
20
124.800000
30
0.0
11
10.000000
21
124.800000
31
0.0
0
LINE
8
TITLE
10
831.000000
20
124.800000
30
0.0
11
836.000000
21
124.800000
31
0.0
0
TEXT
8
TITLE
10
7.500000
20
297.000000
30
0.0
40
2.4000
1
C
72
1
73
2
11
7.500000
21
297.000000
31
0.0
0
TEXT
8
TITLE
10
833.500000
20
297.000000
30
0.0
40
2.4000
1
C
72
1
73
2
11
833.500000
21
297.000000
31
0.0
0
LINE
8
TITLE
10
5.000000
20
239.600000
30
0.0
11
10.000000
21
239.600000
31
0.0
0
LINE
8
TITLE
10
831.000000
20
239.600000
30
0.0
11
836.000000
21
239.600000
31
0.0
0
TEXT
8
TITLE
10
7.500000
20
411.800000
30
0.0
40
2.4000
1
B
72
1
73
2
11
7.500000
21
411.800000
31
0.0
0
TEXT
8
TITLE
10
833.500000
20
411.800000
30
0.0
40
2.4000
1
B
72
1
73
2
11
833.500000
21
411.800000
31
0.0
0
LINE
8
TITLE
10
5.000000
20
354.400000
30
0.0
11
10.000000
21
354.400000
31
0.0
0
LINE
8
TITLE
10
831.000000
20
354.400000
30
0.0
11
836.000000
21
354.400000
31
0.0
0
TEXT
8
TITLE
10
7.500000
20
526.600000
30
0.0
40
2.4000
1
A
72
1
73
2
11
7.500000
21
526.600000
31
0.0
0
TEXT
8
TITLE
10
833.500000
20
526.600000
30
0.0
40
2.4000
1
A
72
1
73
2
11
833.500000
21
526.600000
31
0.0
0
LINE
8
TITLE
10
5.000000
20
469.200000
30
0.0
11
10.000000
21
469.200000
31
0.0
0
LINE
8
TITLE
10
831.000000
20
469.200000
30
0.0
11
836.000000
21
469.200000
31
0.0
0
LINE
8
VISIBLE
10
285.339244
20
174.181818
30
0.0
11
285.339244
21
176.185631
31
0.0
0
LINE
8
VISIBLE
10
285.339244
20
176.185631
30
0.0
11
287.339244
21
176.185631
31
0.0
0
LINE
8
VISIBLE
10
287.339244
20
176.185631
30
0.0
11
287.339244
21
174.670633
31
0.0
0
LINE
8
VISIBLE
10
285.339244
20
174.181818
30
0.0
11
287.339244
21
174.670633
31
0.0
0
LINE
8
VISIBLE
10
285.339244
20
172.195142
30
0.0
11
285.339244
21
174.181818
31
0.0
0
LINE
8
VISIBLE
10
285.339244
20
170.242591
30
0.0
11
285.339244
21
172.195142
31
0.0
0
LINE
8
VISIBLE
10
285.339244
20
176.185631
30
0.0
11
285.339244
21
220.385631
31
0.0
0
LINE
8
VISIBLE
10
285.339244
20
168.340866
30
0.0
11
285.339244
21
170.242591
31
0.0
0
LINE
8
VISIBLE
10
285.339244
20
166.506229
30
0.0
11
285.339244
21
168.340866
31
0.0
0
LINE
8
VISIBLE
10
285.339244
20
164.754369
30
0.0
11
285.339244
21
166.506229
31
0.0
0
LINE
8
VISIBLE
10
285.339244
20
163.100270
30
0.0
11
285.339244
21
164.754369
31
0.0
0
LINE
8
VISIBLE
10
285.339244
20
161.558076
30
0.0
11
285.339244
21
163.100270
31
0.0
0
LINE
8
VISIBLE
10
285.339244
20
160.140976
30
0.0
11
285.339244
21
161.558076
31
0.0
0
LINE
8
VISIBLE
10
285.339244
20
158.861089
30
0.0
11
285.339244
21
160.140976
31
0.0
0
LINE
8
VISIBLE
10
285.339244
20
157.729362
30
0.0
11
285.339244
21
158.861089
31
0.0
0
LINE
8
VISIBLE
10
285.339244
20
156.755471
30
0.0
11
285.339244
21
157.729362
31
0.0
0
LINE
8
VISIBLE
10
285.339244
20
155.947747
30
0.0
11
285.339244
21
156.755471
31
0.0
0
LINE
8
VISIBLE
10
285.339244
20
155.313096
30
0.0
11
285.339244
21
155.947747
31
0.0
0
LINE
8
VISIBLE
10
285.339244
20
154.856947
30
0.0
11
285.339244
21
155.313096
31
0.0
0
LINE
8
VISIBLE
10
285.339244
20
221.985631
30
0.0
11
285.339244
21
246.325631
31
0.0
0
LINE
8
VISIBLE
10
285.339244
20
154.583199
30
0.0
11
285.339244
21
154.856947
31
0.0
0
LINE
8
VISIBLE
10
285.339244
20
246.325631
30
0.0
11
285.339244
21
248.422752
31
0.0
0
LINE
8
VISIBLE
10
285.339244
20
154.494195
30
0.0
11
285.339244
21
154.583199
31
0.0
0
LINE
8
VISIBLE
10
285.339244
20
248.422752
30
0.0
11
285.339244
21
250.499677
31
0.0
0
LINE
8
VISIBLE
10
285.339244
20
250.499677
30
0.0
11
285.339244
21
252.536404
31
0.0
0
LINE
8
VISIBLE
10
285.339244
20
252.536404
30
0.0
11
285.339244
21
254.513317
31
0.0
0
LINE
8
VISIBLE
10
285.339244
20
254.513317
30
0.0
11
285.339244
21
256.411378
31
0.0
0
LINE
8
VISIBLE
10
285.339244
20
256.411378
30
0.0
11
285.339244
21
258.212309
31
0.0
0
LINE
8
VISIBLE
10
285.339244
20
258.212309
30
0.0
11
285.339244
21
259.898764
31
0.0
0
LINE
8
VISIBLE
10
285.339244
20
259.898764
30
0.0
11
285.339244
21
261.454502
31
0.0
0
LINE
8
VISIBLE
10
285.339244
20
261.454502
30
0.0
11
285.339244
21
262.864541
31
0.0
0
LINE
8
VISIBLE
10
285.339244
20
262.864541
30
0.0
11
285.339244
21
264.115301
31
0.0
0
LINE
8
VISIBLE
10
285.339244
20
264.115301
30
0.0
11
285.339244
21
265.194737
31
0.0
0
LINE
8
VISIBLE
10
285.339244
20
265.194737
30
0.0
11
285.339244
21
266.092453
31
0.0
0
LINE
8
VISIBLE
10
285.339244
20
266.092453
30
0.0
11
285.339244
21
266.799804
31
0.0
0
LINE
8
VISIBLE
10
285.339244
20
266.799804
30
0.0
11
285.339244
21
267.309978
31
0.0
0
LINE
8
VISIBLE
10
285.339244
20
267.309978
30
0.0
11
285.339244
21
267.618060
31
0.0
0
LINE
8
VISIBLE
10
285.339244
20
267.618060
30
0.0
11
285.339244
21
267.633224
31
0.0
0
LINE
8
VISIBLE
10
287.339244
20
174.670633
30
0.0
11
287.339244
21
173.168592
31
0.0
0
LINE
8
VISIBLE
10
287.339244
20
246.325631
30
0.0
11
287.339244
21
176.185631
31
0.0
0
LINE
8
VISIBLE
10
287.339244
20
173.168592
30
0.0
11
287.339244
21
171.692352
31
0.0
0
LINE
8
VISIBLE
10
287.339244
20
247.893824
30
0.0
11
287.339244
21
246.325631
31
0.0
0
LINE
8
VISIBLE
10
287.339244
20
171.692352
30
0.0
11
287.339244
21
170.254538
31
0.0
0
LINE
8
VISIBLE
10
287.339244
20
249.446913
30
0.0
11
287.339244
21
247.893824
31
0.0
0
LINE
8
VISIBLE
10
287.339244
20
170.254538
30
0.0
11
287.339244
21
168.867447
31
0.0
0
LINE
8
VISIBLE
10
287.339244
20
250.969943
30
0.0
11
287.339244
21
249.446913
31
0.0
0
LINE
8
VISIBLE
10
287.339244
20
168.867447
30
0.0
11
287.339244
21
167.542941
31
0.0
0
LINE
8
VISIBLE
10
287.339244
20
252.448246
30
0.0
11
287.339244
21
250.969943
31
0.0
0
LINE
8
VISIBLE
10
287.339244
20
167.542941
30
0.0
11
287.339244
21
166.292347
31
0.0
0
LINE
8
VISIBLE
10
287.339244
20
253.867585
30
0.0
11
287.339244
21
252.448246
31
0.0
0
LINE
8
VISIBLE
10
287.339244
20
166.292347
30
0.0
11
287.339244
21
165.126359
31
0.0
0
LINE
8
VISIBLE
10
287.339244
20
255.214291
30
0.0
11
287.339244
21
253.867585
31
0.0
0
LINE
8
VISIBLE
10
287.339244
20
165.126359
30
0.0
11
287.339244
21
164.054951
31
0.0
0
LINE
8
VISIBLE
10
287.339244
20
256.475394
30
0.0
11
287.339244
21
255.214291
31
0.0
0
LINE
8
VISIBLE
10
287.339244
20
164.054951
30
0.0
11
287.339244
21
163.087283
31
0.0
0
LINE
8
VISIBLE
10
287.339244
20
257.638749
30
0.0
11
287.339244
21
256.475394
31
0.0
0
LINE
8
VISIBLE
10
287.339244
20
163.087283
30
0.0
11
287.339244
21
162.231632
31
0.0
0
LINE
8
VISIBLE
10
287.339244
20
258.693153
30
0.0
11
287.339244
21
257.638749
31
0.0
0
LINE
8
VISIBLE
10
287.339244
20
162.231632
30
0.0
11
287.339244
21
161.495315
31
0.0
0
LINE
8
VISIBLE
10
287.339244
20
259.628450
30
0.0
11
287.339244
21
258.693153
31
0.0
0
LINE
8
VISIBLE
10
287.339244
20
161.495315
30
0.0
11
287.339244
21
160.884629
31
0.0
0
LINE
8
VISIBLE
10
287.339244
20
260.435634
30
0.0
11
287.339244
21
259.628450
31
0.0
0
LINE
8
VISIBLE
10
287.339244
20
160.884629
30
0.0
11
287.339244
21
160.404796
31
0.0
0
LINE
8
VISIBLE
10
287.339244
20
261.106932
30
0.0
11
287.339244
21
260.435634
31
0.0
0
LINE
8
VISIBLE
10
287.339244
20
160.404796
30
0.0
11
287.339244
21
160.059921
31
0.0
0
LINE
8
VISIBLE
10
287.339244
20
261.635877
30
0.0
11
287.339244
21
261.106932
31
0.0
0
LINE
8
VISIBLE
10
287.339244
20
160.059921
30
0.0
11
287.339244
21
159.852952
31
0.0
0
LINE
8
VISIBLE
10
287.339244
20
262.017376
30
0.0
11
287.339244
21
261.635877
31
0.0
0
LINE
8
VISIBLE
10
287.339244
20
159.852952
30
0.0
11
287.339244
21
159.785660
31
0.0
0
LINE
8
VISIBLE
10
287.339244
20
262.247755
30
0.0
11
287.339244
21
262.017376
31
0.0
0
LINE
8
VISIBLE
10
287.339244
20
262.328796
30
0.0
11
287.339244
21
262.247755
31
0.0
0
LINE
8
VISIBLE
10
287.339244
20
263.853260
30
0.0
11
287.339244
21
262.328796
31
0.0
0
LINE
8
VISIBLE
10
285.339244
20
172.195142
30
0.0
11
286.819861
21
172.646987
31
0.0
0
LINE
8
VISIBLE
10
286.819861
20
172.646987
30
0.0
11
287.339244
21
173.168592
31
0.0
0
LINE
8
VISIBLE
10
285.339244
20
170.242591
30
0.0
11
287.081961
21
171.140183
31
0.0
0
LINE
8
VISIBLE
10
287.081961
20
171.140183
30
0.0
11
287.339244
21
171.692352
31
0.0
0
LINE
8
VISIBLE
10
285.339244
20
246.325631
30
0.0
11
287.339244
21
246.325631
31
0.0
0
LINE
8
VISIBLE
10
285.339244
20
168.340866
30
0.0
11
287.006097
21
169.427692
31
0.0
0
LINE
8
VISIBLE
10
287.006097
20
169.427692
30
0.0
11
287.339244
21
170.254538
31
0.0
0
LINE
8
VISIBLE
10
284.630710
20
220.385631
30
0.0
11
285.939244
21
220.385631
31
0.0
0
LINE
8
VISIBLE
10
285.339244
20
166.506229
30
0.0
11
286.948802
21
167.765418
31
0.0
0
LINE
8
VISIBLE
10
286.948802
20
167.765418
30
0.0
11
287.339244
21
168.867447
31
0.0
0
LINE
8
VISIBLE
10
284.630710
20
219.462262
30
0.0
11
285.339244
21
219.462262
31
0.0
0
LINE
8
VISIBLE
10
285.339244
20
164.754369
30
0.0
11
286.905913
21
166.174005
31
0.0
0
LINE
8
VISIBLE
10
286.905913
20
166.174005
30
0.0
11
287.339244
21
167.542941
31
0.0
0
LINE
8
VISIBLE
10
284.630710
20
215.385631
30
0.0
11
285.339244
21
215.385631
31
0.0
0
LINE
8
VISIBLE
10
285.339244
20
163.100270
30
0.0
11
286.873647
21
164.669904
31
0.0
0
LINE
8
VISIBLE
10
286.873647
20
164.669904
30
0.0
11
287.339244
21
166.292347
31
0.0
0
LINE
8
VISIBLE
10
285.339244
20
161.558076
30
0.0
11
286.840607
21
163.251609
31
0.0
0
LINE
8
VISIBLE
10
286.840607
20
163.251609
30
0.0
11
287.339244
21
165.126359
31
0.0
0
LINE
8
VISIBLE
10
285.339244
20
160.140976
30
0.0
11
286.811683
21
161.941859
31
0.0
0
LINE
8
VISIBLE
10
286.811683
20
161.941859
30
0.0
11
287.339244
21
164.054951
31
0.0
0
LINE
8
VISIBLE
10
285.339244
20
158.861089
30
0.0
11
286.789333
21
160.759547
31
0.0
0
LINE
8
VISIBLE
10
286.789333
20
160.759547
30
0.0
11
287.339244
21
163.087283
31
0.0
0
LINE
8
VISIBLE
10
285.339244
20
157.729362
30
0.0
11
286.772067
21
159.714655
31
0.0
0
LINE
8
VISIBLE
10
286.772067
20
159.714655
30
0.0
11
287.339244
21
162.231632
31
0.0
0
LINE
8
VISIBLE
10
284.630710
20
226.985631
30
0.0
11
285.339244
21
226.985631
31
0.0
0
LINE
8
VISIBLE
10
285.339244
20
156.755471
30
0.0
11
286.758818
21
158.815929
31
0.0
0
LINE
8
VISIBLE
10
286.758818
20
158.815929
30
0.0
11
287.339244
21
161.495315
31
0.0
0
LINE
8
VISIBLE
10
284.630710
20
222.909000
30
0.0
11
285.339244
21
222.909000
31
0.0
0
LINE
8
VISIBLE
10
285.339244
20
155.947747
30
0.0
11
286.748822
21
158.070859
31
0.0
0
LINE
8
VISIBLE
10
286.748822
20
158.070859
30
0.0
11
287.339244
21
160.884629
31
0.0
0
LINE
8
VISIBLE
10
285.339244
20
155.313096
30
0.0
11
286.741536
21
157.485638
31
0.0
0
LINE
8
VISIBLE
10
286.741536
20
157.485638
30
0.0
11
287.339244
21
160.404796
31
0.0
0
LINE
8
VISIBLE
10
284.630710
20
221.985631
30
0.0
11
285.939244
21
221.985631
31
0.0
0
LINE
8
VISIBLE
10
285.339244
20
154.856947
30
0.0
11
286.736584
21
157.065123
31
0.0
0
LINE
8
VISIBLE
10
286.736584
20
157.065123
30
0.0
11
287.339244
21
160.059921
31
0.0
0
LINE
8
VISIBLE
10
285.339244
20
154.583199
30
0.0
11
286.733720
21
156.812804
31
0.0
0
LINE
8
VISIBLE
10
286.733720
20
156.812804
30
0.0
11
287.339244
21
159.852952
31
0.0
0
LINE
8
VISIBLE
10
285.339244
20
248.422752
30
0.0
11
287.339244
21
247.893824
31
0.0
0
LINE
8
VISIBLE
10
285.339244
20
154.494195
30
0.0
11
286.732806
21
156.730774
31
0.0
0
LINE
8
VISIBLE
10
286.732806
20
156.730774
30
0.0
11
287.339244
21
159.785660
31
0.0
0
LINE
8
VISIBLE
10
285.339244
20
250.499677
30
0.0
11
286.819861
21
250.005371
31
0.0
0
LINE
8
VISIBLE
10
286.819861
20
250.005371
30
0.0
11
287.339244
21
249.446913
31
0.0
0
LINE
8
VISIBLE
10
285.339244
20
252.536404
30
0.0
11
287.069293
21
251.572999
31
0.0
0
LINE
8
VISIBLE
10
287.069293
20
251.572999
30
0.0
11
287.339244
21
250.969943
31
0.0
0
LINE
8
VISIBLE
10
285.339244
20
254.513317
30
0.0
11
286.994832
21
253.344360
31
0.0
0
LINE
8
VISIBLE
10
286.994832
20
253.344360
30
0.0
11
287.339244
21
252.448246
31
0.0
0
LINE
8
VISIBLE
10
285.339244
20
256.411378
30
0.0
11
286.940119
21
255.054117
31
0.0
0
LINE
8
VISIBLE
10
286.940119
20
255.054117
30
0.0
11
287.339244
21
253.867585
31
0.0
0
LINE
8
VISIBLE
10
285.339244
20
258.212309
30
0.0
11
286.900062
21
256.679650
31
0.0
0
LINE
8
VISIBLE
10
286.900062
20
256.679650
30
0.0
11
287.339244
21
255.214291
31
0.0
0
LINE
8
VISIBLE
10
285.339244
20
259.898764
30
0.0
11
286.869006
21
258.205435
31
0.0
0
LINE
8
VISIBLE
10
286.869006
20
258.205435
30
0.0
11
287.339244
21
256.475394
31
0.0
0
LINE
8
VISIBLE
10
285.339244
20
261.454502
30
0.0
11
286.834832
21
259.634231
31
0.0
0
LINE
8
VISIBLE
10
286.834832
20
259.634231
30
0.0
11
287.339244
21
257.638749
31
0.0
0
LINE
8
VISIBLE
10
285.339244
20
262.864541
30
0.0
11
286.808978
21
260.928409
31
0.0
0
LINE
8
VISIBLE
10
286.808978
20
260.928409
30
0.0
11
287.339244
21
258.693153
31
0.0
0
LINE
8
VISIBLE
10
285.339244
20
264.115301
30
0.0
11
286.789365
21
262.075643
31
0.0
0
LINE
8
VISIBLE
10
286.789365
20
262.075643
30
0.0
11
287.339244
21
259.628450
31
0.0
0
LINE
8
VISIBLE
10
285.339244
20
265.194737
30
0.0
11
286.774541
21
263.065133
31
0.0
0
LINE
8
VISIBLE
10
286.774541
20
263.065133
30
0.0
11
287.339244
21
260.435634
31
0.0
0
LINE
8
VISIBLE
10
285.339244
20
266.092453
30
0.0
11
286.763490
21
263.887614
31
0.0
0
LINE
8
VISIBLE
10
286.763490
20
263.887614
30
0.0
11
287.339244
21
261.106932
31
0.0
0
LINE
8
VISIBLE
10
285.339244
20
266.799804
30
0.0
11
286.755505
21
264.535411
31
0.0
0
LINE
8
VISIBLE
10
286.755505
20
264.535411
30
0.0
11
287.339244
21
261.635877
31
0.0
0
LINE
8
VISIBLE
10
285.339244
20
267.309978
30
0.0
11
286.750107
21
265.002483
31
0.0
0
LINE
8
VISIBLE
10
286.750107
20
265.002483
30
0.0
11
287.339244
21
262.017376
31
0.0
0
LINE
8
VISIBLE
10
285.339244
20
267.618060
30
0.0
11
286.746983
21
265.284478
31
0.0
0
LINE
8
VISIBLE
10
286.746983
20
265.284478
30
0.0
11
287.339244
21
262.247755
31
0.0
0
LINE
8
VISIBLE
10
285.939244
20
266.923285
30
0.0
11
287.059311
21
264.443728
31
0.0
0
LINE
8
VISIBLE
10
287.059311
20
264.443728
30
0.0
11
287.339244
21
262.328796
31
0.0
0
LINE
8
VISIBLE
10
285.339239
20
267.633230
30
0.0
11
285.939244
21
266.831290
31
0.0
0
LINE
8
VISIBLE
10
285.939244
20
266.831290
30
0.0
11
285.939244
21
269.539631
31
0.0
0
LINE
8
VISIBLE
10
283.066477
20
269.539631
30
0.0
11
285.939244
21
269.539631
31
0.0
0
LINE
8
VISIBLE
10
283.066477
20
269.539631
30
0.0
11
284.630716
21
268.378993
31
0.0
0
LINE
8
VISIBLE
10
284.630710
20
265.463000
30
0.0
11
285.339244
21
265.463000
31
0.0
0
LINE
8
VISIBLE
10
284.630710
20
264.539631
30
0.0
11
285.339244
21
264.539631
31
0.0
0
LINE
8
VISIBLE
10
284.630710
20
262.939631
30
0.0
11
285.339244
21
262.939631
31
0.0
0
LINE
8
VISIBLE
10
284.630710
20
262.016262
30
0.0
11
285.339244
21
262.016262
31
0.0
0
LINE
8
VISIBLE
10
284.630710
20
257.939631
30
0.0
11
285.339244
21
257.939631
31
0.0
0
LINE
8
VISIBLE
10
285.939244
20
268.445806
30
0.0
11
287.056694
21
265.980854
31
0.0
0
LINE
8
VISIBLE
10
287.056694
20
265.980854
30
0.0
11
287.339244
21
263.853260
31
0.0
0
LINE
8
VISIBLE
10
284.630710
20
183.455631
30
0.0
11
285.339244
21
183.455631
31
0.0
0
LINE
8
VISIBLE
10
284.630710
20
255.009631
30
0.0
11
285.339244
21
255.009631
31
0.0
0
LINE
8
VISIBLE
10
284.630710
20
233.463000
30
0.0
11
285.339244
21
233.463000
31
0.0
0
LINE
8
VISIBLE
10
284.630710
20
237.539631
30
0.0
11
285.339244
21
237.539631
31
0.0
0
LINE
8
VISIBLE
10
284.630710
20
232.539631
30
0.0
11
285.339244
21
232.539631
31
0.0
0
LINE
8
VISIBLE
10
284.630710
20
230.939631
30
0.0
11
285.339244
21
230.939631
31
0.0
0
LINE
8
VISIBLE
10
284.630710
20
230.016262
30
0.0
11
285.339244
21
230.016262
31
0.0
0
LINE
8
VISIBLE
10
285.939244
20
220.385631
30
0.0
11
285.939244
21
221.985631
31
0.0
0
LINE
8
VISIBLE
10
279.539244
20
270.731716
30
0.0
11
283.221090
21
269.539631
31
0.0
0
LINE
8
VISIBLE
10
284.630710
20
268.360128
30
0.0
11
284.630710
21
268.378998
31
0.0
0
LINE
8
VISIBLE
10
279.339244
20
270.626476
30
0.0
11
282.076301
21
270.003262
31
0.0
0
LINE
8
VISIBLE
10
282.076301
20
270.003262
30
0.0
11
284.630710
21
268.360128
31
0.0
0
LINE
8
VISIBLE
10
279.339244
20
270.640469
30
0.0
11
279.339244
21
270.626476
31
0.0
0
LINE
8
VISIBLE
10
279.339244
20
270.640469
30
0.0
11
279.539244
21
270.617928
31
0.0
0
LINE
8
VISIBLE
10
279.539244
20
272.119287
30
0.0
11
281.697646
21
271.742079
31
0.0
0
LINE
8
VISIBLE
10
281.697646
20
271.742079
30
0.0
11
284.643587
21
269.970292
31
0.0
0
LINE
8
VISIBLE
10
284.641204
20
269.972130
30
0.0
11
284.643587
21
269.970292
31
0.0
0
LINE
8
VISIBLE
10
284.638217
20
269.539631
30
0.0
11
284.641204
21
269.972130
31
0.0
0
LINE
8
VISIBLE
10
284.630710
20
268.041309
30
0.0
11
284.630710
21
268.360128
31
0.0
0
LINE
8
VISIBLE
10
279.539244
20
270.258837
30
0.0
11
282.265171
21
269.580623
31
0.0
0
LINE
8
VISIBLE
10
282.265171
20
269.580623
30
0.0
11
284.630710
21
268.041309
31
0.0
0
LINE
8
VISIBLE
10
279.539244
20
270.588659
30
0.0
11
279.339244
21
270.587381
31
0.0
0
LINE
8
VISIBLE
10
279.339244
20
270.626476
30
0.0
11
279.339244
21
270.587381
31
0.0
0
LINE
8
VISIBLE
10
231.339244
20
273.029207
30
0.0
11
279.539244
21
270.524763
31
0.0
0
LINE
8
VISIBLE
10
279.539244
20
270.524763
30
0.0
11
279.539244
21
270.588659
31
0.0
0
LINE
8
VISIBLE
10
279.539244
20
270.617928
30
0.0
11
279.539244
21
270.681317
31
0.0
0
LINE
8
VISIBLE
10
231.339244
20
273.201963
30
0.0
11
279.539244
21
270.681317
31
0.0
0
LINE
8
VISIBLE
10
231.339244
20
273.029207
30
0.0
11
231.339244
21
273.201963
31
0.0
0
LINE
8
VISIBLE
10
279.539244
20
270.681317
30
0.0
11
279.539244
21
270.733576
31
0.0
0
LINE
8
VISIBLE
10
279.539244
20
270.733576
30
0.0
11
279.539244
21
272.436583
31
0.0
0
LINE
8
VISIBLE
10
275.739244
20
174.733631
30
0.0
11
275.739244
21
171.765631
31
0.0
0
LINE
8
VISIBLE
10
284.641841
20
269.726981
30
0.0
11
284.642713
21
269.724451
31
0.0
0
LINE
8
VISIBLE
10
284.643587
20
269.970292
30
0.0
11
284.641841
21
269.726981
31
0.0
0
LINE
8
VISIBLE
10
284.639515
20
269.727101
30
0.0
11
284.641841
21
269.726981
31
0.0
0
LINE
8
VISIBLE
10
284.630710
20
267.513355
30
0.0
11
284.630710
21
268.041309
31
0.0
0
LINE
8
VISIBLE
10
279.339244
20
269.692609
30
0.0
11
282.124891
21
269.073740
31
0.0
0
LINE
8
VISIBLE
10
282.124891
20
269.073740
30
0.0
11
284.630710
21
267.513355
31
0.0
0
LINE
8
VISIBLE
10
279.339244
20
269.757350
30
0.0
11
279.339244
21
269.692609
31
0.0
0
LINE
8
VISIBLE
10
279.339244
20
269.757350
30
0.0
11
279.539244
21
269.712663
31
0.0
0
LINE
8
VISIBLE
10
279.539244
20
269.712663
30
0.0
11
279.539244
21
269.901896
31
0.0
0
LINE
8
VISIBLE
10
279.539244
20
269.901896
30
0.0
11
279.539244
21
270.264584
31
0.0
0
LINE
8
VISIBLE
10
279.539244
20
270.264584
30
0.0
11
279.539244
21
270.524763
31
0.0
0
LINE
8
VISIBLE
10
231.339244
20
272.742102
30
0.0
11
231.339244
21
273.029207
31
0.0
0
LINE
8
VISIBLE
10
231.339244
20
272.742102
30
0.0
11
279.539244
21
270.264584
31
0.0
0
LINE
8
VISIBLE
10
279.485506
20
270.736393
30
0.0
11
279.539244
21
270.733576
31
0.0
0
LINE
8
VISIBLE
10
279.485506
20
270.736393
30
0.0
11
279.339244
21
270.736808
31
0.0
0
LINE
8
VISIBLE
10
231.339244
20
273.259631
30
0.0
11
279.339244
21
270.744058
31
0.0
0
LINE
8
VISIBLE
10
231.339244
20
273.201963
30
0.0
11
231.339244
21
273.259631
31
0.0
0
LINE
8
VISIBLE
10
231.339244
20
206.403813
30
0.0
11
231.339244
21
246.325631
31
0.0
0
LINE
8
VISIBLE
10
231.339244
20
246.325631
30
0.0
11
231.339244
21
248.087199
31
0.0
0
LINE
8
VISIBLE
10
231.339244
20
248.087199
30
0.0
11
231.339244
21
249.841224
31
0.0
0
LINE
8
VISIBLE
10
231.339244
20
249.841224
30
0.0
11
231.339244
21
251.580194
31
0.0
0
LINE
8
VISIBLE
10
231.339244
20
251.580194
30
0.0
11
231.339244
21
253.296663
31
0.0
0
LINE
8
VISIBLE
10
231.339244
20
253.296663
30
0.0
11
231.339244
21
254.983282
31
0.0
0
LINE
8
VISIBLE
10
231.339244
20
254.983282
30
0.0
11
231.339244
21
256.632827
31
0.0
0
LINE
8
VISIBLE
10
231.339244
20
256.632827
30
0.0
11
231.339244
21
258.238235
31
0.0
0
LINE
8
VISIBLE
10
231.339244
20
258.238235
30
0.0
11
231.339244
21
259.792631
31
0.0
0
LINE
8
VISIBLE
10
231.339244
20
259.792631
30
0.0
11
231.339244
21
261.289360
31
0.0
0
LINE
8
VISIBLE
10
231.339244
20
261.289360
30
0.0
11
231.339244
21
262.722012
31
0.0
0
LINE
8
VISIBLE
10
231.339244
20
262.722012
30
0.0
11
231.339244
21
264.084451
31
0.0
0
LINE
8
VISIBLE
10
231.339244
20
264.084451
30
0.0
11
231.339244
21
265.370845
31
0.0
0
LINE
8
VISIBLE
10
231.339244
20
265.370845
30
0.0
11
231.339244
21
266.575685
31
0.0
0
LINE
8
VISIBLE
10
231.339244
20
266.575685
30
0.0
11
231.339244
21
267.693810
31
0.0
0
LINE
8
VISIBLE
10
231.339244
20
267.693810
30
0.0
11
231.339244
21
268.720434
31
0.0
0
LINE
8
VISIBLE
10
231.339244
20
268.720434
30
0.0
11
231.339244
21
269.651159
31
0.0
0
LINE
8
VISIBLE
10
231.339244
20
269.651159
30
0.0
11
231.339244
21
270.482002
31
0.0
0
LINE
8
VISIBLE
10
231.339244
20
270.482002
30
0.0
11
231.339244
21
271.209403
31
0.0
0
LINE
8
VISIBLE
10
231.339244
20
271.209403
30
0.0
11
231.339244
21
271.830247
31
0.0
0
LINE
8
VISIBLE
10
231.339244
20
271.830247
30
0.0
11
231.339244
21
272.341877
31
0.0
0
LINE
8
VISIBLE
10
231.339244
20
272.341877
30
0.0
11
231.339244
21
272.742102
31
0.0
0
LINE
8
VISIBLE
10
231.339244
20
273.259631
30
0.0
11
231.339244
21
273.625334
31
0.0
0
LINE
8
VISIBLE
10
279.339244
20
270.804661
30
0.0
11
279.485506
21
270.736393
31
0.0
0
LINE
8
VISIBLE
10
279.539244
20
272.436583
30
0.0
11
279.139244
21
272.409939
31
0.0
0
LINE
8
VISIBLE
10
279.139244
20
272.409939
30
0.0
11
278.339244
21
272.370719
31
0.0
0
LINE
8
VISIBLE
10
278.339244
20
272.370719
30
0.0
11
276.339244
21
272.345699
31
0.0
0
LINE
8
VISIBLE
10
276.339244
20
272.345699
30
0.0
11
274.339244
21
272.369367
31
0.0
0
LINE
8
VISIBLE
10
270.339244
20
272.481622
30
0.0
11
274.339244
21
272.369367
31
0.0
0
LINE
8
VISIBLE
10
266.339244
20
272.626335
30
0.0
11
270.339244
21
272.481622
31
0.0
0
LINE
8
VISIBLE
10
262.339244
20
272.787278
30
0.0
11
266.339244
21
272.626335
31
0.0
0
LINE
8
VISIBLE
10
258.339244
20
272.948221
30
0.0
11
262.339244
21
272.787278
31
0.0
0
LINE
8
VISIBLE
10
256.339244
20
273.020578
30
0.0
11
258.339244
21
272.948221
31
0.0
0
LINE
8
VISIBLE
10
254.339244
20
273.109164
30
0.0
11
256.339244
21
273.020578
31
0.0
0
LINE
8
VISIBLE
10
252.339244
20
273.197750
30
0.0
11
254.339244
21
273.109164
31
0.0
0
LINE
8
VISIBLE
10
250.339244
20
273.270107
30
0.0
11
252.339244
21
273.197750
31
0.0
0
LINE
8
VISIBLE
10
248.339244
20
273.358693
30
0.0
11
250.339244
21
273.270107
31
0.0
0
LINE
8
VISIBLE
10
246.339244
20
273.431050
30
0.0
11
248.339244
21
273.358693
31
0.0
0
LINE
8
VISIBLE
10
244.339244
20
273.519636
30
0.0
11
246.339244
21
273.431050
31
0.0
0
LINE
8
VISIBLE
10
242.339244
20
273.591993
30
0.0
11
244.339244
21
273.519636
31
0.0
0
LINE
8
VISIBLE
10
240.339244
20
273.664349
30
0.0
11
242.339244
21
273.591993
31
0.0
0
LINE
8
VISIBLE
10
238.339244
20
273.720477
30
0.0
11
240.339244
21
273.664349
31
0.0
0
LINE
8
VISIBLE
10
236.339244
20
273.760375
30
0.0
11
238.339244
21
273.720477
31
0.0
0
LINE
8
VISIBLE
10
234.339244
20
273.767814
30
0.0
11
236.339244
21
273.760375
31
0.0
0
LINE
8
VISIBLE
10
232.339244
20
273.742794
30
0.0
11
234.339244
21
273.767814
31
0.0
0
LINE
8
VISIBLE
10
231.439244
20
273.643896
30
0.0
11
232.339244
21
273.742794
31
0.0
0
LINE
8
VISIBLE
10
231.339244
20
273.625334
30
0.0
11
231.439244
21
273.643896
31
0.0
0
LINE
8
VISIBLE
10
284.642713
20
269.724451
30
0.0
11
284.641836
21
269.539631
31
0.0
0
LINE
8
VISIBLE
10
284.630710
20
266.781352
30
0.0
11
284.630710
21
267.513355
31
0.0
0
LINE
8
VISIBLE
10
279.539244
20
268.870218
30
0.0
11
282.339742
21
268.200212
31
0.0
0
LINE
8
VISIBLE
10
282.339742
20
268.200212
30
0.0
11
284.630710
21
266.781352
31
0.0
0
LINE
8
VISIBLE
10
279.539244
20
269.627482
30
0.0
11
279.339244
21
269.602845
31
0.0
0
LINE
8
VISIBLE
10
279.339244
20
269.692609
30
0.0
11
279.339244
21
269.602845
31
0.0
0
LINE
8
VISIBLE
10
231.339244
20
271.830247
30
0.0
11
279.539244
21
269.438250
31
0.0
0
LINE
8
VISIBLE
10
279.539244
20
269.438250
30
0.0
11
279.539244
21
269.627482
31
0.0
0
LINE
8
VISIBLE
10
231.339244
20
272.341877
30
0.0
11
279.539244
21
269.901896
31
0.0
0
LINE
8
VISIBLE
10
279.339244
20
270.748058
30
0.0
11
279.339244
21
270.736808
31
0.0
0
LINE
8
VISIBLE
10
279.339244
20
270.748058
30
0.0
11
279.485506
21
270.736393
31
0.0
0
LINE
8
VISIBLE
10
279.339244
20
270.804661
30
0.0
11
279.339244
21
270.748058
31
0.0
0
LINE
8
VISIBLE
10
231.359244
20
206.125631
30
0.0
11
231.339244
21
206.403813
31
0.0
0
LINE
8
VISIBLE
10
231.439244
20
205.045631
30
0.0
11
231.359244
21
206.125631
31
0.0
0
LINE
8
VISIBLE
10
232.339244
20
200.785631
30
0.0
11
231.439244
21
205.045631
31
0.0
0
LINE
8
VISIBLE
10
233.339244
20
198.305631
30
0.0
11
232.339244
21
200.785631
31
0.0
0
LINE
8
VISIBLE
10
234.339244
20
196.485631
30
0.0
11
233.339244
21
198.305631
31
0.0
0
LINE
8
VISIBLE
10
235.339244
20
195.025631
30
0.0
11
234.339244
21
196.485631
31
0.0
0
LINE
8
VISIBLE
10
236.339244
20
193.785631
30
0.0
11
235.339244
21
195.025631
31
0.0
0
LINE
8
VISIBLE
10
237.339244
20
192.745631
30
0.0
11
236.339244
21
193.785631
31
0.0
0
LINE
8
VISIBLE
10
238.339244
20
191.825631
30
0.0
11
237.339244
21
192.745631
31
0.0
0
LINE
8
VISIBLE
10
240.339244
20
190.325631
30
0.0
11
238.339244
21
191.825631
31
0.0
0
LINE
8
VISIBLE
10
242.339244
20
189.165631
30
0.0
11
240.339244
21
190.325631
31
0.0
0
LINE
8
VISIBLE
10
246.339244
20
187.545631
30
0.0
11
242.339244
21
189.165631
31
0.0
0
LINE
8
VISIBLE
10
250.339244
20
186.085631
30
0.0
11
246.339244
21
187.545631
31
0.0
0
LINE
8
VISIBLE
10
262.339244
20
181.725631
30
0.0
11
250.339244
21
186.085631
31
0.0
0
LINE
8
VISIBLE
10
266.339244
20
180.265631
30
0.0
11
262.339244
21
181.725631
31
0.0
0
LINE
8
VISIBLE
10
270.339244
20
178.745631
30
0.0
11
266.339244
21
180.265631
31
0.0
0
LINE
8
VISIBLE
10
272.339244
20
177.665631
30
0.0
11
270.339244
21
178.745631
31
0.0
0
LINE
8
VISIBLE
10
273.339244
20
176.965631
30
0.0
11
272.339244
21
177.665631
31
0.0
0
LINE
8
VISIBLE
10
274.339244
20
176.165631
30
0.0
11
273.339244
21
176.965631
31
0.0
0
LINE
8
VISIBLE
10
275.339244
20
175.205631
30
0.0
11
274.339244
21
176.165631
31
0.0
0
LINE
8
VISIBLE
10
276.339244
20
174.025631
30
0.0
11
275.339244
21
175.205631
31
0.0
0
LINE
8
VISIBLE
10
277.339244
20
172.605631
30
0.0
11
276.339244
21
174.025631
31
0.0
0
LINE
8
VISIBLE
10
278.339244
20
170.705631
30
0.0
11
277.339244
21
172.605631
31
0.0
0
LINE
8
VISIBLE
10
278.839244
20
169.465631
30
0.0
11
278.339244
21
170.705631
31
0.0
0
LINE
8
VISIBLE
10
279.539244
20
168.985631
30
0.0
11
278.839244
21
169.465631
31
0.0
0
LINE
8
VISIBLE
10
279.539244
20
168.985631
30
0.0
11
279.539244
21
246.325631
31
0.0
0
LINE
8
VISIBLE
10
279.339244
20
246.325631
30
0.0
11
279.539244
21
246.325631
31
0.0
0
LINE
8
VISIBLE
10
231.339244
20
246.325631
30
0.0
11
279.339244
21
246.325631
31
0.0
0
LINE
8
VISIBLE
10
279.339244
20
246.325631
30
0.0
11
279.339244
21
176.185631
31
0.0
0
LINE
8
VISIBLE
10
231.339244
20
248.087199
30
0.0
11
279.539244
21
247.921987
31
0.0
0
LINE
8
VISIBLE
10
279.539244
20
246.325631
30
0.0
11
279.539244
21
247.921987
31
0.0
0
LINE
8
VISIBLE
10
279.539244
20
247.921987
30
0.0
11
279.539244
21
248.570733
31
0.0
0
LINE
8
VISIBLE
10
279.539244
20
248.570733
30
0.0
11
279.339244
21
248.452930
31
0.0
0
LINE
8
VISIBLE
10
279.339244
20
248.982619
30
0.0
11
279.539244
21
248.862761
31
0.0
0
LINE
8
VISIBLE
10
279.539244
20
248.862761
30
0.0
11
279.539244
21
249.511507
31
0.0
0
LINE
8
VISIBLE
10
231.339244
20
249.841224
30
0.0
11
279.539244
21
249.511507
31
0.0
0
LINE
8
VISIBLE
10
231.339244
20
251.580194
30
0.0
11
279.539244
21
251.087385
31
0.0
0
LINE
8
VISIBLE
10
279.539244
20
249.511507
30
0.0
11
279.539244
21
251.087385
31
0.0
0
LINE
8
VISIBLE
10
231.339244
20
253.296663
30
0.0
11
279.539244
21
252.642872
31
0.0
0
LINE
8
VISIBLE
10
279.539244
20
251.087385
30
0.0
11
279.539244
21
252.642872
31
0.0
0
LINE
8
VISIBLE
10
279.539244
20
252.642872
30
0.0
11
279.539244
21
253.266687
31
0.0
0
LINE
8
VISIBLE
10
279.539244
20
253.266687
30
0.0
11
279.339244
21
253.155464
31
0.0
0
LINE
8
VISIBLE
10
279.339244
20
253.664798
30
0.0
11
279.539244
21
253.547493
31
0.0
0
LINE
8
VISIBLE
10
279.539244
20
253.547493
30
0.0
11
279.539244
21
254.171308
31
0.0
0
LINE
8
VISIBLE
10
231.339244
20
254.983282
30
0.0
11
279.539244
21
254.171308
31
0.0
0
LINE
8
VISIBLE
10
231.339244
20
256.632827
30
0.0
11
279.539244
21
255.666147
31
0.0
0
LINE
8
VISIBLE
10
279.539244
20
254.171308
30
0.0
11
279.539244
21
255.666147
31
0.0
0
LINE
8
VISIBLE
10
231.339244
20
258.238235
30
0.0
11
279.539244
21
257.120989
31
0.0
0
LINE
8
VISIBLE
10
279.539244
20
255.666147
30
0.0
11
279.539244
21
257.120989
31
0.0
0
LINE
8
VISIBLE
10
279.539244
20
257.120989
30
0.0
11
279.539244
21
257.695901
31
0.0
0
LINE
8
VISIBLE
10
279.539244
20
257.695901
30
0.0
11
279.339244
21
257.595533
31
0.0
0
LINE
8
VISIBLE
10
279.339244
20
258.064937
30
0.0
11
279.539244
21
257.954692
31
0.0
0
LINE
8
VISIBLE
10
279.539244
20
257.954692
30
0.0
11
279.539244
21
258.529604
31
0.0
0
LINE
8
VISIBLE
10
231.339244
20
259.792631
30
0.0
11
279.539244
21
258.529604
31
0.0
0
LINE
8
VISIBLE
10
231.339244
20
261.289360
30
0.0
11
279.539244
21
259.885959
31
0.0
0
LINE
8
VISIBLE
10
279.539244
20
258.529604
30
0.0
11
279.539244
21
259.885959
31
0.0
0
LINE
8
VISIBLE
10
231.339244
20
262.722012
30
0.0
11
279.539244
21
261.184247
31
0.0
0
LINE
8
VISIBLE
10
279.539244
20
259.885959
30
0.0
11
279.539244
21
261.184247
31
0.0
0
LINE
8
VISIBLE
10
279.539244
20
261.184247
30
0.0
11
279.539244
21
261.688161
31
0.0
0
LINE
8
VISIBLE
10
279.539244
20
261.688161
30
0.0
11
279.339244
21
261.602505
31
0.0
0
LINE
8
VISIBLE
10
279.339244
20
262.013941
30
0.0
11
279.539244
21
261.914994
31
0.0
0
LINE
8
VISIBLE
10
279.539244
20
261.914994
30
0.0
11
279.539244
21
262.418908
31
0.0
0
LINE
8
VISIBLE
10
231.339244
20
264.084451
30
0.0
11
279.539244
21
262.418908
31
0.0
0
LINE
8
VISIBLE
10
231.339244
20
265.370845
30
0.0
11
279.539244
21
263.584655
31
0.0
0
LINE
8
VISIBLE
10
279.539244
20
262.418908
30
0.0
11
279.539244
21
263.584655
31
0.0
0
LINE
8
VISIBLE
10
231.339244
20
266.575685
30
0.0
11
279.539244
21
264.676496
31
0.0
0
LINE
8
VISIBLE
10
279.539244
20
263.584655
30
0.0
11
279.539244
21
264.676496
31
0.0
0
LINE
8
VISIBLE
10
279.539244
20
264.676496
30
0.0
11
279.539244
21
265.090047
31
0.0
0
LINE
8
VISIBLE
10
279.539244
20
265.090047
30
0.0
11
279.339244
21
265.022395
31
0.0
0
LINE
8
VISIBLE
10
279.339244
20
265.360052
30
0.0
11
279.539244
21
265.276204
31
0.0
0
LINE
8
VISIBLE
10
279.539244
20
265.276204
30
0.0
11
279.539244
21
265.689756
31
0.0
0
LINE
8
VISIBLE
10
231.339244
20
267.693810
30
0.0
11
279.539244
21
265.689756
31
0.0
0
LINE
8
VISIBLE
10
231.339244
20
268.720434
30
0.0
11
279.539244
21
266.620096
31
0.0
0
LINE
8
VISIBLE
10
279.539244
20
265.689756
30
0.0
11
279.539244
21
266.620096
31
0.0
0
LINE
8
VISIBLE
10
231.339244
20
269.651159
30
0.0
11
279.539244
21
267.463532
31
0.0
0
LINE
8
VISIBLE
10
279.539244
20
266.620096
30
0.0
11
279.539244
21
267.463532
31
0.0
0
LINE
8
VISIBLE
10
279.539244
20
267.463532
30
0.0
11
279.539244
21
267.770828
31
0.0
0
LINE
8
VISIBLE
10
279.539244
20
267.770828
30
0.0
11
279.339244
21
267.723780
31
0.0
0
LINE
8
VISIBLE
10
279.339244
20
267.974682
30
0.0
11
279.539244
21
267.909155
31
0.0
0
LINE
8
VISIBLE
10
279.539244
20
267.909155
30
0.0
11
279.539244
21
268.216452
31
0.0
0
LINE
8
VISIBLE
10
231.339244
20
270.482002
30
0.0
11
279.539244
21
268.216452
31
0.0
0
LINE
8
VISIBLE
10
231.339244
20
271.209403
30
0.0
11
279.539244
21
268.875632
31
0.0
0
LINE
8
VISIBLE
10
279.539244
20
268.216452
30
0.0
11
279.539244
21
268.875632
31
0.0
0
LINE
8
VISIBLE
10
279.539244
20
268.875632
30
0.0
11
279.539244
21
269.438250
31
0.0
0
LINE
8
VISIBLE
10
284.630710
20
265.852349
30
0.0
11
284.630710
21
266.781352
31
0.0
0
LINE
8
VISIBLE
10
279.339244
20
267.860761
30
0.0
11
282.229042
21
267.250634
31
0.0
0
LINE
8
VISIBLE
10
282.229042
20
267.250634
30
0.0
11
284.630710
21
265.852349
31
0.0
0
LINE
8
VISIBLE
10
279.339244
20
267.974682
30
0.0
11
279.339244
21
267.860761
31
0.0
0
LINE
8
VISIBLE
10
279.339244
20
248.719056
30
0.0
11
284.630710
21
248.495840
31
0.0
0
LINE
8
VISIBLE
10
284.630710
20
246.325631
30
0.0
11
284.630710
21
248.495840
31
0.0
0
LINE
8
VISIBLE
10
279.539244
20
246.325631
30
0.0
11
284.630710
21
246.325631
31
0.0
0
LINE
8
VISIBLE
10
279.339244
20
248.719056
30
0.0
11
279.339244
21
248.452930
31
0.0
0
LINE
8
VISIBLE
10
279.339244
20
248.982619
30
0.0
11
279.339244
21
248.719056
31
0.0
0
LINE
8
VISIBLE
10
279.539244
20
251.086242
30
0.0
11
284.630710
21
250.645148
31
0.0
0
LINE
8
VISIBLE
10
284.630710
20
248.495840
30
0.0
11
284.630710
21
250.645148
31
0.0
0
LINE
8
VISIBLE
10
279.339244
20
253.413926
30
0.0
11
284.630710
21
252.752857
31
0.0
0
LINE
8
VISIBLE
10
284.630710
20
250.645148
30
0.0
11
284.630710
21
252.752857
31
0.0
0
LINE
8
VISIBLE
10
279.339244
20
253.413926
30
0.0
11
279.339244
21
253.155464
31
0.0
0
LINE
8
VISIBLE
10
279.339244
20
253.664798
30
0.0
11
279.339244
21
253.413926
31
0.0
0
LINE
8
VISIBLE
10
279.539244
20
255.663905
30
0.0
11
284.630710
21
254.798668
31
0.0
0
LINE
8
VISIBLE
10
284.630710
20
252.752857
30
0.0
11
284.630710
21
254.798668
31
0.0
0
LINE
8
VISIBLE
10
279.339244
20
257.836398
30
0.0
11
282.166357
21
257.523165
31
0.0
0
LINE
8
VISIBLE
10
282.166357
20
257.523165
30
0.0
11
284.630710
21
256.762879
31
0.0
0
LINE
8
VISIBLE
10
284.630710
20
254.798668
30
0.0
11
284.630710
21
256.762879
31
0.0
0
LINE
8
VISIBLE
10
279.339244
20
257.836398
30
0.0
11
279.339244
21
257.595533
31
0.0
0
LINE
8
VISIBLE
10
279.339244
20
258.064937
30
0.0
11
279.339244
21
257.836398
31
0.0
0
LINE
8
VISIBLE
10
279.539244
20
259.882703
30
0.0
11
283.055478
21
259.274823
31
0.0
0
LINE
8
VISIBLE
10
283.055478
20
259.274823
30
0.0
11
284.630710
21
258.626574
31
0.0
0
LINE
8
VISIBLE
10
284.630710
20
256.762879
30
0.0
11
284.630710
21
258.626574
31
0.0
0
LINE
8
VISIBLE
10
279.339244
20
261.816517
30
0.0
11
282.688534
21
261.238726
31
0.0
0
LINE
8
VISIBLE
10
282.688534
20
261.238726
30
0.0
11
284.630710
21
260.371804
31
0.0
0
LINE
8
VISIBLE
10
284.630710
20
258.626574
30
0.0
11
284.630710
21
260.371804
31
0.0
0
LINE
8
VISIBLE
10
279.339244
20
261.816517
30
0.0
11
279.339244
21
261.602505
31
0.0
0
LINE
8
VISIBLE
10
279.339244
20
262.013941
30
0.0
11
279.339244
21
261.816517
31
0.0
0
LINE
8
VISIBLE
10
279.539244
20
263.580511
30
0.0
11
282.698352
21
262.944481
31
0.0
0
LINE
8
VISIBLE
10
282.698352
20
262.944481
30
0.0
11
284.630710
21
261.981762
31
0.0
0
LINE
8
VISIBLE
10
284.630710
20
260.371804
30
0.0
11
284.630710
21
261.981762
31
0.0
0
LINE
8
VISIBLE
10
279.339244
20
265.201330
30
0.0
11
282.405455
21
264.604594
31
0.0
0
LINE
8
VISIBLE
10
282.405455
20
264.604594
30
0.0
11
284.630710
21
263.440943
31
0.0
0
LINE
8
VISIBLE
10
284.630710
20
261.981762
30
0.0
11
284.630710
21
263.440943
31
0.0
0
LINE
8
VISIBLE
10
279.339244
20
265.201330
30
0.0
11
279.339244
21
265.022395
31
0.0
0
LINE
8
VISIBLE
10
279.339244
20
265.360052
30
0.0
11
279.339244
21
265.201330
31
0.0
0
LINE
8
VISIBLE
10
279.539244
20
266.615223
30
0.0
11
282.476241
21
265.959080
31
0.0
0
LINE
8
VISIBLE
10
282.476241
20
265.959080
30
0.0
11
284.630710
21
264.735294
31
0.0
0
LINE
8
VISIBLE
10
284.630710
20
263.440943
30
0.0
11
284.630710
21
264.735294
31
0.0
0
LINE
8
VISIBLE
10
284.630710
20
264.735294
30
0.0
11
284.630710
21
265.852349
31
0.0
0
LINE
8
VISIBLE
10
279.339244
20
267.860761
30
0.0
11
279.339244
21
267.723780
31
0.0
0
LINE
8
VISIBLE
10
279.539244
20
167.363442
30
0.0
11
279.539244
21
168.985631
31
0.0
0
LINE
8
VISIBLE
10
279.539244
20
165.300216
30
0.0
11
279.539244
21
167.363442
31
0.0
0
LINE
8
VISIBLE
10
279.539244
20
163.810849
30
0.0
11
279.539244
21
165.300216
31
0.0
0
LINE
8
VISIBLE
10
284.630710
20
168.084626
30
0.0
11
284.630710
21
170.048469
31
0.0
0
LINE
8
VISIBLE
10
279.339244
20
168.430833
30
0.0
11
279.539244
21
168.430833
31
0.0
0
LINE
8
VISIBLE
10
284.630710
20
176.185631
30
0.0
11
284.630710
21
246.325631
31
0.0
0
LINE
8
VISIBLE
10
279.539244
20
176.185631
30
0.0
11
284.630710
21
176.185631
31
0.0
0
LINE
8
VISIBLE
10
284.630710
20
174.116366
30
0.0
11
284.630710
21
176.185631
31
0.0
0
LINE
8
VISIBLE
10
279.539244
20
173.932152
30
0.0
11
284.630710
21
174.116366
31
0.0
0
LINE
8
VISIBLE
10
284.630710
20
172.064797
30
0.0
11
284.630710
21
174.116366
31
0.0
0
LINE
8
VISIBLE
10
279.539244
20
171.697944
30
0.0
11
284.630710
21
172.064797
31
0.0
0
LINE
8
VISIBLE
10
284.630710
20
170.048469
30
0.0
11
284.630710
21
172.064797
31
0.0
0
LINE
8
VISIBLE
10
279.539244
20
169.502114
30
0.0
11
284.630710
21
170.048469
31
0.0
0
LINE
8
VISIBLE
10
279.539244
20
167.363442
30
0.0
11
284.630710
21
168.084626
31
0.0
0
LINE
8
VISIBLE
10
279.339244
20
168.430833
30
0.0
11
279.339244
21
169.122774
31
0.0
0
LINE
8
VISIBLE
10
279.339244
20
151.885792
30
0.0
11
279.339244
21
151.785674
31
0.0
0
LINE
8
VISIBLE
10
279.339244
20
152.193721
30
0.0
11
279.339244
21
151.885792
31
0.0
0
LINE
8
VISIBLE
10
279.339244
20
152.706828
30
0.0
11
279.339244
21
152.193721
31
0.0
0
LINE
8
VISIBLE
10
279.339244
20
153.420725
30
0.0
11
279.339244
21
152.706828
31
0.0
0
LINE
8
VISIBLE
10
279.339244
20
154.329307
30
0.0
11
279.339244
21
153.420725
31
0.0
0
LINE
8
VISIBLE
10
279.339244
20
155.424803
30
0.0
11
279.339244
21
154.329307
31
0.0
0
LINE
8
VISIBLE
10
279.339244
20
156.697845
30
0.0
11
279.339244
21
155.424803
31
0.0
0
LINE
8
VISIBLE
10
279.339244
20
158.137545
30
0.0
11
279.339244
21
156.697845
31
0.0
0
LINE
8
VISIBLE
10
279.339244
20
159.731593
30
0.0
11
279.339244
21
158.137545
31
0.0
0
LINE
8
VISIBLE
10
279.339244
20
161.466354
30
0.0
11
279.339244
21
159.731593
31
0.0
0
LINE
8
VISIBLE
10
279.339244
20
163.326995
30
0.0
11
279.339244
21
161.466354
31
0.0
0
LINE
8
VISIBLE
10
279.339244
20
163.798832
30
0.0
11
279.339244
21
163.326995
31
0.0
0
LINE
8
VISIBLE
10
279.339244
20
163.798832
30
0.0
11
279.339244
21
168.430833
31
0.0
0
LINE
8
VISIBLE
10
284.630710
20
166.190063
30
0.0
11
284.630710
21
168.084626
31
0.0
0
LINE
8
VISIBLE
10
279.539244
20
165.300216
30
0.0
11
284.630710
21
166.190063
31
0.0
0
LINE
8
VISIBLE
10
284.630710
20
164.380981
30
0.0
11
284.630710
21
166.190063
31
0.0
0
LINE
8
VISIBLE
10
279.339244
20
163.326995
30
0.0
11
282.965812
21
163.785207
31
0.0
0
LINE
8
VISIBLE
10
282.965812
20
163.785207
30
0.0
11
284.630710
21
164.380981
31
0.0
0
LINE
8
VISIBLE
10
279.339244
20
163.798832
30
0.0
11
279.539244
21
163.810849
31
0.0
0
LINE
8
VISIBLE
10
284.630710
20
162.672852
30
0.0
11
284.630710
21
164.380981
31
0.0
0
LINE
8
VISIBLE
10
284.630710
20
161.080284
30
0.0
11
284.630710
21
162.672852
31
0.0
0
LINE
8
VISIBLE
10
284.630710
20
159.616897
30
0.0
11
284.630710
21
161.080284
31
0.0
0
LINE
8
VISIBLE
10
284.630710
20
158.295204
30
0.0
11
284.630710
21
159.616897
31
0.0
0
LINE
8
VISIBLE
10
284.630710
20
157.126510
30
0.0
11
284.630710
21
158.295204
31
0.0
0
LINE
8
VISIBLE
10
284.630710
20
156.120809
30
0.0
11
284.630710
21
157.126510
31
0.0
0
LINE
8
VISIBLE
10
284.630710
20
155.286701
30
0.0
11
284.630710
21
156.120809
31
0.0
0
LINE
8
VISIBLE
10
284.630710
20
154.631320
30
0.0
11
284.630710
21
155.286701
31
0.0
0
LINE
8
VISIBLE
10
284.630710
20
154.160271
30
0.0
11
284.630710
21
154.631320
31
0.0
0
LINE
8
VISIBLE
10
284.630710
20
153.877582
30
0.0
11
284.630710
21
154.160271
31
0.0
0
LINE
8
VISIBLE
10
284.630710
20
153.785670
30
0.0
11
284.630710
21
153.877582
31
0.0
0
LINE
8
VISIBLE
10
284.630807
20
238.847555
30
0.0
11
284.630719
21
237.539631
31
0.0
0
LINE
8
VISIBLE
10
284.630742
20
238.848272
30
0.0
11
284.630807
21
238.847555
31
0.0
0
LINE
8
VISIBLE
10
284.630710
20
238.848272
30
0.0
11
284.630742
21
238.848272
31
0.0
0
LINE
8
VISIBLE
10
284.630903
20
240.340159
30
0.0
11
284.630742
21
238.848272
31
0.0
0
LINE
8
VISIBLE
10
284.630807
20
240.341268
30
0.0
11
284.630903
21
240.340159
31
0.0
0
LINE
8
VISIBLE
10
284.630710
20
240.341272
30
0.0
11
284.630807
21
240.341268
31
0.0
0
LINE
8
VISIBLE
10
284.630826
20
240.469631
30
0.0
11
284.630807
21
240.341268
31
0.0
0
LINE
8
VISIBLE
10
284.633634
20
256.023267
30
0.0
11
284.633094
21
255.009631
31
0.0
0
LINE
8
VISIBLE
10
284.633218
20
256.028222
30
0.0
11
284.633634
21
256.023267
31
0.0
0
LINE
8
VISIBLE
10
284.630710
20
256.028599
30
0.0
11
284.633218
21
256.028222
31
0.0
0
LINE
8
VISIBLE
10
284.634083
20
257.489471
30
0.0
11
284.633218
21
256.028222
31
0.0
0
LINE
8
VISIBLE
10
284.633634
20
257.494670
30
0.0
11
284.634083
21
257.489471
31
0.0
0
LINE
8
VISIBLE
10
284.630710
20
257.495128
30
0.0
11
284.633634
21
257.494670
31
0.0
0
LINE
8
VISIBLE
10
284.633926
20
257.939631
30
0.0
11
284.633634
21
257.494670
31
0.0
0
LINE
8
VISIBLE
10
279.339244
20
151.785674
30
0.0
11
282.054232
21
152.260427
31
0.0
0
LINE
8
VISIBLE
10
282.054232
20
152.260427
30
0.0
11
284.630710
21
153.785670
31
0.0
0
LINE
8
VISIBLE
10
279.339244
20
151.885792
30
0.0
11
282.059345
21
152.360444
31
0.0
0
LINE
8
VISIBLE
10
282.059345
20
152.360444
30
0.0
11
284.630710
21
153.877582
31
0.0
0
LINE
8
VISIBLE
10
279.339244
20
152.193721
30
0.0
11
282.075267
21
152.668061
31
0.0
0
LINE
8
VISIBLE
10
282.075267
20
152.668061
30
0.0
11
284.630710
21
154.160271
31
0.0
0
LINE
8
VISIBLE
10
279.339244
20
152.706828
30
0.0
11
282.102472
21
153.180644
31
0.0
0
LINE
8
VISIBLE
10
282.102472
20
153.180644
30
0.0
11
284.630710
21
154.631320
31
0.0
0
LINE
8
VISIBLE
10
279.339244
20
153.420725
30
0.0
11
282.141798
21
153.893798
31
0.0
0
LINE
8
VISIBLE
10
282.141798
20
153.893798
30
0.0
11
284.630710
21
155.286701
31
0.0
0
LINE
8
VISIBLE
10
279.339244
20
154.329307
30
0.0
11
282.194512
21
154.801408
31
0.0
0
LINE
8
VISIBLE
10
282.194512
20
154.801408
30
0.0
11
284.630710
21
156.120809
31
0.0
0
LINE
8
VISIBLE
10
279.339244
20
155.424803
30
0.0
11
282.262426
21
155.895682
31
0.0
0
LINE
8
VISIBLE
10
282.262426
20
155.895682
30
0.0
11
284.630710
21
157.126510
31
0.0
0
LINE
8
VISIBLE
10
279.339244
20
156.697845
30
0.0
11
282.348074
21
157.167216
31
0.0
0
LINE
8
VISIBLE
10
282.348074
20
157.167216
30
0.0
11
284.630710
21
158.295204
31
0.0
0
LINE
8
VISIBLE
10
279.339244
20
158.137545
30
0.0
11
282.454982
21
158.605051
31
0.0
0
LINE
8
VISIBLE
10
282.454982
20
158.605051
30
0.0
11
284.630710
21
159.616897
31
0.0
0
LINE
8
VISIBLE
10
279.339244
20
159.731593
30
0.0
11
282.588123
21
160.196757
31
0.0
0
LINE
8
VISIBLE
10
282.588123
20
160.196757
30
0.0
11
284.630710
21
161.080284
31
0.0
0
LINE
8
VISIBLE
10
279.339244
20
161.466354
30
0.0
11
282.754748
21
161.928518
31
0.0
0
LINE
8
VISIBLE
10
282.754748
20
161.928518
30
0.0
11
284.630710
21
162.672852
31
0.0
0
LINE
8
VISIBLE
10
284.630710
20
168.915631
30
0.0
11
285.339244
21
168.915631
31
0.0
0
LINE
8
VISIBLE
10
284.630710
20
240.469631
30
0.0
11
285.339244
21
240.469631
31
0.0
0
LINE
8
VISIBLE
10
275.739244
20
171.765631
30
0.0
11
277.781349
21
171.765631
31
0.0
0
LINE
8
HIDDEN
10
285.339244
20
220.385631
30
0.0
11
285.339244
21
219.462262
31
0.0
0
LINE
8
HIDDEN
10
285.339244
20
215.385631
30
0.0
11
285.339244
21
219.462262
31
0.0
0
LINE
8
HIDDEN
10
285.339244
20
215.385631
30
0.0
11
285.339244
21
219.462262
31
0.0
0
LINE
8
HIDDEN
10
285.339244
20
219.462262
30
0.0
11
285.339244
21
222.909000
31
0.0
0
LINE
8
HIDDEN
10
285.339244
20
222.909000
30
0.0
11
285.339244
21
226.985631
31
0.0
0
LINE
8
HIDDEN
10
285.339244
20
222.909000
30
0.0
11
285.339244
21
226.985631
31
0.0
0
LINE
8
HIDDEN
10
285.339244
20
222.909000
30
0.0
11
285.339244
21
221.985631
31
0.0
0
LINE
8
HIDDEN
10
285.339244
20
154.590695
30
0.0
11
285.339244
21
154.494195
31
0.0
0
LINE
8
HIDDEN
10
285.339244
20
154.871874
30
0.0
11
285.339244
21
154.590695
31
0.0
0
LINE
8
HIDDEN
10
285.339244
20
155.335328
30
0.0
11
285.339244
21
154.871874
31
0.0
0
LINE
8
HIDDEN
10
285.339244
20
155.977092
30
0.0
11
285.339244
21
155.335328
31
0.0
0
LINE
8
HIDDEN
10
285.339244
20
156.791680
30
0.0
11
285.339244
21
155.977092
31
0.0
0
LINE
8
HIDDEN
10
285.339244
20
157.772123
30
0.0
11
285.339244
21
156.791680
31
0.0
0
LINE
8
HIDDEN
10
285.339244
20
158.910039
30
0.0
11
285.339244
21
157.772123
31
0.0
0
LINE
8
HIDDEN
10
285.339244
20
160.195694
30
0.0
11
285.339244
21
158.910039
31
0.0
0
LINE
8
HIDDEN
10
285.339244
20
161.618095
30
0.0
11
285.339244
21
160.195694
31
0.0
0
LINE
8
HIDDEN
10
285.339244
20
163.165077
30
0.0
11
285.339244
21
161.618095
31
0.0
0
LINE
8
HIDDEN
10
285.339244
20
164.823410
30
0.0
11
285.339244
21
163.165077
31
0.0
0
LINE
8
HIDDEN
10
285.339244
20
236.377410
30
0.0
11
285.339244
21
164.823410
31
0.0
0
LINE
8
HIDDEN
10
285.339244
20
237.718441
30
0.0
11
285.339244
21
236.377410
31
0.0
0
LINE
8
HIDDEN
10
285.339244
20
239.110086
30
0.0
11
285.339244
21
237.718441
31
0.0
0
LINE
8
HIDDEN
10
285.339244
20
240.545315
30
0.0
11
285.339244
21
239.110086
31
0.0
0
LINE
8
HIDDEN
10
285.339244
20
265.463000
30
0.0
11
285.339244
21
267.633224
31
0.0
0
LINE
8
HIDDEN
10
285.339244
20
242.016881
30
0.0
11
285.339244
21
240.545315
31
0.0
0
LINE
8
HIDDEN
10
285.339244
20
265.463000
30
0.0
11
285.339244
21
264.539631
31
0.0
0
LINE
8
HIDDEN
10
285.339244
20
243.517351
30
0.0
11
285.339244
21
242.016881
31
0.0
0
LINE
8
HIDDEN
10
285.339244
20
245.039146
30
0.0
11
285.339244
21
243.517351
31
0.0
0
LINE
8
HIDDEN
10
285.339244
20
262.939631
30
0.0
11
285.339244
21
264.539631
31
0.0
0
LINE
8
HIDDEN
10
285.339244
20
246.574581
30
0.0
11
285.339244
21
245.039146
31
0.0
0
LINE
8
HIDDEN
10
285.339244
20
248.115900
30
0.0
11
285.339244
21
246.574581
31
0.0
0
LINE
8
HIDDEN
10
285.339244
20
262.939631
30
0.0
11
285.339244
21
262.016262
31
0.0
0
LINE
8
HIDDEN
10
285.339244
20
249.655319
30
0.0
11
285.339244
21
248.115900
31
0.0
0
LINE
8
HIDDEN
10
285.339244
20
257.939631
30
0.0
11
285.339244
21
262.016262
31
0.0
0
LINE
8
HIDDEN
10
285.339244
20
251.185062
30
0.0
11
285.339244
21
249.655319
31
0.0
0
LINE
8
HIDDEN
10
285.339244
20
252.697403
30
0.0
11
285.339244
21
251.185062
31
0.0
0
LINE
8
HIDDEN
10
285.339244
20
257.939631
30
0.0
11
285.339244
21
262.016262
31
0.0
0
LINE
8
HIDDEN
10
285.339244
20
254.184704
30
0.0
11
285.339244
21
252.697403
31
0.0
0
LINE
8
HIDDEN
10
285.339244
20
262.016262
30
0.0
11
285.339244
21
262.939631
31
0.0
0
LINE
8
HIDDEN
10
285.339244
20
255.639454
30
0.0
11
285.339244
21
254.184704
31
0.0
0
LINE
8
HIDDEN
10
285.339244
20
257.054304
30
0.0
11
285.339244
21
255.639454
31
0.0
0
LINE
8
HIDDEN
10
285.339244
20
262.939631
30
0.0
11
285.339244
21
264.539631
31
0.0
0
LINE
8
HIDDEN
10
285.339244
20
258.422108
30
0.0
11
285.339244
21
257.054304
31
0.0
0
LINE
8
HIDDEN
10
285.339244
20
259.735959
30
0.0
11
285.339244
21
258.422108
31
0.0
0
LINE
8
HIDDEN
10
285.339244
20
264.539631
30
0.0
11
285.339244
21
265.463000
31
0.0
0
LINE
8
HIDDEN
10
285.339244
20
260.989220
30
0.0
11
285.339244
21
259.735959
31
0.0
0
LINE
8
HIDDEN
10
285.339244
20
265.463000
30
0.0
11
285.339244
21
267.714879
31
0.0
0
LINE
8
HIDDEN
10
285.339244
20
262.175561
30
0.0
11
285.339244
21
260.989220
31
0.0
0
LINE
8
HIDDEN
10
285.339244
20
267.714879
30
0.0
11
285.339244
21
267.725085
31
0.0
0
LINE
8
HIDDEN
10
285.339244
20
263.288991
30
0.0
11
285.339244
21
262.175561
31
0.0
0
LINE
8
HIDDEN
10
285.339244
20
267.725085
30
0.0
11
285.339244
21
269.243030
31
0.0
0
LINE
8
HIDDEN
10
285.339244
20
264.323887
30
0.0
11
285.339244
21
263.288991
31
0.0
0
LINE
8
HIDDEN
10
285.339244
20
269.243030
30
0.0
11
285.339244
21
268.986283
31
0.0
0
LINE
8
HIDDEN
10
285.339244
20
265.275020
30
0.0
11
285.339244
21
264.323887
31
0.0
0
LINE
8
HIDDEN
10
285.339244
20
268.986283
30
0.0
11
285.339244
21
268.622227
31
0.0
0
LINE
8
HIDDEN
10
285.339244
20
266.137588
30
0.0
11
285.339244
21
265.275020
31
0.0
0
LINE
8
HIDDEN
10
285.339244
20
268.622227
30
0.0
11
285.339244
21
268.152698
31
0.0
0
LINE
8
HIDDEN
10
285.339244
20
266.907234
30
0.0
11
285.339244
21
266.137588
31
0.0
0
LINE
8
HIDDEN
10
285.339244
20
268.152698
30
0.0
11
285.339244
21
267.580070
31
0.0
0
LINE
8
HIDDEN
10
285.339244
20
267.580070
30
0.0
11
285.339244
21
266.907234
31
0.0
0
LINE
8
HIDDEN
10
285.339244
20
183.455631
30
0.0
11
285.339244
21
168.915631
31
0.0
0
LINE
8
HIDDEN
10
285.339244
20
168.915631
30
0.0
11
285.339244
21
183.455631
31
0.0
0
LINE
8
HIDDEN
10
285.339244
20
255.009631
30
0.0
11
285.339244
21
240.469631
31
0.0
0
LINE
8
HIDDEN
10
285.339244
20
240.469631
30
0.0
11
285.339244
21
255.009631
31
0.0
0
LINE
8
HIDDEN
10
285.339244
20
233.463000
30
0.0
11
285.339244
21
232.539631
31
0.0
0
LINE
8
HIDDEN
10
285.339244
20
233.463000
30
0.0
11
285.339244
21
237.539631
31
0.0
0
LINE
8
HIDDEN
10
285.339244
20
230.939631
30
0.0
11
285.339244
21
232.539631
31
0.0
0
LINE
8
HIDDEN
10
285.339244
20
233.463000
30
0.0
11
285.339244
21
237.539631
31
0.0
0
LINE
8
HIDDEN
10
285.339244
20
232.539631
30
0.0
11
285.339244
21
233.463000
31
0.0
0
LINE
8
HIDDEN
10
285.339244
20
230.939631
30
0.0
11
285.339244
21
230.016262
31
0.0
0
LINE
8
HIDDEN
10
285.339244
20
225.939631
30
0.0
11
285.339244
21
230.016262
31
0.0
0
LINE
8
HIDDEN
10
285.339244
20
230.939631
30
0.0
11
285.339244
21
232.539631
31
0.0
0
LINE
8
HIDDEN
10
285.339244
20
225.939631
30
0.0
11
285.339244
21
230.016262
31
0.0
0
LINE
8
HIDDEN
10
285.339244
20
230.016262
30
0.0
11
285.339244
21
230.939631
31
0.0
0
LINE
8
HIDDEN
10
285.339244
20
222.909000
30
0.0
11
285.339244
21
219.462262
31
0.0
0
LINE
8
HIDDEN
10
285.339244
20
215.385631
30
0.0
11
285.339244
21
219.462262
31
0.0
0
LINE
8
HIDDEN
10
285.339244
20
215.385631
30
0.0
11
285.339244
21
219.462262
31
0.0
0
LINE
8
HIDDEN
10
285.339244
20
219.462262
30
0.0
11
285.339244
21
220.385631
31
0.0
0
LINE
8
HIDDEN
10
285.339244
20
220.385631
30
0.0
11
285.339244
21
221.985631
31
0.0
0
LINE
8
HIDDEN
10
285.339244
20
221.985631
30
0.0
11
285.339244
21
222.909000
31
0.0
0
LINE
8
HIDDEN
10
285.339244
20
222.909000
30
0.0
11
285.339244
21
226.985631
31
0.0
0
LINE
8
HIDDEN
10
285.339244
20
222.909000
30
0.0
11
285.339244
21
226.985631
31
0.0
0
LINE
8
HIDDEN
10
287.339244
20
159.785660
30
0.0
11
287.339244
21
159.858620
31
0.0
0
LINE
8
HIDDEN
10
287.339244
20
159.858620
30
0.0
11
287.339244
21
160.071207
31
0.0
0
LINE
8
HIDDEN
10
287.339244
20
160.071207
30
0.0
11
287.339244
21
160.421605
31
0.0
0
LINE
8
HIDDEN
10
287.339244
20
263.604099
30
0.0
11
287.339244
21
263.853260
31
0.0
0
LINE
8
HIDDEN
10
287.339244
20
160.421605
30
0.0
11
287.339244
21
160.906816
31
0.0
0
LINE
8
HIDDEN
10
287.339244
20
263.279205
30
0.0
11
287.339244
21
263.604099
31
0.0
0
LINE
8
HIDDEN
10
287.339244
20
160.906816
30
0.0
11
287.339244
21
161.522690
31
0.0
0
LINE
8
HIDDEN
10
287.339244
20
262.880129
30
0.0
11
287.339244
21
263.279205
31
0.0
0
LINE
8
HIDDEN
10
287.339244
20
161.522690
30
0.0
11
287.339244
21
162.263962
31
0.0
0
LINE
8
HIDDEN
10
287.339244
20
262.408777
30
0.0
11
287.339244
21
262.880129
31
0.0
0
LINE
8
HIDDEN
10
287.339244
20
162.263962
30
0.0
11
287.339244
21
163.124291
31
0.0
0
LINE
8
HIDDEN
10
287.339244
20
261.867398
30
0.0
11
287.339244
21
262.408777
31
0.0
0
LINE
8
HIDDEN
10
287.339244
20
163.124291
30
0.0
11
287.339244
21
164.096321
31
0.0
0
LINE
8
HIDDEN
10
287.339244
20
261.258577
30
0.0
11
287.339244
21
261.867398
31
0.0
0
LINE
8
HIDDEN
10
287.339244
20
164.096321
30
0.0
11
287.339244
21
165.171738
31
0.0
0
LINE
8
HIDDEN
10
287.339244
20
260.585221
30
0.0
11
287.339244
21
261.258577
31
0.0
0
LINE
8
HIDDEN
10
287.339244
20
165.171738
30
0.0
11
287.339244
21
166.341345
31
0.0
0
LINE
8
HIDDEN
10
287.339244
20
259.850544
30
0.0
11
287.339244
21
260.585221
31
0.0
0
LINE
8
HIDDEN
10
287.339244
20
166.341345
30
0.0
11
287.339244
21
167.595140
31
0.0
0
LINE
8
HIDDEN
10
287.339244
20
259.058052
30
0.0
11
287.339244
21
259.850544
31
0.0
0
LINE
8
HIDDEN
10
287.339244
20
167.595140
30
0.0
11
287.339244
21
239.149140
31
0.0
0
LINE
8
HIDDEN
10
287.339244
20
258.211530
30
0.0
11
287.339244
21
259.058052
31
0.0
0
LINE
8
HIDDEN
10
287.339244
20
239.149140
30
0.0
11
287.339244
21
240.134291
31
0.0
0
LINE
8
HIDDEN
10
287.339244
20
257.315018
30
0.0
11
287.339244
21
258.211530
31
0.0
0
LINE
8
HIDDEN
10
287.339244
20
240.134291
30
0.0
11
287.339244
21
241.155748
31
0.0
0
LINE
8
HIDDEN
10
287.339244
20
256.372795
30
0.0
11
287.339244
21
257.315018
31
0.0
0
LINE
8
HIDDEN
10
287.339244
20
241.155748
30
0.0
11
287.339244
21
242.208634
31
0.0
0
LINE
8
HIDDEN
10
287.339244
20
255.389360
30
0.0
11
287.339244
21
256.372795
31
0.0
0
LINE
8
HIDDEN
10
287.339244
20
242.208634
30
0.0
11
287.339244
21
243.287924
31
0.0
0
LINE
8
HIDDEN
10
287.339244
20
254.369408
30
0.0
11
287.339244
21
255.389360
31
0.0
0
LINE
8
HIDDEN
10
287.339244
20
243.287924
30
0.0
11
287.339244
21
244.388465
31
0.0
0
LINE
8
HIDDEN
10
287.339244
20
253.317807
30
0.0
11
287.339244
21
254.369408
31
0.0
0
LINE
8
HIDDEN
10
287.339244
20
244.388465
30
0.0
11
287.339244
21
245.505004
31
0.0
0
LINE
8
HIDDEN
10
287.339244
20
252.239577
30
0.0
11
287.339244
21
253.317807
31
0.0
0
LINE
8
HIDDEN
10
287.339244
20
245.505004
30
0.0
11
287.339244
21
246.632210
31
0.0
0
LINE
8
HIDDEN
10
287.339244
20
251.139866
30
0.0
11
287.339244
21
252.239577
31
0.0
0
LINE
8
HIDDEN
10
287.339244
20
246.632210
30
0.0
11
287.339244
21
247.764702
31
0.0
0
LINE
8
HIDDEN
10
287.339244
20
250.023923
30
0.0
11
287.339244
21
251.139866
31
0.0
0
LINE
8
HIDDEN
10
287.339244
20
247.764702
30
0.0
11
287.339244
21
248.897075
31
0.0
0
LINE
8
HIDDEN
10
287.339244
20
248.897075
30
0.0
11
287.339244
21
250.023923
31
0.0
0
LINE
8
HIDDEN
10
287.339244
20
181.555631
30
0.0
11
287.339244
21
170.815631
31
0.0
0
LINE
8
HIDDEN
10
287.339244
20
170.815631
30
0.0
11
287.339244
21
181.555631
31
0.0
0
LINE
8
HIDDEN
10
287.339244
20
253.109631
30
0.0
11
287.339244
21
242.369631
31
0.0
0
LINE
8
HIDDEN
10
287.339244
20
242.369631
30
0.0
11
287.339244
21
253.109631
31
0.0
0
LINE
8
HIDDEN
10
285.339239
20
220.385631
30
0.0
11
285.939244
21
220.385631
31
0.0
0
LINE
8
HIDDEN
10
285.339239
20
221.985631
30
0.0
11
285.939244
21
221.985631
31
0.0
0
LINE
8
HIDDEN
10
279.339244
20
220.385631
30
0.0
11
285.339244
21
220.385631
31
0.0
0
LINE
8
HIDDEN
10
279.339244
20
220.385631
30
0.0
11
284.630710
21
220.385631
31
0.0
0
LINE
8
HIDDEN
10
279.339244
20
219.462262
30
0.0
11
284.630710
21
219.462262
31
0.0
0
LINE
8
HIDDEN
10
279.339244
20
220.385631
30
0.0
11
279.339244
21
219.462262
31
0.0
0
LINE
8
HIDDEN
10
279.339244
20
215.385631
30
0.0
11
284.630710
21
215.385631
31
0.0
0
LINE
8
HIDDEN
10
279.339244
20
215.385631
30
0.0
11
279.339244
21
219.462262
31
0.0
0
LINE
8
HIDDEN
10
279.339244
20
215.385631
30
0.0
11
285.339244
21
215.385631
31
0.0
0
LINE
8
HIDDEN
10
279.339244
20
219.462262
30
0.0
11
285.339244
21
219.462262
31
0.0
0
LINE
8
HIDDEN
10
279.339244
20
215.385631
30
0.0
11
279.339244
21
219.462262
31
0.0
0
LINE
8
HIDDEN
10
279.339244
20
222.909000
30
0.0
11
285.339244
21
222.909000
31
0.0
0
LINE
8
HIDDEN
10
279.339244
20
219.462262
30
0.0
11
279.339244
21
222.909000
31
0.0
0
LINE
8
HIDDEN
10
279.339244
20
226.985631
30
0.0
11
285.339244
21
226.985631
31
0.0
0
LINE
8
HIDDEN
10
279.339244
20
222.909000
30
0.0
11
279.339244
21
226.985631
31
0.0
0
LINE
8
HIDDEN
10
279.339244
20
226.985631
30
0.0
11
284.630710
21
226.985631
31
0.0
0
LINE
8
HIDDEN
10
279.339244
20
222.909000
30
0.0
11
279.339244
21
226.985631
31
0.0
0
LINE
8
HIDDEN
10
279.339244
20
222.909000
30
0.0
11
284.630710
21
222.909000
31
0.0
0
LINE
8
HIDDEN
10
279.339244
20
221.985631
30
0.0
11
285.339244
21
221.985631
31
0.0
0
LINE
8
HIDDEN
10
279.339244
20
222.909000
30
0.0
11
279.339244
21
221.985631
31
0.0
0
LINE
8
HIDDEN
10
279.339244
20
221.985631
30
0.0
11
284.630710
21
221.985631
31
0.0
0
LINE
8
HIDDEN
10
285.339244
20
154.590695
30
0.0
11
286.733797
21
156.819713
31
0.0
0
LINE
8
HIDDEN
10
286.733797
20
156.819713
30
0.0
11
287.339244
21
159.858620
31
0.0
0
LINE
8
HIDDEN
10
285.339244
20
154.871874
30
0.0
11
286.736742
21
157.078883
31
0.0
0
LINE
8
HIDDEN
10
286.736742
20
157.078883
30
0.0
11
287.339244
21
160.071207
31
0.0
0
LINE
8
HIDDEN
10
285.339244
20
155.335328
30
0.0
11
286.741783
21
157.506135
31
0.0
0
LINE
8
HIDDEN
10
286.741783
20
157.506135
30
0.0
11
287.339244
21
160.421605
31
0.0
0
LINE
8
HIDDEN
10
285.339244
20
155.977092
30
0.0
11
286.749170
21
158.097924
31
0.0
0
LINE
8
HIDDEN
10
286.749170
20
158.097924
30
0.0
11
287.339244
21
160.906816
31
0.0
0
LINE
8
HIDDEN
10
285.339244
20
156.791680
30
0.0
11
286.759286
21
158.849336
31
0.0
0
LINE
8
HIDDEN
10
286.759286
20
158.849336
30
0.0
11
287.339244
21
161.522690
31
0.0
0
LINE
8
HIDDEN
10
285.339244
20
157.772123
30
0.0
11
286.772681
21
159.754125
31
0.0
0
LINE
8
HIDDEN
10
286.772681
20
159.754125
30
0.0
11
287.339244
21
162.263962
31
0.0
0
LINE
8
HIDDEN
10
285.339244
20
158.910039
30
0.0
11
286.790129
21
160.804753
31
0.0
0
LINE
8
HIDDEN
10
286.790129
20
160.804753
30
0.0
11
287.339244
21
163.124291
31
0.0
0
LINE
8
HIDDEN
10
285.339244
20
160.195694
30
0.0
11
286.812714
21
161.992420
31
0.0
0
LINE
8
HIDDEN
10
286.812714
20
161.992420
30
0.0
11
287.339244
21
164.096321
31
0.0
0
LINE
8
HIDDEN
10
285.339244
20
161.618095
30
0.0
11
286.841942
21
163.307095
31
0.0
0
LINE
8
HIDDEN
10
286.841942
20
163.307095
30
0.0
11
287.339244
21
165.171738
31
0.0
0
LINE
8
HIDDEN
10
285.339244
20
163.165077
30
0.0
11
286.874785
21
164.728846
31
0.0
0
LINE
8
HIDDEN
10
286.874785
20
164.728846
30
0.0
11
287.339244
21
166.341345
31
0.0
0
LINE
8
HIDDEN
10
285.339244
20
164.823410
30
0.0
11
286.907419
21
166.236764
31
0.0
0
LINE
8
HIDDEN
10
286.907419
20
166.236764
30
0.0
11
287.339244
21
167.595140
31
0.0
0
LINE
8
HIDDEN
10
285.339244
20
236.377410
30
0.0
11
286.907419
21
237.790764
31
0.0
0
LINE
8
HIDDEN
10
286.907419
20
237.790764
30
0.0
11
287.339244
21
239.149140
31
0.0
0
LINE
8
HIDDEN
10
285.339244
20
237.718441
30
0.0
11
286.937443
21
238.985124
31
0.0
0
LINE
8
HIDDEN
10
286.937443
20
238.985124
30
0.0
11
287.339244
21
240.134291
31
0.0
0
LINE
8
HIDDEN
10
285.339244
20
239.110086
30
0.0
11
286.976196
21
240.222235
31
0.0
0
LINE
8
HIDDEN
10
286.976196
20
240.222235
30
0.0
11
287.339244
21
241.155748
31
0.0
0
LINE
8
HIDDEN
10
285.339244
20
267.725085
30
0.0
11
285.939244
21
266.923285
31
0.0
0
LINE
8
HIDDEN
10
285.939244
20
266.831290
30
0.0
11
285.939244
21
266.913063
31
0.0
0
LINE
8
HIDDEN
10
285.339239
20
267.714884
30
0.0
11
285.939244
21
266.913063
31
0.0
0
LINE
8
HIDDEN
10
285.339244
20
240.545315
30
0.0
11
287.026463
21
241.493866
31
0.0
0
LINE
8
HIDDEN
10
287.026463
20
241.493866
30
0.0
11
287.339244
21
242.208634
31
0.0
0
LINE
8
HIDDEN
10
279.339244
20
268.656353
30
0.0
11
284.630714
21
268.378998
31
0.0
0
LINE
8
HIDDEN
10
279.339244
20
265.463000
30
0.0
11
279.339244
21
268.656353
31
0.0
0
LINE
8
HIDDEN
10
279.339244
20
265.463000
30
0.0
11
284.630710
21
265.463000
31
0.0
0
LINE
8
HIDDEN
10
285.339244
20
242.016881
30
0.0
11
287.091289
21
242.789489
31
0.0
0
LINE
8
HIDDEN
10
287.091289
20
242.789489
30
0.0
11
287.339244
21
243.287924
31
0.0
0
LINE
8
HIDDEN
10
279.339244
20
264.539631
30
0.0
11
285.339244
21
264.539631
31
0.0
0
LINE
8
HIDDEN
10
279.339244
20
265.463000
30
0.0
11
279.339244
21
264.539631
31
0.0
0
LINE
8
HIDDEN
10
285.339244
20
243.517351
30
0.0
11
286.819861
21
243.888622
31
0.0
0
LINE
8
HIDDEN
10
286.819861
20
243.888622
30
0.0
11
287.339244
21
244.388465
31
0.0
0
LINE
8
HIDDEN
10
279.339244
20
264.539631
30
0.0
11
284.630710
21
264.539631
31
0.0
0
LINE
8
HIDDEN
10
285.339244
20
245.039146
30
0.0
11
287.339244
21
245.505004
31
0.0
0
LINE
8
HIDDEN
10
279.339244
20
262.939631
30
0.0
11
284.630710
21
262.939631
31
0.0
0
LINE
8
HIDDEN
10
279.339244
20
262.939631
30
0.0
11
279.339244
21
264.539631
31
0.0
0
LINE
8
HIDDEN
10
285.339244
20
246.574581
30
0.0
11
287.339244
21
246.632210
31
0.0
0
LINE
8
HIDDEN
10
279.339244
20
262.939631
30
0.0
11
285.339244
21
262.939631
31
0.0
0
LINE
8
HIDDEN
10
285.339244
20
248.115900
30
0.0
11
287.339244
21
247.764702
31
0.0
0
LINE
8
HIDDEN
10
279.339244
20
262.016262
30
0.0
11
284.630710
21
262.016262
31
0.0
0
LINE
8
HIDDEN
10
279.339244
20
262.939631
30
0.0
11
279.339244
21
262.016262
31
0.0
0
LINE
8
HIDDEN
10
285.339244
20
249.655319
30
0.0
11
287.339244
21
248.897075
31
0.0
0
LINE
8
HIDDEN
10
279.339244
20
257.939631
30
0.0
11
284.630710
21
257.939631
31
0.0
0
LINE
8
HIDDEN
10
279.339244
20
257.939631
30
0.0
11
279.339244
21
262.016262
31
0.0
0
LINE
8
HIDDEN
10
285.339244
20
251.185062
30
0.0
11
287.339244
21
250.023923
31
0.0
0
LINE
8
HIDDEN
10
279.339244
20
257.939631
30
0.0
11
285.339244
21
257.939631
31
0.0
0
LINE
8
HIDDEN
10
285.339244
20
252.697403
30
0.0
11
286.819861
21
251.902318
31
0.0
0
LINE
8
HIDDEN
10
286.819861
20
251.902318
30
0.0
11
287.339244
21
251.139866
31
0.0
0
LINE
8
HIDDEN
10
279.339244
20
262.016262
30
0.0
11
285.339244
21
262.016262
31
0.0
0
LINE
8
HIDDEN
10
279.339244
20
257.939631
30
0.0
11
279.339244
21
262.016262
31
0.0
0
LINE
8
HIDDEN
10
285.339244
20
254.184704
30
0.0
11
287.069782
21
252.927647
31
0.0
0
LINE
8
HIDDEN
10
287.069782
20
252.927647
30
0.0
11
287.339244
21
252.239577
31
0.0
0
LINE
8
HIDDEN
10
279.339244
20
262.939631
30
0.0
11
285.339244
21
262.939631
31
0.0
0
LINE
8
HIDDEN
10
279.339244
20
262.016262
30
0.0
11
279.339244
21
262.939631
31
0.0
0
LINE
8
HIDDEN
10
285.339244
20
255.639454
30
0.0
11
287.024028
21
254.217935
31
0.0
0
LINE
8
HIDDEN
10
287.024028
20
254.217935
30
0.0
11
287.339244
21
253.317807
31
0.0
0
LINE
8
HIDDEN
10
279.339244
20
262.939631
30
0.0
11
285.339244
21
262.939631
31
0.0
0
LINE
8
HIDDEN
10
285.339244
20
257.054304
30
0.0
11
286.986350
21
255.481020
31
0.0
0
LINE
8
HIDDEN
10
286.986350
20
255.481020
30
0.0
11
287.339244
21
254.369408
31
0.0
0
LINE
8
HIDDEN
10
279.339244
20
264.539631
30
0.0
11
285.339244
21
264.539631
31
0.0
0
LINE
8
HIDDEN
10
279.339244
20
262.939631
30
0.0
11
279.339244
21
264.539631
31
0.0
0
LINE
8
HIDDEN
10
285.339244
20
258.422108
30
0.0
11
286.955447
21
256.707869
31
0.0
0
LINE
8
HIDDEN
10
286.955447
20
256.707869
30
0.0
11
287.339244
21
255.389360
31
0.0
0
LINE
8
HIDDEN
10
279.339244
20
264.539631
30
0.0
11
285.339244
21
264.539631
31
0.0
0
LINE
8
HIDDEN
10
285.339244
20
259.735959
30
0.0
11
286.929930
21
257.891082
31
0.0
0
LINE
8
HIDDEN
10
286.929930
20
257.891082
30
0.0
11
287.339244
21
256.372795
31
0.0
0
LINE
8
HIDDEN
10
279.339244
20
264.539631
30
0.0
11
279.339244
21
265.463000
31
0.0
0
LINE
8
HIDDEN
10
279.339244
20
265.463000
30
0.0
11
285.339244
21
265.463000
31
0.0
0
LINE
8
HIDDEN
10
285.339244
20
260.989220
30
0.0
11
286.908623
21
259.024192
31
0.0
0
LINE
8
HIDDEN
10
286.908623
20
259.024192
30
0.0
11
287.339244
21
257.315018
31
0.0
0
LINE
8
HIDDEN
10
285.939244
20
266.913063
30
0.0
11
285.939244
21
269.539631
31
0.0
0
LINE
8
HIDDEN
10
283.204271
20
269.539631
30
0.0
11
285.939244
21
269.539631
31
0.0
0
LINE
8
HIDDEN
10
283.204271
20
269.539631
30
0.0
11
284.630716
21
268.460545
31
0.0
0
LINE
8
HIDDEN
10
279.339244
20
268.737868
30
0.0
11
284.630714
21
268.460550
31
0.0
0
LINE
8
HIDDEN
10
279.339244
20
265.463000
30
0.0
11
279.339244
21
268.737868
31
0.0
0
LINE
8
HIDDEN
10
285.339244
20
262.175561
30
0.0
11
286.890588
21
260.101350
31
0.0
0
LINE
8
HIDDEN
10
286.890588
20
260.101350
30
0.0
11
287.339244
21
258.211530
31
0.0
0
LINE
8
HIDDEN
10
285.339244
20
263.288991
30
0.0
11
286.875099
21
261.117175
31
0.0
0
LINE
8
HIDDEN
10
286.875099
20
261.117175
30
0.0
11
287.339244
21
259.058052
31
0.0
0
LINE
8
HIDDEN
10
285.339244
20
269.243030
30
0.0
11
285.939244
21
268.445806
31
0.0
0
LINE
8
HIDDEN
10
285.339244
20
264.323887
30
0.0
11
286.853739
21
262.084821
31
0.0
0
LINE
8
HIDDEN
10
286.853739
20
262.084821
30
0.0
11
287.339244
21
259.850544
31
0.0
0
LINE
8
HIDDEN
10
285.339244
20
268.986283
30
0.0
11
286.751872
21
266.629263
31
0.0
0
LINE
8
HIDDEN
10
286.751872
20
266.629263
30
0.0
11
287.339244
21
263.604099
31
0.0
0
LINE
8
HIDDEN
10
285.339244
20
265.275020
30
0.0
11
286.834592
21
262.981144
31
0.0
0
LINE
8
HIDDEN
10
286.834592
20
262.981144
30
0.0
11
287.339244
21
260.585221
31
0.0
0
LINE
8
HIDDEN
10
285.339244
20
268.622227
30
0.0
11
286.763184
21
266.242864
31
0.0
0
LINE
8
HIDDEN
10
286.763184
20
266.242864
30
0.0
11
287.339244
21
263.279205
31
0.0
0
LINE
8
HIDDEN
10
285.339244
20
266.137588
30
0.0
11
286.817550
21
263.800943
31
0.0
0
LINE
8
HIDDEN
10
286.817550
20
263.800943
30
0.0
11
287.339244
21
261.258577
31
0.0
0
LINE
8
HIDDEN
10
285.339244
20
268.152698
30
0.0
11
286.775231
21
265.764264
31
0.0
0
LINE
8
HIDDEN
10
286.775231
20
265.764264
30
0.0
11
287.339244
21
262.880129
31
0.0
0
LINE
8
HIDDEN
10
285.339244
20
266.907234
30
0.0
11
286.802185
21
264.540346
31
0.0
0
LINE
8
HIDDEN
10
286.802185
20
264.540346
30
0.0
11
287.339244
21
261.867398
31
0.0
0
LINE
8
HIDDEN
10
285.339244
20
267.580070
30
0.0
11
286.788165
21
265.195836
31
0.0
0
LINE
8
HIDDEN
10
286.788165
20
265.195836
30
0.0
11
287.339244
21
262.408777
31
0.0
0
LINE
8
HIDDEN
10
280.339244
20
183.455631
30
0.0
11
284.630710
21
183.455631
31
0.0
0
LINE
8
HIDDEN
10
280.339244
20
183.455631
30
0.0
11
280.339244
21
168.915631
31
0.0
0
LINE
8
HIDDEN
10
280.339244
20
168.915631
30
0.0
11
280.339244
21
183.455631
31
0.0
0
LINE
8
HIDDEN
10
280.339244
20
255.009631
30
0.0
11
284.630710
21
255.009631
31
0.0
0
LINE
8
HIDDEN
10
280.339244
20
255.009631
30
0.0
11
280.339244
21
240.469631
31
0.0
0
LINE
8
HIDDEN
10
280.339244
20
240.469631
30
0.0
11
280.339244
21
255.009631
31
0.0
0
LINE
8
HIDDEN
10
279.339244
20
232.539631
30
0.0
11
285.339244
21
232.539631
31
0.0
0
LINE
8
HIDDEN
10
279.339244
20
233.463000
30
0.0
11
279.339244
21
232.539631
31
0.0
0
LINE
8
HIDDEN
10
279.339244
20
233.463000
30
0.0
11
284.630710
21
233.463000
31
0.0
0
LINE
8
HIDDEN
10
279.339244
20
237.539631
30
0.0
11
284.630710
21
237.539631
31
0.0
0
LINE
8
HIDDEN
10
279.339244
20
233.463000
30
0.0
11
279.339244
21
237.539631
31
0.0
0
LINE
8
HIDDEN
10
279.339244
20
232.539631
30
0.0
11
284.630710
21
232.539631
31
0.0
0
LINE
8
HIDDEN
10
279.339244
20
237.539631
30
0.0
11
285.339244
21
237.539631
31
0.0
0
LINE
8
HIDDEN
10
279.339244
20
230.939631
30
0.0
11
284.630710
21
230.939631
31
0.0
0
LINE
8
HIDDEN
10
279.339244
20
230.939631
30
0.0
11
279.339244
21
232.539631
31
0.0
0
LINE
8
HIDDEN
10
279.339244
20
233.463000
30
0.0
11
279.339244
21
237.539631
31
0.0
0
LINE
8
HIDDEN
10
279.339244
20
233.463000
30
0.0
11
285.339244
21
233.463000
31
0.0
0
LINE
8
HIDDEN
10
279.339244
20
230.939631
30
0.0
11
285.339244
21
230.939631
31
0.0
0
LINE
8
HIDDEN
10
279.339244
20
232.539631
30
0.0
11
279.339244
21
233.463000
31
0.0
0
LINE
8
HIDDEN
10
279.339244
20
232.539631
30
0.0
11
285.339244
21
232.539631
31
0.0
0
LINE
8
HIDDEN
10
279.339244
20
230.016262
30
0.0
11
284.630710
21
230.016262
31
0.0
0
LINE
8
HIDDEN
10
279.339244
20
230.939631
30
0.0
11
279.339244
21
230.016262
31
0.0
0
LINE
8
HIDDEN
10
279.339244
20
232.539631
30
0.0
11
285.339244
21
232.539631
31
0.0
0
LINE
8
HIDDEN
10
279.339244
20
225.939631
30
0.0
11
285.339244
21
225.939631
31
0.0
0
LINE
8
HIDDEN
10
279.339244
20
225.939631
30
0.0
11
279.339244
21
230.016262
31
0.0
0
LINE
8
HIDDEN
10
279.339244
20
230.939631
30
0.0
11
285.339244
21
230.939631
31
0.0
0
LINE
8
HIDDEN
10
279.339244
20
230.939631
30
0.0
11
279.339244
21
232.539631
31
0.0
0
LINE
8
HIDDEN
10
279.339244
20
225.939631
30
0.0
11
285.339244
21
225.939631
31
0.0
0
LINE
8
HIDDEN
10
279.339244
20
230.939631
30
0.0
11
285.339244
21
230.939631
31
0.0
0
LINE
8
HIDDEN
10
279.339244
20
230.016262
30
0.0
11
285.339244
21
230.016262
31
0.0
0
LINE
8
HIDDEN
10
279.339244
20
225.939631
30
0.0
11
279.339244
21
230.016262
31
0.0
0
LINE
8
HIDDEN
10
279.339244
20
230.016262
30
0.0
11
279.339244
21
230.939631
31
0.0
0
LINE
8
HIDDEN
10
279.339244
20
219.462262
30
0.0
11
285.339244
21
219.462262
31
0.0
0
LINE
8
HIDDEN
10
279.339244
20
222.909000
30
0.0
11
279.339244
21
219.462262
31
0.0
0
LINE
8
HIDDEN
10
279.339244
20
222.909000
30
0.0
11
285.339244
21
222.909000
31
0.0
0
LINE
8
HIDDEN
10
279.339244
20
215.385631
30
0.0
11
285.339244
21
215.385631
31
0.0
0
LINE
8
HIDDEN
10
279.339244
20
215.385631
30
0.0
11
279.339244
21
219.462262
31
0.0
0
LINE
8
HIDDEN
10
279.339244
20
215.385631
30
0.0
11
285.339244
21
215.385631
31
0.0
0
LINE
8
HIDDEN
10
279.339244
20
219.462262
30
0.0
11
285.339244
21
219.462262
31
0.0
0
LINE
8
HIDDEN
10
279.339244
20
215.385631
30
0.0
11
279.339244
21
219.462262
31
0.0
0
LINE
8
HIDDEN
10
279.339244
20
220.385631
30
0.0
11
285.339244
21
220.385631
31
0.0
0
LINE
8
HIDDEN
10
279.339244
20
219.462262
30
0.0
11
279.339244
21
220.385631
31
0.0
0
LINE
8
HIDDEN
10
279.339244
20
220.385631
30
0.0
11
285.339244
21
220.385631
31
0.0
0
LINE
8
HIDDEN
10
279.339244
20
221.985631
30
0.0
11
285.339244
21
221.985631
31
0.0
0
LINE
8
HIDDEN
10
279.339244
20
220.385631
30
0.0
11
279.339244
21
221.985631
31
0.0
0
LINE
8
HIDDEN
10
279.339244
20
221.985631
30
0.0
11
285.339244
21
221.985631
31
0.0
0
LINE
8
HIDDEN
10
279.339244
20
221.985631
30
0.0
11
279.339244
21
222.909000
31
0.0
0
LINE
8
HIDDEN
10
279.339244
20
222.909000
30
0.0
11
285.339244
21
222.909000
31
0.0
0
LINE
8
HIDDEN
10
279.339244
20
226.985631
30
0.0
11
285.339244
21
226.985631
31
0.0
0
LINE
8
HIDDEN
10
279.339244
20
222.909000
30
0.0
11
279.339244
21
226.985631
31
0.0
0
LINE
8
HIDDEN
10
279.339244
20
226.985631
30
0.0
11
285.339244
21
226.985631
31
0.0
0
LINE
8
HIDDEN
10
279.339244
20
222.909000
30
0.0
11
279.339244
21
226.985631
31
0.0
0
LINE
8
HIDDEN
10
282.339244
20
181.555631
30
0.0
11
287.339244
21
181.555631
31
0.0
0
LINE
8
HIDDEN
10
282.339244
20
181.555631
30
0.0
11
282.339244
21
170.815631
31
0.0
0
LINE
8
HIDDEN
10
282.339244
20
170.815631
30
0.0
11
282.339244
21
181.555631
31
0.0
0
LINE
8
HIDDEN
10
282.339244
20
253.109631
30
0.0
11
287.339244
21
253.109631
31
0.0
0
LINE
8
HIDDEN
10
282.339244
20
253.109631
30
0.0
11
282.339244
21
242.369631
31
0.0
0
LINE
8
HIDDEN
10
282.339244
20
242.369631
30
0.0
11
282.339244
21
253.109631
31
0.0
0
LINE
8
HIDDEN
10
279.339244
20
220.385631
30
0.0
11
279.339244
21
221.985631
31
0.0
0
LINE
8
HIDDEN
10
283.066477
20
269.539631
30
0.0
11
283.204271
21
269.539631
31
0.0
0
LINE
8
HIDDEN
10
283.221090
20
269.539631
30
0.0
11
284.630710
21
268.470744
31
0.0
0
LINE
8
HIDDEN
10
284.630710
20
268.460550
30
0.0
11
284.630710
21
268.470744
31
0.0
0
LINE
8
HIDDEN
10
279.539244
20
270.617928
30
0.0
11
279.539244
21
270.731716
31
0.0
0
LINE
8
HIDDEN
10
279.539244
20
268.625676
30
0.0
11
284.630710
21
268.360128
31
0.0
0
LINE
8
HIDDEN
10
279.539244
20
268.625676
30
0.0
11
279.539244
21
268.638595
31
0.0
0
LINE
8
HIDDEN
10
279.539244
20
268.638595
30
0.0
11
279.339240
21
268.649032
31
0.0
0
LINE
8
HIDDEN
10
279.339244
20
268.649031
30
0.0
11
279.339244
21
268.656353
31
0.0
0
LINE
8
HIDDEN
10
279.339244
20
268.748058
30
0.0
11
284.630710
21
268.470744
31
0.0
0
LINE
8
HIDDEN
10
279.339244
20
268.737868
30
0.0
11
279.339244
21
268.748058
31
0.0
0
LINE
8
HIDDEN
10
280.339244
20
180.605631
30
0.0
11
280.339244
21
171.765631
31
0.0
0
LINE
8
HIDDEN
10
280.339244
20
171.765631
30
0.0
11
280.339244
21
180.605631
31
0.0
0
LINE
8
HIDDEN
10
280.339244
20
252.159631
30
0.0
11
280.339244
21
243.319631
31
0.0
0
LINE
8
HIDDEN
10
280.339244
20
243.319631
30
0.0
11
280.339244
21
252.159631
31
0.0
0
LINE
8
HIDDEN
10
282.339244
20
178.939120
30
0.0
11
282.339244
21
173.432143
31
0.0
0
LINE
8
HIDDEN
10
282.339244
20
173.432143
30
0.0
11
282.339244
21
178.939120
31
0.0
0
LINE
8
HIDDEN
10
282.339244
20
250.493120
30
0.0
11
282.339244
21
244.986143
31
0.0
0
LINE
8
HIDDEN
10
282.339244
20
244.986143
30
0.0
11
282.339244
21
250.493120
31
0.0
0
LINE
8
HIDDEN
10
284.630710
20
268.470744
30
0.0
11
284.638217
21
269.539631
31
0.0
0
LINE
8
HIDDEN
10
279.539244
20
270.731716
30
0.0
11
279.539244
21
272.119287
31
0.0
0
LINE
8
HIDDEN
10
279.539244
20
270.258837
30
0.0
11
279.539244
21
270.588659
31
0.0
0
LINE
8
HIDDEN
10
279.339244
20
270.640469
30
0.0
11
279.339244
21
270.587381
31
0.0
0
LINE
8
HIDDEN
10
279.539244
20
270.600340
30
0.0
11
279.539244
21
272.436583
31
0.0
0
LINE
8
HIDDEN
10
279.539244
20
270.808953
30
0.0
11
279.539244
21
270.600340
31
0.0
0
LINE
8
HIDDEN
10
279.539244
20
271.335616
30
0.0
11
279.539244
21
270.808953
31
0.0
0
LINE
8
HIDDEN
10
279.539244
20
271.730902
30
0.0
11
279.539244
21
271.335616
31
0.0
0
LINE
8
HIDDEN
10
279.539244
20
271.992611
30
0.0
11
279.539244
21
271.730902
31
0.0
0
LINE
8
HIDDEN
10
279.539244
20
272.119287
30
0.0
11
279.539244
21
271.992611
31
0.0
0
LINE
8
HIDDEN
10
279.339244
20
268.313294
30
0.0
11
284.630710
21
268.041309
31
0.0
0
LINE
8
HIDDEN
10
279.339244
20
268.313294
30
0.0
11
279.339244
21
268.600213
31
0.0
0
LINE
8
HIDDEN
10
279.339240
20
268.600213
30
0.0
11
279.539244
21
268.589799
31
0.0
0
LINE
8
HIDDEN
10
279.539244
20
268.589799
30
0.0
11
279.539244
21
268.625676
31
0.0
0
LINE
8
HIDDEN
10
279.539244
20
268.638595
30
0.0
11
279.539244
21
268.589799
31
0.0
0
LINE
8
HIDDEN
10
231.339244
20
271.206246
30
0.0
11
279.339244
21
268.696058
31
0.0
0
LINE
8
HIDDEN
10
279.339244
20
268.649031
30
0.0
11
279.339244
21
268.696058
31
0.0
0
LINE
8
HIDDEN
10
279.339244
20
268.552265
30
0.0
11
279.339244
21
268.600213
31
0.0
0
LINE
8
HIDDEN
10
231.339244
20
271.046317
30
0.0
11
279.339244
21
268.552265
31
0.0
0
LINE
8
HIDDEN
10
231.339244
20
271.206246
30
0.0
11
231.339244
21
271.046317
31
0.0
0
LINE
8
HIDDEN
10
279.339244
20
270.119242
30
0.0
11
284.641204
21
269.972130
31
0.0
0
LINE
8
HIDDEN
10
279.339244
20
268.748058
30
0.0
11
279.339244
21
270.119242
31
0.0
0
LINE
8
HIDDEN
10
275.739244
20
180.605631
30
0.0
11
280.339244
21
180.605631
31
0.0
0
LINE
8
HIDDEN
10
275.739244
20
180.605631
30
0.0
11
275.739244
21
174.733631
31
0.0
0
LINE
8
HIDDEN
10
275.739244
20
171.765631
30
0.0
11
275.739244
21
180.605631
31
0.0
0
LINE
8
HIDDEN
10
275.739244
20
252.159631
30
0.0
11
280.339244
21
252.159631
31
0.0
0
LINE
8
HIDDEN
10
275.739244
20
252.159631
30
0.0
11
275.739244
21
243.319631
31
0.0
0
LINE
8
HIDDEN
10
275.739244
20
243.319631
30
0.0
11
275.739244
21
252.159631
31
0.0
0
LINE
8
HIDDEN
10
275.739244
20
178.632143
30
0.0
11
282.339244
21
178.939120
31
0.0
0
LINE
8
HIDDEN
10
275.739244
20
178.632143
30
0.0
11
275.739244
21
173.739120
31
0.0
0
LINE
8
HIDDEN
10
275.739244
20
173.739120
30
0.0
11
275.739244
21
178.632143
31
0.0
0
LINE
8
HIDDEN
10
275.739244
20
250.186143
30
0.0
11
282.339244
21
250.493120
31
0.0
0
LINE
8
HIDDEN
10
275.739244
20
250.186143
30
0.0
11
275.739244
21
245.293120
31
0.0
0
LINE
8
HIDDEN
10
275.739244
20
245.293120
30
0.0
11
275.739244
21
250.186143
31
0.0
0
LINE
8
HIDDEN
10
279.539244
20
271.992611
30
0.0
11
281.008540
21
271.804241
31
0.0
0
LINE
8
HIDDEN
10
281.008540
20
271.804241
30
0.0
11
284.642713
21
269.724451
31
0.0
0
LINE
8
HIDDEN
10
279.339244
20
269.999088
30
0.0
11
284.639515
21
269.727101
31
0.0
0
LINE
8
HIDDEN
10
279.339244
20
270.119242
30
0.0
11
279.339244
21
269.999088
31
0.0
0
LINE
8
HIDDEN
10
279.539244
20
269.712663
30
0.0
11
279.539244
21
270.258837
31
0.0
0
LINE
8
HIDDEN
10
279.339244
20
270.744058
30
0.0
11
279.339244
21
270.736808
31
0.0
0
LINE
8
HIDDEN
10
231.339244
20
271.628671
30
0.0
11
231.339244
21
273.625334
31
0.0
0
LINE
8
HIDDEN
10
231.339244
20
271.628671
30
0.0
11
231.339244
21
271.263631
31
0.0
0
LINE
8
HIDDEN
10
231.339244
20
271.263631
30
0.0
11
231.339244
21
271.206246
31
0.0
0
LINE
8
HIDDEN
10
231.339244
20
271.046317
30
0.0
11
231.339244
21
270.780531
31
0.0
0
LINE
8
HIDDEN
10
231.339244
20
270.780531
30
0.0
11
231.339244
21
270.410026
31
0.0
0
LINE
8
HIDDEN
10
231.339244
20
270.410026
30
0.0
11
231.339244
21
269.936387
31
0.0
0
LINE
8
HIDDEN
10
231.339244
20
269.936387
30
0.0
11
231.339244
21
269.361643
31
0.0
0
LINE
8
HIDDEN
10
231.339244
20
269.361643
30
0.0
11
231.339244
21
268.688256
31
0.0
0
LINE
8
HIDDEN
10
231.339244
20
268.688256
30
0.0
11
231.339244
21
267.919109
31
0.0
0
LINE
8
HIDDEN
10
231.339244
20
267.919109
30
0.0
11
231.339244
21
267.057495
31
0.0
0
LINE
8
HIDDEN
10
231.339244
20
267.057495
30
0.0
11
231.339244
21
266.107103
31
0.0
0
LINE
8
HIDDEN
10
231.339244
20
266.107103
30
0.0
11
231.339244
21
265.072005
31
0.0
0
LINE
8
HIDDEN
10
231.339244
20
265.072005
30
0.0
11
231.339244
21
263.956632
31
0.0
0
LINE
8
HIDDEN
10
231.339244
20
263.956632
30
0.0
11
231.339244
21
262.765760
31
0.0
0
LINE
8
HIDDEN
10
231.339244
20
262.765760
30
0.0
11
231.339244
21
261.504489
31
0.0
0
LINE
8
HIDDEN
10
231.339244
20
261.504489
30
0.0
11
231.339244
21
260.178219
31
0.0
0
LINE
8
HIDDEN
10
231.339244
20
260.178219
30
0.0
11
231.339244
21
258.792631
31
0.0
0
LINE
8
HIDDEN
10
231.339244
20
258.792631
30
0.0
11
231.339244
21
257.353657
31
0.0
0
LINE
8
HIDDEN
10
231.339244
20
257.353657
30
0.0
11
231.339244
21
255.867460
31
0.0
0
LINE
8
HIDDEN
10
231.339244
20
255.867460
30
0.0
11
231.339244
21
254.340403
31
0.0
0
LINE
8
HIDDEN
10
231.339244
20
254.340403
30
0.0
11
231.339244
21
252.779025
31
0.0
0
LINE
8
HIDDEN
10
231.339244
20
252.779025
30
0.0
11
231.339244
21
251.190013
31
0.0
0
LINE
8
HIDDEN
10
231.339244
20
251.190013
30
0.0
11
231.339244
21
249.580171
31
0.0
0
LINE
8
HIDDEN
10
231.339244
20
249.580171
30
0.0
11
231.339244
21
247.956393
31
0.0
0
LINE
8
HIDDEN
10
231.339244
20
247.956393
30
0.0
11
231.339244
21
246.325631
31
0.0
0
LINE
8
HIDDEN
10
279.339244
20
270.804661
30
0.0
11
279.339244
21
270.744058
31
0.0
0
LINE
8
HIDDEN
10
279.139244
20
270.410939
30
0.0
11
279.339244
21
270.424218
31
0.0
0
LINE
8
HIDDEN
10
279.339244
20
268.744474
30
0.0
11
279.339244
21
270.424218
31
0.0
0
LINE
8
HIDDEN
10
279.339244
20
268.744474
30
0.0
11
279.676222
21
268.257199
31
0.0
0
LINE
8
HIDDEN
10
279.676222
20
268.257199
30
0.0
11
279.739244
21
268.145791
31
0.0
0
LINE
8
HIDDEN
10
279.739244
20
268.145791
30
0.0
11
279.739244
21
270.312328
31
0.0
0
LINE
8
HIDDEN
10
279.539244
20
270.600340
30
0.0
11
279.739244
21
270.312328
31
0.0
0
LINE
8
HIDDEN
10
279.139244
20
270.410939
30
0.0
11
279.139244
21
272.409939
31
0.0
0
LINE
8
HIDDEN
10
279.739244
20
270.207616
30
0.0
11
282.951452
21
268.928473
31
0.0
0
LINE
8
HIDDEN
10
282.951452
20
268.928473
30
0.0
11
284.639512
21
267.637198
31
0.0
0
LINE
8
HIDDEN
10
284.638772
20
267.641882
30
0.0
11
284.639512
21
267.637198
31
0.0
0
LINE
8
HIDDEN
10
284.640268
20
268.319829
30
0.0
11
284.638772
21
267.641882
31
0.0
0
LINE
8
HIDDEN
10
279.539244
20
270.808953
30
0.0
11
282.218073
21
270.033293
31
0.0
0
LINE
8
HIDDEN
10
282.218073
20
270.033293
30
0.0
11
284.640268
21
268.319829
31
0.0
0
LINE
8
HIDDEN
10
279.739244
20
270.312328
30
0.0
11
279.739244
21
270.207616
31
0.0
0
LINE
8
HIDDEN
10
284.639495
20
268.324093
30
0.0
11
284.640268
21
268.319829
31
0.0
0
LINE
8
HIDDEN
10
284.641054
20
268.897117
30
0.0
11
284.639495
21
268.324093
31
0.0
0
LINE
8
HIDDEN
10
279.539244
20
271.335616
30
0.0
11
280.612992
21
271.258944
31
0.0
0
LINE
8
HIDDEN
10
280.612992
20
271.258944
30
0.0
11
282.573133
21
270.408277
31
0.0
0
LINE
8
HIDDEN
10
282.573133
20
270.408277
30
0.0
11
284.641054
21
268.897117
31
0.0
0
LINE
8
HIDDEN
10
284.640247
20
268.900882
30
0.0
11
284.641054
21
268.897117
31
0.0
0
LINE
8
HIDDEN
10
284.641869
20
269.366119
30
0.0
11
284.640247
21
268.900882
31
0.0
0
LINE
8
HIDDEN
10
279.539244
20
271.730902
30
0.0
11
280.750976
21
271.610695
31
0.0
0
LINE
8
HIDDEN
10
280.750976
20
271.610695
30
0.0
11
283.093727
21
270.558512
31
0.0
0
LINE
8
HIDDEN
10
283.093727
20
270.558512
30
0.0
11
284.641869
21
269.366119
31
0.0
0
LINE
8
HIDDEN
10
284.641029
20
269.369306
30
0.0
11
284.641869
21
269.366119
31
0.0
0
LINE
8
HIDDEN
10
284.641836
20
269.539631
30
0.0
11
284.641029
21
269.369306
31
0.0
0
LINE
8
HIDDEN
10
279.539244
20
267.768698
30
0.0
11
284.630710
21
267.513355
31
0.0
0
LINE
8
HIDDEN
10
279.539244
20
267.768698
30
0.0
11
279.539244
21
267.828109
31
0.0
0
LINE
8
HIDDEN
10
279.539244
20
267.828109
30
0.0
11
279.339240
21
267.838167
31
0.0
0
LINE
8
HIDDEN
10
279.339244
20
267.838167
30
0.0
11
279.339244
21
268.313294
31
0.0
0
LINE
8
HIDDEN
10
279.339244
20
268.313294
30
0.0
11
279.339244
21
268.552265
31
0.0
0
LINE
8
HIDDEN
10
231.339244
20
271.263631
30
0.0
11
279.339244
21
268.748058
31
0.0
0
LINE
8
HIDDEN
10
279.339244
20
268.696058
30
0.0
11
279.339244
21
268.748058
31
0.0
0
LINE
8
HIDDEN
10
231.339244
20
270.780531
30
0.0
11
279.339244
21
268.313294
31
0.0
0
LINE
8
HIDDEN
10
279.339244
20
268.902880
30
0.0
11
279.339244
21
268.744474
31
0.0
0
LINE
8
HIDDEN
10
279.339244
20
269.389217
30
0.0
11
279.339244
21
268.902880
31
0.0
0
LINE
8
HIDDEN
10
279.339244
20
269.755297
30
0.0
11
279.339244
21
269.389217
31
0.0
0
LINE
8
HIDDEN
10
279.339244
20
269.999088
30
0.0
11
279.339244
21
269.755297
31
0.0
0
LINE
8
HIDDEN
10
279.339244
20
268.748058
30
0.0
11
279.339244
21
270.424218
31
0.0
0
LINE
8
HIDDEN
10
279.339244
20
269.755297
30
0.0
11
284.641029
21
269.369306
31
0.0
0
LINE
8
HIDDEN
10
279.539244
20
268.870218
30
0.0
11
279.539244
21
269.627482
31
0.0
0
LINE
8
HIDDEN
10
279.339244
20
269.757350
30
0.0
11
279.339244
21
269.602845
31
0.0
0
LINE
8
HIDDEN
10
279.339244
20
248.982619
30
0.0
11
279.339244
21
248.452930
31
0.0
0
LINE
8
HIDDEN
10
279.339244
20
253.664798
30
0.0
11
279.339244
21
253.155464
31
0.0
0
LINE
8
HIDDEN
10
279.339244
20
258.064937
30
0.0
11
279.339244
21
257.595533
31
0.0
0
LINE
8
HIDDEN
10
279.339244
20
262.013941
30
0.0
11
279.339244
21
261.602505
31
0.0
0
LINE
8
HIDDEN
10
279.339244
20
265.360052
30
0.0
11
279.339244
21
265.022395
31
0.0
0
LINE
8
HIDDEN
10
279.339244
20
267.974682
30
0.0
11
279.339244
21
267.723780
31
0.0
0
LINE
8
HIDDEN
10
231.439244
20
271.647190
30
0.0
11
231.439244
21
273.643896
31
0.0
0
LINE
8
HIDDEN
10
231.339244
20
271.628671
30
0.0
11
231.439244
21
271.647190
31
0.0
0
LINE
8
HIDDEN
10
231.439244
20
271.647190
30
0.0
11
232.339244
21
271.745823
31
0.0
0
LINE
8
HIDDEN
10
232.339244
20
271.745823
30
0.0
11
234.339244
21
271.770608
31
0.0
0
LINE
8
HIDDEN
10
234.339244
20
271.770608
30
0.0
11
236.339244
21
271.762992
31
0.0
0
LINE
8
HIDDEN
10
236.339244
20
271.762992
30
0.0
11
238.339244
21
271.722977
31
0.0
0
LINE
8
HIDDEN
10
238.339244
20
271.722977
30
0.0
11
240.339244
21
271.666761
31
0.0
0
LINE
8
HIDDEN
10
240.339244
20
271.666761
30
0.0
11
242.339244
21
271.594346
31
0.0
0
LINE
8
HIDDEN
10
242.339244
20
271.594346
30
0.0
11
244.339244
21
271.521930
31
0.0
0
LINE
8
HIDDEN
10
244.339244
20
271.521930
30
0.0
11
246.339244
21
271.433315
31
0.0
0
LINE
8
HIDDEN
10
246.339244
20
271.433315
30
0.0
11
248.339244
21
271.360899
31
0.0
0
LINE
8
HIDDEN
10
248.339244
20
271.360899
30
0.0
11
250.339244
21
271.272283
31
0.0
0
LINE
8
HIDDEN
10
250.339244
20
271.272283
30
0.0
11
252.339244
21
271.199868
31
0.0
0
LINE
8
HIDDEN
10
252.339244
20
271.199868
30
0.0
11
254.339244
21
271.111252
31
0.0
0
LINE
8
HIDDEN
10
254.339244
20
271.111252
30
0.0
11
256.339244
21
271.022637
31
0.0
0
LINE
8
HIDDEN
10
256.339244
20
271.022637
30
0.0
11
258.339244
21
270.950221
31
0.0
0
LINE
8
HIDDEN
10
258.339244
20
270.950221
30
0.0
11
262.339244
21
270.789190
31
0.0
0
LINE
8
HIDDEN
10
262.339244
20
270.789190
30
0.0
11
266.339244
21
270.628159
31
0.0
0
LINE
8
HIDDEN
10
266.339244
20
270.628159
30
0.0
11
270.339244
21
270.483328
31
0.0
0
LINE
8
HIDDEN
10
270.339244
20
270.483328
30
0.0
11
274.339244
21
270.370897
31
0.0
0
LINE
8
HIDDEN
10
274.339244
20
270.370897
30
0.0
11
276.339244
21
270.347081
31
0.0
0
LINE
8
HIDDEN
10
276.339244
20
270.347081
30
0.0
11
278.339244
21
270.371866
31
0.0
0
LINE
8
HIDDEN
10
278.339244
20
270.371866
30
0.0
11
279.139244
21
270.410939
31
0.0
0
LINE
8
HIDDEN
10
279.339244
20
267.980168
30
0.0
11
279.339244
21
268.313294
31
0.0
0
LINE
8
HIDDEN
10
231.339244
20
270.410026
30
0.0
11
279.339244
21
267.980168
31
0.0
0
LINE
8
HIDDEN
10
279.339244
20
267.838167
30
0.0
11
279.339244
21
267.980168
31
0.0
0
LINE
8
HIDDEN
10
279.539244
20
267.828109
30
0.0
11
279.539244
21
267.686325
31
0.0
0
LINE
8
HIDDEN
10
279.339240
20
267.696317
30
0.0
11
279.539244
21
267.686325
31
0.0
0
LINE
8
HIDDEN
10
279.339244
20
267.554315
30
0.0
11
279.339244
21
267.696317
31
0.0
0
LINE
8
HIDDEN
10
231.339244
20
269.936387
30
0.0
11
279.339244
21
267.554315
31
0.0
0
LINE
8
HIDDEN
10
279.339244
20
267.037557
30
0.0
11
279.339244
21
267.554315
31
0.0
0
LINE
8
HIDDEN
10
231.339244
20
269.361643
30
0.0
11
279.339244
21
267.037557
31
0.0
0
LINE
8
HIDDEN
10
279.339244
20
266.432107
30
0.0
11
279.339244
21
267.037557
31
0.0
0
LINE
8
HIDDEN
10
231.339244
20
268.688256
30
0.0
11
279.339244
21
266.432107
31
0.0
0
LINE
8
HIDDEN
10
279.339244
20
266.201508
30
0.0
11
279.339244
21
266.432107
31
0.0
0
LINE
8
HIDDEN
10
279.539244
20
266.192216
30
0.0
11
279.339240
21
266.201509
31
0.0
0
LINE
8
HIDDEN
10
279.539244
20
266.192216
30
0.0
11
279.539244
21
265.961972
31
0.0
0
LINE
8
HIDDEN
10
279.339240
20
265.971157
30
0.0
11
279.539244
21
265.961972
31
0.0
0
LINE
8
HIDDEN
10
279.339244
20
265.740558
30
0.0
11
279.339244
21
265.971157
31
0.0
0
LINE
8
HIDDEN
10
231.339244
20
267.919109
30
0.0
11
279.339244
21
265.740558
31
0.0
0
LINE
8
HIDDEN
10
279.339244
20
264.965872
30
0.0
11
279.339244
21
265.740558
31
0.0
0
LINE
8
HIDDEN
10
231.339244
20
267.057495
30
0.0
11
279.339244
21
264.965872
31
0.0
0
LINE
8
HIDDEN
10
279.339244
20
264.111365
30
0.0
11
279.339244
21
264.965872
31
0.0
0
LINE
8
HIDDEN
10
231.339244
20
266.107103
30
0.0
11
279.339244
21
264.111365
31
0.0
0
LINE
8
HIDDEN
10
279.339244
20
263.801031
30
0.0
11
279.339244
21
264.111365
31
0.0
0
LINE
8
HIDDEN
10
279.539244
20
263.792861
30
0.0
11
279.339240
21
263.801032
31
0.0
0
LINE
8
HIDDEN
10
279.539244
20
263.792861
30
0.0
11
279.539244
21
263.483005
31
0.0
0
LINE
8
HIDDEN
10
279.339240
20
263.491030
30
0.0
11
279.539244
21
263.483005
31
0.0
0
LINE
8
HIDDEN
10
279.339244
20
263.180697
30
0.0
11
279.339244
21
263.491030
31
0.0
0
LINE
8
HIDDEN
10
231.339244
20
265.072005
30
0.0
11
279.339244
21
263.180697
31
0.0
0
LINE
8
HIDDEN
10
279.339244
20
262.177853
30
0.0
11
279.339244
21
263.180697
31
0.0
0
LINE
8
HIDDEN
10
231.339244
20
263.956632
30
0.0
11
279.339244
21
262.177853
31
0.0
0
LINE
8
HIDDEN
10
279.339244
20
261.107127
30
0.0
11
279.339244
21
262.177853
31
0.0
0
LINE
8
HIDDEN
10
231.339244
20
262.765760
30
0.0
11
279.339244
21
261.107127
31
0.0
0
LINE
8
HIDDEN
10
279.339244
20
260.728985
30
0.0
11
279.339244
21
261.107127
31
0.0
0
LINE
8
HIDDEN
10
279.539244
20
260.722250
30
0.0
11
279.339240
21
260.728985
31
0.0
0
LINE
8
HIDDEN
10
279.539244
20
260.722250
30
0.0
11
279.539244
21
260.344689
31
0.0
0
LINE
8
HIDDEN
10
279.339240
20
260.351247
30
0.0
11
279.539244
21
260.344689
31
0.0
0
LINE
8
HIDDEN
10
279.339244
20
259.973105
30
0.0
11
279.339244
21
260.351247
31
0.0
0
LINE
8
HIDDEN
10
231.339244
20
261.504489
30
0.0
11
279.339244
21
259.973105
31
0.0
0
LINE
8
HIDDEN
10
279.339244
20
258.780642
30
0.0
11
279.339244
21
259.973105
31
0.0
0
LINE
8
HIDDEN
10
231.339244
20
260.178219
30
0.0
11
279.339244
21
258.780642
31
0.0
0
LINE
8
HIDDEN
10
279.339244
20
257.534845
30
0.0
11
279.339244
21
258.780642
31
0.0
0
LINE
8
HIDDEN
10
231.339244
20
258.792631
30
0.0
11
279.339244
21
257.534845
31
0.0
0
LINE
8
HIDDEN
10
279.339244
20
257.103425
30
0.0
11
279.339244
21
257.534845
31
0.0
0
LINE
8
HIDDEN
10
279.539244
20
257.098386
30
0.0
11
279.339240
21
257.103425
31
0.0
0
LINE
8
HIDDEN
10
279.539244
20
257.098386
30
0.0
11
279.539244
21
256.667630
31
0.0
0
LINE
8
HIDDEN
10
279.339240
20
256.672467
30
0.0
11
279.539244
21
256.667630
31
0.0
0
LINE
8
HIDDEN
10
279.339244
20
256.241048
30
0.0
11
279.339244
21
256.672467
31
0.0
0
LINE
8
HIDDEN
10
231.339244
20
257.353657
30
0.0
11
279.339244
21
256.241048
31
0.0
0
LINE
8
HIDDEN
10
279.339244
20
254.904792
30
0.0
11
279.339244
21
256.241048
31
0.0
0
LINE
8
HIDDEN
10
231.339244
20
255.867460
30
0.0
11
279.339244
21
254.904792
31
0.0
0
LINE
8
HIDDEN
10
279.339244
20
253.531798
30
0.0
11
279.339244
21
254.904792
31
0.0
0
LINE
8
HIDDEN
10
231.339244
20
254.340403
30
0.0
11
279.339244
21
253.531798
31
0.0
0
LINE
8
HIDDEN
10
279.339244
20
253.063681
30
0.0
11
279.339244
21
253.531798
31
0.0
0
LINE
8
HIDDEN
10
279.539244
20
253.060530
30
0.0
11
279.339240
21
253.063681
31
0.0
0
LINE
8
HIDDEN
10
279.539244
20
253.060530
30
0.0
11
279.539244
21
252.593133
31
0.0
0
LINE
8
HIDDEN
10
279.339240
20
252.596065
30
0.0
11
279.539244
21
252.593133
31
0.0
0
LINE
8
HIDDEN
10
279.339244
20
252.127947
30
0.0
11
279.339244
21
252.596065
31
0.0
0
LINE
8
HIDDEN
10
231.339244
20
252.779025
30
0.0
11
279.339244
21
252.127947
31
0.0
0
LINE
8
HIDDEN
10
279.339244
20
250.699249
30
0.0
11
279.339244
21
252.127947
31
0.0
0
LINE
8
HIDDEN
10
231.339244
20
251.190013
30
0.0
11
279.339244
21
250.699249
31
0.0
0
LINE
8
HIDDEN
10
279.339244
20
249.251823
30
0.0
11
279.339244
21
250.699249
31
0.0
0
LINE
8
HIDDEN
10
231.339244
20
249.580171
30
0.0
11
279.339244
21
249.251823
31
0.0
0
LINE
8
HIDDEN
10
279.339244
20
248.764997
30
0.0
11
279.339244
21
249.251823
31
0.0
0
LINE
8
HIDDEN
10
279.539244
20
248.763857
30
0.0
11
279.339240
21
248.764997
31
0.0
0
LINE
8
HIDDEN
10
279.539244
20
248.763857
30
0.0
11
279.539244
21
248.277779
31
0.0
0
LINE
8
HIDDEN
10
279.339240
20
248.278692
30
0.0
11
279.539244
21
248.277779
31
0.0
0
LINE
8
HIDDEN
10
279.339244
20
247.791866
30
0.0
11
279.339244
21
248.278692
31
0.0
0
LINE
8
HIDDEN
10
231.339244
20
247.956393
30
0.0
11
279.339244
21
247.791866
31
0.0
0
LINE
8
HIDDEN
10
279.339244
20
246.325631
30
0.0
11
279.339244
21
247.791866
31
0.0
0
LINE
8
HIDDEN
10
278.339244
20
270.371866
30
0.0
11
278.339244
21
272.370719
31
0.0
0
LINE
8
HIDDEN
10
276.339244
20
270.347081
30
0.0
11
276.339244
21
272.345699
31
0.0
0
LINE
8
HIDDEN
10
274.339244
20
270.370897
30
0.0
11
274.339244
21
272.369367
31
0.0
0
LINE
8
HIDDEN
10
270.339244
20
270.483328
30
0.0
11
270.339244
21
272.481622
31
0.0
0
LINE
8
HIDDEN
10
266.339244
20
270.628159
30
0.0
11
266.339244
21
272.626335
31
0.0
0
LINE
8
HIDDEN
10
258.339244
20
270.950221
30
0.0
11
258.339244
21
272.948221
31
0.0
0
LINE
8
HIDDEN
10
256.339244
20
271.022637
30
0.0
11
256.339244
21
273.020578
31
0.0
0
LINE
8
HIDDEN
10
252.339244
20
271.199868
30
0.0
11
252.339244
21
273.197750
31
0.0
0
LINE
8
HIDDEN
10
250.339244
20
271.272283
30
0.0
11
250.339244
21
273.270107
31
0.0
0
LINE
8
HIDDEN
10
248.339244
20
271.360899
30
0.0
11
248.339244
21
273.358693
31
0.0
0
LINE
8
HIDDEN
10
246.339244
20
271.433315
30
0.0
11
246.339244
21
273.431050
31
0.0
0
LINE
8
HIDDEN
10
244.339244
20
271.521930
30
0.0
11
244.339244
21
273.519636
31
0.0
0
LINE
8
HIDDEN
10
240.339244
20
271.666761
30
0.0
11
240.339244
21
273.664349
31
0.0
0
LINE
8
HIDDEN
10
238.339244
20
271.722977
30
0.0
11
238.339244
21
273.720477
31
0.0
0
LINE
8
HIDDEN
10
236.339244
20
271.762992
30
0.0
11
236.339244
21
273.760375
31
0.0
0
LINE
8
HIDDEN
10
234.339244
20
271.770608
30
0.0
11
234.339244
21
273.767814
31
0.0
0
LINE
8
HIDDEN
10
232.339244
20
271.745823
30
0.0
11
232.339244
21
273.742794
31
0.0
0
LINE
8
HIDDEN
10
279.676222
20
268.257199
30
0.0
11
284.638772
21
267.641882
31
0.0
0
LINE
8
HIDDEN
10
279.339244
20
268.902880
30
0.0
11
284.639495
21
268.324093
31
0.0
0
LINE
8
HIDDEN
10
279.739244
20
267.526285
30
0.0
11
284.638079
21
266.857731
31
0.0
0
LINE
8
HIDDEN
10
284.639512
20
267.637198
30
0.0
11
284.638079
21
266.857731
31
0.0
0
LINE
8
HIDDEN
10
279.739244
20
268.145791
30
0.0
11
279.739244
21
267.526285
31
0.0
0
LINE
8
HIDDEN
10
279.739244
20
267.526285
30
0.0
11
279.739244
21
266.693888
31
0.0
0
LINE
8
HIDDEN
10
279.739244
20
266.693888
30
0.0
11
279.739244
21
265.756787
31
0.0
0
LINE
8
HIDDEN
10
279.739244
20
265.756787
30
0.0
11
279.739244
21
264.720152
31
0.0
0
LINE
8
HIDDEN
10
279.739244
20
264.720152
30
0.0
11
279.739244
21
264.185631
31
0.0
0
LINE
8
HIDDEN
10
279.739244
20
265.182803
30
0.0
11
279.739244
21
264.185631
31
0.0
0
LINE
8
HIDDEN
10
279.739244
20
266.409165
30
0.0
11
279.739244
21
265.182803
31
0.0
0
LINE
8
HIDDEN
10
279.739244
20
267.530804
30
0.0
11
279.739244
21
266.409165
31
0.0
0
LINE
8
HIDDEN
10
279.739244
20
268.541429
30
0.0
11
279.739244
21
267.530804
31
0.0
0
LINE
8
HIDDEN
10
279.739244
20
269.435371
30
0.0
11
279.739244
21
268.541429
31
0.0
0
LINE
8
HIDDEN
10
279.739244
20
270.207616
30
0.0
11
279.739244
21
269.435371
31
0.0
0
LINE
8
HIDDEN
10
279.739244
20
269.435371
30
0.0
11
282.675909
21
268.293840
31
0.0
0
LINE
8
HIDDEN
10
282.675909
20
268.293840
30
0.0
11
284.638787
21
266.852706
31
0.0
0
LINE
8
HIDDEN
10
284.638079
20
266.857731
30
0.0
11
284.638787
21
266.852706
31
0.0
0
LINE
8
HIDDEN
10
279.339244
20
269.389217
30
0.0
11
284.640247
21
268.900882
31
0.0
0
LINE
8
HIDDEN
10
279.339244
20
267.037557
30
0.0
11
284.630710
21
266.781352
31
0.0
0
LINE
8
HIDDEN
10
279.339244
20
267.037557
30
0.0
11
279.339244
21
267.696317
31
0.0
0
LINE
8
HIDDEN
10
279.539244
20
267.686325
30
0.0
11
279.539244
21
267.768698
31
0.0
0
LINE
8
HIDDEN
10
279.539244
20
267.909155
30
0.0
11
279.539244
21
268.870218
31
0.0
0
LINE
8
HIDDEN
10
279.339244
20
169.122774
30
0.0
11
279.539244
21
168.985631
31
0.0
0
LINE
8
HIDDEN
10
278.839244
20
169.465631
30
0.0
11
279.339244
21
169.122774
31
0.0
0
LINE
8
HIDDEN
10
279.539244
20
246.325631
30
0.0
11
279.539244
21
248.570733
31
0.0
0
LINE
8
HIDDEN
10
279.539244
20
176.185631
30
0.0
11
279.539244
21
246.325631
31
0.0
0
LINE
8
HIDDEN
10
279.539244
20
173.932152
30
0.0
11
279.539244
21
176.185631
31
0.0
0
LINE
8
HIDDEN
10
279.539244
20
171.697944
30
0.0
11
279.539244
21
173.932152
31
0.0
0
LINE
8
HIDDEN
10
279.539244
20
169.502114
30
0.0
11
279.539244
21
171.697944
31
0.0
0
LINE
8
HIDDEN
10
279.539244
20
168.985631
30
0.0
11
279.539244
21
169.502114
31
0.0
0
LINE
8
HIDDEN
10
279.539244
20
248.862761
30
0.0
11
279.539244
21
251.086242
31
0.0
0
LINE
8
HIDDEN
10
279.539244
20
251.086242
30
0.0
11
279.539244
21
253.266687
31
0.0
0
LINE
8
HIDDEN
10
279.539244
20
253.547493
30
0.0
11
279.539244
21
255.663905
31
0.0
0
LINE
8
HIDDEN
10
279.539244
20
255.663905
30
0.0
11
279.539244
21
257.695901
31
0.0
0
LINE
8
HIDDEN
10
279.539244
20
257.954692
30
0.0
11
279.539244
21
259.882703
31
0.0
0
LINE
8
HIDDEN
10
279.539244
20
259.882703
30
0.0
11
279.539244
21
261.688161
31
0.0
0
LINE
8
HIDDEN
10
279.539244
20
261.914994
30
0.0
11
279.539244
21
263.580511
31
0.0
0
LINE
8
HIDDEN
10
279.539244
20
263.580511
30
0.0
11
279.539244
21
265.090047
31
0.0
0
LINE
8
HIDDEN
10
279.539244
20
265.276204
30
0.0
11
279.539244
21
266.615223
31
0.0
0
LINE
8
HIDDEN
10
279.539244
20
266.615223
30
0.0
11
279.539244
21
267.770828
31
0.0
0
LINE
8
HIDDEN
10
279.339244
20
266.201508
30
0.0
11
279.339244
21
267.037557
31
0.0
0
LINE
8
HIDDEN
10
279.539244
20
266.087674
30
0.0
11
284.630710
21
265.852349
31
0.0
0
LINE
8
HIDDEN
10
279.539244
20
266.087674
30
0.0
11
279.539244
21
266.192216
31
0.0
0
LINE
8
HIDDEN
10
279.539244
20
265.961972
30
0.0
11
279.539244
21
266.087674
31
0.0
0
LINE
8
HIDDEN
10
279.339244
20
264.965872
30
0.0
11
284.630710
21
264.735294
31
0.0
0
LINE
8
HIDDEN
10
279.339244
20
264.965872
30
0.0
11
279.339244
21
265.971157
31
0.0
0
LINE
8
HIDDEN
10
279.339244
20
263.801031
30
0.0
11
279.339244
21
264.965872
31
0.0
0
LINE
8
HIDDEN
10
279.539244
20
263.647207
30
0.0
11
284.630710
21
263.440943
31
0.0
0
LINE
8
HIDDEN
10
279.539244
20
263.647207
30
0.0
11
279.539244
21
263.792861
31
0.0
0
LINE
8
HIDDEN
10
279.539244
20
263.483005
30
0.0
11
279.539244
21
263.647207
31
0.0
0
LINE
8
HIDDEN
10
279.339244
20
262.177853
30
0.0
11
284.630710
21
261.981762
31
0.0
0
LINE
8
HIDDEN
10
279.339244
20
262.177853
30
0.0
11
279.339244
21
263.491030
31
0.0
0
LINE
8
HIDDEN
10
279.339244
20
260.728985
30
0.0
11
279.339244
21
262.177853
31
0.0
0
LINE
8
HIDDEN
10
279.539244
20
260.541081
30
0.0
11
284.630710
21
260.371804
31
0.0
0
LINE
8
HIDDEN
10
279.539244
20
260.541081
30
0.0
11
279.539244
21
260.722250
31
0.0
0
LINE
8
HIDDEN
10
279.539244
20
260.344689
30
0.0
11
279.539244
21
260.541081
31
0.0
0
LINE
8
HIDDEN
10
279.339244
20
258.780642
30
0.0
11
284.630710
21
258.626574
31
0.0
0
LINE
8
HIDDEN
10
279.339244
20
258.780642
30
0.0
11
279.339244
21
260.351247
31
0.0
0
LINE
8
HIDDEN
10
279.339244
20
257.103425
30
0.0
11
279.339244
21
258.780642
31
0.0
0
LINE
8
HIDDEN
10
279.539244
20
256.888663
30
0.0
11
284.630710
21
256.762879
31
0.0
0
LINE
8
HIDDEN
10
279.539244
20
256.888663
30
0.0
11
279.539244
21
257.098386
31
0.0
0
LINE
8
HIDDEN
10
279.539244
20
256.667630
30
0.0
11
279.539244
21
256.888663
31
0.0
0
LINE
8
HIDDEN
10
279.339244
20
254.904792
30
0.0
11
284.630710
21
254.798668
31
0.0
0
LINE
8
HIDDEN
10
279.339244
20
254.904792
30
0.0
11
279.339244
21
256.672467
31
0.0
0
LINE
8
HIDDEN
10
279.339244
20
253.063681
30
0.0
11
279.339244
21
254.904792
31
0.0
0
LINE
8
HIDDEN
10
279.539244
20
252.830314
30
0.0
11
284.630710
21
252.752857
31
0.0
0
LINE
8
HIDDEN
10
279.539244
20
252.830314
30
0.0
11
279.539244
21
253.060530
31
0.0
0
LINE
8
HIDDEN
10
279.539244
20
252.593133
30
0.0
11
279.539244
21
252.830314
31
0.0
0
LINE
8
HIDDEN
10
279.339244
20
250.699249
30
0.0
11
284.630710
21
250.645148
31
0.0
0
LINE
8
HIDDEN
10
279.339244
20
250.699249
30
0.0
11
279.339244
21
252.596065
31
0.0
0
LINE
8
HIDDEN
10
279.339244
20
248.764997
30
0.0
11
279.339244
21
250.699249
31
0.0
0
LINE
8
HIDDEN
10
279.539244
20
248.521994
30
0.0
11
284.630710
21
248.495840
31
0.0
0
LINE
8
HIDDEN
10
279.539244
20
248.521994
30
0.0
11
279.539244
21
248.763857
31
0.0
0
LINE
8
HIDDEN
10
279.539244
20
248.277779
30
0.0
11
279.539244
21
248.521994
31
0.0
0
LINE
8
HIDDEN
10
279.339244
20
246.325631
30
0.0
11
284.630710
21
246.325631
31
0.0
0
LINE
8
HIDDEN
10
279.339244
20
246.325631
30
0.0
11
279.339244
21
248.278692
31
0.0
0
LINE
8
HIDDEN
10
279.339244
20
176.185631
30
0.0
11
279.339244
21
174.116366
31
0.0
0
LINE
8
HIDDEN
10
279.339244
20
174.116366
30
0.0
11
279.339244
21
172.064797
31
0.0
0
LINE
8
HIDDEN
10
279.339244
20
172.064797
30
0.0
11
279.339244
21
170.048469
31
0.0
0
LINE
8
HIDDEN
10
279.339244
20
170.048469
30
0.0
11
279.339244
21
169.122774
31
0.0
0
LINE
8
HIDDEN
10
279.339244
20
176.185631
30
0.0
11
279.339244
21
169.122774
31
0.0
0
LINE
8
HIDDEN
10
279.739244
20
266.693888
30
0.0
11
284.637416
21
265.975646
31
0.0
0
LINE
8
HIDDEN
10
284.638787
20
266.852706
30
0.0
11
284.637416
21
265.975646
31
0.0
0
LINE
8
HIDDEN
10
279.739244
20
265.756787
30
0.0
11
284.636783
21
265.000137
31
0.0
0
LINE
8
HIDDEN
10
284.638091
20
265.970357
30
0.0
11
284.636783
21
265.000137
31
0.0
0
LINE
8
HIDDEN
10
284.637416
20
265.975646
30
0.0
11
284.638091
21
265.970357
31
0.0
0
LINE
8
HIDDEN
10
279.739244
20
264.720152
30
0.0
11
284.636181
21
263.936191
31
0.0
0
LINE
8
HIDDEN
10
284.637426
20
264.994659
30
0.0
11
284.636181
21
263.936191
31
0.0
0
LINE
8
HIDDEN
10
284.636783
20
265.000137
30
0.0
11
284.637426
21
264.994659
31
0.0
0
LINE
8
HIDDEN
10
279.339244
20
263.655097
30
0.0
11
284.635610
21
262.789250
31
0.0
0
LINE
8
HIDDEN
10
284.636792
20
263.930597
30
0.0
11
284.635610
21
262.789250
31
0.0
0
LINE
8
HIDDEN
10
284.636181
20
263.936191
30
0.0
11
284.636792
21
263.930597
31
0.0
0
LINE
8
HIDDEN
10
279.339240
20
264.185631
30
0.0
11
279.739244
21
264.185631
31
0.0
0
LINE
8
HIDDEN
10
279.339244
20
264.185631
30
0.0
11
279.339244
21
263.655097
31
0.0
0
LINE
8
HIDDEN
10
279.339244
20
264.185631
30
0.0
11
279.739244
21
264.185631
31
0.0
0
LINE
8
HIDDEN
10
279.339244
20
263.642443
30
0.0
11
280.186005
21
263.875984
31
0.0
0
LINE
8
HIDDEN
10
280.186005
20
263.875984
30
0.0
11
281.221922
21
263.478616
31
0.0
0
LINE
8
HIDDEN
10
281.221922
20
263.478616
30
0.0
11
284.635615
21
261.559565
31
0.0
0
LINE
8
HIDDEN
10
284.635069
20
261.565184
30
0.0
11
284.635615
21
261.559565
31
0.0
0
LINE
8
HIDDEN
10
284.636188
20
262.783610
30
0.0
11
284.635069
21
261.565184
31
0.0
0
LINE
8
HIDDEN
10
279.739244
20
265.182803
30
0.0
11
282.367227
21
264.217147
31
0.0
0
LINE
8
HIDDEN
10
282.367227
20
264.217147
30
0.0
11
284.636188
21
262.783610
31
0.0
0
LINE
8
HIDDEN
10
279.339244
20
263.642443
30
0.0
11
279.339244
21
264.185631
31
0.0
0
LINE
8
HIDDEN
10
284.635610
20
262.789250
30
0.0
11
284.636188
21
262.783610
31
0.0
0
LINE
8
HIDDEN
10
279.739244
20
266.409165
30
0.0
11
282.317962
21
265.454497
31
0.0
0
LINE
8
HIDDEN
10
282.317962
20
265.454497
30
0.0
11
284.636792
21
263.930597
31
0.0
0
LINE
8
HIDDEN
10
279.739244
20
267.530804
30
0.0
11
282.385746
21
266.534028
31
0.0
0
LINE
8
HIDDEN
10
282.385746
20
266.534028
30
0.0
11
284.637426
21
264.994659
31
0.0
0
LINE
8
HIDDEN
10
279.739244
20
268.541429
30
0.0
11
282.499066
21
267.486058
31
0.0
0
LINE
8
HIDDEN
10
282.499066
20
267.486058
30
0.0
11
284.638091
21
265.970357
31
0.0
0
LINE
8
HIDDEN
10
279.539244
20
168.430833
30
0.0
11
279.539244
21
163.810849
31
0.0
0
LINE
8
HIDDEN
10
279.539244
20
168.985631
30
0.0
11
279.539244
21
168.430833
31
0.0
0
LINE
8
HIDDEN
10
279.339244
20
170.048469
30
0.0
11
284.630710
21
170.048469
31
0.0
0
LINE
8
HIDDEN
10
279.339244
20
168.084626
30
0.0
11
284.630710
21
168.084626
31
0.0
0
LINE
8
HIDDEN
10
279.339244
20
168.430833
30
0.0
11
279.339244
21
168.084626
31
0.0
0
LINE
8
HIDDEN
10
284.340900
20
176.185631
30
0.0
11
284.630710
21
176.185631
31
0.0
0
LINE
8
HIDDEN
10
279.539244
20
176.185631
30
0.0
11
284.340900
21
176.185631
31
0.0
0
LINE
8
HIDDEN
10
284.340900
20
176.185631
30
0.0
11
284.630710
21
176.185631
31
0.0
0
LINE
8
HIDDEN
10
279.339244
20
176.185631
30
0.0
11
284.630710
21
176.185631
31
0.0
0
LINE
8
HIDDEN
10
279.339244
20
176.185631
30
0.0
11
284.340900
21
176.185631
31
0.0
0
LINE
8
HIDDEN
10
279.339244
20
174.116366
30
0.0
11
284.630710
21
174.116366
31
0.0
0
LINE
8
HIDDEN
10
279.339244
20
172.064797
30
0.0
11
284.630710
21
172.064797
31
0.0
0
LINE
8
HIDDEN
10
279.339244
20
262.437579
30
0.0
11
284.635069
21
261.565184
31
0.0
0
LINE
8
HIDDEN
10
279.339244
20
263.655097
30
0.0
11
279.339244
21
262.437579
31
0.0
0
LINE
8
HIDDEN
10
279.339244
20
168.084626
30
0.0
11
279.339244
21
166.190063
31
0.0
0
LINE
8
HIDDEN
10
279.339244
20
166.190063
30
0.0
11
279.339244
21
164.380981
31
0.0
0
LINE
8
HIDDEN
10
279.339244
20
164.380981
30
0.0
11
279.339244
21
162.672852
31
0.0
0
LINE
8
HIDDEN
10
279.339244
20
162.672852
30
0.0
11
279.339244
21
161.080284
31
0.0
0
LINE
8
HIDDEN
10
279.339244
20
161.080284
30
0.0
11
279.339244
21
159.616897
31
0.0
0
LINE
8
HIDDEN
10
279.339244
20
159.616897
30
0.0
11
279.339244
21
158.295204
31
0.0
0
LINE
8
HIDDEN
10
279.339244
20
158.295204
30
0.0
11
279.339244
21
157.126510
31
0.0
0
LINE
8
HIDDEN
10
279.339244
20
157.126510
30
0.0
11
279.339244
21
156.120809
31
0.0
0
LINE
8
HIDDEN
10
279.339244
20
156.120809
30
0.0
11
279.339244
21
155.286701
31
0.0
0
LINE
8
HIDDEN
10
279.339244
20
155.286701
30
0.0
11
279.339244
21
154.631320
31
0.0
0
LINE
8
HIDDEN
10
279.339244
20
154.631320
30
0.0
11
279.339244
21
154.160271
31
0.0
0
LINE
8
HIDDEN
10
279.339244
20
154.160271
30
0.0
11
279.339244
21
153.877582
31
0.0
0
LINE
8
HIDDEN
10
279.339244
20
153.877582
30
0.0
11
279.339244
21
153.785670
31
0.0
0
LINE
8
HIDDEN
10
279.339244
20
153.785670
30
0.0
11
279.339244
21
153.885323
31
0.0
0
LINE
8
HIDDEN
10
279.339244
20
153.885323
30
0.0
11
279.339244
21
154.175686
31
0.0
0
LINE
8
HIDDEN
10
279.339244
20
154.175686
30
0.0
11
279.339244
21
154.654278
31
0.0
0
LINE
8
HIDDEN
10
279.339244
20
154.654278
30
0.0
11
279.339244
21
155.317005
31
0.0
0
LINE
8
HIDDEN
10
279.339244
20
155.317005
30
0.0
11
279.339244
21
156.158200
31
0.0
0
LINE
8
HIDDEN
10
279.339244
20
156.158200
30
0.0
11
279.339244
21
157.170669
31
0.0
0
LINE
8
HIDDEN
10
279.339244
20
157.170669
30
0.0
11
279.339244
21
158.345752
31
0.0
0
LINE
8
HIDDEN
10
279.339244
20
158.345752
30
0.0
11
279.339244
21
159.673402
31
0.0
0
LINE
8
HIDDEN
10
279.339244
20
159.673402
30
0.0
11
279.339244
21
161.142264
31
0.0
0
LINE
8
HIDDEN
10
279.339244
20
161.142264
30
0.0
11
279.339244
21
162.739776
31
0.0
0
LINE
8
HIDDEN
10
279.339244
20
162.739776
30
0.0
11
279.339244
21
164.452277
31
0.0
0
LINE
8
HIDDEN
10
279.339244
20
164.452277
30
0.0
11
279.339244
21
168.430833
31
0.0
0
LINE
8
HIDDEN
10
279.339244
20
169.122774
30
0.0
11
279.339244
21
236.006277
31
0.0
0
LINE
8
HIDDEN
10
279.339244
20
237.459789
30
0.0
11
279.339244
21
236.006277
31
0.0
0
LINE
8
HIDDEN
10
279.339244
20
238.970393
30
0.0
11
279.339244
21
237.459789
31
0.0
0
LINE
8
HIDDEN
10
279.339244
20
240.529696
30
0.0
11
279.339244
21
238.970393
31
0.0
0
LINE
8
HIDDEN
10
279.339244
20
242.129035
30
0.0
11
279.339244
21
240.529696
31
0.0
0
LINE
8
HIDDEN
10
279.339244
20
243.759526
30
0.0
11
279.339244
21
242.129035
31
0.0
0
LINE
8
HIDDEN
10
279.339244
20
245.412110
30
0.0
11
279.339244
21
243.759526
31
0.0
0
LINE
8
HIDDEN
10
279.339244
20
247.077606
30
0.0
11
279.339244
21
245.412110
31
0.0
0
LINE
8
HIDDEN
10
279.339244
20
248.746762
30
0.0
11
279.339244
21
247.077606
31
0.0
0
LINE
8
HIDDEN
10
279.339244
20
250.410305
30
0.0
11
279.339244
21
248.746762
31
0.0
0
LINE
8
HIDDEN
10
279.339244
20
252.058992
30
0.0
11
279.339244
21
250.410305
31
0.0
0
LINE
8
HIDDEN
10
279.339244
20
253.683666
30
0.0
11
279.339244
21
252.058992
31
0.0
0
LINE
8
HIDDEN
10
279.339244
20
255.275301
30
0.0
11
279.339244
21
253.683666
31
0.0
0
LINE
8
HIDDEN
10
279.339244
20
256.825056
30
0.0
11
279.339244
21
255.275301
31
0.0
0
LINE
8
HIDDEN
10
279.339244
20
258.324321
30
0.0
11
279.339244
21
256.825056
31
0.0
0
LINE
8
HIDDEN
10
279.339244
20
259.764768
30
0.0
11
279.339244
21
258.324321
31
0.0
0
LINE
8
HIDDEN
10
279.339244
20
261.138398
30
0.0
11
279.339244
21
259.764768
31
0.0
0
LINE
8
HIDDEN
10
279.339244
20
262.437579
30
0.0
11
279.339244
21
261.138398
31
0.0
0
LINE
8
HIDDEN
10
279.339244
20
262.227038
30
0.0
11
279.339244
21
263.642443
31
0.0
0
LINE
8
HIDDEN
10
279.339244
20
260.731931
30
0.0
11
279.339244
21
262.227038
31
0.0
0
LINE
8
HIDDEN
10
279.339244
20
259.165347
30
0.0
11
279.339244
21
260.731931
31
0.0
0
LINE
8
HIDDEN
10
279.339244
20
257.535904
30
0.0
11
279.339244
21
259.165347
31
0.0
0
LINE
8
HIDDEN
10
279.339244
20
255.852567
30
0.0
11
279.339244
21
257.535904
31
0.0
0
LINE
8
HIDDEN
10
279.339244
20
254.124598
30
0.0
11
279.339244
21
255.852567
31
0.0
0
LINE
8
HIDDEN
10
279.339244
20
252.361501
30
0.0
11
279.339244
21
254.124598
31
0.0
0
LINE
8
HIDDEN
10
279.339244
20
250.572977
30
0.0
11
279.339244
21
252.361501
31
0.0
0
LINE
8
HIDDEN
10
279.339244
20
248.768865
30
0.0
11
279.339244
21
250.572977
31
0.0
0
LINE
8
HIDDEN
10
279.339244
20
246.959091
30
0.0
11
279.339244
21
248.768865
31
0.0
0
LINE
8
HIDDEN
10
279.339244
20
245.153612
30
0.0
11
279.339244
21
246.959091
31
0.0
0
LINE
8
HIDDEN
10
279.339244
20
243.362359
30
0.0
11
279.339244
21
245.153612
31
0.0
0
LINE
8
HIDDEN
10
279.339244
20
241.595188
30
0.0
11
279.339244
21
243.362359
31
0.0
0
LINE
8
HIDDEN
10
279.339244
20
239.861820
30
0.0
11
279.339244
21
241.595188
31
0.0
0
LINE
8
HIDDEN
10
279.339244
20
238.171792
30
0.0
11
279.339244
21
239.861820
31
0.0
0
LINE
8
HIDDEN
10
279.339244
20
236.534401
30
0.0
11
279.339244
21
238.171792
31
0.0
0
LINE
8
HIDDEN
10
279.339244
20
234.958656
30
0.0
11
279.339244
21
236.534401
31
0.0
0
LINE
8
HIDDEN
10
279.339244
20
163.404656
30
0.0
11
279.339244
21
234.958656
31
0.0
0
LINE
8
HIDDEN
10
279.339244
20
161.539254
30
0.0
11
279.339244
21
163.404656
31
0.0
0
LINE
8
HIDDEN
10
279.339244
20
159.799106
30
0.0
11
279.339244
21
161.539254
31
0.0
0
LINE
8
HIDDEN
10
279.339244
20
158.199096
30
0.0
11
279.339244
21
159.799106
31
0.0
0
LINE
8
HIDDEN
10
279.339244
20
156.752906
30
0.0
11
279.339244
21
158.199096
31
0.0
0
LINE
8
HIDDEN
10
279.339244
20
155.472904
30
0.0
11
279.339244
21
156.752906
31
0.0
0
LINE
8
HIDDEN
10
279.339244
20
154.370036
30
0.0
11
279.339244
21
155.472904
31
0.0
0
LINE
8
HIDDEN
10
279.339244
20
153.453735
30
0.0
11
279.339244
21
154.370036
31
0.0
0
LINE
8
HIDDEN
10
279.339244
20
152.731836
30
0.0
11
279.339244
21
153.453735
31
0.0
0
LINE
8
HIDDEN
10
279.339244
20
152.210512
30
0.0
11
279.339244
21
152.731836
31
0.0
0
LINE
8
HIDDEN
10
279.339244
20
151.894224
30
0.0
11
279.339244
21
152.210512
31
0.0
0
LINE
8
HIDDEN
10
279.339244
20
151.785674
30
0.0
11
279.339244
21
151.894224
31
0.0
0
LINE
8
HIDDEN
10
279.339244
20
262.227038
30
0.0
11
280.187296
21
262.463043
31
0.0
0
LINE
8
HIDDEN
10
280.187296
20
262.463043
30
0.0
11
284.635073
21
260.264722
31
0.0
0
LINE
8
HIDDEN
10
284.634560
20
260.270258
30
0.0
11
284.635073
21
260.264722
31
0.0
0
LINE
8
HIDDEN
10
284.635615
20
261.559565
30
0.0
11
284.634560
21
260.270258
31
0.0
0
LINE
8
HIDDEN
10
279.339244
20
261.138398
30
0.0
11
284.634560
21
260.270258
31
0.0
0
LINE
8
HIDDEN
10
279.339244
20
166.190063
30
0.0
11
284.630710
21
166.190063
31
0.0
0
LINE
8
HIDDEN
10
279.339244
20
164.380981
30
0.0
11
284.630710
21
164.380981
31
0.0
0
LINE
8
HIDDEN
10
279.339244
20
162.672852
30
0.0
11
284.630710
21
162.672852
31
0.0
0
LINE
8
HIDDEN
10
279.339244
20
161.080284
30
0.0
11
284.630710
21
161.080284
31
0.0
0
LINE
8
HIDDEN
10
279.339244
20
159.616897
30
0.0
11
284.630710
21
159.616897
31
0.0
0
LINE
8
HIDDEN
10
279.339244
20
158.295204
30
0.0
11
284.630710
21
158.295204
31
0.0
0
LINE
8
HIDDEN
10
279.339244
20
157.126510
30
0.0
11
284.630710
21
157.126510
31
0.0
0
LINE
8
HIDDEN
10
279.339244
20
156.120809
30
0.0
11
284.630710
21
156.120809
31
0.0
0
LINE
8
HIDDEN
10
279.339244
20
155.286701
30
0.0
11
284.630710
21
155.286701
31
0.0
0
LINE
8
HIDDEN
10
279.339244
20
154.631320
30
0.0
11
284.630710
21
154.631320
31
0.0
0
LINE
8
HIDDEN
10
279.339244
20
154.160271
30
0.0
11
284.630710
21
154.160271
31
0.0
0
LINE
8
HIDDEN
10
279.339244
20
153.877582
30
0.0
11
284.630710
21
153.877582
31
0.0
0
LINE
8
HIDDEN
10
279.339244
20
153.785670
30
0.0
11
284.630710
21
153.785670
31
0.0
0
LINE
8
HIDDEN
10
284.630710
20
153.885323
30
0.0
11
284.630710
21
153.785670
31
0.0
0
LINE
8
HIDDEN
10
279.339244
20
153.885323
30
0.0
11
284.630710
21
153.885323
31
0.0
0
LINE
8
HIDDEN
10
284.630710
20
154.175686
30
0.0
11
284.630710
21
153.885323
31
0.0
0
LINE
8
HIDDEN
10
279.339244
20
154.175686
30
0.0
11
284.630710
21
154.175686
31
0.0
0
LINE
8
HIDDEN
10
284.630710
20
154.654278
30
0.0
11
284.630710
21
154.175686
31
0.0
0
LINE
8
HIDDEN
10
279.339244
20
154.654278
30
0.0
11
284.630710
21
154.654278
31
0.0
0
LINE
8
HIDDEN
10
284.630710
20
155.317005
30
0.0
11
284.630710
21
154.654278
31
0.0
0
LINE
8
HIDDEN
10
279.339244
20
155.317005
30
0.0
11
284.630710
21
155.317005
31
0.0
0
LINE
8
HIDDEN
10
284.630710
20
156.158200
30
0.0
11
284.630710
21
155.317005
31
0.0
0
LINE
8
HIDDEN
10
279.339244
20
156.158200
30
0.0
11
284.630710
21
156.158200
31
0.0
0
LINE
8
HIDDEN
10
284.630710
20
157.170669
30
0.0
11
284.630710
21
156.158200
31
0.0
0
LINE
8
HIDDEN
10
279.339244
20
157.170669
30
0.0
11
284.630710
21
157.170669
31
0.0
0
LINE
8
HIDDEN
10
284.630710
20
158.345752
30
0.0
11
284.630710
21
157.170669
31
0.0
0
LINE
8
HIDDEN
10
279.339244
20
158.345752
30
0.0
11
284.630710
21
158.345752
31
0.0
0
LINE
8
HIDDEN
10
284.630710
20
159.673402
30
0.0
11
284.630710
21
158.345752
31
0.0
0
LINE
8
HIDDEN
10
279.339244
20
159.673402
30
0.0
11
284.630710
21
159.673402
31
0.0
0
LINE
8
HIDDEN
10
284.630710
20
161.142264
30
0.0
11
284.630710
21
159.673402
31
0.0
0
LINE
8
HIDDEN
10
279.339244
20
161.142264
30
0.0
11
284.630710
21
161.142264
31
0.0
0
LINE
8
HIDDEN
10
284.630710
20
162.739776
30
0.0
11
284.630710
21
161.142264
31
0.0
0
LINE
8
HIDDEN
10
279.339244
20
162.739776
30
0.0
11
284.630710
21
162.739776
31
0.0
0
LINE
8
HIDDEN
10
284.630710
20
164.452277
30
0.0
11
284.630710
21
162.739776
31
0.0
0
LINE
8
HIDDEN
10
279.339244
20
164.452277
30
0.0
11
284.630710
21
164.452277
31
0.0
0
LINE
8
HIDDEN
10
284.630710
20
236.006277
30
0.0
11
284.630710
21
164.452277
31
0.0
0
LINE
8
HIDDEN
10
279.339244
20
236.006277
30
0.0
11
284.630710
21
236.006277
31
0.0
0
LINE
8
HIDDEN
10
284.630742
20
237.400457
30
0.0
11
284.630710
21
236.006277
31
0.0
0
LINE
8
HIDDEN
10
284.630710
20
237.400802
30
0.0
11
284.630742
21
237.400457
31
0.0
0
LINE
8
HIDDEN
10
279.339244
20
237.459789
30
0.0
11
284.630710
21
237.400802
31
0.0
0
LINE
8
HIDDEN
10
284.630719
20
237.539631
30
0.0
11
284.630710
21
237.400802
31
0.0
0
LINE
8
HIDDEN
10
279.339244
20
238.970393
30
0.0
11
284.630710
21
238.848272
31
0.0
0
LINE
8
HIDDEN
10
279.339244
20
240.529696
30
0.0
11
284.630710
21
240.341272
31
0.0
0
LINE
8
HIDDEN
10
284.631032
20
241.870621
30
0.0
11
284.630826
21
240.469631
31
0.0
0
LINE
8
HIDDEN
10
284.630904
20
241.872140
30
0.0
11
284.631032
21
241.870621
31
0.0
0
LINE
8
HIDDEN
10
279.339244
20
242.129035
30
0.0
11
284.630904
21
241.872140
31
0.0
0
LINE
8
HIDDEN
10
284.631193
20
243.431102
30
0.0
11
284.630904
21
241.872140
31
0.0
0
LINE
8
HIDDEN
10
284.631033
20
243.433042
30
0.0
11
284.631193
21
243.431102
31
0.0
0
LINE
8
HIDDEN
10
279.339244
20
243.759526
30
0.0
11
284.631033
21
243.433042
31
0.0
0
LINE
8
HIDDEN
10
284.631386
20
245.013608
30
0.0
11
284.631033
21
243.433042
31
0.0
0
LINE
8
HIDDEN
10
284.631194
20
245.015972
30
0.0
11
284.631386
21
245.013608
31
0.0
0
LINE
8
HIDDEN
10
279.339244
20
245.412110
30
0.0
11
284.631194
21
245.015972
31
0.0
0
LINE
8
HIDDEN
10
284.631612
20
246.610033
30
0.0
11
284.631194
21
245.015972
31
0.0
0
LINE
8
HIDDEN
10
284.631388
20
246.612820
30
0.0
11
284.631612
21
246.610033
31
0.0
0
LINE
8
HIDDEN
10
279.339244
20
247.077606
30
0.0
11
284.631388
21
246.612820
31
0.0
0
LINE
8
HIDDEN
10
284.631869
20
248.212199
30
0.0
11
284.631388
21
246.612820
31
0.0
0
LINE
8
HIDDEN
10
284.631613
20
248.215402
30
0.0
11
284.631869
21
248.212199
31
0.0
0
LINE
8
HIDDEN
10
279.339244
20
248.746762
30
0.0
11
284.631613
21
248.215402
31
0.0
0
LINE
8
HIDDEN
10
284.632159
20
249.811900
30
0.0
11
284.631613
21
248.215402
31
0.0
0
LINE
8
HIDDEN
10
284.631870
20
249.815505
30
0.0
11
284.632159
21
249.811900
31
0.0
0
LINE
8
HIDDEN
10
279.339244
20
250.410305
30
0.0
11
284.631870
21
249.815505
31
0.0
0
LINE
8
HIDDEN
10
284.632480
20
251.400943
30
0.0
11
284.631870
21
249.815505
31
0.0
0
LINE
8
HIDDEN
10
284.632160
20
251.404930
30
0.0
11
284.632480
21
251.400943
31
0.0
0
LINE
8
HIDDEN
10
279.339244
20
252.058992
30
0.0
11
284.632160
21
251.404930
31
0.0
0
LINE
8
HIDDEN
10
284.632833
20
252.971189
30
0.0
11
284.632160
21
251.404930
31
0.0
0
LINE
8
HIDDEN
10
284.632481
20
252.975533
30
0.0
11
284.632833
21
252.971189
31
0.0
0
LINE
8
HIDDEN
10
279.339244
20
253.683666
30
0.0
11
284.632481
21
252.975533
31
0.0
0
LINE
8
HIDDEN
10
284.633218
20
254.514598
30
0.0
11
284.632481
21
252.975533
31
0.0
0
LINE
8
HIDDEN
10
284.632834
20
254.519266
30
0.0
11
284.633218
21
254.514598
31
0.0
0
LINE
8
HIDDEN
10
279.339244
20
255.275301
30
0.0
11
284.632834
21
254.519266
31
0.0
0
LINE
8
HIDDEN
10
284.633094
20
255.009631
30
0.0
11
284.632834
21
254.519266
31
0.0
0
LINE
8
HIDDEN
10
279.339244
20
256.825056
30
0.0
11
284.630710
21
256.028599
31
0.0
0
LINE
8
HIDDEN
10
279.339244
20
258.324321
30
0.0
11
284.630710
21
257.495128
31
0.0
0
LINE
8
HIDDEN
10
284.634562
20
258.905706
30
0.0
11
284.633926
21
257.939631
31
0.0
0
LINE
8
HIDDEN
10
284.634081
20
258.911100
30
0.0
11
284.634562
21
258.905706
31
0.0
0
LINE
8
HIDDEN
10
279.339244
20
259.764768
30
0.0
11
284.634081
21
258.911100
31
0.0
0
LINE
8
HIDDEN
10
284.635073
20
260.264722
30
0.0
11
284.634081
21
258.911100
31
0.0
0
LINE
8
HIDDEN
10
279.339244
20
260.731931
30
0.0
11
280.191649
21
260.966766
31
0.0
0
LINE
8
HIDDEN
10
280.191649
20
260.966766
30
0.0
11
284.634562
21
258.905706
31
0.0
0
LINE
8
HIDDEN
10
279.339244
20
259.165347
30
0.0
11
280.199159
21
259.395616
31
0.0
0
LINE
8
HIDDEN
10
280.199159
20
259.395616
30
0.0
11
284.634083
21
257.489471
31
0.0
0
LINE
8
HIDDEN
10
279.339244
20
257.535904
30
0.0
11
280.210125
21
257.758455
31
0.0
0
LINE
8
HIDDEN
10
280.210125
20
257.758455
30
0.0
11
284.633634
21
256.023267
31
0.0
0
LINE
8
HIDDEN
10
279.339244
20
255.852567
30
0.0
11
280.225066
21
256.064504
31
0.0
0
LINE
8
HIDDEN
10
280.225066
20
256.064504
30
0.0
11
284.633218
21
254.514598
31
0.0
0
LINE
8
HIDDEN
10
279.339244
20
254.124598
30
0.0
11
280.244776
21
254.323293
31
0.0
0
LINE
8
HIDDEN
10
280.244776
20
254.323293
30
0.0
11
284.632833
21
252.971189
31
0.0
0
LINE
8
HIDDEN
10
279.339244
20
252.361501
30
0.0
11
280.270410
21
252.544619
31
0.0
0
LINE
8
HIDDEN
10
280.270410
20
252.544619
30
0.0
11
284.632480
21
251.400943
31
0.0
0
LINE
8
HIDDEN
10
279.339244
20
250.572977
30
0.0
11
280.303627
21
250.738506
31
0.0
0
LINE
8
HIDDEN
10
280.303627
20
250.738506
30
0.0
11
284.632159
21
249.811900
31
0.0
0
LINE
8
HIDDEN
10
279.339244
20
248.768865
30
0.0
11
280.346844
21
248.915183
31
0.0
0
LINE
8
HIDDEN
10
280.346844
20
248.915183
30
0.0
11
284.631869
21
248.212199
31
0.0
0
LINE
8
HIDDEN
10
279.339244
20
246.959091
30
0.0
11
284.631612
21
246.610033
31
0.0
0
LINE
8
HIDDEN
10
279.339244
20
245.153612
30
0.0
11
284.631386
21
245.013608
31
0.0
0
LINE
8
HIDDEN
10
279.339244
20
243.362359
30
0.0
11
284.631193
21
243.431102
31
0.0
0
LINE
8
HIDDEN
10
279.339244
20
241.595188
30
0.0
11
284.631032
21
241.870621
31
0.0
0
LINE
8
HIDDEN
10
279.339244
20
239.861820
30
0.0
11
284.630903
21
240.340159
31
0.0
0
LINE
8
HIDDEN
10
279.339244
20
238.171792
30
0.0
11
284.630807
21
238.847555
31
0.0
0
LINE
8
HIDDEN
10
279.339244
20
236.534401
30
0.0
11
284.630742
21
237.400457
31
0.0
0
LINE
8
HIDDEN
10
279.339244
20
234.958656
30
0.0
11
282.975498
21
235.416682
31
0.0
0
LINE
8
HIDDEN
10
282.975498
20
235.416682
30
0.0
11
284.630710
21
236.006277
31
0.0
0
LINE
8
HIDDEN
10
279.339244
20
163.404656
30
0.0
11
282.975498
21
163.862682
31
0.0
0
LINE
8
HIDDEN
10
282.975498
20
163.862682
30
0.0
11
284.630710
21
164.452277
31
0.0
0
LINE
8
HIDDEN
10
279.339244
20
161.539254
30
0.0
11
282.762330
21
162.001278
31
0.0
0
LINE
8
HIDDEN
10
282.762330
20
162.001278
30
0.0
11
284.630710
21
162.739776
31
0.0
0
LINE
8
HIDDEN
10
279.339244
20
159.799106
30
0.0
11
282.594152
21
160.264164
31
0.0
0
LINE
8
HIDDEN
10
282.594152
20
160.264164
30
0.0
11
284.630710
21
161.142264
31
0.0
0
LINE
8
HIDDEN
10
279.339244
20
158.199096
30
0.0
11
282.459817
21
158.666518
31
0.0
0
LINE
8
HIDDEN
10
282.459817
20
158.666518
30
0.0
11
284.630710
21
159.673402
31
0.0
0
LINE
8
HIDDEN
10
279.339244
20
156.752906
30
0.0
11
282.351956
21
157.222209
31
0.0
0
LINE
8
HIDDEN
10
282.351956
20
157.222209
30
0.0
11
284.630710
21
158.345752
31
0.0
0
LINE
8
HIDDEN
10
279.339244
20
155.472904
30
0.0
11
282.265525
21
155.943729
31
0.0
0
LINE
8
HIDDEN
10
282.265525
20
155.943729
30
0.0
11
284.630710
21
157.170669
31
0.0
0
LINE
8
HIDDEN
10
279.339244
20
154.370036
30
0.0
11
282.196949
21
154.842093
31
0.0
0
LINE
8
HIDDEN
10
282.196949
20
154.842093
30
0.0
11
284.630710
21
156.158200
31
0.0
0
LINE
8
HIDDEN
10
279.339244
20
153.453735
30
0.0
11
282.143659
21
153.926773
31
0.0
0
LINE
8
HIDDEN
10
282.143659
20
153.926773
30
0.0
11
284.630710
21
155.317005
31
0.0
0
LINE
8
HIDDEN
10
279.339244
20
152.731836
30
0.0
11
282.103820
21
153.205625
31
0.0
0
LINE
8
HIDDEN
10
282.103820
20
153.205625
30
0.0
11
284.630710
21
154.654278
31
0.0
0
LINE
8
HIDDEN
10
279.339244
20
152.210512
30
0.0
11
282.076144
21
152.684836
31
0.0
0
LINE
8
HIDDEN
10
282.076144
20
152.684836
30
0.0
11
284.630710
21
154.175686
31
0.0
0
LINE
8
HIDDEN
10
279.339244
20
151.894224
30
0.0
11
282.059777
21
152.368867
31
0.0
0
LINE
8
HIDDEN
10
282.059777
20
152.368867
30
0.0
11
284.630710
21
153.885323
31
0.0
0
LINE
8
HIDDEN
10
279.339244
20
221.985631
30
0.0
11
279.339244
21
220.385631
31
0.0
0
LINE
8
HIDDEN
10
279.339244
20
220.385631
30
0.0
11
279.339244
21
219.578627
31
0.0
0
LINE
8
HIDDEN
10
279.339244
20
219.578627
30
0.0
11
279.339244
21
219.390509
31
0.0
0
LINE
8
HIDDEN
10
279.339244
20
219.390509
30
0.0
11
279.339244
21
219.578627
31
0.0
0
LINE
8
HIDDEN
10
279.339244
20
219.578627
30
0.0
11
279.339244
21
222.792636
31
0.0
0
LINE
8
HIDDEN
10
279.339244
20
222.792636
30
0.0
11
279.339244
21
222.980753
31
0.0
0
LINE
8
HIDDEN
10
279.339244
20
222.980753
30
0.0
11
279.339244
21
222.792636
31
0.0
0
LINE
8
HIDDEN
10
279.339244
20
222.792636
30
0.0
11
279.339244
21
221.985631
31
0.0
0
LINE
8
HIDDEN
10
275.339244
20
222.785631
30
0.0
11
279.339244
21
222.980753
31
0.0
0
LINE
8
HIDDEN
10
275.339244
20
222.785631
30
0.0
11
275.339244
21
219.585631
31
0.0
0
LINE
8
HIDDEN
10
275.339244
20
219.585631
30
0.0
11
275.339244
21
222.785631
31
0.0
0
LINE
8
HIDDEN
10
279.339244
20
265.346636
30
0.0
11
279.339244
21
265.534753
31
0.0
0
LINE
8
HIDDEN
10
279.339244
20
265.534753
30
0.0
11
279.339244
21
265.346636
31
0.0
0
LINE
8
HIDDEN
10
279.339244
20
265.346636
30
0.0
11
279.339244
21
264.539631
31
0.0
0
LINE
8
HIDDEN
10
279.339244
20
264.539631
30
0.0
11
279.339244
21
262.939631
31
0.0
0
LINE
8
HIDDEN
10
279.339244
20
262.939631
30
0.0
11
279.339244
21
262.132627
31
0.0
0
LINE
8
HIDDEN
10
279.339244
20
262.132627
30
0.0
11
279.339244
21
261.944509
31
0.0
0
LINE
8
HIDDEN
10
279.339244
20
261.944509
30
0.0
11
279.339244
21
262.132627
31
0.0
0
LINE
8
HIDDEN
10
279.339244
20
262.132627
30
0.0
11
279.339244
21
262.939631
31
0.0
0
LINE
8
HIDDEN
10
279.339244
20
262.939631
30
0.0
11
279.339244
21
264.539631
31
0.0
0
LINE
8
HIDDEN
10
279.339244
20
264.539631
30
0.0
11
279.339244
21
265.346636
31
0.0
0
LINE
8
HIDDEN
10
275.339244
20
265.339631
30
0.0
11
275.339244
21
262.139631
31
0.0
0
LINE
8
HIDDEN
10
275.339244
20
262.139631
30
0.0
11
275.339244
21
265.339631
31
0.0
0
LINE
8
HIDDEN
10
275.339244
20
265.339631
30
0.0
11
279.339244
21
265.534753
31
0.0
0
LINE
8
HIDDEN
10
279.339244
20
233.346636
30
0.0
11
279.339244
21
232.539631
31
0.0
0
LINE
8
HIDDEN
10
279.339244
20
232.539631
30
0.0
11
279.339244
21
230.939631
31
0.0
0
LINE
8
HIDDEN
10
279.339244
20
230.939631
30
0.0
11
279.339244
21
230.132627
31
0.0
0
LINE
8
HIDDEN
10
279.339244
20
230.132627
30
0.0
11
279.339244
21
229.944509
31
0.0
0
LINE
8
HIDDEN
10
279.339244
20
229.944509
30
0.0
11
279.339244
21
230.132627
31
0.0
0
LINE
8
HIDDEN
10
279.339244
20
230.132627
30
0.0
11
279.339244
21
230.939631
31
0.0
0
LINE
8
HIDDEN
10
279.339244
20
230.939631
30
0.0
11
279.339244
21
232.539631
31
0.0
0
LINE
8
HIDDEN
10
279.339244
20
232.539631
30
0.0
11
279.339244
21
233.346636
31
0.0
0
LINE
8
HIDDEN
10
279.339244
20
233.346636
30
0.0
11
279.339244
21
233.534753
31
0.0
0
LINE
8
HIDDEN
10
279.339244
20
233.534753
30
0.0
11
279.339244
21
233.346636
31
0.0
0
LINE
8
HIDDEN
10
275.339244
20
233.339631
30
0.0
11
275.339244
21
230.139631
31
0.0
0
LINE
8
HIDDEN
10
275.339244
20
230.139631
30
0.0
11
275.339244
21
233.339631
31
0.0
0
LINE
8
HIDDEN
10
275.339244
20
233.339631
30
0.0
11
279.339244
21
233.534753
31
0.0
0
LINE
8
HIDDEN
10
279.339244
20
222.792636
30
0.0
11
279.339244
21
219.578627
31
0.0
0
LINE
8
HIDDEN
10
279.339244
20
219.578627
30
0.0
11
279.339244
21
219.390509
31
0.0
0
LINE
8
HIDDEN
10
279.339244
20
219.390509
30
0.0
11
279.339244
21
219.578627
31
0.0
0
LINE
8
HIDDEN
10
279.339244
20
219.578627
30
0.0
11
279.339244
21
220.385631
31
0.0
0
LINE
8
HIDDEN
10
279.339244
20
220.385631
30
0.0
11
279.339244
21
221.985631
31
0.0
0
LINE
8
HIDDEN
10
279.339244
20
221.985631
30
0.0
11
279.339244
21
222.792636
31
0.0
0
LINE
8
HIDDEN
10
279.339244
20
222.792636
30
0.0
11
279.339244
21
222.980753
31
0.0
0
LINE
8
HIDDEN
10
279.339244
20
222.980753
30
0.0
11
279.339244
21
222.792636
31
0.0
0
LINE
8
HIDDEN
10
275.339244
20
222.785631
30
0.0
11
279.339244
21
222.980753
31
0.0
0
LINE
8
HIDDEN
10
275.339244
20
222.785631
30
0.0
11
275.339244
21
219.585631
31
0.0
0
LINE
8
HIDDEN
10
275.339244
20
219.585631
30
0.0
11
275.339244
21
222.785631
31
0.0
0
LINE
8
HIDDEN
10
280.339244
20
168.915631
30
0.0
11
284.630710
21
168.915631
31
0.0
0
LINE
8
HIDDEN
10
280.339244
20
240.469631
30
0.0
11
284.630710
21
240.469631
31
0.0
0
LINE
8
HIDDEN
10
282.339244
20
170.815631
30
0.0
11
287.339244
21
170.815631
31
0.0
0
LINE
8
HIDDEN
10
282.339244
20
242.369631
30
0.0
11
287.339244
21
242.369631
31
0.0
0
LINE
8
HIDDEN
10
277.781349
20
171.765631
30
0.0
11
280.339244
21
171.765631
31
0.0
0
LINE
8
HIDDEN
10
275.739244
20
243.319631
30
0.0
11
280.339244
21
243.319631
31
0.0
0
LINE
8
HIDDEN
10
275.739244
20
173.739120
30
0.0
11
282.339244
21
173.432143
31
0.0
0
LINE
8
HIDDEN
10
275.739244
20
245.293120
30
0.0
11
282.339244
21
244.986143
31
0.0
0
LINE
8
HIDDEN
10
275.339244
20
219.585631
30
0.0
11
279.339244
21
219.390509
31
0.0
0
LINE
8
HIDDEN
10
275.339244
20
262.139631
30
0.0
11
279.339244
21
261.944509
31
0.0
0
LINE
8
HIDDEN
10
275.339244
20
230.139631
30
0.0
11
279.339244
21
229.944509
31
0.0
0
LINE
8
HIDDEN
10
275.339244
20
219.585631
30
0.0
11
279.339244
21
219.390509
31
0.0
0
LINE
8
VISIBLE
10
233.339244
20
352.228092
30
0.0
11
233.339244
21
352.135340
31
0.0
0
LINE
8
VISIBLE
10
233.339244
20
352.135340
30
0.0
11
231.945682
21
354.371922
31
0.0
0
LINE
8
VISIBLE
10
231.945682
20
354.371922
30
0.0
11
231.339244
21
357.426814
31
0.0
0
LINE
8
VISIBLE
10
231.339244
20
357.426814
30
0.0
11
231.339244
21
357.496940
31
0.0
0
LINE
8
VISIBLE
10
233.339244
20
352.228092
30
0.0
11
231.944729
21
354.457406
31
0.0
0
LINE
8
VISIBLE
10
231.944729
20
354.457406
30
0.0
11
231.339244
21
357.496940
31
0.0
0
LINE
8
VISIBLE
10
233.339244
20
352.505556
30
0.0
11
233.339244
21
352.228092
31
0.0
0
LINE
8
VISIBLE
10
233.339244
20
352.965358
30
0.0
11
233.339244
21
352.505556
31
0.0
0
LINE
8
VISIBLE
10
233.339244
20
353.603567
30
0.0
11
233.339244
21
352.965358
31
0.0
0
LINE
8
VISIBLE
10
233.339244
20
354.414724
30
0.0
11
233.339244
21
353.603567
31
0.0
0
LINE
8
VISIBLE
10
233.339244
20
355.391893
30
0.0
11
233.339244
21
354.414724
31
0.0
0
LINE
8
VISIBLE
10
233.339244
20
356.526716
30
0.0
11
233.339244
21
355.391893
31
0.0
0
LINE
8
VISIBLE
10
233.339244
20
357.809490
30
0.0
11
233.339244
21
356.526716
31
0.0
0
LINE
8
VISIBLE
10
233.339244
20
359.229242
30
0.0
11
233.339244
21
357.809490
31
0.0
0
LINE
8
VISIBLE
10
233.339244
20
360.773833
30
0.0
11
233.339244
21
359.229242
31
0.0
0
LINE
8
VISIBLE
10
233.339244
20
362.430052
30
0.0
11
233.339244
21
360.773833
31
0.0
0
LINE
8
VISIBLE
10
233.339244
20
364.183736
30
0.0
11
233.339244
21
362.430052
31
0.0
0
LINE
8
VISIBLE
10
233.339244
20
366.019888
30
0.0
11
233.339244
21
364.183736
31
0.0
0
LINE
8
VISIBLE
10
233.339244
20
367.922803
30
0.0
11
233.339244
21
366.019888
31
0.0
0
LINE
8
VISIBLE
10
233.339244
20
369.876210
30
0.0
11
233.339244
21
367.922803
31
0.0
0
LINE
8
VISIBLE
10
233.339244
20
371.863402
30
0.0
11
233.339244
21
369.876210
31
0.0
0
LINE
8
VISIBLE
10
233.339244
20
373.867385
30
0.0
11
233.339244
21
371.863402
31
0.0
0
LINE
8
VISIBLE
10
233.339244
20
375.871021
30
0.0
11
233.339244
21
373.867385
31
0.0
0
LINE
8
VISIBLE
10
233.339244
20
377.857175
30
0.0
11
233.339244
21
375.871021
31
0.0
0
LINE
8
VISIBLE
10
233.339244
20
379.808862
30
0.0
11
233.339244
21
377.857175
31
0.0
0
LINE
8
VISIBLE
10
233.339244
20
381.709390
30
0.0
11
233.339244
21
379.808862
31
0.0
0
LINE
8
VISIBLE
10
233.339244
20
383.542507
30
0.0
11
233.339244
21
381.709390
31
0.0
0
LINE
8
VISIBLE
10
233.339244
20
385.292536
30
0.0
11
233.339244
21
383.542507
31
0.0
0
LINE
8
VISIBLE
10
233.339244
20
386.944510
30
0.0
11
233.339244
21
385.292536
31
0.0
0
LINE
8
VISIBLE
10
233.339244
20
388.484302
30
0.0
11
233.339244
21
386.944510
31
0.0
0
LINE
8
VISIBLE
10
233.339244
20
389.898744
30
0.0
11
233.339244
21
388.484302
31
0.0
0
LINE
8
VISIBLE
10
233.339244
20
391.175739
30
0.0
11
233.339244
21
389.898744
31
0.0
0
LINE
8
VISIBLE
10
233.339244
20
392.304367
30
0.0
11
233.339244
21
391.175739
31
0.0
0
LINE
8
VISIBLE
10
233.339244
20
436.304367
30
0.0
11
233.339244
21
392.304367
31
0.0
0
LINE
8
VISIBLE
10
233.339244
20
437.064688
30
0.0
11
233.339244
21
436.304367
31
0.0
0
LINE
8
VISIBLE
10
233.339244
20
437.727844
30
0.0
11
233.339244
21
437.064688
31
0.0
0
LINE
8
VISIBLE
10
233.339244
20
438.290486
30
0.0
11
233.339244
21
437.727844
31
0.0
0
LINE
8
VISIBLE
10
233.339244
20
438.749772
30
0.0
11
233.339244
21
438.290486
31
0.0
0
LINE
8
VISIBLE
10
233.339244
20
439.103384
30
0.0
11
233.339244
21
438.749772
31
0.0
0
LINE
8
VISIBLE
10
233.339244
20
439.349534
30
0.0
11
233.339244
21
439.103384
31
0.0
0
LINE
8
VISIBLE
10
233.339244
20
439.486979
30
0.0
11
233.339244
21
439.349534
31
0.0
0
LINE
8
VISIBLE
10
231.339244
20
357.496940
30
0.0
11
231.339244
21
357.706718
31
0.0
0
LINE
8
VISIBLE
10
231.339244
20
357.706718
30
0.0
11
231.339244
21
358.054355
31
0.0
0
LINE
8
VISIBLE
10
231.339244
20
358.054355
30
0.0
11
231.339244
21
358.536878
31
0.0
0
LINE
8
VISIBLE
10
231.339244
20
358.536878
30
0.0
11
231.339244
21
359.150159
31
0.0
0
LINE
8
VISIBLE
10
231.339244
20
359.150159
30
0.0
11
231.339244
21
359.888955
31
0.0
0
LINE
8
VISIBLE
10
231.339244
20
359.888955
30
0.0
11
231.339244
21
360.746947
31
0.0
0
LINE
8
VISIBLE
10
231.339244
20
360.746947
30
0.0
11
231.339244
21
361.716797
31
0.0
0
LINE
8
VISIBLE
10
231.339244
20
361.716797
30
0.0
11
231.339244
21
362.790212
31
0.0
0
LINE
8
VISIBLE
10
231.339244
20
362.790212
30
0.0
11
231.339244
21
363.958011
31
0.0
0
LINE
8
VISIBLE
10
231.339244
20
363.958011
30
0.0
11
231.339244
21
365.210208
31
0.0
0
LINE
8
VISIBLE
10
231.339244
20
365.210208
30
0.0
11
231.339244
21
366.536094
31
0.0
0
LINE
8
VISIBLE
10
231.339244
20
366.536094
30
0.0
11
231.339244
21
367.924329
31
0.0
0
LINE
8
VISIBLE
10
231.339244
20
367.924329
30
0.0
11
231.339244
21
369.363043
31
0.0
0
LINE
8
VISIBLE
10
231.339244
20
369.363043
30
0.0
11
231.339244
21
370.839931
31
0.0
0
LINE
8
VISIBLE
10
231.339244
20
370.839931
30
0.0
11
231.339244
21
372.342362
31
0.0
0
LINE
8
VISIBLE
10
231.339244
20
372.342362
30
0.0
11
231.339244
21
373.857488
31
0.0
0
LINE
8
VISIBLE
10
231.339244
20
373.857488
30
0.0
11
231.339244
21
375.372352
31
0.0
0
LINE
8
VISIBLE
10
231.339244
20
375.372352
30
0.0
11
231.339244
21
376.873999
31
0.0
0
LINE
8
VISIBLE
10
231.339244
20
376.873999
30
0.0
11
231.339244
21
378.349586
31
0.0
0
LINE
8
VISIBLE
10
231.339244
20
378.349586
30
0.0
11
231.339244
21
379.786494
31
0.0
0
LINE
8
VISIBLE
10
231.339244
20
379.786494
30
0.0
11
231.339244
21
381.172436
31
0.0
0
LINE
8
VISIBLE
10
231.339244
20
381.172436
30
0.0
11
231.339244
21
382.495558
31
0.0
0
LINE
8
VISIBLE
10
231.339244
20
382.495558
30
0.0
11
231.339244
21
383.744545
31
0.0
0
LINE
8
VISIBLE
10
231.339244
20
383.744545
30
0.0
11
231.339244
21
384.908717
31
0.0
0
LINE
8
VISIBLE
10
231.339244
20
384.908717
30
0.0
11
231.339244
21
385.978116
31
0.0
0
LINE
8
VISIBLE
10
231.339244
20
385.978116
30
0.0
11
231.339244
21
386.943598
31
0.0
0
LINE
8
VISIBLE
10
231.339244
20
386.943598
30
0.0
11
231.339244
21
387.796905
31
0.0
0
LINE
8
VISIBLE
10
231.339244
20
387.796905
30
0.0
11
231.339244
21
431.796905
31
0.0
0
LINE
8
VISIBLE
10
231.339244
20
431.796905
30
0.0
11
231.339244
21
432.356741
31
0.0
0
LINE
8
VISIBLE
10
231.339244
20
432.356741
30
0.0
11
231.339244
21
432.847216
31
0.0
0
LINE
8
VISIBLE
10
231.339244
20
432.847216
30
0.0
11
231.339244
21
433.265987
31
0.0
0
LINE
8
VISIBLE
10
231.339244
20
433.265987
30
0.0
11
231.339244
21
433.611056
31
0.0
0
LINE
8
VISIBLE
10
231.339244
20
433.611056
30
0.0
11
231.339244
21
433.880775
31
0.0
0
LINE
8
VISIBLE
10
231.339244
20
433.880775
30
0.0
11
231.339244
21
434.073858
31
0.0
0
LINE
8
VISIBLE
10
231.339244
20
434.073858
30
0.0
11
231.339244
21
434.189381
31
0.0
0
LINE
8
VISIBLE
10
233.339244
20
352.505556
30
0.0
11
231.941825
21
354.713151
31
0.0
0
LINE
8
VISIBLE
10
231.941825
20
354.713151
30
0.0
11
231.339244
21
357.706718
31
0.0
0
LINE
8
VISIBLE
10
233.339244
20
352.965358
30
0.0
11
231.936829
21
355.137035
31
0.0
0
LINE
8
VISIBLE
10
231.936829
20
355.137035
30
0.0
11
231.339244
21
358.054355
31
0.0
0
LINE
8
VISIBLE
10
233.339244
20
353.603567
30
0.0
11
231.929492
21
355.725541
31
0.0
0
LINE
8
VISIBLE
10
231.929492
20
355.725541
30
0.0
11
231.339244
21
358.536878
31
0.0
0
LINE
8
VISIBLE
10
239.339244
20
352.594602
30
0.0
11
239.339244
21
352.826814
31
0.0
0
LINE
8
VISIBLE
10
234.047778
20
356.103445
30
0.0
11
233.339244
21
356.103445
31
0.0
0
LINE
8
VISIBLE
10
232.739244
20
352.026814
30
0.0
11
232.739244
21
352.905695
31
0.0
0
LINE
8
VISIBLE
10
234.047778
20
352.026814
30
0.0
11
232.739244
21
352.026814
31
0.0
0
LINE
8
VISIBLE
10
233.339244
20
354.414724
30
0.0
11
231.919436
21
356.473784
31
0.0
0
LINE
8
VISIBLE
10
231.919436
20
356.473784
30
0.0
11
231.339244
21
359.150159
31
0.0
0
LINE
8
VISIBLE
10
233.339244
20
355.391893
30
0.0
11
231.906115
21
357.375543
31
0.0
0
LINE
8
VISIBLE
10
231.906115
20
357.375543
30
0.0
11
231.339244
21
359.888955
31
0.0
0
LINE
8
VISIBLE
10
234.047778
20
357.026814
30
0.0
11
233.339244
21
357.026814
31
0.0
0
LINE
8
VISIBLE
10
233.339244
20
356.526716
30
0.0
11
231.888758
21
358.423304
31
0.0
0
LINE
8
VISIBLE
10
231.888758
20
358.423304
30
0.0
11
231.339244
21
360.746947
31
0.0
0
LINE
8
VISIBLE
10
234.047778
20
358.626814
30
0.0
11
233.339244
21
358.626814
31
0.0
0
LINE
8
VISIBLE
10
233.339244
20
357.809490
30
0.0
11
231.866291
21
359.608296
31
0.0
0
LINE
8
VISIBLE
10
231.866291
20
359.608296
30
0.0
11
231.339244
21
361.716797
31
0.0
0
LINE
8
VISIBLE
10
233.339244
20
359.229242
30
0.0
11
231.837215
21
360.920511
31
0.0
0
LINE
8
VISIBLE
10
231.837215
20
360.920511
30
0.0
11
231.339244
21
362.790212
31
0.0
0
LINE
8
VISIBLE
10
233.339244
20
360.773833
30
0.0
11
231.804273
21
362.340537
31
0.0
0
LINE
8
VISIBLE
10
231.804273
20
362.340537
30
0.0
11
231.339244
21
363.958011
31
0.0
0
LINE
8
VISIBLE
10
233.339244
20
362.430052
30
0.0
11
231.771824
21
363.846549
31
0.0
0
LINE
8
VISIBLE
10
231.771824
20
363.846549
30
0.0
11
231.339244
21
365.210208
31
0.0
0
LINE
8
VISIBLE
10
233.339244
20
364.183736
30
0.0
11
231.728684
21
365.439568
31
0.0
0
LINE
8
VISIBLE
10
231.728684
20
365.439568
30
0.0
11
231.339244
21
366.536094
31
0.0
0
LINE
8
VISIBLE
10
233.339244
20
366.019888
30
0.0
11
231.671053
21
367.103081
31
0.0
0
LINE
8
VISIBLE
10
231.671053
20
367.103081
30
0.0
11
231.339244
21
367.924329
31
0.0
0
LINE
8
VISIBLE
10
233.339244
20
367.922803
30
0.0
11
231.594783
21
368.816324
31
0.0
0
LINE
8
VISIBLE
10
231.594783
20
368.816324
30
0.0
11
231.339244
21
369.363043
31
0.0
0
LINE
8
VISIBLE
10
233.339244
20
369.876210
30
0.0
11
231.339244
21
370.839931
31
0.0
0
LINE
8
VISIBLE
10
233.339244
20
371.863402
30
0.0
11
231.339244
21
372.342362
31
0.0
0
LINE
8
VISIBLE
10
233.339244
20
373.867385
30
0.0
11
231.339244
21
373.857488
31
0.0
0
LINE
8
VISIBLE
10
233.339244
20
375.871021
30
0.0
11
231.339244
21
375.372352
31
0.0
0
LINE
8
VISIBLE
10
233.339244
20
377.857175
30
0.0
11
231.858626
21
377.400816
31
0.0
0
LINE
8
VISIBLE
10
231.858626
20
377.400816
30
0.0
11
231.339244
21
376.873999
31
0.0
0
LINE
8
VISIBLE
10
233.339244
20
379.808862
30
0.0
11
231.598263
21
378.907212
31
0.0
0
LINE
8
VISIBLE
10
231.598263
20
378.907212
30
0.0
11
231.339244
21
378.349586
31
0.0
0
LINE
8
VISIBLE
10
233.339244
20
381.709390
30
0.0
11
231.673720
21
380.618939
31
0.0
0
LINE
8
VISIBLE
10
231.673720
20
380.618939
30
0.0
11
231.339244
21
379.786494
31
0.0
0
LINE
8
VISIBLE
10
233.339244
20
383.542507
30
0.0
11
231.730681
21
382.279965
31
0.0
0
LINE
8
VISIBLE
10
231.730681
20
382.279965
30
0.0
11
231.339244
21
381.172436
31
0.0
0
LINE
8
VISIBLE
10
233.339244
20
385.292536
30
0.0
11
231.773321
21
383.869766
31
0.0
0
LINE
8
VISIBLE
10
231.773321
20
383.869766
30
0.0
11
231.339244
21
382.495558
31
0.0
0
LINE
8
VISIBLE
10
233.339244
20
386.944510
30
0.0
11
231.805404
21
385.371949
31
0.0
0
LINE
8
VISIBLE
10
231.805404
20
385.371949
30
0.0
11
231.339244
21
383.744545
31
0.0
0
LINE
8
VISIBLE
10
233.339244
20
388.484302
30
0.0
11
231.838543
21
386.788508
31
0.0
0
LINE
8
VISIBLE
10
231.838543
20
386.788508
30
0.0
11
231.339244
21
384.908717
31
0.0
0
LINE
8
VISIBLE
10
233.339244
20
389.898744
30
0.0
11
231.867316
21
388.095788
31
0.0
0
LINE
8
VISIBLE
10
231.867316
20
388.095788
30
0.0
11
231.339244
21
385.978116
31
0.0
0
LINE
8
VISIBLE
10
233.339244
20
391.175739
30
0.0
11
231.889550
21
389.275417
31
0.0
0
LINE
8
VISIBLE
10
231.889550
20
389.275417
30
0.0
11
231.339244
21
386.943598
31
0.0
0
LINE
8
VISIBLE
10
233.339244
20
392.304367
30
0.0
11
231.906726
21
390.317436
31
0.0
0
LINE
8
VISIBLE
10
231.906726
20
390.317436
30
0.0
11
231.339244
21
387.796905
31
0.0
0
LINE
8
VISIBLE
10
233.339244
20
436.304367
30
0.0
11
231.906726
21
434.317436
31
0.0
0
LINE
8
VISIBLE
10
231.906726
20
434.317436
30
0.0
11
231.339244
21
431.796905
31
0.0
0
LINE
8
VISIBLE
10
233.339244
20
437.064688
30
0.0
11
231.915201
21
435.005106
31
0.0
0
LINE
8
VISIBLE
10
231.915201
20
435.005106
30
0.0
11
231.339244
21
432.356741
31
0.0
0
LINE
8
VISIBLE
10
233.339244
20
437.727844
30
0.0
11
231.922269
21
435.606760
31
0.0
0
LINE
8
VISIBLE
10
231.922269
20
435.606760
30
0.0
11
231.339244
21
432.847216
31
0.0
0
LINE
8
VISIBLE
10
233.339244
20
438.290486
30
0.0
11
231.928219
21
436.119630
31
0.0
0
LINE
8
VISIBLE
10
231.928219
20
436.119630
30
0.0
11
231.339244
21
433.265987
31
0.0
0
LINE
8
VISIBLE
10
233.339244
20
438.749772
30
0.0
11
231.933266
21
436.541353
31
0.0
0
LINE
8
VISIBLE
10
231.933266
20
436.541353
30
0.0
11
231.339244
21
433.611056
31
0.0
0
LINE
8
VISIBLE
10
233.339244
20
439.103384
30
0.0
11
231.937569
21
436.869975
31
0.0
0
LINE
8
VISIBLE
10
231.937569
20
436.869975
30
0.0
11
231.339244
21
433.880775
31
0.0
0
LINE
8
VISIBLE
10
233.339244
20
439.349534
30
0.0
11
231.941240
21
437.103960
31
0.0
0
LINE
8
VISIBLE
10
231.941240
20
437.103960
30
0.0
11
231.339244
21
434.073858
31
0.0
0
LINE
8
VISIBLE
10
234.047778
20
389.026814
30
0.0
11
233.339244
21
389.026814
31
0.0
0
LINE
8
VISIBLE
10
234.047778
20
390.626814
30
0.0
11
233.339244
21
390.626814
31
0.0
0
LINE
8
VISIBLE
10
234.047778
20
391.550183
30
0.0
11
233.339244
21
391.550183
31
0.0
0
LINE
8
VISIBLE
10
234.047778
20
395.626814
30
0.0
11
233.339244
21
395.626814
31
0.0
0
LINE
8
VISIBLE
10
234.046119
20
381.096814
30
0.0
11
234.044568
21
387.926814
31
0.0
0
LINE
8
VISIBLE
10
234.042829
20
395.626814
30
0.0
11
234.039485
21
410.556814
31
0.0
0
LINE
8
VISIBLE
10
287.339244
20
372.196052
30
0.0
11
243.339244
21
372.346868
31
0.0
0
LINE
8
VISIBLE
10
287.339244
20
370.572274
30
0.0
11
242.939244
21
370.875996
31
0.0
0
LINE
8
VISIBLE
10
287.339244
20
372.196052
30
0.0
11
287.339244
21
370.572274
31
0.0
0
LINE
8
VISIBLE
10
242.939244
20
369.406814
30
0.0
11
242.939244
21
378.246814
31
0.0
0
LINE
8
VISIBLE
10
242.939244
20
413.406814
30
0.0
11
242.939244
21
422.246814
31
0.0
0
LINE
8
VISIBLE
10
287.339244
20
385.093480
30
0.0
11
287.339244
21
373.826814
31
0.0
0
LINE
8
VISIBLE
10
287.339244
20
373.826814
30
0.0
11
287.339244
21
372.196052
31
0.0
0
LINE
8
VISIBLE
10
287.339244
20
370.572274
30
0.0
11
287.339244
21
368.962432
31
0.0
0
LINE
8
VISIBLE
10
287.339244
20
368.962432
30
0.0
11
287.339244
21
367.373420
31
0.0
0
LINE
8
VISIBLE
10
287.339244
20
367.373420
30
0.0
11
287.339244
21
365.812042
31
0.0
0
LINE
8
VISIBLE
10
287.339244
20
365.812042
30
0.0
11
287.339244
21
364.284985
31
0.0
0
LINE
8
VISIBLE
10
287.339244
20
364.284985
30
0.0
11
287.339244
21
362.798788
31
0.0
0
LINE
8
VISIBLE
10
287.339244
20
362.798788
30
0.0
11
287.339244
21
361.359814
31
0.0
0
LINE
8
VISIBLE
10
287.339244
20
361.359814
30
0.0
11
287.339244
21
359.974226
31
0.0
0
LINE
8
VISIBLE
10
287.339244
20
359.974226
30
0.0
11
287.339244
21
358.647956
31
0.0
0
LINE
8
VISIBLE
10
287.339244
20
358.647956
30
0.0
11
287.339244
21
357.386685
31
0.0
0
LINE
8
VISIBLE
10
287.339244
20
357.386685
30
0.0
11
287.339244
21
356.195813
31
0.0
0
LINE
8
VISIBLE
10
287.339244
20
356.195813
30
0.0
11
287.339244
21
355.080440
31
0.0
0
LINE
8
VISIBLE
10
287.339244
20
355.080440
30
0.0
11
287.339244
21
354.045342
31
0.0
0
LINE
8
VISIBLE
10
287.339244
20
354.045342
30
0.0
11
287.339244
21
353.094950
31
0.0
0
LINE
8
VISIBLE
10
287.339244
20
353.094950
30
0.0
11
287.339244
21
352.233336
31
0.0
0
LINE
8
VISIBLE
10
287.339244
20
352.233336
30
0.0
11
287.339244
21
351.464189
31
0.0
0
LINE
8
VISIBLE
10
287.339244
20
351.464189
30
0.0
11
287.339244
21
350.790802
31
0.0
0
LINE
8
VISIBLE
10
287.339244
20
350.790802
30
0.0
11
287.339244
21
350.216058
31
0.0
0
LINE
8
VISIBLE
10
287.339244
20
350.216058
30
0.0
11
287.339244
21
349.742419
31
0.0
0
LINE
8
VISIBLE
10
287.339244
20
349.742419
30
0.0
11
287.339244
21
349.371914
31
0.0
0
LINE
8
VISIBLE
10
287.339244
20
349.371914
30
0.0
11
287.339244
21
349.106128
31
0.0
0
LINE
8
VISIBLE
10
287.339244
20
349.106128
30
0.0
11
287.339244
21
348.946199
31
0.0
0
LINE
8
VISIBLE
10
287.339244
20
348.946199
30
0.0
11
287.339244
21
348.892814
31
0.0
0
LINE
8
VISIBLE
10
287.339244
20
346.892814
30
0.0
11
287.339244
21
348.892814
31
0.0
0
LINE
8
VISIBLE
10
239.539244
20
424.826814
30
0.0
11
239.339244
21
425.560147
31
0.0
0
LINE
8
VISIBLE
10
234.039716
20
428.089737
30
0.0
11
234.038975
21
428.098111
31
0.0
0
LINE
8
VISIBLE
10
234.038219
20
426.649416
30
0.0
11
234.039716
21
428.089737
31
0.0
0
LINE
8
VISIBLE
10
234.038993
20
426.640320
30
0.0
11
234.038219
21
426.649416
31
0.0
0
LINE
8
VISIBLE
10
234.037434
20
425.155704
30
0.0
11
234.038993
21
426.640320
31
0.0
0
LINE
8
VISIBLE
10
234.038240
20
425.145900
30
0.0
11
234.037434
21
425.155704
31
0.0
0
LINE
8
VISIBLE
10
234.038188
20
425.096814
30
0.0
11
234.038240
21
425.145900
31
0.0
0
LINE
8
VISIBLE
10
287.339244
20
373.826814
30
0.0
11
243.339244
21
373.826814
31
0.0
0
LINE
8
VISIBLE
10
287.339244
20
368.962432
30
0.0
11
242.939244
21
369.416388
31
0.0
0
LINE
8
VISIBLE
10
287.319244
20
346.893862
30
0.0
11
287.339244
21
346.892814
31
0.0
0
LINE
8
VISIBLE
10
287.239244
20
346.898055
30
0.0
11
287.319244
21
346.893862
31
0.0
0
LINE
8
VISIBLE
10
286.339244
20
346.945222
30
0.0
11
287.239244
21
346.898055
31
0.0
0
LINE
8
VISIBLE
10
285.339244
20
346.997629
30
0.0
11
286.339244
21
346.945222
31
0.0
0
LINE
8
VISIBLE
10
284.339244
20
347.050037
30
0.0
11
285.339244
21
346.997629
31
0.0
0
LINE
8
VISIBLE
10
283.339244
20
347.102445
30
0.0
11
284.339244
21
347.050037
31
0.0
0
LINE
8
VISIBLE
10
282.339244
20
347.154853
30
0.0
11
283.339244
21
347.102445
31
0.0
0
LINE
8
VISIBLE
10
281.339244
20
347.207260
30
0.0
11
282.339244
21
347.154853
31
0.0
0
LINE
8
VISIBLE
10
280.339244
20
347.259668
30
0.0
11
281.339244
21
347.207260
31
0.0
0
LINE
8
VISIBLE
10
278.339244
20
347.364484
30
0.0
11
280.339244
21
347.259668
31
0.0
0
LINE
8
VISIBLE
10
276.339244
20
347.469299
30
0.0
11
278.339244
21
347.364484
31
0.0
0
LINE
8
VISIBLE
10
272.339244
20
347.678930
30
0.0
11
276.339244
21
347.469299
31
0.0
0
LINE
8
VISIBLE
10
268.339244
20
347.888562
30
0.0
11
272.339244
21
347.678930
31
0.0
0
LINE
8
VISIBLE
10
256.339244
20
348.517455
30
0.0
11
268.339244
21
347.888562
31
0.0
0
LINE
8
VISIBLE
10
252.339244
20
348.727086
30
0.0
11
256.339244
21
348.517455
31
0.0
0
LINE
8
VISIBLE
10
248.339244
20
348.936717
30
0.0
11
252.339244
21
348.727086
31
0.0
0
LINE
8
VISIBLE
10
246.339244
20
349.041533
30
0.0
11
248.339244
21
348.936717
31
0.0
0
LINE
8
VISIBLE
10
245.339244
20
349.093940
30
0.0
11
246.339244
21
349.041533
31
0.0
0
LINE
8
VISIBLE
10
244.339244
20
349.146348
30
0.0
11
245.339244
21
349.093940
31
0.0
0
LINE
8
VISIBLE
10
243.339244
20
349.198756
30
0.0
11
244.339244
21
349.146348
31
0.0
0
LINE
8
VISIBLE
10
242.339244
20
349.251164
30
0.0
11
243.339244
21
349.198756
31
0.0
0
LINE
8
VISIBLE
10
241.339244
20
349.303572
30
0.0
11
242.339244
21
349.251164
31
0.0
0
LINE
8
VISIBLE
10
240.339244
20
349.355979
30
0.0
11
241.339244
21
349.303572
31
0.0
0
LINE
8
VISIBLE
10
239.839244
20
349.382183
30
0.0
11
240.339244
21
349.355979
31
0.0
0
LINE
8
VISIBLE
10
239.139244
20
349.418869
30
0.0
11
239.839244
21
349.382183
31
0.0
0
LINE
8
VISIBLE
10
287.339244
20
385.093480
30
0.0
11
287.239244
21
385.826814
31
0.0
0
LINE
8
VISIBLE
10
287.239244
20
385.826814
30
0.0
11
286.339244
21
390.326814
31
0.0
0
LINE
8
VISIBLE
10
286.339244
20
390.326814
30
0.0
11
284.339244
21
394.326814
31
0.0
0
LINE
8
VISIBLE
10
284.339244
20
394.326814
30
0.0
11
282.339244
21
397.326814
31
0.0
0
LINE
8
VISIBLE
10
282.339244
20
397.326814
30
0.0
11
280.339244
21
399.326814
31
0.0
0
LINE
8
VISIBLE
10
280.339244
20
399.326814
30
0.0
11
278.339244
21
400.826814
31
0.0
0
LINE
8
VISIBLE
10
278.339244
20
400.826814
30
0.0
11
276.339244
21
401.826814
31
0.0
0
LINE
8
VISIBLE
10
276.339244
20
401.826814
30
0.0
11
274.339244
21
402.826814
31
0.0
0
LINE
8
VISIBLE
10
274.339244
20
402.826814
30
0.0
11
272.339244
21
403.326814
31
0.0
0
LINE
8
VISIBLE
10
272.339244
20
403.326814
30
0.0
11
270.339244
21
404.326814
31
0.0
0
LINE
8
VISIBLE
10
270.339244
20
404.326814
30
0.0
11
268.339244
21
404.826814
31
0.0
0
LINE
8
VISIBLE
10
268.339244
20
404.826814
30
0.0
11
266.339244
21
405.826814
31
0.0
0
LINE
8
VISIBLE
10
266.339244
20
405.826814
30
0.0
11
264.339244
21
406.326814
31
0.0
0
LINE
8
VISIBLE
10
264.339244
20
406.326814
30
0.0
11
262.339244
21
406.826814
31
0.0
0
LINE
8
VISIBLE
10
262.339244
20
406.826814
30
0.0
11
260.339244
21
407.826814
31
0.0
0
LINE
8
VISIBLE
10
260.339244
20
407.826814
30
0.0
11
256.339244
21
409.326814
31
0.0
0
LINE
8
VISIBLE
10
256.339244
20
409.326814
30
0.0
11
252.339244
21
410.826814
31
0.0
0
LINE
8
VISIBLE
10
252.339244
20
410.826814
30
0.0
11
248.339244
21
412.826814
31
0.0
0
LINE
8
VISIBLE
10
248.339244
20
412.826814
30
0.0
11
244.339244
21
415.826814
31
0.0
0
LINE
8
VISIBLE
10
244.339244
20
415.826814
30
0.0
11
242.939244
21
417.576814
31
0.0
0
LINE
8
VISIBLE
10
240.379244
20
422.246814
30
0.0
11
240.339244
21
422.326814
31
0.0
0
LINE
8
VISIBLE
10
240.339244
20
422.326814
30
0.0
11
239.539244
21
424.826814
31
0.0
0
LINE
8
VISIBLE
10
287.339244
20
367.373420
30
0.0
11
239.339244
21
368.024498
31
0.0
0
LINE
8
VISIBLE
10
287.339244
20
365.812042
30
0.0
11
239.339244
21
366.620647
31
0.0
0
LINE
8
VISIBLE
10
287.339244
20
364.284985
30
0.0
11
239.339244
21
365.247653
31
0.0
0
LINE
8
VISIBLE
10
287.339244
20
362.798788
30
0.0
11
239.339244
21
363.911397
31
0.0
0
LINE
8
VISIBLE
10
287.339244
20
361.359814
30
0.0
11
239.339244
21
362.617600
31
0.0
0
LINE
8
VISIBLE
10
287.339244
20
359.974226
30
0.0
11
239.339244
21
361.371803
31
0.0
0
LINE
8
VISIBLE
10
287.339244
20
358.647956
30
0.0
11
239.339244
21
360.179340
31
0.0
0
LINE
8
VISIBLE
10
287.339244
20
357.386685
30
0.0
11
243.339244
21
358.907099
31
0.0
0
LINE
8
VISIBLE
10
287.339244
20
356.195813
30
0.0
11
243.339244
21
357.826361
31
0.0
0
LINE
8
VISIBLE
10
287.339244
20
355.080440
30
0.0
11
243.339244
21
356.814139
31
0.0
0
LINE
8
VISIBLE
10
287.339244
20
354.045342
30
0.0
11
239.443145
21
356.036760
31
0.0
0
LINE
8
VISIBLE
10
287.339244
20
353.094950
30
0.0
11
239.339244
21
355.186573
31
0.0
0
LINE
8
VISIBLE
10
287.339244
20
352.233336
30
0.0
11
239.339244
21
354.411887
31
0.0
0
LINE
8
VISIBLE
10
287.339244
20
351.464189
30
0.0
11
239.339244
21
353.720338
31
0.0
0
LINE
8
VISIBLE
10
287.339244
20
350.790802
30
0.0
11
239.339244
21
353.114888
31
0.0
0
LINE
8
VISIBLE
10
287.339244
20
350.216058
30
0.0
11
239.339244
21
352.598130
31
0.0
0
LINE
8
VISIBLE
10
287.339244
20
349.742419
30
0.0
11
239.339244
21
352.172277
31
0.0
0
LINE
8
VISIBLE
10
287.339244
20
349.371914
30
0.0
11
239.339244
21
351.839151
31
0.0
0
LINE
8
VISIBLE
10
287.339244
20
349.106128
30
0.0
11
239.339244
21
351.600180
31
0.0
0
LINE
8
VISIBLE
10
287.339244
20
348.946199
30
0.0
11
239.339244
21
351.456387
31
0.0
0
LINE
8
VISIBLE
10
287.319244
20
346.893862
30
0.0
11
287.319244
21
348.893862
31
0.0
0
LINE
8
VISIBLE
10
287.339244
20
348.892814
30
0.0
11
287.319244
21
348.893862
31
0.0
0
LINE
8
VISIBLE
10
234.047778
20
428.087635
30
0.0
11
234.039716
21
428.089737
31
0.0
0
LINE
8
VISIBLE
10
234.047778
20
426.637853
30
0.0
11
234.038993
21
426.640320
31
0.0
0
LINE
8
VISIBLE
10
234.047778
20
429.484953
30
0.0
11
234.040409
21
429.486722
31
0.0
0
LINE
8
VISIBLE
10
234.038975
20
428.098111
30
0.0
11
234.040409
21
429.486722
31
0.0
0
LINE
8
VISIBLE
10
234.040409
20
429.486722
30
0.0
11
234.039701
21
429.494364
31
0.0
0
LINE
8
VISIBLE
10
234.047778
20
425.143038
30
0.0
11
234.038240
21
425.145900
31
0.0
0
LINE
8
VISIBLE
10
287.239244
20
346.898055
30
0.0
11
287.239244
21
348.898055
31
0.0
0
LINE
8
VISIBLE
10
287.319244
20
348.893862
30
0.0
11
287.239244
21
348.898055
31
0.0
0
LINE
8
VISIBLE
10
286.339244
20
346.945222
30
0.0
11
286.339244
21
348.945222
31
0.0
0
LINE
8
VISIBLE
10
287.239244
20
348.898055
30
0.0
11
286.339244
21
348.945222
31
0.0
0
LINE
8
VISIBLE
10
285.339244
20
346.997629
30
0.0
11
285.339244
21
348.997629
31
0.0
0
LINE
8
VISIBLE
10
286.339244
20
348.945222
30
0.0
11
285.339244
21
348.997629
31
0.0
0
LINE
8
VISIBLE
10
284.339244
20
347.050037
30
0.0
11
284.339244
21
349.050037
31
0.0
0
LINE
8
VISIBLE
10
285.339244
20
348.997629
30
0.0
11
284.339244
21
349.050037
31
0.0
0
LINE
8
VISIBLE
10
283.339244
20
347.102445
30
0.0
11
283.339244
21
349.102445
31
0.0
0
LINE
8
VISIBLE
10
284.339244
20
349.050037
30
0.0
11
283.339244
21
349.102445
31
0.0
0
LINE
8
VISIBLE
10
282.339244
20
347.154853
30
0.0
11
282.339244
21
349.154853
31
0.0
0
LINE
8
VISIBLE
10
283.339244
20
349.102445
30
0.0
11
282.339244
21
349.154853
31
0.0
0
LINE
8
VISIBLE
10
281.339244
20
347.207260
30
0.0
11
281.339244
21
349.207260
31
0.0
0
LINE
8
VISIBLE
10
282.339244
20
349.154853
30
0.0
11
281.339244
21
349.207260
31
0.0
0
LINE
8
VISIBLE
10
280.339244
20
347.259668
30
0.0
11
280.339244
21
349.259668
31
0.0
0
LINE
8
VISIBLE
10
281.339244
20
349.207260
30
0.0
11
280.339244
21
349.259668
31
0.0
0
LINE
8
VISIBLE
10
278.339244
20
347.364484
30
0.0
11
278.339244
21
349.364484
31
0.0
0
LINE
8
VISIBLE
10
280.339244
20
349.259668
30
0.0
11
278.339244
21
349.364484
31
0.0
0
LINE
8
VISIBLE
10
276.339244
20
347.469299
30
0.0
11
276.339244
21
349.469299
31
0.0
0
LINE
8
VISIBLE
10
278.339244
20
349.364484
30
0.0
11
276.339244
21
349.469299
31
0.0
0
LINE
8
VISIBLE
10
272.339244
20
347.678930
30
0.0
11
272.339244
21
349.678930
31
0.0
0
LINE
8
VISIBLE
10
276.339244
20
349.469299
30
0.0
11
272.339244
21
349.678930
31
0.0
0
LINE
8
VISIBLE
10
268.339244
20
347.888562
30
0.0
11
268.339244
21
349.888562
31
0.0
0
LINE
8
VISIBLE
10
272.339244
20
349.678930
30
0.0
11
268.339244
21
349.888562
31
0.0
0
LINE
8
VISIBLE
10
252.339244
20
348.727086
30
0.0
11
252.339244
21
350.727086
31
0.0
0
LINE
8
VISIBLE
10
256.339244
20
350.517455
30
0.0
11
252.339244
21
350.727086
31
0.0
0
LINE
8
VISIBLE
10
256.339244
20
348.517455
30
0.0
11
256.339244
21
350.517455
31
0.0
0
LINE
8
VISIBLE
10
248.339244
20
348.936717
30
0.0
11
248.339244
21
350.936717
31
0.0
0
LINE
8
VISIBLE
10
252.339244
20
350.727086
30
0.0
11
248.339244
21
350.936717
31
0.0
0
LINE
8
VISIBLE
10
246.339244
20
349.041533
30
0.0
11
246.339244
21
351.041533
31
0.0
0
LINE
8
VISIBLE
10
248.339244
20
350.936717
30
0.0
11
246.339244
21
351.041533
31
0.0
0
LINE
8
VISIBLE
10
245.339244
20
349.093940
30
0.0
11
245.339244
21
351.093940
31
0.0
0
LINE
8
VISIBLE
10
246.339244
20
351.041533
30
0.0
11
245.339244
21
351.093940
31
0.0
0
LINE
8
VISIBLE
10
244.339244
20
349.146348
30
0.0
11
244.339244
21
351.146348
31
0.0
0
LINE
8
VISIBLE
10
245.339244
20
351.093940
30
0.0
11
244.339244
21
351.146348
31
0.0
0
LINE
8
VISIBLE
10
243.339244
20
349.198756
30
0.0
11
243.339244
21
351.198756
31
0.0
0
LINE
8
VISIBLE
10
244.339244
20
351.146348
30
0.0
11
243.339244
21
351.198756
31
0.0
0
LINE
8
VISIBLE
10
242.339244
20
349.251164
30
0.0
11
242.339244
21
351.251164
31
0.0
0
LINE
8
VISIBLE
10
243.339244
20
351.198756
30
0.0
11
242.339244
21
351.251164
31
0.0
0
LINE
8
VISIBLE
10
241.339244
20
349.303572
30
0.0
11
241.339244
21
351.303572
31
0.0
0
LINE
8
VISIBLE
10
242.339244
20
351.251164
30
0.0
11
241.339244
21
351.303572
31
0.0
0
LINE
8
VISIBLE
10
240.339244
20
349.355979
30
0.0
11
240.339244
21
351.355979
31
0.0
0
LINE
8
VISIBLE
10
241.339244
20
351.303572
30
0.0
11
240.339244
21
351.355979
31
0.0
0
LINE
8
VISIBLE
10
239.839244
20
349.382183
30
0.0
11
239.839244
21
351.382183
31
0.0
0
LINE
8
VISIBLE
10
240.339244
20
351.355979
30
0.0
11
239.839244
21
351.382183
31
0.0
0
LINE
8
VISIBLE
10
239.139244
20
349.418869
30
0.0
11
239.139244
21
350.539438
31
0.0
0
LINE
8
VISIBLE
10
239.339244
20
352.594602
30
0.0
11
239.139244
21
352.640627
31
0.0
0
LINE
8
VISIBLE
10
239.339244
20
351.408387
30
0.0
11
239.339244
21
352.594602
31
0.0
0
LINE
8
VISIBLE
10
239.839244
20
351.382183
30
0.0
11
239.339244
21
351.408387
31
0.0
0
LINE
8
VISIBLE
10
239.339244
20
351.408387
30
0.0
11
239.339244
21
351.504335
31
0.0
0
LINE
8
VISIBLE
10
234.047778
20
430.822644
30
0.0
11
234.041072
21
430.824113
31
0.0
0
LINE
8
VISIBLE
10
234.039701
20
429.494364
30
0.0
11
234.041072
21
430.824113
31
0.0
0
LINE
8
VISIBLE
10
234.047778
20
432.093850
30
0.0
11
234.041704
21
432.095052
31
0.0
0
LINE
8
VISIBLE
10
234.040396
20
430.831023
30
0.0
11
234.041704
21
432.095052
31
0.0
0
LINE
8
VISIBLE
10
234.041072
20
430.824113
30
0.0
11
234.040396
21
430.831023
31
0.0
0
LINE
8
VISIBLE
10
234.047778
20
433.292053
30
0.0
11
234.042306
21
433.293021
31
0.0
0
LINE
8
VISIBLE
10
234.041062
20
432.101235
30
0.0
11
234.042306
21
433.293021
31
0.0
0
LINE
8
VISIBLE
10
234.041704
20
432.095052
30
0.0
11
234.041062
21
432.101235
31
0.0
0
LINE
8
VISIBLE
10
234.047778
20
434.411111
30
0.0
11
234.042878
21
434.411875
31
0.0
0
LINE
8
VISIBLE
10
234.041696
20
433.298490
30
0.0
11
234.042878
21
434.411875
31
0.0
0
LINE
8
VISIBLE
10
234.042306
20
433.293021
30
0.0
11
234.041696
21
433.298490
31
0.0
0
LINE
8
VISIBLE
10
234.043418
20
435.445876
30
0.0
11
234.042873
21
435.449981
31
0.0
0
LINE
8
VISIBLE
10
234.042300
20
434.416650
30
0.0
11
234.043418
21
435.445876
31
0.0
0
LINE
8
VISIBLE
10
234.042878
20
434.411875
30
0.0
11
234.042300
21
434.416650
31
0.0
0
LINE
8
VISIBLE
10
239.139244
20
351.083836
30
0.0
11
239.139244
21
350.539438
31
0.0
0
LINE
8
VISIBLE
10
239.139244
20
351.996060
30
0.0
11
239.139244
21
351.083836
31
0.0
0
LINE
8
VISIBLE
10
239.139244
20
352.826814
30
0.0
11
239.139244
21
351.996060
31
0.0
0
LINE
8
VISIBLE
10
234.047778
20
352.942999
30
0.0
11
234.047778
21
352.283944
31
0.0
0
LINE
8
VISIBLE
10
239.139244
20
349.424729
30
0.0
11
238.987643
21
349.439164
31
0.0
0
LINE
8
VISIBLE
10
239.139244
20
349.432674
30
0.0
11
236.453755
21
349.965509
31
0.0
0
LINE
8
VISIBLE
10
236.453755
20
349.965509
30
0.0
11
234.047778
21
351.426814
31
0.0
0
LINE
8
VISIBLE
10
234.047778
20
351.522596
30
0.0
11
234.047778
21
351.426814
31
0.0
0
LINE
8
VISIBLE
10
239.139244
20
349.536983
30
0.0
11
236.448449
21
350.069591
31
0.0
0
LINE
8
VISIBLE
10
236.448449
20
350.069591
30
0.0
11
234.047778
21
351.522596
31
0.0
0
LINE
8
VISIBLE
10
234.047778
20
351.809123
30
0.0
11
234.047778
21
351.522596
31
0.0
0
LINE
8
VISIBLE
10
239.139244
20
349.849018
30
0.0
11
236.432374
21
350.380943
31
0.0
0
LINE
8
VISIBLE
10
236.432374
20
350.380943
30
0.0
11
234.047778
21
351.809123
31
0.0
0
LINE
8
VISIBLE
10
234.047778
20
352.283944
30
0.0
11
234.047778
21
351.809123
31
0.0
0
LINE
8
VISIBLE
10
239.139244
20
350.366110
30
0.0
11
236.405057
21
350.896891
31
0.0
0
LINE
8
VISIBLE
10
236.405057
20
350.896891
30
0.0
11
234.047778
21
352.283944
31
0.0
0
LINE
8
VISIBLE
10
239.139244
20
351.083836
30
0.0
11
236.365663
21
351.613004
31
0.0
0
LINE
8
VISIBLE
10
236.365663
20
351.613004
30
0.0
11
234.047778
21
352.942999
31
0.0
0
LINE
8
VISIBLE
10
234.047778
20
435.445285
30
0.0
11
234.043418
21
435.445876
31
0.0
0
LINE
8
VISIBLE
10
239.339244
20
442.089388
30
0.0
11
239.339244
21
442.214326
31
0.0
0
LINE
8
VISIBLE
10
239.339244
20
441.830969
30
0.0
11
239.339244
21
442.089388
31
0.0
0
LINE
8
VISIBLE
10
239.339244
20
441.440492
30
0.0
11
239.339244
21
441.830969
31
0.0
0
LINE
8
VISIBLE
10
239.339244
20
440.920105
30
0.0
11
239.339244
21
441.440492
31
0.0
0
LINE
8
VISIBLE
10
239.339244
20
440.272670
30
0.0
11
239.339244
21
440.920105
31
0.0
0
LINE
8
VISIBLE
10
239.339244
20
439.501749
30
0.0
11
239.339244
21
440.272670
31
0.0
0
LINE
8
VISIBLE
10
239.339244
20
438.611584
30
0.0
11
239.339244
21
439.501749
31
0.0
0
LINE
8
VISIBLE
10
239.339244
20
394.611584
30
0.0
11
239.339244
21
438.611584
31
0.0
0
LINE
8
VISIBLE
10
239.339244
20
393.342029
30
0.0
11
239.339244
21
394.611584
31
0.0
0
LINE
8
VISIBLE
10
239.339244
20
391.905580
30
0.0
11
239.339244
21
393.342029
31
0.0
0
LINE
8
VISIBLE
10
239.339244
20
390.314523
30
0.0
11
239.339244
21
391.905580
31
0.0
0
LINE
8
VISIBLE
10
239.339244
20
388.582463
30
0.0
11
239.339244
21
390.314523
31
0.0
0
LINE
8
VISIBLE
10
239.339244
20
386.724214
30
0.0
11
239.339244
21
388.582463
31
0.0
0
LINE
8
VISIBLE
10
239.339244
20
384.755666
30
0.0
11
239.339244
21
386.724214
31
0.0
0
LINE
8
VISIBLE
10
239.339244
20
382.693656
30
0.0
11
239.339244
21
384.755666
31
0.0
0
LINE
8
VISIBLE
10
239.339244
20
380.555816
30
0.0
11
239.339244
21
382.693656
31
0.0
0
LINE
8
VISIBLE
10
239.339244
20
378.360430
30
0.0
11
239.339244
21
380.555816
31
0.0
0
LINE
8
VISIBLE
10
239.339244
20
376.126273
30
0.0
11
239.339244
21
378.360430
31
0.0
0
LINE
8
VISIBLE
10
239.339244
20
373.872451
30
0.0
11
239.339244
21
376.126273
31
0.0
0
LINE
8
VISIBLE
10
239.339244
20
371.618239
30
0.0
11
239.339244
21
373.872451
31
0.0
0
LINE
8
VISIBLE
10
239.339244
20
369.382914
30
0.0
11
239.339244
21
371.618239
31
0.0
0
LINE
8
VISIBLE
10
239.339244
20
367.185594
30
0.0
11
239.339244
21
369.382914
31
0.0
0
LINE
8
VISIBLE
10
239.339244
20
365.045069
30
0.0
11
239.339244
21
367.185594
31
0.0
0
LINE
8
VISIBLE
10
239.339244
20
362.979645
30
0.0
11
239.339244
21
365.045069
31
0.0
0
LINE
8
VISIBLE
10
239.339244
20
361.006985
30
0.0
11
239.339244
21
362.979645
31
0.0
0
LINE
8
VISIBLE
10
239.339244
20
359.143961
30
0.0
11
239.339244
21
361.006985
31
0.0
0
LINE
8
VISIBLE
10
239.339244
20
357.406503
30
0.0
11
239.339244
21
359.143961
31
0.0
0
LINE
8
VISIBLE
10
239.339244
20
355.809472
30
0.0
11
239.339244
21
357.406503
31
0.0
0
LINE
8
VISIBLE
10
239.339244
20
354.366524
30
0.0
11
239.339244
21
355.809472
31
0.0
0
LINE
8
VISIBLE
10
239.339244
20
353.090000
30
0.0
11
239.339244
21
354.366524
31
0.0
0
LINE
8
VISIBLE
10
239.339244
20
352.826814
30
0.0
11
239.339244
21
353.090000
31
0.0
0
LINE
8
VISIBLE
10
234.043928
20
436.389719
30
0.0
11
234.043415
21
436.393183
31
0.0
0
LINE
8
VISIBLE
10
234.042873
20
435.449981
30
0.0
11
234.043928
21
436.389719
31
0.0
0
LINE
8
VISIBLE
10
234.047778
20
436.389272
30
0.0
11
234.043928
21
436.389719
31
0.0
0
LINE
8
VISIBLE
10
234.047778
20
353.780652
30
0.0
11
234.047778
21
352.942999
31
0.0
0
LINE
8
VISIBLE
10
239.139244
20
351.996060
30
0.0
11
236.312932
21
352.523127
31
0.0
0
LINE
8
VISIBLE
10
236.312932
20
352.523127
30
0.0
11
234.047778
21
353.780652
31
0.0
0
LINE
8
VISIBLE
10
234.047778
20
354.789738
30
0.0
11
234.047778
21
353.780652
31
0.0
0
LINE
8
VISIBLE
10
239.339244
20
353.090000
30
0.0
11
236.414515
21
353.560852
31
0.0
0
LINE
8
VISIBLE
10
236.414515
20
353.560852
30
0.0
11
234.047778
21
354.789738
31
0.0
0
LINE
8
VISIBLE
10
239.339244
20
352.826814
30
0.0
11
239.139244
21
352.826814
31
0.0
0
LINE
8
VISIBLE
10
234.047778
20
355.961630
30
0.0
11
234.047778
21
354.789738
31
0.0
0
LINE
8
VISIBLE
10
234.047778
20
357.286303
30
0.0
11
234.047778
21
355.961630
31
0.0
0
LINE
8
VISIBLE
10
234.047778
20
358.752430
30
0.0
11
234.047778
21
357.286303
31
0.0
0
LINE
8
VISIBLE
10
234.047778
20
360.347473
30
0.0
11
234.047778
21
358.752430
31
0.0
0
LINE
8
VISIBLE
10
234.047778
20
362.057791
30
0.0
11
234.047778
21
360.347473
31
0.0
0
LINE
8
VISIBLE
10
234.047778
20
363.868757
30
0.0
11
234.047778
21
362.057791
31
0.0
0
LINE
8
VISIBLE
10
234.047778
20
365.764884
30
0.0
11
234.047778
21
363.868757
31
0.0
0
LINE
8
VISIBLE
10
234.047778
20
367.729956
30
0.0
11
234.047778
21
365.764884
31
0.0
0
LINE
8
VISIBLE
10
234.047778
20
369.747168
30
0.0
11
234.047778
21
367.729956
31
0.0
0
LINE
8
VISIBLE
10
234.047778
20
371.799270
30
0.0
11
234.047778
21
369.747168
31
0.0
0
LINE
8
VISIBLE
10
234.047778
20
373.868710
30
0.0
11
234.047778
21
371.799270
31
0.0
0
LINE
8
VISIBLE
10
234.047778
20
375.937793
30
0.0
11
234.047778
21
373.868710
31
0.0
0
LINE
8
VISIBLE
10
234.047778
20
377.988822
30
0.0
11
234.047778
21
375.937793
31
0.0
0
LINE
8
VISIBLE
10
234.047778
20
380.004259
30
0.0
11
234.047778
21
377.988822
31
0.0
0
LINE
8
VISIBLE
10
234.047778
20
381.966865
30
0.0
11
234.047778
21
380.004259
31
0.0
0
LINE
8
VISIBLE
10
234.047778
20
383.859859
30
0.0
11
234.047778
21
381.966865
31
0.0
0
LINE
8
VISIBLE
10
234.047778
20
385.667050
30
0.0
11
234.047778
21
383.859859
31
0.0
0
LINE
8
VISIBLE
10
234.047778
20
387.372984
30
0.0
11
234.047778
21
385.667050
31
0.0
0
LINE
8
VISIBLE
10
234.047778
20
388.963071
30
0.0
11
234.047778
21
387.372984
31
0.0
0
LINE
8
VISIBLE
10
234.047778
20
390.423714
30
0.0
11
234.047778
21
388.963071
31
0.0
0
LINE
8
VISIBLE
10
234.047778
20
391.742421
30
0.0
11
234.047778
21
390.423714
31
0.0
0
LINE
8
VISIBLE
10
234.047778
20
392.907914
30
0.0
11
234.047778
21
391.742421
31
0.0
0
LINE
8
VISIBLE
10
234.047778
20
436.907914
30
0.0
11
234.047778
21
392.907914
31
0.0
0
LINE
8
VISIBLE
10
234.047745
20
437.697904
30
0.0
11
234.047778
21
436.907914
31
0.0
0
LINE
8
VISIBLE
10
234.047778
20
437.698099
30
0.0
11
234.047745
21
437.697904
31
0.0
0
LINE
8
VISIBLE
10
234.047681
20
438.386171
30
0.0
11
234.047778
21
437.698099
31
0.0
0
LINE
8
VISIBLE
10
234.047745
20
438.386512
30
0.0
11
234.047681
21
438.386171
31
0.0
0
LINE
8
VISIBLE
10
234.047584
20
438.969193
30
0.0
11
234.047745
21
438.386512
31
0.0
0
LINE
8
VISIBLE
10
234.047681
20
438.969626
30
0.0
11
234.047584
21
438.969193
31
0.0
0
LINE
8
VISIBLE
10
234.047456
20
439.443983
30
0.0
11
234.047681
21
438.969626
31
0.0
0
LINE
8
VISIBLE
10
234.047584
20
439.444454
30
0.0
11
234.047456
21
439.443983
31
0.0
0
LINE
8
VISIBLE
10
234.047294
20
439.808113
30
0.0
11
234.047584
21
439.444454
31
0.0
0
LINE
8
VISIBLE
10
234.047455
20
439.808565
30
0.0
11
234.047294
21
439.808113
31
0.0
0
LINE
8
VISIBLE
10
234.047101
20
440.059720
30
0.0
11
234.047455
21
439.808565
31
0.0
0
LINE
8
VISIBLE
10
234.047293
20
440.060095
30
0.0
11
234.047101
21
440.059720
31
0.0
0
LINE
8
VISIBLE
10
234.046876
20
440.197519
30
0.0
11
234.047293
21
440.060095
31
0.0
0
LINE
8
VISIBLE
10
234.047100
20
440.197758
30
0.0
11
234.046876
21
440.197519
31
0.0
0
LINE
8
VISIBLE
10
234.046618
20
440.220808
30
0.0
11
234.047100
21
440.197758
31
0.0
0
LINE
8
VISIBLE
10
234.046329
20
440.129473
30
0.0
11
234.046818
21
440.211283
31
0.0
0
LINE
8
VISIBLE
10
234.046617
20
440.129265
30
0.0
11
234.046329
21
440.129473
31
0.0
0
LINE
8
VISIBLE
10
234.047083
20
440.129259
30
0.0
11
234.046617
21
440.129265
31
0.0
0
LINE
8
VISIBLE
10
234.046008
20
439.923986
30
0.0
11
234.046617
21
440.129265
31
0.0
0
LINE
8
VISIBLE
10
234.046328
20
439.923468
30
0.0
11
234.046008
21
439.923986
31
0.0
0
LINE
8
VISIBLE
10
234.047293
20
439.923446
30
0.0
11
234.046328
21
439.923468
31
0.0
0
LINE
8
VISIBLE
10
234.045655
20
439.605407
30
0.0
11
234.046328
21
439.923468
31
0.0
0
LINE
8
VISIBLE
10
234.046007
20
439.604522
30
0.0
11
234.045655
21
439.605407
31
0.0
0
LINE
8
VISIBLE
10
234.047456
20
439.604472
30
0.0
11
234.046007
21
439.604522
31
0.0
0
LINE
8
VISIBLE
10
234.045270
20
439.175372
30
0.0
11
234.046007
21
439.604522
31
0.0
0
LINE
8
VISIBLE
10
234.045654
20
439.174067
30
0.0
11
234.045270
21
439.175372
31
0.0
0
LINE
8
VISIBLE
10
234.047584
20
439.173975
30
0.0
11
234.045654
21
439.174067
31
0.0
0
LINE
8
VISIBLE
10
234.044853
20
438.636093
30
0.0
11
234.045654
21
439.174067
31
0.0
0
LINE
8
VISIBLE
10
234.045270
20
438.634316
30
0.0
11
234.044853
21
438.636093
31
0.0
0
LINE
8
VISIBLE
10
234.047677
20
438.634164
30
0.0
11
234.045270
21
438.634316
31
0.0
0
LINE
8
VISIBLE
10
234.044405
20
437.990337
30
0.0
11
234.045270
21
438.634316
31
0.0
0
LINE
8
VISIBLE
10
234.044854
20
437.988040
30
0.0
11
234.044405
21
437.990337
31
0.0
0
LINE
8
VISIBLE
10
234.047737
20
437.987811
30
0.0
11
234.044854
21
437.988040
31
0.0
0
LINE
8
VISIBLE
10
234.043926
20
437.241419
30
0.0
11
234.044854
21
437.988040
31
0.0
0
LINE
8
VISIBLE
10
234.044407
20
437.238559
30
0.0
11
234.043926
21
437.241419
31
0.0
0
LINE
8
VISIBLE
10
234.047764
20
437.238232
30
0.0
11
234.044407
21
437.238559
31
0.0
0
LINE
8
VISIBLE
10
234.043415
20
436.393183
30
0.0
11
234.044407
21
437.238559
31
0.0
0
LINE
8
VISIBLE
10
236.796915
20
441.796212
30
0.0
11
234.046618
21
440.220808
31
0.0
0
LINE
8
VISIBLE
10
239.339244
20
442.214326
30
0.0
11
236.796915
21
441.796212
31
0.0
0
LINE
8
VISIBLE
10
236.796915
20
441.796212
30
0.0
11
234.046876
21
440.197519
31
0.0
0
LINE
8
VISIBLE
10
239.339244
20
442.089388
30
0.0
11
236.984341
21
441.729677
31
0.0
0
LINE
8
VISIBLE
10
236.984341
20
441.729677
30
0.0
11
234.047101
21
440.059720
31
0.0
0
LINE
8
VISIBLE
10
239.339244
20
441.830969
30
0.0
11
237.193161
21
441.536665
31
0.0
0
LINE
8
VISIBLE
10
237.193161
20
441.536665
30
0.0
11
234.047294
21
439.808113
31
0.0
0
LINE
8
VISIBLE
10
239.339244
20
441.440492
30
0.0
11
237.262788
21
441.170188
31
0.0
0
LINE
8
VISIBLE
10
237.262788
20
441.170188
30
0.0
11
234.047456
21
439.443983
31
0.0
0
LINE
8
VISIBLE
10
239.339244
20
440.920105
30
0.0
11
237.231984
21
440.647248
31
0.0
0
LINE
8
VISIBLE
10
237.231984
20
440.647248
30
0.0
11
234.047584
21
438.969193
31
0.0
0
LINE
8
VISIBLE
10
239.339244
20
440.272670
30
0.0
11
237.088140
21
439.968294
31
0.0
0
LINE
8
VISIBLE
10
237.088140
20
439.968294
30
0.0
11
234.047681
21
438.386171
31
0.0
0
LINE
8
VISIBLE
10
239.339244
20
439.501749
30
0.0
11
236.746263
21
439.110328
31
0.0
0
LINE
8
VISIBLE
10
236.746263
20
439.110328
30
0.0
11
234.047745
21
437.697904
31
0.0
0
LINE
8
VISIBLE
10
239.339244
20
438.611584
30
0.0
11
236.417600
21
438.140677
31
0.0
0
LINE
8
VISIBLE
10
236.417600
20
438.140677
30
0.0
11
234.047778
21
436.907914
31
0.0
0
LINE
8
VISIBLE
10
239.339244
20
394.611584
30
0.0
11
236.417600
21
394.140677
31
0.0
0
LINE
8
VISIBLE
10
236.417600
20
394.140677
30
0.0
11
234.047778
21
392.907914
31
0.0
0
LINE
8
VISIBLE
10
239.339244
20
393.342029
30
0.0
11
236.332342
21
392.872624
31
0.0
0
LINE
8
VISIBLE
10
236.332342
20
392.872624
30
0.0
11
234.047778
21
391.742421
31
0.0
0
LINE
8
VISIBLE
10
239.339244
20
391.905580
30
0.0
11
236.225907
21
391.438032
31
0.0
0
LINE
8
VISIBLE
10
236.225907
20
391.438032
30
0.0
11
234.047778
21
390.423714
31
0.0
0
LINE
8
VISIBLE
10
239.339244
20
390.314523
30
0.0
11
236.093359
21
389.849306
31
0.0
0
LINE
8
VISIBLE
10
236.093359
20
389.849306
30
0.0
11
234.047778
21
388.963071
31
0.0
0
LINE
8
VISIBLE
10
239.339244
20
388.582463
30
0.0
11
235.927504
21
388.120231
31
0.0
0
LINE
8
VISIBLE
10
235.927504
20
388.120231
30
0.0
11
234.047778
21
387.372984
31
0.0
0
LINE
8
VISIBLE
10
239.339244
20
386.724214
30
0.0
11
235.717481
21
386.265910
31
0.0
0
LINE
8
VISIBLE
10
235.717481
20
386.265910
30
0.0
11
234.047778
21
385.667050
31
0.0
0
LINE
8
VISIBLE
10
239.339244
20
384.755666
30
0.0
11
236.512131
21
384.524407
31
0.0
0
LINE
8
VISIBLE
10
236.512131
20
384.524407
30
0.0
11
234.047778
21
383.859859
31
0.0
0
LINE
8
VISIBLE
10
239.339244
20
382.693656
30
0.0
11
234.047778
21
381.966865
31
0.0
0
LINE
8
VISIBLE
10
239.339244
20
380.555816
30
0.0
11
234.047778
21
380.004259
31
0.0
0
LINE
8
VISIBLE
10
239.339244
20
378.360430
30
0.0
11
234.047778
21
377.988822
31
0.0
0
LINE
8
VISIBLE
10
239.339244
20
376.126273
30
0.0
11
234.047778
21
375.937793
31
0.0
0
LINE
8
VISIBLE
10
239.339244
20
373.872451
30
0.0
11
234.047778
21
373.868710
31
0.0
0
LINE
8
VISIBLE
10
239.339244
20
371.618239
30
0.0
11
234.047778
21
371.799270
31
0.0
0
LINE
8
VISIBLE
10
239.339244
20
369.382914
30
0.0
11
234.047778
21
369.747168
31
0.0
0
LINE
8
VISIBLE
10
239.339244
20
367.185594
30
0.0
11
234.047778
21
367.729956
31
0.0
0
LINE
8
VISIBLE
10
239.339244
20
365.045069
30
0.0
11
234.047778
21
365.764884
31
0.0
0
LINE
8
VISIBLE
10
239.339244
20
362.979645
30
0.0
11
236.512131
21
363.209175
31
0.0
0
LINE
8
VISIBLE
10
236.512131
20
363.209175
30
0.0
11
234.047778
21
363.868757
31
0.0
0
LINE
8
VISIBLE
10
239.339244
20
361.006985
30
0.0
11
235.707845
21
361.465105
31
0.0
0
LINE
8
VISIBLE
10
235.707845
20
361.465105
30
0.0
11
234.047778
21
362.057791
31
0.0
0
LINE
8
VISIBLE
10
239.339244
20
359.143961
30
0.0
11
235.919958
21
359.606055
31
0.0
0
LINE
8
VISIBLE
10
235.919958
20
359.606055
30
0.0
11
234.047778
21
360.347473
31
0.0
0
LINE
8
VISIBLE
10
239.339244
20
357.406503
30
0.0
11
236.087357
21
357.871614
31
0.0
0
LINE
8
VISIBLE
10
236.087357
20
357.871614
30
0.0
11
234.047778
21
358.752430
31
0.0
0
LINE
8
VISIBLE
10
239.339244
20
355.809472
30
0.0
11
236.221093
21
356.276936
31
0.0
0
LINE
8
VISIBLE
10
236.221093
20
356.276936
30
0.0
11
234.047778
21
357.286303
31
0.0
0
LINE
8
VISIBLE
10
239.339244
20
354.366524
30
0.0
11
236.328477
21
354.835861
31
0.0
0
LINE
8
VISIBLE
10
236.328477
20
354.835861
30
0.0
11
234.047778
21
355.961630
31
0.0
0
LINE
8
VISIBLE
10
243.339244
20
356.226814
30
0.0
11
243.339244
21
359.426814
31
0.0
0
LINE
8
VISIBLE
10
243.339244
20
371.226814
30
0.0
11
243.339244
21
374.426814
31
0.0
0
LINE
8
VISIBLE
10
243.339244
20
388.226814
30
0.0
11
243.339244
21
391.426814
31
0.0
0
LINE
8
VISIBLE
10
268.339244
20
349.888562
30
0.0
11
256.339244
21
350.517455
31
0.0
0
LINE
8
VISIBLE
10
234.047778
20
359.726814
30
0.0
11
233.339244
21
359.726814
31
0.0
0
LINE
8
VISIBLE
10
234.047778
20
366.556814
30
0.0
11
233.339244
21
366.556814
31
0.0
0
LINE
8
VISIBLE
10
234.047778
20
381.096814
30
0.0
11
233.339244
21
381.096814
31
0.0
0
LINE
8
VISIBLE
10
234.047778
20
410.556814
30
0.0
11
233.339244
21
410.556814
31
0.0
0
LINE
8
VISIBLE
10
234.047778
20
425.096814
30
0.0
11
233.339244
21
425.096814
31
0.0
0
LINE
8
VISIBLE
10
234.047778
20
387.926814
30
0.0
11
233.339244
21
387.926814
31
0.0
0
LINE
8
VISIBLE
10
242.939244
20
369.406814
30
0.0
11
239.339244
21
369.406814
31
0.0
0
LINE
8
VISIBLE
10
242.939244
20
378.246814
30
0.0
11
239.339244
21
378.246814
31
0.0
0
LINE
8
VISIBLE
10
242.939244
20
413.406814
30
0.0
11
239.339244
21
413.406814
31
0.0
0
LINE
8
VISIBLE
10
242.939244
20
422.246814
30
0.0
11
239.339244
21
422.246814
31
0.0
0
LINE
8
VISIBLE
10
243.339244
20
359.426814
30
0.0
11
239.339244
21
359.621936
31
0.0
0
LINE
8
VISIBLE
10
243.339244
20
356.226814
30
0.0
11
239.339244
21
356.031692
31
0.0
0
LINE
8
VISIBLE
10
243.339244
20
374.426814
30
0.0
11
242.939244
21
374.446326
31
0.0
0
LINE
8
VISIBLE
10
243.339244
20
371.226814
30
0.0
11
242.939244
21
371.207302
31
0.0
0
LINE
8
VISIBLE
10
243.339244
20
391.426814
30
0.0
11
239.339244
21
391.621936
31
0.0
0
LINE
8
VISIBLE
10
243.339244
20
388.226814
30
0.0
11
239.339244
21
388.031692
31
0.0
0
ARC
8
VISIBLE
10
239.370483
20
434.202515
30
0.0
40
8.031121
50
138.625360
51
180.093698
0
LINE
8
HIDDEN
10
233.339244
20
352.135340
30
0.0
11
233.339244
21
352.431360
31
0.0
0
LINE
8
HIDDEN
10
233.339244
20
356.103445
30
0.0
11
233.339244
21
352.431360
31
0.0
0
LINE
8
HIDDEN
10
233.339244
20
356.103445
30
0.0
11
233.339244
21
357.026814
31
0.0
0
LINE
8
HIDDEN
10
233.339244
20
358.626814
30
0.0
11
233.339244
21
357.026814
31
0.0
0
LINE
8
HIDDEN
10
233.339244
20
358.626814
30
0.0
11
233.339244
21
359.726814
31
0.0
0
LINE
8
HIDDEN
10
233.339244
20
359.726814
30
0.0
11
233.339244
21
358.626814
31
0.0
0
LINE
8
HIDDEN
10
233.339244
20
358.626814
30
0.0
11
233.339244
21
357.026814
31
0.0
0
LINE
8
HIDDEN
10
233.339244
20
357.026814
30
0.0
11
233.339244
21
356.103445
31
0.0
0
LINE
8
HIDDEN
10
233.339244
20
356.103445
30
0.0
11
233.339244
21
352.431360
31
0.0
0
LINE
8
HIDDEN
10
233.339244
20
352.431360
30
0.0
11
233.339244
21
352.534385
31
0.0
0
LINE
8
HIDDEN
10
233.339244
20
352.534385
30
0.0
11
233.339244
21
352.842467
31
0.0
0
LINE
8
HIDDEN
10
233.339244
20
352.842467
30
0.0
11
233.339244
21
353.352641
31
0.0
0
LINE
8
HIDDEN
10
233.339244
20
353.352641
30
0.0
11
233.339244
21
354.059992
31
0.0
0
LINE
8
HIDDEN
10
233.339244
20
354.059992
30
0.0
11
233.339244
21
354.957708
31
0.0
0
LINE
8
HIDDEN
10
233.339244
20
354.957708
30
0.0
11
233.339244
21
356.037144
31
0.0
0
LINE
8
HIDDEN
10
233.339244
20
356.037144
30
0.0
11
233.339244
21
357.287904
31
0.0
0
LINE
8
HIDDEN
10
233.339244
20
357.287904
30
0.0
11
233.339244
21
358.697943
31
0.0
0
LINE
8
HIDDEN
10
233.339244
20
358.697943
30
0.0
11
233.339244
21
360.253681
31
0.0
0
LINE
8
HIDDEN
10
233.339244
20
360.253681
30
0.0
11
233.339244
21
361.940136
31
0.0
0
LINE
8
HIDDEN
10
233.339244
20
361.940136
30
0.0
11
233.339244
21
363.741067
31
0.0
0
LINE
8
HIDDEN
10
233.339244
20
363.741067
30
0.0
11
233.339244
21
365.639128
31
0.0
0
LINE
8
HIDDEN
10
233.339244
20
365.639128
30
0.0
11
233.339244
21
367.616041
31
0.0
0
LINE
8
HIDDEN
10
233.339244
20
367.616041
30
0.0
11
233.339244
21
369.652768
31
0.0
0
LINE
8
HIDDEN
10
233.339244
20
369.652768
30
0.0
11
233.339244
21
371.729693
31
0.0
0
LINE
8
HIDDEN
10
233.339244
20
371.729693
30
0.0
11
233.339244
21
372.026814
31
0.0
0
LINE
8
HIDDEN
10
233.339244
20
372.026814
30
0.0
11
233.339244
21
371.103445
31
0.0
0
LINE
8
HIDDEN
10
233.339244
20
371.103445
30
0.0
11
233.339244
21
367.026814
31
0.0
0
LINE
8
HIDDEN
10
233.339244
20
371.103445
30
0.0
11
233.339244
21
367.026814
31
0.0
0
LINE
8
HIDDEN
10
233.339244
20
371.103445
30
0.0
11
233.339244
21
372.026814
31
0.0
0
LINE
8
HIDDEN
10
233.339244
20
439.433532
30
0.0
11
233.339244
21
439.515026
31
0.0
0
LINE
8
HIDDEN
10
233.339244
20
439.242909
30
0.0
11
233.339244
21
439.433532
31
0.0
0
LINE
8
HIDDEN
10
233.339244
20
373.626814
30
0.0
11
233.339244
21
372.026814
31
0.0
0
LINE
8
HIDDEN
10
233.339244
20
438.944121
30
0.0
11
233.339244
21
439.242909
31
0.0
0
LINE
8
HIDDEN
10
233.339244
20
438.538675
30
0.0
11
233.339244
21
438.944121
31
0.0
0
LINE
8
HIDDEN
10
233.339244
20
373.626814
30
0.0
11
233.339244
21
374.550183
31
0.0
0
LINE
8
HIDDEN
10
233.339244
20
438.028621
30
0.0
11
233.339244
21
438.538675
31
0.0
0
LINE
8
HIDDEN
10
233.339244
20
378.626814
30
0.0
11
233.339244
21
374.550183
31
0.0
0
LINE
8
HIDDEN
10
233.339244
20
437.416533
30
0.0
11
233.339244
21
438.028621
31
0.0
0
LINE
8
HIDDEN
10
233.339244
20
436.705504
30
0.0
11
233.339244
21
437.416533
31
0.0
0
LINE
8
HIDDEN
10
233.339244
20
378.626814
30
0.0
11
233.339244
21
374.550183
31
0.0
0
LINE
8
HIDDEN
10
233.339244
20
435.899124
30
0.0
11
233.339244
21
436.705504
31
0.0
0
LINE
8
HIDDEN
10
233.339244
20
374.550183
30
0.0
11
233.339244
21
373.626814
31
0.0
0
LINE
8
HIDDEN
10
233.339244
20
435.001467
30
0.0
11
233.339244
21
435.899124
31
0.0
0
LINE
8
HIDDEN
10
233.339244
20
434.017066
30
0.0
11
233.339244
21
435.001467
31
0.0
0
LINE
8
HIDDEN
10
233.339244
20
373.626814
30
0.0
11
233.339244
21
373.826814
31
0.0
0
LINE
8
HIDDEN
10
233.339244
20
432.950893
30
0.0
11
233.339244
21
434.017066
31
0.0
0
LINE
8
HIDDEN
10
233.339244
20
373.826814
30
0.0
11
233.339244
21
420.677175
31
0.0
0
LINE
8
HIDDEN
10
233.339244
20
431.808332
30
0.0
11
233.339244
21
432.950893
31
0.0
0
LINE
8
HIDDEN
10
233.339244
20
420.677175
30
0.0
11
233.339244
21
422.197220
31
0.0
0
LINE
8
HIDDEN
10
233.339244
20
430.595156
30
0.0
11
233.339244
21
431.808332
31
0.0
0
LINE
8
HIDDEN
10
233.339244
20
422.197220
30
0.0
11
233.339244
21
423.695190
31
0.0
0
LINE
8
HIDDEN
10
233.339244
20
429.317490
30
0.0
11
233.339244
21
430.595156
31
0.0
0
LINE
8
HIDDEN
10
233.339244
20
423.695190
30
0.0
11
233.339244
21
425.163522
31
0.0
0
LINE
8
HIDDEN
10
233.339244
20
427.981789
30
0.0
11
233.339244
21
429.317490
31
0.0
0
LINE
8
HIDDEN
10
233.339244
20
425.163522
30
0.0
11
233.339244
21
426.594797
31
0.0
0
LINE
8
HIDDEN
10
233.339244
20
426.594797
30
0.0
11
233.339244
21
427.981789
31
0.0
0
LINE
8
HIDDEN
10
233.339244
20
373.826814
30
0.0
11
233.339244
21
366.556814
31
0.0
0
LINE
8
HIDDEN
10
233.339244
20
366.556814
30
0.0
11
233.339244
21
381.096814
31
0.0
0
LINE
8
HIDDEN
10
233.339244
20
381.096814
30
0.0
11
233.339244
21
373.826814
31
0.0
0
LINE
8
HIDDEN
10
233.339244
20
417.826814
30
0.0
11
233.339244
21
410.556814
31
0.0
0
LINE
8
HIDDEN
10
233.339244
20
410.556814
30
0.0
11
233.339244
21
425.096814
31
0.0
0
LINE
8
HIDDEN
10
233.339244
20
425.096814
30
0.0
11
233.339244
21
417.826814
31
0.0
0
LINE
8
HIDDEN
10
233.339244
20
372.026814
30
0.0
11
233.339244
21
371.103445
31
0.0
0
LINE
8
HIDDEN
10
233.339244
20
371.103445
30
0.0
11
233.339244
21
367.026814
31
0.0
0
LINE
8
HIDDEN
10
233.339244
20
373.626814
30
0.0
11
233.339244
21
372.026814
31
0.0
0
LINE
8
HIDDEN
10
233.339244
20
371.103445
30
0.0
11
233.339244
21
367.026814
31
0.0
0
LINE
8
HIDDEN
10
233.339244
20
374.550183
30
0.0
11
233.339244
21
373.626814
31
0.0
0
LINE
8
HIDDEN
10
233.339244
20
371.103445
30
0.0
11
233.339244
21
372.026814
31
0.0
0
LINE
8
HIDDEN
10
233.339244
20
378.626814
30
0.0
11
233.339244
21
374.550183
31
0.0
0
LINE
8
HIDDEN
10
233.339244
20
373.626814
30
0.0
11
233.339244
21
372.026814
31
0.0
0
LINE
8
HIDDEN
10
233.339244
20
378.626814
30
0.0
11
233.339244
21
374.550183
31
0.0
0
LINE
8
HIDDEN
10
233.339244
20
373.626814
30
0.0
11
233.339244
21
374.550183
31
0.0
0
LINE
8
HIDDEN
10
233.339244
20
389.026814
30
0.0
11
233.339244
21
387.926814
31
0.0
0
LINE
8
HIDDEN
10
233.339244
20
387.926814
30
0.0
11
233.339244
21
389.026814
31
0.0
0
LINE
8
HIDDEN
10
233.339244
20
390.626814
30
0.0
11
233.339244
21
389.026814
31
0.0
0
LINE
8
HIDDEN
10
233.339244
20
390.626814
30
0.0
11
233.339244
21
391.550183
31
0.0
0
LINE
8
HIDDEN
10
233.339244
20
395.626814
30
0.0
11
233.339244
21
391.550183
31
0.0
0
LINE
8
HIDDEN
10
233.339244
20
395.626814
30
0.0
11
233.339244
21
391.550183
31
0.0
0
LINE
8
HIDDEN
10
233.339244
20
391.550183
30
0.0
11
233.339244
21
390.626814
31
0.0
0
LINE
8
HIDDEN
10
233.339244
20
390.626814
30
0.0
11
233.339244
21
389.026814
31
0.0
0
LINE
8
HIDDEN
10
233.339244
20
352.431360
30
0.0
11
231.932527
21
354.773675
31
0.0
0
LINE
8
HIDDEN
10
231.932527
20
354.773675
30
0.0
11
231.339244
21
357.827649
31
0.0
0
LINE
8
HIDDEN
10
231.339244
20
357.827649
30
0.0
11
231.339244
21
357.426814
31
0.0
0
LINE
8
HIDDEN
10
231.339244
20
357.904690
30
0.0
11
231.339244
21
357.827649
31
0.0
0
LINE
8
HIDDEN
10
231.339244
20
358.135069
30
0.0
11
231.339244
21
357.904690
31
0.0
0
LINE
8
HIDDEN
10
231.339244
20
358.516568
30
0.0
11
231.339244
21
358.135069
31
0.0
0
LINE
8
HIDDEN
10
231.339244
20
359.045513
30
0.0
11
231.339244
21
358.516568
31
0.0
0
LINE
8
HIDDEN
10
231.339244
20
359.716811
30
0.0
11
231.339244
21
359.045513
31
0.0
0
LINE
8
HIDDEN
10
231.339244
20
360.523995
30
0.0
11
231.339244
21
359.716811
31
0.0
0
LINE
8
HIDDEN
10
231.339244
20
361.459292
30
0.0
11
231.339244
21
360.523995
31
0.0
0
LINE
8
HIDDEN
10
231.339244
20
362.513696
30
0.0
11
231.339244
21
361.459292
31
0.0
0
LINE
8
HIDDEN
10
231.339244
20
363.677051
30
0.0
11
231.339244
21
362.513696
31
0.0
0
LINE
8
HIDDEN
10
231.339244
20
364.938154
30
0.0
11
231.339244
21
363.677051
31
0.0
0
LINE
8
HIDDEN
10
231.339244
20
366.284860
30
0.0
11
231.339244
21
364.938154
31
0.0
0
LINE
8
HIDDEN
10
231.339244
20
367.704199
30
0.0
11
231.339244
21
366.284860
31
0.0
0
LINE
8
HIDDEN
10
231.339244
20
369.182502
30
0.0
11
231.339244
21
367.704199
31
0.0
0
LINE
8
HIDDEN
10
231.339244
20
370.705532
30
0.0
11
231.339244
21
369.182502
31
0.0
0
LINE
8
HIDDEN
10
231.339244
20
372.258621
30
0.0
11
231.339244
21
370.705532
31
0.0
0
LINE
8
HIDDEN
10
231.339244
20
373.826814
30
0.0
11
231.339244
21
372.258621
31
0.0
0
LINE
8
HIDDEN
10
231.339244
20
420.878199
30
0.0
11
231.339244
21
373.826814
31
0.0
0
LINE
8
HIDDEN
10
231.339244
20
421.983576
30
0.0
11
231.339244
21
420.878199
31
0.0
0
LINE
8
HIDDEN
10
231.339244
20
423.069109
30
0.0
11
231.339244
21
421.983576
31
0.0
0
LINE
8
HIDDEN
10
231.339244
20
424.129617
30
0.0
11
231.339244
21
423.069109
31
0.0
0
LINE
8
HIDDEN
10
231.339244
20
425.160038
30
0.0
11
231.339244
21
424.129617
31
0.0
0
LINE
8
HIDDEN
10
231.339244
20
426.155452
30
0.0
11
231.339244
21
425.160038
31
0.0
0
LINE
8
HIDDEN
10
231.339244
20
427.111107
30
0.0
11
231.339244
21
426.155452
31
0.0
0
LINE
8
HIDDEN
10
231.339244
20
428.022441
30
0.0
11
231.339244
21
427.111107
31
0.0
0
LINE
8
HIDDEN
10
231.339244
20
428.885105
30
0.0
11
231.339244
21
428.022441
31
0.0
0
LINE
8
HIDDEN
10
231.339244
20
429.694979
30
0.0
11
231.339244
21
428.885105
31
0.0
0
LINE
8
HIDDEN
10
231.339244
20
430.448198
30
0.0
11
231.339244
21
429.694979
31
0.0
0
LINE
8
HIDDEN
10
231.339244
20
431.141166
30
0.0
11
231.339244
21
430.448198
31
0.0
0
LINE
8
HIDDEN
10
231.339244
20
431.770575
30
0.0
11
231.339244
21
431.141166
31
0.0
0
LINE
8
HIDDEN
10
231.339244
20
432.333421
30
0.0
11
231.339244
21
431.770575
31
0.0
0
LINE
8
HIDDEN
10
231.339244
20
432.827016
30
0.0
11
231.339244
21
432.333421
31
0.0
0
LINE
8
HIDDEN
10
231.339244
20
433.249004
30
0.0
11
231.339244
21
432.827016
31
0.0
0
LINE
8
HIDDEN
10
231.339244
20
433.597371
30
0.0
11
231.339244
21
433.249004
31
0.0
0
LINE
8
HIDDEN
10
231.339244
20
433.870454
30
0.0
11
231.339244
21
433.597371
31
0.0
0
LINE
8
HIDDEN
10
231.339244
20
434.066950
30
0.0
11
231.339244
21
433.870454
31
0.0
0
LINE
8
HIDDEN
10
231.339244
20
434.226795
30
0.0
11
231.339244
21
434.185919
31
0.0
0
LINE
8
HIDDEN
10
231.339244
20
434.185919
30
0.0
11
231.339244
21
434.066950
31
0.0
0
LINE
8
HIDDEN
10
231.339244
20
373.826814
30
0.0
11
231.339244
21
368.456814
31
0.0
0
LINE
8
HIDDEN
10
231.339244
20
368.456814
30
0.0
11
231.339244
21
379.196814
31
0.0
0
LINE
8
HIDDEN
10
231.339244
20
379.196814
30
0.0
11
231.339244
21
373.826814
31
0.0
0
LINE
8
HIDDEN
10
231.339244
20
417.826814
30
0.0
11
231.339244
21
412.456814
31
0.0
0
LINE
8
HIDDEN
10
231.339244
20
412.456814
30
0.0
11
231.339244
21
423.196814
31
0.0
0
LINE
8
HIDDEN
10
231.339244
20
423.196814
30
0.0
11
231.339244
21
417.826814
31
0.0
0
LINE
8
HIDDEN
10
233.339244
20
352.431360
30
0.0
11
231.932527
21
354.773675
31
0.0
0
LINE
8
HIDDEN
10
231.932527
20
354.773675
30
0.0
11
231.339244
21
357.827649
31
0.0
0
LINE
8
HIDDEN
10
233.339249
20
352.431354
30
0.0
11
232.739244
21
353.233160
31
0.0
0
LINE
8
HIDDEN
10
233.339249
20
352.431354
30
0.0
11
232.739244
21
353.233160
31
0.0
0
LINE
8
HIDDEN
10
239.339244
20
352.026814
30
0.0
11
239.339244
21
352.594602
31
0.0
0
LINE
8
HIDDEN
10
239.339244
20
352.826814
30
0.0
11
239.339244
21
356.103445
31
0.0
0
LINE
8
HIDDEN
10
239.339244
20
356.103445
30
0.0
11
234.047778
21
356.103445
31
0.0
0
LINE
8
HIDDEN
10
232.739244
20
352.905695
30
0.0
11
232.739244
21
353.233160
31
0.0
0
LINE
8
HIDDEN
10
239.339244
20
352.026814
30
0.0
11
234.047778
21
352.026814
31
0.0
0
LINE
8
HIDDEN
10
239.339244
20
357.026814
30
0.0
11
233.339244
21
357.026814
31
0.0
0
LINE
8
HIDDEN
10
239.339244
20
356.103445
30
0.0
11
239.339244
21
357.026814
31
0.0
0
LINE
8
HIDDEN
10
239.339244
20
357.026814
30
0.0
11
234.047778
21
357.026814
31
0.0
0
LINE
8
HIDDEN
10
239.339244
20
358.626814
30
0.0
11
234.047778
21
358.626814
31
0.0
0
LINE
8
HIDDEN
10
239.339244
20
357.026814
30
0.0
11
239.339244
21
358.626814
31
0.0
0
LINE
8
HIDDEN
10
239.339244
20
358.626814
30
0.0
11
233.339244
21
358.626814
31
0.0
0
LINE
8
HIDDEN
10
239.339244
20
358.626814
30
0.0
11
233.339244
21
358.626814
31
0.0
0
LINE
8
HIDDEN
10
239.339244
20
358.626814
30
0.0
11
239.339244
21
359.726814
31
0.0
0
LINE
8
HIDDEN
10
239.339244
20
359.726814
30
0.0
11
239.339244
21
358.626814
31
0.0
0
LINE
8
HIDDEN
10
239.339244
20
358.626814
30
0.0
11
233.339244
21
358.626814
31
0.0
0
LINE
8
HIDDEN
10
239.339244
20
357.026814
30
0.0
11
233.339244
21
357.026814
31
0.0
0
LINE
8
HIDDEN
10
239.339244
20
357.026814
30
0.0
11
239.339244
21
358.626814
31
0.0
0
LINE
8
HIDDEN
10
239.339244
20
357.026814
30
0.0
11
233.339244
21
357.026814
31
0.0
0
LINE
8
HIDDEN
10
239.339244
20
356.103445
30
0.0
11
233.339244
21
356.103445
31
0.0
0
LINE
8
HIDDEN
10
239.339244
20
357.026814
30
0.0
11
239.339244
21
356.103445
31
0.0
0
LINE
8
HIDDEN
10
239.339244
20
352.026814
30
0.0
11
239.339244
21
356.103445
31
0.0
0
LINE
8
HIDDEN
10
232.739244
20
352.026814
30
0.0
11
232.739244
21
353.233160
31
0.0
0
LINE
8
HIDDEN
10
239.339244
20
352.026814
30
0.0
11
232.739244
21
352.026814
31
0.0
0
LINE
8
HIDDEN
10
233.339244
20
352.534385
30
0.0
11
231.931504
21
354.867967
31
0.0
0
LINE
8
HIDDEN
10
231.931504
20
354.867967
30
0.0
11
231.339244
21
357.904690
31
0.0
0
LINE
8
HIDDEN
10
233.339244
20
352.842467
30
0.0
11
231.928381
21
355.149962
31
0.0
0
LINE
8
HIDDEN
10
231.928381
20
355.149962
30
0.0
11
231.339244
21
358.135069
31
0.0
0
LINE
8
HIDDEN
10
233.339244
20
353.352641
30
0.0
11
231.922983
21
355.617034
31
0.0
0
LINE
8
HIDDEN
10
231.922983
20
355.617034
30
0.0
11
231.339244
21
358.516568
31
0.0
0
LINE
8
HIDDEN
10
233.339244
20
354.059992
30
0.0
11
231.914998
21
356.264831
31
0.0
0
LINE
8
HIDDEN
10
231.914998
20
356.264831
30
0.0
11
231.339244
21
359.045513
31
0.0
0
LINE
8
HIDDEN
10
233.339244
20
354.957708
30
0.0
11
231.903947
21
357.087312
31
0.0
0
LINE
8
HIDDEN
10
231.903947
20
357.087312
30
0.0
11
231.339244
21
359.716811
31
0.0
0
LINE
8
HIDDEN
10
233.339244
20
356.037144
30
0.0
11
231.889122
21
358.076802
31
0.0
0
LINE
8
HIDDEN
10
231.889122
20
358.076802
30
0.0
11
231.339244
21
360.523995
31
0.0
0
LINE
8
HIDDEN
10
233.339244
20
357.287904
30
0.0
11
231.869509
21
359.224036
31
0.0
0
LINE
8
HIDDEN
10
231.869509
20
359.224036
30
0.0
11
231.339244
21
361.459292
31
0.0
0
LINE
8
HIDDEN
10
233.339244
20
358.697943
30
0.0
11
231.843656
21
360.518214
31
0.0
0
LINE
8
HIDDEN
10
231.843656
20
360.518214
30
0.0
11
231.339244
21
362.513696
31
0.0
0
LINE
8
HIDDEN
10
233.339244
20
360.253681
30
0.0
11
231.809481
21
361.947010
31
0.0
0
LINE
8
HIDDEN
10
231.809481
20
361.947010
30
0.0
11
231.339244
21
363.677051
31
0.0
0
LINE
8
HIDDEN
10
233.339244
20
361.940136
30
0.0
11
231.778426
21
363.472795
31
0.0
0
LINE
8
HIDDEN
10
231.778426
20
363.472795
30
0.0
11
231.339244
21
364.938154
31
0.0
0
LINE
8
HIDDEN
10
233.339244
20
363.741067
30
0.0
11
231.738369
21
365.098328
31
0.0
0
LINE
8
HIDDEN
10
231.738369
20
365.098328
30
0.0
11
231.339244
21
366.284860
31
0.0
0
LINE
8
HIDDEN
10
233.339244
20
365.639128
30
0.0
11
231.683656
21
366.808085
31
0.0
0
LINE
8
HIDDEN
10
231.683656
20
366.808085
30
0.0
11
231.339244
21
367.704199
31
0.0
0
LINE
8
HIDDEN
10
233.339244
20
367.616041
30
0.0
11
231.609194
21
368.579446
31
0.0
0
LINE
8
HIDDEN
10
231.609194
20
368.579446
30
0.0
11
231.339244
21
369.182502
31
0.0
0
LINE
8
HIDDEN
10
233.339244
20
369.652768
30
0.0
11
231.858626
21
370.147074
31
0.0
0
LINE
8
HIDDEN
10
231.858626
20
370.147074
30
0.0
11
231.339244
21
370.705532
31
0.0
0
LINE
8
HIDDEN
10
233.339244
20
371.729693
30
0.0
11
231.339244
21
372.258621
31
0.0
0
LINE
8
HIDDEN
10
233.339244
20
373.826814
30
0.0
11
231.339244
21
373.826814
31
0.0
0
LINE
8
HIDDEN
10
233.339249
20
372.026814
30
0.0
11
232.739244
21
372.026814
31
0.0
0
LINE
8
HIDDEN
10
232.739244
20
372.026814
30
0.0
11
232.739244
21
373.626814
31
0.0
0
LINE
8
HIDDEN
10
233.339249
20
373.626814
30
0.0
11
232.739244
21
373.626814
31
0.0
0
LINE
8
HIDDEN
10
235.612010
20
372.026814
30
0.0
11
232.739244
21
372.026814
31
0.0
0
LINE
8
HIDDEN
10
235.612010
20
372.026814
30
0.0
11
234.047772
21
372.026814
31
0.0
0
LINE
8
HIDDEN
10
239.339244
20
372.026814
30
0.0
11
234.047774
21
372.026814
31
0.0
0
LINE
8
HIDDEN
10
239.339244
20
372.026814
30
0.0
11
233.339244
21
372.026814
31
0.0
0
LINE
8
HIDDEN
10
239.339244
20
371.103445
30
0.0
11
233.339244
21
371.103445
31
0.0
0
LINE
8
HIDDEN
10
239.339244
20
372.026814
30
0.0
11
239.339244
21
371.103445
31
0.0
0
LINE
8
HIDDEN
10
239.339244
20
367.026814
30
0.0
11
239.339244
21
371.103445
31
0.0
0
LINE
8
HIDDEN
10
239.339244
20
367.026814
30
0.0
11
233.339244
21
367.026814
31
0.0
0
LINE
8
HIDDEN
10
239.339244
20
367.026814
30
0.0
11
233.339244
21
367.026814
31
0.0
0
LINE
8
HIDDEN
10
239.339244
20
367.026814
30
0.0
11
239.339244
21
371.103445
31
0.0
0
LINE
8
HIDDEN
10
239.339244
20
371.103445
30
0.0
11
233.339244
21
371.103445
31
0.0
0
LINE
8
HIDDEN
10
239.339244
20
372.026814
30
0.0
11
233.339244
21
372.026814
31
0.0
0
LINE
8
HIDDEN
10
239.339244
20
371.103445
30
0.0
11
239.339244
21
372.026814
31
0.0
0
LINE
8
HIDDEN
10
233.339244
20
439.433532
30
0.0
11
231.949037
21
437.229102
31
0.0
0
LINE
8
HIDDEN
10
231.949037
20
437.229102
30
0.0
11
231.339244
21
434.185919
31
0.0
0
LINE
8
HIDDEN
10
239.339244
20
372.026814
30
0.0
11
233.339244
21
372.026814
31
0.0
0
LINE
8
HIDDEN
10
233.339244
20
439.242909
30
0.0
11
231.950584
21
437.077697
31
0.0
0
LINE
8
HIDDEN
10
231.950584
20
437.077697
30
0.0
11
231.339244
21
434.066950
31
0.0
0
LINE
8
HIDDEN
10
239.339244
20
373.626814
30
0.0
11
233.339244
21
373.626814
31
0.0
0
LINE
8
HIDDEN
10
239.339244
20
372.026814
30
0.0
11
239.339244
21
373.626814
31
0.0
0
LINE
8
HIDDEN
10
233.339244
20
438.944121
30
0.0
11
231.951529
21
436.830386
31
0.0
0
LINE
8
HIDDEN
10
231.951529
20
436.830386
30
0.0
11
231.339244
21
433.870454
31
0.0
0
LINE
8
HIDDEN
10
239.339244
20
373.626814
30
0.0
11
233.339244
21
373.626814
31
0.0
0
LINE
8
HIDDEN
10
233.339244
20
438.538675
30
0.0
11
231.951767
21
436.488203
31
0.0
0
LINE
8
HIDDEN
10
231.951767
20
436.488203
30
0.0
11
231.339244
21
433.597371
31
0.0
0
LINE
8
HIDDEN
10
239.339244
20
374.550183
30
0.0
11
233.339244
21
374.550183
31
0.0
0
LINE
8
HIDDEN
10
239.339244
20
373.626814
30
0.0
11
239.339244
21
374.550183
31
0.0
0
LINE
8
HIDDEN
10
233.339244
20
438.028621
30
0.0
11
231.951140
21
436.052610
31
0.0
0
LINE
8
HIDDEN
10
231.951140
20
436.052610
30
0.0
11
231.339244
21
433.249004
31
0.0
0
LINE
8
HIDDEN
10
239.339244
20
374.550183
30
0.0
11
239.339244
21
378.626814
31
0.0
0
LINE
8
HIDDEN
10
239.339244
20
378.626814
30
0.0
11
233.339244
21
378.626814
31
0.0
0
LINE
8
HIDDEN
10
233.339244
20
437.416533
30
0.0
11
231.949428
21
435.525488
31
0.0
0
LINE
8
HIDDEN
10
231.949428
20
435.525488
30
0.0
11
231.339244
21
432.827016
31
0.0
0
LINE
8
HIDDEN
10
239.339244
20
378.626814
30
0.0
11
233.339244
21
378.626814
31
0.0
0
LINE
8
HIDDEN
10
233.339244
20
436.705504
30
0.0
11
231.946327
21
434.909138
31
0.0
0
LINE
8
HIDDEN
10
231.946327
20
434.909138
30
0.0
11
231.339244
21
432.333421
31
0.0
0
LINE
8
HIDDEN
10
239.339244
20
374.550183
30
0.0
11
239.339244
21
378.626814
31
0.0
0
LINE
8
HIDDEN
10
239.339244
20
374.550183
30
0.0
11
233.339244
21
374.550183
31
0.0
0
LINE
8
HIDDEN
10
233.339244
20
435.899124
30
0.0
11
231.941430
21
434.206285
31
0.0
0
LINE
8
HIDDEN
10
231.941430
20
434.206285
30
0.0
11
231.339244
21
431.770575
31
0.0
0
LINE
8
HIDDEN
10
239.339244
20
374.550183
30
0.0
11
239.339244
21
373.626814
31
0.0
0
LINE
8
HIDDEN
10
239.339244
20
373.626814
30
0.0
11
233.339244
21
373.626814
31
0.0
0
LINE
8
HIDDEN
10
233.339244
20
435.001467
30
0.0
11
231.934189
21
433.420087
31
0.0
0
LINE
8
HIDDEN
10
231.934189
20
433.420087
30
0.0
11
231.339244
21
431.141166
31
0.0
0
LINE
8
HIDDEN
10
235.474217
20
373.626814
30
0.0
11
232.739244
21
373.626814
31
0.0
0
LINE
8
HIDDEN
10
235.474217
20
373.626814
30
0.0
11
234.047772
21
373.626814
31
0.0
0
LINE
8
HIDDEN
10
239.339244
20
373.626814
30
0.0
11
234.047774
21
373.626814
31
0.0
0
LINE
8
HIDDEN
10
233.339244
20
434.017066
30
0.0
11
231.923880
21
432.554162
31
0.0
0
LINE
8
HIDDEN
10
231.923880
20
432.554162
30
0.0
11
231.339244
21
430.448198
31
0.0
0
LINE
8
HIDDEN
10
233.339244
20
432.950893
30
0.0
11
231.909548
21
431.612636
31
0.0
0
LINE
8
HIDDEN
10
231.909548
20
431.612636
30
0.0
11
231.339244
21
429.694979
31
0.0
0
LINE
8
HIDDEN
10
233.339244
20
420.677175
30
0.0
11
231.339244
21
420.878199
31
0.0
0
LINE
8
HIDDEN
10
233.339244
20
431.808332
30
0.0
11
231.889952
21
430.600227
31
0.0
0
LINE
8
HIDDEN
10
231.889952
20
430.600227
30
0.0
11
231.339244
21
428.885105
31
0.0
0
LINE
8
HIDDEN
10
233.339244
20
422.197220
30
0.0
11
231.339244
21
421.983576
31
0.0
0
LINE
8
HIDDEN
10
233.339244
20
430.595156
30
0.0
11
231.863503
21
429.522379
31
0.0
0
LINE
8
HIDDEN
10
231.863503
20
429.522379
30
0.0
11
231.339244
21
428.022441
31
0.0
0
LINE
8
HIDDEN
10
233.339244
20
423.695190
30
0.0
11
231.589415
21
423.454239
31
0.0
0
LINE
8
HIDDEN
10
231.589415
20
423.454239
30
0.0
11
231.339244
21
423.069109
31
0.0
0
LINE
8
HIDDEN
10
233.339244
20
429.317490
30
0.0
11
231.828205
21
428.385466
31
0.0
0
LINE
8
HIDDEN
10
231.828205
20
428.385466
30
0.0
11
231.339244
21
427.111107
31
0.0
0
LINE
8
HIDDEN
10
233.339244
20
425.163522
30
0.0
11
231.679234
21
424.731996
31
0.0
0
LINE
8
HIDDEN
10
231.679234
20
424.731996
30
0.0
11
231.339244
21
424.129617
31
0.0
0
LINE
8
HIDDEN
10
233.339244
20
427.981789
30
0.0
11
231.793224
21
427.208847
31
0.0
0
LINE
8
HIDDEN
10
231.793224
20
427.208847
30
0.0
11
231.339244
21
426.155452
31
0.0
0
LINE
8
HIDDEN
10
233.339244
20
426.594797
30
0.0
11
231.745318
21
425.987881
31
0.0
0
LINE
8
HIDDEN
10
231.745318
20
425.987881
30
0.0
11
231.339244
21
425.160038
31
0.0
0
LINE
8
HIDDEN
10
238.339244
20
373.826814
30
0.0
11
238.339244
21
366.556814
31
0.0
0
LINE
8
HIDDEN
10
238.339244
20
366.556814
30
0.0
11
238.339244
21
381.096814
31
0.0
0
LINE
8
HIDDEN
10
238.339244
20
381.096814
30
0.0
11
238.339244
21
373.826814
31
0.0
0
LINE
8
HIDDEN
10
238.339244
20
417.826814
30
0.0
11
238.339244
21
410.556814
31
0.0
0
LINE
8
HIDDEN
10
238.339244
20
410.556814
30
0.0
11
238.339244
21
425.096814
31
0.0
0
LINE
8
HIDDEN
10
238.339244
20
425.096814
30
0.0
11
238.339244
21
417.826814
31
0.0
0
LINE
8
HIDDEN
10
239.339244
20
371.103445
30
0.0
11
233.339244
21
371.103445
31
0.0
0
LINE
8
HIDDEN
10
239.339244
20
372.026814
30
0.0
11
239.339244
21
371.103445
31
0.0
0
LINE
8
HIDDEN
10
239.339244
20
372.026814
30
0.0
11
233.339244
21
372.026814
31
0.0
0
LINE
8
HIDDEN
10
239.339244
20
372.026814
30
0.0
11
233.339244
21
372.026814
31
0.0
0
LINE
8
HIDDEN
10
239.339244
20
367.026814
30
0.0
11
239.339244
21
371.103445
31
0.0
0
LINE
8
HIDDEN
10
239.339244
20
367.026814
30
0.0
11
233.339244
21
367.026814
31
0.0
0
LINE
8
HIDDEN
10
239.339244
20
373.626814
30
0.0
11
233.339244
21
373.626814
31
0.0
0
LINE
8
HIDDEN
10
239.339244
20
372.026814
30
0.0
11
239.339244
21
373.626814
31
0.0
0
LINE
8
HIDDEN
10
239.339244
20
367.026814
30
0.0
11
233.339244
21
367.026814
31
0.0
0
LINE
8
HIDDEN
10
239.339244
20
373.626814
30
0.0
11
233.339244
21
373.626814
31
0.0
0
LINE
8
HIDDEN
10
239.339244
20
367.026814
30
0.0
11
239.339244
21
371.103445
31
0.0
0
LINE
8
HIDDEN
10
239.339244
20
371.103445
30
0.0
11
233.339244
21
371.103445
31
0.0
0
LINE
8
HIDDEN
10
239.339244
20
374.550183
30
0.0
11
239.339244
21
373.626814
31
0.0
0
LINE
8
HIDDEN
10
239.339244
20
374.550183
30
0.0
11
233.339244
21
374.550183
31
0.0
0
LINE
8
HIDDEN
10
239.339244
20
372.026814
30
0.0
11
233.339244
21
372.026814
31
0.0
0
LINE
8
HIDDEN
10
239.339244
20
371.103445
30
0.0
11
239.339244
21
372.026814
31
0.0
0
LINE
8
HIDDEN
10
239.339244
20
374.550183
30
0.0
11
239.339244
21
378.626814
31
0.0
0
LINE
8
HIDDEN
10
239.339244
20
378.626814
30
0.0
11
233.339244
21
378.626814
31
0.0
0
LINE
8
HIDDEN
10
239.339244
20
372.026814
30
0.0
11
233.339244
21
372.026814
31
0.0
0
LINE
8
HIDDEN
10
239.339244
20
378.626814
30
0.0
11
233.339244
21
378.626814
31
0.0
0
LINE
8
HIDDEN
10
239.339244
20
373.626814
30
0.0
11
233.339244
21
373.626814
31
0.0
0
LINE
8
HIDDEN
10
239.339244
20
372.026814
30
0.0
11
239.339244
21
373.626814
31
0.0
0
LINE
8
HIDDEN
10
239.339244
20
374.550183
30
0.0
11
239.339244
21
378.626814
31
0.0
0
LINE
8
HIDDEN
10
239.339244
20
374.550183
30
0.0
11
233.339244
21
374.550183
31
0.0
0
LINE
8
HIDDEN
10
239.339244
20
373.626814
30
0.0
11
233.339244
21
373.626814
31
0.0
0
LINE
8
HIDDEN
10
239.339244
20
373.626814
30
0.0
11
239.339244
21
374.550183
31
0.0
0
LINE
8
HIDDEN
10
239.339244
20
389.026814
30
0.0
11
233.339244
21
389.026814
31
0.0
0
LINE
8
HIDDEN
10
239.339244
20
389.026814
30
0.0
11
239.339244
21
387.926814
31
0.0
0
LINE
8
HIDDEN
10
239.339244
20
387.926814
30
0.0
11
239.339244
21
389.026814
31
0.0
0
LINE
8
HIDDEN
10
239.339244
20
389.026814
30
0.0
11
233.339244
21
389.026814
31
0.0
0
LINE
8
HIDDEN
10
239.339244
20
389.026814
30
0.0
11
234.047778
21
389.026814
31
0.0
0
LINE
8
HIDDEN
10
239.339244
20
390.626814
30
0.0
11
234.047778
21
390.626814
31
0.0
0
LINE
8
HIDDEN
10
239.339244
20
389.026814
30
0.0
11
239.339244
21
390.626814
31
0.0
0
LINE
8
HIDDEN
10
239.339244
20
390.626814
30
0.0
11
233.339244
21
390.626814
31
0.0
0
LINE
8
HIDDEN
10
239.339244
20
391.550183
30
0.0
11
234.047778
21
391.550183
31
0.0
0
LINE
8
HIDDEN
10
239.339244
20
390.626814
30
0.0
11
239.339244
21
391.550183
31
0.0
0
LINE
8
HIDDEN
10
239.339244
20
391.550183
30
0.0
11
239.339244
21
395.626814
31
0.0
0
LINE
8
HIDDEN
10
239.339244
20
395.626814
30
0.0
11
234.047778
21
395.626814
31
0.0
0
LINE
8
HIDDEN
10
239.339244
20
395.626814
30
0.0
11
233.339244
21
395.626814
31
0.0
0
LINE
8
HIDDEN
10
239.339244
20
391.550183
30
0.0
11
239.339244
21
395.626814
31
0.0
0
LINE
8
HIDDEN
10
239.339244
20
391.550183
30
0.0
11
233.339244
21
391.550183
31
0.0
0
LINE
8
HIDDEN
10
239.339244
20
391.550183
30
0.0
11
239.339244
21
390.626814
31
0.0
0
LINE
8
HIDDEN
10
239.339244
20
390.626814
30
0.0
11
233.339244
21
390.626814
31
0.0
0
LINE
8
HIDDEN
10
239.339244
20
390.626814
30
0.0
11
233.339244
21
390.626814
31
0.0
0
LINE
8
HIDDEN
10
239.339244
20
389.026814
30
0.0
11
233.339244
21
389.026814
31
0.0
0
LINE
8
HIDDEN
10
239.339244
20
389.026814
30
0.0
11
239.339244
21
390.626814
31
0.0
0
LINE
8
HIDDEN
10
236.339244
20
373.826814
30
0.0
11
236.339244
21
368.456814
31
0.0
0
LINE
8
HIDDEN
10
236.339244
20
368.456814
30
0.0
11
236.339244
21
379.196814
31
0.0
0
LINE
8
HIDDEN
10
236.339244
20
379.196814
30
0.0
11
236.339244
21
373.826814
31
0.0
0
LINE
8
HIDDEN
10
236.339244
20
417.826814
30
0.0
11
236.339244
21
412.456814
31
0.0
0
LINE
8
HIDDEN
10
236.339244
20
412.456814
30
0.0
11
236.339244
21
423.196814
31
0.0
0
LINE
8
HIDDEN
10
236.339244
20
423.196814
30
0.0
11
236.339244
21
417.826814
31
0.0
0
LINE
8
HIDDEN
10
232.739244
20
372.026814
30
0.0
11
232.739244
21
373.626814
31
0.0
0
LINE
8
HIDDEN
10
235.612010
20
372.026814
30
0.0
11
235.474217
21
373.626814
31
0.0
0
LINE
8
HIDDEN
10
239.139244
20
373.826814
30
0.0
11
234.047778
21
373.826814
31
0.0
0
LINE
8
HIDDEN
10
234.047778
20
373.626814
30
0.0
11
234.047778
21
373.826814
31
0.0
0
LINE
8
HIDDEN
10
234.047778
20
371.656605
30
0.0
11
234.047778
21
372.026814
31
0.0
0
LINE
8
HIDDEN
10
239.339244
20
371.433389
30
0.0
11
234.047778
21
371.656605
31
0.0
0
LINE
8
HIDDEN
10
239.339244
20
371.708841
30
0.0
11
239.339244
21
371.433389
31
0.0
0
LINE
8
HIDDEN
10
239.339244
20
371.708841
30
0.0
11
239.139244
21
371.586857
31
0.0
0
LINE
8
HIDDEN
10
239.139244
20
371.586857
30
0.0
11
239.139244
21
373.826814
31
0.0
0
LINE
8
HIDDEN
10
239.139244
20
371.630451
30
0.0
11
234.047778
21
371.656605
31
0.0
0
LINE
8
HIDDEN
10
239.139244
20
371.630451
30
0.0
11
239.139244
21
371.884021
31
0.0
0
LINE
8
HIDDEN
10
239.139244
20
371.884021
30
0.0
11
239.339248
21
371.883107
31
0.0
0
LINE
8
HIDDEN
10
239.339244
20
371.883107
30
0.0
11
239.339244
21
372.026814
31
0.0
0
LINE
8
HIDDEN
10
239.339244
20
373.826814
30
0.0
11
234.047778
21
373.826814
31
0.0
0
LINE
8
HIDDEN
10
239.339244
20
373.626814
30
0.0
11
239.339244
21
373.826814
31
0.0
0
LINE
8
HIDDEN
10
238.339244
20
373.826814
30
0.0
11
238.339244
21
369.406814
31
0.0
0
LINE
8
HIDDEN
10
238.339244
20
369.406814
30
0.0
11
238.339244
21
378.246814
31
0.0
0
LINE
8
HIDDEN
10
238.339244
20
378.246814
30
0.0
11
238.339244
21
373.826814
31
0.0
0
LINE
8
HIDDEN
10
238.339244
20
417.826814
30
0.0
11
238.339244
21
413.406814
31
0.0
0
LINE
8
HIDDEN
10
238.339244
20
413.406814
30
0.0
11
238.339244
21
422.246814
31
0.0
0
LINE
8
HIDDEN
10
238.339244
20
422.246814
30
0.0
11
238.339244
21
417.826814
31
0.0
0
LINE
8
HIDDEN
10
236.339244
20
373.826814
30
0.0
11
236.339244
21
371.073325
31
0.0
0
LINE
8
HIDDEN
10
236.339244
20
371.073325
30
0.0
11
236.339244
21
376.580302
31
0.0
0
LINE
8
HIDDEN
10
236.339244
20
376.580302
30
0.0
11
236.339244
21
373.826814
31
0.0
0
LINE
8
HIDDEN
10
236.339244
20
417.826814
30
0.0
11
236.339244
21
415.073325
31
0.0
0
LINE
8
HIDDEN
10
236.339244
20
415.073325
30
0.0
11
236.339244
21
420.580302
31
0.0
0
LINE
8
HIDDEN
10
236.339244
20
420.580302
30
0.0
11
236.339244
21
417.826814
31
0.0
0
LINE
8
HIDDEN
10
239.139244
20
418.617108
30
0.0
11
238.461768
21
418.347272
31
0.0
0
LINE
8
HIDDEN
10
238.461768
20
418.347272
30
0.0
11
234.034901
21
420.481886
31
0.0
0
LINE
8
HIDDEN
10
234.037284
20
420.469610
30
0.0
11
234.034901
21
420.481886
31
0.0
0
LINE
8
HIDDEN
10
234.047778
20
373.826814
30
0.0
11
234.046119
21
381.096814
31
0.0
0
LINE
8
HIDDEN
10
234.044568
20
387.926814
30
0.0
11
234.042829
21
395.626814
31
0.0
0
LINE
8
HIDDEN
10
234.039485
20
410.556814
30
0.0
11
234.037284
21
420.469610
31
0.0
0
LINE
8
HIDDEN
10
239.139244
20
373.826814
30
0.0
11
239.139244
21
418.617108
31
0.0
0
LINE
8
HIDDEN
10
234.047778
20
369.507297
30
0.0
11
234.047778
21
371.656605
31
0.0
0
LINE
8
HIDDEN
10
239.139244
20
369.066203
30
0.0
11
234.047778
21
369.507297
31
0.0
0
LINE
8
HIDDEN
10
239.139244
20
369.066203
30
0.0
11
239.139244
21
371.289684
31
0.0
0
LINE
8
HIDDEN
10
239.139244
20
371.289684
30
0.0
11
239.339244
21
371.169826
31
0.0
0
LINE
8
HIDDEN
10
239.339244
20
371.433389
30
0.0
11
239.339244
21
371.169826
31
0.0
0
LINE
8
HIDDEN
10
239.339244
20
371.708841
30
0.0
11
239.339244
21
371.169826
31
0.0
0
LINE
8
HIDDEN
10
287.339244
20
370.311221
30
0.0
11
239.139244
21
370.640938
31
0.0
0
LINE
8
HIDDEN
10
239.139244
20
370.640938
30
0.0
11
239.139244
21
371.289684
31
0.0
0
LINE
8
HIDDEN
10
239.139244
20
371.586857
30
0.0
11
239.139244
21
372.230458
31
0.0
0
LINE
8
HIDDEN
10
287.339244
20
372.065246
30
0.0
11
239.139244
21
372.230458
31
0.0
0
LINE
8
HIDDEN
10
287.339244
20
370.311221
30
0.0
11
287.339244
21
372.065246
31
0.0
0
LINE
8
HIDDEN
10
239.139244
20
372.230458
30
0.0
11
239.139244
21
373.826814
31
0.0
0
LINE
8
HIDDEN
10
239.139244
20
373.826814
30
0.0
11
239.139244
21
426.293480
31
0.0
0
LINE
8
HIDDEN
10
239.139244
20
425.752740
30
0.0
11
239.139244
21
426.293480
31
0.0
0
LINE
8
HIDDEN
10
239.139244
20
424.010525
30
0.0
11
239.139244
21
425.752740
31
0.0
0
LINE
8
HIDDEN
10
239.139244
20
422.233897
30
0.0
11
239.139244
21
424.010525
31
0.0
0
LINE
8
HIDDEN
10
239.139244
20
420.432749
30
0.0
11
239.139244
21
422.233897
31
0.0
0
LINE
8
HIDDEN
10
239.139244
20
418.617108
30
0.0
11
239.139244
21
420.432749
31
0.0
0
LINE
8
HIDDEN
10
239.339244
20
369.453196
30
0.0
11
234.047778
21
369.507297
31
0.0
0
LINE
8
HIDDEN
10
239.339244
20
369.453196
30
0.0
11
239.339244
21
371.387448
31
0.0
0
LINE
8
HIDDEN
10
239.339248
20
371.387448
30
0.0
11
239.139244
21
371.388588
31
0.0
0
LINE
8
HIDDEN
10
239.139244
20
371.388588
30
0.0
11
239.139244
21
371.630451
31
0.0
0
LINE
8
HIDDEN
10
239.139244
20
371.884021
30
0.0
11
239.139244
21
371.388588
31
0.0
0
LINE
8
HIDDEN
10
243.339244
20
372.346868
30
0.0
11
239.339244
21
372.360579
31
0.0
0
LINE
8
HIDDEN
10
239.339244
20
371.883107
30
0.0
11
239.339244
21
372.360579
31
0.0
0
LINE
8
HIDDEN
10
239.339244
20
370.900622
30
0.0
11
239.339244
21
371.387448
31
0.0
0
LINE
8
HIDDEN
10
242.939244
20
370.875996
30
0.0
11
239.339244
21
370.900622
31
0.0
0
LINE
8
HIDDEN
10
239.339244
20
418.612037
30
0.0
11
234.037284
21
420.469610
31
0.0
0
LINE
8
HIDDEN
10
239.339244
20
373.826814
30
0.0
11
239.339244
21
418.612037
31
0.0
0
LINE
8
HIDDEN
10
242.939244
20
373.826814
30
0.0
11
242.939244
21
369.406814
31
0.0
0
LINE
8
HIDDEN
10
242.939244
20
378.246814
30
0.0
11
242.939244
21
373.826814
31
0.0
0
LINE
8
HIDDEN
10
242.939244
20
417.826814
30
0.0
11
242.939244
21
413.406814
31
0.0
0
LINE
8
HIDDEN
10
242.939244
20
422.246814
30
0.0
11
242.939244
21
417.826814
31
0.0
0
LINE
8
HIDDEN
10
242.939244
20
373.826814
30
0.0
11
242.939244
21
371.380302
31
0.0
0
LINE
8
HIDDEN
10
242.939244
20
371.380302
30
0.0
11
242.939244
21
376.273325
31
0.0
0
LINE
8
HIDDEN
10
242.939244
20
376.273325
30
0.0
11
242.939244
21
373.826814
31
0.0
0
LINE
8
HIDDEN
10
242.939244
20
417.826814
30
0.0
11
242.939244
21
415.380302
31
0.0
0
LINE
8
HIDDEN
10
242.939244
20
415.380302
30
0.0
11
242.939244
21
420.273325
31
0.0
0
LINE
8
HIDDEN
10
242.939244
20
420.273325
30
0.0
11
242.939244
21
417.826814
31
0.0
0
LINE
8
HIDDEN
10
239.139244
20
420.432749
30
0.0
11
238.455013
21
420.172324
31
0.0
0
LINE
8
HIDDEN
10
238.455013
20
420.172324
30
0.0
11
234.035774
21
422.064022
31
0.0
0
LINE
8
HIDDEN
10
234.036647
20
422.052879
30
0.0
11
234.035774
21
422.064022
31
0.0
0
LINE
8
HIDDEN
10
234.034901
20
420.481886
30
0.0
11
234.036647
21
422.052879
31
0.0
0
LINE
8
HIDDEN
10
239.339244
20
420.276490
30
0.0
11
234.036647
21
422.052879
31
0.0
0
LINE
8
HIDDEN
10
239.339244
20
418.612037
30
0.0
11
239.339244
21
420.276490
31
0.0
0
LINE
8
HIDDEN
10
234.047778
20
367.399588
30
0.0
11
234.047778
21
369.507297
31
0.0
0
LINE
8
HIDDEN
10
239.339244
20
366.738519
30
0.0
11
234.047778
21
367.399588
31
0.0
0
LINE
8
HIDDEN
10
239.339244
20
366.996981
30
0.0
11
239.339244
21
366.738519
31
0.0
0
LINE
8
HIDDEN
10
239.339244
20
366.996981
30
0.0
11
239.139244
21
366.885758
31
0.0
0
LINE
8
HIDDEN
10
239.139244
20
366.885758
30
0.0
11
239.139244
21
369.066203
31
0.0
0
LINE
8
HIDDEN
10
239.139244
20
366.885758
30
0.0
11
239.139244
21
367.509573
31
0.0
0
LINE
8
HIDDEN
10
239.139244
20
367.509573
30
0.0
11
239.139244
21
369.065060
31
0.0
0
LINE
8
HIDDEN
10
239.139244
20
369.065060
30
0.0
11
239.139244
21
370.640938
31
0.0
0
LINE
8
HIDDEN
10
287.339244
20
368.572251
30
0.0
11
287.339244
21
370.311221
31
0.0
0
LINE
8
HIDDEN
10
287.339244
20
368.572251
30
0.0
11
239.139244
21
369.065060
31
0.0
0
LINE
8
HIDDEN
10
239.192982
20
373.826814
30
0.0
11
239.139244
21
373.826814
31
0.0
0
LINE
8
HIDDEN
10
239.192982
20
373.826814
30
0.0
11
239.339244
21
373.605348
31
0.0
0
LINE
8
HIDDEN
10
239.339244
20
373.826814
30
0.0
11
239.339244
21
373.605348
31
0.0
0
LINE
8
HIDDEN
10
287.339244
20
373.826814
30
0.0
11
239.339244
21
373.826814
31
0.0
0
LINE
8
HIDDEN
10
287.339244
20
372.065246
30
0.0
11
287.339244
21
373.826814
31
0.0
0
LINE
8
HIDDEN
10
287.339244
20
346.892814
30
0.0
11
287.339244
21
346.950482
31
0.0
0
LINE
8
HIDDEN
10
287.339244
20
346.950482
30
0.0
11
287.339244
21
347.123238
31
0.0
0
LINE
8
HIDDEN
10
287.339244
20
347.123238
30
0.0
11
287.339244
21
347.410343
31
0.0
0
LINE
8
HIDDEN
10
287.339244
20
347.410343
30
0.0
11
287.339244
21
347.810568
31
0.0
0
LINE
8
HIDDEN
10
287.339244
20
347.810568
30
0.0
11
287.339244
21
348.322198
31
0.0
0
LINE
8
HIDDEN
10
287.339244
20
348.322198
30
0.0
11
287.339244
21
348.943042
31
0.0
0
LINE
8
HIDDEN
10
287.339244
20
348.943042
30
0.0
11
287.339244
21
349.670443
31
0.0
0
LINE
8
HIDDEN
10
287.339244
20
349.670443
30
0.0
11
287.339244
21
350.501286
31
0.0
0
LINE
8
HIDDEN
10
287.339244
20
350.501286
30
0.0
11
287.339244
21
351.432011
31
0.0
0
LINE
8
HIDDEN
10
287.339244
20
351.432011
30
0.0
11
287.339244
21
352.458635
31
0.0
0
LINE
8
HIDDEN
10
287.339244
20
352.458635
30
0.0
11
287.339244
21
353.576760
31
0.0
0
LINE
8
HIDDEN
10
287.339244
20
353.576760
30
0.0
11
287.339244
21
354.781600
31
0.0
0
LINE
8
HIDDEN
10
287.339244
20
354.781600
30
0.0
11
287.339244
21
356.067994
31
0.0
0
LINE
8
HIDDEN
10
287.339244
20
356.067994
30
0.0
11
287.339244
21
357.430433
31
0.0
0
LINE
8
HIDDEN
10
287.339244
20
357.430433
30
0.0
11
287.339244
21
358.863085
31
0.0
0
LINE
8
HIDDEN
10
287.339244
20
358.863085
30
0.0
11
287.339244
21
360.359814
31
0.0
0
LINE
8
HIDDEN
10
287.339244
20
360.359814
30
0.0
11
287.339244
21
361.914210
31
0.0
0
LINE
8
HIDDEN
10
287.339244
20
361.914210
30
0.0
11
287.339244
21
363.519618
31
0.0
0
LINE
8
HIDDEN
10
287.339244
20
363.519618
30
0.0
11
287.339244
21
365.169163
31
0.0
0
LINE
8
HIDDEN
10
287.339244
20
365.169163
30
0.0
11
287.339244
21
366.855782
31
0.0
0
LINE
8
HIDDEN
10
287.339244
20
366.855782
30
0.0
11
287.339244
21
368.572251
31
0.0
0
LINE
8
HIDDEN
10
239.339244
20
375.693908
30
0.0
11
239.339244
21
373.826814
31
0.0
0
LINE
8
HIDDEN
10
239.339244
20
375.693908
30
0.0
11
239.192982
21
373.826814
31
0.0
0
LINE
8
HIDDEN
10
239.139244
20
426.293480
30
0.0
11
239.539244
21
424.826814
31
0.0
0
LINE
8
HIDDEN
10
240.339244
20
422.326814
30
0.0
11
242.339244
21
418.326814
31
0.0
0
LINE
8
HIDDEN
10
242.339244
20
418.326814
30
0.0
11
244.339244
21
415.826814
31
0.0
0
LINE
8
HIDDEN
10
239.339244
20
425.560147
30
0.0
11
239.002266
21
426.795732
31
0.0
0
LINE
8
HIDDEN
10
239.002266
20
426.795732
30
0.0
11
238.939244
21
427.026814
31
0.0
0
LINE
8
HIDDEN
10
239.139244
20
426.293480
30
0.0
11
238.939244
21
427.026814
31
0.0
0
LINE
8
HIDDEN
10
238.939244
20
427.303598
30
0.0
11
234.038975
21
428.098111
31
0.0
0
LINE
8
HIDDEN
10
239.139244
20
425.752740
30
0.0
11
238.424732
21
425.528546
31
0.0
0
LINE
8
HIDDEN
10
238.424732
20
425.528546
30
0.0
11
235.658452
21
426.523429
31
0.0
0
LINE
8
HIDDEN
10
235.658452
20
426.523429
30
0.0
11
234.038219
21
426.649416
31
0.0
0
LINE
8
HIDDEN
10
238.939244
20
427.026814
30
0.0
11
238.939244
21
427.303598
31
0.0
0
LINE
8
HIDDEN
10
239.139244
20
424.010525
30
0.0
11
238.436811
21
423.773101
31
0.0
0
LINE
8
HIDDEN
10
238.436811
20
423.773101
30
0.0
11
235.683539
21
424.910324
31
0.0
0
LINE
8
HIDDEN
10
235.683539
20
424.910324
30
0.0
11
234.037434
21
425.155704
31
0.0
0
LINE
8
HIDDEN
10
234.036619
20
423.624625
30
0.0
11
234.038188
21
425.096814
31
0.0
0
LINE
8
HIDDEN
10
239.139244
20
422.233897
30
0.0
11
238.446786
21
421.984335
31
0.0
0
LINE
8
HIDDEN
10
238.446786
20
421.984335
30
0.0
11
234.036619
21
423.624625
31
0.0
0
LINE
8
HIDDEN
10
234.037458
20
423.614136
30
0.0
11
234.036619
21
423.624625
31
0.0
0
LINE
8
HIDDEN
10
234.035774
20
422.064022
30
0.0
11
234.037458
21
423.614136
31
0.0
0
LINE
8
HIDDEN
10
239.139244
20
367.322131
30
0.0
11
234.047778
21
367.399588
31
0.0
0
LINE
8
HIDDEN
10
239.139244
20
367.322131
30
0.0
11
239.139244
21
367.559312
31
0.0
0
LINE
8
HIDDEN
10
239.139244
20
367.559312
30
0.0
11
239.339248
21
367.556380
31
0.0
0
LINE
8
HIDDEN
10
239.339244
20
367.556380
30
0.0
11
239.339244
21
369.453196
31
0.0
0
LINE
8
HIDDEN
10
239.339244
20
369.453196
30
0.0
11
239.339244
21
370.900622
31
0.0
0
LINE
8
HIDDEN
10
243.339244
20
373.826814
30
0.0
11
239.339244
21
373.826814
31
0.0
0
LINE
8
HIDDEN
10
239.339244
20
372.360579
30
0.0
11
239.339244
21
373.826814
31
0.0
0
LINE
8
HIDDEN
10
242.939244
20
369.416388
30
0.0
11
239.339244
21
369.453196
31
0.0
0
LINE
8
HIDDEN
10
239.339244
20
425.152049
30
0.0
11
239.339244
21
425.560147
31
0.0
0
LINE
8
HIDDEN
10
239.339244
20
423.555606
30
0.0
11
239.339244
21
425.152049
31
0.0
0
LINE
8
HIDDEN
10
239.339244
20
421.927404
30
0.0
11
239.339244
21
423.555606
31
0.0
0
LINE
8
HIDDEN
10
239.339244
20
420.276490
30
0.0
11
239.339244
21
421.927404
31
0.0
0
LINE
8
HIDDEN
10
239.339244
20
373.826814
30
0.0
11
239.339244
21
425.560147
31
0.0
0
LINE
8
HIDDEN
10
239.339244
20
421.927404
30
0.0
11
234.037458
21
423.614136
31
0.0
0
LINE
8
HIDDEN
10
234.047778
20
365.353777
30
0.0
11
234.047778
21
367.399588
31
0.0
0
LINE
8
HIDDEN
10
239.139244
20
364.488540
30
0.0
11
234.047778
21
365.353777
31
0.0
0
LINE
8
HIDDEN
10
239.139244
20
364.488540
30
0.0
11
239.139244
21
366.604952
31
0.0
0
LINE
8
HIDDEN
10
239.139244
20
366.604952
30
0.0
11
239.339244
21
366.487647
31
0.0
0
LINE
8
HIDDEN
10
239.339244
20
366.738519
30
0.0
11
239.339244
21
366.487647
31
0.0
0
LINE
8
HIDDEN
10
239.339244
20
366.996981
30
0.0
11
239.339244
21
366.487647
31
0.0
0
LINE
8
HIDDEN
10
287.339244
20
365.169163
30
0.0
11
239.139244
21
365.981137
31
0.0
0
LINE
8
HIDDEN
10
239.139244
20
365.981137
30
0.0
11
239.139244
21
366.604952
31
0.0
0
LINE
8
HIDDEN
10
287.339244
20
366.855782
30
0.0
11
239.139244
21
367.509573
31
0.0
0
LINE
8
HIDDEN
10
239.339244
20
373.826814
30
0.0
11
239.339244
21
373.605348
31
0.0
0
LINE
8
HIDDEN
10
239.339244
20
373.826814
30
0.0
11
239.192982
21
373.826814
31
0.0
0
LINE
8
HIDDEN
10
239.339244
20
375.693908
30
0.0
11
239.339244
21
373.826814
31
0.0
0
LINE
8
HIDDEN
10
239.339244
20
349.408387
30
0.0
11
239.139244
21
349.418869
31
0.0
0
LINE
8
HIDDEN
10
287.339244
20
346.892814
30
0.0
11
239.339244
21
349.408387
31
0.0
0
LINE
8
HIDDEN
10
287.339244
20
346.950482
30
0.0
11
239.139244
21
349.471128
31
0.0
0
LINE
8
HIDDEN
10
239.139244
20
349.418869
30
0.0
11
239.139244
21
349.471128
31
0.0
0
LINE
8
HIDDEN
10
239.139244
20
349.471128
30
0.0
11
239.139244
21
349.535024
31
0.0
0
LINE
8
HIDDEN
10
239.139244
20
349.535024
30
0.0
11
239.339244
21
349.512895
31
0.0
0
LINE
8
HIDDEN
10
239.339244
20
349.565064
30
0.0
11
239.339244
21
349.512895
31
0.0
0
LINE
8
HIDDEN
10
239.339244
20
349.565064
30
0.0
11
239.139244
21
349.563786
31
0.0
0
LINE
8
HIDDEN
10
239.139244
20
349.563786
30
0.0
11
239.139244
21
349.627682
31
0.0
0
LINE
8
HIDDEN
10
287.339244
20
347.123238
30
0.0
11
239.139244
21
349.627682
31
0.0
0
LINE
8
HIDDEN
10
287.339244
20
347.410343
30
0.0
11
239.139244
21
349.887861
31
0.0
0
LINE
8
HIDDEN
10
239.139244
20
349.627682
30
0.0
11
239.139244
21
349.887861
31
0.0
0
LINE
8
HIDDEN
10
287.339244
20
347.810568
30
0.0
11
239.139244
21
350.250549
31
0.0
0
LINE
8
HIDDEN
10
239.139244
20
349.887861
30
0.0
11
239.139244
21
350.250549
31
0.0
0
LINE
8
HIDDEN
10
239.139244
20
350.250549
30
0.0
11
239.139244
21
350.439782
31
0.0
0
LINE
8
HIDDEN
10
239.139244
20
350.439782
30
0.0
11
239.339244
21
350.395095
31
0.0
0
LINE
8
HIDDEN
10
239.339244
20
350.549600
30
0.0
11
239.339244
21
350.395095
31
0.0
0
LINE
8
HIDDEN
10
239.339244
20
350.549600
30
0.0
11
239.139244
21
350.524963
31
0.0
0
LINE
8
HIDDEN
10
239.139244
20
350.524963
30
0.0
11
239.139244
21
350.714195
31
0.0
0
LINE
8
HIDDEN
10
287.339244
20
348.322198
30
0.0
11
239.139244
21
350.714195
31
0.0
0
LINE
8
HIDDEN
10
287.339244
20
348.943042
30
0.0
11
239.139244
21
351.276813
31
0.0
0
LINE
8
HIDDEN
10
239.139244
20
350.714195
30
0.0
11
239.139244
21
351.276813
31
0.0
0
LINE
8
HIDDEN
10
287.339244
20
349.670443
30
0.0
11
239.139244
21
351.935993
31
0.0
0
LINE
8
HIDDEN
10
239.139244
20
351.276813
30
0.0
11
239.139244
21
351.935993
31
0.0
0
LINE
8
HIDDEN
10
239.139244
20
351.935993
30
0.0
11
239.139244
21
352.243290
31
0.0
0
LINE
8
HIDDEN
10
239.139244
20
352.243290
30
0.0
11
239.339244
21
352.177763
31
0.0
0
LINE
8
HIDDEN
10
239.339244
20
352.428665
30
0.0
11
239.339244
21
352.177763
31
0.0
0
LINE
8
HIDDEN
10
239.339244
20
352.428665
30
0.0
11
239.139244
21
352.381617
31
0.0
0
LINE
8
HIDDEN
10
239.139244
20
352.381617
30
0.0
11
239.139244
21
352.688913
31
0.0
0
LINE
8
HIDDEN
10
287.339244
20
350.501286
30
0.0
11
239.139244
21
352.688913
31
0.0
0
LINE
8
HIDDEN
10
287.339244
20
351.432011
30
0.0
11
239.139244
21
353.532349
31
0.0
0
LINE
8
HIDDEN
10
239.139244
20
352.688913
30
0.0
11
239.139244
21
353.532349
31
0.0
0
LINE
8
HIDDEN
10
287.339244
20
352.458635
30
0.0
11
239.139244
21
354.462689
31
0.0
0
LINE
8
HIDDEN
10
239.139244
20
353.532349
30
0.0
11
239.139244
21
354.462689
31
0.0
0
LINE
8
HIDDEN
10
239.139244
20
354.462689
30
0.0
11
239.139244
21
354.876241
31
0.0
0
LINE
8
HIDDEN
10
239.139244
20
354.876241
30
0.0
11
239.339244
21
354.792393
31
0.0
0
LINE
8
HIDDEN
10
239.339244
20
355.130050
30
0.0
11
239.339244
21
354.792393
31
0.0
0
LINE
8
HIDDEN
10
239.339244
20
355.130050
30
0.0
11
239.139244
21
355.062398
31
0.0
0
LINE
8
HIDDEN
10
239.139244
20
355.062398
30
0.0
11
239.139244
21
355.475949
31
0.0
0
LINE
8
HIDDEN
10
287.339244
20
353.576760
30
0.0
11
239.139244
21
355.475949
31
0.0
0
LINE
8
HIDDEN
10
287.339244
20
354.781600
30
0.0
11
239.139244
21
356.567790
31
0.0
0
LINE
8
HIDDEN
10
239.139244
20
355.475949
30
0.0
11
239.139244
21
356.567790
31
0.0
0
LINE
8
HIDDEN
10
287.339244
20
356.067994
30
0.0
11
239.139244
21
357.733537
31
0.0
0
LINE
8
HIDDEN
10
239.139244
20
356.567790
30
0.0
11
239.139244
21
357.733537
31
0.0
0
LINE
8
HIDDEN
10
239.139244
20
357.733537
30
0.0
11
239.139244
21
358.237451
31
0.0
0
LINE
8
HIDDEN
10
239.139244
20
358.237451
30
0.0
11
239.339244
21
358.138504
31
0.0
0
LINE
8
HIDDEN
10
239.339244
20
358.549940
30
0.0
11
239.339244
21
358.138504
31
0.0
0
LINE
8
HIDDEN
10
239.339244
20
358.549940
30
0.0
11
239.139244
21
358.464284
31
0.0
0
LINE
8
HIDDEN
10
239.139244
20
358.464284
30
0.0
11
239.139244
21
358.968198
31
0.0
0
LINE
8
HIDDEN
10
287.339244
20
357.430433
30
0.0
11
239.139244
21
358.968198
31
0.0
0
LINE
8
HIDDEN
10
287.339244
20
358.863085
30
0.0
11
239.139244
21
360.266486
31
0.0
0
LINE
8
HIDDEN
10
239.139244
20
358.968198
30
0.0
11
239.139244
21
360.266486
31
0.0
0
LINE
8
HIDDEN
10
287.339244
20
360.359814
30
0.0
11
239.139244
21
361.622841
31
0.0
0
LINE
8
HIDDEN
10
239.139244
20
360.266486
30
0.0
11
239.139244
21
361.622841
31
0.0
0
LINE
8
HIDDEN
10
239.139244
20
361.622841
30
0.0
11
239.139244
21
362.197753
31
0.0
0
LINE
8
HIDDEN
10
239.139244
20
362.197753
30
0.0
11
239.339244
21
362.087508
31
0.0
0
LINE
8
HIDDEN
10
239.339244
20
362.556912
30
0.0
11
239.339244
21
362.087508
31
0.0
0
LINE
8
HIDDEN
10
239.339244
20
362.556912
30
0.0
11
239.139244
21
362.456544
31
0.0
0
LINE
8
HIDDEN
10
239.139244
20
362.456544
30
0.0
11
239.139244
21
363.031456
31
0.0
0
LINE
8
HIDDEN
10
287.339244
20
361.914210
30
0.0
11
239.139244
21
363.031456
31
0.0
0
LINE
8
HIDDEN
10
287.339244
20
363.519618
30
0.0
11
239.139244
21
364.486298
31
0.0
0
LINE
8
HIDDEN
10
239.139244
20
363.031456
30
0.0
11
239.139244
21
364.486298
31
0.0
0
LINE
8
HIDDEN
10
239.139244
20
364.486298
30
0.0
11
239.139244
21
365.981137
31
0.0
0
LINE
8
HIDDEN
10
242.939244
20
417.576814
30
0.0
11
242.339244
21
418.326814
31
0.0
0
LINE
8
HIDDEN
10
242.339244
20
418.326814
30
0.0
11
240.379244
21
422.246814
31
0.0
0
LINE
8
HIDDEN
10
239.339244
20
368.024498
30
0.0
11
239.339244
21
369.453196
31
0.0
0
LINE
8
HIDDEN
10
239.339244
20
367.556380
30
0.0
11
239.339244
21
368.024498
31
0.0
0
LINE
8
HIDDEN
10
239.139244
20
367.559312
30
0.0
11
239.139244
21
367.091915
31
0.0
0
LINE
8
HIDDEN
10
239.339248
20
367.088764
30
0.0
11
239.139244
21
367.091915
31
0.0
0
LINE
8
HIDDEN
10
239.339244
20
366.620647
30
0.0
11
239.339244
21
367.088764
31
0.0
0
LINE
8
HIDDEN
10
239.339244
20
365.247653
30
0.0
11
239.339244
21
366.620647
31
0.0
0
LINE
8
HIDDEN
10
239.339244
20
363.911397
30
0.0
11
239.339244
21
365.247653
31
0.0
0
LINE
8
HIDDEN
10
239.339244
20
363.479978
30
0.0
11
239.339244
21
363.911397
31
0.0
0
LINE
8
HIDDEN
10
239.139244
20
363.484815
30
0.0
11
239.339248
21
363.479978
31
0.0
0
LINE
8
HIDDEN
10
239.139244
20
363.484815
30
0.0
11
239.139244
21
363.054059
31
0.0
0
LINE
8
HIDDEN
10
239.339248
20
363.049020
30
0.0
11
239.139244
21
363.054059
31
0.0
0
LINE
8
HIDDEN
10
239.339244
20
362.617600
30
0.0
11
239.339244
21
363.049020
31
0.0
0
LINE
8
HIDDEN
10
239.339244
20
361.371803
30
0.0
11
239.339244
21
362.617600
31
0.0
0
LINE
8
HIDDEN
10
239.339244
20
360.179340
30
0.0
11
239.339244
21
361.371803
31
0.0
0
LINE
8
HIDDEN
10
239.339244
20
359.801198
30
0.0
11
239.339244
21
360.179340
31
0.0
0
LINE
8
HIDDEN
10
239.139244
20
359.807755
30
0.0
11
239.339248
21
359.801198
31
0.0
0
LINE
8
HIDDEN
10
239.139244
20
359.807755
30
0.0
11
239.139244
21
359.430195
31
0.0
0
LINE
8
HIDDEN
10
239.339248
20
359.423460
30
0.0
11
239.139244
21
359.430195
31
0.0
0
LINE
8
HIDDEN
10
239.339244
20
359.045318
30
0.0
11
239.339244
21
359.423460
31
0.0
0
LINE
8
HIDDEN
10
243.339244
20
358.907099
30
0.0
11
239.339244
21
359.045318
31
0.0
0
LINE
8
HIDDEN
10
239.339244
20
357.974592
30
0.0
11
239.339244
21
359.045318
31
0.0
0
LINE
8
HIDDEN
10
243.339244
20
357.826361
30
0.0
11
239.339244
21
357.974592
31
0.0
0
LINE
8
HIDDEN
10
239.339244
20
356.971748
30
0.0
11
239.339244
21
357.974592
31
0.0
0
LINE
8
HIDDEN
10
243.339244
20
356.814139
30
0.0
11
239.339244
21
356.971748
31
0.0
0
LINE
8
HIDDEN
10
239.339244
20
356.661415
30
0.0
11
239.339244
21
356.971748
31
0.0
0
LINE
8
HIDDEN
10
239.139244
20
356.669440
30
0.0
11
239.339248
21
356.661415
31
0.0
0
LINE
8
HIDDEN
10
239.139244
20
356.669440
30
0.0
11
239.139244
21
356.359584
31
0.0
0
LINE
8
HIDDEN
10
239.339248
20
356.351413
30
0.0
11
239.139244
21
356.359584
31
0.0
0
LINE
8
HIDDEN
10
239.339244
20
356.041080
30
0.0
11
239.339244
21
356.351414
31
0.0
0
LINE
8
HIDDEN
10
239.443145
20
356.036760
30
0.0
11
239.339244
21
356.041080
31
0.0
0
LINE
8
HIDDEN
10
239.339244
20
355.186573
30
0.0
11
239.339244
21
356.041080
31
0.0
0
LINE
8
HIDDEN
10
239.339244
20
354.411887
30
0.0
11
239.339244
21
355.186573
31
0.0
0
LINE
8
HIDDEN
10
239.339244
20
354.181288
30
0.0
11
239.339244
21
354.411887
31
0.0
0
LINE
8
HIDDEN
10
239.139244
20
354.190473
30
0.0
11
239.339248
21
354.181288
31
0.0
0
LINE
8
HIDDEN
10
239.139244
20
354.190473
30
0.0
11
239.139244
21
353.960229
31
0.0
0
LINE
8
HIDDEN
10
239.339248
20
353.950936
30
0.0
11
239.139244
21
353.960229
31
0.0
0
LINE
8
HIDDEN
10
239.339244
20
353.720338
30
0.0
11
239.339244
21
353.950937
31
0.0
0
LINE
8
HIDDEN
10
239.339244
20
353.114888
30
0.0
11
239.339244
21
353.720338
31
0.0
0
LINE
8
HIDDEN
10
239.339244
20
352.598130
30
0.0
11
239.339244
21
353.114888
31
0.0
0
LINE
8
HIDDEN
10
239.339244
20
352.456128
30
0.0
11
239.339244
21
352.598130
31
0.0
0
LINE
8
HIDDEN
10
239.139244
20
352.466120
30
0.0
11
239.339248
21
352.456128
31
0.0
0
LINE
8
HIDDEN
10
239.139244
20
352.466120
30
0.0
11
239.139244
21
352.324336
31
0.0
0
LINE
8
HIDDEN
10
239.339248
20
352.314278
30
0.0
11
239.139244
21
352.324336
31
0.0
0
LINE
8
HIDDEN
10
239.339244
20
352.172277
30
0.0
11
239.339244
21
352.314278
31
0.0
0
LINE
8
HIDDEN
10
239.339244
20
351.839151
30
0.0
11
239.339244
21
352.172277
31
0.0
0
LINE
8
HIDDEN
10
239.339244
20
351.600180
30
0.0
11
239.339244
21
351.839151
31
0.0
0
LINE
8
HIDDEN
10
239.339244
20
351.552232
30
0.0
11
239.339244
21
351.600180
31
0.0
0
LINE
8
HIDDEN
10
239.139244
20
351.562646
30
0.0
11
239.339248
21
351.552232
31
0.0
0
LINE
8
HIDDEN
10
239.139244
20
351.562646
30
0.0
11
239.139244
21
351.514772
31
0.0
0
LINE
8
HIDDEN
10
239.339248
20
351.504335
30
0.0
11
239.139244
21
351.514772
31
0.0
0
LINE
8
HIDDEN
10
239.339244
20
351.456387
30
0.0
11
239.339244
21
351.504335
31
0.0
0
LINE
8
HIDDEN
10
239.339244
20
351.408387
30
0.0
11
239.339244
21
351.456387
31
0.0
0
LINE
8
HIDDEN
10
287.339244
20
348.892814
30
0.0
11
239.339244
21
351.408387
31
0.0
0
LINE
8
HIDDEN
10
239.002266
20
426.795732
30
0.0
11
234.047778
21
428.087635
31
0.0
0
LINE
8
HIDDEN
10
239.339244
20
425.152049
30
0.0
11
234.047778
21
426.637853
31
0.0
0
LINE
8
HIDDEN
10
238.939244
20
428.310450
30
0.0
11
234.047778
21
429.484953
31
0.0
0
LINE
8
HIDDEN
10
238.939244
20
427.026814
30
0.0
11
238.939244
21
428.310450
31
0.0
0
LINE
8
HIDDEN
10
238.939244
20
428.310450
30
0.0
11
238.939244
21
429.750939
31
0.0
0
LINE
8
HIDDEN
10
238.939244
20
429.750939
30
0.0
11
238.939244
21
431.125673
31
0.0
0
LINE
8
HIDDEN
10
238.939244
20
431.125673
30
0.0
11
238.939244
21
432.427054
31
0.0
0
LINE
8
HIDDEN
10
238.939244
20
432.427054
30
0.0
11
238.939244
21
433.004313
31
0.0
0
LINE
8
HIDDEN
10
238.939244
20
433.004313
30
0.0
11
238.939244
21
435.813915
31
0.0
0
LINE
8
HIDDEN
10
238.939244
20
434.866824
30
0.0
11
238.939244
21
435.813915
31
0.0
0
LINE
8
HIDDEN
10
238.939244
20
433.513545
30
0.0
11
238.939244
21
434.866824
31
0.0
0
LINE
8
HIDDEN
10
238.939244
20
432.072279
30
0.0
11
238.939244
21
433.513545
31
0.0
0
LINE
8
HIDDEN
10
238.939244
20
430.551110
30
0.0
11
238.939244
21
432.072279
31
0.0
0
LINE
8
HIDDEN
10
238.939244
20
428.958572
30
0.0
11
238.939244
21
430.551110
31
0.0
0
LINE
8
HIDDEN
10
238.939244
20
427.303598
30
0.0
11
238.939244
21
428.958572
31
0.0
0
LINE
8
HIDDEN
10
238.939244
20
428.958572
30
0.0
11
235.330938
21
429.600749
31
0.0
0
LINE
8
HIDDEN
10
235.330938
20
429.600749
30
0.0
11
234.039701
21
429.494364
31
0.0
0
LINE
8
HIDDEN
10
239.339244
20
423.555606
30
0.0
11
234.047778
21
425.143038
31
0.0
0
LINE
8
HIDDEN
10
239.339244
20
365.247653
30
0.0
11
234.047778
21
365.353777
31
0.0
0
LINE
8
HIDDEN
10
239.339244
20
365.247653
30
0.0
11
239.339244
21
367.088764
31
0.0
0
LINE
8
HIDDEN
10
239.139244
20
367.091915
30
0.0
11
239.139244
21
367.322131
31
0.0
0
LINE
8
HIDDEN
10
234.047778
20
363.389566
30
0.0
11
234.047778
21
365.353777
31
0.0
0
LINE
8
HIDDEN
10
239.339244
20
362.316047
30
0.0
11
236.512131
21
362.629279
31
0.0
0
LINE
8
HIDDEN
10
236.512131
20
362.629279
30
0.0
11
234.047778
21
363.389566
31
0.0
0
LINE
8
HIDDEN
10
239.339244
20
362.556912
30
0.0
11
239.339244
21
362.316047
31
0.0
0
LINE
8
HIDDEN
10
239.139244
20
362.456544
30
0.0
11
239.139244
21
364.488540
31
0.0
0
LINE
8
HIDDEN
10
239.139244
20
350.539438
30
0.0
11
239.139244
21
352.640627
31
0.0
0
LINE
8
HIDDEN
10
239.139244
20
349.424729
30
0.0
11
239.139244
21
349.535024
31
0.0
0
LINE
8
HIDDEN
10
239.139244
20
349.432674
30
0.0
11
239.139244
21
349.424729
31
0.0
0
LINE
8
HIDDEN
10
239.139244
20
349.536983
30
0.0
11
239.139244
21
349.432674
31
0.0
0
LINE
8
HIDDEN
10
239.139244
20
349.849018
30
0.0
11
239.139244
21
349.536983
31
0.0
0
LINE
8
HIDDEN
10
239.139244
20
350.366110
30
0.0
11
239.139244
21
349.849018
31
0.0
0
LINE
8
HIDDEN
10
239.139244
20
350.539438
30
0.0
11
239.139244
21
350.366110
31
0.0
0
LINE
8
HIDDEN
10
239.339244
20
349.525969
30
0.0
11
236.602187
21
350.149183
31
0.0
0
LINE
8
HIDDEN
10
236.602187
20
350.149183
30
0.0
11
234.047778
21
351.792317
31
0.0
0
LINE
8
HIDDEN
10
234.047778
20
351.685701
30
0.0
11
234.047778
21
351.792317
31
0.0
0
LINE
8
HIDDEN
10
239.139244
20
349.424729
30
0.0
11
236.437077
21
350.105668
31
0.0
0
LINE
8
HIDDEN
10
236.437077
20
350.105668
30
0.0
11
234.047778
21
351.685701
31
0.0
0
LINE
8
HIDDEN
10
239.339244
20
349.525969
30
0.0
11
239.339244
21
349.512895
31
0.0
0
LINE
8
HIDDEN
10
239.339244
20
349.565064
30
0.0
11
239.339244
21
349.525969
31
0.0
0
LINE
8
HIDDEN
10
239.139244
20
349.893608
30
0.0
11
236.413317
21
350.571822
31
0.0
0
LINE
8
HIDDEN
10
236.413317
20
350.571822
30
0.0
11
234.047778
21
352.111136
31
0.0
0
LINE
8
HIDDEN
10
234.047778
20
351.792317
30
0.0
11
234.047778
21
352.111136
31
0.0
0
LINE
8
HIDDEN
10
239.139244
20
349.563786
30
0.0
11
239.139244
21
349.893608
31
0.0
0
LINE
8
HIDDEN
10
239.139244
20
349.893608
30
0.0
11
239.139244
21
350.439782
31
0.0
0
LINE
8
HIDDEN
10
239.339244
20
350.459836
30
0.0
11
236.553597
21
351.078705
31
0.0
0
LINE
8
HIDDEN
10
236.553597
20
351.078705
30
0.0
11
234.047778
21
352.639090
31
0.0
0
LINE
8
HIDDEN
10
234.047778
20
352.111136
30
0.0
11
234.047778
21
352.639090
31
0.0
0
LINE
8
HIDDEN
10
239.339244
20
350.459836
30
0.0
11
239.339244
21
350.395095
31
0.0
0
LINE
8
HIDDEN
10
239.339244
20
350.549600
30
0.0
11
239.339244
21
350.459836
31
0.0
0
LINE
8
HIDDEN
10
239.139244
20
351.282227
30
0.0
11
236.338746
21
351.952233
31
0.0
0
LINE
8
HIDDEN
10
236.338746
20
351.952233
30
0.0
11
234.047778
21
353.371093
31
0.0
0
LINE
8
HIDDEN
10
234.047778
20
352.639090
30
0.0
11
234.047778
21
353.371093
31
0.0
0
LINE
8
HIDDEN
10
239.139244
20
350.524963
30
0.0
11
239.139244
21
351.282227
31
0.0
0
LINE
8
HIDDEN
10
239.139244
20
351.282227
30
0.0
11
239.139244
21
352.243290
31
0.0
0
LINE
8
HIDDEN
10
239.339244
20
352.291684
30
0.0
11
236.449446
21
352.901811
31
0.0
0
LINE
8
HIDDEN
10
236.449446
20
352.901811
30
0.0
11
234.047778
21
354.300096
31
0.0
0
LINE
8
HIDDEN
10
234.047778
20
353.371093
30
0.0
11
234.047778
21
354.300096
31
0.0
0
LINE
8
HIDDEN
10
239.339244
20
352.291684
30
0.0
11
239.339244
21
352.177763
31
0.0
0
LINE
8
HIDDEN
10
239.339244
20
352.428665
30
0.0
11
239.339244
21
352.291684
31
0.0
0
LINE
8
HIDDEN
10
239.139244
20
353.537222
30
0.0
11
236.202246
21
354.193365
31
0.0
0
LINE
8
HIDDEN
10
236.202246
20
354.193365
30
0.0
11
234.047778
21
355.417151
31
0.0
0
LINE
8
HIDDEN
10
234.047778
20
354.300096
30
0.0
11
234.047778
21
355.417151
31
0.0
0
LINE
8
HIDDEN
10
239.139244
20
352.381617
30
0.0
11
239.139244
21
353.537222
31
0.0
0
LINE
8
HIDDEN
10
239.139244
20
353.537222
30
0.0
11
239.139244
21
354.876241
31
0.0
0
LINE
8
HIDDEN
10
239.339244
20
354.951115
30
0.0
11
236.273032
21
355.547851
31
0.0
0
LINE
8
HIDDEN
10
236.273032
20
355.547851
30
0.0
11
234.047778
21
356.711502
31
0.0
0
LINE
8
HIDDEN
10
234.047778
20
355.417151
30
0.0
11
234.047778
21
356.711502
31
0.0
0
LINE
8
HIDDEN
10
239.339244
20
354.951115
30
0.0
11
239.339244
21
354.792393
31
0.0
0
LINE
8
HIDDEN
10
239.339244
20
355.130050
30
0.0
11
239.339244
21
354.951115
31
0.0
0
LINE
8
HIDDEN
10
239.139244
20
356.571934
30
0.0
11
235.980135
21
357.207964
31
0.0
0
LINE
8
HIDDEN
10
235.980135
20
357.207964
30
0.0
11
234.047778
21
358.170683
31
0.0
0
LINE
8
HIDDEN
10
234.047778
20
356.711502
30
0.0
11
234.047778
21
358.170683
31
0.0
0
LINE
8
HIDDEN
10
239.139244
20
355.062398
30
0.0
11
239.139244
21
356.571934
31
0.0
0
LINE
8
HIDDEN
10
239.139244
20
356.571934
30
0.0
11
239.139244
21
358.237451
31
0.0
0
LINE
8
HIDDEN
10
239.339244
20
358.335928
30
0.0
11
235.989953
21
358.913719
31
0.0
0
LINE
8
HIDDEN
10
235.989953
20
358.913719
30
0.0
11
234.047778
21
359.780641
31
0.0
0
LINE
8
HIDDEN
10
234.047778
20
358.170683
30
0.0
11
234.047778
21
359.780641
31
0.0
0
LINE
8
HIDDEN
10
239.339244
20
358.335928
30
0.0
11
239.339244
21
358.138504
31
0.0
0
LINE
8
HIDDEN
10
239.339244
20
358.549940
30
0.0
11
239.339244
21
358.335928
31
0.0
0
LINE
8
HIDDEN
10
239.139244
20
360.269742
30
0.0
11
235.623010
21
360.877622
31
0.0
0
LINE
8
HIDDEN
10
235.623010
20
360.877622
30
0.0
11
234.047778
21
361.525871
31
0.0
0
LINE
8
HIDDEN
10
234.047778
20
359.780641
30
0.0
11
234.047778
21
361.525871
31
0.0
0
LINE
8
HIDDEN
10
239.139244
20
358.464284
30
0.0
11
239.139244
21
360.269742
31
0.0
0
LINE
8
HIDDEN
10
239.139244
20
360.269742
30
0.0
11
239.139244
21
362.197753
31
0.0
0
LINE
8
HIDDEN
10
234.047778
20
361.525871
30
0.0
11
234.047778
21
363.389566
31
0.0
0
LINE
8
HIDDEN
10
239.339244
20
362.316047
30
0.0
11
239.339244
21
362.087508
31
0.0
0
LINE
8
HIDDEN
10
239.339244
20
363.479978
30
0.0
11
239.339244
21
365.247653
31
0.0
0
LINE
8
HIDDEN
10
239.139244
20
363.263782
30
0.0
11
234.047778
21
363.389566
31
0.0
0
LINE
8
HIDDEN
10
239.139244
20
363.263782
30
0.0
11
239.139244
21
363.484815
31
0.0
0
LINE
8
HIDDEN
10
239.139244
20
363.054059
30
0.0
11
239.139244
21
363.263782
31
0.0
0
LINE
8
HIDDEN
10
239.339244
20
361.371803
30
0.0
11
234.047778
21
361.525871
31
0.0
0
LINE
8
HIDDEN
10
239.339244
20
361.371803
30
0.0
11
239.339244
21
363.049020
31
0.0
0
LINE
8
HIDDEN
10
239.339244
20
359.801198
30
0.0
11
239.339244
21
361.371803
31
0.0
0
LINE
8
HIDDEN
10
239.139244
20
359.611364
30
0.0
11
234.047778
21
359.780641
31
0.0
0
LINE
8
HIDDEN
10
239.139244
20
359.611364
30
0.0
11
239.139244
21
359.807755
31
0.0
0
LINE
8
HIDDEN
10
239.139244
20
359.430195
30
0.0
11
239.139244
21
359.611364
31
0.0
0
LINE
8
HIDDEN
10
239.339244
20
357.974592
30
0.0
11
234.047778
21
358.170683
31
0.0
0
LINE
8
HIDDEN
10
239.339244
20
357.974592
30
0.0
11
239.339244
21
359.423460
31
0.0
0
LINE
8
HIDDEN
10
239.339244
20
356.661415
30
0.0
11
239.339244
21
357.974592
31
0.0
0
LINE
8
HIDDEN
10
239.139244
20
356.505238
30
0.0
11
234.047778
21
356.711502
31
0.0
0
LINE
8
HIDDEN
10
239.139244
20
356.505238
30
0.0
11
239.139244
21
356.669440
31
0.0
0
LINE
8
HIDDEN
10
239.139244
20
356.359584
30
0.0
11
239.139244
21
356.505238
31
0.0
0
LINE
8
HIDDEN
10
239.339244
20
355.186573
30
0.0
11
234.047778
21
355.417151
31
0.0
0
LINE
8
HIDDEN
10
239.339244
20
355.186573
30
0.0
11
239.339244
21
356.351414
31
0.0
0
LINE
8
HIDDEN
10
239.339244
20
354.181288
30
0.0
11
239.339244
21
355.186573
31
0.0
0
LINE
8
HIDDEN
10
239.139244
20
354.064771
30
0.0
11
234.047778
21
354.300096
31
0.0
0
LINE
8
HIDDEN
10
239.139244
20
354.064771
30
0.0
11
239.139244
21
354.190473
31
0.0
0
LINE
8
HIDDEN
10
239.139244
20
353.960229
30
0.0
11
239.139244
21
354.064771
31
0.0
0
LINE
8
HIDDEN
10
239.339244
20
353.114888
30
0.0
11
234.047778
21
353.371093
31
0.0
0
LINE
8
HIDDEN
10
239.339244
20
353.114888
30
0.0
11
239.339244
21
353.950937
31
0.0
0
LINE
8
HIDDEN
10
239.339244
20
352.456128
30
0.0
11
239.339244
21
353.114888
31
0.0
0
LINE
8
HIDDEN
10
239.139244
20
352.383747
30
0.0
11
234.047778
21
352.639090
31
0.0
0
LINE
8
HIDDEN
10
239.139244
20
352.383747
30
0.0
11
239.139244
21
352.466120
31
0.0
0
LINE
8
HIDDEN
10
239.139244
20
352.324336
30
0.0
11
239.139244
21
352.383747
31
0.0
0
LINE
8
HIDDEN
10
239.339244
20
351.839151
30
0.0
11
234.047778
21
352.111136
31
0.0
0
LINE
8
HIDDEN
10
239.339244
20
351.839151
30
0.0
11
239.339244
21
352.314278
31
0.0
0
LINE
8
HIDDEN
10
239.339244
20
351.552232
30
0.0
11
239.339244
21
351.839151
31
0.0
0
LINE
8
HIDDEN
10
239.139244
20
351.526769
30
0.0
11
234.047778
21
351.792317
31
0.0
0
LINE
8
HIDDEN
10
239.139244
20
351.526769
30
0.0
11
239.139244
21
351.562646
31
0.0
0
LINE
8
HIDDEN
10
239.139244
20
351.514772
30
0.0
11
239.139244
21
351.526769
31
0.0
0
LINE
8
HIDDEN
10
239.339244
20
351.408387
30
0.0
11
234.047778
21
351.685701
31
0.0
0
LINE
8
HIDDEN
10
239.339244
20
351.426814
30
0.0
11
239.339244
21
351.408387
31
0.0
0
LINE
8
HIDDEN
10
239.339244
20
351.426814
30
0.0
11
239.339244
21
351.522596
31
0.0
0
LINE
8
HIDDEN
10
239.339244
20
351.522596
30
0.0
11
239.339244
21
351.809123
31
0.0
0
LINE
8
HIDDEN
10
239.339244
20
351.809123
30
0.0
11
239.339244
21
352.283944
31
0.0
0
LINE
8
HIDDEN
10
239.339244
20
352.283944
30
0.0
11
239.339244
21
352.594602
31
0.0
0
LINE
8
HIDDEN
10
238.939244
20
429.750939
30
0.0
11
234.047778
21
430.822644
31
0.0
0
LINE
8
HIDDEN
10
238.939244
20
431.125673
30
0.0
11
234.047778
21
432.093850
31
0.0
0
LINE
8
HIDDEN
10
238.939244
20
432.427054
30
0.0
11
234.047778
21
433.292053
31
0.0
0
LINE
8
HIDDEN
10
239.339244
20
433.585475
30
0.0
11
234.047778
21
434.411111
31
0.0
0
LINE
8
HIDDEN
10
239.339248
20
433.007922
30
0.0
11
238.939244
21
433.004313
31
0.0
0
LINE
8
HIDDEN
10
239.339244
20
433.007922
30
0.0
11
239.339244
21
433.585475
31
0.0
0
LINE
8
HIDDEN
10
239.339244
20
435.829517
30
0.0
11
239.339244
21
433.007922
31
0.0
0
LINE
8
HIDDEN
10
239.339244
20
435.829517
30
0.0
11
238.939244
21
435.813915
31
0.0
0
LINE
8
HIDDEN
10
239.339244
20
436.332504
30
0.0
11
235.436550
21
435.997312
31
0.0
0
LINE
8
HIDDEN
10
235.436550
20
435.997312
30
0.0
11
234.042873
21
435.449981
31
0.0
0
LINE
8
HIDDEN
10
238.939244
20
434.866824
30
0.0
11
235.541326
21
434.905323
31
0.0
0
LINE
8
HIDDEN
10
235.541326
20
434.905323
30
0.0
11
234.042300
21
434.416650
31
0.0
0
LINE
8
HIDDEN
10
239.339244
20
436.332504
30
0.0
11
239.339244
21
435.829517
31
0.0
0
LINE
8
HIDDEN
10
238.939244
20
433.513545
30
0.0
11
235.707794
21
433.718155
31
0.0
0
LINE
8
HIDDEN
10
235.707794
20
433.718155
30
0.0
11
234.041696
21
433.298490
31
0.0
0
LINE
8
HIDDEN
10
238.939244
20
432.072279
30
0.0
11
236.305433
21
432.423264
31
0.0
0
LINE
8
HIDDEN
10
236.305433
20
432.423264
30
0.0
11
234.041062
21
432.101235
31
0.0
0
LINE
8
HIDDEN
10
238.939244
20
430.551110
30
0.0
11
236.628987
21
430.969642
31
0.0
0
LINE
8
HIDDEN
10
236.628987
20
430.969642
30
0.0
11
234.040396
21
430.831023
31
0.0
0
LINE
8
HIDDEN
10
239.139244
20
352.640627
30
0.0
11
239.139244
21
352.826814
31
0.0
0
LINE
8
HIDDEN
10
239.339244
20
352.283944
30
0.0
11
234.047778
21
352.283944
31
0.0
0
LINE
8
HIDDEN
10
239.339244
20
352.942999
30
0.0
11
234.047778
21
352.942999
31
0.0
0
LINE
8
HIDDEN
10
239.339244
20
352.826814
30
0.0
11
239.339244
21
352.942999
31
0.0
0
LINE
8
HIDDEN
10
234.337588
20
351.426814
30
0.0
11
234.047778
21
351.685701
31
0.0
0
LINE
8
HIDDEN
10
238.987643
20
349.439164
30
0.0
11
236.303513
21
350.166161
31
0.0
0
LINE
8
HIDDEN
10
236.303513
20
350.166161
30
0.0
11
234.337588
21
351.426814
31
0.0
0
LINE
8
HIDDEN
10
234.337588
20
351.426814
30
0.0
11
234.047778
21
351.426814
31
0.0
0
LINE
8
HIDDEN
10
239.339244
20
351.408387
30
0.0
11
234.047778
21
351.685701
31
0.0
0
LINE
8
HIDDEN
10
239.339244
20
351.426814
30
0.0
11
234.337588
21
351.426814
31
0.0
0
LINE
8
HIDDEN
10
239.339244
20
351.522596
30
0.0
11
234.047778
21
351.522596
31
0.0
0
LINE
8
HIDDEN
10
239.339244
20
351.809123
30
0.0
11
234.047778
21
351.809123
31
0.0
0
LINE
8
HIDDEN
10
239.339244
20
434.727139
30
0.0
11
234.047778
21
435.445285
31
0.0
0
LINE
8
HIDDEN
10
239.339244
20
433.585475
30
0.0
11
239.339244
21
434.727139
31
0.0
0
LINE
8
HIDDEN
10
239.339244
20
352.942999
30
0.0
11
239.339244
21
353.780652
31
0.0
0
LINE
8
HIDDEN
10
239.339244
20
353.780652
30
0.0
11
239.339244
21
354.789738
31
0.0
0
LINE
8
HIDDEN
10
239.339244
20
354.789738
30
0.0
11
239.339244
21
355.961630
31
0.0
0
LINE
8
HIDDEN
10
239.339244
20
355.961630
30
0.0
11
239.339244
21
357.286303
31
0.0
0
LINE
8
HIDDEN
10
239.339244
20
357.286303
30
0.0
11
239.339244
21
358.752430
31
0.0
0
LINE
8
HIDDEN
10
239.339244
20
358.752430
30
0.0
11
239.339244
21
360.347473
31
0.0
0
LINE
8
HIDDEN
10
239.339244
20
360.347473
30
0.0
11
239.339244
21
362.057791
31
0.0
0
LINE
8
HIDDEN
10
239.339244
20
362.057791
30
0.0
11
239.339244
21
363.868757
31
0.0
0
LINE
8
HIDDEN
10
239.339244
20
363.868757
30
0.0
11
239.339244
21
365.764884
31
0.0
0
LINE
8
HIDDEN
10
239.339244
20
365.764884
30
0.0
11
239.339244
21
367.729956
31
0.0
0
LINE
8
HIDDEN
10
239.339244
20
367.729956
30
0.0
11
239.339244
21
369.747168
31
0.0
0
LINE
8
HIDDEN
10
239.339244
20
369.747168
30
0.0
11
239.339244
21
371.799270
31
0.0
0
LINE
8
HIDDEN
10
239.339244
20
371.799270
30
0.0
11
239.339244
21
373.868710
31
0.0
0
LINE
8
HIDDEN
10
239.339244
20
373.868710
30
0.0
11
239.339244
21
375.937793
31
0.0
0
LINE
8
HIDDEN
10
239.339244
20
375.937793
30
0.0
11
239.339244
21
377.988822
31
0.0
0
LINE
8
HIDDEN
10
239.339244
20
377.988822
30
0.0
11
239.339244
21
380.004259
31
0.0
0
LINE
8
HIDDEN
10
239.339244
20
380.004259
30
0.0
11
239.339244
21
381.966865
31
0.0
0
LINE
8
HIDDEN
10
239.339244
20
381.966865
30
0.0
11
239.339244
21
383.859859
31
0.0
0
LINE
8
HIDDEN
10
239.339244
20
383.859859
30
0.0
11
239.339244
21
385.667050
31
0.0
0
LINE
8
HIDDEN
10
239.339244
20
385.667050
30
0.0
11
239.339244
21
387.372984
31
0.0
0
LINE
8
HIDDEN
10
239.339244
20
387.372984
30
0.0
11
239.339244
21
388.963071
31
0.0
0
LINE
8
HIDDEN
10
239.339244
20
388.963071
30
0.0
11
239.339244
21
390.423714
31
0.0
0
LINE
8
HIDDEN
10
239.339244
20
390.423714
30
0.0
11
239.339244
21
391.742421
31
0.0
0
LINE
8
HIDDEN
10
239.339244
20
391.742421
30
0.0
11
239.339244
21
392.907914
31
0.0
0
LINE
8
HIDDEN
10
239.339244
20
392.907914
30
0.0
11
239.339244
21
436.907914
31
0.0
0
LINE
8
HIDDEN
10
239.339244
20
437.728685
30
0.0
11
239.339244
21
436.907914
31
0.0
0
LINE
8
HIDDEN
10
239.339244
20
438.438921
30
0.0
11
239.339244
21
437.728685
31
0.0
0
LINE
8
HIDDEN
10
239.339244
20
439.034676
30
0.0
11
239.339244
21
438.438921
31
0.0
0
LINE
8
HIDDEN
10
239.339244
20
439.512642
30
0.0
11
239.339244
21
439.034676
31
0.0
0
LINE
8
HIDDEN
10
239.339244
20
439.870164
30
0.0
11
239.339244
21
439.512642
31
0.0
0
LINE
8
HIDDEN
10
239.339244
20
440.105257
30
0.0
11
239.339244
21
439.870164
31
0.0
0
LINE
8
HIDDEN
10
239.339244
20
440.216615
30
0.0
11
239.339244
21
440.105257
31
0.0
0
LINE
8
HIDDEN
10
239.339244
20
440.203620
30
0.0
11
239.339244
21
440.216615
31
0.0
0
LINE
8
HIDDEN
10
239.339244
20
440.066347
30
0.0
11
239.339244
21
440.203620
31
0.0
0
LINE
8
HIDDEN
10
239.339244
20
439.805560
30
0.0
11
239.339244
21
440.066347
31
0.0
0
LINE
8
HIDDEN
10
239.339244
20
439.422708
30
0.0
11
239.339244
21
439.805560
31
0.0
0
LINE
8
HIDDEN
10
239.339244
20
438.919921
30
0.0
11
239.339244
21
439.422708
31
0.0
0
LINE
8
HIDDEN
10
239.339244
20
438.299994
30
0.0
11
239.339244
21
438.919921
31
0.0
0
LINE
8
HIDDEN
10
239.339244
20
437.566373
30
0.0
11
239.339244
21
438.299994
31
0.0
0
LINE
8
HIDDEN
10
239.339244
20
436.723135
30
0.0
11
239.339244
21
437.566373
31
0.0
0
LINE
8
HIDDEN
10
239.339244
20
435.774967
30
0.0
11
239.339244
21
436.723135
31
0.0
0
LINE
8
HIDDEN
10
239.339244
20
434.727139
30
0.0
11
239.339244
21
435.774967
31
0.0
0
LINE
8
HIDDEN
10
239.339244
20
437.460332
30
0.0
11
239.339244
21
436.332504
31
0.0
0
LINE
8
HIDDEN
10
239.339244
20
438.480146
30
0.0
11
239.339244
21
437.460332
31
0.0
0
LINE
8
HIDDEN
10
239.339244
20
439.386337
30
0.0
11
239.339244
21
438.480146
31
0.0
0
LINE
8
HIDDEN
10
239.339244
20
440.173917
30
0.0
11
239.339244
21
439.386337
31
0.0
0
LINE
8
HIDDEN
10
239.339244
20
440.838556
30
0.0
11
239.339244
21
440.173917
31
0.0
0
LINE
8
HIDDEN
10
239.339244
20
441.376595
30
0.0
11
239.339244
21
440.838556
31
0.0
0
LINE
8
HIDDEN
10
239.339244
20
441.785076
30
0.0
11
239.339244
21
441.376595
31
0.0
0
LINE
8
HIDDEN
10
239.339244
20
442.061750
30
0.0
11
239.339244
21
441.785076
31
0.0
0
LINE
8
HIDDEN
10
239.339244
20
442.205097
30
0.0
11
239.339244
21
442.061750
31
0.0
0
LINE
8
HIDDEN
10
239.339244
20
442.214326
30
0.0
11
239.339244
21
442.205097
31
0.0
0
LINE
8
HIDDEN
10
239.339244
20
437.460332
30
0.0
11
236.756706
21
437.277650
31
0.0
0
LINE
8
HIDDEN
10
236.756706
20
437.277650
30
0.0
11
234.043415
21
436.393183
31
0.0
0
LINE
8
HIDDEN
10
239.339244
20
435.774967
30
0.0
11
234.047778
21
436.389272
31
0.0
0
LINE
8
HIDDEN
10
239.339244
20
353.780652
30
0.0
11
234.047778
21
353.780652
31
0.0
0
LINE
8
HIDDEN
10
239.339244
20
354.789738
30
0.0
11
234.047778
21
354.789738
31
0.0
0
LINE
8
HIDDEN
10
239.339244
20
355.961630
30
0.0
11
234.047778
21
355.961630
31
0.0
0
LINE
8
HIDDEN
10
239.339244
20
357.286303
30
0.0
11
234.047778
21
357.286303
31
0.0
0
LINE
8
HIDDEN
10
239.339244
20
358.752430
30
0.0
11
234.047778
21
358.752430
31
0.0
0
LINE
8
HIDDEN
10
239.339244
20
360.347473
30
0.0
11
234.047778
21
360.347473
31
0.0
0
LINE
8
HIDDEN
10
239.339244
20
362.057791
30
0.0
11
234.047778
21
362.057791
31
0.0
0
LINE
8
HIDDEN
10
239.339244
20
363.868757
30
0.0
11
234.047778
21
363.868757
31
0.0
0
LINE
8
HIDDEN
10
239.339244
20
365.764884
30
0.0
11
234.047778
21
365.764884
31
0.0
0
LINE
8
HIDDEN
10
239.339244
20
367.729956
30
0.0
11
234.047778
21
367.729956
31
0.0
0
LINE
8
HIDDEN
10
239.339244
20
369.747168
30
0.0
11
234.047778
21
369.747168
31
0.0
0
LINE
8
HIDDEN
10
239.339244
20
371.799270
30
0.0
11
234.047778
21
371.799270
31
0.0
0
LINE
8
HIDDEN
10
239.339244
20
373.868710
30
0.0
11
234.047778
21
373.868710
31
0.0
0
LINE
8
HIDDEN
10
239.339244
20
375.937793
30
0.0
11
234.047778
21
375.937793
31
0.0
0
LINE
8
HIDDEN
10
239.339244
20
377.988822
30
0.0
11
234.047778
21
377.988822
31
0.0
0
LINE
8
HIDDEN
10
239.339244
20
380.004259
30
0.0
11
234.047778
21
380.004259
31
0.0
0
LINE
8
HIDDEN
10
239.339244
20
381.966865
30
0.0
11
234.047778
21
381.966865
31
0.0
0
LINE
8
HIDDEN
10
239.339244
20
383.859859
30
0.0
11
234.047778
21
383.859859
31
0.0
0
LINE
8
HIDDEN
10
239.339244
20
385.667050
30
0.0
11
234.047778
21
385.667050
31
0.0
0
LINE
8
HIDDEN
10
239.339244
20
387.372984
30
0.0
11
234.047778
21
387.372984
31
0.0
0
LINE
8
HIDDEN
10
239.339244
20
388.963071
30
0.0
11
234.047778
21
388.963071
31
0.0
0
LINE
8
HIDDEN
10
239.339244
20
390.423714
30
0.0
11
234.047778
21
390.423714
31
0.0
0
LINE
8
HIDDEN
10
239.339244
20
391.742421
30
0.0
11
234.047778
21
391.742421
31
0.0
0
LINE
8
HIDDEN
10
239.339244
20
392.907914
30
0.0
11
234.047778
21
392.907914
31
0.0
0
LINE
8
HIDDEN
10
239.339244
20
436.907914
30
0.0
11
234.047778
21
436.907914
31
0.0
0
LINE
8
HIDDEN
10
239.339244
20
437.728685
30
0.0
11
234.047778
21
437.698099
31
0.0
0
LINE
8
HIDDEN
10
239.339244
20
438.438921
30
0.0
11
234.047745
21
438.386512
31
0.0
0
LINE
8
HIDDEN
10
239.339244
20
439.034676
30
0.0
11
234.047681
21
438.969626
31
0.0
0
LINE
8
HIDDEN
10
239.339244
20
439.512642
30
0.0
11
234.047584
21
439.444454
31
0.0
0
LINE
8
HIDDEN
10
239.339244
20
439.870164
30
0.0
11
234.047455
21
439.808565
31
0.0
0
LINE
8
HIDDEN
10
239.339244
20
440.105257
30
0.0
11
234.047293
21
440.060095
31
0.0
0
LINE
8
HIDDEN
10
239.339244
20
440.216615
30
0.0
11
237.433692
21
440.209825
31
0.0
0
LINE
8
HIDDEN
10
237.433692
20
440.209825
30
0.0
11
234.047100
21
440.197758
31
0.0
0
LINE
8
HIDDEN
10
234.046875
20
440.220853
30
0.0
11
234.046618
21
440.220808
31
0.0
0
LINE
8
HIDDEN
10
239.339244
20
440.203620
30
0.0
11
237.433692
21
440.209825
31
0.0
0
LINE
8
HIDDEN
10
237.433692
20
440.209825
30
0.0
11
234.046875
21
440.220853
31
0.0
0
LINE
8
HIDDEN
10
234.046818
20
440.211283
30
0.0
11
234.046875
21
440.220853
31
0.0
0
LINE
8
HIDDEN
10
239.339244
20
440.066347
30
0.0
11
234.047083
21
440.129259
31
0.0
0
LINE
8
HIDDEN
10
239.339244
20
439.805560
30
0.0
11
234.047293
21
439.923446
31
0.0
0
LINE
8
HIDDEN
10
239.339244
20
439.422708
30
0.0
11
234.047456
21
439.604472
31
0.0
0
LINE
8
HIDDEN
10
239.339244
20
438.919921
30
0.0
11
234.047584
21
439.173975
31
0.0
0
LINE
8
HIDDEN
10
239.339244
20
438.299994
30
0.0
11
234.047677
21
438.634164
31
0.0
0
LINE
8
HIDDEN
10
239.339244
20
437.566373
30
0.0
11
234.047737
21
437.987811
31
0.0
0
LINE
8
HIDDEN
10
239.339244
20
436.723135
30
0.0
11
234.047764
21
437.238232
31
0.0
0
LINE
8
HIDDEN
10
239.339244
20
438.480146
30
0.0
11
236.219093
21
438.160348
31
0.0
0
LINE
8
HIDDEN
10
236.219093
20
438.160348
30
0.0
11
234.043926
21
437.241419
31
0.0
0
LINE
8
HIDDEN
10
239.339244
20
439.386337
30
0.0
11
235.714077
21
438.848884
31
0.0
0
LINE
8
HIDDEN
10
235.714077
20
438.848884
30
0.0
11
234.044405
21
437.990337
31
0.0
0
LINE
8
HIDDEN
10
239.339244
20
440.173917
30
0.0
11
235.571458
21
439.503878
31
0.0
0
LINE
8
HIDDEN
10
235.571458
20
439.503878
30
0.0
11
234.044853
21
438.636093
31
0.0
0
LINE
8
HIDDEN
10
239.339244
20
440.838556
30
0.0
11
235.467207
21
440.049179
31
0.0
0
LINE
8
HIDDEN
10
235.467207
20
440.049179
30
0.0
11
234.045270
21
439.175372
31
0.0
0
LINE
8
HIDDEN
10
239.339244
20
441.376595
30
0.0
11
237.524033
21
441.175574
31
0.0
0
LINE
8
HIDDEN
10
237.524033
20
441.175574
30
0.0
11
234.045655
21
439.605407
31
0.0
0
LINE
8
HIDDEN
10
239.339244
20
441.785076
30
0.0
11
237.085198
21
441.486328
31
0.0
0
LINE
8
HIDDEN
10
237.085198
20
441.486328
30
0.0
11
234.046008
21
439.923986
31
0.0
0
LINE
8
HIDDEN
10
239.339244
20
442.061750
30
0.0
11
236.529795
21
441.577505
31
0.0
0
LINE
8
HIDDEN
10
236.529795
20
441.577505
30
0.0
11
234.046329
21
440.129473
31
0.0
0
LINE
8
HIDDEN
10
239.339244
20
442.205097
30
0.0
11
236.796915
21
441.796212
31
0.0
0
LINE
8
HIDDEN
10
239.339244
20
356.219809
30
0.0
11
239.339244
21
356.031692
31
0.0
0
LINE
8
HIDDEN
10
239.339244
20
356.031692
30
0.0
11
239.339244
21
356.219809
31
0.0
0
LINE
8
HIDDEN
10
239.339244
20
356.219809
30
0.0
11
239.339244
21
357.026814
31
0.0
0
LINE
8
HIDDEN
10
239.339244
20
357.026814
30
0.0
11
239.339244
21
358.626814
31
0.0
0
LINE
8
HIDDEN
10
239.339244
20
358.626814
30
0.0
11
239.339244
21
359.621936
31
0.0
0
LINE
8
HIDDEN
10
239.339244
20
359.621936
30
0.0
11
239.339244
21
358.626814
31
0.0
0
LINE
8
HIDDEN
10
239.339244
20
358.626814
30
0.0
11
239.339244
21
357.826814
31
0.0
0
LINE
8
HIDDEN
10
239.339244
20
357.826814
30
0.0
11
239.339244
21
357.026814
31
0.0
0
LINE
8
HIDDEN
10
239.339244
20
357.026814
30
0.0
11
239.339244
21
356.219809
31
0.0
0
LINE
8
HIDDEN
10
243.339244
20
357.826814
30
0.0
11
243.339244
21
356.226814
31
0.0
0
LINE
8
HIDDEN
10
243.339244
20
359.426814
30
0.0
11
243.339244
21
357.826814
31
0.0
0
LINE
8
HIDDEN
10
239.339244
20
373.626814
30
0.0
11
239.339244
21
372.826814
31
0.0
0
LINE
8
HIDDEN
10
239.339244
20
372.826814
30
0.0
11
239.339244
21
372.026814
31
0.0
0
LINE
8
HIDDEN
10
239.339244
20
372.026814
30
0.0
11
239.339244
21
371.219809
31
0.0
0
LINE
8
HIDDEN
10
239.339244
20
371.219809
30
0.0
11
239.339244
21
371.031692
31
0.0
0
LINE
8
HIDDEN
10
239.339244
20
371.031692
30
0.0
11
239.339244
21
371.219809
31
0.0
0
LINE
8
HIDDEN
10
239.339244
20
371.219809
30
0.0
11
239.339244
21
372.026814
31
0.0
0
LINE
8
HIDDEN
10
239.339244
20
372.026814
30
0.0
11
239.339244
21
373.626814
31
0.0
0
LINE
8
HIDDEN
10
239.339244
20
373.626814
30
0.0
11
239.339244
21
374.433818
31
0.0
0
LINE
8
HIDDEN
10
239.339244
20
374.433818
30
0.0
11
239.339244
21
374.621936
31
0.0
0
LINE
8
HIDDEN
10
239.339244
20
374.621936
30
0.0
11
239.339244
21
374.433818
31
0.0
0
LINE
8
HIDDEN
10
239.339244
20
374.433818
30
0.0
11
239.339244
21
373.626814
31
0.0
0
LINE
8
HIDDEN
10
243.339244
20
372.826814
30
0.0
11
243.339244
21
371.226814
31
0.0
0
LINE
8
HIDDEN
10
243.339244
20
374.426814
30
0.0
11
243.339244
21
372.826814
31
0.0
0
LINE
8
HIDDEN
10
239.339244
20
372.026814
30
0.0
11
239.339244
21
371.219809
31
0.0
0
LINE
8
HIDDEN
10
239.339244
20
371.219809
30
0.0
11
239.339244
21
371.031692
31
0.0
0
LINE
8
HIDDEN
10
239.339244
20
371.031692
30
0.0
11
239.339244
21
371.219809
31
0.0
0
LINE
8
HIDDEN
10
239.339244
20
371.219809
30
0.0
11
239.339244
21
372.026814
31
0.0
0
LINE
8
HIDDEN
10
239.339244
20
372.026814
30
0.0
11
239.339244
21
373.626814
31
0.0
0
LINE
8
HIDDEN
10
239.339244
20
373.626814
30
0.0
11
239.339244
21
374.433818
31
0.0
0
LINE
8
HIDDEN
10
239.339244
20
374.433818
30
0.0
11
239.339244
21
374.621936
31
0.0
0
LINE
8
HIDDEN
10
239.339244
20
374.621936
30
0.0
11
239.339244
21
374.433818
31
0.0
0
LINE
8
HIDDEN
10
239.339244
20
374.433818
30
0.0
11
239.339244
21
373.626814
31
0.0
0
LINE
8
HIDDEN
10
239.339244
20
373.626814
30
0.0
11
239.339244
21
372.826814
31
0.0
0
LINE
8
HIDDEN
10
239.339244
20
372.826814
30
0.0
11
239.339244
21
372.026814
31
0.0
0
LINE
8
HIDDEN
10
243.339244
20
372.826814
30
0.0
11
243.339244
21
371.226814
31
0.0
0
LINE
8
HIDDEN
10
243.339244
20
374.426814
30
0.0
11
243.339244
21
372.826814
31
0.0
0
LINE
8
HIDDEN
10
239.339244
20
389.026814
30
0.0
11
239.339244
21
388.031692
31
0.0
0
LINE
8
HIDDEN
10
239.339244
20
388.031692
30
0.0
11
239.339244
21
389.026814
31
0.0
0
LINE
8
HIDDEN
10
239.339244
20
389.026814
30
0.0
11
239.339244
21
390.626814
31
0.0
0
LINE
8
HIDDEN
10
239.339244
20
390.626814
30
0.0
11
239.339244
21
391.433818
31
0.0
0
LINE
8
HIDDEN
10
239.339244
20
391.433818
30
0.0
11
239.339244
21
391.621936
31
0.0
0
LINE
8
HIDDEN
10
239.339244
20
391.621936
30
0.0
11
239.339244
21
391.433818
31
0.0
0
LINE
8
HIDDEN
10
239.339244
20
391.433818
30
0.0
11
239.339244
21
390.626814
31
0.0
0
LINE
8
HIDDEN
10
239.339244
20
390.626814
30
0.0
11
239.339244
21
389.826814
31
0.0
0
LINE
8
HIDDEN
10
239.339244
20
389.826814
30
0.0
11
239.339244
21
389.026814
31
0.0
0
LINE
8
HIDDEN
10
243.339244
20
389.826814
30
0.0
11
243.339244
21
388.226814
31
0.0
0
LINE
8
HIDDEN
10
243.339244
20
391.426814
30
0.0
11
243.339244
21
389.826814
31
0.0
0
LINE
8
HIDDEN
10
238.339244
20
373.826814
30
0.0
11
233.339244
21
373.826814
31
0.0
0
LINE
8
HIDDEN
10
238.339244
20
417.826814
30
0.0
11
233.339244
21
417.826814
31
0.0
0
LINE
8
HIDDEN
10
236.339244
20
373.826814
30
0.0
11
231.339244
21
373.826814
31
0.0
0
LINE
8
HIDDEN
10
236.339244
20
417.826814
30
0.0
11
231.339244
21
417.826814
31
0.0
0
LINE
8
HIDDEN
10
242.939244
20
373.826814
30
0.0
11
238.339244
21
373.826814
31
0.0
0
LINE
8
HIDDEN
10
242.939244
20
417.826814
30
0.0
11
238.339244
21
417.826814
31
0.0
0
LINE
8
HIDDEN
10
242.939244
20
373.826814
30
0.0
11
236.339244
21
373.826814
31
0.0
0
LINE
8
HIDDEN
10
242.939244
20
417.826814
30
0.0
11
236.339244
21
417.826814
31
0.0
0
LINE
8
HIDDEN
10
243.339244
20
357.826814
30
0.0
11
239.339244
21
357.826814
31
0.0
0
LINE
8
HIDDEN
10
243.339244
20
372.826814
30
0.0
11
239.339244
21
372.826814
31
0.0
0
LINE
8
HIDDEN
10
243.339244
20
372.826814
30
0.0
11
239.339244
21
372.826814
31
0.0
0
LINE
8
HIDDEN
10
243.339244
20
389.826814
30
0.0
11
239.339244
21
389.826814
31
0.0
0
LINE
8
HIDDEN
10
239.339244
20
359.726814
30
0.0
11
234.047778
21
359.726814
31
0.0
0
LINE
8
HIDDEN
10
238.339244
20
366.556814
30
0.0
11
234.047778
21
366.556814
31
0.0
0
LINE
8
HIDDEN
10
238.339244
20
381.096814
30
0.0
11
234.047778
21
381.096814
31
0.0
0
LINE
8
HIDDEN
10
238.339244
20
410.556814
30
0.0
11
234.047778
21
410.556814
31
0.0
0
LINE
8
HIDDEN
10
238.339244
20
425.096814
30
0.0
11
234.047778
21
425.096814
31
0.0
0
LINE
8
HIDDEN
10
239.339244
20
387.926814
30
0.0
11
234.047778
21
387.926814
31
0.0
0
LINE
8
HIDDEN
10
236.339244
20
368.456814
30
0.0
11
231.339244
21
368.456814
31
0.0
0
LINE
8
HIDDEN
10
236.339244
20
379.196814
30
0.0
11
231.339244
21
379.196814
31
0.0
0
LINE
8
HIDDEN
10
236.339244
20
412.456814
30
0.0
11
231.339244
21
412.456814
31
0.0
0
LINE
8
HIDDEN
10
236.339244
20
423.196814
30
0.0
11
231.339244
21
423.196814
31
0.0
0
LINE
8
HIDDEN
10
239.339244
20
369.406814
30
0.0
11
238.339244
21
369.406814
31
0.0
0
LINE
8
HIDDEN
10
239.339244
20
378.246814
30
0.0
11
238.339244
21
378.246814
31
0.0
0
LINE
8
HIDDEN
10
239.339244
20
413.406814
30
0.0
11
238.339244
21
413.406814
31
0.0
0
LINE
8
HIDDEN
10
239.339244
20
422.246814
30
0.0
11
238.339244
21
422.246814
31
0.0
0
LINE
8
HIDDEN
10
242.939244
20
376.273325
30
0.0
11
236.339244
21
376.580302
31
0.0
0
LINE
8
HIDDEN
10
242.939244
20
371.380302
30
0.0
11
236.339244
21
371.073325
31
0.0
0
LINE
8
HIDDEN
10
242.939244
20
420.273325
30
0.0
11
236.339244
21
420.580302
31
0.0
0
LINE
8
HIDDEN
10
242.939244
20
415.380302
30
0.0
11
236.339244
21
415.073325
31
0.0
0
LINE
8
HIDDEN
10
243.339244
20
374.426814
30
0.0
11
239.339244
21
374.621936
31
0.0
0
LINE
8
HIDDEN
10
243.339244
20
371.226814
30
0.0
11
239.339244
21
371.031692
31
0.0
0
LINE
8
HIDDEN
10
242.939244
20
374.446326
30
0.0
11
239.339244
21
374.621936
31
0.0
0
LINE
8
HIDDEN
10
242.939244
20
371.207302
30
0.0
11
239.339244
21
371.031692
31
0.0
0
LINE
8
VISIBLE
10
415.325478
20
174.181818
30
0.0
11
415.418230
21
176.185631
31
0.0
0
LINE
8
VISIBLE
10
415.418230
20
176.185631
30
0.0
11
415.122210
21
176.185631
31
0.0
0
LINE
8
VISIBLE
10
415.048014
20
172.195142
30
0.0
11
415.325478
21
174.181818
31
0.0
0
LINE
8
VISIBLE
10
415.418230
20
176.185631
30
0.0
11
415.122210
21
176.185631
31
0.0
0
LINE
8
VISIBLE
10
414.588212
20
170.242591
30
0.0
11
415.048014
21
172.195142
31
0.0
0
LINE
8
VISIBLE
10
415.122210
20
176.185631
30
0.0
11
415.122210
21
220.385631
31
0.0
0
LINE
8
VISIBLE
10
413.950003
20
168.340866
30
0.0
11
414.588212
21
170.242591
31
0.0
0
LINE
8
VISIBLE
10
413.138846
20
166.506229
30
0.0
11
413.950003
21
168.340866
31
0.0
0
LINE
8
VISIBLE
10
412.161677
20
164.754369
30
0.0
11
413.138846
21
166.506229
31
0.0
0
LINE
8
VISIBLE
10
411.026854
20
163.100270
30
0.0
11
412.161677
21
164.754369
31
0.0
0
LINE
8
VISIBLE
10
409.744080
20
161.558076
30
0.0
11
411.026854
21
163.100270
31
0.0
0
LINE
8
VISIBLE
10
408.324327
20
160.140976
30
0.0
11
409.744080
21
161.558076
31
0.0
0
LINE
8
VISIBLE
10
406.779737
20
158.861089
30
0.0
11
408.324327
21
160.140976
31
0.0
0
LINE
8
VISIBLE
10
405.123517
20
157.729362
30
0.0
11
406.779737
21
158.861089
31
0.0
0
LINE
8
VISIBLE
10
403.369833
20
156.755471
30
0.0
11
405.123517
21
157.729362
31
0.0
0
LINE
8
VISIBLE
10
401.533682
20
155.947747
30
0.0
11
403.369833
21
156.755471
31
0.0
0
LINE
8
VISIBLE
10
399.630766
20
155.313096
30
0.0
11
401.533682
21
155.947747
31
0.0
0
LINE
8
VISIBLE
10
397.677360
20
154.856947
30
0.0
11
399.630766
21
155.313096
31
0.0
0
LINE
8
VISIBLE
10
415.122210
20
221.985631
30
0.0
11
415.122210
21
246.325631
31
0.0
0
LINE
8
VISIBLE
10
395.690168
20
154.583199
30
0.0
11
397.677360
21
154.856947
31
0.0
0
LINE
8
VISIBLE
10
415.122210
20
246.325631
30
0.0
11
415.019185
21
248.422752
31
0.0
0
LINE
8
VISIBLE
10
393.686185
20
154.494195
30
0.0
11
395.690168
21
154.583199
31
0.0
0
LINE
8
VISIBLE
10
415.019185
20
248.422752
30
0.0
11
414.711103
21
250.499677
31
0.0
0
LINE
8
VISIBLE
10
391.682549
20
154.590695
30
0.0
11
393.686185
21
154.494195
31
0.0
0
LINE
8
VISIBLE
10
414.711103
20
250.499677
30
0.0
11
414.200929
21
252.536404
31
0.0
0
LINE
8
VISIBLE
10
389.696394
20
154.871874
30
0.0
11
391.682549
21
154.590695
31
0.0
0
LINE
8
VISIBLE
10
414.200929
20
252.536404
30
0.0
11
413.493578
21
254.513317
31
0.0
0
LINE
8
VISIBLE
10
387.744708
20
155.335328
30
0.0
11
389.696394
21
154.871874
31
0.0
0
LINE
8
VISIBLE
10
413.493578
20
254.513317
30
0.0
11
412.595862
21
256.411378
31
0.0
0
LINE
8
VISIBLE
10
385.844179
20
155.977092
30
0.0
11
387.744708
21
155.335328
31
0.0
0
LINE
8
VISIBLE
10
412.595862
20
256.411378
30
0.0
11
411.516426
21
258.212309
31
0.0
0
LINE
8
VISIBLE
10
384.011063
20
156.791680
30
0.0
11
385.844179
21
155.977092
31
0.0
0
LINE
8
VISIBLE
10
411.516426
20
258.212309
30
0.0
11
410.265666
21
259.898764
31
0.0
0
LINE
8
VISIBLE
10
382.261034
20
157.772123
30
0.0
11
384.011063
21
156.791680
31
0.0
0
LINE
8
VISIBLE
10
410.265666
20
259.898764
30
0.0
11
408.855627
21
261.454502
31
0.0
0
LINE
8
VISIBLE
10
380.609060
20
158.910039
30
0.0
11
382.261034
21
157.772123
31
0.0
0
LINE
8
VISIBLE
10
408.855627
20
261.454502
30
0.0
11
407.299889
21
262.864541
31
0.0
0
LINE
8
VISIBLE
10
379.069268
20
160.195694
30
0.0
11
380.609060
21
158.910039
31
0.0
0
LINE
8
VISIBLE
10
407.299889
20
262.864541
30
0.0
11
405.613434
21
264.115301
31
0.0
0
LINE
8
VISIBLE
10
377.654826
20
161.618095
30
0.0
11
379.069268
21
160.195694
31
0.0
0
LINE
8
VISIBLE
10
405.613434
20
264.115301
30
0.0
11
403.812503
21
265.194737
31
0.0
0
LINE
8
VISIBLE
10
376.377830
20
163.165077
30
0.0
11
377.654826
21
161.618095
31
0.0
0
LINE
8
VISIBLE
10
403.812503
20
265.194737
30
0.0
11
401.914442
21
266.092453
31
0.0
0
LINE
8
VISIBLE
10
375.249203
20
164.823410
30
0.0
11
376.377830
21
163.165077
31
0.0
0
LINE
8
VISIBLE
10
401.914442
20
266.092453
30
0.0
11
399.937529
21
266.799804
31
0.0
0
LINE
8
VISIBLE
10
331.249203
20
236.377410
30
0.0
11
375.249203
21
164.823410
31
0.0
0
LINE
8
VISIBLE
10
399.937529
20
266.799804
30
0.0
11
397.900802
21
267.309978
31
0.0
0
LINE
8
VISIBLE
10
330.488882
20
237.718441
30
0.0
11
331.249203
21
236.377410
31
0.0
0
LINE
8
VISIBLE
10
397.900802
20
267.309978
30
0.0
11
395.823877
21
267.618060
31
0.0
0
LINE
8
VISIBLE
10
329.825726
20
239.110086
30
0.0
11
330.488882
21
237.718441
31
0.0
0
LINE
8
VISIBLE
10
395.823877
20
267.618060
30
0.0
11
395.526756
21
267.633224
31
0.0
0
LINE
8
VISIBLE
10
329.263084
20
240.545315
30
0.0
11
329.825726
21
239.110086
31
0.0
0
LINE
8
VISIBLE
10
328.803797
20
242.016881
30
0.0
11
329.263084
21
240.545315
31
0.0
0
LINE
8
VISIBLE
10
328.450186
20
243.517351
30
0.0
11
328.803797
21
242.016881
31
0.0
0
LINE
8
VISIBLE
10
328.204036
20
245.039146
30
0.0
11
328.450186
21
243.517351
31
0.0
0
LINE
8
VISIBLE
10
328.066591
20
246.574581
30
0.0
11
328.204036
21
245.039146
31
0.0
0
LINE
8
VISIBLE
10
328.038544
20
248.115900
30
0.0
11
328.066591
21
246.574581
31
0.0
0
LINE
8
VISIBLE
10
328.120038
20
249.655319
30
0.0
11
328.038544
21
248.115900
31
0.0
0
LINE
8
VISIBLE
10
328.310661
20
251.185062
30
0.0
11
328.120038
21
249.655319
31
0.0
0
LINE
8
VISIBLE
10
328.609449
20
252.697403
30
0.0
11
328.310661
21
251.185062
31
0.0
0
LINE
8
VISIBLE
10
329.014895
20
254.184704
30
0.0
11
328.609449
21
252.697403
31
0.0
0
LINE
8
VISIBLE
10
329.524949
20
255.639454
30
0.0
11
329.014895
21
254.184704
31
0.0
0
LINE
8
VISIBLE
10
330.137037
20
257.054304
30
0.0
11
329.524949
21
255.639454
31
0.0
0
LINE
8
VISIBLE
10
330.848066
20
258.422108
30
0.0
11
330.137037
21
257.054304
31
0.0
0
LINE
8
VISIBLE
10
331.654446
20
259.735959
30
0.0
11
330.848066
21
258.422108
31
0.0
0
LINE
8
VISIBLE
10
332.552103
20
260.989220
30
0.0
11
331.654446
21
259.735959
31
0.0
0
LINE
8
VISIBLE
10
333.536504
20
262.175561
30
0.0
11
332.552103
21
260.989220
31
0.0
0
LINE
8
VISIBLE
10
393.926756
20
267.714879
30
0.0
11
393.726756
21
267.725085
31
0.0
0
LINE
8
VISIBLE
10
334.602677
20
263.288991
30
0.0
11
333.536504
21
262.175561
31
0.0
0
LINE
8
VISIBLE
10
393.726756
20
267.725085
30
0.0
11
346.876395
21
269.243030
31
0.0
0
LINE
8
VISIBLE
10
335.745238
20
264.323887
30
0.0
11
334.602677
21
263.288991
31
0.0
0
LINE
8
VISIBLE
10
346.876395
20
269.243030
30
0.0
11
345.356350
21
268.986283
31
0.0
0
LINE
8
VISIBLE
10
336.958414
20
265.275020
30
0.0
11
335.745238
21
264.323887
31
0.0
0
LINE
8
VISIBLE
10
345.356350
20
268.986283
30
0.0
11
343.858380
21
268.622227
31
0.0
0
LINE
8
VISIBLE
10
338.236080
20
266.137588
30
0.0
11
336.958414
21
265.275020
31
0.0
0
LINE
8
VISIBLE
10
343.858380
20
268.622227
30
0.0
11
342.390048
21
268.152698
31
0.0
0
LINE
8
VISIBLE
10
339.571781
20
266.907234
30
0.0
11
338.236080
21
266.137588
31
0.0
0
LINE
8
VISIBLE
10
342.390048
20
268.152698
30
0.0
11
340.958773
21
267.580070
31
0.0
0
LINE
8
VISIBLE
10
340.958773
20
267.580070
30
0.0
11
339.571781
21
266.907234
31
0.0
0
LINE
8
VISIBLE
10
415.526756
20
220.385631
30
0.0
11
411.450125
21
220.385631
31
0.0
0
ARC
8
VISIBLE
10
409.726756
20
221.185631
30
0.0
40
1.900000
50
294.901062
51
335.098938
0
LINE
8
VISIBLE
10
410.526756
20
215.385631
30
0.0
11
410.526756
21
219.462262
31
0.0
0
LINE
8
VISIBLE
10
410.526756
20
215.385631
30
0.0
11
408.926756
21
215.385631
31
0.0
0
LINE
8
VISIBLE
10
408.926756
20
215.385631
30
0.0
11
408.926756
21
219.462262
31
0.0
0
ARC
8
VISIBLE
10
409.726756
20
221.185631
30
0.0
40
1.900000
50
114.901062
51
245.098938
0
LINE
8
VISIBLE
10
408.926756
20
222.909000
30
0.0
11
408.926756
21
226.985631
31
0.0
0
LINE
8
VISIBLE
10
410.526756
20
226.985631
30
0.0
11
408.926756
21
226.985631
31
0.0
0
LINE
8
VISIBLE
10
410.526756
20
222.909000
30
0.0
11
410.526756
21
226.985631
31
0.0
0
ARC
8
VISIBLE
10
409.726756
20
221.185631
30
0.0
40
1.900000
50
24.901062
51
65.098938
0
LINE
8
VISIBLE
10
415.526756
20
221.985631
30
0.0
11
411.450125
21
221.985631
31
0.0
0
LINE
8
VISIBLE
10
395.526756
20
265.463000
30
0.0
11
395.526756
21
268.656353
31
0.0
0
ARC
8
VISIBLE
10
394.726756
20
263.739631
30
0.0
40
1.900000
50
24.901062
51
65.098938
0
LINE
8
VISIBLE
10
400.526756
20
264.539631
30
0.0
11
396.450125
21
264.539631
31
0.0
0
LINE
8
VISIBLE
10
400.526756
20
262.939631
30
0.0
11
400.526756
21
264.539631
31
0.0
0
LINE
8
VISIBLE
10
400.526756
20
262.939631
30
0.0
11
396.450125
21
262.939631
31
0.0
0
ARC
8
VISIBLE
10
394.726756
20
263.739631
30
0.0
40
1.900000
50
294.901062
51
335.098938
0
LINE
8
VISIBLE
10
395.526756
20
257.939631
30
0.0
11
395.526756
21
262.016262
31
0.0
0
LINE
8
VISIBLE
10
395.526756
20
257.939631
30
0.0
11
393.926756
21
257.939631
31
0.0
0
LINE
8
VISIBLE
10
393.926756
20
257.939631
30
0.0
11
393.926756
21
262.016262
31
0.0
0
ARC
8
VISIBLE
10
394.726756
20
263.739631
30
0.0
40
1.900000
50
204.901062
51
245.098938
0
LINE
8
VISIBLE
10
393.003387
20
262.939631
30
0.0
11
388.926756
21
262.939631
31
0.0
0
LINE
8
VISIBLE
10
388.926756
20
262.939631
30
0.0
11
388.926756
21
264.539631
31
0.0
0
LINE
8
VISIBLE
10
393.003387
20
264.539631
30
0.0
11
388.926756
21
264.539631
31
0.0
0
ARC
8
VISIBLE
10
394.726756
20
263.739631
30
0.0
40
1.900000
50
114.901062
51
155.098938
0
LINE
8
VISIBLE
10
393.926756
20
265.463000
30
0.0
11
393.926756
21
268.737868
31
0.0
0
CIRCLE
8
VISIBLE
10
393.726756
20
176.185631
30
0.0
40
7.270000
0
CIRCLE
8
VISIBLE
10
349.726756
20
247.739631
30
0.0
40
7.270000
0
ARC
8
VISIBLE
10
394.726756
20
231.739631
30
0.0
40
1.900000
50
24.901062
51
65.098938
0
LINE
8
VISIBLE
10
395.526756
20
233.463000
30
0.0
11
395.526756
21
237.539631
31
0.0
0
LINE
8
VISIBLE
10
400.526756
20
232.539631
30
0.0
11
396.450125
21
232.539631
31
0.0
0
LINE
8
VISIBLE
10
395.526756
20
237.539631
30
0.0
11
393.926756
21
237.539631
31
0.0
0
LINE
8
VISIBLE
10
400.526756
20
230.939631
30
0.0
11
400.526756
21
232.539631
31
0.0
0
LINE
8
VISIBLE
10
393.926756
20
233.463000
30
0.0
11
393.926756
21
237.539631
31
0.0
0
LINE
8
VISIBLE
10
400.526756
20
230.939631
30
0.0
11
396.450125
21
230.939631
31
0.0
0
ARC
8
VISIBLE
10
394.726756
20
231.739631
30
0.0
40
1.900000
50
114.901062
51
155.098938
0
ARC
8
VISIBLE
10
394.726756
20
231.739631
30
0.0
40
1.900000
50
294.901062
51
335.098938
0
LINE
8
VISIBLE
10
393.003387
20
232.539631
30
0.0
11
388.926756
21
232.539631
31
0.0
0
LINE
8
VISIBLE
10
395.526756
20
225.939631
30
0.0
11
395.526756
21
230.016262
31
0.0
0
LINE
8
VISIBLE
10
388.926756
20
230.939631
30
0.0
11
388.926756
21
232.539631
31
0.0
0
LINE
8
VISIBLE
10
395.526756
20
225.939631
30
0.0
11
393.926756
21
225.939631
31
0.0
0
LINE
8
VISIBLE
10
393.003387
20
230.939631
30
0.0
11
388.926756
21
230.939631
31
0.0
0
LINE
8
VISIBLE
10
393.926756
20
225.939631
30
0.0
11
393.926756
21
230.016262
31
0.0
0
ARC
8
VISIBLE
10
394.726756
20
231.739631
30
0.0
40
1.900000
50
204.901062
51
245.098938
0
ARC
8
VISIBLE
10
377.726756
20
221.185631
30
0.0
40
1.900000
50
294.901062
51
65.098938
0
LINE
8
VISIBLE
10
378.526756
20
215.385631
30
0.0
11
378.526756
21
219.462262
31
0.0
0
LINE
8
VISIBLE
10
378.526756
20
215.385631
30
0.0
11
376.926756
21
215.385631
31
0.0
0
LINE
8
VISIBLE
10
376.926756
20
215.385631
30
0.0
11
376.926756
21
219.462262
31
0.0
0
ARC
8
VISIBLE
10
377.726756
20
221.185631
30
0.0
40
1.900000
50
204.901062
51
245.098938
0
LINE
8
VISIBLE
10
376.003387
20
220.385631
30
0.0
11
371.926756
21
220.385631
31
0.0
0
LINE
8
VISIBLE
10
371.926756
20
220.385631
30
0.0
11
371.926756
21
221.985631
31
0.0
0
LINE
8
VISIBLE
10
376.003387
20
221.985631
30
0.0
11
371.926756
21
221.985631
31
0.0
0
ARC
8
VISIBLE
10
377.726756
20
221.185631
30
0.0
40
1.900000
50
114.901062
51
155.098938
0
LINE
8
VISIBLE
10
376.926756
20
222.909000
30
0.0
11
376.926756
21
226.985631
31
0.0
0
LINE
8
VISIBLE
10
378.526756
20
226.985631
30
0.0
11
376.926756
21
226.985631
31
0.0
0
LINE
8
VISIBLE
10
378.526756
20
222.909000
30
0.0
11
378.526756
21
226.985631
31
0.0
0
LINE
8
VISIBLE
10
415.526756
20
220.385631
30
0.0
11
415.526756
21
221.985631
31
0.0
0
LINE
8
VISIBLE
10
393.926756
20
268.460550
30
0.0
11
393.726756
21
268.470744
31
0.0
0
LINE
8
VISIBLE
10
395.896965
20
268.360128
30
0.0
11
395.526756
21
268.378998
31
0.0
0
LINE
8
VISIBLE
10
395.921943
20
268.613736
30
0.0
11
395.896965
21
268.360128
31
0.0
0
LINE
8
VISIBLE
10
395.669549
20
268.638595
30
0.0
11
395.670463
21
268.649032
31
0.0
0
LINE
8
VISIBLE
10
395.670463
20
268.649031
30
0.0
11
395.526756
21
268.656353
31
0.0
0
LINE
8
VISIBLE
10
393.726756
20
268.748058
30
0.0
11
393.726756
21
268.470744
31
0.0
0
LINE
8
VISIBLE
10
393.926756
20
268.737868
30
0.0
11
393.726756
21
268.748058
31
0.0
0
LINE
8
VISIBLE
10
393.726756
20
268.470744
30
0.0
11
347.297714
21
269.965249
31
0.0
0
LINE
8
VISIBLE
10
398.046273
20
268.041309
30
0.0
11
395.896965
21
268.360128
31
0.0
0
LINE
8
VISIBLE
10
397.242349
20
273.029207
30
0.0
11
395.488324
21
273.201963
31
0.0
0
LINE
8
VISIBLE
10
341.260089
20
270.600340
30
0.0
11
341.260089
21
272.436583
31
0.0
0
LINE
8
VISIBLE
10
398.100374
20
268.313294
30
0.0
11
398.046273
21
268.041309
31
0.0
0
LINE
8
VISIBLE
10
398.100374
20
268.313294
30
0.0
11
396.166122
21
268.600213
31
0.0
0
LINE
8
VISIBLE
10
396.166122
20
268.600213
30
0.0
11
396.164982
21
268.589799
31
0.0
0
LINE
8
VISIBLE
10
395.669549
20
268.638595
30
0.0
11
396.164982
21
268.589799
31
0.0
0
LINE
8
VISIBLE
10
395.357518
20
271.206246
30
0.0
11
395.192991
21
268.696058
31
0.0
0
LINE
8
VISIBLE
10
395.670463
20
268.649031
30
0.0
11
395.192991
21
268.696058
31
0.0
0
LINE
8
VISIBLE
10
396.652948
20
268.552265
30
0.0
11
396.166122
21
268.600213
31
0.0
0
LINE
8
VISIBLE
10
396.981296
20
271.046317
30
0.0
11
396.652948
21
268.552265
31
0.0
0
LINE
8
VISIBLE
10
395.357518
20
271.206246
30
0.0
11
396.981296
21
271.046317
31
0.0
0
LINE
8
VISIBLE
10
348.941533
20
270.119242
30
0.0
11
348.776653
21
270.106184
31
0.0
0
LINE
8
VISIBLE
10
393.726756
20
268.748058
30
0.0
11
348.941533
21
270.119242
31
0.0
0
CIRCLE
8
VISIBLE
10
393.726756
20
176.185631
30
0.0
40
4.420000
0
CIRCLE
8
VISIBLE
10
349.726756
20
247.739631
30
0.0
40
4.420000
0
CIRCLE
8
VISIBLE
10
393.726756
20
176.185631
30
0.0
40
2.446512
0
CIRCLE
8
VISIBLE
10
349.726756
20
247.739631
30
0.0
40
2.446512
0
LINE
8
VISIBLE
10
347.277080
20
269.999088
30
0.0
11
347.150501
21
269.979699
31
0.0
0
LINE
8
VISIBLE
10
348.941533
20
270.119242
30
0.0
11
347.277080
21
269.999088
31
0.0
0
LINE
8
VISIBLE
10
400.153982
20
267.513355
30
0.0
11
398.046273
21
268.041309
31
0.0
0
LINE
8
VISIBLE
10
398.981319
20
272.742102
30
0.0
11
397.242349
21
273.029207
31
0.0
0
LINE
8
VISIBLE
10
395.488324
20
273.201963
30
0.0
11
393.726756
21
273.259631
31
0.0
0
LINE
8
VISIBLE
10
420.660756
20
206.403813
30
0.0
11
420.660756
21
246.325631
31
0.0
0
LINE
8
VISIBLE
10
420.660756
20
246.325631
30
0.0
11
420.603088
21
248.087199
31
0.0
0
LINE
8
VISIBLE
10
420.603088
20
248.087199
30
0.0
11
420.430332
21
249.841224
31
0.0
0
LINE
8
VISIBLE
10
420.430332
20
249.841224
30
0.0
11
420.143227
21
251.580194
31
0.0
0
LINE
8
VISIBLE
10
420.143227
20
251.580194
30
0.0
11
419.743002
21
253.296663
31
0.0
0
LINE
8
VISIBLE
10
419.743002
20
253.296663
30
0.0
11
419.231372
21
254.983282
31
0.0
0
LINE
8
VISIBLE
10
419.231372
20
254.983282
30
0.0
11
418.610527
21
256.632827
31
0.0
0
LINE
8
VISIBLE
10
418.610527
20
256.632827
30
0.0
11
417.883127
21
258.238235
31
0.0
0
LINE
8
VISIBLE
10
417.883127
20
258.238235
30
0.0
11
417.052284
21
259.792631
31
0.0
0
LINE
8
VISIBLE
10
417.052284
20
259.792631
30
0.0
11
416.121559
21
261.289360
31
0.0
0
LINE
8
VISIBLE
10
416.121559
20
261.289360
30
0.0
11
415.094935
21
262.722012
31
0.0
0
LINE
8
VISIBLE
10
415.094935
20
262.722012
30
0.0
11
413.976810
21
264.084451
31
0.0
0
LINE
8
VISIBLE
10
413.976810
20
264.084451
30
0.0
11
412.771970
21
265.370845
31
0.0
0
LINE
8
VISIBLE
10
412.771970
20
265.370845
30
0.0
11
411.485576
21
266.575685
31
0.0
0
LINE
8
VISIBLE
10
411.485576
20
266.575685
30
0.0
11
410.123136
21
267.693810
31
0.0
0
LINE
8
VISIBLE
10
410.123136
20
267.693810
30
0.0
11
408.690485
21
268.720434
31
0.0
0
LINE
8
VISIBLE
10
408.690485
20
268.720434
30
0.0
11
407.193756
21
269.651159
31
0.0
0
LINE
8
VISIBLE
10
407.193756
20
269.651159
30
0.0
11
405.639360
21
270.482002
31
0.0
0
LINE
8
VISIBLE
10
405.639360
20
270.482002
30
0.0
11
404.033952
21
271.209403
31
0.0
0
LINE
8
VISIBLE
10
404.033952
20
271.209403
30
0.0
11
402.384407
21
271.830247
31
0.0
0
LINE
8
VISIBLE
10
402.384407
20
271.830247
30
0.0
11
400.697788
21
272.341877
31
0.0
0
LINE
8
VISIBLE
10
400.697788
20
272.341877
30
0.0
11
398.981319
21
272.742102
31
0.0
0
LINE
8
VISIBLE
10
393.726756
20
273.259631
30
0.0
11
382.460089
21
273.625334
31
0.0
0
LINE
8
VISIBLE
10
382.460089
20
271.628671
30
0.0
11
382.460089
21
273.625334
31
0.0
0
LINE
8
VISIBLE
10
382.460089
20
271.628671
30
0.0
11
393.726756
21
271.263631
31
0.0
0
LINE
8
VISIBLE
10
393.726756
20
271.263631
30
0.0
11
395.357518
21
271.206246
31
0.0
0
LINE
8
VISIBLE
10
396.981296
20
271.046317
30
0.0
11
398.591138
21
270.780531
31
0.0
0
LINE
8
VISIBLE
10
398.591138
20
270.780531
30
0.0
11
400.180150
21
270.410026
31
0.0
0
LINE
8
VISIBLE
10
400.180150
20
270.410026
30
0.0
11
401.741528
21
269.936387
31
0.0
0
LINE
8
VISIBLE
10
401.741528
20
269.936387
30
0.0
11
403.268585
21
269.361643
31
0.0
0
LINE
8
VISIBLE
10
403.268585
20
269.361643
30
0.0
11
404.754782
21
268.688256
31
0.0
0
LINE
8
VISIBLE
10
404.754782
20
268.688256
30
0.0
11
406.193756
21
267.919109
31
0.0
0
LINE
8
VISIBLE
10
406.193756
20
267.919109
30
0.0
11
407.579344
21
267.057495
31
0.0
0
LINE
8
VISIBLE
10
407.579344
20
267.057495
30
0.0
11
408.905614
21
266.107103
31
0.0
0
LINE
8
VISIBLE
10
408.905614
20
266.107103
30
0.0
11
410.166885
21
265.072005
31
0.0
0
LINE
8
VISIBLE
10
410.166885
20
265.072005
30
0.0
11
411.357757
21
263.956632
31
0.0
0
LINE
8
VISIBLE
10
411.357757
20
263.956632
30
0.0
11
412.473130
21
262.765760
31
0.0
0
LINE
8
VISIBLE
10
412.473130
20
262.765760
30
0.0
11
413.508228
21
261.504489
31
0.0
0
LINE
8
VISIBLE
10
413.508228
20
261.504489
30
0.0
11
414.458619
21
260.178219
31
0.0
0
LINE
8
VISIBLE
10
414.458619
20
260.178219
30
0.0
11
415.320234
21
258.792631
31
0.0
0
LINE
8
VISIBLE
10
415.320234
20
258.792631
30
0.0
11
416.089381
21
257.353657
31
0.0
0
LINE
8
VISIBLE
10
416.089381
20
257.353657
30
0.0
11
416.762768
21
255.867460
31
0.0
0
LINE
8
VISIBLE
10
416.762768
20
255.867460
30
0.0
11
417.337512
21
254.340403
31
0.0
0
LINE
8
VISIBLE
10
417.337512
20
254.340403
30
0.0
11
417.811151
21
252.779025
31
0.0
0
LINE
8
VISIBLE
10
417.811151
20
252.779025
30
0.0
11
418.181656
21
251.190013
31
0.0
0
LINE
8
VISIBLE
10
418.181656
20
251.190013
30
0.0
11
418.447442
21
249.580171
31
0.0
0
LINE
8
VISIBLE
10
418.447442
20
249.580171
30
0.0
11
418.607371
21
247.956393
31
0.0
0
LINE
8
VISIBLE
10
418.607371
20
247.956393
30
0.0
11
418.660756
21
246.325631
31
0.0
0
LINE
8
VISIBLE
10
418.660756
20
246.325631
30
0.0
11
418.660756
21
206.403813
31
0.0
0
LINE
8
VISIBLE
10
420.660756
20
206.403813
30
0.0
11
418.660756
21
206.403813
31
0.0
0
LINE
8
VISIBLE
10
341.260089
20
272.436583
30
0.0
11
342.726756
21
272.409939
31
0.0
0
LINE
8
VISIBLE
10
342.726756
20
272.409939
30
0.0
11
345.226756
21
272.370719
31
0.0
0
LINE
8
VISIBLE
10
345.226756
20
272.370719
30
0.0
11
349.226756
21
272.345699
31
0.0
0
LINE
8
VISIBLE
10
349.226756
20
272.345699
30
0.0
11
351.726756
21
272.369367
31
0.0
0
LINE
8
VISIBLE
10
354.726756
20
272.481622
30
0.0
11
351.726756
21
272.369367
31
0.0
0
LINE
8
VISIBLE
10
356.726756
20
272.626335
30
0.0
11
354.726756
21
272.481622
31
0.0
0
LINE
8
VISIBLE
10
358.226756
20
272.787278
30
0.0
11
356.726756
21
272.626335
31
0.0
0
LINE
8
VISIBLE
10
359.726756
20
272.948221
30
0.0
11
358.226756
21
272.787278
31
0.0
0
LINE
8
VISIBLE
10
360.726756
20
273.020578
30
0.0
11
359.726756
21
272.948221
31
0.0
0
LINE
8
VISIBLE
10
361.226756
20
273.109164
30
0.0
11
360.726756
21
273.020578
31
0.0
0
LINE
8
VISIBLE
10
361.726756
20
273.197750
30
0.0
11
361.226756
21
273.109164
31
0.0
0
LINE
8
VISIBLE
10
362.726756
20
273.270107
30
0.0
11
361.726756
21
273.197750
31
0.0
0
LINE
8
VISIBLE
10
363.226756
20
273.358693
30
0.0
11
362.726756
21
273.270107
31
0.0
0
LINE
8
VISIBLE
10
364.226756
20
273.431050
30
0.0
11
363.226756
21
273.358693
31
0.0
0
LINE
8
VISIBLE
10
364.726756
20
273.519636
30
0.0
11
364.226756
21
273.431050
31
0.0
0
LINE
8
VISIBLE
10
365.726756
20
273.591993
30
0.0
11
364.726756
21
273.519636
31
0.0
0
LINE
8
VISIBLE
10
366.726756
20
273.664349
30
0.0
11
365.726756
21
273.591993
31
0.0
0
LINE
8
VISIBLE
10
368.226756
20
273.720477
30
0.0
11
366.726756
21
273.664349
31
0.0
0
LINE
8
VISIBLE
10
370.226756
20
273.760375
30
0.0
11
368.226756
21
273.720477
31
0.0
0
LINE
8
VISIBLE
10
373.226756
20
273.767814
30
0.0
11
370.226756
21
273.760375
31
0.0
0
LINE
8
VISIBLE
10
377.226756
20
273.742794
30
0.0
11
373.226756
21
273.767814
31
0.0
0
LINE
8
VISIBLE
10
381.726756
20
273.643896
30
0.0
11
377.226756
21
273.742794
31
0.0
0
LINE
8
VISIBLE
10
382.460089
20
273.625334
30
0.0
11
381.726756
21
273.643896
31
0.0
0
LINE
8
VISIBLE
10
342.726756
20
270.410939
30
0.0
11
341.993423
21
270.424218
31
0.0
0
LINE
8
VISIBLE
10
341.993423
20
268.744474
30
0.0
11
341.993423
21
270.424218
31
0.0
0
LINE
8
VISIBLE
10
341.993423
20
268.744474
30
0.0
11
340.757838
21
268.257199
31
0.0
0
LINE
8
VISIBLE
10
340.757838
20
268.257199
30
0.0
11
340.632686
21
268.196911
31
0.0
0
LINE
8
VISIBLE
10
340.632686
20
268.196911
30
0.0
11
340.526756
21
268.145791
31
0.0
0
LINE
8
VISIBLE
10
340.526756
20
268.145791
30
0.0
11
340.526756
21
270.312328
31
0.0
0
LINE
8
VISIBLE
10
341.260089
20
270.600340
30
0.0
11
340.526756
21
270.312328
31
0.0
0
LINE
8
VISIBLE
10
342.726756
20
270.410939
30
0.0
11
342.726756
21
272.409939
31
0.0
0
LINE
8
VISIBLE
10
340.526756
20
270.312328
30
0.0
11
340.249972
21
270.207616
31
0.0
0
LINE
8
VISIBLE
10
400.227957
20
267.757217
30
0.0
11
400.153982
21
267.513355
31
0.0
0
LINE
8
VISIBLE
10
399.994258
20
267.828109
30
0.0
11
399.997190
21
267.838167
31
0.0
0
LINE
8
VISIBLE
10
399.997189
20
267.838167
30
0.0
11
398.100374
21
268.313294
31
0.0
0
LINE
8
VISIBLE
10
398.100374
20
268.313294
30
0.0
11
396.652948
21
268.552265
31
0.0
0
LINE
8
VISIBLE
10
393.726756
20
271.263631
30
0.0
11
393.726756
21
268.748058
31
0.0
0
LINE
8
VISIBLE
10
395.192991
20
268.696058
30
0.0
11
393.726756
21
268.748058
31
0.0
0
LINE
8
VISIBLE
10
398.591138
20
270.780531
30
0.0
11
398.100374
21
268.313294
31
0.0
0
LINE
8
VISIBLE
10
342.401521
20
268.902880
30
0.0
11
341.993423
21
268.744474
31
0.0
0
LINE
8
VISIBLE
10
343.997964
20
269.389217
30
0.0
11
342.401521
21
268.902880
31
0.0
0
LINE
8
VISIBLE
10
345.626166
20
269.755297
30
0.0
11
343.997964
21
269.389217
31
0.0
0
LINE
8
VISIBLE
10
347.277080
20
269.999088
30
0.0
11
345.626166
21
269.755297
31
0.0
0
LINE
8
VISIBLE
10
393.726756
20
268.748058
30
0.0
11
341.993423
21
270.424218
31
0.0
0
LINE
8
VISIBLE
10
345.626166
20
269.755297
30
0.0
11
345.537828
21
269.735082
31
0.0
0
LINE
8
VISIBLE
10
402.199793
20
266.781352
30
0.0
11
400.153982
21
267.513355
31
0.0
0
LINE
8
VISIBLE
10
420.659708
20
206.125631
30
0.0
11
420.660756
21
206.403813
31
0.0
0
LINE
8
VISIBLE
10
420.655515
20
205.045631
30
0.0
11
420.659708
21
206.125631
31
0.0
0
LINE
8
VISIBLE
10
420.608348
20
200.785631
30
0.0
11
420.655515
21
205.045631
31
0.0
0
LINE
8
VISIBLE
10
420.555941
20
198.305631
30
0.0
11
420.608348
21
200.785631
31
0.0
0
LINE
8
VISIBLE
10
420.503533
20
196.485631
30
0.0
11
420.555941
21
198.305631
31
0.0
0
LINE
8
VISIBLE
10
420.451125
20
195.025631
30
0.0
11
420.503533
21
196.485631
31
0.0
0
LINE
8
VISIBLE
10
420.398717
20
193.785631
30
0.0
11
420.451125
21
195.025631
31
0.0
0
LINE
8
VISIBLE
10
420.346309
20
192.745631
30
0.0
11
420.398717
21
193.785631
31
0.0
0
LINE
8
VISIBLE
10
420.293902
20
191.825631
30
0.0
11
420.346309
21
192.745631
31
0.0
0
LINE
8
VISIBLE
10
420.189086
20
190.325631
30
0.0
11
420.293902
21
191.825631
31
0.0
0
LINE
8
VISIBLE
10
420.084271
20
189.165631
30
0.0
11
420.189086
21
190.325631
31
0.0
0
LINE
8
VISIBLE
10
419.874639
20
187.545631
30
0.0
11
420.084271
21
189.165631
31
0.0
0
LINE
8
VISIBLE
10
419.665008
20
186.085631
30
0.0
11
419.874639
21
187.545631
31
0.0
0
LINE
8
VISIBLE
10
419.036115
20
181.725631
30
0.0
11
419.665008
21
186.085631
31
0.0
0
LINE
8
VISIBLE
10
418.826484
20
180.265631
30
0.0
11
419.036115
21
181.725631
31
0.0
0
LINE
8
VISIBLE
10
418.616853
20
178.745631
30
0.0
11
418.826484
21
180.265631
31
0.0
0
LINE
8
VISIBLE
10
418.512037
20
177.665631
30
0.0
11
418.616853
21
178.745631
31
0.0
0
LINE
8
VISIBLE
10
418.459629
20
176.965631
30
0.0
11
418.512037
21
177.665631
31
0.0
0
LINE
8
VISIBLE
10
418.407222
20
176.165631
30
0.0
11
418.459629
21
176.965631
31
0.0
0
LINE
8
VISIBLE
10
418.354814
20
175.205631
30
0.0
11
418.407222
21
176.165631
31
0.0
0
LINE
8
VISIBLE
10
418.302406
20
174.025631
30
0.0
11
418.354814
21
175.205631
31
0.0
0
LINE
8
VISIBLE
10
418.249998
20
172.605631
30
0.0
11
418.302406
21
174.025631
31
0.0
0
LINE
8
VISIBLE
10
418.197591
20
170.705631
30
0.0
11
418.249998
21
172.605631
31
0.0
0
LINE
8
VISIBLE
10
418.171387
20
169.465631
30
0.0
11
418.197591
21
170.705631
31
0.0
0
LINE
8
VISIBLE
10
418.134701
20
168.985631
30
0.0
11
418.171387
21
169.465631
31
0.0
0
LINE
8
VISIBLE
10
381.726756
20
271.647190
30
0.0
11
381.726756
21
273.643896
31
0.0
0
LINE
8
VISIBLE
10
382.460089
20
271.628671
30
0.0
11
381.726756
21
271.647190
31
0.0
0
LINE
8
VISIBLE
10
381.726756
20
271.647190
30
0.0
11
377.226756
21
271.745823
31
0.0
0
LINE
8
VISIBLE
10
377.226756
20
271.745823
30
0.0
11
373.226756
21
271.770608
31
0.0
0
LINE
8
VISIBLE
10
373.226756
20
271.770608
30
0.0
11
370.226756
21
271.762992
31
0.0
0
LINE
8
VISIBLE
10
370.226756
20
271.762992
30
0.0
11
368.226756
21
271.722977
31
0.0
0
LINE
8
VISIBLE
10
368.226756
20
271.722977
30
0.0
11
366.726756
21
271.666761
31
0.0
0
LINE
8
VISIBLE
10
366.726756
20
271.666761
30
0.0
11
365.726756
21
271.594346
31
0.0
0
LINE
8
VISIBLE
10
365.726756
20
271.594346
30
0.0
11
364.726756
21
271.521930
31
0.0
0
LINE
8
VISIBLE
10
364.726756
20
271.521930
30
0.0
11
364.226756
21
271.433315
31
0.0
0
LINE
8
VISIBLE
10
364.226756
20
271.433315
30
0.0
11
363.226756
21
271.360899
31
0.0
0
LINE
8
VISIBLE
10
363.226756
20
271.360899
30
0.0
11
362.726756
21
271.272283
31
0.0
0
LINE
8
VISIBLE
10
362.726756
20
271.272283
30
0.0
11
361.726756
21
271.199868
31
0.0
0
LINE
8
VISIBLE
10
361.726756
20
271.199868
30
0.0
11
361.226756
21
271.111252
31
0.0
0
LINE
8
VISIBLE
10
361.226756
20
271.111252
30
0.0
11
360.726756
21
271.022637
31
0.0
0
LINE
8
VISIBLE
10
360.726756
20
271.022637
30
0.0
11
359.726756
21
270.950221
31
0.0
0
LINE
8
VISIBLE
10
359.726756
20
270.950221
30
0.0
11
358.226756
21
270.789190
31
0.0
0
LINE
8
VISIBLE
10
358.226756
20
270.789190
30
0.0
11
356.726756
21
270.628159
31
0.0
0
LINE
8
VISIBLE
10
356.726756
20
270.628159
30
0.0
11
354.726756
21
270.483328
31
0.0
0
LINE
8
VISIBLE
10
354.726756
20
270.483328
30
0.0
11
351.726756
21
270.370897
31
0.0
0
LINE
8
VISIBLE
10
351.726756
20
270.370897
30
0.0
11
349.226756
21
270.347081
31
0.0
0
LINE
8
VISIBLE
10
349.226756
20
270.347081
30
0.0
11
345.226756
21
270.371866
31
0.0
0
LINE
8
VISIBLE
10
345.226756
20
270.371866
30
0.0
11
342.726756
21
270.410939
31
0.0
0
LINE
8
VISIBLE
10
399.529072
20
267.980168
30
0.0
11
398.100374
21
268.313294
31
0.0
0
LINE
8
VISIBLE
10
400.180150
20
270.410026
30
0.0
11
399.529072
21
267.980168
31
0.0
0
LINE
8
VISIBLE
10
399.997189
20
267.838167
30
0.0
11
399.529072
21
267.980168
31
0.0
0
LINE
8
VISIBLE
10
399.994258
20
267.828109
30
0.0
11
400.461655
21
267.686325
31
0.0
0
LINE
8
VISIBLE
10
400.464806
20
267.696317
30
0.0
11
400.461655
21
267.686325
31
0.0
0
LINE
8
VISIBLE
10
400.932923
20
267.554315
30
0.0
11
400.464806
21
267.696317
31
0.0
0
LINE
8
VISIBLE
10
401.741528
20
269.936387
30
0.0
11
400.932923
21
267.554315
31
0.0
0
LINE
8
VISIBLE
10
402.305917
20
267.037557
30
0.0
11
400.932923
21
267.554315
31
0.0
0
LINE
8
VISIBLE
10
403.268585
20
269.361643
30
0.0
11
402.305917
21
267.037557
31
0.0
0
LINE
8
VISIBLE
10
403.642173
20
266.432107
30
0.0
11
402.305917
21
267.037557
31
0.0
0
LINE
8
VISIBLE
10
404.754782
20
268.688256
30
0.0
11
403.642173
21
266.432107
31
0.0
0
LINE
8
VISIBLE
10
404.073592
20
266.201508
30
0.0
11
403.642173
21
266.432107
31
0.0
0
LINE
8
VISIBLE
10
404.068755
20
266.192216
30
0.0
11
404.073592
21
266.201509
31
0.0
0
LINE
8
VISIBLE
10
404.068755
20
266.192216
30
0.0
11
404.499511
21
265.961972
31
0.0
0
LINE
8
VISIBLE
10
404.504550
20
265.971157
30
0.0
11
404.499511
21
265.961972
31
0.0
0
LINE
8
VISIBLE
10
404.935969
20
265.740558
30
0.0
11
404.504550
21
265.971157
31
0.0
0
LINE
8
VISIBLE
10
406.193756
20
267.919109
30
0.0
11
404.935969
21
265.740558
31
0.0
0
LINE
8
VISIBLE
10
406.181767
20
264.965872
30
0.0
11
404.935969
21
265.740558
31
0.0
0
LINE
8
VISIBLE
10
407.579344
20
267.057495
30
0.0
11
406.181767
21
264.965872
31
0.0
0
LINE
8
VISIBLE
10
407.374230
20
264.111365
30
0.0
11
406.181767
21
264.965872
31
0.0
0
LINE
8
VISIBLE
10
408.905614
20
266.107103
30
0.0
11
407.374230
21
264.111365
31
0.0
0
LINE
8
VISIBLE
10
407.752372
20
263.801031
30
0.0
11
407.374230
21
264.111365
31
0.0
0
LINE
8
VISIBLE
10
407.745814
20
263.792861
30
0.0
11
407.752372
21
263.801032
31
0.0
0
LINE
8
VISIBLE
10
407.745814
20
263.792861
30
0.0
11
408.123375
21
263.483005
31
0.0
0
LINE
8
VISIBLE
10
408.130110
20
263.491030
30
0.0
11
408.123375
21
263.483005
31
0.0
0
LINE
8
VISIBLE
10
408.508252
20
263.180697
30
0.0
11
408.130109
21
263.491030
31
0.0
0
LINE
8
VISIBLE
10
410.166885
20
265.072005
30
0.0
11
408.508252
21
263.180697
31
0.0
0
LINE
8
VISIBLE
10
409.578978
20
262.177853
30
0.0
11
408.508252
21
263.180697
31
0.0
0
LINE
8
VISIBLE
10
411.357757
20
263.956632
30
0.0
11
409.578978
21
262.177853
31
0.0
0
LINE
8
VISIBLE
10
410.581822
20
261.107127
30
0.0
11
409.578978
21
262.177853
31
0.0
0
LINE
8
VISIBLE
10
412.473130
20
262.765760
30
0.0
11
410.581822
21
261.107127
31
0.0
0
LINE
8
VISIBLE
10
410.892155
20
260.728985
30
0.0
11
410.581822
21
261.107127
31
0.0
0
LINE
8
VISIBLE
10
410.884130
20
260.722250
30
0.0
11
410.892155
21
260.728985
31
0.0
0
LINE
8
VISIBLE
10
410.884130
20
260.722250
30
0.0
11
411.193986
21
260.344689
31
0.0
0
LINE
8
VISIBLE
10
411.202156
20
260.351247
30
0.0
11
411.193986
21
260.344689
31
0.0
0
LINE
8
VISIBLE
10
411.512490
20
259.973105
30
0.0
11
411.202156
21
260.351247
31
0.0
0
LINE
8
VISIBLE
10
413.508228
20
261.504489
30
0.0
11
411.512490
21
259.973105
31
0.0
0
LINE
8
VISIBLE
10
412.366997
20
258.780642
30
0.0
11
411.512490
21
259.973105
31
0.0
0
LINE
8
VISIBLE
10
414.458619
20
260.178219
30
0.0
11
412.366997
21
258.780642
31
0.0
0
LINE
8
VISIBLE
10
413.141683
20
257.534845
30
0.0
11
412.366997
21
258.780642
31
0.0
0
LINE
8
VISIBLE
10
415.320234
20
258.792631
30
0.0
11
413.141683
21
257.534845
31
0.0
0
LINE
8
VISIBLE
10
413.372282
20
257.103425
30
0.0
11
413.141683
21
257.534845
31
0.0
0
LINE
8
VISIBLE
10
413.363097
20
257.098386
30
0.0
11
413.372282
21
257.103425
31
0.0
0
LINE
8
VISIBLE
10
413.363097
20
257.098386
30
0.0
11
413.593341
21
256.667630
31
0.0
0
LINE
8
VISIBLE
10
413.602633
20
256.672467
30
0.0
11
413.593341
21
256.667630
31
0.0
0
LINE
8
VISIBLE
10
413.833232
20
256.241048
30
0.0
11
413.602633
21
256.672467
31
0.0
0
LINE
8
VISIBLE
10
416.089381
20
257.353657
30
0.0
11
413.833232
21
256.241048
31
0.0
0
LINE
8
VISIBLE
10
414.438682
20
254.904792
30
0.0
11
413.833232
21
256.241048
31
0.0
0
LINE
8
VISIBLE
10
416.762768
20
255.867460
30
0.0
11
414.438682
21
254.904792
31
0.0
0
LINE
8
VISIBLE
10
414.955440
20
253.531798
30
0.0
11
414.438682
21
254.904792
31
0.0
0
LINE
8
VISIBLE
10
417.337512
20
254.340403
30
0.0
11
414.955440
21
253.531798
31
0.0
0
LINE
8
VISIBLE
10
415.097442
20
253.063681
30
0.0
11
414.955440
21
253.531798
31
0.0
0
LINE
8
VISIBLE
10
415.087450
20
253.060530
30
0.0
11
415.097442
21
253.063681
31
0.0
0
LINE
8
VISIBLE
10
415.087450
20
253.060530
30
0.0
11
415.229233
21
252.593133
31
0.0
0
LINE
8
VISIBLE
10
415.239292
20
252.596065
30
0.0
11
415.229233
21
252.593133
31
0.0
0
LINE
8
VISIBLE
10
415.381293
20
252.127947
30
0.0
11
415.239291
21
252.596065
31
0.0
0
LINE
8
VISIBLE
10
417.811151
20
252.779025
30
0.0
11
415.381293
21
252.127947
31
0.0
0
LINE
8
VISIBLE
10
415.714419
20
250.699249
30
0.0
11
415.381293
21
252.127947
31
0.0
0
LINE
8
VISIBLE
10
418.181656
20
251.190013
30
0.0
11
415.714419
21
250.699249
31
0.0
0
LINE
8
VISIBLE
10
415.953390
20
249.251823
30
0.0
11
415.714419
21
250.699249
31
0.0
0
LINE
8
VISIBLE
10
418.447442
20
249.580171
30
0.0
11
415.953390
21
249.251823
31
0.0
0
LINE
8
VISIBLE
10
416.001338
20
248.764997
30
0.0
11
415.953390
21
249.251823
31
0.0
0
LINE
8
VISIBLE
10
415.990924
20
248.763857
30
0.0
11
416.001338
21
248.764997
31
0.0
0
LINE
8
VISIBLE
10
415.990924
20
248.763857
30
0.0
11
416.038798
21
248.277779
31
0.0
0
LINE
8
VISIBLE
10
416.049235
20
248.278692
30
0.0
11
416.038798
21
248.277779
31
0.0
0
LINE
8
VISIBLE
10
416.097183
20
247.791866
30
0.0
11
416.049235
21
248.278692
31
0.0
0
LINE
8
VISIBLE
10
418.607371
20
247.956393
30
0.0
11
416.097183
21
247.791866
31
0.0
0
LINE
8
VISIBLE
10
416.145183
20
246.325631
30
0.0
11
416.097183
21
247.791866
31
0.0
0
LINE
8
VISIBLE
10
418.660756
20
246.325631
30
0.0
11
416.145183
21
246.325631
31
0.0
0
LINE
8
VISIBLE
10
420.659708
20
206.125631
30
0.0
11
418.659708
21
206.125631
31
0.0
0
LINE
8
VISIBLE
10
418.660756
20
206.403813
30
0.0
11
418.659708
21
206.125631
31
0.0
0
LINE
8
VISIBLE
10
345.226756
20
270.371866
30
0.0
11
345.226756
21
272.370719
31
0.0
0
LINE
8
VISIBLE
10
349.226756
20
270.347081
30
0.0
11
349.226756
21
272.345699
31
0.0
0
LINE
8
VISIBLE
10
351.726756
20
270.370897
30
0.0
11
351.726756
21
272.369367
31
0.0
0
LINE
8
VISIBLE
10
354.726756
20
270.483328
30
0.0
11
354.726756
21
272.481622
31
0.0
0
LINE
8
VISIBLE
10
356.726756
20
270.628159
30
0.0
11
356.726756
21
272.626335
31
0.0
0
LINE
8
VISIBLE
10
359.726756
20
270.950221
30
0.0
11
359.726756
21
272.948221
31
0.0
0
LINE
8
VISIBLE
10
360.726756
20
271.022637
30
0.0
11
360.726756
21
273.020578
31
0.0
0
LINE
8
VISIBLE
10
361.726756
20
271.199868
30
0.0
11
361.726756
21
273.197750
31
0.0
0
LINE
8
VISIBLE
10
362.726756
20
271.272283
30
0.0
11
362.726756
21
273.270107
31
0.0
0
LINE
8
VISIBLE
10
363.226756
20
271.360899
30
0.0
11
363.226756
21
273.358693
31
0.0
0
LINE
8
VISIBLE
10
364.226756
20
271.433315
30
0.0
11
364.226756
21
273.431050
31
0.0
0
LINE
8
VISIBLE
10
364.726756
20
271.521930
30
0.0
11
364.726756
21
273.519636
31
0.0
0
LINE
8
VISIBLE
10
366.726756
20
271.666761
30
0.0
11
366.726756
21
273.664349
31
0.0
0
LINE
8
VISIBLE
10
368.226756
20
271.722977
30
0.0
11
368.226756
21
273.720477
31
0.0
0
LINE
8
VISIBLE
10
370.226756
20
271.762992
30
0.0
11
370.226756
21
273.760375
31
0.0
0
LINE
8
VISIBLE
10
373.226756
20
271.770608
30
0.0
11
373.226756
21
273.767814
31
0.0
0
LINE
8
VISIBLE
10
377.226756
20
271.745823
30
0.0
11
377.226756
21
273.742794
31
0.0
0
LINE
8
VISIBLE
10
342.401521
20
268.902880
30
0.0
11
342.387146
21
268.897289
31
0.0
0
LINE
8
VISIBLE
10
340.526756
20
268.145791
30
0.0
11
339.243120
21
267.526285
31
0.0
0
LINE
8
VISIBLE
10
339.243120
20
267.526285
30
0.0
11
339.095964
21
267.441250
31
0.0
0
LINE
8
VISIBLE
10
339.095964
20
267.441250
30
0.0
11
337.802631
21
266.693888
31
0.0
0
LINE
8
VISIBLE
10
337.802631
20
266.693888
30
0.0
11
337.635177
21
266.579742
31
0.0
0
LINE
8
VISIBLE
10
337.635177
20
266.579742
30
0.0
11
336.427897
21
265.756787
31
0.0
0
LINE
8
VISIBLE
10
336.427897
20
265.756787
30
0.0
11
336.243731
21
265.610086
31
0.0
0
LINE
8
VISIBLE
10
336.243731
20
265.610086
30
0.0
11
335.126516
21
264.720152
31
0.0
0
LINE
8
VISIBLE
10
335.126516
20
264.720152
30
0.0
11
334.929608
21
264.537822
31
0.0
0
LINE
8
VISIBLE
10
334.929608
20
264.537822
30
0.0
11
334.549257
21
264.185631
31
0.0
0
LINE
8
VISIBLE
10
332.686746
20
265.182803
30
0.0
11
331.739655
21
264.185631
31
0.0
0
LINE
8
VISIBLE
10
334.040025
20
266.409165
30
0.0
11
332.686746
21
265.182803
31
0.0
0
LINE
8
VISIBLE
10
335.481291
20
267.530804
30
0.0
11
334.040025
21
266.409165
31
0.0
0
LINE
8
VISIBLE
10
337.002459
20
268.541429
30
0.0
11
335.481291
21
267.530804
31
0.0
0
LINE
8
VISIBLE
10
338.594997
20
269.435371
30
0.0
11
337.002459
21
268.541429
31
0.0
0
LINE
8
VISIBLE
10
340.249972
20
270.207616
30
0.0
11
338.594997
21
269.435371
31
0.0
0
LINE
8
VISIBLE
10
343.997964
20
269.389217
30
0.0
11
343.947221
21
269.373636
31
0.0
0
LINE
8
VISIBLE
10
402.305917
20
267.037557
30
0.0
11
402.199793
21
266.781352
31
0.0
0
LINE
8
VISIBLE
10
402.305917
20
267.037557
30
0.0
11
400.464806
21
267.696317
31
0.0
0
LINE
8
VISIBLE
10
404.164004
20
265.852349
30
0.0
11
402.199793
21
266.781352
31
0.0
0
LINE
8
VISIBLE
10
420.655515
20
205.045631
30
0.0
11
418.655515
21
205.045631
31
0.0
0
LINE
8
VISIBLE
10
418.659708
20
206.125631
30
0.0
11
418.655515
21
205.045631
31
0.0
0
LINE
8
VISIBLE
10
420.608348
20
200.785631
30
0.0
11
418.608348
21
200.785631
31
0.0
0
LINE
8
VISIBLE
10
418.655515
20
205.045631
30
0.0
11
418.608348
21
200.785631
31
0.0
0
LINE
8
VISIBLE
10
420.555941
20
198.305631
30
0.0
11
418.555941
21
198.305631
31
0.0
0
LINE
8
VISIBLE
10
418.608348
20
200.785631
30
0.0
11
418.555941
21
198.305631
31
0.0
0
LINE
8
VISIBLE
10
420.503533
20
196.485631
30
0.0
11
418.503533
21
196.485631
31
0.0
0
LINE
8
VISIBLE
10
418.555941
20
198.305631
30
0.0
11
418.503533
21
196.485631
31
0.0
0
LINE
8
VISIBLE
10
420.451125
20
195.025631
30
0.0
11
418.451125
21
195.025631
31
0.0
0
LINE
8
VISIBLE
10
418.503533
20
196.485631
30
0.0
11
418.451125
21
195.025631
31
0.0
0
LINE
8
VISIBLE
10
420.398717
20
193.785631
30
0.0
11
418.398717
21
193.785631
31
0.0
0
LINE
8
VISIBLE
10
418.451125
20
195.025631
30
0.0
11
418.398717
21
193.785631
31
0.0
0
LINE
8
VISIBLE
10
420.346309
20
192.745631
30
0.0
11
418.346309
21
192.745631
31
0.0
0
LINE
8
VISIBLE
10
418.398717
20
193.785631
30
0.0
11
418.346309
21
192.745631
31
0.0
0
LINE
8
VISIBLE
10
420.293902
20
191.825631
30
0.0
11
418.293902
21
191.825631
31
0.0
0
LINE
8
VISIBLE
10
418.346309
20
192.745631
30
0.0
11
418.293902
21
191.825631
31
0.0
0
LINE
8
VISIBLE
10
420.189086
20
190.325631
30
0.0
11
418.189086
21
190.325631
31
0.0
0
LINE
8
VISIBLE
10
418.293902
20
191.825631
30
0.0
11
418.189086
21
190.325631
31
0.0
0
LINE
8
VISIBLE
10
420.084271
20
189.165631
30
0.0
11
418.084271
21
189.165631
31
0.0
0
LINE
8
VISIBLE
10
418.189086
20
190.325631
30
0.0
11
418.084271
21
189.165631
31
0.0
0
LINE
8
VISIBLE
10
419.874639
20
187.545631
30
0.0
11
417.874639
21
187.545631
31
0.0
0
LINE
8
VISIBLE
10
418.084271
20
189.165631
30
0.0
11
417.874639
21
187.545631
31
0.0
0
LINE
8
VISIBLE
10
419.665008
20
186.085631
30
0.0
11
417.665008
21
186.085631
31
0.0
0
LINE
8
VISIBLE
10
417.874639
20
187.545631
30
0.0
11
417.665008
21
186.085631
31
0.0
0
LINE
8
VISIBLE
10
418.826484
20
180.265631
30
0.0
11
416.826484
21
180.265631
31
0.0
0
LINE
8
VISIBLE
10
417.036115
20
181.725631
30
0.0
11
416.826484
21
180.265631
31
0.0
0
LINE
8
VISIBLE
10
419.036115
20
181.725631
30
0.0
11
417.036115
21
181.725631
31
0.0
0
LINE
8
VISIBLE
10
418.616853
20
178.745631
30
0.0
11
416.616853
21
178.745631
31
0.0
0
LINE
8
VISIBLE
10
416.826484
20
180.265631
30
0.0
11
416.616853
21
178.745631
31
0.0
0
LINE
8
VISIBLE
10
418.512037
20
177.665631
30
0.0
11
416.512037
21
177.665631
31
0.0
0
LINE
8
VISIBLE
10
416.616853
20
178.745631
30
0.0
11
416.512037
21
177.665631
31
0.0
0
LINE
8
VISIBLE
10
418.459629
20
176.965631
30
0.0
11
416.459629
21
176.965631
31
0.0
0
LINE
8
VISIBLE
10
416.512037
20
177.665631
30
0.0
11
416.459629
21
176.965631
31
0.0
0
LINE
8
VISIBLE
10
418.407222
20
176.165631
30
0.0
11
416.407222
21
176.165631
31
0.0
0
LINE
8
VISIBLE
10
416.459629
20
176.965631
30
0.0
11
416.407222
21
176.165631
31
0.0
0
LINE
8
VISIBLE
10
418.354814
20
175.205631
30
0.0
11
416.354814
21
175.205631
31
0.0
0
LINE
8
VISIBLE
10
416.407222
20
176.165631
30
0.0
11
416.354814
21
175.205631
31
0.0
0
LINE
8
VISIBLE
10
418.302406
20
174.025631
30
0.0
11
416.302406
21
174.025631
31
0.0
0
LINE
8
VISIBLE
10
416.354814
20
175.205631
30
0.0
11
416.302406
21
174.025631
31
0.0
0
LINE
8
VISIBLE
10
418.249998
20
172.605631
30
0.0
11
416.249998
21
172.605631
31
0.0
0
LINE
8
VISIBLE
10
416.302406
20
174.025631
30
0.0
11
416.249998
21
172.605631
31
0.0
0
LINE
8
VISIBLE
10
418.197591
20
170.705631
30
0.0
11
416.197591
21
170.705631
31
0.0
0
LINE
8
VISIBLE
10
416.249998
20
172.605631
30
0.0
11
416.197591
21
170.705631
31
0.0
0
LINE
8
VISIBLE
10
418.171387
20
169.465631
30
0.0
11
416.171387
21
169.465631
31
0.0
0
LINE
8
VISIBLE
10
416.197591
20
170.705631
30
0.0
11
416.171387
21
169.465631
31
0.0
0
LINE
8
VISIBLE
10
418.134701
20
168.985631
30
0.0
11
417.014132
21
168.985631
31
0.0
0
LINE
8
VISIBLE
10
417.014132
20
168.985631
30
0.0
11
414.912943
21
168.985631
31
0.0
0
LINE
8
VISIBLE
10
414.958968
20
169.122774
30
0.0
11
414.912943
21
168.985631
31
0.0
0
LINE
8
VISIBLE
10
416.145183
20
169.122774
30
0.0
11
414.958968
21
169.122774
31
0.0
0
LINE
8
VISIBLE
10
416.171387
20
169.465631
30
0.0
11
416.145183
21
169.122774
31
0.0
0
LINE
8
VISIBLE
10
415.867869
20
246.325631
30
0.0
11
415.761253
21
248.495840
31
0.0
0
LINE
8
VISIBLE
10
415.761253
20
248.495840
30
0.0
11
415.442433
21
250.645148
31
0.0
0
LINE
8
VISIBLE
10
415.442433
20
250.645148
30
0.0
11
414.914480
21
252.752857
31
0.0
0
LINE
8
VISIBLE
10
414.914480
20
252.752857
30
0.0
11
414.182477
21
254.798668
31
0.0
0
LINE
8
VISIBLE
10
414.182477
20
254.798668
30
0.0
11
413.253474
21
256.762879
31
0.0
0
LINE
8
VISIBLE
10
413.253474
20
256.762879
30
0.0
11
412.136418
21
258.626574
31
0.0
0
LINE
8
VISIBLE
10
412.136418
20
258.626574
30
0.0
11
410.842068
21
260.371804
31
0.0
0
LINE
8
VISIBLE
10
410.842068
20
260.371804
30
0.0
11
409.382887
21
261.981762
31
0.0
0
LINE
8
VISIBLE
10
409.382887
20
261.981762
30
0.0
11
407.772929
21
263.440943
31
0.0
0
LINE
8
VISIBLE
10
407.772929
20
263.440943
30
0.0
11
406.027699
21
264.735294
31
0.0
0
LINE
8
VISIBLE
10
406.027699
20
264.735294
30
0.0
11
404.164004
21
265.852349
31
0.0
0
LINE
8
VISIBLE
10
404.073592
20
266.201508
30
0.0
11
402.305917
21
267.037557
31
0.0
0
LINE
8
VISIBLE
10
404.284133
20
266.077094
30
0.0
11
404.164004
21
265.852349
31
0.0
0
LINE
8
VISIBLE
10
406.181767
20
264.965872
30
0.0
11
406.027699
21
264.735294
31
0.0
0
LINE
8
VISIBLE
10
406.181767
20
264.965872
30
0.0
11
404.504550
21
265.971157
31
0.0
0
LINE
8
VISIBLE
10
407.752372
20
263.801031
30
0.0
11
406.181767
21
264.965872
31
0.0
0
LINE
8
VISIBLE
10
407.934595
20
263.637933
30
0.0
11
407.772929
21
263.440943
31
0.0
0
LINE
8
VISIBLE
10
409.578978
20
262.177853
30
0.0
11
409.382887
21
261.981762
31
0.0
0
LINE
8
VISIBLE
10
409.578978
20
262.177853
30
0.0
11
408.130109
21
263.491030
31
0.0
0
LINE
8
VISIBLE
10
410.892155
20
260.728985
30
0.0
11
409.578978
21
262.177853
31
0.0
0
LINE
8
VISIBLE
10
411.039058
20
260.533470
30
0.0
11
410.842068
21
260.371804
31
0.0
0
LINE
8
VISIBLE
10
412.366997
20
258.780642
30
0.0
11
412.136418
21
258.626574
31
0.0
0
LINE
8
VISIBLE
10
412.366997
20
258.780642
30
0.0
11
411.202156
21
260.351247
31
0.0
0
LINE
8
VISIBLE
10
413.372282
20
257.103425
30
0.0
11
412.366997
21
258.780642
31
0.0
0
LINE
8
VISIBLE
10
413.478219
20
256.883008
30
0.0
11
413.253474
21
256.762879
31
0.0
0
LINE
8
VISIBLE
10
414.438682
20
254.904792
30
0.0
11
414.182477
21
254.798668
31
0.0
0
LINE
8
VISIBLE
10
414.438682
20
254.904792
30
0.0
11
413.602633
21
256.672467
31
0.0
0
LINE
8
VISIBLE
10
415.097442
20
253.063681
30
0.0
11
414.438682
21
254.904792
31
0.0
0
LINE
8
VISIBLE
10
415.158342
20
252.826832
30
0.0
11
414.914480
21
252.752857
31
0.0
0
LINE
8
VISIBLE
10
415.714419
20
250.699249
30
0.0
11
415.442433
21
250.645148
31
0.0
0
LINE
8
VISIBLE
10
415.714419
20
250.699249
30
0.0
11
415.239291
21
252.596065
31
0.0
0
LINE
8
VISIBLE
10
416.001338
20
248.764997
30
0.0
11
415.714419
21
250.699249
31
0.0
0
LINE
8
VISIBLE
10
416.014861
20
248.520818
30
0.0
11
415.761253
21
248.495840
31
0.0
0
LINE
8
VISIBLE
10
416.145183
20
246.325631
30
0.0
11
415.867869
21
246.325631
31
0.0
0
LINE
8
VISIBLE
10
416.145183
20
246.325631
30
0.0
11
416.049235
21
248.278692
31
0.0
0
LINE
8
VISIBLE
10
416.126756
20
176.185631
30
0.0
11
416.145183
21
176.185631
31
0.0
0
LINE
8
VISIBLE
10
416.126756
20
176.185631
30
0.0
11
416.030974
21
174.116366
31
0.0
0
LINE
8
VISIBLE
10
416.030974
20
174.116366
30
0.0
11
415.744447
21
172.064797
31
0.0
0
LINE
8
VISIBLE
10
415.744447
20
172.064797
30
0.0
11
415.269626
21
170.048469
31
0.0
0
LINE
8
VISIBLE
10
415.269626
20
170.048469
30
0.0
11
414.958968
21
169.122774
31
0.0
0
LINE
8
VISIBLE
10
416.145183
20
176.185631
30
0.0
11
416.145183
21
169.122774
31
0.0
0
LINE
8
VISIBLE
10
334.545648
20
264.185631
30
0.0
11
334.549257
21
264.185631
31
0.0
0
LINE
8
VISIBLE
10
334.545648
20
264.185631
30
0.0
11
333.968095
21
263.655097
31
0.0
0
LINE
8
VISIBLE
10
331.724053
20
264.185631
30
0.0
11
334.545648
21
264.185631
31
0.0
0
LINE
8
VISIBLE
10
331.221066
20
263.642443
30
0.0
11
331.303723
21
263.732240
31
0.0
0
LINE
8
VISIBLE
10
331.303723
20
263.732240
30
0.0
11
331.331310
21
263.761498
31
0.0
0
LINE
8
VISIBLE
10
331.221066
20
263.642443
30
0.0
11
331.370185
21
263.803481
31
0.0
0
LINE
8
VISIBLE
10
331.370185
20
263.803481
30
0.0
11
331.724053
21
264.185631
31
0.0
0
LINE
8
VISIBLE
10
416.469734
20
167.363442
30
0.0
11
417.014132
21
168.985631
31
0.0
0
LINE
8
VISIBLE
10
415.557510
20
165.300216
30
0.0
11
416.469734
21
167.363442
31
0.0
0
LINE
8
VISIBLE
10
414.726756
20
163.810849
30
0.0
11
415.557510
21
165.300216
31
0.0
0
LINE
8
VISIBLE
10
414.912943
20
168.985631
30
0.0
11
414.726756
21
168.430833
31
0.0
0
LINE
8
VISIBLE
10
414.726756
20
168.430833
30
0.0
11
414.610571
21
168.084626
31
0.0
0
LINE
8
VISIBLE
10
415.867869
20
176.185631
30
0.0
11
415.867869
21
246.325631
31
0.0
0
LINE
8
VISIBLE
10
416.126756
20
176.185631
30
0.0
11
415.867869
21
176.185631
31
0.0
0
LINE
8
VISIBLE
10
333.968095
20
263.655097
30
0.0
11
333.822669
21
263.500007
31
0.0
0
LINE
8
VISIBLE
10
333.822669
20
263.500007
30
0.0
11
332.826431
21
262.437579
31
0.0
0
LINE
8
VISIBLE
10
414.610571
20
168.084626
30
0.0
11
413.772918
21
166.190063
31
0.0
0
LINE
8
VISIBLE
10
413.772918
20
166.190063
30
0.0
11
412.763831
21
164.380981
31
0.0
0
LINE
8
VISIBLE
10
412.763831
20
164.380981
30
0.0
11
411.591940
21
162.672852
31
0.0
0
LINE
8
VISIBLE
10
411.591940
20
162.672852
30
0.0
11
410.267267
21
161.080284
31
0.0
0
LINE
8
VISIBLE
10
410.267267
20
161.080284
30
0.0
11
408.801140
21
159.616897
31
0.0
0
LINE
8
VISIBLE
10
408.801140
20
159.616897
30
0.0
11
407.206097
21
158.295204
31
0.0
0
LINE
8
VISIBLE
10
407.206097
20
158.295204
30
0.0
11
405.495779
21
157.126510
31
0.0
0
LINE
8
VISIBLE
10
405.495779
20
157.126510
30
0.0
11
403.684813
21
156.120809
31
0.0
0
LINE
8
VISIBLE
10
403.684813
20
156.120809
30
0.0
11
401.788686
21
155.286701
31
0.0
0
LINE
8
VISIBLE
10
401.788686
20
155.286701
30
0.0
11
399.823614
21
154.631320
31
0.0
0
LINE
8
VISIBLE
10
399.823614
20
154.631320
30
0.0
11
397.806402
21
154.160271
31
0.0
0
LINE
8
VISIBLE
10
397.806402
20
154.160271
30
0.0
11
395.754300
21
153.877582
31
0.0
0
LINE
8
VISIBLE
10
395.754300
20
153.877582
30
0.0
11
393.684859
21
153.785670
31
0.0
0
LINE
8
VISIBLE
10
393.684859
20
153.785670
30
0.0
11
391.615777
21
153.885323
31
0.0
0
LINE
8
VISIBLE
10
391.615777
20
153.885323
30
0.0
11
389.564748
21
154.175686
31
0.0
0
LINE
8
VISIBLE
10
389.564748
20
154.175686
30
0.0
11
387.549311
21
154.654278
31
0.0
0
LINE
8
VISIBLE
10
387.549311
20
154.654278
30
0.0
11
385.586705
21
155.317005
31
0.0
0
LINE
8
VISIBLE
10
385.586705
20
155.317005
30
0.0
11
383.693711
21
156.158200
31
0.0
0
LINE
8
VISIBLE
10
383.693711
20
156.158200
30
0.0
11
381.886520
21
157.170669
31
0.0
0
LINE
8
VISIBLE
10
381.886520
20
157.170669
30
0.0
11
380.180586
21
158.345752
31
0.0
0
LINE
8
VISIBLE
10
380.180586
20
158.345752
30
0.0
11
378.590498
21
159.673402
31
0.0
0
LINE
8
VISIBLE
10
378.590498
20
159.673402
30
0.0
11
377.129856
21
161.142264
31
0.0
0
LINE
8
VISIBLE
10
377.129856
20
161.142264
30
0.0
11
375.811149
21
162.739776
31
0.0
0
LINE
8
VISIBLE
10
375.811149
20
162.739776
30
0.0
11
374.645656
21
164.452277
31
0.0
0
LINE
8
VISIBLE
10
374.645656
20
164.452277
30
0.0
11
330.645656
21
236.006277
31
0.0
0
LINE
8
VISIBLE
10
329.824885
20
237.459789
30
0.0
11
330.645656
21
236.006277
31
0.0
0
LINE
8
VISIBLE
10
329.114649
20
238.970393
30
0.0
11
329.567193
21
238.007876
31
0.0
0
LINE
8
VISIBLE
10
329.567193
20
238.007876
30
0.0
11
329.824885
21
237.459789
31
0.0
0
LINE
8
VISIBLE
10
328.518894
20
240.529696
30
0.0
11
328.844720
21
239.676894
31
0.0
0
LINE
8
VISIBLE
10
328.844720
20
239.676894
30
0.0
11
329.114649
21
238.970393
31
0.0
0
LINE
8
VISIBLE
10
328.040928
20
242.129035
30
0.0
11
328.277802
21
241.336421
31
0.0
0
LINE
8
VISIBLE
10
328.277802
20
241.336421
30
0.0
11
328.518894
21
240.529696
31
0.0
0
LINE
8
VISIBLE
10
327.683406
20
243.759526
30
0.0
11
327.846880
21
243.013994
31
0.0
0
LINE
8
VISIBLE
10
327.846880
20
243.013994
30
0.0
11
328.040928
21
242.129035
31
0.0
0
LINE
8
VISIBLE
10
327.448313
20
245.412110
30
0.0
11
327.548180
21
244.710096
31
0.0
0
LINE
8
VISIBLE
10
327.548180
20
244.710096
30
0.0
11
327.683406
21
243.759526
31
0.0
0
LINE
8
VISIBLE
10
327.336955
20
247.077606
30
0.0
11
327.381001
21
246.418855
31
0.0
0
LINE
8
VISIBLE
10
327.381001
20
246.418855
30
0.0
11
327.448313
21
245.412110
31
0.0
0
LINE
8
VISIBLE
10
327.349950
20
248.746762
30
0.0
11
327.345166
21
248.132240
31
0.0
0
LINE
8
VISIBLE
10
327.345166
20
248.132240
30
0.0
11
327.336955
21
247.077606
31
0.0
0
LINE
8
VISIBLE
10
327.487223
20
250.410305
30
0.0
11
327.440271
21
249.841321
31
0.0
0
LINE
8
VISIBLE
10
327.440271
20
249.841321
30
0.0
11
327.349950
21
248.746762
31
0.0
0
LINE
8
VISIBLE
10
327.748010
20
252.058992
30
0.0
11
327.665408
21
251.536785
31
0.0
0
LINE
8
VISIBLE
10
327.665408
20
251.536785
30
0.0
11
327.487223
21
250.410305
31
0.0
0
LINE
8
VISIBLE
10
328.130862
20
253.683666
30
0.0
11
328.019049
21
253.209176
31
0.0
0
LINE
8
VISIBLE
10
328.019049
20
253.209176
30
0.0
11
327.748010
21
252.058992
31
0.0
0
LINE
8
VISIBLE
10
328.633649
20
255.275301
30
0.0
11
328.498998
21
254.849048
31
0.0
0
LINE
8
VISIBLE
10
328.498998
20
254.849048
30
0.0
11
328.130862
21
253.683666
31
0.0
0
LINE
8
VISIBLE
10
329.253576
20
256.825056
30
0.0
11
329.102375
21
256.447069
31
0.0
0
LINE
8
VISIBLE
10
329.102375
20
256.447069
30
0.0
11
328.633649
21
255.275301
31
0.0
0
LINE
8
VISIBLE
10
329.987197
20
258.324321
30
0.0
11
329.825613
21
257.994100
31
0.0
0
LINE
8
VISIBLE
10
329.825613
20
257.994100
30
0.0
11
329.253576
21
256.825056
31
0.0
0
LINE
8
VISIBLE
10
330.830435
20
259.764768
30
0.0
11
330.664472
21
259.481265
31
0.0
0
LINE
8
VISIBLE
10
330.664472
20
259.481265
30
0.0
11
329.987197
21
258.324321
31
0.0
0
LINE
8
VISIBLE
10
331.778603
20
261.138398
30
0.0
11
331.614055
21
260.900013
31
0.0
0
LINE
8
VISIBLE
10
331.614055
20
260.900013
30
0.0
11
330.830435
21
259.764768
31
0.0
0
LINE
8
VISIBLE
10
332.826431
20
262.437579
30
0.0
11
332.668831
21
262.242174
31
0.0
0
LINE
8
VISIBLE
10
332.668831
20
262.242174
30
0.0
11
331.778603
21
261.138398
31
0.0
0
LINE
8
VISIBLE
10
330.093238
20
262.227038
30
0.0
11
330.217678
21
262.383208
31
0.0
0
LINE
8
VISIBLE
10
330.217678
20
262.383208
30
0.0
11
331.221066
21
263.642443
31
0.0
0
LINE
8
VISIBLE
10
329.073424
20
260.731931
30
0.0
11
329.172588
21
260.877312
31
0.0
0
LINE
8
VISIBLE
10
329.172588
20
260.877312
30
0.0
11
330.093238
21
262.227038
31
0.0
0
LINE
8
VISIBLE
10
328.167233
20
259.165347
30
0.0
11
328.241113
21
259.293067
31
0.0
0
LINE
8
VISIBLE
10
328.241113
20
259.293067
30
0.0
11
329.073424
21
260.731931
31
0.0
0
LINE
8
VISIBLE
10
327.379653
20
257.535904
30
0.0
11
327.428976
21
257.637951
31
0.0
0
LINE
8
VISIBLE
10
327.428976
20
257.637951
30
0.0
11
328.167233
21
259.165347
31
0.0
0
LINE
8
VISIBLE
10
326.715014
20
255.852567
30
0.0
11
326.741446
21
255.919511
31
0.0
0
LINE
8
VISIBLE
10
326.741446
20
255.919511
30
0.0
11
327.379653
21
257.535904
31
0.0
0
LINE
8
VISIBLE
10
326.176975
20
254.124598
30
0.0
11
326.183388
21
254.145195
31
0.0
0
LINE
8
VISIBLE
10
326.183388
20
254.145195
30
0.0
11
326.715014
21
255.852567
31
0.0
0
LINE
8
VISIBLE
10
325.768494
20
252.361501
30
0.0
11
326.176975
21
254.124598
31
0.0
0
LINE
8
VISIBLE
10
325.491820
20
250.572977
30
0.0
11
325.768494
21
252.361501
31
0.0
0
LINE
8
VISIBLE
10
325.348473
20
248.768865
30
0.0
11
325.491820
21
250.572977
31
0.0
0
LINE
8
VISIBLE
10
325.339244
20
246.959091
30
0.0
11
325.348473
21
248.768865
31
0.0
0
LINE
8
VISIBLE
10
325.464182
20
245.153612
30
0.0
11
325.339244
21
246.959091
31
0.0
0
LINE
8
VISIBLE
10
325.722601
20
243.362359
30
0.0
11
325.464182
21
245.153612
31
0.0
0
LINE
8
VISIBLE
10
326.113078
20
241.595188
30
0.0
11
325.722601
21
243.362359
31
0.0
0
LINE
8
VISIBLE
10
326.633465
20
239.861820
30
0.0
11
326.113078
21
241.595188
31
0.0
0
LINE
8
VISIBLE
10
327.280900
20
238.171792
30
0.0
11
326.633465
21
239.861820
31
0.0
0
LINE
8
VISIBLE
10
328.051821
20
236.534401
30
0.0
11
327.280900
21
238.171792
31
0.0
0
LINE
8
VISIBLE
10
328.941986
20
234.958656
30
0.0
11
328.051821
21
236.534401
31
0.0
0
LINE
8
VISIBLE
10
372.941986
20
163.404656
30
0.0
11
328.941986
21
234.958656
31
0.0
0
LINE
8
VISIBLE
10
374.211541
20
161.539254
30
0.0
11
372.941986
21
163.404656
31
0.0
0
LINE
8
VISIBLE
10
375.647989
20
159.799106
30
0.0
11
374.211541
21
161.539254
31
0.0
0
LINE
8
VISIBLE
10
377.239047
20
158.199096
30
0.0
11
375.647989
21
159.799106
31
0.0
0
LINE
8
VISIBLE
10
378.971107
20
156.752906
30
0.0
11
377.239047
21
158.199096
31
0.0
0
LINE
8
VISIBLE
10
380.829356
20
155.472904
30
0.0
11
378.971107
21
156.752906
31
0.0
0
LINE
8
VISIBLE
10
382.797904
20
154.370036
30
0.0
11
380.829356
21
155.472904
31
0.0
0
LINE
8
VISIBLE
10
384.859914
20
153.453735
30
0.0
11
382.797904
21
154.370036
31
0.0
0
LINE
8
VISIBLE
10
386.997754
20
152.731836
30
0.0
11
384.859914
21
153.453735
31
0.0
0
LINE
8
VISIBLE
10
389.193140
20
152.210512
30
0.0
11
386.997754
21
152.731836
31
0.0
0
LINE
8
VISIBLE
10
391.427297
20
151.894224
30
0.0
11
389.193140
21
152.210512
31
0.0
0
LINE
8
VISIBLE
10
393.681119
20
151.785674
30
0.0
11
391.427297
21
151.894224
31
0.0
0
LINE
8
VISIBLE
10
395.935331
20
151.885792
30
0.0
11
393.681119
21
151.785674
31
0.0
0
LINE
8
VISIBLE
10
398.170656
20
152.193721
30
0.0
11
395.935331
21
151.885792
31
0.0
0
LINE
8
VISIBLE
10
400.367976
20
152.706828
30
0.0
11
398.170656
21
152.193721
31
0.0
0
LINE
8
VISIBLE
10
402.508501
20
153.420725
30
0.0
11
400.367976
21
152.706828
31
0.0
0
LINE
8
VISIBLE
10
404.573925
20
154.329307
30
0.0
11
402.508501
21
153.420725
31
0.0
0
LINE
8
VISIBLE
10
406.546584
20
155.424803
30
0.0
11
404.573925
21
154.329307
31
0.0
0
LINE
8
VISIBLE
10
408.409609
20
156.697845
30
0.0
11
406.546584
21
155.424803
31
0.0
0
LINE
8
VISIBLE
10
410.147067
20
158.137545
30
0.0
11
408.409609
21
156.697845
31
0.0
0
LINE
8
VISIBLE
10
411.744098
20
159.731593
30
0.0
11
410.147067
21
158.137545
31
0.0
0
LINE
8
VISIBLE
10
413.187046
20
161.466354
30
0.0
11
411.744098
21
159.731593
31
0.0
0
LINE
8
VISIBLE
10
414.463570
20
163.326995
30
0.0
11
413.187046
21
161.466354
31
0.0
0
LINE
8
VISIBLE
10
414.726756
20
163.798832
30
0.0
11
414.463570
21
163.326995
31
0.0
0
LINE
8
VISIBLE
10
414.726756
20
163.798832
30
0.0
11
414.726756
21
168.430833
31
0.0
0
LINE
8
VISIBLE
10
330.093238
20
262.227038
30
0.0
11
330.155431
21
262.305539
31
0.0
0
LINE
8
VISIBLE
10
330.155431
20
262.305539
30
0.0
11
330.178217
21
262.333686
31
0.0
0
LINE
8
VISIBLE
10
329.643018
20
237.847510
30
0.0
11
329.840933
21
237.431370
31
0.0
0
LINE
8
VISIBLE
10
328.959760
20
239.379035
30
0.0
11
329.142483
21
238.911193
31
0.0
0
LINE
8
VISIBLE
10
328.410632
20
240.900036
30
0.0
11
328.553998
21
240.437815
31
0.0
0
LINE
8
VISIBLE
10
327.977296
20
242.437236
30
0.0
11
328.078578
21
242.003052
31
0.0
0
LINE
8
VISIBLE
10
327.656116
20
243.992441
30
0.0
11
327.718711
21
243.598517
31
0.0
0
LINE
8
VISIBLE
10
327.446435
20
245.561619
30
0.0
11
327.476260
21
245.215656
31
0.0
0
LINE
8
VISIBLE
10
327.348233
20
247.138748
30
0.0
11
327.352454
21
246.845801
31
0.0
0
LINE
8
VISIBLE
10
327.361426
20
248.716966
30
0.0
11
327.347875
21
248.480210
31
0.0
0
LINE
8
VISIBLE
10
327.485617
20
250.289031
30
0.0
11
327.462452
21
250.110116
31
0.0
0
LINE
8
VISIBLE
10
327.719982
20
251.847528
30
0.0
11
327.695460
21
251.726771
31
0.0
0
LINE
8
VISIBLE
10
328.063224
20
253.384998
30
0.0
11
328.045515
21
253.321490
31
0.0
0
LINE
8
VISIBLE
10
328.513552
20
254.894018
30
0.0
11
328.510575
21
254.885696
31
0.0
0
LINE
8
VISIBLE
10
329.073424
20
260.731931
30
0.0
11
329.117831
21
260.797392
31
0.0
0
LINE
8
VISIBLE
10
329.117831
20
260.797392
30
0.0
11
329.135686
21
260.823212
31
0.0
0
LINE
8
VISIBLE
10
328.167233
20
259.165347
30
0.0
11
328.196670
21
259.216494
31
0.0
0
LINE
8
VISIBLE
10
328.196670
20
259.216494
30
0.0
11
328.209654
21
259.238681
31
0.0
0
LINE
8
VISIBLE
10
327.379653
20
257.535904
30
0.0
11
327.396999
21
257.571951
31
0.0
0
LINE
8
VISIBLE
10
327.396999
20
257.571951
30
0.0
11
327.405387
21
257.589148
31
0.0
0
LINE
8
VISIBLE
10
326.715014
20
255.852567
30
0.0
11
326.723145
21
255.873229
31
0.0
0
LINE
8
VISIBLE
10
326.723145
20
255.873229
30
0.0
11
326.727452
21
255.884068
31
0.0
0
LINE
8
VISIBLE
10
326.176975
20
254.124598
30
0.0
11
326.178683
21
254.130091
31
0.0
0
LINE
8
VISIBLE
10
326.178683
20
254.130091
30
0.0
11
326.179672
21
254.133260
31
0.0
0
ARC
8
VISIBLE
10
409.726756
20
221.185631
30
0.0
40
1.795122
50
333.534928
51
26.465072
0
ARC
8
VISIBLE
10
409.726756
20
221.185631
30
0.0
40
1.795122
50
296.465072
51
333.534928
0
ARC
8
VISIBLE
10
409.726756
20
221.185631
30
0.0
40
1.795122
50
243.534928
51
296.465072
0
ARC
8
VISIBLE
10
409.726756
20
221.185631
30
0.0
40
1.795122
50
116.465072
51
243.534928
0
ARC
8
VISIBLE
10
409.726756
20
221.185631
30
0.0
40
1.795122
50
90.000000
51
116.465072
0
ARC
8
VISIBLE
10
409.726756
20
221.185631
30
0.0
40
1.795122
50
63.534928
51
90.000000
0
ARC
8
VISIBLE
10
409.726756
20
221.185631
30
0.0
40
1.795122
50
26.465072
51
63.534928
0
CIRCLE
8
VISIBLE
10
409.726756
20
221.185631
30
0.0
40
1.600000
0
ARC
8
VISIBLE
10
394.726756
20
263.739631
30
0.0
40
1.795122
50
90.000000
51
116.465072
0
ARC
8
VISIBLE
10
394.726756
20
263.739631
30
0.0
40
1.795122
50
63.534928
51
90.000000
0
ARC
8
VISIBLE
10
394.726756
20
263.739631
30
0.0
40
1.795122
50
26.465072
51
63.534928
0
ARC
8
VISIBLE
10
394.726756
20
263.739631
30
0.0
40
1.795122
50
333.534928
51
26.465072
0
ARC
8
VISIBLE
10
394.726756
20
263.739631
30
0.0
40
1.795122
50
296.465072
51
333.534928
0
ARC
8
VISIBLE
10
394.726756
20
263.739631
30
0.0
40
1.795122
50
243.534928
51
296.465072
0
ARC
8
VISIBLE
10
394.726756
20
263.739631
30
0.0
40
1.795122
50
206.465072
51
243.534928
0
ARC
8
VISIBLE
10
394.726756
20
263.739631
30
0.0
40
1.795122
50
153.534928
51
206.465072
0
ARC
8
VISIBLE
10
394.726756
20
263.739631
30
0.0
40
1.795122
50
116.465072
51
153.534928
0
CIRCLE
8
VISIBLE
10
394.726756
20
263.739631
30
0.0
40
1.600000
0
ARC
8
VISIBLE
10
394.726756
20
231.739631
30
0.0
40
1.795122
50
26.465072
51
63.534928
0
ARC
8
VISIBLE
10
394.726756
20
231.739631
30
0.0
40
1.795122
50
333.534928
51
26.465072
0
ARC
8
VISIBLE
10
394.726756
20
231.739631
30
0.0
40
1.795122
50
296.465072
51
333.534928
0
ARC
8
VISIBLE
10
394.726756
20
231.739631
30
0.0
40
1.795122
50
243.534928
51
296.465072
0
ARC
8
VISIBLE
10
394.726756
20
231.739631
30
0.0
40
1.795122
50
206.465072
51
243.534928
0
ARC
8
VISIBLE
10
394.726756
20
231.739631
30
0.0
40
1.795122
50
153.534928
51
206.465072
0
ARC
8
VISIBLE
10
394.726756
20
231.739631
30
0.0
40
1.795122
50
116.465072
51
153.534928
0
ARC
8
VISIBLE
10
394.726756
20
231.739631
30
0.0
40
1.795122
50
90.000000
51
116.465072
0
ARC
8
VISIBLE
10
394.726756
20
231.739631
30
0.0
40
1.795122
50
63.534928
51
90.000000
0
CIRCLE
8
VISIBLE
10
394.726756
20
231.739631
30
0.0
40
1.600000
0
ARC
8
VISIBLE
10
377.726756
20
221.185631
30
0.0
40
1.795122
50
296.465072
51
63.534928
0
ARC
8
VISIBLE
10
377.726756
20
221.185631
30
0.0
40
1.795122
50
243.534928
51
296.465072
0
ARC
8
VISIBLE
10
377.726756
20
221.185631
30
0.0
40
1.795122
50
206.465072
51
243.534928
0
ARC
8
VISIBLE
10
377.726756
20
221.185631
30
0.0
40
1.795122
50
153.534928
51
206.465072
0
ARC
8
VISIBLE
10
377.726756
20
221.185631
30
0.0
40
1.795122
50
116.465072
51
153.534928
0
ARC
8
VISIBLE
10
377.726756
20
221.185631
30
0.0
40
1.795122
50
90.000000
51
116.465072
0
ARC
8
VISIBLE
10
377.726756
20
221.185631
30
0.0
40
1.795122
50
63.534928
51
90.000000
0
CIRCLE
8
VISIBLE
10
377.726756
20
221.185631
30
0.0
40
1.600000
0
LINE
8
VISIBLE
10
417.665008
20
186.085631
30
0.0
11
417.036115
21
181.725631
31
0.0
0
LINE
8
VISIBLE
10
409.726756
20
222.785631
30
0.0
11
409.726756
21
222.980753
31
0.0
0
LINE
8
VISIBLE
10
394.726756
20
265.339631
30
0.0
11
394.726756
21
265.534753
31
0.0
0
LINE
8
VISIBLE
10
394.726756
20
233.339631
30
0.0
11
394.726756
21
233.534753
31
0.0
0
LINE
8
VISIBLE
10
377.726756
20
222.785631
30
0.0
11
377.726756
21
222.980753
31
0.0
0
LINE
8
VISIBLE
10
346.325071
20
269.845722
30
0.0
11
348.776653
21
270.106184
31
0.0
0
LINE
8
VISIBLE
10
344.723495
20
269.541086
30
0.0
11
347.150501
21
269.979699
31
0.0
0
LINE
8
VISIBLE
10
340.110327
20
267.941042
30
0.0
11
342.387146
21
268.897289
31
0.0
0
LINE
8
VISIBLE
10
338.663768
20
267.188422
30
0.0
11
340.632685
21
268.196911
31
0.0
0
LINE
8
VISIBLE
10
341.607825
20
268.586214
30
0.0
11
343.947221
21
269.373636
31
0.0
0
LINE
8
VISIBLE
10
343.148283
20
269.120507
30
0.0
11
345.537828
21
269.735082
31
0.0
0
LINE
8
VISIBLE
10
337.275852
20
266.332355
30
0.0
11
339.095964
21
267.441250
31
0.0
0
LINE
8
VISIBLE
10
335.953973
20
265.377400
30
0.0
11
337.635177
21
266.579742
31
0.0
0
LINE
8
VISIBLE
10
334.705174
20
264.328642
30
0.0
11
336.243731
21
265.610086
31
0.0
0
LINE
8
VISIBLE
10
333.536104
20
263.191672
30
0.0
11
334.929608
21
264.537822
31
0.0
0
LINE
8
VISIBLE
10
331.303723
20
263.732240
30
0.0
11
331.370185
21
263.803481
31
0.0
0
LINE
8
VISIBLE
10
331.370333
20
263.803640
30
0.0
11
331.370185
21
263.803481
31
0.0
0
LINE
8
VISIBLE
10
332.452990
20
261.972555
30
0.0
11
333.822669
21
263.500007
31
0.0
0
LINE
8
VISIBLE
10
330.155431
20
262.305539
30
0.0
11
330.217678
21
262.383208
31
0.0
0
LINE
8
VISIBLE
10
331.461595
20
260.677796
30
0.0
11
332.668831
21
262.242174
31
0.0
0
LINE
8
VISIBLE
10
329.643018
20
237.847510
30
0.0
11
329.567193
21
238.007876
31
0.0
0
LINE
8
VISIBLE
10
328.959760
20
239.379035
30
0.0
11
328.844720
21
239.676894
31
0.0
0
LINE
8
VISIBLE
10
328.410632
20
240.900036
30
0.0
11
328.277802
21
241.336421
31
0.0
0
LINE
8
VISIBLE
10
327.977296
20
242.437236
30
0.0
11
327.846880
21
243.013994
31
0.0
0
LINE
8
VISIBLE
10
327.656116
20
243.992441
30
0.0
11
327.548180
21
244.710096
31
0.0
0
LINE
8
VISIBLE
10
327.446435
20
245.561619
30
0.0
11
327.381001
21
246.418855
31
0.0
0
LINE
8
VISIBLE
10
327.348233
20
247.138748
30
0.0
11
327.345166
21
248.132240
31
0.0
0
LINE
8
VISIBLE
10
327.361426
20
248.716966
30
0.0
11
327.440271
21
249.841321
31
0.0
0
LINE
8
VISIBLE
10
327.485617
20
250.289031
30
0.0
11
327.665408
21
251.536785
31
0.0
0
LINE
8
VISIBLE
10
327.719982
20
251.847528
30
0.0
11
328.019049
21
253.209176
31
0.0
0
LINE
8
VISIBLE
10
328.063224
20
253.384998
30
0.0
11
328.498998
21
254.849048
31
0.0
0
LINE
8
VISIBLE
10
328.513552
20
254.894018
30
0.0
11
329.102375
21
256.447069
31
0.0
0
LINE
8
VISIBLE
10
329.087833
20
256.410671
30
0.0
11
329.825613
21
257.994100
31
0.0
0
LINE
8
VISIBLE
10
329.774538
20
257.889395
30
0.0
11
330.664472
21
259.481265
31
0.0
0
LINE
8
VISIBLE
10
330.567194
20
259.314313
30
0.0
11
331.614055
21
260.900013
31
0.0
0
LINE
8
VISIBLE
10
329.117831
20
260.797392
30
0.0
11
329.172588
21
260.877312
31
0.0
0
LINE
8
VISIBLE
10
328.196670
20
259.216494
30
0.0
11
328.241113
21
259.293067
31
0.0
0
LINE
8
VISIBLE
10
327.396999
20
257.571951
30
0.0
11
327.428976
21
257.637951
31
0.0
0
LINE
8
VISIBLE
10
326.723145
20
255.873229
30
0.0
11
326.741446
21
255.919511
31
0.0
0
LINE
8
VISIBLE
10
326.178683
20
254.130091
30
0.0
11
326.183388
21
254.145195
31
0.0
0
LINE
8
HIDDEN
10
415.122210
20
176.185631
30
0.0
11
410.126756
21
176.185631
31
0.0
0
LINE
8
HIDDEN
10
410.126756
20
176.185631
30
0.0
11
410.056630
21
174.670633
31
0.0
0
LINE
8
HIDDEN
10
415.325478
20
174.181818
30
0.0
11
410.056630
21
174.670633
31
0.0
0
LINE
8
HIDDEN
10
411.450125
20
220.385631
30
0.0
11
415.122210
21
220.385631
31
0.0
0
LINE
8
HIDDEN
10
411.450125
20
221.985631
30
0.0
11
415.122210
21
221.985631
31
0.0
0
LINE
8
HIDDEN
10
395.526756
20
265.463000
30
0.0
11
395.526756
21
267.633224
31
0.0
0
LINE
8
HIDDEN
10
393.926756
20
265.463000
30
0.0
11
393.926756
21
267.714879
31
0.0
0
LINE
8
HIDDEN
10
415.122210
20
176.185631
30
0.0
11
409.725921
21
176.185631
31
0.0
0
LINE
8
HIDDEN
10
409.725921
20
176.185631
30
0.0
11
410.126756
21
176.185631
31
0.0
0
LINE
8
HIDDEN
10
410.056630
20
174.670633
30
0.0
11
409.846852
21
173.168592
31
0.0
0
LINE
8
HIDDEN
10
409.725921
20
246.325631
30
0.0
11
409.725921
21
176.185631
31
0.0
0
LINE
8
HIDDEN
10
409.846852
20
173.168592
30
0.0
11
409.499214
21
171.692352
31
0.0
0
LINE
8
HIDDEN
10
409.648880
20
247.893824
30
0.0
11
409.725921
21
246.325631
31
0.0
0
LINE
8
HIDDEN
10
409.499214
20
171.692352
30
0.0
11
409.016692
21
170.254538
31
0.0
0
LINE
8
HIDDEN
10
409.418501
20
249.446913
30
0.0
11
409.648880
21
247.893824
31
0.0
0
LINE
8
HIDDEN
10
409.016692
20
170.254538
30
0.0
11
408.403411
21
168.867447
31
0.0
0
LINE
8
HIDDEN
10
409.037002
20
250.969943
30
0.0
11
409.418501
21
249.446913
31
0.0
0
LINE
8
HIDDEN
10
408.403411
20
168.867447
30
0.0
11
407.664615
21
167.542941
31
0.0
0
LINE
8
HIDDEN
10
408.508057
20
252.448246
30
0.0
11
409.037002
21
250.969943
31
0.0
0
LINE
8
HIDDEN
10
407.664615
20
167.542941
30
0.0
11
406.806623
21
166.292347
31
0.0
0
LINE
8
HIDDEN
10
407.836759
20
253.867585
30
0.0
11
408.508057
21
252.448246
31
0.0
0
LINE
8
HIDDEN
10
406.806623
20
166.292347
30
0.0
11
405.836773
21
165.126359
31
0.0
0
LINE
8
HIDDEN
10
407.029575
20
255.214291
30
0.0
11
407.836759
21
253.867585
31
0.0
0
LINE
8
HIDDEN
10
405.836773
20
165.126359
30
0.0
11
404.763358
21
164.054951
31
0.0
0
LINE
8
HIDDEN
10
406.094277
20
256.475394
30
0.0
11
407.029575
21
255.214291
31
0.0
0
LINE
8
HIDDEN
10
404.763358
20
164.054951
30
0.0
11
403.595559
21
163.087283
31
0.0
0
LINE
8
HIDDEN
10
405.039874
20
257.638749
30
0.0
11
406.094277
21
256.475394
31
0.0
0
LINE
8
HIDDEN
10
403.595559
20
163.087283
30
0.0
11
402.343362
21
162.231632
31
0.0
0
LINE
8
HIDDEN
10
403.876519
20
258.693153
30
0.0
11
405.039874
21
257.638749
31
0.0
0
LINE
8
HIDDEN
10
402.343362
20
162.231632
30
0.0
11
401.017476
21
161.495315
31
0.0
0
LINE
8
HIDDEN
10
402.615416
20
259.628450
30
0.0
11
403.876519
21
258.693153
31
0.0
0
LINE
8
HIDDEN
10
401.017476
20
161.495315
30
0.0
11
399.629241
21
160.884629
31
0.0
0
LINE
8
HIDDEN
10
401.268710
20
260.435634
30
0.0
11
402.615416
21
259.628450
31
0.0
0
LINE
8
HIDDEN
10
399.629241
20
160.884629
30
0.0
11
398.190527
21
160.404796
31
0.0
0
LINE
8
HIDDEN
10
399.849371
20
261.106932
30
0.0
11
401.268710
21
260.435634
31
0.0
0
LINE
8
HIDDEN
10
398.190527
20
160.404796
30
0.0
11
396.713639
21
160.059921
31
0.0
0
LINE
8
HIDDEN
10
398.371068
20
261.635877
30
0.0
11
399.849371
21
261.106932
31
0.0
0
LINE
8
HIDDEN
10
396.713639
20
160.059921
30
0.0
11
395.211208
21
159.852952
31
0.0
0
LINE
8
HIDDEN
10
396.848038
20
262.017376
30
0.0
11
398.371068
21
261.635877
31
0.0
0
LINE
8
HIDDEN
10
395.211208
20
159.852952
30
0.0
11
393.696082
21
159.785660
31
0.0
0
LINE
8
HIDDEN
10
395.294949
20
262.247755
30
0.0
11
396.848038
21
262.017376
31
0.0
0
LINE
8
HIDDEN
10
393.696082
20
159.785660
30
0.0
11
392.181218
21
159.858620
31
0.0
0
LINE
8
HIDDEN
10
393.726756
20
262.328796
30
0.0
11
395.294949
21
262.247755
31
0.0
0
LINE
8
HIDDEN
10
392.181218
20
159.858620
30
0.0
11
390.679571
21
160.071207
31
0.0
0
LINE
8
HIDDEN
10
346.675371
20
263.853260
30
0.0
11
393.726756
21
262.328796
31
0.0
0
LINE
8
HIDDEN
10
390.679571
20
160.071207
30
0.0
11
389.203984
21
160.421605
31
0.0
0
LINE
8
HIDDEN
10
345.569994
20
263.604099
30
0.0
11
346.675371
21
263.853260
31
0.0
0
LINE
8
HIDDEN
10
389.203984
20
160.421605
30
0.0
11
387.767076
21
160.906816
31
0.0
0
LINE
8
HIDDEN
10
344.484461
20
263.279205
30
0.0
11
345.569994
21
263.604099
31
0.0
0
LINE
8
HIDDEN
10
387.767076
20
160.906816
30
0.0
11
386.381134
21
161.522690
31
0.0
0
LINE
8
HIDDEN
10
343.423952
20
262.880129
30
0.0
11
344.484461
21
263.279205
31
0.0
0
LINE
8
HIDDEN
10
386.381134
20
161.522690
30
0.0
11
385.058012
21
162.263962
31
0.0
0
LINE
8
HIDDEN
10
342.393532
20
262.408777
30
0.0
11
343.423952
21
262.880129
31
0.0
0
LINE
8
HIDDEN
10
385.058012
20
162.263962
30
0.0
11
383.809024
21
163.124291
31
0.0
0
LINE
8
HIDDEN
10
341.398118
20
261.867398
30
0.0
11
342.393532
21
262.408777
31
0.0
0
LINE
8
HIDDEN
10
383.809024
20
163.124291
30
0.0
11
382.644853
21
164.096321
31
0.0
0
LINE
8
HIDDEN
10
340.442463
20
261.258577
30
0.0
11
341.398118
21
261.867398
31
0.0
0
LINE
8
HIDDEN
10
382.644853
20
164.096321
30
0.0
11
381.575454
21
165.171738
31
0.0
0
LINE
8
HIDDEN
10
339.531129
20
260.585221
30
0.0
11
340.442463
21
261.258577
31
0.0
0
LINE
8
HIDDEN
10
381.575454
20
165.171738
30
0.0
11
380.609972
21
166.341345
31
0.0
0
LINE
8
HIDDEN
10
338.668465
20
259.850544
30
0.0
11
339.531129
21
260.585221
31
0.0
0
LINE
8
HIDDEN
10
380.609972
20
166.341345
30
0.0
11
379.756665
21
167.595140
31
0.0
0
LINE
8
HIDDEN
10
337.858591
20
259.058052
30
0.0
11
338.668465
21
259.850544
31
0.0
0
LINE
8
HIDDEN
10
379.756665
20
167.595140
30
0.0
11
335.756665
21
239.149140
31
0.0
0
LINE
8
HIDDEN
10
337.105372
20
258.211530
30
0.0
11
337.858591
21
259.058052
31
0.0
0
LINE
8
HIDDEN
10
335.756665
20
239.149140
30
0.0
11
335.196829
21
240.134291
31
0.0
0
LINE
8
HIDDEN
10
336.412404
20
257.315018
30
0.0
11
337.105372
21
258.211530
31
0.0
0
LINE
8
HIDDEN
10
335.196829
20
240.134291
30
0.0
11
334.706354
21
241.155748
31
0.0
0
LINE
8
HIDDEN
10
335.782995
20
256.372795
30
0.0
11
336.412404
21
257.315018
31
0.0
0
LINE
8
HIDDEN
10
334.706354
20
241.155748
30
0.0
11
334.287583
21
242.208634
31
0.0
0
LINE
8
HIDDEN
10
335.220149
20
255.389360
30
0.0
11
335.782995
21
256.372795
31
0.0
0
LINE
8
HIDDEN
10
334.287583
20
242.208634
30
0.0
11
333.942514
21
243.287924
31
0.0
0
LINE
8
HIDDEN
10
334.726554
20
254.369408
30
0.0
11
335.220149
21
255.389360
31
0.0
0
LINE
8
HIDDEN
10
333.942514
20
243.287924
30
0.0
11
333.672795
21
244.388465
31
0.0
0
LINE
8
HIDDEN
10
334.304566
20
253.317807
30
0.0
11
334.726554
21
254.369408
31
0.0
0
LINE
8
HIDDEN
10
333.672795
20
244.388465
30
0.0
11
333.479712
21
245.505004
31
0.0
0
LINE
8
HIDDEN
10
333.956198
20
252.239577
30
0.0
11
334.304566
21
253.317807
31
0.0
0
LINE
8
HIDDEN
10
333.479712
20
245.505004
30
0.0
11
333.364189
21
246.632210
31
0.0
0
LINE
8
HIDDEN
10
333.683115
20
251.139866
30
0.0
11
333.956198
21
252.239577
31
0.0
0
LINE
8
HIDDEN
10
333.364189
20
246.632210
30
0.0
11
333.326775
21
247.764702
31
0.0
0
LINE
8
HIDDEN
10
333.486620
20
250.023923
30
0.0
11
333.683115
21
251.139866
31
0.0
0
LINE
8
HIDDEN
10
333.326775
20
247.764702
30
0.0
11
333.367651
21
248.897075
31
0.0
0
LINE
8
HIDDEN
10
333.367651
20
248.897075
30
0.0
11
333.486620
21
250.023923
31
0.0
0
CIRCLE
8
HIDDEN
10
393.726756
20
176.185631
30
0.0
40
5.370000
0
CIRCLE
8
HIDDEN
10
349.726756
20
247.739631
30
0.0
40
5.370000
0
LINE
8
HIDDEN
10
415.048014
20
172.195142
30
0.0
11
409.846852
21
173.168592
31
0.0
0
LINE
8
HIDDEN
10
414.588212
20
170.242591
30
0.0
11
409.499214
21
171.692352
31
0.0
0
LINE
8
HIDDEN
10
415.122210
20
246.325631
30
0.0
11
409.725921
21
246.325631
31
0.0
0
LINE
8
HIDDEN
10
415.122216
20
220.385631
30
0.0
11
414.320410
21
220.385631
31
0.0
0
LINE
8
HIDDEN
10
414.320410
20
220.385631
30
0.0
11
414.320410
21
221.985631
31
0.0
0
LINE
8
HIDDEN
10
415.122216
20
221.985631
30
0.0
11
414.320410
21
221.985631
31
0.0
0
LINE
8
HIDDEN
10
413.950003
20
168.340866
30
0.0
11
409.016692
21
170.254538
31
0.0
0
LINE
8
HIDDEN
10
415.526756
20
220.385631
30
0.0
11
414.320410
21
220.385631
31
0.0
0
LINE
8
HIDDEN
10
413.138846
20
166.506229
30
0.0
11
408.403411
21
168.867447
31
0.0
0
LINE
8
HIDDEN
10
412.161677
20
164.754369
30
0.0
11
407.664615
21
167.542941
31
0.0
0
LINE
8
HIDDEN
10
411.026854
20
163.100270
30
0.0
11
406.806623
21
166.292347
31
0.0
0
LINE
8
HIDDEN
10
409.744080
20
161.558076
30
0.0
11
405.836773
21
165.126359
31
0.0
0
LINE
8
HIDDEN
10
408.324327
20
160.140976
30
0.0
11
404.763358
21
164.054951
31
0.0
0
LINE
8
HIDDEN
10
406.779737
20
158.861089
30
0.0
11
403.595559
21
163.087283
31
0.0
0
LINE
8
HIDDEN
10
405.123517
20
157.729362
30
0.0
11
402.343362
21
162.231632
31
0.0
0
LINE
8
HIDDEN
10
403.369833
20
156.755471
30
0.0
11
401.017476
21
161.495315
31
0.0
0
LINE
8
HIDDEN
10
401.533682
20
155.947747
30
0.0
11
399.629241
21
160.884629
31
0.0
0
LINE
8
HIDDEN
10
399.630766
20
155.313096
30
0.0
11
398.190527
21
160.404796
31
0.0
0
LINE
8
HIDDEN
10
415.526756
20
221.985631
30
0.0
11
414.320410
21
221.985631
31
0.0
0
LINE
8
HIDDEN
10
397.677360
20
154.856947
30
0.0
11
396.713639
21
160.059921
31
0.0
0
LINE
8
HIDDEN
10
395.690168
20
154.583199
30
0.0
11
395.211208
21
159.852952
31
0.0
0
LINE
8
HIDDEN
10
415.019185
20
248.422752
30
0.0
11
409.648880
21
247.893824
31
0.0
0
LINE
8
HIDDEN
10
393.686185
20
154.494195
30
0.0
11
393.696082
21
159.785660
31
0.0
0
LINE
8
HIDDEN
10
414.711103
20
250.499677
30
0.0
11
409.418501
21
249.446913
31
0.0
0
LINE
8
HIDDEN
10
391.682549
20
154.590695
30
0.0
11
392.181218
21
159.858620
31
0.0
0
LINE
8
HIDDEN
10
414.200929
20
252.536404
30
0.0
11
409.037002
21
250.969943
31
0.0
0
LINE
8
HIDDEN
10
389.696394
20
154.871874
30
0.0
11
390.679571
21
160.071207
31
0.0
0
LINE
8
HIDDEN
10
413.493578
20
254.513317
30
0.0
11
408.508057
21
252.448246
31
0.0
0
LINE
8
HIDDEN
10
387.744708
20
155.335328
30
0.0
11
389.203984
21
160.421605
31
0.0
0
LINE
8
HIDDEN
10
412.595862
20
256.411378
30
0.0
11
407.836759
21
253.867585
31
0.0
0
LINE
8
HIDDEN
10
385.844179
20
155.977092
30
0.0
11
387.767076
21
160.906816
31
0.0
0
LINE
8
HIDDEN
10
411.516426
20
258.212309
30
0.0
11
407.029575
21
255.214291
31
0.0
0
LINE
8
HIDDEN
10
384.011063
20
156.791680
30
0.0
11
386.381134
21
161.522690
31
0.0
0
LINE
8
HIDDEN
10
410.265666
20
259.898764
30
0.0
11
406.094277
21
256.475394
31
0.0
0
LINE
8
HIDDEN
10
382.261034
20
157.772123
30
0.0
11
385.058012
21
162.263962
31
0.0
0
LINE
8
HIDDEN
10
408.855627
20
261.454502
30
0.0
11
405.039874
21
257.638749
31
0.0
0
LINE
8
HIDDEN
10
380.609060
20
158.910039
30
0.0
11
383.809024
21
163.124291
31
0.0
0
LINE
8
HIDDEN
10
407.299889
20
262.864541
30
0.0
11
403.876519
21
258.693153
31
0.0
0
LINE
8
HIDDEN
10
379.069268
20
160.195694
30
0.0
11
382.644853
21
164.096321
31
0.0
0
LINE
8
HIDDEN
10
405.613434
20
264.115301
30
0.0
11
402.615416
21
259.628450
31
0.0
0
LINE
8
HIDDEN
10
377.654826
20
161.618095
30
0.0
11
381.575454
21
165.171738
31
0.0
0
LINE
8
HIDDEN
10
403.812503
20
265.194737
30
0.0
11
401.268710
21
260.435634
31
0.0
0
LINE
8
HIDDEN
10
376.377830
20
163.165077
30
0.0
11
380.609972
21
166.341345
31
0.0
0
LINE
8
HIDDEN
10
401.914442
20
266.092453
30
0.0
11
399.849371
21
261.106932
31
0.0
0
LINE
8
HIDDEN
10
375.249203
20
164.823410
30
0.0
11
379.756665
21
167.595140
31
0.0
0
LINE
8
HIDDEN
10
399.937529
20
266.799804
30
0.0
11
398.371068
21
261.635877
31
0.0
0
LINE
8
HIDDEN
10
331.249203
20
236.377410
30
0.0
11
335.756665
21
239.149140
31
0.0
0
LINE
8
HIDDEN
10
397.900802
20
267.309978
30
0.0
11
396.848038
21
262.017376
31
0.0
0
LINE
8
HIDDEN
10
330.488882
20
237.718441
30
0.0
11
335.196829
21
240.134291
31
0.0
0
LINE
8
HIDDEN
10
395.823877
20
267.618060
30
0.0
11
395.294949
21
262.247755
31
0.0
0
LINE
8
HIDDEN
10
329.825726
20
239.110086
30
0.0
11
334.706354
21
241.155748
31
0.0
0
LINE
8
HIDDEN
10
393.726756
20
267.725085
30
0.0
11
393.726756
21
262.328796
31
0.0
0
LINE
8
HIDDEN
10
395.526756
20
267.633230
30
0.0
11
395.526756
21
266.831290
31
0.0
0
LINE
8
HIDDEN
10
395.526756
20
266.831290
30
0.0
11
393.926756
21
266.913063
31
0.0
0
LINE
8
HIDDEN
10
393.926756
20
267.714884
30
0.0
11
393.926756
21
266.913063
31
0.0
0
LINE
8
HIDDEN
10
329.263084
20
240.545315
30
0.0
11
334.287583
21
242.208634
31
0.0
0
LINE
8
HIDDEN
10
395.526756
20
266.831290
30
0.0
11
395.526756
21
269.539631
31
0.0
0
LINE
8
HIDDEN
10
395.526756
20
269.539631
30
0.0
11
395.526756
21
268.378993
31
0.0
0
LINE
8
HIDDEN
10
395.526756
20
268.656353
30
0.0
11
395.526756
21
268.378998
31
0.0
0
LINE
8
HIDDEN
10
328.803797
20
242.016881
30
0.0
11
333.942514
21
243.287924
31
0.0
0
LINE
8
HIDDEN
10
328.450186
20
243.517351
30
0.0
11
333.672795
21
244.388465
31
0.0
0
LINE
8
HIDDEN
10
328.204036
20
245.039146
30
0.0
11
333.479712
21
245.505004
31
0.0
0
LINE
8
HIDDEN
10
328.066591
20
246.574581
30
0.0
11
333.364189
21
246.632210
31
0.0
0
LINE
8
HIDDEN
10
328.038544
20
248.115900
30
0.0
11
333.326775
21
247.764702
31
0.0
0
LINE
8
HIDDEN
10
328.120038
20
249.655319
30
0.0
11
333.367651
21
248.897075
31
0.0
0
LINE
8
HIDDEN
10
328.310661
20
251.185062
30
0.0
11
333.486620
21
250.023923
31
0.0
0
LINE
8
HIDDEN
10
328.609449
20
252.697403
30
0.0
11
333.683115
21
251.139866
31
0.0
0
LINE
8
HIDDEN
10
329.014895
20
254.184704
30
0.0
11
333.956198
21
252.239577
31
0.0
0
LINE
8
HIDDEN
10
329.524949
20
255.639454
30
0.0
11
334.304566
21
253.317807
31
0.0
0
LINE
8
HIDDEN
10
330.137037
20
257.054304
30
0.0
11
334.726554
21
254.369408
31
0.0
0
LINE
8
HIDDEN
10
330.848066
20
258.422108
30
0.0
11
335.220149
21
255.389360
31
0.0
0
LINE
8
HIDDEN
10
331.654446
20
259.735959
30
0.0
11
335.782995
21
256.372795
31
0.0
0
LINE
8
HIDDEN
10
332.552103
20
260.989220
30
0.0
11
336.412404
21
257.315018
31
0.0
0
LINE
8
HIDDEN
10
393.926756
20
266.913063
30
0.0
11
393.926756
21
269.539631
31
0.0
0
LINE
8
HIDDEN
10
393.926756
20
269.539631
30
0.0
11
393.926756
21
268.460545
31
0.0
0
LINE
8
HIDDEN
10
393.926756
20
268.737868
30
0.0
11
393.926756
21
268.460550
31
0.0
0
LINE
8
HIDDEN
10
333.536504
20
262.175561
30
0.0
11
337.105372
21
258.211530
31
0.0
0
LINE
8
HIDDEN
10
334.602677
20
263.288991
30
0.0
11
337.858591
21
259.058052
31
0.0
0
LINE
8
HIDDEN
10
346.876395
20
269.243030
30
0.0
11
346.675371
21
263.853260
31
0.0
0
LINE
8
HIDDEN
10
335.745238
20
264.323887
30
0.0
11
338.668465
21
259.850544
31
0.0
0
LINE
8
HIDDEN
10
345.356350
20
268.986283
30
0.0
11
345.569994
21
263.604099
31
0.0
0
LINE
8
HIDDEN
10
336.958414
20
265.275020
30
0.0
11
339.531129
21
260.585221
31
0.0
0
LINE
8
HIDDEN
10
343.858380
20
268.622227
30
0.0
11
344.484461
21
263.279205
31
0.0
0
LINE
8
HIDDEN
10
338.236080
20
266.137588
30
0.0
11
340.442463
21
261.258577
31
0.0
0
LINE
8
HIDDEN
10
342.390048
20
268.152698
30
0.0
11
343.423952
21
262.880129
31
0.0
0
LINE
8
HIDDEN
10
339.571781
20
266.907234
30
0.0
11
341.398118
21
261.867398
31
0.0
0
LINE
8
HIDDEN
10
340.958773
20
267.580070
30
0.0
11
342.393532
21
262.408777
31
0.0
0
CIRCLE
8
HIDDEN
10
393.726756
20
176.185631
30
0.0
40
5.370000
0
CIRCLE
8
HIDDEN
10
349.726756
20
247.739631
30
0.0
40
5.370000
0
LINE
8
HIDDEN
10
395.526756
20
269.539631
30
0.0
11
393.926756
21
269.539631
31
0.0
0
LINE
8
HIDDEN
10
395.526756
20
269.539631
30
0.0
11
393.926756
21
269.539631
31
0.0
0
LINE
8
HIDDEN
10
393.726756
20
270.731716
30
0.0
11
393.726756
21
268.470744
31
0.0
0
LINE
8
HIDDEN
10
396.120181
20
270.626476
30
0.0
11
395.896965
21
268.360128
31
0.0
0
LINE
8
HIDDEN
10
395.844729
20
270.640469
30
0.0
11
396.120181
21
270.626476
31
0.0
0
LINE
8
HIDDEN
10
395.844729
20
270.640469
30
0.0
11
395.966713
21
270.617928
31
0.0
0
LINE
8
HIDDEN
10
395.966713
20
270.617928
30
0.0
11
393.726756
21
270.731716
31
0.0
0
LINE
8
HIDDEN
10
395.923119
20
268.625676
30
0.0
11
395.921943
21
268.613736
31
0.0
0
LINE
8
HIDDEN
10
395.923119
20
268.625676
30
0.0
11
395.669549
21
268.638595
31
0.0
0
CIRCLE
8
HIDDEN
10
393.726756
20
176.185631
30
0.0
40
2.753488
0
CIRCLE
8
HIDDEN
10
349.726756
20
247.739631
30
0.0
40
2.753488
0
LINE
8
HIDDEN
10
348.936462
20
272.119287
30
0.0
11
349.107334
21
272.117638
31
0.0
0
LINE
8
HIDDEN
10
349.107334
20
272.117638
30
0.0
11
348.431529
21
271.809979
31
0.0
0
LINE
8
HIDDEN
10
348.431529
20
271.809979
30
0.0
11
347.071684
21
269.970292
31
0.0
0
LINE
8
HIDDEN
10
347.083960
20
269.972130
30
0.0
11
347.071684
21
269.970292
31
0.0
0
LINE
8
HIDDEN
10
347.297714
20
269.965249
30
0.0
11
347.083960
21
269.972130
31
0.0
0
LINE
8
HIDDEN
10
393.726756
20
270.731716
30
0.0
11
363.439270
21
271.670000
31
0.0
0
LINE
8
HIDDEN
10
363.439270
20
271.670000
30
0.0
11
348.936462
21
272.119287
31
0.0
0
LINE
8
HIDDEN
10
398.487367
20
270.258837
30
0.0
11
398.046273
21
268.041309
31
0.0
0
LINE
8
HIDDEN
10
398.487367
20
270.258837
30
0.0
11
396.263886
21
270.588659
31
0.0
0
LINE
8
HIDDEN
10
396.263886
20
270.588659
30
0.0
11
396.383744
21
270.587381
31
0.0
0
LINE
8
HIDDEN
10
396.120181
20
270.626476
30
0.0
11
396.383744
21
270.587381
31
0.0
0
LINE
8
HIDDEN
10
395.844729
20
270.640469
30
0.0
11
396.383744
21
270.587381
31
0.0
0
LINE
8
HIDDEN
10
397.242349
20
273.029207
30
0.0
11
396.912632
21
270.524763
31
0.0
0
LINE
8
HIDDEN
10
396.912632
20
270.524763
30
0.0
11
396.263886
21
270.588659
31
0.0
0
LINE
8
HIDDEN
10
395.966713
20
270.617928
30
0.0
11
395.323112
21
270.681317
31
0.0
0
LINE
8
HIDDEN
10
395.488324
20
273.201963
30
0.0
11
395.323112
21
270.681317
31
0.0
0
LINE
8
HIDDEN
10
395.323112
20
270.681317
30
0.0
11
393.726756
21
270.733576
31
0.0
0
LINE
8
HIDDEN
10
393.726756
20
270.733576
30
0.0
11
341.260089
21
272.436583
31
0.0
0
LINE
8
HIDDEN
10
341.800830
20
270.808953
30
0.0
11
341.260089
21
270.600340
31
0.0
0
LINE
8
HIDDEN
10
343.543045
20
271.335616
30
0.0
11
341.883754
21
270.834020
31
0.0
0
LINE
8
HIDDEN
10
341.883754
20
270.834020
30
0.0
11
341.800830
21
270.808953
31
0.0
0
LINE
8
HIDDEN
10
345.319673
20
271.730902
30
0.0
11
343.661513
21
271.361974
31
0.0
0
LINE
8
HIDDEN
10
343.661513
20
271.361974
30
0.0
11
343.543045
21
271.335616
31
0.0
0
LINE
8
HIDDEN
10
347.120821
20
271.992611
30
0.0
11
345.471650
21
271.752984
31
0.0
0
LINE
8
HIDDEN
10
345.471650
20
271.752984
30
0.0
11
345.319673
21
271.730902
31
0.0
0
LINE
8
HIDDEN
10
348.936462
20
272.119287
30
0.0
11
347.303906
21
272.005384
31
0.0
0
LINE
8
HIDDEN
10
347.303906
20
272.005384
30
0.0
11
347.120821
21
271.992611
31
0.0
0
LINE
8
HIDDEN
10
396.164982
20
268.589799
30
0.0
11
395.923119
21
268.625676
31
0.0
0
LINE
8
HIDDEN
10
348.776653
20
270.106184
30
0.0
11
347.083960
21
269.972130
31
0.0
0
LINE
8
HIDDEN
10
347.120821
20
271.992611
30
0.0
11
347.196506
21
271.998098
31
0.0
0
LINE
8
HIDDEN
10
347.196506
20
271.998098
30
0.0
11
346.564743
21
271.588269
31
0.0
0
LINE
8
HIDDEN
10
346.564743
20
271.588269
30
0.0
11
345.489548
21
269.724451
31
0.0
0
LINE
8
HIDDEN
10
345.500691
20
269.726981
30
0.0
11
345.489548
21
269.724451
31
0.0
0
LINE
8
HIDDEN
10
347.071684
20
269.970292
30
0.0
11
345.500691
21
269.726981
31
0.0
0
LINE
8
HIDDEN
10
347.150501
20
269.979699
30
0.0
11
345.534815
21
269.732209
31
0.0
0
LINE
8
HIDDEN
10
345.534815
20
269.732209
30
0.0
11
345.500691
21
269.726981
31
0.0
0
LINE
8
HIDDEN
10
400.815051
20
269.692609
30
0.0
11
400.153982
21
267.513355
31
0.0
0
LINE
8
HIDDEN
10
400.556589
20
269.757350
30
0.0
11
400.815051
21
269.692609
31
0.0
0
LINE
8
HIDDEN
10
400.556589
20
269.757350
30
0.0
11
400.667812
21
269.712663
31
0.0
0
LINE
8
HIDDEN
10
400.667812
20
269.712663
30
0.0
11
398.487367
21
270.258837
31
0.0
0
LINE
8
HIDDEN
10
400.667812
20
269.712663
30
0.0
11
400.043997
21
269.901896
31
0.0
0
LINE
8
HIDDEN
10
400.043997
20
269.901896
30
0.0
11
398.488510
21
270.264584
31
0.0
0
LINE
8
HIDDEN
10
398.488510
20
270.264584
30
0.0
11
396.912632
21
270.524763
31
0.0
0
LINE
8
HIDDEN
10
398.981319
20
272.742102
30
0.0
11
398.488510
21
270.264584
31
0.0
0
LINE
8
HIDDEN
10
393.726756
20
270.736393
30
0.0
11
393.726756
21
270.733576
31
0.0
0
LINE
8
HIDDEN
10
393.726756
20
270.736393
30
0.0
11
393.948222
21
270.736808
31
0.0
0
LINE
8
HIDDEN
10
393.726756
20
270.744058
30
0.0
11
393.948222
21
270.736808
31
0.0
0
LINE
8
HIDDEN
10
393.726756
20
273.259631
30
0.0
11
393.726756
21
270.744058
31
0.0
0
LINE
8
HIDDEN
10
391.859662
20
270.804661
30
0.0
11
393.726756
21
270.744058
31
0.0
0
LINE
8
HIDDEN
10
391.859662
20
270.804661
30
0.0
11
393.726756
21
270.736393
31
0.0
0
LINE
8
HIDDEN
10
340.249972
20
270.207616
30
0.0
11
339.850802
21
269.746718
31
0.0
0
LINE
8
HIDDEN
10
339.850802
20
269.746718
30
0.0
11
339.455459
21
267.637198
31
0.0
0
LINE
8
HIDDEN
10
339.463833
20
267.641882
30
0.0
11
339.455459
21
267.637198
31
0.0
0
LINE
8
HIDDEN
10
340.904154
20
268.319829
30
0.0
11
339.539402
21
267.677450
31
0.0
0
LINE
8
HIDDEN
10
339.539402
20
267.677450
30
0.0
11
339.463833
21
267.641882
31
0.0
0
LINE
8
HIDDEN
10
341.800830
20
270.808953
30
0.0
11
341.830841
21
270.818066
31
0.0
0
LINE
8
HIDDEN
10
341.830841
20
270.818066
30
0.0
11
340.904154
21
268.319829
31
0.0
0
LINE
8
HIDDEN
10
340.913250
20
268.324093
30
0.0
11
340.904154
21
268.319829
31
0.0
0
LINE
8
HIDDEN
10
342.397866
20
268.897117
30
0.0
11
340.963758
21
268.343586
31
0.0
0
LINE
8
HIDDEN
10
340.963758
20
268.343586
30
0.0
11
340.913250
21
268.324093
31
0.0
0
LINE
8
HIDDEN
10
343.543045
20
271.335616
30
0.0
11
343.587978
21
271.345696
31
0.0
0
LINE
8
HIDDEN
10
343.587978
20
271.345696
30
0.0
11
342.397866
21
268.897117
31
0.0
0
LINE
8
HIDDEN
10
342.407670
20
268.900882
30
0.0
11
342.397866
21
268.897117
31
0.0
0
LINE
8
HIDDEN
10
343.928945
20
269.366119
30
0.0
11
342.431268
21
268.908098
31
0.0
0
LINE
8
HIDDEN
10
342.431268
20
268.908098
30
0.0
11
342.407670
21
268.900882
31
0.0
0
LINE
8
HIDDEN
10
345.319673
20
271.730902
30
0.0
11
345.379923
21
271.739795
31
0.0
0
LINE
8
HIDDEN
10
345.379923
20
271.739795
30
0.0
11
344.808856
21
271.284056
31
0.0
0
LINE
8
HIDDEN
10
344.808856
20
271.284056
30
0.0
11
343.928945
21
269.366119
31
0.0
0
LINE
8
HIDDEN
10
343.939434
20
269.369306
30
0.0
11
343.928945
21
269.366119
31
0.0
0
LINE
8
HIDDEN
10
345.489548
20
269.724451
30
0.0
11
343.939434
21
269.369306
31
0.0
0
LINE
8
HIDDEN
10
400.231439
20
267.768698
30
0.0
11
400.227957
21
267.757217
31
0.0
0
LINE
8
HIDDEN
10
400.231439
20
267.768698
30
0.0
11
399.994258
21
267.828109
31
0.0
0
LINE
8
HIDDEN
10
345.537828
20
269.735082
30
0.0
11
343.944177
21
269.370392
31
0.0
0
LINE
8
HIDDEN
10
343.944177
20
269.370392
30
0.0
11
343.939434
21
269.369306
31
0.0
0
LINE
8
HIDDEN
10
403.065030
20
268.870218
30
0.0
11
402.199793
21
266.781352
31
0.0
0
LINE
8
HIDDEN
10
403.065030
20
268.870218
30
0.0
11
400.948618
21
269.627482
31
0.0
0
LINE
8
HIDDEN
10
400.948618
20
269.627482
30
0.0
11
401.065923
21
269.602845
31
0.0
0
LINE
8
HIDDEN
10
400.815051
20
269.692609
30
0.0
11
401.065923
21
269.602845
31
0.0
0
LINE
8
HIDDEN
10
400.556589
20
269.757350
30
0.0
11
401.065923
21
269.602845
31
0.0
0
LINE
8
HIDDEN
10
402.384407
20
271.830247
30
0.0
11
401.572433
21
269.438250
31
0.0
0
LINE
8
HIDDEN
10
401.572433
20
269.438250
30
0.0
11
400.948618
21
269.627482
31
0.0
0
LINE
8
HIDDEN
10
400.697788
20
272.341877
30
0.0
11
400.043997
21
269.901896
31
0.0
0
LINE
8
HIDDEN
10
393.726756
20
270.748058
30
0.0
11
393.948222
21
270.736808
31
0.0
0
LINE
8
HIDDEN
10
393.726756
20
270.748058
30
0.0
11
393.726756
21
270.736393
31
0.0
0
LINE
8
HIDDEN
10
391.859662
20
270.804661
30
0.0
11
393.726756
21
270.748058
31
0.0
0
LINE
8
HIDDEN
10
418.134701
20
168.985631
30
0.0
11
418.134701
21
246.325631
31
0.0
0
LINE
8
HIDDEN
10
418.145183
20
246.325631
30
0.0
11
418.134701
21
246.325631
31
0.0
0
LINE
8
HIDDEN
10
420.660756
20
246.325631
30
0.0
11
418.145183
21
246.325631
31
0.0
0
LINE
8
HIDDEN
10
418.145183
20
246.325631
30
0.0
11
418.145183
21
176.185631
31
0.0
0
LINE
8
HIDDEN
10
420.603088
20
248.087199
30
0.0
11
418.082442
21
247.921987
31
0.0
0
LINE
8
HIDDEN
10
418.134701
20
246.325631
30
0.0
11
418.082442
21
247.921987
31
0.0
0
LINE
8
HIDDEN
10
418.082442
20
247.921987
30
0.0
11
418.018546
21
248.570733
31
0.0
0
LINE
8
HIDDEN
10
418.018546
20
248.570733
30
0.0
11
418.040675
21
248.452930
31
0.0
0
LINE
8
HIDDEN
10
417.988505
20
248.982619
30
0.0
11
418.040675
21
248.452930
31
0.0
0
LINE
8
HIDDEN
10
417.988505
20
248.982619
30
0.0
11
417.989784
21
248.862761
31
0.0
0
LINE
8
HIDDEN
10
417.989784
20
248.862761
30
0.0
11
417.925888
21
249.511507
31
0.0
0
LINE
8
HIDDEN
10
420.430332
20
249.841224
30
0.0
11
417.925888
21
249.511507
31
0.0
0
LINE
8
HIDDEN
10
420.143227
20
251.580194
30
0.0
11
417.665709
21
251.087385
31
0.0
0
LINE
8
HIDDEN
10
417.925888
20
249.511507
30
0.0
11
417.665709
21
251.087385
31
0.0
0
LINE
8
HIDDEN
10
419.743002
20
253.296663
30
0.0
11
417.303021
21
252.642872
31
0.0
0
LINE
8
HIDDEN
10
417.665709
20
251.087385
30
0.0
11
417.303021
21
252.642872
31
0.0
0
LINE
8
HIDDEN
10
417.303021
20
252.642872
30
0.0
11
417.113788
21
253.266687
31
0.0
0
LINE
8
HIDDEN
10
417.113788
20
253.266687
30
0.0
11
417.158475
21
253.155464
31
0.0
0
LINE
8
HIDDEN
10
417.003970
20
253.664798
30
0.0
11
417.158475
21
253.155464
31
0.0
0
LINE
8
HIDDEN
10
417.003970
20
253.664798
30
0.0
11
417.028607
21
253.547493
31
0.0
0
LINE
8
HIDDEN
10
417.028607
20
253.547493
30
0.0
11
416.839375
21
254.171308
31
0.0
0
LINE
8
HIDDEN
10
419.231372
20
254.983282
30
0.0
11
416.839375
21
254.171308
31
0.0
0
LINE
8
HIDDEN
10
418.610527
20
256.632827
30
0.0
11
416.276757
21
255.666147
31
0.0
0
LINE
8
HIDDEN
10
416.839375
20
254.171308
30
0.0
11
416.276757
21
255.666147
31
0.0
0
LINE
8
HIDDEN
10
417.883127
20
258.238235
30
0.0
11
415.617577
21
257.120989
31
0.0
0
LINE
8
HIDDEN
10
416.276757
20
255.666147
30
0.0
11
415.617577
21
257.120989
31
0.0
0
LINE
8
HIDDEN
10
415.617577
20
257.120989
30
0.0
11
415.310280
21
257.695901
31
0.0
0
LINE
8
HIDDEN
10
415.310280
20
257.695901
30
0.0
11
415.375807
21
257.595533
31
0.0
0
LINE
8
HIDDEN
10
415.124905
20
258.064937
30
0.0
11
415.375807
21
257.595533
31
0.0
0
LINE
8
HIDDEN
10
415.124905
20
258.064937
30
0.0
11
415.171953
21
257.954692
31
0.0
0
LINE
8
HIDDEN
10
415.171953
20
257.954692
30
0.0
11
414.864657
21
258.529604
31
0.0
0
LINE
8
HIDDEN
10
417.052284
20
259.792631
30
0.0
11
414.864657
21
258.529604
31
0.0
0
LINE
8
HIDDEN
10
416.121559
20
261.289360
30
0.0
11
414.021221
21
259.885959
31
0.0
0
LINE
8
HIDDEN
10
414.864657
20
258.529604
30
0.0
11
414.021221
21
259.885959
31
0.0
0
LINE
8
HIDDEN
10
415.094935
20
262.722012
30
0.0
11
413.090881
21
261.184247
31
0.0
0
LINE
8
HIDDEN
10
414.021221
20
259.885959
30
0.0
11
413.090881
21
261.184247
31
0.0
0
LINE
8
HIDDEN
10
413.090881
20
261.184247
30
0.0
11
412.677329
21
261.688161
31
0.0
0
LINE
8
HIDDEN
10
412.677329
20
261.688161
30
0.0
11
412.761177
21
261.602505
31
0.0
0
LINE
8
HIDDEN
10
412.423520
20
262.013941
30
0.0
11
412.761177
21
261.602505
31
0.0
0
LINE
8
HIDDEN
10
412.423520
20
262.013941
30
0.0
11
412.491172
21
261.914994
31
0.0
0
LINE
8
HIDDEN
10
412.491172
20
261.914994
30
0.0
11
412.077621
21
262.418908
31
0.0
0
LINE
8
HIDDEN
10
413.976810
20
264.084451
30
0.0
11
412.077621
21
262.418908
31
0.0
0
LINE
8
HIDDEN
10
412.771970
20
265.370845
30
0.0
11
410.985780
21
263.584655
31
0.0
0
LINE
8
HIDDEN
10
412.077621
20
262.418908
30
0.0
11
410.985780
21
263.584655
31
0.0
0
LINE
8
HIDDEN
10
411.485576
20
266.575685
30
0.0
11
409.820033
21
264.676496
31
0.0
0
LINE
8
HIDDEN
10
410.985780
20
263.584655
30
0.0
11
409.820033
21
264.676496
31
0.0
0
LINE
8
HIDDEN
10
409.820033
20
264.676496
30
0.0
11
409.316119
21
265.090047
31
0.0
0
LINE
8
HIDDEN
10
409.316119
20
265.090047
30
0.0
11
409.415066
21
265.022395
31
0.0
0
LINE
8
HIDDEN
10
409.003630
20
265.360052
30
0.0
11
409.415066
21
265.022395
31
0.0
0
LINE
8
HIDDEN
10
409.003630
20
265.360052
30
0.0
11
409.089286
21
265.276204
31
0.0
0
LINE
8
HIDDEN
10
409.089286
20
265.276204
30
0.0
11
408.585372
21
265.689756
31
0.0
0
LINE
8
HIDDEN
10
410.123136
20
267.693810
30
0.0
11
408.585372
21
265.689756
31
0.0
0
LINE
8
HIDDEN
10
408.690485
20
268.720434
30
0.0
11
407.287084
21
266.620096
31
0.0
0
LINE
8
HIDDEN
10
408.585372
20
265.689756
30
0.0
11
407.287084
21
266.620096
31
0.0
0
LINE
8
HIDDEN
10
407.193756
20
269.651159
30
0.0
11
405.930729
21
267.463532
31
0.0
0
LINE
8
HIDDEN
10
407.287084
20
266.620096
30
0.0
11
405.930729
21
267.463532
31
0.0
0
LINE
8
HIDDEN
10
405.930729
20
267.463532
30
0.0
11
405.355817
21
267.770828
31
0.0
0
LINE
8
HIDDEN
10
405.355817
20
267.770828
30
0.0
11
405.466062
21
267.723780
31
0.0
0
LINE
8
HIDDEN
10
404.996658
20
267.974682
30
0.0
11
405.466062
21
267.723780
31
0.0
0
LINE
8
HIDDEN
10
404.996658
20
267.974682
30
0.0
11
405.097025
21
267.909155
31
0.0
0
LINE
8
HIDDEN
10
405.097025
20
267.909155
30
0.0
11
404.522114
21
268.216452
31
0.0
0
LINE
8
HIDDEN
10
405.639360
20
270.482002
30
0.0
11
404.522114
21
268.216452
31
0.0
0
LINE
8
HIDDEN
10
404.033952
20
271.209403
30
0.0
11
403.067272
21
268.875632
31
0.0
0
LINE
8
HIDDEN
10
404.522114
20
268.216452
30
0.0
11
403.067272
21
268.875632
31
0.0
0
LINE
8
HIDDEN
10
403.067272
20
268.875632
30
0.0
11
401.572433
21
269.438250
31
0.0
0
LINE
8
HIDDEN
10
340.757838
20
268.257199
30
0.0
11
339.463833
21
267.641882
31
0.0
0
LINE
8
HIDDEN
10
342.387146
20
268.897289
30
0.0
11
340.913250
21
268.324093
31
0.0
0
LINE
8
HIDDEN
10
339.243120
20
267.526285
30
0.0
11
338.066848
21
266.857731
31
0.0
0
LINE
8
HIDDEN
10
339.455459
20
267.637198
30
0.0
11
338.165226
21
266.912951
31
0.0
0
LINE
8
HIDDEN
10
338.165226
20
266.912951
30
0.0
11
338.066848
21
266.857731
31
0.0
0
LINE
8
HIDDEN
10
334.549257
20
264.185631
30
0.0
11
331.739655
21
264.185631
31
0.0
0
LINE
8
HIDDEN
10
338.594997
20
269.435371
30
0.0
11
338.059205
21
266.852706
31
0.0
0
LINE
8
HIDDEN
10
338.066848
20
266.857731
30
0.0
11
338.059205
21
266.852706
31
0.0
0
LINE
8
HIDDEN
10
343.947221
20
269.373636
30
0.0
11
342.407670
21
268.900882
31
0.0
0
LINE
8
HIDDEN
10
400.461655
20
267.686325
30
0.0
11
400.231439
21
267.768698
31
0.0
0
LINE
8
HIDDEN
10
405.237523
20
267.860761
30
0.0
11
404.164004
21
265.852349
31
0.0
0
LINE
8
HIDDEN
10
404.996658
20
267.974682
30
0.0
11
405.237523
21
267.860761
31
0.0
0
LINE
8
HIDDEN
10
405.097025
20
267.909155
30
0.0
11
403.065030
21
268.870218
31
0.0
0
LINE
8
HIDDEN
10
418.128841
20
246.325631
30
0.0
11
418.018546
21
248.570733
31
0.0
0
LINE
8
HIDDEN
10
418.128841
20
176.185631
30
0.0
11
418.128841
21
246.325631
31
0.0
0
LINE
8
HIDDEN
10
418.120896
20
176.185631
30
0.0
11
418.128841
21
176.185631
31
0.0
0
LINE
8
HIDDEN
10
418.016587
20
173.932152
30
0.0
11
418.120896
21
176.185631
31
0.0
0
LINE
8
HIDDEN
10
417.704552
20
171.697944
30
0.0
11
418.016587
21
173.932152
31
0.0
0
LINE
8
HIDDEN
10
417.187460
20
169.502114
30
0.0
11
417.704552
21
171.697944
31
0.0
0
LINE
8
HIDDEN
10
417.014132
20
168.985631
30
0.0
11
417.187460
21
169.502114
31
0.0
0
LINE
8
HIDDEN
10
418.027601
20
248.719056
30
0.0
11
415.761253
21
248.495840
31
0.0
0
LINE
8
HIDDEN
10
418.128841
20
246.325631
30
0.0
11
415.867869
21
246.325631
31
0.0
0
LINE
8
HIDDEN
10
418.027601
20
248.719056
30
0.0
11
418.040675
21
248.452930
31
0.0
0
LINE
8
HIDDEN
10
417.988505
20
248.982619
30
0.0
11
418.027601
21
248.719056
31
0.0
0
LINE
8
HIDDEN
10
417.659962
20
251.086242
30
0.0
11
415.442433
21
250.645148
31
0.0
0
LINE
8
HIDDEN
10
417.989784
20
248.862761
30
0.0
11
417.659962
21
251.086242
31
0.0
0
LINE
8
HIDDEN
10
417.659962
20
251.086242
30
0.0
11
417.113788
21
253.266687
31
0.0
0
LINE
8
HIDDEN
10
417.093734
20
253.413926
30
0.0
11
414.914480
21
252.752857
31
0.0
0
LINE
8
HIDDEN
10
417.093734
20
253.413926
30
0.0
11
417.158475
21
253.155464
31
0.0
0
LINE
8
HIDDEN
10
417.003970
20
253.664798
30
0.0
11
417.093734
21
253.413926
31
0.0
0
LINE
8
HIDDEN
10
416.271343
20
255.663905
30
0.0
11
414.182477
21
254.798668
31
0.0
0
LINE
8
HIDDEN
10
417.028607
20
253.547493
30
0.0
11
416.271343
21
255.663905
31
0.0
0
LINE
8
HIDDEN
10
416.271343
20
255.663905
30
0.0
11
415.310280
21
257.695901
31
0.0
0
LINE
8
HIDDEN
10
415.261886
20
257.836398
30
0.0
11
413.253474
21
256.762879
31
0.0
0
LINE
8
HIDDEN
10
415.261886
20
257.836398
30
0.0
11
415.375807
21
257.595533
31
0.0
0
LINE
8
HIDDEN
10
415.124905
20
258.064937
30
0.0
11
415.261886
21
257.836398
31
0.0
0
LINE
8
HIDDEN
10
414.016348
20
259.882703
30
0.0
11
412.136418
21
258.626574
31
0.0
0
LINE
8
HIDDEN
10
415.171953
20
257.954692
30
0.0
11
414.016348
21
259.882703
31
0.0
0
LINE
8
HIDDEN
10
414.016348
20
259.882703
30
0.0
11
412.677329
21
261.688161
31
0.0
0
LINE
8
HIDDEN
10
412.602455
20
261.816517
30
0.0
11
410.842068
21
260.371804
31
0.0
0
LINE
8
HIDDEN
10
412.602455
20
261.816517
30
0.0
11
412.761177
21
261.602505
31
0.0
0
LINE
8
HIDDEN
10
412.423520
20
262.013941
30
0.0
11
412.602455
21
261.816517
31
0.0
0
LINE
8
HIDDEN
10
410.981636
20
263.580511
30
0.0
11
409.382887
21
261.981762
31
0.0
0
LINE
8
HIDDEN
10
412.491172
20
261.914994
30
0.0
11
410.981636
21
263.580511
31
0.0
0
LINE
8
HIDDEN
10
410.981636
20
263.580511
30
0.0
11
409.316119
21
265.090047
31
0.0
0
LINE
8
HIDDEN
10
409.217642
20
265.201330
30
0.0
11
407.772929
21
263.440943
31
0.0
0
LINE
8
HIDDEN
10
409.217642
20
265.201330
30
0.0
11
409.415066
21
265.022395
31
0.0
0
LINE
8
HIDDEN
10
409.003630
20
265.360052
30
0.0
11
409.217642
21
265.201330
31
0.0
0
LINE
8
HIDDEN
10
407.283828
20
266.615223
30
0.0
11
406.027699
21
264.735294
31
0.0
0
LINE
8
HIDDEN
10
409.089286
20
265.276204
30
0.0
11
407.283828
21
266.615223
31
0.0
0
LINE
8
HIDDEN
10
407.283828
20
266.615223
30
0.0
11
405.355817
21
267.770828
31
0.0
0
LINE
8
HIDDEN
10
405.237523
20
267.860761
30
0.0
11
405.466062
21
267.723780
31
0.0
0
LINE
8
HIDDEN
10
404.289788
20
266.087674
30
0.0
11
404.284133
21
266.077094
31
0.0
0
LINE
8
HIDDEN
10
404.289788
20
266.087674
30
0.0
11
404.068755
21
266.192216
31
0.0
0
LINE
8
HIDDEN
10
404.499511
20
265.961972
30
0.0
11
404.289788
21
266.087674
31
0.0
0
LINE
8
HIDDEN
10
407.942206
20
263.647207
30
0.0
11
407.934595
21
263.637933
31
0.0
0
LINE
8
HIDDEN
10
407.942206
20
263.647207
30
0.0
11
407.745814
21
263.792861
31
0.0
0
LINE
8
HIDDEN
10
408.123375
20
263.483005
30
0.0
11
407.942206
21
263.647207
31
0.0
0
LINE
8
HIDDEN
10
411.048332
20
260.541081
30
0.0
11
411.039058
21
260.533470
31
0.0
0
LINE
8
HIDDEN
10
411.048332
20
260.541081
30
0.0
11
410.884130
21
260.722250
31
0.0
0
LINE
8
HIDDEN
10
411.193986
20
260.344689
30
0.0
11
411.048332
21
260.541081
31
0.0
0
LINE
8
HIDDEN
10
413.488799
20
256.888663
30
0.0
11
413.478219
21
256.883008
31
0.0
0
LINE
8
HIDDEN
10
413.488799
20
256.888663
30
0.0
11
413.363097
21
257.098386
31
0.0
0
LINE
8
HIDDEN
10
413.593341
20
256.667630
30
0.0
11
413.488799
21
256.888663
31
0.0
0
LINE
8
HIDDEN
10
415.169823
20
252.830314
30
0.0
11
415.158342
21
252.826832
31
0.0
0
LINE
8
HIDDEN
10
415.169823
20
252.830314
30
0.0
11
415.087450
21
253.060530
31
0.0
0
LINE
8
HIDDEN
10
415.229233
20
252.593133
30
0.0
11
415.169823
21
252.830314
31
0.0
0
LINE
8
HIDDEN
10
416.026801
20
248.521994
30
0.0
11
416.014861
21
248.520818
31
0.0
0
LINE
8
HIDDEN
10
416.026801
20
248.521994
30
0.0
11
415.990924
21
248.763857
31
0.0
0
LINE
8
HIDDEN
10
416.038798
20
248.277779
30
0.0
11
416.026801
21
248.521994
31
0.0
0
LINE
8
HIDDEN
10
337.802631
20
266.693888
30
0.0
11
336.729457
21
265.975646
31
0.0
0
LINE
8
HIDDEN
10
338.059205
20
266.852706
30
0.0
11
336.848011
21
266.053838
31
0.0
0
LINE
8
HIDDEN
10
336.848011
20
266.053838
30
0.0
11
336.729457
21
265.975646
31
0.0
0
LINE
8
HIDDEN
10
336.427897
20
265.756787
30
0.0
11
335.458518
21
265.000137
31
0.0
0
LINE
8
HIDDEN
10
336.722547
20
265.970357
30
0.0
11
335.594260
21
265.104324
31
0.0
0
LINE
8
HIDDEN
10
335.594260
20
265.104324
30
0.0
11
335.458518
21
265.000137
31
0.0
0
LINE
8
HIDDEN
10
336.729457
20
265.975646
30
0.0
11
336.722547
21
265.970357
31
0.0
0
LINE
8
HIDDEN
10
335.126516
20
264.720152
30
0.0
11
334.260549
21
263.936191
31
0.0
0
LINE
8
HIDDEN
10
335.452335
20
264.994659
30
0.0
11
334.410162
21
264.069064
31
0.0
0
LINE
8
HIDDEN
10
334.410162
20
264.069064
30
0.0
11
334.260549
21
263.936191
31
0.0
0
LINE
8
HIDDEN
10
335.458518
20
265.000137
30
0.0
11
335.452335
21
264.994659
31
0.0
0
LINE
8
HIDDEN
10
333.968095
20
263.655097
30
0.0
11
333.141695
21
262.789250
31
0.0
0
LINE
8
HIDDEN
10
334.255080
20
263.930597
30
0.0
11
333.301571
21
262.953138
31
0.0
0
LINE
8
HIDDEN
10
333.301571
20
262.953138
30
0.0
11
333.141695
21
262.789250
31
0.0
0
LINE
8
HIDDEN
10
334.260549
20
263.936191
30
0.0
11
334.255080
21
263.930597
31
0.0
0
LINE
8
HIDDEN
10
331.724053
20
264.185631
30
0.0
11
331.739655
21
264.185631
31
0.0
0
LINE
8
HIDDEN
10
331.331310
20
263.761498
30
0.0
11
332.103589
21
261.559565
31
0.0
0
LINE
8
HIDDEN
10
332.107694
20
261.565184
30
0.0
11
332.103589
21
261.559565
31
0.0
0
LINE
8
HIDDEN
10
333.136920
20
262.783610
30
0.0
11
332.273965
21
261.762017
31
0.0
0
LINE
8
HIDDEN
10
332.273965
20
261.762017
30
0.0
11
332.107694
21
261.565184
31
0.0
0
LINE
8
HIDDEN
10
332.686746
20
265.182803
30
0.0
11
333.136920
21
262.783610
31
0.0
0
LINE
8
HIDDEN
10
333.141695
20
262.789250
30
0.0
11
333.136920
21
262.783610
31
0.0
0
LINE
8
HIDDEN
10
334.040025
20
266.409165
30
0.0
11
334.255080
21
263.930597
31
0.0
0
LINE
8
HIDDEN
10
335.481291
20
267.530804
30
0.0
11
335.452335
21
264.994659
31
0.0
0
LINE
8
HIDDEN
10
337.002459
20
268.541429
30
0.0
11
336.722547
21
265.970357
31
0.0
0
LINE
8
HIDDEN
10
414.726756
20
168.430833
30
0.0
11
414.726756
21
163.810849
31
0.0
0
LINE
8
HIDDEN
10
414.610571
20
168.084626
30
0.0
11
415.269626
21
170.048469
31
0.0
0
LINE
8
HIDDEN
10
418.128841
20
176.185631
30
0.0
11
416.126756
21
176.185631
31
0.0
0
LINE
8
HIDDEN
10
418.120896
20
176.185631
30
0.0
11
416.126756
21
176.185631
31
0.0
0
LINE
8
HIDDEN
10
418.016587
20
173.932152
30
0.0
11
416.030974
21
174.116366
31
0.0
0
LINE
8
HIDDEN
10
417.704552
20
171.697944
30
0.0
11
415.744447
21
172.064797
31
0.0
0
LINE
8
HIDDEN
10
417.187460
20
169.502114
30
0.0
11
415.269626
21
170.048469
31
0.0
0
LINE
8
HIDDEN
10
416.469734
20
167.363442
30
0.0
11
414.610571
21
168.084626
31
0.0
0
LINE
8
HIDDEN
10
332.826431
20
262.437579
30
0.0
11
332.107694
21
261.565184
31
0.0
0
LINE
8
HIDDEN
10
330.178217
20
262.333686
30
0.0
11
331.160387
21
260.264722
31
0.0
0
LINE
8
HIDDEN
10
331.163851
20
260.270258
30
0.0
11
331.160387
21
260.264722
31
0.0
0
LINE
8
HIDDEN
10
332.103589
20
261.559565
30
0.0
11
331.332431
21
260.501543
31
0.0
0
LINE
8
HIDDEN
10
331.332431
20
260.501543
30
0.0
11
331.163851
21
260.270258
31
0.0
0
LINE
8
HIDDEN
10
331.778603
20
261.138398
30
0.0
11
331.163851
21
260.270258
31
0.0
0
LINE
8
HIDDEN
10
415.557510
20
165.300216
30
0.0
11
413.772918
21
166.190063
31
0.0
0
LINE
8
HIDDEN
10
414.463570
20
163.326995
30
0.0
11
412.763831
21
164.380981
31
0.0
0
LINE
8
HIDDEN
10
414.726756
20
163.798832
30
0.0
11
414.726756
21
163.810849
31
0.0
0
LINE
8
HIDDEN
10
329.855666
20
237.400457
30
0.0
11
330.645656
21
236.006277
31
0.0
0
LINE
8
HIDDEN
10
329.855471
20
237.400802
30
0.0
11
329.855666
21
237.400457
31
0.0
0
LINE
8
HIDDEN
10
329.824885
20
237.459789
30
0.0
11
329.855471
21
237.400802
31
0.0
0
LINE
8
HIDDEN
10
329.167399
20
238.847555
30
0.0
11
329.643018
21
237.847510
31
0.0
0
LINE
8
HIDDEN
10
329.840933
20
237.431370
30
0.0
11
329.855471
21
237.400802
31
0.0
0
LINE
8
HIDDEN
10
329.167058
20
238.848272
30
0.0
11
329.167399
21
238.847555
31
0.0
0
LINE
8
HIDDEN
10
329.114649
20
238.970393
30
0.0
11
329.167058
21
238.848272
31
0.0
0
LINE
8
HIDDEN
10
328.584377
20
240.340159
30
0.0
11
328.959760
21
239.379035
31
0.0
0
LINE
8
HIDDEN
10
329.142483
20
238.911193
30
0.0
11
329.167058
21
238.848272
31
0.0
0
LINE
8
HIDDEN
10
328.583944
20
240.341268
30
0.0
11
328.584377
21
240.340159
31
0.0
0
LINE
8
HIDDEN
10
328.518894
20
240.529696
30
0.0
11
328.583944
21
240.341268
31
0.0
0
LINE
8
HIDDEN
10
328.109587
20
241.870621
30
0.0
11
328.410632
21
240.900036
31
0.0
0
LINE
8
HIDDEN
10
328.553998
20
240.437815
30
0.0
11
328.583944
21
240.341268
31
0.0
0
LINE
8
HIDDEN
10
328.109116
20
241.872140
30
0.0
11
328.109587
21
241.870621
31
0.0
0
LINE
8
HIDDEN
10
328.040928
20
242.129035
30
0.0
11
328.109116
21
241.872140
31
0.0
0
LINE
8
HIDDEN
10
327.745457
20
243.431102
30
0.0
11
327.977296
21
242.437236
31
0.0
0
LINE
8
HIDDEN
10
328.078578
20
242.003052
30
0.0
11
328.109116
21
241.872140
31
0.0
0
LINE
8
HIDDEN
10
327.745005
20
243.433042
30
0.0
11
327.745457
21
243.431102
31
0.0
0
LINE
8
HIDDEN
10
327.683406
20
243.759526
30
0.0
11
327.745005
21
243.433042
31
0.0
0
LINE
8
HIDDEN
10
327.493850
20
245.013608
30
0.0
11
327.656116
21
243.992441
31
0.0
0
LINE
8
HIDDEN
10
327.718711
20
243.598517
30
0.0
11
327.745005
21
243.433042
31
0.0
0
LINE
8
HIDDEN
10
327.493475
20
245.015972
30
0.0
11
327.493850
21
245.013608
31
0.0
0
LINE
8
HIDDEN
10
327.448313
20
245.412110
30
0.0
11
327.493475
21
245.015972
31
0.0
0
LINE
8
HIDDEN
10
327.356051
20
246.610033
30
0.0
11
327.446435
21
245.561619
31
0.0
0
LINE
8
HIDDEN
10
327.476260
20
245.215656
30
0.0
11
327.493475
21
245.015972
31
0.0
0
LINE
8
HIDDEN
10
327.355811
20
246.612820
30
0.0
11
327.356051
21
246.610033
31
0.0
0
LINE
8
HIDDEN
10
327.336955
20
247.077606
30
0.0
11
327.355811
21
246.612820
31
0.0
0
LINE
8
HIDDEN
10
327.332762
20
248.212199
30
0.0
11
327.348233
21
247.138748
31
0.0
0
LINE
8
HIDDEN
10
327.352454
20
246.845801
30
0.0
11
327.355811
21
246.612820
31
0.0
0
LINE
8
HIDDEN
10
327.332717
20
248.215402
30
0.0
11
327.332762
21
248.212199
31
0.0
0
LINE
8
HIDDEN
10
327.349950
20
248.746762
30
0.0
11
327.332717
21
248.215402
31
0.0
0
LINE
8
HIDDEN
10
327.424097
20
249.811900
30
0.0
11
327.361426
21
248.716966
31
0.0
0
LINE
8
HIDDEN
10
327.347875
20
248.480210
30
0.0
11
327.332717
21
248.215402
31
0.0
0
LINE
8
HIDDEN
10
327.424305
20
249.815505
30
0.0
11
327.424097
21
249.811900
31
0.0
0
LINE
8
HIDDEN
10
327.487223
20
250.410305
30
0.0
11
327.424305
21
249.815505
31
0.0
0
LINE
8
HIDDEN
10
327.629584
20
251.400943
30
0.0
11
327.485617
21
250.289031
31
0.0
0
LINE
8
HIDDEN
10
327.462452
20
250.110116
30
0.0
11
327.424305
21
249.815505
31
0.0
0
LINE
8
HIDDEN
10
327.630102
20
251.404930
30
0.0
11
327.629584
21
251.400943
31
0.0
0
LINE
8
HIDDEN
10
327.748010
20
252.058992
30
0.0
11
327.630102
21
251.404930
31
0.0
0
LINE
8
HIDDEN
10
327.948163
20
252.971189
30
0.0
11
327.719982
21
251.847528
31
0.0
0
LINE
8
HIDDEN
10
327.695460
20
251.726771
30
0.0
11
327.630102
21
251.404930
31
0.0
0
LINE
8
HIDDEN
10
327.949048
20
252.975533
30
0.0
11
327.948163
21
252.971189
31
0.0
0
LINE
8
HIDDEN
10
328.130862
20
253.683666
30
0.0
11
327.949048
21
252.975533
31
0.0
0
LINE
8
HIDDEN
10
328.378198
20
254.514598
30
0.0
11
328.063224
21
253.384998
31
0.0
0
LINE
8
HIDDEN
10
328.045515
20
253.321490
30
0.0
11
327.949048
21
252.975533
31
0.0
0
LINE
8
HIDDEN
10
328.379503
20
254.519266
30
0.0
11
328.378198
21
254.514598
31
0.0
0
LINE
8
HIDDEN
10
328.633649
20
255.275301
30
0.0
11
328.379503
21
254.519266
31
0.0
0
LINE
8
HIDDEN
10
328.917477
20
256.023267
30
0.0
11
328.513552
21
254.894018
31
0.0
0
LINE
8
HIDDEN
10
328.510575
20
254.885696
30
0.0
11
328.379503
21
254.519266
31
0.0
0
LINE
8
HIDDEN
10
328.919254
20
256.028222
30
0.0
11
328.917477
21
256.023267
31
0.0
0
LINE
8
HIDDEN
10
329.253576
20
256.825056
30
0.0
11
328.919254
21
256.028222
31
0.0
0
LINE
8
HIDDEN
10
329.563233
20
257.489471
30
0.0
11
329.068672
21
256.367260
31
0.0
0
LINE
8
HIDDEN
10
329.068672
20
256.367260
30
0.0
11
328.919254
21
256.028222
31
0.0
0
LINE
8
HIDDEN
10
329.565529
20
257.494670
30
0.0
11
329.563233
21
257.489471
31
0.0
0
LINE
8
HIDDEN
10
329.987197
20
258.324321
30
0.0
11
329.565529
21
257.494670
31
0.0
0
LINE
8
HIDDEN
10
330.312151
20
258.905706
30
0.0
11
329.725793
21
257.797547
31
0.0
0
LINE
8
HIDDEN
10
329.725793
20
257.797547
30
0.0
11
329.565529
21
257.494670
31
0.0
0
LINE
8
HIDDEN
10
330.315011
20
258.911100
30
0.0
11
330.312151
21
258.905706
31
0.0
0
LINE
8
HIDDEN
10
330.830435
20
259.764768
30
0.0
11
330.315011
21
258.911100
31
0.0
0
LINE
8
HIDDEN
10
331.160387
20
260.264722
30
0.0
11
330.481633
21
259.177892
31
0.0
0
LINE
8
HIDDEN
10
330.481633
20
259.177892
30
0.0
11
330.315011
21
258.911100
31
0.0
0
LINE
8
HIDDEN
10
329.135686
20
260.823212
30
0.0
11
330.312151
21
258.905706
31
0.0
0
LINE
8
HIDDEN
10
328.209654
20
259.238681
30
0.0
11
329.563233
21
257.489471
31
0.0
0
LINE
8
HIDDEN
10
327.405387
20
257.589148
30
0.0
11
328.917477
21
256.023267
31
0.0
0
LINE
8
HIDDEN
10
326.727452
20
255.884068
30
0.0
11
328.378198
21
254.514598
31
0.0
0
LINE
8
HIDDEN
10
326.179672
20
254.133260
30
0.0
11
327.948163
21
252.971189
31
0.0
0
LINE
8
HIDDEN
10
325.768494
20
252.361501
30
0.0
11
327.629584
21
251.400943
31
0.0
0
LINE
8
HIDDEN
10
325.491820
20
250.572977
30
0.0
11
327.424097
21
249.811900
31
0.0
0
LINE
8
HIDDEN
10
325.348473
20
248.768865
30
0.0
11
327.332762
21
248.212199
31
0.0
0
LINE
8
HIDDEN
10
325.339244
20
246.959091
30
0.0
11
327.356051
21
246.610033
31
0.0
0
LINE
8
HIDDEN
10
325.464182
20
245.153612
30
0.0
11
327.493850
21
245.013608
31
0.0
0
LINE
8
HIDDEN
10
325.722601
20
243.362359
30
0.0
11
327.745457
21
243.431102
31
0.0
0
LINE
8
HIDDEN
10
326.113078
20
241.595188
30
0.0
11
328.109587
21
241.870621
31
0.0
0
LINE
8
HIDDEN
10
326.633465
20
239.861820
30
0.0
11
328.584377
21
240.340159
31
0.0
0
LINE
8
HIDDEN
10
327.280900
20
238.171792
30
0.0
11
329.167399
21
238.847555
31
0.0
0
LINE
8
HIDDEN
10
328.051821
20
236.534401
30
0.0
11
329.855666
21
237.400457
31
0.0
0
LINE
8
HIDDEN
10
328.941986
20
234.958656
30
0.0
11
330.645656
21
236.006277
31
0.0
0
LINE
8
HIDDEN
10
372.941986
20
163.404656
30
0.0
11
374.645656
21
164.452277
31
0.0
0
LINE
8
HIDDEN
10
374.211541
20
161.539254
30
0.0
11
375.811149
21
162.739776
31
0.0
0
LINE
8
HIDDEN
10
375.647989
20
159.799106
30
0.0
11
377.129856
21
161.142264
31
0.0
0
LINE
8
HIDDEN
10
377.239047
20
158.199096
30
0.0
11
378.590498
21
159.673402
31
0.0
0
LINE
8
HIDDEN
10
378.971107
20
156.752906
30
0.0
11
380.180586
21
158.345752
31
0.0
0
LINE
8
HIDDEN
10
380.829356
20
155.472904
30
0.0
11
381.886520
21
157.170669
31
0.0
0
LINE
8
HIDDEN
10
382.797904
20
154.370036
30
0.0
11
383.693711
21
156.158200
31
0.0
0
LINE
8
HIDDEN
10
384.859914
20
153.453735
30
0.0
11
385.586705
21
155.317005
31
0.0
0
LINE
8
HIDDEN
10
386.997754
20
152.731836
30
0.0
11
387.549311
21
154.654278
31
0.0
0
LINE
8
HIDDEN
10
389.193140
20
152.210512
30
0.0
11
389.564748
21
154.175686
31
0.0
0
LINE
8
HIDDEN
10
391.427297
20
151.894224
30
0.0
11
391.615777
21
153.885323
31
0.0
0
LINE
8
HIDDEN
10
393.681119
20
151.785674
30
0.0
11
393.684859
21
153.785670
31
0.0
0
LINE
8
HIDDEN
10
395.935331
20
151.885792
30
0.0
11
395.754300
21
153.877582
31
0.0
0
LINE
8
HIDDEN
10
398.170656
20
152.193721
30
0.0
11
397.806402
21
154.160271
31
0.0
0
LINE
8
HIDDEN
10
400.367976
20
152.706828
30
0.0
11
399.823614
21
154.631320
31
0.0
0
LINE
8
HIDDEN
10
402.508501
20
153.420725
30
0.0
11
401.788686
21
155.286701
31
0.0
0
LINE
8
HIDDEN
10
404.573925
20
154.329307
30
0.0
11
403.684813
21
156.120809
31
0.0
0
LINE
8
HIDDEN
10
406.546584
20
155.424803
30
0.0
11
405.495779
21
157.126510
31
0.0
0
LINE
8
HIDDEN
10
408.409609
20
156.697845
30
0.0
11
407.206097
21
158.295204
31
0.0
0
LINE
8
HIDDEN
10
410.147067
20
158.137545
30
0.0
11
408.801140
21
159.616897
31
0.0
0
LINE
8
HIDDEN
10
411.744098
20
159.731593
30
0.0
11
410.267267
21
161.080284
31
0.0
0
LINE
8
HIDDEN
10
413.187046
20
161.466354
30
0.0
11
411.591940
21
162.672852
31
0.0
0
LINE
8
HIDDEN
10
393.726756
20
178.632143
30
0.0
11
393.726756
21
178.939120
31
0.0
0
LINE
8
HIDDEN
10
349.726756
20
250.186143
30
0.0
11
349.726756
21
250.493120
31
0.0
0
LINE
8
HIDDEN
10
349.107334
20
272.117638
30
0.0
11
363.439270
21
271.670000
31
0.0
0
LINE
8
HIDDEN
10
347.196506
20
271.998098
30
0.0
11
347.303906
21
272.005384
31
0.0
0
LINE
8
HIDDEN
10
345.534815
20
269.732209
30
0.0
11
346.325071
21
269.845722
31
0.0
0
LINE
8
HIDDEN
10
341.830841
20
270.818066
30
0.0
11
341.883754
21
270.834020
31
0.0
0
LINE
8
HIDDEN
10
343.587978
20
271.345696
30
0.0
11
343.661513
21
271.361974
31
0.0
0
LINE
8
HIDDEN
10
345.379923
20
271.739795
30
0.0
11
345.471650
21
271.752984
31
0.0
0
LINE
8
HIDDEN
10
343.944177
20
269.370392
30
0.0
11
344.723495
21
269.541086
31
0.0
0
LINE
8
HIDDEN
10
339.539402
20
267.677450
30
0.0
11
340.110327
21
267.941042
31
0.0
0
LINE
8
HIDDEN
10
338.165226
20
266.912951
30
0.0
11
338.663768
21
267.188422
31
0.0
0
LINE
8
HIDDEN
10
340.963758
20
268.343586
30
0.0
11
341.607825
21
268.586214
31
0.0
0
LINE
8
HIDDEN
10
342.431268
20
268.908098
30
0.0
11
343.148283
21
269.120507
31
0.0
0
LINE
8
HIDDEN
10
336.848011
20
266.053838
30
0.0
11
337.275852
21
266.332355
31
0.0
0
LINE
8
HIDDEN
10
335.594260
20
265.104324
30
0.0
11
335.953973
21
265.377400
31
0.0
0
LINE
8
HIDDEN
10
334.410162
20
264.069064
30
0.0
11
334.705174
21
264.328642
31
0.0
0
LINE
8
HIDDEN
10
333.301571
20
262.953138
30
0.0
11
333.536104
21
263.191672
31
0.0
0
LINE
8
HIDDEN
10
332.273965
20
261.762017
30
0.0
11
332.452990
21
261.972555
31
0.0
0
LINE
8
HIDDEN
10
331.332431
20
260.501543
30
0.0
11
331.461595
21
260.677796
31
0.0
0
LINE
8
HIDDEN
10
329.068672
20
256.367260
30
0.0
11
329.087833
21
256.410671
31
0.0
0
LINE
8
HIDDEN
10
329.725793
20
257.797547
30
0.0
11
329.774538
21
257.889395
31
0.0
0
LINE
8
HIDDEN
10
330.481633
20
259.177892
30
0.0
11
330.567194
21
259.314313
31
0.0
0
LINE
8
VISIBLE
10
517.660756
20
174.434896
30
0.0
11
517.660756
21
176.438709
31
0.0
0
LINE
8
VISIBLE
10
517.660756
20
176.438709
30
0.0
11
519.660756
21
176.438709
31
0.0
0
LINE
8
VISIBLE
10
519.660756
20
176.438709
30
0.0
11
519.660756
21
174.923711
31
0.0
0
LINE
8
VISIBLE
10
517.660756
20
174.434896
30
0.0
11
519.660756
21
174.923711
31
0.0
0
LINE
8
VISIBLE
10
517.660756
20
176.438709
30
0.0
11
517.660756
21
220.638709
31
0.0
0
LINE
8
VISIBLE
10
517.660756
20
222.238709
30
0.0
11
517.660756
21
246.578709
31
0.0
0
LINE
8
VISIBLE
10
517.660756
20
246.578709
30
0.0
11
517.660756
21
248.675830
31
0.0
0
LINE
8
VISIBLE
10
517.660756
20
248.675830
30
0.0
11
517.660756
21
250.752755
31
0.0
0
LINE
8
VISIBLE
10
517.660756
20
250.752755
30
0.0
11
517.660756
21
252.789482
31
0.0
0
LINE
8
VISIBLE
10
517.660756
20
252.789482
30
0.0
11
517.660756
21
254.766395
31
0.0
0
LINE
8
VISIBLE
10
517.660756
20
254.766395
30
0.0
11
517.660756
21
256.664456
31
0.0
0
LINE
8
VISIBLE
10
517.660756
20
256.664456
30
0.0
11
517.660756
21
258.465386
31
0.0
0
LINE
8
VISIBLE
10
517.660756
20
258.465386
30
0.0
11
517.660756
21
260.151841
31
0.0
0
LINE
8
VISIBLE
10
517.660756
20
260.151841
30
0.0
11
517.660756
21
261.707580
31
0.0
0
LINE
8
VISIBLE
10
517.660756
20
261.707580
30
0.0
11
517.660756
21
263.117619
31
0.0
0
LINE
8
VISIBLE
10
517.660756
20
263.117619
30
0.0
11
517.660756
21
264.368379
31
0.0
0
LINE
8
VISIBLE
10
517.660756
20
264.368379
30
0.0
11
517.660756
21
265.447815
31
0.0
0
LINE
8
VISIBLE
10
517.660756
20
265.447815
30
0.0
11
517.660756
21
266.345531
31
0.0
0
LINE
8
VISIBLE
10
517.660756
20
266.345531
30
0.0
11
517.660756
21
267.052882
31
0.0
0
LINE
8
VISIBLE
10
517.660756
20
267.052882
30
0.0
11
517.660756
21
267.563056
31
0.0
0
LINE
8
VISIBLE
10
517.660756
20
267.563056
30
0.0
11
517.660756
21
267.871138
31
0.0
0
LINE
8
VISIBLE
10
517.660756
20
267.871138
30
0.0
11
517.660756
21
267.886302
31
0.0
0
LINE
8
VISIBLE
10
517.660756
20
154.749075
30
0.0
11
517.660756
21
154.836277
31
0.0
0
LINE
8
VISIBLE
10
517.660756
20
154.836277
30
0.0
11
517.660756
21
155.110024
31
0.0
0
LINE
8
VISIBLE
10
517.660756
20
155.110024
30
0.0
11
517.660756
21
155.566174
31
0.0
0
LINE
8
VISIBLE
10
517.660756
20
155.566174
30
0.0
11
517.660756
21
156.200825
31
0.0
0
LINE
8
VISIBLE
10
517.660756
20
156.200825
30
0.0
11
517.660756
21
157.008549
31
0.0
0
LINE
8
VISIBLE
10
517.660756
20
157.008549
30
0.0
11
517.660756
21
157.982439
31
0.0
0
LINE
8
VISIBLE
10
517.660756
20
157.982439
30
0.0
11
517.660756
21
159.114167
31
0.0
0
LINE
8
VISIBLE
10
517.660756
20
159.114167
30
0.0
11
517.660756
21
160.394054
31
0.0
0
LINE
8
VISIBLE
10
517.660756
20
160.394054
30
0.0
11
517.660756
21
161.811154
31
0.0
0
LINE
8
VISIBLE
10
517.660756
20
161.811154
30
0.0
11
517.660756
21
163.353348
31
0.0
0
LINE
8
VISIBLE
10
517.660756
20
163.353348
30
0.0
11
517.660756
21
165.007447
31
0.0
0
LINE
8
VISIBLE
10
517.660756
20
165.007447
30
0.0
11
517.660756
21
166.759307
31
0.0
0
LINE
8
VISIBLE
10
517.660756
20
166.759307
30
0.0
11
517.660756
21
168.593944
31
0.0
0
LINE
8
VISIBLE
10
517.660756
20
168.593944
30
0.0
11
517.660756
21
170.495669
31
0.0
0
LINE
8
VISIBLE
10
517.660756
20
170.495669
30
0.0
11
517.660756
21
172.448219
31
0.0
0
LINE
8
VISIBLE
10
517.660756
20
172.448219
30
0.0
11
517.660756
21
174.434896
31
0.0
0
LINE
8
VISIBLE
10
519.660756
20
246.578709
30
0.0
11
519.660756
21
176.438709
31
0.0
0
LINE
8
VISIBLE
10
519.660756
20
248.146901
30
0.0
11
519.660756
21
246.578709
31
0.0
0
LINE
8
VISIBLE
10
519.660756
20
249.699991
30
0.0
11
519.660756
21
248.146901
31
0.0
0
LINE
8
VISIBLE
10
519.660756
20
251.223021
30
0.0
11
519.660756
21
249.699991
31
0.0
0
LINE
8
VISIBLE
10
519.660756
20
252.701324
30
0.0
11
519.660756
21
251.223021
31
0.0
0
LINE
8
VISIBLE
10
519.660756
20
254.120663
30
0.0
11
519.660756
21
252.701324
31
0.0
0
LINE
8
VISIBLE
10
519.660756
20
255.467369
30
0.0
11
519.660756
21
254.120663
31
0.0
0
LINE
8
VISIBLE
10
519.660756
20
256.728471
30
0.0
11
519.660756
21
255.467369
31
0.0
0
LINE
8
VISIBLE
10
519.660756
20
257.891827
30
0.0
11
519.660756
21
256.728471
31
0.0
0
LINE
8
VISIBLE
10
519.660756
20
258.946230
30
0.0
11
519.660756
21
257.891827
31
0.0
0
LINE
8
VISIBLE
10
519.660756
20
259.881528
30
0.0
11
519.660756
21
258.946230
31
0.0
0
LINE
8
VISIBLE
10
519.660756
20
260.688712
30
0.0
11
519.660756
21
259.881528
31
0.0
0
LINE
8
VISIBLE
10
519.660756
20
261.360010
30
0.0
11
519.660756
21
260.688712
31
0.0
0
LINE
8
VISIBLE
10
519.660756
20
261.888955
30
0.0
11
519.660756
21
261.360010
31
0.0
0
LINE
8
VISIBLE
10
519.660756
20
262.270454
30
0.0
11
519.660756
21
261.888955
31
0.0
0
LINE
8
VISIBLE
10
519.660756
20
262.500833
30
0.0
11
519.660756
21
262.270454
31
0.0
0
LINE
8
VISIBLE
10
519.660756
20
262.581873
30
0.0
11
519.660756
21
262.500833
31
0.0
0
LINE
8
VISIBLE
10
519.660756
20
160.106030
30
0.0
11
519.660756
21
160.040100
31
0.0
0
LINE
8
VISIBLE
10
519.660756
20
160.312999
30
0.0
11
519.660756
21
160.106030
31
0.0
0
LINE
8
VISIBLE
10
519.660756
20
160.657874
30
0.0
11
519.660756
21
160.312999
31
0.0
0
LINE
8
VISIBLE
10
519.660756
20
161.137707
30
0.0
11
519.660756
21
160.657874
31
0.0
0
LINE
8
VISIBLE
10
519.660756
20
161.748392
30
0.0
11
519.660756
21
161.137707
31
0.0
0
LINE
8
VISIBLE
10
519.660756
20
162.484710
30
0.0
11
519.660756
21
161.748392
31
0.0
0
LINE
8
VISIBLE
10
519.660756
20
163.340361
30
0.0
11
519.660756
21
162.484710
31
0.0
0
LINE
8
VISIBLE
10
519.660756
20
164.308028
30
0.0
11
519.660756
21
163.340361
31
0.0
0
LINE
8
VISIBLE
10
519.660756
20
165.379437
30
0.0
11
519.660756
21
164.308028
31
0.0
0
LINE
8
VISIBLE
10
519.660756
20
166.545424
30
0.0
11
519.660756
21
165.379437
31
0.0
0
LINE
8
VISIBLE
10
519.660756
20
167.796019
30
0.0
11
519.660756
21
166.545424
31
0.0
0
LINE
8
VISIBLE
10
519.660756
20
169.120525
30
0.0
11
519.660756
21
167.796019
31
0.0
0
LINE
8
VISIBLE
10
519.660756
20
170.507616
30
0.0
11
519.660756
21
169.120525
31
0.0
0
LINE
8
VISIBLE
10
519.660756
20
171.945430
30
0.0
11
519.660756
21
170.507616
31
0.0
0
LINE
8
VISIBLE
10
519.660756
20
173.421670
30
0.0
11
519.660756
21
171.945430
31
0.0
0
LINE
8
VISIBLE
10
519.660756
20
174.923711
30
0.0
11
519.660756
21
173.421670
31
0.0
0
LINE
8
VISIBLE
10
517.660756
20
172.448219
30
0.0
11
519.141374
21
172.900065
31
0.0
0
LINE
8
VISIBLE
10
519.141374
20
172.900065
30
0.0
11
519.660756
21
173.421670
31
0.0
0
LINE
8
VISIBLE
10
517.660756
20
246.578709
30
0.0
11
519.660756
21
246.578709
31
0.0
0
LINE
8
VISIBLE
10
516.952222
20
220.638709
30
0.0
11
518.260756
21
220.638709
31
0.0
0
LINE
8
VISIBLE
10
516.952222
20
219.715340
30
0.0
11
517.660756
21
219.715340
31
0.0
0
LINE
8
VISIBLE
10
516.952222
20
215.638709
30
0.0
11
517.660756
21
215.638709
31
0.0
0
LINE
8
VISIBLE
10
516.952222
20
227.238709
30
0.0
11
517.660756
21
227.238709
31
0.0
0
LINE
8
VISIBLE
10
516.952222
20
223.162078
30
0.0
11
517.660756
21
223.162078
31
0.0
0
LINE
8
VISIBLE
10
516.952222
20
222.238709
30
0.0
11
518.260756
21
222.238709
31
0.0
0
LINE
8
VISIBLE
10
517.660756
20
248.675830
30
0.0
11
519.660756
21
248.146901
31
0.0
0
LINE
8
VISIBLE
10
517.660756
20
250.752755
30
0.0
11
519.141374
21
250.258448
31
0.0
0
LINE
8
VISIBLE
10
519.141374
20
250.258448
30
0.0
11
519.660756
21
249.699991
31
0.0
0
LINE
8
VISIBLE
10
517.660756
20
252.789482
30
0.0
11
519.390806
21
251.826076
31
0.0
0
LINE
8
VISIBLE
10
519.390806
20
251.826076
30
0.0
11
519.660756
21
251.223021
31
0.0
0
LINE
8
VISIBLE
10
517.660756
20
254.766395
30
0.0
11
519.316344
21
253.597438
31
0.0
0
LINE
8
VISIBLE
10
519.316344
20
253.597438
30
0.0
11
519.660756
21
252.701324
31
0.0
0
LINE
8
VISIBLE
10
517.660756
20
256.664456
30
0.0
11
519.261631
21
255.307195
31
0.0
0
LINE
8
VISIBLE
10
519.261631
20
255.307195
30
0.0
11
519.660756
21
254.120663
31
0.0
0
LINE
8
VISIBLE
10
517.660756
20
258.465386
30
0.0
11
519.221574
21
256.932728
31
0.0
0
LINE
8
VISIBLE
10
519.221574
20
256.932728
30
0.0
11
519.660756
21
255.467369
31
0.0
0
LINE
8
VISIBLE
10
517.660756
20
260.151841
30
0.0
11
519.190519
21
258.458513
31
0.0
0
LINE
8
VISIBLE
10
519.190519
20
258.458513
30
0.0
11
519.660756
21
256.728471
31
0.0
0
LINE
8
VISIBLE
10
517.660756
20
261.707580
30
0.0
11
519.156344
21
259.887309
31
0.0
0
LINE
8
VISIBLE
10
519.156344
20
259.887309
30
0.0
11
519.660756
21
257.891827
31
0.0
0
LINE
8
VISIBLE
10
517.660756
20
263.117619
30
0.0
11
519.130491
21
261.181486
31
0.0
0
LINE
8
VISIBLE
10
519.130491
20
261.181486
30
0.0
11
519.660756
21
258.946230
31
0.0
0
LINE
8
VISIBLE
10
517.660756
20
264.368379
30
0.0
11
519.110878
21
262.328721
31
0.0
0
LINE
8
VISIBLE
10
519.110878
20
262.328721
30
0.0
11
519.660756
21
259.881528
31
0.0
0
LINE
8
VISIBLE
10
517.660756
20
265.447815
30
0.0
11
519.096053
21
263.318210
31
0.0
0
LINE
8
VISIBLE
10
519.096053
20
263.318210
30
0.0
11
519.660756
21
260.688712
31
0.0
0
LINE
8
VISIBLE
10
517.660756
20
266.345531
30
0.0
11
519.085002
21
264.140692
31
0.0
0
LINE
8
VISIBLE
10
519.085002
20
264.140692
30
0.0
11
519.660756
21
261.360010
31
0.0
0
LINE
8
VISIBLE
10
517.660756
20
267.052882
30
0.0
11
519.077017
21
264.788488
31
0.0
0
LINE
8
VISIBLE
10
519.077017
20
264.788488
30
0.0
11
519.660756
21
261.888955
31
0.0
0
LINE
8
VISIBLE
10
517.660756
20
267.563056
30
0.0
11
519.071619
21
265.255561
31
0.0
0
LINE
8
VISIBLE
10
519.071619
20
265.255561
30
0.0
11
519.660756
21
262.270454
31
0.0
0
LINE
8
VISIBLE
10
517.660756
20
267.871138
30
0.0
11
519.068496
21
265.537556
31
0.0
0
LINE
8
VISIBLE
10
519.068496
20
265.537556
30
0.0
11
519.660756
21
262.500833
31
0.0
0
LINE
8
VISIBLE
10
518.260756
20
267.176363
30
0.0
11
519.380824
21
264.696806
31
0.0
0
LINE
8
VISIBLE
10
519.380824
20
264.696806
30
0.0
11
519.660756
21
262.581873
31
0.0
0
LINE
8
VISIBLE
10
517.660751
20
267.886307
30
0.0
11
518.260756
21
267.084368
31
0.0
0
LINE
8
VISIBLE
10
518.260756
20
267.084368
30
0.0
11
518.260756
21
269.792709
31
0.0
0
LINE
8
VISIBLE
10
515.387990
20
269.792709
30
0.0
11
518.260756
21
269.792709
31
0.0
0
LINE
8
VISIBLE
10
515.387990
20
269.792709
30
0.0
11
516.952228
21
268.632070
31
0.0
0
LINE
8
VISIBLE
10
516.952222
20
265.716078
30
0.0
11
517.660756
21
265.716078
31
0.0
0
LINE
8
VISIBLE
10
516.952222
20
264.792709
30
0.0
11
517.660756
21
264.792709
31
0.0
0
LINE
8
VISIBLE
10
516.952222
20
263.192709
30
0.0
11
517.660756
21
263.192709
31
0.0
0
LINE
8
VISIBLE
10
516.952222
20
262.269340
30
0.0
11
517.660756
21
262.269340
31
0.0
0
LINE
8
VISIBLE
10
516.952222
20
258.192709
30
0.0
11
517.660756
21
258.192709
31
0.0
0
LINE
8
VISIBLE
10
516.952222
20
183.708709
30
0.0
11
517.660756
21
183.708709
31
0.0
0
LINE
8
VISIBLE
10
516.952222
20
237.792709
30
0.0
11
517.660756
21
237.792709
31
0.0
0
LINE
8
VISIBLE
10
516.952222
20
233.716078
30
0.0
11
517.660756
21
233.716078
31
0.0
0
LINE
8
VISIBLE
10
516.952222
20
232.792709
30
0.0
11
517.660756
21
232.792709
31
0.0
0
LINE
8
VISIBLE
10
516.952222
20
231.192709
30
0.0
11
517.660756
21
231.192709
31
0.0
0
LINE
8
VISIBLE
10
516.952222
20
230.269340
30
0.0
11
517.660756
21
230.269340
31
0.0
0
LINE
8
VISIBLE
10
516.952222
20
169.168709
30
0.0
11
517.660756
21
169.168709
31
0.0
0
LINE
8
VISIBLE
10
508.060756
20
172.018709
30
0.0
11
510.102861
21
172.018709
31
0.0
0
LINE
8
VISIBLE
10
517.660751
20
154.749069
30
0.0
11
519.177703
21
157.302544
31
0.0
0
LINE
8
VISIBLE
10
519.177703
20
157.302544
30
0.0
11
519.660756
21
160.040100
31
0.0
0
LINE
8
VISIBLE
10
517.660756
20
154.836277
30
0.0
11
519.055232
21
157.065882
31
0.0
0
LINE
8
VISIBLE
10
519.055232
20
157.065882
30
0.0
11
519.660756
21
160.106030
31
0.0
0
LINE
8
VISIBLE
10
517.660756
20
155.110024
30
0.0
11
519.058096
21
157.318201
31
0.0
0
LINE
8
VISIBLE
10
519.058096
20
157.318201
30
0.0
11
519.660756
21
160.312999
31
0.0
0
LINE
8
VISIBLE
10
517.660756
20
155.566174
30
0.0
11
519.063048
21
157.738716
31
0.0
0
LINE
8
VISIBLE
10
519.063048
20
157.738716
30
0.0
11
519.660756
21
160.657874
31
0.0
0
LINE
8
VISIBLE
10
517.660756
20
156.200825
30
0.0
11
519.070334
21
158.323937
31
0.0
0
LINE
8
VISIBLE
10
519.070334
20
158.323937
30
0.0
11
519.660756
21
161.137707
31
0.0
0
LINE
8
VISIBLE
10
517.660756
20
157.008549
30
0.0
11
519.080330
21
159.069007
31
0.0
0
LINE
8
VISIBLE
10
519.080330
20
159.069007
30
0.0
11
519.660756
21
161.748392
31
0.0
0
LINE
8
VISIBLE
10
517.660756
20
157.982439
30
0.0
11
519.093579
21
159.967732
31
0.0
0
LINE
8
VISIBLE
10
519.093579
20
159.967732
30
0.0
11
519.660756
21
162.484710
31
0.0
0
LINE
8
VISIBLE
10
517.660756
20
159.114167
30
0.0
11
519.110845
21
161.012625
31
0.0
0
LINE
8
VISIBLE
10
519.110845
20
161.012625
30
0.0
11
519.660756
21
163.340361
31
0.0
0
LINE
8
VISIBLE
10
517.660756
20
160.394054
30
0.0
11
519.133196
21
162.194937
31
0.0
0
LINE
8
VISIBLE
10
519.133196
20
162.194937
30
0.0
11
519.660756
21
164.308028
31
0.0
0
LINE
8
VISIBLE
10
517.660756
20
161.811154
30
0.0
11
519.162119
21
163.504687
31
0.0
0
LINE
8
VISIBLE
10
519.162119
20
163.504687
30
0.0
11
519.660756
21
165.379437
31
0.0
0
LINE
8
VISIBLE
10
517.660756
20
163.353348
30
0.0
11
519.195160
21
164.922982
31
0.0
0
LINE
8
VISIBLE
10
519.195160
20
164.922982
30
0.0
11
519.660756
21
166.545424
31
0.0
0
LINE
8
VISIBLE
10
517.660756
20
165.007447
30
0.0
11
519.227425
21
166.427083
31
0.0
0
LINE
8
VISIBLE
10
519.227425
20
166.427083
30
0.0
11
519.660756
21
167.796019
31
0.0
0
LINE
8
VISIBLE
10
517.660756
20
166.759307
30
0.0
11
519.270315
21
168.018496
31
0.0
0
LINE
8
VISIBLE
10
519.270315
20
168.018496
30
0.0
11
519.660756
21
169.120525
31
0.0
0
LINE
8
VISIBLE
10
517.660756
20
168.593944
30
0.0
11
519.327610
21
169.680770
31
0.0
0
LINE
8
VISIBLE
10
519.327610
20
169.680770
30
0.0
11
519.660756
21
170.507616
31
0.0
0
LINE
8
VISIBLE
10
517.660756
20
170.495669
30
0.0
11
519.403473
21
171.393261
31
0.0
0
LINE
8
VISIBLE
10
519.403473
20
171.393261
30
0.0
11
519.660756
21
171.945430
31
0.0
0
LINE
8
VISIBLE
10
518.260756
20
220.638709
30
0.0
11
518.260756
21
222.238709
31
0.0
0
LINE
8
VISIBLE
10
511.860756
20
270.984794
30
0.0
11
515.542603
21
269.792709
31
0.0
0
LINE
8
VISIBLE
10
516.952222
20
268.613206
30
0.0
11
516.952222
21
268.632076
31
0.0
0
LINE
8
VISIBLE
10
511.660756
20
270.879554
30
0.0
11
514.397813
21
270.256340
31
0.0
0
LINE
8
VISIBLE
10
514.397813
20
270.256340
30
0.0
11
516.952222
21
268.613206
31
0.0
0
LINE
8
VISIBLE
10
511.660756
20
270.893547
30
0.0
11
511.660756
21
270.879554
31
0.0
0
LINE
8
VISIBLE
10
511.660756
20
270.893547
30
0.0
11
511.860756
21
270.871006
31
0.0
0
LINE
8
VISIBLE
10
508.060756
20
174.986709
30
0.0
11
508.060756
21
172.018709
31
0.0
0
LINE
8
VISIBLE
10
516.952222
20
268.294386
30
0.0
11
516.952222
21
268.613206
31
0.0
0
LINE
8
VISIBLE
10
511.860756
20
270.511914
30
0.0
11
514.586683
21
269.833701
31
0.0
0
LINE
8
VISIBLE
10
514.586683
20
269.833701
30
0.0
11
516.952222
21
268.294386
31
0.0
0
LINE
8
VISIBLE
10
511.860756
20
270.841737
30
0.0
11
511.660756
21
270.840458
31
0.0
0
LINE
8
VISIBLE
10
511.660756
20
270.879554
30
0.0
11
511.660756
21
270.840458
31
0.0
0
LINE
8
VISIBLE
10
463.660756
20
273.282285
30
0.0
11
511.860756
21
270.777841
31
0.0
0
LINE
8
VISIBLE
10
511.860756
20
270.777841
30
0.0
11
511.860756
21
270.841737
31
0.0
0
LINE
8
VISIBLE
10
511.860756
20
270.871006
30
0.0
11
511.860756
21
270.934395
31
0.0
0
LINE
8
VISIBLE
10
463.660756
20
273.455041
30
0.0
11
511.860756
21
270.934395
31
0.0
0
LINE
8
VISIBLE
10
463.660756
20
273.282285
30
0.0
11
463.660756
21
273.455041
31
0.0
0
LINE
8
VISIBLE
10
511.860756
20
270.934395
30
0.0
11
511.860756
21
270.986654
31
0.0
0
LINE
8
VISIBLE
10
463.660756
20
206.656891
30
0.0
11
463.660756
21
246.578709
31
0.0
0
LINE
8
VISIBLE
10
463.660756
20
246.578709
30
0.0
11
463.660756
21
248.340277
31
0.0
0
LINE
8
VISIBLE
10
463.660756
20
248.340277
30
0.0
11
463.660756
21
250.094301
31
0.0
0
LINE
8
VISIBLE
10
463.660756
20
250.094301
30
0.0
11
463.660756
21
251.833272
31
0.0
0
LINE
8
VISIBLE
10
463.660756
20
251.833272
30
0.0
11
463.660756
21
253.549741
31
0.0
0
LINE
8
VISIBLE
10
463.660756
20
253.549741
30
0.0
11
463.660756
21
255.236360
31
0.0
0
LINE
8
VISIBLE
10
463.660756
20
255.236360
30
0.0
11
463.660756
21
256.885905
31
0.0
0
LINE
8
VISIBLE
10
463.660756
20
256.885905
30
0.0
11
463.660756
21
258.491313
31
0.0
0
LINE
8
VISIBLE
10
463.660756
20
258.491313
30
0.0
11
463.660756
21
260.045709
31
0.0
0
LINE
8
VISIBLE
10
463.660756
20
260.045709
30
0.0
11
463.660756
21
261.542438
31
0.0
0
LINE
8
VISIBLE
10
463.660756
20
261.542438
30
0.0
11
463.660756
21
262.975089
31
0.0
0
LINE
8
VISIBLE
10
463.660756
20
262.975089
30
0.0
11
463.660756
21
264.337529
31
0.0
0
LINE
8
VISIBLE
10
463.660756
20
264.337529
30
0.0
11
463.660756
21
265.623923
31
0.0
0
LINE
8
VISIBLE
10
463.660756
20
265.623923
30
0.0
11
463.660756
21
266.828762
31
0.0
0
LINE
8
VISIBLE
10
463.660756
20
266.828762
30
0.0
11
463.660756
21
267.946888
31
0.0
0
LINE
8
VISIBLE
10
463.660756
20
267.946888
30
0.0
11
463.660756
21
268.973512
31
0.0
0
LINE
8
VISIBLE
10
463.660756
20
268.973512
30
0.0
11
463.660756
21
269.904237
31
0.0
0
LINE
8
VISIBLE
10
463.660756
20
269.904237
30
0.0
11
463.660756
21
270.735079
31
0.0
0
LINE
8
VISIBLE
10
463.660756
20
270.735079
30
0.0
11
463.660756
21
271.462480
31
0.0
0
LINE
8
VISIBLE
10
463.660756
20
271.462480
30
0.0
11
463.660756
21
272.083325
31
0.0
0
LINE
8
VISIBLE
10
463.660756
20
272.083325
30
0.0
11
463.660756
21
272.594955
31
0.0
0
LINE
8
VISIBLE
10
463.660756
20
272.594955
30
0.0
11
463.660756
21
272.995180
31
0.0
0
LINE
8
VISIBLE
10
463.660756
20
272.995180
30
0.0
11
463.660756
21
273.282285
31
0.0
0
LINE
8
VISIBLE
10
463.660756
20
273.455041
30
0.0
11
463.660756
21
273.512709
31
0.0
0
LINE
8
VISIBLE
10
511.807018
20
270.989470
30
0.0
11
511.660756
21
270.989886
31
0.0
0
LINE
8
VISIBLE
10
511.660756
20
271.001136
30
0.0
11
511.660756
21
270.989886
31
0.0
0
LINE
8
VISIBLE
10
516.952222
20
267.766433
30
0.0
11
516.952222
21
268.294386
31
0.0
0
LINE
8
VISIBLE
10
511.660756
20
269.945686
30
0.0
11
514.446403
21
269.326817
31
0.0
0
LINE
8
VISIBLE
10
514.446403
20
269.326817
30
0.0
11
516.952222
21
267.766433
31
0.0
0
LINE
8
VISIBLE
10
511.660756
20
270.010428
30
0.0
11
511.660756
21
269.945686
31
0.0
0
LINE
8
VISIBLE
10
511.660756
20
270.010428
30
0.0
11
511.860756
21
269.965741
31
0.0
0
LINE
8
VISIBLE
10
511.860756
20
269.965741
30
0.0
11
511.860756
21
270.154974
31
0.0
0
LINE
8
VISIBLE
10
511.860756
20
270.154974
30
0.0
11
511.860756
21
270.517662
31
0.0
0
LINE
8
VISIBLE
10
511.860756
20
270.517662
30
0.0
11
511.860756
21
270.777841
31
0.0
0
LINE
8
VISIBLE
10
463.660756
20
272.995180
30
0.0
11
511.860756
21
270.517662
31
0.0
0
LINE
8
VISIBLE
10
463.680756
20
206.378709
30
0.0
11
463.660756
21
206.656891
31
0.0
0
LINE
8
VISIBLE
10
463.760756
20
205.298709
30
0.0
11
463.680756
21
206.378709
31
0.0
0
LINE
8
VISIBLE
10
464.660756
20
201.038709
30
0.0
11
463.760756
21
205.298709
31
0.0
0
LINE
8
VISIBLE
10
465.660756
20
198.558709
30
0.0
11
464.660756
21
201.038709
31
0.0
0
LINE
8
VISIBLE
10
466.660756
20
196.738709
30
0.0
11
465.660756
21
198.558709
31
0.0
0
LINE
8
VISIBLE
10
467.660756
20
195.278709
30
0.0
11
466.660756
21
196.738709
31
0.0
0
LINE
8
VISIBLE
10
468.660756
20
194.038709
30
0.0
11
467.660756
21
195.278709
31
0.0
0
LINE
8
VISIBLE
10
469.660756
20
192.998709
30
0.0
11
468.660756
21
194.038709
31
0.0
0
LINE
8
VISIBLE
10
470.660756
20
192.078709
30
0.0
11
469.660756
21
192.998709
31
0.0
0
LINE
8
VISIBLE
10
472.660756
20
190.578709
30
0.0
11
470.660756
21
192.078709
31
0.0
0
LINE
8
VISIBLE
10
474.660756
20
189.418709
30
0.0
11
472.660756
21
190.578709
31
0.0
0
LINE
8
VISIBLE
10
478.660756
20
187.798709
30
0.0
11
474.660756
21
189.418709
31
0.0
0
LINE
8
VISIBLE
10
482.660756
20
186.338709
30
0.0
11
478.660756
21
187.798709
31
0.0
0
LINE
8
VISIBLE
10
494.660756
20
181.978709
30
0.0
11
482.660756
21
186.338709
31
0.0
0
LINE
8
VISIBLE
10
498.660756
20
180.518709
30
0.0
11
494.660756
21
181.978709
31
0.0
0
LINE
8
VISIBLE
10
502.660756
20
178.998709
30
0.0
11
498.660756
21
180.518709
31
0.0
0
LINE
8
VISIBLE
10
504.660756
20
177.918709
30
0.0
11
502.660756
21
178.998709
31
0.0
0
LINE
8
VISIBLE
10
505.660756
20
177.218709
30
0.0
11
504.660756
21
177.918709
31
0.0
0
LINE
8
VISIBLE
10
506.660756
20
176.418709
30
0.0
11
505.660756
21
177.218709
31
0.0
0
LINE
8
VISIBLE
10
507.660756
20
175.458709
30
0.0
11
506.660756
21
176.418709
31
0.0
0
LINE
8
VISIBLE
10
508.660756
20
174.278709
30
0.0
11
507.660756
21
175.458709
31
0.0
0
LINE
8
VISIBLE
10
509.660756
20
172.858709
30
0.0
11
508.660756
21
174.278709
31
0.0
0
LINE
8
VISIBLE
10
510.660756
20
170.958709
30
0.0
11
509.660756
21
172.858709
31
0.0
0
LINE
8
VISIBLE
10
511.160756
20
169.718709
30
0.0
11
510.660756
21
170.958709
31
0.0
0
LINE
8
VISIBLE
10
511.860756
20
169.238709
30
0.0
11
511.160756
21
169.718709
31
0.0
0
LINE
8
VISIBLE
10
511.860756
20
169.238709
30
0.0
11
511.860756
21
246.578709
31
0.0
0
LINE
8
VISIBLE
10
511.660756
20
246.578709
30
0.0
11
511.860756
21
246.578709
31
0.0
0
LINE
8
VISIBLE
10
463.660756
20
246.578709
30
0.0
11
511.660756
21
246.578709
31
0.0
0
LINE
8
VISIBLE
10
511.660756
20
246.578709
30
0.0
11
511.660756
21
176.438709
31
0.0
0
LINE
8
VISIBLE
10
463.660756
20
248.340277
30
0.0
11
511.860756
21
248.175065
31
0.0
0
LINE
8
VISIBLE
10
511.860756
20
246.578709
30
0.0
11
511.860756
21
248.175065
31
0.0
0
LINE
8
VISIBLE
10
511.860756
20
248.175065
30
0.0
11
511.860756
21
248.823811
31
0.0
0
LINE
8
VISIBLE
10
511.860756
20
248.823811
30
0.0
11
511.660756
21
248.706007
31
0.0
0
LINE
8
VISIBLE
10
511.660756
20
249.235696
30
0.0
11
511.860756
21
249.115839
31
0.0
0
LINE
8
VISIBLE
10
511.860756
20
249.115839
30
0.0
11
511.860756
21
249.764585
31
0.0
0
LINE
8
VISIBLE
10
463.660756
20
250.094301
30
0.0
11
511.860756
21
249.764585
31
0.0
0
LINE
8
VISIBLE
10
463.660756
20
251.833272
30
0.0
11
511.860756
21
251.340463
31
0.0
0
LINE
8
VISIBLE
10
511.860756
20
249.764585
30
0.0
11
511.860756
21
251.340463
31
0.0
0
LINE
8
VISIBLE
10
463.660756
20
253.549741
30
0.0
11
511.860756
21
252.895950
31
0.0
0
LINE
8
VISIBLE
10
511.860756
20
251.340463
30
0.0
11
511.860756
21
252.895950
31
0.0
0
LINE
8
VISIBLE
10
511.860756
20
252.895950
30
0.0
11
511.860756
21
253.519765
31
0.0
0
LINE
8
VISIBLE
10
511.860756
20
253.519765
30
0.0
11
511.660756
21
253.408542
31
0.0
0
LINE
8
VISIBLE
10
511.660756
20
253.917876
30
0.0
11
511.860756
21
253.800571
31
0.0
0
LINE
8
VISIBLE
10
511.860756
20
253.800571
30
0.0
11
511.860756
21
254.424386
31
0.0
0
LINE
8
VISIBLE
10
463.660756
20
255.236360
30
0.0
11
511.860756
21
254.424386
31
0.0
0
LINE
8
VISIBLE
10
463.660756
20
256.885905
30
0.0
11
511.860756
21
255.919225
31
0.0
0
LINE
8
VISIBLE
10
511.860756
20
254.424386
30
0.0
11
511.860756
21
255.919225
31
0.0
0
LINE
8
VISIBLE
10
463.660756
20
258.491313
30
0.0
11
511.860756
21
257.374067
31
0.0
0
LINE
8
VISIBLE
10
511.860756
20
255.919225
30
0.0
11
511.860756
21
257.374067
31
0.0
0
LINE
8
VISIBLE
10
511.860756
20
257.374067
30
0.0
11
511.860756
21
257.948978
31
0.0
0
LINE
8
VISIBLE
10
511.860756
20
257.948978
30
0.0
11
511.660756
21
257.848610
31
0.0
0
LINE
8
VISIBLE
10
511.660756
20
258.318015
30
0.0
11
511.860756
21
258.207770
31
0.0
0
LINE
8
VISIBLE
10
511.860756
20
258.207770
30
0.0
11
511.860756
21
258.782682
31
0.0
0
LINE
8
VISIBLE
10
463.660756
20
260.045709
30
0.0
11
511.860756
21
258.782682
31
0.0
0
LINE
8
VISIBLE
10
463.660756
20
261.542438
30
0.0
11
511.860756
21
260.139037
31
0.0
0
LINE
8
VISIBLE
10
511.860756
20
258.782682
30
0.0
11
511.860756
21
260.139037
31
0.0
0
LINE
8
VISIBLE
10
463.660756
20
262.975089
30
0.0
11
511.860756
21
261.437325
31
0.0
0
LINE
8
VISIBLE
10
511.860756
20
260.139037
30
0.0
11
511.860756
21
261.437325
31
0.0
0
LINE
8
VISIBLE
10
511.860756
20
261.437325
30
0.0
11
511.860756
21
261.941238
31
0.0
0
LINE
8
VISIBLE
10
511.860756
20
261.941238
30
0.0
11
511.660756
21
261.855583
31
0.0
0
LINE
8
VISIBLE
10
511.660756
20
262.267019
30
0.0
11
511.860756
21
262.168072
31
0.0
0
LINE
8
VISIBLE
10
511.860756
20
262.168072
30
0.0
11
511.860756
21
262.671985
31
0.0
0
LINE
8
VISIBLE
10
463.660756
20
264.337529
30
0.0
11
511.860756
21
262.671985
31
0.0
0
LINE
8
VISIBLE
10
463.660756
20
265.623923
30
0.0
11
511.860756
21
263.837732
31
0.0
0
LINE
8
VISIBLE
10
511.860756
20
262.671985
30
0.0
11
511.860756
21
263.837732
31
0.0
0
LINE
8
VISIBLE
10
463.660756
20
266.828762
30
0.0
11
511.860756
21
264.929574
31
0.0
0
LINE
8
VISIBLE
10
511.860756
20
263.837732
30
0.0
11
511.860756
21
264.929574
31
0.0
0
LINE
8
VISIBLE
10
511.860756
20
264.929574
30
0.0
11
511.860756
21
265.343125
31
0.0
0
LINE
8
VISIBLE
10
511.860756
20
265.343125
30
0.0
11
511.660756
21
265.275473
31
0.0
0
LINE
8
VISIBLE
10
511.660756
20
265.613130
30
0.0
11
511.860756
21
265.529282
31
0.0
0
LINE
8
VISIBLE
10
511.860756
20
265.529282
30
0.0
11
511.860756
21
265.942834
31
0.0
0
LINE
8
VISIBLE
10
463.660756
20
267.946888
30
0.0
11
511.860756
21
265.942834
31
0.0
0
LINE
8
VISIBLE
10
463.660756
20
268.973512
30
0.0
11
511.860756
21
266.873174
31
0.0
0
LINE
8
VISIBLE
10
511.860756
20
265.942834
30
0.0
11
511.860756
21
266.873174
31
0.0
0
LINE
8
VISIBLE
10
463.660756
20
269.904237
30
0.0
11
511.860756
21
267.716609
31
0.0
0
LINE
8
VISIBLE
10
511.860756
20
266.873174
30
0.0
11
511.860756
21
267.716609
31
0.0
0
LINE
8
VISIBLE
10
511.860756
20
267.716609
30
0.0
11
511.860756
21
268.023906
31
0.0
0
LINE
8
VISIBLE
10
511.860756
20
268.023906
30
0.0
11
511.660756
21
267.976858
31
0.0
0
LINE
8
VISIBLE
10
511.660756
20
268.227759
30
0.0
11
511.860756
21
268.162233
31
0.0
0
LINE
8
VISIBLE
10
511.860756
20
268.162233
30
0.0
11
511.860756
21
268.469530
31
0.0
0
LINE
8
VISIBLE
10
463.660756
20
270.735079
30
0.0
11
511.860756
21
268.469530
31
0.0
0
LINE
8
VISIBLE
10
463.660756
20
271.462480
30
0.0
11
511.860756
21
269.128710
31
0.0
0
LINE
8
VISIBLE
10
511.860756
20
268.469530
30
0.0
11
511.860756
21
269.128710
31
0.0
0
LINE
8
VISIBLE
10
463.660756
20
272.083325
30
0.0
11
511.860756
21
269.691328
31
0.0
0
LINE
8
VISIBLE
10
511.860756
20
269.128710
30
0.0
11
511.860756
21
269.691328
31
0.0
0
LINE
8
VISIBLE
10
511.860756
20
269.691328
30
0.0
11
511.860756
21
269.880560
31
0.0
0
LINE
8
VISIBLE
10
511.860756
20
269.880560
30
0.0
11
511.660756
21
269.855923
31
0.0
0
LINE
8
VISIBLE
10
463.660756
20
272.594955
30
0.0
11
511.860756
21
270.154974
31
0.0
0
LINE
8
VISIBLE
10
516.952222
20
176.438709
30
0.0
11
516.952222
21
246.578709
31
0.0
0
LINE
8
VISIBLE
10
516.952222
20
267.034430
30
0.0
11
516.952222
21
267.766433
31
0.0
0
LINE
8
VISIBLE
10
511.860756
20
269.123296
30
0.0
11
514.661254
21
268.453290
31
0.0
0
LINE
8
VISIBLE
10
514.661254
20
268.453290
30
0.0
11
516.952222
21
267.034430
31
0.0
0
LINE
8
VISIBLE
10
511.660756
20
269.945686
30
0.0
11
511.660756
21
269.855923
31
0.0
0
LINE
8
VISIBLE
10
511.660756
20
248.972133
30
0.0
11
516.952222
21
248.748918
31
0.0
0
LINE
8
VISIBLE
10
516.952222
20
246.578709
30
0.0
11
516.952222
21
248.748918
31
0.0
0
LINE
8
VISIBLE
10
511.860756
20
246.578709
30
0.0
11
516.952222
21
246.578709
31
0.0
0
LINE
8
VISIBLE
10
511.660756
20
248.972133
30
0.0
11
511.660756
21
248.706007
31
0.0
0
LINE
8
VISIBLE
10
511.660756
20
249.235696
30
0.0
11
511.660756
21
248.972133
31
0.0
0
LINE
8
VISIBLE
10
511.860756
20
251.339320
30
0.0
11
516.952222
21
250.898226
31
0.0
0
LINE
8
VISIBLE
10
516.952222
20
248.748918
30
0.0
11
516.952222
21
250.898226
31
0.0
0
LINE
8
VISIBLE
10
511.660756
20
253.667004
30
0.0
11
516.952222
21
253.005935
31
0.0
0
LINE
8
VISIBLE
10
516.952222
20
250.898226
30
0.0
11
516.952222
21
253.005935
31
0.0
0
LINE
8
VISIBLE
10
511.660756
20
253.667004
30
0.0
11
511.660756
21
253.408542
31
0.0
0
LINE
8
VISIBLE
10
511.660756
20
253.917876
30
0.0
11
511.660756
21
253.667004
31
0.0
0
LINE
8
VISIBLE
10
511.860756
20
255.916983
30
0.0
11
516.952222
21
255.051746
31
0.0
0
LINE
8
VISIBLE
10
516.952222
20
253.005935
30
0.0
11
516.952222
21
255.051746
31
0.0
0
LINE
8
VISIBLE
10
511.660756
20
258.089476
30
0.0
11
514.487869
21
257.776243
31
0.0
0
LINE
8
VISIBLE
10
514.487869
20
257.776243
30
0.0
11
516.952222
21
257.015957
31
0.0
0
LINE
8
VISIBLE
10
516.952222
20
255.051746
30
0.0
11
516.952222
21
257.015957
31
0.0
0
LINE
8
VISIBLE
10
511.660756
20
258.089476
30
0.0
11
511.660756
21
257.848610
31
0.0
0
LINE
8
VISIBLE
10
511.660756
20
258.318015
30
0.0
11
511.660756
21
258.089476
31
0.0
0
LINE
8
VISIBLE
10
511.860756
20
260.135781
30
0.0
11
515.376990
21
259.527901
31
0.0
0
LINE
8
VISIBLE
10
515.376990
20
259.527901
30
0.0
11
516.952222
21
258.879652
31
0.0
0
LINE
8
VISIBLE
10
516.952222
20
257.015957
30
0.0
11
516.952222
21
258.879652
31
0.0
0
LINE
8
VISIBLE
10
511.660756
20
262.069595
30
0.0
11
515.010047
21
261.491804
31
0.0
0
LINE
8
VISIBLE
10
515.010047
20
261.491804
30
0.0
11
516.952222
21
260.624882
31
0.0
0
LINE
8
VISIBLE
10
516.952222
20
258.879652
30
0.0
11
516.952222
21
260.624882
31
0.0
0
LINE
8
VISIBLE
10
511.660756
20
262.069595
30
0.0
11
511.660756
21
261.855583
31
0.0
0
LINE
8
VISIBLE
10
511.660756
20
262.267019
30
0.0
11
511.660756
21
262.069595
31
0.0
0
LINE
8
VISIBLE
10
511.860756
20
263.833589
30
0.0
11
515.019865
21
263.197559
31
0.0
0
LINE
8
VISIBLE
10
515.019865
20
263.197559
30
0.0
11
516.952222
21
262.234840
31
0.0
0
LINE
8
VISIBLE
10
516.952222
20
260.624882
30
0.0
11
516.952222
21
262.234840
31
0.0
0
LINE
8
VISIBLE
10
511.660756
20
265.454408
30
0.0
11
514.726968
21
264.857671
31
0.0
0
LINE
8
VISIBLE
10
514.726968
20
264.857671
30
0.0
11
516.952222
21
263.694021
31
0.0
0
LINE
8
VISIBLE
10
516.952222
20
262.234840
30
0.0
11
516.952222
21
263.694021
31
0.0
0
LINE
8
VISIBLE
10
511.660756
20
265.454408
30
0.0
11
511.660756
21
265.275473
31
0.0
0
LINE
8
VISIBLE
10
511.660756
20
265.613130
30
0.0
11
511.660756
21
265.454408
31
0.0
0
LINE
8
VISIBLE
10
511.860756
20
266.868301
30
0.0
11
514.797754
21
266.212157
31
0.0
0
LINE
8
VISIBLE
10
514.797754
20
266.212157
30
0.0
11
516.952222
21
264.988371
31
0.0
0
LINE
8
VISIBLE
10
516.952222
20
263.694021
30
0.0
11
516.952222
21
264.988371
31
0.0
0
LINE
8
VISIBLE
10
511.660756
20
268.113839
30
0.0
11
514.550554
21
267.503712
31
0.0
0
LINE
8
VISIBLE
10
514.550554
20
267.503712
30
0.0
11
516.952222
21
266.105427
31
0.0
0
LINE
8
VISIBLE
10
516.952222
20
264.988371
30
0.0
11
516.952222
21
266.105427
31
0.0
0
LINE
8
VISIBLE
10
511.660756
20
268.113839
30
0.0
11
511.660756
21
267.976858
31
0.0
0
LINE
8
VISIBLE
10
511.660756
20
268.227759
30
0.0
11
511.660756
21
268.113839
31
0.0
0
LINE
8
VISIBLE
10
516.952222
20
266.105427
30
0.0
11
516.952222
21
267.034430
31
0.0
0
LINE
8
VISIBLE
10
511.860756
20
167.616520
30
0.0
11
511.860756
21
169.238709
31
0.0
0
LINE
8
VISIBLE
10
511.860756
20
165.553294
30
0.0
11
511.860756
21
167.616520
31
0.0
0
LINE
8
VISIBLE
10
511.860756
20
164.063927
30
0.0
11
511.860756
21
165.553294
31
0.0
0
LINE
8
VISIBLE
10
516.952222
20
168.337704
30
0.0
11
516.952222
21
170.301547
31
0.0
0
LINE
8
VISIBLE
10
511.660756
20
168.683911
30
0.0
11
511.860756
21
168.683911
31
0.0
0
LINE
8
VISIBLE
10
511.860756
20
176.438709
30
0.0
11
516.952222
21
176.438709
31
0.0
0
LINE
8
VISIBLE
10
516.952222
20
174.369444
30
0.0
11
516.952222
21
176.438709
31
0.0
0
LINE
8
VISIBLE
10
511.860756
20
174.185229
30
0.0
11
516.952222
21
174.369444
31
0.0
0
LINE
8
VISIBLE
10
516.952222
20
172.317875
30
0.0
11
516.952222
21
174.369444
31
0.0
0
LINE
8
VISIBLE
10
511.860756
20
171.951021
30
0.0
11
516.952222
21
172.317875
31
0.0
0
LINE
8
VISIBLE
10
516.952222
20
170.301547
30
0.0
11
516.952222
21
172.317875
31
0.0
0
LINE
8
VISIBLE
10
511.860756
20
169.755192
30
0.0
11
516.952222
21
170.301547
31
0.0
0
LINE
8
VISIBLE
10
511.860756
20
167.616520
30
0.0
11
516.952222
21
168.337704
31
0.0
0
LINE
8
VISIBLE
10
516.952222
20
166.443141
30
0.0
11
516.952222
21
168.337704
31
0.0
0
LINE
8
VISIBLE
10
511.860756
20
165.553294
30
0.0
11
516.952222
21
166.443141
31
0.0
0
LINE
8
VISIBLE
10
516.952222
20
164.634059
30
0.0
11
516.952222
21
166.443141
31
0.0
0
LINE
8
VISIBLE
10
511.660756
20
163.580072
30
0.0
11
515.287325
21
164.038285
31
0.0
0
LINE
8
VISIBLE
10
515.287325
20
164.038285
30
0.0
11
516.952222
21
164.634059
31
0.0
0
LINE
8
VISIBLE
10
511.660756
20
164.051910
30
0.0
11
511.660756
21
163.580072
31
0.0
0
LINE
8
VISIBLE
10
511.660756
20
164.051910
30
0.0
11
511.860756
21
164.063927
31
0.0
0
LINE
8
VISIBLE
10
511.660756
20
164.051910
30
0.0
11
511.660756
21
168.683911
31
0.0
0
LINE
8
VISIBLE
10
511.660756
20
152.138870
30
0.0
11
511.660756
21
152.040779
31
0.0
0
LINE
8
VISIBLE
10
511.660756
20
152.446799
30
0.0
11
511.660756
21
152.138870
31
0.0
0
LINE
8
VISIBLE
10
511.660756
20
152.959906
30
0.0
11
511.660756
21
152.446799
31
0.0
0
LINE
8
VISIBLE
10
511.660756
20
153.673803
30
0.0
11
511.660756
21
152.959906
31
0.0
0
LINE
8
VISIBLE
10
511.660756
20
154.582384
30
0.0
11
511.660756
21
153.673803
31
0.0
0
LINE
8
VISIBLE
10
511.660756
20
155.677880
30
0.0
11
511.660756
21
154.582384
31
0.0
0
LINE
8
VISIBLE
10
511.660756
20
156.950922
30
0.0
11
511.660756
21
155.677880
31
0.0
0
LINE
8
VISIBLE
10
511.660756
20
158.390623
30
0.0
11
511.660756
21
156.950922
31
0.0
0
LINE
8
VISIBLE
10
511.660756
20
159.984670
30
0.0
11
511.660756
21
158.390623
31
0.0
0
LINE
8
VISIBLE
10
511.660756
20
161.719432
30
0.0
11
511.660756
21
159.984670
31
0.0
0
LINE
8
VISIBLE
10
511.660756
20
163.580072
30
0.0
11
511.660756
21
161.719432
31
0.0
0
LINE
8
VISIBLE
10
516.952222
20
162.925930
30
0.0
11
516.952222
21
164.634059
31
0.0
0
LINE
8
VISIBLE
10
511.660756
20
161.719432
30
0.0
11
515.076260
21
162.181595
31
0.0
0
LINE
8
VISIBLE
10
515.076260
20
162.181595
30
0.0
11
516.952222
21
162.925930
31
0.0
0
LINE
8
VISIBLE
10
516.952222
20
161.333362
30
0.0
11
516.952222
21
162.925930
31
0.0
0
LINE
8
VISIBLE
10
516.952222
20
159.869974
30
0.0
11
516.952222
21
161.333362
31
0.0
0
LINE
8
VISIBLE
10
516.952222
20
158.548282
30
0.0
11
516.952222
21
159.869974
31
0.0
0
LINE
8
VISIBLE
10
516.952222
20
157.379588
30
0.0
11
516.952222
21
158.548282
31
0.0
0
LINE
8
VISIBLE
10
516.952222
20
156.373886
30
0.0
11
516.952222
21
157.379588
31
0.0
0
LINE
8
VISIBLE
10
516.952222
20
155.539779
30
0.0
11
516.952222
21
156.373886
31
0.0
0
LINE
8
VISIBLE
10
516.952222
20
154.884398
30
0.0
11
516.952222
21
155.539779
31
0.0
0
LINE
8
VISIBLE
10
516.952222
20
154.413349
30
0.0
11
516.952222
21
154.884398
31
0.0
0
LINE
8
VISIBLE
10
516.952222
20
154.130660
30
0.0
11
516.952222
21
154.413349
31
0.0
0
LINE
8
VISIBLE
10
516.952222
20
154.040609
30
0.0
11
516.952222
21
154.130660
31
0.0
0
LINE
8
VISIBLE
10
511.660756
20
152.040779
30
0.0
11
514.401616
21
152.524916
31
0.0
0
LINE
8
VISIBLE
10
514.401616
20
152.524916
30
0.0
11
516.952228
21
154.040614
31
0.0
0
LINE
8
VISIBLE
10
511.660756
20
152.138870
30
0.0
11
514.380858
21
152.613522
31
0.0
0
LINE
8
VISIBLE
10
514.380858
20
152.613522
30
0.0
11
516.952222
21
154.130660
31
0.0
0
LINE
8
VISIBLE
10
511.660756
20
152.446799
30
0.0
11
514.396779
21
152.921139
31
0.0
0
LINE
8
VISIBLE
10
514.396779
20
152.921139
30
0.0
11
516.952222
21
154.413349
31
0.0
0
LINE
8
VISIBLE
10
511.660756
20
152.959906
30
0.0
11
514.423985
21
153.433721
31
0.0
0
LINE
8
VISIBLE
10
514.423985
20
153.433721
30
0.0
11
516.952222
21
154.884398
31
0.0
0
LINE
8
VISIBLE
10
511.660756
20
153.673803
30
0.0
11
514.463310
21
154.146876
31
0.0
0
LINE
8
VISIBLE
10
514.463310
20
154.146876
30
0.0
11
516.952222
21
155.539779
31
0.0
0
LINE
8
VISIBLE
10
511.660756
20
154.582384
30
0.0
11
514.516024
21
155.054485
31
0.0
0
LINE
8
VISIBLE
10
514.516024
20
155.054485
30
0.0
11
516.952222
21
156.373886
31
0.0
0
LINE
8
VISIBLE
10
511.660756
20
155.677880
30
0.0
11
514.583939
21
156.148760
31
0.0
0
LINE
8
VISIBLE
10
514.583939
20
156.148760
30
0.0
11
516.952222
21
157.379588
31
0.0
0
LINE
8
VISIBLE
10
511.660756
20
156.950922
30
0.0
11
514.669586
21
157.420293
31
0.0
0
LINE
8
VISIBLE
10
514.669586
20
157.420293
30
0.0
11
516.952222
21
158.548282
31
0.0
0
LINE
8
VISIBLE
10
511.660756
20
158.390623
30
0.0
11
514.776495
21
158.858129
31
0.0
0
LINE
8
VISIBLE
10
514.776495
20
158.858129
30
0.0
11
516.952222
21
159.869974
31
0.0
0
LINE
8
VISIBLE
10
511.660756
20
159.984670
30
0.0
11
514.909635
21
160.449835
31
0.0
0
LINE
8
VISIBLE
10
514.909635
20
160.449835
30
0.0
11
516.952222
21
161.333362
31
0.0
0
LINE
8
SECTION
10
517.660756
20
267.978163
30
0.0
11
518.656328
21
266.515417
31
0.0
0
LINE
8
SECTION
10
518.656328
20
266.515417
30
0.0
11
519.325060
21
264.894270
31
0.0
0
LINE
8
SECTION
10
519.325060
20
264.894270
30
0.0
11
519.660756
21
262.581873
31
0.0
0
LINE
8
SECTION
10
519.660756
20
181.808709
30
0.0
11
519.660756
21
262.581873
31
0.0
0
LINE
8
SECTION
10
514.660756
20
181.808709
30
0.0
11
519.660756
21
181.808709
31
0.0
0
LINE
8
SECTION
10
514.660756
20
179.192197
30
0.0
11
514.660756
21
181.808709
31
0.0
0
LINE
8
SECTION
10
508.060756
20
178.885221
30
0.0
11
514.660756
21
179.192197
31
0.0
0
LINE
8
SECTION
10
508.060756
20
178.885221
30
0.0
11
508.060756
21
180.858709
31
0.0
0
LINE
8
SECTION
10
508.060756
20
180.858709
30
0.0
11
512.660756
21
180.858709
31
0.0
0
LINE
8
SECTION
10
512.660756
20
180.858709
30
0.0
11
512.660756
21
183.708709
31
0.0
0
LINE
8
SECTION
10
512.660756
20
183.708709
30
0.0
11
517.660756
21
183.708709
31
0.0
0
LINE
8
SECTION
10
517.660756
20
183.708709
30
0.0
11
517.660756
21
230.377160
31
0.0
0
LINE
8
SECTION
10
511.660756
20
230.377160
30
0.0
11
517.660756
21
230.377160
31
0.0
0
LINE
8
SECTION
10
511.660756
20
230.501916
30
0.0
11
511.660756
21
230.377160
31
0.0
0
LINE
8
SECTION
10
511.660756
20
230.501916
30
0.0
11
507.660756
21
230.743709
31
0.0
0
LINE
8
SECTION
10
507.660756
20
230.743709
30
0.0
11
507.660756
21
233.241709
31
0.0
0
LINE
8
SECTION
10
507.660756
20
233.241709
30
0.0
11
511.660756
21
233.483502
31
0.0
0
LINE
8
SECTION
10
511.660756
20
233.608258
30
0.0
11
511.660756
21
233.483502
31
0.0
0
LINE
8
SECTION
10
511.660756
20
233.608258
30
0.0
11
517.660756
21
233.608258
31
0.0
0
LINE
8
SECTION
10
517.660756
20
233.608258
30
0.0
11
517.660756
21
262.377160
31
0.0
0
LINE
8
SECTION
10
511.660756
20
262.377160
30
0.0
11
517.660756
21
262.377160
31
0.0
0
LINE
8
SECTION
10
511.660756
20
262.501916
30
0.0
11
511.660756
21
262.377160
31
0.0
0
LINE
8
SECTION
10
511.660756
20
262.501916
30
0.0
11
507.660756
21
262.743709
31
0.0
0
LINE
8
SECTION
10
507.660756
20
262.743709
30
0.0
11
507.660756
21
265.241709
31
0.0
0
LINE
8
SECTION
10
507.660756
20
265.241709
30
0.0
11
511.660756
21
265.483502
31
0.0
0
LINE
8
SECTION
10
511.660756
20
265.608258
30
0.0
11
511.660756
21
265.483502
31
0.0
0
LINE
8
SECTION
10
511.660756
20
265.608258
30
0.0
11
517.660756
21
265.608258
31
0.0
0
LINE
8
SECTION
10
517.660756
20
265.608258
30
0.0
11
517.660756
21
267.978163
31
0.0
0
LINE
8
SECTION
10
517.660756
20
154.749075
30
0.0
11
517.660756
21
169.168709
31
0.0
0
LINE
8
SECTION
10
512.660756
20
169.168709
30
0.0
11
517.660756
21
169.168709
31
0.0
0
LINE
8
SECTION
10
512.660756
20
169.168709
30
0.0
11
512.660756
21
172.018709
31
0.0
0
LINE
8
SECTION
10
508.060756
20
172.018709
30
0.0
11
512.660756
21
172.018709
31
0.0
0
LINE
8
SECTION
10
508.060756
20
172.018709
30
0.0
11
508.060756
21
173.992197
31
0.0
0
LINE
8
SECTION
10
508.060756
20
173.992197
30
0.0
11
514.660756
21
173.685221
31
0.0
0
LINE
8
SECTION
10
514.660756
20
171.068709
30
0.0
11
514.660756
21
173.685221
31
0.0
0
LINE
8
SECTION
10
514.660756
20
171.068709
30
0.0
11
519.660756
21
171.068709
31
0.0
0
LINE
8
SECTION
10
519.660756
20
160.040100
30
0.0
11
519.660756
21
171.068709
31
0.0
0
LINE
8
SECTION
10
517.660751
20
154.749069
30
0.0
11
518.566577
21
156.001907
31
0.0
0
LINE
8
SECTION
10
518.566577
20
156.001907
30
0.0
11
519.177703
21
157.302544
31
0.0
0
LINE
8
SECTION
10
519.177703
20
157.302544
30
0.0
11
519.538751
21
158.648334
31
0.0
0
LINE
8
SECTION
10
519.538751
20
158.648334
30
0.0
11
519.660756
21
160.040100
31
0.0
0
LINE
8
SECTION
10
511.860756
20
270.984794
30
0.0
11
513.633042
21
270.651996
31
0.0
0
LINE
8
SECTION
10
513.633042
20
270.651996
30
0.0
11
515.217843
21
269.980102
31
0.0
0
LINE
8
SECTION
10
515.217843
20
269.980102
30
0.0
11
516.952222
21
268.723822
31
0.0
0
LINE
8
SECTION
10
511.660756
20
269.001136
30
0.0
11
516.952222
21
268.723822
31
0.0
0
LINE
8
SECTION
10
463.660756
20
271.516709
30
0.0
11
511.660756
21
269.001136
31
0.0
0
LINE
8
SECTION
10
463.660756
20
271.516709
30
0.0
11
463.660756
21
273.512709
31
0.0
0
LINE
8
SECTION
10
463.660756
20
273.512709
30
0.0
11
511.660756
21
270.997136
31
0.0
0
LINE
8
SECTION
10
511.660756
20
270.997136
30
0.0
11
511.660756
21
271.001136
31
0.0
0
LINE
8
SECTION
10
511.660756
20
271.001136
30
0.0
11
511.807018
21
270.989470
31
0.0
0
LINE
8
SECTION
10
511.807018
20
270.989470
30
0.0
11
511.860756
21
270.986654
31
0.0
0
LINE
8
SECTION
10
511.860756
20
270.984794
30
0.0
11
511.860756
21
270.986654
31
0.0
0
LINE
8
SECTION
10
511.660756
20
152.040779
30
0.0
11
511.660756
21
154.040609
31
0.0
0
LINE
8
SECTION
10
511.660756
20
154.040609
30
0.0
11
516.952222
21
154.040609
31
0.0
0
LINE
8
SECTION
10
511.660756
20
152.040779
30
0.0
11
513.051084
21
152.162502
31
0.0
0
LINE
8
SECTION
10
513.051084
20
152.162502
30
0.0
11
514.401616
21
152.524916
31
0.0
0
LINE
8
SECTION
10
514.401616
20
152.524916
30
0.0
11
515.660715
21
153.112461
31
0.0
0
LINE
8
SECTION
10
515.660715
20
153.112461
30
0.0
11
516.952228
21
154.040614
31
0.0
0
LINE
8
VISIBLE
10
779.628724
20
524.569492
30
0.0
11
779.586440
21
525.648718
31
0.0
0
LINE
8
VISIBLE
10
779.586440
20
525.648718
30
0.0
11
781.728311
21
525.292724
31
0.0
0
LINE
8
VISIBLE
10
781.728311
20
525.292724
30
0.0
11
782.910465
21
524.782397
31
0.0
0
LINE
8
VISIBLE
10
782.910465
20
524.782397
30
0.0
11
782.942434
21
523.966441
31
0.0
0
LINE
8
VISIBLE
10
779.628724
20
524.569492
30
0.0
11
781.864240
21
524.340374
31
0.0
0
LINE
8
VISIBLE
10
781.864240
20
524.340374
30
0.0
11
782.942434
21
523.966441
31
0.0
0
LINE
8
VISIBLE
10
779.755213
20
523.450671
30
0.0
11
779.628724
21
524.569492
31
0.0
0
LINE
8
VISIBLE
10
779.964827
20
522.301823
30
0.0
11
779.755213
21
523.450671
31
0.0
0
LINE
8
VISIBLE
10
779.721389
20
525.642809
30
0.0
11
779.721389
21
548.837813
31
0.0
0
LINE
8
VISIBLE
10
780.255773
20
521.132771
30
0.0
11
779.964827
21
522.301823
31
0.0
0
LINE
8
VISIBLE
10
780.625562
20
519.953515
30
0.0
11
780.255773
21
521.132771
31
0.0
0
LINE
8
VISIBLE
10
781.071032
20
518.774139
30
0.0
11
780.625562
21
519.953515
31
0.0
0
LINE
8
VISIBLE
10
781.588373
20
517.604729
30
0.0
11
781.071032
21
518.774139
31
0.0
0
LINE
8
VISIBLE
10
782.173162
20
516.455286
30
0.0
11
781.588373
21
517.604729
31
0.0
0
LINE
8
VISIBLE
10
782.820396
20
515.335640
30
0.0
11
782.173162
21
516.455286
31
0.0
0
LINE
8
VISIBLE
10
783.524542
20
514.255365
30
0.0
11
782.820396
21
515.335640
31
0.0
0
LINE
8
VISIBLE
10
784.279576
20
513.223701
30
0.0
11
783.524542
21
514.255365
31
0.0
0
LINE
8
VISIBLE
10
785.079042
20
512.249470
30
0.0
11
784.279576
21
513.223701
31
0.0
0
LINE
8
VISIBLE
10
785.916104
20
511.341004
30
0.0
11
785.079042
21
512.249470
31
0.0
0
LINE
8
VISIBLE
10
786.783602
20
510.506072
30
0.0
11
785.916104
21
511.341004
31
0.0
0
LINE
8
VISIBLE
10
787.674117
20
509.751814
30
0.0
11
786.783602
21
510.506072
31
0.0
0
LINE
8
VISIBLE
10
779.721389
20
549.893011
30
0.0
11
779.721389
21
562.492704
31
0.0
0
LINE
8
VISIBLE
10
788.580035
20
509.084681
30
0.0
11
787.674117
21
509.751814
31
0.0
0
LINE
8
VISIBLE
10
779.721389
20
562.492704
30
0.0
11
779.768356
21
563.569518
31
0.0
0
LINE
8
VISIBLE
10
789.493607
20
508.510377
30
0.0
11
788.580035
21
509.084681
31
0.0
0
LINE
8
VISIBLE
10
779.768356
20
563.569518
30
0.0
11
779.908804
21
564.581729
31
0.0
0
LINE
8
VISIBLE
10
790.407022
20
508.033815
30
0.0
11
789.493607
21
508.510377
31
0.0
0
LINE
8
VISIBLE
10
779.908804
20
564.581729
30
0.0
11
780.141381
21
565.519590
31
0.0
0
LINE
8
VISIBLE
10
791.312466
20
507.659070
30
0.0
11
790.407022
21
508.033815
31
0.0
0
LINE
8
VISIBLE
10
780.141381
20
565.519590
30
0.0
11
780.463847
21
566.374067
31
0.0
0
LINE
8
VISIBLE
10
792.202198
20
507.389347
30
0.0
11
791.312466
21
507.659070
31
0.0
0
LINE
8
VISIBLE
10
780.463847
20
566.374067
30
0.0
11
780.873096
21
567.136932
31
0.0
0
LINE
8
VISIBLE
10
793.068607
20
507.226952
30
0.0
11
792.202198
21
507.389347
31
0.0
0
LINE
8
VISIBLE
10
780.873096
20
567.136932
30
0.0
11
781.365188
21
567.800837
31
0.0
0
LINE
8
VISIBLE
10
793.904285
20
507.173274
30
0.0
11
793.068607
21
507.226952
31
0.0
0
LINE
8
VISIBLE
10
781.365188
20
567.800837
30
0.0
11
781.935382
21
568.359390
31
0.0
0
LINE
8
VISIBLE
10
794.702085
20
507.228772
30
0.0
11
793.904285
21
507.173274
31
0.0
0
LINE
8
VISIBLE
10
781.935382
20
568.359390
30
0.0
11
782.578188
21
568.807211
31
0.0
0
LINE
8
VISIBLE
10
795.455185
20
507.392972
30
0.0
11
794.702085
21
507.228772
31
0.0
0
LINE
8
VISIBLE
10
782.578188
20
568.807211
30
0.0
11
783.287416
21
569.139987
31
0.0
0
LINE
8
VISIBLE
10
796.157142
20
507.664469
30
0.0
11
795.455185
21
507.392972
31
0.0
0
LINE
8
VISIBLE
10
783.287416
20
569.139987
30
0.0
11
784.056234
21
569.354513
31
0.0
0
LINE
8
VISIBLE
10
796.801956
20
508.040942
30
0.0
11
796.157142
21
507.664469
31
0.0
0
LINE
8
VISIBLE
10
784.056234
20
569.354513
30
0.0
11
784.877239
21
569.448724
31
0.0
0
LINE
8
VISIBLE
10
797.384110
20
508.519171
30
0.0
11
796.801956
21
508.040942
31
0.0
0
LINE
8
VISIBLE
10
784.877239
20
569.448724
30
0.0
11
785.742524
21
569.421712
31
0.0
0
LINE
8
VISIBLE
10
797.898627
20
509.095066
30
0.0
11
797.384110
21
508.519171
31
0.0
0
LINE
8
VISIBLE
10
785.742524
20
569.421712
30
0.0
11
786.643756
21
569.273737
31
0.0
0
LINE
8
VISIBLE
10
817.957271
20
535.180435
30
0.0
11
797.898627
21
509.095066
31
0.0
0
LINE
8
VISIBLE
10
786.643756
20
569.273737
30
0.0
11
787.572255
21
569.006225
31
0.0
0
LINE
8
VISIBLE
10
818.303885
20
535.686240
30
0.0
11
817.957271
21
535.180435
31
0.0
0
LINE
8
VISIBLE
10
787.572255
20
569.006225
30
0.0
11
788.519080
21
568.621751
31
0.0
0
LINE
8
VISIBLE
10
818.606203
20
536.244262
30
0.0
11
818.303885
21
535.686240
31
0.0
0
LINE
8
VISIBLE
10
788.519080
20
568.621751
30
0.0
11
788.654531
21
568.551530
31
0.0
0
LINE
8
VISIBLE
10
818.862699
20
536.851683
30
0.0
11
818.606203
21
536.244262
31
0.0
0
LINE
8
VISIBLE
10
819.072078
20
537.505434
30
0.0
11
818.862699
21
536.851683
31
0.0
0
LINE
8
VISIBLE
10
819.233282
20
538.202215
30
0.0
11
819.072078
21
537.505434
31
0.0
0
LINE
8
VISIBLE
10
819.345496
20
538.938505
30
0.0
11
819.233282
21
538.202215
31
0.0
0
LINE
8
VISIBLE
10
819.408155
20
539.710587
30
0.0
11
819.345496
21
538.938505
31
0.0
0
LINE
8
VISIBLE
10
819.420940
20
540.514560
30
0.0
11
819.408155
21
539.710587
31
0.0
0
LINE
8
VISIBLE
10
819.383789
20
541.346363
30
0.0
11
819.420940
21
540.514560
31
0.0
0
LINE
8
VISIBLE
10
819.296888
20
542.201797
30
0.0
11
819.383789
21
541.346363
31
0.0
0
LINE
8
VISIBLE
10
789.657463
20
568.027665
30
0.0
11
810.833174
21
556.594091
31
0.0
0
LINE
8
VISIBLE
10
783.093197
20
524.676897
30
0.0
11
782.910465
21
524.782397
31
0.0
0
LINE
8
VISIBLE
10
782.942434
20
523.966441
30
0.0
11
783.038067
21
523.120548
31
0.0
0
LINE
8
VISIBLE
10
783.093197
20
561.598795
30
0.0
11
783.093197
21
524.676897
31
0.0
0
LINE
8
VISIBLE
10
783.038067
20
523.120548
30
0.0
11
783.196547
21
522.251952
31
0.0
0
LINE
8
VISIBLE
10
783.128318
20
562.404019
30
0.0
11
783.093197
21
561.598795
31
0.0
0
LINE
8
VISIBLE
10
783.196547
20
522.251952
30
0.0
11
783.416519
21
521.368082
31
0.0
0
LINE
8
VISIBLE
10
783.233343
20
563.160934
30
0.0
11
783.128318
21
562.404019
31
0.0
0
LINE
8
VISIBLE
10
783.416519
20
521.368082
30
0.0
11
783.696101
21
520.476497
31
0.0
0
LINE
8
VISIBLE
10
783.407260
20
563.862250
30
0.0
11
783.233343
21
563.160934
31
0.0
0
LINE
8
VISIBLE
10
783.696101
20
520.476497
30
0.0
11
784.032901
21
519.584821
31
0.0
0
LINE
8
VISIBLE
10
783.648395
20
564.501214
30
0.0
11
783.407260
21
563.862250
31
0.0
0
LINE
8
VISIBLE
10
784.032901
20
519.584821
30
0.0
11
784.424041
21
518.700680
31
0.0
0
LINE
8
VISIBLE
10
783.954424
20
565.071672
30
0.0
11
783.648395
21
564.501214
31
0.0
0
LINE
8
VISIBLE
10
784.424041
20
518.700680
30
0.0
11
784.866175
21
517.831635
31
0.0
0
LINE
8
VISIBLE
10
784.322402
20
565.568129
30
0.0
11
783.954424
21
565.071672
31
0.0
0
LINE
8
VISIBLE
10
784.866175
20
517.831635
30
0.0
11
785.355521
21
516.985118
31
0.0
0
LINE
8
VISIBLE
10
784.748784
20
565.985806
30
0.0
11
784.322402
21
565.568129
31
0.0
0
LINE
8
VISIBLE
10
785.355521
20
516.985118
30
0.0
11
785.887896
21
516.168368
31
0.0
0
LINE
8
VISIBLE
10
785.229464
20
566.320679
30
0.0
11
784.748784
21
565.985806
31
0.0
0
LINE
8
VISIBLE
10
785.887896
20
516.168368
30
0.0
11
786.458745
21
515.388371
31
0.0
0
LINE
8
VISIBLE
10
785.759812
20
566.569523
30
0.0
11
785.229464
21
566.320679
31
0.0
0
LINE
8
VISIBLE
10
786.458745
20
515.388371
30
0.0
11
787.063187
21
514.651797
31
0.0
0
LINE
8
VISIBLE
10
786.334722
20
566.729942
30
0.0
11
785.759812
21
566.569523
31
0.0
0
LINE
8
VISIBLE
10
787.063187
20
514.651797
30
0.0
11
787.696054
21
513.964944
31
0.0
0
LINE
8
VISIBLE
10
786.948655
20
566.800392
30
0.0
11
786.334722
21
566.729942
31
0.0
0
LINE
8
VISIBLE
10
787.696054
20
513.964944
30
0.0
11
788.351932
21
513.333687
31
0.0
0
LINE
8
VISIBLE
10
787.595701
20
566.780192
30
0.0
11
786.948655
21
566.800392
31
0.0
0
LINE
8
VISIBLE
10
788.351932
20
513.333687
30
0.0
11
789.025213
21
512.763425
31
0.0
0
LINE
8
VISIBLE
10
788.269627
20
566.669539
30
0.0
11
787.595701
21
566.780192
31
0.0
0
LINE
8
VISIBLE
10
789.025213
20
512.763425
30
0.0
11
789.710139
21
512.259034
31
0.0
0
LINE
8
VISIBLE
10
788.963944
20
566.469498
30
0.0
11
788.269627
21
566.669539
31
0.0
0
LINE
8
VISIBLE
10
789.710139
20
512.259034
30
0.0
11
790.400852
21
511.824828
31
0.0
0
LINE
8
VISIBLE
10
789.671964
20
566.181995
30
0.0
11
788.963944
21
566.469498
31
0.0
0
LINE
8
VISIBLE
10
790.400852
20
511.824828
30
0.0
11
791.091446
21
511.464519
31
0.0
0
LINE
8
VISIBLE
10
790.386868
20
565.811904
30
0.0
11
789.671964
21
566.181995
31
0.0
0
LINE
8
VISIBLE
10
791.091446
20
511.464519
30
0.0
11
791.776014
21
511.181191
31
0.0
0
LINE
8
VISIBLE
10
811.836573
20
554.230394
30
0.0
11
790.386868
21
565.811904
31
0.0
0
LINE
8
VISIBLE
10
791.776014
20
511.181191
30
0.0
11
792.448702
21
510.977264
31
0.0
0
LINE
8
VISIBLE
10
812.340490
20
553.808298
30
0.0
11
811.836573
21
554.230394
31
0.0
0
LINE
8
VISIBLE
10
792.448702
20
510.977264
30
0.0
11
793.103757
21
510.854484
31
0.0
0
LINE
8
VISIBLE
10
812.835361
20
553.351559
30
0.0
11
812.340490
21
553.808298
31
0.0
0
LINE
8
VISIBLE
10
793.103757
20
510.854484
30
0.0
11
793.735578
21
510.813901
31
0.0
0
LINE
8
VISIBLE
10
813.318824
20
552.862357
30
0.0
11
812.835361
21
553.351559
31
0.0
0
LINE
8
VISIBLE
10
793.735578
20
510.813901
30
0.0
11
794.338761
21
510.855861
31
0.0
0
LINE
8
VISIBLE
10
813.788570
20
552.343027
30
0.0
11
813.318824
21
552.862357
31
0.0
0
LINE
8
VISIBLE
10
794.338761
20
510.855861
30
0.0
11
794.908147
21
510.980005
31
0.0
0
LINE
8
VISIBLE
10
814.242357
20
551.796050
30
0.0
11
813.788570
21
552.343027
31
0.0
0
LINE
8
VISIBLE
10
794.908147
20
510.980005
30
0.0
11
795.438867
21
511.185273
31
0.0
0
LINE
8
VISIBLE
10
814.678020
20
551.224035
30
0.0
11
814.242357
21
551.796050
31
0.0
0
LINE
8
VISIBLE
10
795.438867
20
511.185273
30
0.0
11
795.926383
21
511.469908
31
0.0
0
LINE
8
VISIBLE
10
815.093477
20
550.629714
30
0.0
11
814.678020
21
551.224035
31
0.0
0
LINE
8
VISIBLE
10
795.926383
20
511.469908
30
0.0
11
796.366525
21
511.831476
31
0.0
0
LINE
8
VISIBLE
10
815.486747
20
550.015923
30
0.0
11
815.093477
21
550.629714
31
0.0
0
LINE
8
VISIBLE
10
796.366525
20
511.831476
30
0.0
11
796.755530
21
512.266886
31
0.0
0
LINE
8
VISIBLE
10
815.855951
20
549.385594
30
0.0
11
815.486747
21
550.015923
31
0.0
0
LINE
8
VISIBLE
10
796.755530
20
512.266886
30
0.0
11
816.814174
21
538.352254
31
0.0
0
LINE
8
VISIBLE
10
816.199327
20
548.741733
30
0.0
11
815.855951
21
549.385594
31
0.0
0
LINE
8
VISIBLE
10
816.814174
20
538.352254
30
0.0
11
817.069391
21
538.723491
31
0.0
0
LINE
8
VISIBLE
10
816.515236
20
548.087416
30
0.0
11
816.199327
21
548.741733
31
0.0
0
LINE
8
VISIBLE
10
817.069391
20
538.723491
30
0.0
11
817.292987
21
539.132095
31
0.0
0
LINE
8
VISIBLE
10
816.802170
20
547.425766
30
0.0
11
816.515236
21
548.087416
31
0.0
0
LINE
8
VISIBLE
10
817.292987
20
539.132095
30
0.0
11
817.483896
21
539.576117
31
0.0
0
LINE
8
VISIBLE
10
817.058759
20
546.759942
30
0.0
11
816.802170
21
547.425766
31
0.0
0
LINE
8
VISIBLE
10
817.483896
20
539.576117
30
0.0
11
817.641205
21
540.053435
31
0.0
0
LINE
8
VISIBLE
10
817.283779
20
546.093121
30
0.0
11
817.058759
21
546.759942
31
0.0
0
LINE
8
VISIBLE
10
817.641205
20
540.053435
30
0.0
11
817.764165
21
540.561773
31
0.0
0
LINE
8
VISIBLE
10
817.476154
20
545.428487
30
0.0
11
817.283779
21
546.093121
31
0.0
0
LINE
8
VISIBLE
10
817.764165
20
540.561773
30
0.0
11
817.852187
21
541.098702
31
0.0
0
LINE
8
VISIBLE
10
817.634967
20
544.769213
30
0.0
11
817.476154
21
545.428487
31
0.0
0
LINE
8
VISIBLE
10
817.852187
20
541.098702
30
0.0
11
817.904851
21
541.661661
31
0.0
0
LINE
8
VISIBLE
10
817.759460
20
544.118446
30
0.0
11
817.634967
21
544.769213
31
0.0
0
LINE
8
VISIBLE
10
817.904851
20
541.661661
30
0.0
11
817.921907
21
542.247961
31
0.0
0
LINE
8
VISIBLE
10
817.849037
20
543.479293
30
0.0
11
817.759460
21
544.118446
31
0.0
0
LINE
8
VISIBLE
10
817.921907
20
542.247961
30
0.0
11
817.903273
21
542.854804
31
0.0
0
LINE
8
VISIBLE
10
817.903273
20
542.854804
30
0.0
11
817.849037
21
543.479293
31
0.0
0
LINE
8
VISIBLE
10
790.386868
20
523.292677
30
0.0
11
789.276942
21
523.626258
31
0.0
0
LINE
8
VISIBLE
10
789.276942
20
523.626258
30
0.0
11
788.655824
21
523.464150
31
0.0
0
LINE
8
VISIBLE
10
788.655824
20
523.464150
30
0.0
11
788.115495
21
522.831718
31
0.0
0
LINE
8
VISIBLE
10
788.115495
20
522.831718
30
0.0
11
787.941722
21
521.739571
31
0.0
0
LINE
8
VISIBLE
10
787.941722
20
521.739571
30
0.0
11
788.279630
21
520.243725
31
0.0
0
LINE
8
VISIBLE
10
788.279630
20
520.243725
30
0.0
11
789.187945
21
518.693513
31
0.0
0
LINE
8
VISIBLE
10
789.187945
20
518.693513
30
0.0
11
790.416698
21
517.622098
31
0.0
0
LINE
8
VISIBLE
10
790.416698
20
517.622098
30
0.0
11
791.519925
21
517.305940
31
0.0
0
LINE
8
VISIBLE
10
791.519925
20
517.305940
30
0.0
11
792.117913
21
517.467637
31
0.0
0
LINE
8
VISIBLE
10
792.117913
20
517.467637
30
0.0
11
792.658241
21
518.100069
31
0.0
0
LINE
8
VISIBLE
10
792.658241
20
518.100069
30
0.0
11
792.832015
21
519.192216
31
0.0
0
LINE
8
VISIBLE
10
792.832015
20
519.192216
30
0.0
11
792.494107
21
520.688062
31
0.0
0
LINE
8
VISIBLE
10
792.494107
20
520.688062
30
0.0
11
791.585792
21
522.238274
31
0.0
0
LINE
8
VISIBLE
10
791.585792
20
522.238274
30
0.0
11
790.386868
21
523.292677
31
0.0
0
LINE
8
VISIBLE
10
810.445512
20
549.378046
30
0.0
11
809.335586
21
549.711627
31
0.0
0
LINE
8
VISIBLE
10
809.335586
20
549.711627
30
0.0
11
808.714468
21
549.549519
31
0.0
0
LINE
8
VISIBLE
10
808.714468
20
549.549519
30
0.0
11
808.174139
21
548.917086
31
0.0
0
LINE
8
VISIBLE
10
808.174139
20
548.917086
30
0.0
11
808.000366
21
547.824939
31
0.0
0
LINE
8
VISIBLE
10
808.000366
20
547.824939
30
0.0
11
808.338274
21
546.329093
31
0.0
0
LINE
8
VISIBLE
10
808.338274
20
546.329093
30
0.0
11
809.246589
21
544.778882
31
0.0
0
LINE
8
VISIBLE
10
809.246589
20
544.778882
30
0.0
11
810.475342
21
543.707466
31
0.0
0
LINE
8
VISIBLE
10
810.475342
20
543.707466
30
0.0
11
811.578569
21
543.391309
31
0.0
0
LINE
8
VISIBLE
10
811.578569
20
543.391309
30
0.0
11
812.176557
21
543.553005
31
0.0
0
LINE
8
VISIBLE
10
812.176557
20
543.553005
30
0.0
11
812.716886
21
544.185438
31
0.0
0
LINE
8
VISIBLE
10
812.716886
20
544.185438
30
0.0
11
812.890659
21
545.277585
31
0.0
0
LINE
8
VISIBLE
10
812.890659
20
545.277585
30
0.0
11
812.552751
21
546.773431
31
0.0
0
LINE
8
VISIBLE
10
812.552751
20
546.773431
30
0.0
11
811.644436
21
548.323642
31
0.0
0
LINE
8
VISIBLE
10
811.644436
20
548.323642
30
0.0
11
810.445512
21
549.378046
31
0.0
0
LINE
8
VISIBLE
10
779.755213
20
523.450671
30
0.0
11
781.530784
21
523.442799
31
0.0
0
LINE
8
VISIBLE
10
781.530784
20
523.442799
30
0.0
11
783.038067
21
523.120548
31
0.0
0
LINE
8
VISIBLE
10
779.964827
20
522.301823
30
0.0
11
783.196547
21
522.251952
31
0.0
0
LINE
8
VISIBLE
10
779.721389
20
562.492704
30
0.0
11
781.928221
21
562.105674
31
0.0
0
LINE
8
VISIBLE
10
781.928221
20
562.105674
30
0.0
11
783.093197
21
561.598795
31
0.0
0
LINE
8
VISIBLE
10
779.721384
20
548.837813
30
0.0
11
780.360439
21
548.784699
31
0.0
0
LINE
8
VISIBLE
10
780.360439
20
548.784699
30
0.0
11
780.360439
21
549.626943
31
0.0
0
LINE
8
VISIBLE
10
780.255773
20
521.132771
30
0.0
11
783.416519
21
521.368082
31
0.0
0
LINE
8
VISIBLE
10
779.058454
20
546.522071
30
0.0
11
779.721389
21
546.904816
31
0.0
0
LINE
8
VISIBLE
10
779.810492
20
549.102211
30
0.0
11
780.360439
21
548.784699
31
0.0
0
LINE
8
VISIBLE
10
779.058454
20
548.668021
30
0.0
11
779.810492
21
549.102211
31
0.0
0
LINE
8
VISIBLE
10
780.625562
20
519.953515
30
0.0
11
783.696101
21
520.476497
31
0.0
0
LINE
8
VISIBLE
10
779.081087
20
545.563010
30
0.0
11
779.721389
21
545.932688
31
0.0
0
LINE
8
VISIBLE
10
779.058454
20
545.588672
30
0.0
11
779.081087
21
545.563010
31
0.0
0
LINE
8
VISIBLE
10
781.071032
20
518.774139
30
0.0
11
784.032901
21
519.584821
31
0.0
0
LINE
8
VISIBLE
10
779.081087
20
543.417059
30
0.0
11
779.721389
21
543.786738
31
0.0
0
LINE
8
VISIBLE
10
779.081087
20
543.417059
30
0.0
11
779.081087
21
545.563010
31
0.0
0
LINE
8
VISIBLE
10
781.588373
20
517.604729
30
0.0
11
784.424041
21
518.700680
31
0.0
0
LINE
8
VISIBLE
10
779.081087
20
543.417059
30
0.0
11
779.721389
21
543.047381
31
0.0
0
LINE
8
VISIBLE
10
782.173162
20
516.455286
30
0.0
11
784.866175
21
517.831635
31
0.0
0
LINE
8
VISIBLE
10
782.820396
20
515.335640
30
0.0
11
785.355521
21
516.985118
31
0.0
0
LINE
8
VISIBLE
10
783.524542
20
514.255365
30
0.0
11
785.887896
21
516.168368
31
0.0
0
LINE
8
VISIBLE
10
784.279576
20
513.223701
30
0.0
11
786.458745
21
515.388371
31
0.0
0
LINE
8
VISIBLE
10
785.079042
20
512.249470
30
0.0
11
787.063187
21
514.651797
31
0.0
0
LINE
8
VISIBLE
10
785.916104
20
511.341004
30
0.0
11
787.696054
21
513.964944
31
0.0
0
LINE
8
VISIBLE
10
786.783602
20
510.506072
30
0.0
11
788.351932
21
513.333687
31
0.0
0
LINE
8
VISIBLE
10
779.810492
20
549.944455
30
0.0
11
780.360439
21
549.626943
31
0.0
0
LINE
8
VISIBLE
10
779.058454
20
549.510266
30
0.0
11
779.810492
21
549.944455
31
0.0
0
LINE
8
VISIBLE
10
787.674117
20
509.751814
30
0.0
11
788.553026
21
511.295071
31
0.0
0
LINE
8
VISIBLE
10
788.553026
20
511.295071
30
0.0
11
789.025213
21
512.763425
31
0.0
0
LINE
8
VISIBLE
10
788.580035
20
509.084681
30
0.0
11
789.496018
21
511.134896
31
0.0
0
LINE
8
VISIBLE
10
789.496018
20
511.134896
30
0.0
11
789.710139
21
512.259034
31
0.0
0
LINE
8
VISIBLE
10
779.768356
20
563.569518
30
0.0
11
781.881993
21
563.058194
31
0.0
0
LINE
8
VISIBLE
10
781.881993
20
563.058194
30
0.0
11
783.128318
21
562.404019
31
0.0
0
LINE
8
VISIBLE
10
789.493607
20
508.510377
30
0.0
11
790.253252
21
510.542925
31
0.0
0
LINE
8
VISIBLE
10
790.253252
20
510.542925
30
0.0
11
790.400852
21
511.824828
31
0.0
0
LINE
8
VISIBLE
10
779.908804
20
564.581729
30
0.0
11
781.933308
21
563.960733
31
0.0
0
LINE
8
VISIBLE
10
781.933308
20
563.960733
30
0.0
11
783.233343
21
563.160934
31
0.0
0
LINE
8
VISIBLE
10
790.407022
20
508.033815
30
0.0
11
791.026273
21
510.047423
31
0.0
0
LINE
8
VISIBLE
10
791.026273
20
510.047423
30
0.0
11
791.091446
21
511.464519
31
0.0
0
LINE
8
VISIBLE
10
780.141381
20
565.519590
30
0.0
11
782.078389
21
564.802265
31
0.0
0
LINE
8
VISIBLE
10
782.078389
20
564.802265
30
0.0
11
783.407260
21
563.862250
31
0.0
0
LINE
8
VISIBLE
10
791.312466
20
507.659070
30
0.0
11
791.804266
21
509.650851
31
0.0
0
LINE
8
VISIBLE
10
791.804266
20
509.650851
30
0.0
11
791.776014
21
511.181191
31
0.0
0
LINE
8
VISIBLE
10
780.463847
20
566.374067
30
0.0
11
782.313300
21
565.573027
31
0.0
0
LINE
8
VISIBLE
10
782.313300
20
565.573027
30
0.0
11
783.648395
21
564.501214
31
0.0
0
LINE
8
VISIBLE
10
792.202198
20
507.389347
30
0.0
11
792.577494
21
509.355195
31
0.0
0
LINE
8
VISIBLE
10
792.577494
20
509.355195
30
0.0
11
792.448702
21
510.977264
31
0.0
0
LINE
8
VISIBLE
10
780.873096
20
567.136932
30
0.0
11
782.633763
21
566.264410
31
0.0
0
LINE
8
VISIBLE
10
782.633763
20
566.264410
30
0.0
11
783.954424
21
565.071672
31
0.0
0
LINE
8
VISIBLE
10
793.068607
20
507.226952
30
0.0
11
793.337031
21
509.161825
31
0.0
0
LINE
8
VISIBLE
10
793.337031
20
509.161825
30
0.0
11
793.103757
21
510.854484
31
0.0
0
LINE
8
VISIBLE
10
781.365188
20
567.800837
30
0.0
11
783.035063
21
566.868904
31
0.0
0
LINE
8
VISIBLE
10
783.035063
20
566.868904
30
0.0
11
784.322402
21
565.568129
31
0.0
0
LINE
8
VISIBLE
10
793.904285
20
507.173274
30
0.0
11
794.074615
21
509.071419
31
0.0
0
LINE
8
VISIBLE
10
794.074615
20
509.071419
30
0.0
11
793.735578
21
510.813901
31
0.0
0
LINE
8
VISIBLE
10
781.935382
20
568.359390
30
0.0
11
783.511995
21
567.380079
31
0.0
0
LINE
8
VISIBLE
10
783.511995
20
567.380079
30
0.0
11
784.748784
21
565.985806
31
0.0
0
LINE
8
VISIBLE
10
794.702085
20
507.228772
30
0.0
11
794.782569
21
509.083913
31
0.0
0
LINE
8
VISIBLE
10
794.782569
20
509.083913
30
0.0
11
794.338761
21
510.855861
31
0.0
0
LINE
8
VISIBLE
10
782.578188
20
568.807211
30
0.0
11
784.058848
21
567.792583
31
0.0
0
LINE
8
VISIBLE
10
784.058848
20
567.792583
30
0.0
11
785.229464
21
566.320679
31
0.0
0
LINE
8
VISIBLE
10
795.455185
20
507.392972
30
0.0
11
795.453771
21
509.198469
31
0.0
0
LINE
8
VISIBLE
10
795.453771
20
509.198469
30
0.0
11
794.908147
21
510.980005
31
0.0
0
LINE
8
VISIBLE
10
783.287416
20
569.139987
30
0.0
11
784.669415
21
568.102148
31
0.0
0
LINE
8
VISIBLE
10
784.669415
20
568.102148
30
0.0
11
785.759812
21
566.569523
31
0.0
0
LINE
8
VISIBLE
10
796.157142
20
507.664469
30
0.0
11
796.081637
21
509.413463
31
0.0
0
LINE
8
VISIBLE
10
796.081637
20
509.413463
30
0.0
11
795.438867
21
511.185273
31
0.0
0
LINE
8
VISIBLE
10
784.056234
20
569.354513
30
0.0
11
785.337018
21
568.305594
31
0.0
0
LINE
8
VISIBLE
10
785.337018
20
568.305594
30
0.0
11
786.334722
21
566.729942
31
0.0
0
LINE
8
VISIBLE
10
796.801956
20
508.040942
30
0.0
11
796.660127
21
509.726485
31
0.0
0
LINE
8
VISIBLE
10
796.660127
20
509.726485
30
0.0
11
795.926383
21
511.469908
31
0.0
0
LINE
8
VISIBLE
10
784.877239
20
569.448724
30
0.0
11
786.054540
21
568.400838
31
0.0
0
LINE
8
VISIBLE
10
786.054540
20
568.400838
30
0.0
11
786.948655
21
566.800392
31
0.0
0
LINE
8
VISIBLE
10
797.384110
20
508.519171
30
0.0
11
797.183762
21
510.134344
31
0.0
0
LINE
8
VISIBLE
10
797.183762
20
510.134344
30
0.0
11
796.366525
21
511.831476
31
0.0
0
LINE
8
VISIBLE
10
785.742524
20
569.421712
30
0.0
11
786.814479
21
568.386896
31
0.0
0
LINE
8
VISIBLE
10
786.814479
20
568.386896
30
0.0
11
787.595701
21
566.780192
31
0.0
0
LINE
8
VISIBLE
10
797.898627
20
509.095066
30
0.0
11
797.647634
21
510.633093
31
0.0
0
LINE
8
VISIBLE
10
797.647634
20
510.633093
30
0.0
11
796.755530
21
512.266886
31
0.0
0
LINE
8
VISIBLE
10
786.643756
20
569.273737
30
0.0
11
787.609000
21
568.263874
31
0.0
0
LINE
8
VISIBLE
10
787.609000
20
568.263874
30
0.0
11
788.269627
21
566.669539
31
0.0
0
LINE
8
VISIBLE
10
817.957271
20
535.180435
30
0.0
11
817.706278
21
536.718462
31
0.0
0
LINE
8
VISIBLE
10
817.706278
20
536.718462
30
0.0
11
816.814174
21
538.352254
31
0.0
0
LINE
8
VISIBLE
10
787.572255
20
569.006225
30
0.0
11
788.429999
21
568.032959
31
0.0
0
LINE
8
VISIBLE
10
788.429999
20
568.032959
30
0.0
11
788.963944
21
566.469498
31
0.0
0
LINE
8
VISIBLE
10
818.303885
20
535.686240
30
0.0
11
818.013542
21
537.157078
31
0.0
0
LINE
8
VISIBLE
10
818.013542
20
537.157078
30
0.0
11
817.069391
21
538.723491
31
0.0
0
LINE
8
VISIBLE
10
788.519080
20
568.621751
30
0.0
11
789.269167
21
567.696391
31
0.0
0
LINE
8
VISIBLE
10
789.269167
20
567.696391
30
0.0
11
789.671964
21
566.181995
31
0.0
0
LINE
8
VISIBLE
10
818.606203
20
536.244262
30
0.0
11
818.282656
21
537.641748
31
0.0
0
LINE
8
VISIBLE
10
818.282656
20
537.641748
30
0.0
11
817.292987
21
539.132095
31
0.0
0
LINE
8
VISIBLE
10
789.657463
20
567.961674
30
0.0
11
790.219633
21
566.986728
31
0.0
0
LINE
8
VISIBLE
10
790.219633
20
566.986728
30
0.0
11
790.386868
21
565.811904
31
0.0
0
LINE
8
VISIBLE
10
788.654529
20
568.551532
30
0.0
11
788.928058
21
568.287311
31
0.0
0
LINE
8
VISIBLE
10
788.928058
20
568.287311
30
0.0
11
789.657463
21
567.909234
31
0.0
0
LINE
8
VISIBLE
10
818.862699
20
536.851683
30
0.0
11
818.512259
21
538.170039
31
0.0
0
LINE
8
VISIBLE
10
818.512259
20
538.170039
30
0.0
11
817.483896
21
539.576117
31
0.0
0
LINE
8
VISIBLE
10
788.928058
20
568.287311
30
0.0
11
788.928058
21
569.712989
31
0.0
0
LINE
8
VISIBLE
10
787.737471
20
569.025604
30
0.0
11
788.928058
21
569.712989
31
0.0
0
LINE
8
VISIBLE
10
788.266827
20
568.724182
30
0.0
11
788.331527
21
568.757621
31
0.0
0
LINE
8
VISIBLE
10
819.072078
20
537.505434
30
0.0
11
818.701189
21
538.739317
31
0.0
0
LINE
8
VISIBLE
10
818.701189
20
538.739317
30
0.0
11
817.641205
21
540.053435
31
0.0
0
LINE
8
VISIBLE
10
819.233282
20
538.202215
30
0.0
11
818.848488
21
539.346766
31
0.0
0
LINE
8
VISIBLE
10
818.848488
20
539.346766
30
0.0
11
817.764165
21
540.561773
31
0.0
0
LINE
8
VISIBLE
10
819.345496
20
538.938505
30
0.0
11
818.953400
21
539.989397
31
0.0
0
LINE
8
VISIBLE
10
818.953400
20
539.989397
30
0.0
11
817.852187
21
541.098702
31
0.0
0
LINE
8
VISIBLE
10
819.408155
20
539.710587
30
0.0
11
819.015372
21
540.664070
31
0.0
0
LINE
8
VISIBLE
10
819.015372
20
540.664070
30
0.0
11
817.904851
21
541.661661
31
0.0
0
LINE
8
VISIBLE
10
819.420940
20
540.514560
30
0.0
11
819.034048
21
541.367508
31
0.0
0
LINE
8
VISIBLE
10
819.034048
20
541.367508
30
0.0
11
817.921907
21
542.247961
31
0.0
0
LINE
8
VISIBLE
10
819.383789
20
541.346363
30
0.0
11
819.009259
21
542.096324
31
0.0
0
LINE
8
VISIBLE
10
819.009259
20
542.096324
30
0.0
11
817.903273
21
542.854804
31
0.0
0
LINE
8
VISIBLE
10
819.296888
20
542.201797
30
0.0
11
819.292646
21
542.233192
31
0.0
0
LINE
8
VISIBLE
10
819.292646
20
542.233192
30
0.0
11
818.909696
21
542.876732
31
0.0
0
LINE
8
VISIBLE
10
818.909696
20
542.876732
30
0.0
11
817.849037
21
543.479293
31
0.0
0
LINE
8
VISIBLE
10
819.156377
20
543.111095
30
0.0
11
819.151177
21
543.139842
31
0.0
0
LINE
8
VISIBLE
10
819.151177
20
543.139842
30
0.0
11
818.755363
21
543.673822
31
0.0
0
LINE
8
VISIBLE
10
818.755363
20
543.673822
30
0.0
11
817.759460
21
544.118446
31
0.0
0
LINE
8
VISIBLE
10
818.968276
20
544.025042
30
0.0
11
818.963985
21
544.043573
31
0.0
0
LINE
8
VISIBLE
10
818.963985
20
544.043573
30
0.0
11
818.566836
21
544.466022
31
0.0
0
LINE
8
VISIBLE
10
818.566836
20
544.466022
30
0.0
11
817.634967
21
544.769213
31
0.0
0
LINE
8
VISIBLE
10
818.735933
20
544.932359
30
0.0
11
818.732907
21
544.943126
31
0.0
0
LINE
8
VISIBLE
10
818.732907
20
544.943126
30
0.0
11
817.476154
21
545.428487
31
0.0
0
LINE
8
VISIBLE
10
818.461264
20
545.831804
30
0.0
11
818.459535
21
545.837044
31
0.0
0
LINE
8
VISIBLE
10
818.459535
20
545.837044
30
0.0
11
817.283779
21
546.093121
31
0.0
0
LINE
8
VISIBLE
10
818.145947
20
546.721934
30
0.0
11
818.145282
21
546.723691
31
0.0
0
LINE
8
VISIBLE
10
818.145282
20
546.723691
30
0.0
11
817.058759
21
546.759942
31
0.0
0
LINE
8
VISIBLE
10
817.791490
20
547.601124
30
0.0
11
817.791426
21
547.601274
31
0.0
0
LINE
8
VISIBLE
10
817.791426
20
547.601274
30
0.0
11
816.802170
21
547.425766
31
0.0
0
LINE
8
VISIBLE
10
817.399142
20
548.467866
30
0.0
11
817.399275
21
548.467587
31
0.0
0
LINE
8
VISIBLE
10
817.399275
20
548.467587
30
0.0
11
816.515236
21
548.087416
31
0.0
0
LINE
8
VISIBLE
10
789.657463
20
567.909234
30
0.0
11
789.657463
21
569.291867
31
0.0
0
LINE
8
VISIBLE
10
816.969513
20
549.321433
30
0.0
11
816.970586
21
549.319406
31
0.0
0
LINE
8
VISIBLE
10
816.970586
20
549.319406
30
0.0
11
816.199327
21
548.741733
31
0.0
0
LINE
8
VISIBLE
10
816.503531
20
550.159861
30
0.0
11
816.506621
21
550.154558
31
0.0
0
LINE
8
VISIBLE
10
816.506621
20
550.154558
30
0.0
11
815.855951
21
549.385594
31
0.0
0
LINE
8
VISIBLE
10
810.833174
20
556.594091
30
0.0
11
810.878666
21
556.559643
31
0.0
0
LINE
8
VISIBLE
10
810.878666
20
556.559643
30
0.0
11
811.609453
21
555.641842
31
0.0
0
LINE
8
VISIBLE
10
811.609453
20
555.641842
30
0.0
11
811.836573
21
554.230394
31
0.0
0
LINE
8
VISIBLE
10
816.002082
20
550.980978
30
0.0
11
816.008497
21
550.970940
31
0.0
0
LINE
8
VISIBLE
10
816.008497
20
550.970940
30
0.0
11
815.948714
21
550.533234
31
0.0
0
LINE
8
VISIBLE
10
815.948714
20
550.533234
30
0.0
11
815.486747
21
550.015923
31
0.0
0
LINE
8
VISIBLE
10
811.526129
20
556.058861
30
0.0
11
811.533061
21
556.053525
31
0.0
0
LINE
8
VISIBLE
10
811.533061
20
556.053525
30
0.0
11
811.629824
21
555.974547
31
0.0
0
LINE
8
VISIBLE
10
811.629824
20
555.974547
30
0.0
11
812.243200
21
555.077810
31
0.0
0
LINE
8
VISIBLE
10
812.243200
20
555.077810
30
0.0
11
812.340490
21
553.808298
31
0.0
0
LINE
8
VISIBLE
10
815.465925
20
551.782573
30
0.0
11
815.477230
21
551.766398
31
0.0
0
LINE
8
VISIBLE
10
815.477230
20
551.766398
30
0.0
11
815.494776
21
551.237905
31
0.0
0
LINE
8
VISIBLE
10
815.494776
20
551.237905
30
0.0
11
815.093477
21
550.629714
31
0.0
0
LINE
8
VISIBLE
10
812.275784
20
555.417925
30
0.0
11
812.348584
21
555.351988
31
0.0
0
LINE
8
VISIBLE
10
812.348584
20
555.351988
30
0.0
11
812.849052
21
554.489889
31
0.0
0
LINE
8
VISIBLE
10
812.849052
20
554.489889
30
0.0
11
812.835361
21
553.351559
31
0.0
0
LINE
8
VISIBLE
10
814.895647
20
552.562405
30
0.0
11
814.913719
21
552.538738
31
0.0
0
LINE
8
VISIBLE
10
814.913719
20
552.538738
30
0.0
11
815.015548
21
551.926131
31
0.0
0
LINE
8
VISIBLE
10
815.015548
20
551.926131
30
0.0
11
814.678020
21
551.224035
31
0.0
0
LINE
8
VISIBLE
10
812.982233
20
554.748414
30
0.0
11
813.036043
21
554.694690
31
0.0
0
LINE
8
VISIBLE
10
813.036043
20
554.694690
30
0.0
11
813.428447
21
553.879659
31
0.0
0
LINE
8
VISIBLE
10
813.428447
20
553.879659
30
0.0
11
813.318824
21
552.862357
31
0.0
0
LINE
8
VISIBLE
10
814.291618
20
553.318206
30
0.0
11
814.318705
21
553.285739
31
0.0
0
LINE
8
VISIBLE
10
814.318705
20
553.285739
30
0.0
11
814.511371
21
552.596639
31
0.0
0
LINE
8
VISIBLE
10
814.511371
20
552.596639
30
0.0
11
814.242357
21
551.796050
31
0.0
0
LINE
8
VISIBLE
10
813.653914
20
554.047669
30
0.0
11
813.692723
21
554.005153
31
0.0
0
LINE
8
VISIBLE
10
813.692723
20
554.005153
30
0.0
11
813.982384
21
553.248205
31
0.0
0
LINE
8
VISIBLE
10
813.982384
20
553.248205
30
0.0
11
813.788570
21
552.343027
31
0.0
0
LINE
8
VISIBLE
10
788.107477
20
521.976670
30
0.0
11
787.944250
21
522.064619
31
0.0
0
LINE
8
VISIBLE
10
790.550096
20
517.551161
30
0.0
11
790.357976
21
518.963084
31
0.0
0
LINE
8
VISIBLE
10
790.357976
20
518.963084
30
0.0
11
789.585891
21
520.549417
31
0.0
0
LINE
8
VISIBLE
10
789.585891
20
520.549417
30
0.0
11
788.107477
21
521.976670
31
0.0
0
LINE
8
VISIBLE
10
808.166121
20
548.062038
30
0.0
11
808.002894
21
548.149987
31
0.0
0
LINE
8
VISIBLE
10
810.608740
20
543.636530
30
0.0
11
810.416620
21
545.048453
31
0.0
0
LINE
8
VISIBLE
10
810.416620
20
545.048453
30
0.0
11
809.644535
21
546.634785
31
0.0
0
LINE
8
VISIBLE
10
809.644535
20
546.634785
30
0.0
11
808.166121
21
548.062038
31
0.0
0
LINE
8
VISIBLE
10
779.810492
20
549.102211
30
0.0
11
779.810492
21
549.944455
31
0.0
0
LINE
8
VISIBLE
10
788.928058
20
569.712989
30
0.0
11
789.657463
21
569.291867
31
0.0
0
LINE
8
VISIBLE
10
788.162756
20
568.845127
30
0.0
11
788.331526
21
568.757620
31
0.0
0
LINE
8
VISIBLE
10
787.999770
20
568.919093
30
0.0
11
788.162756
21
568.845127
31
0.0
0
LINE
8
VISIBLE
10
788.077005
20
568.801263
30
0.0
11
788.162756
21
568.845127
31
0.0
0
LINE
8
VISIBLE
10
789.361464
20
518.491052
30
0.0
11
789.049638
21
519.563704
31
0.0
0
LINE
8
VISIBLE
10
789.049638
20
519.563704
30
0.0
11
788.163903
21
520.565288
31
0.0
0
LINE
8
VISIBLE
10
809.420108
20
544.576421
30
0.0
11
809.108282
21
545.649072
31
0.0
0
LINE
8
VISIBLE
10
809.108282
20
545.649072
30
0.0
11
808.222547
21
546.650656
31
0.0
0
LINE
8
VISIBLE
10
810.420328
20
556.848798
30
0.0
11
810.427011
21
556.845227
31
0.0
0
LINE
8
VISIBLE
10
789.657463
20
568.059296
30
0.0
11
810.420328
21
556.848798
31
0.0
0
LINE
8
VISIBLE
10
787.182933
20
569.243000
30
0.0
11
788.162756
21
568.845127
31
0.0
0
LINE
8
VISIBLE
10
786.752304
20
569.410365
30
0.0
11
787.007022
21
569.322214
31
0.0
0
LINE
8
VISIBLE
10
787.007022
20
569.322214
30
0.0
11
787.182933
21
569.243000
31
0.0
0
LINE
8
VISIBLE
10
787.026199
20
569.163550
30
0.0
11
787.182933
21
569.243000
31
0.0
0
LINE
8
VISIBLE
10
779.144831
20
563.889046
30
0.0
11
779.863898
21
564.258090
31
0.0
0
LINE
8
VISIBLE
10
779.245007
20
564.611013
30
0.0
11
780.013207
21
565.002730
31
0.0
0
LINE
8
VISIBLE
10
810.380282
20
556.838625
30
0.0
11
810.420328
21
556.848798
31
0.0
0
LINE
8
VISIBLE
10
810.427011
20
556.845227
30
0.0
11
810.573190
21
556.734467
31
0.0
0
LINE
8
VISIBLE
10
786.222074
20
569.519836
30
0.0
11
787.182933
21
569.243000
31
0.0
0
LINE
8
VISIBLE
10
785.434442
20
569.769514
30
0.0
11
785.762281
21
569.695603
31
0.0
0
LINE
8
VISIBLE
10
785.762281
20
569.695603
30
0.0
11
786.222074
21
569.519836
31
0.0
0
LINE
8
VISIBLE
10
752.579060
20
528.722618
30
0.0
11
752.579060
21
549.737579
31
0.0
0
LINE
8
VISIBLE
10
752.579060
20
549.737579
30
0.0
11
752.605349
21
550.649695
31
0.0
0
LINE
8
VISIBLE
10
752.605349
20
550.649695
30
0.0
11
752.684105
21
551.527549
31
0.0
0
LINE
8
VISIBLE
10
752.684105
20
551.527549
30
0.0
11
752.814990
21
552.367381
31
0.0
0
LINE
8
VISIBLE
10
752.814990
20
552.367381
30
0.0
11
752.997444
21
553.165596
31
0.0
0
LINE
8
VISIBLE
10
752.997444
20
553.165596
30
0.0
11
753.230685
21
553.918775
31
0.0
0
LINE
8
VISIBLE
10
753.230685
20
553.918775
30
0.0
11
753.513714
21
554.623693
31
0.0
0
LINE
8
VISIBLE
10
753.513714
20
554.623693
30
0.0
11
753.845321
21
555.277332
31
0.0
0
LINE
8
VISIBLE
10
753.845321
20
555.277332
30
0.0
11
754.224084
21
555.876892
31
0.0
0
LINE
8
VISIBLE
10
754.224084
20
555.876892
30
0.0
11
754.648381
21
556.419806
31
0.0
0
LINE
8
VISIBLE
10
754.648381
20
556.419806
30
0.0
11
755.116397
21
556.903749
31
0.0
0
LINE
8
VISIBLE
10
755.116397
20
556.903749
30
0.0
11
755.626126
21
557.326649
31
0.0
0
LINE
8
VISIBLE
10
755.626126
20
557.326649
30
0.0
11
756.175386
21
557.686695
31
0.0
0
LINE
8
VISIBLE
10
756.175386
20
557.686695
30
0.0
11
756.761825
21
557.982345
31
0.0
0
LINE
8
VISIBLE
10
785.956992
20
569.386498
30
0.0
11
786.222074
21
569.519836
31
0.0
0
LINE
8
VISIBLE
10
779.085805
20
563.129536
30
0.0
11
779.764464
21
563.480291
31
0.0
0
LINE
8
VISIBLE
10
779.410848
20
565.303237
30
0.0
11
780.213229
21
565.709974
31
0.0
0
LINE
8
VISIBLE
10
785.289433
20
569.672968
30
0.0
11
786.222074
21
569.519836
31
0.0
0
LINE
8
VISIBLE
10
784.043594
20
569.970181
30
0.0
11
784.456607
21
569.930066
31
0.0
0
LINE
8
VISIBLE
10
784.456607
20
569.930066
30
0.0
11
785.289433
21
569.672968
31
0.0
0
LINE
8
VISIBLE
10
752.588655
20
528.581171
30
0.0
11
752.579060
21
528.722618
31
0.0
0
LINE
8
VISIBLE
10
752.627037
20
528.032608
30
0.0
11
752.588655
21
528.581171
31
0.0
0
LINE
8
VISIBLE
10
753.058829
20
526.014599
30
0.0
11
752.627037
21
528.032608
31
0.0
0
LINE
8
VISIBLE
10
753.538599
20
524.958527
30
0.0
11
753.058829
21
526.014599
31
0.0
0
LINE
8
VISIBLE
10
754.018369
20
524.249882
30
0.0
11
753.538599
21
524.958527
31
0.0
0
LINE
8
VISIBLE
10
754.498139
20
523.730741
30
0.0
11
754.018369
21
524.249882
31
0.0
0
LINE
8
VISIBLE
10
754.977909
20
523.327409
30
0.0
11
754.498139
21
523.730741
31
0.0
0
LINE
8
VISIBLE
10
755.457679
20
523.029358
30
0.0
11
754.977909
21
523.327409
31
0.0
0
LINE
8
VISIBLE
10
755.937449
20
522.794475
30
0.0
11
755.457679
21
523.029358
31
0.0
0
LINE
8
VISIBLE
10
756.896988
20
522.503686
30
0.0
11
755.937449
21
522.794475
31
0.0
0
LINE
8
VISIBLE
10
757.856528
20
522.391874
30
0.0
11
756.896988
21
522.503686
31
0.0
0
LINE
8
VISIBLE
10
759.775607
20
522.536732
30
0.0
11
757.856528
21
522.391874
31
0.0
0
LINE
8
VISIBLE
10
761.694687
20
522.765814
30
0.0
11
759.775607
21
522.536732
31
0.0
0
LINE
8
VISIBLE
10
767.451925
20
523.463589
30
0.0
11
761.694687
21
522.765814
31
0.0
0
LINE
8
VISIBLE
10
769.371004
20
523.692672
30
0.0
11
767.451925
21
523.463589
31
0.0
0
LINE
8
VISIBLE
10
771.290083
20
523.890170
30
0.0
11
769.371004
21
523.692672
31
0.0
0
LINE
8
VISIBLE
10
772.249623
20
523.820470
30
0.0
11
771.290083
21
523.890170
31
0.0
0
LINE
8
VISIBLE
10
772.729393
20
523.701395
30
0.0
11
772.249623
21
523.820470
31
0.0
0
LINE
8
VISIBLE
10
773.209163
20
523.529681
30
0.0
11
772.729393
21
523.701395
31
0.0
0
LINE
8
VISIBLE
10
775.703966
20
521.047028
30
0.0
11
775.368127
21
521.125116
31
0.0
0
LINE
8
VISIBLE
10
775.703966
20
521.047028
30
0.0
11
775.703966
21
561.759027
31
0.0
0
LINE
8
VISIBLE
10
775.608012
20
561.709146
30
0.0
11
775.703966
21
561.759027
31
0.0
0
LINE
8
VISIBLE
10
752.579060
20
549.737579
30
0.0
11
775.608012
21
561.709146
31
0.0
0
LINE
8
VISIBLE
10
775.608012
20
561.709146
30
0.0
11
775.608012
21
524.787247
31
0.0
0
LINE
8
VISIBLE
10
752.605349
20
550.649695
30
0.0
11
775.727790
21
562.585599
31
0.0
0
LINE
8
VISIBLE
10
775.703966
20
561.759027
30
0.0
11
775.727790
21
562.585599
31
0.0
0
LINE
8
VISIBLE
10
775.727790
20
562.585599
30
0.0
11
775.756919
21
562.910283
31
0.0
0
LINE
8
VISIBLE
10
775.756919
20
562.910283
30
0.0
11
775.655655
21
562.801455
31
0.0
0
LINE
8
VISIBLE
10
775.679438
20
563.066554
30
0.0
11
775.770031
21
563.056437
31
0.0
0
LINE
8
VISIBLE
10
775.770031
20
563.056437
30
0.0
11
775.799159
21
563.381122
31
0.0
0
LINE
8
VISIBLE
10
752.684105
20
551.527549
30
0.0
11
775.799159
21
563.381122
31
0.0
0
LINE
8
VISIBLE
10
752.814990
20
552.367381
30
0.0
11
775.917769
21
564.142189
31
0.0
0
LINE
8
VISIBLE
10
775.799159
20
563.381122
30
0.0
11
775.917769
21
564.142189
31
0.0
0
LINE
8
VISIBLE
10
752.997444
20
553.165596
30
0.0
11
776.083111
21
564.865542
31
0.0
0
LINE
8
VISIBLE
10
775.917769
20
564.142189
30
0.0
11
776.083111
21
564.865542
31
0.0
0
LINE
8
VISIBLE
10
776.083111
20
564.865542
30
0.0
11
776.169378
21
565.144113
31
0.0
0
LINE
8
VISIBLE
10
776.169378
20
565.144113
30
0.0
11
776.057831
21
565.044687
31
0.0
0
LINE
8
VISIBLE
10
776.128266
20
565.272135
30
0.0
11
776.208210
21
565.269510
31
0.0
0
LINE
8
VISIBLE
10
776.208210
20
565.269510
30
0.0
11
776.294477
21
565.548082
31
0.0
0
LINE
8
VISIBLE
10
753.230685
20
553.918775
30
0.0
11
776.294477
21
565.548082
31
0.0
0
LINE
8
VISIBLE
10
753.513714
20
554.623693
30
0.0
11
776.550962
21
566.186888
31
0.0
0
LINE
8
VISIBLE
10
776.294477
20
565.548082
30
0.0
11
776.550962
21
566.186888
31
0.0
0
LINE
8
VISIBLE
10
753.845321
20
555.277332
30
0.0
11
776.851468
21
566.779224
31
0.0
0
LINE
8
VISIBLE
10
776.550962
20
566.186888
30
0.0
11
776.851468
21
566.779224
31
0.0
0
LINE
8
VISIBLE
10
776.851468
20
566.779224
30
0.0
11
776.991558
21
567.000978
31
0.0
0
LINE
8
VISIBLE
10
776.991558
20
567.000978
30
0.0
11
776.870510
21
566.912750
31
0.0
0
LINE
8
VISIBLE
10
776.984891
20
567.093809
30
0.0
11
777.054618
21
567.100799
31
0.0
0
LINE
8
VISIBLE
10
777.054618
20
567.100799
30
0.0
11
777.194708
21
567.322553
31
0.0
0
LINE
8
VISIBLE
10
754.224084
20
555.876892
30
0.0
11
777.194708
21
567.322553
31
0.0
0
LINE
8
VISIBLE
10
754.648381
20
556.419806
30
0.0
11
777.579212
21
567.814549
31
0.0
0
LINE
8
VISIBLE
10
777.194708
20
567.322553
30
0.0
11
777.579212
21
567.814549
31
0.0
0
LINE
8
VISIBLE
10
755.116397
20
556.903749
30
0.0
11
778.003334
21
568.253104
31
0.0
0
LINE
8
VISIBLE
10
777.579212
20
567.814549
30
0.0
11
778.003334
21
568.253104
31
0.0
0
LINE
8
VISIBLE
10
778.003334
20
568.253104
30
0.0
11
778.191863
21
568.409519
31
0.0
0
LINE
8
VISIBLE
10
778.191863
20
568.409519
30
0.0
11
778.062463
21
568.333858
31
0.0
0
LINE
8
VISIBLE
10
778.216394
20
568.461567
30
0.0
11
778.276728
21
568.479928
31
0.0
0
LINE
8
VISIBLE
10
778.276728
20
568.479928
30
0.0
11
778.465257
21
568.636342
31
0.0
0
LINE
8
VISIBLE
10
755.626126
20
557.326649
30
0.0
11
778.465257
21
568.636342
31
0.0
0
LINE
8
VISIBLE
10
756.175386
20
557.686695
30
0.0
11
778.963004
21
568.962620
31
0.0
0
LINE
8
VISIBLE
10
778.465257
20
568.636342
30
0.0
11
778.963004
21
568.962620
31
0.0
0
LINE
8
VISIBLE
10
756.761825
20
557.982345
30
0.0
11
779.494443
21
569.230543
31
0.0
0
LINE
8
VISIBLE
10
778.963004
20
568.962620
30
0.0
11
779.494443
21
569.230543
31
0.0
0
LINE
8
VISIBLE
10
779.494443
20
569.230543
30
0.0
11
779.724166
21
569.315606
31
0.0
0
LINE
8
VISIBLE
10
779.058454
20
551.155628
30
0.0
11
779.673729
21
551.148520
31
0.0
0
LINE
8
VISIBLE
10
779.673729
20
551.148520
30
0.0
11
779.721389
21
551.151568
31
0.0
0
LINE
8
VISIBLE
10
779.611123
20
565.947636
30
0.0
11
780.466446
21
566.378912
31
0.0
0
LINE
8
VISIBLE
10
779.836960
20
566.538070
30
0.0
11
780.815204
21
567.029017
31
0.0
0
LINE
8
VISIBLE
10
780.137165
20
567.097670
30
0.0
11
781.259979
21
567.658895
31
0.0
0
LINE
8
VISIBLE
10
780.469418
20
567.604183
30
0.0
11
781.883574
21
568.308639
31
0.0
0
LINE
8
VISIBLE
10
782.116325
20
568.514677
30
0.0
11
782.022943
21
568.468201
31
0.0
0
LINE
8
VISIBLE
10
782.116325
20
568.514677
30
0.0
11
781.919953
21
568.506852
31
0.0
0
LINE
8
VISIBLE
10
781.826478
20
568.460372
30
0.0
11
781.919953
21
568.506852
31
0.0
0
LINE
8
VISIBLE
10
780.810471
20
568.045494
30
0.0
11
781.591247
21
568.433380
31
0.0
0
LINE
8
VISIBLE
10
784.829942
20
569.443297
30
0.0
11
785.289433
21
569.672968
31
0.0
0
LINE
8
VISIBLE
10
784.393992
20
569.700922
30
0.0
11
785.289433
21
569.672968
31
0.0
0
LINE
8
VISIBLE
10
782.601492
20
569.980083
30
0.0
11
783.088381
21
570.000000
31
0.0
0
LINE
8
VISIBLE
10
783.088381
20
570.000000
30
0.0
11
784.393992
21
569.700922
31
0.0
0
LINE
8
VISIBLE
10
755.457679
20
523.029358
30
0.0
11
756.369435
21
522.502955
31
0.0
0
LINE
8
VISIBLE
10
755.937449
20
522.794475
30
0.0
11
756.849205
21
522.268072
31
0.0
0
LINE
8
VISIBLE
10
756.369435
20
522.502955
30
0.0
11
756.849205
21
522.268072
31
0.0
0
LINE
8
VISIBLE
10
756.896988
20
522.503686
30
0.0
11
757.808745
21
521.977283
31
0.0
0
LINE
8
VISIBLE
10
756.849205
20
522.268072
30
0.0
11
757.808745
21
521.977283
31
0.0
0
LINE
8
VISIBLE
10
757.856528
20
522.391874
30
0.0
11
758.768284
21
521.865471
31
0.0
0
LINE
8
VISIBLE
10
757.808745
20
521.977283
30
0.0
11
758.768284
21
521.865471
31
0.0
0
LINE
8
VISIBLE
10
759.775607
20
522.536732
30
0.0
11
760.687364
21
522.010329
31
0.0
0
LINE
8
VISIBLE
10
758.768284
20
521.865471
30
0.0
11
760.687364
21
522.010329
31
0.0
0
LINE
8
VISIBLE
10
761.694687
20
522.765814
30
0.0
11
762.606443
21
522.239411
31
0.0
0
LINE
8
VISIBLE
10
760.687364
20
522.010329
30
0.0
11
762.606443
21
522.239411
31
0.0
0
LINE
8
VISIBLE
10
769.371004
20
523.692672
30
0.0
11
770.282761
21
523.166269
31
0.0
0
LINE
8
VISIBLE
10
768.363681
20
522.937186
30
0.0
11
770.282761
21
523.166269
31
0.0
0
LINE
8
VISIBLE
10
767.451925
20
523.463589
30
0.0
11
768.363681
21
522.937186
31
0.0
0
LINE
8
VISIBLE
10
771.290083
20
523.890170
30
0.0
11
772.201840
21
523.363767
31
0.0
0
LINE
8
VISIBLE
10
770.282761
20
523.166269
30
0.0
11
772.201840
21
523.363767
31
0.0
0
LINE
8
VISIBLE
10
772.249623
20
523.820470
30
0.0
11
773.161380
21
523.294067
31
0.0
0
LINE
8
VISIBLE
10
772.201840
20
523.363767
30
0.0
11
773.161380
21
523.294067
31
0.0
0
LINE
8
VISIBLE
10
772.729393
20
523.701395
30
0.0
11
773.641150
21
523.174993
31
0.0
0
LINE
8
VISIBLE
10
773.161380
20
523.294067
30
0.0
11
773.641150
21
523.174993
31
0.0
0
LINE
8
VISIBLE
10
773.641150
20
523.174993
30
0.0
11
773.966796
21
523.058440
31
0.0
0
LINE
8
VISIBLE
10
775.368127
20
521.125116
30
0.0
11
776.248467
21
520.616851
31
0.0
0
LINE
8
VISIBLE
10
775.703966
20
521.047028
30
0.0
11
776.214809
21
520.752092
31
0.0
0
LINE
8
VISIBLE
10
775.706638
20
561.757485
30
0.0
11
775.756919
21
562.910283
31
0.0
0
LINE
8
VISIBLE
10
775.706638
20
524.835586
30
0.0
11
775.706638
21
561.757485
31
0.0
0
LINE
8
VISIBLE
10
775.710260
20
524.833495
30
0.0
11
775.706638
21
524.835586
31
0.0
0
LINE
8
VISIBLE
10
775.757812
20
523.619803
30
0.0
11
775.710260
21
524.833495
31
0.0
0
LINE
8
VISIBLE
10
775.900062
20
522.361581
30
0.0
11
775.757812
21
523.619803
31
0.0
0
LINE
8
VISIBLE
10
776.135792
20
521.069591
30
0.0
11
775.900062
21
522.361581
31
0.0
0
LINE
8
VISIBLE
10
776.214809
20
520.752092
30
0.0
11
776.135792
21
521.069591
31
0.0
0
LINE
8
VISIBLE
10
775.661615
20
562.938103
30
0.0
11
777.547269
21
563.525806
31
0.0
0
LINE
8
VISIBLE
10
777.547269
20
563.525806
30
0.0
11
779.107058
21
563.616817
31
0.0
0
LINE
8
VISIBLE
10
779.058454
20
562.502475
30
0.0
11
779.107058
21
563.616817
31
0.0
0
LINE
8
VISIBLE
10
775.706638
20
561.757485
30
0.0
11
777.727652
21
562.382064
31
0.0
0
LINE
8
VISIBLE
10
777.727652
20
562.382064
30
0.0
11
779.058454
21
562.502475
31
0.0
0
LINE
8
VISIBLE
10
775.661615
20
562.938103
30
0.0
11
775.655655
21
562.801455
31
0.0
0
LINE
8
VISIBLE
10
775.679438
20
563.066554
30
0.0
11
775.661615
21
562.938103
31
0.0
0
LINE
8
VISIBLE
10
775.920389
20
564.140074
30
0.0
11
777.731433
21
564.643384
31
0.0
0
LINE
8
VISIBLE
10
777.731433
20
564.643384
30
0.0
11
779.252401
21
564.664306
31
0.0
0
LINE
8
VISIBLE
10
779.107058
20
563.616817
30
0.0
11
779.252401
21
564.664306
31
0.0
0
LINE
8
VISIBLE
10
775.770031
20
563.056437
30
0.0
11
775.920389
21
564.140074
31
0.0
0
LINE
8
VISIBLE
10
775.920389
20
564.140074
30
0.0
11
776.169378
21
565.144113
31
0.0
0
LINE
8
VISIBLE
10
776.087345
20
565.163702
30
0.0
11
777.800254
21
565.655875
31
0.0
0
LINE
8
VISIBLE
10
777.800254
20
565.655875
30
0.0
11
779.493084
21
565.634852
31
0.0
0
LINE
8
VISIBLE
10
779.252401
20
564.664306
30
0.0
11
779.493084
21
565.634852
31
0.0
0
LINE
8
VISIBLE
10
776.087345
20
565.163702
30
0.0
11
776.057831
21
565.044687
31
0.0
0
LINE
8
VISIBLE
10
776.128266
20
565.272135
30
0.0
11
776.087345
21
565.163702
31
0.0
0
LINE
8
VISIBLE
10
776.553431
20
566.184283
30
0.0
11
778.214531
21
566.605658
31
0.0
0
LINE
8
VISIBLE
10
778.214531
20
566.605658
30
0.0
11
779.826788
21
566.519108
31
0.0
0
LINE
8
VISIBLE
10
779.493084
20
565.634852
30
0.0
11
779.826788
21
566.519108
31
0.0
0
LINE
8
VISIBLE
10
776.208210
20
565.269510
30
0.0
11
776.553431
21
566.184283
31
0.0
0
LINE
8
VISIBLE
10
776.553431
20
566.184283
30
0.0
11
776.991558
21
567.000978
31
0.0
0
LINE
8
VISIBLE
10
776.922444
20
567.009558
30
0.0
11
778.510686
21
567.437302
31
0.0
0
LINE
8
VISIBLE
10
778.510686
20
567.437302
30
0.0
11
780.250300
21
567.308560
31
0.0
0
LINE
8
VISIBLE
10
779.826788
20
566.519108
30
0.0
11
780.250300
21
567.308560
31
0.0
0
LINE
8
VISIBLE
10
776.922444
20
567.009558
30
0.0
11
776.870510
21
566.912750
31
0.0
0
LINE
8
VISIBLE
10
776.984891
20
567.093809
30
0.0
11
776.922444
21
567.009558
31
0.0
0
LINE
8
VISIBLE
10
777.581434
20
567.811552
30
0.0
11
779.131246
21
568.177768
31
0.0
0
LINE
8
VISIBLE
10
779.131246
20
568.177768
30
0.0
11
780.759542
21
567.995604
31
0.0
0
LINE
8
VISIBLE
10
780.250300
20
567.308560
30
0.0
11
780.759542
21
567.995604
31
0.0
0
LINE
8
VISIBLE
10
777.054618
20
567.100799
30
0.0
11
777.581434
21
567.811552
31
0.0
0
LINE
8
VISIBLE
10
777.581434
20
567.811552
30
0.0
11
778.191863
21
568.409519
31
0.0
0
LINE
8
VISIBLE
10
778.134821
20
568.404739
30
0.0
11
779.631064
21
568.790287
31
0.0
0
LINE
8
VISIBLE
10
779.631064
20
568.790287
30
0.0
11
781.349608
21
568.573623
31
0.0
0
LINE
8
VISIBLE
10
780.759542
20
567.995604
30
0.0
11
781.349608
21
568.573623
31
0.0
0
LINE
8
VISIBLE
10
778.134821
20
568.404739
30
0.0
11
778.062463
21
568.333858
31
0.0
0
LINE
8
VISIBLE
10
778.216394
20
568.461567
30
0.0
11
778.134821
21
568.404739
31
0.0
0
LINE
8
VISIBLE
10
778.964893
20
568.959348
30
0.0
11
780.431052
21
569.290741
31
0.0
0
LINE
8
VISIBLE
10
780.431052
20
569.290741
30
0.0
11
782.014817
21
569.037051
31
0.0
0
LINE
8
VISIBLE
10
781.349608
20
568.573623
30
0.0
11
782.014817
21
569.037051
31
0.0
0
LINE
8
VISIBLE
10
778.276728
20
568.479928
30
0.0
11
778.964893
21
568.959348
31
0.0
0
LINE
8
VISIBLE
10
778.964893
20
568.959348
30
0.0
11
779.724166
21
569.315606
31
0.0
0
LINE
8
VISIBLE
10
779.710272
20
569.310462
30
0.0
11
780.309039
21
569.534034
31
0.0
0
LINE
8
VISIBLE
10
780.309039
20
569.534034
30
0.0
11
781.696344
21
569.636101
31
0.0
0
LINE
8
VISIBLE
10
781.696344
20
569.636101
30
0.0
11
782.748761
21
569.381424
31
0.0
0
LINE
8
VISIBLE
10
782.014817
20
569.037051
30
0.0
11
782.748761
21
569.381424
31
0.0
0
LINE
8
VISIBLE
10
781.180373
20
569.777166
30
0.0
11
781.681093
21
569.874466
31
0.0
0
LINE
8
VISIBLE
10
781.681093
20
569.874466
30
0.0
11
783.544374
21
569.603427
31
0.0
0
LINE
8
VISIBLE
10
782.748761
20
569.381424
30
0.0
11
783.544374
21
569.603427
31
0.0
0
LINE
8
VISIBLE
10
783.544374
20
569.603427
30
0.0
11
784.393992
21
569.700922
31
0.0
0
LINE
8
VISIBLE
10
782.022944
20
568.468202
30
0.0
11
782.088628
21
568.466151
31
0.0
0
LINE
8
VISIBLE
10
782.015561
20
568.517823
30
0.0
11
782.530399
21
568.773918
31
0.0
0
LINE
8
VISIBLE
10
782.915602
20
568.965529
30
0.0
11
784.393992
21
569.700922
31
0.0
0
LINE
8
VISIBLE
10
782.015561
20
568.517823
30
0.0
11
782.116325
21
568.514677
31
0.0
0
LINE
8
VISIBLE
10
781.919953
20
568.506852
30
0.0
11
782.015561
21
568.517823
31
0.0
0
LINE
8
VISIBLE
10
781.229032
20
568.455509
30
0.0
11
783.544374
21
569.603427
31
0.0
0
LINE
8
VISIBLE
10
781.155384
20
568.383364
30
0.0
11
781.826480
21
568.460373
31
0.0
0
LINE
8
VISIBLE
10
781.921276
20
568.971884
30
0.0
11
782.748761
21
569.381424
31
0.0
0
LINE
8
VISIBLE
10
776.462989
20
519.754881
30
0.0
11
776.214809
21
520.752092
31
0.0
0
LINE
8
VISIBLE
10
776.878852
20
518.428694
30
0.0
11
776.462989
21
519.754881
31
0.0
0
LINE
8
VISIBLE
10
777.257574
20
517.426032
30
0.0
11
776.878852
21
518.428694
31
0.0
0
LINE
8
VISIBLE
10
779.631629
20
520.985261
30
0.0
11
779.331180
21
522.192498
31
0.0
0
LINE
8
VISIBLE
10
779.058454
20
525.580576
30
0.0
11
779.058454
21
562.502475
31
0.0
0
LINE
8
VISIBLE
10
778.943218
20
525.577636
30
0.0
11
779.058454
21
525.580576
31
0.0
0
LINE
8
VISIBLE
10
775.706638
20
524.835586
30
0.0
11
775.782330
21
524.871688
31
0.0
0
LINE
8
VISIBLE
10
775.710260
20
524.833495
30
0.0
11
777.615656
21
525.498403
31
0.0
0
LINE
8
VISIBLE
10
777.615656
20
525.498403
30
0.0
11
778.940433
21
525.648716
31
0.0
0
LINE
8
VISIBLE
10
778.984098
20
524.534239
30
0.0
11
778.940433
21
525.648716
31
0.0
0
LINE
8
VISIBLE
10
775.757812
20
523.619803
30
0.0
11
778.984098
21
524.534239
31
0.0
0
LINE
8
VISIBLE
10
779.114720
20
523.378873
30
0.0
11
778.984098
21
524.534239
31
0.0
0
LINE
8
VISIBLE
10
775.900062
20
522.361581
30
0.0
11
779.114720
21
523.378873
31
0.0
0
LINE
8
VISIBLE
10
779.331180
20
522.192498
30
0.0
11
779.114720
21
523.378873
31
0.0
0
LINE
8
VISIBLE
10
776.135792
20
521.069591
30
0.0
11
779.331180
21
522.192498
31
0.0
0
LINE
8
VISIBLE
10
776.462989
20
519.754881
30
0.0
11
779.631629
21
520.985261
31
0.0
0
LINE
8
VISIBLE
10
778.945406
20
525.521808
30
0.0
11
779.058454
21
525.580576
31
0.0
0
LINE
8
VISIBLE
10
795.060398
20
506.738429
30
0.0
11
795.438501
21
507.161637
31
0.0
0
LINE
8
VISIBLE
10
795.438501
20
507.161637
30
0.0
11
795.684629
21
507.481715
31
0.0
0
LINE
8
VISIBLE
10
794.256231
20
504.552529
30
0.0
11
794.981559
21
504.976010
31
0.0
0
LINE
8
VISIBLE
10
793.466622
20
504.247131
30
0.0
11
794.256231
21
504.552529
31
0.0
0
LINE
8
VISIBLE
10
792.619487
20
504.062428
30
0.0
11
793.466622
21
504.247131
31
0.0
0
LINE
8
VISIBLE
10
791.722069
20
504.000000
30
0.0
11
792.619487
21
504.062428
31
0.0
0
LINE
8
VISIBLE
10
790.782043
20
504.060380
30
0.0
11
791.722069
21
504.000000
31
0.0
0
LINE
8
VISIBLE
10
789.807448
20
504.243053
30
0.0
11
790.782043
21
504.060380
31
0.0
0
LINE
8
VISIBLE
10
788.806619
20
504.546456
30
0.0
11
789.807448
21
504.243053
31
0.0
0
LINE
8
VISIBLE
10
787.788116
20
504.967994
30
0.0
11
788.806619
21
504.546456
31
0.0
0
LINE
8
VISIBLE
10
786.760647
20
505.504062
30
0.0
11
787.788116
21
504.967994
31
0.0
0
LINE
8
VISIBLE
10
785.733001
20
506.150076
30
0.0
11
786.760647
21
505.504062
31
0.0
0
LINE
8
VISIBLE
10
784.713965
20
506.900512
30
0.0
11
785.733001
21
506.150076
31
0.0
0
LINE
8
VISIBLE
10
783.712254
20
507.748951
30
0.0
11
784.713965
21
506.900512
31
0.0
0
LINE
8
VISIBLE
10
782.736435
20
508.688138
30
0.0
11
783.712254
21
507.748951
31
0.0
0
LINE
8
VISIBLE
10
781.794853
20
509.710040
30
0.0
11
782.736435
21
508.688138
31
0.0
0
LINE
8
VISIBLE
10
780.895561
20
510.805919
30
0.0
11
781.794853
21
509.710040
31
0.0
0
LINE
8
VISIBLE
10
780.046248
20
511.966403
30
0.0
11
780.895561
21
510.805919
31
0.0
0
LINE
8
VISIBLE
10
779.254179
20
513.181567
30
0.0
11
780.046248
21
511.966403
31
0.0
0
LINE
8
VISIBLE
10
778.526127
20
514.441019
30
0.0
11
779.254179
21
513.181567
31
0.0
0
LINE
8
VISIBLE
10
777.868319
20
515.733988
30
0.0
11
778.526127
21
514.441019
31
0.0
0
LINE
8
VISIBLE
10
777.286379
20
517.049418
30
0.0
11
777.868319
21
515.733988
31
0.0
0
LINE
8
VISIBLE
10
777.166398
20
517.367065
30
0.0
11
777.286379
21
517.049418
31
0.0
0
LINE
8
VISIBLE
10
777.166398
20
517.367065
30
0.0
11
777.166398
21
517.667418
31
0.0
0
LINE
8
VISIBLE
10
780.013497
20
519.767486
30
0.0
11
779.631629
21
520.985261
31
0.0
0
LINE
8
VISIBLE
10
776.878852
20
518.428694
30
0.0
11
780.013497
21
519.767486
31
0.0
0
LINE
8
VISIBLE
10
780.473518
20
518.549587
30
0.0
11
780.013497
21
519.767486
31
0.0
0
LINE
8
VISIBLE
10
777.286379
20
517.049418
30
0.0
11
780.473518
21
518.549587
31
0.0
0
LINE
8
VISIBLE
10
777.166398
20
517.367065
30
0.0
11
777.257574
21
517.426032
31
0.0
0
LINE
8
VISIBLE
10
781.007757
20
517.341980
30
0.0
11
780.473518
21
518.549587
31
0.0
0
LINE
8
VISIBLE
10
781.611647
20
516.154992
30
0.0
11
781.007757
21
517.341980
31
0.0
0
LINE
8
VISIBLE
10
782.280023
20
514.998773
30
0.0
11
781.611647
21
516.154992
31
0.0
0
LINE
8
VISIBLE
10
783.007168
20
513.883213
30
0.0
11
782.280023
21
514.998773
31
0.0
0
LINE
8
VISIBLE
10
783.786865
20
512.817851
30
0.0
11
783.007168
21
513.883213
31
0.0
0
LINE
8
VISIBLE
10
784.612445
20
511.811798
30
0.0
11
783.786865
21
512.817851
31
0.0
0
LINE
8
VISIBLE
10
785.476848
20
510.873658
30
0.0
11
784.612445
21
511.811798
31
0.0
0
LINE
8
VISIBLE
10
786.372682
20
510.011454
30
0.0
11
785.476848
21
510.873658
31
0.0
0
LINE
8
VISIBLE
10
787.292285
20
509.232559
30
0.0
11
786.372682
21
510.011454
31
0.0
0
LINE
8
VISIBLE
10
788.227793
20
508.543634
30
0.0
11
787.292285
21
509.232559
31
0.0
0
LINE
8
VISIBLE
10
789.171206
20
507.950572
30
0.0
11
788.227793
21
508.543634
31
0.0
0
LINE
8
VISIBLE
10
790.114456
20
507.458444
30
0.0
11
789.171206
21
507.950572
31
0.0
0
LINE
8
VISIBLE
10
791.049476
20
507.071458
30
0.0
11
790.114456
21
507.458444
31
0.0
0
LINE
8
VISIBLE
10
791.968269
20
506.792925
30
0.0
11
791.049476
21
507.071458
31
0.0
0
LINE
8
VISIBLE
10
792.862979
20
506.625225
30
0.0
11
791.968269
21
506.792925
31
0.0
0
LINE
8
VISIBLE
10
793.725954
20
506.569794
30
0.0
11
792.862979
21
506.625225
31
0.0
0
LINE
8
VISIBLE
10
794.549813
20
506.627105
30
0.0
11
793.725954
21
506.569794
31
0.0
0
LINE
8
VISIBLE
10
795.327511
20
506.796668
30
0.0
11
794.549813
21
506.627105
31
0.0
0
LINE
8
VISIBLE
10
796.052398
20
507.077034
30
0.0
11
795.327511
21
506.796668
31
0.0
0
LINE
8
VISIBLE
10
796.718273
20
507.465803
30
0.0
11
796.052398
21
507.077034
31
0.0
0
LINE
8
VISIBLE
10
796.029696
20
507.068253
30
0.0
11
796.718273
21
507.465803
31
0.0
0
LINE
8
VISIBLE
10
797.319443
20
507.959653
30
0.0
11
796.718273
21
507.465803
31
0.0
0
LINE
8
VISIBLE
10
795.291492
20
506.788815
30
0.0
11
797.319443
21
507.959653
31
0.0
0
LINE
8
VISIBLE
10
797.850766
20
508.554359
30
0.0
11
797.319443
21
507.959653
31
0.0
0
LINE
8
VISIBLE
10
795.438501
20
507.161637
30
0.0
11
797.850766
21
508.554359
31
0.0
0
LINE
8
VISIBLE
10
817.909410
20
534.639727
30
0.0
11
797.850766
21
508.554359
31
0.0
0
LINE
8
VISIBLE
10
817.247728
20
534.257705
30
0.0
11
817.909410
21
534.639727
31
0.0
0
LINE
8
VISIBLE
10
818.269563
20
535.165710
30
0.0
11
817.909410
21
534.639727
31
0.0
0
LINE
8
VISIBLE
10
818.269638
20
535.165832
30
0.0
11
818.269563
21
535.165710
31
0.0
0
LINE
8
VISIBLE
10
817.692647
20
534.836303
30
0.0
11
818.269638
21
535.165832
31
0.0
0
LINE
8
VISIBLE
10
818.583359
20
535.746331
30
0.0
11
818.269638
21
535.165832
31
0.0
0
LINE
8
VISIBLE
10
818.583485
20
535.746601
30
0.0
11
818.583359
21
535.746331
31
0.0
0
LINE
8
VISIBLE
10
818.196038
20
535.528862
30
0.0
11
818.583485
21
535.746601
31
0.0
0
LINE
8
VISIBLE
10
818.849190
20
536.378615
30
0.0
11
818.583485
21
535.746601
31
0.0
0
LINE
8
VISIBLE
10
818.849344
20
536.379059
30
0.0
11
818.849190
21
536.378615
31
0.0
0
LINE
8
VISIBLE
10
818.606780
20
536.245627
30
0.0
11
818.849344
21
536.379059
31
0.0
0
LINE
8
VISIBLE
10
819.065695
20
537.059323
30
0.0
11
818.849344
21
536.379059
31
0.0
0
LINE
8
VISIBLE
10
819.065852
20
537.059965
30
0.0
11
819.065695
21
537.059323
31
0.0
0
LINE
8
VISIBLE
10
818.901152
20
536.971746
30
0.0
11
819.065852
21
537.059965
31
0.0
0
LINE
8
VISIBLE
10
819.231768
20
537.784967
30
0.0
11
819.065852
21
537.059965
31
0.0
0
LINE
8
VISIBLE
10
819.231901
20
537.785827
30
0.0
11
819.231768
21
537.784967
31
0.0
0
LINE
8
VISIBLE
10
819.123995
20
537.729838
30
0.0
11
819.231901
21
537.785827
31
0.0
0
LINE
8
VISIBLE
10
819.346558
20
538.551831
30
0.0
11
819.231901
21
537.785827
31
0.0
0
LINE
8
VISIBLE
10
819.346641
20
538.552926
30
0.0
11
819.346558
21
538.551831
31
0.0
0
LINE
8
VISIBLE
10
819.281789
20
538.520493
30
0.0
11
819.346641
21
538.552926
31
0.0
0
LINE
8
VISIBLE
10
819.409480
20
539.355984
30
0.0
11
819.346641
21
538.552926
31
0.0
0
LINE
8
VISIBLE
10
819.409487
20
539.357329
30
0.0
11
819.409480
21
539.355984
31
0.0
0
LINE
8
VISIBLE
10
819.378271
20
539.342354
30
0.0
11
819.409487
21
539.357329
31
0.0
0
LINE
8
VISIBLE
10
819.420215
20
540.193307
30
0.0
11
819.409487
21
539.357329
31
0.0
0
LINE
8
VISIBLE
10
819.420118
20
540.194914
30
0.0
11
819.420215
21
540.193307
31
0.0
0
LINE
8
VISIBLE
10
819.415826
20
540.192947
30
0.0
11
819.420118
21
540.194914
31
0.0
0
LINE
8
VISIBLE
10
819.416919
20
540.261705
30
0.0
11
819.420118
21
540.194914
31
0.0
0
LINE
8
VISIBLE
10
819.336189
20
538.469176
30
0.0
11
819.346558
21
538.551831
31
0.0
0
LINE
8
VISIBLE
10
819.190499
20
537.531416
30
0.0
11
819.219318
21
537.684940
31
0.0
0
LINE
8
VISIBLE
10
819.219318
20
537.684940
30
0.0
11
819.231768
21
537.784967
31
0.0
0
LINE
8
VISIBLE
10
818.969456
20
536.593672
30
0.0
11
819.019432
21
536.778309
31
0.0
0
LINE
8
VISIBLE
10
819.019432
20
536.778309
30
0.0
11
819.065695
21
537.059323
31
0.0
0
LINE
8
VISIBLE
10
818.664336
20
535.660396
30
0.0
11
818.743288
21
535.876546
31
0.0
0
LINE
8
VISIBLE
10
818.743288
20
535.876546
30
0.0
11
818.849190
21
536.378615
31
0.0
0
LINE
8
VISIBLE
10
818.263716
20
534.734987
30
0.0
11
818.382457
21
534.984553
31
0.0
0
LINE
8
VISIBLE
10
818.382457
20
534.984553
30
0.0
11
818.583359
21
535.746331
31
0.0
0
LINE
8
VISIBLE
10
817.755016
20
533.824721
30
0.0
11
817.925659
21
534.105559
31
0.0
0
LINE
8
VISIBLE
10
817.925659
20
534.105559
30
0.0
11
818.269563
21
535.165710
31
0.0
0
LINE
8
VISIBLE
10
817.251703
20
533.096909
30
0.0
11
817.360950
21
533.247625
31
0.0
0
LINE
8
VISIBLE
10
817.360950
20
533.247625
30
0.0
11
817.909410
21
534.639727
31
0.0
0
LINE
8
VISIBLE
10
797.042557
20
506.829981
30
0.0
11
797.193058
21
507.011540
31
0.0
0
LINE
8
VISIBLE
10
797.193058
20
507.011540
30
0.0
11
797.850766
21
508.554359
31
0.0
0
LINE
8
VISIBLE
10
796.119683
20
505.852808
30
0.0
11
796.470035
21
506.189162
31
0.0
0
LINE
8
VISIBLE
10
796.470035
20
506.189162
30
0.0
11
797.319443
21
507.959653
31
0.0
0
LINE
8
VISIBLE
10
794.981559
20
504.976010
30
0.0
11
795.467017
21
505.316654
31
0.0
0
LINE
8
VISIBLE
10
795.467017
20
505.316654
30
0.0
11
796.338135
21
506.401751
31
0.0
0
LINE
8
VISIBLE
10
796.338135
20
506.401751
30
0.0
11
796.718273
21
507.465803
31
0.0
0
LINE
8
VISIBLE
10
794.256231
20
504.552529
30
0.0
11
795.356313
21
505.547555
31
0.0
0
LINE
8
VISIBLE
10
795.356313
20
505.547555
30
0.0
11
796.052398
21
507.077034
31
0.0
0
LINE
8
VISIBLE
10
793.466622
20
504.247131
30
0.0
11
794.592381
21
505.261673
31
0.0
0
LINE
8
VISIBLE
10
794.592381
20
505.261673
30
0.0
11
795.327511
21
506.796668
31
0.0
0
LINE
8
VISIBLE
10
792.619487
20
504.062428
30
0.0
11
793.776887
21
505.099779
31
0.0
0
LINE
8
VISIBLE
10
793.776887
20
505.099779
30
0.0
11
794.549813
21
506.627105
31
0.0
0
LINE
8
VISIBLE
10
791.722069
20
504.000000
30
0.0
11
792.917807
21
505.063898
31
0.0
0
LINE
8
VISIBLE
10
792.917807
20
505.063898
30
0.0
11
793.725954
21
506.569794
31
0.0
0
LINE
8
VISIBLE
10
790.782043
20
504.060380
30
0.0
11
792.023815
21
505.155165
31
0.0
0
LINE
8
VISIBLE
10
792.023815
20
505.155165
30
0.0
11
792.862979
21
506.625225
31
0.0
0
LINE
8
VISIBLE
10
789.807448
20
504.243053
30
0.0
11
791.104307
21
505.373872
31
0.0
0
LINE
8
VISIBLE
10
791.104307
20
505.373872
30
0.0
11
791.968269
21
506.792925
31
0.0
0
LINE
8
VISIBLE
10
788.806619
20
504.546456
30
0.0
11
790.169472
21
505.719553
31
0.0
0
LINE
8
VISIBLE
10
790.169472
20
505.719553
30
0.0
11
791.049476
21
507.071458
31
0.0
0
LINE
8
VISIBLE
10
787.788116
20
504.967994
30
0.0
11
789.230435
21
506.191120
31
0.0
0
LINE
8
VISIBLE
10
789.230435
20
506.191120
30
0.0
11
790.114456
21
507.458444
31
0.0
0
LINE
8
VISIBLE
10
786.760647
20
505.504062
30
0.0
11
788.299536
21
506.787082
31
0.0
0
LINE
8
VISIBLE
10
788.299536
20
506.787082
30
0.0
11
789.171206
21
507.950572
31
0.0
0
LINE
8
VISIBLE
10
785.733001
20
506.150076
30
0.0
11
787.390873
21
507.505932
31
0.0
0
LINE
8
VISIBLE
10
787.390873
20
507.505932
30
0.0
11
788.227793
21
508.543634
31
0.0
0
LINE
8
VISIBLE
10
784.713965
20
506.900512
30
0.0
11
786.045653
21
507.887106
31
0.0
0
LINE
8
VISIBLE
10
786.045653
20
507.887106
30
0.0
11
787.292285
21
509.232559
31
0.0
0
LINE
8
VISIBLE
10
783.712254
20
507.748951
30
0.0
11
786.372682
21
510.011454
31
0.0
0
LINE
8
VISIBLE
10
782.736435
20
508.688138
30
0.0
11
785.476848
21
510.873658
31
0.0
0
LINE
8
VISIBLE
10
781.794853
20
509.710040
30
0.0
11
784.612445
21
511.811798
31
0.0
0
LINE
8
VISIBLE
10
780.895561
20
510.805919
30
0.0
11
783.786865
21
512.817851
31
0.0
0
LINE
8
VISIBLE
10
780.046248
20
511.966403
30
0.0
11
783.007168
21
513.883213
31
0.0
0
LINE
8
VISIBLE
10
779.254179
20
513.181567
30
0.0
11
782.280023
21
514.998773
31
0.0
0
LINE
8
VISIBLE
10
778.526127
20
514.441019
30
0.0
11
781.611647
21
516.154992
31
0.0
0
LINE
8
VISIBLE
10
777.868319
20
515.733988
30
0.0
11
781.007757
21
517.341980
31
0.0
0
LINE
8
VISIBLE
10
762.606443
20
522.239411
30
0.0
11
768.363681
21
522.937186
31
0.0
0
LINE
8
VISIBLE
10
788.107477
20
521.976670
30
0.0
11
790.386868
21
523.292677
31
0.0
0
LINE
8
VISIBLE
10
808.166121
20
548.062038
30
0.0
11
810.445512
21
549.378046
31
0.0
0
LINE
8
VISIBLE
10
819.292646
20
542.233192
30
0.0
11
819.156377
21
543.111095
31
0.0
0
LINE
8
VISIBLE
10
819.151177
20
543.139842
30
0.0
11
818.968276
21
544.025042
31
0.0
0
LINE
8
VISIBLE
10
818.963985
20
544.043573
30
0.0
11
818.735933
21
544.932359
31
0.0
0
LINE
8
VISIBLE
10
818.732907
20
544.943126
30
0.0
11
818.461264
21
545.831804
31
0.0
0
LINE
8
VISIBLE
10
818.459535
20
545.837044
30
0.0
11
818.145947
21
546.721934
31
0.0
0
LINE
8
VISIBLE
10
818.145282
20
546.723691
30
0.0
11
817.791490
21
547.601124
31
0.0
0
LINE
8
VISIBLE
10
817.791426
20
547.601274
30
0.0
11
817.399275
21
548.467587
31
0.0
0
LINE
8
VISIBLE
10
817.399142
20
548.467866
30
0.0
11
816.970586
21
549.319406
31
0.0
0
LINE
8
VISIBLE
10
816.969513
20
549.321433
30
0.0
11
816.506621
21
550.154558
31
0.0
0
LINE
8
VISIBLE
10
816.503531
20
550.159861
30
0.0
11
816.008497
21
550.970940
31
0.0
0
LINE
8
VISIBLE
10
811.533061
20
556.053525
30
0.0
11
810.878666
21
556.559643
31
0.0
0
LINE
8
VISIBLE
10
816.002082
20
550.980978
30
0.0
11
815.477230
21
551.766398
31
0.0
0
LINE
8
VISIBLE
10
812.275784
20
555.417925
30
0.0
11
811.629824
21
555.974547
31
0.0
0
LINE
8
VISIBLE
10
815.465925
20
551.782573
30
0.0
11
814.913719
21
552.538738
31
0.0
0
LINE
8
VISIBLE
10
812.982233
20
554.748414
30
0.0
11
812.348584
21
555.351988
31
0.0
0
LINE
8
VISIBLE
10
814.895647
20
552.562405
30
0.0
11
814.318705
21
553.285739
31
0.0
0
LINE
8
VISIBLE
10
813.653914
20
554.047669
30
0.0
11
813.036043
21
554.694690
31
0.0
0
LINE
8
VISIBLE
10
814.291618
20
553.318206
30
0.0
11
813.692723
21
554.005153
31
0.0
0
LINE
8
VISIBLE
10
787.999770
20
568.919093
30
0.0
11
787.007022
21
569.322214
31
0.0
0
LINE
8
VISIBLE
10
786.752304
20
569.410365
30
0.0
11
785.762281
21
569.695603
31
0.0
0
LINE
8
VISIBLE
10
785.434442
20
569.769514
30
0.0
11
784.456607
21
569.930066
31
0.0
0
LINE
8
VISIBLE
10
784.043594
20
569.970181
30
0.0
11
783.088381
21
570.000000
31
0.0
0
LINE
8
VISIBLE
10
781.180373
20
569.777166
30
0.0
11
780.309039
21
569.534034
31
0.0
0
LINE
8
VISIBLE
10
782.601492
20
569.980083
30
0.0
11
781.681093
21
569.874466
31
0.0
0
LINE
8
VISIBLE
10
819.219318
20
537.684940
30
0.0
11
819.336189
21
538.469176
31
0.0
0
LINE
8
VISIBLE
10
819.019432
20
536.778309
30
0.0
11
819.190499
21
537.531416
31
0.0
0
LINE
8
VISIBLE
10
818.743288
20
535.876546
30
0.0
11
818.969456
21
536.593672
31
0.0
0
LINE
8
VISIBLE
10
818.382457
20
534.984553
30
0.0
11
818.664336
21
535.660396
31
0.0
0
LINE
8
VISIBLE
10
817.925659
20
534.105559
30
0.0
11
818.263716
21
534.734987
31
0.0
0
LINE
8
VISIBLE
10
817.360950
20
533.247625
30
0.0
11
817.755016
21
533.824721
31
0.0
0
LINE
8
VISIBLE
10
797.193058
20
507.011540
30
0.0
11
817.251703
21
533.096909
31
0.0
0
LINE
8
VISIBLE
10
796.470035
20
506.189162
30
0.0
11
797.042557
21
506.829981
31
0.0
0
LINE
8
VISIBLE
10
795.467017
20
505.316654
30
0.0
11
796.119683
21
505.852808
31
0.0
0
LINE
8
VISIBLE
10
779.058454
20
544.773293
30
0.0
11
779.081087
21
544.784616
31
0.0
0
ARC
8
VISIBLE
10
771.398648
20
519.749613
30
0.0
40
4.195582
50
19.112208
51
64.407277
0
LINE
8
VISIBLE
10
57.875000
20
18.043969
30
0.0
11
57.875000
21
43.660000
31
0.0
0
LINE
8
VISIBLE
10
57.875000
20
43.660000
30
0.0
11
57.875000
21
48.902803
31
0.0
0
LINE
8
VISIBLE
10
57.875000
20
48.902803
30
0.0
11
57.875000
21
54.095115
31
0.0
0
LINE
8
VISIBLE
10
57.875000
20
54.095115
30
0.0
11
57.875000
21
59.186931
31
0.0
0
LINE
8
VISIBLE
10
57.875000
20
59.186931
30
0.0
11
57.875000
21
64.129215
31
0.0
0
LINE
8
VISIBLE
10
57.875000
20
64.129215
30
0.0
11
57.875000
21
68.874368
31
0.0
0
LINE
8
VISIBLE
10
57.875000
20
68.874368
30
0.0
11
57.875000
21
73.376694
31
0.0
0
LINE
8
VISIBLE
10
57.875000
20
73.376694
30
0.0
11
57.875000
21
77.592831
31
0.0
0
LINE
8
VISIBLE
10
57.875000
20
77.592831
30
0.0
11
57.875000
21
81.482177
31
0.0
0
LINE
8
VISIBLE
10
57.875000
20
81.482177
30
0.0
11
57.875000
21
85.007274
31
0.0
0
LINE
8
VISIBLE
10
57.875000
20
85.007274
30
0.0
11
57.875000
21
88.134175
31
0.0
0
LINE
8
VISIBLE
10
57.875000
20
88.134175
30
0.0
11
57.875000
21
90.832765
31
0.0
0
LINE
8
VISIBLE
10
57.875000
20
90.832765
30
0.0
11
57.875000
21
93.077055
31
0.0
0
LINE
8
VISIBLE
10
57.875000
20
93.077055
30
0.0
11
57.875000
21
94.845433
31
0.0
0
LINE
8
VISIBLE
10
57.875000
20
94.845433
30
0.0
11
57.875000
21
96.120866
31
0.0
0
LINE
8
VISIBLE
10
57.875000
20
96.120866
30
0.0
11
57.875000
21
96.891073
31
0.0
0
LINE
8
VISIBLE
10
57.875000
20
96.891073
30
0.0
11
57.875000
21
96.928981
31
0.0
0
LINE
8
VISIBLE
10
62.875000
20
43.660000
30
0.0
11
62.875000
21
18.595249
31
0.0
0
LINE
8
VISIBLE
10
62.875000
20
47.580481
30
0.0
11
62.875000
21
43.660000
31
0.0
0
LINE
8
VISIBLE
10
62.875000
20
51.463205
30
0.0
11
62.875000
21
47.580481
31
0.0
0
LINE
8
VISIBLE
10
62.875000
20
55.270781
30
0.0
11
62.875000
21
51.463205
31
0.0
0
LINE
8
VISIBLE
10
62.875000
20
58.966538
30
0.0
11
62.875000
21
55.270781
31
0.0
0
LINE
8
VISIBLE
10
62.875000
20
62.514885
30
0.0
11
62.875000
21
58.966538
31
0.0
0
LINE
8
VISIBLE
10
62.875000
20
65.881649
30
0.0
11
62.875000
21
62.514885
31
0.0
0
LINE
8
VISIBLE
10
62.875000
20
69.034406
30
0.0
11
62.875000
21
65.881649
31
0.0
0
LINE
8
VISIBLE
10
62.875000
20
71.942794
30
0.0
11
62.875000
21
69.034406
31
0.0
0
LINE
8
VISIBLE
10
62.875000
20
74.578803
30
0.0
11
62.875000
21
71.942794
31
0.0
0
LINE
8
VISIBLE
10
62.875000
20
76.917047
30
0.0
11
62.875000
21
74.578803
31
0.0
0
LINE
8
VISIBLE
10
62.875000
20
78.935008
30
0.0
11
62.875000
21
76.917047
31
0.0
0
LINE
8
VISIBLE
10
62.875000
20
80.613251
30
0.0
11
62.875000
21
78.935008
31
0.0
0
LINE
8
VISIBLE
10
62.875000
20
81.935614
30
0.0
11
62.875000
21
80.613251
31
0.0
0
LINE
8
VISIBLE
10
62.875000
20
82.889362
30
0.0
11
62.875000
21
81.935614
31
0.0
0
LINE
8
VISIBLE
10
62.875000
20
83.465310
30
0.0
11
62.875000
21
82.889362
31
0.0
0
LINE
8
VISIBLE
10
62.875000
20
83.667911
30
0.0
11
62.875000
21
83.465310
31
0.0
0
LINE
8
VISIBLE
10
62.875000
20
87.479073
30
0.0
11
62.875000
21
83.667911
31
0.0
0
LINE
8
VISIBLE
10
57.875000
20
43.660000
30
0.0
11
62.875000
21
43.660000
31
0.0
0
LINE
8
VISIBLE
10
57.875000
20
48.902803
30
0.0
11
62.875000
21
47.580481
31
0.0
0
LINE
8
VISIBLE
10
57.875000
20
54.095115
30
0.0
11
61.576544
21
52.859348
31
0.0
0
LINE
8
VISIBLE
10
61.576544
20
52.859348
30
0.0
11
62.875000
21
51.463205
31
0.0
0
LINE
8
VISIBLE
10
57.875000
20
59.186931
30
0.0
11
62.200124
21
56.778418
31
0.0
0
LINE
8
VISIBLE
10
62.200124
20
56.778418
30
0.0
11
62.875000
21
55.270781
31
0.0
0
LINE
8
VISIBLE
10
57.875000
20
64.129215
30
0.0
11
62.013969
21
61.206823
31
0.0
0
LINE
8
VISIBLE
10
62.013969
20
61.206823
30
0.0
11
62.875000
21
58.966538
31
0.0
0
LINE
8
VISIBLE
10
57.875000
20
68.874368
30
0.0
11
61.877188
21
65.481214
31
0.0
0
LINE
8
VISIBLE
10
61.877188
20
65.481214
30
0.0
11
62.875000
21
62.514885
31
0.0
0
LINE
8
VISIBLE
10
57.875000
20
73.376694
30
0.0
11
61.777045
21
69.545047
31
0.0
0
LINE
8
VISIBLE
10
61.777045
20
69.545047
30
0.0
11
62.875000
21
65.881649
31
0.0
0
LINE
8
VISIBLE
10
57.875000
20
77.592831
30
0.0
11
61.699406
21
73.359511
31
0.0
0
LINE
8
VISIBLE
10
61.699406
20
73.359511
30
0.0
11
62.875000
21
69.034406
31
0.0
0
LINE
8
VISIBLE
10
57.875000
20
81.482177
30
0.0
11
61.613969
21
76.931499
31
0.0
0
LINE
8
VISIBLE
10
61.613969
20
76.931499
30
0.0
11
62.875000
21
71.942794
31
0.0
0
LINE
8
VISIBLE
10
57.875000
20
85.007274
30
0.0
11
61.549336
21
80.166944
31
0.0
0
LINE
8
VISIBLE
10
61.549336
20
80.166944
30
0.0
11
62.875000
21
74.578803
31
0.0
0
LINE
8
VISIBLE
10
57.875000
20
88.134175
30
0.0
11
61.500304
21
83.035030
31
0.0
0
LINE
8
VISIBLE
10
61.500304
20
83.035030
30
0.0
11
62.875000
21
76.917047
31
0.0
0
LINE
8
VISIBLE
10
57.875000
20
90.832765
30
0.0
11
61.463243
21
85.508753
31
0.0
0
LINE
8
VISIBLE
10
61.463243
20
85.508753
30
0.0
11
62.875000
21
78.935008
31
0.0
0
LINE
8
VISIBLE
10
57.875000
20
93.077055
30
0.0
11
61.435614
21
87.564957
31
0.0
0
LINE
8
VISIBLE
10
61.435614
20
87.564957
30
0.0
11
62.875000
21
80.613251
31
0.0
0
LINE
8
VISIBLE
10
57.875000
20
94.845433
30
0.0
11
61.415653
21
89.184448
31
0.0
0
LINE
8
VISIBLE
10
61.415653
20
89.184448
30
0.0
11
62.875000
21
81.935614
31
0.0
0
LINE
8
VISIBLE
10
57.875000
20
96.120866
30
0.0
11
61.402157
21
90.352129
31
0.0
0
LINE
8
VISIBLE
10
61.402157
20
90.352129
30
0.0
11
62.875000
21
82.889362
31
0.0
0
LINE
8
VISIBLE
10
57.875000
20
96.891073
30
0.0
11
61.394349
21
91.057118
31
0.0
0
LINE
8
VISIBLE
10
61.394349
20
91.057118
30
0.0
11
62.875000
21
83.465310
31
0.0
0
LINE
8
VISIBLE
10
59.375000
20
95.154135
30
0.0
11
62.175169
21
88.955241
31
0.0
0
LINE
8
VISIBLE
10
62.175169
20
88.955241
30
0.0
11
62.875000
21
83.667911
31
0.0
0
LINE
8
VISIBLE
10
57.874988
20
96.928996
30
0.0
11
59.375000
21
94.924147
31
0.0
0
LINE
8
VISIBLE
10
59.375000
20
94.924147
30
0.0
11
59.375000
21
97.857363
31
0.0
0
LINE
8
VISIBLE
10
56.103665
20
91.503422
30
0.0
11
57.875000
21
91.503422
31
0.0
0
LINE
8
VISIBLE
10
56.103665
20
89.195000
30
0.0
11
57.875000
21
89.195000
31
0.0
0
LINE
8
VISIBLE
10
56.103665
20
85.195000
30
0.0
11
57.875000
21
85.195000
31
0.0
0
LINE
8
VISIBLE
10
56.103665
20
82.886578
30
0.0
11
57.875000
21
82.886578
31
0.0
0
LINE
8
VISIBLE
10
56.103665
20
72.695000
30
0.0
11
57.875000
21
72.695000
31
0.0
0
LINE
8
VISIBLE
10
59.896647
20
97.809749
30
0.0
11
62.168625
21
92.798056
31
0.0
0
LINE
8
VISIBLE
10
62.168625
20
92.798056
30
0.0
11
62.875000
21
87.479073
31
0.0
0
LINE
8
VISIBLE
10
56.103665
20
65.370000
30
0.0
11
57.875000
21
65.370000
31
0.0
0
LINE
8
VISIBLE
10
56.103665
20
21.695000
30
0.0
11
57.875000
21
21.695000
31
0.0
0
LINE
8
VISIBLE
10
56.103665
20
97.949193
30
0.0
11
56.103665
21
97.999866
31
0.0
0
LINE
8
VISIBLE
10
56.025601
20
97.999992
30
0.0
11
56.103665
21
97.949193
31
0.0
0
LINE
8
VISIBLE
10
56.103665
20
96.629309
30
0.0
11
56.103665
21
97.949193
31
0.0
0
LINE
8
VISIBLE
10
53.984104
20
97.949170
30
0.0
11
56.103665
21
96.629309
31
0.0
0
LINE
8
VISIBLE
10
56.103665
20
94.799302
30
0.0
11
56.103665
21
96.629309
31
0.0
0
LINE
8
VISIBLE
10
51.369807
20
97.731113
30
0.0
11
56.103665
21
94.799302
31
0.0
0
LINE
8
VISIBLE
10
43.375000
20
20.044640
30
0.0
11
43.375000
21
43.660000
31
0.0
0
LINE
8
VISIBLE
10
42.875000
20
43.660000
30
0.0
11
43.375000
21
43.660000
31
0.0
0
LINE
8
VISIBLE
10
18.658811
20
43.660000
30
0.0
11
42.875000
21
43.660000
31
0.0
0
LINE
8
VISIBLE
10
42.875000
20
43.660000
30
0.0
11
42.875000
21
20.214627
31
0.0
0
LINE
8
VISIBLE
10
17.338195
20
47.740135
30
0.0
11
43.375000
21
47.650890
31
0.0
0
LINE
8
VISIBLE
10
43.375000
20
43.660000
30
0.0
11
43.375000
21
47.650890
31
0.0
0
LINE
8
VISIBLE
10
43.375000
20
47.650890
30
0.0
11
43.375000
21
49.272755
31
0.0
0
LINE
8
VISIBLE
10
43.375000
20
49.272755
30
0.0
11
42.875000
21
48.978246
31
0.0
0
LINE
8
VISIBLE
10
42.875000
20
50.302468
30
0.0
11
43.375000
21
50.002825
31
0.0
0
LINE
8
VISIBLE
10
43.375000
20
50.002825
30
0.0
11
43.375000
21
51.624690
31
0.0
0
LINE
8
VISIBLE
10
16.482064
20
51.808654
30
0.0
11
43.375000
21
51.624690
31
0.0
0
LINE
8
VISIBLE
10
16.058164
20
55.843679
30
0.0
11
43.375000
21
55.564385
31
0.0
0
LINE
8
VISIBLE
10
43.375000
20
51.624690
30
0.0
11
43.375000
21
55.564385
31
0.0
0
LINE
8
VISIBLE
10
16.041602
20
59.823856
30
0.0
11
43.375000
21
59.453103
31
0.0
0
LINE
8
VISIBLE
10
43.375000
20
55.564385
30
0.0
11
43.375000
21
59.453103
31
0.0
0
LINE
8
VISIBLE
10
43.375000
20
59.453103
30
0.0
11
43.375000
21
61.012640
31
0.0
0
LINE
8
VISIBLE
10
43.375000
20
61.012640
30
0.0
11
42.875000
21
60.734583
31
0.0
0
LINE
8
VISIBLE
10
42.875000
20
62.007917
30
0.0
11
43.375000
21
61.714654
31
0.0
0
LINE
8
VISIBLE
10
43.375000
20
61.714654
30
0.0
11
43.375000
21
63.274192
31
0.0
0
LINE
8
VISIBLE
10
16.412308
20
63.728404
30
0.0
11
43.375000
21
63.274192
31
0.0
0
LINE
8
VISIBLE
10
17.153607
20
67.537176
30
0.0
11
43.375000
21
67.011290
31
0.0
0
LINE
8
VISIBLE
10
43.375000
20
63.274192
30
0.0
11
43.375000
21
67.011290
31
0.0
0
LINE
8
VISIBLE
10
18.251523
20
71.230741
30
0.0
11
43.375000
21
70.648395
31
0.0
0
LINE
8
VISIBLE
10
43.375000
20
67.011290
30
0.0
11
43.375000
21
70.648395
31
0.0
0
LINE
8
VISIBLE
10
43.375000
20
70.648395
30
0.0
11
43.375000
21
72.085673
31
0.0
0
LINE
8
VISIBLE
10
43.375000
20
72.085673
30
0.0
11
42.875000
21
71.834754
31
0.0
0
LINE
8
VISIBLE
10
42.875000
20
73.008264
30
0.0
11
43.375000
21
72.732653
31
0.0
0
LINE
8
VISIBLE
10
43.375000
20
72.732653
30
0.0
11
43.375000
21
74.169931
31
0.0
0
LINE
8
VISIBLE
10
19.694617
20
74.790449
30
0.0
11
43.375000
21
74.169931
31
0.0
0
LINE
8
VISIBLE
10
21.474339
20
78.198483
30
0.0
11
43.375000
21
77.560819
31
0.0
0
LINE
8
VISIBLE
10
43.375000
20
74.169931
30
0.0
11
43.375000
21
77.560819
31
0.0
0
LINE
8
VISIBLE
10
23.586027
20
81.437883
30
0.0
11
43.375000
21
80.806539
31
0.0
0
LINE
8
VISIBLE
10
43.375000
20
77.560819
30
0.0
11
43.375000
21
80.806539
31
0.0
0
LINE
8
VISIBLE
10
43.375000
20
80.806539
30
0.0
11
43.375000
21
82.066324
31
0.0
0
LINE
8
VISIBLE
10
43.375000
20
82.066324
30
0.0
11
42.875000
21
81.852184
31
0.0
0
LINE
8
VISIBLE
10
42.875000
20
82.880775
30
0.0
11
43.375000
21
82.633406
31
0.0
0
LINE
8
VISIBLE
10
43.375000
20
82.633406
30
0.0
11
43.375000
21
83.893191
31
0.0
0
LINE
8
VISIBLE
10
26.030904
20
84.492514
30
0.0
11
43.375000
21
83.893191
31
0.0
0
LINE
8
VISIBLE
10
28.819913
20
87.346940
30
0.0
11
43.375000
21
86.807559
31
0.0
0
LINE
8
VISIBLE
10
43.375000
20
83.893191
30
0.0
11
43.375000
21
86.807559
31
0.0
0
LINE
8
VISIBLE
10
31.981468
20
89.986093
30
0.0
11
43.375000
21
89.537162
31
0.0
0
LINE
8
VISIBLE
10
43.375000
20
86.807559
30
0.0
11
43.375000
21
89.537162
31
0.0
0
LINE
8
VISIBLE
10
43.375000
20
89.537162
30
0.0
11
43.375000
21
90.571040
31
0.0
0
LINE
8
VISIBLE
10
43.375000
20
90.571040
30
0.0
11
42.875000
21
90.401910
31
0.0
0
LINE
8
VISIBLE
10
42.875000
20
91.246053
30
0.0
11
43.375000
21
91.036433
31
0.0
0
LINE
8
VISIBLE
10
43.375000
20
91.036433
30
0.0
11
43.375000
21
92.070312
31
0.0
0
LINE
8
VISIBLE
10
35.578900
20
92.394457
30
0.0
11
43.375000
21
92.070312
31
0.0
0
LINE
8
VISIBLE
10
39.757466
20
94.553797
30
0.0
11
43.375000
21
94.396161
31
0.0
0
LINE
8
VISIBLE
10
43.375000
20
92.070312
30
0.0
11
43.375000
21
94.396161
31
0.0
0
LINE
8
VISIBLE
10
43.375000
20
94.396161
30
0.0
11
43.375000
21
95.955360
31
0.0
0
LINE
8
VISIBLE
10
56.103665
20
92.476795
30
0.0
11
56.103665
21
94.799302
31
0.0
0
LINE
8
VISIBLE
10
46.232131
20
96.789028
30
0.0
11
50.099494
21
95.972507
31
0.0
0
LINE
8
VISIBLE
10
50.099494
20
95.972507
30
0.0
11
56.103665
21
92.476795
31
0.0
0
LINE
8
VISIBLE
10
42.875000
20
49.643561
30
0.0
11
56.103665
21
49.085521
31
0.0
0
LINE
8
VISIBLE
10
56.103665
20
43.660000
30
0.0
11
56.103665
21
49.085521
31
0.0
0
LINE
8
VISIBLE
10
43.375000
20
43.660000
30
0.0
11
56.103665
21
43.660000
31
0.0
0
LINE
8
VISIBLE
10
42.875000
20
49.643561
30
0.0
11
42.875000
21
48.978246
31
0.0
0
LINE
8
VISIBLE
10
42.875000
20
50.302468
30
0.0
11
42.875000
21
49.643561
31
0.0
0
LINE
8
VISIBLE
10
43.375000
20
55.561526
30
0.0
11
56.103665
21
54.458792
31
0.0
0
LINE
8
VISIBLE
10
56.103665
20
49.085521
30
0.0
11
56.103665
21
54.458792
31
0.0
0
LINE
8
VISIBLE
10
42.875000
20
61.380738
30
0.0
11
56.103665
21
59.728064
31
0.0
0
LINE
8
VISIBLE
10
56.103665
20
54.458792
30
0.0
11
56.103665
21
59.728064
31
0.0
0
LINE
8
VISIBLE
10
42.875000
20
61.380738
30
0.0
11
42.875000
21
60.734583
31
0.0
0
LINE
8
VISIBLE
10
42.875000
20
62.007917
30
0.0
11
42.875000
21
61.380738
31
0.0
0
LINE
8
VISIBLE
10
43.375000
20
67.005684
30
0.0
11
56.103665
21
64.842592
31
0.0
0
LINE
8
VISIBLE
10
56.103665
20
59.728064
30
0.0
11
56.103665
21
64.842592
31
0.0
0
LINE
8
VISIBLE
10
42.875000
20
72.436917
30
0.0
11
49.942783
21
71.653836
31
0.0
0
LINE
8
VISIBLE
10
49.942783
20
71.653836
30
0.0
11
56.103665
21
69.753121
31
0.0
0
LINE
8
VISIBLE
10
56.103665
20
64.842592
30
0.0
11
56.103665
21
69.753121
31
0.0
0
LINE
8
VISIBLE
10
42.875000
20
72.436917
30
0.0
11
42.875000
21
71.834754
31
0.0
0
LINE
8
VISIBLE
10
42.875000
20
73.008264
30
0.0
11
42.875000
21
72.436917
31
0.0
0
LINE
8
VISIBLE
10
43.375000
20
77.552680
30
0.0
11
52.165585
21
76.032980
31
0.0
0
LINE
8
VISIBLE
10
52.165585
20
76.032980
30
0.0
11
56.103665
21
74.412358
31
0.0
0
LINE
8
VISIBLE
10
56.103665
20
69.753121
30
0.0
11
56.103665
21
74.412358
31
0.0
0
LINE
8
VISIBLE
10
42.875000
20
82.387215
30
0.0
11
51.248226
21
80.942737
31
0.0
0
LINE
8
VISIBLE
10
51.248226
20
80.942737
30
0.0
11
56.103665
21
78.775433
31
0.0
0
LINE
8
VISIBLE
10
56.103665
20
74.412358
30
0.0
11
56.103665
21
78.775433
31
0.0
0
LINE
8
VISIBLE
10
42.875000
20
82.387215
30
0.0
11
42.875000
21
81.852184
31
0.0
0
LINE
8
VISIBLE
10
42.875000
20
82.880775
30
0.0
11
42.875000
21
82.387215
31
0.0
0
LINE
8
VISIBLE
10
43.375000
20
86.797199
30
0.0
11
51.272771
21
85.207124
31
0.0
0
LINE
8
VISIBLE
10
51.272771
20
85.207124
30
0.0
11
56.103665
21
82.800327
31
0.0
0
LINE
8
VISIBLE
10
56.103665
20
78.775433
30
0.0
11
56.103665
21
82.800327
31
0.0
0
LINE
8
VISIBLE
10
42.875000
20
90.849248
30
0.0
11
50.540529
21
89.357406
31
0.0
0
LINE
8
VISIBLE
10
50.540529
20
89.357406
30
0.0
11
56.103665
21
86.448279
31
0.0
0
LINE
8
VISIBLE
10
56.103665
20
82.800327
30
0.0
11
56.103665
21
86.448279
31
0.0
0
LINE
8
VISIBLE
10
42.875000
20
90.849248
30
0.0
11
42.875000
21
90.401910
31
0.0
0
LINE
8
VISIBLE
10
42.875000
20
91.246053
30
0.0
11
42.875000
21
90.849248
31
0.0
0
LINE
8
VISIBLE
10
43.375000
20
94.383980
30
0.0
11
50.717494
21
92.743621
31
0.0
0
LINE
8
VISIBLE
10
50.717494
20
92.743621
30
0.0
11
56.103665
21
89.684156
31
0.0
0
LINE
8
VISIBLE
10
56.103665
20
86.448279
30
0.0
11
56.103665
21
89.684156
31
0.0
0
LINE
8
VISIBLE
10
56.103665
20
89.684156
30
0.0
11
56.103665
21
92.476795
31
0.0
0
LINE
8
VISIBLE
10
56.103665
20
18.000134
30
0.0
11
56.103665
21
43.660000
31
0.0
0
LINE
8
VISIBLE
10
56.103907
20
24.964811
30
0.0
11
56.103689
21
21.695000
31
0.0
0
LINE
8
VISIBLE
10
56.103747
20
24.966601
30
0.0
11
56.103907
21
24.964811
31
0.0
0
LINE
8
VISIBLE
10
56.103665
20
24.966603
30
0.0
11
56.103747
21
24.966601
31
0.0
0
LINE
8
VISIBLE
10
56.104149
20
28.696319
30
0.0
11
56.103747
21
24.966601
31
0.0
0
LINE
8
VISIBLE
10
56.103908
20
28.699093
30
0.0
11
56.104149
21
28.696319
31
0.0
0
LINE
8
VISIBLE
10
56.103665
20
28.699102
30
0.0
11
56.103908
21
28.699093
31
0.0
0
LINE
8
VISIBLE
10
56.103955
20
29.020000
30
0.0
11
56.103908
21
28.699093
31
0.0
0
LINE
8
VISIBLE
10
56.110976
20
67.904088
30
0.0
11
56.109626
21
65.370000
31
0.0
0
LINE
8
VISIBLE
10
56.109935
20
67.916477
30
0.0
11
56.110976
21
67.904088
31
0.0
0
LINE
8
VISIBLE
10
56.103665
20
67.917420
30
0.0
11
56.109935
21
67.916477
31
0.0
0
LINE
8
VISIBLE
10
56.112097
20
71.569599
30
0.0
11
56.109935
21
67.916477
31
0.0
0
LINE
8
VISIBLE
10
56.110975
20
71.582597
30
0.0
11
56.112097
21
71.569599
31
0.0
0
LINE
8
VISIBLE
10
56.103665
20
71.583743
30
0.0
11
56.110975
21
71.582597
31
0.0
0
LINE
8
VISIBLE
10
56.111706
20
72.695000
30
0.0
11
56.110975
21
71.582597
31
0.0
0
LINE
8
VISIBLE
10
56.103665
20
29.020000
30
0.0
11
57.875000
21
29.020000
31
0.0
0
CIRCLE
8
SECTION
10
56.000000
20
58.000000
30
0.0
40
40.000000
0
LINE
8
DIM
10
231.339244
20
150.585674
30
0.0
11
231.339244
21
137.785674
31
0.0
0
LINE
8
DIM
10
287.339244
20
150.585674
30
0.0
11
287.339244
21
137.785674
31
0.0
0
LINE
8
DIM
10
231.339244
20
139.785674
30
0.0
11
287.339244
21
139.785674
31
0.0
0
SOLID
8
DIM
10
231.339244
20
139.785674
30
0.0
11
234.539244
21
139.177674
31
0.0
12
234.539244
22
140.393674
32
0.0
13
234.539244
23
140.393674
33
0.0
0
SOLID
8
DIM
10
287.339244
20
139.785674
30
0.0
11
284.139244
21
140.393674
31
0.0
12
284.139244
22
139.177674
32
0.0
13
284.139244
23
139.177674
33
0.0
0
TEXT
8
TEXT
10
259.339244
20
140.785674
30
0.0
40
2.5000
1
28.00
72
1
73
0
11
259.339244
21
140.785674
31
0.0
0
LINE
8
DIM
10
230.139244
20
151.785674
30
0.0
11
217.339244
21
151.785674
31
0.0
0
LINE
8
DIM
10
230.139244
20
273.767814
30
0.0
11
217.339244
21
273.767814
31
0.0
0
LINE
8
DIM
10
219.339244
20
151.785674
30
0.0
11
219.339244
21
273.767814
31
0.0
0
SOLID
8
DIM
10
219.339244
20
151.785674
30
0.0
11
219.947244
21
154.985674
31
0.0
12
218.731244
22
154.985674
32
0.0
13
218.731244
23
154.985674
33
0.0
0
SOLID
8
DIM
10
219.339244
20
273.767814
30
0.0
11
218.731244
21
270.567814
31
0.0
12
219.947244
22
270.567814
32
0.0
13
219.947244
23
270.567814
33
0.0
0
TEXT
8
TEXT
10
218.339244
20
212.776744
30
0.0
40
2.5000
1
60.99
50
90.0000
72
1
73
0
11
218.339244
21
212.776744
31
0.0
0
LINE
8
DIM
10
286.139244
20
176.185631
30
0.0
11
210.339244
21
176.185631
31
0.0
0
LINE
8
DIM
10
274.139244
20
263.739631
30
0.0
11
210.339244
21
263.739631
31
0.0
0
LINE
8
DIM
10
212.339244
20
176.185631
30
0.0
11
212.339244
21
263.739631
31
0.0
0
SOLID
8
DIM
10
212.339244
20
176.185631
30
0.0
11
212.947244
21
179.385631
31
0.0
12
211.731244
22
179.385631
32
0.0
13
211.731244
23
179.385631
33
0.0
0
SOLID
8
DIM
10
212.339244
20
263.739631
30
0.0
11
211.731244
21
260.539631
31
0.0
12
212.947244
22
260.539631
32
0.0
13
212.947244
23
260.539631
33
0.0
0
TEXT
8
TEXT
10
211.339244
20
219.962631
30
0.0
40
2.5000
1
43.78
50
90.0000
72
1
73
0
11
211.339244
21
219.962631
31
0.0
0
TEXT
8
TEXT
10
259.339244
20
127.785674
30
0.0
40
4.0000
1
FRONT VIEW
72
1
73
0
11
259.339244
21
127.785674
31
0.0
0
LINE
8
TEXT
10
247.339244
20
126.185674
30
0.0
11
271.339244
21
126.185674
31
0.0
0
TEXT
8
TEXT
10
259.339244
20
121.785674
30
0.0
40
2.4000
1
-X →   Z ↑
72
1
73
0
11
259.339244
21
121.785674
31
0.0
0
LINE
8
DIM
10
231.339244
20
345.692814
30
0.0
11
231.339244
21
323.892814
31
0.0
0
LINE
8
DIM
10
287.339244
20
345.692814
30
0.0
11
287.339244
21
323.892814
31
0.0
0
LINE
8
DIM
10
231.339244
20
325.892814
30
0.0
11
287.339244
21
325.892814
31
0.0
0
SOLID
8
DIM
10
231.339244
20
325.892814
30
0.0
11
234.539244
21
325.284814
31
0.0
12
234.539244
22
326.500814
32
0.0
13
234.539244
23
326.500814
33
0.0
0
SOLID
8
DIM
10
287.339244
20
325.892814
30
0.0
11
284.139244
21
326.500814
31
0.0
12
284.139244
22
325.284814
32
0.0
13
284.139244
23
325.284814
33
0.0
0
TEXT
8
TEXT
10
259.339244
20
326.892814
30
0.0
40
2.5000
1
28.00
72
1
73
0
11
259.339244
21
326.892814
31
0.0
0
LINE
8
DIM
10
230.139244
20
346.892814
30
0.0
11
208.339244
21
346.892814
31
0.0
0
LINE
8
DIM
10
230.139244
20
442.214326
30
0.0
11
208.339244
21
442.214326
31
0.0
0
LINE
8
DIM
10
210.339244
20
346.892814
30
0.0
11
210.339244
21
442.214326
31
0.0
0
SOLID
8
DIM
10
210.339244
20
346.892814
30
0.0
11
210.947244
21
350.092814
31
0.0
12
209.731244
22
350.092814
32
0.0
13
209.731244
23
350.092814
33
0.0
0
SOLID
8
DIM
10
210.339244
20
442.214326
30
0.0
11
209.731244
21
439.014326
31
0.0
12
210.947244
22
439.014326
32
0.0
13
210.947244
23
439.014326
33
0.0
0
TEXT
8
TEXT
10
209.339244
20
394.553570
30
0.0
40
2.5000
1
47.66
50
90.0000
72
1
73
0
11
209.339244
21
394.553570
31
0.0
0
TEXT
8
TEXT
10
259.339244
20
313.892814
30
0.0
40
4.0000
1
TOP VIEW
72
1
73
0
11
259.339244
21
313.892814
31
0.0
0
LINE
8
TEXT
10
249.739244
20
312.292814
30
0.0
11
268.939244
21
312.292814
31
0.0
0
TEXT
8
TEXT
10
259.339244
20
307.892814
30
0.0
40
2.4000
1
X →   Y ↑
72
1
73
0
11
259.339244
21
307.892814
31
0.0
0
LINE
8
CENTER
10
342.756756
20
247.739631
30
0.0
11
348.526756
21
247.739631
31
0.0
0
LINE
8
CENTER
10
350.926756
20
247.739631
30
0.0
11
356.696756
21
247.739631
31
0.0
0
LINE
8
CENTER
10
349.726756
20
240.769631
30
0.0
11
349.726756
21
246.539631
31
0.0
0
LINE
8
CENTER
10
349.726756
20
248.939631
30
0.0
11
349.726756
21
254.709631
31
0.0
0
LINE
8
CENTER
10
386.756756
20
176.185631
30
0.0
11
392.526756
21
176.185631
31
0.0
0
LINE
8
CENTER
10
394.926756
20
176.185631
30
0.0
11
400.696756
21
176.185631
31
0.0
0
LINE
8
CENTER
10
393.726756
20
169.215631
30
0.0
11
393.726756
21
174.985631
31
0.0
0
LINE
8
CENTER
10
393.726756
20
177.385631
30
0.0
11
393.726756
21
183.155631
31
0.0
0
LINE
8
DIM
10
325.339244
20
150.585674
30
0.0
11
325.339244
21
137.785674
31
0.0
0
LINE
8
DIM
10
420.660756
20
150.585674
30
0.0
11
420.660756
21
137.785674
31
0.0
0
LINE
8
DIM
10
325.339244
20
139.785674
30
0.0
11
420.660756
21
139.785674
31
0.0
0
SOLID
8
DIM
10
325.339244
20
139.785674
30
0.0
11
328.539244
21
139.177674
31
0.0
12
328.539244
22
140.393674
32
0.0
13
328.539244
23
140.393674
33
0.0
0
SOLID
8
DIM
10
420.660756
20
139.785674
30
0.0
11
417.460756
21
140.393674
31
0.0
12
417.460756
22
139.177674
32
0.0
13
417.460756
23
139.177674
33
0.0
0
TEXT
8
TEXT
10
373.000000
20
140.785674
30
0.0
40
2.5000
1
47.66
72
1
73
0
11
373.000000
21
140.785674
31
0.0
0
LINE
8
DIM
10
324.139244
20
151.785674
30
0.0
11
311.339244
21
151.785674
31
0.0
0
LINE
8
DIM
10
324.139244
20
273.767814
30
0.0
11
311.339244
21
273.767814
31
0.0
0
LINE
8
DIM
10
313.339244
20
151.785674
30
0.0
11
313.339244
21
273.767814
31
0.0
0
SOLID
8
DIM
10
313.339244
20
151.785674
30
0.0
11
313.947244
21
154.985674
31
0.0
12
312.731244
22
154.985674
32
0.0
13
312.731244
23
154.985674
33
0.0
0
SOLID
8
DIM
10
313.339244
20
273.767814
30
0.0
11
312.731244
21
270.567814
31
0.0
12
313.947244
22
270.567814
32
0.0
13
313.947244
23
270.567814
33
0.0
0
TEXT
8
TEXT
10
312.339244
20
212.776744
30
0.0
40
2.5000
1
60.99
50
90.0000
72
1
73
0
11
312.339244
21
212.776744
31
0.0
0
LINE
8
DIM
10
325.339244
20
152.985674
30
0.0
11
325.339244
21
282.767814
31
0.0
0
LINE
8
DIM
10
349.726756
20
152.985674
30
0.0
11
349.726756
21
282.767814
31
0.0
0
LINE
8
DIM
10
325.339244
20
280.767814
30
0.0
11
349.726756
21
280.767814
31
0.0
0
SOLID
8
DIM
10
325.339244
20
280.767814
30
0.0
11
328.539244
21
280.159814
31
0.0
12
328.539244
22
281.375814
32
0.0
13
328.539244
23
281.375814
33
0.0
0
SOLID
8
DIM
10
349.726756
20
280.767814
30
0.0
11
346.526756
21
281.375814
31
0.0
12
346.526756
22
280.159814
32
0.0
13
346.526756
23
280.159814
33
0.0
0
TEXT
8
TEXT
10
337.533000
20
281.767814
30
0.0
40
2.5000
1
12.19
72
1
73
0
11
337.533000
21
281.767814
31
0.0
0
LINE
8
DIM
10
326.539244
20
151.785674
30
0.0
11
430.660756
21
151.785674
31
0.0
0
LINE
8
DIM
10
326.539244
20
247.739631
30
0.0
11
430.660756
21
247.739631
31
0.0
0
LINE
8
DIM
10
428.660756
20
151.785674
30
0.0
11
428.660756
21
247.739631
31
0.0
0
SOLID
8
DIM
10
428.660756
20
151.785674
30
0.0
11
429.268756
21
154.985674
31
0.0
12
428.052756
22
154.985674
32
0.0
13
428.052756
23
154.985674
33
0.0
0
SOLID
8
DIM
10
428.660756
20
247.739631
30
0.0
11
428.052756
21
244.539631
31
0.0
12
429.268756
22
244.539631
32
0.0
13
429.268756
23
244.539631
33
0.0
0
TEXT
8
TEXT
10
427.660756
20
199.762653
30
0.0
40
2.5000
1
47.98
50
90.0000
72
1
73
0
11
427.660756
21
199.762653
31
0.0
0
LINE
8
DIM
10
325.339244
20
152.985674
30
0.0
11
325.339244
21
289.267814
31
0.0
0
LINE
8
DIM
10
393.726756
20
152.985674
30
0.0
11
393.726756
21
289.267814
31
0.0
0
LINE
8
DIM
10
325.339244
20
287.267814
30
0.0
11
393.726756
21
287.267814
31
0.0
0
SOLID
8
DIM
10
325.339244
20
287.267814
30
0.0
11
328.539244
21
286.659814
31
0.0
12
328.539244
22
287.875814
32
0.0
13
328.539244
23
287.875814
33
0.0
0
SOLID
8
DIM
10
393.726756
20
287.267814
30
0.0
11
390.526756
21
287.875814
31
0.0
12
390.526756
22
286.659814
32
0.0
13
390.526756
23
286.659814
33
0.0
0
TEXT
8
TEXT
10
359.533000
20
288.267814
30
0.0
40
2.5000
1
34.19
72
1
73
0
11
359.533000
21
288.267814
31
0.0
0
LINE
8
DIM
10
326.539244
20
151.785674
30
0.0
11
437.160756
21
151.785674
31
0.0
0
LINE
8
DIM
10
326.539244
20
176.185631
30
0.0
11
437.160756
21
176.185631
31
0.0
0
LINE
8
DIM
10
435.160756
20
151.785674
30
0.0
11
435.160756
21
176.185631
31
0.0
0
SOLID
8
DIM
10
435.160756
20
151.785674
30
0.0
11
435.768756
21
154.985674
31
0.0
12
434.552756
22
154.985674
32
0.0
13
434.552756
23
154.985674
33
0.0
0
SOLID
8
DIM
10
435.160756
20
176.185631
30
0.0
11
434.552756
21
172.985631
31
0.0
12
435.768756
22
172.985631
32
0.0
13
435.768756
23
172.985631
33
0.0
0
TEXT
8
TEXT
10
434.160756
20
163.985653
30
0.0
40
2.5000
1
12.20
50
90.0000
72
1
73
0
11
434.160756
21
163.985653
31
0.0
0
SOLID
8
DIM
10
353.032858
20
251.971249
30
0.0
11
355.482086
21
254.118561
31
0.0
12
354.523864
22
254.867206
32
0.0
13
354.523864
23
254.867206
33
0.0
0
LINE
8
DIM
10
353.032858
20
251.971249
30
0.0
11
388.031770
21
296.767814
31
0.0
0
LINE
8
DIM
10
388.031770
20
296.767814
30
0.0
11
393.031770
21
296.767814
31
0.0
0
TEXT
8
TEXT
10
393.831770
20
297.767814
30
0.0
40
2.5000
1
2x Ø5.37 x 2.50 DP
0
SOLID
8
DIM
10
393.726756
20
168.915631
30
0.0
11
394.544249
21
165.762638
31
0.0
12
395.643674
22
166.282176
32
0.0
13
395.643674
23
166.282176
33
0.0
0
LINE
8
DIM
10
393.726756
20
168.915631
30
0.0
11
397.999274
21
159.874304
31
0.0
0
LINE
8
DIM
10
397.999274
20
159.874304
30
0.0
11
400.999274
21
159.874304
31
0.0
0
TEXT
8
TEXT
10
401.799274
20
160.874304
30
0.0
40
2.5000
1
R3.63
0
SOLID
8
DIM
10
393.726756
20
170.815631
30
0.0
11
395.843430
21
168.339878
31
0.0
12
396.603938
22
169.288711
32
0.0
13
396.603938
23
169.288711
33
0.0
0
LINE
8
DIM
10
393.726756
20
170.815631
30
0.0
11
401.529657
21
164.561453
31
0.0
0
LINE
8
DIM
10
401.529657
20
164.561453
30
0.0
11
404.529657
21
164.561453
31
0.0
0
TEXT
8
TEXT
10
405.329657
20
165.561453
30
0.0
40
2.5000
1
R2.69
0
SOLID
8
DIM
10
393.726756
20
171.765631
30
0.0
11
396.703642
21
170.443583
31
0.0
12
396.981074
22
171.627511
32
0.0
13
396.981074
23
171.627511
33
0.0
0
LINE
8
DIM
10
393.726756
20
171.765631
30
0.0
11
403.463013
21
169.484118
31
0.0
0
LINE
8
DIM
10
403.463013
20
169.484118
30
0.0
11
406.463013
21
169.484118
31
0.0
0
TEXT
8
TEXT
10
407.263013
20
170.484118
30
0.0
40
2.5000
1
R2.21
0
SOLID
8
DIM
10
393.726756
20
173.432143
30
0.0
11
391.953796
21
170.699694
31
0.0
12
393.079496
22
170.239852
32
0.0
13
393.079496
23
170.239852
33
0.0
0
LINE
8
DIM
10
393.726756
20
173.432143
30
0.0
11
389.945163
21
164.174738
31
0.0
0
LINE
8
DIM
10
389.945163
20
164.174738
30
0.0
11
386.945163
21
164.174738
31
0.0
0
TEXT
8
TEXT
10
386.145163
20
165.174738
30
0.0
40
2.5000
1
R1.38
72
2
73
0
11
386.145163
21
165.174738
31
0.0
0
SOLID
8
DIM
10
393.726756
20
173.739120
30
0.0
11
396.958264
21
174.147800
31
0.0
12
396.583191
22
175.304509
32
0.0
13
396.583191
23
175.304509
33
0.0
0
LINE
8
DIM
10
393.726756
20
173.739120
30
0.0
11
403.239166
21
176.823605
31
0.0
0
LINE
8
DIM
10
403.239166
20
176.823605
30
0.0
11
406.239166
21
176.823605
31
0.0
0
TEXT
8
TEXT
10
407.039166
20
177.823605
30
0.0
40
2.5000
1
R1.22
0
SOLID
8
DIM
10
396.070259
20
265.083134
30
0.0
11
397.917916
21
267.765638
31
0.0
12
396.805328
22
268.256356
32
0.0
13
396.805328
23
268.256356
33
0.0
0
LINE
8
DIM
10
396.070259
20
265.083134
30
0.0
11
400.105769
21
274.232705
31
0.0
0
LINE
8
DIM
10
400.105769
20
274.232705
30
0.0
11
403.105769
21
274.232705
31
0.0
0
TEXT
8
TEXT
10
403.905769
20
275.232705
30
0.0
40
2.5000
1
R0.95
0
SOLID
8
DIM
10
394.315846
20
265.487091
30
0.0
11
394.756563
21
268.714386
31
0.0
12
393.542210
22
268.651131
32
0.0
13
393.542210
23
268.651131
33
0.0
0
LINE
8
DIM
10
394.315846
20
265.487091
30
0.0
11
393.795659
21
275.473552
31
0.0
0
LINE
8
DIM
10
393.795659
20
275.473552
30
0.0
11
390.795659
21
275.473552
31
0.0
0
TEXT
8
TEXT
10
389.995659
20
276.473552
30
0.0
40
2.5000
1
R0.90
72
2
73
0
11
389.995659
21
276.473552
31
0.0
0
SOLID
8
DIM
10
394.726756
20
262.139631
30
0.0
11
397.533710
21
263.792106
31
0.0
12
396.732047
22
264.706433
32
0.0
13
396.732047
23
264.706433
33
0.0
0
LINE
8
DIM
10
394.726756
20
262.139631
30
0.0
11
402.245889
21
268.732252
31
0.0
0
LINE
8
DIM
10
402.245889
20
268.732252
30
0.0
11
405.245889
21
268.732252
31
0.0
0
TEXT
8
TEXT
10
406.045889
20
269.732252
30
0.0
40
2.5000
1
R0.80
0
TEXT
8
TEXT
10
373.000000
20
127.785674
30
0.0
40
4.0000
1
RIGHT VIEW
72
1
73
0
11
373.000000
21
127.785674
31
0.0
0
LINE
8
TEXT
10
361.000000
20
126.185674
30
0.0
11
385.000000
21
126.185674
31
0.0
0
TEXT
8
TEXT
10
373.000000
20
121.785674
30
0.0
40
2.4000
1
-Y →   Z ↑
72
1
73
0
11
373.000000
21
121.785674
31
0.0
0
LINE
8
DIM
10
463.660756
20
150.840779
30
0.0
11
463.660756
21
138.040779
31
0.0
0
LINE
8
DIM
10
519.660756
20
150.840779
30
0.0
11
519.660756
21
138.040779
31
0.0
0
LINE
8
DIM
10
463.660756
20
140.040779
30
0.0
11
519.660756
21
140.040779
31
0.0
0
SOLID
8
DIM
10
463.660756
20
140.040779
30
0.0
11
466.860756
21
139.432779
31
0.0
12
466.860756
22
140.648779
32
0.0
13
466.860756
23
140.648779
33
0.0
0
SOLID
8
DIM
10
519.660756
20
140.040779
30
0.0
11
516.460756
21
140.648779
31
0.0
12
516.460756
22
139.432779
32
0.0
13
516.460756
23
139.432779
33
0.0
0
TEXT
8
TEXT
10
491.660756
20
141.040779
30
0.0
40
2.5000
1
28.00
72
1
73
0
11
491.660756
21
141.040779
31
0.0
0
LINE
8
DIM
10
462.460756
20
152.040779
30
0.0
11
449.660756
21
152.040779
31
0.0
0
LINE
8
DIM
10
462.460756
20
273.512709
30
0.0
11
449.660756
21
273.512709
31
0.0
0
LINE
8
DIM
10
451.660756
20
152.040779
30
0.0
11
451.660756
21
273.512709
31
0.0
0
SOLID
8
DIM
10
451.660756
20
152.040779
30
0.0
11
452.268756
21
155.240779
31
0.0
12
451.052756
22
155.240779
32
0.0
13
451.052756
23
155.240779
33
0.0
0
SOLID
8
DIM
10
451.660756
20
273.512709
30
0.0
11
451.052756
21
270.312709
31
0.0
12
452.268756
22
270.312709
32
0.0
13
452.268756
23
270.312709
33
0.0
0
TEXT
8
TEXT
10
450.660756
20
212.776744
30
0.0
40
2.5000
1
60.74
50
90.0000
72
1
73
0
11
450.660756
21
212.776744
31
0.0
0
LINE
8
HATCH
10
519.660753
20
181.808709
30
0.0
11
519.660756
21
181.808712
31
0.0
0
LINE
8
HATCH
10
512.710911
20
179.101507
30
0.0
11
514.660756
21
181.051353
31
0.0
0
LINE
8
HATCH
10
515.418113
20
181.808709
30
0.0
11
517.318113
21
183.708709
31
0.0
0
LINE
8
HATCH
10
517.660756
20
184.051353
30
0.0
11
519.660756
21
186.051353
31
0.0
0
LINE
8
HATCH
10
508.261312
20
178.894549
30
0.0
11
510.225472
21
180.858709
31
0.0
0
LINE
8
HATCH
10
512.660756
20
183.293993
30
0.0
11
513.075472
21
183.708709
31
0.0
0
LINE
8
HATCH
10
517.660756
20
188.293993
30
0.0
11
519.660756
21
190.293993
31
0.0
0
LINE
8
HATCH
10
517.660756
20
192.536634
30
0.0
11
519.660756
21
194.536634
31
0.0
0
LINE
8
HATCH
10
517.660756
20
196.779275
30
0.0
11
519.660756
21
198.779275
31
0.0
0
LINE
8
HATCH
10
517.660756
20
201.021915
30
0.0
11
519.660756
21
203.021915
31
0.0
0
LINE
8
HATCH
10
517.660756
20
205.264556
30
0.0
11
519.660756
21
207.264556
31
0.0
0
LINE
8
HATCH
10
517.660756
20
209.507197
30
0.0
11
519.660756
21
211.507197
31
0.0
0
LINE
8
HATCH
10
517.660756
20
213.749837
30
0.0
11
519.660756
21
215.749837
31
0.0
0
LINE
8
HATCH
10
517.660756
20
217.992478
30
0.0
11
519.660756
21
219.992478
31
0.0
0
LINE
8
HATCH
10
517.660756
20
222.235119
30
0.0
11
519.660756
21
224.235119
31
0.0
0
LINE
8
HATCH
10
517.660756
20
226.477759
30
0.0
11
519.660756
21
228.477759
31
0.0
0
LINE
8
HATCH
10
517.317516
20
230.377160
30
0.0
11
519.660756
21
232.720400
31
0.0
0
LINE
8
HATCH
10
513.074875
20
230.377160
30
0.0
11
516.305974
21
233.608258
31
0.0
0
LINE
8
HATCH
10
517.660756
20
234.963041
30
0.0
11
519.660756
21
236.963041
31
0.0
0
LINE
8
HATCH
10
509.109470
20
230.654395
30
0.0
11
512.063333
21
233.608258
31
0.0
0
LINE
8
HATCH
10
517.660756
20
239.205681
30
0.0
11
519.660756
21
241.205681
31
0.0
0
LINE
8
HATCH
10
517.660756
20
243.448322
30
0.0
11
519.660756
21
245.448322
31
0.0
0
LINE
8
HATCH
10
517.660756
20
247.690963
30
0.0
11
519.660756
21
249.690963
31
0.0
0
LINE
8
HATCH
10
517.660756
20
251.933604
30
0.0
11
519.660756
21
253.933604
31
0.0
0
LINE
8
HATCH
10
517.660756
20
256.176244
30
0.0
11
519.660756
21
258.176244
31
0.0
0
LINE
8
HATCH
10
517.660756
20
260.418885
30
0.0
11
519.660756
21
262.418885
31
0.0
0
LINE
8
HATCH
10
515.376390
20
262.377160
30
0.0
11
518.037461
21
265.038231
31
0.0
0
LINE
8
HATCH
10
518.557594
20
265.558364
30
0.0
11
518.938382
21
265.939151
31
0.0
0
LINE
8
HATCH
10
511.280881
20
262.524291
30
0.0
11
514.364848
21
265.608258
31
0.0
0
LINE
8
HATCH
10
507.660756
20
263.146807
30
0.0
11
509.892369
21
265.378420
31
0.0
0
LINE
8
HATCH
10
517.660753
20
154.749074
30
0.0
11
517.660756
21
154.749077
31
0.0
0
LINE
8
HATCH
10
517.660756
20
154.749077
30
0.0
11
517.660765
21
154.749086
31
0.0
0
LINE
8
HATCH
10
519.489734
20
160.820696
30
0.0
11
519.660756
21
160.991718
31
0.0
0
LINE
8
HATCH
10
518.727260
20
164.300862
30
0.0
11
519.660756
21
165.234358
31
0.0
0
LINE
8
HATCH
10
517.964785
20
167.781028
30
0.0
11
519.660756
21
169.476999
31
0.0
0
LINE
8
HATCH
10
515.109826
20
169.168709
30
0.0
11
517.009826
21
171.068709
31
0.0
0
LINE
8
HATCH
10
512.660756
20
170.962280
30
0.0
11
514.660756
21
172.962280
31
0.0
0
LINE
8
HATCH
10
509.474544
20
172.018709
30
0.0
11
511.297487
21
173.841652
31
0.0
0
LINE
8
HATCH
10
516.952220
20
268.723822
30
0.0
11
516.952220
21
268.723823
31
0.0
0
LINE
8
HATCH
10
516.952220
20
268.723823
30
0.0
11
516.952221
21
268.723823
31
0.0
0
LINE
8
HATCH
10
512.920854
20
268.935097
30
0.0
11
514.014248
21
270.028491
31
0.0
0
LINE
8
HATCH
10
514.014248
20
270.028491
30
0.0
11
514.369089
21
270.383332
31
0.0
0
LINE
8
HATCH
10
508.889488
20
269.146372
30
0.0
11
510.786091
21
271.042975
31
0.0
0
LINE
8
HATCH
10
504.858122
20
269.357647
30
0.0
11
506.754726
21
271.254250
31
0.0
0
LINE
8
HATCH
10
500.826757
20
269.568921
30
0.0
11
502.723360
21
271.465525
31
0.0
0
LINE
8
HATCH
10
496.795391
20
269.780196
30
0.0
11
498.691994
21
271.676800
31
0.0
0
LINE
8
HATCH
10
492.764025
20
269.991471
30
0.0
11
494.660628
21
271.888075
31
0.0
0
LINE
8
HATCH
10
488.732659
20
270.202746
30
0.0
11
490.629263
21
272.099350
31
0.0
0
LINE
8
HATCH
10
484.701294
20
270.414021
30
0.0
11
486.597897
21
272.310624
31
0.0
0
LINE
8
HATCH
10
480.669928
20
270.625296
30
0.0
11
482.566531
21
272.521899
31
0.0
0
LINE
8
HATCH
10
476.638562
20
270.836571
30
0.0
11
478.535165
21
272.733174
31
0.0
0
LINE
8
HATCH
10
472.607196
20
271.047846
30
0.0
11
474.503800
21
272.944449
31
0.0
0
LINE
8
HATCH
10
468.575831
20
271.259121
30
0.0
11
470.472434
21
273.155724
31
0.0
0
LINE
8
HATCH
10
464.544465
20
271.470396
30
0.0
11
466.441068
21
273.366999
31
0.0
0
LINE
8
HATCH
10
516.952211
20
154.040600
30
0.0
11
516.952220
21
154.040609
31
0.0
0
LINE
8
HATCH
10
511.660756
20
152.991786
30
0.0
11
512.709579
21
154.040609
31
0.0
0
LINE
8
DIM
10
512.660756
20
172.473836
30
0.0
11
512.660756
21
282.512709
31
0.0
0
LINE
8
DIM
10
514.660756
20
172.473836
30
0.0
11
514.660756
21
282.512709
31
0.0
0
LINE
8
DIM
10
512.660756
20
280.512709
30
0.0
11
514.660756
21
280.512709
31
0.0
0
SOLID
8
DIM
10
512.660756
20
280.512709
30
0.0
11
509.460756
21
281.120709
31
0.0
12
509.460756
22
279.904709
32
0.0
13
509.460756
23
279.904709
33
0.0
0
SOLID
8
DIM
10
514.660756
20
280.512709
30
0.0
11
517.860756
21
279.904709
31
0.0
12
517.860756
22
281.120709
32
0.0
13
517.860756
23
281.120709
33
0.0
0
LINE
8
DIM
10
514.660756
20
280.512709
30
0.0
11
524.260756
21
280.512709
31
0.0
0
TEXT
8
TEXT
10
525.060756
20
280.912709
30
0.0
40
2.5000
1
1.00 WALL
0
TEXT
8
TEXT
10
491.660756
20
128.040779
30
0.0
40
4.0000
1
SECTION A-A
72
1
73
0
11
491.660756
21
128.040779
31
0.0
0
LINE
8
TEXT
10
478.460756
20
126.440779
30
0.0
11
504.860756
21
126.440779
31
0.0
0
TEXT
8
TEXT
10
786.000000
20
498.000000
30
0.0
40
4.0000
1
ISOMETRIC VIEW
72
1
73
0
11
786.000000
21
498.000000
31
0.0
0
LINE
8
TEXT
10
769.200000
20
496.400000
30
0.0
11
802.800000
21
496.400000
31
0.0
0
TEXT
8
TEXT
10
786.000000
20
492.000000
30
0.0
40
2.6000
1
28.00 x 47.66 x 60.99 mm
72
1
73
0
11
786.000000
21
492.000000
31
0.0
0
TEXT
8
TEXT
10
56.000000
20
103.000000
30
0.0
40
4.0000
1
DETAIL A
72
1
73
0
11
56.000000
21
103.000000
31
0.0
0
LINE
8
TEXT
10
46.400000
20
101.400000
30
0.0
11
65.600000
21
101.400000
31
0.0
0
TEXT
8
TEXT
10
56.000000
20
108.500000
30
0.0
40
2.8000
1
SCALE 5:1
72
1
73
0
11
56.000000
21
108.500000
31
0.0
0
LINE
8
CUT
10
222.339244
20
373.826814
30
0.0
11
236.339244
21
373.826814
31
0.0
0
LINE
8
CUTTHIN
10
236.339244
20
373.826814
30
0.0
11
282.339244
21
373.826814
31
0.0
0
LINE
8
CUT
10
282.339244
20
373.826814
30
0.0
11
296.339244
21
373.826814
31
0.0
0
LINE
8
CUT
10
222.339244
20
373.826814
30
0.0
11
222.339244
21
364.826814
31
0.0
0
SOLID
8
CUT
10
222.339244
20
364.826814
30
0.0
11
223.137244
21
369.026814
31
0.0
12
221.541244
22
369.026814
32
0.0
13
221.541244
23
369.026814
33
0.0
0
TEXT
8
TEXT
10
222.339244
20
378.826814
30
0.0
40
4.0000
1
A
72
1
73
2
11
222.339244
21
378.826814
31
0.0
0
LINE
8
CUT
10
296.339244
20
373.826814
30
0.0
11
296.339244
21
364.826814
31
0.0
0
SOLID
8
CUT
10
296.339244
20
364.826814
30
0.0
11
297.137244
21
369.026814
31
0.0
12
295.541244
22
369.026814
32
0.0
13
295.541244
23
369.026814
33
0.0
0
TEXT
8
TEXT
10
296.339244
20
378.826814
30
0.0
40
4.0000
1
A
72
1
73
2
11
296.339244
21
378.826814
31
0.0
0
CIRCLE
8
CENTER
10
284.589244
20
252.061631
30
0.0
40
16.000000
0
TEXT
8
TEXT
10
302.089244
20
269.561631
30
0.0
40
4.0000
1
A
0
LINE
8
VISIBLE
10
757.000000
20
438.177778
30
0.0
11
815.000000
21
438.177778
31
0.0
0
LINE
8
VISIBLE
10
815.000000
20
438.177778
30
0.0
11
815.000000
21
482.000000
31
0.0
0
LINE
8
VISIBLE
10
815.000000
20
482.000000
30
0.0
11
757.000000
21
482.000000
31
0.0
0
LINE
8
VISIBLE
10
757.000000
20
482.000000
30
0.0
11
757.000000
21
438.177778
31
0.0
0
LINE
8
TITLE
10
757.000000
20
438.177778
30
0.0
11
815.000000
21
438.177778
31
0.0
0
LINE
8
TITLE
10
815.000000
20
438.177778
30
0.0
11
815.000000
21
482.000000
31
0.0
0
LINE
8
TITLE
10
815.000000
20
482.000000
30
0.0
11
757.000000
21
482.000000
31
0.0
0
LINE
8
TITLE
10
757.000000
20
482.000000
30
0.0
11
757.000000
21
438.177778
31
0.0
0
TEXT
8
TEXT
10
786.000000
20
435.577778
30
0.0
40
2.0000
1
REFERENCE RENDER (ISO2) — rendered off this solid,
72
1
73
0
11
786.000000
21
435.577778
31
0.0
0
TEXT
8
TEXT
10
786.000000
20
432.977778
30
0.0
40
2.0000
1
900 x 680 px
72
1
73
0
11
786.000000
21
432.977778
31
0.0
0
TEXT
8
TEXT
10
743.000000
20
424.177778
30
0.0
40
3.0000
1
NOTES
0
TEXT
8
TEXT
10
743.000000
20
419.577778
30
0.0
40
2.4000
1
1. ALL DIMENSIONS IN mm AND DEGREES. EVERY DIMENSION AND
0
TEXT
8
TEXT
10
743.000000
20
415.857778
30
0.0
40
2.4000
1
   EVERY HOLE CALLOUT WAS MEASURED OFF THE SOLID.
0
TEXT
8
TEXT
10
743.000000
20
412.137778
30
0.0
40
2.4000
1
2. PROCESS: FDM.
0
TEXT
8
TEXT
10
743.000000
20
408.417778
30
0.0
40
2.4000
1
3. THINNEST WALL, WHOLE SOLID (RAY MINIMUM): 0.0240 mm, AT
0
TEXT
8
TEXT
10
743.000000
20
404.697778
30
0.0
40
2.4000
1
   X=-69.125 Y=-10.700 Z=37.938 — MEASURED OVER THE WHOLE
0
TEXT
8
TEXT
10
743.000000
20
400.977778
30
0.0
40
2.4000
1
   SOLID BY RAY+EXACT AT 2.1740 mm SAMPLE SPACING (A
0
TEXT
8
TEXT
10
743.000000
20
397.257778
30
0.0
40
2.4000
1
   FEATURE NARROWER THAN THAT CAN BE MISSED). THIS IS A
0
TEXT
8
TEXT
10
743.000000
20
393.537778
30
0.0
40
2.4000
1
   DISTANCE THROUGH MATERIAL, NOT A WALL: AT AN EDGE, A
0
TEXT
8
TEXT
10
743.000000
20
389.817778
30
0.0
40
2.4000
1
   FILLET RUN-OUT OR A CHAMFER TIP IT IS REAL AND
0
TEXT
8
TEXT
10
743.000000
20
386.097778
30
0.0
40
2.4000
1
   UNPRINTABLE BY DEFINITION. DO NOT JUDGE PRINTABILITY BY
0
TEXT
8
TEXT
10
743.000000
20
382.377778
30
0.0
40
2.4000
1
   IT — THE NEXT NOTE IS THE ONE THAT DOES.
0
TEXT
8
TEXT
10
743.000000
20
378.657778
30
0.0
40
2.4000
1
4. PRINTABLE MINIMUM WALL: 0.7802 mm, AT X=-69.542
0
TEXT
8
TEXT
10
743.000000
20
374.937778
30
0.0
40
2.4000
1
   Y=16.530 Z=6.271 — MEASURED AS THE SMALLEST MEDIAN WALL
0
TEXT
8
TEXT
10
743.000000
20
371.217778
30
0.0
40
2.4000
1
   OVER A NEIGHBOURHOOD OF 6.5210 mm (>= 8 SAMPLES), RAYS
0
TEXT
8
TEXT
10
743.000000
20
367.497778
30
0.0
40
2.4000
1
   CAPPED AT 4.000 mm, BY
0
TEXT
8
TEXT
10
743.000000
20
363.777778
30
0.0
40
2.4000
1
   cecad.inspect.printable_wall_detail. AGAINST THE 0.8000
0
TEXT
8
TEXT
10
743.000000
20
360.057778
30
0.0
40
2.4000
1
   mm FLOOR (2 PERIMETERS @ 0.4 mm NOZZLE,
0
TEXT
8
TEXT
10
743.000000
20
356.337778
30
0.0
40
2.4000
1
   cecad/printed.py:801): VERDICT FAIL — THIS REGION IS
0
TEXT
8
TEXT
10
743.000000
20
352.617778
30
0.0
40
2.4000
1
   BELOW THE FLOOR AND WILL NOT PRINT SOLID: THICKEN IT,
0
TEXT
8
TEXT
10
743.000000
20
348.897778
30
0.0
40
2.4000
1
   OR PRINT WITH A SMALLER NOZZLE AND SAY SO ON THE ROUTE
0
TEXT
8
TEXT
10
743.000000
20
345.177778
30
0.0
40
2.4000
1
   CARD.
0
TEXT
8
TEXT
10
743.000000
20
341.457778
30
0.0
40
2.4000
1
5. OUTLINE COMPLEXITY: RIGHT VIEW DRAWS 732 VISIBLE EDGES
0
TEXT
8
TEXT
10
743.000000
20
337.737778
30
0.0
40
2.4000
1
   (COUNTED OFF TechDraw.projectEx; A CLEAN SHOP VIEW ON
0
TEXT
8
TEXT
10
743.000000
20
334.017778
30
0.0
40
2.4000
1
   THIS SHELF RUNS 4-131). THE EXTRA LINES ARE
0
TEXT
8
TEXT
10
743.000000
20
330.297778
30
0.0
40
2.4000
1
   CONSTRUCTION SEAMS OF THE PARAMETRIC REBUILD — SURFACE
0
TEXT
8
TEXT
10
743.000000
20
326.577778
30
0.0
40
2.4000
1
   PATCH JOINS — AND ARE NOT FEATURES TO MANUFACTURE. DO
0
TEXT
8
TEXT
10
743.000000
20
322.857778
30
0.0
40
2.4000
1
   NOT WORK TO THEM. WHAT SETTLES IT: REBUILD THE SURFACE
0
TEXT
8
TEXT
10
743.000000
20
319.137778
30
0.0
40
2.4000
1
   AS ONE SMOOTH FACE THROUGH THE SAME MEASURED TABLE
0
TEXT
8
TEXT
10
743.000000
20
315.417778
30
0.0
40
2.4000
1
   INSTEAD OF A STATION-TO-STATION LOFT, THEN REDRAW.
0
TEXT
8
TEXT
10
743.000000
20
311.697778
30
0.0
40
2.4000
1
6. GENERAL TOLERANCE CANNOT DETERMINE — SEE PRINT / DFM
0
TEXT
8
TEXT
10
743.000000
20
307.977778
30
0.0
40
2.4000
1
   NOTES UNLESS STATED.
0
TEXT
8
TEXT
10
743.000000
20
304.257778
30
0.0
40
2.4000
1
7. SECTION A-A AT Y=0.00: THINNEST MATERIAL IN THIS PLANE
0
TEXT
8
TEXT
10
743.000000
20
300.537778
30
0.0
40
2.4000
1
   ONLY 1.00 mm, AT X=-67.50, Z=-2.58 — A SCAN OF ONE CUT,
0
TEXT
8
TEXT
10
743.000000
20
296.817778
30
0.0
40
2.4000
1
   NOT THE PART MINIMUM.
0
TEXT
8
TEXT
10
743.000000
20
293.097778
30
0.0
40
2.4000
1
8. FRONT VIEW: hidden lines KEPT: without them 10 of 1632
0
TEXT
8
TEXT
10
743.000000
20
289.377778
30
0.0
40
2.4000
1
   edge samples have no ink within 0.35 mm (worst 2.000
0
TEXT
8
TEXT
10
743.000000
20
285.657778
30
0.0
40
2.4000
1
   mm) and the feature would be missing from the sheet.
0
TEXT
8
TEXT
10
743.000000
20
281.937778
30
0.0
40
2.4000
1
9. TOP VIEW: hidden lines KEPT: without them 2 of 1699
0
TEXT
8
TEXT
10
743.000000
20
278.217778
30
0.0
40
2.4000
1
   edge samples have no ink within 0.35 mm (worst 0.550
0
TEXT
8
TEXT
10
743.000000
20
274.497778
30
0.0
40
2.4000
1
   mm) and the feature would be missing from the sheet.
0
TEXT
8
TEXT
10
743.000000
20
270.777778
30
0.0
40
2.4000
1
10. RIGHT VIEW: hidden lines KEPT: without them 10 of 1725
0
TEXT
8
TEXT
10
743.000000
20
267.057778
30
0.0
40
2.4000
1
   edge samples have no ink within 0.35 mm (worst 2.648
0
TEXT
8
TEXT
10
743.000000
20
263.337778
30
0.0
40
2.4000
1
   mm) and the feature would be missing from the sheet.
0
TEXT
8
TEXT
10
743.000000
20
255.617778
30
0.0
40
3.0000
1
PRINT / DFM
0
TEXT
8
TEXT
10
743.000000
20
251.017778
30
0.0
40
2.4000
1
1. ORIENTATION: upright, Z-up (28 x 48 x 61 mm)
0
TEXT
8
TEXT
10
743.000000
20
247.297778
30
0.0
40
2.4000
1
2. THINNEST WALL, WHOLE SOLID (RAY MINIMUM): 0.0240 mm — a
0
TEXT
8
TEXT
10
743.000000
20
243.577778
30
0.0
40
2.4000
1
   distance through material, NOT a printable wall where
0
TEXT
8
TEXT
10
743.000000
20
239.857778
30
0.0
40
2.4000
1
   it falls on an edge, a fillet run-out or a chamfer tip.
0
TEXT
8
TEXT
10
743.000000
20
236.137778
30
0.0
40
2.4000
1
   Printability is judged on the next line.
0
TEXT
8
TEXT
10
743.000000
20
232.417778
30
0.0
40
2.4000
1
3. PRINTABLE MINIMUM WALL: 0.7802 mm (smallest median wall
0
TEXT
8
TEXT
10
743.000000
20
228.697778
30
0.0
40
2.4000
1
   over a 6.5210 mm neighbourhood,
0
TEXT
8
TEXT
10
743.000000
20
224.977778
30
0.0
40
2.4000
1
   cecad.inspect.printable_wall_detail) against a 0.8000
0
TEXT
8
TEXT
10
743.000000
20
221.257778
30
0.0
40
2.4000
1
   mm floor (2 perimeters @ 0.4 mm nozzle): VERDICT FAIL —
0
TEXT
8
TEXT
10
743.000000
20
217.537778
30
0.0
40
2.4000
1
   thicken this region or print it with a smaller nozzle
0
TEXT
8
TEXT
10
743.000000
20
213.817778
30
0.0
40
2.4000
1
   and say so on the route card.
0
TEXT
8
TEXT
10
743.000000
20
210.097778
30
0.0
40
2.4000
1
4. 2 horizontal bore(s) bridge at the crown: ream any
0
TEXT
8
TEXT
10
743.000000
20
206.377778
30
0.0
40
2.4000
1
   bearing or press-fit bore to size
0
TEXT
8
TEXT
10
743.000000
20
202.657778
30
0.0
40
2.4000
1
5. FILAMENT: PLA, ~5 g (modelled), 305 layers @ 0.2 mm
0
TEXT
8
TEXT
10
743.000000
20
198.937778
30
0.0
40
2.4000
1
6. TOLERANCE BASIS, IN-HOUSE: CANNOT DETERMINE. Every
0
TEXT
8
TEXT
10
743.000000
20
195.217778
30
0.0
40
2.4000
1
   Bambu on this farm records tolerance_mm: null, cite "no
0
TEXT
8
TEXT
10
743.000000
20
191.497778
30
0.0
40
2.4000
1
   coupon printed and measured on this machine"
0
TEXT
8
TEXT
10
743.000000
20
187.777778
30
0.0
40
2.4000
1
   (ce-machines/bambu-h2s-*,
0
TEXT
8
TEXT
10
743.000000
20
184.057778
30
0.0
40
2.4000
1
   bambu-h2d-*/capabilities.json, read 2026-09-02), and
0
TEXT
8
TEXT
10
743.000000
20
180.337778
30
0.0
40
2.4000
1
   Bambu Lab's own H2D Pro spec sheet carries no
0
TEXT
8
TEXT
10
743.000000
20
176.617778
30
0.0
40
2.4000
1
   dimensional-accuracy line. DIMENSIONS HERE ARE NOMINAL
0
TEXT
8
TEXT
10
743.000000
20
172.897778
30
0.0
40
2.4000
1
   AS MODELLED.
0
TEXT
8
TEXT
10
743.000000
20
169.177778
30
0.0
40
2.4000
1
7. TOLERANCE BASIS, OUTSOURCED: JLC3DP ±0.3 mm FDM
0
TEXT
8
TEXT
10
743.000000
20
165.457778
30
0.0
40
2.4000
1
   (jlc3dp.com, ce-machines/farm-jlc3dp); Hubs ±0.5%,
0
TEXT
8
TEXT
10
743.000000
20
161.737778
30
0.0
40
2.4000
1
   floor ±0.5 mm (hubs.com/3d-printing/,
0
TEXT
8
TEXT
10
743.000000
20
158.017778
30
0.0
40
2.4000
1
   ce-machines/farm-hubs). Apply the route's figure, not
0
TEXT
8
TEXT
10
743.000000
20
154.297778
30
0.0
40
2.4000
1
   both. The ±0.2 mm in cecad/machining.py fdm is a repo
0
TEXT
8
TEXT
10
743.000000
20
150.577778
30
0.0
40
2.4000
1
   planning constant with no vendor cite and is NOT used
0
TEXT
8
TEXT
10
743.000000
20
146.857778
30
0.0
40
2.4000
1
   here. One printed and measured coupon closes this note.
0
TEXT
8
TEXT
10
743.000000
20
143.137778
30
0.0
40
2.4000
1
8. NO ISO 286 CLASS IS DECLARED ON ANY BORE: FDM cannot be
0
TEXT
8
TEXT
10
743.000000
20
139.417778
30
0.0
40
2.4000
1
   sized to one (H7/p6 at Ø3 is a 0.010 mm band). REAM
0
TEXT
8
TEXT
10
743.000000
20
135.697778
30
0.0
40
2.4000
1
   bearing and press-fit bores after printing.
0
TEXT
8
TEXT
10
743.000000
20
131.977778
30
0.0
40
2.4000
1
9. ORTHOGRAPHIC VIEWS: 3 (FRONT, TOP, RIGHT) —
0
TEXT
8
TEXT
10
743.000000
20
128.257778
30
0.0
40
2.4000
1
   cecad.autosheet.choose_views ON THE 28.000 x 47.661 x
0
TEXT
8
TEXT
10
743.000000
20
124.537778
30
0.0
40
2.4000
1
   60.991 mm BBOX, THIN/LONG 0.4591. THE FULL THIRD-ANGLE
0
TEXT
8
TEXT
10
743.000000
20
120.817778
30
0.0
40
2.4000
1
   SET IS DRAWN.
0
LINE
8
FRAME
10
645.000000
20
10.000000
30
0.0
11
831.000000
21
10.000000
31
0.0
0
LINE
8
FRAME
10
831.000000
20
10.000000
30
0.0
11
831.000000
21
66.000000
31
0.0
0
LINE
8
FRAME
10
831.000000
20
66.000000
30
0.0
11
645.000000
21
66.000000
31
0.0
0
LINE
8
FRAME
10
645.000000
20
66.000000
30
0.0
11
645.000000
21
10.000000
31
0.0
0
LINE
8
TITLE
10
645.000000
20
53.000000
30
0.0
11
831.000000
21
53.000000
31
0.0
0
LINE
8
TITLE
10
645.000000
20
19.000000
30
0.0
11
831.000000
21
19.000000
31
0.0
0
LINE
8
TITLE
10
645.000000
20
27.500000
30
0.0
11
831.000000
21
27.500000
31
0.0
0
LINE
8
TITLE
10
645.000000
20
36.000000
30
0.0
11
831.000000
21
36.000000
31
0.0
0
LINE
8
TITLE
10
645.000000
20
44.500000
30
0.0
11
831.000000
21
44.500000
31
0.0
0
TEXT
8
TEXT
10
647.500000
20
59.500000
30
0.0
40
6.0000
1
MICRODUCK-UPPER-LEG-RIGHT
72
0
73
2
11
647.500000
21
59.500000
31
0.0
0
LINE
8
TITLE
10
811.000000
20
53.000000
30
0.0
11
811.000000
21
66.000000
31
0.0
0
TEXT
8
TITLE
10
821.000000
20
63.600000
30
0.0
40
1.7000
1
REV
72
1
73
0
11
821.000000
21
63.600000
31
0.0
0
TEXT
8
TEXT
10
821.000000
20
55.000000
30
0.0
40
5.2000
1
A
72
1
73
0
11
821.000000
21
55.000000
31
0.0
0
LINE
8
TITLE
10
781.000000
20
53.000000
30
0.0
11
781.000000
21
66.000000
31
0.0
0
CIRCLE
8
TITLE
10
787.500000
20
59.500000
30
0.0
40
3.500000
0
CIRCLE
8
TITLE
10
787.500000
20
59.500000
30
0.0
40
1.960000
0
LINE
8
TITLE
10
797.300000
20
56.000000
30
0.0
11
797.300000
21
63.000000
31
0.0
0
LINE
8
TITLE
10
797.300000
20
63.000000
30
0.0
11
803.250000
21
61.460000
31
0.0
0
LINE
8
TITLE
10
803.250000
20
61.460000
30
0.0
11
803.250000
21
57.540000
31
0.0
0
LINE
8
TITLE
10
803.250000
20
57.540000
30
0.0
11
797.300000
21
56.000000
31
0.0
0
LINE
8
CENTER
10
782.500000
20
59.500000
30
0.0
11
804.750000
21
59.500000
31
0.0
0
LINE
8
TITLE
10
709.000000
20
19.000000
30
0.0
11
709.000000
21
53.000000
31
0.0
0
LINE
8
TITLE
10
773.000000
20
19.000000
30
0.0
11
773.000000
21
53.000000
31
0.0
0
TEXT
8
TITLE
10
646.600000
20
50.600000
30
0.0
40
1.7000
1
MATERIAL
0
TEXT
8
TEXT
10
646.600000
20
45.900000
30
0.0
40
2.5000
1
PLA
0
TEXT
8
TITLE
10
710.600000
20
50.600000
30
0.0
40
1.7000
1
PROCESS
0
TEXT
8
TEXT
10
710.600000
20
45.900000
30
0.0
40
2.5000
1
FDM
0
TEXT
8
TITLE
10
774.600000
20
50.600000
30
0.0
40
1.7000
1
SCALE
0
TEXT
8
TEXT
10
774.600000
20
45.900000
30
0.0
40
2.5000
1
2:1
0
TEXT
8
TITLE
10
646.600000
20
42.100000
30
0.0
40
1.7000
1
CATEGORY
0
TEXT
8
TEXT
10
646.600000
20
37.400000
30
0.0
40
2.5000
1
housing
0
TEXT
8
TITLE
10
678.600000
20
42.100000
30
0.0
40
1.7000
1
GENERAL TOL
0
TEXT
8
TEXT
10
678.600000
20
37.400000
30
0.0
40
2.5000
1
CANNOT DETERMINE —~
0
LINE
8
TITLE
10
677.000000
20
36.000000
30
0.0
11
677.000000
21
44.500000
31
0.0
0
TEXT
8
TITLE
10
710.600000
20
42.100000
30
0.0
40
1.7000
1
FINISH
0
TEXT
8
TEXT
10
710.600000
20
37.400000
30
0.0
40
2.5000
1
AS PRINTED
0
TEXT
8
TITLE
10
774.600000
20
42.100000
30
0.0
40
1.7000
1
SHEET
0
TEXT
8
TEXT
10
774.600000
20
37.400000
30
0.0
40
2.5000
1
A1  1/1
0
TEXT
8
TITLE
10
646.600000
20
33.600000
30
0.0
40
1.7000
1
VOLUME (MEASURED)
0
TEXT
8
TEXT
10
646.600000
20
28.900000
30
0.0
40
2.5000
1
3.84 cm3
0
TEXT
8
TITLE
10
710.600000
20
33.600000
30
0.0
40
1.7000
1
MASS (ASSUMES PLA)
0
TEXT
8
TEXT
10
710.600000
20
28.900000
30
0.0
40
2.5000
1
4.8 g
0
TEXT
8
TITLE
10
774.600000
20
33.600000
30
0.0
40
1.7000
1
UNITS
0
TEXT
8
TEXT
10
774.600000
20
28.900000
30
0.0
40
2.5000
1
mm / deg
0
TEXT
8
TITLE
10
646.600000
20
25.100000
30
0.0
40
1.7000
1
SIZE (BBOX, MEASURED)
0
TEXT
8
TEXT
10
646.600000
20
20.400000
30
0.0
40
2.5000
1
28.00 x 47.66 x 60.99
0
TEXT
8
TITLE
10
710.600000
20
25.100000
30
0.0
40
1.7000
1
DRAWN
0
TEXT
8
TEXT
10
710.600000
20
20.400000
30
0.0
40
2.5000
1
ce-cad  2026-09-03
0
TEXT
8
TITLE
10
774.600000
20
25.100000
30
0.0
40
1.7000
1
PROJECTION
0
TEXT
8
TEXT
10
774.600000
20
20.400000
30
0.0
40
2.5000
1
THIRD ANGLE
0
TEXT
8
TITLE
10
646.600000
20
16.600000
30
0.0
40
1.7000
1
SOURCE (DESIGN FILE)
0
TEXT
8
TEXT
10
646.600000
20
11.400000
30
0.0
40
2.6000
1
ce-parts/microduck-upper-leg-right/current/cad/part.py
0
TEXT
8
TEXT
10
12.500000
20
577.500000
30
0.0
40
4.2000
1
microduck-upper-leg-right   SCALE 2:1   A1   THIRD ANGLE
0
ENDSEC
0
EOF
