0
SECTION
2
HEADER
9
$ACADVER
1
AC1009
9
$INSUNITS
70
4
9
$LTSCALE
40
1.0
9
$EXTMIN
10
0.0000
20
0.0000
30
0.0
9
$EXTMAX
10
420.0000
20
297.0000
30
0.0
0
ENDSEC
0
SECTION
2
TABLES
0
TABLE
2
LTYPE
70
4
0
LTYPE
2
CONTINUOUS
70
0
3
Solid line
72
65
73
0
40
0.0000
0
LTYPE
2
HIDDEN
70
0
3
Hidden __ __ __ __
72
65
73
2
40
3.6000
49
2.4000
49
-1.2000
0
LTYPE
2
CENTER
70
0
3
Center ____ _ ____ _
72
65
73
4
40
11.2000
49
7.0000
49
-1.4000
49
1.4000
49
-1.4000
0
LTYPE
2
PHANTOM
70
0
3
Phantom ____ _ _ ____
72
65
73
6
40
21.0000
49
11.0000
49
-2.0000
49
2.0000
49
-2.0000
49
2.0000
49
-2.0000
0
ENDTAB
0
TABLE
2
LAYER
70
12
0
LAYER
2
0
70
0
62
7
6
CONTINUOUS
0
LAYER
2
VISIBLE
70
0
62
7
6
CONTINUOUS
0
LAYER
2
SECTION
70
0
62
7
6
CONTINUOUS
0
LAYER
2
HIDDEN
70
0
62
8
6
HIDDEN
0
LAYER
2
CENTER
70
0
62
4
6
CENTER
0
LAYER
2
DIM
70
0
62
3
6
CONTINUOUS
0
LAYER
2
TEXT
70
0
62
3
6
CONTINUOUS
0
LAYER
2
HATCH
70
0
62
5
6
CONTINUOUS
0
LAYER
2
CUT
70
0
62
1
6
PHANTOM
0
LAYER
2
CUTTHIN
70
0
62
1
6
PHANTOM
0
LAYER
2
FRAME
70
0
62
7
6
CONTINUOUS
0
LAYER
2
TITLE
70
0
62
7
6
CONTINUOUS
0
ENDTAB
0
ENDSEC
0
SECTION
2
ENTITIES
0
LINE
8
TITLE
10
5.000000
20
5.000000
30
0.0
11
415.000000
21
5.000000
31
0.0
0
LINE
8
TITLE
10
415.000000
20
5.000000
30
0.0
11
415.000000
21
292.000000
31
0.0
0
LINE
8
TITLE
10
415.000000
20
292.000000
30
0.0
11
5.000000
21
292.000000
31
0.0
0
LINE
8
TITLE
10
5.000000
20
292.000000
30
0.0
11
5.000000
21
5.000000
31
0.0
0
LINE
8
FRAME
10
10.000000
20
10.000000
30
0.0
11
410.000000
21
10.000000
31
0.0
0
LINE
8
FRAME
10
410.000000
20
10.000000
30
0.0
11
410.000000
21
287.000000
31
0.0
0
LINE
8
FRAME
10
410.000000
20
287.000000
30
0.0
11
10.000000
21
287.000000
31
0.0
0
LINE
8
FRAME
10
10.000000
20
287.000000
30
0.0
11
10.000000
21
10.000000
31
0.0
0
TEXT
8
TITLE
10
60.000000
20
289.500000
30
0.0
40
2.4000
1
1
72
1
73
2
11
60.000000
21
289.500000
31
0.0
0
TEXT
8
TITLE
10
60.000000
20
7.500000
30
0.0
40
2.4000
1
1
72
1
73
2
11
60.000000
21
7.500000
31
0.0
0
TEXT
8
TITLE
10
160.000000
20
289.500000
30
0.0
40
2.4000
1
2
72
1
73
2
11
160.000000
21
289.500000
31
0.0
0
TEXT
8
TITLE
10
160.000000
20
7.500000
30
0.0
40
2.4000
1
2
72
1
73
2
11
160.000000
21
7.500000
31
0.0
0
LINE
8
TITLE
10
110.000000
20
5.000000
30
0.0
11
110.000000
21
10.000000
31
0.0
0
LINE
8
TITLE
10
110.000000
20
287.000000
30
0.0
11
110.000000
21
292.000000
31
0.0
0
TEXT
8
TITLE
10
260.000000
20
289.500000
30
0.0
40
2.4000
1
3
72
1
73
2
11
260.000000
21
289.500000
31
0.0
0
TEXT
8
TITLE
10
260.000000
20
7.500000
30
0.0
40
2.4000
1
3
72
1
73
2
11
260.000000
21
7.500000
31
0.0
0
LINE
8
TITLE
10
210.000000
20
5.000000
30
0.0
11
210.000000
21
10.000000
31
0.0
0
LINE
8
TITLE
10
210.000000
20
287.000000
30
0.0
11
210.000000
21
292.000000
31
0.0
0
TEXT
8
TITLE
10
360.000000
20
289.500000
30
0.0
40
2.4000
1
4
72
1
73
2
11
360.000000
21
289.500000
31
0.0
0
TEXT
8
TITLE
10
360.000000
20
7.500000
30
0.0
40
2.4000
1
4
72
1
73
2
11
360.000000
21
7.500000
31
0.0
0
LINE
8
TITLE
10
310.000000
20
5.000000
30
0.0
11
310.000000
21
10.000000
31
0.0
0
LINE
8
TITLE
10
310.000000
20
287.000000
30
0.0
11
310.000000
21
292.000000
31
0.0
0
TEXT
8
TITLE
10
7.500000
20
56.166667
30
0.0
40
2.4000
1
C
72
1
73
2
11
7.500000
21
56.166667
31
0.0
0
TEXT
8
TITLE
10
412.500000
20
56.166667
30
0.0
40
2.4000
1
C
72
1
73
2
11
412.500000
21
56.166667
31
0.0
0
TEXT
8
TITLE
10
7.500000
20
148.500000
30
0.0
40
2.4000
1
B
72
1
73
2
11
7.500000
21
148.500000
31
0.0
0
TEXT
8
TITLE
10
412.500000
20
148.500000
30
0.0
40
2.4000
1
B
72
1
73
2
11
412.500000
21
148.500000
31
0.0
0
LINE
8
TITLE
10
5.000000
20
102.333333
30
0.0
11
10.000000
21
102.333333
31
0.0
0
LINE
8
TITLE
10
410.000000
20
102.333333
30
0.0
11
415.000000
21
102.333333
31
0.0
0
TEXT
8
TITLE
10
7.500000
20
240.833333
30
0.0
40
2.4000
1
A
72
1
73
2
11
7.500000
21
240.833333
31
0.0
0
TEXT
8
TITLE
10
412.500000
20
240.833333
30
0.0
40
2.4000
1
A
72
1
73
2
11
412.500000
21
240.833333
31
0.0
0
LINE
8
TITLE
10
5.000000
20
194.666667
30
0.0
11
10.000000
21
194.666667
31
0.0
0
LINE
8
TITLE
10
410.000000
20
194.666667
30
0.0
11
415.000000
21
194.666667
31
0.0
0
LINE
8
VISIBLE
10
130.716500
20
90.318947
30
0.0
11
130.697285
21
90.123857
31
0.0
0
LINE
8
VISIBLE
10
130.697285
20
90.123857
30
0.0
11
130.640380
21
89.936264
31
0.0
0
LINE
8
VISIBLE
10
132.641500
20
120.718947
30
0.0
11
130.716500
21
120.718947
31
0.0
0
LINE
8
VISIBLE
10
130.640380
20
89.936264
30
0.0
11
130.547970
21
89.763377
31
0.0
0
LINE
8
VISIBLE
10
133.024183
20
120.795068
30
0.0
11
132.836590
21
120.738162
31
0.0
0
LINE
8
VISIBLE
10
133.197070
20
120.887478
30
0.0
11
133.024183
21
120.795068
31
0.0
0
LINE
8
VISIBLE
10
132.836590
20
120.738162
30
0.0
11
132.641500
21
120.718947
31
0.0
0
LINE
8
VISIBLE
10
133.348607
20
121.011841
30
0.0
11
133.197070
21
120.887478
31
0.0
0
LINE
8
VISIBLE
10
133.472970
20
121.163377
30
0.0
11
133.348607
21
121.011841
31
0.0
0
LINE
8
VISIBLE
10
133.565380
20
121.336264
30
0.0
11
133.472970
21
121.163377
31
0.0
0
LINE
8
VISIBLE
10
133.622285
20
121.523857
30
0.0
11
133.565380
21
121.336264
31
0.0
0
LINE
8
VISIBLE
10
133.641500
20
121.718947
30
0.0
11
133.622285
21
121.523857
31
0.0
0
LINE
8
VISIBLE
10
133.641500
20
127.454843
30
0.0
11
133.641500
21
121.718947
31
0.0
0
LINE
8
VISIBLE
10
130.547970
20
89.763377
30
0.0
11
130.423607
21
89.611841
31
0.0
0
LINE
8
VISIBLE
10
133.622285
20
127.649933
30
0.0
11
133.641500
21
127.454843
31
0.0
0
LINE
8
VISIBLE
10
130.423607
20
89.611841
30
0.0
11
130.272070
21
89.487478
31
0.0
0
LINE
8
VISIBLE
10
133.565380
20
127.837526
30
0.0
11
133.622285
21
127.649933
31
0.0
0
LINE
8
VISIBLE
10
130.272070
20
89.487478
30
0.0
11
130.099183
21
89.395068
31
0.0
0
LINE
8
VISIBLE
10
133.472970
20
128.010413
30
0.0
11
133.565380
21
127.837526
31
0.0
0
LINE
8
VISIBLE
10
130.099183
20
89.395068
30
0.0
11
129.911590
21
89.338162
31
0.0
0
LINE
8
VISIBLE
10
133.348607
20
128.161949
30
0.0
11
133.472970
21
128.010413
31
0.0
0
LINE
8
VISIBLE
10
129.911590
20
89.338162
30
0.0
11
129.716500
21
89.318947
31
0.0
0
LINE
8
VISIBLE
10
133.197070
20
128.286312
30
0.0
11
133.348607
21
128.161949
31
0.0
0
LINE
8
VISIBLE
10
129.716500
20
89.318947
30
0.0
11
122.766500
21
89.318947
31
0.0
0
LINE
8
VISIBLE
10
133.024183
20
128.378722
30
0.0
11
133.197070
21
128.286312
31
0.0
0
LINE
8
VISIBLE
10
132.836590
20
128.435628
30
0.0
11
133.024183
21
128.378722
31
0.0
0
LINE
8
VISIBLE
10
132.641500
20
128.454843
30
0.0
11
132.836590
21
128.435628
31
0.0
0
LINE
8
VISIBLE
10
126.016500
20
128.801993
30
0.0
11
132.641500
21
128.454843
31
0.0
0
LINE
8
VISIBLE
10
125.821410
20
128.782778
30
0.0
11
126.016500
21
128.801993
31
0.0
0
LINE
8
VISIBLE
10
125.633817
20
128.725872
30
0.0
11
125.821410
21
128.782778
31
0.0
0
LINE
8
VISIBLE
10
125.460930
20
128.633462
30
0.0
11
125.633817
21
128.725872
31
0.0
0
LINE
8
VISIBLE
10
125.309393
20
128.509099
30
0.0
11
125.460930
21
128.633462
31
0.0
0
LINE
8
VISIBLE
10
117.283500
20
89.318947
30
0.0
11
110.333500
21
89.318947
31
0.0
0
LINE
8
VISIBLE
10
125.185030
20
128.357563
30
0.0
11
125.309393
21
128.509099
31
0.0
0
LINE
8
VISIBLE
10
110.333500
20
89.318947
30
0.0
11
110.138410
21
89.338162
31
0.0
0
LINE
8
VISIBLE
10
125.092620
20
128.184676
30
0.0
11
125.185030
21
128.357563
31
0.0
0
LINE
8
VISIBLE
10
110.138410
20
89.338162
30
0.0
11
109.950817
21
89.395068
31
0.0
0
LINE
8
VISIBLE
10
125.035715
20
127.997083
30
0.0
11
125.092620
21
128.184676
31
0.0
0
LINE
8
VISIBLE
10
109.950817
20
89.395068
30
0.0
11
109.777930
21
89.487478
31
0.0
0
LINE
8
VISIBLE
10
125.016500
20
127.801993
30
0.0
11
125.035715
21
127.997083
31
0.0
0
LINE
8
VISIBLE
10
109.777930
20
89.487478
30
0.0
11
109.626393
21
89.611841
31
0.0
0
LINE
8
VISIBLE
10
125.016500
20
127.118947
30
0.0
11
125.016500
21
127.801993
31
0.0
0
LINE
8
VISIBLE
10
109.626393
20
89.611841
30
0.0
11
109.502030
21
89.763377
31
0.0
0
LINE
8
VISIBLE
10
124.999463
20
126.989538
30
0.0
11
125.016500
21
127.118947
31
0.0
0
LINE
8
VISIBLE
10
109.502030
20
89.763377
30
0.0
11
109.409620
21
89.936264
31
0.0
0
LINE
8
VISIBLE
10
124.949513
20
126.868947
30
0.0
11
124.999463
21
126.989538
31
0.0
0
LINE
8
VISIBLE
10
109.409620
20
89.936264
30
0.0
11
109.352715
21
90.123857
31
0.0
0
LINE
8
VISIBLE
10
124.870053
20
126.765394
30
0.0
11
124.949513
21
126.868947
31
0.0
0
LINE
8
VISIBLE
10
109.352715
20
90.123857
30
0.0
11
109.333500
21
90.318947
31
0.0
0
LINE
8
VISIBLE
10
124.766500
20
126.685935
30
0.0
11
124.870053
21
126.765394
31
0.0
0
LINE
8
VISIBLE
10
124.645910
20
126.635984
30
0.0
11
124.766500
21
126.685935
31
0.0
0
LINE
8
VISIBLE
10
109.333500
20
120.718947
30
0.0
11
107.408500
21
120.718947
31
0.0
0
LINE
8
VISIBLE
10
124.516500
20
126.618947
30
0.0
11
124.645910
21
126.635984
31
0.0
0
LINE
8
VISIBLE
10
107.408500
20
120.718947
30
0.0
11
107.213410
21
120.738162
31
0.0
0
LINE
8
VISIBLE
10
119.533500
20
126.618947
30
0.0
11
124.516500
21
126.618947
31
0.0
0
LINE
8
VISIBLE
10
107.213410
20
120.738162
30
0.0
11
107.025817
21
120.795068
31
0.0
0
LINE
8
VISIBLE
10
119.404090
20
126.635984
30
0.0
11
119.533500
21
126.618947
31
0.0
0
LINE
8
VISIBLE
10
107.025817
20
120.795068
30
0.0
11
106.852930
21
120.887478
31
0.0
0
LINE
8
VISIBLE
10
119.283500
20
126.685935
30
0.0
11
119.404090
21
126.635984
31
0.0
0
LINE
8
VISIBLE
10
106.852930
20
120.887478
30
0.0
11
106.701393
21
121.011841
31
0.0
0
LINE
8
VISIBLE
10
119.179947
20
126.765394
30
0.0
11
119.283500
21
126.685935
31
0.0
0
LINE
8
VISIBLE
10
106.701393
20
121.011841
30
0.0
11
106.577030
21
121.163377
31
0.0
0
LINE
8
VISIBLE
10
119.100487
20
126.868947
30
0.0
11
119.179947
21
126.765394
31
0.0
0
LINE
8
VISIBLE
10
106.577030
20
121.163377
30
0.0
11
106.484620
21
121.336264
31
0.0
0
LINE
8
VISIBLE
10
119.050537
20
126.989538
30
0.0
11
119.100487
21
126.868947
31
0.0
0
LINE
8
VISIBLE
10
106.484620
20
121.336264
30
0.0
11
106.427715
21
121.523857
31
0.0
0
LINE
8
VISIBLE
10
119.033500
20
127.118947
30
0.0
11
119.050537
21
126.989538
31
0.0
0
LINE
8
VISIBLE
10
106.427715
20
121.523857
30
0.0
11
106.408500
21
121.718947
31
0.0
0
LINE
8
VISIBLE
10
119.033500
20
128.432553
30
0.0
11
119.033500
21
127.118947
31
0.0
0
LINE
8
VISIBLE
10
106.408500
20
121.718947
30
0.0
11
106.408500
21
127.454843
31
0.0
0
LINE
8
VISIBLE
10
119.021971
20
128.549607
30
0.0
11
119.033500
21
128.432553
31
0.0
0
LINE
8
VISIBLE
10
106.408500
20
127.454843
30
0.0
11
106.427715
21
127.649933
31
0.0
0
LINE
8
VISIBLE
10
118.987828
20
128.662163
30
0.0
11
119.021971
21
128.549607
31
0.0
0
LINE
8
VISIBLE
10
106.427715
20
127.649933
30
0.0
11
106.484620
21
127.837526
31
0.0
0
LINE
8
VISIBLE
10
118.932382
20
128.765895
30
0.0
11
118.987828
21
128.662163
31
0.0
0
LINE
8
VISIBLE
10
106.484620
20
127.837526
30
0.0
11
106.577030
21
128.010413
31
0.0
0
LINE
8
VISIBLE
10
118.857764
20
128.856817
30
0.0
11
118.932382
21
128.765895
31
0.0
0
LINE
8
VISIBLE
10
106.577030
20
128.010413
30
0.0
11
106.701393
21
128.161949
31
0.0
0
LINE
8
VISIBLE
10
118.766842
20
128.931434
30
0.0
11
118.857764
21
128.856817
31
0.0
0
LINE
8
VISIBLE
10
106.701393
20
128.161949
30
0.0
11
106.852930
21
128.286312
31
0.0
0
LINE
8
VISIBLE
10
118.663110
20
128.986880
30
0.0
11
118.766842
21
128.931434
31
0.0
0
LINE
8
VISIBLE
10
106.852930
20
128.286312
30
0.0
11
107.025817
21
128.378722
31
0.0
0
LINE
8
VISIBLE
10
118.550554
20
129.021024
30
0.0
11
118.663110
21
128.986880
31
0.0
0
LINE
8
VISIBLE
10
107.025817
20
128.378722
30
0.0
11
107.213410
21
128.435628
31
0.0
0
LINE
8
VISIBLE
10
118.433500
20
129.032553
30
0.0
11
118.550554
21
129.021024
31
0.0
0
LINE
8
VISIBLE
10
107.213410
20
128.435628
30
0.0
11
107.408500
21
128.454843
31
0.0
0
LINE
8
VISIBLE
10
107.408500
20
128.454843
30
0.0
11
118.433500
21
129.032553
31
0.0
0
LINE
8
VISIBLE
10
128.699000
20
110.501947
30
0.0
11
129.716500
21
110.501947
31
0.0
0
LINE
8
VISIBLE
10
128.699000
20
110.501947
30
0.0
11
128.699000
21
114.018947
31
0.0
0
LINE
8
VISIBLE
10
128.699000
20
114.018947
30
0.0
11
129.716500
21
114.018947
31
0.0
0
LINE
8
VISIBLE
10
128.699000
20
92.151947
30
0.0
11
129.716500
21
92.151947
31
0.0
0
LINE
8
VISIBLE
10
128.699000
20
92.151947
30
0.0
11
128.699000
21
95.668947
31
0.0
0
LINE
8
VISIBLE
10
128.699000
20
95.668947
30
0.0
11
129.716500
21
95.668947
31
0.0
0
LINE
8
VISIBLE
10
110.333500
20
110.501947
30
0.0
11
111.351000
21
110.501947
31
0.0
0
LINE
8
VISIBLE
10
111.351000
20
110.501947
30
0.0
11
111.351000
21
114.018947
31
0.0
0
LINE
8
VISIBLE
10
110.333500
20
114.018947
30
0.0
11
111.351000
21
114.018947
31
0.0
0
LINE
8
VISIBLE
10
118.025000
20
104.235447
30
0.0
11
122.025000
21
104.235447
31
0.0
0
LINE
8
VISIBLE
10
118.025000
20
104.235447
30
0.0
11
118.025000
21
106.735447
31
0.0
0
LINE
8
VISIBLE
10
122.025000
20
104.235447
30
0.0
11
122.025000
21
106.735447
31
0.0
0
LINE
8
VISIBLE
10
118.025000
20
106.735447
30
0.0
11
122.025000
21
106.735447
31
0.0
0
LINE
8
VISIBLE
10
110.333500
20
92.151947
30
0.0
11
111.351000
21
92.151947
31
0.0
0
LINE
8
VISIBLE
10
111.351000
20
92.151947
30
0.0
11
111.351000
21
95.668947
31
0.0
0
LINE
8
VISIBLE
10
110.333500
20
95.668947
30
0.0
11
111.351000
21
95.668947
31
0.0
0
CIRCLE
8
VISIBLE
10
125.325000
20
92.635447
30
0.0
40
0.400000
0
CIRCLE
8
VISIBLE
10
123.750000
20
93.585447
30
0.0
40
0.400000
0
CIRCLE
8
VISIBLE
10
116.300000
20
93.585447
30
0.0
40
0.400000
0
CIRCLE
8
VISIBLE
10
114.725000
20
92.635447
30
0.0
40
0.400000
0
LINE
8
VISIBLE
10
130.716500
20
120.718947
30
0.0
11
130.716500
21
90.318947
31
0.0
0
LINE
8
VISIBLE
10
122.766500
20
89.318947
30
0.0
11
122.766500
21
94.101947
31
0.0
0
LINE
8
VISIBLE
10
122.533500
20
94.101947
30
0.0
11
122.766500
21
94.101947
31
0.0
0
LINE
8
VISIBLE
10
122.533500
20
87.467447
30
0.0
11
122.533500
21
94.101947
31
0.0
0
LINE
8
VISIBLE
10
122.533500
20
87.467447
30
0.0
11
117.516500
21
87.467447
31
0.0
0
LINE
8
VISIBLE
10
117.516500
20
87.467447
30
0.0
11
117.516500
21
94.101947
31
0.0
0
LINE
8
VISIBLE
10
117.283500
20
94.101947
30
0.0
11
117.516500
21
94.101947
31
0.0
0
LINE
8
VISIBLE
10
117.283500
20
89.318947
30
0.0
11
117.283500
21
94.101947
31
0.0
0
LINE
8
VISIBLE
10
109.333500
20
90.318947
30
0.0
11
109.333500
21
120.718947
31
0.0
0
LINE
8
VISIBLE
10
129.716500
20
110.501947
30
0.0
11
129.716500
21
114.018947
31
0.0
0
LINE
8
VISIBLE
10
129.716500
20
92.151947
30
0.0
11
129.716500
21
95.668947
31
0.0
0
LINE
8
VISIBLE
10
110.333500
20
110.501947
30
0.0
11
110.333500
21
114.018947
31
0.0
0
LINE
8
VISIBLE
10
110.333500
20
92.151947
30
0.0
11
110.333500
21
95.668947
31
0.0
0
CIRCLE
8
VISIBLE
10
125.325000
20
105.485447
30
0.0
40
0.400000
0
CIRCLE
8
VISIBLE
10
114.725000
20
105.485447
30
0.0
40
0.400000
0
CIRCLE
8
VISIBLE
10
123.750000
20
104.535447
30
0.0
40
0.400000
0
CIRCLE
8
VISIBLE
10
116.300000
20
104.535447
30
0.0
40
0.400000
0
LINE
8
VISIBLE
10
113.820445
20
120.925447
30
0.0
11
113.800000
21
120.925447
31
0.0
0
LINE
8
VISIBLE
10
126.250000
20
120.925447
30
0.0
11
126.229555
21
120.925447
31
0.0
0
LINE
8
VISIBLE
10
113.880385
20
120.925447
30
0.0
11
113.820445
21
120.925447
31
0.0
0
LINE
8
VISIBLE
10
126.229555
20
120.925447
30
0.0
11
126.169615
21
120.925447
31
0.0
0
LINE
8
VISIBLE
10
113.975736
20
120.925447
30
0.0
11
113.880385
21
120.925447
31
0.0
0
LINE
8
VISIBLE
10
126.169615
20
120.925447
30
0.0
11
126.074264
21
120.925447
31
0.0
0
LINE
8
VISIBLE
10
114.100000
20
120.925447
30
0.0
11
113.975736
21
120.925447
31
0.0
0
LINE
8
VISIBLE
10
126.074264
20
120.925447
30
0.0
11
125.950000
21
120.925447
31
0.0
0
LINE
8
VISIBLE
10
114.244709
20
120.925447
30
0.0
11
114.100000
21
120.925447
31
0.0
0
LINE
8
VISIBLE
10
125.950000
20
120.925447
30
0.0
11
125.805291
21
120.925447
31
0.0
0
LINE
8
VISIBLE
10
114.400000
20
120.925447
30
0.0
11
114.244709
21
120.925447
31
0.0
0
LINE
8
VISIBLE
10
125.805291
20
120.925447
30
0.0
11
125.650000
21
120.925447
31
0.0
0
LINE
8
VISIBLE
10
116.175000
20
120.925447
30
0.0
11
114.400000
21
120.925447
31
0.0
0
LINE
8
VISIBLE
10
125.650000
20
120.925447
30
0.0
11
123.875000
21
120.925447
31
0.0
0
LINE
8
VISIBLE
10
116.330291
20
120.925447
30
0.0
11
116.175000
21
120.925447
31
0.0
0
LINE
8
VISIBLE
10
123.875000
20
120.925447
30
0.0
11
123.719709
21
120.925447
31
0.0
0
LINE
8
VISIBLE
10
116.475000
20
120.925447
30
0.0
11
116.330291
21
120.925447
31
0.0
0
LINE
8
VISIBLE
10
123.719709
20
120.925447
30
0.0
11
123.575000
21
120.925447
31
0.0
0
LINE
8
VISIBLE
10
116.599264
20
120.925447
30
0.0
11
116.475000
21
120.925447
31
0.0
0
LINE
8
VISIBLE
10
123.575000
20
120.925447
30
0.0
11
123.450736
21
120.925447
31
0.0
0
LINE
8
VISIBLE
10
116.694615
20
120.925447
30
0.0
11
116.599264
21
120.925447
31
0.0
0
LINE
8
VISIBLE
10
123.450736
20
120.925447
30
0.0
11
123.355385
21
120.925447
31
0.0
0
LINE
8
VISIBLE
10
116.754555
20
120.925447
30
0.0
11
116.694615
21
120.925447
31
0.0
0
LINE
8
VISIBLE
10
123.355385
20
120.925447
30
0.0
11
123.295445
21
120.925447
31
0.0
0
LINE
8
VISIBLE
10
116.775000
20
120.925447
30
0.0
11
116.754555
21
120.925447
31
0.0
0
LINE
8
VISIBLE
10
123.295445
20
120.925447
30
0.0
11
123.275000
21
120.925447
31
0.0
0
LINE
8
VISIBLE
10
117.175000
20
120.925447
30
0.0
11
116.775000
21
120.925447
31
0.0
0
LINE
8
VISIBLE
10
123.275000
20
120.925447
30
0.0
11
122.875000
21
120.925447
31
0.0
0
LINE
8
VISIBLE
10
122.875000
20
120.925447
30
0.0
11
117.175000
21
120.925447
31
0.0
0
LINE
8
VISIBLE
10
113.820445
20
120.925447
30
0.0
11
113.820445
21
121.895447
31
0.0
0
LINE
8
VISIBLE
10
113.800000
20
120.925447
30
0.0
11
113.800000
21
121.895447
31
0.0
0
LINE
8
VISIBLE
10
113.820445
20
121.895447
30
0.0
11
113.800000
21
121.895447
31
0.0
0
LINE
8
VISIBLE
10
114.275000
20
122.885447
30
0.0
11
113.800000
21
122.885447
31
0.0
0
LINE
8
VISIBLE
10
114.275000
20
121.895447
30
0.0
11
114.275000
21
122.885447
31
0.0
0
LINE
8
VISIBLE
10
113.880385
20
121.895447
30
0.0
11
113.820445
21
121.895447
31
0.0
0
LINE
8
VISIBLE
10
113.975736
20
121.895447
30
0.0
11
113.880385
21
121.895447
31
0.0
0
LINE
8
VISIBLE
10
114.100000
20
121.895447
30
0.0
11
113.975736
21
121.895447
31
0.0
0
LINE
8
VISIBLE
10
114.244709
20
121.895447
30
0.0
11
114.100000
21
121.895447
31
0.0
0
LINE
8
VISIBLE
10
114.400000
20
121.895447
30
0.0
11
114.244709
21
121.895447
31
0.0
0
LINE
8
VISIBLE
10
116.175000
20
121.895447
30
0.0
11
114.400000
21
121.895447
31
0.0
0
LINE
8
VISIBLE
10
116.330291
20
121.895447
30
0.0
11
116.175000
21
121.895447
31
0.0
0
LINE
8
VISIBLE
10
116.475000
20
121.895447
30
0.0
11
116.330291
21
121.895447
31
0.0
0
LINE
8
VISIBLE
10
126.250000
20
121.895447
30
0.0
11
126.229555
21
121.895447
31
0.0
0
LINE
8
VISIBLE
10
116.599264
20
121.895447
30
0.0
11
116.475000
21
121.895447
31
0.0
0
LINE
8
VISIBLE
10
126.229555
20
121.895447
30
0.0
11
126.169615
21
121.895447
31
0.0
0
LINE
8
VISIBLE
10
116.694615
20
121.895447
30
0.0
11
116.599264
21
121.895447
31
0.0
0
LINE
8
VISIBLE
10
126.169615
20
121.895447
30
0.0
11
126.074264
21
121.895447
31
0.0
0
LINE
8
VISIBLE
10
116.754555
20
121.895447
30
0.0
11
116.694615
21
121.895447
31
0.0
0
LINE
8
VISIBLE
10
126.074264
20
121.895447
30
0.0
11
125.950000
21
121.895447
31
0.0
0
LINE
8
VISIBLE
10
116.775000
20
121.895447
30
0.0
11
116.754555
21
121.895447
31
0.0
0
LINE
8
VISIBLE
10
125.950000
20
121.895447
30
0.0
11
125.805291
21
121.895447
31
0.0
0
LINE
8
VISIBLE
10
117.175000
20
121.895447
30
0.0
11
116.775000
21
121.895447
31
0.0
0
LINE
8
VISIBLE
10
125.805291
20
121.895447
30
0.0
11
125.650000
21
121.895447
31
0.0
0
LINE
8
VISIBLE
10
122.875000
20
121.895447
30
0.0
11
117.175000
21
121.895447
31
0.0
0
LINE
8
VISIBLE
10
125.650000
20
121.895447
30
0.0
11
123.875000
21
121.895447
31
0.0
0
LINE
8
VISIBLE
10
123.275000
20
121.895447
30
0.0
11
122.875000
21
121.895447
31
0.0
0
LINE
8
VISIBLE
10
123.875000
20
121.895447
30
0.0
11
123.719709
21
121.895447
31
0.0
0
LINE
8
VISIBLE
10
123.295445
20
121.895447
30
0.0
11
123.275000
21
121.895447
31
0.0
0
LINE
8
VISIBLE
10
123.719709
20
121.895447
30
0.0
11
123.575000
21
121.895447
31
0.0
0
LINE
8
VISIBLE
10
123.355385
20
121.895447
30
0.0
11
123.295445
21
121.895447
31
0.0
0
LINE
8
VISIBLE
10
123.575000
20
121.895447
30
0.0
11
123.450736
21
121.895447
31
0.0
0
LINE
8
VISIBLE
10
123.450736
20
121.895447
30
0.0
11
123.355385
21
121.895447
31
0.0
0
LINE
8
VISIBLE
10
125.775000
20
121.895447
30
0.0
11
125.775000
21
122.885447
31
0.0
0
LINE
8
VISIBLE
10
126.250000
20
122.885447
30
0.0
11
125.775000
21
122.885447
31
0.0
0
LINE
8
VISIBLE
10
113.800000
20
121.895447
30
0.0
11
113.800000
21
122.885447
31
0.0
0
LINE
8
VISIBLE
10
126.250000
20
120.925447
30
0.0
11
126.250000
21
121.895447
31
0.0
0
LINE
8
VISIBLE
10
126.229555
20
120.925447
30
0.0
11
126.229555
21
121.895447
31
0.0
0
LINE
8
VISIBLE
10
113.880385
20
120.925447
30
0.0
11
113.880385
21
121.895447
31
0.0
0
LINE
8
VISIBLE
10
126.169615
20
120.925447
30
0.0
11
126.169615
21
121.895447
31
0.0
0
LINE
8
VISIBLE
10
113.975736
20
120.925447
30
0.0
11
113.975736
21
121.895447
31
0.0
0
LINE
8
VISIBLE
10
126.074264
20
120.925447
30
0.0
11
126.074264
21
121.895447
31
0.0
0
LINE
8
VISIBLE
10
114.100000
20
120.925447
30
0.0
11
114.100000
21
121.895447
31
0.0
0
LINE
8
VISIBLE
10
125.950000
20
120.925447
30
0.0
11
125.950000
21
121.895447
31
0.0
0
LINE
8
VISIBLE
10
114.244709
20
120.925447
30
0.0
11
114.244709
21
121.895447
31
0.0
0
LINE
8
VISIBLE
10
125.805291
20
120.925447
30
0.0
11
125.805291
21
121.895447
31
0.0
0
LINE
8
VISIBLE
10
114.400000
20
120.925447
30
0.0
11
114.400000
21
121.895447
31
0.0
0
LINE
8
VISIBLE
10
125.650000
20
120.925447
30
0.0
11
125.650000
21
121.895447
31
0.0
0
LINE
8
VISIBLE
10
116.175000
20
120.925447
30
0.0
11
116.175000
21
121.895447
31
0.0
0
LINE
8
VISIBLE
10
123.875000
20
120.925447
30
0.0
11
123.875000
21
121.895447
31
0.0
0
LINE
8
VISIBLE
10
116.330291
20
120.925447
30
0.0
11
116.330291
21
121.895447
31
0.0
0
LINE
8
VISIBLE
10
123.719709
20
120.925447
30
0.0
11
123.719709
21
121.895447
31
0.0
0
LINE
8
VISIBLE
10
116.475000
20
120.925447
30
0.0
11
116.475000
21
121.895447
31
0.0
0
LINE
8
VISIBLE
10
123.575000
20
120.925447
30
0.0
11
123.575000
21
121.895447
31
0.0
0
LINE
8
VISIBLE
10
116.599264
20
120.925447
30
0.0
11
116.599264
21
121.895447
31
0.0
0
LINE
8
VISIBLE
10
123.450736
20
120.925447
30
0.0
11
123.450736
21
121.895447
31
0.0
0
LINE
8
VISIBLE
10
116.694615
20
120.925447
30
0.0
11
116.694615
21
121.895447
31
0.0
0
LINE
8
VISIBLE
10
123.355385
20
120.925447
30
0.0
11
123.355385
21
121.895447
31
0.0
0
LINE
8
VISIBLE
10
116.754555
20
120.925447
30
0.0
11
116.754555
21
121.895447
31
0.0
0
LINE
8
VISIBLE
10
123.295445
20
120.925447
30
0.0
11
123.295445
21
121.895447
31
0.0
0
LINE
8
VISIBLE
10
116.775000
20
120.925447
30
0.0
11
116.775000
21
121.895447
31
0.0
0
LINE
8
VISIBLE
10
123.275000
20
120.925447
30
0.0
11
123.275000
21
121.895447
31
0.0
0
LINE
8
VISIBLE
10
117.175000
20
120.925447
30
0.0
11
117.175000
21
121.895447
31
0.0
0
LINE
8
VISIBLE
10
122.875000
20
120.925447
30
0.0
11
122.875000
21
121.895447
31
0.0
0
LINE
8
VISIBLE
10
126.250000
20
121.895447
30
0.0
11
126.250000
21
122.885447
31
0.0
0
LINE
8
VISIBLE
10
114.275000
20
106.735447
30
0.0
11
113.800000
21
106.735447
31
0.0
0
LINE
8
VISIBLE
10
114.275000
20
106.735447
30
0.0
11
114.275000
21
107.725447
31
0.0
0
LINE
8
VISIBLE
10
113.820445
20
107.725447
30
0.0
11
113.800000
21
107.725447
31
0.0
0
LINE
8
VISIBLE
10
113.880385
20
107.725447
30
0.0
11
113.820445
21
107.725447
31
0.0
0
LINE
8
VISIBLE
10
113.975736
20
107.725447
30
0.0
11
113.880385
21
107.725447
31
0.0
0
LINE
8
VISIBLE
10
114.100000
20
107.725447
30
0.0
11
113.975736
21
107.725447
31
0.0
0
LINE
8
VISIBLE
10
114.244709
20
107.725447
30
0.0
11
114.100000
21
107.725447
31
0.0
0
LINE
8
VISIBLE
10
114.400000
20
107.725447
30
0.0
11
114.244709
21
107.725447
31
0.0
0
LINE
8
VISIBLE
10
116.175000
20
107.725447
30
0.0
11
114.400000
21
107.725447
31
0.0
0
LINE
8
VISIBLE
10
116.330291
20
107.725447
30
0.0
11
116.175000
21
107.725447
31
0.0
0
LINE
8
VISIBLE
10
116.475000
20
107.725447
30
0.0
11
116.330291
21
107.725447
31
0.0
0
LINE
8
VISIBLE
10
126.250000
20
107.725447
30
0.0
11
126.229555
21
107.725447
31
0.0
0
LINE
8
VISIBLE
10
116.599264
20
107.725447
30
0.0
11
116.475000
21
107.725447
31
0.0
0
LINE
8
VISIBLE
10
126.229555
20
107.725447
30
0.0
11
126.169615
21
107.725447
31
0.0
0
LINE
8
VISIBLE
10
116.694615
20
107.725447
30
0.0
11
116.599264
21
107.725447
31
0.0
0
LINE
8
VISIBLE
10
126.169615
20
107.725447
30
0.0
11
126.074264
21
107.725447
31
0.0
0
LINE
8
VISIBLE
10
116.754555
20
107.725447
30
0.0
11
116.694615
21
107.725447
31
0.0
0
LINE
8
VISIBLE
10
126.074264
20
107.725447
30
0.0
11
125.950000
21
107.725447
31
0.0
0
LINE
8
VISIBLE
10
116.775000
20
107.725447
30
0.0
11
116.754555
21
107.725447
31
0.0
0
LINE
8
VISIBLE
10
125.950000
20
107.725447
30
0.0
11
125.805291
21
107.725447
31
0.0
0
LINE
8
VISIBLE
10
117.175000
20
107.725447
30
0.0
11
116.775000
21
107.725447
31
0.0
0
LINE
8
VISIBLE
10
125.805291
20
107.725447
30
0.0
11
125.650000
21
107.725447
31
0.0
0
LINE
8
VISIBLE
10
122.875000
20
107.725447
30
0.0
11
117.175000
21
107.725447
31
0.0
0
LINE
8
VISIBLE
10
125.650000
20
107.725447
30
0.0
11
123.875000
21
107.725447
31
0.0
0
LINE
8
VISIBLE
10
123.275000
20
107.725447
30
0.0
11
122.875000
21
107.725447
31
0.0
0
LINE
8
VISIBLE
10
123.875000
20
107.725447
30
0.0
11
123.719709
21
107.725447
31
0.0
0
LINE
8
VISIBLE
10
123.295445
20
107.725447
30
0.0
11
123.275000
21
107.725447
31
0.0
0
LINE
8
VISIBLE
10
123.719709
20
107.725447
30
0.0
11
123.575000
21
107.725447
31
0.0
0
LINE
8
VISIBLE
10
123.355385
20
107.725447
30
0.0
11
123.295445
21
107.725447
31
0.0
0
LINE
8
VISIBLE
10
123.575000
20
107.725447
30
0.0
11
123.450736
21
107.725447
31
0.0
0
LINE
8
VISIBLE
10
123.450736
20
107.725447
30
0.0
11
123.355385
21
107.725447
31
0.0
0
LINE
8
VISIBLE
10
126.250000
20
106.735447
30
0.0
11
125.775000
21
106.735447
31
0.0
0
LINE
8
VISIBLE
10
125.775000
20
106.735447
30
0.0
11
125.775000
21
107.725447
31
0.0
0
LINE
8
VISIBLE
10
113.820445
20
107.725447
30
0.0
11
113.820445
21
108.695447
31
0.0
0
LINE
8
VISIBLE
10
113.800000
20
107.725447
30
0.0
11
113.800000
21
108.695447
31
0.0
0
LINE
8
VISIBLE
10
113.820445
20
108.695447
30
0.0
11
113.800000
21
108.695447
31
0.0
0
LINE
8
VISIBLE
10
126.250000
20
108.695447
30
0.0
11
126.229555
21
108.695447
31
0.0
0
LINE
8
VISIBLE
10
113.880385
20
108.695447
30
0.0
11
113.820445
21
108.695447
31
0.0
0
LINE
8
VISIBLE
10
126.229555
20
108.695447
30
0.0
11
126.169615
21
108.695447
31
0.0
0
LINE
8
VISIBLE
10
113.975736
20
108.695447
30
0.0
11
113.880385
21
108.695447
31
0.0
0
LINE
8
VISIBLE
10
126.169615
20
108.695447
30
0.0
11
126.074264
21
108.695447
31
0.0
0
LINE
8
VISIBLE
10
114.100000
20
108.695447
30
0.0
11
113.975736
21
108.695447
31
0.0
0
LINE
8
VISIBLE
10
126.074264
20
108.695447
30
0.0
11
125.950000
21
108.695447
31
0.0
0
LINE
8
VISIBLE
10
114.244709
20
108.695447
30
0.0
11
114.100000
21
108.695447
31
0.0
0
LINE
8
VISIBLE
10
125.950000
20
108.695447
30
0.0
11
125.805291
21
108.695447
31
0.0
0
LINE
8
VISIBLE
10
114.400000
20
108.695447
30
0.0
11
114.244709
21
108.695447
31
0.0
0
LINE
8
VISIBLE
10
125.805291
20
108.695447
30
0.0
11
125.650000
21
108.695447
31
0.0
0
LINE
8
VISIBLE
10
116.175000
20
108.695447
30
0.0
11
114.400000
21
108.695447
31
0.0
0
LINE
8
VISIBLE
10
125.650000
20
108.695447
30
0.0
11
123.875000
21
108.695447
31
0.0
0
LINE
8
VISIBLE
10
116.330291
20
108.695447
30
0.0
11
116.175000
21
108.695447
31
0.0
0
LINE
8
VISIBLE
10
123.875000
20
108.695447
30
0.0
11
123.719709
21
108.695447
31
0.0
0
LINE
8
VISIBLE
10
116.475000
20
108.695447
30
0.0
11
116.330291
21
108.695447
31
0.0
0
LINE
8
VISIBLE
10
123.719709
20
108.695447
30
0.0
11
123.575000
21
108.695447
31
0.0
0
LINE
8
VISIBLE
10
116.599264
20
108.695447
30
0.0
11
116.475000
21
108.695447
31
0.0
0
LINE
8
VISIBLE
10
123.575000
20
108.695447
30
0.0
11
123.450736
21
108.695447
31
0.0
0
LINE
8
VISIBLE
10
116.694615
20
108.695447
30
0.0
11
116.599264
21
108.695447
31
0.0
0
LINE
8
VISIBLE
10
123.450736
20
108.695447
30
0.0
11
123.355385
21
108.695447
31
0.0
0
LINE
8
VISIBLE
10
116.754555
20
108.695447
30
0.0
11
116.694615
21
108.695447
31
0.0
0
LINE
8
VISIBLE
10
123.355385
20
108.695447
30
0.0
11
123.295445
21
108.695447
31
0.0
0
LINE
8
VISIBLE
10
116.775000
20
108.695447
30
0.0
11
116.754555
21
108.695447
31
0.0
0
LINE
8
VISIBLE
10
123.295445
20
108.695447
30
0.0
11
123.275000
21
108.695447
31
0.0
0
LINE
8
VISIBLE
10
117.175000
20
108.695447
30
0.0
11
116.775000
21
108.695447
31
0.0
0
LINE
8
VISIBLE
10
123.275000
20
108.695447
30
0.0
11
122.875000
21
108.695447
31
0.0
0
LINE
8
VISIBLE
10
122.875000
20
108.695447
30
0.0
11
117.175000
21
108.695447
31
0.0
0
LINE
8
VISIBLE
10
126.250000
20
107.725447
30
0.0
11
126.250000
21
108.695447
31
0.0
0
LINE
8
VISIBLE
10
126.229555
20
107.725447
30
0.0
11
126.229555
21
108.695447
31
0.0
0
LINE
8
VISIBLE
10
113.880385
20
107.725447
30
0.0
11
113.880385
21
108.695447
31
0.0
0
LINE
8
VISIBLE
10
126.169615
20
107.725447
30
0.0
11
126.169615
21
108.695447
31
0.0
0
LINE
8
VISIBLE
10
113.975736
20
107.725447
30
0.0
11
113.975736
21
108.695447
31
0.0
0
LINE
8
VISIBLE
10
126.074264
20
107.725447
30
0.0
11
126.074264
21
108.695447
31
0.0
0
LINE
8
VISIBLE
10
114.100000
20
107.725447
30
0.0
11
114.100000
21
108.695447
31
0.0
0
LINE
8
VISIBLE
10
125.950000
20
107.725447
30
0.0
11
125.950000
21
108.695447
31
0.0
0
LINE
8
VISIBLE
10
114.244709
20
107.725447
30
0.0
11
114.244709
21
108.695447
31
0.0
0
LINE
8
VISIBLE
10
125.805291
20
107.725447
30
0.0
11
125.805291
21
108.695447
31
0.0
0
LINE
8
VISIBLE
10
114.400000
20
107.725447
30
0.0
11
114.400000
21
108.695447
31
0.0
0
LINE
8
VISIBLE
10
125.650000
20
107.725447
30
0.0
11
125.650000
21
108.695447
31
0.0
0
LINE
8
VISIBLE
10
116.175000
20
107.725447
30
0.0
11
116.175000
21
108.695447
31
0.0
0
LINE
8
VISIBLE
10
123.875000
20
107.725447
30
0.0
11
123.875000
21
108.695447
31
0.0
0
LINE
8
VISIBLE
10
116.330291
20
107.725447
30
0.0
11
116.330291
21
108.695447
31
0.0
0
LINE
8
VISIBLE
10
123.719709
20
107.725447
30
0.0
11
123.719709
21
108.695447
31
0.0
0
LINE
8
VISIBLE
10
116.475000
20
107.725447
30
0.0
11
116.475000
21
108.695447
31
0.0
0
LINE
8
VISIBLE
10
123.575000
20
107.725447
30
0.0
11
123.575000
21
108.695447
31
0.0
0
LINE
8
VISIBLE
10
116.599264
20
107.725447
30
0.0
11
116.599264
21
108.695447
31
0.0
0
LINE
8
VISIBLE
10
123.450736
20
107.725447
30
0.0
11
123.450736
21
108.695447
31
0.0
0
LINE
8
VISIBLE
10
116.694615
20
107.725447
30
0.0
11
116.694615
21
108.695447
31
0.0
0
LINE
8
VISIBLE
10
123.355385
20
107.725447
30
0.0
11
123.355385
21
108.695447
31
0.0
0
LINE
8
VISIBLE
10
116.754555
20
107.725447
30
0.0
11
116.754555
21
108.695447
31
0.0
0
LINE
8
VISIBLE
10
123.295445
20
107.725447
30
0.0
11
123.295445
21
108.695447
31
0.0
0
LINE
8
VISIBLE
10
116.775000
20
107.725447
30
0.0
11
116.775000
21
108.695447
31
0.0
0
LINE
8
VISIBLE
10
123.275000
20
107.725447
30
0.0
11
123.275000
21
108.695447
31
0.0
0
LINE
8
VISIBLE
10
117.175000
20
107.725447
30
0.0
11
117.175000
21
108.695447
31
0.0
0
LINE
8
VISIBLE
10
122.875000
20
107.725447
30
0.0
11
122.875000
21
108.695447
31
0.0
0
LINE
8
VISIBLE
10
113.800000
20
106.735447
30
0.0
11
113.800000
21
107.725447
31
0.0
0
LINE
8
VISIBLE
10
126.250000
20
106.735447
30
0.0
11
126.250000
21
107.725447
31
0.0
0
LINE
8
VISIBLE
10
129.716500
20
95.599447
30
0.0
11
128.768500
21
95.599447
31
0.0
0
LINE
8
VISIBLE
10
129.716500
20
92.221447
30
0.0
11
128.768500
21
92.221447
31
0.0
0
LINE
8
VISIBLE
10
128.768500
20
92.221447
30
0.0
11
128.768500
21
95.599447
31
0.0
0
LINE
8
VISIBLE
10
129.716500
20
113.949447
30
0.0
11
128.768500
21
113.949447
31
0.0
0
LINE
8
VISIBLE
10
129.716500
20
110.571447
30
0.0
11
128.768500
21
110.571447
31
0.0
0
LINE
8
VISIBLE
10
128.768500
20
110.571447
30
0.0
11
128.768500
21
113.949447
31
0.0
0
LINE
8
VISIBLE
10
111.281500
20
95.599447
30
0.0
11
110.333500
21
95.599447
31
0.0
0
LINE
8
VISIBLE
10
111.281500
20
92.221447
30
0.0
11
110.333500
21
92.221447
31
0.0
0
LINE
8
VISIBLE
10
111.281500
20
92.221447
30
0.0
11
111.281500
21
95.599447
31
0.0
0
LINE
8
VISIBLE
10
111.281500
20
113.949447
30
0.0
11
110.333500
21
113.949447
31
0.0
0
LINE
8
VISIBLE
10
111.281500
20
110.571447
30
0.0
11
110.333500
21
110.571447
31
0.0
0
LINE
8
VISIBLE
10
111.281500
20
110.571447
30
0.0
11
111.281500
21
113.949447
31
0.0
0
LINE
8
HIDDEN
10
130.716500
20
120.718947
30
0.0
11
130.716500
21
113.985447
31
0.0
0
LINE
8
HIDDEN
10
129.716500
20
113.985447
30
0.0
11
130.716500
21
113.985447
31
0.0
0
LINE
8
HIDDEN
10
129.716500
20
113.985447
30
0.0
11
129.716500
21
114.018947
31
0.0
0
LINE
8
HIDDEN
10
129.716500
20
110.501947
30
0.0
11
129.716500
21
95.668947
31
0.0
0
LINE
8
HIDDEN
10
129.716500
20
92.151947
30
0.0
11
129.716500
21
92.185447
31
0.0
0
LINE
8
HIDDEN
10
130.716500
20
92.185447
30
0.0
11
129.716500
21
92.185447
31
0.0
0
LINE
8
HIDDEN
10
130.716500
20
92.185447
30
0.0
11
130.716500
21
90.318947
31
0.0
0
LINE
8
HIDDEN
10
117.283500
20
94.101947
30
0.0
11
122.766500
21
94.101947
31
0.0
0
LINE
8
HIDDEN
10
109.333500
20
90.318947
30
0.0
11
109.333500
21
92.185447
31
0.0
0
LINE
8
HIDDEN
10
110.333500
20
92.185447
30
0.0
11
109.333500
21
92.185447
31
0.0
0
LINE
8
HIDDEN
10
110.333500
20
92.151947
30
0.0
11
110.333500
21
92.185447
31
0.0
0
LINE
8
HIDDEN
10
110.333500
20
110.501947
30
0.0
11
110.333500
21
95.668947
31
0.0
0
LINE
8
HIDDEN
10
110.333500
20
113.985447
30
0.0
11
110.333500
21
114.018947
31
0.0
0
LINE
8
HIDDEN
10
109.333500
20
113.985447
30
0.0
11
110.333500
21
113.985447
31
0.0
0
LINE
8
HIDDEN
10
109.333500
20
113.985447
30
0.0
11
109.333500
21
120.718947
31
0.0
0
LINE
8
HIDDEN
10
132.158500
20
125.368947
30
0.0
11
132.158500
21
126.456953
31
0.0
0
LINE
8
HIDDEN
10
132.158500
20
125.368947
30
0.0
11
132.891500
21
125.368947
31
0.0
0
ARC
8
HIDDEN
10
132.525000
20
127.360447
30
0.0
40
0.975000
50
202.079791
51
247.920209
0
LINE
8
HIDDEN
10
132.891500
20
125.368947
30
0.0
11
132.891500
21
126.456953
31
0.0
0
LINE
8
HIDDEN
10
130.533500
20
126.993947
30
0.0
11
131.621505
21
126.993947
31
0.0
0
ARC
8
HIDDEN
10
132.525000
20
127.360447
30
0.0
40
0.975000
50
292.079791
51
90.000000
0
LINE
8
HIDDEN
10
130.533500
20
126.993947
30
0.0
11
130.533500
21
127.726947
31
0.0
0
ARC
8
HIDDEN
10
132.525000
20
127.360447
30
0.0
40
0.975000
50
90.000000
51
157.920209
0
LINE
8
HIDDEN
10
130.533500
20
127.726947
30
0.0
11
131.621505
21
127.726947
31
0.0
0
LINE
8
HIDDEN
10
125.533500
20
126.968947
30
0.0
11
126.516500
21
126.968947
31
0.0
0
LINE
8
HIDDEN
10
125.533500
20
126.968947
30
0.0
11
125.533500
21
128.401947
31
0.0
0
LINE
8
HIDDEN
10
126.516500
20
126.968947
30
0.0
11
126.516500
21
128.401947
31
0.0
0
LINE
8
HIDDEN
10
125.533500
20
128.401947
30
0.0
11
126.516500
21
128.401947
31
0.0
0
LINE
8
HIDDEN
10
126.782500
20
94.343947
30
0.0
11
127.517500
21
94.343947
31
0.0
0
LINE
8
HIDDEN
10
126.782500
20
94.343947
30
0.0
11
126.782500
21
111.826947
31
0.0
0
LINE
8
HIDDEN
10
127.517500
20
94.343947
30
0.0
11
127.517500
21
111.826947
31
0.0
0
LINE
8
HIDDEN
10
126.782500
20
111.826947
30
0.0
11
127.517500
21
111.826947
31
0.0
0
LINE
8
HIDDEN
10
124.747500
20
94.343947
30
0.0
11
124.747500
21
104.027678
31
0.0
0
LINE
8
HIDDEN
10
124.747500
20
94.343947
30
0.0
11
125.482500
21
94.343947
31
0.0
0
LINE
8
HIDDEN
10
124.747500
20
104.027678
30
0.0
11
124.240669
21
103.721971
31
0.0
0
LINE
8
HIDDEN
10
125.482500
20
94.343947
30
0.0
11
125.482500
21
104.471012
31
0.0
0
LINE
8
HIDDEN
10
124.240669
20
103.721971
30
0.0
11
124.013406
21
103.622695
31
0.0
0
LINE
8
HIDDEN
10
125.815669
20
104.671971
30
0.0
11
125.482500
21
104.471012
31
0.0
0
LINE
8
HIDDEN
10
124.013406
20
103.622695
30
0.0
11
123.768193
21
103.585622
31
0.0
0
LINE
8
HIDDEN
10
126.009493
20
104.826683
30
0.0
11
125.815669
21
104.671971
31
0.0
0
LINE
8
HIDDEN
10
123.768193
20
103.585622
30
0.0
11
123.521740
21
103.613277
31
0.0
0
LINE
8
HIDDEN
10
126.156670
20
105.026290
30
0.0
11
126.009493
21
104.826683
31
0.0
0
LINE
8
HIDDEN
10
123.521740
20
103.613277
30
0.0
11
123.446500
21
103.642768
31
0.0
0
LINE
8
HIDDEN
10
126.247170
20
105.257187
30
0.0
11
126.156670
21
105.026290
31
0.0
0
LINE
8
HIDDEN
10
123.446500
20
95.843947
30
0.0
11
123.446500
21
103.642768
31
0.0
0
LINE
8
HIDDEN
10
126.274826
20
105.503640
30
0.0
11
126.247170
21
105.257187
31
0.0
0
LINE
8
HIDDEN
10
122.711500
20
95.843947
30
0.0
11
123.446500
21
95.843947
31
0.0
0
LINE
8
HIDDEN
10
126.237753
20
105.748853
30
0.0
11
126.274826
21
105.503640
31
0.0
0
LINE
8
HIDDEN
10
122.711500
20
95.843947
30
0.0
11
122.711500
21
111.826947
31
0.0
0
LINE
8
HIDDEN
10
126.138477
20
105.976116
30
0.0
11
126.237753
21
105.748853
31
0.0
0
LINE
8
HIDDEN
10
122.711500
20
111.826947
30
0.0
11
123.446500
21
111.826947
31
0.0
0
LINE
8
HIDDEN
10
125.983764
20
106.169940
30
0.0
11
126.138477
21
105.976116
31
0.0
0
LINE
8
HIDDEN
10
123.446500
20
105.461819
30
0.0
11
123.446500
21
111.826947
31
0.0
0
LINE
8
HIDDEN
10
125.784157
20
106.317117
30
0.0
11
125.983764
21
106.169940
31
0.0
0
LINE
8
HIDDEN
10
123.446500
20
105.461819
30
0.0
11
124.747500
21
106.246549
31
0.0
0
LINE
8
HIDDEN
10
125.553260
20
106.407617
30
0.0
11
125.784157
21
106.317117
31
0.0
0
LINE
8
HIDDEN
10
124.747500
20
106.246549
30
0.0
11
124.747500
21
111.826947
31
0.0
0
LINE
8
HIDDEN
10
125.482500
20
106.415558
30
0.0
11
125.553260
21
106.407617
31
0.0
0
LINE
8
HIDDEN
10
124.747500
20
111.826947
30
0.0
11
125.482500
21
111.826947
31
0.0
0
LINE
8
HIDDEN
10
125.482500
20
106.415558
30
0.0
11
125.482500
21
111.826947
31
0.0
0
LINE
8
HIDDEN
10
120.675500
20
94.343947
30
0.0
11
120.675500
21
104.235447
31
0.0
0
LINE
8
HIDDEN
10
119.374500
20
104.235447
30
0.0
11
120.675500
21
104.235447
31
0.0
0
LINE
8
HIDDEN
10
119.374500
20
94.343947
30
0.0
11
119.374500
21
104.235447
31
0.0
0
LINE
8
HIDDEN
10
118.639500
20
94.343947
30
0.0
11
119.374500
21
94.343947
31
0.0
0
LINE
8
HIDDEN
10
118.639500
20
94.343947
30
0.0
11
118.639500
21
104.235447
31
0.0
0
LINE
8
HIDDEN
10
118.025000
20
104.235447
30
0.0
11
118.639500
21
104.235447
31
0.0
0
LINE
8
HIDDEN
10
118.025000
20
106.735447
30
0.0
11
118.639500
21
106.735447
31
0.0
0
LINE
8
HIDDEN
10
118.639500
20
106.735447
30
0.0
11
118.639500
21
111.826947
31
0.0
0
LINE
8
HIDDEN
10
118.639500
20
111.826947
30
0.0
11
119.374500
21
111.826947
31
0.0
0
LINE
8
HIDDEN
10
119.374500
20
106.735447
30
0.0
11
119.374500
21
111.826947
31
0.0
0
LINE
8
HIDDEN
10
119.374500
20
106.735447
30
0.0
11
120.675500
21
106.735447
31
0.0
0
LINE
8
HIDDEN
10
120.675500
20
106.735447
30
0.0
11
120.675500
21
111.826947
31
0.0
0
LINE
8
HIDDEN
10
120.675500
20
111.826947
30
0.0
11
121.410500
21
111.826947
31
0.0
0
LINE
8
HIDDEN
10
121.410500
20
106.735447
30
0.0
11
121.410500
21
111.826947
31
0.0
0
LINE
8
HIDDEN
10
121.410500
20
106.735447
30
0.0
11
122.025000
21
106.735447
31
0.0
0
LINE
8
HIDDEN
10
121.410500
20
104.235447
30
0.0
11
122.025000
21
104.235447
31
0.0
0
LINE
8
HIDDEN
10
121.410500
20
94.343947
30
0.0
11
121.410500
21
104.235447
31
0.0
0
LINE
8
HIDDEN
10
120.675500
20
94.343947
30
0.0
11
121.410500
21
94.343947
31
0.0
0
LINE
8
HIDDEN
10
125.815669
20
93.448924
30
0.0
11
126.009493
21
93.294211
31
0.0
0
LINE
8
HIDDEN
10
124.240669
20
94.398924
30
0.0
11
125.815669
21
93.448924
31
0.0
0
LINE
8
HIDDEN
10
126.009493
20
93.294211
30
0.0
11
126.156670
21
93.094605
31
0.0
0
LINE
8
HIDDEN
10
124.013406
20
94.498200
30
0.0
11
124.240669
21
94.398924
31
0.0
0
LINE
8
HIDDEN
10
126.156670
20
93.094605
30
0.0
11
126.247170
21
92.863707
31
0.0
0
LINE
8
HIDDEN
10
123.768193
20
94.535273
30
0.0
11
124.013406
21
94.498200
31
0.0
0
LINE
8
HIDDEN
10
126.247170
20
92.863707
30
0.0
11
126.274826
21
92.617254
31
0.0
0
LINE
8
HIDDEN
10
123.521740
20
94.507617
30
0.0
11
123.768193
21
94.535273
31
0.0
0
LINE
8
HIDDEN
10
126.274826
20
92.617254
30
0.0
11
126.237753
21
92.372041
31
0.0
0
LINE
8
HIDDEN
10
123.290843
20
94.417117
30
0.0
11
123.521740
21
94.507617
31
0.0
0
LINE
8
HIDDEN
10
126.237753
20
92.372041
30
0.0
11
126.138477
21
92.144779
31
0.0
0
LINE
8
HIDDEN
10
123.091236
20
94.269940
30
0.0
11
123.290843
21
94.417117
31
0.0
0
LINE
8
HIDDEN
10
126.138477
20
92.144779
30
0.0
11
125.983764
21
91.950955
31
0.0
0
LINE
8
HIDDEN
10
122.936523
20
94.076116
30
0.0
11
123.091236
21
94.269940
31
0.0
0
LINE
8
HIDDEN
10
125.983764
20
91.950955
30
0.0
11
125.784157
21
91.803778
31
0.0
0
LINE
8
HIDDEN
10
122.837247
20
93.848853
30
0.0
11
122.936523
21
94.076116
31
0.0
0
LINE
8
HIDDEN
10
125.784157
20
91.803778
30
0.0
11
125.553260
21
91.713277
31
0.0
0
LINE
8
HIDDEN
10
122.800174
20
93.603640
30
0.0
11
122.837247
21
93.848853
31
0.0
0
LINE
8
HIDDEN
10
125.553260
20
91.713277
30
0.0
11
125.306807
21
91.685622
31
0.0
0
LINE
8
HIDDEN
10
122.827830
20
93.357187
30
0.0
11
122.800174
21
93.603640
31
0.0
0
LINE
8
HIDDEN
10
125.306807
20
91.685622
30
0.0
11
125.061594
21
91.722695
31
0.0
0
LINE
8
HIDDEN
10
122.918330
20
93.126290
30
0.0
11
122.827830
21
93.357187
31
0.0
0
LINE
8
HIDDEN
10
125.061594
20
91.722695
30
0.0
11
124.834331
21
91.821971
31
0.0
0
LINE
8
HIDDEN
10
123.065507
20
92.926683
30
0.0
11
122.918330
21
93.126290
31
0.0
0
LINE
8
HIDDEN
10
124.834331
20
91.821971
30
0.0
11
123.259331
21
92.771971
31
0.0
0
LINE
8
HIDDEN
10
123.259331
20
92.771971
30
0.0
11
123.065507
21
92.926683
31
0.0
0
LINE
8
HIDDEN
10
108.533500
20
126.051947
30
0.0
11
131.516500
21
126.051947
31
0.0
0
LINE
8
HIDDEN
10
108.533500
20
126.051947
30
0.0
11
108.533500
21
125.068947
31
0.0
0
LINE
8
HIDDEN
10
131.516500
20
125.068947
30
0.0
11
131.516500
21
126.051947
31
0.0
0
LINE
8
HIDDEN
10
108.533500
20
125.068947
30
0.0
11
131.516500
21
125.068947
31
0.0
0
LINE
8
HIDDEN
10
113.533500
20
126.968947
30
0.0
11
114.516500
21
126.968947
31
0.0
0
LINE
8
HIDDEN
10
113.533500
20
126.968947
30
0.0
11
113.533500
21
128.401947
31
0.0
0
LINE
8
HIDDEN
10
114.516500
20
126.968947
30
0.0
11
114.516500
21
128.401947
31
0.0
0
LINE
8
HIDDEN
10
113.533500
20
128.401947
30
0.0
11
114.516500
21
128.401947
31
0.0
0
LINE
8
HIDDEN
10
107.158500
20
125.368947
30
0.0
11
107.158500
21
126.456953
31
0.0
0
LINE
8
HIDDEN
10
107.158500
20
125.368947
30
0.0
11
107.891500
21
125.368947
31
0.0
0
ARC
8
HIDDEN
10
107.525000
20
127.360447
30
0.0
40
0.975000
50
90.000000
51
247.920209
0
LINE
8
HIDDEN
10
107.891500
20
125.368947
30
0.0
11
107.891500
21
126.456953
31
0.0
0
ARC
8
HIDDEN
10
107.525000
20
127.360447
30
0.0
40
0.975000
50
22.079791
51
90.000000
0
ARC
8
HIDDEN
10
107.525000
20
127.360447
30
0.0
40
0.975000
50
292.079791
51
337.920209
0
LINE
8
HIDDEN
10
108.428495
20
127.726947
30
0.0
11
109.516500
21
127.726947
31
0.0
0
LINE
8
HIDDEN
10
108.428495
20
126.993947
30
0.0
11
109.516500
21
126.993947
31
0.0
0
LINE
8
HIDDEN
10
109.516500
20
126.993947
30
0.0
11
109.516500
21
127.726947
31
0.0
0
LINE
8
HIDDEN
10
116.603500
20
95.843947
30
0.0
11
116.603500
21
103.642768
31
0.0
0
LINE
8
HIDDEN
10
116.603500
20
95.843947
30
0.0
11
117.338500
21
95.843947
31
0.0
0
LINE
8
HIDDEN
10
116.603500
20
103.642768
30
0.0
11
116.528260
21
103.613277
31
0.0
0
LINE
8
HIDDEN
10
117.338500
20
95.843947
30
0.0
11
117.338500
21
111.826947
31
0.0
0
LINE
8
HIDDEN
10
116.528260
20
103.613277
30
0.0
11
116.281807
21
103.585622
31
0.0
0
LINE
8
HIDDEN
10
116.603500
20
111.826947
30
0.0
11
117.338500
21
111.826947
31
0.0
0
LINE
8
HIDDEN
10
116.281807
20
103.585622
30
0.0
11
116.036594
21
103.622695
31
0.0
0
LINE
8
HIDDEN
10
116.603500
20
105.461819
30
0.0
11
116.603500
21
111.826947
31
0.0
0
LINE
8
HIDDEN
10
116.036594
20
103.622695
30
0.0
11
115.809331
21
103.721971
31
0.0
0
LINE
8
HIDDEN
10
115.302500
20
106.246549
30
0.0
11
116.603500
21
105.461819
31
0.0
0
LINE
8
HIDDEN
10
115.809331
20
103.721971
30
0.0
11
115.302500
21
104.027678
31
0.0
0
LINE
8
HIDDEN
10
115.302500
20
106.246549
30
0.0
11
115.302500
21
111.826947
31
0.0
0
LINE
8
HIDDEN
10
115.302500
20
94.343947
30
0.0
11
115.302500
21
104.027678
31
0.0
0
LINE
8
HIDDEN
10
114.567500
20
111.826947
30
0.0
11
115.302500
21
111.826947
31
0.0
0
LINE
8
HIDDEN
10
114.567500
20
94.343947
30
0.0
11
115.302500
21
94.343947
31
0.0
0
LINE
8
HIDDEN
10
114.567500
20
106.415558
30
0.0
11
114.567500
21
111.826947
31
0.0
0
LINE
8
HIDDEN
10
114.567500
20
94.343947
30
0.0
11
114.567500
21
104.471012
31
0.0
0
LINE
8
HIDDEN
10
114.496740
20
106.407617
30
0.0
11
114.567500
21
106.415558
31
0.0
0
LINE
8
HIDDEN
10
114.567500
20
104.471012
30
0.0
11
114.234331
21
104.671971
31
0.0
0
LINE
8
HIDDEN
10
114.265843
20
106.317117
30
0.0
11
114.496740
21
106.407617
31
0.0
0
LINE
8
HIDDEN
10
114.234331
20
104.671971
30
0.0
11
114.040507
21
104.826683
31
0.0
0
LINE
8
HIDDEN
10
114.066236
20
106.169940
30
0.0
11
114.265843
21
106.317117
31
0.0
0
LINE
8
HIDDEN
10
114.040507
20
104.826683
30
0.0
11
113.893330
21
105.026290
31
0.0
0
LINE
8
HIDDEN
10
113.911523
20
105.976116
30
0.0
11
114.066236
21
106.169940
31
0.0
0
LINE
8
HIDDEN
10
113.893330
20
105.026290
30
0.0
11
113.802830
21
105.257187
31
0.0
0
LINE
8
HIDDEN
10
113.812247
20
105.748853
30
0.0
11
113.911523
21
105.976116
31
0.0
0
LINE
8
HIDDEN
10
113.802830
20
105.257187
30
0.0
11
113.775174
21
105.503640
31
0.0
0
LINE
8
HIDDEN
10
113.775174
20
105.503640
30
0.0
11
113.812247
21
105.748853
31
0.0
0
LINE
8
HIDDEN
10
115.215669
20
91.821971
30
0.0
11
114.988406
21
91.722695
31
0.0
0
LINE
8
HIDDEN
10
116.790669
20
92.771971
30
0.0
11
115.215669
21
91.821971
31
0.0
0
LINE
8
HIDDEN
10
114.988406
20
91.722695
30
0.0
11
114.743193
21
91.685622
31
0.0
0
LINE
8
HIDDEN
10
116.984493
20
92.926683
30
0.0
11
116.790669
21
92.771971
31
0.0
0
LINE
8
HIDDEN
10
114.743193
20
91.685622
30
0.0
11
114.496740
21
91.713277
31
0.0
0
LINE
8
HIDDEN
10
117.131670
20
93.126290
30
0.0
11
116.984493
21
92.926683
31
0.0
0
LINE
8
HIDDEN
10
114.496740
20
91.713277
30
0.0
11
114.265843
21
91.803778
31
0.0
0
LINE
8
HIDDEN
10
117.222170
20
93.357187
30
0.0
11
117.131670
21
93.126290
31
0.0
0
LINE
8
HIDDEN
10
114.265843
20
91.803778
30
0.0
11
114.066236
21
91.950955
31
0.0
0
LINE
8
HIDDEN
10
117.249826
20
93.603640
30
0.0
11
117.222170
21
93.357187
31
0.0
0
LINE
8
HIDDEN
10
114.066236
20
91.950955
30
0.0
11
113.911523
21
92.144779
31
0.0
0
LINE
8
HIDDEN
10
117.212753
20
93.848853
30
0.0
11
117.249826
21
93.603640
31
0.0
0
LINE
8
HIDDEN
10
113.911523
20
92.144779
30
0.0
11
113.812247
21
92.372041
31
0.0
0
LINE
8
HIDDEN
10
117.113477
20
94.076116
30
0.0
11
117.212753
21
93.848853
31
0.0
0
LINE
8
HIDDEN
10
113.812247
20
92.372041
30
0.0
11
113.775174
21
92.617254
31
0.0
0
LINE
8
HIDDEN
10
116.958764
20
94.269940
30
0.0
11
117.113477
21
94.076116
31
0.0
0
LINE
8
HIDDEN
10
113.775174
20
92.617254
30
0.0
11
113.802830
21
92.863707
31
0.0
0
LINE
8
HIDDEN
10
116.759157
20
94.417117
30
0.0
11
116.958764
21
94.269940
31
0.0
0
LINE
8
HIDDEN
10
113.802830
20
92.863707
30
0.0
11
113.893330
21
93.094605
31
0.0
0
LINE
8
HIDDEN
10
116.528260
20
94.507617
30
0.0
11
116.759157
21
94.417117
31
0.0
0
LINE
8
HIDDEN
10
113.893330
20
93.094605
30
0.0
11
114.040507
21
93.294211
31
0.0
0
LINE
8
HIDDEN
10
116.281807
20
94.535273
30
0.0
11
116.528260
21
94.507617
31
0.0
0
LINE
8
HIDDEN
10
114.040507
20
93.294211
30
0.0
11
114.234331
21
93.448924
31
0.0
0
LINE
8
HIDDEN
10
116.036594
20
94.498200
30
0.0
11
116.281807
21
94.535273
31
0.0
0
LINE
8
HIDDEN
10
114.234331
20
93.448924
30
0.0
11
115.809331
21
94.398924
31
0.0
0
LINE
8
HIDDEN
10
115.809331
20
94.398924
30
0.0
11
116.036594
21
94.498200
31
0.0
0
LINE
8
HIDDEN
10
112.532500
20
94.343947
30
0.0
11
113.267500
21
94.343947
31
0.0
0
LINE
8
HIDDEN
10
112.532500
20
94.343947
30
0.0
11
112.532500
21
111.826947
31
0.0
0
LINE
8
HIDDEN
10
113.267500
20
94.343947
30
0.0
11
113.267500
21
111.826947
31
0.0
0
LINE
8
HIDDEN
10
112.532500
20
111.826947
30
0.0
11
113.267500
21
111.826947
31
0.0
0
LINE
8
HIDDEN
10
121.410500
20
104.235447
30
0.0
11
120.675500
21
104.235447
31
0.0
0
LINE
8
HIDDEN
10
119.374500
20
104.235447
30
0.0
11
118.639500
21
104.235447
31
0.0
0
LINE
8
HIDDEN
10
121.410500
20
106.735447
30
0.0
11
120.675500
21
106.735447
31
0.0
0
LINE
8
HIDDEN
10
119.374500
20
106.735447
30
0.0
11
118.639500
21
106.735447
31
0.0
0
LINE
8
HIDDEN
10
130.716500
20
113.985447
30
0.0
11
129.716500
21
113.985447
31
0.0
0
LINE
8
HIDDEN
10
130.716500
20
92.185447
30
0.0
11
129.716500
21
92.185447
31
0.0
0
LINE
8
HIDDEN
10
110.333500
20
92.185447
30
0.0
11
109.333500
21
92.185447
31
0.0
0
LINE
8
HIDDEN
10
110.333500
20
113.985447
30
0.0
11
109.333500
21
113.985447
31
0.0
0
LINE
8
HIDDEN
10
132.158500
20
125.368947
30
0.0
11
132.158500
21
126.456953
31
0.0
0
LINE
8
HIDDEN
10
132.891500
20
125.368947
30
0.0
11
132.158500
21
125.368947
31
0.0
0
ARC
8
HIDDEN
10
132.525000
20
127.360447
30
0.0
40
0.975000
50
202.079791
51
247.920209
0
LINE
8
HIDDEN
10
132.891500
20
125.368947
30
0.0
11
132.891500
21
126.456953
31
0.0
0
LINE
8
HIDDEN
10
131.621505
20
126.993947
30
0.0
11
130.533500
21
126.993947
31
0.0
0
LINE
8
HIDDEN
10
130.533500
20
126.993947
30
0.0
11
130.533500
21
127.726947
31
0.0
0
LINE
8
HIDDEN
10
131.621505
20
127.726947
30
0.0
11
130.533500
21
127.726947
31
0.0
0
LINE
8
HIDDEN
10
126.516500
20
126.968947
30
0.0
11
125.533500
21
126.968947
31
0.0
0
LINE
8
HIDDEN
10
125.533500
20
126.968947
30
0.0
11
125.533500
21
128.401947
31
0.0
0
LINE
8
HIDDEN
10
126.516500
20
126.968947
30
0.0
11
126.516500
21
128.401947
31
0.0
0
LINE
8
HIDDEN
10
126.516500
20
128.401947
30
0.0
11
125.533500
21
128.401947
31
0.0
0
LINE
8
HIDDEN
10
127.517500
20
94.343947
30
0.0
11
126.782500
21
94.343947
31
0.0
0
LINE
8
HIDDEN
10
126.782500
20
94.343947
30
0.0
11
126.782500
21
111.826947
31
0.0
0
LINE
8
HIDDEN
10
127.517500
20
94.343947
30
0.0
11
127.517500
21
111.826947
31
0.0
0
LINE
8
HIDDEN
10
127.517500
20
111.826947
30
0.0
11
126.782500
21
111.826947
31
0.0
0
LINE
8
HIDDEN
10
124.747500
20
94.343947
30
0.0
11
124.747500
21
104.027678
31
0.0
0
LINE
8
HIDDEN
10
125.482500
20
94.343947
30
0.0
11
124.747500
21
94.343947
31
0.0
0
LINE
8
HIDDEN
10
124.747500
20
104.027678
30
0.0
11
124.240669
21
103.721971
31
0.0
0
LINE
8
HIDDEN
10
125.482500
20
94.343947
30
0.0
11
125.482500
21
104.471012
31
0.0
0
LINE
8
HIDDEN
10
124.240669
20
103.721971
30
0.0
11
124.013406
21
103.622695
31
0.0
0
LINE
8
HIDDEN
10
125.815669
20
104.671971
30
0.0
11
125.482500
21
104.471012
31
0.0
0
LINE
8
HIDDEN
10
124.013406
20
103.622695
30
0.0
11
123.768193
21
103.585622
31
0.0
0
LINE
8
HIDDEN
10
126.009493
20
104.826683
30
0.0
11
125.815669
21
104.671971
31
0.0
0
LINE
8
HIDDEN
10
123.768193
20
103.585622
30
0.0
11
123.521740
21
103.613277
31
0.0
0
LINE
8
HIDDEN
10
126.156670
20
105.026290
30
0.0
11
126.009493
21
104.826683
31
0.0
0
LINE
8
HIDDEN
10
123.521740
20
103.613277
30
0.0
11
123.446500
21
103.642768
31
0.0
0
LINE
8
HIDDEN
10
126.247170
20
105.257187
30
0.0
11
126.156670
21
105.026290
31
0.0
0
LINE
8
HIDDEN
10
123.446500
20
95.843947
30
0.0
11
123.446500
21
103.642768
31
0.0
0
LINE
8
HIDDEN
10
126.274826
20
105.503640
30
0.0
11
126.247170
21
105.257187
31
0.0
0
LINE
8
HIDDEN
10
123.446500
20
95.843947
30
0.0
11
122.711500
21
95.843947
31
0.0
0
LINE
8
HIDDEN
10
126.237753
20
105.748853
30
0.0
11
126.274826
21
105.503640
31
0.0
0
LINE
8
HIDDEN
10
122.711500
20
95.843947
30
0.0
11
122.711500
21
111.826947
31
0.0
0
LINE
8
HIDDEN
10
126.138477
20
105.976116
30
0.0
11
126.237753
21
105.748853
31
0.0
0
LINE
8
HIDDEN
10
123.446500
20
111.826947
30
0.0
11
122.711500
21
111.826947
31
0.0
0
LINE
8
HIDDEN
10
125.983764
20
106.169940
30
0.0
11
126.138477
21
105.976116
31
0.0
0
LINE
8
HIDDEN
10
123.446500
20
105.461819
30
0.0
11
123.446500
21
111.826947
31
0.0
0
LINE
8
HIDDEN
10
125.784157
20
106.317117
30
0.0
11
125.983764
21
106.169940
31
0.0
0
LINE
8
HIDDEN
10
123.446500
20
105.461819
30
0.0
11
124.747500
21
106.246549
31
0.0
0
LINE
8
HIDDEN
10
125.553260
20
106.407617
30
0.0
11
125.784157
21
106.317117
31
0.0
0
LINE
8
HIDDEN
10
124.747500
20
106.246549
30
0.0
11
124.747500
21
111.826947
31
0.0
0
LINE
8
HIDDEN
10
125.482500
20
106.415558
30
0.0
11
125.553260
21
106.407617
31
0.0
0
LINE
8
HIDDEN
10
125.482500
20
111.826947
30
0.0
11
124.747500
21
111.826947
31
0.0
0
LINE
8
HIDDEN
10
125.482500
20
106.415558
30
0.0
11
125.482500
21
111.826947
31
0.0
0
LINE
8
HIDDEN
10
120.675500
20
94.343947
30
0.0
11
120.675500
21
104.235447
31
0.0
0
LINE
8
HIDDEN
10
119.374500
20
94.343947
30
0.0
11
119.374500
21
104.235447
31
0.0
0
LINE
8
HIDDEN
10
119.374500
20
94.343947
30
0.0
11
118.639500
21
94.343947
31
0.0
0
LINE
8
HIDDEN
10
118.639500
20
94.343947
30
0.0
11
118.639500
21
104.235447
31
0.0
0
LINE
8
HIDDEN
10
118.639500
20
106.735447
30
0.0
11
118.639500
21
111.826947
31
0.0
0
LINE
8
HIDDEN
10
119.374500
20
111.826947
30
0.0
11
118.639500
21
111.826947
31
0.0
0
LINE
8
HIDDEN
10
119.374500
20
106.735447
30
0.0
11
119.374500
21
111.826947
31
0.0
0
LINE
8
HIDDEN
10
120.675500
20
106.735447
30
0.0
11
120.675500
21
111.826947
31
0.0
0
LINE
8
HIDDEN
10
121.410500
20
111.826947
30
0.0
11
120.675500
21
111.826947
31
0.0
0
LINE
8
HIDDEN
10
121.410500
20
106.735447
30
0.0
11
121.410500
21
111.826947
31
0.0
0
LINE
8
HIDDEN
10
121.410500
20
94.343947
30
0.0
11
121.410500
21
104.235447
31
0.0
0
LINE
8
HIDDEN
10
121.410500
20
94.343947
30
0.0
11
120.675500
21
94.343947
31
0.0
0
LINE
8
HIDDEN
10
125.815669
20
93.448924
30
0.0
11
126.009493
21
93.294211
31
0.0
0
LINE
8
HIDDEN
10
124.240669
20
94.398924
30
0.0
11
125.815669
21
93.448924
31
0.0
0
LINE
8
HIDDEN
10
126.009493
20
93.294211
30
0.0
11
126.156670
21
93.094605
31
0.0
0
LINE
8
HIDDEN
10
124.013406
20
94.498200
30
0.0
11
124.240669
21
94.398924
31
0.0
0
LINE
8
HIDDEN
10
126.156670
20
93.094605
30
0.0
11
126.247170
21
92.863707
31
0.0
0
LINE
8
HIDDEN
10
123.768193
20
94.535273
30
0.0
11
124.013406
21
94.498200
31
0.0
0
LINE
8
HIDDEN
10
126.247170
20
92.863707
30
0.0
11
126.274826
21
92.617254
31
0.0
0
LINE
8
HIDDEN
10
123.521740
20
94.507617
30
0.0
11
123.768193
21
94.535273
31
0.0
0
LINE
8
HIDDEN
10
126.274826
20
92.617254
30
0.0
11
126.237753
21
92.372041
31
0.0
0
LINE
8
HIDDEN
10
123.290843
20
94.417117
30
0.0
11
123.521740
21
94.507617
31
0.0
0
LINE
8
HIDDEN
10
126.237753
20
92.372041
30
0.0
11
126.138477
21
92.144779
31
0.0
0
LINE
8
HIDDEN
10
123.091236
20
94.269940
30
0.0
11
123.290843
21
94.417117
31
0.0
0
LINE
8
HIDDEN
10
126.138477
20
92.144779
30
0.0
11
125.983764
21
91.950955
31
0.0
0
LINE
8
HIDDEN
10
122.936523
20
94.076116
30
0.0
11
123.091236
21
94.269940
31
0.0
0
LINE
8
HIDDEN
10
125.983764
20
91.950955
30
0.0
11
125.784157
21
91.803778
31
0.0
0
LINE
8
HIDDEN
10
122.837247
20
93.848853
30
0.0
11
122.936523
21
94.076116
31
0.0
0
LINE
8
HIDDEN
10
125.784157
20
91.803778
30
0.0
11
125.553260
21
91.713277
31
0.0
0
LINE
8
HIDDEN
10
122.800174
20
93.603640
30
0.0
11
122.837247
21
93.848853
31
0.0
0
LINE
8
HIDDEN
10
125.553260
20
91.713277
30
0.0
11
125.306807
21
91.685622
31
0.0
0
LINE
8
HIDDEN
10
122.827830
20
93.357187
30
0.0
11
122.800174
21
93.603640
31
0.0
0
LINE
8
HIDDEN
10
125.306807
20
91.685622
30
0.0
11
125.061594
21
91.722695
31
0.0
0
LINE
8
HIDDEN
10
122.918330
20
93.126290
30
0.0
11
122.827830
21
93.357187
31
0.0
0
LINE
8
HIDDEN
10
125.061594
20
91.722695
30
0.0
11
124.834331
21
91.821971
31
0.0
0
LINE
8
HIDDEN
10
123.065507
20
92.926683
30
0.0
11
122.918330
21
93.126290
31
0.0
0
LINE
8
HIDDEN
10
124.834331
20
91.821971
30
0.0
11
123.259331
21
92.771971
31
0.0
0
LINE
8
HIDDEN
10
123.259331
20
92.771971
30
0.0
11
123.065507
21
92.926683
31
0.0
0
LINE
8
HIDDEN
10
131.223607
20
126.051947
30
0.0
11
131.347970
21
126.051947
31
0.0
0
LINE
8
HIDDEN
10
131.072070
20
126.051947
30
0.0
11
131.223607
21
126.051947
31
0.0
0
LINE
8
HIDDEN
10
130.899183
20
126.051947
30
0.0
11
131.072070
21
126.051947
31
0.0
0
LINE
8
HIDDEN
10
130.711590
20
126.051947
30
0.0
11
130.899183
21
126.051947
31
0.0
0
LINE
8
HIDDEN
10
130.516500
20
126.051947
30
0.0
11
130.711590
21
126.051947
31
0.0
0
LINE
8
HIDDEN
10
129.200000
20
126.051947
30
0.0
11
130.516500
21
126.051947
31
0.0
0
LINE
8
HIDDEN
10
129.200000
20
126.051947
30
0.0
11
127.750000
21
126.051947
31
0.0
0
LINE
8
HIDDEN
10
112.300000
20
126.051947
30
0.0
11
127.750000
21
126.051947
31
0.0
0
LINE
8
HIDDEN
10
112.300000
20
126.051947
30
0.0
11
110.850000
21
126.051947
31
0.0
0
LINE
8
HIDDEN
10
109.533500
20
126.051947
30
0.0
11
110.850000
21
126.051947
31
0.0
0
LINE
8
HIDDEN
10
109.338410
20
126.051947
30
0.0
11
109.533500
21
126.051947
31
0.0
0
LINE
8
HIDDEN
10
109.150817
20
126.051947
30
0.0
11
109.338410
21
126.051947
31
0.0
0
LINE
8
HIDDEN
10
108.977930
20
126.051947
30
0.0
11
109.150817
21
126.051947
31
0.0
0
LINE
8
HIDDEN
10
108.826393
20
126.051947
30
0.0
11
108.977930
21
126.051947
31
0.0
0
LINE
8
HIDDEN
10
108.702030
20
126.051947
30
0.0
11
108.826393
21
126.051947
31
0.0
0
LINE
8
HIDDEN
10
108.609620
20
126.051947
30
0.0
11
108.702030
21
126.051947
31
0.0
0
LINE
8
HIDDEN
10
108.552715
20
126.051947
30
0.0
11
108.609620
21
126.051947
31
0.0
0
LINE
8
HIDDEN
10
108.533500
20
126.051947
30
0.0
11
108.552715
21
126.051947
31
0.0
0
LINE
8
HIDDEN
10
131.497285
20
126.051947
30
0.0
11
131.516500
21
126.051947
31
0.0
0
LINE
8
HIDDEN
10
131.440380
20
126.051947
30
0.0
11
131.497285
21
126.051947
31
0.0
0
LINE
8
HIDDEN
10
131.347970
20
126.051947
30
0.0
11
131.440380
21
126.051947
31
0.0
0
LINE
8
HIDDEN
10
108.533500
20
125.068947
30
0.0
11
108.533500
21
126.051947
31
0.0
0
LINE
8
HIDDEN
10
131.516500
20
125.068947
30
0.0
11
131.516500
21
126.051947
31
0.0
0
LINE
8
HIDDEN
10
131.223607
20
125.068947
30
0.0
11
131.347970
21
125.068947
31
0.0
0
LINE
8
HIDDEN
10
131.072070
20
125.068947
30
0.0
11
131.223607
21
125.068947
31
0.0
0
LINE
8
HIDDEN
10
130.899183
20
125.068947
30
0.0
11
131.072070
21
125.068947
31
0.0
0
LINE
8
HIDDEN
10
130.711590
20
125.068947
30
0.0
11
130.899183
21
125.068947
31
0.0
0
LINE
8
HIDDEN
10
130.516500
20
125.068947
30
0.0
11
130.711590
21
125.068947
31
0.0
0
LINE
8
HIDDEN
10
129.200000
20
125.068947
30
0.0
11
130.516500
21
125.068947
31
0.0
0
LINE
8
HIDDEN
10
129.200000
20
125.068947
30
0.0
11
127.750000
21
125.068947
31
0.0
0
LINE
8
HIDDEN
10
112.300000
20
125.068947
30
0.0
11
127.750000
21
125.068947
31
0.0
0
LINE
8
HIDDEN
10
112.300000
20
125.068947
30
0.0
11
110.850000
21
125.068947
31
0.0
0
LINE
8
HIDDEN
10
109.533500
20
125.068947
30
0.0
11
110.850000
21
125.068947
31
0.0
0
LINE
8
HIDDEN
10
109.338410
20
125.068947
30
0.0
11
109.533500
21
125.068947
31
0.0
0
LINE
8
HIDDEN
10
109.150817
20
125.068947
30
0.0
11
109.338410
21
125.068947
31
0.0
0
LINE
8
HIDDEN
10
108.977930
20
125.068947
30
0.0
11
109.150817
21
125.068947
31
0.0
0
LINE
8
HIDDEN
10
108.826393
20
125.068947
30
0.0
11
108.977930
21
125.068947
31
0.0
0
LINE
8
HIDDEN
10
108.702030
20
125.068947
30
0.0
11
108.826393
21
125.068947
31
0.0
0
LINE
8
HIDDEN
10
108.609620
20
125.068947
30
0.0
11
108.702030
21
125.068947
31
0.0
0
LINE
8
HIDDEN
10
108.552715
20
125.068947
30
0.0
11
108.609620
21
125.068947
31
0.0
0
LINE
8
HIDDEN
10
108.533500
20
125.068947
30
0.0
11
108.552715
21
125.068947
31
0.0
0
LINE
8
HIDDEN
10
131.497285
20
125.068947
30
0.0
11
131.516500
21
125.068947
31
0.0
0
LINE
8
HIDDEN
10
131.440380
20
125.068947
30
0.0
11
131.497285
21
125.068947
31
0.0
0
LINE
8
HIDDEN
10
131.347970
20
125.068947
30
0.0
11
131.440380
21
125.068947
31
0.0
0
LINE
8
HIDDEN
10
114.516500
20
126.968947
30
0.0
11
113.533500
21
126.968947
31
0.0
0
LINE
8
HIDDEN
10
113.533500
20
126.968947
30
0.0
11
113.533500
21
128.401947
31
0.0
0
LINE
8
HIDDEN
10
114.516500
20
126.968947
30
0.0
11
114.516500
21
128.401947
31
0.0
0
LINE
8
HIDDEN
10
114.516500
20
128.401947
30
0.0
11
113.533500
21
128.401947
31
0.0
0
LINE
8
HIDDEN
10
107.158500
20
125.368947
30
0.0
11
107.158500
21
126.456953
31
0.0
0
LINE
8
HIDDEN
10
107.891500
20
125.368947
30
0.0
11
107.158500
21
125.368947
31
0.0
0
LINE
8
HIDDEN
10
107.891500
20
125.368947
30
0.0
11
107.891500
21
126.456953
31
0.0
0
ARC
8
HIDDEN
10
107.525000
20
127.360447
30
0.0
40
0.975000
50
292.079791
51
337.920209
0
LINE
8
HIDDEN
10
109.516500
20
127.726947
30
0.0
11
108.428495
21
127.726947
31
0.0
0
LINE
8
HIDDEN
10
109.516500
20
126.993947
30
0.0
11
108.428495
21
126.993947
31
0.0
0
LINE
8
HIDDEN
10
109.516500
20
126.993947
30
0.0
11
109.516500
21
127.726947
31
0.0
0
LINE
8
HIDDEN
10
116.603500
20
95.843947
30
0.0
11
116.603500
21
103.642768
31
0.0
0
LINE
8
HIDDEN
10
117.338500
20
95.843947
30
0.0
11
116.603500
21
95.843947
31
0.0
0
LINE
8
HIDDEN
10
116.603500
20
103.642768
30
0.0
11
116.528260
21
103.613277
31
0.0
0
LINE
8
HIDDEN
10
117.338500
20
95.843947
30
0.0
11
117.338500
21
111.826947
31
0.0
0
LINE
8
HIDDEN
10
116.528260
20
103.613277
30
0.0
11
116.281807
21
103.585622
31
0.0
0
LINE
8
HIDDEN
10
117.338500
20
111.826947
30
0.0
11
116.603500
21
111.826947
31
0.0
0
LINE
8
HIDDEN
10
116.281807
20
103.585622
30
0.0
11
116.036594
21
103.622695
31
0.0
0
LINE
8
HIDDEN
10
116.603500
20
105.461819
30
0.0
11
116.603500
21
111.826947
31
0.0
0
LINE
8
HIDDEN
10
116.036594
20
103.622695
30
0.0
11
115.809331
21
103.721971
31
0.0
0
LINE
8
HIDDEN
10
115.302500
20
106.246549
30
0.0
11
116.603500
21
105.461819
31
0.0
0
LINE
8
HIDDEN
10
115.809331
20
103.721971
30
0.0
11
115.302500
21
104.027678
31
0.0
0
LINE
8
HIDDEN
10
115.302500
20
106.246549
30
0.0
11
115.302500
21
111.826947
31
0.0
0
LINE
8
HIDDEN
10
115.302500
20
94.343947
30
0.0
11
115.302500
21
104.027678
31
0.0
0
LINE
8
HIDDEN
10
115.302500
20
111.826947
30
0.0
11
114.567500
21
111.826947
31
0.0
0
LINE
8
HIDDEN
10
115.302500
20
94.343947
30
0.0
11
114.567500
21
94.343947
31
0.0
0
LINE
8
HIDDEN
10
114.567500
20
106.415558
30
0.0
11
114.567500
21
111.826947
31
0.0
0
LINE
8
HIDDEN
10
114.567500
20
94.343947
30
0.0
11
114.567500
21
104.471012
31
0.0
0
LINE
8
HIDDEN
10
114.496740
20
106.407617
30
0.0
11
114.567500
21
106.415558
31
0.0
0
LINE
8
HIDDEN
10
114.567500
20
104.471012
30
0.0
11
114.234331
21
104.671971
31
0.0
0
LINE
8
HIDDEN
10
114.265843
20
106.317117
30
0.0
11
114.496740
21
106.407617
31
0.0
0
LINE
8
HIDDEN
10
114.234331
20
104.671971
30
0.0
11
114.040507
21
104.826683
31
0.0
0
LINE
8
HIDDEN
10
114.066236
20
106.169940
30
0.0
11
114.265843
21
106.317117
31
0.0
0
LINE
8
HIDDEN
10
114.040507
20
104.826683
30
0.0
11
113.893330
21
105.026290
31
0.0
0
LINE
8
HIDDEN
10
113.911523
20
105.976116
30
0.0
11
114.066236
21
106.169940
31
0.0
0
LINE
8
HIDDEN
10
113.893330
20
105.026290
30
0.0
11
113.802830
21
105.257187
31
0.0
0
LINE
8
HIDDEN
10
113.812247
20
105.748853
30
0.0
11
113.911523
21
105.976116
31
0.0
0
LINE
8
HIDDEN
10
113.802830
20
105.257187
30
0.0
11
113.775174
21
105.503640
31
0.0
0
LINE
8
HIDDEN
10
113.775174
20
105.503640
30
0.0
11
113.812247
21
105.748853
31
0.0
0
LINE
8
HIDDEN
10
115.215669
20
91.821971
30
0.0
11
114.988406
21
91.722695
31
0.0
0
LINE
8
HIDDEN
10
116.790669
20
92.771971
30
0.0
11
115.215669
21
91.821971
31
0.0
0
LINE
8
HIDDEN
10
114.988406
20
91.722695
30
0.0
11
114.743193
21
91.685622
31
0.0
0
LINE
8
HIDDEN
10
116.984493
20
92.926683
30
0.0
11
116.790669
21
92.771971
31
0.0
0
LINE
8
HIDDEN
10
114.743193
20
91.685622
30
0.0
11
114.496740
21
91.713277
31
0.0
0
LINE
8
HIDDEN
10
117.131670
20
93.126290
30
0.0
11
116.984493
21
92.926683
31
0.0
0
LINE
8
HIDDEN
10
114.496740
20
91.713277
30
0.0
11
114.265843
21
91.803778
31
0.0
0
LINE
8
HIDDEN
10
117.222170
20
93.357187
30
0.0
11
117.131670
21
93.126290
31
0.0
0
LINE
8
HIDDEN
10
114.265843
20
91.803778
30
0.0
11
114.066236
21
91.950955
31
0.0
0
LINE
8
HIDDEN
10
117.249826
20
93.603640
30
0.0
11
117.222170
21
93.357187
31
0.0
0
LINE
8
HIDDEN
10
114.066236
20
91.950955
30
0.0
11
113.911523
21
92.144779
31
0.0
0
LINE
8
HIDDEN
10
117.212753
20
93.848853
30
0.0
11
117.249826
21
93.603640
31
0.0
0
LINE
8
HIDDEN
10
113.911523
20
92.144779
30
0.0
11
113.812247
21
92.372041
31
0.0
0
LINE
8
HIDDEN
10
117.113477
20
94.076116
30
0.0
11
117.212753
21
93.848853
31
0.0
0
LINE
8
HIDDEN
10
113.812247
20
92.372041
30
0.0
11
113.775174
21
92.617254
31
0.0
0
LINE
8
HIDDEN
10
116.958764
20
94.269940
30
0.0
11
117.113477
21
94.076116
31
0.0
0
LINE
8
HIDDEN
10
113.775174
20
92.617254
30
0.0
11
113.802830
21
92.863707
31
0.0
0
LINE
8
HIDDEN
10
116.759157
20
94.417117
30
0.0
11
116.958764
21
94.269940
31
0.0
0
LINE
8
HIDDEN
10
113.802830
20
92.863707
30
0.0
11
113.893330
21
93.094605
31
0.0
0
LINE
8
HIDDEN
10
116.528260
20
94.507617
30
0.0
11
116.759157
21
94.417117
31
0.0
0
LINE
8
HIDDEN
10
113.893330
20
93.094605
30
0.0
11
114.040507
21
93.294211
31
0.0
0
LINE
8
HIDDEN
10
116.281807
20
94.535273
30
0.0
11
116.528260
21
94.507617
31
0.0
0
LINE
8
HIDDEN
10
114.040507
20
93.294211
30
0.0
11
114.234331
21
93.448924
31
0.0
0
LINE
8
HIDDEN
10
116.036594
20
94.498200
30
0.0
11
116.281807
21
94.535273
31
0.0
0
LINE
8
HIDDEN
10
114.234331
20
93.448924
30
0.0
11
115.809331
21
94.398924
31
0.0
0
LINE
8
HIDDEN
10
115.809331
20
94.398924
30
0.0
11
116.036594
21
94.498200
31
0.0
0
LINE
8
HIDDEN
10
113.267500
20
94.343947
30
0.0
11
112.532500
21
94.343947
31
0.0
0
LINE
8
HIDDEN
10
112.532500
20
94.343947
30
0.0
11
112.532500
21
111.826947
31
0.0
0
LINE
8
HIDDEN
10
113.267500
20
94.343947
30
0.0
11
113.267500
21
111.826947
31
0.0
0
LINE
8
HIDDEN
10
113.267500
20
111.826947
30
0.0
11
112.532500
21
111.826947
31
0.0
0
LINE
8
HIDDEN
10
130.716500
20
113.970255
30
0.0
11
129.716500
21
113.970255
31
0.0
0
LINE
8
HIDDEN
10
130.716500
20
113.985447
30
0.0
11
130.716500
21
113.970255
31
0.0
0
LINE
8
HIDDEN
10
129.716500
20
113.985447
30
0.0
11
129.716500
21
113.970255
31
0.0
0
LINE
8
HIDDEN
10
130.716500
20
92.200640
30
0.0
11
129.716500
21
92.200640
31
0.0
0
LINE
8
HIDDEN
10
130.716500
20
92.200640
30
0.0
11
130.716500
21
92.185447
31
0.0
0
LINE
8
HIDDEN
10
129.716500
20
92.200640
30
0.0
11
129.716500
21
92.185447
31
0.0
0
LINE
8
HIDDEN
10
130.716500
20
92.245755
30
0.0
11
129.716500
21
92.245755
31
0.0
0
LINE
8
HIDDEN
10
130.716500
20
92.245755
30
0.0
11
130.716500
21
92.200640
31
0.0
0
LINE
8
HIDDEN
10
129.716500
20
92.245755
30
0.0
11
129.716500
21
92.200640
31
0.0
0
LINE
8
HIDDEN
10
130.716500
20
92.319422
30
0.0
11
129.716500
21
92.319422
31
0.0
0
LINE
8
HIDDEN
10
130.716500
20
92.319422
30
0.0
11
130.716500
21
92.245755
31
0.0
0
LINE
8
HIDDEN
10
129.716500
20
92.319422
30
0.0
11
129.716500
21
92.245755
31
0.0
0
LINE
8
HIDDEN
10
130.716500
20
92.419403
30
0.0
11
129.716500
21
92.419403
31
0.0
0
LINE
8
HIDDEN
10
130.716500
20
92.419403
30
0.0
11
130.716500
21
92.319422
31
0.0
0
LINE
8
HIDDEN
10
129.716500
20
92.419403
30
0.0
11
129.716500
21
92.319422
31
0.0
0
LINE
8
HIDDEN
10
130.716500
20
92.542660
30
0.0
11
129.716500
21
92.542660
31
0.0
0
LINE
8
HIDDEN
10
130.716500
20
92.542660
30
0.0
11
130.716500
21
92.419403
31
0.0
0
LINE
8
HIDDEN
10
129.716500
20
92.542660
30
0.0
11
129.716500
21
92.419403
31
0.0
0
LINE
8
HIDDEN
10
130.716500
20
92.685447
30
0.0
11
129.716500
21
92.685447
31
0.0
0
LINE
8
HIDDEN
10
130.716500
20
92.685447
30
0.0
11
130.716500
21
92.542660
31
0.0
0
LINE
8
HIDDEN
10
129.716500
20
92.685447
30
0.0
11
129.716500
21
92.542660
31
0.0
0
LINE
8
HIDDEN
10
130.716500
20
113.925140
30
0.0
11
129.716500
21
113.925140
31
0.0
0
LINE
8
HIDDEN
10
130.716500
20
113.970255
30
0.0
11
130.716500
21
113.925140
31
0.0
0
LINE
8
HIDDEN
10
129.716500
20
113.970255
30
0.0
11
129.716500
21
113.925140
31
0.0
0
LINE
8
HIDDEN
10
130.716500
20
92.843427
30
0.0
11
129.716500
21
92.843427
31
0.0
0
LINE
8
HIDDEN
10
130.716500
20
92.843427
30
0.0
11
130.716500
21
92.685447
31
0.0
0
LINE
8
HIDDEN
10
129.716500
20
92.843427
30
0.0
11
129.716500
21
92.685447
31
0.0
0
LINE
8
HIDDEN
10
130.716500
20
113.851473
30
0.0
11
129.716500
21
113.851473
31
0.0
0
LINE
8
HIDDEN
10
130.716500
20
113.925140
30
0.0
11
130.716500
21
113.851473
31
0.0
0
LINE
8
HIDDEN
10
129.716500
20
113.925140
30
0.0
11
129.716500
21
113.851473
31
0.0
0
LINE
8
HIDDEN
10
130.716500
20
93.011799
30
0.0
11
129.716500
21
93.011799
31
0.0
0
LINE
8
HIDDEN
10
130.716500
20
93.011799
30
0.0
11
130.716500
21
92.843427
31
0.0
0
LINE
8
HIDDEN
10
129.716500
20
93.011799
30
0.0
11
129.716500
21
92.843427
31
0.0
0
LINE
8
HIDDEN
10
130.716500
20
113.751492
30
0.0
11
129.716500
21
113.751492
31
0.0
0
LINE
8
HIDDEN
10
130.716500
20
113.851473
30
0.0
11
130.716500
21
113.751492
31
0.0
0
LINE
8
HIDDEN
10
129.716500
20
113.851473
30
0.0
11
129.716500
21
113.751492
31
0.0
0
LINE
8
HIDDEN
10
130.716500
20
93.185447
30
0.0
11
129.716500
21
93.185447
31
0.0
0
LINE
8
HIDDEN
10
130.716500
20
93.185447
30
0.0
11
130.716500
21
93.011799
31
0.0
0
LINE
8
HIDDEN
10
129.716500
20
93.185447
30
0.0
11
129.716500
21
93.011799
31
0.0
0
LINE
8
HIDDEN
10
130.716500
20
113.628235
30
0.0
11
129.716500
21
113.628235
31
0.0
0
LINE
8
HIDDEN
10
130.716500
20
113.751492
30
0.0
11
130.716500
21
113.628235
31
0.0
0
LINE
8
HIDDEN
10
129.716500
20
113.751492
30
0.0
11
129.716500
21
113.628235
31
0.0
0
LINE
8
HIDDEN
10
130.716500
20
112.985447
30
0.0
11
129.716500
21
112.985447
31
0.0
0
LINE
8
HIDDEN
10
130.716500
20
112.985447
30
0.0
11
130.716500
21
93.185447
31
0.0
0
LINE
8
HIDDEN
10
129.716500
20
112.985447
30
0.0
11
129.716500
21
93.185447
31
0.0
0
LINE
8
HIDDEN
10
130.716500
20
113.485447
30
0.0
11
129.716500
21
113.485447
31
0.0
0
LINE
8
HIDDEN
10
130.716500
20
113.628235
30
0.0
11
130.716500
21
113.485447
31
0.0
0
LINE
8
HIDDEN
10
129.716500
20
113.628235
30
0.0
11
129.716500
21
113.485447
31
0.0
0
LINE
8
HIDDEN
10
130.716500
20
113.159095
30
0.0
11
129.716500
21
113.159095
31
0.0
0
LINE
8
HIDDEN
10
130.716500
20
113.159095
30
0.0
11
130.716500
21
112.985447
31
0.0
0
LINE
8
HIDDEN
10
129.716500
20
113.159095
30
0.0
11
129.716500
21
112.985447
31
0.0
0
LINE
8
HIDDEN
10
130.716500
20
113.327467
30
0.0
11
129.716500
21
113.327467
31
0.0
0
LINE
8
HIDDEN
10
130.716500
20
113.485447
30
0.0
11
130.716500
21
113.327467
31
0.0
0
LINE
8
HIDDEN
10
129.716500
20
113.485447
30
0.0
11
129.716500
21
113.327467
31
0.0
0
LINE
8
HIDDEN
10
130.716500
20
113.327467
30
0.0
11
130.716500
21
113.159095
31
0.0
0
LINE
8
HIDDEN
10
129.716500
20
113.327467
30
0.0
11
129.716500
21
113.159095
31
0.0
0
LINE
8
HIDDEN
10
110.333500
20
92.200640
30
0.0
11
109.333500
21
92.200640
31
0.0
0
LINE
8
HIDDEN
10
110.333500
20
92.200640
30
0.0
11
110.333500
21
92.185447
31
0.0
0
LINE
8
HIDDEN
10
109.333500
20
92.200640
30
0.0
11
109.333500
21
92.185447
31
0.0
0
LINE
8
HIDDEN
10
110.333500
20
92.245755
30
0.0
11
109.333500
21
92.245755
31
0.0
0
LINE
8
HIDDEN
10
110.333500
20
92.245755
30
0.0
11
110.333500
21
92.200640
31
0.0
0
LINE
8
HIDDEN
10
109.333500
20
92.245755
30
0.0
11
109.333500
21
92.200640
31
0.0
0
LINE
8
HIDDEN
10
110.333500
20
92.319422
30
0.0
11
109.333500
21
92.319422
31
0.0
0
LINE
8
HIDDEN
10
110.333500
20
92.319422
30
0.0
11
110.333500
21
92.245755
31
0.0
0
LINE
8
HIDDEN
10
109.333500
20
92.319422
30
0.0
11
109.333500
21
92.245755
31
0.0
0
LINE
8
HIDDEN
10
110.333500
20
92.419403
30
0.0
11
109.333500
21
92.419403
31
0.0
0
LINE
8
HIDDEN
10
110.333500
20
92.419403
30
0.0
11
110.333500
21
92.319422
31
0.0
0
LINE
8
HIDDEN
10
109.333500
20
92.419403
30
0.0
11
109.333500
21
92.319422
31
0.0
0
LINE
8
HIDDEN
10
110.333500
20
92.542660
30
0.0
11
109.333500
21
92.542660
31
0.0
0
LINE
8
HIDDEN
10
110.333500
20
92.542660
30
0.0
11
110.333500
21
92.419403
31
0.0
0
LINE
8
HIDDEN
10
109.333500
20
92.542660
30
0.0
11
109.333500
21
92.419403
31
0.0
0
LINE
8
HIDDEN
10
110.333500
20
113.970255
30
0.0
11
109.333500
21
113.970255
31
0.0
0
LINE
8
HIDDEN
10
110.333500
20
113.985447
30
0.0
11
110.333500
21
113.970255
31
0.0
0
LINE
8
HIDDEN
10
109.333500
20
113.985447
30
0.0
11
109.333500
21
113.970255
31
0.0
0
LINE
8
HIDDEN
10
110.333500
20
92.685447
30
0.0
11
109.333500
21
92.685447
31
0.0
0
LINE
8
HIDDEN
10
110.333500
20
92.685447
30
0.0
11
110.333500
21
92.542660
31
0.0
0
LINE
8
HIDDEN
10
109.333500
20
92.685447
30
0.0
11
109.333500
21
92.542660
31
0.0
0
LINE
8
HIDDEN
10
110.333500
20
113.925140
30
0.0
11
109.333500
21
113.925140
31
0.0
0
LINE
8
HIDDEN
10
110.333500
20
113.970255
30
0.0
11
110.333500
21
113.925140
31
0.0
0
LINE
8
HIDDEN
10
109.333500
20
113.970255
30
0.0
11
109.333500
21
113.925140
31
0.0
0
LINE
8
HIDDEN
10
110.333500
20
92.843427
30
0.0
11
109.333500
21
92.843427
31
0.0
0
LINE
8
HIDDEN
10
110.333500
20
92.843427
30
0.0
11
110.333500
21
92.685447
31
0.0
0
LINE
8
HIDDEN
10
109.333500
20
92.843427
30
0.0
11
109.333500
21
92.685447
31
0.0
0
LINE
8
HIDDEN
10
110.333500
20
113.851473
30
0.0
11
109.333500
21
113.851473
31
0.0
0
LINE
8
HIDDEN
10
110.333500
20
113.925140
30
0.0
11
110.333500
21
113.851473
31
0.0
0
LINE
8
HIDDEN
10
109.333500
20
113.925140
30
0.0
11
109.333500
21
113.851473
31
0.0
0
LINE
8
HIDDEN
10
110.333500
20
93.011799
30
0.0
11
109.333500
21
93.011799
31
0.0
0
LINE
8
HIDDEN
10
110.333500
20
93.011799
30
0.0
11
110.333500
21
92.843427
31
0.0
0
LINE
8
HIDDEN
10
109.333500
20
93.011799
30
0.0
11
109.333500
21
92.843427
31
0.0
0
LINE
8
HIDDEN
10
110.333500
20
113.751492
30
0.0
11
109.333500
21
113.751492
31
0.0
0
LINE
8
HIDDEN
10
110.333500
20
113.851473
30
0.0
11
110.333500
21
113.751492
31
0.0
0
LINE
8
HIDDEN
10
109.333500
20
113.851473
30
0.0
11
109.333500
21
113.751492
31
0.0
0
LINE
8
HIDDEN
10
110.333500
20
93.185447
30
0.0
11
109.333500
21
93.185447
31
0.0
0
LINE
8
HIDDEN
10
110.333500
20
93.185447
30
0.0
11
110.333500
21
93.011799
31
0.0
0
LINE
8
HIDDEN
10
109.333500
20
93.185447
30
0.0
11
109.333500
21
93.011799
31
0.0
0
LINE
8
HIDDEN
10
110.333500
20
113.628235
30
0.0
11
109.333500
21
113.628235
31
0.0
0
LINE
8
HIDDEN
10
110.333500
20
113.751492
30
0.0
11
110.333500
21
113.628235
31
0.0
0
LINE
8
HIDDEN
10
109.333500
20
113.751492
30
0.0
11
109.333500
21
113.628235
31
0.0
0
LINE
8
HIDDEN
10
110.333500
20
112.985447
30
0.0
11
109.333500
21
112.985447
31
0.0
0
LINE
8
HIDDEN
10
110.333500
20
112.985447
30
0.0
11
110.333500
21
93.185447
31
0.0
0
LINE
8
HIDDEN
10
109.333500
20
112.985447
30
0.0
11
109.333500
21
93.185447
31
0.0
0
LINE
8
HIDDEN
10
110.333500
20
113.485447
30
0.0
11
109.333500
21
113.485447
31
0.0
0
LINE
8
HIDDEN
10
110.333500
20
113.628235
30
0.0
11
110.333500
21
113.485447
31
0.0
0
LINE
8
HIDDEN
10
109.333500
20
113.628235
30
0.0
11
109.333500
21
113.485447
31
0.0
0
LINE
8
HIDDEN
10
110.333500
20
113.159095
30
0.0
11
109.333500
21
113.159095
31
0.0
0
LINE
8
HIDDEN
10
110.333500
20
113.159095
30
0.0
11
110.333500
21
112.985447
31
0.0
0
LINE
8
HIDDEN
10
109.333500
20
113.159095
30
0.0
11
109.333500
21
112.985447
31
0.0
0
LINE
8
HIDDEN
10
110.333500
20
113.327467
30
0.0
11
109.333500
21
113.327467
31
0.0
0
LINE
8
HIDDEN
10
110.333500
20
113.485447
30
0.0
11
110.333500
21
113.327467
31
0.0
0
LINE
8
HIDDEN
10
109.333500
20
113.485447
30
0.0
11
109.333500
21
113.327467
31
0.0
0
LINE
8
HIDDEN
10
110.333500
20
113.327467
30
0.0
11
110.333500
21
113.159095
31
0.0
0
LINE
8
HIDDEN
10
109.333500
20
113.327467
30
0.0
11
109.333500
21
113.159095
31
0.0
0
LINE
8
HIDDEN
10
131.223607
20
125.068947
30
0.0
11
131.223607
21
126.051947
31
0.0
0
LINE
8
HIDDEN
10
131.347970
20
125.068947
30
0.0
11
131.347970
21
126.051947
31
0.0
0
LINE
8
HIDDEN
10
131.072070
20
125.068947
30
0.0
11
131.072070
21
126.051947
31
0.0
0
LINE
8
HIDDEN
10
130.899183
20
125.068947
30
0.0
11
130.899183
21
126.051947
31
0.0
0
LINE
8
HIDDEN
10
130.711590
20
125.068947
30
0.0
11
130.711590
21
126.051947
31
0.0
0
LINE
8
HIDDEN
10
130.516500
20
125.068947
30
0.0
11
130.516500
21
126.051947
31
0.0
0
LINE
8
HIDDEN
10
129.200000
20
125.068947
30
0.0
11
129.200000
21
126.051947
31
0.0
0
LINE
8
HIDDEN
10
129.200000
20
125.068947
30
0.0
11
129.200000
21
126.051947
31
0.0
0
LINE
8
HIDDEN
10
127.750000
20
125.068947
30
0.0
11
127.750000
21
126.051947
31
0.0
0
LINE
8
HIDDEN
10
127.750000
20
125.068947
30
0.0
11
127.750000
21
126.051947
31
0.0
0
LINE
8
HIDDEN
10
112.300000
20
125.068947
30
0.0
11
112.300000
21
126.051947
31
0.0
0
LINE
8
HIDDEN
10
112.300000
20
125.068947
30
0.0
11
112.300000
21
126.051947
31
0.0
0
LINE
8
HIDDEN
10
110.850000
20
125.068947
30
0.0
11
110.850000
21
126.051947
31
0.0
0
LINE
8
HIDDEN
10
110.850000
20
125.068947
30
0.0
11
110.850000
21
126.051947
31
0.0
0
LINE
8
HIDDEN
10
109.533500
20
125.068947
30
0.0
11
109.533500
21
126.051947
31
0.0
0
LINE
8
HIDDEN
10
109.338410
20
125.068947
30
0.0
11
109.338410
21
126.051947
31
0.0
0
LINE
8
HIDDEN
10
109.150817
20
125.068947
30
0.0
11
109.150817
21
126.051947
31
0.0
0
LINE
8
HIDDEN
10
108.977930
20
125.068947
30
0.0
11
108.977930
21
126.051947
31
0.0
0
LINE
8
HIDDEN
10
108.826393
20
125.068947
30
0.0
11
108.826393
21
126.051947
31
0.0
0
LINE
8
HIDDEN
10
108.702030
20
125.068947
30
0.0
11
108.702030
21
126.051947
31
0.0
0
LINE
8
HIDDEN
10
108.609620
20
125.068947
30
0.0
11
108.609620
21
126.051947
31
0.0
0
LINE
8
HIDDEN
10
108.552715
20
125.068947
30
0.0
11
108.552715
21
126.051947
31
0.0
0
LINE
8
HIDDEN
10
131.497285
20
125.068947
30
0.0
11
131.497285
21
126.051947
31
0.0
0
LINE
8
HIDDEN
10
131.440380
20
125.068947
30
0.0
11
131.440380
21
126.051947
31
0.0
0
LINE
8
HIDDEN
10
113.800000
20
120.925447
30
0.0
11
126.250000
21
120.925447
31
0.0
0
LINE
8
HIDDEN
10
126.250000
20
120.925447
30
0.0
11
126.250000
21
122.885447
31
0.0
0
LINE
8
HIDDEN
10
114.275000
20
121.895447
30
0.0
11
125.775000
21
121.895447
31
0.0
0
LINE
8
HIDDEN
10
113.800000
20
120.925447
30
0.0
11
113.800000
21
122.885447
31
0.0
0
LINE
8
HIDDEN
10
113.800000
20
108.695447
30
0.0
11
126.250000
21
108.695447
31
0.0
0
LINE
8
HIDDEN
10
113.800000
20
108.695447
30
0.0
11
113.800000
21
106.735447
31
0.0
0
LINE
8
HIDDEN
10
114.275000
20
107.725447
30
0.0
11
125.775000
21
107.725447
31
0.0
0
LINE
8
HIDDEN
10
126.250000
20
106.735447
30
0.0
11
126.250000
21
108.695447
31
0.0
0
LINE
8
HIDDEN
10
124.150000
20
120.925447
30
0.0
11
125.400000
21
120.925447
31
0.0
0
LINE
8
HIDDEN
10
125.400000
20
120.925447
30
0.0
11
124.150000
21
120.925447
31
0.0
0
LINE
8
HIDDEN
10
114.650000
20
120.925447
30
0.0
11
115.900000
21
120.925447
31
0.0
0
LINE
8
HIDDEN
10
115.900000
20
120.925447
30
0.0
11
114.650000
21
120.925447
31
0.0
0
LINE
8
HIDDEN
10
113.800000
20
121.895447
30
0.0
11
114.275000
21
121.895447
31
0.0
0
LINE
8
HIDDEN
10
125.775000
20
121.895447
30
0.0
11
126.250000
21
121.895447
31
0.0
0
LINE
8
HIDDEN
10
124.150000
20
121.895447
30
0.0
11
125.400000
21
121.895447
31
0.0
0
LINE
8
HIDDEN
10
125.400000
20
121.895447
30
0.0
11
124.150000
21
121.895447
31
0.0
0
LINE
8
HIDDEN
10
114.650000
20
121.895447
30
0.0
11
115.900000
21
121.895447
31
0.0
0
LINE
8
HIDDEN
10
115.900000
20
121.895447
30
0.0
11
114.650000
21
121.895447
31
0.0
0
LINE
8
HIDDEN
10
124.150000
20
120.925447
30
0.0
11
124.150000
21
121.895447
31
0.0
0
LINE
8
HIDDEN
10
114.650000
20
120.925447
30
0.0
11
114.650000
21
121.895447
31
0.0
0
LINE
8
HIDDEN
10
113.800000
20
107.725447
30
0.0
11
114.275000
21
107.725447
31
0.0
0
LINE
8
HIDDEN
10
125.775000
20
107.725447
30
0.0
11
126.250000
21
107.725447
31
0.0
0
LINE
8
HIDDEN
10
124.150000
20
107.725447
30
0.0
11
125.400000
21
107.725447
31
0.0
0
LINE
8
HIDDEN
10
125.400000
20
107.725447
30
0.0
11
124.150000
21
107.725447
31
0.0
0
LINE
8
HIDDEN
10
114.650000
20
107.725447
30
0.0
11
115.900000
21
107.725447
31
0.0
0
LINE
8
HIDDEN
10
115.900000
20
107.725447
30
0.0
11
114.650000
21
107.725447
31
0.0
0
LINE
8
HIDDEN
10
124.150000
20
108.695447
30
0.0
11
125.400000
21
108.695447
31
0.0
0
LINE
8
HIDDEN
10
125.400000
20
108.695447
30
0.0
11
124.150000
21
108.695447
31
0.0
0
LINE
8
HIDDEN
10
114.650000
20
108.695447
30
0.0
11
115.900000
21
108.695447
31
0.0
0
LINE
8
HIDDEN
10
115.900000
20
108.695447
30
0.0
11
114.650000
21
108.695447
31
0.0
0
LINE
8
HIDDEN
10
124.150000
20
107.725447
30
0.0
11
124.150000
21
108.695447
31
0.0
0
LINE
8
HIDDEN
10
114.650000
20
107.725447
30
0.0
11
114.650000
21
108.695447
31
0.0
0
LINE
8
HIDDEN
10
122.533500
20
94.101947
30
0.0
11
117.516500
21
94.101947
31
0.0
0
LINE
8
HIDDEN
10
117.516500
20
89.635447
30
0.0
11
122.533500
21
89.635447
31
0.0
0
LINE
8
HIDDEN
10
117.516500
20
89.635447
30
0.0
11
117.516500
21
94.101947
31
0.0
0
LINE
8
HIDDEN
10
122.533500
20
89.635447
30
0.0
11
122.533500
21
94.101947
31
0.0
0
LINE
8
HIDDEN
10
122.533500
20
89.635447
30
0.0
11
117.516500
21
89.635447
31
0.0
0
LINE
8
HIDDEN
10
122.533500
20
89.510447
30
0.0
11
117.516500
21
89.510447
31
0.0
0
LINE
8
HIDDEN
10
122.533500
20
89.510447
30
0.0
11
122.533500
21
89.635447
31
0.0
0
LINE
8
HIDDEN
10
117.516500
20
89.510447
30
0.0
11
117.516500
21
89.635447
31
0.0
0
LINE
8
HIDDEN
10
122.533500
20
89.260447
30
0.0
11
117.516500
21
89.260447
31
0.0
0
LINE
8
HIDDEN
10
122.533500
20
89.260447
30
0.0
11
122.533500
21
89.510447
31
0.0
0
LINE
8
HIDDEN
10
117.516500
20
89.260447
30
0.0
11
117.516500
21
89.510447
31
0.0
0
LINE
8
HIDDEN
10
122.533500
20
87.488878
30
0.0
11
122.533500
21
89.260447
31
0.0
0
LINE
8
HIDDEN
10
117.516500
20
87.488878
30
0.0
11
117.516500
21
89.260447
31
0.0
0
LINE
8
HIDDEN
10
122.533500
20
87.488878
30
0.0
11
117.516500
21
87.488878
31
0.0
0
LINE
8
HIDDEN
10
117.516500
20
87.467447
30
0.0
11
117.516500
21
87.488878
31
0.0
0
LINE
8
HIDDEN
10
122.533500
20
87.467447
30
0.0
11
122.533500
21
87.488878
31
0.0
0
LINE
8
HIDDEN
10
129.716500
20
95.599447
30
0.0
11
129.716500
21
92.221447
31
0.0
0
LINE
8
HIDDEN
10
129.716500
20
95.599447
30
0.0
11
129.716500
21
92.221447
31
0.0
0
LINE
8
HIDDEN
10
129.716500
20
113.949447
30
0.0
11
129.716500
21
110.571447
31
0.0
0
LINE
8
HIDDEN
10
129.716500
20
113.949447
30
0.0
11
129.716500
21
110.571447
31
0.0
0
LINE
8
HIDDEN
10
110.333500
20
95.599447
30
0.0
11
110.333500
21
92.221447
31
0.0
0
LINE
8
HIDDEN
10
110.333500
20
95.599447
30
0.0
11
110.333500
21
92.221447
31
0.0
0
LINE
8
HIDDEN
10
110.333500
20
113.949447
30
0.0
11
110.333500
21
110.571447
31
0.0
0
LINE
8
HIDDEN
10
110.333500
20
113.949447
30
0.0
11
110.333500
21
110.571447
31
0.0
0
ARC
8
HIDDEN
10
132.525000
20
127.360447
30
0.0
40
0.975000
50
292.079791
51
90.000000
0
ARC
8
HIDDEN
10
132.525000
20
127.360447
30
0.0
40
0.975000
50
90.000000
51
157.920209
0
CIRCLE
8
HIDDEN
10
132.525000
20
127.360447
30
0.0
40
0.387500
0
ARC
8
HIDDEN
10
107.525000
20
127.360447
30
0.0
40
0.975000
50
22.079791
51
90.000000
0
ARC
8
HIDDEN
10
107.525000
20
127.360447
30
0.0
40
0.975000
50
90.000000
51
247.920209
0
CIRCLE
8
HIDDEN
10
107.525000
20
127.360447
30
0.0
40
0.387500
0
LINE
8
HIDDEN
10
117.516500
20
90.730447
30
0.0
11
117.516500
21
90.330447
31
0.0
0
LINE
8
HIDDEN
10
117.516500
20
90.330447
30
0.0
11
117.516500
21
90.730447
31
0.0
0
LINE
8
HIDDEN
10
122.533500
20
90.730447
30
0.0
11
117.516500
21
90.730447
31
0.0
0
LINE
8
HIDDEN
10
122.533500
20
90.730447
30
0.0
11
122.533500
21
90.330447
31
0.0
0
LINE
8
HIDDEN
10
122.533500
20
90.330447
30
0.0
11
122.533500
21
90.730447
31
0.0
0
LINE
8
HIDDEN
10
117.516500
20
91.480447
30
0.0
11
117.516500
21
91.080447
31
0.0
0
LINE
8
HIDDEN
10
117.516500
20
91.080447
30
0.0
11
117.516500
21
91.480447
31
0.0
0
LINE
8
HIDDEN
10
122.533500
20
91.480447
30
0.0
11
117.516500
21
91.480447
31
0.0
0
LINE
8
HIDDEN
10
122.533500
20
91.480447
30
0.0
11
122.533500
21
91.080447
31
0.0
0
LINE
8
HIDDEN
10
122.533500
20
91.080447
30
0.0
11
122.533500
21
91.480447
31
0.0
0
LINE
8
HIDDEN
10
117.516500
20
92.230447
30
0.0
11
117.516500
21
91.830447
31
0.0
0
LINE
8
HIDDEN
10
117.516500
20
91.830447
30
0.0
11
117.516500
21
92.230447
31
0.0
0
LINE
8
HIDDEN
10
122.533500
20
92.230447
30
0.0
11
117.516500
21
92.230447
31
0.0
0
LINE
8
HIDDEN
10
122.533500
20
92.230447
30
0.0
11
122.533500
21
91.830447
31
0.0
0
LINE
8
HIDDEN
10
122.533500
20
91.830447
30
0.0
11
122.533500
21
92.230447
31
0.0
0
LINE
8
HIDDEN
10
117.516500
20
92.980447
30
0.0
11
117.516500
21
92.580447
31
0.0
0
LINE
8
HIDDEN
10
117.516500
20
92.580447
30
0.0
11
117.516500
21
92.980447
31
0.0
0
LINE
8
HIDDEN
10
122.533500
20
92.980447
30
0.0
11
117.516500
21
92.980447
31
0.0
0
LINE
8
HIDDEN
10
122.533500
20
92.980447
30
0.0
11
122.533500
21
92.580447
31
0.0
0
LINE
8
HIDDEN
10
122.533500
20
92.580447
30
0.0
11
122.533500
21
92.980447
31
0.0
0
LINE
8
HIDDEN
10
117.516500
20
93.730447
30
0.0
11
117.516500
21
93.330447
31
0.0
0
LINE
8
HIDDEN
10
117.516500
20
93.330447
30
0.0
11
117.516500
21
93.730447
31
0.0
0
LINE
8
HIDDEN
10
122.533500
20
93.730447
30
0.0
11
117.516500
21
93.730447
31
0.0
0
LINE
8
HIDDEN
10
122.533500
20
93.730447
30
0.0
11
122.533500
21
93.330447
31
0.0
0
LINE
8
HIDDEN
10
122.533500
20
93.330447
30
0.0
11
122.533500
21
93.730447
31
0.0
0
LINE
8
HIDDEN
10
125.400000
20
120.925447
30
0.0
11
125.400000
21
121.895447
31
0.0
0
LINE
8
HIDDEN
10
115.900000
20
120.925447
30
0.0
11
115.900000
21
121.895447
31
0.0
0
LINE
8
HIDDEN
10
125.400000
20
107.725447
30
0.0
11
125.400000
21
108.695447
31
0.0
0
LINE
8
HIDDEN
10
115.900000
20
107.725447
30
0.0
11
115.900000
21
108.695447
31
0.0
0
LINE
8
HIDDEN
10
122.533500
20
90.330447
30
0.0
11
117.516500
21
90.330447
31
0.0
0
LINE
8
HIDDEN
10
122.533500
20
91.080447
30
0.0
11
117.516500
21
91.080447
31
0.0
0
LINE
8
HIDDEN
10
122.533500
20
91.830447
30
0.0
11
117.516500
21
91.830447
31
0.0
0
LINE
8
HIDDEN
10
122.533500
20
92.580447
30
0.0
11
117.516500
21
92.580447
31
0.0
0
LINE
8
HIDDEN
10
122.533500
20
93.330447
30
0.0
11
117.516500
21
93.330447
31
0.0
0
CIRCLE
8
HIDDEN
10
132.525000
20
127.360447
30
0.0
40
0.387500
0
CIRCLE
8
HIDDEN
10
107.525000
20
127.360447
30
0.0
40
0.387500
0
LINE
8
VISIBLE
10
109.333500
20
204.532553
30
0.0
11
109.333500
21
205.532553
31
0.0
0
LINE
8
VISIBLE
10
109.352715
20
204.532553
30
0.0
11
109.352715
21
205.532553
31
0.0
0
LINE
8
VISIBLE
10
109.333500
20
204.532553
30
0.0
11
109.352715
21
204.532553
31
0.0
0
LINE
8
VISIBLE
10
109.333500
20
205.532553
30
0.0
11
109.352715
21
205.532553
31
0.0
0
LINE
8
VISIBLE
10
109.409620
20
204.532553
30
0.0
11
109.409620
21
205.532553
31
0.0
0
LINE
8
VISIBLE
10
109.352715
20
204.532553
30
0.0
11
109.409620
21
204.532553
31
0.0
0
LINE
8
VISIBLE
10
109.352715
20
205.532553
30
0.0
11
109.409620
21
205.532553
31
0.0
0
LINE
8
VISIBLE
10
106.701393
20
205.532553
30
0.0
11
106.852930
21
205.532553
31
0.0
0
LINE
8
VISIBLE
10
106.577030
20
205.532553
30
0.0
11
106.701393
21
205.532553
31
0.0
0
LINE
8
VISIBLE
10
106.852930
20
205.532553
30
0.0
11
107.025817
21
205.532553
31
0.0
0
LINE
8
VISIBLE
10
106.484620
20
205.532553
30
0.0
11
106.577030
21
205.532553
31
0.0
0
LINE
8
VISIBLE
10
107.025817
20
205.532553
30
0.0
11
107.213410
21
205.532553
31
0.0
0
LINE
8
VISIBLE
10
106.427715
20
205.532553
30
0.0
11
106.484620
21
205.532553
31
0.0
0
LINE
8
VISIBLE
10
107.213410
20
205.532553
30
0.0
11
107.408500
21
205.532553
31
0.0
0
LINE
8
VISIBLE
10
106.408500
20
205.532553
30
0.0
11
106.427715
21
205.532553
31
0.0
0
LINE
8
VISIBLE
10
107.408500
20
205.532553
30
0.0
11
109.333500
21
205.532553
31
0.0
0
LINE
8
VISIBLE
10
109.409620
20
205.532553
30
0.0
11
109.502030
21
205.532553
31
0.0
0
LINE
8
VISIBLE
10
109.502030
20
205.532553
30
0.0
11
109.626393
21
205.532553
31
0.0
0
LINE
8
VISIBLE
10
109.626393
20
205.532553
30
0.0
11
109.777930
21
205.532553
31
0.0
0
LINE
8
VISIBLE
10
109.777930
20
205.532553
30
0.0
11
109.950817
21
205.532553
31
0.0
0
LINE
8
VISIBLE
10
109.950817
20
205.532553
30
0.0
11
110.138410
21
205.532553
31
0.0
0
LINE
8
VISIBLE
10
110.138410
20
205.532553
30
0.0
11
110.333500
21
205.532553
31
0.0
0
LINE
8
VISIBLE
10
110.333500
20
205.532553
30
0.0
11
117.283500
21
205.532553
31
0.0
0
LINE
8
VISIBLE
10
122.766500
20
205.532553
30
0.0
11
122.533500
21
205.532553
31
0.0
0
LINE
8
VISIBLE
10
117.516500
20
205.532553
30
0.0
11
117.283500
21
205.532553
31
0.0
0
LINE
8
VISIBLE
10
122.766500
20
205.532553
30
0.0
11
129.716500
21
205.532553
31
0.0
0
LINE
8
VISIBLE
10
129.716500
20
205.532553
30
0.0
11
129.911590
21
205.532553
31
0.0
0
LINE
8
VISIBLE
10
129.911590
20
205.532553
30
0.0
11
130.099183
21
205.532553
31
0.0
0
LINE
8
VISIBLE
10
130.099183
20
205.532553
30
0.0
11
130.272070
21
205.532553
31
0.0
0
LINE
8
VISIBLE
10
130.272070
20
205.532553
30
0.0
11
130.423607
21
205.532553
31
0.0
0
LINE
8
VISIBLE
10
130.423607
20
205.532553
30
0.0
11
130.547970
21
205.532553
31
0.0
0
LINE
8
VISIBLE
10
130.547970
20
205.532553
30
0.0
11
130.640380
21
205.532553
31
0.0
0
LINE
8
VISIBLE
10
130.640380
20
205.532553
30
0.0
11
130.697285
21
205.532553
31
0.0
0
LINE
8
VISIBLE
10
130.697285
20
205.532553
30
0.0
11
130.716500
21
205.532553
31
0.0
0
LINE
8
VISIBLE
10
130.716500
20
205.532553
30
0.0
11
132.641500
21
205.532553
31
0.0
0
LINE
8
VISIBLE
10
132.641500
20
205.532553
30
0.0
11
132.836590
21
205.532553
31
0.0
0
LINE
8
VISIBLE
10
133.622285
20
205.532553
30
0.0
11
133.641500
21
205.532553
31
0.0
0
LINE
8
VISIBLE
10
132.836590
20
205.532553
30
0.0
11
133.024183
21
205.532553
31
0.0
0
LINE
8
VISIBLE
10
133.565380
20
205.532553
30
0.0
11
133.622285
21
205.532553
31
0.0
0
LINE
8
VISIBLE
10
133.024183
20
205.532553
30
0.0
11
133.197070
21
205.532553
31
0.0
0
LINE
8
VISIBLE
10
133.472970
20
205.532553
30
0.0
11
133.565380
21
205.532553
31
0.0
0
LINE
8
VISIBLE
10
133.197070
20
205.532553
30
0.0
11
133.348607
21
205.532553
31
0.0
0
LINE
8
VISIBLE
10
133.348607
20
205.532553
30
0.0
11
133.472970
21
205.532553
31
0.0
0
LINE
8
VISIBLE
10
107.408500
20
204.532553
30
0.0
11
107.408500
21
205.532553
31
0.0
0
LINE
8
VISIBLE
10
107.408500
20
204.532553
30
0.0
11
109.333500
21
204.532553
31
0.0
0
LINE
8
VISIBLE
10
109.502030
20
204.532553
30
0.0
11
109.502030
21
205.532553
31
0.0
0
LINE
8
VISIBLE
10
109.409620
20
204.532553
30
0.0
11
109.502030
21
204.532553
31
0.0
0
LINE
8
VISIBLE
10
107.025817
20
204.532553
30
0.0
11
107.025817
21
205.532553
31
0.0
0
LINE
8
VISIBLE
10
107.213410
20
204.532553
30
0.0
11
107.213410
21
205.532553
31
0.0
0
LINE
8
VISIBLE
10
107.025817
20
204.532553
30
0.0
11
107.213410
21
204.532553
31
0.0
0
LINE
8
VISIBLE
10
106.852930
20
204.532553
30
0.0
11
106.852930
21
205.532553
31
0.0
0
LINE
8
VISIBLE
10
106.852930
20
204.532553
30
0.0
11
107.025817
21
204.532553
31
0.0
0
LINE
8
VISIBLE
10
107.213410
20
204.532553
30
0.0
11
107.408500
21
204.532553
31
0.0
0
LINE
8
VISIBLE
10
106.701393
20
204.532553
30
0.0
11
106.701393
21
205.532553
31
0.0
0
LINE
8
VISIBLE
10
106.701393
20
204.532553
30
0.0
11
106.852930
21
204.532553
31
0.0
0
LINE
8
VISIBLE
10
106.577030
20
204.532553
30
0.0
11
106.577030
21
205.532553
31
0.0
0
LINE
8
VISIBLE
10
106.577030
20
204.532553
30
0.0
11
106.701393
21
204.532553
31
0.0
0
LINE
8
VISIBLE
10
106.484620
20
204.532553
30
0.0
11
106.484620
21
205.532553
31
0.0
0
LINE
8
VISIBLE
10
106.484620
20
204.532553
30
0.0
11
106.577030
21
204.532553
31
0.0
0
LINE
8
VISIBLE
10
106.427715
20
204.532553
30
0.0
11
106.427715
21
205.532553
31
0.0
0
LINE
8
VISIBLE
10
106.427715
20
204.532553
30
0.0
11
106.484620
21
204.532553
31
0.0
0
LINE
8
VISIBLE
10
106.408500
20
204.532553
30
0.0
11
106.408500
21
205.532553
31
0.0
0
LINE
8
VISIBLE
10
106.408500
20
204.532553
30
0.0
11
106.427715
21
204.532553
31
0.0
0
LINE
8
VISIBLE
10
109.626393
20
204.532553
30
0.0
11
109.626393
21
205.532553
31
0.0
0
LINE
8
VISIBLE
10
109.502030
20
204.532553
30
0.0
11
109.626393
21
204.532553
31
0.0
0
LINE
8
VISIBLE
10
109.777930
20
204.532553
30
0.0
11
109.777930
21
205.532553
31
0.0
0
LINE
8
VISIBLE
10
109.626393
20
204.532553
30
0.0
11
109.777930
21
204.532553
31
0.0
0
LINE
8
VISIBLE
10
109.950817
20
204.532553
30
0.0
11
109.950817
21
205.532553
31
0.0
0
LINE
8
VISIBLE
10
109.777930
20
204.532553
30
0.0
11
109.950817
21
204.532553
31
0.0
0
LINE
8
VISIBLE
10
110.138410
20
204.532553
30
0.0
11
110.138410
21
205.532553
31
0.0
0
LINE
8
VISIBLE
10
109.950817
20
204.532553
30
0.0
11
110.138410
21
204.532553
31
0.0
0
LINE
8
VISIBLE
10
110.333500
20
204.532553
30
0.0
11
110.333500
21
205.532553
31
0.0
0
LINE
8
VISIBLE
10
110.138410
20
204.532553
30
0.0
11
110.333500
21
204.532553
31
0.0
0
LINE
8
VISIBLE
10
110.333500
20
204.532553
30
0.0
11
117.283500
21
204.532553
31
0.0
0
LINE
8
VISIBLE
10
117.283500
20
205.532553
30
0.0
11
117.283500
21
204.532553
31
0.0
0
LINE
8
VISIBLE
10
122.766500
20
204.532553
30
0.0
11
129.716500
21
204.532553
31
0.0
0
LINE
8
VISIBLE
10
129.716500
20
204.532553
30
0.0
11
129.716500
21
205.532553
31
0.0
0
LINE
8
VISIBLE
10
122.766500
20
205.532553
30
0.0
11
122.766500
21
204.532553
31
0.0
0
LINE
8
VISIBLE
10
129.911590
20
204.532553
30
0.0
11
129.911590
21
205.532553
31
0.0
0
LINE
8
VISIBLE
10
129.716500
20
204.532553
30
0.0
11
129.911590
21
204.532553
31
0.0
0
LINE
8
VISIBLE
10
130.099183
20
204.532553
30
0.0
11
130.099183
21
205.532553
31
0.0
0
LINE
8
VISIBLE
10
129.911590
20
204.532553
30
0.0
11
130.099183
21
204.532553
31
0.0
0
LINE
8
VISIBLE
10
130.272070
20
204.532553
30
0.0
11
130.272070
21
205.532553
31
0.0
0
LINE
8
VISIBLE
10
130.099183
20
204.532553
30
0.0
11
130.272070
21
204.532553
31
0.0
0
LINE
8
VISIBLE
10
130.423607
20
204.532553
30
0.0
11
130.423607
21
205.532553
31
0.0
0
LINE
8
VISIBLE
10
130.272070
20
204.532553
30
0.0
11
130.423607
21
204.532553
31
0.0
0
LINE
8
VISIBLE
10
130.547970
20
204.532553
30
0.0
11
130.547970
21
205.532553
31
0.0
0
LINE
8
VISIBLE
10
130.423607
20
204.532553
30
0.0
11
130.547970
21
204.532553
31
0.0
0
LINE
8
VISIBLE
10
130.640380
20
204.532553
30
0.0
11
130.640380
21
205.532553
31
0.0
0
LINE
8
VISIBLE
10
130.547970
20
204.532553
30
0.0
11
130.640380
21
204.532553
31
0.0
0
LINE
8
VISIBLE
10
130.697285
20
204.532553
30
0.0
11
130.697285
21
205.532553
31
0.0
0
LINE
8
VISIBLE
10
130.640380
20
204.532553
30
0.0
11
130.697285
21
204.532553
31
0.0
0
LINE
8
VISIBLE
10
130.716500
20
204.532553
30
0.0
11
130.716500
21
205.532553
31
0.0
0
LINE
8
VISIBLE
10
130.697285
20
204.532553
30
0.0
11
130.716500
21
204.532553
31
0.0
0
LINE
8
VISIBLE
10
132.641500
20
204.532553
30
0.0
11
132.641500
21
205.532553
31
0.0
0
LINE
8
VISIBLE
10
130.716500
20
204.532553
30
0.0
11
132.641500
21
204.532553
31
0.0
0
LINE
8
VISIBLE
10
132.836590
20
204.532553
30
0.0
11
132.836590
21
205.532553
31
0.0
0
LINE
8
VISIBLE
10
132.641500
20
204.532553
30
0.0
11
132.836590
21
204.532553
31
0.0
0
LINE
8
VISIBLE
10
133.024183
20
204.532553
30
0.0
11
133.024183
21
205.532553
31
0.0
0
LINE
8
VISIBLE
10
132.836590
20
204.532553
30
0.0
11
133.024183
21
204.532553
31
0.0
0
LINE
8
VISIBLE
10
133.197070
20
204.532553
30
0.0
11
133.197070
21
205.532553
31
0.0
0
LINE
8
VISIBLE
10
133.024183
20
204.532553
30
0.0
11
133.197070
21
204.532553
31
0.0
0
LINE
8
VISIBLE
10
133.348607
20
204.532553
30
0.0
11
133.348607
21
205.532553
31
0.0
0
LINE
8
VISIBLE
10
133.197070
20
204.532553
30
0.0
11
133.348607
21
204.532553
31
0.0
0
LINE
8
VISIBLE
10
133.472970
20
204.532553
30
0.0
11
133.472970
21
205.532553
31
0.0
0
LINE
8
VISIBLE
10
133.348607
20
204.532553
30
0.0
11
133.472970
21
204.532553
31
0.0
0
LINE
8
VISIBLE
10
133.565380
20
204.532553
30
0.0
11
133.565380
21
205.532553
31
0.0
0
LINE
8
VISIBLE
10
133.472970
20
204.532553
30
0.0
11
133.565380
21
204.532553
31
0.0
0
LINE
8
VISIBLE
10
133.622285
20
204.532553
30
0.0
11
133.622285
21
205.532553
31
0.0
0
LINE
8
VISIBLE
10
133.565380
20
204.532553
30
0.0
11
133.622285
21
204.532553
31
0.0
0
LINE
8
VISIBLE
10
133.641500
20
204.532553
30
0.0
11
133.641500
21
205.532553
31
0.0
0
LINE
8
VISIBLE
10
133.622285
20
204.532553
30
0.0
11
133.641500
21
204.532553
31
0.0
0
LINE
8
VISIBLE
10
109.333500
20
208.532553
30
0.0
11
109.333500
21
205.532553
31
0.0
0
LINE
8
VISIBLE
10
110.333500
20
208.532553
30
0.0
11
110.333500
21
205.532553
31
0.0
0
LINE
8
VISIBLE
10
109.333500
20
208.532553
30
0.0
11
110.333500
21
208.532553
31
0.0
0
LINE
8
VISIBLE
10
129.716500
20
208.532553
30
0.0
11
129.716500
21
205.532553
31
0.0
0
LINE
8
VISIBLE
10
130.716500
20
208.532553
30
0.0
11
130.716500
21
205.532553
31
0.0
0
LINE
8
VISIBLE
10
129.716500
20
208.532553
30
0.0
11
130.716500
21
208.532553
31
0.0
0
LINE
8
VISIBLE
10
107.891500
20
205.532553
30
0.0
11
107.891500
21
209.432553
31
0.0
0
LINE
8
VISIBLE
10
107.158500
20
205.532553
30
0.0
11
107.158500
21
209.432553
31
0.0
0
LINE
8
VISIBLE
10
107.158500
20
209.432553
30
0.0
11
107.891500
21
209.432553
31
0.0
0
LINE
8
VISIBLE
10
108.428495
20
209.432553
30
0.0
11
107.891500
21
209.432553
31
0.0
0
LINE
8
VISIBLE
10
108.428495
20
205.532553
30
0.0
11
108.428495
21
209.432553
31
0.0
0
LINE
8
VISIBLE
10
108.428495
20
209.432553
30
0.0
11
109.106141
21
209.432553
31
0.0
0
LINE
8
VISIBLE
10
112.532500
20
205.532553
30
0.0
11
112.532500
21
206.532553
31
0.0
0
LINE
8
VISIBLE
10
112.532500
20
206.532553
30
0.0
11
113.267500
21
206.532553
31
0.0
0
LINE
8
VISIBLE
10
113.267500
20
205.532553
30
0.0
11
113.267500
21
206.532553
31
0.0
0
LINE
8
VISIBLE
10
117.249826
20
206.532553
30
0.0
11
117.338500
21
206.532553
31
0.0
0
LINE
8
VISIBLE
10
117.338500
20
205.532553
30
0.0
11
117.338500
21
206.532553
31
0.0
0
LINE
8
VISIBLE
10
113.775174
20
205.532553
30
0.0
11
113.775174
21
206.532553
31
0.0
0
LINE
8
VISIBLE
10
113.812247
20
205.532553
30
0.0
11
113.812247
21
206.532553
31
0.0
0
LINE
8
VISIBLE
10
113.775174
20
206.532553
30
0.0
11
113.812247
21
206.532553
31
0.0
0
LINE
8
VISIBLE
10
113.911523
20
205.532553
30
0.0
11
113.911523
21
206.532553
31
0.0
0
LINE
8
VISIBLE
10
113.812247
20
206.532553
30
0.0
11
113.911523
21
206.532553
31
0.0
0
LINE
8
VISIBLE
10
114.066236
20
205.532553
30
0.0
11
114.066236
21
206.532553
31
0.0
0
LINE
8
VISIBLE
10
113.911523
20
206.532553
30
0.0
11
114.066236
21
206.532553
31
0.0
0
LINE
8
VISIBLE
10
114.265843
20
205.532553
30
0.0
11
114.265843
21
206.532553
31
0.0
0
LINE
8
VISIBLE
10
114.066236
20
206.532553
30
0.0
11
114.265843
21
206.532553
31
0.0
0
LINE
8
VISIBLE
10
114.496740
20
205.532553
30
0.0
11
114.496740
21
206.532553
31
0.0
0
LINE
8
VISIBLE
10
114.265843
20
206.532553
30
0.0
11
114.496740
21
206.532553
31
0.0
0
LINE
8
VISIBLE
10
117.249826
20
205.532553
30
0.0
11
117.249826
21
206.532553
31
0.0
0
LINE
8
VISIBLE
10
114.743193
20
205.532553
30
0.0
11
114.743193
21
206.532553
31
0.0
0
LINE
8
VISIBLE
10
114.496740
20
206.532553
30
0.0
11
114.743193
21
206.532553
31
0.0
0
LINE
8
VISIBLE
10
117.222170
20
206.532553
30
0.0
11
117.249826
21
206.532553
31
0.0
0
LINE
8
VISIBLE
10
117.222170
20
205.532553
30
0.0
11
117.222170
21
206.532553
31
0.0
0
LINE
8
VISIBLE
10
114.988406
20
205.532553
30
0.0
11
114.988406
21
206.532553
31
0.0
0
LINE
8
VISIBLE
10
114.743193
20
206.532553
30
0.0
11
114.988406
21
206.532553
31
0.0
0
LINE
8
VISIBLE
10
117.131670
20
206.532553
30
0.0
11
117.222170
21
206.532553
31
0.0
0
LINE
8
VISIBLE
10
117.131670
20
205.532553
30
0.0
11
117.131670
21
206.532553
31
0.0
0
LINE
8
VISIBLE
10
115.215669
20
205.532553
30
0.0
11
115.215669
21
206.532553
31
0.0
0
LINE
8
VISIBLE
10
114.988406
20
206.532553
30
0.0
11
115.215669
21
206.532553
31
0.0
0
LINE
8
VISIBLE
10
116.984493
20
206.532553
30
0.0
11
117.131670
21
206.532553
31
0.0
0
LINE
8
VISIBLE
10
116.984493
20
205.532553
30
0.0
11
116.984493
21
206.532553
31
0.0
0
LINE
8
VISIBLE
10
116.790669
20
205.532553
30
0.0
11
116.790669
21
206.532553
31
0.0
0
LINE
8
VISIBLE
10
115.215669
20
206.532553
30
0.0
11
116.790669
21
206.532553
31
0.0
0
LINE
8
VISIBLE
10
116.790669
20
206.532553
30
0.0
11
116.984493
21
206.532553
31
0.0
0
LINE
8
VISIBLE
10
131.516500
20
205.532553
30
0.0
11
131.516500
21
208.532553
31
0.0
0
LINE
8
VISIBLE
10
108.533500
20
208.532553
30
0.0
11
108.533500
21
205.532553
31
0.0
0
LINE
8
VISIBLE
10
108.826393
20
209.239659
30
0.0
11
108.702030
21
209.088123
31
0.0
0
LINE
8
VISIBLE
10
108.977930
20
209.364022
30
0.0
11
108.826393
21
209.239659
31
0.0
0
LINE
8
VISIBLE
10
109.150817
20
209.456432
30
0.0
11
108.977930
21
209.364022
31
0.0
0
LINE
8
VISIBLE
10
109.333500
20
209.511849
30
0.0
11
109.150817
21
209.456432
31
0.0
0
LINE
8
VISIBLE
10
110.850000
20
209.532553
30
0.0
11
110.333500
21
209.532553
31
0.0
0
LINE
8
VISIBLE
10
110.850000
20
208.432553
30
0.0
11
110.850000
21
209.532553
31
0.0
0
ARC
8
VISIBLE
10
111.575000
20
207.859553
30
0.0
40
0.725000
50
194.130894
51
0.000000
0
LINE
8
VISIBLE
10
112.300000
20
207.859553
30
0.0
11
112.300000
21
209.532553
31
0.0
0
LINE
8
VISIBLE
10
127.750000
20
209.532553
30
0.0
11
112.300000
21
209.532553
31
0.0
0
LINE
8
VISIBLE
10
127.750000
20
207.859553
30
0.0
11
127.750000
21
209.532553
31
0.0
0
ARC
8
VISIBLE
10
128.475000
20
207.859553
30
0.0
40
0.725000
50
180.000000
51
345.869106
0
LINE
8
VISIBLE
10
129.200000
20
208.432553
30
0.0
11
129.200000
21
209.532553
31
0.0
0
LINE
8
VISIBLE
10
129.716500
20
209.532553
30
0.0
11
129.200000
21
209.532553
31
0.0
0
LINE
8
VISIBLE
10
130.899183
20
209.456432
30
0.0
11
130.716500
21
209.511849
31
0.0
0
LINE
8
VISIBLE
10
131.072070
20
209.364022
30
0.0
11
130.899183
21
209.456432
31
0.0
0
LINE
8
VISIBLE
10
131.223607
20
209.239659
30
0.0
11
131.072070
21
209.364022
31
0.0
0
LINE
8
VISIBLE
10
131.347970
20
209.088123
30
0.0
11
131.223607
21
209.239659
31
0.0
0
LINE
8
VISIBLE
10
131.440380
20
208.915236
30
0.0
11
131.347970
21
209.088123
31
0.0
0
LINE
8
VISIBLE
10
131.497285
20
208.727643
30
0.0
11
131.440380
21
208.915236
31
0.0
0
LINE
8
VISIBLE
10
131.516500
20
208.532553
30
0.0
11
131.497285
21
208.727643
31
0.0
0
LINE
8
VISIBLE
10
108.552715
20
208.727643
30
0.0
11
108.533500
21
208.532553
31
0.0
0
LINE
8
VISIBLE
10
108.609620
20
208.915236
30
0.0
11
108.552715
21
208.727643
31
0.0
0
LINE
8
VISIBLE
10
108.702030
20
209.088123
30
0.0
11
108.609620
21
208.915236
31
0.0
0
LINE
8
VISIBLE
10
132.891500
20
205.532553
30
0.0
11
132.891500
21
209.432553
31
0.0
0
LINE
8
VISIBLE
10
132.158500
20
205.532553
30
0.0
11
132.158500
21
209.432553
31
0.0
0
LINE
8
VISIBLE
10
132.158500
20
209.432553
30
0.0
11
132.891500
21
209.432553
31
0.0
0
LINE
8
VISIBLE
10
132.158500
20
209.432553
30
0.0
11
131.621505
21
209.432553
31
0.0
0
LINE
8
VISIBLE
10
131.621505
20
205.532553
30
0.0
11
131.621505
21
209.432553
31
0.0
0
LINE
8
VISIBLE
10
130.943859
20
209.432553
30
0.0
11
131.621505
21
209.432553
31
0.0
0
LINE
8
VISIBLE
10
122.711500
20
205.532553
30
0.0
11
122.711500
21
206.532553
31
0.0
0
LINE
8
VISIBLE
10
122.711500
20
206.532553
30
0.0
11
122.800174
21
206.532553
31
0.0
0
LINE
8
VISIBLE
10
125.061594
20
205.532553
30
0.0
11
125.061594
21
206.532553
31
0.0
0
LINE
8
VISIBLE
10
124.834331
20
206.532553
30
0.0
11
125.061594
21
206.532553
31
0.0
0
LINE
8
VISIBLE
10
124.834331
20
205.532553
30
0.0
11
124.834331
21
206.532553
31
0.0
0
LINE
8
VISIBLE
10
123.259331
20
206.532553
30
0.0
11
124.834331
21
206.532553
31
0.0
0
LINE
8
VISIBLE
10
123.259331
20
205.532553
30
0.0
11
123.259331
21
206.532553
31
0.0
0
LINE
8
VISIBLE
10
125.306807
20
205.532553
30
0.0
11
125.306807
21
206.532553
31
0.0
0
LINE
8
VISIBLE
10
125.061594
20
206.532553
30
0.0
11
125.306807
21
206.532553
31
0.0
0
LINE
8
VISIBLE
10
123.065507
20
206.532553
30
0.0
11
123.259331
21
206.532553
31
0.0
0
LINE
8
VISIBLE
10
123.065507
20
205.532553
30
0.0
11
123.065507
21
206.532553
31
0.0
0
LINE
8
VISIBLE
10
125.553260
20
205.532553
30
0.0
11
125.553260
21
206.532553
31
0.0
0
LINE
8
VISIBLE
10
125.306807
20
206.532553
30
0.0
11
125.553260
21
206.532553
31
0.0
0
LINE
8
VISIBLE
10
122.918330
20
206.532553
30
0.0
11
123.065507
21
206.532553
31
0.0
0
LINE
8
VISIBLE
10
122.918330
20
205.532553
30
0.0
11
122.918330
21
206.532553
31
0.0
0
LINE
8
VISIBLE
10
125.784157
20
205.532553
30
0.0
11
125.784157
21
206.532553
31
0.0
0
LINE
8
VISIBLE
10
125.553260
20
206.532553
30
0.0
11
125.784157
21
206.532553
31
0.0
0
LINE
8
VISIBLE
10
122.827830
20
206.532553
30
0.0
11
122.918330
21
206.532553
31
0.0
0
LINE
8
VISIBLE
10
122.827830
20
205.532553
30
0.0
11
122.827830
21
206.532553
31
0.0
0
LINE
8
VISIBLE
10
125.983764
20
205.532553
30
0.0
11
125.983764
21
206.532553
31
0.0
0
LINE
8
VISIBLE
10
125.784157
20
206.532553
30
0.0
11
125.983764
21
206.532553
31
0.0
0
LINE
8
VISIBLE
10
122.800174
20
206.532553
30
0.0
11
122.827830
21
206.532553
31
0.0
0
LINE
8
VISIBLE
10
122.800174
20
205.532553
30
0.0
11
122.800174
21
206.532553
31
0.0
0
LINE
8
VISIBLE
10
126.138477
20
205.532553
30
0.0
11
126.138477
21
206.532553
31
0.0
0
LINE
8
VISIBLE
10
125.983764
20
206.532553
30
0.0
11
126.138477
21
206.532553
31
0.0
0
LINE
8
VISIBLE
10
126.237753
20
205.532553
30
0.0
11
126.237753
21
206.532553
31
0.0
0
LINE
8
VISIBLE
10
126.138477
20
206.532553
30
0.0
11
126.237753
21
206.532553
31
0.0
0
LINE
8
VISIBLE
10
126.274826
20
205.532553
30
0.0
11
126.274826
21
206.532553
31
0.0
0
LINE
8
VISIBLE
10
126.237753
20
206.532553
30
0.0
11
126.274826
21
206.532553
31
0.0
0
LINE
8
VISIBLE
10
126.782500
20
205.532553
30
0.0
11
126.782500
21
206.532553
31
0.0
0
LINE
8
VISIBLE
10
126.782500
20
206.532553
30
0.0
11
127.517500
21
206.532553
31
0.0
0
LINE
8
VISIBLE
10
127.517500
20
205.532553
30
0.0
11
127.517500
21
206.532553
31
0.0
0
LINE
8
VISIBLE
10
109.333500
20
208.706201
30
0.0
11
110.333500
21
208.706201
31
0.0
0
LINE
8
VISIBLE
10
109.333500
20
208.706201
30
0.0
11
109.333500
21
208.532553
31
0.0
0
LINE
8
VISIBLE
10
110.333500
20
208.706201
30
0.0
11
110.333500
21
208.532553
31
0.0
0
LINE
8
VISIBLE
10
109.333500
20
208.874573
30
0.0
11
110.333500
21
208.874573
31
0.0
0
LINE
8
VISIBLE
10
109.333500
20
208.874573
30
0.0
11
109.333500
21
208.706201
31
0.0
0
LINE
8
VISIBLE
10
110.333500
20
208.874573
30
0.0
11
110.333500
21
208.706201
31
0.0
0
LINE
8
VISIBLE
10
109.333500
20
209.032553
30
0.0
11
110.333500
21
209.032553
31
0.0
0
LINE
8
VISIBLE
10
109.333500
20
209.032553
30
0.0
11
109.333500
21
208.874573
31
0.0
0
LINE
8
VISIBLE
10
110.333500
20
209.032553
30
0.0
11
110.333500
21
208.874573
31
0.0
0
LINE
8
VISIBLE
10
109.333500
20
209.175340
30
0.0
11
110.333500
21
209.175340
31
0.0
0
LINE
8
VISIBLE
10
109.333500
20
209.175340
30
0.0
11
109.333500
21
209.032553
31
0.0
0
LINE
8
VISIBLE
10
110.333500
20
209.175340
30
0.0
11
110.333500
21
209.032553
31
0.0
0
LINE
8
VISIBLE
10
109.333500
20
209.298597
30
0.0
11
110.333500
21
209.298597
31
0.0
0
LINE
8
VISIBLE
10
109.333500
20
209.298597
30
0.0
11
109.333500
21
209.175340
31
0.0
0
LINE
8
VISIBLE
10
110.333500
20
209.298597
30
0.0
11
110.333500
21
209.175340
31
0.0
0
LINE
8
VISIBLE
10
109.333500
20
209.398578
30
0.0
11
110.333500
21
209.398578
31
0.0
0
LINE
8
VISIBLE
10
109.333500
20
209.398578
30
0.0
11
109.333500
21
209.298597
31
0.0
0
LINE
8
VISIBLE
10
110.333500
20
209.398578
30
0.0
11
110.333500
21
209.298597
31
0.0
0
LINE
8
VISIBLE
10
109.333500
20
209.472245
30
0.0
11
110.333500
21
209.472245
31
0.0
0
LINE
8
VISIBLE
10
109.333500
20
209.472245
30
0.0
11
109.333500
21
209.398578
31
0.0
0
LINE
8
VISIBLE
10
110.333500
20
209.472245
30
0.0
11
110.333500
21
209.398578
31
0.0
0
LINE
8
VISIBLE
10
109.333500
20
209.517360
30
0.0
11
110.333500
21
209.517360
31
0.0
0
LINE
8
VISIBLE
10
109.333500
20
209.517360
30
0.0
11
109.333500
21
209.472245
31
0.0
0
LINE
8
VISIBLE
10
110.333500
20
209.517360
30
0.0
11
110.333500
21
209.472245
31
0.0
0
LINE
8
VISIBLE
10
109.333500
20
209.532553
30
0.0
11
110.333500
21
209.532553
31
0.0
0
LINE
8
VISIBLE
10
109.333500
20
209.532553
30
0.0
11
109.333500
21
209.517360
31
0.0
0
LINE
8
VISIBLE
10
110.333500
20
209.532553
30
0.0
11
110.333500
21
209.517360
31
0.0
0
LINE
8
VISIBLE
10
129.716500
20
208.706201
30
0.0
11
130.716500
21
208.706201
31
0.0
0
LINE
8
VISIBLE
10
129.716500
20
208.706201
30
0.0
11
129.716500
21
208.532553
31
0.0
0
LINE
8
VISIBLE
10
130.716500
20
208.706201
30
0.0
11
130.716500
21
208.532553
31
0.0
0
LINE
8
VISIBLE
10
129.716500
20
208.874573
30
0.0
11
130.716500
21
208.874573
31
0.0
0
LINE
8
VISIBLE
10
129.716500
20
208.874573
30
0.0
11
129.716500
21
208.706201
31
0.0
0
LINE
8
VISIBLE
10
130.716500
20
208.874573
30
0.0
11
130.716500
21
208.706201
31
0.0
0
LINE
8
VISIBLE
10
129.716500
20
209.032553
30
0.0
11
130.716500
21
209.032553
31
0.0
0
LINE
8
VISIBLE
10
129.716500
20
209.032553
30
0.0
11
129.716500
21
208.874573
31
0.0
0
LINE
8
VISIBLE
10
130.716500
20
209.032553
30
0.0
11
130.716500
21
208.874573
31
0.0
0
LINE
8
VISIBLE
10
129.716500
20
209.175340
30
0.0
11
130.716500
21
209.175340
31
0.0
0
LINE
8
VISIBLE
10
129.716500
20
209.175340
30
0.0
11
129.716500
21
209.032553
31
0.0
0
LINE
8
VISIBLE
10
130.716500
20
209.175340
30
0.0
11
130.716500
21
209.032553
31
0.0
0
LINE
8
VISIBLE
10
129.716500
20
209.298597
30
0.0
11
130.716500
21
209.298597
31
0.0
0
LINE
8
VISIBLE
10
129.716500
20
209.298597
30
0.0
11
129.716500
21
209.175340
31
0.0
0
LINE
8
VISIBLE
10
130.716500
20
209.298597
30
0.0
11
130.716500
21
209.175340
31
0.0
0
LINE
8
VISIBLE
10
129.716500
20
209.398578
30
0.0
11
130.716500
21
209.398578
31
0.0
0
LINE
8
VISIBLE
10
129.716500
20
209.398578
30
0.0
11
129.716500
21
209.298597
31
0.0
0
LINE
8
VISIBLE
10
130.716500
20
209.398578
30
0.0
11
130.716500
21
209.298597
31
0.0
0
LINE
8
VISIBLE
10
129.716500
20
209.472245
30
0.0
11
130.716500
21
209.472245
31
0.0
0
LINE
8
VISIBLE
10
129.716500
20
209.472245
30
0.0
11
129.716500
21
209.398578
31
0.0
0
LINE
8
VISIBLE
10
130.716500
20
209.472245
30
0.0
11
130.716500
21
209.398578
31
0.0
0
LINE
8
VISIBLE
10
129.716500
20
209.517360
30
0.0
11
130.716500
21
209.517360
31
0.0
0
LINE
8
VISIBLE
10
129.716500
20
209.517360
30
0.0
11
129.716500
21
209.472245
31
0.0
0
LINE
8
VISIBLE
10
130.716500
20
209.517360
30
0.0
11
130.716500
21
209.472245
31
0.0
0
LINE
8
VISIBLE
10
129.716500
20
209.532553
30
0.0
11
130.716500
21
209.532553
31
0.0
0
LINE
8
VISIBLE
10
129.716500
20
209.532553
30
0.0
11
129.716500
21
209.517360
31
0.0
0
LINE
8
VISIBLE
10
130.716500
20
209.532553
30
0.0
11
130.716500
21
209.517360
31
0.0
0
LINE
8
VISIBLE
10
117.516500
20
204.532553
30
0.0
11
117.283500
21
204.532553
31
0.0
0
LINE
8
VISIBLE
10
117.516500
20
204.532553
30
0.0
11
122.533500
21
204.532553
31
0.0
0
LINE
8
VISIBLE
10
122.766500
20
204.532553
30
0.0
11
122.533500
21
204.532553
31
0.0
0
LINE
8
VISIBLE
10
122.875000
20
202.282553
30
0.0
11
123.275000
21
201.632553
31
0.0
0
LINE
8
VISIBLE
10
116.775000
20
201.632553
30
0.0
11
117.175000
21
202.282553
31
0.0
0
LINE
8
VISIBLE
10
117.175000
20
202.282553
30
0.0
11
122.875000
21
202.282553
31
0.0
0
LINE
8
VISIBLE
10
125.775000
20
202.282553
30
0.0
11
125.775000
21
204.532553
31
0.0
0
LINE
8
VISIBLE
10
126.250000
20
202.282553
30
0.0
11
126.250000
21
204.532553
31
0.0
0
LINE
8
VISIBLE
10
125.775000
20
202.282553
30
0.0
11
126.250000
21
202.282553
31
0.0
0
LINE
8
VISIBLE
10
126.229555
20
201.477261
30
0.0
11
126.250000
21
201.632553
31
0.0
0
LINE
8
VISIBLE
10
126.169615
20
201.332553
30
0.0
11
126.229555
21
201.477261
31
0.0
0
LINE
8
VISIBLE
10
126.250000
20
201.632553
30
0.0
11
126.250000
21
202.282553
31
0.0
0
LINE
8
VISIBLE
10
126.074264
20
201.208289
30
0.0
11
126.169615
21
201.332553
31
0.0
0
LINE
8
VISIBLE
10
125.950000
20
201.112937
30
0.0
11
126.074264
21
201.208289
31
0.0
0
LINE
8
VISIBLE
10
125.805291
20
201.052997
30
0.0
11
125.950000
21
201.112937
31
0.0
0
LINE
8
VISIBLE
10
125.650000
20
201.032553
30
0.0
11
125.805291
21
201.052997
31
0.0
0
LINE
8
VISIBLE
10
123.875000
20
201.032553
30
0.0
11
125.650000
21
201.032553
31
0.0
0
LINE
8
VISIBLE
10
123.719709
20
201.052997
30
0.0
11
123.875000
21
201.032553
31
0.0
0
LINE
8
VISIBLE
10
113.800000
20
202.282553
30
0.0
11
113.800000
21
201.632553
31
0.0
0
LINE
8
VISIBLE
10
123.575000
20
201.112937
30
0.0
11
123.719709
21
201.052997
31
0.0
0
LINE
8
VISIBLE
10
113.800000
20
201.632553
30
0.0
11
113.820445
21
201.477261
31
0.0
0
LINE
8
VISIBLE
10
123.450736
20
201.208289
30
0.0
11
123.575000
21
201.112937
31
0.0
0
LINE
8
VISIBLE
10
113.820445
20
201.477261
30
0.0
11
113.880385
21
201.332553
31
0.0
0
LINE
8
VISIBLE
10
123.355385
20
201.332553
30
0.0
11
123.450736
21
201.208289
31
0.0
0
LINE
8
VISIBLE
10
113.880385
20
201.332553
30
0.0
11
113.975736
21
201.208289
31
0.0
0
LINE
8
VISIBLE
10
123.295445
20
201.477261
30
0.0
11
123.355385
21
201.332553
31
0.0
0
LINE
8
VISIBLE
10
113.975736
20
201.208289
30
0.0
11
114.100000
21
201.112937
31
0.0
0
LINE
8
VISIBLE
10
123.275000
20
201.632553
30
0.0
11
123.295445
21
201.477261
31
0.0
0
LINE
8
VISIBLE
10
114.100000
20
201.112937
30
0.0
11
114.244709
21
201.052997
31
0.0
0
LINE
8
VISIBLE
10
122.875000
20
202.282553
30
0.0
11
123.275000
21
201.632553
31
0.0
0
LINE
8
VISIBLE
10
114.244709
20
201.052997
30
0.0
11
114.400000
21
201.032553
31
0.0
0
LINE
8
VISIBLE
10
117.175000
20
202.282553
30
0.0
11
122.875000
21
202.282553
31
0.0
0
LINE
8
VISIBLE
10
114.400000
20
201.032553
30
0.0
11
116.175000
21
201.032553
31
0.0
0
LINE
8
VISIBLE
10
116.775000
20
201.632553
30
0.0
11
117.175000
21
202.282553
31
0.0
0
LINE
8
VISIBLE
10
116.175000
20
201.032553
30
0.0
11
116.330291
21
201.052997
31
0.0
0
LINE
8
VISIBLE
10
116.754555
20
201.477261
30
0.0
11
116.775000
21
201.632553
31
0.0
0
LINE
8
VISIBLE
10
116.330291
20
201.052997
30
0.0
11
116.475000
21
201.112937
31
0.0
0
LINE
8
VISIBLE
10
116.694615
20
201.332553
30
0.0
11
116.754555
21
201.477261
31
0.0
0
LINE
8
VISIBLE
10
116.475000
20
201.112937
30
0.0
11
116.599264
21
201.208289
31
0.0
0
LINE
8
VISIBLE
10
116.599264
20
201.208289
30
0.0
11
116.694615
21
201.332553
31
0.0
0
CIRCLE
8
VISIBLE
10
115.275000
20
202.282553
30
0.0
40
0.625000
0
CIRCLE
8
VISIBLE
10
124.775000
20
202.282553
30
0.0
40
0.625000
0
LINE
8
VISIBLE
10
113.800000
20
202.282553
30
0.0
11
113.800000
21
204.532553
31
0.0
0
LINE
8
VISIBLE
10
114.275000
20
202.282553
30
0.0
11
114.275000
21
204.532553
31
0.0
0
LINE
8
VISIBLE
10
113.800000
20
202.282553
30
0.0
11
114.275000
21
202.282553
31
0.0
0
LINE
8
VISIBLE
10
117.516500
20
207.687553
30
0.0
11
122.533500
21
207.687553
31
0.0
0
LINE
8
VISIBLE
10
117.516500
20
207.542553
30
0.0
11
122.533500
21
207.542553
31
0.0
0
LINE
8
VISIBLE
10
117.516500
20
207.542553
30
0.0
11
117.516500
21
207.687553
31
0.0
0
LINE
8
VISIBLE
10
122.533500
20
207.542553
30
0.0
11
122.533500
21
207.687553
31
0.0
0
LINE
8
VISIBLE
10
117.516500
20
205.062553
30
0.0
11
117.516500
21
207.542553
31
0.0
0
LINE
8
VISIBLE
10
122.533500
20
205.062553
30
0.0
11
122.533500
21
207.542553
31
0.0
0
LINE
8
VISIBLE
10
117.516500
20
205.062553
30
0.0
11
122.533500
21
205.062553
31
0.0
0
LINE
8
VISIBLE
10
117.516500
20
204.532553
30
0.0
11
117.516500
21
205.062553
31
0.0
0
LINE
8
VISIBLE
10
122.533500
20
204.532553
30
0.0
11
122.533500
21
205.062553
31
0.0
0
LINE
8
VISIBLE
10
110.333500
20
207.682553
30
0.0
11
111.281500
21
207.682553
31
0.0
0
LINE
8
VISIBLE
10
110.333500
20
208.432553
30
0.0
11
111.281500
21
208.432553
31
0.0
0
LINE
8
VISIBLE
10
111.281500
20
207.682553
30
0.0
11
111.281500
21
208.432553
31
0.0
0
LINE
8
VISIBLE
10
128.768500
20
207.682553
30
0.0
11
129.716500
21
207.682553
31
0.0
0
LINE
8
VISIBLE
10
128.768500
20
208.432553
30
0.0
11
129.716500
21
208.432553
31
0.0
0
LINE
8
VISIBLE
10
128.768500
20
207.682553
30
0.0
11
128.768500
21
208.432553
31
0.0
0
LINE
8
VISIBLE
10
107.158500
20
209.432553
30
0.0
11
106.550000
21
209.432553
31
0.0
0
LINE
8
VISIBLE
10
133.500000
20
209.432553
30
0.0
11
132.891500
21
209.432553
31
0.0
0
LINE
8
VISIBLE
10
106.550000
20
205.532553
30
0.0
11
106.550000
21
209.432553
31
0.0
0
LINE
8
VISIBLE
10
133.500000
20
205.532553
30
0.0
11
133.500000
21
209.432553
31
0.0
0
LINE
8
HIDDEN
10
110.333500
20
205.532553
30
0.0
11
109.333500
21
205.532553
31
0.0
0
LINE
8
HIDDEN
10
111.351000
20
205.532553
30
0.0
11
110.333500
21
205.532553
31
0.0
0
LINE
8
HIDDEN
10
111.351000
20
205.532553
30
0.0
11
110.333500
21
205.532553
31
0.0
0
LINE
8
HIDDEN
10
111.351000
20
205.532553
30
0.0
11
110.333500
21
205.532553
31
0.0
0
LINE
8
HIDDEN
10
114.033500
20
205.532553
30
0.0
11
107.408500
21
205.532553
31
0.0
0
LINE
8
HIDDEN
10
111.351000
20
205.532553
30
0.0
11
110.333500
21
205.532553
31
0.0
0
LINE
8
HIDDEN
10
114.228590
20
205.532553
30
0.0
11
114.033500
21
205.532553
31
0.0
0
LINE
8
HIDDEN
10
114.416183
20
205.532553
30
0.0
11
114.228590
21
205.532553
31
0.0
0
LINE
8
HIDDEN
10
109.333500
20
205.532553
30
0.0
11
110.333500
21
205.532553
31
0.0
0
LINE
8
HIDDEN
10
114.589070
20
205.532553
30
0.0
11
114.416183
21
205.532553
31
0.0
0
LINE
8
HIDDEN
10
114.740607
20
205.532553
30
0.0
11
114.589070
21
205.532553
31
0.0
0
LINE
8
HIDDEN
10
114.864970
20
205.532553
30
0.0
11
114.740607
21
205.532553
31
0.0
0
LINE
8
HIDDEN
10
114.957380
20
205.532553
30
0.0
11
114.864970
21
205.532553
31
0.0
0
LINE
8
HIDDEN
10
115.014285
20
205.532553
30
0.0
11
114.957380
21
205.532553
31
0.0
0
LINE
8
HIDDEN
10
115.033500
20
205.532553
30
0.0
11
115.014285
21
205.532553
31
0.0
0
LINE
8
HIDDEN
10
115.050537
20
205.532553
30
0.0
11
115.033500
21
205.532553
31
0.0
0
LINE
8
HIDDEN
10
115.100487
20
205.532553
30
0.0
11
115.050537
21
205.532553
31
0.0
0
LINE
8
HIDDEN
10
115.179947
20
205.532553
30
0.0
11
115.100487
21
205.532553
31
0.0
0
LINE
8
HIDDEN
10
115.283500
20
205.532553
30
0.0
11
115.179947
21
205.532553
31
0.0
0
LINE
8
HIDDEN
10
115.404090
20
205.532553
30
0.0
11
115.283500
21
205.532553
31
0.0
0
LINE
8
HIDDEN
10
115.533500
20
205.532553
30
0.0
11
115.404090
21
205.532553
31
0.0
0
LINE
8
HIDDEN
10
120.516500
20
205.532553
30
0.0
11
115.533500
21
205.532553
31
0.0
0
LINE
8
HIDDEN
10
122.533500
20
205.532553
30
0.0
11
117.516500
21
205.532553
31
0.0
0
LINE
8
HIDDEN
10
120.645910
20
205.532553
30
0.0
11
120.516500
21
205.532553
31
0.0
0
LINE
8
HIDDEN
10
120.766500
20
205.532553
30
0.0
11
120.645910
21
205.532553
31
0.0
0
LINE
8
HIDDEN
10
120.870053
20
205.532553
30
0.0
11
120.766500
21
205.532553
31
0.0
0
LINE
8
HIDDEN
10
120.949513
20
205.532553
30
0.0
11
120.870053
21
205.532553
31
0.0
0
LINE
8
HIDDEN
10
120.999463
20
205.532553
30
0.0
11
120.949513
21
205.532553
31
0.0
0
LINE
8
HIDDEN
10
121.016500
20
205.532553
30
0.0
11
120.999463
21
205.532553
31
0.0
0
LINE
8
HIDDEN
10
121.028029
20
205.532553
30
0.0
11
121.016500
21
205.532553
31
0.0
0
LINE
8
HIDDEN
10
121.062172
20
205.532553
30
0.0
11
121.028029
21
205.532553
31
0.0
0
LINE
8
HIDDEN
10
121.117618
20
205.532553
30
0.0
11
121.062172
21
205.532553
31
0.0
0
LINE
8
HIDDEN
10
121.192236
20
205.532553
30
0.0
11
121.117618
21
205.532553
31
0.0
0
LINE
8
HIDDEN
10
121.283158
20
205.532553
30
0.0
11
121.192236
21
205.532553
31
0.0
0
LINE
8
HIDDEN
10
129.716500
20
205.532553
30
0.0
11
130.716500
21
205.532553
31
0.0
0
LINE
8
HIDDEN
10
121.386890
20
205.532553
30
0.0
11
121.283158
21
205.532553
31
0.0
0
LINE
8
HIDDEN
10
121.499446
20
205.532553
30
0.0
11
121.386890
21
205.532553
31
0.0
0
LINE
8
HIDDEN
10
129.716500
20
205.532553
30
0.0
11
128.699000
21
205.532553
31
0.0
0
LINE
8
HIDDEN
10
121.616500
20
205.532553
30
0.0
11
121.499446
21
205.532553
31
0.0
0
LINE
8
HIDDEN
10
132.641500
20
205.532553
30
0.0
11
121.616500
21
205.532553
31
0.0
0
LINE
8
HIDDEN
10
129.716500
20
205.532553
30
0.0
11
128.699000
21
205.532553
31
0.0
0
LINE
8
HIDDEN
10
129.716500
20
205.532553
30
0.0
11
128.699000
21
205.532553
31
0.0
0
LINE
8
HIDDEN
10
129.716500
20
205.532553
30
0.0
11
128.699000
21
205.532553
31
0.0
0
LINE
8
HIDDEN
10
130.716500
20
205.532553
30
0.0
11
129.716500
21
205.532553
31
0.0
0
LINE
8
HIDDEN
10
107.891500
20
205.532553
30
0.0
11
107.158500
21
205.532553
31
0.0
0
LINE
8
HIDDEN
10
108.428495
20
205.532553
30
0.0
11
107.891500
21
205.532553
31
0.0
0
LINE
8
HIDDEN
10
109.516500
20
205.532553
30
0.0
11
108.428495
21
205.532553
31
0.0
0
LINE
8
HIDDEN
10
107.158500
20
205.532553
30
0.0
11
106.550000
21
205.532553
31
0.0
0
LINE
8
HIDDEN
10
106.550000
20
205.532553
30
0.0
11
107.525000
21
205.532553
31
0.0
0
LINE
8
HIDDEN
10
107.525000
20
205.532553
30
0.0
11
108.428495
21
205.532553
31
0.0
0
LINE
8
HIDDEN
10
109.516500
20
205.532553
30
0.0
11
108.428495
21
205.532553
31
0.0
0
LINE
8
HIDDEN
10
114.516500
20
205.532553
30
0.0
11
113.533500
21
205.532553
31
0.0
0
LINE
8
HIDDEN
10
114.516500
20
205.532553
30
0.0
11
113.533500
21
205.532553
31
0.0
0
LINE
8
HIDDEN
10
113.267500
20
205.532553
30
0.0
11
112.532500
21
205.532553
31
0.0
0
LINE
8
HIDDEN
10
113.267500
20
205.532553
30
0.0
11
112.532500
21
205.532553
31
0.0
0
LINE
8
HIDDEN
10
115.302500
20
205.532553
30
0.0
11
114.567500
21
205.532553
31
0.0
0
LINE
8
HIDDEN
10
115.302500
20
205.532553
30
0.0
11
115.809331
21
205.532553
31
0.0
0
LINE
8
HIDDEN
10
115.809331
20
205.532553
30
0.0
11
116.036594
21
205.532553
31
0.0
0
LINE
8
HIDDEN
10
114.234331
20
205.532553
30
0.0
11
114.567500
21
205.532553
31
0.0
0
LINE
8
HIDDEN
10
116.036594
20
205.532553
30
0.0
11
116.281807
21
205.532553
31
0.0
0
LINE
8
HIDDEN
10
114.040507
20
205.532553
30
0.0
11
114.234331
21
205.532553
31
0.0
0
LINE
8
HIDDEN
10
116.281807
20
205.532553
30
0.0
11
116.528260
21
205.532553
31
0.0
0
LINE
8
HIDDEN
10
113.893330
20
205.532553
30
0.0
11
114.040507
21
205.532553
31
0.0
0
LINE
8
HIDDEN
10
116.528260
20
205.532553
30
0.0
11
116.603500
21
205.532553
31
0.0
0
LINE
8
HIDDEN
10
113.802830
20
205.532553
30
0.0
11
113.893330
21
205.532553
31
0.0
0
LINE
8
HIDDEN
10
113.775174
20
205.532553
30
0.0
11
113.802830
21
205.532553
31
0.0
0
LINE
8
HIDDEN
10
117.338500
20
205.532553
30
0.0
11
116.603500
21
205.532553
31
0.0
0
LINE
8
HIDDEN
10
113.812247
20
205.532553
30
0.0
11
113.775174
21
205.532553
31
0.0
0
LINE
8
HIDDEN
10
113.911523
20
205.532553
30
0.0
11
113.812247
21
205.532553
31
0.0
0
LINE
8
HIDDEN
10
117.338500
20
205.532553
30
0.0
11
116.603500
21
205.532553
31
0.0
0
LINE
8
HIDDEN
10
114.066236
20
205.532553
30
0.0
11
113.911523
21
205.532553
31
0.0
0
LINE
8
HIDDEN
10
114.265843
20
205.532553
30
0.0
11
114.066236
21
205.532553
31
0.0
0
LINE
8
HIDDEN
10
116.603500
20
205.532553
30
0.0
11
115.302500
21
205.532553
31
0.0
0
LINE
8
HIDDEN
10
114.496740
20
205.532553
30
0.0
11
114.265843
21
205.532553
31
0.0
0
LINE
8
HIDDEN
10
114.567500
20
205.532553
30
0.0
11
114.496740
21
205.532553
31
0.0
0
LINE
8
HIDDEN
10
115.302500
20
205.532553
30
0.0
11
114.567500
21
205.532553
31
0.0
0
LINE
8
HIDDEN
10
120.675500
20
205.532553
30
0.0
11
119.374500
21
205.532553
31
0.0
0
LINE
8
HIDDEN
10
121.410500
20
205.532553
30
0.0
11
120.675500
21
205.532553
31
0.0
0
LINE
8
HIDDEN
10
122.025000
20
205.532553
30
0.0
11
121.410500
21
205.532553
31
0.0
0
LINE
8
HIDDEN
10
122.025000
20
205.532553
30
0.0
11
121.410500
21
205.532553
31
0.0
0
LINE
8
HIDDEN
10
121.410500
20
205.532553
30
0.0
11
120.675500
21
205.532553
31
0.0
0
LINE
8
HIDDEN
10
120.675500
20
205.532553
30
0.0
11
119.374500
21
205.532553
31
0.0
0
LINE
8
HIDDEN
10
119.374500
20
205.532553
30
0.0
11
118.639500
21
205.532553
31
0.0
0
LINE
8
HIDDEN
10
118.639500
20
205.532553
30
0.0
11
118.025000
21
205.532553
31
0.0
0
LINE
8
HIDDEN
10
118.639500
20
205.532553
30
0.0
11
118.025000
21
205.532553
31
0.0
0
LINE
8
HIDDEN
10
119.374500
20
205.532553
30
0.0
11
118.639500
21
205.532553
31
0.0
0
LINE
8
HIDDEN
10
114.234331
20
205.532553
30
0.0
11
114.040507
21
205.532553
31
0.0
0
LINE
8
HIDDEN
10
115.809331
20
205.532553
30
0.0
11
114.234331
21
205.532553
31
0.0
0
LINE
8
HIDDEN
10
114.040507
20
205.532553
30
0.0
11
113.893330
21
205.532553
31
0.0
0
LINE
8
HIDDEN
10
116.036594
20
205.532553
30
0.0
11
115.809331
21
205.532553
31
0.0
0
LINE
8
HIDDEN
10
113.893330
20
205.532553
30
0.0
11
113.802830
21
205.532553
31
0.0
0
LINE
8
HIDDEN
10
116.281807
20
205.532553
30
0.0
11
116.036594
21
205.532553
31
0.0
0
LINE
8
HIDDEN
10
113.802830
20
205.532553
30
0.0
11
113.775174
21
205.532553
31
0.0
0
LINE
8
HIDDEN
10
116.528260
20
205.532553
30
0.0
11
116.281807
21
205.532553
31
0.0
0
LINE
8
HIDDEN
10
113.775174
20
205.532553
30
0.0
11
113.812247
21
205.532553
31
0.0
0
LINE
8
HIDDEN
10
116.759157
20
205.532553
30
0.0
11
116.528260
21
205.532553
31
0.0
0
LINE
8
HIDDEN
10
113.812247
20
205.532553
30
0.0
11
113.911523
21
205.532553
31
0.0
0
LINE
8
HIDDEN
10
116.958764
20
205.532553
30
0.0
11
116.759157
21
205.532553
31
0.0
0
LINE
8
HIDDEN
10
113.911523
20
205.532553
30
0.0
11
114.066236
21
205.532553
31
0.0
0
LINE
8
HIDDEN
10
117.113477
20
205.532553
30
0.0
11
116.958764
21
205.532553
31
0.0
0
LINE
8
HIDDEN
10
114.066236
20
205.532553
30
0.0
11
114.265843
21
205.532553
31
0.0
0
LINE
8
HIDDEN
10
117.212753
20
205.532553
30
0.0
11
117.113477
21
205.532553
31
0.0
0
LINE
8
HIDDEN
10
114.265843
20
205.532553
30
0.0
11
114.496740
21
205.532553
31
0.0
0
LINE
8
HIDDEN
10
117.249826
20
205.532553
30
0.0
11
117.212753
21
205.532553
31
0.0
0
LINE
8
HIDDEN
10
114.496740
20
205.532553
30
0.0
11
114.743193
21
205.532553
31
0.0
0
LINE
8
HIDDEN
10
117.222170
20
205.532553
30
0.0
11
117.249826
21
205.532553
31
0.0
0
LINE
8
HIDDEN
10
114.743193
20
205.532553
30
0.0
11
114.988406
21
205.532553
31
0.0
0
LINE
8
HIDDEN
10
117.131670
20
205.532553
30
0.0
11
117.222170
21
205.532553
31
0.0
0
LINE
8
HIDDEN
10
114.988406
20
205.532553
30
0.0
11
115.215669
21
205.532553
31
0.0
0
LINE
8
HIDDEN
10
116.984493
20
205.532553
30
0.0
11
117.131670
21
205.532553
31
0.0
0
LINE
8
HIDDEN
10
115.215669
20
205.532553
30
0.0
11
116.790669
21
205.532553
31
0.0
0
LINE
8
HIDDEN
10
116.790669
20
205.532553
30
0.0
11
116.984493
21
205.532553
31
0.0
0
LINE
8
HIDDEN
10
131.516500
20
205.532553
30
0.0
11
108.533500
21
205.532553
31
0.0
0
LINE
8
HIDDEN
10
131.516500
20
205.532553
30
0.0
11
108.533500
21
205.532553
31
0.0
0
LINE
8
HIDDEN
10
126.516500
20
205.532553
30
0.0
11
125.533500
21
205.532553
31
0.0
0
LINE
8
HIDDEN
10
126.516500
20
205.532553
30
0.0
11
125.533500
21
205.532553
31
0.0
0
LINE
8
HIDDEN
10
132.891500
20
205.532553
30
0.0
11
132.158500
21
205.532553
31
0.0
0
LINE
8
HIDDEN
10
132.525000
20
205.532553
30
0.0
11
133.500000
21
205.532553
31
0.0
0
LINE
8
HIDDEN
10
133.500000
20
205.532553
30
0.0
11
132.891500
21
205.532553
31
0.0
0
LINE
8
HIDDEN
10
131.621505
20
205.532553
30
0.0
11
132.525000
21
205.532553
31
0.0
0
LINE
8
HIDDEN
10
132.158500
20
205.532553
30
0.0
11
131.621505
21
205.532553
31
0.0
0
LINE
8
HIDDEN
10
131.621505
20
205.532553
30
0.0
11
130.533500
21
205.532553
31
0.0
0
LINE
8
HIDDEN
10
131.621505
20
205.532553
30
0.0
11
130.533500
21
205.532553
31
0.0
0
LINE
8
HIDDEN
10
123.446500
20
205.532553
30
0.0
11
122.711500
21
205.532553
31
0.0
0
LINE
8
HIDDEN
10
123.446500
20
205.532553
30
0.0
11
123.521740
21
205.532553
31
0.0
0
LINE
8
HIDDEN
10
123.521740
20
205.532553
30
0.0
11
123.768193
21
205.532553
31
0.0
0
LINE
8
HIDDEN
10
123.446500
20
205.532553
30
0.0
11
122.711500
21
205.532553
31
0.0
0
LINE
8
HIDDEN
10
123.768193
20
205.532553
30
0.0
11
124.013406
21
205.532553
31
0.0
0
LINE
8
HIDDEN
10
124.013406
20
205.532553
30
0.0
11
124.240669
21
205.532553
31
0.0
0
LINE
8
HIDDEN
10
124.747500
20
205.532553
30
0.0
11
123.446500
21
205.532553
31
0.0
0
LINE
8
HIDDEN
10
124.240669
20
205.532553
30
0.0
11
124.747500
21
205.532553
31
0.0
0
LINE
8
HIDDEN
10
125.482500
20
205.532553
30
0.0
11
124.747500
21
205.532553
31
0.0
0
LINE
8
HIDDEN
10
125.482500
20
205.532553
30
0.0
11
124.747500
21
205.532553
31
0.0
0
LINE
8
HIDDEN
10
125.553260
20
205.532553
30
0.0
11
125.482500
21
205.532553
31
0.0
0
LINE
8
HIDDEN
10
125.482500
20
205.532553
30
0.0
11
125.815669
21
205.532553
31
0.0
0
LINE
8
HIDDEN
10
125.784157
20
205.532553
30
0.0
11
125.553260
21
205.532553
31
0.0
0
LINE
8
HIDDEN
10
125.815669
20
205.532553
30
0.0
11
126.009493
21
205.532553
31
0.0
0
LINE
8
HIDDEN
10
125.983764
20
205.532553
30
0.0
11
125.784157
21
205.532553
31
0.0
0
LINE
8
HIDDEN
10
126.009493
20
205.532553
30
0.0
11
126.156670
21
205.532553
31
0.0
0
LINE
8
HIDDEN
10
126.138477
20
205.532553
30
0.0
11
125.983764
21
205.532553
31
0.0
0
LINE
8
HIDDEN
10
126.156670
20
205.532553
30
0.0
11
126.247170
21
205.532553
31
0.0
0
LINE
8
HIDDEN
10
126.237753
20
205.532553
30
0.0
11
126.138477
21
205.532553
31
0.0
0
LINE
8
HIDDEN
10
126.247170
20
205.532553
30
0.0
11
126.274826
21
205.532553
31
0.0
0
LINE
8
HIDDEN
10
126.274826
20
205.532553
30
0.0
11
126.237753
21
205.532553
31
0.0
0
LINE
8
HIDDEN
10
124.834331
20
205.532553
30
0.0
11
125.061594
21
205.532553
31
0.0
0
LINE
8
HIDDEN
10
123.259331
20
205.532553
30
0.0
11
124.834331
21
205.532553
31
0.0
0
LINE
8
HIDDEN
10
125.061594
20
205.532553
30
0.0
11
125.306807
21
205.532553
31
0.0
0
LINE
8
HIDDEN
10
123.065507
20
205.532553
30
0.0
11
123.259331
21
205.532553
31
0.0
0
LINE
8
HIDDEN
10
125.306807
20
205.532553
30
0.0
11
125.553260
21
205.532553
31
0.0
0
LINE
8
HIDDEN
10
122.918330
20
205.532553
30
0.0
11
123.065507
21
205.532553
31
0.0
0
LINE
8
HIDDEN
10
125.553260
20
205.532553
30
0.0
11
125.784157
21
205.532553
31
0.0
0
LINE
8
HIDDEN
10
122.827830
20
205.532553
30
0.0
11
122.918330
21
205.532553
31
0.0
0
LINE
8
HIDDEN
10
125.784157
20
205.532553
30
0.0
11
125.983764
21
205.532553
31
0.0
0
LINE
8
HIDDEN
10
122.800174
20
205.532553
30
0.0
11
122.827830
21
205.532553
31
0.0
0
LINE
8
HIDDEN
10
125.983764
20
205.532553
30
0.0
11
126.138477
21
205.532553
31
0.0
0
LINE
8
HIDDEN
10
122.837247
20
205.532553
30
0.0
11
122.800174
21
205.532553
31
0.0
0
LINE
8
HIDDEN
10
126.138477
20
205.532553
30
0.0
11
126.237753
21
205.532553
31
0.0
0
LINE
8
HIDDEN
10
122.936523
20
205.532553
30
0.0
11
122.837247
21
205.532553
31
0.0
0
LINE
8
HIDDEN
10
126.237753
20
205.532553
30
0.0
11
126.274826
21
205.532553
31
0.0
0
LINE
8
HIDDEN
10
123.091236
20
205.532553
30
0.0
11
122.936523
21
205.532553
31
0.0
0
LINE
8
HIDDEN
10
126.274826
20
205.532553
30
0.0
11
126.247170
21
205.532553
31
0.0
0
LINE
8
HIDDEN
10
123.290843
20
205.532553
30
0.0
11
123.091236
21
205.532553
31
0.0
0
LINE
8
HIDDEN
10
126.247170
20
205.532553
30
0.0
11
126.156670
21
205.532553
31
0.0
0
LINE
8
HIDDEN
10
123.521740
20
205.532553
30
0.0
11
123.290843
21
205.532553
31
0.0
0
LINE
8
HIDDEN
10
126.156670
20
205.532553
30
0.0
11
126.009493
21
205.532553
31
0.0
0
LINE
8
HIDDEN
10
123.768193
20
205.532553
30
0.0
11
123.521740
21
205.532553
31
0.0
0
LINE
8
HIDDEN
10
126.009493
20
205.532553
30
0.0
11
125.815669
21
205.532553
31
0.0
0
LINE
8
HIDDEN
10
124.013406
20
205.532553
30
0.0
11
123.768193
21
205.532553
31
0.0
0
LINE
8
HIDDEN
10
125.815669
20
205.532553
30
0.0
11
124.240669
21
205.532553
31
0.0
0
LINE
8
HIDDEN
10
124.240669
20
205.532553
30
0.0
11
124.013406
21
205.532553
31
0.0
0
LINE
8
HIDDEN
10
127.517500
20
205.532553
30
0.0
11
126.782500
21
205.532553
31
0.0
0
LINE
8
HIDDEN
10
127.517500
20
205.532553
30
0.0
11
126.782500
21
205.532553
31
0.0
0
LINE
8
HIDDEN
10
114.033500
20
204.532553
30
0.0
11
107.408500
21
204.532553
31
0.0
0
LINE
8
HIDDEN
10
114.033500
20
204.532553
30
0.0
11
114.033500
21
205.532553
31
0.0
0
LINE
8
HIDDEN
10
114.228590
20
204.532553
30
0.0
11
114.033500
21
204.532553
31
0.0
0
LINE
8
HIDDEN
10
114.228590
20
204.532553
30
0.0
11
114.228590
21
205.532553
31
0.0
0
LINE
8
HIDDEN
10
114.416183
20
204.532553
30
0.0
11
114.228590
21
204.532553
31
0.0
0
LINE
8
HIDDEN
10
114.416183
20
204.532553
30
0.0
11
114.416183
21
205.532553
31
0.0
0
LINE
8
HIDDEN
10
114.589070
20
204.532553
30
0.0
11
114.416183
21
204.532553
31
0.0
0
LINE
8
HIDDEN
10
114.589070
20
204.532553
30
0.0
11
114.589070
21
205.532553
31
0.0
0
LINE
8
HIDDEN
10
114.740607
20
204.532553
30
0.0
11
114.589070
21
204.532553
31
0.0
0
LINE
8
HIDDEN
10
114.740607
20
204.532553
30
0.0
11
114.740607
21
205.532553
31
0.0
0
LINE
8
HIDDEN
10
114.864970
20
204.532553
30
0.0
11
114.740607
21
204.532553
31
0.0
0
LINE
8
HIDDEN
10
114.864970
20
204.532553
30
0.0
11
114.864970
21
205.532553
31
0.0
0
LINE
8
HIDDEN
10
114.957380
20
204.532553
30
0.0
11
114.864970
21
204.532553
31
0.0
0
LINE
8
HIDDEN
10
114.957380
20
204.532553
30
0.0
11
114.957380
21
205.532553
31
0.0
0
LINE
8
HIDDEN
10
115.014285
20
204.532553
30
0.0
11
114.957380
21
204.532553
31
0.0
0
LINE
8
HIDDEN
10
115.014285
20
204.532553
30
0.0
11
115.014285
21
205.532553
31
0.0
0
LINE
8
HIDDEN
10
115.033500
20
204.532553
30
0.0
11
115.014285
21
204.532553
31
0.0
0
LINE
8
HIDDEN
10
115.033500
20
204.532553
30
0.0
11
115.033500
21
205.532553
31
0.0
0
LINE
8
HIDDEN
10
115.033500
20
204.532553
30
0.0
11
115.033500
21
205.532553
31
0.0
0
LINE
8
HIDDEN
10
115.050537
20
204.532553
30
0.0
11
115.033500
21
204.532553
31
0.0
0
LINE
8
HIDDEN
10
115.050537
20
204.532553
30
0.0
11
115.050537
21
205.532553
31
0.0
0
LINE
8
HIDDEN
10
115.100487
20
204.532553
30
0.0
11
115.050537
21
204.532553
31
0.0
0
LINE
8
HIDDEN
10
115.100487
20
204.532553
30
0.0
11
115.100487
21
205.532553
31
0.0
0
LINE
8
HIDDEN
10
115.179947
20
204.532553
30
0.0
11
115.100487
21
204.532553
31
0.0
0
LINE
8
HIDDEN
10
115.179947
20
204.532553
30
0.0
11
115.179947
21
205.532553
31
0.0
0
LINE
8
HIDDEN
10
115.283500
20
204.532553
30
0.0
11
115.179947
21
204.532553
31
0.0
0
LINE
8
HIDDEN
10
115.283500
20
204.532553
30
0.0
11
115.283500
21
205.532553
31
0.0
0
LINE
8
HIDDEN
10
115.404090
20
204.532553
30
0.0
11
115.283500
21
204.532553
31
0.0
0
LINE
8
HIDDEN
10
115.404090
20
204.532553
30
0.0
11
115.404090
21
205.532553
31
0.0
0
LINE
8
HIDDEN
10
115.533500
20
204.532553
30
0.0
11
115.404090
21
204.532553
31
0.0
0
LINE
8
HIDDEN
10
115.533500
20
204.532553
30
0.0
11
115.533500
21
205.532553
31
0.0
0
LINE
8
HIDDEN
10
120.516500
20
204.532553
30
0.0
11
115.533500
21
204.532553
31
0.0
0
LINE
8
HIDDEN
10
120.516500
20
204.532553
30
0.0
11
120.516500
21
205.532553
31
0.0
0
LINE
8
HIDDEN
10
120.645910
20
204.532553
30
0.0
11
120.516500
21
204.532553
31
0.0
0
LINE
8
HIDDEN
10
120.645910
20
204.532553
30
0.0
11
120.645910
21
205.532553
31
0.0
0
LINE
8
HIDDEN
10
120.766500
20
204.532553
30
0.0
11
120.645910
21
204.532553
31
0.0
0
LINE
8
HIDDEN
10
120.766500
20
204.532553
30
0.0
11
120.766500
21
205.532553
31
0.0
0
LINE
8
HIDDEN
10
120.870053
20
204.532553
30
0.0
11
120.766500
21
204.532553
31
0.0
0
LINE
8
HIDDEN
10
120.870053
20
204.532553
30
0.0
11
120.870053
21
205.532553
31
0.0
0
LINE
8
HIDDEN
10
120.949513
20
204.532553
30
0.0
11
120.870053
21
204.532553
31
0.0
0
LINE
8
HIDDEN
10
120.949513
20
204.532553
30
0.0
11
120.949513
21
205.532553
31
0.0
0
LINE
8
HIDDEN
10
120.999463
20
204.532553
30
0.0
11
120.949513
21
204.532553
31
0.0
0
LINE
8
HIDDEN
10
120.999463
20
204.532553
30
0.0
11
120.999463
21
205.532553
31
0.0
0
LINE
8
HIDDEN
10
121.016500
20
204.532553
30
0.0
11
120.999463
21
204.532553
31
0.0
0
LINE
8
HIDDEN
10
121.016500
20
204.532553
30
0.0
11
121.016500
21
205.532553
31
0.0
0
LINE
8
HIDDEN
10
121.016500
20
204.532553
30
0.0
11
121.016500
21
205.532553
31
0.0
0
LINE
8
HIDDEN
10
121.028029
20
204.532553
30
0.0
11
121.016500
21
204.532553
31
0.0
0
LINE
8
HIDDEN
10
121.028029
20
204.532553
30
0.0
11
121.028029
21
205.532553
31
0.0
0
LINE
8
HIDDEN
10
121.062172
20
204.532553
30
0.0
11
121.028029
21
204.532553
31
0.0
0
LINE
8
HIDDEN
10
121.062172
20
204.532553
30
0.0
11
121.062172
21
205.532553
31
0.0
0
LINE
8
HIDDEN
10
121.117618
20
204.532553
30
0.0
11
121.062172
21
204.532553
31
0.0
0
LINE
8
HIDDEN
10
121.117618
20
204.532553
30
0.0
11
121.117618
21
205.532553
31
0.0
0
LINE
8
HIDDEN
10
121.192236
20
204.532553
30
0.0
11
121.117618
21
204.532553
31
0.0
0
LINE
8
HIDDEN
10
121.192236
20
204.532553
30
0.0
11
121.192236
21
205.532553
31
0.0
0
LINE
8
HIDDEN
10
121.283158
20
204.532553
30
0.0
11
121.192236
21
204.532553
31
0.0
0
LINE
8
HIDDEN
10
121.283158
20
204.532553
30
0.0
11
121.283158
21
205.532553
31
0.0
0
LINE
8
HIDDEN
10
121.386890
20
204.532553
30
0.0
11
121.283158
21
204.532553
31
0.0
0
LINE
8
HIDDEN
10
121.386890
20
204.532553
30
0.0
11
121.386890
21
205.532553
31
0.0
0
LINE
8
HIDDEN
10
121.499446
20
204.532553
30
0.0
11
121.386890
21
204.532553
31
0.0
0
LINE
8
HIDDEN
10
121.499446
20
204.532553
30
0.0
11
121.499446
21
205.532553
31
0.0
0
LINE
8
HIDDEN
10
121.616500
20
204.532553
30
0.0
11
121.499446
21
204.532553
31
0.0
0
LINE
8
HIDDEN
10
121.616500
20
204.532553
30
0.0
11
121.616500
21
205.532553
31
0.0
0
LINE
8
HIDDEN
10
132.641500
20
204.532553
30
0.0
11
121.616500
21
204.532553
31
0.0
0
LINE
8
HIDDEN
10
111.351000
20
204.532553
30
0.0
11
111.351000
21
205.532553
31
0.0
0
LINE
8
HIDDEN
10
111.351000
20
204.532553
30
0.0
11
110.333500
21
204.532553
31
0.0
0
LINE
8
HIDDEN
10
111.351000
20
204.532553
30
0.0
11
111.351000
21
205.532553
31
0.0
0
LINE
8
HIDDEN
10
111.351000
20
204.532553
30
0.0
11
110.333500
21
204.532553
31
0.0
0
LINE
8
HIDDEN
10
111.351000
20
204.532553
30
0.0
11
111.351000
21
205.532553
31
0.0
0
LINE
8
HIDDEN
10
111.351000
20
204.532553
30
0.0
11
110.333500
21
204.532553
31
0.0
0
LINE
8
HIDDEN
10
111.351000
20
204.532553
30
0.0
11
111.351000
21
205.532553
31
0.0
0
LINE
8
HIDDEN
10
111.351000
20
204.532553
30
0.0
11
110.333500
21
204.532553
31
0.0
0
LINE
8
HIDDEN
10
128.699000
20
204.532553
30
0.0
11
128.699000
21
205.532553
31
0.0
0
LINE
8
HIDDEN
10
129.716500
20
204.532553
30
0.0
11
128.699000
21
204.532553
31
0.0
0
LINE
8
HIDDEN
10
128.699000
20
204.532553
30
0.0
11
128.699000
21
205.532553
31
0.0
0
LINE
8
HIDDEN
10
129.716500
20
204.532553
30
0.0
11
128.699000
21
204.532553
31
0.0
0
LINE
8
HIDDEN
10
118.025000
20
204.532553
30
0.0
11
118.025000
21
205.532553
31
0.0
0
LINE
8
HIDDEN
10
118.639500
20
206.532553
30
0.0
11
118.639500
21
205.532553
31
0.0
0
LINE
8
HIDDEN
10
118.639500
20
206.532553
30
0.0
11
119.374500
21
206.532553
31
0.0
0
LINE
8
HIDDEN
10
119.374500
20
206.532553
30
0.0
11
119.374500
21
205.532553
31
0.0
0
LINE
8
HIDDEN
10
120.675500
20
206.532553
30
0.0
11
120.675500
21
205.532553
31
0.0
0
LINE
8
HIDDEN
10
120.675500
20
206.532553
30
0.0
11
121.410500
21
206.532553
31
0.0
0
LINE
8
HIDDEN
10
121.410500
20
206.532553
30
0.0
11
121.410500
21
205.532553
31
0.0
0
LINE
8
HIDDEN
10
122.025000
20
204.532553
30
0.0
11
122.025000
21
205.532553
31
0.0
0
LINE
8
HIDDEN
10
122.025000
20
204.532553
30
0.0
11
118.025000
21
204.532553
31
0.0
0
LINE
8
HIDDEN
10
122.025000
20
204.532553
30
0.0
11
122.025000
21
205.532553
31
0.0
0
LINE
8
HIDDEN
10
118.025000
20
204.532553
30
0.0
11
118.025000
21
205.532553
31
0.0
0
LINE
8
HIDDEN
10
118.639500
20
206.532553
30
0.0
11
118.639500
21
205.532553
31
0.0
0
LINE
8
HIDDEN
10
118.639500
20
206.532553
30
0.0
11
119.374500
21
206.532553
31
0.0
0
LINE
8
HIDDEN
10
119.374500
20
206.532553
30
0.0
11
119.374500
21
205.532553
31
0.0
0
LINE
8
HIDDEN
10
120.675500
20
206.532553
30
0.0
11
120.675500
21
205.532553
31
0.0
0
LINE
8
HIDDEN
10
120.675500
20
206.532553
30
0.0
11
121.410500
21
206.532553
31
0.0
0
LINE
8
HIDDEN
10
121.410500
20
206.532553
30
0.0
11
121.410500
21
205.532553
31
0.0
0
LINE
8
HIDDEN
10
122.025000
20
204.532553
30
0.0
11
118.025000
21
204.532553
31
0.0
0
LINE
8
HIDDEN
10
128.699000
20
204.532553
30
0.0
11
128.699000
21
205.532553
31
0.0
0
LINE
8
HIDDEN
10
129.716500
20
204.532553
30
0.0
11
128.699000
21
204.532553
31
0.0
0
LINE
8
HIDDEN
10
128.699000
20
204.532553
30
0.0
11
128.699000
21
205.532553
31
0.0
0
LINE
8
HIDDEN
10
129.716500
20
204.532553
30
0.0
11
128.699000
21
204.532553
31
0.0
0
LINE
8
HIDDEN
10
109.106141
20
209.432553
30
0.0
11
109.516500
21
209.432553
31
0.0
0
LINE
8
HIDDEN
10
109.516500
20
205.532553
30
0.0
11
109.516500
21
209.432553
31
0.0
0
LINE
8
HIDDEN
10
109.516500
20
205.532553
30
0.0
11
109.516500
21
209.432553
31
0.0
0
LINE
8
HIDDEN
10
108.428495
20
209.432553
30
0.0
11
109.516500
21
209.432553
31
0.0
0
LINE
8
HIDDEN
10
113.533500
20
205.532553
30
0.0
11
113.533500
21
209.532553
31
0.0
0
LINE
8
HIDDEN
10
113.533500
20
209.532553
30
0.0
11
114.516500
21
209.532553
31
0.0
0
LINE
8
HIDDEN
10
114.516500
20
205.532553
30
0.0
11
114.516500
21
209.532553
31
0.0
0
LINE
8
HIDDEN
10
114.516500
20
205.532553
30
0.0
11
114.516500
21
209.532553
31
0.0
0
LINE
8
HIDDEN
10
113.533500
20
205.532553
30
0.0
11
113.533500
21
209.532553
31
0.0
0
LINE
8
HIDDEN
10
113.533500
20
209.532553
30
0.0
11
114.516500
21
209.532553
31
0.0
0
LINE
8
HIDDEN
10
115.302500
20
205.532553
30
0.0
11
115.302500
21
206.532553
31
0.0
0
LINE
8
HIDDEN
10
115.302500
20
205.532553
30
0.0
11
115.302500
21
206.532553
31
0.0
0
LINE
8
HIDDEN
10
114.567500
20
205.532553
30
0.0
11
114.567500
21
206.532553
31
0.0
0
LINE
8
HIDDEN
10
114.567500
20
206.532553
30
0.0
11
115.302500
21
206.532553
31
0.0
0
LINE
8
HIDDEN
10
115.809331
20
205.532553
30
0.0
11
115.809331
21
206.532553
31
0.0
0
LINE
8
HIDDEN
10
115.302500
20
206.532553
30
0.0
11
115.809331
21
206.532553
31
0.0
0
LINE
8
HIDDEN
10
114.567500
20
205.532553
30
0.0
11
114.567500
21
206.532553
31
0.0
0
LINE
8
HIDDEN
10
116.036594
20
205.532553
30
0.0
11
116.036594
21
206.532553
31
0.0
0
LINE
8
HIDDEN
10
115.809331
20
206.532553
30
0.0
11
116.036594
21
206.532553
31
0.0
0
LINE
8
HIDDEN
10
114.234331
20
206.532553
30
0.0
11
114.567500
21
206.532553
31
0.0
0
LINE
8
HIDDEN
10
114.234331
20
205.532553
30
0.0
11
114.234331
21
206.532553
31
0.0
0
LINE
8
HIDDEN
10
116.281807
20
205.532553
30
0.0
11
116.281807
21
206.532553
31
0.0
0
LINE
8
HIDDEN
10
116.036594
20
206.532553
30
0.0
11
116.281807
21
206.532553
31
0.0
0
LINE
8
HIDDEN
10
114.040507
20
206.532553
30
0.0
11
114.234331
21
206.532553
31
0.0
0
LINE
8
HIDDEN
10
114.040507
20
205.532553
30
0.0
11
114.040507
21
206.532553
31
0.0
0
LINE
8
HIDDEN
10
116.528260
20
205.532553
30
0.0
11
116.528260
21
206.532553
31
0.0
0
LINE
8
HIDDEN
10
116.281807
20
206.532553
30
0.0
11
116.528260
21
206.532553
31
0.0
0
LINE
8
HIDDEN
10
113.893330
20
206.532553
30
0.0
11
114.040507
21
206.532553
31
0.0
0
LINE
8
HIDDEN
10
113.893330
20
205.532553
30
0.0
11
113.893330
21
206.532553
31
0.0
0
LINE
8
HIDDEN
10
116.603500
20
205.532553
30
0.0
11
116.603500
21
206.532553
31
0.0
0
LINE
8
HIDDEN
10
116.528260
20
206.532553
30
0.0
11
116.603500
21
206.532553
31
0.0
0
LINE
8
HIDDEN
10
113.802830
20
206.532553
30
0.0
11
113.893330
21
206.532553
31
0.0
0
LINE
8
HIDDEN
10
113.802830
20
205.532553
30
0.0
11
113.802830
21
206.532553
31
0.0
0
LINE
8
HIDDEN
10
116.603500
20
205.532553
30
0.0
11
116.603500
21
206.532553
31
0.0
0
LINE
8
HIDDEN
10
113.775174
20
206.532553
30
0.0
11
113.802830
21
206.532553
31
0.0
0
LINE
8
HIDDEN
10
116.603500
20
206.532553
30
0.0
11
117.249826
21
206.532553
31
0.0
0
LINE
8
HIDDEN
10
116.603500
20
205.532553
30
0.0
11
116.603500
21
206.532553
31
0.0
0
LINE
8
HIDDEN
10
116.603500
20
206.532553
30
0.0
11
117.338500
21
206.532553
31
0.0
0
LINE
8
HIDDEN
10
116.603500
20
206.532553
30
0.0
11
116.603500
21
205.532553
31
0.0
0
LINE
8
HIDDEN
10
115.302500
20
206.532553
30
0.0
11
115.302500
21
205.532553
31
0.0
0
LINE
8
HIDDEN
10
116.603500
20
206.532553
30
0.0
11
115.302500
21
206.532553
31
0.0
0
LINE
8
HIDDEN
10
115.302500
20
205.532553
30
0.0
11
115.302500
21
206.532553
31
0.0
0
LINE
8
HIDDEN
10
114.567500
20
206.532553
30
0.0
11
114.567500
21
205.532553
31
0.0
0
LINE
8
HIDDEN
10
114.567500
20
206.532553
30
0.0
11
114.496740
21
206.532553
31
0.0
0
LINE
8
HIDDEN
10
114.567500
20
205.532553
30
0.0
11
114.567500
21
206.532553
31
0.0
0
LINE
8
HIDDEN
10
114.567500
20
206.532553
30
0.0
11
115.302500
21
206.532553
31
0.0
0
LINE
8
HIDDEN
10
119.374500
20
205.532553
30
0.0
11
119.374500
21
206.532553
31
0.0
0
LINE
8
HIDDEN
10
120.675500
20
205.532553
30
0.0
11
120.675500
21
206.532553
31
0.0
0
LINE
8
HIDDEN
10
120.675500
20
206.532553
30
0.0
11
121.410500
21
206.532553
31
0.0
0
LINE
8
HIDDEN
10
121.410500
20
205.532553
30
0.0
11
121.410500
21
206.532553
31
0.0
0
LINE
8
HIDDEN
10
121.410500
20
205.532553
30
0.0
11
121.410500
21
206.532553
31
0.0
0
LINE
8
HIDDEN
10
120.675500
20
205.532553
30
0.0
11
120.675500
21
206.532553
31
0.0
0
LINE
8
HIDDEN
10
120.675500
20
206.532553
30
0.0
11
121.410500
21
206.532553
31
0.0
0
LINE
8
HIDDEN
10
119.374500
20
205.532553
30
0.0
11
119.374500
21
206.532553
31
0.0
0
LINE
8
HIDDEN
10
118.639500
20
205.532553
30
0.0
11
118.639500
21
206.532553
31
0.0
0
LINE
8
HIDDEN
10
118.639500
20
206.532553
30
0.0
11
119.374500
21
206.532553
31
0.0
0
LINE
8
HIDDEN
10
118.639500
20
205.532553
30
0.0
11
118.639500
21
206.532553
31
0.0
0
LINE
8
HIDDEN
10
118.639500
20
206.532553
30
0.0
11
119.374500
21
206.532553
31
0.0
0
LINE
8
HIDDEN
10
114.040507
20
205.532553
30
0.0
11
114.040507
21
206.532553
31
0.0
0
LINE
8
HIDDEN
10
114.234331
20
206.532553
30
0.0
11
114.040507
21
206.532553
31
0.0
0
LINE
8
HIDDEN
10
114.234331
20
205.532553
30
0.0
11
114.234331
21
206.532553
31
0.0
0
LINE
8
HIDDEN
10
115.809331
20
206.532553
30
0.0
11
114.234331
21
206.532553
31
0.0
0
LINE
8
HIDDEN
10
115.809331
20
205.532553
30
0.0
11
115.809331
21
206.532553
31
0.0
0
LINE
8
HIDDEN
10
113.893330
20
205.532553
30
0.0
11
113.893330
21
206.532553
31
0.0
0
LINE
8
HIDDEN
10
114.040507
20
206.532553
30
0.0
11
113.893330
21
206.532553
31
0.0
0
LINE
8
HIDDEN
10
116.036594
20
206.532553
30
0.0
11
115.809331
21
206.532553
31
0.0
0
LINE
8
HIDDEN
10
116.036594
20
205.532553
30
0.0
11
116.036594
21
206.532553
31
0.0
0
LINE
8
HIDDEN
10
113.802830
20
205.532553
30
0.0
11
113.802830
21
206.532553
31
0.0
0
LINE
8
HIDDEN
10
113.893330
20
206.532553
30
0.0
11
113.802830
21
206.532553
31
0.0
0
LINE
8
HIDDEN
10
116.281807
20
206.532553
30
0.0
11
116.036594
21
206.532553
31
0.0
0
LINE
8
HIDDEN
10
116.281807
20
205.532553
30
0.0
11
116.281807
21
206.532553
31
0.0
0
LINE
8
HIDDEN
10
113.802830
20
206.532553
30
0.0
11
113.775174
21
206.532553
31
0.0
0
LINE
8
HIDDEN
10
116.528260
20
206.532553
30
0.0
11
116.281807
21
206.532553
31
0.0
0
LINE
8
HIDDEN
10
116.528260
20
205.532553
30
0.0
11
116.528260
21
206.532553
31
0.0
0
LINE
8
HIDDEN
10
116.759157
20
206.532553
30
0.0
11
116.528260
21
206.532553
31
0.0
0
LINE
8
HIDDEN
10
116.759157
20
205.532553
30
0.0
11
116.759157
21
206.532553
31
0.0
0
LINE
8
HIDDEN
10
116.958764
20
206.532553
30
0.0
11
116.759157
21
206.532553
31
0.0
0
LINE
8
HIDDEN
10
116.958764
20
205.532553
30
0.0
11
116.958764
21
206.532553
31
0.0
0
LINE
8
HIDDEN
10
117.113477
20
206.532553
30
0.0
11
116.958764
21
206.532553
31
0.0
0
LINE
8
HIDDEN
10
117.113477
20
205.532553
30
0.0
11
117.113477
21
206.532553
31
0.0
0
LINE
8
HIDDEN
10
117.212753
20
206.532553
30
0.0
11
117.113477
21
206.532553
31
0.0
0
LINE
8
HIDDEN
10
117.212753
20
205.532553
30
0.0
11
117.212753
21
206.532553
31
0.0
0
LINE
8
HIDDEN
10
117.249826
20
206.532553
30
0.0
11
117.212753
21
206.532553
31
0.0
0
LINE
8
HIDDEN
10
109.338410
20
209.513338
30
0.0
11
109.150817
21
209.456432
31
0.0
0
LINE
8
HIDDEN
10
109.533500
20
209.532553
30
0.0
11
109.338410
21
209.513338
31
0.0
0
LINE
8
HIDDEN
10
110.850000
20
209.532553
30
0.0
11
109.533500
21
209.532553
31
0.0
0
LINE
8
HIDDEN
10
110.850000
20
207.859553
30
0.0
11
110.850000
21
209.532553
31
0.0
0
ARC
8
HIDDEN
10
111.575000
20
207.859553
30
0.0
40
0.725000
50
180.000000
51
0.000000
0
ARC
8
HIDDEN
10
128.475000
20
207.859553
30
0.0
40
0.725000
50
180.000000
51
0.000000
0
LINE
8
HIDDEN
10
129.200000
20
207.859553
30
0.0
11
129.200000
21
209.532553
31
0.0
0
LINE
8
HIDDEN
10
130.516500
20
209.532553
30
0.0
11
129.200000
21
209.532553
31
0.0
0
LINE
8
HIDDEN
10
130.711590
20
209.513338
30
0.0
11
130.516500
21
209.532553
31
0.0
0
LINE
8
HIDDEN
10
130.899183
20
209.456432
30
0.0
11
130.711590
21
209.513338
31
0.0
0
LINE
8
HIDDEN
10
109.338410
20
209.513338
30
0.0
11
109.333500
21
209.511849
31
0.0
0
LINE
8
HIDDEN
10
109.533500
20
209.532553
30
0.0
11
109.338410
21
209.513338
31
0.0
0
LINE
8
HIDDEN
10
110.333500
20
209.532553
30
0.0
11
109.533500
21
209.532553
31
0.0
0
LINE
8
HIDDEN
10
110.850000
20
207.859553
30
0.0
11
110.850000
21
208.432553
31
0.0
0
ARC
8
HIDDEN
10
111.575000
20
207.859553
30
0.0
40
0.725000
50
180.000000
51
194.130894
0
ARC
8
HIDDEN
10
128.475000
20
207.859553
30
0.0
40
0.725000
50
345.869106
51
0.000000
0
LINE
8
HIDDEN
10
129.200000
20
207.859553
30
0.0
11
129.200000
21
208.432553
31
0.0
0
LINE
8
HIDDEN
10
130.516500
20
209.532553
30
0.0
11
129.716500
21
209.532553
31
0.0
0
LINE
8
HIDDEN
10
130.711590
20
209.513338
30
0.0
11
130.516500
21
209.532553
31
0.0
0
LINE
8
HIDDEN
10
130.716500
20
209.511849
30
0.0
11
130.711590
21
209.513338
31
0.0
0
LINE
8
HIDDEN
10
125.533500
20
205.532553
30
0.0
11
125.533500
21
209.532553
31
0.0
0
LINE
8
HIDDEN
10
125.533500
20
209.532553
30
0.0
11
126.516500
21
209.532553
31
0.0
0
LINE
8
HIDDEN
10
126.516500
20
205.532553
30
0.0
11
126.516500
21
209.532553
31
0.0
0
LINE
8
HIDDEN
10
126.516500
20
205.532553
30
0.0
11
126.516500
21
209.532553
31
0.0
0
LINE
8
HIDDEN
10
125.533500
20
205.532553
30
0.0
11
125.533500
21
209.532553
31
0.0
0
LINE
8
HIDDEN
10
125.533500
20
209.532553
30
0.0
11
126.516500
21
209.532553
31
0.0
0
LINE
8
HIDDEN
10
130.533500
20
205.532553
30
0.0
11
130.533500
21
209.432553
31
0.0
0
LINE
8
HIDDEN
10
130.533500
20
209.432553
30
0.0
11
131.621505
21
209.432553
31
0.0
0
LINE
8
HIDDEN
10
130.533500
20
205.532553
30
0.0
11
130.533500
21
209.432553
31
0.0
0
LINE
8
HIDDEN
10
130.533500
20
209.432553
30
0.0
11
130.943859
21
209.432553
31
0.0
0
LINE
8
HIDDEN
10
123.446500
20
205.532553
30
0.0
11
123.446500
21
206.532553
31
0.0
0
LINE
8
HIDDEN
10
123.446500
20
205.532553
30
0.0
11
123.446500
21
206.532553
31
0.0
0
LINE
8
HIDDEN
10
122.800174
20
206.532553
30
0.0
11
123.446500
21
206.532553
31
0.0
0
LINE
8
HIDDEN
10
123.521740
20
205.532553
30
0.0
11
123.521740
21
206.532553
31
0.0
0
LINE
8
HIDDEN
10
123.446500
20
206.532553
30
0.0
11
123.521740
21
206.532553
31
0.0
0
LINE
8
HIDDEN
10
123.768193
20
205.532553
30
0.0
11
123.768193
21
206.532553
31
0.0
0
LINE
8
HIDDEN
10
123.521740
20
206.532553
30
0.0
11
123.768193
21
206.532553
31
0.0
0
LINE
8
HIDDEN
10
122.711500
20
206.532553
30
0.0
11
123.446500
21
206.532553
31
0.0
0
LINE
8
HIDDEN
10
123.446500
20
205.532553
30
0.0
11
123.446500
21
206.532553
31
0.0
0
LINE
8
HIDDEN
10
124.013406
20
205.532553
30
0.0
11
124.013406
21
206.532553
31
0.0
0
LINE
8
HIDDEN
10
123.768193
20
206.532553
30
0.0
11
124.013406
21
206.532553
31
0.0
0
LINE
8
HIDDEN
10
123.446500
20
206.532553
30
0.0
11
123.446500
21
205.532553
31
0.0
0
LINE
8
HIDDEN
10
124.240669
20
205.532553
30
0.0
11
124.240669
21
206.532553
31
0.0
0
LINE
8
HIDDEN
10
124.013406
20
206.532553
30
0.0
11
124.240669
21
206.532553
31
0.0
0
LINE
8
HIDDEN
10
124.747500
20
206.532553
30
0.0
11
124.747500
21
205.532553
31
0.0
0
LINE
8
HIDDEN
10
124.747500
20
206.532553
30
0.0
11
123.446500
21
206.532553
31
0.0
0
LINE
8
HIDDEN
10
124.747500
20
205.532553
30
0.0
11
124.747500
21
206.532553
31
0.0
0
LINE
8
HIDDEN
10
124.240669
20
206.532553
30
0.0
11
124.747500
21
206.532553
31
0.0
0
LINE
8
HIDDEN
10
124.747500
20
205.532553
30
0.0
11
124.747500
21
206.532553
31
0.0
0
LINE
8
HIDDEN
10
124.747500
20
205.532553
30
0.0
11
124.747500
21
206.532553
31
0.0
0
LINE
8
HIDDEN
10
124.747500
20
206.532553
30
0.0
11
125.482500
21
206.532553
31
0.0
0
LINE
8
HIDDEN
10
125.482500
20
205.532553
30
0.0
11
125.482500
21
206.532553
31
0.0
0
LINE
8
HIDDEN
10
124.747500
20
206.532553
30
0.0
11
125.482500
21
206.532553
31
0.0
0
LINE
8
HIDDEN
10
125.482500
20
205.532553
30
0.0
11
125.482500
21
206.532553
31
0.0
0
LINE
8
HIDDEN
10
125.482500
20
206.532553
30
0.0
11
125.482500
21
205.532553
31
0.0
0
LINE
8
HIDDEN
10
125.482500
20
205.532553
30
0.0
11
125.482500
21
206.532553
31
0.0
0
LINE
8
HIDDEN
10
125.553260
20
206.532553
30
0.0
11
125.482500
21
206.532553
31
0.0
0
LINE
8
HIDDEN
10
125.815669
20
205.532553
30
0.0
11
125.815669
21
206.532553
31
0.0
0
LINE
8
HIDDEN
10
125.482500
20
206.532553
30
0.0
11
125.815669
21
206.532553
31
0.0
0
LINE
8
HIDDEN
10
126.009493
20
205.532553
30
0.0
11
126.009493
21
206.532553
31
0.0
0
LINE
8
HIDDEN
10
125.815669
20
206.532553
30
0.0
11
126.009493
21
206.532553
31
0.0
0
LINE
8
HIDDEN
10
126.156670
20
205.532553
30
0.0
11
126.156670
21
206.532553
31
0.0
0
LINE
8
HIDDEN
10
126.009493
20
206.532553
30
0.0
11
126.156670
21
206.532553
31
0.0
0
LINE
8
HIDDEN
10
126.247170
20
205.532553
30
0.0
11
126.247170
21
206.532553
31
0.0
0
LINE
8
HIDDEN
10
126.156670
20
206.532553
30
0.0
11
126.247170
21
206.532553
31
0.0
0
LINE
8
HIDDEN
10
126.247170
20
206.532553
30
0.0
11
126.274826
21
206.532553
31
0.0
0
LINE
8
HIDDEN
10
122.837247
20
206.532553
30
0.0
11
122.800174
21
206.532553
31
0.0
0
LINE
8
HIDDEN
10
122.837247
20
205.532553
30
0.0
11
122.837247
21
206.532553
31
0.0
0
LINE
8
HIDDEN
10
122.936523
20
206.532553
30
0.0
11
122.837247
21
206.532553
31
0.0
0
LINE
8
HIDDEN
10
122.936523
20
205.532553
30
0.0
11
122.936523
21
206.532553
31
0.0
0
LINE
8
HIDDEN
10
123.091236
20
206.532553
30
0.0
11
122.936523
21
206.532553
31
0.0
0
LINE
8
HIDDEN
10
123.091236
20
205.532553
30
0.0
11
123.091236
21
206.532553
31
0.0
0
LINE
8
HIDDEN
10
126.247170
20
205.532553
30
0.0
11
126.247170
21
206.532553
31
0.0
0
LINE
8
HIDDEN
10
126.274826
20
206.532553
30
0.0
11
126.247170
21
206.532553
31
0.0
0
LINE
8
HIDDEN
10
123.290843
20
206.532553
30
0.0
11
123.091236
21
206.532553
31
0.0
0
LINE
8
HIDDEN
10
123.290843
20
205.532553
30
0.0
11
123.290843
21
206.532553
31
0.0
0
LINE
8
HIDDEN
10
126.156670
20
205.532553
30
0.0
11
126.156670
21
206.532553
31
0.0
0
LINE
8
HIDDEN
10
126.247170
20
206.532553
30
0.0
11
126.156670
21
206.532553
31
0.0
0
LINE
8
HIDDEN
10
123.521740
20
206.532553
30
0.0
11
123.290843
21
206.532553
31
0.0
0
LINE
8
HIDDEN
10
123.521740
20
205.532553
30
0.0
11
123.521740
21
206.532553
31
0.0
0
LINE
8
HIDDEN
10
126.009493
20
205.532553
30
0.0
11
126.009493
21
206.532553
31
0.0
0
LINE
8
HIDDEN
10
126.156670
20
206.532553
30
0.0
11
126.009493
21
206.532553
31
0.0
0
LINE
8
HIDDEN
10
123.768193
20
206.532553
30
0.0
11
123.521740
21
206.532553
31
0.0
0
LINE
8
HIDDEN
10
123.768193
20
205.532553
30
0.0
11
123.768193
21
206.532553
31
0.0
0
LINE
8
HIDDEN
10
125.815669
20
205.532553
30
0.0
11
125.815669
21
206.532553
31
0.0
0
LINE
8
HIDDEN
10
126.009493
20
206.532553
30
0.0
11
125.815669
21
206.532553
31
0.0
0
LINE
8
HIDDEN
10
124.013406
20
206.532553
30
0.0
11
123.768193
21
206.532553
31
0.0
0
LINE
8
HIDDEN
10
124.013406
20
205.532553
30
0.0
11
124.013406
21
206.532553
31
0.0
0
LINE
8
HIDDEN
10
124.240669
20
205.532553
30
0.0
11
124.240669
21
206.532553
31
0.0
0
LINE
8
HIDDEN
10
125.815669
20
206.532553
30
0.0
11
124.240669
21
206.532553
31
0.0
0
LINE
8
HIDDEN
10
124.240669
20
206.532553
30
0.0
11
124.013406
21
206.532553
31
0.0
0
LINE
8
HIDDEN
10
114.725000
20
206.532553
30
0.0
11
115.125000
21
206.532553
31
0.0
0
LINE
8
HIDDEN
10
115.125000
20
206.532553
30
0.0
11
114.325000
21
206.532553
31
0.0
0
LINE
8
HIDDEN
10
114.325000
20
206.532553
30
0.0
11
114.725000
21
206.532553
31
0.0
0
LINE
8
HIDDEN
10
116.300000
20
206.532553
30
0.0
11
116.700000
21
206.532553
31
0.0
0
LINE
8
HIDDEN
10
116.700000
20
206.532553
30
0.0
11
115.900000
21
206.532553
31
0.0
0
LINE
8
HIDDEN
10
115.900000
20
206.532553
30
0.0
11
116.300000
21
206.532553
31
0.0
0
LINE
8
HIDDEN
10
114.725000
20
204.532553
30
0.0
11
115.125000
21
204.532553
31
0.0
0
LINE
8
HIDDEN
10
115.125000
20
204.532553
30
0.0
11
114.325000
21
204.532553
31
0.0
0
LINE
8
HIDDEN
10
114.325000
20
204.532553
30
0.0
11
114.725000
21
204.532553
31
0.0
0
LINE
8
HIDDEN
10
116.300000
20
204.532553
30
0.0
11
116.700000
21
204.532553
31
0.0
0
LINE
8
HIDDEN
10
116.700000
20
204.532553
30
0.0
11
115.900000
21
204.532553
31
0.0
0
LINE
8
HIDDEN
10
115.900000
20
204.532553
30
0.0
11
116.300000
21
204.532553
31
0.0
0
LINE
8
HIDDEN
10
123.750000
20
206.532553
30
0.0
11
124.150000
21
206.532553
31
0.0
0
LINE
8
HIDDEN
10
124.150000
20
206.532553
30
0.0
11
123.350000
21
206.532553
31
0.0
0
LINE
8
HIDDEN
10
123.350000
20
206.532553
30
0.0
11
123.750000
21
206.532553
31
0.0
0
LINE
8
HIDDEN
10
125.325000
20
206.532553
30
0.0
11
125.725000
21
206.532553
31
0.0
0
LINE
8
HIDDEN
10
125.725000
20
206.532553
30
0.0
11
124.925000
21
206.532553
31
0.0
0
LINE
8
HIDDEN
10
124.925000
20
206.532553
30
0.0
11
125.325000
21
206.532553
31
0.0
0
LINE
8
HIDDEN
10
123.750000
20
204.532553
30
0.0
11
124.150000
21
204.532553
31
0.0
0
LINE
8
HIDDEN
10
124.150000
20
204.532553
30
0.0
11
123.350000
21
204.532553
31
0.0
0
LINE
8
HIDDEN
10
123.350000
20
204.532553
30
0.0
11
123.750000
21
204.532553
31
0.0
0
LINE
8
HIDDEN
10
125.325000
20
204.532553
30
0.0
11
125.725000
21
204.532553
31
0.0
0
LINE
8
HIDDEN
10
125.725000
20
204.532553
30
0.0
11
124.925000
21
204.532553
31
0.0
0
LINE
8
HIDDEN
10
124.925000
20
204.532553
30
0.0
11
125.325000
21
204.532553
31
0.0
0
LINE
8
HIDDEN
10
126.250000
20
204.532553
30
0.0
11
113.800000
21
204.532553
31
0.0
0
LINE
8
HIDDEN
10
114.275000
20
204.532553
30
0.0
11
113.800000
21
204.532553
31
0.0
0
LINE
8
HIDDEN
10
125.775000
20
204.532553
30
0.0
11
114.275000
21
204.532553
31
0.0
0
LINE
8
HIDDEN
10
126.250000
20
204.532553
30
0.0
11
125.775000
21
204.532553
31
0.0
0
LINE
8
HIDDEN
10
126.250000
20
204.532553
30
0.0
11
113.800000
21
204.532553
31
0.0
0
LINE
8
HIDDEN
10
126.250000
20
204.532553
30
0.0
11
125.775000
21
204.532553
31
0.0
0
LINE
8
HIDDEN
10
125.775000
20
204.532553
30
0.0
11
114.275000
21
204.532553
31
0.0
0
LINE
8
HIDDEN
10
114.275000
20
204.532553
30
0.0
11
113.800000
21
204.532553
31
0.0
0
LINE
8
HIDDEN
10
114.725000
20
204.532553
30
0.0
11
115.125000
21
204.532553
31
0.0
0
LINE
8
HIDDEN
10
115.125000
20
204.532553
30
0.0
11
114.325000
21
204.532553
31
0.0
0
LINE
8
HIDDEN
10
114.325000
20
204.532553
30
0.0
11
114.725000
21
204.532553
31
0.0
0
LINE
8
HIDDEN
10
125.325000
20
204.532553
30
0.0
11
125.725000
21
204.532553
31
0.0
0
LINE
8
HIDDEN
10
125.725000
20
204.532553
30
0.0
11
124.925000
21
204.532553
31
0.0
0
LINE
8
HIDDEN
10
124.925000
20
204.532553
30
0.0
11
125.325000
21
204.532553
31
0.0
0
LINE
8
HIDDEN
10
116.300000
20
204.532553
30
0.0
11
116.700000
21
204.532553
31
0.0
0
LINE
8
HIDDEN
10
116.700000
20
204.532553
30
0.0
11
115.900000
21
204.532553
31
0.0
0
LINE
8
HIDDEN
10
115.900000
20
204.532553
30
0.0
11
116.300000
21
204.532553
31
0.0
0
LINE
8
HIDDEN
10
123.750000
20
204.532553
30
0.0
11
124.150000
21
204.532553
31
0.0
0
LINE
8
HIDDEN
10
124.150000
20
204.532553
30
0.0
11
123.350000
21
204.532553
31
0.0
0
LINE
8
HIDDEN
10
123.350000
20
204.532553
30
0.0
11
123.750000
21
204.532553
31
0.0
0
LINE
8
HIDDEN
10
126.250000
20
201.632553
30
0.0
11
126.250000
21
204.532553
31
0.0
0
LINE
8
HIDDEN
10
113.800000
20
204.532553
30
0.0
11
113.800000
21
201.632553
31
0.0
0
LINE
8
HIDDEN
10
126.250000
20
201.632553
30
0.0
11
126.250000
21
204.532553
31
0.0
0
LINE
8
HIDDEN
10
113.800000
20
204.532553
30
0.0
11
113.800000
21
201.632553
31
0.0
0
LINE
8
HIDDEN
10
114.725000
20
206.532553
30
0.0
11
115.125000
21
206.532553
31
0.0
0
LINE
8
HIDDEN
10
115.125000
20
206.532553
30
0.0
11
114.567500
21
206.532553
31
0.0
0
LINE
8
HIDDEN
10
114.567500
20
206.532553
30
0.0
11
114.325000
21
206.532553
31
0.0
0
LINE
8
HIDDEN
10
114.325000
20
206.532553
30
0.0
11
114.567500
21
206.532553
31
0.0
0
LINE
8
HIDDEN
10
114.567500
20
206.532553
30
0.0
11
114.725000
21
206.532553
31
0.0
0
LINE
8
HIDDEN
10
125.325000
20
206.532553
30
0.0
11
125.482500
21
206.532553
31
0.0
0
LINE
8
HIDDEN
10
125.482500
20
206.532553
30
0.0
11
125.725000
21
206.532553
31
0.0
0
LINE
8
HIDDEN
10
125.725000
20
206.532553
30
0.0
11
125.482500
21
206.532553
31
0.0
0
LINE
8
HIDDEN
10
125.482500
20
206.532553
30
0.0
11
124.925000
21
206.532553
31
0.0
0
LINE
8
HIDDEN
10
124.925000
20
206.532553
30
0.0
11
125.325000
21
206.532553
31
0.0
0
LINE
8
HIDDEN
10
116.300000
20
206.532553
30
0.0
11
116.603500
21
206.532553
31
0.0
0
LINE
8
HIDDEN
10
116.603500
20
206.532553
30
0.0
11
116.700000
21
206.532553
31
0.0
0
LINE
8
HIDDEN
10
116.700000
20
206.532553
30
0.0
11
116.603500
21
206.532553
31
0.0
0
LINE
8
HIDDEN
10
116.603500
20
206.532553
30
0.0
11
115.900000
21
206.532553
31
0.0
0
LINE
8
HIDDEN
10
115.900000
20
206.532553
30
0.0
11
116.300000
21
206.532553
31
0.0
0
LINE
8
HIDDEN
10
123.750000
20
206.532553
30
0.0
11
124.150000
21
206.532553
31
0.0
0
LINE
8
HIDDEN
10
124.150000
20
206.532553
30
0.0
11
123.446500
21
206.532553
31
0.0
0
LINE
8
HIDDEN
10
123.446500
20
206.532553
30
0.0
11
123.350000
21
206.532553
31
0.0
0
LINE
8
HIDDEN
10
123.350000
20
206.532553
30
0.0
11
123.446500
21
206.532553
31
0.0
0
LINE
8
HIDDEN
10
123.446500
20
206.532553
30
0.0
11
123.750000
21
206.532553
31
0.0
0
LINE
8
HIDDEN
10
117.516500
20
207.687553
30
0.0
11
117.516500
21
205.062553
31
0.0
0
LINE
8
HIDDEN
10
122.533500
20
207.687553
30
0.0
11
122.533500
21
205.062553
31
0.0
0
LINE
8
HIDDEN
10
110.333500
20
207.682553
30
0.0
11
110.333500
21
208.432553
31
0.0
0
LINE
8
HIDDEN
10
110.333500
20
207.682553
30
0.0
11
110.333500
21
208.432553
31
0.0
0
LINE
8
HIDDEN
10
110.333500
20
207.682553
30
0.0
11
110.333500
21
208.432553
31
0.0
0
LINE
8
HIDDEN
10
110.333500
20
207.682553
30
0.0
11
110.333500
21
208.432553
31
0.0
0
LINE
8
HIDDEN
10
129.716500
20
207.682553
30
0.0
11
129.716500
21
208.432553
31
0.0
0
LINE
8
HIDDEN
10
129.716500
20
207.682553
30
0.0
11
129.716500
21
208.432553
31
0.0
0
LINE
8
HIDDEN
10
129.716500
20
207.682553
30
0.0
11
129.716500
21
208.432553
31
0.0
0
LINE
8
HIDDEN
10
129.716500
20
207.682553
30
0.0
11
129.716500
21
208.432553
31
0.0
0
LINE
8
HIDDEN
10
106.550000
20
209.432553
30
0.0
11
107.525000
21
209.432553
31
0.0
0
LINE
8
HIDDEN
10
107.525000
20
209.432553
30
0.0
11
108.428495
21
209.432553
31
0.0
0
LINE
8
HIDDEN
10
107.650833
20
209.432553
30
0.0
11
107.158500
21
209.432553
31
0.0
0
LINE
8
HIDDEN
10
107.891500
20
209.432553
30
0.0
11
107.650833
21
209.432553
31
0.0
0
LINE
8
HIDDEN
10
107.650833
20
209.432553
30
0.0
11
107.912500
21
209.432553
31
0.0
0
LINE
8
HIDDEN
10
107.912500
20
209.432553
30
0.0
11
107.891500
21
209.432553
31
0.0
0
LINE
8
HIDDEN
10
107.525000
20
209.432553
30
0.0
11
107.650833
21
209.432553
31
0.0
0
LINE
8
HIDDEN
10
107.158500
20
209.432553
30
0.0
11
107.137500
21
209.432553
31
0.0
0
LINE
8
HIDDEN
10
107.137500
20
209.432553
30
0.0
11
107.525000
21
209.432553
31
0.0
0
LINE
8
HIDDEN
10
107.525000
20
205.532553
30
0.0
11
107.912500
21
205.532553
31
0.0
0
LINE
8
HIDDEN
10
107.912500
20
205.532553
30
0.0
11
107.137500
21
205.532553
31
0.0
0
LINE
8
HIDDEN
10
107.137500
20
205.532553
30
0.0
11
107.525000
21
205.532553
31
0.0
0
LINE
8
HIDDEN
10
131.621505
20
209.432553
30
0.0
11
132.525000
21
209.432553
31
0.0
0
LINE
8
HIDDEN
10
132.525000
20
209.432553
30
0.0
11
133.500000
21
209.432553
31
0.0
0
LINE
8
HIDDEN
10
132.891500
20
209.432553
30
0.0
11
132.399167
21
209.432553
31
0.0
0
LINE
8
HIDDEN
10
132.525000
20
209.432553
30
0.0
11
132.912500
21
209.432553
31
0.0
0
LINE
8
HIDDEN
10
132.912500
20
209.432553
30
0.0
11
132.891500
21
209.432553
31
0.0
0
LINE
8
HIDDEN
10
132.399167
20
209.432553
30
0.0
11
132.525000
21
209.432553
31
0.0
0
LINE
8
HIDDEN
10
132.158500
20
209.432553
30
0.0
11
132.137500
21
209.432553
31
0.0
0
LINE
8
HIDDEN
10
132.137500
20
209.432553
30
0.0
11
132.399167
21
209.432553
31
0.0
0
LINE
8
HIDDEN
10
132.399167
20
209.432553
30
0.0
11
132.158500
21
209.432553
31
0.0
0
LINE
8
HIDDEN
10
132.525000
20
205.532553
30
0.0
11
132.912500
21
205.532553
31
0.0
0
LINE
8
HIDDEN
10
132.912500
20
205.532553
30
0.0
11
132.137500
21
205.532553
31
0.0
0
LINE
8
HIDDEN
10
132.137500
20
205.532553
30
0.0
11
132.525000
21
205.532553
31
0.0
0
LINE
8
HIDDEN
10
122.533500
20
205.332553
30
0.0
11
122.533500
21
205.132553
31
0.0
0
LINE
8
HIDDEN
10
122.533500
20
205.132553
30
0.0
11
122.533500
21
205.532553
31
0.0
0
LINE
8
HIDDEN
10
122.533500
20
205.532553
30
0.0
11
122.533500
21
205.332553
31
0.0
0
LINE
8
HIDDEN
10
117.516500
20
205.332553
30
0.0
11
117.516500
21
205.132553
31
0.0
0
LINE
8
HIDDEN
10
117.516500
20
205.132553
30
0.0
11
117.516500
21
205.532553
31
0.0
0
LINE
8
HIDDEN
10
117.516500
20
205.532553
30
0.0
11
117.516500
21
205.332553
31
0.0
0
LINE
8
HIDDEN
10
122.533500
20
205.332553
30
0.0
11
122.533500
21
205.132553
31
0.0
0
LINE
8
HIDDEN
10
122.533500
20
205.132553
30
0.0
11
122.533500
21
205.532553
31
0.0
0
LINE
8
HIDDEN
10
122.533500
20
205.532553
30
0.0
11
122.533500
21
205.332553
31
0.0
0
LINE
8
HIDDEN
10
117.516500
20
205.332553
30
0.0
11
117.516500
21
205.132553
31
0.0
0
LINE
8
HIDDEN
10
117.516500
20
205.132553
30
0.0
11
117.516500
21
205.532553
31
0.0
0
LINE
8
HIDDEN
10
117.516500
20
205.532553
30
0.0
11
117.516500
21
205.332553
31
0.0
0
LINE
8
HIDDEN
10
122.533500
20
205.332553
30
0.0
11
122.533500
21
205.132553
31
0.0
0
LINE
8
HIDDEN
10
122.533500
20
205.132553
30
0.0
11
122.533500
21
205.532553
31
0.0
0
LINE
8
HIDDEN
10
122.533500
20
205.532553
30
0.0
11
122.533500
21
205.332553
31
0.0
0
LINE
8
HIDDEN
10
117.516500
20
205.332553
30
0.0
11
117.516500
21
205.132553
31
0.0
0
LINE
8
HIDDEN
10
117.516500
20
205.132553
30
0.0
11
117.516500
21
205.532553
31
0.0
0
LINE
8
HIDDEN
10
117.516500
20
205.532553
30
0.0
11
117.516500
21
205.332553
31
0.0
0
LINE
8
HIDDEN
10
122.533500
20
205.332553
30
0.0
11
122.533500
21
205.132553
31
0.0
0
LINE
8
HIDDEN
10
122.533500
20
205.132553
30
0.0
11
122.533500
21
205.532553
31
0.0
0
LINE
8
HIDDEN
10
122.533500
20
205.532553
30
0.0
11
122.533500
21
205.332553
31
0.0
0
LINE
8
HIDDEN
10
117.516500
20
205.332553
30
0.0
11
117.516500
21
205.132553
31
0.0
0
LINE
8
HIDDEN
10
117.516500
20
205.132553
30
0.0
11
117.516500
21
205.532553
31
0.0
0
LINE
8
HIDDEN
10
117.516500
20
205.532553
30
0.0
11
117.516500
21
205.332553
31
0.0
0
LINE
8
HIDDEN
10
122.533500
20
205.332553
30
0.0
11
122.533500
21
205.132553
31
0.0
0
LINE
8
HIDDEN
10
122.533500
20
205.132553
30
0.0
11
122.533500
21
205.532553
31
0.0
0
LINE
8
HIDDEN
10
122.533500
20
205.532553
30
0.0
11
122.533500
21
205.332553
31
0.0
0
LINE
8
HIDDEN
10
117.516500
20
205.332553
30
0.0
11
117.516500
21
205.132553
31
0.0
0
LINE
8
HIDDEN
10
117.516500
20
205.132553
30
0.0
11
117.516500
21
205.532553
31
0.0
0
LINE
8
HIDDEN
10
117.516500
20
205.532553
30
0.0
11
117.516500
21
205.332553
31
0.0
0
LINE
8
HIDDEN
10
114.725000
20
204.532553
30
0.0
11
114.725000
21
206.532553
31
0.0
0
LINE
8
HIDDEN
10
116.300000
20
204.532553
30
0.0
11
116.300000
21
206.532553
31
0.0
0
LINE
8
HIDDEN
10
123.750000
20
204.532553
30
0.0
11
123.750000
21
206.532553
31
0.0
0
LINE
8
HIDDEN
10
125.325000
20
204.532553
30
0.0
11
125.325000
21
206.532553
31
0.0
0
LINE
8
HIDDEN
10
114.725000
20
204.532553
30
0.0
11
114.725000
21
206.532553
31
0.0
0
LINE
8
HIDDEN
10
125.325000
20
204.532553
30
0.0
11
125.325000
21
206.532553
31
0.0
0
LINE
8
HIDDEN
10
116.300000
20
204.532553
30
0.0
11
116.300000
21
206.532553
31
0.0
0
LINE
8
HIDDEN
10
123.750000
20
204.532553
30
0.0
11
123.750000
21
206.532553
31
0.0
0
LINE
8
HIDDEN
10
107.525000
20
205.532553
30
0.0
11
107.525000
21
209.432553
31
0.0
0
LINE
8
HIDDEN
10
132.525000
20
205.532553
30
0.0
11
132.525000
21
209.432553
31
0.0
0
LINE
8
HIDDEN
10
117.516500
20
205.332553
30
0.0
11
122.533500
21
205.332553
31
0.0
0
LINE
8
HIDDEN
10
117.516500
20
205.332553
30
0.0
11
122.533500
21
205.332553
31
0.0
0
LINE
8
HIDDEN
10
117.516500
20
205.332553
30
0.0
11
122.533500
21
205.332553
31
0.0
0
LINE
8
HIDDEN
10
117.516500
20
205.332553
30
0.0
11
122.533500
21
205.332553
31
0.0
0
LINE
8
HIDDEN
10
117.516500
20
205.332553
30
0.0
11
122.533500
21
205.332553
31
0.0
0
LINE
8
HIDDEN
10
114.325000
20
204.532553
30
0.0
11
114.325000
21
206.532553
31
0.0
0
LINE
8
HIDDEN
10
115.125000
20
204.532553
30
0.0
11
115.125000
21
206.532553
31
0.0
0
LINE
8
HIDDEN
10
115.900000
20
204.532553
30
0.0
11
115.900000
21
206.532553
31
0.0
0
LINE
8
HIDDEN
10
116.700000
20
204.532553
30
0.0
11
116.700000
21
206.532553
31
0.0
0
LINE
8
HIDDEN
10
123.350000
20
204.532553
30
0.0
11
123.350000
21
206.532553
31
0.0
0
LINE
8
HIDDEN
10
124.150000
20
204.532553
30
0.0
11
124.150000
21
206.532553
31
0.0
0
LINE
8
HIDDEN
10
124.925000
20
204.532553
30
0.0
11
124.925000
21
206.532553
31
0.0
0
LINE
8
HIDDEN
10
125.725000
20
204.532553
30
0.0
11
125.725000
21
206.532553
31
0.0
0
LINE
8
HIDDEN
10
114.325000
20
204.532553
30
0.0
11
114.325000
21
206.532553
31
0.0
0
LINE
8
HIDDEN
10
115.125000
20
204.532553
30
0.0
11
115.125000
21
206.532553
31
0.0
0
LINE
8
HIDDEN
10
124.925000
20
204.532553
30
0.0
11
124.925000
21
206.532553
31
0.0
0
LINE
8
HIDDEN
10
125.725000
20
204.532553
30
0.0
11
125.725000
21
206.532553
31
0.0
0
LINE
8
HIDDEN
10
115.900000
20
204.532553
30
0.0
11
115.900000
21
206.532553
31
0.0
0
LINE
8
HIDDEN
10
116.700000
20
204.532553
30
0.0
11
116.700000
21
206.532553
31
0.0
0
LINE
8
HIDDEN
10
123.350000
20
204.532553
30
0.0
11
123.350000
21
206.532553
31
0.0
0
LINE
8
HIDDEN
10
124.150000
20
204.532553
30
0.0
11
124.150000
21
206.532553
31
0.0
0
LINE
8
HIDDEN
10
107.137500
20
205.532553
30
0.0
11
107.137500
21
209.432553
31
0.0
0
LINE
8
HIDDEN
10
107.912500
20
205.532553
30
0.0
11
107.912500
21
209.432553
31
0.0
0
LINE
8
HIDDEN
10
132.137500
20
205.532553
30
0.0
11
132.137500
21
209.432553
31
0.0
0
LINE
8
HIDDEN
10
132.912500
20
205.532553
30
0.0
11
132.912500
21
209.432553
31
0.0
0
LINE
8
HIDDEN
10
117.516500
20
205.532553
30
0.0
11
122.533500
21
205.532553
31
0.0
0
LINE
8
HIDDEN
10
117.516500
20
205.132553
30
0.0
11
122.533500
21
205.132553
31
0.0
0
LINE
8
HIDDEN
10
117.516500
20
205.532553
30
0.0
11
122.533500
21
205.532553
31
0.0
0
LINE
8
HIDDEN
10
117.516500
20
205.132553
30
0.0
11
122.533500
21
205.132553
31
0.0
0
LINE
8
HIDDEN
10
117.516500
20
205.532553
30
0.0
11
122.533500
21
205.532553
31
0.0
0
LINE
8
HIDDEN
10
117.516500
20
205.132553
30
0.0
11
122.533500
21
205.132553
31
0.0
0
LINE
8
HIDDEN
10
117.516500
20
205.532553
30
0.0
11
122.533500
21
205.532553
31
0.0
0
LINE
8
HIDDEN
10
117.516500
20
205.132553
30
0.0
11
122.533500
21
205.132553
31
0.0
0
LINE
8
HIDDEN
10
117.516500
20
205.532553
30
0.0
11
122.533500
21
205.532553
31
0.0
0
LINE
8
HIDDEN
10
117.516500
20
205.132553
30
0.0
11
122.533500
21
205.132553
31
0.0
0
LINE
8
VISIBLE
10
180.641500
20
89.318947
30
0.0
11
180.641500
21
89.338162
31
0.0
0
LINE
8
VISIBLE
10
180.641500
20
89.338162
30
0.0
11
180.641500
21
89.395068
31
0.0
0
LINE
8
VISIBLE
10
180.641500
20
89.395068
30
0.0
11
180.641500
21
89.487478
31
0.0
0
LINE
8
VISIBLE
10
180.641500
20
89.487478
30
0.0
11
180.641500
21
89.611841
31
0.0
0
LINE
8
VISIBLE
10
180.641500
20
89.611841
30
0.0
11
180.641500
21
89.763377
31
0.0
0
LINE
8
VISIBLE
10
180.641500
20
89.763377
30
0.0
11
180.641500
21
89.936264
31
0.0
0
LINE
8
VISIBLE
10
180.641500
20
89.936264
30
0.0
11
180.641500
21
90.123857
31
0.0
0
LINE
8
VISIBLE
10
180.641500
20
90.123857
30
0.0
11
180.641500
21
90.318947
31
0.0
0
LINE
8
VISIBLE
10
180.641500
20
90.318947
30
0.0
11
180.641500
21
92.185447
31
0.0
0
LINE
8
VISIBLE
10
180.641500
20
92.151947
30
0.0
11
180.641500
21
92.185447
31
0.0
0
LINE
8
VISIBLE
10
180.641500
20
128.454843
30
0.0
11
180.641500
21
129.032553
31
0.0
0
LINE
8
VISIBLE
10
180.641500
20
128.435628
30
0.0
11
180.641500
21
128.454843
31
0.0
0
LINE
8
VISIBLE
10
180.641500
20
128.378722
30
0.0
11
180.641500
21
128.435628
31
0.0
0
LINE
8
VISIBLE
10
180.641500
20
128.286312
30
0.0
11
180.641500
21
128.378722
31
0.0
0
LINE
8
VISIBLE
10
180.641500
20
113.985447
30
0.0
11
180.641500
21
114.018947
31
0.0
0
LINE
8
VISIBLE
10
180.641500
20
128.161949
30
0.0
11
180.641500
21
128.286312
31
0.0
0
LINE
8
VISIBLE
10
180.641500
20
128.010413
30
0.0
11
180.641500
21
128.161949
31
0.0
0
LINE
8
VISIBLE
10
180.641500
20
127.837526
30
0.0
11
180.641500
21
128.010413
31
0.0
0
LINE
8
VISIBLE
10
180.641500
20
127.649933
30
0.0
11
180.641500
21
127.837526
31
0.0
0
LINE
8
VISIBLE
10
180.641500
20
113.985447
30
0.0
11
180.641500
21
120.718947
31
0.0
0
LINE
8
VISIBLE
10
180.641500
20
127.454843
30
0.0
11
180.641500
21
127.649933
31
0.0
0
LINE
8
VISIBLE
10
180.641500
20
121.718947
30
0.0
11
180.641500
21
127.454843
31
0.0
0
LINE
8
VISIBLE
10
180.641500
20
120.718947
30
0.0
11
180.641500
21
120.738162
31
0.0
0
LINE
8
VISIBLE
10
180.641500
20
121.523857
30
0.0
11
180.641500
21
121.718947
31
0.0
0
LINE
8
VISIBLE
10
180.641500
20
120.738162
30
0.0
11
180.641500
21
120.795068
31
0.0
0
LINE
8
VISIBLE
10
180.641500
20
121.336264
30
0.0
11
180.641500
21
121.523857
31
0.0
0
LINE
8
VISIBLE
10
180.641500
20
120.795068
30
0.0
11
180.641500
21
120.887478
31
0.0
0
LINE
8
VISIBLE
10
180.641500
20
121.163377
30
0.0
11
180.641500
21
121.336264
31
0.0
0
LINE
8
VISIBLE
10
180.641500
20
120.887478
30
0.0
11
180.641500
21
121.011841
31
0.0
0
LINE
8
VISIBLE
10
180.641500
20
121.011841
30
0.0
11
180.641500
21
121.163377
31
0.0
0
LINE
8
VISIBLE
10
180.641500
20
92.144779
30
0.0
11
180.641500
21
92.151947
31
0.0
0
LINE
8
VISIBLE
10
181.641500
20
89.318947
30
0.0
11
180.641500
21
89.318947
31
0.0
0
LINE
8
VISIBLE
10
181.641500
20
89.338162
30
0.0
11
180.641500
21
89.338162
31
0.0
0
LINE
8
VISIBLE
10
181.641500
20
89.318947
30
0.0
11
181.641500
21
89.338162
31
0.0
0
LINE
8
VISIBLE
10
181.641500
20
89.395068
30
0.0
11
180.641500
21
89.395068
31
0.0
0
LINE
8
VISIBLE
10
181.641500
20
89.338162
30
0.0
11
181.641500
21
89.395068
31
0.0
0
LINE
8
VISIBLE
10
181.641500
20
89.487478
30
0.0
11
180.641500
21
89.487478
31
0.0
0
LINE
8
VISIBLE
10
181.641500
20
89.395068
30
0.0
11
181.641500
21
89.487478
31
0.0
0
LINE
8
VISIBLE
10
181.641500
20
89.611841
30
0.0
11
180.641500
21
89.611841
31
0.0
0
LINE
8
VISIBLE
10
181.641500
20
89.487478
30
0.0
11
181.641500
21
89.611841
31
0.0
0
LINE
8
VISIBLE
10
181.641500
20
89.763377
30
0.0
11
180.641500
21
89.763377
31
0.0
0
LINE
8
VISIBLE
10
181.641500
20
89.611841
30
0.0
11
181.641500
21
89.763377
31
0.0
0
LINE
8
VISIBLE
10
181.641500
20
89.936264
30
0.0
11
180.641500
21
89.936264
31
0.0
0
LINE
8
VISIBLE
10
181.641500
20
89.763377
30
0.0
11
181.641500
21
89.936264
31
0.0
0
LINE
8
VISIBLE
10
181.641500
20
90.123857
30
0.0
11
180.641500
21
90.123857
31
0.0
0
LINE
8
VISIBLE
10
181.641500
20
89.936264
30
0.0
11
181.641500
21
90.123857
31
0.0
0
LINE
8
VISIBLE
10
181.641500
20
90.318947
30
0.0
11
180.641500
21
90.318947
31
0.0
0
LINE
8
VISIBLE
10
181.641500
20
90.123857
30
0.0
11
181.641500
21
90.318947
31
0.0
0
LINE
8
VISIBLE
10
181.641500
20
120.718947
30
0.0
11
180.641500
21
120.718947
31
0.0
0
LINE
8
VISIBLE
10
181.641500
20
120.738162
30
0.0
11
180.641500
21
120.738162
31
0.0
0
LINE
8
VISIBLE
10
181.641500
20
120.718947
30
0.0
11
181.641500
21
120.738162
31
0.0
0
LINE
8
VISIBLE
10
181.641500
20
120.795068
30
0.0
11
180.641500
21
120.795068
31
0.0
0
LINE
8
VISIBLE
10
181.641500
20
120.738162
30
0.0
11
181.641500
21
120.795068
31
0.0
0
LINE
8
VISIBLE
10
181.641500
20
120.887478
30
0.0
11
180.641500
21
120.887478
31
0.0
0
LINE
8
VISIBLE
10
181.641500
20
120.795068
30
0.0
11
181.641500
21
120.887478
31
0.0
0
LINE
8
VISIBLE
10
181.641500
20
121.011841
30
0.0
11
180.641500
21
121.011841
31
0.0
0
LINE
8
VISIBLE
10
181.641500
20
120.887478
30
0.0
11
181.641500
21
121.011841
31
0.0
0
LINE
8
VISIBLE
10
181.641500
20
121.163377
30
0.0
11
180.641500
21
121.163377
31
0.0
0
LINE
8
VISIBLE
10
181.641500
20
121.011841
30
0.0
11
181.641500
21
121.163377
31
0.0
0
LINE
8
VISIBLE
10
181.641500
20
121.336264
30
0.0
11
180.641500
21
121.336264
31
0.0
0
LINE
8
VISIBLE
10
181.641500
20
121.163377
30
0.0
11
181.641500
21
121.336264
31
0.0
0
LINE
8
VISIBLE
10
181.641500
20
121.523857
30
0.0
11
180.641500
21
121.523857
31
0.0
0
LINE
8
VISIBLE
10
181.641500
20
121.336264
30
0.0
11
181.641500
21
121.523857
31
0.0
0
LINE
8
VISIBLE
10
181.641500
20
121.718947
30
0.0
11
180.641500
21
121.718947
31
0.0
0
LINE
8
VISIBLE
10
181.641500
20
121.523857
30
0.0
11
181.641500
21
121.718947
31
0.0
0
LINE
8
VISIBLE
10
181.641500
20
127.454843
30
0.0
11
180.641500
21
127.454843
31
0.0
0
LINE
8
VISIBLE
10
181.641500
20
121.718947
30
0.0
11
181.641500
21
127.454843
31
0.0
0
LINE
8
VISIBLE
10
181.641500
20
127.649933
30
0.0
11
180.641500
21
127.649933
31
0.0
0
LINE
8
VISIBLE
10
181.641500
20
127.454843
30
0.0
11
181.641500
21
127.649933
31
0.0
0
LINE
8
VISIBLE
10
181.641500
20
127.837526
30
0.0
11
180.641500
21
127.837526
31
0.0
0
LINE
8
VISIBLE
10
181.641500
20
127.649933
30
0.0
11
181.641500
21
127.837526
31
0.0
0
LINE
8
VISIBLE
10
181.641500
20
128.010413
30
0.0
11
180.641500
21
128.010413
31
0.0
0
LINE
8
VISIBLE
10
181.641500
20
127.837526
30
0.0
11
181.641500
21
128.010413
31
0.0
0
LINE
8
VISIBLE
10
181.641500
20
128.161949
30
0.0
11
180.641500
21
128.161949
31
0.0
0
LINE
8
VISIBLE
10
181.641500
20
128.010413
30
0.0
11
181.641500
21
128.161949
31
0.0
0
LINE
8
VISIBLE
10
181.641500
20
128.286312
30
0.0
11
180.641500
21
128.286312
31
0.0
0
LINE
8
VISIBLE
10
181.641500
20
128.161949
30
0.0
11
181.641500
21
128.286312
31
0.0
0
LINE
8
VISIBLE
10
181.641500
20
128.378722
30
0.0
11
180.641500
21
128.378722
31
0.0
0
LINE
8
VISIBLE
10
181.641500
20
128.286312
30
0.0
11
181.641500
21
128.378722
31
0.0
0
LINE
8
VISIBLE
10
181.641500
20
128.435628
30
0.0
11
180.641500
21
128.435628
31
0.0
0
LINE
8
VISIBLE
10
181.641500
20
128.378722
30
0.0
11
181.641500
21
128.435628
31
0.0
0
LINE
8
VISIBLE
10
181.641500
20
129.032553
30
0.0
11
180.641500
21
129.032553
31
0.0
0
LINE
8
VISIBLE
10
181.641500
20
128.454843
30
0.0
11
180.641500
21
128.454843
31
0.0
0
LINE
8
VISIBLE
10
181.641500
20
128.435628
30
0.0
11
181.641500
21
128.454843
31
0.0
0
LINE
8
VISIBLE
10
181.641500
20
128.454843
30
0.0
11
181.641500
21
129.032553
31
0.0
0
LINE
8
VISIBLE
10
177.641500
20
92.185447
30
0.0
11
180.641500
21
92.185447
31
0.0
0
LINE
8
VISIBLE
10
180.641500
20
113.985447
30
0.0
11
177.641500
21
113.985447
31
0.0
0
LINE
8
VISIBLE
10
176.660715
20
126.051947
30
0.0
11
176.641500
21
126.051947
31
0.0
0
LINE
8
VISIBLE
10
176.717620
20
126.051947
30
0.0
11
176.660715
21
126.051947
31
0.0
0
LINE
8
VISIBLE
10
176.741500
20
126.051947
30
0.0
11
176.717620
21
126.051947
31
0.0
0
LINE
8
VISIBLE
10
180.641500
20
125.068947
30
0.0
11
177.641500
21
125.068947
31
0.0
0
LINE
8
VISIBLE
10
177.641500
20
125.068947
30
0.0
11
177.641500
21
125.368947
31
0.0
0
LINE
8
VISIBLE
10
176.660715
20
125.068947
30
0.0
11
176.641500
21
125.068947
31
0.0
0
LINE
8
VISIBLE
10
176.717620
20
125.068947
30
0.0
11
176.660715
21
125.068947
31
0.0
0
LINE
8
VISIBLE
10
176.810030
20
125.068947
30
0.0
11
176.717620
21
125.068947
31
0.0
0
LINE
8
VISIBLE
10
176.934393
20
125.068947
30
0.0
11
176.810030
21
125.068947
31
0.0
0
LINE
8
VISIBLE
10
177.085930
20
125.068947
30
0.0
11
176.934393
21
125.068947
31
0.0
0
LINE
8
VISIBLE
10
177.258817
20
125.068947
30
0.0
11
177.085930
21
125.068947
31
0.0
0
LINE
8
VISIBLE
10
177.446410
20
125.068947
30
0.0
11
177.258817
21
125.068947
31
0.0
0
LINE
8
VISIBLE
10
177.641500
20
125.068947
30
0.0
11
177.446410
21
125.068947
31
0.0
0
LINE
8
VISIBLE
10
176.741500
20
126.968947
30
0.0
11
176.641500
21
126.968947
31
0.0
0
LINE
8
VISIBLE
10
180.641500
20
128.401947
30
0.0
11
176.641500
21
128.401947
31
0.0
0
LINE
8
VISIBLE
10
176.641500
20
126.968947
30
0.0
11
176.641500
21
128.401947
31
0.0
0
LINE
8
VISIBLE
10
180.641500
20
126.456953
30
0.0
11
176.741500
21
126.456953
31
0.0
0
LINE
8
VISIBLE
10
176.741500
20
125.368947
30
0.0
11
176.741500
21
126.456953
31
0.0
0
LINE
8
VISIBLE
10
180.641500
20
125.368947
30
0.0
11
176.741500
21
125.368947
31
0.0
0
LINE
8
VISIBLE
10
180.641500
20
91.685622
30
0.0
11
179.641500
21
91.685622
31
0.0
0
LINE
8
VISIBLE
10
180.641500
20
91.713277
30
0.0
11
179.641500
21
91.713277
31
0.0
0
LINE
8
VISIBLE
10
179.641500
20
91.685622
30
0.0
11
179.641500
21
91.713277
31
0.0
0
LINE
8
VISIBLE
10
180.641500
20
91.803778
30
0.0
11
179.641500
21
91.803778
31
0.0
0
LINE
8
VISIBLE
10
179.641500
20
91.713277
30
0.0
11
179.641500
21
91.803778
31
0.0
0
LINE
8
VISIBLE
10
180.641500
20
91.950955
30
0.0
11
179.641500
21
91.950955
31
0.0
0
LINE
8
VISIBLE
10
179.641500
20
91.803778
30
0.0
11
179.641500
21
91.950955
31
0.0
0
LINE
8
VISIBLE
10
180.641500
20
92.144779
30
0.0
11
179.641500
21
92.144779
31
0.0
0
LINE
8
VISIBLE
10
179.641500
20
91.950955
30
0.0
11
179.641500
21
92.144779
31
0.0
0
LINE
8
VISIBLE
10
179.641500
20
92.144779
30
0.0
11
179.641500
21
92.185447
31
0.0
0
LINE
8
VISIBLE
10
177.467852
20
92.200640
30
0.0
11
177.641500
21
92.185447
31
0.0
0
LINE
8
VISIBLE
10
177.299480
20
92.245755
30
0.0
11
177.467852
21
92.200640
31
0.0
0
LINE
8
VISIBLE
10
177.141500
20
92.319422
30
0.0
11
177.299480
21
92.245755
31
0.0
0
LINE
8
VISIBLE
10
176.998712
20
92.419403
30
0.0
11
177.141500
21
92.319422
31
0.0
0
LINE
8
VISIBLE
10
176.875456
20
92.542660
30
0.0
11
176.998712
21
92.419403
31
0.0
0
LINE
8
VISIBLE
10
177.641500
20
113.985447
30
0.0
11
177.467852
21
113.970255
31
0.0
0
LINE
8
VISIBLE
10
176.775475
20
92.685447
30
0.0
11
176.875456
21
92.542660
31
0.0
0
LINE
8
VISIBLE
10
177.467852
20
113.970255
30
0.0
11
177.299480
21
113.925140
31
0.0
0
LINE
8
VISIBLE
10
176.701807
20
92.843427
30
0.0
11
176.775475
21
92.685447
31
0.0
0
LINE
8
VISIBLE
10
177.299480
20
113.925140
30
0.0
11
177.141500
21
113.851473
31
0.0
0
LINE
8
VISIBLE
10
176.656692
20
93.011799
30
0.0
11
176.701807
21
92.843427
31
0.0
0
LINE
8
VISIBLE
10
177.141500
20
113.851473
30
0.0
11
176.998712
21
113.751492
31
0.0
0
LINE
8
VISIBLE
10
176.641500
20
93.185447
30
0.0
11
176.656692
21
93.011799
31
0.0
0
LINE
8
VISIBLE
10
176.998712
20
113.751492
30
0.0
11
176.875456
21
113.628235
31
0.0
0
LINE
8
VISIBLE
10
176.641500
20
112.985447
30
0.0
11
176.641500
21
93.185447
31
0.0
0
LINE
8
VISIBLE
10
176.875456
20
113.628235
30
0.0
11
176.775475
21
113.485447
31
0.0
0
LINE
8
VISIBLE
10
176.656692
20
113.159095
30
0.0
11
176.641500
21
112.985447
31
0.0
0
LINE
8
VISIBLE
10
176.775475
20
113.485447
30
0.0
11
176.701807
21
113.327467
31
0.0
0
LINE
8
VISIBLE
10
176.701807
20
113.327467
30
0.0
11
176.656692
21
113.159095
31
0.0
0
LINE
8
VISIBLE
10
176.641500
20
125.068947
30
0.0
11
176.641500
21
126.051947
31
0.0
0
LINE
8
VISIBLE
10
176.660715
20
125.068947
30
0.0
11
176.660715
21
126.051947
31
0.0
0
LINE
8
VISIBLE
10
176.717620
20
125.068947
30
0.0
11
176.717620
21
126.051947
31
0.0
0
LINE
8
VISIBLE
10
176.810030
20
125.068947
30
0.0
11
176.810030
21
125.368947
31
0.0
0
LINE
8
VISIBLE
10
176.934393
20
125.068947
30
0.0
11
176.934393
21
125.368947
31
0.0
0
LINE
8
VISIBLE
10
177.085930
20
125.068947
30
0.0
11
177.085930
21
125.368947
31
0.0
0
LINE
8
VISIBLE
10
177.258817
20
125.068947
30
0.0
11
177.258817
21
125.368947
31
0.0
0
LINE
8
VISIBLE
10
177.446410
20
125.068947
30
0.0
11
177.446410
21
125.368947
31
0.0
0
LINE
8
VISIBLE
10
181.641500
20
87.467447
30
0.0
11
181.641500
21
89.318947
31
0.0
0
LINE
8
VISIBLE
10
181.641500
20
90.318947
30
0.0
11
181.641500
21
120.718947
31
0.0
0
LINE
8
VISIBLE
10
184.541500
20
120.925447
30
0.0
11
181.641500
21
120.925447
31
0.0
0
LINE
8
VISIBLE
10
184.696791
20
120.925447
30
0.0
11
184.541500
21
120.925447
31
0.0
0
LINE
8
VISIBLE
10
184.841500
20
120.925447
30
0.0
11
184.696791
21
120.925447
31
0.0
0
LINE
8
VISIBLE
10
184.965764
20
120.925447
30
0.0
11
184.841500
21
120.925447
31
0.0
0
LINE
8
VISIBLE
10
185.061115
20
120.925447
30
0.0
11
184.965764
21
120.925447
31
0.0
0
LINE
8
VISIBLE
10
185.121055
20
120.925447
30
0.0
11
185.061115
21
120.925447
31
0.0
0
LINE
8
VISIBLE
10
185.141500
20
120.925447
30
0.0
11
185.121055
21
120.925447
31
0.0
0
LINE
8
VISIBLE
10
184.696791
20
120.925447
30
0.0
11
184.696791
21
121.895447
31
0.0
0
LINE
8
VISIBLE
10
184.541500
20
120.925447
30
0.0
11
184.541500
21
121.895447
31
0.0
0
LINE
8
VISIBLE
10
184.696791
20
121.895447
30
0.0
11
184.541500
21
121.895447
31
0.0
0
LINE
8
VISIBLE
10
183.891500
20
122.885447
30
0.0
11
181.641500
21
122.885447
31
0.0
0
LINE
8
VISIBLE
10
184.841500
20
121.895447
30
0.0
11
184.696791
21
121.895447
31
0.0
0
LINE
8
VISIBLE
10
184.541500
20
121.895447
30
0.0
11
183.891500
21
121.895447
31
0.0
0
LINE
8
VISIBLE
10
184.965764
20
121.895447
30
0.0
11
184.841500
21
121.895447
31
0.0
0
LINE
8
VISIBLE
10
185.061115
20
121.895447
30
0.0
11
184.965764
21
121.895447
31
0.0
0
LINE
8
VISIBLE
10
185.121055
20
121.895447
30
0.0
11
185.061115
21
121.895447
31
0.0
0
LINE
8
VISIBLE
10
185.141500
20
121.895447
30
0.0
11
185.121055
21
121.895447
31
0.0
0
LINE
8
VISIBLE
10
184.516500
20
121.895447
30
0.0
11
183.891500
21
121.895447
31
0.0
0
LINE
8
VISIBLE
10
183.891500
20
121.895447
30
0.0
11
183.891500
21
122.885447
31
0.0
0
LINE
8
VISIBLE
10
184.841500
20
120.925447
30
0.0
11
184.841500
21
121.895447
31
0.0
0
LINE
8
VISIBLE
10
184.965764
20
120.925447
30
0.0
11
184.965764
21
121.895447
31
0.0
0
LINE
8
VISIBLE
10
185.061115
20
120.925447
30
0.0
11
185.061115
21
121.895447
31
0.0
0
LINE
8
VISIBLE
10
185.121055
20
120.925447
30
0.0
11
185.121055
21
121.895447
31
0.0
0
LINE
8
VISIBLE
10
185.141500
20
120.925447
30
0.0
11
185.141500
21
121.895447
31
0.0
0
LINE
8
VISIBLE
10
183.891500
20
106.735447
30
0.0
11
181.641500
21
106.735447
31
0.0
0
LINE
8
VISIBLE
10
184.696791
20
107.725447
30
0.0
11
184.541500
21
107.725447
31
0.0
0
LINE
8
VISIBLE
10
184.841500
20
107.725447
30
0.0
11
184.696791
21
107.725447
31
0.0
0
LINE
8
VISIBLE
10
184.541500
20
107.725447
30
0.0
11
183.891500
21
107.725447
31
0.0
0
LINE
8
VISIBLE
10
184.965764
20
107.725447
30
0.0
11
184.841500
21
107.725447
31
0.0
0
LINE
8
VISIBLE
10
185.061115
20
107.725447
30
0.0
11
184.965764
21
107.725447
31
0.0
0
LINE
8
VISIBLE
10
185.121055
20
107.725447
30
0.0
11
185.061115
21
107.725447
31
0.0
0
LINE
8
VISIBLE
10
185.141500
20
107.725447
30
0.0
11
185.121055
21
107.725447
31
0.0
0
LINE
8
VISIBLE
10
184.516500
20
107.725447
30
0.0
11
183.891500
21
107.725447
31
0.0
0
LINE
8
VISIBLE
10
184.696791
20
107.725447
30
0.0
11
184.696791
21
108.695447
31
0.0
0
LINE
8
VISIBLE
10
184.541500
20
107.725447
30
0.0
11
184.541500
21
108.695447
31
0.0
0
LINE
8
VISIBLE
10
184.696791
20
108.695447
30
0.0
11
184.541500
21
108.695447
31
0.0
0
LINE
8
VISIBLE
10
184.541500
20
108.695447
30
0.0
11
181.641500
21
108.695447
31
0.0
0
LINE
8
VISIBLE
10
184.841500
20
108.695447
30
0.0
11
184.696791
21
108.695447
31
0.0
0
LINE
8
VISIBLE
10
184.965764
20
108.695447
30
0.0
11
184.841500
21
108.695447
31
0.0
0
LINE
8
VISIBLE
10
185.061115
20
108.695447
30
0.0
11
184.965764
21
108.695447
31
0.0
0
LINE
8
VISIBLE
10
185.121055
20
108.695447
30
0.0
11
185.061115
21
108.695447
31
0.0
0
LINE
8
VISIBLE
10
185.141500
20
108.695447
30
0.0
11
185.121055
21
108.695447
31
0.0
0
LINE
8
VISIBLE
10
184.841500
20
107.725447
30
0.0
11
184.841500
21
108.695447
31
0.0
0
LINE
8
VISIBLE
10
184.965764
20
107.725447
30
0.0
11
184.965764
21
108.695447
31
0.0
0
LINE
8
VISIBLE
10
185.061115
20
107.725447
30
0.0
11
185.061115
21
108.695447
31
0.0
0
LINE
8
VISIBLE
10
185.121055
20
107.725447
30
0.0
11
185.121055
21
108.695447
31
0.0
0
LINE
8
VISIBLE
10
185.141500
20
107.725447
30
0.0
11
185.141500
21
108.695447
31
0.0
0
LINE
8
VISIBLE
10
183.891500
20
106.735447
30
0.0
11
183.891500
21
107.725447
31
0.0
0
LINE
8
VISIBLE
10
178.486500
20
89.635447
30
0.0
11
180.641500
21
89.635447
31
0.0
0
LINE
8
VISIBLE
10
178.486500
20
89.510447
30
0.0
11
178.486500
21
89.635447
31
0.0
0
LINE
8
VISIBLE
10
178.631500
20
89.260447
30
0.0
11
178.486500
21
89.510447
31
0.0
0
LINE
8
VISIBLE
10
181.111500
20
87.488878
30
0.0
11
178.631500
21
89.260447
31
0.0
0
LINE
8
VISIBLE
10
181.111500
20
87.467447
30
0.0
11
181.111500
21
87.488878
31
0.0
0
LINE
8
VISIBLE
10
181.641500
20
87.467447
30
0.0
11
181.111500
21
87.467447
31
0.0
0
LINE
8
VISIBLE
10
176.741500
20
128.335447
30
0.0
11
176.741500
21
126.456953
31
0.0
0
LINE
8
VISIBLE
10
180.641500
20
128.335447
30
0.0
11
176.741500
21
128.335447
31
0.0
0
LINE
8
HIDDEN
10
180.641500
20
110.501947
30
0.0
11
180.641500
21
114.018947
31
0.0
0
LINE
8
HIDDEN
10
180.641500
20
110.501947
30
0.0
11
180.641500
21
95.668947
31
0.0
0
LINE
8
HIDDEN
10
180.641500
20
92.151947
30
0.0
11
180.641500
21
95.668947
31
0.0
0
LINE
8
HIDDEN
10
180.641500
20
128.801993
30
0.0
11
180.641500
21
128.454843
31
0.0
0
LINE
8
HIDDEN
10
180.641500
20
128.782778
30
0.0
11
180.641500
21
128.801993
31
0.0
0
LINE
8
HIDDEN
10
180.641500
20
128.725872
30
0.0
11
180.641500
21
128.782778
31
0.0
0
LINE
8
HIDDEN
10
180.641500
20
128.633462
30
0.0
11
180.641500
21
128.725872
31
0.0
0
LINE
8
HIDDEN
10
180.641500
20
128.509099
30
0.0
11
180.641500
21
128.633462
31
0.0
0
LINE
8
HIDDEN
10
180.641500
20
128.357563
30
0.0
11
180.641500
21
128.509099
31
0.0
0
LINE
8
HIDDEN
10
180.641500
20
128.184676
30
0.0
11
180.641500
21
128.357563
31
0.0
0
LINE
8
HIDDEN
10
180.641500
20
127.997083
30
0.0
11
180.641500
21
128.184676
31
0.0
0
LINE
8
HIDDEN
10
180.641500
20
127.801993
30
0.0
11
180.641500
21
127.997083
31
0.0
0
LINE
8
HIDDEN
10
180.641500
20
127.118947
30
0.0
11
180.641500
21
127.801993
31
0.0
0
LINE
8
HIDDEN
10
180.641500
20
126.989538
30
0.0
11
180.641500
21
127.118947
31
0.0
0
LINE
8
HIDDEN
10
180.641500
20
126.868947
30
0.0
11
180.641500
21
126.989538
31
0.0
0
LINE
8
HIDDEN
10
180.641500
20
126.765394
30
0.0
11
180.641500
21
126.868947
31
0.0
0
LINE
8
HIDDEN
10
180.641500
20
126.685935
30
0.0
11
180.641500
21
126.765394
31
0.0
0
LINE
8
HIDDEN
10
180.641500
20
89.318947
30
0.0
11
180.641500
21
94.101947
31
0.0
0
LINE
8
HIDDEN
10
180.641500
20
126.635984
30
0.0
11
180.641500
21
126.685935
31
0.0
0
LINE
8
HIDDEN
10
180.641500
20
126.618947
30
0.0
11
180.641500
21
126.635984
31
0.0
0
LINE
8
HIDDEN
10
180.641500
20
126.635984
30
0.0
11
180.641500
21
126.618947
31
0.0
0
LINE
8
HIDDEN
10
180.641500
20
89.318947
30
0.0
11
180.641500
21
94.101947
31
0.0
0
LINE
8
HIDDEN
10
180.641500
20
126.685935
30
0.0
11
180.641500
21
126.635984
31
0.0
0
LINE
8
HIDDEN
10
180.641500
20
126.765394
30
0.0
11
180.641500
21
126.685935
31
0.0
0
LINE
8
HIDDEN
10
180.641500
20
126.868947
30
0.0
11
180.641500
21
126.765394
31
0.0
0
LINE
8
HIDDEN
10
180.641500
20
126.989538
30
0.0
11
180.641500
21
126.868947
31
0.0
0
LINE
8
HIDDEN
10
180.641500
20
127.118947
30
0.0
11
180.641500
21
126.989538
31
0.0
0
LINE
8
HIDDEN
10
180.641500
20
128.432553
30
0.0
11
180.641500
21
127.118947
31
0.0
0
LINE
8
HIDDEN
10
180.641500
20
128.549607
30
0.0
11
180.641500
21
128.432553
31
0.0
0
LINE
8
HIDDEN
10
180.641500
20
128.662163
30
0.0
11
180.641500
21
128.549607
31
0.0
0
LINE
8
HIDDEN
10
180.641500
20
128.765895
30
0.0
11
180.641500
21
128.662163
31
0.0
0
LINE
8
HIDDEN
10
180.641500
20
128.856817
30
0.0
11
180.641500
21
128.765895
31
0.0
0
LINE
8
HIDDEN
10
180.641500
20
128.931434
30
0.0
11
180.641500
21
128.856817
31
0.0
0
LINE
8
HIDDEN
10
180.641500
20
128.986880
30
0.0
11
180.641500
21
128.931434
31
0.0
0
LINE
8
HIDDEN
10
180.641500
20
129.021024
30
0.0
11
180.641500
21
128.986880
31
0.0
0
LINE
8
HIDDEN
10
180.641500
20
129.032553
30
0.0
11
180.641500
21
129.021024
31
0.0
0
LINE
8
HIDDEN
10
180.641500
20
92.185447
30
0.0
11
180.641500
21
95.668947
31
0.0
0
LINE
8
HIDDEN
10
180.641500
20
110.501947
30
0.0
11
180.641500
21
95.668947
31
0.0
0
LINE
8
HIDDEN
10
180.641500
20
110.501947
30
0.0
11
180.641500
21
113.985447
31
0.0
0
LINE
8
HIDDEN
10
180.641500
20
125.368947
30
0.0
11
180.641500
21
126.456953
31
0.0
0
LINE
8
HIDDEN
10
180.641500
20
126.993947
30
0.0
11
180.641500
21
126.456953
31
0.0
0
LINE
8
HIDDEN
10
180.641500
20
125.368947
30
0.0
11
180.641500
21
126.456953
31
0.0
0
LINE
8
HIDDEN
10
180.641500
20
126.456953
30
0.0
11
180.641500
21
128.335447
31
0.0
0
LINE
8
HIDDEN
10
180.641500
20
126.993947
30
0.0
11
180.641500
21
127.726947
31
0.0
0
LINE
8
HIDDEN
10
180.641500
20
128.335447
30
0.0
11
180.641500
21
127.726947
31
0.0
0
LINE
8
HIDDEN
10
180.641500
20
126.968947
30
0.0
11
180.641500
21
128.401947
31
0.0
0
LINE
8
HIDDEN
10
180.641500
20
126.968947
30
0.0
11
180.641500
21
128.401947
31
0.0
0
LINE
8
HIDDEN
10
180.641500
20
94.343947
30
0.0
11
180.641500
21
111.826947
31
0.0
0
LINE
8
HIDDEN
10
180.641500
20
94.343947
30
0.0
11
180.641500
21
111.826947
31
0.0
0
LINE
8
HIDDEN
10
180.641500
20
94.343947
30
0.0
11
180.641500
21
104.027678
31
0.0
0
LINE
8
HIDDEN
10
180.641500
20
104.027678
30
0.0
11
180.641500
21
103.721971
31
0.0
0
LINE
8
HIDDEN
10
180.641500
20
94.343947
30
0.0
11
180.641500
21
104.471012
31
0.0
0
LINE
8
HIDDEN
10
180.641500
20
103.721971
30
0.0
11
180.641500
21
103.622695
31
0.0
0
LINE
8
HIDDEN
10
180.641500
20
104.671971
30
0.0
11
180.641500
21
104.471012
31
0.0
0
LINE
8
HIDDEN
10
180.641500
20
103.622695
30
0.0
11
180.641500
21
103.585622
31
0.0
0
LINE
8
HIDDEN
10
180.641500
20
104.826683
30
0.0
11
180.641500
21
104.671971
31
0.0
0
LINE
8
HIDDEN
10
180.641500
20
103.585622
30
0.0
11
180.641500
21
103.613277
31
0.0
0
LINE
8
HIDDEN
10
180.641500
20
105.026290
30
0.0
11
180.641500
21
104.826683
31
0.0
0
LINE
8
HIDDEN
10
180.641500
20
103.613277
30
0.0
11
180.641500
21
103.642768
31
0.0
0
LINE
8
HIDDEN
10
180.641500
20
105.257187
30
0.0
11
180.641500
21
105.026290
31
0.0
0
LINE
8
HIDDEN
10
180.641500
20
95.843947
30
0.0
11
180.641500
21
103.642768
31
0.0
0
LINE
8
HIDDEN
10
180.641500
20
105.503640
30
0.0
11
180.641500
21
105.257187
31
0.0
0
LINE
8
HIDDEN
10
180.641500
20
105.748853
30
0.0
11
180.641500
21
105.503640
31
0.0
0
LINE
8
HIDDEN
10
180.641500
20
95.843947
30
0.0
11
180.641500
21
111.826947
31
0.0
0
LINE
8
HIDDEN
10
180.641500
20
105.976116
30
0.0
11
180.641500
21
105.748853
31
0.0
0
LINE
8
HIDDEN
10
180.641500
20
106.169940
30
0.0
11
180.641500
21
105.976116
31
0.0
0
LINE
8
HIDDEN
10
180.641500
20
105.461819
30
0.0
11
180.641500
21
111.826947
31
0.0
0
LINE
8
HIDDEN
10
180.641500
20
106.317117
30
0.0
11
180.641500
21
106.169940
31
0.0
0
LINE
8
HIDDEN
10
180.641500
20
105.461819
30
0.0
11
180.641500
21
106.246549
31
0.0
0
LINE
8
HIDDEN
10
180.641500
20
106.407617
30
0.0
11
180.641500
21
106.317117
31
0.0
0
LINE
8
HIDDEN
10
180.641500
20
106.246549
30
0.0
11
180.641500
21
111.826947
31
0.0
0
LINE
8
HIDDEN
10
180.641500
20
106.415558
30
0.0
11
180.641500
21
106.407617
31
0.0
0
LINE
8
HIDDEN
10
180.641500
20
106.415558
30
0.0
11
180.641500
21
111.826947
31
0.0
0
LINE
8
HIDDEN
10
180.641500
20
94.343947
30
0.0
11
180.641500
21
104.235447
31
0.0
0
LINE
8
HIDDEN
10
180.641500
20
94.343947
30
0.0
11
180.641500
21
104.235447
31
0.0
0
LINE
8
HIDDEN
10
180.641500
20
94.343947
30
0.0
11
180.641500
21
104.235447
31
0.0
0
LINE
8
HIDDEN
10
180.641500
20
104.235447
30
0.0
11
180.641500
21
106.735447
31
0.0
0
LINE
8
HIDDEN
10
180.641500
20
106.735447
30
0.0
11
180.641500
21
111.826947
31
0.0
0
LINE
8
HIDDEN
10
180.641500
20
106.735447
30
0.0
11
180.641500
21
111.826947
31
0.0
0
LINE
8
HIDDEN
10
180.641500
20
106.735447
30
0.0
11
180.641500
21
111.826947
31
0.0
0
LINE
8
HIDDEN
10
180.641500
20
106.735447
30
0.0
11
180.641500
21
111.826947
31
0.0
0
LINE
8
HIDDEN
10
180.641500
20
104.235447
30
0.0
11
180.641500
21
106.735447
31
0.0
0
LINE
8
HIDDEN
10
180.641500
20
94.343947
30
0.0
11
180.641500
21
104.235447
31
0.0
0
LINE
8
HIDDEN
10
180.641500
20
93.448924
30
0.0
11
180.641500
21
93.294211
31
0.0
0
LINE
8
HIDDEN
10
180.641500
20
94.398924
30
0.0
11
180.641500
21
93.448924
31
0.0
0
LINE
8
HIDDEN
10
180.641500
20
93.294211
30
0.0
11
180.641500
21
93.094605
31
0.0
0
LINE
8
HIDDEN
10
180.641500
20
94.498200
30
0.0
11
180.641500
21
94.398924
31
0.0
0
LINE
8
HIDDEN
10
180.641500
20
93.094605
30
0.0
11
180.641500
21
92.863707
31
0.0
0
LINE
8
HIDDEN
10
180.641500
20
94.535273
30
0.0
11
180.641500
21
94.498200
31
0.0
0
LINE
8
HIDDEN
10
180.641500
20
92.863707
30
0.0
11
180.641500
21
92.617254
31
0.0
0
LINE
8
HIDDEN
10
180.641500
20
94.507617
30
0.0
11
180.641500
21
94.535273
31
0.0
0
LINE
8
HIDDEN
10
180.641500
20
92.617254
30
0.0
11
180.641500
21
92.372041
31
0.0
0
LINE
8
HIDDEN
10
180.641500
20
94.417117
30
0.0
11
180.641500
21
94.507617
31
0.0
0
LINE
8
HIDDEN
10
180.641500
20
92.372041
30
0.0
11
180.641500
21
92.144779
31
0.0
0
LINE
8
HIDDEN
10
180.641500
20
94.269940
30
0.0
11
180.641500
21
94.417117
31
0.0
0
LINE
8
HIDDEN
10
180.641500
20
92.144779
30
0.0
11
180.641500
21
91.950955
31
0.0
0
LINE
8
HIDDEN
10
180.641500
20
94.076116
30
0.0
11
180.641500
21
94.269940
31
0.0
0
LINE
8
HIDDEN
10
180.641500
20
91.950955
30
0.0
11
180.641500
21
91.803778
31
0.0
0
LINE
8
HIDDEN
10
180.641500
20
93.848853
30
0.0
11
180.641500
21
94.076116
31
0.0
0
LINE
8
HIDDEN
10
180.641500
20
91.803778
30
0.0
11
180.641500
21
91.713277
31
0.0
0
LINE
8
HIDDEN
10
180.641500
20
93.603640
30
0.0
11
180.641500
21
93.848853
31
0.0
0
LINE
8
HIDDEN
10
180.641500
20
91.713277
30
0.0
11
180.641500
21
91.685622
31
0.0
0
LINE
8
HIDDEN
10
180.641500
20
93.357187
30
0.0
11
180.641500
21
93.603640
31
0.0
0
LINE
8
HIDDEN
10
180.641500
20
91.685622
30
0.0
11
180.641500
21
91.722695
31
0.0
0
LINE
8
HIDDEN
10
180.641500
20
93.126290
30
0.0
11
180.641500
21
93.357187
31
0.0
0
LINE
8
HIDDEN
10
180.641500
20
91.722695
30
0.0
11
180.641500
21
91.821971
31
0.0
0
LINE
8
HIDDEN
10
180.641500
20
92.926683
30
0.0
11
180.641500
21
93.126290
31
0.0
0
LINE
8
HIDDEN
10
180.641500
20
91.821971
30
0.0
11
180.641500
21
92.771971
31
0.0
0
LINE
8
HIDDEN
10
180.641500
20
92.771971
30
0.0
11
180.641500
21
92.926683
31
0.0
0
LINE
8
HIDDEN
10
180.641500
20
126.051947
30
0.0
11
180.641500
21
125.068947
31
0.0
0
LINE
8
HIDDEN
10
180.641500
20
125.068947
30
0.0
11
180.641500
21
126.051947
31
0.0
0
LINE
8
HIDDEN
10
180.641500
20
126.968947
30
0.0
11
180.641500
21
128.401947
31
0.0
0
LINE
8
HIDDEN
10
180.641500
20
126.968947
30
0.0
11
180.641500
21
128.401947
31
0.0
0
LINE
8
HIDDEN
10
180.641500
20
125.368947
30
0.0
11
180.641500
21
126.456953
31
0.0
0
LINE
8
HIDDEN
10
180.641500
20
128.335447
30
0.0
11
180.641500
21
126.456953
31
0.0
0
LINE
8
HIDDEN
10
180.641500
20
125.368947
30
0.0
11
180.641500
21
126.456953
31
0.0
0
LINE
8
HIDDEN
10
180.641500
20
127.726947
30
0.0
11
180.641500
21
128.335447
31
0.0
0
LINE
8
HIDDEN
10
180.641500
20
126.456953
30
0.0
11
180.641500
21
126.993947
31
0.0
0
LINE
8
HIDDEN
10
180.641500
20
126.993947
30
0.0
11
180.641500
21
127.726947
31
0.0
0
LINE
8
HIDDEN
10
180.641500
20
95.843947
30
0.0
11
180.641500
21
103.642768
31
0.0
0
LINE
8
HIDDEN
10
180.641500
20
103.642768
30
0.0
11
180.641500
21
103.613277
31
0.0
0
LINE
8
HIDDEN
10
180.641500
20
95.843947
30
0.0
11
180.641500
21
111.826947
31
0.0
0
LINE
8
HIDDEN
10
180.641500
20
103.613277
30
0.0
11
180.641500
21
103.585622
31
0.0
0
LINE
8
HIDDEN
10
180.641500
20
103.585622
30
0.0
11
180.641500
21
103.622695
31
0.0
0
LINE
8
HIDDEN
10
180.641500
20
105.461819
30
0.0
11
180.641500
21
111.826947
31
0.0
0
LINE
8
HIDDEN
10
180.641500
20
103.622695
30
0.0
11
180.641500
21
103.721971
31
0.0
0
LINE
8
HIDDEN
10
180.641500
20
106.246549
30
0.0
11
180.641500
21
105.461819
31
0.0
0
LINE
8
HIDDEN
10
180.641500
20
103.721971
30
0.0
11
180.641500
21
104.027678
31
0.0
0
LINE
8
HIDDEN
10
180.641500
20
106.246549
30
0.0
11
180.641500
21
111.826947
31
0.0
0
LINE
8
HIDDEN
10
180.641500
20
94.343947
30
0.0
11
180.641500
21
104.027678
31
0.0
0
LINE
8
HIDDEN
10
180.641500
20
106.415558
30
0.0
11
180.641500
21
111.826947
31
0.0
0
LINE
8
HIDDEN
10
180.641500
20
94.343947
30
0.0
11
180.641500
21
104.471012
31
0.0
0
LINE
8
HIDDEN
10
180.641500
20
106.407617
30
0.0
11
180.641500
21
106.415558
31
0.0
0
LINE
8
HIDDEN
10
180.641500
20
104.471012
30
0.0
11
180.641500
21
104.671971
31
0.0
0
LINE
8
HIDDEN
10
180.641500
20
106.317117
30
0.0
11
180.641500
21
106.407617
31
0.0
0
LINE
8
HIDDEN
10
180.641500
20
104.671971
30
0.0
11
180.641500
21
104.826683
31
0.0
0
LINE
8
HIDDEN
10
180.641500
20
106.169940
30
0.0
11
180.641500
21
106.317117
31
0.0
0
LINE
8
HIDDEN
10
180.641500
20
104.826683
30
0.0
11
180.641500
21
105.026290
31
0.0
0
LINE
8
HIDDEN
10
180.641500
20
105.976116
30
0.0
11
180.641500
21
106.169940
31
0.0
0
LINE
8
HIDDEN
10
180.641500
20
105.026290
30
0.0
11
180.641500
21
105.257187
31
0.0
0
LINE
8
HIDDEN
10
180.641500
20
105.748853
30
0.0
11
180.641500
21
105.976116
31
0.0
0
LINE
8
HIDDEN
10
180.641500
20
105.257187
30
0.0
11
180.641500
21
105.503640
31
0.0
0
LINE
8
HIDDEN
10
180.641500
20
105.503640
30
0.0
11
180.641500
21
105.748853
31
0.0
0
LINE
8
HIDDEN
10
180.641500
20
91.821971
30
0.0
11
180.641500
21
91.722695
31
0.0
0
LINE
8
HIDDEN
10
180.641500
20
92.771971
30
0.0
11
180.641500
21
91.821971
31
0.0
0
LINE
8
HIDDEN
10
180.641500
20
91.722695
30
0.0
11
180.641500
21
91.685622
31
0.0
0
LINE
8
HIDDEN
10
180.641500
20
92.926683
30
0.0
11
180.641500
21
92.771971
31
0.0
0
LINE
8
HIDDEN
10
180.641500
20
91.685622
30
0.0
11
180.641500
21
91.713277
31
0.0
0
LINE
8
HIDDEN
10
180.641500
20
93.126290
30
0.0
11
180.641500
21
92.926683
31
0.0
0
LINE
8
HIDDEN
10
180.641500
20
91.713277
30
0.0
11
180.641500
21
91.803778
31
0.0
0
LINE
8
HIDDEN
10
180.641500
20
93.357187
30
0.0
11
180.641500
21
93.126290
31
0.0
0
LINE
8
HIDDEN
10
180.641500
20
91.803778
30
0.0
11
180.641500
21
91.950955
31
0.0
0
LINE
8
HIDDEN
10
180.641500
20
93.603640
30
0.0
11
180.641500
21
93.357187
31
0.0
0
LINE
8
HIDDEN
10
180.641500
20
91.950955
30
0.0
11
180.641500
21
92.144779
31
0.0
0
LINE
8
HIDDEN
10
180.641500
20
93.848853
30
0.0
11
180.641500
21
93.603640
31
0.0
0
LINE
8
HIDDEN
10
180.641500
20
92.151947
30
0.0
11
180.641500
21
92.372041
31
0.0
0
LINE
8
HIDDEN
10
180.641500
20
94.076116
30
0.0
11
180.641500
21
93.848853
31
0.0
0
LINE
8
HIDDEN
10
180.641500
20
92.372041
30
0.0
11
180.641500
21
92.617254
31
0.0
0
LINE
8
HIDDEN
10
180.641500
20
94.269940
30
0.0
11
180.641500
21
94.076116
31
0.0
0
LINE
8
HIDDEN
10
180.641500
20
92.617254
30
0.0
11
180.641500
21
92.863707
31
0.0
0
LINE
8
HIDDEN
10
180.641500
20
94.417117
30
0.0
11
180.641500
21
94.269940
31
0.0
0
LINE
8
HIDDEN
10
180.641500
20
92.863707
30
0.0
11
180.641500
21
93.094605
31
0.0
0
LINE
8
HIDDEN
10
180.641500
20
94.507617
30
0.0
11
180.641500
21
94.417117
31
0.0
0
LINE
8
HIDDEN
10
180.641500
20
93.094605
30
0.0
11
180.641500
21
93.294211
31
0.0
0
LINE
8
HIDDEN
10
180.641500
20
94.535273
30
0.0
11
180.641500
21
94.507617
31
0.0
0
LINE
8
HIDDEN
10
180.641500
20
93.294211
30
0.0
11
180.641500
21
93.448924
31
0.0
0
LINE
8
HIDDEN
10
180.641500
20
94.498200
30
0.0
11
180.641500
21
94.535273
31
0.0
0
LINE
8
HIDDEN
10
180.641500
20
93.448924
30
0.0
11
180.641500
21
94.398924
31
0.0
0
LINE
8
HIDDEN
10
180.641500
20
94.398924
30
0.0
11
180.641500
21
94.498200
31
0.0
0
LINE
8
HIDDEN
10
180.641500
20
94.343947
30
0.0
11
180.641500
21
111.826947
31
0.0
0
LINE
8
HIDDEN
10
180.641500
20
94.343947
30
0.0
11
180.641500
21
111.826947
31
0.0
0
LINE
8
HIDDEN
10
181.641500
20
128.801993
30
0.0
11
181.641500
21
128.454843
31
0.0
0
LINE
8
HIDDEN
10
181.641500
20
128.801993
30
0.0
11
180.641500
21
128.801993
31
0.0
0
LINE
8
HIDDEN
10
181.641500
20
128.782778
30
0.0
11
181.641500
21
128.801993
31
0.0
0
LINE
8
HIDDEN
10
181.641500
20
128.782778
30
0.0
11
180.641500
21
128.782778
31
0.0
0
LINE
8
HIDDEN
10
181.641500
20
128.725872
30
0.0
11
181.641500
21
128.782778
31
0.0
0
LINE
8
HIDDEN
10
181.641500
20
128.725872
30
0.0
11
180.641500
21
128.725872
31
0.0
0
LINE
8
HIDDEN
10
181.641500
20
128.633462
30
0.0
11
181.641500
21
128.725872
31
0.0
0
LINE
8
HIDDEN
10
181.641500
20
128.633462
30
0.0
11
180.641500
21
128.633462
31
0.0
0
LINE
8
HIDDEN
10
181.641500
20
128.509099
30
0.0
11
181.641500
21
128.633462
31
0.0
0
LINE
8
HIDDEN
10
181.641500
20
128.509099
30
0.0
11
180.641500
21
128.509099
31
0.0
0
LINE
8
HIDDEN
10
181.641500
20
128.357563
30
0.0
11
181.641500
21
128.509099
31
0.0
0
LINE
8
HIDDEN
10
181.641500
20
128.357563
30
0.0
11
180.641500
21
128.357563
31
0.0
0
LINE
8
HIDDEN
10
181.641500
20
128.184676
30
0.0
11
181.641500
21
128.357563
31
0.0
0
LINE
8
HIDDEN
10
181.641500
20
128.184676
30
0.0
11
180.641500
21
128.184676
31
0.0
0
LINE
8
HIDDEN
10
181.641500
20
127.997083
30
0.0
11
181.641500
21
128.184676
31
0.0
0
LINE
8
HIDDEN
10
181.641500
20
127.997083
30
0.0
11
180.641500
21
127.997083
31
0.0
0
LINE
8
HIDDEN
10
181.641500
20
127.801993
30
0.0
11
181.641500
21
127.997083
31
0.0
0
LINE
8
HIDDEN
10
181.641500
20
127.801993
30
0.0
11
180.641500
21
127.801993
31
0.0
0
LINE
8
HIDDEN
10
181.641500
20
127.118947
30
0.0
11
181.641500
21
127.801993
31
0.0
0
LINE
8
HIDDEN
10
181.641500
20
127.118947
30
0.0
11
180.641500
21
127.118947
31
0.0
0
LINE
8
HIDDEN
10
181.641500
20
126.989538
30
0.0
11
181.641500
21
127.118947
31
0.0
0
LINE
8
HIDDEN
10
181.641500
20
126.989538
30
0.0
11
180.641500
21
126.989538
31
0.0
0
LINE
8
HIDDEN
10
181.641500
20
126.868947
30
0.0
11
181.641500
21
126.989538
31
0.0
0
LINE
8
HIDDEN
10
181.641500
20
126.868947
30
0.0
11
180.641500
21
126.868947
31
0.0
0
LINE
8
HIDDEN
10
181.641500
20
126.765394
30
0.0
11
181.641500
21
126.868947
31
0.0
0
LINE
8
HIDDEN
10
181.641500
20
126.765394
30
0.0
11
180.641500
21
126.765394
31
0.0
0
LINE
8
HIDDEN
10
181.641500
20
126.685935
30
0.0
11
181.641500
21
126.765394
31
0.0
0
LINE
8
HIDDEN
10
181.641500
20
126.685935
30
0.0
11
180.641500
21
126.685935
31
0.0
0
LINE
8
HIDDEN
10
181.641500
20
126.635984
30
0.0
11
181.641500
21
126.685935
31
0.0
0
LINE
8
HIDDEN
10
181.641500
20
126.635984
30
0.0
11
180.641500
21
126.635984
31
0.0
0
LINE
8
HIDDEN
10
181.641500
20
126.618947
30
0.0
11
181.641500
21
126.635984
31
0.0
0
LINE
8
HIDDEN
10
181.641500
20
126.618947
30
0.0
11
180.641500
21
126.618947
31
0.0
0
LINE
8
HIDDEN
10
181.641500
20
126.618947
30
0.0
11
180.641500
21
126.618947
31
0.0
0
LINE
8
HIDDEN
10
181.641500
20
126.635984
30
0.0
11
181.641500
21
126.618947
31
0.0
0
LINE
8
HIDDEN
10
181.641500
20
126.635984
30
0.0
11
180.641500
21
126.635984
31
0.0
0
LINE
8
HIDDEN
10
181.641500
20
126.685935
30
0.0
11
181.641500
21
126.635984
31
0.0
0
LINE
8
HIDDEN
10
181.641500
20
126.685935
30
0.0
11
180.641500
21
126.685935
31
0.0
0
LINE
8
HIDDEN
10
181.641500
20
126.765394
30
0.0
11
181.641500
21
126.685935
31
0.0
0
LINE
8
HIDDEN
10
181.641500
20
126.765394
30
0.0
11
180.641500
21
126.765394
31
0.0
0
LINE
8
HIDDEN
10
181.641500
20
126.868947
30
0.0
11
181.641500
21
126.765394
31
0.0
0
LINE
8
HIDDEN
10
181.641500
20
126.868947
30
0.0
11
180.641500
21
126.868947
31
0.0
0
LINE
8
HIDDEN
10
181.641500
20
126.989538
30
0.0
11
181.641500
21
126.868947
31
0.0
0
LINE
8
HIDDEN
10
181.641500
20
126.989538
30
0.0
11
180.641500
21
126.989538
31
0.0
0
LINE
8
HIDDEN
10
181.641500
20
127.118947
30
0.0
11
181.641500
21
126.989538
31
0.0
0
LINE
8
HIDDEN
10
181.641500
20
127.118947
30
0.0
11
180.641500
21
127.118947
31
0.0
0
LINE
8
HIDDEN
10
181.641500
20
128.432553
30
0.0
11
181.641500
21
127.118947
31
0.0
0
LINE
8
HIDDEN
10
181.641500
20
128.432553
30
0.0
11
180.641500
21
128.432553
31
0.0
0
LINE
8
HIDDEN
10
181.641500
20
128.549607
30
0.0
11
181.641500
21
128.432553
31
0.0
0
LINE
8
HIDDEN
10
181.641500
20
128.549607
30
0.0
11
180.641500
21
128.549607
31
0.0
0
LINE
8
HIDDEN
10
181.641500
20
128.662163
30
0.0
11
181.641500
21
128.549607
31
0.0
0
LINE
8
HIDDEN
10
181.641500
20
128.662163
30
0.0
11
180.641500
21
128.662163
31
0.0
0
LINE
8
HIDDEN
10
181.641500
20
128.765895
30
0.0
11
181.641500
21
128.662163
31
0.0
0
LINE
8
HIDDEN
10
181.641500
20
128.765895
30
0.0
11
180.641500
21
128.765895
31
0.0
0
LINE
8
HIDDEN
10
181.641500
20
128.856817
30
0.0
11
181.641500
21
128.765895
31
0.0
0
LINE
8
HIDDEN
10
181.641500
20
128.856817
30
0.0
11
180.641500
21
128.856817
31
0.0
0
LINE
8
HIDDEN
10
181.641500
20
128.931434
30
0.0
11
181.641500
21
128.856817
31
0.0
0
LINE
8
HIDDEN
10
181.641500
20
128.931434
30
0.0
11
180.641500
21
128.931434
31
0.0
0
LINE
8
HIDDEN
10
181.641500
20
128.986880
30
0.0
11
181.641500
21
128.931434
31
0.0
0
LINE
8
HIDDEN
10
181.641500
20
128.986880
30
0.0
11
180.641500
21
128.986880
31
0.0
0
LINE
8
HIDDEN
10
181.641500
20
129.021024
30
0.0
11
181.641500
21
128.986880
31
0.0
0
LINE
8
HIDDEN
10
181.641500
20
129.021024
30
0.0
11
180.641500
21
129.021024
31
0.0
0
LINE
8
HIDDEN
10
181.641500
20
129.032553
30
0.0
11
181.641500
21
129.021024
31
0.0
0
LINE
8
HIDDEN
10
181.641500
20
110.501947
30
0.0
11
180.641500
21
110.501947
31
0.0
0
LINE
8
HIDDEN
10
181.641500
20
110.501947
30
0.0
11
180.641500
21
110.501947
31
0.0
0
LINE
8
HIDDEN
10
181.641500
20
114.018947
30
0.0
11
180.641500
21
114.018947
31
0.0
0
LINE
8
HIDDEN
10
181.641500
20
110.501947
30
0.0
11
181.641500
21
114.018947
31
0.0
0
LINE
8
HIDDEN
10
181.641500
20
114.018947
30
0.0
11
180.641500
21
114.018947
31
0.0
0
LINE
8
HIDDEN
10
181.641500
20
92.151947
30
0.0
11
180.641500
21
92.151947
31
0.0
0
LINE
8
HIDDEN
10
181.641500
20
92.151947
30
0.0
11
180.641500
21
92.151947
31
0.0
0
LINE
8
HIDDEN
10
181.641500
20
95.668947
30
0.0
11
180.641500
21
95.668947
31
0.0
0
LINE
8
HIDDEN
10
181.641500
20
92.151947
30
0.0
11
181.641500
21
95.668947
31
0.0
0
LINE
8
HIDDEN
10
181.641500
20
95.668947
30
0.0
11
180.641500
21
95.668947
31
0.0
0
LINE
8
HIDDEN
10
181.641500
20
110.501947
30
0.0
11
180.641500
21
110.501947
31
0.0
0
LINE
8
HIDDEN
10
181.641500
20
110.501947
30
0.0
11
180.641500
21
110.501947
31
0.0
0
LINE
8
HIDDEN
10
181.641500
20
114.018947
30
0.0
11
180.641500
21
114.018947
31
0.0
0
LINE
8
HIDDEN
10
181.641500
20
110.501947
30
0.0
11
181.641500
21
114.018947
31
0.0
0
LINE
8
HIDDEN
10
181.641500
20
114.018947
30
0.0
11
180.641500
21
114.018947
31
0.0
0
LINE
8
HIDDEN
10
181.641500
20
104.235447
30
0.0
11
180.641500
21
104.235447
31
0.0
0
LINE
8
HIDDEN
10
179.641500
20
104.235447
30
0.0
11
180.641500
21
104.235447
31
0.0
0
LINE
8
HIDDEN
10
179.641500
20
104.235447
30
0.0
11
180.641500
21
104.235447
31
0.0
0
LINE
8
HIDDEN
10
179.641500
20
104.235447
30
0.0
11
180.641500
21
104.235447
31
0.0
0
LINE
8
HIDDEN
10
179.641500
20
104.235447
30
0.0
11
180.641500
21
104.235447
31
0.0
0
LINE
8
HIDDEN
10
181.641500
20
104.235447
30
0.0
11
180.641500
21
104.235447
31
0.0
0
LINE
8
HIDDEN
10
181.641500
20
106.735447
30
0.0
11
180.641500
21
106.735447
31
0.0
0
LINE
8
HIDDEN
10
181.641500
20
104.235447
30
0.0
11
181.641500
21
106.735447
31
0.0
0
LINE
8
HIDDEN
10
181.641500
20
106.735447
30
0.0
11
180.641500
21
106.735447
31
0.0
0
LINE
8
HIDDEN
10
181.641500
20
104.235447
30
0.0
11
181.641500
21
106.735447
31
0.0
0
LINE
8
HIDDEN
10
179.641500
20
106.735447
30
0.0
11
180.641500
21
106.735447
31
0.0
0
LINE
8
HIDDEN
10
179.641500
20
106.735447
30
0.0
11
180.641500
21
106.735447
31
0.0
0
LINE
8
HIDDEN
10
179.641500
20
106.735447
30
0.0
11
180.641500
21
106.735447
31
0.0
0
LINE
8
HIDDEN
10
179.641500
20
106.735447
30
0.0
11
180.641500
21
106.735447
31
0.0
0
LINE
8
HIDDEN
10
181.641500
20
92.151947
30
0.0
11
180.641500
21
92.151947
31
0.0
0
LINE
8
HIDDEN
10
181.641500
20
92.151947
30
0.0
11
180.641500
21
92.151947
31
0.0
0
LINE
8
HIDDEN
10
181.641500
20
95.668947
30
0.0
11
180.641500
21
95.668947
31
0.0
0
LINE
8
HIDDEN
10
181.641500
20
92.151947
30
0.0
11
181.641500
21
95.668947
31
0.0
0
LINE
8
HIDDEN
10
181.641500
20
95.668947
30
0.0
11
180.641500
21
95.668947
31
0.0
0
LINE
8
HIDDEN
10
176.741500
20
126.993947
30
0.0
11
176.741500
21
126.456953
31
0.0
0
LINE
8
HIDDEN
10
180.641500
20
126.993947
30
0.0
11
176.741500
21
126.993947
31
0.0
0
LINE
8
HIDDEN
10
180.641500
20
126.993947
30
0.0
11
176.741500
21
126.993947
31
0.0
0
LINE
8
HIDDEN
10
180.641500
20
127.726947
30
0.0
11
176.741500
21
127.726947
31
0.0
0
LINE
8
HIDDEN
10
176.741500
20
126.993947
30
0.0
11
176.741500
21
127.726947
31
0.0
0
LINE
8
HIDDEN
10
180.641500
20
127.726947
30
0.0
11
176.741500
21
127.726947
31
0.0
0
LINE
8
HIDDEN
10
180.641500
20
126.968947
30
0.0
11
176.641500
21
126.968947
31
0.0
0
LINE
8
HIDDEN
10
180.641500
20
126.968947
30
0.0
11
176.641500
21
126.968947
31
0.0
0
LINE
8
HIDDEN
10
180.641500
20
94.343947
30
0.0
11
179.641500
21
94.343947
31
0.0
0
LINE
8
HIDDEN
10
180.641500
20
94.343947
30
0.0
11
179.641500
21
94.343947
31
0.0
0
LINE
8
HIDDEN
10
180.641500
20
111.826947
30
0.0
11
179.641500
21
111.826947
31
0.0
0
LINE
8
HIDDEN
10
179.641500
20
94.343947
30
0.0
11
179.641500
21
111.826947
31
0.0
0
LINE
8
HIDDEN
10
180.641500
20
111.826947
30
0.0
11
179.641500
21
111.826947
31
0.0
0
LINE
8
HIDDEN
10
179.641500
20
94.343947
30
0.0
11
179.641500
21
111.826947
31
0.0
0
LINE
8
HIDDEN
10
180.641500
20
104.027678
30
0.0
11
179.641500
21
104.027678
31
0.0
0
LINE
8
HIDDEN
10
179.641500
20
94.343947
30
0.0
11
179.641500
21
104.027678
31
0.0
0
LINE
8
HIDDEN
10
180.641500
20
94.343947
30
0.0
11
179.641500
21
94.343947
31
0.0
0
LINE
8
HIDDEN
10
180.641500
20
94.343947
30
0.0
11
179.641500
21
94.343947
31
0.0
0
LINE
8
HIDDEN
10
180.641500
20
103.721971
30
0.0
11
179.641500
21
103.721971
31
0.0
0
LINE
8
HIDDEN
10
179.641500
20
104.027678
30
0.0
11
179.641500
21
103.721971
31
0.0
0
LINE
8
HIDDEN
10
180.641500
20
104.471012
30
0.0
11
179.641500
21
104.471012
31
0.0
0
LINE
8
HIDDEN
10
179.641500
20
94.343947
30
0.0
11
179.641500
21
104.471012
31
0.0
0
LINE
8
HIDDEN
10
180.641500
20
103.622695
30
0.0
11
179.641500
21
103.622695
31
0.0
0
LINE
8
HIDDEN
10
179.641500
20
103.721971
30
0.0
11
179.641500
21
103.622695
31
0.0
0
LINE
8
HIDDEN
10
179.641500
20
104.671971
30
0.0
11
179.641500
21
104.471012
31
0.0
0
LINE
8
HIDDEN
10
180.641500
20
104.671971
30
0.0
11
179.641500
21
104.671971
31
0.0
0
LINE
8
HIDDEN
10
180.641500
20
103.585622
30
0.0
11
179.641500
21
103.585622
31
0.0
0
LINE
8
HIDDEN
10
179.641500
20
103.622695
30
0.0
11
179.641500
21
103.585622
31
0.0
0
LINE
8
HIDDEN
10
179.641500
20
104.826683
30
0.0
11
179.641500
21
104.671971
31
0.0
0
LINE
8
HIDDEN
10
180.641500
20
104.826683
30
0.0
11
179.641500
21
104.826683
31
0.0
0
LINE
8
HIDDEN
10
180.641500
20
103.613277
30
0.0
11
179.641500
21
103.613277
31
0.0
0
LINE
8
HIDDEN
10
179.641500
20
103.585622
30
0.0
11
179.641500
21
103.613277
31
0.0
0
LINE
8
HIDDEN
10
179.641500
20
105.026290
30
0.0
11
179.641500
21
104.826683
31
0.0
0
LINE
8
HIDDEN
10
180.641500
20
105.026290
30
0.0
11
179.641500
21
105.026290
31
0.0
0
LINE
8
HIDDEN
10
180.641500
20
103.642768
30
0.0
11
179.641500
21
103.642768
31
0.0
0
LINE
8
HIDDEN
10
179.641500
20
103.613277
30
0.0
11
179.641500
21
103.642768
31
0.0
0
LINE
8
HIDDEN
10
179.641500
20
105.257187
30
0.0
11
179.641500
21
105.026290
31
0.0
0
LINE
8
HIDDEN
10
180.641500
20
105.257187
30
0.0
11
179.641500
21
105.257187
31
0.0
0
LINE
8
HIDDEN
10
179.641500
20
95.843947
30
0.0
11
179.641500
21
103.642768
31
0.0
0
LINE
8
HIDDEN
10
180.641500
20
95.843947
30
0.0
11
179.641500
21
95.843947
31
0.0
0
LINE
8
HIDDEN
10
179.641500
20
105.503640
30
0.0
11
179.641500
21
105.257187
31
0.0
0
LINE
8
HIDDEN
10
180.641500
20
105.503640
30
0.0
11
179.641500
21
105.503640
31
0.0
0
LINE
8
HIDDEN
10
180.641500
20
95.843947
30
0.0
11
179.641500
21
95.843947
31
0.0
0
LINE
8
HIDDEN
10
179.641500
20
105.748853
30
0.0
11
179.641500
21
105.503640
31
0.0
0
LINE
8
HIDDEN
10
180.641500
20
105.748853
30
0.0
11
179.641500
21
105.748853
31
0.0
0
LINE
8
HIDDEN
10
180.641500
20
111.826947
30
0.0
11
179.641500
21
111.826947
31
0.0
0
LINE
8
HIDDEN
10
179.641500
20
95.843947
30
0.0
11
179.641500
21
111.826947
31
0.0
0
LINE
8
HIDDEN
10
179.641500
20
105.976116
30
0.0
11
179.641500
21
105.748853
31
0.0
0
LINE
8
HIDDEN
10
180.641500
20
105.976116
30
0.0
11
179.641500
21
105.976116
31
0.0
0
LINE
8
HIDDEN
10
180.641500
20
111.826947
30
0.0
11
179.641500
21
111.826947
31
0.0
0
LINE
8
HIDDEN
10
179.641500
20
106.169940
30
0.0
11
179.641500
21
105.976116
31
0.0
0
LINE
8
HIDDEN
10
180.641500
20
106.169940
30
0.0
11
179.641500
21
106.169940
31
0.0
0
LINE
8
HIDDEN
10
179.641500
20
105.461819
30
0.0
11
179.641500
21
111.826947
31
0.0
0
LINE
8
HIDDEN
10
179.641500
20
105.461819
30
0.0
11
180.641500
21
105.461819
31
0.0
0
LINE
8
HIDDEN
10
179.641500
20
106.317117
30
0.0
11
179.641500
21
106.169940
31
0.0
0
LINE
8
HIDDEN
10
180.641500
20
106.317117
30
0.0
11
179.641500
21
106.317117
31
0.0
0
LINE
8
HIDDEN
10
179.641500
20
106.246549
30
0.0
11
180.641500
21
106.246549
31
0.0
0
LINE
8
HIDDEN
10
179.641500
20
105.461819
30
0.0
11
179.641500
21
106.246549
31
0.0
0
LINE
8
HIDDEN
10
179.641500
20
106.407617
30
0.0
11
179.641500
21
106.317117
31
0.0
0
LINE
8
HIDDEN
10
180.641500
20
106.407617
30
0.0
11
179.641500
21
106.407617
31
0.0
0
LINE
8
HIDDEN
10
180.641500
20
111.826947
30
0.0
11
179.641500
21
111.826947
31
0.0
0
LINE
8
HIDDEN
10
179.641500
20
106.246549
30
0.0
11
179.641500
21
111.826947
31
0.0
0
LINE
8
HIDDEN
10
179.641500
20
106.415558
30
0.0
11
180.641500
21
106.415558
31
0.0
0
LINE
8
HIDDEN
10
179.641500
20
106.415558
30
0.0
11
179.641500
21
106.407617
31
0.0
0
LINE
8
HIDDEN
10
180.641500
20
111.826947
30
0.0
11
179.641500
21
111.826947
31
0.0
0
LINE
8
HIDDEN
10
179.641500
20
106.415558
30
0.0
11
179.641500
21
111.826947
31
0.0
0
LINE
8
HIDDEN
10
179.641500
20
94.343947
30
0.0
11
179.641500
21
104.235447
31
0.0
0
LINE
8
HIDDEN
10
180.641500
20
94.343947
30
0.0
11
179.641500
21
94.343947
31
0.0
0
LINE
8
HIDDEN
10
179.641500
20
94.343947
30
0.0
11
179.641500
21
104.235447
31
0.0
0
LINE
8
HIDDEN
10
180.641500
20
94.343947
30
0.0
11
179.641500
21
94.343947
31
0.0
0
LINE
8
HIDDEN
10
180.641500
20
94.343947
30
0.0
11
179.641500
21
94.343947
31
0.0
0
LINE
8
HIDDEN
10
179.641500
20
94.343947
30
0.0
11
179.641500
21
104.235447
31
0.0
0
LINE
8
HIDDEN
10
180.641500
20
111.826947
30
0.0
11
179.641500
21
111.826947
31
0.0
0
LINE
8
HIDDEN
10
179.641500
20
106.735447
30
0.0
11
179.641500
21
111.826947
31
0.0
0
LINE
8
HIDDEN
10
180.641500
20
111.826947
30
0.0
11
179.641500
21
111.826947
31
0.0
0
LINE
8
HIDDEN
10
179.641500
20
106.735447
30
0.0
11
179.641500
21
111.826947
31
0.0
0
LINE
8
HIDDEN
10
180.641500
20
111.826947
30
0.0
11
179.641500
21
111.826947
31
0.0
0
LINE
8
HIDDEN
10
179.641500
20
106.735447
30
0.0
11
179.641500
21
111.826947
31
0.0
0
LINE
8
HIDDEN
10
180.641500
20
111.826947
30
0.0
11
179.641500
21
111.826947
31
0.0
0
LINE
8
HIDDEN
10
179.641500
20
106.735447
30
0.0
11
179.641500
21
111.826947
31
0.0
0
LINE
8
HIDDEN
10
179.641500
20
94.343947
30
0.0
11
179.641500
21
104.235447
31
0.0
0
LINE
8
HIDDEN
10
180.641500
20
94.343947
30
0.0
11
179.641500
21
94.343947
31
0.0
0
LINE
8
HIDDEN
10
180.641500
20
93.294211
30
0.0
11
179.641500
21
93.294211
31
0.0
0
LINE
8
HIDDEN
10
179.641500
20
93.448924
30
0.0
11
179.641500
21
93.294211
31
0.0
0
LINE
8
HIDDEN
10
180.641500
20
93.448924
30
0.0
11
179.641500
21
93.448924
31
0.0
0
LINE
8
HIDDEN
10
179.641500
20
94.398924
30
0.0
11
179.641500
21
93.448924
31
0.0
0
LINE
8
HIDDEN
10
180.641500
20
94.398924
30
0.0
11
179.641500
21
94.398924
31
0.0
0
LINE
8
HIDDEN
10
180.641500
20
93.094605
30
0.0
11
179.641500
21
93.094605
31
0.0
0
LINE
8
HIDDEN
10
179.641500
20
93.294211
30
0.0
11
179.641500
21
93.094605
31
0.0
0
LINE
8
HIDDEN
10
179.641500
20
94.498200
30
0.0
11
179.641500
21
94.398924
31
0.0
0
LINE
8
HIDDEN
10
180.641500
20
94.498200
30
0.0
11
179.641500
21
94.498200
31
0.0
0
LINE
8
HIDDEN
10
180.641500
20
92.863707
30
0.0
11
179.641500
21
92.863707
31
0.0
0
LINE
8
HIDDEN
10
179.641500
20
93.094605
30
0.0
11
179.641500
21
92.863707
31
0.0
0
LINE
8
HIDDEN
10
179.641500
20
94.535273
30
0.0
11
179.641500
21
94.498200
31
0.0
0
LINE
8
HIDDEN
10
180.641500
20
94.535273
30
0.0
11
179.641500
21
94.535273
31
0.0
0
LINE
8
HIDDEN
10
180.641500
20
92.617254
30
0.0
11
179.641500
21
92.617254
31
0.0
0
LINE
8
HIDDEN
10
179.641500
20
92.863707
30
0.0
11
179.641500
21
92.617254
31
0.0
0
LINE
8
HIDDEN
10
179.641500
20
94.507617
30
0.0
11
179.641500
21
94.535273
31
0.0
0
LINE
8
HIDDEN
10
180.641500
20
94.507617
30
0.0
11
179.641500
21
94.507617
31
0.0
0
LINE
8
HIDDEN
10
180.641500
20
92.372041
30
0.0
11
179.641500
21
92.372041
31
0.0
0
LINE
8
HIDDEN
10
179.641500
20
92.617254
30
0.0
11
179.641500
21
92.372041
31
0.0
0
LINE
8
HIDDEN
10
179.641500
20
94.417117
30
0.0
11
179.641500
21
94.507617
31
0.0
0
LINE
8
HIDDEN
10
180.641500
20
94.417117
30
0.0
11
179.641500
21
94.417117
31
0.0
0
LINE
8
HIDDEN
10
179.641500
20
92.372041
30
0.0
11
179.641500
21
92.144779
31
0.0
0
LINE
8
HIDDEN
10
179.641500
20
94.269940
30
0.0
11
179.641500
21
94.417117
31
0.0
0
LINE
8
HIDDEN
10
180.641500
20
94.269940
30
0.0
11
179.641500
21
94.269940
31
0.0
0
LINE
8
HIDDEN
10
179.641500
20
94.076116
30
0.0
11
179.641500
21
94.269940
31
0.0
0
LINE
8
HIDDEN
10
180.641500
20
94.076116
30
0.0
11
179.641500
21
94.076116
31
0.0
0
LINE
8
HIDDEN
10
179.641500
20
93.848853
30
0.0
11
179.641500
21
94.076116
31
0.0
0
LINE
8
HIDDEN
10
180.641500
20
93.848853
30
0.0
11
179.641500
21
93.848853
31
0.0
0
LINE
8
HIDDEN
10
179.641500
20
93.603640
30
0.0
11
179.641500
21
93.848853
31
0.0
0
LINE
8
HIDDEN
10
180.641500
20
93.603640
30
0.0
11
179.641500
21
93.603640
31
0.0
0
LINE
8
HIDDEN
10
179.641500
20
93.357187
30
0.0
11
179.641500
21
93.603640
31
0.0
0
LINE
8
HIDDEN
10
180.641500
20
93.357187
30
0.0
11
179.641500
21
93.357187
31
0.0
0
LINE
8
HIDDEN
10
180.641500
20
91.722695
30
0.0
11
179.641500
21
91.722695
31
0.0
0
LINE
8
HIDDEN
10
179.641500
20
91.685622
30
0.0
11
179.641500
21
91.722695
31
0.0
0
LINE
8
HIDDEN
10
179.641500
20
93.126290
30
0.0
11
179.641500
21
93.357187
31
0.0
0
LINE
8
HIDDEN
10
180.641500
20
93.126290
30
0.0
11
179.641500
21
93.126290
31
0.0
0
LINE
8
HIDDEN
10
180.641500
20
91.821971
30
0.0
11
179.641500
21
91.821971
31
0.0
0
LINE
8
HIDDEN
10
179.641500
20
91.722695
30
0.0
11
179.641500
21
91.821971
31
0.0
0
LINE
8
HIDDEN
10
179.641500
20
92.926683
30
0.0
11
179.641500
21
93.126290
31
0.0
0
LINE
8
HIDDEN
10
180.641500
20
92.926683
30
0.0
11
179.641500
21
92.926683
31
0.0
0
LINE
8
HIDDEN
10
180.641500
20
92.771971
30
0.0
11
179.641500
21
92.771971
31
0.0
0
LINE
8
HIDDEN
10
179.641500
20
91.821971
30
0.0
11
179.641500
21
92.771971
31
0.0
0
LINE
8
HIDDEN
10
179.641500
20
92.771971
30
0.0
11
179.641500
21
92.926683
31
0.0
0
LINE
8
HIDDEN
10
176.934393
20
126.051947
30
0.0
11
177.085930
21
126.051947
31
0.0
0
LINE
8
HIDDEN
10
176.810030
20
126.051947
30
0.0
11
176.934393
21
126.051947
31
0.0
0
LINE
8
HIDDEN
10
176.717620
20
126.051947
30
0.0
11
176.810030
21
126.051947
31
0.0
0
LINE
8
HIDDEN
10
178.314500
20
126.051947
30
0.0
11
176.641500
21
126.051947
31
0.0
0
LINE
8
HIDDEN
10
178.314500
20
126.051947
30
0.0
11
179.039500
21
126.051947
31
0.0
0
LINE
8
HIDDEN
10
179.039500
20
126.051947
30
0.0
11
178.314500
21
126.051947
31
0.0
0
LINE
8
HIDDEN
10
178.314500
20
126.051947
30
0.0
11
176.641500
21
126.051947
31
0.0
0
LINE
8
HIDDEN
10
178.314500
20
126.051947
30
0.0
11
176.641500
21
126.051947
31
0.0
0
LINE
8
HIDDEN
10
178.314500
20
126.051947
30
0.0
11
179.039500
21
126.051947
31
0.0
0
LINE
8
HIDDEN
10
179.039500
20
126.051947
30
0.0
11
178.314500
21
126.051947
31
0.0
0
LINE
8
HIDDEN
10
178.314500
20
126.051947
30
0.0
11
176.641500
21
126.051947
31
0.0
0
LINE
8
HIDDEN
10
176.810030
20
126.051947
30
0.0
11
176.741500
21
126.051947
31
0.0
0
LINE
8
HIDDEN
10
176.934393
20
126.051947
30
0.0
11
176.810030
21
126.051947
31
0.0
0
LINE
8
HIDDEN
10
177.085930
20
126.051947
30
0.0
11
176.934393
21
126.051947
31
0.0
0
LINE
8
HIDDEN
10
177.258817
20
126.051947
30
0.0
11
177.085930
21
126.051947
31
0.0
0
LINE
8
HIDDEN
10
177.446410
20
126.051947
30
0.0
11
177.258817
21
126.051947
31
0.0
0
LINE
8
HIDDEN
10
177.641500
20
126.051947
30
0.0
11
177.446410
21
126.051947
31
0.0
0
LINE
8
HIDDEN
10
180.641500
20
126.051947
30
0.0
11
177.641500
21
126.051947
31
0.0
0
LINE
8
HIDDEN
10
177.641500
20
126.051947
30
0.0
11
180.641500
21
126.051947
31
0.0
0
LINE
8
HIDDEN
10
177.446410
20
126.051947
30
0.0
11
177.641500
21
126.051947
31
0.0
0
LINE
8
HIDDEN
10
177.258817
20
126.051947
30
0.0
11
177.446410
21
126.051947
31
0.0
0
LINE
8
HIDDEN
10
177.085930
20
126.051947
30
0.0
11
177.258817
21
126.051947
31
0.0
0
LINE
8
HIDDEN
10
177.641500
20
125.368947
30
0.0
11
177.641500
21
126.051947
31
0.0
0
LINE
8
HIDDEN
10
177.641500
20
125.068947
30
0.0
11
177.641500
21
126.051947
31
0.0
0
LINE
8
HIDDEN
10
178.314500
20
125.068947
30
0.0
11
176.641500
21
125.068947
31
0.0
0
LINE
8
HIDDEN
10
178.314500
20
125.068947
30
0.0
11
179.039500
21
125.068947
31
0.0
0
LINE
8
HIDDEN
10
179.039500
20
125.068947
30
0.0
11
178.314500
21
125.068947
31
0.0
0
LINE
8
HIDDEN
10
178.314500
20
125.068947
30
0.0
11
176.641500
21
125.068947
31
0.0
0
LINE
8
HIDDEN
10
178.314500
20
125.068947
30
0.0
11
176.641500
21
125.068947
31
0.0
0
LINE
8
HIDDEN
10
178.314500
20
125.068947
30
0.0
11
179.039500
21
125.068947
31
0.0
0
LINE
8
HIDDEN
10
179.039500
20
125.068947
30
0.0
11
178.314500
21
125.068947
31
0.0
0
LINE
8
HIDDEN
10
178.314500
20
125.068947
30
0.0
11
176.641500
21
125.068947
31
0.0
0
LINE
8
HIDDEN
10
180.641500
20
126.968947
30
0.0
11
176.641500
21
126.968947
31
0.0
0
LINE
8
HIDDEN
10
180.641500
20
126.968947
30
0.0
11
176.741500
21
126.968947
31
0.0
0
LINE
8
HIDDEN
10
176.741500
20
126.456953
30
0.0
11
176.741500
21
126.993947
31
0.0
0
LINE
8
HIDDEN
10
180.641500
20
126.993947
30
0.0
11
176.741500
21
126.993947
31
0.0
0
LINE
8
HIDDEN
10
180.641500
20
127.726947
30
0.0
11
176.741500
21
127.726947
31
0.0
0
LINE
8
HIDDEN
10
180.641500
20
127.726947
30
0.0
11
176.741500
21
127.726947
31
0.0
0
LINE
8
HIDDEN
10
180.641500
20
126.993947
30
0.0
11
176.741500
21
126.993947
31
0.0
0
LINE
8
HIDDEN
10
176.741500
20
126.993947
30
0.0
11
176.741500
21
127.726947
31
0.0
0
LINE
8
HIDDEN
10
180.641500
20
103.642768
30
0.0
11
179.641500
21
103.642768
31
0.0
0
LINE
8
HIDDEN
10
179.641500
20
95.843947
30
0.0
11
179.641500
21
103.642768
31
0.0
0
LINE
8
HIDDEN
10
180.641500
20
95.843947
30
0.0
11
179.641500
21
95.843947
31
0.0
0
LINE
8
HIDDEN
10
180.641500
20
95.843947
30
0.0
11
179.641500
21
95.843947
31
0.0
0
LINE
8
HIDDEN
10
180.641500
20
103.613277
30
0.0
11
179.641500
21
103.613277
31
0.0
0
LINE
8
HIDDEN
10
179.641500
20
103.642768
30
0.0
11
179.641500
21
103.613277
31
0.0
0
LINE
8
HIDDEN
10
180.641500
20
111.826947
30
0.0
11
179.641500
21
111.826947
31
0.0
0
LINE
8
HIDDEN
10
179.641500
20
95.843947
30
0.0
11
179.641500
21
111.826947
31
0.0
0
LINE
8
HIDDEN
10
180.641500
20
103.585622
30
0.0
11
179.641500
21
103.585622
31
0.0
0
LINE
8
HIDDEN
10
179.641500
20
103.613277
30
0.0
11
179.641500
21
103.585622
31
0.0
0
LINE
8
HIDDEN
10
180.641500
20
111.826947
30
0.0
11
179.641500
21
111.826947
31
0.0
0
LINE
8
HIDDEN
10
180.641500
20
103.622695
30
0.0
11
179.641500
21
103.622695
31
0.0
0
LINE
8
HIDDEN
10
179.641500
20
103.585622
30
0.0
11
179.641500
21
103.622695
31
0.0
0
LINE
8
HIDDEN
10
179.641500
20
105.461819
30
0.0
11
179.641500
21
111.826947
31
0.0
0
LINE
8
HIDDEN
10
179.641500
20
105.461819
30
0.0
11
180.641500
21
105.461819
31
0.0
0
LINE
8
HIDDEN
10
180.641500
20
103.721971
30
0.0
11
179.641500
21
103.721971
31
0.0
0
LINE
8
HIDDEN
10
179.641500
20
103.622695
30
0.0
11
179.641500
21
103.721971
31
0.0
0
LINE
8
HIDDEN
10
179.641500
20
106.246549
30
0.0
11
180.641500
21
106.246549
31
0.0
0
LINE
8
HIDDEN
10
179.641500
20
106.246549
30
0.0
11
179.641500
21
105.461819
31
0.0
0
LINE
8
HIDDEN
10
180.641500
20
104.027678
30
0.0
11
179.641500
21
104.027678
31
0.0
0
LINE
8
HIDDEN
10
179.641500
20
103.721971
30
0.0
11
179.641500
21
104.027678
31
0.0
0
LINE
8
HIDDEN
10
180.641500
20
111.826947
30
0.0
11
179.641500
21
111.826947
31
0.0
0
LINE
8
HIDDEN
10
179.641500
20
106.246549
30
0.0
11
179.641500
21
111.826947
31
0.0
0
LINE
8
HIDDEN
10
179.641500
20
94.343947
30
0.0
11
179.641500
21
104.027678
31
0.0
0
LINE
8
HIDDEN
10
180.641500
20
94.343947
30
0.0
11
179.641500
21
94.343947
31
0.0
0
LINE
8
HIDDEN
10
180.641500
20
111.826947
30
0.0
11
179.641500
21
111.826947
31
0.0
0
LINE
8
HIDDEN
10
180.641500
20
94.343947
30
0.0
11
179.641500
21
94.343947
31
0.0
0
LINE
8
HIDDEN
10
179.641500
20
106.415558
30
0.0
11
179.641500
21
111.826947
31
0.0
0
LINE
8
HIDDEN
10
179.641500
20
106.415558
30
0.0
11
180.641500
21
106.415558
31
0.0
0
LINE
8
HIDDEN
10
180.641500
20
104.471012
30
0.0
11
179.641500
21
104.471012
31
0.0
0
LINE
8
HIDDEN
10
179.641500
20
94.343947
30
0.0
11
179.641500
21
104.471012
31
0.0
0
LINE
8
HIDDEN
10
179.641500
20
106.407617
30
0.0
11
179.641500
21
106.415558
31
0.0
0
LINE
8
HIDDEN
10
180.641500
20
106.407617
30
0.0
11
179.641500
21
106.407617
31
0.0
0
LINE
8
HIDDEN
10
180.641500
20
104.671971
30
0.0
11
179.641500
21
104.671971
31
0.0
0
LINE
8
HIDDEN
10
179.641500
20
104.471012
30
0.0
11
179.641500
21
104.671971
31
0.0
0
LINE
8
HIDDEN
10
179.641500
20
106.317117
30
0.0
11
179.641500
21
106.407617
31
0.0
0
LINE
8
HIDDEN
10
180.641500
20
106.317117
30
0.0
11
179.641500
21
106.317117
31
0.0
0
LINE
8
HIDDEN
10
180.641500
20
104.826683
30
0.0
11
179.641500
21
104.826683
31
0.0
0
LINE
8
HIDDEN
10
179.641500
20
104.671971
30
0.0
11
179.641500
21
104.826683
31
0.0
0
LINE
8
HIDDEN
10
179.641500
20
106.169940
30
0.0
11
179.641500
21
106.317117
31
0.0
0
LINE
8
HIDDEN
10
180.641500
20
106.169940
30
0.0
11
179.641500
21
106.169940
31
0.0
0
LINE
8
HIDDEN
10
180.641500
20
105.026290
30
0.0
11
179.641500
21
105.026290
31
0.0
0
LINE
8
HIDDEN
10
179.641500
20
104.826683
30
0.0
11
179.641500
21
105.026290
31
0.0
0
LINE
8
HIDDEN
10
179.641500
20
105.976116
30
0.0
11
179.641500
21
106.169940
31
0.0
0
LINE
8
HIDDEN
10
180.641500
20
105.976116
30
0.0
11
179.641500
21
105.976116
31
0.0
0
LINE
8
HIDDEN
10
180.641500
20
105.257187
30
0.0
11
179.641500
21
105.257187
31
0.0
0
LINE
8
HIDDEN
10
179.641500
20
105.026290
30
0.0
11
179.641500
21
105.257187
31
0.0
0
LINE
8
HIDDEN
10
179.641500
20
105.748853
30
0.0
11
179.641500
21
105.976116
31
0.0
0
LINE
8
HIDDEN
10
180.641500
20
105.748853
30
0.0
11
179.641500
21
105.748853
31
0.0
0
LINE
8
HIDDEN
10
180.641500
20
105.503640
30
0.0
11
179.641500
21
105.503640
31
0.0
0
LINE
8
HIDDEN
10
179.641500
20
105.257187
30
0.0
11
179.641500
21
105.503640
31
0.0
0
LINE
8
HIDDEN
10
179.641500
20
105.503640
30
0.0
11
179.641500
21
105.748853
31
0.0
0
LINE
8
HIDDEN
10
180.641500
20
91.722695
30
0.0
11
179.641500
21
91.722695
31
0.0
0
LINE
8
HIDDEN
10
179.641500
20
91.821971
30
0.0
11
179.641500
21
91.722695
31
0.0
0
LINE
8
HIDDEN
10
180.641500
20
91.821971
30
0.0
11
179.641500
21
91.821971
31
0.0
0
LINE
8
HIDDEN
10
179.641500
20
92.771971
30
0.0
11
179.641500
21
91.821971
31
0.0
0
LINE
8
HIDDEN
10
180.641500
20
92.771971
30
0.0
11
179.641500
21
92.771971
31
0.0
0
LINE
8
HIDDEN
10
179.641500
20
91.722695
30
0.0
11
179.641500
21
91.685622
31
0.0
0
LINE
8
HIDDEN
10
179.641500
20
92.926683
30
0.0
11
179.641500
21
92.771971
31
0.0
0
LINE
8
HIDDEN
10
180.641500
20
92.926683
30
0.0
11
179.641500
21
92.926683
31
0.0
0
LINE
8
HIDDEN
10
179.641500
20
93.126290
30
0.0
11
179.641500
21
92.926683
31
0.0
0
LINE
8
HIDDEN
10
180.641500
20
93.126290
30
0.0
11
179.641500
21
93.126290
31
0.0
0
LINE
8
HIDDEN
10
179.641500
20
93.357187
30
0.0
11
179.641500
21
93.126290
31
0.0
0
LINE
8
HIDDEN
10
180.641500
20
93.357187
30
0.0
11
179.641500
21
93.357187
31
0.0
0
LINE
8
HIDDEN
10
179.641500
20
93.603640
30
0.0
11
179.641500
21
93.357187
31
0.0
0
LINE
8
HIDDEN
10
180.641500
20
93.603640
30
0.0
11
179.641500
21
93.603640
31
0.0
0
LINE
8
HIDDEN
10
179.641500
20
93.848853
30
0.0
11
179.641500
21
93.603640
31
0.0
0
LINE
8
HIDDEN
10
180.641500
20
93.848853
30
0.0
11
179.641500
21
93.848853
31
0.0
0
LINE
8
HIDDEN
10
180.641500
20
92.372041
30
0.0
11
179.641500
21
92.372041
31
0.0
0
LINE
8
HIDDEN
10
179.641500
20
92.185447
30
0.0
11
179.641500
21
92.372041
31
0.0
0
LINE
8
HIDDEN
10
179.641500
20
94.076116
30
0.0
11
179.641500
21
93.848853
31
0.0
0
LINE
8
HIDDEN
10
180.641500
20
94.076116
30
0.0
11
179.641500
21
94.076116
31
0.0
0
LINE
8
HIDDEN
10
180.641500
20
92.617254
30
0.0
11
179.641500
21
92.617254
31
0.0
0
LINE
8
HIDDEN
10
179.641500
20
92.372041
30
0.0
11
179.641500
21
92.617254
31
0.0
0
LINE
8
HIDDEN
10
179.641500
20
94.269940
30
0.0
11
179.641500
21
94.076116
31
0.0
0
LINE
8
HIDDEN
10
180.641500
20
94.269940
30
0.0
11
179.641500
21
94.269940
31
0.0
0
LINE
8
HIDDEN
10
180.641500
20
92.863707
30
0.0
11
179.641500
21
92.863707
31
0.0
0
LINE
8
HIDDEN
10
179.641500
20
92.617254
30
0.0
11
179.641500
21
92.863707
31
0.0
0
LINE
8
HIDDEN
10
179.641500
20
94.417117
30
0.0
11
179.641500
21
94.269940
31
0.0
0
LINE
8
HIDDEN
10
180.641500
20
94.417117
30
0.0
11
179.641500
21
94.417117
31
0.0
0
LINE
8
HIDDEN
10
180.641500
20
93.094605
30
0.0
11
179.641500
21
93.094605
31
0.0
0
LINE
8
HIDDEN
10
179.641500
20
92.863707
30
0.0
11
179.641500
21
93.094605
31
0.0
0
LINE
8
HIDDEN
10
179.641500
20
94.507617
30
0.0
11
179.641500
21
94.417117
31
0.0
0
LINE
8
HIDDEN
10
180.641500
20
94.507617
30
0.0
11
179.641500
21
94.507617
31
0.0
0
LINE
8
HIDDEN
10
180.641500
20
93.294211
30
0.0
11
179.641500
21
93.294211
31
0.0
0
LINE
8
HIDDEN
10
179.641500
20
93.094605
30
0.0
11
179.641500
21
93.294211
31
0.0
0
LINE
8
HIDDEN
10
179.641500
20
94.535273
30
0.0
11
179.641500
21
94.507617
31
0.0
0
LINE
8
HIDDEN
10
180.641500
20
94.535273
30
0.0
11
179.641500
21
94.535273
31
0.0
0
LINE
8
HIDDEN
10
180.641500
20
93.448924
30
0.0
11
179.641500
21
93.448924
31
0.0
0
LINE
8
HIDDEN
10
179.641500
20
93.294211
30
0.0
11
179.641500
21
93.448924
31
0.0
0
LINE
8
HIDDEN
10
179.641500
20
94.498200
30
0.0
11
179.641500
21
94.535273
31
0.0
0
LINE
8
HIDDEN
10
180.641500
20
94.498200
30
0.0
11
179.641500
21
94.498200
31
0.0
0
LINE
8
HIDDEN
10
180.641500
20
94.398924
30
0.0
11
179.641500
21
94.398924
31
0.0
0
LINE
8
HIDDEN
10
179.641500
20
93.448924
30
0.0
11
179.641500
21
94.398924
31
0.0
0
LINE
8
HIDDEN
10
179.641500
20
94.398924
30
0.0
11
179.641500
21
94.498200
31
0.0
0
LINE
8
HIDDEN
10
180.641500
20
94.343947
30
0.0
11
179.641500
21
94.343947
31
0.0
0
LINE
8
HIDDEN
10
180.641500
20
94.343947
30
0.0
11
179.641500
21
94.343947
31
0.0
0
LINE
8
HIDDEN
10
180.641500
20
111.826947
30
0.0
11
179.641500
21
111.826947
31
0.0
0
LINE
8
HIDDEN
10
179.641500
20
94.343947
30
0.0
11
179.641500
21
111.826947
31
0.0
0
LINE
8
HIDDEN
10
180.641500
20
111.826947
30
0.0
11
179.641500
21
111.826947
31
0.0
0
LINE
8
HIDDEN
10
179.641500
20
94.343947
30
0.0
11
179.641500
21
111.826947
31
0.0
0
LINE
8
HIDDEN
10
179.641500
20
93.035447
30
0.0
11
179.641500
21
92.235447
31
0.0
0
LINE
8
HIDDEN
10
179.641500
20
92.235447
30
0.0
11
179.641500
21
93.035447
31
0.0
0
LINE
8
HIDDEN
10
179.641500
20
93.985447
30
0.0
11
179.641500
21
93.185447
31
0.0
0
LINE
8
HIDDEN
10
179.641500
20
93.185447
30
0.0
11
179.641500
21
93.985447
31
0.0
0
LINE
8
HIDDEN
10
181.641500
20
93.035447
30
0.0
11
179.641500
21
93.035447
31
0.0
0
LINE
8
HIDDEN
10
181.641500
20
93.035447
30
0.0
11
181.641500
21
92.235447
31
0.0
0
LINE
8
HIDDEN
10
181.641500
20
92.235447
30
0.0
11
181.641500
21
93.035447
31
0.0
0
LINE
8
HIDDEN
10
181.641500
20
93.985447
30
0.0
11
179.641500
21
93.985447
31
0.0
0
LINE
8
HIDDEN
10
181.641500
20
93.985447
30
0.0
11
181.641500
21
93.185447
31
0.0
0
LINE
8
HIDDEN
10
181.641500
20
93.185447
30
0.0
11
181.641500
21
93.985447
31
0.0
0
LINE
8
HIDDEN
10
179.641500
20
93.985447
30
0.0
11
179.641500
21
93.185447
31
0.0
0
LINE
8
HIDDEN
10
179.641500
20
93.185447
30
0.0
11
179.641500
21
93.985447
31
0.0
0
LINE
8
HIDDEN
10
179.641500
20
93.035447
30
0.0
11
179.641500
21
92.235447
31
0.0
0
LINE
8
HIDDEN
10
179.641500
20
92.235447
30
0.0
11
179.641500
21
93.035447
31
0.0
0
LINE
8
HIDDEN
10
181.641500
20
93.985447
30
0.0
11
179.641500
21
93.985447
31
0.0
0
LINE
8
HIDDEN
10
181.641500
20
93.985447
30
0.0
11
181.641500
21
93.185447
31
0.0
0
LINE
8
HIDDEN
10
181.641500
20
93.185447
30
0.0
11
181.641500
21
93.985447
31
0.0
0
LINE
8
HIDDEN
10
181.641500
20
93.035447
30
0.0
11
179.641500
21
93.035447
31
0.0
0
LINE
8
HIDDEN
10
181.641500
20
93.035447
30
0.0
11
181.641500
21
92.235447
31
0.0
0
LINE
8
HIDDEN
10
181.641500
20
92.235447
30
0.0
11
181.641500
21
93.035447
31
0.0
0
LINE
8
HIDDEN
10
176.934393
20
125.068947
30
0.0
11
176.934393
21
126.051947
31
0.0
0
LINE
8
HIDDEN
10
177.085930
20
125.068947
30
0.0
11
177.085930
21
126.051947
31
0.0
0
LINE
8
HIDDEN
10
176.810030
20
125.068947
30
0.0
11
176.810030
21
126.051947
31
0.0
0
LINE
8
HIDDEN
10
178.314500
20
125.068947
30
0.0
11
178.314500
21
126.051947
31
0.0
0
LINE
8
HIDDEN
10
178.314500
20
125.068947
30
0.0
11
178.314500
21
126.051947
31
0.0
0
LINE
8
HIDDEN
10
178.314500
20
125.068947
30
0.0
11
178.314500
21
126.051947
31
0.0
0
LINE
8
HIDDEN
10
178.314500
20
125.068947
30
0.0
11
178.314500
21
126.051947
31
0.0
0
LINE
8
HIDDEN
10
176.810030
20
125.368947
30
0.0
11
176.810030
21
126.051947
31
0.0
0
LINE
8
HIDDEN
10
176.934393
20
125.368947
30
0.0
11
176.934393
21
126.051947
31
0.0
0
LINE
8
HIDDEN
10
177.085930
20
125.368947
30
0.0
11
177.085930
21
126.051947
31
0.0
0
LINE
8
HIDDEN
10
177.258817
20
125.368947
30
0.0
11
177.258817
21
126.051947
31
0.0
0
LINE
8
HIDDEN
10
177.446410
20
125.368947
30
0.0
11
177.446410
21
126.051947
31
0.0
0
LINE
8
HIDDEN
10
177.446410
20
125.068947
30
0.0
11
177.446410
21
126.051947
31
0.0
0
LINE
8
HIDDEN
10
177.258817
20
125.068947
30
0.0
11
177.258817
21
126.051947
31
0.0
0
LINE
8
HIDDEN
10
181.641500
20
89.318947
30
0.0
11
181.641500
21
94.101947
31
0.0
0
LINE
8
HIDDEN
10
181.641500
20
87.467447
30
0.0
11
181.641500
21
94.101947
31
0.0
0
LINE
8
HIDDEN
10
181.641500
20
89.318947
30
0.0
11
181.641500
21
94.101947
31
0.0
0
LINE
8
HIDDEN
10
181.641500
20
89.318947
30
0.0
11
181.641500
21
94.101947
31
0.0
0
LINE
8
HIDDEN
10
181.641500
20
120.925447
30
0.0
11
181.641500
21
122.885447
31
0.0
0
LINE
8
HIDDEN
10
181.641500
20
121.895447
30
0.0
11
181.641500
21
122.885447
31
0.0
0
LINE
8
HIDDEN
10
181.641500
20
121.895447
30
0.0
11
181.641500
21
122.885447
31
0.0
0
LINE
8
HIDDEN
10
181.641500
20
120.925447
30
0.0
11
181.641500
21
122.885447
31
0.0
0
LINE
8
HIDDEN
10
181.641500
20
108.695447
30
0.0
11
181.641500
21
106.735447
31
0.0
0
LINE
8
HIDDEN
10
181.641500
20
106.735447
30
0.0
11
181.641500
21
107.725447
31
0.0
0
LINE
8
HIDDEN
10
181.641500
20
106.735447
30
0.0
11
181.641500
21
107.725447
31
0.0
0
LINE
8
HIDDEN
10
181.641500
20
106.735447
30
0.0
11
181.641500
21
108.695447
31
0.0
0
LINE
8
HIDDEN
10
181.641500
20
110.501947
30
0.0
11
181.641500
21
114.018947
31
0.0
0
LINE
8
HIDDEN
10
181.641500
20
92.151947
30
0.0
11
181.641500
21
95.668947
31
0.0
0
LINE
8
HIDDEN
10
181.641500
20
110.501947
30
0.0
11
181.641500
21
114.018947
31
0.0
0
LINE
8
HIDDEN
10
181.641500
20
92.151947
30
0.0
11
181.641500
21
95.668947
31
0.0
0
LINE
8
HIDDEN
10
181.641500
20
105.885447
30
0.0
11
181.641500
21
105.085447
31
0.0
0
LINE
8
HIDDEN
10
181.641500
20
105.085447
30
0.0
11
181.641500
21
105.885447
31
0.0
0
LINE
8
HIDDEN
10
181.641500
20
105.885447
30
0.0
11
181.641500
21
105.085447
31
0.0
0
LINE
8
HIDDEN
10
181.641500
20
105.085447
30
0.0
11
181.641500
21
105.885447
31
0.0
0
LINE
8
HIDDEN
10
181.641500
20
104.935447
30
0.0
11
181.641500
21
104.135447
31
0.0
0
LINE
8
HIDDEN
10
181.641500
20
104.135447
30
0.0
11
181.641500
21
104.935447
31
0.0
0
LINE
8
HIDDEN
10
181.641500
20
104.935447
30
0.0
11
181.641500
21
104.135447
31
0.0
0
LINE
8
HIDDEN
10
181.641500
20
104.135447
30
0.0
11
181.641500
21
104.935447
31
0.0
0
LINE
8
HIDDEN
10
183.891500
20
120.925447
30
0.0
11
184.541500
21
120.925447
31
0.0
0
LINE
8
HIDDEN
10
184.541500
20
120.925447
30
0.0
11
183.891500
21
120.925447
31
0.0
0
LINE
8
HIDDEN
10
183.891500
20
120.925447
30
0.0
11
183.266500
21
120.925447
31
0.0
0
LINE
8
HIDDEN
10
183.266500
20
120.925447
30
0.0
11
184.516500
21
120.925447
31
0.0
0
LINE
8
HIDDEN
10
184.516500
20
120.925447
30
0.0
11
183.891500
21
120.925447
31
0.0
0
LINE
8
HIDDEN
10
183.891500
20
120.925447
30
0.0
11
183.266500
21
120.925447
31
0.0
0
LINE
8
HIDDEN
10
183.266500
20
120.925447
30
0.0
11
184.516500
21
120.925447
31
0.0
0
LINE
8
HIDDEN
10
184.516500
20
120.925447
30
0.0
11
183.891500
21
120.925447
31
0.0
0
LINE
8
HIDDEN
10
183.891500
20
121.895447
30
0.0
11
181.641500
21
121.895447
31
0.0
0
LINE
8
HIDDEN
10
183.891500
20
121.895447
30
0.0
11
181.641500
21
121.895447
31
0.0
0
LINE
8
HIDDEN
10
183.891500
20
121.895447
30
0.0
11
183.266500
21
121.895447
31
0.0
0
LINE
8
HIDDEN
10
183.266500
20
121.895447
30
0.0
11
184.516500
21
121.895447
31
0.0
0
LINE
8
HIDDEN
10
183.891500
20
121.895447
30
0.0
11
183.266500
21
121.895447
31
0.0
0
LINE
8
HIDDEN
10
183.266500
20
121.895447
30
0.0
11
184.516500
21
121.895447
31
0.0
0
LINE
8
HIDDEN
10
183.891500
20
120.925447
30
0.0
11
183.891500
21
121.895447
31
0.0
0
LINE
8
HIDDEN
10
183.891500
20
120.925447
30
0.0
11
183.891500
21
121.895447
31
0.0
0
LINE
8
HIDDEN
10
183.891500
20
107.725447
30
0.0
11
181.641500
21
107.725447
31
0.0
0
LINE
8
HIDDEN
10
183.891500
20
107.725447
30
0.0
11
181.641500
21
107.725447
31
0.0
0
LINE
8
HIDDEN
10
183.891500
20
107.725447
30
0.0
11
183.266500
21
107.725447
31
0.0
0
LINE
8
HIDDEN
10
183.266500
20
107.725447
30
0.0
11
184.516500
21
107.725447
31
0.0
0
LINE
8
HIDDEN
10
183.891500
20
107.725447
30
0.0
11
183.266500
21
107.725447
31
0.0
0
LINE
8
HIDDEN
10
183.266500
20
107.725447
30
0.0
11
184.516500
21
107.725447
31
0.0
0
LINE
8
HIDDEN
10
183.891500
20
108.695447
30
0.0
11
184.541500
21
108.695447
31
0.0
0
LINE
8
HIDDEN
10
184.541500
20
108.695447
30
0.0
11
183.891500
21
108.695447
31
0.0
0
LINE
8
HIDDEN
10
183.891500
20
108.695447
30
0.0
11
183.266500
21
108.695447
31
0.0
0
LINE
8
HIDDEN
10
183.266500
20
108.695447
30
0.0
11
184.516500
21
108.695447
31
0.0
0
LINE
8
HIDDEN
10
184.516500
20
108.695447
30
0.0
11
183.891500
21
108.695447
31
0.0
0
LINE
8
HIDDEN
10
183.891500
20
108.695447
30
0.0
11
183.266500
21
108.695447
31
0.0
0
LINE
8
HIDDEN
10
183.266500
20
108.695447
30
0.0
11
184.516500
21
108.695447
31
0.0
0
LINE
8
HIDDEN
10
184.516500
20
108.695447
30
0.0
11
183.891500
21
108.695447
31
0.0
0
LINE
8
HIDDEN
10
183.891500
20
107.725447
30
0.0
11
183.891500
21
108.695447
31
0.0
0
LINE
8
HIDDEN
10
183.891500
20
107.725447
30
0.0
11
183.891500
21
108.695447
31
0.0
0
LINE
8
HIDDEN
10
179.641500
20
105.885447
30
0.0
11
179.641500
21
105.085447
31
0.0
0
LINE
8
HIDDEN
10
179.641500
20
105.085447
30
0.0
11
179.641500
21
105.117760
31
0.0
0
LINE
8
HIDDEN
10
179.641500
20
105.117760
30
0.0
11
179.641500
21
105.853134
31
0.0
0
LINE
8
HIDDEN
10
179.641500
20
105.853134
30
0.0
11
179.641500
21
105.885447
31
0.0
0
LINE
8
HIDDEN
10
181.641500
20
105.885447
30
0.0
11
179.641500
21
105.885447
31
0.0
0
LINE
8
HIDDEN
10
179.641500
20
105.885447
30
0.0
11
179.641500
21
105.853134
31
0.0
0
LINE
8
HIDDEN
10
179.641500
20
105.853134
30
0.0
11
179.641500
21
105.117760
31
0.0
0
LINE
8
HIDDEN
10
179.641500
20
105.117760
30
0.0
11
179.641500
21
105.085447
31
0.0
0
LINE
8
HIDDEN
10
179.641500
20
105.085447
30
0.0
11
179.641500
21
105.885447
31
0.0
0
LINE
8
HIDDEN
10
181.641500
20
105.885447
30
0.0
11
179.641500
21
105.885447
31
0.0
0
LINE
8
HIDDEN
10
179.641500
20
104.935447
30
0.0
11
179.641500
21
104.796000
31
0.0
0
LINE
8
HIDDEN
10
179.641500
20
104.796000
30
0.0
11
179.641500
21
104.274895
31
0.0
0
LINE
8
HIDDEN
10
179.641500
20
104.274895
30
0.0
11
179.641500
21
104.135447
31
0.0
0
LINE
8
HIDDEN
10
179.641500
20
104.135447
30
0.0
11
179.641500
21
104.935447
31
0.0
0
LINE
8
HIDDEN
10
181.641500
20
104.935447
30
0.0
11
179.641500
21
104.935447
31
0.0
0
LINE
8
HIDDEN
10
179.641500
20
104.935447
30
0.0
11
179.641500
21
104.135447
31
0.0
0
LINE
8
HIDDEN
10
179.641500
20
104.135447
30
0.0
11
179.641500
21
104.274895
31
0.0
0
LINE
8
HIDDEN
10
179.641500
20
104.274895
30
0.0
11
179.641500
21
104.796000
31
0.0
0
LINE
8
HIDDEN
10
179.641500
20
104.796000
30
0.0
11
179.641500
21
104.935447
31
0.0
0
LINE
8
HIDDEN
10
181.641500
20
104.935447
30
0.0
11
179.641500
21
104.935447
31
0.0
0
LINE
8
HIDDEN
10
181.641500
20
94.101947
30
0.0
11
180.641500
21
94.101947
31
0.0
0
LINE
8
HIDDEN
10
181.641500
20
94.101947
30
0.0
11
180.641500
21
94.101947
31
0.0
0
LINE
8
HIDDEN
10
181.641500
20
94.101947
30
0.0
11
181.111500
21
94.101947
31
0.0
0
LINE
8
HIDDEN
10
181.641500
20
94.101947
30
0.0
11
181.111500
21
94.101947
31
0.0
0
LINE
8
HIDDEN
10
181.111500
20
89.635447
30
0.0
11
181.111500
21
94.101947
31
0.0
0
LINE
8
HIDDEN
10
181.111500
20
89.635447
30
0.0
11
181.111500
21
94.101947
31
0.0
0
LINE
8
HIDDEN
10
178.486500
20
89.635447
30
0.0
11
181.111500
21
89.635447
31
0.0
0
LINE
8
HIDDEN
10
180.641500
20
89.635447
30
0.0
11
181.111500
21
89.635447
31
0.0
0
LINE
8
HIDDEN
10
178.491500
20
95.599447
30
0.0
11
177.741500
21
95.599447
31
0.0
0
LINE
8
HIDDEN
10
177.741500
20
95.599447
30
0.0
11
177.741500
21
92.221447
31
0.0
0
LINE
8
HIDDEN
10
178.491500
20
92.221447
30
0.0
11
177.741500
21
92.221447
31
0.0
0
LINE
8
HIDDEN
10
178.491500
20
95.599447
30
0.0
11
178.491500
21
92.221447
31
0.0
0
LINE
8
HIDDEN
10
178.491500
20
113.949447
30
0.0
11
177.741500
21
113.949447
31
0.0
0
LINE
8
HIDDEN
10
177.741500
20
113.949447
30
0.0
11
177.741500
21
110.571447
31
0.0
0
LINE
8
HIDDEN
10
178.491500
20
110.571447
30
0.0
11
177.741500
21
110.571447
31
0.0
0
LINE
8
HIDDEN
10
178.491500
20
113.949447
30
0.0
11
178.491500
21
110.571447
31
0.0
0
LINE
8
HIDDEN
10
178.491500
20
95.599447
30
0.0
11
177.741500
21
95.599447
31
0.0
0
LINE
8
HIDDEN
10
178.491500
20
92.221447
30
0.0
11
178.491500
21
95.599447
31
0.0
0
LINE
8
HIDDEN
10
177.741500
20
92.221447
30
0.0
11
177.741500
21
95.599447
31
0.0
0
LINE
8
HIDDEN
10
178.491500
20
92.221447
30
0.0
11
177.741500
21
92.221447
31
0.0
0
LINE
8
HIDDEN
10
178.491500
20
113.949447
30
0.0
11
177.741500
21
113.949447
31
0.0
0
LINE
8
HIDDEN
10
177.741500
20
110.571447
30
0.0
11
177.741500
21
113.949447
31
0.0
0
LINE
8
HIDDEN
10
178.491500
20
110.571447
30
0.0
11
177.741500
21
110.571447
31
0.0
0
LINE
8
HIDDEN
10
178.491500
20
110.571447
30
0.0
11
178.491500
21
113.949447
31
0.0
0
LINE
8
HIDDEN
10
178.491500
20
95.599447
30
0.0
11
177.741500
21
95.599447
31
0.0
0
LINE
8
HIDDEN
10
178.491500
20
95.599447
30
0.0
11
178.491500
21
92.221447
31
0.0
0
LINE
8
HIDDEN
10
178.491500
20
92.221447
30
0.0
11
177.741500
21
92.221447
31
0.0
0
LINE
8
HIDDEN
10
177.741500
20
95.599447
30
0.0
11
177.741500
21
92.221447
31
0.0
0
LINE
8
HIDDEN
10
178.491500
20
113.949447
30
0.0
11
177.741500
21
113.949447
31
0.0
0
LINE
8
HIDDEN
10
178.491500
20
113.949447
30
0.0
11
178.491500
21
110.571447
31
0.0
0
LINE
8
HIDDEN
10
178.491500
20
110.571447
30
0.0
11
177.741500
21
110.571447
31
0.0
0
LINE
8
HIDDEN
10
177.741500
20
113.949447
30
0.0
11
177.741500
21
110.571447
31
0.0
0
LINE
8
HIDDEN
10
178.491500
20
95.599447
30
0.0
11
177.741500
21
95.599447
31
0.0
0
LINE
8
HIDDEN
10
178.491500
20
92.221447
30
0.0
11
178.491500
21
95.599447
31
0.0
0
LINE
8
HIDDEN
10
177.741500
20
92.221447
30
0.0
11
177.741500
21
95.599447
31
0.0
0
LINE
8
HIDDEN
10
178.491500
20
92.221447
30
0.0
11
177.741500
21
92.221447
31
0.0
0
LINE
8
HIDDEN
10
178.491500
20
113.949447
30
0.0
11
177.741500
21
113.949447
31
0.0
0
LINE
8
HIDDEN
10
177.741500
20
110.571447
30
0.0
11
177.741500
21
113.949447
31
0.0
0
LINE
8
HIDDEN
10
178.491500
20
110.571447
30
0.0
11
177.741500
21
110.571447
31
0.0
0
LINE
8
HIDDEN
10
178.491500
20
110.571447
30
0.0
11
178.491500
21
113.949447
31
0.0
0
LINE
8
HIDDEN
10
176.741500
20
128.335447
30
0.0
11
176.741500
21
127.726947
31
0.0
0
LINE
8
HIDDEN
10
176.741500
20
126.993947
30
0.0
11
176.741500
21
126.972947
31
0.0
0
LINE
8
HIDDEN
10
176.741500
20
126.972947
30
0.0
11
176.741500
21
127.234614
31
0.0
0
LINE
8
HIDDEN
10
176.741500
20
127.234614
30
0.0
11
176.741500
21
126.993947
31
0.0
0
LINE
8
HIDDEN
10
176.741500
20
127.726947
30
0.0
11
176.741500
21
127.234614
31
0.0
0
LINE
8
HIDDEN
10
176.741500
20
127.747947
30
0.0
11
176.741500
21
127.726947
31
0.0
0
LINE
8
HIDDEN
10
176.741500
20
127.234614
30
0.0
11
176.741500
21
127.747947
31
0.0
0
LINE
8
HIDDEN
10
180.641500
20
127.747947
30
0.0
11
176.741500
21
127.747947
31
0.0
0
LINE
8
HIDDEN
10
180.641500
20
127.747947
30
0.0
11
180.641500
21
126.972947
31
0.0
0
LINE
8
HIDDEN
10
180.641500
20
126.972947
30
0.0
11
180.641500
21
127.747947
31
0.0
0
LINE
8
HIDDEN
10
176.741500
20
127.726947
30
0.0
11
176.741500
21
128.335447
31
0.0
0
LINE
8
HIDDEN
10
176.741500
20
127.234614
30
0.0
11
176.741500
21
126.972947
31
0.0
0
LINE
8
HIDDEN
10
176.741500
20
126.972947
30
0.0
11
176.741500
21
126.993947
31
0.0
0
LINE
8
HIDDEN
10
176.741500
20
127.747947
30
0.0
11
176.741500
21
127.234614
31
0.0
0
LINE
8
HIDDEN
10
176.741500
20
127.726947
30
0.0
11
176.741500
21
127.747947
31
0.0
0
LINE
8
HIDDEN
10
176.741500
20
127.234614
30
0.0
11
176.741500
21
127.726947
31
0.0
0
LINE
8
HIDDEN
10
176.741500
20
126.993947
30
0.0
11
176.741500
21
127.234614
31
0.0
0
LINE
8
HIDDEN
10
180.641500
20
127.747947
30
0.0
11
176.741500
21
127.747947
31
0.0
0
LINE
8
HIDDEN
10
180.641500
20
127.747947
30
0.0
11
180.641500
21
126.972947
31
0.0
0
LINE
8
HIDDEN
10
180.641500
20
126.972947
30
0.0
11
180.641500
21
127.747947
31
0.0
0
CIRCLE
8
HIDDEN
10
180.841500
20
90.530447
30
0.0
40
0.200000
0
CIRCLE
8
HIDDEN
10
180.841500
20
90.530447
30
0.0
40
0.200000
0
CIRCLE
8
HIDDEN
10
180.841500
20
91.280447
30
0.0
40
0.200000
0
CIRCLE
8
HIDDEN
10
180.841500
20
91.280447
30
0.0
40
0.200000
0
CIRCLE
8
HIDDEN
10
180.841500
20
92.030447
30
0.0
40
0.200000
0
CIRCLE
8
HIDDEN
10
180.841500
20
92.030447
30
0.0
40
0.200000
0
CIRCLE
8
HIDDEN
10
180.841500
20
92.780447
30
0.0
40
0.200000
0
CIRCLE
8
HIDDEN
10
180.841500
20
92.780447
30
0.0
40
0.200000
0
CIRCLE
8
HIDDEN
10
180.841500
20
93.530447
30
0.0
40
0.200000
0
CIRCLE
8
HIDDEN
10
180.841500
20
93.530447
30
0.0
40
0.200000
0
LINE
8
HIDDEN
10
183.891500
20
120.925447
30
0.0
11
183.891500
21
121.895447
31
0.0
0
LINE
8
HIDDEN
10
183.891500
20
120.925447
30
0.0
11
183.891500
21
121.895447
31
0.0
0
LINE
8
HIDDEN
10
183.891500
20
107.725447
30
0.0
11
183.891500
21
108.695447
31
0.0
0
LINE
8
HIDDEN
10
183.891500
20
107.725447
30
0.0
11
183.891500
21
108.695447
31
0.0
0
LINE
8
HIDDEN
10
181.641500
20
92.235447
30
0.0
11
179.641500
21
92.235447
31
0.0
0
LINE
8
HIDDEN
10
181.641500
20
93.185447
30
0.0
11
179.641500
21
93.185447
31
0.0
0
LINE
8
HIDDEN
10
181.641500
20
93.185447
30
0.0
11
179.641500
21
93.185447
31
0.0
0
LINE
8
HIDDEN
10
181.641500
20
92.235447
30
0.0
11
179.641500
21
92.235447
31
0.0
0
LINE
8
HIDDEN
10
179.039500
20
125.068947
30
0.0
11
179.039500
21
126.051947
31
0.0
0
LINE
8
HIDDEN
10
179.039500
20
125.068947
30
0.0
11
179.039500
21
126.051947
31
0.0
0
LINE
8
HIDDEN
10
183.266500
20
120.925447
30
0.0
11
183.266500
21
121.895447
31
0.0
0
LINE
8
HIDDEN
10
184.516500
20
120.925447
30
0.0
11
184.516500
21
121.895447
31
0.0
0
LINE
8
HIDDEN
10
183.266500
20
120.925447
30
0.0
11
183.266500
21
121.895447
31
0.0
0
LINE
8
HIDDEN
10
184.516500
20
120.925447
30
0.0
11
184.516500
21
121.895447
31
0.0
0
LINE
8
HIDDEN
10
183.266500
20
107.725447
30
0.0
11
183.266500
21
108.695447
31
0.0
0
LINE
8
HIDDEN
10
184.516500
20
107.725447
30
0.0
11
184.516500
21
108.695447
31
0.0
0
LINE
8
HIDDEN
10
183.266500
20
107.725447
30
0.0
11
183.266500
21
108.695447
31
0.0
0
LINE
8
HIDDEN
10
184.516500
20
107.725447
30
0.0
11
184.516500
21
108.695447
31
0.0
0
LINE
8
HIDDEN
10
181.641500
20
105.085447
30
0.0
11
179.641500
21
105.085447
31
0.0
0
LINE
8
HIDDEN
10
181.641500
20
105.085447
30
0.0
11
179.641500
21
105.085447
31
0.0
0
LINE
8
HIDDEN
10
181.641500
20
104.135447
30
0.0
11
179.641500
21
104.135447
31
0.0
0
LINE
8
HIDDEN
10
181.641500
20
104.135447
30
0.0
11
179.641500
21
104.135447
31
0.0
0
LINE
8
HIDDEN
10
180.641500
20
126.972947
30
0.0
11
176.741500
21
126.972947
31
0.0
0
LINE
8
HIDDEN
10
180.641500
20
126.972947
30
0.0
11
176.741500
21
126.972947
31
0.0
0
LINE
8
VISIBLE
10
223.161945
20
114.365000
30
0.0
11
223.141500
21
114.365000
31
0.0
0
LINE
8
VISIBLE
10
223.221885
20
114.365000
30
0.0
11
223.161945
21
114.365000
31
0.0
0
LINE
8
VISIBLE
10
223.317236
20
114.365000
30
0.0
11
223.221885
21
114.365000
31
0.0
0
LINE
8
VISIBLE
10
223.441500
20
114.365000
30
0.0
11
223.317236
21
114.365000
31
0.0
0
LINE
8
VISIBLE
10
223.586209
20
114.365000
30
0.0
11
223.441500
21
114.365000
31
0.0
0
LINE
8
VISIBLE
10
223.741500
20
114.365000
30
0.0
11
223.586209
21
114.365000
31
0.0
0
LINE
8
VISIBLE
10
225.516500
20
114.365000
30
0.0
11
223.741500
21
114.365000
31
0.0
0
LINE
8
VISIBLE
10
225.671791
20
114.365000
30
0.0
11
225.516500
21
114.365000
31
0.0
0
LINE
8
VISIBLE
10
225.816500
20
114.365000
30
0.0
11
225.671791
21
114.365000
31
0.0
0
LINE
8
VISIBLE
10
225.940764
20
114.365000
30
0.0
11
225.816500
21
114.365000
31
0.0
0
LINE
8
VISIBLE
10
226.036115
20
114.365000
30
0.0
11
225.940764
21
114.365000
31
0.0
0
LINE
8
VISIBLE
10
226.096055
20
114.365000
30
0.0
11
226.036115
21
114.365000
31
0.0
0
LINE
8
VISIBLE
10
226.116500
20
114.365000
30
0.0
11
226.096055
21
114.365000
31
0.0
0
LINE
8
VISIBLE
10
226.516500
20
114.365000
30
0.0
11
226.116500
21
114.365000
31
0.0
0
LINE
8
VISIBLE
10
223.161945
20
114.365000
30
0.0
11
223.161945
21
115.335000
31
0.0
0
LINE
8
VISIBLE
10
223.161945
20
115.335000
30
0.0
11
223.141500
21
115.335000
31
0.0
0
LINE
8
VISIBLE
10
223.221885
20
114.365000
30
0.0
11
223.221885
21
115.335000
31
0.0
0
LINE
8
VISIBLE
10
223.221885
20
115.335000
30
0.0
11
223.161945
21
115.335000
31
0.0
0
LINE
8
VISIBLE
10
223.317236
20
114.365000
30
0.0
11
223.317236
21
115.335000
31
0.0
0
LINE
8
VISIBLE
10
223.317236
20
115.335000
30
0.0
11
223.221885
21
115.335000
31
0.0
0
LINE
8
VISIBLE
10
223.441500
20
114.365000
30
0.0
11
223.441500
21
115.335000
31
0.0
0
LINE
8
VISIBLE
10
223.441500
20
115.335000
30
0.0
11
223.317236
21
115.335000
31
0.0
0
LINE
8
VISIBLE
10
223.586209
20
114.365000
30
0.0
11
223.586209
21
115.335000
31
0.0
0
LINE
8
VISIBLE
10
223.586209
20
115.335000
30
0.0
11
223.441500
21
115.335000
31
0.0
0
LINE
8
VISIBLE
10
223.741500
20
114.365000
30
0.0
11
223.741500
21
115.335000
31
0.0
0
LINE
8
VISIBLE
10
223.741500
20
115.335000
30
0.0
11
223.586209
21
115.335000
31
0.0
0
LINE
8
VISIBLE
10
225.516500
20
114.365000
30
0.0
11
225.516500
21
115.335000
31
0.0
0
LINE
8
VISIBLE
10
225.516500
20
115.335000
30
0.0
11
223.741500
21
115.335000
31
0.0
0
LINE
8
VISIBLE
10
225.671791
20
114.365000
30
0.0
11
225.671791
21
115.335000
31
0.0
0
LINE
8
VISIBLE
10
225.671791
20
115.335000
30
0.0
11
225.516500
21
115.335000
31
0.0
0
LINE
8
VISIBLE
10
225.816500
20
114.365000
30
0.0
11
225.816500
21
115.335000
31
0.0
0
LINE
8
VISIBLE
10
225.816500
20
115.335000
30
0.0
11
225.671791
21
115.335000
31
0.0
0
LINE
8
VISIBLE
10
225.940764
20
114.365000
30
0.0
11
225.940764
21
115.335000
31
0.0
0
LINE
8
VISIBLE
10
225.940764
20
115.335000
30
0.0
11
225.816500
21
115.335000
31
0.0
0
LINE
8
VISIBLE
10
226.036115
20
114.365000
30
0.0
11
226.036115
21
115.335000
31
0.0
0
LINE
8
VISIBLE
10
226.036115
20
115.335000
30
0.0
11
225.940764
21
115.335000
31
0.0
0
LINE
8
VISIBLE
10
226.096055
20
114.365000
30
0.0
11
226.096055
21
115.335000
31
0.0
0
LINE
8
VISIBLE
10
226.096055
20
115.335000
30
0.0
11
226.036115
21
115.335000
31
0.0
0
LINE
8
VISIBLE
10
226.116500
20
114.365000
30
0.0
11
226.116500
21
115.335000
31
0.0
0
LINE
8
VISIBLE
10
226.116500
20
115.335000
30
0.0
11
226.096055
21
115.335000
31
0.0
0
LINE
8
VISIBLE
10
226.516500
20
115.335000
30
0.0
11
226.116500
21
115.335000
31
0.0
0
LINE
8
VISIBLE
10
232.616500
20
114.365000
30
0.0
11
232.216500
21
114.365000
31
0.0
0
LINE
8
VISIBLE
10
232.636945
20
114.365000
30
0.0
11
232.616500
21
114.365000
31
0.0
0
LINE
8
VISIBLE
10
232.696885
20
114.365000
30
0.0
11
232.636945
21
114.365000
31
0.0
0
LINE
8
VISIBLE
10
232.792236
20
114.365000
30
0.0
11
232.696885
21
114.365000
31
0.0
0
LINE
8
VISIBLE
10
232.916500
20
114.365000
30
0.0
11
232.792236
21
114.365000
31
0.0
0
LINE
8
VISIBLE
10
233.061209
20
114.365000
30
0.0
11
232.916500
21
114.365000
31
0.0
0
LINE
8
VISIBLE
10
233.216500
20
114.365000
30
0.0
11
233.061209
21
114.365000
31
0.0
0
LINE
8
VISIBLE
10
234.991500
20
114.365000
30
0.0
11
233.216500
21
114.365000
31
0.0
0
LINE
8
VISIBLE
10
235.146791
20
114.365000
30
0.0
11
234.991500
21
114.365000
31
0.0
0
LINE
8
VISIBLE
10
235.291500
20
114.365000
30
0.0
11
235.146791
21
114.365000
31
0.0
0
LINE
8
VISIBLE
10
235.415764
20
114.365000
30
0.0
11
235.291500
21
114.365000
31
0.0
0
LINE
8
VISIBLE
10
235.511115
20
114.365000
30
0.0
11
235.415764
21
114.365000
31
0.0
0
LINE
8
VISIBLE
10
235.571055
20
114.365000
30
0.0
11
235.511115
21
114.365000
31
0.0
0
LINE
8
VISIBLE
10
235.591500
20
114.365000
30
0.0
11
235.571055
21
114.365000
31
0.0
0
LINE
8
VISIBLE
10
232.616500
20
114.365000
30
0.0
11
232.616500
21
115.335000
31
0.0
0
LINE
8
VISIBLE
10
232.616500
20
115.335000
30
0.0
11
232.216500
21
115.335000
31
0.0
0
LINE
8
VISIBLE
10
232.636945
20
114.365000
30
0.0
11
232.636945
21
115.335000
31
0.0
0
LINE
8
VISIBLE
10
232.636945
20
115.335000
30
0.0
11
232.616500
21
115.335000
31
0.0
0
LINE
8
VISIBLE
10
232.696885
20
114.365000
30
0.0
11
232.696885
21
115.335000
31
0.0
0
LINE
8
VISIBLE
10
232.696885
20
115.335000
30
0.0
11
232.636945
21
115.335000
31
0.0
0
LINE
8
VISIBLE
10
232.792236
20
114.365000
30
0.0
11
232.792236
21
115.335000
31
0.0
0
LINE
8
VISIBLE
10
232.792236
20
115.335000
30
0.0
11
232.696885
21
115.335000
31
0.0
0
LINE
8
VISIBLE
10
232.916500
20
114.365000
30
0.0
11
232.916500
21
115.335000
31
0.0
0
LINE
8
VISIBLE
10
232.916500
20
115.335000
30
0.0
11
232.792236
21
115.335000
31
0.0
0
LINE
8
VISIBLE
10
233.061209
20
114.365000
30
0.0
11
233.061209
21
115.335000
31
0.0
0
LINE
8
VISIBLE
10
233.061209
20
115.335000
30
0.0
11
232.916500
21
115.335000
31
0.0
0
LINE
8
VISIBLE
10
233.216500
20
114.365000
30
0.0
11
233.216500
21
115.335000
31
0.0
0
LINE
8
VISIBLE
10
233.216500
20
115.335000
30
0.0
11
233.061209
21
115.335000
31
0.0
0
LINE
8
VISIBLE
10
234.991500
20
114.365000
30
0.0
11
234.991500
21
115.335000
31
0.0
0
LINE
8
VISIBLE
10
234.991500
20
115.335000
30
0.0
11
233.216500
21
115.335000
31
0.0
0
LINE
8
VISIBLE
10
235.146791
20
114.365000
30
0.0
11
235.146791
21
115.335000
31
0.0
0
LINE
8
VISIBLE
10
235.146791
20
115.335000
30
0.0
11
234.991500
21
115.335000
31
0.0
0
LINE
8
VISIBLE
10
235.291500
20
114.365000
30
0.0
11
235.291500
21
115.335000
31
0.0
0
LINE
8
VISIBLE
10
235.291500
20
115.335000
30
0.0
11
235.146791
21
115.335000
31
0.0
0
LINE
8
VISIBLE
10
235.415764
20
114.365000
30
0.0
11
235.415764
21
115.335000
31
0.0
0
LINE
8
VISIBLE
10
235.415764
20
115.335000
30
0.0
11
235.291500
21
115.335000
31
0.0
0
LINE
8
VISIBLE
10
235.511115
20
114.365000
30
0.0
11
235.511115
21
115.335000
31
0.0
0
LINE
8
VISIBLE
10
235.511115
20
115.335000
30
0.0
11
235.415764
21
115.335000
31
0.0
0
LINE
8
VISIBLE
10
235.571055
20
114.365000
30
0.0
11
235.571055
21
115.335000
31
0.0
0
LINE
8
VISIBLE
10
235.571055
20
115.335000
30
0.0
11
235.511115
21
115.335000
31
0.0
0
LINE
8
VISIBLE
10
235.591500
20
115.335000
30
0.0
11
235.571055
21
115.335000
31
0.0
0
LINE
8
VISIBLE
10
223.161945
20
102.135000
30
0.0
11
223.141500
21
102.135000
31
0.0
0
LINE
8
VISIBLE
10
223.221885
20
102.135000
30
0.0
11
223.161945
21
102.135000
31
0.0
0
LINE
8
VISIBLE
10
223.317236
20
102.135000
30
0.0
11
223.221885
21
102.135000
31
0.0
0
LINE
8
VISIBLE
10
223.441500
20
102.135000
30
0.0
11
223.317236
21
102.135000
31
0.0
0
LINE
8
VISIBLE
10
223.586209
20
102.135000
30
0.0
11
223.441500
21
102.135000
31
0.0
0
LINE
8
VISIBLE
10
223.741500
20
102.135000
30
0.0
11
223.586209
21
102.135000
31
0.0
0
LINE
8
VISIBLE
10
225.516500
20
102.135000
30
0.0
11
223.741500
21
102.135000
31
0.0
0
LINE
8
VISIBLE
10
225.671791
20
102.135000
30
0.0
11
225.516500
21
102.135000
31
0.0
0
LINE
8
VISIBLE
10
225.816500
20
102.135000
30
0.0
11
225.671791
21
102.135000
31
0.0
0
LINE
8
VISIBLE
10
225.940764
20
102.135000
30
0.0
11
225.816500
21
102.135000
31
0.0
0
LINE
8
VISIBLE
10
226.036115
20
102.135000
30
0.0
11
225.940764
21
102.135000
31
0.0
0
LINE
8
VISIBLE
10
226.096055
20
102.135000
30
0.0
11
226.036115
21
102.135000
31
0.0
0
LINE
8
VISIBLE
10
226.116500
20
102.135000
30
0.0
11
226.096055
21
102.135000
31
0.0
0
LINE
8
VISIBLE
10
226.516500
20
102.135000
30
0.0
11
226.116500
21
102.135000
31
0.0
0
LINE
8
VISIBLE
10
223.161945
20
101.165000
30
0.0
11
223.161945
21
102.135000
31
0.0
0
LINE
8
VISIBLE
10
223.161945
20
101.165000
30
0.0
11
223.141500
21
101.165000
31
0.0
0
LINE
8
VISIBLE
10
223.221885
20
101.165000
30
0.0
11
223.221885
21
102.135000
31
0.0
0
LINE
8
VISIBLE
10
223.221885
20
101.165000
30
0.0
11
223.161945
21
101.165000
31
0.0
0
LINE
8
VISIBLE
10
223.317236
20
101.165000
30
0.0
11
223.317236
21
102.135000
31
0.0
0
LINE
8
VISIBLE
10
223.317236
20
101.165000
30
0.0
11
223.221885
21
101.165000
31
0.0
0
LINE
8
VISIBLE
10
223.441500
20
101.165000
30
0.0
11
223.441500
21
102.135000
31
0.0
0
LINE
8
VISIBLE
10
223.441500
20
101.165000
30
0.0
11
223.317236
21
101.165000
31
0.0
0
LINE
8
VISIBLE
10
223.586209
20
101.165000
30
0.0
11
223.586209
21
102.135000
31
0.0
0
LINE
8
VISIBLE
10
223.586209
20
101.165000
30
0.0
11
223.441500
21
101.165000
31
0.0
0
LINE
8
VISIBLE
10
223.741500
20
101.165000
30
0.0
11
223.741500
21
102.135000
31
0.0
0
LINE
8
VISIBLE
10
223.741500
20
101.165000
30
0.0
11
223.586209
21
101.165000
31
0.0
0
LINE
8
VISIBLE
10
225.516500
20
101.165000
30
0.0
11
225.516500
21
102.135000
31
0.0
0
LINE
8
VISIBLE
10
225.516500
20
101.165000
30
0.0
11
223.741500
21
101.165000
31
0.0
0
LINE
8
VISIBLE
10
225.671791
20
101.165000
30
0.0
11
225.671791
21
102.135000
31
0.0
0
LINE
8
VISIBLE
10
225.671791
20
101.165000
30
0.0
11
225.516500
21
101.165000
31
0.0
0
LINE
8
VISIBLE
10
225.816500
20
101.165000
30
0.0
11
225.816500
21
102.135000
31
0.0
0
LINE
8
VISIBLE
10
225.816500
20
101.165000
30
0.0
11
225.671791
21
101.165000
31
0.0
0
LINE
8
VISIBLE
10
225.940764
20
101.165000
30
0.0
11
225.940764
21
102.135000
31
0.0
0
LINE
8
VISIBLE
10
225.940764
20
101.165000
30
0.0
11
225.816500
21
101.165000
31
0.0
0
LINE
8
VISIBLE
10
226.036115
20
101.165000
30
0.0
11
226.036115
21
102.135000
31
0.0
0
LINE
8
VISIBLE
10
226.036115
20
101.165000
30
0.0
11
225.940764
21
101.165000
31
0.0
0
LINE
8
VISIBLE
10
226.096055
20
101.165000
30
0.0
11
226.096055
21
102.135000
31
0.0
0
LINE
8
VISIBLE
10
226.096055
20
101.165000
30
0.0
11
226.036115
21
101.165000
31
0.0
0
LINE
8
VISIBLE
10
226.116500
20
101.165000
30
0.0
11
226.116500
21
102.135000
31
0.0
0
LINE
8
VISIBLE
10
226.116500
20
101.165000
30
0.0
11
226.096055
21
101.165000
31
0.0
0
LINE
8
VISIBLE
10
226.516500
20
101.165000
30
0.0
11
226.116500
21
101.165000
31
0.0
0
LINE
8
VISIBLE
10
232.616500
20
102.135000
30
0.0
11
232.216500
21
102.135000
31
0.0
0
LINE
8
VISIBLE
10
232.636945
20
102.135000
30
0.0
11
232.616500
21
102.135000
31
0.0
0
LINE
8
VISIBLE
10
232.696885
20
102.135000
30
0.0
11
232.636945
21
102.135000
31
0.0
0
LINE
8
VISIBLE
10
232.792236
20
102.135000
30
0.0
11
232.696885
21
102.135000
31
0.0
0
LINE
8
VISIBLE
10
232.916500
20
102.135000
30
0.0
11
232.792236
21
102.135000
31
0.0
0
LINE
8
VISIBLE
10
233.061209
20
102.135000
30
0.0
11
232.916500
21
102.135000
31
0.0
0
LINE
8
VISIBLE
10
233.216500
20
102.135000
30
0.0
11
233.061209
21
102.135000
31
0.0
0
LINE
8
VISIBLE
10
234.991500
20
102.135000
30
0.0
11
233.216500
21
102.135000
31
0.0
0
LINE
8
VISIBLE
10
235.146791
20
102.135000
30
0.0
11
234.991500
21
102.135000
31
0.0
0
LINE
8
VISIBLE
10
235.291500
20
102.135000
30
0.0
11
235.146791
21
102.135000
31
0.0
0
LINE
8
VISIBLE
10
235.415764
20
102.135000
30
0.0
11
235.291500
21
102.135000
31
0.0
0
LINE
8
VISIBLE
10
235.511115
20
102.135000
30
0.0
11
235.415764
21
102.135000
31
0.0
0
LINE
8
VISIBLE
10
235.571055
20
102.135000
30
0.0
11
235.511115
21
102.135000
31
0.0
0
LINE
8
VISIBLE
10
235.591500
20
102.135000
30
0.0
11
235.571055
21
102.135000
31
0.0
0
LINE
8
VISIBLE
10
232.616500
20
101.165000
30
0.0
11
232.616500
21
102.135000
31
0.0
0
LINE
8
VISIBLE
10
232.616500
20
101.165000
30
0.0
11
232.216500
21
101.165000
31
0.0
0
LINE
8
VISIBLE
10
232.636945
20
101.165000
30
0.0
11
232.636945
21
102.135000
31
0.0
0
LINE
8
VISIBLE
10
232.636945
20
101.165000
30
0.0
11
232.616500
21
101.165000
31
0.0
0
LINE
8
VISIBLE
10
232.696885
20
101.165000
30
0.0
11
232.696885
21
102.135000
31
0.0
0
LINE
8
VISIBLE
10
232.696885
20
101.165000
30
0.0
11
232.636945
21
101.165000
31
0.0
0
LINE
8
VISIBLE
10
232.792236
20
101.165000
30
0.0
11
232.792236
21
102.135000
31
0.0
0
LINE
8
VISIBLE
10
232.792236
20
101.165000
30
0.0
11
232.696885
21
101.165000
31
0.0
0
LINE
8
VISIBLE
10
232.916500
20
101.165000
30
0.0
11
232.916500
21
102.135000
31
0.0
0
LINE
8
VISIBLE
10
232.916500
20
101.165000
30
0.0
11
232.792236
21
101.165000
31
0.0
0
LINE
8
VISIBLE
10
233.061209
20
101.165000
30
0.0
11
233.061209
21
102.135000
31
0.0
0
LINE
8
VISIBLE
10
233.061209
20
101.165000
30
0.0
11
232.916500
21
101.165000
31
0.0
0
LINE
8
VISIBLE
10
233.216500
20
101.165000
30
0.0
11
233.216500
21
102.135000
31
0.0
0
LINE
8
VISIBLE
10
233.216500
20
101.165000
30
0.0
11
233.061209
21
101.165000
31
0.0
0
LINE
8
VISIBLE
10
234.991500
20
101.165000
30
0.0
11
234.991500
21
102.135000
31
0.0
0
LINE
8
VISIBLE
10
234.991500
20
101.165000
30
0.0
11
233.216500
21
101.165000
31
0.0
0
LINE
8
VISIBLE
10
235.146791
20
101.165000
30
0.0
11
235.146791
21
102.135000
31
0.0
0
LINE
8
VISIBLE
10
235.146791
20
101.165000
30
0.0
11
234.991500
21
101.165000
31
0.0
0
LINE
8
VISIBLE
10
235.291500
20
101.165000
30
0.0
11
235.291500
21
102.135000
31
0.0
0
LINE
8
VISIBLE
10
235.291500
20
101.165000
30
0.0
11
235.146791
21
101.165000
31
0.0
0
LINE
8
VISIBLE
10
235.415764
20
101.165000
30
0.0
11
235.415764
21
102.135000
31
0.0
0
LINE
8
VISIBLE
10
235.415764
20
101.165000
30
0.0
11
235.291500
21
101.165000
31
0.0
0
LINE
8
VISIBLE
10
235.511115
20
101.165000
30
0.0
11
235.511115
21
102.135000
31
0.0
0
LINE
8
VISIBLE
10
235.511115
20
101.165000
30
0.0
11
235.415764
21
101.165000
31
0.0
0
LINE
8
VISIBLE
10
235.571055
20
101.165000
30
0.0
11
235.571055
21
102.135000
31
0.0
0
LINE
8
VISIBLE
10
235.571055
20
101.165000
30
0.0
11
235.511115
21
101.165000
31
0.0
0
LINE
8
VISIBLE
10
235.591500
20
101.165000
30
0.0
11
235.571055
21
101.165000
31
0.0
0
LINE
8
SECTION
10
225.241500
20
114.365000
30
0.0
11
226.516500
21
114.365000
31
0.0
0
LINE
8
SECTION
10
225.241500
20
114.365000
30
0.0
11
225.241500
21
115.335000
31
0.0
0
LINE
8
SECTION
10
225.241500
20
115.335000
30
0.0
11
226.516500
21
115.335000
31
0.0
0
LINE
8
SECTION
10
226.516500
20
114.365000
30
0.0
11
226.516500
21
115.335000
31
0.0
0
LINE
8
SECTION
10
223.616500
20
115.335000
30
0.0
11
223.991500
21
115.335000
31
0.0
0
LINE
8
SECTION
10
223.991500
20
114.365000
30
0.0
11
223.991500
21
115.335000
31
0.0
0
LINE
8
SECTION
10
223.141500
20
114.365000
30
0.0
11
223.991500
21
114.365000
31
0.0
0
LINE
8
SECTION
10
223.141500
20
114.365000
30
0.0
11
223.141500
21
115.335000
31
0.0
0
LINE
8
SECTION
10
223.141500
20
115.335000
30
0.0
11
223.616500
21
115.335000
31
0.0
0
LINE
8
SECTION
10
235.116500
20
115.335000
30
0.0
11
235.591500
21
115.335000
31
0.0
0
LINE
8
SECTION
10
235.591500
20
115.335000
30
0.0
11
235.591500
21
114.365000
31
0.0
0
LINE
8
SECTION
10
234.741500
20
114.365000
30
0.0
11
235.591500
21
114.365000
31
0.0
0
LINE
8
SECTION
10
234.741500
20
114.365000
30
0.0
11
234.741500
21
115.335000
31
0.0
0
LINE
8
SECTION
10
234.741500
20
115.335000
30
0.0
11
235.116500
21
115.335000
31
0.0
0
LINE
8
SECTION
10
232.216500
20
114.365000
30
0.0
11
232.216500
21
115.335000
31
0.0
0
LINE
8
SECTION
10
232.216500
20
115.335000
30
0.0
11
233.491500
21
115.335000
31
0.0
0
LINE
8
SECTION
10
233.491500
20
114.365000
30
0.0
11
233.491500
21
115.335000
31
0.0
0
LINE
8
SECTION
10
232.216500
20
114.365000
30
0.0
11
233.491500
21
114.365000
31
0.0
0
LINE
8
SECTION
10
225.241500
20
101.165000
30
0.0
11
226.516500
21
101.165000
31
0.0
0
LINE
8
SECTION
10
225.241500
20
101.165000
30
0.0
11
225.241500
21
102.135000
31
0.0
0
LINE
8
SECTION
10
225.241500
20
102.135000
30
0.0
11
226.516500
21
102.135000
31
0.0
0
LINE
8
SECTION
10
226.516500
20
101.165000
30
0.0
11
226.516500
21
102.135000
31
0.0
0
LINE
8
SECTION
10
223.141500
20
101.165000
30
0.0
11
223.616500
21
101.165000
31
0.0
0
LINE
8
SECTION
10
223.141500
20
101.165000
30
0.0
11
223.141500
21
102.135000
31
0.0
0
LINE
8
SECTION
10
223.141500
20
102.135000
30
0.0
11
223.991500
21
102.135000
31
0.0
0
LINE
8
SECTION
10
223.991500
20
101.165000
30
0.0
11
223.991500
21
102.135000
31
0.0
0
LINE
8
SECTION
10
223.616500
20
101.165000
30
0.0
11
223.991500
21
101.165000
31
0.0
0
LINE
8
SECTION
10
234.741500
20
101.165000
30
0.0
11
235.116500
21
101.165000
31
0.0
0
LINE
8
SECTION
10
234.741500
20
101.165000
30
0.0
11
234.741500
21
102.135000
31
0.0
0
LINE
8
SECTION
10
234.741500
20
102.135000
30
0.0
11
235.591500
21
102.135000
31
0.0
0
LINE
8
SECTION
10
235.591500
20
102.135000
30
0.0
11
235.591500
21
101.165000
31
0.0
0
LINE
8
SECTION
10
235.116500
20
101.165000
30
0.0
11
235.591500
21
101.165000
31
0.0
0
LINE
8
SECTION
10
232.216500
20
101.165000
30
0.0
11
232.216500
21
102.135000
31
0.0
0
LINE
8
SECTION
10
232.216500
20
102.135000
30
0.0
11
233.491500
21
102.135000
31
0.0
0
LINE
8
SECTION
10
233.491500
20
101.165000
30
0.0
11
233.491500
21
102.135000
31
0.0
0
LINE
8
SECTION
10
232.216500
20
101.165000
30
0.0
11
233.491500
21
101.165000
31
0.0
0
LINE
8
CENTER
10
105.537500
20
127.360447
30
0.0
11
107.389375
21
127.360447
31
0.0
0
LINE
8
CENTER
10
107.660625
20
127.360447
30
0.0
11
109.512500
21
127.360447
31
0.0
0
LINE
8
CENTER
10
107.525000
20
125.372947
30
0.0
11
107.525000
21
127.224822
31
0.0
0
LINE
8
CENTER
10
107.525000
20
127.496072
30
0.0
11
107.525000
21
129.347947
31
0.0
0
LINE
8
CENTER
10
130.537500
20
127.360447
30
0.0
11
132.389375
21
127.360447
31
0.0
0
LINE
8
CENTER
10
132.660625
20
127.360447
30
0.0
11
134.512500
21
127.360447
31
0.0
0
LINE
8
CENTER
10
132.525000
20
125.372947
30
0.0
11
132.525000
21
127.224822
31
0.0
0
LINE
8
CENTER
10
132.525000
20
127.496072
30
0.0
11
132.525000
21
129.347947
31
0.0
0
LINE
8
CENTER
10
112.725000
20
105.485447
30
0.0
11
114.585000
21
105.485447
31
0.0
0
LINE
8
CENTER
10
114.865000
20
105.485447
30
0.0
11
116.725000
21
105.485447
31
0.0
0
LINE
8
CENTER
10
114.725000
20
103.485447
30
0.0
11
114.725000
21
105.345447
31
0.0
0
LINE
8
CENTER
10
114.725000
20
105.625447
30
0.0
11
114.725000
21
107.485447
31
0.0
0
LINE
8
CENTER
10
123.325000
20
105.485447
30
0.0
11
125.185000
21
105.485447
31
0.0
0
LINE
8
CENTER
10
125.465000
20
105.485447
30
0.0
11
127.325000
21
105.485447
31
0.0
0
LINE
8
CENTER
10
125.325000
20
103.485447
30
0.0
11
125.325000
21
105.345447
31
0.0
0
LINE
8
CENTER
10
125.325000
20
105.625447
30
0.0
11
125.325000
21
107.485447
31
0.0
0
LINE
8
CENTER
10
114.300000
20
104.535447
30
0.0
11
116.160000
21
104.535447
31
0.0
0
LINE
8
CENTER
10
116.440000
20
104.535447
30
0.0
11
118.300000
21
104.535447
31
0.0
0
LINE
8
CENTER
10
116.300000
20
102.535447
30
0.0
11
116.300000
21
104.395447
31
0.0
0
LINE
8
CENTER
10
116.300000
20
104.675447
30
0.0
11
116.300000
21
106.535447
31
0.0
0
LINE
8
CENTER
10
121.750000
20
104.535447
30
0.0
11
123.610000
21
104.535447
31
0.0
0
LINE
8
CENTER
10
123.890000
20
104.535447
30
0.0
11
125.750000
21
104.535447
31
0.0
0
LINE
8
CENTER
10
123.750000
20
102.535447
30
0.0
11
123.750000
21
104.395447
31
0.0
0
LINE
8
CENTER
10
123.750000
20
104.675447
30
0.0
11
123.750000
21
106.535447
31
0.0
0
LINE
8
CENTER
10
114.300000
20
93.585447
30
0.0
11
116.160000
21
93.585447
31
0.0
0
LINE
8
CENTER
10
116.440000
20
93.585447
30
0.0
11
118.300000
21
93.585447
31
0.0
0
LINE
8
CENTER
10
116.300000
20
91.585447
30
0.0
11
116.300000
21
93.445447
31
0.0
0
LINE
8
CENTER
10
116.300000
20
93.725447
30
0.0
11
116.300000
21
95.585447
31
0.0
0
LINE
8
CENTER
10
121.750000
20
93.585447
30
0.0
11
123.610000
21
93.585447
31
0.0
0
LINE
8
CENTER
10
123.890000
20
93.585447
30
0.0
11
125.750000
21
93.585447
31
0.0
0
LINE
8
CENTER
10
123.750000
20
91.585447
30
0.0
11
123.750000
21
93.445447
31
0.0
0
LINE
8
CENTER
10
123.750000
20
93.725447
30
0.0
11
123.750000
21
95.585447
31
0.0
0
LINE
8
CENTER
10
112.725000
20
92.635447
30
0.0
11
114.585000
21
92.635447
31
0.0
0
LINE
8
CENTER
10
114.865000
20
92.635447
30
0.0
11
116.725000
21
92.635447
31
0.0
0
LINE
8
CENTER
10
114.725000
20
90.635447
30
0.0
11
114.725000
21
92.495447
31
0.0
0
LINE
8
CENTER
10
114.725000
20
92.775447
30
0.0
11
114.725000
21
94.635447
31
0.0
0
LINE
8
CENTER
10
123.325000
20
92.635447
30
0.0
11
125.185000
21
92.635447
31
0.0
0
LINE
8
CENTER
10
125.465000
20
92.635447
30
0.0
11
127.325000
21
92.635447
31
0.0
0
LINE
8
CENTER
10
125.325000
20
90.635447
30
0.0
11
125.325000
21
92.495447
31
0.0
0
LINE
8
CENTER
10
125.325000
20
92.775447
30
0.0
11
125.325000
21
94.635447
31
0.0
0
LINE
8
DIM
10
106.408500
20
86.267447
30
0.0
11
106.408500
21
73.467447
31
0.0
0
LINE
8
DIM
10
133.641500
20
86.267447
30
0.0
11
133.641500
21
73.467447
31
0.0
0
LINE
8
DIM
10
106.408500
20
75.467447
30
0.0
11
133.641500
21
75.467447
31
0.0
0
SOLID
8
DIM
10
106.408500
20
75.467447
30
0.0
11
109.608500
21
74.859447
31
0.0
12
109.608500
22
76.075447
32
0.0
13
109.608500
23
76.075447
33
0.0
0
SOLID
8
DIM
10
133.641500
20
75.467447
30
0.0
11
130.441500
21
76.075447
31
0.0
12
130.441500
22
74.859447
32
0.0
13
130.441500
23
74.859447
33
0.0
0
TEXT
8
TEXT
10
120.025000
20
76.467447
30
0.0
40
2.5000
1
54.47
72
1
73
0
11
120.025000
21
76.467447
31
0.0
0
LINE
8
DIM
10
105.208500
20
87.467447
30
0.0
11
92.408500
21
87.467447
31
0.0
0
LINE
8
DIM
10
105.208500
20
129.032553
30
0.0
11
92.408500
21
129.032553
31
0.0
0
LINE
8
DIM
10
94.408500
20
87.467447
30
0.0
11
94.408500
21
129.032553
31
0.0
0
SOLID
8
DIM
10
94.408500
20
87.467447
30
0.0
11
95.016500
21
90.667447
31
0.0
12
93.800500
22
90.667447
32
0.0
13
93.800500
23
90.667447
33
0.0
0
SOLID
8
DIM
10
94.408500
20
129.032553
30
0.0
11
93.800500
21
125.832553
31
0.0
12
95.016500
22
125.832553
32
0.0
13
95.016500
23
125.832553
33
0.0
0
TEXT
8
TEXT
10
93.408500
20
108.250000
30
0.0
40
2.5000
1
83.13
50
90.0000
72
1
73
0
11
93.408500
21
108.250000
31
0.0
0
SOLID
8
DIM
10
115.217529
20
106.115856
30
0.0
11
117.666756
21
108.263168
31
0.0
12
116.708535
22
109.011812
32
0.0
13
116.708535
23
109.011812
33
0.0
0
LINE
8
DIM
10
115.217529
20
106.115856
30
0.0
11
138.591014
21
136.032553
31
0.0
0
LINE
8
DIM
10
138.591014
20
136.032553
30
0.0
11
143.591014
21
136.032553
31
0.0
0
TEXT
8
TEXT
10
144.391014
20
137.032553
30
0.0
40
2.5000
1
8x Ø1.60 THRU
0
SOLID
8
DIM
10
108.017529
20
127.990856
30
0.0
11
110.466756
21
130.138168
31
0.0
12
109.508535
22
130.886812
32
0.0
13
109.508535
23
130.886812
33
0.0
0
LINE
8
DIM
10
108.017529
20
127.990856
30
0.0
11
119.085766
21
142.157553
31
0.0
0
LINE
8
DIM
10
119.085766
20
142.157553
30
0.0
11
124.085766
21
142.157553
31
0.0
0
TEXT
8
TEXT
10
124.885766
20
143.157553
30
0.0
40
2.5000
1
2x Ø1.55 x 7.80 DP
0
LINE
8
DIM
10
132.525000
20
126.160447
30
0.0
11
132.525000
21
66.467447
31
0.0
0
LINE
8
DIM
10
107.525000
20
126.160447
30
0.0
11
107.525000
21
66.467447
31
0.0
0
LINE
8
DIM
10
107.525000
20
68.467447
30
0.0
11
132.525000
21
68.467447
31
0.0
0
SOLID
8
DIM
10
107.525000
20
68.467447
30
0.0
11
110.725000
21
67.859447
31
0.0
12
110.725000
22
69.075447
32
0.0
13
110.725000
23
69.075447
33
0.0
0
SOLID
8
DIM
10
132.525000
20
68.467447
30
0.0
11
129.325000
21
69.075447
31
0.0
12
129.325000
22
67.859447
32
0.0
13
129.325000
23
67.859447
33
0.0
0
TEXT
8
TEXT
10
120.025000
20
69.467447
30
0.0
40
2.5000
1
50.00
72
1
73
0
11
120.025000
21
69.467447
31
0.0
0
TEXT
8
TEXT
10
120.025000
20
56.467447
30
0.0
40
4.0000
1
FRONT VIEW
72
1
73
0
11
120.025000
21
56.467447
31
0.0
0
LINE
8
TEXT
10
108.025000
20
54.867447
30
0.0
11
132.025000
21
54.867447
31
0.0
0
TEXT
8
TEXT
10
120.025000
20
50.467447
30
0.0
40
2.4000
1
-X →   Z ↑
72
1
73
0
11
120.025000
21
50.467447
31
0.0
0
LINE
8
CENTER
10
113.050000
20
202.282553
30
0.0
11
115.056250
21
202.282553
31
0.0
0
LINE
8
CENTER
10
115.493750
20
202.282553
30
0.0
11
117.500000
21
202.282553
31
0.0
0
LINE
8
CENTER
10
115.275000
20
200.057553
30
0.0
11
115.275000
21
202.063803
31
0.0
0
LINE
8
CENTER
10
115.275000
20
202.501303
30
0.0
11
115.275000
21
204.507553
31
0.0
0
LINE
8
CENTER
10
122.550000
20
202.282553
30
0.0
11
124.556250
21
202.282553
31
0.0
0
LINE
8
CENTER
10
124.993750
20
202.282553
30
0.0
11
127.000000
21
202.282553
31
0.0
0
LINE
8
CENTER
10
124.775000
20
200.057553
30
0.0
11
124.775000
21
202.063803
31
0.0
0
LINE
8
CENTER
10
124.775000
20
202.501303
30
0.0
11
124.775000
21
204.507553
31
0.0
0
LINE
8
DIM
10
106.408500
20
199.832553
30
0.0
11
106.408500
21
178.032553
31
0.0
0
LINE
8
DIM
10
133.641500
20
199.832553
30
0.0
11
133.641500
21
178.032553
31
0.0
0
LINE
8
DIM
10
106.408500
20
180.032553
30
0.0
11
133.641500
21
180.032553
31
0.0
0
SOLID
8
DIM
10
106.408500
20
180.032553
30
0.0
11
109.608500
21
179.424553
31
0.0
12
109.608500
22
180.640553
32
0.0
13
109.608500
23
180.640553
33
0.0
0
SOLID
8
DIM
10
133.641500
20
180.032553
30
0.0
11
130.441500
21
180.640553
31
0.0
12
130.441500
22
179.424553
32
0.0
13
130.441500
23
179.424553
33
0.0
0
TEXT
8
TEXT
10
120.025000
20
181.032553
30
0.0
40
2.5000
1
54.47
72
1
73
0
11
120.025000
21
181.032553
31
0.0
0
LINE
8
DIM
10
105.208500
20
201.032553
30
0.0
11
83.408500
21
201.032553
31
0.0
0
LINE
8
DIM
10
105.208500
20
209.532553
30
0.0
11
83.408500
21
209.532553
31
0.0
0
LINE
8
DIM
10
85.408500
20
201.032553
30
0.0
11
85.408500
21
209.532553
31
0.0
0
SOLID
8
DIM
10
85.408500
20
201.032553
30
0.0
11
84.800500
21
197.832553
31
0.0
12
86.016500
22
197.832553
32
0.0
13
86.016500
23
197.832553
33
0.0
0
SOLID
8
DIM
10
85.408500
20
209.532553
30
0.0
11
86.016500
21
212.732553
31
0.0
12
84.800500
22
212.732553
32
0.0
13
84.800500
23
212.732553
33
0.0
0
LINE
8
DIM
10
85.408500
20
209.532553
30
0.0
11
85.408500
21
219.132553
31
0.0
0
TEXT
8
TEXT
10
84.408500
20
219.932553
30
0.0
40
2.5000
1
17.00
50
90.0000
0
LINE
8
DIM
10
106.408500
20
202.232553
30
0.0
11
106.408500
21
218.532553
31
0.0
0
LINE
8
DIM
10
115.275000
20
202.232553
30
0.0
11
115.275000
21
218.532553
31
0.0
0
LINE
8
DIM
10
106.408500
20
216.532553
30
0.0
11
115.275000
21
216.532553
31
0.0
0
SOLID
8
DIM
10
106.408500
20
216.532553
30
0.0
11
103.208500
21
217.140553
31
0.0
12
103.208500
22
215.924553
32
0.0
13
103.208500
23
215.924553
33
0.0
0
SOLID
8
DIM
10
115.275000
20
216.532553
30
0.0
11
118.475000
21
215.924553
31
0.0
12
118.475000
22
217.140553
32
0.0
13
118.475000
23
217.140553
33
0.0
0
LINE
8
DIM
10
115.275000
20
216.532553
30
0.0
11
124.875000
21
216.532553
31
0.0
0
TEXT
8
TEXT
10
125.675000
20
216.932553
30
0.0
40
2.5000
1
17.73
0
LINE
8
DIM
10
107.608500
20
201.032553
30
0.0
11
143.641500
21
201.032553
31
0.0
0
LINE
8
DIM
10
107.608500
20
202.282553
30
0.0
11
143.641500
21
202.282553
31
0.0
0
LINE
8
DIM
10
141.641500
20
201.032553
30
0.0
11
141.641500
21
202.282553
31
0.0
0
SOLID
8
DIM
10
141.641500
20
201.032553
30
0.0
11
141.033500
21
197.832553
31
0.0
12
142.249500
22
197.832553
32
0.0
13
142.249500
23
197.832553
33
0.0
0
SOLID
8
DIM
10
141.641500
20
202.282553
30
0.0
11
142.249500
21
205.482553
31
0.0
12
141.033500
22
205.482553
32
0.0
13
141.033500
23
205.482553
33
0.0
0
LINE
8
DIM
10
141.641500
20
202.282553
30
0.0
11
141.641500
21
211.882553
31
0.0
0
TEXT
8
TEXT
10
140.641500
20
212.682553
30
0.0
40
2.5000
1
2.50
50
90.0000
0
LINE
8
DIM
10
106.408500
20
202.232553
30
0.0
11
106.408500
21
225.032553
31
0.0
0
LINE
8
DIM
10
124.775000
20
202.232553
30
0.0
11
124.775000
21
225.032553
31
0.0
0
LINE
8
DIM
10
106.408500
20
223.032553
30
0.0
11
124.775000
21
223.032553
31
0.0
0
SOLID
8
DIM
10
106.408500
20
223.032553
30
0.0
11
109.608500
21
222.424553
31
0.0
12
109.608500
22
223.640553
32
0.0
13
109.608500
23
223.640553
33
0.0
0
SOLID
8
DIM
10
124.775000
20
223.032553
30
0.0
11
121.575000
21
223.640553
31
0.0
12
121.575000
22
222.424553
32
0.0
13
121.575000
23
222.424553
33
0.0
0
TEXT
8
TEXT
10
115.591750
20
224.032553
30
0.0
40
2.5000
1
36.73
72
1
73
0
11
115.591750
21
224.032553
31
0.0
0
LINE
8
DIM
10
107.608500
20
201.032553
30
0.0
11
150.141500
21
201.032553
31
0.0
0
LINE
8
DIM
10
107.608500
20
202.282553
30
0.0
11
150.141500
21
202.282553
31
0.0
0
LINE
8
DIM
10
148.141500
20
201.032553
30
0.0
11
148.141500
21
202.282553
31
0.0
0
SOLID
8
DIM
10
148.141500
20
201.032553
30
0.0
11
147.533500
21
197.832553
31
0.0
12
148.749500
22
197.832553
32
0.0
13
148.749500
23
197.832553
33
0.0
0
SOLID
8
DIM
10
148.141500
20
202.282553
30
0.0
11
148.749500
21
205.482553
31
0.0
12
147.533500
22
205.482553
32
0.0
13
147.533500
23
205.482553
33
0.0
0
LINE
8
DIM
10
148.141500
20
202.282553
30
0.0
11
148.141500
21
211.882553
31
0.0
0
TEXT
8
TEXT
10
147.141500
20
212.682553
30
0.0
40
2.5000
1
2.50
50
90.0000
0
SOLID
8
DIM
10
115.767529
20
202.912961
30
0.0
11
118.216756
21
205.060274
31
0.0
12
117.258535
22
205.808918
32
0.0
13
117.258535
23
205.808918
33
0.0
0
LINE
8
DIM
10
115.767529
20
202.912961
30
0.0
11
138.908890
21
232.532553
31
0.0
0
LINE
8
DIM
10
138.908890
20
232.532553
30
0.0
11
143.908890
21
232.532553
31
0.0
0
TEXT
8
TEXT
10
144.708890
20
237.157553
30
0.0
40
2.5000
1
2x Ø2.50 THRU
0
TEXT
8
TEXT
10
144.708890
20
233.532553
30
0.0
40
2.5000
1
C'BORE Ø2.50x1.94 ?Z
0
TEXT
8
TEXT
10
120.025000
20
168.032553
30
0.0
40
4.0000
1
TOP VIEW
72
1
73
0
11
120.025000
21
168.032553
31
0.0
0
LINE
8
TEXT
10
110.425000
20
166.432553
30
0.0
11
129.625000
21
166.432553
31
0.0
0
TEXT
8
TEXT
10
120.025000
20
162.032553
30
0.0
40
2.4000
1
X →   Y ↑
72
1
73
0
11
120.025000
21
162.032553
31
0.0
0
LINE
8
DIM
10
176.641500
20
86.267447
30
0.0
11
176.641500
21
73.467447
31
0.0
0
LINE
8
DIM
10
185.141500
20
86.267447
30
0.0
11
185.141500
21
73.467447
31
0.0
0
LINE
8
DIM
10
176.641500
20
75.467447
30
0.0
11
185.141500
21
75.467447
31
0.0
0
SOLID
8
DIM
10
176.641500
20
75.467447
30
0.0
11
173.441500
21
76.075447
31
0.0
12
173.441500
22
74.859447
32
0.0
13
173.441500
23
74.859447
33
0.0
0
SOLID
8
DIM
10
185.141500
20
75.467447
30
0.0
11
188.341500
21
74.859447
31
0.0
12
188.341500
22
76.075447
32
0.0
13
188.341500
23
76.075447
33
0.0
0
LINE
8
DIM
10
185.141500
20
75.467447
30
0.0
11
194.741500
21
75.467447
31
0.0
0
TEXT
8
TEXT
10
195.541500
20
75.867447
30
0.0
40
2.5000
1
17.00
0
LINE
8
DIM
10
175.441500
20
87.467447
30
0.0
11
162.641500
21
87.467447
31
0.0
0
LINE
8
DIM
10
175.441500
20
129.032553
30
0.0
11
162.641500
21
129.032553
31
0.0
0
LINE
8
DIM
10
164.641500
20
87.467447
30
0.0
11
164.641500
21
129.032553
31
0.0
0
SOLID
8
DIM
10
164.641500
20
87.467447
30
0.0
11
165.249500
21
90.667447
31
0.0
12
164.033500
22
90.667447
32
0.0
13
164.033500
23
90.667447
33
0.0
0
SOLID
8
DIM
10
164.641500
20
129.032553
30
0.0
11
164.033500
21
125.832553
31
0.0
12
165.249500
22
125.832553
32
0.0
13
165.249500
23
125.832553
33
0.0
0
TEXT
8
TEXT
10
163.641500
20
108.250000
30
0.0
40
2.5000
1
83.13
50
90.0000
72
1
73
0
11
163.641500
21
108.250000
31
0.0
0
TEXT
8
TEXT
10
180.891500
20
63.467447
30
0.0
40
4.0000
1
RIGHT VIEW
72
1
73
0
11
180.891500
21
63.467447
31
0.0
0
LINE
8
TEXT
10
168.891500
20
61.867447
30
0.0
11
192.891500
21
61.867447
31
0.0
0
TEXT
8
TEXT
10
180.891500
20
57.467447
30
0.0
40
2.4000
1
-Y →   Z ↑
72
1
73
0
11
180.891500
21
57.467447
31
0.0
0
LINE
8
DIM
10
223.141500
20
99.965000
30
0.0
11
223.141500
21
87.165000
31
0.0
0
LINE
8
DIM
10
235.591500
20
99.965000
30
0.0
11
235.591500
21
87.165000
31
0.0
0
LINE
8
DIM
10
223.141500
20
89.165000
30
0.0
11
235.591500
21
89.165000
31
0.0
0
SOLID
8
DIM
10
223.141500
20
89.165000
30
0.0
11
219.941500
21
89.773000
31
0.0
12
219.941500
22
88.557000
32
0.0
13
219.941500
23
88.557000
33
0.0
0
SOLID
8
DIM
10
235.591500
20
89.165000
30
0.0
11
238.791500
21
88.557000
31
0.0
12
238.791500
22
89.773000
32
0.0
13
238.791500
23
89.773000
33
0.0
0
LINE
8
DIM
10
235.591500
20
89.165000
30
0.0
11
245.191500
21
89.165000
31
0.0
0
TEXT
8
TEXT
10
245.991500
20
89.565000
30
0.0
40
2.5000
1
24.90
0
LINE
8
DIM
10
221.941500
20
101.165000
30
0.0
11
209.141500
21
101.165000
31
0.0
0
LINE
8
DIM
10
221.941500
20
115.335000
30
0.0
11
209.141500
21
115.335000
31
0.0
0
LINE
8
DIM
10
211.141500
20
101.165000
30
0.0
11
211.141500
21
115.335000
31
0.0
0
SOLID
8
DIM
10
211.141500
20
101.165000
30
0.0
11
211.749500
21
104.365000
31
0.0
12
210.533500
22
104.365000
32
0.0
13
210.533500
23
104.365000
33
0.0
0
SOLID
8
DIM
10
211.141500
20
115.335000
30
0.0
11
210.533500
21
112.135000
31
0.0
12
211.749500
22
112.135000
32
0.0
13
211.749500
23
112.135000
33
0.0
0
TEXT
8
TEXT
10
210.141500
20
108.250000
30
0.0
40
2.5000
1
28.34
50
90.0000
72
1
73
0
11
210.141500
21
108.250000
31
0.0
0
LINE
8
HATCH
10
226.516499
20
114.365000
30
0.0
11
226.516500
21
114.365001
31
0.0
0
LINE
8
HATCH
10
223.991499
20
114.365000
30
0.0
11
223.991500
21
114.365001
31
0.0
0
LINE
8
HATCH
10
235.591499
20
114.365000
30
0.0
11
235.591500
21
114.365001
31
0.0
0
LINE
8
HATCH
10
233.491499
20
114.365000
30
0.0
11
233.491500
21
114.365001
31
0.0
0
LINE
8
HATCH
10
226.516499
20
101.165000
30
0.0
11
226.516500
21
101.165001
31
0.0
0
LINE
8
HATCH
10
223.991499
20
101.165000
30
0.0
11
223.991500
21
101.165001
31
0.0
0
LINE
8
HATCH
10
235.591499
20
101.165000
30
0.0
11
235.591500
21
101.165001
31
0.0
0
LINE
8
HATCH
10
233.491499
20
101.165000
30
0.0
11
233.491500
21
101.165001
31
0.0
0
LINE
8
DIM
10
223.141500
20
115.708416
30
0.0
11
223.141500
21
124.335000
31
0.0
0
LINE
8
DIM
10
223.991500
20
115.708416
30
0.0
11
223.991500
21
124.335000
31
0.0
0
LINE
8
DIM
10
223.141500
20
122.335000
30
0.0
11
223.991500
21
122.335000
31
0.0
0
SOLID
8
DIM
10
223.141500
20
122.335000
30
0.0
11
219.941500
21
122.943000
31
0.0
12
219.941500
22
121.727000
32
0.0
13
219.941500
23
121.727000
33
0.0
0
SOLID
8
DIM
10
223.991500
20
122.335000
30
0.0
11
227.191500
21
121.727000
31
0.0
12
227.191500
22
122.943000
32
0.0
13
227.191500
23
122.943000
33
0.0
0
LINE
8
DIM
10
223.991500
20
122.335000
30
0.0
11
233.591500
21
122.335000
31
0.0
0
TEXT
8
TEXT
10
234.391500
20
122.735000
30
0.0
40
2.5000
1
1.70 WALL
0
TEXT
8
TEXT
10
229.366500
20
81.000000
30
0.0
40
4.0000
1
SECTION A-A
72
1
73
0
11
229.366500
21
81.000000
31
0.0
0
LINE
8
TEXT
10
216.166500
20
79.400000
30
0.0
11
242.566500
21
79.400000
31
0.0
0
LINE
8
CUT
10
97.408500
20
202.282553
30
0.0
11
110.073740
21
202.282553
31
0.0
0
LINE
8
CUTTHIN
10
110.073740
20
202.282553
30
0.0
11
129.976260
21
202.282553
31
0.0
0
LINE
8
CUT
10
129.976260
20
202.282553
30
0.0
11
142.641500
21
202.282553
31
0.0
0
LINE
8
CUT
10
97.408500
20
202.282553
30
0.0
11
97.408500
21
193.282553
31
0.0
0
SOLID
8
CUT
10
97.408500
20
193.282553
30
0.0
11
98.206500
21
197.482553
31
0.0
12
96.610500
22
197.482553
32
0.0
13
96.610500
23
197.482553
33
0.0
0
TEXT
8
TEXT
10
97.408500
20
207.282553
30
0.0
40
4.0000
1
A
72
1
73
2
11
97.408500
21
207.282553
31
0.0
0
LINE
8
CUT
10
142.641500
20
202.282553
30
0.0
11
142.641500
21
193.282553
31
0.0
0
SOLID
8
CUT
10
142.641500
20
193.282553
30
0.0
11
143.439500
21
197.482553
31
0.0
12
141.843500
22
197.482553
32
0.0
13
141.843500
23
197.482553
33
0.0
0
TEXT
8
TEXT
10
142.641500
20
207.282553
30
0.0
40
4.0000
1
A
72
1
73
2
11
142.641500
21
207.282553
31
0.0
0
TEXT
8
TEXT
10
334.000000
20
276.500000
30
0.0
40
3.0000
1
HOLE TABLE — 10 POSITIONS
0
LINE
8
TITLE
10
334.000000
20
274.000000
30
0.0
11
396.520000
21
274.000000
31
0.0
0
TEXT
8
TITLE
10
335.500000
20
271.530000
30
0.0
40
2.2000
1
TAG
0
TEXT
8
TITLE
10
342.460000
20
271.530000
30
0.0
40
2.2000
1
SIZE
0
TEXT
8
TITLE
10
365.260000
20
271.530000
30
0.0
40
2.2000
1
X
0
TEXT
8
TITLE
10
376.180000
20
271.530000
30
0.0
40
2.2000
1
Z
0
TEXT
8
TITLE
10
387.100000
20
271.530000
30
0.0
40
2.2000
1
C'BORE
0
LINE
8
TITLE
10
334.000000
20
269.930000
30
0.0
11
396.520000
21
269.930000
31
0.0
0
TEXT
8
TEXT
10
335.500000
20
267.460000
30
0.0
40
2.2000
1
A1
0
TEXT
8
TEXT
10
342.460000
20
267.460000
30
0.0
40
2.2000
1
Ø1.55 x 7.80 DP
0
TEXT
8
TEXT
10
365.260000
20
267.460000
30
0.0
40
2.2000
1
25.00
0
TEXT
8
TEXT
10
376.180000
20
267.460000
30
0.0
40
2.2000
1
53.60
0
TEXT
8
TEXT
10
387.100000
20
267.460000
30
0.0
40
2.2000
1
-
0
TEXT
8
TEXT
10
335.500000
20
263.390000
30
0.0
40
2.2000
1
A2
0
TEXT
8
TEXT
10
342.460000
20
263.390000
30
0.0
40
2.2000
1
Ø1.55 x 7.80 DP
0
TEXT
8
TEXT
10
365.260000
20
263.390000
30
0.0
40
2.2000
1
-25.00
0
TEXT
8
TEXT
10
376.180000
20
263.390000
30
0.0
40
2.2000
1
53.60
0
TEXT
8
TEXT
10
387.100000
20
263.390000
30
0.0
40
2.2000
1
-
0
TEXT
8
TEXT
10
335.500000
20
259.320000
30
0.0
40
2.2000
1
A3
0
TEXT
8
TEXT
10
342.460000
20
259.320000
30
0.0
40
2.2000
1
Ø1.60 THRU
0
TEXT
8
TEXT
10
365.260000
20
259.320000
30
0.0
40
2.2000
1
10.60
0
TEXT
8
TEXT
10
376.180000
20
259.320000
30
0.0
40
2.2000
1
9.85
0
TEXT
8
TEXT
10
387.100000
20
259.320000
30
0.0
40
2.2000
1
-
0
TEXT
8
TEXT
10
335.500000
20
255.250000
30
0.0
40
2.2000
1
A4
0
TEXT
8
TEXT
10
342.460000
20
255.250000
30
0.0
40
2.2000
1
Ø1.60 THRU
0
TEXT
8
TEXT
10
365.260000
20
255.250000
30
0.0
40
2.2000
1
-10.60
0
TEXT
8
TEXT
10
376.180000
20
255.250000
30
0.0
40
2.2000
1
9.85
0
TEXT
8
TEXT
10
387.100000
20
255.250000
30
0.0
40
2.2000
1
-
0
TEXT
8
TEXT
10
335.500000
20
251.180000
30
0.0
40
2.2000
1
A5
0
TEXT
8
TEXT
10
342.460000
20
251.180000
30
0.0
40
2.2000
1
Ø1.60 THRU
0
TEXT
8
TEXT
10
365.260000
20
251.180000
30
0.0
40
2.2000
1
7.45
0
TEXT
8
TEXT
10
376.180000
20
251.180000
30
0.0
40
2.2000
1
7.95
0
TEXT
8
TEXT
10
387.100000
20
251.180000
30
0.0
40
2.2000
1
-
0
TEXT
8
TEXT
10
335.500000
20
247.110000
30
0.0
40
2.2000
1
A6
0
TEXT
8
TEXT
10
342.460000
20
247.110000
30
0.0
40
2.2000
1
Ø1.60 THRU
0
TEXT
8
TEXT
10
365.260000
20
247.110000
30
0.0
40
2.2000
1
-7.45
0
TEXT
8
TEXT
10
376.180000
20
247.110000
30
0.0
40
2.2000
1
7.95
0
TEXT
8
TEXT
10
387.100000
20
247.110000
30
0.0
40
2.2000
1
-
0
TEXT
8
TEXT
10
335.500000
20
243.040000
30
0.0
40
2.2000
1
A7
0
TEXT
8
TEXT
10
342.460000
20
243.040000
30
0.0
40
2.2000
1
Ø1.60 THRU
0
TEXT
8
TEXT
10
365.260000
20
243.040000
30
0.0
40
2.2000
1
7.45
0
TEXT
8
TEXT
10
376.180000
20
243.040000
30
0.0
40
2.2000
1
-13.95
0
TEXT
8
TEXT
10
387.100000
20
243.040000
30
0.0
40
2.2000
1
-
0
TEXT
8
TEXT
10
335.500000
20
238.970000
30
0.0
40
2.2000
1
A8
0
TEXT
8
TEXT
10
342.460000
20
238.970000
30
0.0
40
2.2000
1
Ø1.60 THRU
0
TEXT
8
TEXT
10
365.260000
20
238.970000
30
0.0
40
2.2000
1
-7.45
0
TEXT
8
TEXT
10
376.180000
20
238.970000
30
0.0
40
2.2000
1
-13.95
0
TEXT
8
TEXT
10
387.100000
20
238.970000
30
0.0
40
2.2000
1
-
0
TEXT
8
TEXT
10
335.500000
20
234.900000
30
0.0
40
2.2000
1
A9
0
TEXT
8
TEXT
10
342.460000
20
234.900000
30
0.0
40
2.2000
1
Ø1.60 THRU
0
TEXT
8
TEXT
10
365.260000
20
234.900000
30
0.0
40
2.2000
1
10.60
0
TEXT
8
TEXT
10
376.180000
20
234.900000
30
0.0
40
2.2000
1
-15.85
0
TEXT
8
TEXT
10
387.100000
20
234.900000
30
0.0
40
2.2000
1
-
0
TEXT
8
TEXT
10
335.500000
20
230.830000
30
0.0
40
2.2000
1
A10
0
TEXT
8
TEXT
10
342.460000
20
230.830000
30
0.0
40
2.2000
1
Ø1.60 THRU
0
TEXT
8
TEXT
10
365.260000
20
230.830000
30
0.0
40
2.2000
1
-10.60
0
TEXT
8
TEXT
10
376.180000
20
230.830000
30
0.0
40
2.2000
1
-15.85
0
TEXT
8
TEXT
10
387.100000
20
230.830000
30
0.0
40
2.2000
1
-
0
LINE
8
TITLE
10
334.000000
20
229.230000
30
0.0
11
396.520000
21
229.230000
31
0.0
0
LINE
8
TITLE
10
340.960000
20
229.230000
30
0.0
11
340.960000
21
274.000000
31
0.0
0
LINE
8
TITLE
10
363.760000
20
229.230000
30
0.0
11
363.760000
21
274.000000
31
0.0
0
LINE
8
TITLE
10
374.680000
20
229.230000
30
0.0
11
374.680000
21
274.000000
31
0.0
0
LINE
8
TITLE
10
385.600000
20
229.230000
30
0.0
11
385.600000
21
274.000000
31
0.0
0
LINE
8
TITLE
10
396.520000
20
229.230000
30
0.0
11
396.520000
21
274.000000
31
0.0
0
LINE
8
TITLE
10
334.000000
20
229.230000
30
0.0
11
334.000000
21
274.000000
31
0.0
0
TEXT
8
TITLE
10
334.000000
20
225.230000
30
0.0
40
1.9660
1
every row measured off the solid; positions are model
0
TEXT
8
TITLE
10
334.000000
20
222.280943
30
0.0
40
1.9660
1
coordinates, mm. C'BORE side is the face it opens on.
0
TEXT
8
TEXT
10
334.000000
20
212.331887
30
0.0
40
3.0000
1
NOTES
0
TEXT
8
TEXT
10
334.000000
20
207.731887
30
0.0
40
2.4000
1
1. ALL DIMENSIONS IN mm AND DEGREES. EVERY
0
TEXT
8
TEXT
10
334.000000
20
204.011887
30
0.0
40
2.4000
1
   DIMENSION AND EVERY HOLE CALLOUT WAS MEASURED
0
TEXT
8
TEXT
10
334.000000
20
200.291887
30
0.0
40
2.4000
1
   OFF THE SOLID.
0
TEXT
8
TEXT
10
334.000000
20
196.571887
30
0.0
40
2.4000
1
2. GENERAL TOLERANCE: CANNOT DETERMINE — THIS PART
0
TEXT
8
TEXT
10
334.000000
20
192.851887
30
0.0
40
2.4000
1
   DECLARES NO PROCESS THIS REPO CAN READ.
0
TEXT
8
TEXT
10
334.000000
20
189.131887
30
0.0
40
2.4000
1
3. SECTION A-A AT Y=20.50: THINNEST MATERIAL FOUND
0
TEXT
8
TEXT
10
334.000000
20
185.411887
30
0.0
40
2.4000
1
   BY SCAN 1.70 mm, AT X=11.60, Z=41.02.
0
LINE
8
FRAME
10
224.000000
20
10.000000
30
0.0
11
410.000000
21
10.000000
31
0.0
0
LINE
8
FRAME
10
410.000000
20
10.000000
30
0.0
11
410.000000
21
66.000000
31
0.0
0
LINE
8
FRAME
10
410.000000
20
66.000000
30
0.0
11
224.000000
21
66.000000
31
0.0
0
LINE
8
FRAME
10
224.000000
20
66.000000
30
0.0
11
224.000000
21
10.000000
31
0.0
0
LINE
8
TITLE
10
224.000000
20
53.000000
30
0.0
11
410.000000
21
53.000000
31
0.0
0
LINE
8
TITLE
10
224.000000
20
19.000000
30
0.0
11
410.000000
21
19.000000
31
0.0
0
LINE
8
TITLE
10
224.000000
20
27.500000
30
0.0
11
410.000000
21
27.500000
31
0.0
0
LINE
8
TITLE
10
224.000000
20
36.000000
30
0.0
11
410.000000
21
36.000000
31
0.0
0
LINE
8
TITLE
10
224.000000
20
44.500000
30
0.0
11
410.000000
21
44.500000
31
0.0
0
TEXT
8
TEXT
10
226.500000
20
59.500000
30
0.0
40
6.0000
1
MICRODUCK-POWER-SUPPORT
72
0
73
2
11
226.500000
21
59.500000
31
0.0
0
LINE
8
TITLE
10
390.000000
20
53.000000
30
0.0
11
390.000000
21
66.000000
31
0.0
0
TEXT
8
TITLE
10
400.000000
20
63.600000
30
0.0
40
1.7000
1
REV
72
1
73
0
11
400.000000
21
63.600000
31
0.0
0
TEXT
8
TEXT
10
400.000000
20
55.000000
30
0.0
40
5.2000
1
A
72
1
73
0
11
400.000000
21
55.000000
31
0.0
0
LINE
8
TITLE
10
360.000000
20
53.000000
30
0.0
11
360.000000
21
66.000000
31
0.0
0
CIRCLE
8
TITLE
10
366.500000
20
59.500000
30
0.0
40
3.500000
0
CIRCLE
8
TITLE
10
366.500000
20
59.500000
30
0.0
40
1.960000
0
LINE
8
TITLE
10
376.300000
20
56.000000
30
0.0
11
376.300000
21
63.000000
31
0.0
0
LINE
8
TITLE
10
376.300000
20
63.000000
30
0.0
11
382.250000
21
61.460000
31
0.0
0
LINE
8
TITLE
10
382.250000
20
61.460000
30
0.0
11
382.250000
21
57.540000
31
0.0
0
LINE
8
TITLE
10
382.250000
20
57.540000
30
0.0
11
376.300000
21
56.000000
31
0.0
0
LINE
8
CENTER
10
361.500000
20
59.500000
30
0.0
11
383.750000
21
59.500000
31
0.0
0
LINE
8
TITLE
10
288.000000
20
19.000000
30
0.0
11
288.000000
21
53.000000
31
0.0
0
LINE
8
TITLE
10
352.000000
20
19.000000
30
0.0
11
352.000000
21
53.000000
31
0.0
0
TEXT
8
TITLE
10
225.600000
20
50.600000
30
0.0
40
1.7000
1
MATERIAL
0
TEXT
8
TEXT
10
225.600000
20
45.900000
30
0.0
40
2.5000
1
PLA
0
TEXT
8
TITLE
10
289.600000
20
50.600000
30
0.0
40
1.7000
1
PROCESS
0
TEXT
8
TEXT
10
289.600000
20
45.900000
30
0.0
40
2.5000
1
-
0
TEXT
8
TITLE
10
353.600000
20
50.600000
30
0.0
40
1.7000
1
SCALE
0
TEXT
8
TEXT
10
353.600000
20
45.900000
30
0.0
40
2.5000
1
1:2
0
TEXT
8
TITLE
10
225.600000
20
42.100000
30
0.0
40
1.7000
1
CATEGORY
0
TEXT
8
TEXT
10
225.600000
20
37.400000
30
0.0
40
2.5000
1
-
0
TEXT
8
TITLE
10
257.600000
20
42.100000
30
0.0
40
1.7000
1
GENERAL TOL
0
TEXT
8
TEXT
10
257.600000
20
37.400000
30
0.0
40
2.5000
1
SEE NOTES
0
LINE
8
TITLE
10
256.000000
20
36.000000
30
0.0
11
256.000000
21
44.500000
31
0.0
0
TEXT
8
TITLE
10
289.600000
20
42.100000
30
0.0
40
1.7000
1
FINISH
0
TEXT
8
TEXT
10
289.600000
20
37.400000
30
0.0
40
2.5000
1
AS PRINTED
0
TEXT
8
TITLE
10
353.600000
20
42.100000
30
0.0
40
1.7000
1
SHEET
0
TEXT
8
TEXT
10
353.600000
20
37.400000
30
0.0
40
2.5000
1
A3  1/1
0
TEXT
8
TITLE
10
225.600000
20
33.600000
30
0.0
40
1.7000
1
VOLUME (MEASURED)
0
TEXT
8
TEXT
10
225.600000
20
28.900000
30
0.0
40
2.5000
1
10.78 cm3
0
TEXT
8
TITLE
10
289.600000
20
33.600000
30
0.0
40
1.7000
1
MASS (ASSUMES PLA)
0
TEXT
8
TEXT
10
289.600000
20
28.900000
30
0.0
40
2.5000
1
13.4 g
0
TEXT
8
TITLE
10
353.600000
20
33.600000
30
0.0
40
1.7000
1
UNITS
0
TEXT
8
TEXT
10
353.600000
20
28.900000
30
0.0
40
2.5000
1
mm / deg
0
TEXT
8
TITLE
10
225.600000
20
25.100000
30
0.0
40
1.7000
1
SIZE (BBOX, MEASURED)
0
TEXT
8
TEXT
10
225.600000
20
20.400000
30
0.0
40
2.5000
1
54.47 x 17.00 x 83.13
0
TEXT
8
TITLE
10
289.600000
20
25.100000
30
0.0
40
1.7000
1
DRAWN
0
TEXT
8
TEXT
10
289.600000
20
20.400000
30
0.0
40
2.5000
1
ce-cad  2026-09-02
0
TEXT
8
TITLE
10
353.600000
20
25.100000
30
0.0
40
1.7000
1
PROJECTION
0
TEXT
8
TEXT
10
353.600000
20
20.400000
30
0.0
40
2.5000
1
THIRD ANGLE
0
TEXT
8
TITLE
10
225.600000
20
16.600000
30
0.0
40
1.7000
1
SOURCE (DESIGN FILE)
0
TEXT
8
TEXT
10
225.600000
20
11.400000
30
0.0
40
2.6000
1
ce-parts/microduck-power-support/current/cad/part.py
0
TEXT
8
TEXT
10
12.500000
20
280.500000
30
0.0
40
4.2000
1
microduck-power-support   SCALE 1:2   A3   THIRD ANGLE
0
ENDSEC
0
EOF
