ISO-10303-21;
HEADER;
FILE_DESCRIPTION(('FreeCAD Model'),'2;1');
FILE_NAME('Open CASCADE Shape Model','2026-09-02T23:17:29',('FreeCAD'),(
    'FreeCAD'),'Open CASCADE STEP processor 7.8','FreeCAD','Unknown');
FILE_SCHEMA(('AUTOMOTIVE_DESIGN { 1 0 10303 214 1 1 1 1 }'));
ENDSEC;
DATA;
#1 = APPLICATION_PROTOCOL_DEFINITION('international standard',
  'automotive_design',2000,#2);
#2 = APPLICATION_CONTEXT(
  'core data for automotive mechanical design processes');
#3 = SHAPE_DEFINITION_REPRESENTATION(#4,#10);
#4 = PRODUCT_DEFINITION_SHAPE('','',#5);
#5 = PRODUCT_DEFINITION('design','',#6,#9);
#6 = PRODUCT_DEFINITION_FORMATION('','',#7);
#7 = PRODUCT('Open CASCADE STEP translator 7.8 9',
  'Open CASCADE STEP translator 7.8 9','',(#8));
#8 = PRODUCT_CONTEXT('',#2,'mechanical');
#9 = PRODUCT_DEFINITION_CONTEXT('part definition',#2,'design');
#10 = ADVANCED_BREP_SHAPE_REPRESENTATION('',(#11,#15),#5187);
#11 = AXIS2_PLACEMENT_3D('',#12,#13,#14);
#12 = CARTESIAN_POINT('',(0.,0.,0.));
#13 = DIRECTION('',(0.,0.,1.));
#14 = DIRECTION('',(1.,0.,-0.));
#15 = MANIFOLD_SOLID_BREP('',#16);
#16 = CLOSED_SHELL('',(#17,#57,#88,#119,#1371,#2623,#2640,#2657,#2674,
    #2691,#2708,#2725,#2742,#2759,#2776,#2793,#2810,#2827,#2844,#2861,
    #2878,#2895,#2912,#2929,#2946,#2963,#2980,#2997,#3014,#3031,#3048,
    #3065,#3082,#3099,#3116,#3133,#3150,#3167,#3184,#3201,#3218,#3235,
    #3252,#3269,#3286,#3303,#3320,#3337,#3354,#3371,#3388,#3405,#3422,
    #3439,#3456,#3473,#3490,#3507,#3524,#3541,#3558,#3575,#3592,#3609,
    #3626,#3643,#3660,#3677,#3694,#3711,#3728,#3745,#3762,#3779,#3796,
    #3813,#3830,#3847,#3864,#3881,#3898,#3915,#3932,#3949,#3966,#3983,
    #4000,#4017,#4034,#4051,#4068,#4085,#4097,#4114,#4136,#4153,#4170,
    #4187,#4204,#4221,#4238,#4255,#4272,#4289,#4306,#4328,#4345,#4362,
    #4379,#4396,#4413,#4430,#4447,#4464,#4481,#4498,#4510,#4527,#4544,
    #4561,#4578,#4600,#4617,#4634,#4651,#4668,#4680,#4702,#4719,#4736,
    #4753,#4770,#4787,#4804,#4821,#4838,#4855,#4872,#4889,#4906,#4923,
    #4940,#4957,#4974,#4991,#5008,#5025,#5042,#5059,#5076,#5093,#5110,
    #5127,#5144,#5156,#5173));
#17 = ADVANCED_FACE('',(#18),#52,.T.);
#18 = FACE_BOUND('',#19,.T.);
#19 = EDGE_LOOP('',(#20,#30,#38,#46));
#20 = ORIENTED_EDGE('',*,*,#21,.T.);
#21 = EDGE_CURVE('',#22,#24,#26,.T.);
#22 = VERTEX_POINT('',#23);
#23 = CARTESIAN_POINT('',(42.5,10.001597199518,4.579088714864));
#24 = VERTEX_POINT('',#25);
#25 = CARTESIAN_POINT('',(43.5,10.001597199518,4.579088714864));
#26 = LINE('',#27,#28);
#27 = CARTESIAN_POINT('',(42.5,10.001597199518,4.579088714864));
#28 = VECTOR('',#29,1.);
#29 = DIRECTION('',(1.,0.,-2.22044604925E-16));
#30 = ORIENTED_EDGE('',*,*,#31,.T.);
#31 = EDGE_CURVE('',#24,#32,#34,.T.);
#32 = VERTEX_POINT('',#33);
#33 = CARTESIAN_POINT('',(43.5,10.449317729603,3.436823967823));
#34 = LINE('',#35,#36);
#35 = CARTESIAN_POINT('',(43.5,10.001597199518,4.579088714864));
#36 = VECTOR('',#37,1.);
#37 = DIRECTION('',(-8.103019699936E-17,0.364927565012,-0.931035913536)
  );
#38 = ORIENTED_EDGE('',*,*,#39,.F.);
#39 = EDGE_CURVE('',#40,#32,#42,.T.);
#40 = VERTEX_POINT('',#41);
#41 = CARTESIAN_POINT('',(42.5,10.449317729603,3.436823967823));
#42 = LINE('',#43,#44);
#43 = CARTESIAN_POINT('',(42.5,10.449317729603,3.436823967823));
#44 = VECTOR('',#45,1.);
#45 = DIRECTION('',(1.,0.,-2.22044604925E-16));
#46 = ORIENTED_EDGE('',*,*,#47,.F.);
#47 = EDGE_CURVE('',#22,#40,#48,.T.);
#48 = LINE('',#49,#50);
#49 = CARTESIAN_POINT('',(42.5,10.001597199518,4.579088714864));
#50 = VECTOR('',#51,1.);
#51 = DIRECTION('',(-8.103019699936E-17,0.364927565012,-0.931035913536)
  );
#52 = PLANE('',#53);
#53 = AXIS2_PLACEMENT_3D('',#54,#55,#56);
#54 = CARTESIAN_POINT('',(42.5,10.001597199518,4.579088714864));
#55 = DIRECTION('',(-2.067315015922E-16,0.931035913536,0.364927565012));
#56 = DIRECTION('',(-8.103019699936E-17,0.364927565012,-0.931035913536)
  );
#57 = ADVANCED_FACE('',(#58),#83,.T.);
#58 = FACE_BOUND('',#59,.T.);
#59 = EDGE_LOOP('',(#60,#70,#76,#77));
#60 = ORIENTED_EDGE('',*,*,#61,.T.);
#61 = EDGE_CURVE('',#62,#64,#66,.T.);
#62 = VERTEX_POINT('',#63);
#63 = CARTESIAN_POINT('',(42.5,10.,19.));
#64 = VERTEX_POINT('',#65);
#65 = CARTESIAN_POINT('',(43.5,10.,19.));
#66 = LINE('',#67,#68);
#67 = CARTESIAN_POINT('',(42.5,10.,19.));
#68 = VECTOR('',#69,1.);
#69 = DIRECTION('',(1.,0.,-2.22044604925E-16));
#70 = ORIENTED_EDGE('',*,*,#71,.T.);
#71 = EDGE_CURVE('',#64,#24,#72,.T.);
#72 = LINE('',#73,#74);
#73 = CARTESIAN_POINT('',(43.5,10.,19.));
#74 = VECTOR('',#75,1.);
#75 = DIRECTION('',(-2.459272695869E-20,1.107557959674E-04,
    -0.999999993867));
#76 = ORIENTED_EDGE('',*,*,#21,.F.);
#77 = ORIENTED_EDGE('',*,*,#78,.F.);
#78 = EDGE_CURVE('',#62,#22,#79,.T.);
#79 = LINE('',#80,#81);
#80 = CARTESIAN_POINT('',(42.5,10.,19.));
#81 = VECTOR('',#82,1.);
#82 = DIRECTION('',(-2.459272695869E-20,1.107557959674E-04,
    -0.999999993867));
#83 = PLANE('',#84);
#84 = AXIS2_PLACEMENT_3D('',#85,#86,#87);
#85 = CARTESIAN_POINT('',(42.5,10.,19.));
#86 = DIRECTION('',(-2.220446035631E-16,0.999999993867,
    1.107557959672E-04));
#87 = DIRECTION('',(-2.459272695869E-20,1.107557959674E-04,
    -0.999999993867));
#88 = ADVANCED_FACE('',(#89),#114,.T.);
#89 = FACE_BOUND('',#90,.T.);
#90 = EDGE_LOOP('',(#91,#92,#100,#108));
#91 = ORIENTED_EDGE('',*,*,#39,.T.);
#92 = ORIENTED_EDGE('',*,*,#93,.T.);
#93 = EDGE_CURVE('',#32,#94,#96,.T.);
#94 = VERTEX_POINT('',#95);
#95 = CARTESIAN_POINT('',(43.5,10.76705026484,2.251805629803));
#96 = LINE('',#97,#98);
#97 = CARTESIAN_POINT('',(43.5,10.449317729603,3.436823967823));
#98 = VECTOR('',#99,1.);
#99 = DIRECTION('',(-5.750446582928E-17,0.258977090881,-0.965883464192)
  );
#100 = ORIENTED_EDGE('',*,*,#101,.F.);
#101 = EDGE_CURVE('',#102,#94,#104,.T.);
#102 = VERTEX_POINT('',#103);
#103 = CARTESIAN_POINT('',(42.5,10.76705026484,2.251805629803));
#104 = LINE('',#105,#106);
#105 = CARTESIAN_POINT('',(42.5,10.76705026484,2.251805629803));
#106 = VECTOR('',#107,1.);
#107 = DIRECTION('',(1.,0.,-2.22044604925E-16));
#108 = ORIENTED_EDGE('',*,*,#109,.F.);
#109 = EDGE_CURVE('',#40,#102,#110,.T.);
#110 = LINE('',#111,#112);
#111 = CARTESIAN_POINT('',(42.5,10.449317729603,3.436823967823));
#112 = VECTOR('',#113,1.);
#113 = DIRECTION('',(-5.750446582928E-17,0.258977090881,-0.965883464192)
  );
#114 = PLANE('',#115);
#115 = AXIS2_PLACEMENT_3D('',#116,#117,#118);
#116 = CARTESIAN_POINT('',(42.5,10.449317729603,3.436823967823));
#117 = DIRECTION('',(-2.144692122101E-16,0.965883464192,0.258977090881)
  );
#118 = DIRECTION('',(-5.750446582928E-17,0.258977090881,-0.965883464192)
  );
#119 = ADVANCED_FACE('',(#120,#819,#830,#1034,#1045,#1056,#1067,#1078,
    #1129,#1355),#1366,.T.);
#120 = FACE_BOUND('',#121,.T.);
#121 = EDGE_LOOP('',(#122,#123,#124,#132,#140,#148,#156,#164,#172,#180,
    #188,#196,#204,#212,#220,#228,#236,#244,#252,#260,#268,#276,#284,
    #292,#300,#308,#316,#324,#332,#340,#348,#356,#364,#372,#380,#388,
    #396,#404,#412,#420,#428,#436,#444,#452,#460,#468,#476,#484,#492,
    #500,#508,#516,#524,#532,#540,#548,#556,#564,#572,#580,#588,#596,
    #604,#612,#620,#628,#636,#644,#652,#660,#668,#676,#684,#692,#700,
    #708,#716,#724,#732,#740,#748,#756,#764,#772,#780,#788,#796,#804,
    #812,#818));
#122 = ORIENTED_EDGE('',*,*,#47,.T.);
#123 = ORIENTED_EDGE('',*,*,#109,.T.);
#124 = ORIENTED_EDGE('',*,*,#125,.T.);
#125 = EDGE_CURVE('',#102,#126,#128,.T.);
#126 = VERTEX_POINT('',#127);
#127 = CARTESIAN_POINT('',(42.5,10.950842258639,1.038775156811));
#128 = LINE('',#129,#130);
#129 = CARTESIAN_POINT('',(42.5,10.76705026484,2.251805629803));
#130 = VECTOR('',#131,1.);
#131 = DIRECTION('',(-3.326338745649E-17,0.149804979354,-0.988715564842)
  );
#132 = ORIENTED_EDGE('',*,*,#133,.T.);
#133 = EDGE_CURVE('',#126,#134,#136,.T.);
#134 = VERTEX_POINT('',#135);
#135 = CARTESIAN_POINT('',(42.5,10.998407365292,-0.187177528255));
#136 = LINE('',#137,#138);
#137 = CARTESIAN_POINT('',(42.5,10.950842258639,1.038775156811));
#138 = VECTOR('',#139,1.);
#139 = DIRECTION('',(-8.608517375081E-18,3.876931564263E-02,
    -0.999248187471));
#140 = ORIENTED_EDGE('',*,*,#141,.T.);
#141 = EDGE_CURVE('',#134,#142,#144,.T.);
#142 = VERTEX_POINT('',#143);
#143 = CARTESIAN_POINT('',(42.5,10.909153881782,-1.410801752057));
#144 = LINE('',#145,#146);
#145 = CARTESIAN_POINT('',(42.5,10.998407365292,-0.187177528255));
#146 = VECTOR('',#147,1.);
#147 = DIRECTION('',(1.615344141214E-17,-7.274863272445E-02,
    -0.997350307784));
#148 = ORIENTED_EDGE('',*,*,#149,.T.);
#149 = EDGE_CURVE('',#142,#150,#152,.T.);
#150 = VERTEX_POINT('',#151);
#151 = CARTESIAN_POINT('',(42.5,10.684192108478,-2.616875806974));
#152 = LINE('',#153,#154);
#153 = CARTESIAN_POINT('',(42.5,10.909153881782,-1.410801752057));
#154 = VECTOR('',#155,1.);
#155 = DIRECTION('',(4.071445373439E-17,-0.183361598667,-0.983045535128)
  );
#156 = ORIENTED_EDGE('',*,*,#157,.T.);
#157 = EDGE_CURVE('',#150,#158,#160,.T.);
#158 = VERTEX_POINT('',#159);
#159 = CARTESIAN_POINT('',(42.5,10.326320537168,-3.79039630694));
#160 = LINE('',#161,#162);
#161 = CARTESIAN_POINT('',(42.5,10.684192108478,-2.616875806974));
#162 = VECTOR('',#163,1.);
#163 = DIRECTION('',(6.476898416574E-17,-0.291693572954,-0.956511818796)
  );
#164 = ORIENTED_EDGE('',*,*,#165,.T.);
#165 = EDGE_CURVE('',#158,#166,#168,.T.);
#166 = VERTEX_POINT('',#167);
#167 = CARTESIAN_POINT('',(42.5,9.839991038218,-4.916764827382));
#168 = LINE('',#169,#170);
#169 = CARTESIAN_POINT('',(42.5,10.326320537168,-3.79039630694));
#170 = VECTOR('',#171,1.);
#171 = DIRECTION('',(8.801779784142E-17,-0.396396921561,-0.918079234368)
  );
#172 = ORIENTED_EDGE('',*,*,#173,.T.);
#173 = EDGE_CURVE('',#166,#174,#176,.T.);
#174 = VERTEX_POINT('',#175);
#175 = CARTESIAN_POINT('',(42.5,9.23125347996,-5.981969507506));
#176 = LINE('',#177,#178);
#177 = CARTESIAN_POINT('',(42.5,9.839991038218,-4.916764827382));
#178 = VECTOR('',#179,1.);
#179 = DIRECTION('',(1.101716828961E-16,-0.496169150038,-0.86822587761)
  );
#180 = ORIENTED_EDGE('',*,*,#181,.T.);
#181 = EDGE_CURVE('',#174,#182,#184,.T.);
#182 = VERTEX_POINT('',#183);
#183 = CARTESIAN_POINT('',(42.5,8.507680469201,-6.972759355806));
#184 = LINE('',#185,#186);
#185 = CARTESIAN_POINT('',(42.5,9.23125347996,-5.981969507506));
#186 = VECTOR('',#187,1.);
#187 = DIRECTION('',(1.309550482174E-16,-0.589769106354,-0.807571917039)
  );
#188 = ORIENTED_EDGE('',*,*,#189,.T.);
#189 = EDGE_CURVE('',#182,#190,#192,.T.);
#190 = VERTEX_POINT('',#191);
#191 = CARTESIAN_POINT('',(42.5,7.678273149101,-7.876809090476));
#192 = LINE('',#193,#194);
#193 = CARTESIAN_POINT('',(42.5,8.507680469201,-6.972759355806));
#194 = VECTOR('',#195,1.);
#195 = DIRECTION('',(1.501093517593E-16,-0.676032420648,-0.736871879116)
  );
#196 = ORIENTED_EDGE('',*,*,#197,.T.);
#197 = EDGE_CURVE('',#190,#198,#200,.T.);
#198 = VERTEX_POINT('',#199);
#199 = CARTESIAN_POINT('',(42.5,6.753349226254,-8.682872464125));
#200 = LINE('',#201,#202);
#201 = CARTESIAN_POINT('',(42.5,7.678273149101,-7.876809090476));
#202 = VECTOR('',#203,1.);
#203 = DIRECTION('',(1.67396316768E-16,-0.75388598982,-0.657005262044));
#204 = ORIENTED_EDGE('',*,*,#205,.T.);
#205 = EDGE_CURVE('',#198,#206,#208,.T.);
#206 = VERTEX_POINT('',#207);
#207 = CARTESIAN_POINT('',(42.5,5.744414619921,-9.380922165461));
#208 = LINE('',#209,#210);
#209 = CARTESIAN_POINT('',(42.5,6.753349226254,-8.682872464125));
#210 = VECTOR('',#211,1.);
#211 = DIRECTION('',(1.826008959095E-16,-0.822361326776,-0.568965594939)
  );
#212 = ORIENTED_EDGE('',*,*,#213,.T.);
#213 = EDGE_CURVE('',#206,#214,#216,.T.);
#214 = VERTEX_POINT('',#215);
#215 = CARTESIAN_POINT('',(42.5,4.664020330062,-9.962274557588));
#216 = LINE('',#217,#218);
#217 = CARTESIAN_POINT('',(42.5,5.744414619921,-9.380922165461));
#218 = VECTOR('',#219,1.);
#219 = DIRECTION('',(1.955339464277E-16,-0.88060660827,-0.473848078471)
  );
#220 = ORIENTED_EDGE('',*,*,#221,.T.);
#221 = EDGE_CURVE('',#214,#222,#224,.T.);
#222 = VERTEX_POINT('',#223);
#223 = CARTESIAN_POINT('',(42.5,3.525606304721,-10.41969770118));
#224 = LINE('',#225,#226);
#225 = CARTESIAN_POINT('',(42.5,4.664020330062,-9.962274557588));
#226 = VECTOR('',#227,1.);
#227 = DIRECTION('',(2.060345830527E-16,-0.927897271461,-0.372835960731)
  );
#228 = ORIENTED_EDGE('',*,*,#229,.T.);
#229 = EDGE_CURVE('',#222,#230,#232,.T.);
#230 = VERTEX_POINT('',#231);
#231 = CARTESIAN_POINT('',(42.5,2.343334249025,-10.74750131878));
#232 = LINE('',#233,#234);
#233 = CARTESIAN_POINT('',(42.5,3.525606304721,-10.41969770118));
#234 = VECTOR('',#235,1.);
#235 = DIRECTION('',(2.139721793898E-16,-0.963645027368,-0.267185817793)
  );
#236 = ORIENTED_EDGE('',*,*,#237,.T.);
#237 = EDGE_CURVE('',#230,#238,#240,.T.);
#238 = VERTEX_POINT('',#239);
#239 = CARTESIAN_POINT('',(42.5,1.131911455628,-10.941607581));
#240 = LINE('',#241,#242);
#241 = CARTESIAN_POINT('',(42.5,2.343334249025,-10.74750131878));
#242 = VECTOR('',#243,1.);
#243 = DIRECTION('',(2.192479928937E-16,-0.987405179098,-0.158211922088)
  );
#244 = ORIENTED_EDGE('',*,*,#245,.T.);
#245 = EDGE_CURVE('',#238,#246,#248,.T.);
#246 = VERTEX_POINT('',#247);
#247 = CARTESIAN_POINT('',(42.5,-9.35921518733E-02,-10.99960183411));
#248 = LINE('',#249,#250);
#249 = CARTESIAN_POINT('',(42.5,1.131911455628,-10.941607581));
#250 = VECTOR('',#251,1.);
#251 = DIRECTION('',(2.217963932106E-16,-0.998882153815,
    -4.726989305191E-02));
#252 = ORIENTED_EDGE('',*,*,#253,.T.);
#253 = EDGE_CURVE('',#246,#254,#256,.T.);
#254 = VERTEX_POINT('',#255);
#255 = CARTESIAN_POINT('',(42.5,-1.317931486599,-10.92076263805));
#256 = LINE('',#257,#258);
#257 = CARTESIAN_POINT('',(42.5,-9.35921518733E-02,-10.99960183411));
#258 = VECTOR('',#259,1.);
#259 = DIRECTION('',(2.215856786107E-16,-0.997933179622,
    6.426016658803E-02));
#260 = ORIENTED_EDGE('',*,*,#261,.T.);
#261 = EDGE_CURVE('',#254,#262,#264,.T.);
#262 = VERTEX_POINT('',#263);
#263 = CARTESIAN_POINT('',(42.5,-2.525875945053,-10.70607074094));
#264 = LINE('',#265,#266);
#265 = CARTESIAN_POINT('',(42.5,-1.317931486599,-10.92076263805));
#266 = VECTOR('',#267,1.);
#267 = DIRECTION('',(2.18618470353E-16,-0.984570061618,0.174990839089));
#268 = ORIENTED_EDGE('',*,*,#269,.T.);
#269 = EDGE_CURVE('',#262,#270,#272,.T.);
#270 = VERTEX_POINT('',#271);
#271 = CARTESIAN_POINT('',(42.5,-3.702398873622,-10.35819687883));
#272 = LINE('',#273,#274);
#273 = CARTESIAN_POINT('',(42.5,-2.525875945053,-10.70607074094));
#274 = VECTOR('',#275,1.);
#275 = DIRECTION('',(2.129316800773E-16,-0.958959035052,0.283544650968)
  );
#276 = ORIENTED_EDGE('',*,*,#277,.T.);
#277 = EDGE_CURVE('',#270,#278,#280,.T.);
#278 = VERTEX_POINT('',#279);
#279 = CARTESIAN_POINT('',(42.5,-4.832864497956,-9.881468552012));
#280 = LINE('',#281,#282);
#281 = CARTESIAN_POINT('',(42.5,-3.702398873622,-10.35819687883));
#282 = VECTOR('',#283,1.);
#283 = DIRECTION('',(2.045960506287E-16,-0.921418697373,0.388571208573)
  );
#284 = ORIENTED_EDGE('',*,*,#285,.T.);
#285 = EDGE_CURVE('',#278,#286,#288,.T.);
#286 = VERTEX_POINT('',#287);
#287 = CARTESIAN_POINT('',(42.5,-5.903209989883,-9.281816191637));
#288 = LINE('',#289,#290);
#289 = CARTESIAN_POINT('',(42.5,-4.832864497956,-9.881468552012));
#290 = VECTOR('',#291,1.);
#291 = DIRECTION('',(1.937152760267E-16,-0.87241604493,0.488763996781));
#292 = ORIENTED_EDGE('',*,*,#293,.T.);
#293 = EDGE_CURVE('',#286,#294,#296,.T.);
#294 = VERTEX_POINT('',#295);
#295 = CARTESIAN_POINT('',(42.5,-6.900120406947,-8.566699385973));
#296 = LINE('',#297,#298);
#297 = CARTESIAN_POINT('',(42.5,-5.903209989883,-9.281816191637));
#298 = VECTOR('',#299,1.);
#299 = DIRECTION('',(1.804247115271E-16,-0.812560663602,0.582876631859)
  );
#300 = ORIENTED_EDGE('',*,*,#301,.T.);
#301 = EDGE_CURVE('',#294,#302,#304,.T.);
#302 = VERTEX_POINT('',#303);
#303 = CARTESIAN_POINT('',(42.5,-7.811194328354,-7.745014084216));
#304 = LINE('',#305,#306);
#305 = CARTESIAN_POINT('',(42.5,-6.900120406947,-8.566699385973));
#306 = VECTOR('',#307,1.);
#307 = DIRECTION('',(1.648896898217E-16,-0.742597145638,0.669738366297)
  );
#308 = ORIENTED_EDGE('',*,*,#309,.T.);
#309 = EDGE_CURVE('',#302,#310,#312,.T.);
#310 = VERTEX_POINT('',#311);
#311 = CARTESIAN_POINT('',(42.5,-8.62509812685,-6.826981932172));
#312 = LINE('',#313,#314);
#313 = CARTESIAN_POINT('',(42.5,-7.811194328354,-7.745014084216));
#314 = VECTOR('',#315,1.);
#315 = DIRECTION('',(1.473034643244E-16,-0.663395827042,0.748268652733)
  );
#316 = ORIENTED_EDGE('',*,*,#317,.T.);
#317 = EDGE_CURVE('',#310,#318,#320,.T.);
#318 = VERTEX_POINT('',#319);
#319 = CARTESIAN_POINT('',(42.5,-9.331706957398,-5.824023116476));
#320 = LINE('',#321,#322);
#321 = CARTESIAN_POINT('',(42.5,-8.62509812685,-6.826981932172));
#322 = VECTOR('',#323,1.);
#323 = DIRECTION('',(1.278848051259E-16,-0.575941960711,0.817490585812)
  );
#324 = ORIENTED_EDGE('',*,*,#325,.T.);
#325 = EDGE_CURVE('',#318,#326,#328,.T.);
#326 = VERTEX_POINT('',#327);
#327 = CARTESIAN_POINT('',(42.5,-9.922230708778,-4.748614299118));
#328 = LINE('',#329,#330);
#329 = CARTESIAN_POINT('',(42.5,-9.331706957398,-5.824023116476));
#330 = VECTOR('',#331,1.);
#331 = DIRECTION('',(1.068752775262E-16,-0.481323460042,0.87654305474));
#332 = ORIENTED_EDGE('',*,*,#333,.T.);
#333 = EDGE_CURVE('',#326,#334,#336,.T.);
#334 = VERTEX_POINT('',#335);
#335 = CARTESIAN_POINT('',(42.5,-10.38932335129,-3.614133409591));
#336 = LINE('',#337,#338);
#337 = CARTESIAN_POINT('',(42.5,-9.922230708778,-4.748614299118));
#338 = VECTOR('',#339,1.);
#339 = DIRECTION('',(8.453623699722E-17,-0.38071736544,0.92469145538));
#340 = ORIENTED_EDGE('',*,*,#341,.T.);
#341 = EDGE_CURVE('',#334,#342,#344,.T.);
#342 = VERTEX_POINT('',#343);
#343 = CARTESIAN_POINT('',(42.5,-10.7271743203,-2.434693225383));
#344 = LINE('',#345,#346);
#345 = CARTESIAN_POINT('',(42.5,-10.38932335129,-3.614133409591));
#346 = VECTOR('',#347,1.);
#347 = DIRECTION('',(6.114557795839E-17,-0.275375202109,0.961336828621)
  );
#348 = ORIENTED_EDGE('',*,*,#349,.T.);
#349 = EDGE_CURVE('',#342,#350,#352,.T.);
#350 = VERTEX_POINT('',#351);
#351 = CARTESIAN_POINT('',(42.5,-10.93158079884,-1.224965811076));
#352 = LINE('',#353,#354);
#353 = CARTESIAN_POINT('',(42.5,-10.7271743203,-2.434693225383));
#354 = VECTOR('',#355,1.);
#355 = DIRECTION('',(3.699427681083E-17,-0.16660741126,0.986023311344));
#356 = ORIENTED_EDGE('',*,*,#357,.T.);
#357 = EDGE_CURVE('',#350,#358,#360,.T.);
#358 = VERTEX_POINT('',#359);
#359 = CARTESIAN_POINT('',(42.5,-11.,-1.347111479062E-15));
#360 = LINE('',#361,#362);
#361 = CARTESIAN_POINT('',(42.5,-10.93158079884,-1.224965811076));
#362 = VECTOR('',#363,1.);
#363 = DIRECTION('',(1.238277223296E-17,-5.576704841416E-02,
    0.998443807288));
#364 = ORIENTED_EDGE('',*,*,#365,.T.);
#365 = EDGE_CURVE('',#358,#366,#368,.T.);
#366 = VERTEX_POINT('',#367);
#367 = CARTESIAN_POINT('',(42.5,-12.,35.06));
#368 = LINE('',#369,#370);
#369 = CARTESIAN_POINT('',(42.5,-11.,-1.347111479062E-15));
#370 = VECTOR('',#371,1.);
#371 = DIRECTION('',(6.33069992817E-18,-2.85109378375E-02,0.999593480583
    ));
#372 = ORIENTED_EDGE('',*,*,#373,.T.);
#373 = EDGE_CURVE('',#366,#374,#376,.T.);
#374 = VERTEX_POINT('',#375);
#375 = CARTESIAN_POINT('',(42.5,-11.94221672006,36.236205683955));
#376 = LINE('',#377,#378);
#377 = CARTESIAN_POINT('',(42.5,-12.,35.06));
#378 = VECTOR('',#379,1.);
#379 = DIRECTION('',(-1.089521236062E-17,4.906767432742E-02,
    0.998795456205));
#380 = ORIENTED_EDGE('',*,*,#381,.T.);
#381 = EDGE_CURVE('',#374,#382,#384,.T.);
#382 = VERTEX_POINT('',#383);
#383 = CARTESIAN_POINT('',(42.5,-11.76942336483,37.401083864194));
#384 = LINE('',#385,#386);
#385 = CARTESIAN_POINT('',(42.5,-11.94221672006,36.236205683955));
#386 = VECTOR('',#387,1.);
#387 = DIRECTION('',(-3.25807102309E-17,0.146730474455,0.989176509965));
#388 = ORIENTED_EDGE('',*,*,#389,.T.);
#389 = EDGE_CURVE('',#382,#390,#392,.T.);
#390 = VERTEX_POINT('',#391);
#391 = CARTESIAN_POINT('',(42.5,-11.48328402878,38.543416127054));
#392 = LINE('',#393,#394);
#393 = CARTESIAN_POINT('',(42.5,-11.76942336483,37.401083864194));
#394 = VECTOR('',#395,1.);
#395 = DIRECTION('',(-5.395243805123E-17,0.242980179903,0.970031253195)
  );
#396 = ORIENTED_EDGE('',*,*,#397,.T.);
#397 = EDGE_CURVE('',#390,#398,#400,.T.);
#398 = VERTEX_POINT('',#399);
#399 = CARTESIAN_POINT('',(42.5,-11.08655439013,39.652201188381));
#400 = LINE('',#401,#402);
#401 = CARTESIAN_POINT('',(42.5,-11.48328402878,38.543416127054));
#402 = VECTOR('',#403,1.);
#403 = DIRECTION('',(-7.480457439973E-17,0.336889853392,0.941544065183)
  );
#404 = ORIENTED_EDGE('',*,*,#405,.T.);
#405 = EDGE_CURVE('',#398,#406,#408,.T.);
#406 = VERTEX_POINT('',#407);
#407 = CARTESIAN_POINT('',(42.5,-10.58305517218,40.716760841912));
#408 = LINE('',#409,#410);
#409 = CARTESIAN_POINT('',(42.5,-11.08655439013,39.652201188381));
#410 = VECTOR('',#411,1.);
#411 = DIRECTION('',(-9.493630180441E-17,0.42755509343,0.903989293123));
#412 = ORIENTED_EDGE('',*,*,#413,.T.);
#413 = EDGE_CURVE('',#406,#414,#416,.T.);
#414 = VERTEX_POINT('',#415);
#415 = CARTESIAN_POINT('',(42.5,-9.977635347631,41.726842796235));
#416 = LINE('',#417,#418);
#417 = CARTESIAN_POINT('',(42.5,-10.58305517218,40.716760841912));
#418 = VECTOR('',#419,1.);
#419 = DIRECTION('',(-1.141537407253E-16,0.514102744193,0.85772861));
#420 = ORIENTED_EDGE('',*,*,#421,.T.);
#421 = EDGE_CURVE('',#414,#422,#424,.T.);
#422 = VERTEX_POINT('',#423);
#423 = CARTESIAN_POINT('',(42.5,-9.276125440353,42.672719409964));
#424 = LINE('',#425,#426);
#425 = CARTESIAN_POINT('',(42.5,-9.977635347631,41.726842796235));
#426 = VECTOR('',#427,1.);
#427 = DIRECTION('',(-1.322718167201E-16,0.595699304492,0.803207531481)
  );
#428 = ORIENTED_EDGE('',*,*,#429,.T.);
#429 = EDGE_CURVE('',#422,#430,#432,.T.);
#430 = VERTEX_POINT('',#431);
#431 = CARTESIAN_POINT('',(42.5,-8.485281374239,43.545281374239));
#432 = LINE('',#433,#434);
#433 = CARTESIAN_POINT('',(42.5,-9.276125440353,42.672719409964));
#434 = VECTOR('',#435,1.);
#435 = DIRECTION('',(-1.491160428129E-16,0.671558954847,0.740951125355)
  );
#436 = ORIENTED_EDGE('',*,*,#437,.T.);
#437 = EDGE_CURVE('',#430,#438,#440,.T.);
#438 = VERTEX_POINT('',#439);
#439 = CARTESIAN_POINT('',(42.5,-7.612719409964,44.336125440353));
#440 = LINE('',#441,#442);
#441 = CARTESIAN_POINT('',(42.5,-8.485281374239,43.545281374239));
#442 = VECTOR('',#443,1.);
#443 = DIRECTION('',(-1.645241998982E-16,0.740951125355,0.671558954847)
  );
#444 = ORIENTED_EDGE('',*,*,#445,.T.);
#445 = EDGE_CURVE('',#438,#446,#448,.T.);
#446 = VERTEX_POINT('',#447);
#447 = CARTESIAN_POINT('',(42.5,-6.666842796235,45.037635347631));
#448 = LINE('',#449,#450);
#449 = CARTESIAN_POINT('',(42.5,-7.612719409964,44.336125440353));
#450 = VECTOR('',#451,1.);
#451 = DIRECTION('',(-1.783478990004E-16,0.803207531481,0.595699304492)
  );
#452 = ORIENTED_EDGE('',*,*,#453,.T.);
#453 = EDGE_CURVE('',#446,#454,#456,.T.);
#454 = VERTEX_POINT('',#455);
#455 = CARTESIAN_POINT('',(42.5,-5.656760841912,45.64305517218));
#456 = LINE('',#457,#458);
#457 = CARTESIAN_POINT('',(42.5,-6.666842796235,45.037635347631));
#458 = VECTOR('',#459,1.);
#459 = DIRECTION('',(-1.904540103404E-16,0.85772861,0.514102744193));
#460 = ORIENTED_EDGE('',*,*,#461,.T.);
#461 = EDGE_CURVE('',#454,#462,#464,.T.);
#462 = VERTEX_POINT('',#463);
#463 = CARTESIAN_POINT('',(42.5,-4.592201188381,46.146554390135));
#464 = LINE('',#465,#466);
#465 = CARTESIAN_POINT('',(42.5,-5.656760841912,45.64305517218));
#466 = VECTOR('',#467,1.);
#467 = DIRECTION('',(-2.007259454481E-16,0.903989293123,0.42755509343));
#468 = ORIENTED_EDGE('',*,*,#469,.T.);
#469 = EDGE_CURVE('',#462,#470,#472,.T.);
#470 = VERTEX_POINT('',#471);
#471 = CARTESIAN_POINT('',(42.5,-3.483416127054,46.543284028787));
#472 = LINE('',#473,#474);
#473 = CARTESIAN_POINT('',(42.5,-4.592201188381,46.146554390135));
#474 = VECTOR('',#475,1.);
#475 = DIRECTION('',(-2.090647799731E-16,0.941544065183,0.336889853392)
  );
#476 = ORIENTED_EDGE('',*,*,#477,.T.);
#477 = EDGE_CURVE('',#470,#478,#480,.T.);
#478 = VERTEX_POINT('',#479);
#479 = CARTESIAN_POINT('',(42.5,-2.341083864194,46.829423364839));
#480 = LINE('',#481,#482);
#481 = CARTESIAN_POINT('',(42.5,-3.483416127054,46.543284028787));
#482 = VECTOR('',#483,1.);
#483 = DIRECTION('',(-2.153902063805E-16,0.970031253195,0.242980179903)
  );
#484 = ORIENTED_EDGE('',*,*,#485,.T.);
#485 = EDGE_CURVE('',#478,#486,#488,.T.);
#486 = VERTEX_POINT('',#487);
#487 = CARTESIAN_POINT('',(42.5,-1.176205683955,47.002216720066));
#488 = LINE('',#489,#490);
#489 = CARTESIAN_POINT('',(42.5,-2.341083864194,46.829423364839));
#490 = VECTOR('',#491,1.);
#491 = DIRECTION('',(-2.196413073563E-16,0.989176509965,0.146730474455)
  );
#492 = ORIENTED_EDGE('',*,*,#493,.T.);
#493 = EDGE_CURVE('',#486,#494,#496,.T.);
#494 = VERTEX_POINT('',#495);
#495 = CARTESIAN_POINT('',(42.5,-9.714631028284E-15,47.06));
#496 = LINE('',#497,#498);
#497 = CARTESIAN_POINT('',(42.5,-1.176205683955,47.002216720066));
#498 = VECTOR('',#499,1.);
#499 = DIRECTION('',(-2.21777142474E-16,0.998795456205,
    4.906767432742E-02));
#500 = ORIENTED_EDGE('',*,*,#501,.T.);
#501 = EDGE_CURVE('',#494,#502,#504,.T.);
#502 = VERTEX_POINT('',#503);
#503 = CARTESIAN_POINT('',(42.5,22.,46.7806));
#504 = LINE('',#505,#506);
#505 = CARTESIAN_POINT('',(42.5,-9.714631028284E-15,47.06));
#506 = VECTOR('',#507,1.);
#507 = DIRECTION('',(-2.220267003037E-16,0.999919364754,
    -1.269897593238E-02));
#508 = ORIENTED_EDGE('',*,*,#509,.T.);
#509 = EDGE_CURVE('',#502,#510,#512,.T.);
#510 = VERTEX_POINT('',#511);
#511 = CARTESIAN_POINT('',(42.5,23.221984639354,46.708914449957));
#512 = LINE('',#513,#514);
#513 = CARTESIAN_POINT('',(42.5,22.,46.7806));
#514 = VECTOR('',#515,1.);
#515 = DIRECTION('',(-2.216635190803E-16,0.998283741932,
    -5.856253575905E-02));
#516 = ORIENTED_EDGE('',*,*,#517,.T.);
#517 = EDGE_CURVE('',#510,#518,#520,.T.);
#518 = VERTEX_POINT('',#519);
#519 = CARTESIAN_POINT('',(42.5,24.42884209756,46.505500643851));
#520 = LINE('',#521,#522);
#521 = CARTESIAN_POINT('',(42.5,23.221984639354,46.708914449957));
#522 = VECTOR('',#523,1.);
#523 = DIRECTION('',(-2.189562712319E-16,0.98609138153,-0.166204053114)
  );
#524 = ORIENTED_EDGE('',*,*,#525,.T.);
#525 = EDGE_CURVE('',#518,#526,#528,.T.);
#526 = VERTEX_POINT('',#527);
#527 = CARTESIAN_POINT('',(42.5,25.605632455733,46.169276680024));
#528 = LINE('',#529,#530);
#529 = CARTESIAN_POINT('',(42.5,24.42884209756,46.505500643851));
#530 = VECTOR('',#531,1.);
#531 = DIRECTION('',(-2.13501293873E-16,0.96152434753,-0.274719728283));
#532 = ORIENTED_EDGE('',*,*,#533,.T.);
#533 = EDGE_CURVE('',#526,#534,#536,.T.);
#534 = VERTEX_POINT('',#535);
#535 = CARTESIAN_POINT('',(42.5,26.737788001361,45.704404739113));
#536 = LINE('',#537,#538);
#537 = CARTESIAN_POINT('',(42.5,25.605632455733,46.169276680024));
#538 = VECTOR('',#539,1.);
#539 = DIRECTION('',(-2.054033432363E-16,0.92505442006,-0.379834595486)
  );
#540 = ORIENTED_EDGE('',*,*,#541,.T.);
#541 = EDGE_CURVE('',#534,#542,#544,.T.);
#542 = VERTEX_POINT('',#543);
#543 = CARTESIAN_POINT('',(42.5,27.811293564796,45.116639559627));
#544 = LINE('',#545,#546);
#545 = CARTESIAN_POINT('',(42.5,26.737788001361,45.704404739113));
#546 = VECTOR('',#547,1.);
#547 = DIRECTION('',(-1.947626653987E-16,0.877133067315,-0.480247417716)
  );
#548 = ORIENTED_EDGE('',*,*,#549,.T.);
#549 = EDGE_CURVE('',#542,#550,#552,.T.);
#550 = VERTEX_POINT('',#551);
#551 = CARTESIAN_POINT('',(42.5,28.812860015719,44.413257198939));
#552 = LINE('',#553,#554);
#553 = CARTESIAN_POINT('',(42.5,27.811293564796,45.116639559627));
#554 = VECTOR('',#555,1.);
#555 = DIRECTION('',(-1.817109833426E-16,0.818353516871,-0.574715165473)
  );
#556 = ORIENTED_EDGE('',*,*,#557,.T.);
#557 = EDGE_CURVE('',#550,#558,#560,.T.);
#558 = VERTEX_POINT('',#559);
#559 = CARTESIAN_POINT('',(42.5,29.730088771817,43.602964961577));
#560 = LINE('',#561,#562);
#561 = CARTESIAN_POINT('',(42.5,28.812860015719,44.413257198939));
#562 = VECTOR('',#563,1.);
#563 = DIRECTION('',(-1.66409866332E-16,0.749443412004,-0.662068404475)
  );
#564 = ORIENTED_EDGE('',*,*,#565,.T.);
#565 = EDGE_CURVE('',#558,#566,#568,.T.);
#566 = VERTEX_POINT('',#567);
#567 = CARTESIAN_POINT('',(42.5,30.551625283204,42.695793609847));
#568 = LINE('',#569,#570);
#569 = CARTESIAN_POINT('',(42.5,29.730088771817,43.602964961577));
#570 = VECTOR('',#571,1.);
#571 = DIRECTION('',(-1.490487298157E-16,0.671255804058,-0.741225772298)
  );
#572 = ORIENTED_EDGE('',*,*,#573,.T.);
#573 = EDGE_CURVE('',#566,#574,#576,.T.);
#574 = VERTEX_POINT('',#575);
#575 = CARTESIAN_POINT('',(42.5,31.267299592561,41.702973191107));
#576 = LINE('',#577,#578);
#577 = CARTESIAN_POINT('',(42.5,30.551625283204,42.695793609847));
#578 = VECTOR('',#579,1.);
#579 = DIRECTION('',(-1.298424906171E-16,0.58475859236,-0.811207364773)
  );
#580 = ORIENTED_EDGE('',*,*,#581,.T.);
#581 = EDGE_CURVE('',#574,#582,#584,.T.);
#582 = VERTEX_POINT('',#583);
#583 = CARTESIAN_POINT('',(42.5,31.868252230978,40.636794018865));
#584 = LINE('',#585,#586);
#585 = CARTESIAN_POINT('',(42.5,31.267299592561,41.702973191107));
#586 = VECTOR('',#587,1.);
#587 = DIRECTION('',(-1.09028906438E-16,0.491022542407,-0.871146866406)
  );
#588 = ORIENTED_EDGE('',*,*,#589,.T.);
#589 = EDGE_CURVE('',#582,#590,#592,.T.);
#590 = VERTEX_POINT('',#591);
#591 = CARTESIAN_POINT('',(42.5,32.347043891012,39.510454528647));
#592 = LINE('',#593,#594);
#593 = CARTESIAN_POINT('',(42.5,31.868252230978,40.636794018865));
#594 = VECTOR('',#595,1.);
#595 = DIRECTION('',(-8.686563261061E-17,0.391208030656,-0.920302274663)
  );
#596 = ORIENTED_EDGE('',*,*,#597,.T.);
#597 = EDGE_CURVE('',#590,#598,#600,.T.);
#598 = VERTEX_POINT('',#599);
#599 = CARTESIAN_POINT('',(42.5,32.697747519293,38.33789789204));
#600 = LINE('',#601,#602);
#601 = CARTESIAN_POINT('',(42.5,32.347043891012,39.510454528647));
#602 = VECTOR('',#603,1.);
#603 = DIRECTION('',(-6.362703253305E-17,0.286550680007,-0.958065085361)
  );
#604 = ORIENTED_EDGE('',*,*,#605,.T.);
#605 = EDGE_CURVE('',#598,#606,#608,.T.);
#606 = VERTEX_POINT('',#607);
#607 = CARTESIAN_POINT('',(42.5,32.916021688653,37.133639411509));
#608 = LINE('',#609,#610);
#609 = CARTESIAN_POINT('',(42.5,32.697747519293,38.33789789204));
#610 = VECTOR('',#611,1.);
#611 = DIRECTION('',(-3.960078127228E-17,0.178346063781,-0.983967825457)
  );
#612 = ORIENTED_EDGE('',*,*,#613,.T.);
#613 = EDGE_CURVE('',#606,#614,#616,.T.);
#614 = VERTEX_POINT('',#615);
#615 = CARTESIAN_POINT('',(42.5,32.999164341476,35.912586832697));
#616 = LINE('',#617,#618);
#617 = CARTESIAN_POINT('',(42.5,32.916021688653,37.133639411509));
#618 = VECTOR('',#619,1.);
#619 = DIRECTION('',(-1.508430437969E-17,6.793366758352E-02,
    -0.997689839985));
#620 = ORIENTED_EDGE('',*,*,#621,.T.);
#621 = EDGE_CURVE('',#614,#622,#624,.T.);
#622 = VERTEX_POINT('',#623);
#623 = CARTESIAN_POINT('',(42.5,32.94614623899,34.689855798597));
#624 = LINE('',#625,#626);
#625 = CARTESIAN_POINT('',(42.5,32.999164341476,35.912586832697));
#626 = VECTOR('',#627,1.);
#627 = DIRECTION('',(9.618903996663E-18,-4.331969245508E-02,
    -0.999061261508));
#628 = ORIENTED_EDGE('',*,*,#629,.T.);
#629 = EDGE_CURVE('',#622,#630,#632,.T.);
#630 = VERTEX_POINT('',#631);
#631 = CARTESIAN_POINT('',(42.5,32.757623702407,33.48058273012));
#632 = LINE('',#633,#634);
#633 = CARTESIAN_POINT('',(42.5,32.94614623899,34.689855798597));
#634 = VECTOR('',#635,1.);
#635 = DIRECTION('',(3.420303812403E-17,-0.15403678975,-0.988065112937)
  );
#636 = ORIENTED_EDGE('',*,*,#637,.T.);
#637 = EDGE_CURVE('',#630,#638,#640,.T.);
#638 = VERTEX_POINT('',#639);
#639 = CARTESIAN_POINT('',(42.5,32.435930488201,32.299737449453));
#640 = LINE('',#641,#642);
#641 = CARTESIAN_POINT('',(42.5,32.757623702407,33.48058273012));
#642 = VECTOR('',#643,1.);
#643 = DIRECTION('',(5.836376631253E-17,-0.262847036217,-0.964837517695)
  );
#644 = ORIENTED_EDGE('',*,*,#645,.T.);
#645 = EDGE_CURVE('',#638,#646,#648,.T.);
#646 = VERTEX_POINT('',#647);
#647 = CARTESIAN_POINT('',(42.5,31.985048898086,31.161937865766));
#648 = LINE('',#649,#650);
#649 = CARTESIAN_POINT('',(42.5,32.435930488201,32.299737449453));
#650 = VECTOR('',#651,1.);
#651 = DIRECTION('',(8.180199829521E-17,-0.36840344904,-0.929666014618)
  );
#652 = ORIENTED_EDGE('',*,*,#653,.T.);
#653 = EDGE_CURVE('',#646,#654,#656,.T.);
#654 = VERTEX_POINT('',#655);
#655 = CARTESIAN_POINT('',(42.5,31.410560481347,30.081269017333));
#656 = LINE('',#657,#658);
#657 = CARTESIAN_POINT('',(42.5,31.985048898086,31.161937865766));
#658 = VECTOR('',#659,1.);
#659 = DIRECTION('',(1.042275877236E-16,-0.469399325234,-0.882985998456)
  );
#660 = ORIENTED_EDGE('',*,*,#661,.T.);
#661 = EDGE_CURVE('',#654,#662,#664,.T.);
#662 = VERTEX_POINT('',#663);
#663 = CARTESIAN_POINT('',(42.5,30.719576939774,29.071108710145));
#664 = LINE('',#665,#666);
#665 = CARTESIAN_POINT('',(42.5,31.410560481347,30.081269017333));
#666 = VECTOR('',#667,1.);
#667 = DIRECTION('',(1.253629239448E-16,-0.564584417564,-0.825375330043)
  );
#668 = ORIENTED_EDGE('',*,*,#669,.T.);
#669 = EDGE_CURVE('',#662,#670,#672,.T.);
#670 = VERTEX_POINT('',#671);
#671 = CARTESIAN_POINT('',(42.5,29.92065209055,28.143961911502));
#672 = LINE('',#673,#674);
#673 = CARTESIAN_POINT('',(42.5,30.719576939774,29.071108710145));
#674 = VECTOR('',#675,1.);
#675 = DIRECTION('',(1.449463685965E-16,-0.6527804116,-0.757547182842));
#676 = ORIENTED_EDGE('',*,*,#677,.T.);
#677 = EDGE_CURVE('',#670,#678,#680,.T.);
#678 = VERTEX_POINT('',#679);
#679 = CARTESIAN_POINT('',(42.5,29.023675976911,27.311305948632));
#680 = LINE('',#681,#682);
#681 = CARTESIAN_POINT('',(42.5,29.92065209055,28.143961911502));
#682 = VECTOR('',#683,1.);
#683 = DIRECTION('',(1.627354944787E-16,-0.732895512294,-0.680341214435)
  );
#684 = ORIENTED_EDGE('',*,*,#685,.T.);
#685 = EDGE_CURVE('',#678,#686,#688,.T.);
#686 = VERTEX_POINT('',#687);
#687 = CARTESIAN_POINT('',(42.5,28.039752437415,26.583448428668));
#688 = LINE('',#689,#690);
#689 = CARTESIAN_POINT('',(42.5,29.023675976911,27.311305948632));
#690 = VECTOR('',#691,1.);
#691 = DIRECTION('',(1.785100866058E-16,-0.80393795952,-0.594713172246)
  );
#692 = ORIENTED_EDGE('',*,*,#693,.T.);
#693 = EDGE_CURVE('',#686,#694,#696,.T.);
#694 = VERTEX_POINT('',#695);
#695 = CARTESIAN_POINT('',(42.5,26.981061649406,25.96939963881));
#696 = LINE('',#697,#698);
#697 = CARTESIAN_POINT('',(42.5,28.039752437415,26.583448428668));
#698 = VECTOR('',#699,1.);
#699 = DIRECTION('',(1.920748682902E-16,-0.865028305259,-0.501723062157)
  );
#700 = ORIENTED_EDGE('',*,*,#701,.T.);
#701 = EDGE_CURVE('',#694,#702,#704,.T.);
#702 = VERTEX_POINT('',#703);
#703 = CARTESIAN_POINT('',(42.5,25.86070934827,25.476761006259));
#704 = LINE('',#705,#706);
#705 = CARTESIAN_POINT('',(42.5,26.981061649406,25.96939963881));
#706 = VECTOR('',#707,1.);
#707 = DIRECTION('',(2.032619185098E-16,-0.915410300459,-0.402522026495)
  );
#708 = ORIENTED_EDGE('',*,*,#709,.T.);
#709 = EDGE_CURVE('',#702,#710,#712,.T.);
#710 = VERTEX_POINT('',#711);
#711 = CARTESIAN_POINT('',(42.5,24.692564589038,25.111630998701));
#712 = LINE('',#713,#714);
#713 = CARTESIAN_POINT('',(42.5,25.86070934827,25.476761006259));
#714 = VECTOR('',#715,1.);
#715 = DIRECTION('',(2.119327506339E-16,-0.954460256782,-0.298338093818)
  );
#716 = ORIENTED_EDGE('',*,*,#717,.T.);
#717 = EDGE_CURVE('',#710,#718,#720,.T.);
#718 = VERTEX_POINT('',#719);
#719 = CARTESIAN_POINT('',(42.5,23.491088058702,24.87852963021));
#720 = LINE('',#721,#722);
#721 = CARTESIAN_POINT('',(42.5,24.692564589038,25.111630998701));
#722 = VECTOR('',#723,1.);
#723 = DIRECTION('',(2.179800267764E-16,-0.981694767364,-0.19046097692)
  );
#724 = ORIENTED_EDGE('',*,*,#725,.T.);
#725 = EDGE_CURVE('',#718,#726,#728,.T.);
#726 = VERTEX_POINT('',#727);
#727 = CARTESIAN_POINT('',(42.5,22.271153064613,24.780342507127));
#728 = LINE('',#729,#730);
#729 = CARTESIAN_POINT('',(42.5,23.491088058702,24.87852963021));
#730 = VECTOR('',#731,1.);
#731 = DIRECTION('',(2.213288865514E-16,-0.996776690999,
    -8.022610722613E-02));
#732 = ORIENTED_EDGE('',*,*,#733,.T.);
#733 = EDGE_CURVE('',#726,#734,#736,.T.);
#734 = VERTEX_POINT('',#735);
#735 = CARTESIAN_POINT('',(42.5,21.047861414969,24.818285106597));
#736 = LINE('',#737,#738);
#737 = CARTESIAN_POINT('',(42.5,22.271153064613,24.780342507127));
#738 = VECTOR('',#739,1.);
#739 = DIRECTION('',(2.219378737843E-16,-0.999519325675,
    3.100189676527E-02));
#740 = ORIENTED_EDGE('',*,*,#741,.T.);
#741 = EDGE_CURVE('',#734,#742,#744,.T.);
#742 = VERTEX_POINT('',#743);
#743 = CARTESIAN_POINT('',(42.5,19.836356470649,24.991887729935));
#744 = LINE('',#745,#746);
#745 = CARTESIAN_POINT('',(42.5,21.047861414969,24.818285106597));
#746 = VECTOR('',#747,1.);
#747 = DIRECTION('',(2.19799449706E-16,-0.989888719792,0.141846122358));
#748 = ORIENTED_EDGE('',*,*,#749,.T.);
#749 = EDGE_CURVE('',#742,#750,#752,.T.);
#750 = VERTEX_POINT('',#751);
#751 = CARTESIAN_POINT('',(42.5,18.651635682655,25.299001317125));
#752 = LINE('',#753,#754);
#753 = CARTESIAN_POINT('',(42.5,19.836356470649,24.991887729935));
#754 = VECTOR('',#755,1.);
#755 = DIRECTION('',(2.149400862764E-16,-0.968004092461,0.250934407721)
  );
#756 = ORIENTED_EDGE('',*,*,#757,.T.);
#757 = EDGE_CURVE('',#750,#758,#760,.T.);
#758 = VERTEX_POINT('',#759);
#759 = CARTESIAN_POINT('',(42.5,17.508364935805,25.735824050437));
#760 = LINE('',#761,#762);
#761 = CARTESIAN_POINT('',(42.5,18.651635682655,25.299001317125));
#762 = VECTOR('',#763,1.);
#763 = DIRECTION('',(2.07419938483E-16,-0.934136357661,0.356916328143));
#764 = ORIENTED_EDGE('',*,*,#765,.T.);
#765 = EDGE_CURVE('',#758,#766,#768,.T.);
#766 = VERTEX_POINT('',#767);
#767 = CARTESIAN_POINT('',(42.5,15.98,25.81));
#768 = LINE('',#769,#770);
#769 = CARTESIAN_POINT('',(42.5,17.508364935805,25.735824050437));
#770 = VECTOR('',#771,1.);
#771 = DIRECTION('',(2.217835595884E-16,-0.998824356319,
    4.847582101725E-02));
#772 = ORIENTED_EDGE('',*,*,#773,.T.);
#773 = EDGE_CURVE('',#766,#774,#776,.T.);
#774 = VERTEX_POINT('',#775);
#775 = CARTESIAN_POINT('',(42.5,14.51,25.47));
#776 = LINE('',#777,#778);
#777 = CARTESIAN_POINT('',(42.5,15.98,25.81));
#778 = VECTOR('',#779,1.);
#779 = DIRECTION('',(2.163334781975E-16,-0.974279371798,-0.225343528171)
  );
#780 = ORIENTED_EDGE('',*,*,#781,.T.);
#781 = EDGE_CURVE('',#774,#782,#784,.T.);
#782 = VERTEX_POINT('',#783);
#783 = CARTESIAN_POINT('',(42.5,13.2,24.72));
#784 = LINE('',#785,#786);
#785 = CARTESIAN_POINT('',(42.5,14.51,25.47));
#786 = VECTOR('',#787,1.);
#787 = DIRECTION('',(1.926981186651E-16,-0.867835175415,-0.496852199665)
  );
#788 = ORIENTED_EDGE('',*,*,#789,.T.);
#789 = EDGE_CURVE('',#782,#790,#792,.T.);
#790 = VERTEX_POINT('',#791);
#791 = CARTESIAN_POINT('',(42.5,12.18,23.62));
#792 = LINE('',#793,#794);
#793 = CARTESIAN_POINT('',(42.5,13.2,24.72));
#794 = VECTOR('',#795,1.);
#795 = DIRECTION('',(1.509769117755E-16,-0.679939563614,-0.733268156838)
  );
#796 = ORIENTED_EDGE('',*,*,#797,.T.);
#797 = EDGE_CURVE('',#790,#798,#800,.T.);
#798 = VERTEX_POINT('',#799);
#799 = CARTESIAN_POINT('',(42.5,10.74,21.29));
#800 = LINE('',#801,#802);
#801 = CARTESIAN_POINT('',(42.5,12.18,23.62));
#802 = VECTOR('',#803,1.);
#803 = DIRECTION('',(1.167346311834E-16,-0.525726041499,-0.850653942147)
  );
#804 = ORIENTED_EDGE('',*,*,#805,.T.);
#805 = EDGE_CURVE('',#798,#806,#808,.T.);
#806 = VERTEX_POINT('',#807);
#807 = CARTESIAN_POINT('',(42.5,10.14,19.84));
#808 = LINE('',#809,#810);
#809 = CARTESIAN_POINT('',(42.5,10.74,21.29));
#810 = VECTOR('',#811,1.);
#811 = DIRECTION('',(8.489915275829E-17,-0.382351792726,-0.924016832422)
  );
#812 = ORIENTED_EDGE('',*,*,#813,.T.);
#813 = EDGE_CURVE('',#806,#62,#814,.T.);
#814 = LINE('',#815,#816);
#815 = CARTESIAN_POINT('',(42.5,10.14,19.84));
#816 = VECTOR('',#817,1.);
#817 = DIRECTION('',(3.650390818629E-17,-0.164398987305,-0.986393923832)
  );
#818 = ORIENTED_EDGE('',*,*,#78,.T.);
#819 = FACE_BOUND('',#820,.T.);
#820 = EDGE_LOOP('',(#821));
#821 = ORIENTED_EDGE('',*,*,#822,.T.);
#822 = EDGE_CURVE('',#823,#823,#825,.T.);
#823 = VERTEX_POINT('',#824);
#824 = CARTESIAN_POINT('',(42.5,2.32682891838E-15,9.5));
#825 = CIRCLE('',#826,9.5);
#826 = AXIS2_PLACEMENT_3D('',#827,#828,#829);
#827 = CARTESIAN_POINT('',(42.5,0.,0.));
#828 = DIRECTION('',(1.,0.,0.));
#829 = DIRECTION('',(-0.,0.,1.));
#830 = FACE_BOUND('',#831,.T.);
#831 = EDGE_LOOP('',(#832,#842,#850,#858,#866,#874,#882,#890,#898,#906,
    #914,#922,#930,#938,#946,#954,#962,#970,#978,#986,#995,#1004,#1012,
    #1020,#1028));
#832 = ORIENTED_EDGE('',*,*,#833,.T.);
#833 = EDGE_CURVE('',#834,#836,#838,.T.);
#834 = VERTEX_POINT('',#835);
#835 = CARTESIAN_POINT('',(42.5,8.5,9.5));
#836 = VERTEX_POINT('',#837);
#837 = CARTESIAN_POINT('',(42.5,8.5,18.));
#838 = LINE('',#839,#840);
#839 = CARTESIAN_POINT('',(42.5,8.5,15.877852740104));
#840 = VECTOR('',#841,1.);
#841 = DIRECTION('',(2.22044604925E-16,4.930380657631E-32,1.));
#842 = ORIENTED_EDGE('',*,*,#843,.T.);
#843 = EDGE_CURVE('',#836,#844,#846,.T.);
#844 = VERTEX_POINT('',#845);
#845 = CARTESIAN_POINT('',(42.5,8.448888739434,18.388228567654));
#846 = LINE('',#847,#848);
#847 = CARTESIAN_POINT('',(42.5,8.205571114785,20.236409415776));
#848 = VECTOR('',#849,1.);
#849 = DIRECTION('',(2.201449825487E-16,-0.13052619222,0.991444861374));
#850 = ORIENTED_EDGE('',*,*,#851,.T.);
#851 = EDGE_CURVE('',#844,#852,#854,.T.);
#852 = VERTEX_POINT('',#853);
#853 = CARTESIAN_POINT('',(42.5,8.299038105677,18.75));
#854 = LINE('',#855,#856);
#855 = CARTESIAN_POINT('',(42.5,7.605077921423,20.425368088572));
#856 = VECTOR('',#857,1.);
#857 = DIRECTION('',(2.051424657948E-16,-0.382683432365,0.923879532511)
  );
#858 = ORIENTED_EDGE('',*,*,#859,.T.);
#859 = EDGE_CURVE('',#852,#860,#862,.T.);
#860 = VERTEX_POINT('',#861);
#861 = CARTESIAN_POINT('',(42.5,8.06066017178,19.06066017178));
#862 = LINE('',#863,#864);
#863 = CARTESIAN_POINT('',(42.5,7.075022259349,20.345168507694));
#864 = VECTOR('',#865,1.);
#865 = DIRECTION('',(1.761598290109E-16,-0.608761429009,0.793353340291)
  );
#866 = ORIENTED_EDGE('',*,*,#867,.T.);
#867 = EDGE_CURVE('',#860,#868,#870,.T.);
#868 = VERTEX_POINT('',#869);
#869 = CARTESIAN_POINT('',(42.5,7.75,19.299038105677));
#870 = LINE('',#871,#872);
#871 = CARTESIAN_POINT('',(42.5,6.723069874566,20.08702930569));
#872 = VECTOR('',#873,1.);
#873 = DIRECTION('',(1.351721909978E-16,-0.793353340291,0.608761429009)
  );
#874 = ORIENTED_EDGE('',*,*,#875,.T.);
#875 = EDGE_CURVE('',#868,#876,#878,.T.);
#876 = VERTEX_POINT('',#877);
#877 = CARTESIAN_POINT('',(42.5,7.388228567654,19.448888739434));
#878 = LINE('',#879,#880);
#879 = CARTESIAN_POINT('',(42.5,6.592287498675,19.778578325054));
#880 = VECTOR('',#881,1.);
#881 = DIRECTION('',(8.497279155086E-17,-0.923879532511,0.382683432365)
  );
#882 = ORIENTED_EDGE('',*,*,#883,.T.);
#883 = EDGE_CURVE('',#876,#884,#886,.T.);
#884 = VERTEX_POINT('',#885);
#885 = CARTESIAN_POINT('',(42.5,7.,19.5));
#886 = LINE('',#887,#888);
#887 = CARTESIAN_POINT('',(42.5,6.653094980585,19.545670912232));
#888 = VECTOR('',#889,1.);
#889 = DIRECTION('',(2.898263678387E-17,-0.991444861374,0.13052619222));
#890 = ORIENTED_EDGE('',*,*,#891,.T.);
#891 = EDGE_CURVE('',#884,#892,#894,.T.);
#892 = VERTEX_POINT('',#893);
#893 = CARTESIAN_POINT('',(42.5,-7.,19.5));
#894 = LINE('',#895,#896);
#895 = CARTESIAN_POINT('',(42.5,6.631001299084,19.5));
#896 = VECTOR('',#897,1.);
#897 = DIRECTION('',(-4.930380657631E-32,-1.,-2.22044604925E-16));
#898 = ORIENTED_EDGE('',*,*,#899,.T.);
#899 = EDGE_CURVE('',#892,#900,#902,.T.);
#900 = VERTEX_POINT('',#901);
#901 = CARTESIAN_POINT('',(42.5,-7.388228567654,19.448888739434));
#902 = LINE('',#903,#904);
#903 = CARTESIAN_POINT('',(42.5,-0.303664380744,20.381589308958));
#904 = VECTOR('',#905,1.);
#905 = DIRECTION('',(-2.898263678387E-17,-0.991444861374,-0.13052619222)
  );
#906 = ORIENTED_EDGE('',*,*,#907,.T.);
#907 = EDGE_CURVE('',#900,#908,#910,.T.);
#908 = VERTEX_POINT('',#909);
#909 = CARTESIAN_POINT('',(42.5,-7.75,19.299038105677));
#910 = LINE('',#911,#912);
#911 = CARTESIAN_POINT('',(42.5,-1.066448232932,22.067455892419));
#912 = VECTOR('',#913,1.);
#913 = DIRECTION('',(-8.497279155086E-17,-0.923879532511,-0.382683432365
    ));
#914 = ORIENTED_EDGE('',*,*,#915,.T.);
#915 = EDGE_CURVE('',#908,#916,#918,.T.);
#916 = VERTEX_POINT('',#917);
#917 = CARTESIAN_POINT('',(42.5,-8.06066017178,19.06066017178));
#918 = LINE('',#919,#920);
#919 = CARTESIAN_POINT('',(42.5,-2.626375723149,23.230533289569));
#920 = VECTOR('',#921,1.);
#921 = DIRECTION('',(-1.351721909978E-16,-0.793353340291,-0.608761429009
    ));
#922 = ORIENTED_EDGE('',*,*,#923,.T.);
#923 = EDGE_CURVE('',#916,#924,#926,.T.);
#924 = VERTEX_POINT('',#925);
#925 = CARTESIAN_POINT('',(42.5,-8.299038105677,18.75));
#926 = LINE('',#927,#928);
#927 = CARTESIAN_POINT('',(42.5,-4.63519475976,23.524813610514));
#928 = VECTOR('',#929,1.);
#929 = DIRECTION('',(-1.761598290109E-16,-0.608761429009,-0.793353340291
    ));
#930 = ORIENTED_EDGE('',*,*,#931,.T.);
#931 = EDGE_CURVE('',#924,#932,#934,.T.);
#932 = VERTEX_POINT('',#933);
#933 = CARTESIAN_POINT('',(42.5,-8.448888739434,18.388228567654));
#934 = LINE('',#935,#936);
#935 = CARTESIAN_POINT('',(42.5,-6.613103555947,22.820206055232));
#936 = VECTOR('',#937,1.);
#937 = DIRECTION('',(-2.051424657948E-16,-0.382683432365,-0.923879532511
    ));
#938 = ORIENTED_EDGE('',*,*,#939,.T.);
#939 = EDGE_CURVE('',#932,#940,#942,.T.);
#940 = VERTEX_POINT('',#941);
#941 = CARTESIAN_POINT('',(42.5,-8.5,18.));
#942 = LINE('',#943,#944);
#943 = CARTESIAN_POINT('',(42.5,-8.073329202348,21.240886466046));
#944 = VECTOR('',#945,1.);
#945 = DIRECTION('',(-2.201449825487E-16,-0.13052619222,-0.991444861374)
  );
#946 = ORIENTED_EDGE('',*,*,#947,.T.);
#947 = EDGE_CURVE('',#940,#948,#950,.T.);
#948 = VERTEX_POINT('',#949);
#949 = CARTESIAN_POINT('',(42.5,-8.5,9.5));
#950 = LINE('',#951,#952);
#951 = CARTESIAN_POINT('',(42.5,-8.5,20.127852740104));
#952 = VECTOR('',#953,1.);
#953 = DIRECTION('',(-2.22044604925E-16,-4.930380657631E-32,-1.));
#954 = ORIENTED_EDGE('',*,*,#955,.T.);
#955 = EDGE_CURVE('',#948,#956,#958,.T.);
#956 = VERTEX_POINT('',#957);
#957 = CARTESIAN_POINT('',(42.5,-8.448888739434,9.111771432346));
#958 = LINE('',#959,#960);
#959 = CARTESIAN_POINT('',(42.5,-9.199604117786,14.814020854954));
#960 = VECTOR('',#961,1.);
#961 = DIRECTION('',(-2.201449825487E-16,0.13052619222,-0.991444861374)
  );
#962 = ORIENTED_EDGE('',*,*,#963,.T.);
#963 = EDGE_CURVE('',#956,#964,#966,.T.);
#964 = VERTEX_POINT('',#965);
#965 = CARTESIAN_POINT('',(42.5,-8.299038105677,8.75));
#966 = LINE('',#967,#968);
#967 = CARTESIAN_POINT('',(42.5,-9.69524988474,12.12075341296));
#968 = VECTOR('',#969,1.);
#969 = DIRECTION('',(-2.051424657948E-16,0.382683432365,-0.923879532511)
  );
#970 = ORIENTED_EDGE('',*,*,#971,.T.);
#971 = EDGE_CURVE('',#964,#972,#974,.T.);
#972 = VERTEX_POINT('',#973);
#973 = CARTESIAN_POINT('',(42.5,-8.06066017178,8.43933982822));
#974 = LINE('',#975,#976);
#975 = CARTESIAN_POINT('',(42.5,-8.862324023779,9.484088500635));
#976 = VECTOR('',#977,1.);
#977 = DIRECTION('',(-1.761598290109E-16,0.608761429009,-0.793353340291)
  );
#978 = ORIENTED_EDGE('',*,*,#979,.T.);
#979 = EDGE_CURVE('',#972,#980,#982,.T.);
#980 = VERTEX_POINT('',#981);
#981 = CARTESIAN_POINT('',(42.5,-7.923885490392,8.334388923919));
#982 = LINE('',#983,#984);
#983 = CARTESIAN_POINT('',(42.5,-6.889646106109,7.540789132328));
#984 = VECTOR('',#985,1.);
#985 = DIRECTION('',(-1.351721909978E-16,0.793353340291,-0.608761429009)
  );
#986 = ORIENTED_EDGE('',*,*,#987,.F.);
#987 = EDGE_CURVE('',#988,#980,#990,.T.);
#988 = VERTEX_POINT('',#989);
#989 = CARTESIAN_POINT('',(42.5,2.816687638039E-15,11.5));
#990 = CIRCLE('',#991,11.5);
#991 = AXIS2_PLACEMENT_3D('',#992,#993,#994);
#992 = CARTESIAN_POINT('',(42.5,0.,0.));
#993 = DIRECTION('',(1.,0.,0.));
#994 = DIRECTION('',(-0.,0.,1.));
#995 = ORIENTED_EDGE('',*,*,#996,.F.);
#996 = EDGE_CURVE('',#997,#988,#999,.T.);
#997 = VERTEX_POINT('',#998);
#998 = CARTESIAN_POINT('',(42.5,7.923885490392,8.334388923919));
#999 = CIRCLE('',#1000,11.5);
#1000 = AXIS2_PLACEMENT_3D('',#1001,#1002,#1003);
#1001 = CARTESIAN_POINT('',(42.5,0.,0.));
#1002 = DIRECTION('',(1.,0.,0.));
#1003 = DIRECTION('',(-0.,0.,1.));
#1004 = ORIENTED_EDGE('',*,*,#1005,.T.);
#1005 = EDGE_CURVE('',#997,#1006,#1008,.T.);
#1006 = VERTEX_POINT('',#1007);
#1007 = CARTESIAN_POINT('',(42.5,8.06066017178,8.43933982822));
#1008 = LINE('',#1009,#1010);
#1009 = CARTESIAN_POINT('',(42.5,10.675680085747,10.445915182309));
#1010 = VECTOR('',#1011,1.);
#1011 = DIRECTION('',(1.351721909978E-16,0.793353340291,0.608761429009)
  );
#1012 = ORIENTED_EDGE('',*,*,#1013,.T.);
#1013 = EDGE_CURVE('',#1006,#1014,#1016,.T.);
#1014 = VERTEX_POINT('',#1015);
#1015 = CARTESIAN_POINT('',(42.5,8.299038105677,8.75));
#1016 = LINE('',#1017,#1018);
#1017 = CARTESIAN_POINT('',(42.5,11.063773589471,12.353073431675));
#1018 = VECTOR('',#1019,1.);
#1019 = DIRECTION('',(1.761598290109E-16,0.608761429009,0.793353340291)
  );
#1020 = ORIENTED_EDGE('',*,*,#1021,.T.);
#1021 = EDGE_CURVE('',#1014,#1022,#1024,.T.);
#1022 = VERTEX_POINT('',#1023);
#1023 = CARTESIAN_POINT('',(42.5,8.448888739434,9.111771432346));
#1024 = LINE('',#1025,#1026);
#1025 = CARTESIAN_POINT('',(42.5,10.53737361646,14.153819947273));
#1026 = VECTOR('',#1027,1.);
#1027 = DIRECTION('',(2.051424657948E-16,0.382683432365,0.923879532511)
  );
#1028 = ORIENTED_EDGE('',*,*,#1029,.T.);
#1029 = EDGE_CURVE('',#1022,#834,#1030,.T.);
#1030 = LINE('',#1031,#1032);
#1031 = CARTESIAN_POINT('',(42.5,9.280734769657,15.430269337571));
#1032 = VECTOR('',#1033,1.);
#1033 = DIRECTION('',(2.201449825487E-16,0.13052619222,0.991444861374));
#1034 = FACE_BOUND('',#1035,.T.);
#1035 = EDGE_LOOP('',(#1036));
#1036 = ORIENTED_EDGE('',*,*,#1037,.T.);
#1037 = EDGE_CURVE('',#1038,#1038,#1040,.T.);
#1038 = VERTEX_POINT('',#1039);
#1039 = CARTESIAN_POINT('',(42.5,22.,45.277));
#1040 = CIRCLE('',#1041,9.5);
#1041 = AXIS2_PLACEMENT_3D('',#1042,#1043,#1044);
#1042 = CARTESIAN_POINT('',(42.5,22.,35.777));
#1043 = DIRECTION('',(1.,0.,0.));
#1044 = DIRECTION('',(-0.,0.,1.));
#1045 = FACE_BOUND('',#1046,.T.);
#1046 = EDGE_LOOP('',(#1047));
#1047 = ORIENTED_EDGE('',*,*,#1048,.T.);
#1048 = EDGE_CURVE('',#1049,#1049,#1051,.T.);
#1049 = VERTEX_POINT('',#1050);
#1050 = CARTESIAN_POINT('',(42.5,8.,23.6));
#1051 = CIRCLE('',#1052,1.1);
#1052 = AXIS2_PLACEMENT_3D('',#1053,#1054,#1055);
#1053 = CARTESIAN_POINT('',(42.5,8.,22.5));
#1054 = DIRECTION('',(1.,0.,0.));
#1055 = DIRECTION('',(-0.,0.,1.));
#1056 = FACE_BOUND('',#1057,.T.);
#1057 = EDGE_LOOP('',(#1058));
#1058 = ORIENTED_EDGE('',*,*,#1059,.T.);
#1059 = EDGE_CURVE('',#1060,#1060,#1062,.T.);
#1060 = VERTEX_POINT('',#1061);
#1061 = CARTESIAN_POINT('',(42.5,-8.,23.6));
#1062 = CIRCLE('',#1063,1.1);
#1063 = AXIS2_PLACEMENT_3D('',#1064,#1065,#1066);
#1064 = CARTESIAN_POINT('',(42.5,-8.,22.5));
#1065 = DIRECTION('',(1.,0.,0.));
#1066 = DIRECTION('',(-0.,0.,1.));
#1067 = FACE_BOUND('',#1068,.T.);
#1068 = EDGE_LOOP('',(#1069));
#1069 = ORIENTED_EDGE('',*,*,#1070,.T.);
#1070 = EDGE_CURVE('',#1071,#1071,#1073,.T.);
#1071 = VERTEX_POINT('',#1072);
#1072 = CARTESIAN_POINT('',(42.5,-0.5,28.877));
#1073 = CIRCLE('',#1074,1.1);
#1074 = AXIS2_PLACEMENT_3D('',#1075,#1076,#1077);
#1075 = CARTESIAN_POINT('',(42.5,-0.5,27.777));
#1076 = DIRECTION('',(1.,0.,0.));
#1077 = DIRECTION('',(-0.,0.,1.));
#1078 = FACE_BOUND('',#1079,.T.);
#1079 = EDGE_LOOP('',(#1080,#1090,#1098,#1106,#1114,#1123));
#1080 = ORIENTED_EDGE('',*,*,#1081,.F.);
#1081 = EDGE_CURVE('',#1082,#1084,#1086,.T.);
#1082 = VERTEX_POINT('',#1083);
#1083 = CARTESIAN_POINT('',(42.5,2.53,44.28));
#1084 = VERTEX_POINT('',#1085);
#1085 = CARTESIAN_POINT('',(42.5,13.5,44.28));
#1086 = LINE('',#1087,#1088);
#1087 = CARTESIAN_POINT('',(42.5,4.396001299084,44.28));
#1088 = VECTOR('',#1089,1.);
#1089 = DIRECTION('',(4.930380657631E-32,1.,2.22044604925E-16));
#1090 = ORIENTED_EDGE('',*,*,#1091,.F.);
#1091 = EDGE_CURVE('',#1092,#1082,#1094,.T.);
#1092 = VERTEX_POINT('',#1093);
#1093 = CARTESIAN_POINT('',(42.5,9.33,27.28));
#1094 = LINE('',#1095,#1096);
#1095 = CARTESIAN_POINT('',(42.5,9.984671648114,25.643320879715));
#1096 = VECTOR('',#1097,1.);
#1097 = DIRECTION('',(2.061632400097E-16,-0.371390676354,0.928476690885)
  );
#1098 = ORIENTED_EDGE('',*,*,#1099,.F.);
#1099 = EDGE_CURVE('',#1100,#1092,#1102,.T.);
#1100 = VERTEX_POINT('',#1101);
#1101 = CARTESIAN_POINT('',(42.5,13.5,27.28));
#1102 = LINE('',#1103,#1104);
#1103 = CARTESIAN_POINT('',(42.5,9.881001299084,27.28));
#1104 = VECTOR('',#1105,1.);
#1105 = DIRECTION('',(-4.930380657631E-32,-1.,-2.22044604925E-16));
#1106 = ORIENTED_EDGE('',*,*,#1107,.F.);
#1107 = EDGE_CURVE('',#1108,#1100,#1110,.T.);
#1108 = VERTEX_POINT('',#1109);
#1109 = CARTESIAN_POINT('',(42.5,13.5,28.031033307585));
#1110 = LINE('',#1111,#1112);
#1111 = CARTESIAN_POINT('',(42.5,13.5,33.267852740104));
#1112 = VECTOR('',#1113,1.);
#1113 = DIRECTION('',(-2.22044604925E-16,-4.930380657631E-32,-1.));
#1114 = ORIENTED_EDGE('',*,*,#1115,.F.);
#1115 = EDGE_CURVE('',#1116,#1108,#1118,.T.);
#1116 = VERTEX_POINT('',#1117);
#1117 = CARTESIAN_POINT('',(42.5,13.5,43.522966692415));
#1118 = CIRCLE('',#1119,11.5);
#1119 = AXIS2_PLACEMENT_3D('',#1120,#1121,#1122);
#1120 = CARTESIAN_POINT('',(42.5,22.,35.777));
#1121 = DIRECTION('',(1.,0.,0.));
#1122 = DIRECTION('',(-0.,0.,1.));
#1123 = ORIENTED_EDGE('',*,*,#1124,.F.);
#1124 = EDGE_CURVE('',#1084,#1116,#1125,.T.);
#1125 = LINE('',#1126,#1127);
#1126 = CARTESIAN_POINT('',(42.5,13.5,33.267852740104));
#1127 = VECTOR('',#1128,1.);
#1128 = DIRECTION('',(-2.22044604925E-16,-4.930380657631E-32,-1.));
#1129 = FACE_BOUND('',#1130,.T.);
#1130 = EDGE_LOOP('',(#1131,#1141,#1149,#1157,#1165,#1173,#1181,#1189,
    #1197,#1205,#1213,#1221,#1229,#1237,#1245,#1253,#1261,#1269,#1277,
    #1285,#1293,#1301,#1309,#1317,#1325,#1333,#1341,#1349));
#1131 = ORIENTED_EDGE('',*,*,#1132,.T.);
#1132 = EDGE_CURVE('',#1133,#1135,#1137,.T.);
#1133 = VERTEX_POINT('',#1134);
#1134 = CARTESIAN_POINT('',(42.5,-4.5,26.98));
#1135 = VERTEX_POINT('',#1136);
#1136 = CARTESIAN_POINT('',(42.5,-4.5,37.58));
#1137 = LINE('',#1138,#1139);
#1138 = CARTESIAN_POINT('',(42.5,-4.5,24.617852740104));
#1139 = VECTOR('',#1140,1.);
#1140 = DIRECTION('',(2.22044604925E-16,4.930380657631E-32,1.));
#1141 = ORIENTED_EDGE('',*,*,#1142,.T.);
#1142 = EDGE_CURVE('',#1135,#1143,#1145,.T.);
#1143 = VERTEX_POINT('',#1144);
#1144 = CARTESIAN_POINT('',(42.5,-4.540889008453,37.890582854123));
#1145 = LINE('',#1146,#1147);
#1146 = CARTESIAN_POINT('',(42.5,-3.416768594878,29.352040599508));
#1147 = VECTOR('',#1148,1.);
#1148 = DIRECTION('',(2.201449825487E-16,-0.13052619222,0.991444861374)
  );
#1149 = ORIENTED_EDGE('',*,*,#1150,.T.);
#1150 = EDGE_CURVE('',#1143,#1151,#1153,.T.);
#1151 = VERTEX_POINT('',#1152);
#1152 = CARTESIAN_POINT('',(42.5,-4.660769515459,38.18));
#1153 = LINE('',#1154,#1155);
#1154 = CARTESIAN_POINT('',(42.5,-0.985983631135,29.308282079249));
#1155 = VECTOR('',#1156,1.);
#1156 = DIRECTION('',(2.051424657948E-16,-0.382683432365,0.923879532511)
  );
#1157 = ORIENTED_EDGE('',*,*,#1158,.T.);
#1158 = EDGE_CURVE('',#1151,#1159,#1161,.T.);
#1159 = VERTEX_POINT('',#1160);
#1160 = CARTESIAN_POINT('',(42.5,-4.851471862576,38.428528137424));
#1161 = LINE('',#1162,#1163);
#1162 = CARTESIAN_POINT('',(42.5,1.208589986393,30.53090177486));
#1163 = VECTOR('',#1164,1.);
#1164 = DIRECTION('',(1.761598290109E-16,-0.608761429009,0.793353340291)
  );
#1165 = ORIENTED_EDGE('',*,*,#1166,.T.);
#1166 = EDGE_CURVE('',#1159,#1167,#1169,.T.);
#1167 = VERTEX_POINT('',#1168);
#1168 = CARTESIAN_POINT('',(42.5,-5.1,38.619230484541));
#1169 = LINE('',#1170,#1171);
#1170 = CARTESIAN_POINT('',(42.5,2.551428236685,32.748083101949));
#1171 = VECTOR('',#1172,1.);
#1172 = DIRECTION('',(1.351721909978E-16,-0.793353340291,0.608761429009)
  );
#1173 = ORIENTED_EDGE('',*,*,#1174,.T.);
#1174 = EDGE_CURVE('',#1167,#1175,#1177,.T.);
#1175 = VERTEX_POINT('',#1176);
#1176 = CARTESIAN_POINT('',(42.5,-5.389417145877,38.739110991547));
#1177 = LINE('',#1178,#1179);
#1178 = CARTESIAN_POINT('',(42.5,2.641727794468,35.412501835872));
#1179 = VECTOR('',#1180,1.);
#1180 = DIRECTION('',(8.497279155086E-17,-0.923879532511,0.382683432365)
  );
#1181 = ORIENTED_EDGE('',*,*,#1182,.T.);
#1182 = EDGE_CURVE('',#1175,#1183,#1185,.T.);
#1183 = VERTEX_POINT('',#1184);
#1184 = CARTESIAN_POINT('',(42.5,-5.7,38.78));
#1185 = LINE('',#1186,#1187);
#1186 = CARTESIAN_POINT('',(42.5,1.403594419682,37.844794052801));
#1187 = VECTOR('',#1188,1.);
#1188 = DIRECTION('',(2.898263678387E-17,-0.991444861374,0.13052619222)
  );
#1189 = ORIENTED_EDGE('',*,*,#1190,.T.);
#1190 = EDGE_CURVE('',#1183,#1191,#1193,.T.);
#1191 = VERTEX_POINT('',#1192);
#1192 = CARTESIAN_POINT('',(42.5,-8.3,38.78));
#1193 = LINE('',#1194,#1195);
#1194 = CARTESIAN_POINT('',(42.5,0.281001299084,38.78));
#1195 = VECTOR('',#1196,1.);
#1196 = DIRECTION('',(-4.930380657631E-32,-1.,-2.22044604925E-16));
#1197 = ORIENTED_EDGE('',*,*,#1198,.T.);
#1198 = EDGE_CURVE('',#1191,#1199,#1201,.T.);
#1199 = VERTEX_POINT('',#1200);
#1200 = CARTESIAN_POINT('',(42.5,-8.610582854123,38.739110991547));
#1201 = LINE('',#1202,#1203);
#1202 = CARTESIAN_POINT('',(42.5,-2.212246284595,39.58146798133));
#1203 = VECTOR('',#1204,1.);
#1204 = DIRECTION('',(-2.898263678387E-17,-0.991444861374,-0.13052619222
    ));
#1205 = ORIENTED_EDGE('',*,*,#1206,.T.);
#1206 = EDGE_CURVE('',#1199,#1207,#1209,.T.);
#1207 = VERTEX_POINT('',#1208);
#1208 = CARTESIAN_POINT('',(42.5,-8.9,38.619230484541));
#1209 = LINE('',#1210,#1211);
#1210 = CARTESIAN_POINT('',(42.5,-5.177191937806,40.161268074014));
#1211 = VECTOR('',#1212,1.);
#1212 = DIRECTION('',(-8.497279155086E-17,-0.923879532511,
    -0.382683432365));
#1213 = ORIENTED_EDGE('',*,*,#1214,.T.);
#1214 = EDGE_CURVE('',#1207,#1215,#1217,.T.);
#1215 = VERTEX_POINT('',#1216);
#1216 = CARTESIAN_POINT('',(42.5,-9.148528137424,38.428528137424));
#1217 = LINE('',#1218,#1219);
#1218 = CARTESIAN_POINT('',(42.5,-8.079933444586,39.248489684449));
#1219 = VECTOR('',#1220,1.);
#1220 = DIRECTION('',(-1.351721909978E-16,-0.793353340291,
    -0.608761429009));
#1221 = ORIENTED_EDGE('',*,*,#1222,.T.);
#1222 = EDGE_CURVE('',#1215,#1223,#1225,.T.);
#1223 = VERTEX_POINT('',#1224);
#1224 = CARTESIAN_POINT('',(42.5,-9.339230484541,38.18));
#1225 = LINE('',#1226,#1227);
#1226 = CARTESIAN_POINT('',(42.5,-10.19846693805,37.060221252514));
#1227 = VECTOR('',#1228,1.);
#1228 = DIRECTION('',(-1.761598290109E-16,-0.608761429009,
    -0.793353340291));
#1229 = ORIENTED_EDGE('',*,*,#1230,.T.);
#1230 = EDGE_CURVE('',#1223,#1231,#1233,.T.);
#1231 = VERTEX_POINT('',#1232);
#1232 = CARTESIAN_POINT('',(42.5,-9.459110991547,37.890582854123));
#1233 = LINE('',#1234,#1235);
#1234 = CARTESIAN_POINT('',(42.5,-11.01190080091,34.141816636826));
#1235 = VECTOR('',#1236,1.);
#1236 = DIRECTION('',(-2.051424657948E-16,-0.382683432365,
    -0.923879532511));
#1237 = ORIENTED_EDGE('',*,*,#1238,.T.);
#1238 = EDGE_CURVE('',#1231,#1239,#1241,.T.);
#1239 = VERTEX_POINT('',#1240);
#1240 = CARTESIAN_POINT('',(42.5,-9.5,37.58));
#1241 = LINE('',#1242,#1243);
#1242 = CARTESIAN_POINT('',(42.5,-10.33684101075,31.223561450872));
#1243 = VECTOR('',#1244,1.);
#1244 = DIRECTION('',(-2.201449825487E-16,-0.13052619222,-0.991444861374
    ));
#1245 = ORIENTED_EDGE('',*,*,#1246,.T.);
#1246 = EDGE_CURVE('',#1239,#1247,#1249,.T.);
#1247 = VERTEX_POINT('',#1248);
#1248 = CARTESIAN_POINT('',(42.5,-9.5,26.98));
#1249 = LINE('',#1250,#1251);
#1250 = CARTESIAN_POINT('',(42.5,-9.5,29.917852740104));
#1251 = VECTOR('',#1252,1.);
#1252 = DIRECTION('',(-2.22044604925E-16,-4.930380657631E-32,-1.));
#1253 = ORIENTED_EDGE('',*,*,#1254,.T.);
#1254 = EDGE_CURVE('',#1247,#1255,#1257,.T.);
#1255 = VERTEX_POINT('',#1256);
#1256 = CARTESIAN_POINT('',(42.5,-9.459110991547,26.669417145877));
#1257 = LINE('',#1258,#1259);
#1258 = CARTESIAN_POINT('',(42.5,-9.060046347261,23.638220232796));
#1259 = VECTOR('',#1260,1.);
#1260 = DIRECTION('',(-2.201449825487E-16,0.13052619222,-0.991444861374)
  );
#1261 = ORIENTED_EDGE('',*,*,#1262,.T.);
#1262 = EDGE_CURVE('',#1255,#1263,#1265,.T.);
#1263 = VERTEX_POINT('',#1264);
#1264 = CARTESIAN_POINT('',(42.5,-9.339230484541,26.38));
#1265 = LINE('',#1266,#1267);
#1266 = CARTESIAN_POINT('',(42.5,-7.527717738642,22.006621360437));
#1267 = VECTOR('',#1268,1.);
#1268 = DIRECTION('',(-2.051424657948E-16,0.382683432365,-0.923879532511
    ));
#1269 = ORIENTED_EDGE('',*,*,#1270,.T.);
#1270 = EDGE_CURVE('',#1263,#1271,#1273,.T.);
#1271 = VERTEX_POINT('',#1272);
#1272 = CARTESIAN_POINT('',(42.5,-9.148528137424,26.131471862576));
#1273 = LINE('',#1274,#1275);
#1274 = CARTESIAN_POINT('',(42.5,-5.452455628113,21.314656388582));
#1275 = VECTOR('',#1276,1.);
#1276 = DIRECTION('',(-1.761598290109E-16,0.608761429009,-0.793353340291
    ));
#1277 = ORIENTED_EDGE('',*,*,#1278,.T.);
#1278 = EDGE_CURVE('',#1271,#1279,#1281,.T.);
#1279 = VERTEX_POINT('',#1280);
#1280 = CARTESIAN_POINT('',(42.5,-8.9,25.940769515459));
#1281 = LINE('',#1282,#1283);
#1282 = CARTESIAN_POINT('',(42.5,-3.3628350298,21.691953396933));
#1283 = VECTOR('',#1284,1.);
#1284 = DIRECTION('',(-1.351721909978E-16,0.793353340291,-0.608761429009
    ));
#1285 = ORIENTED_EDGE('',*,*,#1286,.T.);
#1286 = EDGE_CURVE('',#1279,#1287,#1289,.T.);
#1287 = VERTEX_POINT('',#1288);
#1288 = CARTESIAN_POINT('',(42.5,-8.610582854123,25.820889008453));
#1289 = LINE('',#1290,#1291);
#1290 = CARTESIAN_POINT('',(42.5,-1.777777194966,22.990648235371));
#1291 = VECTOR('',#1292,1.);
#1292 = DIRECTION('',(-8.497279155086E-17,0.923879532511,-0.382683432365
    ));
#1293 = ORIENTED_EDGE('',*,*,#1294,.T.);
#1294 = EDGE_CURVE('',#1287,#1295,#1297,.T.);
#1295 = VERTEX_POINT('',#1296);
#1296 = CARTESIAN_POINT('',(42.5,-8.3,25.78));
#1297 = LINE('',#1298,#1299);
#1298 = CARTESIAN_POINT('',(42.5,-1.070298543936,24.828191746498));
#1299 = VECTOR('',#1300,1.);
#1300 = DIRECTION('',(-2.898263678387E-17,0.991444861374,-0.13052619222)
  );
#1301 = ORIENTED_EDGE('',*,*,#1302,.T.);
#1302 = EDGE_CURVE('',#1295,#1303,#1305,.T.);
#1303 = VERTEX_POINT('',#1304);
#1304 = CARTESIAN_POINT('',(42.5,-5.7,25.78));
#1305 = LINE('',#1306,#1307);
#1306 = CARTESIAN_POINT('',(42.5,-1.018998700916,25.78));
#1307 = VECTOR('',#1308,1.);
#1308 = DIRECTION('',(4.930380657631E-32,1.,2.22044604925E-16));
#1309 = ORIENTED_EDGE('',*,*,#1310,.T.);
#1310 = EDGE_CURVE('',#1303,#1311,#1313,.T.);
#1311 = VERTEX_POINT('',#1312);
#1312 = CARTESIAN_POINT('',(42.5,-5.389417145877,25.820889008453));
#1313 = LINE('',#1314,#1315);
#1314 = CARTESIAN_POINT('',(42.5,-4.893617509916E-02,26.523976666574));
#1315 = VECTOR('',#1316,1.);
#1316 = DIRECTION('',(2.898263678387E-17,0.991444861374,0.13052619222));
#1317 = ORIENTED_EDGE('',*,*,#1318,.T.);
#1318 = EDGE_CURVE('',#1311,#1319,#1321,.T.);
#1319 = VERTEX_POINT('',#1320);
#1320 = CARTESIAN_POINT('',(42.5,-5.1,25.940769515459));
#1321 = LINE('',#1322,#1323);
#1322 = CARTESIAN_POINT('',(42.5,-1.047104094249,27.619533966507));
#1323 = VECTOR('',#1324,1.);
#1324 = DIRECTION('',(8.497279155086E-17,0.923879532511,0.382683432365)
  );
#1325 = ORIENTED_EDGE('',*,*,#1326,.T.);
#1326 = EDGE_CURVE('',#1319,#1327,#1329,.T.);
#1327 = VERTEX_POINT('',#1328);
#1328 = CARTESIAN_POINT('',(42.5,-4.851471862576,26.131471862576));
#1329 = LINE('',#1330,#1331);
#1330 = CARTESIAN_POINT('',(42.5,-2.414198315525,28.001657632316));
#1331 = VECTOR('',#1332,1.);
#1332 = DIRECTION('',(1.351721909978E-16,0.793353340291,0.608761429009)
  );
#1333 = ORIENTED_EDGE('',*,*,#1334,.T.);
#1334 = EDGE_CURVE('',#1327,#1335,#1337,.T.);
#1335 = VERTEX_POINT('',#1336);
#1336 = CARTESIAN_POINT('',(42.5,-4.660769515459,26.38));
#1337 = LINE('',#1338,#1339);
#1338 = CARTESIAN_POINT('',(42.5,-3.728123670664,27.595447728812));
#1339 = VECTOR('',#1340,1.);
#1340 = DIRECTION('',(1.761598290109E-16,0.608761429009,0.793353340291)
  );
#1341 = ORIENTED_EDGE('',*,*,#1342,.T.);
#1342 = EDGE_CURVE('',#1335,#1343,#1345,.T.);
#1343 = VERTEX_POINT('',#1344);
#1344 = CARTESIAN_POINT('',(42.5,-4.540889008453,26.669417145877));
#1345 = LINE('',#1346,#1347);
#1346 = CARTESIAN_POINT('',(42.5,-4.590047200416,26.550738772138));
#1347 = VECTOR('',#1348,1.);
#1348 = DIRECTION('',(2.051424657948E-16,0.382683432365,0.923879532511)
  );
#1349 = ORIENTED_EDGE('',*,*,#1350,.T.);
#1350 = EDGE_CURVE('',#1343,#1133,#1351,.T.);
#1351 = LINE('',#1352,#1353);
#1352 = CARTESIAN_POINT('',(42.5,-4.734452266824,25.199158230037));
#1353 = VECTOR('',#1354,1.);
#1354 = DIRECTION('',(2.201449825487E-16,0.13052619222,0.991444861374));
#1355 = FACE_BOUND('',#1356,.T.);
#1356 = EDGE_LOOP('',(#1357));
#1357 = ORIENTED_EDGE('',*,*,#1358,.T.);
#1358 = EDGE_CURVE('',#1359,#1359,#1361,.T.);
#1359 = VERTEX_POINT('',#1360);
#1360 = CARTESIAN_POINT('',(42.5,-0.5,44.877));
#1361 = CIRCLE('',#1362,1.1);
#1362 = AXIS2_PLACEMENT_3D('',#1363,#1364,#1365);
#1363 = CARTESIAN_POINT('',(42.5,-0.5,43.777));
#1364 = DIRECTION('',(1.,0.,0.));
#1365 = DIRECTION('',(-0.,0.,1.));
#1366 = PLANE('',#1367);
#1367 = AXIS2_PLACEMENT_3D('',#1368,#1369,#1370);
#1368 = CARTESIAN_POINT('',(42.5,6.262002598168,22.255705480207));
#1369 = DIRECTION('',(-1.,0.,2.22044604925E-16));
#1370 = DIRECTION('',(2.22044604925E-16,-1.,0.));
#1371 = ADVANCED_FACE('',(#1372,#2071,#2082,#2286,#2297,#2308,#2319,
    #2330,#2381,#2607),#2618,.F.);
#1372 = FACE_BOUND('',#1373,.F.);
#1373 = EDGE_LOOP('',(#1374,#1375,#1376,#1384,#1392,#1400,#1408,#1416,
    #1424,#1432,#1440,#1448,#1456,#1464,#1472,#1480,#1488,#1496,#1504,
    #1512,#1520,#1528,#1536,#1544,#1552,#1560,#1568,#1576,#1584,#1592,
    #1600,#1608,#1616,#1624,#1632,#1640,#1648,#1656,#1664,#1672,#1680,
    #1688,#1696,#1704,#1712,#1720,#1728,#1736,#1744,#1752,#1760,#1768,
    #1776,#1784,#1792,#1800,#1808,#1816,#1824,#1832,#1840,#1848,#1856,
    #1864,#1872,#1880,#1888,#1896,#1904,#1912,#1920,#1928,#1936,#1944,
    #1952,#1960,#1968,#1976,#1984,#1992,#2000,#2008,#2016,#2024,#2032,
    #2040,#2048,#2056,#2064,#2070));
#1374 = ORIENTED_EDGE('',*,*,#31,.T.);
#1375 = ORIENTED_EDGE('',*,*,#93,.T.);
#1376 = ORIENTED_EDGE('',*,*,#1377,.T.);
#1377 = EDGE_CURVE('',#94,#1378,#1380,.T.);
#1378 = VERTEX_POINT('',#1379);
#1379 = CARTESIAN_POINT('',(43.5,10.950842258639,1.038775156811));
#1380 = LINE('',#1381,#1382);
#1381 = CARTESIAN_POINT('',(43.5,10.76705026484,2.251805629803));
#1382 = VECTOR('',#1383,1.);
#1383 = DIRECTION('',(-3.326338745649E-17,0.149804979354,-0.988715564842
    ));
#1384 = ORIENTED_EDGE('',*,*,#1385,.T.);
#1385 = EDGE_CURVE('',#1378,#1386,#1388,.T.);
#1386 = VERTEX_POINT('',#1387);
#1387 = CARTESIAN_POINT('',(43.5,10.998407365292,-0.187177528255));
#1388 = LINE('',#1389,#1390);
#1389 = CARTESIAN_POINT('',(43.5,10.950842258639,1.038775156811));
#1390 = VECTOR('',#1391,1.);
#1391 = DIRECTION('',(-8.608517375081E-18,3.876931564263E-02,
    -0.999248187471));
#1392 = ORIENTED_EDGE('',*,*,#1393,.T.);
#1393 = EDGE_CURVE('',#1386,#1394,#1396,.T.);
#1394 = VERTEX_POINT('',#1395);
#1395 = CARTESIAN_POINT('',(43.5,10.909153881782,-1.410801752057));
#1396 = LINE('',#1397,#1398);
#1397 = CARTESIAN_POINT('',(43.5,10.998407365292,-0.187177528255));
#1398 = VECTOR('',#1399,1.);
#1399 = DIRECTION('',(1.615344141214E-17,-7.274863272445E-02,
    -0.997350307784));
#1400 = ORIENTED_EDGE('',*,*,#1401,.T.);
#1401 = EDGE_CURVE('',#1394,#1402,#1404,.T.);
#1402 = VERTEX_POINT('',#1403);
#1403 = CARTESIAN_POINT('',(43.5,10.684192108478,-2.616875806974));
#1404 = LINE('',#1405,#1406);
#1405 = CARTESIAN_POINT('',(43.5,10.909153881782,-1.410801752057));
#1406 = VECTOR('',#1407,1.);
#1407 = DIRECTION('',(4.071445373439E-17,-0.183361598667,-0.983045535128
    ));
#1408 = ORIENTED_EDGE('',*,*,#1409,.T.);
#1409 = EDGE_CURVE('',#1402,#1410,#1412,.T.);
#1410 = VERTEX_POINT('',#1411);
#1411 = CARTESIAN_POINT('',(43.5,10.326320537168,-3.79039630694));
#1412 = LINE('',#1413,#1414);
#1413 = CARTESIAN_POINT('',(43.5,10.684192108478,-2.616875806974));
#1414 = VECTOR('',#1415,1.);
#1415 = DIRECTION('',(6.476898416574E-17,-0.291693572954,-0.956511818796
    ));
#1416 = ORIENTED_EDGE('',*,*,#1417,.T.);
#1417 = EDGE_CURVE('',#1410,#1418,#1420,.T.);
#1418 = VERTEX_POINT('',#1419);
#1419 = CARTESIAN_POINT('',(43.5,9.839991038218,-4.916764827382));
#1420 = LINE('',#1421,#1422);
#1421 = CARTESIAN_POINT('',(43.5,10.326320537168,-3.79039630694));
#1422 = VECTOR('',#1423,1.);
#1423 = DIRECTION('',(8.801779784142E-17,-0.396396921561,-0.918079234368
    ));
#1424 = ORIENTED_EDGE('',*,*,#1425,.T.);
#1425 = EDGE_CURVE('',#1418,#1426,#1428,.T.);
#1426 = VERTEX_POINT('',#1427);
#1427 = CARTESIAN_POINT('',(43.5,9.23125347996,-5.981969507506));
#1428 = LINE('',#1429,#1430);
#1429 = CARTESIAN_POINT('',(43.5,9.839991038218,-4.916764827382));
#1430 = VECTOR('',#1431,1.);
#1431 = DIRECTION('',(1.101716828961E-16,-0.496169150038,-0.86822587761)
  );
#1432 = ORIENTED_EDGE('',*,*,#1433,.T.);
#1433 = EDGE_CURVE('',#1426,#1434,#1436,.T.);
#1434 = VERTEX_POINT('',#1435);
#1435 = CARTESIAN_POINT('',(43.5,8.507680469201,-6.972759355806));
#1436 = LINE('',#1437,#1438);
#1437 = CARTESIAN_POINT('',(43.5,9.23125347996,-5.981969507506));
#1438 = VECTOR('',#1439,1.);
#1439 = DIRECTION('',(1.309550482174E-16,-0.589769106354,-0.807571917039
    ));
#1440 = ORIENTED_EDGE('',*,*,#1441,.T.);
#1441 = EDGE_CURVE('',#1434,#1442,#1444,.T.);
#1442 = VERTEX_POINT('',#1443);
#1443 = CARTESIAN_POINT('',(43.5,7.678273149101,-7.876809090476));
#1444 = LINE('',#1445,#1446);
#1445 = CARTESIAN_POINT('',(43.5,8.507680469201,-6.972759355806));
#1446 = VECTOR('',#1447,1.);
#1447 = DIRECTION('',(1.501093517593E-16,-0.676032420648,-0.736871879116
    ));
#1448 = ORIENTED_EDGE('',*,*,#1449,.T.);
#1449 = EDGE_CURVE('',#1442,#1450,#1452,.T.);
#1450 = VERTEX_POINT('',#1451);
#1451 = CARTESIAN_POINT('',(43.5,6.753349226254,-8.682872464125));
#1452 = LINE('',#1453,#1454);
#1453 = CARTESIAN_POINT('',(43.5,7.678273149101,-7.876809090476));
#1454 = VECTOR('',#1455,1.);
#1455 = DIRECTION('',(1.67396316768E-16,-0.75388598982,-0.657005262044)
  );
#1456 = ORIENTED_EDGE('',*,*,#1457,.T.);
#1457 = EDGE_CURVE('',#1450,#1458,#1460,.T.);
#1458 = VERTEX_POINT('',#1459);
#1459 = CARTESIAN_POINT('',(43.5,5.744414619921,-9.380922165461));
#1460 = LINE('',#1461,#1462);
#1461 = CARTESIAN_POINT('',(43.5,6.753349226254,-8.682872464125));
#1462 = VECTOR('',#1463,1.);
#1463 = DIRECTION('',(1.826008959095E-16,-0.822361326776,-0.568965594939
    ));
#1464 = ORIENTED_EDGE('',*,*,#1465,.T.);
#1465 = EDGE_CURVE('',#1458,#1466,#1468,.T.);
#1466 = VERTEX_POINT('',#1467);
#1467 = CARTESIAN_POINT('',(43.5,4.664020330062,-9.962274557588));
#1468 = LINE('',#1469,#1470);
#1469 = CARTESIAN_POINT('',(43.5,5.744414619921,-9.380922165461));
#1470 = VECTOR('',#1471,1.);
#1471 = DIRECTION('',(1.955339464277E-16,-0.88060660827,-0.473848078471)
  );
#1472 = ORIENTED_EDGE('',*,*,#1473,.T.);
#1473 = EDGE_CURVE('',#1466,#1474,#1476,.T.);
#1474 = VERTEX_POINT('',#1475);
#1475 = CARTESIAN_POINT('',(43.5,3.525606304721,-10.41969770118));
#1476 = LINE('',#1477,#1478);
#1477 = CARTESIAN_POINT('',(43.5,4.664020330062,-9.962274557588));
#1478 = VECTOR('',#1479,1.);
#1479 = DIRECTION('',(2.060345830527E-16,-0.927897271461,-0.372835960731
    ));
#1480 = ORIENTED_EDGE('',*,*,#1481,.T.);
#1481 = EDGE_CURVE('',#1474,#1482,#1484,.T.);
#1482 = VERTEX_POINT('',#1483);
#1483 = CARTESIAN_POINT('',(43.5,2.343334249025,-10.74750131878));
#1484 = LINE('',#1485,#1486);
#1485 = CARTESIAN_POINT('',(43.5,3.525606304721,-10.41969770118));
#1486 = VECTOR('',#1487,1.);
#1487 = DIRECTION('',(2.139721793898E-16,-0.963645027368,-0.267185817793
    ));
#1488 = ORIENTED_EDGE('',*,*,#1489,.T.);
#1489 = EDGE_CURVE('',#1482,#1490,#1492,.T.);
#1490 = VERTEX_POINT('',#1491);
#1491 = CARTESIAN_POINT('',(43.5,1.131911455628,-10.941607581));
#1492 = LINE('',#1493,#1494);
#1493 = CARTESIAN_POINT('',(43.5,2.343334249025,-10.74750131878));
#1494 = VECTOR('',#1495,1.);
#1495 = DIRECTION('',(2.192479928937E-16,-0.987405179098,-0.158211922088
    ));
#1496 = ORIENTED_EDGE('',*,*,#1497,.T.);
#1497 = EDGE_CURVE('',#1490,#1498,#1500,.T.);
#1498 = VERTEX_POINT('',#1499);
#1499 = CARTESIAN_POINT('',(43.5,-9.35921518733E-02,-10.99960183411));
#1500 = LINE('',#1501,#1502);
#1501 = CARTESIAN_POINT('',(43.5,1.131911455628,-10.941607581));
#1502 = VECTOR('',#1503,1.);
#1503 = DIRECTION('',(2.217963932106E-16,-0.998882153815,
    -4.726989305191E-02));
#1504 = ORIENTED_EDGE('',*,*,#1505,.T.);
#1505 = EDGE_CURVE('',#1498,#1506,#1508,.T.);
#1506 = VERTEX_POINT('',#1507);
#1507 = CARTESIAN_POINT('',(43.5,-1.317931486599,-10.92076263805));
#1508 = LINE('',#1509,#1510);
#1509 = CARTESIAN_POINT('',(43.5,-9.35921518733E-02,-10.99960183411));
#1510 = VECTOR('',#1511,1.);
#1511 = DIRECTION('',(2.215856786107E-16,-0.997933179622,
    6.426016658803E-02));
#1512 = ORIENTED_EDGE('',*,*,#1513,.T.);
#1513 = EDGE_CURVE('',#1506,#1514,#1516,.T.);
#1514 = VERTEX_POINT('',#1515);
#1515 = CARTESIAN_POINT('',(43.5,-2.525875945053,-10.70607074094));
#1516 = LINE('',#1517,#1518);
#1517 = CARTESIAN_POINT('',(43.5,-1.317931486599,-10.92076263805));
#1518 = VECTOR('',#1519,1.);
#1519 = DIRECTION('',(2.18618470353E-16,-0.984570061618,0.174990839089)
  );
#1520 = ORIENTED_EDGE('',*,*,#1521,.T.);
#1521 = EDGE_CURVE('',#1514,#1522,#1524,.T.);
#1522 = VERTEX_POINT('',#1523);
#1523 = CARTESIAN_POINT('',(43.5,-3.702398873622,-10.35819687883));
#1524 = LINE('',#1525,#1526);
#1525 = CARTESIAN_POINT('',(43.5,-2.525875945053,-10.70607074094));
#1526 = VECTOR('',#1527,1.);
#1527 = DIRECTION('',(2.129316800773E-16,-0.958959035052,0.283544650968)
  );
#1528 = ORIENTED_EDGE('',*,*,#1529,.T.);
#1529 = EDGE_CURVE('',#1522,#1530,#1532,.T.);
#1530 = VERTEX_POINT('',#1531);
#1531 = CARTESIAN_POINT('',(43.5,-4.832864497956,-9.881468552012));
#1532 = LINE('',#1533,#1534);
#1533 = CARTESIAN_POINT('',(43.5,-3.702398873622,-10.35819687883));
#1534 = VECTOR('',#1535,1.);
#1535 = DIRECTION('',(2.045960506287E-16,-0.921418697373,0.388571208573)
  );
#1536 = ORIENTED_EDGE('',*,*,#1537,.T.);
#1537 = EDGE_CURVE('',#1530,#1538,#1540,.T.);
#1538 = VERTEX_POINT('',#1539);
#1539 = CARTESIAN_POINT('',(43.5,-5.903209989883,-9.281816191637));
#1540 = LINE('',#1541,#1542);
#1541 = CARTESIAN_POINT('',(43.5,-4.832864497956,-9.881468552012));
#1542 = VECTOR('',#1543,1.);
#1543 = DIRECTION('',(1.937152760267E-16,-0.87241604493,0.488763996781)
  );
#1544 = ORIENTED_EDGE('',*,*,#1545,.T.);
#1545 = EDGE_CURVE('',#1538,#1546,#1548,.T.);
#1546 = VERTEX_POINT('',#1547);
#1547 = CARTESIAN_POINT('',(43.5,-6.900120406947,-8.566699385973));
#1548 = LINE('',#1549,#1550);
#1549 = CARTESIAN_POINT('',(43.5,-5.903209989883,-9.281816191637));
#1550 = VECTOR('',#1551,1.);
#1551 = DIRECTION('',(1.804247115271E-16,-0.812560663602,0.582876631859)
  );
#1552 = ORIENTED_EDGE('',*,*,#1553,.T.);
#1553 = EDGE_CURVE('',#1546,#1554,#1556,.T.);
#1554 = VERTEX_POINT('',#1555);
#1555 = CARTESIAN_POINT('',(43.5,-7.811194328354,-7.745014084216));
#1556 = LINE('',#1557,#1558);
#1557 = CARTESIAN_POINT('',(43.5,-6.900120406947,-8.566699385973));
#1558 = VECTOR('',#1559,1.);
#1559 = DIRECTION('',(1.648896898217E-16,-0.742597145638,0.669738366297)
  );
#1560 = ORIENTED_EDGE('',*,*,#1561,.T.);
#1561 = EDGE_CURVE('',#1554,#1562,#1564,.T.);
#1562 = VERTEX_POINT('',#1563);
#1563 = CARTESIAN_POINT('',(43.5,-8.62509812685,-6.826981932172));
#1564 = LINE('',#1565,#1566);
#1565 = CARTESIAN_POINT('',(43.5,-7.811194328354,-7.745014084216));
#1566 = VECTOR('',#1567,1.);
#1567 = DIRECTION('',(1.473034643244E-16,-0.663395827042,0.748268652733)
  );
#1568 = ORIENTED_EDGE('',*,*,#1569,.T.);
#1569 = EDGE_CURVE('',#1562,#1570,#1572,.T.);
#1570 = VERTEX_POINT('',#1571);
#1571 = CARTESIAN_POINT('',(43.5,-9.331706957398,-5.824023116476));
#1572 = LINE('',#1573,#1574);
#1573 = CARTESIAN_POINT('',(43.5,-8.62509812685,-6.826981932172));
#1574 = VECTOR('',#1575,1.);
#1575 = DIRECTION('',(1.278848051259E-16,-0.575941960711,0.817490585812)
  );
#1576 = ORIENTED_EDGE('',*,*,#1577,.T.);
#1577 = EDGE_CURVE('',#1570,#1578,#1580,.T.);
#1578 = VERTEX_POINT('',#1579);
#1579 = CARTESIAN_POINT('',(43.5,-9.922230708778,-4.748614299118));
#1580 = LINE('',#1581,#1582);
#1581 = CARTESIAN_POINT('',(43.5,-9.331706957398,-5.824023116476));
#1582 = VECTOR('',#1583,1.);
#1583 = DIRECTION('',(1.068752775262E-16,-0.481323460042,0.87654305474)
  );
#1584 = ORIENTED_EDGE('',*,*,#1585,.T.);
#1585 = EDGE_CURVE('',#1578,#1586,#1588,.T.);
#1586 = VERTEX_POINT('',#1587);
#1587 = CARTESIAN_POINT('',(43.5,-10.38932335129,-3.614133409591));
#1588 = LINE('',#1589,#1590);
#1589 = CARTESIAN_POINT('',(43.5,-9.922230708778,-4.748614299118));
#1590 = VECTOR('',#1591,1.);
#1591 = DIRECTION('',(8.453623699722E-17,-0.38071736544,0.92469145538));
#1592 = ORIENTED_EDGE('',*,*,#1593,.T.);
#1593 = EDGE_CURVE('',#1586,#1594,#1596,.T.);
#1594 = VERTEX_POINT('',#1595);
#1595 = CARTESIAN_POINT('',(43.5,-10.7271743203,-2.434693225383));
#1596 = LINE('',#1597,#1598);
#1597 = CARTESIAN_POINT('',(43.5,-10.38932335129,-3.614133409591));
#1598 = VECTOR('',#1599,1.);
#1599 = DIRECTION('',(6.114557795839E-17,-0.275375202109,0.961336828621)
  );
#1600 = ORIENTED_EDGE('',*,*,#1601,.T.);
#1601 = EDGE_CURVE('',#1594,#1602,#1604,.T.);
#1602 = VERTEX_POINT('',#1603);
#1603 = CARTESIAN_POINT('',(43.5,-10.93158079884,-1.224965811076));
#1604 = LINE('',#1605,#1606);
#1605 = CARTESIAN_POINT('',(43.5,-10.7271743203,-2.434693225383));
#1606 = VECTOR('',#1607,1.);
#1607 = DIRECTION('',(3.699427681083E-17,-0.16660741126,0.986023311344)
  );
#1608 = ORIENTED_EDGE('',*,*,#1609,.T.);
#1609 = EDGE_CURVE('',#1602,#1610,#1612,.T.);
#1610 = VERTEX_POINT('',#1611);
#1611 = CARTESIAN_POINT('',(43.5,-11.,-1.569156083987E-15));
#1612 = LINE('',#1613,#1614);
#1613 = CARTESIAN_POINT('',(43.5,-10.93158079884,-1.224965811076));
#1614 = VECTOR('',#1615,1.);
#1615 = DIRECTION('',(1.238277223296E-17,-5.576704841416E-02,
    0.998443807288));
#1616 = ORIENTED_EDGE('',*,*,#1617,.T.);
#1617 = EDGE_CURVE('',#1610,#1618,#1620,.T.);
#1618 = VERTEX_POINT('',#1619);
#1619 = CARTESIAN_POINT('',(43.5,-12.,35.06));
#1620 = LINE('',#1621,#1622);
#1621 = CARTESIAN_POINT('',(43.5,-11.,-1.569156083987E-15));
#1622 = VECTOR('',#1623,1.);
#1623 = DIRECTION('',(6.33069992817E-18,-2.85109378375E-02,
    0.999593480583));
#1624 = ORIENTED_EDGE('',*,*,#1625,.T.);
#1625 = EDGE_CURVE('',#1618,#1626,#1628,.T.);
#1626 = VERTEX_POINT('',#1627);
#1627 = CARTESIAN_POINT('',(43.5,-11.94221672006,36.236205683955));
#1628 = LINE('',#1629,#1630);
#1629 = CARTESIAN_POINT('',(43.5,-12.,35.06));
#1630 = VECTOR('',#1631,1.);
#1631 = DIRECTION('',(-1.089521236062E-17,4.906767432742E-02,
    0.998795456205));
#1632 = ORIENTED_EDGE('',*,*,#1633,.T.);
#1633 = EDGE_CURVE('',#1626,#1634,#1636,.T.);
#1634 = VERTEX_POINT('',#1635);
#1635 = CARTESIAN_POINT('',(43.5,-11.76942336483,37.401083864194));
#1636 = LINE('',#1637,#1638);
#1637 = CARTESIAN_POINT('',(43.5,-11.94221672006,36.236205683955));
#1638 = VECTOR('',#1639,1.);
#1639 = DIRECTION('',(-3.25807102309E-17,0.146730474455,0.989176509965)
  );
#1640 = ORIENTED_EDGE('',*,*,#1641,.T.);
#1641 = EDGE_CURVE('',#1634,#1642,#1644,.T.);
#1642 = VERTEX_POINT('',#1643);
#1643 = CARTESIAN_POINT('',(43.5,-11.48328402878,38.543416127054));
#1644 = LINE('',#1645,#1646);
#1645 = CARTESIAN_POINT('',(43.5,-11.76942336483,37.401083864194));
#1646 = VECTOR('',#1647,1.);
#1647 = DIRECTION('',(-5.395243805123E-17,0.242980179903,0.970031253195)
  );
#1648 = ORIENTED_EDGE('',*,*,#1649,.T.);
#1649 = EDGE_CURVE('',#1642,#1650,#1652,.T.);
#1650 = VERTEX_POINT('',#1651);
#1651 = CARTESIAN_POINT('',(43.5,-11.08655439013,39.652201188381));
#1652 = LINE('',#1653,#1654);
#1653 = CARTESIAN_POINT('',(43.5,-11.48328402878,38.543416127054));
#1654 = VECTOR('',#1655,1.);
#1655 = DIRECTION('',(-7.480457439973E-17,0.336889853392,0.941544065183)
  );
#1656 = ORIENTED_EDGE('',*,*,#1657,.T.);
#1657 = EDGE_CURVE('',#1650,#1658,#1660,.T.);
#1658 = VERTEX_POINT('',#1659);
#1659 = CARTESIAN_POINT('',(43.5,-10.58305517218,40.716760841912));
#1660 = LINE('',#1661,#1662);
#1661 = CARTESIAN_POINT('',(43.5,-11.08655439013,39.652201188381));
#1662 = VECTOR('',#1663,1.);
#1663 = DIRECTION('',(-9.493630180441E-17,0.42755509343,0.903989293123)
  );
#1664 = ORIENTED_EDGE('',*,*,#1665,.T.);
#1665 = EDGE_CURVE('',#1658,#1666,#1668,.T.);
#1666 = VERTEX_POINT('',#1667);
#1667 = CARTESIAN_POINT('',(43.5,-9.977635347631,41.726842796235));
#1668 = LINE('',#1669,#1670);
#1669 = CARTESIAN_POINT('',(43.5,-10.58305517218,40.716760841912));
#1670 = VECTOR('',#1671,1.);
#1671 = DIRECTION('',(-1.141537407253E-16,0.514102744193,0.85772861));
#1672 = ORIENTED_EDGE('',*,*,#1673,.T.);
#1673 = EDGE_CURVE('',#1666,#1674,#1676,.T.);
#1674 = VERTEX_POINT('',#1675);
#1675 = CARTESIAN_POINT('',(43.5,-9.276125440353,42.672719409964));
#1676 = LINE('',#1677,#1678);
#1677 = CARTESIAN_POINT('',(43.5,-9.977635347631,41.726842796235));
#1678 = VECTOR('',#1679,1.);
#1679 = DIRECTION('',(-1.322718167201E-16,0.595699304492,0.803207531481)
  );
#1680 = ORIENTED_EDGE('',*,*,#1681,.T.);
#1681 = EDGE_CURVE('',#1674,#1682,#1684,.T.);
#1682 = VERTEX_POINT('',#1683);
#1683 = CARTESIAN_POINT('',(43.5,-8.485281374239,43.545281374239));
#1684 = LINE('',#1685,#1686);
#1685 = CARTESIAN_POINT('',(43.5,-9.276125440353,42.672719409964));
#1686 = VECTOR('',#1687,1.);
#1687 = DIRECTION('',(-1.491160428129E-16,0.671558954847,0.740951125355)
  );
#1688 = ORIENTED_EDGE('',*,*,#1689,.T.);
#1689 = EDGE_CURVE('',#1682,#1690,#1692,.T.);
#1690 = VERTEX_POINT('',#1691);
#1691 = CARTESIAN_POINT('',(43.5,-7.612719409964,44.336125440353));
#1692 = LINE('',#1693,#1694);
#1693 = CARTESIAN_POINT('',(43.5,-8.485281374239,43.545281374239));
#1694 = VECTOR('',#1695,1.);
#1695 = DIRECTION('',(-1.645241998982E-16,0.740951125355,0.671558954847)
  );
#1696 = ORIENTED_EDGE('',*,*,#1697,.T.);
#1697 = EDGE_CURVE('',#1690,#1698,#1700,.T.);
#1698 = VERTEX_POINT('',#1699);
#1699 = CARTESIAN_POINT('',(43.5,-6.666842796235,45.037635347631));
#1700 = LINE('',#1701,#1702);
#1701 = CARTESIAN_POINT('',(43.5,-7.612719409964,44.336125440353));
#1702 = VECTOR('',#1703,1.);
#1703 = DIRECTION('',(-1.783478990004E-16,0.803207531481,0.595699304492)
  );
#1704 = ORIENTED_EDGE('',*,*,#1705,.T.);
#1705 = EDGE_CURVE('',#1698,#1706,#1708,.T.);
#1706 = VERTEX_POINT('',#1707);
#1707 = CARTESIAN_POINT('',(43.5,-5.656760841912,45.64305517218));
#1708 = LINE('',#1709,#1710);
#1709 = CARTESIAN_POINT('',(43.5,-6.666842796235,45.037635347631));
#1710 = VECTOR('',#1711,1.);
#1711 = DIRECTION('',(-1.904540103404E-16,0.85772861,0.514102744193));
#1712 = ORIENTED_EDGE('',*,*,#1713,.T.);
#1713 = EDGE_CURVE('',#1706,#1714,#1716,.T.);
#1714 = VERTEX_POINT('',#1715);
#1715 = CARTESIAN_POINT('',(43.5,-4.592201188381,46.146554390135));
#1716 = LINE('',#1717,#1718);
#1717 = CARTESIAN_POINT('',(43.5,-5.656760841912,45.64305517218));
#1718 = VECTOR('',#1719,1.);
#1719 = DIRECTION('',(-2.007259454481E-16,0.903989293123,0.42755509343)
  );
#1720 = ORIENTED_EDGE('',*,*,#1721,.T.);
#1721 = EDGE_CURVE('',#1714,#1722,#1724,.T.);
#1722 = VERTEX_POINT('',#1723);
#1723 = CARTESIAN_POINT('',(43.5,-3.483416127054,46.543284028787));
#1724 = LINE('',#1725,#1726);
#1725 = CARTESIAN_POINT('',(43.5,-4.592201188381,46.146554390135));
#1726 = VECTOR('',#1727,1.);
#1727 = DIRECTION('',(-2.090647799731E-16,0.941544065183,0.336889853392)
  );
#1728 = ORIENTED_EDGE('',*,*,#1729,.T.);
#1729 = EDGE_CURVE('',#1722,#1730,#1732,.T.);
#1730 = VERTEX_POINT('',#1731);
#1731 = CARTESIAN_POINT('',(43.5,-2.341083864194,46.829423364839));
#1732 = LINE('',#1733,#1734);
#1733 = CARTESIAN_POINT('',(43.5,-3.483416127054,46.543284028787));
#1734 = VECTOR('',#1735,1.);
#1735 = DIRECTION('',(-2.153902063805E-16,0.970031253195,0.242980179903)
  );
#1736 = ORIENTED_EDGE('',*,*,#1737,.T.);
#1737 = EDGE_CURVE('',#1730,#1738,#1740,.T.);
#1738 = VERTEX_POINT('',#1739);
#1739 = CARTESIAN_POINT('',(43.5,-1.176205683955,47.002216720066));
#1740 = LINE('',#1741,#1742);
#1741 = CARTESIAN_POINT('',(43.5,-2.341083864194,46.829423364839));
#1742 = VECTOR('',#1743,1.);
#1743 = DIRECTION('',(-2.196413073563E-16,0.989176509965,0.146730474455)
  );
#1744 = ORIENTED_EDGE('',*,*,#1745,.T.);
#1745 = EDGE_CURVE('',#1738,#1746,#1748,.T.);
#1746 = VERTEX_POINT('',#1747);
#1747 = CARTESIAN_POINT('',(43.5,-9.714631028284E-15,47.06));
#1748 = LINE('',#1749,#1750);
#1749 = CARTESIAN_POINT('',(43.5,-1.176205683955,47.002216720066));
#1750 = VECTOR('',#1751,1.);
#1751 = DIRECTION('',(-2.21777142474E-16,0.998795456205,
    4.906767432742E-02));
#1752 = ORIENTED_EDGE('',*,*,#1753,.T.);
#1753 = EDGE_CURVE('',#1746,#1754,#1756,.T.);
#1754 = VERTEX_POINT('',#1755);
#1755 = CARTESIAN_POINT('',(43.5,22.,46.7806));
#1756 = LINE('',#1757,#1758);
#1757 = CARTESIAN_POINT('',(43.5,-9.714631028284E-15,47.06));
#1758 = VECTOR('',#1759,1.);
#1759 = DIRECTION('',(-2.220267003037E-16,0.999919364754,
    -1.269897593238E-02));
#1760 = ORIENTED_EDGE('',*,*,#1761,.T.);
#1761 = EDGE_CURVE('',#1754,#1762,#1764,.T.);
#1762 = VERTEX_POINT('',#1763);
#1763 = CARTESIAN_POINT('',(43.5,23.221984639354,46.708914449957));
#1764 = LINE('',#1765,#1766);
#1765 = CARTESIAN_POINT('',(43.5,22.,46.7806));
#1766 = VECTOR('',#1767,1.);
#1767 = DIRECTION('',(-2.216635190803E-16,0.998283741932,
    -5.856253575905E-02));
#1768 = ORIENTED_EDGE('',*,*,#1769,.T.);
#1769 = EDGE_CURVE('',#1762,#1770,#1772,.T.);
#1770 = VERTEX_POINT('',#1771);
#1771 = CARTESIAN_POINT('',(43.5,24.42884209756,46.505500643851));
#1772 = LINE('',#1773,#1774);
#1773 = CARTESIAN_POINT('',(43.5,23.221984639354,46.708914449957));
#1774 = VECTOR('',#1775,1.);
#1775 = DIRECTION('',(-2.189562712319E-16,0.98609138153,-0.166204053114)
  );
#1776 = ORIENTED_EDGE('',*,*,#1777,.T.);
#1777 = EDGE_CURVE('',#1770,#1778,#1780,.T.);
#1778 = VERTEX_POINT('',#1779);
#1779 = CARTESIAN_POINT('',(43.5,25.605632455733,46.169276680024));
#1780 = LINE('',#1781,#1782);
#1781 = CARTESIAN_POINT('',(43.5,24.42884209756,46.505500643851));
#1782 = VECTOR('',#1783,1.);
#1783 = DIRECTION('',(-2.13501293873E-16,0.96152434753,-0.274719728283)
  );
#1784 = ORIENTED_EDGE('',*,*,#1785,.T.);
#1785 = EDGE_CURVE('',#1778,#1786,#1788,.T.);
#1786 = VERTEX_POINT('',#1787);
#1787 = CARTESIAN_POINT('',(43.5,26.737788001361,45.704404739113));
#1788 = LINE('',#1789,#1790);
#1789 = CARTESIAN_POINT('',(43.5,25.605632455733,46.169276680024));
#1790 = VECTOR('',#1791,1.);
#1791 = DIRECTION('',(-2.054033432363E-16,0.92505442006,-0.379834595486)
  );
#1792 = ORIENTED_EDGE('',*,*,#1793,.T.);
#1793 = EDGE_CURVE('',#1786,#1794,#1796,.T.);
#1794 = VERTEX_POINT('',#1795);
#1795 = CARTESIAN_POINT('',(43.5,27.811293564796,45.116639559627));
#1796 = LINE('',#1797,#1798);
#1797 = CARTESIAN_POINT('',(43.5,26.737788001361,45.704404739113));
#1798 = VECTOR('',#1799,1.);
#1799 = DIRECTION('',(-1.947626653987E-16,0.877133067315,-0.480247417716
    ));
#1800 = ORIENTED_EDGE('',*,*,#1801,.T.);
#1801 = EDGE_CURVE('',#1794,#1802,#1804,.T.);
#1802 = VERTEX_POINT('',#1803);
#1803 = CARTESIAN_POINT('',(43.5,28.812860015719,44.413257198939));
#1804 = LINE('',#1805,#1806);
#1805 = CARTESIAN_POINT('',(43.5,27.811293564796,45.116639559627));
#1806 = VECTOR('',#1807,1.);
#1807 = DIRECTION('',(-1.817109833426E-16,0.818353516871,-0.574715165473
    ));
#1808 = ORIENTED_EDGE('',*,*,#1809,.T.);
#1809 = EDGE_CURVE('',#1802,#1810,#1812,.T.);
#1810 = VERTEX_POINT('',#1811);
#1811 = CARTESIAN_POINT('',(43.5,29.730088771817,43.602964961577));
#1812 = LINE('',#1813,#1814);
#1813 = CARTESIAN_POINT('',(43.5,28.812860015719,44.413257198939));
#1814 = VECTOR('',#1815,1.);
#1815 = DIRECTION('',(-1.66409866332E-16,0.749443412004,-0.662068404475)
  );
#1816 = ORIENTED_EDGE('',*,*,#1817,.T.);
#1817 = EDGE_CURVE('',#1810,#1818,#1820,.T.);
#1818 = VERTEX_POINT('',#1819);
#1819 = CARTESIAN_POINT('',(43.5,30.551625283204,42.695793609847));
#1820 = LINE('',#1821,#1822);
#1821 = CARTESIAN_POINT('',(43.5,29.730088771817,43.602964961577));
#1822 = VECTOR('',#1823,1.);
#1823 = DIRECTION('',(-1.490487298157E-16,0.671255804058,-0.741225772298
    ));
#1824 = ORIENTED_EDGE('',*,*,#1825,.T.);
#1825 = EDGE_CURVE('',#1818,#1826,#1828,.T.);
#1826 = VERTEX_POINT('',#1827);
#1827 = CARTESIAN_POINT('',(43.5,31.267299592561,41.702973191107));
#1828 = LINE('',#1829,#1830);
#1829 = CARTESIAN_POINT('',(43.5,30.551625283204,42.695793609847));
#1830 = VECTOR('',#1831,1.);
#1831 = DIRECTION('',(-1.298424906171E-16,0.58475859236,-0.811207364773)
  );
#1832 = ORIENTED_EDGE('',*,*,#1833,.T.);
#1833 = EDGE_CURVE('',#1826,#1834,#1836,.T.);
#1834 = VERTEX_POINT('',#1835);
#1835 = CARTESIAN_POINT('',(43.5,31.868252230978,40.636794018865));
#1836 = LINE('',#1837,#1838);
#1837 = CARTESIAN_POINT('',(43.5,31.267299592561,41.702973191107));
#1838 = VECTOR('',#1839,1.);
#1839 = DIRECTION('',(-1.09028906438E-16,0.491022542407,-0.871146866406)
  );
#1840 = ORIENTED_EDGE('',*,*,#1841,.T.);
#1841 = EDGE_CURVE('',#1834,#1842,#1844,.T.);
#1842 = VERTEX_POINT('',#1843);
#1843 = CARTESIAN_POINT('',(43.5,32.347043891012,39.510454528647));
#1844 = LINE('',#1845,#1846);
#1845 = CARTESIAN_POINT('',(43.5,31.868252230978,40.636794018865));
#1846 = VECTOR('',#1847,1.);
#1847 = DIRECTION('',(-8.686563261061E-17,0.391208030656,-0.920302274663
    ));
#1848 = ORIENTED_EDGE('',*,*,#1849,.T.);
#1849 = EDGE_CURVE('',#1842,#1850,#1852,.T.);
#1850 = VERTEX_POINT('',#1851);
#1851 = CARTESIAN_POINT('',(43.5,32.697747519293,38.33789789204));
#1852 = LINE('',#1853,#1854);
#1853 = CARTESIAN_POINT('',(43.5,32.347043891012,39.510454528647));
#1854 = VECTOR('',#1855,1.);
#1855 = DIRECTION('',(-6.362703253305E-17,0.286550680007,-0.958065085361
    ));
#1856 = ORIENTED_EDGE('',*,*,#1857,.T.);
#1857 = EDGE_CURVE('',#1850,#1858,#1860,.T.);
#1858 = VERTEX_POINT('',#1859);
#1859 = CARTESIAN_POINT('',(43.5,32.916021688653,37.133639411509));
#1860 = LINE('',#1861,#1862);
#1861 = CARTESIAN_POINT('',(43.5,32.697747519293,38.33789789204));
#1862 = VECTOR('',#1863,1.);
#1863 = DIRECTION('',(-3.960078127228E-17,0.178346063781,-0.983967825457
    ));
#1864 = ORIENTED_EDGE('',*,*,#1865,.T.);
#1865 = EDGE_CURVE('',#1858,#1866,#1868,.T.);
#1866 = VERTEX_POINT('',#1867);
#1867 = CARTESIAN_POINT('',(43.5,32.999164341476,35.912586832697));
#1868 = LINE('',#1869,#1870);
#1869 = CARTESIAN_POINT('',(43.5,32.916021688653,37.133639411509));
#1870 = VECTOR('',#1871,1.);
#1871 = DIRECTION('',(-1.508430437969E-17,6.793366758352E-02,
    -0.997689839985));
#1872 = ORIENTED_EDGE('',*,*,#1873,.T.);
#1873 = EDGE_CURVE('',#1866,#1874,#1876,.T.);
#1874 = VERTEX_POINT('',#1875);
#1875 = CARTESIAN_POINT('',(43.5,32.94614623899,34.689855798597));
#1876 = LINE('',#1877,#1878);
#1877 = CARTESIAN_POINT('',(43.5,32.999164341476,35.912586832697));
#1878 = VECTOR('',#1879,1.);
#1879 = DIRECTION('',(9.618903996663E-18,-4.331969245508E-02,
    -0.999061261508));
#1880 = ORIENTED_EDGE('',*,*,#1881,.T.);
#1881 = EDGE_CURVE('',#1874,#1882,#1884,.T.);
#1882 = VERTEX_POINT('',#1883);
#1883 = CARTESIAN_POINT('',(43.5,32.757623702407,33.48058273012));
#1884 = LINE('',#1885,#1886);
#1885 = CARTESIAN_POINT('',(43.5,32.94614623899,34.689855798597));
#1886 = VECTOR('',#1887,1.);
#1887 = DIRECTION('',(3.420303812403E-17,-0.15403678975,-0.988065112937)
  );
#1888 = ORIENTED_EDGE('',*,*,#1889,.T.);
#1889 = EDGE_CURVE('',#1882,#1890,#1892,.T.);
#1890 = VERTEX_POINT('',#1891);
#1891 = CARTESIAN_POINT('',(43.5,32.435930488201,32.299737449453));
#1892 = LINE('',#1893,#1894);
#1893 = CARTESIAN_POINT('',(43.5,32.757623702407,33.48058273012));
#1894 = VECTOR('',#1895,1.);
#1895 = DIRECTION('',(5.836376631253E-17,-0.262847036217,-0.964837517695
    ));
#1896 = ORIENTED_EDGE('',*,*,#1897,.T.);
#1897 = EDGE_CURVE('',#1890,#1898,#1900,.T.);
#1898 = VERTEX_POINT('',#1899);
#1899 = CARTESIAN_POINT('',(43.5,31.985048898086,31.161937865766));
#1900 = LINE('',#1901,#1902);
#1901 = CARTESIAN_POINT('',(43.5,32.435930488201,32.299737449453));
#1902 = VECTOR('',#1903,1.);
#1903 = DIRECTION('',(8.180199829521E-17,-0.36840344904,-0.929666014618)
  );
#1904 = ORIENTED_EDGE('',*,*,#1905,.T.);
#1905 = EDGE_CURVE('',#1898,#1906,#1908,.T.);
#1906 = VERTEX_POINT('',#1907);
#1907 = CARTESIAN_POINT('',(43.5,31.410560481347,30.081269017333));
#1908 = LINE('',#1909,#1910);
#1909 = CARTESIAN_POINT('',(43.5,31.985048898086,31.161937865766));
#1910 = VECTOR('',#1911,1.);
#1911 = DIRECTION('',(1.042275877236E-16,-0.469399325234,-0.882985998456
    ));
#1912 = ORIENTED_EDGE('',*,*,#1913,.T.);
#1913 = EDGE_CURVE('',#1906,#1914,#1916,.T.);
#1914 = VERTEX_POINT('',#1915);
#1915 = CARTESIAN_POINT('',(43.5,30.719576939774,29.071108710145));
#1916 = LINE('',#1917,#1918);
#1917 = CARTESIAN_POINT('',(43.5,31.410560481347,30.081269017333));
#1918 = VECTOR('',#1919,1.);
#1919 = DIRECTION('',(1.253629239448E-16,-0.564584417564,-0.825375330043
    ));
#1920 = ORIENTED_EDGE('',*,*,#1921,.T.);
#1921 = EDGE_CURVE('',#1914,#1922,#1924,.T.);
#1922 = VERTEX_POINT('',#1923);
#1923 = CARTESIAN_POINT('',(43.5,29.92065209055,28.143961911502));
#1924 = LINE('',#1925,#1926);
#1925 = CARTESIAN_POINT('',(43.5,30.719576939774,29.071108710145));
#1926 = VECTOR('',#1927,1.);
#1927 = DIRECTION('',(1.449463685965E-16,-0.6527804116,-0.757547182842)
  );
#1928 = ORIENTED_EDGE('',*,*,#1929,.T.);
#1929 = EDGE_CURVE('',#1922,#1930,#1932,.T.);
#1930 = VERTEX_POINT('',#1931);
#1931 = CARTESIAN_POINT('',(43.5,29.023675976911,27.311305948632));
#1932 = LINE('',#1933,#1934);
#1933 = CARTESIAN_POINT('',(43.5,29.92065209055,28.143961911502));
#1934 = VECTOR('',#1935,1.);
#1935 = DIRECTION('',(1.627354944787E-16,-0.732895512294,-0.680341214435
    ));
#1936 = ORIENTED_EDGE('',*,*,#1937,.T.);
#1937 = EDGE_CURVE('',#1930,#1938,#1940,.T.);
#1938 = VERTEX_POINT('',#1939);
#1939 = CARTESIAN_POINT('',(43.5,28.039752437415,26.583448428668));
#1940 = LINE('',#1941,#1942);
#1941 = CARTESIAN_POINT('',(43.5,29.023675976911,27.311305948632));
#1942 = VECTOR('',#1943,1.);
#1943 = DIRECTION('',(1.785100866058E-16,-0.80393795952,-0.594713172246)
  );
#1944 = ORIENTED_EDGE('',*,*,#1945,.T.);
#1945 = EDGE_CURVE('',#1938,#1946,#1948,.T.);
#1946 = VERTEX_POINT('',#1947);
#1947 = CARTESIAN_POINT('',(43.5,26.981061649406,25.96939963881));
#1948 = LINE('',#1949,#1950);
#1949 = CARTESIAN_POINT('',(43.5,28.039752437415,26.583448428668));
#1950 = VECTOR('',#1951,1.);
#1951 = DIRECTION('',(1.920748682902E-16,-0.865028305259,-0.501723062157
    ));
#1952 = ORIENTED_EDGE('',*,*,#1953,.T.);
#1953 = EDGE_CURVE('',#1946,#1954,#1956,.T.);
#1954 = VERTEX_POINT('',#1955);
#1955 = CARTESIAN_POINT('',(43.5,25.86070934827,25.476761006259));
#1956 = LINE('',#1957,#1958);
#1957 = CARTESIAN_POINT('',(43.5,26.981061649406,25.96939963881));
#1958 = VECTOR('',#1959,1.);
#1959 = DIRECTION('',(2.032619185098E-16,-0.915410300459,-0.402522026495
    ));
#1960 = ORIENTED_EDGE('',*,*,#1961,.T.);
#1961 = EDGE_CURVE('',#1954,#1962,#1964,.T.);
#1962 = VERTEX_POINT('',#1963);
#1963 = CARTESIAN_POINT('',(43.5,24.692564589038,25.111630998701));
#1964 = LINE('',#1965,#1966);
#1965 = CARTESIAN_POINT('',(43.5,25.86070934827,25.476761006259));
#1966 = VECTOR('',#1967,1.);
#1967 = DIRECTION('',(2.119327506339E-16,-0.954460256782,-0.298338093818
    ));
#1968 = ORIENTED_EDGE('',*,*,#1969,.T.);
#1969 = EDGE_CURVE('',#1962,#1970,#1972,.T.);
#1970 = VERTEX_POINT('',#1971);
#1971 = CARTESIAN_POINT('',(43.5,23.491088058702,24.87852963021));
#1972 = LINE('',#1973,#1974);
#1973 = CARTESIAN_POINT('',(43.5,24.692564589038,25.111630998701));
#1974 = VECTOR('',#1975,1.);
#1975 = DIRECTION('',(2.179800267764E-16,-0.981694767364,-0.19046097692)
  );
#1976 = ORIENTED_EDGE('',*,*,#1977,.T.);
#1977 = EDGE_CURVE('',#1970,#1978,#1980,.T.);
#1978 = VERTEX_POINT('',#1979);
#1979 = CARTESIAN_POINT('',(43.5,22.271153064613,24.780342507127));
#1980 = LINE('',#1981,#1982);
#1981 = CARTESIAN_POINT('',(43.5,23.491088058702,24.87852963021));
#1982 = VECTOR('',#1983,1.);
#1983 = DIRECTION('',(2.213288865514E-16,-0.996776690999,
    -8.022610722613E-02));
#1984 = ORIENTED_EDGE('',*,*,#1985,.T.);
#1985 = EDGE_CURVE('',#1978,#1986,#1988,.T.);
#1986 = VERTEX_POINT('',#1987);
#1987 = CARTESIAN_POINT('',(43.5,21.047861414969,24.818285106597));
#1988 = LINE('',#1989,#1990);
#1989 = CARTESIAN_POINT('',(43.5,22.271153064613,24.780342507127));
#1990 = VECTOR('',#1991,1.);
#1991 = DIRECTION('',(2.219378737843E-16,-0.999519325675,
    3.100189676527E-02));
#1992 = ORIENTED_EDGE('',*,*,#1993,.T.);
#1993 = EDGE_CURVE('',#1986,#1994,#1996,.T.);
#1994 = VERTEX_POINT('',#1995);
#1995 = CARTESIAN_POINT('',(43.5,19.836356470649,24.991887729935));
#1996 = LINE('',#1997,#1998);
#1997 = CARTESIAN_POINT('',(43.5,21.047861414969,24.818285106597));
#1998 = VECTOR('',#1999,1.);
#1999 = DIRECTION('',(2.19799449706E-16,-0.989888719792,0.141846122358)
  );
#2000 = ORIENTED_EDGE('',*,*,#2001,.T.);
#2001 = EDGE_CURVE('',#1994,#2002,#2004,.T.);
#2002 = VERTEX_POINT('',#2003);
#2003 = CARTESIAN_POINT('',(43.5,18.651635682655,25.299001317125));
#2004 = LINE('',#2005,#2006);
#2005 = CARTESIAN_POINT('',(43.5,19.836356470649,24.991887729935));
#2006 = VECTOR('',#2007,1.);
#2007 = DIRECTION('',(2.149400862764E-16,-0.968004092461,0.250934407721)
  );
#2008 = ORIENTED_EDGE('',*,*,#2009,.T.);
#2009 = EDGE_CURVE('',#2002,#2010,#2012,.T.);
#2010 = VERTEX_POINT('',#2011);
#2011 = CARTESIAN_POINT('',(43.5,17.508364935805,25.735824050437));
#2012 = LINE('',#2013,#2014);
#2013 = CARTESIAN_POINT('',(43.5,18.651635682655,25.299001317125));
#2014 = VECTOR('',#2015,1.);
#2015 = DIRECTION('',(2.07419938483E-16,-0.934136357661,0.356916328143)
  );
#2016 = ORIENTED_EDGE('',*,*,#2017,.T.);
#2017 = EDGE_CURVE('',#2010,#2018,#2020,.T.);
#2018 = VERTEX_POINT('',#2019);
#2019 = CARTESIAN_POINT('',(43.5,15.98,25.81));
#2020 = LINE('',#2021,#2022);
#2021 = CARTESIAN_POINT('',(43.5,17.508364935805,25.735824050437));
#2022 = VECTOR('',#2023,1.);
#2023 = DIRECTION('',(2.217835595884E-16,-0.998824356319,
    4.847582101725E-02));
#2024 = ORIENTED_EDGE('',*,*,#2025,.T.);
#2025 = EDGE_CURVE('',#2018,#2026,#2028,.T.);
#2026 = VERTEX_POINT('',#2027);
#2027 = CARTESIAN_POINT('',(43.5,14.51,25.47));
#2028 = LINE('',#2029,#2030);
#2029 = CARTESIAN_POINT('',(43.5,15.98,25.81));
#2030 = VECTOR('',#2031,1.);
#2031 = DIRECTION('',(2.163334781975E-16,-0.974279371798,-0.225343528171
    ));
#2032 = ORIENTED_EDGE('',*,*,#2033,.T.);
#2033 = EDGE_CURVE('',#2026,#2034,#2036,.T.);
#2034 = VERTEX_POINT('',#2035);
#2035 = CARTESIAN_POINT('',(43.5,13.2,24.72));
#2036 = LINE('',#2037,#2038);
#2037 = CARTESIAN_POINT('',(43.5,14.51,25.47));
#2038 = VECTOR('',#2039,1.);
#2039 = DIRECTION('',(1.926981186651E-16,-0.867835175415,-0.496852199665
    ));
#2040 = ORIENTED_EDGE('',*,*,#2041,.T.);
#2041 = EDGE_CURVE('',#2034,#2042,#2044,.T.);
#2042 = VERTEX_POINT('',#2043);
#2043 = CARTESIAN_POINT('',(43.5,12.18,23.62));
#2044 = LINE('',#2045,#2046);
#2045 = CARTESIAN_POINT('',(43.5,13.2,24.72));
#2046 = VECTOR('',#2047,1.);
#2047 = DIRECTION('',(1.509769117755E-16,-0.679939563614,-0.733268156838
    ));
#2048 = ORIENTED_EDGE('',*,*,#2049,.T.);
#2049 = EDGE_CURVE('',#2042,#2050,#2052,.T.);
#2050 = VERTEX_POINT('',#2051);
#2051 = CARTESIAN_POINT('',(43.5,10.74,21.29));
#2052 = LINE('',#2053,#2054);
#2053 = CARTESIAN_POINT('',(43.5,12.18,23.62));
#2054 = VECTOR('',#2055,1.);
#2055 = DIRECTION('',(1.167346311834E-16,-0.525726041499,-0.850653942147
    ));
#2056 = ORIENTED_EDGE('',*,*,#2057,.T.);
#2057 = EDGE_CURVE('',#2050,#2058,#2060,.T.);
#2058 = VERTEX_POINT('',#2059);
#2059 = CARTESIAN_POINT('',(43.5,10.14,19.84));
#2060 = LINE('',#2061,#2062);
#2061 = CARTESIAN_POINT('',(43.5,10.74,21.29));
#2062 = VECTOR('',#2063,1.);
#2063 = DIRECTION('',(8.489915275829E-17,-0.382351792726,-0.924016832422
    ));
#2064 = ORIENTED_EDGE('',*,*,#2065,.T.);
#2065 = EDGE_CURVE('',#2058,#64,#2066,.T.);
#2066 = LINE('',#2067,#2068);
#2067 = CARTESIAN_POINT('',(43.5,10.14,19.84));
#2068 = VECTOR('',#2069,1.);
#2069 = DIRECTION('',(3.650390818629E-17,-0.164398987305,-0.986393923832
    ));
#2070 = ORIENTED_EDGE('',*,*,#71,.T.);
#2071 = FACE_BOUND('',#2072,.F.);
#2072 = EDGE_LOOP('',(#2073));
#2073 = ORIENTED_EDGE('',*,*,#2074,.T.);
#2074 = EDGE_CURVE('',#2075,#2075,#2077,.T.);
#2075 = VERTEX_POINT('',#2076);
#2076 = CARTESIAN_POINT('',(43.5,2.32682891838E-15,9.5));
#2077 = CIRCLE('',#2078,9.5);
#2078 = AXIS2_PLACEMENT_3D('',#2079,#2080,#2081);
#2079 = CARTESIAN_POINT('',(43.5,0.,0.));
#2080 = DIRECTION('',(1.,0.,0.));
#2081 = DIRECTION('',(-0.,0.,1.));
#2082 = FACE_BOUND('',#2083,.F.);
#2083 = EDGE_LOOP('',(#2084,#2094,#2102,#2110,#2118,#2126,#2134,#2142,
    #2150,#2158,#2166,#2174,#2182,#2190,#2198,#2206,#2214,#2222,#2230,
    #2238,#2247,#2256,#2264,#2272,#2280));
#2084 = ORIENTED_EDGE('',*,*,#2085,.T.);
#2085 = EDGE_CURVE('',#2086,#2088,#2090,.T.);
#2086 = VERTEX_POINT('',#2087);
#2087 = CARTESIAN_POINT('',(43.5,8.5,9.5));
#2088 = VERTEX_POINT('',#2089);
#2089 = CARTESIAN_POINT('',(43.5,8.5,18.));
#2090 = LINE('',#2091,#2092);
#2091 = CARTESIAN_POINT('',(43.5,8.5,15.877852740104));
#2092 = VECTOR('',#2093,1.);
#2093 = DIRECTION('',(2.22044604925E-16,4.930380657631E-32,1.));
#2094 = ORIENTED_EDGE('',*,*,#2095,.T.);
#2095 = EDGE_CURVE('',#2088,#2096,#2098,.T.);
#2096 = VERTEX_POINT('',#2097);
#2097 = CARTESIAN_POINT('',(43.5,8.448888739434,18.388228567654));
#2098 = LINE('',#2099,#2100);
#2099 = CARTESIAN_POINT('',(43.5,8.205571114785,20.236409415776));
#2100 = VECTOR('',#2101,1.);
#2101 = DIRECTION('',(2.201449825487E-16,-0.13052619222,0.991444861374)
  );
#2102 = ORIENTED_EDGE('',*,*,#2103,.T.);
#2103 = EDGE_CURVE('',#2096,#2104,#2106,.T.);
#2104 = VERTEX_POINT('',#2105);
#2105 = CARTESIAN_POINT('',(43.5,8.299038105677,18.75));
#2106 = LINE('',#2107,#2108);
#2107 = CARTESIAN_POINT('',(43.5,7.605077921423,20.425368088572));
#2108 = VECTOR('',#2109,1.);
#2109 = DIRECTION('',(2.051424657948E-16,-0.382683432365,0.923879532511)
  );
#2110 = ORIENTED_EDGE('',*,*,#2111,.T.);
#2111 = EDGE_CURVE('',#2104,#2112,#2114,.T.);
#2112 = VERTEX_POINT('',#2113);
#2113 = CARTESIAN_POINT('',(43.5,8.06066017178,19.06066017178));
#2114 = LINE('',#2115,#2116);
#2115 = CARTESIAN_POINT('',(43.5,7.075022259349,20.345168507694));
#2116 = VECTOR('',#2117,1.);
#2117 = DIRECTION('',(1.761598290109E-16,-0.608761429009,0.793353340291)
  );
#2118 = ORIENTED_EDGE('',*,*,#2119,.T.);
#2119 = EDGE_CURVE('',#2112,#2120,#2122,.T.);
#2120 = VERTEX_POINT('',#2121);
#2121 = CARTESIAN_POINT('',(43.5,7.75,19.299038105677));
#2122 = LINE('',#2123,#2124);
#2123 = CARTESIAN_POINT('',(43.5,6.723069874566,20.08702930569));
#2124 = VECTOR('',#2125,1.);
#2125 = DIRECTION('',(1.351721909978E-16,-0.793353340291,0.608761429009)
  );
#2126 = ORIENTED_EDGE('',*,*,#2127,.T.);
#2127 = EDGE_CURVE('',#2120,#2128,#2130,.T.);
#2128 = VERTEX_POINT('',#2129);
#2129 = CARTESIAN_POINT('',(43.5,7.388228567654,19.448888739434));
#2130 = LINE('',#2131,#2132);
#2131 = CARTESIAN_POINT('',(43.5,6.592287498675,19.778578325054));
#2132 = VECTOR('',#2133,1.);
#2133 = DIRECTION('',(8.497279155086E-17,-0.923879532511,0.382683432365)
  );
#2134 = ORIENTED_EDGE('',*,*,#2135,.T.);
#2135 = EDGE_CURVE('',#2128,#2136,#2138,.T.);
#2136 = VERTEX_POINT('',#2137);
#2137 = CARTESIAN_POINT('',(43.5,7.,19.5));
#2138 = LINE('',#2139,#2140);
#2139 = CARTESIAN_POINT('',(43.5,6.653094980585,19.545670912232));
#2140 = VECTOR('',#2141,1.);
#2141 = DIRECTION('',(2.898263678387E-17,-0.991444861374,0.13052619222)
  );
#2142 = ORIENTED_EDGE('',*,*,#2143,.T.);
#2143 = EDGE_CURVE('',#2136,#2144,#2146,.T.);
#2144 = VERTEX_POINT('',#2145);
#2145 = CARTESIAN_POINT('',(43.5,-7.,19.5));
#2146 = LINE('',#2147,#2148);
#2147 = CARTESIAN_POINT('',(43.5,6.631001299084,19.5));
#2148 = VECTOR('',#2149,1.);
#2149 = DIRECTION('',(-4.930380657631E-32,-1.,-2.22044604925E-16));
#2150 = ORIENTED_EDGE('',*,*,#2151,.T.);
#2151 = EDGE_CURVE('',#2144,#2152,#2154,.T.);
#2152 = VERTEX_POINT('',#2153);
#2153 = CARTESIAN_POINT('',(43.5,-7.388228567654,19.448888739434));
#2154 = LINE('',#2155,#2156);
#2155 = CARTESIAN_POINT('',(43.5,-0.303664380744,20.381589308958));
#2156 = VECTOR('',#2157,1.);
#2157 = DIRECTION('',(-2.898263678387E-17,-0.991444861374,-0.13052619222
    ));
#2158 = ORIENTED_EDGE('',*,*,#2159,.T.);
#2159 = EDGE_CURVE('',#2152,#2160,#2162,.T.);
#2160 = VERTEX_POINT('',#2161);
#2161 = CARTESIAN_POINT('',(43.5,-7.75,19.299038105677));
#2162 = LINE('',#2163,#2164);
#2163 = CARTESIAN_POINT('',(43.5,-1.066448232932,22.067455892419));
#2164 = VECTOR('',#2165,1.);
#2165 = DIRECTION('',(-8.497279155086E-17,-0.923879532511,
    -0.382683432365));
#2166 = ORIENTED_EDGE('',*,*,#2167,.T.);
#2167 = EDGE_CURVE('',#2160,#2168,#2170,.T.);
#2168 = VERTEX_POINT('',#2169);
#2169 = CARTESIAN_POINT('',(43.5,-8.06066017178,19.06066017178));
#2170 = LINE('',#2171,#2172);
#2171 = CARTESIAN_POINT('',(43.5,-2.626375723149,23.230533289569));
#2172 = VECTOR('',#2173,1.);
#2173 = DIRECTION('',(-1.351721909978E-16,-0.793353340291,
    -0.608761429009));
#2174 = ORIENTED_EDGE('',*,*,#2175,.T.);
#2175 = EDGE_CURVE('',#2168,#2176,#2178,.T.);
#2176 = VERTEX_POINT('',#2177);
#2177 = CARTESIAN_POINT('',(43.5,-8.299038105677,18.75));
#2178 = LINE('',#2179,#2180);
#2179 = CARTESIAN_POINT('',(43.5,-4.63519475976,23.524813610514));
#2180 = VECTOR('',#2181,1.);
#2181 = DIRECTION('',(-1.761598290109E-16,-0.608761429009,
    -0.793353340291));
#2182 = ORIENTED_EDGE('',*,*,#2183,.T.);
#2183 = EDGE_CURVE('',#2176,#2184,#2186,.T.);
#2184 = VERTEX_POINT('',#2185);
#2185 = CARTESIAN_POINT('',(43.5,-8.448888739434,18.388228567654));
#2186 = LINE('',#2187,#2188);
#2187 = CARTESIAN_POINT('',(43.5,-6.613103555947,22.820206055232));
#2188 = VECTOR('',#2189,1.);
#2189 = DIRECTION('',(-2.051424657948E-16,-0.382683432365,
    -0.923879532511));
#2190 = ORIENTED_EDGE('',*,*,#2191,.T.);
#2191 = EDGE_CURVE('',#2184,#2192,#2194,.T.);
#2192 = VERTEX_POINT('',#2193);
#2193 = CARTESIAN_POINT('',(43.5,-8.5,18.));
#2194 = LINE('',#2195,#2196);
#2195 = CARTESIAN_POINT('',(43.5,-8.073329202348,21.240886466046));
#2196 = VECTOR('',#2197,1.);
#2197 = DIRECTION('',(-2.201449825487E-16,-0.13052619222,-0.991444861374
    ));
#2198 = ORIENTED_EDGE('',*,*,#2199,.T.);
#2199 = EDGE_CURVE('',#2192,#2200,#2202,.T.);
#2200 = VERTEX_POINT('',#2201);
#2201 = CARTESIAN_POINT('',(43.5,-8.5,9.5));
#2202 = LINE('',#2203,#2204);
#2203 = CARTESIAN_POINT('',(43.5,-8.5,20.127852740104));
#2204 = VECTOR('',#2205,1.);
#2205 = DIRECTION('',(-2.22044604925E-16,-4.930380657631E-32,-1.));
#2206 = ORIENTED_EDGE('',*,*,#2207,.T.);
#2207 = EDGE_CURVE('',#2200,#2208,#2210,.T.);
#2208 = VERTEX_POINT('',#2209);
#2209 = CARTESIAN_POINT('',(43.5,-8.448888739434,9.111771432346));
#2210 = LINE('',#2211,#2212);
#2211 = CARTESIAN_POINT('',(43.5,-9.199604117786,14.814020854954));
#2212 = VECTOR('',#2213,1.);
#2213 = DIRECTION('',(-2.201449825487E-16,0.13052619222,-0.991444861374)
  );
#2214 = ORIENTED_EDGE('',*,*,#2215,.T.);
#2215 = EDGE_CURVE('',#2208,#2216,#2218,.T.);
#2216 = VERTEX_POINT('',#2217);
#2217 = CARTESIAN_POINT('',(43.5,-8.299038105677,8.75));
#2218 = LINE('',#2219,#2220);
#2219 = CARTESIAN_POINT('',(43.5,-9.69524988474,12.12075341296));
#2220 = VECTOR('',#2221,1.);
#2221 = DIRECTION('',(-2.051424657948E-16,0.382683432365,-0.923879532511
    ));
#2222 = ORIENTED_EDGE('',*,*,#2223,.T.);
#2223 = EDGE_CURVE('',#2216,#2224,#2226,.T.);
#2224 = VERTEX_POINT('',#2225);
#2225 = CARTESIAN_POINT('',(43.5,-8.06066017178,8.43933982822));
#2226 = LINE('',#2227,#2228);
#2227 = CARTESIAN_POINT('',(43.5,-8.862324023779,9.484088500635));
#2228 = VECTOR('',#2229,1.);
#2229 = DIRECTION('',(-1.761598290109E-16,0.608761429009,-0.793353340291
    ));
#2230 = ORIENTED_EDGE('',*,*,#2231,.T.);
#2231 = EDGE_CURVE('',#2224,#2232,#2234,.T.);
#2232 = VERTEX_POINT('',#2233);
#2233 = CARTESIAN_POINT('',(43.5,-7.923885490392,8.334388923919));
#2234 = LINE('',#2235,#2236);
#2235 = CARTESIAN_POINT('',(43.5,-6.889646106109,7.540789132328));
#2236 = VECTOR('',#2237,1.);
#2237 = DIRECTION('',(-1.351721909978E-16,0.793353340291,-0.608761429009
    ));
#2238 = ORIENTED_EDGE('',*,*,#2239,.F.);
#2239 = EDGE_CURVE('',#2240,#2232,#2242,.T.);
#2240 = VERTEX_POINT('',#2241);
#2241 = CARTESIAN_POINT('',(43.5,2.816687638039E-15,11.5));
#2242 = CIRCLE('',#2243,11.5);
#2243 = AXIS2_PLACEMENT_3D('',#2244,#2245,#2246);
#2244 = CARTESIAN_POINT('',(43.5,0.,0.));
#2245 = DIRECTION('',(1.,0.,0.));
#2246 = DIRECTION('',(-0.,0.,1.));
#2247 = ORIENTED_EDGE('',*,*,#2248,.F.);
#2248 = EDGE_CURVE('',#2249,#2240,#2251,.T.);
#2249 = VERTEX_POINT('',#2250);
#2250 = CARTESIAN_POINT('',(43.5,7.923885490392,8.334388923919));
#2251 = CIRCLE('',#2252,11.5);
#2252 = AXIS2_PLACEMENT_3D('',#2253,#2254,#2255);
#2253 = CARTESIAN_POINT('',(43.5,0.,0.));
#2254 = DIRECTION('',(1.,0.,0.));
#2255 = DIRECTION('',(-0.,0.,1.));
#2256 = ORIENTED_EDGE('',*,*,#2257,.T.);
#2257 = EDGE_CURVE('',#2249,#2258,#2260,.T.);
#2258 = VERTEX_POINT('',#2259);
#2259 = CARTESIAN_POINT('',(43.5,8.06066017178,8.43933982822));
#2260 = LINE('',#2261,#2262);
#2261 = CARTESIAN_POINT('',(43.5,10.675680085747,10.445915182309));
#2262 = VECTOR('',#2263,1.);
#2263 = DIRECTION('',(1.351721909978E-16,0.793353340291,0.608761429009)
  );
#2264 = ORIENTED_EDGE('',*,*,#2265,.T.);
#2265 = EDGE_CURVE('',#2258,#2266,#2268,.T.);
#2266 = VERTEX_POINT('',#2267);
#2267 = CARTESIAN_POINT('',(43.5,8.299038105677,8.75));
#2268 = LINE('',#2269,#2270);
#2269 = CARTESIAN_POINT('',(43.5,11.063773589471,12.353073431675));
#2270 = VECTOR('',#2271,1.);
#2271 = DIRECTION('',(1.761598290109E-16,0.608761429009,0.793353340291)
  );
#2272 = ORIENTED_EDGE('',*,*,#2273,.T.);
#2273 = EDGE_CURVE('',#2266,#2274,#2276,.T.);
#2274 = VERTEX_POINT('',#2275);
#2275 = CARTESIAN_POINT('',(43.5,8.448888739434,9.111771432346));
#2276 = LINE('',#2277,#2278);
#2277 = CARTESIAN_POINT('',(43.5,10.53737361646,14.153819947273));
#2278 = VECTOR('',#2279,1.);
#2279 = DIRECTION('',(2.051424657948E-16,0.382683432365,0.923879532511)
  );
#2280 = ORIENTED_EDGE('',*,*,#2281,.T.);
#2281 = EDGE_CURVE('',#2274,#2086,#2282,.T.);
#2282 = LINE('',#2283,#2284);
#2283 = CARTESIAN_POINT('',(43.5,9.280734769657,15.430269337571));
#2284 = VECTOR('',#2285,1.);
#2285 = DIRECTION('',(2.201449825487E-16,0.13052619222,0.991444861374));
#2286 = FACE_BOUND('',#2287,.F.);
#2287 = EDGE_LOOP('',(#2288));
#2288 = ORIENTED_EDGE('',*,*,#2289,.T.);
#2289 = EDGE_CURVE('',#2290,#2290,#2292,.T.);
#2290 = VERTEX_POINT('',#2291);
#2291 = CARTESIAN_POINT('',(43.5,22.,45.277));
#2292 = CIRCLE('',#2293,9.5);
#2293 = AXIS2_PLACEMENT_3D('',#2294,#2295,#2296);
#2294 = CARTESIAN_POINT('',(43.5,22.,35.777));
#2295 = DIRECTION('',(1.,0.,0.));
#2296 = DIRECTION('',(-0.,0.,1.));
#2297 = FACE_BOUND('',#2298,.F.);
#2298 = EDGE_LOOP('',(#2299));
#2299 = ORIENTED_EDGE('',*,*,#2300,.T.);
#2300 = EDGE_CURVE('',#2301,#2301,#2303,.T.);
#2301 = VERTEX_POINT('',#2302);
#2302 = CARTESIAN_POINT('',(43.5,8.,23.6));
#2303 = CIRCLE('',#2304,1.1);
#2304 = AXIS2_PLACEMENT_3D('',#2305,#2306,#2307);
#2305 = CARTESIAN_POINT('',(43.5,8.,22.5));
#2306 = DIRECTION('',(1.,0.,0.));
#2307 = DIRECTION('',(-0.,0.,1.));
#2308 = FACE_BOUND('',#2309,.F.);
#2309 = EDGE_LOOP('',(#2310));
#2310 = ORIENTED_EDGE('',*,*,#2311,.T.);
#2311 = EDGE_CURVE('',#2312,#2312,#2314,.T.);
#2312 = VERTEX_POINT('',#2313);
#2313 = CARTESIAN_POINT('',(43.5,-8.,23.6));
#2314 = CIRCLE('',#2315,1.1);
#2315 = AXIS2_PLACEMENT_3D('',#2316,#2317,#2318);
#2316 = CARTESIAN_POINT('',(43.5,-8.,22.5));
#2317 = DIRECTION('',(1.,0.,0.));
#2318 = DIRECTION('',(-0.,0.,1.));
#2319 = FACE_BOUND('',#2320,.F.);
#2320 = EDGE_LOOP('',(#2321));
#2321 = ORIENTED_EDGE('',*,*,#2322,.T.);
#2322 = EDGE_CURVE('',#2323,#2323,#2325,.T.);
#2323 = VERTEX_POINT('',#2324);
#2324 = CARTESIAN_POINT('',(43.5,-0.5,28.877));
#2325 = CIRCLE('',#2326,1.1);
#2326 = AXIS2_PLACEMENT_3D('',#2327,#2328,#2329);
#2327 = CARTESIAN_POINT('',(43.5,-0.5,27.777));
#2328 = DIRECTION('',(1.,0.,0.));
#2329 = DIRECTION('',(-0.,0.,1.));
#2330 = FACE_BOUND('',#2331,.F.);
#2331 = EDGE_LOOP('',(#2332,#2342,#2350,#2358,#2366,#2375));
#2332 = ORIENTED_EDGE('',*,*,#2333,.F.);
#2333 = EDGE_CURVE('',#2334,#2336,#2338,.T.);
#2334 = VERTEX_POINT('',#2335);
#2335 = CARTESIAN_POINT('',(43.5,2.53,44.28));
#2336 = VERTEX_POINT('',#2337);
#2337 = CARTESIAN_POINT('',(43.5,13.5,44.28));
#2338 = LINE('',#2339,#2340);
#2339 = CARTESIAN_POINT('',(43.5,4.396001299084,44.28));
#2340 = VECTOR('',#2341,1.);
#2341 = DIRECTION('',(4.930380657631E-32,1.,2.22044604925E-16));
#2342 = ORIENTED_EDGE('',*,*,#2343,.F.);
#2343 = EDGE_CURVE('',#2344,#2334,#2346,.T.);
#2344 = VERTEX_POINT('',#2345);
#2345 = CARTESIAN_POINT('',(43.5,9.33,27.28));
#2346 = LINE('',#2347,#2348);
#2347 = CARTESIAN_POINT('',(43.5,9.984671648114,25.643320879715));
#2348 = VECTOR('',#2349,1.);
#2349 = DIRECTION('',(2.061632400097E-16,-0.371390676354,0.928476690885)
  );
#2350 = ORIENTED_EDGE('',*,*,#2351,.F.);
#2351 = EDGE_CURVE('',#2352,#2344,#2354,.T.);
#2352 = VERTEX_POINT('',#2353);
#2353 = CARTESIAN_POINT('',(43.5,13.5,27.28));
#2354 = LINE('',#2355,#2356);
#2355 = CARTESIAN_POINT('',(43.5,9.881001299084,27.28));
#2356 = VECTOR('',#2357,1.);
#2357 = DIRECTION('',(-4.930380657631E-32,-1.,-2.22044604925E-16));
#2358 = ORIENTED_EDGE('',*,*,#2359,.F.);
#2359 = EDGE_CURVE('',#2360,#2352,#2362,.T.);
#2360 = VERTEX_POINT('',#2361);
#2361 = CARTESIAN_POINT('',(43.5,13.5,28.031033307585));
#2362 = LINE('',#2363,#2364);
#2363 = CARTESIAN_POINT('',(43.5,13.5,33.267852740104));
#2364 = VECTOR('',#2365,1.);
#2365 = DIRECTION('',(-2.22044604925E-16,-4.930380657631E-32,-1.));
#2366 = ORIENTED_EDGE('',*,*,#2367,.F.);
#2367 = EDGE_CURVE('',#2368,#2360,#2370,.T.);
#2368 = VERTEX_POINT('',#2369);
#2369 = CARTESIAN_POINT('',(43.5,13.5,43.522966692415));
#2370 = CIRCLE('',#2371,11.5);
#2371 = AXIS2_PLACEMENT_3D('',#2372,#2373,#2374);
#2372 = CARTESIAN_POINT('',(43.5,22.,35.777));
#2373 = DIRECTION('',(1.,0.,0.));
#2374 = DIRECTION('',(-0.,0.,1.));
#2375 = ORIENTED_EDGE('',*,*,#2376,.F.);
#2376 = EDGE_CURVE('',#2336,#2368,#2377,.T.);
#2377 = LINE('',#2378,#2379);
#2378 = CARTESIAN_POINT('',(43.5,13.5,33.267852740104));
#2379 = VECTOR('',#2380,1.);
#2380 = DIRECTION('',(-2.22044604925E-16,-4.930380657631E-32,-1.));
#2381 = FACE_BOUND('',#2382,.F.);
#2382 = EDGE_LOOP('',(#2383,#2393,#2401,#2409,#2417,#2425,#2433,#2441,
    #2449,#2457,#2465,#2473,#2481,#2489,#2497,#2505,#2513,#2521,#2529,
    #2537,#2545,#2553,#2561,#2569,#2577,#2585,#2593,#2601));
#2383 = ORIENTED_EDGE('',*,*,#2384,.T.);
#2384 = EDGE_CURVE('',#2385,#2387,#2389,.T.);
#2385 = VERTEX_POINT('',#2386);
#2386 = CARTESIAN_POINT('',(43.5,-4.5,26.98));
#2387 = VERTEX_POINT('',#2388);
#2388 = CARTESIAN_POINT('',(43.5,-4.5,37.58));
#2389 = LINE('',#2390,#2391);
#2390 = CARTESIAN_POINT('',(43.5,-4.5,24.617852740104));
#2391 = VECTOR('',#2392,1.);
#2392 = DIRECTION('',(2.22044604925E-16,4.930380657631E-32,1.));
#2393 = ORIENTED_EDGE('',*,*,#2394,.T.);
#2394 = EDGE_CURVE('',#2387,#2395,#2397,.T.);
#2395 = VERTEX_POINT('',#2396);
#2396 = CARTESIAN_POINT('',(43.5,-4.540889008453,37.890582854123));
#2397 = LINE('',#2398,#2399);
#2398 = CARTESIAN_POINT('',(43.5,-3.416768594878,29.352040599508));
#2399 = VECTOR('',#2400,1.);
#2400 = DIRECTION('',(2.201449825487E-16,-0.13052619222,0.991444861374)
  );
#2401 = ORIENTED_EDGE('',*,*,#2402,.T.);
#2402 = EDGE_CURVE('',#2395,#2403,#2405,.T.);
#2403 = VERTEX_POINT('',#2404);
#2404 = CARTESIAN_POINT('',(43.5,-4.660769515459,38.18));
#2405 = LINE('',#2406,#2407);
#2406 = CARTESIAN_POINT('',(43.5,-0.985983631135,29.308282079249));
#2407 = VECTOR('',#2408,1.);
#2408 = DIRECTION('',(2.051424657948E-16,-0.382683432365,0.923879532511)
  );
#2409 = ORIENTED_EDGE('',*,*,#2410,.T.);
#2410 = EDGE_CURVE('',#2403,#2411,#2413,.T.);
#2411 = VERTEX_POINT('',#2412);
#2412 = CARTESIAN_POINT('',(43.5,-4.851471862576,38.428528137424));
#2413 = LINE('',#2414,#2415);
#2414 = CARTESIAN_POINT('',(43.5,1.208589986393,30.53090177486));
#2415 = VECTOR('',#2416,1.);
#2416 = DIRECTION('',(1.761598290109E-16,-0.608761429009,0.793353340291)
  );
#2417 = ORIENTED_EDGE('',*,*,#2418,.T.);
#2418 = EDGE_CURVE('',#2411,#2419,#2421,.T.);
#2419 = VERTEX_POINT('',#2420);
#2420 = CARTESIAN_POINT('',(43.5,-5.1,38.619230484541));
#2421 = LINE('',#2422,#2423);
#2422 = CARTESIAN_POINT('',(43.5,2.551428236685,32.748083101949));
#2423 = VECTOR('',#2424,1.);
#2424 = DIRECTION('',(1.351721909978E-16,-0.793353340291,0.608761429009)
  );
#2425 = ORIENTED_EDGE('',*,*,#2426,.T.);
#2426 = EDGE_CURVE('',#2419,#2427,#2429,.T.);
#2427 = VERTEX_POINT('',#2428);
#2428 = CARTESIAN_POINT('',(43.5,-5.389417145877,38.739110991547));
#2429 = LINE('',#2430,#2431);
#2430 = CARTESIAN_POINT('',(43.5,2.641727794468,35.412501835872));
#2431 = VECTOR('',#2432,1.);
#2432 = DIRECTION('',(8.497279155086E-17,-0.923879532511,0.382683432365)
  );
#2433 = ORIENTED_EDGE('',*,*,#2434,.T.);
#2434 = EDGE_CURVE('',#2427,#2435,#2437,.T.);
#2435 = VERTEX_POINT('',#2436);
#2436 = CARTESIAN_POINT('',(43.5,-5.7,38.78));
#2437 = LINE('',#2438,#2439);
#2438 = CARTESIAN_POINT('',(43.5,1.403594419682,37.844794052801));
#2439 = VECTOR('',#2440,1.);
#2440 = DIRECTION('',(2.898263678387E-17,-0.991444861374,0.13052619222)
  );
#2441 = ORIENTED_EDGE('',*,*,#2442,.T.);
#2442 = EDGE_CURVE('',#2435,#2443,#2445,.T.);
#2443 = VERTEX_POINT('',#2444);
#2444 = CARTESIAN_POINT('',(43.5,-8.3,38.78));
#2445 = LINE('',#2446,#2447);
#2446 = CARTESIAN_POINT('',(43.5,0.281001299084,38.78));
#2447 = VECTOR('',#2448,1.);
#2448 = DIRECTION('',(-4.930380657631E-32,-1.,-2.22044604925E-16));
#2449 = ORIENTED_EDGE('',*,*,#2450,.T.);
#2450 = EDGE_CURVE('',#2443,#2451,#2453,.T.);
#2451 = VERTEX_POINT('',#2452);
#2452 = CARTESIAN_POINT('',(43.5,-8.610582854123,38.739110991547));
#2453 = LINE('',#2454,#2455);
#2454 = CARTESIAN_POINT('',(43.5,-2.212246284595,39.58146798133));
#2455 = VECTOR('',#2456,1.);
#2456 = DIRECTION('',(-2.898263678387E-17,-0.991444861374,-0.13052619222
    ));
#2457 = ORIENTED_EDGE('',*,*,#2458,.T.);
#2458 = EDGE_CURVE('',#2451,#2459,#2461,.T.);
#2459 = VERTEX_POINT('',#2460);
#2460 = CARTESIAN_POINT('',(43.5,-8.9,38.619230484541));
#2461 = LINE('',#2462,#2463);
#2462 = CARTESIAN_POINT('',(43.5,-5.177191937806,40.161268074014));
#2463 = VECTOR('',#2464,1.);
#2464 = DIRECTION('',(-8.497279155086E-17,-0.923879532511,
    -0.382683432365));
#2465 = ORIENTED_EDGE('',*,*,#2466,.T.);
#2466 = EDGE_CURVE('',#2459,#2467,#2469,.T.);
#2467 = VERTEX_POINT('',#2468);
#2468 = CARTESIAN_POINT('',(43.5,-9.148528137424,38.428528137424));
#2469 = LINE('',#2470,#2471);
#2470 = CARTESIAN_POINT('',(43.5,-8.079933444586,39.248489684449));
#2471 = VECTOR('',#2472,1.);
#2472 = DIRECTION('',(-1.351721909978E-16,-0.793353340291,
    -0.608761429009));
#2473 = ORIENTED_EDGE('',*,*,#2474,.T.);
#2474 = EDGE_CURVE('',#2467,#2475,#2477,.T.);
#2475 = VERTEX_POINT('',#2476);
#2476 = CARTESIAN_POINT('',(43.5,-9.339230484541,38.18));
#2477 = LINE('',#2478,#2479);
#2478 = CARTESIAN_POINT('',(43.5,-10.19846693805,37.060221252514));
#2479 = VECTOR('',#2480,1.);
#2480 = DIRECTION('',(-1.761598290109E-16,-0.608761429009,
    -0.793353340291));
#2481 = ORIENTED_EDGE('',*,*,#2482,.T.);
#2482 = EDGE_CURVE('',#2475,#2483,#2485,.T.);
#2483 = VERTEX_POINT('',#2484);
#2484 = CARTESIAN_POINT('',(43.5,-9.459110991547,37.890582854123));
#2485 = LINE('',#2486,#2487);
#2486 = CARTESIAN_POINT('',(43.5,-11.01190080091,34.141816636826));
#2487 = VECTOR('',#2488,1.);
#2488 = DIRECTION('',(-2.051424657948E-16,-0.382683432365,
    -0.923879532511));
#2489 = ORIENTED_EDGE('',*,*,#2490,.T.);
#2490 = EDGE_CURVE('',#2483,#2491,#2493,.T.);
#2491 = VERTEX_POINT('',#2492);
#2492 = CARTESIAN_POINT('',(43.5,-9.5,37.58));
#2493 = LINE('',#2494,#2495);
#2494 = CARTESIAN_POINT('',(43.5,-10.33684101075,31.223561450872));
#2495 = VECTOR('',#2496,1.);
#2496 = DIRECTION('',(-2.201449825487E-16,-0.13052619222,-0.991444861374
    ));
#2497 = ORIENTED_EDGE('',*,*,#2498,.T.);
#2498 = EDGE_CURVE('',#2491,#2499,#2501,.T.);
#2499 = VERTEX_POINT('',#2500);
#2500 = CARTESIAN_POINT('',(43.5,-9.5,26.98));
#2501 = LINE('',#2502,#2503);
#2502 = CARTESIAN_POINT('',(43.5,-9.5,29.917852740104));
#2503 = VECTOR('',#2504,1.);
#2504 = DIRECTION('',(-2.22044604925E-16,-4.930380657631E-32,-1.));
#2505 = ORIENTED_EDGE('',*,*,#2506,.T.);
#2506 = EDGE_CURVE('',#2499,#2507,#2509,.T.);
#2507 = VERTEX_POINT('',#2508);
#2508 = CARTESIAN_POINT('',(43.5,-9.459110991547,26.669417145877));
#2509 = LINE('',#2510,#2511);
#2510 = CARTESIAN_POINT('',(43.5,-9.060046347261,23.638220232796));
#2511 = VECTOR('',#2512,1.);
#2512 = DIRECTION('',(-2.201449825487E-16,0.13052619222,-0.991444861374)
  );
#2513 = ORIENTED_EDGE('',*,*,#2514,.T.);
#2514 = EDGE_CURVE('',#2507,#2515,#2517,.T.);
#2515 = VERTEX_POINT('',#2516);
#2516 = CARTESIAN_POINT('',(43.5,-9.339230484541,26.38));
#2517 = LINE('',#2518,#2519);
#2518 = CARTESIAN_POINT('',(43.5,-7.527717738642,22.006621360437));
#2519 = VECTOR('',#2520,1.);
#2520 = DIRECTION('',(-2.051424657948E-16,0.382683432365,-0.923879532511
    ));
#2521 = ORIENTED_EDGE('',*,*,#2522,.T.);
#2522 = EDGE_CURVE('',#2515,#2523,#2525,.T.);
#2523 = VERTEX_POINT('',#2524);
#2524 = CARTESIAN_POINT('',(43.5,-9.148528137424,26.131471862576));
#2525 = LINE('',#2526,#2527);
#2526 = CARTESIAN_POINT('',(43.5,-5.452455628113,21.314656388582));
#2527 = VECTOR('',#2528,1.);
#2528 = DIRECTION('',(-1.761598290109E-16,0.608761429009,-0.793353340291
    ));
#2529 = ORIENTED_EDGE('',*,*,#2530,.T.);
#2530 = EDGE_CURVE('',#2523,#2531,#2533,.T.);
#2531 = VERTEX_POINT('',#2532);
#2532 = CARTESIAN_POINT('',(43.5,-8.9,25.940769515459));
#2533 = LINE('',#2534,#2535);
#2534 = CARTESIAN_POINT('',(43.5,-3.3628350298,21.691953396933));
#2535 = VECTOR('',#2536,1.);
#2536 = DIRECTION('',(-1.351721909978E-16,0.793353340291,-0.608761429009
    ));
#2537 = ORIENTED_EDGE('',*,*,#2538,.T.);
#2538 = EDGE_CURVE('',#2531,#2539,#2541,.T.);
#2539 = VERTEX_POINT('',#2540);
#2540 = CARTESIAN_POINT('',(43.5,-8.610582854123,25.820889008453));
#2541 = LINE('',#2542,#2543);
#2542 = CARTESIAN_POINT('',(43.5,-1.777777194966,22.990648235371));
#2543 = VECTOR('',#2544,1.);
#2544 = DIRECTION('',(-8.497279155086E-17,0.923879532511,-0.382683432365
    ));
#2545 = ORIENTED_EDGE('',*,*,#2546,.T.);
#2546 = EDGE_CURVE('',#2539,#2547,#2549,.T.);
#2547 = VERTEX_POINT('',#2548);
#2548 = CARTESIAN_POINT('',(43.5,-8.3,25.78));
#2549 = LINE('',#2550,#2551);
#2550 = CARTESIAN_POINT('',(43.5,-1.070298543936,24.828191746498));
#2551 = VECTOR('',#2552,1.);
#2552 = DIRECTION('',(-2.898263678387E-17,0.991444861374,-0.13052619222)
  );
#2553 = ORIENTED_EDGE('',*,*,#2554,.T.);
#2554 = EDGE_CURVE('',#2547,#2555,#2557,.T.);
#2555 = VERTEX_POINT('',#2556);
#2556 = CARTESIAN_POINT('',(43.5,-5.7,25.78));
#2557 = LINE('',#2558,#2559);
#2558 = CARTESIAN_POINT('',(43.5,-1.018998700916,25.78));
#2559 = VECTOR('',#2560,1.);
#2560 = DIRECTION('',(4.930380657631E-32,1.,2.22044604925E-16));
#2561 = ORIENTED_EDGE('',*,*,#2562,.T.);
#2562 = EDGE_CURVE('',#2555,#2563,#2565,.T.);
#2563 = VERTEX_POINT('',#2564);
#2564 = CARTESIAN_POINT('',(43.5,-5.389417145877,25.820889008453));
#2565 = LINE('',#2566,#2567);
#2566 = CARTESIAN_POINT('',(43.5,-4.893617509916E-02,26.523976666574));
#2567 = VECTOR('',#2568,1.);
#2568 = DIRECTION('',(2.898263678387E-17,0.991444861374,0.13052619222));
#2569 = ORIENTED_EDGE('',*,*,#2570,.T.);
#2570 = EDGE_CURVE('',#2563,#2571,#2573,.T.);
#2571 = VERTEX_POINT('',#2572);
#2572 = CARTESIAN_POINT('',(43.5,-5.1,25.940769515459));
#2573 = LINE('',#2574,#2575);
#2574 = CARTESIAN_POINT('',(43.5,-1.047104094249,27.619533966507));
#2575 = VECTOR('',#2576,1.);
#2576 = DIRECTION('',(8.497279155086E-17,0.923879532511,0.382683432365)
  );
#2577 = ORIENTED_EDGE('',*,*,#2578,.T.);
#2578 = EDGE_CURVE('',#2571,#2579,#2581,.T.);
#2579 = VERTEX_POINT('',#2580);
#2580 = CARTESIAN_POINT('',(43.5,-4.851471862576,26.131471862576));
#2581 = LINE('',#2582,#2583);
#2582 = CARTESIAN_POINT('',(43.5,-2.414198315525,28.001657632316));
#2583 = VECTOR('',#2584,1.);
#2584 = DIRECTION('',(1.351721909978E-16,0.793353340291,0.608761429009)
  );
#2585 = ORIENTED_EDGE('',*,*,#2586,.T.);
#2586 = EDGE_CURVE('',#2579,#2587,#2589,.T.);
#2587 = VERTEX_POINT('',#2588);
#2588 = CARTESIAN_POINT('',(43.5,-4.660769515459,26.38));
#2589 = LINE('',#2590,#2591);
#2590 = CARTESIAN_POINT('',(43.5,-3.728123670664,27.595447728812));
#2591 = VECTOR('',#2592,1.);
#2592 = DIRECTION('',(1.761598290109E-16,0.608761429009,0.793353340291)
  );
#2593 = ORIENTED_EDGE('',*,*,#2594,.T.);
#2594 = EDGE_CURVE('',#2587,#2595,#2597,.T.);
#2595 = VERTEX_POINT('',#2596);
#2596 = CARTESIAN_POINT('',(43.5,-4.540889008453,26.669417145877));
#2597 = LINE('',#2598,#2599);
#2598 = CARTESIAN_POINT('',(43.5,-4.590047200416,26.550738772138));
#2599 = VECTOR('',#2600,1.);
#2600 = DIRECTION('',(2.051424657948E-16,0.382683432365,0.923879532511)
  );
#2601 = ORIENTED_EDGE('',*,*,#2602,.T.);
#2602 = EDGE_CURVE('',#2595,#2385,#2603,.T.);
#2603 = LINE('',#2604,#2605);
#2604 = CARTESIAN_POINT('',(43.5,-4.734452266824,25.199158230037));
#2605 = VECTOR('',#2606,1.);
#2606 = DIRECTION('',(2.201449825487E-16,0.13052619222,0.991444861374));
#2607 = FACE_BOUND('',#2608,.F.);
#2608 = EDGE_LOOP('',(#2609));
#2609 = ORIENTED_EDGE('',*,*,#2610,.T.);
#2610 = EDGE_CURVE('',#2611,#2611,#2613,.T.);
#2611 = VERTEX_POINT('',#2612);
#2612 = CARTESIAN_POINT('',(43.5,-0.5,44.877));
#2613 = CIRCLE('',#2614,1.1);
#2614 = AXIS2_PLACEMENT_3D('',#2615,#2616,#2617);
#2615 = CARTESIAN_POINT('',(43.5,-0.5,43.777));
#2616 = DIRECTION('',(1.,0.,0.));
#2617 = DIRECTION('',(-0.,0.,1.));
#2618 = PLANE('',#2619);
#2619 = AXIS2_PLACEMENT_3D('',#2620,#2621,#2622);
#2620 = CARTESIAN_POINT('',(43.5,6.262002598168,22.255705480207));
#2621 = DIRECTION('',(-1.,0.,2.22044604925E-16));
#2622 = DIRECTION('',(2.22044604925E-16,-1.,0.));
#2623 = ADVANCED_FACE('',(#2624),#2635,.T.);
#2624 = FACE_BOUND('',#2625,.T.);
#2625 = EDGE_LOOP('',(#2626,#2632,#2633,#2634));
#2626 = ORIENTED_EDGE('',*,*,#2627,.T.);
#2627 = EDGE_CURVE('',#806,#2058,#2628,.T.);
#2628 = LINE('',#2629,#2630);
#2629 = CARTESIAN_POINT('',(42.5,10.14,19.84));
#2630 = VECTOR('',#2631,1.);
#2631 = DIRECTION('',(1.,0.,-2.22044604925E-16));
#2632 = ORIENTED_EDGE('',*,*,#2065,.T.);
#2633 = ORIENTED_EDGE('',*,*,#61,.F.);
#2634 = ORIENTED_EDGE('',*,*,#813,.F.);
#2635 = PLANE('',#2636);
#2636 = AXIS2_PLACEMENT_3D('',#2637,#2638,#2639);
#2637 = CARTESIAN_POINT('',(42.5,10.14,19.84));
#2638 = DIRECTION('',(-2.190234491178E-16,0.986393923832,-0.164398987305
    ));
#2639 = DIRECTION('',(3.650390818629E-17,-0.164398987305,-0.986393923832
    ));
#2640 = ADVANCED_FACE('',(#2641),#2652,.T.);
#2641 = FACE_BOUND('',#2642,.T.);
#2642 = EDGE_LOOP('',(#2643,#2644,#2645,#2651));
#2643 = ORIENTED_EDGE('',*,*,#101,.T.);
#2644 = ORIENTED_EDGE('',*,*,#1377,.T.);
#2645 = ORIENTED_EDGE('',*,*,#2646,.F.);
#2646 = EDGE_CURVE('',#126,#1378,#2647,.T.);
#2647 = LINE('',#2648,#2649);
#2648 = CARTESIAN_POINT('',(42.5,10.950842258639,1.038775156811));
#2649 = VECTOR('',#2650,1.);
#2650 = DIRECTION('',(1.,0.,-2.22044604925E-16));
#2651 = ORIENTED_EDGE('',*,*,#125,.F.);
#2652 = PLANE('',#2653);
#2653 = AXIS2_PLACEMENT_3D('',#2654,#2655,#2656);
#2654 = CARTESIAN_POINT('',(42.5,10.76705026484,2.251805629803));
#2655 = DIRECTION('',(-2.195389569786E-16,0.988715564842,0.149804979354)
  );
#2656 = DIRECTION('',(-3.326338745649E-17,0.149804979354,-0.988715564842
    ));
#2657 = ADVANCED_FACE('',(#2658),#2669,.T.);
#2658 = FACE_BOUND('',#2659,.T.);
#2659 = EDGE_LOOP('',(#2660,#2666,#2667,#2668));
#2660 = ORIENTED_EDGE('',*,*,#2661,.T.);
#2661 = EDGE_CURVE('',#798,#2050,#2662,.T.);
#2662 = LINE('',#2663,#2664);
#2663 = CARTESIAN_POINT('',(42.5,10.74,21.29));
#2664 = VECTOR('',#2665,1.);
#2665 = DIRECTION('',(1.,0.,-2.22044604925E-16));
#2666 = ORIENTED_EDGE('',*,*,#2057,.T.);
#2667 = ORIENTED_EDGE('',*,*,#2627,.F.);
#2668 = ORIENTED_EDGE('',*,*,#805,.F.);
#2669 = PLANE('',#2670);
#2670 = AXIS2_PLACEMENT_3D('',#2671,#2672,#2673);
#2671 = CARTESIAN_POINT('',(42.5,10.74,21.29));
#2672 = DIRECTION('',(-2.051729524992E-16,0.924016832422,-0.382351792726
    ));
#2673 = DIRECTION('',(8.489915275829E-17,-0.382351792726,-0.924016832422
    ));
#2674 = ADVANCED_FACE('',(#2675),#2686,.T.);
#2675 = FACE_BOUND('',#2676,.T.);
#2676 = EDGE_LOOP('',(#2677,#2678,#2679,#2685));
#2677 = ORIENTED_EDGE('',*,*,#2646,.T.);
#2678 = ORIENTED_EDGE('',*,*,#1385,.T.);
#2679 = ORIENTED_EDGE('',*,*,#2680,.F.);
#2680 = EDGE_CURVE('',#134,#1386,#2681,.T.);
#2681 = LINE('',#2682,#2683);
#2682 = CARTESIAN_POINT('',(42.5,10.998407365292,-0.187177528255));
#2683 = VECTOR('',#2684,1.);
#2684 = DIRECTION('',(1.,0.,-2.22044604925E-16));
#2685 = ORIENTED_EDGE('',*,*,#133,.F.);
#2686 = PLANE('',#2687);
#2687 = AXIS2_PLACEMENT_3D('',#2688,#2689,#2690);
#2688 = CARTESIAN_POINT('',(42.5,10.950842258639,1.038775156811));
#2689 = DIRECTION('',(-2.218776690091E-16,0.999248187471,
    3.876931564263E-02));
#2690 = DIRECTION('',(-8.608517375081E-18,3.876931564263E-02,
    -0.999248187471));
#2691 = ADVANCED_FACE('',(#2692),#2703,.T.);
#2692 = FACE_BOUND('',#2693,.T.);
#2693 = EDGE_LOOP('',(#2694,#2700,#2701,#2702));
#2694 = ORIENTED_EDGE('',*,*,#2695,.T.);
#2695 = EDGE_CURVE('',#790,#2042,#2696,.T.);
#2696 = LINE('',#2697,#2698);
#2697 = CARTESIAN_POINT('',(42.5,12.18,23.62));
#2698 = VECTOR('',#2699,1.);
#2699 = DIRECTION('',(1.,0.,-2.22044604925E-16));
#2700 = ORIENTED_EDGE('',*,*,#2049,.T.);
#2701 = ORIENTED_EDGE('',*,*,#2661,.F.);
#2702 = ORIENTED_EDGE('',*,*,#797,.F.);
#2703 = PLANE('',#2704);
#2704 = AXIS2_PLACEMENT_3D('',#2705,#2706,#2707);
#2705 = CARTESIAN_POINT('',(42.5,12.18,23.62));
#2706 = DIRECTION('',(-1.88883118512E-16,0.850653942147,-0.525726041499)
  );
#2707 = DIRECTION('',(1.167346311834E-16,-0.525726041499,-0.850653942147
    ));
#2708 = ADVANCED_FACE('',(#2709),#2720,.T.);
#2709 = FACE_BOUND('',#2710,.T.);
#2710 = EDGE_LOOP('',(#2711,#2712,#2713,#2719));
#2711 = ORIENTED_EDGE('',*,*,#2680,.T.);
#2712 = ORIENTED_EDGE('',*,*,#1393,.T.);
#2713 = ORIENTED_EDGE('',*,*,#2714,.F.);
#2714 = EDGE_CURVE('',#142,#1394,#2715,.T.);
#2715 = LINE('',#2716,#2717);
#2716 = CARTESIAN_POINT('',(42.5,10.909153881782,-1.410801752057));
#2717 = VECTOR('',#2718,1.);
#2718 = DIRECTION('',(1.,0.,-2.22044604925E-16));
#2719 = ORIENTED_EDGE('',*,*,#141,.F.);
#2720 = PLANE('',#2721);
#2721 = AXIS2_PLACEMENT_3D('',#2722,#2723,#2724);
#2722 = CARTESIAN_POINT('',(42.5,10.998407365292,-0.187177528255));
#2723 = DIRECTION('',(-2.214562550637E-16,0.997350307784,
    -7.274863272445E-02));
#2724 = DIRECTION('',(1.615344141214E-17,-7.274863272445E-02,
    -0.997350307784));
#2725 = ADVANCED_FACE('',(#2726),#2737,.T.);
#2726 = FACE_BOUND('',#2727,.T.);
#2727 = EDGE_LOOP('',(#2728,#2734,#2735,#2736));
#2728 = ORIENTED_EDGE('',*,*,#2729,.T.);
#2729 = EDGE_CURVE('',#782,#2034,#2730,.T.);
#2730 = LINE('',#2731,#2732);
#2731 = CARTESIAN_POINT('',(42.5,13.2,24.72));
#2732 = VECTOR('',#2733,1.);
#2733 = DIRECTION('',(1.,0.,-2.22044604925E-16));
#2734 = ORIENTED_EDGE('',*,*,#2041,.T.);
#2735 = ORIENTED_EDGE('',*,*,#2695,.F.);
#2736 = ORIENTED_EDGE('',*,*,#789,.F.);
#2737 = PLANE('',#2738);
#2738 = AXIS2_PLACEMENT_3D('',#2739,#2740,#2741);
#2739 = CARTESIAN_POINT('',(42.5,13.2,24.72));
#2740 = DIRECTION('',(-1.628182381892E-16,0.733268156838,-0.679939563614
    ));
#2741 = DIRECTION('',(1.509769117755E-16,-0.679939563614,-0.733268156838
    ));
#2742 = ADVANCED_FACE('',(#2743),#2754,.T.);
#2743 = FACE_BOUND('',#2744,.T.);
#2744 = EDGE_LOOP('',(#2745,#2746,#2747,#2753));
#2745 = ORIENTED_EDGE('',*,*,#2714,.T.);
#2746 = ORIENTED_EDGE('',*,*,#1401,.T.);
#2747 = ORIENTED_EDGE('',*,*,#2748,.F.);
#2748 = EDGE_CURVE('',#150,#1402,#2749,.T.);
#2749 = LINE('',#2750,#2751);
#2750 = CARTESIAN_POINT('',(42.5,10.684192108478,-2.616875806974));
#2751 = VECTOR('',#2752,1.);
#2752 = DIRECTION('',(1.,0.,-2.22044604925E-16));
#2753 = ORIENTED_EDGE('',*,*,#149,.F.);
#2754 = PLANE('',#2755);
#2755 = AXIS2_PLACEMENT_3D('',#2756,#2757,#2758);
#2756 = CARTESIAN_POINT('',(42.5,10.909153881782,-1.410801752057));
#2757 = DIRECTION('',(-2.182799574707E-16,0.983045535128,-0.183361598667
    ));
#2758 = DIRECTION('',(4.071445373439E-17,-0.183361598667,-0.983045535128
    ));
#2759 = ADVANCED_FACE('',(#2760),#2771,.T.);
#2760 = FACE_BOUND('',#2761,.T.);
#2761 = EDGE_LOOP('',(#2762,#2768,#2769,#2770));
#2762 = ORIENTED_EDGE('',*,*,#2763,.T.);
#2763 = EDGE_CURVE('',#774,#2026,#2764,.T.);
#2764 = LINE('',#2765,#2766);
#2765 = CARTESIAN_POINT('',(42.5,14.51,25.47));
#2766 = VECTOR('',#2767,1.);
#2767 = DIRECTION('',(1.,0.,-2.22044604925E-16));
#2768 = ORIENTED_EDGE('',*,*,#2033,.T.);
#2769 = ORIENTED_EDGE('',*,*,#2729,.F.);
#2770 = ORIENTED_EDGE('',*,*,#781,.F.);
#2771 = PLANE('',#2772);
#2772 = AXIS2_PLACEMENT_3D('',#2773,#2774,#2775);
#2773 = CARTESIAN_POINT('',(42.5,14.51,25.47));
#2774 = DIRECTION('',(-1.103233503808E-16,0.496852199665,-0.867835175415
    ));
#2775 = DIRECTION('',(1.926981186651E-16,-0.867835175415,-0.496852199665
    ));
#2776 = ADVANCED_FACE('',(#2777),#2788,.T.);
#2777 = FACE_BOUND('',#2778,.T.);
#2778 = EDGE_LOOP('',(#2779,#2780,#2781,#2787));
#2779 = ORIENTED_EDGE('',*,*,#2748,.T.);
#2780 = ORIENTED_EDGE('',*,*,#1409,.T.);
#2781 = ORIENTED_EDGE('',*,*,#2782,.F.);
#2782 = EDGE_CURVE('',#158,#1410,#2783,.T.);
#2783 = LINE('',#2784,#2785);
#2784 = CARTESIAN_POINT('',(42.5,10.326320537168,-3.79039630694));
#2785 = VECTOR('',#2786,1.);
#2786 = DIRECTION('',(1.,0.,-2.22044604925E-16));
#2787 = ORIENTED_EDGE('',*,*,#157,.F.);
#2788 = PLANE('',#2789);
#2789 = AXIS2_PLACEMENT_3D('',#2790,#2791,#2792);
#2790 = CARTESIAN_POINT('',(42.5,10.684192108478,-2.616875806974));
#2791 = DIRECTION('',(-2.123882889108E-16,0.956511818796,-0.291693572954
    ));
#2792 = DIRECTION('',(6.476898416574E-17,-0.291693572954,-0.956511818796
    ));
#2793 = ADVANCED_FACE('',(#2794),#2805,.T.);
#2794 = FACE_BOUND('',#2795,.T.);
#2795 = EDGE_LOOP('',(#2796,#2802,#2803,#2804));
#2796 = ORIENTED_EDGE('',*,*,#2797,.T.);
#2797 = EDGE_CURVE('',#766,#2018,#2798,.T.);
#2798 = LINE('',#2799,#2800);
#2799 = CARTESIAN_POINT('',(42.5,15.98,25.81));
#2800 = VECTOR('',#2801,1.);
#2801 = DIRECTION('',(1.,0.,-2.22044604925E-16));
#2802 = ORIENTED_EDGE('',*,*,#2025,.T.);
#2803 = ORIENTED_EDGE('',*,*,#2763,.F.);
#2804 = ORIENTED_EDGE('',*,*,#773,.F.);
#2805 = PLANE('',#2806);
#2806 = AXIS2_PLACEMENT_3D('',#2807,#2808,#2809);
#2807 = CARTESIAN_POINT('',(42.5,15.98,25.81));
#2808 = DIRECTION('',(-5.003631468514E-17,0.225343528171,-0.974279371798
    ));
#2809 = DIRECTION('',(2.163334781975E-16,-0.974279371798,-0.225343528171
    ));
#2810 = ADVANCED_FACE('',(#2811),#2822,.T.);
#2811 = FACE_BOUND('',#2812,.T.);
#2812 = EDGE_LOOP('',(#2813,#2814,#2815,#2821));
#2813 = ORIENTED_EDGE('',*,*,#2782,.T.);
#2814 = ORIENTED_EDGE('',*,*,#1417,.T.);
#2815 = ORIENTED_EDGE('',*,*,#2816,.F.);
#2816 = EDGE_CURVE('',#166,#1418,#2817,.T.);
#2817 = LINE('',#2818,#2819);
#2818 = CARTESIAN_POINT('',(42.5,9.839991038218,-4.916764827382));
#2819 = VECTOR('',#2820,1.);
#2820 = DIRECTION('',(1.,0.,-2.22044604925E-16));
#2821 = ORIENTED_EDGE('',*,*,#165,.F.);
#2822 = PLANE('',#2823);
#2823 = AXIS2_PLACEMENT_3D('',#2824,#2825,#2826);
#2824 = CARTESIAN_POINT('',(42.5,10.326320537168,-3.79039630694));
#2825 = DIRECTION('',(-2.038545408851E-16,0.918079234368,-0.396396921561
    ));
#2826 = DIRECTION('',(8.801779784142E-17,-0.396396921561,-0.918079234368
    ));
#2827 = ADVANCED_FACE('',(#2828),#2839,.T.);
#2828 = FACE_BOUND('',#2829,.T.);
#2829 = EDGE_LOOP('',(#2830,#2836,#2837,#2838));
#2830 = ORIENTED_EDGE('',*,*,#2831,.T.);
#2831 = EDGE_CURVE('',#758,#2010,#2832,.T.);
#2832 = LINE('',#2833,#2834);
#2833 = CARTESIAN_POINT('',(42.5,17.508364935805,25.735824050437));
#2834 = VECTOR('',#2835,1.);
#2835 = DIRECTION('',(1.,0.,-2.22044604925E-16));
#2836 = ORIENTED_EDGE('',*,*,#2017,.T.);
#2837 = ORIENTED_EDGE('',*,*,#2797,.F.);
#2838 = ORIENTED_EDGE('',*,*,#765,.F.);
#2839 = PLANE('',#2840);
#2840 = AXIS2_PLACEMENT_3D('',#2841,#2842,#2843);
#2841 = CARTESIAN_POINT('',(42.5,17.508364935805,25.735824050437));
#2842 = DIRECTION('',(1.076379452619E-17,-4.847582101725E-02,
    -0.998824356319));
#2843 = DIRECTION('',(2.217835595884E-16,-0.998824356319,
    4.847582101725E-02));
#2844 = ADVANCED_FACE('',(#2845),#2856,.T.);
#2845 = FACE_BOUND('',#2846,.T.);
#2846 = EDGE_LOOP('',(#2847,#2848,#2849,#2855));
#2847 = ORIENTED_EDGE('',*,*,#2816,.T.);
#2848 = ORIENTED_EDGE('',*,*,#1425,.T.);
#2849 = ORIENTED_EDGE('',*,*,#2850,.F.);
#2850 = EDGE_CURVE('',#174,#1426,#2851,.T.);
#2851 = LINE('',#2852,#2853);
#2852 = CARTESIAN_POINT('',(42.5,9.23125347996,-5.981969507506));
#2853 = VECTOR('',#2854,1.);
#2854 = DIRECTION('',(1.,0.,-2.22044604925E-16));
#2855 = ORIENTED_EDGE('',*,*,#173,.F.);
#2856 = PLANE('',#2857);
#2857 = AXIS2_PLACEMENT_3D('',#2858,#2859,#2860);
#2858 = CARTESIAN_POINT('',(42.5,9.839991038218,-4.916764827382));
#2859 = DIRECTION('',(-1.927848719795E-16,0.86822587761,-0.496169150038)
  );
#2860 = DIRECTION('',(1.101716828961E-16,-0.496169150038,-0.86822587761)
  );
#2861 = ADVANCED_FACE('',(#2862),#2873,.T.);
#2862 = FACE_BOUND('',#2863,.T.);
#2863 = EDGE_LOOP('',(#2864,#2870,#2871,#2872));
#2864 = ORIENTED_EDGE('',*,*,#2865,.T.);
#2865 = EDGE_CURVE('',#750,#2002,#2866,.T.);
#2866 = LINE('',#2867,#2868);
#2867 = CARTESIAN_POINT('',(42.5,18.651635682655,25.299001317125));
#2868 = VECTOR('',#2869,1.);
#2869 = DIRECTION('',(1.,0.,-2.22044604925E-16));
#2870 = ORIENTED_EDGE('',*,*,#2009,.T.);
#2871 = ORIENTED_EDGE('',*,*,#2831,.F.);
#2872 = ORIENTED_EDGE('',*,*,#757,.F.);
#2873 = PLANE('',#2874);
#2874 = AXIS2_PLACEMENT_3D('',#2875,#2876,#2877);
#2875 = CARTESIAN_POINT('',(42.5,18.651635682655,25.299001317125));
#2876 = DIRECTION('',(7.925134507385E-17,-0.356916328143,-0.934136357661
    ));
#2877 = DIRECTION('',(2.07419938483E-16,-0.934136357661,0.356916328143)
  );
#2878 = ADVANCED_FACE('',(#2879),#2890,.T.);
#2879 = FACE_BOUND('',#2880,.T.);
#2880 = EDGE_LOOP('',(#2881,#2882,#2883,#2889));
#2881 = ORIENTED_EDGE('',*,*,#2850,.T.);
#2882 = ORIENTED_EDGE('',*,*,#1433,.T.);
#2883 = ORIENTED_EDGE('',*,*,#2884,.F.);
#2884 = EDGE_CURVE('',#182,#1434,#2885,.T.);
#2885 = LINE('',#2886,#2887);
#2886 = CARTESIAN_POINT('',(42.5,8.507680469201,-6.972759355806));
#2887 = VECTOR('',#2888,1.);
#2888 = DIRECTION('',(1.,0.,-2.22044604925E-16));
#2889 = ORIENTED_EDGE('',*,*,#181,.F.);
#2890 = PLANE('',#2891);
#2891 = AXIS2_PLACEMENT_3D('',#2892,#2893,#2894);
#2892 = CARTESIAN_POINT('',(42.5,9.23125347996,-5.981969507506));
#2893 = DIRECTION('',(-1.793169872675E-16,0.807571917039,-0.589769106354
    ));
#2894 = DIRECTION('',(1.309550482174E-16,-0.589769106354,-0.807571917039
    ));
#2895 = ADVANCED_FACE('',(#2896),#2907,.T.);
#2896 = FACE_BOUND('',#2897,.T.);
#2897 = EDGE_LOOP('',(#2898,#2904,#2905,#2906));
#2898 = ORIENTED_EDGE('',*,*,#2899,.T.);
#2899 = EDGE_CURVE('',#742,#1994,#2900,.T.);
#2900 = LINE('',#2901,#2902);
#2901 = CARTESIAN_POINT('',(42.5,19.836356470649,24.991887729935));
#2902 = VECTOR('',#2903,1.);
#2903 = DIRECTION('',(1.,0.,-2.22044604925E-16));
#2904 = ORIENTED_EDGE('',*,*,#2001,.T.);
#2905 = ORIENTED_EDGE('',*,*,#2865,.F.);
#2906 = ORIENTED_EDGE('',*,*,#749,.F.);
#2907 = PLANE('',#2908);
#2908 = AXIS2_PLACEMENT_3D('',#2909,#2910,#2911);
#2909 = CARTESIAN_POINT('',(42.5,19.836356470649,24.991887729935));
#2910 = DIRECTION('',(5.571863142449E-17,-0.250934407721,-0.968004092461
    ));
#2911 = DIRECTION('',(2.149400862764E-16,-0.968004092461,0.250934407721)
  );
#2912 = ADVANCED_FACE('',(#2913),#2924,.T.);
#2913 = FACE_BOUND('',#2914,.T.);
#2914 = EDGE_LOOP('',(#2915,#2916,#2917,#2923));
#2915 = ORIENTED_EDGE('',*,*,#2884,.T.);
#2916 = ORIENTED_EDGE('',*,*,#1441,.T.);
#2917 = ORIENTED_EDGE('',*,*,#2918,.F.);
#2918 = EDGE_CURVE('',#190,#1442,#2919,.T.);
#2919 = LINE('',#2920,#2921);
#2920 = CARTESIAN_POINT('',(42.5,7.678273149101,-7.876809090476));
#2921 = VECTOR('',#2922,1.);
#2922 = DIRECTION('',(1.,0.,-2.22044604925E-16));
#2923 = ORIENTED_EDGE('',*,*,#189,.F.);
#2924 = PLANE('',#2925);
#2925 = AXIS2_PLACEMENT_3D('',#2926,#2927,#2928);
#2926 = CARTESIAN_POINT('',(42.5,8.507680469201,-6.972759355806));
#2927 = DIRECTION('',(-1.636184252788E-16,0.736871879116,-0.676032420648
    ));
#2928 = DIRECTION('',(1.501093517593E-16,-0.676032420648,-0.736871879116
    ));
#2929 = ADVANCED_FACE('',(#2930),#2941,.T.);
#2930 = FACE_BOUND('',#2931,.T.);
#2931 = EDGE_LOOP('',(#2932,#2938,#2939,#2940));
#2932 = ORIENTED_EDGE('',*,*,#2933,.T.);
#2933 = EDGE_CURVE('',#734,#1986,#2934,.T.);
#2934 = LINE('',#2935,#2936);
#2935 = CARTESIAN_POINT('',(42.5,21.047861414969,24.818285106597));
#2936 = VECTOR('',#2937,1.);
#2937 = DIRECTION('',(1.,0.,-2.22044604925E-16));
#2938 = ORIENTED_EDGE('',*,*,#1993,.T.);
#2939 = ORIENTED_EDGE('',*,*,#2899,.F.);
#2940 = ORIENTED_EDGE('',*,*,#741,.F.);
#2941 = PLANE('',#2942);
#2942 = AXIS2_PLACEMENT_3D('',#2943,#2944,#2945);
#2943 = CARTESIAN_POINT('',(42.5,21.047861414969,24.818285106597));
#2944 = DIRECTION('',(3.149616619909E-17,-0.141846122358,-0.989888719792
    ));
#2945 = DIRECTION('',(2.19799449706E-16,-0.989888719792,0.141846122358)
  );
#2946 = ADVANCED_FACE('',(#2947),#2958,.T.);
#2947 = FACE_BOUND('',#2948,.T.);
#2948 = EDGE_LOOP('',(#2949,#2950,#2951,#2957));
#2949 = ORIENTED_EDGE('',*,*,#2918,.T.);
#2950 = ORIENTED_EDGE('',*,*,#1449,.T.);
#2951 = ORIENTED_EDGE('',*,*,#2952,.F.);
#2952 = EDGE_CURVE('',#198,#1450,#2953,.T.);
#2953 = LINE('',#2954,#2955);
#2954 = CARTESIAN_POINT('',(42.5,6.753349226254,-8.682872464125));
#2955 = VECTOR('',#2956,1.);
#2956 = DIRECTION('',(1.,0.,-2.22044604925E-16));
#2957 = ORIENTED_EDGE('',*,*,#197,.F.);
#2958 = PLANE('',#2959);
#2959 = AXIS2_PLACEMENT_3D('',#2960,#2961,#2962);
#2960 = CARTESIAN_POINT('',(42.5,7.678273149101,-7.876809090476));
#2961 = DIRECTION('',(-1.458844738443E-16,0.657005262044,-0.75388598982)
  );
#2962 = DIRECTION('',(1.67396316768E-16,-0.75388598982,-0.657005262044)
  );
#2963 = ADVANCED_FACE('',(#2964),#2975,.T.);
#2964 = FACE_BOUND('',#2965,.T.);
#2965 = EDGE_LOOP('',(#2966,#2972,#2973,#2974));
#2966 = ORIENTED_EDGE('',*,*,#2967,.T.);
#2967 = EDGE_CURVE('',#726,#1978,#2968,.T.);
#2968 = LINE('',#2969,#2970);
#2969 = CARTESIAN_POINT('',(42.5,22.271153064613,24.780342507127));
#2970 = VECTOR('',#2971,1.);
#2971 = DIRECTION('',(1.,0.,-2.22044604925E-16));
#2972 = ORIENTED_EDGE('',*,*,#1985,.T.);
#2973 = ORIENTED_EDGE('',*,*,#2933,.F.);
#2974 = ORIENTED_EDGE('',*,*,#733,.F.);
#2975 = PLANE('',#2976);
#2976 = AXIS2_PLACEMENT_3D('',#2977,#2978,#2979);
#2977 = CARTESIAN_POINT('',(42.5,22.271153064613,24.780342507127));
#2978 = DIRECTION('',(6.88380391917E-18,-3.100189676527E-02,
    -0.999519325675));
#2979 = DIRECTION('',(2.219378737843E-16,-0.999519325675,
    3.100189676527E-02));
#2980 = ADVANCED_FACE('',(#2981),#2992,.T.);
#2981 = FACE_BOUND('',#2982,.T.);
#2982 = EDGE_LOOP('',(#2983,#2984,#2985,#2991));
#2983 = ORIENTED_EDGE('',*,*,#2952,.T.);
#2984 = ORIENTED_EDGE('',*,*,#1457,.T.);
#2985 = ORIENTED_EDGE('',*,*,#2986,.F.);
#2986 = EDGE_CURVE('',#206,#1458,#2987,.T.);
#2987 = LINE('',#2988,#2989);
#2988 = CARTESIAN_POINT('',(42.5,5.744414619921,-9.380922165461));
#2989 = VECTOR('',#2990,1.);
#2990 = DIRECTION('',(1.,0.,-2.22044604925E-16));
#2991 = ORIENTED_EDGE('',*,*,#205,.F.);
#2992 = PLANE('',#2993);
#2993 = AXIS2_PLACEMENT_3D('',#2994,#2995,#2996);
#2994 = CARTESIAN_POINT('',(42.5,6.753349226254,-8.682872464125));
#2995 = DIRECTION('',(-1.263357407441E-16,0.568965594939,-0.822361326776
    ));
#2996 = DIRECTION('',(1.826008959095E-16,-0.822361326776,-0.568965594939
    ));
#2997 = ADVANCED_FACE('',(#2998),#3009,.T.);
#2998 = FACE_BOUND('',#2999,.T.);
#2999 = EDGE_LOOP('',(#3000,#3006,#3007,#3008));
#3000 = ORIENTED_EDGE('',*,*,#3001,.T.);
#3001 = EDGE_CURVE('',#718,#1970,#3002,.T.);
#3002 = LINE('',#3003,#3004);
#3003 = CARTESIAN_POINT('',(42.5,23.491088058702,24.87852963021));
#3004 = VECTOR('',#3005,1.);
#3005 = DIRECTION('',(1.,0.,-2.22044604925E-16));
#3006 = ORIENTED_EDGE('',*,*,#1977,.T.);
#3007 = ORIENTED_EDGE('',*,*,#2967,.F.);
#3008 = ORIENTED_EDGE('',*,*,#725,.F.);
#3009 = PLANE('',#3010);
#3010 = AXIS2_PLACEMENT_3D('',#3011,#3012,#3013);
#3011 = CARTESIAN_POINT('',(42.5,23.491088058702,24.87852963021));
#3012 = DIRECTION('',(-1.78137742837E-17,8.022610722613E-02,
    -0.996776690999));
#3013 = DIRECTION('',(2.213288865514E-16,-0.996776690999,
    -8.022610722613E-02));
#3014 = ADVANCED_FACE('',(#3015),#3026,.T.);
#3015 = FACE_BOUND('',#3016,.T.);
#3016 = EDGE_LOOP('',(#3017,#3018,#3019,#3025));
#3017 = ORIENTED_EDGE('',*,*,#2986,.T.);
#3018 = ORIENTED_EDGE('',*,*,#1465,.T.);
#3019 = ORIENTED_EDGE('',*,*,#3020,.F.);
#3020 = EDGE_CURVE('',#214,#1466,#3021,.T.);
#3021 = LINE('',#3022,#3023);
#3022 = CARTESIAN_POINT('',(42.5,4.664020330062,-9.962274557588));
#3023 = VECTOR('',#3024,1.);
#3024 = DIRECTION('',(1.,0.,-2.22044604925E-16));
#3025 = ORIENTED_EDGE('',*,*,#213,.F.);
#3026 = PLANE('',#3027);
#3027 = AXIS2_PLACEMENT_3D('',#3028,#3029,#3030);
#3028 = CARTESIAN_POINT('',(42.5,5.744414619921,-9.380922165461));
#3029 = DIRECTION('',(-1.052154093786E-16,0.473848078471,-0.88060660827)
  );
#3030 = DIRECTION('',(1.955339464277E-16,-0.88060660827,-0.473848078471)
  );
#3031 = ADVANCED_FACE('',(#3032),#3043,.T.);
#3032 = FACE_BOUND('',#3033,.T.);
#3033 = EDGE_LOOP('',(#3034,#3040,#3041,#3042));
#3034 = ORIENTED_EDGE('',*,*,#3035,.T.);
#3035 = EDGE_CURVE('',#710,#1962,#3036,.T.);
#3036 = LINE('',#3037,#3038);
#3037 = CARTESIAN_POINT('',(42.5,24.692564589038,25.111630998701));
#3038 = VECTOR('',#3039,1.);
#3039 = DIRECTION('',(1.,0.,-2.22044604925E-16));
#3040 = ORIENTED_EDGE('',*,*,#1969,.T.);
#3041 = ORIENTED_EDGE('',*,*,#3001,.F.);
#3042 = ORIENTED_EDGE('',*,*,#717,.F.);
#3043 = PLANE('',#3044);
#3044 = AXIS2_PLACEMENT_3D('',#3045,#3046,#3047);
#3045 = CARTESIAN_POINT('',(42.5,24.692564589038,25.111630998701));
#3046 = DIRECTION('',(-4.229083237376E-17,0.19046097692,-0.981694767364)
  );
#3047 = DIRECTION('',(2.179800267764E-16,-0.981694767364,-0.19046097692)
  );
#3048 = ADVANCED_FACE('',(#3049),#3060,.T.);
#3049 = FACE_BOUND('',#3050,.T.);
#3050 = EDGE_LOOP('',(#3051,#3052,#3053,#3059));
#3051 = ORIENTED_EDGE('',*,*,#3020,.T.);
#3052 = ORIENTED_EDGE('',*,*,#1473,.T.);
#3053 = ORIENTED_EDGE('',*,*,#3054,.F.);
#3054 = EDGE_CURVE('',#222,#1474,#3055,.T.);
#3055 = LINE('',#3056,#3057);
#3056 = CARTESIAN_POINT('',(42.5,3.525606304721,-10.41969770118));
#3057 = VECTOR('',#3058,1.);
#3058 = DIRECTION('',(1.,0.,-2.22044604925E-16));
#3059 = ORIENTED_EDGE('',*,*,#221,.F.);
#3060 = PLANE('',#3061);
#3061 = AXIS2_PLACEMENT_3D('',#3062,#3063,#3064);
#3062 = CARTESIAN_POINT('',(42.5,4.664020330062,-9.962274557588));
#3063 = DIRECTION('',(-8.278621360246E-17,0.372835960731,-0.927897271461
    ));
#3064 = DIRECTION('',(2.060345830527E-16,-0.927897271461,-0.372835960731
    ));
#3065 = ADVANCED_FACE('',(#3066),#3077,.T.);
#3066 = FACE_BOUND('',#3067,.T.);
#3067 = EDGE_LOOP('',(#3068,#3074,#3075,#3076));
#3068 = ORIENTED_EDGE('',*,*,#3069,.T.);
#3069 = EDGE_CURVE('',#702,#1954,#3070,.T.);
#3070 = LINE('',#3071,#3072);
#3071 = CARTESIAN_POINT('',(42.5,25.86070934827,25.476761006259));
#3072 = VECTOR('',#3073,1.);
#3073 = DIRECTION('',(1.,0.,-2.22044604925E-16));
#3074 = ORIENTED_EDGE('',*,*,#1961,.T.);
#3075 = ORIENTED_EDGE('',*,*,#3035,.F.);
#3076 = ORIENTED_EDGE('',*,*,#709,.F.);
#3077 = PLANE('',#3078);
#3078 = AXIS2_PLACEMENT_3D('',#3079,#3080,#3081);
#3079 = CARTESIAN_POINT('',(42.5,25.86070934827,25.476761006259));
#3080 = DIRECTION('',(-6.624436417584E-17,0.298338093818,-0.954460256782
    ));
#3081 = DIRECTION('',(2.119327506339E-16,-0.954460256782,-0.298338093818
    ));
#3082 = ADVANCED_FACE('',(#3083),#3094,.T.);
#3083 = FACE_BOUND('',#3084,.T.);
#3084 = EDGE_LOOP('',(#3085,#3086,#3087,#3093));
#3085 = ORIENTED_EDGE('',*,*,#3054,.T.);
#3086 = ORIENTED_EDGE('',*,*,#1481,.T.);
#3087 = ORIENTED_EDGE('',*,*,#3088,.F.);
#3088 = EDGE_CURVE('',#230,#1482,#3089,.T.);
#3089 = LINE('',#3090,#3091);
#3090 = CARTESIAN_POINT('',(42.5,2.343334249025,-10.74750131878));
#3091 = VECTOR('',#3092,1.);
#3092 = DIRECTION('',(1.,0.,-2.22044604925E-16));
#3093 = ORIENTED_EDGE('',*,*,#229,.F.);
#3094 = PLANE('',#3095);
#3095 = AXIS2_PLACEMENT_3D('',#3096,#3097,#3098);
#3096 = CARTESIAN_POINT('',(42.5,3.525606304721,-10.41969770118));
#3097 = DIRECTION('',(-5.932716935336E-17,0.267185817793,-0.963645027368
    ));
#3098 = DIRECTION('',(2.139721793898E-16,-0.963645027368,-0.267185817793
    ));
#3099 = ADVANCED_FACE('',(#3100),#3111,.T.);
#3100 = FACE_BOUND('',#3101,.T.);
#3101 = EDGE_LOOP('',(#3102,#3108,#3109,#3110));
#3102 = ORIENTED_EDGE('',*,*,#3103,.T.);
#3103 = EDGE_CURVE('',#694,#1946,#3104,.T.);
#3104 = LINE('',#3105,#3106);
#3105 = CARTESIAN_POINT('',(42.5,26.981061649406,25.96939963881));
#3106 = VECTOR('',#3107,1.);
#3107 = DIRECTION('',(1.,0.,-2.22044604925E-16));
#3108 = ORIENTED_EDGE('',*,*,#1953,.T.);
#3109 = ORIENTED_EDGE('',*,*,#3069,.F.);
#3110 = ORIENTED_EDGE('',*,*,#701,.F.);
#3111 = PLANE('',#3112);
#3112 = AXIS2_PLACEMENT_3D('',#3113,#3114,#3115);
#3113 = CARTESIAN_POINT('',(42.5,26.981061649406,25.96939963881));
#3114 = DIRECTION('',(-8.937784434661E-17,0.402522026495,-0.915410300459
    ));
#3115 = DIRECTION('',(2.032619185098E-16,-0.915410300459,-0.402522026495
    ));
#3116 = ADVANCED_FACE('',(#3117),#3128,.T.);
#3117 = FACE_BOUND('',#3118,.T.);
#3118 = EDGE_LOOP('',(#3119,#3120,#3121,#3127));
#3119 = ORIENTED_EDGE('',*,*,#3088,.T.);
#3120 = ORIENTED_EDGE('',*,*,#1489,.T.);
#3121 = ORIENTED_EDGE('',*,*,#3122,.F.);
#3122 = EDGE_CURVE('',#238,#1490,#3123,.T.);
#3123 = LINE('',#3124,#3125);
#3124 = CARTESIAN_POINT('',(42.5,1.131911455628,-10.941607581));
#3125 = VECTOR('',#3126,1.);
#3126 = DIRECTION('',(1.,0.,-2.22044604925E-16));
#3127 = ORIENTED_EDGE('',*,*,#237,.F.);
#3128 = PLANE('',#3129);
#3129 = AXIS2_PLACEMENT_3D('',#3130,#3131,#3132);
#3130 = CARTESIAN_POINT('',(42.5,2.343334249025,-10.74750131878));
#3131 = DIRECTION('',(-3.513010373446E-17,0.158211922088,-0.987405179098
    ));
#3132 = DIRECTION('',(2.192479928937E-16,-0.987405179098,-0.158211922088
    ));
#3133 = ADVANCED_FACE('',(#3134),#3145,.T.);
#3134 = FACE_BOUND('',#3135,.T.);
#3135 = EDGE_LOOP('',(#3136,#3142,#3143,#3144));
#3136 = ORIENTED_EDGE('',*,*,#3137,.T.);
#3137 = EDGE_CURVE('',#686,#1938,#3138,.T.);
#3138 = LINE('',#3139,#3140);
#3139 = CARTESIAN_POINT('',(42.5,28.039752437415,26.583448428668));
#3140 = VECTOR('',#3141,1.);
#3141 = DIRECTION('',(1.,0.,-2.22044604925E-16));
#3142 = ORIENTED_EDGE('',*,*,#1945,.T.);
#3143 = ORIENTED_EDGE('',*,*,#3103,.F.);
#3144 = ORIENTED_EDGE('',*,*,#693,.F.);
#3145 = PLANE('',#3146);
#3146 = AXIS2_PLACEMENT_3D('',#3147,#3148,#3149);
#3147 = CARTESIAN_POINT('',(42.5,28.039752437415,26.583448428668));
#3148 = DIRECTION('',(-1.114048991185E-16,0.501723062157,-0.865028305259
    ));
#3149 = DIRECTION('',(1.920748682902E-16,-0.865028305259,-0.501723062157
    ));
#3150 = ADVANCED_FACE('',(#3151),#3162,.T.);
#3151 = FACE_BOUND('',#3152,.T.);
#3152 = EDGE_LOOP('',(#3153,#3154,#3155,#3161));
#3153 = ORIENTED_EDGE('',*,*,#3122,.T.);
#3154 = ORIENTED_EDGE('',*,*,#1497,.T.);
#3155 = ORIENTED_EDGE('',*,*,#3156,.F.);
#3156 = EDGE_CURVE('',#246,#1498,#3157,.T.);
#3157 = LINE('',#3158,#3159);
#3158 = CARTESIAN_POINT('',(42.5,-9.35921518733E-02,-10.99960183411));
#3159 = VECTOR('',#3160,1.);
#3160 = DIRECTION('',(1.,0.,-2.22044604925E-16));
#3161 = ORIENTED_EDGE('',*,*,#245,.F.);
#3162 = PLANE('',#3163);
#3163 = AXIS2_PLACEMENT_3D('',#3164,#3165,#3166);
#3164 = CARTESIAN_POINT('',(42.5,1.131911455628,-10.941607581));
#3165 = DIRECTION('',(-1.049602472756E-17,4.726989305191E-02,
    -0.998882153815));
#3166 = DIRECTION('',(2.217963932106E-16,-0.998882153815,
    -4.726989305191E-02));
#3167 = ADVANCED_FACE('',(#3168),#3179,.T.);
#3168 = FACE_BOUND('',#3169,.T.);
#3169 = EDGE_LOOP('',(#3170,#3176,#3177,#3178));
#3170 = ORIENTED_EDGE('',*,*,#3171,.T.);
#3171 = EDGE_CURVE('',#678,#1930,#3172,.T.);
#3172 = LINE('',#3173,#3174);
#3173 = CARTESIAN_POINT('',(42.5,29.023675976911,27.311305948632));
#3174 = VECTOR('',#3175,1.);
#3175 = DIRECTION('',(1.,0.,-2.22044604925E-16));
#3176 = ORIENTED_EDGE('',*,*,#1937,.T.);
#3177 = ORIENTED_EDGE('',*,*,#3137,.F.);
#3178 = ORIENTED_EDGE('',*,*,#685,.F.);
#3179 = PLANE('',#3180);
#3180 = AXIS2_PLACEMENT_3D('',#3181,#3182,#3183);
#3181 = CARTESIAN_POINT('',(42.5,29.023675976911,27.311305948632));
#3182 = DIRECTION('',(-1.320528513751E-16,0.594713172246,-0.80393795952)
  );
#3183 = DIRECTION('',(1.785100866058E-16,-0.80393795952,-0.594713172246)
  );
#3184 = ADVANCED_FACE('',(#3185),#3196,.T.);
#3185 = FACE_BOUND('',#3186,.T.);
#3186 = EDGE_LOOP('',(#3187,#3188,#3189,#3195));
#3187 = ORIENTED_EDGE('',*,*,#3156,.T.);
#3188 = ORIENTED_EDGE('',*,*,#1505,.T.);
#3189 = ORIENTED_EDGE('',*,*,#3190,.F.);
#3190 = EDGE_CURVE('',#254,#1506,#3191,.T.);
#3191 = LINE('',#3192,#3193);
#3192 = CARTESIAN_POINT('',(42.5,-1.317931486599,-10.92076263805));
#3193 = VECTOR('',#3194,1.);
#3194 = DIRECTION('',(1.,0.,-2.22044604925E-16));
#3195 = ORIENTED_EDGE('',*,*,#253,.F.);
#3196 = PLANE('',#3197);
#3197 = AXIS2_PLACEMENT_3D('',#3198,#3199,#3200);
#3198 = CARTESIAN_POINT('',(42.5,-9.35921518733E-02,-10.99960183411));
#3199 = DIRECTION('',(1.426862330246E-17,-6.426016658803E-02,
    -0.997933179622));
#3200 = DIRECTION('',(2.215856786107E-16,-0.997933179622,
    6.426016658803E-02));
#3201 = ADVANCED_FACE('',(#3202),#3213,.T.);
#3202 = FACE_BOUND('',#3203,.T.);
#3203 = EDGE_LOOP('',(#3204,#3210,#3211,#3212));
#3204 = ORIENTED_EDGE('',*,*,#3205,.T.);
#3205 = EDGE_CURVE('',#670,#1922,#3206,.T.);
#3206 = LINE('',#3207,#3208);
#3207 = CARTESIAN_POINT('',(42.5,29.92065209055,28.143961911502));
#3208 = VECTOR('',#3209,1.);
#3209 = DIRECTION('',(1.,0.,-2.22044604925E-16));
#3210 = ORIENTED_EDGE('',*,*,#1929,.T.);
#3211 = ORIENTED_EDGE('',*,*,#3171,.F.);
#3212 = ORIENTED_EDGE('',*,*,#677,.F.);
#3213 = PLANE('',#3214);
#3214 = AXIS2_PLACEMENT_3D('',#3215,#3216,#3217);
#3215 = CARTESIAN_POINT('',(42.5,29.92065209055,28.143961911502));
#3216 = DIRECTION('',(-1.510660961734E-16,0.680341214435,-0.732895512294
    ));
#3217 = DIRECTION('',(1.627354944787E-16,-0.732895512294,-0.680341214435
    ));
#3218 = ADVANCED_FACE('',(#3219),#3230,.T.);
#3219 = FACE_BOUND('',#3220,.T.);
#3220 = EDGE_LOOP('',(#3221,#3222,#3223,#3229));
#3221 = ORIENTED_EDGE('',*,*,#3190,.T.);
#3222 = ORIENTED_EDGE('',*,*,#1513,.T.);
#3223 = ORIENTED_EDGE('',*,*,#3224,.F.);
#3224 = EDGE_CURVE('',#262,#1514,#3225,.T.);
#3225 = LINE('',#3226,#3227);
#3226 = CARTESIAN_POINT('',(42.5,-2.525875945053,-10.70607074094));
#3227 = VECTOR('',#3228,1.);
#3228 = DIRECTION('',(1.,0.,-2.22044604925E-16));
#3229 = ORIENTED_EDGE('',*,*,#261,.F.);
#3230 = PLANE('',#3231);
#3231 = AXIS2_PLACEMENT_3D('',#3232,#3233,#3234);
#3232 = CARTESIAN_POINT('',(42.5,-1.317931486599,-10.92076263805));
#3233 = DIRECTION('',(3.885577173103E-17,-0.174990839089,-0.984570061618
    ));
#3234 = DIRECTION('',(2.18618470353E-16,-0.984570061618,0.174990839089)
  );
#3235 = ADVANCED_FACE('',(#3236),#3247,.T.);
#3236 = FACE_BOUND('',#3237,.T.);
#3237 = EDGE_LOOP('',(#3238,#3244,#3245,#3246));
#3238 = ORIENTED_EDGE('',*,*,#3239,.T.);
#3239 = EDGE_CURVE('',#662,#1914,#3240,.T.);
#3240 = LINE('',#3241,#3242);
#3241 = CARTESIAN_POINT('',(42.5,30.719576939774,29.071108710145));
#3242 = VECTOR('',#3243,1.);
#3243 = DIRECTION('',(1.,0.,-2.22044604925E-16));
#3244 = ORIENTED_EDGE('',*,*,#1921,.T.);
#3245 = ORIENTED_EDGE('',*,*,#3205,.F.);
#3246 = ORIENTED_EDGE('',*,*,#669,.F.);
#3247 = PLANE('',#3248);
#3248 = AXIS2_PLACEMENT_3D('',#3249,#3250,#3251);
#3249 = CARTESIAN_POINT('',(42.5,30.719576939774,29.071108710145));
#3250 = DIRECTION('',(-1.682092649261E-16,0.757547182842,-0.6527804116)
  );
#3251 = DIRECTION('',(1.449463685965E-16,-0.6527804116,-0.757547182842)
  );
#3252 = ADVANCED_FACE('',(#3253),#3264,.T.);
#3253 = FACE_BOUND('',#3254,.T.);
#3254 = EDGE_LOOP('',(#3255,#3256,#3257,#3263));
#3255 = ORIENTED_EDGE('',*,*,#3224,.T.);
#3256 = ORIENTED_EDGE('',*,*,#1521,.T.);
#3257 = ORIENTED_EDGE('',*,*,#3258,.F.);
#3258 = EDGE_CURVE('',#270,#1522,#3259,.T.);
#3259 = LINE('',#3260,#3261);
#3260 = CARTESIAN_POINT('',(42.5,-3.702398873622,-10.35819687883));
#3261 = VECTOR('',#3262,1.);
#3262 = DIRECTION('',(1.,0.,-2.22044604925E-16));
#3263 = ORIENTED_EDGE('',*,*,#269,.F.);
#3264 = PLANE('',#3265);
#3265 = AXIS2_PLACEMENT_3D('',#3266,#3267,#3268);
#3266 = CARTESIAN_POINT('',(42.5,-2.525875945053,-10.70607074094));
#3267 = DIRECTION('',(6.295956000287E-17,-0.283544650968,-0.958959035052
    ));
#3268 = DIRECTION('',(2.129316800773E-16,-0.958959035052,0.283544650968)
  );
#3269 = ADVANCED_FACE('',(#3270),#3281,.T.);
#3270 = FACE_BOUND('',#3271,.T.);
#3271 = EDGE_LOOP('',(#3272,#3278,#3279,#3280));
#3272 = ORIENTED_EDGE('',*,*,#3273,.T.);
#3273 = EDGE_CURVE('',#654,#1906,#3274,.T.);
#3274 = LINE('',#3275,#3276);
#3275 = CARTESIAN_POINT('',(42.5,31.410560481347,30.081269017333));
#3276 = VECTOR('',#3277,1.);
#3277 = DIRECTION('',(1.,0.,-2.22044604925E-16));
#3278 = ORIENTED_EDGE('',*,*,#1913,.T.);
#3279 = ORIENTED_EDGE('',*,*,#3239,.F.);
#3280 = ORIENTED_EDGE('',*,*,#661,.F.);
#3281 = PLANE('',#3282);
#3282 = AXIS2_PLACEMENT_3D('',#3283,#3284,#3285);
#3283 = CARTESIAN_POINT('',(42.5,31.410560481347,30.081269017333));
#3284 = DIRECTION('',(-1.832701390743E-16,0.825375330043,-0.564584417564
    ));
#3285 = DIRECTION('',(1.253629239448E-16,-0.564584417564,-0.825375330043
    ));
#3286 = ADVANCED_FACE('',(#3287),#3298,.T.);
#3287 = FACE_BOUND('',#3288,.T.);
#3288 = EDGE_LOOP('',(#3289,#3290,#3291,#3297));
#3289 = ORIENTED_EDGE('',*,*,#3258,.T.);
#3290 = ORIENTED_EDGE('',*,*,#1529,.T.);
#3291 = ORIENTED_EDGE('',*,*,#3292,.F.);
#3292 = EDGE_CURVE('',#278,#1530,#3293,.T.);
#3293 = LINE('',#3294,#3295);
#3294 = CARTESIAN_POINT('',(42.5,-4.832864497956,-9.881468552012));
#3295 = VECTOR('',#3296,1.);
#3296 = DIRECTION('',(1.,0.,-2.22044604925E-16));
#3297 = ORIENTED_EDGE('',*,*,#277,.F.);
#3298 = PLANE('',#3299);
#3299 = AXIS2_PLACEMENT_3D('',#3300,#3301,#3302);
#3300 = CARTESIAN_POINT('',(42.5,-3.702398873622,-10.35819687883));
#3301 = DIRECTION('',(8.628014049281E-17,-0.388571208573,-0.921418697373
    ));
#3302 = DIRECTION('',(2.045960506287E-16,-0.921418697373,0.388571208573)
  );
#3303 = ADVANCED_FACE('',(#3304),#3315,.T.);
#3304 = FACE_BOUND('',#3305,.T.);
#3305 = EDGE_LOOP('',(#3306,#3312,#3313,#3314));
#3306 = ORIENTED_EDGE('',*,*,#3307,.T.);
#3307 = EDGE_CURVE('',#646,#1898,#3308,.T.);
#3308 = LINE('',#3309,#3310);
#3309 = CARTESIAN_POINT('',(42.5,31.985048898086,31.161937865766));
#3310 = VECTOR('',#3311,1.);
#3311 = DIRECTION('',(1.,0.,-2.22044604925E-16));
#3312 = ORIENTED_EDGE('',*,*,#1905,.T.);
#3313 = ORIENTED_EDGE('',*,*,#3273,.F.);
#3314 = ORIENTED_EDGE('',*,*,#653,.F.);
#3315 = PLANE('',#3316);
#3316 = AXIS2_PLACEMENT_3D('',#3317,#3318,#3319);
#3317 = CARTESIAN_POINT('',(42.5,31.985048898086,31.161937865766));
#3318 = DIRECTION('',(-1.960622771816E-16,0.882985998456,-0.469399325234
    ));
#3319 = DIRECTION('',(1.042275877236E-16,-0.469399325234,-0.882985998456
    ));
#3320 = ADVANCED_FACE('',(#3321),#3332,.T.);
#3321 = FACE_BOUND('',#3322,.T.);
#3322 = EDGE_LOOP('',(#3323,#3324,#3325,#3331));
#3323 = ORIENTED_EDGE('',*,*,#3292,.T.);
#3324 = ORIENTED_EDGE('',*,*,#1537,.T.);
#3325 = ORIENTED_EDGE('',*,*,#3326,.F.);
#3326 = EDGE_CURVE('',#286,#1538,#3327,.T.);
#3327 = LINE('',#3328,#3329);
#3328 = CARTESIAN_POINT('',(42.5,-5.903209989883,-9.281816191637));
#3329 = VECTOR('',#3330,1.);
#3330 = DIRECTION('',(1.,0.,-2.22044604925E-16));
#3331 = ORIENTED_EDGE('',*,*,#285,.F.);
#3332 = PLANE('',#3333);
#3333 = AXIS2_PLACEMENT_3D('',#3334,#3335,#3336);
#3334 = CARTESIAN_POINT('',(42.5,-4.832864497956,-9.881468552012));
#3335 = DIRECTION('',(1.085274085668E-16,-0.488763996781,-0.87241604493)
  );
#3336 = DIRECTION('',(1.937152760267E-16,-0.87241604493,0.488763996781)
  );
#3337 = ADVANCED_FACE('',(#3338),#3349,.T.);
#3338 = FACE_BOUND('',#3339,.T.);
#3339 = EDGE_LOOP('',(#3340,#3346,#3347,#3348));
#3340 = ORIENTED_EDGE('',*,*,#3341,.T.);
#3341 = EDGE_CURVE('',#638,#1890,#3342,.T.);
#3342 = LINE('',#3343,#3344);
#3343 = CARTESIAN_POINT('',(42.5,32.435930488201,32.299737449453));
#3344 = VECTOR('',#3345,1.);
#3345 = DIRECTION('',(1.,0.,-2.22044604925E-16));
#3346 = ORIENTED_EDGE('',*,*,#1897,.T.);
#3347 = ORIENTED_EDGE('',*,*,#3307,.F.);
#3348 = ORIENTED_EDGE('',*,*,#645,.F.);
#3349 = PLANE('',#3350);
#3350 = AXIS2_PLACEMENT_3D('',#3351,#3352,#3353);
#3351 = CARTESIAN_POINT('',(42.5,32.435930488201,32.299737449453));
#3352 = DIRECTION('',(-2.06427322928E-16,0.929666014618,-0.36840344904)
  );
#3353 = DIRECTION('',(8.180199829521E-17,-0.36840344904,-0.929666014618)
  );
#3354 = ADVANCED_FACE('',(#3355),#3366,.T.);
#3355 = FACE_BOUND('',#3356,.T.);
#3356 = EDGE_LOOP('',(#3357,#3358,#3359,#3365));
#3357 = ORIENTED_EDGE('',*,*,#3326,.T.);
#3358 = ORIENTED_EDGE('',*,*,#1545,.T.);
#3359 = ORIENTED_EDGE('',*,*,#3360,.F.);
#3360 = EDGE_CURVE('',#294,#1546,#3361,.T.);
#3361 = LINE('',#3362,#3363);
#3362 = CARTESIAN_POINT('',(42.5,-6.900120406947,-8.566699385973));
#3363 = VECTOR('',#3364,1.);
#3364 = DIRECTION('',(1.,0.,-2.22044604925E-16));
#3365 = ORIENTED_EDGE('',*,*,#293,.F.);
#3366 = PLANE('',#3367);
#3367 = AXIS2_PLACEMENT_3D('',#3368,#3369,#3370);
#3368 = CARTESIAN_POINT('',(42.5,-5.903209989883,-9.281816191637));
#3369 = DIRECTION('',(1.294246114412E-16,-0.582876631859,-0.812560663602
    ));
#3370 = DIRECTION('',(1.804247115271E-16,-0.812560663602,0.582876631859)
  );
#3371 = ADVANCED_FACE('',(#3372),#3383,.T.);
#3372 = FACE_BOUND('',#3373,.T.);
#3373 = EDGE_LOOP('',(#3374,#3380,#3381,#3382));
#3374 = ORIENTED_EDGE('',*,*,#3375,.T.);
#3375 = EDGE_CURVE('',#630,#1882,#3376,.T.);
#3376 = LINE('',#3377,#3378);
#3377 = CARTESIAN_POINT('',(42.5,32.757623702407,33.48058273012));
#3378 = VECTOR('',#3379,1.);
#3379 = DIRECTION('',(1.,0.,-2.22044604925E-16));
#3380 = ORIENTED_EDGE('',*,*,#1889,.T.);
#3381 = ORIENTED_EDGE('',*,*,#3341,.F.);
#3382 = ORIENTED_EDGE('',*,*,#637,.F.);
#3383 = PLANE('',#3384);
#3384 = AXIS2_PLACEMENT_3D('',#3385,#3386,#3387);
#3385 = CARTESIAN_POINT('',(42.5,32.757623702407,33.48058273012));
#3386 = DIRECTION('',(-2.142369654334E-16,0.964837517695,-0.262847036217
    ));
#3387 = DIRECTION('',(5.836376631253E-17,-0.262847036217,-0.964837517695
    ));
#3388 = ADVANCED_FACE('',(#3389),#3400,.T.);
#3389 = FACE_BOUND('',#3390,.T.);
#3390 = EDGE_LOOP('',(#3391,#3392,#3393,#3399));
#3391 = ORIENTED_EDGE('',*,*,#3360,.T.);
#3392 = ORIENTED_EDGE('',*,*,#1553,.T.);
#3393 = ORIENTED_EDGE('',*,*,#3394,.F.);
#3394 = EDGE_CURVE('',#302,#1554,#3395,.T.);
#3395 = LINE('',#3396,#3397);
#3396 = CARTESIAN_POINT('',(42.5,-7.811194328354,-7.745014084216));
#3397 = VECTOR('',#3398,1.);
#3398 = DIRECTION('',(1.,0.,-2.22044604925E-16));
#3399 = ORIENTED_EDGE('',*,*,#301,.F.);
#3400 = PLANE('',#3401);
#3401 = AXIS2_PLACEMENT_3D('',#3402,#3403,#3404);
#3402 = CARTESIAN_POINT('',(42.5,-6.900120406947,-8.566699385973));
#3403 = DIRECTION('',(1.487117909475E-16,-0.669738366297,-0.742597145638
    ));
#3404 = DIRECTION('',(1.648896898217E-16,-0.742597145638,0.669738366297)
  );
#3405 = ADVANCED_FACE('',(#3406),#3417,.T.);
#3406 = FACE_BOUND('',#3407,.T.);
#3407 = EDGE_LOOP('',(#3408,#3414,#3415,#3416));
#3408 = ORIENTED_EDGE('',*,*,#3409,.T.);
#3409 = EDGE_CURVE('',#622,#1874,#3410,.T.);
#3410 = LINE('',#3411,#3412);
#3411 = CARTESIAN_POINT('',(42.5,32.94614623899,34.689855798597));
#3412 = VECTOR('',#3413,1.);
#3413 = DIRECTION('',(1.,0.,-2.22044604925E-16));
#3414 = ORIENTED_EDGE('',*,*,#1881,.T.);
#3415 = ORIENTED_EDGE('',*,*,#3375,.F.);
#3416 = ORIENTED_EDGE('',*,*,#629,.F.);
#3417 = PLANE('',#3418);
#3418 = AXIS2_PLACEMENT_3D('',#3419,#3420,#3421);
#3419 = CARTESIAN_POINT('',(42.5,32.94614623899,34.689855798597));
#3420 = DIRECTION('',(-2.193945276423E-16,0.988065112937,-0.15403678975)
  );
#3421 = DIRECTION('',(3.420303812403E-17,-0.15403678975,-0.988065112937)
  );
#3422 = ADVANCED_FACE('',(#3423),#3434,.T.);
#3423 = FACE_BOUND('',#3424,.T.);
#3424 = EDGE_LOOP('',(#3425,#3426,#3427,#3433));
#3425 = ORIENTED_EDGE('',*,*,#3394,.T.);
#3426 = ORIENTED_EDGE('',*,*,#1561,.T.);
#3427 = ORIENTED_EDGE('',*,*,#3428,.F.);
#3428 = EDGE_CURVE('',#310,#1562,#3429,.T.);
#3429 = LINE('',#3430,#3431);
#3430 = CARTESIAN_POINT('',(42.5,-8.62509812685,-6.826981932172));
#3431 = VECTOR('',#3432,1.);
#3432 = DIRECTION('',(1.,0.,-2.22044604925E-16));
#3433 = ORIENTED_EDGE('',*,*,#309,.F.);
#3434 = PLANE('',#3435);
#3435 = AXIS2_PLACEMENT_3D('',#3436,#3437,#3438);
#3436 = CARTESIAN_POINT('',(42.5,-7.811194328354,-7.745014084216));
#3437 = DIRECTION('',(1.66149017374E-16,-0.748268652733,-0.663395827042)
  );
#3438 = DIRECTION('',(1.473034643244E-16,-0.663395827042,0.748268652733)
  );
#3439 = ADVANCED_FACE('',(#3440),#3451,.T.);
#3440 = FACE_BOUND('',#3441,.T.);
#3441 = EDGE_LOOP('',(#3442,#3448,#3449,#3450));
#3442 = ORIENTED_EDGE('',*,*,#3443,.T.);
#3443 = EDGE_CURVE('',#614,#1866,#3444,.T.);
#3444 = LINE('',#3445,#3446);
#3445 = CARTESIAN_POINT('',(42.5,32.999164341476,35.912586832697));
#3446 = VECTOR('',#3447,1.);
#3447 = DIRECTION('',(1.,0.,-2.22044604925E-16));
#3448 = ORIENTED_EDGE('',*,*,#1873,.T.);
#3449 = ORIENTED_EDGE('',*,*,#3409,.F.);
#3450 = ORIENTED_EDGE('',*,*,#621,.F.);
#3451 = PLANE('',#3452);
#3452 = AXIS2_PLACEMENT_3D('',#3453,#3454,#3455);
#3453 = CARTESIAN_POINT('',(42.5,32.999164341476,35.912586832697));
#3454 = DIRECTION('',(-2.218361631074E-16,0.999061261508,
    -4.331969245508E-02));
#3455 = DIRECTION('',(9.618903996663E-18,-4.331969245508E-02,
    -0.999061261508));
#3456 = ADVANCED_FACE('',(#3457),#3468,.T.);
#3457 = FACE_BOUND('',#3458,.T.);
#3458 = EDGE_LOOP('',(#3459,#3460,#3461,#3467));
#3459 = ORIENTED_EDGE('',*,*,#3428,.T.);
#3460 = ORIENTED_EDGE('',*,*,#1569,.T.);
#3461 = ORIENTED_EDGE('',*,*,#3462,.F.);
#3462 = EDGE_CURVE('',#318,#1570,#3463,.T.);
#3463 = LINE('',#3464,#3465);
#3464 = CARTESIAN_POINT('',(42.5,-9.331706957398,-5.824023116476));
#3465 = VECTOR('',#3466,1.);
#3466 = DIRECTION('',(1.,0.,-2.22044604925E-16));
#3467 = ORIENTED_EDGE('',*,*,#317,.F.);
#3468 = PLANE('',#3469);
#3469 = AXIS2_PLACEMENT_3D('',#3470,#3471,#3472);
#3470 = CARTESIAN_POINT('',(42.5,-8.62509812685,-6.826981932172));
#3471 = DIRECTION('',(1.815193741566E-16,-0.817490585812,-0.575941960711
    ));
#3472 = DIRECTION('',(1.278848051259E-16,-0.575941960711,0.817490585812)
  );
#3473 = ADVANCED_FACE('',(#3474),#3485,.T.);
#3474 = FACE_BOUND('',#3475,.T.);
#3475 = EDGE_LOOP('',(#3476,#3482,#3483,#3484));
#3476 = ORIENTED_EDGE('',*,*,#3477,.T.);
#3477 = EDGE_CURVE('',#606,#1858,#3478,.T.);
#3478 = LINE('',#3479,#3480);
#3479 = CARTESIAN_POINT('',(42.5,32.916021688653,37.133639411509));
#3480 = VECTOR('',#3481,1.);
#3481 = DIRECTION('',(1.,0.,-2.22044604925E-16));
#3482 = ORIENTED_EDGE('',*,*,#1865,.T.);
#3483 = ORIENTED_EDGE('',*,*,#3443,.F.);
#3484 = ORIENTED_EDGE('',*,*,#613,.F.);
#3485 = PLANE('',#3486);
#3486 = AXIS2_PLACEMENT_3D('',#3487,#3488,#3489);
#3487 = CARTESIAN_POINT('',(42.5,32.916021688653,37.133639411509));
#3488 = DIRECTION('',(-2.215316463571E-16,0.997689839985,
    6.793366758352E-02));
#3489 = DIRECTION('',(-1.508430437969E-17,6.793366758352E-02,
    -0.997689839985));
#3490 = ADVANCED_FACE('',(#3491),#3502,.T.);
#3491 = FACE_BOUND('',#3492,.T.);
#3492 = EDGE_LOOP('',(#3493,#3494,#3495,#3501));
#3493 = ORIENTED_EDGE('',*,*,#3462,.T.);
#3494 = ORIENTED_EDGE('',*,*,#1577,.T.);
#3495 = ORIENTED_EDGE('',*,*,#3496,.F.);
#3496 = EDGE_CURVE('',#326,#1578,#3497,.T.);
#3497 = LINE('',#3498,#3499);
#3498 = CARTESIAN_POINT('',(42.5,-9.922230708778,-4.748614299118));
#3499 = VECTOR('',#3500,1.);
#3500 = DIRECTION('',(1.,0.,-2.22044604925E-16));
#3501 = ORIENTED_EDGE('',*,*,#325,.F.);
#3502 = PLANE('',#3503);
#3503 = AXIS2_PLACEMENT_3D('',#3504,#3505,#3506);
#3504 = CARTESIAN_POINT('',(42.5,-9.331706957398,-5.824023116476));
#3505 = DIRECTION('',(1.946316562895E-16,-0.87654305474,-0.481323460042)
  );
#3506 = DIRECTION('',(1.068752775262E-16,-0.481323460042,0.87654305474)
  );
#3507 = ADVANCED_FACE('',(#3508),#3519,.T.);
#3508 = FACE_BOUND('',#3509,.T.);
#3509 = EDGE_LOOP('',(#3510,#3516,#3517,#3518));
#3510 = ORIENTED_EDGE('',*,*,#3511,.T.);
#3511 = EDGE_CURVE('',#598,#1850,#3512,.T.);
#3512 = LINE('',#3513,#3514);
#3513 = CARTESIAN_POINT('',(42.5,32.697747519293,38.33789789204));
#3514 = VECTOR('',#3515,1.);
#3515 = DIRECTION('',(1.,0.,-2.22044604925E-16));
#3516 = ORIENTED_EDGE('',*,*,#1857,.T.);
#3517 = ORIENTED_EDGE('',*,*,#3477,.F.);
#3518 = ORIENTED_EDGE('',*,*,#605,.F.);
#3519 = PLANE('',#3520);
#3520 = AXIS2_PLACEMENT_3D('',#3521,#3522,#3523);
#3521 = CARTESIAN_POINT('',(42.5,32.697747519293,38.33789789204));
#3522 = DIRECTION('',(-2.184847470624E-16,0.983967825457,0.178346063781)
  );
#3523 = DIRECTION('',(-3.960078127228E-17,0.178346063781,-0.983967825457
    ));
#3524 = ADVANCED_FACE('',(#3525),#3536,.T.);
#3525 = FACE_BOUND('',#3526,.T.);
#3526 = EDGE_LOOP('',(#3527,#3528,#3529,#3535));
#3527 = ORIENTED_EDGE('',*,*,#3496,.T.);
#3528 = ORIENTED_EDGE('',*,*,#1585,.T.);
#3529 = ORIENTED_EDGE('',*,*,#3530,.F.);
#3530 = EDGE_CURVE('',#334,#1586,#3531,.T.);
#3531 = LINE('',#3532,#3533);
#3532 = CARTESIAN_POINT('',(42.5,-10.38932335129,-3.614133409591));
#3533 = VECTOR('',#3534,1.);
#3534 = DIRECTION('',(1.,0.,-2.22044604925E-16));
#3535 = ORIENTED_EDGE('',*,*,#333,.F.);
#3536 = PLANE('',#3537);
#3537 = AXIS2_PLACEMENT_3D('',#3538,#3539,#3540);
#3538 = CARTESIAN_POINT('',(42.5,-9.922230708778,-4.748614299118));
#3539 = DIRECTION('',(2.053227488874E-16,-0.92469145538,-0.38071736544)
  );
#3540 = DIRECTION('',(8.453623699722E-17,-0.38071736544,0.92469145538));
#3541 = ADVANCED_FACE('',(#3542),#3553,.T.);
#3542 = FACE_BOUND('',#3543,.T.);
#3543 = EDGE_LOOP('',(#3544,#3550,#3551,#3552));
#3544 = ORIENTED_EDGE('',*,*,#3545,.T.);
#3545 = EDGE_CURVE('',#590,#1842,#3546,.T.);
#3546 = LINE('',#3547,#3548);
#3547 = CARTESIAN_POINT('',(42.5,32.347043891012,39.510454528647));
#3548 = VECTOR('',#3549,1.);
#3549 = DIRECTION('',(1.,0.,-2.22044604925E-16));
#3550 = ORIENTED_EDGE('',*,*,#1849,.T.);
#3551 = ORIENTED_EDGE('',*,*,#3511,.F.);
#3552 = ORIENTED_EDGE('',*,*,#597,.F.);
#3553 = PLANE('',#3554);
#3554 = AXIS2_PLACEMENT_3D('',#3555,#3556,#3557);
#3555 = CARTESIAN_POINT('',(42.5,32.347043891012,39.510454528647));
#3556 = DIRECTION('',(-2.127331833715E-16,0.958065085361,0.286550680007)
  );
#3557 = DIRECTION('',(-6.362703253305E-17,0.286550680007,-0.958065085361
    ));
#3558 = ADVANCED_FACE('',(#3559),#3570,.T.);
#3559 = FACE_BOUND('',#3560,.T.);
#3560 = EDGE_LOOP('',(#3561,#3562,#3563,#3569));
#3561 = ORIENTED_EDGE('',*,*,#3530,.T.);
#3562 = ORIENTED_EDGE('',*,*,#1593,.T.);
#3563 = ORIENTED_EDGE('',*,*,#3564,.F.);
#3564 = EDGE_CURVE('',#342,#1594,#3565,.T.);
#3565 = LINE('',#3566,#3567);
#3566 = CARTESIAN_POINT('',(42.5,-10.7271743203,-2.434693225383));
#3567 = VECTOR('',#3568,1.);
#3568 = DIRECTION('',(1.,0.,-2.22044604925E-16));
#3569 = ORIENTED_EDGE('',*,*,#341,.F.);
#3570 = PLANE('',#3571);
#3571 = AXIS2_PLACEMENT_3D('',#3572,#3573,#3574);
#3572 = CARTESIAN_POINT('',(42.5,-10.38932335129,-3.614133409591));
#3573 = DIRECTION('',(2.134596563111E-16,-0.961336828621,-0.275375202109
    ));
#3574 = DIRECTION('',(6.114557795839E-17,-0.275375202109,0.961336828621)
  );
#3575 = ADVANCED_FACE('',(#3576),#3587,.T.);
#3576 = FACE_BOUND('',#3577,.T.);
#3577 = EDGE_LOOP('',(#3578,#3584,#3585,#3586));
#3578 = ORIENTED_EDGE('',*,*,#3579,.T.);
#3579 = EDGE_CURVE('',#582,#1834,#3580,.T.);
#3580 = LINE('',#3581,#3582);
#3581 = CARTESIAN_POINT('',(42.5,31.868252230978,40.636794018865));
#3582 = VECTOR('',#3583,1.);
#3583 = DIRECTION('',(1.,0.,-2.22044604925E-16));
#3584 = ORIENTED_EDGE('',*,*,#1841,.T.);
#3585 = ORIENTED_EDGE('',*,*,#3545,.F.);
#3586 = ORIENTED_EDGE('',*,*,#589,.F.);
#3587 = PLANE('',#3588);
#3588 = AXIS2_PLACEMENT_3D('',#3589,#3590,#3591);
#3589 = CARTESIAN_POINT('',(42.5,31.868252230978,40.636794018865));
#3590 = DIRECTION('',(-2.043481549892E-16,0.920302274663,0.391208030656)
  );
#3591 = DIRECTION('',(-8.686563261061E-17,0.391208030656,-0.920302274663
    ));
#3592 = ADVANCED_FACE('',(#3593),#3604,.T.);
#3593 = FACE_BOUND('',#3594,.T.);
#3594 = EDGE_LOOP('',(#3595,#3596,#3597,#3603));
#3595 = ORIENTED_EDGE('',*,*,#3564,.T.);
#3596 = ORIENTED_EDGE('',*,*,#1601,.T.);
#3597 = ORIENTED_EDGE('',*,*,#3598,.F.);
#3598 = EDGE_CURVE('',#350,#1602,#3599,.T.);
#3599 = LINE('',#3600,#3601);
#3600 = CARTESIAN_POINT('',(42.5,-10.93158079884,-1.224965811076));
#3601 = VECTOR('',#3602,1.);
#3602 = DIRECTION('',(1.,0.,-2.22044604925E-16));
#3603 = ORIENTED_EDGE('',*,*,#349,.F.);
#3604 = PLANE('',#3605);
#3605 = AXIS2_PLACEMENT_3D('',#3606,#3607,#3608);
#3606 = CARTESIAN_POINT('',(42.5,-10.7271743203,-2.434693225383));
#3607 = DIRECTION('',(2.189411566142E-16,-0.986023311344,-0.16660741126)
  );
#3608 = DIRECTION('',(3.699427681083E-17,-0.16660741126,0.986023311344)
  );
#3609 = ADVANCED_FACE('',(#3610),#3621,.T.);
#3610 = FACE_BOUND('',#3611,.T.);
#3611 = EDGE_LOOP('',(#3612,#3618,#3619,#3620));
#3612 = ORIENTED_EDGE('',*,*,#3613,.T.);
#3613 = EDGE_CURVE('',#574,#1826,#3614,.T.);
#3614 = LINE('',#3615,#3616);
#3615 = CARTESIAN_POINT('',(42.5,31.267299592561,41.702973191107));
#3616 = VECTOR('',#3617,1.);
#3617 = DIRECTION('',(1.,0.,-2.22044604925E-16));
#3618 = ORIENTED_EDGE('',*,*,#1833,.T.);
#3619 = ORIENTED_EDGE('',*,*,#3579,.F.);
#3620 = ORIENTED_EDGE('',*,*,#581,.F.);
#3621 = PLANE('',#3622);
#3622 = AXIS2_PLACEMENT_3D('',#3623,#3624,#3625);
#3623 = CARTESIAN_POINT('',(42.5,31.267299592561,41.702973191107));
#3624 = DIRECTION('',(-1.934334617827E-16,0.871146866406,0.491022542407)
  );
#3625 = DIRECTION('',(-1.09028906438E-16,0.491022542407,-0.871146866406)
  );
#3626 = ADVANCED_FACE('',(#3627),#3638,.T.);
#3627 = FACE_BOUND('',#3628,.T.);
#3628 = EDGE_LOOP('',(#3629,#3630,#3631,#3637));
#3629 = ORIENTED_EDGE('',*,*,#3598,.T.);
#3630 = ORIENTED_EDGE('',*,*,#1609,.T.);
#3631 = ORIENTED_EDGE('',*,*,#3632,.F.);
#3632 = EDGE_CURVE('',#358,#1610,#3633,.T.);
#3633 = LINE('',#3634,#3635);
#3634 = CARTESIAN_POINT('',(42.5,-11.,-1.347111479062E-15));
#3635 = VECTOR('',#3636,1.);
#3636 = DIRECTION('',(1.,0.,-2.22044604925E-16));
#3637 = ORIENTED_EDGE('',*,*,#357,.F.);
#3638 = PLANE('',#3639);
#3639 = AXIS2_PLACEMENT_3D('',#3640,#3641,#3642);
#3640 = CARTESIAN_POINT('',(42.5,-10.93158079884,-1.224965811076));
#3641 = DIRECTION('',(2.21699060729E-16,-0.998443807288,
    -5.576704841416E-02));
#3642 = DIRECTION('',(1.238277223296E-17,-5.576704841416E-02,
    0.998443807288));
#3643 = ADVANCED_FACE('',(#3644),#3655,.T.);
#3644 = FACE_BOUND('',#3645,.T.);
#3645 = EDGE_LOOP('',(#3646,#3652,#3653,#3654));
#3646 = ORIENTED_EDGE('',*,*,#3647,.T.);
#3647 = EDGE_CURVE('',#566,#1818,#3648,.T.);
#3648 = LINE('',#3649,#3650);
#3649 = CARTESIAN_POINT('',(42.5,30.551625283204,42.695793609847));
#3650 = VECTOR('',#3651,1.);
#3651 = DIRECTION('',(1.,0.,-2.22044604925E-16));
#3652 = ORIENTED_EDGE('',*,*,#1825,.T.);
#3653 = ORIENTED_EDGE('',*,*,#3613,.F.);
#3654 = ORIENTED_EDGE('',*,*,#573,.F.);
#3655 = PLANE('',#3656);
#3656 = AXIS2_PLACEMENT_3D('',#3657,#3658,#3659);
#3657 = CARTESIAN_POINT('',(42.5,30.551625283204,42.695793609847));
#3658 = DIRECTION('',(-1.801242188232E-16,0.811207364773,0.58475859236)
  );
#3659 = DIRECTION('',(-1.298424906171E-16,0.58475859236,-0.811207364773)
  );
#3660 = ADVANCED_FACE('',(#3661),#3672,.T.);
#3661 = FACE_BOUND('',#3662,.T.);
#3662 = EDGE_LOOP('',(#3663,#3664,#3665,#3671));
#3663 = ORIENTED_EDGE('',*,*,#3632,.T.);
#3664 = ORIENTED_EDGE('',*,*,#1617,.T.);
#3665 = ORIENTED_EDGE('',*,*,#3666,.F.);
#3666 = EDGE_CURVE('',#366,#1618,#3667,.T.);
#3667 = LINE('',#3668,#3669);
#3668 = CARTESIAN_POINT('',(42.5,-12.,35.06));
#3669 = VECTOR('',#3670,1.);
#3670 = DIRECTION('',(1.,0.,-2.22044604925E-16));
#3671 = ORIENTED_EDGE('',*,*,#365,.F.);
#3672 = PLANE('',#3673);
#3673 = AXIS2_PLACEMENT_3D('',#3674,#3675,#3676);
#3674 = CARTESIAN_POINT('',(42.5,-11.,-1.347111479062E-15));
#3675 = DIRECTION('',(2.219543394816E-16,-0.999593480583,
    -2.85109378375E-02));
#3676 = DIRECTION('',(6.33069992817E-18,-2.85109378375E-02,
    0.999593480583));
#3677 = ADVANCED_FACE('',(#3678),#3689,.T.);
#3678 = FACE_BOUND('',#3679,.T.);
#3679 = EDGE_LOOP('',(#3680,#3686,#3687,#3688));
#3680 = ORIENTED_EDGE('',*,*,#3681,.T.);
#3681 = EDGE_CURVE('',#558,#1810,#3682,.T.);
#3682 = LINE('',#3683,#3684);
#3683 = CARTESIAN_POINT('',(42.5,29.730088771817,43.602964961577));
#3684 = VECTOR('',#3685,1.);
#3685 = DIRECTION('',(1.,0.,-2.22044604925E-16));
#3686 = ORIENTED_EDGE('',*,*,#1817,.T.);
#3687 = ORIENTED_EDGE('',*,*,#3647,.F.);
#3688 = ORIENTED_EDGE('',*,*,#565,.F.);
#3689 = PLANE('',#3690);
#3690 = AXIS2_PLACEMENT_3D('',#3691,#3692,#3693);
#3691 = CARTESIAN_POINT('',(42.5,29.730088771817,43.602964961577));
#3692 = DIRECTION('',(-1.645851837701E-16,0.741225772298,0.671255804058)
  );
#3693 = DIRECTION('',(-1.490487298157E-16,0.671255804058,-0.741225772298
    ));
#3694 = ADVANCED_FACE('',(#3695),#3706,.T.);
#3695 = FACE_BOUND('',#3696,.T.);
#3696 = EDGE_LOOP('',(#3697,#3698,#3699,#3705));
#3697 = ORIENTED_EDGE('',*,*,#3666,.T.);
#3698 = ORIENTED_EDGE('',*,*,#1625,.T.);
#3699 = ORIENTED_EDGE('',*,*,#3700,.F.);
#3700 = EDGE_CURVE('',#374,#1626,#3701,.T.);
#3701 = LINE('',#3702,#3703);
#3702 = CARTESIAN_POINT('',(42.5,-11.94221672006,36.236205683955));
#3703 = VECTOR('',#3704,1.);
#3704 = DIRECTION('',(1.,0.,-2.22044604925E-16));
#3705 = ORIENTED_EDGE('',*,*,#373,.F.);
#3706 = PLANE('',#3707);
#3707 = AXIS2_PLACEMENT_3D('',#3708,#3709,#3710);
#3708 = CARTESIAN_POINT('',(42.5,-12.,35.06));
#3709 = DIRECTION('',(2.21777142474E-16,-0.998795456205,
    4.906767432742E-02));
#3710 = DIRECTION('',(-1.089521236062E-17,4.906767432742E-02,
    0.998795456205));
#3711 = ADVANCED_FACE('',(#3712),#3723,.T.);
#3712 = FACE_BOUND('',#3713,.T.);
#3713 = EDGE_LOOP('',(#3714,#3720,#3721,#3722));
#3714 = ORIENTED_EDGE('',*,*,#3715,.T.);
#3715 = EDGE_CURVE('',#550,#1802,#3716,.T.);
#3716 = LINE('',#3717,#3718);
#3717 = CARTESIAN_POINT('',(42.5,28.812860015719,44.413257198939));
#3718 = VECTOR('',#3719,1.);
#3719 = DIRECTION('',(1.,0.,-2.22044604925E-16));
#3720 = ORIENTED_EDGE('',*,*,#1809,.T.);
#3721 = ORIENTED_EDGE('',*,*,#3681,.F.);
#3722 = ORIENTED_EDGE('',*,*,#557,.F.);
#3723 = PLANE('',#3724);
#3724 = AXIS2_PLACEMENT_3D('',#3725,#3726,#3727);
#3725 = CARTESIAN_POINT('',(42.5,28.812860015719,44.413257198939));
#3726 = DIRECTION('',(-1.47008717305E-16,0.662068404475,0.749443412004)
  );
#3727 = DIRECTION('',(-1.66409866332E-16,0.749443412004,-0.662068404475)
  );
#3728 = ADVANCED_FACE('',(#3729),#3740,.T.);
#3729 = FACE_BOUND('',#3730,.T.);
#3730 = EDGE_LOOP('',(#3731,#3732,#3733,#3739));
#3731 = ORIENTED_EDGE('',*,*,#3700,.T.);
#3732 = ORIENTED_EDGE('',*,*,#1633,.T.);
#3733 = ORIENTED_EDGE('',*,*,#3734,.F.);
#3734 = EDGE_CURVE('',#382,#1634,#3735,.T.);
#3735 = LINE('',#3736,#3737);
#3736 = CARTESIAN_POINT('',(42.5,-11.76942336483,37.401083864194));
#3737 = VECTOR('',#3738,1.);
#3738 = DIRECTION('',(1.,0.,-2.22044604925E-16));
#3739 = ORIENTED_EDGE('',*,*,#381,.F.);
#3740 = PLANE('',#3741);
#3741 = AXIS2_PLACEMENT_3D('',#3742,#3743,#3744);
#3742 = CARTESIAN_POINT('',(42.5,-11.94221672006,36.236205683955));
#3743 = DIRECTION('',(2.196413073563E-16,-0.989176509965,0.146730474455)
  );
#3744 = DIRECTION('',(-3.25807102309E-17,0.146730474455,0.989176509965)
  );
#3745 = ADVANCED_FACE('',(#3746),#3757,.T.);
#3746 = FACE_BOUND('',#3747,.T.);
#3747 = EDGE_LOOP('',(#3748,#3754,#3755,#3756));
#3748 = ORIENTED_EDGE('',*,*,#3749,.T.);
#3749 = EDGE_CURVE('',#542,#1794,#3750,.T.);
#3750 = LINE('',#3751,#3752);
#3751 = CARTESIAN_POINT('',(42.5,27.811293564796,45.116639559627));
#3752 = VECTOR('',#3753,1.);
#3753 = DIRECTION('',(1.,0.,-2.22044604925E-16));
#3754 = ORIENTED_EDGE('',*,*,#1801,.T.);
#3755 = ORIENTED_EDGE('',*,*,#3715,.F.);
#3756 = ORIENTED_EDGE('',*,*,#549,.F.);
#3757 = PLANE('',#3758);
#3758 = AXIS2_PLACEMENT_3D('',#3759,#3760,#3761);
#3759 = CARTESIAN_POINT('',(42.5,27.811293564796,45.116639559627));
#3760 = DIRECTION('',(-1.27612401862E-16,0.574715165473,0.818353516871)
  );
#3761 = DIRECTION('',(-1.817109833426E-16,0.818353516871,-0.574715165473
    ));
#3762 = ADVANCED_FACE('',(#3763),#3774,.T.);
#3763 = FACE_BOUND('',#3764,.T.);
#3764 = EDGE_LOOP('',(#3765,#3766,#3767,#3773));
#3765 = ORIENTED_EDGE('',*,*,#3734,.T.);
#3766 = ORIENTED_EDGE('',*,*,#1641,.T.);
#3767 = ORIENTED_EDGE('',*,*,#3768,.F.);
#3768 = EDGE_CURVE('',#390,#1642,#3769,.T.);
#3769 = LINE('',#3770,#3771);
#3770 = CARTESIAN_POINT('',(42.5,-11.48328402878,38.543416127054));
#3771 = VECTOR('',#3772,1.);
#3772 = DIRECTION('',(1.,0.,-2.22044604925E-16));
#3773 = ORIENTED_EDGE('',*,*,#389,.F.);
#3774 = PLANE('',#3775);
#3775 = AXIS2_PLACEMENT_3D('',#3776,#3777,#3778);
#3776 = CARTESIAN_POINT('',(42.5,-11.76942336483,37.401083864194));
#3777 = DIRECTION('',(2.153902063805E-16,-0.970031253195,0.242980179903)
  );
#3778 = DIRECTION('',(-5.395243805123E-17,0.242980179903,0.970031253195)
  );
#3779 = ADVANCED_FACE('',(#3780),#3791,.T.);
#3780 = FACE_BOUND('',#3781,.T.);
#3781 = EDGE_LOOP('',(#3782,#3788,#3789,#3790));
#3782 = ORIENTED_EDGE('',*,*,#3783,.T.);
#3783 = EDGE_CURVE('',#534,#1786,#3784,.T.);
#3784 = LINE('',#3785,#3786);
#3785 = CARTESIAN_POINT('',(42.5,26.737788001361,45.704404739113));
#3786 = VECTOR('',#3787,1.);
#3787 = DIRECTION('',(1.,0.,-2.22044604925E-16));
#3788 = ORIENTED_EDGE('',*,*,#1793,.T.);
#3789 = ORIENTED_EDGE('',*,*,#3749,.F.);
#3790 = ORIENTED_EDGE('',*,*,#541,.F.);
#3791 = PLANE('',#3792);
#3792 = AXIS2_PLACEMENT_3D('',#3793,#3794,#3795);
#3793 = CARTESIAN_POINT('',(42.5,26.737788001361,45.704404739113));
#3794 = DIRECTION('',(-1.066363481329E-16,0.480247417716,0.877133067315)
  );
#3795 = DIRECTION('',(-1.947626653987E-16,0.877133067315,-0.480247417716
    ));
#3796 = ADVANCED_FACE('',(#3797),#3808,.T.);
#3797 = FACE_BOUND('',#3798,.T.);
#3798 = EDGE_LOOP('',(#3799,#3800,#3801,#3807));
#3799 = ORIENTED_EDGE('',*,*,#3768,.T.);
#3800 = ORIENTED_EDGE('',*,*,#1649,.T.);
#3801 = ORIENTED_EDGE('',*,*,#3802,.F.);
#3802 = EDGE_CURVE('',#398,#1650,#3803,.T.);
#3803 = LINE('',#3804,#3805);
#3804 = CARTESIAN_POINT('',(42.5,-11.08655439013,39.652201188381));
#3805 = VECTOR('',#3806,1.);
#3806 = DIRECTION('',(1.,0.,-2.22044604925E-16));
#3807 = ORIENTED_EDGE('',*,*,#397,.F.);
#3808 = PLANE('',#3809);
#3809 = AXIS2_PLACEMENT_3D('',#3810,#3811,#3812);
#3810 = CARTESIAN_POINT('',(42.5,-11.48328402878,38.543416127054));
#3811 = DIRECTION('',(2.090647799731E-16,-0.941544065183,0.336889853392)
  );
#3812 = DIRECTION('',(-7.480457439973E-17,0.336889853392,0.941544065183)
  );
#3813 = ADVANCED_FACE('',(#3814),#3825,.T.);
#3814 = FACE_BOUND('',#3815,.T.);
#3815 = EDGE_LOOP('',(#3816,#3822,#3823,#3824));
#3816 = ORIENTED_EDGE('',*,*,#3817,.T.);
#3817 = EDGE_CURVE('',#526,#1778,#3818,.T.);
#3818 = LINE('',#3819,#3820);
#3819 = CARTESIAN_POINT('',(42.5,25.605632455733,46.169276680024));
#3820 = VECTOR('',#3821,1.);
#3821 = DIRECTION('',(1.,0.,-2.22044604925E-16));
#3822 = ORIENTED_EDGE('',*,*,#1785,.T.);
#3823 = ORIENTED_EDGE('',*,*,#3783,.F.);
#3824 = ORIENTED_EDGE('',*,*,#533,.F.);
#3825 = PLANE('',#3826);
#3826 = AXIS2_PLACEMENT_3D('',#3827,#3828,#3829);
#3827 = CARTESIAN_POINT('',(42.5,25.605632455733,46.169276680024));
#3828 = DIRECTION('',(-8.434022269164E-17,0.379834595486,0.92505442006)
  );
#3829 = DIRECTION('',(-2.054033432363E-16,0.92505442006,-0.379834595486)
  );
#3830 = ADVANCED_FACE('',(#3831),#3842,.T.);
#3831 = FACE_BOUND('',#3832,.T.);
#3832 = EDGE_LOOP('',(#3833,#3834,#3835,#3841));
#3833 = ORIENTED_EDGE('',*,*,#3802,.T.);
#3834 = ORIENTED_EDGE('',*,*,#1657,.T.);
#3835 = ORIENTED_EDGE('',*,*,#3836,.F.);
#3836 = EDGE_CURVE('',#406,#1658,#3837,.T.);
#3837 = LINE('',#3838,#3839);
#3838 = CARTESIAN_POINT('',(42.5,-10.58305517218,40.716760841912));
#3839 = VECTOR('',#3840,1.);
#3840 = DIRECTION('',(1.,0.,-2.22044604925E-16));
#3841 = ORIENTED_EDGE('',*,*,#405,.F.);
#3842 = PLANE('',#3843);
#3843 = AXIS2_PLACEMENT_3D('',#3844,#3845,#3846);
#3844 = CARTESIAN_POINT('',(42.5,-11.08655439013,39.652201188381));
#3845 = DIRECTION('',(2.007259454481E-16,-0.903989293123,0.42755509343)
  );
#3846 = DIRECTION('',(-9.493630180441E-17,0.42755509343,0.903989293123)
  );
#3847 = ADVANCED_FACE('',(#3848),#3859,.T.);
#3848 = FACE_BOUND('',#3849,.T.);
#3849 = EDGE_LOOP('',(#3850,#3856,#3857,#3858));
#3850 = ORIENTED_EDGE('',*,*,#3851,.T.);
#3851 = EDGE_CURVE('',#518,#1770,#3852,.T.);
#3852 = LINE('',#3853,#3854);
#3853 = CARTESIAN_POINT('',(42.5,24.42884209756,46.505500643851));
#3854 = VECTOR('',#3855,1.);
#3855 = DIRECTION('',(1.,0.,-2.22044604925E-16));
#3856 = ORIENTED_EDGE('',*,*,#1777,.T.);
#3857 = ORIENTED_EDGE('',*,*,#3817,.F.);
#3858 = ORIENTED_EDGE('',*,*,#525,.F.);
#3859 = PLANE('',#3860);
#3860 = AXIS2_PLACEMENT_3D('',#3861,#3862,#3863);
#3861 = CARTESIAN_POINT('',(42.5,24.42884209756,46.505500643851));
#3862 = DIRECTION('',(-6.100003353169E-17,0.274719728283,0.96152434753)
  );
#3863 = DIRECTION('',(-2.13501293873E-16,0.96152434753,-0.274719728283)
  );
#3864 = ADVANCED_FACE('',(#3865),#3876,.T.);
#3865 = FACE_BOUND('',#3866,.T.);
#3866 = EDGE_LOOP('',(#3867,#3868,#3869,#3875));
#3867 = ORIENTED_EDGE('',*,*,#3836,.T.);
#3868 = ORIENTED_EDGE('',*,*,#1665,.T.);
#3869 = ORIENTED_EDGE('',*,*,#3870,.F.);
#3870 = EDGE_CURVE('',#414,#1666,#3871,.T.);
#3871 = LINE('',#3872,#3873);
#3872 = CARTESIAN_POINT('',(42.5,-9.977635347631,41.726842796235));
#3873 = VECTOR('',#3874,1.);
#3874 = DIRECTION('',(1.,0.,-2.22044604925E-16));
#3875 = ORIENTED_EDGE('',*,*,#413,.F.);
#3876 = PLANE('',#3877);
#3877 = AXIS2_PLACEMENT_3D('',#3878,#3879,#3880);
#3878 = CARTESIAN_POINT('',(42.5,-10.58305517218,40.716760841912));
#3879 = DIRECTION('',(1.904540103404E-16,-0.85772861,0.514102744193));
#3880 = DIRECTION('',(-1.141537407253E-16,0.514102744193,0.85772861));
#3881 = ADVANCED_FACE('',(#3882),#3893,.T.);
#3882 = FACE_BOUND('',#3883,.T.);
#3883 = EDGE_LOOP('',(#3884,#3890,#3891,#3892));
#3884 = ORIENTED_EDGE('',*,*,#3885,.T.);
#3885 = EDGE_CURVE('',#510,#1762,#3886,.T.);
#3886 = LINE('',#3887,#3888);
#3887 = CARTESIAN_POINT('',(42.5,23.221984639354,46.708914449957));
#3888 = VECTOR('',#3889,1.);
#3889 = DIRECTION('',(1.,0.,-2.22044604925E-16));
#3890 = ORIENTED_EDGE('',*,*,#1769,.T.);
#3891 = ORIENTED_EDGE('',*,*,#3851,.F.);
#3892 = ORIENTED_EDGE('',*,*,#517,.F.);
#3893 = PLANE('',#3894);
#3894 = AXIS2_PLACEMENT_3D('',#3895,#3896,#3897);
#3895 = CARTESIAN_POINT('',(42.5,23.221984639354,46.708914449957));
#3896 = DIRECTION('',(-3.690471331073E-17,0.166204053114,0.98609138153)
  );
#3897 = DIRECTION('',(-2.189562712319E-16,0.98609138153,-0.166204053114)
  );
#3898 = ADVANCED_FACE('',(#3899),#3910,.T.);
#3899 = FACE_BOUND('',#3900,.T.);
#3900 = EDGE_LOOP('',(#3901,#3902,#3903,#3909));
#3901 = ORIENTED_EDGE('',*,*,#3870,.T.);
#3902 = ORIENTED_EDGE('',*,*,#1673,.T.);
#3903 = ORIENTED_EDGE('',*,*,#3904,.F.);
#3904 = EDGE_CURVE('',#422,#1674,#3905,.T.);
#3905 = LINE('',#3906,#3907);
#3906 = CARTESIAN_POINT('',(42.5,-9.276125440353,42.672719409964));
#3907 = VECTOR('',#3908,1.);
#3908 = DIRECTION('',(1.,0.,-2.22044604925E-16));
#3909 = ORIENTED_EDGE('',*,*,#421,.F.);
#3910 = PLANE('',#3911);
#3911 = AXIS2_PLACEMENT_3D('',#3912,#3913,#3914);
#3912 = CARTESIAN_POINT('',(42.5,-9.977635347631,41.726842796235));
#3913 = DIRECTION('',(1.783478990004E-16,-0.803207531481,0.595699304492)
  );
#3914 = DIRECTION('',(-1.322718167201E-16,0.595699304492,0.803207531481)
  );
#3915 = ADVANCED_FACE('',(#3916),#3927,.T.);
#3916 = FACE_BOUND('',#3917,.T.);
#3917 = EDGE_LOOP('',(#3918,#3924,#3925,#3926));
#3918 = ORIENTED_EDGE('',*,*,#3919,.T.);
#3919 = EDGE_CURVE('',#502,#1754,#3920,.T.);
#3920 = LINE('',#3921,#3922);
#3921 = CARTESIAN_POINT('',(42.5,22.,46.7806));
#3922 = VECTOR('',#3923,1.);
#3923 = DIRECTION('',(1.,0.,-2.22044604925E-16));
#3924 = ORIENTED_EDGE('',*,*,#1761,.T.);
#3925 = ORIENTED_EDGE('',*,*,#3885,.F.);
#3926 = ORIENTED_EDGE('',*,*,#509,.F.);
#3927 = PLANE('',#3928);
#3928 = AXIS2_PLACEMENT_3D('',#3929,#3930,#3931);
#3929 = CARTESIAN_POINT('',(42.5,22.,46.7806));
#3930 = DIRECTION('',(-1.300349511603E-17,5.856253575905E-02,
    0.998283741932));
#3931 = DIRECTION('',(-2.216635190803E-16,0.998283741932,
    -5.856253575905E-02));
#3932 = ADVANCED_FACE('',(#3933),#3944,.T.);
#3933 = FACE_BOUND('',#3934,.T.);
#3934 = EDGE_LOOP('',(#3935,#3936,#3937,#3943));
#3935 = ORIENTED_EDGE('',*,*,#3904,.T.);
#3936 = ORIENTED_EDGE('',*,*,#1681,.T.);
#3937 = ORIENTED_EDGE('',*,*,#3938,.F.);
#3938 = EDGE_CURVE('',#430,#1682,#3939,.T.);
#3939 = LINE('',#3940,#3941);
#3940 = CARTESIAN_POINT('',(42.5,-8.485281374239,43.545281374239));
#3941 = VECTOR('',#3942,1.);
#3942 = DIRECTION('',(1.,0.,-2.22044604925E-16));
#3943 = ORIENTED_EDGE('',*,*,#429,.F.);
#3944 = PLANE('',#3945);
#3945 = AXIS2_PLACEMENT_3D('',#3946,#3947,#3948);
#3946 = CARTESIAN_POINT('',(42.5,-9.276125440353,42.672719409964));
#3947 = DIRECTION('',(1.645241998982E-16,-0.740951125355,0.671558954847)
  );
#3948 = DIRECTION('',(-1.491160428129E-16,0.671558954847,0.740951125355)
  );
#3949 = ADVANCED_FACE('',(#3950),#3961,.T.);
#3950 = FACE_BOUND('',#3951,.T.);
#3951 = EDGE_LOOP('',(#3952,#3958,#3959,#3960));
#3952 = ORIENTED_EDGE('',*,*,#3953,.T.);
#3953 = EDGE_CURVE('',#494,#1746,#3954,.T.);
#3954 = LINE('',#3955,#3956);
#3955 = CARTESIAN_POINT('',(42.5,-9.714631028284E-15,47.06));
#3956 = VECTOR('',#3957,1.);
#3957 = DIRECTION('',(1.,0.,-2.22044604925E-16));
#3958 = ORIENTED_EDGE('',*,*,#1753,.T.);
#3959 = ORIENTED_EDGE('',*,*,#3919,.F.);
#3960 = ORIENTED_EDGE('',*,*,#501,.F.);
#3961 = PLANE('',#3962);
#3962 = AXIS2_PLACEMENT_3D('',#3963,#3964,#3965);
#3963 = CARTESIAN_POINT('',(42.5,-9.714631028284E-15,47.06));
#3964 = DIRECTION('',(-2.819739093857E-18,1.269897593238E-02,
    0.999919364754));
#3965 = DIRECTION('',(-2.220267003037E-16,0.999919364754,
    -1.269897593238E-02));
#3966 = ADVANCED_FACE('',(#3967),#3978,.T.);
#3967 = FACE_BOUND('',#3968,.T.);
#3968 = EDGE_LOOP('',(#3969,#3970,#3971,#3977));
#3969 = ORIENTED_EDGE('',*,*,#3938,.T.);
#3970 = ORIENTED_EDGE('',*,*,#1689,.T.);
#3971 = ORIENTED_EDGE('',*,*,#3972,.F.);
#3972 = EDGE_CURVE('',#438,#1690,#3973,.T.);
#3973 = LINE('',#3974,#3975);
#3974 = CARTESIAN_POINT('',(42.5,-7.612719409964,44.336125440353));
#3975 = VECTOR('',#3976,1.);
#3976 = DIRECTION('',(1.,0.,-2.22044604925E-16));
#3977 = ORIENTED_EDGE('',*,*,#437,.F.);
#3978 = PLANE('',#3979);
#3979 = AXIS2_PLACEMENT_3D('',#3980,#3981,#3982);
#3980 = CARTESIAN_POINT('',(42.5,-8.485281374239,43.545281374239));
#3981 = DIRECTION('',(1.491160428129E-16,-0.671558954847,0.740951125355)
  );
#3982 = DIRECTION('',(-1.645241998982E-16,0.740951125355,0.671558954847)
  );
#3983 = ADVANCED_FACE('',(#3984),#3995,.T.);
#3984 = FACE_BOUND('',#3985,.T.);
#3985 = EDGE_LOOP('',(#3986,#3992,#3993,#3994));
#3986 = ORIENTED_EDGE('',*,*,#3987,.T.);
#3987 = EDGE_CURVE('',#486,#1738,#3988,.T.);
#3988 = LINE('',#3989,#3990);
#3989 = CARTESIAN_POINT('',(42.5,-1.176205683955,47.002216720066));
#3990 = VECTOR('',#3991,1.);
#3991 = DIRECTION('',(1.,0.,-2.22044604925E-16));
#3992 = ORIENTED_EDGE('',*,*,#1745,.T.);
#3993 = ORIENTED_EDGE('',*,*,#3953,.F.);
#3994 = ORIENTED_EDGE('',*,*,#493,.F.);
#3995 = PLANE('',#3996);
#3996 = AXIS2_PLACEMENT_3D('',#3997,#3998,#3999);
#3997 = CARTESIAN_POINT('',(42.5,-1.176205683955,47.002216720066));
#3998 = DIRECTION('',(1.089521236062E-17,-4.906767432742E-02,
    0.998795456205));
#3999 = DIRECTION('',(-2.21777142474E-16,0.998795456205,
    4.906767432742E-02));
#4000 = ADVANCED_FACE('',(#4001),#4012,.T.);
#4001 = FACE_BOUND('',#4002,.T.);
#4002 = EDGE_LOOP('',(#4003,#4004,#4005,#4011));
#4003 = ORIENTED_EDGE('',*,*,#3972,.T.);
#4004 = ORIENTED_EDGE('',*,*,#1697,.T.);
#4005 = ORIENTED_EDGE('',*,*,#4006,.F.);
#4006 = EDGE_CURVE('',#446,#1698,#4007,.T.);
#4007 = LINE('',#4008,#4009);
#4008 = CARTESIAN_POINT('',(42.5,-6.666842796235,45.037635347631));
#4009 = VECTOR('',#4010,1.);
#4010 = DIRECTION('',(1.,0.,-2.22044604925E-16));
#4011 = ORIENTED_EDGE('',*,*,#445,.F.);
#4012 = PLANE('',#4013);
#4013 = AXIS2_PLACEMENT_3D('',#4014,#4015,#4016);
#4014 = CARTESIAN_POINT('',(42.5,-7.612719409964,44.336125440353));
#4015 = DIRECTION('',(1.322718167201E-16,-0.595699304492,0.803207531481)
  );
#4016 = DIRECTION('',(-1.783478990004E-16,0.803207531481,0.595699304492)
  );
#4017 = ADVANCED_FACE('',(#4018),#4029,.T.);
#4018 = FACE_BOUND('',#4019,.T.);
#4019 = EDGE_LOOP('',(#4020,#4026,#4027,#4028));
#4020 = ORIENTED_EDGE('',*,*,#4021,.T.);
#4021 = EDGE_CURVE('',#478,#1730,#4022,.T.);
#4022 = LINE('',#4023,#4024);
#4023 = CARTESIAN_POINT('',(42.5,-2.341083864194,46.829423364839));
#4024 = VECTOR('',#4025,1.);
#4025 = DIRECTION('',(1.,0.,-2.22044604925E-16));
#4026 = ORIENTED_EDGE('',*,*,#1737,.T.);
#4027 = ORIENTED_EDGE('',*,*,#3987,.F.);
#4028 = ORIENTED_EDGE('',*,*,#485,.F.);
#4029 = PLANE('',#4030);
#4030 = AXIS2_PLACEMENT_3D('',#4031,#4032,#4033);
#4031 = CARTESIAN_POINT('',(42.5,-2.341083864194,46.829423364839));
#4032 = DIRECTION('',(3.25807102309E-17,-0.146730474455,0.989176509965)
  );
#4033 = DIRECTION('',(-2.196413073563E-16,0.989176509965,0.146730474455)
  );
#4034 = ADVANCED_FACE('',(#4035),#4046,.T.);
#4035 = FACE_BOUND('',#4036,.T.);
#4036 = EDGE_LOOP('',(#4037,#4038,#4039,#4045));
#4037 = ORIENTED_EDGE('',*,*,#4006,.T.);
#4038 = ORIENTED_EDGE('',*,*,#1705,.T.);
#4039 = ORIENTED_EDGE('',*,*,#4040,.F.);
#4040 = EDGE_CURVE('',#454,#1706,#4041,.T.);
#4041 = LINE('',#4042,#4043);
#4042 = CARTESIAN_POINT('',(42.5,-5.656760841912,45.64305517218));
#4043 = VECTOR('',#4044,1.);
#4044 = DIRECTION('',(1.,0.,-2.22044604925E-16));
#4045 = ORIENTED_EDGE('',*,*,#453,.F.);
#4046 = PLANE('',#4047);
#4047 = AXIS2_PLACEMENT_3D('',#4048,#4049,#4050);
#4048 = CARTESIAN_POINT('',(42.5,-6.666842796235,45.037635347631));
#4049 = DIRECTION('',(1.141537407253E-16,-0.514102744193,0.85772861));
#4050 = DIRECTION('',(-1.904540103404E-16,0.85772861,0.514102744193));
#4051 = ADVANCED_FACE('',(#4052),#4063,.T.);
#4052 = FACE_BOUND('',#4053,.T.);
#4053 = EDGE_LOOP('',(#4054,#4060,#4061,#4062));
#4054 = ORIENTED_EDGE('',*,*,#4055,.T.);
#4055 = EDGE_CURVE('',#470,#1722,#4056,.T.);
#4056 = LINE('',#4057,#4058);
#4057 = CARTESIAN_POINT('',(42.5,-3.483416127054,46.543284028787));
#4058 = VECTOR('',#4059,1.);
#4059 = DIRECTION('',(1.,0.,-2.22044604925E-16));
#4060 = ORIENTED_EDGE('',*,*,#1729,.T.);
#4061 = ORIENTED_EDGE('',*,*,#4021,.F.);
#4062 = ORIENTED_EDGE('',*,*,#477,.F.);
#4063 = PLANE('',#4064);
#4064 = AXIS2_PLACEMENT_3D('',#4065,#4066,#4067);
#4065 = CARTESIAN_POINT('',(42.5,-3.483416127054,46.543284028787));
#4066 = DIRECTION('',(5.395243805123E-17,-0.242980179903,0.970031253195)
  );
#4067 = DIRECTION('',(-2.153902063805E-16,0.970031253195,0.242980179903)
  );
#4068 = ADVANCED_FACE('',(#4069),#4080,.T.);
#4069 = FACE_BOUND('',#4070,.T.);
#4070 = EDGE_LOOP('',(#4071,#4072,#4073,#4079));
#4071 = ORIENTED_EDGE('',*,*,#4040,.T.);
#4072 = ORIENTED_EDGE('',*,*,#1713,.T.);
#4073 = ORIENTED_EDGE('',*,*,#4074,.F.);
#4074 = EDGE_CURVE('',#462,#1714,#4075,.T.);
#4075 = LINE('',#4076,#4077);
#4076 = CARTESIAN_POINT('',(42.5,-4.592201188381,46.146554390135));
#4077 = VECTOR('',#4078,1.);
#4078 = DIRECTION('',(1.,0.,-2.22044604925E-16));
#4079 = ORIENTED_EDGE('',*,*,#461,.F.);
#4080 = PLANE('',#4081);
#4081 = AXIS2_PLACEMENT_3D('',#4082,#4083,#4084);
#4082 = CARTESIAN_POINT('',(42.5,-5.656760841912,45.64305517218));
#4083 = DIRECTION('',(9.493630180441E-17,-0.42755509343,0.903989293123)
  );
#4084 = DIRECTION('',(-2.007259454481E-16,0.903989293123,0.42755509343)
  );
#4085 = ADVANCED_FACE('',(#4086),#4092,.T.);
#4086 = FACE_BOUND('',#4087,.T.);
#4087 = EDGE_LOOP('',(#4088,#4089,#4090,#4091));
#4088 = ORIENTED_EDGE('',*,*,#4074,.T.);
#4089 = ORIENTED_EDGE('',*,*,#1721,.T.);
#4090 = ORIENTED_EDGE('',*,*,#4055,.F.);
#4091 = ORIENTED_EDGE('',*,*,#469,.F.);
#4092 = PLANE('',#4093);
#4093 = AXIS2_PLACEMENT_3D('',#4094,#4095,#4096);
#4094 = CARTESIAN_POINT('',(42.5,-4.592201188381,46.146554390135));
#4095 = DIRECTION('',(7.480457439973E-17,-0.336889853392,0.941544065183)
  );
#4096 = DIRECTION('',(-2.090647799731E-16,0.941544065183,0.336889853392)
  );
#4097 = ADVANCED_FACE('',(#4098),#4109,.F.);
#4098 = FACE_BOUND('',#4099,.F.);
#4099 = EDGE_LOOP('',(#4100,#4101,#4107,#4108));
#4100 = ORIENTED_EDGE('',*,*,#2074,.F.);
#4101 = ORIENTED_EDGE('',*,*,#4102,.F.);
#4102 = EDGE_CURVE('',#823,#2075,#4103,.T.);
#4103 = LINE('',#4104,#4105);
#4104 = CARTESIAN_POINT('',(41.5,2.32682891838E-15,9.5));
#4105 = VECTOR('',#4106,1.);
#4106 = DIRECTION('',(1.,0.,0.));
#4107 = ORIENTED_EDGE('',*,*,#822,.T.);
#4108 = ORIENTED_EDGE('',*,*,#4102,.T.);
#4109 = CYLINDRICAL_SURFACE('',#4110,9.5);
#4110 = AXIS2_PLACEMENT_3D('',#4111,#4112,#4113);
#4111 = CARTESIAN_POINT('',(41.5,0.,0.));
#4112 = DIRECTION('',(1.,0.,0.));
#4113 = DIRECTION('',(-0.,0.,1.));
#4114 = ADVANCED_FACE('',(#4115),#4131,.T.);
#4115 = FACE_BOUND('',#4116,.T.);
#4116 = EDGE_LOOP('',(#4117,#4118,#4124,#4125));
#4117 = ORIENTED_EDGE('',*,*,#833,.F.);
#4118 = ORIENTED_EDGE('',*,*,#4119,.T.);
#4119 = EDGE_CURVE('',#834,#2086,#4120,.T.);
#4120 = LINE('',#4121,#4122);
#4121 = CARTESIAN_POINT('',(41.5,8.5,9.5));
#4122 = VECTOR('',#4123,1.);
#4123 = DIRECTION('',(1.,0.,-2.22044604925E-16));
#4124 = ORIENTED_EDGE('',*,*,#2085,.T.);
#4125 = ORIENTED_EDGE('',*,*,#4126,.F.);
#4126 = EDGE_CURVE('',#836,#2088,#4127,.T.);
#4127 = LINE('',#4128,#4129);
#4128 = CARTESIAN_POINT('',(41.5,8.5,18.));
#4129 = VECTOR('',#4130,1.);
#4130 = DIRECTION('',(1.,0.,-2.22044604925E-16));
#4131 = PLANE('',#4132);
#4132 = AXIS2_PLACEMENT_3D('',#4133,#4134,#4135);
#4133 = CARTESIAN_POINT('',(41.5,8.5,9.5));
#4134 = DIRECTION('',(2.22044604925E-16,-1.,0.));
#4135 = DIRECTION('',(0.,-2.22044604925E-16,1.));
#4136 = ADVANCED_FACE('',(#4137),#4148,.T.);
#4137 = FACE_BOUND('',#4138,.T.);
#4138 = EDGE_LOOP('',(#4139,#4140,#4146,#4147));
#4139 = ORIENTED_EDGE('',*,*,#1029,.F.);
#4140 = ORIENTED_EDGE('',*,*,#4141,.T.);
#4141 = EDGE_CURVE('',#1022,#2274,#4142,.T.);
#4142 = LINE('',#4143,#4144);
#4143 = CARTESIAN_POINT('',(41.5,8.448888739434,9.111771432346));
#4144 = VECTOR('',#4145,1.);
#4145 = DIRECTION('',(1.,0.,-2.22044604925E-16));
#4146 = ORIENTED_EDGE('',*,*,#2281,.T.);
#4147 = ORIENTED_EDGE('',*,*,#4119,.F.);
#4148 = PLANE('',#4149);
#4149 = AXIS2_PLACEMENT_3D('',#4150,#4151,#4152);
#4150 = CARTESIAN_POINT('',(41.5,8.448888739434,9.111771432346));
#4151 = DIRECTION('',(2.201449825487E-16,-0.991444861374,0.13052619222)
  );
#4152 = DIRECTION('',(-2.898263678387E-17,0.13052619222,0.991444861374)
  );
#4153 = ADVANCED_FACE('',(#4154),#4165,.T.);
#4154 = FACE_BOUND('',#4155,.T.);
#4155 = EDGE_LOOP('',(#4156,#4157,#4158,#4159));
#4156 = ORIENTED_EDGE('',*,*,#843,.F.);
#4157 = ORIENTED_EDGE('',*,*,#4126,.T.);
#4158 = ORIENTED_EDGE('',*,*,#2095,.T.);
#4159 = ORIENTED_EDGE('',*,*,#4160,.F.);
#4160 = EDGE_CURVE('',#844,#2096,#4161,.T.);
#4161 = LINE('',#4162,#4163);
#4162 = CARTESIAN_POINT('',(41.5,8.448888739434,18.388228567654));
#4163 = VECTOR('',#4164,1.);
#4164 = DIRECTION('',(1.,0.,-2.22044604925E-16));
#4165 = PLANE('',#4166);
#4166 = AXIS2_PLACEMENT_3D('',#4167,#4168,#4169);
#4167 = CARTESIAN_POINT('',(41.5,8.5,18.));
#4168 = DIRECTION('',(2.201449825487E-16,-0.991444861374,-0.13052619222)
  );
#4169 = DIRECTION('',(2.898263678387E-17,-0.13052619222,0.991444861374)
  );
#4170 = ADVANCED_FACE('',(#4171),#4182,.T.);
#4171 = FACE_BOUND('',#4172,.T.);
#4172 = EDGE_LOOP('',(#4173,#4174,#4180,#4181));
#4173 = ORIENTED_EDGE('',*,*,#1021,.F.);
#4174 = ORIENTED_EDGE('',*,*,#4175,.T.);
#4175 = EDGE_CURVE('',#1014,#2266,#4176,.T.);
#4176 = LINE('',#4177,#4178);
#4177 = CARTESIAN_POINT('',(41.5,8.299038105677,8.75));
#4178 = VECTOR('',#4179,1.);
#4179 = DIRECTION('',(1.,0.,-2.22044604925E-16));
#4180 = ORIENTED_EDGE('',*,*,#2273,.T.);
#4181 = ORIENTED_EDGE('',*,*,#4141,.F.);
#4182 = PLANE('',#4183);
#4183 = AXIS2_PLACEMENT_3D('',#4184,#4185,#4186);
#4184 = CARTESIAN_POINT('',(41.5,8.299038105677,8.75));
#4185 = DIRECTION('',(2.051424657948E-16,-0.923879532511,0.382683432365)
  );
#4186 = DIRECTION('',(-8.497279155086E-17,0.382683432365,0.923879532511)
  );
#4187 = ADVANCED_FACE('',(#4188),#4199,.T.);
#4188 = FACE_BOUND('',#4189,.T.);
#4189 = EDGE_LOOP('',(#4190,#4191,#4192,#4193));
#4190 = ORIENTED_EDGE('',*,*,#851,.F.);
#4191 = ORIENTED_EDGE('',*,*,#4160,.T.);
#4192 = ORIENTED_EDGE('',*,*,#2103,.T.);
#4193 = ORIENTED_EDGE('',*,*,#4194,.F.);
#4194 = EDGE_CURVE('',#852,#2104,#4195,.T.);
#4195 = LINE('',#4196,#4197);
#4196 = CARTESIAN_POINT('',(41.5,8.299038105677,18.75));
#4197 = VECTOR('',#4198,1.);
#4198 = DIRECTION('',(1.,0.,-2.22044604925E-16));
#4199 = PLANE('',#4200);
#4200 = AXIS2_PLACEMENT_3D('',#4201,#4202,#4203);
#4201 = CARTESIAN_POINT('',(41.5,8.448888739434,18.388228567654));
#4202 = DIRECTION('',(2.051424657948E-16,-0.923879532511,-0.382683432365
    ));
#4203 = DIRECTION('',(8.497279155086E-17,-0.382683432365,0.923879532511)
  );
#4204 = ADVANCED_FACE('',(#4205),#4216,.T.);
#4205 = FACE_BOUND('',#4206,.T.);
#4206 = EDGE_LOOP('',(#4207,#4208,#4214,#4215));
#4207 = ORIENTED_EDGE('',*,*,#1013,.F.);
#4208 = ORIENTED_EDGE('',*,*,#4209,.T.);
#4209 = EDGE_CURVE('',#1006,#2258,#4210,.T.);
#4210 = LINE('',#4211,#4212);
#4211 = CARTESIAN_POINT('',(41.5,8.06066017178,8.43933982822));
#4212 = VECTOR('',#4213,1.);
#4213 = DIRECTION('',(1.,0.,-2.22044604925E-16));
#4214 = ORIENTED_EDGE('',*,*,#2265,.T.);
#4215 = ORIENTED_EDGE('',*,*,#4175,.F.);
#4216 = PLANE('',#4217);
#4217 = AXIS2_PLACEMENT_3D('',#4218,#4219,#4220);
#4218 = CARTESIAN_POINT('',(41.5,8.06066017178,8.43933982822));
#4219 = DIRECTION('',(1.761598290109E-16,-0.793353340291,0.608761429009)
  );
#4220 = DIRECTION('',(-1.351721909978E-16,0.608761429009,0.793353340291)
  );
#4221 = ADVANCED_FACE('',(#4222),#4233,.T.);
#4222 = FACE_BOUND('',#4223,.T.);
#4223 = EDGE_LOOP('',(#4224,#4225,#4226,#4227));
#4224 = ORIENTED_EDGE('',*,*,#859,.F.);
#4225 = ORIENTED_EDGE('',*,*,#4194,.T.);
#4226 = ORIENTED_EDGE('',*,*,#2111,.T.);
#4227 = ORIENTED_EDGE('',*,*,#4228,.F.);
#4228 = EDGE_CURVE('',#860,#2112,#4229,.T.);
#4229 = LINE('',#4230,#4231);
#4230 = CARTESIAN_POINT('',(41.5,8.06066017178,19.06066017178));
#4231 = VECTOR('',#4232,1.);
#4232 = DIRECTION('',(1.,0.,-2.22044604925E-16));
#4233 = PLANE('',#4234);
#4234 = AXIS2_PLACEMENT_3D('',#4235,#4236,#4237);
#4235 = CARTESIAN_POINT('',(41.5,8.299038105677,18.75));
#4236 = DIRECTION('',(1.761598290109E-16,-0.793353340291,-0.608761429009
    ));
#4237 = DIRECTION('',(1.351721909978E-16,-0.608761429009,0.793353340291)
  );
#4238 = ADVANCED_FACE('',(#4239),#4250,.T.);
#4239 = FACE_BOUND('',#4240,.T.);
#4240 = EDGE_LOOP('',(#4241,#4242,#4248,#4249));
#4241 = ORIENTED_EDGE('',*,*,#1005,.F.);
#4242 = ORIENTED_EDGE('',*,*,#4243,.T.);
#4243 = EDGE_CURVE('',#997,#2249,#4244,.T.);
#4244 = LINE('',#4245,#4246);
#4245 = CARTESIAN_POINT('',(40.5,7.923885490392,8.334388923919));
#4246 = VECTOR('',#4247,1.);
#4247 = DIRECTION('',(1.,0.,0.));
#4248 = ORIENTED_EDGE('',*,*,#2257,.T.);
#4249 = ORIENTED_EDGE('',*,*,#4209,.F.);
#4250 = PLANE('',#4251);
#4251 = AXIS2_PLACEMENT_3D('',#4252,#4253,#4254);
#4252 = CARTESIAN_POINT('',(41.5,7.75,8.200961894323));
#4253 = DIRECTION('',(1.351721909978E-16,-0.608761429009,0.793353340291)
  );
#4254 = DIRECTION('',(-1.761598290109E-16,0.793353340291,0.608761429009)
  );
#4255 = ADVANCED_FACE('',(#4256),#4267,.T.);
#4256 = FACE_BOUND('',#4257,.T.);
#4257 = EDGE_LOOP('',(#4258,#4259,#4260,#4261));
#4258 = ORIENTED_EDGE('',*,*,#867,.F.);
#4259 = ORIENTED_EDGE('',*,*,#4228,.T.);
#4260 = ORIENTED_EDGE('',*,*,#2119,.T.);
#4261 = ORIENTED_EDGE('',*,*,#4262,.F.);
#4262 = EDGE_CURVE('',#868,#2120,#4263,.T.);
#4263 = LINE('',#4264,#4265);
#4264 = CARTESIAN_POINT('',(41.5,7.75,19.299038105677));
#4265 = VECTOR('',#4266,1.);
#4266 = DIRECTION('',(1.,0.,-2.22044604925E-16));
#4267 = PLANE('',#4268);
#4268 = AXIS2_PLACEMENT_3D('',#4269,#4270,#4271);
#4269 = CARTESIAN_POINT('',(41.5,8.06066017178,19.06066017178));
#4270 = DIRECTION('',(1.351721909978E-16,-0.608761429009,-0.793353340291
    ));
#4271 = DIRECTION('',(1.761598290109E-16,-0.793353340291,0.608761429009)
  );
#4272 = ADVANCED_FACE('',(#4273),#4284,.T.);
#4273 = FACE_BOUND('',#4274,.T.);
#4274 = EDGE_LOOP('',(#4275,#4276,#4277,#4278));
#4275 = ORIENTED_EDGE('',*,*,#875,.F.);
#4276 = ORIENTED_EDGE('',*,*,#4262,.T.);
#4277 = ORIENTED_EDGE('',*,*,#2127,.T.);
#4278 = ORIENTED_EDGE('',*,*,#4279,.F.);
#4279 = EDGE_CURVE('',#876,#2128,#4280,.T.);
#4280 = LINE('',#4281,#4282);
#4281 = CARTESIAN_POINT('',(41.5,7.388228567654,19.448888739434));
#4282 = VECTOR('',#4283,1.);
#4283 = DIRECTION('',(1.,0.,-2.22044604925E-16));
#4284 = PLANE('',#4285);
#4285 = AXIS2_PLACEMENT_3D('',#4286,#4287,#4288);
#4286 = CARTESIAN_POINT('',(41.5,7.75,19.299038105677));
#4287 = DIRECTION('',(8.497279155086E-17,-0.382683432365,-0.923879532511
    ));
#4288 = DIRECTION('',(2.051424657948E-16,-0.923879532511,0.382683432365)
  );
#4289 = ADVANCED_FACE('',(#4290),#4301,.T.);
#4290 = FACE_BOUND('',#4291,.T.);
#4291 = EDGE_LOOP('',(#4292,#4293,#4294,#4295));
#4292 = ORIENTED_EDGE('',*,*,#883,.F.);
#4293 = ORIENTED_EDGE('',*,*,#4279,.T.);
#4294 = ORIENTED_EDGE('',*,*,#2135,.T.);
#4295 = ORIENTED_EDGE('',*,*,#4296,.F.);
#4296 = EDGE_CURVE('',#884,#2136,#4297,.T.);
#4297 = LINE('',#4298,#4299);
#4298 = CARTESIAN_POINT('',(41.5,7.,19.5));
#4299 = VECTOR('',#4300,1.);
#4300 = DIRECTION('',(1.,0.,-2.22044604925E-16));
#4301 = PLANE('',#4302);
#4302 = AXIS2_PLACEMENT_3D('',#4303,#4304,#4305);
#4303 = CARTESIAN_POINT('',(41.5,7.388228567654,19.448888739434));
#4304 = DIRECTION('',(2.898263678387E-17,-0.13052619222,-0.991444861374)
  );
#4305 = DIRECTION('',(2.201449825487E-16,-0.991444861374,0.13052619222)
  );
#4306 = ADVANCED_FACE('',(#4307),#4323,.T.);
#4307 = FACE_BOUND('',#4308,.T.);
#4308 = EDGE_LOOP('',(#4309,#4310,#4316,#4317));
#4309 = ORIENTED_EDGE('',*,*,#979,.F.);
#4310 = ORIENTED_EDGE('',*,*,#4311,.T.);
#4311 = EDGE_CURVE('',#972,#2224,#4312,.T.);
#4312 = LINE('',#4313,#4314);
#4313 = CARTESIAN_POINT('',(41.5,-8.06066017178,8.43933982822));
#4314 = VECTOR('',#4315,1.);
#4315 = DIRECTION('',(1.,0.,-2.22044604925E-16));
#4316 = ORIENTED_EDGE('',*,*,#2231,.T.);
#4317 = ORIENTED_EDGE('',*,*,#4318,.F.);
#4318 = EDGE_CURVE('',#980,#2232,#4319,.T.);
#4319 = LINE('',#4320,#4321);
#4320 = CARTESIAN_POINT('',(40.5,-7.923885490392,8.334388923919));
#4321 = VECTOR('',#4322,1.);
#4322 = DIRECTION('',(1.,0.,0.));
#4323 = PLANE('',#4324);
#4324 = AXIS2_PLACEMENT_3D('',#4325,#4326,#4327);
#4325 = CARTESIAN_POINT('',(41.5,-8.06066017178,8.43933982822));
#4326 = DIRECTION('',(-1.351721909978E-16,0.608761429009,0.793353340291)
  );
#4327 = DIRECTION('',(-1.761598290109E-16,0.793353340291,-0.608761429009
    ));
#4328 = ADVANCED_FACE('',(#4329),#4340,.T.);
#4329 = FACE_BOUND('',#4330,.T.);
#4330 = EDGE_LOOP('',(#4331,#4332,#4333,#4334));
#4331 = ORIENTED_EDGE('',*,*,#891,.F.);
#4332 = ORIENTED_EDGE('',*,*,#4296,.T.);
#4333 = ORIENTED_EDGE('',*,*,#2143,.T.);
#4334 = ORIENTED_EDGE('',*,*,#4335,.F.);
#4335 = EDGE_CURVE('',#892,#2144,#4336,.T.);
#4336 = LINE('',#4337,#4338);
#4337 = CARTESIAN_POINT('',(41.5,-7.,19.5));
#4338 = VECTOR('',#4339,1.);
#4339 = DIRECTION('',(1.,0.,-2.22044604925E-16));
#4340 = PLANE('',#4341);
#4341 = AXIS2_PLACEMENT_3D('',#4342,#4343,#4344);
#4342 = CARTESIAN_POINT('',(41.5,7.,19.5));
#4343 = DIRECTION('',(0.,2.22044604925E-16,-1.));
#4344 = DIRECTION('',(2.22044604925E-16,-1.,0.));
#4345 = ADVANCED_FACE('',(#4346),#4357,.T.);
#4346 = FACE_BOUND('',#4347,.T.);
#4347 = EDGE_LOOP('',(#4348,#4349,#4355,#4356));
#4348 = ORIENTED_EDGE('',*,*,#971,.F.);
#4349 = ORIENTED_EDGE('',*,*,#4350,.T.);
#4350 = EDGE_CURVE('',#964,#2216,#4351,.T.);
#4351 = LINE('',#4352,#4353);
#4352 = CARTESIAN_POINT('',(41.5,-8.299038105677,8.75));
#4353 = VECTOR('',#4354,1.);
#4354 = DIRECTION('',(1.,0.,-2.22044604925E-16));
#4355 = ORIENTED_EDGE('',*,*,#2223,.T.);
#4356 = ORIENTED_EDGE('',*,*,#4311,.F.);
#4357 = PLANE('',#4358);
#4358 = AXIS2_PLACEMENT_3D('',#4359,#4360,#4361);
#4359 = CARTESIAN_POINT('',(41.5,-8.299038105677,8.75));
#4360 = DIRECTION('',(-1.761598290109E-16,0.793353340291,0.608761429009)
  );
#4361 = DIRECTION('',(-1.351721909978E-16,0.608761429009,-0.793353340291
    ));
#4362 = ADVANCED_FACE('',(#4363),#4374,.T.);
#4363 = FACE_BOUND('',#4364,.T.);
#4364 = EDGE_LOOP('',(#4365,#4366,#4367,#4368));
#4365 = ORIENTED_EDGE('',*,*,#899,.F.);
#4366 = ORIENTED_EDGE('',*,*,#4335,.T.);
#4367 = ORIENTED_EDGE('',*,*,#2151,.T.);
#4368 = ORIENTED_EDGE('',*,*,#4369,.F.);
#4369 = EDGE_CURVE('',#900,#2152,#4370,.T.);
#4370 = LINE('',#4371,#4372);
#4371 = CARTESIAN_POINT('',(41.5,-7.388228567654,19.448888739434));
#4372 = VECTOR('',#4373,1.);
#4373 = DIRECTION('',(1.,0.,-2.22044604925E-16));
#4374 = PLANE('',#4375);
#4375 = AXIS2_PLACEMENT_3D('',#4376,#4377,#4378);
#4376 = CARTESIAN_POINT('',(41.5,-7.,19.5));
#4377 = DIRECTION('',(-2.898263678387E-17,0.13052619222,-0.991444861374)
  );
#4378 = DIRECTION('',(2.201449825487E-16,-0.991444861374,-0.13052619222)
  );
#4379 = ADVANCED_FACE('',(#4380),#4391,.T.);
#4380 = FACE_BOUND('',#4381,.T.);
#4381 = EDGE_LOOP('',(#4382,#4383,#4389,#4390));
#4382 = ORIENTED_EDGE('',*,*,#963,.F.);
#4383 = ORIENTED_EDGE('',*,*,#4384,.T.);
#4384 = EDGE_CURVE('',#956,#2208,#4385,.T.);
#4385 = LINE('',#4386,#4387);
#4386 = CARTESIAN_POINT('',(41.5,-8.448888739434,9.111771432346));
#4387 = VECTOR('',#4388,1.);
#4388 = DIRECTION('',(1.,0.,-2.22044604925E-16));
#4389 = ORIENTED_EDGE('',*,*,#2215,.T.);
#4390 = ORIENTED_EDGE('',*,*,#4350,.F.);
#4391 = PLANE('',#4392);
#4392 = AXIS2_PLACEMENT_3D('',#4393,#4394,#4395);
#4393 = CARTESIAN_POINT('',(41.5,-8.448888739434,9.111771432346));
#4394 = DIRECTION('',(-2.051424657948E-16,0.923879532511,0.382683432365)
  );
#4395 = DIRECTION('',(-8.497279155086E-17,0.382683432365,-0.923879532511
    ));
#4396 = ADVANCED_FACE('',(#4397),#4408,.T.);
#4397 = FACE_BOUND('',#4398,.T.);
#4398 = EDGE_LOOP('',(#4399,#4400,#4401,#4402));
#4399 = ORIENTED_EDGE('',*,*,#907,.F.);
#4400 = ORIENTED_EDGE('',*,*,#4369,.T.);
#4401 = ORIENTED_EDGE('',*,*,#2159,.T.);
#4402 = ORIENTED_EDGE('',*,*,#4403,.F.);
#4403 = EDGE_CURVE('',#908,#2160,#4404,.T.);
#4404 = LINE('',#4405,#4406);
#4405 = CARTESIAN_POINT('',(41.5,-7.75,19.299038105677));
#4406 = VECTOR('',#4407,1.);
#4407 = DIRECTION('',(1.,0.,-2.22044604925E-16));
#4408 = PLANE('',#4409);
#4409 = AXIS2_PLACEMENT_3D('',#4410,#4411,#4412);
#4410 = CARTESIAN_POINT('',(41.5,-7.388228567654,19.448888739434));
#4411 = DIRECTION('',(-8.497279155086E-17,0.382683432365,-0.923879532511
    ));
#4412 = DIRECTION('',(2.051424657948E-16,-0.923879532511,-0.382683432365
    ));
#4413 = ADVANCED_FACE('',(#4414),#4425,.T.);
#4414 = FACE_BOUND('',#4415,.T.);
#4415 = EDGE_LOOP('',(#4416,#4417,#4423,#4424));
#4416 = ORIENTED_EDGE('',*,*,#955,.F.);
#4417 = ORIENTED_EDGE('',*,*,#4418,.T.);
#4418 = EDGE_CURVE('',#948,#2200,#4419,.T.);
#4419 = LINE('',#4420,#4421);
#4420 = CARTESIAN_POINT('',(41.5,-8.5,9.5));
#4421 = VECTOR('',#4422,1.);
#4422 = DIRECTION('',(1.,0.,-2.22044604925E-16));
#4423 = ORIENTED_EDGE('',*,*,#2207,.T.);
#4424 = ORIENTED_EDGE('',*,*,#4384,.F.);
#4425 = PLANE('',#4426);
#4426 = AXIS2_PLACEMENT_3D('',#4427,#4428,#4429);
#4427 = CARTESIAN_POINT('',(41.5,-8.5,9.5));
#4428 = DIRECTION('',(-2.201449825487E-16,0.991444861374,0.13052619222)
  );
#4429 = DIRECTION('',(-2.898263678387E-17,0.13052619222,-0.991444861374)
  );
#4430 = ADVANCED_FACE('',(#4431),#4442,.T.);
#4431 = FACE_BOUND('',#4432,.T.);
#4432 = EDGE_LOOP('',(#4433,#4434,#4435,#4436));
#4433 = ORIENTED_EDGE('',*,*,#915,.F.);
#4434 = ORIENTED_EDGE('',*,*,#4403,.T.);
#4435 = ORIENTED_EDGE('',*,*,#2167,.T.);
#4436 = ORIENTED_EDGE('',*,*,#4437,.F.);
#4437 = EDGE_CURVE('',#916,#2168,#4438,.T.);
#4438 = LINE('',#4439,#4440);
#4439 = CARTESIAN_POINT('',(41.5,-8.06066017178,19.06066017178));
#4440 = VECTOR('',#4441,1.);
#4441 = DIRECTION('',(1.,0.,-2.22044604925E-16));
#4442 = PLANE('',#4443);
#4443 = AXIS2_PLACEMENT_3D('',#4444,#4445,#4446);
#4444 = CARTESIAN_POINT('',(41.5,-7.75,19.299038105677));
#4445 = DIRECTION('',(-1.351721909978E-16,0.608761429009,-0.793353340291
    ));
#4446 = DIRECTION('',(1.761598290109E-16,-0.793353340291,-0.608761429009
    ));
#4447 = ADVANCED_FACE('',(#4448),#4459,.T.);
#4448 = FACE_BOUND('',#4449,.T.);
#4449 = EDGE_LOOP('',(#4450,#4451,#4457,#4458));
#4450 = ORIENTED_EDGE('',*,*,#947,.F.);
#4451 = ORIENTED_EDGE('',*,*,#4452,.T.);
#4452 = EDGE_CURVE('',#940,#2192,#4453,.T.);
#4453 = LINE('',#4454,#4455);
#4454 = CARTESIAN_POINT('',(41.5,-8.5,18.));
#4455 = VECTOR('',#4456,1.);
#4456 = DIRECTION('',(1.,0.,-2.22044604925E-16));
#4457 = ORIENTED_EDGE('',*,*,#2199,.T.);
#4458 = ORIENTED_EDGE('',*,*,#4418,.F.);
#4459 = PLANE('',#4460);
#4460 = AXIS2_PLACEMENT_3D('',#4461,#4462,#4463);
#4461 = CARTESIAN_POINT('',(41.5,-8.5,18.));
#4462 = DIRECTION('',(-2.22044604925E-16,1.,0.));
#4463 = DIRECTION('',(0.,2.22044604925E-16,-1.));
#4464 = ADVANCED_FACE('',(#4465),#4476,.T.);
#4465 = FACE_BOUND('',#4466,.T.);
#4466 = EDGE_LOOP('',(#4467,#4468,#4469,#4470));
#4467 = ORIENTED_EDGE('',*,*,#923,.F.);
#4468 = ORIENTED_EDGE('',*,*,#4437,.T.);
#4469 = ORIENTED_EDGE('',*,*,#2175,.T.);
#4470 = ORIENTED_EDGE('',*,*,#4471,.F.);
#4471 = EDGE_CURVE('',#924,#2176,#4472,.T.);
#4472 = LINE('',#4473,#4474);
#4473 = CARTESIAN_POINT('',(41.5,-8.299038105677,18.75));
#4474 = VECTOR('',#4475,1.);
#4475 = DIRECTION('',(1.,0.,-2.22044604925E-16));
#4476 = PLANE('',#4477);
#4477 = AXIS2_PLACEMENT_3D('',#4478,#4479,#4480);
#4478 = CARTESIAN_POINT('',(41.5,-8.06066017178,19.06066017178));
#4479 = DIRECTION('',(-1.761598290109E-16,0.793353340291,-0.608761429009
    ));
#4480 = DIRECTION('',(1.351721909978E-16,-0.608761429009,-0.793353340291
    ));
#4481 = ADVANCED_FACE('',(#4482),#4493,.T.);
#4482 = FACE_BOUND('',#4483,.T.);
#4483 = EDGE_LOOP('',(#4484,#4485,#4491,#4492));
#4484 = ORIENTED_EDGE('',*,*,#939,.F.);
#4485 = ORIENTED_EDGE('',*,*,#4486,.T.);
#4486 = EDGE_CURVE('',#932,#2184,#4487,.T.);
#4487 = LINE('',#4488,#4489);
#4488 = CARTESIAN_POINT('',(41.5,-8.448888739434,18.388228567654));
#4489 = VECTOR('',#4490,1.);
#4490 = DIRECTION('',(1.,0.,-2.22044604925E-16));
#4491 = ORIENTED_EDGE('',*,*,#2191,.T.);
#4492 = ORIENTED_EDGE('',*,*,#4452,.F.);
#4493 = PLANE('',#4494);
#4494 = AXIS2_PLACEMENT_3D('',#4495,#4496,#4497);
#4495 = CARTESIAN_POINT('',(41.5,-8.448888739434,18.388228567654));
#4496 = DIRECTION('',(-2.201449825487E-16,0.991444861374,-0.13052619222)
  );
#4497 = DIRECTION('',(2.898263678387E-17,-0.13052619222,-0.991444861374)
  );
#4498 = ADVANCED_FACE('',(#4499),#4505,.T.);
#4499 = FACE_BOUND('',#4500,.T.);
#4500 = EDGE_LOOP('',(#4501,#4502,#4503,#4504));
#4501 = ORIENTED_EDGE('',*,*,#931,.F.);
#4502 = ORIENTED_EDGE('',*,*,#4471,.T.);
#4503 = ORIENTED_EDGE('',*,*,#2183,.T.);
#4504 = ORIENTED_EDGE('',*,*,#4486,.F.);
#4505 = PLANE('',#4506);
#4506 = AXIS2_PLACEMENT_3D('',#4507,#4508,#4509);
#4507 = CARTESIAN_POINT('',(41.5,-8.299038105677,18.75));
#4508 = DIRECTION('',(-2.051424657948E-16,0.923879532511,-0.382683432365
    ));
#4509 = DIRECTION('',(8.497279155086E-17,-0.382683432365,-0.923879532511
    ));
#4510 = ADVANCED_FACE('',(#4511),#4522,.F.);
#4511 = FACE_BOUND('',#4512,.F.);
#4512 = EDGE_LOOP('',(#4513,#4514,#4520,#4521));
#4513 = ORIENTED_EDGE('',*,*,#2289,.F.);
#4514 = ORIENTED_EDGE('',*,*,#4515,.F.);
#4515 = EDGE_CURVE('',#1038,#2290,#4516,.T.);
#4516 = LINE('',#4517,#4518);
#4517 = CARTESIAN_POINT('',(41.5,22.,45.277));
#4518 = VECTOR('',#4519,1.);
#4519 = DIRECTION('',(1.,0.,0.));
#4520 = ORIENTED_EDGE('',*,*,#1037,.T.);
#4521 = ORIENTED_EDGE('',*,*,#4515,.T.);
#4522 = CYLINDRICAL_SURFACE('',#4523,9.5);
#4523 = AXIS2_PLACEMENT_3D('',#4524,#4525,#4526);
#4524 = CARTESIAN_POINT('',(41.5,22.,35.777));
#4525 = DIRECTION('',(1.,0.,0.));
#4526 = DIRECTION('',(-0.,0.,1.));
#4527 = ADVANCED_FACE('',(#4528),#4539,.F.);
#4528 = FACE_BOUND('',#4529,.F.);
#4529 = EDGE_LOOP('',(#4530,#4531,#4537,#4538));
#4530 = ORIENTED_EDGE('',*,*,#2300,.F.);
#4531 = ORIENTED_EDGE('',*,*,#4532,.F.);
#4532 = EDGE_CURVE('',#1049,#2301,#4533,.T.);
#4533 = LINE('',#4534,#4535);
#4534 = CARTESIAN_POINT('',(41.5,8.,23.6));
#4535 = VECTOR('',#4536,1.);
#4536 = DIRECTION('',(1.,0.,0.));
#4537 = ORIENTED_EDGE('',*,*,#1048,.T.);
#4538 = ORIENTED_EDGE('',*,*,#4532,.T.);
#4539 = CYLINDRICAL_SURFACE('',#4540,1.1);
#4540 = AXIS2_PLACEMENT_3D('',#4541,#4542,#4543);
#4541 = CARTESIAN_POINT('',(41.5,8.,22.5));
#4542 = DIRECTION('',(1.,0.,0.));
#4543 = DIRECTION('',(-0.,0.,1.));
#4544 = ADVANCED_FACE('',(#4545),#4556,.F.);
#4545 = FACE_BOUND('',#4546,.F.);
#4546 = EDGE_LOOP('',(#4547,#4548,#4554,#4555));
#4547 = ORIENTED_EDGE('',*,*,#2311,.F.);
#4548 = ORIENTED_EDGE('',*,*,#4549,.F.);
#4549 = EDGE_CURVE('',#1060,#2312,#4550,.T.);
#4550 = LINE('',#4551,#4552);
#4551 = CARTESIAN_POINT('',(41.5,-8.,23.6));
#4552 = VECTOR('',#4553,1.);
#4553 = DIRECTION('',(1.,0.,0.));
#4554 = ORIENTED_EDGE('',*,*,#1059,.T.);
#4555 = ORIENTED_EDGE('',*,*,#4549,.T.);
#4556 = CYLINDRICAL_SURFACE('',#4557,1.1);
#4557 = AXIS2_PLACEMENT_3D('',#4558,#4559,#4560);
#4558 = CARTESIAN_POINT('',(41.5,-8.,22.5));
#4559 = DIRECTION('',(1.,0.,0.));
#4560 = DIRECTION('',(-0.,0.,1.));
#4561 = ADVANCED_FACE('',(#4562),#4573,.F.);
#4562 = FACE_BOUND('',#4563,.F.);
#4563 = EDGE_LOOP('',(#4564,#4565,#4571,#4572));
#4564 = ORIENTED_EDGE('',*,*,#2322,.F.);
#4565 = ORIENTED_EDGE('',*,*,#4566,.F.);
#4566 = EDGE_CURVE('',#1071,#2323,#4567,.T.);
#4567 = LINE('',#4568,#4569);
#4568 = CARTESIAN_POINT('',(41.5,-0.5,28.877));
#4569 = VECTOR('',#4570,1.);
#4570 = DIRECTION('',(1.,0.,0.));
#4571 = ORIENTED_EDGE('',*,*,#1070,.T.);
#4572 = ORIENTED_EDGE('',*,*,#4566,.T.);
#4573 = CYLINDRICAL_SURFACE('',#4574,1.1);
#4574 = AXIS2_PLACEMENT_3D('',#4575,#4576,#4577);
#4575 = CARTESIAN_POINT('',(41.5,-0.5,27.777));
#4576 = DIRECTION('',(1.,0.,0.));
#4577 = DIRECTION('',(-0.,0.,1.));
#4578 = ADVANCED_FACE('',(#4579),#4595,.F.);
#4579 = FACE_BOUND('',#4580,.F.);
#4580 = EDGE_LOOP('',(#4581,#4582,#4588,#4589));
#4581 = ORIENTED_EDGE('',*,*,#1081,.F.);
#4582 = ORIENTED_EDGE('',*,*,#4583,.T.);
#4583 = EDGE_CURVE('',#1082,#2334,#4584,.T.);
#4584 = LINE('',#4585,#4586);
#4585 = CARTESIAN_POINT('',(41.5,2.53,44.28));
#4586 = VECTOR('',#4587,1.);
#4587 = DIRECTION('',(1.,0.,-2.22044604925E-16));
#4588 = ORIENTED_EDGE('',*,*,#2333,.T.);
#4589 = ORIENTED_EDGE('',*,*,#4590,.F.);
#4590 = EDGE_CURVE('',#1084,#2336,#4591,.T.);
#4591 = LINE('',#4592,#4593);
#4592 = CARTESIAN_POINT('',(41.5,13.5,44.28));
#4593 = VECTOR('',#4594,1.);
#4594 = DIRECTION('',(1.,0.,-2.22044604925E-16));
#4595 = PLANE('',#4596);
#4596 = AXIS2_PLACEMENT_3D('',#4597,#4598,#4599);
#4597 = CARTESIAN_POINT('',(41.5,2.53,44.28));
#4598 = DIRECTION('',(0.,-2.22044604925E-16,1.));
#4599 = DIRECTION('',(-2.22044604925E-16,1.,0.));
#4600 = ADVANCED_FACE('',(#4601),#4612,.F.);
#4601 = FACE_BOUND('',#4602,.F.);
#4602 = EDGE_LOOP('',(#4603,#4604,#4605,#4606));
#4603 = ORIENTED_EDGE('',*,*,#1124,.F.);
#4604 = ORIENTED_EDGE('',*,*,#4590,.T.);
#4605 = ORIENTED_EDGE('',*,*,#2376,.T.);
#4606 = ORIENTED_EDGE('',*,*,#4607,.F.);
#4607 = EDGE_CURVE('',#1116,#2368,#4608,.T.);
#4608 = LINE('',#4609,#4610);
#4609 = CARTESIAN_POINT('',(40.5,13.5,43.522966692415));
#4610 = VECTOR('',#4611,1.);
#4611 = DIRECTION('',(1.,0.,0.));
#4612 = PLANE('',#4613);
#4613 = AXIS2_PLACEMENT_3D('',#4614,#4615,#4616);
#4614 = CARTESIAN_POINT('',(41.5,13.5,44.28));
#4615 = DIRECTION('',(-2.22044604925E-16,1.,0.));
#4616 = DIRECTION('',(0.,2.22044604925E-16,-1.));
#4617 = ADVANCED_FACE('',(#4618),#4629,.T.);
#4618 = FACE_BOUND('',#4619,.T.);
#4619 = EDGE_LOOP('',(#4620,#4621,#4622,#4628));
#4620 = ORIENTED_EDGE('',*,*,#4607,.F.);
#4621 = ORIENTED_EDGE('',*,*,#1115,.T.);
#4622 = ORIENTED_EDGE('',*,*,#4623,.T.);
#4623 = EDGE_CURVE('',#1108,#2360,#4624,.T.);
#4624 = LINE('',#4625,#4626);
#4625 = CARTESIAN_POINT('',(40.5,13.5,28.031033307585));
#4626 = VECTOR('',#4627,1.);
#4627 = DIRECTION('',(1.,0.,0.));
#4628 = ORIENTED_EDGE('',*,*,#2367,.F.);
#4629 = CYLINDRICAL_SURFACE('',#4630,11.5);
#4630 = AXIS2_PLACEMENT_3D('',#4631,#4632,#4633);
#4631 = CARTESIAN_POINT('',(40.5,22.,35.777));
#4632 = DIRECTION('',(1.,0.,0.));
#4633 = DIRECTION('',(-0.,0.,1.));
#4634 = ADVANCED_FACE('',(#4635),#4646,.F.);
#4635 = FACE_BOUND('',#4636,.F.);
#4636 = EDGE_LOOP('',(#4637,#4638,#4639,#4640));
#4637 = ORIENTED_EDGE('',*,*,#1107,.F.);
#4638 = ORIENTED_EDGE('',*,*,#4623,.T.);
#4639 = ORIENTED_EDGE('',*,*,#2359,.T.);
#4640 = ORIENTED_EDGE('',*,*,#4641,.F.);
#4641 = EDGE_CURVE('',#1100,#2352,#4642,.T.);
#4642 = LINE('',#4643,#4644);
#4643 = CARTESIAN_POINT('',(41.5,13.5,27.28));
#4644 = VECTOR('',#4645,1.);
#4645 = DIRECTION('',(1.,0.,-2.22044604925E-16));
#4646 = PLANE('',#4647);
#4647 = AXIS2_PLACEMENT_3D('',#4648,#4649,#4650);
#4648 = CARTESIAN_POINT('',(41.5,13.5,44.28));
#4649 = DIRECTION('',(-2.22044604925E-16,1.,0.));
#4650 = DIRECTION('',(0.,2.22044604925E-16,-1.));
#4651 = ADVANCED_FACE('',(#4652),#4663,.F.);
#4652 = FACE_BOUND('',#4653,.F.);
#4653 = EDGE_LOOP('',(#4654,#4655,#4656,#4657));
#4654 = ORIENTED_EDGE('',*,*,#1099,.F.);
#4655 = ORIENTED_EDGE('',*,*,#4641,.T.);
#4656 = ORIENTED_EDGE('',*,*,#2351,.T.);
#4657 = ORIENTED_EDGE('',*,*,#4658,.F.);
#4658 = EDGE_CURVE('',#1092,#2344,#4659,.T.);
#4659 = LINE('',#4660,#4661);
#4660 = CARTESIAN_POINT('',(41.5,9.33,27.28));
#4661 = VECTOR('',#4662,1.);
#4662 = DIRECTION('',(1.,0.,-2.22044604925E-16));
#4663 = PLANE('',#4664);
#4664 = AXIS2_PLACEMENT_3D('',#4665,#4666,#4667);
#4665 = CARTESIAN_POINT('',(41.5,13.5,27.28));
#4666 = DIRECTION('',(0.,2.22044604925E-16,-1.));
#4667 = DIRECTION('',(2.22044604925E-16,-1.,0.));
#4668 = ADVANCED_FACE('',(#4669),#4675,.F.);
#4669 = FACE_BOUND('',#4670,.F.);
#4670 = EDGE_LOOP('',(#4671,#4672,#4673,#4674));
#4671 = ORIENTED_EDGE('',*,*,#1091,.F.);
#4672 = ORIENTED_EDGE('',*,*,#4658,.T.);
#4673 = ORIENTED_EDGE('',*,*,#2343,.T.);
#4674 = ORIENTED_EDGE('',*,*,#4583,.F.);
#4675 = PLANE('',#4676);
#4676 = AXIS2_PLACEMENT_3D('',#4677,#4678,#4679);
#4677 = CARTESIAN_POINT('',(41.5,9.33,27.28));
#4678 = DIRECTION('',(2.061632400097E-16,-0.928476690885,-0.371390676354
    ));
#4679 = DIRECTION('',(8.246529600389E-17,-0.371390676354,0.928476690885)
  );
#4680 = ADVANCED_FACE('',(#4681),#4697,.T.);
#4681 = FACE_BOUND('',#4682,.T.);
#4682 = EDGE_LOOP('',(#4683,#4684,#4690,#4691));
#4683 = ORIENTED_EDGE('',*,*,#1132,.F.);
#4684 = ORIENTED_EDGE('',*,*,#4685,.T.);
#4685 = EDGE_CURVE('',#1133,#2385,#4686,.T.);
#4686 = LINE('',#4687,#4688);
#4687 = CARTESIAN_POINT('',(41.5,-4.5,26.98));
#4688 = VECTOR('',#4689,1.);
#4689 = DIRECTION('',(1.,0.,-2.22044604925E-16));
#4690 = ORIENTED_EDGE('',*,*,#2384,.T.);
#4691 = ORIENTED_EDGE('',*,*,#4692,.F.);
#4692 = EDGE_CURVE('',#1135,#2387,#4693,.T.);
#4693 = LINE('',#4694,#4695);
#4694 = CARTESIAN_POINT('',(41.5,-4.5,37.58));
#4695 = VECTOR('',#4696,1.);
#4696 = DIRECTION('',(1.,0.,-2.22044604925E-16));
#4697 = PLANE('',#4698);
#4698 = AXIS2_PLACEMENT_3D('',#4699,#4700,#4701);
#4699 = CARTESIAN_POINT('',(41.5,-4.5,26.98));
#4700 = DIRECTION('',(2.22044604925E-16,-1.,0.));
#4701 = DIRECTION('',(0.,-2.22044604925E-16,1.));
#4702 = ADVANCED_FACE('',(#4703),#4714,.T.);
#4703 = FACE_BOUND('',#4704,.T.);
#4704 = EDGE_LOOP('',(#4705,#4706,#4712,#4713));
#4705 = ORIENTED_EDGE('',*,*,#1350,.F.);
#4706 = ORIENTED_EDGE('',*,*,#4707,.T.);
#4707 = EDGE_CURVE('',#1343,#2595,#4708,.T.);
#4708 = LINE('',#4709,#4710);
#4709 = CARTESIAN_POINT('',(41.5,-4.540889008453,26.669417145877));
#4710 = VECTOR('',#4711,1.);
#4711 = DIRECTION('',(1.,0.,-2.22044604925E-16));
#4712 = ORIENTED_EDGE('',*,*,#2602,.T.);
#4713 = ORIENTED_EDGE('',*,*,#4685,.F.);
#4714 = PLANE('',#4715);
#4715 = AXIS2_PLACEMENT_3D('',#4716,#4717,#4718);
#4716 = CARTESIAN_POINT('',(41.5,-4.540889008453,26.669417145877));
#4717 = DIRECTION('',(2.201449825487E-16,-0.991444861374,0.13052619222)
  );
#4718 = DIRECTION('',(-2.898263678387E-17,0.13052619222,0.991444861374)
  );
#4719 = ADVANCED_FACE('',(#4720),#4731,.T.);
#4720 = FACE_BOUND('',#4721,.T.);
#4721 = EDGE_LOOP('',(#4722,#4723,#4724,#4725));
#4722 = ORIENTED_EDGE('',*,*,#1142,.F.);
#4723 = ORIENTED_EDGE('',*,*,#4692,.T.);
#4724 = ORIENTED_EDGE('',*,*,#2394,.T.);
#4725 = ORIENTED_EDGE('',*,*,#4726,.F.);
#4726 = EDGE_CURVE('',#1143,#2395,#4727,.T.);
#4727 = LINE('',#4728,#4729);
#4728 = CARTESIAN_POINT('',(41.5,-4.540889008453,37.890582854123));
#4729 = VECTOR('',#4730,1.);
#4730 = DIRECTION('',(1.,0.,-2.22044604925E-16));
#4731 = PLANE('',#4732);
#4732 = AXIS2_PLACEMENT_3D('',#4733,#4734,#4735);
#4733 = CARTESIAN_POINT('',(41.5,-4.5,37.58));
#4734 = DIRECTION('',(2.201449825487E-16,-0.991444861374,-0.13052619222)
  );
#4735 = DIRECTION('',(2.898263678387E-17,-0.13052619222,0.991444861374)
  );
#4736 = ADVANCED_FACE('',(#4737),#4748,.T.);
#4737 = FACE_BOUND('',#4738,.T.);
#4738 = EDGE_LOOP('',(#4739,#4740,#4746,#4747));
#4739 = ORIENTED_EDGE('',*,*,#1342,.F.);
#4740 = ORIENTED_EDGE('',*,*,#4741,.T.);
#4741 = EDGE_CURVE('',#1335,#2587,#4742,.T.);
#4742 = LINE('',#4743,#4744);
#4743 = CARTESIAN_POINT('',(41.5,-4.660769515459,26.38));
#4744 = VECTOR('',#4745,1.);
#4745 = DIRECTION('',(1.,0.,-2.22044604925E-16));
#4746 = ORIENTED_EDGE('',*,*,#2594,.T.);
#4747 = ORIENTED_EDGE('',*,*,#4707,.F.);
#4748 = PLANE('',#4749);
#4749 = AXIS2_PLACEMENT_3D('',#4750,#4751,#4752);
#4750 = CARTESIAN_POINT('',(41.5,-4.660769515459,26.38));
#4751 = DIRECTION('',(2.051424657948E-16,-0.923879532511,0.382683432365)
  );
#4752 = DIRECTION('',(-8.497279155086E-17,0.382683432365,0.923879532511)
  );
#4753 = ADVANCED_FACE('',(#4754),#4765,.T.);
#4754 = FACE_BOUND('',#4755,.T.);
#4755 = EDGE_LOOP('',(#4756,#4757,#4758,#4759));
#4756 = ORIENTED_EDGE('',*,*,#1150,.F.);
#4757 = ORIENTED_EDGE('',*,*,#4726,.T.);
#4758 = ORIENTED_EDGE('',*,*,#2402,.T.);
#4759 = ORIENTED_EDGE('',*,*,#4760,.F.);
#4760 = EDGE_CURVE('',#1151,#2403,#4761,.T.);
#4761 = LINE('',#4762,#4763);
#4762 = CARTESIAN_POINT('',(41.5,-4.660769515459,38.18));
#4763 = VECTOR('',#4764,1.);
#4764 = DIRECTION('',(1.,0.,-2.22044604925E-16));
#4765 = PLANE('',#4766);
#4766 = AXIS2_PLACEMENT_3D('',#4767,#4768,#4769);
#4767 = CARTESIAN_POINT('',(41.5,-4.540889008453,37.890582854123));
#4768 = DIRECTION('',(2.051424657948E-16,-0.923879532511,-0.382683432365
    ));
#4769 = DIRECTION('',(8.497279155086E-17,-0.382683432365,0.923879532511)
  );
#4770 = ADVANCED_FACE('',(#4771),#4782,.T.);
#4771 = FACE_BOUND('',#4772,.T.);
#4772 = EDGE_LOOP('',(#4773,#4774,#4780,#4781));
#4773 = ORIENTED_EDGE('',*,*,#1334,.F.);
#4774 = ORIENTED_EDGE('',*,*,#4775,.T.);
#4775 = EDGE_CURVE('',#1327,#2579,#4776,.T.);
#4776 = LINE('',#4777,#4778);
#4777 = CARTESIAN_POINT('',(41.5,-4.851471862576,26.131471862576));
#4778 = VECTOR('',#4779,1.);
#4779 = DIRECTION('',(1.,0.,-2.22044604925E-16));
#4780 = ORIENTED_EDGE('',*,*,#2586,.T.);
#4781 = ORIENTED_EDGE('',*,*,#4741,.F.);
#4782 = PLANE('',#4783);
#4783 = AXIS2_PLACEMENT_3D('',#4784,#4785,#4786);
#4784 = CARTESIAN_POINT('',(41.5,-4.851471862576,26.131471862576));
#4785 = DIRECTION('',(1.761598290109E-16,-0.793353340291,0.608761429009)
  );
#4786 = DIRECTION('',(-1.351721909978E-16,0.608761429009,0.793353340291)
  );
#4787 = ADVANCED_FACE('',(#4788),#4799,.T.);
#4788 = FACE_BOUND('',#4789,.T.);
#4789 = EDGE_LOOP('',(#4790,#4791,#4792,#4793));
#4790 = ORIENTED_EDGE('',*,*,#1158,.F.);
#4791 = ORIENTED_EDGE('',*,*,#4760,.T.);
#4792 = ORIENTED_EDGE('',*,*,#2410,.T.);
#4793 = ORIENTED_EDGE('',*,*,#4794,.F.);
#4794 = EDGE_CURVE('',#1159,#2411,#4795,.T.);
#4795 = LINE('',#4796,#4797);
#4796 = CARTESIAN_POINT('',(41.5,-4.851471862576,38.428528137424));
#4797 = VECTOR('',#4798,1.);
#4798 = DIRECTION('',(1.,0.,-2.22044604925E-16));
#4799 = PLANE('',#4800);
#4800 = AXIS2_PLACEMENT_3D('',#4801,#4802,#4803);
#4801 = CARTESIAN_POINT('',(41.5,-4.660769515459,38.18));
#4802 = DIRECTION('',(1.761598290109E-16,-0.793353340291,-0.608761429009
    ));
#4803 = DIRECTION('',(1.351721909978E-16,-0.608761429009,0.793353340291)
  );
#4804 = ADVANCED_FACE('',(#4805),#4816,.T.);
#4805 = FACE_BOUND('',#4806,.T.);
#4806 = EDGE_LOOP('',(#4807,#4808,#4814,#4815));
#4807 = ORIENTED_EDGE('',*,*,#1326,.F.);
#4808 = ORIENTED_EDGE('',*,*,#4809,.T.);
#4809 = EDGE_CURVE('',#1319,#2571,#4810,.T.);
#4810 = LINE('',#4811,#4812);
#4811 = CARTESIAN_POINT('',(41.5,-5.1,25.940769515459));
#4812 = VECTOR('',#4813,1.);
#4813 = DIRECTION('',(1.,0.,-2.22044604925E-16));
#4814 = ORIENTED_EDGE('',*,*,#2578,.T.);
#4815 = ORIENTED_EDGE('',*,*,#4775,.F.);
#4816 = PLANE('',#4817);
#4817 = AXIS2_PLACEMENT_3D('',#4818,#4819,#4820);
#4818 = CARTESIAN_POINT('',(41.5,-5.1,25.940769515459));
#4819 = DIRECTION('',(1.351721909978E-16,-0.608761429009,0.793353340291)
  );
#4820 = DIRECTION('',(-1.761598290109E-16,0.793353340291,0.608761429009)
  );
#4821 = ADVANCED_FACE('',(#4822),#4833,.T.);
#4822 = FACE_BOUND('',#4823,.T.);
#4823 = EDGE_LOOP('',(#4824,#4825,#4826,#4827));
#4824 = ORIENTED_EDGE('',*,*,#1166,.F.);
#4825 = ORIENTED_EDGE('',*,*,#4794,.T.);
#4826 = ORIENTED_EDGE('',*,*,#2418,.T.);
#4827 = ORIENTED_EDGE('',*,*,#4828,.F.);
#4828 = EDGE_CURVE('',#1167,#2419,#4829,.T.);
#4829 = LINE('',#4830,#4831);
#4830 = CARTESIAN_POINT('',(41.5,-5.1,38.619230484541));
#4831 = VECTOR('',#4832,1.);
#4832 = DIRECTION('',(1.,0.,-2.22044604925E-16));
#4833 = PLANE('',#4834);
#4834 = AXIS2_PLACEMENT_3D('',#4835,#4836,#4837);
#4835 = CARTESIAN_POINT('',(41.5,-4.851471862576,38.428528137424));
#4836 = DIRECTION('',(1.351721909978E-16,-0.608761429009,-0.793353340291
    ));
#4837 = DIRECTION('',(1.761598290109E-16,-0.793353340291,0.608761429009)
  );
#4838 = ADVANCED_FACE('',(#4839),#4850,.T.);
#4839 = FACE_BOUND('',#4840,.T.);
#4840 = EDGE_LOOP('',(#4841,#4842,#4848,#4849));
#4841 = ORIENTED_EDGE('',*,*,#1318,.F.);
#4842 = ORIENTED_EDGE('',*,*,#4843,.T.);
#4843 = EDGE_CURVE('',#1311,#2563,#4844,.T.);
#4844 = LINE('',#4845,#4846);
#4845 = CARTESIAN_POINT('',(41.5,-5.389417145877,25.820889008453));
#4846 = VECTOR('',#4847,1.);
#4847 = DIRECTION('',(1.,0.,-2.22044604925E-16));
#4848 = ORIENTED_EDGE('',*,*,#2570,.T.);
#4849 = ORIENTED_EDGE('',*,*,#4809,.F.);
#4850 = PLANE('',#4851);
#4851 = AXIS2_PLACEMENT_3D('',#4852,#4853,#4854);
#4852 = CARTESIAN_POINT('',(41.5,-5.389417145877,25.820889008453));
#4853 = DIRECTION('',(8.497279155086E-17,-0.382683432365,0.923879532511)
  );
#4854 = DIRECTION('',(-2.051424657948E-16,0.923879532511,0.382683432365)
  );
#4855 = ADVANCED_FACE('',(#4856),#4867,.T.);
#4856 = FACE_BOUND('',#4857,.T.);
#4857 = EDGE_LOOP('',(#4858,#4859,#4860,#4861));
#4858 = ORIENTED_EDGE('',*,*,#1174,.F.);
#4859 = ORIENTED_EDGE('',*,*,#4828,.T.);
#4860 = ORIENTED_EDGE('',*,*,#2426,.T.);
#4861 = ORIENTED_EDGE('',*,*,#4862,.F.);
#4862 = EDGE_CURVE('',#1175,#2427,#4863,.T.);
#4863 = LINE('',#4864,#4865);
#4864 = CARTESIAN_POINT('',(41.5,-5.389417145877,38.739110991547));
#4865 = VECTOR('',#4866,1.);
#4866 = DIRECTION('',(1.,0.,-2.22044604925E-16));
#4867 = PLANE('',#4868);
#4868 = AXIS2_PLACEMENT_3D('',#4869,#4870,#4871);
#4869 = CARTESIAN_POINT('',(41.5,-5.1,38.619230484541));
#4870 = DIRECTION('',(8.497279155086E-17,-0.382683432365,-0.923879532511
    ));
#4871 = DIRECTION('',(2.051424657948E-16,-0.923879532511,0.382683432365)
  );
#4872 = ADVANCED_FACE('',(#4873),#4884,.T.);
#4873 = FACE_BOUND('',#4874,.T.);
#4874 = EDGE_LOOP('',(#4875,#4876,#4882,#4883));
#4875 = ORIENTED_EDGE('',*,*,#1310,.F.);
#4876 = ORIENTED_EDGE('',*,*,#4877,.T.);
#4877 = EDGE_CURVE('',#1303,#2555,#4878,.T.);
#4878 = LINE('',#4879,#4880);
#4879 = CARTESIAN_POINT('',(41.5,-5.7,25.78));
#4880 = VECTOR('',#4881,1.);
#4881 = DIRECTION('',(1.,0.,-2.22044604925E-16));
#4882 = ORIENTED_EDGE('',*,*,#2562,.T.);
#4883 = ORIENTED_EDGE('',*,*,#4843,.F.);
#4884 = PLANE('',#4885);
#4885 = AXIS2_PLACEMENT_3D('',#4886,#4887,#4888);
#4886 = CARTESIAN_POINT('',(41.5,-5.7,25.78));
#4887 = DIRECTION('',(2.898263678387E-17,-0.13052619222,0.991444861374)
  );
#4888 = DIRECTION('',(-2.201449825487E-16,0.991444861374,0.13052619222)
  );
#4889 = ADVANCED_FACE('',(#4890),#4901,.T.);
#4890 = FACE_BOUND('',#4891,.T.);
#4891 = EDGE_LOOP('',(#4892,#4893,#4894,#4895));
#4892 = ORIENTED_EDGE('',*,*,#1182,.F.);
#4893 = ORIENTED_EDGE('',*,*,#4862,.T.);
#4894 = ORIENTED_EDGE('',*,*,#2434,.T.);
#4895 = ORIENTED_EDGE('',*,*,#4896,.F.);
#4896 = EDGE_CURVE('',#1183,#2435,#4897,.T.);
#4897 = LINE('',#4898,#4899);
#4898 = CARTESIAN_POINT('',(41.5,-5.7,38.78));
#4899 = VECTOR('',#4900,1.);
#4900 = DIRECTION('',(1.,0.,-2.22044604925E-16));
#4901 = PLANE('',#4902);
#4902 = AXIS2_PLACEMENT_3D('',#4903,#4904,#4905);
#4903 = CARTESIAN_POINT('',(41.5,-5.389417145877,38.739110991547));
#4904 = DIRECTION('',(2.898263678387E-17,-0.13052619222,-0.991444861374)
  );
#4905 = DIRECTION('',(2.201449825487E-16,-0.991444861374,0.13052619222)
  );
#4906 = ADVANCED_FACE('',(#4907),#4918,.T.);
#4907 = FACE_BOUND('',#4908,.T.);
#4908 = EDGE_LOOP('',(#4909,#4910,#4916,#4917));
#4909 = ORIENTED_EDGE('',*,*,#1302,.F.);
#4910 = ORIENTED_EDGE('',*,*,#4911,.T.);
#4911 = EDGE_CURVE('',#1295,#2547,#4912,.T.);
#4912 = LINE('',#4913,#4914);
#4913 = CARTESIAN_POINT('',(41.5,-8.3,25.78));
#4914 = VECTOR('',#4915,1.);
#4915 = DIRECTION('',(1.,0.,-2.22044604925E-16));
#4916 = ORIENTED_EDGE('',*,*,#2554,.T.);
#4917 = ORIENTED_EDGE('',*,*,#4877,.F.);
#4918 = PLANE('',#4919);
#4919 = AXIS2_PLACEMENT_3D('',#4920,#4921,#4922);
#4920 = CARTESIAN_POINT('',(41.5,-8.3,25.78));
#4921 = DIRECTION('',(0.,-2.22044604925E-16,1.));
#4922 = DIRECTION('',(-2.22044604925E-16,1.,0.));
#4923 = ADVANCED_FACE('',(#4924),#4935,.T.);
#4924 = FACE_BOUND('',#4925,.T.);
#4925 = EDGE_LOOP('',(#4926,#4927,#4928,#4929));
#4926 = ORIENTED_EDGE('',*,*,#1190,.F.);
#4927 = ORIENTED_EDGE('',*,*,#4896,.T.);
#4928 = ORIENTED_EDGE('',*,*,#2442,.T.);
#4929 = ORIENTED_EDGE('',*,*,#4930,.F.);
#4930 = EDGE_CURVE('',#1191,#2443,#4931,.T.);
#4931 = LINE('',#4932,#4933);
#4932 = CARTESIAN_POINT('',(41.5,-8.3,38.78));
#4933 = VECTOR('',#4934,1.);
#4934 = DIRECTION('',(1.,0.,-2.22044604925E-16));
#4935 = PLANE('',#4936);
#4936 = AXIS2_PLACEMENT_3D('',#4937,#4938,#4939);
#4937 = CARTESIAN_POINT('',(41.5,-5.7,38.78));
#4938 = DIRECTION('',(0.,2.22044604925E-16,-1.));
#4939 = DIRECTION('',(2.22044604925E-16,-1.,0.));
#4940 = ADVANCED_FACE('',(#4941),#4952,.T.);
#4941 = FACE_BOUND('',#4942,.T.);
#4942 = EDGE_LOOP('',(#4943,#4944,#4950,#4951));
#4943 = ORIENTED_EDGE('',*,*,#1294,.F.);
#4944 = ORIENTED_EDGE('',*,*,#4945,.T.);
#4945 = EDGE_CURVE('',#1287,#2539,#4946,.T.);
#4946 = LINE('',#4947,#4948);
#4947 = CARTESIAN_POINT('',(41.5,-8.610582854123,25.820889008453));
#4948 = VECTOR('',#4949,1.);
#4949 = DIRECTION('',(1.,0.,-2.22044604925E-16));
#4950 = ORIENTED_EDGE('',*,*,#2546,.T.);
#4951 = ORIENTED_EDGE('',*,*,#4911,.F.);
#4952 = PLANE('',#4953);
#4953 = AXIS2_PLACEMENT_3D('',#4954,#4955,#4956);
#4954 = CARTESIAN_POINT('',(41.5,-8.610582854123,25.820889008453));
#4955 = DIRECTION('',(-2.898263678387E-17,0.13052619222,0.991444861374)
  );
#4956 = DIRECTION('',(-2.201449825487E-16,0.991444861374,-0.13052619222)
  );
#4957 = ADVANCED_FACE('',(#4958),#4969,.T.);
#4958 = FACE_BOUND('',#4959,.T.);
#4959 = EDGE_LOOP('',(#4960,#4961,#4962,#4963));
#4960 = ORIENTED_EDGE('',*,*,#1198,.F.);
#4961 = ORIENTED_EDGE('',*,*,#4930,.T.);
#4962 = ORIENTED_EDGE('',*,*,#2450,.T.);
#4963 = ORIENTED_EDGE('',*,*,#4964,.F.);
#4964 = EDGE_CURVE('',#1199,#2451,#4965,.T.);
#4965 = LINE('',#4966,#4967);
#4966 = CARTESIAN_POINT('',(41.5,-8.610582854123,38.739110991547));
#4967 = VECTOR('',#4968,1.);
#4968 = DIRECTION('',(1.,0.,-2.22044604925E-16));
#4969 = PLANE('',#4970);
#4970 = AXIS2_PLACEMENT_3D('',#4971,#4972,#4973);
#4971 = CARTESIAN_POINT('',(41.5,-8.3,38.78));
#4972 = DIRECTION('',(-2.898263678387E-17,0.13052619222,-0.991444861374)
  );
#4973 = DIRECTION('',(2.201449825487E-16,-0.991444861374,-0.13052619222)
  );
#4974 = ADVANCED_FACE('',(#4975),#4986,.T.);
#4975 = FACE_BOUND('',#4976,.T.);
#4976 = EDGE_LOOP('',(#4977,#4978,#4984,#4985));
#4977 = ORIENTED_EDGE('',*,*,#1286,.F.);
#4978 = ORIENTED_EDGE('',*,*,#4979,.T.);
#4979 = EDGE_CURVE('',#1279,#2531,#4980,.T.);
#4980 = LINE('',#4981,#4982);
#4981 = CARTESIAN_POINT('',(41.5,-8.9,25.940769515459));
#4982 = VECTOR('',#4983,1.);
#4983 = DIRECTION('',(1.,0.,-2.22044604925E-16));
#4984 = ORIENTED_EDGE('',*,*,#2538,.T.);
#4985 = ORIENTED_EDGE('',*,*,#4945,.F.);
#4986 = PLANE('',#4987);
#4987 = AXIS2_PLACEMENT_3D('',#4988,#4989,#4990);
#4988 = CARTESIAN_POINT('',(41.5,-8.9,25.940769515459));
#4989 = DIRECTION('',(-8.497279155086E-17,0.382683432365,0.923879532511)
  );
#4990 = DIRECTION('',(-2.051424657948E-16,0.923879532511,-0.382683432365
    ));
#4991 = ADVANCED_FACE('',(#4992),#5003,.T.);
#4992 = FACE_BOUND('',#4993,.T.);
#4993 = EDGE_LOOP('',(#4994,#4995,#4996,#4997));
#4994 = ORIENTED_EDGE('',*,*,#1206,.F.);
#4995 = ORIENTED_EDGE('',*,*,#4964,.T.);
#4996 = ORIENTED_EDGE('',*,*,#2458,.T.);
#4997 = ORIENTED_EDGE('',*,*,#4998,.F.);
#4998 = EDGE_CURVE('',#1207,#2459,#4999,.T.);
#4999 = LINE('',#5000,#5001);
#5000 = CARTESIAN_POINT('',(41.5,-8.9,38.619230484541));
#5001 = VECTOR('',#5002,1.);
#5002 = DIRECTION('',(1.,0.,-2.22044604925E-16));
#5003 = PLANE('',#5004);
#5004 = AXIS2_PLACEMENT_3D('',#5005,#5006,#5007);
#5005 = CARTESIAN_POINT('',(41.5,-8.610582854123,38.739110991547));
#5006 = DIRECTION('',(-8.497279155086E-17,0.382683432365,-0.923879532511
    ));
#5007 = DIRECTION('',(2.051424657948E-16,-0.923879532511,-0.382683432365
    ));
#5008 = ADVANCED_FACE('',(#5009),#5020,.T.);
#5009 = FACE_BOUND('',#5010,.T.);
#5010 = EDGE_LOOP('',(#5011,#5012,#5018,#5019));
#5011 = ORIENTED_EDGE('',*,*,#1278,.F.);
#5012 = ORIENTED_EDGE('',*,*,#5013,.T.);
#5013 = EDGE_CURVE('',#1271,#2523,#5014,.T.);
#5014 = LINE('',#5015,#5016);
#5015 = CARTESIAN_POINT('',(41.5,-9.148528137424,26.131471862576));
#5016 = VECTOR('',#5017,1.);
#5017 = DIRECTION('',(1.,0.,-2.22044604925E-16));
#5018 = ORIENTED_EDGE('',*,*,#2530,.T.);
#5019 = ORIENTED_EDGE('',*,*,#4979,.F.);
#5020 = PLANE('',#5021);
#5021 = AXIS2_PLACEMENT_3D('',#5022,#5023,#5024);
#5022 = CARTESIAN_POINT('',(41.5,-9.148528137424,26.131471862576));
#5023 = DIRECTION('',(-1.351721909978E-16,0.608761429009,0.793353340291)
  );
#5024 = DIRECTION('',(-1.761598290109E-16,0.793353340291,-0.608761429009
    ));
#5025 = ADVANCED_FACE('',(#5026),#5037,.T.);
#5026 = FACE_BOUND('',#5027,.T.);
#5027 = EDGE_LOOP('',(#5028,#5029,#5030,#5031));
#5028 = ORIENTED_EDGE('',*,*,#1214,.F.);
#5029 = ORIENTED_EDGE('',*,*,#4998,.T.);
#5030 = ORIENTED_EDGE('',*,*,#2466,.T.);
#5031 = ORIENTED_EDGE('',*,*,#5032,.F.);
#5032 = EDGE_CURVE('',#1215,#2467,#5033,.T.);
#5033 = LINE('',#5034,#5035);
#5034 = CARTESIAN_POINT('',(41.5,-9.148528137424,38.428528137424));
#5035 = VECTOR('',#5036,1.);
#5036 = DIRECTION('',(1.,0.,-2.22044604925E-16));
#5037 = PLANE('',#5038);
#5038 = AXIS2_PLACEMENT_3D('',#5039,#5040,#5041);
#5039 = CARTESIAN_POINT('',(41.5,-8.9,38.619230484541));
#5040 = DIRECTION('',(-1.351721909978E-16,0.608761429009,-0.793353340291
    ));
#5041 = DIRECTION('',(1.761598290109E-16,-0.793353340291,-0.608761429009
    ));
#5042 = ADVANCED_FACE('',(#5043),#5054,.T.);
#5043 = FACE_BOUND('',#5044,.T.);
#5044 = EDGE_LOOP('',(#5045,#5046,#5052,#5053));
#5045 = ORIENTED_EDGE('',*,*,#1270,.F.);
#5046 = ORIENTED_EDGE('',*,*,#5047,.T.);
#5047 = EDGE_CURVE('',#1263,#2515,#5048,.T.);
#5048 = LINE('',#5049,#5050);
#5049 = CARTESIAN_POINT('',(41.5,-9.339230484541,26.38));
#5050 = VECTOR('',#5051,1.);
#5051 = DIRECTION('',(1.,0.,-2.22044604925E-16));
#5052 = ORIENTED_EDGE('',*,*,#2522,.T.);
#5053 = ORIENTED_EDGE('',*,*,#5013,.F.);
#5054 = PLANE('',#5055);
#5055 = AXIS2_PLACEMENT_3D('',#5056,#5057,#5058);
#5056 = CARTESIAN_POINT('',(41.5,-9.339230484541,26.38));
#5057 = DIRECTION('',(-1.761598290109E-16,0.793353340291,0.608761429009)
  );
#5058 = DIRECTION('',(-1.351721909978E-16,0.608761429009,-0.793353340291
    ));
#5059 = ADVANCED_FACE('',(#5060),#5071,.T.);
#5060 = FACE_BOUND('',#5061,.T.);
#5061 = EDGE_LOOP('',(#5062,#5063,#5064,#5065));
#5062 = ORIENTED_EDGE('',*,*,#1222,.F.);
#5063 = ORIENTED_EDGE('',*,*,#5032,.T.);
#5064 = ORIENTED_EDGE('',*,*,#2474,.T.);
#5065 = ORIENTED_EDGE('',*,*,#5066,.F.);
#5066 = EDGE_CURVE('',#1223,#2475,#5067,.T.);
#5067 = LINE('',#5068,#5069);
#5068 = CARTESIAN_POINT('',(41.5,-9.339230484541,38.18));
#5069 = VECTOR('',#5070,1.);
#5070 = DIRECTION('',(1.,0.,-2.22044604925E-16));
#5071 = PLANE('',#5072);
#5072 = AXIS2_PLACEMENT_3D('',#5073,#5074,#5075);
#5073 = CARTESIAN_POINT('',(41.5,-9.148528137424,38.428528137424));
#5074 = DIRECTION('',(-1.761598290109E-16,0.793353340291,-0.608761429009
    ));
#5075 = DIRECTION('',(1.351721909978E-16,-0.608761429009,-0.793353340291
    ));
#5076 = ADVANCED_FACE('',(#5077),#5088,.T.);
#5077 = FACE_BOUND('',#5078,.T.);
#5078 = EDGE_LOOP('',(#5079,#5080,#5086,#5087));
#5079 = ORIENTED_EDGE('',*,*,#1262,.F.);
#5080 = ORIENTED_EDGE('',*,*,#5081,.T.);
#5081 = EDGE_CURVE('',#1255,#2507,#5082,.T.);
#5082 = LINE('',#5083,#5084);
#5083 = CARTESIAN_POINT('',(41.5,-9.459110991547,26.669417145877));
#5084 = VECTOR('',#5085,1.);
#5085 = DIRECTION('',(1.,0.,-2.22044604925E-16));
#5086 = ORIENTED_EDGE('',*,*,#2514,.T.);
#5087 = ORIENTED_EDGE('',*,*,#5047,.F.);
#5088 = PLANE('',#5089);
#5089 = AXIS2_PLACEMENT_3D('',#5090,#5091,#5092);
#5090 = CARTESIAN_POINT('',(41.5,-9.459110991547,26.669417145877));
#5091 = DIRECTION('',(-2.051424657948E-16,0.923879532511,0.382683432365)
  );
#5092 = DIRECTION('',(-8.497279155086E-17,0.382683432365,-0.923879532511
    ));
#5093 = ADVANCED_FACE('',(#5094),#5105,.T.);
#5094 = FACE_BOUND('',#5095,.T.);
#5095 = EDGE_LOOP('',(#5096,#5097,#5098,#5099));
#5096 = ORIENTED_EDGE('',*,*,#1230,.F.);
#5097 = ORIENTED_EDGE('',*,*,#5066,.T.);
#5098 = ORIENTED_EDGE('',*,*,#2482,.T.);
#5099 = ORIENTED_EDGE('',*,*,#5100,.F.);
#5100 = EDGE_CURVE('',#1231,#2483,#5101,.T.);
#5101 = LINE('',#5102,#5103);
#5102 = CARTESIAN_POINT('',(41.5,-9.459110991547,37.890582854123));
#5103 = VECTOR('',#5104,1.);
#5104 = DIRECTION('',(1.,0.,-2.22044604925E-16));
#5105 = PLANE('',#5106);
#5106 = AXIS2_PLACEMENT_3D('',#5107,#5108,#5109);
#5107 = CARTESIAN_POINT('',(41.5,-9.339230484541,38.18));
#5108 = DIRECTION('',(-2.051424657948E-16,0.923879532511,-0.382683432365
    ));
#5109 = DIRECTION('',(8.497279155086E-17,-0.382683432365,-0.923879532511
    ));
#5110 = ADVANCED_FACE('',(#5111),#5122,.T.);
#5111 = FACE_BOUND('',#5112,.T.);
#5112 = EDGE_LOOP('',(#5113,#5114,#5120,#5121));
#5113 = ORIENTED_EDGE('',*,*,#1254,.F.);
#5114 = ORIENTED_EDGE('',*,*,#5115,.T.);
#5115 = EDGE_CURVE('',#1247,#2499,#5116,.T.);
#5116 = LINE('',#5117,#5118);
#5117 = CARTESIAN_POINT('',(41.5,-9.5,26.98));
#5118 = VECTOR('',#5119,1.);
#5119 = DIRECTION('',(1.,0.,-2.22044604925E-16));
#5120 = ORIENTED_EDGE('',*,*,#2506,.T.);
#5121 = ORIENTED_EDGE('',*,*,#5081,.F.);
#5122 = PLANE('',#5123);
#5123 = AXIS2_PLACEMENT_3D('',#5124,#5125,#5126);
#5124 = CARTESIAN_POINT('',(41.5,-9.5,26.98));
#5125 = DIRECTION('',(-2.201449825487E-16,0.991444861374,0.13052619222)
  );
#5126 = DIRECTION('',(-2.898263678387E-17,0.13052619222,-0.991444861374)
  );
#5127 = ADVANCED_FACE('',(#5128),#5139,.T.);
#5128 = FACE_BOUND('',#5129,.T.);
#5129 = EDGE_LOOP('',(#5130,#5131,#5132,#5133));
#5130 = ORIENTED_EDGE('',*,*,#1238,.F.);
#5131 = ORIENTED_EDGE('',*,*,#5100,.T.);
#5132 = ORIENTED_EDGE('',*,*,#2490,.T.);
#5133 = ORIENTED_EDGE('',*,*,#5134,.F.);
#5134 = EDGE_CURVE('',#1239,#2491,#5135,.T.);
#5135 = LINE('',#5136,#5137);
#5136 = CARTESIAN_POINT('',(41.5,-9.5,37.58));
#5137 = VECTOR('',#5138,1.);
#5138 = DIRECTION('',(1.,0.,-2.22044604925E-16));
#5139 = PLANE('',#5140);
#5140 = AXIS2_PLACEMENT_3D('',#5141,#5142,#5143);
#5141 = CARTESIAN_POINT('',(41.5,-9.459110991547,37.890582854123));
#5142 = DIRECTION('',(-2.201449825487E-16,0.991444861374,-0.13052619222)
  );
#5143 = DIRECTION('',(2.898263678387E-17,-0.13052619222,-0.991444861374)
  );
#5144 = ADVANCED_FACE('',(#5145),#5151,.T.);
#5145 = FACE_BOUND('',#5146,.T.);
#5146 = EDGE_LOOP('',(#5147,#5148,#5149,#5150));
#5147 = ORIENTED_EDGE('',*,*,#1246,.F.);
#5148 = ORIENTED_EDGE('',*,*,#5134,.T.);
#5149 = ORIENTED_EDGE('',*,*,#2498,.T.);
#5150 = ORIENTED_EDGE('',*,*,#5115,.F.);
#5151 = PLANE('',#5152);
#5152 = AXIS2_PLACEMENT_3D('',#5153,#5154,#5155);
#5153 = CARTESIAN_POINT('',(41.5,-9.5,37.58));
#5154 = DIRECTION('',(-2.22044604925E-16,1.,0.));
#5155 = DIRECTION('',(0.,2.22044604925E-16,-1.));
#5156 = ADVANCED_FACE('',(#5157),#5168,.F.);
#5157 = FACE_BOUND('',#5158,.F.);
#5158 = EDGE_LOOP('',(#5159,#5160,#5166,#5167));
#5159 = ORIENTED_EDGE('',*,*,#2610,.F.);
#5160 = ORIENTED_EDGE('',*,*,#5161,.F.);
#5161 = EDGE_CURVE('',#1359,#2611,#5162,.T.);
#5162 = LINE('',#5163,#5164);
#5163 = CARTESIAN_POINT('',(41.5,-0.5,44.877));
#5164 = VECTOR('',#5165,1.);
#5165 = DIRECTION('',(1.,0.,0.));
#5166 = ORIENTED_EDGE('',*,*,#1358,.T.);
#5167 = ORIENTED_EDGE('',*,*,#5161,.T.);
#5168 = CYLINDRICAL_SURFACE('',#5169,1.1);
#5169 = AXIS2_PLACEMENT_3D('',#5170,#5171,#5172);
#5170 = CARTESIAN_POINT('',(41.5,-0.5,43.777));
#5171 = DIRECTION('',(1.,0.,0.));
#5172 = DIRECTION('',(-0.,0.,1.));
#5173 = ADVANCED_FACE('',(#5174),#5182,.T.);
#5174 = FACE_BOUND('',#5175,.T.);
#5175 = EDGE_LOOP('',(#5176,#5177,#5178,#5179,#5180,#5181));
#5176 = ORIENTED_EDGE('',*,*,#987,.T.);
#5177 = ORIENTED_EDGE('',*,*,#4318,.T.);
#5178 = ORIENTED_EDGE('',*,*,#2239,.F.);
#5179 = ORIENTED_EDGE('',*,*,#2248,.F.);
#5180 = ORIENTED_EDGE('',*,*,#4243,.F.);
#5181 = ORIENTED_EDGE('',*,*,#996,.T.);
#5182 = CYLINDRICAL_SURFACE('',#5183,11.5);
#5183 = AXIS2_PLACEMENT_3D('',#5184,#5185,#5186);
#5184 = CARTESIAN_POINT('',(40.5,0.,0.));
#5185 = DIRECTION('',(1.,0.,0.));
#5186 = DIRECTION('',(-0.,0.,1.));
#5187 = ( GEOMETRIC_REPRESENTATION_CONTEXT(3) 
GLOBAL_UNCERTAINTY_ASSIGNED_CONTEXT((#5191)) 
GLOBAL_UNIT_ASSIGNED_CONTEXT((#5188,#5189,#5190)) REPRESENTATION_CONTEXT
('Context #1','3D Context with UNIT and UNCERTAINTY') );
#5188 = ( LENGTH_UNIT() NAMED_UNIT(*) SI_UNIT(.MILLI.,.METRE.) );
#5189 = ( NAMED_UNIT(*) PLANE_ANGLE_UNIT() SI_UNIT($,.RADIAN.) );
#5190 = ( NAMED_UNIT(*) SI_UNIT($,.STERADIAN.) SOLID_ANGLE_UNIT() );
#5191 = UNCERTAINTY_MEASURE_WITH_UNIT(LENGTH_MEASURE(1.E-07),#5188,
  'distance_accuracy_value','confusion accuracy');
#5192 = PRODUCT_RELATED_PRODUCT_CATEGORY('part',$,(#7));
ENDSEC;
END-ISO-10303-21;
