file,bytes,sha256
01 See the robot/Inside the robot.png,130658,9e2e5d7f07bc4ef121f8ec18a89971f866ba34b2420a72497945a8c03284cd47
01 See the robot/Published assembly mesh.json,4694864,24c63efeb8577d57f47eb3b2bcde618fb13ec1f85655af28c0203623284b75c8
01 See the robot/Recorded simulation - sitstand.mp4,893753,9ba689c1c94f7985f4f454d3a51f3f18bd911e8845c0596eb28b557b4f9dd676
01 See the robot/Recorded simulation - stand.mp4,450018,fd262aac87429bd3d716796e31cc9a0c95e1dc78f76a933064f1fc7fcb65b092
01 See the robot/Recorded simulation - walk.mp4,1503288,1225b2106bde01460b6f5e259eaf5a61c8abe7ba9cd9639396c8935eb981c3c0
01 See the robot/Separated pieces.png,208924,fb6eaf6630b3dccf3841a06b558ba107c7819dede829ea78631f852b977ed56f
01 See the robot/Turn the robot around.html,4701819,ba53611a14b61d1d073718f7bf8f513f5b1786d6c3d9649a930122dd7dad3c4d
01 See the robot/Whole robot - view only.stl,9575484,86a9e1d8f4435a00f74075f26ec762c95306701bf3230237d5d6cf1e9f1f8a3a
01 See the robot/Whole robot export.json,204,cb700a30c134928fc467e5751c542747080b8e5d310a0df0af62821e7708b2a0
01 See the robot/Whole robot.png,145804,2f996288dabaa08867f59a216c18d0ae6962b35d284079a4d45d7b7a5b1d164a
01 See the robot/assembly-now.png,255484,3fa1e8e33fc7429a1e863011e5a1474e97a0d5f8c64cab1ac9c96c14f057705f
01 See the robot/duck-now_front.png,97150,7d79d3e2a49d49facde82f5c86f8de83bd169f88e721314640fcdd5eece3afa7
01 See the robot/duck-now_iso.png,225380,1c32eab646e488527767f4920a036ecedbf863125839c375ac940eb3d7a70cdc
01 See the robot/duck-now_left.png,81394,0fd4756ffd0a6fcfe0be9456e96295210b6bdb1a5b9cbb55e5394c66dc000e20
02 Look at the parts/01 Ankle Left/Ankle Left.stl,248984,141894853652315a34d9604dc07469efba23e762439ce9559d2fbe7eceb11a47
02 Look at the parts/01 Ankle Left/Drawings and details/microduck-ankle-left-ref.png,60420,3efb3350222fc8bd39d4040f09e76bc4667dfd0506349b03e4358f9be1e38a2e
02 Look at the parts/01 Ankle Left/Drawings and details/microduck-ankle-left-sheet.png,383498,821b54dbbb3448cc7a43f0f976b23aee884d49792b1fb5f740f5d8ce2002a2c9
02 Look at the parts/01 Ankle Left/Drawings and details/microduck-ankle-left.dxf,217890,894f3190ca11cf74f812b86a09f5843119697d53060d15ec0685d1194b6b1469
02 Look at the parts/01 Ankle Left/Drawings and details/microduck-ankle-left.pdf,99352,f880ba491d3e3f7f08dce15b1ff90596c66ddcc823f8729588838c13e4a766c4
02 Look at the parts/01 Ankle Left/Drawings and details/microduck-ankle-left.svg,253138,8e6481fb8f06420e2e7b90b167b57994513ac947edba3c830bad806bd2ee4911
02 Look at the parts/01 Ankle Left/Drawings and details/result.json,5461,a7bfcbebaea66e8891dfcf4e85f74c33e8ff1bc9c637fc06a3be46a13b657133
02 Look at the parts/01 Ankle Left/Drawings and details/sheetcheck-edges.json,167,99df37184d52bd1ba5c2c9d0c1685f408f1b65688323bcd097eececfe9f6db2d
02 Look at the parts/01 Ankle Left/Drawings and details/sheetcheck-solid.json,23723,d9cf4558d7bceb19c7fe754ae20cae20bb5aa6df8aa43461a5f1abbcc3b0bb90
02 Look at the parts/01 Ankle Left/Look at this part.html,770681,cf42af488eb46543705b6bb8e19af0453592fef4a463255afe9e6894c1d57e04
02 Look at the parts/01 Ankle Left/Part picture.png,72563,cedad833467ee7201485f4b7def1b5ba52c2a85874312c5206c1a5507762fa25
02 Look at the parts/01 Ankle Left/READ ME.txt,327,070e38dede9e167d95e1d0b16b4b8b57da849877823b17ab8f26dd268a9550ae
02 Look at the parts/02 Ankle Right/Ankle Right.stl,248884,ce7a6c206ef2ccba050c0fb6f728010ff68b6d945c5b709bc1d6ce5ce74f9437
02 Look at the parts/02 Ankle Right/Drawings and details/microduck-ankle-right-ref.png,67773,b0f1ac5b18fcd9ca81ced114bdfdd4e9517072bfc91bca30a0be0f863ced6b1b
02 Look at the parts/02 Ankle Right/Drawings and details/microduck-ankle-right-sheet.png,405930,85903de8acda329091ee290d181b09a3b81351ac66daaa9774f65d0880196839
02 Look at the parts/02 Ankle Right/Drawings and details/microduck-ankle-right.dxf,229943,d1d2c8ca01b49326e91f4ba94ee7be96ff2fd27924f7d415eb354f78f0f44d94
02 Look at the parts/02 Ankle Right/Drawings and details/microduck-ankle-right.pdf,106887,4a075da9a536dc0f7f7e081bab11c6c592ef867118e49f499b78a23c30261ff9
02 Look at the parts/02 Ankle Right/Drawings and details/microduck-ankle-right.svg,271962,92d1b4ea7d000ad3e36dc8023206ec5911c3448401d7784c12371a02a3445bd3
02 Look at the parts/02 Ankle Right/Drawings and details/result.json,5435,f5f1fa395085b8bd44240165e90a5ba9e426cba8162770e8cf1aff52d5a5c6d6
02 Look at the parts/02 Ankle Right/Drawings and details/sheetcheck-edges.json,168,81471d609071c29e2178e47186641f74538b99c28cce2c829f02efc36f5ac1ac
02 Look at the parts/02 Ankle Right/Drawings and details/sheetcheck-solid.json,23739,c1ff6c8f06d8c8fdf7691f5307be5b9e1d874df3cf15c3bce1202c82ebcf6c8c
02 Look at the parts/02 Ankle Right/Look at this part.html,785431,865dc832cfdde3c46fc2f7a834fc23dcf3199f7e8b06f935f6756f37d696f6e1
02 Look at the parts/02 Ankle Right/Part picture.png,58945,35c7fb79af07c6c94264eadf4e5adfcf19f15676bfe8f8b4e8a79c88fabeb7ba
02 Look at the parts/02 Ankle Right/READ ME.txt,328,8f89d479271f9513e02003c6f17447652bf90eadfe034b854c93bb140b4a330f
02 Look at the parts/03 Banana Pcb Locker/Banana Pcb Locker.stl,65884,84623b8df65dfce30b24053ec439ded90f3bde67310772e117fb71bf74a1317d
02 Look at the parts/03 Banana Pcb Locker/Drawings and details/microduck-banana-pcb-locker-ref.png,22607,21274b4e05acd1b22685ad185e26455366f4f1647e71e5dd96b80462c3d6f6fd
02 Look at the parts/03 Banana Pcb Locker/Drawings and details/microduck-banana-pcb-locker-render1.png,16124,fba68c44c501acc7148aac31e48ad2927e33f25cf46076212f3961770f491336
02 Look at the parts/03 Banana Pcb Locker/Drawings and details/microduck-banana-pcb-locker-render2.png,25061,839a548b6c74900d32cd4daa245bff9c5b45510b0efc43831db31721b3ee41cd
02 Look at the parts/03 Banana Pcb Locker/Drawings and details/microduck-banana-pcb-locker-render3.png,21590,dcc4976c7ca73a6b564f33293900c14431fb29e874443d719435ec94e9dcec38
02 Look at the parts/03 Banana Pcb Locker/Drawings and details/microduck-banana-pcb-locker-render4.png,17338,ef8f610acf6141c128ec7b6fe25b9e318fd24a41eefa38574a574a48338af815
02 Look at the parts/03 Banana Pcb Locker/Drawings and details/microduck-banana-pcb-locker-render5.png,7552,c0f2a2c1721f18467aec1e338187e2c691af56ef596b47269cd90bf2d69b5bd2
02 Look at the parts/03 Banana Pcb Locker/Drawings and details/microduck-banana-pcb-locker-render6.png,6904,fe167967e33d24db250d8457e73662f4dab80c325ddbe27dfae0bbaa85924403
02 Look at the parts/03 Banana Pcb Locker/Drawings and details/microduck-banana-pcb-locker-sheet.png,262965,dcc8936d1596d9748c7bad20693d1a720ef2823bf1ec489c0e9eb7d1c30b525a
02 Look at the parts/03 Banana Pcb Locker/Drawings and details/microduck-banana-pcb-locker.dxf,91986,f74c93760cee692b3466c491aa85802c96a50e0b622968f7d70e767e71136396
02 Look at the parts/03 Banana Pcb Locker/Drawings and details/microduck-banana-pcb-locker.pdf,47028,8757e695cd77a2f93e5f88f0376961107a78b0652a8b696c6823378d6e4dc70c
02 Look at the parts/03 Banana Pcb Locker/Drawings and details/microduck-banana-pcb-locker.svg,208344,535488ede3503ae7a3c901f7857c9871723a1a31692b5da5563499cea6bb7f6d
02 Look at the parts/03 Banana Pcb Locker/Drawings and details/result.json,22702,312adb413aba1f696a5e1e141763908b27a5204296d9c05a31292217216b6b24
02 Look at the parts/03 Banana Pcb Locker/Drawings and details/sheetcheck-edges.json,173,e2451bae504f6b9940956326430911a712f3719d332a9f7cf2dbea37e65774dd
02 Look at the parts/03 Banana Pcb Locker/Drawings and details/sheetcheck-solid.json,9058,7a28058d27da5b46fb9d7931b6d974d7574fd9984c576f84e4ea4e478368fa42
02 Look at the parts/03 Banana Pcb Locker/Look at this part.html,173188,e37b3512793e7fcefc668bea6f4274cb51b340348201748127880cc93674b489
02 Look at the parts/03 Banana Pcb Locker/Part picture.png,19928,60b10fc2ced485a42c47cedccdbc9a9161e7923ba3925cc019045bb233028969
02 Look at the parts/03 Banana Pcb Locker/READ ME.txt,338,4b97960d796533bce488712cf5c35acd9eadfe13b7ada2616921b3038d6aa969
02 Look at the parts/04 Bearing Roll/Bearing Roll.stl,297884,70a52b19aac4fa1ee7001d51522c1293eccabc9b0045799c365da06a9128f7ab
02 Look at the parts/04 Bearing Roll/Drawings and details/microduck-bearing-roll-ref.png,25259,15475dc851f61931fbdc276b5ccc0c7d693bffed66337cd7d4a4a79be364d805
02 Look at the parts/04 Bearing Roll/Drawings and details/microduck-bearing-roll-sheet.png,311926,227a42731fa6f94c066594fb38ad0d5e22b1374459f6eebe3288893e9294d915
02 Look at the parts/04 Bearing Roll/Drawings and details/microduck-bearing-roll.dxf,73863,524f5e634593242a05a6f51da01c8b4e37f1ceeed230255c9854393b6300ccce
02 Look at the parts/04 Bearing Roll/Drawings and details/microduck-bearing-roll.pdf,37270,979540151560d1cb02f80c1583b463df88fb5806b72d97cf6035fdd07fd35778
02 Look at the parts/04 Bearing Roll/Drawings and details/microduck-bearing-roll.svg,101127,a3dcf4f53de835ae7109e3c1122c033b8748f390989faebca4a9c0e3cdc242b1
02 Look at the parts/04 Bearing Roll/Drawings and details/result.json,9514,bd6ea80b4274eb2b36884f77b6e1c9c85756b69238aade21e2da5cf3a28edc87
02 Look at the parts/04 Bearing Roll/Drawings and details/sheetcheck-edges.json,168,67be02ee3b6ac138476cfef784b3da60cd127b99212af034e70e29c3135c5954
02 Look at the parts/04 Bearing Roll/Drawings and details/sheetcheck-solid.json,9614,36e145d06859c26b4bf393b995343a42f809eae4cd1a0b46f677b3141bf51b14
02 Look at the parts/04 Bearing Roll/Look at this part.html,840229,908d177d4685426c39e72a03cd510c4d1b9388a3e12f529e2b95100131cc7480
02 Look at the parts/04 Bearing Roll/Part picture.png,33323,eeee952e4eb903f48bbbe4431b2520a743ed24da3d77d6aa7e41b9a73e2424a8
02 Look at the parts/04 Bearing Roll/READ ME.txt,333,a97a56148302bee258fe5f8fd16b0dc9cf6eec5dbb24cbbe3102d9218fb6ff66
02 Look at the parts/05 Bottom Head Shell/Bottom Head Shell.stl,1048584,cd5ce2d8dad5ab78cb31e648a3f3f2320c312856f0c23d484f265091109b892f
02 Look at the parts/05 Bottom Head Shell/Drawings and details/result.json,1110,b734e43fb6b755128a7b8c9b3eecaac46085007809fb9f1f876922c2aeb371d5
02 Look at the parts/05 Bottom Head Shell/Look at this part.html,3448841,0cd0bca4c63005a50e4c33879bfa251b71e72c773135605bdfd78fe34e7eb0a7
02 Look at the parts/05 Bottom Head Shell/Part picture.png,94426,a598c46be0a3c0c846508892d92d534dad6b13dcda0bd73509cf4713090c353f
02 Look at the parts/05 Bottom Head Shell/READ ME.txt,334,daa26804f2f2ba1474044d8d80b94ed57204a841bfb025b3397c54b759155fe6
02 Look at the parts/06 Eye Ring/Drawings and details/microduck-eye-ring-sheet.png,402184,1c5e96d8f50441ff6b78d15e007f847595d80e68743a0fd06ab59c237bc89259
02 Look at the parts/06 Eye Ring/Drawings and details/microduck-eye-ring.dxf,9954,a988484a2acd6f9a30535ef8dd5499a477244267439d3f9db46415cd4fc1246d
02 Look at the parts/06 Eye Ring/Drawings and details/microduck-eye-ring.svg,257106,eff19edbaad4bebcf17036eec1b53efb2358a499945cb9b4ced1898f9a396962
02 Look at the parts/06 Eye Ring/Drawings and details/result.json,4661,8899bcbd4f666aa234213025ce7167debc97876de41c7a506e010fe8d8ffd30d
02 Look at the parts/06 Eye Ring/Drawings and details/sheetcheck-edges.json,166,1d1293edf4c0e240e4890a6afdb2fcd5dc17919f131f2ca4c8dc6f8fd18ba9a9
02 Look at the parts/06 Eye Ring/Drawings and details/sheetcheck-solid.json,6730,54580ccf7b0a5cc9f4522ea3cb49e09b5c40c93e64cf026dd614a6782e068398
02 Look at the parts/06 Eye Ring/Eye Ring.stl,49284,13c46603c2d039a0459854ea4250943dc6ae0bfd2e868fb986d376c64606a172
02 Look at the parts/06 Eye Ring/Look at this part.html,142173,3169394bfe494763fbd981c7018b4da140f9484e387b3a4f2eb5edb23ba08161
02 Look at the parts/06 Eye Ring/Part picture.png,49295,b80ba2ececbc5908ae1ffb2adbdbaa1dc0cb9acaef77a26d3c3b4f46d6292be5
02 Look at the parts/06 Eye Ring/READ ME.txt,325,d85f1bd30e782fa7fbd12e3ad9f3593d172ec5a6c80861c2d390833753887364
02 Look at the parts/07 Face Part/Drawings and details/result.json,1054,ef3a5cff32749c48b7ee846b6b5a9824f1c5708c91b69757b6ca0f72d9aa14a9
02 Look at the parts/07 Face Part/Face Part.stl,570684,6c4d2efd9338e99f2f2afc88d0c05f1ec202899f68c9b0a4dc20f731343db6fa
02 Look at the parts/07 Face Part/Look at this part.html,1608228,c14687f235eb3ce6991250a3e461e4107ddd7f3a19a6ab85a2c0cad638d05c91
02 Look at the parts/07 Face Part/Part picture.png,76788,1b9d9f4c382787dca7299859d1eac3eacebc2b496908ae229566c1072f96eb13
02 Look at the parts/07 Face Part/READ ME.txt,326,186007d57b8098d21f811841e01ca681b7bed7f1890a41b93fcc3f19354783c2
02 Look at the parts/08 Foot Left/Drawings and details/microduck-foot-left-ref.png,59032,a9d8c76cb56df51ed488a8d0187136d543b2c078ab080b202a311dce06420236
02 Look at the parts/08 Foot Left/Drawings and details/microduck-foot-left-sheet.png,575583,bb650808bda48a5ceb96f827a665624bc44695b0f2da04b35a9c6461bcd5bdb3
02 Look at the parts/08 Foot Left/Drawings and details/microduck-foot-left.dxf,840803,685336bd26684b2c59b4b458660708a6a873a783c9369c3b32c9404df4040c4e
02 Look at the parts/08 Foot Left/Drawings and details/microduck-foot-left.pdf,369715,f850a80aa617419bc2f2a85db40aa65ded5dbdbc26a866ec1e32c26f23276f66
02 Look at the parts/08 Foot Left/Drawings and details/microduck-foot-left.svg,705223,5157af8a7e5419c47e2815055e45e8c4a4498d683a6107b8ed0d184e7b628ae5
02 Look at the parts/08 Foot Left/Drawings and details/result.json,5839,254729eceb95171388b16a2a8d72be3a8403f857ffc0aed67e99eaeed0b45397
02 Look at the parts/08 Foot Left/Drawings and details/sheetcheck-edges.json,168,87493ddb5104efee7e89ea1a392002c747c4c66d6f61dd007cc2ef727244d8e7
02 Look at the parts/08 Foot Left/Drawings and details/sheetcheck-solid.json,5160,8792ad084ff7b648a53e3b9ac01951859e628938bbc0108b7a8a10333676e716
02 Look at the parts/08 Foot Left/Foot Left.stl,996184,be1dc67c01b67ab8f162852fa24f834ba8342c9ce62318bf97f2586a32045994
02 Look at the parts/08 Foot Left/Look at this part.html,3325549,3d277d7f3d9dee4a6738a32313a638a7caa0ee9b9ad83a3597f5cc508974e466
02 Look at the parts/08 Foot Left/Part picture.png,71696,893953111382c4eecffafdddc166df0cb983536236a3564e368aac671ec1912c
02 Look at the parts/08 Foot Left/READ ME.txt,329,29d08905a54f7a88a8979bca25909c74de2695097bf15f0130c76bc176b9088d
02 Look at the parts/09 Foot Right/Drawings and details/microduck-foot-right-ref.png,59333,b216f3801c463b2277f307c654c067079da2e29365af69f6887d0232e0cae24c
02 Look at the parts/09 Foot Right/Drawings and details/microduck-foot-right-sheet.png,585736,0f5cbb8e5228a63ba5f7878bf05829c4b84b63d88d84ce953977277a05b6cc3a
02 Look at the parts/09 Foot Right/Drawings and details/microduck-foot-right.dxf,856020,58fb23f7b33ae019ac489950e201ae42dc0e4f0f9c7070960765de3f2e39ef6c
02 Look at the parts/09 Foot Right/Drawings and details/microduck-foot-right.pdf,376501,757492dcf0bd1616b164173060bf887f5933c1a1b7d1ad0f6a72f01caa51d9af
02 Look at the parts/09 Foot Right/Drawings and details/microduck-foot-right.svg,717123,68dd1c4ce4d884b49eb3a962fd4b1d00f41d281b48d40400aa061b849680d7eb
02 Look at the parts/09 Foot Right/Drawings and details/result.json,5812,bc342a105ac98972edd378aed8e54fcbccc4568fd63a70b3cd66908fdbfe320a
02 Look at the parts/09 Foot Right/Drawings and details/sheetcheck-edges.json,169,cd379a22853846f9126ee29ecd42a8279550b0e351f174288fef4ac4f6d564e5
02 Look at the parts/09 Foot Right/Drawings and details/sheetcheck-solid.json,5167,54ac9f68c7291cfd0fc337f47796748a17b11b8701b29e8a90a038516297b840
02 Look at the parts/09 Foot Right/Foot Right.stl,995784,c7e8cadc101fd7dcbd07cbcc3da16deb305dbd18cd87abadc022f36f5f129506
02 Look at the parts/09 Foot Right/Look at this part.html,3384399,2da690b6e44f4339383141bb4c6a07c61ddbf9f804b577580580491f6e0937d8
02 Look at the parts/09 Foot Right/Part picture.png,70195,d7d3179eff06e870c6473cee6df1bfa22d20cce7f6b00aa8e63c531c8fdfe761
02 Look at the parts/09 Foot Right/READ ME.txt,330,d270eeffb46655ab9b805beb5f68cfd811422c31891c11515d19f7ac6c036d3b
02 Look at the parts/10 Hip Bracket/Drawings and details/microduck-hip-bracket-ref.png,96793,b7dc92087eca72f49e2f619c82e35bb2e8c865108d1c56812e77ef966bcd4b03
02 Look at the parts/10 Hip Bracket/Drawings and details/microduck-hip-bracket-sheet.png,475706,016e63564ef266c44ce7e4d7dcd6e06f3ecef3e73944eaa31a22b0abf882bc37
02 Look at the parts/10 Hip Bracket/Drawings and details/microduck-hip-bracket.dxf,276822,d96672a490f329067daf657fae3744ade4d36e497e68b4eef09c6e3a04fda170
02 Look at the parts/10 Hip Bracket/Drawings and details/microduck-hip-bracket.pdf,123915,405e685398a299e7ce022f3d798214c77877a07c1dc0bd358643a81b8f83cabd
02 Look at the parts/10 Hip Bracket/Drawings and details/microduck-hip-bracket.svg,347264,2a0e5de5e447fdda9d4eaa37bf6eede7a2d6081d8110e283c1d6429e3516ad2c
02 Look at the parts/10 Hip Bracket/Drawings and details/result.json,18552,0cc58e3a36a2715232b02438d67a770bc8fd6149ac41227430130b19dd66757c
02 Look at the parts/10 Hip Bracket/Drawings and details/sheetcheck-edges.json,168,4d37a217640f076d71908549921280f3b26c1c4c765fa7333ceb894fde15c4a7
02 Look at the parts/10 Hip Bracket/Drawings and details/sheetcheck-solid.json,27327,f2244a76ed7c714190d52f79df4b1e60a6a9c359623107b215b2403b753a4b1f
02 Look at the parts/10 Hip Bracket/Hip Bracket.stl,1048584,348285e229d766143c4840c2b436c83e95efca8dad0e0672c5b681d73fb038d0
02 Look at the parts/10 Hip Bracket/Look at this part.html,3294321,ebb5cd88917ff625a297d27f3d2f61b86e8fc89a841f94698506d0a9551f2f3a
02 Look at the parts/10 Hip Bracket/Part picture.png,101617,461130a95574c349af562921e827b88e7eaabc7da534e89d7395799ee84b0225
02 Look at the parts/10 Hip Bracket/READ ME.txt,330,5bb71432a7ba2efbc02ba5a2a2097baa415fd9d0f910fd6f3a993bca3625478b
02 Look at the parts/11 Jaw/Drawings and details/microduck-jaw-sheet.png,331224,951c821b4bdf4b0af091815aa804faf0328886fbc1f9dca208d3c971ff9d0c4a
02 Look at the parts/11 Jaw/Drawings and details/microduck-jaw.dxf,9934,6a5e99154ffae4b9863ce6488f52e9a86b8711c8381827a98afab6d6cf08c466
02 Look at the parts/11 Jaw/Drawings and details/microduck-jaw.svg,177757,f9d27d0a5cdfc14233c05721aca738ed9562e7ca74e665187423a299d40e7cbd
02 Look at the parts/11 Jaw/Drawings and details/result.json,4549,92543c52dc079e5e92325d0bc0b7bf7e0befdb3aac952a78354b3801b30768b7
02 Look at the parts/11 Jaw/Drawings and details/sheetcheck-edges.json,163,dad93bb49e04640691971ac2b34bdbe7e10280999236ed218efa9b055a5c4489
02 Look at the parts/11 Jaw/Drawings and details/sheetcheck-solid.json,13820,9ad8a474e2ff62f8a7c2cc200009d758b932cd57cf5a9de87d7018a7fe2b25bf
02 Look at the parts/11 Jaw/Jaw.stl,495984,a4b37c1a2634aead48768ea0e641a6eaa1237c62b77088f1994ecff6d48f226e
02 Look at the parts/11 Jaw/Look at this part.html,1614400,223e9c11cc2134279f08de23b48579b9697bc7a44f547890871de6657d40e945
02 Look at the parts/11 Jaw/Part picture.png,79765,a5fa404223b218839d106e78961a8daef80f0f4f266c384c226fc3eaab7d9515
02 Look at the parts/11 Jaw/READ ME.txt,325,2ab2a13cb9b90a3cb58b9cb2e2d71807eaf190d4ca9aef127c9e1f2ad9fdb72b
02 Look at the parts/12 Jaw Soft/Drawings and details/microduck-jaw-soft-sheet.png,307679,24f43b42a37b5d288c29f40d98019f88bdca511d7b19fc29a72e216419fc26bd
02 Look at the parts/12 Jaw Soft/Drawings and details/microduck-jaw-soft.dxf,9958,018839eee1d74fac9e443635fc5f608ae01ff7818f9fd51dfce40b48e941cbc1
02 Look at the parts/12 Jaw Soft/Drawings and details/microduck-jaw-soft.svg,114726,12995c638fac84d4a7703f7811ad03a54cd4b32f19f5d2a973c5cba5ef9f34c7
02 Look at the parts/12 Jaw Soft/Drawings and details/result.json,4625,3a4b0d2c8aa0491b5f6de048a269269c8267e4655e130d50e4d696b78a082429
02 Look at the parts/12 Jaw Soft/Drawings and details/sheetcheck-edges.json,168,6ba34cff74ad7f5300efa731aa5c7c934e9460007a964da51590fee33f279eb3
02 Look at the parts/12 Jaw Soft/Drawings and details/sheetcheck-solid.json,3128,c88a799623ad7d2e06f11e0ee3ecc76c573d37ac32bf538934e084362c4a3ef2
02 Look at the parts/12 Jaw Soft/Jaw Soft.stl,336384,8f8cf932458f37ca85cdebea4e5f84bc39f10dd18853323df013b649f8d03d1d
02 Look at the parts/12 Jaw Soft/Look at this part.html,1161709,bbfbc800656c2d9c7f5090ba0a64d6bf67e1e2867d25e3041a8c08173005b528
02 Look at the parts/12 Jaw Soft/Part picture.png,34802,0959d184820ae33dc23f2ff9ec06344638f378ea868bad62f506c299ea15d4cb
02 Look at the parts/12 Jaw Soft/READ ME.txt,330,c58fc859a045bf34dc46ea14bda70906bf9816fec5ba3d57616242ae02fb3b45
02 Look at the parts/13 M12 Lens Holder/Drawings and details/result.json,1096,95c2b7ed7db4e51cda789bf0a1f2e750ee058c0fa3101210f7fe668e52b45418
02 Look at the parts/13 M12 Lens Holder/Look at this part.html,1808193,05a848057f4a15f7372c6908dd9fae2cb1152884c215b468c18955a4268de671
02 Look at the parts/13 M12 Lens Holder/M12 Lens Holder.stl,549684,7c2c5bcd7ab59acb1928573c2604f7517ad479c1e0830682bc2d8b4e523e14e5
02 Look at the parts/13 M12 Lens Holder/Part picture.png,101847,e11371d1ba2cc51cc14677adaec53f9be0eadbf9877299cd96a9aec04afb66c1
02 Look at the parts/13 M12 Lens Holder/READ ME.txt,334,a781dac423af26793d325f316575d6d1fab70b8b7de3cbd1c4dedad839ac3b91
02 Look at the parts/14 Motor Support/Drawings and details/microduck-motor-support-ref.png,53317,b6e8af5c19c53940a6ffa9904c915a066a629385811edff2490855fe47acd08b
02 Look at the parts/14 Motor Support/Drawings and details/microduck-motor-support-sheet.png,405923,bc76c4507d7a1ed6bd957650555f1078d57e3961d06f8f96111289e19a55b7b5
02 Look at the parts/14 Motor Support/Drawings and details/microduck-motor-support.dxf,487196,728807a8b0c12eab8eb77c8b14e4e573d047160017ec8738013f081ebcee7e3c
02 Look at the parts/14 Motor Support/Drawings and details/microduck-motor-support.pdf,204429,c1361d83d9b49d3a83c82f18f9dbb7b16b64f8300e2fe74b6ebefbbd4a104682
02 Look at the parts/14 Motor Support/Drawings and details/microduck-motor-support.svg,440204,a26ee4c5af562379d3dde039eb9bff0101c862a5916a3402acea059a17bc7be6
02 Look at the parts/14 Motor Support/Drawings and details/result.json,4213,5d221fd7df58fa64f1e2d1d7bfc14e239c3c1b3e2815d2ddbe0588408b5b408e
02 Look at the parts/14 Motor Support/Drawings and details/sheetcheck-edges.json,171,818cc9892a744373db57698fbf244a3edf9ed39f601e31d155b36efc80be2ecd
02 Look at the parts/14 Motor Support/Drawings and details/sheetcheck-solid.json,9916,d4f4cc52556637982eae58fa43f61941dca7940e48b44abe9e546589535f7968
02 Look at the parts/14 Motor Support/Look at this part.html,568749,a4aa1416ebd3d69a440ed1fe41f5849fcde23d37af672a5a9202f351a043ecaa
02 Look at the parts/14 Motor Support/Motor Support.stl,180884,8d81adb6ad3e5465617f2df16e345c2dcd4c8fb89b971012f93713c0c7b60516
02 Look at the parts/14 Motor Support/Part picture.png,36384,91d8147355d378c64690cf5b93229a7a08c52a71e259f74563fa1fce78b381b6
02 Look at the parts/14 Motor Support/READ ME.txt,335,748806e641abc9a755091f12ef542e43b8ac08210f81e25ef9c57796e36db6f0
02 Look at the parts/15 Neck Pitch Bracket/Drawings and details/microduck-neck-pitch-bracket-ref.png,67084,27757c4aa78698350e39c6d88c65ae9824372083d6f9e87c9d6a9c97c6c6f591
02 Look at the parts/15 Neck Pitch Bracket/Drawings and details/microduck-neck-pitch-bracket-sheet.png,316739,99fa2dd36897735fda8e50a0a61922cd6656f00192b9a1a58252368a1f55db22
02 Look at the parts/15 Neck Pitch Bracket/Drawings and details/microduck-neck-pitch-bracket.dxf,126588,4d740fe1a6b25692c640825cb5c137221a12eb10b041f51fef3e4fbc8b9baa9f
02 Look at the parts/15 Neck Pitch Bracket/Drawings and details/microduck-neck-pitch-bracket.pdf,60990,7a7a0fe7189c418b2c709b637dd4c4ccaabc2b672b550308a90d103d3b2e90ad
02 Look at the parts/15 Neck Pitch Bracket/Drawings and details/microduck-neck-pitch-bracket.svg,195214,ec177390fc201abe15b3d7fdf1a0a38b66b6961c8d7873bc2ce201de94cfc505
02 Look at the parts/15 Neck Pitch Bracket/Drawings and details/result.json,5488,017441c5ea0071c7f9defc4b551c3798c4763c81763e961384b3df96d41a770c
02 Look at the parts/15 Neck Pitch Bracket/Drawings and details/sheetcheck-edges.json,175,eed740a65209c7272e6b4106f9e731b1c527031f9df5fac8d0319aa1a557c17d
02 Look at the parts/15 Neck Pitch Bracket/Drawings and details/sheetcheck-solid.json,26627,f6a84add813545d2d3cc2914e81a7acea85722eed0800d656d65511721d97163
02 Look at the parts/15 Neck Pitch Bracket/Look at this part.html,998562,4f22b54c602a9653b207ebc2d64d9229c2f913db71f316c618c402ad27232a87
02 Look at the parts/15 Neck Pitch Bracket/Neck Pitch Bracket.stl,356084,2223b69a18e34dcc624be0312b7388efa8df3d6165b7b11f19223dbd3e8ad604
02 Look at the parts/15 Neck Pitch Bracket/Part picture.png,55078,199a7f4e9a27effba3c732d6d7deaf8aed42300a3e3d55a3ab0eec10e177ed8b
02 Look at the parts/15 Neck Pitch Bracket/READ ME.txt,340,bd64e5777184846ff79f63426aff7f1d2fb49c25620d8521d9472e486c585e3a
02 Look at the parts/16 Neck Plate/Drawings and details/microduck-neck-plate-ref.png,40528,3ab56e3453beee593fbc7c674714f2a0b26fefa74659be16239f3c78d9c966e4
02 Look at the parts/16 Neck Plate/Drawings and details/microduck-neck-plate-sheet.png,232013,b039875d611171b38dc4c2aec3810ab11ea53bdd7c3ac87af4640d7e811c1f9f
02 Look at the parts/16 Neck Plate/Drawings and details/microduck-neck-plate.dxf,68531,a259c228fa5ae45dcc88191a9e10d424f8519b5e08a4d70d05f3df0e6aba298f
02 Look at the parts/16 Neck Plate/Drawings and details/microduck-neck-plate.pdf,29760,e899e08ef77de80ec198ba1702446f06366e76570ed09993b9c9000515375da0
02 Look at the parts/16 Neck Plate/Drawings and details/microduck-neck-plate.svg,113151,fadbb266b91e09418f87bc85a5e8324ab78aae5471ffeca7e956deb06edafc76
02 Look at the parts/16 Neck Plate/Drawings and details/result.json,4530,e0e100cc031fd1a3f7881ff3654b3df0e41dbaf7a65f420950e51b8b60bdb32b
02 Look at the parts/16 Neck Plate/Drawings and details/sheetcheck-edges.json,166,b5ce650927460357a15b2139f81507ed12023a6bdae0ac5efa48954473a738e2
02 Look at the parts/16 Neck Plate/Drawings and details/sheetcheck-solid.json,6368,4d6cbf465ca379ae4d98ccd04a566cce0dc2f7e062281c0c088664900215bf08
02 Look at the parts/16 Neck Plate/Look at this part.html,178176,527d4338419f3478136cf9b09202d15bf743c9b8ac74ebfc81cb50e46bb50dcf
02 Look at the parts/16 Neck Plate/Neck Plate.stl,73484,9540ab71c115e02ee3d5755eb2e161dc73bc7495fec72f3e28d04ad9e23c11a6
02 Look at the parts/16 Neck Plate/Part picture.png,32618,e2b69ea68c32b309c96f8e355a8206ebc1e4034e390a35a4093c9bb440a2079d
02 Look at the parts/16 Neck Plate/READ ME.txt,332,e73aa8e42c9f0ec4136c64e7f8edfa328774a8990ffd1081afa04e4ee0c19d6e
02 Look at the parts/17 Power Support/Drawings and details/microduck-power-support-mfg.dxf,194831,25f6c75ae6a6f093aad6c5081be8a89cfa2674a30bee95f40998253932a24187
02 Look at the parts/17 Power Support/Drawings and details/microduck-power-support-mfg.pdf,90279,70ca32b35204e0ffe6f38590303d1f5a6b5d0753ed1fa06fac24d387025b7239
02 Look at the parts/17 Power Support/Drawings and details/microduck-power-support-mfg.svg,152935,b5d9d4a7b024398bcf1465610d944141634609d00350ff4c1eaad866da3444bc
02 Look at the parts/17 Power Support/Drawings and details/microduck-power-support-ref.png,41697,09427f8533373606f7c9b930bd6c7662411975d89a9806d1672a1314347c603f
02 Look at the parts/17 Power Support/Drawings and details/microduck-power-support-sheet.png,311673,b876ea12272080cfa717646cd588e33b3324b865a1237ecc3d96832d53e04b41
02 Look at the parts/17 Power Support/Drawings and details/microduck-power-support.dxf,374574,85d6cfa38180accc8d6d1fdbcea6758a0fd223131d6ddf22dff65bdab22949c9
02 Look at the parts/17 Power Support/Drawings and details/microduck-power-support.pdf,175159,10a25659745edc6d35158de03d3611ccebb7eff9af7faca437e9867c9602682d
02 Look at the parts/17 Power Support/Drawings and details/microduck-power-support.svg,346124,e92e4191a1a656f18664634dc3eaa1e31f4d6eca4fa230ead2c2a58002886d31
02 Look at the parts/17 Power Support/Drawings and details/result.json,9605,861beb844498f674d7b2b5588a01f96950787f2c13ee527758cfe3be68188fe9
02 Look at the parts/17 Power Support/Drawings and details/sheetcheck-edges.json,171,2816c9e90c89afc3162b6a4d3f71756214064b8f00c9ab98b54231201b2f4f7f
02 Look at the parts/17 Power Support/Drawings and details/sheetcheck-solid.json,60758,d1c63269c73d57fe9614ca3e17fb51835e228649e6555d49b7dcbe301b352e15
02 Look at the parts/17 Power Support/Look at this part.html,1856103,f98179b38c9a6294bc8f096857e2c25dcce5b038227533ebeda88ac70f5be3a8
02 Look at the parts/17 Power Support/Part picture.png,52110,2e9ffc4a9c3064583975508b21959df878348efb5510ef372617ac412a85d1ad
02 Look at the parts/17 Power Support/Power Support.stl,633284,d73e5121519b2b49efda903fc1641bd2e3897481f4462788c24f23e2d6a63dad
02 Look at the parts/17 Power Support/READ ME.txt,336,591b06271b0fe54e99703f217715d46d1f77668877786f4513b76df5228b0ed5
02 Look at the parts/18 Shin/Drawings and details/checkpoint-files-2026-09-08.json,9975,8e3426cf7838d53823b5d39bd68312b7c00248d1c221d2a6e2870313ed52858e
02 Look at the parts/18 Shin/Drawings and details/iteration-2026-09-08.png,133950,4cad394dd9e0e7a30ed5bf21aef0b787af8d8f8c202258fb5da3f8956d1f5be5
02 Look at the parts/18 Shin/Drawings and details/layout-evidence.json,38732,c8ddc96b8a2b90219b7489ace7d29095db7d71facc7e2730b148ba8f02ee749f
02 Look at the parts/18 Shin/Drawings and details/microduck-shin-pdf-readback.png,595881,cf9724934cd8a91a71ba4616dffb5c85bdc6cee3fadab88288e961095e9b5d99
02 Look at the parts/18 Shin/Drawings and details/microduck-shin-ref.png,51240,8f93e08d9883e36b7badbe42f758a33d2cd09943c1cf2c0f507a75a66b402425
02 Look at the parts/18 Shin/Drawings and details/microduck-shin-render1.png,29832,b67be34771e842f4b1b92d615bbc81bb73a1df615f1ea6b81d32d19bfa7b7b7d
02 Look at the parts/18 Shin/Drawings and details/microduck-shin-render2.png,54753,d026f1c3c00ee2bc28a008f8d2d1e0b7c57fd575857439eb749788e791ed98b9
02 Look at the parts/18 Shin/Drawings and details/microduck-shin-render3.png,54799,6868ddf416168b5369db324a280f1868f8937f891c1d7744b0518e3d8025dbd7
02 Look at the parts/18 Shin/Drawings and details/microduck-shin-render4.png,38815,67e82de9292ac8ca2d2e0c46e2eaf25fb6bd58bd2dd3a93db0343f06d81cc12a
02 Look at the parts/18 Shin/Drawings and details/microduck-shin-render5.png,16110,f856500779ada310fe81b177b08336380c7e3d10a62dce2a2e2f3487739b194a
02 Look at the parts/18 Shin/Drawings and details/microduck-shin-render6.png,17024,fc8c045fc44ca134af3fdbd925a346cf8a3a15fc8f7b9aea418b0a5ee12327d7
02 Look at the parts/18 Shin/Drawings and details/microduck-shin-sheet.png,475791,bcb76e2fcdd8d95c7edb2ed561d774934e3832b0b4fcebfb44f7adf0939d73dd
02 Look at the parts/18 Shin/Drawings and details/microduck-shin.dxf,142923,2158ee5f8e4068cb6a1b9ef9657b43e33bc83d53bd5352c732f8c1543866652a
02 Look at the parts/18 Shin/Drawings and details/microduck-shin.pdf,615078,c90e8dbdbceb98477bfc192804362de0b7fe1385297b2e72130a57fc4c7a6e25
02 Look at the parts/18 Shin/Drawings and details/microduck-shin.svg,950876,ea2c81522424a322d0cc8ffb9368883a7965710b88fd4a3c900aa2fbfe26f70e
02 Look at the parts/18 Shin/Drawings and details/pdf-readback.json,99,c2641cc589c52558d2409504d2fdc7f35c4a12ce781898612025092a5df7d8a9
02 Look at the parts/18 Shin/Drawings and details/radius-locator-candidates.json,32699,9921ebd5396891276ba2460d627dbede1ef4b7e21d22b8f4ce1f00eb31ad7e02
02 Look at the parts/18 Shin/Drawings and details/radius-locators.json,62798,960896d42d283e82ea49db373eb428ae873c93b50aa796b5d32466cc433ca0a7
02 Look at the parts/18 Shin/Drawings and details/regression-groove.dxf,12008,b471c62d05427d1b36b01b157b0efa0bd7eca15fc07e906e0432e1c2239e0579
02 Look at the parts/18 Shin/Drawings and details/regression-groove.pdf,7683,a0cf60684ed22d64ec766e97b9578142090dd30a1fae27b45e1f1ec945f2f28f
02 Look at the parts/18 Shin/Drawings and details/regression-groove.svg,13308,c963a64334ce384233ac92b1bb9e9ac4abb7a3f6a96800764b4eca689a25c7a8
02 Look at the parts/18 Shin/Drawings and details/render-1.png,116906,8a9fea86ecdebed537207e6b3ecd50931e767510ef7c3cebf69efad70caa5680
02 Look at the parts/18 Shin/Drawings and details/render-2.png,155571,5656d0d4b4ef0027c2e4f524eab6cbfe1747b825eef8e56a0d632a481499cb0e
02 Look at the parts/18 Shin/Drawings and details/render-3.png,152922,4f00a24a005b6428bae8231fdfa9ec43e2f61991e21e25043ff038359525550f
02 Look at the parts/18 Shin/Drawings and details/render-4.png,132818,705afe27b9e9064894a6aab7722510d2fbf75a1094a04ce0a3ef5cce667b6b29
02 Look at the parts/18 Shin/Drawings and details/render-5.png,27440,4cc700153dfebbce7ba285eea66ad03cffa986cf57159115164710a0245ef56f
02 Look at the parts/18 Shin/Drawings and details/render-6.png,28258,1f7db453239d486c541cb0fe8a7f654b828581ff1c4a4f1b347d7c4e471ccf15
02 Look at the parts/18 Shin/Drawings and details/render-scale-readback.json,201,513d4cff449f1c98a1055ffeb852085998a3cb246e5907407526fd08a1f9f427
02 Look at the parts/18 Shin/Drawings and details/result.json,7387,a28c0cb4f5a9491fdfb3b0030ae96056e7457eace4e50267a39315fd26fdb751
02 Look at the parts/18 Shin/Drawings and details/sheet.png,475791,bcb76e2fcdd8d95c7edb2ed561d774934e3832b0b4fcebfb44f7adf0939d73dd
02 Look at the parts/18 Shin/Drawings and details/sheetcheck-current.json,35185,2c9edc20615a3cadcf87222638c13efee3ff5093cb5dcc370834d2df00ffd1e3
02 Look at the parts/18 Shin/Drawings and details/sheetcheck-edges.json,161,aeb47206260909d068409a6d41f2d42d02d33148f5048c80162d8c4266a6262b
02 Look at the parts/18 Shin/Drawings and details/sheetcheck-solid.json,30956,4e601b00ac3e5608c5fde0cc128ce826d5258aa9e45e8fca307c5e5e463484d1
02 Look at the parts/18 Shin/Drawings and details/sheetcheck.json,35185,2c9edc20615a3cadcf87222638c13efee3ff5093cb5dcc370834d2df00ffd1e3
02 Look at the parts/18 Shin/Look at this part.html,1621621,489233e37879a46f4f1bb9c0e9a011c9a65e405a0f9cebbe35db363e5bf883cf
02 Look at the parts/18 Shin/Part picture.png,39121,c4c8574003a28b7419fcdbd0ebe11d3ee083e5230c97e61ac377ee69be4eb123
02 Look at the parts/18 Shin/READ ME.txt,327,03157f71087444943dd635a0e6d4339103f5eacbd543354ded99fae0b89daee4
02 Look at the parts/18 Shin/Shin.stl,527684,57931737819396d4d2fb8cb932a812c5083d51f16e8093fa7a35bd7429c8f418
02 Look at the parts/19 Soft Mouth Top/Drawings and details/microduck-soft-mouth-top-sheet.png,274495,eae12d1cd801cf07c3744034d8c24b9550c2cd51c17bdc3edf1e399f52e5d4c6
02 Look at the parts/19 Soft Mouth Top/Drawings and details/microduck-soft-mouth-top.dxf,9986,52ae58b31d6f22ff4dc58b71d3bcfcabc7ee3fe970dea91ee087a1cff904ade8
02 Look at the parts/19 Soft Mouth Top/Drawings and details/microduck-soft-mouth-top.svg,76876,f6027115396ff4025bb688f14e96ffd35cd9142ec7fbd9b70bc616d6c3681fc5
02 Look at the parts/19 Soft Mouth Top/Drawings and details/result.json,4717,78843e2ace80955c3ac2a7d29cd0c91dd72a4340a4c237f8ff27f8afade2c868
02 Look at the parts/19 Soft Mouth Top/Drawings and details/sheetcheck-edges.json,174,66f6f6441cb6a9cc38c9243beb0766d66dead7a04531b31684dde9f3404ba6f7
02 Look at the parts/19 Soft Mouth Top/Drawings and details/sheetcheck-solid.json,3104,cf6be1e24966f920fd423fb40ac70b7be5ed58eb6e5fd4e6ff7f1e85efcd2aa8
02 Look at the parts/19 Soft Mouth Top/Look at this part.html,1358015,ab34856956517587adbe316eb91f9aaf7a16abfb73d9574530babd3ea3f0a6ba
02 Look at the parts/19 Soft Mouth Top/Part picture.png,25433,7f8f8707ef8e769ef4803631d579872d3822ea15d66388374032cfbd90aca2d1
02 Look at the parts/19 Soft Mouth Top/READ ME.txt,336,e0a9aabc7aac9bc194caa7798dc6cb1d6b90d373446912050188aaec4b4c01df
02 Look at the parts/19 Soft Mouth Top/Soft Mouth Top.stl,393584,edf85ad574f922d832ce403043200c837d8ee0382c0f34475a31423a8211eb53
02 Look at the parts/20 Sole Left/Drawings and details/microduck-sole-left-ref.png,50950,d15596a0b864c3552578c9c73b8d510ceaf3b1a4b37c9093fff9f7ff712b86f1
02 Look at the parts/20 Sole Left/Drawings and details/microduck-sole-left-sheet.png,420551,ab54be0678ac59c9cde35aa3abe728389fe69a7056f25eddab8fddebe65808e8
02 Look at the parts/20 Sole Left/Drawings and details/microduck-sole-left.dxf,11202,b9e7a6b7eb6e55f21a06bdc9de4c9770c2b7d8f4cb9302957e5c196003cfc68f
02 Look at the parts/20 Sole Left/Drawings and details/microduck-sole-left.pdf,326600,2fee512bdebe11ad72b62a1c7565286c2b7fbc2f61787154648540852c9618f5
02 Look at the parts/20 Sole Left/Drawings and details/microduck-sole-left.stl,546984,6750a2c6db6ee503a4c2035c52467899a1e27368b594a2f35804502e7a0192ea
02 Look at the parts/20 Sole Left/Drawings and details/microduck-sole-left.svg,216419,7e564aabe5e8959c881f7ceb1cea52550a44a8a13d292f599a81fe691f07d99c
02 Look at the parts/20 Sole Left/Drawings and details/result.json,5563,1494abfcac5b62c7ea1dac08d51b25fe62d34bd795772a54238d81d992e55d04
02 Look at the parts/20 Sole Left/Drawings and details/sheetcheck-edges.json,168,7f13ecb1a9a62846d9ab22e1d57ed5ea93ea71372b9ef98f752c3469e420d608
02 Look at the parts/20 Sole Left/Drawings and details/sheetcheck-solid.json,3923,c502e13d76716ac46cd1500ec7f867eebb3066a1bd7b12eb6511b604ebab21af
02 Look at the parts/20 Sole Left/Look at this part.html,2653197,e93039dee52bee8d9bfb1a908ba13579dcb3f3a07748084cfee32b4079608d1a
02 Look at the parts/20 Sole Left/Part picture.png,92701,cb5a150e8c16270621da35bf1569307b8600726ff476d7c2bb5694ff01d0b19f
02 Look at the parts/20 Sole Left/READ ME.txt,331,f80cf8de5dc5042c4513887054c7431fabc5c67166b96e17e009af6a6cc61725
02 Look at the parts/20 Sole Left/Sole Left.stl,789484,3d827d50dd4f57c240509470d66f4a8183c7cd86f901b21858d2c3a2a3f3367d
02 Look at the parts/21 Sole Right/Drawings and details/microduck-sole-right-ref.png,49736,ff306d1d1f67659b59aa97a5ab11d52fcb81337eedeb5835939db384de6d0c9e
02 Look at the parts/21 Sole Right/Drawings and details/microduck-sole-right-sheet.png,420130,4834416dddd8569cd7efac98686809b3db32cf31b5255a046f5bb73d6bacac6f
02 Look at the parts/21 Sole Right/Drawings and details/microduck-sole-right.dxf,11207,705132cf0ffbdc3374057ebe6d918cf7ac2d8454e3603c00edf84f4563c6aff5
02 Look at the parts/21 Sole Right/Drawings and details/microduck-sole-right.pdf,324675,76e583110d427e71b310884294de60c8138e170b6670c13e0fc63385fd597940
02 Look at the parts/21 Sole Right/Drawings and details/microduck-sole-right.stl,553384,c6d895c718917bc8f4150a3712eeeaabb30d5bcec1a3a48a1d46e03f2ddd47b9
02 Look at the parts/21 Sole Right/Drawings and details/microduck-sole-right.svg,214053,56f71e15f295b650f90583a9a408de6a7ba3de0e1ae09adbdede58e7a5cc0380
02 Look at the parts/21 Sole Right/Drawings and details/result.json,5540,51ce9509edef01936b544449c94e36818d4fa3bf437035cb13698795f93e3ccc
02 Look at the parts/21 Sole Right/Drawings and details/sheetcheck-edges.json,169,9d4c9afe27e7ce5dd5849597233e906903a555fcbbfc85858ba4fdbaa1c2a596
02 Look at the parts/21 Sole Right/Drawings and details/sheetcheck-solid.json,3927,ec5e3a9b22a959b6fa632040547d4b948333823d31f499354bdb5fd2a9e8b45a
02 Look at the parts/21 Sole Right/Look at this part.html,2718098,55fdfb3fd006454d384bf35af8a2827a8077dfa6b20c1e8048e9c18e656c5627
02 Look at the parts/21 Sole Right/Part picture.png,95019,bf8b8921f4a956a0f7e3d1a3d603e2a66455c5425977aee48079fc6ee245b4c2
02 Look at the parts/21 Sole Right/READ ME.txt,332,cc5f7589dfe639cb1d7146b939d36cecdb6b0db4d05f2185309a7249cc5da5ed
02 Look at the parts/21 Sole Right/Sole Right.stl,794484,596a105dc00a5782523ba3d27496c8956f5f7c6ff39836d40d1767806dbe273c
02 Look at the parts/22 Top Head Shell/Drawings and details/microduck-top-head-shell-sheet.png,449934,ba259d1b8db24eaf508660e41d79aa6964e5c39f10a025260c28872f3f322410
02 Look at the parts/22 Top Head Shell/Drawings and details/microduck-top-head-shell.dxf,9993,e6e9a365f965cd323c2e8e71807e511ea5976c90982a5776243692f0183aaa8b
02 Look at the parts/22 Top Head Shell/Drawings and details/microduck-top-head-shell.svg,417935,0006b710a53661cdd2e2dc17e59c248aba52fc95410adf28aa6f5520ab776f44
02 Look at the parts/22 Top Head Shell/Drawings and details/result.json,4729,1ebeda147093405dea82ab9a0a386a601174f8dc4f03ffcb21702b302264d89d
02 Look at the parts/22 Top Head Shell/Drawings and details/sheetcheck-edges.json,175,74b5c4589561d33f6a86de88e87a925e359d88e8151b3332cdeccd38a3b13966
02 Look at the parts/22 Top Head Shell/Drawings and details/sheetcheck-solid.json,10673,e94ef0bf284fb384d75ff04fdc2f4fbbf71b17ba536e1ebd16a6a16ffcd07f9c
02 Look at the parts/22 Top Head Shell/Look at this part.html,2632952,8ed3ef81e14006799e8ba2743b9bc0751f27bc626894851663133ed932061024
02 Look at the parts/22 Top Head Shell/Part picture.png,116549,04e606563ec827f6bd899fc832c2bd5b459ab8ad2a444d4c4aba5962206c3b76
02 Look at the parts/22 Top Head Shell/READ ME.txt,336,5001dea6b45c3df99cdc4df0a468d99a699312fe419ccb042b7f9db37de02630
02 Look at the parts/22 Top Head Shell/Top Head Shell.stl,806084,1aa9a34586a865386199990b566d4c413f16dedab8f833dcc5a4e2a7365c83f4
02 Look at the parts/23 Trunk Base/Drawings and details/microduck-trunk-base-ref.png,30962,414e107e4431231b5cd069149892a99b80506cc7c30707b1ddf80fa039f92807
02 Look at the parts/23 Trunk Base/Drawings and details/microduck-trunk-base-sheet.png,245867,3ebe2c000625e14670906be694f6a9bb180125ebb11a40966ba2006b2448d5e0
02 Look at the parts/23 Trunk Base/Drawings and details/microduck-trunk-base.dxf,81543,c20f8e361b97a2d5ebaf89f03cadb84df1d9e30f5ac1385cb1ec707c9b822004
02 Look at the parts/23 Trunk Base/Drawings and details/microduck-trunk-base.pdf,39417,020242d9ecc009bb6ffe216d366f68c279b1a69155caa35226d1a4705372a778
02 Look at the parts/23 Trunk Base/Drawings and details/microduck-trunk-base.svg,111647,a589562ea81fca3a62d6f9dd7f2d5ee07030c8971e7f7e548c8ebf21f7f2edee
02 Look at the parts/23 Trunk Base/Drawings and details/result.json,5959,f4f0c55f3256fa17ad2a8cdbb4744010bfbf0858ecc2f3eb8f8502ad813832c4
02 Look at the parts/23 Trunk Base/Drawings and details/sheetcheck-edges.json,166,e695eef3730d00979503748ea7ef8af2f6b3c02591cf86e4fe8e81247e1395e2
02 Look at the parts/23 Trunk Base/Drawings and details/sheetcheck-solid.json,10623,79809713b44d3a8f2729e319e3393634e2b348a20ceed78974deb20801c774eb
02 Look at the parts/23 Trunk Base/Look at this part.html,1425309,80fbc69f13e40753eef41aa3459e7275a5177bafff614a47950d0309d7f9de86
02 Look at the parts/23 Trunk Base/Part picture.png,32136,acede02229da2274015705317b131835f50f306a4d20d77d45807ab97c771995
02 Look at the parts/23 Trunk Base/READ ME.txt,333,51d09d7da4256a4912b75bed00e7cc20545a881fee56419f78d38392d539d4d1
02 Look at the parts/23 Trunk Base/Trunk Base.stl,494484,e0f49f9769ae901ec7d2884073f6d3b912d7e78abcd8602f48e785750dbfc454
02 Look at the parts/24 Trunk Shell Left/Look at this part.html,3470116,bc0969a8b5041ddd57863cf511f482bc7a9bffa19aab0c951255e947b1c91a58
02 Look at the parts/24 Trunk Shell Left/Part picture.png,82897,e93e8275dc74134f0ef33eeb7386147f3570d872178286b1291bc41c250b7c8b
02 Look at the parts/24 Trunk Shell Left/READ ME.txt,338,be78ffe12cfd70273b2c0fbbfc7708ed77c90c57f95b41ef8ec36bb2fe21d5a1
02 Look at the parts/24 Trunk Shell Left/Trunk Shell Left.stl,1048584,d8e4aa1fc6ab3b796857aae6ffcb301d7b9824f845f0ef9636a9d9212aa799df
02 Look at the parts/25 Trunk Shell Right/Look at this part.html,3543571,8d9399785425bb360a3d689c77f05158fa638789e9a933cebb6ad682513b3689
02 Look at the parts/25 Trunk Shell Right/Part picture.png,91981,ea94463eb62ea8b5438b13b8e8f3f39d786de664338fb54af29b52685ace304c
02 Look at the parts/25 Trunk Shell Right/READ ME.txt,339,8701419b9c29011ea01ff15448134ced7a8f10bdae2614a6a7bac1eb02fb66c6
02 Look at the parts/25 Trunk Shell Right/Trunk Shell Right.stl,1048584,da8636ed69f8bec0ddb6ff6d5e6e6f6e9782ca3582d4e5812916f36a3d04b2d1
02 Look at the parts/26 Upper Leg Left/Drawings and details/microduck-upper-leg-left-ref.png,39957,01fed77b6eefc299117aa4b1c7ea81f29a452daa85d61a2fa71130dc832f69fb
02 Look at the parts/26 Upper Leg Left/Drawings and details/microduck-upper-leg-left-sheet.png,458106,c72b77a3ea20f554129f8779fdb337c82bf03ee9253776fd41c646d08fcfbd35
02 Look at the parts/26 Upper Leg Left/Drawings and details/microduck-upper-leg-left.dxf,532612,74241c2cf5830c376c5db0d2e62bcdbe6a678a2ef3805ae28d890b47eecb6d22
02 Look at the parts/26 Upper Leg Left/Drawings and details/microduck-upper-leg-left.pdf,242394,f5fc204e07725633b223675e3e0d598565d92c83eff627fd98c115308f243c58
02 Look at the parts/26 Upper Leg Left/Drawings and details/microduck-upper-leg-left.svg,458188,01659f7284fae0bc0bbc313fc42ae337e176e62bd0c74d659cd9177b84aedcfb
02 Look at the parts/26 Upper Leg Left/Drawings and details/result.json,12423,1cc17dd3c9ebda0c3deabbd794a7a5f0e0f5fad521ea388ff554fc8dbef930cb
02 Look at the parts/26 Upper Leg Left/Drawings and details/sheetcheck-edges.json,172,74d8bb69517fd941486c999eef9b41b347a9b584d90a651dc9841c153f0a3486
02 Look at the parts/26 Upper Leg Left/Drawings and details/sheetcheck-solid.json,18006,ec6e3197631fe54a8cbb18f069663cd105aa517e4f14dd9b5807715ccd8b9546
02 Look at the parts/26 Upper Leg Left/Look at this part.html,3377070,827184a9da47241f086aa8779830ce3cc51bd993981c6b1654cd482575c76af9
02 Look at the parts/26 Upper Leg Left/Part picture.png,72265,6f48154e3828ceb297079d451da1cf9a700a241449c06f131763c3957536eb2e
02 Look at the parts/26 Upper Leg Left/READ ME.txt,337,60c13c02333de49f10f9548b69f79a57380159c3a680a9e07801239fe0e7b813
02 Look at the parts/26 Upper Leg Left/Upper Leg Left.stl,1108684,7f20e9d3eb04717da1b5d5e5a8c19636fcef0567832c2cd944608e5184ef1dc5
02 Look at the parts/27 Upper Leg Right/Drawings and details/microduck-upper-leg-right-ref.png,57448,dedc71b2ce29c57fc9bb2756b2b3dfb2435f9f9d57fccf93027b5904a0d7d3b4
02 Look at the parts/27 Upper Leg Right/Drawings and details/microduck-upper-leg-right-sheet.png,450098,9bdc754c1c72ba13873c21b8705fe0bf1ff8a5786dcb5f0fb5129de7693af8de
02 Look at the parts/27 Upper Leg Right/Drawings and details/microduck-upper-leg-right.dxf,523404,7dca1eb7d1686d2b5b2d28af15379bbab260ea49b27e0f7e590091fc29aac73c
02 Look at the parts/27 Upper Leg Right/Drawings and details/microduck-upper-leg-right.pdf,237397,0e5a5449fa148f9816741799c3b8e2c9174acc695a01b9783051da3aea38ea5c
02 Look at the parts/27 Upper Leg Right/Drawings and details/microduck-upper-leg-right.svg,474407,e39f53e691bf27397dc9166474d53061db8399683cd6999329248f8f97ce8215
02 Look at the parts/27 Upper Leg Right/Drawings and details/result.json,11893,96bbacec2012657cc4645efe6bf8c923b39c7f97c2464cb1274c84ad0183f89e
02 Look at the parts/27 Upper Leg Right/Drawings and details/sheetcheck-edges.json,173,024da320737c9af1762137178af05b421e02182bb40af86e1564fcf7eb20ca2d
02 Look at the parts/27 Upper Leg Right/Drawings and details/sheetcheck-solid.json,18018,071f1a9e3b6af20a329cfc5634fac808a628a1cfd3aef9b05f0f30e6cf5931bc
02 Look at the parts/27 Upper Leg Right/Look at this part.html,3443498,2da945d3d9867ee92fe4eac1e20e8256ddf6c1d0030647e15b387806866b2bff
02 Look at the parts/27 Upper Leg Right/Part picture.png,61483,e348bf6b9251bf58e609df48ef7db518b064e8bdd6ba6640c121b7a77e57fd48
02 Look at the parts/27 Upper Leg Right/READ ME.txt,338,4d0d6f7a391b2d1c6832b2e5278362e9cf7516c86316f2e1725e75c1a1f40c57
02 Look at the parts/27 Upper Leg Right/Upper Leg Right.stl,1108684,49789158c1b373a60c2132f93038d11a0c0ad165ee514602c8c58fece04912e3
02 Look at the parts/28 Upper Leg Rigidity Plate/Drawings and details/microduck-upper-leg-rigidity-plate-ref.png,42529,e71b0a7575a4609d48e63a7f754bccb199de9a03c4e05ce75c7e2a97ac8c8c4a
02 Look at the parts/28 Upper Leg Rigidity Plate/Drawings and details/microduck-upper-leg-rigidity-plate-sheet.png,322774,3156673510b15a326ca30a5315ef4045792360a7da6b6a34016f520e0c93431c
02 Look at the parts/28 Upper Leg Rigidity Plate/Drawings and details/microduck-upper-leg-rigidity-plate.dxf,85194,3050e9a7f2609f9771a90ecf4957af8b10f37578cab4114be69fa2fe493ba434
02 Look at the parts/28 Upper Leg Rigidity Plate/Drawings and details/microduck-upper-leg-rigidity-plate.pdf,43286,651556d8ea713e8aa231b8af14a6f76770684ad8290530e20ddd78618af0eb17
02 Look at the parts/28 Upper Leg Rigidity Plate/Drawings and details/microduck-upper-leg-rigidity-plate.svg,129652,3dd1879fe092d11cae55ee56d84372eb72a080a90b777769d87c0d2192060d4f
02 Look at the parts/28 Upper Leg Rigidity Plate/Drawings and details/result.json,20092,f6a601f2526ec1cb24dab267faee4c2954b32e20df6d47e1ec222bb022da9762
02 Look at the parts/28 Upper Leg Rigidity Plate/Drawings and details/sheetcheck-edges.json,181,035745ca3a56db463a3691d542a213054dbddd611317e620e668b9213e5648ae
02 Look at the parts/28 Upper Leg Rigidity Plate/Drawings and details/sheetcheck-solid.json,13762,4d4a801fde5424e22d45961d096b4df5d796447a164373fa80cb2e2311c61b7f
02 Look at the parts/28 Upper Leg Rigidity Plate/Look at this part.html,450612,96f4f7831ddc904c95b2a4c63eb2762c9164b76da5ef61889fd766e99fa5b0d4
02 Look at the parts/28 Upper Leg Rigidity Plate/Part picture.png,39729,61713135fe0fd516bfd4ff58865fa1ccaa939714c53750c0dd4fc8aba1be2287
02 Look at the parts/28 Upper Leg Rigidity Plate/READ ME.txt,343,11ea10316ba7e9668fc8f08dcfffee7eb413a0c9d9b0d89484c535aa5b778056
02 Look at the parts/28 Upper Leg Rigidity Plate/Upper Leg Rigidity Plate.stl,180084,1c34d8f65063fc307ec67e6cf1aae4f418fc61d9d930a5a2d2ed51514e72c4b3
02 Look at the parts/29 Yaw Roll Motion/Drawings and details/microduck-yaw-roll-motion-ref.png,65910,dcc86833a7ae2b304b42d5a7284506720ee93e44fc05ebc8dc21cd7534cfb25f
02 Look at the parts/29 Yaw Roll Motion/Drawings and details/microduck-yaw-roll-motion-sheet.png,439818,e093627c9f3d08719abbb0cfd55f89d14386acaf02049bb0b865726c8fd64d82
02 Look at the parts/29 Yaw Roll Motion/Drawings and details/microduck-yaw-roll-motion.dxf,190601,01eb5a9b636405d7a0fabda1447bac050abb2e19fa76028e97a231ca3c90c0c6
02 Look at the parts/29 Yaw Roll Motion/Drawings and details/microduck-yaw-roll-motion.pdf,90990,874510eddf61956a649542450ba8a1a041c8700f5d94e71aaad5683abf2045bc
02 Look at the parts/29 Yaw Roll Motion/Drawings and details/microduck-yaw-roll-motion.svg,242430,a8e46f9ff2c1ee273baaffe255ff58aaa405b02b1ea8e503682b8f1c622aa6d3
02 Look at the parts/29 Yaw Roll Motion/Drawings and details/result.json,9213,be76da47a8bcf1d80ad66a2ab531dc296d0612543964159f58c694f6c009d067
02 Look at the parts/29 Yaw Roll Motion/Drawings and details/sheetcheck-edges.json,172,30c159138b156b91893c8a57948673c928d437b449c98c60acd0d1b2661377bf
02 Look at the parts/29 Yaw Roll Motion/Drawings and details/sheetcheck-solid.json,22941,6691062e232bb0f8589f53f33eb1f7804a9e405a1d9e3ab7359d56e3809e577a
02 Look at the parts/29 Yaw Roll Motion/Look at this part.html,173315,8d4482de35caf9f26a5c5f09dca8516afa547e3d81aa92ff7bc6178905490c9f
02 Look at the parts/29 Yaw Roll Motion/Part picture.png,61224,d05c9abc87d1785a37684bebd74b5fce0300797d306ec2347c2ec77347de59b9
02 Look at the parts/29 Yaw Roll Motion/READ ME.txt,281,f86cc6068355f2c74dfe34a70981e0a75be250aa75711a22d92ea0679d7d6781
02 Look at the parts/29 Yaw Roll Motion/REPAIR.json,837,fc764be328fbcdd44d2098195a998c80b7aea93feed0e5af7479ed577a28f975
02 Look at the parts/29 Yaw Roll Motion/Yaw Roll Motion.stl,63584,7b5391a44fecb770de26c4d8c6422ad20f8f1613d18c902fc757c4bd8197f21c
02 Look at the parts/30 Yaw2Roll/Drawings and details/microduck-yaw2roll-ref.png,60909,8928e168e5c0690c28650f2059060ba57f9b2b093de29ce7a2037d94ca898eae
02 Look at the parts/30 Yaw2Roll/Drawings and details/microduck-yaw2roll-sheet.png,365766,fcb4911f4b3b5cfe1955efe43a853635d613eb0976add7fc781924826d5c5051
02 Look at the parts/30 Yaw2Roll/Drawings and details/microduck-yaw2roll.dxf,141609,e8fbc6e190b2f45053aed3519b66948a8e1e7aeb21225405e84eb8079b9877ee
02 Look at the parts/30 Yaw2Roll/Drawings and details/microduck-yaw2roll.pdf,66064,9811d3b7d7dcbbf48a7580d3e0721bd8a7cf6468d80280e2532a40c56a253cd3
02 Look at the parts/30 Yaw2Roll/Drawings and details/microduck-yaw2roll.svg,197362,dae3402101b051c79484838afd5d5e5c686c7f2fe79957de27619ef769ba99f3
02 Look at the parts/30 Yaw2Roll/Drawings and details/result.json,13855,0e97891e49871d2e347e6138a354577d8f2a337578cfc01d444011b5b60e6d4b
02 Look at the parts/30 Yaw2Roll/Drawings and details/sheetcheck-edges.json,165,0fcb80eb17ca31f3900c6ef712f67ec2da928a569732d00283bbd3ee34babadb
02 Look at the parts/30 Yaw2Roll/Drawings and details/sheetcheck-solid.json,32002,85a8aef5f74091e4cb612ce7c871998c60fea63c311fe64c245a3b41d416bc17
02 Look at the parts/30 Yaw2Roll/Look at this part.html,1496302,abc621ef380f5f9aa961ba9b746d1709f04c2ce4a7cc953ef4590d85660daeef
02 Look at the parts/30 Yaw2Roll/Part picture.png,104000,6ac9adce29c71f4827d71a0efa0586f2b0ffd78aa4bba9d7529ba67e475f9821
02 Look at the parts/30 Yaw2Roll/READ ME.txt,331,7182ad73e37fbdd037be37a78d1474bdf11b6ab18fae3206c74ed85d7384fbee
02 Look at the parts/30 Yaw2Roll/Yaw2Roll.stl,530984,d56b73904221290da52cba53682b63297ffd22140c7b95473160e2f76d516bd9
02 Look at the parts/31 Bearing 22X16X4/Bearing 22X16X4 - model representation.stl,211784,afaced345d1f7906709a7da2e2faa3d61206ab5f9cfbfa9769454c5d2f4aa2f1
02 Look at the parts/31 Bearing 22X16X4/Look at this part.html,100254,c4da323cec0639a916d522e00f56662013248f0c6da3c1b63061cd7e1dae7a16
02 Look at the parts/31 Bearing 22X16X4/Part picture.png,62910,ebc1a377c7732046ed7b566e56614ee1359512edfd1e6f1d6aaa065a5de89fda
02 Look at the parts/31 Bearing 22X16X4/READ ME.txt,324,62b863ab6156f4dad4df219ce7bb62fe2847d0776ddb4628c5f6d8e2dc26fab2
02 Look at the parts/32 Xl330 M288 T/Look at this part.html,33108,aba8c6149d2ae50f0bfdb7c41635823e309633aa03a21a49d95bbe51ca04b0bc
02 Look at the parts/32 Xl330 M288 T/Part picture.png,26195,cff5502c6095d1633b50bbfb8f583c0e742a12461e617106e63fc9d999b0fcf2
02 Look at the parts/32 Xl330 M288 T/READ ME.txt,324,62b863ab6156f4dad4df219ce7bb62fe2847d0776ddb4628c5f6d8e2dc26fab2
02 Look at the parts/32 Xl330 M288 T/Xl330 M288 T - model representation.stl,61384,2b49782abee39a51906cdf0cd9db83dabda10ab881b2c6575521c916c2525469
02 Look at the parts/33 Np F550/Look at this part.html,25470,6094d0b28c13ee39ede6e7518b03486b27fe432c4fad8064276a50694dca895b
02 Look at the parts/33 Np F550/Np F550 - model representation.stl,39784,bf93a35a3b16a754d91d05fc1ef9fefcac7cb53ad0fc0a94ca416be7c3d10fc3
02 Look at the parts/33 Np F550/Part picture.png,36888,16e926ea0b1d4056c7f8119a9b5d0050d823d83f7f01909eed85484252df2643
02 Look at the parts/33 Np F550/READ ME.txt,324,62b863ab6156f4dad4df219ce7bb62fe2847d0776ddb4628c5f6d8e2dc26fab2
02 Look at the parts/34 Bearing 15X10X3/Bearing 15X10X3 - model representation.stl,253484,9372d88cf9f303d44db950e974196022f81e37a5939c7801f9d504b3aafe36a4
02 Look at the parts/34 Bearing 15X10X3/Look at this part.html,120312,a8404e6dde0277fdf61994ef734f7825f142c47b80e97244c7105d63f8b38c4d
02 Look at the parts/34 Bearing 15X10X3/Part picture.png,100070,b18a22713184fcd573da5e54dbc0ab1f8142fc26d4c7fa11ea53070eb5016dc1
02 Look at the parts/34 Bearing 15X10X3/READ ME.txt,324,62b863ab6156f4dad4df219ce7bb62fe2847d0776ddb4628c5f6d8e2dc26fab2
02 Look at the parts/35 M12 Lens/Look at this part.html,46513,bc3b28f673be209a504ae4798cb479c0e9e5d77b709e8e65fdbc95c389a6643a
02 Look at the parts/35 M12 Lens/M12 Lens - model representation.stl,85684,1bef5e7cf6e18a402089dc19eed876e45488b6851ff6e68defd19ee5c4cd70da
02 Look at the parts/35 M12 Lens/Part picture.png,72460,d347a7cea1933a1374a17a05f173a16a0c5a3794db31f3ac70d032fa2ad70856
02 Look at the parts/35 M12 Lens/READ ME.txt,324,62b863ab6156f4dad4df219ce7bb62fe2847d0776ddb4628c5f6d8e2dc26fab2
02 Look at the parts/36 Robot Hat Pcb/Look at this part.html,58185,71c28981148b4aa975f815dedbcbd99a1f3010ad0f56387a9da3b38667b4327b
02 Look at the parts/36 Robot Hat Pcb/Part picture.png,28111,2d98d3250976712d6e32b4cd323a70591f18188f6ac409a015221e613af2c117
02 Look at the parts/36 Robot Hat Pcb/READ ME.txt,324,62b863ab6156f4dad4df219ce7bb62fe2847d0776ddb4628c5f6d8e2dc26fab2
02 Look at the parts/36 Robot Hat Pcb/Robot Hat Pcb - model representation.stl,116884,8c52ca7ea71c195f6814555370e9e9a94121d095ae6942a54d4fa58409c9a4ef
02 Look at the parts/37 Radxa Zero 3W/Look at this part.html,67665,3727e452869bef1796ab07db2c863c648c5b48a3590dfb5e58a86007a845b637
02 Look at the parts/37 Radxa Zero 3W/Part picture.png,25466,9a3c85a36f4e3d509c29380f1f15d29dfdf0cc49486000c1722bf61faa31c455
02 Look at the parts/37 Radxa Zero 3W/READ ME.txt,324,62b863ab6156f4dad4df219ce7bb62fe2847d0776ddb4628c5f6d8e2dc26fab2
02 Look at the parts/37 Radxa Zero 3W/Radxa Zero 3W - model representation.stl,129684,b66be79450b1fce47c2cc69367db3f044475df6c4dcd4b12e98f598d1e2e24d6
02 Look at the parts/38 Speaker/Look at this part.html,7360,dbb7600df5b754eab21d11836f884181ea335382f5dcd266f4cc0e26d438c0f2
02 Look at the parts/38 Speaker/Part picture.png,20245,1901a13d69a8acbc8d421e3612945d3d93ad1c17ac348f71949d5e08a2466d10
02 Look at the parts/38 Speaker/READ ME.txt,324,62b863ab6156f4dad4df219ce7bb62fe2847d0776ddb4628c5f6d8e2dc26fab2
02 Look at the parts/38 Speaker/Speaker - model representation.stl,684,9044c93d37511a89a21b552f093913bb439ac66e75ed74f3557bd94b3f304349
03 How it fits together/START HERE.html,1890,2e6088a890eaeb1a07a0c74a8c41a55e7321f1fb2d7d71bf2838fc3ba74e35eb
03 How it fits together/assembled.png,168214,ee106376d745baf78bfdb7934abaa38784397a9ea7756234b8ce674f29609633
03 How it fits together/step1.png,47605,8fb7d403ba58af6b5ee1c24e6293b22c8ff816a46439914f1975c94e2dbdf423
03 How it fits together/step2.png,75410,9626b6d5648e4a4b93551aeb8c648bafd30912e0dd3c7f5ce08cd5f2c6061e03
03 How it fits together/step3.png,117972,657d7ed0971da94649d9d9c32745b278320bf8c899c9a807b47dce1ae9c06114
03 How it fits together/step4.png,123368,dad8d541ef594743f8473a28ee9efb88eca723a39b4001a4b44805ab28b75543
03 How it fits together/step5.png,165677,386b21f9e4dd4024a594a121ab3e2efdfb54ee07d51ebc44db4d8961eacfb9c0
04 Electronics and wires/START HERE.html,11579,14ffa56589d8d98e19f396acce3c99c015ac79595811f92a3c7a62ecc22c5c18
05 Shopping list/Changes since original list.csv,1296,693794b449c07036466efa0c46f524e0cb57d8497493331f1d5c64a94b4b3c6e
05 Shopping list/Comparison evidence.json,2238,afc9586600969df3f54542e915646e411c411fc23672957b568ab456ea0ecca2
05 Shopping list/Current parts to review.csv,5850,a4f2355d04b2544cfd8c6dde37cd05aa0042f37fcbfe66abd03424bbad77004c
05 Shopping list/Original list already sent.csv,9538,64e4511616a880357d681389a82f6a9a4bd2fa70fb708140cdf9811ad3b68ec1
05 Shopping list/START HERE.html,2255,95566c4f0a9328a3d23d546a9e37eb49bae668444abc4069c796bc8ff292f9cb
06 Questions to resolve/START HERE.html,2280,75cb412476a9ee4c80971fa7b89f78176f2d4f7c8d7316ff97461cf214db16f5
07 Files for the engineer/Incomplete original/left-shell-truncated-source.bin,307200,6350b7631024365bec517d9707f7d81d03870171a57f74094dcc3aaf1f3c0fdf
07 Files for the engineer/Project files/BUILD-BOOK.html,30828,0d5c84e137a345e6a3980cede94c31541f5cb51e5efc0c9ba69424e1575e83a5
07 Files for the engineer/Project files/BUILD-PACK.md,9456,ce5fc479e3071d7997e34745f714dff19403ceee0193b16d4b01373de812f4df
07 Files for the engineer/Project files/COMMIT-HYGIENE.md,2700,a2fb700a87dac8ac9d6e80ecaae9eed337effc54e1c018b67825b6bee6caf763
07 Files for the engineer/Project files/COMPARISON.html,38418,f01af2e618e1276845bf785aac620eafe91da20da7027a0e9167693b6065b61c
07 Files for the engineer/Project files/ELECTRICAL-CLOSURE.html,70446,43e1345d7b000fe4092d2655bfe1ebbd23486153d62d876f06c560e077de6a12
07 Files for the engineer/Project files/ELECTRONICS-DATASHEET.html,155198,140e41f0667e23b831db0a9fd426eeee0de66f0717f72bd0df20568f08593e14
07 Files for the engineer/Project files/FACTORY-PACK.html,150384,4e5182a7da6db8aec8da84cfe9aceeaf0645b672fd8ad9004a18edfa7746a6d2
07 Files for the engineer/Project files/FACTORY-QUESTIONS.html,94951,459aa103ffa6b4daccea472bd43e85d77474be2ffff816d4defd4d6cf9243e72
07 Files for the engineer/Project files/FASTENERS.html,56121,32f378a9612f9d1a398d6a9c13f43cf9784fed81c1ddb127438e99e7d259caa9
07 Files for the engineer/Project files/GOAL.html,29435,3c8474be7901669bccf16edab3145ba0d93a5a66b6ebd99e2490a26cbafdf343
07 Files for the engineer/Project files/GOAL.md,18774,6d1197779feca4926d2159f2b382550e8f2a5f7e8b49a919bf3b12dd7efe0da5
07 Files for the engineer/Project files/HEAD-MOTION.html,14362,64f157f9c6a5b847203bbc14bd2de9f10a529b9dafe8b551fd9bd4def5e20c48
07 Files for the engineer/Project files/HEAD-RECONSTRUCTION.html,75546,6ee5ac2b0c7df88f08ed6fdbf46d9ebf7022ef5a60b5d1e843e34d0c3ab0a091
07 Files for the engineer/Project files/INDEX.html,57744,7b5af31f9f60f321e7707c97dfc0783a5686a0f761491d2f2bdbf0953b51bb49
07 Files for the engineer/Project files/INTERNALS.html,51535,080540bf3b6447fd0f0d6cb2924cad904ec91d2106eb133cbdbb564367d57e4a
07 Files for the engineer/Project files/LEG-MOTION.html,35876,a4f6a8547d9fbcba41a5bd890ea372a6f3c8bb6f765a9c0a4c3f3def9d0695a1
07 Files for the engineer/Project files/LICENCE-POSITION.html,144583,a7f358d5b7a170baf0536613a0e417c4dd3a108f152aa36d5e7f6b8e50b54a23
07 Files for the engineer/Project files/LOAD-BASIS-CORRECTION.html,9832,d22474adad3e71ee1fc02e4c1ac0c086e3644ec758af29aed4bc08b8be324f6c
07 Files for the engineer/Project files/MANUFACTURING-PLAYBOOK.html,157965,cd3ad69b8d49f15b4856c0281ca1e073b3cb83b5935f6dfaabf98130bdfd8e86
07 Files for the engineer/Project files/MOTION.html,96790,d8f28f172505f9bec53057c7d7bf544d704b4c6b4ca8c0038f51d58b7a9cf4f2
07 Files for the engineer/Project files/PCB-PACKAGE.html,136934,b011827b430c8a64676da7c8211d0a8d7342ba1bc1f86dd80b112064dfff0499
07 Files for the engineer/Project files/README.md,4593,b11d7c8cb63cd7b2cd532216e1d24d92e4fa3b06a76514d23c62d61c24a83bbe
07 Files for the engineer/Project files/RELEASE.html,47429,550d10efb99a855a0130aeb0756c7199755760498c0608900e0ade112234d34c
07 Files for the engineer/Project files/RFQ.html,84877,8ac984a6ef1fee5a9e026a7e559fa05e839115cb92b0c3595b0fd19e0a2b4832
07 Files for the engineer/Project files/SHELF-STATUS.html,192298,d409800fe6a61ef224f0a02dfb1b472a03bc1616b74c348032754460664db615
07 Files for the engineer/Project files/SIMULATION.html,856070,ce4d3835ea63bd4c7ea0472263cd41df422f2aae51cb2ca20d352cb4395cd0b6
07 Files for the engineer/Project files/SOURCES.html,48510,2a36d43f7aa97c6d8b6fcc05d3995948710fc9f57d3df80cb35d7dc5a771701f
07 Files for the engineer/Project files/SOURCING.html,219163,f741245f4e0536b614031fa9d7800ed03d8606ca0352e0d1079cc52569d7e2e0
07 Files for the engineer/Project files/SPEC.html,21787,cbbe8549f4d32b1152a971d5f692c9373a6fe38775b505c73fa9eaa530ba3524
07 Files for the engineer/Project files/SPEC.md,10969,412e1487f98eb7809e2eee9cf8b4b261953c4230a3fef43a2df672a989066e6d
07 Files for the engineer/Project files/STATUS.html,12126,8b1ffbdfe14d0ea03cc6b6adf150a73478f9ae68dd54aba1c3591d6b3bc7da0b
07 Files for the engineer/Project files/STATUS.md,3943,acfb1507be82be618739688e4f6d36d164c58ee38fb595e7d7d00d025537627f
07 Files for the engineer/Project files/STRUCTURAL.html,166086,036789cbbe83525a2df20a95aa27efc27aae6e6c8db4fa14ef3cc597d0c745d4
07 Files for the engineer/Project files/TEST-PLAN.html,253349,1e32a4d6dda579bf2ae98076913e5c20f92fc9b16a7e1d0ee8e7fe28cf654800
07 Files for the engineer/Project files/TOOLCHAIN.html,9645,b7f9a63fecea8d58e873dfb6346e9bea013b2fb2a6d561bbaad5585eb7b1e083
07 Files for the engineer/Project files/TOOLCHAIN.md,1587,c456334b34f6f0903df1e39334fb0c9f8c7770045e856a11b741007e2923b2d2
07 Files for the engineer/Project files/WIRING-3D.html,26335,5eabf0c6298044d1f298060f8a3506a5cf4dcd5472227b10e0bae7b69e81208c
07 Files for the engineer/Project files/WORK-BREAKDOWN.html,106960,35ec64d6e66710ed68458f4a305bf2d1b1d24358973d6ba844a3129bda8230df
07 Files for the engineer/Project files/ce-assemblies/microduck/ITERATIONS.md,316,53485210106eeedf63ebd950ea7b3b6c29bdb041380d0875207027dda5c0d509
07 Files for the engineer/Project files/ce-assemblies/microduck/assembly.json,4495,15e13c83145b194376d721f4219ceb5ab50a6f87d18eeadbd09d07997da53a76
07 Files for the engineer/Project files/ce-assemblies/microduck/iterations/v0.0.1/bom.json,10051,8c2cf1315d4d62593a40e7e34dd3d256c225ed388e7607165e2e004d5673dba0
07 Files for the engineer/Project files/ce-assemblies/microduck/iterations/v0.0.1/cad/assembly.py,6199,27fe279600f5fc72c40275a71567dd1c3359d27451e390d1ccc668ab9c8fa1e6
07 Files for the engineer/Project files/ce-assemblies/microduck/iterations/v0.0.1/evidence/thread_identity.py,4607,936695707313b5cc17600d7b4be094dc7874758f1779f283ac7457afa4062638
07 Files for the engineer/Project files/ce-assemblies/microduck/iterations/v0.0.1/evidence/triad-test/evidence-verify.py-20260908-211920.json,4119,41ee804a1fda12b1819121b7637aae463099c66e792eb4604db1db687eb19dcb
07 Files for the engineer/Project files/ce-assemblies/microduck/iterations/v0.0.1/evidence/triad-test/evidence-verify.py-20260908-212001.json,43251,8d7605b4abcb68e18ba01d4df78f1b4fe2785bd9bc6f6786ab4b066c1db3b28a
07 Files for the engineer/Project files/ce-assemblies/microduck/iterations/v0.0.1/evidence/triad-test/evidence-verify.py-20260908-213235.json,69376,63e697cf797e726d8c6c8b47de5afb73163185fdf6c2e2d8dcc0b29457f9748c
07 Files for the engineer/Project files/ce-assemblies/microduck/iterations/v0.0.1/evidence/verify.py,2560,7cd4c6d5f238278f3b51ab08e61fe1693e474740d8df2a8ce54a8e4216bf599d
07 Files for the engineer/Project files/ce-assemblies/microduck/iterations/v0.0.1/harness.json,54959,2322fa7a8b62cb4fb9725de958620b030d5225593ae308910c631b7616356751
07 Files for the engineer/Project files/ce-assemblies/microduck/iterations/v0.0.1/joints.json,144582,ee948ce652d2303a35a757f091047a99b3ab000555e1d01da49ef9715ecd6180
07 Files for the engineer/Project files/ce-assemblies/microduck/iterations/v0.0.1/manual/MANUAL.html,17927,95cc25446a1a6658680b69c7a9de4910450c26f436418ac4092ec4729b508ac4
07 Files for the engineer/Project files/ce-assemblies/microduck/iterations/v0.0.1/manual/MANUAL.md,8853,366904b19d2b25de7ab4fc329b9f312d284204221167d0b18d93eb2cca787c00
07 Files for the engineer/Project files/ce-assemblies/microduck/iterations/v0.0.1/placements.json,190817,2631c5acc53b9bb76baa7a4e8783412e509a4b0f3f068bf6202aa29b5adb6d5a
07 Files for the engineer/Project files/ce-assemblies/microduck/iterations/v0.0.1/trust.json,933,fc5cd9cd4516074fe646f142b0a89898270321b100f286347d5e1628ce27b4a3
07 Files for the engineer/Project files/ce-connections/jst-eh-3pin/ITERATIONS.md,230,350fc2bc4c992afa4543469f35c9e91e5e006155def731a33850dabd4ba7296a
07 Files for the engineer/Project files/ce-connections/jst-eh-3pin/README.md,2232,95f27f509c7dd114dd6fe3136a4ea2521ab1e17580bdc7281b878f8525e1272f
07 Files for the engineer/Project files/ce-connections/jst-eh-3pin/connection.json,8518,491c995ca93d5d81ca22c0b4a731fb77c960ad4c6db2ee6c94690c2191b69065
07 Files for the engineer/Project files/ce-connections/jst-eh-3pin/iterations/v0.0.1/README.md,2232,95f27f509c7dd114dd6fe3136a4ea2521ab1e17580bdc7281b878f8525e1272f
07 Files for the engineer/Project files/ce-connections/jst-eh-3pin/iterations/v0.0.1/cad/mate.py,8993,32d47e556422f44e3e09a08b7e1281e05412a929ded9d03151d54bf8bcf40b8f
07 Files for the engineer/Project files/ce-connections/jst-eh-3pin/iterations/v0.0.1/compat.py,412,47332201a54bddf62674fc2e9dbd0863478baa2a3be461cd6cd3fc27ac86be33
07 Files for the engineer/Project files/ce-connections/jst-eh-3pin/iterations/v0.0.1/trust.json,914,a0d514223c5a6bdd0e50dbc9741dbc662d7d205dd9e9deb1e07c35135e5c68da
07 Files for the engineer/Project files/ce-connections/press-fit-bearing-15x10x3/ITERATIONS.md,446,5d043beccd1794326c1ccda34968eb29287f0a3849bd72072a5e8aa7f873ff11
07 Files for the engineer/Project files/ce-connections/press-fit-bearing-15x10x3/README.md,4763,dec82b30cc412862274273501aca34fe51db019f0af248668d483cc0d3880640
07 Files for the engineer/Project files/ce-connections/press-fit-bearing-15x10x3/connection.json,6247,2c3ed1347f1fb013c3a08b81e217ed622614e4ea059c5bc55b2ec067f3f31c8a
07 Files for the engineer/Project files/ce-connections/press-fit-bearing-15x10x3/iterations/v0.0.1/README.md,4763,dec82b30cc412862274273501aca34fe51db019f0af248668d483cc0d3880640
07 Files for the engineer/Project files/ce-connections/press-fit-bearing-15x10x3/iterations/v0.0.1/cad/mate.py,15129,76c77863704940b051efe835a25f66c53b543f415e28120a68dbac14d0adc68a
07 Files for the engineer/Project files/ce-connections/press-fit-bearing-15x10x3/iterations/v0.0.1/compat.py,17097,a52bec8dbd27a91730120fd267febb152059700c1d587d5128547573918e59a5
07 Files for the engineer/Project files/ce-connections/press-fit-bearing-15x10x3/iterations/v0.0.1/connection.json,6247,2c3ed1347f1fb013c3a08b81e217ed622614e4ea059c5bc55b2ec067f3f31c8a
07 Files for the engineer/Project files/ce-connections/press-fit-bearing-15x10x3/iterations/v0.0.1/docs/README.md,2869,e1ae3b0673b7878d7fbdadefa2e39a859a37783e9b9423ee0a1a96fc2f07dada
07 Files for the engineer/Project files/ce-connections/press-fit-bearing-15x10x3/iterations/v0.0.1/evidence/bearing-15x10x3-geometry.json,956,4d28cee9497e654c6bbe9942b90a11765711ddf0c024f2757f0facb76deda3c4
07 Files for the engineer/Project files/ce-connections/press-fit-bearing-15x10x3/iterations/v0.0.1/trust.json,1148,4bfca29366e35b17369aec7fdfa14b63dd701b840cf88faf4083737eaed0807c
07 Files for the engineer/Project files/ce-connections/press-fit-bearing-22x16x4/ITERATIONS.md,244,f13224e1eed49a7a7582023168fc88405b499dfe782595363df4ac030bd73fef
07 Files for the engineer/Project files/ce-connections/press-fit-bearing-22x16x4/README.md,4806,ba495c6433183f4820a2a01c59d340f7957300f9d3c0ca13d9100ac5c95094cb
07 Files for the engineer/Project files/ce-connections/press-fit-bearing-22x16x4/connection.json,6275,887dbdc25e940218f613706210d890f4f88ea5da16ab393d14f696dc9f6fcf18
07 Files for the engineer/Project files/ce-connections/press-fit-bearing-22x16x4/iterations/v0.0.1/README.md,4806,ba495c6433183f4820a2a01c59d340f7957300f9d3c0ca13d9100ac5c95094cb
07 Files for the engineer/Project files/ce-connections/press-fit-bearing-22x16x4/iterations/v0.0.1/cad/mate.py,15476,1c38d0f44e5ef4cc60e650da499b4dce2b3ae3c296a43115f06575e6c7b409dc
07 Files for the engineer/Project files/ce-connections/press-fit-bearing-22x16x4/iterations/v0.0.1/compat.py,16773,66f49bf12741d247ccb4dd3c4457ec04d3c23c27a33f7976b037fdca3b303dde
07 Files for the engineer/Project files/ce-connections/press-fit-bearing-22x16x4/iterations/v0.0.1/connection.json,6275,887dbdc25e940218f613706210d890f4f88ea5da16ab393d14f696dc9f6fcf18
07 Files for the engineer/Project files/ce-connections/press-fit-bearing-22x16x4/iterations/v0.0.1/docs/README.md,3038,5afd32a8a4998cea106e9d357c7259ebb4363cc179a9ad4c2ef579bed2a9c473
07 Files for the engineer/Project files/ce-connections/press-fit-bearing-22x16x4/iterations/v0.0.1/evidence/bearing-22x16x4-geometry.json,1111,f4a8bd4469975145528763ad07ca5e2c5c213ed771918cad90963b5ea84d0ae4
07 Files for the engineer/Project files/ce-connections/press-fit-bearing-22x16x4/iterations/v0.0.1/trust.json,1170,6448c02318f30cc19163a894e103ced6f5cdef39db4d603999894db6cd3bf5e3
07 Files for the engineer/Project files/ce-connections/press-fit-sole-foot/ITERATIONS.md,570,5bb6aedbd9f44c7b763c684a4c3c92b1904df97aab8e219af8393d125d946222
07 Files for the engineer/Project files/ce-connections/press-fit-sole-foot/README.md,3566,ddd6b2b1fdb0fb4468b70ba2266c2a5c190be2ca749437fdefee042b3e7a11c1
07 Files for the engineer/Project files/ce-connections/press-fit-sole-foot/connection.json,5951,72159bf9b3bbc09325f646355b566c74be141f98f293777eea574a6846fe6d07
07 Files for the engineer/Project files/ce-connections/press-fit-sole-foot/iterations/v0.0.1/README.md,3566,ddd6b2b1fdb0fb4468b70ba2266c2a5c190be2ca749437fdefee042b3e7a11c1
07 Files for the engineer/Project files/ce-connections/press-fit-sole-foot/iterations/v0.0.1/cad/mate.py,13853,bbdc0eb9a33771d03b8f5bde56ba0d3c18dc622b08b7a98ac65fc2bc4c3a6487
07 Files for the engineer/Project files/ce-connections/press-fit-sole-foot/iterations/v0.0.1/compat.py,11185,b29deeb927259d0fa1816ff7516702f5fab6fb87b5a33215a0385fc0d34b943e
07 Files for the engineer/Project files/ce-connections/press-fit-sole-foot/iterations/v0.0.1/connection.json,5951,72159bf9b3bbc09325f646355b566c74be141f98f293777eea574a6846fe6d07
07 Files for the engineer/Project files/ce-connections/press-fit-sole-foot/iterations/v0.0.1/docs/README.md,3547,5808bc4b6f965d2c68eb056b177d5d50291267e813c5319d6face166ace8f843
07 Files for the engineer/Project files/ce-connections/press-fit-sole-foot/iterations/v0.0.1/evidence/sole-foot-fit.json,5665,e94e6ef76d34717475c8d362d0c86a6291eaf50ed35f3b57477a5c770cf4e661
07 Files for the engineer/Project files/ce-connections/press-fit-sole-foot/iterations/v0.0.1/trust.json,1099,e513047aadf96e181315cf9f0a36bfda01cf01d5b620db9c09702e33123b76b9
07 Files for the engineer/Project files/ce-connections/press-fit-tube-15/ITERATIONS.md,672,c10f1b903e4e3b4706d4f4ae59d8182d915fee901160f89de1ff202e27f77b79
07 Files for the engineer/Project files/ce-connections/press-fit-tube-15/README.md,6010,b0a70e9e22062f7eeabf7ebd150cce6959aaf1ff08a2e2c8ecf9e252c4c097c9
07 Files for the engineer/Project files/ce-connections/press-fit-tube-15/connection.json,9632,e064d59851ec082e3941db99664e24253c9b47e6dc411f294c43020b7826b0d2
07 Files for the engineer/Project files/ce-connections/press-fit-tube-15/iterations/v0.0.1/README.md,6010,b0a70e9e22062f7eeabf7ebd150cce6959aaf1ff08a2e2c8ecf9e252c4c097c9
07 Files for the engineer/Project files/ce-connections/press-fit-tube-15/iterations/v0.0.1/cad/mate.py,14550,9fb530cc84d77005b4fd750eaf1fb5a833f6f4f716f3159944143e8c19f99bb9
07 Files for the engineer/Project files/ce-connections/press-fit-tube-15/iterations/v0.0.1/compat.py,14798,32c73bf143bc080ac1976a33febc9146ba83d468f9aa84aea5ae4c54fcc73cd8
07 Files for the engineer/Project files/ce-connections/press-fit-tube-15/iterations/v0.0.1/connection.json,9632,e064d59851ec082e3941db99664e24253c9b47e6dc411f294c43020b7826b0d2
07 Files for the engineer/Project files/ce-connections/press-fit-tube-15/iterations/v0.0.1/docs/README.md,7338,25e291fe95689422fc0d02b05ec80eac34ebcf9eacf18fd2ac85c138c1d96296
07 Files for the engineer/Project files/ce-connections/press-fit-tube-15/iterations/v0.0.1/evidence/tube-15-geometry.json,17851,dcd5b07a5193aaf7bc3bdcaadadfabb2d8f6653b967e50a735af991aeb20f554
07 Files for the engineer/Project files/ce-connections/press-fit-tube-15/iterations/v0.0.1/trust.json,1145,7c9e42f8c81956c380a2addb042625fcb18b86deb2736c08023a88c7107c4a0f
07 Files for the engineer/Project files/ce-connections/self-tap-m2-pla/ITERATIONS.md,550,4b2db3a965de118556cc888a916603553e66f378ab6bc96ad06b40b3f97c311d
07 Files for the engineer/Project files/ce-connections/self-tap-m2-pla/README.md,6828,27dd84bc4a4456710225ab2ad236655de2b04f32d40f21983f8347a0fcf42b09
07 Files for the engineer/Project files/ce-connections/self-tap-m2-pla/connection.json,8477,7f225218172c37b0d7ba3ea53fa5bd36e55b909f59b72864c804712aad6257d9
07 Files for the engineer/Project files/ce-connections/self-tap-m2-pla/iterations/v0.0.1/README.md,6828,27dd84bc4a4456710225ab2ad236655de2b04f32d40f21983f8347a0fcf42b09
07 Files for the engineer/Project files/ce-connections/self-tap-m2-pla/iterations/v0.0.1/cad/fixture.json,3349,978e8fd82138d06b00d82257f46ce86ab4e00896835bf012a5d4c03d2c99086f
07 Files for the engineer/Project files/ce-connections/self-tap-m2-pla/iterations/v0.0.1/cad/mate.py,23153,1b123ae6e76b71e84960659f5b3ae068203ea4a6942a015432e7a9b79851845f
07 Files for the engineer/Project files/ce-connections/self-tap-m2-pla/iterations/v0.0.1/cad/shelf_cases.json,1441,45cb5950d7bd29fa104cad820570d7fdbafbaa277947f460ec501c5bfd48e34c
07 Files for the engineer/Project files/ce-connections/self-tap-m2-pla/iterations/v0.0.1/compat.py,10351,5331da29039b07c47d9e4f35525b7a6114c69fe06123752685a6ef0ba98defdc
07 Files for the engineer/Project files/ce-connections/self-tap-m2-pla/iterations/v0.0.1/connection.json,8477,7f225218172c37b0d7ba3ea53fa5bd36e55b909f59b72864c804712aad6257d9
07 Files for the engineer/Project files/ce-connections/self-tap-m2-pla/iterations/v0.0.1/docs/README.md,946,32f249d902cd0dcaa794fe56ec5cbb29093ab68cd401580303321662bd0a6575
07 Files for the engineer/Project files/ce-connections/self-tap-m2-pla/iterations/v0.0.1/evidence/pilot-measurements.json,11764,4024811cc91dd57fd354699fec4791866b8ce219c3f0c35c6c4eb1ef826cfec8
07 Files for the engineer/Project files/ce-connections/self-tap-m2-pla/iterations/v0.0.1/sim/README.md,1069,d7b212a319d65026f24908634b3272a31a139de4899c2ecafc2f977527baa2c7
07 Files for the engineer/Project files/ce-connections/self-tap-m2-pla/iterations/v0.0.1/trust.json,1004,4c836a186cc105cbdd7836f38b6560a4167bf390c2d61497be79f0d1b983af44
07 Files for the engineer/Project files/ce-connections/self-tap-m2.5-pla/ITERATIONS.md,554,a73f90dbf60e506293ae1e72b8ba621c003977acfdd6bbc9a0c4dcb5ee34bf6e
07 Files for the engineer/Project files/ce-connections/self-tap-m2.5-pla/README.md,5780,cee23efddd35bb8857d2c388601ada04369fd41794bb160054c6c46954420b6b
07 Files for the engineer/Project files/ce-connections/self-tap-m2.5-pla/connection.json,7337,b524921702e5734a89d4e0a1383aa4df6183e9e01defad4a7d0c121bdfb3d6b9
07 Files for the engineer/Project files/ce-connections/self-tap-m2.5-pla/iterations/v0.0.1/README.md,5780,cee23efddd35bb8857d2c388601ada04369fd41794bb160054c6c46954420b6b
07 Files for the engineer/Project files/ce-connections/self-tap-m2.5-pla/iterations/v0.0.1/cad/fixture.json,3370,d58da28eccae2fd175b36d345c34c64135062ed7b8ebe7f81aaaf12059f88679
07 Files for the engineer/Project files/ce-connections/self-tap-m2.5-pla/iterations/v0.0.1/cad/mate.py,23227,d5c76a9bf2c34ff95eaf62d233e4a8c95756173daa7511f22e1e18f04344d30d
07 Files for the engineer/Project files/ce-connections/self-tap-m2.5-pla/iterations/v0.0.1/cad/shelf_cases.json,1448,0edd585c38ed4e3ece60866e2b6e39ae1433338c99f000f3d55ec1b93c7ef1d3
07 Files for the engineer/Project files/ce-connections/self-tap-m2.5-pla/iterations/v0.0.1/compat.py,10255,dce9ce18b1caabcf1f3b48fa51d3370e3871ba2b7f7a92694e4c5a5f57857d89
07 Files for the engineer/Project files/ce-connections/self-tap-m2.5-pla/iterations/v0.0.1/connection.json,7337,b524921702e5734a89d4e0a1383aa4df6183e9e01defad4a7d0c121bdfb3d6b9
07 Files for the engineer/Project files/ce-connections/self-tap-m2.5-pla/iterations/v0.0.1/docs/README.md,952,48c29c3ab143c99abcda843b3865871e73fbe5bbe7f8b205661474460025afdd
07 Files for the engineer/Project files/ce-connections/self-tap-m2.5-pla/iterations/v0.0.1/evidence/pilot-measurements.json,4367,4af132ef24719f95e21ae2d6780593a1d4a4fba0194e179bd7ecaeab0961c3f2
07 Files for the engineer/Project files/ce-connections/self-tap-m2.5-pla/iterations/v0.0.1/sim/README.md,1073,f2477bf149ae2c7837220bcf3824c5c261e5851b2e87a3e523ede9c613fcf432
07 Files for the engineer/Project files/ce-connections/self-tap-m2.5-pla/iterations/v0.0.1/trust.json,1008,e98ed62043ca4421ae8fb0f4eaebc646589f69c7dac0216bc0f25deb6a410505
07 Files for the engineer/Project files/ce-connections/snap-fit-ankle-blocks/ITERATIONS.md,566,a0e4d348e2e2f68c9e02a261b78513e6b0676906c844d53931cd1d1fbf86419b
07 Files for the engineer/Project files/ce-connections/snap-fit-ankle-blocks/README.md,3722,86b47644a37b0674c605776cfb74fa9beb68a6697bac3780c26dca48364b40bd
07 Files for the engineer/Project files/ce-connections/snap-fit-ankle-blocks/connection.json,6076,a56e66bf24bd5453514912ff6a4f496718089fa5a65fa583d5889e0a54f092dc
07 Files for the engineer/Project files/ce-connections/snap-fit-ankle-blocks/iterations/v0.0.1/README.md,3722,86b47644a37b0674c605776cfb74fa9beb68a6697bac3780c26dca48364b40bd
07 Files for the engineer/Project files/ce-connections/snap-fit-ankle-blocks/iterations/v0.0.1/cad/mate.py,14157,a3b14390d6ac71325ae7c11e99d7dfc2b16b45dd507905753e5db76f6235f7db
07 Files for the engineer/Project files/ce-connections/snap-fit-ankle-blocks/iterations/v0.0.1/compat.py,11854,45c81bcdca6ce86c841a2b98d6e1e5dedd8afee1664b5ee59a5bacee5409e4e0
07 Files for the engineer/Project files/ce-connections/snap-fit-ankle-blocks/iterations/v0.0.1/connection.json,6076,a56e66bf24bd5453514912ff6a4f496718089fa5a65fa583d5889e0a54f092dc
07 Files for the engineer/Project files/ce-connections/snap-fit-ankle-blocks/iterations/v0.0.1/docs/README.md,3353,abb532ee69280466ffad3bdceae5e2e5b70fcf4d969be7c48cf4ca0b76202cf6
07 Files for the engineer/Project files/ce-connections/snap-fit-ankle-blocks/iterations/v0.0.1/evidence/ankle-blocks-fit.json,5083,d4875d0e620bfa2b35bd9cd7ed3b56609db9c093341f1fb8f067f5ea2896bb3b
07 Files for the engineer/Project files/ce-connections/snap-fit-ankle-blocks/iterations/v0.0.1/trust.json,1103,da1ac026cec3c5a21a9db0d7af643873184790c06e7bcb8fa79aa0459e3ef28b
07 Files for the engineer/Project files/ce-connections/snap-fit-roller-axle/ITERATIONS.md,642,8cc5757b9305e3b03173cc64c3acb7c5938f0455615e6bf199109bf5d6059dcb
07 Files for the engineer/Project files/ce-connections/snap-fit-roller-axle/README.md,4222,53b9d4a7019283bb761c9a31f5fecfe4e8390697696892401cd48f302a02f0e3
07 Files for the engineer/Project files/ce-connections/snap-fit-roller-axle/connection.json,6713,d7132bfa7496ce726f5df09100e68a4063e30f556e928d2126f957cb149a5d84
07 Files for the engineer/Project files/ce-connections/snap-fit-roller-axle/iterations/v0.0.1/README.md,4222,53b9d4a7019283bb761c9a31f5fecfe4e8390697696892401cd48f302a02f0e3
07 Files for the engineer/Project files/ce-connections/snap-fit-roller-axle/iterations/v0.0.1/cad/mate.py,14387,b49c2f7b878c48c97f3518b500914d8a0f1e81fa5a61c24e7e253b96f49c34e2
07 Files for the engineer/Project files/ce-connections/snap-fit-roller-axle/iterations/v0.0.1/compat.py,10990,ce40f542c7637d10268d209c767575284277ec072a8235bc1b7c2dce6384293e
07 Files for the engineer/Project files/ce-connections/snap-fit-roller-axle/iterations/v0.0.1/connection.json,6713,d7132bfa7496ce726f5df09100e68a4063e30f556e928d2126f957cb149a5d84
07 Files for the engineer/Project files/ce-connections/snap-fit-roller-axle/iterations/v0.0.1/docs/README.md,3746,58998d457a8bbf61b94ab455aa2bd3912e88af2b95be30d56c124f05e601698c
07 Files for the engineer/Project files/ce-connections/snap-fit-roller-axle/iterations/v0.0.1/evidence/roller-slot-fit.json,5384,59292ea10ff8a0b7a0a4f11a424f698319ea8a81a8ac0f77d714c1d3cca57bfe
07 Files for the engineer/Project files/ce-connections/snap-fit-roller-axle/iterations/v0.0.1/trust.json,1151,af536d56a07c0ce98d7445598cc4fde20b9b121a16e9d7c48b6523c525f991a9
07 Files for the engineer/Project files/ce-connections/spline-xl330-horn/ITERATIONS.md,423,bd65dba5938008db1ec77ab4cf6dc25e223e235a29cb74c2e780a7ec46b5ac36
07 Files for the engineer/Project files/ce-connections/spline-xl330-horn/README.md,3915,53898db35a11801159dd4409aadc14ea3e0d4577332f27b8176427a50ccb6de6
07 Files for the engineer/Project files/ce-connections/spline-xl330-horn/connection.json,5442,6f273a925598eb1c450ae82795579c360428d4062fbe609b33040dae5bede9b7
07 Files for the engineer/Project files/ce-connections/spline-xl330-horn/iterations/v0.0.1/README.md,3915,53898db35a11801159dd4409aadc14ea3e0d4577332f27b8176427a50ccb6de6
07 Files for the engineer/Project files/ce-connections/spline-xl330-horn/iterations/v0.0.1/cad/mate.py,15556,4f085d6a59cbe0bd6f0dd32a7036cc007981203a1e1efbc3db2f863cf8f728bc
07 Files for the engineer/Project files/ce-connections/spline-xl330-horn/iterations/v0.0.1/compat.py,11982,31972f5a3ffc7e1de72f658519da27853fda5108d1d536c6af586bf0835468a3
07 Files for the engineer/Project files/ce-connections/spline-xl330-horn/iterations/v0.0.1/connection.json,5442,6f273a925598eb1c450ae82795579c360428d4062fbe609b33040dae5bede9b7
07 Files for the engineer/Project files/ce-connections/spline-xl330-horn/iterations/v0.0.1/docs/README.md,3060,7a3f20e23cfa25f7806dfc78b567a30ec0e9d6f3a61d51464d983dd25e364836
07 Files for the engineer/Project files/ce-connections/spline-xl330-horn/iterations/v0.0.1/evidence/xl330-horn-pattern.json,3948,c85e42c5ce1fb5a7c67cdfcfb9708a56b2c233533e4a134626fa7450ad83d0ed
07 Files for the engineer/Project files/ce-connections/spline-xl330-horn/iterations/v0.0.1/trust.json,957,d83de29d11b4878a4ebd3f73bec8d906474853a79c2fc9be86419198049cf6f6
07 Files for the engineer/Project files/ce-connections/threaded-m2/ITERATIONS.md,411,5fd71f9b3a4dadf1b5aca33fcbb04326e08159bbfc66a81fa5bf95becebeee91
07 Files for the engineer/Project files/ce-connections/threaded-m2/README.md,4600,5953bc74bb2a8bfa5db1635279f4d92081cdb359daa8c61adfd46be0f4c0113a
07 Files for the engineer/Project files/ce-connections/threaded-m2/connection.json,5429,9ffce409f48faab467eded3780e6c88ce787d9e9382309ec5e6de28cd69bef44
07 Files for the engineer/Project files/ce-connections/threaded-m2/iterations/v0.0.1/README.md,4600,5953bc74bb2a8bfa5db1635279f4d92081cdb359daa8c61adfd46be0f4c0113a
07 Files for the engineer/Project files/ce-connections/threaded-m2/iterations/v0.0.1/cad/mate.py,19014,94a28259d0863b021a873e37d2ca8e6ba223d25155d9bdfcea03d11b8613e084
07 Files for the engineer/Project files/ce-connections/threaded-m2/iterations/v0.0.1/compat.py,15600,8135c7543b9d580af33c3723f4ec134442281ffc19e17033993c36ee9e3465ce
07 Files for the engineer/Project files/ce-connections/threaded-m2/iterations/v0.0.1/connection.json,5429,9ffce409f48faab467eded3780e6c88ce787d9e9382309ec5e6de28cd69bef44
07 Files for the engineer/Project files/ce-connections/threaded-m2/iterations/v0.0.1/docs/README.md,3395,d27644760252f5edc91180682e3a287d702aa29f4287b6af58831ccd0acdc580
07 Files for the engineer/Project files/ce-connections/threaded-m2/iterations/v0.0.1/evidence/m2-thread-derivation.json,1706,f64d872a1159cc3c85b32de55f843435c93d4a8cbd517d24c4fefc03ae20811a
07 Files for the engineer/Project files/ce-connections/threaded-m2/iterations/v0.0.1/sim/README.md,1300,39acb1135e3704dd1222fec994bb38fad6a57a54da1fba555363da917f4278c9
07 Files for the engineer/Project files/ce-connections/threaded-m2/iterations/v0.0.1/trust.json,1085,d136263950e398ea2502bc1e4fb7919dd94b5a0488038d77f05668b0a65e8d40
07 Files for the engineer/Project files/ce-connections/threaded-m2.5/ITERATIONS.md,259,81fdb827a94fd5311937af975554e7547437618da6d83d3530cc57ac6ecadcf1
07 Files for the engineer/Project files/ce-connections/threaded-m2.5/README.md,5263,5db169117eada1287f00610968a90aefa1e5407091c6193ec8469f4c55ffea22
07 Files for the engineer/Project files/ce-connections/threaded-m2.5/connection.json,6120,013a3a7436a0e36c230c910740ef3242a454eed7d14cece18739e39b3ff160ee
07 Files for the engineer/Project files/ce-connections/threaded-m2.5/iterations/v0.0.1/README.md,5263,5db169117eada1287f00610968a90aefa1e5407091c6193ec8469f4c55ffea22
07 Files for the engineer/Project files/ce-connections/threaded-m2.5/iterations/v0.0.1/cad/mate.py,19873,e294615af03066b290a8853112697a18257d32456c1dde794d4609e1bcf3bdbd
07 Files for the engineer/Project files/ce-connections/threaded-m2.5/iterations/v0.0.1/compat.py,16240,2269e470ff0e49b2cee8c692957515dae480df26c1c221f6a745f0c7ef18f190
07 Files for the engineer/Project files/ce-connections/threaded-m2.5/iterations/v0.0.1/connection.json,6120,013a3a7436a0e36c230c910740ef3242a454eed7d14cece18739e39b3ff160ee
07 Files for the engineer/Project files/ce-connections/threaded-m2.5/iterations/v0.0.1/docs/README.md,3334,8b15588c20e4edfafe37b71084ae0cca9a470d5cb2f0e2183f97c73259def9f7
07 Files for the engineer/Project files/ce-connections/threaded-m2.5/iterations/v0.0.1/evidence/m2p5-thread-derivation.json,1172,524157b16e41fdc557377d3247e5043fb9591969b5c2582604f943b0bd2c6b87
07 Files for the engineer/Project files/ce-connections/threaded-m2.5/iterations/v0.0.1/trust.json,1089,21830e0204ed64a8a1013bead6c603e4ce37efc185a341ddcd4a25d6d8b523c7
07 Files for the engineer/Project files/ce-parts/bearing-15x10x3/ITERATIONS.md,228,22997c0b2d19e464c309db8d136df7025a86ff4cb5a8af954c1f901f72c29894
07 Files for the engineer/Project files/ce-parts/bearing-15x10x3/component.json,2272,e6fc1f2dd869e8f55d72c544b5866b392b9cda2df0c1dfc0c22155f1fd8cd626
07 Files for the engineer/Project files/ce-parts/bearing-15x10x3/iterations/v0.0.1/cad/interfaces.json,3301,8c006d1afeebfbdeb99359765b3249118b16cd64b92f9abb58d1bc2a26092329
07 Files for the engineer/Project files/ce-parts/bearing-15x10x3/iterations/v0.0.1/cad/part.py,3119,b9efcc1b7f44a5cf2719f93c40f1bbf5972a0e09aa3ca1207ed9e8b7bba72587
07 Files for the engineer/Project files/ce-parts/bearing-15x10x3/iterations/v0.0.1/evidence/refcheck/2026-09-02T09-14-33Z/compare.json,886,3fba2ba9178a36669fb99cc3398fe92d340a5e3aad68e857a3732a9e7065a0c5
07 Files for the engineer/Project files/ce-parts/bearing-15x10x3/iterations/v0.0.1/evidence/refcheck/2026-09-02T09-14-33Z/features.json,1430,350336826e70ef1889f562b1aa7097f65146b88621ac3880ced537bda6cd2846
07 Files for the engineer/Project files/ce-parts/bearing-15x10x3/iterations/v0.0.1/evidence/refcheck/2026-09-02T09-14-33Z/ours.stl,201684,1caa5658a4350dcc970b16072fa3ba08d007f820939ba400f871620f0a2be490
07 Files for the engineer/Project files/ce-parts/bearing-15x10x3/iterations/v0.0.1/evidence/refcheck/2026-09-02T09-14-33Z/report.json,4154,f6ee6ed33e9fe7df3bd1169c3fc0f443913c60dc3c4afd88d48952cae83a1449
07 Files for the engineer/Project files/ce-parts/bearing-15x10x3/iterations/v0.0.1/evidence/refcheck/2026-09-02T09-14-33Z/report.md,939,642a1768026a078615c098fdd33d47f70cc66f62db3907d1079c942c3aaa3280
07 Files for the engineer/Project files/ce-parts/bearing-15x10x3/iterations/v0.0.1/mech/mech.py,292,23d50859f0c32387478bc8465243443612026ebb3b01a097314fe8b4d6091d35
07 Files for the engineer/Project files/ce-parts/bearing-15x10x3/iterations/v0.0.1/refs.json,70,eb344f1290109be824c81d880c59cfd52246fffd45b1a9d38a6810a9281bab7b
07 Files for the engineer/Project files/ce-parts/bearing-15x10x3/iterations/v0.0.1/sim/fluid.py,131,b3561d082b1166d078dfac85a666d77ccc3355cc8c9da919d03e277a1a00a592
07 Files for the engineer/Project files/ce-parts/bearing-15x10x3/iterations/v0.0.1/sim/struct.py,108,6c879e234dd2a37a71f8a808afb84d7b98b6f496015db8fcbe7ae0f8ef341324
07 Files for the engineer/Project files/ce-parts/bearing-15x10x3/iterations/v0.0.1/trust.json,1043,424e47570cf7703bae37d151c5204a21ac7303c25e47c6a4930897295281004b
07 Files for the engineer/Project files/ce-parts/bearing-15x10x3/sourcing.json,6897,0aead1c0e12f1766487ca377ebbde6f3c61d0a7acafa010423d80d55c6d0b27b
07 Files for the engineer/Project files/ce-parts/bearing-22x16x4/ITERATIONS.md,228,f1a407fe43da8b908324d85853f7e85f668ac84cf0496447b32ea80de4baf561
07 Files for the engineer/Project files/ce-parts/bearing-22x16x4/component.json,2260,1cfecb5f0c9772b2e5bd42981ff8e20175d6a366dcaf85b73d2db8b4fa83079c
07 Files for the engineer/Project files/ce-parts/bearing-22x16x4/iterations/v0.0.1/cad/interfaces.json,2586,f69ac9a61aea35d4d17dc2f8b41e9f2aab7af8c9292098c684805c2eee906b6d
07 Files for the engineer/Project files/ce-parts/bearing-22x16x4/iterations/v0.0.1/cad/part.py,3110,050bc9d3cfc5bce18f654c60db71309335fbb8f508c9fedb941cf81bb7c32432
07 Files for the engineer/Project files/ce-parts/bearing-22x16x4/iterations/v0.0.1/evidence/refcheck/2026-09-02T09-13-29Z/compare.json,886,09b11cfbca2b2f8d38ee9eaed16c682a0c82ea74d3f8ef3c8f097bb82e2038fb
07 Files for the engineer/Project files/ce-parts/bearing-22x16x4/iterations/v0.0.1/evidence/refcheck/2026-09-02T09-13-29Z/features.json,1427,2cd2bc68f4592f1f777800ed35e7e35e4464318f1a142ea5aaf21e98c7a05bce
07 Files for the engineer/Project files/ce-parts/bearing-22x16x4/iterations/v0.0.1/evidence/refcheck/2026-09-02T09-13-29Z/ours.stl,201684,b6f5e67271fa36ae3f6acf90c8ea60b39717bb948aa4c5ee8c7a30f7e2165d63
07 Files for the engineer/Project files/ce-parts/bearing-22x16x4/iterations/v0.0.1/evidence/refcheck/2026-09-02T09-13-29Z/report.json,4152,557950d2be44c5b237d6ea0c17d2f979d83561cb4efb8361448842da5ec30084
07 Files for the engineer/Project files/ce-parts/bearing-22x16x4/iterations/v0.0.1/evidence/refcheck/2026-09-02T09-13-29Z/report.md,937,d63e05e2d299707800a2f26d8df2899be78ba408c881f6867fd91ceb71e36d7c
07 Files for the engineer/Project files/ce-parts/bearing-22x16x4/iterations/v0.0.1/mech/mech.py,292,f8951a8ae48c1ada8ef1ac536eb0fe45f2f3122ed6500a6e55a0d6c93add3eca
07 Files for the engineer/Project files/ce-parts/bearing-22x16x4/iterations/v0.0.1/refs.json,70,eb344f1290109be824c81d880c59cfd52246fffd45b1a9d38a6810a9281bab7b
07 Files for the engineer/Project files/ce-parts/bearing-22x16x4/iterations/v0.0.1/sim/fluid.py,131,b3561d082b1166d078dfac85a666d77ccc3355cc8c9da919d03e277a1a00a592
07 Files for the engineer/Project files/ce-parts/bearing-22x16x4/iterations/v0.0.1/sim/struct.py,108,6c879e234dd2a37a71f8a808afb84d7b98b6f496015db8fcbe7ae0f8ef341324
07 Files for the engineer/Project files/ce-parts/bearing-22x16x4/iterations/v0.0.1/trust.json,1043,20c13a90c047aed99b4cf09cf3cdfe7ea52d290a0939a64585e342649e0272a1
07 Files for the engineer/Project files/ce-parts/bearing-22x16x4/sourcing.json,3151,502fa05eaf0d104ce7cc095a227ba7fa8deb411ae4f4a9291b2be1c47ba5ab66
07 Files for the engineer/Project files/ce-parts/bmi088/ITERATIONS.md,441,8987e6ac39b76950d1d307231ea8c43ec89e854d97fbadbe8256548b0406adc2
07 Files for the engineer/Project files/ce-parts/bmi088/component.json,1121,98d5f37ce4fc2ba0f1b712fa92ab552ad6e4553ae2d3d01e014c49229d7326dc
07 Files for the engineer/Project files/ce-parts/bmi088/iterations/v0.0.1/PROVENANCE.json,842,5f9695e427cd00ed918c42e9f8ff71d0e1232300d9cdc9e605a2b1a73fe91641
07 Files for the engineer/Project files/ce-parts/bmi088/iterations/v0.0.1/cad/interfaces.json,1701,72340d76f9f955715308b21e4904a431e12224a414d39a7e161494893c80dcae
07 Files for the engineer/Project files/ce-parts/bmi088/iterations/v0.0.1/cad/part.py,336,1d2fa50acdcc75f09261405d4d28175d7f681b05d2386816b95ae13177d76928
07 Files for the engineer/Project files/ce-parts/bmi088/iterations/v0.0.1/datasheet.pdf,1368590,53ab734dba49ac202fa6182fc2b545df6c6d7459c9fec6e851a1209e6bac417e
07 Files for the engineer/Project files/ce-parts/bmi088/iterations/v0.0.1/docs/datasheet.md,2196,bfbf538828fa45524d12f7c2f59439182932c7facc1e209c46e2793252432a08
07 Files for the engineer/Project files/ce-parts/bmi088/iterations/v0.0.1/electrical.chip.json,5859,31922b8698ac0caffd8da699e962c831d05d02a70a88a658c1b6867bcb2b5b48
07 Files for the engineer/Project files/ce-parts/bmi088/iterations/v0.0.1/electrical.part.json,5258,a20c8b5c870e9a18b06e786cbe9571ea459311581addf9369e651a44910922b6
07 Files for the engineer/Project files/ce-parts/bmi088/iterations/v0.0.1/mech/mech.py,283,19e2c1a92b1ed40e96d8a8ced22fce175ecac1e4e09ce414120947bbae80108e
07 Files for the engineer/Project files/ce-parts/bmi088/iterations/v0.0.1/refs.json,70,eb344f1290109be824c81d880c59cfd52246fffd45b1a9d38a6810a9281bab7b
07 Files for the engineer/Project files/ce-parts/bmi088/iterations/v0.0.1/sim/fluid.py,131,b3561d082b1166d078dfac85a666d77ccc3355cc8c9da919d03e277a1a00a592
07 Files for the engineer/Project files/ce-parts/bmi088/iterations/v0.0.1/sim/struct.py,108,6c879e234dd2a37a71f8a808afb84d7b98b6f496015db8fcbe7ae0f8ef341324
07 Files for the engineer/Project files/ce-parts/bmi088/iterations/v0.0.1/trust.json,855,c2d29344548a94da753c73b0ba643aff2134733d74323e506bae5f93694e3bf6
07 Files for the engineer/Project files/ce-parts/bmi088/sourcing.json,2954,6f70ec13315e4899d212814558329d7b04b46ad2cab27d34755bbffbdbbc3f1d
07 Files for the engineer/Project files/ce-parts/cable-dxl-x3p/ITERATIONS.md,226,e80abf190cabc6b11791e435f2ed6b55ec98dc3937bbd3251d11f6559cf003f6
07 Files for the engineer/Project files/ce-parts/cable-dxl-x3p/component.json,334,06e3d1be02af740596472a9c3aa15597c88d89b8953c6d8e0dde838bf491a36d
07 Files for the engineer/Project files/ce-parts/cable-dxl-x3p/iterations/v0.0.1/cad/interfaces.json,111,840ad6dbfe7bf7d6254e5ceda5fcf30b1c709188b6269925291cc656634d8666
07 Files for the engineer/Project files/ce-parts/cable-dxl-x3p/iterations/v0.0.1/cad/part.py,343,9451d5ac86c2461e4356e2e5264bfc1ad2dca3f6afbaf1cf53dff2c7c5593459
07 Files for the engineer/Project files/ce-parts/cable-dxl-x3p/iterations/v0.0.1/docs/fetched/robotis-emanual-xl330-m288.html,359049,a336b9e3333295355870c48ccd99736596d175e61cf9b52f5b4602b0f67806b7
07 Files for the engineer/Project files/ce-parts/cable-dxl-x3p/iterations/v0.0.1/docs/fetched/robotis-us-robot-cable-x3p-180mm-10pcs.html,425984,ddcdb4583d6d8ee661079b968b66cafbb4fc5b6fe39a272a6af645c1c707f343
07 Files for the engineer/Project files/ce-parts/cable-dxl-x3p/iterations/v0.0.1/mech/mech.py,290,6d0dcc13a56c8c53aa4f4d6bb92f73edb331a5450245ec60a64fc0d2af8103e5
07 Files for the engineer/Project files/ce-parts/cable-dxl-x3p/iterations/v0.0.1/refs.json,70,eb344f1290109be824c81d880c59cfd52246fffd45b1a9d38a6810a9281bab7b
07 Files for the engineer/Project files/ce-parts/cable-dxl-x3p/iterations/v0.0.1/sim/fluid.py,131,b3561d082b1166d078dfac85a666d77ccc3355cc8c9da919d03e277a1a00a592
07 Files for the engineer/Project files/ce-parts/cable-dxl-x3p/iterations/v0.0.1/sim/struct.py,108,6c879e234dd2a37a71f8a808afb84d7b98b6f496015db8fcbe7ae0f8ef341324
07 Files for the engineer/Project files/ce-parts/cable-dxl-x3p/iterations/v0.0.1/trust.json,902,086ff9a304da4eb750440b246fbe989aa70624ab4876572ba0d1f73c1325ebbd
07 Files for the engineer/Project files/ce-parts/et7301b/ITERATIONS.md,442,8aec245c2f8f44e6751928ad776de52463cf8ffb4a5479ce1a9452b14ad61e9c
07 Files for the engineer/Project files/ce-parts/et7301b/component.json,1226,027100408f90e09d27f717a04143724c0f4f2bf5da86a02415166ca66bd6fef6
07 Files for the engineer/Project files/ce-parts/et7301b/iterations/v0.0.1/PROVENANCE.json,777,5dda65603b421ba65aafaff479c0bcfed8e1120f746fc99354cbe686a456863d
07 Files for the engineer/Project files/ce-parts/et7301b/iterations/v0.0.1/cad/interfaces.json,1788,a8d5032279ebd11b9132af981fe635e94afe3918b0365c1e649c6a4dc733c759
07 Files for the engineer/Project files/ce-parts/et7301b/iterations/v0.0.1/cad/part.py,337,c59482c37a50b69dc176bb48824b989bcec6ac30d85608e61b06211698b77aef
07 Files for the engineer/Project files/ce-parts/et7301b/iterations/v0.0.1/datasheet.pdf,1155578,1ac879a37cc082625b55142affa58ce2968eb017c73413c5b982a35b36efc221
07 Files for the engineer/Project files/ce-parts/et7301b/iterations/v0.0.1/docs/datasheet.md,1946,56b9fda2764f8f9e3589d9d8d3d73755104057760560ec6e6255c6ddfa04fdc3
07 Files for the engineer/Project files/ce-parts/et7301b/iterations/v0.0.1/electrical.chip.json,6592,a843881e86e6818c97e214ae4f2b9ec9ed00ed15bcaf021e9204b56ef32a14b8
07 Files for the engineer/Project files/ce-parts/et7301b/iterations/v0.0.1/mech/mech.py,284,424f6ed400dd7dcd3416dd729dd85121fa983b7fa65ef21835ffefe4fc26112e
07 Files for the engineer/Project files/ce-parts/et7301b/iterations/v0.0.1/refs.json,70,eb344f1290109be824c81d880c59cfd52246fffd45b1a9d38a6810a9281bab7b
07 Files for the engineer/Project files/ce-parts/et7301b/iterations/v0.0.1/sim/fluid.py,131,b3561d082b1166d078dfac85a666d77ccc3355cc8c9da919d03e277a1a00a592
07 Files for the engineer/Project files/ce-parts/et7301b/iterations/v0.0.1/sim/struct.py,108,6c879e234dd2a37a71f8a808afb84d7b98b6f496015db8fcbe7ae0f8ef341324
07 Files for the engineer/Project files/ce-parts/et7301b/iterations/v0.0.1/trust.json,857,cae59abde42b9981b437f1884dc4a1c54c7cfffe153fcc80bec6540e786dd0d7
07 Files for the engineer/Project files/ce-parts/fusb302/ITERATIONS.md,442,ce84cf327a03c6a4dd790c1818533bd85f324a22646a740402293ddc33d7b311
07 Files for the engineer/Project files/ce-parts/fusb302/component.json,1201,577d1bf9d9bb6b940d4569fc3639aaa7a90ca914d97142e68ad759829d4acb1c
07 Files for the engineer/Project files/ce-parts/fusb302/iterations/v0.0.1/PROVENANCE.json,891,cba2be61f8ea859b8ce83d9c1d85cfadb531f0a5201ee440107864d00dfe3232
07 Files for the engineer/Project files/ce-parts/fusb302/iterations/v0.0.1/cad/interfaces.json,1739,330c2d08ca6c1f13dfad663209ed68ed00929fa4c6d5619581f400e4a503cf6b
07 Files for the engineer/Project files/ce-parts/fusb302/iterations/v0.0.1/cad/part.py,337,7f6a4e66d5379d456af138c487de9701986d48548b070f90f81d9669e9cba039
07 Files for the engineer/Project files/ce-parts/fusb302/iterations/v0.0.1/datasheet.pdf,1323485,6af1da8af23e7f015f4896df0b37bde57441c102e5361338e0af566f2bec379f
07 Files for the engineer/Project files/ce-parts/fusb302/iterations/v0.0.1/docs/datasheet.md,2364,681d96ff86e2ef92a3d505042d9035b239695f6ea1dd12d265c13302995eadd3
07 Files for the engineer/Project files/ce-parts/fusb302/iterations/v0.0.1/electrical.chip.json,5954,3c5fc0d23c2993b2702df4d74e19f550d6103a4c40ad2e7777faafcb1b32a775
07 Files for the engineer/Project files/ce-parts/fusb302/iterations/v0.0.1/mech/mech.py,284,6d50a1d530f7811f163d1525cfad41d4dafaa5a9de9ab66ec6d5c89a1b879220
07 Files for the engineer/Project files/ce-parts/fusb302/iterations/v0.0.1/refs.json,70,eb344f1290109be824c81d880c59cfd52246fffd45b1a9d38a6810a9281bab7b
07 Files for the engineer/Project files/ce-parts/fusb302/iterations/v0.0.1/sim/fluid.py,131,b3561d082b1166d078dfac85a666d77ccc3355cc8c9da919d03e277a1a00a592
07 Files for the engineer/Project files/ce-parts/fusb302/iterations/v0.0.1/sim/struct.py,108,6c879e234dd2a37a71f8a808afb84d7b98b6f496015db8fcbe7ae0f8ef341324
07 Files for the engineer/Project files/ce-parts/fusb302/iterations/v0.0.1/trust.json,857,defd17de8909e2a343e4204606075ed8720caced8353cd9025b7ba68cc569f53
07 Files for the engineer/Project files/ce-parts/fusb302/sourcing.json,5531,c50e8349c39e0ca46436e8d8ffb14e3b19211454f8f0a460d0a79de87ea61f24
07 Files for the engineer/Project files/ce-parts/imx219/ITERATIONS.md,441,566c7ffa8608f3a3a6f182513067a1e67cdccc527a056d4073b66aef6b75f5bf
07 Files for the engineer/Project files/ce-parts/imx219/component.json,1196,85d4265342aa2e309cf24aa9b753b7694bf0c150ff8a636abbb869cbbc26eb3c
07 Files for the engineer/Project files/ce-parts/imx219/iterations/v0.0.1/PROVENANCE.json,931,5b602c923b0229aef0756433aa49da8360181bc23754914858c54424d39fdc37
07 Files for the engineer/Project files/ce-parts/imx219/iterations/v0.0.1/cad/interfaces.json,1690,224d9e174acabb5dbba58a4a45338a5877d5150e26ebf0403b372976549121b1
07 Files for the engineer/Project files/ce-parts/imx219/iterations/v0.0.1/cad/part.py,336,d314053db10a4ffcb3fb5dfe40a2242d44d22c552c18425ad35c377ba5d2cf21
07 Files for the engineer/Project files/ce-parts/imx219/iterations/v0.0.1/datasheet.pdf,2237503,49250b153d55fe91a5a184651ef0eeab4316a195f7f6c2d42c068b336f237219
07 Files for the engineer/Project files/ce-parts/imx219/iterations/v0.0.1/docs/datasheet.md,2446,8916417b7130ec226f534056ba533529fbe8d1e5ae7c233cfb04112c72e2bfed
07 Files for the engineer/Project files/ce-parts/imx219/iterations/v0.0.1/electrical.chip.json,7945,476e0aee8d61632927e356bfb897eee11225fa725c23aef1c2d2edebccab13e6
07 Files for the engineer/Project files/ce-parts/imx219/iterations/v0.0.1/mech/mech.py,283,63051d1ad712c038196dcdcf21a1f275eedb36ec7a317b4003887d04489fb852
07 Files for the engineer/Project files/ce-parts/imx219/iterations/v0.0.1/refs.json,70,eb344f1290109be824c81d880c59cfd52246fffd45b1a9d38a6810a9281bab7b
07 Files for the engineer/Project files/ce-parts/imx219/iterations/v0.0.1/sim/fluid.py,131,b3561d082b1166d078dfac85a666d77ccc3355cc8c9da919d03e277a1a00a592
07 Files for the engineer/Project files/ce-parts/imx219/iterations/v0.0.1/sim/struct.py,108,6c879e234dd2a37a71f8a808afb84d7b98b6f496015db8fcbe7ae0f8ef341324
07 Files for the engineer/Project files/ce-parts/imx219/iterations/v0.0.1/trust.json,855,b4e0e377531b46ec30f0004d256fb20c7642b44be2c251e8e1b3cddb4e324f36
07 Files for the engineer/Project files/ce-parts/imx219/sourcing.json,4851,9469e9da975570133b3c66bdb62aa1c46fe419d55136076ca3e9bb9a951e410a
07 Files for the engineer/Project files/ce-parts/jst-b3b-eh-a/ITERATIONS.md,225,262a8a55b540774292d72a8189a54e7dd7a6951ac7508ca44318c653e0058507
07 Files for the engineer/Project files/ce-parts/jst-b3b-eh-a/component.json,5359,5080560432b643d91d602509bcdfae3bdb2afd3ee9a00fe0ff61184d23572b66
07 Files for the engineer/Project files/ce-parts/jst-b3b-eh-a/iterations/v0.0.1/cad/interfaces.json,2162,13f05a6358053afc710d4204157399fea21f1b0e7e09a6ececd5293fdff7813c
07 Files for the engineer/Project files/ce-parts/jst-b3b-eh-a/iterations/v0.0.1/cad/part.py,4671,6b1853c5ed7db79611ffa1842dc310478b21ea4b89402bc8c02e3b7bf5f9f44b
07 Files for the engineer/Project files/ce-parts/jst-b3b-eh-a/iterations/v0.0.1/docs/README.md,871,a0b0d65e80b179292d68673e5719a259e0ae36f36c87339678de6a7febc61050
07 Files for the engineer/Project files/ce-parts/jst-b3b-eh-a/iterations/v0.0.1/docs/fetched/eEH.pdf,146108,9e35874bf27505bab79d6af783118fa926ceef7a91b7cb8421f108ff69a1b7f2
07 Files for the engineer/Project files/ce-parts/jst-b3b-eh-a/iterations/v0.0.1/mech/mech.py,289,1f6dd8af966b10d26bbf017811f05efd9267b4dbc16c4120bb2dbde3f17fe330
07 Files for the engineer/Project files/ce-parts/jst-b3b-eh-a/iterations/v0.0.1/refs.json,556,1529fcc2df1b49f9d73b5ff57dea81d355f2003d90b70151dfbee8a376e96208
07 Files for the engineer/Project files/ce-parts/jst-b3b-eh-a/iterations/v0.0.1/sim/fluid.py,131,b3561d082b1166d078dfac85a666d77ccc3355cc8c9da919d03e277a1a00a592
07 Files for the engineer/Project files/ce-parts/jst-b3b-eh-a/iterations/v0.0.1/sim/struct.py,108,6c879e234dd2a37a71f8a808afb84d7b98b6f496015db8fcbe7ae0f8ef341324
07 Files for the engineer/Project files/ce-parts/jst-b3b-eh-a/iterations/v0.0.1/trust.json,899,3930b76c154d5aef34270deddb217a6bb885b3dd8f0d60153d249ffe10b5ea0c
07 Files for the engineer/Project files/ce-parts/jst-ehr-03/ITERATIONS.md,223,9ed3460df6b9135f0577249cc42d6a7b95c2ff23cc0f0c007f39c14c462defac
07 Files for the engineer/Project files/ce-parts/jst-ehr-03/component.json,3470,94aa02b3627d8c2c2e6ecef767c50b2e2fabc024fc739ee6a23759bd43e506c8
07 Files for the engineer/Project files/ce-parts/jst-ehr-03/iterations/v0.0.1/cad/interfaces.json,2117,a8dbd903e417780abdb7adfb3936d47450131fc8fbce8710859d68cf09978997
07 Files for the engineer/Project files/ce-parts/jst-ehr-03/iterations/v0.0.1/cad/part.py,3927,c34a0e1e6cb74ba108d37ffa948410b5414f0acf8ff4f0a6de6f44a615bdc48f
07 Files for the engineer/Project files/ce-parts/jst-ehr-03/iterations/v0.0.1/docs/README.md,749,d6dc8ec4a1669170aa081050d15e87b06dd8f3e3bd8c157ef747ae9d4a7cd64e
07 Files for the engineer/Project files/ce-parts/jst-ehr-03/iterations/v0.0.1/docs/fetched/eEH.pdf,146108,9e35874bf27505bab79d6af783118fa926ceef7a91b7cb8421f108ff69a1b7f2
07 Files for the engineer/Project files/ce-parts/jst-ehr-03/iterations/v0.0.1/mech/mech.py,287,f27093f897bd82366916a3f059b3b7e93524160645100e645a999dd6280dab76
07 Files for the engineer/Project files/ce-parts/jst-ehr-03/iterations/v0.0.1/refs.json,485,b97a953d5f1cbaa288e2da0572aa33f569d662267d93709df634aa8acee0d859
07 Files for the engineer/Project files/ce-parts/jst-ehr-03/iterations/v0.0.1/sim/fluid.py,131,b3561d082b1166d078dfac85a666d77ccc3355cc8c9da919d03e277a1a00a592
07 Files for the engineer/Project files/ce-parts/jst-ehr-03/iterations/v0.0.1/sim/struct.py,108,6c879e234dd2a37a71f8a808afb84d7b98b6f496015db8fcbe7ae0f8ef341324
07 Files for the engineer/Project files/ce-parts/jst-ehr-03/iterations/v0.0.1/trust.json,893,81088098d34cedf04be92ec7adeb3299763112dc0396e24d0bde3b5187551700
07 Files for the engineer/Project files/ce-parts/jst-seh-001t-p0.6/ITERATIONS.md,230,8a417904338118f313fbdb257a1a02592b6d3a03cb96378446a743c65adf8025
07 Files for the engineer/Project files/ce-parts/jst-seh-001t-p0.6/component.json,2674,8802beffe1beb009fedb9b57a9fd4aa9577a86608cdc921ec7242081c43acedb
07 Files for the engineer/Project files/ce-parts/jst-seh-001t-p0.6/iterations/v0.0.1/cad/interfaces.json,1922,7eab1fc10e25fcc11f5d3b62c5afb25a9464f752b949e6a9cffc2bbbb1c39744
07 Files for the engineer/Project files/ce-parts/jst-seh-001t-p0.6/iterations/v0.0.1/cad/part.py,2898,6aa732c06d2c842ff7e5ee41171f42a276505879e2efb9988545ee16b8c763b0
07 Files for the engineer/Project files/ce-parts/jst-seh-001t-p0.6/iterations/v0.0.1/docs/README.md,664,eceeb29ec559dad2eb33e208de60d716a989a57da7a43fe72ac173da111f452c
07 Files for the engineer/Project files/ce-parts/jst-seh-001t-p0.6/iterations/v0.0.1/docs/fetched/eEH.pdf,146108,9e35874bf27505bab79d6af783118fa926ceef7a91b7cb8421f108ff69a1b7f2
07 Files for the engineer/Project files/ce-parts/jst-seh-001t-p0.6/iterations/v0.0.1/mech/mech.py,294,b3d06b82389bf7bbc114020c483ab525cf7cbd775444200144136b89203e2c8e
07 Files for the engineer/Project files/ce-parts/jst-seh-001t-p0.6/iterations/v0.0.1/refs.json,268,32ced06e61e55ebc7306f20516c5ae7fb16c07a4ae99e5b75dc2cf5983dcb6de
07 Files for the engineer/Project files/ce-parts/jst-seh-001t-p0.6/iterations/v0.0.1/sim/fluid.py,131,b3561d082b1166d078dfac85a666d77ccc3355cc8c9da919d03e277a1a00a592
07 Files for the engineer/Project files/ce-parts/jst-seh-001t-p0.6/iterations/v0.0.1/sim/struct.py,108,6c879e234dd2a37a71f8a808afb84d7b98b6f496015db8fcbe7ae0f8ef341324
07 Files for the engineer/Project files/ce-parts/jst-seh-001t-p0.6/iterations/v0.0.1/trust.json,914,f4b3b9605ee30d79f72f0a3473e8ab73f70f9e6bbf01e02d3ab8e4e64f26b00f
07 Files for the engineer/Project files/ce-parts/lsm6dsv16x/ITERATIONS.md,223,d0e1dec5130b0199426d14299382b8e9d634019f5599f598e90e13222b876189
07 Files for the engineer/Project files/ce-parts/lsm6dsv16x/PROVENANCE.json,803,49405b166b31d700eaf371a78cfacd3c973b41ec4e57ebc6c6167e0da6c4929b
07 Files for the engineer/Project files/ce-parts/lsm6dsv16x/component.json,2122,8dd91a17d05fe6cd20387f82af406389c60698437dda74afd72f2751072f599a
07 Files for the engineer/Project files/ce-parts/lsm6dsv16x/datasheet.pdf,5112242,ec53c0e5952fc0c9587ed32b56d066016c2954bc6e9d18355b13a1c4cda17894
07 Files for the engineer/Project files/ce-parts/lsm6dsv16x/electrical.chip.json,13007,a01e76ed44df770b0f917a28a871614a7438be6bbd8433bc6cbd5831fcf5ebb6
07 Files for the engineer/Project files/ce-parts/lsm6dsv16x/iterations/v0.0.1/cad/interfaces.json,5399,8e016baf6bae6e4431586dde281c9471207b4ce41acffc8ca5f28314e9c05b13
07 Files for the engineer/Project files/ce-parts/lsm6dsv16x/iterations/v0.0.1/cad/part.py,340,54c0c8a605c575d123b584466dd46aa1aa1179835db0da8e918196e4ab23fcbb
07 Files for the engineer/Project files/ce-parts/lsm6dsv16x/iterations/v0.0.1/docs/DATASHEET.md,4307,df2cba44dddc8dcba9b702188eabae2d1289a3f3991582940e8b835f652aa1b6
07 Files for the engineer/Project files/ce-parts/lsm6dsv16x/iterations/v0.0.1/mech/mech.py,287,56475e39049b9ee0749e3fe13602649fd815fbbb82a8bf5a0a29f128ed2e0891
07 Files for the engineer/Project files/ce-parts/lsm6dsv16x/iterations/v0.0.1/refs.json,70,eb344f1290109be824c81d880c59cfd52246fffd45b1a9d38a6810a9281bab7b
07 Files for the engineer/Project files/ce-parts/lsm6dsv16x/iterations/v0.0.1/sim/fluid.py,131,b3561d082b1166d078dfac85a666d77ccc3355cc8c9da919d03e277a1a00a592
07 Files for the engineer/Project files/ce-parts/lsm6dsv16x/iterations/v0.0.1/sim/struct.py,108,6c879e234dd2a37a71f8a808afb84d7b98b6f496015db8fcbe7ae0f8ef341324
07 Files for the engineer/Project files/ce-parts/lsm6dsv16x/iterations/v0.0.1/trust.json,923,70d2288a734a792628defde3946154cbf110c2f3420daf5cead801dcca0fae8c
07 Files for the engineer/Project files/ce-parts/lsm6dsv16x/sourcing.json,3128,506d3c8e818f106ff679bf8bd1876e3df6b5f7f7c7ef6855fc20b7cbdfecf2b2
07 Files for the engineer/Project files/ce-parts/mcp73213/ITERATIONS.md,221,3897690a183dfd5db14528d3be0b361bab7af56f7f76a4d9592fc31e9110c531
07 Files for the engineer/Project files/ce-parts/mcp73213/PROVENANCE.json,2666,e87d371411d3bdeb0a1d32f75a3efa80a01dbbdced1c1bdfa9c67b8c953641c3
07 Files for the engineer/Project files/ce-parts/mcp73213/component.json,2044,820aad569867c42834fce6557f07c323a3221a1b4b6fdc536c1739a2725654ac
07 Files for the engineer/Project files/ce-parts/mcp73213/datasheet.pdf,788319,43950b6737187b371c3a60932f495c6feb3cc98774bd283d9d1fbe584d045e4a
07 Files for the engineer/Project files/ce-parts/mcp73213/docs/alternative-ltc4002-4002f.pdf,174089,586eaa17e59dcdab6447f6077e2b8652fc2d7b3e86f99f4ae14467ef89651978
07 Files for the engineer/Project files/ce-parts/mcp73213/docs/mcp73213.md,2322,bd6c910ce595dea47fc26bc96868a8957c34e0eeecf5fd45427a2cef74dcf80d
07 Files for the engineer/Project files/ce-parts/mcp73213/electrical.chip.json,9183,264a8f7dcccb08c86716f85071e451c3c73982e967a56a359bd4d84fdcb379a5
07 Files for the engineer/Project files/ce-parts/mcp73213/iterations/v0.0.1/cad/interfaces.json,540,a16aeb36545819af296429795859b7ce262614bec83072d3c22fb221f8e7f917
07 Files for the engineer/Project files/ce-parts/mcp73213/iterations/v0.0.1/cad/part.py,338,683f6e43f26390447aba61456504024990fac1faf2629400e2f465d7fd708334
07 Files for the engineer/Project files/ce-parts/mcp73213/iterations/v0.0.1/mech/mech.py,285,b195bbf0fc4092f2316954c9529efcdf287ad3c58d7b8965305990e6a5737f63
07 Files for the engineer/Project files/ce-parts/mcp73213/iterations/v0.0.1/refs.json,70,eb344f1290109be824c81d880c59cfd52246fffd45b1a9d38a6810a9281bab7b
07 Files for the engineer/Project files/ce-parts/mcp73213/iterations/v0.0.1/sim/fluid.py,131,b3561d082b1166d078dfac85a666d77ccc3355cc8c9da919d03e277a1a00a592
07 Files for the engineer/Project files/ce-parts/mcp73213/iterations/v0.0.1/sim/struct.py,108,6c879e234dd2a37a71f8a808afb84d7b98b6f496015db8fcbe7ae0f8ef341324
07 Files for the engineer/Project files/ce-parts/mcp73213/iterations/v0.0.1/trust.json,887,502e6452cb8bff17b3ac6232cc5a4633a259383fdc82b3a366eb047841ed4d3d
07 Files for the engineer/Project files/ce-parts/mcp73213/sourcing.json,2764,c8ec7ba38c1817fa9bfc8a8045dea97afe13222d72dded57569c335c4a2c7882
07 Files for the engineer/Project files/ce-parts/microduck-ankle-left/ITERATIONS.md,233,01196baf02ee62026af2c0530e3714417641317833a9aff3d568fe03253d7214
07 Files for the engineer/Project files/ce-parts/microduck-ankle-left/component.json,3279,fe672dca584da1c84192b88849031bdb6fa95b136d0cf0d2158182fee7abb15f
07 Files for the engineer/Project files/ce-parts/microduck-ankle-left/iterations/v0.0.1/cad/interfaces.json,6208,4f083748f8b6e3590f90358e56be7c6bb1e5c6387fce1b09e4ec75ad93065f78
07 Files for the engineer/Project files/ce-parts/microduck-ankle-left/iterations/v0.0.1/cad/part.py,10870,bfbca8b0129f9ff54af0f021bc0e13d3164a2e5a7b2ba6d007400058c6903b88
07 Files for the engineer/Project files/ce-parts/microduck-ankle-left/iterations/v0.0.1/docs/README.md,2847,76600fcb7425ade1443bb9475e47bf1cc1f18eb6c67f07e15391a4da3ea60f69
07 Files for the engineer/Project files/ce-parts/microduck-ankle-left/iterations/v0.0.1/docs/sections.py,2775,4922e6912ce9ba407c4c5a6edd7edae3afce025fb823622ac2d3a3854bc0fa6d
07 Files for the engineer/Project files/ce-parts/microduck-ankle-left/iterations/v0.0.1/evidence/ankle-revision.json,8111,dfa70e5ac87d90a661a4fe338d1a4f85f56bc21fe74e17c52136d1ddd5e96321
07 Files for the engineer/Project files/ce-parts/microduck-ankle-left/iterations/v0.0.1/evidence/refcheck/2026-09-01T19-03-54Z/compare.json,890,df0674cba206836e75ef684b908a93912c20e597fc7baf7300fa7bae4c5c986f
07 Files for the engineer/Project files/ce-parts/microduck-ankle-left/iterations/v0.0.1/evidence/refcheck/2026-09-01T19-03-54Z/features.json,2270,af09ad405917dbe5ad2a59a4ce9f26ed5206a9dd38592006f8c460f740284fda
07 Files for the engineer/Project files/ce-parts/microduck-ankle-left/iterations/v0.0.1/evidence/refcheck/2026-09-01T19-03-54Z/ours.stl,409584,8b88a8cd80a2b80b15ba141a11ab8781507ce0c0bc2afdddd18e6ab34c63dca6
07 Files for the engineer/Project files/ce-parts/microduck-ankle-left/iterations/v0.0.1/evidence/refcheck/2026-09-01T19-03-54Z/report.json,5076,b11cd317d05ed5fddacc3bff5c2618354e888a426801def7a0359b5f25d47b4d
07 Files for the engineer/Project files/ce-parts/microduck-ankle-left/iterations/v0.0.1/evidence/refcheck/2026-09-01T19-03-54Z/report.md,720,dc7454adc99c0fe3ce55841df0636f6b7e618dbf5f56799a37012585f6ba7b5e
07 Files for the engineer/Project files/ce-parts/microduck-ankle-left/iterations/v0.0.1/mech/mech.py,958,bc325640c016b25510ed18c4d501d87615e019602c67da88c2a892c3dcfc2653
07 Files for the engineer/Project files/ce-parts/microduck-ankle-left/iterations/v0.0.1/refs.json,70,eb344f1290109be824c81d880c59cfd52246fffd45b1a9d38a6810a9281bab7b
07 Files for the engineer/Project files/ce-parts/microduck-ankle-left/iterations/v0.0.1/sim/fluid.py,131,b3561d082b1166d078dfac85a666d77ccc3355cc8c9da919d03e277a1a00a592
07 Files for the engineer/Project files/ce-parts/microduck-ankle-left/iterations/v0.0.1/sim/struct.py,108,6c879e234dd2a37a71f8a808afb84d7b98b6f496015db8fcbe7ae0f8ef341324
07 Files for the engineer/Project files/ce-parts/microduck-ankle-left/iterations/v0.0.1/trust.json,1059,ef80eeed96c8526dfa1151f45532123cb87b3d461f7687da56349f62e8a7b159
07 Files for the engineer/Project files/ce-parts/microduck-ankle-right/ITERATIONS.md,234,a9d8e44695cbc9cbbafec2ef05b403ecbb09874d88c042ef28e7a66a449e3be8
07 Files for the engineer/Project files/ce-parts/microduck-ankle-right/component.json,3000,b8834ac720f6c6662155d1742a3742045c9bc728cc9e96fcde750f98a036e91c
07 Files for the engineer/Project files/ce-parts/microduck-ankle-right/iterations/v0.0.1/cad/interfaces.json,6132,50d62ac37f933da25c2b4bb0fbb7146a7ccbec0cd2adc44adbc8fbcfaa6d922d
07 Files for the engineer/Project files/ce-parts/microduck-ankle-right/iterations/v0.0.1/cad/part.py,1600,a6b79b33e6fb8e9876125bdf9630dc85f0a5e534b6acebe8a19b686991627ae1
07 Files for the engineer/Project files/ce-parts/microduck-ankle-right/iterations/v0.0.1/docs/README.md,1192,9858680f34acc546eac3e0ec44fc4e65a9c46f40bd5baaec97ba645a188f64c0
07 Files for the engineer/Project files/ce-parts/microduck-ankle-right/iterations/v0.0.1/evidence/ankle-revision.json,8111,dfa70e5ac87d90a661a4fe338d1a4f85f56bc21fe74e17c52136d1ddd5e96321
07 Files for the engineer/Project files/ce-parts/microduck-ankle-right/iterations/v0.0.1/evidence/refcheck/2026-09-01T19-04-21Z/compare.json,892,2f33c5454339ea7df4f8a9d8842f50e3f3357599a8f7b01678b4d66383cb191d
07 Files for the engineer/Project files/ce-parts/microduck-ankle-right/iterations/v0.0.1/evidence/refcheck/2026-09-01T19-04-21Z/features.json,2283,a3961cf4a1f8e95b034f92bbb8616992d45c4c622cf2283868f6d122ef94b91e
07 Files for the engineer/Project files/ce-parts/microduck-ankle-right/iterations/v0.0.1/evidence/refcheck/2026-09-01T19-04-21Z/ours.stl,409584,00cdd0df7dfb0a76b35b6a2c0ea3ac95ca7e1d4b76bb99f7d5821bde35610b85
07 Files for the engineer/Project files/ce-parts/microduck-ankle-right/iterations/v0.0.1/evidence/refcheck/2026-09-01T19-04-21Z/report.json,5101,84f602dfa0bc6e9be4a78a280c911b7676575f843274189cc3a9b689567a76e4
07 Files for the engineer/Project files/ce-parts/microduck-ankle-right/iterations/v0.0.1/evidence/refcheck/2026-09-01T19-04-21Z/report.md,722,7fbd11da5a9e933d599cbe6178448ae6da2cc1dcec5a96ae951d08e794c17932
07 Files for the engineer/Project files/ce-parts/microduck-ankle-right/iterations/v0.0.1/mech/mech.py,963,3b0ee7c7d35fe751e1140575dd9180ee2763b76a002f4ca335159886039bd6c5
07 Files for the engineer/Project files/ce-parts/microduck-ankle-right/iterations/v0.0.1/refs.json,70,eb344f1290109be824c81d880c59cfd52246fffd45b1a9d38a6810a9281bab7b
07 Files for the engineer/Project files/ce-parts/microduck-ankle-right/iterations/v0.0.1/sim/fluid.py,131,b3561d082b1166d078dfac85a666d77ccc3355cc8c9da919d03e277a1a00a592
07 Files for the engineer/Project files/ce-parts/microduck-ankle-right/iterations/v0.0.1/sim/struct.py,108,6c879e234dd2a37a71f8a808afb84d7b98b6f496015db8fcbe7ae0f8ef341324
07 Files for the engineer/Project files/ce-parts/microduck-ankle-right/iterations/v0.0.1/trust.json,1058,a02b26aae38518198e6ac77a4e5d671fe95f0843ffcd5c6acc4f4bb01319fdfb
07 Files for the engineer/Project files/ce-parts/microduck-banana-pcb-locker/ITERATIONS.md,240,e51221b6815a11d7c6e220c31edcf9d364306755546a93123dff48873ac410ce
07 Files for the engineer/Project files/ce-parts/microduck-banana-pcb-locker/component.json,1848,bb3b874792aa754a0a9c5fba8fafe8f58ed954b3beecbcbb94d0f794eb246e6b
07 Files for the engineer/Project files/ce-parts/microduck-banana-pcb-locker/iterations/v0.0.1/cad/interfaces.json,3846,cbc00396955c797849fcf34c974bbf0c83a85b62a5f03a6ab9b305b9c5ea8efb
07 Files for the engineer/Project files/ce-parts/microduck-banana-pcb-locker/iterations/v0.0.1/cad/part.py,5210,057a58ced22eb4e23275f39a9ce5b572c5606a5ebfde611bd087d79223c3f9f6
07 Files for the engineer/Project files/ce-parts/microduck-banana-pcb-locker/iterations/v0.0.1/docs/README.md,2067,8ce65369b556918729ff41d544312cd506f8b5a23ed7cdb40a81c090f7ffda65
07 Files for the engineer/Project files/ce-parts/microduck-banana-pcb-locker/iterations/v0.0.1/evidence/refcheck/2026-09-01T14-58-11Z/compare.json,887,f0ad0db67bf062ee77233a87d59310aa73254d2d1e5902f72e03c2da06671448
07 Files for the engineer/Project files/ce-parts/microduck-banana-pcb-locker/iterations/v0.0.1/evidence/refcheck/2026-09-01T14-58-11Z/features.json,539,bbb292d3c2b06513a6789fcc10bd07772a501227353407131955598e5cb6ff6d
07 Files for the engineer/Project files/ce-parts/microduck-banana-pcb-locker/iterations/v0.0.1/evidence/refcheck/2026-09-01T14-58-11Z/ours.stl,332964,adc3d009f19767727e6a0aa79fd01d6e21239693a712fbc09e793f5e739471d7
07 Files for the engineer/Project files/ce-parts/microduck-banana-pcb-locker/iterations/v0.0.1/evidence/refcheck/2026-09-01T14-58-11Z/report.json,3280,82ffd9d3dc53f27b30c09062e22f1b4d252d9e3fd22cb655580d6b1af76798ce
07 Files for the engineer/Project files/ce-parts/microduck-banana-pcb-locker/iterations/v0.0.1/evidence/refcheck/2026-09-01T14-58-11Z/report.md,735,4d073c6bc5ff214a2f0a5ab736aae31d98acb97f7e7d8a1dad54b30f92bc9512
07 Files for the engineer/Project files/ce-parts/microduck-banana-pcb-locker/iterations/v0.0.1/mech/mech.py,667,b37a887e67438d6df500f6bb76178ddc19b2a29c292ecc815dd57168d37a7991
07 Files for the engineer/Project files/ce-parts/microduck-banana-pcb-locker/iterations/v0.0.1/refs.json,70,eb344f1290109be824c81d880c59cfd52246fffd45b1a9d38a6810a9281bab7b
07 Files for the engineer/Project files/ce-parts/microduck-banana-pcb-locker/iterations/v0.0.1/sim/fluid.py,131,b3561d082b1166d078dfac85a666d77ccc3355cc8c9da919d03e277a1a00a592
07 Files for the engineer/Project files/ce-parts/microduck-banana-pcb-locker/iterations/v0.0.1/sim/struct.py,108,6c879e234dd2a37a71f8a808afb84d7b98b6f496015db8fcbe7ae0f8ef341324
07 Files for the engineer/Project files/ce-parts/microduck-banana-pcb-locker/iterations/v0.0.1/trust.json,1047,94bf18a605646349ee613610a80660b8891baa4e819480de3c2086268ae902f0
07 Files for the engineer/Project files/ce-parts/microduck-bearing-roll/ITERATIONS.md,417,26abb3c8b07f261fd5d0e5cd6610980d57cee1cb6b39ef24bb5c8461ae7f7a2c
07 Files for the engineer/Project files/ce-parts/microduck-bearing-roll/component.json,2335,26438a6dd65dc8da3538b8460d9eb5033027e04bb3a3b0686c518b0ba0003eb4
07 Files for the engineer/Project files/ce-parts/microduck-bearing-roll/iterations/v0.0.1/cad/interfaces.json,6981,634b8f47a77451b24a9a29feb85abd819f686a35b175df67611b4cd518295c12
07 Files for the engineer/Project files/ce-parts/microduck-bearing-roll/iterations/v0.0.1/cad/part.py,4789,a9739b3f5d2612975057c643a0d70d3c38372344f9ae46b6597dc42e929d02f5
07 Files for the engineer/Project files/ce-parts/microduck-bearing-roll/iterations/v0.0.1/docs/README.md,3789,bd9c6e8cf26eb06e1df27b650c619cb7e2b2c420dee5722a3f666da93d3af409
07 Files for the engineer/Project files/ce-parts/microduck-bearing-roll/iterations/v0.0.1/evidence/refcheck/2026-09-01T16-15-38Z/compare.json,869,9d44a7135937a797fed0c04a9b2aa2912508e2a9c477a7d3a821936360e831ba
07 Files for the engineer/Project files/ce-parts/microduck-bearing-roll/iterations/v0.0.1/evidence/refcheck/2026-09-01T16-15-38Z/features.json,1223,9ca3607ead31b4c6c331b696163286bde2a3439ceb9a7c6032d3d5a36fdbcc7a
07 Files for the engineer/Project files/ce-parts/microduck-bearing-roll/iterations/v0.0.1/evidence/refcheck/2026-09-01T16-15-38Z/ours.stl,1506884,d68dfda3f29158f9acd65e874471f49fc8c1fdd655a47290d9c95c3a00884135
07 Files for the engineer/Project files/ce-parts/microduck-bearing-roll/iterations/v0.0.1/evidence/refcheck/2026-09-01T16-15-38Z/report.json,3951,ac18b000b785fe3b9da1c3cd5b9d73d5ffd4ce2be10ba986814d273f631f848a
07 Files for the engineer/Project files/ce-parts/microduck-bearing-roll/iterations/v0.0.1/evidence/refcheck/2026-09-01T16-15-38Z/report.md,766,525b5aee3274c35126044e07d7e68bb6a035c415c4753349c5c4836b22ee6a25
07 Files for the engineer/Project files/ce-parts/microduck-bearing-roll/iterations/v0.0.1/mech/mech.py,1407,d50f5181dd10e5cd7890309a2195febc2647bf1b7f208b4bbd94c2177b04f355
07 Files for the engineer/Project files/ce-parts/microduck-bearing-roll/iterations/v0.0.1/refs.json,70,eb344f1290109be824c81d880c59cfd52246fffd45b1a9d38a6810a9281bab7b
07 Files for the engineer/Project files/ce-parts/microduck-bearing-roll/iterations/v0.0.1/sim/fluid.py,131,b3561d082b1166d078dfac85a666d77ccc3355cc8c9da919d03e277a1a00a592
07 Files for the engineer/Project files/ce-parts/microduck-bearing-roll/iterations/v0.0.1/sim/struct.py,108,6c879e234dd2a37a71f8a808afb84d7b98b6f496015db8fcbe7ae0f8ef341324
07 Files for the engineer/Project files/ce-parts/microduck-bearing-roll/iterations/v0.0.1/trust.json,1037,8df03dc5e11b6a47c9aeccda3445ee02c39a00fc3560b59f561897b7d98bc853
07 Files for the engineer/Project files/ce-parts/microduck-bottom-head-shell/ITERATIONS.md,240,b60003d2804e8e9a3ac91a2e36c93759056a30db672dd256007cd3106e70cb36
07 Files for the engineer/Project files/ce-parts/microduck-bottom-head-shell/component.json,2888,27fe77d391cce5874dfd7ea59d0ae7ec2e3e7801f1863942df1537caf9211ae3
07 Files for the engineer/Project files/ce-parts/microduck-bottom-head-shell/iterations/v0.0.1/cad/interfaces.json,3434,cd60d841971d5f6cb9fffe9024bcf3312ade0f320c33f273b91dd5e2c2ee7b56
07 Files for the engineer/Project files/ce-parts/microduck-bottom-head-shell/iterations/v0.0.1/cad/part.py,357,c028a16ab176e5498df35753f3c0b47206b7d29af73cad9104d656aae1c54c04
07 Files for the engineer/Project files/ce-parts/microduck-bottom-head-shell/iterations/v0.0.1/mech/mech.py,304,83f311ff1271efbe3fd191c32e9ef239d22230a5109b206ce807497c60a47277
07 Files for the engineer/Project files/ce-parts/microduck-bottom-head-shell/iterations/v0.0.1/refs.json,70,eb344f1290109be824c81d880c59cfd52246fffd45b1a9d38a6810a9281bab7b
07 Files for the engineer/Project files/ce-parts/microduck-bottom-head-shell/iterations/v0.0.1/sim/fluid.py,131,b3561d082b1166d078dfac85a666d77ccc3355cc8c9da919d03e277a1a00a592
07 Files for the engineer/Project files/ce-parts/microduck-bottom-head-shell/iterations/v0.0.1/sim/struct.py,108,6c879e234dd2a37a71f8a808afb84d7b98b6f496015db8fcbe7ae0f8ef341324
07 Files for the engineer/Project files/ce-parts/microduck-bottom-head-shell/iterations/v0.0.1/trust.json,2209,c6573264a586cb743caebc43bd571a61a12fd7a9bf528ce7dec2151be90af759
07 Files for the engineer/Project files/ce-parts/microduck-camera-module/ITERATIONS.md,211,ed0969ae3eb54d59940d4e328550331b4b8f59cd2bed0fe9157af42926f8331e
07 Files for the engineer/Project files/ce-parts/microduck-camera-module/component.json,584,bfac811a7bbb1a34872870519c7d286ca9abe313fe5250525b8679093dda736b
07 Files for the engineer/Project files/ce-parts/microduck-camera-module/electrical.part.json,3345,8e7942da755de25cef375b26ddf256635232572849c15a080f43df3ad39390af
07 Files for the engineer/Project files/ce-parts/microduck-camera-module/sourcing.json,2949,dbd956db7dcb4cfcc9dc4db818c68579be55c82d5300997f7be8c4c66e1743e3
07 Files for the engineer/Project files/ce-parts/microduck-eye-ring/ITERATIONS.md,387,b3880951f710be8d7618f52f1e3272df291197ef7638e47393b0419cc036ef30
07 Files for the engineer/Project files/ce-parts/microduck-eye-ring/component.json,5076,c25dcd52567ccad8afa0fac19cb153395d9d27d8fa7967f9a8a4a10dfe4a5a25
07 Files for the engineer/Project files/ce-parts/microduck-eye-ring/iterations/v0.0.1/cad/interfaces.json,2309,bb74e126a5da89b0e09110c003ee740c8e8d5f1cbb53103fdc2909e58f883e90
07 Files for the engineer/Project files/ce-parts/microduck-eye-ring/iterations/v0.0.1/cad/part.py,5542,56db5d0b1baa53d6ca0ec1786be5d837f479f945db45807a1f13959f5ad15427
07 Files for the engineer/Project files/ce-parts/microduck-eye-ring/iterations/v0.0.1/docs/README.md,5019,1997e8ce87f3a37a0be1eec871b363d3abdbe8c0e0390c08fbe738953e48c90b
07 Files for the engineer/Project files/ce-parts/microduck-eye-ring/iterations/v0.0.1/evidence/refcheck/2026-09-04T19-21-10Z/compare.json,886,40bef43450217393765556dd9bf8ee5d6ff778f84295bc1984f8efd7f4212f8c
07 Files for the engineer/Project files/ce-parts/microduck-eye-ring/iterations/v0.0.1/evidence/refcheck/2026-09-04T19-21-10Z/features.json,537,82c7cc85b4349c301560c72eacc8df96ce19fa8d5b1a978b6aa60ecf1dc331ff
07 Files for the engineer/Project files/ce-parts/microduck-eye-ring/iterations/v0.0.1/evidence/refcheck/2026-09-04T19-21-10Z/ours.stl,103884,3dc7b6564c1767c719d7499c93095bdec0e49a576cd33d1adf3476795be2b04a
07 Files for the engineer/Project files/ce-parts/microduck-eye-ring/iterations/v0.0.1/evidence/refcheck/2026-09-04T19-21-10Z/report.json,3187,274a6f0358118c785897eb83477cb22761b172644ab5b34eed72b81c8ff76150
07 Files for the engineer/Project files/ce-parts/microduck-eye-ring/iterations/v0.0.1/evidence/refcheck/2026-09-04T19-21-10Z/report.md,712,1299517fb277d8f816807c403d1dfb3976907a113dc5b4be1da792ebf0039828
07 Files for the engineer/Project files/ce-parts/microduck-eye-ring/iterations/v0.0.1/geometry/eye-ring.stl,103884,3dc7b6564c1767c719d7499c93095bdec0e49a576cd33d1adf3476795be2b04a
07 Files for the engineer/Project files/ce-parts/microduck-eye-ring/iterations/v0.0.1/mech/mech.py,891,19a4d609ae1557ddbf79fb0df842afd0435f27a6bfba47bd795b0e6476badb18
07 Files for the engineer/Project files/ce-parts/microduck-eye-ring/iterations/v0.0.1/refs.json,70,eb344f1290109be824c81d880c59cfd52246fffd45b1a9d38a6810a9281bab7b
07 Files for the engineer/Project files/ce-parts/microduck-eye-ring/iterations/v0.0.1/sim/fluid.py,131,b3561d082b1166d078dfac85a666d77ccc3355cc8c9da919d03e277a1a00a592
07 Files for the engineer/Project files/ce-parts/microduck-eye-ring/iterations/v0.0.1/sim/struct.py,108,6c879e234dd2a37a71f8a808afb84d7b98b6f496015db8fcbe7ae0f8ef341324
07 Files for the engineer/Project files/ce-parts/microduck-eye-ring/iterations/v0.0.1/trust.json,2769,eedd6a21e785b4e7234f5941faf476d5b0969ff75123ac509543a4b71664fd54
07 Files for the engineer/Project files/ce-parts/microduck-face-part/ITERATIONS.md,232,3aa12e83a1cde49216d8373e067ab62c9eb01580943ba4ffcbd4e7b6e1a78d22
07 Files for the engineer/Project files/ce-parts/microduck-face-part/component.json,2812,90b11f7f496a77511eca570028798f79d5acb1680568ec199513f92af1c0b61e
07 Files for the engineer/Project files/ce-parts/microduck-face-part/iterations/v0.0.1/cad/interfaces.json,15772,d51847ed0dceb32ebf0f7b20d30287b3f383c338a9d798035fc6bd84d643d525
07 Files for the engineer/Project files/ce-parts/microduck-face-part/iterations/v0.0.1/cad/part.py,349,46afa3915c80cdee5b800c02db1cc5a85fa9dc463552663808c6525bb14ac86b
07 Files for the engineer/Project files/ce-parts/microduck-face-part/iterations/v0.0.1/mech/mech.py,296,c09a323e43f9123d88bfadd177b8228d7699925fd86bcd8add508c0d44d7c1b8
07 Files for the engineer/Project files/ce-parts/microduck-face-part/iterations/v0.0.1/refs.json,70,eb344f1290109be824c81d880c59cfd52246fffd45b1a9d38a6810a9281bab7b
07 Files for the engineer/Project files/ce-parts/microduck-face-part/iterations/v0.0.1/sim/fluid.py,131,b3561d082b1166d078dfac85a666d77ccc3355cc8c9da919d03e277a1a00a592
07 Files for the engineer/Project files/ce-parts/microduck-face-part/iterations/v0.0.1/sim/struct.py,108,6c879e234dd2a37a71f8a808afb84d7b98b6f496015db8fcbe7ae0f8ef341324
07 Files for the engineer/Project files/ce-parts/microduck-face-part/iterations/v0.0.1/trust.json,1079,d3ff564a715ae4eb03ce0f96fdd9407bbb3366050b941c568b54dddbcffeb6cb
07 Files for the engineer/Project files/ce-parts/microduck-foot-left/ITERATIONS.md,481,86762431c4c277b4a5d6b8ff91ca06ab68423964b5c01b25a640bd4fef52435a
07 Files for the engineer/Project files/ce-parts/microduck-foot-left/component.json,1946,b8bcab6e339e773332b4657fecfe852c8ca550d1aab675f4b6613a676d2c4bac
07 Files for the engineer/Project files/ce-parts/microduck-foot-left/iterations/v0.0.1/cad/interfaces.json,263,bdc8b8745a9c8a530f38f86548ff82098bc2e1d81d9053447aa8a20b1f12c681
07 Files for the engineer/Project files/ce-parts/microduck-foot-left/iterations/v0.0.1/cad/part.py,1992,0b30ee309c13f735ae1eb43b05fa02d57d41b3d5684291773a097480e1c0da0f
07 Files for the engineer/Project files/ce-parts/microduck-foot-left/iterations/v0.0.1/docs/README.md,293,c2f66e7296228b9f0adfba725d7cc39a7db9f36ef5445a02ae05d6ae0f0d8671
07 Files for the engineer/Project files/ce-parts/microduck-foot-left/iterations/v0.0.1/geometry/foot_left.stl,996184,5de2622a7b894e0fc9988dc6cff6579ee1dc818ffaddd0319f49cf5d5bd05587
07 Files for the engineer/Project files/ce-parts/microduck-foot-left/iterations/v0.0.1/mech/mech.py,284,4f99cb766b8e4594cc9170dcbb9c1e38fa05c8d23164cca7f3fa81bee08ce4bf
07 Files for the engineer/Project files/ce-parts/microduck-foot-left/iterations/v0.0.1/refs.json,63,d4b280334175d58a5b9624c78c6ea1928c2bfc7eb7880b25699246acd0ec995f
07 Files for the engineer/Project files/ce-parts/microduck-foot-left/iterations/v0.0.1/trust.json,1030,e947402d292b2a9500efc7d2f78d0fba5b52c09b913de1dad16aeba6441d80da
07 Files for the engineer/Project files/ce-parts/microduck-foot-left/iterations/v0.0.2/cad/interfaces.json,7544,5297752018c8f0272f534a32c5f65cfdfe4f6235d9cc4729f773bd33c1bd586c
07 Files for the engineer/Project files/ce-parts/microduck-foot-left/iterations/v0.0.2/cad/part.py,22405,e5ba9837045702cf3295b101a6dcbe32f003ea97d97f3e152304e6ffa19a7139
07 Files for the engineer/Project files/ce-parts/microduck-foot-left/iterations/v0.0.2/docs/README.md,2045,7c884097928fdb6e3da8b5b6b0db22c35ab4d560222c88d14f927bffe0dd6f35
07 Files for the engineer/Project files/ce-parts/microduck-foot-left/iterations/v0.0.2/evidence/refcheck/2026-09-01T19-51-24Z/compare.json,905,d485906b1d728138be3bac57e0ca624ec77832627c55bda43868bff44dfd48af
07 Files for the engineer/Project files/ce-parts/microduck-foot-left/iterations/v0.0.2/evidence/refcheck/2026-09-01T19-51-24Z/features.json,540,3a5fad0c41a4f882736380d79247b9d4df08e36c6788c8bbb0e43e9363265dd7
07 Files for the engineer/Project files/ce-parts/microduck-foot-left/iterations/v0.0.2/evidence/refcheck/2026-09-01T19-51-24Z/ours.stl,255584,d6381f95f5f9bae2792c089fef27b32daed45fb35e5bb100cb5380b5c93d308f
07 Files for the engineer/Project files/ce-parts/microduck-foot-left/iterations/v0.0.2/evidence/refcheck/2026-09-01T19-51-24Z/report.json,3219,4159516f74973490e79bd3800279d891e04e81bf212ba67dec88ab3274b14a4c
07 Files for the engineer/Project files/ce-parts/microduck-foot-left/iterations/v0.0.2/evidence/refcheck/2026-09-01T19-51-24Z/report.md,721,15b82773e29b3ff56776a8432bc99576a2ee235ae56e3d19ba1f22246b9bd1ec
07 Files for the engineer/Project files/ce-parts/microduck-foot-left/iterations/v0.0.2/mech/mech.py,572,c1c5095232b651cebbb09db323b1bd1ca9ec5264cdd7116336157cac2021faa1
07 Files for the engineer/Project files/ce-parts/microduck-foot-left/iterations/v0.0.2/refs.json,63,d4b280334175d58a5b9624c78c6ea1928c2bfc7eb7880b25699246acd0ec995f
07 Files for the engineer/Project files/ce-parts/microduck-foot-left/iterations/v0.0.2/trust.json,1056,7dad074c2b7c9aa1ae5441d73be325becb56e49e3b5867bcc5968c2aef3ec29b
07 Files for the engineer/Project files/ce-parts/microduck-foot-right/ITERATIONS.md,484,8fea2e2c42b07adb1b3b3517cc1ed5935e9ac1be0516a1e21df65552f5a81fb3
07 Files for the engineer/Project files/ce-parts/microduck-foot-right/component.json,2061,13f54160106ddf50a81ea9a654b8884473bd6f69a3f4248fe2d4b71e9dd5f06f
07 Files for the engineer/Project files/ce-parts/microduck-foot-right/iterations/v0.0.1/cad/interfaces.json,264,c8e5ed332961d2ee9c4d0d7fe28b65c6d331a719018e2d72ed179a662416e077
07 Files for the engineer/Project files/ce-parts/microduck-foot-right/iterations/v0.0.1/cad/part.py,1998,16fbf4c43f6da1827fa10ead856fcea311edfa5377bf130d9f4f511f84b70fac
07 Files for the engineer/Project files/ce-parts/microduck-foot-right/iterations/v0.0.1/docs/README.md,296,5788f37fb4da831092e37043b790742fcfd19469785c0da2654719cd27f1817e
07 Files for the engineer/Project files/ce-parts/microduck-foot-right/iterations/v0.0.1/geometry/foot_right.stl,995784,8ffa894b29578edc78f5e982a7d89a8f5e4fa1dc27232b88c22a8a0a74cfbaa7
07 Files for the engineer/Project files/ce-parts/microduck-foot-right/iterations/v0.0.1/mech/mech.py,286,3f1a1ff3424ce6858ac245ef7029692878290cb210c0b59c001ad9a2692e1bc4
07 Files for the engineer/Project files/ce-parts/microduck-foot-right/iterations/v0.0.1/refs.json,63,d4b280334175d58a5b9624c78c6ea1928c2bfc7eb7880b25699246acd0ec995f
07 Files for the engineer/Project files/ce-parts/microduck-foot-right/iterations/v0.0.1/trust.json,1032,39eb9991e409b78533fc9faee9408a8665e153e935c45649a01dac297f6e0075
07 Files for the engineer/Project files/ce-parts/microduck-foot-right/iterations/v0.0.2/cad/interfaces.json,7294,71aa87b67981a68d90e01b116d65c1b5329fb740c2a40c79b7f4374b4f0cb29e
07 Files for the engineer/Project files/ce-parts/microduck-foot-right/iterations/v0.0.2/cad/part.py,1600,2ae2f2f881be3d54571a565546dabc5a1da0cee86a8d84935a2d473d3b14a9c4
07 Files for the engineer/Project files/ce-parts/microduck-foot-right/iterations/v0.0.2/docs/README.md,590,cf82a0ddb86de3b9bc397fa2d7b08f1ca58a66b175cb88dd7154700d08d8c275
07 Files for the engineer/Project files/ce-parts/microduck-foot-right/iterations/v0.0.2/evidence/refcheck/2026-09-01T19-53-33Z/compare.json,909,284ba326dbfa4e76fcb126c7c88c8c3e11654b6f8da7b3cc5c655e9e57cc999c
07 Files for the engineer/Project files/ce-parts/microduck-foot-right/iterations/v0.0.2/evidence/refcheck/2026-09-01T19-53-33Z/features.json,542,aec62136472fd4f5dd478cf041637f87fb1a4bc788f50cac83a5db403ce2f30c
07 Files for the engineer/Project files/ce-parts/microduck-foot-right/iterations/v0.0.2/evidence/refcheck/2026-09-01T19-53-33Z/ours.stl,263984,f2762b23d0d57ef662e2c6d9335d2f310dc949a28eade84c7c0a6b072c074962
07 Files for the engineer/Project files/ce-parts/microduck-foot-right/iterations/v0.0.2/evidence/refcheck/2026-09-01T19-53-33Z/report.json,3235,71761b9e4ecbb33bc7a4d51faf7a766cc90cbbcebfa1ef4d6c4bba2227307944
07 Files for the engineer/Project files/ce-parts/microduck-foot-right/iterations/v0.0.2/evidence/refcheck/2026-09-01T19-53-33Z/report.md,723,226268933181b653fb836746a67409a639baf48a91755026c091b7adf9102bcd
07 Files for the engineer/Project files/ce-parts/microduck-foot-right/iterations/v0.0.2/mech/mech.py,575,01c7c5abfe6d96e5e5c111b2787086a4761d595a16121db3e3e77d96bc96c036
07 Files for the engineer/Project files/ce-parts/microduck-foot-right/iterations/v0.0.2/refs.json,63,d4b280334175d58a5b9624c78c6ea1928c2bfc7eb7880b25699246acd0ec995f
07 Files for the engineer/Project files/ce-parts/microduck-foot-right/iterations/v0.0.2/trust.json,1033,5cd9b67a2673ff4aec528da165fb91deb61a5008b480724a734303820b5a030f
07 Files for the engineer/Project files/ce-parts/microduck-hip-bracket/ITERATIONS.md,234,ce0cb7b17c321e19a5391e14b987d81087805794c371f742fd9f8e01557f494d
07 Files for the engineer/Project files/ce-parts/microduck-hip-bracket/component.json,1958,800b1d4a8492be41794b92702338af7eb64d3eeace07634889f03b4eceb42a61
07 Files for the engineer/Project files/ce-parts/microduck-hip-bracket/iterations/v0.0.1/cad/interfaces.json,3542,04d8ad91e5c3d154d0b52c46b270c641d6c9b20f591f604fba839b77e25525ec
07 Files for the engineer/Project files/ce-parts/microduck-hip-bracket/iterations/v0.0.1/cad/part.py,13578,e638d1832a41ee86da07be56d3f9b1ee01ae5c9420a1d6432acd750215eacd77
07 Files for the engineer/Project files/ce-parts/microduck-hip-bracket/iterations/v0.0.1/docs/README.md,3215,242fde7f1761b1f18f2a9245cf1114018e635b8e824870b2367a47e132345055
07 Files for the engineer/Project files/ce-parts/microduck-hip-bracket/iterations/v0.0.1/evidence/refcheck/2026-09-01T18-58-41Z/compare.json,893,dd5cc83b5fdd5c4de0d202e8e414171694cea785f7f107a6a02f83da8055800e
07 Files for the engineer/Project files/ce-parts/microduck-hip-bracket/iterations/v0.0.1/evidence/refcheck/2026-09-01T18-58-41Z/features.json,4211,a74b2374e72a54b7e51f661256c9e80971393a3bab33a2f2d5594dfe1f996aa5
07 Files for the engineer/Project files/ce-parts/microduck-hip-bracket/iterations/v0.0.1/evidence/refcheck/2026-09-01T18-58-41Z/ours.stl,859084,18f89b82fb6f225496bebb00dc20e64407e0ee08b25b6fa8946926166a1d53ec
07 Files for the engineer/Project files/ce-parts/microduck-hip-bracket/iterations/v0.0.1/evidence/refcheck/2026-09-01T18-58-41Z/report.json,7175,276652737fdc1613bd5102d550e25cd455e0d0650a22dc4477f5be4c2b99635a
07 Files for the engineer/Project files/ce-parts/microduck-hip-bracket/iterations/v0.0.1/evidence/refcheck/2026-09-01T18-58-41Z/report.md,869,09a58520b08c8a672976ac18cbb8b67de817f4fc845936599f3adc561e9a7914
07 Files for the engineer/Project files/ce-parts/microduck-hip-bracket/iterations/v0.0.1/mech/mech.py,1131,a3f5f07452d663d0e1aa2f41a1249bf396b1121899497093efe926d749662980
07 Files for the engineer/Project files/ce-parts/microduck-hip-bracket/iterations/v0.0.1/refs.json,70,eb344f1290109be824c81d880c59cfd52246fffd45b1a9d38a6810a9281bab7b
07 Files for the engineer/Project files/ce-parts/microduck-hip-bracket/iterations/v0.0.1/sim/fluid.py,131,b3561d082b1166d078dfac85a666d77ccc3355cc8c9da919d03e277a1a00a592
07 Files for the engineer/Project files/ce-parts/microduck-hip-bracket/iterations/v0.0.1/sim/struct.py,108,6c879e234dd2a37a71f8a808afb84d7b98b6f496015db8fcbe7ae0f8ef341324
07 Files for the engineer/Project files/ce-parts/microduck-hip-bracket/iterations/v0.0.1/trust.json,1432,d3f23cfa91fa152929e709f86c9924c99fadc84c59f19b6c4e19a7979e63632c
07 Files for the engineer/Project files/ce-parts/microduck-imu-to-dxl/ITERATIONS.md,208,807327635c89c63129df4a4e78cc81da5cde1895e9bfdf979c0e1c44b0040063
07 Files for the engineer/Project files/ce-parts/microduck-imu-to-dxl/component.json,3507,3effb374bc31a09b38ce99fec73847046e9e85457b3658c02e7f88f5a94186ec
07 Files for the engineer/Project files/ce-parts/microduck-imu-to-dxl/electrical.part.json,2359,77edb0a6aa9cd1a6bb9c1028181822a80d2261a9485d6528488a8642b3d1f074
07 Files for the engineer/Project files/ce-parts/microduck-jaw/ITERATIONS.md,247,22bc513ca480e15667dacfa31fcc70ff26216f038433b4395fdedec17385258f
07 Files for the engineer/Project files/ce-parts/microduck-jaw/component.json,3055,a71f37215ad56f0662c215c921c7784c4daf6cb4f87f131c254fde5d5fc23a9d
07 Files for the engineer/Project files/ce-parts/microduck-jaw/iterations/v0.0.1/cad/interfaces.json,4060,a83cce3e9c302567441d32c1a7c7bcf2cd225c93b43636a83b5edc4670508a26
07 Files for the engineer/Project files/ce-parts/microduck-jaw/iterations/v0.0.1/cad/part.py,1956,2c68e347b8a62b82024918a32f344d2946be61f880b3d0ed2bdb3bfa766e2439
07 Files for the engineer/Project files/ce-parts/microduck-jaw/iterations/v0.0.1/docs/README.md,279,5e9d35e16cb140a02ad655acef8a0975e23da6cf1aa9282e25408baa18eb5429
07 Files for the engineer/Project files/ce-parts/microduck-jaw/iterations/v0.0.1/geometry/jaw.stl,495984,65c300349113d3c6cd4a2cc587f76f7228115565a854492e42358ba8df71796a
07 Files for the engineer/Project files/ce-parts/microduck-jaw/iterations/v0.0.1/mech/mech.py,277,749fe9f8de1d048adbb58521cd81b91fde9135ee67f693d7a2b5f1a9e2a2994f
07 Files for the engineer/Project files/ce-parts/microduck-jaw/iterations/v0.0.1/refs.json,63,d4b280334175d58a5b9624c78c6ea1928c2bfc7eb7880b25699246acd0ec995f
07 Files for the engineer/Project files/ce-parts/microduck-jaw/iterations/v0.0.1/trust.json,2205,d85c85bd515715a51ed1a987bd4c7368c0b75cfec7c40a6182b1ef98653f37ca
07 Files for the engineer/Project files/ce-parts/microduck-jaw-soft/ITERATIONS.md,257,dae8f8d48c697ed27cfd6865f36d36d371924081666ea183d4cdba974a7dfacf
07 Files for the engineer/Project files/ce-parts/microduck-jaw-soft/component.json,2029,1e79093f21ff670230c970c05dce8eb455ef70127ee341806cef4f377879abaa
07 Files for the engineer/Project files/ce-parts/microduck-jaw-soft/iterations/v0.0.1/cad/interfaces.json,2242,ff0bd4fe12c4c3dfae6fb695af1f8c08634b0680ee1f164f9bc7d74debb31e7b
07 Files for the engineer/Project files/ce-parts/microduck-jaw-soft/iterations/v0.0.1/cad/part.py,1986,16bd9ba7a72f2bb0dd41706ba2b9252cdb8b527f7b91018daa9750f91cee0702
07 Files for the engineer/Project files/ce-parts/microduck-jaw-soft/iterations/v0.0.1/docs/README.md,289,df9acec1012066b8ca9cb3b7f2ea34f11321bc45cca41baad6a13e6722f5be54
07 Files for the engineer/Project files/ce-parts/microduck-jaw-soft/iterations/v0.0.1/geometry/jaw_soft.stl,336384,61a426890f748713d45a9c0844149bcb0340d326f75295dcf7de2a4d768cbc85
07 Files for the engineer/Project files/ce-parts/microduck-jaw-soft/iterations/v0.0.1/mech/mech.py,282,f761ac2727abbf5f35d8f9f84738fcedcd7a4a3b41bde7bcfcdfad9bd181c1a5
07 Files for the engineer/Project files/ce-parts/microduck-jaw-soft/iterations/v0.0.1/refs.json,63,d4b280334175d58a5b9624c78c6ea1928c2bfc7eb7880b25699246acd0ec995f
07 Files for the engineer/Project files/ce-parts/microduck-jaw-soft/iterations/v0.0.1/trust.json,1028,f13a0e40ad9484a681b4c3b0ff7599aa25022e478978a4c7c859599faac48dcd
07 Files for the engineer/Project files/ce-parts/microduck-m12-lens/ITERATIONS.md,231,20290f17ccc59537981cad187e95dbe1fd66a38ad8b3c425c9964a41628e6c3c
07 Files for the engineer/Project files/ce-parts/microduck-m12-lens/component.json,1621,b7281777f24e94c08a227c33d531ef1220b5116d083ce6c3e0071c8cf10ad574
07 Files for the engineer/Project files/ce-parts/microduck-m12-lens/iterations/v0.0.1/cad/interfaces.json,2926,4b5f6b33ef0eaab60854768fd4e590d47a342a01ac7c0d7b52ebefa907e0ba75
07 Files for the engineer/Project files/ce-parts/microduck-m12-lens/iterations/v0.0.1/cad/part.py,348,cc2cd01bd9afa67618109bdadf3aa2aa61e670f463d8d3d36ff4a8f18f8022cb
07 Files for the engineer/Project files/ce-parts/microduck-m12-lens/iterations/v0.0.1/mech/mech.py,295,1f87305e1b9d11d33dcd640b6fe07cad51c9187578a8d555a7ed50e23ba9a5ec
07 Files for the engineer/Project files/ce-parts/microduck-m12-lens/iterations/v0.0.1/refs.json,70,eb344f1290109be824c81d880c59cfd52246fffd45b1a9d38a6810a9281bab7b
07 Files for the engineer/Project files/ce-parts/microduck-m12-lens/iterations/v0.0.1/sim/fluid.py,131,b3561d082b1166d078dfac85a666d77ccc3355cc8c9da919d03e277a1a00a592
07 Files for the engineer/Project files/ce-parts/microduck-m12-lens/iterations/v0.0.1/sim/struct.py,108,6c879e234dd2a37a71f8a808afb84d7b98b6f496015db8fcbe7ae0f8ef341324
07 Files for the engineer/Project files/ce-parts/microduck-m12-lens/iterations/v0.0.1/trust.json,917,71f333833b67b6c48ed5395e63b9d848e27d9ca7e0324be267dedda22c584511
07 Files for the engineer/Project files/ce-parts/microduck-m12-lens/sourcing.json,6458,40b50006e90134a4261f558b6e0585280bf160fbe6d51ed533f1268b2cf320ff
07 Files for the engineer/Project files/ce-parts/microduck-m12-lens-holder/ITERATIONS.md,238,f3313625a9cb588725065e866883db1475dff030d9181960d384f8d3241aed51
07 Files for the engineer/Project files/ce-parts/microduck-m12-lens-holder/component.json,1668,e0246b3b9e7643983f2ca79873b0cf015e6d94542abb88f8ea1608facc2b4008
07 Files for the engineer/Project files/ce-parts/microduck-m12-lens-holder/iterations/v0.0.1/cad/interfaces.json,4465,03dde61ccf66772ec93b54b037771e89abf7671fbccdc71f447fd68537e05908
07 Files for the engineer/Project files/ce-parts/microduck-m12-lens-holder/iterations/v0.0.1/cad/part.py,8701,7fdbbd483f595c53932d0b476af1f8c413eef3dc84cc528a834e8deac3524eff
07 Files for the engineer/Project files/ce-parts/microduck-m12-lens-holder/iterations/v0.0.1/mech/mech.py,302,f713e0471dd14682ab4354e1ef87bbd529cb0c90353ca3cd764cb067e1ebf213
07 Files for the engineer/Project files/ce-parts/microduck-m12-lens-holder/iterations/v0.0.1/refs.json,70,eb344f1290109be824c81d880c59cfd52246fffd45b1a9d38a6810a9281bab7b
07 Files for the engineer/Project files/ce-parts/microduck-m12-lens-holder/iterations/v0.0.1/sim/fluid.py,131,b3561d082b1166d078dfac85a666d77ccc3355cc8c9da919d03e277a1a00a592
07 Files for the engineer/Project files/ce-parts/microduck-m12-lens-holder/iterations/v0.0.1/sim/struct.py,108,6c879e234dd2a37a71f8a808afb84d7b98b6f496015db8fcbe7ae0f8ef341324
07 Files for the engineer/Project files/ce-parts/microduck-m12-lens-holder/iterations/v0.0.1/trust.json,938,4949b67c3e186bb75e768721506b8bdb4b97b3a28e2e98ee616b2a158b1fb543
07 Files for the engineer/Project files/ce-parts/microduck-mic/ITERATIONS.md,201,f9f73642afbc2ba3d23d1c9cb5ff3bb68f5cc3d67ee95b430709ef461aafdb61
07 Files for the engineer/Project files/ce-parts/microduck-mic/component.json,4779,8286496b8aeb8fb111380271e254f9401d1aa32e4b5961dab5c92785b8d81f20
07 Files for the engineer/Project files/ce-parts/microduck-mic/docs/linux-sound-soc-codecs-tlv320aic3x.c,63694,ef2909bd10f0854ac5061b8d1c0410c911498377d234931a9e180edfb51e7e9f
07 Files for the engineer/Project files/ce-parts/microduck-mic/electrical.part.json,1647,653a421bedc4d309efb0d1c7f09c8fcd81c5cfd80b3d94fe3e657480b4b483da
07 Files for the engineer/Project files/ce-parts/microduck-motor-support/ITERATIONS.md,604,489d9a18a98f76f9835dc71b118bee9bc58ae3524b2558889d74022aad9e6283
07 Files for the engineer/Project files/ce-parts/microduck-motor-support/component.json,1680,55b2636d597b74df756613d8b6fb892b395ce79be166e474ba94e67e09bf1e12
07 Files for the engineer/Project files/ce-parts/microduck-motor-support/iterations/v0.0.1/cad/interfaces.json,840,018c6e4c2c59d40e87f1a248cc1e115a370650c88a8f83f19ecf1563de053795
07 Files for the engineer/Project files/ce-parts/microduck-motor-support/iterations/v0.0.1/cad/part.py,2064,941e7224abb60a0a2f98d28043b3b13234914f1864a656c53474d4a399c29566
07 Files for the engineer/Project files/ce-parts/microduck-motor-support/iterations/v0.0.1/docs/README.md,304,14ba101eb13f1fc464a5d2c06efc1cf911c9a8d25b53089588ac41be61192f75
07 Files for the engineer/Project files/ce-parts/microduck-motor-support/iterations/v0.0.1/geometry/motor_support.stl,180884,5a741ee0dc71b349b8d6def4bffb826c4b9304c47cf0f00ffd1a3140b9205220
07 Files for the engineer/Project files/ce-parts/microduck-motor-support/iterations/v0.0.1/mech/mech.py,287,6bebfcfdc0a40b8070ccdf933fcea63c30c1a31a51a01b8670e68fd56cb691fc
07 Files for the engineer/Project files/ce-parts/microduck-motor-support/iterations/v0.0.1/refs.json,63,d4b280334175d58a5b9624c78c6ea1928c2bfc7eb7880b25699246acd0ec995f
07 Files for the engineer/Project files/ce-parts/microduck-motor-support/iterations/v0.0.1/trust.json,1038,6addc9cb8d9582e14400038396c22e9f644886a22cf04650fa9b56b502b76c22
07 Files for the engineer/Project files/ce-parts/microduck-motor-support/iterations/v0.1.0/cad/interfaces.json,5908,9eaf89f497a5656e747d09a6a1c12cf76851073aad80df475df505079528c966
07 Files for the engineer/Project files/ce-parts/microduck-motor-support/iterations/v0.1.0/cad/part.py,17783,d050316dd509ba2d821d9e44c8c1ae122f1192789406fda2d59290748cd2c2ee
07 Files for the engineer/Project files/ce-parts/microduck-motor-support/iterations/v0.1.0/docs/README.md,2659,fd5c9bf9ed9556ec525b962484cbc6ab42e1c6b5fe739ebce3229ba72f53639a
07 Files for the engineer/Project files/ce-parts/microduck-motor-support/iterations/v0.1.0/evidence/refcheck/2026-09-01T19-55-33Z/compare.json,890,fbf20e6469bade5d2530791bd116dd7c93781b8a6e378d8ddb1d17f323ca850a
07 Files for the engineer/Project files/ce-parts/microduck-motor-support/iterations/v0.1.0/evidence/refcheck/2026-09-01T19-55-33Z/features.json,1165,ac4b2676a8a869f17d06a13283e792e6a2c89b8a691697952ca1621f19f0c31d
07 Files for the engineer/Project files/ce-parts/microduck-motor-support/iterations/v0.1.0/evidence/refcheck/2026-09-01T19-55-33Z/ours.stl,286484,838e24efb32012fb17a42d910dd38ac3770fbf8e887ae5f91b5d8c12d2dfe2e6
07 Files for the engineer/Project files/ce-parts/microduck-motor-support/iterations/v0.1.0/evidence/refcheck/2026-09-01T19-55-33Z/report.json,3917,1c68716002a203d5871526a8db27566139eb2ec0e81da88f125fdd99764f7013
07 Files for the engineer/Project files/ce-parts/microduck-motor-support/iterations/v0.1.0/evidence/refcheck/2026-09-01T19-55-33Z/report.md,718,21bfcee7eb1f50b449f9abf053c08c1888de2668ef6e61c8f0656ac1dc499250
07 Files for the engineer/Project files/ce-parts/microduck-motor-support/iterations/v0.1.0/mech/mech.py,990,6012cb45e690fedf33f353e2a86331bc8547af4706c58ea8fb6138afba2cdcc9
07 Files for the engineer/Project files/ce-parts/microduck-motor-support/iterations/v0.1.0/refs.json,63,d4b280334175d58a5b9624c78c6ea1928c2bfc7eb7880b25699246acd0ec995f
07 Files for the engineer/Project files/ce-parts/microduck-motor-support/iterations/v0.1.0/trust.json,9336,f88ba4ddd404f459d64c8a23bf15dfb9c2382190267f01df5789b6fa78d8e76b
07 Files for the engineer/Project files/ce-parts/microduck-neck-pitch-bracket/ITERATIONS.md,398,430a550cbdb38ab191f4f613bbab87e16a842ab6dbf0dc7a32be0d6d66d30303
07 Files for the engineer/Project files/ce-parts/microduck-neck-pitch-bracket/component.json,2164,e1ea1f82f32c88aa2f5d277fd66e7aec99dea6be384327b34155c448a9a4daae
07 Files for the engineer/Project files/ce-parts/microduck-neck-pitch-bracket/iterations/v0.0.1/cad/interfaces.json,2824,6df068cbc5c8c0eb73fec42d52dad24fbf869a0e6cc46952290b2bc365cfa377
07 Files for the engineer/Project files/ce-parts/microduck-neck-pitch-bracket/iterations/v0.0.1/cad/part.py,7425,0a23c1ed59126b300bf4d96cb5e3944938b41a004b8449e880a7fc963b89544a
07 Files for the engineer/Project files/ce-parts/microduck-neck-pitch-bracket/iterations/v0.0.1/cad/part_dbg_gen.txt,0,e3b0c44298fc1c149afbf4c8996fb92427ae41e4649b934ca495991b7852b855
07 Files for the engineer/Project files/ce-parts/microduck-neck-pitch-bracket/iterations/v0.0.1/docs/README.md,2278,f1d8090752cd0500232d1f927033718800597fd1f40675b16869e2f08aec7a81
07 Files for the engineer/Project files/ce-parts/microduck-neck-pitch-bracket/iterations/v0.0.1/evidence/refcheck/2026-09-01T19-38-41Z/compare.json,888,6ac23f6cd3518c6c4dff7165fb17a70f40271480f041c2952a1e759914654a7a
07 Files for the engineer/Project files/ce-parts/microduck-neck-pitch-bracket/iterations/v0.0.1/evidence/refcheck/2026-09-01T19-38-41Z/features.json,3475,539b99b6b7829d62e3af62623dfb216ab861f664bb92e48f8bb4c1329f3173e4
07 Files for the engineer/Project files/ce-parts/microduck-neck-pitch-bracket/iterations/v0.0.1/evidence/refcheck/2026-09-01T19-38-41Z/ours.stl,595084,8b7c242e97284a79c2d28dfa3502acbf3f9d220dc41681eb43b27e7570157ee7
07 Files for the engineer/Project files/ce-parts/microduck-neck-pitch-bracket/iterations/v0.0.1/evidence/refcheck/2026-09-01T19-38-41Z/report.json,6447,be93a03660cfa8c693f4a6dc692681be476f249acd17a2b8abf3a8ccc9e40874
07 Files for the engineer/Project files/ce-parts/microduck-neck-pitch-bracket/iterations/v0.0.1/evidence/refcheck/2026-09-01T19-38-41Z/report.md,725,997539125d2db57267c8cf87376017bc323cb4ab05acb3da89355c47f265ca37
07 Files for the engineer/Project files/ce-parts/microduck-neck-pitch-bracket/iterations/v0.0.1/mech/mech.py,1230,82f5b6fed8fcc59de6edd66d52e9c83b70e155cede4be5440f1421a45335c6a8
07 Files for the engineer/Project files/ce-parts/microduck-neck-pitch-bracket/iterations/v0.0.1/refs.json,63,d4b280334175d58a5b9624c78c6ea1928c2bfc7eb7880b25699246acd0ec995f
07 Files for the engineer/Project files/ce-parts/microduck-neck-pitch-bracket/iterations/v0.0.1/trust.json,1054,628a4aeb37058affb6ed7a449ead36b1c5428a73190553a9244bbb26ce8062e7
07 Files for the engineer/Project files/ce-parts/microduck-neck-plate/ITERATIONS.md,384,06ec62c41af3ea9f343f487faecbc3b0241417d99d507af70e83ce183181d3d9
07 Files for the engineer/Project files/ce-parts/microduck-neck-plate/component.json,1836,590ff05abc1e93a352c6ec17a63b01beee623a3c96bebec46bfc9074f5a67ccb
07 Files for the engineer/Project files/ce-parts/microduck-neck-plate/iterations/v0.0.1/cad/interfaces.json,1473,3eb1b69ba4443b9eaedf982e176b10f0f26c5ca09585b7c10e6959214a40ad5f
07 Files for the engineer/Project files/ce-parts/microduck-neck-plate/iterations/v0.0.1/cad/part.py,3446,8175db7be872b6fcfdda33f2cc14600e58d4b07e66f7c1f6ef23ded07cf48a62
07 Files for the engineer/Project files/ce-parts/microduck-neck-plate/iterations/v0.0.1/docs/README.md,1824,a5d0c83dd6b036e7313e520dfafdeb3e2c2d81b3e5b874063682b93d2324479f
07 Files for the engineer/Project files/ce-parts/microduck-neck-plate/iterations/v0.0.1/evidence/refcheck/2026-09-01T19-35-29Z/compare.json,879,712589f25c7480c1b44f973a5b62b1f6293b15801f3a8392101dbf9c7dd8a9c5
07 Files for the engineer/Project files/ce-parts/microduck-neck-plate/iterations/v0.0.1/evidence/refcheck/2026-09-01T19-35-29Z/features.json,989,2f081af258a59b699578c60b4eb7b7ab76be90447f29edd06d1ab816da576006
07 Files for the engineer/Project files/ce-parts/microduck-neck-plate/iterations/v0.0.1/evidence/refcheck/2026-09-01T19-35-29Z/ours.stl,111884,fedcbfd8ad93480282ce5cf4057b638c75c7a2aba5dde35f97b92ee505e09905
07 Files for the engineer/Project files/ce-parts/microduck-neck-plate/iterations/v0.0.1/evidence/refcheck/2026-09-01T19-35-29Z/report.json,3682,bb7b9efd58497232c9639a93a7f42df11fa65b268f1f50884a1540525600136c
07 Files for the engineer/Project files/ce-parts/microduck-neck-plate/iterations/v0.0.1/evidence/refcheck/2026-09-01T19-35-29Z/report.md,705,78787980cf06b031af3562f20ff430917f4d9fdd051c1e6a8c8820b47c285baf
07 Files for the engineer/Project files/ce-parts/microduck-neck-plate/iterations/v0.0.1/mech/mech.py,968,50182f64d4efa22499dcbe478cfab328ccd06f621906d65a38e53c2fece85683
07 Files for the engineer/Project files/ce-parts/microduck-neck-plate/iterations/v0.0.1/refs.json,63,d4b280334175d58a5b9624c78c6ea1928c2bfc7eb7880b25699246acd0ec995f
07 Files for the engineer/Project files/ce-parts/microduck-neck-plate/iterations/v0.0.1/trust.json,1470,168db2efba3d27c37cea1fff628c4ea6767025053d076e518f80ae80454e8895
07 Files for the engineer/Project files/ce-parts/microduck-power-support/ITERATIONS.md,236,aabb1bdc5eabd58e8b1b1dae26ccf6864c3bee3124ab3890be6eda27575f621c
07 Files for the engineer/Project files/ce-parts/microduck-power-support/component.json,2413,eb8a56a52de58b7a811cfba15b5b105aa85e2a5b10c04d5d1253b2002a299e24
07 Files for the engineer/Project files/ce-parts/microduck-power-support/iterations/v0.0.1/cad/interfaces.json,17511,d40cac8ad638f97861ec577dc9b7d32e1a7c16dbb6857ffecdc7448c130d799c
07 Files for the engineer/Project files/ce-parts/microduck-power-support/iterations/v0.0.1/cad/part.py,13800,c1f8e2d9b647d7e99a72ad1fec4778150a73038950dc3162bbaac180d91e4c7e
07 Files for the engineer/Project files/ce-parts/microduck-power-support/iterations/v0.0.1/docs/README.md,3831,e21cd4ae0a460b6b7f2db47a355363bea018e203e0599ffb8f35b79285787938
07 Files for the engineer/Project files/ce-parts/microduck-power-support/iterations/v0.0.1/evidence/refcheck/2026-09-01T14-59-09Z/compare.json,897,213e8eceff2c5d136d80ff59f66c11fed068c85cd7c92b5d96e94e567da4738f
07 Files for the engineer/Project files/ce-parts/microduck-power-support/iterations/v0.0.1/evidence/refcheck/2026-09-01T14-59-09Z/features.json,4003,75cb897b39af6c7ac73de256d9eb93cb8468f47b4cbb6a306b8a5547f0dfd27d
07 Files for the engineer/Project files/ce-parts/microduck-power-support/iterations/v0.0.1/evidence/refcheck/2026-09-01T14-59-09Z/ours.stl,3206032,a9c2084ae536d2aa58c45c4366468ee0fe6b3393373b7341b52197a90ad7eb3a
07 Files for the engineer/Project files/ce-parts/microduck-power-support/iterations/v0.0.1/evidence/refcheck/2026-09-01T14-59-09Z/report.json,6985,11575436a2fd826f4e9e4152ccaf20682b3a92b907c2f3c2c450a2328b0f8b21
07 Files for the engineer/Project files/ce-parts/microduck-power-support/iterations/v0.0.1/evidence/refcheck/2026-09-01T14-59-09Z/report.md,1092,e9d4d03f6c8765a9f50aefa9ff49361cb8dd16b3605b7bf15784620f28d73504
07 Files for the engineer/Project files/ce-parts/microduck-power-support/iterations/v0.0.1/evidence/refcheck/2026-09-01T15-10-11Z/compare.json,894,a08326b2936a2b4c8a5efe8315f925d626c6e9f957662e79ab0f75971307300e
07 Files for the engineer/Project files/ce-parts/microduck-power-support/iterations/v0.0.1/evidence/refcheck/2026-09-01T15-10-11Z/features.json,4003,75cb897b39af6c7ac73de256d9eb93cb8468f47b4cbb6a306b8a5547f0dfd27d
07 Files for the engineer/Project files/ce-parts/microduck-power-support/iterations/v0.0.1/evidence/refcheck/2026-09-01T15-10-11Z/ours.stl,3204008,015611e5478a3e1b6de2db0d3b2d7a824c83f5748d93be37999b0de8da9f308d
07 Files for the engineer/Project files/ce-parts/microduck-power-support/iterations/v0.0.1/evidence/refcheck/2026-09-01T15-10-11Z/report.json,6982,66a4c2078e841fc1f989a699a0dee7044470fccb8923264015c8492edf87d80f
07 Files for the engineer/Project files/ce-parts/microduck-power-support/iterations/v0.0.1/evidence/refcheck/2026-09-01T15-10-11Z/report.md,1093,191b233980681d01bd1f6cbc451e39519db41a446e7427ea6cd7e0828db10917
07 Files for the engineer/Project files/ce-parts/microduck-power-support/iterations/v0.0.1/mech/mech.py,1019,b74297da21582afc643f3891df6201222cbd07ca0db6fb9c3bed6e869970c2ff
07 Files for the engineer/Project files/ce-parts/microduck-power-support/iterations/v0.0.1/refs.json,70,eb344f1290109be824c81d880c59cfd52246fffd45b1a9d38a6810a9281bab7b
07 Files for the engineer/Project files/ce-parts/microduck-power-support/iterations/v0.0.1/sim/fluid.py,131,b3561d082b1166d078dfac85a666d77ccc3355cc8c9da919d03e277a1a00a592
07 Files for the engineer/Project files/ce-parts/microduck-power-support/iterations/v0.0.1/sim/struct.py,108,6c879e234dd2a37a71f8a808afb84d7b98b6f496015db8fcbe7ae0f8ef341324
07 Files for the engineer/Project files/ce-parts/microduck-power-support/iterations/v0.0.1/trust.json,1442,099f6f2f095007e5db0dfaa222d68fc97aab506911728c6721b3914df27c22dc
07 Files for the engineer/Project files/ce-parts/microduck-public-hat-y1/PROVENANCE.json,7293,4fb16fd30f1439bf52f2ab280c6df18146df8aade464b1f45d204239fdd34f01
07 Files for the engineer/Project files/ce-parts/microduck-public-hat-y1/README.md,2000,c68250fe45568371c1231c84e893f928a6c4c16f2212f354811d3f6da726e2d1
07 Files for the engineer/Project files/ce-parts/microduck-public-hat-y1/component.json,1855,90c5bf9f017efc40ede45e9c529da4c7b41b01338f143cdfc4db646dcbce3676
07 Files for the engineer/Project files/ce-parts/microduck-public-hat-y1/datasheet.pdf,1869841,d155dd2bc59fe81f90c6c434328061beb8159ce3c6d0538de4ce96c34d44b8e5
07 Files for the engineer/Project files/ce-parts/microduck-public-hat-y1/docs/SOURCE-FACTS.json,4144,21492ffc1d6226b8dab72a6f7f6e3c139df9939bcf0c8f3a0198e5e90b6864ad
07 Files for the engineer/Project files/ce-parts/microduck-public-hat-y1/docs/YXC-YSO110TR.pdf,1334440,8a1be8d34da1a6440d624d0c878e05bfa049158930fa9a6617e3488d3b844f37
07 Files for the engineer/Project files/ce-parts/microduck-public-hat-y1/docs/lcsc-datasheet.txt,4,009391559b2777d7003b4a8f2ac076416b66eee634361c208c85dae6d174cda0
07 Files for the engineer/Project files/ce-parts/microduck-public-hat-y1/docs/verification.json,271,ebac7a14dbab5f501184dd9d37024308828bb979b576018da9bb59051f5c0401
07 Files for the engineer/Project files/ce-parts/microduck-public-hat-y1/docs/verify.py,2998,d48b717c4dd124919436a759f93d3f3dfc718025ed9a4f86f6fb2d6dcc930f8c
07 Files for the engineer/Project files/ce-parts/microduck-public-hat-y1/electrical.chip.json,2105,7efaea562594e9749056d2b2468c4b5541e187d55025598bb275b3a1ed58de5e
07 Files for the engineer/Project files/ce-parts/microduck-public-hat-y1/electrical.part.json,3982,9c6dd47dd9baea4a920fb232b9d79db868b9b29a0b4b57b6ab63c34ce4c68822
07 Files for the engineer/Project files/ce-parts/microduck-robot-hat-pcb/ITERATIONS.md,236,ca56bcfb566f75d387df03a8acba466a4f80af0c1600d45c80c0ef98bceabb59
07 Files for the engineer/Project files/ce-parts/microduck-robot-hat-pcb/component.json,1824,a692980976a55115bdfed8f1c2665ca6820e46f0ad19d0a334a89108bc8ef1ac
07 Files for the engineer/Project files/ce-parts/microduck-robot-hat-pcb/electrical.part.json,10181,05224a7057ea1b33f2f3e2fcd0f64f42e77bf67fe8974403bd286c3701d3d490
07 Files for the engineer/Project files/ce-parts/microduck-robot-hat-pcb/iterations/v0.0.1/cad/interfaces.json,6039,7816ccf28c384084b1f51964299162f2ad0efda6ea7930bbc32d23bf9e950648
07 Files for the engineer/Project files/ce-parts/microduck-robot-hat-pcb/iterations/v0.0.1/cad/part.py,4488,c28f77d8eb0b976c432d7e013bb311a1573a233c2bf8694aa64855c08a78e5fe
07 Files for the engineer/Project files/ce-parts/microduck-robot-hat-pcb/iterations/v0.0.1/evidence/refcheck/2026-09-02T09-10-27Z/compare.json,891,a0b769fd6cc053457d72680992be43e4053c45282826480a74359f37afed69ab
07 Files for the engineer/Project files/ce-parts/microduck-robot-hat-pcb/iterations/v0.0.1/evidence/refcheck/2026-09-02T09-10-27Z/features.json,9840,ee849c8e60f729e1fc9a0f5ba2a27422400d82616331a7fb86d107f24a4ce185
07 Files for the engineer/Project files/ce-parts/microduck-robot-hat-pcb/iterations/v0.0.1/evidence/refcheck/2026-09-02T09-10-27Z/ours.stl,1556484,ba0f0e81c3b725084f28518d59ec9fbdb3ebf6ab224631fe8946aceeed5d07a9
07 Files for the engineer/Project files/ce-parts/microduck-robot-hat-pcb/iterations/v0.0.1/evidence/refcheck/2026-09-02T09-10-27Z/report.json,13262,68ef928621dc9020fb4df228f1e2b5dff3697ccdaa69bf93f8a8898619255e32
07 Files for the engineer/Project files/ce-parts/microduck-robot-hat-pcb/iterations/v0.0.1/evidence/refcheck/2026-09-02T09-10-27Z/report.md,739,08dfb373efa83ec035f0b791fdbd30c9ba87d79bae1049bbbec918726a688c2a
07 Files for the engineer/Project files/ce-parts/microduck-robot-hat-pcb/iterations/v0.0.1/mech/mech.py,300,07b3ebff48df01d9de78feaa1315472767fdc91cba6684a18da6f69323f8bb30
07 Files for the engineer/Project files/ce-parts/microduck-robot-hat-pcb/iterations/v0.0.1/refs.json,70,eb344f1290109be824c81d880c59cfd52246fffd45b1a9d38a6810a9281bab7b
07 Files for the engineer/Project files/ce-parts/microduck-robot-hat-pcb/iterations/v0.0.1/sim/fluid.py,131,b3561d082b1166d078dfac85a666d77ccc3355cc8c9da919d03e277a1a00a592
07 Files for the engineer/Project files/ce-parts/microduck-robot-hat-pcb/iterations/v0.0.1/sim/struct.py,108,6c879e234dd2a37a71f8a808afb84d7b98b6f496015db8fcbe7ae0f8ef341324
07 Files for the engineer/Project files/ce-parts/microduck-robot-hat-pcb/iterations/v0.0.1/trust.json,1039,5e6442d6fd44ae7afc8219e199d91a77145bb8e6f393529e84c6274c8041f6ac
07 Files for the engineer/Project files/ce-parts/microduck-shin/ITERATIONS.md,227,f844aebb52a4007d16b9fff7cd0e0e6617c8aeafce2bb4485257b1abf0f79611
07 Files for the engineer/Project files/ce-parts/microduck-shin/component.json,1726,380c3f8e4c0341527a6a4d23cd54a230167e79aeddab26bce4f64cbe42042187
07 Files for the engineer/Project files/ce-parts/microduck-shin/iterations/v0.0.1/cad/interfaces.json,1729,4cbe4679f5148596237993840235f9ce51b52eea76eafc3cb3f5dabe46daf3ec
07 Files for the engineer/Project files/ce-parts/microduck-shin/iterations/v0.0.1/cad/part.py,8425,3bcb1f06bf8b866abdea7493741b067ec94cc15f0a6998e55e16e2845a268edb
07 Files for the engineer/Project files/ce-parts/microduck-shin/iterations/v0.0.1/evidence/refcheck/2026-09-01T14-05-50Z/compare.json,885,165cd0778d4c4825abb73d64d8324dc8e807d4f70ddf52751c8afb83c40e60e3
07 Files for the engineer/Project files/ce-parts/microduck-shin/iterations/v0.0.1/evidence/refcheck/2026-09-01T14-05-50Z/features.json,3598,f3b562785a454d124aa66a6e78adff932cc9e5daa1314a1fe681bc7cca10112c
07 Files for the engineer/Project files/ce-parts/microduck-shin/iterations/v0.0.1/evidence/refcheck/2026-09-01T14-05-50Z/ours.stl,2669672,8034e9153f9ebb10ed3b42d2763effc4b2a460d7ac05b24973c93b8be4afe13c
07 Files for the engineer/Project files/ce-parts/microduck-shin/iterations/v0.0.1/evidence/refcheck/2026-09-01T14-05-50Z/report.json,6441,112e50758196bb769f556ac5433027a3f8d17921c19c4d5e5870e341cae719a7
07 Files for the engineer/Project files/ce-parts/microduck-shin/iterations/v0.0.1/evidence/refcheck/2026-09-01T14-05-50Z/report.md,756,d5a47e9b2770cfd5d510a4813a15ea4e6606e1e3ea38a6a7add19e2fbeb4af4e
07 Files for the engineer/Project files/ce-parts/microduck-shin/iterations/v0.0.1/mech/mech.py,810,c6d257d679be73d3a6a8fdac3402ab0a261a9ffe71f217820b22155b700e2c1d
07 Files for the engineer/Project files/ce-parts/microduck-shin/iterations/v0.0.1/refs.json,70,eb344f1290109be824c81d880c59cfd52246fffd45b1a9d38a6810a9281bab7b
07 Files for the engineer/Project files/ce-parts/microduck-shin/iterations/v0.0.1/sim/fluid.py,131,b3561d082b1166d078dfac85a666d77ccc3355cc8c9da919d03e277a1a00a592
07 Files for the engineer/Project files/ce-parts/microduck-shin/iterations/v0.0.1/sim/struct.py,108,6c879e234dd2a37a71f8a808afb84d7b98b6f496015db8fcbe7ae0f8ef341324
07 Files for the engineer/Project files/ce-parts/microduck-shin/iterations/v0.0.1/trust.json,2142,051100c4c265a6c1b6a388ae82ed2ea63533e89bc13148051d90c74c18d4a6a5
07 Files for the engineer/Project files/ce-parts/microduck-soft-mouth-top/ITERATIONS.md,269,c7a829c47db8de63e9286649bd3767c59d1a7960e483a3004dceb7ec6a117b41
07 Files for the engineer/Project files/ce-parts/microduck-soft-mouth-top/component.json,2065,6bdc07e4ac1d139e7050491553f26a1bb0f00a84e6326809faf0aa227560e654
07 Files for the engineer/Project files/ce-parts/microduck-soft-mouth-top/iterations/v0.0.1/cad/interfaces.json,2043,63c3e837c1336ca8259ec4017425434cde2a31c18dcc61f68ccda2ae7ded3685
07 Files for the engineer/Project files/ce-parts/microduck-soft-mouth-top/iterations/v0.0.1/cad/part.py,2022,b66e5829d0929891a41b41c4967ac8ab2615a4030b34ac2282aa42282811e7bb
07 Files for the engineer/Project files/ce-parts/microduck-soft-mouth-top/iterations/v0.0.1/docs/README.md,301,e27e72593abfd1915ecb4e46a1dd89f06924fe0ea480b4a41ead722549f8a8d2
07 Files for the engineer/Project files/ce-parts/microduck-soft-mouth-top/iterations/v0.0.1/geometry/soft_mouth_top.stl,393584,16f662c82bd3e24f0e64ee22b6b549b9a2a76f6de7b7477b9f89f5861f3e91a1
07 Files for the engineer/Project files/ce-parts/microduck-soft-mouth-top/iterations/v0.0.1/mech/mech.py,288,fc7f57336c4543d130b22e6e1bc3dfac16ac1a4e659fc212b287be6172e8d034
07 Files for the engineer/Project files/ce-parts/microduck-soft-mouth-top/iterations/v0.0.1/refs.json,63,d4b280334175d58a5b9624c78c6ea1928c2bfc7eb7880b25699246acd0ec995f
07 Files for the engineer/Project files/ce-parts/microduck-soft-mouth-top/iterations/v0.0.1/trust.json,1040,f94c5c43a24568b5a5daa0afa1bbbbb43532d339ece6102bcb8953a11026d13a
07 Files for the engineer/Project files/ce-parts/microduck-sole-left/ITERATIONS.md,482,5a503af2fdb680901d38f936002b9c3c7f0c12a861e5d7aa36e48d62eb3c0724
07 Files for the engineer/Project files/ce-parts/microduck-sole-left/component.json,1887,3f1dcb1fbe3b7fbf3489e1c281ebd3e58ed9306a913bd96a7a4e09b462a44f2b
07 Files for the engineer/Project files/ce-parts/microduck-sole-left/iterations/v0.0.1/cad/interfaces.json,263,70ec8f81269b68921c7e193f23de024d54acd611285f2a6fccbce41bfa6bbc76
07 Files for the engineer/Project files/ce-parts/microduck-sole-left/iterations/v0.0.1/cad/part.py,1992,57944703cf37447ff0783cffe781dc05f864f49a656219a9f42fa7302c532ad0
07 Files for the engineer/Project files/ce-parts/microduck-sole-left/iterations/v0.0.1/docs/README.md,293,ce0955658b2edd8dec215e1228940a093995a0dad49228dfb19e33188197d06f
07 Files for the engineer/Project files/ce-parts/microduck-sole-left/iterations/v0.0.1/geometry/sole_left.stl,789484,db35f3b231c075fe1f9cb5449e7a698fb8ea97362daf8432be3e9700c2067574
07 Files for the engineer/Project files/ce-parts/microduck-sole-left/iterations/v0.0.1/mech/mech.py,284,0735913a7f1c57dc1b710b676ba355e3388022bbdcab05f431bc62258b858f33
07 Files for the engineer/Project files/ce-parts/microduck-sole-left/iterations/v0.0.1/refs.json,63,d4b280334175d58a5b9624c78c6ea1928c2bfc7eb7880b25699246acd0ec995f
07 Files for the engineer/Project files/ce-parts/microduck-sole-left/iterations/v0.0.1/trust.json,1030,c3e4e67e902c269e821e02345c40e9482203d02ece96018338daa69d8f297af6
07 Files for the engineer/Project files/ce-parts/microduck-sole-left/iterations/v0.0.2/cad/interfaces.json,1739,8b5eb0c3d14e022be7e93b691fef77b73aa32dec0bc6bf2910ce0dbdb4b9de01
07 Files for the engineer/Project files/ce-parts/microduck-sole-left/iterations/v0.0.2/cad/part.py,8814,7e714a41eff9f2f1fee664fb269ada502b1821b4726074ea81de3d96355d4494
07 Files for the engineer/Project files/ce-parts/microduck-sole-left/iterations/v0.0.2/docs/README.md,1561,c7392f0557086ed15d4621f6cc323c20e57cd581d4809a1bc266c95fad1f5cfd
07 Files for the engineer/Project files/ce-parts/microduck-sole-left/iterations/v0.0.2/evidence/refcheck/2026-09-01T19-44-18Z/compare.json,901,87a659517f4dce5f3ccc2481e9d80a10b46191a57e1f718b230f97ab3667b4a4
07 Files for the engineer/Project files/ce-parts/microduck-sole-left/iterations/v0.0.2/evidence/refcheck/2026-09-01T19-44-18Z/features.json,229,7751185686372909d05e6aa4bdcf960a3ba5f0382e29796bd141da5bca1de7e1
07 Files for the engineer/Project files/ce-parts/microduck-sole-left/iterations/v0.0.2/evidence/refcheck/2026-09-01T19-44-18Z/ours.stl,552784,0741a07007d0981188a2b84a10fe31b2368f17aabf6faebfa7bb559bb78f39e0
07 Files for the engineer/Project files/ce-parts/microduck-sole-left/iterations/v0.0.2/evidence/refcheck/2026-09-01T19-44-18Z/report.json,2879,4005c4f5246f0cc49cc6a2dc9011e65860addb5fbf5ab2f0d303fe3fc550fd0f
07 Files for the engineer/Project files/ce-parts/microduck-sole-left/iterations/v0.0.2/evidence/refcheck/2026-09-01T19-44-18Z/report.md,722,30116f1d75425ddacf866e12e6a393225b37d5c9b6b657e77cd5797cac6108be
07 Files for the engineer/Project files/ce-parts/microduck-sole-left/iterations/v0.0.2/mech/mech.py,721,5ed5db3469d611d71a7aa7a2c9680d1d0ebd93c72d46f946424b00eec144d64c
07 Files for the engineer/Project files/ce-parts/microduck-sole-left/iterations/v0.0.2/refs.json,63,d4b280334175d58a5b9624c78c6ea1928c2bfc7eb7880b25699246acd0ec995f
07 Files for the engineer/Project files/ce-parts/microduck-sole-left/iterations/v0.0.2/trust.json,1068,9af9ba9f27cd00fbe9e0ac995dd8eb6eb7ef8fd5c59a4bd72654e72b6bd268eb
07 Files for the engineer/Project files/ce-parts/microduck-sole-right/ITERATIONS.md,485,703bd742ccde03fec5188e5ae16c307014b4a9d158559173aa05ba59cfe74c1a
07 Files for the engineer/Project files/ce-parts/microduck-sole-right/component.json,1969,2c129294c16c9a5404dbfd93c94514add159643521b2831e7c86b0738f8cbe09
07 Files for the engineer/Project files/ce-parts/microduck-sole-right/iterations/v0.0.1/cad/interfaces.json,264,dee9c62cc687ba69aec99bb77a09234d356a8f4d9008cf9422ae3b5975fd5ec4
07 Files for the engineer/Project files/ce-parts/microduck-sole-right/iterations/v0.0.1/cad/part.py,1998,78f73aad480647c7423d141a9cc50dec17cf2968553d8a8110568ae8daa14f0a
07 Files for the engineer/Project files/ce-parts/microduck-sole-right/iterations/v0.0.1/docs/README.md,296,98050ec230c98bb77734a1cf5956f0cf18dd6386c5ba71e4eff01babeb6c363c
07 Files for the engineer/Project files/ce-parts/microduck-sole-right/iterations/v0.0.1/geometry/sole_right.stl,794484,a4f5c114aae7137d559cacfb71d77c981588850335de5a09a14f95a4192a218f
07 Files for the engineer/Project files/ce-parts/microduck-sole-right/iterations/v0.0.1/mech/mech.py,286,4ed9235f0f4ccd3989b4de19d6f0ca53fac384080153a52db0041d5958c56f32
07 Files for the engineer/Project files/ce-parts/microduck-sole-right/iterations/v0.0.1/refs.json,63,d4b280334175d58a5b9624c78c6ea1928c2bfc7eb7880b25699246acd0ec995f
07 Files for the engineer/Project files/ce-parts/microduck-sole-right/iterations/v0.0.1/trust.json,1032,449d6194e93b2fab7f8da2a67dcae526c869aa1fbb375a705cd9f6ab27a29ea7
07 Files for the engineer/Project files/ce-parts/microduck-sole-right/iterations/v0.0.2/cad/interfaces.json,1689,dcdab8a29845e660219b65a141cbd979fcb673202c19d3d8c1253c7b34d9d778
07 Files for the engineer/Project files/ce-parts/microduck-sole-right/iterations/v0.0.2/cad/part.py,1596,a8556bc080234a8be16a8342367260c5e6df57395a41a108a64e82f2e3803594
07 Files for the engineer/Project files/ce-parts/microduck-sole-right/iterations/v0.0.2/docs/README.md,570,0047dcc6c7e6c1c5a91f951b213fbbb4020acaf562a065c554e4fda5c029488a
07 Files for the engineer/Project files/ce-parts/microduck-sole-right/iterations/v0.0.2/evidence/refcheck/2026-09-01T19-50-56Z/compare.json,901,8c9b7ec1bb605b02a9e0b2e6508e76a9f350cf524033b9e0a318b4482c77d156
07 Files for the engineer/Project files/ce-parts/microduck-sole-right/iterations/v0.0.2/evidence/refcheck/2026-09-01T19-50-56Z/features.json,229,7751185686372909d05e6aa4bdcf960a3ba5f0382e29796bd141da5bca1de7e1
07 Files for the engineer/Project files/ce-parts/microduck-sole-right/iterations/v0.0.2/evidence/refcheck/2026-09-01T19-50-56Z/ours.stl,555384,0c0984f3f717a431082c55eacedfb322b681ab362cf75e98d8ac4e9ec172f74e
07 Files for the engineer/Project files/ce-parts/microduck-sole-right/iterations/v0.0.2/evidence/refcheck/2026-09-01T19-50-56Z/report.json,2889,ff886125f58cb21a5b466733d792d441132a0f2e5f2ff4d7574c917dfca36885
07 Files for the engineer/Project files/ce-parts/microduck-sole-right/iterations/v0.0.2/evidence/refcheck/2026-09-01T19-50-56Z/report.md,724,e9028de6620fdc935312ccf6ff6e18b431e87dfd6287d057c149690a8d90fae9
07 Files for the engineer/Project files/ce-parts/microduck-sole-right/iterations/v0.0.2/mech/mech.py,724,3eb15cdfb328080bbc9f9624f9ef1cc114b36dbfd1804fdb03e23a158f7030da
07 Files for the engineer/Project files/ce-parts/microduck-sole-right/iterations/v0.0.2/refs.json,63,d4b280334175d58a5b9624c78c6ea1928c2bfc7eb7880b25699246acd0ec995f
07 Files for the engineer/Project files/ce-parts/microduck-sole-right/iterations/v0.0.2/trust.json,1033,3f65d0e81efe9207c3821104c7748d72704779f46ca426fc8fb7a3c4cb66dc2c
07 Files for the engineer/Project files/ce-parts/microduck-speaker/ITERATIONS.md,230,bf6dbfb5ce2bef9884da6b5de53fbfe3a36e60ee537f85bd91dfea266c553356
07 Files for the engineer/Project files/ce-parts/microduck-speaker/PROVENANCE.json,3354,6c8bcdc4407ec2c8ac0efcb1d39c32118f7034ecd7ab6c862a1c986d432bfe28
07 Files for the engineer/Project files/ce-parts/microduck-speaker/component.json,6672,bd06b34e5d32bc715808cd8d7d1b1aba6e3606512ce172ba1d8b9316894db0b0
07 Files for the engineer/Project files/ce-parts/microduck-speaker/docs/abra-spk-3525-2w-gh.html,759823,4e9adf6517dcb2fbf8f5f428737606c8d33736937b4f465743f36f8d4b5a8dd1
07 Files for the engineer/Project files/ce-parts/microduck-speaker/docs/microduck-speaker.md,2460,521e6f6f281ba952b7370461cdd767a32564c9986b906edcdf780037d32b7d5d
07 Files for the engineer/Project files/ce-parts/microduck-speaker/docs/sameSky-cms-35208n-datasheet.pdf,1256433,689c9d51bd892ce919d913733eb3a9377b1314f2974f19795316f585eff6c376
07 Files for the engineer/Project files/ce-parts/microduck-speaker/docs/thingbits-xhxdz-3525-8r2w.html,587863,bd98f5f1914e2475b08f61d08e9c0975f3b9f93765fdbb528a43d13250ee1d82
07 Files for the engineer/Project files/ce-parts/microduck-speaker/electrical.part.json,8251,e5eb7a1d25808d8d87bd2a02b33e16e9f044e3b10bad0105c8d614927b4fc648
07 Files for the engineer/Project files/ce-parts/microduck-speaker/iterations/v0.0.1/cad/interfaces.json,2451,6fe9463a97c191f5b626e6e8a5c7c6506b81755582f694bfe970989d4b29a912
07 Files for the engineer/Project files/ce-parts/microduck-speaker/iterations/v0.0.1/cad/part.py,1731,e928342f91efd8c18eab0bc1b19902cdad708078b356149227547d2f0abf0bff
07 Files for the engineer/Project files/ce-parts/microduck-speaker/iterations/v0.0.1/evidence/refcheck/2026-09-02T09-11-28Z/compare.json,854,55d54a83d4cfa7575e91c413502a7bfe98d756111005a257ed9942bb7ff2a95d
07 Files for the engineer/Project files/ce-parts/microduck-speaker/iterations/v0.0.1/evidence/refcheck/2026-09-02T09-11-28Z/features.json,229,7751185686372909d05e6aa4bdcf960a3ba5f0382e29796bd141da5bca1de7e1
07 Files for the engineer/Project files/ce-parts/microduck-speaker/iterations/v0.0.1/evidence/refcheck/2026-09-02T09-11-28Z/ours.stl,684,8b67ad5008a2b06f9ce0fc139d27522dc366ee2b4db628f1074e6348175c9bb6
07 Files for the engineer/Project files/ce-parts/microduck-speaker/iterations/v0.0.1/evidence/refcheck/2026-09-02T09-11-28Z/report.json,2812,ba44ef1ae37d152ca4896ce236273c07adf36e0d42a619f9ca97aaacf79e7163
07 Files for the engineer/Project files/ce-parts/microduck-speaker/iterations/v0.0.1/evidence/refcheck/2026-09-02T09-11-28Z/report.md,703,a69cf3967a29620b76c0b386caa2ded5c1f3c41526356d5c0c5ed2d6876b72a7
07 Files for the engineer/Project files/ce-parts/microduck-speaker/iterations/v0.0.1/mech/mech.py,294,6f47f5d94eeb52f09e7ec85b12801a652d77bc48cb25e06f6d495ea0156bdd03
07 Files for the engineer/Project files/ce-parts/microduck-speaker/iterations/v0.0.1/refs.json,70,eb344f1290109be824c81d880c59cfd52246fffd45b1a9d38a6810a9281bab7b
07 Files for the engineer/Project files/ce-parts/microduck-speaker/iterations/v0.0.1/sim/fluid.py,131,b3561d082b1166d078dfac85a666d77ccc3355cc8c9da919d03e277a1a00a592
07 Files for the engineer/Project files/ce-parts/microduck-speaker/iterations/v0.0.1/sim/struct.py,108,6c879e234dd2a37a71f8a808afb84d7b98b6f496015db8fcbe7ae0f8ef341324
07 Files for the engineer/Project files/ce-parts/microduck-speaker/iterations/v0.0.1/trust.json,1027,f3cbed22fb56828b463b387c56fdd8213d7ad1a5891c0e2eec813501acee0ab3
07 Files for the engineer/Project files/ce-parts/microduck-speaker/sourcing.json,6348,19c55f539ce284d96e691b91706f3c35290d90328473e2c07d698b918eb540cd
07 Files for the engineer/Project files/ce-parts/microduck-tof-module/ITERATIONS.md,208,aed58740d04b17c1b60acc7ee0081d46c246b9ee82b96f69c9ce206633462ad3
07 Files for the engineer/Project files/ce-parts/microduck-tof-module/component.json,2471,2072523f25358c1bdf5d14ada5a58283627348822125da46d225b6ce99683f8e
07 Files for the engineer/Project files/ce-parts/microduck-tof-module/electrical.part.json,2366,3fdc37281eb97f6860a63df8d1012e7571524a241e72004972f302de344caa85
07 Files for the engineer/Project files/ce-parts/microduck-top-head-shell/ITERATIONS.md,269,a02515d1af288744235e95df3fcfd661eaaf707da66797c40bbfa4cd68e0a219
07 Files for the engineer/Project files/ce-parts/microduck-top-head-shell/component.json,3100,92f7723e712ea4a416581be07bbe79dfcfe393647a5b50feff337106bf7cde00
07 Files for the engineer/Project files/ce-parts/microduck-top-head-shell/iterations/v0.0.1/cad/interfaces.json,10107,92578c821c1fe47cd1be1ea6bdfefe860425c7dbd98db520a919366700e332f0
07 Files for the engineer/Project files/ce-parts/microduck-top-head-shell/iterations/v0.0.1/cad/part.py,2022,fab95a35521ba2f09ecae298551780ab9b4e3833f9bb58cd6662de856f7b39ae
07 Files for the engineer/Project files/ce-parts/microduck-top-head-shell/iterations/v0.0.1/docs/README.md,301,b5706d7cebfc0436a333650337c317dc37d2daa3c3d3cb07474a277f71f05369
07 Files for the engineer/Project files/ce-parts/microduck-top-head-shell/iterations/v0.0.1/geometry/top_head_shell.stl,806084,bc64288c0d54e13ec907256c2b99535937d370af1410de498905ec3cf8d7c3df
07 Files for the engineer/Project files/ce-parts/microduck-top-head-shell/iterations/v0.0.1/mech/mech.py,288,7952ab76e021b3d9f572df23ded84dea2d99604a8431a769ef60ea8620360aee
07 Files for the engineer/Project files/ce-parts/microduck-top-head-shell/iterations/v0.0.1/refs.json,63,d4b280334175d58a5b9624c78c6ea1928c2bfc7eb7880b25699246acd0ec995f
07 Files for the engineer/Project files/ce-parts/microduck-top-head-shell/iterations/v0.0.1/trust.json,2227,27ece453636c65b40a1e32271c84d0c132a5905396999c9c4c37a9de22541508
07 Files for the engineer/Project files/ce-parts/microduck-trunk-base/ITERATIONS.md,233,ba318d3483cee3f1375d49ead294eaae7a426381d9064d913a688b56522e09ec
07 Files for the engineer/Project files/ce-parts/microduck-trunk-base/component.json,1853,eaf7f7b9ec0b5dfbb60fea0c116aa4fe60c21273875ec84fa6928eb2c8ffa62c
07 Files for the engineer/Project files/ce-parts/microduck-trunk-base/iterations/v0.0.1/cad/interfaces.json,8653,14d881f6288466e9b75c749454d87d774e5f3c82301bbc5ae0fe7d1cec7dd45f
07 Files for the engineer/Project files/ce-parts/microduck-trunk-base/iterations/v0.0.1/cad/part.py,4831,d1fc4ca3bdb8892fecf7877ab97fe4e7bb1798ae0fa2256d4cc07dececc990ec
07 Files for the engineer/Project files/ce-parts/microduck-trunk-base/iterations/v0.0.1/docs/README.md,2211,466610d5f7739559f7f0d02d8f0263b994afb2230c5254bdb2d24c10be8e4f90
07 Files for the engineer/Project files/ce-parts/microduck-trunk-base/iterations/v0.0.1/evidence/refcheck/2026-09-01T14-56-00Z/compare.json,875,ac2d860b73223f97360fe1993d170dbf695038f795aa01e43b944aa8b604819c
07 Files for the engineer/Project files/ce-parts/microduck-trunk-base/iterations/v0.0.1/evidence/refcheck/2026-09-01T14-56-00Z/features.json,1141,0fed72744f3a0e6d2e8de90c240bac370776f2db512038698a7e4fcedff5637f
07 Files for the engineer/Project files/ce-parts/microduck-trunk-base/iterations/v0.0.1/evidence/refcheck/2026-09-01T14-56-00Z/ours.stl,2501680,6ae314d5b7c233a5f8bda35fae1a0937a5a62a1a30bc83d28af302963550abfc
07 Files for the engineer/Project files/ce-parts/microduck-trunk-base/iterations/v0.0.1/evidence/refcheck/2026-09-01T14-56-00Z/report.json,3848,63f1eec69608ea576cd68bf852b29c8b168e5b237730fd40b16cf317f69185da
07 Files for the engineer/Project files/ce-parts/microduck-trunk-base/iterations/v0.0.1/evidence/refcheck/2026-09-01T14-56-00Z/report.md,712,47da324b5ffa0d27c4cf30dbb49503efc34000d134b0e735d6dfca92c617d6a8
07 Files for the engineer/Project files/ce-parts/microduck-trunk-base/iterations/v0.0.1/mech/mech.py,972,608cd9cc2386cdd12d83f7703087b6578dbb26e0b056486df59d18ae5ac17f77
07 Files for the engineer/Project files/ce-parts/microduck-trunk-base/iterations/v0.0.1/refs.json,70,eb344f1290109be824c81d880c59cfd52246fffd45b1a9d38a6810a9281bab7b
07 Files for the engineer/Project files/ce-parts/microduck-trunk-base/iterations/v0.0.1/sim/fluid.py,131,b3561d082b1166d078dfac85a666d77ccc3355cc8c9da919d03e277a1a00a592
07 Files for the engineer/Project files/ce-parts/microduck-trunk-base/iterations/v0.0.1/sim/struct.py,108,6c879e234dd2a37a71f8a808afb84d7b98b6f496015db8fcbe7ae0f8ef341324
07 Files for the engineer/Project files/ce-parts/microduck-trunk-base/iterations/v0.0.1/trust.json,2122,90685db898609779ec861ddaba309f711ff5c4046701b3e7e8704143efdcb95e
07 Files for the engineer/Project files/ce-parts/microduck-trunk-shell-left/ITERATIONS.md,413,0e902307a52c9719a80741c1d6d44f7b94b70fd7603c8a589a610c12194bb06a
07 Files for the engineer/Project files/ce-parts/microduck-trunk-shell-left/component.json,2067,05719f1a48f863c064b0c0f6416f18228ea1caff097755a3d5650ce7e89a3900
07 Files for the engineer/Project files/ce-parts/microduck-trunk-shell-left/iterations/v0.0.1/cad/interfaces.json,270,983377b4df525372e27cf01db68d3f9b8762517561da29b41e3f1b1d080dc294
07 Files for the engineer/Project files/ce-parts/microduck-trunk-shell-left/iterations/v0.0.1/cad/measure.py,13111,52e69fc20727e41a920ef263645326799483fd4ba661eaee8503eb8fe42f00ce
07 Files for the engineer/Project files/ce-parts/microduck-trunk-shell-left/iterations/v0.0.1/cad/measured.json,146923,269c2a2e4709b6a73861ccc80c0263e3da9e8667ca1db1ae042a6759a9dc3d91
07 Files for the engineer/Project files/ce-parts/microduck-trunk-shell-left/iterations/v0.0.1/cad/measured_right_shell.json,138535,4f5ec5f119e9ec0ab593cab3ad9bade993b292796cfde7a8564569461c2419ae
07 Files for the engineer/Project files/ce-parts/microduck-trunk-shell-left/iterations/v0.0.1/cad/part.py,2022,f3404c80a491b49d0149c75b4120459c207fe88a2e3c9d2eac93c1032c80a2de
07 Files for the engineer/Project files/ce-parts/microduck-trunk-shell-left/iterations/v0.0.1/docs/README.md,301,79e75523ee1ae3344437471437cce6c8c75b113e0f6beaf9ef17fb8084eda58c
07 Files for the engineer/Project files/ce-parts/microduck-trunk-shell-left/iterations/v0.0.1/geometry/left_shell.stl,1048584,efc16f55a4c32d21d74bf834faba27346788f154e29b40850cbcc69fda2f2396
07 Files for the engineer/Project files/ce-parts/microduck-trunk-shell-left/iterations/v0.0.1/mech/mech.py,292,8baf52871d76c85e2b1efc7d2a6ea1342d4164fd3889cf3168e8ab57b79f1bdf
07 Files for the engineer/Project files/ce-parts/microduck-trunk-shell-left/iterations/v0.0.1/refs.json,63,d4b280334175d58a5b9624c78c6ea1928c2bfc7eb7880b25699246acd0ec995f
07 Files for the engineer/Project files/ce-parts/microduck-trunk-shell-left/iterations/v0.0.1/trust.json,1044,d8c54ba0ec363f496592f762fb905fc9d31c0df67b09c8ceeb7f9a84dc289f91
07 Files for the engineer/Project files/ce-parts/microduck-trunk-shell-left/iterations/v0.0.2/cad/interfaces.json,3026,477896063ac9cfea4c3fd713de83adcd3b8aafe141965c3586e13fcdc5ce456f
07 Files for the engineer/Project files/ce-parts/microduck-trunk-shell-left/iterations/v0.0.2/cad/measure.py,7241,df81bc2b47e3a4af10705075754719a4145541044d51642b7924a9b1ad2872e8
07 Files for the engineer/Project files/ce-parts/microduck-trunk-shell-left/iterations/v0.0.2/cad/measured.json,80141,ac44f09bc19dc254e95569e1bbaf6c0e3dd44f163ba05793d9cc7894b8f0913b
07 Files for the engineer/Project files/ce-parts/microduck-trunk-shell-left/iterations/v0.0.2/cad/part.py,18736,116565e21eb4e41ef98a227b4a4b230484faf1bd429827c915bb70f2a0f7bd71
07 Files for the engineer/Project files/ce-parts/microduck-trunk-shell-left/iterations/v0.0.2/docs/README.md,3332,0b467a7967d687cabb709c6b01e406727409534aa33de1b8624834c8ceb7b12a
07 Files for the engineer/Project files/ce-parts/microduck-trunk-shell-left/iterations/v0.0.2/mech/mech.py,1314,c801aa33b51827e770403e0efab00bcf4555eeb11b87eb9476f2539a2bbfc7fa
07 Files for the engineer/Project files/ce-parts/microduck-trunk-shell-left/iterations/v0.0.2/refs.json,63,d4b280334175d58a5b9624c78c6ea1928c2bfc7eb7880b25699246acd0ec995f
07 Files for the engineer/Project files/ce-parts/microduck-trunk-shell-left/iterations/v0.0.2/trust.json,941,f43555fcd6e6633217a3720c3dc1c3c7cdfac958fa65f85b3d529a99503b58a0
07 Files for the engineer/Project files/ce-parts/microduck-trunk-shell-right/ITERATIONS.md,416,479b7ca4d0c693cc5d46f5448af941297318e21b9ad84fb0f84a8c9cfeda18a1
07 Files for the engineer/Project files/ce-parts/microduck-trunk-shell-right/component.json,2073,b99a0bf36f36020c12bf290d116f1cfba2c8aa5f56514251271be7c882b2fea4
07 Files for the engineer/Project files/ce-parts/microduck-trunk-shell-right/iterations/v0.0.1/cad/interfaces.json,271,2fb91cb7990f35c33223ee79389f140baae3efcbe918d26fbb6e125d3ee388e4
07 Files for the engineer/Project files/ce-parts/microduck-trunk-shell-right/iterations/v0.0.1/cad/part.py,2028,260a42fa0abddf87331d07a4ece24c50f8a8d2cff53b1cb97207d4bd07e1a418
07 Files for the engineer/Project files/ce-parts/microduck-trunk-shell-right/iterations/v0.0.1/docs/README.md,303,e2a078dbf35736936e08cfb99d875e10eebda50fa3d54069c4b2766ac3256f3b
07 Files for the engineer/Project files/ce-parts/microduck-trunk-shell-right/iterations/v0.0.1/geometry/right_shell.stl,1048584,484779f2bbe856f212d96a152550bb6834fd3c69603da315b6f70d1a3766d120
07 Files for the engineer/Project files/ce-parts/microduck-trunk-shell-right/iterations/v0.0.1/mech/mech.py,293,a2bd20cfc39d012536f59f9093b6d66b3a0eff939ef11e48bd46700d943e0f63
07 Files for the engineer/Project files/ce-parts/microduck-trunk-shell-right/iterations/v0.0.1/refs.json,63,d4b280334175d58a5b9624c78c6ea1928c2bfc7eb7880b25699246acd0ec995f
07 Files for the engineer/Project files/ce-parts/microduck-trunk-shell-right/iterations/v0.0.1/trust.json,1046,53da5d09fb1f0bd0f1ed58b312e15c71facee07afc1f030290bbc364e18d5985
07 Files for the engineer/Project files/ce-parts/microduck-trunk-shell-right/iterations/v0.0.2/cad/interfaces.json,5871,d70033e867a71c2400a075f93d97e21d6b54a0940907e6ef924a41b857dae6b4
07 Files for the engineer/Project files/ce-parts/microduck-trunk-shell-right/iterations/v0.0.2/cad/measure.py,7242,5865209cbd2a9f4fd58d592f28d3fc2ba946c0cc5088b2c24635280b95d2ddea
07 Files for the engineer/Project files/ce-parts/microduck-trunk-shell-right/iterations/v0.0.2/cad/measured.json,80285,15d6b12a784529ad0c1b4a7ccdd6a868b7fa7fa2de0c4a82bc82372c35ede0a5
07 Files for the engineer/Project files/ce-parts/microduck-trunk-shell-right/iterations/v0.0.2/cad/part.py,18737,2f8a1ac5a48656e8c803a166569535ba0849022e6a5ecec5186c2dd6d097b469
07 Files for the engineer/Project files/ce-parts/microduck-trunk-shell-right/iterations/v0.0.2/docs/README.md,1814,d383d90e97301d616392b173194ba830612a08558848dfa719599a9469598130
07 Files for the engineer/Project files/ce-parts/microduck-trunk-shell-right/iterations/v0.0.2/mech/mech.py,1280,cf024a8db673805cd1d087fad11372ed6cfddbc2c43eba9f63c00e7af94cdcf1
07 Files for the engineer/Project files/ce-parts/microduck-trunk-shell-right/iterations/v0.0.2/refs.json,63,d4b280334175d58a5b9624c78c6ea1928c2bfc7eb7880b25699246acd0ec995f
07 Files for the engineer/Project files/ce-parts/microduck-trunk-shell-right/iterations/v0.0.2/trust.json,944,0a71c4bc0b6f93ce1f3248b6025e686dd4c0dba3a9566b71f3b34053eec5df6c
07 Files for the engineer/Project files/ce-parts/microduck-upper-leg-left/ITERATIONS.md,368,4395a9dab87b48ac23ef7b9086f38940d13f76e6d3f13ef5ef3f60a02107a9c5
07 Files for the engineer/Project files/ce-parts/microduck-upper-leg-left/component.json,2102,a3a09e750ad2e070734443dfefa1b441da4c454d175f30ff608e04aef4d90963
07 Files for the engineer/Project files/ce-parts/microduck-upper-leg-left/iterations/v0.0.1/cad/interfaces.json,5381,dc6adfad57ca2280a410054076fd882c4f5315c55e479250cb1f6eb3450b3cb5
07 Files for the engineer/Project files/ce-parts/microduck-upper-leg-left/iterations/v0.0.1/cad/part.py,14053,3aba18828743e5a9ac51903393791cb3e2be8932afd40f5e43881a04d77c48f9
07 Files for the engineer/Project files/ce-parts/microduck-upper-leg-left/iterations/v0.0.1/docs/README.md,3628,9b3bda644dfa261ad0388ece2f2de0030047a51dbacbcdfe9b2ceb7e869f6946
07 Files for the engineer/Project files/ce-parts/microduck-upper-leg-left/iterations/v0.0.1/evidence/refcheck/2026-09-01T14-56-45Z/compare.json,899,b3b7692d2d3598dddb12291b0318999c02edad297c74a0ea4f00f4a11db07d2c
07 Files for the engineer/Project files/ce-parts/microduck-upper-leg-left/iterations/v0.0.1/evidence/refcheck/2026-09-01T14-56-45Z/features.json,1173,857d24cb0c465a09d88c9c7243a9f5cdf21686610e1d2b23eee5867eeb36849f
07 Files for the engineer/Project files/ce-parts/microduck-upper-leg-left/iterations/v0.0.1/evidence/refcheck/2026-09-01T14-56-45Z/ours.stl,5609532,8e8b08788c01153858bd0e495f76ec690485f18936f3fb39c2be84f6f443e161
07 Files for the engineer/Project files/ce-parts/microduck-upper-leg-left/iterations/v0.0.1/evidence/refcheck/2026-09-01T14-56-45Z/report.json,3944,6d7970d261282c42d8de92087c721f62f4a779cf3cdc635bb2c8db8a48a6f098
07 Files for the engineer/Project files/ce-parts/microduck-upper-leg-left/iterations/v0.0.1/evidence/refcheck/2026-09-01T14-56-45Z/report.md,733,e8706d4a964be4d0c408d5d32a32ce02521ed2a4a423a383e4f3ebad323eaab5
07 Files for the engineer/Project files/ce-parts/microduck-upper-leg-left/iterations/v0.0.1/evidence/refcheck/2026-09-03T18-10-32Z/compare.json,909,36a982ab1b59abe82d0341a4141698e0927257bc16a776e9a70278e58f65fbd0
07 Files for the engineer/Project files/ce-parts/microduck-upper-leg-left/iterations/v0.0.1/evidence/refcheck/2026-09-03T18-10-32Z/features.json,2135,1c33304c52a78bd2e1fa798a3740b96e3c7a44beddce52a705a044b8708833be
07 Files for the engineer/Project files/ce-parts/microduck-upper-leg-left/iterations/v0.0.1/evidence/refcheck/2026-09-03T18-10-32Z/ours.stl,1361084,b1e2039a75513cff1d34aa328e02c0694b489c97ad8d11eef11bb8750e11e170
07 Files for the engineer/Project files/ce-parts/microduck-upper-leg-left/iterations/v0.0.1/evidence/refcheck/2026-09-03T18-10-32Z/report.json,4992,66757ee1e0d4e340d0f3af5f8e8381123af090ceb1f7b6c6549b08a1bbe2923f
07 Files for the engineer/Project files/ce-parts/microduck-upper-leg-left/iterations/v0.0.1/evidence/refcheck/2026-09-03T18-10-32Z/report.md,736,051c68854a9c07505e9632ac2965b9774553c91d8290d1b6d4c65e2d30b49935
07 Files for the engineer/Project files/ce-parts/microduck-upper-leg-left/iterations/v0.0.1/evidence/refcheck/2026-09-03T23-04-30Z/compare.json,911,f06507ce2330e50aff038f8543c394ce115a0c2d76bdbbd91242ca61c7105888
07 Files for the engineer/Project files/ce-parts/microduck-upper-leg-left/iterations/v0.0.1/evidence/refcheck/2026-09-03T23-04-30Z/features.json,2135,1c33304c52a78bd2e1fa798a3740b96e3c7a44beddce52a705a044b8708833be
07 Files for the engineer/Project files/ce-parts/microduck-upper-leg-left/iterations/v0.0.1/evidence/refcheck/2026-09-03T23-04-30Z/ours.stl,1405384,5a14117f60261f639962e784e3e5a12a2f71f862b3fcfa072f1887af7097b3cd
07 Files for the engineer/Project files/ce-parts/microduck-upper-leg-left/iterations/v0.0.1/evidence/refcheck/2026-09-03T23-04-30Z/report.json,4994,5178e4ccc60696f0203171fbcb6103b06c35e15325ae8c45c82d5c647a9a2450
07 Files for the engineer/Project files/ce-parts/microduck-upper-leg-left/iterations/v0.0.1/evidence/refcheck/2026-09-03T23-04-30Z/report.md,737,768f8a57b7ce3ab60d19098a11a8d9cc8d5f8728240b9fd92383d8fe027188ac
07 Files for the engineer/Project files/ce-parts/microduck-upper-leg-left/iterations/v0.0.1/mech/mech.py,1262,784ef4a136ea407a6fbf69feb71963809f4b7d65fa2af96149e2873442209278
07 Files for the engineer/Project files/ce-parts/microduck-upper-leg-left/iterations/v0.0.1/refs.json,70,eb344f1290109be824c81d880c59cfd52246fffd45b1a9d38a6810a9281bab7b
07 Files for the engineer/Project files/ce-parts/microduck-upper-leg-left/iterations/v0.0.1/sim/fluid.py,131,b3561d082b1166d078dfac85a666d77ccc3355cc8c9da919d03e277a1a00a592
07 Files for the engineer/Project files/ce-parts/microduck-upper-leg-left/iterations/v0.0.1/sim/struct.py,108,6c879e234dd2a37a71f8a808afb84d7b98b6f496015db8fcbe7ae0f8ef341324
07 Files for the engineer/Project files/ce-parts/microduck-upper-leg-left/iterations/v0.0.1/trust.json,1079,66239fadef37bf4601d8258db6903569a077313cd476ccc9e5eb89797868ecbc
07 Files for the engineer/Project files/ce-parts/microduck-upper-leg-right/ITERATIONS.md,369,cc77f4b6114f064f442593390438f8e82b35da280e3358dd3586d126a38c00d0
07 Files for the engineer/Project files/ce-parts/microduck-upper-leg-right/component.json,2103,cf85a35dc178ba3139fea45a79e0ac178db6ea569404213f46c4f9d59e7c7da9
07 Files for the engineer/Project files/ce-parts/microduck-upper-leg-right/iterations/v0.0.1/cad/interfaces.json,3861,daa6339b4d2f98cb1963364c7aa1510ba3c0157f1732ec31b9b659fb496742e9
07 Files for the engineer/Project files/ce-parts/microduck-upper-leg-right/iterations/v0.0.1/cad/part.py,2834,908e4cf48ef5bf53175541778c4104bc5ff1b92d47ee52cca0166c796a360e07
07 Files for the engineer/Project files/ce-parts/microduck-upper-leg-right/iterations/v0.0.1/docs/README.md,1789,6905c9f2c8d46ae73a4f84a6fe7445a47a024da0bbb86fcf3ba09401ab9a36bb
07 Files for the engineer/Project files/ce-parts/microduck-upper-leg-right/iterations/v0.0.1/evidence/refcheck/2026-09-01T15-14-32Z/compare.json,900,041162f6b26e5085bc662eeb5183d5cf1e4a9c089d94e73f650fa756c7b60a64
07 Files for the engineer/Project files/ce-parts/microduck-upper-leg-right/iterations/v0.0.1/evidence/refcheck/2026-09-01T15-14-32Z/features.json,1180,78b1dd8ee83f0fc0545dc2bbf7857777c5f2844dddafeb63413389ee1a041666
07 Files for the engineer/Project files/ce-parts/microduck-upper-leg-right/iterations/v0.0.1/evidence/refcheck/2026-09-01T15-14-32Z/ours.stl,5609532,6d9ec30aef17b34548510e31de2df77187383a971643ee912ba1386b8f1f30ba
07 Files for the engineer/Project files/ce-parts/microduck-upper-leg-right/iterations/v0.0.1/evidence/refcheck/2026-09-01T15-14-32Z/report.json,3962,aac7190db14e42f8690b5ce3837a7ec0f2fbdd3dd0da6c50e0e7b2e34109e245
07 Files for the engineer/Project files/ce-parts/microduck-upper-leg-right/iterations/v0.0.1/evidence/refcheck/2026-09-01T15-14-32Z/report.md,735,aea8206daa55943b85537233d0ebccb3220a784314ee81924bc8625d8e7af54a
07 Files for the engineer/Project files/ce-parts/microduck-upper-leg-right/iterations/v0.0.1/mech/mech.py,1173,856be6d14cc00618b1ed264a729368657c3d9c42be930ab360b5f8dfe5745c8c
07 Files for the engineer/Project files/ce-parts/microduck-upper-leg-right/iterations/v0.0.1/refs.json,113,8c1654573496cd35078db7f27eb17a762f820c5494d6c6d75e190796bd87f584
07 Files for the engineer/Project files/ce-parts/microduck-upper-leg-right/iterations/v0.0.1/sim/fluid.py,131,b3561d082b1166d078dfac85a666d77ccc3355cc8c9da919d03e277a1a00a592
07 Files for the engineer/Project files/ce-parts/microduck-upper-leg-right/iterations/v0.0.1/sim/struct.py,108,6c879e234dd2a37a71f8a808afb84d7b98b6f496015db8fcbe7ae0f8ef341324
07 Files for the engineer/Project files/ce-parts/microduck-upper-leg-right/iterations/v0.0.1/trust.json,1043,7918a5873fde8087dafebc9725bb424448aa720a8d9174bf10dedc5bbe81db69
07 Files for the engineer/Project files/ce-parts/microduck-upper-leg-rigidity-plate/ITERATIONS.md,378,b8ac70797ecb980e1bdd96275b4f604657eb004d984ac00283ee34b37355d41d
07 Files for the engineer/Project files/ce-parts/microduck-upper-leg-rigidity-plate/component.json,2501,65de79b8f1873606c309fd3fb95b9d0654202c61a2ed84d72995791331ca1923
07 Files for the engineer/Project files/ce-parts/microduck-upper-leg-rigidity-plate/iterations/v0.0.1/cad/interfaces.json,2702,01e76409611553b9e393e53996dbb129e48fd794357882f3c500b601c2e97e8c
07 Files for the engineer/Project files/ce-parts/microduck-upper-leg-rigidity-plate/iterations/v0.0.1/cad/part.py,6334,51afcd34e13865eabc8c2c852c83950dc888d95265769dc5f66423986f8a5672
07 Files for the engineer/Project files/ce-parts/microduck-upper-leg-rigidity-plate/iterations/v0.0.1/docs/README.md,3354,97334dc1a970659f6bb36c26a372b5f24eff390283d6f1cfe48c44040878a4a7
07 Files for the engineer/Project files/ce-parts/microduck-upper-leg-rigidity-plate/iterations/v0.0.1/evidence/refcheck/2026-09-01T18-48-27Z/compare.json,891,7a6f28dbc0f7f0b6e55390d5723fd8277af886e7c5be32cdf075d599a7aed5f1
07 Files for the engineer/Project files/ce-parts/microduck-upper-leg-rigidity-plate/iterations/v0.0.1/evidence/refcheck/2026-09-01T18-48-27Z/features.json,1386,7dc437f78f7a16a8032c96202297cc8021f6734dfc117a5c66c14208d70452a0
07 Files for the engineer/Project files/ce-parts/microduck-upper-leg-rigidity-plate/iterations/v0.0.1/evidence/refcheck/2026-09-01T18-48-27Z/ours.stl,983680,ed17946ea82b96bb292e4a32c6a7e5cc70903157b13a504ff593c51b5fccfabb
07 Files for the engineer/Project files/ce-parts/microduck-upper-leg-rigidity-plate/iterations/v0.0.1/evidence/refcheck/2026-09-01T18-48-27Z/report.json,4268,308de199031789694b75c0560569179d76828d8cfa4d9c90f3bcb487f7ee9309
07 Files for the engineer/Project files/ce-parts/microduck-upper-leg-rigidity-plate/iterations/v0.0.1/evidence/refcheck/2026-09-01T18-48-27Z/report.md,802,a2605f6e505801331bc5dbc987b691fc80b742cc943d1ec01e219823f01e85c4
07 Files for the engineer/Project files/ce-parts/microduck-upper-leg-rigidity-plate/iterations/v0.0.1/mech/mech.py,1059,09e38b6bd1648bd880e26b2b26c0a78414d9ad76419153d850eb48982a3f45d2
07 Files for the engineer/Project files/ce-parts/microduck-upper-leg-rigidity-plate/iterations/v0.0.1/refs.json,70,eb344f1290109be824c81d880c59cfd52246fffd45b1a9d38a6810a9281bab7b
07 Files for the engineer/Project files/ce-parts/microduck-upper-leg-rigidity-plate/iterations/v0.0.1/sim/fluid.py,131,b3561d082b1166d078dfac85a666d77ccc3355cc8c9da919d03e277a1a00a592
07 Files for the engineer/Project files/ce-parts/microduck-upper-leg-rigidity-plate/iterations/v0.0.1/sim/struct.py,108,6c879e234dd2a37a71f8a808afb84d7b98b6f496015db8fcbe7ae0f8ef341324
07 Files for the engineer/Project files/ce-parts/microduck-upper-leg-rigidity-plate/iterations/v0.0.1/trust.json,2486,780db355790db957444e58c3c2342e5050ef70ae30d1376d0badc2921296b7ba
07 Files for the engineer/Project files/ce-parts/microduck-yaw-roll-motion/ITERATIONS.md,400,34137632b157515b106b276b2d754009eade969781362b7e757eb54fb522ad38
07 Files for the engineer/Project files/ce-parts/microduck-yaw-roll-motion/component.json,2470,9a2f511db0412815d19199525a5b18ff15ae8d059c0fc556da5aa499eea303fc
07 Files for the engineer/Project files/ce-parts/microduck-yaw-roll-motion/iterations/v0.0.1/cad/interfaces.json,2492,fbc5da4531489d996bba7537330aa290de239fc2f1d71cfece27d7530f125e40
07 Files for the engineer/Project files/ce-parts/microduck-yaw-roll-motion/iterations/v0.0.1/cad/part.py,10807,a3df2660f4aede43ab2962cf1551aa32a25ffaefee9a078f678766edecaafa73
07 Files for the engineer/Project files/ce-parts/microduck-yaw-roll-motion/iterations/v0.0.1/docs/README.md,2802,82631bb1862dbf684b5949b5a539a8ada18ae3299aeb0579acc44f7a61dcf856
07 Files for the engineer/Project files/ce-parts/microduck-yaw-roll-motion/iterations/v0.0.1/evidence/refcheck/2026-09-01T19-39-39Z/compare.json,900,64c2462f8b24f7338ecc26d88030f62da8f183706b731afe4646fe55a95a18fb
07 Files for the engineer/Project files/ce-parts/microduck-yaw-roll-motion/iterations/v0.0.1/evidence/refcheck/2026-09-01T19-39-39Z/features.json,4115,37fe9b4256ae0d1c1cd4ee24042449e25954fa7808afe2d161e6195e61f2a178
07 Files for the engineer/Project files/ce-parts/microduck-yaw-roll-motion/iterations/v0.0.1/evidence/refcheck/2026-09-01T19-39-39Z/ours.stl,533384,105e2de7d109abfaa51432b97010cc9ff96a535ce62177b59a6c199add62a293
07 Files for the engineer/Project files/ce-parts/microduck-yaw-roll-motion/iterations/v0.0.1/evidence/refcheck/2026-09-01T19-39-39Z/report.json,7139,f73204a72356ff777edabf8b72c919f3b712270e1f433fc0230200083d082474
07 Files for the engineer/Project files/ce-parts/microduck-yaw-roll-motion/iterations/v0.0.1/evidence/refcheck/2026-09-01T19-39-39Z/report.md,1390,0d3c721780f84535aafbe1590627daa3c9f0925ce2648dec3faa96288ad649bc
07 Files for the engineer/Project files/ce-parts/microduck-yaw-roll-motion/iterations/v0.0.1/mech/mech.py,1347,d80810bf05a578a9166313c2e8bb95efdcc1913992c721335c8566f4ee880173
07 Files for the engineer/Project files/ce-parts/microduck-yaw-roll-motion/iterations/v0.0.1/refs.json,63,d4b280334175d58a5b9624c78c6ea1928c2bfc7eb7880b25699246acd0ec995f
07 Files for the engineer/Project files/ce-parts/microduck-yaw-roll-motion/iterations/v0.0.1/trust.json,1048,0a0c9744e64df5fb7571d90b9b228b7fbfc05a0d59d10064bd478eaa707df73b
07 Files for the engineer/Project files/ce-parts/microduck-yaw2roll/ITERATIONS.md,466,1c19856745dbe361bb440d32e44d629c4e32cdc598e800ba1b0ffd03efbab296
07 Files for the engineer/Project files/ce-parts/microduck-yaw2roll/component.json,2457,483279cc051edc01a0a91c5a7614f92ac8b65dd78f3335c7181b0066f73f58f5
07 Files for the engineer/Project files/ce-parts/microduck-yaw2roll/iterations/v0.0.1/cad/interfaces.json,7389,6616e6cbf9fad9aae9575ed2b7af99eb7d590b6f1936205bb8594d92b9600f4a
07 Files for the engineer/Project files/ce-parts/microduck-yaw2roll/iterations/v0.0.1/cad/part.py,10849,f1503f8b2a60e94841c7342ffbc2500f15a789a1a257c23b5aea5f452ca5e6f6
07 Files for the engineer/Project files/ce-parts/microduck-yaw2roll/iterations/v0.0.1/docs/README.md,4915,5d4797cf2222a43a1f44453b5f9ed49e3cca38cfdfeb2e9337619092ca847730
07 Files for the engineer/Project files/ce-parts/microduck-yaw2roll/iterations/v0.0.1/evidence/refcheck/2026-09-01T16-15-15Z/compare.json,883,e002865d85114e06717e42289bebeb97baa7ebcba68f63bb14832ded3de64901
07 Files for the engineer/Project files/ce-parts/microduck-yaw2roll/iterations/v0.0.1/evidence/refcheck/2026-09-01T16-15-15Z/features.json,3120,bfa94520ed343558df34276954ce0ce5e87ec95222185e96ab5ea3c3650fefac
07 Files for the engineer/Project files/ce-parts/microduck-yaw2roll/iterations/v0.0.1/evidence/refcheck/2026-09-01T16-15-15Z/ours.stl,2686370,5fe0d6b0cc2eba8d21bf5e12b406ddc565939a5f05ecc6c744716f306fa6001e
07 Files for the engineer/Project files/ce-parts/microduck-yaw2roll/iterations/v0.0.1/evidence/refcheck/2026-09-01T16-15-15Z/report.json,5971,bdfdcf5c8312b2119a91513c782a3018f6291fb56041c4e2ab98672d6117f981
07 Files for the engineer/Project files/ce-parts/microduck-yaw2roll/iterations/v0.0.1/evidence/refcheck/2026-09-01T16-15-15Z/report.md,708,c353e98c26c5f1f7c737862f92a85bd80101743cf91b20565c2e0c276d0c107e
07 Files for the engineer/Project files/ce-parts/microduck-yaw2roll/iterations/v0.0.1/mech/mech.py,1656,fbe8a87dcfc69e1b900a59c548dbd17b813c0ae7a04ae62ec8284c2e49fbd949
07 Files for the engineer/Project files/ce-parts/microduck-yaw2roll/iterations/v0.0.1/refs.json,70,eb344f1290109be824c81d880c59cfd52246fffd45b1a9d38a6810a9281bab7b
07 Files for the engineer/Project files/ce-parts/microduck-yaw2roll/iterations/v0.0.1/sim/fluid.py,131,b3561d082b1166d078dfac85a666d77ccc3355cc8c9da919d03e277a1a00a592
07 Files for the engineer/Project files/ce-parts/microduck-yaw2roll/iterations/v0.0.1/sim/struct.py,108,6c879e234dd2a37a71f8a808afb84d7b98b6f496015db8fcbe7ae0f8ef341324
07 Files for the engineer/Project files/ce-parts/microduck-yaw2roll/iterations/v0.0.1/trust.json,1054,4266dbf83c8a1f48a1599785e6f3e565b7c674b7cc77469cadab476cc52b15cb
07 Files for the engineer/Project files/ce-parts/np-f550/ITERATIONS.md,416,c689b19d93f37ed481396bf6b8b2050aae26a780b2d4ab0439edc41a56f30d99
07 Files for the engineer/Project files/ce-parts/np-f550/PROVENANCE.json,2202,2bf19607df8537dea24b2dbf53a3b1d77cc513dae55ca10ec240e1d2da9ec8ce
07 Files for the engineer/Project files/ce-parts/np-f550/component.json,5950,d5d2a81aa0a883518f1366ea6fdf6853b245865d73d76cf01c8bf795d3de64d8
07 Files for the engineer/Project files/ce-parts/np-f550/docs/deity-np-f550-3350mah-datasheet.pdf,4033280,7ecf43ea887dc3dd102c5f4199edae9f3347f142ddddb9523edd609fc1bee1c5
07 Files for the engineer/Project files/ce-parts/np-f550/docs/duracell-dr5-np-f550-2600mah.html,90337,239e06510b5ca2725702a86467d7c327fe4436bcd40693ab03f364e8c2afe49d
07 Files for the engineer/Project files/ce-parts/np-f550/docs/np-f550.md,2569,09ae55da185a86d0e55b8df96a3e356e167fc90998a70e9946b9cd9a8a937731
07 Files for the engineer/Project files/ce-parts/np-f550/docs/samsung-icr18650-26j-spec-v1.0-2014-dnkpower-mirror.pdf,772732,754005550e44e7191a5d3ed9b66632045290d7e340aaf3879c2fd75a970a1368
07 Files for the engineer/Project files/ce-parts/np-f550/electrical.part.json,10965,6993ca8b318203b7060ca563687362c75dc7815844a8419c1c5e480ca5f89478
07 Files for the engineer/Project files/ce-parts/np-f550/iterations/v0.0.1/cad/interfaces.json,2547,087ad8d5d992d2cc6a3741160881c70dbff8933b0e34df5ee04626dbe44dba4c
07 Files for the engineer/Project files/ce-parts/np-f550/iterations/v0.0.1/cad/part.py,6904,57b680455340c1db6474aaf2d9f7c22ad7b658858bdff3eeeaa41675f57dfeb5
07 Files for the engineer/Project files/ce-parts/np-f550/iterations/v0.0.1/evidence/battery-bay.json,2240,9466808e6ba027a358741d5cdab0c84b2ba9544200c7002cca5e0522bb910d8d
07 Files for the engineer/Project files/ce-parts/np-f550/iterations/v0.0.1/evidence/refcheck/2026-09-02T11-51-01Z/compare.json,915,5b09327b91c5ef7aeae5a6d3507deef20d7aebc8e686108c438d708667b7a041
07 Files for the engineer/Project files/ce-parts/np-f550/iterations/v0.0.1/evidence/refcheck/2026-09-02T11-51-01Z/features.json,1198,79481c769b38ea0c4c5ab18ea1a8b54173919f7a6230592858b65340a7b8f14e
07 Files for the engineer/Project files/ce-parts/np-f550/iterations/v0.0.1/evidence/refcheck/2026-09-02T11-51-01Z/ours.stl,147084,efada4c0f6621af85107743cc2d8cd9f43dfe6c25dcc8885955d9de3ed1dd3d9
07 Files for the engineer/Project files/ce-parts/np-f550/iterations/v0.0.1/evidence/refcheck/2026-09-02T11-53-08Z/compare.json,915,5b09327b91c5ef7aeae5a6d3507deef20d7aebc8e686108c438d708667b7a041
07 Files for the engineer/Project files/ce-parts/np-f550/iterations/v0.0.1/evidence/refcheck/2026-09-02T11-53-08Z/features.json,1198,79481c769b38ea0c4c5ab18ea1a8b54173919f7a6230592858b65340a7b8f14e
07 Files for the engineer/Project files/ce-parts/np-f550/iterations/v0.0.1/evidence/refcheck/2026-09-02T11-53-08Z/ours.stl,147084,efada4c0f6621af85107743cc2d8cd9f43dfe6c25dcc8885955d9de3ed1dd3d9
07 Files for the engineer/Project files/ce-parts/np-f550/iterations/v0.0.1/evidence/refcheck/2026-09-02T11-53-08Z/report.json,3825,9cee4ce471a9fe543f892e83cff2f33c391725e45bf38b2ce140371ec1f447ca
07 Files for the engineer/Project files/ce-parts/np-f550/iterations/v0.0.1/evidence/refcheck/2026-09-02T11-53-08Z/report.md,708,38edd25173fda86fcd584fab1ac66b7587444949199152744838d440319c58f1
07 Files for the engineer/Project files/ce-parts/np-f550/iterations/v0.0.1/mech/mech.py,284,6991c0f2e87d76c0ed365d7f30a41332882e0f3ee7810e80085ae4b864152fb1
07 Files for the engineer/Project files/ce-parts/np-f550/iterations/v0.0.1/refs.json,70,eb344f1290109be824c81d880c59cfd52246fffd45b1a9d38a6810a9281bab7b
07 Files for the engineer/Project files/ce-parts/np-f550/iterations/v0.0.1/sim/fluid.py,131,b3561d082b1166d078dfac85a666d77ccc3355cc8c9da919d03e277a1a00a592
07 Files for the engineer/Project files/ce-parts/np-f550/iterations/v0.0.1/sim/struct.py,108,6c879e234dd2a37a71f8a808afb84d7b98b6f496015db8fcbe7ae0f8ef341324
07 Files for the engineer/Project files/ce-parts/np-f550/iterations/v0.0.1/trust.json,1029,8a59c942e9d1cb42c39df72f25d5543430d7b5206f7055ca884e0d10ff38a409
07 Files for the engineer/Project files/ce-parts/np-f550/sourcing.json,5435,ec196d15a5277e2edb8f7a40e77079cce637597e9c94267b972670ebc5169301
07 Files for the engineer/Project files/ce-parts/pn7150/ITERATIONS.md,219,f6dce755171ca211884a3e64294e7814fe76a83e4140f3328adb38305daa2ba0
07 Files for the engineer/Project files/ce-parts/pn7150/PROVENANCE.json,1354,e269e51f3240503a2284924bfd54ad9a67c963e7967fdeedc3656d9511df6fe5
07 Files for the engineer/Project files/ce-parts/pn7150/component.json,3102,1643c543ee9c7c00f79e6d6857aa5649995e9bfdf0694789831259637ff32743
07 Files for the engineer/Project files/ce-parts/pn7150/datasheet.pdf,693641,7e56dba817d57e90dd59c6d328fef598e560a4fe59e7d2e847b268dd80332dcf
07 Files for the engineer/Project files/ce-parts/pn7150/docs/pn7150.md,2240,c9e381c4a26d4e0e6d72aa26fed862b7537d0c5bf1be8e9553cbb7f6d3e7183b
07 Files for the engineer/Project files/ce-parts/pn7150/electrical.chip.json,8019,3a5159e9470929c152bb4a3336749f1df2992ce53d1fc5daef4b853aa0502f08
07 Files for the engineer/Project files/ce-parts/pn7150/iterations/v0.0.1/cad/interfaces.json,886,b7e51aaff63be586e17e5da0c6ebcdbf881c65d73599addf26e042a36cfef854
07 Files for the engineer/Project files/ce-parts/pn7150/iterations/v0.0.1/cad/part.py,336,30e2e7aa22ad6286cf55a641556edeef6e541939783a0d8a4544ee904f696011
07 Files for the engineer/Project files/ce-parts/pn7150/iterations/v0.0.1/mech/mech.py,283,a0260d396e19b4a4e09bb0255fd7d210eb671ee31e945b2c307c92d411ea6b73
07 Files for the engineer/Project files/ce-parts/pn7150/iterations/v0.0.1/refs.json,70,eb344f1290109be824c81d880c59cfd52246fffd45b1a9d38a6810a9281bab7b
07 Files for the engineer/Project files/ce-parts/pn7150/iterations/v0.0.1/sim/fluid.py,131,b3561d082b1166d078dfac85a666d77ccc3355cc8c9da919d03e277a1a00a592
07 Files for the engineer/Project files/ce-parts/pn7150/iterations/v0.0.1/sim/struct.py,108,6c879e234dd2a37a71f8a808afb84d7b98b6f496015db8fcbe7ae0f8ef341324
07 Files for the engineer/Project files/ce-parts/pn7150/iterations/v0.0.1/trust.json,951,fcb6e4df8bfc37d0ce4a100316ec863d0b60f6983d1e6c5ecf9be5587f6f2d31
07 Files for the engineer/Project files/ce-parts/pn7150/sourcing.json,3409,d13ceefd979e55d6694b90bf3b6eaa6f3fc057f03d6d6df417614fbfc8af007a
07 Files for the engineer/Project files/ce-parts/radxa-zero-3w/ITERATIONS.md,716,d9ebca27072913f7d9a009d159ce5f106ee96a450b9d713e0e12e0f081036dc9
07 Files for the engineer/Project files/ce-parts/radxa-zero-3w/component.json,2882,9e9b93507842cadd282c373653bef976f012554e0dab1e57c50ab0d3ce02516e
07 Files for the engineer/Project files/ce-parts/radxa-zero-3w/iterations/v0.0.1/PROVENANCE.json,3857,f70a92a570362315c01f909f6f9d5c0cda9ca236e7fba70c048409258b628330
07 Files for the engineer/Project files/ce-parts/radxa-zero-3w/iterations/v0.0.1/cad/interfaces.json,14152,4a6091e044ee7e0a7abc33db1b58eb3d36d3546e8023df83d15afab8b2f92b66
07 Files for the engineer/Project files/ce-parts/radxa-zero-3w/iterations/v0.0.1/cad/part.py,6421,e8cdffe1b61f989b3edf8a2fcd50c4f6f43a4c618e50e7a1f527da2b84ec12a9
07 Files for the engineer/Project files/ce-parts/radxa-zero-3w/iterations/v0.0.1/docs/datasheet.md,3147,5b13b868ea7f5f68b154855a2c943af9978841b3e6a076db96a2eef96b7eb1f9
07 Files for the engineer/Project files/ce-parts/radxa-zero-3w/iterations/v0.0.1/docs/fetched/docs.radxa.com_zero3_hardware-interface.html,49726,349b1c2a910e5628ae168aa26d62da4cdf7cac8c3c8418fad10e10143be1036d
07 Files for the engineer/Project files/ce-parts/radxa-zero-3w/iterations/v0.0.1/docs/fetched/radxa.com_products_zeros_zero3w.html,38938,6a67033d9b49416437edcb98f5fd57fdc118afeb6e1faac5c3af37fcbc417df4
07 Files for the engineer/Project files/ce-parts/radxa-zero-3w/iterations/v0.0.1/docs/fetched/radxa_zero_3w_product_brief.pdf,846673,edfb01374bbc6ee4062adf50d5d7241de64b64c8e87d186b3577bbb8761ddead
07 Files for the engineer/Project files/ce-parts/radxa-zero-3w/iterations/v0.0.1/docs/fetched/radxa_zero_3w_v1.12_schematic.pdf,1322107,50f0ca8af531c2c91813fb050bdaf339d37123f7d035d59ca65785df829d28bc
07 Files for the engineer/Project files/ce-parts/radxa-zero-3w/iterations/v0.0.1/docs/fetched/radxa_zero_3w_v1110_schematic.pdf,1330759,a3e1334c231e9fb1c85a730dd27e573d734fa048dc440a8beab009a9692b64ed
07 Files for the engineer/Project files/ce-parts/radxa-zero-3w/iterations/v0.0.1/docs/fetched/rockchip_rk3566_datasheet_v1.5.pdf,2930235,5609a11b7cb320a56da6cbe59d16c0beb77788e9a12b866a341d28f92ea66b24
07 Files for the engineer/Project files/ce-parts/radxa-zero-3w/iterations/v0.0.1/electrical.host.json,17961,8e273432e006cf648e4bbafacaaf998fae43417a450e2538402edd17bd054831
07 Files for the engineer/Project files/ce-parts/radxa-zero-3w/iterations/v0.0.1/evidence/radxa-build-radxa-holes.json,845,d482643c97c8277e7ef8acd932dc47d71fa8867e5746c724c121439354ca5678
07 Files for the engineer/Project files/ce-parts/radxa-zero-3w/iterations/v0.0.1/evidence/radxa-zero-3w-mechanical.json,2687,113efb03982da3ff6e71c8ea18745de80cc00b9b9fec85b460fa7030af8a5580
07 Files for the engineer/Project files/ce-parts/radxa-zero-3w/iterations/v0.0.1/evidence/refcheck/2026-09-02T09-06-47Z/compare.json,879,01efa08857164e4fa623a9913f08e332c541c02dbf67de22a9861451c91497e5
07 Files for the engineer/Project files/ce-parts/radxa-zero-3w/iterations/v0.0.1/evidence/refcheck/2026-09-02T09-06-47Z/features.json,7171,75c48b562dfcc3acfea030f4ff7657aee42748f28fe7ad761acb1fac1c5f2748
07 Files for the engineer/Project files/ce-parts/radxa-zero-3w/iterations/v0.0.1/evidence/refcheck/2026-09-02T09-06-47Z/ours.stl,1124684,b9e0294a3eddbaea1fd643f317cc2f110a01813140606ef2c62f18c855062e87
07 Files for the engineer/Project files/ce-parts/radxa-zero-3w/iterations/v0.0.1/evidence/refcheck/2026-09-02T09-06-47Z/report.json,10291,d1ad3997b164fb30322a96f156959247ecc546f7de488bd5cdec53d9f390463c
07 Files for the engineer/Project files/ce-parts/radxa-zero-3w/iterations/v0.0.1/evidence/refcheck/2026-09-02T09-06-47Z/report.md,720,336dff35218c31c9829fd1776501815a0df316a5787520641d3d1926564bf89d
07 Files for the engineer/Project files/ce-parts/radxa-zero-3w/iterations/v0.0.1/mech/mech.py,290,54f4ab818f7578a29ec3c41826752598826936813322e4b921c198d56cdc1f2a
07 Files for the engineer/Project files/ce-parts/radxa-zero-3w/iterations/v0.0.1/refs.json,70,eb344f1290109be824c81d880c59cfd52246fffd45b1a9d38a6810a9281bab7b
07 Files for the engineer/Project files/ce-parts/radxa-zero-3w/iterations/v0.0.1/sim/fluid.py,131,b3561d082b1166d078dfac85a666d77ccc3355cc8c9da919d03e277a1a00a592
07 Files for the engineer/Project files/ce-parts/radxa-zero-3w/iterations/v0.0.1/sim/struct.py,108,6c879e234dd2a37a71f8a808afb84d7b98b6f496015db8fcbe7ae0f8ef341324
07 Files for the engineer/Project files/ce-parts/radxa-zero-3w/iterations/v0.0.1/trust.json,1155,e5c6a8b79b0fafc5340e02e9c31c16d1593a5de1b55da15b5cfcd1059de5a9ba
07 Files for the engineer/Project files/ce-parts/radxa-zero-3w/sourcing.json,6163,1c1079960ecb053e7c82b243ef8213fa363299e2d650d1f6f8b7e87a02202b0b
07 Files for the engineer/Project files/ce-parts/s-8252/ITERATIONS.md,219,7f5f869fdb86b7165e24fc823c5bbe9f3d3cda401c7a48339d2f4445b2801fc2
07 Files for the engineer/Project files/ce-parts/s-8252/PROVENANCE.json,1153,ed4a17b48d734b446e01e314922c8d22a22fd09814a817ca78d6c4094f784096
07 Files for the engineer/Project files/ce-parts/s-8252/component.json,1857,fb3e6476c1b11f6039dac831eb5187bdb89c44cf94d3c6352c2757c84228f5a9
07 Files for the engineer/Project files/ce-parts/s-8252/datasheet.pdf,629067,b1f1b492ee36fe4bcaf094ded4c058daadd92f5ca423b7c1b7b774458aa5ccfa
07 Files for the engineer/Project files/ce-parts/s-8252/docs/s-8252.md,1858,04cb1809c89175e09e18bd01af829b28a5976ce38fc587ab73be046f9f81fc8d
07 Files for the engineer/Project files/ce-parts/s-8252/electrical.chip.json,9920,53bfacb50004d9ebb9b4e4462db0eadf0e096c73dad1c2e62cc9a9d359604aa0
07 Files for the engineer/Project files/ce-parts/s-8252/iterations/v0.0.1/cad/interfaces.json,609,a2c4cc9f0ea64cfd04845aec42332563b56c9a13dc5508d4d7d115fab95affad
07 Files for the engineer/Project files/ce-parts/s-8252/iterations/v0.0.1/cad/part.py,336,44d315ec3d6d3e1f53c4233c1b40dfe6cfb241b09bb07287d6b0e1b4e0fae880
07 Files for the engineer/Project files/ce-parts/s-8252/iterations/v0.0.1/mech/mech.py,283,fb751e06c48b4c053309eb3fe9983fe623bbb9d3c193fb46b8f6449d3396358b
07 Files for the engineer/Project files/ce-parts/s-8252/iterations/v0.0.1/refs.json,70,eb344f1290109be824c81d880c59cfd52246fffd45b1a9d38a6810a9281bab7b
07 Files for the engineer/Project files/ce-parts/s-8252/iterations/v0.0.1/sim/fluid.py,131,b3561d082b1166d078dfac85a666d77ccc3355cc8c9da919d03e277a1a00a592
07 Files for the engineer/Project files/ce-parts/s-8252/iterations/v0.0.1/sim/struct.py,108,6c879e234dd2a37a71f8a808afb84d7b98b6f496015db8fcbe7ae0f8ef341324
07 Files for the engineer/Project files/ce-parts/s-8252/iterations/v0.0.1/trust.json,881,74841ce9a386b00e063f34f56d2492fa32cffee19a2f7142e74f4a1cf3c67982
07 Files for the engineer/Project files/ce-parts/s-8252/sourcing.json,5442,33cd28e7f816941d199ba9529b88f06c8468de65ed785f0fb5f65f0a4eb23bd0
07 Files for the engineer/Project files/ce-parts/st25r3916/ITERATIONS.md,222,440c9e8c39c8d74debb12cc08925a0a980f7a92b0637615ec1041e9b58731c93
07 Files for the engineer/Project files/ce-parts/st25r3916/PROVENANCE.json,1088,077428471748252f7aeb0550c2045f1977d4db05ee66526e0cf0f4b9e5e3f869
07 Files for the engineer/Project files/ce-parts/st25r3916/component.json,2525,80962c6783b9de19adc4c90b6cabf1cbe0b7530f78aaf86add49f0562b2166ea
07 Files for the engineer/Project files/ce-parts/st25r3916/datasheet.pdf,2241765,1170f4d74ff501917262ae42bf81c60c38c11d121e2ea2af6b1e845433befef1
07 Files for the engineer/Project files/ce-parts/st25r3916/docs/st25r3916.md,2251,92e6546a633b578c0dc4c164b6dc0ce849e888d6295eb5c58cf271bcb0a1518c
07 Files for the engineer/Project files/ce-parts/st25r3916/electrical.chip.json,8571,491fbaa7cf2360ec7fde698276a3e89bf96eabab8eed3864a199255b31067ad2
07 Files for the engineer/Project files/ce-parts/st25r3916/iterations/v0.0.1/cad/interfaces.json,9996,feb960492ae1159ce972ecfa43542a7fc32c06f032a46ef354f20851b7d8e367
07 Files for the engineer/Project files/ce-parts/st25r3916/iterations/v0.0.1/cad/part.py,339,94ee405510cf1308cfd91ba0b60915badaa390951b350739260c3aba2dcb9485
07 Files for the engineer/Project files/ce-parts/st25r3916/iterations/v0.0.1/mech/mech.py,286,8299a5d4d8da8f5d735e24289d6bbb4ffd625a72ff397da21b1d1311b3a3c9c1
07 Files for the engineer/Project files/ce-parts/st25r3916/iterations/v0.0.1/refs.json,70,eb344f1290109be824c81d880c59cfd52246fffd45b1a9d38a6810a9281bab7b
07 Files for the engineer/Project files/ce-parts/st25r3916/iterations/v0.0.1/sim/fluid.py,131,b3561d082b1166d078dfac85a666d77ccc3355cc8c9da919d03e277a1a00a592
07 Files for the engineer/Project files/ce-parts/st25r3916/iterations/v0.0.1/sim/struct.py,108,6c879e234dd2a37a71f8a808afb84d7b98b6f496015db8fcbe7ae0f8ef341324
07 Files for the engineer/Project files/ce-parts/st25r3916/iterations/v0.0.1/trust.json,923,00775903b6625974144ae5a23ff05f39fde47807592f7a6e3c8763288f5222d3
07 Files for the engineer/Project files/ce-parts/st25r3916/sourcing.json,3423,9ab0e1d4a2560c4e2e6ac21dc7900f74f177b1697bd7fb1e9343bbcf67861552
07 Files for the engineer/Project files/ce-parts/tlv320aic3104/ITERATIONS.md,448,a9d81f7dae93b95c75dd831f13a520fea090b9c5c3bb53c7aa26d852229a5c40
07 Files for the engineer/Project files/ce-parts/tlv320aic3104/component.json,1085,ced40496278ccd8f28abecfc069170a86e45ea0e9ae7dd77b184e7caf68d443e
07 Files for the engineer/Project files/ce-parts/tlv320aic3104/iterations/v0.0.1/PROVENANCE.json,779,61e834cff6b4e0400bda0d6ca892042183dc87cd049abccc2b177ec857607383
07 Files for the engineer/Project files/ce-parts/tlv320aic3104/iterations/v0.0.1/cad/interfaces.json,1765,96e9a31eec6112d2e7dd0ce7f2f168a1f1dfcb758629c730921f2df90065521e
07 Files for the engineer/Project files/ce-parts/tlv320aic3104/iterations/v0.0.1/cad/part.py,343,3854973ddd041bec05f03a9218ffe9d234da872a33541067c48e0d67d87fdb3c
07 Files for the engineer/Project files/ce-parts/tlv320aic3104/iterations/v0.0.1/datasheet.pdf,3189462,17ce38b2b2b35e44fedaad6c44fcb9c2133722dccfd5ef80e9ec2e3b8f281e9a
07 Files for the engineer/Project files/ce-parts/tlv320aic3104/iterations/v0.0.1/docs/datasheet.md,2597,6f63bb0528aabaca2c9ea2c49082cdedd5e562719fdbb5274dce7c696f469c7e
07 Files for the engineer/Project files/ce-parts/tlv320aic3104/iterations/v0.0.1/electrical.chip.json,8631,07968f814d086777677e252f2cb95145a61c2546a5a2c60b47a3fe4d8a933046
07 Files for the engineer/Project files/ce-parts/tlv320aic3104/iterations/v0.0.1/electrical.part.json,7127,d8b7aa29875eed4ce4eabaaa1da39ffc91955c491156b2192ea1a029c6044d0d
07 Files for the engineer/Project files/ce-parts/tlv320aic3104/iterations/v0.0.1/mech/mech.py,290,acd3e9f60a396ad06e5c794f56c6851929aed69cf2840403546f04f37269627a
07 Files for the engineer/Project files/ce-parts/tlv320aic3104/iterations/v0.0.1/refs.json,70,eb344f1290109be824c81d880c59cfd52246fffd45b1a9d38a6810a9281bab7b
07 Files for the engineer/Project files/ce-parts/tlv320aic3104/iterations/v0.0.1/sim/fluid.py,131,b3561d082b1166d078dfac85a666d77ccc3355cc8c9da919d03e277a1a00a592
07 Files for the engineer/Project files/ce-parts/tlv320aic3104/iterations/v0.0.1/sim/struct.py,108,6c879e234dd2a37a71f8a808afb84d7b98b6f496015db8fcbe7ae0f8ef341324
07 Files for the engineer/Project files/ce-parts/tlv320aic3104/iterations/v0.0.1/trust.json,869,ea09bab2d62d3262a7b3084a42766b75191eccdf9b5d58b31e568e6862845d06
07 Files for the engineer/Project files/ce-parts/tlv320aic3104/sourcing.json,2883,312062b2989f5d360ca24d236ab59a8b73173033b35ef8dc7166ced671981810
07 Files for the engineer/Project files/ce-parts/vl53l5cx/ITERATIONS.md,443,ce36b4552b001a570935522a83946c6e04e5d919698fd99f5ff0d6ef4565b462
07 Files for the engineer/Project files/ce-parts/vl53l5cx/component.json,3498,e493ac73226ccbfd977ab178acec4b24cb6aa8c174cf2548b50152765071db6d
07 Files for the engineer/Project files/ce-parts/vl53l5cx/iterations/v0.0.1/PROVENANCE.json,741,884445395396f5edb85ae16ed97acfb4ed93a09b12e871d2a37c9a1fa02cd1d7
07 Files for the engineer/Project files/ce-parts/vl53l5cx/iterations/v0.0.1/cad/interfaces.json,2204,3b6547675603def0e5c1aa840768b18a0790660810783fccc5cb3e5f19d89205
07 Files for the engineer/Project files/ce-parts/vl53l5cx/iterations/v0.0.1/cad/part.py,338,0d88956c024c43f9d0345db7996670a7213dec408fe5add6f5672f0e2ce2c147
07 Files for the engineer/Project files/ce-parts/vl53l5cx/iterations/v0.0.1/datasheet.pdf,2582429,34999dcf5ea4483065c4245e6908e6529b46e31f26f1f40e124d3a453d65d6af
07 Files for the engineer/Project files/ce-parts/vl53l5cx/iterations/v0.0.1/docs/datasheet.md,2257,573ddefb63a7cc65266606832abb3503a147bcd185c5438f4d5cc6abe07bcab2
07 Files for the engineer/Project files/ce-parts/vl53l5cx/iterations/v0.0.1/electrical.chip.json,5907,5bb01dae00d17aaf6f99e866dee544c80e15a016bcf7bd0e17c7ce7bd05c4107
07 Files for the engineer/Project files/ce-parts/vl53l5cx/iterations/v0.0.1/mech/mech.py,285,fd703f4f1d8272a2e1f44f27b760a1ea2219547b9a4b7a51c735f7df2a51e166
07 Files for the engineer/Project files/ce-parts/vl53l5cx/iterations/v0.0.1/refs.json,70,eb344f1290109be824c81d880c59cfd52246fffd45b1a9d38a6810a9281bab7b
07 Files for the engineer/Project files/ce-parts/vl53l5cx/iterations/v0.0.1/sim/fluid.py,131,b3561d082b1166d078dfac85a666d77ccc3355cc8c9da919d03e277a1a00a592
07 Files for the engineer/Project files/ce-parts/vl53l5cx/iterations/v0.0.1/sim/struct.py,108,6c879e234dd2a37a71f8a808afb84d7b98b6f496015db8fcbe7ae0f8ef341324
07 Files for the engineer/Project files/ce-parts/vl53l5cx/iterations/v0.0.1/trust.json,859,52acfde89fc4fe1e88b5847ffce3722c57a082aa00f485b703574f1025edf4e4
07 Files for the engineer/Project files/ce-parts/vl53l5cx/sourcing.json,5213,33cf751d1f64bb7fef8ccad271c58195a4b2de986c48a3917e7f85c83d00f69e
07 Files for the engineer/Project files/ce-parts/vl53l8cx/ITERATIONS.md,443,ff4b6bc744b612352f46bcce8931bed89447ad99d44c4ca5ed6e2a397b177ab0
07 Files for the engineer/Project files/ce-parts/vl53l8cx/component.json,3499,722681efb7c1e5fb72a21559e3f811c2a4aaa102d32b211dbfb923c089884159
07 Files for the engineer/Project files/ce-parts/vl53l8cx/iterations/v0.0.1/PROVENANCE.json,736,48a6cd161b76f9c46f57be42ef559217fa0a759d73e68b8387cf2ec5f0c0e54e
07 Files for the engineer/Project files/ce-parts/vl53l8cx/iterations/v0.0.1/cad/interfaces.json,2028,ace2043d159558cde56f9e3c5e6c327ed8afa7ba721d2d7640c3acb4ef180b9b
07 Files for the engineer/Project files/ce-parts/vl53l8cx/iterations/v0.0.1/cad/part.py,338,341a244c80efb7c0f23b739cef589b1b112509c1df8d8d2f0cda3819467344c3
07 Files for the engineer/Project files/ce-parts/vl53l8cx/iterations/v0.0.1/datasheet.pdf,3587088,a24f8bbc282bf04e28aa285b80fc165517f70704457a1b9546e8a18adfb3f844
07 Files for the engineer/Project files/ce-parts/vl53l8cx/iterations/v0.0.1/docs/datasheet.md,1981,b3b1ed61d9d989f62f7807c7f222dbcbe4c11c797438bee946b754511f6dc716
07 Files for the engineer/Project files/ce-parts/vl53l8cx/iterations/v0.0.1/electrical.chip.json,5080,740bf44fd17fc7e443b0a2ea94ff8b9258846f6f015f75919a9eff01407b87c4
07 Files for the engineer/Project files/ce-parts/vl53l8cx/iterations/v0.0.1/mech/mech.py,285,64b89c6a4c0a3fb3fa0e8150b782258940eba6d6125bd7a07bd567631ba51579
07 Files for the engineer/Project files/ce-parts/vl53l8cx/iterations/v0.0.1/refs.json,70,eb344f1290109be824c81d880c59cfd52246fffd45b1a9d38a6810a9281bab7b
07 Files for the engineer/Project files/ce-parts/vl53l8cx/iterations/v0.0.1/sim/fluid.py,131,b3561d082b1166d078dfac85a666d77ccc3355cc8c9da919d03e277a1a00a592
07 Files for the engineer/Project files/ce-parts/vl53l8cx/iterations/v0.0.1/sim/struct.py,108,6c879e234dd2a37a71f8a808afb84d7b98b6f496015db8fcbe7ae0f8ef341324
07 Files for the engineer/Project files/ce-parts/vl53l8cx/iterations/v0.0.1/trust.json,859,4ab919b482f55242d169a8a453aba4eef6776558651c3adf3533466ca2659577
07 Files for the engineer/Project files/ce-parts/vl53l8cx/sourcing.json,3190,746093167f2ffc3b86a8c9eac39f1dea79b81f51ca2baa93be652506f325de8d
07 Files for the engineer/Project files/ce-parts/xl330-m288-t/ITERATIONS.md,225,3144e917a2acf3431ed09a9cddc0877dc3d9a0c07778e0d443f82367b79dbebe
07 Files for the engineer/Project files/ce-parts/xl330-m288-t/PROVENANCE.json,6578,0bdb7474e737a1a9caff49e373618c8cae4c0ea4089bab5820c0d945fd2967f0
07 Files for the engineer/Project files/ce-parts/xl330-m288-t/component.json,4041,86b0e4a67ed2677b6c8e8bab7e0be61c87c7c5e11278e0ae943d818fdeef08a4
07 Files for the engineer/Project files/ce-parts/xl330-m288-t/electrical.chip.json,16710,7d93800e1c81bb8a2a8fd9b81a0fdfe42dec6e37a1eec2054bf6322c56391fe9
07 Files for the engineer/Project files/ce-parts/xl330-m288-t/electrical.part.json,2319,89e80be9b308bc3d89370795491c7d8847dfb7212b76870612e9107fe053d018
07 Files for the engineer/Project files/ce-parts/xl330-m288-t/iterations/v0.0.1/cad/interfaces.json,21506,f446408e9b4eb0670f6658a3c6c84dfb62e836916e1d2e9ff09d5c307976b1cf
07 Files for the engineer/Project files/ce-parts/xl330-m288-t/iterations/v0.0.1/cad/part.py,4539,7ac4cf6b9bae6e0e299e513ddac5d1ddc31412591459dd9573a42abd9693268c
07 Files for the engineer/Project files/ce-parts/xl330-m288-t/iterations/v0.0.1/docs/DATASHEET.md,7233,1c8f00076e0ac392cfb60a8fafd45373f132fd40f09e1203a8652b52277b5de1
"07 Files for the engineer/Project files/ce-parts/xl330-m288-t/iterations/v0.0.1/docs/fetched/XL,XC-330.pdf",149731,948b707cb26a64501c03fc45b1a9557b69a554dd5d6934f02e8e6f86cf2b46c2
"07 Files for the engineer/Project files/ce-parts/xl330-m288-t/iterations/v0.0.1/docs/fetched/XL330,XC330 Moment of Inertia.pdf",137692,dacd173dfde3de78effa6ccb94baeea98edf378d63424aa3b26af81adc0c3df2
07 Files for the engineer/Project files/ce-parts/xl330-m288-t/iterations/v0.0.1/docs/fetched/robotis-docs-xl330-m288.html,291150,7f8bedd4b62196fec801f1e5a73b217bf4a8ccd1b1639ecbac57aa1233804298
07 Files for the engineer/Project files/ce-parts/xl330-m288-t/iterations/v0.0.1/docs/fetched/robotis-emanual-protocol2.html,330264,e0b32dde396a855b001bf3ff265410a0d5e40b7c8c16679834f80f0686d3ca4a
07 Files for the engineer/Project files/ce-parts/xl330-m288-t/iterations/v0.0.1/docs/fetched/robotis-emanual-xl330-m288.html,359049,a336b9e3333295355870c48ccd99736596d175e61cf9b52f5b4602b0f67806b7
07 Files for the engineer/Project files/ce-parts/xl330-m288-t/iterations/v0.0.1/evidence/refcheck/2026-09-02T08-55-47Z/compare.json,874,64c71da45aee70b4044c19a940bac19f265099eba74c3d1b1ce8ab0fe338422f
07 Files for the engineer/Project files/ce-parts/xl330-m288-t/iterations/v0.0.1/evidence/refcheck/2026-09-02T08-55-47Z/features.json,2351,5a62e471d58c18eb0ad29ea7b18afd87cd2a0d53b253292f7abfc7c40996b964
07 Files for the engineer/Project files/ce-parts/xl330-m288-t/iterations/v0.0.1/evidence/refcheck/2026-09-02T08-55-47Z/ours.stl,356784,c4cf48735326bfd85fa3b8afa490a2e1f1f3f69dcf2cfc9bb75f91805ae66351
07 Files for the engineer/Project files/ce-parts/xl330-m288-t/iterations/v0.0.1/evidence/refcheck/2026-09-02T08-55-47Z/report.json,5076,18faf2de76178f4d1e64c79a9ff651314785cc6567f6891f7d10e78956a6ac34
07 Files for the engineer/Project files/ce-parts/xl330-m288-t/iterations/v0.0.1/evidence/refcheck/2026-09-02T08-55-47Z/report.md,700,8d35998e7f431bf6bdf29851516b91ec4d4f7a1e0e2ad8468c30f0b88e30559b
07 Files for the engineer/Project files/ce-parts/xl330-m288-t/iterations/v0.0.1/geometry/robotis-xl-xc-330.stp,791238,e2f7b060801a1d6a21f23bca2554f29a402f7d73b8498cb201c9e6adf3139eb6
07 Files for the engineer/Project files/ce-parts/xl330-m288-t/iterations/v0.0.1/mech/mech.py,289,5e7677153580f1e9c4247b27c17ac8ae6892c4ddb9498636bfa6ee6610723dbe
07 Files for the engineer/Project files/ce-parts/xl330-m288-t/iterations/v0.0.1/refs.json,388,7ef8eebe4ca80d608ec9dbfa7bb6c20e9dfc986015381f3ce33c54319770c946
07 Files for the engineer/Project files/ce-parts/xl330-m288-t/iterations/v0.0.1/sim/fluid.py,131,b3561d082b1166d078dfac85a666d77ccc3355cc8c9da919d03e277a1a00a592
07 Files for the engineer/Project files/ce-parts/xl330-m288-t/iterations/v0.0.1/sim/struct.py,108,6c879e234dd2a37a71f8a808afb84d7b98b6f496015db8fcbe7ae0f8ef341324
07 Files for the engineer/Project files/ce-parts/xl330-m288-t/iterations/v0.0.1/trust.json,1077,8ec78b3879e4cb180f87da2c262d84cc9ec0b9dbd1342ef1570f9bdec5fdc7c3
07 Files for the engineer/Project files/ce-parts/xl330-m288-t/sourcing.json,4157,156c2946c37f4a92daf435e76cc50ccdb9d8bcb7f98501c0d257883f98bd6ffd
07 Files for the engineer/Project files/ceapp.toml,1911,907195c9bdef55f5a46b68af2a9eb94403052ffb433b0bea5317f7a82300127b
07 Files for the engineer/Project files/design.py,10728,85e997a6a9c56f4be0acb0b785d056eb5387c60fba207d06ef92804a2deefc97
07 Files for the engineer/Project files/docs/BOM.html,25178,7daa93051a98f00e1450c3d05257bfb545636f6c76324a03360dc40fa5dd31dd
07 Files for the engineer/Project files/docs/BOM.md,12788,5ac37ca118e6a3ecd60e1572cdc76825e493178611e2ae64bd07d34d9f057824
07 Files for the engineer/Project files/docs/DFM.html,42491,57dadefd4eef754ed763e4931ccbf7c7db60fe6a9d7dec2a4a09485f155a1934
07 Files for the engineer/Project files/docs/DFM.md,28851,86001da08138866ba7e9574ee0a9a3befa4aa598ce0f28887ab5062ee6d5ae59
07 Files for the engineer/Project files/docs/ELECTRONICS-AND-SOFTWARE.html,48232,a0259eaa2ebf7c902412bb08414c68a009ccc8ec7f4e7c093dbf043f64c1ff96
07 Files for the engineer/Project files/docs/ELECTRONICS-AND-SOFTWARE.md,33254,1c56249320a639b62e91d9ca152999710325f0b05fb66e47688990a06c166c77
07 Files for the engineer/Project files/docs/MANUFACTURING-REQUIREMENTS.html,24647,06660e6854a3d29f12dc377eb4cfcc9967ce5fb45a6bab222cdfcbe122992ae8
07 Files for the engineer/Project files/docs/MANUFACTURING-REQUIREMENTS.md,20614,c4bbd7831fcc387e88d45412dac3eae55e077506fe1c0b89da9a36d030a475da
07 Files for the engineer/Project files/docs/PARTS.html,43394,54e93efec0fc9aa410b41279839765f76e20e5fb04348b946e02b4d03b9f0bce
07 Files for the engineer/Project files/docs/PARTS.md,26806,21186506a40385bd92b70a23fa3266d9a406ce09f2eec8516572c8fdc5df62d0
07 Files for the engineer/Project files/docs/PRODUCTION.html,49505,76d9581dea075717ac8c8742b5059d0eee1a43ee8938d99c42c0bd57d6def2d2
07 Files for the engineer/Project files/docs/PRODUCTION.md,35059,2132b31728ddef3563ed6640f2a84690db69faca6300514e2fca58d4b7fd38c6
07 Files for the engineer/Project files/docs/REBUILD-PROTOCOL.md,6706,910cb8629554c30e02d736d499d9fd389a724a2cc7b77193f6c541065956b453
07 Files for the engineer/Project files/docs/RECREATION-2026-09-08.md,18746,b752771293379a6be087774b2803dc1f6544ed64911f12c5de8d2fff3139c2fe
07 Files for the engineer/Project files/docs/SIM-CAPABILITY.html,24612,849553828967643f6c48659a783ba5b3ff73596f83d80fa7635a95907794b45e
07 Files for the engineer/Project files/docs/SIM-CAPABILITY.md,14271,7e6b973445401295c3f0a02f77476e883c519cd8667f23be6c1f7ff2b18681ab
07 Files for the engineer/Project files/docs/VIEWER.md,6129,9458cba15e4c8e4d4d52e95886ff4e18a84f764ab84f34968ae86e317ddf24cd
07 Files for the engineer/Project files/docs/production/compliance-and-assembly.md,36068,6a070e4eeda1cae7aaf137f9d73d38f836952b2e7aea4d9d349cd2ed8133f55d
07 Files for the engineer/Project files/docs/production/components.html,55813,c69409880c37abdb979044baa7f1646ac16b3d3399f43976c7fca4aca201afdd
07 Files for the engineer/Project files/docs/production/components.md,35303,be10e3c131f68b0fdb544e989d31dfd0620b5c64b9ea7f2b87c0660ace17b744
07 Files for the engineer/Project files/docs/production/process.md,24274,36d37356d73d9ec33f123a5467cb711fe8f6d290aa98bc4619e2fb743195f95f
07 Files for the engineer/Project files/electronics/1-block-diagram.gen.py,8431,52fc580b37888dd2349f7e043e108b2c23c07ff787cf3f87ebcf05efe1750904
07 Files for the engineer/Project files/electronics/1-block-diagram.md,3169,4e320f61ff5d280cfaa6e196d22fac05b493308dc1b6ea3a0706805e781d4a3e
07 Files for the engineer/Project files/electronics/1-block-diagram.svg,7077,b85337707711b4fd2e4c49a154db06c1afbbf55ae2cd4846e1cfbc379c537109
07 Files for the engineer/Project files/electronics/2-schematic-hat.svg,12074,e2c67ec6aa5bf4a14c4cdd131a4a3d6e44bffdee0b1e7046d5d9be9ffb49c624
07 Files for the engineer/Project files/electronics/2-schematic-imu.svg,17199,3177243f9648c00cb983350e97815ae7c83347c09391b6901aa69bcaafc1bf35
07 Files for the engineer/Project files/electronics/2-schematic-radxa.svg,5925,b467326b0722e52585eaab3096b8e9a112e8b9f66e48eb63061a7afd65e54c09
07 Files for the engineer/Project files/electronics/2-schematic-sensors.svg,5964,9c28b5cf6ca755dba8978dc1449bba08efd51852b4e28513e4be41080cac486e
07 Files for the engineer/Project files/electronics/3-layout.svg,8817,cf9e832fb83a290aacec435af2e8b279188362532e2ff7507d9a74ad90dc3e25
07 Files for the engineer/Project files/electronics/EE-FILES.md,1302,16c319cf7393c4354b1adf7a48b4f2dad68989e22eb27dc938fd25411310cf2a
07 Files for the engineer/Project files/electronics/README.md,6797,3180a773483dfc057b6b9f09c8665faf32ae36c177847290b5452b64e4eb76bd
07 Files for the engineer/Project files/electronics/banana-contact/board.py,24785,4ad25558346af280d6348d643039368b99faa9d7105aeed5a27b9b26573ef4fa
07 Files for the engineer/Project files/electronics/banana-contact/out/bottom.svg,26386,212d1b8bcbb04f16fc2bb317591d901e76067570024a15eefbf56a3197c9c92f
07 Files for the engineer/Project files/electronics/banana-contact/out/fab/ORDER-NOTES.txt,3673,8d222e7d655703384ec5d8c886e9ceb11b0ce0fb74ebc6079374ccca2377aa02
07 Files for the engineer/Project files/electronics/banana-contact/out/fab/README.txt,5994,44a4123cee2d8ea0af39ded7d9c34ccd80033e904bae56d8cdcbf676bec7e2a9
07 Files for the engineer/Project files/electronics/banana-contact/out/fab/microduck_banana_contact-NPTH.drl,145,fd506d0688fb74c732835d3765245327c517384a2c122badb7605c64547c67d0
07 Files for the engineer/Project files/electronics/banana-contact/out/fab/microduck_banana_contact-PTH.drl,195,1ea905cc76c44bf596e7f1ca94d2c811b7b1bccff1d98b191d39d7f5f033ebff
07 Files for the engineer/Project files/electronics/banana-contact/out/fab/microduck_banana_contact-bom.csv,708,34f851377b96e8864d311f408e3c8df78d9c88fb08953f2595837a40af27d8a5
07 Files for the engineer/Project files/electronics/banana-contact/out/fab/microduck_banana_contact-positions.csv,183,0c891c526315ac5edf0ac9c01f1144e8e786cfa6b6f55bd6c4ea4d734a37de7f
07 Files for the engineer/Project files/electronics/banana-contact/out/fab/microduck_banana_contact.kicad_pcb,5816,d0cccb029e9e875d1c139e44a4690b51d7e99a718bfe4fcac15454f1b01eacf0
07 Files for the engineer/Project files/electronics/banana-contact/out/schematic.svg,2126,6663b38fc4fd2eed6db82d368c49adc5a0d943ab5c60573d1c89439f3a0c986a
07 Files for the engineer/Project files/electronics/banana-contact/out/top.svg,3376,bcfdbdafbd5014ad9a2a0a6776c8b1487bce4f40c260bbdfee5d179b0fad7c91
07 Files for the engineer/Project files/electronics/components.json,39822,e3f3f43e6df3db78d99691973b718169ef19f1bbb2b40eeb843dfa181cabb306
07 Files for the engineer/Project files/electronics/datasheet-narrative.json,16616,1c4b208d3c2f50c6732fb24ef7589a714daa3de51dac2feefb171b41cd96ea3c
07 Files for the engineer/Project files/electronics/elec-spec.json,2169,a5be5e7f81ffa2c67f3976b61891035da859bdcfa9ede3bc095c8b9cf729f1f0
07 Files for the engineer/Project files/electronics/firmware.json,151669,bfe941451487ae4c37bed3d4da1f3885a5ebe5ace0a3479f2289079cb06f2684
07 Files for the engineer/Project files/electronics/gen_ee.py,13261,b48f436ed10fc9023fcc72bb331bccd1525e743d4ebe00c96858a84dca41902a
07 Files for the engineer/Project files/electronics/imu-to-dxl/board.py,40374,0b43bd330fd049802388e0f04740b4c5441621a3455881ff043552d429ebf175
07 Files for the engineer/Project files/electronics/imu-to-dxl/out/bottom.svg,141599,5090be5fec828828524df40d8c57fdbb6aa6ee525def5517cb605e4b912b2b10
07 Files for the engineer/Project files/electronics/imu-to-dxl/out/fab/ORDER-NOTES.txt,5275,f4f51db264dc741debea691b88f9a00e9466161bcc5a60581cdbbae1b2bbbd25
07 Files for the engineer/Project files/electronics/imu-to-dxl/out/fab/README.txt,4719,3ad8eb3d5fc3db28629b6c9f035e18f059ef294ffa186a5441bd7d68c4e99691
07 Files for the engineer/Project files/electronics/imu-to-dxl/out/fab/microduck_imu_to_dxl-NPTH.drl,182,0b50bc397ceb15efdab4d97c58ded08fcbcc2e466546572d56a6adedc9a4cec5
07 Files for the engineer/Project files/electronics/imu-to-dxl/out/fab/microduck_imu_to_dxl-PTH.drl,673,6f59fa41ddefe11c622099441ec6e2a798be3bbabce29e5d1e3310aa9363bb87
07 Files for the engineer/Project files/electronics/imu-to-dxl/out/fab/microduck_imu_to_dxl-bom.csv,2212,9c4d6803369f18cbc401908ac9fe3e81a7a87cc5072324494d60857cfc525ca3
07 Files for the engineer/Project files/electronics/imu-to-dxl/out/fab/microduck_imu_to_dxl-positions.csv,1181,b7582898250768c7e315470c75a6fd96a6349760beee8c5dccf0680d77db2a8f
07 Files for the engineer/Project files/electronics/imu-to-dxl/out/fab/microduck_imu_to_dxl.kicad_pcb,80486,2601c25827fe860cc7c4376145e3940f665181dc447fe6637fa6ad1d9c8ecfc0
07 Files for the engineer/Project files/electronics/imu-to-dxl/out/schematic.svg,25266,dddc4c21a17efa04f97bfef910ff3d6dbf8c128b77b0eea9154250bf60aad042
07 Files for the engineer/Project files/electronics/imu-to-dxl/out/top.svg,127734,9be383356ba7b502856ec31a5c8ca4651beb8316408cf97bba9bd615517a0e85
07 Files for the engineer/Project files/electronics/netlist-report.md,105234,829a5f6032fe9e132a546d8ef2c76e9688df349f43e21e5488e850e2e5a0749f
07 Files for the engineer/Project files/electronics/netlist.graph.json,164538,3df38fbb8664e57eb22950ffcfccaf01c5e806aa70229379853f2fde5e527af3
07 Files for the engineer/Project files/electronics/netlist.json,37389,fe75323689cc090922db41cf5e5d37fc1b9459d68e8af2351c5be93a54ca0783
07 Files for the engineer/Project files/electronics/netlist.py,54558,29db538b0bba1694cc6a554838865f3f1485048f11eeccf408443495dea357fb
07 Files for the engineer/Project files/electronics/pcb-package.json,54822,54cae731a6395d6b94b4aa94444937c2377e9372f610afd023b75e2048e01912
07 Files for the engineer/Project files/electronics/report.json,90848,3eb5fec741d53f18ca3da02dfdf99836f35ac4ad71e837d089a05d090e72c4fc
07 Files for the engineer/Project files/electronics/robot-hat/README.md,5989,3f754a7d5da8c08be069742c91c010f12402ffe47fa8872c6f6d2c0654837a52
07 Files for the engineer/Project files/electronics/robot-hat/board.py,50744,c3eb3d4244f3bc2f63ac0983c49decefb40ac4bddd1eb42ad823484a74e0ccb8
07 Files for the engineer/Project files/electronics/robot-hat/out/bottom.svg,313287,5704576d4c48787891bcd128e75b324b36417649aa22978df1f42c147452655e
07 Files for the engineer/Project files/electronics/robot-hat/out/fab/ORDER-NOTES.txt,7465,5e648d7ba32588f4fc8d2051d3b605985aeb9d5298298c951dc76c8fc30d6b5e
07 Files for the engineer/Project files/electronics/robot-hat/out/fab/README.txt,5568,a2ff7c51207bab7cc953e9138cadd14e9308313ebc5fadaeb8fb5e991230ce26
07 Files for the engineer/Project files/electronics/robot-hat/out/fab/microduck_robot_hat-NPTH.drl,208,4034c9a4f200b4e7e0678a7aebaa21b0dbadece72d70e8c051402503fce4ce45
07 Files for the engineer/Project files/electronics/robot-hat/out/fab/microduck_robot_hat-PTH.drl,1558,245ce9317082d5396277fb24011965d22b5c28d213e46110cd47cca9a84b18bf
07 Files for the engineer/Project files/electronics/robot-hat/out/fab/microduck_robot_hat-bom.csv,2020,abf4aebe6dc539a1960099868542f22b9185453df1ccf8f57f4cb5846b002e5c
07 Files for the engineer/Project files/electronics/robot-hat/out/fab/microduck_robot_hat-positions.csv,1365,9a2b7f37c082f757c900838c609993ea850a4379e2f2a2b83b814bc14d3c7abf
07 Files for the engineer/Project files/electronics/robot-hat/out/fab/microduck_robot_hat.kicad_pcb,202765,3b97b23be366a51f9849f4a60a62c46eb0963634ec8fdda41b71e85e9e9bdfa1
07 Files for the engineer/Project files/electronics/robot-hat/out/schematic.svg,42190,2bf9dd1f88afcb6f0344c872a2bc78277deeeb19987f5e6776bbc35228eedc7d
07 Files for the engineer/Project files/electronics/robot-hat/out/top.svg,345207,bbf83b6cb35de84d136a975d26b637532a0dbb298745b259835dc33ec2d76b6e
07 Files for the engineer/Project files/firmware/upstream.json,6343,9e1816797648c89722d61dd9e4cd08d8c1bacecf2253a4502f3a24ce0098832f
07 Files for the engineer/Project files/images/CATALOG.md,18311,8d94fecd2a817a4f74ab20d4989a2186b0e1f8e40e0c9c4c5259398c62dd6849
07 Files for the engineer/Project files/images/PROPORTIONS.md,6879,fffae82f19f13fd86a228f859fa35cd5cf047d6f1fcb401835d0eff454daf480
07 Files for the engineer/Project files/images/blog_sim2real-poster.jpg,62218,ea057430fc3c5fbe362cf5aefe1d03d43774800d188ae44d01f64f5280fccfea
07 Files for the engineer/Project files/images/gallery_balance-recovery-poster.jpg,60233,1648544b8182a74a13f48b55dd5bc7479489ce1e7b6b5d2b947a1b1102c6ba3f
07 Files for the engineer/Project files/images/gallery_chorale-poster.jpg,72016,040794723cfff61837083758d938e655b557ff72bb23c558ee1537092456bd46
07 Files for the engineer/Project files/images/gallery_grab-and-carry-poster.jpg,49563,d86008aa389360f7590bbdad6154c061e0cc0e4621ec21353df8fbcdf0c07e27
07 Files for the engineer/Project files/images/gallery_roller-skating-poster.jpg,114759,dfb385b559c4d25da678eb8f7461716800727bad04609416f0e168a8cc2fa567
07 Files for the engineer/Project files/images/gallery_squad-standup-poster.jpg,100354,b460e7b6f01eeb7fe5f2a256bbad87dcabd5ce67bb04935fd471cbcbd496b5da
07 Files for the engineer/Project files/images/github/gh_readme_7.png,756990,e66d8422f93c4fc06cca8554ef67851dc97be67d081b41f0ccbc705bd33c6eea
07 Files for the engineer/Project files/images/launch-film-poster.jpg,232621,ee5be912958b6847135efc0eeef1fd07c620bfa827d13e21d14bffd94489ce3c
07 Files for the engineer/Project files/images/moves-portrait-alpha_posters_drive.png,145572,e0f94b05dffbf4a4f1bfcdd114f770737d2276f11ba5f707628bf4edf5b29b78
07 Files for the engineer/Project files/images/moves-portrait-alpha_posters_grab.png,133480,a97ffd254272959de28be998ca165d5916a542ffdde6af1c6899df26a343eb69
07 Files for the engineer/Project files/images/moves-portrait-alpha_posters_kickL.png,147429,46838935d2ff829952a960fa0614f49d9a55ae23612cef4a16c63e3e69dad5d2
07 Files for the engineer/Project files/images/moves-portrait-alpha_posters_sitstand.png,106813,07f18f938358aefaf6aab48c0d25d6499b11800d6a9490892c3e208eb16bc985
07 Files for the engineer/Project files/images/moves-portrait-alpha_posters_standup.png,143021,2c9091d24971244919a2ba6cff6af9c54c435ce45575cf5b2ac9659e6f7badaf
07 Files for the engineer/Project files/images/moves-portrait-alpha_posters_walk.png,136605,59923e36620cbe5ce1b9720651c1eee4f790fbc44bd4aa4ffaa45e6672963dba
07 Files for the engineer/Project files/images/og_og-microduck-squad-v2.jpg,92547,69d4ad71217fb50708795fd17360048aa7b5ce13e7296cf5fac37b9d0307e2c8
07 Files for the engineer/Project files/images/open_duck_mini/CATALOG.md,5237,6b332618949f9282c14a27e829ffe1070f739c8e948787d7084ac25775a131b1
07 Files for the engineer/Project files/images/open_duck_mini/assembly/01_Assemble_the_trunk.png,88065,fc455518f67fd7cdeb98f49292de4cdf96d36e88d2a925a9176ccdd3e390c279
07 Files for the engineer/Project files/images/open_duck_mini/assembly/02_Assemble_the_trunk.png,116140,807d67527191baac61cd681331377c83a2c8d3ad8c40fa245d563532c2f65a25
07 Files for the engineer/Project files/images/open_duck_mini/assembly/03_Assemble_the_trunk.png,157498,6e8ccfe4a63e4ff6d8aee33a4ba61b02f6b66ea9bc58f844c28ff47b10720257
07 Files for the engineer/Project files/images/open_duck_mini/assembly/04_Assemble_the_trunk.png,179079,ff68eb7e9072e9b5287d1a929e095acb32ebc0ade91527137a1bff5db6ceba20
07 Files for the engineer/Project files/images/open_duck_mini/assembly/05_Assemble_the_feet.png,114200,038de25953c3b872bede9633e24aa8ca2f6974580df826217b45c9225f50090d
07 Files for the engineer/Project files/images/open_duck_mini/assembly/06_Assemble_the_feet.png,144565,c6180017424db14da803d5842f78415b33613dd2f2e94334742bcad988e9a702
07 Files for the engineer/Project files/images/open_duck_mini/assembly/07_Assemble_the_feet.png,177997,21687fb15743f367f68645c37bc5e985d824b71778bd46cfa6eddb59b020026c
07 Files for the engineer/Project files/images/open_duck_mini/assembly/08_Assemble_the_feet.png,148412,e7dadefe2035b533d4609d172445092178baeb3f22c83bcc59cc68b098d6ebcc
07 Files for the engineer/Project files/images/open_duck_mini/assembly/09_Assemble_the_feet.png,187069,d518005d16a01cde3a05b72e51ada21d0bd7d748d93cafe2e968e84ffc2b78d6
07 Files for the engineer/Project files/images/open_duck_mini/assembly/10_Assemble_the_feet.png,249103,611805730246be2cb897a8347bc7459ffa081030823f875a12f1b64dea941482
07 Files for the engineer/Project files/images/open_duck_mini/assembly/11_Assemble_the_shins.png,195879,b09afb3bef0734b1b4417692dc183f1c43e7df2eef8ddfcd6fdf8973441de85e
07 Files for the engineer/Project files/images/open_duck_mini/assembly/12_Assemble_the_shins.png,259491,c1694886a87fc0d9e577fff959f7ba3874c51f491dfbf170d96025f60c27d6aa
07 Files for the engineer/Project files/images/open_duck_mini/assembly/13_Assemble_the_shins.png,155777,ebd93ad5a059f48ac7206295d465923733761e54bf24a582e118e46ba0673cd6
07 Files for the engineer/Project files/images/open_duck_mini/assembly/14_Assemble_the_thighs.png,193514,2b3af88adc8ff3e16967a243ea6cebfbf63896434cc6bf775c33c799eecb7c22
07 Files for the engineer/Project files/images/open_duck_mini/assembly/15_Assemble_the_hips.png,191403,f4b4f7fb0cacccc101eb986d32cf74b3f7605b22bade568e2f1daa4ee2aa035a
07 Files for the engineer/Project files/images/open_duck_mini/assembly/16_Assemble_the_hips.png,257021,125003ea4186ca7f64d33ea91abd5b79c13d7fb384eb537ac3636f8678b80308
07 Files for the engineer/Project files/images/open_duck_mini/assembly/17_Assemble_the_hips.png,177909,6354bec0a61c095db6f27dccef23ae9722875277a914d774b62e7c913c042ca5
07 Files for the engineer/Project files/images/open_duck_mini/assembly/18_Assemble_the_hips.png,139428,dd9760d59d5acd1b8de03d784dfaa50c8c7c7a9493b27a56c73f942263f80b19
07 Files for the engineer/Project files/images/open_duck_mini/assembly/19_Assemble_the_hips.png,291140,9c559a0e7e21f62b8dbd518086b27e44aafd8bfbd306f49a9be873b68e0f8b15
07 Files for the engineer/Project files/images/open_duck_mini/assembly/20_Assemble_the_hips.png,300030,1aacfb671c0678a314901684c1c1175e4fef9e490104e1a1467aa81cce5af611
07 Files for the engineer/Project files/images/open_duck_mini/assembly/21_Assemble_the_neck.png,277165,148fa4f8e3ae38d3698ffd33113a85a7881ca8c09cdbff081209cf7fa18e721f
07 Files for the engineer/Project files/images/open_duck_mini/assembly/22_Assemble_the_head_mechanism.png,203668,e13c48b6606d1266684c9f41de232aabc08ff3dc8995e4a799c76477b7765b5f
07 Files for the engineer/Project files/images/open_duck_mini/assembly/23_Assemble_the_head_mechanism.png,78448,bee998a4482442a6647c4ddde298f15b666229076f4a15817d2ea3b7da3dfb0e
07 Files for the engineer/Project files/images/open_duck_mini/assembly/24_Assemble_the_head_mechanism.png,197804,995ee9a17cd3d552959d2a46f98c8fbeed24f2b17f33e63284d894c28fb2107d
07 Files for the engineer/Project files/images/open_duck_mini/assembly/25_Assemble_the_head_mechanism.png,213892,2d5e65519114f4434b0b6b8d08589de04dd78c53445b118820fcbe3c4e632f6f
07 Files for the engineer/Project files/images/open_duck_mini/assembly/26_Assemble_the_head_mechanism.png,284263,0231cd0698d88385c54ff4b428c626fb51791dfd70b9dd9b8dfe15f5e05b7563
07 Files for the engineer/Project files/images/open_duck_mini/assembly/27_Mount_the_IMU.png,172880,3def9c28f5360ac86b9e7e88a5219d7618fbd8b71eb30f744f41cff1eba04c5f
07 Files for the engineer/Project files/images/open_duck_mini/assembly/28_Mount_the_IMU.png,927778,2ffc0c970289dc49717be6c0683ae948ae33f321101e9355f8fe76a705266840
07 Files for the engineer/Project files/images/open_duck_mini/assembly/29_Electronics.png,1044257,fa39e38a3baea12c534373b231dd075885bda7a8fcfe7049855e0ad4651f5f44
07 Files for the engineer/Project files/images/open_duck_mini/assembly/30_Battery_pack.png,236248,f9804e4ccc1c246abe759b5b4127170a16f63e2c120b0e4eeb00a7d0efa49dee
07 Files for the engineer/Project files/images/open_duck_mini/assembly/31_Battery_pack.png,74415,83d100b4cf603ee7165c6ba063d8903689d227c5c6b20537accfa97cb9648b05
07 Files for the engineer/Project files/images/open_duck_mini/assembly/32_Head.png,205699,8b683d03a3f589b5b510aa96db2345d6cfeb84d116f1fbe5013b08fef395b72e
07 Files for the engineer/Project files/images/open_duck_mini/assembly/33_Head.png,3465609,c5dd31ce4b11f8a683ee836e99f0ab2f711567bf2277500b63c8b790ad881cec
07 Files for the engineer/Project files/images/open_duck_mini/assembly/34_Head.png,433135,a33854fc6f49e43194cb1c7d8d54792543034536b0b305957c22801d6953ffbc
07 Files for the engineer/Project files/images/open_duck_mini/assembly/35_Body.png,441535,47e53cc5f88af5eb97adab1e8498fddac5a635006ea32065239b11c201fb79a7
07 Files for the engineer/Project files/images/open_duck_mini/assembly/36_Body.png,292461,a08b20e6dc731f6186e08e7ad18bbae182479aadf7c7f61c5949c189ee706f32
07 Files for the engineer/Project files/images/open_duck_mini/assembly/37_Body.png,208487,6a29734ae096cfb307ece4985fcb40bcc0e2ee36a96737eb9010ef25d590bcfb
07 Files for the engineer/Project files/images/open_duck_mini/assembly/38_Body.png,931797,f7fcc44ad76256a81ac3b1dd962c54034049022b61249ed7a9913ffffa26c631
07 Files for the engineer/Project files/images/open_duck_mini/assembly_guide.md,11993,76e7f08da84c7a3caff381e40590d9c764c96fba17e2bf54fdf317448a4bb463
07 Files for the engineer/Project files/images/open_duck_mini/community_collage.png,4009310,b21e76147f235fb8710a2fd7ebf18acea200dc9ccb936b45753e1c5d1d86fa79
07 Files for the engineer/Project files/images/open_duck_mini/mini_bdx_dir.json,2271,f4f848d1d9dd90cd64fdde517116c76ee3ba8f36576057213b4a33f9d9e8a2a9
07 Files for the engineer/Project files/images/open_duck_mini/print_dir.json,31785,78f657a2318241b8fce6b16ae6a61a3126d39645c58ee5e3118b175c8ba0324f
07 Files for the engineer/Project files/images/open_duck_mini/print_guide.md,1139,3ba00d465138d00a89661c759aaab0a3c977c2fe5c9ce849b853710e58601700
07 Files for the engineer/Project files/images/open_duck_mini/readme_1.png,1267130,b94c3c95ded8d22a080d3c73780fb7feeca9719b1979979295205354d154b77b
07 Files for the engineer/Project files/images/open_duck_mini/readme_2.png,1118853,6c34a7e968eb1572e52d78f68284a0f6ff345b5edd5bfc7413df36b7355ab6ae
07 Files for the engineer/Project files/images/open_duck_mini/readme_3.png,1298784,9c48eccd291bc80ff5efb2fdbdf492c2c7d5110d1fee94bc7d5e46d3c415252d
07 Files for the engineer/Project files/images/open_duck_mini/wiring.png,8435393,c4c9cc6f4e3585726b782ee0f5184a437faa51296bbf5ac47e5ab0f37e3748c0
07 Files for the engineer/Project files/images/open_duck_mini/wiring_v2.png,199472,6dbb3fff8b7642f59afa33cde7b1a9e19d0b305edb9446a9a6654c0fbc1088ea
07 Files for the engineer/Project files/images/press/kit/microduck-press-kit/BRAND/microduck-wordmark.png,394061,35dd767c58f72908fc71e59b9f9cb8b138637bf3e9b08765b71272b9deb79f4b
07 Files for the engineer/Project files/images/press/kit/microduck-press-kit/PHOTOS/microduck-bedroom.jpg,911113,a920dd5059f606327a318b0c25aee027e80c563cacd173023cf804f074a24efb
07 Files for the engineer/Project files/images/press/kit/microduck-press-kit/PHOTOS/microduck-carried.jpg,335080,ab11d47279429bd28f1910a6cddcf5e394dea25f4ae25cfefdc6d03806a2b577
07 Files for the engineer/Project files/images/press/kit/microduck-press-kit/PHOTOS/microduck-closeup.jpg,369129,f8505dfd6a98807b39dde42edd525123c19963f1ffb498134ee1c0b01e7f605c
07 Files for the engineer/Project files/images/press/kit/microduck-press-kit/PHOTOS/microduck-desk.jpg,964275,a6bb862574388a557ec1ba4ef75d8144647ce466be546e01033540781d76c604
07 Files for the engineer/Project files/images/press/kit/microduck-press-kit/PHOTOS/microduck-kickabout.jpg,414108,b081c2b4ab0272987c4a791eceaff0489be291892c4589c0631969d25e3e96a1
07 Files for the engineer/Project files/images/press/kit/microduck-press-kit/PHOTOS/microduck-morning.jpg,529716,593bfd3d7be5ce6a72114a8aa88e3364402713e415c3fd30991c6dffacc790a6
07 Files for the engineer/Project files/images/press/kit/microduck-press-kit/PHOTOS/microduck-playroom.jpg,413324,081a52443a90b7ad567456c9f050865192f85b8c3de8564bb0bb7f2b3f1d3f19
07 Files for the engineer/Project files/images/press/kit/microduck-press-kit/PHOTOS/microduck-playtime.jpg,682146,cc0d8d498a70503694b11ff9ea91f8107b6051ae64e386202f493153a96f8f81
07 Files for the engineer/Project files/images/press/kit/microduck-press-kit/PHOTOS/microduck-screentime.jpg,487901,5e2833e71c7ce5687229f7f58636890e064eb77ca455129e33257ef881430d85
07 Files for the engineer/Project files/images/press/kit/microduck-press-kit/PHOTOS/microduck-skate.jpg,476181,09adc4f7593507900376d711c5d2e3da3028de9223513d31f87ba897a4fdee69
07 Files for the engineer/Project files/images/press/kit/microduck-press-kit/PHOTOS/microduck-stickers.jpg,657550,ca10541092433a87ffb0084b6eefded2333a2fa14d92629993433c21c1452f46
07 Files for the engineer/Project files/images/press/kit/microduck-press-kit/PHOTOS/microduck-team.jpg,1018235,4504df738bf2ba08711b9ce4e6d00bc1edf5866d60fa93de277af4e5f08fba1e
07 Files for the engineer/Project files/images/press/kit/microduck-press-kit/PHOTOS/microduck-walkabout.jpg,583461,be5f1213f0573b1f9f271102444ad4ea9ff775f3fa5018c661dc1565ad5ae935
07 Files for the engineer/Project files/images/press/kit/microduck-press-kit/PHOTOS/microduck-watching.jpg,428989,731829450f01e44aac6ea116dae823f9429c20aa940a1c274f3e1951f1d4bab9
07 Files for the engineer/Project files/images/press/kit/microduck-press-kit/STICKERS/banana.png,182314,0971f05ce588b5b6cdc2544e11ba23330db67396e52b3f29474536c6b99c75c4
07 Files for the engineer/Project files/images/press/kit/microduck-press-kit/STICKERS/bang-pink.png,220440,ef9d8a657709d945cb462edeb0a9d16ce5734d668666c5b21fd56701ef177e7f
07 Files for the engineer/Project files/images/press/kit/microduck-press-kit/STICKERS/bang-red.png,219954,3320dfb05c2a9a22e6fa0c84f86a034bdbc642c576644a17f96c8aa91d0df344
07 Files for the engineer/Project files/images/press/kit/microduck-press-kit/STICKERS/bolt-blue-2.png,41752,f3fca8b4fd41f56dac7d80213214cb6b7c09798726431c2e1556cd5ec6dd4568
07 Files for the engineer/Project files/images/press/kit/microduck-press-kit/STICKERS/bolt-blue.png,44809,4a1335fde45cf62a8bbcb92d9f8232c2642b1a9665fb6d01d408bb5e5067ff49
07 Files for the engineer/Project files/images/press/kit/microduck-press-kit/STICKERS/bolt-purple.png,65206,254004d5687518cde572dfa86cdb9034550210651034d8a7e038dc8ce304ba06
07 Files for the engineer/Project files/images/press/kit/microduck-press-kit/STICKERS/bolt-teal.png,76465,a2532ad5339e00a5b223c493457779b5a1a961b9fa092273fc2cb1f2434c45a0
07 Files for the engineer/Project files/images/press/kit/microduck-press-kit/STICKERS/bolt-yellow-2.png,41301,e4e74544839d0d0bb6c238167e8a8afb449dd8d8640fec35d3ac37d7fd98d428
07 Files for the engineer/Project files/images/press/kit/microduck-press-kit/STICKERS/bolt-yellow.png,45742,97757bef136ef44207dd8aeb035dea210607399f6dd8d2b2876c8a28df8bfdcf
07 Files for the engineer/Project files/images/press/kit/microduck-press-kit/STICKERS/bomb.png,123000,c00faff8cd5f21c23a48e64b07cf61c9246b5f00066e68c813a5d8c794637f15
07 Files for the engineer/Project files/images/press/kit/microduck-press-kit/STICKERS/boom.png,216846,36b74412363c8f7437cca0cd5bae3c3e621264fdb4b42316016e8748d47ce038
07 Files for the engineer/Project files/images/press/kit/microduck-press-kit/STICKERS/burst-blue-2.png,78870,212895347a9e95e2f87fd3369bbc5dfccd6244c0c2f31ed800f93d54659a0af4
07 Files for the engineer/Project files/images/press/kit/microduck-press-kit/STICKERS/burst-blue.png,58716,22f974cf15d3ff3979834a297547ebe551536073d38d9b5101a243822a6bf7a6
07 Files for the engineer/Project files/images/press/kit/microduck-press-kit/STICKERS/burst-yellow.png,96477,d0b78eeb3c2ad72e7fbcad56d11a981ba1f2977264bb5b02aee41b4017c12417
07 Files for the engineer/Project files/images/press/kit/microduck-press-kit/STICKERS/flame-blue-2.png,95501,2962597b86b472e94caf02364bc7ea8bbafd25789f40a972fdd12ba29c3a5b2e
07 Files for the engineer/Project files/images/press/kit/microduck-press-kit/STICKERS/flame-blue.png,98597,c47fd455b7adf722713bc24f29e8d8fb84ff4944102aa3ae1c8055aaaf2d97a1
07 Files for the engineer/Project files/images/press/kit/microduck-press-kit/STICKERS/flame-orange-2.png,58639,34b13f544a4e11545a148187dd0efbefebaa78147901e5905bec27554b6ce2ec
07 Files for the engineer/Project files/images/press/kit/microduck-press-kit/STICKERS/flame-orange-3.png,146337,01ec200e571079508b1fa4efd51b4273cd65078c8734ea3fcdbc3d64ca28d240
07 Files for the engineer/Project files/images/press/kit/microduck-press-kit/STICKERS/flame-orange-4.png,139961,3f4d2c2070859dab8484fd3a641c40410962656d9e1eeffdaa0005a6b35b2dd5
07 Files for the engineer/Project files/images/press/kit/microduck-press-kit/STICKERS/flame-orange.png,58868,afc1503e8421dc91c38f6222da7669bf1f6052b671d966666d1ac0ad9ccc48a8
07 Files for the engineer/Project files/images/press/kit/microduck-press-kit/STICKERS/quack-quack.png,177323,649218d5928a39e75f6cd9e7f8963e6d8f916280644a3040dc5608857e2479ab
07 Files for the engineer/Project files/images/press/kit/microduck-press-kit/STICKERS/quack.png,219291,ffeb92a904eaef1f9a7aa234adca9d9a8758851f98f9a045f3189968f50ed2b5
07 Files for the engineer/Project files/images/press/kit/microduck-press-kit/STICKERS/shooting-star.png,152483,1b8c59fb43fd8cfce9c789b142674d4157bc86ac60313835bc2fb73ff61a843b
07 Files for the engineer/Project files/images/press/kit/microduck-press-kit/STICKERS/star-pink.png,48351,f17bda9f8357259c74393305788dc60ddabcbe0296c91ab7c9505b5d38cd2356
07 Files for the engineer/Project files/images/press/kit/microduck-press-kit/STICKERS/star-purple-2.png,40308,71ef91ac53857e1faefd471ca163b90cf841e968b4e9ea26ce3df3f8390e42fb
07 Files for the engineer/Project files/images/press/kit/microduck-press-kit/STICKERS/star-purple.png,52840,060a104705261402e1560127af394521c59e6976f7c18123cb7f8d8cb1d957a7
07 Files for the engineer/Project files/images/press/kit/microduck-press-kit/STICKERS/star-teal-small.png,27747,479dee2d416a2d4a09489dde7353a013d1246d9d412a1b643a0b57848b67258c
07 Files for the engineer/Project files/images/press/kit/microduck-press-kit/STICKERS/star-teal.png,55348,d38ab099aa6a704a52745890745025d8ab512790a39e0281df45f31755cee200
07 Files for the engineer/Project files/images/press/kit/microduck-press-kit/STICKERS/star-yellow-2.png,29688,58a8a5495c3a03ed92522acaa5554a43f961c19126b1622181bd11dc5bec6776
07 Files for the engineer/Project files/images/press/kit/microduck-press-kit/STICKERS/star-yellow-3.png,44322,1ed2d8f9b3c09dc08e6a9f0e5cb625e2e3f49e7b5b02ee009185bb93ab311452
07 Files for the engineer/Project files/images/press/kit/microduck-press-kit/STICKERS/star-yellow.png,44333,296e00976d7f9831f2c631797cf6f11ec3d8ad5aa2c8dded45f5a1261bad14b3
07 Files for the engineer/Project files/images/press/kit/microduck-press-kit/STICKERS/surfboard.png,172611,c3fed7d7dc0facd21f43a3e39165979a05fa466ab487f941150ee70b967456f4
07 Files for the engineer/Project files/images/press/kit/microduck-press-kit/STICKERS/tap-tap.png,177751,70e22141d981d5d856d0564d4532b5492d593b0ed296913c063c92bc71c33537
07 Files for the engineer/Project files/images/press/kit/microduck-press-kit/STICKERS/wave.png,174687,ac5a9c3575ae3f460559b1cf4434cd9e164ad358d4c4172eea6a2151edff6acc
07 Files for the engineer/Project files/images/press/kit/microduck-press-kit/STICKERS/wordmark.png,233807,f3dce86832aeb0ab4bf52a5d29897e9fd163c48bddbd5aa2f98dc41310ba298d
07 Files for the engineer/Project files/images/press/kit/microduck-press-kit/STICKERS/ziouuu.png,167627,03d911796aef8490e59c81a403faaef929cc672544f5c0c7f98e65dbee07c083
07 Files for the engineer/Project files/images/press/press_bedroom.jpg,911113,a920dd5059f606327a318b0c25aee027e80c563cacd173023cf804f074a24efb
07 Files for the engineer/Project files/images/press/press_carried.jpg,335080,ab11d47279429bd28f1910a6cddcf5e394dea25f4ae25cfefdc6d03806a2b577
07 Files for the engineer/Project files/images/press/press_closeup.jpg,369129,f8505dfd6a98807b39dde42edd525123c19963f1ffb498134ee1c0b01e7f605c
07 Files for the engineer/Project files/images/press/press_desk.jpg,964275,a6bb862574388a557ec1ba4ef75d8144647ce466be546e01033540781d76c604
07 Files for the engineer/Project files/images/press/press_kickabout.jpg,414108,b081c2b4ab0272987c4a791eceaff0489be291892c4589c0631969d25e3e96a1
07 Files for the engineer/Project files/images/press/press_morning.jpg,529716,593bfd3d7be5ce6a72114a8aa88e3364402713e415c3fd30991c6dffacc790a6
07 Files for the engineer/Project files/images/press/press_playroom.jpg,413324,081a52443a90b7ad567456c9f050865192f85b8c3de8564bb0bb7f2b3f1d3f19
07 Files for the engineer/Project files/images/press/press_playtime.jpg,682146,cc0d8d498a70503694b11ff9ea91f8107b6051ae64e386202f493153a96f8f81
07 Files for the engineer/Project files/images/press/press_screentime.jpg,487901,5e2833e71c7ce5687229f7f58636890e064eb77ca455129e33257ef881430d85
07 Files for the engineer/Project files/images/press/press_skate.jpg,476181,09adc4f7593507900376d711c5d2e3da3028de9223513d31f87ba897a4fdee69
07 Files for the engineer/Project files/images/press/press_stickers.jpg,657550,ca10541092433a87ffb0084b6eefded2333a2fa14d92629993433c21c1452f46
07 Files for the engineer/Project files/images/press/press_team.jpg,836762,7b85f1f0c347280ab4d05ae5322ff53bd9741ee67cf055f8fe716ec123a56341
07 Files for the engineer/Project files/images/press/press_walkabout.jpg,583461,be5f1213f0573b1f9f271102444ad4ea9ff775f3fa5018c661dc1565ad5ae935
07 Files for the engineer/Project files/images/press/press_watching.jpg,428989,731829450f01e44aac6ea116dae823f9429c20aa940a1c274f3e1951f1d4bab9
07 Files for the engineer/Project files/images/sheets/frames_blog_sim2real_1.jpg,411968,dc1378280d5e37eac00f8ce3fc7905a522cbbbce9f36fb43f7d2bb44cf1209e3
07 Files for the engineer/Project files/images/sheets/frames_gallery_balance-recovery_1.jpg,281540,9f04e6882a6bd6b6675622f82a4f5dd2027727692fc715d389d10cbc97b89d90
07 Files for the engineer/Project files/images/sheets/frames_gallery_chorale_1.jpg,313363,1e9ffaf2ba9985de0b7ecf760924a9b095694a3404ac2c92f185a64b8f227a06
07 Files for the engineer/Project files/images/sheets/frames_gallery_grab-and-carry_1.jpg,437772,1757771db930c5a418843a5e307f0c40b7fdeeb5d0a0a5b3da1ddfb02c78d60e
07 Files for the engineer/Project files/images/sheets/frames_gallery_roller-skating_1.jpg,311241,4dd05e637ab2cf38b4e4cf60db825d5c1651fa3efaf71019f125ae579a86ed36
07 Files for the engineer/Project files/images/sheets/frames_gallery_squad-standup_1.jpg,614455,90508284a5a64ca34f49bc4d7bedc683f87fb7fc5a648aadee72411e484ce273
07 Files for the engineer/Project files/images/sheets/frames_gallery_squad-standup_2.jpg,228118,c0ee9a2bb0555179958e2bfccc78dd8e8d0802f884581c9855e8b78a4dc0b43d
07 Files for the engineer/Project files/images/sheets/frames_gh_readme_4_1.jpg,640418,0e121eb0d93a6e408709b34f572eac500e0c4ca92c533cc0418f973e2fb510a8
07 Files for the engineer/Project files/images/sheets/frames_gh_readme_4_2.jpg,251058,1c0cd1c6b731c53d2724e4508ecc30e17fc9b7bbd55714bca9476e8f572e8310
07 Files for the engineer/Project files/images/sheets/frames_gh_readme_6_1.jpg,613936,56938b8de67e33eb282a50706c0f8ce6e85e1e2f655cef6ed90854f31a369536
07 Files for the engineer/Project files/images/sheets/frames_gh_readme_6_2.jpg,592816,d2ccf8e1f78292b4d30c66c9ef61ac61b0e3d54ddd10988d5d27e63ea2dbf9ba
07 Files for the engineer/Project files/images/sheets/frames_gh_readme_6_3.jpg,379924,f6ae71c627f69c135836f86b7684ec3fc6c84465a13cf557666eac9461fc7793
07 Files for the engineer/Project files/images/sheets/frames_launch-film_1.jpg,679135,01aa3e37511eb51fc1d4eb7948e9466daf1d37aa4dea345458fecfaf14e9df11
07 Files for the engineer/Project files/images/sheets/frames_launch-film_2.jpg,753860,2e54756f37cdbd3b3f187805931487b205eb6977136221fbfeecc4c6675d680c
07 Files for the engineer/Project files/images/sheets/frames_launch-film_3.jpg,39784,8d32e997c6f6ba4c698e29f25cc6cd5f3bb8d3b73d06a0db690b14db915837cd
07 Files for the engineer/Project files/images/sheets/frames_microduck-card_1.jpg,276929,90c4baa592beb75a8d62c8a3ad668531563113855324a293a9ba14c7ba865746
07 Files for the engineer/Project files/images/sheets/frames_microduck-hero_1.jpg,317194,0a6fab7c59f99b4da29917f77dde78d1724548bacf57fc26c4c2506f3e20a284
07 Files for the engineer/Project files/images/sheets/frames_moves-portrait-alpha_drive_1.jpg,165407,860ab958290c6068cc5bf8dc39cc0d1c5fa83cb72de35198319ba07381799d24
07 Files for the engineer/Project files/images/sheets/frames_moves-portrait-alpha_grab_1.jpg,94096,ee6039a7cd30a63c2c8095dca156a89cef6117d1c4f6839b575d29d06804fae4
07 Files for the engineer/Project files/images/sheets/frames_moves-portrait-alpha_kickL_1.jpg,67014,29a9e210079c9496aeca35fc29337b08b7d601740ccc44ce59dff576f536fb18
07 Files for the engineer/Project files/images/sheets/frames_moves-portrait-alpha_sitstand_1.jpg,142382,cefbcd266ff2af9e45cd0c8c2385e83b49fed20a6b7884d0cf61eab5b5f674e0
07 Files for the engineer/Project files/images/sheets/frames_moves-portrait-alpha_standup_1.jpg,96672,63cbabeb3cfe8bf2c604e56e28a022f55972f93e2e6dc39b85adb9be50873a05
07 Files for the engineer/Project files/images/sheets/frames_moves-portrait-alpha_walk_1.jpg,129366,5a216420003f48d75244f2257357d187196b8216e77d23747ec690023ce6c43f
07 Files for the engineer/Project files/images/sheets/odm_assembly_1.jpg,320397,b1125869ca17565b5cfbee779d9a279d3e8a321c824fd6929719cfb12af2a6e1
07 Files for the engineer/Project files/images/sheets/odm_assembly_2.jpg,388062,57447b68f551f11a67470eef8eb06eef998f8e6fcdca43c115560db08a44ea87
07 Files for the engineer/Project files/images/sheets/odm_assembly_3.jpg,515240,0f1e96ced16497c792f1786992b0dd19bccd802befeed514e982a9520d455a4c
07 Files for the engineer/Project files/images/sheets/odm_assembly_4.jpg,110162,1d9a94738b4e86459729fe1e701643a3f8f3d9cf92c01ed7fb63ba3834af908a
07 Files for the engineer/Project files/images/store/store_microduck-4-colors-standing.png,2827052,3180fbe6a4ba94019218e439c6552faea8cbd855b04e9dd4ed68053f1dbd3e53
07 Files for the engineer/Project files/images/store/store_microduck-cream-playing-with-game-controller.png,5464880,435b30147600f135fd8bdfe5bce756181bc7cbb165b993579f9cf3a16a4096ef
07 Files for the engineer/Project files/images/store/store_microduck-cream-sitting-three-quarter_1.png,1613618,3a00f615d43b6e66590aac4fdf179be9f8d901b08f26a9736151a442d8a1df08
07 Files for the engineer/Project files/images/store/store_microduck-cream-standing-office.png,3636063,a73e6ce28d4e75a12f4b26c4ef53f199e599fe510f755b91ed203b4100adb3b4
07 Files for the engineer/Project files/images/store/store_microduck-cream-standing-profile-left.jpg,123048,6d5b944d3f37136c50e22edcf3d075bf875dd23addd58d9b48173b91b6f2b2dd
07 Files for the engineer/Project files/images/store/store_microduck-cream-standing-sleeping-room.png,2822325,6f97d14a9fd7bea89ac38ee716e760c3d2460b08cb279d5da1b171749ff627a9
07 Files for the engineer/Project files/images/store/store_microduck-graphite-standing-back-three-quarter-right-02.jpg,120273,98c31c8d93bfb85e738cbfa0a99b1702ad3d3591d486364e3cf687774fbb5097
07 Files for the engineer/Project files/images/store/store_microduck-graphite-standing-profile-right-02.jpg,109932,783f25c8dc5c1ed881d4c35bead29af8c0b27e27abea89600567769fa751e09d
07 Files for the engineer/Project files/images/store/store_microduck-inside-the-box.png,1864654,e597ae77b840739d2479a5be1275a6a7867c07112d3ca619e7239b96181332ce
07 Files for the engineer/Project files/images/store/store_microduck-lavender-sitting-three-quarter-left-04.jpg,167540,f47f6e26b4d6de3c422f4831ec3369b6148e543adfaebab7a4da522beaf3134e
07 Files for the engineer/Project files/images/store/store_microduck-lavender-standing.png,1034662,83c68dfc1f35c14133d1978ea0db7443f18c9170e97817afb57e9c544c23c2d9
07 Files for the engineer/Project files/images/store/store_microduck-simulation-mujoco-office.png,2266664,5da1fa08722668b13fd927ff1dc11996a5c743afab368cd9336f32cf2502a72c
07 Files for the engineer/Project files/images/store/store_microduck-sky-standing-three-quarter-left-02.jpg,137520,98d3e8f96ac6508ca1d8a38ba1262ba41b06329d9a4939bd7aa230f13a638db6
07 Files for the engineer/Project files/images/store/store_microduck-sky-standing.png,976178,753da372b451d3b07d41f7a719682bd9a56ba98bd9b6ea9d3d482a215f1d395b
07 Files for the engineer/Project files/images/store/store_microduck-squad-sitting.png,3290347,11bdbdd16d423c222721a8e1731ec0fbf4450a8e520a8d93a7cd30bcb7b27beb
07 Files for the engineer/Project files/out/assembly/assembled.png,168214,ee106376d745baf78bfdb7934abaa38784397a9ea7756234b8ce674f29609633
07 Files for the engineer/Project files/out/assembly/step1.png,47605,8fb7d403ba58af6b5ee1c24e6293b22c8ff816a46439914f1975c94e2dbdf423
07 Files for the engineer/Project files/out/assembly/step2.png,75410,9626b6d5648e4a4b93551aeb8c648bafd30912e0dd3c7f5ce08cd5f2c6061e03
07 Files for the engineer/Project files/out/assembly/step3.png,117972,657d7ed0971da94649d9d9c32745b278320bf8c899c9a807b47dce1ae9c06114
07 Files for the engineer/Project files/out/assembly/step4.png,123368,dad8d541ef594743f8473a28ee9efb88eca723a39b4001a4b44805ab28b75543
07 Files for the engineer/Project files/out/assembly/step5.png,165677,386b21f9e4dd4024a594a121ab3e2efdfb54ee07d51ebc44db4d8961eacfb9c0
07 Files for the engineer/Project files/out/bom-priced-rung6.csv,5778,493d4a62c176b18b3de0666915b612ebc3fc844b92f0504c840588f368884324
07 Files for the engineer/Project files/out/compare/_studio_scene.xml,31059,153271e274b51a9899c7498109c63f650d84c0a35fac9ed76aa33b10d63caee5
07 Files for the engineer/Project files/out/dfm/dfm-rebuilt.json,423628,95de31df612d27c678541ca8b026a18b3b07f2091e366fbc26117f071126fd67
07 Files for the engineer/Project files/out/dfm/dfm.json,162046,0b598efc24c065d95a36f1628d7615a9f6989ce720df9729f11c7352c31c71fb
07 Files for the engineer/Project files/out/dfm/stl-rebuilt/microduck-ankle-left.stl,409584,8b88a8cd80a2b80b15ba141a11ab8781507ce0c0bc2afdddd18e6ab34c63dca6
07 Files for the engineer/Project files/out/dfm/stl-rebuilt/microduck-ankle-right.stl,409584,00cdd0df7dfb0a76b35b6a2c0ea3ac95ca7e1d4b76bb99f7d5821bde35610b85
07 Files for the engineer/Project files/out/dfm/stl-rebuilt/microduck-banana-pcb-locker.stl,65884,40d5654bef34bc4dde853bc5d52a7d9c2a2a6c7db6ee1bfb2aa77e94a47626d8
07 Files for the engineer/Project files/out/dfm/stl-rebuilt/microduck-bearing-roll.stl,297884,e4696972ccd34622c3ceebd19976ba03e995bdf9884f5e5933342a51e362ec60
07 Files for the engineer/Project files/out/dfm/stl-rebuilt/microduck-foot-left.stl,255584,d6381f95f5f9bae2792c089fef27b32daed45fb35e5bb100cb5380b5c93d308f
07 Files for the engineer/Project files/out/dfm/stl-rebuilt/microduck-foot-right.stl,263984,f2762b23d0d57ef662e2c6d9335d2f310dc949a28eade84c7c0a6b072c074962
07 Files for the engineer/Project files/out/dfm/stl-rebuilt/microduck-hip-bracket.stl,859084,18f89b82fb6f225496bebb00dc20e64407e0ee08b25b6fa8946926166a1d53ec
07 Files for the engineer/Project files/out/dfm/stl-rebuilt/microduck-motor-support.stl,286484,838e24efb32012fb17a42d910dd38ac3770fbf8e887ae5f91b5d8c12d2dfe2e6
07 Files for the engineer/Project files/out/dfm/stl-rebuilt/microduck-neck-pitch-bracket.stl,595084,8b7c242e97284a79c2d28dfa3502acbf3f9d220dc41681eb43b27e7570157ee7
07 Files for the engineer/Project files/out/dfm/stl-rebuilt/microduck-neck-plate.stl,111884,fedcbfd8ad93480282ce5cf4057b638c75c7a2aba5dde35f97b92ee505e09905
07 Files for the engineer/Project files/out/dfm/stl-rebuilt/microduck-power-support.stl,633284,7024d17797398f9a3acc88a22b34bddcd23c6869295899a1dc99070df98e6cfd
07 Files for the engineer/Project files/out/dfm/stl-rebuilt/microduck-shin.stl,527684,7c1d05db250fc88a45ba9f3e70092a184fa2a257f970ccebe6ef7f865a451220
07 Files for the engineer/Project files/out/dfm/stl-rebuilt/microduck-sole-left.stl,552784,0741a07007d0981188a2b84a10fe31b2368f17aabf6faebfa7bb559bb78f39e0
07 Files for the engineer/Project files/out/dfm/stl-rebuilt/microduck-sole-right.stl,555384,0c0984f3f717a431082c55eacedfb322b681ab362cf75e98d8ac4e9ec172f74e
07 Files for the engineer/Project files/out/dfm/stl-rebuilt/microduck-trunk-base.stl,494484,57b55efcacc7d2fdee1729d6e10f12cc722f79a0a22235090804cea9aac8df51
07 Files for the engineer/Project files/out/dfm/stl-rebuilt/microduck-upper-leg-left.stl,1108684,4fed6a1e64c7a06d1cb9ed9152d912196994abd62ed7c5bac910bef3f5786dd7
07 Files for the engineer/Project files/out/dfm/stl-rebuilt/microduck-upper-leg-right.stl,1108684,6dfff1c2e1ac2bbfd2145c404e24dd197109edc8fe88c4ff4974e1ef38880938
07 Files for the engineer/Project files/out/dfm/stl-rebuilt/microduck-upper-leg-rigidity-plate.stl,194484,17e22d2d40e4fb293246989e5c82a0d56d05d5724f0e0983cdc3d17144641156
07 Files for the engineer/Project files/out/dfm/stl-rebuilt/microduck-yaw-roll-motion.stl,533384,105e2de7d109abfaa51432b97010cc9ff96a535ce62177b59a6c199add62a293
07 Files for the engineer/Project files/out/dfm/stl-rebuilt/microduck-yaw2roll.stl,530984,95eea4884b45c1b5a00f2fe5702feb68ff081a7d820e837589b399eea6c9f383
07 Files for the engineer/Project files/out/drawings/BASELINE-2026-09-04.txt,10461,f6debfb9287a0810d84f2d5c4961e9bcab7102cbfedfd29a5cb937c5ada878b5
07 Files for the engineer/Project files/out/drawings/INDEX.html,186675,4980568ec8f39bca4e3c38ecba36810841ae6e424f3acd704e9097ff3144d403
07 Files for the engineer/Project files/out/drawings/INDEX.md,3218,1d7db375712ce095b1d6c0fbe855e771464c30e8339a3a25459755064f48ae9c
07 Files for the engineer/Project files/out/drawings/VERDICT-RECONCILIATION.md,1720,c849b92854e3db5a4c23fb3662218cd15a027a9e2a0847312383cc8a6f714a9f
07 Files for the engineer/Project files/out/drawings/_prof/_prof-sheet-sheetcheck-view.html,160,9ff352c09203ebdb2de9cbda09f2db57731504cf96c828bc1a28e16b31bfd5d0
07 Files for the engineer/Project files/out/drawings/_prof/_prof-sheet.png,373180,7a62d95d2924b62724f9886b6d4f26d5e37a0731254edf6d02c824a0129eab33
07 Files for the engineer/Project files/out/drawings/_prof/trunk.dxf,74599,e431c30c15d74ae5bbc17a59fe9c00212b5dd7deab2f1790305717651fa0953a
07 Files for the engineer/Project files/out/drawings/_prof/trunk.pdf,36608,36f27fddb897d2bb140fb027f5fed63f7dc45cabbdc1432778d5ca9b1ca323c7
07 Files for the engineer/Project files/out/drawings/_prof/trunk.svg,63067,dddd8e572e81078ac3e2fa579288d64ef51f5c9ae4f9191cc9d7fe7424dbd102
07 Files for the engineer/Project files/out/drawings/edgeclass/RESULT.json,12363,e037fd5b78e874a61e1fd778ced7256a8733e0508079c462685f1529da873fdf
07 Files for the engineer/Project files/out/drawings/edgeclass/before-after.json,18091,929c8bb6f4e677fdf5a2246c3aa10e63829615f1c5e9f7b8d9cd6c994814ef54
07 Files for the engineer/Project files/out/drawings/edgeclass/bench-microduck-foot-left.json,5107,d361c68ba5f210951c4fe995393cfa363592b7f5789a341f68d746936466fee0
07 Files for the engineer/Project files/out/drawings/edgeclass/bench-microduck-neck-plate.json,2234,008e125d5164abbda2959c710655fd35c554c84391f0f77fc415df3ac8d8e066
07 Files for the engineer/Project files/out/drawings/edgeclass/bench2.py,4775,3b598d4b7330633eaa56a6a7339f80d0e0c8d8672791dd6c83ac32d66187ab92
07 Files for the engineer/Project files/out/drawings/edgeclass/bench3.py,5401,05eeb33b081ca1c68a9281a18e427792689d6d74c0f21099b9ba5232c3d8bbf6
07 Files for the engineer/Project files/out/drawings/edgeclass/microduck-foot-left-front-after-vis.svg,34693,cb60d85d019c18783f629f1adcfa9848bc07356060b875ab64289adbf0ecc41d
07 Files for the engineer/Project files/out/drawings/edgeclass/microduck-foot-left-front-after.svg,187556,6f314e2963737f08b60ee3ef2cd7f0104611f0522c10571411a71d7a105a2420
07 Files for the engineer/Project files/out/drawings/edgeclass/microduck-foot-left-front-before-vis.svg,78707,de852b711f0c5ee44615447e597186fe8025775a9f2c5f4fa7ab86306c9a8bfe
07 Files for the engineer/Project files/out/drawings/edgeclass/microduck-foot-left-front-before.svg,272874,e0d9f0ef381518fd2f39ec0d6682693862818f08a4c0501931d34657cdb709b4
07 Files for the engineer/Project files/out/drawings/edgeclass/microduck-foot-left-right-after-vis-view.html,190,ac8abe9b9669219cfbc3ca70302321fc926642cab43e086521b860d4064ad312
07 Files for the engineer/Project files/out/drawings/edgeclass/microduck-foot-left-right-after-vis.png,34098,fb792259a117a42c1afac8f94af4da0f8fea87511d19e3c5e57f111cc26d01e3
07 Files for the engineer/Project files/out/drawings/edgeclass/microduck-foot-left-right-after-vis.svg,31892,01375615db5fadf5b5faab94dc9d12559232a6c4bd0aa693c0198dceddd27cc3
07 Files for the engineer/Project files/out/drawings/edgeclass/microduck-foot-left-right-after.svg,129394,1840f049cb555a7bd0972ec89a51179f9c723ce93e90a6994976cd0a4579bc51
07 Files for the engineer/Project files/out/drawings/edgeclass/microduck-foot-left-right-before-vis-view.html,191,59c29549953df97f5a879d941b2faf9f293a5c1a7ee6065a1713667b8eb7e148
07 Files for the engineer/Project files/out/drawings/edgeclass/microduck-foot-left-right-before-vis.png,67522,2aa41c79b89da7765ea19a4880cbcb7b417d339954f4639f2bc915141c7e998d
07 Files for the engineer/Project files/out/drawings/edgeclass/microduck-foot-left-right-before-vis.svg,100897,dfa91b7fd96d14b652170fd380ee8bce38bacf626cb7a2b00d989ef500a4cd46
07 Files for the engineer/Project files/out/drawings/edgeclass/microduck-foot-left-right-before.svg,235522,1f8472b3d71e9c1fb16d9335686f8e1194f14f489ac0087f54a76fbebb78ce0e
07 Files for the engineer/Project files/out/drawings/edgeclass/microduck-foot-left-top-after-vis-view.html,188,9e1f277ac3e72c6e524734eb67089eeb6b79c3bcb018ef9ef87f82d8e54acff8
07 Files for the engineer/Project files/out/drawings/edgeclass/microduck-foot-left-top-after-vis.png,28390,887020aff3d545fa5acbcac538b440236f4083212fcf0e7c57d56c448d09a837
07 Files for the engineer/Project files/out/drawings/edgeclass/microduck-foot-left-top-after-vis.svg,21846,927eb1e91bb1147a32a0d577b601d64c27a08f9303d5cd4ad29b45b82e9c96e9
07 Files for the engineer/Project files/out/drawings/edgeclass/microduck-foot-left-top-after.svg,100608,4bfce597d7672e6ffe342bab35e2584ad9025c2541458c1efe7d687bbda10dbe
07 Files for the engineer/Project files/out/drawings/edgeclass/microduck-foot-left-top-before-vis-view.html,189,1b0b3c32fd14a8586c32135e5cbf004782650fd6a635dee3fba15f99b1a62687
07 Files for the engineer/Project files/out/drawings/edgeclass/microduck-foot-left-top-before-vis.png,44532,da36ca21c8d025dd993209fe1441164d236c2263da1e3f4333f711ae42457213
07 Files for the engineer/Project files/out/drawings/edgeclass/microduck-foot-left-top-before-vis.svg,109734,fc9f7cd6dfa634a095a76ab41bb879630797dcf04d4e3d75dbc49ada4a215d6d
07 Files for the engineer/Project files/out/drawings/edgeclass/microduck-foot-left-top-before.svg,254330,a7ca87e7ea41eb926e9356065a8d65d7f60c09934c0a63fcdef3a1e2ad17d2dc
07 Files for the engineer/Project files/out/drawings/edgeclass/microduck-foot-right-front-after-vis.svg,34696,1d0e3c70270db66a2d29389943d567d915778ab175b1be4cfc314bad5ee1a17e
07 Files for the engineer/Project files/out/drawings/edgeclass/microduck-foot-right-front-after.svg,187680,17ad296688c83a56ebc0449bfae4bb3f619b38145427431a52854914f5546800
07 Files for the engineer/Project files/out/drawings/edgeclass/microduck-foot-right-front-before-vis.svg,78710,40572452c59e139d483f2b067306054db69458a47670a744e2c83114b623681f
07 Files for the engineer/Project files/out/drawings/edgeclass/microduck-foot-right-front-before.svg,272873,48af27ab807f7a3a683aae869fabde75e085bb60054b15e458ceda37db1ea69f
07 Files for the engineer/Project files/out/drawings/edgeclass/microduck-foot-right-right-after-vis.svg,20016,4b49630c0950df33664981cfaefb2b18b4fc8cb1ef97522fd1cbd44a0f599d2f
07 Files for the engineer/Project files/out/drawings/edgeclass/microduck-foot-right-right-after.svg,128222,1c4de4f8a2decacebf1149f6bce41ae5bf8846b0ae39c2e07b308b8eb23e6584
07 Files for the engineer/Project files/out/drawings/edgeclass/microduck-foot-right-right-before-vis.svg,59424,5e49c437e6bfef70a15045d9b097e742761f2a816e8d73499e1cb085d4fed762
07 Files for the engineer/Project files/out/drawings/edgeclass/microduck-foot-right-right-before.svg,241501,0e6198bc893da53f4c25301c2a7174ac74ed0634aca2386fe645a35f1918a7cd
07 Files for the engineer/Project files/out/drawings/edgeclass/microduck-foot-right-top-after-vis.svg,21849,f3ebbaac51f37b1f393996fce822fe4989a59f0648c3e7d93925495f70985b0f
07 Files for the engineer/Project files/out/drawings/edgeclass/microduck-foot-right-top-after.svg,101761,5d8597a9ee62dbd2dfa77e04a954d4073f48a4088fe49abf5e7135412f7b6087
07 Files for the engineer/Project files/out/drawings/edgeclass/microduck-foot-right-top-before-vis.svg,109551,dfdb2da98ee1046391d5b0f606e37e66e1defe414c8a518086e238a788b2e64a
07 Files for the engineer/Project files/out/drawings/edgeclass/microduck-foot-right-top-before.svg,254627,cb30d6312319029a824d04105d286428bf08c8704c5cd19bd55aa21aba9cfef3
07 Files for the engineer/Project files/out/drawings/edgeclass/microduck-neck-plate-front-after-vis.svg,7346,5191bbc7f6a854c97714a37b984080a024676983732b59d8ab75fd632d96cd81
07 Files for the engineer/Project files/out/drawings/edgeclass/microduck-neck-plate-front-after.svg,10114,4ae96ad85fc9ed04ecc6725c11adcebc3fe28d4c4fb3ac8b492d18916c9bb260
07 Files for the engineer/Project files/out/drawings/edgeclass/microduck-neck-plate-front-before-vis.svg,7347,c7ffccc216bbc627a1cabb0a8e979985367670f980bf3b86587ffa854ceec83d
07 Files for the engineer/Project files/out/drawings/edgeclass/microduck-neck-plate-front-before.svg,10115,87cc5ab1ae9a7799683acc1d51e19f7c878919673e9e57bf93595ea8d114f84f
07 Files for the engineer/Project files/out/drawings/edgeclass/microduck-neck-plate-right-after-vis-view.html,191,665ac044b1f9bec252ce790ce16e5774e25f6686b85faccb5918c391d2242077
07 Files for the engineer/Project files/out/drawings/edgeclass/microduck-neck-plate-right-after-vis.png,32114,6ddac8adf1732be55c3c8fb66b7c9dc48715e0ebaf76f1c064799257dc446f22
07 Files for the engineer/Project files/out/drawings/edgeclass/microduck-neck-plate-right-after-vis.svg,5479,497ee3756378d3ef86be3930218e5bf1a6026365e060035d301ea472bc35cf66
07 Files for the engineer/Project files/out/drawings/edgeclass/microduck-neck-plate-right-after.svg,5474,811db4debe180311ea41e1e0502407d4cb75eca9485485ca25df4cdfd211c83a
07 Files for the engineer/Project files/out/drawings/edgeclass/microduck-neck-plate-right-before-vis-view.html,192,1f038e6eff104183524bb0dc85cf87ba4acd6596ccceba4ec455c64fafeb23cf
07 Files for the engineer/Project files/out/drawings/edgeclass/microduck-neck-plate-right-before-vis.png,32654,95007e529200711b74f0576c865ce40534e2f1c980c023d0e2c8cb951e28fce6
07 Files for the engineer/Project files/out/drawings/edgeclass/microduck-neck-plate-right-before-vis.svg,5480,597afd0669a11c56b645ba7a01db37d8f34081d736d5fa043f14323bd066e2a3
07 Files for the engineer/Project files/out/drawings/edgeclass/microduck-neck-plate-right-before.svg,5475,b5bb66da9eb25bab0e1330258a50baab10acdca407dcf564fde94482bf92f246
07 Files for the engineer/Project files/out/drawings/edgeclass/microduck-neck-plate-top-after-vis.svg,7344,57c7022ce19d11bdddd5a12af197d605b9503b457ea0f35b7c0479a1286c67b5
07 Files for the engineer/Project files/out/drawings/edgeclass/microduck-neck-plate-top-after.svg,11052,66e7c357f2abb9fa38fe00e0f9de38b47cfec462472d17b1e0d5185b76de3094
07 Files for the engineer/Project files/out/drawings/edgeclass/microduck-neck-plate-top-before-vis.svg,7345,1bc63651b08c5dd27d509fd1435c3b88d159ec45c2f1cad1a416739024d3d4e6
07 Files for the engineer/Project files/out/drawings/edgeclass/microduck-neck-plate-top-before.svg,11053,b1dc83d1ee6af4847d8a80864bc9dc570b98948a51bd6e7500d189e884dfc35c
07 Files for the engineer/Project files/out/drawings/edgeclass/microduck-shin-front-after-vis.svg,13854,d3a914caec2974563a44c805dac149fc34404119ac26a665e65866b5d833d744
07 Files for the engineer/Project files/out/drawings/edgeclass/microduck-shin-front-after.svg,46150,5df04fc6271a8d69458dc8e74442f38bdfb31e2820b32985c0f56c59368ad07b
07 Files for the engineer/Project files/out/drawings/edgeclass/microduck-shin-front-before-vis.svg,13855,70e1ba3e267673fabbb8eab7978b87a4a82bbb46b32fd754ba6aea08f902f223
07 Files for the engineer/Project files/out/drawings/edgeclass/microduck-shin-front-before.svg,46151,48f264eda7337471171e83b76ac5abfa52f3232e4154ca2af603172f2d80865a
07 Files for the engineer/Project files/out/drawings/edgeclass/microduck-shin-right-after-vis-view.html,185,072e5ad2a649dd2dd674162a131c736442a5cba3041ccb7c0fee4bfca9cc2f76
07 Files for the engineer/Project files/out/drawings/edgeclass/microduck-shin-right-after-vis.png,56537,829299ce303aa965652765a13333647ce8c97b4ef8eb5b616fc18124e6133565
07 Files for the engineer/Project files/out/drawings/edgeclass/microduck-shin-right-after-vis.svg,12967,ba7234d90a5938ed2c6ab5e6190b0aca2da2d0b98228ce2596ce689fed80826e
07 Files for the engineer/Project files/out/drawings/edgeclass/microduck-shin-right-after.svg,25807,2a23a35d45f9fcefe80cd91df8105def5acc3b9eca2752594caad693949cc0be
07 Files for the engineer/Project files/out/drawings/edgeclass/microduck-shin-right-before-vis-view.html,186,26c6f6c421def02587b9a74f0a4b91df4bf80b3071d52d261da57ced1fea8706
07 Files for the engineer/Project files/out/drawings/edgeclass/microduck-shin-right-before-vis.png,57038,cd30576f7749c70c9a25f61f3ba9399c5dee2efeb7801063cba917fef880f201
07 Files for the engineer/Project files/out/drawings/edgeclass/microduck-shin-right-before-vis.svg,12968,0fed2b8b42e7ae645e555c189123600bea1481a0b4714a5af574ed5f6a886e4a
07 Files for the engineer/Project files/out/drawings/edgeclass/microduck-shin-right-before.svg,26149,3d46023c9f2642f73e70c4f45e2a9744ed666a6c528dd8baf3e2fd2f0a92250f
07 Files for the engineer/Project files/out/drawings/edgeclass/microduck-shin-top-after-vis.svg,12897,3dc485e39e6f14125ff3bcc420e2d5858079806415de82b468d6e23d9660b968
07 Files for the engineer/Project files/out/drawings/edgeclass/microduck-shin-top-after.svg,61736,ef1f40fa05acede65e47d6ecde617e0c7ff7660891fc1782433ebdb04f870a2a
07 Files for the engineer/Project files/out/drawings/edgeclass/microduck-shin-top-before-vis.svg,12898,7ac9dcf23aae37e300f7c86875c09b3c039f6cdedecfce5e89d8680c1d396bce
07 Files for the engineer/Project files/out/drawings/edgeclass/microduck-shin-top-before.svg,65195,b9ae0d7b2a98084f91ab4ca949b02c9e30658c22b775fff13e507e163ca27f8d
07 Files for the engineer/Project files/out/drawings/edgeclass/microduck-upper-leg-left-front-after-vis-view.html,195,27248ac22b9bd7df65b7cc931930ff6a083efb74ffdc4565479115972333af2d
07 Files for the engineer/Project files/out/drawings/edgeclass/microduck-upper-leg-left-front-after-vis.png,24735,7f31d1961b1b60ca7e5612963d3453d506f4b1c767cccabf03361a0f911629bf
07 Files for the engineer/Project files/out/drawings/edgeclass/microduck-upper-leg-left-front-after-vis.svg,9967,085a9a1e13cf004d972f05eaca58da4433a52f127606e0d3c53e0e881161018e
07 Files for the engineer/Project files/out/drawings/edgeclass/microduck-upper-leg-left-front-after.svg,59312,7be1f786f5e8c095c63805eaad3f5ca9281225d37ea4cc3b3cf954586a99c18e
07 Files for the engineer/Project files/out/drawings/edgeclass/microduck-upper-leg-left-front-before-vis-view.html,196,8930dcf19d299194b188addb5356bd52cc80e01fa45e62e96de1a6a353a5ee7a
07 Files for the engineer/Project files/out/drawings/edgeclass/microduck-upper-leg-left-front-before-vis.png,59091,4bdd0f144d2b431d6c89e6dfa56645ba57304bc351891092dd146154f59b67f9
07 Files for the engineer/Project files/out/drawings/edgeclass/microduck-upper-leg-left-front-before-vis.svg,44527,1bbbfcf9295936e22f7378d807d979c9056a798838a88a7e4ea588a2fc1a3d8a
07 Files for the engineer/Project files/out/drawings/edgeclass/microduck-upper-leg-left-front-before.svg,155541,9a1b99d4a80baf8b6dde18e7f66ce070607b6b5b6710d54eafb4c1ae7b89d8a6
07 Files for the engineer/Project files/out/drawings/edgeclass/microduck-upper-leg-left-right-after-vis.svg,47861,e5d6b0a44fffdf51a1b9fcb3c8300eeb7e6e49c5672e31a9831287486256e09b
07 Files for the engineer/Project files/out/drawings/edgeclass/microduck-upper-leg-left-right-after.svg,106465,7722fc60caec69fe670f093eac6a3158e88de84c116a40e51fa52a1e51849036
07 Files for the engineer/Project files/out/drawings/edgeclass/microduck-upper-leg-left-right-before-vis.svg,77926,177f717d6d136340b00aca9f46092df60208d5bb23b7efddc90ccbf4f15a9234
07 Files for the engineer/Project files/out/drawings/edgeclass/microduck-upper-leg-left-right-before.svg,150307,2cca258a36ce439dff425b36de221e531d86089d809c00bf8110a1244a8b866a
07 Files for the engineer/Project files/out/drawings/edgeclass/microduck-upper-leg-left-top-after-vis.svg,18633,e7a9471bbe261c971d89e628a2e096f7cbe30461b72363eacc8c1d00d09bea73
07 Files for the engineer/Project files/out/drawings/edgeclass/microduck-upper-leg-left-top-after.svg,73461,5c7aaee55ac825622042246023bcc08b9cda6dcefeda3504759f5c07d6faa102
07 Files for the engineer/Project files/out/drawings/edgeclass/microduck-upper-leg-left-top-before-vis.svg,51797,fc5aa35b8e1ebe3bdb203e816a74fb6c63626f0f1a7ff8f7ff68e2d49fb247b3
07 Files for the engineer/Project files/out/drawings/edgeclass/microduck-upper-leg-left-top-before.svg,162357,197cef32916b76a0400c25bd03776b008a83fbc5bb5e1afa58f1b8bf7328aae8
07 Files for the engineer/Project files/out/drawings/edgeclass/probe1-foot-left-hlr-composition.json,2158,f48f24479f733ddee10417bdb8cab916f73e975c98bd72eff005de0fe998f752
07 Files for the engineer/Project files/out/drawings/edgeclass/probe1.py,4127,b47e6d5fe5e03d841ecf3a63872acde39be66e3f9c7d25d0e6b77b2ea9b34671
07 Files for the engineer/Project files/out/drawings/edgeclass/probe2.py,1805,c328eee10a60be2a48b4286808ebed63c6cf7bde584e0d40485ab9c802168ed6
07 Files for the engineer/Project files/out/drawings/edgeclass/probe3.py,4075,a1fe33cadf069c7d1add2396b4d7e5a5695340f407a00d8e913d2fbcbe3d3925
07 Files for the engineer/Project files/out/drawings/edgeclass/shot.py,930,0215120d478b9e7c2122de6f3a3219060fc5f153bcb6a5c032b99eea75e03f29
07 Files for the engineer/Project files/out/drawings/edgeclass/simplify-tradeoff.json,1373,c281e3a82cd2a705ba002d27f7aacc562002cae6a61a9f3a49f2561ab4ca2597
07 Files for the engineer/Project files/out/drawings/edgeclass/simpprobe.py,2473,8c7a00a698d6d1a12d0875b547721fa7ead4dde8ceeff1301f0f4d3c8aff711e
07 Files for the engineer/Project files/out/drawings/edgeclass/tprobe2.py,1948,fb23a8d0cbf5c048eceaf7a2491888a38bb85acf3f85ef2b2ed7dd8a21810f30
07 Files for the engineer/Project files/out/drawings/index.json,324323,ec8ad399762cb3bced531646c80085a0acb796d89591c5858eb117902e4ae10e
07 Files for the engineer/Project files/out/drawings/microduck-ankle-left/microduck-ankle-left-ref.png,60420,3efb3350222fc8bd39d4040f09e76bc4667dfd0506349b03e4358f9be1e38a2e
07 Files for the engineer/Project files/out/drawings/microduck-ankle-left/microduck-ankle-left-sheet-sheetcheck-view.html,175,8441b4581fa136848c6475175007f1756c8fb264ffb1a7771602342f3855d1e8
07 Files for the engineer/Project files/out/drawings/microduck-ankle-left/microduck-ankle-left-sheet-view.html,175,8441b4581fa136848c6475175007f1756c8fb264ffb1a7771602342f3855d1e8
07 Files for the engineer/Project files/out/drawings/microduck-ankle-left/microduck-ankle-left-sheet.png,383498,821b54dbbb3448cc7a43f0f976b23aee884d49792b1fb5f740f5d8ce2002a2c9
07 Files for the engineer/Project files/out/drawings/microduck-ankle-left/microduck-ankle-left.dxf,217890,894f3190ca11cf74f812b86a09f5843119697d53060d15ec0685d1194b6b1469
07 Files for the engineer/Project files/out/drawings/microduck-ankle-left/microduck-ankle-left.pdf,99352,f880ba491d3e3f7f08dce15b1ff90596c66ddcc823f8729588838c13e4a766c4
07 Files for the engineer/Project files/out/drawings/microduck-ankle-left/microduck-ankle-left.svg,253138,8e6481fb8f06420e2e7b90b167b57994513ac947edba3c830bad806bd2ee4911
07 Files for the engineer/Project files/out/drawings/microduck-ankle-left/result.json,5461,a7bfcbebaea66e8891dfcf4e85f74c33e8ff1bc9c637fc06a3be46a13b657133
07 Files for the engineer/Project files/out/drawings/microduck-ankle-left/sheetcheck-edges.json,167,99df37184d52bd1ba5c2c9d0c1685f408f1b65688323bcd097eececfe9f6db2d
07 Files for the engineer/Project files/out/drawings/microduck-ankle-left/sheetcheck-solid.json,23723,d9cf4558d7bceb19c7fe754ae20cae20bb5aa6df8aa43461a5f1abbcc3b0bb90
07 Files for the engineer/Project files/out/drawings/microduck-ankle-right/microduck-ankle-right-ref.png,67773,b0f1ac5b18fcd9ca81ced114bdfdd4e9517072bfc91bca30a0be0f863ced6b1b
07 Files for the engineer/Project files/out/drawings/microduck-ankle-right/microduck-ankle-right-sheet-sheetcheck-view.html,176,bc5425be1c70be0ffde15a1640d61e9ffd6f2885c40c2b5cd5ef6c92f183730a
07 Files for the engineer/Project files/out/drawings/microduck-ankle-right/microduck-ankle-right-sheet-view.html,176,bc5425be1c70be0ffde15a1640d61e9ffd6f2885c40c2b5cd5ef6c92f183730a
07 Files for the engineer/Project files/out/drawings/microduck-ankle-right/microduck-ankle-right-sheet.png,405930,85903de8acda329091ee290d181b09a3b81351ac66daaa9774f65d0880196839
07 Files for the engineer/Project files/out/drawings/microduck-ankle-right/microduck-ankle-right.dxf,229943,d1d2c8ca01b49326e91f4ba94ee7be96ff2fd27924f7d415eb354f78f0f44d94
07 Files for the engineer/Project files/out/drawings/microduck-ankle-right/microduck-ankle-right.pdf,106887,4a075da9a536dc0f7f7e081bab11c6c592ef867118e49f499b78a23c30261ff9
07 Files for the engineer/Project files/out/drawings/microduck-ankle-right/microduck-ankle-right.svg,271962,92d1b4ea7d000ad3e36dc8023206ec5911c3448401d7784c12371a02a3445bd3
07 Files for the engineer/Project files/out/drawings/microduck-ankle-right/result.json,5435,f5f1fa395085b8bd44240165e90a5ba9e426cba8162770e8cf1aff52d5a5c6d6
07 Files for the engineer/Project files/out/drawings/microduck-ankle-right/sheetcheck-edges.json,168,81471d609071c29e2178e47186641f74538b99c28cce2c829f02efc36f5ac1ac
07 Files for the engineer/Project files/out/drawings/microduck-ankle-right/sheetcheck-solid.json,23739,c1ff6c8f06d8c8fdf7691f5307be5b9e1d874df3cf15c3bce1202c82ebcf6c8c
07 Files for the engineer/Project files/out/drawings/microduck-banana-pcb-locker/microduck-banana-pcb-locker-ref.png,22607,21274b4e05acd1b22685ad185e26455366f4f1647e71e5dd96b80462c3d6f6fd
07 Files for the engineer/Project files/out/drawings/microduck-banana-pcb-locker/microduck-banana-pcb-locker-render1.png,16124,fba68c44c501acc7148aac31e48ad2927e33f25cf46076212f3961770f491336
07 Files for the engineer/Project files/out/drawings/microduck-banana-pcb-locker/microduck-banana-pcb-locker-render2.png,25061,839a548b6c74900d32cd4daa245bff9c5b45510b0efc43831db31721b3ee41cd
07 Files for the engineer/Project files/out/drawings/microduck-banana-pcb-locker/microduck-banana-pcb-locker-render3.png,21590,dcc4976c7ca73a6b564f33293900c14431fb29e874443d719435ec94e9dcec38
07 Files for the engineer/Project files/out/drawings/microduck-banana-pcb-locker/microduck-banana-pcb-locker-render4.png,17338,ef8f610acf6141c128ec7b6fe25b9e318fd24a41eefa38574a574a48338af815
07 Files for the engineer/Project files/out/drawings/microduck-banana-pcb-locker/microduck-banana-pcb-locker-render5.png,7552,c0f2a2c1721f18467aec1e338187e2c691af56ef596b47269cd90bf2d69b5bd2
07 Files for the engineer/Project files/out/drawings/microduck-banana-pcb-locker/microduck-banana-pcb-locker-render6.png,6904,fe167967e33d24db250d8457e73662f4dab80c325ddbe27dfae0bbaa85924403
07 Files for the engineer/Project files/out/drawings/microduck-banana-pcb-locker/microduck-banana-pcb-locker-sheet-sheetcheck-view.html,182,11f9d06c09c41fe507a492be274ce6b33300d177eddb1eb8f07aad26dc5e6a23
07 Files for the engineer/Project files/out/drawings/microduck-banana-pcb-locker/microduck-banana-pcb-locker-sheet-view.html,182,11f9d06c09c41fe507a492be274ce6b33300d177eddb1eb8f07aad26dc5e6a23
07 Files for the engineer/Project files/out/drawings/microduck-banana-pcb-locker/microduck-banana-pcb-locker-sheet.png,262965,dcc8936d1596d9748c7bad20693d1a720ef2823bf1ec489c0e9eb7d1c30b525a
07 Files for the engineer/Project files/out/drawings/microduck-banana-pcb-locker/microduck-banana-pcb-locker.dxf,91986,f74c93760cee692b3466c491aa85802c96a50e0b622968f7d70e767e71136396
07 Files for the engineer/Project files/out/drawings/microduck-banana-pcb-locker/microduck-banana-pcb-locker.pdf,47028,8757e695cd77a2f93e5f88f0376961107a78b0652a8b696c6823378d6e4dc70c
07 Files for the engineer/Project files/out/drawings/microduck-banana-pcb-locker/microduck-banana-pcb-locker.svg,208344,535488ede3503ae7a3c901f7857c9871723a1a31692b5da5563499cea6bb7f6d
07 Files for the engineer/Project files/out/drawings/microduck-banana-pcb-locker/result.json,22702,312adb413aba1f696a5e1e141763908b27a5204296d9c05a31292217216b6b24
07 Files for the engineer/Project files/out/drawings/microduck-banana-pcb-locker/sheetcheck-edges.json,173,e2451bae504f6b9940956326430911a712f3719d332a9f7cf2dbea37e65774dd
07 Files for the engineer/Project files/out/drawings/microduck-banana-pcb-locker/sheetcheck-solid.json,9058,7a28058d27da5b46fb9d7931b6d974d7574fd9984c576f84e4ea4e478368fa42
07 Files for the engineer/Project files/out/drawings/microduck-bearing-roll/microduck-bearing-roll-ref.png,25259,15475dc851f61931fbdc276b5ccc0c7d693bffed66337cd7d4a4a79be364d805
07 Files for the engineer/Project files/out/drawings/microduck-bearing-roll/microduck-bearing-roll-sheet-sheetcheck-view.html,177,0718c9d77bc39705d07a6f84e01cecaba860a10e875a337551f0de2c00fe5767
07 Files for the engineer/Project files/out/drawings/microduck-bearing-roll/microduck-bearing-roll-sheet-view.html,177,0718c9d77bc39705d07a6f84e01cecaba860a10e875a337551f0de2c00fe5767
07 Files for the engineer/Project files/out/drawings/microduck-bearing-roll/microduck-bearing-roll-sheet.png,311926,227a42731fa6f94c066594fb38ad0d5e22b1374459f6eebe3288893e9294d915
07 Files for the engineer/Project files/out/drawings/microduck-bearing-roll/microduck-bearing-roll.dxf,73863,524f5e634593242a05a6f51da01c8b4e37f1ceeed230255c9854393b6300ccce
07 Files for the engineer/Project files/out/drawings/microduck-bearing-roll/microduck-bearing-roll.pdf,37270,979540151560d1cb02f80c1583b463df88fb5806b72d97cf6035fdd07fd35778
07 Files for the engineer/Project files/out/drawings/microduck-bearing-roll/microduck-bearing-roll.svg,101127,a3dcf4f53de835ae7109e3c1122c033b8748f390989faebca4a9c0e3cdc242b1
07 Files for the engineer/Project files/out/drawings/microduck-bearing-roll/result.json,9514,bd6ea80b4274eb2b36884f77b6e1c9c85756b69238aade21e2da5cf3a28edc87
07 Files for the engineer/Project files/out/drawings/microduck-bearing-roll/sheetcheck-edges.json,168,67be02ee3b6ac138476cfef784b3da60cd127b99212af034e70e29c3135c5954
07 Files for the engineer/Project files/out/drawings/microduck-bearing-roll/sheetcheck-solid.json,9614,36e145d06859c26b4bf393b995343a42f809eae4cd1a0b46f677b3141bf51b14
07 Files for the engineer/Project files/out/drawings/microduck-bottom-head-shell/result.json,1110,b734e43fb6b755128a7b8c9b3eecaac46085007809fb9f1f876922c2aeb371d5
07 Files for the engineer/Project files/out/drawings/microduck-eye-ring/microduck-eye-ring-sheet-sheetcheck-view.html,173,4aef192470dbfcd00826b8f7ff3aaecfa4eb4fbf00b7ffa96bbaebe2918986a7
07 Files for the engineer/Project files/out/drawings/microduck-eye-ring/microduck-eye-ring-sheet-view.html,173,4aef192470dbfcd00826b8f7ff3aaecfa4eb4fbf00b7ffa96bbaebe2918986a7
07 Files for the engineer/Project files/out/drawings/microduck-eye-ring/microduck-eye-ring-sheet.png,402184,1c5e96d8f50441ff6b78d15e007f847595d80e68743a0fd06ab59c237bc89259
07 Files for the engineer/Project files/out/drawings/microduck-eye-ring/microduck-eye-ring.dxf,9954,a988484a2acd6f9a30535ef8dd5499a477244267439d3f9db46415cd4fc1246d
07 Files for the engineer/Project files/out/drawings/microduck-eye-ring/microduck-eye-ring.svg,257106,eff19edbaad4bebcf17036eec1b53efb2358a499945cb9b4ced1898f9a396962
07 Files for the engineer/Project files/out/drawings/microduck-eye-ring/result.json,4661,8899bcbd4f666aa234213025ce7167debc97876de41c7a506e010fe8d8ffd30d
07 Files for the engineer/Project files/out/drawings/microduck-eye-ring/sheetcheck-edges.json,166,1d1293edf4c0e240e4890a6afdb2fcd5dc17919f131f2ca4c8dc6f8fd18ba9a9
07 Files for the engineer/Project files/out/drawings/microduck-eye-ring/sheetcheck-solid.json,6730,54580ccf7b0a5cc9f4522ea3cb49e09b5c40c93e64cf026dd614a6782e068398
07 Files for the engineer/Project files/out/drawings/microduck-eye-ring/views/ref_front.png,43299,f39d523404f6e958f848b5d5881b100e7497b5263763580c8356197d3fe1c36e
07 Files for the engineer/Project files/out/drawings/microduck-eye-ring/views/ref_iso.png,64373,940763d5a5242027c6354bb1e4f4762326f8367446a6cde0519f908891157756
07 Files for the engineer/Project files/out/drawings/microduck-eye-ring/views/ref_iso2.png,66601,8afeed61eaa988cc452f6634de5a482d8ca933bc4d4add67010e73b0699487b4
07 Files for the engineer/Project files/out/drawings/microduck-eye-ring/views/ref_right.png,10468,23ab4bf2981ebf085aa6823e29b1976a0be7dc05a0e7c33acc7696e9210a2371
07 Files for the engineer/Project files/out/drawings/microduck-face-part/result.json,1054,ef3a5cff32749c48b7ee846b6b5a9824f1c5708c91b69757b6ca0f72d9aa14a9
07 Files for the engineer/Project files/out/drawings/microduck-foot-left/microduck-foot-left-ref.png,59032,a9d8c76cb56df51ed488a8d0187136d543b2c078ab080b202a311dce06420236
07 Files for the engineer/Project files/out/drawings/microduck-foot-left/microduck-foot-left-sheet-sheetcheck-view.html,174,4bc2071191ff4b8096d6536af2c8f492acda530f90262f6bfb0ff7a0bb7ee98a
07 Files for the engineer/Project files/out/drawings/microduck-foot-left/microduck-foot-left-sheet-view.html,174,4bc2071191ff4b8096d6536af2c8f492acda530f90262f6bfb0ff7a0bb7ee98a
07 Files for the engineer/Project files/out/drawings/microduck-foot-left/microduck-foot-left-sheet.png,575583,bb650808bda48a5ceb96f827a665624bc44695b0f2da04b35a9c6461bcd5bdb3
07 Files for the engineer/Project files/out/drawings/microduck-foot-left/microduck-foot-left.dxf,840803,685336bd26684b2c59b4b458660708a6a873a783c9369c3b32c9404df4040c4e
07 Files for the engineer/Project files/out/drawings/microduck-foot-left/microduck-foot-left.pdf,369715,f850a80aa617419bc2f2a85db40aa65ded5dbdbc26a866ec1e32c26f23276f66
07 Files for the engineer/Project files/out/drawings/microduck-foot-left/microduck-foot-left.svg,705223,5157af8a7e5419c47e2815055e45e8c4a4498d683a6107b8ed0d184e7b628ae5
07 Files for the engineer/Project files/out/drawings/microduck-foot-left/result.json,5839,254729eceb95171388b16a2a8d72be3a8403f857ffc0aed67e99eaeed0b45397
07 Files for the engineer/Project files/out/drawings/microduck-foot-left/sheetcheck-edges.json,168,87493ddb5104efee7e89ea1a392002c747c4c66d6f61dd007cc2ef727244d8e7
07 Files for the engineer/Project files/out/drawings/microduck-foot-left/sheetcheck-solid.json,5160,8792ad084ff7b648a53e3b9ac01951859e628938bbc0108b7a8a10333676e716
07 Files for the engineer/Project files/out/drawings/microduck-foot-right/microduck-foot-right-ref.png,59333,b216f3801c463b2277f307c654c067079da2e29365af69f6887d0232e0cae24c
07 Files for the engineer/Project files/out/drawings/microduck-foot-right/microduck-foot-right-sheet-sheetcheck-view.html,175,e9357e0c5e9a427bfae4b22523c4c6134e7cf0e9b4d9e049a77f91fc531baf42
07 Files for the engineer/Project files/out/drawings/microduck-foot-right/microduck-foot-right-sheet-view.html,175,e9357e0c5e9a427bfae4b22523c4c6134e7cf0e9b4d9e049a77f91fc531baf42
07 Files for the engineer/Project files/out/drawings/microduck-foot-right/microduck-foot-right-sheet.png,585736,0f5cbb8e5228a63ba5f7878bf05829c4b84b63d88d84ce953977277a05b6cc3a
07 Files for the engineer/Project files/out/drawings/microduck-foot-right/microduck-foot-right.dxf,856020,58fb23f7b33ae019ac489950e201ae42dc0e4f0f9c7070960765de3f2e39ef6c
07 Files for the engineer/Project files/out/drawings/microduck-foot-right/microduck-foot-right.pdf,376501,757492dcf0bd1616b164173060bf887f5933c1a1b7d1ad0f6a72f01caa51d9af
07 Files for the engineer/Project files/out/drawings/microduck-foot-right/microduck-foot-right.svg,717123,68dd1c4ce4d884b49eb3a962fd4b1d00f41d281b48d40400aa061b849680d7eb
07 Files for the engineer/Project files/out/drawings/microduck-foot-right/result.json,5812,bc342a105ac98972edd378aed8e54fcbccc4568fd63a70b3cd66908fdbfe320a
07 Files for the engineer/Project files/out/drawings/microduck-foot-right/sheetcheck-edges.json,169,cd379a22853846f9126ee29ecd42a8279550b0e351f174288fef4ac4f6d564e5
07 Files for the engineer/Project files/out/drawings/microduck-foot-right/sheetcheck-solid.json,5167,54ac9f68c7291cfd0fc337f47796748a17b11b8701b29e8a90a038516297b840
07 Files for the engineer/Project files/out/drawings/microduck-hip-bracket/microduck-hip-bracket-ref.png,96793,b7dc92087eca72f49e2f619c82e35bb2e8c865108d1c56812e77ef966bcd4b03
07 Files for the engineer/Project files/out/drawings/microduck-hip-bracket/microduck-hip-bracket-sheet-sheetcheck-view.html,176,149e853379c0a3e8586cf05f5e72dd118bca76e7cb01f4d2caf674e1980ea0ae
07 Files for the engineer/Project files/out/drawings/microduck-hip-bracket/microduck-hip-bracket-sheet-view.html,176,149e853379c0a3e8586cf05f5e72dd118bca76e7cb01f4d2caf674e1980ea0ae
07 Files for the engineer/Project files/out/drawings/microduck-hip-bracket/microduck-hip-bracket-sheet.png,475706,016e63564ef266c44ce7e4d7dcd6e06f3ecef3e73944eaa31a22b0abf882bc37
07 Files for the engineer/Project files/out/drawings/microduck-hip-bracket/microduck-hip-bracket.dxf,276822,d96672a490f329067daf657fae3744ade4d36e497e68b4eef09c6e3a04fda170
07 Files for the engineer/Project files/out/drawings/microduck-hip-bracket/microduck-hip-bracket.pdf,123915,405e685398a299e7ce022f3d798214c77877a07c1dc0bd358643a81b8f83cabd
07 Files for the engineer/Project files/out/drawings/microduck-hip-bracket/microduck-hip-bracket.svg,347264,2a0e5de5e447fdda9d4eaa37bf6eede7a2d6081d8110e283c1d6429e3516ad2c
07 Files for the engineer/Project files/out/drawings/microduck-hip-bracket/result.json,18552,0cc58e3a36a2715232b02438d67a770bc8fd6149ac41227430130b19dd66757c
07 Files for the engineer/Project files/out/drawings/microduck-hip-bracket/sheetcheck-edges.json,168,4d37a217640f076d71908549921280f3b26c1c4c765fa7333ceb894fde15c4a7
07 Files for the engineer/Project files/out/drawings/microduck-hip-bracket/sheetcheck-solid.json,27327,f2244a76ed7c714190d52f79df4b1e60a6a9c359623107b215b2403b753a4b1f
07 Files for the engineer/Project files/out/drawings/microduck-jaw/microduck-jaw-sheet-sheetcheck-view.html,168,91d3415ca4d7aa8ad8450cd0a80e9047a2d49be6f7343d04a0973b8f2c8253fe
07 Files for the engineer/Project files/out/drawings/microduck-jaw/microduck-jaw-sheet-view.html,168,91d3415ca4d7aa8ad8450cd0a80e9047a2d49be6f7343d04a0973b8f2c8253fe
07 Files for the engineer/Project files/out/drawings/microduck-jaw/microduck-jaw-sheet.png,331224,951c821b4bdf4b0af091815aa804faf0328886fbc1f9dca208d3c971ff9d0c4a
07 Files for the engineer/Project files/out/drawings/microduck-jaw/microduck-jaw.dxf,9934,6a5e99154ffae4b9863ce6488f52e9a86b8711c8381827a98afab6d6cf08c466
07 Files for the engineer/Project files/out/drawings/microduck-jaw/microduck-jaw.svg,177757,f9d27d0a5cdfc14233c05721aca738ed9562e7ca74e665187423a299d40e7cbd
07 Files for the engineer/Project files/out/drawings/microduck-jaw/result.json,4549,92543c52dc079e5e92325d0bc0b7bf7e0befdb3aac952a78354b3801b30768b7
07 Files for the engineer/Project files/out/drawings/microduck-jaw/sheetcheck-edges.json,163,dad93bb49e04640691971ac2b34bdbe7e10280999236ed218efa9b055a5c4489
07 Files for the engineer/Project files/out/drawings/microduck-jaw/sheetcheck-solid.json,13820,9ad8a474e2ff62f8a7c2cc200009d758b932cd57cf5a9de87d7018a7fe2b25bf
07 Files for the engineer/Project files/out/drawings/microduck-jaw/views/ref_front.png,18353,e70f2e09d5a14beddd91bfb682d73604ce7356975db56a0dfdaa10ba09d67310
07 Files for the engineer/Project files/out/drawings/microduck-jaw/views/ref_iso.png,45043,22e8648845ec1e110615788283f66ff4229b2aee46992fec268bcf6ad6a74989
07 Files for the engineer/Project files/out/drawings/microduck-jaw/views/ref_iso2.png,47336,bc8a75637c5511b0984491e7deef935ec0507700a471080c73441e532ef6c744
07 Files for the engineer/Project files/out/drawings/microduck-jaw/views/ref_right.png,14516,f28d68b0d052d5c046ba2b83fb6dba6be012df72733097021d6ef4b956686b3d
07 Files for the engineer/Project files/out/drawings/microduck-jaw-soft/microduck-jaw-soft-sheet-sheetcheck-view.html,173,4afcf2957d1480ca63c194f2d0c88030926ffe5c28b94460ddf0114e299e7183
07 Files for the engineer/Project files/out/drawings/microduck-jaw-soft/microduck-jaw-soft-sheet-view.html,173,4afcf2957d1480ca63c194f2d0c88030926ffe5c28b94460ddf0114e299e7183
07 Files for the engineer/Project files/out/drawings/microduck-jaw-soft/microduck-jaw-soft-sheet.png,307679,24f43b42a37b5d288c29f40d98019f88bdca511d7b19fc29a72e216419fc26bd
07 Files for the engineer/Project files/out/drawings/microduck-jaw-soft/microduck-jaw-soft.dxf,9958,018839eee1d74fac9e443635fc5f608ae01ff7818f9fd51dfce40b48e941cbc1
07 Files for the engineer/Project files/out/drawings/microduck-jaw-soft/microduck-jaw-soft.svg,114726,12995c638fac84d4a7703f7811ad03a54cd4b32f19f5d2a973c5cba5ef9f34c7
07 Files for the engineer/Project files/out/drawings/microduck-jaw-soft/result.json,4625,3a4b0d2c8aa0491b5f6de048a269269c8267e4655e130d50e4d696b78a082429
07 Files for the engineer/Project files/out/drawings/microduck-jaw-soft/sheetcheck-edges.json,168,6ba34cff74ad7f5300efa731aa5c7c934e9460007a964da51590fee33f279eb3
07 Files for the engineer/Project files/out/drawings/microduck-jaw-soft/sheetcheck-solid.json,3128,c88a799623ad7d2e06f11e0ee3ecc76c573d37ac32bf538934e084362c4a3ef2
07 Files for the engineer/Project files/out/drawings/microduck-jaw-soft/views/ref_front.png,8359,1a0127fb0325e4ac275bd0e461b5ec06893bafe353688e092a7b5f86b9d38405
07 Files for the engineer/Project files/out/drawings/microduck-jaw-soft/views/ref_iso.png,28150,586e821ca6bead9e74ff84699871df279e7e2835ff9249e1f12fbdb8f474a134
07 Files for the engineer/Project files/out/drawings/microduck-jaw-soft/views/ref_iso2.png,27659,69f2076b8d2aff70102ba2374a3189d7f14ca94ccab6fe44bd85667914d52290
07 Files for the engineer/Project files/out/drawings/microduck-jaw-soft/views/ref_right.png,13784,b5417ef435ca12b05ae2919e0e512104950649d2b964854259df4c7d790f86b7
07 Files for the engineer/Project files/out/drawings/microduck-m12-lens/result.json,1047,1048a8c4fe9b50f3f9a71cd5a7a447f20ddfa3dbb45afe79ce350174e5dd7df3
07 Files for the engineer/Project files/out/drawings/microduck-m12-lens-holder/result.json,1096,95c2b7ed7db4e51cda789bf0a1f2e750ee058c0fa3101210f7fe668e52b45418
07 Files for the engineer/Project files/out/drawings/microduck-motor-support/microduck-motor-support-ref.png,53317,b6e8af5c19c53940a6ffa9904c915a066a629385811edff2490855fe47acd08b
07 Files for the engineer/Project files/out/drawings/microduck-motor-support/microduck-motor-support-sheet-sheetcheck-view.html,178,33893364292b016df708fd9c4dd3b0b1edd01115ba7a84dde6761af42125f49a
07 Files for the engineer/Project files/out/drawings/microduck-motor-support/microduck-motor-support-sheet-view.html,178,33893364292b016df708fd9c4dd3b0b1edd01115ba7a84dde6761af42125f49a
07 Files for the engineer/Project files/out/drawings/microduck-motor-support/microduck-motor-support-sheet.png,405923,bc76c4507d7a1ed6bd957650555f1078d57e3961d06f8f96111289e19a55b7b5
07 Files for the engineer/Project files/out/drawings/microduck-motor-support/microduck-motor-support.dxf,487196,728807a8b0c12eab8eb77c8b14e4e573d047160017ec8738013f081ebcee7e3c
07 Files for the engineer/Project files/out/drawings/microduck-motor-support/microduck-motor-support.pdf,204429,c1361d83d9b49d3a83c82f18f9dbb7b16b64f8300e2fe74b6ebefbbd4a104682
07 Files for the engineer/Project files/out/drawings/microduck-motor-support/microduck-motor-support.svg,440204,a26ee4c5af562379d3dde039eb9bff0101c862a5916a3402acea059a17bc7be6
07 Files for the engineer/Project files/out/drawings/microduck-motor-support/result.json,4213,5d221fd7df58fa64f1e2d1d7bfc14e239c3c1b3e2815d2ddbe0588408b5b408e
07 Files for the engineer/Project files/out/drawings/microduck-motor-support/sheetcheck-edges.json,171,818cc9892a744373db57698fbf244a3edf9ed39f601e31d155b36efc80be2ecd
07 Files for the engineer/Project files/out/drawings/microduck-motor-support/sheetcheck-solid.json,9916,d4f4cc52556637982eae58fa43f61941dca7940e48b44abe9e546589535f7968
07 Files for the engineer/Project files/out/drawings/microduck-neck-pitch-bracket/microduck-neck-pitch-bracket-ref.png,67084,27757c4aa78698350e39c6d88c65ae9824372083d6f9e87c9d6a9c97c6c6f591
07 Files for the engineer/Project files/out/drawings/microduck-neck-pitch-bracket/microduck-neck-pitch-bracket-sheet-sheetcheck-view.html,183,8269038f6f8de2739d2fc0c624331fd9c2fb5537ebd72a423fba7501a7327ba5
07 Files for the engineer/Project files/out/drawings/microduck-neck-pitch-bracket/microduck-neck-pitch-bracket-sheet-view.html,183,8269038f6f8de2739d2fc0c624331fd9c2fb5537ebd72a423fba7501a7327ba5
07 Files for the engineer/Project files/out/drawings/microduck-neck-pitch-bracket/microduck-neck-pitch-bracket-sheet.png,316739,99fa2dd36897735fda8e50a0a61922cd6656f00192b9a1a58252368a1f55db22
07 Files for the engineer/Project files/out/drawings/microduck-neck-pitch-bracket/microduck-neck-pitch-bracket.dxf,126588,4d740fe1a6b25692c640825cb5c137221a12eb10b041f51fef3e4fbc8b9baa9f
07 Files for the engineer/Project files/out/drawings/microduck-neck-pitch-bracket/microduck-neck-pitch-bracket.pdf,60990,7a7a0fe7189c418b2c709b637dd4c4ccaabc2b672b550308a90d103d3b2e90ad
07 Files for the engineer/Project files/out/drawings/microduck-neck-pitch-bracket/microduck-neck-pitch-bracket.svg,195214,ec177390fc201abe15b3d7fdf1a0a38b66b6961c8d7873bc2ce201de94cfc505
07 Files for the engineer/Project files/out/drawings/microduck-neck-pitch-bracket/result.json,5488,017441c5ea0071c7f9defc4b551c3798c4763c81763e961384b3df96d41a770c
07 Files for the engineer/Project files/out/drawings/microduck-neck-pitch-bracket/sheetcheck-edges.json,175,eed740a65209c7272e6b4106f9e731b1c527031f9df5fac8d0319aa1a557c17d
07 Files for the engineer/Project files/out/drawings/microduck-neck-pitch-bracket/sheetcheck-solid.json,26627,f6a84add813545d2d3cc2914e81a7acea85722eed0800d656d65511721d97163
07 Files for the engineer/Project files/out/drawings/microduck-neck-plate/microduck-neck-plate-ref.png,40528,3ab56e3453beee593fbc7c674714f2a0b26fefa74659be16239f3c78d9c966e4
07 Files for the engineer/Project files/out/drawings/microduck-neck-plate/microduck-neck-plate-sheet-sheetcheck-view.html,175,c6c15318132a22eb74d64acc919c5df8ddd69e2a0260315af96dd5f1810f1e85
07 Files for the engineer/Project files/out/drawings/microduck-neck-plate/microduck-neck-plate-sheet-view.html,175,c6c15318132a22eb74d64acc919c5df8ddd69e2a0260315af96dd5f1810f1e85
07 Files for the engineer/Project files/out/drawings/microduck-neck-plate/microduck-neck-plate-sheet.png,232013,b039875d611171b38dc4c2aec3810ab11ea53bdd7c3ac87af4640d7e811c1f9f
07 Files for the engineer/Project files/out/drawings/microduck-neck-plate/microduck-neck-plate.dxf,68531,a259c228fa5ae45dcc88191a9e10d424f8519b5e08a4d70d05f3df0e6aba298f
07 Files for the engineer/Project files/out/drawings/microduck-neck-plate/microduck-neck-plate.pdf,29760,e899e08ef77de80ec198ba1702446f06366e76570ed09993b9c9000515375da0
07 Files for the engineer/Project files/out/drawings/microduck-neck-plate/microduck-neck-plate.svg,113151,fadbb266b91e09418f87bc85a5e8324ab78aae5471ffeca7e956deb06edafc76
07 Files for the engineer/Project files/out/drawings/microduck-neck-plate/result.json,4530,e0e100cc031fd1a3f7881ff3654b3df0e41dbaf7a65f420950e51b8b60bdb32b
07 Files for the engineer/Project files/out/drawings/microduck-neck-plate/sheetcheck-edges.json,166,b5ce650927460357a15b2139f81507ed12023a6bdae0ac5efa48954473a738e2
07 Files for the engineer/Project files/out/drawings/microduck-neck-plate/sheetcheck-solid.json,6368,4d6cbf465ca379ae4d98ccd04a566cce0dc2f7e062281c0c088664900215bf08
07 Files for the engineer/Project files/out/drawings/microduck-power-support/microduck-power-support-mfg.dxf,194831,25f6c75ae6a6f093aad6c5081be8a89cfa2674a30bee95f40998253932a24187
07 Files for the engineer/Project files/out/drawings/microduck-power-support/microduck-power-support-mfg.pdf,90279,70ca32b35204e0ffe6f38590303d1f5a6b5d0753ed1fa06fac24d387025b7239
07 Files for the engineer/Project files/out/drawings/microduck-power-support/microduck-power-support-mfg.svg,152935,b5d9d4a7b024398bcf1465610d944141634609d00350ff4c1eaad866da3444bc
07 Files for the engineer/Project files/out/drawings/microduck-power-support/microduck-power-support-ref.png,41697,09427f8533373606f7c9b930bd6c7662411975d89a9806d1672a1314347c603f
07 Files for the engineer/Project files/out/drawings/microduck-power-support/microduck-power-support-sheet-sheetcheck-view.html,178,475a8671124aac6c5da1ca91b479c78af28bc87bf18fb1b95b913db21f0c674d
07 Files for the engineer/Project files/out/drawings/microduck-power-support/microduck-power-support-sheet-view.html,178,475a8671124aac6c5da1ca91b479c78af28bc87bf18fb1b95b913db21f0c674d
07 Files for the engineer/Project files/out/drawings/microduck-power-support/microduck-power-support-sheet.png,311673,b876ea12272080cfa717646cd588e33b3324b865a1237ecc3d96832d53e04b41
07 Files for the engineer/Project files/out/drawings/microduck-power-support/microduck-power-support.dxf,374574,85d6cfa38180accc8d6d1fdbcea6758a0fd223131d6ddf22dff65bdab22949c9
07 Files for the engineer/Project files/out/drawings/microduck-power-support/microduck-power-support.pdf,175159,10a25659745edc6d35158de03d3611ccebb7eff9af7faca437e9867c9602682d
07 Files for the engineer/Project files/out/drawings/microduck-power-support/microduck-power-support.svg,346124,e92e4191a1a656f18664634dc3eaa1e31f4d6eca4fa230ead2c2a58002886d31
07 Files for the engineer/Project files/out/drawings/microduck-power-support/result.json,9605,861beb844498f674d7b2b5588a01f96950787f2c13ee527758cfe3be68188fe9
07 Files for the engineer/Project files/out/drawings/microduck-power-support/sheetcheck-edges.json,171,2816c9e90c89afc3162b6a4d3f71756214064b8f00c9ab98b54231201b2f4f7f
07 Files for the engineer/Project files/out/drawings/microduck-power-support/sheetcheck-solid.json,60758,d1c63269c73d57fe9614ca3e17fb51835e228649e6555d49b7dcbe301b352e15
07 Files for the engineer/Project files/out/drawings/microduck-robot-hat-pcb/microduck-robot-hat-pcb-ref.png,27809,d6746e56f73e166a6648bade9d2d8e7c8e3cdd4d3d7000780583645396d78982
07 Files for the engineer/Project files/out/drawings/microduck-robot-hat-pcb/microduck-robot-hat-pcb-sheet-sheetcheck-view.html,178,8f3fb7692ef3f339a71863642432f85765023ea4628c45edfde4100fac166446
07 Files for the engineer/Project files/out/drawings/microduck-robot-hat-pcb/microduck-robot-hat-pcb-sheet-view.html,178,8f3fb7692ef3f339a71863642432f85765023ea4628c45edfde4100fac166446
07 Files for the engineer/Project files/out/drawings/microduck-robot-hat-pcb/microduck-robot-hat-pcb-sheet.png,244247,606e50aba9e1ab5ffa192f51654dfa7e2c5b0c143a31b0cb4f308d9595e156e0
07 Files for the engineer/Project files/out/drawings/microduck-robot-hat-pcb/microduck-robot-hat-pcb.dxf,100958,efa4837b879c682fec6177e720c8a7e03bd50ebef9c7131969aedb34f36a7109
07 Files for the engineer/Project files/out/drawings/microduck-robot-hat-pcb/microduck-robot-hat-pcb.pdf,55643,304041bd85c554dcfa6247c379b7ab450a069f061e70f78754d5bc6bf2c065ce
07 Files for the engineer/Project files/out/drawings/microduck-robot-hat-pcb/microduck-robot-hat-pcb.svg,119921,5e5641ecced83705e6f8cf79ad15d2e23a841f446cb4798f25aea6c6e72781e1
07 Files for the engineer/Project files/out/drawings/microduck-robot-hat-pcb/result.json,15949,6a382b556ddd0cdcab849c43a3d9decbd65b84ce6438dfc9bfe5a7a702284558
07 Files for the engineer/Project files/out/drawings/microduck-robot-hat-pcb/sheetcheck-edges.json,169,189d63fcc3e8320075fb6ac56fff94bc19beb01c02eecfda5bba2deecdc2bb54
07 Files for the engineer/Project files/out/drawings/microduck-robot-hat-pcb/sheetcheck-solid.json,61111,9e04e8530389b63f5187f942a31b7b00951310935573ec1e4421375ee6b44907
07 Files for the engineer/Project files/out/drawings/microduck-shin/baseline-2026-09-08/microduck-shin-ref.png,51240,8f93e08d9883e36b7badbe42f758a33d2cd09943c1cf2c0f507a75a66b402425
07 Files for the engineer/Project files/out/drawings/microduck-shin/baseline-2026-09-08/microduck-shin-sheet-sheetcheck-view.html,169,06beaa0c643fbd9c14657b051bf57ac2b2441d5e326b1f991edbf04cc6c619a7
07 Files for the engineer/Project files/out/drawings/microduck-shin/baseline-2026-09-08/microduck-shin-sheet-view.html,169,06beaa0c643fbd9c14657b051bf57ac2b2441d5e326b1f991edbf04cc6c619a7
07 Files for the engineer/Project files/out/drawings/microduck-shin/baseline-2026-09-08/microduck-shin-sheet.png,326210,f0b11025ab16c5e4464c0669734521cda166683a09bfcba7e9a5f1d7eeee383f
07 Files for the engineer/Project files/out/drawings/microduck-shin/baseline-2026-09-08/microduck-shin.dxf,127330,3d3a0d382d5d6798913676ee9bdf78ffbe1ab5ea5444a9155694b25d876b40f0
07 Files for the engineer/Project files/out/drawings/microduck-shin/baseline-2026-09-08/microduck-shin.pdf,64989,68520fa992ad7a68bceba676e0e2a248724a09596a0534f9b941a4c2c73ac80e
07 Files for the engineer/Project files/out/drawings/microduck-shin/baseline-2026-09-08/microduck-shin.svg,174194,d4f04fb7f63e0e87f94fde3a1a4cd4742c6be52454f5f6ee0876680698dc69d5
07 Files for the engineer/Project files/out/drawings/microduck-shin/baseline-2026-09-08/result.json,5044,bd10b201ca51659740dec11a36a288f5502d96d89878e2a28cbfd438ef2566d6
07 Files for the engineer/Project files/out/drawings/microduck-shin/baseline-2026-09-08/sheetcheck-edges.json,161,f30baca9ada3642f3042213b22d13291d65ff7542cbe356c0b7a095299f54622
07 Files for the engineer/Project files/out/drawings/microduck-shin/baseline-2026-09-08/sheetcheck-solid.json,29405,bb54553b2266752f86186436835975c8a9b30264b8c84eafc63e908227b7406c
07 Files for the engineer/Project files/out/drawings/microduck-shin/baseline-2026-09-08/sheetcheck.json,32830,1a7248df8d2d204d1cbeeb0e01f13ca62b7367f2803050b75c0635f682204c52
07 Files for the engineer/Project files/out/drawings/microduck-shin/check_bottom_lighting.py,736,8dfc0ec80c7eba603655f21901ac9db8403b84ada75e95afec4ad70a65ae55e3
07 Files for the engineer/Project files/out/drawings/microduck-shin/check_caption_regression.py,1338,2c0118838f5eda84d99fe5ee3baca071492f21ab960f1efb0627b4154ffc4c96
07 Files for the engineer/Project files/out/drawings/microduck-shin/check_detail_regression.py,949,b4078f03d8f513489a0327e20cd8fd35c070756ff49ed700b8637f93f46ab75a
07 Files for the engineer/Project files/out/drawings/microduck-shin/check_details.py,195,9b384efb0e322ad6e8a0fd9c2a58f1ab3b0da979c3dbd457107e694fd48cc437
07 Files for the engineer/Project files/out/drawings/microduck-shin/check_drawing_regressions.py,564,966512a638e68572815933e66e8c5c24a234478956d3dea9ac70cdf30c54fc7d
07 Files for the engineer/Project files/out/drawings/microduck-shin/check_generator_regressions.py,1928,c1235ab6086a37b461774168caea3f9989edc137df4e7407598a5ddab6d2bf18
07 Files for the engineer/Project files/out/drawings/microduck-shin/check_render_scale_regression.py,1733,6f431e15423eeeaa6820d1388c28e951951f5b80f2f96083c45b40783c1749c6
07 Files for the engineer/Project files/out/drawings/microduck-shin/check_rendered_route.py,248,956856f27c5f1127111837834228f777df44d9b8a60a37aeab5431b61c9b2970
07 Files for the engineer/Project files/out/drawings/microduck-shin/checkpoint-files-2026-09-08.json,9975,8e3426cf7838d53823b5d39bd68312b7c00248d1c221d2a6e2870313ed52858e
07 Files for the engineer/Project files/out/drawings/microduck-shin/detail-A-build/detail-source.json,6004,4b79ad9d8f69c0a772d347ae0461cd8022034e50488c4dc0c82ce48f21b8d756
07 Files for the engineer/Project files/out/drawings/microduck-shin/detail-A-build/failed-flat-rear-view/render-3.png,69954,a852a45464c130c925068f173978e609027fed3acb8546ef0afbb470b03c45a1
07 Files for the engineer/Project files/out/drawings/microduck-shin/detail-A-build/failed-flat-rear-view/result.json,13324,900df1af355f4fd9e7149ec21b9ebe68b348e4ee0fd537420634012c21799162
07 Files for the engineer/Project files/out/drawings/microduck-shin/detail-A-build/failed-flat-rear-view/sheetcheck.json,35378,1250b629a26cc40f47c7ed4f7148b298d926d5e4e85d68635d34fec397048d40
07 Files for the engineer/Project files/out/drawings/microduck-shin/detail-A-build/fit-render-1.png,212231,0fa9e3474211e2b56861383981129e48b6a1448b1d618b349d2a3c5b631dbaae
07 Files for the engineer/Project files/out/drawings/microduck-shin/detail-A-build/fit-render-2.png,174096,064b0dd26802ab78a05bf2a3f4d19e4d3baeb83eba20f57e32c9b979febd12c6
07 Files for the engineer/Project files/out/drawings/microduck-shin/detail-A-build/fit-render-3.png,130768,190d0d326a21bc23b01cc539dbb889d6487b917003ff3abb98164b3a3315bd53
07 Files for the engineer/Project files/out/drawings/microduck-shin/detail-A-build/fit-render-4.png,204416,d798a9c88bf978269156746ade1caadfb2b6ab0595b857b66a03c00bb5967566
07 Files for the engineer/Project files/out/drawings/microduck-shin/detail-A-build/fit-render-5.png,49663,73f9970ba39df11d2cda1787c7b5bc8ce86cd1405785f02f23ae3139c71733d0
07 Files for the engineer/Project files/out/drawings/microduck-shin/detail-A-build/fit-render-6.png,45197,a4c4ccafbd1acb08922d1432bed4b50447b2adcc2e975360912f124c6418ec15
07 Files for the engineer/Project files/out/drawings/microduck-shin/detail-A-build/layout-evidence.json,38906,3dba42db4cbbe40b8401e3c438d0a824df44bc05c04080d3eb42411e2f0c4cd3
07 Files for the engineer/Project files/out/drawings/microduck-shin/detail-A-build/microduck-shin.dxf,129396,86bb557e961249016c3e8cc62f6b6ba0fad5e461795a5918d564a845ce07fd41
07 Files for the engineer/Project files/out/drawings/microduck-shin/detail-A-build/microduck-shin.pdf,344139,3d79f49ef1e172d4d0bee072806b913394f60116a15ce856373430d9f98aca91
07 Files for the engineer/Project files/out/drawings/microduck-shin/detail-A-build/microduck-shin.svg,554868,1e58aee90e00c9a5153582712524158e94b6dc1ffb621981ca05bc1fcb8dbe4c
07 Files for the engineer/Project files/out/drawings/microduck-shin/detail-A-build/pdf-readback.json,99,15bab12eeee9075dfc08f70cd4819650e7a0d97fe9cd9b810d678370ab8f1b3b
07 Files for the engineer/Project files/out/drawings/microduck-shin/detail-A-build/pdf-readback.png,387395,542250ef95976313f103bc08b32199cd2b9d736aa1d96295e7e4ac6710fd0a0b
07 Files for the engineer/Project files/out/drawings/microduck-shin/detail-A-build/radius-locators.json,46763,6cc1a18c04b267ebc26775136e51fafd6a3d15a4f6913c3397f065aec48b8914
07 Files for the engineer/Project files/out/drawings/microduck-shin/detail-A-build/render-1.png,65325,1c3bdbc23684b4cff1ccdcf3ffa99483797c4329c6c7fcc1e8b0f5f25e7fd496
07 Files for the engineer/Project files/out/drawings/microduck-shin/detail-A-build/render-2.png,73837,4581b216371ca77dbc88ec2eb61a00500c055fc57dd5bcd3d41cb6da53741044
07 Files for the engineer/Project files/out/drawings/microduck-shin/detail-A-build/render-3.png,60662,420a56f58a114cac3889f39267e625d251aeee3bc61e8c729993a2531a9348ed
07 Files for the engineer/Project files/out/drawings/microduck-shin/detail-A-build/render-4.png,75245,a75cda095d2697bf9747f8a72de8deea2bc7873d36269ce03cbbc4e02f62b4a6
07 Files for the engineer/Project files/out/drawings/microduck-shin/detail-A-build/render-5.png,25404,ca27b5f2e9357c7d975824752bf01d70b99fa3a444a1eb5e68489ed4af0297e9
07 Files for the engineer/Project files/out/drawings/microduck-shin/detail-A-build/render-6.png,25640,2dfa50caddd560b76be99291244721ae685b2fc5c6eb11e541d4fa3a4323b0f6
07 Files for the engineer/Project files/out/drawings/microduck-shin/detail-A-build/render-scale-readback.json,202,38648816f77853b9834f1ab6aced55a43b4c552d4eb08c488604dc4c402acea9
07 Files for the engineer/Project files/out/drawings/microduck-shin/detail-A-build/result.json,14611,a96f576a10b0ef0d5e432bdc68676150b3ee3f1adbf461da2bdb81ebe46a4c53
07 Files for the engineer/Project files/out/drawings/microduck-shin/detail-A-build/sheet.png,356269,756cbf326686943abfc8d24189fe867bf0111cdd0621d55d75df96a6ad7b3253
07 Files for the engineer/Project files/out/drawings/microduck-shin/detail-A-build/sheetcheck-edges.json,161,3f8367d6463dda8784c566ff8e39277c1892391c82e07b0eb3aa2dc486553674
07 Files for the engineer/Project files/out/drawings/microduck-shin/detail-A-build/sheetcheck-solid.json,30956,a35b862847130c8599e68271065c3838a4885b2756abe41281fca77d8a008e6b
07 Files for the engineer/Project files/out/drawings/microduck-shin/detail-A-build/sheetcheck.json,35360,9ed9d94a6349a0126ad7bba9754ba1008a7eb8356c0d5189ed3683aa141f7304
07 Files for the engineer/Project files/out/drawings/microduck-shin/detail-A-build/view.html,95,41fa4c37a9441c0990a04bb1f589929deb784431fb2bc0c95a30ed71e88af2ed
07 Files for the engineer/Project files/out/drawings/microduck-shin/detail-A-supplement-build/before-E061-section/microduck-shin.pdf,699911,d95f5c2a9e678f741d8e60f8110c240635fc247579e5d77a2b7ba7532fc944bb
07 Files for the engineer/Project files/out/drawings/microduck-shin/detail-A-supplement-build/before-E061-section/microduck-shin.svg,1116566,3fd4bd054c25112b552b8b2df67a91165e221c4d2f4146c49ef2d74982dd8f76
07 Files for the engineer/Project files/out/drawings/microduck-shin/detail-A-supplement-build/before-E061-section/pdf-readback.png,630168,3042db8ed2b2136e86e43ff2a734d18e4cf2652ae363435e25c7176b881577ba
07 Files for the engineer/Project files/out/drawings/microduck-shin/detail-A-supplement-build/before-E061-section/result.json,17133,465a016ea0ca38a9e502e1cc9e5fd1ef1b6365fed6c34b20fec6bbd279b83775
07 Files for the engineer/Project files/out/drawings/microduck-shin/detail-A-supplement-build/before-E061-section/sheetcheck.json,35477,feb13a2532531a7db5cd1cbe7aa647482666de31d1a46e53122a7eb4970db87c
07 Files for the engineer/Project files/out/drawings/microduck-shin/detail-A-supplement-build/before-mass-and-gap-correction/microduck-shin.pdf,699649,8e09ee4c2dda15909c49a129a65e928384c10a620135de0cc07e061bd2f0d3de
07 Files for the engineer/Project files/out/drawings/microduck-shin/detail-A-supplement-build/before-mass-and-gap-correction/microduck-shin.svg,1116121,85241036a0cdf33a34306051eff395ccfb2efdca86499c410fc82438c61b936d
07 Files for the engineer/Project files/out/drawings/microduck-shin/detail-A-supplement-build/before-mass-and-gap-correction/pdf-readback.png,627035,4f06d6ccf0ee46e9b35f0ef174b32f90f6ab5d8c08acff98a6d26c983cd5c47f
07 Files for the engineer/Project files/out/drawings/microduck-shin/detail-A-supplement-build/before-mass-and-gap-correction/result.json,16976,fb59c07299743027afb2260a68530f97968152423cb94fb7482d9b08a365de0f
07 Files for the engineer/Project files/out/drawings/microduck-shin/detail-A-supplement-build/before-mass-and-gap-correction/sheetcheck.json,35477,396e9839f16ddec47e8e15899965bc52ced7fc47a2b19abb4c3fba5ef8a81190
07 Files for the engineer/Project files/out/drawings/microduck-shin/detail-A-supplement-build/detail-source.json,7909,648d7d238da363a52adb27378d7c39122543ff5c39a531cd19b594c01fa963e0
07 Files for the engineer/Project files/out/drawings/microduck-shin/detail-A-supplement-build/fit-render-5.png,222039,f22f4b86affec6b298798ac9a76dd4e912ef3f4386ed012106b5657a1fe1a9a1
07 Files for the engineer/Project files/out/drawings/microduck-shin/detail-A-supplement-build/fit-render-6.png,167462,33e3c86dda685ba66cb8997c7e9f5458d5977280936653711b87e0feaaa5b45a
07 Files for the engineer/Project files/out/drawings/microduck-shin/detail-A-supplement-build/layout-evidence.json,39312,f124a0262022fd6417e07c48e602db1640b3a8680d4fabfb85d0a04a68e0d635
07 Files for the engineer/Project files/out/drawings/microduck-shin/detail-A-supplement-build/microduck-shin.dxf,134250,258df252727d24e306d68cbb107f254df56ad172624e50c2ace3b326d96e0a47
07 Files for the engineer/Project files/out/drawings/microduck-shin/detail-A-supplement-build/microduck-shin.pdf,702248,c770d31be3a2ba2baf5144f83701a58ca6576809ff60f27e34aad56e65824e36
07 Files for the engineer/Project files/out/drawings/microduck-shin/detail-A-supplement-build/microduck-shin.svg,1119110,9576d03b6f750ce8703a252c9f35c0ce6e691d105d55134f1d29a96c50e696b3
07 Files for the engineer/Project files/out/drawings/microduck-shin/detail-A-supplement-build/pdf-readback.json,99,ea2f6e9a9bc673dfdede1849fc6e22ca73eb3d849ad0d5cf2a88929baed4da71
07 Files for the engineer/Project files/out/drawings/microduck-shin/detail-A-supplement-build/pdf-readback.png,640680,7a83b20b0b66c8c979a9175078ecd28abf9823173eccdecd2594fd8293ff8a38
07 Files for the engineer/Project files/out/drawings/microduck-shin/detail-A-supplement-build/radius-locators.json,51055,f4d9bde6a51361786c459e6c9bc032f9a6cef80f77c54626d38fea1e188cd72d
07 Files for the engineer/Project files/out/drawings/microduck-shin/detail-A-supplement-build/render-1.png,116906,8a9fea86ecdebed537207e6b3ecd50931e767510ef7c3cebf69efad70caa5680
07 Files for the engineer/Project files/out/drawings/microduck-shin/detail-A-supplement-build/render-2.png,155571,5656d0d4b4ef0027c2e4f524eab6cbfe1747b825eef8e56a0d632a481499cb0e
07 Files for the engineer/Project files/out/drawings/microduck-shin/detail-A-supplement-build/render-3.png,152922,4f00a24a005b6428bae8231fdfa9ec43e2f61991e21e25043ff038359525550f
07 Files for the engineer/Project files/out/drawings/microduck-shin/detail-A-supplement-build/render-4.png,132818,705afe27b9e9064894a6aab7722510d2fbf75a1094a04ce0a3ef5cce667b6b29
07 Files for the engineer/Project files/out/drawings/microduck-shin/detail-A-supplement-build/render-5.png,102793,6e42adde48c59b65dc104dc2f446e2d6b23f4e407fd742f989762b47be19f616
07 Files for the engineer/Project files/out/drawings/microduck-shin/detail-A-supplement-build/render-6.png,84315,c5c257e6312081165969e81e22f483470a24b884147417d4389213d9065a79aa
07 Files for the engineer/Project files/out/drawings/microduck-shin/detail-A-supplement-build/render-scale-readback.json,370,2280e22cd4f8ef1458bde17d919eb0b53205689ea44a1c46d7e966a9e7d1953e
07 Files for the engineer/Project files/out/drawings/microduck-shin/detail-A-supplement-build/result.json,17234,a554b01440c6d577856447bab464172885cf5340f138f18a76835cd24be13871
07 Files for the engineer/Project files/out/drawings/microduck-shin/detail-A-supplement-build/section-E061.json,1052,a20f10c00e5b79415e634892daa89071e8a1109e3db2bc17bb9334005535f14e
07 Files for the engineer/Project files/out/drawings/microduck-shin/detail-A-supplement-build/sheet.png,520100,0d4dd26a22d81d75dfdbf643515a1a60ba714f4bc4e0363981e52608c2fb5e81
07 Files for the engineer/Project files/out/drawings/microduck-shin/detail-A-supplement-build/sheetcheck-edges.json,161,f939c8a89c895eb3ada6c08a108a09f2acccab5a7cf6f69df4fda64af113af81
07 Files for the engineer/Project files/out/drawings/microduck-shin/detail-A-supplement-build/sheetcheck-solid.json,30956,af53aba0ee2ccdb7d9cf48ddf504f83041d3210395ff05a582a2f18bc0cc5f7a
07 Files for the engineer/Project files/out/drawings/microduck-shin/detail-A-supplement-build/sheetcheck.json,35853,a0d1885395cf121915e9df80e86ffdb3f89ed0a5bcb48aad9ced5c04d0c760f3
07 Files for the engineer/Project files/out/drawings/microduck-shin/detail-A-supplement-build/view.html,95,41fa4c37a9441c0990a04bb1f589929deb784431fb2bc0c95a30ed71e88af2ed
07 Files for the engineer/Project files/out/drawings/microduck-shin/gen_iteration_report.py,5441,f4eace6ea8463a44af802633ce8b445a020c370281104404faa8d704a67deb87
07 Files for the engineer/Project files/out/drawings/microduck-shin/iteration-2026-09-08.html,5524,6c8f962b02a10785e2cf1c635ae94ddd7e1d4b8d3096b2ef900d8e04438ffd0e
07 Files for the engineer/Project files/out/drawings/microduck-shin/iteration-2026-09-08.png,133950,4cad394dd9e0e7a30ed5bf21aef0b787af8d8f8c202258fb5da3f8956d1f5be5
07 Files for the engineer/Project files/out/drawings/microduck-shin/layout-evidence.json,38732,c8ddc96b8a2b90219b7489ace7d29095db7d71facc7e2730b148ba8f02ee749f
07 Files for the engineer/Project files/out/drawings/microduck-shin/lighting-study/bottom-ambient-0.0.png,50767,c459857bee784850a7cc829b5eff30af79d74ec0ab1a8daec2da624824bd8f06
07 Files for the engineer/Project files/out/drawings/microduck-shin/lighting-study/bottom-ambient-0.25.png,50843,f237b5281471ee3737723148287177ef9bc769b53f158f4a0bf465d583826636
07 Files for the engineer/Project files/out/drawings/microduck-shin/lighting-study/results.json,901,d257fce496b35756a7003ef88c3326f749dbffa7829296c46bd17be68e34f2f6
07 Files for the engineer/Project files/out/drawings/microduck-shin/microduck-shin-pdf-readback.png,595881,cf9724934cd8a91a71ba4616dffb5c85bdc6cee3fadab88288e961095e9b5d99
07 Files for the engineer/Project files/out/drawings/microduck-shin/microduck-shin-ref.png,51240,8f93e08d9883e36b7badbe42f758a33d2cd09943c1cf2c0f507a75a66b402425
07 Files for the engineer/Project files/out/drawings/microduck-shin/microduck-shin-render1.png,29832,b67be34771e842f4b1b92d615bbc81bb73a1df615f1ea6b81d32d19bfa7b7b7d
07 Files for the engineer/Project files/out/drawings/microduck-shin/microduck-shin-render2.png,54753,d026f1c3c00ee2bc28a008f8d2d1e0b7c57fd575857439eb749788e791ed98b9
07 Files for the engineer/Project files/out/drawings/microduck-shin/microduck-shin-render3.png,54799,6868ddf416168b5369db324a280f1868f8937f891c1d7744b0518e3d8025dbd7
07 Files for the engineer/Project files/out/drawings/microduck-shin/microduck-shin-render4.png,38815,67e82de9292ac8ca2d2e0c46e2eaf25fb6bd58bd2dd3a93db0343f06d81cc12a
07 Files for the engineer/Project files/out/drawings/microduck-shin/microduck-shin-render5.png,16110,f856500779ada310fe81b177b08336380c7e3d10a62dce2a2e2f3487739b194a
07 Files for the engineer/Project files/out/drawings/microduck-shin/microduck-shin-render6.png,17024,fc8c045fc44ca134af3fdbd925a346cf8a3a15fc8f7b9aea418b0a5ee12327d7
07 Files for the engineer/Project files/out/drawings/microduck-shin/microduck-shin-sheet-sheetcheck-view.html,169,06beaa0c643fbd9c14657b051bf57ac2b2441d5e326b1f991edbf04cc6c619a7
07 Files for the engineer/Project files/out/drawings/microduck-shin/microduck-shin-sheet-view.html,169,06beaa0c643fbd9c14657b051bf57ac2b2441d5e326b1f991edbf04cc6c619a7
07 Files for the engineer/Project files/out/drawings/microduck-shin/microduck-shin-sheet.png,475791,bcb76e2fcdd8d95c7edb2ed561d774934e3832b0b4fcebfb44f7adf0939d73dd
07 Files for the engineer/Project files/out/drawings/microduck-shin/microduck-shin.dxf,142923,2158ee5f8e4068cb6a1b9ef9657b43e33bc83d53bd5352c732f8c1543866652a
07 Files for the engineer/Project files/out/drawings/microduck-shin/microduck-shin.pdf,615078,c90e8dbdbceb98477bfc192804362de0b7fe1385297b2e72130a57fc4c7a6e25
07 Files for the engineer/Project files/out/drawings/microduck-shin/microduck-shin.svg,950876,ea2c81522424a322d0cc8ffb9368883a7965710b88fd4a3c900aa2fbfe26f70e
07 Files for the engineer/Project files/out/drawings/microduck-shin/pdf-readback.json,99,c2641cc589c52558d2409504d2fdc7f35c4a12ce781898612025092a5df7d8a9
07 Files for the engineer/Project files/out/drawings/microduck-shin/prototype_render_panels.py,8954,f6919d45d1027567df91324f1cee5712721ac6f1eace6d9baaba3a1556d7b9fd
07 Files for the engineer/Project files/out/drawings/microduck-shin/radius-locator-candidates.json,32699,9921ebd5396891276ba2460d627dbede1ef4b7e21d22b8f4ce1f00eb31ad7e02
07 Files for the engineer/Project files/out/drawings/microduck-shin/radius-locators.json,62798,960896d42d283e82ea49db373eb428ae873c93b50aa796b5d32466cc433ca0a7
07 Files for the engineer/Project files/out/drawings/microduck-shin/redraw-first-2026-09-08/microduck-shin-sheet.png,363685,4e9e8d6a0396fcdc3350878d5b30be86a44c2c53b4852738cdc94ba127a7790b
07 Files for the engineer/Project files/out/drawings/microduck-shin/redraw-first-2026-09-08/microduck-shin.dxf,174212,74e9d177836a53b7aa1d26a8c08222ef2e35b4bb221503f4001a7df7d464180c
07 Files for the engineer/Project files/out/drawings/microduck-shin/redraw-first-2026-09-08/microduck-shin.pdf,92294,e88172361d0219a6c67dc62a9fe3286ac049188975d44e563858186176bd7988
07 Files for the engineer/Project files/out/drawings/microduck-shin/redraw-first-2026-09-08/microduck-shin.svg,438146,16ba8277e965b8415c28cd1f0ba706fc413f7262961fa5bfe519adc1cd717ec4
07 Files for the engineer/Project files/out/drawings/microduck-shin/redraw-first-2026-09-08/result.json,24176,c4f786ae2822489dac98a858898b8d7b3403580dae00d84d6a7cecdca6ef5861
07 Files for the engineer/Project files/out/drawings/microduck-shin/redraw-profile-2026-09-08.txt,603128,2bfd3d361fde420f62a6b0cbfa41772167b5452b2d22a844102732b80dda1f9f
07 Files for the engineer/Project files/out/drawings/microduck-shin/regrade-2026-09-08.py,1027,7b65593b3c2cc964f409493b5d6fc24ff29079e449cdd133436642c8123358e0
07 Files for the engineer/Project files/out/drawings/microduck-shin/regression-groove.dxf,12008,b471c62d05427d1b36b01b157b0efa0bd7eca15fc07e906e0432e1c2239e0579
07 Files for the engineer/Project files/out/drawings/microduck-shin/regression-groove.pdf,7683,a0cf60684ed22d64ec766e97b9578142090dd30a1fae27b45e1f1ec945f2f28f
07 Files for the engineer/Project files/out/drawings/microduck-shin/regression-groove.svg,13308,c963a64334ce384233ac92b1bb9e9ac4abb7a3f6a96800764b4eca689a25c7a8
07 Files for the engineer/Project files/out/drawings/microduck-shin/render-1.png,116906,8a9fea86ecdebed537207e6b3ecd50931e767510ef7c3cebf69efad70caa5680
07 Files for the engineer/Project files/out/drawings/microduck-shin/render-2.png,155571,5656d0d4b4ef0027c2e4f524eab6cbfe1747b825eef8e56a0d632a481499cb0e
07 Files for the engineer/Project files/out/drawings/microduck-shin/render-3.png,152922,4f00a24a005b6428bae8231fdfa9ec43e2f61991e21e25043ff038359525550f
07 Files for the engineer/Project files/out/drawings/microduck-shin/render-4.png,132818,705afe27b9e9064894a6aab7722510d2fbf75a1094a04ce0a3ef5cce667b6b29
07 Files for the engineer/Project files/out/drawings/microduck-shin/render-5.png,27440,4cc700153dfebbce7ba285eea66ad03cffa986cf57159115164710a0245ef56f
07 Files for the engineer/Project files/out/drawings/microduck-shin/render-6.png,28258,1f7db453239d486c541cb0fe8a7f654b828581ff1c4a4f1b347d7c4e471ccf15
07 Files for the engineer/Project files/out/drawings/microduck-shin/render-panel-build/fit-render-1.png,141937,42ae88672f10f9b7671d5dddb7ab014d79e08990c4fa5bb42f4bc4a4e5777adf
07 Files for the engineer/Project files/out/drawings/microduck-shin/render-panel-build/fit-render-2.png,155571,5656d0d4b4ef0027c2e4f524eab6cbfe1747b825eef8e56a0d632a481499cb0e
07 Files for the engineer/Project files/out/drawings/microduck-shin/render-panel-build/fit-render-3.png,152922,4f00a24a005b6428bae8231fdfa9ec43e2f61991e21e25043ff038359525550f
07 Files for the engineer/Project files/out/drawings/microduck-shin/render-panel-build/fit-render-4.png,139572,3022cf2749bdeafd017111c939e64658c1240f89f377a9ecbabc38cdea35d98d
07 Files for the engineer/Project files/out/drawings/microduck-shin/render-panel-build/fit-render-5.png,43217,2df50ee351b2badd440fb61a6a47a7316b8bc7e66cd5b5545f67a5a60f315ded
07 Files for the engineer/Project files/out/drawings/microduck-shin/render-panel-build/fit-render-6.png,50843,f237b5281471ee3737723148287177ef9bc769b53f158f4a0bf465d583826636
07 Files for the engineer/Project files/out/drawings/microduck-shin/render-panel-build/layout-evidence.json,38846,b27675517a77ca27e620644a7af0e4a4b385e9ec1f5419f4820e237afc32d8f7
07 Files for the engineer/Project files/out/drawings/microduck-shin/render-panel-build/microduck-shin.dxf,142923,2158ee5f8e4068cb6a1b9ef9657b43e33bc83d53bd5352c732f8c1543866652a
07 Files for the engineer/Project files/out/drawings/microduck-shin/render-panel-build/microduck-shin.pdf,615078,c90e8dbdbceb98477bfc192804362de0b7fe1385297b2e72130a57fc4c7a6e25
07 Files for the engineer/Project files/out/drawings/microduck-shin/render-panel-build/microduck-shin.svg,950876,ea2c81522424a322d0cc8ffb9368883a7965710b88fd4a3c900aa2fbfe26f70e
07 Files for the engineer/Project files/out/drawings/microduck-shin/render-panel-build/pdf-readback.json,99,c2641cc589c52558d2409504d2fdc7f35c4a12ce781898612025092a5df7d8a9
07 Files for the engineer/Project files/out/drawings/microduck-shin/render-panel-build/radius-locators.json,62798,960896d42d283e82ea49db373eb428ae873c93b50aa796b5d32466cc433ca0a7
07 Files for the engineer/Project files/out/drawings/microduck-shin/render-panel-build/render-1.png,116906,8a9fea86ecdebed537207e6b3ecd50931e767510ef7c3cebf69efad70caa5680
07 Files for the engineer/Project files/out/drawings/microduck-shin/render-panel-build/render-2.png,155571,5656d0d4b4ef0027c2e4f524eab6cbfe1747b825eef8e56a0d632a481499cb0e
07 Files for the engineer/Project files/out/drawings/microduck-shin/render-panel-build/render-3.png,152922,4f00a24a005b6428bae8231fdfa9ec43e2f61991e21e25043ff038359525550f
07 Files for the engineer/Project files/out/drawings/microduck-shin/render-panel-build/render-4.png,132818,705afe27b9e9064894a6aab7722510d2fbf75a1094a04ce0a3ef5cce667b6b29
07 Files for the engineer/Project files/out/drawings/microduck-shin/render-panel-build/render-5.png,27440,4cc700153dfebbce7ba285eea66ad03cffa986cf57159115164710a0245ef56f
07 Files for the engineer/Project files/out/drawings/microduck-shin/render-panel-build/render-6.png,28258,1f7db453239d486c541cb0fe8a7f654b828581ff1c4a4f1b347d7c4e471ccf15
07 Files for the engineer/Project files/out/drawings/microduck-shin/render-panel-build/render-scale-readback.json,201,513d4cff449f1c98a1055ffeb852085998a3cb246e5907407526fd08a1f9f427
07 Files for the engineer/Project files/out/drawings/microduck-shin/render-panel-build/result.json,7448,7b061a4b1f9f5e12c5e592a9cc83ec82885091c1f1df61086ed2b0f3fa3365d1
07 Files for the engineer/Project files/out/drawings/microduck-shin/render-panel-build/sheet.png,475791,bcb76e2fcdd8d95c7edb2ed561d774934e3832b0b4fcebfb44f7adf0939d73dd
07 Files for the engineer/Project files/out/drawings/microduck-shin/render-panel-build/sheetcheck-edges.json,161,aeb47206260909d068409a6d41f2d42d02d33148f5048c80162d8c4266a6262b
07 Files for the engineer/Project files/out/drawings/microduck-shin/render-panel-build/sheetcheck-solid.json,30956,4e601b00ac3e5608c5fde0cc128ce826d5258aa9e45e8fca307c5e5e463484d1
07 Files for the engineer/Project files/out/drawings/microduck-shin/render-panel-build/sheetcheck.json,35185,2c9edc20615a3cadcf87222638c13efee3ff5093cb5dcc370834d2df00ffd1e3
07 Files for the engineer/Project files/out/drawings/microduck-shin/render-panel-build/view.html,95,41fa4c37a9441c0990a04bb1f589929deb784431fb2bc0c95a30ed71e88af2ed
07 Files for the engineer/Project files/out/drawings/microduck-shin/render-panel-candidate/layout-evidence.json,32997,f3fb5df0fe26ce549212cb5e56ed62b3f3e6d53209d66665a1fa10858b502655
07 Files for the engineer/Project files/out/drawings/microduck-shin/render-panel-candidate/pdf-readback.json,99,d77c041b917ec0cd7879c15d1e31998da2adf5a4052ca9c1c131e1d42e011708
07 Files for the engineer/Project files/out/drawings/microduck-shin/render-panel-candidate/pdf-readback.png,551819,3843057a21a81c322fbbbadfdf41d1b7a5a2a58d3112d38d0ce2eda8ef75ce94
07 Files for the engineer/Project files/out/drawings/microduck-shin/render-panel-candidate/render-1.png,141937,42ae88672f10f9b7671d5dddb7ab014d79e08990c4fa5bb42f4bc4a4e5777adf
07 Files for the engineer/Project files/out/drawings/microduck-shin/render-panel-candidate/render-2.png,155571,5656d0d4b4ef0027c2e4f524eab6cbfe1747b825eef8e56a0d632a481499cb0e
07 Files for the engineer/Project files/out/drawings/microduck-shin/render-panel-candidate/render-3.png,152922,4f00a24a005b6428bae8231fdfa9ec43e2f61991e21e25043ff038359525550f
07 Files for the engineer/Project files/out/drawings/microduck-shin/render-panel-candidate/render-4.png,139572,3022cf2749bdeafd017111c939e64658c1240f89f377a9ecbabc38cdea35d98d
07 Files for the engineer/Project files/out/drawings/microduck-shin/render-panel-candidate/render-5.png,177860,0daf6f1c769067c38b2ddc46b71641785e93e6dbf5fd17fc1d384a09e963ea78
07 Files for the engineer/Project files/out/drawings/microduck-shin/render-panel-candidate/render-6.png,222177,66bea5dbdb43080c9d8cd8353fc50d38341d178f396c5240ce4e78e99183780c
07 Files for the engineer/Project files/out/drawings/microduck-shin/render-panel-candidate/sheet.png,522163,7351516a76e5741099db98e4f771f61884d694d1ec412506615b02eff398f7de
07 Files for the engineer/Project files/out/drawings/microduck-shin/render-panel-candidate/sheetcheck-edges.json,161,92c2cf3bccbeb31570d9cef12d5e7a715503aaf62a991b7f2026a2baacbec6a3
07 Files for the engineer/Project files/out/drawings/microduck-shin/render-panel-candidate/sheetcheck-solid.json,30956,3efc4c3f368d1325f8f626f666e0ab0ffb34c0a1c8c89789c1a3b8808d9bf5d2
07 Files for the engineer/Project files/out/drawings/microduck-shin/render-panel-candidate/sheetcheck.json,34354,529c44aa2b7ff72e64fea18e53406b6a3bd1abe1d3203d51b8aa8326ca299b86
07 Files for the engineer/Project files/out/drawings/microduck-shin/render-panel-candidate/shin-render-panels-vectors.dxf,106729,09a6214242af32ce2f73a2f4966c64f1a5a6a6f5732e944002fd16c925680eaf
07 Files for the engineer/Project files/out/drawings/microduck-shin/render-panel-candidate/shin-render-panels.pdf,887822,bf94b6225c9fb3f3373975678e5f539fadadb6760f917f6c3aa38b4c83cd6112
07 Files for the engineer/Project files/out/drawings/microduck-shin/render-panel-candidate/shin-render-panels.svg,1420629,d5e00de82bec67706fb7c3db00e84a74e5007c4f34c0d933d4d697fc84e73f47
07 Files for the engineer/Project files/out/drawings/microduck-shin/render-panel-candidate/view.html,99,1f40301b9d7c0786ec2637eca290dcd22f0551bc99c4dc912305f7c1be78d10d
07 Files for the engineer/Project files/out/drawings/microduck-shin/render-panel-next/layout-evidence.json,38815,57d0311b49ac4fc85b6ee8bae9d595f4ef658151781852faaa23ba894309b348
07 Files for the engineer/Project files/out/drawings/microduck-shin/render-panel-next/microduck-shin.dxf,125772,a2715878160812c206887b4f4ec3faa33bc3c374f908dd7f73214cae2d75899c
07 Files for the engineer/Project files/out/drawings/microduck-shin/render-panel-next/microduck-shin.pdf,626394,2c50b4ed097a0251ff991458cd287fe5b7388ac4a68ebd249db300ef07be644d
07 Files for the engineer/Project files/out/drawings/microduck-shin/render-panel-next/microduck-shin.svg,984610,64615c7cbf33efa9a6104f545f9b6892ecb8f23eccc429d09749c9b3d8c75eb4
07 Files for the engineer/Project files/out/drawings/microduck-shin/render-panel-next/pdf-readback.json,99,3bb41d49feb560f1c5265d8a4dc3c7b8455825d220b997c6dd1fda5001a2a3e5
07 Files for the engineer/Project files/out/drawings/microduck-shin/render-panel-next/render-1.png,131724,c1cd3d98894586ca03fa3566c127a1846b4b02321fd725372e7e8e948861d218
07 Files for the engineer/Project files/out/drawings/microduck-shin/render-panel-next/render-2.png,145922,59d08f161e8f5d9e488e800254538c6dd2ac0b2ea418ed083060b388f4946000
07 Files for the engineer/Project files/out/drawings/microduck-shin/render-panel-next/render-3.png,145311,b169cfb9a31ac1ea0bb73468964b36acf77bbe2001ba97b59b3f434997a1ed94
07 Files for the engineer/Project files/out/drawings/microduck-shin/render-panel-next/render-4.png,133806,3baf719264c962c84fc05b64e01f9d0b8c5a2606ced5ab83136258d2cf763dbd
07 Files for the engineer/Project files/out/drawings/microduck-shin/render-panel-next/render-5.png,43217,2df50ee351b2badd440fb61a6a47a7316b8bc7e66cd5b5545f67a5a60f315ded
07 Files for the engineer/Project files/out/drawings/microduck-shin/render-panel-next/render-6.png,50843,f237b5281471ee3737723148287177ef9bc769b53f158f4a0bf465d583826636
07 Files for the engineer/Project files/out/drawings/microduck-shin/render-panel-next/render-scale-readback.json,54,1e3fc3948a48ef058bffca2246d445fd454db404f9a0df4e2c31c0e8a16cc0d8
07 Files for the engineer/Project files/out/drawings/microduck-shin/render-panel-next/result.json,6884,11650bff4337317007137732d9fcaed3d88c52e4b58582c7c7b21988b150e9d1
07 Files for the engineer/Project files/out/drawings/microduck-shin/render-panel-next/sheet.png,468405,55a2022f3e1c8bbaa04399d876812e2d148e2ad0579fd6d0eb817f26b892c6dc
07 Files for the engineer/Project files/out/drawings/microduck-shin/render-panel-next/sheetcheck-edges.json,161,dc7ce029d12c1cdc6183e1e5c449c08beee708e519da0eb0e53e4531134bd450
07 Files for the engineer/Project files/out/drawings/microduck-shin/render-panel-next/sheetcheck-solid.json,30956,c6bd6502a3f3faf57596259da956a76a02dc4ee4a1b449364cfdd1353411d5c2
07 Files for the engineer/Project files/out/drawings/microduck-shin/render-panel-next/sheetcheck.json,35121,0cf3a5afb65b2c6e8ec6127375a6e542a38a972f099accd25440d0be9b6334e6
07 Files for the engineer/Project files/out/drawings/microduck-shin/render-panel-next/view.html,95,41fa4c37a9441c0990a04bb1f589929deb784431fb2bc0c95a30ed71e88af2ed
07 Files for the engineer/Project files/out/drawings/microduck-shin/render-panel-prototype/layout-evidence.json,32530,78ef42da8402228e51d94d63f1ce7e44d1b00fcc6c138e4fcc0db9dcab6feec2
07 Files for the engineer/Project files/out/drawings/microduck-shin/render-panel-prototype/render-1.png,141937,42ae88672f10f9b7671d5dddb7ab014d79e08990c4fa5bb42f4bc4a4e5777adf
07 Files for the engineer/Project files/out/drawings/microduck-shin/render-panel-prototype/render-2.png,155571,5656d0d4b4ef0027c2e4f524eab6cbfe1747b825eef8e56a0d632a481499cb0e
07 Files for the engineer/Project files/out/drawings/microduck-shin/render-panel-prototype/render-3.png,152922,4f00a24a005b6428bae8231fdfa9ec43e2f61991e21e25043ff038359525550f
07 Files for the engineer/Project files/out/drawings/microduck-shin/render-panel-prototype/render-4.png,139572,3022cf2749bdeafd017111c939e64658c1240f89f377a9ecbabc38cdea35d98d
07 Files for the engineer/Project files/out/drawings/microduck-shin/render-panel-prototype/render-5.png,177860,0daf6f1c769067c38b2ddc46b71641785e93e6dbf5fd17fc1d384a09e963ea78
07 Files for the engineer/Project files/out/drawings/microduck-shin/render-panel-prototype/render-6.png,222177,66bea5dbdb43080c9d8cd8353fc50d38341d178f396c5240ce4e78e99183780c
07 Files for the engineer/Project files/out/drawings/microduck-shin/render-panel-prototype/sheet.png,448637,24c1189e9efeb820d40a181f8575994370d449723ad6d03e5b30c7d0707230fc
07 Files for the engineer/Project files/out/drawings/microduck-shin/render-panel-prototype/sheetcheck-edges.json,161,f80d5636d9820b07b414385cb96bcd8c2b2bd8523f48ffb75f2acfe512ae086c
07 Files for the engineer/Project files/out/drawings/microduck-shin/render-panel-prototype/sheetcheck-solid.json,30956,0ccad0750dc5c1a4ebaa44992760dea45456d0c78ae6e5650a2627634598e9b3
07 Files for the engineer/Project files/out/drawings/microduck-shin/render-panel-prototype/sheetcheck.json,33047,ad1682e95dd6cd6dc76d7100b3bac66402f843d8c35dd6828176d349c968ed32
07 Files for the engineer/Project files/out/drawings/microduck-shin/render-panel-prototype/shin-render-panels.svg,1360763,60d128308101a833bdb6c3a95f4394222e24a9f69596ed338e5d8f65d115a478
07 Files for the engineer/Project files/out/drawings/microduck-shin/render-panel-prototype/view.html,99,1f40301b9d7c0786ec2637eca290dcd22f0551bc99c4dc912305f7c1be78d10d
07 Files for the engineer/Project files/out/drawings/microduck-shin/render-scale-readback.json,201,513d4cff449f1c98a1055ffeb852085998a3cb246e5907407526fd08a1f9f427
07 Files for the engineer/Project files/out/drawings/microduck-shin/result.json,7387,a28c0cb4f5a9491fdfb3b0030ae96056e7457eace4e50267a39315fd26fdb751
07 Files for the engineer/Project files/out/drawings/microduck-shin/sheet.png,475791,bcb76e2fcdd8d95c7edb2ed561d774934e3832b0b4fcebfb44f7adf0939d73dd
07 Files for the engineer/Project files/out/drawings/microduck-shin/sheetcheck-current.json,35185,2c9edc20615a3cadcf87222638c13efee3ff5093cb5dcc370834d2df00ffd1e3
07 Files for the engineer/Project files/out/drawings/microduck-shin/sheetcheck-edges.json,161,aeb47206260909d068409a6d41f2d42d02d33148f5048c80162d8c4266a6262b
07 Files for the engineer/Project files/out/drawings/microduck-shin/sheetcheck-solid.json,30956,4e601b00ac3e5608c5fde0cc128ce826d5258aa9e45e8fca307c5e5e463484d1
07 Files for the engineer/Project files/out/drawings/microduck-shin/sheetcheck.json,35185,2c9edc20615a3cadcf87222638c13efee3ff5093cb5dcc370834d2df00ffd1e3
07 Files for the engineer/Project files/out/drawings/microduck-shin/shoot_iteration.py,230,06f037ed321eb7486a584e402a42314e4aea3d9627e106a4b1974e008809655a
07 Files for the engineer/Project files/out/drawings/microduck-shin/verified-a0-before-render-panels-2026-09-08/microduck-shin-sheet.png,265743,3a99da009c41b1d5ec1fe62665d3e6d07d7984b7cf0d78b24d160128761cf5a7
07 Files for the engineer/Project files/out/drawings/microduck-shin/verified-a0-before-render-panels-2026-09-08/microduck-shin.dxf,159126,59462d2eb24b2d75b31efd51309773b1f20e72dd6c60375842dfeef5733818e6
07 Files for the engineer/Project files/out/drawings/microduck-shin/verified-a0-before-render-panels-2026-09-08/microduck-shin.pdf,84127,288b0442ce2b1e436116bc17b9a8bd40c3b9aaad935e6daa72c59592d3f5c627
07 Files for the engineer/Project files/out/drawings/microduck-shin/verified-a0-before-render-panels-2026-09-08/microduck-shin.svg,426595,b764292326d3f1be8a3c2a4d774c93839afb4c91eeccc26146f1f9985e88ed75
07 Files for the engineer/Project files/out/drawings/microduck-shin/verified-a0-before-render-panels-2026-09-08/result.json,10646,c8d34fc6333aa0269e141d27cb567d3193d118d91557b6bcf09dbfc585faf636
07 Files for the engineer/Project files/out/drawings/microduck-shin/verified-a0-before-render-panels-2026-09-08/sheetcheck-current.json,36345,e5d98a4a185c161db5af465ae08ed8fe0ea5b5b3dbe39d68c7ec0d3b65e98c1d
07 Files for the engineer/Project files/out/drawings/microduck-shin/view.html,95,41fa4c37a9441c0990a04bb1f589929deb784431fb2bc0c95a30ed71e88af2ed
07 Files for the engineer/Project files/out/drawings/microduck-soft-mouth-top/microduck-soft-mouth-top-sheet-sheetcheck-view.html,179,5348fdcd7e99be8154fc75f397cfe417f9a553871d4c72234ef3713a7bd4eea8
07 Files for the engineer/Project files/out/drawings/microduck-soft-mouth-top/microduck-soft-mouth-top-sheet-view.html,179,5348fdcd7e99be8154fc75f397cfe417f9a553871d4c72234ef3713a7bd4eea8
07 Files for the engineer/Project files/out/drawings/microduck-soft-mouth-top/microduck-soft-mouth-top-sheet.png,274495,eae12d1cd801cf07c3744034d8c24b9550c2cd51c17bdc3edf1e399f52e5d4c6
07 Files for the engineer/Project files/out/drawings/microduck-soft-mouth-top/microduck-soft-mouth-top.dxf,9986,52ae58b31d6f22ff4dc58b71d3bcfcabc7ee3fe970dea91ee087a1cff904ade8
07 Files for the engineer/Project files/out/drawings/microduck-soft-mouth-top/microduck-soft-mouth-top.svg,76876,f6027115396ff4025bb688f14e96ffd35cd9142ec7fbd9b70bc616d6c3681fc5
07 Files for the engineer/Project files/out/drawings/microduck-soft-mouth-top/result.json,4717,78843e2ace80955c3ac2a7d29cd0c91dd72a4340a4c237f8ff27f8afade2c868
07 Files for the engineer/Project files/out/drawings/microduck-soft-mouth-top/sheetcheck-edges.json,174,66f6f6441cb6a9cc38c9243beb0766d66dead7a04531b31684dde9f3404ba6f7
07 Files for the engineer/Project files/out/drawings/microduck-soft-mouth-top/sheetcheck-solid.json,3104,cf6be1e24966f920fd423fb40ac70b7be5ed58eb6e5fd4e6ff7f1e85efcd2aa8
07 Files for the engineer/Project files/out/drawings/microduck-soft-mouth-top/views/ref_front.png,4953,86c7baf042c16d069a7b0daa8fb5a89a0c6f1652d77a98b4970bea6da15cc22c
07 Files for the engineer/Project files/out/drawings/microduck-soft-mouth-top/views/ref_iso.png,18772,7b12d7a476747118b304eeb6525c37e5e80a9341a2f3742fd4bdf67120a98fcf
07 Files for the engineer/Project files/out/drawings/microduck-soft-mouth-top/views/ref_iso2.png,18062,2a969db59aa7165a591f128483490230958431440d4877a522f78b9bc7e9f159
07 Files for the engineer/Project files/out/drawings/microduck-soft-mouth-top/views/ref_right.png,7754,b331a31f3833fa6601ef38a55f5a48d6cc9d4c42787598ec746b4a275faa6781
07 Files for the engineer/Project files/out/drawings/microduck-sole-left/microduck-sole-left-ref.png,50950,d15596a0b864c3552578c9c73b8d510ceaf3b1a4b37c9093fff9f7ff712b86f1
07 Files for the engineer/Project files/out/drawings/microduck-sole-left/microduck-sole-left-sheet-sheetcheck-view.html,174,dc564da22ea91046ced7a752d604d05145833682dba0854c3bc0f426c47de000
07 Files for the engineer/Project files/out/drawings/microduck-sole-left/microduck-sole-left-sheet-view.html,174,dc564da22ea91046ced7a752d604d05145833682dba0854c3bc0f426c47de000
07 Files for the engineer/Project files/out/drawings/microduck-sole-left/microduck-sole-left-sheet.png,420551,ab54be0678ac59c9cde35aa3abe728389fe69a7056f25eddab8fddebe65808e8
07 Files for the engineer/Project files/out/drawings/microduck-sole-left/microduck-sole-left.dxf,11202,b9e7a6b7eb6e55f21a06bdc9de4c9770c2b7d8f4cb9302957e5c196003cfc68f
07 Files for the engineer/Project files/out/drawings/microduck-sole-left/microduck-sole-left.pdf,326600,2fee512bdebe11ad72b62a1c7565286c2b7fbc2f61787154648540852c9618f5
07 Files for the engineer/Project files/out/drawings/microduck-sole-left/microduck-sole-left.stl,546984,6750a2c6db6ee503a4c2035c52467899a1e27368b594a2f35804502e7a0192ea
07 Files for the engineer/Project files/out/drawings/microduck-sole-left/microduck-sole-left.svg,216419,7e564aabe5e8959c881f7ceb1cea52550a44a8a13d292f599a81fe691f07d99c
07 Files for the engineer/Project files/out/drawings/microduck-sole-left/result.json,5563,1494abfcac5b62c7ea1dac08d51b25fe62d34bd795772a54238d81d992e55d04
07 Files for the engineer/Project files/out/drawings/microduck-sole-left/sheetcheck-edges.json,168,7f13ecb1a9a62846d9ab22e1d57ed5ea93ea71372b9ef98f752c3469e420d608
07 Files for the engineer/Project files/out/drawings/microduck-sole-left/sheetcheck-solid.json,3923,c502e13d76716ac46cd1500ec7f867eebb3066a1bd7b12eb6511b604ebab21af
07 Files for the engineer/Project files/out/drawings/microduck-sole-left/views/ref_front.png,31967,3202d3f267ba02305b1696a34c9b235fe74519a2de7a060e4e57e215a96d6417
07 Files for the engineer/Project files/out/drawings/microduck-sole-left/views/ref_iso.png,47322,ac95c8e3f47f1a04bd40171b77e8484be14a3c527f6f8d2ffc0264b37b5a9d6a
07 Files for the engineer/Project files/out/drawings/microduck-sole-left/views/ref_iso2.png,49382,bfec294e5aead7c8831edd29aa8e6e7c750dd960a89ae06cb61659211beb7c45
07 Files for the engineer/Project files/out/drawings/microduck-sole-left/views/ref_right.png,24343,f1b141c02dc23e68533b9a47fb52c5de2eb7c17fcc537b18d1aec4d1e1f45e86
07 Files for the engineer/Project files/out/drawings/microduck-sole-right/microduck-sole-right-ref.png,49736,ff306d1d1f67659b59aa97a5ab11d52fcb81337eedeb5835939db384de6d0c9e
07 Files for the engineer/Project files/out/drawings/microduck-sole-right/microduck-sole-right-sheet-sheetcheck-view.html,175,5a744b023465214b2a6d4c727293b39c01d95ae3f1d18a9b1fc0f02bb1b36250
07 Files for the engineer/Project files/out/drawings/microduck-sole-right/microduck-sole-right-sheet-view.html,175,5a744b023465214b2a6d4c727293b39c01d95ae3f1d18a9b1fc0f02bb1b36250
07 Files for the engineer/Project files/out/drawings/microduck-sole-right/microduck-sole-right-sheet.png,420130,4834416dddd8569cd7efac98686809b3db32cf31b5255a046f5bb73d6bacac6f
07 Files for the engineer/Project files/out/drawings/microduck-sole-right/microduck-sole-right.dxf,11207,705132cf0ffbdc3374057ebe6d918cf7ac2d8454e3603c00edf84f4563c6aff5
07 Files for the engineer/Project files/out/drawings/microduck-sole-right/microduck-sole-right.pdf,324675,76e583110d427e71b310884294de60c8138e170b6670c13e0fc63385fd597940
07 Files for the engineer/Project files/out/drawings/microduck-sole-right/microduck-sole-right.stl,553384,c6d895c718917bc8f4150a3712eeeaabb30d5bcec1a3a48a1d46e03f2ddd47b9
07 Files for the engineer/Project files/out/drawings/microduck-sole-right/microduck-sole-right.svg,214053,56f71e15f295b650f90583a9a408de6a7ba3de0e1ae09adbdede58e7a5cc0380
07 Files for the engineer/Project files/out/drawings/microduck-sole-right/result.json,5540,51ce9509edef01936b544449c94e36818d4fa3bf437035cb13698795f93e3ccc
07 Files for the engineer/Project files/out/drawings/microduck-sole-right/sheetcheck-edges.json,169,9d4c9afe27e7ce5dd5849597233e906903a555fcbbfc85858ba4fdbaa1c2a596
07 Files for the engineer/Project files/out/drawings/microduck-sole-right/sheetcheck-solid.json,3927,ec5e3a9b22a959b6fa632040547d4b948333823d31f499354bdb5fd2a9e8b45a
07 Files for the engineer/Project files/out/drawings/microduck-sole-right/views/ref_front.png,33723,d47df2a1cf4c56d5bb89d6ad7b6eb60e3fccc3f78758e64b0d6e0c9f6c866cc3
07 Files for the engineer/Project files/out/drawings/microduck-sole-right/views/ref_iso.png,48288,707dab9d3ca3d71c4c5c8a6effa6d513715c5c4a437ef326f5ef254a22da4490
07 Files for the engineer/Project files/out/drawings/microduck-sole-right/views/ref_iso2.png,49014,ac97767ca0f33d89fb50f1e36211ec24f25a7634d9918e52d7c64ce64dc7b152
07 Files for the engineer/Project files/out/drawings/microduck-sole-right/views/ref_right.png,20212,3b5bf9f2017b49e464babef6e50307aa0df45d526a80a67cf2767d2fff7850c4
07 Files for the engineer/Project files/out/drawings/microduck-speaker/microduck-speaker-ref.png,13196,e84253316771632dc5a50832c098e53080ee15b832a67e3a69759fe17d045757
07 Files for the engineer/Project files/out/drawings/microduck-speaker/microduck-speaker-sheet-sheetcheck-view.html,172,ca3fc94508f18e3580a50cfb078305c7775e3b6fc3008fcc04b99b6b1e56aaf6
07 Files for the engineer/Project files/out/drawings/microduck-speaker/microduck-speaker-sheet-view.html,172,ca3fc94508f18e3580a50cfb078305c7775e3b6fc3008fcc04b99b6b1e56aaf6
07 Files for the engineer/Project files/out/drawings/microduck-speaker/microduck-speaker-sheet.png,311609,3a02cc07689dde4fdff2f74af8f5fdf02b1f9debb3ff945222eb662d9dcb6192
07 Files for the engineer/Project files/out/drawings/microduck-speaker/microduck-speaker.dxf,25057,cb538fa6a197ce62a19fee7e2f10d7fa3ecb6275217ace8aec7bef17376f77c2
07 Files for the engineer/Project files/out/drawings/microduck-speaker/microduck-speaker.pdf,14898,07e778640ecebe0da9361bbd91a5a3f198be9228efc95f98e29c29a9582dd050
07 Files for the engineer/Project files/out/drawings/microduck-speaker/microduck-speaker.svg,45323,232333d17aa8a0844b61edfca45f2775571448681ceacc9b723b461003b4e594
07 Files for the engineer/Project files/out/drawings/microduck-speaker/result.json,24298,c162637142549af43c5fb96083f5f3047228e4ff973b749059fb128720b75300
07 Files for the engineer/Project files/out/drawings/microduck-speaker/sheetcheck-edges.json,161,37b9fef0fa93b2a72be7e340bae7309250b6d251c1b8c79a219aededb2b33fb7
07 Files for the engineer/Project files/out/drawings/microduck-speaker/sheetcheck-solid.json,2335,cf55fbe87fffdf0764a1d8713703a013e2a0af108dc5bad3373a5da8f33e8749
07 Files for the engineer/Project files/out/drawings/microduck-top-head-shell/microduck-top-head-shell-sheet-sheetcheck-view.html,179,330af17eab2749fe8006d4d9ea92c9de1837d7c3720d69c4baeb2eca4ca951cd
07 Files for the engineer/Project files/out/drawings/microduck-top-head-shell/microduck-top-head-shell-sheet-view.html,179,330af17eab2749fe8006d4d9ea92c9de1837d7c3720d69c4baeb2eca4ca951cd
07 Files for the engineer/Project files/out/drawings/microduck-top-head-shell/microduck-top-head-shell-sheet.png,449934,ba259d1b8db24eaf508660e41d79aa6964e5c39f10a025260c28872f3f322410
07 Files for the engineer/Project files/out/drawings/microduck-top-head-shell/microduck-top-head-shell.dxf,9993,e6e9a365f965cd323c2e8e71807e511ea5976c90982a5776243692f0183aaa8b
07 Files for the engineer/Project files/out/drawings/microduck-top-head-shell/microduck-top-head-shell.svg,417935,0006b710a53661cdd2e2dc17e59c248aba52fc95410adf28aa6f5520ab776f44
07 Files for the engineer/Project files/out/drawings/microduck-top-head-shell/result.json,4729,1ebeda147093405dea82ab9a0a386a601174f8dc4f03ffcb21702b302264d89d
07 Files for the engineer/Project files/out/drawings/microduck-top-head-shell/sheetcheck-edges.json,175,74b5c4589561d33f6a86de88e87a925e359d88e8151b3332cdeccd38a3b13966
07 Files for the engineer/Project files/out/drawings/microduck-top-head-shell/sheetcheck-solid.json,10673,e94ef0bf284fb384d75ff04fdc2f4fbbf71b17ba536e1ebd16a6a16ffcd07f9c
07 Files for the engineer/Project files/out/drawings/microduck-top-head-shell/views/ref_front.png,113419,dcbaeea752c629674ed5d2a7e03a36c2f1392b6d7be40891bd558f7cdbfae263
07 Files for the engineer/Project files/out/drawings/microduck-top-head-shell/views/ref_iso.png,70016,6167d4416d9c9f2a71ca7c6991be92834812c4b43b95b3d48c03de1fa457f49b
07 Files for the engineer/Project files/out/drawings/microduck-top-head-shell/views/ref_iso2.png,74869,107ed4f572e8647d4a2268fb9114e307721b391f06b8d4dfa1001d084071ea49
07 Files for the engineer/Project files/out/drawings/microduck-top-head-shell/views/ref_right.png,47023,b5623f421b6897f3e818b50ac0abb8caf352c0a48f3ed0fb3736131663188be7
07 Files for the engineer/Project files/out/drawings/microduck-trunk-base/microduck-trunk-base-ref.png,30962,414e107e4431231b5cd069149892a99b80506cc7c30707b1ddf80fa039f92807
07 Files for the engineer/Project files/out/drawings/microduck-trunk-base/microduck-trunk-base-sheet-sheetcheck-view.html,175,58e87298118c2158271ee0e7bb22197192d25393a530f87ffb036957505d40f9
07 Files for the engineer/Project files/out/drawings/microduck-trunk-base/microduck-trunk-base-sheet-view.html,175,58e87298118c2158271ee0e7bb22197192d25393a530f87ffb036957505d40f9
07 Files for the engineer/Project files/out/drawings/microduck-trunk-base/microduck-trunk-base-sheet.png,245867,3ebe2c000625e14670906be694f6a9bb180125ebb11a40966ba2006b2448d5e0
07 Files for the engineer/Project files/out/drawings/microduck-trunk-base/microduck-trunk-base.dxf,81543,c20f8e361b97a2d5ebaf89f03cadb84df1d9e30f5ac1385cb1ec707c9b822004
07 Files for the engineer/Project files/out/drawings/microduck-trunk-base/microduck-trunk-base.pdf,39417,020242d9ecc009bb6ffe216d366f68c279b1a69155caa35226d1a4705372a778
07 Files for the engineer/Project files/out/drawings/microduck-trunk-base/microduck-trunk-base.svg,111647,a589562ea81fca3a62d6f9dd7f2d5ee07030c8971e7f7e548c8ebf21f7f2edee
07 Files for the engineer/Project files/out/drawings/microduck-trunk-base/result.json,5959,f4f0c55f3256fa17ad2a8cdbb4744010bfbf0858ecc2f3eb8f8502ad813832c4
07 Files for the engineer/Project files/out/drawings/microduck-trunk-base/sheetcheck-edges.json,166,e695eef3730d00979503748ea7ef8af2f6b3c02591cf86e4fe8e81247e1395e2
07 Files for the engineer/Project files/out/drawings/microduck-trunk-base/sheetcheck-solid.json,10623,79809713b44d3a8f2729e319e3393634e2b348a20ceed78974deb20801c774eb
07 Files for the engineer/Project files/out/drawings/microduck-upper-leg-left/microduck-upper-leg-left-ref.png,39957,01fed77b6eefc299117aa4b1c7ea81f29a452daa85d61a2fa71130dc832f69fb
07 Files for the engineer/Project files/out/drawings/microduck-upper-leg-left/microduck-upper-leg-left-sheet-sheetcheck-view.html,179,e01a287ad7e6b710da88f85adc4acf181989e927dac0e488875e8398ad252789
07 Files for the engineer/Project files/out/drawings/microduck-upper-leg-left/microduck-upper-leg-left-sheet-view.html,179,e01a287ad7e6b710da88f85adc4acf181989e927dac0e488875e8398ad252789
07 Files for the engineer/Project files/out/drawings/microduck-upper-leg-left/microduck-upper-leg-left-sheet.png,458106,c72b77a3ea20f554129f8779fdb337c82bf03ee9253776fd41c646d08fcfbd35
07 Files for the engineer/Project files/out/drawings/microduck-upper-leg-left/microduck-upper-leg-left.dxf,532612,74241c2cf5830c376c5db0d2e62bcdbe6a678a2ef3805ae28d890b47eecb6d22
07 Files for the engineer/Project files/out/drawings/microduck-upper-leg-left/microduck-upper-leg-left.pdf,242394,f5fc204e07725633b223675e3e0d598565d92c83eff627fd98c115308f243c58
07 Files for the engineer/Project files/out/drawings/microduck-upper-leg-left/microduck-upper-leg-left.svg,458188,01659f7284fae0bc0bbc313fc42ae337e176e62bd0c74d659cd9177b84aedcfb
07 Files for the engineer/Project files/out/drawings/microduck-upper-leg-left/result.json,12423,1cc17dd3c9ebda0c3deabbd794a7a5f0e0f5fad521ea388ff554fc8dbef930cb
07 Files for the engineer/Project files/out/drawings/microduck-upper-leg-left/sheetcheck-edges.json,172,74d8bb69517fd941486c999eef9b41b347a9b584d90a651dc9841c153f0a3486
07 Files for the engineer/Project files/out/drawings/microduck-upper-leg-left/sheetcheck-solid.json,18006,ec6e3197631fe54a8cbb18f069663cd105aa517e4f14dd9b5807715ccd8b9546
07 Files for the engineer/Project files/out/drawings/microduck-upper-leg-right/microduck-upper-leg-right-ref.png,57448,dedc71b2ce29c57fc9bb2756b2b3dfb2435f9f9d57fccf93027b5904a0d7d3b4
07 Files for the engineer/Project files/out/drawings/microduck-upper-leg-right/microduck-upper-leg-right-sheet-sheetcheck-view.html,180,05333c4ec24493fe2596054f6f95bdde41fb14c3cca4a122416fca6982c92941
07 Files for the engineer/Project files/out/drawings/microduck-upper-leg-right/microduck-upper-leg-right-sheet-view.html,180,05333c4ec24493fe2596054f6f95bdde41fb14c3cca4a122416fca6982c92941
07 Files for the engineer/Project files/out/drawings/microduck-upper-leg-right/microduck-upper-leg-right-sheet.png,450098,9bdc754c1c72ba13873c21b8705fe0bf1ff8a5786dcb5f0fb5129de7693af8de
07 Files for the engineer/Project files/out/drawings/microduck-upper-leg-right/microduck-upper-leg-right.dxf,523404,7dca1eb7d1686d2b5b2d28af15379bbab260ea49b27e0f7e590091fc29aac73c
07 Files for the engineer/Project files/out/drawings/microduck-upper-leg-right/microduck-upper-leg-right.pdf,237397,0e5a5449fa148f9816741799c3b8e2c9174acc695a01b9783051da3aea38ea5c
07 Files for the engineer/Project files/out/drawings/microduck-upper-leg-right/microduck-upper-leg-right.svg,474407,e39f53e691bf27397dc9166474d53061db8399683cd6999329248f8f97ce8215
07 Files for the engineer/Project files/out/drawings/microduck-upper-leg-right/result.json,11893,96bbacec2012657cc4645efe6bf8c923b39c7f97c2464cb1274c84ad0183f89e
07 Files for the engineer/Project files/out/drawings/microduck-upper-leg-right/sheetcheck-edges.json,173,024da320737c9af1762137178af05b421e02182bb40af86e1564fcf7eb20ca2d
07 Files for the engineer/Project files/out/drawings/microduck-upper-leg-right/sheetcheck-solid.json,18018,071f1a9e3b6af20a329cfc5634fac808a628a1cfd3aef9b05f0f30e6cf5931bc
07 Files for the engineer/Project files/out/drawings/microduck-upper-leg-rigidity-plate/microduck-upper-leg-rigidity-plate-ref.png,42529,e71b0a7575a4609d48e63a7f754bccb199de9a03c4e05ce75c7e2a97ac8c8c4a
07 Files for the engineer/Project files/out/drawings/microduck-upper-leg-rigidity-plate/microduck-upper-leg-rigidity-plate-sheet-sheetcheck-view.html,189,cfc4d82d18d885c63934c4779b543c6e14b00a401e9033f88bedf5ecd27e39c7
07 Files for the engineer/Project files/out/drawings/microduck-upper-leg-rigidity-plate/microduck-upper-leg-rigidity-plate-sheet-view.html,189,cfc4d82d18d885c63934c4779b543c6e14b00a401e9033f88bedf5ecd27e39c7
07 Files for the engineer/Project files/out/drawings/microduck-upper-leg-rigidity-plate/microduck-upper-leg-rigidity-plate-sheet.png,322774,3156673510b15a326ca30a5315ef4045792360a7da6b6a34016f520e0c93431c
07 Files for the engineer/Project files/out/drawings/microduck-upper-leg-rigidity-plate/microduck-upper-leg-rigidity-plate.dxf,85194,3050e9a7f2609f9771a90ecf4957af8b10f37578cab4114be69fa2fe493ba434
07 Files for the engineer/Project files/out/drawings/microduck-upper-leg-rigidity-plate/microduck-upper-leg-rigidity-plate.pdf,43286,651556d8ea713e8aa231b8af14a6f76770684ad8290530e20ddd78618af0eb17
07 Files for the engineer/Project files/out/drawings/microduck-upper-leg-rigidity-plate/microduck-upper-leg-rigidity-plate.svg,129652,3dd1879fe092d11cae55ee56d84372eb72a080a90b777769d87c0d2192060d4f
07 Files for the engineer/Project files/out/drawings/microduck-upper-leg-rigidity-plate/result.json,20092,f6a601f2526ec1cb24dab267faee4c2954b32e20df6d47e1ec222bb022da9762
07 Files for the engineer/Project files/out/drawings/microduck-upper-leg-rigidity-plate/sheetcheck-edges.json,181,035745ca3a56db463a3691d542a213054dbddd611317e620e668b9213e5648ae
07 Files for the engineer/Project files/out/drawings/microduck-upper-leg-rigidity-plate/sheetcheck-solid.json,13762,4d4a801fde5424e22d45961d096b4df5d796447a164373fa80cb2e2311c61b7f
07 Files for the engineer/Project files/out/drawings/microduck-yaw-roll-motion/microduck-yaw-roll-motion-ref.png,65910,dcc86833a7ae2b304b42d5a7284506720ee93e44fc05ebc8dc21cd7534cfb25f
07 Files for the engineer/Project files/out/drawings/microduck-yaw-roll-motion/microduck-yaw-roll-motion-sheet-sheetcheck-view.html,180,227bdaf1cf02924cf5d6ad932baefaf7a5b9550b32d8a46bb7b74ac5a9ba0fc8
07 Files for the engineer/Project files/out/drawings/microduck-yaw-roll-motion/microduck-yaw-roll-motion-sheet-view.html,180,227bdaf1cf02924cf5d6ad932baefaf7a5b9550b32d8a46bb7b74ac5a9ba0fc8
07 Files for the engineer/Project files/out/drawings/microduck-yaw-roll-motion/microduck-yaw-roll-motion-sheet.png,439818,e093627c9f3d08719abbb0cfd55f89d14386acaf02049bb0b865726c8fd64d82
07 Files for the engineer/Project files/out/drawings/microduck-yaw-roll-motion/microduck-yaw-roll-motion.dxf,190601,01eb5a9b636405d7a0fabda1447bac050abb2e19fa76028e97a231ca3c90c0c6
07 Files for the engineer/Project files/out/drawings/microduck-yaw-roll-motion/microduck-yaw-roll-motion.pdf,90990,874510eddf61956a649542450ba8a1a041c8700f5d94e71aaad5683abf2045bc
07 Files for the engineer/Project files/out/drawings/microduck-yaw-roll-motion/microduck-yaw-roll-motion.svg,242430,a8e46f9ff2c1ee273baaffe255ff58aaa405b02b1ea8e503682b8f1c622aa6d3
07 Files for the engineer/Project files/out/drawings/microduck-yaw-roll-motion/result.json,9213,be76da47a8bcf1d80ad66a2ab531dc296d0612543964159f58c694f6c009d067
07 Files for the engineer/Project files/out/drawings/microduck-yaw-roll-motion/sheetcheck-edges.json,172,30c159138b156b91893c8a57948673c928d437b449c98c60acd0d1b2661377bf
07 Files for the engineer/Project files/out/drawings/microduck-yaw-roll-motion/sheetcheck-solid.json,22941,6691062e232bb0f8589f53f33eb1f7804a9e405a1d9e3ab7359d56e3809e577a
07 Files for the engineer/Project files/out/drawings/microduck-yaw2roll/microduck-yaw2roll-ref.png,60909,8928e168e5c0690c28650f2059060ba57f9b2b093de29ce7a2037d94ca898eae
07 Files for the engineer/Project files/out/drawings/microduck-yaw2roll/microduck-yaw2roll-sheet-sheetcheck-view.html,173,1d6b9c6a013cafae311b9e30ec8dc32aea7683bc4ada7f821b699f0bb016b806
07 Files for the engineer/Project files/out/drawings/microduck-yaw2roll/microduck-yaw2roll-sheet-view.html,173,1d6b9c6a013cafae311b9e30ec8dc32aea7683bc4ada7f821b699f0bb016b806
07 Files for the engineer/Project files/out/drawings/microduck-yaw2roll/microduck-yaw2roll-sheet.png,365766,fcb4911f4b3b5cfe1955efe43a853635d613eb0976add7fc781924826d5c5051
07 Files for the engineer/Project files/out/drawings/microduck-yaw2roll/microduck-yaw2roll.dxf,141609,e8fbc6e190b2f45053aed3519b66948a8e1e7aeb21225405e84eb8079b9877ee
07 Files for the engineer/Project files/out/drawings/microduck-yaw2roll/microduck-yaw2roll.pdf,66064,9811d3b7d7dcbbf48a7580d3e0721bd8a7cf6468d80280e2532a40c56a253cd3
07 Files for the engineer/Project files/out/drawings/microduck-yaw2roll/microduck-yaw2roll.svg,197362,dae3402101b051c79484838afd5d5e5c686c7f2fe79957de27619ef769ba99f3
07 Files for the engineer/Project files/out/drawings/microduck-yaw2roll/result.json,13855,0e97891e49871d2e347e6138a354577d8f2a337578cfc01d444011b5b60e6d4b
07 Files for the engineer/Project files/out/drawings/microduck-yaw2roll/sheetcheck-edges.json,165,0fcb80eb17ca31f3900c6ef712f67ec2da928a569732d00283bbd3ee34babadb
07 Files for the engineer/Project files/out/drawings/microduck-yaw2roll/sheetcheck-solid.json,32002,85a8aef5f74091e4cb612ce7c871998c60fea63c311fe64c245a3b41d416bc17
07 Files for the engineer/Project files/out/drawings/sheetcheck-before.json,649906,8e1bba36858187be52e4bb9ade583eedc0a060d2adc2c8bcb8bd14a9730e5397
07 Files for the engineer/Project files/out/drawings/sheetcheck-before.txt,8608,09a93408c23babc9c0f95a84dd4799c7b906b3e460b48e2669f343f6f5f369fa
07 Files for the engineer/Project files/out/drawings/sheetcheck-selftest.json,26184,2a5283e2ddd5796c461d7af0cb431bd27fc18a7daa756f329703a26f811960e9
07 Files for the engineer/Project files/out/drawings/sheetcheck.json,771253,260ba63e82b67cbee4ccd82216fc25324f98581cb76803ab06a1faf4e60ae744
07 Files for the engineer/Project files/out/elec/closure.json,52468,a3392e334d0517325b2a15c681330ca66935151c01aa334c8164b39acf0cac53
07 Files for the engineer/Project files/out/elec/model-corrections.json,8635,587cbb8b631300871e5b126001b3db5628cadad0eeff9af9c6caacd5fe8b15f4
07 Files for the engineer/Project files/out/factory/ATTRIBUTION.txt,4784,faa633eb3e6862c06a5a511064c332cdc30df95075675387606e636c759f2134
07 Files for the engineer/Project files/out/factory/licence-evidence/Open_Duck_Mini_v2_README.md,3985,0415ad9a7983b1f0e5ab846f960eadce3cb501e84cfc7a163ae50b0bb22a94e2
07 Files for the engineer/Project files/out/factory/licence-evidence/SHA256SUMS.txt,2412,3427962c043eaabe10d772b2a19e270a37d61b02567bf86d02c1930e5d82661f
07 Files for the engineer/Project files/out/factory/licence-evidence/cc-by-nc-sa-4.0-legalcode.txt,20850,e66c269d4819aaab34b49ef5220c4ddab6756f21bb5180761a4eb8561f2b7bbd
07 Files for the engineer/Project files/out/factory/licence-evidence/designview_probe_2026-09-04.txt,2039,09d41a1b847f8aaf747c8d55016f9f77f7a0608bff2a82cf79456e8a1b8c6c0b
07 Files for the engineer/Project files/out/factory/licence-evidence/elec_RPI_Robot_HAT_README.md,843,a7565c1ff50151f584fddb97c495e60701bc928f11ecc377ef4735909aed3a17
07 Files for the engineer/Project files/out/factory/licence-evidence/fanhao375_microduck-replica_NOTICE.md,4306,bc62be8c1bbf6c0ec2029bdf4e1f5893425252e948457c92a1ff8e82300daf8f
07 Files for the engineer/Project files/out/factory/licence-evidence/github-api_Open_Duck_Mini.json,5463,8063963f8075de506a27c70d976bce2dd4b9a3831495854d71ac2fde5ecef4f8
07 Files for the engineer/Project files/out/factory/licence-evidence/github-api_elec_RPI_Robot_HAT.json,7088,184de3b86531a86dede0f853eae29a0104282b715432ed6606ceb73ed095dda1
07 Files for the engineer/Project files/out/factory/licence-evidence/github-api_elec_RPI_Robot_HAT_tree_main.json,9648,34a80fe38cc9350cd7a1b0d9121393ce2b43cba73f08ffa03f0849e3b2556399
07 Files for the engineer/Project files/out/factory/licence-evidence/github-api_fanhao375_microduck-replica.json,6192,72aaf4c6142d41f96f12c3886c4b5de2b4006cb26cad31a383464d3f86aeef2c
07 Files for the engineer/Project files/out/factory/licence-evidence/github-api_microduck.json,6724,575614003c32b27dfae77cb815ad2dd34507aa499cdd5fc0628da14e111c918e
07 Files for the engineer/Project files/out/factory/licence-evidence/github-api_microduck_rl.json,6877,9c27badc083f469c9472ee626d66d2ae96e9b591ca60744f0fe95dcc44100961
07 Files for the engineer/Project files/out/factory/licence-evidence/github_pollen-robotics_repo-census.json,74027,853fda9476eb58c420655ba054147ca9326400de6b2748210674fbad54962ce6
07 Files for the engineer/Project files/out/factory/licence-evidence/huggingface_microduck-policies.json,909,1e2308964ced1b34e8772f2d82d3fcdbe85a40e4fd49a7be550993ca1c6db666
07 Files for the engineer/Project files/out/factory/licence-evidence/makerworld_3250889_design-api.json,18065,218b74b9a03199171d7981b218604ebf1e8201094ae5b0ca256d2d0b0704a1f9
07 Files for the engineer/Project files/out/factory/licence-evidence/makerworld_3250889_design-api_rerun.json,18065,1f45271a0312371d8e0d53b2f0a4f0ec02b30915025e5248a6e4497b75699f49
07 Files for the engineer/Project files/out/factory/licence-evidence/microduck_rl_develop_README.md,13267,b5e606efe7ff71f4f6324820b36152d401a0b1be6e2f908bbaca01ffee81638d
07 Files for the engineer/Project files/out/factory/licence-evidence/microduck_rl_main_README.md,9290,cac2fb08c302f3b282d0f6acc4ca56f2a151be60becc20f08b84dc7913658259
07 Files for the engineer/Project files/out/factory/licence-evidence/pollen_PincOpen_README.md,7863,07fa3b37b30b0f09cc08c610643004da7149533d89b69039c0319620a10a2fc2
07 Files for the engineer/Project files/out/factory/licence-evidence/pollen_legal-notice.html,69364,3f4014c53cddf1ddf1905821bb87825445e957d367cdddd07a7a16e088b77f11
07 Files for the engineer/Project files/out/factory/licence-evidence/pollen_microduck_rl_file-listing.txt,2625,cc6ae02bcea9c40cf829cf5d6c97c37cea172e77f578ef934484b76dcc3dc159
07 Files for the engineer/Project files/out/factory/licence-evidence/pollen_press-kit.html,322442,0a7d444d1c020f18f410e1831d973bb8c6fe5ea42a4b57f0630e17756871acd0
07 Files for the engineer/Project files/out/factory/licence-evidence/pollen_press-kit_FACT-SHEET.txt,4544,eaf66fb994da5df6b4878b8e958304e35c6239008aa1ad3a68864a28d62a0961
07 Files for the engineer/Project files/out/factory/licence-evidence/pollen_press-kit_zip_listing.txt,4423,660e6f31cbcd1e0857d63d116336b209702aebd02313f5d4f014c3e042c28260
07 Files for the engineer/Project files/out/factory/licence-evidence/pollen_product-page.html,319642,9d81a8ef5f856372d86006a0c9ba298b13bade8f44ced87adabf3c9eb7af9a8d
07 Files for the engineer/Project files/out/factory/licence-evidence/pollen_store_microduck.html,380446,59c1341313914e0640c140c6f3def1a5652f7262f49d6eb5a3b5fb82f753228e
07 Files for the engineer/Project files/out/factory/licence-evidence/pollen_terms-of-sale.html,126687,a32504bdbb97670dc9ba8578e181b53c9333490394021cbb863d572a42f67f9a
07 Files for the engineer/Project files/out/factory/licence-evidence/theregister_2026-08-27.html,174295,4d809b7a1b713e198f9e430b4eafe88b4ecc397e89d58353186fbdbe9828aba0
07 Files for the engineer/Project files/out/factory/licence-evidence/tmview-rerun_microduck.json,58,8964793853a4c8f7bf42fa76056fdd0d66dd360cd68c2c07f0de7604f0c97b56
07 Files for the engineer/Project files/out/factory/licence-evidence/tmview-rerun_reachy-control.json,29456,ebca8c775ef078e2e3bcfe54025727f078ef7ddd72d30d9485852888b81522eb
07 Files for the engineer/Project files/out/factory/licence-evidence/upstream_drift_check_2026-09-04.txt,1066,94d248a6db4382edd797624a013d629e8c31580c38ae4560d5d1040447a4f98f
07 Files for the engineer/Project files/out/factory/licence.json,106589,886f29d1b43c29c208ccce4947418a8b8a5ffbb6fbc30f1f3effc36f3a057c8e
07 Files for the engineer/Project files/out/factory/measure/delta.json,3469,58e3fce59071d7fcd2b2520c5ab05290aba7f181669135671284fbbbc1a0b95d
07 Files for the engineer/Project files/out/factory/measure/run.json,791,4d058474aa528fd36273a467a1fea79d19adb3e28847fcb761ae2780d643abd6
07 Files for the engineer/Project files/out/factory/measure/sheetcheck.json,779455,2d22de7f28025e7875060c4241a605874891edd244e1cf880dfc3064cd70c679
07 Files for the engineer/Project files/out/factory/measure/slice-health.json,12695,dcccf97a511bf41d5adf4780d71a14c2dedada22608d4d95fdb2cdabe38935f1
07 Files for the engineer/Project files/out/factory/measure/slice-journal.json,25941,ef3650206585b2b81300d774fecfe2ac56d6f1e0a0de77bb1dfe8f32aaa78e43
07 Files for the engineer/Project files/out/factory/measure/sourcing-rows.json,162293,5a7fdd2de40b72bead09739927de8740d1dbd3a7c8bfdcfc5dd402f2fa2d7587
07 Files for the engineer/Project files/out/factory/measure/stlcheck.json,10637,da3ea904c990b4e06bf3098b27eddde7f57f6a74877ca553e0dd276a19c7915f
07 Files for the engineer/Project files/out/factory/measure/triad.json,104885,903306d5cf5d3732e204d6d3d8676b77501fe937f936a023141710eef81c6e5f
07 Files for the engineer/Project files/out/factory/pack.json,46959,b569bdf56a936233ca4fd7852dbfc782d27959d9afee8d6f8222451209a02fc0
07 Files for the engineer/Project files/out/factory/questions.json,72114,c25d51a9c55aa1b6daa028842e7091d37796781b26b05bbbc66dd3db4ad05d0a
07 Files for the engineer/Project files/out/factory/readiness.html,219828,64e34a5c3b8222e4c4299be48ed540f8115d1ce7e85e49eaf9b2e89c822d15af
07 Files for the engineer/Project files/out/factory/readiness.json,369231,62faf87943c90a8d894a1fdc985053809fd1b61b873ac6380d68875db4ff6828
07 Files for the engineer/Project files/out/factory/reconcile.json,21819,d0db8000a90ce13552d3bb6442f908d2ff46852fa87a5a6961a395a8cf7d74dd
07 Files for the engineer/Project files/out/factory/workplan.json,69466,eb4675614348131dcba744d985a89de8e903489fa3b272f8b1be4b16725ca335
07 Files for the engineer/Project files/out/fasteners/audit.json,167488,5b384a6d8f16aa26bd300eaf64ce0074f947dfca5f04804036a134304fc1ac78
07 Files for the engineer/Project files/out/fasteners/balljoints.json,34657,adfafe01cbbe79d7b59a951f068defffc66733e871a5196c5f1870c38e5d0189
07 Files for the engineer/Project files/out/fasteners/census-head-neck.json,8235,e636e858a216fdb43d7d2b13c70721e6d07a081c5cf191e948e3f785baabed88
07 Files for the engineer/Project files/out/fasteners/census-hips-trunk.json,381396,99c96a173d9785ff5a9aaac5bf5be8b0ef5a8c2c86d1203044d6a3eede9a89e4
07 Files for the engineer/Project files/out/fasteners/census-legs.json,3025,cb121d06401c8742f8edb98f6e950df1db9ed0aa0394f8c1d875acec128bb3e5
07 Files for the engineer/Project files/out/fasteners/census.json,107828,aae4779581de552a4120384ea9f8dd06cfeac236fa50137eeadf5c58b44c8540
07 Files for the engineer/Project files/out/fasteners/coverage.json,9026,86a5b6d9293d49be52ba48ea81bda7a32768588973fda3ae3b720e9c39f239f6
07 Files for the engineer/Project files/out/fasteners/electronics-mounts/raw/elec_rpi_robot_hat_pcb.cylinders.json,15953,18a67745189022ec9ce592af7983a9eec4b4a0308f1ff5f4deaff5050d2da347
07 Files for the engineer/Project files/out/fasteners/electronics-mounts/raw/elec_rpi_robot_hat_pcb.features.json,52407,0684655212cf2a2e6c5cfafec7f8d05a8f32d6ed56acd2da0b340a55f0c803f9
07 Files for the engineer/Project files/out/fasteners/electronics-mounts/raw/microduck-robot-hat-pcb.rebuild.json,19679,f4f211b25e83fec638c27e514e3501d8fc599ee50d09886d1260c26f8f297bcc
07 Files for the engineer/Project files/out/fasteners/electronics-mounts/raw/microduck-speaker.rebuild.json,550,f2787cf697a573e7dc001ad01b313d090c21d1dca9482f825b8acec60107e6bd
07 Files for the engineer/Project files/out/fasteners/electronics-mounts/raw/np-f550.rebuild.json,2494,546e92828e7f735b82b8938a1f11c2efcf3624e38ffd14b62dfa91526ea3786f
07 Files for the engineer/Project files/out/fasteners/electronics-mounts/raw/np_f970.cylinders.json,25535,e86d67be337e5267e4d35a43998975d65b5f9bcc68e49fc9ba2451e50becff8d
07 Files for the engineer/Project files/out/fasteners/electronics-mounts/raw/np_f970.features.json,36371,44c8c613ad688e735d1216850da7b49c8a65d2904b91cb35472e4e12ccf5f4db
07 Files for the engineer/Project files/out/fasteners/electronics-mounts/raw/pcb__raspberry_pi_zero_2_w.cylinders.json,12019,ab0af6cf756ccf084610477c6e0cf39954b9a1fb2d66abeafdbcb6bdbc7b83ae
07 Files for the engineer/Project files/out/fasteners/electronics-mounts/raw/pcb__raspberry_pi_zero_2_w.features.json,38656,7b13163bf63ec749820431c34803bffa45ee0136cc7fe54e3d239a7491869edc
07 Files for the engineer/Project files/out/fasteners/electronics-mounts/raw/radxa-zero-3w.rebuild.json,14310,9d6bec50818bea35e2d515487e9ef6a8d34c2de27e6e5f16a1c75be58fe12be0
07 Files for the engineer/Project files/out/fasteners/electronics-mounts/raw/speaker.cylinders.json,377,16563347c070bcd54961554a97e5cc4d4e7729195b040e715c40cad53c631478
07 Files for the engineer/Project files/out/fasteners/electronics-mounts/raw/speaker.features.json,905,01ef2753a3f7d4c9e0c0ec00383b38831c1d09dd721a7c7860f6aac45f5ead13
07 Files for the engineer/Project files/out/fasteners/electronics-mounts/raw/xl330-m288-t.rebuild.json,4281,6858df495a0228ba6234460d1313dfc44830633865d5da4df436871c898fa93d
07 Files for the engineer/Project files/out/fasteners/electronics-mounts/raw/xl330.cylinders.json,5184,dc55448c0a2e8d7b3a2b5c9f33dcca4c2b68e4f80ef36bf0631004fd4001be2c
07 Files for the engineer/Project files/out/fasteners/electronics-mounts/raw/xl330.features.json,15642,f7dbb9e2c6995949115fae6cb54b3cef22e3e8c450c775047c4e12fe61088dfa
07 Files for the engineer/Project files/out/fasteners/electronics-mounts/raw/xl330.vendor-step.holes.json,12459,650ede91c5c5aa92bcfe985fdac7d9142d594ccb20f710057636ddb8383b3c72
07 Files for the engineer/Project files/out/fasteners/features-by-mesh.json,867804,98168dab06ba1b2513bc825db3cf4239e890b4242db73eb89c072e0a1fdf72bb
07 Files for the engineer/Project files/out/fasteners/head-neck/raw/bottom_head_shell.features.json,57541,cdb8574c63222cc350c215def5cf92c9c5708a446114243d29971d88f1bdf73b
07 Files for the engineer/Project files/out/fasteners/head-neck/raw/face_part.features.json,71035,75e1057075911cc5ae0ff91ae791158f8961b08a38c86d362ec63a64ff512a9a
07 Files for the engineer/Project files/out/fasteners/head-neck/raw/jaw.features.json,21585,35a2fcea26801da9546ccfb196e8017134e2536ea39c4c1251b4256e704ec4ae
07 Files for the engineer/Project files/out/fasteners/head-neck/raw/jaw_soft.features.json,3057,4b2a40e3372c6049cf411a2a1aa70ca0211f0a3e0b5234d2b957dc758980b480
07 Files for the engineer/Project files/out/fasteners/head-neck/raw/lens.features.json,6631,c224ae5c1e9175bf6cad65961ad4851603e40bf57c639b95f1a1175cf2371cc3
07 Files for the engineer/Project files/out/fasteners/head-neck/raw/m12_lens_holder.features.json,13145,6aca4f902ac7cbc0c05666e533e76e4df1bc9bc70dd4a22a909944dae7ab1f7a
07 Files for the engineer/Project files/out/fasteners/head-neck/raw/motor_support.features.json,24857,bfd2d0bc2a990a9e4fc36a5c44685bd86ac191ac18f4a34e9e56d3e4015b0da5
07 Files for the engineer/Project files/out/fasteners/head-neck/raw/neck.features.json,12037,5e673b4e3f51adf1c24278a0126d1b5d588c84a2ccdd49025c57b4b234a79abd
07 Files for the engineer/Project files/out/fasteners/head-neck/raw/neck_pitch.features.json,49801,cfbb3e0f97b00528af195611b0b25dbf405fe251693f92408350c39ea8b6a22a
07 Files for the engineer/Project files/out/fasteners/head-neck/raw/noenoeil.features.json,6943,c053a6f67e8f97ec444abe5716d9b241ffc5117e6031497c97a32e080e37bea8
07 Files for the engineer/Project files/out/fasteners/head-neck/raw/seeed_bearing__configuration__22x16x4.features.json,192371,eada5c0571ead06281ac28a0a48f58fe2ccbe759d807383b0d8c77745c4b5132
07 Files for the engineer/Project files/out/fasteners/head-neck/raw/seeed_bearing__configuration_default.features.json,207700,cf600f16e3a9f2f317b5b0fdfd09e3dc8c491a41909014de69a870b842a7d7d4
07 Files for the engineer/Project files/out/fasteners/head-neck/raw/soft_mouth_top.features.json,2314,c26a13a1afd70f36f703d0e685ffc5c62fda044d034c373ccae2a575fbb6fad4
07 Files for the engineer/Project files/out/fasteners/head-neck/raw/speaker.features.json,1741,de177d50ac09f4813c4e27c320cdac37f82ad54f775eb33dbef69cad6e532677
07 Files for the engineer/Project files/out/fasteners/head-neck/raw/top_head_shell.features.json,23121,e24b84e8be202b7e5c05052293503ffb8f1f865e5101b7be1cfe4c79b9aa59b7
07 Files for the engineer/Project files/out/fasteners/head-neck/raw/xl330.features.json,35482,749d27fcc6fae011816cf6e5fbed6804784eda8d9dbac62d27f84d92075a3214
07 Files for the engineer/Project files/out/fasteners/head-neck/raw/yaw_roll_motion.features.json,41374,db1e2bca194f8eac1503d42e72cace3c0257f9386cfae30dece0a8e028373f0d
07 Files for the engineer/Project files/out/fasteners/inserts.json,15147,123ec07b9a9367757710589c5c5f281318edb987ac327460b4e51600064dfa0c
07 Files for the engineer/Project files/out/fasteners/legs/raw/ankle_left.features.json,15642,4e88b171ffd14e695261282fec305b93bc66bb0ad67517b11878d10188ec8017
07 Files for the engineer/Project files/out/fasteners/legs/raw/ankle_right.features.json,15687,1a9e1fc36b58d774ea9f56be86a1b9554a391b96390320531eb37826079d439a
07 Files for the engineer/Project files/out/fasteners/legs/raw/foot_left.features.json,8358,72c49a4979e62214bb9b2d3c607745c4ac3781ae81914ddaf828a07322a638ca
07 Files for the engineer/Project files/out/fasteners/legs/raw/foot_right.features.json,7976,d1a7dc3070488006d5f7405b3a63a43b9e2def026560c84465922f1a8f577590
07 Files for the engineer/Project files/out/fasteners/legs/raw/leg.features.json,23109,41173200223cce1382b98ef040eaade9b81efeaa10206f3a2492643d10669579
07 Files for the engineer/Project files/out/fasteners/legs/raw/sole_left.features.json,1613,7d2c66e1b26ee5c089f97c9032257db3ae5c19fa89fa6a1ef944020adf38a776
07 Files for the engineer/Project files/out/fasteners/legs/raw/sole_right.features.json,1618,4b75a8300f6865753f5aa5b3e2e73b64f8457df44a6c474e69ff19a550c7e0f4
07 Files for the engineer/Project files/out/fasteners/legs/raw/upper_leg_left.features.json,17187,7de15c634377b58957a7542e55f5384b9edcb6099925932c997e7138900b6e27
07 Files for the engineer/Project files/out/fasteners/legs/raw/upper_leg_right.features.json,17221,1ee8c282b2cf17e71d7f72c27a065bf272983eda52de2a32d02efdbeb7632ade
07 Files for the engineer/Project files/out/fasteners/legs/raw/upper_leg_rigidity_plate.features.json,7809,fc2625a1073dd6ad975346706c29fd409cef4638502a5a14d011f5413268b9dd
07 Files for the engineer/Project files/out/fasteners/legs/world-placements-legs.json,7251,cdac8c872f49cd4c7fe76f543aa7a5c99957dcfd6a64d270a616a7025210d5e8
07 Files for the engineer/Project files/out/fasteners/mesh-features-reference.json,836492,2345668c445081dda8b568a484d8c8a1da4e377c63077afa76407d454ace161c
07 Files for the engineer/Project files/out/fasteners/placed.json,195761,938683a11bb62324382dba9177b8331bd9ea3bb0d6649f7e4358a26585bc75c8
07 Files for the engineer/Project files/out/fasteners/pockets.json,194207,aa5921a059f996f1720fd47b94ee093d599b73003b3a27e44cca25e72a3fd944
07 Files for the engineer/Project files/out/fasteners/raw/banana_pcb_locker.features.json,3358,2e10e3787322bf9faa0e5b299ddf72b9c447c8cfec85c70594ea9b49ceec1bdc
07 Files for the engineer/Project files/out/fasteners/raw/bearing_roll.features.json,8037,b30dc096b33b966abfe2dead48153358bf0e5fc129aea1fe6f8668902c3b5575
07 Files for the engineer/Project files/out/fasteners/raw/hip_l.features.json,30479,b61b84db4c13627d3b6b3f07b47c2b81ae6e7945b1ccd7786109018b7a200403
07 Files for the engineer/Project files/out/fasteners/raw/microduck-bearing-roll.rebuild-holes.json,2966,d5b2dd0b1e1c9970106d1f04bd0adc5349220de1d4a40e962a0690591a594b0d
07 Files for the engineer/Project files/out/fasteners/raw/microduck-hip-bracket.rebuild-holes.json,11303,445f57ef25e3196503ea2c3875ade65a8615115ccba38eb2888fa20421bc9488
07 Files for the engineer/Project files/out/fasteners/raw/microduck-trunk-base.rebuild-holes.json,3369,233c078a95c02b217d3d1ca86da7112c64b2d1d3c3d1aa246f76a8d6f4152557
07 Files for the engineer/Project files/out/fasteners/raw/microduck-yaw-roll-motion.rebuild-holes.json,8711,2b03c5eae73f0df7b56c41be75b5af85351a9016df201d3c980d11041fceee3f
07 Files for the engineer/Project files/out/fasteners/raw/microduck-yaw2roll.rebuild-holes.json,9024,c785a759c19240607deb0c10d027587feb17519175c1ee3f60c3f8d8f318d5e1
07 Files for the engineer/Project files/out/fasteners/regions.json,4134,8681b9978fd2b72330322bbc6dc9277748438660db7c5d821729eaa1e094313d
07 Files for the engineer/Project files/out/fasteners/runs.json,638547,bd40e4ae503176ee3c0654dfd765c604751af47d120eaf531b8ee6428de7ac2d
07 Files for the engineer/Project files/out/fasteners/screw-parts-verify.json,18367,73cc1f0011d144989839a97d383703d5d4b067022a435f615c178d2cb4876f40
07 Files for the engineer/Project files/out/fasteners/skeleton.json,2265,4240c98eb04d8c58fc4fafc5ad58fec973e33fb56f4839e10e2cb4b60a05d428
07 Files for the engineer/Project files/out/fasteners/spheres-all-meshes.json,20702,e99587ed1b92e4037dbcba4ad6c474e66f42ce17110d2c3b67218f955256fcc1
07 Files for the engineer/Project files/out/fasteners/world-placements.json,34867,7f61491937b4f7f185b2c2cf34e4df77fd190bffae103486c1ddf91ee32505d2
07 Files for the engineer/Project files/out/fit/_robot_abs.xml,29192,08616f7357aa24996b2968d49d84e5381041fdd4c21e442c54d73a3d4032fcac
07 Files for the engineer/Project files/out/fit/rest.json,3829,91e1db8d247ae5c9670a751ae6801242eae764e463c426aee7e823f6abeda312
07 Files for the engineer/Project files/out/handover/HEAD-JOB-OBSERVATION-2026-09-08-2318.json,613,140d76e4632a7c73842b4efa7bd11a236abbc5ee5459d7f8e62aeb6be841958a
07 Files for the engineer/Project files/out/handover/HEAD-JOB-OBSERVATION-2026-09-08.json,641,2538a5f179b745c4e7f1d45ffbe90a9dc8e3518d6f4b814f2252de16ffd84c17
07 Files for the engineer/Project files/out/handover/LANE-OWNERSHIP.json,793,c5eb89e49dd27c10d414ccd5b613c06cf1d4ac71a690163fada6e3e746bc62ca
07 Files for the engineer/Project files/out/handover/RECREATION-2026-09-08-CODEX.md,3782,b9533e43127e7a3fc8909ed30b5c1ffc7d59ca86620adb70fcbf0c0f767acbdb
07 Files for the engineer/Project files/out/handover/elec-verify-wf_969f3a4c.json,84168,4e7bfa084583b6f2e2720f529d85a3c1119d19aad80d7402ac80e6b9f120c3f1
07 Files for the engineer/Project files/out/handover/wf2-lanes-result.json,87500,ca06e377d10e1aa75c26c0131d74baee673c3bf6d746ce77a297873cfa7d1a5e
07 Files for the engineer/Project files/out/head/front_fit.json,242856,3bb4f4f2b3f925319f7b49b142540027b57fdb2870ad827d601258e04d62ae03
07 Files for the engineer/Project files/out/head/front_view.json,20997,2e58db62863301e1bb96cf54038de9bd16c2e9dd2e030c58edd4468da57e599b
07 Files for the engineer/Project files/out/head/head.json,113834,1e75b9e51bd04c52673ffa7b410ea191da6011f4237266ef36ecc23c449021e5
07 Files for the engineer/Project files/out/head/head_fit.json,49751,b0bbe5c24c15868e0eb6416085e77d7a6ff38d437ff8256e1aa69dc1b7a53191
07 Files for the engineer/Project files/out/head/head_fit_D2000.json,21115,f0ae50b8f754223e23bb40c4146688a361af6ffe279fca5cb2c7d90c12753de3
07 Files for the engineer/Project files/out/head/head_fit_D600.json,21114,e14a2265a4c9fdf5d58e5107fad692396097a3fea7df87998fcacc656db4adcc
07 Files for the engineer/Project files/out/head/head_fit_cream-profile-left.json,15856,d095c3a67d620ef13f8ca708e93a4e51eef6287634ac9c7fb26ffb62937f1f89
07 Files for the engineer/Project files/out/head/head_fit_graphite-profile-right.json,17842,d77271a3e5369ff9313fd7df96b889c77237e872f4f308231dd3720cf9cfc8be
07 Files for the engineer/Project files/out/head/head_fit_graphite-profile-right_D2000.json,17280,30a640802f7790826cf274bccf3efa82e6e9fcc01bf93bd71086b7f71ac5ab58
07 Files for the engineer/Project files/out/head/head_fit_graphite-profile-right_D600.json,17275,60372e3738f1e47f750b9718c9bf9f87356c401928926c59c32af0edfcebe7c8
07 Files for the engineer/Project files/out/head/head_width_verdict.json,13444,9bf2f4565248cdaca09f28a4b5dcf8a4e6f0d9de9b7f714cc8fdcc412ec79fba
07 Files for the engineer/Project files/out/head/outline_arc.json,81101,3d8cb8742a953f4dca4e49e965ec007c14dc83a8e79f3c98f123297007216c01
07 Files for the engineer/Project files/out/head/profile_frame.json,10994,fa265e0f42bbd9215f2b50acf2f56101b9a8eef5286a0dad892064b5d831cd61
07 Files for the engineer/Project files/out/head/superseded/head_fit_cream-profile-left_D2000.json,15655,51e90ee24f7836e1c17d3a2b81f7f83d1df49a523477cc3cbe34f6e6e635dbdc
07 Files for the engineer/Project files/out/head/superseded/head_fit_cream-profile-left_D600.json,15653,bc9dee8616e1fc8407abbc77be5ebb8a7b05f70c52c28a074083670b248589ab
07 Files for the engineer/Project files/out/head/superseded/head_fit_run2_unseeded_graphite.json,49452,4baec1a321f563719b8feb92a9e440da3cb7cd505d13bd63e0bd94e694008413
07 Files for the engineer/Project files/out/head/width_attribution.json,18096,cdeaccc0a0e8e243d46a8ebe30faa3f8834afd0fdb3eb482fddaf62d20fffbf1
07 Files for the engineer/Project files/out/head/width_tight.json,19146,3cb39059e019dcdbe946a5540ee92611e08b97574a0174f84e3f0095296a35e8
07 Files for the engineer/Project files/out/hip-bracket/sec_x.txt,28390,b0728a122d13a28f3b488fb6c6cd90de104d4c0f8ad6c4c5ed749bbe57b4480b
07 Files for the engineer/Project files/out/hip-bracket/sec_y.txt,24413,24b26ea3f2cbf5afd033fab3ebea393623a37c20f7779537878efc3d7c900c3a
07 Files for the engineer/Project files/out/hip-bracket/sec_z.txt,36003,eab345f6d83d230efab6ba1f954fb64df86ece28a88b113a0848b66573656c6c
07 Files for the engineer/Project files/out/hip-bracket/sections.py,2680,61103adf50f5fb471fdfca52ff78febfbfa5fee4c8af560cd508fef3c4e1856a
07 Files for the engineer/Project files/out/internals/electronics-census.json,14951,c10a1a9e20c7e2e6c800029095813ceefbb6cd513a7f236df545b7bc0ed3410d
07 Files for the engineer/Project files/out/internals/hat-fit.json,7588,ff7d59dc58c97c67ab2373386c7c6ffccef97a0af924a109172794cec3c8795d
07 Files for the engineer/Project files/out/internals/hat-in-head-front.png,107240,46be73dc7718c419a0fc3d936bdd802661cb8bb1911bbb6106dd87d61161859a
07 Files for the engineer/Project files/out/internals/hat-in-head-iso.png,230603,00840dad0f3975aef5f2fdf93030a22f1328a4749e61cd75e58cea82955f4cdc
07 Files for the engineer/Project files/out/internals/other-boards.json,4821,502d1ed732d536c95622e5c6b3db82ab24ffe8bb47e319d9d23e69b2d66db249
07 Files for the engineer/Project files/out/jigs/jigs.json,22585,4f6f251b44f9ab63381479693773164b78254fc0564e7951f397eedcf7059a55
07 Files for the engineer/Project files/out/jigs/microduck-jig-horn-zero/microduck-jig-horn-zero.dxf,35038,37edf7181954273f2c505a7e05827e5b32bcafd1bf11cd1820aff3fd9aa0f57d
07 Files for the engineer/Project files/out/jigs/microduck-jig-horn-zero/microduck-jig-horn-zero.pdf,17746,d2f61d7d385bf806fe1b99c2d35d42a90f9c0e8ace63a8cd411cfdd5948ac9d4
07 Files for the engineer/Project files/out/jigs/microduck-jig-horn-zero/microduck-jig-horn-zero.stl,73684,e76476d79cbf44882052b1ead78675e9aad761b78ebe90c1d410bdc7dcdf0899
07 Files for the engineer/Project files/out/jigs/microduck-jig-horn-zero/microduck-jig-horn-zero.svg,33544,aee2765324781671db18317fd52b2f21f28fc8762100719357a67466f6f7c578
07 Files for the engineer/Project files/out/jigs/microduck-jig-press-15-inner/microduck-jig-press-15-inner.dxf,39929,6fb6c9f5871ca339705437441d076109d88110d2949ab07ec7c05191a04cb111
07 Files for the engineer/Project files/out/jigs/microduck-jig-press-15-inner/microduck-jig-press-15-inner.pdf,19840,23015d93d291db587131b6264afbce25bd9d8866b0a30ce2606b75f32a42075f
07 Files for the engineer/Project files/out/jigs/microduck-jig-press-15-inner/microduck-jig-press-15-inner.stl,75484,3b9a5c411b506c18c79eea3aa8f110d9508a726ef9217a87ae19c53d6d9fa09a
07 Files for the engineer/Project files/out/jigs/microduck-jig-press-15-inner/microduck-jig-press-15-inner.svg,37285,547c7a241e8a70f00d367a8cdcc2339b89183dddf02b857ccc05a267a309ee47
07 Files for the engineer/Project files/out/jigs/microduck-jig-press-15-outer/microduck-jig-press-15-outer.dxf,43114,51909672168e38614624547a9eb4284c5833dd089789ce2bd0882f59f650290b
07 Files for the engineer/Project files/out/jigs/microduck-jig-press-15-outer/microduck-jig-press-15-outer.pdf,21297,f61f340441990c707125d8d51e7eba2953ce8165e3fb797300ab4cd4d91d6821
07 Files for the engineer/Project files/out/jigs/microduck-jig-press-15-outer/microduck-jig-press-15-outer.stl,100484,b935ecf3ac1687a97de173103eae6974e27fd8d790132837c16010793eb603c8
07 Files for the engineer/Project files/out/jigs/microduck-jig-press-15-outer/microduck-jig-press-15-outer.svg,39726,261a91ed1df0d97bbf12f5d95b2c82431d1cdd55affc5b47b95d694415b7dacd
07 Files for the engineer/Project files/out/jigs/microduck-jig-press-22-inner/microduck-jig-press-22-inner.dxf,41225,d7c618d903c4f9ec376c1ab6b2d679f270da745909d9b021b488ad1422bbfe32
07 Files for the engineer/Project files/out/jigs/microduck-jig-press-22-inner/microduck-jig-press-22-inner.pdf,20324,e62c2c376a035e444075abdb87cfb9b92e863640d4836655d20191378ea7de93
07 Files for the engineer/Project files/out/jigs/microduck-jig-press-22-inner/microduck-jig-press-22-inner.stl,75484,6832d2febed2e1576c387b6cd9c564b2383340576c0d58d936c865ddc8b18d4c
07 Files for the engineer/Project files/out/jigs/microduck-jig-press-22-inner/microduck-jig-press-22-inner.svg,38214,d5842af31a52cdccd2ee9bfa7738983c72c32a7af7aec861ed5b7f1851557abc
07 Files for the engineer/Project files/out/jigs/microduck-jig-press-22-outer/microduck-jig-press-22-outer.dxf,44331,e1747a2dd885f19a1589d1954d33cd5e026cef5d2cf50ccfb67283095ee9df42
07 Files for the engineer/Project files/out/jigs/microduck-jig-press-22-outer/microduck-jig-press-22-outer.pdf,21347,1e4782a05b5f3934736b3ec09714f5cda209c3aa90f75a0340381f5efebe095e
07 Files for the engineer/Project files/out/jigs/microduck-jig-press-22-outer/microduck-jig-press-22-outer.stl,100484,a81b3ff04f4af23e892de886f9e4dee2a5ab7680e7f78ef3aaa180879f27bf38
07 Files for the engineer/Project files/out/jigs/microduck-jig-press-22-outer/microduck-jig-press-22-outer.svg,40605,d09874779c3de8bd427430b6d0c007b6481c779c4d3af1d17e57b3753e079550
07 Files for the engineer/Project files/out/jigs/microduck-jig-press-anvil/microduck-jig-press-anvil.dxf,38373,61dcd519a2cca19fdcc9a59f39ae6df57d5f905302648717d51a30bb6e329c97
07 Files for the engineer/Project files/out/jigs/microduck-jig-press-anvil/microduck-jig-press-anvil.pdf,19269,659db5c06a87408196d8451fc79d11e169684cfffd43175fb1352601fdf155a8
07 Files for the engineer/Project files/out/jigs/microduck-jig-press-anvil/microduck-jig-press-anvil.stl,54484,5b5555bd2df132ea931200f24b012c3390c601d930b125906295294a929ccc12
07 Files for the engineer/Project files/out/jigs/microduck-jig-press-anvil/microduck-jig-press-anvil.svg,36910,ebff37689b2adf9ebecd9508e55fc1ec30229235244a3492068a8621687408ae
07 Files for the engineer/Project files/out/laneT/ankle-revision.json,8111,dfa70e5ac87d90a661a4fe338d1a4f85f56bc21fe74e17c52136d1ddd5e96321
07 Files for the engineer/Project files/out/laneT/bearing-od-vertex-remeasure.json,1826,69a5dda96a92865e9b470fa453531c98b32ef4a5882a870e7d957810acb3de49
07 Files for the engineer/Project files/out/laneT/bore-vertex-remeasure.json,5982,d132c1b6d757fab01eae18dc221e65cb71720605c525d5e5e605274af34ac9a3
07 Files for the engineer/Project files/out/laneT/features/ankle_l_v1.json,6839,41d01e48785a8cab92a710cb4b5df1560873b7d2754641ec22084f79ff7418e7
07 Files for the engineer/Project files/out/laneT/features/ankle_left.json,6837,edde5bef7c36ad7e5a91b1fc7f26ba02c54cdde315863bc6fe1e74c819f7daf5
07 Files for the engineer/Project files/out/laneT/features/ankle_r_v1.json,6874,b1dba5db312da7b2c31a7d89af8ace15be15610020ad738f5095acdbe55b62b9
07 Files for the engineer/Project files/out/laneT/features/ankle_right.json,6876,d30dd6ab3e99f7453a9799b0c1aab0b144a7f39ac5ebfd6fa36c91c90fd74410
07 Files for the engineer/Project files/out/laneT/features/banana_pcb_locker.json,2213,10439efe41b8361baa498391734cef3998be0d2c519b985645ec9cb8c15b7373
07 Files for the engineer/Project files/out/laneT/features/bearing_roll.json,3576,d940881783c14939b96f0ee2a64ac227259aea783193f04f63ba78c8f2077e03
07 Files for the engineer/Project files/out/laneT/features/bottom_head_shell.json,11245,727fa86c1c1e2f2545756caf0ec1b87075ce9e011dfc6b79b72e6a90cf992652
07 Files for the engineer/Project files/out/laneT/features/elec_rpi_robot_hat_pcb.json,18657,c16c67f9b3242fd53a9206004ab2a5a721952b75bd68d950f1cd58bce8dacb54
07 Files for the engineer/Project files/out/laneT/features/face_part.json,10360,9e8cf7210bb8f55d413b2c572307798f800221662e4d99b675f39c15b8cb8046
07 Files for the engineer/Project files/out/laneT/features/foot_left.json,3106,8e708061626dd5462b23ce09a14ae936c489c3ce72fa38d2b73fdfa1e86457ff
07 Files for the engineer/Project files/out/laneT/features/foot_right.json,2886,8273a9fff24daaa5c1d5742e26ac0b19298fd543a977ac0140b1c285dbac7ae3
07 Files for the engineer/Project files/out/laneT/features/hip_l.json,11321,a68bf59e12c6006aa88369654435cefbd379891348f116b5ade7258befc458ef
07 Files for the engineer/Project files/out/laneT/features/jaw.json,5495,5dcffcf5672980ed077e85132659840b10e4150c2339e3652ffa73de75cf54da
07 Files for the engineer/Project files/out/laneT/features/jaw_soft.json,1406,c24f9789319e7572b9ae295cea8b44912871c67359aaf0f2ef6c4f79b1ee89b4
07 Files for the engineer/Project files/out/laneT/features/left_shell.json,9593,7576a26ebf0ee05741e72ae2308fa3d93c89762ff2d21ec4a428858ecfe69291
07 Files for the engineer/Project files/out/laneT/features/left_upper_leg.json,3394,0ea5a40773a9528f1c5a69110c5ee790905bfa0ebf3a58eea7b4e420637bdbb0
07 Files for the engineer/Project files/out/laneT/features/leg.json,10099,b8bbb9f1b77c5563445c47f52076def6cc7a90c4d4f3c853ceaee27f4e0ac2fa
07 Files for the engineer/Project files/out/laneT/features/lens.json,2900,bbb136d7b3fecf6fac6780fa77f0de1897d42a45148f3c3935841400585af015
07 Files for the engineer/Project files/out/laneT/features/m12_lens_holder.json,3178,4aa7589a3fb9909e307fe68cc8aa7129fb0ac2e9487f28c6eb3fbed65fdd705f
07 Files for the engineer/Project files/out/laneT/features/motor_support.json,5839,80842496c05316dbb7e7488e0e215436c23c97c15750be865dc8f170731c4f1f
07 Files for the engineer/Project files/out/laneT/features/neck.json,3511,7b871f4604e380086c2f4946e1a984ce9c82f6065fe93231decf4938c3557da4
07 Files for the engineer/Project files/out/laneT/features/neck_pitch.json,9378,3828d286aecf6a02f368f46b07cd6c30f89b5ba040e113f19522c68d0e3934ef
07 Files for the engineer/Project files/out/laneT/features/noenoeil.json,2402,bb4dc6a0ddbd26007120aa30f276490f91acc43f8d5032e1fbcc3fd1e4804df3
07 Files for the engineer/Project files/out/laneT/features/np_f970.json,6173,1642fcc90d842a2eddd2df7919499f8916d01bd382a7ab927b434ec0894af1fe
07 Files for the engineer/Project files/out/laneT/features/pcb__raspberry_pi_zero_2_w.json,14031,710a45478bf2e809faa6d424f21de8eaf4b9df68907df8a732049e00645b1dc8
07 Files for the engineer/Project files/out/laneT/features/power_support.json,7231,a625e9314ef8d758b8286dd95fe87c45bf5f75661cde258682d3eb344e6189a9
07 Files for the engineer/Project files/out/laneT/features/right_shell.json,10565,4cad809f84dd3a206a0692ee1cfc56aa1db2b30f6828f752f6a3c810e17325c4
07 Files for the engineer/Project files/out/laneT/features/right_upper_leg.json,3417,c142755bc8ba56685b99754999a4ba35bd62694abe6c2abb7bfe43970c009cfd
07 Files for the engineer/Project files/out/laneT/features/rim.json,4128,0394e2c1fa6ec57b426e44b397c86a45a1c5f8ed093c5cddc59c2f2e0eef82d6
07 Files for the engineer/Project files/out/laneT/features/roller_blade.json,8718,869112425cbbfd7aefd919dd6f6f3cd6f082f671867f6b5d5b035840f192e7e5
07 Files for the engineer/Project files/out/laneT/features/seeed_bearing__configuration__22x16x4.json,21386,8bb46695e99932469f95b21991b18d660b8533d5f3dae2bf3507c48731ef3041
07 Files for the engineer/Project files/out/laneT/features/seeed_bearing__configuration_default.json,18616,3342c91fd40f888d859f3bd2339df4275e663f0d77c062bffc8a92d298f5c0d4
07 Files for the engineer/Project files/out/laneT/features/soft_mouth_top.json,1432,49a95d46081e952205fad290e423ca64cf566d1c5d2e24894c86c80802a245ca
07 Files for the engineer/Project files/out/laneT/features/sole_left.json,1410,d710a376a3656e95f627d63d63b10d2432c0c3b074cdce24c9f5e45ab8434d32
07 Files for the engineer/Project files/out/laneT/features/sole_right.json,1413,546560c5f6440a7f52eb97c82fdc21532d8f74d490e9a5029a2a5b819addab51
07 Files for the engineer/Project files/out/laneT/features/speaker.json,1375,32c0b543af5344779912cf68d81df29cdc4583d62c2e8b799247d06c33018e76
07 Files for the engineer/Project files/out/laneT/features/tire.json,2835,3e3bd9a76fdc03fd41794c3cf4e26eb29bd7b10f33b5bbe593f1fdad50620636
07 Files for the engineer/Project files/out/laneT/features/top_head_shell.json,3475,253697eb607d6d0247d4c12427d415ba06b26a56760547325cf05ace36e5dc9a
07 Files for the engineer/Project files/out/laneT/features/trunk_base.json,3440,eba6dfaa4a39e572900d321464234ebd61394c4972803a9972f60e0059e8b9a2
07 Files for the engineer/Project files/out/laneT/features/trunk_shell_left.json,7219,074ea10b94b7f584c3ca92dc05022e38df6970e050ce206db2d1f6e2d6cb9446
07 Files for the engineer/Project files/out/laneT/features/trunk_shell_right.json,4350,9f57c458e9f495c893eff3a475da7de94eaf38f28bc9f3f935848a6d950bc1fd
07 Files for the engineer/Project files/out/laneT/features/upper_leg_left.json,3774,121ebe4ce9bc5b9a299660c22d02fa26dbdfad4680d879bcbc11604b0940c99c
07 Files for the engineer/Project files/out/laneT/features/upper_leg_right.json,3798,040d1d02072982c6b00b57c4589aea148c4571e374a661a70cee8831f0924ea2
07 Files for the engineer/Project files/out/laneT/features/upper_leg_rigidity_plate.json,3893,f92e6fc3cb1b6175cb9687adb0ea2354910aacd549b16bc042066f10f5c8bc8a
07 Files for the engineer/Project files/out/laneT/features/xl330.json,10946,4850cabaa4c164abf0b635ff37b4deac50c96017c055fb9314f4bd763175c630
07 Files for the engineer/Project files/out/laneT/features/yaw2roll.json,9136,de24659284506ae31d479580a738d04726d16887d8eb9a44e336c460e63d7434
07 Files for the engineer/Project files/out/laneT/features/yaw_roll_motion.json,7793,7dee4488d9304b2d3bb1556f5844890289d8ead808b06d2100df269b006750ce
07 Files for the engineer/Project files/out/laneT/probe_stations.py,859,d370a213f56495722b5581066d83d5c84497da020ee7e040b64b1eb75daa7811
07 Files for the engineer/Project files/out/laneT/relief-remeasure.json,2011,6b6c9c8ed4bc9ab6eda9b30025a425292a968af4dd7e6527837aa16be4d9abef
07 Files for the engineer/Project files/out/laneT/remeasure_bearing_od.py,2403,455f28d3fda6c689db894fd9702c54270032aabf92bdfcc591cbc6f60ff8c723
07 Files for the engineer/Project files/out/laneT/remeasure_bore_vertices.py,5865,3f312b0f5e1b88639a5abe8b0cafe56070284dcd12f4319dd8c6f9c24c9ce255
07 Files for the engineer/Project files/out/laneT/remeasure_relief.py,4348,49501a3d34e970c892b6c580a634d4d8491abe932469d46466b8e362e2085f2e
07 Files for the engineer/Project files/out/laneT/shelf-before.json,43225,7145f4f0f14b69822767537dc48f6a46296af91133d0d5c79901a02157c6566a
07 Files for the engineer/Project files/out/laneT/shelf-status.json,147304,5608e242a77363958fbe404bb3075c138ffa96995f2e0ba7d4fc9f7807a869df
07 Files for the engineer/Project files/out/measure/ankle/ankle_r_v1_mirrored_x.stl,235784,4b13312d02f1f22ce7a578ff2ef0552003e6a94c679ad964b5514e36e6e854b6
07 Files for the engineer/Project files/out/measure/ankle/ankle_right_mirrored_x.stl,248884,ebb27d318865a37f8ab966fd1db5393b1093142b9b3801a367ad104237996aff
07 Files for the engineer/Project files/out/measure/ankle/contours2_ankle_left.txt,31100,5f7be85a59688bbde235f0489bc4fa78aa1788593e7b9af1fdfdbc5afc5aabb6
07 Files for the engineer/Project files/out/measure/ankle/contours_ankle_left.txt,30453,715f5f9f113a326c8178e7adadb877bb149902ae83cde1b6d47343fe0ada4c27
07 Files for the engineer/Project files/out/measure/ankle/fits_ankle_left.txt,991,cafd552fbba451a528970972f04b12f0bfa0872c97f8fee58cf5bd3ca79d8940
07 Files for the engineer/Project files/out/measure/ankle/mirror-test.json,1914,f70bba6b18d368573916d3923f191775b65af9abb28197de9382fa4045dc0717
07 Files for the engineer/Project files/out/measure/ankle/sections_ankle_left.txt,7701,098f1abca1672a475e8de44ab94bf9fb1abfe534cc9bff69de2d56edc25b3f87
07 Files for the engineer/Project files/out/measure/battery-bay.json,2240,9466808e6ba027a358741d5cdab0c84b2ba9544200c7002cca5e0522bb910d8d
07 Files for the engineer/Project files/out/measure/bhs_features.txt,3068,ccac661b06f2f3b465d565dbefa0511846af85d03c0f029b9b5e9c696c4268a5
07 Files for the engineer/Project files/out/measure/board-mount-interchange.json,19013,59c49db42436ebcc1051544b4f987146d6ebf22fc7b035db168437428e0c3213
07 Files for the engineer/Project files/out/measure/face-group-features.txt,6830,d4528ed24ea4b805cf49fd4c0078b609ec7fad1ecb17f2b565896c70594a4c55
07 Files for the engineer/Project files/out/measure/foot/fit_floor.py,2797,078fef4003c372d936436bdf6eba65927c4804d9d025fd7683b0cf742b5779b0
07 Files for the engineer/Project files/out/measure/foot/floor_table.json,7910,883c60d22d4ab14a7c2ebaf3d690b443ae2c00cd04de726c704e3094d670fe17
07 Files for the engineer/Project files/out/measure/foot/floor_table.py,1873,dbbc920003a95be70760f3b1a9529d9814968970d146a9dcfdbd1e570fb3f967
07 Files for the engineer/Project files/out/measure/foot/floor_table.txt,7964,b14075d11c67c06a6ca5ce7fc5c3f8266053522b703e15424390c8b5dd71b707
07 Files for the engineer/Project files/out/measure/foot/measure1.py,2176,e2d83d65423e58717fd0e767adcb8645f6b04e38ae17f7d012ad01bd16165f90
07 Files for the engineer/Project files/out/measure/foot/measure2.py,2237,743da5183dbcbb6742913e8c659f1713e6de154c08422e0338c43bba0a00ec59
07 Files for the engineer/Project files/out/measure/foot/probe_foot.py,3608,201abea84fb55b55bb808a1ca6f08a65f6033d8aebcd7914faed8ec70822e5dd
07 Files for the engineer/Project files/out/measure/foot/probe_foot.txt,6585,7505750e57d0fef5e4bd40300247636d3832959ce4b30c3b4a6980ec49d53f15
07 Files for the engineer/Project files/out/measure/foot/probe_foot2.py,3317,a3734ab033ac43689a9db53b1558dca3963aaecbd06e2d6bf76be24b5f5ea6c2
07 Files for the engineer/Project files/out/measure/foot/probe_foot2.txt,12456,64ec4afeae64fc66c2e3bdd0489a012a6090ddcefbd469d878bc609d0d38997c
07 Files for the engineer/Project files/out/measure/foot/probe_sole.py,2264,3f82c3f08c89cb6e40f82eeee5351906f022950e007f93fdc0c94150bca20951
07 Files for the engineer/Project files/out/measure/foot/probe_sole.txt,6518,5a264acea588ede28f5dfa25d773521a557d166fb15572b1662acd8176c37a20
07 Files for the engineer/Project files/out/measure/foot/probe_sole2.py,2854,99f2205c4286d13847a41649fb242d1e0f661995c44d0a0cbcae4b07c627ce8e
07 Files for the engineer/Project files/out/measure/foot/probe_sole2.txt,7082,75fe5ecec11156aef38585bbd9ff41eeb367ac0b91846e3cc1bb460b4731952d
07 Files for the engineer/Project files/out/measure/foot/render1.py,1239,125baf9438568ccde6307d29aa2e47ee63f6b0324899cef6eafae324c23ce36e
07 Files for the engineer/Project files/out/measure/left_shell_features.json,12942,c8fca1582e576f08545c7a05e9bbbfcd8d3d5a63fcf61eca273b967c3e1c160e
07 Files for the engineer/Project files/out/measure/neckgrp/features.txt,9215,96d2da2ed260587a2ffccb73ca79d233650eb445422a1752fa3ceae9722c278c
07 Files for the engineer/Project files/out/measure/ours_left_probe.stl,13589834,f5631b6043f002560d442ffda9548166e18a708e7aa4dde9d625f9cb9db9ec8c
07 Files for the engineer/Project files/out/measure/radxa-build-nominal-holes.json,1523,d156cfcd5b01450bf53e63d9ff6d036a8595a75ec2feee8e17a24515500eec8a
07 Files for the engineer/Project files/out/measure/radxa-build-radxa-holes.json,845,d482643c97c8277e7ef8acd932dc47d71fa8867e5746c724c121439354ca5678
07 Files for the engineer/Project files/out/measure/radxa-zero-3w-mechanical.json,2687,113efb03982da3ff6e71c8ea18745de80cc00b9b9fec85b460fa7030af8a5580
07 Files for the engineer/Project files/out/measure/right_shell_features.json,14182,a9eaf3f44d6b07237c6806fcb2e84760e9d7dc1fa067912f3cbf37b03fb4f5ca
07 Files for the engineer/Project files/out/motion/WALK.html,17615,5b733a21ea276df5fd48f809068ab8972ff65792d3fd086f95a522f63419442c
07 Files for the engineer/Project files/out/motion/_studio_nofloor_scene.xml,31059,153271e274b51a9899c7498109c63f650d84c0a35fac9ed76aa33b10d63caee5
07 Files for the engineer/Project files/out/motion/_studio_walk_scene.xml,31531,37d8eed6efc15995ae3d2f3f08f6a218e600f12102af86fbaae4602491ff647d
07 Files for the engineer/Project files/out/motion/head.json,14426,f9879708e8ce8d3b72fdb21546f44b932156b75252f37d8179034cb58e7fb6e2
07 Files for the engineer/Project files/out/motion/head_real_video.json,21616,74e886458d264e6fd51e8cbdaa02a7003224e1576ec6ed32c60775c019c7ce66
07 Files for the engineer/Project files/out/motion/head_traj.npz,784556,d0760755c355bb9690e96f1d2abbfe232a2272f8f01e0835e51a3edc9d45b822
07 Files for the engineer/Project files/out/motion/legs.json,48492,b72c3e7c14af8b57479431a258e202a13b2e4d81be52732d84f8cf953503dbbf
07 Files for the engineer/Project files/out/motion/legs_compare.json,339,7c528ac33a983595fde1104d41889e96adf5062a1c0e63e12af42bbebbe639d6
07 Files for the engineer/Project files/out/motion/legs_videos.json,14057,1bbfde58316bb10375fb280ff99356104a82cc9dfe1766178f8c29212ed3cd3e
07 Files for the engineer/Project files/out/motion/scene_cmp.xml,31946,b815674e7400e501397c4da261fb0a881b2ab35180839652a52dbdd1ab7de820
07 Files for the engineer/Project files/out/motion/scene_dyn.xml,31946,b815674e7400e501397c4da261fb0a881b2ab35180839652a52dbdd1ab7de820
07 Files for the engineer/Project files/out/motion/scene_floor.xml,32043,9c7141ae71763474b489df4d307ceeec5df324b32319b7bd0cce826ba7597b0b
07 Files for the engineer/Project files/out/motion/scene_framing.xml,31946,b815674e7400e501397c4da261fb0a881b2ab35180839652a52dbdd1ab7de820
07 Files for the engineer/Project files/out/motion/scene_head.xml,30884,6f8751c9d2232fbd1ada48a73de79c352901b3d69c81c2f077550ab06066deeb
07 Files for the engineer/Project files/out/motion/scene_head_probe.xml,31785,2a26b4b423596245637e7f40936a5a9f918eff222c6a94b5a7944f14b396bb43
07 Files for the engineer/Project files/out/motion/scene_head_studio.xml,31221,3790c81c126efc5036bc7fe822201f6c918eb65ceb33d468e59e6c98156fb1de
07 Files for the engineer/Project files/out/motion/scene_kin_combo.xml,31946,b815674e7400e501397c4da261fb0a881b2ab35180839652a52dbdd1ab7de820
07 Files for the engineer/Project files/out/motion/scene_kin_ours_shin_collision_mesh.xml,31958,60abb9fe8ef7a877db2251351ac802f262ad42cef20b53f8beb022f5aa2014af
07 Files for the engineer/Project files/out/motion/scene_kin_pollen_collision_meshes.xml,31946,b815674e7400e501397c4da261fb0a881b2ab35180839652a52dbdd1ab7de820
07 Files for the engineer/Project files/out/motion/scene_render_air.xml,31946,b815674e7400e501397c4da261fb0a881b2ab35180839652a52dbdd1ab7de820
07 Files for the engineer/Project files/out/motion/scene_render_floor.xml,32043,9c7141ae71763474b489df4d307ceeec5df324b32319b7bd0cce826ba7597b0b
07 Files for the engineer/Project files/out/motion/traj/dyn_left_ankle.npz,42087,e1043b6ba871488b44eef9791fdc142435bf8a093b249c7e71a3836158a387b0
07 Files for the engineer/Project files/out/motion/traj/dyn_left_hip_pitch.npz,43626,dc37096fe757d683ac1fc5a570174eca92816bc3d2c0d1cb4c5f406eb959aa02
07 Files for the engineer/Project files/out/motion/traj/dyn_left_hip_roll.npz,41510,f35392f0bb4f7f7507ba011fd068aee37c64b7706a4b8d41479e2550693b6dba
07 Files for the engineer/Project files/out/motion/traj/dyn_left_hip_yaw.npz,41129,b7a07f17c7d60348165d54e3bb99ff7164dd7a5d059dca904c17ade06e5a88f1
07 Files for the engineer/Project files/out/motion/traj/dyn_left_knee.npz,43015,ec16980c91c5b76a938d35b48b3a8a2222f98537ebd63e9f17b57bc838fc9adb
07 Files for the engineer/Project files/out/motion/traj/dyn_right_ankle.npz,42660,6f57945772bcb6c6c515cf08afeed0e45a4e941a550e45d181d58c7e25bcecf3
07 Files for the engineer/Project files/out/motion/traj/dyn_right_hip_pitch.npz,43402,9ef98ce16fde90192952e0bcb313689850c6ded940249e288b987b23335199d3
07 Files for the engineer/Project files/out/motion/traj/dyn_right_hip_roll.npz,41280,0e4ffd3c95195077e45b72a39558b742fac913cc08d77640f0f5077897bb8cc7
07 Files for the engineer/Project files/out/motion/traj/dyn_right_hip_yaw.npz,41180,5694e4c0b58cdc8c0a172e6a72576d187cb2cba4fc90a4f8add27add737dc599
07 Files for the engineer/Project files/out/motion/traj/dyn_right_knee.npz,42896,c15ed61a1dd7ac777972f8ad90d7e033620cbef4a59134ea122ab745b14a24ba
07 Files for the engineer/Project files/out/motion/traj/kin_ours_shin_collision_mesh_left_ankle.npz,10493,42a91a79fac068540666103b7431a3a7a62e95779d10dca97a1c6e5c57501119
07 Files for the engineer/Project files/out/motion/traj/kin_ours_shin_collision_mesh_left_hip_pitch.npz,10602,46448b192a6d73d4818bc762acf6d5d6097fb20409a0c84e082d6976b27d4385
07 Files for the engineer/Project files/out/motion/traj/kin_ours_shin_collision_mesh_left_hip_roll.npz,2733,6e6df85fa0807d84c40307a57e3738e77344db071f21f4378adf1177c7b1b8d4
07 Files for the engineer/Project files/out/motion/traj/kin_ours_shin_collision_mesh_left_hip_yaw.npz,3248,ddf564e244f751704f582ceac4daf2a956e9b379c3286458f48fec95e816fb9c
07 Files for the engineer/Project files/out/motion/traj/kin_ours_shin_collision_mesh_left_knee.npz,10582,db9fd6ffec5fc200fe0843c1c1bba3e7562b8f61a5918ba47c60f9214843acd7
07 Files for the engineer/Project files/out/motion/traj/kin_ours_shin_collision_mesh_right_ankle.npz,10487,e7971cf00d5454daba30da3e6cdfd6402db5604748c8e961461df22503d06a5a
07 Files for the engineer/Project files/out/motion/traj/kin_ours_shin_collision_mesh_right_hip_pitch.npz,10547,abf6b9b37552afccb51aa0121534af290824686bd07cbd1a41dd20c28ce68f12
07 Files for the engineer/Project files/out/motion/traj/kin_ours_shin_collision_mesh_right_hip_roll.npz,2733,6e6df85fa0807d84c40307a57e3738e77344db071f21f4378adf1177c7b1b8d4
07 Files for the engineer/Project files/out/motion/traj/kin_ours_shin_collision_mesh_right_hip_yaw.npz,3396,61ccf65d9264b56d7c53a78fef2be5ad547bd670ad9ac86e1531ab8aa5ea767b
07 Files for the engineer/Project files/out/motion/traj/kin_ours_shin_collision_mesh_right_knee.npz,10554,be67a8be0d396f5c2cc8d41f25e4f549b23b8c5ab146ee715ad98d5551303ed3
07 Files for the engineer/Project files/out/motion/traj/kin_pollen_collision_meshes_left_ankle.npz,10493,42a91a79fac068540666103b7431a3a7a62e95779d10dca97a1c6e5c57501119
07 Files for the engineer/Project files/out/motion/traj/kin_pollen_collision_meshes_left_hip_pitch.npz,10602,46448b192a6d73d4818bc762acf6d5d6097fb20409a0c84e082d6976b27d4385
07 Files for the engineer/Project files/out/motion/traj/kin_pollen_collision_meshes_left_hip_roll.npz,2733,6e6df85fa0807d84c40307a57e3738e77344db071f21f4378adf1177c7b1b8d4
07 Files for the engineer/Project files/out/motion/traj/kin_pollen_collision_meshes_left_hip_yaw.npz,3248,ddf564e244f751704f582ceac4daf2a956e9b379c3286458f48fec95e816fb9c
07 Files for the engineer/Project files/out/motion/traj/kin_pollen_collision_meshes_left_knee.npz,10582,db9fd6ffec5fc200fe0843c1c1bba3e7562b8f61a5918ba47c60f9214843acd7
07 Files for the engineer/Project files/out/motion/traj/kin_pollen_collision_meshes_right_ankle.npz,10487,e7971cf00d5454daba30da3e6cdfd6402db5604748c8e961461df22503d06a5a
07 Files for the engineer/Project files/out/motion/traj/kin_pollen_collision_meshes_right_hip_pitch.npz,10547,abf6b9b37552afccb51aa0121534af290824686bd07cbd1a41dd20c28ce68f12
07 Files for the engineer/Project files/out/motion/traj/kin_pollen_collision_meshes_right_hip_roll.npz,2733,6e6df85fa0807d84c40307a57e3738e77344db071f21f4378adf1177c7b1b8d4
07 Files for the engineer/Project files/out/motion/traj/kin_pollen_collision_meshes_right_hip_yaw.npz,3396,61ccf65d9264b56d7c53a78fef2be5ad547bd670ad9ac86e1531ab8aa5ea767b
07 Files for the engineer/Project files/out/motion/traj/kin_pollen_collision_meshes_right_knee.npz,10554,be67a8be0d396f5c2cc8d41f25e4f549b23b8c5ab146ee715ad98d5551303ed3
07 Files for the engineer/Project files/out/motion/traj/leglift.npz,53211,fa445f4443f8b2dcc93a70929634e472d1a334245bb4bf4ea8a4eae13d34361b
07 Files for the engineer/Project files/out/motion/traj/mirror_left_hip_pitch_same.npz,59310,176de370d6707dcc1510a0aa580c243866eb9d751f08cb1a58bcef38a2be8b16
07 Files for the engineer/Project files/out/motion/traj/mirror_left_hip_roll_opp.npz,12009,57fb443e894f9816ed24f4a5cd5a550d673cb11ef5197a267a4723cb4a549e3c
07 Files for the engineer/Project files/out/motion/traj/mirror_left_hip_roll_same.npz,15170,de0b7547457c035f32ab1020aad2f67a003ad20f40dcf0dd42ed516782188879
07 Files for the engineer/Project files/out/motion/traj/mirror_left_hip_yaw_opp.npz,14290,8af619515abc03e3678b3b88fb9ea62dd4416b1dff73e82a3b64deb54f8ad5af
07 Files for the engineer/Project files/out/motion/traj/mirror_left_knee_opp.npz,51422,3c54118e34c22e75e6bd80c9210f26cd2e03d99dec3c88534223abd21dd890ab
07 Files for the engineer/Project files/out/motion/traj/squat.npz,118220,b7aa05459740afbb5692c9a1b28c345d71b7fd7837954e3ba27f23ec586d6ba4
07 Files for the engineer/Project files/out/motion/walk.json,13778,d5f50ef1034615a946c5084d194174231b51f69c15d482456dbcf7c69a7613ab
07 Files for the engineer/Project files/out/motion/walk_vs_product.json,1213,75d315f38964c01487223d282413174a46cd471cdf2029380f23d208bf6cf925
07 Files for the engineer/Project files/out/mujoco/step.json,1307,dd5f06ddc7c2646c84c451c947853419d5f02874102a0400f47af458f77f8e80
07 Files for the engineer/Project files/out/open/cannot-determine-harvest.json,92913,a0641815a8cd176217b47d0bc72bd264c798ec51e3938977a2e85c1ad7b69822
07 Files for the engineer/Project files/out/open/cannot-determine.json,11272661,cd9194984f3494c93adc6a938e475561affd2e02cbaf7e5ebccff2ac3974eac8
07 Files for the engineer/Project files/out/open/geometry/face-socket.json,35418,db68ba6e792e6ae70e0f685b8ff795eb959cdc3251eedf8a1084ee6d1848818d
07 Files for the engineer/Project files/out/open/geometry-match.json,3923,e2b30aca7fc6442f7db642abe45df4f15affeef8d092947b5de156fbb1998b0b
07 Files for the engineer/Project files/out/open/identity-evidence/hat/ASE01187-C1_elec_RPI_Robot_HAT_BOM.csv,2317,329f78533e4d0cc7a066cc430cdc8605aa0ab78a279db33baf716f31bc38bbd9
07 Files for the engineer/Project files/out/open/identity-evidence/hat/ASE01187-C1_elec_RPI_Robot_HAT_POS.csv,4255,fd01d2b304dcbb460702040fd4624e1b8d5d3234741d0fef0c2b5beb6f504d45
07 Files for the engineer/Project files/out/open/identity-evidence/hat/ASE01187-C1_elec_RPI_Robot_HAT_SCH.pdftotext.txt,74271,82655d9ebaf061d42aa2e24242c18d78137a7d1eb5160ecee95fa208495f9ce2
07 Files for the engineer/Project files/out/open/identity-evidence/hat/README.md,843,a7565c1ff50151f584fddb97c495e60701bc928f11ecc377ef4735909aed3a17
07 Files for the engineer/Project files/out/open/identity-evidence/hat/SOURCE.txt,1253,24740a15761c3f384d47ce1ef702c1facd41fdac47e6cc96137bc15c3f239553
07 Files for the engineer/Project files/out/open/identity-sourcing.json,8873,abbb170e9c7d7fe0512144a77e2fda2deb62c48e12ee1909695ed359b19cf4e6
07 Files for the engineer/Project files/out/open/mass-budget.json,25026,91100f0dc4e0829eacfd7a2fbb991e6d1360aa4e9bcf03e84d2b14fe0841e0ca
07 Files for the engineer/Project files/out/open/materials-fea.json,996,3b6bddb853460ebf0b8a5cfb0c1851b77183526db99d332890982eaad98327db
07 Files for the engineer/Project files/out/open/power-battery.json,11738,3f265f97402c02cde38002149cb29765cd334436700d1046d8cf4a23348c7e98
07 Files for the engineer/Project files/out/open/power-evidence/lygte-info-icr18650-26j.html,5172,a95815da21371e32a717a05c1cfdde1d17f55ae2ab8196ca7eab8081a1c5c9bc
07 Files for the engineer/Project files/out/open/power-evidence/pololu_eff_digitised.json,1082,d2189e638335f5eed392e6410fc460a8be6e735f64c01df51ac74785fe122f7f
07 Files for the engineer/Project files/out/open/screw-volumes.json,2979,4eef79344154fc968b23a735b93fb0b3825310df3e0e1f5bc46b82a20600bafd
07 Files for the engineer/Project files/out/open/servo-electrical-evidence/pollen-elec_RPI_Robot_HAT/ASE01187-C1_elec_RPI_Robot_HAT_BOM.csv,2317,329f78533e4d0cc7a066cc430cdc8605aa0ab78a279db33baf716f31bc38bbd9
07 Files for the engineer/Project files/out/open/servo-electrical-evidence/pollen-elec_RPI_Robot_HAT/ASE01187-C1_elec_RPI_Robot_HAT_SCH.pdf,1527440,fde208048a7ff3baa46893715e78cca8123d211073e16bf10550a5b94a82d771
07 Files for the engineer/Project files/out/open/servo-electrical-evidence/pollen-elec_RPI_Robot_HAT/README.md,843,a7565c1ff50151f584fddb97c495e60701bc928f11ecc377ef4735909aed3a17
07 Files for the engineer/Project files/out/open/servo-electrical-evidence/pollen-elec_RPI_Robot_HAT/SOURCE.txt,830,16a0f82ba8cd884f0b89084def0c8ac8c38d18b00e65b5d307935d45ad0ea219
07 Files for the engineer/Project files/out/open/servo-joint-sides.json,8515,281da956764fc2339d2cbde17dedb5a1b7ce2b7d0bd1ab18b2f76bb61c47a76c
07 Files for the engineer/Project files/out/open/tolerance-evidence/123b-61700.html,751227,cbe77dd221092fa01c40f77def25bc8ae9de9ffff8294c5866778716ddb1536d
07 Files for the engineer/Project files/out/open/tolerance-evidence/123b-et2216.html,762629,a7f867215926fcf33761548c65f486ba13447173804836a989a014851b00682e
07 Files for the engineer/Project files/out/open/tolerance-evidence/nsk-tolerances.pdf,339534,2f604135d10be755a53b051a43524584907b50639c8bcf6cdb42d5c504b41759
07 Files for the engineer/Project files/out/open/tolerance-evidence/nsk.txt,16117,d5dc8c5b750e97741bb23843b445c895b87af5665aac69bf8ec4d5247a54439e
07 Files for the engineer/Project files/out/open/tolerance-evidence/ntn-tolerances.pdf,449682,513e2f846be67207a83b83c20edba923b52f8266dac2d0cda9a6800d06be02ec
07 Files for the engineer/Project files/out/open/tolerance-evidence/ntn.txt,150525,ab956f6e4072e23310c57fb6d94660f06ab57c94c3bedd8b6885e7d6f578e119
07 Files for the engineer/Project files/out/open/tolerance-evidence/roymech.html,42464,c325e1a13173e303e8300b4336fb59d2d0d0c6235f0269815e98e03c2e13df31
07 Files for the engineer/Project files/out/open/tolerance-evidence/store-ve.html,834185,c60df95515f88cd66ffff44b5988608997ab1f59e94f84d444313572e64f5c0a
07 Files for the engineer/Project files/out/open/tolerance-evidence/wiki-autocircle.html,49151,885204202964e8181207f2ad2203e92185af3797d9c043dc5597d3a0537f5b9d
07 Files for the engineer/Project files/out/open/tolerance-evidence/wiki-motion.html,55330,381b0b140959cdb3560365ef841aad77582e7256812eebc212a2aa7603577e39
07 Files for the engineer/Project files/out/open/tolerance-evidence/wiki-xyhole.html,60887,269d605e6e028634dd33b069ed06bd1626b65cafccfbd6e33e7fbf934609dca2
07 Files for the engineer/Project files/out/open/tolerance-fits.json,10522,f6ae7a1d60236127893cf1fe8c978f88e22571f62c53a7fa69f75ce2226c6536
07 Files for the engineer/Project files/out/open/tolerance-stations.json,64326,fa24b24209a7989a89a226f2f59323a2d7e7af625a614303508eba068e435ad3
07 Files for the engineer/Project files/out/open/triage.html,4367388,8583cbc6227b51cb0381d7d3bda73d324d77f7dbea727b5035ea6fa4afea041e
07 Files for the engineer/Project files/out/open/triage.json,5473448,408ec6fd75d2bef590cfe72425075071b895657accd7d9d9fc5f10c41e5c0d54
07 Files for the engineer/Project files/out/open/trunk-inertial-fit.json,4945,e7aff96d05bab0618fa19d4373cf61505f42f5c51369b32d53ddbea6aaa8d502
07 Files for the engineer/Project files/out/own/measure/eye-ring.json,20309,88b20a7ec08c19790a7b173a1c27ad267d645ab14043dd7583cc582c77726247
07 Files for the engineer/Project files/out/own/measure/head-shells-survey.json,38354,f4031f0cae6f09fd43f4cf623c9d8450a02f75fdac4ff27afb080d40e09cc149
07 Files for the engineer/Project files/out/own/stlcheck/eye-ring.json,377,352fd01d5d78285d070965b362b5fbad76f0c6177d3c84b1577784f3364572f6
07 Files for the engineer/Project files/out/pcb/hat/components.json,126624,7555ba7d3703ed7c8166ab49a006bf43e75d590106c86cc4c916edf07a936c55
07 Files for the engineer/Project files/out/pcb/hat/drills.json,6243,11684f79e3e153be62a7f80d249919b128044cbc9833cc4f40f38de5b631770a
07 Files for the engineer/Project files/out/pcb/hat/geometry/0r-r-0402-1005metric.step,32934,dd094a9a3b79dcf5287a920b6619062c59486e9d905b5965109519cc3821c63d
07 Files for the engineer/Project files/out/pcb/hat/geometry/1-3a-600r-100mhz-l-0402-1005metric.step,647800,862a3bb069de5051ec06b47a31d92c6c342158bb83392a4909ebcee4af593c48
07 Files for the engineer/Project files/out/pcb/hat/geometry/100n-50v-c-0402-1005metric.step,35432,9e79423397eb57c15ee810d3fff8dd7764e1a2fd52cd02ae5958e079f9a433d3
07 Files for the engineer/Project files/out/pcb/hat/geometry/100n-6v3-c-0402-1005metric.step,35284,e7ffd1f5a5634d1a8addc87b99652731362f50eb6bfcdc0628ac429c87918ab3
07 Files for the engineer/Project files/out/pcb/hat/geometry/100n-c-0402-1005metric.step,35572,aaeb8179fe1d5e7381feb5209114eca02ca1cd1b25f538e51adc11b85b72b25a
07 Files for the engineer/Project files/out/pcb/hat/geometry/100r-r-0402-1005metric.step,32936,5c1a993aa5a5ce9efbe8011e726b31478019b70a91ad19dfbdba449a1c03c2da
07 Files for the engineer/Project files/out/pcb/hat/geometry/100r-thermistor-r-0603-1608metric.step,32820,d006abd7834458d9700c597fb0b3a722baf60113c3e17d8b6a7324ba71b05754
07 Files for the engineer/Project files/out/pcb/hat/geometry/10k-r-0402-1005metric.step,32796,d57ee8f6140d1125dd889730ad6dce137e0173bf2a72e911c9f1feee8ea1cd22
07 Files for the engineer/Project files/out/pcb/hat/geometry/10n-c-0402-1005metric.step,35302,596a325a8bf005a224a22df293059808586a198aeae6c075f201c11abd5b8646
07 Files for the engineer/Project files/out/pcb/hat/geometry/10u-63v-cp-elec-6-3x7-7.step,70943,622e1bad1238c34f9ae23863f0eb14cd4514b27805f6b3aa469d88fc9f514bc8
07 Files for the engineer/Project files/out/pcb/hat/geometry/10u-c-0603-1608metric.step,33021,6ad306af031cee94ab7ea8038fcc1fdca1d5d9f201af146c180a0fff0e8fc436
07 Files for the engineer/Project files/out/pcb/hat/geometry/150r-r-0402-1005metric.step,32660,e8d66efed4c2d8644ec0bde9e96c13bb6b0f279877316856c1712d01a7b94287
07 Files for the engineer/Project files/out/pcb/hat/geometry/1u-c-0402-1005metric.step,35154,ce40c82a9e79c6f936543c2783e079097b13431b606956565ac648b784f484c6
07 Files for the engineer/Project files/out/pcb/hat/geometry/20k-r-0402-1005metric.step,32842,cfc5213538ac46c79f2564d2c6e89ad522158a7b67c42c5ad7b6929be8eedfc7
07 Files for the engineer/Project files/out/pcb/hat/geometry/220n-c-0402-1005metric.step,35304,9fd69bbb708ca979739902cd9dc66e630462845b3962d08e9e1895c3a154bdb5
07 Files for the engineer/Project files/out/pcb/hat/geometry/22u-6v3-c-0603-1608metric.step,35568,c601ec969dfa41f7bf74e029b6f17afb5f989b877e011e74e151ba962ce0add3
07 Files for the engineer/Project files/out/pcb/hat/geometry/2a-120r-100mhz-l-0402-1005metric.step,35324,f2fcc2652a0ce44c857295e48df11f090667fc2b50734dccf6e4383ca0fe5e69
07 Files for the engineer/Project files/out/pcb/hat/geometry/3v3-zener-diode-d-sod-123.step,81404,902a90009479c94a4742abb50ca4aee92da038e348caf9a81f518834ffc399a6
07 Files for the engineer/Project files/out/pcb/hat/geometry/5v1-d-sod-323.step,80379,f82dead4b248289582dc1d76672562e51aa50a791dad7c6c196e868e020d4498
07 Files for the engineer/Project files/out/pcb/hat/geometry/6-8u-2a-l-bourns-srn6045ta.step,85279,336da7af965f6a4c57b85d07ca61e8e312f3b1db8806cbff5715bc21ed0e126a
07 Files for the engineer/Project files/out/pcb/hat/geometry/74lvc1g08-sot-23-5.step,144341,ebadc736a588312fb76fb1bf0e7978c54c0f498cf2186673e19ebb5ac79c4a96
07 Files for the engineer/Project files/out/pcb/hat/geometry/ap63205-tsot-23-6.step,166710,39d9cde3e6e0246c43ec89168dd6ee6cc97a9c559ebc721e5155f658e418752d
07 Files for the engineer/Project files/out/pcb/hat/geometry/bat54w-sot-323-sc-70.step,101537,0c9fbaa294bf46ed9d4594d5ef33775c527427beae0c86eb7fa8493ab4180078
07 Files for the engineer/Project files/out/pcb/hat/geometry/bmi088-bosch-lga-16-4-5x3mm-p0-5mm-layoutborder7x1y-clockwisepinnumbering.step,105218,4e8160f95758de256c4a0de6072f2cf8997a12eb738004ac1d1980adaaf68182
07 Files for the engineer/Project files/out/pcb/hat/geometry/dynamixel-3-jst-eh-b3b-eh-a-1x03-p2-50mm-vertical.step,133292,e9e0b54425c06e8dc7c5563b1e902b1666327409ef24723a0fbfcdd60aa40a30
07 Files for the engineer/Project files/out/pcb/hat/geometry/dynamixel-4-jst-eh-b4b-eh-a-1x04-p2-50mm-vertical.step,159427,c2207595e95851f5b8872cdbdabc37356315fb5a9a5332e1476b2e36940de6a8
07 Files for the engineer/Project files/out/pcb/hat/geometry/female-header-2x20-smd-pinheader-2x20-p2-54mm-vertical-with-rasp-hat-zero-smd-connector.step,6245568,049d0246372f893d4a137584005085253fb746766300ef0d3f42ef66c46a2db2
07 Files for the engineer/Project files/out/pcb/hat/geometry/jst-sh-jst-sh-bm04b-srss-tb-1x04-1mp-p1-00mm-vertical.step,119219,520d4de025bed255a3f3d9ae27637c8b860d4d49b71bcbfa0a06f2504b16bf4b
07 Files for the engineer/Project files/out/pcb/hat/geometry/lm5050-1-tsot-23-6.step,167026,dbed74675066bdceb6f91dc9b91412a023cc07e983a334248d9f656712879c23
07 Files for the engineer/Project files/out/pcb/hat/geometry/microduck-robot-hat-pcb.step,113544,f345f64bb47dfc6c03f2f08e2074e06de3fd8333a3c89774c0ad1046add0c4a2
07 Files for the engineer/Project files/out/pcb/hat/geometry/microphone-mems-mic-smd-4p-l2-8-w1-9-p1-84-tl.step,471765,a0c0d90052e8040f2c7c4a54bd40b05fa30a6d19149ada8523bf993d675e6806
07 Files for the engineer/Project files/out/pcb/hat/geometry/mmbt3906-sot-23.step,96915,005e39d295969e0eb99a05f19f45128d4e6da06ee3cad97e389150b917b3a183
07 Files for the engineer/Project files/out/pcb/hat/geometry/pam8406d-soic-16-3-9x9-9mm-p1-27mm.step,380675,d6342f82e905c22ef8294206c1193d43d15abc4e5e015de1c69ca0eb332e9aad
07 Files for the engineer/Project files/out/pcb/hat/geometry/si2312cds-t1-ge3-tsot-23.step,102316,cf8b129cf6efa4e25d933e9ea1a165753be939a573abfc07b076443d8f4b25ea
07 Files for the engineer/Project files/out/pcb/hat/geometry/sit3088e-msop-8-1ep-3x3mm-p0-65mm-ep1-5x1-8mm.step,198196,493a02d8fe7c49618a298384a7e59dbfd6a04e8d97e2f14b9e855166f110d4a5
07 Files for the engineer/Project files/out/pcb/hat/geometry/sn74lvc1g125dbv-sot-23-5.step,144971,8068efcb105b7a56afa84805692c5b9562e0581f2b28ec0fddc19b68c8d7732f
07 Files for the engineer/Project files/out/pcb/hat/geometry/sn74lvc1g126dbvr-sot-23-5.step,144090,45f88007949c47c05038fd7985b678373068466d2bd803d98c17cd0bd4512752
07 Files for the engineer/Project files/out/pcb/hat/geometry/testpoint-testpoint-loop-d2-50mm-drill1-0mm-lowprofile.step,65911,bb2d57b224a4c3da79e2b4df8d21aa3f9ed578764e751cc7e5a6ac7322a543f4
07 Files for the engineer/Project files/out/pcb/hat/geometry/tlv320aic3104irhbr-vqfn-32-1ep-5x5mm-p0-5mm-ep3-5x3-5mm.step,287314,f8766a33c1d63e57c2294f7a3ab4582c4315e50b910817702febf53e7210f409
07 Files for the engineer/Project files/out/pcb/hat/geometry/wago-2-wago-2059-302-998-403.step,148494,43db06cabe86961d7949d85be5ec217246846d3caadf9f69e6ef2c5f8691c186
07 Files for the engineer/Project files/out/pcb/hat/geometry/xc6206p182mr-sot-23-3.step,96253,3438ca97475b429035f6386ded74f8f85b2c93f73947e2092b10954fa1d25aa7
07 Files for the engineer/Project files/out/pcb/hat/geometry-local/0r-r-0402-1005metric-bottom.step,33020,4442fbf107e8ab16785a48927255235460c0d1b7f7e4d866b1fb128a780ba3bf
07 Files for the engineer/Project files/out/pcb/hat/geometry-local/0r-r-0402-1005metric-top.step,32872,e44ed28ab018b1081edd1938fdba66cd8a22bc676371efaa6019df74f0daa882
07 Files for the engineer/Project files/out/pcb/hat/geometry-local/1-3a-600r-100mhz-l-0402-1005metric-bottom.step,35484,98272106a279b3c45eb1099fe5c5af1cdc41ab789c16149d279d574842f58999
07 Files for the engineer/Project files/out/pcb/hat/geometry-local/100n-50v-c-0402-1005metric-top.step,33670,91ff21a5b76e0426e92a4a3e8be62e4f9c523e38d70ff69e48758f488ae314e2
07 Files for the engineer/Project files/out/pcb/hat/geometry-local/100n-6v3-c-0402-1005metric-bottom.step,35490,f32a80e31542f7ed5e499b412fc86bd5b9fb878dce0e3457f19e056157f2608f
07 Files for the engineer/Project files/out/pcb/hat/geometry-local/100n-6v3-c-0402-1005metric-top.step,33670,097a9dd05b8d84993d96f7c1a35981d3bc10e77f0a61aa1b41b56f942d0442d8
07 Files for the engineer/Project files/out/pcb/hat/geometry-local/100n-c-0402-1005metric-bottom.step,35582,e076ffd2c07ceecd21488e66abef58cdb9fd4a985e14907aedc6cb3f822e2158
07 Files for the engineer/Project files/out/pcb/hat/geometry-local/100n-c-0402-1005metric-top.step,35306,7d444684d6899eacb521152b45ba0b5969641083e795f72b685af1e50af7fc2c
07 Files for the engineer/Project files/out/pcb/hat/geometry-local/100r-r-0402-1005metric-bottom.step,33020,bfee6d60b9dc49695a2d504ed2f3a57f1c238a16c19d5f4d1406f65e620dc45e
07 Files for the engineer/Project files/out/pcb/hat/geometry-local/100r-thermistor-r-0603-1608metric-bottom.step,32888,eea31aba03f84b0a6fff82d54281c264d50bd53ec5241aa750e5bd9437dbb4d2
07 Files for the engineer/Project files/out/pcb/hat/geometry-local/10k-r-0402-1005metric-bottom.step,33022,f0ec9ecac2391b2da25f092c98549a288ef9fa5d4bc5a346de457815bf7d4dd8
07 Files for the engineer/Project files/out/pcb/hat/geometry-local/10k-r-0402-1005metric-top.step,31388,607eae0335f80a06d9890637cb97037ecdcc8d0e504bdf6665c2be30107b6ad8
07 Files for the engineer/Project files/out/pcb/hat/geometry-local/10n-c-0402-1005metric-bottom.step,35486,6dbaf7bcf7250528c2bada28f96e26a3e12748a0534d672e29b85084e18d548e
07 Files for the engineer/Project files/out/pcb/hat/geometry-local/10u-63v-cp-elec-6-3x7-7-top.step,68816,32563253946c1c899ce9c6005eee44c906eb0118d6382c8893ed0e9ff1aa8f66
07 Files for the engineer/Project files/out/pcb/hat/geometry-local/10u-c-0603-1608metric-bottom.step,35565,68632ae9335725a4c93ed42086004d15b66e5e18e4085a169a88ca3ac851bede
07 Files for the engineer/Project files/out/pcb/hat/geometry-local/10u-c-0603-1608metric-top.step,35289,79fd665c32cd82a31b152fdde129ef7566f28d954e74aee6655eb40281d42152
07 Files for the engineer/Project files/out/pcb/hat/geometry-local/150r-r-0402-1005metric-bottom.step,31584,aab0f42fea985538b187eb9c6633f549401e563a4c98036a87a9057c04d97b6a
07 Files for the engineer/Project files/out/pcb/hat/geometry-local/1u-c-0402-1005metric-bottom.step,33926,71bf6ea8a132d980f41615f207f724f5017610801a0b54fe2cadbc70950f6455
07 Files for the engineer/Project files/out/pcb/hat/geometry-local/1u-c-0402-1005metric-top.step,35308,09458ed12d7caea282ce925af01da77df9cc091d839420a1858f8eb1d9aa8c4e
07 Files for the engineer/Project files/out/pcb/hat/geometry-local/20k-r-0402-1005metric-top.step,32874,2fd431b1fc8c4e97dae8d17dff40c3813e1ea1842e2e2508eb0d10c5641c0815
07 Files for the engineer/Project files/out/pcb/hat/geometry-local/220n-c-0402-1005metric-bottom.step,35486,63b4f375091e41931d64080ab691878ae10cd00b9f0d77e4d0a847db651235a4
07 Files for the engineer/Project files/out/pcb/hat/geometry-local/22u-6v3-c-0603-1608metric-bottom.step,33907,aed56c6c2d4f5c32709a69c190d0cc600d75e8f540b488a2633351bdad9a1306
07 Files for the engineer/Project files/out/pcb/hat/geometry-local/22u-6v3-c-0603-1608metric-top.step,35289,f7d15258982337fa642e8f67522b86f0ff4ec000a0a63f43d5feab95b5275f81
07 Files for the engineer/Project files/out/pcb/hat/geometry-local/2a-120r-100mhz-l-0402-1005metric-bottom.step,35492,7a37576fbbe978242aa57fa9049c4c1eab466a92f7be43c1c50c51fe32485ef3
07 Files for the engineer/Project files/out/pcb/hat/geometry-local/3v3-zener-diode-d-sod-123-bottom.step,79608,ea661491180517ec5de10f927e2a66ad36371a965b9ee49cedd605306711f608
07 Files for the engineer/Project files/out/pcb/hat/geometry-local/5v1-d-sod-323-bottom.step,79143,c259692947fad33b3937c45c4291efe498cc38f9e5b3a3ec46c28aa7581a6336
07 Files for the engineer/Project files/out/pcb/hat/geometry-local/6-8u-2a-l-bourns-srn6045ta-top.step,85117,1500f2ede6f16fc746b5004da179488b7e442e8a4d28f4c5431b116c5153036b
07 Files for the engineer/Project files/out/pcb/hat/geometry-local/74lvc1g08-sot-23-5-bottom.step,141224,3271cc4291462c9e5f3fca522074a5ce693cdfdbb7a321b674102a2f3e65f55f
07 Files for the engineer/Project files/out/pcb/hat/geometry-local/ap63205-tsot-23-6-top.step,161806,eda38c08294ea5feb2fe515f0168afff380077853424f728390f825a8f0fcf49
07 Files for the engineer/Project files/out/pcb/hat/geometry-local/bat54w-sot-323-sc-70-bottom.step,100328,97cde86c6d47dece67557a76cd4275e84cbf222d8f8f635210996d3e893a8f5d
07 Files for the engineer/Project files/out/pcb/hat/geometry-local/bmi088-bosch-lga-16-4-5x3mm-p0-5mm-layoutborder7x1y-clockwisepinnumbering-top.step,101240,650a5dc062bfa1e41f15fe20b8a761ec49b2e19fa980c03aff92e527b688208f
07 Files for the engineer/Project files/out/pcb/hat/geometry-local/dnp-0r-r-0402-1005metric-bottom.step,32986,453e61e4372b322505d38eaee46ad20f3ba95c82d5e59780aa2a9177dee8ec72
07 Files for the engineer/Project files/out/pcb/hat/geometry-local/dnp-0r-r-0402-1005metric-top.step,31398,53293f3be19752ef28c7f0af2100a338ce6272faf9d3b686ded757b9fb51cb22
07 Files for the engineer/Project files/out/pcb/hat/geometry-local/dnp-100n-c-0402-1005metric-bottom.step,33926,023bf32ac9471fc2b445b63b9435399471adfa601fc47791f33247eb8185ae57
07 Files for the engineer/Project files/out/pcb/hat/geometry-local/dnp-10k-r-0402-1005metric-bottom.step,31570,e09a08920408caf02cd18d1e4b7b7fbdd5c64fbb1f8a75395d9e81558b93a425
07 Files for the engineer/Project files/out/pcb/hat/geometry-local/dnp-1m-r-0402-1005metric-top.step,31388,0e5c845ed78daa0c85af461770d3e1bd008bda1586918ce4a21380bc2eb4a03b
07 Files for the engineer/Project files/out/pcb/hat/geometry-local/dnp-cat24c32hu4-tdfn-8-l3-0-w2-0-p0-50-bl-ep-bottom.step,651189,0a0fd454b380ce981be54ab54df6437eb906045082a453f4598b8f94510ba545
07 Files for the engineer/Project files/out/pcb/hat/geometry-local/dynamixel-3-jst-eh-b3b-eh-a-1x03-p2-50mm-vertical-top.step,133260,d49ade6585560145c9ccb11e60fbaed5beb505664ba734bccc277753f74834e4
07 Files for the engineer/Project files/out/pcb/hat/geometry-local/dynamixel-4-jst-eh-b4b-eh-a-1x04-p2-50mm-vertical-top.step,159400,34936f6fdd5c0bef772eb973e16c5bb1a2073cfb9ec8c22032982c214d555613
07 Files for the engineer/Project files/out/pcb/hat/geometry-local/female-header-2x20-smd-pinheader-2x20-p2-54mm-vertical-with-rasp-hat-zero-smd-connector-bottom.step,6246075,1492a287234ae29b1c60a8461a08b9536515ef7a1638751ae1e042170b180d98
07 Files for the engineer/Project files/out/pcb/hat/geometry-local/jst-sh-jst-sh-bm04b-srss-tb-1x04-1mp-p1-00mm-vertical-top.step,118595,73cdb07a18dadd4b10eae2ec8597199a8ac4661f3cbfff0fe2a8889b569797c0
07 Files for the engineer/Project files/out/pcb/hat/geometry-local/lm5050-1-tsot-23-6-bottom.step,162633,49ca8e4a03cd912110110a087ac63b5d8512144c9bada74bd74bc03c55bf748c
07 Files for the engineer/Project files/out/pcb/hat/geometry-local/microphone-mems-mic-smd-4p-l2-8-w1-9-p1-84-tl-top.step,473163,b4b9622a53b1a0a639d2ad9135988d7a323fb550b4afd30bd4fc58531b21e3d6
07 Files for the engineer/Project files/out/pcb/hat/geometry-local/mmbt3906-sot-23-top.step,93228,16e3bc648e7e6507d07cfc04fa6a429eeed012e816284aaffbff64fc905969ff
07 Files for the engineer/Project files/out/pcb/hat/geometry-local/pam8406d-soic-16-3-9x9-9mm-p1-27mm-bottom.step,370911,956d491ea5161307e1f5b76182110cf96da78a504ea90de108e643706483f91f
07 Files for the engineer/Project files/out/pcb/hat/geometry-local/si2312cds-t1-ge3-tsot-23-bottom.step,99823,f615f5c2fd13450fd4cf438303f44c9af82ead5d6dda84f983e06471e00c6097
07 Files for the engineer/Project files/out/pcb/hat/geometry-local/sit3088e-msop-8-1ep-3x3mm-p0-65mm-ep1-5x1-8mm-bottom.step,192434,e8ac34dba8cc3288f45df2c96eaa9ce4773c10b266aa24faa9e8bc262e85e532
07 Files for the engineer/Project files/out/pcb/hat/geometry-local/sn74lvc1g125dbv-sot-23-5-bottom.step,141104,8fb9482324d7b65e46cf3841e6cc95c10fef1348767bf1fc24ed8579355594c6
07 Files for the engineer/Project files/out/pcb/hat/geometry-local/sn74lvc1g126dbvr-sot-23-5-bottom.step,141094,b30948f0880294dc4abced0d7b7c7419144733e224a24790232f074a5e9c8db9
07 Files for the engineer/Project files/out/pcb/hat/geometry-local/testpoint-testpoint-loop-d2-50mm-drill1-0mm-lowprofile-top.step,69444,0082dab1d95310cdb04d91b504f336ea9d64370782f32a5f1989d93b2aa0d537
07 Files for the engineer/Project files/out/pcb/hat/geometry-local/tlv320aic3104irhbr-vqfn-32-1ep-5x5mm-p0-5mm-ep3-5x3-5mm-bottom.step,277128,45fd664ced91a4c2333997074c2aba853a447bdc129bcc24cb2c33a5cda94a40
07 Files for the engineer/Project files/out/pcb/hat/geometry-local/wago-2-wago-2059-302-998-403-top.step,159657,21a1c2401182f013f73c08f902e62df699152d7365c9a6ab5630657598b937d9
07 Files for the engineer/Project files/out/pcb/hat/geometry-local/xc6206p182mr-sot-23-3-top.step,93334,bc18ca488eb2359e75842f2454b7be7f5e1a1f7837d37f6b18ed5a36b0c91b2a
07 Files for the engineer/Project files/out/pcb/hat/geometry_index.json,19223,ecc826351c3189c7b86d5294397dafc9ce2971f919479b8faacfa8498b6bac36
07 Files for the engineer/Project files/out/pcb/hat/mesh-revision.json,3875,7c25efc727f2e5a5ec655ea55d8c835b2e0be9789813bbe302ba330d58c606f4
07 Files for the engineer/Project files/out/pcb/hat/pcba-measured.json,96871,1758a2f0d641cd1eba6c13bc517174786058c053f7a9b9a4bc49a827f4685506
07 Files for the engineer/Project files/out/pcb/hat/reconstruction-vs-official.json,8721,a49f277db6d977b9c81f8d9e3cdf49981e1106e068350b95410c0a75b2aa3d39
07 Files for the engineer/Project files/out/pcb/hat/robot-hat-pcba.step,14844113,2a5e5885380332245a198356871465cf7e849580d4a2b38f3779b5b6cd4ea677
07 Files for the engineer/Project files/out/pcb/hat/step_components.json,46119,8bd801ac79c6b1ae64df5ffbfc0f8bbe4575a410ea5bb72289604ef4817403c3
07 Files for the engineer/Project files/out/pcb/hat/step_objects.json,323110,e2a64f902bb4bf779cd91dca126dbb19565612e61925b49072dee5756ecd9730
07 Files for the engineer/Project files/out/photomatch/duckview.py,4548,718d0ebceb3c0527bde5eb9799c74e09f47450239e7b8e25de7bbc31864de48d
07 Files for the engineer/Project files/out/playbook/MANIFEST.json,4464,71c4395d537b9df5c8eaed85e86c396a445c83e11f18452f114974acebdeb84d
07 Files for the engineer/Project files/out/playbook/stale-stl-delta.json,5773,937e5c86559ae36291a7a0448f6033e1a333f3179c94de2dc54adbf2957c1628
07 Files for the engineer/Project files/out/pose/poses.json,18862,ed5a3dabb38be577a8a16054d25d1a70779f7edd08d01227f3f72624a2aae459
07 Files for the engineer/Project files/out/print/HANDOVER-2026-09-08.md,7548,23d24d07531d10f8d0b8d1aa5ae61cd7e63e545411fe2fc8d95ab14383d86d4e
07 Files for the engineer/Project files/out/print/HEAD-PRINT-2026-09-08-CODEX.md,2385,079b9872b77df84cd5470becc6b92ccd7d795a108adf4ae825fb20851fdc0f28
07 Files for the engineer/Project files/out/print/MANUFACTURING-STATUS-2026-09-08.md,3542,06287d7dd6e06d30961c9f4a904c48f9cd31081c909439a0fa579fa6ac594797
07 Files for the engineer/Project files/out/print/PRINT-H2D.md,13768,b2a688734e0d01ef754c9ee8a5f4d65305fabc3fd28bc55d13e330088a622d42
07 Files for the engineer/Project files/out/print/PRINT-X1C.md,3457,bc22b3cfaeb22c7b6cefcd5510cfffe3ef56d398e22b278aa16775298d0828a2
07 Files for the engineer/Project files/out/print/PRINT.md,5933,f9963a2bcb7201d2b738069c629782cbb8b9978474318dfefa09d48626e478ba
07 Files for the engineer/Project files/out/print/independent-codex-2026-09-08/INTERSECTION-DISPOSITION.md,3803,ca6981d6780dedd76683d142dc3814e856fa121213c2bb308ec66d7687867e4b
07 Files for the engineer/Project files/out/print/independent-codex-2026-09-08/REPORT.md,7986,1a654a48c910c03a72d5361693cff80ef666ba95f3801a877c22468168d342fe
07 Files for the engineer/Project files/out/print/independent-codex-2026-09-08/analysis.json,25209,cdfa37bd0673c0cbc8d1cc131129e7d7e18c71abcee4b954b72f777fa4affc47
07 Files for the engineer/Project files/out/print/independent-codex-2026-09-08/analyze.py,8192,ddb750c182f307a518e60a28ff8ee7f2ad53cec046e9e8328b9f514c2f7b2121
07 Files for the engineer/Project files/out/print/independent-codex-2026-09-08/analyze_v6.py,8263,8865ca65b5f3c655aff6e90422df6b3df987be4754e47c65dcd9e276c144a3f2
07 Files for the engineer/Project files/out/print/independent-codex-2026-09-08/analyze_v7.py,8250,29900b2b1f75bb6bd7cd33da0fda258a5bde0e72738a71322ce11373acad5b38
07 Files for the engineer/Project files/out/print/independent-codex-2026-09-08/analyze_v8_provisional.py,8268,1a4fac408c8014e0f7c2230d9faeb070051496c43ffabf2a62a4f4881a9f1ef1
07 Files for the engineer/Project files/out/print/independent-codex-2026-09-08/analyze_v9.py,8250,92ee48102dd11e20e8d45368b441c0f988e37a5b5d348e84cee219019ace8776
07 Files for the engineer/Project files/out/print/independent-codex-2026-09-08/bracket_pose.py,943,7fd9fb0a644741150338e4ae2d7deeffefc795749df9ef729a789b74147e2c75
07 Files for the engineer/Project files/out/print/independent-codex-2026-09-08/bracket_zoom.py,1140,d574248ad9ae94d2cee191b97023761d16c1d5c00e14fd7742e6994fe04f7779
07 Files for the engineer/Project files/out/print/independent-codex-2026-09-08/build_v6.py,1712,f2219fd77bebd1cd4844f2bc9f5cf7379ef000129f0b34380743a4baab250823
07 Files for the engineer/Project files/out/print/independent-codex-2026-09-08/build_v7.py,1718,a0bc35e100fc69bc6da49d3f2ecf916fd24699f730c55502de089ed5cf43de08
07 Files for the engineer/Project files/out/print/independent-codex-2026-09-08/build_v8.py,1761,3b3bc111305ae04ad076f950dd815bf32602c83d317178062465015945f49c48
07 Files for the engineer/Project files/out/print/independent-codex-2026-09-08/build_v9.py,1445,95611e5cc042428770ab06ad14e50017875eb542f859c304a5593047c919075c
07 Files for the engineer/Project files/out/print/independent-codex-2026-09-08/changed_parts_v9.py,1483,258f99eb0e44b666f94e379577de4c6464f5c00b02d3430015cc8ec1aee50c2f
07 Files for the engineer/Project files/out/print/independent-codex-2026-09-08/compare.py,1663,d5289dc727431cb5c465af9bb8268522801730342a01c9a3274f1399e78f4954
07 Files for the engineer/Project files/out/print/independent-codex-2026-09-08/compare_experiment.py,1433,4460dc4e07ec9968a769e722a7e56a6650966d2c5a210eef6d021b9ccf0fd9fe
07 Files for the engineer/Project files/out/print/independent-codex-2026-09-08/compare_v6.py,1664,dde332d9db21b68dd555915a672c01dca5cd0a947707ebcf8d511de1a9512324
07 Files for the engineer/Project files/out/print/independent-codex-2026-09-08/compare_v7.py,1664,24ef5b963307edf0f9bb8208376686d032b0ddd3f9d10dc8dfb06c407e025de0
07 Files for the engineer/Project files/out/print/independent-codex-2026-09-08/experiment.py,1623,89259592af0cb461e0cc2822c127a8b2a12efa707459fed602119f4edac75581
07 Files for the engineer/Project files/out/print/independent-codex-2026-09-08/experiments/bracket-flat-3mf/_filament_resolved.json,4162,79b8d64ac99baecc55f28e12b0a6f39c938919d68ddd6b731882c404dfc6d778
07 Files for the engineer/Project files/out/print/independent-codex-2026-09-08/experiments/bracket-flat-3mf/_machine_resolved.json,29927,154b7875de9cf95bf367ba09f86b135a5d71d42ae6bab19d2c93472adb387347
07 Files for the engineer/Project files/out/print/independent-codex-2026-09-08/experiments/bracket-flat-3mf/_process_resolved.json,6514,e1839317799096b4679cdae652585809cf428ca500a11b102d168cce40de0c2a
07 Files for the engineer/Project files/out/print/independent-codex-2026-09-08/experiments/bracket-flat-3mf/bracket-flat.gate.gcode.3mf,446548,c39947dbe4855e99d8210c51bd5ef4f85e5cbf53813866923807d0481017a738
07 Files for the engineer/Project files/out/print/independent-codex-2026-09-08/experiments/bracket-flat-3mf/result.json,292,92e87607b12326bbdb6b5b90443c6acafac47060aece8e1f15e32655395227a4
07 Files for the engineer/Project files/out/print/independent-codex-2026-09-08/experiments/bracket-flat.3mf,71595,8396bb840e087629a3b1cf5e13dd0987d593867e79aba0a149d9b6cf0953ddfa
07 Files for the engineer/Project files/out/print/independent-codex-2026-09-08/experiments/comparison.json,1287,3b6e212b686ad28cee9dc4bc62b014ee608fddac184a08dad9ea73f15623b071
07 Files for the engineer/Project files/out/print/independent-codex-2026-09-08/experiments/eye-ring-exact-stl/_filament_resolved.json,4162,79b8d64ac99baecc55f28e12b0a6f39c938919d68ddd6b731882c404dfc6d778
07 Files for the engineer/Project files/out/print/independent-codex-2026-09-08/experiments/eye-ring-exact-stl/_machine_resolved.json,29927,154b7875de9cf95bf367ba09f86b135a5d71d42ae6bab19d2c93472adb387347
07 Files for the engineer/Project files/out/print/independent-codex-2026-09-08/experiments/eye-ring-exact-stl/_process_resolved.json,6514,e1839317799096b4679cdae652585809cf428ca500a11b102d168cce40de0c2a
07 Files for the engineer/Project files/out/print/independent-codex-2026-09-08/experiments/eye-ring-exact-stl/eye-ring-exact.gate.gcode.3mf,139251,ab09c7828a5ee6053eb8211b6f7ddec83ecc0693c5929115a8fb5c43503d19a7
07 Files for the engineer/Project files/out/print/independent-codex-2026-09-08/experiments/eye-ring-exact-stl/result.json,293,e8644e1ec88f1ce7a8b72f3971fb493dfa2792e1dc8bc436b3ba76402180493f
07 Files for the engineer/Project files/out/print/independent-codex-2026-09-08/experiments/eye-ring-exact.stl,49284,0c00d1e1f8898521ed317022aee596f8cff05e407d9967c6f19c8f9e083ceba0
07 Files for the engineer/Project files/out/print/independent-codex-2026-09-08/experiments/eye-ring-indexed-3mf/_filament_resolved.json,4162,79b8d64ac99baecc55f28e12b0a6f39c938919d68ddd6b731882c404dfc6d778
07 Files for the engineer/Project files/out/print/independent-codex-2026-09-08/experiments/eye-ring-indexed-3mf/_machine_resolved.json,29927,154b7875de9cf95bf367ba09f86b135a5d71d42ae6bab19d2c93472adb387347
07 Files for the engineer/Project files/out/print/independent-codex-2026-09-08/experiments/eye-ring-indexed-3mf/_process_resolved.json,6514,e1839317799096b4679cdae652585809cf428ca500a11b102d168cce40de0c2a
07 Files for the engineer/Project files/out/print/independent-codex-2026-09-08/experiments/eye-ring-indexed-3mf/eye-ring-indexed.gate.gcode.3mf,138595,429ca681151b5ed5555fe52687d0cb7aef6a7f0e1186acf9e6989497b0cdbb13
07 Files for the engineer/Project files/out/print/independent-codex-2026-09-08/experiments/eye-ring-indexed-3mf/result.json,295,f0f6ee92edd9c1c1042b3f05e51d7076ce44170452a0fa6a83b1fb1c8362dbea
07 Files for the engineer/Project files/out/print/independent-codex-2026-09-08/experiments/eye-ring-indexed.3mf,10216,15adbd539a12ebf51b583d8bb61c27f5b82fa221239197cd089160cb6dc5faf4
07 Files for the engineer/Project files/out/print/independent-codex-2026-09-08/experiments/eye-ring-soup-3mf/_filament_resolved.json,4162,79b8d64ac99baecc55f28e12b0a6f39c938919d68ddd6b731882c404dfc6d778
07 Files for the engineer/Project files/out/print/independent-codex-2026-09-08/experiments/eye-ring-soup-3mf/_machine_resolved.json,29927,154b7875de9cf95bf367ba09f86b135a5d71d42ae6bab19d2c93472adb387347
07 Files for the engineer/Project files/out/print/independent-codex-2026-09-08/experiments/eye-ring-soup-3mf/_process_resolved.json,6514,e1839317799096b4679cdae652585809cf428ca500a11b102d168cce40de0c2a
07 Files for the engineer/Project files/out/print/independent-codex-2026-09-08/experiments/eye-ring-soup-3mf/eye-ring-soup.gate.gcode.3mf,94447,4243046b042d5f5ce67a1e069748a0c8f17d71c942739068e392e78843a582c4
07 Files for the engineer/Project files/out/print/independent-codex-2026-09-08/experiments/eye-ring-soup-3mf/result.json,292,9f69d9510753cd96d4142e413a37ec6d331b66a1cb98e32215b2db84eca5e509
07 Files for the engineer/Project files/out/print/independent-codex-2026-09-08/experiments/eye-ring-soup.3mf,20134,b303220204ea88065e6dfaa0338bb1e92d6e38edfc648df94cce407408e60cd0
07 Files for the engineer/Project files/out/print/independent-codex-2026-09-08/experiments/jaw-side-3mf/_filament_resolved.json,4162,79b8d64ac99baecc55f28e12b0a6f39c938919d68ddd6b731882c404dfc6d778
07 Files for the engineer/Project files/out/print/independent-codex-2026-09-08/experiments/jaw-side-3mf/_machine_resolved.json,29927,154b7875de9cf95bf367ba09f86b135a5d71d42ae6bab19d2c93472adb387347
07 Files for the engineer/Project files/out/print/independent-codex-2026-09-08/experiments/jaw-side-3mf/_process_resolved.json,6514,e1839317799096b4679cdae652585809cf428ca500a11b102d168cce40de0c2a
07 Files for the engineer/Project files/out/print/independent-codex-2026-09-08/experiments/jaw-side-3mf/jaw-side.gate.gcode.3mf,726953,b8f9b00c3ba0020dca7c41cefa57e5ae7dcfc1206d4ff707786634c746d9e4b6
07 Files for the engineer/Project files/out/print/independent-codex-2026-09-08/experiments/jaw-side-3mf/result.json,289,0319886df838c31a95c5f8b13b2f7dec3eae34c296dfe373fafea750493d7ba3
07 Files for the engineer/Project files/out/print/independent-codex-2026-09-08/experiments/jaw-side.3mf,107637,52d2cd124f293c2902cad3d856753a37f10e74d7bb5ba39dde05d6c9a085cf42
07 Files for the engineer/Project files/out/print/independent-codex-2026-09-08/experiments/yaw-ab-path-proof.json,13232,1fb4a7e2236c098af7341b28a055b23bb04e3e56d409aeb3551910f9214306fb
07 Files for the engineer/Project files/out/print/independent-codex-2026-09-08/experiments/yaw-cleaned-3mf/_filament_resolved.json,4162,79b8d64ac99baecc55f28e12b0a6f39c938919d68ddd6b731882c404dfc6d778
07 Files for the engineer/Project files/out/print/independent-codex-2026-09-08/experiments/yaw-cleaned-3mf/_machine_resolved.json,29927,154b7875de9cf95bf367ba09f86b135a5d71d42ae6bab19d2c93472adb387347
07 Files for the engineer/Project files/out/print/independent-codex-2026-09-08/experiments/yaw-cleaned-3mf/_process_resolved.json,6514,e1839317799096b4679cdae652585809cf428ca500a11b102d168cce40de0c2a
07 Files for the engineer/Project files/out/print/independent-codex-2026-09-08/experiments/yaw-cleaned-3mf/result.json,510,ae69805d005edc619ad1cf9bb9fbc3c510343474790d384454290949dcf88412
07 Files for the engineer/Project files/out/print/independent-codex-2026-09-08/experiments/yaw-cleaned-3mf/yaw-cleaned.gate.gcode.3mf,378038,b9dd5f3fbe04f4a555c467d191c7c3900f112907e8ed5051472dbf8e48ae4c44
07 Files for the engineer/Project files/out/print/independent-codex-2026-09-08/experiments/yaw-cleaned.3mf,13295,e19b8e6efae86c6041a7c830e8723f28ff870fa6f85a80622846ccab2e953212
07 Files for the engineer/Project files/out/print/independent-codex-2026-09-08/experiments/yaw-cleanup-proof.json,935,0b49c1124c136f44884675b12860f8ccdcfc0f45b5f540bdd9ccc3192c4cc604
07 Files for the engineer/Project files/out/print/independent-codex-2026-09-08/experiments/yaw-original-3mf/_filament_resolved.json,4162,79b8d64ac99baecc55f28e12b0a6f39c938919d68ddd6b731882c404dfc6d778
07 Files for the engineer/Project files/out/print/independent-codex-2026-09-08/experiments/yaw-original-3mf/_machine_resolved.json,29927,154b7875de9cf95bf367ba09f86b135a5d71d42ae6bab19d2c93472adb387347
07 Files for the engineer/Project files/out/print/independent-codex-2026-09-08/experiments/yaw-original-3mf/_process_resolved.json,6514,e1839317799096b4679cdae652585809cf428ca500a11b102d168cce40de0c2a
07 Files for the engineer/Project files/out/print/independent-codex-2026-09-08/experiments/yaw-original-3mf/result.json,513,bf392d4e1b7e5d249dd38ef39143c8e7ce8b645fe1d679bb0eb6853f74b8c819
07 Files for the engineer/Project files/out/print/independent-codex-2026-09-08/experiments/yaw-original-3mf/yaw-original.gate.gcode.3mf,377789,5801d4b0d0373ebaca49d483f4dc42e59d033ce2a713048205c69c56e3e2ff72
07 Files for the engineer/Project files/out/print/independent-codex-2026-09-08/experiments/yaw-original.3mf,12695,6c8d6d134246266ba51f9bd35eeb39b9424d56f821ec4d68400f88f2a132fef8
07 Files for the engineer/Project files/out/print/independent-codex-2026-09-08/finalize_v9.py,1145,3b3eb9800695af02556a28db81ddeb6b6a14d06a17f2ca24e5e4784343db7761
07 Files for the engineer/Project files/out/print/independent-codex-2026-09-08/focus.py,1000,26239f36134e320aa42dc6b82f439cccb8c7dc58dd49d894cdf4934b80b62a04
07 Files for the engineer/Project files/out/print/independent-codex-2026-09-08/freecad-intersections.json,2243,f512c0440392e8cf98b70eb0ceae2ff8e2cc57b3bc36f7df7323244d98aa5508
07 Files for the engineer/Project files/out/print/independent-codex-2026-09-08/intersection_surfaces.py,2313,958e5acb14855b1934fa682a93882e99657d9f2d67ed9ff2a18968af3f8ca256
07 Files for the engineer/Project files/out/print/independent-codex-2026-09-08/intersection_surfaces_v9.py,2313,28e7e6ff940297f64bdad248f0fea95a3926cf73cbc32912d04abf1ebc196fa9
07 Files for the engineer/Project files/out/print/independent-codex-2026-09-08/intersections.py,489,76ade002697ab0d5e9422f466186c7e383ab089890ae9aee873e7924ba1c54ff
07 Files for the engineer/Project files/out/print/independent-codex-2026-09-08/intersections_v9.py,492,71fa75afcf02ed571dd05d2f69c8abe64463ebd4901f2af73897710c350e81f4
07 Files for the engineer/Project files/out/print/independent-codex-2026-09-08/jaw_pose.py,920,6b9418a12f177244176e8fb2b70d940769de4c5b4848a6031356ef367ba32552
07 Files for the engineer/Project files/out/print/independent-codex-2026-09-08/jaw_v7_zoom.py,1210,cc57300b9d04aee5ddc3586bad6c41f2bb7bacaf24befbe9760453cce03f7439
07 Files for the engineer/Project files/out/print/independent-codex-2026-09-08/mesh.json,6341,70cefb87a49ab86ce2bf664969fd4f48700ca93527341d7a4cc3b82aa3d670f4
07 Files for the engineer/Project files/out/print/independent-codex-2026-09-08/object-12-actual-model-paths.json,6410,b34d7a45698e8202dda9645e7716c6c9d7cb4ed1f08ef114de0bae24150d8e92
07 Files for the engineer/Project files/out/print/independent-codex-2026-09-08/object-32-actual-model-paths.json,392,d8c5ab967dd387c59d20d2054e5ec370824f667325df714263488806d2ea391e
07 Files for the engineer/Project files/out/print/independent-codex-2026-09-08/render_v8_provisional.py,3311,7183469564ae3b861ad59445b50cd935f08d6f2e5f220e2b21059aa681042b02
07 Files for the engineer/Project files/out/print/independent-codex-2026-09-08/run_bracket_gate.py,611,e03abcdb1222eda1c82cb9ad35e8c66873c44606ec696829ad733dc336abff7d
07 Files for the engineer/Project files/out/print/independent-codex-2026-09-08/run_gate.py,656,011fc82a339b5c94a41aabf7ef262fba06a0134be90b9a1313dafde3ec44071e
07 Files for the engineer/Project files/out/print/independent-codex-2026-09-08/run_jaw_gate.py,607,3ee5107fcad1b6b0ac9f87ec3e893986acaeb26005b187da339e68aa620de3bd
07 Files for the engineer/Project files/out/print/independent-codex-2026-09-08/run_yaw_cleanup_gate.py,629,3e1c2831793395ffc93aed3612bec23ee2e09b7f1f3c9fe6c94ee70dd28151b9
07 Files for the engineer/Project files/out/print/independent-codex-2026-09-08/slice_v6.py,1048,685a1104e3899701f989f70422d29913750bfd474c8034a77973431b94050a42
07 Files for the engineer/Project files/out/print/independent-codex-2026-09-08/slice_v7.py,1049,266f07dbe9477d94e78277e7cc8509017f0a12cf658ced78e0e62395db1419f4
07 Files for the engineer/Project files/out/print/independent-codex-2026-09-08/slice_v8.py,1053,442b33045e155508c59783f70d2a9e2f2a3542b49398f0bdfe5183d29b34b15f
07 Files for the engineer/Project files/out/print/independent-codex-2026-09-08/slice_v9.py,1046,93c786e9c6a941d87bc52b492dcecbce5a554f32a24134abeab010771634d1b4
07 Files for the engineer/Project files/out/print/independent-codex-2026-09-08/v6-validation/analysis.json,22518,00bf13e6276686d2ae1ac7ca32f2a6b40fe9b27e7a735e4a3149a0cb29e0ca7e
07 Files for the engineer/Project files/out/print/independent-codex-2026-09-08/v6-validation/mesh.json,6341,2f8ddc9933f5d644a52cfb1f2f7170e46cd12923248688e93fe6fb84e3c1baa8
07 Files for the engineer/Project files/out/print/independent-codex-2026-09-08/v6-validation/object-12-actual-model-paths.json,6541,fe4337995fba66c3d03025245bc3d49ffc7b7aa799bf4a707d0f9f233bac82b6
07 Files for the engineer/Project files/out/print/independent-codex-2026-09-08/v6-validation/object-32-actual-model-paths.json,3125,8987faadb9f312b0a181195841107658f31836d0e4dd4d6f7d2c697831498b38
07 Files for the engineer/Project files/out/print/independent-codex-2026-09-08/v6_risks.py,1376,7c5f934a8e95d20a3413ab03c8bbee342d2aeddd962c37f876f1126043877c45
07 Files for the engineer/Project files/out/print/independent-codex-2026-09-08/v7-validation/analysis.json,23883,a149f2781c0922a4d528b223e1eb5ad16ab4d488ebaaaecb8e02332ba335caf2
07 Files for the engineer/Project files/out/print/independent-codex-2026-09-08/v7-validation/intersection-functional-sections.json,1115,0ef24dafb6b8245480704fba6fc28337e3670811df091dd19f2e9672ae030894
07 Files for the engineer/Project files/out/print/independent-codex-2026-09-08/v7-validation/mesh.json,6357,8f94269ee73a0796902ad15b1b9ca54a9fccbb39f68521e05909c631a143c011
07 Files for the engineer/Project files/out/print/independent-codex-2026-09-08/v7-validation/object-12-actual-model-paths.json,6541,fe4337995fba66c3d03025245bc3d49ffc7b7aa799bf4a707d0f9f233bac82b6
07 Files for the engineer/Project files/out/print/independent-codex-2026-09-08/v7-validation/object-32-actual-model-paths.json,3125,8987faadb9f312b0a181195841107658f31836d0e4dd4d6f7d2c697831498b38
07 Files for the engineer/Project files/out/print/independent-codex-2026-09-08/v8-validation/mesh.json,6362,4c935d4415e28df4f14b8580aa6bb96fe7fc7510f7560574c35158ccdba22e09
07 Files for the engineer/Project files/out/print/independent-codex-2026-09-08/v9-validation/analysis.json,23011,dfe63e6a4b90fc35b1fbaf32437473befdd003510f3dbb406315e1a8fcebb96f
07 Files for the engineer/Project files/out/print/independent-codex-2026-09-08/v9-validation/freecad-intersections.json,2244,f3e6ceb53a3c4da96e1657724ee96d1a5d571fbe65c4026d81b19969ad9c12ff
07 Files for the engineer/Project files/out/print/independent-codex-2026-09-08/v9-validation/intersection-functional-sections.json,1115,0ef24dafb6b8245480704fba6fc28337e3670811df091dd19f2e9672ae030894
07 Files for the engineer/Project files/out/print/independent-codex-2026-09-08/v9-validation/mesh.json,6350,3e0b79879679a1a1453910f0f537a994a9c794da90cabed328bcebe6766957cc
07 Files for the engineer/Project files/out/print/independent-codex-2026-09-08/yaw-zero-volume.json,1548,bc3d464760e015d14693a62063627d51072575cc715c32aea6607f2abaf13252
07 Files for the engineer/Project files/out/print/independent-codex-2026-09-08/yaw_ab_compare.py,1878,0b75e3176dd16e1ce8f1eb7761c0887f49b664b9c635376fd8c6d620df67d1fd
07 Files for the engineer/Project files/out/print/independent-codex-2026-09-08/yaw_cleanup.py,2049,9716f6c796bd4d56aea4e1d5c9a4e68b4846dca6ff6878781b2b0eef6978fa87
07 Files for the engineer/Project files/out/print/plates/BODY-H2D/BodyH2D.3mf,5728885,7a61045e3526ce72a21575fd706d703632d91898ca477b2fb6d00080d831152c
07 Files for the engineer/Project files/out/print/plates/BODY-H2D/result.json,8993,eb808854cabbf12f824d9662631dfddea132e093f6cdcbc74c2f15c3d93edd68
07 Files for the engineer/Project files/out/print/plates/H2D-COMPACT/footprints.json,3343,cc0d8497ef10ecf0fb28f5ca0f7644de20139c3160c3723d638040b258304ae2
07 Files for the engineer/Project files/out/print/plates/H2D-COMPACT/layout-v2.json,4702,f423da281166c1993981949df2136e0ff8ce3f7a0b8fe4b0ce1af2ad6c3f015c
07 Files for the engineer/Project files/out/print/plates/H2D-COMPACT/layout.json,5364,157d3d8411f371ba3db0d9949db9fec62db69eb0c10732bbe0ef130f76b6b151
07 Files for the engineer/Project files/out/print/plates/H2D-COMPACT/microduck-head-down-compact-v2.3mf,4907273,10bf2f9d08cbc1f9806d827cc94f81ba9cb7b3b67253c187f8f1f502d75fc20e
07 Files for the engineer/Project files/out/print/plates/H2D-COMPACT/microduck-head-down-compact-v2.gcode.3mf,11713232,cdb31b72813729c8991c7fb7a68a73bab6331a58d4232bbc8be6db278d8cd979
07 Files for the engineer/Project files/out/print/plates/H2D-COMPACT/microduck-head-down-compact-v2.gcode_plate_1.gcode.3mf,11519368,6b053b6c556746ae640fcd41fa6544df10fe68e1209608c6425189302a1e8e75
07 Files for the engineer/Project files/out/print/plates/H2D-COMPACT/microduck-head-down-compact.3mf,4812938,a8969dc8529cc3f4bfe0cd020f2730fe4b48a844f7422499a4f247d3a016fd13
07 Files for the engineer/Project files/out/print/plates/H2D-COMPACT/microduck-head-down-compact.gcode.3mf,14200660,8aa91fca172d66e36f554940f28ec608e912dfbe06b66d4f06200e5e43039519
07 Files for the engineer/Project files/out/print/plates/H2D-COMPACT/orca-command.txt,619,f3d9ae163633c937996880b5d21dc3fdc67a4a8f5a2f97e0b99de81080ca9ece
07 Files for the engineer/Project files/out/print/plates/HEAD/head-A.3mf,3008405,029de839602dd2da73f78cd1bb32a6e1f62362adfaf5615eebc94520c7eefd2d
07 Files for the engineer/Project files/out/print/plates/HEAD/microduck-top-head-shell.3mf,2439389,e7a0d36b6cb8e1accd6f64417a63f337be46cd5d5002761c41d250768f0e8828
07 Files for the engineer/Project files/out/print/plates/HEAD/microduck-yaw-roll-motion.3mf,270003,70b8fcb2fc74c51bd00a83151387727068adb724d3f6905a659b56100c0350b8
07 Files for the engineer/Project files/out/print/plates/HEAD/result.json,2361,e584f38867ea0041f1221ae46d3749c03e18a750c272d18849806029241e569d
07 Files for the engineer/Project files/out/print/plates/HEAD-ALL/HeadAll.3mf,1137189,78fd642589923994e1b1ac3fa15e70d3b6bde7ae9e514ad1e13d47fc7efe811e
07 Files for the engineer/Project files/out/print/plates/HEAD-ALL/result.json,7369,24016123c9a2adbae985b93d23bb72992289b384c3a45ce3a0a54be55367a110
07 Files for the engineer/Project files/out/print/plates/HEAD-BIG/TestYawRoll.gcode.3mf,251630,ed30cfa5c9bdbe32074d58d03154b0bbca7d0b01534130b2179d4a8827d5cbb3
07 Files for the engineer/Project files/out/print/plates/HEAD-BIG/head-big-orange.3mf,4271087,80b34d1f1a70b14d480403626777b7fbcb16424dc09aa37636c426c9d5ccd4ff
07 Files for the engineer/Project files/out/print/plates/HEAD-BIG/result.json,2354,f849aae0067723890e2af4e003bc1eab4508bc71cb47ab0a11947af64327c7f3
07 Files for the engineer/Project files/out/print/plates/HEAD-BIG/yaw-roll-motion-orange.3mf,243928,3845cd1be22fbbc42d19a27f2d9d34f6901b7bf6c7d20e2d9931b118de87d4ae
07 Files for the engineer/Project files/out/print/plates/HEAD-V4/VALIDATE.txt,904,c3dbccecfb794b4e59231c3c9121bd4ce8a52224ca51a32ce7b35478870bf0ce
07 Files for the engineer/Project files/out/print/plates/HEAD-V4/layout.json,2402,1aa04092ae697c2a5f2bab9c3095cce4808ddfdcbf946fa79825fee9626fe08d
07 Files for the engineer/Project files/out/print/plates/HEAD-V4/microduck-head-v4.3mf,1682650,7518b9c2c8006bb9fa01a5eb6167287fe4f36c1026742a0efaf44a33148a6550
07 Files for the engineer/Project files/out/print/plates/HEAD-V4/microduck-head-v4.gcode.3mf,12872960,48af85f6dd3adc1d0a18099fa4165acc259a52f0c54201d574c5346093a90bd8
07 Files for the engineer/Project files/out/print/plates/HEAD-V5/VALIDATE.txt,905,cbdbf46baf1238537e5787f990cadff117757284234bb871923b21425473873c
07 Files for the engineer/Project files/out/print/plates/HEAD-V5/layout.json,2402,1aa04092ae697c2a5f2bab9c3095cce4808ddfdcbf946fa79825fee9626fe08d
07 Files for the engineer/Project files/out/print/plates/HEAD-V5/microduck-head-v5.3mf,1680021,afb2db109431b976af7187a3279078e2375415096f883e729a8a4e5b5b06eeea
07 Files for the engineer/Project files/out/print/plates/HEAD-V5/microduck-head-v5.gcode.3mf,12565203,02b1a28723673ae97a8185d89abc006e342801cfaf7d344d868e178fe08c1ef9
07 Files for the engineer/Project files/out/print/plates/HEAD-V6-candidate/VALIDATION.md,1889,48f7739de3714aacc0c6f5f113f716e8facdf8d9b3c05010847b774db9fa7699
07 Files for the engineer/Project files/out/print/plates/HEAD-V6-candidate/_filament_resolved.json,4162,79b8d64ac99baecc55f28e12b0a6f39c938919d68ddd6b731882c404dfc6d778
07 Files for the engineer/Project files/out/print/plates/HEAD-V6-candidate/_machine_resolved.json,29927,154b7875de9cf95bf367ba09f86b135a5d71d42ae6bab19d2c93472adb387347
07 Files for the engineer/Project files/out/print/plates/HEAD-V6-candidate/_process_resolved.json,5912,d415410d2e084f06e7c61db6edfe87a653739cd94c794b2df5616fa622e2b0c7
07 Files for the engineer/Project files/out/print/plates/HEAD-V6-candidate/layout.json,2402,1aa04092ae697c2a5f2bab9c3095cce4808ddfdcbf946fa79825fee9626fe08d
07 Files for the engineer/Project files/out/print/plates/HEAD-V6-candidate/microduck-head-v6-indexed.3mf,895526,9bc9bde3e1f3a9a16b011ee33630d2820abf952ac44fe99914eb1a98b72a6259
07 Files for the engineer/Project files/out/print/plates/HEAD-V6-candidate/microduck-head-v6-indexed.gate.gcode.3mf,11227847,fc2bdf50d05db97bb10286122c4b4797f9fade8743bdb4d48f5ef6ddf1c3cc90
07 Files for the engineer/Project files/out/print/plates/HEAD-V6-candidate/partgate-result.json,293,cb49ae01f4317a6e5ed61dcb43862d2134f9a3475f22d59bb72ed7608d808a3a
07 Files for the engineer/Project files/out/print/plates/HEAD-V6-candidate/process-values-from-v5.json,4623,5c319e81e3f75c511b14404a6ed93d728e9b6fc4e9cce370aab1a398752d69ff
07 Files for the engineer/Project files/out/print/plates/HEAD-V6-candidate/reindex-proof.json,1802,a458f2fb4313b2cad303e0fd96c6726584961ac05982711b6a3f4061b6d40cfe
07 Files for the engineer/Project files/out/print/plates/HEAD-V6-candidate/settings-diff.json,79,32a5d19782ef1f9836deb53a9ecd5725d50e6ecfd0fe0ee639541bc90dfc7bf5
07 Files for the engineer/Project files/out/print/plates/HEAD-V7-candidate/CHANGE.md,291,40dfaaf12e145ef7c85044b5e3b4758d056ccb23eb59cd8bcd29fbe58c323680
07 Files for the engineer/Project files/out/print/plates/HEAD-V7-candidate/VALIDATION.md,3294,0e376f9b8ccaaa7c483b11723bb809f88034fa92d7dd92de73349705bbc34d6e
07 Files for the engineer/Project files/out/print/plates/HEAD-V7-candidate/_filament_resolved.json,4162,79b8d64ac99baecc55f28e12b0a6f39c938919d68ddd6b731882c404dfc6d778
07 Files for the engineer/Project files/out/print/plates/HEAD-V7-candidate/_machine_resolved.json,29927,154b7875de9cf95bf367ba09f86b135a5d71d42ae6bab19d2c93472adb387347
07 Files for the engineer/Project files/out/print/plates/HEAD-V7-candidate/_process_resolved.json,5912,d415410d2e084f06e7c61db6edfe87a653739cd94c794b2df5616fa622e2b0c7
07 Files for the engineer/Project files/out/print/plates/HEAD-V7-candidate/final-metadata-proof.json,214,acd853e79a43bcd6363f33a6fa3609e9382498d529a565c17e99920a3cdc015e
07 Files for the engineer/Project files/out/print/plates/HEAD-V7-candidate/layout.json,2999,02132e1c8c012f55d1f766176d05da3b1f91fb2c52d299c292b197fef20de634
07 Files for the engineer/Project files/out/print/plates/HEAD-V7-candidate/live-validator.txt,1503,4094c52d0050df3d625bd9999a2cb12e3343c537f4847396bfdb8a764f2ab376
07 Files for the engineer/Project files/out/print/plates/HEAD-V7-candidate/microduck-head-v7-jaw-side.3mf,895507,90e771e6937d70100b9a6b5ee6ad4350d342b38c71d5f2ee0286a044d877dabb
07 Files for the engineer/Project files/out/print/plates/HEAD-V7-candidate/microduck-head-v7-jaw-side.gate.gcode.3mf,11376515,67a12700cb23f2c6847d4ef168bed87dc95477a6cdaa704da9674c42dfab5b19
07 Files for the engineer/Project files/out/print/plates/HEAD-V7-candidate/microduck-head-v7.gcode.3mf,11374784,ea36330b828bebf04f9ba345363f623187125ec6429deab146529adc01399bc1
07 Files for the engineer/Project files/out/print/plates/HEAD-V7-candidate/partgate-result.json,294,4e0a4d3949c7cd43108ac7cac37fdb5b266ba0486da945ff88771a3cbd9f5d0a
07 Files for the engineer/Project files/out/print/plates/HEAD-V7-candidate/process-values-from-v5.json,4623,5c319e81e3f75c511b14404a6ed93d728e9b6fc4e9cce370aab1a398752d69ff
07 Files for the engineer/Project files/out/print/plates/HEAD-V7-candidate/strengthened-validator.txt,1391,b20d1c41480d9e03e6584ac9c0fafb925956be1fb33e7d57e2998a756cc8f08c
07 Files for the engineer/Project files/out/print/plates/HEAD-V8-candidate/CHANGE.md,299,431505891e592b22f9d370ea76cc9706da6842ced8daf8a43d36b15a7fab4275
07 Files for the engineer/Project files/out/print/plates/HEAD-V8-candidate/_filament_resolved.json,4162,79b8d64ac99baecc55f28e12b0a6f39c938919d68ddd6b731882c404dfc6d778
07 Files for the engineer/Project files/out/print/plates/HEAD-V8-candidate/_machine_resolved.json,29927,154b7875de9cf95bf367ba09f86b135a5d71d42ae6bab19d2c93472adb387347
07 Files for the engineer/Project files/out/print/plates/HEAD-V8-candidate/_process_resolved.json,5912,d415410d2e084f06e7c61db6edfe87a653739cd94c794b2df5616fa622e2b0c7
07 Files for the engineer/Project files/out/print/plates/HEAD-V8-candidate/layout.json,3143,d8c8d2870c7f45d7ec8b616b2265f6957fc309d477dd2f61f004f3bed074ea38
07 Files for the engineer/Project files/out/print/plates/HEAD-V8-candidate/microduck-head-v8-bracket-flat.3mf,894574,0e7e3d33d0328b2beb0bb1fe0d735d7871db0454c3e8e3e88d7b6e5e4de514c8
07 Files for the engineer/Project files/out/print/plates/HEAD-V8-candidate/microduck-head-v8-bracket-flat.gate.gcode.3mf,11174180,b26a55a7d9b258d0214250b0fe25eedf516b83b076e73529a9564c021f432694
07 Files for the engineer/Project files/out/print/plates/HEAD-V8-candidate/partgate-result.json,298,1ff0e373e23da3403a5b439cfd319d39701c0bccd0d2a8bff425e88e0040b794
07 Files for the engineer/Project files/out/print/plates/HEAD-V8-candidate/process-values-from-v5.json,4623,5c319e81e3f75c511b14404a6ed93d728e9b6fc4e9cce370aab1a398752d69ff
07 Files for the engineer/Project files/out/print/plates/HEAD-V9-candidate/VALIDATION.md,4672,eddd0bbf15a8699de76f4bef7971abde3b2eb110078d6a78c424bb6c5f64005f
07 Files for the engineer/Project files/out/print/plates/HEAD-V9-candidate/_filament_resolved.json,4162,79b8d64ac99baecc55f28e12b0a6f39c938919d68ddd6b731882c404dfc6d778
07 Files for the engineer/Project files/out/print/plates/HEAD-V9-candidate/_machine_resolved.json,29927,154b7875de9cf95bf367ba09f86b135a5d71d42ae6bab19d2c93472adb387347
07 Files for the engineer/Project files/out/print/plates/HEAD-V9-candidate/_process_resolved.json,5912,d415410d2e084f06e7c61db6edfe87a653739cd94c794b2df5616fa622e2b0c7
07 Files for the engineer/Project files/out/print/plates/HEAD-V9-candidate/final-metadata-proof.json,214,42587723140b7ceb39a746fe569de9f82eb7e683041ef8be143ccfed815e374d
07 Files for the engineer/Project files/out/print/plates/HEAD-V9-candidate/layout.json,3143,d8c8d2870c7f45d7ec8b616b2265f6957fc309d477dd2f61f004f3bed074ea38
07 Files for the engineer/Project files/out/print/plates/HEAD-V9-candidate/live-validator.txt,1171,c312ee76a91cec524395a2f16f45c8941867ec472d99f73d02f74688774e24ad
07 Files for the engineer/Project files/out/print/plates/HEAD-V9-candidate/microduck-head-v9-clean.3mf,895165,68b1602fbb9ff838bcf6d78a8d42a206733f07f7ef127afef42a32f135eacdb9
07 Files for the engineer/Project files/out/print/plates/HEAD-V9-candidate/microduck-head-v9-clean.gate.gcode.3mf,11174383,68cf1788107b9bed5e4241a13d842eb99b6b03224ae775ad6a0066ff2d7cd345
07 Files for the engineer/Project files/out/print/plates/HEAD-V9-candidate/microduck-head-v9.gcode.3mf,11172836,58fac4ca6baee18484bba3afbc393d83fad1821075ffe1d9557740a15a0254b4
07 Files for the engineer/Project files/out/print/plates/HEAD-V9-candidate/offline-validator.txt,1083,c01b7381ec85a155297ff593bdf8d20369e5124506018b85b3d2f7b90f79c90b
07 Files for the engineer/Project files/out/print/plates/HEAD-V9-candidate/partgate-result.json,490,e58a658706cc0cac42bca32e89233f3e82425cb6d9baf5577d7e58f9e208c896
07 Files for the engineer/Project files/out/print/plates/HEAD-V9-candidate/post-send-status.json,524,764c1e78e443909f451b1fe94b3e9de29c6917d91585bb88e5477610b8d72096
07 Files for the engineer/Project files/out/print/plates/HEAD-V9-candidate/process-values-from-v5.json,4623,5c319e81e3f75c511b14404a6ed93d728e9b6fc4e9cce370aab1a398752d69ff
07 Files for the engineer/Project files/out/print/plates/HEAD-V9-candidate/queued-job.json,203,2c8628e6dbade61c4cfddb1722e24b4c1926a45d6d843a4f0c2766d1b3ba28ad
07 Files for the engineer/Project files/out/print/plates/HEAD-V9-candidate/removed-faces-proof.json,1358,d65d3306c04030d642a7d9d3c225f681a6650c2898cee0baa9fedaf75202b2cc
07 Files for the engineer/Project files/out/print/plates/HEAD-V9-candidate/send-result-2.json,157,6749a659de136eeca9e3d76a20cb0736f01c027c0b4df9f26241a610bc95d6e4
07 Files for the engineer/Project files/out/print/plates/HEAD-V9-candidate/send-result.json,175,54574d5ef2d008dfae91f0653e0192ebf78c3c5dec9c86162759a89633cba846
07 Files for the engineer/Project files/out/print/plates/HEAD-V9-candidate/startup-observation.json,383,826546596be5ee53ecfb7e25aff78e9156062c6072b8c5410cf5430376ccfe81
07 Files for the engineer/Project files/out/print/plates/HEAD-X1C/HeadRest.gcode.3mf,2840490,7d6a8692520fa72574f180183144360641e4e4df56e3926a009e6598de9bdf38
07 Files for the engineer/Project files/out/print/plates/HEAD-X1C/head-x1c-B-brim.3mf,2358972,4df2e9a0409917160c929d4e4258e8ab751e635a52e03d34966c329f08223da3
07 Files for the engineer/Project files/out/print/plates/HEAD-X1C/head-x1c-B.3mf,2334366,06cd1c0ee18177f2dade9046f1674085b5fe42cc06a7f6a7c0b425f1f0298ac1
07 Files for the engineer/Project files/out/print/plates/HEAD-X1C/head-x1c-petg-brim.3mf,685940,501c37e9d7b36da1415c818ff1f276919b3b96bc5889dd29f32803a22e04eac0
07 Files for the engineer/Project files/out/print/plates/HEAD-X1C/head-x1c-petg.3mf,663903,6c2dd144305900bec25f5728f59b692cf087aec6725d8027fa1589d9f2fd6e8f
07 Files for the engineer/Project files/out/print/plates/HEAD-X1C/microduck-motor-support-nobrim.3mf,363212,a03428a2ef5bf4330d37d8d17c996ae1562e2443009719ec82b412686c3d3d83
07 Files for the engineer/Project files/out/print/plates/HEAD-X1C/microduck-yaw-roll-motion-nobrim.3mf,277392,7d8bef478312f3f8d7a36c7670d2b439ce647ee3c6ca796bbb04b5a5c7240fec
07 Files for the engineer/Project files/out/print/plates/HEAD-X1C/motor-support-brim.3mf,372139,716ce9b84ba70e6ab0933b3bc573ce2f880080135824f09501acb71af5724663
07 Files for the engineer/Project files/out/print/plates/HEAD-X1C/result.json,2871,ecb22f019c4a5fb6126a0f841d55ef9890a77ffcbcb59d18321824c2be4fc4ad
07 Files for the engineer/Project files/out/print/plates/HEAD-X1C/yaw-roll-brim.3mf,278621,70f89760d2930f57b504c195477d97ad66a6d19eed9a139dd26e41dc9b84b70d
07 Files for the engineer/Project files/out/print/plates/HEAD-X1C/yaw-roll-motion-petg.3mf,277402,427b57499d849e633168f7f49d1aabdf1eb74dc4f3e60b5a96f2263b538955ae
07 Files for the engineer/Project files/out/print/plates/PLA/microduck-PLA.3mf,4194450,5b8518b894b27198bcae1fad0a58d160f417b647dfe2e22cdf84d7dfa0055554
07 Files for the engineer/Project files/out/print/plates/TEST/result.json,2110,e62dd664f3fb9b05317cfa9d7fbff8d6c89bfb608fa86418fc9c1964a0debd0a
07 Files for the engineer/Project files/out/print/plates/TEST/test-m12-lens-holder-PETG.3mf,196831,5bb21fc6e262f9f0251fc91a373958e9a1e9cf1942e5980c7e4572cb1c58068c
07 Files for the engineer/Project files/out/print/plates/TPU/microduck-TPU.3mf,701351,6f1acd0f86d5545c3acac89f1bcca5e9b8da1b400fca634f71fce6d1255c99b2
07 Files for the engineer/Project files/out/print/plates/TPU-MOUTH-candidate/command-1.json,943,2917782ab0ed76a92f022c0f91979fded51c48eb268e52b64a664efd5da112bc
07 Files for the engineer/Project files/out/print/plates/TPU-MOUTH-candidate/flat/VALIDATION.md,2868,671d1037406953f17cdc4e0f430ec3de85c5f0186ed7aec5c6dd4697373a1009
07 Files for the engineer/Project files/out/print/plates/TPU-MOUTH-candidate/flat/geometry-proof.json,1464,aa5a44329921df1b05eaf03e2c7aec877505e698e1de5a5317d6b9d367a88e53
07 Files for the engineer/Project files/out/print/plates/TPU-MOUTH-candidate/flat/meshdoctor.json,561,13043ad589fd4003c8cd16769b491a884544fc86e1fb1b3f57107c3b12d7fa19
07 Files for the engineer/Project files/out/print/plates/TPU-MOUTH-candidate/flat/microduck-mouth-tpu.3mf,161638,cfe6549519befa69ffaad7d33ef3339b07bb974072e0a6664e7caf072971d60b
07 Files for the engineer/Project files/out/print/plates/TPU-MOUTH-candidate/flat/partgate-result.json,500,87bbcb4ae4f7c1f120c53243fe2c05541f8c3a0145322f7255ac765f79c67519
07 Files for the engineer/Project files/out/print/plates/TPU-MOUTH-candidate/flat/resolved-print-settings.json,541,f1fae5a77ab2601bdf6bb98c610329bd92f961bb2e0f9c4c01be720ea6f03e31
07 Files for the engineer/Project files/out/print/plates/TPU-MOUTH-candidate/flat/sliced/_filament_resolved.json,4338,27b8bc943d11fc2a0b4ec95d8ed1e9db6ac26e006db724e5ca7a447fe24a7003
07 Files for the engineer/Project files/out/print/plates/TPU-MOUTH-candidate/flat/sliced/_machine_resolved.json,29951,42b360b0eb861cc110769616ba0abd5f681e6584c2ed7f5796aed0e1109494d6
07 Files for the engineer/Project files/out/print/plates/TPU-MOUTH-candidate/flat/sliced/_process_resolved.json,6588,d27b678cdef0306fccd4f86e160b501e023b441c644c5af5018adca150d7bca6
07 Files for the engineer/Project files/out/print/plates/TPU-MOUTH-candidate/flat/sliced/microduck-mouth-tpu.gate.gcode.3mf,459222,aeb41038511869adc8c1dd685a5f27266109cbf16bfa9cf574f0ee8e66e72819
07 Files for the engineer/Project files/out/print/plates/TPU-MOUTH-candidate/flat/summary.json,1191,5f8d1def6d21111b2fab55e6888a348bd061706c298b6cef2c59862f3d790773
07 Files for the engineer/Project files/out/print/plates/TPU-MOUTH-candidate/flat/validation.txt,1070,275c053f0ad743c9ef03718c7789ac8618a430e21da920852d840b62d885dfed
07 Files for the engineer/Project files/out/print/plates/TPU-MOUTH-candidate/flipped/geometry-proof.json,1390,64a8aef5bcce8c2d5ca9a5618e6c45456473c79665d467b7cef2f6099eadc501
07 Files for the engineer/Project files/out/print/plates/TPU-MOUTH-candidate/flipped/meshdoctor.json,561,13043ad589fd4003c8cd16769b491a884544fc86e1fb1b3f57107c3b12d7fa19
07 Files for the engineer/Project files/out/print/plates/TPU-MOUTH-candidate/flipped/microduck-mouth-tpu.3mf,164750,7888a02a1b08821197d3735461cfee32cdc39fb9541acc2355551b7e95f6fea9
07 Files for the engineer/Project files/out/print/plates/TPU-MOUTH-candidate/flipped/partgate-result.json,506,90b039fa70778107e2528ee50de81b05402baab55fd55af3d279016997927041
07 Files for the engineer/Project files/out/print/plates/TPU-MOUTH-candidate/flipped/sliced/_filament_resolved.json,4338,27b8bc943d11fc2a0b4ec95d8ed1e9db6ac26e006db724e5ca7a447fe24a7003
07 Files for the engineer/Project files/out/print/plates/TPU-MOUTH-candidate/flipped/sliced/_machine_resolved.json,29951,42b360b0eb861cc110769616ba0abd5f681e6584c2ed7f5796aed0e1109494d6
07 Files for the engineer/Project files/out/print/plates/TPU-MOUTH-candidate/flipped/sliced/_process_resolved.json,6588,d27b678cdef0306fccd4f86e160b501e023b441c644c5af5018adca150d7bca6
07 Files for the engineer/Project files/out/print/plates/TPU-MOUTH-candidate/flipped/sliced/microduck-mouth-tpu.gate.gcode.3mf,457414,bcbf07bd7d7b884e73b17d5562977b19dc22b439b8f46a2b90fbf17ca39891c5
07 Files for the engineer/Project files/out/print/plates/TPU-MOUTH-candidate/flipped/validation.txt,1065,ebe3ac84b1f75602974f1f73774e86ec0c10cf4aae1d9cda09e2b0a6230dc9ba
07 Files for the engineer/Project files/out/print/plates/TPU-MOUTH-candidate/geometry-proof.json,1333,9932f25b5fa0ab7a56042738d34de7a41919e69eadf319b19baf4a0cf9fcc6c7
07 Files for the engineer/Project files/out/print/plates/TPU-MOUTH-candidate/meshdoctor.json,561,13043ad589fd4003c8cd16769b491a884544fc86e1fb1b3f57107c3b12d7fa19
07 Files for the engineer/Project files/out/print/plates/TPU-MOUTH-candidate/microduck-mouth-tpu.3mf,164469,0fc6c67d213af4b1552e2ef7234976c9dbc0998e0b7e16a5dced47489f754ee4
07 Files for the engineer/Project files/out/print/plates/TPU-MOUTH-candidate/partgate-result.json,534,ca13967afeec32d035b7b36d3a127fe07e4dfcc90c0d3631dd93a9575e591127
07 Files for the engineer/Project files/out/print/plates/TPU-MOUTH-candidate/prepare.py,2930,b1396aef6d5b06fd08bd3d7036aecfa33823bfb2b9b916ae0cdb19b3d0e95ded
07 Files for the engineer/Project files/out/print/plates/TPU-MOUTH-candidate/render.py,2179,45b262fd269535c2224a78b98901748d0fdfa814c41b4a2b0f969dd885fc071a
07 Files for the engineer/Project files/out/print/plates/TPU-MOUTH-candidate/repro-jaw/_filament_resolved.json,4338,27b8bc943d11fc2a0b4ec95d8ed1e9db6ac26e006db724e5ca7a447fe24a7003
07 Files for the engineer/Project files/out/print/plates/TPU-MOUTH-candidate/repro-jaw/_machine_resolved.json,29927,154b7875de9cf95bf367ba09f86b135a5d71d42ae6bab19d2c93472adb387347
07 Files for the engineer/Project files/out/print/plates/TPU-MOUTH-candidate/repro-jaw/_process_resolved.json,6514,e1839317799096b4679cdae652585809cf428ca500a11b102d168cce40de0c2a
07 Files for the engineer/Project files/out/print/plates/TPU-MOUTH-candidate/repro-result.json,315,3b243232121c82c514dda3504ee29ec21c5ab05e73c2d07e81fc4e1a1c19135a
07 Files for the engineer/Project files/out/print/plates/TPU-MOUTH-candidate/reproduce.py,1119,9a53e0e354587ea7462e31ad272342e9f2d1b01a67aa1b17191dfadc09f9f23b
07 Files for the engineer/Project files/out/print/plates/TPU-MOUTH-candidate/resolved-print-settings.json,791,0a9db35a10366483ac5d588572a7f4eadc6be73c1bc79222e6c4d0bc7c2a2ff8
07 Files for the engineer/Project files/out/print/plates/TPU-MOUTH-candidate/slice.py,862,d0f38426d8b19c8d8235e7b32108d8ef334844ab5684cff97c55c4764bdf7c86
07 Files for the engineer/Project files/out/print/plates/TPU-MOUTH-candidate/sliced/_filament_resolved.json,4338,27b8bc943d11fc2a0b4ec95d8ed1e9db6ac26e006db724e5ca7a447fe24a7003
07 Files for the engineer/Project files/out/print/plates/TPU-MOUTH-candidate/sliced/_machine_resolved.json,29951,42b360b0eb861cc110769616ba0abd5f681e6584c2ed7f5796aed0e1109494d6
07 Files for the engineer/Project files/out/print/plates/TPU-MOUTH-candidate/sliced/_process_resolved.json,6588,d27b678cdef0306fccd4f86e160b501e023b441c644c5af5018adca150d7bca6
07 Files for the engineer/Project files/out/print/plates/TPU-MOUTH-candidate/sliced/microduck-mouth-tpu.gate.gcode.3mf,728240,38244b590e33cab6f849e1b105708073b82cf4729fded39a665e8def043a59c3
07 Files for the engineer/Project files/out/print/plates/TPU-MOUTH-candidate/validation.txt,1070,3fc9e49f05519ee68e9f2a465a9f46ebd6eed387459bc3956c403f290fc0836b
07 Files for the engineer/Project files/out/print/plates/X1C/microduck-PLA-X1C-main.3mf,13893429,305c16a0c27cbedeb336bbc916b430faa612ecf024cf0b45804ea80824ee3a88
07 Files for the engineer/Project files/out/print/plates/X1C/microduck-top-head-shell.3mf,2439450,9f645c782dfde083c9b1d08cdd8c8d7c12b781d53016b963d37e2c4817945072
07 Files for the engineer/Project files/out/print/plates/X1C/microduck-yaw-roll-motion.3mf,270002,83b5608e03f0c64c47ce2f4d7cfff025767a7a568ab10fab7911272b7949a754
07 Files for the engineer/Project files/out/print/plates/X1C/result.json,2360,f316f5efb35701138a5c79d8cad47072a3b1022701676fbbf783f8cc06f0e9a4
07 Files for the engineer/Project files/out/print/slice.json,25959,ce073fcc8588f2d12895330b9677d0830036cf1915f4f3dc4fa72bc98c4e41e8
07 Files for the engineer/Project files/out/print/stl/PLA/microduck-ankle-left.stl,248984,141894853652315a34d9604dc07469efba23e762439ce9559d2fbe7eceb11a47
07 Files for the engineer/Project files/out/print/stl/PLA/microduck-ankle-right.stl,248884,ce7a6c206ef2ccba050c0fb6f728010ff68b6d945c5b709bc1d6ce5ce74f9437
07 Files for the engineer/Project files/out/print/stl/PLA/microduck-banana-pcb-locker.stl,65884,84623b8df65dfce30b24053ec439ded90f3bde67310772e117fb71bf74a1317d
07 Files for the engineer/Project files/out/print/stl/PLA/microduck-bearing-roll.stl,297884,70a52b19aac4fa1ee7001d51522c1293eccabc9b0045799c365da06a9128f7ab
07 Files for the engineer/Project files/out/print/stl/PLA/microduck-bottom-head-shell.stl,1048584,cd5ce2d8dad5ab78cb31e648a3f3f2320c312856f0c23d484f265091109b892f
07 Files for the engineer/Project files/out/print/stl/PLA/microduck-eye-ring.stl,49284,13c46603c2d039a0459854ea4250943dc6ae0bfd2e868fb986d376c64606a172
07 Files for the engineer/Project files/out/print/stl/PLA/microduck-face-part.stl,570684,6c4d2efd9338e99f2f2afc88d0c05f1ec202899f68c9b0a4dc20f731343db6fa
07 Files for the engineer/Project files/out/print/stl/PLA/microduck-foot-left.stl,996184,be1dc67c01b67ab8f162852fa24f834ba8342c9ce62318bf97f2586a32045994
07 Files for the engineer/Project files/out/print/stl/PLA/microduck-foot-right.stl,995784,c7e8cadc101fd7dcbd07cbcc3da16deb305dbd18cd87abadc022f36f5f129506
07 Files for the engineer/Project files/out/print/stl/PLA/microduck-hip-bracket.stl,1048584,348285e229d766143c4840c2b436c83e95efca8dad0e0672c5b681d73fb038d0
07 Files for the engineer/Project files/out/print/stl/PLA/microduck-jaw.stl,495984,a4b37c1a2634aead48768ea0e641a6eaa1237c62b77088f1994ecff6d48f226e
07 Files for the engineer/Project files/out/print/stl/PLA/microduck-m12-lens-holder.stl,549684,7c2c5bcd7ab59acb1928573c2604f7517ad479c1e0830682bc2d8b4e523e14e5
07 Files for the engineer/Project files/out/print/stl/PLA/microduck-motor-support.stl,180884,8d81adb6ad3e5465617f2df16e345c2dcd4c8fb89b971012f93713c0c7b60516
07 Files for the engineer/Project files/out/print/stl/PLA/microduck-neck-pitch-bracket.stl,356084,2223b69a18e34dcc624be0312b7388efa8df3d6165b7b11f19223dbd3e8ad604
07 Files for the engineer/Project files/out/print/stl/PLA/microduck-neck-plate.stl,73484,9540ab71c115e02ee3d5755eb2e161dc73bc7495fec72f3e28d04ad9e23c11a6
07 Files for the engineer/Project files/out/print/stl/PLA/microduck-power-support.stl,633284,d73e5121519b2b49efda903fc1641bd2e3897481f4462788c24f23e2d6a63dad
07 Files for the engineer/Project files/out/print/stl/PLA/microduck-shin.stl,527684,57931737819396d4d2fb8cb932a812c5083d51f16e8093fa7a35bd7429c8f418
07 Files for the engineer/Project files/out/print/stl/PLA/microduck-top-head-shell.stl,806084,1aa9a34586a865386199990b566d4c413f16dedab8f833dcc5a4e2a7365c83f4
07 Files for the engineer/Project files/out/print/stl/PLA/microduck-trunk-base.stl,494484,e0f49f9769ae901ec7d2884073f6d3b912d7e78abcd8602f48e785750dbfc454
07 Files for the engineer/Project files/out/print/stl/PLA/microduck-trunk-shell-left.stl,1048584,d8e4aa1fc6ab3b796857aae6ffcb301d7b9824f845f0ef9636a9d9212aa799df
07 Files for the engineer/Project files/out/print/stl/PLA/microduck-trunk-shell-right.stl,1048584,da8636ed69f8bec0ddb6ff6d5e6e6f6e9782ca3582d4e5812916f36a3d04b2d1
07 Files for the engineer/Project files/out/print/stl/PLA/microduck-upper-leg-left.stl,1108684,7f20e9d3eb04717da1b5d5e5a8c19636fcef0567832c2cd944608e5184ef1dc5
07 Files for the engineer/Project files/out/print/stl/PLA/microduck-upper-leg-right.stl,1108684,49789158c1b373a60c2132f93038d11a0c0ad165ee514602c8c58fece04912e3
07 Files for the engineer/Project files/out/print/stl/PLA/microduck-upper-leg-rigidity-plate.stl,180084,1c34d8f65063fc307ec67e6cf1aae4f418fc61d9d930a5a2d2ed51514e72c4b3
07 Files for the engineer/Project files/out/print/stl/PLA/microduck-yaw-roll-motion.stl,62184,5d5b36a52d22596c52b4124df266ec82a6117016719970a5938de985b116eff6
07 Files for the engineer/Project files/out/print/stl/PLA/microduck-yaw2roll.stl,530984,d56b73904221290da52cba53682b63297ffd22140c7b95473160e2f76d516bd9
07 Files for the engineer/Project files/out/print/stl/TPU/microduck-jaw-soft.stl,336384,8f8cf932458f37ca85cdebea4e5f84bc39f10dd18853323df013b649f8d03d1d
07 Files for the engineer/Project files/out/print/stl/TPU/microduck-soft-mouth-top.stl,393584,edf85ad574f922d832ce403043200c837d8ee0382c0f34475a31423a8211eb53
07 Files for the engineer/Project files/out/print/stl/TPU/microduck-sole-left.stl,789484,3d827d50dd4f57c240509470d66f4a8183c7cd86f901b21858d2c3a2a3f3367d
07 Files for the engineer/Project files/out/print/stl/TPU/microduck-sole-right.stl,794484,596a105dc00a5782523ba3d27496c8956f5f7c6ff39836d40d1767806dbe273c
07 Files for the engineer/Project files/out/print/stl/fixed/MESHDOCTOR.txt,2946,8d6127f0bd8f4868af0678a4ef33f9b28d0cad3a0ddf705b8ac7f19b1b4b8ec1
07 Files for the engineer/Project files/out/print/stl/fixed/PLA/microduck-ankle-left.stl,248984,3fc7fc5257bd8130e33d4ad7cf7416aa41d21ddec6b34b49b14eb6117f7c66fb
07 Files for the engineer/Project files/out/print/stl/fixed/PLA/microduck-ankle-right.stl,248884,e0c2bf720fda7778b2301cdfdbc1393c16b783fcaefcf73a2a942a6ea81f8654
07 Files for the engineer/Project files/out/print/stl/fixed/PLA/microduck-banana-pcb-locker.stl,65884,a05ec72e76d9c2b4f73016e092255ca843e1b7734ee1c81c4bddfafdaa3c7a15
07 Files for the engineer/Project files/out/print/stl/fixed/PLA/microduck-bearing-roll.stl,297884,fd5f3095e9eebb1163f2b3f9568dd3a88b05f0db3828b731ff7c8a08173bc165
07 Files for the engineer/Project files/out/print/stl/fixed/PLA/microduck-bottom-head-shell.stl,1048584,e12ce02cecf08ea528100fea3789234386a25cda942e57aa82b62447fc054077
07 Files for the engineer/Project files/out/print/stl/fixed/PLA/microduck-eye-ring.stl,49284,ea57d977f46ba5c61b2dc4e0275b8c1862d4a04e92948d156da1a9310f1187c4
07 Files for the engineer/Project files/out/print/stl/fixed/PLA/microduck-face-part.stl,570684,c2a79b7c819649d8a7703dd18c1ff305dea6a27c412ea01e59b075e3e01bebf9
07 Files for the engineer/Project files/out/print/stl/fixed/PLA/microduck-foot-left.stl,993084,8f062eb9cd5ff0d8436d1b31c6817cc19cf54f0dc6ba0c8cd127125028a78f84
07 Files for the engineer/Project files/out/print/stl/fixed/PLA/microduck-foot-right.stl,993384,6de9c27562dc5a0a691722323a82f3b56739bf3f100f41e5ec494ef1b2fd1294
07 Files for the engineer/Project files/out/print/stl/fixed/PLA/microduck-hip-bracket.stl,1048584,22bbe76b7b3509ab499dd5e63efc3daacfcc7c88ba7d1f0937bc8343509e8148
07 Files for the engineer/Project files/out/print/stl/fixed/PLA/microduck-jaw.stl,491284,d2fedeceaadda8aa50b3a034763a5be9cf3c6a9cdede0fe95f2d6378dffa4f4c
07 Files for the engineer/Project files/out/print/stl/fixed/PLA/microduck-m12-lens-holder.stl,549684,2c53373f9d1c0421b23d5c3a11a106607e8d5344abc7de10d7ead0f90d4d9b20
07 Files for the engineer/Project files/out/print/stl/fixed/PLA/microduck-motor-support.stl,180884,ab5563aeb3149154181e0ff85924b5d4cba4cdaab156fcd143af0229845a870f
07 Files for the engineer/Project files/out/print/stl/fixed/PLA/microduck-neck-pitch-bracket.stl,356084,9c9665c74936bec6e4be3ff2bbe49efb457319ce79e09e4079650b30911add77
07 Files for the engineer/Project files/out/print/stl/fixed/PLA/microduck-neck-plate.stl,73484,e664b0a3a6fa64a4d6cbe3ff809a62600f89766cb2e83cd59d105f4c6e279fa1
07 Files for the engineer/Project files/out/print/stl/fixed/PLA/microduck-power-support.stl,633284,3cd8a829a338223a884f8d90f2f8b7c64e1bcdb5dafa0c7e7ff061846a173a8c
07 Files for the engineer/Project files/out/print/stl/fixed/PLA/microduck-shin.stl,527684,43bab7e9425393fffe70c2f649898c05b2805a7d361fda2a5b7333e357a193ed
07 Files for the engineer/Project files/out/print/stl/fixed/PLA/microduck-top-head-shell.stl,806084,f1f1ad8c74372ccf822d09f0f2a66e0bb780ea672aeb74f9945e8e6c4b90b16d
07 Files for the engineer/Project files/out/print/stl/fixed/PLA/microduck-trunk-base.stl,494484,510e8ea1a960f72b3b134424ff0eea878e52e7246898fae4511b7f23ee2e1384
07 Files for the engineer/Project files/out/print/stl/fixed/PLA/microduck-trunk-shell-left.stl,1048584,f3b88b81fd8540aff6ce52596e4a50e1d7368e266dfcd77a401e457a09aec5fa
07 Files for the engineer/Project files/out/print/stl/fixed/PLA/microduck-trunk-shell-right.stl,1048584,4fb87db2b0fff0b83ed76deca3cedcc46ababe1e5a7618a9c4cb1db642c52862
07 Files for the engineer/Project files/out/print/stl/fixed/PLA/microduck-upper-leg-left.stl,1108584,37fabf4776d9a670bcf130689264fa7c8bccfef7d5027aacb991f2a4c8fe4f9a
07 Files for the engineer/Project files/out/print/stl/fixed/PLA/microduck-upper-leg-right.stl,1108584,ca40e1c94fdda3c6f6652797bc2d736b25e699b0057ba73a8f8ed26ffccc2276
07 Files for the engineer/Project files/out/print/stl/fixed/PLA/microduck-upper-leg-rigidity-plate.stl,180084,226653fc6a918c658ba91cde2fd20ff2ed82ac184085019550fbc7ac1f8f6734
07 Files for the engineer/Project files/out/print/stl/fixed/PLA/microduck-yaw-roll-motion.stl,63884,b226a690e232d3e413f640796f4e312547ca0e5730ddd459b77eb6e536dee1d6
07 Files for the engineer/Project files/out/print/stl/fixed/PLA/microduck-yaw2roll.stl,530984,f9002ae42c91acb5402627e9d13bf3224f1f94aebe3d82ceae44b69ed54e4b63
07 Files for the engineer/Project files/out/print/stl/fixed/TPU/microduck-jaw-soft.stl,333184,394f810034a990c32d869a193761a1f4a423a2e741b3b8038edc4f0aed67cf2a
07 Files for the engineer/Project files/out/print/stl/fixed/TPU/microduck-soft-mouth-top.stl,391784,b58068f3ca5bb384bd6078a41a39dc5f35579dbafe4e5d9dad67503e7cdbe502
07 Files for the engineer/Project files/out/print/stl/fixed/TPU/partgate.json,554,34fd3abe3c734533a3d6e68bc6f877d1c47dde6af2e74c1dab7517e7406e78ad
07 Files for the engineer/Project files/out/print/stl/oriented/MANIFEST.json,6268,a7e51a8dff73159bf3a0d339493625514d073e80d48ff28085fa96f6ddf9dc23
07 Files for the engineer/Project files/out/print/stl/oriented/PLA/microduck-ankle-left.stl,248984,aab32d8f371dc07becab11fc25a3d3bad1b7c3d640b0351d025b9083588bf1b0
07 Files for the engineer/Project files/out/print/stl/oriented/PLA/microduck-ankle-right.stl,248884,1d696924e856efd9948b53ea0fefb2a25b556bc13bee2d2a33f11bacaf9c3916
07 Files for the engineer/Project files/out/print/stl/oriented/PLA/microduck-banana-pcb-locker.stl,65884,d7c2b26887c28121d0c9a092ddc01c7c85c1a6469bf758edcdd43367f0443eb9
07 Files for the engineer/Project files/out/print/stl/oriented/PLA/microduck-bearing-roll.stl,297884,7e5a76578b4d796949d032ba422f0ce0e75275237385fc94964d46bad75b946c
07 Files for the engineer/Project files/out/print/stl/oriented/PLA/microduck-bottom-head-shell.stl,1048584,7b289fcbc5ee711e42463cc599f7f20315e40fe1e0ae812b602e68859f41e2c8
07 Files for the engineer/Project files/out/print/stl/oriented/PLA/microduck-eye-ring.stl,49284,4709f54d6559326b634d6783feb6183344dd6fcc365bd7a7460ea1f9d536e732
07 Files for the engineer/Project files/out/print/stl/oriented/PLA/microduck-face-part.stl,570684,7c8e67de4a263b67aa225f6faf74afa9ebe11dd8d5ae8b1bae314caf714a1975
07 Files for the engineer/Project files/out/print/stl/oriented/PLA/microduck-foot-left.stl,996184,efceebcd86ccf0e7ca20bb78af2c83ae2d2f858fc432abf23d4ca915b6f6d789
07 Files for the engineer/Project files/out/print/stl/oriented/PLA/microduck-foot-right.stl,995784,63caab72fb2bcfdc3a1893fcc901b13cb549d9bf02d19c2ddfd02feb40d84036
07 Files for the engineer/Project files/out/print/stl/oriented/PLA/microduck-hip-bracket.stl,1048584,57bab167cb004dbad97fb3adc4dd0b245cdad3f1a0656039feca471d0f5fbff9
07 Files for the engineer/Project files/out/print/stl/oriented/PLA/microduck-jaw.stl,495984,76d8481a5cbaa21c662890a006668b16f93a1f88530d244bb87edb48e04c5b6f
07 Files for the engineer/Project files/out/print/stl/oriented/PLA/microduck-m12-lens-holder.stl,549684,16b6464fc783400685c58f2f00fcf0f6abc07935fc3413f200861657ca15053e
07 Files for the engineer/Project files/out/print/stl/oriented/PLA/microduck-motor-support.stl,180884,970e6a03b6e97c7e34527d679fcc827076a285e271d85a96367483a34d441bbe
07 Files for the engineer/Project files/out/print/stl/oriented/PLA/microduck-neck-pitch-bracket.stl,356084,e8fbfc0db8b7339cbe74a77de3279e24fb2d11d7628604eadbd8cf10cda76b58
07 Files for the engineer/Project files/out/print/stl/oriented/PLA/microduck-neck-plate.stl,73484,d69c6b1279ada6e3d1f263f7cf2a11658cd30cb5a68b81c8c4143347d58720d7
07 Files for the engineer/Project files/out/print/stl/oriented/PLA/microduck-power-support.stl,633284,d96e942efc038f7fa9d8a9b48f3410a142ad03858c810b43d30e851f52289006
07 Files for the engineer/Project files/out/print/stl/oriented/PLA/microduck-shin.stl,527684,5d751d2b9010708714dc41d5d64644c85887be94961974f5b91d89568f2f736f
07 Files for the engineer/Project files/out/print/stl/oriented/PLA/microduck-top-head-shell.stl,806084,9bb62a5b16c99e0ff405774904a1792e1a6657b3daf1c9dcef4de376a92417cc
07 Files for the engineer/Project files/out/print/stl/oriented/PLA/microduck-trunk-base.stl,494484,b02625095b644aa8ce4f4a4c0608d0c15ec1c7bedf5a79c9fd064efda5f37465
07 Files for the engineer/Project files/out/print/stl/oriented/PLA/microduck-trunk-shell-left.stl,1048584,9cebc4f42e04275b5e1d41ce18722b78fe51c2c64d017e5aef18b213c35b088b
07 Files for the engineer/Project files/out/print/stl/oriented/PLA/microduck-trunk-shell-right.stl,1048584,417817ac98e42585f4a1b1aab76333102cec19e9b73c215322c6b325317a724f
07 Files for the engineer/Project files/out/print/stl/oriented/PLA/microduck-upper-leg-left.stl,1108684,c2eb61b1dcfc0e4227efff74ab0e769ddb22a72670cca203ee26374a45b64ce6
07 Files for the engineer/Project files/out/print/stl/oriented/PLA/microduck-upper-leg-right.stl,1108684,8cfc278e1a895527ecbdd61c99d36d657fcb751b6fed91be0c74f488dc77e2e4
07 Files for the engineer/Project files/out/print/stl/oriented/PLA/microduck-upper-leg-rigidity-plate.stl,180084,ee948af38769ea11692cabc1fb2d478b07e3c8a796cfe090c32b87e9ae7e1ab3
07 Files for the engineer/Project files/out/print/stl/oriented/PLA/microduck-yaw-roll-motion.stl,62184,671ca4439bdb864fdb70aafe90e3328658f3f79aad2bd90fc6bea80a9b1989d9
07 Files for the engineer/Project files/out/print/stl/oriented/PLA/microduck-yaw2roll.stl,530984,57ba8b8d9e19e7b9b0ac06a264f94267997759578f844ffcb8bfbf56d4238e98
07 Files for the engineer/Project files/out/print/stl/oriented-repaired/PLA/microduck-ankle-left.stl,248984,d1f06bcde21c4c36b48552a39bb368e04aebfbf83f756f7165ae7c02782d9852
07 Files for the engineer/Project files/out/print/stl/oriented-repaired/PLA/microduck-ankle-right.stl,248884,3e579a579f3caa7550d960a1b174868efbff42ea9c967103412718c613f6a549
07 Files for the engineer/Project files/out/print/stl/oriented-repaired/PLA/microduck-banana-pcb-locker.stl,65884,9da9f7b5385d866d0b8160432ae3442dd67750485c2d60ee48475d797af5147a
07 Files for the engineer/Project files/out/print/stl/oriented-repaired/PLA/microduck-bearing-roll.stl,297884,e92b9dc506e5d3e9de6154b63eb4154d072acd42af693285e09b4951aca55ee5
07 Files for the engineer/Project files/out/print/stl/oriented-repaired/PLA/microduck-bottom-head-shell.stl,1048584,55a30e97f1a9c82eed89261fe93dd7fa4bde5c2ee36dcacf7de6a66d919e48be
07 Files for the engineer/Project files/out/print/stl/oriented-repaired/PLA/microduck-eye-ring.stl,49284,5ef066c2c1d8bc5b2bd9e1b921011f85dbc1130dbb1f48df90f77225e60e57d1
07 Files for the engineer/Project files/out/print/stl/oriented-repaired/PLA/microduck-face-part.stl,570684,fe532c803a177ad73ddb2095f1cba04518db8e83a65b736c406b94a920ce14ce
07 Files for the engineer/Project files/out/print/stl/oriented-repaired/PLA/microduck-foot-left.stl,996184,a6e7eee5754a54116a087f823b2cc8c2370e96d5196782e1414e178afd7f8a81
07 Files for the engineer/Project files/out/print/stl/oriented-repaired/PLA/microduck-foot-right.stl,995784,ab4164c2ccb8dee5927b5c3b57d12dea824b38484ca2dd6cad1ae8cd101ee00d
07 Files for the engineer/Project files/out/print/stl/oriented-repaired/PLA/microduck-hip-bracket.stl,1048584,d7e96fa03d7d02f352ac6819ec2c4ef9f3ab232a6d9dcf2c913656eb6f089c5e
07 Files for the engineer/Project files/out/print/stl/oriented-repaired/PLA/microduck-jaw.stl,495984,5ab40abec22078a6b354f531f404bd8740e06bb8ad5cbb8e4378004661a5f2e8
07 Files for the engineer/Project files/out/print/stl/oriented-repaired/PLA/microduck-m12-lens-holder.stl,549684,47496616b9af784f92e97368a3681d80ba7b119a34b5f57994fe5104c1e4cb67
07 Files for the engineer/Project files/out/print/stl/oriented-repaired/PLA/microduck-motor-support.stl,180884,8928f6c4d60c7f2c30aba14e7b77d556350269b6e2c22326e00dceffe8151f91
07 Files for the engineer/Project files/out/print/stl/oriented-repaired/PLA/microduck-neck-pitch-bracket.stl,356084,5c2fc5ef024af19ac429b505274b2f0da12bc868b3c6698afe894da7b7535d91
07 Files for the engineer/Project files/out/print/stl/oriented-repaired/PLA/microduck-neck-plate.stl,73484,8168fe0cfc3e8f172e8fd629279adcd60dcb7f7f4770e8c4e8663af5c468fdb9
07 Files for the engineer/Project files/out/print/stl/oriented-repaired/PLA/microduck-power-support.stl,633284,72fa37707a47b5e5643ab801149c47173cb85958f7125d816200800017cf4c99
07 Files for the engineer/Project files/out/print/stl/oriented-repaired/PLA/microduck-shin.stl,527684,4a7961e03bfdf6b2c2f5edc3af8c5f5cdbac6162a2701c9ab2bcc4efdde378a0
07 Files for the engineer/Project files/out/print/stl/oriented-repaired/PLA/microduck-top-head-shell.stl,806084,c8d1ecb6451ff90aad1e40316d103a6ecdaa7529e4f87b2acb3aa37ca4a26065
07 Files for the engineer/Project files/out/print/stl/oriented-repaired/PLA/microduck-trunk-base.stl,494484,83205b8e85a2de8ae744b8b6761d8643d786af7c1a7e3bf8b550142b1aad5832
07 Files for the engineer/Project files/out/print/stl/oriented-repaired/PLA/microduck-trunk-shell-left.stl,1048584,2b66165e4abac8b7b69181199421ee8dd7a6cea9183954032acd6adfac9010e3
07 Files for the engineer/Project files/out/print/stl/oriented-repaired/PLA/microduck-trunk-shell-right.stl,1048584,a12f2f1af7536e22d3c988a81e15ecaae38746b4c591b4d11385d8449d43c4eb
07 Files for the engineer/Project files/out/print/stl/oriented-repaired/PLA/microduck-upper-leg-left.stl,1108684,7bec75a891f335d1c58d5ddd1f20e37daa4a17cfa61a96bca63c11fce03ebdc8
07 Files for the engineer/Project files/out/print/stl/oriented-repaired/PLA/microduck-upper-leg-right.stl,1108684,572d11c552f689e16ae547432db0debd84ed8fd1f70df84d47290916aa9fc283
07 Files for the engineer/Project files/out/print/stl/oriented-repaired/PLA/microduck-upper-leg-rigidity-plate.stl,180084,ca8116d30e7500021008ec3525d9fe80880bb15d40006826e657c2fee5fb6a91
07 Files for the engineer/Project files/out/print/stl/oriented-repaired/PLA/microduck-yaw-roll-motion.stl,63884,2fefa83a8c06f972861458a13b76865d74b83c380b526f3c897aaf707073b663
07 Files for the engineer/Project files/out/print/stl/oriented-repaired/PLA/microduck-yaw2roll.stl,530984,caae97ee6a159a1340f9f8a30c06607e00a5e150c553214cbb2f5d61617df15d
07 Files for the engineer/Project files/out/print/stl_manifest.json,14326,aa47b12d5e90a08e006df15c04ce0599988f2a138ff05ca114f59472852caeea
07 Files for the engineer/Project files/out/procurement/SOURCING-CN.md,6325,5b133188346803fe5d46d1c597077d46712bf3c9e75702b04cb83b27259a69b9
07 Files for the engineer/Project files/out/procurement/lcsc-bom.csv,341,db44ca1b12bf64220c1aead4b2501e4acf5570a7f0f349dba9fa8fd0443cedaf
07 Files for the engineer/Project files/out/ref/bearing_roll_back.png,15611,75d9eb144c6edfdd42a2ea34062ece25fa7ce20ff84e9266dbaa8bc08bd800cb
07 Files for the engineer/Project files/out/ref/bearing_roll_bottom.png,16381,2bf9c5048608d118d63c4320369e4a0d42d5e1101829826c4859b7bd5b19b2b2
07 Files for the engineer/Project files/out/ref/bearing_roll_front.png,15510,6626567784ba9f87240fe96607bacd913ace4b76c2f5da697c7c401230706f35
07 Files for the engineer/Project files/out/ref/bearing_roll_iso.png,31123,d77a0f0332bddaaf02228431b37c9d2ad27ae62f655334b19918a3f7f8759b89
07 Files for the engineer/Project files/out/ref/bearing_roll_left.png,20161,a5a1c9b1a1b78ad2e4d72b028b8d9d008ed357c01931622e416a4269284aba1c
07 Files for the engineer/Project files/out/ref/bearing_roll_right.png,18789,941caf4282a279abfd96b7ef4f3560ab9f3ba7f5f2c8959428048f31c2999f4a
07 Files for the engineer/Project files/out/ref/bearing_roll_top.png,16190,236033e4d9c4be09e069fd512209303642a6ff34c31d68da51d65f511d7cf150
07 Files for the engineer/Project files/out/ref/ref_elec_rpi_robot_hat_pcb_front.png,15052,cb01018620ba3c31a8bf1934cdb7e21d01db9e371e30bbf13059209193aef5b5
07 Files for the engineer/Project files/out/ref/ref_elec_rpi_robot_hat_pcb_iso.png,30571,6fdf9d4a3a656001a98a3fb7ba1ac052b58544f6d6766d8d13d33f29476c41cb
07 Files for the engineer/Project files/out/ref/ref_elec_rpi_robot_hat_pcb_top.png,19476,c090293d3a27d3a9fff1eb2f8bc1ec5c032add4ce92bb9a48776d092c5b7da2f
07 Files for the engineer/Project files/out/ref/ref_np_f970_front.png,22130,e8a3c328461d273fc4600f8bcc0aaacb6f4277115b192bb770a8cf4bdb41d6d6
07 Files for the engineer/Project files/out/ref/ref_np_f970_iso.png,50099,b6630c0bab8183aa6ba9d815bd76bf30b18929f246de64e4c16b2fcb436a516e
07 Files for the engineer/Project files/out/ref/ref_np_f970_top.png,21942,81ae6171307192427175792c09d1c410e9df706b5d45e6f7c927d98bcf4164b0
07 Files for the engineer/Project files/out/ref/ref_pcb__raspberry_pi_zero_2_w_front.png,15374,a41d2f79721f8e49c7be513a2d92ab22e39156f81acef376559312caa29392c0
07 Files for the engineer/Project files/out/ref/ref_pcb__raspberry_pi_zero_2_w_iso.png,65479,b0c359fd7f2441025be841c29b2b7eb5b582851f57cdd7849c66d41a3582b00c
07 Files for the engineer/Project files/out/ref/ref_pcb__raspberry_pi_zero_2_w_top.png,15178,f16b9959c5f2c5e817a35472c10863dc3055d2b0a34e6f850f04c80d95168ae8
07 Files for the engineer/Project files/out/ref/ref_seeed_bearing__configuration__22x16x4_front.png,16864,d3d8ecadb82053b8180a2b5745cd26ebdfdc939175f76fdff66b2d28334b92de
07 Files for the engineer/Project files/out/ref/ref_seeed_bearing__configuration__22x16x4_iso.png,51858,cfe82e1eed931b113966ee3bfa4d0e3a836b2386cb6033ba0d5e98661a7f84eb
07 Files for the engineer/Project files/out/ref/ref_seeed_bearing__configuration__22x16x4_top.png,114201,07c29eaac11b9bd595b474cdbb263c54cceecb8ec21b714b0e8f981024ac7435
07 Files for the engineer/Project files/out/ref/ref_seeed_bearing__configuration_default_front.png,17506,93f8111717cd88046999c66d68053cf7293895ae861e24b0e5c4506747efcb98
07 Files for the engineer/Project files/out/ref/ref_seeed_bearing__configuration_default_iso.png,62420,7c0b4bc267b831f15b6005d902fa6fd7692f20be3cbc35195def3037c8cd27eb
07 Files for the engineer/Project files/out/ref/ref_seeed_bearing__configuration_default_top.png,145081,e79d9339909116aef8f69023dd6a232a7c7113f6357cb240998eaee21019a33c
07 Files for the engineer/Project files/out/ref/ref_speaker_front.png,14232,adc7724c28d6ca875233eff5e232066b29bb2e5b3bf2f669cbc36580819d6146
07 Files for the engineer/Project files/out/ref/ref_speaker_iso.png,19574,04f0b9144e4180045c71f134a0b8b49d80213c6fdcb57c80be50423ac4dcf3e1
07 Files for the engineer/Project files/out/ref/ref_speaker_top.png,14646,a4b1a1279267f5be3de7182bd0fb409da4cffd68252f3dbc8429a2d14a7f1e9f
07 Files for the engineer/Project files/out/ref/ref_xl330_front.png,23825,03a66346be1a1f6cd36a35c6a7c7fd15c0d90972ebf1c78190c07a87e55959e9
07 Files for the engineer/Project files/out/ref/ref_xl330_iso.png,56404,e7a545e2d8b928ea5828fdbc2ed24364b0ceadfc1cf5b0af75a9eaae9f60a240
07 Files for the engineer/Project files/out/ref/ref_xl330_top.png,15383,63aa5cb3ce24b1b0c3111b3709bf62b18a9203e29103a940b98c75924c508ac4
07 Files for the engineer/Project files/out/ref/roll_servo_in_y2r.stl,206384,1c3c8816a6ff9fe5ad7bea98e9c85959317fc8e1ca7199f0d340fdc853448549
07 Files for the engineer/Project files/out/ref/slicer.py,2021,4f19b4076a3eba6e14114a1692c991d3ea8115fae128dda51b7128858cafa6ef
07 Files for the engineer/Project files/out/ref/y2r_context.stl,1996084,c7747fe8416bde8c3653ea4558d0fd6759297a34cbfaadd3bea121c9942acd99
07 Files for the engineer/Project files/out/ref/y2r_context_back.png,21603,18c509746ec92b2717a64399599a2acf829561fde5e6647e5b9a72981c06bfd2
07 Files for the engineer/Project files/out/ref/y2r_context_front.png,21447,5669d2aed6e8aa7fb49fa60692a67d5df66a1b47334a43e9ffe71df85089cbcd
07 Files for the engineer/Project files/out/ref/y2r_context_iso.png,97392,c75946c94dd38760d3b9cbb796a4f80e8da64ae0bb37bfcf6c8be4ffe75c44df
07 Files for the engineer/Project files/out/ref/y2r_context_left.png,34562,812dd65c5cb28eb33fab8fb97a09cfb3e0dd83f4c18fdcd143bba971c1b41954
07 Files for the engineer/Project files/out/ref/y2r_context_right.png,76595,e04d18105a474a0dfd5881c1b9bfe483d034cc3f0545ee1a68606ff145f02a3b
07 Files for the engineer/Project files/out/ref/yaw2roll_back.png,22506,5ba65e3d12239d4ba746306e5665c9aeec8e4cc7bd7922324d4044f8a589821f
07 Files for the engineer/Project files/out/ref/yaw2roll_bottom.png,17883,51f55d384bfb5ca04939e58ceaff2fec36a75d32137844827ac6ecc296e67a56
07 Files for the engineer/Project files/out/ref/yaw2roll_front.png,22544,2f2ba8c8f65deb305995d3b27f50ca75710fb929991e0b0deee3c00a16d499ad
07 Files for the engineer/Project files/out/ref/yaw2roll_iso.png,52608,b5a1dd8c470f3f3cbfc9a2850526b7a770f6a423112d721dcc45d1e59b7e718b
07 Files for the engineer/Project files/out/ref/yaw2roll_left.png,46854,52c21c3b8b48e7e842d9ec616b9564f12bcb512a9358651b2e8b5f587ba4ef4b
07 Files for the engineer/Project files/out/ref/yaw2roll_right.png,27095,0ef97850493882e4b4c1851021bfd7ea6e907a42e5c69c95ab3f78edd7b6859c
07 Files for the engineer/Project files/out/ref/yaw2roll_top.png,47479,1075ce58afc22c235ec680f0098d6b695a3f13d5bcb2670669d0cc59027313c7
07 Files for the engineer/Project files/out/refcheck/bearing-15x10x3/r1/compare.json,882,8e0d6af69e6e23b8b0a05b00bc9026ac422756094a7f898db75085b1ce05e8ed
07 Files for the engineer/Project files/out/refcheck/bearing-15x10x3/r1/features.json,1430,350336826e70ef1889f562b1aa7097f65146b88621ac3880ced537bda6cd2846
07 Files for the engineer/Project files/out/refcheck/bearing-15x10x3/r1/ours.stl,201684,1caa5658a4350dcc970b16072fa3ba08d007f820939ba400f871620f0a2be490
07 Files for the engineer/Project files/out/refcheck/bearing-15x10x3/r1/report.json,3402,d4775414355678ed550ba73795607bafbd3db5a7ee847d01801f584b81097e8d
07 Files for the engineer/Project files/out/refcheck/bearing-15x10x3/r1/report.md,939,eeeb8991144366d1325f572665bf848c3f2a77b6bf94e5f556af1606a2f54013
07 Files for the engineer/Project files/out/refcheck/bearing-15x10x3/verify/compare.json,882,b1a600ebb024cb38409a14ee86df176c2742a78b3fc90af53169aee549124c4b
07 Files for the engineer/Project files/out/refcheck/bearing-15x10x3/verify/features.json,1430,350336826e70ef1889f562b1aa7097f65146b88621ac3880ced537bda6cd2846
07 Files for the engineer/Project files/out/refcheck/bearing-15x10x3/verify/ours.stl,201684,1caa5658a4350dcc970b16072fa3ba08d007f820939ba400f871620f0a2be490
07 Files for the engineer/Project files/out/refcheck/bearing-15x10x3/verify/report.json,3782,498971ec21cb60df0babce82be687de98f50ce042303425a478b3ba78f57970f
07 Files for the engineer/Project files/out/refcheck/bearing-15x10x3/verify/report.md,939,018ee55ba507429daf099d0c80bda654093d29b5a5c30ec904dbc4b5ceb06aa0
07 Files for the engineer/Project files/out/refcheck/bearing-22x16x4/r1/compare.json,881,aa1ccacb7244dd55f312289db3e756ab26dc6bbc0db69e1af768ed645885100a
07 Files for the engineer/Project files/out/refcheck/bearing-22x16x4/r1/features.json,1427,2cd2bc68f4592f1f777800ed35e7e35e4464318f1a142ea5aaf21e98c7a05bce
07 Files for the engineer/Project files/out/refcheck/bearing-22x16x4/r1/ours.stl,201684,b6f5e67271fa36ae3f6acf90c8ea60b39717bb948aa4c5ee8c7a30f7e2165d63
07 Files for the engineer/Project files/out/refcheck/bearing-22x16x4/r1/report.json,3399,37be5a0aa13152db5a102fb9abc323db02d3b491d09b46d8507e6987d1cfa78f
07 Files for the engineer/Project files/out/refcheck/bearing-22x16x4/r1/report.md,937,eaeb083eec73e6a3abf77add2a4c13ed8cf3a21e5f7ed567d0bb4781d9b7123c
07 Files for the engineer/Project files/out/refcheck/bearing-22x16x4/verify/compare.json,882,fe80aa4b50fbe7f6bf14cedc8a58c694b7648195e56479e9992e93d6d696dc1f
07 Files for the engineer/Project files/out/refcheck/bearing-22x16x4/verify/features.json,1427,2cd2bc68f4592f1f777800ed35e7e35e4464318f1a142ea5aaf21e98c7a05bce
07 Files for the engineer/Project files/out/refcheck/bearing-22x16x4/verify/ours.stl,201684,b6f5e67271fa36ae3f6acf90c8ea60b39717bb948aa4c5ee8c7a30f7e2165d63
07 Files for the engineer/Project files/out/refcheck/bearing-22x16x4/verify/report.json,3780,6b741ec489d02d7bab89d844de284d1d3799f4e650863454c26488ca5c58ff27
07 Files for the engineer/Project files/out/refcheck/bearing-22x16x4/verify/report.md,937,17abca18dbeecdedc445873c5e73439117bf19283b7743fecbcab61cd501bf8f
07 Files for the engineer/Project files/out/refcheck/bearing-roll/r1/compare.json,869,9d44a7135937a797fed0c04a9b2aa2912508e2a9c477a7d3a821936360e831ba
07 Files for the engineer/Project files/out/refcheck/bearing-roll/r1/features.json,1223,9ca3607ead31b4c6c331b696163286bde2a3439ceb9a7c6032d3d5a36fdbcc7a
07 Files for the engineer/Project files/out/refcheck/bearing-roll/r1/ours.stl,1506884,d68dfda3f29158f9acd65e874471f49fc8c1fdd655a47290d9c95c3a00884135
07 Files for the engineer/Project files/out/refcheck/bearing-roll/r1/report.json,3123,387160ea94926504236f0e39defc32a74837b73b0f9e1135ff06f8fc5594e444
07 Files for the engineer/Project files/out/refcheck/bearing-roll/r1/report.md,766,525b5aee3274c35126044e07d7e68bb6a035c415c4753349c5c4836b22ee6a25
07 Files for the engineer/Project files/out/refcheck/microduck-ankle-left/r1/OURS-STL-REMOVED.txt,121,54dbbadd6e19e0baf7db501b7fdf71c7da112a52ef1a5d7c644ad4f454278287
07 Files for the engineer/Project files/out/refcheck/microduck-ankle-left/r1/compare.json,918,82f466e393ddc8df38e5e9038d5fa73367767c6a14a6022db1da2dd32f37d8fb
07 Files for the engineer/Project files/out/refcheck/microduck-ankle-left/r2/compare.json,899,3c5d472e511026e1cad11c38327783c0451dba86213ec585e550839b1482a090
07 Files for the engineer/Project files/out/refcheck/microduck-ankle-left/r2/features.json,6222,d6eddeab49d28ae68d64b3acacbd07d04fd681d967673cccb030cdd9540ae944
07 Files for the engineer/Project files/out/refcheck/microduck-ankle-left/r2/ours.stl,411984,9a637263f08477ce89475224e7f49a78e1847854a0033e5842e9756ef3444951
07 Files for the engineer/Project files/out/refcheck/microduck-ankle-left/r2/report.json,8653,ad2cc118ff6bf65961e7a84ba354f84d8b2e4e00aa613b1c164dda1de918a323
07 Files for the engineer/Project files/out/refcheck/microduck-ankle-left/r2/report.md,2530,b5dc8f5ce1bbb2b0562c2080c64a86f4eba80bb0af1373a76cb4f5bfabe67159
07 Files for the engineer/Project files/out/refcheck/microduck-ankle-left/r3/compare.json,885,5341d5967b5072fb288d306c953942f059082447010bbe68fbebc072768e5788
07 Files for the engineer/Project files/out/refcheck/microduck-ankle-left/r3/features.json,2270,af09ad405917dbe5ad2a59a4ce9f26ed5206a9dd38592006f8c460f740284fda
07 Files for the engineer/Project files/out/refcheck/microduck-ankle-left/r3/ours.stl,409584,8b88a8cd80a2b80b15ba141a11ab8781507ce0c0bc2afdddd18e6ab34c63dca6
07 Files for the engineer/Project files/out/refcheck/microduck-ankle-left/r3/report.json,4323,a4d445da4bc43098183301b5b67a18665e630b8c9966dac923bce563ed27de7b
07 Files for the engineer/Project files/out/refcheck/microduck-ankle-left/r3/report.md,720,ae250942bb427a9a502b2db29112093cce223aff0bce729c45529ebae11b2fd4
07 Files for the engineer/Project files/out/refcheck/microduck-ankle-left/verify/compare.json,888,45e007669a003f680405cb8a7faf710da1bb85a267a7d861626f8798b85da4d4
07 Files for the engineer/Project files/out/refcheck/microduck-ankle-left/verify/features.json,2270,af09ad405917dbe5ad2a59a4ce9f26ed5206a9dd38592006f8c460f740284fda
07 Files for the engineer/Project files/out/refcheck/microduck-ankle-left/verify/ours.stl,409584,8b88a8cd80a2b80b15ba141a11ab8781507ce0c0bc2afdddd18e6ab34c63dca6
07 Files for the engineer/Project files/out/refcheck/microduck-ankle-left/verify/report.json,4706,23f0252d723f7d4b21ff09a6c28b7bfc739f1739d4ec8aa8411859f059b65887
07 Files for the engineer/Project files/out/refcheck/microduck-ankle-left/verify/report.md,720,dc7454adc99c0fe3ce55841df0636f6b7e618dbf5f56799a37012585f6ba7b5e
07 Files for the engineer/Project files/out/refcheck/microduck-ankle-right/r1/compare.json,887,04b308b13a2f4ba958f72aeccc974b30a26bafc0bd79ede22b53c9b3c03c4ea2
07 Files for the engineer/Project files/out/refcheck/microduck-ankle-right/r1/features.json,2283,a3961cf4a1f8e95b034f92bbb8616992d45c4c622cf2283868f6d122ef94b91e
07 Files for the engineer/Project files/out/refcheck/microduck-ankle-right/r1/ours.stl,409584,00cdd0df7dfb0a76b35b6a2c0ea3ac95ca7e1d4b76bb99f7d5821bde35610b85
07 Files for the engineer/Project files/out/refcheck/microduck-ankle-right/r1/report.json,4348,7dee30b69f852e8a4b4f7c54276d187f86c5ab8c8b60e59b5cef8b434031e4a4
07 Files for the engineer/Project files/out/refcheck/microduck-ankle-right/r1/report.md,722,7fbd11da5a9e933d599cbe6178448ae6da2cc1dcec5a96ae951d08e794c17932
07 Files for the engineer/Project files/out/refcheck/microduck-ankle-right/verify/compare.json,889,6b81777664c36d2ffa096e7f020a91e7df15efb1f630dbd2675c758f2872339f
07 Files for the engineer/Project files/out/refcheck/microduck-ankle-right/verify/features.json,2283,a3961cf4a1f8e95b034f92bbb8616992d45c4c622cf2283868f6d122ef94b91e
07 Files for the engineer/Project files/out/refcheck/microduck-ankle-right/verify/ours.stl,409584,00cdd0df7dfb0a76b35b6a2c0ea3ac95ca7e1d4b76bb99f7d5821bde35610b85
07 Files for the engineer/Project files/out/refcheck/microduck-ankle-right/verify/report.json,4730,1f0aaec53b0df3425ec73b7a2a8a1761dba5813e9a84f238bf33789292fc6e34
07 Files for the engineer/Project files/out/refcheck/microduck-ankle-right/verify/report.md,722,7fbd11da5a9e933d599cbe6178448ae6da2cc1dcec5a96ae951d08e794c17932
07 Files for the engineer/Project files/out/refcheck/microduck-banana-pcb-locker/r1/compare.json,887,f0ad0db67bf062ee77233a87d59310aa73254d2d1e5902f72e03c2da06671448
07 Files for the engineer/Project files/out/refcheck/microduck-banana-pcb-locker/r1/features.json,539,bbb292d3c2b06513a6789fcc10bd07772a501227353407131955598e5cb6ff6d
07 Files for the engineer/Project files/out/refcheck/microduck-banana-pcb-locker/r1/ours.stl,332964,adc3d009f19767727e6a0aa79fd01d6e21239693a712fbc09e793f5e739471d7
07 Files for the engineer/Project files/out/refcheck/microduck-banana-pcb-locker/r1/report.json,2532,5380adc98c8a13658c50bde74e7ee7f1157c9cb0b9d3abecd005004e7f89e012
07 Files for the engineer/Project files/out/refcheck/microduck-banana-pcb-locker/r1/report.md,735,4d073c6bc5ff214a2f0a5ab736aae31d98acb97f7e7d8a1dad54b30f92bc9512
07 Files for the engineer/Project files/out/refcheck/microduck-banana-pcb-locker/verify/compare.json,884,56616a5437caac93446256819d2482a6c03e98b476c7883751c1e6600d9b6239
07 Files for the engineer/Project files/out/refcheck/microduck-banana-pcb-locker/verify/features.json,539,bbb292d3c2b06513a6789fcc10bd07772a501227353407131955598e5cb6ff6d
07 Files for the engineer/Project files/out/refcheck/microduck-banana-pcb-locker/verify/ours.stl,65884,40d5654bef34bc4dde853bc5d52a7d9c2a2a6c7db6ee1bfb2aa77e94a47626d8
07 Files for the engineer/Project files/out/refcheck/microduck-banana-pcb-locker/verify/report.json,2909,27af89242d6618b3618a8043b3c7b43c944e29fabaed59c7901a0d61242cf7ed
07 Files for the engineer/Project files/out/refcheck/microduck-banana-pcb-locker/verify/report.md,735,7f6730da385ed36c6bc075800092a358bfc640b7bec39810962bf1d8ee70adbb
07 Files for the engineer/Project files/out/refcheck/microduck-bearing-roll/verify/compare.json,867,df4b13f60635eea0325bcfeb745443f3cb870958668473096e93f5e5a7cb958b
07 Files for the engineer/Project files/out/refcheck/microduck-bearing-roll/verify/features.json,1225,3a666f9b07312cd18a6361f1950ca218140356d661eb6a26753e24b9687440a8
07 Files for the engineer/Project files/out/refcheck/microduck-bearing-roll/verify/ours.stl,297884,e4696972ccd34622c3ceebd19976ba03e995bdf9884f5e5933342a51e362ec60
07 Files for the engineer/Project files/out/refcheck/microduck-bearing-roll/verify/report.json,3583,d13a12937963f7f8a30bcae8e97595096e9c17a22edeb2968090acbd9792e2e8
07 Files for the engineer/Project files/out/refcheck/microduck-bearing-roll/verify/report.md,766,9da1ca2cb65f5364aa3fd5fd2742b0e79ac800bfb6cbf88e77d4804ce5424be0
07 Files for the engineer/Project files/out/refcheck/microduck-eye-ring/r1/compare.json,884,c4d710c973523c83ae40d376e42ba6b6b1fbe3f61a54e48cb10233c6e1ad090d
07 Files for the engineer/Project files/out/refcheck/microduck-eye-ring/r1/features.json,537,82c7cc85b4349c301560c72eacc8df96ce19fa8d5b1a978b6aa60ecf1dc331ff
07 Files for the engineer/Project files/out/refcheck/microduck-eye-ring/r1/ours.stl,103884,3dc7b6564c1767c719d7499c93095bdec0e49a576cd33d1adf3476795be2b04a
07 Files for the engineer/Project files/out/refcheck/microduck-foot-left/r1/compare.json,905,d485906b1d728138be3bac57e0ca624ec77832627c55bda43868bff44dfd48af
07 Files for the engineer/Project files/out/refcheck/microduck-foot-left/r1/features.json,540,3a5fad0c41a4f882736380d79247b9d4df08e36c6788c8bbb0e43e9363265dd7
07 Files for the engineer/Project files/out/refcheck/microduck-foot-left/r1/ours.stl,255584,d6381f95f5f9bae2792c089fef27b32daed45fb35e5bb100cb5380b5c93d308f
07 Files for the engineer/Project files/out/refcheck/microduck-foot-left/r1/report.json,2471,71632359d2e119f0643f054a969585f833ba86146316381d900b746b2028978e
07 Files for the engineer/Project files/out/refcheck/microduck-foot-left/r1/report.md,721,15b82773e29b3ff56776a8432bc99576a2ee235ae56e3d19ba1f22246b9bd1ec
07 Files for the engineer/Project files/out/refcheck/microduck-foot-left/verify/compare.json,906,c453ff0dd7e43361b5ca3aa24ab48cb33b4389d27ad05abff2f9b2e34786a279
07 Files for the engineer/Project files/out/refcheck/microduck-foot-left/verify/features.json,540,3a5fad0c41a4f882736380d79247b9d4df08e36c6788c8bbb0e43e9363265dd7
07 Files for the engineer/Project files/out/refcheck/microduck-foot-left/verify/ours.stl,255584,d6381f95f5f9bae2792c089fef27b32daed45fb35e5bb100cb5380b5c93d308f
07 Files for the engineer/Project files/out/refcheck/microduck-foot-left/verify/report.json,2852,1dd22f17a592b45e9a2fb26e5da4c009ec563d8cab86b85352f79f4e43fb099e
07 Files for the engineer/Project files/out/refcheck/microduck-foot-left/verify/report.md,721,017932e13798fab2b472fdf50c93955a32dae200aa0c881d0e8991a090be9a71
07 Files for the engineer/Project files/out/refcheck/microduck-foot-right/r1/compare.json,909,284ba326dbfa4e76fcb126c7c88c8c3e11654b6f8da7b3cc5c655e9e57cc999c
07 Files for the engineer/Project files/out/refcheck/microduck-foot-right/r1/features.json,542,aec62136472fd4f5dd478cf041637f87fb1a4bc788f50cac83a5db403ce2f30c
07 Files for the engineer/Project files/out/refcheck/microduck-foot-right/r1/ours.stl,263984,f2762b23d0d57ef662e2c6d9335d2f310dc949a28eade84c7c0a6b072c074962
07 Files for the engineer/Project files/out/refcheck/microduck-foot-right/r1/report.json,2487,330ff19c78f695d6e54ed463ae956ff28f6da3c3a8191c88348044b8bc670fc9
07 Files for the engineer/Project files/out/refcheck/microduck-foot-right/r1/report.md,723,226268933181b653fb836746a67409a639baf48a91755026c091b7adf9102bcd
07 Files for the engineer/Project files/out/refcheck/microduck-foot-right/verify/compare.json,907,51f1e06672b58e89c8c7b12e51cc7af3f2f17a7947afbce549778b6e2b822935
07 Files for the engineer/Project files/out/refcheck/microduck-foot-right/verify/features.json,542,aec62136472fd4f5dd478cf041637f87fb1a4bc788f50cac83a5db403ce2f30c
07 Files for the engineer/Project files/out/refcheck/microduck-foot-right/verify/ours.stl,263984,f2762b23d0d57ef662e2c6d9335d2f310dc949a28eade84c7c0a6b072c074962
07 Files for the engineer/Project files/out/refcheck/microduck-foot-right/verify/report.json,2865,1def4ecc5144b80e69e2d9ac281fd7ac19227e2dc490fa1b8df3740d986d60b8
07 Files for the engineer/Project files/out/refcheck/microduck-foot-right/verify/report.md,723,6603f8f9d27ae53f306715022b8600b50eb9a8b46f470510b885dd479a0ece04
07 Files for the engineer/Project files/out/refcheck/microduck-hip-bracket/r1/compare.json,917,db219d1b0dee8c0ab6d5ba866b98d5a8c383c2962310404d46d64d2afc9705cc
07 Files for the engineer/Project files/out/refcheck/microduck-hip-bracket/r1/features.json,6496,85cb45c629bda0e7f19630ae3c337e69ec07e0469aae519d8e422806ec7a5fed
07 Files for the engineer/Project files/out/refcheck/microduck-hip-bracket/r1/ours.stl,768124,274732fb3d0f98622e229d9c8d2ee8f12fceba839fd8af1c6d15e537bc9f8c5c
07 Files for the engineer/Project files/out/refcheck/microduck-hip-bracket/r1/report.json,8969,3f162617634737b522b17e75ef82a27a83e91a85bfdbf0908cc961f3845d4f28
07 Files for the engineer/Project files/out/refcheck/microduck-hip-bracket/r1/report.md,2791,046a22058c302f75badc051a577c2c3d51a0e8d70692238bc168d41bf72fc36a
07 Files for the engineer/Project files/out/refcheck/microduck-hip-bracket/r2/compare.json,890,4e21f1624bb80d3ca61f17982490f4c8156c0d689781f74347874b440412ce2f
07 Files for the engineer/Project files/out/refcheck/microduck-hip-bracket/r2/features.json,4211,a74b2374e72a54b7e51f661256c9e80971393a3bab33a2f2d5594dfe1f996aa5
07 Files for the engineer/Project files/out/refcheck/microduck-hip-bracket/r2/ours.stl,859084,18f89b82fb6f225496bebb00dc20e64407e0ee08b25b6fa8946926166a1d53ec
07 Files for the engineer/Project files/out/refcheck/microduck-hip-bracket/r2/report.json,6424,5f555ba51a8b81c86df66e52648add4bc43c80566ea0179fa7a5143470cd0427
07 Files for the engineer/Project files/out/refcheck/microduck-hip-bracket/r2/report.md,869,3404293ae9fe7b9e7eef888cc2c796e20ef5f05e52d1705541557b46f2cb48d4
07 Files for the engineer/Project files/out/refcheck/microduck-hip-bracket/verify/compare.json,890,83ad34b77b7da13b9bd90eec26e8dbc757be98e45a18b1bd4b10507529cb3d30
07 Files for the engineer/Project files/out/refcheck/microduck-hip-bracket/verify/features.json,4211,a74b2374e72a54b7e51f661256c9e80971393a3bab33a2f2d5594dfe1f996aa5
07 Files for the engineer/Project files/out/refcheck/microduck-hip-bracket/verify/ours.stl,859084,18f89b82fb6f225496bebb00dc20e64407e0ee08b25b6fa8946926166a1d53ec
07 Files for the engineer/Project files/out/refcheck/microduck-hip-bracket/verify/report.json,6804,a41e275068418dd40ef06d18d45ba4359cf36bc53d1f21febc5cbbd92cec94b3
07 Files for the engineer/Project files/out/refcheck/microduck-hip-bracket/verify/report.md,870,71deffc33b8694d3af81522f0123e61760480221308a4df17295021d610f571a
07 Files for the engineer/Project files/out/refcheck/microduck-m12-lens-holder/r1/compare.json,888,8e242e3f1d21b68534fac8c87a3ce575e2b0d0be034d7148cfd35edde27f3cec
07 Files for the engineer/Project files/out/refcheck/microduck-m12-lens-holder/r1/features.json,1972,4499e806bbc1a8b17dcfd97104dab0be3844df4bb5aa588503287d8d81e8234e
07 Files for the engineer/Project files/out/refcheck/microduck-m12-lens-holder/r1/ours.stl,241034,5a4c289595499139389204a3e2682bcda4687362fe46db36e04cbd2e404f9573
07 Files for the engineer/Project files/out/refcheck/microduck-m12-lens-holder/r1/report.json,4106,9d297349034e7f22bcf11ad6a0c77e1d02a0f06f902716ab86bac82330f69210
07 Files for the engineer/Project files/out/refcheck/microduck-m12-lens-holder/r1/report.md,1229,7e9d5cadc50bb7a1cedc56ebb020f5e3fd338037719cf0df7808105b1529abb9
07 Files for the engineer/Project files/out/refcheck/microduck-m12-lens-holder/r2/compare.json,878,ed5ae56f9c42d8bbf76cfb040af457606b9250a5b0f4e21f9bd41b9ba09dfc71
07 Files for the engineer/Project files/out/refcheck/microduck-m12-lens-holder/r2/features.json,840,5d2932038dbe8a908afc5d8ceddc2e81851ebe54c2761927aba17694da10a50c
07 Files for the engineer/Project files/out/refcheck/microduck-m12-lens-holder/r2/ours.stl,270284,762babbc46508cefe303cca399f7ff40ce29f1f262327440d4cdc7c9ee65c1c9
07 Files for the engineer/Project files/out/refcheck/microduck-m12-lens-holder/r2/report.json,2828,03e66e7a1ef940ab97f4ad1c7d7b324fb6608da59d5b9406b5dbfa432d97f85f
07 Files for the engineer/Project files/out/refcheck/microduck-m12-lens-holder/r2/report.md,723,afbfecb6457258f4da2bb295a25e4b204e937f719ecc04717a4639eb02726637
07 Files for the engineer/Project files/out/refcheck/microduck-motor-support/r1/compare.json,887,d3bca94f6f410c04a265680d61a35cdbe3b8888a2741415c0d5010f4e40fbe1a
07 Files for the engineer/Project files/out/refcheck/microduck-motor-support/r1/features.json,1576,ce20054acb39ab8eb2004728e56eab17eab2b87fd781dc1e69c7b55068389db3
07 Files for the engineer/Project files/out/refcheck/microduck-motor-support/r1/ours.stl,265184,aa46ac3c5b57194a85f864eaa3ba6f86b3e30441f5b8c8037335123f49514611
07 Files for the engineer/Project files/out/refcheck/microduck-motor-support/r1/report.json,3655,b972089fdeda0b1b3abd98f30e2c0a2a83ffc6fa2f6bce6abe600badb555e853
07 Files for the engineer/Project files/out/refcheck/microduck-motor-support/r1/report.md,998,7aee77f5c88897f676ce7ef475f98d1d280c5a97992b45ef9606330d511b88b9
07 Files for the engineer/Project files/out/refcheck/microduck-motor-support/r2/compare.json,889,d52a03e2bcb9b10b198c8031e7fdd5eaaaf2a52a478e6f29761a3d58f6bd2d0d
07 Files for the engineer/Project files/out/refcheck/microduck-motor-support/r2/features.json,1727,bf6f2b4be3f9813c2f6dd6629d85085cfa3a4e101b8838a86756acc49b4458fc
07 Files for the engineer/Project files/out/refcheck/microduck-motor-support/r2/ours.stl,278684,35d7e3ef86b8f20f11dd0f2243d824451d272277ec590a29cc982023cc3c9da8
07 Files for the engineer/Project files/out/refcheck/microduck-motor-support/r2/report.json,3820,295339b8439842b1360c37e247bc4194d6dd032155b3b7ab9e025ea46aab3415
07 Files for the engineer/Project files/out/refcheck/microduck-motor-support/r2/report.md,962,3127d91a1e30a463c4d0ba8b8e3cd9c13d11f05fe8d217db8bfa3b9a52814066
07 Files for the engineer/Project files/out/refcheck/microduck-motor-support/r3/compare.json,891,bba7e5d0ffe73dc6ac142e2741294a1a588dc9b0e8140775473f2af0e917cb5b
07 Files for the engineer/Project files/out/refcheck/microduck-motor-support/r3/features.json,1715,5483d47344b09e6ee0004b04a96eefbd30231fa3058379c3bacfde1552297f02
07 Files for the engineer/Project files/out/refcheck/microduck-motor-support/r3/ours.stl,277884,af54cf4f3da51799146a6b3f08eeb62de0bb3bf39702088d7bbb20eae9482450
07 Files for the engineer/Project files/out/refcheck/microduck-motor-support/r3/report.json,3810,b228042c60c6dcb4dba72fe3bb15033c1153413fbc81175acbfa6d08f9056e0e
07 Files for the engineer/Project files/out/refcheck/microduck-motor-support/r3/report.md,958,4d2a2ca472392220fecc98291102a2e0bf9643591f9b21637019ef5b4633eec0
07 Files for the engineer/Project files/out/refcheck/microduck-motor-support/r4/compare.json,888,350f80adf00392ccd1a4a26fc35e204ec8126f803b0236b6e8a058761263b37a
07 Files for the engineer/Project files/out/refcheck/microduck-motor-support/r4/features.json,1726,7d31de989e4c0e2ac8d32cb14d603657b95cec4141fce8c28f1aeeef3187822a
07 Files for the engineer/Project files/out/refcheck/microduck-motor-support/r4/ours.stl,278684,fce7c6a1d32672a1d579d3b4a1a9944244a56a8a86f3e8f37827c43a51d36fc6
07 Files for the engineer/Project files/out/refcheck/microduck-motor-support/r4/report.json,3818,8a914c5a2a400da42e5ab1b79efed9fd4c073fcdd8b71f53c3cf58a084278e3f
07 Files for the engineer/Project files/out/refcheck/microduck-motor-support/r4/report.md,960,00f568a26aecffd802f98e09eaa5a15f525f334261b0d2a8ee00c1c93ff650ce
07 Files for the engineer/Project files/out/refcheck/microduck-motor-support/r5/compare.json,891,4ae380468ac4da5040e5cbb099c0ef1521b83103f4f199f50073156d93fc491f
07 Files for the engineer/Project files/out/refcheck/microduck-motor-support/r5/features.json,1819,1a96937c946964c5175dfee99615552a5449f0df35b85df98e7feef6cabf42d1
07 Files for the engineer/Project files/out/refcheck/microduck-motor-support/r5/ours.stl,286784,c6e857dd2e7a4842217d521327b3a6aca93ede326b96323b28c1f20c220db08d
07 Files for the engineer/Project files/out/refcheck/microduck-motor-support/r5/report.json,3920,2f5c21789a4834619a7d42bae4839ea9e1ca4454d460d92aabfd27c696528fc8
07 Files for the engineer/Project files/out/refcheck/microduck-motor-support/r5/report.md,1056,55898100cfbf3d8be15f57fe76d3de58ae974fa236737f44ca556469b639d3b2
07 Files for the engineer/Project files/out/refcheck/microduck-motor-support/r6/compare.json,890,fbf20e6469bade5d2530791bd116dd7c93781b8a6e378d8ddb1d17f323ca850a
07 Files for the engineer/Project files/out/refcheck/microduck-motor-support/r6/features.json,1165,ac4b2676a8a869f17d06a13283e792e6a2c89b8a691697952ca1621f19f0c31d
07 Files for the engineer/Project files/out/refcheck/microduck-motor-support/r6/ours.stl,286484,838e24efb32012fb17a42d910dd38ac3770fbf8e887ae5f91b5d8c12d2dfe2e6
07 Files for the engineer/Project files/out/refcheck/microduck-motor-support/r6/report.json,3169,9715d116135835d5f441b64fda0d6b9f10a560eac2b80ea06ebc02ced2b389cb
07 Files for the engineer/Project files/out/refcheck/microduck-motor-support/r6/report.md,718,21bfcee7eb1f50b449f9abf053c08c1888de2668ef6e61c8f0656ac1dc499250
07 Files for the engineer/Project files/out/refcheck/microduck-motor-support/verify/compare.json,889,032c05f4661937ef325bbc7a00053fd6b2e63cbb043745f98cb24b47f8fcf444
07 Files for the engineer/Project files/out/refcheck/microduck-motor-support/verify/features.json,1165,ac4b2676a8a869f17d06a13283e792e6a2c89b8a691697952ca1621f19f0c31d
07 Files for the engineer/Project files/out/refcheck/microduck-motor-support/verify/ours.stl,286484,838e24efb32012fb17a42d910dd38ac3770fbf8e887ae5f91b5d8c12d2dfe2e6
07 Files for the engineer/Project files/out/refcheck/microduck-motor-support/verify/report.json,3548,e7517fe2fc858acd596064f2149cc56fe1bdbef88655cf8327b1f04a12dbf2d5
07 Files for the engineer/Project files/out/refcheck/microduck-motor-support/verify/report.md,718,c3d901ebc6bcad39fc11cdade62101a2a60e0518e527df3a060dc6b7ad13d0cb
07 Files for the engineer/Project files/out/refcheck/microduck-neck-pitch-bracket/r1/compare.json,886,6b06ecea71644d8b3a92f53319166f664d220bc4c325a5fe1117632584746589
07 Files for the engineer/Project files/out/refcheck/microduck-neck-pitch-bracket/r1/features.json,3475,539b99b6b7829d62e3af62623dfb216ab861f664bb92e48f8bb4c1329f3173e4
07 Files for the engineer/Project files/out/refcheck/microduck-neck-pitch-bracket/r1/ours.stl,595084,8b7c242e97284a79c2d28dfa3502acbf3f9d220dc41681eb43b27e7570157ee7
07 Files for the engineer/Project files/out/refcheck/microduck-neck-pitch-bracket/r1/report.json,5697,f1127b5ee4a31f01cef86389263e20a4c2a4e59728a3559d4bdbee43a247bf92
07 Files for the engineer/Project files/out/refcheck/microduck-neck-pitch-bracket/r1/report.md,725,432385c3fbfa684bfefc654290512595e8fdb754487513253739158ee5a25751
07 Files for the engineer/Project files/out/refcheck/microduck-neck-pitch-bracket/verify/compare.json,884,d5c42e3c3aaf0783ad90b7ee351eba7e41dce09fdbd53196d74dee1b085b34ba
07 Files for the engineer/Project files/out/refcheck/microduck-neck-pitch-bracket/verify/features.json,3475,539b99b6b7829d62e3af62623dfb216ab861f664bb92e48f8bb4c1329f3173e4
07 Files for the engineer/Project files/out/refcheck/microduck-neck-pitch-bracket/verify/ours.stl,595084,8b7c242e97284a79c2d28dfa3502acbf3f9d220dc41681eb43b27e7570157ee7
07 Files for the engineer/Project files/out/refcheck/microduck-neck-pitch-bracket/verify/report.json,6075,bc3a28dd2c96f4bcb59ca6a1a1bb94154bcd45f17f2b1ba0445f396c16d77c11
07 Files for the engineer/Project files/out/refcheck/microduck-neck-pitch-bracket/verify/report.md,725,7bffc787d97113d52121f5d2142d1051ba625a6a270ce3d5fc1fc31a363a2f0b
07 Files for the engineer/Project files/out/refcheck/microduck-neck-plate/r1/compare.json,876,298582e5a30494ae2488317a9b583f20611f28b2307b832c71612fe0de78d1b6
07 Files for the engineer/Project files/out/refcheck/microduck-neck-plate/r1/features.json,989,2f081af258a59b699578c60b4eb7b7ab76be90447f29edd06d1ab816da576006
07 Files for the engineer/Project files/out/refcheck/microduck-neck-plate/r1/ours.stl,111884,fedcbfd8ad93480282ce5cf4057b638c75c7a2aba5dde35f97b92ee505e09905
07 Files for the engineer/Project files/out/refcheck/microduck-neck-plate/r1/report.json,2931,70d6ab390b7f1c8d8f4c8fb3284949801e074785e951a624967221821fb57326
07 Files for the engineer/Project files/out/refcheck/microduck-neck-plate/r1/report.md,705,78787980cf06b031af3562f20ff430917f4d9fdd051c1e6a8c8820b47c285baf
07 Files for the engineer/Project files/out/refcheck/microduck-neck-plate/verify/compare.json,876,b407e6c4c45a5f4a42d670654f57ea1ec8e16d4d24886bd9ab5a59da3839ee83
07 Files for the engineer/Project files/out/refcheck/microduck-neck-plate/verify/features.json,989,2f081af258a59b699578c60b4eb7b7ab76be90447f29edd06d1ab816da576006
07 Files for the engineer/Project files/out/refcheck/microduck-neck-plate/verify/ours.stl,111884,fedcbfd8ad93480282ce5cf4057b638c75c7a2aba5dde35f97b92ee505e09905
07 Files for the engineer/Project files/out/refcheck/microduck-neck-plate/verify/report.json,3311,1ec98d71c381f3752a1cde21ccccbbaa55eebf888e3c723fdb9e76cee8c42afd
07 Files for the engineer/Project files/out/refcheck/microduck-neck-plate/verify/report.md,705,78787980cf06b031af3562f20ff430917f4d9fdd051c1e6a8c8820b47c285baf
07 Files for the engineer/Project files/out/refcheck/microduck-power-support/r1/compare.json,897,213e8eceff2c5d136d80ff59f66c11fed068c85cd7c92b5d96e94e567da4738f
07 Files for the engineer/Project files/out/refcheck/microduck-power-support/r1/features.json,4003,75cb897b39af6c7ac73de256d9eb93cb8468f47b4cbb6a306b8a5547f0dfd27d
07 Files for the engineer/Project files/out/refcheck/microduck-power-support/r1/ours.stl,3206032,a9c2084ae536d2aa58c45c4366468ee0fe6b3393373b7341b52197a90ad7eb3a
07 Files for the engineer/Project files/out/refcheck/microduck-power-support/r1/report.json,6237,37ac19b4fde64ad4ab538737b023ea3cecd5023e129c7436fcaa083ea1cc5885
07 Files for the engineer/Project files/out/refcheck/microduck-power-support/r1/report.md,1092,e9d4d03f6c8765a9f50aefa9ff49361cb8dd16b3605b7bf15784620f28d73504
07 Files for the engineer/Project files/out/refcheck/microduck-power-support/r2/compare.json,894,a08326b2936a2b4c8a5efe8315f925d626c6e9f957662e79ab0f75971307300e
07 Files for the engineer/Project files/out/refcheck/microduck-power-support/r2/features.json,4003,75cb897b39af6c7ac73de256d9eb93cb8468f47b4cbb6a306b8a5547f0dfd27d
07 Files for the engineer/Project files/out/refcheck/microduck-power-support/r2/ours.stl,3204008,015611e5478a3e1b6de2db0d3b2d7a824c83f5748d93be37999b0de8da9f308d
07 Files for the engineer/Project files/out/refcheck/microduck-power-support/r2/report.json,6234,bc458de36e60eb3cb351d39b99580c4d1bffc6a1ae4acba080d6e718f1d69f29
07 Files for the engineer/Project files/out/refcheck/microduck-power-support/r2/report.md,1093,191b233980681d01bd1f6cbc451e39519db41a446e7427ea6cd7e0828db10917
07 Files for the engineer/Project files/out/refcheck/microduck-power-support/verify/compare.json,890,0b043b9ee39734246adc04eaf94764fce2f945ebb62db2ff3d1252c839c33e30
07 Files for the engineer/Project files/out/refcheck/microduck-power-support/verify/features.json,4003,75cb897b39af6c7ac73de256d9eb93cb8468f47b4cbb6a306b8a5547f0dfd27d
07 Files for the engineer/Project files/out/refcheck/microduck-power-support/verify/ours.stl,633284,7024d17797398f9a3acc88a22b34bddcd23c6869295899a1dc99070df98e6cfd
07 Files for the engineer/Project files/out/refcheck/microduck-power-support/verify/report.json,6610,04365f8a464163d574b4bf9dddf2273a6b45342d04258b497ac54ced9f58b3cb
07 Files for the engineer/Project files/out/refcheck/microduck-power-support/verify/report.md,1093,19e6bc9d1f1b6a7f7ecf8a8160932bbcadd7ee0c54792986df4d5fc9a31e5c42
07 Files for the engineer/Project files/out/refcheck/microduck-robot-hat-pcb/r1/compare.json,888,75532242b4079b5dc9f05c4f42f9c16d23384200c2a9cd6470a62ee47727fe6f
07 Files for the engineer/Project files/out/refcheck/microduck-robot-hat-pcb/r1/features.json,9840,ee849c8e60f729e1fc9a0f5ba2a27422400d82616331a7fb86d107f24a4ce185
07 Files for the engineer/Project files/out/refcheck/microduck-robot-hat-pcb/r1/ours.stl,1556484,ba0f0e81c3b725084f28518d59ec9fbdb3ebf6ab224631fe8946aceeed5d07a9
07 Files for the engineer/Project files/out/refcheck/microduck-robot-hat-pcb/r1/report.json,12511,d78b6debdff53332daff125fd810137cdbfc3182ebb593f74a5d652158872d54
07 Files for the engineer/Project files/out/refcheck/microduck-robot-hat-pcb/r1/report.md,739,b26bcc16abc434209968bbbb0dc7a871d5045294956c05c0c07eafde20c72f3e
07 Files for the engineer/Project files/out/refcheck/microduck-robot-hat-pcb/verify/compare.json,889,4e4f404db494a91eb8a9d3c8599e2bf65a6767ace525dfc38725701aa438460b
07 Files for the engineer/Project files/out/refcheck/microduck-robot-hat-pcb/verify/features.json,9840,ee849c8e60f729e1fc9a0f5ba2a27422400d82616331a7fb86d107f24a4ce185
07 Files for the engineer/Project files/out/refcheck/microduck-robot-hat-pcb/verify/ours.stl,1556484,ba0f0e81c3b725084f28518d59ec9fbdb3ebf6ab224631fe8946aceeed5d07a9
07 Files for the engineer/Project files/out/refcheck/microduck-robot-hat-pcb/verify/report.json,12892,1a5894a55c5b72f5e0beadde3315cfaaf1726706ba93aa9ee7b40774e3c28883
07 Files for the engineer/Project files/out/refcheck/microduck-robot-hat-pcb/verify/report.md,739,71cbfe963d3ba4b1c74da95d8556296fa50393ce0dc760500aecdf8244690438
07 Files for the engineer/Project files/out/refcheck/microduck-shin/ours.stl,2368096,77769c273c7e5d2f1995b84b2480211321900d908d5fffb69173975b047636a8
07 Files for the engineer/Project files/out/refcheck/microduck-shin/r1/compare.json,888,1bba23c6b117faa6e1956592892083e939b6843004588ebb9c66e0a69665edf4
07 Files for the engineer/Project files/out/refcheck/microduck-shin/r1/features.json,3826,46fcfb023a527776101814c371605ccce78b8c75f8a8088febe054d6cdd7f00a
07 Files for the engineer/Project files/out/refcheck/microduck-shin/r1/ours.stl,2368096,77769c273c7e5d2f1995b84b2480211321900d908d5fffb69173975b047636a8
07 Files for the engineer/Project files/out/refcheck/microduck-shin/r1/report.json,5993,2bff02fa22b4b52c5fe805bec531eb610a2a17a3869ed99e9d9dc91dee4fd148
07 Files for the engineer/Project files/out/refcheck/microduck-shin/r1/report.md,1048,b9aae8dab1bf47117b88d9e54bc729913e7d0e9aabf7259c776866a443f4e568
07 Files for the engineer/Project files/out/refcheck/microduck-shin/r2/compare.json,890,7edd5ee3aa199813e5b97b286f5e4d786bb8ed754b05d395e38634bdb79e42a2
07 Files for the engineer/Project files/out/refcheck/microduck-shin/r2/features.json,3754,d6e5ada849e108b69f326a9cd37ddec3cbdfdb6acf9c7fbbb56ab406d9b3a31a
07 Files for the engineer/Project files/out/refcheck/microduck-shin/r2/ours.stl,2509776,ee7d1b3940c94b12489dc0236db6c0178c9490b41ca28e210a128a91a788d0bd
07 Files for the engineer/Project files/out/refcheck/microduck-shin/r2/report.json,5916,19708b7b77cb8a0e2b6f7545c09e65f98d6d14a730d8662849f3f59abf62fb0a
07 Files for the engineer/Project files/out/refcheck/microduck-shin/r2/report.md,1157,7c58761451b8925a071d027059505b86b811af8e1d7ed95080d90bd16933dba4
07 Files for the engineer/Project files/out/refcheck/microduck-shin/r3/compare.json,899,60bbdf8c2d22f2accce8685566234c56ed04c9e0ecc3fb307705cb880bf1a5e0
07 Files for the engineer/Project files/out/refcheck/microduck-shin/r3/features.json,3608,ba290d531b9f9d94ff7c2a69d0b23fac6ab3d24e96e4684d7cb4611ecfe008b2
07 Files for the engineer/Project files/out/refcheck/microduck-shin/r3/ours.stl,2640324,d974b1a27f554e14ab959f471dc9b69bd80c3a74083701ab6efaca024d122864
07 Files for the engineer/Project files/out/refcheck/microduck-shin/r3/report.json,5767,0123c8a5ce36d47b5ae5acbe20b6966211011a7fc519303917b9a50b71ef1a30
07 Files for the engineer/Project files/out/refcheck/microduck-shin/r3/report.md,999,5ea9e92ba3c40d645dd08720defae1bfecedba628f0712afbede4d12ebfd2212
07 Files for the engineer/Project files/out/refcheck/microduck-shin/r4/compare.json,885,165cd0778d4c4825abb73d64d8324dc8e807d4f70ddf52751c8afb83c40e60e3
07 Files for the engineer/Project files/out/refcheck/microduck-shin/r4/features.json,3598,f3b562785a454d124aa66a6e78adff932cc9e5daa1314a1fe681bc7cca10112c
07 Files for the engineer/Project files/out/refcheck/microduck-shin/r4/ours.stl,2669672,8034e9153f9ebb10ed3b42d2763effc4b2a460d7ac05b24973c93b8be4afe13c
07 Files for the engineer/Project files/out/refcheck/microduck-shin/r4/report.json,5693,7556db4e74175434b23ab01d6dce35963246594e4f248e9f056e5a27ba255ccf
07 Files for the engineer/Project files/out/refcheck/microduck-shin/r4/report.md,756,d5a47e9b2770cfd5d510a4813a15ea4e6606e1e3ea38a6a7add19e2fbeb4af4e
07 Files for the engineer/Project files/out/refcheck/microduck-sole-left/a1/compare.json,904,4e80e2e01e8e0f898046d3662b8553f73d81403c61576e5bef5dfdda64d5b852
07 Files for the engineer/Project files/out/refcheck/microduck-sole-left/a1/features.json,490,adf87cbdacd6f54e05bc16b9fb21e3a9a7d4b5af6995c95d76b6a929bbef5b88
07 Files for the engineer/Project files/out/refcheck/microduck-sole-left/a1/ours.stl,1010584,fc0740f1bf62c11d0fec7cdeaec753fcc26a58d255834acbf622751e87e69a37
07 Files for the engineer/Project files/out/refcheck/microduck-sole-left/a1/report.json,805,74e2ce589f008dc55694652fc2b71588aa7198b2df24f12c3b72e7c5c37437f7
07 Files for the engineer/Project files/out/refcheck/microduck-sole-left/r1/compare.json,903,c3c66fe2bc39723c57ce5e195e542bb75995f1c5a769295778851942722d0449
07 Files for the engineer/Project files/out/refcheck/microduck-sole-left/r1/features.json,229,7751185686372909d05e6aa4bdcf960a3ba5f0382e29796bd141da5bca1de7e1
07 Files for the engineer/Project files/out/refcheck/microduck-sole-left/r1/ours.stl,562384,745a39ac1a27de4743dee237dd26f6984d604f1062cc407b683cbcb04495f6e4
07 Files for the engineer/Project files/out/refcheck/microduck-sole-left/r1/report.json,2137,69fe6618bf244ae6ff768c9f34b1b91e5d15edbdf5ba3456fd33d1b82d63723c
07 Files for the engineer/Project files/out/refcheck/microduck-sole-left/r1/report.md,723,5b63733f21d5d6a45dd7a517967921f5635afb0d915aed3053d66459d6e3a42d
07 Files for the engineer/Project files/out/refcheck/microduck-sole-left/r2/compare.json,901,87a659517f4dce5f3ccc2481e9d80a10b46191a57e1f718b230f97ab3667b4a4
07 Files for the engineer/Project files/out/refcheck/microduck-sole-left/r2/features.json,229,7751185686372909d05e6aa4bdcf960a3ba5f0382e29796bd141da5bca1de7e1
07 Files for the engineer/Project files/out/refcheck/microduck-sole-left/r2/ours.stl,552784,0741a07007d0981188a2b84a10fe31b2368f17aabf6faebfa7bb559bb78f39e0
07 Files for the engineer/Project files/out/refcheck/microduck-sole-left/r2/report.json,2131,157aed4d79f935f3a4335373cf00a99693b9c995dc039f43db8ddf34a4287c82
07 Files for the engineer/Project files/out/refcheck/microduck-sole-left/r2/report.md,722,30116f1d75425ddacf866e12e6a393225b37d5c9b6b657e77cd5797cac6108be
07 Files for the engineer/Project files/out/refcheck/microduck-sole-left/verify/compare.json,901,f7f6b7ed656f6ec84d78daa91f58390fa56b8c4cbbc40fdeea5c99a64b950bf0
07 Files for the engineer/Project files/out/refcheck/microduck-sole-left/verify/features.json,229,7751185686372909d05e6aa4bdcf960a3ba5f0382e29796bd141da5bca1de7e1
07 Files for the engineer/Project files/out/refcheck/microduck-sole-left/verify/ours.stl,552784,0741a07007d0981188a2b84a10fe31b2368f17aabf6faebfa7bb559bb78f39e0
07 Files for the engineer/Project files/out/refcheck/microduck-sole-left/verify/report.json,2511,be8e9e523d2f6b1de61bb36bb326e08a0c550e4c55c8f1b2b7e77f8c71e0faff
07 Files for the engineer/Project files/out/refcheck/microduck-sole-left/verify/report.md,722,e89e413d5e3672e1097a63782380a606141cf6c642dcdc7289cc2f99a7916d23
07 Files for the engineer/Project files/out/refcheck/microduck-sole-right/r1/compare.json,901,8c9b7ec1bb605b02a9e0b2e6508e76a9f350cf524033b9e0a318b4482c77d156
07 Files for the engineer/Project files/out/refcheck/microduck-sole-right/r1/features.json,229,7751185686372909d05e6aa4bdcf960a3ba5f0382e29796bd141da5bca1de7e1
07 Files for the engineer/Project files/out/refcheck/microduck-sole-right/r1/ours.stl,555384,0c0984f3f717a431082c55eacedfb322b681ab362cf75e98d8ac4e9ec172f74e
07 Files for the engineer/Project files/out/refcheck/microduck-sole-right/r1/report.json,2141,99dfe2ac0b0bfa7759e4f066f102d52aaafb7943adae6bc8613dbf6cab271cc6
07 Files for the engineer/Project files/out/refcheck/microduck-sole-right/r1/report.md,724,e9028de6620fdc935312ccf6ff6e18b431e87dfd6287d057c149690a8d90fae9
07 Files for the engineer/Project files/out/refcheck/microduck-sole-right/verify/compare.json,901,cfa98ee37f66efcc15cfa6b3491f12da262fca5149b9141b253c04a05081a4fd
07 Files for the engineer/Project files/out/refcheck/microduck-sole-right/verify/features.json,229,7751185686372909d05e6aa4bdcf960a3ba5f0382e29796bd141da5bca1de7e1
07 Files for the engineer/Project files/out/refcheck/microduck-sole-right/verify/ours.stl,555384,0c0984f3f717a431082c55eacedfb322b681ab362cf75e98d8ac4e9ec172f74e
07 Files for the engineer/Project files/out/refcheck/microduck-sole-right/verify/report.json,2521,a76ea130d8273ef3eb42e5c1643c44548db15cbe739674b98ee48ec48d5ae91c
07 Files for the engineer/Project files/out/refcheck/microduck-sole-right/verify/report.md,724,7b7680318fed2a98e2d8cb728cdc763433ecc0ea0d363f6da1073406b3de4e9e
07 Files for the engineer/Project files/out/refcheck/microduck-speaker/r1/compare.json,851,b5067492b9359b4ba6cc28958574385cb86831c77a483f482bef757f858a3ce4
07 Files for the engineer/Project files/out/refcheck/microduck-speaker/r1/features.json,229,7751185686372909d05e6aa4bdcf960a3ba5f0382e29796bd141da5bca1de7e1
07 Files for the engineer/Project files/out/refcheck/microduck-speaker/r1/ours.stl,684,8b67ad5008a2b06f9ce0fc139d27522dc366ee2b4db628f1074e6348175c9bb6
07 Files for the engineer/Project files/out/refcheck/microduck-speaker/r1/report.json,2061,8118d41084d0f2652e4aaab6a4a30c0affdce23c55623c65569efea6a1f2e26e
07 Files for the engineer/Project files/out/refcheck/microduck-speaker/r1/report.md,703,a69cf3967a29620b76c0b386caa2ded5c1f3c41526356d5c0c5ed2d6876b72a7
07 Files for the engineer/Project files/out/refcheck/microduck-speaker/verify/compare.json,851,d1a2fc35ad59e5a254869df8244b6d2aeacfbd8173c55c49b609128bf03aece9
07 Files for the engineer/Project files/out/refcheck/microduck-speaker/verify/features.json,229,7751185686372909d05e6aa4bdcf960a3ba5f0382e29796bd141da5bca1de7e1
07 Files for the engineer/Project files/out/refcheck/microduck-speaker/verify/ours.stl,684,8b67ad5008a2b06f9ce0fc139d27522dc366ee2b4db628f1074e6348175c9bb6
07 Files for the engineer/Project files/out/refcheck/microduck-speaker/verify/report.json,2441,3fcc1249a77640e4c1446dea9e883fc6ffa94906d2c4019129062cbd678edda0
07 Files for the engineer/Project files/out/refcheck/microduck-speaker/verify/report.md,703,a69cf3967a29620b76c0b386caa2ded5c1f3c41526356d5c0c5ed2d6876b72a7
07 Files for the engineer/Project files/out/refcheck/microduck-trunk-base/r1/compare.json,875,ac2d860b73223f97360fe1993d170dbf695038f795aa01e43b944aa8b604819c
07 Files for the engineer/Project files/out/refcheck/microduck-trunk-base/r1/features.json,1141,0fed72744f3a0e6d2e8de90c240bac370776f2db512038698a7e4fcedff5637f
07 Files for the engineer/Project files/out/refcheck/microduck-trunk-base/r1/ours.stl,2501680,6ae314d5b7c233a5f8bda35fae1a0937a5a62a1a30bc83d28af302963550abfc
07 Files for the engineer/Project files/out/refcheck/microduck-trunk-base/r1/report.json,3100,77c98f062f424d7b11f0b811f57e3d43b9ca354a415020135f32b229b10701f0
07 Files for the engineer/Project files/out/refcheck/microduck-trunk-base/r1/report.md,712,47da324b5ffa0d27c4cf30dbb49503efc34000d134b0e735d6dfca92c617d6a8
07 Files for the engineer/Project files/out/refcheck/microduck-trunk-base/verify/compare.json,872,df02959c5021ff76844251d9cbf6715dfb024a2d5dbd6ca584dd63b53e229777
07 Files for the engineer/Project files/out/refcheck/microduck-trunk-base/verify/features.json,1141,0fed72744f3a0e6d2e8de90c240bac370776f2db512038698a7e4fcedff5637f
07 Files for the engineer/Project files/out/refcheck/microduck-trunk-base/verify/ours.stl,494484,57b55efcacc7d2fdee1729d6e10f12cc722f79a0a22235090804cea9aac8df51
07 Files for the engineer/Project files/out/refcheck/microduck-trunk-base/verify/report.json,3477,f48e616373c842ddfbd0164bc8666b3c7cf993c8f1f17cfddbd25d46d0f4eb06
07 Files for the engineer/Project files/out/refcheck/microduck-trunk-base/verify/report.md,712,47da324b5ffa0d27c4cf30dbb49503efc34000d134b0e735d6dfca92c617d6a8
07 Files for the engineer/Project files/out/refcheck/microduck-trunk-shell-left/r1/report.json,906,f3ac567b71b2f597202187ca34e4be72e5e3cc78f56b1fb9d77b350efcae1537
07 Files for the engineer/Project files/out/refcheck/microduck-upper-leg-left/r1/compare.json,899,b3b7692d2d3598dddb12291b0318999c02edad297c74a0ea4f00f4a11db07d2c
07 Files for the engineer/Project files/out/refcheck/microduck-upper-leg-left/r1/features.json,1173,857d24cb0c465a09d88c9c7243a9f5cdf21686610e1d2b23eee5867eeb36849f
07 Files for the engineer/Project files/out/refcheck/microduck-upper-leg-left/r1/ours.stl,5609532,8e8b08788c01153858bd0e495f76ec690485f18936f3fb39c2be84f6f443e161
07 Files for the engineer/Project files/out/refcheck/microduck-upper-leg-left/r1/report.json,3196,6fe99b8dda4fbde2ea467037d0ebb0823393f819e35bb681271ef4def7259e7b
07 Files for the engineer/Project files/out/refcheck/microduck-upper-leg-left/r1/report.md,733,e8706d4a964be4d0c408d5d32a32ce02521ed2a4a423a383e4f3ebad323eaab5
07 Files for the engineer/Project files/out/refcheck/microduck-upper-leg-left/verify/compare.json,896,b6289a8eafd81ee60c63328fe3d39ccdfc7cea42f5b17013264d511a0a05a161
07 Files for the engineer/Project files/out/refcheck/microduck-upper-leg-left/verify/features.json,1173,857d24cb0c465a09d88c9c7243a9f5cdf21686610e1d2b23eee5867eeb36849f
07 Files for the engineer/Project files/out/refcheck/microduck-upper-leg-left/verify/ours.stl,5609532,8e8b08788c01153858bd0e495f76ec690485f18936f3fb39c2be84f6f443e161
07 Files for the engineer/Project files/out/refcheck/microduck-upper-leg-left/verify/report.json,3573,3e08a44aff3f0f7fbcbccd429cb45fdfc14f7b188152c77cbfff39f78589b1c0
07 Files for the engineer/Project files/out/refcheck/microduck-upper-leg-left/verify/report.md,733,cab781bb519b2d6ae78dd41624c6f67f626961364a99c9cb4b79962f2a5c88ce
07 Files for the engineer/Project files/out/refcheck/microduck-upper-leg-right/r1/compare.json,900,041162f6b26e5085bc662eeb5183d5cf1e4a9c089d94e73f650fa756c7b60a64
07 Files for the engineer/Project files/out/refcheck/microduck-upper-leg-right/r1/features.json,1180,78b1dd8ee83f0fc0545dc2bbf7857777c5f2844dddafeb63413389ee1a041666
07 Files for the engineer/Project files/out/refcheck/microduck-upper-leg-right/r1/ours.stl,5609532,6d9ec30aef17b34548510e31de2df77187383a971643ee912ba1386b8f1f30ba
07 Files for the engineer/Project files/out/refcheck/microduck-upper-leg-right/r1/report.json,3214,165f8344f0fa0df9b6c9c78c4ec0de91d868b227694b56522e381c428ef9e71d
07 Files for the engineer/Project files/out/refcheck/microduck-upper-leg-right/r1/report.md,735,aea8206daa55943b85537233d0ebccb3220a784314ee81924bc8625d8e7af54a
07 Files for the engineer/Project files/out/refcheck/microduck-upper-leg-right/verify/compare.json,896,a476f20e269bbb2734446a047e959835c18ffca2739512c6d92f73e565a30b10
07 Files for the engineer/Project files/out/refcheck/microduck-upper-leg-right/verify/features.json,1180,78b1dd8ee83f0fc0545dc2bbf7857777c5f2844dddafeb63413389ee1a041666
07 Files for the engineer/Project files/out/refcheck/microduck-upper-leg-right/verify/ours.stl,5609532,6d9ec30aef17b34548510e31de2df77187383a971643ee912ba1386b8f1f30ba
07 Files for the engineer/Project files/out/refcheck/microduck-upper-leg-right/verify/report.json,3590,2e54d69bc7e074f693d6dd39a0b1230961446d2b734e9b4c040105ebdfa2e3ce
07 Files for the engineer/Project files/out/refcheck/microduck-upper-leg-right/verify/report.md,735,0f1fda392f3890bde3693699814b1f62b37bdb58aec9dcef6bc426d354dc3320
07 Files for the engineer/Project files/out/refcheck/microduck-upper-leg-rigidity-plate/r1/compare.json,890,89b7084403f07e6dfd5ac176bbd066f424ca555dc7c654b112b28cef4c609a48
07 Files for the engineer/Project files/out/refcheck/microduck-upper-leg-rigidity-plate/r1/features.json,1385,fc65c6a82a9e83d248b2fede2771b1aebdcc77f0bb0b148d4effc68395d53a3e
07 Files for the engineer/Project files/out/refcheck/microduck-upper-leg-rigidity-plate/r1/ours.stl,944212,a2235c49c38084ea75f6d74d22d2554d7e113389218cde37689a7bd1691aacdf
07 Files for the engineer/Project files/out/refcheck/microduck-upper-leg-rigidity-plate/r1/report.json,3518,17f12e99d1ed67b1835c1fa0f9d2d7224591d3c3c43510904655ac4097f38f92
07 Files for the engineer/Project files/out/refcheck/microduck-upper-leg-rigidity-plate/r1/report.md,800,84ad4a21e0f22eb9451555eb848d4d7603027976b7554af54fb8ce1032dd6c5d
07 Files for the engineer/Project files/out/refcheck/microduck-upper-leg-rigidity-plate/r2/compare.json,907,e7decdb03035abfa6da383b292660ea549a17058a5b991525eb6165bf27bc565
07 Files for the engineer/Project files/out/refcheck/microduck-upper-leg-rigidity-plate/r2/features.json,2950,95f63037946242cbdaa88b55ab7a0fd139e5aacef769df6db5feeb01f328c370
07 Files for the engineer/Project files/out/refcheck/microduck-upper-leg-rigidity-plate/r2/ours.stl,855156,c8cd39d790241e9f7c58aaa3d7ceaf2ab6bb12d9a04b4cb4fe73a7e670a228bc
07 Files for the engineer/Project files/out/refcheck/microduck-upper-leg-rigidity-plate/r2/report.json,5277,8cfc55401fb678c14f5027ca95fdee147c56caefa87b66e35c70d22dbf4e6649
07 Files for the engineer/Project files/out/refcheck/microduck-upper-leg-rigidity-plate/r2/report.md,1572,6d8b3acbcaa4a3b91ee46df935e632a0b63b4f94c44664bdda4fb912046a41f4
07 Files for the engineer/Project files/out/refcheck/microduck-upper-leg-rigidity-plate/r3/compare.json,887,671866d654903b6b8b317b1a97e35da1d29a510fa8254ec104e2306e37a1d28f
07 Files for the engineer/Project files/out/refcheck/microduck-upper-leg-rigidity-plate/r3/features.json,1386,7dc437f78f7a16a8032c96202297cc8021f6734dfc117a5c66c14208d70452a0
07 Files for the engineer/Project files/out/refcheck/microduck-upper-leg-rigidity-plate/r3/ours.stl,983680,ed17946ea82b96bb292e4a32c6a7e5cc70903157b13a504ff593c51b5fccfabb
07 Files for the engineer/Project files/out/refcheck/microduck-upper-leg-rigidity-plate/r3/report.json,3516,7d3e5b6805a0dbe8499e1e4f26d1620017238eb284c1060c886081f4102c81cc
07 Files for the engineer/Project files/out/refcheck/microduck-upper-leg-rigidity-plate/r3/report.md,802,80315e1924542f03b8c946469a401b4850c1c612f2889beec94e48566290ffa3
07 Files for the engineer/Project files/out/refcheck/microduck-upper-leg-rigidity-plate/verify/compare.json,887,671866d654903b6b8b317b1a97e35da1d29a510fa8254ec104e2306e37a1d28f
07 Files for the engineer/Project files/out/refcheck/microduck-upper-leg-rigidity-plate/verify/features.json,1386,7dc437f78f7a16a8032c96202297cc8021f6734dfc117a5c66c14208d70452a0
07 Files for the engineer/Project files/out/refcheck/microduck-upper-leg-rigidity-plate/verify/ours.stl,983680,ed17946ea82b96bb292e4a32c6a7e5cc70903157b13a504ff593c51b5fccfabb
07 Files for the engineer/Project files/out/refcheck/microduck-upper-leg-rigidity-plate/verify/report.json,3896,03abadf61f761d778930545f08e240f8bd1941188e4708aa82b09dacb306c83b
07 Files for the engineer/Project files/out/refcheck/microduck-upper-leg-rigidity-plate/verify/report.md,802,80315e1924542f03b8c946469a401b4850c1c612f2889beec94e48566290ffa3
07 Files for the engineer/Project files/out/refcheck/microduck-yaw-roll-motion/r1/compare.json,899,128c9cc74a2d4a6e7cf9c3facff3d2d9c088649d02ecafbe16e419160ea1e67f
07 Files for the engineer/Project files/out/refcheck/microduck-yaw-roll-motion/r1/features.json,4115,37fe9b4256ae0d1c1cd4ee24042449e25954fa7808afe2d161e6195e61f2a178
07 Files for the engineer/Project files/out/refcheck/microduck-yaw-roll-motion/r1/ours.stl,533384,105e2de7d109abfaa51432b97010cc9ff96a535ce62177b59a6c199add62a293
07 Files for the engineer/Project files/out/refcheck/microduck-yaw-roll-motion/r1/report.json,6390,e563e3e5a026c953e8d89fc7a32eb98a27bf897a7eabe25d39aba1c58bb99239
07 Files for the engineer/Project files/out/refcheck/microduck-yaw-roll-motion/r1/report.md,1390,deda8e49ee05fdd39acff11f8c18b9de5555e4445c4fc747c908e8ed5311f9fb
07 Files for the engineer/Project files/out/refcheck/microduck-yaw-roll-motion/verify/compare.json,898,7281e64e7bfa25e7d3c57664b025677b42a6e31a69aa1fe7f1ba4e541b55c6fb
07 Files for the engineer/Project files/out/refcheck/microduck-yaw-roll-motion/verify/features.json,4115,37fe9b4256ae0d1c1cd4ee24042449e25954fa7808afe2d161e6195e61f2a178
07 Files for the engineer/Project files/out/refcheck/microduck-yaw-roll-motion/verify/ours.stl,533384,105e2de7d109abfaa51432b97010cc9ff96a535ce62177b59a6c199add62a293
07 Files for the engineer/Project files/out/refcheck/microduck-yaw-roll-motion/verify/report.json,6769,69a5e1530aa584da2f339ac72656193d493a84c258039eee93cb96ea7e39994e
07 Files for the engineer/Project files/out/refcheck/microduck-yaw-roll-motion/verify/report.md,1390,d1615850933a3b2facc4cd76a4cc75f88eddb66ef95ec3c0d41de06ce3b9b58b
07 Files for the engineer/Project files/out/refcheck/microduck-yaw2roll/verify/compare.json,879,f0a33bf048964af19f48ed367847b03d0ae4b6615e97e65b96d990d9f59fc782
07 Files for the engineer/Project files/out/refcheck/microduck-yaw2roll/verify/features.json,3120,bfa94520ed343558df34276954ce0ce5e87ec95222185e96ab5ea3c3650fefac
07 Files for the engineer/Project files/out/refcheck/microduck-yaw2roll/verify/ours.stl,530984,95eea4884b45c1b5a00f2fe5702feb68ff081a7d820e837589b399eea6c9f383
07 Files for the engineer/Project files/out/refcheck/microduck-yaw2roll/verify/report.json,5599,1373210a6b38bf22f742fb6038bf5499e7c1134aab1c24eb6a5154978c9ec818
07 Files for the engineer/Project files/out/refcheck/microduck-yaw2roll/verify/report.md,708,57aaa9e60f0b6c6b63f509341a74d26b7090d6d00f17f2cb21ee70ff8c75edd2
07 Files for the engineer/Project files/out/refcheck/np-f550/r1/compare.json,911,6e97861c000e94f412e9eb1648efcca4c46121977626ef6e64135d6806686221
07 Files for the engineer/Project files/out/refcheck/np-f550/r1/features.json,1527,98729dc6a0ecd73f47d3b4393ae7b498f1b577a5bc4143fb549139fbc63b8d71
07 Files for the engineer/Project files/out/refcheck/np-f550/r1/ours.stl,59384,bf7347280b0a02337fff14c4bfd1d2a6a65a1e8c7c1624879f546c42d81da326
07 Files for the engineer/Project files/out/refcheck/np-f550/r1/report.json,3473,99aeb3fa268ccc554c7131f2ee87b2a491c27e9609fbb1cf74f4c8865ac2adc0
07 Files for the engineer/Project files/out/refcheck/np-f550/r1/report.md,1111,d2dac307ae2c397426863714ef3ad04fcad407950d12c47f2c954d7e781d76e7
07 Files for the engineer/Project files/out/refcheck/np-f550/r2/compare.json,909,8be363db23423eeb27f29123a7556205555b58f12ac84b00987dc6d5a2d6d10d
07 Files for the engineer/Project files/out/refcheck/np-f550/r2/features.json,1198,79481c769b38ea0c4c5ab18ea1a8b54173919f7a6230592858b65340a7b8f14e
07 Files for the engineer/Project files/out/refcheck/np-f550/r2/ours.stl,147084,efada4c0f6621af85107743cc2d8cd9f43dfe6c25dcc8885955d9de3ed1dd3d9
07 Files for the engineer/Project files/out/refcheck/np-f550/r2/report.json,3071,901d2befc1e42c82f3a54fe4c26d07e4ba3dd20ccbc1feab62afc223e5ddeb20
07 Files for the engineer/Project files/out/refcheck/np-f550/r2/report.md,708,6e097a72047db11467f266ed512559a4b558b9d0b25e4fc29d8f192994fa7f60
07 Files for the engineer/Project files/out/refcheck/np-f550/verify/compare.json,909,8be363db23423eeb27f29123a7556205555b58f12ac84b00987dc6d5a2d6d10d
07 Files for the engineer/Project files/out/refcheck/np-f550/verify/features.json,1198,79481c769b38ea0c4c5ab18ea1a8b54173919f7a6230592858b65340a7b8f14e
07 Files for the engineer/Project files/out/refcheck/np-f550/verify/ours.stl,147084,efada4c0f6621af85107743cc2d8cd9f43dfe6c25dcc8885955d9de3ed1dd3d9
07 Files for the engineer/Project files/out/refcheck/np-f550/verify/report.json,3451,e6401c8414015c9145f1c026fa72b308ccc0b3c3b823cd68e41e7ce961e8dc6c
07 Files for the engineer/Project files/out/refcheck/np-f550/verify/report.md,708,6e097a72047db11467f266ed512559a4b558b9d0b25e4fc29d8f192994fa7f60
07 Files for the engineer/Project files/out/refcheck/radxa-zero-3w/r1/compare.json,882,ed0966cf56c6b6932efae257f2e3550611c5a6a7b0fdda13313dc79112218532
07 Files for the engineer/Project files/out/refcheck/radxa-zero-3w/r1/features.json,9054,fc239d7e89bcabcb9de22bc6db102829ea00323a04a3a2c9fe647e636d7ac1fb
07 Files for the engineer/Project files/out/refcheck/radxa-zero-3w/r1/ours.stl,530884,b18aa9810179f87a6c4c2f1ce2c841cdbc93b873657e2b58a87d8f470ca84bb3
07 Files for the engineer/Project files/out/refcheck/radxa-zero-3w/r1/report.json,11625,5d62bf3cacd08cbaa98d6193d4f97e543c9baf7e2b92133ff3521f4b20f242c5
07 Files for the engineer/Project files/out/refcheck/radxa-zero-3w/r1/report.md,2707,d1b66c373dddee24b1ea3eca46df926d1af8d6a46aa8f3e3204c47ec512bc1f4
07 Files for the engineer/Project files/out/refcheck/radxa-zero-3w/r2/compare.json,876,1a6363b577f0550477c324785edf34fbfad862571feef5e279ea25ff0e2ab956
07 Files for the engineer/Project files/out/refcheck/radxa-zero-3w/r2/features.json,7171,75c48b562dfcc3acfea030f4ff7657aee42748f28fe7ad761acb1fac1c5f2748
07 Files for the engineer/Project files/out/refcheck/radxa-zero-3w/r2/ours.stl,1124684,b9e0294a3eddbaea1fd643f317cc2f110a01813140606ef2c62f18c855062e87
07 Files for the engineer/Project files/out/refcheck/radxa-zero-3w/r2/report.json,9540,3b955b159492ca4ad557b08e5fdd050698e896ec9cd0669b03fac4ba9e55566f
07 Files for the engineer/Project files/out/refcheck/radxa-zero-3w/r2/report.md,720,a354c1da0abd02c7989977fe20cce0581baa93e8cb6a17d3ede8393de623b1d5
07 Files for the engineer/Project files/out/refcheck/radxa-zero-3w/verify/compare.json,877,7a97c622b29b7d3a0d5bb3ecc3c5436ca6ea1879df395c228f4628b022b13511
07 Files for the engineer/Project files/out/refcheck/radxa-zero-3w/verify/features.json,7171,75c48b562dfcc3acfea030f4ff7657aee42748f28fe7ad761acb1fac1c5f2748
07 Files for the engineer/Project files/out/refcheck/radxa-zero-3w/verify/ours.stl,1124684,b9e0294a3eddbaea1fd643f317cc2f110a01813140606ef2c62f18c855062e87
07 Files for the engineer/Project files/out/refcheck/radxa-zero-3w/verify/report.json,9921,c51f241cdaa7b44eed18a0a2f8431cf865a84182d32a51a4cfb73af9f2531f76
07 Files for the engineer/Project files/out/refcheck/radxa-zero-3w/verify/report.md,720,f53bee27cfe6eee8be3cc84415c293599a80a5182d088ee92d20ce2f49c72f6f
07 Files for the engineer/Project files/out/refcheck/xl330-m288-t/r1/compare.json,871,339abcff61bff8b1145e5a61791ed44ef17e21d450fd1d418f6356c949fca0f5
07 Files for the engineer/Project files/out/refcheck/xl330-m288-t/r1/features.json,2351,5a62e471d58c18eb0ad29ea7b18afd87cd2a0d53b253292f7abfc7c40996b964
07 Files for the engineer/Project files/out/refcheck/xl330-m288-t/r1/ours.stl,356784,c4cf48735326bfd85fa3b8afa490a2e1f1f3f69dcf2cfc9bb75f91805ae66351
07 Files for the engineer/Project files/out/refcheck/xl330-m288-t/r1/report.json,4325,53e6153fcbb1e62c3bd24e42cd39eea6efc227e903fbe887fe4900ad98e8a56d
07 Files for the engineer/Project files/out/refcheck/xl330-m288-t/r1/report.md,700,8c3b00780a83b6b939f486a19ef7493a1795172e38499c878ea79d1a46e8001f
07 Files for the engineer/Project files/out/refcheck/xl330-m288-t/verify/compare.json,870,fc94e7c3131b7cc20eb3446fdc6796b32ccb6c8b3a26c9b8722a9fd70a26f805
07 Files for the engineer/Project files/out/refcheck/xl330-m288-t/verify/features.json,2351,5a62e471d58c18eb0ad29ea7b18afd87cd2a0d53b253292f7abfc7c40996b964
07 Files for the engineer/Project files/out/refcheck/xl330-m288-t/verify/ours.stl,356784,c4cf48735326bfd85fa3b8afa490a2e1f1f3f69dcf2cfc9bb75f91805ae66351
07 Files for the engineer/Project files/out/refcheck/xl330-m288-t/verify/report.json,4704,1277785d2a3d1d3fab6c6d808d0773c258a315d2182bde723f2960ae68e8dfe1
07 Files for the engineer/Project files/out/refcheck/xl330-m288-t/verify/report.md,700,07f14ca7ccddc7edf5790f3860e64ea60e604b281e2cdb583171aa7f8fc47f3e
07 Files for the engineer/Project files/out/refcheck/yaw2roll/r1/compare.json,883,c98f32989fb5ba2c0a8dc39f83658e290491212447384ce2dd984fe53ffb33d2
07 Files for the engineer/Project files/out/refcheck/yaw2roll/r1/features.json,3120,bfa94520ed343558df34276954ce0ce5e87ec95222185e96ab5ea3c3650fefac
07 Files for the engineer/Project files/out/refcheck/yaw2roll/r1/ours.stl,2616036,2fc65071e346a5e4e4a7a821736ab30c0a3e97b36b6cdcbb4f1ce8bb1abdf763
07 Files for the engineer/Project files/out/refcheck/yaw2roll/r1/report.json,5143,8950a243c389b498ecba3193dff45e353c5f8838d42a51f1f30830823e930ef6
07 Files for the engineer/Project files/out/refcheck/yaw2roll/r1/report.md,708,51f11e3dd1ba0f58d7e38e81b11dd144c6d78ea1c786de8e620c7f3a66c0d082
07 Files for the engineer/Project files/out/refcheck/yaw2roll/r2/compare.json,880,b53fdbd70c4562f370e0b700f893da0551b7f01274a7e5a10240354337d0687d
07 Files for the engineer/Project files/out/refcheck/yaw2roll/r2/features.json,3120,bfa94520ed343558df34276954ce0ce5e87ec95222185e96ab5ea3c3650fefac
07 Files for the engineer/Project files/out/refcheck/yaw2roll/r2/ours.stl,2686370,5fe0d6b0cc2eba8d21bf5e12b406ddc565939a5f05ecc6c744716f306fa6001e
07 Files for the engineer/Project files/out/refcheck/yaw2roll/r2/report.json,5140,6de6d0a6dc853a10ad3a75abcd1f41b77d49b37b311c1ad47fcaea2dd6a5e5d5
07 Files for the engineer/Project files/out/refcheck/yaw2roll/r2/report.md,709,1891bea4bd9468eb5f6495949c15030712c272f504ff1674f5c9a3b615d39f89
07 Files for the engineer/Project files/out/release/bom.csv,18429,88d764f71c1617214369e28c2f278e82691d765bd2e3d07e60a8979a7d0e6597
07 Files for the engineer/Project files/out/render/assembly-now-pbr.png,197799,7209fb707e2fe2ddbf3e36fa6a7e95de77f4e9a2556c9fe1c8a900c44adfc892
07 Files for the engineer/Project files/out/render/assembly-now.png,255484,3fa1e8e33fc7429a1e863011e5a1474e97a0d5f8c64cab1ac9c96c14f057705f
07 Files for the engineer/Project files/out/render/buildbook-live.png,427696,70764b398e907f507e5568288562dbff7a1b44ccf393c79671ae93dda3b8cd16
07 Files for the engineer/Project files/out/render/buildbook-live2.png,235022,ca871a4e133d1ba3dec1e67b1eff83f68dc0965bbd8832f1a3306876677daf10
07 Files for the engineer/Project files/out/render/cull_test.png,181393,a0d7cdb56c8d2ecfe2ef7bfcab506d1c2f37b9f8db7356d93e2831248fb830eb
07 Files for the engineer/Project files/out/render/datasheet-live.png,332552,0abb7abd57311a00f67c717f469e40ea29e0b47e7dd5215ed86e224d35f224c0
07 Files for the engineer/Project files/out/render/datasheet-live2.png,238665,d143e591747bda23f3a537f308c9b0e0399ac606fe3ca73b946d27363b0b1fb5
07 Files for the engineer/Project files/out/render/duck-now.json,665,8fa150b060f98a69f13099579082402c55e6e05ce999d45914d9883796d5fc3b
07 Files for the engineer/Project files/out/render/duck-now_front.png,97150,7d79d3e2a49d49facde82f5c86f8de83bd169f88e721314640fcdd5eece3afa7
07 Files for the engineer/Project files/out/render/duck-now_iso.png,225380,1c32eab646e488527767f4920a036ecedbf863125839c375ac940eb3d7a70cdc
07 Files for the engineer/Project files/out/render/duck-now_left.png,81394,0fd4756ffd0a6fcfe0be9456e96295210b6bdb1a5b9cbb55e5394c66dc000e20
07 Files for the engineer/Project files/out/render/parts-html.png,238948,a931a8e1a2a6921ac8b18022f516901bee80dfcc6c387d3c171b9e63693dd2b9
07 Files for the engineer/Project files/out/render/power-support-solo.png,64770,62a07c592d5a2288964edb4d0d9479a688a9e1aa5ed48ccca8657d909645e7d3
07 Files for the engineer/Project files/out/render/release-live.png,256702,dbed1edca5892afb78ece16b7a787ffcd9be76d92bb07da1b230d3e228fa1cc3
07 Files for the engineer/Project files/out/render/shin-triad.png,66662,b65fdb2a94624f27290c47a73865724280ce732d3b471d9c8b7f33f70f1b0906
07 Files for the engineer/Project files/out/render/smooth_test_head.png,206129,7d70aaa318980b8cfb994fe9ef51eb43b62872b63c6156151643af9239a8e778
07 Files for the engineer/Project files/out/sim/_mv_frame.png,36459,ca5d51f38461cb1ba0b35f96c7197c7fd6798311a58f958ff4ffbf3a96ab0b7e
07 Files for the engineer/Project files/out/sim/frames/head_sweep_00.png,106095,8f0686c85b5c6bf6227dc316165ddf6a1c6f658f9c472fcc6b9985a3781f21a1
07 Files for the engineer/Project files/out/sim/frames/head_sweep_33.png,103197,e2470d2f1c58aa76f0fad0ab2a46fa4566f059eb004eb93d230d07ab8decf18e
07 Files for the engineer/Project files/out/sim/frames/head_sweep_66.png,105568,6cbad18be3c7bdb939edcd241dedd65c7d0e9cd8e641c82a0f1f0647b01c02fa
07 Files for the engineer/Project files/out/sim/frames/sitstand_ours_t00.0s.png,116080,cb3732d9f79c2fb43c31bc1629cf397be7dfbcd4091045b45e6214e0ebbdd883
07 Files for the engineer/Project files/out/sim/frames/sitstand_ours_t04.0s.png,111330,703a60faadca8e12c4e3ad97a288542294ac6763a194d2554b2b9b3454b444f8
07 Files for the engineer/Project files/out/sim/frames/sitstand_ours_t08.0s.png,116412,82a963a5ea5cf5415b499117a9f11173dc6ebf123dbc80eb5887a95a73c58838
07 Files for the engineer/Project files/out/sim/frames/stand_from_sit_ours_t00.0s.png,108378,b9ab6c8144e5959b76a75de5f46753e2d93f2ea33ebf6da5456521af8df0a6a9
07 Files for the engineer/Project files/out/sim/frames/stand_from_sit_ours_t03.0s.png,116521,5f89774528e34ee75cb2bb167c9bd52a9516f4605d20a25a3bc78432d5d369fb
07 Files for the engineer/Project files/out/sim/frames/stand_from_sit_ours_t06.0s.png,116458,b8eac76ffe6d5b8d0ddae5debe9c4f477af088ce9c3a841826f8533498a00d13
07 Files for the engineer/Project files/out/sim/frames/walk_ours_t00.0s.png,116328,b97d2d10362d41fe2f19d9fd093b5c893f1f9f7542a057e05d2f43eed28b8660
07 Files for the engineer/Project files/out/sim/frames/walk_ours_t04.0s.png,117458,a8926af429ead9163aca9a7bf2f745fb8c6963005af87fca391a143c49996fde
07 Files for the engineer/Project files/out/sim/frames/walk_ours_t08.0s.png,113898,0ba466e4274a17c9bd188f8f37a782333abafa4557584bb723eda4c15786e108
07 Files for the engineer/Project files/out/sim/frames/walk_stock_t00.0s.png,114896,539c73bd830ceddaa6a68050256d36e1fb9e3162496e469fb1e36f9d4ac75ed5
07 Files for the engineer/Project files/out/sim/frames/walk_stock_t04.0s.png,116245,aa53b672d10e9e5ae14b3ba94adf27629b2469b4e02a91efbd0fc24d52a5b7a1
07 Files for the engineer/Project files/out/sim/frames/walk_stock_t08.0s.png,112537,f52e44fc9286bba74238b119a42e0a0cd267453d7b4067e52a2988d7d89fe8d9
07 Files for the engineer/Project files/out/sim/frames_fallback/walk_ours_t00.0s.png,48504,629c197c9e2699ee7b181c256b3f0e683521ecf5bec3a270dee8adfb0bd2604e
07 Files for the engineer/Project files/out/sim/frames_fallback/walk_ours_t04.0s.png,41415,7b2b8fb7683a65bbadddb3ef634defc05d07c396d3c8e1fe0863dff82e46e45e
07 Files for the engineer/Project files/out/sim/head_sweep.mp4,660536,b06ad1422c571e4d50857f6d26376d58f0aafa77c374a6ac449c06d08ba698f1
07 Files for the engineer/Project files/out/sim/report.json,51897,0a811f972fc14971c57805f881565dbba59e9b563b9ed785f1e8e5016884d286
07 Files for the engineer/Project files/out/sim/report.md,8577,1e44d908fe648f80c514ad374c16f51686cb94089313351ea075e53a10c50e1d
07 Files for the engineer/Project files/out/sim/scene_allcollisions.xml,30781,1b8606115c815409479a584a0935e5df4d8a4b2976b3ac20ccd3662f536e933e
07 Files for the engineer/Project files/out/sim/scene_bench.xml,30884,6f8751c9d2232fbd1ada48a73de79c352901b3d69c81c2f077550ab06066deeb
07 Files for the engineer/Project files/out/sim/scene_head_sweep.xml,30884,6f8751c9d2232fbd1ada48a73de79c352901b3d69c81c2f077550ab06066deeb
07 Files for the engineer/Project files/out/sim/scene_ours.xml,30884,6f8751c9d2232fbd1ada48a73de79c352901b3d69c81c2f077550ab06066deeb
07 Files for the engineer/Project files/out/sim/scene_ours_allcollisions.xml,31785,2a26b4b423596245637e7f40936a5a9f918eff222c6a94b5a7944f14b396bb43
07 Files for the engineer/Project files/out/sim/scene_sitstand_ours.xml,31785,2a26b4b423596245637e7f40936a5a9f918eff222c6a94b5a7944f14b396bb43
07 Files for the engineer/Project files/out/sim/scene_sitstand_stock.xml,30781,1b8606115c815409479a584a0935e5df4d8a4b2976b3ac20ccd3662f536e933e
07 Files for the engineer/Project files/out/sim/scene_stand_from_fold_ours.xml,31785,2a26b4b423596245637e7f40936a5a9f918eff222c6a94b5a7944f14b396bb43
07 Files for the engineer/Project files/out/sim/scene_stand_from_sit_ours.xml,31785,2a26b4b423596245637e7f40936a5a9f918eff222c6a94b5a7944f14b396bb43
07 Files for the engineer/Project files/out/sim/scene_stand_hold_ours.xml,31785,2a26b4b423596245637e7f40936a5a9f918eff222c6a94b5a7944f14b396bb43
07 Files for the engineer/Project files/out/sim/scene_thermal_duty.xml,30884,6f8751c9d2232fbd1ada48a73de79c352901b3d69c81c2f077550ab06066deeb
07 Files for the engineer/Project files/out/sim/scene_thermal_duty_endurance_60s_slope5_up.xml,30884,6f8751c9d2232fbd1ada48a73de79c352901b3d69c81c2f077550ab06066deeb
07 Files for the engineer/Project files/out/sim/scene_thermal_duty_slope5_down.xml,30884,6f8751c9d2232fbd1ada48a73de79c352901b3d69c81c2f077550ab06066deeb
07 Files for the engineer/Project files/out/sim/scene_thermal_duty_slope5_side_left.xml,30884,6f8751c9d2232fbd1ada48a73de79c352901b3d69c81c2f077550ab06066deeb
07 Files for the engineer/Project files/out/sim/scene_thermal_duty_vx_0.60.xml,30884,6f8751c9d2232fbd1ada48a73de79c352901b3d69c81c2f077550ab06066deeb
07 Files for the engineer/Project files/out/sim/scene_thermal_duty_vx_0.80.xml,30884,6f8751c9d2232fbd1ada48a73de79c352901b3d69c81c2f077550ab06066deeb
07 Files for the engineer/Project files/out/sim/scene_verify_walk_ours.xml,30884,6f8751c9d2232fbd1ada48a73de79c352901b3d69c81c2f077550ab06066deeb
07 Files for the engineer/Project files/out/sim/scene_verify_walk_ours_1.xml,30884,6f8751c9d2232fbd1ada48a73de79c352901b3d69c81c2f077550ab06066deeb
07 Files for the engineer/Project files/out/sim/scene_verify_walk_ours_2.xml,30884,6f8751c9d2232fbd1ada48a73de79c352901b3d69c81c2f077550ab06066deeb
07 Files for the engineer/Project files/out/sim/scene_walk.xml,29885,0327756af13a58d20125b104fdf31bf5b8149d3645e0b62dd5864421595e4361
07 Files for the engineer/Project files/out/sim/scene_walk_ours.xml,30884,6f8751c9d2232fbd1ada48a73de79c352901b3d69c81c2f077550ab06066deeb
07 Files for the engineer/Project files/out/sim/scene_walk_ours_vx0.15.xml,30884,6f8751c9d2232fbd1ada48a73de79c352901b3d69c81c2f077550ab06066deeb
07 Files for the engineer/Project files/out/sim/scene_walk_stock.xml,29885,0327756af13a58d20125b104fdf31bf5b8149d3645e0b62dd5864421595e4361
07 Files for the engineer/Project files/out/sim/scene_walk_stock_vx0.15.xml,29885,0327756af13a58d20125b104fdf31bf5b8149d3645e0b62dd5864421595e4361
07 Files for the engineer/Project files/out/sim/sitstand.mp4,893753,9ba689c1c94f7985f4f454d3a51f3f18bd911e8845c0596eb28b557b4f9dd676
07 Files for the engineer/Project files/out/sim/sitstand_ours_summary.json,5459,f44dbad9b34cbcb4316f853c4c6791e94affa3dcd57308f169067d31c0fb3036
07 Files for the engineer/Project files/out/sim/sitstand_ours_traj.npz,252456,6f790204af845db649dc5e0c590180b3140899303e9664a5094b82f8bef13299
07 Files for the engineer/Project files/out/sim/sitstand_stock_summary.json,5473,082f79eaaa64cf789f1ff24b21d4dd376308b2e3a087097fcfd440d72e2360c3
07 Files for the engineer/Project files/out/sim/sitstand_stock_traj.npz,252447,dfc5782e601deb46567b623c386c1619ff194ce8948552d9cb74cf7c507ab672
07 Files for the engineer/Project files/out/sim/stand.mp4,450018,fd262aac87429bd3d716796e31cc9a0c95e1dc78f76a933064f1fc7fcb65b092
07 Files for the engineer/Project files/out/sim/stand_from_fold_ours_summary.json,5506,6bc206a51ad1eb019a1267d778eaf5f9f0a4f090bec762c4e99d1a48f9423487
07 Files for the engineer/Project files/out/sim/stand_from_fold_ours_traj.npz,189424,b14cb25862fe09a842ae9f22c3613ec4261edec1c0dd594df65be7793236d4e2
07 Files for the engineer/Project files/out/sim/stand_from_sit_ours_summary.json,5463,d3f35dff4be35f4c2ee0864ecb99a82627cec7bdbf3645a6e98b469c937b2a27
07 Files for the engineer/Project files/out/sim/stand_from_sit_ours_traj.npz,189198,36056be2fd62249edf6e63ed6b77259fdf03ff46aa3d03b3d29cb46c23309664
07 Files for the engineer/Project files/out/sim/stand_hold_ours_summary.json,5397,02b47b3c9954561cf51b4f0c3f059c9a64d6652b1857466e463314940e9efa0a
07 Files for the engineer/Project files/out/sim/stand_hold_ours_traj.npz,127543,7d017d61a2eddcd72b65b1fe22296a2c7c69a999b05f1f98da39c0009cd2551b
07 Files for the engineer/Project files/out/sim/swap_report.json,14474,bd4197c412f4892d7d7a628d56b64960cd5656fbc305dfaf6a821c2250efe21e
07 Files for the engineer/Project files/out/sim/verify_walk_ours_1_summary.json,5445,529be72d7d3a18fc8d5af7e6b5b1b81b1d2ad08d125546e131ad11dad98dcde0
07 Files for the engineer/Project files/out/sim/verify_walk_ours_1_traj.npz,321911,f5a4f5504d99cef59d9a2ab84261e931470eccce328b31de43a7ca1c7811966a
07 Files for the engineer/Project files/out/sim/verify_walk_ours_2_summary.json,5445,9af99487a4ae2aed3ecc02ab0767716fee48eb8e22c5ec385e9125324dddb032
07 Files for the engineer/Project files/out/sim/verify_walk_ours_2_traj.npz,321911,1b50de2f7d013b2b146e76b4708f0082369cecdeb5cd2fc1528ab4a8505581f5
07 Files for the engineer/Project files/out/sim/verify_walk_ours_summary.json,5441,eaee551cc8a39ab8a5f52e10021dfdd9a6805eeb794404bc19b32d8dfc70aa67
07 Files for the engineer/Project files/out/sim/verify_walk_ours_traj.npz,321906,1a0a46e98ff7eba993dded852953c304712efe2609660c4e23f5e93d73955e44
07 Files for the engineer/Project files/out/sim/videos.json,1903,8aaae933cabfeb4ca5fcf46c3a64420fd6c3aa28f1ed46b332cfd66eb631ed19
07 Files for the engineer/Project files/out/sim/vx_sweep.json,1216,c33f2e179db78e12cd6cbbecb53165fe75a5a33e64d1b7e57f261a32f462b3fc
07 Files for the engineer/Project files/out/sim/walk.gif,4187444,4e153dde89f7ca24950a3fb2ec6ae471af0edf9887397b98f4636a2a1f56885a
07 Files for the engineer/Project files/out/sim/walk.mp4,1503288,1225b2106bde01460b6f5e259eaf5a61c8abe7ba9cd9639396c8935eb981c3c0
07 Files for the engineer/Project files/out/sim/walk_ours_summary.json,5427,a087a57f3e106203dd344a53614b18f6a2f4301fd31cf3ab113d4bf20ca15915
07 Files for the engineer/Project files/out/sim/walk_ours_traj.npz,258458,d21cb2f33625707601cb47f9ff3ad8103a776ee6b3f3cc6baba76493ec6a88cc
07 Files for the engineer/Project files/out/sim/walk_ours_vx0.15_summary.json,5435,49a2a674fc8c394c028895f9718f2706e0829113673c833c9a260bcc244090c3
07 Files for the engineer/Project files/out/sim/walk_ours_vx0.15_traj.npz,252742,d4475675743d4aac9534af2b43aa25ca2f2a4535a9c2112be300f6b8ac9df6df
07 Files for the engineer/Project files/out/sim/walk_stock.mp4,1414091,1c727eb9efab85cf4c8a4dfd683e2a3e019785b3e99022118051fd31f18c976f
07 Files for the engineer/Project files/out/sim/walk_stock_summary.json,5451,71e3634efe2d4de3c4a8d9a0cebf4e55e74aa6aa1ee29c51629f494b51bbfc7a
07 Files for the engineer/Project files/out/sim/walk_stock_traj.npz,258458,e5107268b3d8ad77292f85d2566de557a8cbae707853d597b40db0c9829f53d4
07 Files for the engineer/Project files/out/sim/walk_stock_vx0.15_summary.json,5459,c1040c73732b907931c86cb731a567c796e3ba7b20f90b516faf130ca2f72266
07 Files for the engineer/Project files/out/sim/walk_stock_vx0.15_traj.npz,252744,3d3d0913953ac1ddaabacdc93c312cc7cb583700eb00b9b7336c8366d2415d59
07 Files for the engineer/Project files/out/sim-evidence/battery-runtime.json,22623,0d16e31b9087b893fd1d37c4e7a746a22f70d4e1ffecc1e907f997683766f439
07 Files for the engineer/Project files/out/sim-evidence/buckling_microduck-neck-plate.json,1491,23106ce867edaebcc247a417f4b12fa371fd7c43014a4b0b7a00729cba3669b0
07 Files for the engineer/Project files/out/sim-evidence/buckling_microduck-shin.json,4592,2e909bf35f38097f536fcd08cc413e814eb021f9e0e2f7f83e10aa71b8c257f3
07 Files for the engineer/Project files/out/sim-evidence/buckling_microduck-upper-leg-rigidity-plate.json,2772,1c7666e8bd80599305c5f47c85b9098d63dfead43b4964760549100f2d2071de
07 Files for the engineer/Project files/out/sim-evidence/cavity-volumes.json,23505,5bcfdbe09f8fcb91116c9710f591c27908cf4d76749a8fcb28e8302e157d8262
07 Files for the engineer/Project files/out/sim-evidence/collision-model-census.json,65736,db37efd7fbaa4796ade9b080af9b420841bb43780f3704611a9585d37de42400
07 Files for the engineer/Project files/out/sim-evidence/drop_impact.json,15427,70fd7584a55a7009454890983096071c13f86d7103c4024795849999ea34bb40
07 Files for the engineer/Project files/out/sim-evidence/duty-cells/endurance_60s_slope5_up.json,8007,08c6349502c1ce76556f49a1a233592693294dac922197dde8b88af7f541295d
07 Files for the engineer/Project files/out/sim-evidence/duty-cells/slope5_down.json,7980,3b80a5196a62ae3eb26b55a24330b5d658cf50e8b250b752e8a5bc902356c991
07 Files for the engineer/Project files/out/sim-evidence/duty-cells/slope5_side_left.json,7984,0f570484d7c6fb89fe00de9297fafeebfe7f10ea800854829554bed6a515c5c7
07 Files for the engineer/Project files/out/sim-evidence/duty-cells/vx_0.60.json,7711,4f0f267fcd60baec1fa5de5b9476ada5c3f1da764549b7e954f10ba3c53fec88
07 Files for the engineer/Project files/out/sim-evidence/duty-cells/vx_0.80.json,7711,b5b22da4ac405e715eef46de2e833bb398ba6bf4ad3a27dd4ac5f7f6fe386eb7
07 Files for the engineer/Project files/out/sim-evidence/f2-preview.html,65825,0ff16cf3325c92a5d0cb615e55682de9d4683b0bcd71188798c32adaa12adefb
07 Files for the engineer/Project files/out/sim-evidence/f2-sections.html,64448,0b5ee67f058d4c8bef3c2c372d0a3a52861cf9cd61b5a17fd181b5341bae2ac4
07 Files for the engineer/Project files/out/sim-evidence/f3-preview.html,56730,1e610fc61ebbed14adbce0c82d1b75b01323559d053c35fc027633885bbbcbc0
07 Files for the engineer/Project files/out/sim-evidence/f3-sections.html,55388,a381939911e18fd59ecccf19357d2b9b24616a8cffc352c80365a58c7ae8c788
07 Files for the engineer/Project files/out/sim-evidence/fatigue_ankle.json,7299,32994500534e85bb3df8ded24a506548de8d2a20713a7ea6cbea41633329b3a8
07 Files for the engineer/Project files/out/sim-evidence/fatigue_walk.json,28744,9fb0963c44a523160e2b57869a2937110bb59b1a4b8a8484f9f0fafea21ae1c0
07 Files for the engineer/Project files/out/sim-evidence/fea/materials_ankle_drop/microduck-ankle-left.step,328908,51bfa8220484cd1ea83a99a5a05852d5ce84368f67107712b70f13d9b3772fbe
07 Files for the engineer/Project files/out/sim-evidence/fea/microduck-ankle-left_drop/microduck-ankle-left.step,328908,5836acaa4a523163723507845131825420fe160136bbe2777b562c049f5449f5
07 Files for the engineer/Project files/out/sim-evidence/fea/microduck-ankle-left_drop/report.json,716,5e374caa49d9f2713b707f0dce2c6ca0ef5918e3a31acf0e1b32090e16234dd0
07 Files for the engineer/Project files/out/sim-evidence/fea/microduck-ankle-left_drop_h0.7/microduck-ankle-left.step,328910,3d8b2ead26aa7de31d257f42f05b4d516bc4e5dcc1c2ef50ae3d01884fdbe1a1
07 Files for the engineer/Project files/out/sim-evidence/fea/microduck-ankle-left_drop_h1.0/microduck-ankle-left.step,328910,eeb936fb4f7100e33b13d4b25ae4878776b1b945a9d8bf073a764f8c9fc22db1
07 Files for the engineer/Project files/out/sim-evidence/fea/microduck-ankle-left_drop_h1.0/report.json,327,ea1f589d8049406b2f81b2e0e98473239e3c00fd58dd1f9ff1bd7f6beff7a038
07 Files for the engineer/Project files/out/sim-evidence/fea/microduck-ankle-left_drop_h1.5/microduck-ankle-left.step,328910,3fd2dafd3a626deb919d143123a40503259779debd791f13c663a42c4af77d97
07 Files for the engineer/Project files/out/sim-evidence/fea/microduck-ankle-left_drop_h1.5/report.json,328,e031943021c5888c0369819caa695686c39215d0047fb43c3f0c80782284ab5a
07 Files for the engineer/Project files/out/sim-evidence/fea/microduck-ankle-left_drop_hauto/microduck-ankle-left.step,328910,684efffbeabe34006e08c6d106cada06f3026d977c5c12d87405205a1705495b
07 Files for the engineer/Project files/out/sim-evidence/fea/microduck-ankle-left_drop_hauto/report.json,329,d864eac0408f7b294d71a947b9089209f8475493bcadb57e579c7babd2107e37
07 Files for the engineer/Project files/out/sim-evidence/fea/microduck-ankle-left_walk/microduck-ankle-left.step,328908,7b1f6ec1fe21c1140ce512daf00f33c3dc7a3d540815998d171dd7e1234a88ff
07 Files for the engineer/Project files/out/sim-evidence/fea/microduck-ankle-left_walk/report.json,717,193999d47798546f91715e8cace16d43b5e9912f2e8ea9bf0bddc45a62e51558
07 Files for the engineer/Project files/out/sim-evidence/fea/microduck-foot-left_drop/microduck-foot-left.step,1568159,6d3d0c6599d8c83f2d6b5473f480d09b17a35a10123112f3bf419164ed4dd043
07 Files for the engineer/Project files/out/sim-evidence/fea/microduck-foot-left_drop/report.json,715,808478dc0011693a8b006c7f52ebe14064a3a36999696c393724901e04624c00
07 Files for the engineer/Project files/out/sim-evidence/fea/microduck-foot-left_walk/microduck-foot-left.step,1568159,5baae0c99ccf4e533ddf13386553fed42974610824d5ba0d4876f43068f79ab5
07 Files for the engineer/Project files/out/sim-evidence/fea/microduck-foot-left_walk/report.json,715,9984f7c9c059175d5e50ce53e33f382603d7f6b6d63fbe881363a847fe9da374
07 Files for the engineer/Project files/out/sim-evidence/fea/microduck-hip-bracket_drop/microduck-hip-bracket.step,346168,f03aa1d97392206e7c65712a3db432c7f1c0092db7abab7b0d2d85cb5dbdaeb7
07 Files for the engineer/Project files/out/sim-evidence/fea/microduck-hip-bracket_drop/report.json,717,2714c898b59396facbea45fa2dcfc6b54820e291a27936daced18e08ee778f54
07 Files for the engineer/Project files/out/sim-evidence/fea/microduck-hip-bracket_walk/microduck-hip-bracket.step,346168,71ee3b18f5bd6a2e53c1e4b1a240acc7c4e374e4546750cf9bb1071e9d6d3d9e
07 Files for the engineer/Project files/out/sim-evidence/fea/microduck-hip-bracket_walk/report.json,717,e1c87e98cacd67618765792dd8f67ef0ab11a5dd8dda2c96e3dd06c912cc7661
07 Files for the engineer/Project files/out/sim-evidence/fea/microduck-motor-support_drop/microduck-motor-support.step,859785,688fc62c8ebf87840536f10f23558cf8fd924444a6e3a48623971c0ef69fcc6d
07 Files for the engineer/Project files/out/sim-evidence/fea/microduck-motor-support_drop/report.json,720,a4036062d2700992b270e0f79950c1aea8c3d75869173e43ff324595847fd0d8
07 Files for the engineer/Project files/out/sim-evidence/fea/microduck-motor-support_head_drop/microduck-motor-support.step,859785,31bac22843132f7a810b0073e8345afd7240279b9f8d24de321a74b4d839c986
07 Files for the engineer/Project files/out/sim-evidence/fea/microduck-motor-support_head_drop/report.json,730,244c3bd52981068ffb33c1cfd7c45bbc0809adf964d979a2fb388445a85baf4d
07 Files for the engineer/Project files/out/sim-evidence/fea/microduck-motor-support_walk/microduck-motor-support.step,859785,e8630c7bbb074ec391348fbea66ceba0c2685b8ce7dbeb4c4bf92c7ff18cafcf
07 Files for the engineer/Project files/out/sim-evidence/fea/microduck-motor-support_walk/report.json,722,a5ce0b9e75198d445a901582d76529ad0ca61da2c3e50ff6aea1f4113ec51255
07 Files for the engineer/Project files/out/sim-evidence/fea/microduck-neck-pitch-bracket_drop/microduck-neck-pitch-bracket.step,168570,189238114aa4f0a44350a9e4886be9b16e690e184e3b46b241703d04c963afb4
07 Files for the engineer/Project files/out/sim-evidence/fea/microduck-neck-pitch-bracket_drop/report.json,732,b4ee0da591825d3459880c533dc6d88953b78cbb6bf6aa0b3a95dc4d15b31a02
07 Files for the engineer/Project files/out/sim-evidence/fea/microduck-neck-pitch-bracket_head_drop/microduck-neck-pitch-bracket.step,168570,9361b7b776a9c9737420eb1ca8a519b6a047ff48ebcc5844e426daf5572b8e46
07 Files for the engineer/Project files/out/sim-evidence/fea/microduck-neck-pitch-bracket_head_drop/report.json,740,3cc36a0db2e9dfd3fa7ca7f0232fc5d715ca1c0ef84571e11bf5f9e171a2fa5b
07 Files for the engineer/Project files/out/sim-evidence/fea/microduck-neck-pitch-bracket_walk/microduck-neck-pitch-bracket.step,168570,60b4c6ff2940cfc1ca6c567a9857c0f9ae327d157b6a2a2c97b7b24710b4575d
07 Files for the engineer/Project files/out/sim-evidence/fea/microduck-neck-pitch-bracket_walk/report.json,734,4472ea4fb33885fac6e1a98d157029c77d6a055184058c4c73458cb792e6a4b7
07 Files for the engineer/Project files/out/sim-evidence/fea/microduck-neck-plate_drop/microduck-neck-plate.step,91772,e13722c5176c9a9a0f0b09f691a46a061bbd3994b67ea4f346dd2a2d9a8e6cfe
07 Files for the engineer/Project files/out/sim-evidence/fea/microduck-neck-plate_drop/report.json,715,15465b41e723f5d34248029d8f6626d86f459e8a4dedc1448c07af8eebfacb1d
07 Files for the engineer/Project files/out/sim-evidence/fea/microduck-neck-plate_head_drop/microduck-neck-plate.step,91772,928606e2f18c464b72cde792e77435d4a635adbdafb3382b61ef5f4e4f753a32
07 Files for the engineer/Project files/out/sim-evidence/fea/microduck-neck-plate_head_drop/report.json,726,4ef171cb5d51e6a0f048d2b4af239f9d1b67ff3eec8b832441f53013bd284640
07 Files for the engineer/Project files/out/sim-evidence/fea/microduck-neck-plate_ours.stl,111884,fedcbfd8ad93480282ce5cf4057b638c75c7a2aba5dde35f97b92ee505e09905
07 Files for the engineer/Project files/out/sim-evidence/fea/microduck-neck-plate_walk/microduck-neck-plate.step,91772,53f1498b29e150778296a64c34c01249cc819c7c5994d3a76bbcd530f5381da8
07 Files for the engineer/Project files/out/sim-evidence/fea/microduck-neck-plate_walk/report.json,715,150fe5b7f040e79832b4e352edebe05f42f9d1bea3e829492bcee8a9c16b20da
07 Files for the engineer/Project files/out/sim-evidence/fea/microduck-power-support_drop/microduck-power-support.step,720645,73327b6f21c85d02634f3bcffa7bf627d525c59478ae46250598265987be3086
07 Files for the engineer/Project files/out/sim-evidence/fea/microduck-power-support_drop/report.json,720,450b5707e5a9738feab25cd48fcb9f7917cb88aa0ad5977af15f584eec9e9006
07 Files for the engineer/Project files/out/sim-evidence/fea/microduck-power-support_walk/microduck-power-support.step,720645,d94889799a8182d8711de902942fd899a65e0d25f83e1af99fdad46e3de3e707
07 Files for the engineer/Project files/out/sim-evidence/fea/microduck-power-support_walk/report.json,720,7e7f9224299dd9f7f65210dae8f2ed4ca1cb4f70d88c49bd321449dc17e68041
07 Files for the engineer/Project files/out/sim-evidence/fea/microduck-shin_drop/microduck-shin.step,278418,54afa02b3a8c1b07cb55290c16b378194ba35f65662093b30d20ba00cc638019
07 Files for the engineer/Project files/out/sim-evidence/fea/microduck-shin_drop/report.json,703,3bc375f2a48c4bbe72a1e2fccc57fbe5980e93a29a4184ff304176f527cf5bba
07 Files for the engineer/Project files/out/sim-evidence/fea/microduck-shin_walk/microduck-shin.step,278418,c132dc18c2568c2736349fb11255497611f7907afcbc7381af1bc57255d6b904
07 Files for the engineer/Project files/out/sim-evidence/fea/microduck-shin_walk/report.json,702,c80d25d38d786ea5aa77d52174ad7aa30a9dc79495288233f79c3beeb4284d46
07 Files for the engineer/Project files/out/sim-evidence/fea/microduck-sole-left_drop/microduck-sole-left.step,1643649,288e9d0b013528a74d68bbdd94f3e3a06d6d8ac26e24c5e013df373e699e8d3b
07 Files for the engineer/Project files/out/sim-evidence/fea/microduck-sole-left_drop/report.json,715,f266df8229c26ed1dd64008bbf8ea9da0ecc30a0cde92e157e5244aa3d69cc2e
07 Files for the engineer/Project files/out/sim-evidence/fea/microduck-sole-left_walk/microduck-sole-left.step,1643649,1d6dca5c50c103a9270339398c3aef9e179d4c283c73e853b4321617bca18eac
07 Files for the engineer/Project files/out/sim-evidence/fea/microduck-sole-left_walk/report.json,716,9f857f0533f396e47fd4098ce8bed5c788f63b9ca9030c86f0f440ddd19f3370
07 Files for the engineer/Project files/out/sim-evidence/fea/microduck-trunk-base_drop/microduck-trunk-base.step,123982,9c10e4579812f0ddf342eb6be75273a0e0a6481f54d31e53586f1707c2e176aa
07 Files for the engineer/Project files/out/sim-evidence/fea/microduck-trunk-base_drop/report.json,728,b418f098ea1ac8c592db283ef4055a4801bb794b56478e142e3be98a5845baf9
07 Files for the engineer/Project files/out/sim-evidence/fea/microduck-trunk-base_walk/microduck-trunk-base.step,123982,7e472169f7264a2db1e83fb97e4b8f579ff409a5bc5b7562720c24e47a1e854e
07 Files for the engineer/Project files/out/sim-evidence/fea/microduck-trunk-base_walk/report.json,727,d45a871c742db109980f1f07271dfb23de71bbb0c0215ba3b08fedf7a586bb9a
07 Files for the engineer/Project files/out/sim-evidence/fea/microduck-upper-leg-left_drop/microduck-upper-leg-left.step,1400349,0f0783239ce3bb164ed9ac992ba41994032ff19873992ce6c552044eb83bd6fd
07 Files for the engineer/Project files/out/sim-evidence/fea/microduck-upper-leg-rigidity-plate_drop/microduck-upper-leg-rigidity-plate.step,245458,466dde01aa104981c92850b92c33d1de20d08a6be1b193487b094e414fec736a
07 Files for the engineer/Project files/out/sim-evidence/fea/microduck-upper-leg-rigidity-plate_drop/report.json,757,82cc381d573447e47b8ea84b17e91c4185f99bbb86252128efb5283ebbf12722
07 Files for the engineer/Project files/out/sim-evidence/fea/microduck-upper-leg-rigidity-plate_walk/microduck-upper-leg-rigidity-plate.step,245458,ee4a950160034ab0fbaded47d68f85c39c378cbae44504e3afe4bc8c2fb11ef7
07 Files for the engineer/Project files/out/sim-evidence/fea/microduck-upper-leg-rigidity-plate_walk/report.json,755,608ad3eac85b7b70cc1ed8b9efe5f5da3eea742b235323a192b124cee2df632e
07 Files for the engineer/Project files/out/sim-evidence/fea/microduck-yaw-roll-motion_drop/microduck-yaw-roll-motion.step,185067,f836733556d6b1e0f0f3c5e86569435e794bf4115bd4d2094fde767a47157119
07 Files for the engineer/Project files/out/sim-evidence/fea/microduck-yaw-roll-motion_drop/report.json,724,450bbd56b0d45da4ccd31d01fd4c83037d01d085719c8fbddaea0f256ef565d4
07 Files for the engineer/Project files/out/sim-evidence/fea/microduck-yaw-roll-motion_head_drop/microduck-yaw-roll-motion.step,185067,2bc1a6c22b899db2938ebac92d09945c167e5ea67bca817bffdddcf6198cab5f
07 Files for the engineer/Project files/out/sim-evidence/fea/microduck-yaw-roll-motion_head_drop/report.json,736,973377e80e9fa90dd6aad833843c344e2041084a06105fc91439f1f700e94f26
07 Files for the engineer/Project files/out/sim-evidence/fea/microduck-yaw-roll-motion_walk/microduck-yaw-roll-motion.step,185067,ba775069a31f1d4c0c364bb477e9d0b8450a190e65855421388439132f0aeefa
07 Files for the engineer/Project files/out/sim-evidence/fea/microduck-yaw-roll-motion_walk/report.json,728,57fd7c0b6de5be0ba683742da3af2b7fdfb445747b8b0a7c50331fa375d12e66
07 Files for the engineer/Project files/out/sim-evidence/fea/microduck-yaw2roll_drop/microduck-yaw2roll.step,180743,2a409aaa72f125893fcaa31fb3fabf4904848f6f553e47e47bf56cc9e58df5fb
07 Files for the engineer/Project files/out/sim-evidence/fea/microduck-yaw2roll_drop/report.json,713,8b74cf76bf7a609c9263854c7dace5e8a9808af4b68f9515199430dcc36fccdc
07 Files for the engineer/Project files/out/sim-evidence/fea/microduck-yaw2roll_walk/microduck-yaw2roll.step,180743,fce129502bfbab8060a1dd3cd98de5a4cf7ff1f22b83856dbd85d1852f7f3910
07 Files for the engineer/Project files/out/sim-evidence/fea/microduck-yaw2roll_walk/report.json,713,3668a52b466b7eafdd776b5dee730090e0e0c9debc7f4c74344284fecaa31e68
07 Files for the engineer/Project files/out/sim-evidence/fea/progress.txt,7946,a7ff19847bae91fafa73819f58ad8e64723de65ef14a4cf23613b5042010713f
07 Files for the engineer/Project files/out/sim-evidence/fea/rerender.txt,0,e3b0c44298fc1c149afbf4c8996fb92427ae41e4649b934ca495991b7852b855
07 Files for the engineer/Project files/out/sim-evidence/fea_convergence_microduck-ankle-left_drop.json,2218,cf73bbe30289da9137723df62ea0ac968e36299c7f0c25df86364729f2593763
07 Files for the engineer/Project files/out/sim-evidence/fea_materials_microduck-ankle-left_drop.json,3783,e25f6982b99b5d67edb92317f61eceb77c53d616b4d608eb59c36dae8b407d60
07 Files for the engineer/Project files/out/sim-evidence/fea_meshability_microduck-upper-leg-left.json,5400,841c9ecec2f58c6531348395942cf59ac329d34a985914a74fb8a96bfe735e0c
07 Files for the engineer/Project files/out/sim-evidence/fea_microduck-ankle-left_drop.json,7168,9c215e67b27b44b115b61550d1b966aa0419353605fea68f20372bb498676bb2
07 Files for the engineer/Project files/out/sim-evidence/fea_microduck-ankle-left_walk.json,7126,7687df4e2551a15b3f3c4cd4761c2440938ce15ea288a15dc22d18d72ed4cefc
07 Files for the engineer/Project files/out/sim-evidence/fea_microduck-foot-left_drop.json,7904,bf29c74596769993542582132634a56327a0feeaed29d28baefb1a5740308e55
07 Files for the engineer/Project files/out/sim-evidence/fea_microduck-foot-left_walk.json,7947,7f54b125f416cbe9e156a73cee3f4f458b62f086e60f05c7f3df66f9535a8214
07 Files for the engineer/Project files/out/sim-evidence/fea_microduck-hip-bracket_drop.json,6206,d358a001be3afe1893a0aeb5ca30024f51a10561cc27ad323434fb9ea2ce258d
07 Files for the engineer/Project files/out/sim-evidence/fea_microduck-hip-bracket_walk.json,6181,27b78ac3368c26bc1a42ac9b1ecb535a2de55a1907654bf3a67c7862fcf0d3d3
07 Files for the engineer/Project files/out/sim-evidence/fea_microduck-motor-support_drop.json,7220,3dd6e43125f5b382d982832bc7e6011c39a6fdb16257b070d3e8e51cd47ce8c4
07 Files for the engineer/Project files/out/sim-evidence/fea_microduck-motor-support_head_drop.json,7436,358fb0d06f4370eef9fbcd0a91492286514075125af13c9f306fb6369c37f618
07 Files for the engineer/Project files/out/sim-evidence/fea_microduck-motor-support_walk.json,6233,424c884c71c022d80eff7becccb0d10297c15df61b7cbad7f9c211304e39255c
07 Files for the engineer/Project files/out/sim-evidence/fea_microduck-neck-pitch-bracket_drop.json,6469,1014dc2904d20690ef203c186faf434eaae0f9d8d3a68145ea08666bd454698f
07 Files for the engineer/Project files/out/sim-evidence/fea_microduck-neck-pitch-bracket_head_drop.json,6492,a08a26d147751df1f3e2540e07b69072e7af6346c4d637479332c15d235e33de
07 Files for the engineer/Project files/out/sim-evidence/fea_microduck-neck-pitch-bracket_walk.json,6411,5fe5519afd426747b674a0fbd96f9faaa059a3723d242d887860583729b5b52d
07 Files for the engineer/Project files/out/sim-evidence/fea_microduck-neck-plate_drop.json,6517,2b2e71e6348802ae4f48d23b7c550dc0714815063edd78495bb9a3b3f76b1052
07 Files for the engineer/Project files/out/sim-evidence/fea_microduck-neck-plate_head_drop.json,6581,d904514e7d69bea53fc47a7ebaa7098852a91286bf98d67f95fb4ebe6cba0242
07 Files for the engineer/Project files/out/sim-evidence/fea_microduck-neck-plate_walk.json,6484,59104f68ab04b351627ee99e8afa4c8ae70056178b4789bc62bae1ba6d436858
07 Files for the engineer/Project files/out/sim-evidence/fea_microduck-power-support_drop.json,7712,c6a331072edad822589dfccd6e9b3687d4877bb3305413fed4e1241638e84ed9
07 Files for the engineer/Project files/out/sim-evidence/fea_microduck-power-support_walk.json,7819,bea711137e0b641e6830da2ebe6ae98cdc593ffcd4a2110e7d84643aa0da55b5
07 Files for the engineer/Project files/out/sim-evidence/fea_microduck-shin_drop.json,6765,39be946e47f873c14d0334a1c8a8d90d0639d488efb694f45783a2d9fe60701a
07 Files for the engineer/Project files/out/sim-evidence/fea_microduck-shin_walk.json,5755,b3869ccba4ab01e1628ac31bb92e1a5a10ba1cc50632acd8741e1d6b7084cec6
07 Files for the engineer/Project files/out/sim-evidence/fea_microduck-sole-left_drop.json,6095,e1d389925991d1e90ac5067875e354ffa0697af941c5e41178c90215905f1101
07 Files for the engineer/Project files/out/sim-evidence/fea_microduck-sole-left_walk.json,6120,964aec3ca14b2998669408f3860b1ca44e45a0778828e5e08cbbf13be4ba9a94
07 Files for the engineer/Project files/out/sim-evidence/fea_microduck-trunk-base_drop.json,10409,aa9d7bb93e3fa3465869da3eb8c01ccdf26770b6c458d49566861d0d79503650
07 Files for the engineer/Project files/out/sim-evidence/fea_microduck-trunk-base_walk.json,10373,1821a1f33010c7f1f9045a0239b5881080b911a300bece8b2ed246199727dd59
07 Files for the engineer/Project files/out/sim-evidence/fea_microduck-upper-leg-left_drop.json,954,8bbf07f63ce7eba84c658972dcfd685846876d0244fb276abdc99277f9812817
07 Files for the engineer/Project files/out/sim-evidence/fea_microduck-upper-leg-left_walk.json,901,9905d6d26b560f2a5a43d67222f95b8977594c5ee7108f0aa46b4c84a1be30f3
07 Files for the engineer/Project files/out/sim-evidence/fea_microduck-upper-leg-rigidity-plate_drop.json,10159,37655b01dcdeeeff386c5d8126dd412ff6f809926a486b1e62d37f88a78dce99
07 Files for the engineer/Project files/out/sim-evidence/fea_microduck-upper-leg-rigidity-plate_walk.json,10076,4e7aeeb17e45fa59cc44283858ac28f32661366ea124477f833b2c41b05fd4cd
07 Files for the engineer/Project files/out/sim-evidence/fea_microduck-yaw-roll-motion_drop.json,6411,1bff736c35bb1467e9f1828cf4baaffe2735600ae3655f32aa432396126058d1
07 Files for the engineer/Project files/out/sim-evidence/fea_microduck-yaw-roll-motion_head_drop.json,6443,582cd73bf613b3acbe36cf8e145b940848b18734885bb54285171f726b38c61b
07 Files for the engineer/Project files/out/sim-evidence/fea_microduck-yaw-roll-motion_walk.json,6350,3d8068998ec8b4542451ab88d408544bb38296f64985279310cef07482b45dc9
07 Files for the engineer/Project files/out/sim-evidence/fea_microduck-yaw2roll_drop.json,7258,2b3dfdf047f7f6b95b5e5fc6bacd4c1cc4dfaf2f64ff4072fbe93e86efe9b107
07 Files for the engineer/Project files/out/sim-evidence/fea_microduck-yaw2roll_walk.json,7247,47e184ee971ef1e7f781aca524e79989e9095e82c62f133380ebb4cfca282483
07 Files for the engineer/Project files/out/sim-evidence/fea_nlgeom_microduck-motor-support_drop.json,3152,c9b47bf9f65472f138ee253ca7ef706eb7d82041ce47124312a8747979664c1c
07 Files for the engineer/Project files/out/sim-evidence/fea_nlgeom_microduck-motor-support_head_drop.json,3196,62ffd5ac19ddb820d75d2f9af0c681e4b4028bbd9f0394bd9fc53bee0331ba95
07 Files for the engineer/Project files/out/sim-evidence/fea_nlgeom_microduck-shin_drop.json,2860,b8aea01a16071eb5839e298267b460661ed53893ac552ab73146aa1ca2aa1aed
07 Files for the engineer/Project files/out/sim-evidence/fea_nlgeom_microduck-trunk-base_drop.json,2959,100f5968cbbbcc87cfdce997d9735e90833278b2c04b311867267c650b609101
07 Files for the engineer/Project files/out/sim-evidence/fea_nlgeom_microduck-trunk-base_walk.json,2881,065682b3179ca417edfa0c0ab395d4c4a4165330f3fe0c2154604b64d9f226b4
07 Files for the engineer/Project files/out/sim-evidence/fea_nlgeom_microduck-upper-leg-rigidity-plate_drop.json,3105,21b7435df73063ec5ef38361b4fa28bcb09317e7534cdd3603e943bbcf6d61c0
07 Files for the engineer/Project files/out/sim-evidence/fea_nlgeom_microduck-upper-leg-rigidity-plate_walk.json,3028,f7805228cb4ddf286141f12c08f344c5de2575bbc6f9cc226c9443de54612cf8
07 Files for the engineer/Project files/out/sim-evidence/gait-peaks.json,73960,a53ad53855b66f0e3c3ef9ae09be710a7b9ff1eff8e9f553337009775c3a6a83
07 Files for the engineer/Project files/out/sim-evidence/gait-robustness.json,113364,85dda3d350462eeee5bbd0ce175358f2c27427c91d2ac73aa1507b5ca1926e42
07 Files for the engineer/Project files/out/sim-evidence/gait-torque-duty.json,7639,dc328badf768086a5d276a6b1955ba5d497b276792bce9281638ce75075bade1
07 Files for the engineer/Project files/out/sim-evidence/joint-geometry.json,22478,adce336f3f4c448a1ea1079badd0f910a6d5353ec2414aae7541390ba4f43e4d
07 Files for the engineer/Project files/out/sim-evidence/loads_mujoco.json,2187248,33ddf09209c2edb859cc35db296f34b7c462a4c9a2a49dfabca3bc1243e8a0fa
07 Files for the engineer/Project files/out/sim-evidence/loads_mujoco.npz,5993857,d5a19fee36494792d103e0fa1e962e6140ca7edf017afd7ce43a5ecc0170b268
07 Files for the engineer/Project files/out/sim-evidence/scene_drop_allcollisions.xml,30781,1b8606115c815409479a584a0935e5df4d8a4b2976b3ac20ccd3662f536e933e
07 Files for the engineer/Project files/out/sim-evidence/scene_drop_walk.xml,29885,0327756af13a58d20125b104fdf31bf5b8149d3645e0b62dd5864421595e4361
07 Files for the engineer/Project files/out/sim-evidence/scene_loads_walk.xml,29885,0327756af13a58d20125b104fdf31bf5b8149d3645e0b62dd5864421595e4361
07 Files for the engineer/Project files/out/sim-evidence/section_microduck-shin.json,8483,0aaf3855b23261c7155c9cbea6a8961448eefa4eb9de980ad5c11c4f7fe4b37c
07 Files for the engineer/Project files/out/sim-evidence/skeptic_f1_recheck.json,15029,2787952b79afb1b22d5d604230cadc8b5c3927315ab4f67044ad27766229f9df
07 Files for the engineer/Project files/out/sim-evidence/thermal-compute-head.json,30718,51ad6d96ef6d36f5b2488f8f519df45f9953f03b309dca2960b4340c3429d129
07 Files for the engineer/Project files/out/sim-evidence/thermal-servo-xl330.json,84189,a7d02bd83c89ed455452478fb564b52c7f67b3bacd9284ba948021355413cea2
07 Files for the engineer/Project files/out/sim-evidence/tolerance-stack-hinges.json,415766,35661e81a9d4693b2b3b30fa7a8725a2cd6996fa900707b53dfd7eae12b50aea
07 Files for the engineer/Project files/out/sim-sweep/_census/scene_ours.xml,30887,fc0b646645c7ce0d37cacdeb5c5cce84e6ebf696a0cb18e15b68da36e4a17a6b
07 Files for the engineer/Project files/out/sim-sweep/_census/scene_ours_allcollisions.xml,31788,f9b87283986d4b1c5b32bc1d90f1bb44b57accb0f701d97c2ba106f049a1e8e8
07 Files for the engineer/Project files/out/sim-sweep/_census/scene_ours_fullcontact.xml,33088,3411ce92f5406439795472593d973425e8f7ccae2c3158bd9323f5090a05a699
07 Files for the engineer/Project files/out/sim-sweep/_census/scene_ours_selfcontact.xml,33088,a90c6ed5088d3b6a2bb22893f08c17955fb523c31373dcfeaf1ed7d7e22badd8
07 Files for the engineer/Project files/out/sim-sweep/_census/scene_rest_ours_fullcontact.xml,33088,3411ce92f5406439795472593d973425e8f7ccae2c3158bd9323f5090a05a699
07 Files for the engineer/Project files/out/sim-sweep/_census/scene_rest_ours_selfcontact.xml,33088,a90c6ed5088d3b6a2bb22893f08c17955fb523c31373dcfeaf1ed7d7e22badd8
07 Files for the engineer/Project files/out/sim-sweep/base_walk_vx0.25.json,19374,059dfb69932b76b72d6d63e8060596acfec9b3ca7cb5b60ef60010b1ad9d292b
07 Files for the engineer/Project files/out/sim-sweep/base_walk_vx0.25_summary.json,327,cb3cbf1856a400c341b08c2a4f25fb63ee6d2d39d4dc77268ed62a5cbde3ab90
07 Files for the engineer/Project files/out/sim-sweep/base_walk_vx0.25_traj.npz,936764,34b613d405a5dcb04cce1d92de837a7aed73b4a85fc3580855f49ce653b456d0
07 Files for the engineer/Project files/out/sim-sweep/endurance_60s_slope5_up.json,19517,bedc70e3f4856afb4012de03af14c5a9de098cc11986d1dde0e670e9b248806f
07 Files for the engineer/Project files/out/sim-sweep/endurance_60s_vx0.25.json,19360,bbd2830d3ad7abfd4ebb2be2369e6d4c76a5d88f2517e9012e78118c39186c41
07 Files for the engineer/Project files/out/sim-sweep/endurance_60s_vx0.35.json,19334,067d80e401a31fd1cd51f94327807bc0e4772b74a2afdcfc64fa72d1bb5814bc
07 Files for the engineer/Project files/out/sim-sweep/mass_m090.json,19273,f7df859fe5ac3fa89cca9614947b99340aca1b53894ea0007d406548474fb116
07 Files for the engineer/Project files/out/sim-sweep/mass_m110.json,19263,ff67af09f1ac67c7f049e203ed778ff7d740aa57e26273ea9782b54fde1a3485
07 Files for the engineer/Project files/out/sim-sweep/mass_m110_summary.json,275,cfed2dfc816aa577cba27d8fe55ae151461fa1ce23107686a8fad5fa12514c4f
07 Files for the engineer/Project files/out/sim-sweep/mass_m110_traj.npz,937230,9d1af44c94ad7ed1f40b0ca5de98b284b03dbba9df3b7b13775c8fb01476c513
07 Files for the engineer/Project files/out/sim-sweep/mu_0.40.json,19285,6966d3364d7e641a094b073a9f1f13565f759a70fefc79a882401aa8b6544642
07 Files for the engineer/Project files/out/sim-sweep/mu_0.40_summary.json,282,9e9aefd8c8214f9b240e44ca55bc2594705e123080d4d5044dd440fc2a2d3091
07 Files for the engineer/Project files/out/sim-sweep/mu_0.40_traj.npz,936458,a83c1a8fb5a14452c965d280a24c831f1e7938d9a98f6f4270075e8fe2ab7ff4
07 Files for the engineer/Project files/out/sim-sweep/mu_0.70.json,19291,443dfb7b040c0e829b5bf65aa4683120d8deff5430d64285c654eca2ed0fbaba
07 Files for the engineer/Project files/out/sim-sweep/mu_1.00.json,19292,10cb45a38d536e36269b626efce53f68a714734c7b34903a4dc0e48e7f35f9b1
07 Files for the engineer/Project files/out/sim-sweep/push_1N_lat.json,19313,c3dd48478ec339f7eb3e2aeaddd4fc49c653a6740826016560bc969e6d06f958
07 Files for the engineer/Project files/out/sim-sweep/push_2N_lat.json,19629,16db659eedb2d904baef4d94c0a6c8172b1e266e0ddf266e3dda273bff304bb5
07 Files for the engineer/Project files/out/sim-sweep/push_5N_back.json,19329,14bec36af0cbd04e3e26aa369b18ca1a29d258b8802cfe04745c0373b852302e
07 Files for the engineer/Project files/out/sim-sweep/push_5N_fwd.json,19552,7550731885e35c8333ac224a862d2836f4744b466abfcf14783da351f0d62412
07 Files for the engineer/Project files/out/sim-sweep/push_5N_lat.json,19934,045ce5ca7c77346dd4486b332a3381c6895af253c1dbf6fcce4899c12cef58db
07 Files for the engineer/Project files/out/sim-sweep/push_5N_lat_fullcontact.json,21081,56dd40166e62e3993ce2a55cb89811ff2969f8fce7aea197259ad6024f14c488
07 Files for the engineer/Project files/out/sim-sweep/push_5N_lat_fullcontact_summary.json,481,df7f9692742817a6a5334791f5cf47fbc9c740d6c48bf0b98c270731170a5d1c
07 Files for the engineer/Project files/out/sim-sweep/push_5N_lat_fullcontact_traj.npz,936664,9c2dd2d9c183b999f6d613bb29cba00a97071065db4243e3fcef240b28be13b4
07 Files for the engineer/Project files/out/sim-sweep/push_5N_lat_neg.json,19822,671d2d021fe70beb807917bead936965fdb4dd9117c8bbb9e31f1d81d313b7a5
07 Files for the engineer/Project files/out/sim-sweep/push_5N_lat_summary.json,302,d70379a61622351abdf2941b59fc689c2235ab7b4ea604738b29f8c3dc4c274a
07 Files for the engineer/Project files/out/sim-sweep/push_5N_lat_traj.npz,931048,cb11d2169f3999f9ae1916f5ac1fe37dc4e40d75cc12283f064431ff252c0591
07 Files for the engineer/Project files/out/sim-sweep/scene_base_walk_vx0.25.xml,30884,6f8751c9d2232fbd1ada48a73de79c352901b3d69c81c2f077550ab06066deeb
07 Files for the engineer/Project files/out/sim-sweep/scene_endurance_60s_slope5_up.xml,30884,6f8751c9d2232fbd1ada48a73de79c352901b3d69c81c2f077550ab06066deeb
07 Files for the engineer/Project files/out/sim-sweep/scene_endurance_60s_vx0.25.xml,30884,6f8751c9d2232fbd1ada48a73de79c352901b3d69c81c2f077550ab06066deeb
07 Files for the engineer/Project files/out/sim-sweep/scene_endurance_60s_vx0.35.xml,30884,6f8751c9d2232fbd1ada48a73de79c352901b3d69c81c2f077550ab06066deeb
07 Files for the engineer/Project files/out/sim-sweep/scene_mass_m090.xml,30884,6f8751c9d2232fbd1ada48a73de79c352901b3d69c81c2f077550ab06066deeb
07 Files for the engineer/Project files/out/sim-sweep/scene_mass_m110.xml,30884,6f8751c9d2232fbd1ada48a73de79c352901b3d69c81c2f077550ab06066deeb
07 Files for the engineer/Project files/out/sim-sweep/scene_mu_0.40.xml,30884,6f8751c9d2232fbd1ada48a73de79c352901b3d69c81c2f077550ab06066deeb
07 Files for the engineer/Project files/out/sim-sweep/scene_mu_0.70.xml,30884,6f8751c9d2232fbd1ada48a73de79c352901b3d69c81c2f077550ab06066deeb
07 Files for the engineer/Project files/out/sim-sweep/scene_mu_1.00.xml,30884,6f8751c9d2232fbd1ada48a73de79c352901b3d69c81c2f077550ab06066deeb
07 Files for the engineer/Project files/out/sim-sweep/scene_push_1N_lat.xml,30884,6f8751c9d2232fbd1ada48a73de79c352901b3d69c81c2f077550ab06066deeb
07 Files for the engineer/Project files/out/sim-sweep/scene_push_2N_lat.xml,30884,6f8751c9d2232fbd1ada48a73de79c352901b3d69c81c2f077550ab06066deeb
07 Files for the engineer/Project files/out/sim-sweep/scene_push_5N_back.xml,30884,6f8751c9d2232fbd1ada48a73de79c352901b3d69c81c2f077550ab06066deeb
07 Files for the engineer/Project files/out/sim-sweep/scene_push_5N_fwd.xml,30884,6f8751c9d2232fbd1ada48a73de79c352901b3d69c81c2f077550ab06066deeb
07 Files for the engineer/Project files/out/sim-sweep/scene_push_5N_lat.xml,30884,6f8751c9d2232fbd1ada48a73de79c352901b3d69c81c2f077550ab06066deeb
07 Files for the engineer/Project files/out/sim-sweep/scene_push_5N_lat_fullcontact.xml,33085,3b64976d43be224e8d6389989eb09357fae61ea052564acb550108de04fee6c5
07 Files for the engineer/Project files/out/sim-sweep/scene_push_5N_lat_neg.xml,30884,6f8751c9d2232fbd1ada48a73de79c352901b3d69c81c2f077550ab06066deeb
07 Files for the engineer/Project files/out/sim-sweep/scene_sitstand.xml,31785,2a26b4b423596245637e7f40936a5a9f918eff222c6a94b5a7944f14b396bb43
07 Files for the engineer/Project files/out/sim-sweep/scene_sitstand_m110.xml,31785,2a26b4b423596245637e7f40936a5a9f918eff222c6a94b5a7944f14b396bb43
07 Files for the engineer/Project files/out/sim-sweep/scene_sitstand_mu0.40.xml,31785,2a26b4b423596245637e7f40936a5a9f918eff222c6a94b5a7944f14b396bb43
07 Files for the engineer/Project files/out/sim-sweep/scene_slope5_down.xml,30884,6f8751c9d2232fbd1ada48a73de79c352901b3d69c81c2f077550ab06066deeb
07 Files for the engineer/Project files/out/sim-sweep/scene_slope5_side_left.xml,30884,6f8751c9d2232fbd1ada48a73de79c352901b3d69c81c2f077550ab06066deeb
07 Files for the engineer/Project files/out/sim-sweep/scene_slope5_side_right.xml,30884,6f8751c9d2232fbd1ada48a73de79c352901b3d69c81c2f077550ab06066deeb
07 Files for the engineer/Project files/out/sim-sweep/scene_slope5_up.xml,30884,6f8751c9d2232fbd1ada48a73de79c352901b3d69c81c2f077550ab06066deeb
07 Files for the engineer/Project files/out/sim-sweep/scene_stand_from_FOLD.xml,31785,2a26b4b423596245637e7f40936a5a9f918eff222c6a94b5a7944f14b396bb43
07 Files for the engineer/Project files/out/sim-sweep/scene_stand_from_SIT.xml,31785,2a26b4b423596245637e7f40936a5a9f918eff222c6a94b5a7944f14b396bb43
07 Files for the engineer/Project files/out/sim-sweep/scene_stand_hold.xml,31785,2a26b4b423596245637e7f40936a5a9f918eff222c6a94b5a7944f14b396bb43
07 Files for the engineer/Project files/out/sim-sweep/scene_vx_0.00.xml,30884,6f8751c9d2232fbd1ada48a73de79c352901b3d69c81c2f077550ab06066deeb
07 Files for the engineer/Project files/out/sim-sweep/scene_vx_0.05.xml,30884,6f8751c9d2232fbd1ada48a73de79c352901b3d69c81c2f077550ab06066deeb
07 Files for the engineer/Project files/out/sim-sweep/scene_vx_0.10.xml,30884,6f8751c9d2232fbd1ada48a73de79c352901b3d69c81c2f077550ab06066deeb
07 Files for the engineer/Project files/out/sim-sweep/scene_vx_0.15.xml,30884,6f8751c9d2232fbd1ada48a73de79c352901b3d69c81c2f077550ab06066deeb
07 Files for the engineer/Project files/out/sim-sweep/scene_vx_0.20.xml,30884,6f8751c9d2232fbd1ada48a73de79c352901b3d69c81c2f077550ab06066deeb
07 Files for the engineer/Project files/out/sim-sweep/scene_vx_0.30.xml,30884,6f8751c9d2232fbd1ada48a73de79c352901b3d69c81c2f077550ab06066deeb
07 Files for the engineer/Project files/out/sim-sweep/scene_vx_0.35.xml,30884,6f8751c9d2232fbd1ada48a73de79c352901b3d69c81c2f077550ab06066deeb
07 Files for the engineer/Project files/out/sim-sweep/scene_vx_0.40.xml,30884,6f8751c9d2232fbd1ada48a73de79c352901b3d69c81c2f077550ab06066deeb
07 Files for the engineer/Project files/out/sim-sweep/scene_vx_0.50.xml,30884,6f8751c9d2232fbd1ada48a73de79c352901b3d69c81c2f077550ab06066deeb
07 Files for the engineer/Project files/out/sim-sweep/scene_vx_0.60.xml,30884,6f8751c9d2232fbd1ada48a73de79c352901b3d69c81c2f077550ab06066deeb
07 Files for the engineer/Project files/out/sim-sweep/scene_vx_0.80.xml,30884,6f8751c9d2232fbd1ada48a73de79c352901b3d69c81c2f077550ab06066deeb
07 Files for the engineer/Project files/out/sim-sweep/scene_walk_allcollisions.xml,31785,2a26b4b423596245637e7f40936a5a9f918eff222c6a94b5a7944f14b396bb43
07 Files for the engineer/Project files/out/sim-sweep/scene_walk_selfcontact.xml,33085,ee9411ac6ebe9f52038ecf56b6f8eec35b71cc2501a7c9da4099f560d8bc104d
07 Files for the engineer/Project files/out/sim-sweep/sitstand.json,19514,31af10af49daf476ebbc25726a0308e0d93a3bc6606ce6ddaadd9cb120d61f97
07 Files for the engineer/Project files/out/sim-sweep/sitstand_m110.json,19442,17e6d4d390c6565a9ef7eb7ee6caaa4b217a4fc65481d57867101503971e78bb
07 Files for the engineer/Project files/out/sim-sweep/sitstand_mu0.40.json,19670,5524848f79ffc83c1eaf9234416aca16c74d804e9fb098df4ddad775a3684627
07 Files for the engineer/Project files/out/sim-sweep/sitstand_summary.json,294,dc39a6cd22b4582e98c070716e36e55023dff65974d122e4b4db14a1b6365cb9
07 Files for the engineer/Project files/out/sim-sweep/sitstand_traj.npz,777705,0061a83cb1dcaa71ba93bc2fbfd903c758a3aa4e909cc0c938533373a60d9a89
07 Files for the engineer/Project files/out/sim-sweep/slope5_down.json,19479,d8b96d9fd209f7ba057321a860959bf8d298f914a18f24760368f3c595d59812
07 Files for the engineer/Project files/out/sim-sweep/slope5_side_left.json,19525,e4de60559cfbe5e7a0f111f1600234ef0a075f0fe29a491bb57eb009d6002cbd
07 Files for the engineer/Project files/out/sim-sweep/slope5_side_right.json,19558,d74233edb0f0a392e4d87436924d2e3550d0292d4bd62b950803ecd51b70ada0
07 Files for the engineer/Project files/out/sim-sweep/slope5_up.json,19488,6cd2b98a564a58c6c785765897eea97264809b96d5d849127cefc5533d23a4a0
07 Files for the engineer/Project files/out/sim-sweep/slope5_up_summary.json,284,b5011959ee3ab75690fed90a65f0e3f9d6e08a945cda471403a0d80a371475e0
07 Files for the engineer/Project files/out/sim-sweep/slope5_up_traj.npz,935515,aa1d3e052ca7c031846397ca6c35c4dee24333a03a06b7d17539162bc95fbac8
07 Files for the engineer/Project files/out/sim-sweep/stand_from_FOLD.json,19510,5a783dc2e4a92d87ded099615667739eb38e3c05aca5baefcca82e10cb69fb74
07 Files for the engineer/Project files/out/sim-sweep/stand_from_SIT.json,19491,ec58fde1f90c7b23147d1bccbc19acf8e71d253b889037e6d5cfbc4454bf0066
07 Files for the engineer/Project files/out/sim-sweep/stand_hold.json,19353,3231c923da8627af0abd692599b645957b46aceb5afc229fb2e62f1efc127456
07 Files for the engineer/Project files/out/sim-sweep/stand_hold_summary.json,253,b9edd5965346c9f897259b5e8ac41ee0b38cf96d0b9d8ad349b9b1a835b7b627
07 Files for the engineer/Project files/out/sim-sweep/stand_hold_traj.npz,611655,41b766fa6a3a34fc861d9d42009c9d51b44b55ee5d2274309c7a96af1fb641d5
07 Files for the engineer/Project files/out/sim-sweep/videos.json,5320,f0b89900d7bb7b3cca67dc1b51fd29fed224e1c6f5594e642f805bdefa6b875b
07 Files for the engineer/Project files/out/sim-sweep/vx_0.00.json,19140,4e40121901533ca7d2a9338bbb9c6ae43e1e5de14e0b74ece60be80150f13048
07 Files for the engineer/Project files/out/sim-sweep/vx_0.05.json,19153,e29100711cfacc46eab29f0d0173c3f1652e445d5164a8ee7b36c889979277c3
07 Files for the engineer/Project files/out/sim-sweep/vx_0.10.json,19165,4b63af4d22ea38f8268ef5f8373b80e6f16c0e8858c12de2811c851a8dca3abe
07 Files for the engineer/Project files/out/sim-sweep/vx_0.15.json,19152,75968b1b0bf8194a87df18afea3319f2b00a0cdf16a31b74aa9934ab7503a1ea
07 Files for the engineer/Project files/out/sim-sweep/vx_0.20.json,19157,54a535db5a8335ee1e48c261f693d66ffff9014f36f42f4b4e0afd0fa28f7b85
07 Files for the engineer/Project files/out/sim-sweep/vx_0.30.json,19190,bbc8c6005f3ca61b52f903ab4317a85b3fbf72520f07706dd474a1c0694e7ba2
07 Files for the engineer/Project files/out/sim-sweep/vx_0.35.json,19196,aaac8017cd3b411c2d7d7578e088f1e6d9cf5732bede943a4462bdcbc69a9405
07 Files for the engineer/Project files/out/sim-sweep/vx_0.40.json,19181,21efdfebe70c5c961892be1ced65bb6bbb6c00772587fcc89eea0c9ff09736bb
07 Files for the engineer/Project files/out/sim-sweep/vx_0.50.json,19195,df90ce3a9ba746a1a37adc534b9aec79cbb367081495eea2dc78bdce3359c25c
07 Files for the engineer/Project files/out/sim-sweep/vx_0.60.json,19212,d8def8605a6a08093184a4c386b2019531fbcbf5905563691aff27abf8bc60d3
07 Files for the engineer/Project files/out/sim-sweep/vx_0.60_summary.json,237,cc08931714ea2ac55032c5d25902cc44d4715c0b79bd7798a9e60d70e67d7b38
07 Files for the engineer/Project files/out/sim-sweep/vx_0.60_traj.npz,938348,fe41e6a36f4e057bdb3c2792cbdbbc0d084f20c69aecf544550f832be2ca0754
07 Files for the engineer/Project files/out/sim-sweep/vx_0.80.json,19220,b4536866ee4c3d1568cf2549a91ae297cde8f3afb56c3785663eb9f0743ced60
07 Files for the engineer/Project files/out/sim-sweep/walk_allcollisions.json,20161,b311f05d29ed2974f3e11bb4c22c31679fb82bfb8b362f8cf23982ac6d98130c
07 Files for the engineer/Project files/out/sim-sweep/walk_selfcontact.json,20072,406ee488d287d0d176052ce2c2af4079528430ae147f81857746efd0d15dac28
07 Files for the engineer/Project files/out/sim-sweep/walk_selfcontact_summary.json,555,3a64c42b4e5d52e38d9b25ede1f96d182e835eb98931608870f43eb3c542e857
07 Files for the engineer/Project files/out/sim-sweep/walk_selfcontact_traj.npz,936783,8526e66ed85b6599045d1bb4640b701d5caf70b32d544e3a9f68df4e1482e344
07 Files for the engineer/Project files/out/sources/hf-space-mishig-microduck-anatomy-api.json,5752,8b3c04dbcf90af5124e97d74d694f306adbaccc2dd367625dae585cc8081f825
07 Files for the engineer/Project files/out/sources/internals/real_measure.json,1561,c4f233d0a96e9e2ce9f1f4b2a7b87e79ecf32664aaa39bc80caebd66afd08357
07 Files for the engineer/Project files/out/sources/internals.json,51237,2a65395de6e64cfb9f21cc3e994ea364674e9233a04320483a241486a45ed658
07 Files for the engineer/Project files/out/sources/makerworld-3250889-api.json,18065,89359e7f21036b89d510f957723da7a6f3edace577a700fce3bc6f5afd3a14a1
07 Files for the engineer/Project files/out/sources/makerworld-3250889-compare.json,33055,6d206ec72dad11e10ba61fa37243c948654b89809edd81bb731fc91c2084d660
07 Files for the engineer/Project files/out/sources/makerworld-3250889-github-identity.json,5459,c4582239d0b0a34e89b6f442a5093615642f7fd58c1208e337ad14323f90f9bc
07 Files for the engineer/Project files/out/sources/makerworld-3250889-vertex-identity.json,13332,f9b6ad09462ca3bbe4e42d0df5234f8385d959a70ea2fbaba3ca69ea577620db
07 Files for the engineer/Project files/out/sources/makerworld-3250889-vs-pollen-bodies.json,25256,60baf4c6e673a5dd152b2fc2923477137f6bb55b64e06e329c4f70ef8ca665e8
07 Files for the engineer/Project files/out/sources/makerworld-3250889.json,123802,92a26e396cb8023b003fbfdff056abd58c7e09858fb79618d0366c6da05c20ab
07 Files for the engineer/Project files/out/sources/upstream-develop-files.json,19325,2af4c8d01ab0a660eca7fc69d13629446eaa69ec0c75cf95bb48622c9aae42e4
07 Files for the engineer/Project files/out/sources/upstream-develop-meshdiff.json,76667,3a2105077eb641a8081736edd70c2f70cf9230cf743e8cd6b0a5ee6537c75a09
07 Files for the engineer/Project files/out/sources/upstream-develop-mjcfdiff.json,45811,215d2816c1a0ce35ff28be160fddc2ca4bd568c2df0b2cf713d868e1e415a861
07 Files for the engineer/Project files/out/sources/upstream-develop.html,85890,e8e42b5f2b59e803c147c05d50c9ec444815594e1764e914ff25afae132a68a7
07 Files for the engineer/Project files/out/sources/upstream-develop.json,116372,80b66bed1d788c6f71a2e0b8c1ef9dd43fe61bf7c3a96f2c8b54bf9b6e74cbbe
07 Files for the engineer/Project files/out/sources/upstream-main-alpha-vs-develop.json,17512,36356f7ae8b3044d3603911e5d3878d478cd389bc068fe58cc32788aefd286de
07 Files for the engineer/Project files/out/stress/corr_microduck-ankle-left_landing/microduck-ankle-left.step,328908,b856fe4118a4f7752fed81e9f26ebfbcc870a76d3bb5fcdda78daccd7e206b79
07 Files for the engineer/Project files/out/stress/corr_microduck-ankle-left_lateral/microduck-ankle-left.step,328908,2f9014ccb90a9cfb97b755eda39b12912705004c7128506d010a5a0669f782d9
07 Files for the engineer/Project files/out/stress/corr_microduck-ankle-left_standing/microduck-ankle-left.step,328908,e387ae845266b172172d24e370106d9620a87d9cd0953a07ebaf914e8446b687
07 Files for the engineer/Project files/out/stress/corr_microduck-hip-bracket_landing/microduck-hip-bracket.step,346168,eb73a21711ba24e9626c765429bf318e213302427f8e66f13c4b3b2d4d9a81a4
07 Files for the engineer/Project files/out/stress/corr_microduck-hip-bracket_lateral/microduck-hip-bracket.step,346168,1e9d9a60712f59043b33d6c919dfa4a0b7bc0337f17c6ffb9367cf50cee01ef1
07 Files for the engineer/Project files/out/stress/corr_microduck-hip-bracket_standing/microduck-hip-bracket.step,346168,c928aebcdc9b75cf1e4a08f030dac448b183f4ce344e7f1c2a2b688ab2793aad
07 Files for the engineer/Project files/out/stress/corr_microduck-shin_landing/microduck-shin.step,278418,f0af04a9e6b1fc2c66488ad0d73ac907d5169d3eb2ee0e3747354314990dc562
07 Files for the engineer/Project files/out/stress/corr_microduck-shin_lateral/microduck-shin.step,278418,2e6307f001e6d5f35dacb01150fdb0e6b58021b410f76a8b7b024425aeccbdcc
07 Files for the engineer/Project files/out/stress/corr_microduck-shin_standing/microduck-shin.step,278418,bdf99730db3d532b222e7aa250820cd26452f555fbf940636b3d515e6215b5d6
07 Files for the engineer/Project files/out/stress/corrected.json,3608,b171884bf29c47f07443ec1297955473c59bd6da72374816923c9b93885f2fe3
07 Files for the engineer/Project files/out/stress/matrix.json,12785,d364dba4fbcf4cbd007c447b3c735398608870beb6d3937ba433cb57663afc1a
07 Files for the engineer/Project files/out/stress/microduck-ankle-left/microduck-ankle-left.step,328908,c31d6aeb7b6b236a6f07a4288892653428883184fcc343dcf3754a69e2057679
07 Files for the engineer/Project files/out/stress/microduck-ankle-left_landing_ABS/microduck-ankle-left.step,328910,782fc7ec1e9681065c669f2ab8e5f089d84551a0cecd39a0d273575458c567d5
07 Files for the engineer/Project files/out/stress/microduck-ankle-left_landing_ASA/microduck-ankle-left.step,328910,41bb4b643535b2e989077905c2c4f9fe47b3787d4c76c040680b7af401755bf6
07 Files for the engineer/Project files/out/stress/microduck-ankle-left_landing_NYLON/microduck-ankle-left.step,328910,033f2a1381ab9ecbaea99aec066cb29a8e5011dd2e713092e02aaa5a8b1ac9ca
07 Files for the engineer/Project files/out/stress/microduck-ankle-left_landing_PETG/microduck-ankle-left.step,328910,8f0c038e7589618b37813d6963cd2ff43111830070b81e20a0cd2ab636df731a
07 Files for the engineer/Project files/out/stress/microduck-ankle-left_landing_PLA/microduck-ankle-left.step,328910,cc86f0f73c6c1e15f557d82ad68f2044700e692431f2c2c8caf0cbd04eac27b0
07 Files for the engineer/Project files/out/stress/microduck-ankle-left_lateral_PLA/microduck-ankle-left.step,328910,50e63b7d0fc08c5f65b534b04841772d28c9d4822e8c912fb212dcaf301a0961
07 Files for the engineer/Project files/out/stress/microduck-ankle-left_standing_PLA/microduck-ankle-left.step,328910,687b06a399fc6512b93fed448be53a3bb1b904cd2c6567cdb069104337ee4d58
07 Files for the engineer/Project files/out/stress/microduck-hip-bracket/microduck-hip-bracket.step,346168,10c0913251f7404cd66e62fc2d437bb8ea6f586e3eb6b2e57525e76882188b5d
07 Files for the engineer/Project files/out/stress/microduck-hip-bracket_landing_PLA/microduck-hip-bracket.step,346170,d704d1ea6ebb204099af0a49a8bd44b28a3fe2199b80832bf5147077fdc042e2
07 Files for the engineer/Project files/out/stress/microduck-hip-bracket_lateral_PLA/microduck-hip-bracket.step,346170,2252f50eb38360cf70c968168ac9ed1ba36e058e3b6365e598cf776d23f0f984
07 Files for the engineer/Project files/out/stress/microduck-hip-bracket_standing_PLA/microduck-hip-bracket.step,346170,bf5aee428837239ee0fdecbf53ed06a604e10d05bc0c44f17c78169f3f6b8c74
07 Files for the engineer/Project files/out/stress/microduck-shin/microduck-shin.step,278418,4cd641e0f7758e9ab7dad3a75a8749fcba8d8bb80f01c3a3db1569de730838b9
07 Files for the engineer/Project files/out/stress/microduck-shin_landing_PLA/microduck-shin.step,278418,1b50581f48e6ccb1d89c3255e3d7ab3897ef48a73bb64dbc51bec085b823f72f
07 Files for the engineer/Project files/out/stress/microduck-shin_lateral_PLA/microduck-shin.step,278418,a2cd9d9b5a4cf508a750bd8dc0bd10bf5c2c54fd175ce131a8ef93e25e21dd2a
07 Files for the engineer/Project files/out/stress/microduck-shin_standing_PLA/microduck-shin.step,278418,d3dd1507cf6cee2b9a37a73a3c48ea3f0cc9656e32a3446638c677bc5347240b
07 Files for the engineer/Project files/out/stress/microduck-upper-leg-left/microduck-upper-leg-left.step,1400347,0934578c565d5d9dcf27dd029075b7b2471739769fc59abd3f0b61ddcf9b22a4
07 Files for the engineer/Project files/out/stress/microduck-upper-leg-left_landing_PLA/microduck-upper-leg-left.step,1400349,e81d5617c3081b8d066e3695841799adaeb5c12749ccffd912892dfde46e3cc6
07 Files for the engineer/Project files/out/stress/microduck-upper-leg-left_lateral_PLA/microduck-upper-leg-left.step,1400349,dd99985ffc12411c7da2359642a14cbe1da5f731d3fc38e921e4082c27e924be
07 Files for the engineer/Project files/out/stress/microduck-upper-leg-left_standing_PLA/microduck-upper-leg-left.step,1400347,eba3c7157108a21dac5b1612dd816e54c1e87768895f4d7ff3f02cc06e1e5f91
07 Files for the engineer/Project files/out/stress/report.json,2424,730d9b49e54571632207882e80efc51de786127cb092404357a079a0b314e51a
07 Files for the engineer/Project files/out/testplan/MANIFEST.json,7010,4c5995b3e8b1790dc3fa2360ed1cd896b6b5f79f1f6d9d49ab09f522326fc18e
07 Files for the engineer/Project files/out/trunk-shells/silhouette.py,1067,e89759a5ac6b46e41328a3cb2f23630c54018fcb6ba14326cf163be4bbb336a6
07 Files for the engineer/Project files/out/trunk-shells/slice.py,2213,c6df6982e8eb21c4c983ad8789cbc0ca5f1ae5f623ad278eeccf3e5e710983a6
07 Files for the engineer/Project files/out/verify/electronics_verify.json,90046,3b8cbe533d8527eec5959601f5769ec7d039b9c61c528c8a9647a2e4da3e68dc
07 Files for the engineer/Project files/out/verify/head_analysis.json,1399,703e9ad8a9c92acee80f3b76ff61d811d164a3dd544f4744deb0be186584287f
07 Files for the engineer/Project files/out/verify/head_dome_conformance.json,3822,9dc8a7692802a270d729885a9c2fe32d3fa6c26f7db3945ed587e2c54b743df7
07 Files for the engineer/Project files/out/verify/head_dome_conformance_raw.json,1974,b39c0190e8e5489e320b08ea1c5159885ccb18eb83e7d809787e9e2cfc3f6434
07 Files for the engineer/Project files/out/verify/manufacturing_partial.json,677355,8a740d2c2f47ce93c9a75044a1d58648b41d0f6e734e13ef95c7db9242912c5c
07 Files for the engineer/Project files/out/verify/mech_dims.json,8827,572a8457d4e7f5d5d4b6f32cd840196b2b04b9e00a063dc09ac228d9fda7e439
07 Files for the engineer/Project files/out/web/assets/ankle_left.stl,248984,98f14ba6e6cd138740aa822a615aaa0db34527d499c40b2379aacd13427a1379
07 Files for the engineer/Project files/out/web/assets/ankle_right.stl,248884,836032fdeaa4b1f47f75cb24fa4ad9ebdb09acec158a0d787b3890c6dc4d4c6e
07 Files for the engineer/Project files/out/web/assets/banana_pcb_locker.stl,69484,a176364f824248b5156b37f2fd5c6b8bdfb24cd08be7ed6b3faa10b4db14a9cb
07 Files for the engineer/Project files/out/web/assets/bearing_roll.stl,121084,2b30cbdb110c5cca7092a9b2658c9e899e294bf2df71635828858e1d1a20abfe
07 Files for the engineer/Project files/out/web/assets/bottom_head_shell.stl,1048584,3ce9532854a712c93e00e0fd2bbc2ce6b1c45f9418fd29d6e82f6ad8af8fc1af
07 Files for the engineer/Project files/out/web/assets/elec_rpi_robot_hat_pcb.stl,942884,45b904bcb378161d274d313cd067d3967305db0bf22c0955530145e18cdd2cd8
07 Files for the engineer/Project files/out/web/assets/face_part.stl,570684,30eaa56fc38129ba16e2b4e247ac419b0ae9e5b0fe9e748697f4838d338b952e
07 Files for the engineer/Project files/out/web/assets/foot_left.stl,996184,5de2622a7b894e0fc9988dc6cff6579ee1dc818ffaddd0319f49cf5d5bd05587
07 Files for the engineer/Project files/out/web/assets/foot_right.stl,995784,8ffa894b29578edc78f5e982a7d89a8f5e4fa1dc27232b88c22a8a0a74cfbaa7
07 Files for the engineer/Project files/out/web/assets/hip_l.stl,1048584,02bc777ce76a31b3d5c415188f8268b989f4eca57bc440a2900825ac459dec38
07 Files for the engineer/Project files/out/web/assets/jaw.stl,495984,65c300349113d3c6cd4a2cc587f76f7228115565a854492e42358ba8df71796a
07 Files for the engineer/Project files/out/web/assets/jaw_soft.stl,336384,61a426890f748713d45a9c0844149bcb0340d326f75295dcf7de2a4d768cbc85
07 Files for the engineer/Project files/out/web/assets/left_shell.stl,1048584,efc16f55a4c32d21d74bf834faba27346788f154e29b40850cbcc69fda2f2396
07 Files for the engineer/Project files/out/web/assets/leg.stl,738884,b57d55ec2504dfb90b07bfc781dbf9b4bb6560becaf1dddbadd6a3914fdc423f
07 Files for the engineer/Project files/out/web/assets/lens.stl,93684,1549b2dad784d1a4c505c1ca62bffce6ca4e9b22c9273b37d6cda1c8bf2ca127
07 Files for the engineer/Project files/out/web/assets/m12_lens_holder.stl,549684,7a9989bbe776ddd7a268013e63cdf0efc2fdae245ad2754a6b18d6bfbe21c2ed
07 Files for the engineer/Project files/out/web/assets/motor_support.stl,180884,5a741ee0dc71b349b8d6def4bffb826c4b9304c47cf0f00ffd1a3140b9205220
07 Files for the engineer/Project files/out/web/assets/neck.stl,73484,ee5d4cbc51f64c43cd9c15f82709be93b5bd3f080013726d1d39c329c85050b9
07 Files for the engineer/Project files/out/web/assets/neck_pitch.stl,356084,b9aed695e03da3819d244ecc66f1ad2d3c5c435f759403bb9e0f3b9ca2876453
07 Files for the engineer/Project files/out/web/assets/noenoeil.stl,49284,f5492d8291da053bb4cb3f6680f90507648c4cfe1ef59f92b7d8f53e980d279b
07 Files for the engineer/Project files/out/web/assets/np_f970.stl,1048584,979ca81251d4ec5862b6c987b46095aa07d0534ca1ec15f3cf438bbf7189deda
07 Files for the engineer/Project files/out/web/assets/pcb__raspberry_pi_zero_2_w.stl,1048584,0608b3cc7d15e479ae3a275c03096df44322ed06a8dbfc59fe790c46b3690753
07 Files for the engineer/Project files/out/web/assets/power_support.stl,641684,cb43ba9351f51559f49ffc89679478288cfe6e9682b31898397406165b520cbe
07 Files for the engineer/Project files/out/web/assets/right_shell.stl,1048584,484779f2bbe856f212d96a152550bb6834fd3c69603da315b6f70d1a3766d120
07 Files for the engineer/Project files/out/web/assets/seeed_bearing__configuration__22x16x4.stl,1048584,154412afeab1875acfc8bbd437f193f02c86cdd6a556395db10bb7126c545c6e
07 Files for the engineer/Project files/out/web/assets/seeed_bearing__configuration_default.stl,1048584,4d0d4c174a167e5f783b52b212a14a5bbd8a3180988c744c299c330a6b3de448
07 Files for the engineer/Project files/out/web/assets/soft_mouth_top.stl,393584,16f662c82bd3e24f0e64ee22b6b549b9a2a76f6de7b7477b9f89f5861f3e91a1
07 Files for the engineer/Project files/out/web/assets/sole_left.stl,789484,db35f3b231c075fe1f9cb5449e7a698fb8ea97362daf8432be3e9700c2067574
07 Files for the engineer/Project files/out/web/assets/sole_right.stl,794484,a4f5c114aae7137d559cacfb71d77c981588850335de5a09a14f95a4192a218f
07 Files for the engineer/Project files/out/web/assets/speaker.stl,684,694064a99dbecd48aea6122232ff1051b085e59ccbd4c53d8c32640105b4e826
07 Files for the engineer/Project files/out/web/assets/top_head_shell.stl,806084,bc64288c0d54e13ec907256c2b99535937d370af1410de498905ec3cf8d7c3df
07 Files for the engineer/Project files/out/web/assets/trunk_base.stl,184984,fabfecefb73fbdc027e0fc8fc482a3857b86682a8dac0ca2ed88ae3011c01659
07 Files for the engineer/Project files/out/web/assets/upper_leg_left.stl,612584,b84e46d681cb971029e421c252de85e2f31e8858abee610dc26cd18037ef0224
07 Files for the engineer/Project files/out/web/assets/upper_leg_right.stl,612584,d6ed49dc77a539c65b9db1251f16b1e037f5ccf4334607e487dd624f9e12f59e
07 Files for the engineer/Project files/out/web/assets/upper_leg_rigidity_plate.stl,180084,41a4f826b5badfb75a1c0a6d26527c49761de88597d67c25ad731df2cdab7995
07 Files for the engineer/Project files/out/web/assets/xl330.stl,206384,c9f6bf7dd9d8b307a4174b40ff12517b3ea470e5535319a5b7dcce4ba52cdfe1
07 Files for the engineer/Project files/out/web/assets/yaw2roll.stl,620284,56ce1110e43c2279c6580f79a2a8c9e3f91b3bf5cdf8cf00b1caa3cab127a6a7
07 Files for the engineer/Project files/out/web/assets/yaw_roll_motion.stl,290784,41149f07f2fb4f2c62b589b3e43c17bedbc57e17d2de5d4e22c4f4e4d3e73dc7
07 Files for the engineer/Project files/out/web/parts.json,3349,e0e5eaa5efa0b8c1b8e3d76a33133f146eedcee0bfec1a90303204ccda2127a2
07 Files for the engineer/Project files/out/web/scene.json,13726,6376930fa1372ae35ec4f839c6d5d5d91c12291183f2582d88bada089e2735e1
07 Files for the engineer/Project files/out/web/traj/index.json,424,97b0e08055b509566f01bdd73de3af61e14676eacf1ac47a87668c4d7db8deb4
07 Files for the engineer/Project files/out/web/traj/sitstand_ours.json,72090,59f3bc55aefca4943f59f64982a5bfefe8e654fe4c33626ae0d2783a9721b9bc
07 Files for the engineer/Project files/out/web/traj/stand_from_sit_ours.json,54650,d8e43abde05daf3f4e5266b30080a20e005ba4b624da2513cf4ecec3f452f4a9
07 Files for the engineer/Project files/out/web/traj/walk_ours.json,72916,6a7417cdaf191371aaea56581656f50775b7baa00e3929ca15dfe5f9c7254f22
07 Files for the engineer/Project files/out/web/traj/walk_stock.json,72916,021a69051bb51f83e9ccd5385d9074202814e57a9972f82b250723c3cf0275d6
07 Files for the engineer/Project files/out/web/vendor/OrbitControls.js,31313,00d2be79ec47660b80688efe65a684bb081a5dfdfe3b42b08d66eb084f79bd84
07 Files for the engineer/Project files/out/web/vendor/pointer.js,3505,60acb0dc0ab6cac216a6154fffc98f31e84b5b5bf88dc422045ae2933542bfab
07 Files for the engineer/Project files/out/web/vendor/three.module.min.js,670681,3e690ac7d180b0aadf0891bea39eec643e29e2d3e75c99b18689518665f69ba6
07 Files for the engineer/Project files/out/wiring/bend.json,38003,0d02636f5b365fc1f646831bcc6067780bf7c93312ef43193fdd0025849ae717
07 Files for the engineer/Project files/out/wiring/cables3d-hat.json,18717,81fa6b4f5e90cf296bc5fb50b7afe8b329ba6af1400da56adddf2454476d71e5
07 Files for the engineer/Project files/out/wiring/cables3d.json,73643,1d9aca376fcf5d34844014811409c06ad9339b15e1e38a1da344809a80606bd4
07 Files for the engineer/Project files/out/wiring/cad/cables-only-hat.stl,116884,dff0a78cba8850c5abed0b7b6a5e0eb3d077bccfdfcb2b425f4799028576956d
07 Files for the engineer/Project files/out/wiring/cad/cables-only.stl,1737684,fcbe08fb57115b9d17f093d95649de59cff008df0c21270f9d850226dbf62130
07 Files for the engineer/Project files/out/wiring/cad/dxl-hat-id34.stl,52884,58481be6ae6910a3a2a3b1c4d97088b805d8aa45d48e1d60ae49d8eebb7e4ce9
07 Files for the engineer/Project files/out/wiring/cad/dxl-id10-id11.stl,86484,8d3ea77c1ae98ee26d67797750c1ca42d503c04456b82159bb7330380c2f8989
07 Files for the engineer/Project files/out/wiring/cad/dxl-id11-id12.stl,54484,6fce80a88ffecb8ac7e05fc510382fc49a9dc08b74721033a8905d93d4f5374a
07 Files for the engineer/Project files/out/wiring/cad/dxl-id12-id13.stl,24084,24c0ddaed2f51e1388ee932d461a59cf5f38ad8a2349da93426a0b1c974ee3ec
07 Files for the engineer/Project files/out/wiring/cad/dxl-id13-id14.stl,75284,39818d7c7a6be693eee13f7a8ec37366537d64630961b2ec3c23a15eee431ea8
07 Files for the engineer/Project files/out/wiring/cad/dxl-id20-id21.stl,212884,7b5c51dca24fe10414267c584fff9a163afcbc581501a847d4b7017aa7c8d199
07 Files for the engineer/Project files/out/wiring/cad/dxl-id21-id22.stl,121684,d3a6158d145d096d6b9730d93d6cbacc73573e17bb116f352d085a8564c7ec4f
07 Files for the engineer/Project files/out/wiring/cad/dxl-id22-id23.stl,24084,2a7bd4ff89570a70be5c20637ade987dd6d358fe85fe2717984ebe81b34f434d
07 Files for the engineer/Project files/out/wiring/cad/dxl-id23-id24.stl,75284,24f4abcc167fc823258f65cba2339d1c827acbd817754b9af8df7ea68864229e
07 Files for the engineer/Project files/out/wiring/cad/dxl-id30-imu200.stl,152084,b9c52699c1aae67f20aa3902118911d1e53435c93c3c0267ff63935cea89f4c2
07 Files for the engineer/Project files/out/wiring/cad/dxl-id31-id30.stl,52884,17a1806640e10d0684a518fd7bb23eddb3d7ab05636b3723557801ab961b0c53
07 Files for the engineer/Project files/out/wiring/cad/dxl-id32-id31.stl,190484,0fa1077951769219a4063a7bfd6af3476177e8fc52dced2743a3622d6928cc31
07 Files for the engineer/Project files/out/wiring/cad/dxl-id34-id33.stl,108884,e832bba8c760efd51d8598635d8ff5cc677fef956d9178fa3ca03957d4ba7705
07 Files for the engineer/Project files/out/wiring/cad/dxl-imu200-id10.stl,206484,d075c6389a87e0db5f30dfe1ea218f4051adcf85707618bb1ef8f4b17a4dc633
07 Files for the engineer/Project files/out/wiring/cad/dxl-imu200-id20.stl,201684,b3bbc61cecabcfa299c5321a000daa59dde8fb4a46ff2dc08aa70bfbd8d5f138
07 Files for the engineer/Project files/out/wiring/cad/harness-hat.step,2588991,3dc0dc5dcf90b0b1793adbd656fc0deea7647a576a05172a2e830159218d3c45
07 Files for the engineer/Project files/out/wiring/cad/harness-hat.stl,197684,cda0d9f99014a56eb66208a021e64a01a6f8283dfe6ae50062f7444c7da6c4cc
07 Files for the engineer/Project files/out/wiring/cad/harness.step,39945220,99236d04ff71dfaffe2db1be648f6d10c5e4ace8625f6bf3df9cbb4bd40bad11
07 Files for the engineer/Project files/out/wiring/cad/harness.stl,2788084,ee3a9817614fe93bf03e382f54c8a8df0aaedf43a0e024ff0d636d6f59ae01ee
07 Files for the engineer/Project files/out/wiring/cad/housings-only-hat.stl,80884,300047a7bfa47ddcea52c7a48da8cc5918dccebee769703244c2b76e727c13b6
07 Files for the engineer/Project files/out/wiring/cad/housings-only.stl,1050484,2601c1264b7f22d8d34c817f99f74bb6ddb0769316aadf94d412dd90d4f4cb22
07 Files for the engineer/Project files/out/wiring/cad/tof-hat.stl,64084,3093ed59875c7af2bb90e868db33b6ab84cd67ff1ee03e4c6db7488010b6eecd
07 Files for the engineer/Project files/out/wiring/channel.json,27872,4a544515f7b0d211af3ccdf77b1808e1f8eecbab3ed30ba6fb5400e7fe993628
07 Files for the engineer/Project files/out/wiring/clearance-exact.json,57318,b07ce7d83d6ce38d26befb9976b402cc36ebb04afc2472ded9dd973c6f24a8ce
07 Files for the engineer/Project files/out/wiring/gap.json,23144,9c194f81b645fc7e74bab3fc6d5a88cdbba9b9303b8ad5d241f5d68da3a9166b
07 Files for the engineer/Project files/out/wiring/harness-front.png,61873,17240180cf762df74a10b3544af86a4f328236ad6d11dc4e86d28a2b6e8e9f65
07 Files for the engineer/Project files/out/wiring/harness-iso.png,90164,354cde288bb1f6fb03db3bf108cf46d70c7b9d0a9eab056e3862fd1c8e569842
07 Files for the engineer/Project files/out/wiring/harness-right.png,70900,9104189cf06838fa05d62a6c510fe054b3980d9fe5beb40b7c77ec5b8c15dd76
07 Files for the engineer/Project files/out/wiring/harness-top.png,91198,815d1bf86f23afc9cd258c3c399c57ddbc007ecedfffc88de02270197f837ea1
07 Files for the engineer/Project files/out/wiring/hat-connectors.json,21537,382f35ecf845e4fd317c73e19c098ff6d11b0b87887a3798ee168e4f466ca746
07 Files for the engineer/Project files/out/wiring/paths-hat.json,10547,b9f2c2d5fb5f29aec514537731178f7aab136660b75e1d80925b224315ae7269
07 Files for the engineer/Project files/out/wiring/paths.json,143092,90a31ef913d28d4eec6bacf2d79a08ad973b683a53fe726a0307bf5ff6700efd
07 Files for the engineer/Project files/out/wiring/render.json,5088,6bb7a6fa2e1ffad2387d54c3df41e11ce8bbd3c8bc70189ef88be107271f1943
07 Files for the engineer/Project files/out/wiring/solids-hat.json,5065,d761fc27ff1cb15e269f3a0fc9ebc35446df7f4c6409874026df5debdc75272c
07 Files for the engineer/Project files/out/wiring/solids.json,40730,8e6edb1e4f70d641dca14cebfc077e2c4f2dd3d9c041f545b6a7eb6977bd6aec
07 Files for the engineer/Project files/out/wiring/travel.json,33673,a166818249a29acbf12cbc62f2292453e3adbdb6c262b3ea26da06595fb33365
07 Files for the engineer/Project files/reference/makerworld-3250889/MANIFEST.md,2723,d26e6f3e9eeebbbf6a281785422ab4cc99ceb71575e2ee41a57d7759e62b2e09
07 Files for the engineer/Project files/reference/makerworld-3250889/SOURCE.txt,5449,d6eff48f74b0bb3f455dd54a40a6bf135dab0d9b1f055b7f15e7472a3312e1e5
07 Files for the engineer/Project files/reference/makerworld-3250889/files/01_躯干主体.stl,6551084,9e7a32e128dbe890a2d4321f07b3f5635d6ee16cb52caac59b652865aa0c6b98
07 Files for the engineer/Project files/reference/makerworld-3250889/files/02_左髋yaw-roll.stl,1996084,26cbcb754aab72984fcbadbe1b8ca4dbc1ec9b6f00c92e61ced6a5cc272522a1
07 Files for the engineer/Project files/reference/makerworld-3250889/files/03_左髋roll.stl,2097084,e72b7ea1da167085eaf5753d36ffa62c1c28900e10ec92d971383416b52d5511
07 Files for the engineer/Project files/reference/makerworld-3250889/files/04_左大腿.stl,2253684,b5c2917f38c1cf23004ec82657330f56ca48b25478377552245a118465abcade
07 Files for the engineer/Project files/reference/makerworld-3250889/files/05_左小腿.stl,945184,76871a5fd7bba1c7b2cdd10c3c3046f5aca41e671a261a7f529e017abad09b1a
07 Files for the engineer/Project files/reference/makerworld-3250889/files/06_左踝脚.stl,3082984,881be0b403034b0920c033aef829efb0b8a3b24e5bd484b6431d84d9997b81d5
07 Files for the engineer/Project files/reference/makerworld-3250889/files/07_颈根.stl,559484,06b0e4c37d3ecdc0c33783d76ccdf1ef5c30c2857ef04f3a0b389824e242ab26
07 Files for the engineer/Project files/reference/makerworld-3250889/files/08_颈俯仰.stl,1404584,16819dfe349edf78134ea927b5c1e8cbad0f680c3e1ed2759d1eadd1345a08e4
07 Files for the engineer/Project files/reference/makerworld-3250889/files/09_头yaw-roll.stl,2594084,8a1e08c2fd7dd570dc5e88c7e3a1e778860533c18f1d683f1eace4d598feecbe
07 Files for the engineer/Project files/reference/makerworld-3250889/files/10_头部总成.stl,7977084,80432f92039add0f6fda8b4a2d0d37b011cd70c8aa28248c1283f62a5af0de7b
07 Files for the engineer/Project files/reference/makerworld-3250889/files/11_右髋yaw-roll.stl,1996084,1e061067a8a4507d7dd821e866d2e4a95a854e1e42065b10725d1f5a24da0540
07 Files for the engineer/Project files/reference/makerworld-3250889/files/12_右髋roll.stl,2097084,41658a7b35492cff11eaebe7b381e7d4db15c8d347fe6e98f3e87a656c64bc40
07 Files for the engineer/Project files/reference/makerworld-3250889/files/13_右大腿.stl,2253684,e13d6f405b38860a7954b0ca67ad3ae0bce20221a1b20d6bd5944059e94c1e5c
07 Files for the engineer/Project files/reference/makerworld-3250889/files/14_右小腿.stl,945184,a481f87822080e86591920c4ac10695b7b7f6807137ce41bb8e0799f91816bde
07 Files for the engineer/Project files/reference/makerworld-3250889/files/15_右踝脚.stl,3087484,a478781b081ebde9b4aa364c624267d50a529afe040ba09135591c3656334f75
07 Files for the engineer/Project files/reference/makerworld-3250889/page/api-design-3250889.json,18065,41c1341b28ee0b495a62028a3331f009f1586b5e078ad6db25e27d04c3c0d271
07 Files for the engineer/Project files/reference/makerworld-3250889/page/page-anonymous-curl-403.html,5950,e1e09a66bade61db84c65a230d9c59c38dfcbfb315c77dabef5b78e5dc3a11ea
07 Files for the engineer/Project files/reference/makerworld-3250889/upstream-github-fanhao375-microduck-replica/BUILD-LOG.en.md,2941,182086f8826da0093750f110a9eabb3d1b9ffe017586641bb2a3293513acd40e
07 Files for the engineer/Project files/reference/makerworld-3250889/upstream-github-fanhao375-microduck-replica/LICENSE,809,45d1e779830a019e38dda015cfcfaa25e33a9390a5525cacfce3eda73a039216
07 Files for the engineer/Project files/reference/makerworld-3250889/upstream-github-fanhao375-microduck-replica/NOTICE.md,1789,f5f0a2219100d4b730ae29981c290e260a660ef8596169840d2bbb7f145651b6
07 Files for the engineer/Project files/reference/makerworld-3250889/upstream-github-fanhao375-microduck-replica/PINNED-COMMIT.txt,185,7b74e90aeb8597e0cd7fe661cb9f7ce20f382f257dda3d21bdbf9fc41ba99c31
07 Files for the engineer/Project files/reference/makerworld-3250889/upstream-github-fanhao375-microduck-replica/PROGRESS.md,15255,61a79a77ab98812d836649da46cc2ad6d422ebe3bf3f2ed892b7fbd15f3179ed
07 Files for the engineer/Project files/reference/makerworld-3250889/upstream-github-fanhao375-microduck-replica/README.en.md,13183,697d82ccd6a7add1571786ee91442d9a8c95768d1d3b7d8354d05d1722d5e029
07 Files for the engineer/Project files/reference/makerworld-3250889/upstream-github-fanhao375-microduck-replica/README.md,9481,32bee823e41cb23b84adc086c533a8f842d078e957aaf4f885d62ba4bd7affa3
07 Files for the engineer/Project files/reference/makerworld-3250889/upstream-github-fanhao375-microduck-replica/cad/零件对照表.json,3191,503fdcfcc80f6912eb862adeb9be39d4c6725f3f65adefc833a0dde0a725551c
07 Files for the engineer/Project files/reference/makerworld-3250889/upstream-github-fanhao375-microduck-replica/docs/actuator-selection.en.md,23174,f6f95c8d295ce1eb9ad1d61204850f7c17f675dffa32ef348974eda3f1ae6a69
07 Files for the engineer/Project files/reference/makerworld-3250889/upstream-github-fanhao375-microduck-replica/docs/fastener-reconstruction.en.md,5260,c51134aadfd3c49e558c372911a20f5626909b8b931ed77f41303c941f00d605
07 Files for the engineer/Project files/reference/makerworld-3250889/upstream-github-fanhao375-microduck-replica/docs/hardware-teardown.en.md,29590,5a7f285a4ee44010e69b0080f4a4d5187569164ae2e1ce36ad4e61cafe6f6874
07 Files for the engineer/Project files/reference/makerworld-3250889/upstream-github-fanhao375-microduck-replica/docs/hole_analysis.json,74232,5b10f7421d3f2620d7b5710b040097bc0bce924e3aacf9f556beeaa4689af0f7
07 Files for the engineer/Project files/reference/makerworld-3250889/upstream-github-fanhao375-microduck-replica/docs/执行器选型.md,22033,797abe66500b58377ff80446294baa55a781173a6cb92dbd15b369ed49b8146e
07 Files for the engineer/Project files/reference/makerworld-3250889/upstream-github-fanhao375-microduck-replica/docs/硬件方案逆向.md,27503,4de7b0e83d8140527554523f061cb3a934cae3e41c65f2948ad0d09f671cbee2
07 Files for the engineer/Project files/reference/makerworld-3250889/upstream-github-fanhao375-microduck-replica/docs/硬件规格速查.md,16821,f5676c0e06375cb86cacaa956f1beb0c01f22d46b1b285ccb5762596b01e74db
07 Files for the engineer/Project files/reference/makerworld-3250889/upstream-github-fanhao375-microduck-replica/docs/社区动态.md,7043,ecb4770a9c37eff998c2242afd934d06ec585e3f46be84d8010124e7af68e9f3
07 Files for the engineer/Project files/reference/makerworld-3250889/upstream-github-fanhao375-microduck-replica/docs/紧固件反推.md,4603,0ec3135d9ab2a197143ca0aea6b740b14cce63fb10358687ad4e2993ebf6fc7f
07 Files for the engineer/Project files/reference/makerworld-3250889/upstream-github-fanhao375-microduck-replica/git-tree-28d8ee92638c42c8547aae5b194f357e25d51fc9.json,13885,d4470038929fe268193ef46094616cc8bc21d75db124b0737767630f0d70a0e5
07 Files for the engineer/Project files/reference/makerworld-3250889/upstream-github-fanhao375-microduck-replica/repo-metadata.json,5785,a2ed859c66e3d2fb5d18ef764d3bfd8f13e91435611708956097f4a87243c65d
07 Files for the engineer/Project files/reference/makerworld-3250889/upstream-github-fanhao375-microduck-replica/scripts/analyze_holes.py,5829,ca0c8bdcba5969fabbb10689daf7005f47c789c967aacae247005eef58b0908a
07 Files for the engineer/Project files/reference/makerworld-3250889/upstream-github-fanhao375-microduck-replica/scripts/export_assembly_stl.py,3933,724ee6179e02e2903d7bb28818a122d51548c13174c7f78f640f17b09399103b
07 Files for the engineer/Project files/reference/makerworld-3250889/upstream-github-fanhao375-microduck-replica/scripts/fetch_upstream.sh,920,95e4edcc486bc0f4843471643b61430d901d234cf41e4e98a23378d0da3902d2
07 Files for the engineer/Project files/reference/makerworld-3250889/upstream-github-fanhao375-microduck-replica/scripts/render_assembly.py,7856,04ac965d395c2f1bb6444d87d517bd33c3c1a59795086e9d09e0ae55bee8ba40
07 Files for the engineer/Project files/reference/makerworld-3250889/upstream-github-fanhao375-microduck-replica/tools/stl_viewer.html,8520,1c86bd2957d39e64207db6a8cb8d9f3fd33fa90e6a0fd0633c6284f16954d0d1
07 Files for the engineer/Project files/reference/makerworld-3250889/upstream-github-fanhao375-microduck-replica/构建日志.md,2829,f6e45a0e67dfb0bb2ea0c2ac15dfed7c0f204b5665e073f257c9f0c3aca5869a
07 Files for the engineer/Project files/reference/makerworld-3250889/upstream-github-fanhao375-microduck-replica-2549257/BOM.en.md,12546,6a6cd8cc694125779e0bfe0641f84210e4d5f75a620539720f3e91ebe4027a31
07 Files for the engineer/Project files/reference/makerworld-3250889/upstream-github-fanhao375-microduck-replica-2549257/BOM.md,11912,cdeda9488482e77d167812328125ce71658aa17130b36c66b1e90ef5e2575da7
07 Files for the engineer/Project files/reference/makerworld-3250889/upstream-github-fanhao375-microduck-replica-2549257/LICENSE,3250,08b8ebfd16ae33026913e0651a35c598f04b279102874acedb73e1c26bf503c2
07 Files for the engineer/Project files/reference/makerworld-3250889/upstream-github-fanhao375-microduck-replica-2549257/NOTICE.md,4306,bc62be8c1bbf6c0ec2029bdf4e1f5893425252e948457c92a1ff8e82300daf8f
07 Files for the engineer/Project files/reference/makerworld-3250889/upstream-github-fanhao375-microduck-replica-2549257/PROGRESS.md,15513,aa232c9a9ea97663376c2ccc5d28f80bbbc3d8710422514da41e2665c1f962e7
07 Files for the engineer/Project files/reference/makerworld-3250889/upstream-github-fanhao375-microduck-replica-2549257/README.en.md,14998,be20e9a605268f0c8ac884e59448aa382538bc4b04d18c619bfd618503544d18
07 Files for the engineer/Project files/reference/makerworld-3250889/upstream-github-fanhao375-microduck-replica-2549257/README.md,13752,5a55470c987f40bdc9178f6bc780f151c2197b5b342aa299ee6fab95e3d408ac
07 Files for the engineer/Project files/reference/makerworld-3250889/upstream-github-fanhao375-microduck-replica-2549257/commit-254925717170cca6cd7fcacdbda49db781bad1ae.json,31715,0075ddc5d05ad65c416be01303043f561ba88c598cbb3f1966a968f8c0c0fb46
07 Files for the engineer/Project files/reference/makerworld-3250889/upstream-github-fanhao375-microduck-replica-2549257/docs/actuator-selection.en.md,25639,eb834d9adf529ac72f79ef0704bbd18afa91032c460030476ac704bb69446ba0
07 Files for the engineer/Project files/reference/makerworld-3250889/upstream-github-fanhao375-microduck-replica-2549257/docs/ecosystem.en.md,8220,0b31a509082bbb807d1de82059e59829a7d928c202772d29d0d2dda43bc4e02f
07 Files for the engineer/Project files/reference/makerworld-3250889/upstream-github-fanhao375-microduck-replica-2549257/docs/fastener-reconstruction.en.md,5801,c8820600e1ae2247f271af8be516f2d6489e43a1d3e50c7d592a1d351d97be23
07 Files for the engineer/Project files/reference/makerworld-3250889/upstream-github-fanhao375-microduck-replica-2549257/docs/hardware-teardown.en.md,30100,ac9a6c5ea85c4a944e6ce726e6f5bdc1a682b76a8b838d33a081a91faa5513fd
07 Files for the engineer/Project files/reference/makerworld-3250889/upstream-github-fanhao375-microduck-replica-2549257/docs/执行器选型.md,24866,b2ae1cbb76a221884b2890380ebe24ec1303cb25d52ff8976f95c3483048ec08
07 Files for the engineer/Project files/reference/makerworld-3250889/upstream-github-fanhao375-microduck-replica-2549257/docs/生态导航.md,7865,7a3bd393ea9aab2c5a867c7bb7093bc9828f0b05d5e7ff47b6397aee1ac74f50
07 Files for the engineer/Project files/reference/makerworld-3250889/upstream-github-fanhao375-microduck-replica-2549257/docs/硬件方案逆向.md,27970,3b6b7d67e154580d262452ef171b40ca1224fca0919c01fd1cc45c0ff7cef1b5
07 Files for the engineer/Project files/reference/makerworld-3250889/upstream-github-fanhao375-microduck-replica-2549257/docs/硬件规格速查.md,16985,9d4e19aa8825d0d4dd6e80394c946d856d3f14a15b20e91457c7139af9820583
07 Files for the engineer/Project files/reference/makerworld-3250889/upstream-github-fanhao375-microduck-replica-2549257/docs/社区动态.md,7043,ecb4770a9c37eff998c2242afd934d06ec585e3f46be84d8010124e7af68e9f3
07 Files for the engineer/Project files/reference/makerworld-3250889/upstream-github-fanhao375-microduck-replica-2549257/docs/紧固件反推.md,5122,174b0caa8216f544094a73aa2990a37923f9e7ca2f7a62fb7b2ed190667ca1a2
07 Files for the engineer/Project files/reference/makerworld-3250889/upstream-github-fanhao375-microduck-replica-2549257/git-tree-254925717170cca6cd7fcacdbda49db781bad1ae.json,28505,fdc912bad93d8064440846f14877478b8e371946cef5e8ba1744f64e9453b272
07 Files for the engineer/Project files/reference/makerworld-3250889/upstream-github-fanhao375-microduck-replica-2549257/print/README.en.md,2521,cef5fdea558b6ac850a36d5afc9762f88a160025cf5c99a3cd3145b0a2269dd6
07 Files for the engineer/Project files/reference/makerworld-3250889/upstream-github-fanhao375-microduck-replica-2549257/print/README.md,3385,096b91051d605d23f670bb196128a6b482904c65270fa00bda8ee912c8851677
07 Files for the engineer/Project files/reference/makerworld-3250889/upstream-github-fanhao375-microduck-replica-2549257/print/上游已删除/trunk_shell_left_躯干左壳.stl,708384,508bf1436c09bb5acb27568b157477f74ccd985f5cb0911a0d0e25d178882772
07 Files for the engineer/Project files/reference/makerworld-3250889/upstream-github-fanhao375-microduck-replica-2549257/print/上游已删除/trunk_shell_right_躯干右壳.stl,567984,d5761d6995bfc175ddf429bab8ee2fab2fa9dea1ff52da30531a3b79be1c730e
07 Files for the engineer/Project files/reference/makerworld-3250889/upstream-github-fanhao375-microduck-replica-2549257/print/变体-轮滑/ankle_l_v1_脚踝左V1.stl,235984,70ecf0629559e3edf8f194f286a5fa0bd0ef77b75429b5f24f8bae70c7aa7446
07 Files for the engineer/Project files/reference/makerworld-3250889/upstream-github-fanhao375-microduck-replica-2549257/print/变体-轮滑/ankle_r_v1_脚踝右V1.stl,235784,e3f277879aa6eb24e118795f4d8d8525acab9192c202a569d1403408ec656754
07 Files for the engineer/Project files/reference/makerworld-3250889/upstream-github-fanhao375-microduck-replica-2549257/print/变体-轮滑/roller_blade_滚轮叶片.stl,1048484,7b13447a82624d952e958d83572ed0c6e610d595db1f7f60217b6c8f059fec15
07 Files for the engineer/Project files/reference/makerworld-3250889/upstream-github-fanhao375-microduck-replica-2549257/print/变体-轮滑/tire_轮胎.stl,352884,9f680806474bcfaa5b0a1db5b008578ccbedb33b60a39221c494cbff409033c9
07 Files for the engineer/Project files/reference/makerworld-3250889/upstream-github-fanhao375-microduck-replica-2549257/print/打印件/ankle_left_脚踝左.stl,248984,98f14ba6e6cd138740aa822a615aaa0db34527d499c40b2379aacd13427a1379
07 Files for the engineer/Project files/reference/makerworld-3250889/upstream-github-fanhao375-microduck-replica-2549257/print/打印件/ankle_right_脚踝右.stl,248884,836032fdeaa4b1f47f75cb24fa4ad9ebdb09acec158a0d787b3890c6dc4d4c6e
07 Files for the engineer/Project files/reference/makerworld-3250889/upstream-github-fanhao375-microduck-replica-2549257/print/打印件/banana_pcb_locker_香蕉形PCB锁扣.stl,69484,a176364f824248b5156b37f2fd5c6b8bdfb24cd08be7ed6b3faa10b4db14a9cb
07 Files for the engineer/Project files/reference/makerworld-3250889/upstream-github-fanhao375-microduck-replica-2549257/print/打印件/bottom_head_shell_头部下壳.stl,1048584,3ce9532854a712c93e00e0fd2bbc2ce6b1c45f9418fd29d6e82f6ad8af8fc1af
07 Files for the engineer/Project files/reference/makerworld-3250889/upstream-github-fanhao375-microduck-replica-2549257/print/打印件/face_part_面部零件.stl,570684,30eaa56fc38129ba16e2b4e247ac419b0ae9e5b0fe9e748697f4838d338b952e
07 Files for the engineer/Project files/reference/makerworld-3250889/upstream-github-fanhao375-microduck-replica-2549257/print/打印件/foot_left_左脚.stl,996184,5de2622a7b894e0fc9988dc6cff6579ee1dc818ffaddd0319f49cf5d5bd05587
07 Files for the engineer/Project files/reference/makerworld-3250889/upstream-github-fanhao375-microduck-replica-2549257/print/打印件/foot_right_右脚.stl,995784,8ffa894b29578edc78f5e982a7d89a8f5e4fa1dc27232b88c22a8a0a74cfbaa7
07 Files for the engineer/Project files/reference/makerworld-3250889/upstream-github-fanhao375-microduck-replica-2549257/print/打印件/hip_l_髋部左.stl,1048584,02bc777ce76a31b3d5c415188f8268b989f4eca57bc440a2900825ac459dec38
07 Files for the engineer/Project files/reference/makerworld-3250889/upstream-github-fanhao375-microduck-replica-2549257/print/打印件/jaw_soft_软下巴.stl,336384,61a426890f748713d45a9c0844149bcb0340d326f75295dcf7de2a4d768cbc85
07 Files for the engineer/Project files/reference/makerworld-3250889/upstream-github-fanhao375-microduck-replica-2549257/print/打印件/jaw_下巴.stl,495984,65c300349113d3c6cd4a2cc587f76f7228115565a854492e42358ba8df71796a
07 Files for the engineer/Project files/reference/makerworld-3250889/upstream-github-fanhao375-microduck-replica-2549257/print/打印件/left_shell_左壳.stl,1048584,efc16f55a4c32d21d74bf834faba27346788f154e29b40850cbcc69fda2f2396
07 Files for the engineer/Project files/reference/pollen-elec-rpi-robot-hat/LICENSE,11357,c71d239df91726fc519c6eb72d318ec65820627232b2f796219e87dcf35d0ab4
07 Files for the engineer/Project files/reference/pollen-elec-rpi-robot-hat/PROVENANCE.json,1325,d9acf3711e407804d2fae9d377f476500dd88f6a7fc718739226df5d603ea124
07 Files for the engineer/Project files/reference/pollen-elec-rpi-robot-hat/README.md,843,a7565c1ff50151f584fddb97c495e60701bc928f11ecc377ef4735909aed3a17
07 Files for the engineer/Project files/reference/pollen-elec-rpi-robot-hat/audio.kicad_sch,405599,ff4b60ce5d6a61bb99cdaf0ec8a385a5d8c734f7a895b10f2d0d02ab6196e558
07 Files for the engineer/Project files/reference/pollen-elec-rpi-robot-hat/docs/RP-008360-DS-1-raspberry-pi-zero-2-w-reduced-schematics.pdf,308723,ea9b808fce2cb6cada3f2364bf020afce86cb58f592b029c76e68e44c5806395
07 Files for the engineer/Project files/reference/pollen-elec-rpi-robot-hat/docs/config.txt,1323,ecb26810d1bf8658c69dbfdf28dc27e123040ca34d087601c8085c22c154a04c
07 Files for the engineer/Project files/reference/pollen-elec-rpi-robot-hat/docs/eval - PAM8406-User-Guide.pdf,908973,8b2746c2c6635287116f966f9d716bc6b151e447cebbe47409a4267d8d53ce34
07 Files for the engineer/Project files/reference/pollen-elec-rpi-robot-hat/docs/eval - tlv320aic3104 - slau218a.pdf,3262443,da6bee2541b91495b09cf3674dbc8d44fd4e49771b07860c683e00cf7bd02619
07 Files for the engineer/Project files/reference/pollen-elec-rpi-robot-hat/docs/hat-plus-specification.pdf,1210200,3a0932253767147038383162ac9f4b5aac3adb048c30bd1f9177a462a054ca1e
07 Files for the engineer/Project files/reference/pollen-elec-rpi-robot-hat/docs/part - AP63205.pdf,1146541,3f606ef76fcdea9c2ae1400bfa50567c8dabfc0d83b7ba2f6545d820adfdef1e
07 Files for the engineer/Project files/reference/pollen-elec-rpi-robot-hat/docs/part - BMI088.pdf,1230714,9b0249f6e2f69b6d6973cf96980f7f0b7cc05605fa549ea4c78d23c060e03604
07 Files for the engineer/Project files/reference/pollen-elec-rpi-robot-hat/docs/part - CAT24C32 - C233772.pdf,424811,7550d8dbacc78dd7888f88b8717c14ac6e06014536e27a6f9220a9fea7ffab3e
07 Files for the engineer/Project files/reference/pollen-elec-rpi-robot-hat/docs/part - LMA2718 - C7587901.pdf,730860,efe3afddbb28f69168c6605d764d782ed1ec8f41959a7cf0affffd8629bb225f
07 Files for the engineer/Project files/reference/pollen-elec-rpi-robot-hat/docs/part - PAM8406 - C86270.pdf,1649337,45fdb7cfce8744ac8a44a805830c7151d1dfb20c5bdc77ec27e4c0615d3ea2a7
07 Files for the engineer/Project files/reference/pollen-elec-rpi-robot-hat/docs/part - SIT3088 - C601076.pdf,1588444,c37b91b7b1914bf3803bad29ab421fdcb86dc4747ab74f5c0a0a14edce509b20
07 Files for the engineer/Project files/reference/pollen-elec-rpi-robot-hat/docs/part - XC6202 - C347373.pdf,1296020,fea069bfc5a477af0ac1632a02e5993d38f717a61a67b04d30bc03e23b5cf964
07 Files for the engineer/Project files/reference/pollen-elec-rpi-robot-hat/docs/part - lm5050-1.pdf,917096,00307f8047d1baa2290b43fc2ceadfd64dc069efc5a664d777c40b7270769447
07 Files for the engineer/Project files/reference/pollen-elec-rpi-robot-hat/docs/part - tlv320aic3104.pdf,3155375,3e1269409b25a53cef99b91dedb4379ac9d2b484e1af4f0bf91bb5f4297c8ef3
07 Files for the engineer/Project files/reference/pollen-elec-rpi-robot-hat/docs/raspberry-pi-zero-2-w-product-brief.pdf,1597167,503f348880c00c543e99383ca8759a0b60c1b511cc3c27f216720866159a2bff
07 Files for the engineer/Project files/reference/pollen-elec-rpi-robot-hat/dynamixel.kicad_sch,337231,967053ac38b07769008610b0f15ebff0769b82a40485bd62c01a6b7628550ced
07 Files for the engineer/Project files/reference/pollen-elec-rpi-robot-hat/elec_RPI_Robot_HAT.kicad_pcb,2213353,26c6d77af6a650c8f601edede4389699ca4ebb942763842d60b4c2c5cc1e2cb5
07 Files for the engineer/Project files/reference/pollen-elec-rpi-robot-hat/elec_RPI_Robot_HAT.kicad_pro,20749,fcd5f7c946958b81b8075ef137a13386a2e83164ff49b29afd14317a134f933f
07 Files for the engineer/Project files/reference/pollen-elec-rpi-robot-hat/elec_RPI_Robot_HAT.kicad_sch,961620,2bf7972eb06830f5d3c37c13fe81a577a115d47f7977abecc087eb3a5413ae1b
07 Files for the engineer/Project files/reference/pollen-elec-rpi-robot-hat/main.kicad_sch,231872,082a554b57e70b5a48753aa32383f9a11e876f9ae1f4008d212ca874716cf1d6
07 Files for the engineer/Project files/reference/pollen-elec-rpi-robot-hat/power.kicad_sch,236793,5df94f3c7e1685c55c7dcfffa367e4f138ec44da4c150bc04138dec2929b70f0
07 Files for the engineer/Project files/reference/pollen-elec-rpi-robot-hat/production/ASE01187-C1_elec_RPI_Robot_HAT_BOM.csv,2317,329f78533e4d0cc7a066cc430cdc8605aa0ab78a279db33baf716f31bc38bbd9
07 Files for the engineer/Project files/reference/pollen-elec-rpi-robot-hat/production/ASE01187-C1_elec_RPI_Robot_HAT_POS.csv,4255,fd01d2b304dcbb460702040fd4624e1b8d5d3234741d0fef0c2b5beb6f504d45
07 Files for the engineer/Project files/reference/pollen-elec-rpi-robot-hat/production/ASE01187-C1_elec_RPI_Robot_HAT_SCH.pdf,1527440,fde208048a7ff3baa46893715e78cca8123d211073e16bf10550a5b94a82d771
07 Files for the engineer/Project files/reference/pollen-elec-rpi-robot-hat/production/PCB01186-C1_elec_RPI_Robot_HAT_PCB.pdf,169356,022b7351df59a1ead183ec2973df301491426cdf713ac9d3d5b718aa44d96df6
07 Files for the engineer/Project files/reference/pollen-elec-rpi-robot-hat/pwr_supply_charge.kicad_sch,811870,86f17bf45e8d2e12522b7c84b4fff2c5c352594b9f446d228e6f56baec7723ab
07 Files for the engineer/Project files/reference/pollen-elec-rpi-robot-hat/sensors.kicad_sch,286316,2eb90ba015575e23ccfd212a8f004f6c8f3c3ba6c4e8cec18d5237570432bff9
07 Files for the engineer/Project files/reference/pollen-microduck-rl/additional.xml,611,958010af8e09a2ac7a79797d1aead327435e5201b3c4df0f2f7220f3c2c42941
07 Files for the engineer/Project files/reference/pollen-microduck-rl/assets/ankle_l_v1.stl,235984,70ecf0629559e3edf8f194f286a5fa0bd0ef77b75429b5f24f8bae70c7aa7446
07 Files for the engineer/Project files/reference/pollen-microduck-rl/assets/ankle_left.stl,248984,98f14ba6e6cd138740aa822a615aaa0db34527d499c40b2379aacd13427a1379
07 Files for the engineer/Project files/reference/pollen-microduck-rl/assets/ankle_r_v1.stl,235784,e3f277879aa6eb24e118795f4d8d8525acab9192c202a569d1403408ec656754
07 Files for the engineer/Project files/reference/pollen-microduck-rl/assets/ankle_right.stl,248884,836032fdeaa4b1f47f75cb24fa4ad9ebdb09acec158a0d787b3890c6dc4d4c6e
07 Files for the engineer/Project files/reference/pollen-microduck-rl/assets/banana_pcb_locker.stl,69484,a176364f824248b5156b37f2fd5c6b8bdfb24cd08be7ed6b3faa10b4db14a9cb
07 Files for the engineer/Project files/reference/pollen-microduck-rl/assets/bearing_roll.stl,121084,2b30cbdb110c5cca7092a9b2658c9e899e294bf2df71635828858e1d1a20abfe
07 Files for the engineer/Project files/reference/pollen-microduck-rl/assets/bottom_head_shell.stl,1048584,3ce9532854a712c93e00e0fd2bbc2ce6b1c45f9418fd29d6e82f6ad8af8fc1af
07 Files for the engineer/Project files/reference/pollen-microduck-rl/assets/elec_rpi_robot_hat_pcb.stl,942884,45b904bcb378161d274d313cd067d3967305db0bf22c0955530145e18cdd2cd8
07 Files for the engineer/Project files/reference/pollen-microduck-rl/assets/face_part.stl,570684,30eaa56fc38129ba16e2b4e247ac419b0ae9e5b0fe9e748697f4838d338b952e
07 Files for the engineer/Project files/reference/pollen-microduck-rl/assets/foot_left.stl,996184,5de2622a7b894e0fc9988dc6cff6579ee1dc818ffaddd0319f49cf5d5bd05587
07 Files for the engineer/Project files/reference/pollen-microduck-rl/assets/foot_right.stl,995784,8ffa894b29578edc78f5e982a7d89a8f5e4fa1dc27232b88c22a8a0a74cfbaa7
07 Files for the engineer/Project files/reference/pollen-microduck-rl/assets/hip_l.stl,1048584,02bc777ce76a31b3d5c415188f8268b989f4eca57bc440a2900825ac459dec38
07 Files for the engineer/Project files/reference/pollen-microduck-rl/assets/jaw.stl,495984,65c300349113d3c6cd4a2cc587f76f7228115565a854492e42358ba8df71796a
07 Files for the engineer/Project files/reference/pollen-microduck-rl/assets/jaw_soft.stl,336384,61a426890f748713d45a9c0844149bcb0340d326f75295dcf7de2a4d768cbc85
07 Files for the engineer/Project files/reference/pollen-microduck-rl/assets/left_shell.stl,1048584,efc16f55a4c32d21d74bf834faba27346788f154e29b40850cbcc69fda2f2396
07 Files for the engineer/Project files/reference/pollen-microduck-rl/assets/left_upper_leg.stl,612584,b84e46d681cb971029e421c252de85e2f31e8858abee610dc26cd18037ef0224
07 Files for the engineer/Project files/reference/pollen-microduck-rl/assets/leg.stl,738884,b57d55ec2504dfb90b07bfc781dbf9b4bb6560becaf1dddbadd6a3914fdc423f
07 Files for the engineer/Project files/reference/pollen-microduck-rl/assets/lens.stl,93684,1549b2dad784d1a4c505c1ca62bffce6ca4e9b22c9273b37d6cda1c8bf2ca127
07 Files for the engineer/Project files/reference/pollen-microduck-rl/assets/m12_lens_holder.stl,549684,7a9989bbe776ddd7a268013e63cdf0efc2fdae245ad2754a6b18d6bfbe21c2ed
07 Files for the engineer/Project files/reference/pollen-microduck-rl/assets/motor_support.stl,180884,5a741ee0dc71b349b8d6def4bffb826c4b9304c47cf0f00ffd1a3140b9205220
07 Files for the engineer/Project files/reference/pollen-microduck-rl/assets/neck.stl,73484,ee5d4cbc51f64c43cd9c15f82709be93b5bd3f080013726d1d39c329c85050b9
07 Files for the engineer/Project files/reference/pollen-microduck-rl/assets/neck_pitch.stl,356084,b9aed695e03da3819d244ecc66f1ad2d3c5c435f759403bb9e0f3b9ca2876453
07 Files for the engineer/Project files/reference/pollen-microduck-rl/assets/noenoeil.stl,49284,f5492d8291da053bb4cb3f6680f90507648c4cfe1ef59f92b7d8f53e980d279b
07 Files for the engineer/Project files/reference/pollen-microduck-rl/assets/np_f970.stl,1048584,979ca81251d4ec5862b6c987b46095aa07d0534ca1ec15f3cf438bbf7189deda
07 Files for the engineer/Project files/reference/pollen-microduck-rl/assets/pcb__raspberry_pi_zero_2_w.stl,1048584,0608b3cc7d15e479ae3a275c03096df44322ed06a8dbfc59fe790c46b3690753
07 Files for the engineer/Project files/reference/pollen-microduck-rl/assets/power_support.stl,641684,cb43ba9351f51559f49ffc89679478288cfe6e9682b31898397406165b520cbe
07 Files for the engineer/Project files/reference/pollen-microduck-rl/assets/right_shell.stl,1048584,484779f2bbe856f212d96a152550bb6834fd3c69603da315b6f70d1a3766d120
07 Files for the engineer/Project files/reference/pollen-microduck-rl/assets/right_upper_leg.stl,612584,208f4c94a94a9c6b978030ea194440a94a0508390cf5b0ce8efc5e560f559f21
07 Files for the engineer/Project files/reference/pollen-microduck-rl/assets/rim.stl,115284,c2a84cd05ed8ce87bbdd64950bca415ba5945641385f5ec7cdbb161aa37281a4
07 Files for the engineer/Project files/reference/pollen-microduck-rl/assets/roller_blade.stl,1048484,7b13447a82624d952e958d83572ed0c6e610d595db1f7f60217b6c8f059fec15
07 Files for the engineer/Project files/reference/pollen-microduck-rl/assets/seeed_bearing__configuration__22x16x4.stl,1048584,154412afeab1875acfc8bbd437f193f02c86cdd6a556395db10bb7126c545c6e
07 Files for the engineer/Project files/reference/pollen-microduck-rl/assets/seeed_bearing__configuration_default.stl,1048584,4d0d4c174a167e5f783b52b212a14a5bbd8a3180988c744c299c330a6b3de448
07 Files for the engineer/Project files/reference/pollen-microduck-rl/assets/soft_mouth_top.stl,393584,16f662c82bd3e24f0e64ee22b6b549b9a2a76f6de7b7477b9f89f5861f3e91a1
07 Files for the engineer/Project files/reference/pollen-microduck-rl/assets/sole_left.stl,789484,db35f3b231c075fe1f9cb5449e7a698fb8ea97362daf8432be3e9700c2067574
07 Files for the engineer/Project files/reference/pollen-microduck-rl/assets/sole_right.stl,794484,a4f5c114aae7137d559cacfb71d77c981588850335de5a09a14f95a4192a218f
07 Files for the engineer/Project files/reference/pollen-microduck-rl/assets/speaker.stl,684,694064a99dbecd48aea6122232ff1051b085e59ccbd4c53d8c32640105b4e826
07 Files for the engineer/Project files/reference/pollen-microduck-rl/assets/tire.stl,352884,9f680806474bcfaa5b0a1db5b008578ccbedb33b60a39221c494cbff409033c9
07 Files for the engineer/Project files/reference/pollen-microduck-rl/assets/top_head_shell.stl,806084,bc64288c0d54e13ec907256c2b99535937d370af1410de498905ec3cf8d7c3df
07 Files for the engineer/Project files/reference/pollen-microduck-rl/assets/trunk_base.stl,184984,fabfecefb73fbdc027e0fc8fc482a3857b86682a8dac0ca2ed88ae3011c01659
07 Files for the engineer/Project files/reference/pollen-microduck-rl/assets/trunk_shell_left.stl,708384,508bf1436c09bb5acb27568b157477f74ccd985f5cb0911a0d0e25d178882772
07 Files for the engineer/Project files/reference/pollen-microduck-rl/assets/trunk_shell_right.stl,567984,d5761d6995bfc175ddf429bab8ee2fab2fa9dea1ff52da30531a3b79be1c730e
07 Files for the engineer/Project files/reference/pollen-microduck-rl/assets/upper_leg_left.stl,612584,b84e46d681cb971029e421c252de85e2f31e8858abee610dc26cd18037ef0224
07 Files for the engineer/Project files/reference/pollen-microduck-rl/assets/upper_leg_right.stl,612584,d6ed49dc77a539c65b9db1251f16b1e037f5ccf4334607e487dd624f9e12f59e
07 Files for the engineer/Project files/reference/pollen-microduck-rl/assets/upper_leg_rigidity_plate.stl,180084,41a4f826b5badfb75a1c0a6d26527c49761de88597d67c25ad731df2cdab7995
07 Files for the engineer/Project files/reference/pollen-microduck-rl/assets/xl330.stl,206384,c9f6bf7dd9d8b307a4174b40ff12517b3ea470e5535319a5b7dcce4ba52cdfe1
07 Files for the engineer/Project files/reference/pollen-microduck-rl/assets/yaw2roll.stl,620284,56ce1110e43c2279c6580f79a2a8c9e3f91b3bf5cdf8cf00b1caa3cab127a6a7
07 Files for the engineer/Project files/reference/pollen-microduck-rl/assets/yaw_roll_motion.stl,290784,41149f07f2fb4f2c62b589b3e43c17bedbc57e17d2de5d4e22c4f4e4d3e73dc7
07 Files for the engineer/Project files/reference/pollen-microduck-rl/bake-duck-mesh.py,8989,3cb2060e2bf44d3fa93a4fbf736e6b0797dce54c9995b0c0a53f4900b1205044
07 Files for the engineer/Project files/reference/pollen-microduck-rl/config_mjcf_allcollisions.json,2006,2c27728a0e6d7d9dcfe210ede931cc24f5a59f19fbd6b0846bf8eca1c9ac1e11
07 Files for the engineer/Project files/reference/pollen-microduck-rl/config_mjcf_walk.json,1814,31fdf5bd061170fb41729b3a82a7780e772121ec566625c5a6bf849b890b31f9
07 Files for the engineer/Project files/reference/pollen-microduck-rl/joints_properties.xml,1780,6a4481a9279ffd92139479e67515df7b3510799ceb648c18fde0d58c300eae86
07 Files for the engineer/Project files/reference/pollen-microduck-rl/kin_robot_walk.xml,6881,078693dff3bcd5e69eb6cc483974178e1511a11f762b1a4dd00370bc5d58b8a8
07 Files for the engineer/Project files/reference/pollen-microduck-rl/microduck_README.md,4930,f7f5aedb7e0e9f6cbf1841e2f07e25bb5f89bd3430e55314ae1a64a2868ba9a7
07 Files for the engineer/Project files/reference/pollen-microduck-rl/microduck_rl_README.md,9577,cc66fa9e6dc3fd06b9e2f3307f99a66b49e29584181758c763b014b3d532c71e
07 Files for the engineer/Project files/reference/pollen-microduck-rl/odm_print/body_back.stl,353884,30b32fd17cc5d7fd35cf243e38af442a6789b8bd3a1b6404882b2ccbf105c053
07 Files for the engineer/Project files/reference/pollen-microduck-rl/odm_print/body_front.stl,195384,cfd8ad6235e9ae54c91a3e90c2cd65e8ab26f06cc444739ccc6b1a1217af6764
07 Files for the engineer/Project files/reference/pollen-microduck-rl/odm_print/body_middle_bottom.stl,339884,f0d2c216104f739fc0f6fc51b2283394ae44eb48f35ccd5801c0ca9e8562a305
07 Files for the engineer/Project files/reference/pollen-microduck-rl/odm_print/body_middle_top.stl,244684,a109db5603d863946c67154cdc10513d70024cee62359ede210c536f2a8d8180
07 Files for the engineer/Project files/reference/pollen-microduck-rl/odm_print/foot_bottom_pla.stl,48084,5089794ed41fb42a551cac3216726156451e1598053616827ecdb9e23d267205
07 Files for the engineer/Project files/reference/pollen-microduck-rl/odm_print/foot_bottom_tpu.stl,77384,b911d94ee9e6ccff27f15164d18862786a6d4d95e21848f9780fea71e273701f
07 Files for the engineer/Project files/reference/pollen-microduck-rl/odm_print/foot_side.stl,190084,dc187767c6f8155e7ace9f46edd82ac48c6b0a09a898c8dc5f03716a02c48f9d
07 Files for the engineer/Project files/reference/pollen-microduck-rl/odm_print/foot_top.stl,181384,3afb25c2ae389b314742422c771bfaf7bf52baba9d27913c7eb6e70bfe7436e3
07 Files for the engineer/Project files/reference/pollen-microduck-rl/odm_print/head.stl,1784584,16e90adcf0d77d1e7649680dd05bcc1f67abcaf5c0e2db3e376ba58d873d0cc7
07 Files for the engineer/Project files/reference/pollen-microduck-rl/odm_print/head_bot_sheet.stl,238884,31aad2a0e457bb71352694be8fb931512919e99586b973c2ccf4c40b8525e8b9
07 Files for the engineer/Project files/reference/pollen-microduck-rl/odm_print/head_pitch_to_yaw.stl,535584,36d8cee628301071f6a529624fdd780fd5d35187aec14759956b9313b4879bdf
07 Files for the engineer/Project files/reference/pollen-microduck-rl/odm_print/knee_to_ankle_left_sheet.stl,227284,b2e5cb2f02b607b581998e6293bf3dfe45659c0f4d665d6d8b1408e7b2d63544
07 Files for the engineer/Project files/reference/pollen-microduck-rl/odm_print/left_antenna_holder.stl,72184,d0255cafc4a5ea6a21ff0974c27856bdf907b636af97d8da6fbad67ef0855189
07 Files for the engineer/Project files/reference/pollen-microduck-rl/odm_print/left_eye.stl,106084,04ec9038953f63f5ff9855338465f6f2c6bea92bd2211ee9bcd4e808074c6e0f
07 Files for the engineer/Project files/reference/pollen-microduck-rl/odm_print/left_roll_to_pitch.stl,398884,6deacead59bd43b3504c873ab7d07cc0bf002bab0b34ca7b0ba6cf0f23b4c9bb
07 Files for the engineer/Project files/reference/pollen-microduck-rl/odm_print/leg_spacer.stl,114684,aaf11c99034147945660e6a5fc9fa21e59bc640eb5e5a919343fe7d4fe37383d
07 Files for the engineer/Project files/reference/pollen-microduck-rl/odm_print/neck_left_sheet.stl,171484,727e8ff8d293e4ab2083021e3884722529bc81180bad102dc54ba67be5cb1d31
07 Files for the engineer/Project files/reference/pollen-microduck-rl/odm_print/roll_motor_bottom.stl,68084,26f3de8d64a2f2c4319cc614bd7851ebf3f9c252cc8a52283a7fc02ee7d05505
07 Files for the engineer/Project files/reference/pollen-microduck-rl/odm_print/trunk_bottom.stl,222384,c8ff5af991e387bebb9b6553608c454f50c893228c27664db4eb6d367a6803e6
07 Files for the engineer/Project files/reference/pollen-microduck-rl/odm_print/trunk_top.stl,723884,5fa3ac6ae010673735c95285860dcd86792322863e7a47e6ddc2ff993113a8ac
07 Files for the engineer/Project files/reference/pollen-microduck-rl/render_ortho.py,5017,40f0e1d5e4cd95e5baae5846f122498e634d59368e2ece003349b0f1336991f3
07 Files for the engineer/Project files/reference/pollen-microduck-rl/renders/leg_features.json,5541,a4b55727c07dd30c0194160e4ddfcee67528e058b1adba9f33c161a0230d6142
07 Files for the engineer/Project files/reference/pollen-microduck-rl/renders/xl330_features.json,4156,bacf85c407f6bd178e4f691687b8fe42807053e66ea747d801aeccc27f035719
07 Files for the engineer/Project files/reference/pollen-microduck-rl/robot_allcollisions.xml,32898,7a6fdf437f5a80c7348ad801f43f906b997a834389cb70cca5e1e8517ba38044
07 Files for the engineer/Project files/reference/pollen-microduck-rl/robot_allcollisions_rollers.xml,35688,c201a72ecbc4dd8e110c840cb79b1647aab59e6c76db7369a88c34a33307447e
07 Files for the engineer/Project files/reference/pollen-microduck-rl/robot_walk.xml,32017,07af5e482200dfd2a7bf80ddde371153c88768a3a5aebc2f58ea42136fc7dadb
07 Files for the engineer/Project files/reference/pollen-microduck-rl/scene.xml,2350,0d2f58227a3e1c4caae4e847a368ae83516d0f398f428c4e96737b67dd894ef1
07 Files for the engineer/Project files/reference/pollen-microduck-rl/sensors.xml,357,47854a0ab18261f069553e1572e0c329c4f39e4557dbdada71e0dc62af14ee20
07 Files for the engineer/Project files/reference/pollen-microduck-rl/stl_list.txt,2831,d9feb049f81da0dbb91f3d739530feb5d1e205f99c24f00d59168da9e7133148
07 Files for the engineer/Project files/reference/pollen-microduck-rl-develop/LICENSE-Apache-2.0.txt,11351,2d3fd9ffffa70a4307498ec630b14a6b4731e010f8ddda92686eaf65733c2dfe
07 Files for the engineer/Project files/reference/pollen-microduck-rl-develop/SOURCE-COMMIT.txt,4284,ca8fe819ffa5ec5e596d7d8bc101b3055611a7ef1fecbcbb72e3b6e7cbbd7f29
07 Files for the engineer/Project files/reference/pollen-microduck-rl-develop/microduck/add_backlash.py,5867,805a17ba4ad60f7a2ba20ff90879ad93a6db66013150c5ad9be3d31bc7b4252c
07 Files for the engineer/Project files/reference/pollen-microduck-rl-develop/microduck/additional.xml,611,958010af8e09a2ac7a79797d1aead327435e5201b3c4df0f2f7220f3c2c42941
07 Files for the engineer/Project files/reference/pollen-microduck-rl-develop/microduck/allcollisions_contacts.xml,576,8a5bd59e09c6469fa99036bb6cfa6e31972c363bb4ed065bec22f0eb465d6f16
07 Files for the engineer/Project files/reference/pollen-microduck-rl-develop/microduck/apartment.xml,19911,a0d4503d3e086c1638a63aa0394efc9cd7276653c96cee38900f2f2540db3928
07 Files for the engineer/Project files/reference/pollen-microduck-rl-develop/microduck/assets/ankle_l_v1.stl,235984,cf4407956caf05b2e9bb2c75764fa365d217f44efb5d365ed18ccfa62db3436f
07 Files for the engineer/Project files/reference/pollen-microduck-rl-develop/microduck/assets/ankle_left.stl,248984,2ec1bd89205b407efebaa9a8898ad9fea741389d87b80ecc5c96b21d1668119e
07 Files for the engineer/Project files/reference/pollen-microduck-rl-develop/microduck/assets/ankle_r_v1.stl,235784,0ddd5d3135cde74bddbfbaf6469f50ac02ba44681b796853a052bf0d23751d1d
07 Files for the engineer/Project files/reference/pollen-microduck-rl-develop/microduck/assets/ankle_right.stl,248884,f83f388ae00787415e76b8ecaab769f08f25b8c4e90c1937ff0fc4d68d81722e
07 Files for the engineer/Project files/reference/pollen-microduck-rl-develop/microduck/assets/banana_pcb_locker.stl,69484,42ddde9d01bf5d91f88b99847017f14d97d2537ee27383c6d41dd8bf30a51134
07 Files for the engineer/Project files/reference/pollen-microduck-rl-develop/microduck/assets/bearing_roll.stl,121084,b5603a64b2d965ad75ea847767b5798130852e12a658fde7b5068fc457e2adcc
07 Files for the engineer/Project files/reference/pollen-microduck-rl-develop/microduck/assets/bottom_head_shell.stl,1048584,1820f7cf96646b0fc0c431f07da87b91b13111bfa9857ab1bf2b1fc3388f8da2
07 Files for the engineer/Project files/reference/pollen-microduck-rl-develop/microduck/assets/elec_rpi_robot_hat_pcb.stl,942884,1a61582759d82b5b4df9b7d11099bf1bb3944fc77e6b74d3237adf24dd5d03d7
07 Files for the engineer/Project files/reference/pollen-microduck-rl-develop/microduck/assets/face_part.stl,570684,d0e89a173e7bdc8038c4d413f458140d8f42f1a2f098f67a887c2388eff31718
07 Files for the engineer/Project files/reference/pollen-microduck-rl-develop/microduck/assets/foot_left.stl,996184,a1f5d43456d0f522bd60870153795f1e8112c1adf9b8b4373b59608d9545c044
07 Files for the engineer/Project files/reference/pollen-microduck-rl-develop/microduck/assets/foot_right.stl,997684,54f97fa1f0e0e611d31329df9f3c3b17ffcca2d695c579d1d32cbe99e8a6c7ef
07 Files for the engineer/Project files/reference/pollen-microduck-rl-develop/microduck/assets/hip_l.stl,1048584,e175896932d76dc7648cf939aa39cb7b1d188b783d91745adb9a4cec65e9052c
07 Files for the engineer/Project files/reference/pollen-microduck-rl-develop/microduck/assets/jaw.stl,495984,45cdbd319a4583095d8daa0db07dee726522a743d59acb82d27d82ded500a1cf
07 Files for the engineer/Project files/reference/pollen-microduck-rl-develop/microduck/assets/jaw_soft.stl,336384,2d2ade4e86df4b37ce313bb9b96023109dd04bab39dba08b154e76d332fbce2e
07 Files for the engineer/Project files/reference/pollen-microduck-rl-develop/microduck/assets/left_shell.stl,1048584,2abde8e2b79c9b011cdb11957c67ab4287b45d7301affd4235ab81141118e331
07 Files for the engineer/Project files/reference/pollen-microduck-rl-develop/microduck/assets/leg.stl,738884,9a91cc1ae31ecd9e0c1ba93f3bb2ad8a12e29bff24ec27d1ac66c0c3037d9fcf
07 Files for the engineer/Project files/reference/pollen-microduck-rl-develop/microduck/assets/lens.stl,93684,b1c717432ff7666398de58adec6a1b7e03a7e45aa155dbfe27a6152ef19663e5
07 Files for the engineer/Project files/reference/pollen-microduck-rl-develop/microduck/assets/m12_lens_holder.stl,549684,031d5ffaf6247328cf6d020f6b6695ffb3f8d3f22cf923b85811351d89ecfd7c
07 Files for the engineer/Project files/reference/pollen-microduck-rl-develop/microduck/assets/motor_support.stl,180884,ce0aa5bef82c7474512d302568c341b9769b3005e0bdb91a19c2eaaba6dad480
07 Files for the engineer/Project files/reference/pollen-microduck-rl-develop/microduck/assets/neck.stl,73484,b6e86b886153be8a8a776c1cb219c074ee9e89c8bd431117662a2d9e504d7cb5
07 Files for the engineer/Project files/reference/pollen-microduck-rl-develop/microduck/assets/neck_pitch.stl,356084,a685ce65348ae4d0d49417c69a7a8871f8bbd54a6e3419362be9c334abd5d2ae
07 Files for the engineer/Project files/reference/pollen-microduck-rl-develop/microduck/assets/noenoeil.stl,49284,e1167b3d5ad7fbbe6e63296bcd0c6b61556611e6bc1367b15ecfd27e3abb72f5
07 Files for the engineer/Project files/reference/pollen-microduck-rl-develop/microduck/assets/np_f970.stl,1048584,0e55a48281331b3b7b1a363d2e93b6012f37c52045b6dc922a149ca7c1b38388
07 Files for the engineer/Project files/reference/pollen-microduck-rl-develop/microduck/assets/pcb__raspberry_pi_zero_2_w.stl,1048584,802cc66fc5447c67fc642d1339e55160df10f2ad04a65efd130e35fb7b2d3c90
07 Files for the engineer/Project files/reference/pollen-microduck-rl-develop/microduck/assets/power_support.stl,641684,ee45e397d3f3422f34940a4b61156c3c11c7e8c2b240451ce5f9ddd1622a130e
07 Files for the engineer/Project files/reference/pollen-microduck-rl-develop/microduck/assets/right_shell.stl,1048584,3efba3e193cc6aa49d49a9c92cdded0504917397c9e2c5b8fe002a958e2f2d2b
07 Files for the engineer/Project files/reference/pollen-microduck-rl-develop/microduck/assets/rim.stl,115284,b3c9cc8ea50a1406d289060dc007894e009471f15b59baf443a5545bfc242c6f
07 Files for the engineer/Project files/reference/pollen-microduck-rl-develop/microduck/assets/roller_blade.stl,1048484,cbdc755394d5046640db6045dd241921654ec17a313db9de8e851c14b918472f
07 Files for the engineer/Project files/reference/pollen-microduck-rl-develop/microduck/assets/seeed_bearing__configuration__22x16x4.stl,1048584,295ee68ed9766c91fe06d3a2a49d39f7c2f56cc943395d293afdeb013123435e
07 Files for the engineer/Project files/reference/pollen-microduck-rl-develop/microduck/assets/seeed_bearing__configuration_default.stl,1048584,e815f3483a2e7b80844f3c0938a47e53db38b12faed9b2d364414c19e4322da4
07 Files for the engineer/Project files/reference/pollen-microduck-rl-develop/microduck/assets/soft_mouth_top.stl,393584,3c2b52b0b6e2ce944a1e1b5a0838e1216be1ad3a34c8cdf91be186e634aec57b
07 Files for the engineer/Project files/reference/pollen-microduck-rl-develop/microduck/assets/sole_left.stl,789484,e028c8b09fecd4cb354d042bf7fd95a1a1bc2d524d760d62137fa8d74093fc23
07 Files for the engineer/Project files/reference/pollen-microduck-rl-develop/microduck/assets/sole_right.stl,795184,3f5068872f3add10eb967327651445bdfca635f5a8a01befa0ef05e462b72b4c
07 Files for the engineer/Project files/reference/pollen-microduck-rl-develop/microduck/assets/speaker.stl,684,75a35f9bcf94cd8e52f99b3fd6ae667b48f52503f9075ee2f699eebe8e7b3ddf
07 Files for the engineer/Project files/reference/pollen-microduck-rl-develop/microduck/assets/tire.stl,352884,8aa460566e99afcccccd5c0507c883d3f6d1901e28ddd492cf0c7edc41067b54
07 Files for the engineer/Project files/reference/pollen-microduck-rl-develop/microduck/assets/top_head_shell.stl,806084,6d01f396f514c9d2185cf6b8250b1d8382ac3fa0702eb525bcb284f706196291
07 Files for the engineer/Project files/reference/pollen-microduck-rl-develop/microduck/assets/trunk_base.stl,184984,aa4f853ae555a8b765e585ce4519c0bbff325ce298ec15a1437792c52a0beac1
07 Files for the engineer/Project files/reference/pollen-microduck-rl-develop/microduck/assets/upper_leg_left.stl,612584,8cb1c12dfa6d366a318bb1ec16f585427b9a185afeb7738d0a6f41f5db46a07d
07 Files for the engineer/Project files/reference/pollen-microduck-rl-develop/microduck/assets/upper_leg_right.stl,612584,5caf996cc3e151b01f393cdc6a6a6a940c1d86179d8b7c7f5f85cf1f1ac2fb63
07 Files for the engineer/Project files/reference/pollen-microduck-rl-develop/microduck/assets/upper_leg_rigidity_plate.stl,180084,231b3e5f1e24d146d735dc158cbcfec0c95a0d0ca8c500f61f04d15d0b665652
07 Files for the engineer/Project files/reference/pollen-microduck-rl-develop/microduck/assets/xl330.stl,206384,96238ed0d020ce0009cf1a5aa4b6926176c800840318ee65e4375be2298d2744
07 Files for the engineer/Project files/reference/pollen-microduck-rl-develop/microduck/assets/yaw2roll.stl,620284,6c8f193ec7cb40be0f48eeb5fba81bce2c87f12e1aab3f77f1bc4981386e1495
07 Files for the engineer/Project files/reference/pollen-microduck-rl-develop/microduck/assets/yaw_roll_motion.stl,290784,b0c9902dee19f06cdb7fa930292e0e1c91e2dc59baa971211495b58ff76c3c60
07 Files for the engineer/Project files/reference/pollen-microduck-rl-develop/microduck/ball.xml,706,54a455bf454a9b6167655381df91593bbca86695d8d71e29fb6af69454c7c865
07 Files for the engineer/Project files/reference/pollen-microduck-rl-develop/microduck/config_mjcf_allcollisions.json,1496,a557bb21f6e38389450d448a02eb1b13ab7a679179e17e283d1fe79988ac9d9b
07 Files for the engineer/Project files/reference/pollen-microduck-rl-develop/microduck/config_mjcf_groundcontact.json,2006,6e9d1efffa574f2f09ba40ae63e236d7bd8b7900b9d65c78231751d72b22f962
07 Files for the engineer/Project files/reference/pollen-microduck-rl-develop/microduck/config_mjcf_groundcontact_backlash.json,2141,fd6e89d562d0ca92cb1e789ed273d14ceecbd95198c79da3ca2690e8e62ab204
07 Files for the engineer/Project files/reference/pollen-microduck-rl-develop/microduck/config_mjcf_groundcontact_rollers.json,2092,7b3d837a2b15b92ff02a53cce3936f6b6871ef4cbf823c2b386be8cad4eae7af
07 Files for the engineer/Project files/reference/pollen-microduck-rl-develop/microduck/config_mjcf_groundcontact_rollers_backlash.json,2235,9af2931a67955be82e76a2ee2fb9ca554c3e8cf87f964b2b770e1389c10382ff
07 Files for the engineer/Project files/reference/pollen-microduck-rl-develop/microduck/config_mjcf_walk.json,1814,31fdf5bd061170fb41729b3a82a7780e772121ec566625c5a6bf849b890b31f9
07 Files for the engineer/Project files/reference/pollen-microduck-rl-develop/microduck/config_mjcf_walk_backlash.json,1974,1f662b54138c30b135a451e1765da34045b6330bcb7c573d2719c51ef5f564a0
07 Files for the engineer/Project files/reference/pollen-microduck-rl-develop/microduck/joints_properties.xml,1780,6a4481a9279ffd92139479e67515df7b3510799ceb648c18fde0d58c300eae86
07 Files for the engineer/Project files/reference/pollen-microduck-rl-develop/microduck/robot_allcollisions.xml,43020,ec9d2f731596cfc847a7fc3898ef8b5e67a548928abc23216537f1da8af2729c
07 Files for the engineer/Project files/reference/pollen-microduck-rl-develop/microduck/robot_groundcontact.xml,32904,99d23867e46e9d4748ff1398016b850f09fb6cf02a558c0272743b39ce3acf15
07 Files for the engineer/Project files/reference/pollen-microduck-rl-develop/microduck/robot_groundcontact_backlash.xml,34991,8ddae05f00d321945220c632cca13445287c94fdbc1654573142347a5ac87d59
07 Files for the engineer/Project files/reference/pollen-microduck-rl-develop/microduck/robot_groundcontact_rollers.xml,35693,e410e74978511fa2efdc9dcbe1488964c0c149ecca568a59dc73ef7f8844bf8b
07 Files for the engineer/Project files/reference/pollen-microduck-rl-develop/microduck/robot_groundcontact_rollers_backlash.xml,37780,400fe547140354899774f72634a66fc446a96ab317e894c2a6fac5aa706a9967
07 Files for the engineer/Project files/reference/pollen-microduck-rl-develop/microduck/robot_walk.xml,32023,80fc4424ed71e430ec4919110dfdb5c714dc1c4e1138e1832a16865cf31eb8c8
07 Files for the engineer/Project files/reference/pollen-microduck-rl-develop/microduck/robot_walk_backlash.xml,34110,8c2f271948cf06a3c5720c48abaac35b909c53fcfc6f5c3d2cef15f732da74e9
07 Files for the engineer/Project files/reference/pollen-microduck-rl-develop/microduck/scene.xml,2350,9a85461121ba8273083c482c166f27e143ca386993b3ec8f8d97eb09aa257d31
07 Files for the engineer/Project files/reference/pollen-microduck-rl-develop/microduck/scene_allcollisions.xml,2350,0d2f58227a3e1c4caae4e847a368ae83516d0f398f428c4e96737b67dd894ef1
07 Files for the engineer/Project files/reference/pollen-microduck-rl-develop/microduck/scene_apartment.xml,2457,f89da842d8972db257cb9a1a7c1804e21e1d0c01cc3388d6de6ac6fa1060f6e2
07 Files for the engineer/Project files/reference/pollen-microduck-rl-develop/microduck/scene_backlash.xml,2570,2e8abed8258c0299859ca5403e44013da241f494065ed5bf184302923bd03c7d
07 Files for the engineer/Project files/reference/pollen-microduck-rl-develop/microduck/scene_ball.xml,1238,3a6e69457fe68af692823c46da9e081021e3bf4be6c5381018446762acd20265
07 Files for the engineer/Project files/reference/pollen-microduck-rl-develop/microduck/scene_rollers.xml,2439,9029044d5b605882c7f10b52b9bf90c9d5572fb25d79033d0d04026a269375ac
07 Files for the engineer/Project files/reference/pollen-microduck-rl-develop/microduck/scene_walk.xml,2341,6e23146c1a5025473b55ec94cbe37b08104ca388b7eb005ea277f8230736c8be
07 Files for the engineer/Project files/reference/pollen-microduck-rl-develop/microduck/scene_walk_backlash.xml,2562,bf71c93e90f5a70890f6f76f79f8ba25191cf7ef0a8de47b1dd24f629449150b
07 Files for the engineer/Project files/reference/pollen-microduck-rl-develop/microduck/sensors.xml,357,47854a0ab18261f069553e1572e0c329c4f39e4557dbdada71e0dc62af14ee20
07 Files for the engineer/Project files/reference/pollen-microduck-rl-develop/microduck_constants.py,11118,1b741537d1e67615e5094d4330802db74f9621cee05d6bd7a5ac734cace78099
07 Files for the engineer/Project files/reference/pollen-microduck-rl-develop/microduck_rl_AGENTS.md,16511,f7d4ae83ee740816f30f13312cc4d646f7396bc531c7980680627108abc8de1a
07 Files for the engineer/Project files/reference/pollen-microduck-rl-develop/microduck_rl_README.md,13267,b5e606efe7ff71f4f6324820b36152d401a0b1be6e2f908bbaca01ffee81638d
07 Files for the engineer/Project files/reference/pollen-microduck-rl-develop/sibling-pollen-microduck-main/SOURCE-COMMIT.txt,525,8a46248e90183519b540677dd85e3e0190b2923e4ad3861bdca7378c5399e158
07 Files for the engineer/Project files/reference/pollen-microduck-rl-develop/sibling-pollen-microduck-main/deploy/robotd.toml,23143,11bfce6974ebf988ec4fed07be2581a61156e379c4f5a48dfd2b06aded153222
07 Files for the engineer/Project files/reference/pollen-microduck-rl-develop/sibling-pollen-microduck-main/kinematics-assets-alpha/robot_walk.xml,6881,078693dff3bcd5e69eb6cc483974178e1511a11f762b1a4dd00370bc5d58b8a8
07 Files for the engineer/Project files/reference/pollen-microduck-rl-develop/sibling-pollen-microduck-main/microduck_README.md,4930,f7f5aedb7e0e9f6cbf1841e2f07e25bb5f89bd3430e55314ae1a64a2868ba9a7
07 Files for the engineer/Project files/reference/pollen-microduck-rl-develop/testbench_constants.py,1777,bf5e95376131471443e1daddf5abb0bc6326bc6b5c49bfb352774bcc6b011b9f
07 Files for the engineer/Project files/reference/pollen-microduck-rl-develop/xl330_test_bench/assets/arm.stl,151284,2b5adeff9acddca7ca3f14ca502687bdccb0d5718ca5eee5ea8e0b7b92fe460e
07 Files for the engineer/Project files/reference/pollen-microduck-rl-develop/xl330_test_bench/assets/axis.stl,14484,435cdf37cd5cfd9cc7ce1202fcf075aebabffbf6cf1249a8e8d3a93d6350b244
07 Files for the engineer/Project files/reference/pollen-microduck-rl-develop/xl330_test_bench/assets/bench_holder.stl,60284,3a46df8b07b5b7eda4a0f68642cc90e4a557cb3f8678e49a2508b9225a26cba1
07 Files for the engineer/Project files/reference/pollen-microduck-rl-develop/xl330_test_bench/assets/part_1.stl,151284,2b5adeff9acddca7ca3f14ca502687bdccb0d5718ca5eee5ea8e0b7b92fe460e
07 Files for the engineer/Project files/reference/pollen-microduck-rl-develop/xl330_test_bench/assets/part_2.stl,28884,6f57229eb624849885294536527402ebd6a2e4933e086ad80eda1604d3fbec0c
07 Files for the engineer/Project files/reference/pollen-microduck-rl-develop/xl330_test_bench/assets/part_3.stl,60284,3a46df8b07b5b7eda4a0f68642cc90e4a557cb3f8678e49a2508b9225a26cba1
07 Files for the engineer/Project files/reference/pollen-microduck-rl-develop/xl330_test_bench/assets/part_4.stl,28884,4e5b08e92d99bb9fa2d0f4b00f9c1f25b98092f1594e9735c38caef76a4475a7
07 Files for the engineer/Project files/reference/pollen-microduck-rl-develop/xl330_test_bench/assets/part_5.stl,14484,435cdf37cd5cfd9cc7ce1202fcf075aebabffbf6cf1249a8e8d3a93d6350b244
07 Files for the engineer/Project files/reference/pollen-microduck-rl-develop/xl330_test_bench/assets/spacer.stl,28884,6f57229eb624849885294536527402ebd6a2e4933e086ad80eda1604d3fbec0c
07 Files for the engineer/Project files/reference/pollen-microduck-rl-develop/xl330_test_bench/assets/weight.stl,28884,4e5b08e92d99bb9fa2d0f4b00f9c1f25b98092f1594e9735c38caef76a4475a7
07 Files for the engineer/Project files/reference/pollen-microduck-rl-develop/xl330_test_bench/assets/xl330.stl,206384,c9f6bf7dd9d8b307a4174b40ff12517b3ea470e5535319a5b7dcce4ba52cdfe1
07 Files for the engineer/Project files/reference/pollen-microduck-rl-develop/xl330_test_bench/config.json,508,c66518cd6fade3bbe881be0ab9b6e1ac395ddfb41a9b3ce5b39dfdf58e3a0210
07 Files for the engineer/Project files/reference/pollen-microduck-rl-develop/xl330_test_bench/joints_properties.xml,909,5204d854ca41a08b752be733acc7abe238c279f6525cbf2c532792446b187458
07 Files for the engineer/Project files/reference/pollen-microduck-rl-develop/xl330_test_bench/scene.xml,932,711f1503b4cee29270f206bd538de38fbd9df18cb2c12ff6a012061fadce247c
07 Files for the engineer/Project files/reference/pollen-microduck-rl-develop/xl330_test_bench/xl330_test_bench.xml,4598,b189f8c9d97b1e8fd11a67e8270f379042f863bca24d3af03970194c5e3451f2
07 Files for the engineer/Project files/reference/pollen-microduck-simulator/README.md,1506,e9c8f8761aa879866d93d6f4af480bb77a31f45774edba7346a309b560cf3c43
07 Files for the engineer/Project files/reference/pollen-microduck-simulator/SOURCE-COMMIT.txt,109,876216c4ff24dbd6acbb3219baf2b3c14a3825bf36f9c57a57e74de193d6530f
07 Files for the engineer/Project files/reference/pollen-microduck-simulator/SPACE-README.md,5686,4d793c59879c65a2f8ca5314f6f37110d14374449adf68ae42470705d8e45022
07 Files for the engineer/Project files/reference/pollen-microduck-simulator/assembled/bodies/ankle_left.stl,757434,41cf3be6a20d095f9097c967ed33c12e36bcc2258ceecfe38ff76ffc02567b06
07 Files for the engineer/Project files/reference/pollen-microduck-simulator/assembled/bodies/ankle_right.stl,756184,fc177ad7e3e0d60a137c6d0e74304416ea7d609b4d5ef24ceb23f07343d3df31
07 Files for the engineer/Project files/reference/pollen-microduck-simulator/assembled/bodies/bearing_roll.stl,455634,42c15ec5c4358545fe56c3e791c0362de394b696b17ff2acdf8929fd2655cf2a
07 Files for the engineer/Project files/reference/pollen-microduck-simulator/assembled/bodies/hip_l.stl,489184,42a7520727b515954e67a5e419ee0f0803518a2e0ddb190e246a6cd78355c844
07 Files for the engineer/Project files/reference/pollen-microduck-simulator/assembled/bodies/hip_l_2.stl,489184,ba51496a66793615c76b53933ea07ca1076f290ae0bc29bd6ef7629102f3acbd
07 Files for the engineer/Project files/reference/pollen-microduck-simulator/assembled/bodies/jaw_soft.stl,1884184,faab270bb8ed819b294ba0106c98782268fb75d62ac55cdd49cc89dfa7c4be8c
07 Files for the engineer/Project files/reference/pollen-microduck-simulator/assembled/bodies/leg.stl,211934,f7678c31377f8ee25c45b5f1f0af8c642f894fcf3e47399cc36db2e44caec8e5
07 Files for the engineer/Project files/reference/pollen-microduck-simulator/assembled/bodies/leg_2.stl,211934,818746655ae870078256106e5f95dd69709bb69a47d905112930cfee34097aba
07 Files for the engineer/Project files/reference/pollen-microduck-simulator/assembled/bodies/neck.stl,127684,011e5bc61c944c840631e37f296a4112e8122f31146edcf409d94648fb24b58e
07 Files for the engineer/Project files/reference/pollen-microduck-simulator/assembled/bodies/neck_pitch.stl,345334,3f5f162123334bd79ccd66792d32167b63639de7a30175f4832847e29049c1cc
07 Files for the engineer/Project files/reference/pollen-microduck-simulator/assembled/bodies/trunk_base.stl,1549734,0941a9a64bf08f82b78e3bbdb19d79f1cea8c29a58a4d2bcd1f3c8470b0637e9
07 Files for the engineer/Project files/reference/pollen-microduck-simulator/assembled/bodies/upper_leg_left.stl,529184,5e26542402f06c34ccfcd80e19c6a7168b745b0e8c0d6c75fd4d586839ad62b4
07 Files for the engineer/Project files/reference/pollen-microduck-simulator/assembled/bodies/upper_leg_right.stl,520484,9435f5038905b03c32038f33263295d2c85dc02478f6ebfbfc644a106d48a991
07 Files for the engineer/Project files/reference/pollen-microduck-simulator/assembled/bodies/yaw2roll.stl,455634,58d94a5c9f8e90b79e30ae57c4877d61b19c99acaf6f8fc8d20bfecbb5a49021
07 Files for the engineer/Project files/reference/pollen-microduck-simulator/assembled/bodies/yaw_roll_motion.stl,627784,8e697d4e2b054bf3a89eb1db6256d47d53401426031ec15b0210851533415101
07 Files for the engineer/Project files/reference/pollen-microduck-simulator/assembled/measured.json,19897,f0b93dedd41ba9b7a4c477fc012486d91efd5c661162b0712be85b9404580049
07 Files for the engineer/Project files/reference/pollen-microduck-simulator/assembled/microduck.stl,9410334,e11e265ede29df8ea825558155d441edd462dad104bd4c6a49e1c8c061a84639
07 Files for the engineer/Project files/reference/pollen-microduck-simulator/kinematics.json,26666,099c64fa03280514eed881accf563061a640eb7800d5ce15be5af92d1f63d38b
07 Files for the engineer/Project files/reference/pollen-microduck-simulator/kinematics_rollers.json,29666,4a0c4015ca17241b370739459c0e7e03afd1aa4741f86a2adcc60c6e2c9b33a2
07 Files for the engineer/Project files/reference/pollen-microduck-simulator/meshes/ankle_l_v1.stl,79484,74f9a51e15ac8fef93fc2efa35b61dc53cf832d798f75c3229700bd9b3aed4c4
07 Files for the engineer/Project files/reference/pollen-microduck-simulator/meshes/ankle_left.stl,58284,df5d7f04d63390a1e263e0138ee94e1aec2ff2b55cf63729f4ec461b25c1c1f0
07 Files for the engineer/Project files/reference/pollen-microduck-simulator/meshes/ankle_r_v1.stl,69484,c200102fb6f067cbec73f048fe2020b127e61d47fcffd7dbd84c90439767fd3f
07 Files for the engineer/Project files/reference/pollen-microduck-simulator/meshes/ankle_right.stl,51584,48b8551a13d22cc8752ddf3148796b357a6cbd6e2ecbd93c3ecdfbf55e533e72
07 Files for the engineer/Project files/reference/pollen-microduck-simulator/meshes/banana_pcb_locker.stl,11634,2e51f6e23e4dbea660a9dbadcd763bbc77d48a7e3e0a58f047eab45554e07b55
07 Files for the engineer/Project files/reference/pollen-microduck-simulator/meshes/bearing_roll.stl,30284,fa0da0a5eef428a41da6e9639f75120781594e600c5db7518621750221669849
07 Files for the engineer/Project files/reference/pollen-microduck-simulator/meshes/bottom_head_shell.stl,231334,331a361406e77c05256e5064197f785ac1e9c8f091079a3519c2e33f28ae5ebc
07 Files for the engineer/Project files/reference/pollen-microduck-simulator/meshes/elec_rpi_robot_hat_pcb.stl,225434,acc66b75f2ff26f42339577c38c6f348ec73c4fbb52912637ba5244eb1a78ebb
07 Files for the engineer/Project files/reference/pollen-microduck-simulator/meshes/face_part.stl,136784,47ad1137a68bf72b2c93f1bf4836f18fb9a8d21a4f8f86fbe761b9871233fcce
07 Files for the engineer/Project files/reference/pollen-microduck-simulator/meshes/foot_left.stl,241934,b7749b1f4fd9e7faf8180772d7ce8254139c60bc43aee463ec76afc86212d59c
07 Files for the engineer/Project files/reference/pollen-microduck-simulator/meshes/foot_right.stl,246084,e2aba02ec1b949bc8a5a77ad3d0af9009dee80c100aa4bbfcf336f1fa5ef206f
07 Files for the engineer/Project files/reference/pollen-microduck-simulator/meshes/hip_l.stl,229134,dbdf6e7f5587385c0f6a77b407931b30e81c9a212dac7c52b4e0884156049056
07 Files for the engineer/Project files/reference/pollen-microduck-simulator/meshes/jaw.stl,120834,90afa64e47ef237f0f58d6f4830dc3cd6215328ed8a639b1e1a9eb2157307f4a
07 Files for the engineer/Project files/reference/pollen-microduck-simulator/meshes/jaw_soft.stl,84084,6c3ebb578ea5e6d7b995baca9b42ef7c9f9858b56dedf6f0d949f5e6ea9d3ef2
07 Files for the engineer/Project files/reference/pollen-microduck-simulator/meshes/left_shell.stl,256334,c31e71e2e55c5daccfef738c80053104ba2fb3589a0836ab1b6ebb5c380a05ae
07 Files for the engineer/Project files/reference/pollen-microduck-simulator/meshes/leg.stl,166434,bfbc6ae5faefc56bd65d860cf3410a08e8286717063584f15b56bbd5302b20f8
07 Files for the engineer/Project files/reference/pollen-microduck-simulator/meshes/lens.stl,23484,b9b86fce70198040781a739e2c15d2996b549b25d73b7544005ae08a415b486e
07 Files for the engineer/Project files/reference/pollen-microduck-simulator/meshes/m12_lens_holder.stl,98334,d96825a096d5d3d5d252086cf0cdb3f5bc22d9f0baef0a3f97a85bae1617be99
07 Files for the engineer/Project files/reference/pollen-microduck-simulator/meshes/motor_support.stl,45284,d6725004f0a85a5cf0161214ea0d39fb6f14ee3563c9a96cd5aad725b5e2a716
07 Files for the engineer/Project files/reference/pollen-microduck-simulator/meshes/neck.stl,18384,3cb654ee9387d55c7d10d40fc84bb7cbf3cedb3243d1da499cf01c54d366079c
07 Files for the engineer/Project files/reference/pollen-microduck-simulator/meshes/neck_pitch.stl,85284,dbd6fcbf8b8f27a8364d5bcae2b9a537d7e384325b44a653b360139b6fa1da2f
07 Files for the engineer/Project files/reference/pollen-microduck-simulator/meshes/noenoeil.stl,12384,55f3167627f6fbd1a19966f92396adf2ccd55795b13ded3b9f52705ba8a7ab77
07 Files for the engineer/Project files/reference/pollen-microduck-simulator/meshes/np_f970.stl,247734,01fbacc788b53ebb7648cda07090133b8c696da31d700c560f45189494977871
07 Files for the engineer/Project files/reference/pollen-microduck-simulator/meshes/pcb__raspberry_pi_zero_2_w.stl,262184,43d8368ced3d623eaa5ef538e8361f5878b85931b7cd469a4488eee7aa00bd91
07 Files for the engineer/Project files/reference/pollen-microduck-simulator/meshes/power_support.stl,128234,4aee9ddf8c12478d334f3d8d9e65af712072bef241283a08c895606fc2e3d9e8
07 Files for the engineer/Project files/reference/pollen-microduck-simulator/meshes/right_shell.stl,256384,c346581c2e3c2c189ea49372a147dfbc0dca89db4ec02f9f230921e480e762a7
07 Files for the engineer/Project files/reference/pollen-microduck-simulator/meshes/rim.stl,28884,a6d58f80ec60041e721cba1de7af5c834700166a5c10e7f68d1a2b79c7b78cb0
07 Files for the engineer/Project files/reference/pollen-microduck-simulator/meshes/roller_blade.stl,262184,a8b0e6dbdb593eceaba1a0cc2a70ad8aac56f4c3b22676dbfb97409c1a094615
07 Files for the engineer/Project files/reference/pollen-microduck-simulator/meshes/seeed_bearing__configuration__22x16x4.stl,260134,8551dc99cbdc012bd261c2a175f2cc766dd6aed0786781b35f8381cd3aa95b34
07 Files for the engineer/Project files/reference/pollen-microduck-simulator/meshes/seeed_bearing__configuration_default.stl,260084,e4338e0e6c7adeb52a35e02d6fa5babe761e8752ffa0fc2e31b0ba672c18630d
07 Files for the engineer/Project files/reference/pollen-microduck-simulator/meshes/soft_mouth_top.stl,98384,451f53d30350552cb6e26f777698272f7c3fa557f389adb24f94c75a201e67cd
07 Files for the engineer/Project files/reference/pollen-microduck-simulator/meshes/sole_left.stl,197384,357f80bb46855e3ce50f817705acd80471dae90b4ee6b4a0a948614a7daeddb1
07 Files for the engineer/Project files/reference/pollen-microduck-simulator/meshes/sole_right.stl,198684,07801107a36dbc1c2b83b3b64ad98be39ba662a8a7fa0b62a29119b201f41fe6
07 Files for the engineer/Project files/reference/pollen-microduck-simulator/meshes/speaker.stl,684,0ef54df86c6093c166d73e33dc0b8364ef5643a7a1b1dacaba577be5a9c06c32
07 Files for the engineer/Project files/reference/pollen-microduck-simulator/meshes/tire.stl,88284,14c08d73185a4b521897aca74fb8b2a6d306a20d80e8822aa56cf1b4ace29bec
07 Files for the engineer/Project files/reference/pollen-microduck-simulator/meshes/top_head_shell.stl,194984,a59823b8f2ab23d530e6b071559f7fd308851ae035b7cb4d0b7baf7edef4b3e3
07 Files for the engineer/Project files/reference/pollen-microduck-simulator/meshes/trunk_base.stl,38734,4b84ebe28041e6236ecafd4a26cebe537e21c14423e6acded3d78478c7650ed7
07 Files for the engineer/Project files/reference/pollen-microduck-simulator/meshes/upper_leg_left.stl,133134,a626dafcdd0074fd4e79e604d377495d304d222f1afd27b13487b7248b35a0b8
07 Files for the engineer/Project files/reference/pollen-microduck-simulator/meshes/upper_leg_right.stl,124434,97fd516a4c0e593fef9e22b1521d60ca86bd91966a4328db0834bac5ba1cabdf
07 Files for the engineer/Project files/reference/pollen-microduck-simulator/meshes/upper_leg_rigidity_plate.stl,45084,96e50158d44ef97fc46f5d6330b6bb02fb93116790ae892a170fdd052e696aba
07 Files for the engineer/Project files/reference/pollen-microduck-simulator/meshes/xl330.stl,45584,d3c7b71750397083d3dfbad395fd8ac794763f43e2ea2b5006da5840c976fc82
07 Files for the engineer/Project files/reference/pollen-microduck-simulator/meshes/yaw2roll.stl,119884,c20cbdd8a9d52f789ec5a4b0d4a173a225652c6bc4610d555ea309c7a0e0d559
07 Files for the engineer/Project files/reference/pollen-microduck-simulator/meshes/yaw_roll_motion.stl,62184,ae3740fde29a261b79650a25825baedd84d538fc67b6b20b79589125e5e05592
07 Files for the engineer/Project files/reference/pollen-microduck-simulator/microduck.glb,1279444,ad0b8d1c886a857fd09d337be11e731f4ac72bf099b0af63081031f97ed6eadb
07 Files for the engineer/Project files/reference/pollen-microduck-simulator/robot_allcollisions.xml,32898,7a6fdf437f5a80c7348ad801f43f906b997a834389cb70cca5e1e8517ba38044
07 Files for the engineer/Project files/reference/pollen-microduck-simulator/robot_allcollisions_rollers.xml,35688,c201a72ecbc4dd8e110c840cb79b1647aab59e6c76db7369a88c34a33307447e
07 Files for the engineer/Project files/reference/which-mesh-is-denser.json,1284,6c49b5f6fb7036d471d4175e149a88c30b618d3c7ad1f6b49acc52543dd9fe89
07 Files for the engineer/Project files/research/01-product-and-specs.md,48762,ac70c22ab9b5d65591624d656a2d2953a63040e5d09b6ce39bd906b273f026d4
07 Files for the engineer/Project files/research/02-repos-and-code.md,35796,ab613f49da535bfe2bdd64b75704281d209a321891fd748d4014992ebfe3f5b7
07 Files for the engineer/Project files/research/bearing-sourcing-2026-09-08/REPORT.html,10595,81d3b6f23bf0d6271b435c2f5bd3048891715a7490be5b6b9e182e93ce4ff40f
07 Files for the engineer/Project files/research/bearing-sourcing-2026-09-08/audit.json,19703,7ea051cf014f8e3ca81efbda25b3c132bc07a48d25727550a963305787d6b62f
07 Files for the engineer/Project files/research/bearing-sourcing-2026-09-08/build.py,8928,083d0bf4fef5b8d7379c8792ec91946a44bc7cc9b800034b177d07f331a8d233
07 Files for the engineer/Project files/research/bearing-sourcing-2026-09-08/conditional-rfq.csv,7222,50e5dff7879cfacad9aa76d97f9fbc50b9968891f52372bdee0c05e485b5991c
07 Files for the engineer/Project files/research/bearing-sourcing-2026-09-08/correct_records.py,4222,f313a5fbdd4a0df81cdda894999ef923462ce813d5cf0410fc4bf136398e0e66
07 Files for the engineer/Project files/research/bearing-sourcing-2026-09-08/direct.html,390741,5bfbb02298a6ad837d5b2c7b946e57e616c0748d5c29439b89e7ce9c4d3c468d
07 Files for the engineer/Project files/research/bearing-sourcing-2026-09-08/direct.txt,26735,3df132ab8e45223e806979f2661defb484118c3803f50d8aac5a7994045f4ad6
07 Files for the engineer/Project files/research/bearing-sourcing-2026-09-08/fetch.py,1385,0ffb9e4f1546e6c7fb2807b4c36eac615af014952e8bdc6eb749c7dc4958d9a0
07 Files for the engineer/Project files/research/bearing-sourcing-2026-09-08/mvb.html,126261,9915e39c6a1b4cdc0010ea1b1ed24d10498c36b102c17234c2a2df4838dd0b6f
07 Files for the engineer/Project files/research/bearing-sourcing-2026-09-08/mvb.txt,9012,720a77ece540a461314b9474f938cb77a6c15d7c2e4c2571fe154582fdc2f9db
07 Files for the engineer/Project files/research/bearing-sourcing-2026-09-08/nz.html,18113,2161e77d94a9fc1c5aeaadfb0f461b008f0df267c55ae68a8fc6111ae9b6c97b
07 Files for the engineer/Project files/research/bearing-sourcing-2026-09-08/nz.txt,2354,9d80ad0515d320622a83b5252860da2a8411ab14c901c08838381d9fc7f7b9c6
07 Files for the engineer/Project files/research/bearing-sourcing-2026-09-08/smb.html,726455,b01bd225528a116105fb721b92709fc91042cf09e69fe7aa87594d0423173a18
07 Files for the engineer/Project files/research/bearing-sourcing-2026-09-08/smb.txt,12877,96e62ebf5791ce73bd0f1addbdae97875a3aec2e6c6b177cb2d110390cf1bad9
07 Files for the engineer/Project files/research/bearing-sourcing-2026-09-08/vxb.html,810143,5f378ef4a1519bc3b7356f6c4b6321471c2c94213d230e84c1621d9544d79fa1
07 Files for the engineer/Project files/research/bearing-sourcing-2026-09-08/vxb.txt,4454,86c55e1bd515fc29bd703a2ad50a4393778f2f57270fbb4d146d8fa79255482a
07 Files for the engineer/Project files/research/bearing-sourcing-2026-09-08/web-manifest.json,1499,53e1a69a504dc7292a3eb6bd18065fee76be7e2b7e33afb42383e46186ba6d84
07 Files for the engineer/Project files/research/bearing-sourcing-2026-09-08/zen.html,1233835,608125e668c4cb39d79af3d6a685ce0f0e637c71a51f6f21fc1bf04a7b8277af
07 Files for the engineer/Project files/research/bearing-sourcing-2026-09-08/zen.txt,123481,7e71e8b2a30008a9137ee76052798202d0c5d8810c2b22fa6a239d8a7e6290f1
07 Files for the engineer/Project files/research/camera-identity-2026-09-08/REPORT.html,8617,fcdb3b922e7625cb8f814c60b8b1d46f5ff3f01c8489a2253302f5df5b6a58f6
07 Files for the engineer/Project files/research/camera-identity-2026-09-08/adafruit.html,85760,030581695e41816d363c82e5b4a0ee941cb45d43e6bc7bba4ccfed9fa675b8c7
07 Files for the engineer/Project files/research/camera-identity-2026-09-08/adafruit.txt,4399,4fcf171e7fbcfc2b0aa14ca9e546bfc514e985c19cb44b0c156332594b9c4b77
07 Files for the engineer/Project files/research/camera-identity-2026-09-08/audit.json,11930,956fe6afba26737fddb60c4a2623f7341caa6cec679ceb1fcab23416a5a9c02a
07 Files for the engineer/Project files/research/camera-identity-2026-09-08/bringup.md,32851,0b9d434b86d19771eb0a7ac5f0d89937f0e4c4e273fc93bd0c2809c190a5350e
07 Files for the engineer/Project files/research/camera-identity-2026-09-08/bringup.txt,32663,ca8f706d69c9806754c123d38d06c421740b2877b170c2c88e1b5c6af72756ba
07 Files for the engineer/Project files/research/camera-identity-2026-09-08/build.py,10391,80861f33460d862a0849327edaa937757cc96e39f367526e438711b747053466
07 Files for the engineer/Project files/research/camera-identity-2026-09-08/correct_sources.py,5105,9f3a1d93a851081c8a0fee814f67a8557ada8d1fd8abb8a8b873a977319aea78
07 Files for the engineer/Project files/research/camera-identity-2026-09-08/fetch.py,1910,44f1d22d5f5f7a574b5479d3179bfd99304799132143b613c308a79c3b8675c3
07 Files for the engineer/Project files/research/camera-identity-2026-09-08/manifest.json,3000,b527c21d722f63b83ddce4c89f580ae23866f70e32cb9605bccc8cc77f468c5c
07 Files for the engineer/Project files/research/camera-identity-2026-09-08/pimoroni.html,295460,12ffaea195953ca782a40372cbf71ddbeff7842bc0b046f645060f8aedabdcd3
07 Files for the engineer/Project files/research/camera-identity-2026-09-08/pimoroni.txt,4212,ea8a279aa77eb90eb0823de4db133a2972d335b4e48f2400af7d15d06ee56d1c
07 Files for the engineer/Project files/research/camera-identity-2026-09-08/presskit.html,322809,dd2ff5b936d5a838706b69e8adcc4394c157da48eaef9c44794d6de7cb77dec0
07 Files for the engineer/Project files/research/camera-identity-2026-09-08/presskit.txt,6814,68eb1690c919f2c4804c92d701ed233df3053ed755d5aa12c18aae00d777f051
07 Files for the engineer/Project files/research/camera-identity-2026-09-08/radxa.html,46236,0ea9c4dc969a2b0246cac8dea80147bc0a688fd69d93e426f95a932f09523ae8
07 Files for the engineer/Project files/research/camera-identity-2026-09-08/radxa.txt,3924,bcb37b9074bd26915c36dae02dfebf44aa4f2de0cec0ba5e448ef6f569c54952
07 Files for the engineer/Project files/research/camera-identity-2026-09-08/runtime.txt,20110,097947a4ef34f3b4e09415ac96b9b2d23af8cb40219e2280697ac539a6416be5
07 Files for the engineer/Project files/research/camera-identity-2026-09-08/seeed-description.txt,6075,2bf6f43b930e40560f1399a16d03190668379260f55e26ba23326417fc36ab44
07 Files for the engineer/Project files/research/camera-identity-2026-09-08/seeed.html,956787,ab6c7457c8650f30436fd950d33e857cdad29bc7e8721ca1202875d447bdeb7f
07 Files for the engineer/Project files/research/camera-identity-2026-09-08/seeed.txt,12483,2e5e44049e610968a60f76cf602b1bcb4684d90c7265ad9e4de13a6de3f813a4
07 Files for the engineer/Project files/research/camera-identity-2026-09-08/uctronics.html,109496,bf38c04aff361b244402efa944d00091f4590d7a7ac075ea317fab8505f821f8
07 Files for the engineer/Project files/research/camera-identity-2026-09-08/uctronics.txt,7507,6eff4d818eb232af4ef31a199658aa76c9c7a7b0eb7543853a7a4aee16c14528
07 Files for the engineer/Project files/research/camera-identity-2026-09-08/welectron.html,468053,3f3bd60cdf21886353e188618e8c566ec5b41dd0dd06bd7dc3beb5f4cbf13ba6
07 Files for the engineer/Project files/research/camera-identity-2026-09-08/welectron.txt,10831,dfdb95e36601f85ba549b98167ad341f409c28dfac0f48c392c96a96e74c3653
07 Files for the engineer/Project files/research/current-electronics-docs-2026-09-08/verification.json,4586,be0148c1e2d610107447f3a6bcc488c079bf2f50ede4cdb271ff759b25212f81
07 Files for the engineer/Project files/research/current-electronics-docs-2026-09-08/verify.py,2500,ca4f47d2f1d6c204f846c7339aef2564340b26e71eff08e852c772ffa92cd69e
07 Files for the engineer/Project files/research/eye-evidence-correction-2026-09-08/REPORT.md,2243,b8bd91418b6f691b255ca39baef4f3981ab2aa27b1842f6e81567d3cecdb58af
07 Files for the engineer/Project files/research/eye-evidence-correction-2026-09-08/application.json,5740,2a0d8635c82b91b4f78a1353722a0954f8fb2bf231a24a809d5d06c43e337ac3
07 Files for the engineer/Project files/research/eye-evidence-correction-2026-09-08/check-after.json,2887,95d81b81c8d24e64839dcc005d3d4460871c2bf7a8c958661910a8172d6b0303
07 Files for the engineer/Project files/research/eye-evidence-correction-2026-09-08/check-before.json,2019,d173452cf4623b8df6f11a85870a08857fe22163e1a380faa49c2f00b5b013dd
07 Files for the engineer/Project files/research/eye-evidence-correction-2026-09-08/existing-runner-tests.txt,5711,dbb2b26560c63e31688ed734f9a0712e20499ff95adac26eb55e13efe3b6d98c
07 Files for the engineer/Project files/research/eye-evidence-correction-2026-09-08/proposal.json,1371,137f93f874c86687abfb347c5f7dab8dba5c957df28a99182b8ea3025440ae70
07 Files for the engineer/Project files/research/eye-evidence-correction-2026-09-08/tool-tests.txt,107,516bc7e6ca2b8772223ad86e686735d7b72cd51ba19b2deebbfb041944407aa4
07 Files for the engineer/Project files/research/eye-evidence-correction-2026-09-08/trust-before.json,1267,5afac593dba24ffd60929bc93b2073c0e4c27c5d65c5d9d7480b247809cd96df
07 Files for the engineer/Project files/research/fastener-endpoint-integrity-2026-09-08/AUDIT.md,5636,f55cfa8432cc549d8acdf1205013ef654ab8edcfc61389e50fba66a744ae76af
07 Files for the engineer/Project files/research/fastener-endpoint-integrity-2026-09-08/PROVENANCE.json,1421,ac0ff890bb059ec7097667ec6827a20e94f4c353a99c4ef800a1d541438e1a11
07 Files for the engineer/Project files/research/fastener-endpoint-integrity-2026-09-08/bom-before.json,10051,8c2cf1315d4d62593a40e7e34dd3d256c225ed388e7607165e2e004d5673dba0
07 Files for the engineer/Project files/research/fastener-endpoint-integrity-2026-09-08/conditional-iso-geometry.txt,639,72ade304aebb4127e35aef333c43cf0c5d04dcaa5328bf46e455f791ac2e128b
07 Files for the engineer/Project files/research/fastener-endpoint-integrity-2026-09-08/connection-check.txt,369,5c86cb2b2505f7f3a1da761c5343428023390dd29f05c8a44628d3d994342a75
07 Files for the engineer/Project files/research/fastener-endpoint-integrity-2026-09-08/endpoint-tests.txt,440,e043589737cfa5d0d9587b73b409e4c8a143de56793db955f7f6a10f759eb12a
07 Files for the engineer/Project files/research/fastener-endpoint-integrity-2026-09-08/endpoints.json,47246,a94ec93f5fbc05b69e54e945a2564e5f1fa07899fc3fe0072155ff6216952106
07 Files for the engineer/Project files/research/fastener-endpoint-integrity-2026-09-08/exit-codes.json,174,846e6a4cf2f8fac394ead617573fef4a3251f3a3e2e9e0819676ee7e165876c0
07 Files for the engineer/Project files/research/fastener-endpoint-integrity-2026-09-08/joints-before.json,132289,e1070a674d32c6ad421289f45524e5f7738020a7ed66c8c8827384d8a4b8f0e0
07 Files for the engineer/Project files/research/fastener-endpoint-integrity-2026-09-08/placed-before.json,162132,757442cf3efa658dc8670055d254a832b2aa02e90aa61b758297b3c00b6adfc4
07 Files for the engineer/Project files/research/fastener-endpoint-integrity-2026-09-08/placements-before.json,190817,2631c5acc53b9bb76baa7a4e8783412e509a4b0f3f068bf6202aa29b5adb6d5a
07 Files for the engineer/Project files/research/fastener-endpoint-integrity-2026-09-08/runs-before.json,511279,d4053c946c6670ce8b407505435ca8ecd629f2ce8b165352a8b37a7af8992a51
07 Files for the engineer/Project files/research/fastener-endpoint-integrity-2026-09-08/test_endpoints.py,5248,b838023f936abaf21c2f71c1f4d36ebf4167e5305bc492d9dd279e15dbdec415
07 Files for the engineer/Project files/research/fastener-endpoint-integrity-2026-09-08/thread-tests.txt,897,1bec30a9f70d8971accdf2cea8cffe62a35f1816d9ebda7fbc69ce374787a782
07 Files for the engineer/Project files/research/fastener-endpoint-integrity-2026-09-08/triad-check.json,803,a8e82710abf93f48308f505138d03c7d4f0d9639d8593c3499cf26d3e3605e9f
07 Files for the engineer/Project files/research/fastener-endpoint-integrity-2026-09-08/triad-test-prior-cached.json,984,52c25ffbcd3cfe9ce5211008dcd34995e1d1455089716fa2eec9d043c19bf22e
07 Files for the engineer/Project files/research/fastener-endpoint-integrity-2026-09-08/triad-test.json,80747,c19b4421e20e3d6a2a606d21c6731a8ebf3686628322782228913b1fa413226c
07 Files for the engineer/Project files/research/fastener-endpoint-integrity-2026-09-08/verify-input-hashes.json,1409,fce6f52d23d916022cee8cad46ac992d284dd09ebb0dcd27a108a89afbdabc38
07 Files for the engineer/Project files/research/fastener-reconciliation-2026-09-08/AUDIT.md,4337,e4b829a67abba63996b6bcdbf29e8570397995cc91095caabb450039a9796e90
07 Files for the engineer/Project files/research/fastener-reconciliation-2026-09-08/PROVENANCE.json,1124,148f2e05be205480e4b7dbb40ff359b4f0d31b9e6ba5b43af77358cc73808c62
07 Files for the engineer/Project files/research/fastener-reconciliation-2026-09-08/per-line.csv,2797,17436e81e984aae72ec2c1f4c21d1ab835e47b70bff44407693ca98f4000563e
07 Files for the engineer/Project files/research/fastener-reconciliation-2026-09-08/reconciliation.json,5583,12194668f13d8dfcbe775a953731ed68be0dcd21c33fa295f0299342ff022e18
07 Files for the engineer/Project files/research/fastener-reconciliation-2026-09-08/robotis-xl330-m288-package.html,78991,3ff072cb56aff5aec61e1d494671f483a245b3e46a54f142553b5a7ff6046e0e
07 Files for the engineer/Project files/research/fastener-source-routes-2026-09-08/REPORT.html,10118,d9d2ca567ba73c48201b96ab0bd0d5ddd7490b786d19bb2a8d0f22510a85636b
07 Files for the engineer/Project files/research/fastener-source-routes-2026-09-08/audit.json,18165,6e0dcd6c4660a73f01078c9ad29921beda19a8a60c4479dd61620860615617f4
07 Files for the engineer/Project files/research/fastener-source-routes-2026-09-08/batch-options.csv,833,2e3b09218ca8e389d2561ba6b67e9dbe3257fa4e4d1df4b61e884403ce518742
07 Files for the engineer/Project files/research/fastener-source-routes-2026-09-08/build.py,8073,18a00cdee9adce652e14020c463197cbe4838dcae31ffca354380de29b586e1a
07 Files for the engineer/Project files/research/fastener-source-routes-2026-09-08/capture.py,1819,b314a849371154b953b174331392fdfaf6d386d7af9c54b30f53f0b2af7d2eb7
07 Files for the engineer/Project files/research/fastener-source-routes-2026-09-08/captures.json,3334,d93f001b317fe42afad8c5049aa2ec3b3e9899b5a103c88860eddb30715a9fde
07 Files for the engineer/Project files/research/fastener-source-routes-2026-09-08/luchs-m25x8.html,1228653,39cf04269de4225e2fad48cf715f9c64d70676a72912244cd92d0c65251d3c3c
07 Files for the engineer/Project files/research/fastener-source-routes-2026-09-08/luchs-m25x8.txt,237377,2dc6c434efcea760fd32b5a6a7256fe2bfab48ecc703182fd4bd444c5dc44883
07 Files for the engineer/Project files/research/fastener-source-routes-2026-09-08/luchs-m2x10.html,1230032,604059abf53f33c534e10248f6f4243fb018a18e5de936253c316b27e75973a0
07 Files for the engineer/Project files/research/fastener-source-routes-2026-09-08/luchs-m2x10.txt,238046,b40c4abec5891c73af190f286708d173d4cfa592c7977fdc995ffb90d94179fd
07 Files for the engineer/Project files/research/fastener-source-routes-2026-09-08/luchs-m2x5.html,1229166,931cb1d764bdff349132f1e4e3af89c4cb29767fd8c6b30bb88489c5210f322d
07 Files for the engineer/Project files/research/fastener-source-routes-2026-09-08/luchs-m2x5.txt,237843,be6447b1755a0f9f25661afa7f50d6b5392ab87201c8c360eb9d7627c1f17387
07 Files for the engineer/Project files/research/fastener-source-routes-2026-09-08/manifest.json,3393,640ca5786b2fa92f5ac0e3d9806634fa383826d853045a0c99e5203c690596f1
07 Files for the engineer/Project files/research/fastener-source-routes-2026-09-08/misumi-cn.pdf,2791212,8d608d1dbfb9f5d6a3f837805f696fe727df74f35a475a60e760c5780e493080
07 Files for the engineer/Project files/research/fastener-source-routes-2026-09-08/pegnitz-m25x8.html,2075933,ab9a0c1ec3f17b11bee6d318cef8044dc3f2eb3d69991bc290216e80f2c65abc
07 Files for the engineer/Project files/research/fastener-source-routes-2026-09-08/pegnitz-m25x8.txt,691826,b574c744c0401882e60d5d9f08faec3e49389d23e64728737c42a9ab0dbeaaff
07 Files for the engineer/Project files/research/fastener-source-routes-2026-09-08/pegnitz-m2x10.html,2092941,f2ec8f465409ab1415bafce6862189e4bf45a1ed0c2ec0d5121ca934a1ead8e3
07 Files for the engineer/Project files/research/fastener-source-routes-2026-09-08/pegnitz-m2x10.txt,700679,efaef9902c12f905fe49b1d54b8cade39f6bb5042e589acdd4a1d021c9731990
07 Files for the engineer/Project files/research/fastener-source-routes-2026-09-08/pegnitz-m2x5.html,2080090,11613b1a3583beda07031b8a4ef8084526784170a889b796c958aeb7169fc541
07 Files for the engineer/Project files/research/fastener-source-routes-2026-09-08/pegnitz-m2x5.txt,694039,3e8be085b048cbba83e1b9771adf9dea129ff5e7343af2046e4ee765f4ddf6da
07 Files for the engineer/Project files/research/fatigue/ezeh-susmel-2019-ijfatigue-126-319-pla-fatigue.pdf,860168,6539146573d830076e5f3b1ec0feca62fa64d08a255a1487da4e211404d7ae13
07 Files for the engineer/Project files/research/fetched/PROVENANCE.json,5831,96a02a665936899dc5c1317d8bc4d903bb437614397ca8caa0464b6217b9c5a9
07 Files for the engineer/Project files/research/fetched/bambulab-h2s-specifications.html,3295,3377228d447826802628101bd868ca4e8ec806c219c2005deff2db611185c553
07 Files for the engineer/Project files/research/fetched/bambulab-h2s.html,5761,a741d9af38e1b67026751cf3205fd2ce8a18e85feee57cbb408110a8cfa5738c
07 Files for the engineer/Project files/research/fetched/engineersedge-iso286-1-it-grades.html,58811,c728da9e07c1a75bac9b8f568487923764ae90f899d412ea63432d8d20eb2d0f
07 Files for the engineer/Project files/research/fetched/hubs-manufacturing-standards.html,324055,954ac49106f245819b9bcb1c2365f0e0d6d2110e4f33cbab68f0f8fe86716d8a
07 Files for the engineer/Project files/research/fetched/wei2025-polymers-17-416-gear-accuracy.html,206065,f1366277e1efaf4f55733764feb58a15a24d840f4fa1a3a1a38291a0a047777b
07 Files for the engineer/Project files/research/harness-route-confidence-2026-09-08/AUDIT.md,5019,bbf8ec5e88c30dd736d2c9c901096e4be12f628edfd66a11edc1f62b343c9438
07 Files for the engineer/Project files/research/harness-route-confidence-2026-09-08/PROVENANCE.json,1131,1b88ba23b8b5a1a4291bd1fa18083fa42780e47f5723db466ea85134e0e7ab17
07 Files for the engineer/Project files/research/harness-route-confidence-2026-09-08/cables-before.json,30451,02daa2c9b303f6f757a49278d89e047f73f6fe49d0b06270ca95cc0e3bedcbf5
07 Files for the engineer/Project files/research/harness-route-confidence-2026-09-08/camera-regression.txt,103,d03ce458f2a6cd2b4f27522f3aacad03ce1872c028853507c3ad02ca621bdcad
07 Files for the engineer/Project files/research/harness-route-confidence-2026-09-08/drop-before.json,65591,495d92ca05b23595cafeb09b2ea5adeca303dc7bddaea2251f4267f38bd45e73
07 Files for the engineer/Project files/research/harness-route-confidence-2026-09-08/i2s-regression.txt,530,117a6fafe416d98cb6bc37b8d4464f564d7e4a10e52d729ece63a956971d7775
07 Files for the engineer/Project files/research/harness-route-confidence-2026-09-08/test_routes.py,3962,7334ce113e00246379aba542bd8cb5c2d4fb2ba9929fff7c207daaba771c641b
07 Files for the engineer/Project files/research/harness-route-confidence-2026-09-08/tests.txt,867,ca314ed78090f94632cc027fe289bb63db8ef24deb8555659921c8e994e70b0c
07 Files for the engineer/Project files/research/hat-orientation-audit-2026-09-08.json,1439,e95efbe1e1d5fc9aec13824c592daf7977fbc83cfbbce56b67219339b6ebe491
07 Files for the engineer/Project files/research/hat-pcba-rfq-2026-09-08/APPENDIX.html,24186,cb320b7c3345aae971d8ba8cdbca5589a69343abc9962bfb211a599199437168
07 Files for the engineer/Project files/research/hat-pcba-rfq-2026-09-08/audit.json,20875,626d86ae0f60dc47a051eccff896e5e754b056ad63fd413ae5309599e6bda6c6
07 Files for the engineer/Project files/research/hat-pcba-rfq-2026-09-08/audit.py,20234,5bb7a9da7d2876c2477153d6be1e2e92fbdc8a9356efeb554a0109fee35f8338
07 Files for the engineer/Project files/research/hat-pcba-rfq-2026-09-08/conditional-pcba-quote.csv,28495,e4e6455c962700c493664b8e683cd5061e590496c0756b0b6540fb49c609fa34
07 Files for the engineer/Project files/research/hat-pcba-rfq-2026-09-08/manifest.json,7239,a7f521b911b9c774c0e977f507654b4645ebbc44c1c9dec92ce76e86a2f3546b
07 Files for the engineer/Project files/research/hat-pcba-rfq-2026-09-08/official-drc.json,42957,968c643882ddb249464bbc182cc4bdbf819e98c0aeae0834991f1baefc28b292
07 Files for the engineer/Project files/research/hat-pcba-rfq-2026-09-08/verification.json,560,b089dc54868a246b14b56ae26d2cd10e5d03306fc22b4cad96b34ae1d01e9d74
07 Files for the engineer/Project files/research/hat-pcba-rfq-2026-09-08/verify.py,2411,206370e73674a97d7ec457e554e120672ee12fa7dec5b8afe9c131561c14eb62
07 Files for the engineer/Project files/research/head-peripherals-sourcing-2026-09-08/REPORT.html,5625,f0db43c6ce2a63cb47af00f442abd2abc8ef598b7e783af099d3fa65512fc87d
07 Files for the engineer/Project files/research/head-peripherals-sourcing-2026-09-08/abra.html,759823,f42c82b8995422d02b8a9daf799840a4e4279126b23fb072081e6fb392fec5c9
07 Files for the engineer/Project files/research/head-peripherals-sourcing-2026-09-08/abra.txt,42318,ecccabd6cc35eaf0d1a05cd0bc689cce730c7dc3f7f2e95fdc1dc17fb2cdda71
07 Files for the engineer/Project files/research/head-peripherals-sourcing-2026-09-08/audit.json,13789,7b8b63072441b62a9e610803be7f8b62365e477dd623e289b28d9a53b210b86a
07 Files for the engineer/Project files/research/head-peripherals-sourcing-2026-09-08/build.py,11914,a1851442820636a10623f5c37aa79560e3a25865b639e7240f476e81ade2eaa6
07 Files for the engineer/Project files/research/head-peripherals-sourcing-2026-09-08/fetch.py,1876,92dbeda7eda570cf87672732f96088cbbfcc4d8bee614532ef267acfa40b9eb6
07 Files for the engineer/Project files/research/head-peripherals-sourcing-2026-09-08/led_mouser.html,13897,fb5eea7151c1537f4e023f2b029c21196497b84060c4b2bcd5c56eca19c30be7
07 Files for the engineer/Project files/research/head-peripherals-sourcing-2026-09-08/led_mouser.txt,927,307c889907eb66c920b993dddf089a79804bd50a85fde81d16abeaef5fdeecaf
07 Files for the engineer/Project files/research/head-peripherals-sourcing-2026-09-08/manifest.json,2533,aeff0f50049790ce1d78493bdea93bd45571cfc4a3b8295cf7ecfcb7d1c07a5a
07 Files for the engineer/Project files/research/head-peripherals-sourcing-2026-09-08/pn_lcsc.html,374996,b06140ee06d8fa73b2e680d4bbd0385ff017ca19061898193d6f944e16d43ffc
07 Files for the engineer/Project files/research/head-peripherals-sourcing-2026-09-08/pn_lcsc.txt,19482,f0e0db9d5134dd3a45014f7f9f8f00da9efd7b9118f51d20d819437a66478060
07 Files for the engineer/Project files/research/head-peripherals-sourcing-2026-09-08/roadmap.md,25279,025d5a23d54efff68e0642a76c4abfd960eeaddcceb71ea0fdaeea877259a4d1
07 Files for the engineer/Project files/research/head-peripherals-sourcing-2026-09-08/roadmap.txt,25025,3a48fcd4dffd34f0f7e3d03d1a81aec7d60e924a5a254951410b0ca42167ac33
07 Files for the engineer/Project files/research/head-peripherals-sourcing-2026-09-08/st_lcsc.html,371384,716a1c72d799e73d167c7eb613e0bd2930fc4177b86f96557cabac1e5fd3873e
07 Files for the engineer/Project files/research/head-peripherals-sourcing-2026-09-08/st_lcsc.txt,25094,93279704c1137b7a4697a01c80929543a518c9d2192ed6d91e4ad602d421021e
07 Files for the engineer/Project files/research/head-peripherals-sourcing-2026-09-08/thingbits.html,585784,0a3a15b1e5741dd0ac25478bd57123bc708c6fec48fc988507880350057c3556
07 Files for the engineer/Project files/research/head-peripherals-sourcing-2026-09-08/thingbits.txt,3173,5d231c0bd2861477ade4edfb4d492f196a952d4fb9bd914c0eb02ae86e644345
07 Files for the engineer/Project files/research/head-peripherals-sourcing-2026-09-08/tree.json,92262,c87a3639233121d430d4c146fd646f9ee8e0a47418605e5d65fbeaae559f318d
07 Files for the engineer/Project files/research/head-peripherals-sourcing-2026-09-08/tree.txt,92262,c87a3639233121d430d4c146fd646f9ee8e0a47418605e5d65fbeaae559f318d
07 Files for the engineer/Project files/research/imu-contact-identity-2026-09-08/7V_converter-releases.json,3,37517e5f3dc66819f61f5a7bb8ace1921282415f10551d2defa5c3eb0985b570
07 Files for the engineer/Project files/research/imu-contact-identity-2026-09-08/7V_converter-tree.json,353,6ac5e07abcd6f24965a14201b9a0d685c7b9fca6bafe766f851ce3a61475a32e
07 Files for the engineer/Project files/research/imu-contact-identity-2026-09-08/7V_converter_README.md,453,1e02e9273f5d4dfd44790b9ef94ea16282f5896aef910385409b5cd01716ab4f
07 Files for the engineer/Project files/research/imu-contact-identity-2026-09-08/AUDIT.md,5421,e050f0e1c5620b8b2344b8a545a92e2a96600db0f2f2fba542409efed0ffff4c
07 Files for the engineer/Project files/research/imu-contact-identity-2026-09-08/PROVENANCE.json,1954,bf11621775da127c4bcfa37bb9019cd6e2aadb208ae279c67a9d3780c34c3c81
07 Files for the engineer/Project files/research/imu-contact-identity-2026-09-08/docs_project_slice-2-bringup.md,8098,ef8c2c6becdd9cefd0936556375389b9ad035b18ef39afeaf0f2d4f9a976091a
07 Files for the engineer/Project files/research/imu-contact-identity-2026-09-08/elec_RPI_Robot_HAT-releases.json,3,37517e5f3dc66819f61f5a7bb8ace1921282415f10551d2defa5c3eb0985b570
07 Files for the engineer/Project files/research/imu-contact-identity-2026-09-08/elec_RPI_Robot_HAT-tree.json,1447,d8047cdb5c1d321980fc047848567cca7b15a0466d9592fa9ed4e06d8d2b385a
07 Files for the engineer/Project files/research/imu-contact-identity-2026-09-08/microduck-releases.json,37258,152c932be784593abfaae7cc5bb23f3dd70a3aee452b2944bab076f40ce809f6
07 Files for the engineer/Project files/research/imu-contact-identity-2026-09-08/microduck-tree.json,11620,96a59a8c3a052cc8d6e69cfcabd5f312bbf432c3e95b9a70adbd2084cb18f6b5
07 Files for the engineer/Project files/research/imu-contact-identity-2026-09-08/microduck_rl-releases.json,3,37517e5f3dc66819f61f5a7bb8ace1921282415f10551d2defa5c3eb0985b570
07 Files for the engineer/Project files/research/imu-contact-identity-2026-09-08/microduck_rl-tree.json,14313,79aa8cdf448d08f1a71f104076d85cb1270ef1a42fcbba71f18049c964d5c772
07 Files for the engineer/Project files/research/imu-contact-identity-2026-09-08/org-repositories.json,36419,a23a40f4b3ed4035385368897cdeb279ffad430e0a89da6c6e4f967ad9549c81
07 Files for the engineer/Project files/research/imu-contact-identity-2026-09-08/power-supply-board-releases.json,97,99a55db8d91f295b3c0c53bf0c0cce7bc84d35e5de3525949534af9cffcac86a
07 Files for the engineer/Project files/research/imu-contact-identity-2026-09-08/power-supply-board-tree.json,741,e985f542c5c58bc2660f96930a4c8a84b07536ca49af58bfe949febb79e36c71
07 Files for the engineer/Project files/research/imu-contact-identity-2026-09-08/power-supply-board_README.md,700,8b131083254c6266532252797da39c7b0bad73bcd2567b68400c2823d459fdc4
07 Files for the engineer/Project files/research/imu-contact-identity-2026-09-08/rustypot-releases.json,520,6fed53d6d6249d6afce36eb91187d23ab012b8d1dab799465869a45a2ffc8f7b
07 Files for the engineer/Project files/research/imu-contact-identity-2026-09-08/rustypot-tree.json,1868,091d3c2159f427fb307b215972422a212f8b29ded314d91b2c29bc91b47049d2
07 Files for the engineer/Project files/research/imu-contact-identity-2026-09-08/scripts_setup-board.sh,52185,43ab00d003a874b54915e86a5c99d8768fdf209d4b07851853e7d390dc6ff751
07 Files for the engineer/Project files/research/imu-contact-identity-2026-09-08/search-LSM6DSV16X.json,345,cd291db9c4ff05b4df050854817ae4a1f80283596136767e36c3f94af849b972
07 Files for the engineer/Project files/research/imu-contact-identity-2026-09-08/search-banana_pcb.json,3803,ecda8b77cb0329b15cff01ce40f9e099d8c6f7e00491e60e1b5c44d8162e5410
07 Files for the engineer/Project files/research/imu-contact-identity-2026-09-08/search-imu_to_dxl.json,2421,1669bef87923ad78fa92811f98f0efffbde5bae05b810eee81d188be58b89372
07 Files for the engineer/Project files/research/kinematics-tables.txt,32943,fb04ac9e873d627683e4e3a8f837cdc776f38f5f37dea19b176a0c3d17f5b6fa
07 Files for the engineer/Project files/research/microduck-elec-grep.txt,190902,351906fe17d25e11bab2fc79eb84ada12de60007b952a37dff399f83822ccf8d
07 Files for the engineer/Project files/research/official-hat-audit-2026-09-08.json,3570,28934a92aa014be64b2a29fb12d352202c2045418ed15cd6ee5af3feb2550c1c
07 Files for the engineer/Project files/research/open-item-hold-corrections-2026-09-08/README.md,1063,77a4092034498a38894756545e3a4cd475551455425cb1c6c1d14a5ab7a90058
07 Files for the engineer/Project files/research/open-item-hold-corrections-2026-09-08/superseded-rows.json,6544,9b13e8adcb6b7fea510d4dd6409720835f8381576faf928470a401bf2d265b29
07 Files for the engineer/Project files/research/open_duck_mini_v2_bom.csv,8736,aca4e86823c006efe3af2d8e17e3d95da10bc41a0d0de887c554ebb443bd84e8
07 Files for the engineer/Project files/research/original-cad-access-2026-09-08/REPORT.html,7344,5a4c5ee541ea833d97b4e9f2da8caa250118b1137adec87235d3d1c7ebacdbac
07 Files for the engineer/Project files/research/original-cad-access-2026-09-08/audit.json,41564,0bf13ec70e031b92e309983f682a88fe64e83cefa656af81dc4307164a90ca2c
07 Files for the engineer/Project files/research/original-cad-access-2026-09-08/build.py,11517,1150e2ba5c4159579ed3d8c9f46f9595ac91b21bb093d15f8ea88783ee6d704c
07 Files for the engineer/Project files/research/original-cad-access-2026-09-08/doctor.txt,687,16131438ea9f86ad9e822e1ed34ee62d907204999248ec026959c2add023d0f9
07 Files for the engineer/Project files/research/original-cad-access-2026-09-08/document-api.txt,147,f7a74e284656af0fdeabda220f970175616157a86cb0d1c073334452cb3491c8
07 Files for the engineer/Project files/research/original-cad-access-2026-09-08/document-page.txt,1542,f2f1cef93bc7c05b00b74ce67214100252b6dde8f06ed225a939a02eb88ea9aa
07 Files for the engineer/Project files/research/original-cad-access-2026-09-08/elements-api.txt,142,d78e68572370ae5a4f6b34dd81c73af8554506d87bfa294f11c515c9b5c1a1ab
07 Files for the engineer/Project files/research/original-cad-access-2026-09-08/guest-browser.json,652,c4961a0836d0241ed028dc3a2969f3d19170ca1827d827ee476096b74e1b72fc
07 Files for the engineer/Project files/research/original-cad-access-2026-09-08/guest-visible.txt,72,a076241e7628d4732be12dc5a33cbb34197ba86811afb0176a608c2922e02f7e
07 Files for the engineer/Project files/research/original-cad-access-2026-09-08/guest_browser.py,1379,8714d9d01be968d81482a493d4383913b7e7d73d4a0d0fc6deed3046fe88f1fb
07 Files for the engineer/Project files/research/original-cad-access-2026-09-08/manifest.json,2793,99f6fee7c016b109f8e4d29f71ba7391db4ca26955d1b3dd1052f8cc67586076
07 Files for the engineer/Project files/research/original-cad-access-2026-09-08/official-auth-docs.txt,43484,60461f1f57495c89c6638a2bfd145345faf1c76e83121ecb08357a1ceffd9014
07 Files for the engineer/Project files/research/original-cad-access-2026-09-08/official-export-docs.txt,86873,1758e0b039d5b4ab0ae0c50d142bb26f29fd9b33a50d8b8eca1553bb2f85ea98
07 Files for the engineer/Project files/research/original-cad-access-2026-09-08/part-identities.csv,11161,2e097141fdf8682eeeb2269b587fc512cd45e407df98f2f10f1aea4fd9efa851
07 Files for the engineer/Project files/research/original-cad-access-2026-09-08/parts-pinned-api.txt,55,ae0fefe09bc9ad086bac27a5fd90d46c6ae46adf8701fafce272f6fe15120459
07 Files for the engineer/Project files/research/original-cad-access-2026-09-08/pin_sources.py,1047,cb99a84328483c1a572f569aa622104edcffd9c4446b574f8d6f7c6d23662b01
07 Files for the engineer/Project files/research/original-cad-access-2026-09-08/pinned-sources-initial-path-errors.json,2017,4677eb6f42896b5d8bbadf2f1b894aa52c5366981c075e30fcac1d20b25cdeac
07 Files for the engineer/Project files/research/original-cad-access-2026-09-08/pinned-sources.json,2830,2d492e4c0fda0b371c79fb72aac83638b7ff75af6c36c300e3b026e4a6d33b23
07 Files for the engineer/Project files/research/original-cad-access-2026-09-08/probe.py,1754,ec09593b36909d5c3d8c7e2953c88a749a765d4a332d5c2a0b3ce666aedf2af7
07 Files for the engineer/Project files/research/original-cad-access-2026-09-08/source-comment-addendum.json,335,1e49d8e0f674df74fcfd7bf26e6da602e9495473130cb23095e0a84571519014
07 Files for the engineer/Project files/research/original-cad-access-2026-09-08/upstream-config_mjcf_allcollisions.json,1496,a557bb21f6e38389450d448a02eb1b13ab7a679179e17e283d1fe79988ac9d9b
07 Files for the engineer/Project files/research/original-unit-route-2026-09-08/BRIEF.html,4966,f9ed360ae4a04b563ed21c2fa04dfee5fad8a54d6e9fefc4de6ffbb5a92ff81b
07 Files for the engineer/Project files/research/original-unit-route-2026-09-08/INQUIRY.txt,1815,b29fc739b76ca194083c6ac7115ef339df4ad2f62cd342693ce8dbde5fe15919
07 Files for the engineer/Project files/research/original-unit-route-2026-09-08/build.py,8738,eab6cb3927d0dc34271b5cffd255e284838c60b7f291b9c09ff292f724e825cc
07 Files for the engineer/Project files/research/original-unit-route-2026-09-08/fetch.py,1089,94426188da6bad1487902adb48829118a794672b050a4a777afc7f409c6a72b7
07 Files for the engineer/Project files/research/original-unit-route-2026-09-08/landing.html,319642,9d81a8ef5f856372d86006a0c9ba298b13bade8f44ced87adabf3c9eb7af9a8d
07 Files for the engineer/Project files/research/original-unit-route-2026-09-08/manifest.json,942,50a37dac45a320eab11af6484c96e11fbc15ca108db711ba0a8090df31bae8cc
07 Files for the engineer/Project files/research/original-unit-route-2026-09-08/product.html,380576,2dd88e12e2fd76d5c3c40856d17961ea84e918993d0f6eacc2069751d69d1502
07 Files for the engineer/Project files/research/original-unit-route-2026-09-08/route.json,5833,b51de6096350fc96e1a31eafe4b70bd24d397c78bccd56fcf0aea1b4dcb4857f
07 Files for the engineer/Project files/research/original-unit-route-2026-09-08/shipping.html,198811,83207433a41572d72ad11bce25a24e1d65ed07d4258605f3051bcdec4e7b3d3e
07 Files for the engineer/Project files/research/original-unit-route-2026-09-08/variants.json,18449,eeeeea8b18ee30edc268fae40e545ae4c727c0372a6f3aaa385ddfdf365f0e82
07 Files for the engineer/Project files/research/raw/SaberOnGo_open-microduck_README.md,6420,808c0f77eafceb9fcde499cc3247d69588d04083eaba2b8887e4b247a53e2ada
07 Files for the engineer/Project files/research/raw/blog.html,128591,ca14df5ac37af8e1985e893708ecd92c7e49696c87790879fbaafe3d9d03743d
07 Files for the engineer/Project files/research/raw/blog.txt,7548,ce15c3566667ba5d505ed1b8b88160eff201740e8286576fd9540fde20c0179b
07 Files for the engineer/Project files/research/raw/community/omd_community-bom-reconstruction.md,6109,bf86589450abb8e00dc32b0d7aa6913717caaef745d709baf1b8ec52f308657a
07 Files for the engineer/Project files/research/raw/community/omd_component-datasheets.md,5772,29bf32d9e4a3dbe7b805f5867a3f04e7806dc952cdd61e4ab093638963b63ecf
07 Files for the engineer/Project files/research/raw/community/omd_electronics-and-buses.md,8566,97ba8b0f8fe1179d3f2a347d28ff0cf6f1d943ae78b3ccfaf489a1753be3990c
07 Files for the engineer/Project files/research/raw/community/omd_mechanical-structure.md,6730,5ad3e009cf16708c8b198e775d4e525391bccc2f250b0d5f06f257e4a59212ee
07 Files for the engineer/Project files/research/raw/community/omd_official-specifications.md,4422,809534e151cf4d27eadbe492cb4f1ed2af128c485ee9d73c4fe9ab2335e3d6cf
07 Files for the engineer/Project files/research/raw/community/omd_open-questions-and-conflicts.md,5372,4f3878a0342ec27412c94004eebd527f6f290e50a52e721cb4e11bbc8bf14c72
07 Files for the engineer/Project files/research/raw/community/omd_parameter-reference.md,14085,b53fc78368407c3b5a9c170ee566d7c6dbe264664369db2a5d5569b0c47ed329
07 Files for the engineer/Project files/research/raw/community/replica_README.en.md,10907,69590933700d4009666751ee95df1bb7acbeabe683be549f1c8d0f2139275821
07 Files for the engineer/Project files/research/raw/community/replica_actuator-selection.en.md,21789,11f76a979366963f30e57d635debd648dfdfd3d1d86881d1cd3a55672357fdee
07 Files for the engineer/Project files/research/raw/community/replica_fastener-reconstruction.en.md,5175,5fb860fd9e28db334564c237a550b043301c7e4527fc06ade3ab3d65a2e2ac8f
07 Files for the engineer/Project files/research/raw/community/replica_hardware-teardown.en.md,18764,700b14b06e4419f939136f86e34e0bf706689c1d5ef0078e691e715d3f989d4e
07 Files for the engineer/Project files/research/raw/deploy_robotd.toml,22362,6d5446c01d2aaf900842bcc0a2cfb6e63c4c99193ff43e940ec662023e84b69a
07 Files for the engineer/Project files/research/raw/fanhao375_microduck-replica_README.md,7338,1281fcaab28411fa93147a885da3c63bf79404883f4d7f538027a288bd35800c
07 Files for the engineer/Project files/research/raw/hn.json,124562,60115d82dcd16269f01eea577e496caebac1a9c31e3cd240636a9abe29cfe8b1
07 Files for the engineer/Project files/research/raw/microduck_constants.py,10380,b846c0e99ac340b0c6a0c35da686a7c5fd2fd84ef6cccaed15255fcbfd30682a
07 Files for the engineer/Project files/research/raw/microduck_main_README.md,4930,f7f5aedb7e0e9f6cbf1841e2f07e25bb5f89bd3430e55314ae1a64a2868ba9a7
07 Files for the engineer/Project files/research/raw/microduck_main_docs_design_architecture.md,36328,313bc1d1900da2f68f4d6473ff9a7f4901d466336ab06d87bc4dec2e109f76c5
07 Files for the engineer/Project files/research/raw/microduck_main_docs_design_robotd-design.md,57688,f57480d394a21ceebef1cfc09225bd8cb8a15cca182417b4f9bdce8258e72103
07 Files for the engineer/Project files/research/raw/microduck_main_docs_design_updater-design.md,84705,26994ccc26708faa12f731b284e049774241163ffdf04464ff96f972c7881c63
07 Files for the engineer/Project files/research/raw/microduck_main_docs_ideas_autonomous_behavior.md,6703,3eb2d06bfacb611cc91755ce9d5a3e4341757cac71efde8b19dff61148fb47e5
07 Files for the engineer/Project files/research/raw/microduck_main_docs_project_media-bringup.md,32851,0b9d434b86d19771eb0a7ac5f0d89937f0e4c4e273fc93bd0c2809c190a5350e
07 Files for the engineer/Project files/research/raw/microduck_main_docs_project_npu-bringup.md,6225,8eaa0629e19e90a05cd1ab36aea703aff0678c126bfe8db6b88fe3a16793cc87
07 Files for the engineer/Project files/research/raw/microduck_main_docs_project_roadmap.md,26212,2e2a2a4d6a5c91d4eafb81faeb1d0a2324ba9741fe1645b8bcd19f85ac45c5ba
07 Files for the engineer/Project files/research/raw/microduck_main_docs_robot_cheatsheet.md,33123,7e947277aeb0c17eb49c41b809f09265e2e4e4de34b3f9536302285c7c91177a
07 Files for the engineer/Project files/research/raw/microduck_main_docs_robot_duckctl.md,14058,b0147f7d2a45fda7cff9aebc133c9fe59642f2f5720b48c53b86837fd80e2c0e
07 Files for the engineer/Project files/research/raw/microduck_main_docs_robot_install-by-hand.md,4394,a1ac50910e47951c6634ec63df0b75ac06c8d55735801383732cfc3741cd06c4
07 Files for the engineer/Project files/research/raw/microduck_rl_main_README.md,9290,cac2fb08c302f3b282d0f6acc4ca56f2a151be60becc20f08b84dc7913658259
07 Files for the engineer/Project files/research/raw/microduck_rl_main_src_mjlab_microduck_robot_microduck_additional.xml,611,958010af8e09a2ac7a79797d1aead327435e5201b3c4df0f2f7220f3c2c42941
07 Files for the engineer/Project files/research/raw/microduck_rl_main_src_mjlab_microduck_robot_microduck_joints_properties.xml,1780,6a4481a9279ffd92139479e67515df7b3510799ceb648c18fde0d58c300eae86
07 Files for the engineer/Project files/research/raw/microduck_rl_main_src_mjlab_microduck_robot_microduck_robot_allcollisions_rollers.xml,35688,c201a72ecbc4dd8e110c840cb79b1647aab59e6c76db7369a88c34a33307447e
07 Files for the engineer/Project files/research/raw/microduck_rl_main_src_mjlab_microduck_robot_microduck_robot_walk.xml,32017,07af5e482200dfd2a7bf80ddde371153c88768a3a5aebc2f58ea42136fc7dadb
07 Files for the engineer/Project files/research/raw/microduck_rl_main_src_mjlab_microduck_robot_microduck_scene_rollers.xml,2439,b22987450ae4d8e4656d6f236390ef0d01ad316560f645a557a2d18c4b45dc2d
07 Files for the engineer/Project files/research/raw/odm_bom.csv,9024,c2054b828eab0e337fbdfe2bb680d68cd1be56ffafe91ac6db3b7efd724a36a8
07 Files for the engineer/Project files/research/raw/odm_docs.json,11670,ca9a5d5e913f3dd99f7844a921998a441b16fbac5a4291aa5b0b8714c7cf0d71
07 Files for the engineer/Project files/research/raw/presskit.html,322442,b6e7556e675dd10eaedf9c8fc081fc9942bd9feb1eea10b0fe4b375f7f2be87a
07 Files for the engineer/Project files/research/raw/presskit.txt,6982,78f53c61e9118bf7b2b582b54b47b2c7641b1511ded04285c8daffdbcb6aaa6c
07 Files for the engineer/Project files/research/raw/product_page.html,319642,9d81a8ef5f856372d86006a0c9ba298b13bade8f44ced87adabf3c9eb7af9a8d
07 Files for the engineer/Project files/research/raw/product_page.txt,4622,ef0ef0651d5b64d4be2020886caab8dfcba341e8133ddb0ff012d1ebd87a3d1a
07 Files for the engineer/Project files/research/raw/stl/ankle_left.stl,248984,98f14ba6e6cd138740aa822a615aaa0db34527d499c40b2379aacd13427a1379
07 Files for the engineer/Project files/research/raw/stl/banana_pcb_locker.stl,69484,a176364f824248b5156b37f2fd5c6b8bdfb24cd08be7ed6b3faa10b4db14a9cb
07 Files for the engineer/Project files/research/raw/stl/bearing_roll.stl,121084,2b30cbdb110c5cca7092a9b2658c9e899e294bf2df71635828858e1d1a20abfe
07 Files for the engineer/Project files/research/raw/stl/bottom_head_shell.stl,1048584,3ce9532854a712c93e00e0fd2bbc2ce6b1c45f9418fd29d6e82f6ad8af8fc1af
07 Files for the engineer/Project files/research/raw/stl/elec_rpi_robot_hat_pcb.stl,942884,45b904bcb378161d274d313cd067d3967305db0bf22c0955530145e18cdd2cd8
07 Files for the engineer/Project files/research/raw/stl/foot_left.stl,996184,5de2622a7b894e0fc9988dc6cff6579ee1dc818ffaddd0319f49cf5d5bd05587
07 Files for the engineer/Project files/research/raw/stl/hip_l.stl,1048584,02bc777ce76a31b3d5c415188f8268b989f4eca57bc440a2900825ac459dec38
07 Files for the engineer/Project files/research/raw/stl/jaw.stl,495984,65c300349113d3c6cd4a2cc587f76f7228115565a854492e42358ba8df71796a
07 Files for the engineer/Project files/research/raw/stl/jaw_soft.stl,336384,61a426890f748713d45a9c0844149bcb0340d326f75295dcf7de2a4d768cbc85
07 Files for the engineer/Project files/research/raw/stl/left_shell.stl,1048584,efc16f55a4c32d21d74bf834faba27346788f154e29b40850cbcc69fda2f2396
07 Files for the engineer/Project files/research/raw/stl/leg.stl,738884,b57d55ec2504dfb90b07bfc781dbf9b4bb6560becaf1dddbadd6a3914fdc423f
07 Files for the engineer/Project files/research/raw/stl/lens.stl,93684,1549b2dad784d1a4c505c1ca62bffce6ca4e9b22c9273b37d6cda1c8bf2ca127
07 Files for the engineer/Project files/research/raw/stl/m12_lens_holder.stl,549684,7a9989bbe776ddd7a268013e63cdf0efc2fdae245ad2754a6b18d6bfbe21c2ed
07 Files for the engineer/Project files/research/raw/stl/motor_support.stl,180884,5a741ee0dc71b349b8d6def4bffb826c4b9304c47cf0f00ffd1a3140b9205220
07 Files for the engineer/Project files/research/raw/stl/neck.stl,73484,ee5d4cbc51f64c43cd9c15f82709be93b5bd3f080013726d1d39c329c85050b9
07 Files for the engineer/Project files/research/raw/stl/neck_pitch.stl,356084,b9aed695e03da3819d244ecc66f1ad2d3c5c435f759403bb9e0f3b9ca2876453
07 Files for the engineer/Project files/research/raw/stl/np_f970.stl,1048584,979ca81251d4ec5862b6c987b46095aa07d0534ca1ec15f3cf438bbf7189deda
07 Files for the engineer/Project files/research/raw/stl/pcb__raspberry_pi_zero_2_w.stl,1048584,0608b3cc7d15e479ae3a275c03096df44322ed06a8dbfc59fe790c46b3690753
07 Files for the engineer/Project files/research/raw/stl/power_support.stl,641684,cb43ba9351f51559f49ffc89679478288cfe6e9682b31898397406165b520cbe
07 Files for the engineer/Project files/research/raw/stl/right_shell.stl,1048584,484779f2bbe856f212d96a152550bb6834fd3c69603da315b6f70d1a3766d120
07 Files for the engineer/Project files/research/raw/stl/soft_mouth_top.stl,393584,16f662c82bd3e24f0e64ee22b6b549b9a2a76f6de7b7477b9f89f5861f3e91a1
07 Files for the engineer/Project files/research/raw/stl/sole_left.stl,789484,db35f3b231c075fe1f9cb5449e7a698fb8ea97362daf8432be3e9700c2067574
07 Files for the engineer/Project files/research/raw/stl/speaker.stl,684,694064a99dbecd48aea6122232ff1051b085e59ccbd4c53d8c32640105b4e826
07 Files for the engineer/Project files/research/raw/stl/top_head_shell.stl,806084,bc64288c0d54e13ec907256c2b99535937d370af1410de498905ec3cf8d7c3df
07 Files for the engineer/Project files/research/raw/stl/trunk_base.stl,184984,fabfecefb73fbdc027e0fc8fc482a3857b86682a8dac0ca2ed88ae3011c01659
07 Files for the engineer/Project files/research/raw/stl/trunk_shell_left.stl,708384,508bf1436c09bb5acb27568b157477f74ccd985f5cb0911a0d0e25d178882772
07 Files for the engineer/Project files/research/raw/stl/upper_leg_left.stl,612584,b84e46d681cb971029e421c252de85e2f31e8858abee610dc26cd18037ef0224
07 Files for the engineer/Project files/research/raw/stl/xl330.stl,206384,c9f6bf7dd9d8b307a4174b40ff12517b3ea470e5535319a5b7dcce4ba52cdfe1
07 Files for the engineer/Project files/research/raw/stl/yaw2roll.stl,620284,56ce1110e43c2279c6580f79a2a8c9e3f91b3bf5cdf8cf00b1caa3cab127a6a7
07 Files for the engineer/Project files/research/raw/stl/yaw_roll_motion.stl,290784,41149f07f2fb4f2c62b589b3e43c17bedbc57e17d2de5d4e22c4f4e4d3e73dc7
07 Files for the engineer/Project files/research/raw/store_accessory.json,5937,a88b0c718fe923fdfbadc5408cecc085ea82c28e16f02f5400e704edeccf4958
07 Files for the engineer/Project files/research/raw/store_charger.json,3311,cfbe2e62a3545899a0e761125ab0478cbbe0a677fad0c601c49cea919c7b5cc1
07 Files for the engineer/Project files/research/raw/store_devpack.json,4312,e092c69644d8eeb718142915efa55802f11e5060a77a88149539686a014ecb58
07 Files for the engineer/Project files/research/raw/store_microduck.json,10899,04c397b5baae43b5cc0a92d0f8b01acb5b9f81faadcde09cb2a40de559f20b62
07 Files for the engineer/Project files/research/raw/tof_README.md,14,d5558cd419c8d46bdc958064cb97f963d1ea793866414c025906ec15033512ed
07 Files for the engineer/Project files/research/readiness-claim-audit-2026-09-08/AUDIT.md,10121,b959eb05eb4ef54b466576714cb7cd253506a6268b312aa32a6adcf8d08eef01
07 Files for the engineer/Project files/research/readiness-claim-audit-2026-09-08/PROVENANCE.json,1994,8244aaaa8e8fdd43dadd01bc31a93b074357af61a304da1d8283ab869efaab6f
07 Files for the engineer/Project files/research/readiness-claim-audit-2026-09-08/generator.txt,415,ab049e6d4b547a4a3122336c7c477b5557c45c47412ceaef831e5940e083bf27
07 Files for the engineer/Project files/research/readiness-claim-audit-2026-09-08/power-tests.txt,104,065c7d15facfd20f14fb9182747be315f3349fa1d5e1a0e966047509f4bfa9b1
07 Files for the engineer/Project files/research/readiness-claim-audit-2026-09-08/superseded-power-procedures.json,12061,6b15bf046346761da05c3510bffb50b22370db67f7fab507a0dfd8a8f4014ce0
07 Files for the engineer/Project files/research/readiness-claim-audit-2026-09-08/superseded-servo-assignment.json,4453,ada71d0db33263d15e8701006a4f33c2d58c52d94aa3d5250cdb6866c825c8da
07 Files for the engineer/Project files/research/rfq-source-corrections-2026-09-08/REPORT.md,2832,467803cee99da9da1be7cf6294437f86af74d07bdc65141cd142276b0c4cb63e
07 Files for the engineer/Project files/research/rfq-source-corrections-2026-09-08/generation.json,1085,e73d7d2313ce3bccef03539a0a7782aea974fa917f9e88c6c649f2b0ae3816dd
07 Files for the engineer/Project files/research/rfq-source-corrections-2026-09-08/provenance.json,783,b902b298aa39ab1dd09bebe4ec1be3fe6fd234d86fdf074186b3b75bcf328fc2
07 Files for the engineer/Project files/research/rfq-source-corrections-2026-09-08/sourcing-before.json,186673,6e5b7860b2077ca8c30aa311227789e2d88a31bbf7d4dfa7c2bcd26d26cbbd4a
07 Files for the engineer/Project files/research/rfq-source-corrections-2026-09-08/superseded-rfq-records.json,4823,253ceb31b7c2e3ba87cc0158f2d8ff8ffe1b3131ac4291a603628c7382277402
07 Files for the engineer/Project files/research/rfq-source-corrections-2026-09-08/tests.txt,127,810e8e39f96351f649a49beb06c8c4567a41117d11c9885b12ff2345845fbb50
07 Files for the engineer/Project files/research/servo-capture-tooling-2026-09-08/README.md,6051,1e96b1f8f01526a4d4e49dd1bb75e6d5f09788cf9009e62006d2269779ed9610
07 Files for the engineer/Project files/research/servo-capture-tooling-2026-09-08/synthetic/manifest.json,804,0e7f9263d021827e283c087c5b426ba790ce8bb0e2b283de4dcfcdeb375cf927
07 Files for the engineer/Project files/research/servo-capture-tooling-2026-09-08/synthetic/servo10.json,2196,49c74d886012c55fc2ceba5c77f6f9ca14534797f0fccbe670049735341d7ed8
07 Files for the engineer/Project files/research/servo-capture-tooling-2026-09-08/synthetic-result.json,7922,81ee12a87bc18be2b7b4694eaa150907c20ac476f667d2b7e4165a3003b23332
07 Files for the engineer/Project files/research/servo-capture-tooling-2026-09-08/tests.txt,113,331959bbcb42fda65b7ec484e2ccb48f0254c2e7bc282132c48b8469208573a9
07 Files for the engineer/Project files/research/servo-fastener-restriction-2026-09-08/REPORT.html,2139,53552e6e5390890b39b2d8395b6dd165041c61faee3ac6e15404ba1e0e3b4da0
07 Files for the engineer/Project files/research/servo-fastener-restriction-2026-09-08/audit.py,4131,02a0431cf8195536441c1a8c9c7c7ad660d5c8d1f1987de3a28b1418a2fcdb92
07 Files for the engineer/Project files/research/servo-fastener-restriction-2026-09-08/consequences.json,337813,eed2cf24e37f5764ef9058adefb9b86441c843dcc145a9983b95b9e0dd215eb5
07 Files for the engineer/Project files/research/servo-fastener-restriction-2026-09-08/current-application.json,723,18339068ec0709bdb78778b7210ec5c891ed79f811b904ada2c8ddcc6d39048b
07 Files for the engineer/Project files/research/servo-fastener-restriction-2026-09-08/historical-runs.json,553075,82f1403719d94f9c7dc890ebc3226b256d0e08d35e1927f2a77737f2d5ba8479
07 Files for the engineer/Project files/research/servo-power-audit-2026-09-08/AUDIT.md,6179,07cf9e20b5b24d9f986725ad195eb3bea8de9899de97374c29493d1b874d8597
07 Files for the engineer/Project files/research/servo-power-audit-2026-09-08/MEASURED.json,607,0391a5bfec0caa5561763199079c2f9e5bc1337b3db73bfb2fb1c71cfd8ed6b2
07 Files for the engineer/Project files/research/servo-power-audit-2026-09-08/PROVENANCE.json,1356,d17f3dec093237390dd27ced2819e3d82abaf939945e542c50d4a0ce216a895d
07 Files for the engineer/Project files/research/servo-power-audit-2026-09-08/deploy_robotd.toml,23143,11bfce6974ebf988ec4fed07be2581a61156e379c4f5a48dfd2b06aded153222
07 Files for the engineer/Project files/research/servo-power-audit-2026-09-08/robotis-xl330-m077.html,359078,967898feb737c6cce1009f492f427fafe81ce9cffbdc8fa7187e45e152237392
07 Files for the engineer/Project files/research/servo-power-audit-2026-09-08/robotis-xl330-m288.html,359049,a336b9e3333295355870c48ccd99736596d175e61cf9b52f5b4602b0f67806b7
07 Files for the engineer/Project files/research/servo-thread-verification-2026-09-08/AUDIT.md,4048,979157f8c032d69a4c1b3bdfa712052b53072047c531d4e52180cf7f3a02335e
07 Files for the engineer/Project files/research/servo-thread-verification-2026-09-08/bom-before.json,8547,56a23adffce62b23e27f2018c04cfe84506d35c7cbc0c4a833e6c4326063100d
07 Files for the engineer/Project files/research/servo-thread-verification-2026-09-08/connection-check.txt,551,9b581af290f57e97f38c45afbb082b6f66c8a80fd4fbccb4931a4684b0c79a03
07 Files for the engineer/Project files/research/servo-thread-verification-2026-09-08/exit-codes.json,113,c50a63d107c1b4b5896c3a120ac637bc912895c86222578fc69dbe7ae68fe34a
07 Files for the engineer/Project files/research/servo-thread-verification-2026-09-08/joints-before.json,92805,b82170bf054b2561e7e580dc0fe0d909f4f3ea1dd6b3efc615326674af1cca66
07 Files for the engineer/Project files/research/servo-thread-verification-2026-09-08/placed-before.json,110608,31f97da6c934276e6f9f76f14714cbd1af76aea0e31a5039378dd18d0a1f244c
07 Files for the engineer/Project files/research/servo-thread-verification-2026-09-08/placements-before.json,138429,c77ade95f0707fcd5d78e238f567851be6db1226d3a5f6b6b66083859c9b3957
07 Files for the engineer/Project files/research/servo-thread-verification-2026-09-08/test_thread_identity.py,3396,199ec35086a61cb03ae321bd8d40aaadab84d499d38c32e3ba0e7ed6702e3ba3
07 Files for the engineer/Project files/research/servo-thread-verification-2026-09-08/tests.txt,897,634b652c1f61fe05bfb4736551364829f507cb219005c31e203be59e5695a7b2
07 Files for the engineer/Project files/research/servo-thread-verification-2026-09-08/triad-check.json,12457,081b5c39af5e0694cc83cd4dfe35bff351a8f8cb385c0bf35972f1f29a944a87
07 Files for the engineer/Project files/research/servo-thread-verification-2026-09-08/triad-test-initial-unmarked.json,4627,cd6035e2842035f016e1d6ab346babde677c9972e2a3d3194d55a464d60da79d
07 Files for the engineer/Project files/research/servo-thread-verification-2026-09-08/triad-test.json,52098,d37c16face7b48105debdb1ba176bd1cb283da7955ecfb65fd50b0c5d1fd9d61
07 Files for the engineer/Project files/research/tds/ninjaflex-tds.pdf,192901,3caeb7e9e58b36cb8fbefe5d417829ce96a443da13510b1f7775940ad9039dc0
07 Files for the engineer/Project files/research/tds/prusament-pla-tds-2021-10-en.pdf,1593806,68c8298b9329a7b0e5f8d35cf4cb0172708184f7d4f95491643163e4f140b1b7
07 Files for the engineer/Project files/research/tof-power-sourcing-2026-09-08/REPORT.html,10994,fe91ae94ace09007f586d917649f28d0e0ad3103f0fadf8f74ff055935b1395d
07 Files for the engineer/Project files/research/tof-power-sourcing-2026-09-08/audit.json,19123,183db5b3409a004ecf8f40aaa37ce379879b60a3b107885ee07b88de68937728
07 Files for the engineer/Project files/research/tof-power-sourcing-2026-09-08/build.py,12274,ead1b69aabe7c8c54867a3714b7316f6a43255c9db615246c2df46ee5728dd41
07 Files for the engineer/Project files/research/tof-power-sourcing-2026-09-08/deity.html,68271,6b1d1b7bbc4be35c4436fd7f74cbbe5513f2288a734b82bb498b393faed38d5a
07 Files for the engineer/Project files/research/tof-power-sourcing-2026-09-08/deity.txt,2211,812d8ddb1eaf672e0ccda92671748b37e3e614a28b3761a12e53728551de2a18
07 Files for the engineer/Project files/research/tof-power-sourcing-2026-09-08/duracell.html,90111,929b57cba52ffe106a8511cc974aa3b15a4b5052ad6664a5dd436e845bfbfd0f
07 Files for the engineer/Project files/research/tof-power-sourcing-2026-09-08/duracell.txt,1931,0a2da7b9355654d29b341c1bf1742b423c5af26238f6e1cf72cb553f25494407
07 Files for the engineer/Project files/research/tof-power-sourcing-2026-09-08/fetch.py,1350,b70967c34b2d0a9c0cd11007176ce98986c7f30288cf7fc83c874079a16ccd61
07 Files for the engineer/Project files/research/tof-power-sourcing-2026-09-08/kinefinity.html,119602,2f546ddd577a2181bf1e13a834adb18d7b23f63abffc5218ba9e1d0c6f7d79bc
07 Files for the engineer/Project files/research/tof-power-sourcing-2026-09-08/manifest.json,3239,7b4b46ac24afb0c31c5cf76fa171d449184e9c288e7961ad949c4122fb961eca
07 Files for the engineer/Project files/research/tof-power-sourcing-2026-09-08/neewer.json,34011,22e2efce172ab165b8a1ca214edad850714db9e6777ea6b87e282f9749f430b5
07 Files for the engineer/Project files/research/tof-power-sourcing-2026-09-08/neewer.txt,34011,22e2efce172ab165b8a1ca214edad850714db9e6777ea6b87e282f9749f430b5
07 Files for the engineer/Project files/research/tof-power-sourcing-2026-09-08/next.json,7048,ba712b98da033a280da0c54c28e28fc3e9431e603da4779cc83dba9fbe75ffe7
07 Files for the engineer/Project files/research/tof-power-sourcing-2026-09-08/next.txt,7048,ba712b98da033a280da0c54c28e28fc3e9431e603da4779cc83dba9fbe75ffe7
07 Files for the engineer/Project files/research/tof-power-sourcing-2026-09-08/pollen.json,3533,be4689ddc44949fa164258bddd65f52b82a0f7b35bfad1854d92cf773469aa97
07 Files for the engineer/Project files/research/tof-power-sourcing-2026-09-08/pollen.txt,3533,be4689ddc44949fa164258bddd65f52b82a0f7b35bfad1854d92cf773469aa97
07 Files for the engineer/Project files/research/tof-power-sourcing-2026-09-08/pololu-supply.html,32613,38bdd98f09caf33146dbff0969582d16d52e5ecdf2a23891de024cd16321cbfd
07 Files for the engineer/Project files/research/tof-power-sourcing-2026-09-08/pololu.html,85180,4512a9616af18725174afdd7307ab1c00489590f1fe194c7d0c82f166e6efc81
07 Files for the engineer/Project files/research/tof-power-sourcing-2026-09-08/pololu.txt,20479,20c1570a230c62cc13a23c8f2a7e55b30fdf01dd9c91249ec43f66ade1e102d4
07 Files for the engineer/Project files/research/tof-power-sourcing-2026-09-08/sparkfun-schematic.pdf,119861,dff5402f4ec6c55897fcb5c8adb74a07e5e12742ac0fe429caff79a049bcddd8
07 Files for the engineer/Project files/research/tof-power-sourcing-2026-09-08/sparkfun.html,622551,f88f48b919b3f6cd6d89bb791dfe285fdb23732893ddb421bc99931978efdc87
07 Files for the engineer/Project files/research/tof-power-sourcing-2026-09-08/sparkfun.txt,15037,720ff15f71f0978fcff96df877e467dc0936a25fe92dda432e7cbcc448b26820
07 Files for the engineer/Project files/research/tof-power-sourcing-2026-09-08/st-satel.pdf,1688322,6c801f0660a7d15ccdc1caa37b5a3e51e1dfa3661dcec4eca3e0d55f3390a21a
07 Files for the engineer/Project files/research/triad-integrity-2026-09-08/REPORT.html,4874,c1a7d2a36cd8434f2c5ead10cf028f350a8b8a6071e65278d6565eba65a2b931
07 Files for the engineer/Project files/research/triad-integrity-2026-09-08/eye-review.json,5519,dfa9187c1c80fb46df3bcbe44d6efc4a9e1f708e7d81d7f17be6b8809ae2d3d0
07 Files for the engineer/Project files/research/triad-integrity-2026-09-08/microduck-bottom-head-shell-check.json,2113,ba50cefc52463c220959703d14a2c045f8383c0c0f065f134385bde8aed6a648
07 Files for the engineer/Project files/research/triad-integrity-2026-09-08/microduck-bottom-head-shell-trust-after.json,2209,c6573264a586cb743caebc43bd571a61a12fd7a9bf528ce7dec2151be90af759
07 Files for the engineer/Project files/research/triad-integrity-2026-09-08/microduck-bottom-head-shell-trust-before.json,2020,d35c4b3ac386ae1d72b93f2f0b17b7e2bf972384b6c39f2a4af7c98c1b7aafdc
07 Files for the engineer/Project files/research/triad-integrity-2026-09-08/microduck-face-part-check.json,2319,6dff6be2a643da363203959302aec1dea9563d1b5067755099e5737187619c6f
07 Files for the engineer/Project files/research/triad-integrity-2026-09-08/microduck-face-part-trust-after.json,1079,d3ff564a715ae4eb03ce0f96fdd9407bbb3366050b941c568b54dddbcffeb6cb
07 Files for the engineer/Project files/research/triad-integrity-2026-09-08/microduck-face-part-trust-before.json,890,4f46aff0017cd29bd880cd65d5f8527567f39cbc1e93f4c5b5f76b109610f0ad
07 Files for the engineer/Project files/research/triad-integrity-2026-09-08/microduck-jaw-check.json,2039,0aac0ad57394e4200a6c8d6e0b37aa6b8f7055a5ccf50b31e4d76addca59309e
07 Files for the engineer/Project files/research/triad-integrity-2026-09-08/microduck-jaw-trust-after.json,2205,d85c85bd515715a51ed1a987bd4c7368c0b75cfec7c40a6182b1ef98653f37ca
07 Files for the engineer/Project files/research/triad-integrity-2026-09-08/microduck-jaw-trust-before.json,2169,b3a48cd15f006bcea5c2962401eeb5633a3a767ef6eabab9b19c0d16afc47988
07 Files for the engineer/Project files/research/triad-integrity-2026-09-08/microduck-top-head-shell-check.json,2210,9ea2c89a70b9cf3f4f6dc8208665afbde7d8ee002f486aebb709e24a81263ab0
07 Files for the engineer/Project files/research/triad-integrity-2026-09-08/microduck-top-head-shell-trust-after.json,2227,27ece453636c65b40a1e32271c84d0c132a5905396999c9c4c37a9de22541508
07 Files for the engineer/Project files/research/triad-integrity-2026-09-08/microduck-top-head-shell-trust-before.json,2191,e2cb8bb28677dbd8bc0eaf7b81553db677cf62817b9dea5c5d06e0a9af6d63ae
07 Files for the engineer/Project files/research/triad-integrity-2026-09-08/repair.json,6801,58f115d6ed6197b2d0297ef52be824e5f3623d56a8346f7261e5737d34bb6050
07 Files for the engineer/Project files/research/triad-integrity-2026-09-08/repair.py,3490,f23965170199c65f2cf878355ee0ea564954f717aa89fc073dbbabe066d92abf
07 Files for the engineer/Project files/research/triad-integrity-2026-09-08/review.py,6254,6eadf1d7b3ee05efedc1cdb12381cff1002342454a7f9103d31cb28b111590df
07 Files for the engineer/Project files/research/xl330-connection-candidate-2026-09-08/REPORT.html,3388,8b171555e3b3bc1231fcb6931db6f19d5ce7886714148968ea06a7ec031c5f1a
07 Files for the engineer/Project files/research/xl330-connection-candidate-2026-09-08/baseline/cad/mate.py,15556,4f085d6a59cbe0bd6f0dd32a7036cc007981203a1e1efbc3db2f863cf8f728bc
07 Files for the engineer/Project files/research/xl330-connection-candidate-2026-09-08/baseline/compat.py,11982,31972f5a3ffc7e1de72f658519da27853fda5108d1d536c6af586bf0835468a3
07 Files for the engineer/Project files/research/xl330-connection-candidate-2026-09-08/baseline/connection.json,5442,6f273a925598eb1c450ae82795579c360428d4062fbe609b33040dae5bede9b7
07 Files for the engineer/Project files/research/xl330-connection-candidate-2026-09-08/cad/mate.py,7923,38fd25893e7a0b54abea703b80968ce824a875778cc452333ae1a946ab122d91
07 Files for the engineer/Project files/research/xl330-connection-candidate-2026-09-08/compat.py,9011,afd0106ef0959c4f85c377d562c15ad68642edbf332ffb3ba90116e7860cb56b
07 Files for the engineer/Project files/research/xl330-connection-candidate-2026-09-08/connection.json,889,5467075c5c914ef2df6a44a33dff8475b5af6a325c543d7689be758365c0bd10
07 Files for the engineer/Project files/research/xl330-connection-candidate-2026-09-08/report.py,5851,495a774578efdf3faa57ee2efe9a1db38998c285870ede6e4207b99f3b91b64c
07 Files for the engineer/Project files/research/xl330-connection-candidate-2026-09-08/review.json,4301,72c5e7ff89f3960534f265fe05976f40b83fd7b56e73624ebb58a1ca1184a47c
07 Files for the engineer/Project files/research/xl330-connection-candidate-2026-09-08/sources.json,606,e0531c0ccfbe4615805c2cef842a7fd5880bb66354ced05bc0487933149fe308
07 Files for the engineer/Project files/research/xl330-connection-candidate-2026-09-08/test_candidate.py,2644,1000d9e6900ed0e81e5b0a9993665439934195685e4426e6d850d4334d26a4c9
07 Files for the engineer/Project files/research/xl330-geometry-revision-2026-09-08/README.md,3096,a169f5258b3fb2ee173613c36f5515c06e4c4dc3ec5c9156f9474fe3ae4cc245
07 Files for the engineer/Project files/research/xl330-geometry-revision-2026-09-08/candidate-verification.json,20219,0b76496e55bfea72785a453e1584d1a34cdc3e0fc59df1b7e11899851eb86697
07 Files for the engineer/Project files/research/xl330-geometry-revision-2026-09-08/candidate.brep,35559,42d7e48864f2cd4434c2ae578c7b59f19d14b4d0c943b59a00a50d7721805e3f
07 Files for the engineer/Project files/research/xl330-geometry-revision-2026-09-08/candidate_part.py,5537,286560fbfa71500f3c8e5509c16e60451004004dc2113a3122888400ff3a89d9
07 Files for the engineer/Project files/research/xl330-geometry-revision-2026-09-08/compare_engagement.py,1571,3d1829b6862c207f48bbc12df7b1b9b1084dc1ce4b31853c9d1a3909dcc80e80
07 Files for the engineer/Project files/research/xl330-geometry-revision-2026-09-08/component-superseded.json,8033,3a770f8ab731d512550a47c708bce4997021c7ff9bb7d3d2374bcf129c875143
07 Files for the engineer/Project files/research/xl330-geometry-revision-2026-09-08/inspect_vendor.py,1714,e85274aab65504d0eb762c0d49d3afdd9c72dd38fc14bcf2bc091f788e293859
07 Files for the engineer/Project files/research/xl330-geometry-revision-2026-09-08/nominal-engagement-comparison.json,37779,1058bef59cea7762e996e3df3d1628952c6fa48d28bab33faf38840ac4f0e4ad
07 Files for the engineer/Project files/research/xl330-geometry-revision-2026-09-08/probe_vendor_center.py,2333,e7af252b7d672ca60cc3b401bddd0fd48a3fdc43227cfbba26231a9d7bd5078c
07 Files for the engineer/Project files/research/xl330-geometry-revision-2026-09-08/vendor-center-samples.json,35501,594cd0da6a74da8f0b3576f383588ad710269a671e02de3b9abbb0ab93c65c32
07 Files for the engineer/Project files/research/xl330-geometry-revision-2026-09-08/vendor-geometry.json,126942,76369da783b86d1e68b576a1283928cc277c55fe3ece1388e5c96294f1dd223e
07 Files for the engineer/Project files/research/xl330-geometry-revision-2026-09-08/verify_candidate.py,2539,509aa9b8feee3e693a109a9ef773d676cf2f4302cb66c75ec6375758bbe14355
07 Files for the engineer/Project files/research/xl330-interface-revision-review-2026-09-08/REPORT.html,6906,7718a8bdf3df3a6b07583defabe08ecaf2d8e49e0766f1ebe1795c6cffa867df
07 Files for the engineer/Project files/research/xl330-interface-revision-review-2026-09-08/build.py,11731,d432a1d82be78c654f0549db8993a15720c941b7a1e124150df33c9f3c219c48
07 Files for the engineer/Project files/research/xl330-interface-revision-review-2026-09-08/connection-acceptors.json,5820,1f10d56954b34b09264a1c1fefc0d76b704b2698f455a32e68a3640a831c83bb
07 Files for the engineer/Project files/research/xl330-interface-revision-review-2026-09-08/dependencies.csv,6436,db1eb582f76ece3a8af2c3daca2cef705106b686fccfe2af8dc8142b825134c9
07 Files for the engineer/Project files/research/xl330-interface-revision-review-2026-09-08/dependencies.json,195690,eb1f8b687e9f62ac8928ff181176672ef74a3f00dae30eb261c9d7570418a736
07 Files for the engineer/Project files/research/xl330-interface-revision-review-2026-09-08/review.json,10019,b2146f3a9def937acba3340a45a0a04d9f9584c6718cc8f4134bda8ca3c64033
07 Files for the engineer/Project files/research/xl330-interface-revision-review-2026-09-08/sources.json,2965,80636a433bb4e90af9dbd2c2fa069cf6ef517d8c1f8f364e873780e6e393c14e
07 Files for the engineer/Project files/research/xl330-mechanical-source-2026-09-08/REPORT.html,5124,15f3de87e3f18fab320b23e81d080bc1448efe614c681e8b56054f9ee108f861
07 Files for the engineer/Project files/research/xl330-mechanical-source-2026-09-08/audit.json,7091,39cd454461c23b09165e60dd0c0784f1f3350294c5b5bb140459c0e616f3b709
07 Files for the engineer/Project files/research/xl330-mechanical-source-2026-09-08/audit.py,5056,8cc4ee4c6c6c5e4fdac279a1ba1a0806451877be7f537b6a9e8fafabb5c39a19
07 Files for the engineer/Project files/research/xl330-mechanical-source-2026-09-08/current-step-fetch.json,912,6147ba7ea01e8a8f6e2ef4085579347ab45e41f538a1b2bf583e584d73780829
07 Files for the engineer/Project files/research/xl330-mechanical-source-2026-09-08/download1987.html,9730,c55c220f5ade20d75263b9ced979c6c1a3bb8721353120ed72a7aa2b00e9d952
07 Files for the engineer/Project files/research/xl330-mechanical-source-2026-09-08/local-constants.json,2002,27e0132addf1f4560132a4edd4d581d708c7d4a9a1d3cad0075d59b258032a39
07 Files for the engineer/Project files/research/xl330-mechanical-source-2026-09-08/m077.html,359078,967898feb737c6cce1009f492f427fafe81ce9cffbdc8fa7187e45e152237392
07 Files for the engineer/Project files/research/xl330-mechanical-source-2026-09-08/m288.html,359049,a336b9e3333295355870c48ccd99736596d175e61cf9b52f5b4602b0f67806b7
07 Files for the engineer/Project files/research/xl330-mechanical-source-2026-09-08/manifest.json,938,986a4b6d8b91568dd4b5b9b50a5fe46174488d28efc5fb5f6081e18a6e54bcb3
07 Files for the engineer/Project files/research/xl330-mechanical-source-2026-09-08/official-xl-xc330.stp,791238,e2f7b060801a1d6a21f23bca2554f29a402f7d73b8498cb201c9e6adf3139eb6
07 Files for the engineer/Project files/research/xl330-mechanical-source-2026-09-08/render.py,5211,f186f097c201a132ce59bcccfdf27ff15b5129daaaa4c2a25a1f50325c7195a1
07 Files for the engineer/Project files/research/xl330-vendor-assembly-workflow-2026-09-08/README.md,6716,f5926924c14094f8043e90add586138496b23674a7b0531d00b154bc03da97f7
07 Files for the engineer/Project files/research/xl330-vendor-assembly-workflow-2026-09-08/sources.json,1461,eefccb9181eee52acf755487d702b468e4ef0e5dea3f3d79aadc653cd95a2702
07 Files for the engineer/Project files/result.json,204,adf561988ba462ee894cfdbda05fbf9c6d702303b7b23430286789019ff6cf86
07 Files for the engineer/Project files/sim/README.md,4652,6ce4c56b14b8c12f925f4b12e2614f915b59433429e8c0ce862cdb639536579d
07 Files for the engineer/Project files/sim/assembly_steps_mj.py,2806,9f8f33bf9eb3c464defb9854b2d7eeb84579cc3b4a13016b6ce230e113dc3d35
07 Files for the engineer/Project files/sim/battery_runtime.py,29656,03797d0c010f186d88d27033eb37a28048ac2c19b60e6116de14696cb81e05ce
07 Files for the engineer/Project files/sim/cables3d.py,40786,c6ea583efcc3ee10fe4b613fc2eaafde52964716bb9efb12967021f3b3c99b14
07 Files for the engineer/Project files/sim/cavity_measure.py,25875,1ff9ef9bfe3fecfd2ee7b357e9077568fb0a099ae146f3cdb91508a83e00bc95
07 Files for the engineer/Project files/sim/collision_model.py,19377,7abc9575e725f4903ee86a18a37086d78c7a9de6833688dff2f44925fd96ca33
07 Files for the engineer/Project files/sim/common.py,7061,ceb8b6a6182d7e9e1b9520485cda45abd8ae8107c2306c0d027743ed7b1cd442
07 Files for the engineer/Project files/sim/compare_render.py,6348,21b9e203e4330f71929e24067a1fcfe1a9c1ac423294660e6c73bd4950694dac
07 Files for the engineer/Project files/sim/drop_impact.py,17975,71cde0d8d3e4dc4d5ce853959e47248c87605d36414b9641701950446a3260a0
07 Files for the engineer/Project files/sim/fatigue_ankle.py,10608,3771f2d2df188c0424dbf3c04413a4c6b39283c0cfe5f78d7028fabe548d1961
07 Files for the engineer/Project files/sim/fatigue_walk.py,12211,14e762e7a067955666f06e4cc5798c544bc0bc265404e39356fe9d004f7c749b
07 Files for the engineer/Project files/sim/fea_evidence.py,4321,2b2fd6c296a2b1b500fd0fa4a861c8618bab7642e3d396fb61f92152552a8f2d
07 Files for the engineer/Project files/sim/fea_nlgeom.py,12349,bb940af807e32d5c05d9e84068955dde2ca2a9e08db0cd4aa709a6e0978943df
07 Files for the engineer/Project files/sim/fea_rejudge.py,11816,359a567bcb9acd9c9b6f9008e08a0bb16b43557964b5b5bbf5d2d426a29fe675
07 Files for the engineer/Project files/sim/fea_render.py,1980,fc66c38a42d332776da3f7904f4dd6167f4c21f68df7096fea5723e3b2a85c50
07 Files for the engineer/Project files/sim/gait_evidence.py,54344,f58531cb789d803dcf59e375b97125513eae87f33271867c4cc228c3f4970288
07 Files for the engineer/Project files/sim/gait_sweep.py,41203,2c9a38f8df7ef67d072a19804325fd99274fa7ad8e7466c1c37c1595d414d089
07 Files for the engineer/Project files/sim/harness_render.py,10956,cb4c95d2285dfaa8dc69f1229e03ca0f3e7b43545d8e292c6bd5b1d87be13a62
07 Files for the engineer/Project files/sim/head_compare.py,5781,2838e50db5f9a85a35939f421f8760ca3bd25085a3dc73f223dadced7ed77dc5
07 Files for the engineer/Project files/sim/head_real_video.py,4861,f534ddf0adfe21066aba66b574a22122ce1ed8c96d07abd85a069c88d6b898ca
07 Files for the engineer/Project files/sim/head_sweep.py,27886,6ff9e98d2b496911ba77f25d76a45128817408badcd789c3a36c6a32164ddc86
07 Files for the engineer/Project files/sim/head_verify.py,2027,70aac64793f7cf6c52004da7e81ba0873b5101947e7dca4600c3499e94db16a9
07 Files for the engineer/Project files/sim/joint_geometry.py,11490,9f877cb332ebfe4df62bbf96df0a78e96aba23dc2debc8f4fbdb775bad14dd37
07 Files for the engineer/Project files/sim/leg_compare.py,5770,8e7b8e124fb115752d53da08da963e63c878f01bb8056f7ad44cf94c7ce4b1f2
07 Files for the engineer/Project files/sim/leg_framing.py,5585,209807a1a94891f0a1825b2ab8d0be0ed0ae0751637962de204a28e586ae78b4
07 Files for the engineer/Project files/sim/leg_plots.py,6641,81dd01d1da8acaaba0b8a26070c208515fae2facb21717f924c53d710baed95e
07 Files for the engineer/Project files/sim/leg_render.py,17644,2c4e1bf08b12216ad789ba74989e69589b3947a85d517b6c9d01acbe17f2f42d
07 Files for the engineer/Project files/sim/leg_sweep.py,33881,1253df8b2340d3c422279d59fc0163d7c93924f1ccc86927832f98ee4cce6d92
07 Files for the engineer/Project files/sim/leg_verify.py,3861,42c2a07062b856677a2bdd75116b747553f8605933b5dda20bb01dc2c2cba3ad
07 Files for the engineer/Project files/sim/load_share.py,2336,a40e021fa9e1a6586a098289d425091e8ae4aad5508be9c42899d62057ffcd6a
07 Files for the engineer/Project files/sim/mass_budget.py,10873,3876ca3ae7a6feb8f4c5e94b1ff45f597a9c349c4be623bc9e5ba305e436afab
07 Files for the engineer/Project files/sim/measure_loads.py,34275,212040c72d13d48bf6a5fc6458273de88e98e3c98494b0764b59b32885fa5bb8
07 Files for the engineer/Project files/sim/mech_dims.py,2227,ce2244c27c50a4f92b64fd2827c7e965ab88c89a948a4fd8c866fec710b0defd
07 Files for the engineer/Project files/sim/member_section.py,6198,eeebb3c112860022b6ab1ca0ec9fde2e017728c0fb0e1aa5c4849a8fc9fe71fc
07 Files for the engineer/Project files/sim/meshes_ours/banana_pcb_locker.stl,65884,12c6f2165a07e2c94c6f42c9560e6f2d4be4f6d7f73065447ef731a5afd409e2
07 Files for the engineer/Project files/sim/meshes_ours/bearing_roll.stl,297884,f80b42a9705f72441005f6cf70d0d587288a3c5f0e9314c4e4848ebfd1abfc6c
07 Files for the engineer/Project files/sim/meshes_ours/leg.stl,527684,93ee0473fdff331d1c2051095c30ff6a63ab0730c7d1ea7be6f8d59536e4ef19
07 Files for the engineer/Project files/sim/meshes_ours/manifest.json,5505,5449255e44608b16aa14504fe7830812a16c3c0a092d092b6324e05fcc0f74fb
07 Files for the engineer/Project files/sim/meshes_ours/power_support.stl,633284,3d71fbe3620442a579d4cec49a7efe4dffd0f6e16c661d5604bda0f08cf8a3be
07 Files for the engineer/Project files/sim/meshes_ours/trunk_base.stl,494484,ad71524f20d2a6d3e8606ddeb189e22b41cd51924c5b04f197f2b23d5ece5a92
07 Files for the engineer/Project files/sim/meshes_ours/upper_leg_left.stl,1108684,d436786ce1f5ce021bf69431a3d9a7f7595886fb60027453ffd7e39f5b33e8de
07 Files for the engineer/Project files/sim/meshes_ours/upper_leg_right.stl,1108684,abf91f17d2b2b04fd29c75e83d188a556e23128df7e967cde09c0f8587ec74a2
07 Files for the engineer/Project files/sim/meshes_ours/upper_leg_rigidity_plate.stl,186684,bb7578673480bb1ee32005cb6950539172b0badf76e072277c24e4b7c32624f4
07 Files for the engineer/Project files/sim/meshes_ours/yaw2roll.stl,530984,df567442682ea004df1f1a68c862ef58b73243867f9aeaa0c9168171df36d0d2
07 Files for the engineer/Project files/sim/microduck_ours.xml,29633,4b97662f0ab4a4f0591f0f7f0258218b7e6ce03c9dc0accaf34c73b58d2f2a09
07 Files for the engineer/Project files/sim/microduck_ours_allcollisions.xml,30529,b89610fb874be80812d3f22582fb0acf116616432f46ae4a352b76c07d714e1a
07 Files for the engineer/Project files/sim/microduck_ours_fullcontact.xml,31779,da22aed93a9377849c592ba90f2915daba05be53580e79325e94b4b5d47ac13a
07 Files for the engineer/Project files/sim/microduck_ours_selfcontact.xml,31792,9c8af7a92e1974b839945a1c4edd548ec97fd8ecda1d92bdfc56476670e35475
07 Files for the engineer/Project files/sim/motion_render.py,26310,05d1694d0d953d2e7dd5ab6d8f0c1070664df8cf6e4cfe864adc614e0727278b
07 Files for the engineer/Project files/sim/policies/BEST_alpha_sitstand.onnx,793695,c6c40e35e726eabd803d633e090d112994f469921152448367953fbaf9799bc8
07 Files for the engineer/Project files/sim/policies/BEST_alpha_stand.onnx,793705,1569268713e40deea795dd2922dba50d3621e15a872855408b6b1b125b1c094b
07 Files for the engineer/Project files/sim/policies/BEST_alpha_walking.onnx,793705,e36332d383997d51401897734cd3e79cf5038406feddb18b4d57ecfb141daa6c
07 Files for the engineer/Project files/sim/render_sweep_videos.py,4050,6b1f619ae01a8a7d424cd4b3b5d2622f1a4d56c897fa32eeb476f8bfbab1b3bc
07 Files for the engineer/Project files/sim/render_video.py,23373,18448eba3cc64ffa77cd58d3bee1b6a5803bb304fcf335007bb7670e9a0d92be
07 Files for the engineer/Project files/sim/route3d.py,36297,031d20119178d5971a8879d825134000921cd5b5e0c95b40bd12130df7ddff3a
07 Files for the engineer/Project files/sim/route3d_exact.py,10541,62018c680e0d694fac0873ac034f388c26816416ef265745acc8db63d4b765d2
07 Files for the engineer/Project files/sim/route3d_grid.py,5464,876c419177b0c52ac16267b0be95bbb28988b3a925c3454f6bdf87e7a0dafa0a
07 Files for the engineer/Project files/sim/route3d_solids.py,21894,d3a3193073d232cc9937286a1c3a735a36957332a4e86bcb165b12f4c139df61
07 Files for the engineer/Project files/sim/run_policy.py,16800,cd9c5e19a7f5b5950756c2d9fab83a0f2fd331b6fadb1927ca28a159ca8ae262
07 Files for the engineer/Project files/sim/skeptic_f1_recheck.py,13718,19c81d4790533b89a18885174216644d47b12b79ce3ceec072423b31f55afe60
07 Files for the engineer/Project files/sim/skeptic_f2_recheck.py,12062,fdf49d333c3200067a9db7d099dadc356c114340d934c34aabbf8fab6216c815
07 Files for the engineer/Project files/sim/statics.py,20174,d14d8650638d6ced169cbc4a0b56ebc64bb70eed644544ce285e84160f319afa
07 Files for the engineer/Project files/sim/stress_all.py,38145,6a9db2ac4bc745b3f6e36402128353071c7d5f5b768f0504c7d736b41c64cb6f
07 Files for the engineer/Project files/sim/stress_corrected.py,5671,92fce9154c029e907b504b8fc6e672873a9e5ac5957652dc17093ff19f737745
07 Files for the engineer/Project files/sim/stress_evidence.py,1570,b33ad9e422790da3e08c31f1ed4b54ae81875609dab0a9ee45022ddf2bd3843f
07 Files for the engineer/Project files/sim/stress_matrix.py,8468,0b623502c5ef9cf9821a54a5a423bdde66bf7cf3f855b77b0286efda3306821b
07 Files for the engineer/Project files/sim/struct_ce.py,15801,1171c46281a7e93f210f77f0a7cdd32838f697750ae4f8ba7f4702a8803c35d9
07 Files for the engineer/Project files/sim/swap_meshes.py,12505,2f4817dbb35f297a9a5882cad09435dc8c6745b73c2dc82aa165f5d1bffa0509
07 Files for the engineer/Project files/sim/thermal_compute.py,27283,45dc38e24a9bdd3e666e529d1ffeb6e5ae9d3fb4fbdc71cac403d1a9b1650574
07 Files for the engineer/Project files/sim/thermal_duty.py,11177,1db7a5b928dfe2fb3f439148ce093b0c0b5f80f952e54cffac828a3f834f8d3b
07 Files for the engineer/Project files/sim/thermal_servo.py,39896,d6b2c47f1e75ad5a96e7a6552d23bef53d53f05da258627ec7dd3fc1c432419f
07 Files for the engineer/Project files/sim/tolerance_stack.py,64215,6df27fc556d293621df19d80131d21d52f879b0e5bde2b115d091b23f7c7c5d4
07 Files for the engineer/Project files/sim/torque_sweep.py,15616,d5c2e31be0d8a49e3dbc37b55bbd888a2061e3de57f52400d42ef1d92f614b3a
07 Files for the engineer/Project files/sim/walk_vs_product.py,9735,d32c83e48ae81b1046922ccfe0675825f80250dada0d48bb9064e42da8f6fb6b
07 Files for the engineer/Project files/sim/wire_bend.py,12833,d25a3d989c6109fa2ac495ed8161f670b27cb79ee1d1cba98458bb121fec5381
07 Files for the engineer/Project files/sim/wire_channel.py,13880,a2d1cc87478bdfc3f7b317552e2539f66bbb3240d26f5f862a6a2e3010a01921
07 Files for the engineer/Project files/sim/wire_gap.py,10304,29e11608603287d2dcdc882067e2c8b84c3c077e0336926311afd28258ed8bb6
07 Files for the engineer/Project files/sim/wire_pinch.py,13295,dad8ae3cc500d5efa4854424d59007400afc592c3f6ca437cec69c6325b302cb
07 Files for the engineer/Project files/sim/wire_travel.py,22117,337f2d9c0433ef391c610ebe723cc019d3be44acc6c86bf1b4acdabef22e81ef
07 Files for the engineer/Project files/software/upstream.json,6194,ac8ebb32dea9522689c51fe7a10c3695f2fe8fd444355e0193aff5c4595abf35
07 Files for the engineer/Project files/spec/kinematics-all-models.json,820866,9408e8abf321103888ea2030b714700475bebc470d67ed23b6c8256486365ce2
07 Files for the engineer/Project files/spec/mesh-materials.json,341,0684a6f9b6e5994b898297f37e24bef809bd87f287e4e4bc514c5caad120806c
07 Files for the engineer/Project files/spec/mesh-placements.json,16502,724a21a7a5aba3349c079aa2814aabd6b18a539da1f66fe09406cafa72365b6d
07 Files for the engineer/Project files/spec/mesh-to-part.json,2061,81f2b57214889c1e4667df7aeca45ebb4a0ba0ee1e4cc7fb4292a6746a524553
07 Files for the engineer/Project files/spec/servo-capture-contract.json,6766,22cf922a051ed7f9dd97863457a9d8f3e9e00253cb3e0d3ec3b84b8764888a7a
07 Files for the engineer/Project files/spec/sourcing.json,189097,9cd98962faff2518409cabd7a8127120a9f83850ae8d0d284c60a9927e5bbf1a
07 Files for the engineer/Project files/spec/specs-published.json,42694,c90a5d5aab4de97a6fcceb7026285ed5839f3d1640f38324d48ea49dc18e4e82
07 Files for the engineer/Project files/spec/test-plan.json,181178,fbeb8ae43b32bdde0f7b17338afcd0066bb7f4a06a83024379029b260d393a98
07 Files for the engineer/Project files/tools/PRINT-3MF.md,2710,9ca95c0e600172204a8a0573efd3f8e946e18d9792fa5b654fbc38829fa02f56
07 Files for the engineer/Project files/tools/ankle_revision.py,9145,c904d5e5891c35058ff1c8b5e73b71d953832a32460f8235622923e830288b0e
07 Files for the engineer/Project files/tools/assembly_order.py,8330,85f676db70184085ccf3050fdee91b0ca678a9100187e39babdf604d6f2d8173
07 Files for the engineer/Project files/tools/audit_hat_orientation.py,3435,d81bc1d07008f8f5de8e17f45633d46c08ea49a5c256ab88ff6e51bc02e0f125
07 Files for the engineer/Project files/tools/audit_official_hat.py,3063,17de895eadb93a3168890af8e3c8dd77329ac3e995ec1506fb2c82a008503b21
07 Files for the engineer/Project files/tools/balljoint_search.py,9890,f39e2c518789d00c7e92b7b06477ffa7392fb89eed4cc2a899b9fcb58ad21011
07 Files for the engineer/Project files/tools/build_fastener_skeleton.py,5253,b63fafbb0fffa207b1fa01c771caa76e3790e7ab3a03a4463fe79945cb30765c
07 Files for the engineer/Project files/tools/build_hat_pcba.py,10028,4fd53a1039323ee3ff57a501743b7dbafd53e5e05b2f39ee04823c105e7ee751
07 Files for the engineer/Project files/tools/build_makerworld_source.py,18733,f5b6bf9557c5955297b9e99c858087ae43c619293b22bb19283c75f33267272a
07 Files for the engineer/Project files/tools/build_mesh_loaders.py,4520,8dedd7c2c36cec62c737f53f0264311895c657ae0aef3663654eb729a358a8f8
07 Files for the engineer/Project files/tools/build_radxa_holes.py,3838,514eb760738189c448c4a60bb60f2fe64c88547dc5eddfc9bd69d38c77c8637b
07 Files for the engineer/Project files/tools/build_viewer.py,7277,16a09b8eef1e1f17b389d9d00818c6a877546f5722a401a697ca8c1caa2d40a5
07 Files for the engineer/Project files/tools/check_board_hole_interchange.py,15911,8140c8c3e8cf51ec9b97ca41486c0c7faa4286d1b7b56d34f7aa12bae273801c
07 Files for the engineer/Project files/tools/collect_drawings.py,20548,18aee9fe6a21c15361313b52ef65e1c1374cea05720e3c1686eca7dac7e18859
07 Files for the engineer/Project files/tools/commit-lane.sh,785,cb000ddac6e6ce736634138293a2ad48da4bdc7163a0cfaeb1dfc9c2cf9fbc8b
07 Files for the engineer/Project files/tools/compact_plate.py,10605,74ad77329554f5e5c70f58e41510ae6cb6b7fadce3a2a423604df7e5e2aceab0
07 Files for the engineer/Project files/tools/data/drawings_findings.json,14957,cb5e88e6b303db206c310eea2b944822ae442262819d36dfa1d33088f0b23c77
07 Files for the engineer/Project files/tools/data/factory_pack.json,10051,cb55d95ed61f3037f3308cf81bfe1144143a081e500db9906d58767e9f9a0de5
07 Files for the engineer/Project files/tools/data/factory_questions.json,65483,2d077163d9d2e3bb7742499ef3fc68f9c8d5e131a5b0ca86c3123bf634a54c21
07 Files for the engineer/Project files/tools/data/playbook.json,50787,551c4bb02b619cf02957427d2bb41e2642568dc3eb9cb24e231eba8b4e726552
07 Files for the engineer/Project files/tools/data/readiness.json,16005,1c7efdd775203679f8b8d1d1c0ca513721cdaf84158d73e2a1c3a7cbc6999115
07 Files for the engineer/Project files/tools/datasheet-quotes-check.py,5921,502610eb508ce744da97f27450e34e2c73f5ce56c5863f35bcc81cbdea52470c
07 Files for the engineer/Project files/tools/dfm_orient.py,9679,bc159619fdca3ee511b54db15bafac3252ae073f21965e245cdfff59263be53e
07 Files for the engineer/Project files/tools/dfm_rebuilt.py,11664,aab7025c7e423bfc8eab1b4ce469bfa589bddeaa0966d8ee4d51af992ca88db0
07 Files for the engineer/Project files/tools/dfm_rows.py,4348,5aa8bf4788562029819c489082180588c9042da39f8b63f07689ec34e5b77b90
07 Files for the engineer/Project files/tools/dfm_verify_md.py,3776,84daf8c97f83416c1506e9218a6eedbfce98f339d67ed74dbe36d6fc29f2a227
07 Files for the engineer/Project files/tools/digitise_pololu_efficiency.py,1174,b49dceb8ccafdf2088200d05c634db051bc4c2de24bd192723b57cbbb1d1501e
07 Files for the engineer/Project files/tools/doc.css,8729,297b4a8aa4bc1adeb954c7f6e58b3e4c5dc1af3fc0e8b7685c1f6b4fc27399f3
07 Files for the engineer/Project files/tools/docs_server.py,42860,e158e7971b9d1a80e8fefc3c167616f8df2d9b236bbfef6633811a83b3ac77c4
07 Files for the engineer/Project files/tools/draw_part.py,32102,fa9061728a7f7e86822182d5487fdaf8f9427abe9403938353f29f7417ca3432
07 Files for the engineer/Project files/tools/drawing_facts.py,13670,315291fa31235e66754db93414819af6adba9fe0950bc9c617a6d875751fd888
07 Files for the engineer/Project files/tools/duck-now.py,3613,f3c00c9a7a251330f9b5889e1bd5c5fa8ef6fa2659518dcd1d83e2ed8f0483c8
07 Files for the engineer/Project files/tools/elec_close.py,81692,e37d5a8277823301ac8657066f50420afe860d5df21a4ee22720d83a191cf7fc
07 Files for the engineer/Project files/tools/electronics_census.py,11673,5c6fa73e675eb3372a07104a186ee23afce48f2e25cd13b0ecfcd26f99d1d668
07 Files for the engineer/Project files/tools/export_viewer.py,15724,0e89bfcae088d79a6a23ed3c90c1a0c969149284d28748a8940b499077d939f2
07 Files for the engineer/Project files/tools/extract_hat_pcb.py,16121,f75a0c351d66217434e2c86dd2bb5d6b82a0440a188f793d69c7e7f9d727d464
07 Files for the engineer/Project files/tools/extract_makerworld.py,1977,c10b7554e17e63a70ec78d3fd3e8f8feb83cf58b6f0f183177a231588a83de60
07 Files for the engineer/Project files/tools/fastener_audit.py,13797,720304ca8458bc4aef3e8ac8bc15a850bd762551747da1c7327f27447fe03f6a
07 Files for the engineer/Project files/tools/fastener_census.py,9450,2889eb0bb0a7f55c60c4e57883fed93011ba6c2a8c7999519fb06a9176bf1db2
07 Files for the engineer/Project files/tools/fastener_coverage.py,4619,1f9206de0ebd1499f3ea0c7e2f7768761af1329af63354b277c610e97e60c1cf
07 Files for the engineer/Project files/tools/fastener_hips_trunk.py,10905,1c34e060326d136f24a572811640dd3df4dbf06dba7b39b5804366baa676f376
07 Files for the engineer/Project files/tools/fastener_legs.py,11488,6801aa6fc70692954b790605a20a388056c67936a2e31f6fc616745d10efadd0
07 Files for the engineer/Project files/tools/fastener_runs.py,24462,bc1496e405ee3a472a3ce606d6ee797acd6ff1edc7f7fc29565ac16a8b8781a1
07 Files for the engineer/Project files/tools/fix_joint_refs.py,5209,44e67cc88db760f73ec6b8478ce27f7a0d81550705aeae8b84c37cef0712fe9c
07 Files for the engineer/Project files/tools/gen_assembly_steps.py,3156,7237950104a1a3ba97e2dd94a1adc4eb3e8dc68867a59e780f441f9d2d3a7b16
07 Files for the engineer/Project files/tools/gen_comparison.py,29145,b8fcefdf591fff0975b8c4a1ded17c6378057b8b86c33215ae89e47a1c1307ba
07 Files for the engineer/Project files/tools/gen_connection_readme.py,4952,58aeb866eaa9d407516771a572bd98c9c173b33a24196d2ec03979ea7586683b
07 Files for the engineer/Project files/tools/gen_drawings_index.py,41222,5d93047b53626c934e85370d2099ff056a26c34455cf41c3e69f850548158f20
07 Files for the engineer/Project files/tools/gen_elec_closure.py,9066,cbc86a7f93bd414b6bd4b2de8710e911bfdec54704a7cda418d3a590b14058d0
07 Files for the engineer/Project files/tools/gen_electronics_datasheet.py,47971,bbf4bd771fb7aa302a3b328be3b923a8f93f4dfcce51c73aa7462c2139c55b01
07 Files for the engineer/Project files/tools/gen_factory_pack.py,72779,340f163ad91556effe0c4978f549da1530f3753c6eca4fb389551c05d2128405
07 Files for the engineer/Project files/tools/gen_fastener_verify.py,2111,67ca0a9aa4b0087b938ad6f5acb2938f7319f276f4c2e0303e93f850b14422d4
07 Files for the engineer/Project files/tools/gen_fasteners.py,11791,671ebb12fb3219aa95345adae9df4f241bbe065bac11985f2192019111b19b00
07 Files for the engineer/Project files/tools/gen_fasteners_doc.py,25900,e78259107d03aa378077ec9398d2bfbb3fc589f6d59b8de9d7a323ab5f79d1b3
07 Files for the engineer/Project files/tools/gen_head.py,56421,f63ea382e18f462815c9e9b680ac9480396e114bd980982e335d9ccb7d099cc5
07 Files for the engineer/Project files/tools/gen_head_motion.py,8184,58723c3a665be8d233f8ec162aebe9c46865ffad746b9bdd4bbb5135013b7929
07 Files for the engineer/Project files/tools/gen_index.py,38744,18095846d2a10e7cbbc7551308c6cde77d5f70eec54532b96b942ed906daa18b
07 Files for the engineer/Project files/tools/gen_internals.py,24201,5656011f298aab537a0648edde9cce9b923ffc9da2afbe6337aa21a08282da94
07 Files for the engineer/Project files/tools/gen_leg_motion.py,15036,5fad0975f80e5f32effcd021f37a69a4e865f7a19435be8102f8e7d3bbd613e4
07 Files for the engineer/Project files/tools/gen_licence.py,38833,9d5c4b518988627cc3bd0e55344ec1e323c89f8fbe7491c1f4433033c25021ab
07 Files for the engineer/Project files/tools/gen_load_correction.py,9759,956cc2f8b563adc983dadca166b86dbb639240950c13d5ff31df8cc433305139
07 Files for the engineer/Project files/tools/gen_motion.py,50085,9da6b6f20ce2e86ab89361274976e97d66500a011248e602e6986a8fe1393669
07 Files for the engineer/Project files/tools/gen_pcb_package.py,38992,f2e0f044ba9ff1793b00b5fdc24dc8da1682db83893d488a055fee2d1ca65add
07 Files for the engineer/Project files/tools/gen_pilot_interfaces.py,3998,8fc859f4a0eff3ed97b5923f3d24da06b70232e8ae2249a26ba654766365d7f1
07 Files for the engineer/Project files/tools/gen_playbook.py,87512,b1eae3b7afa57a6b16f914ac56d40a3a089e9a46f5038c8e08f4df92f745c895
07 Files for the engineer/Project files/tools/gen_questions.py,28834,a6c0de3bfd4b3c1f20c900436b4e54803fd1c8c950fadf1dd2e14deabeac95ec
07 Files for the engineer/Project files/tools/gen_readiness.py,59522,afa2bf9d600a4ac0b730491ec59e4cecfaab5cbc1604521e7d493bf1ad70915d
07 Files for the engineer/Project files/tools/gen_sheet_baseline.py,11535,1f2944b4ed6e6fcb29ab1b6862343098a5134b3097fe8a3a45d48b73a2d803d5
07 Files for the engineer/Project files/tools/gen_shelf_status.py,55688,962e70e335f6fd792e2f648af8b558622340b6c897d588b0e8c2bba5a872d0a7
07 Files for the engineer/Project files/tools/gen_simulation.py,84592,e7e259e425e6e4f4ad46057f0ae60ec212936dc7ac6e755d8c501df9995afd13
07 Files for the engineer/Project files/tools/gen_simulation_f2.py,28464,262d838f200c38523f962ea4645f62c5552bc0a785efd23fb8659a08dbf89a17
07 Files for the engineer/Project files/tools/gen_simulation_f3.py,30171,7f64622f4f24d7d8ed3be27bc9170f434980d3cbbe20ea120296056031db65a6
07 Files for the engineer/Project files/tools/gen_sources.py,22565,3165978b431e2abc445d258cb07183f590acb36e8dbfa22becc3b71aa2aa2590
07 Files for the engineer/Project files/tools/gen_sourcing.py,70820,c89e93985b044e136f0b117aea9f79e1da6bab6be54d29ca9881e2d5f03a374f
07 Files for the engineer/Project files/tools/gen_structural.py,75042,0b260e34b880b78b2952fde1a08694af644b098c41e9a6be028eb37c9ad8e6ad
07 Files for the engineer/Project files/tools/gen_test_plan.py,67075,f3e6c3746bbfda0af88a54a744f2838c3db306458f372026b5a9b90501e6cddc
07 Files for the engineer/Project files/tools/gen_triage.py,34736,ad81d1140490b93806ac6e7f4de6542c27b8e43578cb34a97019787971834717
07 Files for the engineer/Project files/tools/gen_upstream_develop.py,43087,ba5ff964c0e4a72c083f96c7fa9806db8b1d99da9367b45635edd50af25d576f
07 Files for the engineer/Project files/tools/gen_walk_motion.py,11711,017d365f2d465bd2aeb4b9e50e736ea22d793eef00894c02de68860a30378653
07 Files for the engineer/Project files/tools/gen_wiring3d.py,21093,926a828fc6ea38875ae7acd944b36bc99b04a41f9e894093310f8030c2c6d6e6
07 Files for the engineer/Project files/tools/gen_workplan.py,101739,20ae72fc9e4fad279d02460a9c1f7d1ab9f4009afd307402ab59254c193e365e
07 Files for the engineer/Project files/tools/geometry_face_socket.py,13392,9bb787f09bcbd3436180ceea25fd55583fda2ee883df0c8cef3a2d0ec4fba4ad
07 Files for the engineer/Project files/tools/geometry_neck_interference.py,15585,b9c4a749aad49368a0e08e11744d86f1c0d4882036d2d9ed35171c298dfd619f
07 Files for the engineer/Project files/tools/hat_connectors.py,15014,987a3ff5605d8c5f588cc6171809688ddd3f3f01c93fa4e181744344f56765a8
07 Files for the engineer/Project files/tools/hat_pcba.py,30197,96c0212f82373535713f52a2fc87712132e1ebce1a4f6feebfaaae984aa24fb6
07 Files for the engineer/Project files/tools/hat_step_harvest.py,10532,31818aec150c74adf2c1b9b137024315a0e7d4ca25bd3b725a5d7e4b44359b6c
07 Files for the engineer/Project files/tools/head_analysis.py,6331,7fab33342e708c8daff7b8ab27e81a8116cc3e1cecda9dc8d9fdd4e10d525a69
07 Files for the engineer/Project files/tools/head_dome_conformance.py,5444,e2e54d4982b1532472c52f2d209223953542dcf9175fefa0cacbc1c827747a96
07 Files for the engineer/Project files/tools/head_eye_ring_shelve.py,16462,a90c218bc2445bdefc4f7abf62909ba31ca934879ad171b56c5645a1c76ce015
07 Files for the engineer/Project files/tools/head_frontfit.py,38657,1fcb191896a054805381e7f1065a70cfbe97e7e83e627b4815ba4f3e799cd59b
07 Files for the engineer/Project files/tools/head_frontview.py,25794,8ad9e2afa57a33a2072267ea46464971781b4630716f40a6e38d31bc11d9cd06
07 Files for the engineer/Project files/tools/head_outline_arc.py,23925,e4db85bd4a00494593d058b3205e69ffeaa0c1b7438cd6d2b383123e97ea525b
07 Files for the engineer/Project files/tools/head_photomatch.py,59195,828a811e5c0e7bef6cf8c73b417cdcfa2fe87921dbd61c68e0168338bd823251
07 Files for the engineer/Project files/tools/head_probe.py,2729,e4a04099f734313917535c17d95173842a784bf2c1522314a6778975c099000a
07 Files for the engineer/Project files/tools/head_profile_frame.py,13417,3088be1c41a27692ac784c77f2c3e44e2cdf34b5fb0027272b82e82d7c30a53d
07 Files for the engineer/Project files/tools/head_verdict.py,31263,f6b1576c8bfd584fc1392b15fce757912966284a8d2af2de95cf10fe287d765a
07 Files for the engineer/Project files/tools/head_width.py,20031,06499b2574cfe0eedd37f29da50f186873328af4dc7b5c4ca87f1f03b1aa75bc
07 Files for the engineer/Project files/tools/head_width_verdict.py,15720,a08ce2f1f3a74506a853b7b609011dac69a7242e796ef1c0f9c421c5695c3eb5
07 Files for the engineer/Project files/tools/indexed_3mf.py,1322,bd05db2d183fb4d674994d6e3fd0480af96b85de85dec53f5923109bb709526b
07 Files for the engineer/Project files/tools/insert_census.py,9964,ce20e0a2dd1f05dfa37e5dfc2b3dcd090eaa911589c3c46d01aedc5f2ffda71d
07 Files for the engineer/Project files/tools/internals_fit.py,14463,a26133fc62e989491717974136502feb9884e5f956874e5da5270e4828fbd591
07 Files for the engineer/Project files/tools/internals_render.py,29722,b605a8fe625f86f346545cfdcf96bb45529f84a2e162db45b0147dee594acf22
07 Files for the engineer/Project files/tools/iterate_blueprints.sh,2472,af51de756b907b7b73fb6beb8c0be516991788a443ea4b182302a7e4465fa3d4
07 Files for the engineer/Project files/tools/jigs.py,27221,08d33ed7babb10ff2ed6318dc88a339c16c2ea1de0871f73d7bb6d401f9436a3
07 Files for the engineer/Project files/tools/md2html.py,8691,165ef919eba702bb7d2adbfe059741f72b08f7b204ce7bb8265ef0c52c7a6ae8
07 Files for the engineer/Project files/tools/measure_battery_bay.py,8045,ebe26db90192968305fe849acc0a97a16ed973dfdcb236c68622cbbce9c75610
07 Files for the engineer/Project files/tools/measure_dfm.py,16217,b6cbaf2bcffcbe06bcc734f2b73f03819e3183c5ac05eddb1e167a22ad70d911
07 Files for the engineer/Project files/tools/measure_features.py,8387,36b261e2298a461a22db6e5a8ebc08b397789c2371fe394dcb6b979edff5bb9f
07 Files for the engineer/Project files/tools/measure_mesh_features.py,7056,23d945e5ec772371bdaf6cae602b69067eea2f96af28116260c7690d6c65fb1d
07 Files for the engineer/Project files/tools/measure_radxa_drawing.py,14864,822774fad771986bfdd14042a39f9aa2f8d00dba115d3ee0c794f147a6b133a1
07 Files for the engineer/Project files/tools/measure_readiness.py,14031,727ccc65fb05289f6d573556977278055f8ca9384c9fa35f7004d48f2dba537e
07 Files for the engineer/Project files/tools/mjcf_scene.py,5687,81c6ffea0954f391583b4caf1c4ef4ab7bfbd4c47193bafaa1c35b6fd7e39a84
07 Files for the engineer/Project files/tools/open_items.py,11882,67d8a1c5e0a2f3bce805c9d65fe676a1be3dfefaa0ef491ca8da41bb69fa5a39
07 Files for the engineer/Project files/tools/other_boards.py,9219,a21b3f5d07732923f7b92105eea0ad2e6ae8d1ccfe173d270f9fffa37d55042f
07 Files for the engineer/Project files/tools/own_measure_eyering.py,2560,3ff95a4c30febdb666fcc5402ed4a2bc168a7f4cfbcb78e025130e24f288bd9c
07 Files for the engineer/Project files/tools/own_measure_headshells.py,2360,cd3d70da6f4142e7b1b743ba84a9a31953f6d9b68234c927c99357a6b7b20928
07 Files for the engineer/Project files/tools/place_fasteners.py,24900,95a80145a7e5a3375d3c988f660b6c7b33dd5f7f5f9162469123f70f99cc62fd
07 Files for the engineer/Project files/tools/place_harness.py,10258,5671b190391865afab6048a5563623008bdaeaa657839a8f3f769587058158c3
07 Files for the engineer/Project files/tools/plate_for_printer.py,7203,01ee0e34d078e68ee98a455aa4b66da6d738ec364e4d6b9bf999652518473eb6
07 Files for the engineer/Project files/tools/pocket_census.py,5955,9771be4aee940d86b6f384fabb221bec8ea916fd709112ec95ba160249e4ce55
07 Files for the engineer/Project files/tools/pose_photomatch.py,36817,dc938bd03d7f4a3322a416b24a0a4704f314b564084b85d084899587e70f41a6
07 Files for the engineer/Project files/tools/prove_fit.py,14996,b4e3bb5ee53ff7821e7658b1067433ea7cc4752c339ec3de98effab04764c2cb
07 Files for the engineer/Project files/tools/publish_to_dashboard.py,2845,a5f4bc22036d723c9b7c8f908756053033727615f59870e512ee77380aa75798
07 Files for the engineer/Project files/tools/radius_locators.py,13993,21a742f91bdf35bce1da62b9e0e26831288ceb2cbf503b0a16ea6882a2f39874
07 Files for the engineer/Project files/tools/reconcile.py,34449,07bae249ef37e875eb33e39453fef8c1b40a4699c92d71a4fa0e16199888fc84
07 Files for the engineer/Project files/tools/render_fastener_regions.py,10584,e14f51b3f3339ff6bb2748c101d8b7b36234476b9175271bd473e37866c75578
07 Files for the engineer/Project files/tools/rendered_details.py,6836,4b500dd60e773efdaf4ffb0faee66c0caaee81afc73764c40a04dd5297009616
07 Files for the engineer/Project files/tools/rendered_drawing.py,26957,52f85611dab909268356c800f9dc6a7a1742019e45562c599e8fdaefc4210d47
07 Files for the engineer/Project files/tools/screw_mass.py,3941,f7cdd001b7cc1a6e18e1cd990c3ce50201658193e2b94f028d927537879507af
07 Files for the engineer/Project files/tools/section_locator.py,5205,eb859e32557794343a1a8929ef080efda3c06191e5e87b60666329874f9b71a6
07 Files for the engineer/Project files/tools/serve.sh,598,5fcf140424016f2f43cac82b2356b58cf63c665de6d2ef588e6cc8c0b4b3a297
07 Files for the engineer/Project files/tools/servo_joint_sides.py,2483,55f556d72a1da0f9a6a5b8026e3de471773fa90f5958be355c85e00f91de8ee7
07 Files for the engineer/Project files/tools/sheet_delta.py,4319,72cb4aa17e30f3da2ef0f21e25a741997ff2bbd0ed9a9cff9486a415c03c0dbe
07 Files for the engineer/Project files/tools/shoot_playbook.py,6030,7261dcae9b2fe7fd307d0d1babb66a9bc10f59e3048a2f108b13eecd31999b34
07 Files for the engineer/Project files/tools/shoot_test_plan.py,8889,80c745a4c0ecb86e378aab618cd70c19fb4f7452b8439e9bca53ebfd45558e40
07 Files for the engineer/Project files/tools/shoot_viewer.mjs,4099,d2eb3c85fdebe5f7c2fa394926551d0cce9e91981da11ade1c144d817bfaeb7a
07 Files for the engineer/Project files/tools/shot_page.py,6768,672549079364cca91f7fc95bd7baa29d9ae22fbac02a3f25c5f76099ded59708
07 Files for the engineer/Project files/tools/slice_journal.py,7142,6824ee63bf588d3f6671bc9dd133dca474878c036e8ce3b6858f26084c586f0a
07 Files for the engineer/Project files/tools/stlcheck.py,3686,3410a7c4c04e7b126ce51dbb12942eab9d518464aa0c9788cedc2de9e9276961
07 Files for the engineer/Project files/tools/sync_shelf_sourcing.py,9569,0063d6a971a0aa7808aa1ff375c8bafe0d3e28c651591fd67f2423a31424fc59
07 Files for the engineer/Project files/tools/tablefit.py,7024,13dd02fc04258f153c655c67d9fdc29403efb3fc10c005640610aebd2e232eb0
07 Files for the engineer/Project files/tools/test_fastener_placement_preservation.py,2259,5f0b27e57506f4d040d980786e57eec666aa9ce2bfca118a726232c4397efb47
07 Files for the engineer/Project files/tools/test_fastener_servo_limits.py,3615,6711a2c0142791079191b1cfbf6e91c44c73173b9961b2997f4c310282296273
07 Files for the engineer/Project files/tools/test_hat_i2s_wiring.py,5266,f1719cf5e211f2f29650e3546d0ac2207dc783d79ba0d7fced7b99036008ae69
07 Files for the engineer/Project files/tools/test_hat_rail_topology.py,2417,8002d79ff2e95fb22aaa9f638dc94329d572043d6ddf7a9a1646536fae764737
07 Files for the engineer/Project files/tools/test_indexed_3mf.py,1271,ed62bbab1e360911e4024d6acb9169586cf76bfcf8c487ef2491f750c9810579
07 Files for the engineer/Project files/tools/test_radius_locators.py,4679,d4c07d2f2fa7eb844e17661a6fddd2b07de55fb22966925981aa0821061b5f70
07 Files for the engineer/Project files/tools/test_reconcile_hat.py,1483,3e0b4af9dbf4bb5f1913f8052887f24a4e4293c71d8c78259c292274bfcb3618
07 Files for the engineer/Project files/tools/test_rendered_drawing.py,12495,71ef275efc412d2da32558136cb8a6683cb567e3ae73d50f4caed775a9787445
07 Files for the engineer/Project files/tools/test_sourcing_bundles.py,2815,5d94261cd81b1be53618db48a09cbac07e555b5e32aef18e24ebeaed636eb58b
07 Files for the engineer/Project files/tools/test_sourcing_camera.py,2050,3f571fe91ac5a00032a5993f215eb91ee3b363eabaa06190ea36b23f56020e03
07 Files for the engineer/Project files/tools/test_sourcing_power_tof.py,4073,1c78ca33c238bdd5c0158f0f64e19c9ca6b59153de1a9d846e945849627501a6
07 Files for the engineer/Project files/tools/test_sourcing_qwiic.py,1166,163d585068b97b4b58651127230d6a590e1778d4073f5270eb9be60521c84979
07 Files for the engineer/Project files/tools/test_sourcing_rfq.py,3445,293037021bb1b1d25f7da107e4eeacc4ae37abe0c51c1461531d0fc43603df67
07 Files for the engineer/Project files/tools/test_sourcing_speaker.py,1928,f02ff77da1fda0c0aee759e7bbd868e17353ca59fd9bf9fecfb3ca83d6f554c5
07 Files for the engineer/Project files/tools/test_testplan_power_hold.py,2232,37a46355f346cd5ccf4ab331331e96be30b4c71cb877261ced1108d03dc2a168
07 Files for the engineer/Project files/tools/test_testplan_servo_capture.py,10434,96cefa330337d100551893ff33189ad00c989209ed513bbda0fa4a573b5ce502
07 Files for the engineer/Project files/tools/testplan_power_guard.py,1793,aecaab540edf33de8961fd02a156647b03a5fe1db5586c7e9f90cb0d5b04f330
07 Files for the engineer/Project files/tools/testplan_servo_capture.py,14105,ce62e782e9e795292fe54f1aa1e8239ce214da136a634c188fd445bce042e8c9
07 Files for the engineer/Project files/tools/tolerance_stations.py,14684,e9778926dc2b67a8b1b9b1e52a9802406d22f479c2627bd3f44ae2b0afeca3e0
07 Files for the engineer/Project files/tools/trunk_inertial_fit.py,4908,9a01105ab3ea9408cc121328652b4e6f3a9e91e17b8464214239ef591750d52b
07 Files for the engineer/Project files/tools/upstream_meshdiff.py,5534,b4da52cea0b1b21ffb8d4d7182cee586c4c7e3f3d6d7888cd8c0f8e33e6534f7
07 Files for the engineer/Project files/tools/upstream_mjcfdiff.py,12053,22299a0dfd4ceca1b8ce5dfcbbcfedef09ac96af48543810307d79ab8c27d0f6
07 Files for the engineer/Project files/tools/upstream_render.py,3538,831559cef48ba3f17d777ad7c4288960335805d59a3d4995f502a971b25418c3
07 Files for the engineer/Project files/tools/verify_drawings.py,12250,8b211f971080c6dcff4eb455f465f98f24641fc4ac0dd4a6eb23fa039c3a13be
07 Files for the engineer/Project files/tools/verify_screw_parts.py,3808,2455297ae7d23728e0cfa63b85747218e77bb3e4955c56d73bbb73c8e0966ac4
07 Files for the engineer/Project files/tools/watch-pass.sh,958,d959c0e1e2d1415a7a82945a9bf0788cb6141814f3b39e44b52c719f36bb9913
07 Files for the engineer/Project files/wiring/CABLES.html,28132,c5ad37f8119277c6e757de1e61a43259c4409208cac19917a2218257336b9eaa
07 Files for the engineer/Project files/wiring/CABLES.md,14916,41a6781b61810e72fdde6d148edc9add32eab7ccec661c619ec37906b17e7e05
07 Files for the engineer/Project files/wiring/README.md,16722,24e371a9518f2b19c744eb9c0049417fbabcbd8ba49e1662c62b058c88764e89
07 Files for the engineer/Project files/wiring/cables.json,55535,c33b474fde19324658be81589f6584ced363ebbfe598ea7871633834578ebe74
07 Files for the engineer/Project files/wiring/check.txt,412,205286ba7c03e8b20ed56e0bdc882d4c80a71c826020a63d77748c1ec965bf5f
07 Files for the engineer/Project files/wiring/designs/microduck/README.md,33238,2ed8089599c3e78f9b5daa07cca8d453f6fa19b16eeb789f3b8ba833223a76a8
07 Files for the engineer/Project files/wiring/designs/microduck/checks.json,57348,7de001b3616a586609946d7b49329507b1b84dba3968e72e811f8339d138620c
07 Files for the engineer/Project files/wiring/designs/microduck/design.json,11723,a481b0d4fe45a2ba482f2ad0ca2db7b8abd87c323a0969656d363de200a57468
07 Files for the engineer/Project files/wiring/designs/microduck/nets.json,28520,01793e77a11fcc1c8c18507ab81bbd39d52362f970e0983390396e0a905e24d5
07 Files for the engineer/Project files/wiring/designs/microduck/schematic.svg,58451,bfd4b240622d8e04b2bba4b28988d4480697a81be63337b8bac5faf2e6e3503a
07 Files for the engineer/Project files/wiring/designs/microduck/validation.json,339361,5b4a7a5ad23e3169c7efb6a98d8c395d8b724c197aa18f60d13c5f03c89dd6d9
07 Files for the engineer/Project files/wiring/designs/microduck/wiring.svg,64521,7e133694b2b55041fd231590e94c0151042969efbb7d013699977f658af9c16f
07 Files for the engineer/Project files/wiring/drop.json,76204,ad9845811cace3031f39a5fa248fa10d3f0175a4ad835a99b3e13d806704e961
07 Files for the engineer/Project files/wiring/measure.py,32078,78cfc4050ba5b663d2a37fea5808c0f0d0039f647bd1d1deb4690f854c9f0cfa
07 Files for the engineer/Project files/wiring/route_confidence.py,1260,156d2994869e1191f7292df23441de47b5e204c6413328f2e78a3c26fa1bf6d1
07 Files for the engineer/Project files/wiring/show.txt,32158,1747e7833941b197c72d6bdfe73416b464193f5f6fa94a210182eb7ec5dec5a1
07 Files for the engineer/Project files/workflows/RUNNING.md,8779,9e5ea796172137cd5e00096029a00494da4c90b2c5da0537ab8f20fbc9feb5aa
07 Files for the engineer/Project files/workflows/children/rung4-electronics.js,4202,854479e6321aee67143d142f235ebf46278ed406dbc92f11f52565dc94a8b57a
07 Files for the engineer/Project files/workflows/children/rung6-deliver.js,4120,f91902bf1eafad8c88101092bc96c164759c476f23bbf6fe7a0d169f02bc8ee7
07 Files for the engineer/Project files/workflows/children/wiring-current.js,4425,c97ed1cd0cba2b76e7e81e51f69c76729cde57eaeebfea92b2edc1eb4d264a50
07 Files for the engineer/Project files/workflows/drawings-mfg-grade.js,8736,b13ec333c63b72ae4e5c74d1993231f1c2fbaa31a49875b8db7b7e6ae6b84774
07 Files for the engineer/Project files/workflows/elec-verify.js,7032,c4612f137eba80cc6117837a890ac31a1f5af4610e01598ab3d30a02798bdafc
07 Files for the engineer/Project files/workflows/manufacturing.js,14653,9da29b54d28e5b936c754e95c3f5579c21b9d2b556c0b03765b9d66545e5e37e
07 Files for the engineer/Project files/workflows/simulate.js,7060,35ef04a8e25a13c2ce299f140b9fbf6cd79836071f9908b724370552565d45c6
07 Files for the engineer/Project files/workflows/w3-electronics.js,7037,04a5fd7e040724e08fc1b3d72b56e47751efe505b2183b10236eeed398a0f072
07 Files for the engineer/Project files/workflows/w4-wiring.js,3465,b46752203fadfceddd54a17289c373765d695296e8048dda07b4c16cd4f732dd
07 Files for the engineer/Project files/workflows/w5-manufacturing.js,6024,d2b3da5fc949ec2e8c99fe5baa77b0acc3b1d5a56ed257f7bb5d331c1842fe37
07 Files for the engineer/Project files/workflows/w6-ee-block-schematic-layout.js,7152,bdff09720e7f3c311f54bb141b110d6f6f1d9332f3311ca9db05a962362b0501
07 Files for the engineer/Project files/workflows/w7-ce-cad-viewer.js,8678,70222b8217e189af0225c20329717903267d5492a0081fb0941c411133612059
07 Files for the engineer/Review generation/READ ME.txt,927,7a459b1fbb4f29fa66334f7dbaad041efe03281b9dcdd7cfd73ee8be7c53ea88
07 Files for the engineer/Review generation/prepare_review_geometry.py,5929,79a995e5960d99683c967e719bb6cab422f2db69e632873def9a387c374c7f22
07 Files for the engineer/Review generation/review-viewer.html,6834,408f84525001a6edfde85aa46744112245c2a3955bd082a8a5afd8076523a1b8
07 Files for the engineer/Review generation/reviewpack-document.test.mjs,2082,0e3d63ce445c5ffe33185820a61dc4e13f004ed4465809b625d419686ed524e8
07 Files for the engineer/Review generation/reviewpack.py,32912,ad2e89361a91054424351c589849b70c2901944c6a3794b9e20cd65e5620abe4
07 Files for the engineer/Review generation/reviewpack.test.mjs,2258,a54712a634560ef57092308b981a5e968ccd6afe054d16e210cae40b9e5fe2db
ALL FILES.html,1491267,c3fa456c8bdf2f1fa667501ec1a1a2a4a0932611d8f58de68091d16b31ba5d29
BOUGHT MODEL PARTS.json,3444,21b182ac96f7fb23a56e0c701d708c1449107c5cca18cc4879697557a7269d41
BROWSER CHECK.json,9100,81856b7b52ac51a48f65719e317453a7ccb71514b66af54561bc5d50fe9df915
DOCUMENT CHECK.json,250,eb2822e62983e0e54c5678f4bfc1a426ea680650adff5313da48a87f84c8e347
FINAL FILE CHECK.json,907,ad574c11483e29205ea50d3c09666d42274e311121df65085fa92cd479e6a8b8
GEOMETRY REPAIR.json,910,40154f53f70bd72356f60d45b2afc7d6fb07066ec299e508b4d5f4d3eaac6464
OMITTED FILES.csv,873489,261e9bfa30c5f5953de053604f756453b2189a47cfcd6366eadf32eb1a27976c
PACKAGE REPORT.json,4837,bc3b69979eaf9c6923c169b9c6468aa981469f4c9d19cd6eedc5a1330526be47
PARTS.csv,9244,4d05947683d7a38d4a02a40849e9585cb6798b86a7955fa60948eede7c6a5436
PARTS.html,3123155,76f63751047c47809b9610ac483bb98ae7406cd59d00b38732fad1d3930f4b03
Parts gallery preview.png,110229,ce730e65c2d72440b2246c24254ca40705443f8145fef1b208701dff5bcede92
README.txt,551,83a6e64fa87870714287118531fe6c6d058929d4291fe94e34ee3decdd5ad2da
RESTORED REFERENCE.json,706,29d7121d17c048cf4120342bf9484149d070d77ebd03f3a2daaddb5bae2e9aed
SOURCE FILES.csv,1096234,1539cda95b7a23389cdbd437b7c426ed3274e2e2bce1c4f8cfe9124f78ae4d7d
START HERE.html,4906684,98a33e06f406afb43cac8f078a2e9cf4ff55c3afc39e632e3569fd4b6970ba1e
START HERE.pdf,4107784,64117a4c904f21e613af3351c857727f01bc67f1a4e7737893d74cb36c6f1b19
STL FILE CHECK.json,92167,9ee8f38ce656ca2130b7bdc4dc3a15bf114093ddfbdd25ce38751bdef4affe6e
Start page preview.png,133474,44f144d95085934ae1a8183dc6ded7e1fa0e46f0229d822f5d032f380ae89dc6
