source,bytes,reason
.git/COMMIT_EDITMSG,75,Development cache/history; not engineering deliverable
.git/FETCH_HEAD,103,Development cache/history; not engineering deliverable
.git/HEAD,21,Development cache/history; not engineering deliverable
.git/ORIG_HEAD,41,Development cache/history; not engineering deliverable
.git/config,421,Development cache/history; not engineering deliverable
.git/description,73,Development cache/history; not engineering deliverable
.git/hooks/applypatch-msg.sample,478,Development cache/history; not engineering deliverable
.git/hooks/commit-msg.sample,896,Development cache/history; not engineering deliverable
.git/hooks/fsmonitor-watchman.sample,4726,Development cache/history; not engineering deliverable
.git/hooks/post-update.sample,189,Development cache/history; not engineering deliverable
.git/hooks/pre-applypatch.sample,424,Development cache/history; not engineering deliverable
.git/hooks/pre-commit,476,Development cache/history; not engineering deliverable
.git/hooks/pre-commit.sample,1649,Development cache/history; not engineering deliverable
.git/hooks/pre-merge-commit.sample,416,Development cache/history; not engineering deliverable
.git/hooks/pre-push.sample,1374,Development cache/history; not engineering deliverable
.git/hooks/pre-rebase.sample,4898,Development cache/history; not engineering deliverable
.git/hooks/pre-receive.sample,544,Development cache/history; not engineering deliverable
.git/hooks/prepare-commit-msg.sample,1492,Development cache/history; not engineering deliverable
.git/hooks/push-to-checkout.sample,2783,Development cache/history; not engineering deliverable
.git/hooks/sendemail-validate.sample,2308,Development cache/history; not engineering deliverable
.git/hooks/update.sample,3650,Development cache/history; not engineering deliverable
.git/index,942804,Development cache/history; not engineering deliverable
.git/info/exclude,240,Development cache/history; not engineering deliverable
.git/info/refs,189,Development cache/history; not engineering deliverable
.git/logs/HEAD,280651,Development cache/history; not engineering deliverable
.git/logs/refs/heads/main,280651,Development cache/history; not engineering deliverable
.git/logs/refs/heads/snapshot/2026-09-08-ecosystem,165,Development cache/history; not engineering deliverable
.git/logs/refs/remotes/origin/HEAD,171,Development cache/history; not engineering deliverable
.git/logs/refs/remotes/origin/main,28457,Development cache/history; not engineering deliverable
.git/logs/refs/remotes/origin/snapshot/2026-09-08-ecosystem,180,Development cache/history; not engineering deliverable
.git/lost-found/commit/929a23c23fcb0d0817e15f7a010807c622c16ce3,41,Development cache/history; not engineering deliverable
.git/lost-found/other/a25c6eae18250d1ae8b94723ebf87dc29dd8e5d6,41,Development cache/history; not engineering deliverable
.git/objects/00/26b902a2ab052b01cd6510ad4dfda79d5e579d,45,Development cache/history; not engineering deliverable
.git/objects/00/29ca9032091847e02aa56ce4abb6efde252b74,436708,Development cache/history; not engineering deliverable
.git/objects/00/2c1ac7b1fd6dac42c40ceee4391b2a18da8d85,359,Development cache/history; not engineering deliverable
.git/objects/00/5c033744046bc3cc6bedda5db2b2884dd695b9,324,Development cache/history; not engineering deliverable
.git/objects/00/6c9d7b502c23d5bf99acc9c8b8ad32308bd220,4300,Development cache/history; not engineering deliverable
.git/objects/00/722991f9d675275fbf28bac3a9d571bc1f9a53,48,Development cache/history; not engineering deliverable
.git/objects/00/76a0e60da19f6762c6ccfd413cafadb082e60d,634,Development cache/history; not engineering deliverable
.git/objects/00/7a8288718c0b294548b5c56df15879670a46c9,1108,Development cache/history; not engineering deliverable
.git/objects/00/96c000c975a5e00b9e3eeb177ae11da3063fc4,40546,Development cache/history; not engineering deliverable
.git/objects/00/cdbd949a21bdad1ce122373dfcdde4ee9d87ce,8070,Development cache/history; not engineering deliverable
.git/objects/01/02eaf5379b38c088388edfe9563f3870b5375e,36357,Development cache/history; not engineering deliverable
.git/objects/01/0946a0021f2eb47a32f5411ca524b5d2e96314,329,Development cache/history; not engineering deliverable
.git/objects/01/28158cb48bef4d10cfe8cfb808597fb2f5029b,110525,Development cache/history; not engineering deliverable
.git/objects/01/295dcd1ce0a53b20d324c81cfde78ceef4c4e3,3632,Development cache/history; not engineering deliverable
.git/objects/01/8fef5b7e6026491a31101db52056ab0cdb739d,8536,Development cache/history; not engineering deliverable
.git/objects/01/b93c5d9a4122514912ca03d2ed930676f5940d,67702,Development cache/history; not engineering deliverable
.git/objects/01/eb6384a413a86f5cd2a2c235e22702198bded5,17366,Development cache/history; not engineering deliverable
.git/objects/01/ee9cb85c7a525cbd0045f84445d5bc1c5ea39b,1134,Development cache/history; not engineering deliverable
.git/objects/01/f041acf12022d890b63fff4ab27e6f2395835f,1399,Development cache/history; not engineering deliverable
.git/objects/01/f72123d98d7597cf39d37b1518cf2775e12a36,856,Development cache/history; not engineering deliverable
.git/objects/01/ff852c5650ca1b69d1af1c41e43ecdf798ed97,782,Development cache/history; not engineering deliverable
.git/objects/02/0701c8548b7a00651a155a120d4e9b840a5937,1281,Development cache/history; not engineering deliverable
.git/objects/02/077ddd6b8d7376f3c4d902129f214f6d77c6b7,244253,Development cache/history; not engineering deliverable
.git/objects/02/23e1b08fb9cc37e92fe1029eed5d961fa60dbf,358,Development cache/history; not engineering deliverable
.git/objects/02/34c0e26cc939dab906505fce444fe04528d99c,56,Development cache/history; not engineering deliverable
.git/objects/02/43f41c7e0f35ee90f6db6b368ed7b6a9e75003,1829,Development cache/history; not engineering deliverable
.git/objects/02/4c7b19511d272affd2515f1b4687832aa295b1,201,Development cache/history; not engineering deliverable
.git/objects/02/6bd446322de5f5e1f1476b78606085193e49ec,133772,Development cache/history; not engineering deliverable
.git/objects/02/6d58a5a299ba7194b1dfcf6de9ba9ae8781976,220,Development cache/history; not engineering deliverable
.git/objects/02/ada67cb6dfcfa4e9ebf661e98bd919e3e14bd5,133,Development cache/history; not engineering deliverable
.git/objects/02/b3cb33fb754124818d5982fbea898354e26fbf,6868,Development cache/history; not engineering deliverable
.git/objects/02/c570613d1d20b44459a064ffe20bf93e3f8a88,215,Development cache/history; not engineering deliverable
.git/objects/02/df0fa3e65627544e3e9cd7752129e61be36c3c,228,Development cache/history; not engineering deliverable
.git/objects/02/ea78e52cf96d29ae70f76f16f4d8fe3b1eb8a9,238209,Development cache/history; not engineering deliverable
.git/objects/03/057ceb68d7ef51c44e95a2b32c6909609b87bb,1832,Development cache/history; not engineering deliverable
.git/objects/03/26813f6b83f2d0afc145092a65f750325a82c6,515966,Development cache/history; not engineering deliverable
.git/objects/03/2dce9a75321adab4152c939abeead9a3ea8c38,60130,Development cache/history; not engineering deliverable
.git/objects/03/4e77aaaa0526cb6dfda55376ddbd73502b9c5f,67,Development cache/history; not engineering deliverable
.git/objects/03/5571045e68f1df4ee2cac5c5591e3a68f116fc,1189,Development cache/history; not engineering deliverable
.git/objects/03/619a04efa3992fd94cd018cfbf61acaef02a11,203,Development cache/history; not engineering deliverable
.git/objects/03/6e774174096a37ea3b02990764a398740898d8,3278,Development cache/history; not engineering deliverable
.git/objects/03/741927b1de7f9f617bc3495a116bfc75a4fde1,1192,Development cache/history; not engineering deliverable
.git/objects/03/863a70d791004bc8ac26e7154cba7c2129d943,1189,Development cache/history; not engineering deliverable
.git/objects/03/901957a241516c032197f45325c9244b2bfff5,619,Development cache/history; not engineering deliverable
.git/objects/03/b3f9e796fc1bb163947b379338dc43e8fb9cf1,371,Development cache/history; not engineering deliverable
.git/objects/03/d55afd59756cdbf9859cf9c766288c9a1ba491,147,Development cache/history; not engineering deliverable
.git/objects/03/f0af4c158f0af8b518fb7d1984145c3f6c330c,31150,Development cache/history; not engineering deliverable
.git/objects/04/1c7a1bbe6b70eecdc2484dd9140fe71293a69e,4987,Development cache/history; not engineering deliverable
.git/objects/04/2fe03dc08f9e2333b7594c6dcd10a380257aab,3808,Development cache/history; not engineering deliverable
.git/objects/04/36b6af5b7ec2a46f98037f793c14bb195b5fa1,9260,Development cache/history; not engineering deliverable
.git/objects/04/5b2e0286aaad00843c59535f690387e699c77d,220,Development cache/history; not engineering deliverable
.git/objects/04/61093debaa0cec68c70294418b8c693be23f3a,552,Development cache/history; not engineering deliverable
.git/objects/04/6aade397ce10ff5565fd3e59b1d8fa8b459b4a,220,Development cache/history; not engineering deliverable
.git/objects/04/714deda999f4496472586c109a11d7276b4e70,44880,Development cache/history; not engineering deliverable
.git/objects/04/86366b693e3affdda84d02f0fad0598c7b999d,320339,Development cache/history; not engineering deliverable
.git/objects/04/9bb6fd7ff13ac7d13bcc4d2949622829a22afb,1308,Development cache/history; not engineering deliverable
.git/objects/04/9d7b328a9d44b1a951b80650e179e7e8d65a3c,5966,Development cache/history; not engineering deliverable
.git/objects/04/ccf221a35619082ed65c3541bd68918310efcc,1231,Development cache/history; not engineering deliverable
.git/objects/04/f9189908310507a8fde5a3fb927a2ae6e9da10,886,Development cache/history; not engineering deliverable
.git/objects/04/f9d860e481fb8bd8afd397df63e6dcd50bf61e,311501,Development cache/history; not engineering deliverable
.git/objects/05/0a451d090eb64afd9a88a676c5d5cef3216c77,241,Development cache/history; not engineering deliverable
.git/objects/05/0ede2dd96b677724a22a0e4944fa46ad2245bc,302219,Development cache/history; not engineering deliverable
.git/objects/05/15167ab12a01a577bde1ac3b210e80a9720a24,2209,Development cache/history; not engineering deliverable
.git/objects/05/1e897adf6f19921f69cc87209a71a5633a73cf,91,Development cache/history; not engineering deliverable
.git/objects/05/6d8e1de7e3dc46e2b5f908f2e71e501ef80868,1599,Development cache/history; not engineering deliverable
.git/objects/05/78f98dbad4f05523afc18ae4ab65ce4142242f,19450,Development cache/history; not engineering deliverable
.git/objects/05/817678011c88f315b011d598ab18074b7b1007,27666,Development cache/history; not engineering deliverable
.git/objects/05/9b7ff98ce4a440cb7ea4b29ff2c69af90f4e33,1593,Development cache/history; not engineering deliverable
.git/objects/05/e80be4f37c2cd3eacf0d3929e704bd85aa4ba0,444,Development cache/history; not engineering deliverable
.git/objects/05/ecd75554d2e3d65f6447d566fe326ac7af6d52,8667,Development cache/history; not engineering deliverable
.git/objects/06/0d035f54e9be8e7048be2845d68081a796dc27,282,Development cache/history; not engineering deliverable
.git/objects/06/13b31fb1b8a16f8d3f25f142c0607694a5957e,29802,Development cache/history; not engineering deliverable
.git/objects/06/3ca2f8ebb256978bcd4e5bd16551c295f31b2f,230,Development cache/history; not engineering deliverable
.git/objects/06/4b928cf996f06d4ecd8406dd2e70a12f001f57,476120,Development cache/history; not engineering deliverable
.git/objects/06/4d7b33862fbe02d25bdc8e1bc6dfb61eea2b64,5013,Development cache/history; not engineering deliverable
.git/objects/06/84d4b485f0f39d88d9136249b18044c0b6c03e,1190,Development cache/history; not engineering deliverable
.git/objects/06/8f94a569a7834cbf5ddb48a13dbbb071df2af1,84096,Development cache/history; not engineering deliverable
.git/objects/06/98955877e32f6487486ce2ca3e35c165c1c812,296,Development cache/history; not engineering deliverable
.git/objects/06/c0ba960a9e320b08f052ef60fd4b066a0bea62,13867,Development cache/history; not engineering deliverable
.git/objects/06/e0a1f6f5455e425e6a9a9efc11c0adda0223a9,18579,Development cache/history; not engineering deliverable
.git/objects/07/134854cca9ad9dc0ca330a7a312924a579019a,200,Development cache/history; not engineering deliverable
.git/objects/07/5e26946621d2b4ed71f9eab8fba8f00c8e32f9,201,Development cache/history; not engineering deliverable
.git/objects/07/63802efff80e341b73bfc6c6d94b004d84ee15,8451,Development cache/history; not engineering deliverable
.git/objects/07/6c6a2c3045b9a0d5676552ee15df7755e50a30,2422,Development cache/history; not engineering deliverable
.git/objects/07/6f7839d3f05b99e193557ea417820a22d3c12a,4900,Development cache/history; not engineering deliverable
.git/objects/07/818d20781069b571f4ea234975c7d01b4338e6,120764,Development cache/history; not engineering deliverable
.git/objects/07/8acc505b981fb7b7b8bf15cd146499a37b4834,277374,Development cache/history; not engineering deliverable
.git/objects/07/8de9b42cdd84269ec27411fe012249bab8978b,2419,Development cache/history; not engineering deliverable
.git/objects/07/93fae69e70dc36cebfe09af03884cb7ed517d7,48,Development cache/history; not engineering deliverable
.git/objects/07/999c112bf77a5c9747bd2a2b64a51323cc3178,6753,Development cache/history; not engineering deliverable
.git/objects/07/b5c48a4313351ef5c17687ff370df903ea17ad,4751,Development cache/history; not engineering deliverable
.git/objects/07/c3dc32aff9357c491ad36d99a21d90ba8c6fe4,44,Development cache/history; not engineering deliverable
.git/objects/07/d0f68fe449d67728c315135e7f7f1598817bb5,3884,Development cache/history; not engineering deliverable
.git/objects/07/de4daa49b618989f90e590b4f3677636214949,9925,Development cache/history; not engineering deliverable
.git/objects/07/e7985874f6bba0338e7e5fe53eb01ee3cf83fa,5927,Development cache/history; not engineering deliverable
.git/objects/07/ec1610bc49e92af0675eae08955419f61fc85c,22587,Development cache/history; not engineering deliverable
.git/objects/07/ef5d40113eb76790519fb63358deaf3bddad8d,660,Development cache/history; not engineering deliverable
.git/objects/07/ff36d737a04a5193f818fed8b390d829897774,26274,Development cache/history; not engineering deliverable
.git/objects/08/188c05ad68122874fe382c571a541376cc5b7c,2558,Development cache/history; not engineering deliverable
.git/objects/08/4d87cff3a52d84eca78c79e01978f37e2679bb,65597,Development cache/history; not engineering deliverable
.git/objects/08/52b8d2d9a941d8911ea4cc3703472a2f65d622,264,Development cache/history; not engineering deliverable
.git/objects/08/5f99e1b70cc9aa0550d5e22e59f813099706c7,24765,Development cache/history; not engineering deliverable
.git/objects/08/6efc3e8049666639663b8fa7f06fe4935ade6e,235,Development cache/history; not engineering deliverable
.git/objects/08/a24bc52961770a9c67628f4f1eb2cdbcb02241,2079,Development cache/history; not engineering deliverable
.git/objects/08/cb21d2104ac2e50fce789d257a28395d3b14c4,822,Development cache/history; not engineering deliverable
.git/objects/08/e25a17064bcd75d37d2f39ec8f040861e885ed,65289,Development cache/history; not engineering deliverable
.git/objects/08/f3365d8095665861ceb8abce8328f8d401545a,88359,Development cache/history; not engineering deliverable
.git/objects/09/0a033a1a8649ce97506abeda0606d010d6f48f,101,Development cache/history; not engineering deliverable
.git/objects/09/27cfd2aa18986d2f0ef9ec6570d593c0e10d95,91,Development cache/history; not engineering deliverable
.git/objects/09/36a646febbedbfda6ff8f0df6a6e94f1cd02ed,122392,Development cache/history; not engineering deliverable
.git/objects/09/4835853ac3482686efd018d0f43e6570a05c24,608,Development cache/history; not engineering deliverable
.git/objects/09/50a3f6c74a460850f69e1c50d0276156f9ecc8,1733,Development cache/history; not engineering deliverable
.git/objects/09/6e47005e28e0ed0d4df7d0f3d498ac1fb04f01,211560,Development cache/history; not engineering deliverable
.git/objects/09/717743d86ed99bb79a807d94489f1d3e8ef970,858,Development cache/history; not engineering deliverable
.git/objects/09/a41997e8f60e6909217aaf21e6aac9f9920860,2615,Development cache/history; not engineering deliverable
.git/objects/09/b900ae6d3622b8908776095b222e102a8ceef0,29375,Development cache/history; not engineering deliverable
.git/objects/09/cc06a0b137a8a44e4e5b5d8e97ba6421bfbc5c,523,Development cache/history; not engineering deliverable
.git/objects/09/ccf9cf90ad43cad8fb2adf9847829024aef868,47734,Development cache/history; not engineering deliverable
.git/objects/09/e238521755528ea0c13dda18608276d05e498d,272181,Development cache/history; not engineering deliverable
.git/objects/09/f05173f28e15ae115579a11de561ce2382636d,8496,Development cache/history; not engineering deliverable
.git/objects/09/fb8690b2373d5117a590ab9be00cfff749fb9e,295,Development cache/history; not engineering deliverable
.git/objects/0a/03131a9e0a4858a671adcfe5853f4f5e290aba,9253,Development cache/history; not engineering deliverable
.git/objects/0a/0c7ce99bb4de64a5808c376d2b45b56281dcb0,88,Development cache/history; not engineering deliverable
.git/objects/0a/115e07224c080069ef0b84533559457ba10020,29999,Development cache/history; not engineering deliverable
.git/objects/0a/154bf0a6e51b8be27cb1e68814b3f81f2e0154,505307,Development cache/history; not engineering deliverable
.git/objects/0a/1c1afd56be2250494630c284e4335cd23de279,4213,Development cache/history; not engineering deliverable
.git/objects/0a/26329cd256b5f74083745ee3c67f90a569bcc2,8811,Development cache/history; not engineering deliverable
.git/objects/0a/377e5e9c6ac66b6d80651474e16189f681b86f,61,Development cache/history; not engineering deliverable
.git/objects/0a/5408923f66b4bb9e2b959e76e625bda8328127,3606,Development cache/history; not engineering deliverable
.git/objects/0a/6574647281ef6f2a3002b75fae2ff19f8e851d,1129,Development cache/history; not engineering deliverable
.git/objects/0a/86e5b31fa05306b815407e3095cf75d638e7b4,48,Development cache/history; not engineering deliverable
.git/objects/0a/b02c744036680bcf6b7f529b39a1d5ac4956c5,261,Development cache/history; not engineering deliverable
.git/objects/0a/babe5a394ca0e8b5ec53115daffd8963bf5f9d,1492,Development cache/history; not engineering deliverable
.git/objects/0a/bf7dd0cb04fc0df114905190e335bee004b95d,10935,Development cache/history; not engineering deliverable
.git/objects/0a/f6b70f9bbe004f7e80cad1d07500e5f17f0ec4,5791,Development cache/history; not engineering deliverable
.git/objects/0b/21640c44d72229688b7981dbf5346873d49b53,16791,Development cache/history; not engineering deliverable
.git/objects/0b/33a17485e2582fe5033b17a4d3bd74b10ce6bc,55510,Development cache/history; not engineering deliverable
.git/objects/0b/3d6dcfcc83c4daa10ac0a12e670b506f2af127,50,Development cache/history; not engineering deliverable
.git/objects/0b/61ae2eca135a6ead6cb1d1ba4a1bafc05d564b,1020,Development cache/history; not engineering deliverable
.git/objects/0b/6b3a32f62c870d52aac5f4daafe748fd7145e4,92,Development cache/history; not engineering deliverable
.git/objects/0b/8bdaf0e85f5966cbb8e8f0cbb974b3548ddd6c,319719,Development cache/history; not engineering deliverable
.git/objects/0b/a811fdbbef5e2e212363d0429ae05bf099c064,5650715,Development cache/history; not engineering deliverable
.git/objects/0b/b2b20a444bbb0a724819175a21634ea609f331,2720,Development cache/history; not engineering deliverable
.git/objects/0b/c5b067ff009e9b693feb94c0dfc62060b31d40,8503,Development cache/history; not engineering deliverable
.git/objects/0b/c63e747a85673f6d87e19be741a7aaeea5d908,5095,Development cache/history; not engineering deliverable
.git/objects/0b/dc793bdbe94d7b0e1403b3c531869fd648b92d,94672,Development cache/history; not engineering deliverable
.git/objects/0c/0114c452cabbae1893bf27f8df1d10e74e1698,777,Development cache/history; not engineering deliverable
.git/objects/0c/0b31ab8f7dcdc6ad4bd96c1dcc10df980ccaf1,8408,Development cache/history; not engineering deliverable
.git/objects/0c/1d796b88cc364c28235e8c1cb2905388d10422,173008,Development cache/history; not engineering deliverable
.git/objects/0c/2cb33b1f2821b091814aa0917c89724212bf3a,35063,Development cache/history; not engineering deliverable
.git/objects/0c/3de9e049ed60979203621312c70f49a61de22b,91,Development cache/history; not engineering deliverable
.git/objects/0c/4e28a9dc57b89fa7c5032648b923d4b7d772ef,3403,Development cache/history; not engineering deliverable
.git/objects/0c/549b47f6cf73c1651b6b0cd8b72a20f91c9189,1872,Development cache/history; not engineering deliverable
.git/objects/0c/5921e0588808580a8b9e1af265b9afa19629d7,358,Development cache/history; not engineering deliverable
.git/objects/0c/5e7270ab1741f5cd737419870b9aaea7b04c7c,85625,Development cache/history; not engineering deliverable
.git/objects/0c/6326c8f2c25d439f6da4fc5b7ff9a8c51d19cb,492,Development cache/history; not engineering deliverable
.git/objects/0c/73e6959642e846730c57dd5da2d7e513ff89a8,291,Development cache/history; not engineering deliverable
.git/objects/0c/81dbd93a9899a495415c57ed868f4839f6d50f,223,Development cache/history; not engineering deliverable
.git/objects/0c/8970ebbc5fd2be6feafb9767dd74e2e37ec300,161605,Development cache/history; not engineering deliverable
.git/objects/0c/8c319a621759595302542e9c2a8b5e9e7601d4,9207,Development cache/history; not engineering deliverable
.git/objects/0c/a3cd9370d5a1f5db9f8203a2cd03568047fac3,43905,Development cache/history; not engineering deliverable
.git/objects/0c/a605514689ca89720af9993e44e02495ea81a4,56,Development cache/history; not engineering deliverable
.git/objects/0c/be6dee1a0d6568f757048aacfc14aa0bb823de,1831,Development cache/history; not engineering deliverable
.git/objects/0c/ec273550e1aa63568808fd89bb17873450ca6d,13494,Development cache/history; not engineering deliverable
.git/objects/0c/ed6b55825ad06b54470866acd401a89b0aa178,215,Development cache/history; not engineering deliverable
.git/objects/0c/f21f5c5896ea5b31abcc87d36d5508fd19b19f,282,Development cache/history; not engineering deliverable
.git/objects/0c/f37ded5475993ad807a0d2bccdc8eed1058661,370,Development cache/history; not engineering deliverable
.git/objects/0d/0d7300c5bc909a1ea94ad50e6221455f42c086,214,Development cache/history; not engineering deliverable
.git/objects/0d/4f7f51c011ac34394e4236aa0ea48b90690290,39086,Development cache/history; not engineering deliverable
.git/objects/0d/511dd9550f8cd668d8f93c46f772ef909530e8,2155,Development cache/history; not engineering deliverable
.git/objects/0d/604928dd74527f2ffc6a9ffa71798dfce8eb23,245388,Development cache/history; not engineering deliverable
.git/objects/0d/66de90bd6852e02e2c1437cd811055ec66a9e1,147094,Development cache/history; not engineering deliverable
.git/objects/0d/6a1fa42daff25b4247eba0500317422a6a7406,74,Development cache/history; not engineering deliverable
.git/objects/0d/70e5c13c1cee8800f65065f16040feace650a3,4036,Development cache/history; not engineering deliverable
.git/objects/0d/813693ef37b43b094afe7188a33315bc7337da,74,Development cache/history; not engineering deliverable
.git/objects/0d/9b1fcce957754880544bce9af2e910a91e5b67,11556,Development cache/history; not engineering deliverable
.git/objects/0d/bfe69d6d279707366887c13b653f8156ad2f69,2957,Development cache/history; not engineering deliverable
.git/objects/0d/c3994fd17d73119980b53c778c1908b402f699,9250,Development cache/history; not engineering deliverable
.git/objects/0d/e9d2d504354a79c44b1fee9756d7f54777daa5,73,Development cache/history; not engineering deliverable
.git/objects/0d/fe2da7e19fac283a4b25db8d2c699cdad75a44,2359,Development cache/history; not engineering deliverable
.git/objects/0e/120d8a5b0f2b19a93b24ad2d81a5905ff1c39d,61101,Development cache/history; not engineering deliverable
.git/objects/0e/13075d2d47ad99814552ae668a62f32bafbd2e,24807,Development cache/history; not engineering deliverable
.git/objects/0e/1b0d8126ce55e18bd3fe5e905dbf4c79022411,177,Development cache/history; not engineering deliverable
.git/objects/0e/3316dbaa674b9deeedab247fd425d5442f97e7,212,Development cache/history; not engineering deliverable
.git/objects/0e/357241f2d2f1b13b4ba089b3b986b69e6534cb,1886,Development cache/history; not engineering deliverable
.git/objects/0e/4ca2c68465a81ffdebc000a1c7e6ebfb2be8d2,65734,Development cache/history; not engineering deliverable
.git/objects/0e/529d3484e754110ff3943a9df05eebe5489b02,99429,Development cache/history; not engineering deliverable
.git/objects/0e/57cc24646f67241774df747c9c26ef07cb7cc7,90,Development cache/history; not engineering deliverable
.git/objects/0e/72550c3314ab480bdd689322bc3f1ddb38e2cd,1111,Development cache/history; not engineering deliverable
.git/objects/0e/7294fe59d8d733da9e5a3412ca0f8389da58e8,1620245,Development cache/history; not engineering deliverable
.git/objects/0e/8063a012754610ff06042126422542e2593ae6,2594,Development cache/history; not engineering deliverable
.git/objects/0e/82e494f8fb424ab311c9b30c720cd801275ef1,1110,Development cache/history; not engineering deliverable
.git/objects/0e/8cebf939fedecd5d8a411d17190763b3ccb7b7,1191,Development cache/history; not engineering deliverable
.git/objects/0e/a8e56027a981de8c571bf53966a2f49bddd1b2,341945,Development cache/history; not engineering deliverable
.git/objects/0e/aec4eceefb002efcce1e3f379a80b3f4abf429,628970,Development cache/history; not engineering deliverable
.git/objects/0e/d6f8e009dd8160e78fa39043ad2c6140676759,50344,Development cache/history; not engineering deliverable
.git/objects/0e/e4ed44380d4efacfe6e6e944057de110672ac6,2963,Development cache/history; not engineering deliverable
.git/objects/0e/e9393a858feb93098747ff4682ddb7cbc76426,128,Development cache/history; not engineering deliverable
.git/objects/0e/e94b119cba6ae467d2cd7ceb32983d4617a80b,48,Development cache/history; not engineering deliverable
.git/objects/0e/f3fe019007fd5656dae708179b6324fd85261b,24457,Development cache/history; not engineering deliverable
.git/objects/0e/f4ec1d971c5091a5c72495165bda9c3a1188df,308,Development cache/history; not engineering deliverable
.git/objects/0f/03c83206915e66f313243e8f956759e1a53c7f,2769,Development cache/history; not engineering deliverable
.git/objects/0f/1f3aee1a36cb32b786f07ee7078bf5125509fb,9375,Development cache/history; not engineering deliverable
.git/objects/0f/20620084aaf9435efb54308d192c5efef3a484,168,Development cache/history; not engineering deliverable
.git/objects/0f/256d7eb47c16685b5c48cf4c79790544ad9fe3,128,Development cache/history; not engineering deliverable
.git/objects/0f/3870a5a5436d09e19a19ae61d403a5c3957d63,246,Development cache/history; not engineering deliverable
.git/objects/0f/3896684d22448d3c7ca57f44de4c9824cbe2b7,264,Development cache/history; not engineering deliverable
.git/objects/0f/3a3b55f4e15672a3667a66c7309fb890b7d43f,14187,Development cache/history; not engineering deliverable
.git/objects/0f/5d2ff52c4dc4e80b3d0327f0d669f5e73395b0,950,Development cache/history; not engineering deliverable
.git/objects/0f/7ad75eeec894f4a3ccacff66f98acd12b17bc3,10035,Development cache/history; not engineering deliverable
.git/objects/0f/862e35e3c4f2724e54d01305c90ad0b451be72,1305,Development cache/history; not engineering deliverable
.git/objects/0f/b7e710b8c6fb328ae293b68528e10f0c758141,358,Development cache/history; not engineering deliverable
.git/objects/0f/c6d223cb8eba8ebfdbf1b39ef449df6ab9afcf,828,Development cache/history; not engineering deliverable
.git/objects/0f/e65bcf6456bde6d0dcd6299b4bcc07619bc37b,152693,Development cache/history; not engineering deliverable
.git/objects/10/446f1e50e84812af60e0a770e66fa9bcac3fe8,202,Development cache/history; not engineering deliverable
.git/objects/10/469decf3feb1ceb5c764253979a1290cb29d74,1312,Development cache/history; not engineering deliverable
.git/objects/10/4ad039ff0ca3837af21e66964ca86f0e1e9ce6,229457,Development cache/history; not engineering deliverable
.git/objects/10/7a1171f4723b0c540b9480c8dedbfb9855a0f7,51,Development cache/history; not engineering deliverable
.git/objects/10/80a72fb3ca22c659cf981c694ae34b37f5eea7,44,Development cache/history; not engineering deliverable
.git/objects/10/87c071cf92298650a871f45327166e3f858ded,122361,Development cache/history; not engineering deliverable
.git/objects/10/cf04189f7f5eb005ca4221ba9d7b6c6f9b43c9,15404,Development cache/history; not engineering deliverable
.git/objects/10/d0350885c8b3e4c2de77b8d295b5947f6d623e,381,Development cache/history; not engineering deliverable
.git/objects/10/e30d9281726e02964c216a84555b90eceaf7ec,359,Development cache/history; not engineering deliverable
.git/objects/10/e5d99ab590c78f10c8fad8d0fb637705255afb,4948,Development cache/history; not engineering deliverable
.git/objects/11/0e662dd0580b444cd33e303ef6d1c14a5c2d22,66495,Development cache/history; not engineering deliverable
.git/objects/11/1063358856f170bf754f77248e61ff15c4ed26,10907,Development cache/history; not engineering deliverable
.git/objects/11/1e898de96b79cae6a2966ba09eafa8abcfbb02,14809,Development cache/history; not engineering deliverable
.git/objects/11/2bfe65c9d0cea32c54737079b831b8c837fbd5,1500,Development cache/history; not engineering deliverable
.git/objects/11/528c76227b25fb754942cae6b191bc68e80f1b,24225,Development cache/history; not engineering deliverable
.git/objects/11/528f75d30bbfbfb46b1548248f4b40b0a1d8b8,524,Development cache/history; not engineering deliverable
.git/objects/11/5712621a49e858287bd522b31473456067e587,454,Development cache/history; not engineering deliverable
.git/objects/11/5ed74d8cf36c2747747eb96343f4f1e8dba789,5143,Development cache/history; not engineering deliverable
.git/objects/11/6465a281ca6f541f5764b5a29bbc69cbae3ce5,57,Development cache/history; not engineering deliverable
.git/objects/11/84bbb95331dae88cc6ab477b4f1ecb2c80c8d6,4227,Development cache/history; not engineering deliverable
.git/objects/11/8a6819e8b10e1bd9452f7fc62190cb5ed51d3c,8826,Development cache/history; not engineering deliverable
.git/objects/11/954a69eb0fc657f7e3f9b96813c0e384964f26,12579,Development cache/history; not engineering deliverable
.git/objects/11/9b23f9806d11d91b82f111eca797696658dd8a,91270,Development cache/history; not engineering deliverable
.git/objects/11/a9fc18df6a38748258357f1df333f2e8a296c0,1317,Development cache/history; not engineering deliverable
.git/objects/11/b46f95f52220d368ec195e8264ab642ca14efa,829,Development cache/history; not engineering deliverable
.git/objects/11/c188b600824e455a6fa8d5f62d0bfc13b5f96e,3167,Development cache/history; not engineering deliverable
.git/objects/11/d3c218dae71eacc4e0e8602b824bb98f951a1f,1411,Development cache/history; not engineering deliverable
.git/objects/11/df01dd67a4bbe8e5349eda8dea7959321705cf,4985,Development cache/history; not engineering deliverable
.git/objects/12/065f25bed9fc0c8850395cc9eee7574aa34f56,261,Development cache/history; not engineering deliverable
.git/objects/12/1cac87240f6b36557b70380b595920bb8e10d9,71,Development cache/history; not engineering deliverable
.git/objects/12/22ff7bc7d7e26835fa2410decf60fac03ebe34,48,Development cache/history; not engineering deliverable
.git/objects/12/6e139e54fe3262d58146b0e49732ad49a9bf26,275981,Development cache/history; not engineering deliverable
.git/objects/12/6eaaf6d3a368affe8b2a629a2ef236cfaffc83,215876,Development cache/history; not engineering deliverable
.git/objects/12/a259e91e4a9f200bbf1ad5683e7a38dfadc761,240,Development cache/history; not engineering deliverable
.git/objects/12/d2c0b582ea42abdd14f2445266cdbe958a53e8,905,Development cache/history; not engineering deliverable
.git/objects/12/f103a8aa38cfb4b4526676ca14e3f1b71889e1,136320,Development cache/history; not engineering deliverable
.git/objects/12/faff5e80f9851a64d3fa8e9f7f433a2625c0d6,79823,Development cache/history; not engineering deliverable
.git/objects/13/15ff1d16961fa7f9295fc7616b5f5432aa18b1,4014,Development cache/history; not engineering deliverable
.git/objects/13/37f1404fa3325cbd4ef8cd2d1220da3d7c81f8,677,Development cache/history; not engineering deliverable
.git/objects/13/5edf63cbf98122875bcda481d3184f0ff003a9,1319,Development cache/history; not engineering deliverable
.git/objects/13/627ee455b395841d5c63f90c2c249dd2d18963,1132,Development cache/history; not engineering deliverable
.git/objects/13/6596ebb80ee03c6a63b902a7ae5db107499c2e,5037,Development cache/history; not engineering deliverable
.git/objects/13/707604a86204ca9ce1bff64724aee3f95cf8bf,213,Development cache/history; not engineering deliverable
.git/objects/13/85ebc2266ea491dabcc7509dba419b11af8afd,4403,Development cache/history; not engineering deliverable
.git/objects/13/8aa947b2a702170afa503465396b9bd6b4c5c2,258836,Development cache/history; not engineering deliverable
.git/objects/13/8d6225cefeeb34cf115a575d89e5c5df5ba9c7,133,Development cache/history; not engineering deliverable
.git/objects/13/a06d894dddc11abee3990eccc507b3054f3896,48,Development cache/history; not engineering deliverable
.git/objects/13/a25b80fb83af88aa5d9e8b45435d45bf39b9ed,958,Development cache/history; not engineering deliverable
.git/objects/13/ae4b22b86e81eb485c82643039aa75a3ab3b06,2062,Development cache/history; not engineering deliverable
.git/objects/13/c09ab928404579b44e1cef87b355264e7331e4,273,Development cache/history; not engineering deliverable
.git/objects/13/d02f84c9121864989559818b6e29972a1a719c,50435,Development cache/history; not engineering deliverable
.git/objects/13/d3fecd7b0231cd5fb695b40b911ead85fd4a50,65872,Development cache/history; not engineering deliverable
.git/objects/13/fab79f1d0580569b33d14720ec93dd8cdf1fae,5037,Development cache/history; not engineering deliverable
.git/objects/14/3eb9729025e981515d9d2bd9fc926dc020644c,118,Development cache/history; not engineering deliverable
.git/objects/14/58c58fd8f7556e5a67a497eb19e473a8c3e412,3826,Development cache/history; not engineering deliverable
.git/objects/14/6f6e88a6d75fe7548d6c95327e34b8ef065d0a,91,Development cache/history; not engineering deliverable
.git/objects/14/7bb38cc7b7b4f4fbbb126e0fa3cdf6beddbbf8,589,Development cache/history; not engineering deliverable
.git/objects/14/a73e96a3f6442eac3bcfbf156bf8054721d0b3,675310,Development cache/history; not engineering deliverable
.git/objects/14/c6f02acf4c2920f7f7fb41a2c5648e57b424e6,357,Development cache/history; not engineering deliverable
.git/objects/14/d7dff9bd6ff91b81f8a3ffa6ceed6f51bddce3,48,Development cache/history; not engineering deliverable
.git/objects/14/f11667bd182326b55f79fd74da610f84d344f4,470555,Development cache/history; not engineering deliverable
.git/objects/14/f9ce517173bca7b6676f24fd851e9c4cd27462,354468,Development cache/history; not engineering deliverable
.git/objects/15/0ce108cf59bbc995a9f2af9eb512f102c58d3b,295213,Development cache/history; not engineering deliverable
.git/objects/15/2b30cec40ba93f0fdf7da8d52df44960bb6539,6877,Development cache/history; not engineering deliverable
.git/objects/15/337a6cf7f4cb9573d05652caaede6afc5df94f,27980,Development cache/history; not engineering deliverable
.git/objects/15/7373bbe91ad46df08a4122a0a9d8407fd883ce,102637,Development cache/history; not engineering deliverable
.git/objects/15/86ecaba8fe0c7ee11b1862eda7da961b7b85ce,390,Development cache/history; not engineering deliverable
.git/objects/15/872684608eb8f4dee498f98a6aa2fac75ddbc9,53524,Development cache/history; not engineering deliverable
.git/objects/15/a8a2617ec5faecb1bae826911d2557b3379e2c,1424,Development cache/history; not engineering deliverable
.git/objects/15/bbfd1462943b9588c3ecc4593f813e989c9797,14315,Development cache/history; not engineering deliverable
.git/objects/15/bf4102dd4f67273380a7ac799df011c68b01f4,5037,Development cache/history; not engineering deliverable
.git/objects/15/bfad8cc73be20467137a0ac752299f85bfb7f5,4641,Development cache/history; not engineering deliverable
.git/objects/15/da8c029d39a6fead8ef2d6b8a44e603114b0ed,829,Development cache/history; not engineering deliverable
.git/objects/15/f3d094accc81fed4cafe6e5ee80e9ef39602a3,784,Development cache/history; not engineering deliverable
.git/objects/16/01ae37832d6a2fdba91ca45c3e0419c6134842,949,Development cache/history; not engineering deliverable
.git/objects/16/044f4e1164127082acdd5ffc1421bcad526a3e,24190,Development cache/history; not engineering deliverable
.git/objects/16/07137a5968c96d07fb1d5b1c58675796bdf529,222194,Development cache/history; not engineering deliverable
.git/objects/16/119ff77427ad4b92ec5d242253fa7705899a96,25101,Development cache/history; not engineering deliverable
.git/objects/16/165eca919536ca60c78f33a1ff3041014d4374,1049,Development cache/history; not engineering deliverable
.git/objects/16/179de46a971375309d794f16f7c747b027f3bd,1097,Development cache/history; not engineering deliverable
.git/objects/16/5b6e94c1293662f2e37f79465726ba81b618d7,1158,Development cache/history; not engineering deliverable
.git/objects/16/b546320df7da723b7b7785c4e5fa93d6fa4f2f,120842,Development cache/history; not engineering deliverable
.git/objects/16/dad67b19611425a6de2bd42c1e0ffb3d8dd35d,134,Development cache/history; not engineering deliverable
.git/objects/16/fad39c0d042a3c54cb34ebbd7999c0780b297b,27340,Development cache/history; not engineering deliverable
.git/objects/17/047c9cb78ad78a78858fd21c625b531d06e6a6,621,Development cache/history; not engineering deliverable
.git/objects/17/19aead25903aaa12d44fa29bba3d491a943d1a,248823,Development cache/history; not engineering deliverable
.git/objects/17/19e099cc8adc2461b21dd1e7f24762e05ab2ec,839,Development cache/history; not engineering deliverable
.git/objects/17/3fbb57ba6e5d911df1d20e20cda9d96a043dd2,427,Development cache/history; not engineering deliverable
.git/objects/17/4087dd3de010d491e51e7e1a3d442c8a5ae202,76184,Development cache/history; not engineering deliverable
.git/objects/17/4a5dd41cd7bcebd72492215f7000fed0222ab9,826,Development cache/history; not engineering deliverable
.git/objects/17/60b69e6b063f9c07e1a5e323b001014b4b629c,1687,Development cache/history; not engineering deliverable
.git/objects/17/7e419511a5bb85bbacc433ae7cef4583747919,46190,Development cache/history; not engineering deliverable
.git/objects/17/ddca32b556a587a4385e62333a0574d416e88b,433,Development cache/history; not engineering deliverable
.git/objects/18/057990a0fb6066c2acd8a741746ee44cbea031,633,Development cache/history; not engineering deliverable
.git/objects/18/399214c3905d0ae58bfff86c9eed93cbfd21ce,85,Development cache/history; not engineering deliverable
.git/objects/18/68e135e239938845b9afbd6c894abc3aea98f6,53543,Development cache/history; not engineering deliverable
.git/objects/18/9de4a1b44693b1e71a7525ca9774710815ba20,11706705,Development cache/history; not engineering deliverable
.git/objects/18/af37fb771cfa47737f5e24644edf97e473f72c,2232,Development cache/history; not engineering deliverable
.git/objects/18/bf78e3343a4202e3f9b3660f45557743a93917,144,Development cache/history; not engineering deliverable
.git/objects/18/c9827eeb163430634b102680a739362792fadb,1121,Development cache/history; not engineering deliverable
.git/objects/18/da67f35f69c9c83b5bfd5c5b8732eb9ab0875e,110349,Development cache/history; not engineering deliverable
.git/objects/18/e0eb78b1d119e84e9acbed5949b7313c00d57f,324,Development cache/history; not engineering deliverable
.git/objects/18/faa54b6e72ecf359df1c993a5d3fe94e184015,230120,Development cache/history; not engineering deliverable
.git/objects/19/06fba947c50eab1ee139b3c5dd95c8879a5a9d,133,Development cache/history; not engineering deliverable
.git/objects/19/3f0524bb7fce6bbe36cf0b5e0607f8cb96beff,5041,Development cache/history; not engineering deliverable
.git/objects/19/484f2c36ecd756827d23ca2c84564c9278415d,195,Development cache/history; not engineering deliverable
.git/objects/19/51b0b2dce771148dd9a2d25cc8ebcc204147a4,3129712,Development cache/history; not engineering deliverable
.git/objects/19/956487205118e92b19b0436f4f070a9c4bdb18,332,Development cache/history; not engineering deliverable
.git/objects/19/9aad49c645f80567332c471e79f793c09fb170,2834,Development cache/history; not engineering deliverable
.git/objects/19/a2a494747a3d07fe5449dc0979ca6dd1afb9b5,6415,Development cache/history; not engineering deliverable
.git/objects/19/d6d0e853efd09fc66793630f0fbb33d1b96f16,9254,Development cache/history; not engineering deliverable
.git/objects/19/d748bd16e7f930fb3cffd5467ba7c8645d5659,289527,Development cache/history; not engineering deliverable
.git/objects/1a/08f8595d97e88b8b813a7db7d919f8b93d09c3,1011,Development cache/history; not engineering deliverable
.git/objects/1a/89b188e75417762292dc71e2c396e78686ce3f,205522,Development cache/history; not engineering deliverable
.git/objects/1a/9d1b985f6fab9a10009d77aab9d08d7092c85d,237418,Development cache/history; not engineering deliverable
.git/objects/1a/ae1f72d435cc4e0dc3b61296f2fde0d2ab4e76,246286,Development cache/history; not engineering deliverable
.git/objects/1a/f99c286004b86ff60d285fd7cedc1e433a46af,48,Development cache/history; not engineering deliverable
.git/objects/1a/fc0624d1e302cc17eb2fc14a04fd8ca5919042,1164,Development cache/history; not engineering deliverable
.git/objects/1b/039f8e27d1ffb387a1992b7f645ddeccdd15a8,491908,Development cache/history; not engineering deliverable
.git/objects/1b/1fde1c7cb8a236054797a41ed0d9df1afc0ad0,5115,Development cache/history; not engineering deliverable
.git/objects/1b/260f8a5b83aa9f0ef694a8d4e749ea7ce8d661,45,Development cache/history; not engineering deliverable
.git/objects/1b/349d5dbd58afdddb3a1c73b1b2f3cf6b520651,1831,Development cache/history; not engineering deliverable
.git/objects/1b/4dced64e0ab16074fb3c3f05988cdc8fed8889,451922,Development cache/history; not engineering deliverable
.git/objects/1b/5915b5f2c25dc11d4bfba795577002e79b8259,270,Development cache/history; not engineering deliverable
.git/objects/1b/9c920c5436ef73a92e0e1533babf4a28c57d64,261,Development cache/history; not engineering deliverable
.git/objects/1b/b442e7270f1145f18b168e4df197cd83d09c18,1027,Development cache/history; not engineering deliverable
.git/objects/1b/c8782c63212f7bf4b9a086fd115eae0a537202,264,Development cache/history; not engineering deliverable
.git/objects/1b/c9068e08dededc43475e4f14b2a63e0a0da7e5,1236,Development cache/history; not engineering deliverable
.git/objects/1c/019c645a1a500d65648db908f4e16712320645,190,Development cache/history; not engineering deliverable
.git/objects/1c/09fdc8ef4b14aabb222446acde577c188a8ea6,73,Development cache/history; not engineering deliverable
.git/objects/1c/15f9578254f0019b136c80809c3d59655a5ea7,21993,Development cache/history; not engineering deliverable
.git/objects/1c/1c5df7b2b8011f64c281e1f2fba2fc53b17a16,62,Development cache/history; not engineering deliverable
.git/objects/1c/3c647010df938b80803b8ec016aa78c69ae75d,48,Development cache/history; not engineering deliverable
.git/objects/1c/4864181e4530e78b901f23b9e4077903d3d6af,296441,Development cache/history; not engineering deliverable
.git/objects/1c/6aa84cb0c500e50905faee9f36aabb7fcf12c3,209437,Development cache/history; not engineering deliverable
.git/objects/1c/a2b16553e47c859dbce82501135d63f5cc789d,358,Development cache/history; not engineering deliverable
.git/objects/1c/b51e57764af3aba7535780e1284c6df7b07e23,48,Development cache/history; not engineering deliverable
.git/objects/1c/b64813ff135d5eb1851e15bfdd55451de3d18f,129,Development cache/history; not engineering deliverable
.git/objects/1c/ba099b2edb8858cc9db1f4a85fe89c887b259a,248,Development cache/history; not engineering deliverable
.git/objects/1c/caa648c24c81a6860883299e624b8ea1090f75,571690,Development cache/history; not engineering deliverable
.git/objects/1c/cf0774fa771905346033f769d791571a7e7a8e,4729,Development cache/history; not engineering deliverable
.git/objects/1c/eb381163b1054fa6bb546740b5b7dd79e8e473,19958,Development cache/history; not engineering deliverable
.git/objects/1c/ebc307c8411b2fe8febba5c973e0fd4bc6f110,61,Development cache/history; not engineering deliverable
.git/objects/1c/ee29d7c7f5bf630d393716df4e86cbb5550e7a,3020,Development cache/history; not engineering deliverable
.git/objects/1d/034e8bb31dce3e7b4382347e3830e316bff5bf,222,Development cache/history; not engineering deliverable
.git/objects/1d/1d6bb1ff0e17bc82dbb6299b41fdaa96ccd55f,847031,Development cache/history; not engineering deliverable
.git/objects/1d/21f77fc3930bbce9eb419ffba90f91b227039e,907,Development cache/history; not engineering deliverable
.git/objects/1d/231f33f27ea75b3596c19fb0f5c38e0db945fe,977,Development cache/history; not engineering deliverable
.git/objects/1d/23775ca7ec90b016889fdd6fb8e0bcfe3779dc,9246,Development cache/history; not engineering deliverable
.git/objects/1d/3ed9db0fc13ff50bd11372d0e8b7792e2f9b5c,37201,Development cache/history; not engineering deliverable
.git/objects/1d/4eec7141b9d2272aeffd98083bd06e70eaf37e,5037,Development cache/history; not engineering deliverable
.git/objects/1d/68d352d6080fc9119c1f76d1dcb46ad8b4d56c,8595,Development cache/history; not engineering deliverable
.git/objects/1d/7486cffdc28bb62a6f7edac3628c064dac565f,149,Development cache/history; not engineering deliverable
.git/objects/1d/8dd1c16b553edb358624c291628fe3f7b06e8c,510,Development cache/history; not engineering deliverable
.git/objects/1d/9c2f089b16e9c3ced00b79d435ea180f2b2827,196,Development cache/history; not engineering deliverable
.git/objects/1d/a731356f46d3dbdcc7413837b3d2f8766616e8,8495,Development cache/history; not engineering deliverable
.git/objects/1d/d82a2c18af3212c96f7eff2ff0ac1495e38d43,375836,Development cache/history; not engineering deliverable
.git/objects/1d/d92bc915a33b0f9eb31e079abf0feada127a62,13214,Development cache/history; not engineering deliverable
.git/objects/1d/de238f0fc299ee8de3ab8e597eee31cb200694,1327,Development cache/history; not engineering deliverable
.git/objects/1d/e329aba042d30c94832da8a7d1ec639692270f,8416,Development cache/history; not engineering deliverable
.git/objects/1d/f2eefad6adb89a327f3127d9c0a1fb986e181b,300023,Development cache/history; not engineering deliverable
.git/objects/1e/2a78dc68123fc9aee8f8814be25e74bfe213ef,272,Development cache/history; not engineering deliverable
.git/objects/1e/3e20da365129fa51be7dc75ede8bc373286302,173,Development cache/history; not engineering deliverable
.git/objects/1e/4718315402f9d649a99219705416cd3d218603,776,Development cache/history; not engineering deliverable
.git/objects/1e/55e5e808dca54d14fb8c72eb727bd2f8a58f24,249,Development cache/history; not engineering deliverable
.git/objects/1e/580df6780719c00b26c925690f8f624130fd53,13742210,Development cache/history; not engineering deliverable
.git/objects/1e/982de0f12e7435c0231a44aec392912f8e112a,359,Development cache/history; not engineering deliverable
.git/objects/1e/ad941a54b967406f8d6f07cddf65f4ed45132a,1140,Development cache/history; not engineering deliverable
.git/objects/1e/ea46899eb9b1e9d771c9a742f8bfcdb40d098b,846913,Development cache/history; not engineering deliverable
.git/objects/1e/f73e6139100fa6ad57afc12818991d530fb1e8,5871,Development cache/history; not engineering deliverable
.git/objects/1f/29810830b65d39447a969943a9a5bad2f4d947,228854,Development cache/history; not engineering deliverable
.git/objects/1f/4f63ae765ca5138fd0e4ae4cc22ff71b18de70,196183,Development cache/history; not engineering deliverable
.git/objects/1f/8953ad897019aeb6ea27607887262af0cf3e73,159282,Development cache/history; not engineering deliverable
.git/objects/1f/a1457babaed6de0b3dc960b5215b21a1287734,17720,Development cache/history; not engineering deliverable
.git/objects/1f/a9f7281f14fe0b667e53489e1569f619fd2cc5,1204,Development cache/history; not engineering deliverable
.git/objects/1f/b0f6d33a1372b6d3c264d6f870d0c7303f9c31,1416,Development cache/history; not engineering deliverable
.git/objects/1f/daa8b8904fef69725e632cfe591acc1519cf3a,50,Development cache/history; not engineering deliverable
.git/objects/1f/dae065d2e147520b816133ffbd5704fd93341a,3581074,Development cache/history; not engineering deliverable
.git/objects/20/0ff6f009ee7366dbc74d514f2f9971ba7a24cc,150372,Development cache/history; not engineering deliverable
.git/objects/20/10aa012a76122a965465de9bc974848c3d04e3,155431,Development cache/history; not engineering deliverable
.git/objects/20/48ebeda7362a7d2211845181e971721cd54f71,12374,Development cache/history; not engineering deliverable
.git/objects/20/4be26a63d36ca4ed1117f7e2e446a1700467a6,357,Development cache/history; not engineering deliverable
.git/objects/20/4eb3bf48a960d482689f09be52c9127986992d,48,Development cache/history; not engineering deliverable
.git/objects/20/5cfc552476e7831ca47c9d8c91e35740bf4769,4235,Development cache/history; not engineering deliverable
.git/objects/20/90e2c6758476b4e71b995e05c8ffaf09920cec,499679,Development cache/history; not engineering deliverable
.git/objects/21/14389c2693eced87ab3fb8d90813c9acc8c0a6,207,Development cache/history; not engineering deliverable
.git/objects/21/458cc65d7ce156631f6fdd780c219d6d0e40a5,331,Development cache/history; not engineering deliverable
.git/objects/21/5381e7f53a127a9995d3422963882a18b58973,330,Development cache/history; not engineering deliverable
.git/objects/21/549708b2ffc0669aa2f00d61c34e2ea7c3ca01,6728,Development cache/history; not engineering deliverable
.git/objects/21/5be492393e65e32b6473c5ba98c196d40cbb6f,1005,Development cache/history; not engineering deliverable
.git/objects/21/8ddc8b96efbcc57eb9b130696d0e8363ea611f,19676,Development cache/history; not engineering deliverable
.git/objects/21/8ecc08e10fec5f592292f4f46d5738eaad3a81,819,Development cache/history; not engineering deliverable
.git/objects/21/92d20febdc8e19447386e8d4b25bf88c8dabdf,779,Development cache/history; not engineering deliverable
.git/objects/21/c98fcbd8a47e0032ea21b4daed16889e9ab000,4036,Development cache/history; not engineering deliverable
.git/objects/21/eb2e1e8bebf52a44bb08393145a028e0a9b841,231,Development cache/history; not engineering deliverable
.git/objects/22/03a6c1ab4e99871d50bc957bbca0591bd6d43e,8420,Development cache/history; not engineering deliverable
.git/objects/22/0ae33377186ffc7bdf45b310a4b85dd00dfb93,18675,Development cache/history; not engineering deliverable
.git/objects/22/48c816592f97b7630e406c74ecf6cbcb00286c,201,Development cache/history; not engineering deliverable
.git/objects/22/6a2c24d0a7c1c055ef5cfa582c64dd5798162d,2807,Development cache/history; not engineering deliverable
.git/objects/22/92357ae60ec92a130c966b405c20f6dde496a6,441647,Development cache/history; not engineering deliverable
.git/objects/22/abf9120a66148c60f6737c2582af2c85360a67,15212,Development cache/history; not engineering deliverable
.git/objects/22/b31f0bf06c5be0a970dfbf54c01d0b80f52054,4649,Development cache/history; not engineering deliverable
.git/objects/22/b4f8e7c1ae128a5ef942d60a55a97809377672,642,Development cache/history; not engineering deliverable
.git/objects/22/d1f9e4c6ae7b301afe0e1787bdb8cb74817ea6,85390,Development cache/history; not engineering deliverable
.git/objects/23/1cd23cd4b5015251787737498bd4798c9b2e08,5790,Development cache/history; not engineering deliverable
.git/objects/23/3cb4733e26d7e1f86a39ec01583620bb770b60,167,Development cache/history; not engineering deliverable
.git/objects/23/40744928a0d006304ae43368bc246fe4642009,552,Development cache/history; not engineering deliverable
.git/objects/23/42f8c1729c007660e416a9b5ea87c6aea6655f,7811,Development cache/history; not engineering deliverable
.git/objects/23/461f68027e39a36117617bc1689766f006135c,7276,Development cache/history; not engineering deliverable
.git/objects/23/55f6961284de9c9615c21a28530512e1ce74a1,621,Development cache/history; not engineering deliverable
.git/objects/23/62c1a40400301cb55623fa1009657035b361d6,260,Development cache/history; not engineering deliverable
.git/objects/23/63799b60010889cf6fd6c4764c4ac369aef12e,317,Development cache/history; not engineering deliverable
.git/objects/23/63ad07ee319159cd103a8b0579cc58e63feb3b,2418,Development cache/history; not engineering deliverable
.git/objects/23/774829b80084c9d66a2290f8baa9c878a414c7,2095,Development cache/history; not engineering deliverable
.git/objects/23/9f76d94279553bb171e36a564472f93168ed0f,86735,Development cache/history; not engineering deliverable
.git/objects/23/9fd26c1c8d915a76d9a9a506b29e82a021bdc9,9484,Development cache/history; not engineering deliverable
.git/objects/23/a76174eb67279bf04e802b1dabce76cccba1a9,980,Development cache/history; not engineering deliverable
.git/objects/23/a9442fd6ca1beb31fabcb1226f6eb26d1cc6f8,43737,Development cache/history; not engineering deliverable
.git/objects/23/df5f737b0abd63adc29201ffef3e590f6e77af,212459,Development cache/history; not engineering deliverable
.git/objects/23/f465197508b0ae9c4a02e7a5fda0a1fdedfa81,7922,Development cache/history; not engineering deliverable
.git/objects/23/f783342f3dcfc992b795ef0b7329dbd24c237c,1320,Development cache/history; not engineering deliverable
.git/objects/24/37c37691744cd1e51ffb5f02c7979776582bc4,1192,Development cache/history; not engineering deliverable
.git/objects/24/42330569b4b5160f2f36ea8938b502fa03d5fe,428427,Development cache/history; not engineering deliverable
.git/objects/24/486797adfb1b559fb0c28ed86c646819dcce31,8905,Development cache/history; not engineering deliverable
.git/objects/24/54343b09f07c6f5f96ee962ae56af6207589a2,296747,Development cache/history; not engineering deliverable
.git/objects/24/57ee437807e3bbcd811f0175dc70729cb15a0e,57,Development cache/history; not engineering deliverable
.git/objects/24/66cf59f9b863f1f3e9c5f4b983f04c50f275f3,82,Development cache/history; not engineering deliverable
.git/objects/24/832de01ee099a2352d1a901886448b0e5df73a,4037,Development cache/history; not engineering deliverable
.git/objects/24/9b2fef7f419a290209da1f8c574359da7a7300,5971,Development cache/history; not engineering deliverable
.git/objects/24/b3b7919c37ab072877c273b76c469e082b4465,2913,Development cache/history; not engineering deliverable
.git/objects/24/d1fe0e3915024655d2b4352d02d69f748966e6,175,Development cache/history; not engineering deliverable
.git/objects/24/e96adbd0e321ea157314a10adf90c31d38ba0c,420045,Development cache/history; not engineering deliverable
.git/objects/24/ed415b045b76ce3261d58903e58e8c60cd7121,11048,Development cache/history; not engineering deliverable
.git/objects/25/11c8619c5e3b152d88f53ac335d6b834f5737f,222391,Development cache/history; not engineering deliverable
.git/objects/25/13974a8e1f88c91d0f4d7763c57c57066f397a,357,Development cache/history; not engineering deliverable
.git/objects/25/1b164576b61b5e8bfc850893f27dfb93cac8f3,2591,Development cache/history; not engineering deliverable
.git/objects/25/1b34312c47ef4de30af4d42851ac939791dd1a,1091,Development cache/history; not engineering deliverable
.git/objects/25/2bf0ef503e17ca60e527a7ee504d8e408ed455,50,Development cache/history; not engineering deliverable
.git/objects/25/3042e7553a36954b71b34ab31d867200869470,59837,Development cache/history; not engineering deliverable
.git/objects/25/55e61a19674c6944602018aa4f0ca8cb419fdb,627,Development cache/history; not engineering deliverable
.git/objects/25/66dd4956063f467e8f7f9587bb9e29a900ae8a,111410,Development cache/history; not engineering deliverable
.git/objects/25/82ac8aa08d12c7b934d181448b0ca8f908d602,626,Development cache/history; not engineering deliverable
.git/objects/25/867bdbdab22abd61ad1b2f0599e11deaf83109,3326,Development cache/history; not engineering deliverable
.git/objects/25/8c90315aeaeb1fdb68592525fabfd1c48aee7b,390,Development cache/history; not engineering deliverable
.git/objects/25/98ed71ff177b11d6fdcea9f979b5233c664f23,274,Development cache/history; not engineering deliverable
.git/objects/25/9ee148d90a6a39eb256ce31fa5944266f4ee4d,207,Development cache/history; not engineering deliverable
.git/objects/25/b0a28cb50fc6d49fd3af6a2c44b52311ab6104,11607,Development cache/history; not engineering deliverable
.git/objects/25/b564e970585b9ed5242df1f87e8acf2d485d71,9314,Development cache/history; not engineering deliverable
.git/objects/25/b7f78a36e349d773e67f2c16673d2c1fa34153,47417,Development cache/history; not engineering deliverable
.git/objects/25/cd3b1265e93182ca5313ed61ebf277571073ec,5190,Development cache/history; not engineering deliverable
.git/objects/25/de9c9a30f26b47c81e756ceb1a42e74dc61c0c,247,Development cache/history; not engineering deliverable
.git/objects/25/e6c0177a7f20b87db3e12362c4674370b46053,4096,Development cache/history; not engineering deliverable
.git/objects/25/ecc9658f46791f8e255221bf94fd71d754e24f,165,Development cache/history; not engineering deliverable
.git/objects/25/fe8a9de1b784ac8d5e601a26c54ea4c07d758e,19142,Development cache/history; not engineering deliverable
.git/objects/26/01f41800b9c4037178572d55d7c16d64a14129,52,Development cache/history; not engineering deliverable
.git/objects/26/06a2284ec4e55202d242c9ab22d72c181aa4a5,246,Development cache/history; not engineering deliverable
.git/objects/26/0d57729356e35a3686298369fa981a8ad03792,163,Development cache/history; not engineering deliverable
.git/objects/26/17fa0f086e1780b2f5f5337605f232db5d7416,8556,Development cache/history; not engineering deliverable
.git/objects/26/50feb6d71fde174c228d9528019f2bcdb3c107,772,Development cache/history; not engineering deliverable
.git/objects/26/72645f34f216da5f171b5deed69a0b75ed1c68,130,Development cache/history; not engineering deliverable
.git/objects/26/8ffb6c90d697096e729df0d4f14a80ea13ecaa,3156,Development cache/history; not engineering deliverable
.git/objects/26/9b2929b798134286acc9786bbf49618c96d182,567,Development cache/history; not engineering deliverable
.git/objects/26/9bac02bb7bfd88e66d1773ad6e06f5cb444d5b,299818,Development cache/history; not engineering deliverable
.git/objects/26/b0872b6add0c7313c9f9e4b6d33864fe2eb3f9,204,Development cache/history; not engineering deliverable
.git/objects/26/d8ee82a1158b0320f5f4d41c35a6fdc671a18e,133,Development cache/history; not engineering deliverable
.git/objects/26/e7f2bea6a7b09db83dd9da624c902f3bbee3ce,13488,Development cache/history; not engineering deliverable
.git/objects/26/ec8d171a94c36ecab59da00c59035a5b2c9d25,26455,Development cache/history; not engineering deliverable
.git/objects/27/20de5dfca86ac93521dc9c7f5b965bf572a68d,1789,Development cache/history; not engineering deliverable
.git/objects/27/24b8f8e0d35503735e0c185cfe83b151f7c499,16651,Development cache/history; not engineering deliverable
.git/objects/27/2811bfffe1dc3cdb0c1b485a8ca644d89b6a83,254,Development cache/history; not engineering deliverable
.git/objects/27/2e9163391bcacaed97335e701590685556a7a2,835,Development cache/history; not engineering deliverable
.git/objects/27/37fbe6aa06575d9350b7dfb84adad6ca1df4ae,26026,Development cache/history; not engineering deliverable
.git/objects/27/48fee81b567390a4b1e42d59164b1721c84469,309,Development cache/history; not engineering deliverable
.git/objects/27/55146a944e8c09b82c35b5f6fed3f7d7339a43,362,Development cache/history; not engineering deliverable
.git/objects/27/683c7542d1150ab36c64d24e338cf73a089478,92,Development cache/history; not engineering deliverable
.git/objects/27/72f204cadbadeb09fed466efa82859eb627b81,12620,Development cache/history; not engineering deliverable
.git/objects/27/7a71751c0f743f0de5b05998dcde5342551c97,212,Development cache/history; not engineering deliverable
.git/objects/27/9950acdb381102625825d3534630c29058181a,143305,Development cache/history; not engineering deliverable
.git/objects/27/9a51ddaac3a7304795945e4a2347cdbea7f6a1,425,Development cache/history; not engineering deliverable
.git/objects/27/d37c027dbb27c909f87c409a0bd37361d6ad7a,41889,Development cache/history; not engineering deliverable
.git/objects/27/d9c9f8abb570292449dbe1090a14526bde6561,2964,Development cache/history; not engineering deliverable
.git/objects/27/ef4b3bec9ef3c4f3aae2b609bca34846bd989c,182606,Development cache/history; not engineering deliverable
.git/objects/27/f2d74a505695258cfef83a31b311b7a6c7ddd2,197,Development cache/history; not engineering deliverable
.git/objects/27/f3381e77bb84594a27aca1dd7a7c01fd31ebf5,3413,Development cache/history; not engineering deliverable
.git/objects/27/f490ac9e0d451719f658496d97686cb002cf65,33924,Development cache/history; not engineering deliverable
.git/objects/27/ff0c1a6a08ad8bd233f02521ae931ee3407986,619660,Development cache/history; not engineering deliverable
.git/objects/28/04bf2e664410d1b5d3cf7ba663fbc08de130d8,60643,Development cache/history; not engineering deliverable
.git/objects/28/0efde6cd715a202d3aa28a1313c77b61a47923,9946,Development cache/history; not engineering deliverable
.git/objects/28/13260ecb197631a32d13c1acfcad03d38a878d,137652,Development cache/history; not engineering deliverable
.git/objects/28/5e5ca17eff182c7c5a8f35188f84f55c005439,167,Development cache/history; not engineering deliverable
.git/objects/28/608fa721d62329347147242f15ea7f6e99fa5e,823,Development cache/history; not engineering deliverable
.git/objects/28/66ade1335fe70692ace039d05d6fcec2bdcd2a,7011,Development cache/history; not engineering deliverable
.git/objects/28/6a4214c8e69d1cfcc4874ce703c98886997556,104,Development cache/history; not engineering deliverable
.git/objects/28/9629b9b63cba11d22a48ddb1d13dbe7b444910,43867,Development cache/history; not engineering deliverable
.git/objects/28/9aa7ca04bae5e142b73602262cca8fa788ad74,2342035,Development cache/history; not engineering deliverable
.git/objects/28/b24d939d311fe848865322cf967ff447d6caab,1926,Development cache/history; not engineering deliverable
.git/objects/28/b4ce396c4328bae1b7d7ef9819ab31b86661b1,1212,Development cache/history; not engineering deliverable
.git/objects/28/bba047c14f378e0cbe395c42f381ebb8bdd206,2964,Development cache/history; not engineering deliverable
.git/objects/28/bbb79475a4a280906a16bcfd9e932ffcd2ed83,2963,Development cache/history; not engineering deliverable
.git/objects/28/f2eea9d004d3bbc6b98bf86b52e68784a9a6b1,775,Development cache/history; not engineering deliverable
.git/objects/28/fb7e900ee0977aa3050f4252d4f7185c3e2945,175,Development cache/history; not engineering deliverable
.git/objects/28/fbfbd4473d097b4cd2dd3a957782f4a5017299,66926,Development cache/history; not engineering deliverable
.git/objects/28/fe0b55c867b9278ca68e81cec734ea073e5151,9947,Development cache/history; not engineering deliverable
.git/objects/29/0375328e3e1abcd32e7c0262002ba9edda8c41,48,Development cache/history; not engineering deliverable
.git/objects/29/24bc26ba0f7f1b22240c80d55ce196cfee1e12,91,Development cache/history; not engineering deliverable
.git/objects/29/2b2a7909ad19e73c7c67ee9e69c90183a93df4,45,Development cache/history; not engineering deliverable
.git/objects/29/58a09059929fc89437232dbea379560a63d207,121301,Development cache/history; not engineering deliverable
.git/objects/29/65315ddde0bb226f65c6e09861b46c969b082e,2963,Development cache/history; not engineering deliverable
.git/objects/29/7403e66f2d6d0243c0981c6fea71f1f526fe92,438,Development cache/history; not engineering deliverable
.git/objects/29/757095f5855d81a54f637082ae7133c5f080bf,9283,Development cache/history; not engineering deliverable
.git/objects/29/78f73242a826d6cb4f342a5e20e555bad24a44,3996,Development cache/history; not engineering deliverable
.git/objects/29/8043498e12106c5c8a667a4e18702187878a7c,129,Development cache/history; not engineering deliverable
.git/objects/29/810b2e98f2ca9a59f6248d6ed9560c83db7cac,9243,Development cache/history; not engineering deliverable
.git/objects/29/8cc180fedf682f342ad97098d24316243892aa,166,Development cache/history; not engineering deliverable
.git/objects/29/9a2b19fc38cd0a366cf1c0a8ecf21a1b41df5b,9278,Development cache/history; not engineering deliverable
.git/objects/29/b1337b1a4bccb70a6146845a156214b7333b2e,248,Development cache/history; not engineering deliverable
.git/objects/29/c0d7de45d806020b1366888ccd84addf7ad716,214,Development cache/history; not engineering deliverable
.git/objects/29/f3f4cb1714f61a021317322ece69b78a0d09f3,534,Development cache/history; not engineering deliverable
.git/objects/29/f856e499e13266a38817263d26e4ddf9773fc0,4120,Development cache/history; not engineering deliverable
.git/objects/2a/226ad4a030e3cd61a3de39b0deef78766cdcdb,407063,Development cache/history; not engineering deliverable
.git/objects/2a/227a6d835919c5237ad1bef264b48c43f924b8,1264,Development cache/history; not engineering deliverable
.git/objects/2a/502e39201df5e3c4ef3aeb6525a607693d82cc,5036,Development cache/history; not engineering deliverable
.git/objects/2a/7acc4b3f10e817ae3322aed20349323cc0620e,166,Development cache/history; not engineering deliverable
.git/objects/2a/8ace31a1977860e98fafd86f126c9c1028c898,7199,Development cache/history; not engineering deliverable
.git/objects/2a/af660cc89927992690fb4cf1232fb070fa7720,895,Development cache/history; not engineering deliverable
.git/objects/2a/c6813ff8084a4db168df17f07756de4404dacb,14953,Development cache/history; not engineering deliverable
.git/objects/2a/d1dad10a503e3751fb120c7f89d573ec76bb84,283213,Development cache/history; not engineering deliverable
.git/objects/2a/e8c67a6b57df1976e09cf062049c05236b3508,60957,Development cache/history; not engineering deliverable
.git/objects/2a/ea0a1f7deb86e14d235305107b22ebcd1cfe0c,66715,Development cache/history; not engineering deliverable
.git/objects/2b/0585e9dcf729b925af3458ff4a48b6ab89cd64,2957,Development cache/history; not engineering deliverable
.git/objects/2b/0aea6f47e941ba3fef777aa621885bd173f670,3853,Development cache/history; not engineering deliverable
.git/objects/2b/1aa643c97b33fcd1d5446156ea2514acda52c8,8506,Development cache/history; not engineering deliverable
.git/objects/2b/2d5b8dac6c7473646860af0e3a90d36f03a785,5347,Development cache/history; not engineering deliverable
.git/objects/2b/46c9b50e3a4683bd4649ff9c8eefaf83ab6fef,138678,Development cache/history; not engineering deliverable
.git/objects/2b/489ba02a3716fd91647b1032876157d20f5ce0,783,Development cache/history; not engineering deliverable
.git/objects/2b/66af7c314bc01572d7073385ae639406d37ab8,17361,Development cache/history; not engineering deliverable
.git/objects/2b/719977374ec665d0b6268ec371c233e0827077,9983,Development cache/history; not engineering deliverable
.git/objects/2b/769f532e178bf0c365fc700ad3ccb214911508,359,Development cache/history; not engineering deliverable
.git/objects/2b/7dfdb5fac4df082e83e8ca9c1bfee283d31759,261506,Development cache/history; not engineering deliverable
.git/objects/2b/8081e18df6e85b033bb516b11aae887d1003ef,258294,Development cache/history; not engineering deliverable
.git/objects/2b/acebb7366b0a4f5cb48842bcecf852f140f675,424,Development cache/history; not engineering deliverable
.git/objects/2b/b48e012f81be4e14773f8f624e92bb8fa8350a,980,Development cache/history; not engineering deliverable
.git/objects/2b/b5af49b942edc67f64571a6bc93392fa086f35,279,Development cache/history; not engineering deliverable
.git/objects/2b/dcf4e267a544eb4b0cf2b4d044b46259b253f3,689,Development cache/history; not engineering deliverable
.git/objects/2b/ef30a5d69d8bd850d9d14ad76c6ab877c56903,279,Development cache/history; not engineering deliverable
.git/objects/2c/0c84a126723d73c38b813941a6e7218cc6f92f,2228,Development cache/history; not engineering deliverable
.git/objects/2c/0e50af0b48dd9369a4d0507d2331b117ba3f79,359,Development cache/history; not engineering deliverable
.git/objects/2c/2ca8b602db7b8c526424671ec3fa697194a1b8,319496,Development cache/history; not engineering deliverable
.git/objects/2c/2f62ea1eb6a100a66bc4a3cf50f62d7c5021e4,47709,Development cache/history; not engineering deliverable
.git/objects/2c/59388bc3ec222ac1f321f3c519310273c9c326,411,Development cache/history; not engineering deliverable
.git/objects/2c/73b1b28fd3537810f9a7c14d70a2667b593fa6,21497,Development cache/history; not engineering deliverable
.git/objects/2c/7ff898b97e0bb10f091f86881349a01b675a68,4568,Development cache/history; not engineering deliverable
.git/objects/2c/8788c4a85e004428b31d3f20039762f19b508b,167,Development cache/history; not engineering deliverable
.git/objects/2c/92bf211deb0345828cb96bd794e66d6735f134,264,Development cache/history; not engineering deliverable
.git/objects/2c/c3bb9379a19f2c67bc761f0c7842bcda0097cb,3070,Development cache/history; not engineering deliverable
.git/objects/2c/c9e5e87ea810b9620ecfa7167af6f392d01eeb,625,Development cache/history; not engineering deliverable
.git/objects/2c/e95a56a971a13fcdcbd1380c820101b11a51c9,260,Development cache/history; not engineering deliverable
.git/objects/2c/eaa46cb6d6881d0d0fd6799199fdebc814d239,5848,Development cache/history; not engineering deliverable
.git/objects/2c/f68a3ca275357ae3006acbc3717528598ba464,28678,Development cache/history; not engineering deliverable
.git/objects/2d/0cb371812dda0a4898c6ceb359ecff010b59c6,275584,Development cache/history; not engineering deliverable
.git/objects/2d/1e5a877861333a2a7722ac5f926be5c7723346,68910,Development cache/history; not engineering deliverable
.git/objects/2d/28a790fbff0b356cb9129bbfa89da5d74989fa,148700,Development cache/history; not engineering deliverable
.git/objects/2d/3085257417bbf1f287073152b030ef7592be9c,624,Development cache/history; not engineering deliverable
.git/objects/2d/468b01179a44faf7297bd4fa6098680c1cb9d2,24292,Development cache/history; not engineering deliverable
.git/objects/2d/74a98121f7a010af607589327189f3a12dec24,151,Development cache/history; not engineering deliverable
.git/objects/2d/8fc8ba9e75c39f99693003fdc64e67d1987987,49,Development cache/history; not engineering deliverable
.git/objects/2d/d0609bd6db8d968227a9d306c1af3260fe64ec,623,Development cache/history; not engineering deliverable
.git/objects/2d/d4e0f336d9b88d23ff613f99968eaef290e1a2,5865,Development cache/history; not engineering deliverable
.git/objects/2d/dd8a264932637af0bc9363f01ef1ec42c5ea64,7357,Development cache/history; not engineering deliverable
.git/objects/2e/05f90c6194ca62ede05d2a8b42001f5571c29e,132,Development cache/history; not engineering deliverable
.git/objects/2e/12d1e02283194c9971a0b15e5362301d72097b,17393,Development cache/history; not engineering deliverable
.git/objects/2e/1385c82210907f881d3375c601e70e58540c36,95,Development cache/history; not engineering deliverable
.git/objects/2e/24969cd31322428891c16e7a539ee816151f3a,10155,Development cache/history; not engineering deliverable
.git/objects/2e/4a26f5a0903dc27c6da9b2706cfc3ce6726266,184,Development cache/history; not engineering deliverable
.git/objects/2e/66e61880e6ed57d831ab32135ea045c0b432ae,45962,Development cache/history; not engineering deliverable
.git/objects/2e/ab90d104c026c031f1e1f3e6f826979cc4e32c,1221,Development cache/history; not engineering deliverable
.git/objects/2e/e62f23afbec67d441fa1a50401372e3afa791d,1133,Development cache/history; not engineering deliverable
.git/objects/2f/05d19180e4e9d8ab96ea595871a0be60b1ace4,757,Development cache/history; not engineering deliverable
.git/objects/2f/17d441ac4db6c30bc288de61c37dea1ec3e2b9,2755,Development cache/history; not engineering deliverable
.git/objects/2f/1c2663ac01b91ed5f96961af9efe18f6538d16,2861,Development cache/history; not engineering deliverable
.git/objects/2f/59fc5ea177779fe8fb86059527abce4efec555,279,Development cache/history; not engineering deliverable
.git/objects/2f/68447f08983086762e4e67ffbd8499c725b268,1409,Development cache/history; not engineering deliverable
.git/objects/2f/c21233441befdc35dd2e387862af93d803d208,2500,Development cache/history; not engineering deliverable
.git/objects/2f/cbac4ee30df933beb3e3d4a086c5d5c2e54687,6101,Development cache/history; not engineering deliverable
.git/objects/2f/d4f73d23cdff4a49ecfeff03d0565f33074728,279545,Development cache/history; not engineering deliverable
.git/objects/2f/d5c3ba92d8484b8e605be5604183b04ecf8016,214,Development cache/history; not engineering deliverable
.git/objects/2f/dac12da8fc13ba7440ebf8d2d5e72a7b3ba14f,287,Development cache/history; not engineering deliverable
.git/objects/30/0cd948ef214e8bf2ed6b0c3dde34d314a38fcc,3887,Development cache/history; not engineering deliverable
.git/objects/30/0f9148f9d7ec3515b4613436ace1815ac4e8f7,13482,Development cache/history; not engineering deliverable
.git/objects/30/26b1fe4bd3f773314ac6528cbf3828c213e07d,807,Development cache/history; not engineering deliverable
.git/objects/30/6f374f339f46bd7594359c2fbc5a305ddbade2,134,Development cache/history; not engineering deliverable
.git/objects/30/74dca1739a0d9aa0a093e68e0f1a7e3bc6bf83,48,Development cache/history; not engineering deliverable
.git/objects/30/7cbb779b7e88bf4e4c8a197a06ea93fb3ad3b8,258430,Development cache/history; not engineering deliverable
.git/objects/30/d2d92525cb7f4fd48f4fb0876bfa26d0a3690f,166,Development cache/history; not engineering deliverable
.git/objects/30/e1c2b5da449f1b7277d4d9bf52d8be05cc570b,5404,Development cache/history; not engineering deliverable
.git/objects/30/e9fbc7b88e7d8fb2fb3052a24702b91e510c6e,191323,Development cache/history; not engineering deliverable
.git/objects/30/f9844e625f397c876a39cc10756a996672e605,322159,Development cache/history; not engineering deliverable
.git/objects/31/2595372f583262a98222d5167929df4c306d12,5087,Development cache/history; not engineering deliverable
.git/objects/31/439856cac015d223b47595be69a8cc48bd1407,13969,Development cache/history; not engineering deliverable
.git/objects/31/54defc3e5c8c7815f08166ea38b6e45c52549d,165,Development cache/history; not engineering deliverable
.git/objects/31/5aa6eed10e28dfeeb4720284728960eda9df6f,19468,Development cache/history; not engineering deliverable
.git/objects/31/7caaadfcd75fcd79b551e0ecb80a62428861e8,143,Development cache/history; not engineering deliverable
.git/objects/31/87aa940bbec211c1990e4d7db832285dbb0f9b,244,Development cache/history; not engineering deliverable
.git/objects/31/d8e26a22ebd9d27776545e8cedd37a3995d065,1190,Development cache/history; not engineering deliverable
.git/objects/31/ef6fef8a171e2d641fb4ea23791bbba8094f13,17837,Development cache/history; not engineering deliverable
.git/objects/32/023214717be2f49e32356720b0426f9894a87c,1283,Development cache/history; not engineering deliverable
.git/objects/32/1001ccbeb649f1d2488571211dd2c9320adf84,165,Development cache/history; not engineering deliverable
.git/objects/32/1da9f01f2bae116fce1f56d4ea12b170e367ff,269,Development cache/history; not engineering deliverable
.git/objects/32/33b75068ea2a1ec0abc68d9adf8a156f2cdc7a,220930,Development cache/history; not engineering deliverable
.git/objects/32/417d8f253e9c9a14a24a8e56a3ebdb925bd3a2,199016,Development cache/history; not engineering deliverable
.git/objects/32/512752665e5a193a72202efc9be99386d0394c,40465,Development cache/history; not engineering deliverable
.git/objects/32/60a1dbc6011069ae00ea00709faf0dc113234f,67628,Development cache/history; not engineering deliverable
.git/objects/32/69a70905a22d1379491d6ae7e85d6c20fe9c14,166,Development cache/history; not engineering deliverable
.git/objects/32/96fb8b589b5c05f671865b1f2e289c9c4424a7,282,Development cache/history; not engineering deliverable
.git/objects/32/9b0db30d02671ae68653cf005df6f4a79d83b5,1452,Development cache/history; not engineering deliverable
.git/objects/32/c2ab7b18ac177236cc9d09f75c3b69fc0d39ea,365,Development cache/history; not engineering deliverable
.git/objects/33/16e6a63c980fc84fadcdd316d21ef42196bd3c,127801,Development cache/history; not engineering deliverable
.git/objects/33/340e0d13b82f1f43332da86a2a60f2bc09ad43,47,Development cache/history; not engineering deliverable
.git/objects/33/5276c846e0f25de55768c78acaf615a2ff2c02,2572,Development cache/history; not engineering deliverable
.git/objects/33/76a2e3a9284da97f3ef582024e28b11cd1367a,243,Development cache/history; not engineering deliverable
.git/objects/33/82c0ce92966597a0db1be3e7e1440e9ff03074,325,Development cache/history; not engineering deliverable
.git/objects/33/8af531929d66a24ecb1a29b102b90538a1e4ea,309,Development cache/history; not engineering deliverable
.git/objects/33/8e5460c472aa5d1751e10d91696804702f9051,358,Development cache/history; not engineering deliverable
.git/objects/33/a2f4b1a3a83e655eaa67c4ce6fcd34d17cefae,3879,Development cache/history; not engineering deliverable
.git/objects/33/ce58e4294d5e362d301a89b0ddf3a0ccf47501,220,Development cache/history; not engineering deliverable
.git/objects/33/e45455064ca2bd741bd74ea054cf3294790954,651286,Development cache/history; not engineering deliverable
.git/objects/33/f8c9c7eb0bac974de75725bf3b1e8fa6650213,1299,Development cache/history; not engineering deliverable
.git/objects/33/ff8ba52022a708b9490a3347ed6226cd16a253,1014,Development cache/history; not engineering deliverable
.git/objects/34/17f5ecbd6694d9a9d3d9c0896f3cf8d66ed881,4004,Development cache/history; not engineering deliverable
.git/objects/34/190289e4bf22e9a4ef6959f2a6db253d79688d,218,Development cache/history; not engineering deliverable
.git/objects/34/1964ebbe61f093fd3ca189ecac14701b06546e,2041,Development cache/history; not engineering deliverable
.git/objects/34/244289f60ca41bf30a40599ef9662714cef5e1,702,Development cache/history; not engineering deliverable
.git/objects/34/5275a8d81efd70a7812bf031a85793e61946ac,56,Development cache/history; not engineering deliverable
.git/objects/34/5b341dee3d24ff93d6c999b40bc4da09a6b282,474,Development cache/history; not engineering deliverable
.git/objects/34/5efcb4c8ec188092422396cd2b2fcc60d954e4,2358,Development cache/history; not engineering deliverable
.git/objects/34/6cd388857bfb35c89f1c44df278b1c0e5b0032,525,Development cache/history; not engineering deliverable
.git/objects/34/786658ef7c235f9b48eeb2bfc98223da8a84ca,2997,Development cache/history; not engineering deliverable
.git/objects/34/860053f36aa17f69f528fced4f5b195058003d,245158,Development cache/history; not engineering deliverable
.git/objects/34/a4b326b96c058d9e2acd913de101a510bf908c,23140,Development cache/history; not engineering deliverable
.git/objects/34/a759a3e8bf12ed53b5a07760afa1a5348d306d,291333,Development cache/history; not engineering deliverable
.git/objects/34/abf3a97b2124ce6b129c59b2eb66e64d49f91c,608,Development cache/history; not engineering deliverable
.git/objects/34/cf7cff3bed9dba80e9edb59d01219c2cd5730d,3941,Development cache/history; not engineering deliverable
.git/objects/34/dd4824a975a1a1960b967f526a2df33951dab3,74,Development cache/history; not engineering deliverable
.git/objects/34/e585500c5f7b29a48f11e59ffcb4f5f398eceb,48,Development cache/history; not engineering deliverable
.git/objects/34/fdf31db528140209b341fb6b38a3aeddeafbcc,1190,Development cache/history; not engineering deliverable
.git/objects/35/0f345daa1a426ccf306d6e41db2c3bce667a06,4253,Development cache/history; not engineering deliverable
.git/objects/35/14f89f78980295f49ef29789708fbd20705eaf,124880,Development cache/history; not engineering deliverable
.git/objects/35/190c438170f26c9bb142fbcb8cbf8b208ded55,7808,Development cache/history; not engineering deliverable
.git/objects/35/577bfc94dd99696b0b02d2cdbd6a69abf970ce,5377,Development cache/history; not engineering deliverable
.git/objects/35/9bdcd0804959f682d6fff2900c5bfe9a20bd08,302,Development cache/history; not engineering deliverable
.git/objects/35/a35e8bef622f732520d73848d8bdeac0fac04c,16307,Development cache/history; not engineering deliverable
.git/objects/35/a3e372f9793f4f96af87f4b8930e126da3314a,501882,Development cache/history; not engineering deliverable
.git/objects/35/ac7a2064a0afb631c0f1df9fb38f641fef4f97,6976,Development cache/history; not engineering deliverable
.git/objects/35/b348649cc34f42c95c9640d40932c22fe38ed8,62066,Development cache/history; not engineering deliverable
.git/objects/35/bb021a2814a2807746c050df42b834c2b2d19f,33907,Development cache/history; not engineering deliverable
.git/objects/35/d2fd59b9aa2a0b5b7c99788d877277e21753eb,215,Development cache/history; not engineering deliverable
.git/objects/35/e20d6bee7e606dbec8599396843fd6ececd9c4,91,Development cache/history; not engineering deliverable
.git/objects/35/ebe70ef12aca25926c806258b3385b166f17aa,148,Development cache/history; not engineering deliverable
.git/objects/36/0475ea2f9cfb0cf91f5c6c630445eb42ea8b3a,1138,Development cache/history; not engineering deliverable
.git/objects/36/04a3e3fb5c55b71037a49df9bfce3e855ebb5f,3939,Development cache/history; not engineering deliverable
.git/objects/36/31f182d143274b3881b5c0bf62ad6bb33bb5ba,1003,Development cache/history; not engineering deliverable
.git/objects/36/3c90692accf6ab89af25b90c4b3bbbc497b748,14699,Development cache/history; not engineering deliverable
.git/objects/36/5556c871cc9eda89b28baf5bdc7cb76f40faf1,284962,Development cache/history; not engineering deliverable
.git/objects/36/6ada5fa1cc9fd964d1743f469c178b79ffc904,172349,Development cache/history; not engineering deliverable
.git/objects/36/7ef18cb774c24a7c1fd9955381d11f72f0906d,1817750,Development cache/history; not engineering deliverable
.git/objects/36/98049334c434145944c96991478db809be5dcd,241,Development cache/history; not engineering deliverable
.git/objects/36/e4c2388a6be2976123441f5e992c27f7df53c3,50,Development cache/history; not engineering deliverable
.git/objects/37/0297b6933822bd31210748d32983072c83a09c,24984,Development cache/history; not engineering deliverable
.git/objects/37/2191884a84588f67375f785ca1541695faffa8,163,Development cache/history; not engineering deliverable
.git/objects/37/2636269baafe2c85359eeb27e103084750c478,1892,Development cache/history; not engineering deliverable
.git/objects/37/288349dbc745c936705f9e915e41d25a3bbd6d,22459,Development cache/history; not engineering deliverable
.git/objects/37/56728de68eaa5d5d4cbe4a23f6d4bd3ca06b4e,192,Development cache/history; not engineering deliverable
.git/objects/37/5ce11f06b36abc154cfb62fef0e69fd3b8efb6,23190,Development cache/history; not engineering deliverable
.git/objects/37/7fb22d4d6cbe449de38100ea222478dc5b0532,1191,Development cache/history; not engineering deliverable
.git/objects/37/b0e22aad8e97a54adaab2082633306be2f63d6,92,Development cache/history; not engineering deliverable
.git/objects/37/c050034adc2539f653293f5ba84f9bbc17e5ef,951,Development cache/history; not engineering deliverable
.git/objects/37/d6082b01080f7a817cb643190b5e8ee96f6a52,872,Development cache/history; not engineering deliverable
.git/objects/37/d61e66fa32d03a66d3e0676a6858d1a766f56d,556,Development cache/history; not engineering deliverable
.git/objects/37/d8cb82291d86ae5c39141ab39c59b25e21c35a,710315,Development cache/history; not engineering deliverable
.git/objects/37/d980359cadf25e7317f187eb99beb4d0bac921,1513,Development cache/history; not engineering deliverable
.git/objects/37/da09cd68dfaee6a4e97e98931412e595266915,29210,Development cache/history; not engineering deliverable
.git/objects/37/ff094f7b76162fac17163dd425d223067c3f05,1027,Development cache/history; not engineering deliverable
.git/objects/38/41260005fab74abf15462267a66a86f3bc5eda,5051,Development cache/history; not engineering deliverable
.git/objects/38/6506506c4f2bcce3b4c976cb353927c8c487a3,375573,Development cache/history; not engineering deliverable
.git/objects/38/88e1593f8678e9165f22aa6c84c20b0807b126,114,Development cache/history; not engineering deliverable
.git/objects/38/91862f16e763c6c31f5b9252ff2e1b03742e62,832,Development cache/history; not engineering deliverable
.git/objects/38/939d4f8584a385382f9e03f656d5ca50bd49e8,184,Development cache/history; not engineering deliverable
.git/objects/38/9f81a8841eab87fd125f5d6f26a18cdc816a58,229,Development cache/history; not engineering deliverable
.git/objects/38/9fb191738b33e1496ce92ecb7027a98e7bdbee,1050,Development cache/history; not engineering deliverable
.git/objects/38/abf8ffc6875b0d9b64a617793127585f90646d,62820,Development cache/history; not engineering deliverable
.git/objects/38/b073daf8dcd6eb1f88bbd8f621d8fef412dd6f,2164,Development cache/history; not engineering deliverable
.git/objects/38/b9772b5e7a554b3e089c26adb931f426ce48c7,1230,Development cache/history; not engineering deliverable
.git/objects/38/bbd7cceac15d68df2d04b0c070e222cdd98bba,280790,Development cache/history; not engineering deliverable
.git/objects/38/bef90d157b9a1eb6ef2ab5f81494f0ef66f81e,2962,Development cache/history; not engineering deliverable
.git/objects/38/dd723232261d1094953282bc7a54a9fda2e909,19990,Development cache/history; not engineering deliverable
.git/objects/39/13238890eaff8bdc4eaf49d9e3efc2146a2d6b,232,Development cache/history; not engineering deliverable
.git/objects/39/1b36a2576af4a47cdd37713d76302c8dd0ce39,307,Development cache/history; not engineering deliverable
.git/objects/39/30edfcab2abb9dfcafe56769875243e2d7ccad,1512,Development cache/history; not engineering deliverable
.git/objects/39/3443ddb2526d309f11f08fd278998cb1b068e2,5037,Development cache/history; not engineering deliverable
.git/objects/39/3533bfc8f22cdd9fdd3a3a7316fd4bfb85c228,5869,Development cache/history; not engineering deliverable
.git/objects/39/40daff131a1faa6028a56398a2292162971aec,43498,Development cache/history; not engineering deliverable
.git/objects/39/6530fc2dced4aca39801f9f33439bd66500722,225,Development cache/history; not engineering deliverable
.git/objects/39/6731d2238034ff8fb8fefc4cb9779afcd21beb,165,Development cache/history; not engineering deliverable
.git/objects/39/77507ddc504735d78c4745fa9895a82cdf11fb,148,Development cache/history; not engineering deliverable
.git/objects/39/9497e6b28816c099089f73aead898d333a2375,466,Development cache/history; not engineering deliverable
.git/objects/39/a2d09b89140717d66ec311a662b6a44770dcca,619,Development cache/history; not engineering deliverable
.git/objects/39/a37910f40082df1c1e968ce99d5a89c993ef89,192,Development cache/history; not engineering deliverable
.git/objects/39/ee88f9847701bba697574d3fe53270d28f98a8,62136,Development cache/history; not engineering deliverable
.git/objects/3a/0a3201b6e1a49dd6aa7ada954d20f4f1bd88a9,225,Development cache/history; not engineering deliverable
.git/objects/3a/0d6b0494a150d0a5611ad8411667edbffbc37c,36356,Development cache/history; not engineering deliverable
.git/objects/3a/112530982e4833c9be3d8c8127d9d933c9c3a4,2068,Development cache/history; not engineering deliverable
.git/objects/3a/1ba1ab7d58cebe29f65785b43512e68a62cf72,5036,Development cache/history; not engineering deliverable
.git/objects/3a/202c99a5958393b58d47e23cc6114b1411439c,2425,Development cache/history; not engineering deliverable
.git/objects/3a/47e9672f74b5d23f2d068403c2d6782da2615f,5631,Development cache/history; not engineering deliverable
.git/objects/3a/50b0513187ed81b651c66ec0f818d630eeb07f,3542,Development cache/history; not engineering deliverable
.git/objects/3a/69c225f92a5ec6ce635e7e2817319af1587f5b,278,Development cache/history; not engineering deliverable
.git/objects/3a/6fe8126847a1faf343f01c59a55a882f3d6de7,49,Development cache/history; not engineering deliverable
.git/objects/3a/a84bd3734b898eeed696e7b5b4022cb2eb552d,61,Development cache/history; not engineering deliverable
.git/objects/3a/b253aae54c22ecf0738d0e2236add119be284c,24730,Development cache/history; not engineering deliverable
.git/objects/3a/bb9b7b96faba1ad5b88108955a9ae709137b17,121077,Development cache/history; not engineering deliverable
.git/objects/3a/c02301820ef107bcd7c38029b090b90eea7b9d,4032,Development cache/history; not engineering deliverable
.git/objects/3a/e09422e65aae2c58352ddf2542b860f93e631d,5034,Development cache/history; not engineering deliverable
.git/objects/3a/ea855869898c6dd21ec46126ae76a6a12d42cc,1477,Development cache/history; not engineering deliverable
.git/objects/3a/f006f2c7395dfb63a84e6cdb96b0da151b7e75,1654,Development cache/history; not engineering deliverable
.git/objects/3a/f48d1a74bc56d1d4ccc36161074833820fc3ab,447475,Development cache/history; not engineering deliverable
.git/objects/3a/fd2666badebd04b61b13a8692d20c5d47e0a3d,2925,Development cache/history; not engineering deliverable
.git/objects/3b/02432d21af1925db52e90d6887f6800cebda6e,90557,Development cache/history; not engineering deliverable
.git/objects/3b/12f2bd3ca9702fdf5e8290a9e0f861903ddc2d,230074,Development cache/history; not engineering deliverable
.git/objects/3b/2fb5c1a651b22e4a23f657e8689959873dacd4,141,Development cache/history; not engineering deliverable
.git/objects/3b/377c903e88dbf7ef7ed987f894babdfe468342,250,Development cache/history; not engineering deliverable
.git/objects/3b/464396c068516f01dfa44df4b6152d4fcb61db,92,Development cache/history; not engineering deliverable
.git/objects/3b/47bc6ed431f9f52ef25a200d48c50775eebc8b,214,Development cache/history; not engineering deliverable
.git/objects/3b/4af884d04812b9b0221cfb2d5922222ccc087b,339,Development cache/history; not engineering deliverable
.git/objects/3b/4b0cb955c6b83ef9cb61fa5db13de222225202,241,Development cache/history; not engineering deliverable
.git/objects/3b/4ce037958d791b85865c7d8b91c34cb38bdbad,1632,Development cache/history; not engineering deliverable
.git/objects/3b/8037f9759ce7aae6b5d97485a00c5304301170,123351,Development cache/history; not engineering deliverable
.git/objects/3b/83d255591f2d94b4592cb1117c7432e6d6561b,21322,Development cache/history; not engineering deliverable
.git/objects/3b/a254a6b6e02c852843d2af4176bf89e000ff95,18354,Development cache/history; not engineering deliverable
.git/objects/3b/a8cd8cc92e325735305bbb2ef6d3418ab40ea3,6674,Development cache/history; not engineering deliverable
.git/objects/3b/b969e7307e0cd2a35d1f35e2fbb01fb6c7e9fa,886,Development cache/history; not engineering deliverable
.git/objects/3b/ba0f7c74c8491965e86aadb7556afe03e09d02,52,Development cache/history; not engineering deliverable
.git/objects/3b/c8627fcc3d6e47016e128b089eae27add382a1,309204,Development cache/history; not engineering deliverable
.git/objects/3b/da5c375b6cd98fcd20f49377f77e90972fa5eb,60,Development cache/history; not engineering deliverable
.git/objects/3b/dd10c6966aa247aaeac2fed09276c85dee530a,441,Development cache/history; not engineering deliverable
.git/objects/3b/deb5a38ecef186fb68f129683f7ff2037d3d6d,48,Development cache/history; not engineering deliverable
.git/objects/3c/1fa05eb173eb20c35b9d43ebfa1db8de3a3b01,7954,Development cache/history; not engineering deliverable
.git/objects/3c/2a525aceb95441dfe7cfe8e1218b1cbfdbdcbd,51,Development cache/history; not engineering deliverable
.git/objects/3c/4e304b2d6d0c2d98f62269ab68124cd4e1b927,359,Development cache/history; not engineering deliverable
.git/objects/3c/566169ef6c0f72f83afa8f5eb678215ce6ecb1,1310,Development cache/history; not engineering deliverable
.git/objects/3c/61856607e68b9abd08b7577836d06ee4172a30,243,Development cache/history; not engineering deliverable
.git/objects/3c/900b9d42446c48829391aabe456215b8ea5c00,666,Development cache/history; not engineering deliverable
.git/objects/3c/a5423ae009e40bfbc12f4e4aeace6eb08478ac,418,Development cache/history; not engineering deliverable
.git/objects/3c/acde0cace25b04bd528a73a3d6110fe617e37e,277003,Development cache/history; not engineering deliverable
.git/objects/3c/b8cc9252500e6959921df2a220f8ef98c66bf4,2879,Development cache/history; not engineering deliverable
.git/objects/3c/d495839b419e2468df30c3506f9756e45060f0,1428,Development cache/history; not engineering deliverable
.git/objects/3d/124226ac068c498aeae86fe84ffbd8202b0b2a,92,Development cache/history; not engineering deliverable
.git/objects/3d/18bdf2cbe7258bbd63f2b225ef7f6c9b6ebba0,222,Development cache/history; not engineering deliverable
.git/objects/3d/2266faebe2c5def8955f00d626be6e120403d4,5475,Development cache/history; not engineering deliverable
.git/objects/3d/6a69dc545dbe6161f9b757164dc1f9a453b198,5822,Development cache/history; not engineering deliverable
.git/objects/3d/6b43c2aa31675b2fa4cb1bac4331f3243f2477,41821,Development cache/history; not engineering deliverable
.git/objects/3d/9c35b0bba5d56732c7415c7f983b9421f642f8,91,Development cache/history; not engineering deliverable
.git/objects/3d/b59767de290886a3f1091896e5ef684cc61ccb,1217,Development cache/history; not engineering deliverable
.git/objects/3d/c850777ee717f03f44830c558850c95109da52,330,Development cache/history; not engineering deliverable
.git/objects/3d/da48ae759fed90d95c911ba229649a14a0dbc9,7470,Development cache/history; not engineering deliverable
.git/objects/3d/f0f0361045b5a3860a2b59eec10e6cce5b7551,204,Development cache/history; not engineering deliverable
.git/objects/3e/0d25cd666b7afe235fef29b756eb6df4f41fe1,39062,Development cache/history; not engineering deliverable
.git/objects/3e/22d9f95a7749d3f7905209f4f9c282de37b41c,146,Development cache/history; not engineering deliverable
.git/objects/3e/2822ee04c1bb064c686fe1f0689c484a37b47b,10999,Development cache/history; not engineering deliverable
.git/objects/3e/2f9dd877d248fb09f9fba112283672fb1eacbf,1496,Development cache/history; not engineering deliverable
.git/objects/3e/591dc52e7c2cde4cdcd2d81a661ca44d91cc15,2923,Development cache/history; not engineering deliverable
.git/objects/3e/6c3216226438e6dcd94e886ec7970945d5f29c,428,Development cache/history; not engineering deliverable
.git/objects/3e/738e864adf6dd974487cb084672464580e44cc,103640,Development cache/history; not engineering deliverable
.git/objects/3e/7c66838f1865aa95b24bf93a0bc5dcea251454,1319,Development cache/history; not engineering deliverable
.git/objects/3e/a6afd219271b84ecd06d079b7e0092258639d6,6785,Development cache/history; not engineering deliverable
.git/objects/3e/daffb30e0efa639d4e2ce4950e91a5d0eca197,204,Development cache/history; not engineering deliverable
.git/objects/3e/dd26f120de4dca9ae22d416a1752aaa00396a6,60837,Development cache/history; not engineering deliverable
.git/objects/3e/eb2d45756bb36945e34663e661f15dfc52a326,521,Development cache/history; not engineering deliverable
.git/objects/3e/f43180353f6302f3f55d589c239322c70049b7,581,Development cache/history; not engineering deliverable
.git/objects/3f/0465a61a8d2404d4c1f5e979435ec54d3c1d7e,394,Development cache/history; not engineering deliverable
.git/objects/3f/18f626bced95edb65e06633f755d09195e036f,8541,Development cache/history; not engineering deliverable
.git/objects/3f/28a96cfb4931c2ad00631573db3af9e818026f,87,Development cache/history; not engineering deliverable
.git/objects/3f/29ecdd31429c17f12b8a4cd99147a8cbb81970,2964,Development cache/history; not engineering deliverable
.git/objects/3f/33927c2f31eac52acf64180abf2e9696646614,4727,Development cache/history; not engineering deliverable
.git/objects/3f/3493766f24ea4172f20331730648388cc1f9ab,29304,Development cache/history; not engineering deliverable
.git/objects/3f/37d07ed58acf4692dfbcc1ae99c6fcdc9d5b85,208375,Development cache/history; not engineering deliverable
.git/objects/3f/3fda3cb1c012e9e2f86f8c73f6e098211e7cad,1658,Development cache/history; not engineering deliverable
.git/objects/3f/48711860b06844c167d42d4658efa13da65e19,537,Development cache/history; not engineering deliverable
.git/objects/3f/4c06d2a9f5248f2983dcba1967592e6275341f,1471,Development cache/history; not engineering deliverable
.git/objects/3f/5421dff4aefc3a9311ab17fed1926174b2c6c9,60075,Development cache/history; not engineering deliverable
.git/objects/3f/5de94e0654ac18867c0113749ff5cdd6ff7950,4927,Development cache/history; not engineering deliverable
.git/objects/3f/6f6b9e80e4ab331d2f95aad678434e8602580d,304,Development cache/history; not engineering deliverable
.git/objects/3f/7073b69f924dff20a80aa4c64218e721ca9868,1152,Development cache/history; not engineering deliverable
.git/objects/3f/c0690aa8915e884e963ab8672cbc6458c70132,22542,Development cache/history; not engineering deliverable
.git/objects/3f/cf9b7bb1a5f0343dc610d4425d44e23eb87bce,2612,Development cache/history; not engineering deliverable
.git/objects/3f/ed2d78cda30f65fb75cdb8bc337e2e48241cc2,2347,Development cache/history; not engineering deliverable
.git/objects/3f/f7b32c4a5d8e035a007e93eac18b8cb5b59c53,2040,Development cache/history; not engineering deliverable
.git/objects/40/0591be9c5514de583f158e6b90750d27efb728,2923,Development cache/history; not engineering deliverable
.git/objects/40/0851d27ce1101090bd33bcb9e72fd5120432a5,4163,Development cache/history; not engineering deliverable
.git/objects/40/3d93d93ed4eac6b541048e2b7b7e6f32a3a9b5,9269,Development cache/history; not engineering deliverable
.git/objects/40/6bf8a84518d4df08bda5c54501bad561bb4c41,777553,Development cache/history; not engineering deliverable
.git/objects/40/745cec7794d5c5436c74f3b32b086b35af3b46,330,Development cache/history; not engineering deliverable
.git/objects/40/b725722ce0dce6f9074477a3c109f2f15b0ac3,112,Development cache/history; not engineering deliverable
.git/objects/40/bc95ee69d7981c5f12f8c3e474e25ce54d7bc9,2569,Development cache/history; not engineering deliverable
.git/objects/41/0ff84593b913fc0719875f745fab73879dee1d,2681,Development cache/history; not engineering deliverable
.git/objects/41/296bdc5c6843fa05098cb5f72149ae4ab835d0,158309,Development cache/history; not engineering deliverable
.git/objects/41/2f062f5f5cd241677937e3cebafc0b2d753d43,5430,Development cache/history; not engineering deliverable
.git/objects/41/2f9af9b1d97ccdab1a9093a68573e4269fee80,4119,Development cache/history; not engineering deliverable
.git/objects/41/300900aaea75d3219832f3c2f512c60a24374e,75,Development cache/history; not engineering deliverable
.git/objects/41/5ef1c5d183be6b91c704629a09c8358e62aaf6,5031,Development cache/history; not engineering deliverable
.git/objects/41/70eb3dda5ec30008542336926412486a2faf32,253,Development cache/history; not engineering deliverable
.git/objects/41/8304a24fe06c6e73592424785bc95ef3cfd4fb,672,Development cache/history; not engineering deliverable
.git/objects/41/ac4c3b672b6431bb2948bc6afcf2a7aa484a4d,578,Development cache/history; not engineering deliverable
.git/objects/41/af77e5abd00da044233918a329092ae8803d74,332,Development cache/history; not engineering deliverable
.git/objects/41/b369a4b109d00b937bb2901d5ccd189e9478b5,1751,Development cache/history; not engineering deliverable
.git/objects/41/baf51fd5f25b4c47c58ff537f3649749eed674,213,Development cache/history; not engineering deliverable
.git/objects/41/c89214bc5f9c1d7fabbe97e6093441e5f0ece5,359,Development cache/history; not engineering deliverable
.git/objects/41/cd8793a01720eaa8b368342975839b64ef2c64,216,Development cache/history; not engineering deliverable
.git/objects/41/f2f608d07d4b4dbf3795931542d5435ef2fd4c,359,Development cache/history; not engineering deliverable
.git/objects/41/fa6d8dabc7deb2ae676530a8071bf0259b58a2,2194,Development cache/history; not engineering deliverable
.git/objects/42/108689be1fef54760ce18cb09c1ce8a571ccfc,584,Development cache/history; not engineering deliverable
.git/objects/42/1164b6734f36789a79685d7417a60129f5af65,1137960,Development cache/history; not engineering deliverable
.git/objects/42/196a75188f1d8914591559e0a0ba0bb78838d7,1157,Development cache/history; not engineering deliverable
.git/objects/42/23021e2f6224796eebde5a56aa0f189583c3b7,61,Development cache/history; not engineering deliverable
.git/objects/42/406fe69b7803e803bc2982f73737e6cc87c33f,3169,Development cache/history; not engineering deliverable
.git/objects/42/8227838681b13e1a08b74c0a2152753fd321ad,20086,Development cache/history; not engineering deliverable
.git/objects/42/86a5db4c7015c5eccfd4095801aecb2f63c209,2059,Development cache/history; not engineering deliverable
.git/objects/42/8b26aab8dd076fb944a0a498cd4c926393b062,74011,Development cache/history; not engineering deliverable
.git/objects/42/9de690bda37d131f7964961537109b8ee92622,12349733,Development cache/history; not engineering deliverable
.git/objects/42/a3986fc0001939bfe3fb0822eb14f8936d8c64,146620,Development cache/history; not engineering deliverable
.git/objects/42/d3b29f9bbb118211a4c6a2dacbd818a7d262a5,2427825,Development cache/history; not engineering deliverable
.git/objects/42/fb90602d067e3632278610dde257f12d27354f,1073,Development cache/history; not engineering deliverable
.git/objects/43/03c89a0ae196a194f1be6644d704e8a9ed39d9,2247,Development cache/history; not engineering deliverable
.git/objects/43/12437633d622c10388ca957ffc10b828a33ae4,199,Development cache/history; not engineering deliverable
.git/objects/43/27ce6eb06b128bdc64c3c0ed73ad1a6cefd57c,1869,Development cache/history; not engineering deliverable
.git/objects/43/2b1c8153341ba04227d4a4b4e389368b7928c9,2962,Development cache/history; not engineering deliverable
.git/objects/43/2b7b28a53c55f4c8136fb2714a3d3257a17c0f,65,Development cache/history; not engineering deliverable
.git/objects/43/3ae04449fe44654b5f09248cc09e0e219e2090,357,Development cache/history; not engineering deliverable
.git/objects/43/40e679e9c577c2327d163567646ec0a44a0e5f,5033,Development cache/history; not engineering deliverable
.git/objects/43/56b2492779df52f7fe5fa20f0021bf54acbf74,626,Development cache/history; not engineering deliverable
.git/objects/43/59a018e715172c289dee6350cfd96769f50e31,1270,Development cache/history; not engineering deliverable
.git/objects/43/5e3f6f61b254401b31483844a4091d399bb59d,4493,Development cache/history; not engineering deliverable
.git/objects/43/689e53838e2123ae88313c2d05d4017ae7a79b,4634,Development cache/history; not engineering deliverable
.git/objects/43/7a8764b5f5471b95a15f8b6acbb35c9203594c,4682,Development cache/history; not engineering deliverable
.git/objects/43/920964ffb6142a64954697bbe4af193672a965,417753,Development cache/history; not engineering deliverable
.git/objects/43/d3c3def7fd6a97436d5087fc14420c2e27d32c,35093,Development cache/history; not engineering deliverable
.git/objects/43/eac3b1e8dca13a9b89e97fc048b23028429c85,134,Development cache/history; not engineering deliverable
.git/objects/43/f08dc2051345eb948ff419c525000e32dfcf13,1915,Development cache/history; not engineering deliverable
.git/objects/44/16b379330bd2f422634760f3c984cdd7cfc1ef,306,Development cache/history; not engineering deliverable
.git/objects/44/2528eb712525eadf7ea326ec904ae1aa3941ea,168,Development cache/history; not engineering deliverable
.git/objects/44/4469cbadf006743165597fd845b80146532546,509,Development cache/history; not engineering deliverable
.git/objects/44/53246b7fd6d364dce233629b39ef1f887b8a64,2957,Development cache/history; not engineering deliverable
.git/objects/44/5beb61ecad7ee1e57cb6a360787cfb9832955c,1321,Development cache/history; not engineering deliverable
.git/objects/44/639a5f0deb74600409a4497fdff86b77f7c54d,16340,Development cache/history; not engineering deliverable
.git/objects/44/6dfbbb45712343e973c21f253957c7f8eaa62b,61,Development cache/history; not engineering deliverable
.git/objects/44/6f96478ae5aa3008a818d653a82192204db795,367,Development cache/history; not engineering deliverable
.git/objects/44/773c71a4af7c26a21a275119a9d31d059c8844,39740,Development cache/history; not engineering deliverable
.git/objects/44/87180fdb59dbb8badaa98d772896b5ae7d6b56,36972,Development cache/history; not engineering deliverable
.git/objects/44/974d7bc78f92b7dca7ee519d06fe19f1dc1373,345011,Development cache/history; not engineering deliverable
.git/objects/44/b92bba1ffbe5cf0455626657c7e26f2125926a,92,Development cache/history; not engineering deliverable
.git/objects/44/dd7d0d9e94ee55974407feff5c51a26fec1bc9,15599,Development cache/history; not engineering deliverable
.git/objects/44/e0a4c20ce25ab7570a07eb52c33647b07d2313,2011,Development cache/history; not engineering deliverable
.git/objects/44/eecae694f8e9b97c95124b7a1693417445885a,221,Development cache/history; not engineering deliverable
.git/objects/45/038c4f27f2c50a9f365f68429a274023a28576,1008667,Development cache/history; not engineering deliverable
.git/objects/45/4cdcc986622ad4625aaa456df42f8291032f37,172752,Development cache/history; not engineering deliverable
.git/objects/45/6f79fd97d37ea9a00953d18e2995366cd9ef36,74,Development cache/history; not engineering deliverable
.git/objects/45/9e9387aa33196eda98ee89d30208c90f228da8,9383,Development cache/history; not engineering deliverable
.git/objects/45/a5dd40fbf1d13c29ac141766c560d721a8e56c,2236,Development cache/history; not engineering deliverable
.git/objects/45/a862ed009b1b00e9c0d81707037eb3056cbf07,791,Development cache/history; not engineering deliverable
.git/objects/45/a86d2c1dd4f4fcdfbe7b200b23468381c4eea2,43952,Development cache/history; not engineering deliverable
.git/objects/45/a9ba005797c5cf68bd63a9137fcd3a4bebf278,2082,Development cache/history; not engineering deliverable
.git/objects/45/b031afd1f14171cc52fefbeec45b89b3a6f268,359,Development cache/history; not engineering deliverable
.git/objects/46/07a082e958346b962d68e1f1084aa1ec67a53d,91,Development cache/history; not engineering deliverable
.git/objects/46/1a9182b53268a45a187964a625f024226011e3,28608,Development cache/history; not engineering deliverable
.git/objects/46/1bfb517c8311e413b9aca9d430ebeee9b22d9a,264670,Development cache/history; not engineering deliverable
.git/objects/46/233e9ca9a3221559090ed3b259d3408a977ab0,227,Development cache/history; not engineering deliverable
.git/objects/46/2778de947bc7377b5ff7ac380a0594090b5232,1060,Development cache/history; not engineering deliverable
.git/objects/46/398ee08ecffa2c281ef627d0cc22245143818e,74,Development cache/history; not engineering deliverable
.git/objects/46/56e38774d5679025fe3d9ec640b1763237eceb,12667,Development cache/history; not engineering deliverable
.git/objects/46/6612abf8430f322d36b8c4f22014b7e0cb4abf,239,Development cache/history; not engineering deliverable
.git/objects/46/690de80465e32cb98bfa648d6bdcac4b8cefc2,168,Development cache/history; not engineering deliverable
.git/objects/46/6abdbec06c60ee70e01bf326e303481cde88de,114852,Development cache/history; not engineering deliverable
.git/objects/46/99c082eaad09e65132cc1ca8a69d73f3a7fd16,204,Development cache/history; not engineering deliverable
.git/objects/46/9fe9b9839c3ffec17bd05a1ee1f09258173170,1359,Development cache/history; not engineering deliverable
.git/objects/46/babd17c22479d1082bf21c7e06d48077d5905e,62,Development cache/history; not engineering deliverable
.git/objects/46/c28ac7f01b7427568d8fdec53917a1d7201c05,145,Development cache/history; not engineering deliverable
.git/objects/46/dd93d13f4e49e7177ab8cdfcdcc7eb9db197a7,394,Development cache/history; not engineering deliverable
.git/objects/46/ec985600d87ee46cc236eaeb06d576c6fbd160,203609,Development cache/history; not engineering deliverable
.git/objects/46/fd3bf17125cb6e094dbcb014b8c2b9cc874553,775,Development cache/history; not engineering deliverable
.git/objects/46/feb51162ffd04c8088312eb6d8f4135f2eb403,175,Development cache/history; not engineering deliverable
.git/objects/47/1e3aa625452cddc2350e23b96c15799270f913,134,Development cache/history; not engineering deliverable
.git/objects/47/38f79e390db073de1665e9cb23e6d06e5544fb,4849,Development cache/history; not engineering deliverable
.git/objects/47/448ff185d7dc0b5037fb0b1c6d135fb0b3ef28,226,Development cache/history; not engineering deliverable
.git/objects/47/65a255af62c04bb35fba798778a13f3660cca5,821,Development cache/history; not engineering deliverable
.git/objects/47/6639755649112e940b226291b6e252dfa9e05a,5481,Development cache/history; not engineering deliverable
.git/objects/47/6bb29b4bc5aa75000e52805e5cc0d0f6d34705,8533,Development cache/history; not engineering deliverable
.git/objects/47/7372fdf58e527ed6de5f75ecb2ee4bd93f8fb9,3281,Development cache/history; not engineering deliverable
.git/objects/47/835041bf23780666d84a7c8f2be161dbf99c17,10515,Development cache/history; not engineering deliverable
.git/objects/47/a5e0d7570c08a0919776745f61501942a96d70,1192,Development cache/history; not engineering deliverable
.git/objects/47/aa7f2a5fd6aa29804be8427c0e85603f0a0e00,131,Development cache/history; not engineering deliverable
.git/objects/47/e185c954864eebadae9da62f9593a94fd26440,34872,Development cache/history; not engineering deliverable
.git/objects/47/f60a47601df83e0a846b4e3a3a88b0cceded6d,739,Development cache/history; not engineering deliverable
.git/objects/48/07635bf230047f8de329f6b9d508f9f5a0261d,317,Development cache/history; not engineering deliverable
.git/objects/48/27a6a2752e58e344fa0edbaf9bd19a3a3f6f0e,2390,Development cache/history; not engineering deliverable
.git/objects/48/4391d3209fc7b2599dc6ca4a4f86487f8f2031,427,Development cache/history; not engineering deliverable
.git/objects/48/5238b7fdf98f38aeaa834c61f765e31032b496,204,Development cache/history; not engineering deliverable
.git/objects/48/834f4c183d1efa12b91787b8bbdd2561da4c46,91,Development cache/history; not engineering deliverable
.git/objects/48/871031e1d36591cf17bf534ff8b085b5c465db,2620,Development cache/history; not engineering deliverable
.git/objects/48/b56bdc6eaf489008fc94bde616ac76aca0587b,1990,Development cache/history; not engineering deliverable
.git/objects/48/c14efd9088b14b9b0e7dae0422cf52397cde10,30200,Development cache/history; not engineering deliverable
.git/objects/48/caf5daab4de1225e0000444c03604dfa5abc75,4701,Development cache/history; not engineering deliverable
.git/objects/48/da58644bbc22faecca6e0d64d6a2d2e953cacf,240942,Development cache/history; not engineering deliverable
.git/objects/48/de2b8e8e1306a7a637e088c0f3d3364c340caf,172487,Development cache/history; not engineering deliverable
.git/objects/49/146e514260599ebfa1ccb4467bd107af123754,89740,Development cache/history; not engineering deliverable
.git/objects/49/29b82e2b3282cb8bd9742d461cb494e176da0c,21880,Development cache/history; not engineering deliverable
.git/objects/49/2dacdd6d2fdb4c0b9b38c84f66ea1fa1c774e8,110585,Development cache/history; not engineering deliverable
.git/objects/49/4f885eefd95f12c40b0f4b186a47c7b809657f,206969,Development cache/history; not engineering deliverable
.git/objects/49/51231e9f168a6fec1dc2747376e8413fd00957,231,Development cache/history; not engineering deliverable
.git/objects/49/5c77836f5add5df0565856df745fd33a75d151,623389,Development cache/history; not engineering deliverable
.git/objects/49/9e189e6676026284cf3890acfd7a0ca03773fc,336,Development cache/history; not engineering deliverable
.git/objects/49/a4e10b53b56630e00cc89c90297b0cf286a825,85,Development cache/history; not engineering deliverable
.git/objects/49/a84a86e3f464bffe626575df88c5fee3fbae63,358,Development cache/history; not engineering deliverable
.git/objects/49/b0644de984e70514a3f0e7ccadfc6ac161c358,4948,Development cache/history; not engineering deliverable
.git/objects/49/bf5a9102ad34c6aa60603106d62e9519828ed6,3817,Development cache/history; not engineering deliverable
.git/objects/49/c933eb4fbfa71fbc52b80d56a5f0868f036ff9,423,Development cache/history; not engineering deliverable
.git/objects/49/ded2e61bddebb6a939683d47dbc4cb4c42cb98,2903,Development cache/history; not engineering deliverable
.git/objects/4a/160acc2585c02fe7d2a351c9fc86de92882de1,221,Development cache/history; not engineering deliverable
.git/objects/4a/1f41faada9062843e22333b33f175be67d6b55,100,Development cache/history; not engineering deliverable
.git/objects/4a/2c4834dd418460285d8467e3fca6751dcd3736,232165,Development cache/history; not engineering deliverable
.git/objects/4a/4ab6d76194a67ddc9d6ea73426bf0a7ed24de9,8502,Development cache/history; not engineering deliverable
.git/objects/4a/4e80da1b39b2c0ca9c5bfe9764c20624392727,121,Development cache/history; not engineering deliverable
.git/objects/4a/533c394564aef20666f64179be69d77de68652,845996,Development cache/history; not engineering deliverable
.git/objects/4a/559df53b1a8a8cdbac2050993904e9c7c9e257,11894,Development cache/history; not engineering deliverable
.git/objects/4a/7002fd5fa6f496e9358bdfa1426447378ab7b7,10044,Development cache/history; not engineering deliverable
.git/objects/4a/8028c8c5572048f7eb257c40e662bebc647b8f,146340,Development cache/history; not engineering deliverable
.git/objects/4a/8128bc64b0e50d59c3a61b529d61b414837feb,229876,Development cache/history; not engineering deliverable
.git/objects/4a/90437f280fb9a7f3a95af6bc27d28440081862,39764,Development cache/history; not engineering deliverable
.git/objects/4a/ab9f7f24a2b35fd69020046ba9fcd7488ec389,630,Development cache/history; not engineering deliverable
.git/objects/4a/b000c7a12e914c6d868f5199af307c068cd559,22674,Development cache/history; not engineering deliverable
.git/objects/4a/c84a8cee37e572659038e4d1a5403cf78405b3,164,Development cache/history; not engineering deliverable
.git/objects/4b/0675541d4847436a594cf328a848c7651a3574,1836,Development cache/history; not engineering deliverable
.git/objects/4b/09401f13258a36fd2cceefb0252a1d0b306d6e,4852,Development cache/history; not engineering deliverable
.git/objects/4b/5b5fc500abff4764708f22db985bbbcd772d04,220,Development cache/history; not engineering deliverable
.git/objects/4b/5ebd52b9c03e5a884df0f435b889bef4b63a81,690,Development cache/history; not engineering deliverable
.git/objects/4b/65476016c2e658437ec7de90e528603587ec7c,118,Development cache/history; not engineering deliverable
.git/objects/4b/6c718c2ecec1dc5a7b656e4cf5dd211f1d2b5a,9388,Development cache/history; not engineering deliverable
.git/objects/4b/735ed5f98b6086e5c11969687e4cb4c155bb2f,867,Development cache/history; not engineering deliverable
.git/objects/4b/9901a264c0160b407c601d13f3cb93efe3dd7d,27049,Development cache/history; not engineering deliverable
.git/objects/4b/ad616d3bb237b3c3c45cd6d674ffe4ac81b88e,41372,Development cache/history; not engineering deliverable
.git/objects/4b/b4f21f22873a658957ee445fcc765aa28bc492,311240,Development cache/history; not engineering deliverable
.git/objects/4b/bfa2707344ad74d52f162a24b05905d0c91d49,214520,Development cache/history; not engineering deliverable
.git/objects/4b/d6c8737cdcc506ea8aec8b13dee7dcb971ea56,239,Development cache/history; not engineering deliverable
.git/objects/4b/d82633eeddbef138e602c41678664e8cb71d8e,63,Development cache/history; not engineering deliverable
.git/objects/4b/dc6a2965159f7d075157830e26a65fd2c50674,2524,Development cache/history; not engineering deliverable
.git/objects/4b/ea82c57e92155e449088f66f2dc42299b48ae5,4653,Development cache/history; not engineering deliverable
.git/objects/4c/003268a21ae196d5115e859d4ca2dc9dfa38a9,4876,Development cache/history; not engineering deliverable
.git/objects/4c/2c80715657135735316e43b90019f94c0dc0d0,566187,Development cache/history; not engineering deliverable
.git/objects/4c/30ea566ef853811605acfc4d2146a8baf8bd06,1349,Development cache/history; not engineering deliverable
.git/objects/4c/3ebe6076e950a9697914049a8053eafb936394,62,Development cache/history; not engineering deliverable
.git/objects/4c/576421f2383e62991a54bca11ac13f7b333e68,230,Development cache/history; not engineering deliverable
.git/objects/4c/9a4a259fa09fc58fec298fc8dafff61d686d7a,805,Development cache/history; not engineering deliverable
.git/objects/4c/9b4f18d4192aa7414939785cf91bbb694d18eb,29125,Development cache/history; not engineering deliverable
.git/objects/4c/a174a910f9c975c10433c60092e9b5a7568798,4949,Development cache/history; not engineering deliverable
.git/objects/4c/a9550765a11ada83d19c51f81a6e3eb0bf32de,360,Development cache/history; not engineering deliverable
.git/objects/4c/aba25f2c8a4302fc93d6113659593775126144,133,Development cache/history; not engineering deliverable
.git/objects/4c/bb2a8edff61c984297823ca6a690ecbd0530c6,6922,Development cache/history; not engineering deliverable
.git/objects/4c/e6f54db5a221a069b3a93f8397e42cbc779719,63,Development cache/history; not engineering deliverable
.git/objects/4d/04d8c6296878d953f986f287819494fb27a2fe,49,Development cache/history; not engineering deliverable
.git/objects/4d/18fbc194db74939414511a229c6c3d0351fd65,9251,Development cache/history; not engineering deliverable
.git/objects/4d/1c4ecc49b8be4f766b394cbbac418b1bc51001,800,Development cache/history; not engineering deliverable
.git/objects/4d/20a825461d183356329d17ae7854c27e3a0d2e,4036,Development cache/history; not engineering deliverable
.git/objects/4d/28a9308d0ce63a5b909b7e9f7f99dd3df39a29,62135,Development cache/history; not engineering deliverable
.git/objects/4d/4108183ce9fddd047dc5bc260015755cbca8ca,1186,Development cache/history; not engineering deliverable
.git/objects/4d/5ccec1a955af6274b6b0d54f7642e427ebc2cb,133,Development cache/history; not engineering deliverable
.git/objects/4d/7a1ca882a44ee87a2ea0fa36e6acfa0748224c,2905,Development cache/history; not engineering deliverable
.git/objects/4d/9f823a2d3c28e712566d598a7c9527a8389d8c,87608,Development cache/history; not engineering deliverable
.git/objects/4d/ab5c2289a957317e96ac34adc982ce4cde1412,247796,Development cache/history; not engineering deliverable
.git/objects/4d/ad859af7f9cbb1bdda19f2c52b8f1faaefbb41,52414,Development cache/history; not engineering deliverable
.git/objects/4d/afddd136fde2e36b8737aa17df04b201da9f83,92710,Development cache/history; not engineering deliverable
.git/objects/4d/ee4a6427fa084d79b207378d9194577a00357e,2259,Development cache/history; not engineering deliverable
.git/objects/4d/f79205dbfdb4d26cd80b8c3d1f5dc42fae9ac7,33861,Development cache/history; not engineering deliverable
.git/objects/4e/0eb48fea6720cfb3c0522c83f7edf0407e8701,8538,Development cache/history; not engineering deliverable
.git/objects/4e/3725784167a95e723209f5352c11e01fbbe1ba,34257,Development cache/history; not engineering deliverable
.git/objects/4e/3fdb6c3007990c7ce5f9cce10eafcdec6064ad,3731,Development cache/history; not engineering deliverable
.git/objects/4e/5446c7af2e6f6b2c3d27625bd3ccab3bd841c5,228,Development cache/history; not engineering deliverable
.git/objects/4e/5f202be866ca5f180e83f2e07243000171e74c,9262,Development cache/history; not engineering deliverable
.git/objects/4e/869a939de99b80e1a9b1f0b7ede5dfdad34d3d,1190,Development cache/history; not engineering deliverable
.git/objects/4e/96fcaa09d700a62cd58d1203df7195e63bb5b4,8494,Development cache/history; not engineering deliverable
.git/objects/4e/cc7e6b5a2d8226913297f3c4442517b89b73b2,101,Development cache/history; not engineering deliverable
.git/objects/4f/092fb6d9e423ca8138be2394fa2bb2a9ca8092,912,Development cache/history; not engineering deliverable
.git/objects/4f/11a95761fd15ea757aba7422ed607b7fb5698c,330,Development cache/history; not engineering deliverable
.git/objects/4f/15cd81b0f895f70a5a684f13926032dbef6739,28365,Development cache/history; not engineering deliverable
.git/objects/4f/1cd942589312b2fb0506a66895e448da4ca2e5,979,Development cache/history; not engineering deliverable
.git/objects/4f/1df54b07a04971308e94c3548fe5da2edfb65a,9225,Development cache/history; not engineering deliverable
.git/objects/4f/1e162153396980e7d67134ffd02085e8f0c8a0,391092,Development cache/history; not engineering deliverable
.git/objects/4f/614d48a5d8e273f34f81940e78d4eabde12290,203,Development cache/history; not engineering deliverable
.git/objects/4f/614e4f8eedd526f79390bb9c9c3a26fd592329,4249273,Development cache/history; not engineering deliverable
.git/objects/4f/6f3eec5497762be02e19c71f1ca5de32b527f4,48,Development cache/history; not engineering deliverable
.git/objects/4f/711a7d47c4f90f2176c6bc827ebc1a30f5b465,48,Development cache/history; not engineering deliverable
.git/objects/4f/8345ea42f103a5a85f13e0de6e4bba20fd5767,2134172,Development cache/history; not engineering deliverable
.git/objects/4f/90a007daad4de6a01631dfce7196a48f08042a,4127,Development cache/history; not engineering deliverable
.git/objects/4f/99072b5efe3e9f1b93dd61b5c1081c251c0882,10784,Development cache/history; not engineering deliverable
.git/objects/4f/ac22ee01b2e1b211cb2ddea41c882ccdc56ed2,1642,Development cache/history; not engineering deliverable
.git/objects/4f/aed184d9a6466a525acda19496704da500bc59,21117,Development cache/history; not engineering deliverable
.git/objects/4f/bfc89e7a6b28336e4e5c662198d5fc27dbe593,25673,Development cache/history; not engineering deliverable
.git/objects/4f/ccc3c2bddad1da673c795131c09b69aa3d2c3d,9262,Development cache/history; not engineering deliverable
.git/objects/4f/d29d3f16a34baeba09a9a5af0cf7406ac0226b,582,Development cache/history; not engineering deliverable
.git/objects/50/09ff7d178f97b314a00756f50b863ff3b5228c,2166,Development cache/history; not engineering deliverable
.git/objects/50/0f4b7da9ca08ffacd5adce394eb51be250cb2c,3765,Development cache/history; not engineering deliverable
.git/objects/50/23173d985744a07d73cd7ab856e7182880a021,1191,Development cache/history; not engineering deliverable
.git/objects/50/2ccf739274225f7d845a0d671abc81cfe6091e,56,Development cache/history; not engineering deliverable
.git/objects/50/5d8d8defb7dd1ee37a077f1a6d8fda28191f6f,9252,Development cache/history; not engineering deliverable
.git/objects/50/6ed123601288ea54b729d76ff349c0b1478309,289172,Development cache/history; not engineering deliverable
.git/objects/50/88013a54659f6a6250089eefc5fe8d2f930d2a,46,Development cache/history; not engineering deliverable
.git/objects/50/8ea61b520ea5e011ce386e26b6b3ebd67d362f,356,Development cache/history; not engineering deliverable
.git/objects/50/99609e731ff065365fbc7ca72198469bb5f4dd,420611,Development cache/history; not engineering deliverable
.git/objects/50/b349c4d937a1cc7190b31cf85d5b9cf188c9c3,867,Development cache/history; not engineering deliverable
.git/objects/50/b64cf3cdc2ccf9b2899018a0539cddea20e5fd,651161,Development cache/history; not engineering deliverable
.git/objects/50/c07e5a56af13dc07406b321ee12fae7401f85b,13855,Development cache/history; not engineering deliverable
.git/objects/51/0fbc5d17be5229ee4e15621408063cbd0fb98d,209,Development cache/history; not engineering deliverable
.git/objects/51/1c37460eacf912964fb28fc72af00bc14d9d84,358,Development cache/history; not engineering deliverable
.git/objects/51/44a2753595efe131c07153605957f3a2642ec6,5934,Development cache/history; not engineering deliverable
.git/objects/51/4d6c5e1ef7a177b83c189e00b754badff68b4e,12784,Development cache/history; not engineering deliverable
.git/objects/51/64aa041ec48839ac29078fd3d59e05bb6fef3f,472529,Development cache/history; not engineering deliverable
.git/objects/51/7f62b2efd8caaa204136837cebbfb60a4a0bad,1316,Development cache/history; not engineering deliverable
.git/objects/51/98a861ea6eb6873d7d7c179a80066959de1b7a,22020,Development cache/history; not engineering deliverable
.git/objects/51/cb70008fb1d9270ef71f7f8a7a277533fa40f1,137148,Development cache/history; not engineering deliverable
.git/objects/52/1e0736f4aed2132d8ccff2d4805826616d7659,2366,Development cache/history; not engineering deliverable
.git/objects/52/21d8378af70a22b0e2c513a1b4c8d824e4c2ba,133,Development cache/history; not engineering deliverable
.git/objects/52/4200bb59b0face73496a2e624359966a37c995,48,Development cache/history; not engineering deliverable
.git/objects/52/49cd3eda58ec3619c4bddda80146d70d44c8fc,358,Development cache/history; not engineering deliverable
.git/objects/52/55500cef8a5031e719edda480577fc05d2d763,33606,Development cache/history; not engineering deliverable
.git/objects/52/610d2444b71e8b44b92889bc50e06d3091894e,81,Development cache/history; not engineering deliverable
.git/objects/52/7f3ff738fe40e5536211c63403d5f8c0caafa7,329,Development cache/history; not engineering deliverable
.git/objects/52/a4327c327c84bd51332b03dea918486cab3973,58,Development cache/history; not engineering deliverable
.git/objects/52/defef8a002ec644977edabd71a80186d0b2f2f,2926,Development cache/history; not engineering deliverable
.git/objects/53/337b71047542f75c231f55a7531f503464a9b3,57590,Development cache/history; not engineering deliverable
.git/objects/53/8a2946ab95b749a2d52bd1601c3771c45a4553,9012,Development cache/history; not engineering deliverable
.git/objects/53/a2ed8bb628daf018694ab51117a2a55cef8ee0,2226,Development cache/history; not engineering deliverable
.git/objects/53/ab322d8238ac5449b6b9abc66f432178da55a9,359,Development cache/history; not engineering deliverable
.git/objects/53/e809cd777d16eec87a37b260e590e23498ec5d,88,Development cache/history; not engineering deliverable
.git/objects/54/11176afecbf56ff0067f05cbcb4da7a5ec7358,13411,Development cache/history; not engineering deliverable
.git/objects/54/5fe362cd97314bd41c16f9536298a8426e9114,8555,Development cache/history; not engineering deliverable
.git/objects/54/6482cb7bbf61dd5c6e1bdf1052f52ecf9b4c14,109659,Development cache/history; not engineering deliverable
.git/objects/54/67a387f786c82738f4789325ec3fcb4e5db8d9,1820,Development cache/history; not engineering deliverable
.git/objects/54/88a3c6d037caf49ada12271033184d3554e1b5,148316,Development cache/history; not engineering deliverable
.git/objects/54/8d1c250ba4fa3899fe7719ed975f521991fa53,4952,Development cache/history; not engineering deliverable
.git/objects/54/93f974e174f181eb412edd72bfd32c2e5485e0,84,Development cache/history; not engineering deliverable
.git/objects/54/9571b9805ed5113aba6a0c3a7a5f623555eeef,4718,Development cache/history; not engineering deliverable
.git/objects/54/b88749a4bf23860a214c138b8a30995ade7bd9,1686,Development cache/history; not engineering deliverable
.git/objects/54/c4a977189d6e73fbec3c7edbc294d567834244,8345,Development cache/history; not engineering deliverable
.git/objects/54/d077fffd316060cbdcffc13b3843822ba5341a,312,Development cache/history; not engineering deliverable
.git/objects/54/e84a7240f54274fc99bb7ba8f31c10f07158e0,333195,Development cache/history; not engineering deliverable
.git/objects/54/f7dab3880f995f960f4b9996a8da8fc5d70ccf,45837,Development cache/history; not engineering deliverable
.git/objects/54/fedf8f62afbfb953605aaa20d0b4cefc531a88,9376,Development cache/history; not engineering deliverable
.git/objects/55/114341f60274b29a52d4c18f608faa6495eeba,23945,Development cache/history; not engineering deliverable
.git/objects/55/156a81ec08df64d3aa2063a2526f049d8d9e8c,33800,Development cache/history; not engineering deliverable
.git/objects/55/2afd2dce158c80488a2ec95922af2c64045ce1,101931,Development cache/history; not engineering deliverable
.git/objects/55/375ac7f23bcad3ef5ac6f1559d11d90ae83844,331,Development cache/history; not engineering deliverable
.git/objects/55/40a3db105701639a166f9f034e27d8ff4c9518,245,Development cache/history; not engineering deliverable
.git/objects/55/4fc7781487127ea00e1c4bfc9941c4aeec6167,186410,Development cache/history; not engineering deliverable
.git/objects/55/68aaa84659cf605984fd85174bb27cbb979885,41681,Development cache/history; not engineering deliverable
.git/objects/55/865d8234416e955ea7e6f4c68b2fe1d001a68e,357,Development cache/history; not engineering deliverable
.git/objects/55/a885b6723d78e5777d2229f4b7d0c2c36e62ca,5072,Development cache/history; not engineering deliverable
.git/objects/55/b4cf42dfaa63e7e7b07e701cc8b98ad8439635,129820,Development cache/history; not engineering deliverable
.git/objects/55/c14ffbc2161d36632f8ab7a8b33b54f923777d,229,Development cache/history; not engineering deliverable
.git/objects/55/c6c5e5789905a4c6f4be858dbd1b3cb93e5afa,358,Development cache/history; not engineering deliverable
.git/objects/55/e212224fff7bd9b50c2b9142b614a19c050c73,1158,Development cache/history; not engineering deliverable
.git/objects/55/f0ccbcc776d7647e8e19224379754cf1f63c3a,99,Development cache/history; not engineering deliverable
.git/objects/56/09d3157b5216b95967a76fe65b45a8415d0e65,11578712,Development cache/history; not engineering deliverable
.git/objects/56/88161d74d950df2387d921aa17fa9fb5820cc8,1003,Development cache/history; not engineering deliverable
.git/objects/56/9b524243623e9e68990c52892e8c31b1a0778e,2426,Development cache/history; not engineering deliverable
.git/objects/56/9c10bc11acd460db38b1aab0ae165ea1a68bcc,4664,Development cache/history; not engineering deliverable
.git/objects/56/d15dd2b26fdc65b29af4f819365e8e5f577e8d,48,Development cache/history; not engineering deliverable
.git/objects/56/d2fbe12811bff24dafeab651bc560d01dd5782,4373,Development cache/history; not engineering deliverable
.git/objects/56/eddfeeea27c995bce79dadad1cd321406d9385,74,Development cache/history; not engineering deliverable
.git/objects/56/f1144d1f473f42ea308a400283a5ffdbaed6f8,166,Development cache/history; not engineering deliverable
.git/objects/57/06e464e4eef661a5c04d581493877ad582d5ca,2958,Development cache/history; not engineering deliverable
.git/objects/57/122f005296518283ff3a8b1e9db4c72092493d,105822,Development cache/history; not engineering deliverable
.git/objects/57/4a2bb28f62ed2bff85813c146f4e1d79f9decc,22746,Development cache/history; not engineering deliverable
.git/objects/57/79cbd6a3d88b3ba00fc93b984664c7c570764d,4928,Development cache/history; not engineering deliverable
.git/objects/57/881de34ee4e559c192e5a4ee08677cb87b84f8,8473,Development cache/history; not engineering deliverable
.git/objects/57/b21d39c7de4efa860cab46c0fe99701fbefa2a,11565,Development cache/history; not engineering deliverable
.git/objects/57/c14e6f4c2d116c1cdcda0e2bf56bbfdba79fca,3679,Development cache/history; not engineering deliverable
.git/objects/57/cb62ae553bd9841c8ddfa02711e95516b2cf0e,165,Development cache/history; not engineering deliverable
.git/objects/57/dcf65061d219ba8b77307b41a247de3eeaa7d6,27148,Development cache/history; not engineering deliverable
.git/objects/57/e2a0737a41afbbd08a59048fb245f46dc4ccaa,637,Development cache/history; not engineering deliverable
.git/objects/57/ec8248a77633796014bb42353d324bdd9d9fbf,358,Development cache/history; not engineering deliverable
.git/objects/58/0068a32e1deb9ea424294353c9986985771455,2959,Development cache/history; not engineering deliverable
.git/objects/58/011be384f14b1e3b39171f490471adaf1f2e3f,255344,Development cache/history; not engineering deliverable
.git/objects/58/0ec08be8a0a053ec5a04ed378a1b3aaf047ab2,165,Development cache/history; not engineering deliverable
.git/objects/58/315b3c066a0fc6f73b97ddf8149be23196dc11,41829,Development cache/history; not engineering deliverable
.git/objects/58/4bd2cb146e5583963db55d87fa437b53be3a54,132,Development cache/history; not engineering deliverable
.git/objects/58/5e88191951e97e8a6732231289a538a6ad6809,79,Development cache/history; not engineering deliverable
.git/objects/58/72b79a7466157a2b100ac4f72a2694737cb3d9,8492,Development cache/history; not engineering deliverable
.git/objects/58/9078193a14971febf1363cc0120dddb30aedfd,84599,Development cache/history; not engineering deliverable
.git/objects/58/980b2edff20e633a26d0993852ec2e96710ff0,263,Development cache/history; not engineering deliverable
.git/objects/58/a554ab903325364f0e770669982d8f9b2620e2,1120617,Development cache/history; not engineering deliverable
.git/objects/58/af3209f4eff441d507c26fda26669b4403672e,358,Development cache/history; not engineering deliverable
.git/objects/58/bd8c91323d295050a995de3b701237e8f10a58,264803,Development cache/history; not engineering deliverable
.git/objects/58/c6ae377669a847aaa6d849135fdf7993613c55,241,Development cache/history; not engineering deliverable
.git/objects/58/fb2c118e3d12f1b2607eae77d91948e7b92d67,165,Development cache/history; not engineering deliverable
.git/objects/59/786035dd734b4b12c68125bf056dfb416bebb1,846500,Development cache/history; not engineering deliverable
.git/objects/59/7c6b8807a75e4dbaec60794afbf4d07082cd4e,1231,Development cache/history; not engineering deliverable
.git/objects/59/925e19aefa5a2e27070064bf7565e159ac297a,1988,Development cache/history; not engineering deliverable
.git/objects/59/b9e6d07dbf985d5e7ae5a029acd351696c8779,4845,Development cache/history; not engineering deliverable
.git/objects/59/c2f24a6e43f8e389d860869a832bb8f3b8e2b5,284,Development cache/history; not engineering deliverable
.git/objects/59/cf82171925bebb510300e6633de3e7d452b603,8674,Development cache/history; not engineering deliverable
.git/objects/59/da8d3e5310e8a606ae4f1a98ad448aa11d405b,60110,Development cache/history; not engineering deliverable
.git/objects/59/e3ea9cf9264a0346190851b7a507a5c3c0f04c,1378,Development cache/history; not engineering deliverable
.git/objects/59/e7032f9a65219ee408bbbd70afb795b88fb51e,818,Development cache/history; not engineering deliverable
.git/objects/59/f8a15117b9e26d577d7a5cff6a88e700bdb733,392,Development cache/history; not engineering deliverable
.git/objects/5a/0f2c2c2c0fe66c6cfbb2d2d846def15be511c3,3095118,Development cache/history; not engineering deliverable
.git/objects/5a/1c51ccaa92bf60599ea7cc9ec9f0c455d05b34,5125,Development cache/history; not engineering deliverable
.git/objects/5a/2113182375e350f29e2617019ea3dcf922b222,4631,Development cache/history; not engineering deliverable
.git/objects/5a/355133a032889eb7a9002f22f067c24dceabce,461,Development cache/history; not engineering deliverable
.git/objects/5a/43353a42636fda6c677425893effd0e6568d03,203,Development cache/history; not engineering deliverable
.git/objects/5a/4480325b92a6c842bc0050c8f9902f38f72a72,361,Development cache/history; not engineering deliverable
.git/objects/5a/5b1ad5ae6a40fd7d5bab074fb62ad0b026e07c,724,Development cache/history; not engineering deliverable
.git/objects/5a/5d9900dbfd636e184dde62e5f1dcb93bab1d8b,1238,Development cache/history; not engineering deliverable
.git/objects/5a/62cee5611eda35ded8d7d9779461ad034b8399,241,Development cache/history; not engineering deliverable
.git/objects/5a/6c9f4d2a2c0a64163382c4c3d556d1d59406cb,2985,Development cache/history; not engineering deliverable
.git/objects/5a/7519394fd3cf8a9b284d4d18c590489656fca1,357,Development cache/history; not engineering deliverable
.git/objects/5a/94140bb134cfdd959308dc1c625381d437d940,50440,Development cache/history; not engineering deliverable
.git/objects/5a/98674787dba479daecbb69e4f5c5f6718106c4,1274,Development cache/history; not engineering deliverable
.git/objects/5a/dbab3a1549bffdf8b96ab3dd8d35dccebaa89a,4152,Development cache/history; not engineering deliverable
.git/objects/5a/ee8cb0456fe0b3e0ab78423c6856d365bff9d1,690,Development cache/history; not engineering deliverable
.git/objects/5b/0da46dd37d769ae538b8f4c2920c4ca7ee3c78,215007,Development cache/history; not engineering deliverable
.git/objects/5b/273f96718d51ee93b7ac18460d87ef14959906,292,Development cache/history; not engineering deliverable
.git/objects/5b/59e6e1ed03335374ccd2995790f241d29c7b08,238814,Development cache/history; not engineering deliverable
.git/objects/5b/6ef552c3de341666ccec1eea348bc0b3ed2778,28540,Development cache/history; not engineering deliverable
.git/objects/5b/74110aff084c6008cce1e888eb53ba38d866ba,357,Development cache/history; not engineering deliverable
.git/objects/5b/87835b0b2a29a05219a06be7d38a40130b76f4,171,Development cache/history; not engineering deliverable
.git/objects/5b/9c1b99097be20615e564946b9c4faa36b92df5,1188,Development cache/history; not engineering deliverable
.git/objects/5b/bb590cc352eb49c9ba275268ace4811a8fb080,24283,Development cache/history; not engineering deliverable
.git/objects/5b/c2a3c6bbecabba1518d08dd8d18f25c79e5344,358,Development cache/history; not engineering deliverable
.git/objects/5b/db9f2627bbe21dc448e262c8181b4c9672c89f,2037,Development cache/history; not engineering deliverable
.git/objects/5b/df0d29e7def1f23613f3fc78fd0d2936a228fb,212,Development cache/history; not engineering deliverable
.git/objects/5b/f2b09aa002fa68a543af135f105d7d19143692,72017,Development cache/history; not engineering deliverable
.git/objects/5b/f40a8c3c6d1591523fd5147dbdbaaa857c4b7b,205,Development cache/history; not engineering deliverable
.git/objects/5b/fa37681990a5e0f782e8307f7f121dbbd0561e,361,Development cache/history; not engineering deliverable
.git/objects/5c/17c31cbd03acf1569723130fbb7f3a683f1c46,2081,Development cache/history; not engineering deliverable
.git/objects/5c/21a9ad1964c0c24b65ec3bdab824b34a8d5562,91,Development cache/history; not engineering deliverable
.git/objects/5c/50eb3aa029c5163ab13c53fbefbc366aed4292,445089,Development cache/history; not engineering deliverable
.git/objects/5c/517ee0b1dc597d56703807081ec9bdd61d9f55,410880,Development cache/history; not engineering deliverable
.git/objects/5c/53668d2c2a5f50df33d0c4a91891ab17fa9a0e,133,Development cache/history; not engineering deliverable
.git/objects/5c/5b36c0ecb680025105bb12092dbe4e06c225ac,152533,Development cache/history; not engineering deliverable
.git/objects/5c/5ce77ce2e9c44a27a220fa516e599668ee6e49,9711,Development cache/history; not engineering deliverable
.git/objects/5c/74d084780ec89fb24f9503983e121899d3cc90,10268,Development cache/history; not engineering deliverable
.git/objects/5c/7c3a3e361a2cdc0ac04585498182d4cc754e9a,3670,Development cache/history; not engineering deliverable
.git/objects/5c/7cc1aee5cbfe703884b004414548681281dbb8,50717,Development cache/history; not engineering deliverable
.git/objects/5c/7f0d67755fd7f1b58c958e8453c8af26a24608,129,Development cache/history; not engineering deliverable
.git/objects/5c/8c21319f4a26233e06beea606d80aa6d6dc78c,1208,Development cache/history; not engineering deliverable
.git/objects/5c/b4c0986a636872f3a9c84d8e1fc458d4cfaa97,55,Development cache/history; not engineering deliverable
.git/objects/5c/d08e247001f56ddc3c99c6125ba230d657bf03,212,Development cache/history; not engineering deliverable
.git/objects/5c/e4702aeb358c6bd7fa9e8bed8a7c1bea4a1e61,704,Development cache/history; not engineering deliverable
.git/objects/5c/eb37765a63d7f295b7fab5732113ecefc23990,359,Development cache/history; not engineering deliverable
.git/objects/5c/ed056d1900750a86b59c147f2ab01df57d3b65,7489,Development cache/history; not engineering deliverable
.git/objects/5d/301b87b0f6cf042134160c29397e6db4b15202,284456,Development cache/history; not engineering deliverable
.git/objects/5d/35f885da784eb426e1ec8395229df32e2f735a,1189,Development cache/history; not engineering deliverable
.git/objects/5d/38c3e073eaf812993efc9e76140e6aa2f35587,3308,Development cache/history; not engineering deliverable
.git/objects/5d/40fed2892d3d9983a947997b2c5b63f4bc3acd,4949,Development cache/history; not engineering deliverable
.git/objects/5d/46f362d94101c5ebbd535bbff4a9e8a1f61e25,56880,Development cache/history; not engineering deliverable
.git/objects/5d/63b420b3495c0ace1a1eb4605beb456dc017ed,501,Development cache/history; not engineering deliverable
.git/objects/5d/77e92f641b548950d79603a954923fb5966ce6,129,Development cache/history; not engineering deliverable
.git/objects/5d/86c40b28243935dec8f2789450d1aa028e4e47,1088,Development cache/history; not engineering deliverable
.git/objects/5d/90acba78794e185a4e8ea8180400fed619f588,229280,Development cache/history; not engineering deliverable
.git/objects/5d/9154bcbe33a6f42ef5b7e25361537bbc3380bd,45,Development cache/history; not engineering deliverable
.git/objects/5d/9abea9687dee6d7b288860ca1166c4a90d91b4,49,Development cache/history; not engineering deliverable
.git/objects/5d/b2c179c186e647bfb9d461684d3d888e62dec8,363098,Development cache/history; not engineering deliverable
.git/objects/5d/b802201ed1e39df743c9e3152f8fdbcf432817,487,Development cache/history; not engineering deliverable
.git/objects/5d/d24f19c1be7ebdd721b68e2a41ba9a0e5d155a,56835,Development cache/history; not engineering deliverable
.git/objects/5d/e01868e1eda34fa8c06981bb1f453c474f7b26,8474,Development cache/history; not engineering deliverable
.git/objects/5d/e215b0018309959a72cf1761a7cb5a780c3927,49863,Development cache/history; not engineering deliverable
.git/objects/5e/018876dd5cad75fd47ee58499814b42d06126c,3755,Development cache/history; not engineering deliverable
.git/objects/5e/26caa0ed956b9fd7a02c7722c2aec928c566d2,471,Development cache/history; not engineering deliverable
.git/objects/5e/4b8efe7f0f62bb3ec91134c5937319b8a90ef8,2958,Development cache/history; not engineering deliverable
.git/objects/5e/5cc1a2b9265d17c76bed92179aa8204d6814b8,3427,Development cache/history; not engineering deliverable
.git/objects/5e/b370d93c5a690d7afcc377295e0400f6126074,3737,Development cache/history; not engineering deliverable
.git/objects/5e/cb1a7a985d0756bbd7dc422a41c63fc7ccb769,1068,Development cache/history; not engineering deliverable
.git/objects/5e/d37e8b95f23df66a1720953cea556e2c5dff41,3133,Development cache/history; not engineering deliverable
.git/objects/5e/ed14a4eb37a756f62524fdd5bb7718e23664f2,3732,Development cache/history; not engineering deliverable
.git/objects/5e/fda6214727a1432235801ccc8b092d421e8d66,3790,Development cache/history; not engineering deliverable
.git/objects/5f/051d347c10ae63ecad202d25f7b2441b048949,702755,Development cache/history; not engineering deliverable
.git/objects/5f/0fb4e2aeac88e2f95d8226f555e0870176bacb,3745,Development cache/history; not engineering deliverable
.git/objects/5f/26013c2414b4de5ab2917f088634578dbbd74b,602,Development cache/history; not engineering deliverable
.git/objects/5f/37cb97087730baf3f20921b5c8d621edc4ff95,558,Development cache/history; not engineering deliverable
.git/objects/5f/40db6398c7b092a8b5e4b8c579d9fffbea3cee,2172,Development cache/history; not engineering deliverable
.git/objects/5f/4358e7f93487b6d34403867726401d1c8801ce,2954,Development cache/history; not engineering deliverable
.git/objects/5f/70c6be1e82736c64bcfaa6dd7907a76b6c2c43,22307,Development cache/history; not engineering deliverable
.git/objects/5f/772eca3f142a26bc88e84e4c8286cbdfa4eae2,997,Development cache/history; not engineering deliverable
.git/objects/5f/8d864038d81770c5699bd4156d369395729735,329,Development cache/history; not engineering deliverable
.git/objects/5f/a5e642baa2bb68e3691fcdaec55c448055935e,460,Development cache/history; not engineering deliverable
.git/objects/5f/ad058dbe05357fd1b7c8a4f11e21303c3d6fc6,429,Development cache/history; not engineering deliverable
.git/objects/5f/b153dc4da4fa0f2e1f5d3cb71c9276fbc5b3d4,21074,Development cache/history; not engineering deliverable
.git/objects/5f/b895149ea61245819793240ae7ca4e7c1d3003,91,Development cache/history; not engineering deliverable
.git/objects/5f/bc770f2bddbbe016d0837574431733763d27b1,12045471,Development cache/history; not engineering deliverable
.git/objects/5f/bcbdd98ef023cc3d415e697ddc129074151f53,1193,Development cache/history; not engineering deliverable
.git/objects/5f/c7fefabebd0e9fed26d8bb9ed91177bdb16f6b,1513,Development cache/history; not engineering deliverable
.git/objects/5f/d84e0ea292f8658fd7c2be6cc19c366b359a02,1128,Development cache/history; not engineering deliverable
.git/objects/5f/db883de696d538e63038d2572b5e5e921fd6f9,5033,Development cache/history; not engineering deliverable
.git/objects/60/09f842dcc9415db19eb0c936b70c2bcf67e865,29105,Development cache/history; not engineering deliverable
.git/objects/60/1ebdea93bb441ed6af0bbede55579eaa43fd42,1919,Development cache/history; not engineering deliverable
.git/objects/60/2a8f8ae03d8c86f359aabcdbc274fdd9c22767,4301,Development cache/history; not engineering deliverable
.git/objects/60/318a6fb90bbd2b69f03374b84abf4d15288f98,302,Development cache/history; not engineering deliverable
.git/objects/60/389c81d73b355342def1bbbb0b686e8fa34d42,358,Development cache/history; not engineering deliverable
.git/objects/60/526739ab7a14b3bcfd53e099a5ad9635f81aec,4942,Development cache/history; not engineering deliverable
.git/objects/60/620ba5e7b647f8ce304b47b2e1189d3a2b8c9c,298467,Development cache/history; not engineering deliverable
.git/objects/60/7cea3e2d49697fc54df560bd3de7f5e67e9433,46,Development cache/history; not engineering deliverable
.git/objects/60/93f56b252a449606f1b9a21fc65e803772d5d0,472142,Development cache/history; not engineering deliverable
.git/objects/60/a0c5a0ede0f617ef05a0c5f7759ad4cb7a1c5f,17,Development cache/history; not engineering deliverable
.git/objects/60/a78b296f84a8b1d024c89bc5fc023bf9b77967,2593,Development cache/history; not engineering deliverable
.git/objects/60/adecca953daed422d84e66f892087722ee4354,9264,Development cache/history; not engineering deliverable
.git/objects/60/b6f28a59106484e0187d0f7ae6f7b07e2a6952,595,Development cache/history; not engineering deliverable
.git/objects/60/d288173a36ef31b29ef3c9cd3d557408bc750a,13763,Development cache/history; not engineering deliverable
.git/objects/60/e9e7e40ad7dc82374665a13eee07a719de4d5d,15858,Development cache/history; not engineering deliverable
.git/objects/60/f3abc3377c9be89e7e7cd521ddc3f01fc34564,48,Development cache/history; not engineering deliverable
.git/objects/61/0d06178002096666c194ec4e0df880bd43a34b,840690,Development cache/history; not engineering deliverable
.git/objects/61/1282468b5eecf7cc86e11522ac4d54e8149233,1738274,Development cache/history; not engineering deliverable
.git/objects/61/65219f67884c29cd56464c00b36cc26a4b8255,237,Development cache/history; not engineering deliverable
.git/objects/61/665c6f22e9ebbaead5e0facd1db70f007b1f9a,215,Development cache/history; not engineering deliverable
.git/objects/61/8a437ff2545bfcfe55db3fc4cabf41a7d5a9e1,871,Development cache/history; not engineering deliverable
.git/objects/61/df9ea5680f22879d132dcfcb57254ee613b679,1318,Development cache/history; not engineering deliverable
.git/objects/62/0357671dbeb71226690d4dec96e77bccae2066,359,Development cache/history; not engineering deliverable
.git/objects/62/22ef54c5e633b34302b41061b5e4261e318963,1235,Development cache/history; not engineering deliverable
.git/objects/62/27975f890ac408a0ff066911b2cd0393f88838,3706,Development cache/history; not engineering deliverable
.git/objects/62/3b8bcacbe5043bfd3bb11f7f57a296dc1dc2b3,103286,Development cache/history; not engineering deliverable
.git/objects/62/7c77e4d2a7f62efebe8f806dbb129f44a6342f,145449,Development cache/history; not engineering deliverable
.git/objects/62/8a0082bc4d99dc3947491b4c0f47179cdd939d,2118,Development cache/history; not engineering deliverable
.git/objects/62/8c7a7f82e4869bfef2f81f9f81761cd7d5b021,46929,Development cache/history; not engineering deliverable
.git/objects/62/8cb57d53df3c9bdb7b2f5c9b082aed8ac87d3c,7285,Development cache/history; not engineering deliverable
.git/objects/62/8e9f4fbc5753e14859bcded18d370f3ab41bf0,204,Development cache/history; not engineering deliverable
.git/objects/62/bb55cc6e8b1e11599db246ee7171940e28832a,8491,Development cache/history; not engineering deliverable
.git/objects/62/cabfb502c992d348c9431798ce2876e7808a53,1870,Development cache/history; not engineering deliverable
.git/objects/62/eb3cb0bfe4c0a561e063a11f3951e670468d0c,9506,Development cache/history; not engineering deliverable
.git/objects/62/f31399cfa897068f2afae6151a8a373d4812c6,353,Development cache/history; not engineering deliverable
.git/objects/63/053e6cd01cd6a2b4338bcc23fce682529fd49b,142,Development cache/history; not engineering deliverable
.git/objects/63/070de9eac8f92a486add5beca1e60a6d049256,15283,Development cache/history; not engineering deliverable
.git/objects/63/13e4ee579597c4b92e49b70682ed17e87068d8,134,Development cache/history; not engineering deliverable
.git/objects/63/17d85b458279b75643aabc6b74cebfb38d9f16,229,Development cache/history; not engineering deliverable
.git/objects/63/534b88db652930c9b1936f351d50de2e6ea520,337,Development cache/history; not engineering deliverable
.git/objects/63/7748091f5d4fb0d5f4a5bb4c8716a2dc9e7e36,23313,Development cache/history; not engineering deliverable
.git/objects/63/7e0df471ad87f19f2ae97af9618baed66b8cf4,7274,Development cache/history; not engineering deliverable
.git/objects/63/8158ffd628fe0d21ffccaaef2c2cb761a568bb,1072,Development cache/history; not engineering deliverable
.git/objects/63/b1e7b480044c3080a635b563ef3bce4565abf0,4364,Development cache/history; not engineering deliverable
.git/objects/63/c196d39b362410a0201418906c9293595e9309,413238,Development cache/history; not engineering deliverable
.git/objects/63/d818e51b0e600aa1f5a09387ab513fb5c414ed,1851,Development cache/history; not engineering deliverable
.git/objects/63/e0370dc6840cb83abe835320bf55bb0abc58e6,2586,Development cache/history; not engineering deliverable
.git/objects/63/f3059b6b5cad9bacd159a489e14c5b1feeeccb,9004,Development cache/history; not engineering deliverable
.git/objects/63/ffe5ca08331ebab80f2bda4dd71df5e2514143,164,Development cache/history; not engineering deliverable
.git/objects/64/0cacfbdc43b4a075ffc26ba2df28e19081a13d,202,Development cache/history; not engineering deliverable
.git/objects/64/0dcdae5a2ba910f093b29cd922f902767b26f3,3550,Development cache/history; not engineering deliverable
.git/objects/64/27aee838734c8d8106f701c231b9ace5bc6cc5,227,Development cache/history; not engineering deliverable
.git/objects/64/28996a33653b34b5bdad800697ca7c3f08f758,247,Development cache/history; not engineering deliverable
.git/objects/64/3823cb36a482df8920d2e43efc3a96c5aced5d,1071,Development cache/history; not engineering deliverable
.git/objects/64/661955fcfe6a0226875c9a3cb8f1448816937e,1826,Development cache/history; not engineering deliverable
.git/objects/64/6b5096d46a4967505b977c9322142511918735,202,Development cache/history; not engineering deliverable
.git/objects/64/72285f9f77e16a1dc72d41c0e732aa54872f5f,62,Development cache/history; not engineering deliverable
.git/objects/64/8163c9ba1a926da93dbb1b52d367012ab32054,7506,Development cache/history; not engineering deliverable
.git/objects/64/93b3a6f8cb4a451984e97d742b92d5ef9f93bb,608812,Development cache/history; not engineering deliverable
.git/objects/64/a64581d1812f15dd0c94623dbbaf00fdcdb9be,600,Development cache/history; not engineering deliverable
.git/objects/64/ab8b57845bbb7c42dad12c4df5a8b6ee123d43,273,Development cache/history; not engineering deliverable
.git/objects/64/af08936374f7ee32ac278f493d40c36fa8704b,826,Development cache/history; not engineering deliverable
.git/objects/64/efb4bcd794f441ccaacf10ecf7c9b5cb7ea36b,6827,Development cache/history; not engineering deliverable
.git/objects/65/028fd019c03a6ca5d42d88f6c9e63b8da7573d,78857,Development cache/history; not engineering deliverable
.git/objects/65/3be02f6ac46032302c869ea8d45db9548eded5,151350,Development cache/history; not engineering deliverable
.git/objects/65/3d5c2cd01ccae17861df5d9232269ab9d1deff,4949,Development cache/history; not engineering deliverable
.git/objects/65/5744094af710246e68fa92cc676e67db2fc402,9655,Development cache/history; not engineering deliverable
.git/objects/65/5be8aa948c0f51e51f950eb30b0161bf2887b5,2401,Development cache/history; not engineering deliverable
.git/objects/65/64efac862e4e9e80cefac376b74a6ca4f1055f,80,Development cache/history; not engineering deliverable
.git/objects/65/719a405ed0edb6767c9bae7b8e0451b11f171e,3343,Development cache/history; not engineering deliverable
.git/objects/65/7e51bca5bacda5d7f2971c1651f7d99b6e0d40,62,Development cache/history; not engineering deliverable
.git/objects/65/7ed954a872d053bd01bac56b740814cd563712,269,Development cache/history; not engineering deliverable
.git/objects/65/8e811f51f9e6efed8e90854ca3bbb16e6a2977,220,Development cache/history; not engineering deliverable
.git/objects/65/bb2958a2ad7af9e0df8c0475b4b2e1df55ad05,1812,Development cache/history; not engineering deliverable
.git/objects/65/bb9fa306df50438bc18ee3afcd1142f1d17a98,48,Development cache/history; not engineering deliverable
.git/objects/65/c5ebbe4ac5a8342ec1121b671984ca3ebe4182,547,Development cache/history; not engineering deliverable
.git/objects/65/c8f439206907b35a2d875528887635fa53ce7f,951489,Development cache/history; not engineering deliverable
.git/objects/65/ce7ab1b0ff32f4cc6f03985225eab8a5c5b50b,264,Development cache/history; not engineering deliverable
.git/objects/65/d619aba82bc90342357cbf5d8a72676713158b,4064,Development cache/history; not engineering deliverable
.git/objects/65/e3e49f2d46ad4dfa3c11d50d3a9dd1948b1fd0,205,Development cache/history; not engineering deliverable
.git/objects/65/e4d5d83fac2ceea29efc46d76e3cf2eec72a4f,43843,Development cache/history; not engineering deliverable
.git/objects/65/e52f3f61cdd78b53ff04396de192eff181e5f9,2954,Development cache/history; not engineering deliverable
.git/objects/65/e7a0a8afa02c54d689afbf6eeaea0f74cdbec6,2277,Development cache/history; not engineering deliverable
.git/objects/65/ecc999654dd2680084e9c71481d82c61c1b828,2134,Development cache/history; not engineering deliverable
.git/objects/65/ed6838b9ecf1975915ed7b3911a49992e592d5,224,Development cache/history; not engineering deliverable
.git/objects/65/ffa723734cb413d8916edfffd21fbd7fb8e432,26650,Development cache/history; not engineering deliverable
.git/objects/66/09db316719f49a281c4e04cab181a9e7bff368,1309,Development cache/history; not engineering deliverable
.git/objects/66/0e601aed366337c56ee7d750cce5131ee587fc,157698,Development cache/history; not engineering deliverable
.git/objects/66/1ccabeafde6db4f83c2cc1c29267dc501eb5f1,1832,Development cache/history; not engineering deliverable
.git/objects/66/48974e67c1d942387527b859b1b5de90a4aaca,316,Development cache/history; not engineering deliverable
.git/objects/66/509e7091379d7468b4f06fd54afdba97c01c7b,48,Development cache/history; not engineering deliverable
.git/objects/66/5c4567b789fd67e74ca0e6958a2adced13bd82,2811,Development cache/history; not engineering deliverable
.git/objects/66/7b0d92f939f7781e1515c766b848e7fe73fc03,3848,Development cache/history; not engineering deliverable
.git/objects/66/83afb5b49f29991ec3810d87b9ffdf3ac6f8ef,75,Development cache/history; not engineering deliverable
.git/objects/66/84259ad69e034b8691455530fc9a99fba56d34,300,Development cache/history; not engineering deliverable
.git/objects/66/ea59cea5c67af9501ef873a9d09704e80c53a0,2707,Development cache/history; not engineering deliverable
.git/objects/66/f939d7f1bf28f7b5f3c74465864869acf1363a,283,Development cache/history; not engineering deliverable
.git/objects/66/fe2c836384d13ed7ead84bacedaf9a1ca4cf6a,119223,Development cache/history; not engineering deliverable
.git/objects/67/0354992970b9db997d59bdd5cc6c22e846c396,156669,Development cache/history; not engineering deliverable
.git/objects/67/09d89e739a9dc08f353a298f35baf8c8a3ad5e,279,Development cache/history; not engineering deliverable
.git/objects/67/1299d224beeb779f536c859e5435a274de66b0,482801,Development cache/history; not engineering deliverable
.git/objects/67/7522e4e91be2f0077c8c4aba737cda188377c1,60655,Development cache/history; not engineering deliverable
.git/objects/67/9b28b17676f7c703ae749503fe22393afe1a69,125842,Development cache/history; not engineering deliverable
.git/objects/67/ba161dcdb37b9a98ff612a4d72468649c48b14,4161,Development cache/history; not engineering deliverable
.git/objects/68/05d789514746431474f90db0806034009c80cf,5055,Development cache/history; not engineering deliverable
.git/objects/68/05df4baff2ef4a1666556e5280c070b334df44,180,Development cache/history; not engineering deliverable
.git/objects/68/33dd94341e474a2e9f80127a12cce3c1b77b13,363016,Development cache/history; not engineering deliverable
.git/objects/68/3a103a84b140399e78877a002756528f6f4d6c,87,Development cache/history; not engineering deliverable
.git/objects/68/6523f9a2f3fc992f4217cad3ec3f8016d1ddc9,1237,Development cache/history; not engineering deliverable
.git/objects/68/8a96f5727347a3e503739b59850e3bd56ad08f,28639,Development cache/history; not engineering deliverable
.git/objects/68/97feae1c00f05656c891e421dd4fd5397af2dd,267303,Development cache/history; not engineering deliverable
.git/objects/68/9a55c2c3e680c4d181c64d475852af0df069a2,12115,Development cache/history; not engineering deliverable
.git/objects/68/a477441bc9b980d27cdf2cb0e754b0751846c5,277,Development cache/history; not engineering deliverable
.git/objects/68/b302c9ed1c02bf5f3f7f0e0520f0be13d7f724,470,Development cache/history; not engineering deliverable
.git/objects/68/c8ee9b6c1f3601fa9a2300abda1fca6d59aaa6,2425,Development cache/history; not engineering deliverable
.git/objects/69/0c427cf4346bf7b2586f136d2111888622ae81,36362,Development cache/history; not engineering deliverable
.git/objects/69/5c0f8297527cbc88f214867e6c042e373124f5,1872,Development cache/history; not engineering deliverable
.git/objects/69/7b7500807caec69dcc600c6d67cafb00a5383a,8534,Development cache/history; not engineering deliverable
.git/objects/69/7d4971cd4eab6e7c024baeddac1f2b9218f1b1,218,Development cache/history; not engineering deliverable
.git/objects/69/8578ba9fff5af56fba5eeab554a5bc9656b012,2950,Development cache/history; not engineering deliverable
.git/objects/69/875be2fb68ef4fc6998aea8ccfea15444f5de5,91,Development cache/history; not engineering deliverable
.git/objects/69/b24f03d97796565dc962ddcb9b87b5647d2376,55,Development cache/history; not engineering deliverable
.git/objects/69/b8a1652f8d07e97efd2af8af5d0e88ee8dec35,166,Development cache/history; not engineering deliverable
.git/objects/69/c2429a74ac56078cd2598fcd37d1cc5308f94b,909,Development cache/history; not engineering deliverable
.git/objects/69/cd95af60a3a621d2470115034d75f4b444955d,3822,Development cache/history; not engineering deliverable
.git/objects/69/f55b6aff41bd17c1bb27168c2a1e8f8e945813,298,Development cache/history; not engineering deliverable
.git/objects/6a/3bbacb56c14eff5f112c49ecb2c13344ceee3e,1316,Development cache/history; not engineering deliverable
.git/objects/6a/3e2f8d00f657056f80cc7633e2a443a94f3c74,879,Development cache/history; not engineering deliverable
.git/objects/6a/6ccdcae59e99c49967e08bc6ab0380ec0a0819,475118,Development cache/history; not engineering deliverable
.git/objects/6a/9c17028c8b76efd882aa7494238c35ef4c655f,3790,Development cache/history; not engineering deliverable
.git/objects/6a/9ec15536edce4080a14ce9d8294c8787c4c921,388857,Development cache/history; not engineering deliverable
.git/objects/6a/c1dafb6c751033847da239d7400ad6630717e6,2330,Development cache/history; not engineering deliverable
.git/objects/6a/ca1a7fffd58ecdaa56131c6e45b331b2cebb14,105822,Development cache/history; not engineering deliverable
.git/objects/6b/0a08d5c0ef971a87032a44bc48847ae938c259,269,Development cache/history; not engineering deliverable
.git/objects/6b/12572cb1be9907ed0b5cc51e1c08ae53e1fa88,5987,Development cache/history; not engineering deliverable
.git/objects/6b/19b625c6dd14ec8b048aec738691dfb5bcf575,5362,Development cache/history; not engineering deliverable
.git/objects/6b/4391e649716ac756b2077e6f1baeb3c9c7a757,218,Development cache/history; not engineering deliverable
.git/objects/6b/6635c71faf24de0e32de96f1ee992fdcff5d50,1548,Development cache/history; not engineering deliverable
.git/objects/6b/66517f2dd0a0770c7e93486eb69917e6ecb64f,942,Development cache/history; not engineering deliverable
.git/objects/6b/69a508788fe2630571786dd3b422070d79d6a3,15964,Development cache/history; not engineering deliverable
.git/objects/6b/7d444d36200fe946518e78110244389488772d,165,Development cache/history; not engineering deliverable
.git/objects/6b/b170b8dc9ce489678a5b8df0b2678ec605b244,48,Development cache/history; not engineering deliverable
.git/objects/6b/d850400178e088b3706e50dfea15103fe7878c,678,Development cache/history; not engineering deliverable
.git/objects/6b/dbc677fbe0e5437ceaf747e5f0e37068ed6952,42052,Development cache/history; not engineering deliverable
.git/objects/6b/fdb271d7707615862a6fb9e6c3f8b08c0b9f08,1892,Development cache/history; not engineering deliverable
.git/objects/6c/45d9d92a5583c520047e7a51bf35e895564a8d,165,Development cache/history; not engineering deliverable
.git/objects/6c/496cbfbd9693b5c18ffcba42480f0fd571ca6a,1780,Development cache/history; not engineering deliverable
.git/objects/6c/85a206014b3b1f8cdb2bf28be85f37d58be7f9,179510,Development cache/history; not engineering deliverable
.git/objects/6c/99494f3f3fb8b83ca043b7c9bf2914596de4b9,325820,Development cache/history; not engineering deliverable
.git/objects/6c/baf51cf261a4117bb3f42f8742fd3c395fb273,3367,Development cache/history; not engineering deliverable
.git/objects/6c/d54b1e1b87df801cb3e5d3b6d7cee64a67edfd,5051,Development cache/history; not engineering deliverable
.git/objects/6c/fb38372380672f94e18ae0000fa54ec88401e4,380082,Development cache/history; not engineering deliverable
.git/objects/6c/fd6d729de13797f7a00ed47a7ef5352ab7af14,2159,Development cache/history; not engineering deliverable
.git/objects/6d/32760a5045784df574c77cccc64659939f0cb4,50911,Development cache/history; not engineering deliverable
.git/objects/6d/5a187689b9d0ca13ac256c97840835936b6c4b,616,Development cache/history; not engineering deliverable
.git/objects/6d/5e5603ae469804952b28966c37be4bd2b718b7,8265,Development cache/history; not engineering deliverable
.git/objects/6d/65f9616711fcc0ce09d799b71aa6c091e19c3c,3196,Development cache/history; not engineering deliverable
.git/objects/6d/9aced58d94a68e8997e85c0aee9154567972b6,94851,Development cache/history; not engineering deliverable
.git/objects/6d/ace571a14261ad789641d0aacd9b8981671651,2084,Development cache/history; not engineering deliverable
.git/objects/6d/e82cade72ac17423eae53b38c5996ef3aa8b6a,2520,Development cache/history; not engineering deliverable
.git/objects/6e/0c6626474ebe877edc6caa40c928445c0fcff5,5038,Development cache/history; not engineering deliverable
.git/objects/6e/10907b3e2021664cd185a81660a7652dfe5a07,335,Development cache/history; not engineering deliverable
.git/objects/6e/3f2d12088341a6032ccc87e37f625ad88c94bf,1499685,Development cache/history; not engineering deliverable
.git/objects/6e/4fef75cbb816665bb409fbc55935ecb9a8cc4e,428,Development cache/history; not engineering deliverable
.git/objects/6e/6060ce862a42be2ac4a46c7fbde43a86e3fec3,419110,Development cache/history; not engineering deliverable
.git/objects/6e/852ceb11efdbaedd0b2ef95f65b12d40c65181,445,Development cache/history; not engineering deliverable
.git/objects/6e/a05fd65d1ce95faa9baa46fb5f62d904146395,359,Development cache/history; not engineering deliverable
.git/objects/6e/a1ef67651574e78653032e810b57b904be4720,6418,Development cache/history; not engineering deliverable
.git/objects/6e/aa467e8b5d0315d227e37c68c41dbbe0525585,264790,Development cache/history; not engineering deliverable
.git/objects/6e/c23b8a294ca977548a596a5384916041fbeccd,355,Development cache/history; not engineering deliverable
.git/objects/6e/cd794846eb5998359c38ba6544934b7b3755e5,19260,Development cache/history; not engineering deliverable
.git/objects/6e/f2b13d8d96eef3ec8620f7b143309400d5a933,242,Development cache/history; not engineering deliverable
.git/objects/6f/0d7e1262e34b34968f274aed04e82b52215f16,329,Development cache/history; not engineering deliverable
.git/objects/6f/2bf974f5316933a1eb4d669b0a3453ab887bc6,279190,Development cache/history; not engineering deliverable
.git/objects/6f/2c3fd4f609eca848c720b0f0fe934ea7dc1bb2,2866,Development cache/history; not engineering deliverable
.git/objects/6f/34fbe04c9a33e4e331578342173643d5c77cb9,309,Development cache/history; not engineering deliverable
.git/objects/6f/441d9261ef3ddbf26372997c44b431bc4e62fb,92,Development cache/history; not engineering deliverable
.git/objects/6f/5b5b1d605b08a137180bcb692f238d2939dd00,136982,Development cache/history; not engineering deliverable
.git/objects/6f/6556ac32fb73098bc81fb457f21b1a4d117738,146549,Development cache/history; not engineering deliverable
.git/objects/6f/7264653389fc976bb9c4306d971309341eb39e,53,Development cache/history; not engineering deliverable
.git/objects/6f/7d3bca8fdab1fca01368c649d21689b7a8548a,687,Development cache/history; not engineering deliverable
.git/objects/6f/969df339ce052a354d7c0dd8cec14c79c9183e,979,Development cache/history; not engineering deliverable
.git/objects/6f/a5c6902afbf85c944f145aa8035e3af31ad792,17428,Development cache/history; not engineering deliverable
.git/objects/6f/d229f9562b38993d4ac10281462d36329e338e,2841,Development cache/history; not engineering deliverable
.git/objects/6f/fe9469f46bfecf2d74a29859b54150f72a569d,1257,Development cache/history; not engineering deliverable
.git/objects/70/11d2a6d7eabe2c3982f893c77d31b9a1dd3509,30063,Development cache/history; not engineering deliverable
.git/objects/70/16bbb0641a6eef7889fc90fc401cac48e5f841,91683,Development cache/history; not engineering deliverable
.git/objects/70/37b06f8972d1234192bd4f7207f9212db31999,1632,Development cache/history; not engineering deliverable
.git/objects/70/49b7ad2d6c1112fb6789a3f43e4c136d4ea337,9255,Development cache/history; not engineering deliverable
.git/objects/70/619dfd9510aeaf8c4b7f2a697f20883b95ebea,254833,Development cache/history; not engineering deliverable
.git/objects/70/950b73b59cca1d3d86ed7898caac33d2adbcf2,1994,Development cache/history; not engineering deliverable
.git/objects/70/af916fdf8057f604d4ead630504d3b2597b822,3940,Development cache/history; not engineering deliverable
.git/objects/70/b0991e11dd2c74315bc53cb743046a36d00ebb,49,Development cache/history; not engineering deliverable
.git/objects/70/c3a30c8cab46ff01c17aaf3a7a9fc5bb8ad901,442,Development cache/history; not engineering deliverable
.git/objects/70/e297aa4f12faf49eca66a7cf4af99670dd1dcc,2422,Development cache/history; not engineering deliverable
.git/objects/70/e2f9730332b6a2b7f8d7ec777610945e4528ae,574,Development cache/history; not engineering deliverable
.git/objects/71/0f273a1059dd0b5a32e6e4a52bd57ef80f1565,5039,Development cache/history; not engineering deliverable
.git/objects/71/11cc00eba067cfe81b7cc78f56d1a71bae6c50,4489,Development cache/history; not engineering deliverable
.git/objects/71/2711d1957415478207626b370fd65b00842055,327086,Development cache/history; not engineering deliverable
.git/objects/71/276c6a04cdfbb13b97db66a2c8f6a289c3fc6f,365787,Development cache/history; not engineering deliverable
.git/objects/71/318f2ba7147114978f631d4f0a154a4a335fd9,153054,Development cache/history; not engineering deliverable
.git/objects/71/420e5511237c7cc847d37883525e17102dc24d,8039,Development cache/history; not engineering deliverable
.git/objects/71/5244f3547c0394aacf7ffb97a5b3052fda914a,33793,Development cache/history; not engineering deliverable
.git/objects/71/647fb33121ab4f3c08a6fc5f0fbbfec92053ba,356303,Development cache/history; not engineering deliverable
.git/objects/71/77f9c0e60c55dbf14ead049eb6b16d5b8fb4d7,2605,Development cache/history; not engineering deliverable
.git/objects/71/86660552f8de5ee71b730ea8a6797b63079fcc,1080,Development cache/history; not engineering deliverable
.git/objects/71/904e17f31bb4a6bd093d3f46a15a5bb143b9e3,73,Development cache/history; not engineering deliverable
.git/objects/71/9206a24ab96cb54eba8d8b8cbe3cf4cec2820d,530,Development cache/history; not engineering deliverable
.git/objects/71/93f450ea851e702ff70ba8526bfd6ec231de73,1050,Development cache/history; not engineering deliverable
.git/objects/71/99c6d2266cbd5fe513e00bb5a662975f1db9c9,58274,Development cache/history; not engineering deliverable
.git/objects/71/9d425145734dec1d3553ac7387bbf0f74bdee1,255,Development cache/history; not engineering deliverable
.git/objects/71/caea05c5695a8d47c0d3a68cb5c7237f832ff0,4226,Development cache/history; not engineering deliverable
.git/objects/72/08d6a0eb10ac83a7cf284cd1fc209688aaa033,1937,Development cache/history; not engineering deliverable
.git/objects/72/4b543a45298df067b13d2e45e0622e63cfcf9e,2420,Development cache/history; not engineering deliverable
.git/objects/72/6a7205cbdd781846f19376189f6f3741abd24b,65601,Development cache/history; not engineering deliverable
.git/objects/72/74d05fe8a1fe1eb91664ccc683ffe6deb55581,242,Development cache/history; not engineering deliverable
.git/objects/72/c4f0b3db43469951e8fd4f5c5f616ecf30431a,91,Development cache/history; not engineering deliverable
.git/objects/72/c9f9770da30a4765ec6f179f28582259e19890,560,Development cache/history; not engineering deliverable
.git/objects/72/d5102948d804f00ecbde8cda450e710258ee6a,75,Development cache/history; not engineering deliverable
.git/objects/72/da89546076e4c3391fca8699276cf661a4c40b,59824,Development cache/history; not engineering deliverable
.git/objects/72/fd33d6aeef595b38a0846619e15864c07bfd38,13964,Development cache/history; not engineering deliverable
.git/objects/73/076aef3816f0ba8d13b85c0de18eed5f669561,140,Development cache/history; not engineering deliverable
.git/objects/73/08326da97c460837b1b584d067f6d185d8816f,391,Development cache/history; not engineering deliverable
.git/objects/73/09ac07e3362618579c2b25c2564acea95ada02,203,Development cache/history; not engineering deliverable
.git/objects/73/19f5881e65764a237a6f2324ca428cd4514ce3,36658,Development cache/history; not engineering deliverable
.git/objects/73/2764d021f8e4989e4ca52b154585fe4a54d98f,85342,Development cache/history; not engineering deliverable
.git/objects/73/33b2cb307adbaf6cbc9cdf6666871d9b5c62da,616,Development cache/history; not engineering deliverable
.git/objects/73/3a46ffa9e14986e02b63221ce111df033cd220,157557,Development cache/history; not engineering deliverable
.git/objects/73/74363e484e953b134141d1cd4731393a9457a4,394,Development cache/history; not engineering deliverable
.git/objects/73/8120b995240fcdcb2b5cff6c4b0f4c7b611434,8143,Development cache/history; not engineering deliverable
.git/objects/73/8c0631d7f8569b3191b857ee2149c92a1ba49c,15371,Development cache/history; not engineering deliverable
.git/objects/73/8d1e5580cfe072fac25c867daad0aea28624d9,7284,Development cache/history; not engineering deliverable
.git/objects/73/957c11ea7deaeb284b1b973252a7105022f4f8,125,Development cache/history; not engineering deliverable
.git/objects/73/a2c9bc484882a667779989c51c5e32e6bfc481,790,Development cache/history; not engineering deliverable
.git/objects/73/b05afb77a0c1647a39349c78a591a1e869b325,45,Development cache/history; not engineering deliverable
.git/objects/73/d6d0227b5eda3e0862ee4e9e58b495d68fa8aa,291477,Development cache/history; not engineering deliverable
.git/objects/73/ef9f5f385d5c6b42d28c00a915ba6242e7d4d2,61,Development cache/history; not engineering deliverable
.git/objects/73/f825de8a0a74a7862ecac7dcbf3d8a0c6d20e0,51,Development cache/history; not engineering deliverable
.git/objects/74/0722853f545542ad16e8f97ff9aae4cf51159e,359,Development cache/history; not engineering deliverable
.git/objects/74/07d22bf1a93e1b8d562e1e51acbe11c9b60945,206,Development cache/history; not engineering deliverable
.git/objects/74/10b98676f60fa87d9b63a773f69c89ab7a7919,16270,Development cache/history; not engineering deliverable
.git/objects/74/1c4a68e60c2d0a01ab0a4414797598ac61c6c7,5880,Development cache/history; not engineering deliverable
.git/objects/74/1f6ff64c758d57def2c57460a63948eebaa439,1045,Development cache/history; not engineering deliverable
.git/objects/74/294164c488dc8eea636990d846d48842616b1a,229,Development cache/history; not engineering deliverable
.git/objects/74/722215b9b2c87f790d260bda5ccab4b4bed34c,52004,Development cache/history; not engineering deliverable
.git/objects/74/855d5a92867d37fc7bd42591194bb3d5ac861f,9114,Development cache/history; not engineering deliverable
.git/objects/74/8c5451f1365068a6e129deeb4a47c5f3cfc9dc,805,Development cache/history; not engineering deliverable
.git/objects/74/8e698f89bc691675aa70973d606e76771c629a,62,Development cache/history; not engineering deliverable
.git/objects/74/9027099313397c7cb366f2969b2d6fb3e1d30c,99,Development cache/history; not engineering deliverable
.git/objects/74/9dd92d4a9e9382c2e9d12fe525bfd90de40452,88,Development cache/history; not engineering deliverable
.git/objects/74/b264e1109a3fb5cfe458647834f95f2e4ec8a2,1156,Development cache/history; not engineering deliverable
.git/objects/74/b308137c17fc055ac7f20ec272178c38206d30,165,Development cache/history; not engineering deliverable
.git/objects/74/b39f10f9b0dacf5b13d030d052e05711958612,74,Development cache/history; not engineering deliverable
.git/objects/74/be5ccfd2ddf262fd35d37bef360617e999526c,13850,Development cache/history; not engineering deliverable
.git/objects/74/c3891d7468d2d1f5dc68675cdac92a5ef4c372,285,Development cache/history; not engineering deliverable
.git/objects/74/e5688b7d76806c80e0ee9ec2ea99ae322a7f7a,1453,Development cache/history; not engineering deliverable
.git/objects/75/1fa7ac427df6767f07e0ec389c7645c2f4148f,94,Development cache/history; not engineering deliverable
.git/objects/75/2a94d5b89cdc6bb14db921d916759dfa4135bf,3007,Development cache/history; not engineering deliverable
.git/objects/75/2f04177145f5298d0199c26ad62799ddcd7ff3,5035,Development cache/history; not engineering deliverable
.git/objects/75/55108db34919dcb35c132975cf023696be6087,358,Development cache/history; not engineering deliverable
.git/objects/75/58ab5e034d26c61738b0f3141561d93cfd2adf,551,Development cache/history; not engineering deliverable
.git/objects/75/5f46cc27b69d393182f4089512fc4bd6656f09,2035,Development cache/history; not engineering deliverable
.git/objects/75/6625879308004295fe9f80db92c3d330fb2cbb,170870,Development cache/history; not engineering deliverable
.git/objects/75/696db151cc4d6a2a97028c051830bb2a86cb9e,3885,Development cache/history; not engineering deliverable
.git/objects/75/6b401fb63e659a141c25c048e72cc5e6d57be9,3123767,Development cache/history; not engineering deliverable
.git/objects/75/70ad1dc7800753aee8a338b99aa42d391d9eb8,335,Development cache/history; not engineering deliverable
.git/objects/75/af97f30f19192e299ce1c9f441a87498855f5e,913,Development cache/history; not engineering deliverable
.git/objects/75/b0bb346d28fc4796c238e2fe3c37cb00da9e2c,122,Development cache/history; not engineering deliverable
.git/objects/75/eb702479b03d17319787ed60498dff8143a935,165,Development cache/history; not engineering deliverable
.git/objects/75/f3c3b29399af7ccb9b3ad90aee3f0bd3b798d4,720,Development cache/history; not engineering deliverable
.git/objects/75/fad843cd9404f8a9352e6751662e67e7a20d43,73,Development cache/history; not engineering deliverable
.git/objects/76/1a5b87769dd18e68a24196898bbae35ef37d38,3018,Development cache/history; not engineering deliverable
.git/objects/76/24b8ac776d2d666fda25a26aecbeb67f9d6a97,167,Development cache/history; not engineering deliverable
.git/objects/76/310920634e5bf2230008eb398b3c7ee610f074,1339,Development cache/history; not engineering deliverable
.git/objects/76/387f706f86c0081b024cbe1f2aed9d53c951b6,357,Development cache/history; not engineering deliverable
.git/objects/76/563e227b09f926507d7e3c17639d36c6e27675,734,Development cache/history; not engineering deliverable
.git/objects/76/56b23fafedb266a04f5d6308ae463d74c103ad,400,Development cache/history; not engineering deliverable
.git/objects/76/77bb1a6d309c09c9924b5dc960594b762ebb03,8534,Development cache/history; not engineering deliverable
.git/objects/76/9c71a446234f1a26b2bb8f5c0ba4086d1dc32e,46,Development cache/history; not engineering deliverable
.git/objects/76/a996e010edc1f229e3ca723ab75904c9a4feeb,2348,Development cache/history; not engineering deliverable
.git/objects/76/d27ce355253f24ac54b41a04f95d58b54fa894,211,Development cache/history; not engineering deliverable
.git/objects/77/05bd4b62bb08af6a1c593ae4454f7ab231c626,8517,Development cache/history; not engineering deliverable
.git/objects/77/17c7f77b738edfc629cc1be938de19047baa97,15515,Development cache/history; not engineering deliverable
.git/objects/77/232e717220a3833629e017a7ce79f820c5d2b2,236680,Development cache/history; not engineering deliverable
.git/objects/77/2a3858eccf82803f0001ed1eea54dcaf6c66ac,263,Development cache/history; not engineering deliverable
.git/objects/77/322eeef3230ed9f982557b89c429ec3fad1514,5035,Development cache/history; not engineering deliverable
.git/objects/77/39cfb022c08e3b681bdd6df5faf88316344b25,571,Development cache/history; not engineering deliverable
.git/objects/77/4730668857c66946e6a287ad7ada4b5865fa84,1853,Development cache/history; not engineering deliverable
.git/objects/77/4b1a0055efea94d389cbc10c480a6d8dd099b0,1774,Development cache/history; not engineering deliverable
.git/objects/77/4e1cb46f0e632036912f8d8cee26e0bbf72c2f,98,Development cache/history; not engineering deliverable
.git/objects/77/6e6fd85ffa939eec56280e98db68b58e422f63,4309,Development cache/history; not engineering deliverable
.git/objects/77/70658b9be2a247da1d11c9193e36a1741a630a,22517,Development cache/history; not engineering deliverable
.git/objects/77/7ba82283ca154deda7e1fa555061a60a62a134,9258,Development cache/history; not engineering deliverable
.git/objects/77/84cbb80d7fe2fa9bec16ff31d6d63955ceb3c9,101114,Development cache/history; not engineering deliverable
.git/objects/77/b17dd126eb73037abe4e5d0d6a301cebb5d32e,46252,Development cache/history; not engineering deliverable
.git/objects/77/b8526a58a4f043211b14e2961d1cb82a71ab71,1193,Development cache/history; not engineering deliverable
.git/objects/77/bdb39c78abe869c686e9080d5d7435e64f80b1,159753,Development cache/history; not engineering deliverable
.git/objects/77/d6558de237bee7bc38608154e98dd59d27b0e8,1500371,Development cache/history; not engineering deliverable
.git/objects/77/d68ff08b301dfa7558d4289f26e8e6f41c5c06,133,Development cache/history; not engineering deliverable
.git/objects/78/1e3a01d3ed0bd64c8ab941cd70782487257389,4929,Development cache/history; not engineering deliverable
.git/objects/78/2551d87b7dc3c024ba9e033db034bfb1685499,88,Development cache/history; not engineering deliverable
.git/objects/78/31b81d30a153514f8fda1cc6d85aad49834185,36407,Development cache/history; not engineering deliverable
.git/objects/78/5616414c9992d366e6672fb16048f955dc2b2d,3017,Development cache/history; not engineering deliverable
.git/objects/78/58fe3dc156ec9d5dd9ab7548484b0b70875207,17322,Development cache/history; not engineering deliverable
.git/objects/78/74a089fb0fe9c82be4d63dc79d7ef25ba22ec0,45938,Development cache/history; not engineering deliverable
.git/objects/78/79aa12aa70c7a1b7eb887dc73ad3d2eece32c0,4553,Development cache/history; not engineering deliverable
.git/objects/78/85f6b8fa8ef2bb067484c824c814fb932cb66b,4949,Development cache/history; not engineering deliverable
.git/objects/78/94dfca6b024d10c2f2abd0d24f00dc1cf10d85,8362,Development cache/history; not engineering deliverable
.git/objects/78/99bafc6d02aff81b3ac7523a7c13a0affa8fbc,359,Development cache/history; not engineering deliverable
.git/objects/78/9a5d3b3be3dcb5ab3a59b0fa2094802f5da825,273,Development cache/history; not engineering deliverable
.git/objects/78/ae8b71b881f435fbc7850fd430ac0b26538323,200,Development cache/history; not engineering deliverable
.git/objects/78/cecca75e4f9f1bd956e42e28d952fe6120ddd5,300728,Development cache/history; not engineering deliverable
.git/objects/79/0f4d6d8719b161334f2b6de36da974510ce479,50,Development cache/history; not engineering deliverable
.git/objects/79/102740c19eece3c5423c67d51b497a48d011b7,9244,Development cache/history; not engineering deliverable
.git/objects/79/21876f06ace415f44e0426ed131af8dfa7fea1,10433,Development cache/history; not engineering deliverable
.git/objects/79/48b871d46366639388176bbc905291f0e1ef79,285526,Development cache/history; not engineering deliverable
.git/objects/79/6d264647c540265a850a73e6159634e247a4c6,2340,Development cache/history; not engineering deliverable
.git/objects/79/6db20775c13f2f69380d487bb6b446de59f939,346136,Development cache/history; not engineering deliverable
.git/objects/79/77047408056fe8f85e71d23fdda6c6c1e1381a,2772,Development cache/history; not engineering deliverable
.git/objects/79/92891ef9c5941ef2480680a53ce820c289522c,239,Development cache/history; not engineering deliverable
.git/objects/79/ace3fd54782fe96fbb67bd5cedb4f1c1a46d7e,213997,Development cache/history; not engineering deliverable
.git/objects/79/b777b8388a6e624a7db382727263f6277a5ea1,305600,Development cache/history; not engineering deliverable
.git/objects/79/bf1f48a9116da110f9f2ee2768e6c27708f0f4,1854,Development cache/history; not engineering deliverable
.git/objects/79/c549f1d8a9f1a2c71c69c58ae12bcbaecab3b3,2958,Development cache/history; not engineering deliverable
.git/objects/79/e1326619736a35b1945c62f89a21adbbfe46df,207,Development cache/history; not engineering deliverable
.git/objects/79/fc32fc6bb34a2d8aeac9c09fe00a4465cf5167,1410,Development cache/history; not engineering deliverable
.git/objects/7a/07344e97d71ec7833d2defb0ce0842a8a6488c,2961,Development cache/history; not engineering deliverable
.git/objects/7a/0e20a887e56a0126817c48368a9d0c8cc7c21a,56349,Development cache/history; not engineering deliverable
.git/objects/7a/269fc8e9f144464eeecef85d038cedeb9dbe92,194014,Development cache/history; not engineering deliverable
.git/objects/7a/28f71151cb437ab72224d620099f53a8978fdf,1776,Development cache/history; not engineering deliverable
.git/objects/7a/366303126bb4c1b042be4d9d8022299da80773,5039,Development cache/history; not engineering deliverable
.git/objects/7a/369980bbe84e973a4d877915bf976fdac7a411,5274,Development cache/history; not engineering deliverable
.git/objects/7a/4c74c05a7eaf007398faf08029fed265124740,133,Development cache/history; not engineering deliverable
.git/objects/7a/4f472ec873e4d890be4096da1894368f0fbb08,222,Development cache/history; not engineering deliverable
.git/objects/7a/5a19c341200cc0dfc7ea832884db87fc477664,98,Development cache/history; not engineering deliverable
.git/objects/7a/5ce344ab78a2f8d959f078e2b96c5392a888c6,88,Development cache/history; not engineering deliverable
.git/objects/7a/69de2c3c3e2593328594a890beb476edc637df,164,Development cache/history; not engineering deliverable
.git/objects/7a/844173d0c9945b19c9a49a0846cf3508c04b34,402,Development cache/history; not engineering deliverable
.git/objects/7a/8a545ae0a610b18195618a5550546c58abf643,101149,Development cache/history; not engineering deliverable
.git/objects/7a/987df459b6199c4533f9f6bc4de8ef431edb41,632973,Development cache/history; not engineering deliverable
.git/objects/7a/c45fab48afef72675948d0c51a5543f0432a24,817,Development cache/history; not engineering deliverable
.git/objects/7a/c549df820fec7b32d37ba92a6c4f6906a639d8,223,Development cache/history; not engineering deliverable
.git/objects/7a/d5ac5796c0330759d1f2ebfff762e2236d18cc,878,Development cache/history; not engineering deliverable
.git/objects/7a/de24b8296f9eed7e48e67de50f6113c8be9c0c,329,Development cache/history; not engineering deliverable
.git/objects/7a/e254018c1089da21518a861ccf2c1bbe54b968,1385,Development cache/history; not engineering deliverable
.git/objects/7b/024eab85a7aca2ca298d7332c4dfc9bf2b2df4,1063,Development cache/history; not engineering deliverable
.git/objects/7b/2e94a970f2f60c35373103deae5ab75b627b06,361,Development cache/history; not engineering deliverable
.git/objects/7b/510e54d88dd427df8ed241e43d90d4e017d356,576,Development cache/history; not engineering deliverable
.git/objects/7b/630692f1a8a24567a648d0d8680779925dd198,774,Development cache/history; not engineering deliverable
.git/objects/7b/699fbccbdf2a3b06a098353cc74b7d074fecb4,358,Development cache/history; not engineering deliverable
.git/objects/7b/8ccb9faeb2db40d1713eda787be99cca4b21a7,203,Development cache/history; not engineering deliverable
.git/objects/7b/9f2a35da06541bbec356538705d75a60c0f54c,1711,Development cache/history; not engineering deliverable
.git/objects/7b/a772cf4f1bdf6a4f7fe1a45b65febee766b96d,501,Development cache/history; not engineering deliverable
.git/objects/7b/ac6c1d0b62dd076ac690924f9596c488566f08,5037,Development cache/history; not engineering deliverable
.git/objects/7b/d49635c17998c4fbb075615e965f58bde5f803,888,Development cache/history; not engineering deliverable
.git/objects/7b/e0f32f7315d1c068c7807c1300b033d84d4545,164,Development cache/history; not engineering deliverable
.git/objects/7c/1ae24efca0503d7ba5604d2ce98e6dc6a8326a,74,Development cache/history; not engineering deliverable
.git/objects/7c/24c0f28d856257e0193f59239660f0d169f4cc,91,Development cache/history; not engineering deliverable
.git/objects/7c/29a87de7592d2b615af572068b6e3dcf2fe24c,639,Development cache/history; not engineering deliverable
.git/objects/7c/2b12dffaa4b5c97110c9fa43091d0034761089,19548,Development cache/history; not engineering deliverable
.git/objects/7c/3d1c1998063aa75808c1eb000106e133b352ba,8419,Development cache/history; not engineering deliverable
.git/objects/7c/4ead98381044dd7c61225db1529e24b8173359,4067,Development cache/history; not engineering deliverable
.git/objects/7c/64e58996e084679593cfdb17a9e97d4c4afc2d,91323,Development cache/history; not engineering deliverable
.git/objects/7c/7dcf8296c732bdf636557c6ffd921b50584bd6,45793,Development cache/history; not engineering deliverable
.git/objects/7c/9751c22eac36a8e979bac872085f3c207e513f,327,Development cache/history; not engineering deliverable
.git/objects/7d/0b001e5af95e34102d2b102f4334d46dcb81dc,3499,Development cache/history; not engineering deliverable
.git/objects/7d/22ba9d1917088b548ca36e56197bddfd492262,17459,Development cache/history; not engineering deliverable
.git/objects/7d/3982851749d24bfdd93a530dff38c28a02a3fe,132078,Development cache/history; not engineering deliverable
.git/objects/7d/5cae79540001bfabb0e01fc0d2126fabb85373,109890,Development cache/history; not engineering deliverable
.git/objects/7d/629dc4a5a9805fb560838dc0d024c31e54b403,1997,Development cache/history; not engineering deliverable
.git/objects/7d/69532cefdcaff78a6d121c322a7841ac1a7593,1747,Development cache/history; not engineering deliverable
.git/objects/7d/70c72ea46dfb8329dad3fd2509f351551eddd6,20198,Development cache/history; not engineering deliverable
.git/objects/7d/80e05c07a490591599f0665c3644457f0939b5,1892,Development cache/history; not engineering deliverable
.git/objects/7d/9799b5c75ae7690bd454401c19954b3f8c1301,869,Development cache/history; not engineering deliverable
.git/objects/7d/a57578930e30624693a95e67c53a5fcee78dd5,218,Development cache/history; not engineering deliverable
.git/objects/7d/c2e6cc44b3e8ec7514d227326b83e604ddf80d,282156,Development cache/history; not engineering deliverable
.git/objects/7d/c304f34ee6c748181748ed53c8cb5e61d12180,1460,Development cache/history; not engineering deliverable
.git/objects/7d/d26d74aa3aab1d4a3fc544e8c736d46fd5ec2d,265702,Development cache/history; not engineering deliverable
.git/objects/7d/d88a29697db5ca33c3f0f94a72431be45fe3e6,3281,Development cache/history; not engineering deliverable
.git/objects/7d/f639d5e593a586a60ce482fc94ce452ea217d3,1191,Development cache/history; not engineering deliverable
.git/objects/7d/fb554e9f5b15dd51d22057c06135411bfbf53e,195,Development cache/history; not engineering deliverable
.git/objects/7e/0e297fd9f8e7f6c97c6adbd9acef71c9b713ec,37673,Development cache/history; not engineering deliverable
.git/objects/7e/675ff006d70033bd739c5ab1f03f47cf992fed,1318,Development cache/history; not engineering deliverable
.git/objects/7e/71df2e1c46d90420810701d8108f2192cea576,1067,Development cache/history; not engineering deliverable
.git/objects/7e/871d0f88eb1ae1723d211b80ca55fea74c006b,2943,Development cache/history; not engineering deliverable
.git/objects/7e/93560f4f427671b640b9dfb7ac37a9418cb769,3867,Development cache/history; not engineering deliverable
.git/objects/7e/a07f039f0a04782a5f346457408376056f1e7c,212,Development cache/history; not engineering deliverable
.git/objects/7e/ab8e02a24d9ab968ba95712dc2a189b03c6266,1190,Development cache/history; not engineering deliverable
.git/objects/7e/b2296a5212f88590defdaada1a75d99058bd2e,316,Development cache/history; not engineering deliverable
.git/objects/7e/cf46cbe6a8616928a85933e373d357ac068a6f,357,Development cache/history; not engineering deliverable
.git/objects/7e/d07df04d63e1f55178dd1a6c2dc155a3586442,251546,Development cache/history; not engineering deliverable
.git/objects/7e/dcbd89ee51e0e83a32146b8d9f3181a1eb6512,22749,Development cache/history; not engineering deliverable
.git/objects/7e/f77255f2a044c177b6da617c38cbafb8319b29,2848,Development cache/history; not engineering deliverable
.git/objects/7f/09bceed21a51154b9af0748d76a523e93f14cd,246,Development cache/history; not engineering deliverable
.git/objects/7f/1310c7b51bf3a112a8516b5787f82b0a4f7902,1049,Development cache/history; not engineering deliverable
.git/objects/7f/465eaad1a1212cbc8b4e8b3a37bb71e15e90f6,591,Development cache/history; not engineering deliverable
.git/objects/7f/540fc0545967192edf76720e84b5d4d38c4303,413290,Development cache/history; not engineering deliverable
.git/objects/7f/69f637d701df920abbd35b3fc60e1dd52e2ed1,14176,Development cache/history; not engineering deliverable
.git/objects/7f/6a99f2db232b252cab67556602adac0040a65b,214,Development cache/history; not engineering deliverable
.git/objects/7f/7de6c61f1a2acb9d783e683a60b3173541ab92,47699,Development cache/history; not engineering deliverable
.git/objects/7f/9415b821054ecaf9f3846f21f9ac2cdfbc1e31,11659,Development cache/history; not engineering deliverable
.git/objects/7f/9662056d9aff6ed81dc2db4584fec20ac53b2b,5040,Development cache/history; not engineering deliverable
.git/objects/7f/ac495cf8ee029f12148fb03eb67314b516c627,4986,Development cache/history; not engineering deliverable
.git/objects/7f/b4fc7ed4f7a8c03026926ad97095550dd9913a,150,Development cache/history; not engineering deliverable
.git/objects/7f/e0556cfb2ec8ca8facdda48c2177d2adee4710,1420,Development cache/history; not engineering deliverable
.git/objects/7f/f2bfcdaf1144bbcd24a0ecd5b1d9c26e30aec9,283,Development cache/history; not engineering deliverable
.git/objects/80/05a2a729ad3509b58cbd03eac52661d9224ec0,14496,Development cache/history; not engineering deliverable
.git/objects/80/245891393495018e2f79822b5055b8b36f981a,48,Development cache/history; not engineering deliverable
.git/objects/80/337089d7a6bbbc6340b1fe3213c1d715fc5225,996099,Development cache/history; not engineering deliverable
.git/objects/80/352b280e21c307d12598290e678a8514a9a6a0,51,Development cache/history; not engineering deliverable
.git/objects/80/5a5b055d3bd84b9d07cd619aacfdd8daa11cf7,437,Development cache/history; not engineering deliverable
.git/objects/80/5b94a32fb1a4820e031154279c98687b4aba2a,203,Development cache/history; not engineering deliverable
.git/objects/80/7636c40801f507bac5de85cd77417e136397a4,490,Development cache/history; not engineering deliverable
.git/objects/80/8c83c83cb135bb25fc127569e7c5fc30cc9669,148,Development cache/history; not engineering deliverable
.git/objects/80/91d3c9d734ea8ad74e8900d5b9d4b0059c4f6c,419,Development cache/history; not engineering deliverable
.git/objects/80/95d60a3debcfe12a8dce1e50c7406012e4ed01,627,Development cache/history; not engineering deliverable
.git/objects/80/982a15d8a7c1653e3f14203bb66ec675dc8e90,238,Development cache/history; not engineering deliverable
.git/objects/80/9f310e904e5c65a51ec055e0d89d61231e8b98,11617834,Development cache/history; not engineering deliverable
.git/objects/80/ae3e0eec254996d72f28f00248e9f3de2c6aba,357958,Development cache/history; not engineering deliverable
.git/objects/80/c6f58fd8fab731604ad0580796440116b7917d,91,Development cache/history; not engineering deliverable
.git/objects/80/cdab67f084daf841b88e979cd2ef858ced0b67,74,Development cache/history; not engineering deliverable
.git/objects/80/cec0b32238c20b0d1106c306584ab2d5b6235d,230,Development cache/history; not engineering deliverable
.git/objects/81/0a01e3e1372c12cf6a2164b287c1f66b803712,3326,Development cache/history; not engineering deliverable
.git/objects/81/248c3ca0a1e805d0ebe315366818732063ea81,1155188,Development cache/history; not engineering deliverable
.git/objects/81/56a59a3077b5726cfd3a1663e264992b0be349,5974,Development cache/history; not engineering deliverable
.git/objects/81/5fadf0f3f1cd1bab5fbc4d5ac76950b5fca685,129,Development cache/history; not engineering deliverable
.git/objects/81/76c5e7f7f5cc70623be656fe8a13cd2df47fe6,938,Development cache/history; not engineering deliverable
.git/objects/81/9f51b3e56c95f657ac5da7acb7315fbd8f1d6e,58,Development cache/history; not engineering deliverable
.git/objects/81/a930af3fc313caf2d5accd12cb4be03ca58881,470,Development cache/history; not engineering deliverable
.git/objects/81/d5ea5c04d88d64579e8dc6e21c4353f91571c7,413020,Development cache/history; not engineering deliverable
.git/objects/81/e4e4200bc7bf2c0e4707a3c09cc03e6ff658a3,10855,Development cache/history; not engineering deliverable
.git/objects/81/f06d8c8a8c4f62916fc9395702795305329461,1992,Development cache/history; not engineering deliverable
.git/objects/81/fc769b4e78026bdc21feaec6ea70c7b21e1803,14051,Development cache/history; not engineering deliverable
.git/objects/82/0ee95e1fb2543c58b7874a0e080355e3d2e169,251124,Development cache/history; not engineering deliverable
.git/objects/82/21d54df90b90d6294d2ca6078c284792fa5f15,1273,Development cache/history; not engineering deliverable
.git/objects/82/2706f6873ec41934548a2d6e0752f96706f96e,5034,Development cache/history; not engineering deliverable
.git/objects/82/586c0a3940e67654b48b0dac026ea63be67e21,468,Development cache/history; not engineering deliverable
.git/objects/82/5c3a9f5cc972de3bea62c01e3ea96541e0056f,1133,Development cache/history; not engineering deliverable
.git/objects/82/6e9f8328d3d6f94f0fc7b759cbb6f87ae27917,4194,Development cache/history; not engineering deliverable
.git/objects/82/81e1f01284ea1335f474ac38b2289f8ac23f6e,54642,Development cache/history; not engineering deliverable
.git/objects/82/883c94a8e02b3238cc5838538ffaff24898689,45,Development cache/history; not engineering deliverable
.git/objects/82/8e21f09cdebb30ce096ab4a3fe0ef9d99f9be2,330,Development cache/history; not engineering deliverable
.git/objects/82/92fb70762ef9594efd742c7432792a89f39745,269,Development cache/history; not engineering deliverable
.git/objects/82/aa8c0be091e832b0d479b6e415b1f9bcf7e166,203,Development cache/history; not engineering deliverable
.git/objects/82/d20051b1aeb6bdebefbd253719745496f69501,4161,Development cache/history; not engineering deliverable
.git/objects/82/e6b6474a326f2800d4b9a67e463e522cd4deea,1196,Development cache/history; not engineering deliverable
.git/objects/82/efe6a424459a4399c287e9fae717b9787052c8,298,Development cache/history; not engineering deliverable
.git/objects/82/f046a4a7800e03b756c376cc050b2766ebb871,229,Development cache/history; not engineering deliverable
.git/objects/82/f1676a476638cc385c87ca9b8cddda544cc5b6,3643,Development cache/history; not engineering deliverable
.git/objects/83/0b56c8686a325043947c5eb679df5abb0f55c3,91,Development cache/history; not engineering deliverable
.git/objects/83/3716352a62480b03e0443e4d4fc2132920a5b9,321616,Development cache/history; not engineering deliverable
.git/objects/83/53781a87461a3a32c68b5f17efa49a84b34d87,1158,Development cache/history; not engineering deliverable
.git/objects/83/71b64b4e43a317fdcc88de1be49dab5594cdd5,559,Development cache/history; not engineering deliverable
.git/objects/83/76fed4cfcd3f47c90234711ed88f81aa6dff40,480377,Development cache/history; not engineering deliverable
.git/objects/83/7b0802fed70aa51e0afdb80356ae5bec669481,184,Development cache/history; not engineering deliverable
.git/objects/83/7ed282c07638c221002be654d762829fe6555a,1038,Development cache/history; not engineering deliverable
.git/objects/83/935b376d47596923a0d70e073cc7048958dc46,320354,Development cache/history; not engineering deliverable
.git/objects/83/a5e4a86e05a3040c66178bf19f26d99344754a,9228,Development cache/history; not engineering deliverable
.git/objects/83/e30124e7325f4ffc870b593438a05488491ec6,16779,Development cache/history; not engineering deliverable
.git/objects/83/e5863360106a095f2c8aabcf22e94c8918ab50,4911,Development cache/history; not engineering deliverable
.git/objects/83/f02dad79a4969ecee889f5f458fd4db42c85e7,48,Development cache/history; not engineering deliverable
.git/objects/83/f59e42107ab8ea1128086ccbd51665fc5fe0a2,273408,Development cache/history; not engineering deliverable
.git/objects/83/f7c524592d33cc9b83303bfcf6bb4e924eac92,5822,Development cache/history; not engineering deliverable
.git/objects/84/0b1f15191f43a3499e2b2df738d4f703553870,2026,Development cache/history; not engineering deliverable
.git/objects/84/32f812657b42c5d3b4e984183596a214af3d03,52,Development cache/history; not engineering deliverable
.git/objects/84/597f992e3349a88a3042c2d9057172fa5b2995,122629,Development cache/history; not engineering deliverable
.git/objects/84/b17a5ea55cd99d0f49273832da94745b1d4d76,955,Development cache/history; not engineering deliverable
.git/objects/84/ee71f57e2f9b967d710fa2de567433c33c5cc1,2064,Development cache/history; not engineering deliverable
.git/objects/84/ff42e8f4f9807bb57072c2706b7f113f726b62,204,Development cache/history; not engineering deliverable
.git/objects/85/0ffd3e217023aa2bba83bc11989757596f0f4e,12653313,Development cache/history; not engineering deliverable
.git/objects/85/17c65a3614aa429dac2bc65ea6346eb392ca35,8587,Development cache/history; not engineering deliverable
.git/objects/85/1f06cea044527e81dac54c51536f071df3a5fe,358,Development cache/history; not engineering deliverable
.git/objects/85/3d18cb97799c57b174351052864c66112e845a,9422,Development cache/history; not engineering deliverable
.git/objects/85/3fbd7b5474c98bb51e23eac8dbeba5f239201d,167678,Development cache/history; not engineering deliverable
.git/objects/85/5978cae85fa4744925eca383025b560bf15775,538,Development cache/history; not engineering deliverable
.git/objects/85/621b1c265eb682efd7e764d81d6d5f43c0ea5c,2525,Development cache/history; not engineering deliverable
.git/objects/85/66efa71647b7cccdc7f84d6fe7c5b43b5269d8,1718,Development cache/history; not engineering deliverable
.git/objects/85/7485cf934c5e495048536b909f3f4e4fe80f42,218,Development cache/history; not engineering deliverable
.git/objects/85/b02eb881b1af1d1e218ea63d9f26c23677ef2a,1859,Development cache/history; not engineering deliverable
.git/objects/86/14425ad7a3ae8383bd48b45d26782de4ac22ff,33791,Development cache/history; not engineering deliverable
.git/objects/86/197a6386e02e84fc3a1ae8c66d67c204995c7b,208,Development cache/history; not engineering deliverable
.git/objects/86/19ec490b4e2ade17761fff9cc00871a08b9588,1286,Development cache/history; not engineering deliverable
.git/objects/86/2bd78b2e50011aa3afa12d584ae9682e1f1217,330,Development cache/history; not engineering deliverable
.git/objects/86/5e35b571423cf1a7a344e09c22b9ac970633e7,87471,Development cache/history; not engineering deliverable
.git/objects/86/8e8d9f38f98f9bdc4eb518996503c7db8bd6fd,3312,Development cache/history; not engineering deliverable
.git/objects/86/e8c3e6129c8062b06a820ad1e7f90aa5537f50,9262,Development cache/history; not engineering deliverable
.git/objects/86/e9c1574f923e6fd1e04db5ef109b55bcbeda24,2950,Development cache/history; not engineering deliverable
.git/objects/87/078ef96fff329eedc9b340f8236d58d8480924,406,Development cache/history; not engineering deliverable
.git/objects/87/0f00378327a889e4f123bdf9afaf01920f0caa,778,Development cache/history; not engineering deliverable
.git/objects/87/150eda3e8295d6fe3b26c4c8c43f1047b237ed,15498,Development cache/history; not engineering deliverable
.git/objects/87/290b59b86dfee6d01199546e8918b431b83de1,359,Development cache/history; not engineering deliverable
.git/objects/87/2d2e5e1bf9af5b452108f655cae62ad121b2e3,6210,Development cache/history; not engineering deliverable
.git/objects/87/46e7fafcc979b98b46e42ef83d8371d4188580,1417,Development cache/history; not engineering deliverable
.git/objects/87/6a59fbe943a13897dafd90654eb8244f5006ba,42030,Development cache/history; not engineering deliverable
.git/objects/87/bef8d911e7cd61d7ff8cc2f6973a31fcc17434,1859,Development cache/history; not engineering deliverable
.git/objects/87/d1b5a422384cbdd78b44fc4689f00c4af069b3,328,Development cache/history; not engineering deliverable
.git/objects/87/daf191a97fc3897ee1bff7ff7fd6a62ab76715,4799,Development cache/history; not engineering deliverable
.git/objects/87/ebaf18f2281f780f0ef2d84641ebdfcf07d4b8,2545,Development cache/history; not engineering deliverable
.git/objects/87/f09a80232922f93a70c75350ffe97db12fe097,1070,Development cache/history; not engineering deliverable
.git/objects/87/f1d699438552b737a907cf8b5c77eed39925ce,28063,Development cache/history; not engineering deliverable
.git/objects/87/f460339bdf5c4bf604629a07ce8b05fb3a73ab,13201,Development cache/history; not engineering deliverable
.git/objects/87/fe2435c674c8266a0c799f754a23505b69d919,1866,Development cache/history; not engineering deliverable
.git/objects/88/1593e3f29d1e53d282d156461d4f8c8192cf0b,238265,Development cache/history; not engineering deliverable
.git/objects/88/38bc02ac0872a13472050eb384bf73e4ca3bcd,18327,Development cache/history; not engineering deliverable
.git/objects/88/49972df1b56c5eb500c9bbd4fc3c67568a820c,49,Development cache/history; not engineering deliverable
.git/objects/88/4bf9c9fabcc341b25b8ae40749aa3dd7fa9225,5038,Development cache/history; not engineering deliverable
.git/objects/88/50cb745cef15c0e34d23987bb4bc1fc3b60fde,48,Development cache/history; not engineering deliverable
.git/objects/88/75aaed6a3a150cb5770941e1ab5484e0fbf703,34236,Development cache/history; not engineering deliverable
.git/objects/88/79b9dda75988074ed5b13b5ce11799d720ed1b,959,Development cache/history; not engineering deliverable
.git/objects/88/8afa41c2d4ab807888ad933d8c815deaffa454,2520,Development cache/history; not engineering deliverable
.git/objects/88/99cb602f60938b7f7ad93bd88b5de37ab4db1d,51,Development cache/history; not engineering deliverable
.git/objects/88/bd4ce7ebbcf02351b55c7398a775ccc372aef8,241,Development cache/history; not engineering deliverable
.git/objects/88/c25a39231a094854b185a9579fbe5c368306e2,233,Development cache/history; not engineering deliverable
.git/objects/88/c978ebc8b234b8ad34c68f5e970748c94be819,815,Development cache/history; not engineering deliverable
.git/objects/88/d3391135685de5027aa58d1a3a6a8a7b9eed68,91,Development cache/history; not engineering deliverable
.git/objects/88/dcc1eea52acdd9b649b7544507587536f8cccf,211,Development cache/history; not engineering deliverable
.git/objects/88/f829579f79951d7cc5f543b332ea613b76c54b,308734,Development cache/history; not engineering deliverable
.git/objects/88/fe1698064ea35ad8dd2278e670e95e2d8ce67b,269528,Development cache/history; not engineering deliverable
.git/objects/89/0a36b7e151444a1917c894d25d9c101c93bf5f,108,Development cache/history; not engineering deliverable
.git/objects/89/30914ca87647bbf1585df398c4666a9da0b13e,790,Development cache/history; not engineering deliverable
.git/objects/89/47ccb56298d114b405f892c05c4c68d95a422f,132,Development cache/history; not engineering deliverable
.git/objects/89/4f88def56a9198991b9464b3c2bef941742946,358,Development cache/history; not engineering deliverable
.git/objects/89/5695476af2822160a7fa024087826b5788f8f4,313,Development cache/history; not engineering deliverable
.git/objects/89/5e18ae2b8230b765a62e4e142fe3233265cc7a,820,Development cache/history; not engineering deliverable
.git/objects/89/5ef65575bd94016e2b27ea5628feb7f00376a0,25298,Development cache/history; not engineering deliverable
.git/objects/89/7ffcd80f03fdcd271784adc7603ff7ee271faa,288349,Development cache/history; not engineering deliverable
.git/objects/89/8ac9724432df806ffd8e182cf99b3154b52f21,791,Development cache/history; not engineering deliverable
.git/objects/89/8be123119990598069caf20aadc0b25d94d775,166,Development cache/history; not engineering deliverable
.git/objects/89/971207c133677931becfa73a3da49cb7458bd4,8476,Development cache/history; not engineering deliverable
.git/objects/89/a41cc55c0cec9119098eb2e9437e7804c411cb,682,Development cache/history; not engineering deliverable
.git/objects/89/da440fe4413c8c83f2d08505035d684650571b,329,Development cache/history; not engineering deliverable
.git/objects/89/de3a2d053765ac563aac6f11ac6b6d999d7fd5,1184,Development cache/history; not engineering deliverable
.git/objects/89/dfb64a89d8f7503eecd2d8c3f7e134febeaa93,16339,Development cache/history; not engineering deliverable
.git/objects/89/e8b54ff1799fe704febe58f68aec01c258f5c5,46730,Development cache/history; not engineering deliverable
.git/objects/8a/1aa600424009f7e4c8c7368346e06667cd494b,45,Development cache/history; not engineering deliverable
.git/objects/8a/29a721fd79320b715323eae28075d5d59f1123,145129,Development cache/history; not engineering deliverable
.git/objects/8a/2aa7859901413f40a861ea4d3f0c605a3a82ad,3701,Development cache/history; not engineering deliverable
.git/objects/8a/2e6b71501bb7d519ec80947ba5e5d02e5c1ccb,977,Development cache/history; not engineering deliverable
.git/objects/8a/30d3ce98282b71cab48bbe37606f4fd52a460b,538,Development cache/history; not engineering deliverable
.git/objects/8a/3ee03053e8cd9b3fd3520d47135c26bb13b862,1236,Development cache/history; not engineering deliverable
.git/objects/8a/75aa271fad885de151beb11311f963990783d7,3335,Development cache/history; not engineering deliverable
.git/objects/8a/9585025d7b951601bf66931f5a4a923c2b1063,39391,Development cache/history; not engineering deliverable
.git/objects/8a/ccf1818506cd9edf35d4f7f7322b705c844225,19448,Development cache/history; not engineering deliverable
.git/objects/8a/d042e004639f1a809f47c972b9bcc9bafaceb8,10102,Development cache/history; not engineering deliverable
.git/objects/8a/fa5e02d6700ce47a734b81c7d7fcd58927fed1,47792,Development cache/history; not engineering deliverable
.git/objects/8b/58902fc302fb0c4862de55c58fea2e65abe824,1320,Development cache/history; not engineering deliverable
.git/objects/8b/6331d35bd7f8247b6038768216c515272f0d00,134,Development cache/history; not engineering deliverable
.git/objects/8b/901fc3c4a615445cf745b8fd59fecc22d1addb,6658,Development cache/history; not engineering deliverable
.git/objects/8b/952ee0042f0da9027dd35ef5f55c3b7caf59ef,437,Development cache/history; not engineering deliverable
.git/objects/8b/954080869734d6b31623d83c5f327ab422dc98,109,Development cache/history; not engineering deliverable
.git/objects/8b/dd8a9de8053b550c98bf78d3ff7e15562e5ae3,8415,Development cache/history; not engineering deliverable
.git/objects/8c/0714c96ac7b43b9ced06d099e4d9d5be598e73,357,Development cache/history; not engineering deliverable
.git/objects/8c/0749fde759d92c81030984966f7a34365f86fe,2726,Development cache/history; not engineering deliverable
.git/objects/8c/12d31a3b48a2176ea131178b92d812f5e7eb24,135,Development cache/history; not engineering deliverable
.git/objects/8c/15dc7656445c5e52d50be5cf3b26be0a26d531,133,Development cache/history; not engineering deliverable
.git/objects/8c/20382da36812f4e710dc53e6d3d9bee2097511,5146,Development cache/history; not engineering deliverable
.git/objects/8c/351ab74b55cc02f806a7d7cb164ae5061258a8,129,Development cache/history; not engineering deliverable
.git/objects/8c/53e029176d9c12c845416c5ff0fb2720433c6e,88514,Development cache/history; not engineering deliverable
.git/objects/8c/6cfa59d8c6a852710d3c16b5934abeb54dd456,393,Development cache/history; not engineering deliverable
.git/objects/8c/89cf1a1d53971d22bd6d7b050569853fa59f76,1399,Development cache/history; not engineering deliverable
.git/objects/8c/a8b3cad4cc0eb00eb4932f5a55f92fa029a8b1,60,Development cache/history; not engineering deliverable
.git/objects/8c/c320d5634387b2bf00c14449fcff2defe6a84f,4948,Development cache/history; not engineering deliverable
.git/objects/8c/c64cecc0ff55bf9fb5b4554bec73006c733dbe,6614,Development cache/history; not engineering deliverable
.git/objects/8c/c7ede56a42178e0a616243a630b5fc01936343,224259,Development cache/history; not engineering deliverable
.git/objects/8c/d5eb86bb83327af5f258f2acaff0486fddd283,52122,Development cache/history; not engineering deliverable
.git/objects/8d/2242c1279384ecb9c1dcce9ea810eccf3aad61,687,Development cache/history; not engineering deliverable
.git/objects/8d/259768ff7ab70da17cd26a450f8c9331becc87,63,Development cache/history; not engineering deliverable
.git/objects/8d/283f33461db7a985239351509bfa24e6e1a14e,28678,Development cache/history; not engineering deliverable
.git/objects/8d/33e1056a25a6dead5d8f347c6bc115cdb87361,49,Development cache/history; not engineering deliverable
.git/objects/8d/4919045238e9f0f79c76bf3c882d53b6dd1406,51,Development cache/history; not engineering deliverable
.git/objects/8d/5912f6f7256055a0ea109206ea6c077d4f0737,7076,Development cache/history; not engineering deliverable
.git/objects/8d/99a5cd4153bc8e9a0d609229da3e7cca7a95ff,29067,Development cache/history; not engineering deliverable
.git/objects/8d/9caec163c9f6bbc060d1c50e724f2488d21ce1,68278,Development cache/history; not engineering deliverable
.git/objects/8d/a6d83f6c2774321dfeeea5fc4fc3f70e734dfa,359,Development cache/history; not engineering deliverable
.git/objects/8d/d7196422be0052ba384a349a3d529120488887,1153,Development cache/history; not engineering deliverable
.git/objects/8d/de7eb142633d639d5d042f04dddf08c77a34e4,1124,Development cache/history; not engineering deliverable
.git/objects/8d/e9b02df21132d0c6a89df60436f85ea1c97cb7,564,Development cache/history; not engineering deliverable
.git/objects/8d/fdd828916cb41643bd12f6b0378f7ddf5ac41c,33958,Development cache/history; not engineering deliverable
.git/objects/8e/02ee9451b98366a0d6d3d4822bde2f86ec8801,21441,Development cache/history; not engineering deliverable
.git/objects/8e/056957f5a28bd2c99e79bad2128423709de962,305429,Development cache/history; not engineering deliverable
.git/objects/8e/3782cc23b46653b86ab0c8bc9647c3a3dfa01a,45,Development cache/history; not engineering deliverable
.git/objects/8e/4290038b2557737b8c8c803cd6936b7684b8c4,48,Development cache/history; not engineering deliverable
.git/objects/8e/59a1af6c550977cba6c7c648eccc6f7f06e09e,830478,Development cache/history; not engineering deliverable
.git/objects/8e/852d449cc83c21bde0c35ce4295d2033bd64f2,1135,Development cache/history; not engineering deliverable
.git/objects/8e/8cee2e0d3ad1df5e8dcc288780f0920059f3e0,2440,Development cache/history; not engineering deliverable
.git/objects/8e/c5f25fe037bea459ca98a714f6ea694f30052c,622,Development cache/history; not engineering deliverable
.git/objects/8e/c9a99c2c0254bca7c5c862aa6e61c7eb852b4f,1679,Development cache/history; not engineering deliverable
.git/objects/8e/e03185a43185328eaf925cef5223a738576994,421,Development cache/history; not engineering deliverable
.git/objects/8f/0f527c7e065c98b1da2a812f46e0abd45ee6b6,619,Development cache/history; not engineering deliverable
.git/objects/8f/13834ed60ea465389f396d0ef03421698fd413,5038,Development cache/history; not engineering deliverable
.git/objects/8f/487dfeeab83d70540a508d234bd6950be3bb16,2778,Development cache/history; not engineering deliverable
.git/objects/8f/5d2298f637829fbe54fe3fd2b0918ab41aa5be,3328,Development cache/history; not engineering deliverable
.git/objects/8f/63fd73206b46c3890221a26cc93d7a8984cb63,2962,Development cache/history; not engineering deliverable
.git/objects/8f/65c07617ed85c46f1616cdd5e748a445ddbbbd,204,Development cache/history; not engineering deliverable
.git/objects/8f/7b9193fa3b81975c9ca46a951de908fa8b002b,255966,Development cache/history; not engineering deliverable
.git/objects/8f/9dad6cc49cd380e2293a4e9bc6d44fe31d77bf,272163,Development cache/history; not engineering deliverable
.git/objects/8f/c0b79f2a76cf13733c79093ca76da56f462b2a,33517,Development cache/history; not engineering deliverable
.git/objects/90/18c6d52bb3ca15f02bf3dcc54f89a718813548,2259,Development cache/history; not engineering deliverable
.git/objects/90/3352b03f1e5a7c7ac53a509b1d29aa223a87f7,15500,Development cache/history; not engineering deliverable
.git/objects/90/3974c1e403c986afe791b79b97149b7a4429ee,4413,Development cache/history; not engineering deliverable
.git/objects/90/865af86bdd86a436d00d4e19b127c674a55a9d,604,Development cache/history; not engineering deliverable
.git/objects/90/9652825264774cd34067f2989be2147abb3596,238516,Development cache/history; not engineering deliverable
.git/objects/90/b34cdeab4e68a32597aed8f56debc52ec1c221,13215,Development cache/history; not engineering deliverable
.git/objects/90/e0327062d0bec60523a119274118661f6ed24c,73137,Development cache/history; not engineering deliverable
.git/objects/90/ecd35a307a3865e74784b77006a61ff60cd8c7,91,Development cache/history; not engineering deliverable
.git/objects/90/f26cc8f33b31aa8890e9c9d180f353a2df1ce0,2963,Development cache/history; not engineering deliverable
.git/objects/90/fd987176bcc86b8a9015dbce3956b9598fa70e,359,Development cache/history; not engineering deliverable
.git/objects/90/ff5af728b70e80dba7837e6064b6721732a9cb,208014,Development cache/history; not engineering deliverable
.git/objects/91/0d15c7cf26afd707ceb2dc0f68ba9616021d8b,2285,Development cache/history; not engineering deliverable
.git/objects/91/4a35cec8af7f81216f00c0d91499aa16582872,24599,Development cache/history; not engineering deliverable
.git/objects/91/534d3c242b4036398fcee547007c272ba16951,43038,Development cache/history; not engineering deliverable
.git/objects/91/92dd1955fd8ae9fbbb0b470fa2fb1121794c72,12481,Development cache/history; not engineering deliverable
.git/objects/91/f979ebaff3149ff906f2430e611651d509b941,8185,Development cache/history; not engineering deliverable
.git/objects/92/12b961bae2f434e94549b03b97fc8b36eadfbb,165,Development cache/history; not engineering deliverable
.git/objects/92/2dd93c213ea80dc8369e54c2f5f1473c815a93,13238,Development cache/history; not engineering deliverable
.git/objects/92/35d344ce8aeee019bd561c56ee0c8040a775ff,341,Development cache/history; not engineering deliverable
.git/objects/92/3abddf8e0a9be567338194f1ebcbc462896fa3,50,Development cache/history; not engineering deliverable
.git/objects/92/4bfd731d371a4a62b12e7a86f36ee1af32e77d,47735,Development cache/history; not engineering deliverable
.git/objects/92/54378e6cbc988023100865d15ce6b17d4bffae,674,Development cache/history; not engineering deliverable
.git/objects/92/63169757b881dd0a15857a3c8e87d6d1c2bb05,505,Development cache/history; not engineering deliverable
.git/objects/92/6d8a4d0f139cf42a9f7085ada78a87b0a6ef07,167,Development cache/history; not engineering deliverable
.git/objects/92/71f2d9b22fb355cabee45edc1e53debf93793f,133,Development cache/history; not engineering deliverable
.git/objects/92/b68118acfde3d317ce74c00d70d677cb6a1743,5489,Development cache/history; not engineering deliverable
.git/objects/92/be35f857102022ba58f80ce4628ebe93ec0cf9,91,Development cache/history; not engineering deliverable
.git/objects/92/c63b99959bcfa07fd76b00701505af29750c97,48,Development cache/history; not engineering deliverable
.git/objects/92/c71061b1159ec1514859bd6363cc2fbc503115,226,Development cache/history; not engineering deliverable
.git/objects/92/cc0c471fd9527b51ada3ec673ecace217c7258,1066,Development cache/history; not engineering deliverable
.git/objects/92/cc9bfc17422e704b1ba477ed3c7ca6b5836451,23412,Development cache/history; not engineering deliverable
.git/objects/92/d2ccd8a6c9e7059470d3ae3a98a988de69dd4a,9226,Development cache/history; not engineering deliverable
.git/objects/92/f9e084cfbac68f77d48cffd501aed07c08f078,125,Development cache/history; not engineering deliverable
.git/objects/93/08babb436c1a66ebcfb5c849719d1aabc2b24b,330,Development cache/history; not engineering deliverable
.git/objects/93/148c36e1b5a507490e4fb2aad1ee696056a3fc,117,Development cache/history; not engineering deliverable
.git/objects/93/2761a3456ec5f6770a93f78b13cf488914f976,76426,Development cache/history; not engineering deliverable
.git/objects/93/3af1e24101bc5eeda5db33397b1d47fc70830d,3665,Development cache/history; not engineering deliverable
.git/objects/93/5d8e47e9311671258fb37a7c2a271a2357d691,703,Development cache/history; not engineering deliverable
.git/objects/93/78b95e31360de241521e11d22de37a65db5954,1700,Development cache/history; not engineering deliverable
.git/objects/93/7d420d8cb721d9ee6f37a61bbdc9d86309dfe2,92,Development cache/history; not engineering deliverable
.git/objects/93/b6bcf9ac9e8f55b33a703c834a13c4dce7c1a1,134,Development cache/history; not engineering deliverable
.git/objects/93/e12077ee527f4d784caedc751652c1d4bee7ad,10351,Development cache/history; not engineering deliverable
.git/objects/93/e18a64936941de7270e7a758082f1f6acc3ad9,4037,Development cache/history; not engineering deliverable
.git/objects/93/ecc7b0c2c6ee04a65558f1f03616a6eb8ee85f,1919,Development cache/history; not engineering deliverable
.git/objects/94/224fcf7da5c30bc70b083d5e0b1cde175836ea,310,Development cache/history; not engineering deliverable
.git/objects/94/2830d204f03c5c8bed51714a5d4c813b5ac91c,13959,Development cache/history; not engineering deliverable
.git/objects/94/5733746c96fb63321dbe1677ac14ef4f0e26a4,796,Development cache/history; not engineering deliverable
.git/objects/94/5890d4901c8821661b33b60febca65f92af97f,269,Development cache/history; not engineering deliverable
.git/objects/94/6e8dc9f7b2f6bf5fc513d45b9c66542a69d3dd,3029,Development cache/history; not engineering deliverable
.git/objects/94/8c997f3d1846672a0ac57319a543919dc72397,262,Development cache/history; not engineering deliverable
.git/objects/94/8cb30416a9c0ba04b44080ed5d107c03099a03,273,Development cache/history; not engineering deliverable
.git/objects/94/94209b55e395deb1b43e8c538d5297f6f8eb19,1445,Development cache/history; not engineering deliverable
.git/objects/94/add99dea0ffc4d26c3bed08cb53f98c11dd3ca,563,Development cache/history; not engineering deliverable
.git/objects/94/b54103c3cd342ac57802782706da92127d1bf0,3166,Development cache/history; not engineering deliverable
.git/objects/94/ba8d163e37c5eb492804531846594912756a23,616,Development cache/history; not engineering deliverable
.git/objects/94/cccd8428b6d24c016d947bc4a84ad4b36b9b90,638,Development cache/history; not engineering deliverable
.git/objects/94/dbd3d3ff07efe15c2e0781a23f35f568e32523,1791,Development cache/history; not engineering deliverable
.git/objects/95/1a128809cf2dcd607e88b45e74fe0aeda2f701,3097,Development cache/history; not engineering deliverable
.git/objects/95/1b47a332ea0c2eb2c7113774bb8c5ad5230f97,48,Development cache/history; not engineering deliverable
.git/objects/95/232ff3d1863a83b338e83fa7e117a00ba99773,3395,Development cache/history; not engineering deliverable
.git/objects/95/289349cc894c8366f673a38c3fbcc2c70edbd4,291053,Development cache/history; not engineering deliverable
.git/objects/95/436f7f28308d94fb954b7336d04befdc5b91db,583299,Development cache/history; not engineering deliverable
.git/objects/95/44c21a67ffb55b9e9fad7944e38d6fa61bb029,178,Development cache/history; not engineering deliverable
.git/objects/95/4825e49362d4ed913a21cb757523bb286ba3b9,634,Development cache/history; not engineering deliverable
.git/objects/95/5a552c096ef8e2d7abc9529e27544153c3deb1,48,Development cache/history; not engineering deliverable
.git/objects/95/664f99733d3ff4dcc9952d80093ab2752f3753,539,Development cache/history; not engineering deliverable
.git/objects/95/7fec8a8a544445742b6f74fd22e3cd715aed33,19796,Development cache/history; not engineering deliverable
.git/objects/95/82b07b126e1a4d62b5bb47338e69c56afd3f26,34226,Development cache/history; not engineering deliverable
.git/objects/95/880088daf544e824de16bc1e48d913e1c7f3e6,812,Development cache/history; not engineering deliverable
.git/objects/95/98061bce1b2f219ae8e1de21721ec81c035e66,447,Development cache/history; not engineering deliverable
.git/objects/95/a1dd416629a337a06232e3b553598460465ed6,5038,Development cache/history; not engineering deliverable
.git/objects/95/a7a7c6b6f91818156632013051de7375e85e22,4282,Development cache/history; not engineering deliverable
.git/objects/95/cdaf507c4d0b32998d47474628ab3fb0a75d4e,333619,Development cache/history; not engineering deliverable
.git/objects/95/e5d27cd3c5d2dc6823a98cce202683d3e7df70,165,Development cache/history; not engineering deliverable
.git/objects/95/f4c4c0001b9994cb796e0397a7f97e07551bbf,44,Development cache/history; not engineering deliverable
.git/objects/96/0862baffaf3ac1af7f597d5a778fd9b700d6be,5037,Development cache/history; not engineering deliverable
.git/objects/96/1d6bed3985e335d96807578241b9431e26c8fe,428617,Development cache/history; not engineering deliverable
.git/objects/96/46fde6dfb120d6fd2c8a458f068729e682a78d,61,Development cache/history; not engineering deliverable
.git/objects/96/4f066d1e248d7972ca5dbd26b36eb9cf01dcc7,1265,Development cache/history; not engineering deliverable
.git/objects/96/59631f77be68720c14278550e214ebdd401c49,167,Development cache/history; not engineering deliverable
.git/objects/96/5f386ae437016c85a637cd0e905dc41831ea07,7405,Development cache/history; not engineering deliverable
.git/objects/96/66d8de6ed126c27b6a028763ac7d6ddf3d0843,119,Development cache/history; not engineering deliverable
.git/objects/96/90cac8c1ab6e21a98d70253aa39ba4c4ea6f99,466,Development cache/history; not engineering deliverable
.git/objects/96/95bdbefc83315411bf49269763e3da984842bc,535,Development cache/history; not engineering deliverable
.git/objects/96/cb18be77d3ffba34fbbb2c5e6412f6c4ec3a52,114631,Development cache/history; not engineering deliverable
.git/objects/96/d5038defe24a4066c7e8ea0fc9ed3ee43f3bec,104864,Development cache/history; not engineering deliverable
.git/objects/96/e6e423745b70737a0c3d68956b0913960c7ecc,65,Development cache/history; not engineering deliverable
.git/objects/96/f2148da16f0de543370797d659256a5a838df4,226,Development cache/history; not engineering deliverable
.git/objects/96/fcd89832146891031781b80fbb100c983f3366,222,Development cache/history; not engineering deliverable
.git/objects/97/328842a520836503d5d2135069612598457579,289472,Development cache/history; not engineering deliverable
.git/objects/97/400102f798b14e56c3b39ae08ade04182712a8,62,Development cache/history; not engineering deliverable
.git/objects/97/6aeb7daaf3fd02d04f9926516232b72ded2038,465,Development cache/history; not engineering deliverable
.git/objects/97/6c49ffc49dfb031a01e373b68d06f339259a17,499,Development cache/history; not engineering deliverable
.git/objects/97/85be9bc93d4eda073aec0c4eaa72bf86b47268,913,Development cache/history; not engineering deliverable
.git/objects/97/955300aa881992c9c26b1df22ecb3190519c33,13076,Development cache/history; not engineering deliverable
.git/objects/97/a926ccbab2bae8bd0b09e71f078e474d9ce3dc,73,Development cache/history; not engineering deliverable
.git/objects/97/d3abb383d77d87a9c0df0cea7a94201d027dac,8606,Development cache/history; not engineering deliverable
.git/objects/97/d464ff6ed495fb05d6cdb8c8c708304e45c3ff,149,Development cache/history; not engineering deliverable
.git/objects/97/d83de43ba435cebf8caea0d24227fdf6e9811a,1921,Development cache/history; not engineering deliverable
.git/objects/97/df77840b5eebdf34445edaef594e71b7a3baef,82,Development cache/history; not engineering deliverable
.git/objects/98/12dc01194a48616d553870b63b7582cbdd6e78,34250,Development cache/history; not engineering deliverable
.git/objects/98/30d40dc6aadf7695a38043ef9f2bd19bd8e6e3,4888,Development cache/history; not engineering deliverable
.git/objects/98/3943369a7a6c9eb6a0998e4700dca33fc2f086,5038,Development cache/history; not engineering deliverable
.git/objects/98/7631bf8ac8b52d81f1b222633c317547b6d69e,2123,Development cache/history; not engineering deliverable
.git/objects/98/7ed7bc7e7ba4991557a255d5e1b886dbb6df97,90,Development cache/history; not engineering deliverable
.git/objects/98/b5e3876ddd71524190c0fded0c694099cb58fb,9173,Development cache/history; not engineering deliverable
.git/objects/98/cb6c4340fb49dd35576e2a4a70c3261e65bdbc,5014,Development cache/history; not engineering deliverable
.git/objects/98/f3a234c4a0027b7d3b4e5251f9ca80edd4ca83,92814,Development cache/history; not engineering deliverable
.git/objects/98/fe3465a8c902109dbaf300824be89aaa5afb12,34872,Development cache/history; not engineering deliverable
.git/objects/99/080b7f02c4b98ad082058c53d40a075045a141,24957,Development cache/history; not engineering deliverable
.git/objects/99/214eeca764e811eba78fab8be7a8cb36eedd89,523,Development cache/history; not engineering deliverable
.git/objects/99/42fbb1b44477ee6a3e94788c973157dee5681f,679,Development cache/history; not engineering deliverable
.git/objects/99/511aaad4a776a7f15a29cf5ab61361e57cd85f,19444,Development cache/history; not engineering deliverable
.git/objects/99/5acd6f0f135387a17ee5c4dfd4363086dc97ed,201,Development cache/history; not engineering deliverable
.git/objects/99/66f0e8f50315208ea1dd8a8602db28c0cc0e90,460319,Development cache/history; not engineering deliverable
.git/objects/99/757b5fa11fd3d6316283dfae9448651f33eef1,1411,Development cache/history; not engineering deliverable
.git/objects/99/82ae668167ba1a4b12bf7afa158463e7c62a36,20093,Development cache/history; not engineering deliverable
.git/objects/99/941f964fb4b8151bda8951f94112b42bae8108,446771,Development cache/history; not engineering deliverable
.git/objects/99/d157c366a4f9ccab436f50b2d5925d2c9da13c,4876,Development cache/history; not engineering deliverable
.git/objects/99/d66b68cc495c02d14f7d1026f24faa86fa1608,5036,Development cache/history; not engineering deliverable
.git/objects/99/ee6416c3e75ef2029ddc81794ba81f95670726,230,Development cache/history; not engineering deliverable
.git/objects/99/f91b514661a3a5ae47c90a65c10684a760d098,9246,Development cache/history; not engineering deliverable
.git/objects/9a/00dddcf3afa9c72579f5a08db281c3481ab8c0,2727,Development cache/history; not engineering deliverable
.git/objects/9a/1ec425552e5f911ee1e7514640460fff41b586,5052,Development cache/history; not engineering deliverable
.git/objects/9a/32a6efc19027bcb17940320a120fdab9bd8b3b,4646452,Development cache/history; not engineering deliverable
.git/objects/9a/37338cd836bf2a1ef05cda30edb7b8775632eb,92,Development cache/history; not engineering deliverable
.git/objects/9a/3fab2e9f0ee3596457b1cf307861855be233a7,290,Development cache/history; not engineering deliverable
.git/objects/9a/424ad588233a086971e77b87141a10e89a8680,53976,Development cache/history; not engineering deliverable
.git/objects/9a/44646a274c03b97a265cdb519edbb22ee5891d,398,Development cache/history; not engineering deliverable
.git/objects/9a/55f092c69c4493ac939e28607d6765f76f6cc2,152,Development cache/history; not engineering deliverable
.git/objects/9a/5839cbbf13bc0b91432a90b555835fe16f255e,1134,Development cache/history; not engineering deliverable
.git/objects/9a/639d1bc4465e3592ed8adc9139008c8203894d,9469,Development cache/history; not engineering deliverable
.git/objects/9a/6a0b8e6bb118f424b6908861bc1905f0c94d19,1980,Development cache/history; not engineering deliverable
.git/objects/9a/869904b0bd9fdc1234e96e0958d054bd087b10,282,Development cache/history; not engineering deliverable
.git/objects/9a/a59ab96c72ee7bbc1d679ef00ce2ea3c5f985a,4440,Development cache/history; not engineering deliverable
.git/objects/9a/c310a8b3b81ab9c918becdd2fb36f1a676f9c7,181,Development cache/history; not engineering deliverable
.git/objects/9b/015894d8b4898841e79787e8da173c2445baae,8498,Development cache/history; not engineering deliverable
.git/objects/9b/5fb8fdb810590b64d64ded89038be414f21c16,1411,Development cache/history; not engineering deliverable
.git/objects/9b/753d815162c0b63445662893dd93fa749c0810,891,Development cache/history; not engineering deliverable
.git/objects/9b/91a31a1360d0cb477e5046b7d9371657bd0f67,2597,Development cache/history; not engineering deliverable
.git/objects/9b/b241fc0a74bf06907e39e7cc7e9699878a65be,13641,Development cache/history; not engineering deliverable
.git/objects/9b/b88b1510ace4f39f731b19357fc2b45e3e74c2,203,Development cache/history; not engineering deliverable
.git/objects/9b/c71118ddb494ad6802e93edfefd63637c0ec2b,2956,Development cache/history; not engineering deliverable
.git/objects/9b/cb31af98b9ebf784e777299931a2e69ec1e170,89,Development cache/history; not engineering deliverable
.git/objects/9b/ce6818aff23298812aa10ff9cfb528c873e98b,4066022,Development cache/history; not engineering deliverable
.git/objects/9b/daee53338a3b069599ceb4261b3b7579169f22,14092,Development cache/history; not engineering deliverable
.git/objects/9b/efb769a3b19158ec03dbe435e7e95fb9fe784e,9641,Development cache/history; not engineering deliverable
.git/objects/9c/04d607a96ea5807a12b65fd96e7e6e223b1cd6,508727,Development cache/history; not engineering deliverable
.git/objects/9c/0f8b61fd5448f74f6296ac9911f21ab79b105a,20297,Development cache/history; not engineering deliverable
.git/objects/9c/23f045e5e329042212ff5dceaf428767dfdd1c,502097,Development cache/history; not engineering deliverable
.git/objects/9c/38f486216aa5b9f5745d3f20d706c4e78f7010,4157,Development cache/history; not engineering deliverable
.git/objects/9c/42fb2945bb04809f60c834edce135dec8928a6,357,Development cache/history; not engineering deliverable
.git/objects/9c/4a37b45b38337bd1239eb2e9c8e299e1290800,163,Development cache/history; not engineering deliverable
.git/objects/9c/4c35ee1eadc643f2f961ff4329bc4e946fe683,151,Development cache/history; not engineering deliverable
.git/objects/9c/5cad0c48c791b63e66bcba59dc1bc2dadc9eb7,1153,Development cache/history; not engineering deliverable
.git/objects/9c/79adb86407963b5225321d73e721ccce7815bd,144532,Development cache/history; not engineering deliverable
.git/objects/9c/a5e24bcb24fc9fa94dde8d29d2a349882d16f6,943,Development cache/history; not engineering deliverable
.git/objects/9c/a872b85e1416701fbcc67092c4b244f25bb117,68135,Development cache/history; not engineering deliverable
.git/objects/9c/ad6173c05840e88d9a7d38840f816a0f62ed43,11302,Development cache/history; not engineering deliverable
.git/objects/9c/c77a3ba3578dd32034b3a615bb32b8ab3c6224,3094,Development cache/history; not engineering deliverable
.git/objects/9c/dd49c68dae6bf822d3097808b112ea0c0f3561,1320,Development cache/history; not engineering deliverable
.git/objects/9c/e3a2aefdd4f0d67ede9e6811ff4000e48c2a38,67,Development cache/history; not engineering deliverable
.git/objects/9d/0544454c4cd0f3f3a6e974dda4551e86a4ba7d,61284,Development cache/history; not engineering deliverable
.git/objects/9d/1087bc653cf7dc226a8ec7cbbc68a7c3804b4f,62,Development cache/history; not engineering deliverable
.git/objects/9d/165c6eb880621c9b9854768595733721c94011,814,Development cache/history; not engineering deliverable
.git/objects/9d/2b1785d86ed030a7960bb052445f5b65c7da0c,234,Development cache/history; not engineering deliverable
.git/objects/9d/3aef5ad9ba915eb903043a4dbd67117a2a1b01,359,Development cache/history; not engineering deliverable
.git/objects/9d/4780fa62a37b272123f3f64ca6fcc2829a7648,474269,Development cache/history; not engineering deliverable
.git/objects/9d/822d56669e3cbc90a67b0f0554f6ce4a39a07c,311,Development cache/history; not engineering deliverable
.git/objects/9d/8636c238606c8185fc261df97652bf3c7f6cd7,61252,Development cache/history; not engineering deliverable
.git/objects/9d/8e10eb51f744b7021bf3ee1dadf67ee672e110,161,Development cache/history; not engineering deliverable
.git/objects/9d/90a4b87f1ef6f4a4f934f37a991a204e5793ac,3923,Development cache/history; not engineering deliverable
.git/objects/9d/9617931b2fdecf0c30707474a394454b2b0815,390,Development cache/history; not engineering deliverable
.git/objects/9d/aa1a7707081318e941fa96ec94cf7ff3e0aae1,18421,Development cache/history; not engineering deliverable
.git/objects/9d/b1d87f5e2e87d13b3a96e94d97b67a587048c4,870,Development cache/history; not engineering deliverable
.git/objects/9d/b7b696b52559ad489d57d71bfc415bdd45add3,12429,Development cache/history; not engineering deliverable
.git/objects/9d/bcb9bf2f3566def922e4a74f2fe7af44ed5327,783,Development cache/history; not engineering deliverable
.git/objects/9d/caf3ef9bce70e6e52d0f55a374fc4b2fc598a1,3625537,Development cache/history; not engineering deliverable
.git/objects/9d/ce1cbcb9278715b481a3c32955e7d6593b44d5,265310,Development cache/history; not engineering deliverable
.git/objects/9d/e280f435305cadc3612cd14027d9e917d504f0,2423,Development cache/history; not engineering deliverable
.git/objects/9d/e55d04b4fad8ee63cf329512594027152cf7d6,1041,Development cache/history; not engineering deliverable
.git/objects/9d/e72fe3971f5950f8b3c6b0f68b55a98c697994,38401,Development cache/history; not engineering deliverable
.git/objects/9d/e7f8b07b97afb24ee62873a10c08fe91aec40c,18328,Development cache/history; not engineering deliverable
.git/objects/9e/0af3183b6e719adf39f92715bcdfeaecb893b6,267562,Development cache/history; not engineering deliverable
.git/objects/9e/0f0e00f4ffdcd9a3b83a629873ccb59b230bb4,754926,Development cache/history; not engineering deliverable
.git/objects/9e/16c8b1e742414c086319cf92a6dbbfddfd654f,348,Development cache/history; not engineering deliverable
.git/objects/9e/555c1a993e1c327a0a78953c5b106e434a8241,444174,Development cache/history; not engineering deliverable
.git/objects/9e/63bf1ff16251b022457712e077eed6d05c17f6,300,Development cache/history; not engineering deliverable
.git/objects/9e/8e52c9d608874ea145e9052dfdf9ec075a4974,5013,Development cache/history; not engineering deliverable
.git/objects/9e/9d7527da1a3d607506b36c7753c918b2135f92,65285,Development cache/history; not engineering deliverable
.git/objects/9e/ae95840053fa5b4d81adaeb419870a06f49f4b,1315,Development cache/history; not engineering deliverable
.git/objects/9e/b1a891c4c22eb7f276fe87887e194667d00f4f,2068,Development cache/history; not engineering deliverable
.git/objects/9e/d2d47588856ed784bbd4d4614fe93e8dc15175,9256,Development cache/history; not engineering deliverable
.git/objects/9e/e12af018dd8cee8aac3d84d061a153ae7999cf,420718,Development cache/history; not engineering deliverable
.git/objects/9f/1ca7d56b503d42b9e46d1c2fce878f9a35ea91,4036,Development cache/history; not engineering deliverable
.git/objects/9f/20151807f2f8a8c24f3763ff5d71655da2bee5,135,Development cache/history; not engineering deliverable
.git/objects/9f/35255e35c1213b6b886972279cb1e12b92eae1,1992,Development cache/history; not engineering deliverable
.git/objects/9f/3dcedd3ea801111ad7cb075290b543084d9d45,282864,Development cache/history; not engineering deliverable
.git/objects/9f/5888bf6e22973a60ac1502e9869388121a4e41,414,Development cache/history; not engineering deliverable
.git/objects/9f/60f5b55cabc3a67c94d6c8406b01f4400d33cb,62,Development cache/history; not engineering deliverable
.git/objects/9f/70c0e33a3831b7c6d7e2c0bc3f1067bce76a09,3818,Development cache/history; not engineering deliverable
.git/objects/9f/7350699dccddfb5c52825c761f8902736eda44,2846255,Development cache/history; not engineering deliverable
.git/objects/9f/8a43dc0b078a83c005f69e2ff7e7b922b374fa,208417,Development cache/history; not engineering deliverable
.git/objects/9f/8fde840d60fdba22837e74a7b67634a19ca369,36789,Development cache/history; not engineering deliverable
.git/objects/9f/93e1b28e9fbc4347eaf09185e38973dc283902,9250,Development cache/history; not engineering deliverable
.git/objects/9f/b94a57761abbaecaa9402c15953fba3a6f7477,47730,Development cache/history; not engineering deliverable
.git/objects/9f/c69d8a1337c96f24ab753b9f689cdb5dca15b2,4725,Development cache/history; not engineering deliverable
.git/objects/9f/d5b09f16380d83d1c8f9e9ccd6c3bd7d761754,1193,Development cache/history; not engineering deliverable
.git/objects/9f/e6d4e757196eb63c496e4a0ca64e0d1fb5bca8,880,Development cache/history; not engineering deliverable
.git/objects/9f/f376e2a4da2b13d9437f2dc6ffb66bc97f3f4e,1952,Development cache/history; not engineering deliverable
.git/objects/9f/f8f952abe9fb594423be1ea032eb909c119576,4375,Development cache/history; not engineering deliverable
.git/objects/a0/10be1f93fa35f756c0386ebd6f4b43db4df58f,225,Development cache/history; not engineering deliverable
.git/objects/a0/35d907a7bb1686ff56a3e63fdb6596d105ec82,169127,Development cache/history; not engineering deliverable
.git/objects/a0/3bce44637cf4aac3372551c3006ec3f03e46ea,19893,Development cache/history; not engineering deliverable
.git/objects/a0/726049b8421ac685eb36cad715b3d8d352152c,9262,Development cache/history; not engineering deliverable
.git/objects/a0/98643c28dfdb594f622def6fe27360e40830d8,1042,Development cache/history; not engineering deliverable
.git/objects/a0/9e1a7737f23f6de8885c95e127025676fcfafa,29175,Development cache/history; not engineering deliverable
.git/objects/a0/a76f56adc92967629c1c8422e4d09018d1492b,233,Development cache/history; not engineering deliverable
.git/objects/a0/b5c95cf66fe5acc4c5347e289c052330949a50,62,Development cache/history; not engineering deliverable
.git/objects/a0/d360784b4b18d83458e0269347cda11117c257,2401,Development cache/history; not engineering deliverable
.git/objects/a0/f0f12fc284a528351d4eff3363b422006f223a,4857,Development cache/history; not engineering deliverable
.git/objects/a0/feca6f3afebaded85666f10d74f480b5a1dde5,759,Development cache/history; not engineering deliverable
.git/objects/a1/01479d60e2de3cb3082f8cdcdab94d5a743b32,82873,Development cache/history; not engineering deliverable
.git/objects/a1/05efa9a4317dc40ff455efd3896239f30bfdf0,805536,Development cache/history; not engineering deliverable
.git/objects/a1/0d23a3884eafa0e8b9bf3b19cea0a80b9c6d30,241,Development cache/history; not engineering deliverable
.git/objects/a1/1119ebf57cf72018474e0ad07528dab5b03d0f,1132,Development cache/history; not engineering deliverable
.git/objects/a1/1790942dbadf1e7a05d76fbd3dcc98a1ec24e2,3547,Development cache/history; not engineering deliverable
.git/objects/a1/34f8cc18f8a1e1d07ccff765195c0dea80ab6d,75284,Development cache/history; not engineering deliverable
.git/objects/a1/4480785a6c364716f8f140a2bcb65f96c450d6,11512003,Development cache/history; not engineering deliverable
.git/objects/a1/4bcd8c527d522679d30b1b19a2dba44325b5d4,359,Development cache/history; not engineering deliverable
.git/objects/a1/71865bd891d496f2750abf6298058e7e11d98d,260737,Development cache/history; not engineering deliverable
.git/objects/a1/7a40cc73685662184aa95c1196155529d2887a,12197,Development cache/history; not engineering deliverable
.git/objects/a1/85a195b2ae0b7886f9696163712c0e4de84a61,8450,Development cache/history; not engineering deliverable
.git/objects/a1/8b6fef67be27f6c9e214a5039e8b624b490bbe,57377,Development cache/history; not engineering deliverable
.git/objects/a1/980d2a4b76195be1323621b9536a329b660f13,706,Development cache/history; not engineering deliverable
.git/objects/a1/b0395d113a1d0a0a3093a60d5d7007cfd80341,6350,Development cache/history; not engineering deliverable
.git/objects/a1/fa8e44d28d878ba0b385c01dbefdaeacb64565,706,Development cache/history; not engineering deliverable
.git/objects/a2/532aecdef4929b7039d18074b533199f80cd7e,1266,Development cache/history; not engineering deliverable
.git/objects/a2/70eaa078b7ddc184b11aeef0cef492ba171f09,281,Development cache/history; not engineering deliverable
.git/objects/a2/7c352f01a630d0f484de12d50a9743b56befb7,1235,Development cache/history; not engineering deliverable
.git/objects/a2/c288b3da9aec8d2c1e4ff438dc404ad5b17dd2,5125,Development cache/history; not engineering deliverable
.git/objects/a2/d17897687f00e2729f741c1ecf8d7990dcc571,48,Development cache/history; not engineering deliverable
.git/objects/a2/db146b8a40e3488de21cb6fc3c8fe186564948,198,Development cache/history; not engineering deliverable
.git/objects/a2/f8274cbb1e458caa8d237e86843154b3343ae9,16574942,Development cache/history; not engineering deliverable
.git/objects/a3/0cfdbf1664a04e98c72b548a7ace0d9c983d15,125,Development cache/history; not engineering deliverable
.git/objects/a3/384a41e5f419d2cd9115d8ed8034bbe86b4863,280,Development cache/history; not engineering deliverable
.git/objects/a3/4d20dc928d9a3c1f86e57df6eace0f030dc8fe,1313,Development cache/history; not engineering deliverable
.git/objects/a3/5f537c4fca0475e7e4bab0b4d43f47a910d1b2,1500514,Development cache/history; not engineering deliverable
.git/objects/a3/64d649bd023cf8f22fa2445196327d78f6446c,1199,Development cache/history; not engineering deliverable
.git/objects/a3/695c4bb7f80335fd240dd165a1009943e225c1,358,Development cache/history; not engineering deliverable
.git/objects/a3/6de3dd06070b3ee075a4903592706a6d7f0258,9381,Development cache/history; not engineering deliverable
.git/objects/a3/743a9ebf72abd34afc23b649d0d11136834fc3,20674,Development cache/history; not engineering deliverable
.git/objects/a3/8968c7bf2b9cb8f8868de573786a63c57b802a,12995111,Development cache/history; not engineering deliverable
.git/objects/a3/9d1f31c81df700387804c59b6f788d21bf1290,184579,Development cache/history; not engineering deliverable
.git/objects/a3/a39a3d89c514b69af23e88d0807bf6893050d0,156,Development cache/history; not engineering deliverable
.git/objects/a3/a3f9a9b6d8c3d3dd163f32b9d5fccda993ef95,308,Development cache/history; not engineering deliverable
.git/objects/a3/a95294739e9e34a14941c9002653d389a759ee,757,Development cache/history; not engineering deliverable
.git/objects/a3/aaf2d1809c900e7c40535a2d26513d982294b7,31738,Development cache/history; not engineering deliverable
.git/objects/a3/d967144b420fabd9c00d13d224a9e7aa275fd8,707,Development cache/history; not engineering deliverable
.git/objects/a3/fcb82116737e3d670aeb96288df39744233a90,55989,Development cache/history; not engineering deliverable
.git/objects/a4/0c619801d4af5a4e07cc94ba56d5254b94900b,7306,Development cache/history; not engineering deliverable
.git/objects/a4/2eb4e48cb9501ef23ccb43dd57c7e054a05264,1136,Development cache/history; not engineering deliverable
.git/objects/a4/498243d3e23d01756597a6d2094babbb8a8ee9,382190,Development cache/history; not engineering deliverable
.git/objects/a4/52849a6aa852638367576893c391c85419439c,8210,Development cache/history; not engineering deliverable
.git/objects/a4/815eb26010d8cc6b7354726cb8497bce79a217,4194,Development cache/history; not engineering deliverable
.git/objects/a4/818d04dbf79e040107f5e76808600c135b5158,67900,Development cache/history; not engineering deliverable
.git/objects/a4/8443582be6d32ec6f99bdb4f2cecab661b86f8,1360,Development cache/history; not engineering deliverable
.git/objects/a4/8824ed70b7f506eef05bdf91027e720e6e687c,3522,Development cache/history; not engineering deliverable
.git/objects/a4/9566f52591c2de9f8fc8e606d1452f5f75e911,359,Development cache/history; not engineering deliverable
.git/objects/a4/aa0a3f5817f044fde259b3903644916308e71e,2437,Development cache/history; not engineering deliverable
.git/objects/a4/c6b64500bffb3a9debe5025f9976bdfc105f85,16065,Development cache/history; not engineering deliverable
.git/objects/a4/e43d81bccdc2995c4958ede906c05cd7e14417,102,Development cache/history; not engineering deliverable
.git/objects/a5/0f2a56acc86e453e42c3b27656d648daa1b96d,13983,Development cache/history; not engineering deliverable
.git/objects/a5/34074c33a69f6224b8a904426753558d1a1e52,1483,Development cache/history; not engineering deliverable
.git/objects/a5/4bfe1f9603e686186f3e7b758d9b6ccc83dd58,60841,Development cache/history; not engineering deliverable
.git/objects/a5/53598061a9f5f2bce7ba0e28b919b49d3a93be,2924,Development cache/history; not engineering deliverable
.git/objects/a5/9a19bffdd1d369d9b10797661b03610da17553,596,Development cache/history; not engineering deliverable
.git/objects/a5/9bb3b88f4119868622ba72474732c4a36b889b,63,Development cache/history; not engineering deliverable
.git/objects/a5/bb29e7ccf1af472583d73d865a713a1acb2f70,474,Development cache/history; not engineering deliverable
.git/objects/a5/c636d0e053d80122abc3c5996bd183f0a44de1,1192,Development cache/history; not engineering deliverable
.git/objects/a5/d53b01fa501317df527ec27369526fb94a42fe,358,Development cache/history; not engineering deliverable
.git/objects/a5/de533720c40f5402f0d9ec5bfc5994bf156841,12389,Development cache/history; not engineering deliverable
.git/objects/a5/edfc4546df5417646c48ca02952d2be475fc4e,6064,Development cache/history; not engineering deliverable
.git/objects/a6/15f59ef2bc7f24c5241b06d63748f7d621f3b2,2367,Development cache/history; not engineering deliverable
.git/objects/a6/1efcce65a5f84f7ed939a98f39621151451d8c,9255,Development cache/history; not engineering deliverable
.git/objects/a6/3ccf538660d328fecc378f2e3180773b942fa4,26026,Development cache/history; not engineering deliverable
.git/objects/a6/401bef301737cfe345542bcf463089cb31c7ca,382,Development cache/history; not engineering deliverable
.git/objects/a6/614426b4559a0683c389f389837f9a4e71c7e8,661,Development cache/history; not engineering deliverable
.git/objects/a6/9d38aa04d0797e6bfe5961f91c3e53ac47d71c,489,Development cache/history; not engineering deliverable
.git/objects/a6/b11c944872e2d76a03d381ea0679ea5f6154a7,67712,Development cache/history; not engineering deliverable
.git/objects/a6/b68894e6556f3bf44a2b8442166dfba4797f0f,73,Development cache/history; not engineering deliverable
.git/objects/a6/bf87146b463681200c1baac6364ce719fda05d,466201,Development cache/history; not engineering deliverable
.git/objects/a6/d773e0d22d14e19d56e16cbe52da6090f625bb,4003,Development cache/history; not engineering deliverable
.git/objects/a6/e8145b18e3334681917fa3f3ff4a8695ca087e,8427,Development cache/history; not engineering deliverable
.git/objects/a6/eb5032e4eb16f3a67dea0c1a525947074ad952,8536,Development cache/history; not engineering deliverable
.git/objects/a6/eee5621fcc80a79e5477add655284f8be30a7b,143,Development cache/history; not engineering deliverable
.git/objects/a7/17004b4a425aa1d03e86ba86a0e178d2c377cb,1650,Development cache/history; not engineering deliverable
.git/objects/a7/1943ee7265e3c8f92e5648061b3dd0541c9ce8,654,Development cache/history; not engineering deliverable
.git/objects/a7/37ca377a166b2815a52f0d20ac21502d58f269,3437,Development cache/history; not engineering deliverable
.git/objects/a7/5831586adb43df661b781037a9f616bae7093d,49,Development cache/history; not engineering deliverable
.git/objects/a7/82ea6c27949802176c72f0bea583b167f45e66,985,Development cache/history; not engineering deliverable
.git/objects/a7/af983856fcba4f129466c531baa8d82babaec1,5035,Development cache/history; not engineering deliverable
.git/objects/a7/b00c2163ca8e552dbedd88f68cdc4333b1a17e,7212,Development cache/history; not engineering deliverable
.git/objects/a7/ba5f123a54a06f20f3dd7cc7315b9f344d8b80,8310,Development cache/history; not engineering deliverable
.git/objects/a7/c43c0c1a6378ff9ea4e9b452b0d1c665d0288e,857,Development cache/history; not engineering deliverable
.git/objects/a7/d76418fd54e35e65f30a74503771c447d0055f,5891,Development cache/history; not engineering deliverable
.git/objects/a8/0e163d807d8afd1a35ba93f9927ba695cebe2e,47298,Development cache/history; not engineering deliverable
.git/objects/a8/128cdab084e0faaa104b4f798bee685e56e375,1591,Development cache/history; not engineering deliverable
.git/objects/a8/1d1c1b189f4d4eb7f9a0612c789cb50a4c7f38,938,Development cache/history; not engineering deliverable
.git/objects/a8/525260e5e62e49e37fcfb384f68ecaa1aea673,48,Development cache/history; not engineering deliverable
.git/objects/a8/918607e31bd177f60758205fe90a5526211d3e,376,Development cache/history; not engineering deliverable
.git/objects/a8/aefe6fda07a823ca228f21f34f4ece26582012,2959,Development cache/history; not engineering deliverable
.git/objects/a8/b0684144e5868a75b35e6178e7ab91d458ad78,55503,Development cache/history; not engineering deliverable
.git/objects/a8/b38f66e1d0f4fc3c0a0037e537e74393dc3e4c,505,Development cache/history; not engineering deliverable
.git/objects/a8/b5aff7df7958ade0d9117f7d8486086cc5d122,9226,Development cache/history; not engineering deliverable
.git/objects/a8/bce68af8590295889a7981871464433226ed06,38254,Development cache/history; not engineering deliverable
.git/objects/a8/eb846b5b02c44a748104ff890018844190784b,1026,Development cache/history; not engineering deliverable
.git/objects/a9/42d20050e6fa89ff6824952c9cfdb1d3f1c3bd,575,Development cache/history; not engineering deliverable
.git/objects/a9/43d8ce03aaf219e3869a98114820a1b4198d3e,1181,Development cache/history; not engineering deliverable
.git/objects/a9/4567d73e9e1eaefc2eabb6a74cef692c0afdd1,417321,Development cache/history; not engineering deliverable
.git/objects/a9/4635d1ea8ba74bb7500e16b007ada0b3ce1f19,2962,Development cache/history; not engineering deliverable
.git/objects/a9/54e7490dda3c25efe28e287e372d4f003fb625,359,Development cache/history; not engineering deliverable
.git/objects/a9/55e216dec5c944fa6fc941da287984454a0b18,4092,Development cache/history; not engineering deliverable
.git/objects/a9/5b29a24f84a831088dfbce681e9fc7279b2539,395,Development cache/history; not engineering deliverable
.git/objects/a9/5e3672885076c21a24ff158ac594987abeb07e,255,Development cache/history; not engineering deliverable
.git/objects/a9/63fe877f7cb39adc7200e2bfe60340b0fd9bfe,22735,Development cache/history; not engineering deliverable
.git/objects/a9/6fe83da898dd2f404a4e25867a307188e9a8c1,134,Development cache/history; not engineering deliverable
.git/objects/a9/9095332a2a869c7972273ff1c8223606c7183f,208004,Development cache/history; not engineering deliverable
.git/objects/a9/a8941f83b6553aa0a9b54b2400d9de1fadeacc,223,Development cache/history; not engineering deliverable
.git/objects/a9/b68f0d21a3e345e260a50c997b988c25b3aca2,716193,Development cache/history; not engineering deliverable
.git/objects/a9/ca9e613018504a0bf3764656f160d72ff4fc49,39271,Development cache/history; not engineering deliverable
.git/objects/a9/d71b336bdaf30765bc5ca348227553907362d1,358,Development cache/history; not engineering deliverable
.git/objects/a9/dd6e3a52493e65539a5868eee2c8ff28d29b12,1678,Development cache/history; not engineering deliverable
.git/objects/a9/e0afe3aba499618d378a6035385f6ea51fb7f9,2166,Development cache/history; not engineering deliverable
.git/objects/a9/eb9fd445d9e27fca4a4c8e916687aec6f25824,16018,Development cache/history; not engineering deliverable
.git/objects/aa/003ab0d4e79b334437257b9b98f2e0ecf41dc5,52764,Development cache/history; not engineering deliverable
.git/objects/aa/07f43e3a0cc67228f7d3ddcb993ee7d13baf57,29263,Development cache/history; not engineering deliverable
.git/objects/aa/2358c037216a0262bc138ffdf8297e0543b740,701,Development cache/history; not engineering deliverable
.git/objects/aa/4771060864b38e614f3347c559fb58a5b4b786,555546,Development cache/history; not engineering deliverable
.git/objects/aa/4ee93fad0859f94123064067194b08595f7aa7,309,Development cache/history; not engineering deliverable
.git/objects/aa/53a7b8a0f18dda44a5bccd212aca6a55ae1241,620,Development cache/history; not engineering deliverable
.git/objects/aa/5b0bc9076b43a6623a2bae38e299d1ec57e220,242300,Development cache/history; not engineering deliverable
.git/objects/aa/6165a09a7c8e09f4f5f15defd2341413694082,220,Development cache/history; not engineering deliverable
.git/objects/aa/99edb617eae1a3707dacc6ca17db07d0bdd870,309,Development cache/history; not engineering deliverable
.git/objects/aa/ae37334fa4ecbcc5e9125b98ebabbd6fb24bc9,58680,Development cache/history; not engineering deliverable
.git/objects/aa/b366edaa063dcfe4cb4ead7f27a4620303c98e,5037,Development cache/history; not engineering deliverable
.git/objects/aa/b8b7635d9c4122529e2fd51dd7f45d76196ec0,92,Development cache/history; not engineering deliverable
.git/objects/aa/bd9e1009685d89bcf0e65ea94690577d57bae2,493,Development cache/history; not engineering deliverable
.git/objects/aa/f4fa8353fb0f83e31a224f56b77dedb15a1eb5,2906,Development cache/history; not engineering deliverable
.git/objects/ab/48f865c9d7ea31efd3ee81492e7af9e402dd70,92,Development cache/history; not engineering deliverable
.git/objects/ab/4ce08ff72919016da990c3b3bb0eb306026b16,2668,Development cache/history; not engineering deliverable
.git/objects/ab/59998c88c1748aa4b7bd8956a8e412f62568bf,87,Development cache/history; not engineering deliverable
.git/objects/ab/76cc45ba49bd4a88367948cf3e3a39e8ab9643,14309,Development cache/history; not engineering deliverable
.git/objects/ab/7e9c29171972cc8f0b2fdaf5a68ca4e691c120,356,Development cache/history; not engineering deliverable
.git/objects/ab/a6fd51f41aae18cec0b6bbec400b0076255d79,283,Development cache/history; not engineering deliverable
.git/objects/ab/a7d8a33fe6cddf22c7a9d776ee21587159c01e,616,Development cache/history; not engineering deliverable
.git/objects/ab/df914e27d28dbbe0d4c98a3e3c2d135edc6384,1893,Development cache/history; not engineering deliverable
.git/objects/ab/e993e66718a66d56cf080cc2c434ee28aa83d6,6275,Development cache/history; not engineering deliverable
.git/objects/ab/ec51a37091264431f4b61e21fc5dd5aec96207,3870,Development cache/history; not engineering deliverable
.git/objects/ab/eeeca307e0893620e87d8ebe8d2c84c32acb03,358,Development cache/history; not engineering deliverable
.git/objects/ac/1103b7a906ec34a171cf8852f902661719ae60,302,Development cache/history; not engineering deliverable
.git/objects/ac/19c53b628f05fb9698c2b244fdfb394cd78115,359,Development cache/history; not engineering deliverable
.git/objects/ac/5154d551bbb9e6464a14e78a7dbdbccd5d64d7,165,Development cache/history; not engineering deliverable
.git/objects/ac/55d47d0df1069e8b69d361ce86167f2e208e8c,4949,Development cache/history; not engineering deliverable
.git/objects/ac/5ce063d38f7171af9519ceead6eb5b7e013635,274037,Development cache/history; not engineering deliverable
.git/objects/ac/87f996b98a2332e8539fe073fb2af538423614,358,Development cache/history; not engineering deliverable
.git/objects/ac/b162f11b14075c0e0433eca546a75864f932b1,160,Development cache/history; not engineering deliverable
.git/objects/ac/b36d085566ab05e432635e84d3bcb067311fdf,39067,Development cache/history; not engineering deliverable
.git/objects/ac/ce41609373583fa7f323c3478d5bc55c1abd35,92,Development cache/history; not engineering deliverable
.git/objects/ac/ce944e312f7ddca11d8bcb8c3920cc25394897,276,Development cache/history; not engineering deliverable
.git/objects/ac/dca5f836cf9c835bdb616a509bdf7fc13eb8df,37009,Development cache/history; not engineering deliverable
.git/objects/ad/2e398ebc0690ce2c30993717482c5b186696f2,280,Development cache/history; not engineering deliverable
.git/objects/ad/75edbdb7ef843de11800c483c6efa4dfac3df5,1493,Development cache/history; not engineering deliverable
.git/objects/ad/8a70860720948e1a77878d1e636d906dc66aa0,85289,Development cache/history; not engineering deliverable
.git/objects/ad/93fab477ca607995551d3f8dedc867bd1b0583,1019,Development cache/history; not engineering deliverable
.git/objects/ad/981a1488ea465432dff48d74432a60e388bb14,9804,Development cache/history; not engineering deliverable
.git/objects/ad/9ecf607947e15604ccb549e158f3488fc5678c,50375,Development cache/history; not engineering deliverable
.git/objects/ad/a196abfa47a066a9a6cf968d56e496ea6fc3ed,186662,Development cache/history; not engineering deliverable
.git/objects/ad/aa7cab9739520efdc4aa13412ce695d674f51a,309,Development cache/history; not engineering deliverable
.git/objects/ad/ba6dd2faf9c71b440de306feb54bdc2f42c76d,359,Development cache/history; not engineering deliverable
.git/objects/ad/fb0330c82b47f9ad46f9c58541756d6bc8840b,617,Development cache/history; not engineering deliverable
.git/objects/ae/08ae65a0449cd48e71b4ed40630a0300da1972,4855,Development cache/history; not engineering deliverable
.git/objects/ae/1511e7a0df306897635a0084e3a2cebc3f01de,3198732,Development cache/history; not engineering deliverable
.git/objects/ae/19b8fcbcca1e2ba7d6d657a2843c9805a9d892,196,Development cache/history; not engineering deliverable
.git/objects/ae/1bfa4575d5b74577e47ed44b76725a1ab55bbd,863646,Development cache/history; not engineering deliverable
.git/objects/ae/3d4e1c333f5582ab0b5e3abcf132475c6b7c6f,601,Development cache/history; not engineering deliverable
.git/objects/ae/4b65c8857d4c6f7863e786e96f995f57086d97,1320,Development cache/history; not engineering deliverable
.git/objects/ae/64c4bba2dd20cfae4f86887d2a1402a3f90636,1684,Development cache/history; not engineering deliverable
.git/objects/ae/83c1ef8f2ea2811067614aaf84b4d5fdaba6a0,4491,Development cache/history; not engineering deliverable
.git/objects/ae/8b5b4b4517dcf55a0017b5a35177327d062010,52,Development cache/history; not engineering deliverable
.git/objects/ae/8db1925ab71a8a7e1607e6202807f84444b0a9,1371,Development cache/history; not engineering deliverable
.git/objects/ae/97b14189bfa3bde379cf2b9b0f24ebf7cca4ee,161399,Development cache/history; not engineering deliverable
.git/objects/ae/a719ccbeba23f9053606353fc4a3dc2105a978,1897,Development cache/history; not engineering deliverable
.git/objects/ae/b3dc4590a27cb52e12d0f3292f6d7b09d9fd36,33792,Development cache/history; not engineering deliverable
.git/objects/ae/d72469f69dab1d41b741785c58aa7aaa18b309,8474,Development cache/history; not engineering deliverable
.git/objects/ae/fc709e33c06d13cdccfba2e48dd93a8859d8c1,1318,Development cache/history; not engineering deliverable
.git/objects/af/045bb899704146626f8d413687e586963000f1,16106,Development cache/history; not engineering deliverable
.git/objects/af/15642d426ed8b2f8f1a8856f7837dd8135f4d4,525,Development cache/history; not engineering deliverable
.git/objects/af/1616b561586d720fa51f36ac10e551fa4dba9c,356618,Development cache/history; not engineering deliverable
.git/objects/af/1cecfbb980d15809b024bd8e869efdba1436b9,48,Development cache/history; not engineering deliverable
.git/objects/af/3430bc152ad9ae108acc6abd71f1c23e17a5e2,4227,Development cache/history; not engineering deliverable
.git/objects/af/526dc66cc303268acb1a719678385321639c6f,9254,Development cache/history; not engineering deliverable
.git/objects/af/63cf90fb9af3e94810920a5b1809f80184ee1d,134,Development cache/history; not engineering deliverable
.git/objects/af/8e6ca1a54f05f606cbdb9d1750db39a8256309,166,Development cache/history; not engineering deliverable
.git/objects/af/9592cc98af1688527ba0c1bc321e821c67c414,34625,Development cache/history; not engineering deliverable
.git/objects/af/a11c9aff9365631c423f19812e44bc2d111f35,2324,Development cache/history; not engineering deliverable
.git/objects/af/a5c718423f43fc383e65ad832cdd8b8e6e92fa,163,Development cache/history; not engineering deliverable
.git/objects/b0/21c1416a41c2858948e1d1721392a46aba51e4,476579,Development cache/history; not engineering deliverable
.git/objects/b0/235a94bb2a1aca4587cdaf9d856b4e32681f95,230,Development cache/history; not engineering deliverable
.git/objects/b0/2e1901a000e7a9a93a0f1464a230ad67da5230,3274,Development cache/history; not engineering deliverable
.git/objects/b0/3663a925e7030720e9df4a84a7b87fb597e5ee,145,Development cache/history; not engineering deliverable
.git/objects/b0/3856d6f15ba4e1978c0802b8fd5a9ecb46f88f,158,Development cache/history; not engineering deliverable
.git/objects/b0/4209d0b915fe377a3e4271b44ec44b9f5cd959,861863,Development cache/history; not engineering deliverable
.git/objects/b0/48da6af3d4218503188a5ea902fb99daf869ff,1601522,Development cache/history; not engineering deliverable
.git/objects/b0/50f21ea084707adb179a4898704b2971cc58d0,92,Development cache/history; not engineering deliverable
.git/objects/b0/5929fb4358541d45e1bbe999f0e57bb2c67475,75,Development cache/history; not engineering deliverable
.git/objects/b0/97a3fb85d688642b1440c21fd5372736ec9bbf,3337,Development cache/history; not engineering deliverable
.git/objects/b0/cac21cca9df5ed6da61d7d2c9247264018fd50,29910,Development cache/history; not engineering deliverable
.git/objects/b0/fa664651fe7e3412f91d9bed95283eb933130c,6964,Development cache/history; not engineering deliverable
.git/objects/b1/0123d4e57add1a40283ceea9c6135fdf762672,14930,Development cache/history; not engineering deliverable
.git/objects/b1/095e83d23ba260422de6f509032d8b35a9f4f6,180,Development cache/history; not engineering deliverable
.git/objects/b1/10f750d3bf3964e1e2a946761b5ed89a089050,75,Development cache/history; not engineering deliverable
.git/objects/b1/25ed038be991aa7f86b10a21b5e553d6bb33f0,9010,Development cache/history; not engineering deliverable
.git/objects/b1/375eecb37c06351ee317b732e3fda900e0d2ca,4176,Development cache/history; not engineering deliverable
.git/objects/b1/772135f4a60cbde55a1a4df239e85635bce432,440,Development cache/history; not engineering deliverable
.git/objects/b1/a0ec6f76202abb00f7e73e82663389dff6c583,331,Development cache/history; not engineering deliverable
.git/objects/b1/a9eb599b66866cf9c12b164f6103ffff17aae1,26424,Development cache/history; not engineering deliverable
.git/objects/b1/af68668946a4f44f0fe9eebea15b84b4fbc7e9,3211,Development cache/history; not engineering deliverable
.git/objects/b1/bbb894be92633fc352a08875e7c7f206618fd9,1042,Development cache/history; not engineering deliverable
.git/objects/b1/cea0d52e1d350c6d0ed1d975b902af51df1cd4,69233,Development cache/history; not engineering deliverable
.git/objects/b1/f735a18c853ece37cbed16a29fedca0224cb12,155079,Development cache/history; not engineering deliverable
.git/objects/b1/fae1015df6de4b9a161768f4b0e2b41973ad25,339,Development cache/history; not engineering deliverable
.git/objects/b2/0886809e0567d252ec8bf28bafb80c34ec9785,315,Development cache/history; not engineering deliverable
.git/objects/b2/11cb7acc4e74d72c756eb3356994429f82b14f,1321,Development cache/history; not engineering deliverable
.git/objects/b2/128d9b13eb6203bb2559ccc86f77c86070cac3,73,Development cache/history; not engineering deliverable
.git/objects/b2/3106086bef58a8effacb3105234110cdc37bf6,9252,Development cache/history; not engineering deliverable
.git/objects/b2/312d2c096a65a70a23211f127280cb81c908f2,305,Development cache/history; not engineering deliverable
.git/objects/b2/4692ff9110a6e5e48bf1e740f1bcb5f6911bcc,36653,Development cache/history; not engineering deliverable
.git/objects/b2/626b30aa89f887a49469ec2df6084fa8f9b2df,139,Development cache/history; not engineering deliverable
.git/objects/b2/7bca33538b0ad5d3390fc17d299f16d31c1f0d,4885,Development cache/history; not engineering deliverable
.git/objects/b2/808fd3fe049e022a220b082d9199751abe9fce,5038,Development cache/history; not engineering deliverable
.git/objects/b2/93b88a53de6e70d45ac880824ba208ef69073b,9252,Development cache/history; not engineering deliverable
.git/objects/b2/bfbedfbd808b86d5be6879f1fd471130f27b49,133,Development cache/history; not engineering deliverable
.git/objects/b2/d34697d30b22e2cea7afa3d119eb75284cfe56,474,Development cache/history; not engineering deliverable
.git/objects/b2/d886b8a2753e5e5b0c96da589eabe18ce1f61b,4134,Development cache/history; not engineering deliverable
.git/objects/b2/de0364a897b8e620b8006b0848f875ba82ffc2,269,Development cache/history; not engineering deliverable
.git/objects/b2/f3692600eddcc4cd808651b45e549114fb1e02,735,Development cache/history; not engineering deliverable
.git/objects/b3/038a96ef49e1a1c399c03bcf6cace448b5195a,90108,Development cache/history; not engineering deliverable
.git/objects/b3/0529ae8007c4967786c9d9be154616c0a66800,8602,Development cache/history; not engineering deliverable
.git/objects/b3/0684c0db8da18971f66e7103cffff8e2fac16e,358,Development cache/history; not engineering deliverable
.git/objects/b3/09879fb40215777c57df1d1f633d4f194ae995,1549,Development cache/history; not engineering deliverable
.git/objects/b3/25a4c74fb16a45ff15b69b0675026c07e1b017,1955,Development cache/history; not engineering deliverable
.git/objects/b3/7c9c7c7f5460f73096b7f4a26433ce83c2baa6,25031,Development cache/history; not engineering deliverable
.git/objects/b3/8302510556855bb94a55d71e74a0e6997ba9d1,1271,Development cache/history; not engineering deliverable
.git/objects/b3/8b2692f57231d0e58c285c7e78fd053be72d32,2560,Development cache/history; not engineering deliverable
.git/objects/b3/a5a8b8d7a3cfca14cfd4e279747c5e5acf372e,295,Development cache/history; not engineering deliverable
.git/objects/b3/ceac1ec0c7e9bda449485f9e17ac58e51b34c1,35219,Development cache/history; not engineering deliverable
.git/objects/b3/d75573c77488edafe6d46309ef904221a34c4e,164,Development cache/history; not engineering deliverable
.git/objects/b3/dc30fe09f7d5bbf584dafbb510c14e848f613f,550043,Development cache/history; not engineering deliverable
.git/objects/b3/f89bd5a6dc25d0b62a4c8276a6dd582a9f90cb,3174,Development cache/history; not engineering deliverable
.git/objects/b3/fdd018201ab5be9177172bc5e82f350a4c74dc,229605,Development cache/history; not engineering deliverable
.git/objects/b3/feb689dffa42e1d59d12231764f5655c23829d,93388,Development cache/history; not engineering deliverable
.git/objects/b4/1939f8f82cedf4fd5c4b9dc5ebff2de984bbaa,62,Development cache/history; not engineering deliverable
.git/objects/b4/31c40d2a4d22167c36176cb7e0430c6f825fe3,20317,Development cache/history; not engineering deliverable
.git/objects/b4/4542b763b4707d10a3197bbf4cef6942c2a16c,358,Development cache/history; not engineering deliverable
.git/objects/b4/4a4913982a5e550949021bd202fc58d887a250,878,Development cache/history; not engineering deliverable
.git/objects/b4/60825f4315c804986d79b9ed901d83cf5f884d,134,Development cache/history; not engineering deliverable
.git/objects/b4/8387c7f87d2d86ef57e0c3d2ffdc87d69239a0,670,Development cache/history; not engineering deliverable
.git/objects/b4/8bb58957322372f9afd0d22d296299857b9cff,6452,Development cache/history; not engineering deliverable
.git/objects/b4/d0fa3178ab3306a7ef4c75c6ae3ad8da54c2bf,165,Development cache/history; not engineering deliverable
.git/objects/b4/d39ec4ff2223c9a847e51bf30ab7f54ead4903,260577,Development cache/history; not engineering deliverable
.git/objects/b4/dd47f0038980f92551ed673a6b0015765f6acf,801,Development cache/history; not engineering deliverable
.git/objects/b4/e7587850bd8c3bac7fa11d64d920c3265b5820,1236,Development cache/history; not engineering deliverable
.git/objects/b4/e7ba8a1f2566ba363da11cf4ead81d08dc9536,2133,Development cache/history; not engineering deliverable
.git/objects/b4/ed5ace4d03cc5d2bac14d42fa00a803a673054,2703,Development cache/history; not engineering deliverable
.git/objects/b4/fc85b4fc6622269ad84de4f344c3fff5f2bbd6,146,Development cache/history; not engineering deliverable
.git/objects/b4/fc8e954bfd0d735e1c784fb62c783d11a5c7b2,2912,Development cache/history; not engineering deliverable
.git/objects/b5/0a8dbce40af1172ca723a632eea5416812f79f,39092,Development cache/history; not engineering deliverable
.git/objects/b5/0c7169b3bd57b26bdb4016247ca9cd4ea66b0d,164,Development cache/history; not engineering deliverable
.git/objects/b5/14e1781f270fd5b86c141d2c4e59191cc0221a,1983,Development cache/history; not engineering deliverable
.git/objects/b5/1c2977c24e887a5e40acb1c012713e16136955,45,Development cache/history; not engineering deliverable
.git/objects/b5/1fe3c4044255d8cc93e74653cd4fdee1aec8a0,2216,Development cache/history; not engineering deliverable
.git/objects/b5/46a6accafbee6f89d12094482ec58bac2f4ed6,164,Development cache/history; not engineering deliverable
.git/objects/b5/5557d6e9f817078432d3072fc233b1b0afc889,7286,Development cache/history; not engineering deliverable
.git/objects/b5/6e973ca2f4c288504547a03082a7c594262001,56524,Development cache/history; not engineering deliverable
.git/objects/b5/891b095372328c8cbd0c36e065c7b48a94ae06,1033,Development cache/history; not engineering deliverable
.git/objects/b5/b790b06721ca0ab147ca59ae0af24002f7ebc5,307,Development cache/history; not engineering deliverable
.git/objects/b5/f679730c9e777de07582ef4060b91c85e26e44,359,Development cache/history; not engineering deliverable
.git/objects/b5/ffc2149511727510ec58b7698f7e33e6ef4c6d,367,Development cache/history; not engineering deliverable
.git/objects/b6/005ffbe2bcb6df1e203ba4fa6b599d25a6444e,55676,Development cache/history; not engineering deliverable
.git/objects/b6/0a91c07b25c3e54a2fd46c037b21ebf7dd57df,7371,Development cache/history; not engineering deliverable
.git/objects/b6/2dbfcb570d3f4cc08fd6b2c363c30666070972,531,Development cache/history; not engineering deliverable
.git/objects/b6/3e625b11b36fc2ff92ee1989988f4a16c90658,329,Development cache/history; not engineering deliverable
.git/objects/b6/7eeff19145bfa9b702c817ac457e7715a1d6b9,617,Development cache/history; not engineering deliverable
.git/objects/b6/8024de5dc2d1274d52fbf376e19a500747ad3f,510677,Development cache/history; not engineering deliverable
.git/objects/b6/95656611606a98fb5985805a40b3c27cd4b6b9,753,Development cache/history; not engineering deliverable
.git/objects/b6/956d049cdd5d615b94e38e8c7fd3fc0e3789b2,428,Development cache/history; not engineering deliverable
.git/objects/b6/ab7c00fa521449a8ccce0d7a67db57c203aa1a,190,Development cache/history; not engineering deliverable
.git/objects/b6/ed1e0a0f893b03428ea7ee272305adeb663e1b,359924,Development cache/history; not engineering deliverable
.git/objects/b6/f3fa0cea71142d2b4d03ac50df7428e2ee923f,126511,Development cache/history; not engineering deliverable
.git/objects/b6/fa8b3a5aafd0c284d7272662f46b50329e4545,48,Development cache/history; not engineering deliverable
.git/objects/b6/ff38d06cf427eb79241f91918c07eaa54ae5e6,4502,Development cache/history; not engineering deliverable
.git/objects/b7/0060967e6aefb1d2bacdcad7dd9092ca5bef54,3879,Development cache/history; not engineering deliverable
.git/objects/b7/0487d0948a919f04c379ac4d50fb8028e58402,1157,Development cache/history; not engineering deliverable
.git/objects/b7/0a3718ea410808936f4c7725f767b899e769dc,345,Development cache/history; not engineering deliverable
.git/objects/b7/170695e3988aeb2c75ca6e67922732414530a2,739,Development cache/history; not engineering deliverable
.git/objects/b7/188fb98ac70a3abbe02356e8685abfdeac12ac,33191,Development cache/history; not engineering deliverable
.git/objects/b7/2ae16222f8549e824e3bdd096d1ac711dabae8,330,Development cache/history; not engineering deliverable
.git/objects/b7/3047279a5b7d9f7182a5238fb67b98ef9ae9db,494661,Development cache/history; not engineering deliverable
.git/objects/b7/33556c602079d28f0a12b84b774950fe2f9b68,2035,Development cache/history; not engineering deliverable
.git/objects/b7/4087159cfd4167de0144fb844ed44eceebe35f,1189,Development cache/history; not engineering deliverable
.git/objects/b7/42f5c718ccd2d0e10b73985f8b989f413869dd,142,Development cache/history; not engineering deliverable
.git/objects/b7/5692ad044e3dda907e495eceea7d4ad9c553e0,669407,Development cache/history; not engineering deliverable
.git/objects/b7/5b0934ba059ce1b96c850d70c060c10a7cb8be,18201,Development cache/history; not engineering deliverable
.git/objects/b7/7874729c19f3a0d88420cc764cd7be72a0d041,359,Development cache/history; not engineering deliverable
.git/objects/b7/88c40e122c194583b953c52a4cb05e7891c265,11320,Development cache/history; not engineering deliverable
.git/objects/b7/8de977d870cc781da0617019fbb912b4a90362,1057,Development cache/history; not engineering deliverable
.git/objects/b7/ad435da9e8f5d159c83a1cadfd8b919476d719,22559,Development cache/history; not engineering deliverable
.git/objects/b7/c8f23ba0c2c9971abc661f5bbba099bcebfdda,26493,Development cache/history; not engineering deliverable
.git/objects/b7/cb54c023fe1eeb9056aee525438900696188a9,3946,Development cache/history; not engineering deliverable
.git/objects/b8/1d936fd68138fd3bc7e641315d78c1a52c8300,241,Development cache/history; not engineering deliverable
.git/objects/b8/363995c62814cb819360834194d58961ea7e6d,12679,Development cache/history; not engineering deliverable
.git/objects/b8/3b15471c8aa12fb0d44d8017b41c5d5e1366ff,331,Development cache/history; not engineering deliverable
.git/objects/b8/3b3de76ec0fe93c9215313e2b6a91b2ca975f0,629,Development cache/history; not engineering deliverable
.git/objects/b8/75555b6f3a2650391592ae827d6616f9de2497,8551,Development cache/history; not engineering deliverable
.git/objects/b8/83e6af1aca17a166e8cec01bb0b8e7e8be9127,2957,Development cache/history; not engineering deliverable
.git/objects/b8/9486b83db6fddd579559e250cc0b31e3d92078,1717,Development cache/history; not engineering deliverable
.git/objects/b8/9780ad72a2442a21fc924a176ac002741f4619,137555,Development cache/history; not engineering deliverable
.git/objects/b8/cdd0086ff9606313221d83c89b799d24ebaa60,135979,Development cache/history; not engineering deliverable
.git/objects/b8/d0253ebf266b7c0d6e8bfd1df2fd5da42ed7fc,131,Development cache/history; not engineering deliverable
.git/objects/b8/d81462c23bd8d7230bedd8142905c662d74bf2,2317281,Development cache/history; not engineering deliverable
.git/objects/b8/dd0f7f88dcf8ebc4901e8e8fd692c1be04bcb5,8533,Development cache/history; not engineering deliverable
.git/objects/b8/eff6b9578b3e981befaf4b3c17cdb351c86fd2,24956,Development cache/history; not engineering deliverable
.git/objects/b9/4e3a0f474f7db75e8695c2de0d27b07e2f0413,282,Development cache/history; not engineering deliverable
.git/objects/b9/56ea95825561b4180b65d3ec38464e1c46e0d2,3827,Development cache/history; not engineering deliverable
.git/objects/b9/5e866787d406b9cdf6d9f3c97bbf9d89eadbe4,120,Development cache/history; not engineering deliverable
.git/objects/b9/6d013bc2a9b1476c7ea1a23e7630bae71b43e5,10672,Development cache/history; not engineering deliverable
.git/objects/b9/75e753d19e95cd42a275ad1fad6029789d71ad,24973,Development cache/history; not engineering deliverable
.git/objects/b9/84431ffe2377bb19e49a2194f2190dae769027,2582,Development cache/history; not engineering deliverable
.git/objects/b9/961524f33c1411f7291df4075ced1cb353070b,29807,Development cache/history; not engineering deliverable
.git/objects/b9/a757b7dbd9ee8586f2eadddd549b1af40f0060,52204,Development cache/history; not engineering deliverable
.git/objects/b9/a8d97c37239f88f6ca53c7ba08f4e82795c831,6447,Development cache/history; not engineering deliverable
.git/objects/b9/accb5af3bad81b26e9fd7697e88bd4af9de4a7,15947,Development cache/history; not engineering deliverable
.git/objects/b9/bec01f1e45f0a3cc7923781d213245d43b484a,201,Development cache/history; not engineering deliverable
.git/objects/b9/cae009a2e7b829c4c409e4ddac3972a24ed01d,869,Development cache/history; not engineering deliverable
.git/objects/b9/d1ea0d6903a27d412b9f2db03eee2a7bd3407f,393,Development cache/history; not engineering deliverable
.git/objects/b9/f66404bdb72f9fdc08653aaae6ce083c28ed1d,174,Development cache/history; not engineering deliverable
.git/objects/ba/08214d3ba7b1bd0b1b589483702f2812322771,5041,Development cache/history; not engineering deliverable
.git/objects/ba/29ace3a5766a13dd3e022a827b29a94dcddadb,16237,Development cache/history; not engineering deliverable
.git/objects/ba/38ece8fcd61e15de08c94566d0960520d98e98,4294,Development cache/history; not engineering deliverable
.git/objects/ba/3afdb380c67dd2a462d0effb81d2d7caa9b1e0,116,Development cache/history; not engineering deliverable
.git/objects/ba/3d33fe6a0abc2877cd65ba9b066d6972e62458,8502,Development cache/history; not engineering deliverable
.git/objects/ba/618e35c528da55b3e33569ec9e245c4637877a,853,Development cache/history; not engineering deliverable
.git/objects/ba/653b06fa0c580d0cca946beabb455915431f0c,101956,Development cache/history; not engineering deliverable
.git/objects/ba/74a39d1c3c9199b7712cfd2d6430cef1c805e4,227,Development cache/history; not engineering deliverable
.git/objects/ba/86f44ef147b0d713b3a3cf23a9d69f74cc30ed,223,Development cache/history; not engineering deliverable
.git/objects/ba/9e561eaeaa7700b18ed583547b4d2dcf56b93e,249,Development cache/history; not engineering deliverable
.git/objects/ba/a944a4362f61cef990617a4255312d0911e4f8,990,Development cache/history; not engineering deliverable
.git/objects/ba/ba3520e47c9bb0bf2cb416e2dc55f1f52e84bf,147,Development cache/history; not engineering deliverable
.git/objects/ba/c339193e212805a233dbd3bfeea06e1488165a,617,Development cache/history; not engineering deliverable
.git/objects/ba/f60080363605953853c9a26d3bf8af8ec5be4e,319,Development cache/history; not engineering deliverable
.git/objects/bb/18e7aa9281899ecc0df1d081742b7bfaa48e79,33132,Development cache/history; not engineering deliverable
.git/objects/bb/58ca1016acaeb47c3d5e02f3471d5453884de7,2427929,Development cache/history; not engineering deliverable
.git/objects/bb/6aefddd05a104b0987c80faffc15165fa22e57,1320,Development cache/history; not engineering deliverable
.git/objects/bb/9a47f878de908bc013610f14f3fd3c9542142c,2963,Development cache/history; not engineering deliverable
.git/objects/bb/9f32f42e96e534d7c452321a973fdccbe704ed,21788,Development cache/history; not engineering deliverable
.git/objects/bb/b3fca3584c350b0500d87a29a8e751014ceade,1642,Development cache/history; not engineering deliverable
.git/objects/bb/b81499701fc57bab8e1145a811652f9da285f5,1306,Development cache/history; not engineering deliverable
.git/objects/bb/c3f9f95b0da851f6fc4e9b341c268f36d905f4,5270,Development cache/history; not engineering deliverable
.git/objects/bb/d02662944c12d7ea16424a714817cfdeaba61b,262,Development cache/history; not engineering deliverable
.git/objects/bb/e660d741ab15d637006801206e4ea8ca561949,2962,Development cache/history; not engineering deliverable
.git/objects/bb/ec372fd4db97b75391d7be6b5f3c7e06c97bd0,1241,Development cache/history; not engineering deliverable
.git/objects/bc/03ac4ac45feba89ffeb832b2dcebaa44d92ccf,48,Development cache/history; not engineering deliverable
.git/objects/bc/11596cd4485cd29a9e3aaf6feedf2fc102ee14,1518,Development cache/history; not engineering deliverable
.git/objects/bc/3a085d45c58295b04d0c4ce8d4d5148c791773,9209,Development cache/history; not engineering deliverable
.git/objects/bc/65f882d0f1b6ee609c3c50ab35907842ab20d9,1484,Development cache/history; not engineering deliverable
.git/objects/bc/67e276ad9785925c80a4f922d835be9a9b10c7,78,Development cache/history; not engineering deliverable
.git/objects/bc/7d7608e9831afb159b74199f6ac9170a8b4655,165,Development cache/history; not engineering deliverable
.git/objects/bc/7e270683684732f482d4a06c589cfb36267755,159,Development cache/history; not engineering deliverable
.git/objects/bc/9a5fe9e34fb541153197522f74b54653b55816,832,Development cache/history; not engineering deliverable
.git/objects/bc/bf7a5ca843e6492a551e1e2730d48af4b1074c,2071,Development cache/history; not engineering deliverable
.git/objects/bc/cb5e0ec065cb0f44c5331dcde5daa8970cc0ad,5124,Development cache/history; not engineering deliverable
.git/objects/bc/cd0a21b34be0322f611916849a2f8725502b4e,20794,Development cache/history; not engineering deliverable
.git/objects/bc/d1892a44ae53e5064e9738ad8795b03ada2492,4752,Development cache/history; not engineering deliverable
.git/objects/bc/e37c6046515e3e0141d050cdaeffc6240f5629,359,Development cache/history; not engineering deliverable
.git/objects/bc/f3668cf011869591a4eef0b8a0d367e916ec92,12646,Development cache/history; not engineering deliverable
.git/objects/bd/3b7225ccd6e5d0268d954ea3a705a46a397d97,5036,Development cache/history; not engineering deliverable
.git/objects/bd/73f840d34b2f493544eb99c775999068feee37,274,Development cache/history; not engineering deliverable
.git/objects/bd/7de73db3f81c5943041c0c9c45b5596a0dcf29,1024,Development cache/history; not engineering deliverable
.git/objects/bd/96d2722610fdd788e09d1695092c16f5efe15e,3594,Development cache/history; not engineering deliverable
.git/objects/bd/ce15f04593de97bc91c18bba80aca1ea422a35,74,Development cache/history; not engineering deliverable
.git/objects/bd/e99cda47f42330a0ef66746409bec56bb6041c,20005,Development cache/history; not engineering deliverable
.git/objects/bd/ed1d8f4e949da94b8e9c45cb5e022b40a3ccc0,16797,Development cache/history; not engineering deliverable
.git/objects/bd/face98d332d989a043baffbb8dad9b9d3362b2,2962,Development cache/history; not engineering deliverable
.git/objects/be/020d7c55f391e72fa8f80ff3753bfec2f648e0,275261,Development cache/history; not engineering deliverable
.git/objects/be/0f85431271fd47948108ba572df093e998d727,914,Development cache/history; not engineering deliverable
.git/objects/be/15ab0a2e65ab5f36241f2a83b440344e0d7bfb,1318,Development cache/history; not engineering deliverable
.git/objects/be/1982c94d38cff5a9216aa12917c16c4f1aa5a4,1370,Development cache/history; not engineering deliverable
.git/objects/be/1c866b2a0fc6b1119b6d628d6cc7c845a48569,13255,Development cache/history; not engineering deliverable
.git/objects/be/20202355136d731ffd3adf13dd14113b2db202,1320,Development cache/history; not engineering deliverable
.git/objects/be/549cd6b67eced5883e397c5f2fd9a40fc2d8c6,360,Development cache/history; not engineering deliverable
.git/objects/be/5ed7f44b64a47c5f65891f915f6f9350e4f956,5036,Development cache/history; not engineering deliverable
.git/objects/be/7a5d6304d790d3539bd94e6cf23977a3786225,3940,Development cache/history; not engineering deliverable
.git/objects/be/a6a47b14e11857eaf009aa8bbd83f4b5978153,4948,Development cache/history; not engineering deliverable
.git/objects/be/c6168a28a74efd0d75add78bc8adf5a9f682f0,1071,Development cache/history; not engineering deliverable
.git/objects/be/d9c90a22156d9046a15f3f9d61ada19e4bbc7f,242,Development cache/history; not engineering deliverable
.git/objects/bf/338e0699dcc72e3da0017b471e74d341c68c2f,57,Development cache/history; not engineering deliverable
.git/objects/bf/4860b797dfe24d1e410f19acbfdfd597bda584,251,Development cache/history; not engineering deliverable
.git/objects/bf/4bcf34beaa93022fbb7aaa178dab3a15e30b20,42736,Development cache/history; not engineering deliverable
.git/objects/bf/59905a6690afb9c2ead32890a593c7badc8742,224,Development cache/history; not engineering deliverable
.git/objects/bf/78d267fc8fc6200965fef80a6a49ae58a13d5a,307,Development cache/history; not engineering deliverable
.git/objects/bf/8d025d15be07bccbb02e17dd3cbee8a9012b6d,18136,Development cache/history; not engineering deliverable
.git/objects/bf/cd5211e98de76f0de6b7cf94159f3df362942c,1942,Development cache/history; not engineering deliverable
.git/objects/bf/d76bd7b6e6aab7a74f3aedf5596393b07ab747,285260,Development cache/history; not engineering deliverable
.git/objects/bf/e601a9b1a0c3e3ce97b837f31a224140cfe4f6,51,Development cache/history; not engineering deliverable
.git/objects/bf/e82f0fb597089bc6c3e6ad932bde9ced16f6d5,52015,Development cache/history; not engineering deliverable
.git/objects/c0/0502d6804ba64fa320494deb008c6d74e3f9b2,98439,Development cache/history; not engineering deliverable
.git/objects/c0/18cb031aef3799e64d8278c855c54cba5b36fc,51496,Development cache/history; not engineering deliverable
.git/objects/c0/4951609199049473055948f1e9d5274219aa0b,128192,Development cache/history; not engineering deliverable
.git/objects/c0/6d3b1b4e46d00f845be6d802968fc074963bb2,3886,Development cache/history; not engineering deliverable
.git/objects/c0/6e499a949c2459a378b266aed2d96f6b92d98d,1281,Development cache/history; not engineering deliverable
.git/objects/c0/71376d2f89adfcf374193b8d634176d708f5db,8538,Development cache/history; not engineering deliverable
.git/objects/c0/761185aacad1e384899766dd1a2b60b26964d8,226,Development cache/history; not engineering deliverable
.git/objects/c0/b4d11af9d62598144a135b607936732cbc823d,245404,Development cache/history; not engineering deliverable
.git/objects/c0/c6fbe267ce37a796fd1a693735dcce101a0e7e,48118,Development cache/history; not engineering deliverable
.git/objects/c0/c90dcafacbe73f31519375ce853dc05ad9950c,153377,Development cache/history; not engineering deliverable
.git/objects/c0/d19d9a25deeb639449b68a1582b3db4130404c,1158,Development cache/history; not engineering deliverable
.git/objects/c0/dc6eb3ba7c5edb888c4f1b257d1cf048a1a55c,616,Development cache/history; not engineering deliverable
.git/objects/c0/e37dd30bacabd6fb58013b119d823818a3e918,359,Development cache/history; not engineering deliverable
.git/objects/c0/faf7dc04554da584d94b24841d29851d159655,56,Development cache/history; not engineering deliverable
.git/objects/c1/02a58cf55a8de9a5264c61dc1c4cf8d768d30e,16779,Development cache/history; not engineering deliverable
.git/objects/c1/10b4ef3130f124906f34efd10fc97a76468329,53,Development cache/history; not engineering deliverable
.git/objects/c1/4c3f55ab7e97984be855bcbbc44ca2e11af285,4704,Development cache/history; not engineering deliverable
.git/objects/c1/54634e308f45dec0ea7d744e742d9863c2d346,477362,Development cache/history; not engineering deliverable
.git/objects/c1/6f20460daea17eabcc7cc5ab0da0c091398f9e,3434,Development cache/history; not engineering deliverable
.git/objects/c1/86c3ba5d08a98d44d128c1de70113383530550,1319,Development cache/history; not engineering deliverable
.git/objects/c1/8d168307fe89419515950c307b4c29f31c75b6,545107,Development cache/history; not engineering deliverable
.git/objects/c1/aeaaa3447d86708cf5c09997f36df102c0b2f7,5948,Development cache/history; not engineering deliverable
.git/objects/c1/b0b061d5e9f995ff9864aa1779f387b3253305,8524,Development cache/history; not engineering deliverable
.git/objects/c1/ba9c324615c3fdd4449f40af071b89fcdc3442,1469,Development cache/history; not engineering deliverable
.git/objects/c1/be75bc5689e5a7e53d99c90730ae6a536303e8,227,Development cache/history; not engineering deliverable
.git/objects/c1/d51c14ffa9f7b05db834b68eb5bf1a93f60313,7115,Development cache/history; not engineering deliverable
.git/objects/c1/de11da12221f1eb85bfe1c54c19e07ac1d0232,616950,Development cache/history; not engineering deliverable
.git/objects/c1/dee1184bc7d812be768c8c6d1760c032abb0b0,16815,Development cache/history; not engineering deliverable
.git/objects/c1/e6d509f6a13b300d193907c416e5dc5df7a3cc,156,Development cache/history; not engineering deliverable
.git/objects/c1/f2f553ec2aefe27ce1816a4c21000da104a43c,60487,Development cache/history; not engineering deliverable
.git/objects/c2/2d706d54c515ac33f9411247d88c28a34c3780,3937,Development cache/history; not engineering deliverable
.git/objects/c2/31ce5fe50f4ab33427216157a60505c2721404,213984,Development cache/history; not engineering deliverable
.git/objects/c2/379eaea4adcee6e7ec83916e57e19c2fe7319e,861,Development cache/history; not engineering deliverable
.git/objects/c2/3997e8cee92a44ef2734a350fb17dc59ab283f,96485,Development cache/history; not engineering deliverable
.git/objects/c2/9a572769630b14fcbee4655af2e47ebdc6f1f5,818,Development cache/history; not engineering deliverable
.git/objects/c2/ccf7c948f9c32bbf431c8255f02b4369694c42,4624,Development cache/history; not engineering deliverable
.git/objects/c2/d70b697a0d8d98451cae5d9aa95df58d521ae2,9252,Development cache/history; not engineering deliverable
.git/objects/c2/da49b64892970aed42a991973c8c7729193c5e,133,Development cache/history; not engineering deliverable
.git/objects/c2/eda4485f68b481ac324b8848456f0698a6eb23,21208,Development cache/history; not engineering deliverable
.git/objects/c2/ee72a9febdd5ff93c61d3a7738d0d45bce1538,20330,Development cache/history; not engineering deliverable
.git/objects/c3/04632188d0a81290b9e92a0cd3ae65154c6ece,239,Development cache/history; not engineering deliverable
.git/objects/c3/11ed72c3dcd15441153bd87950f624fb3d7d0e,25931,Development cache/history; not engineering deliverable
.git/objects/c3/540cffedb50b9cac7d3699f28be3355d22eefc,1348,Development cache/history; not engineering deliverable
.git/objects/c3/558f102f121c057d1760de929a6cf1ee64eb7c,22891,Development cache/history; not engineering deliverable
.git/objects/c3/73bbcd16f6e1e9906f7847ddf9f60f9c31c068,252270,Development cache/history; not engineering deliverable
.git/objects/c3/8a3cf8856c30486ba416ed6133818a1f8ca95d,954,Development cache/history; not engineering deliverable
.git/objects/c3/a83b1f2a72625ed12f5a97546102a34a5c7e8c,9077,Development cache/history; not engineering deliverable
.git/objects/c3/b5e730b581b9773e2c1475b80528998faafb18,93272,Development cache/history; not engineering deliverable
.git/objects/c3/c0270575d670f0b833f930242f2db325f04bb1,92,Development cache/history; not engineering deliverable
.git/objects/c3/c5e10e692bff9e630ded5cbbbabed63b55879d,1134,Development cache/history; not engineering deliverable
.git/objects/c3/cfa718b1971a09a8bd012da46d1bd5cf3422bc,134,Development cache/history; not engineering deliverable
.git/objects/c4/288d2b48591737ab81bb380b5bc4b4c6bb09ca,5674,Development cache/history; not engineering deliverable
.git/objects/c4/3337de0c829a308507ef2381d1e8ede851d527,708,Development cache/history; not engineering deliverable
.git/objects/c4/44edc193b52dcddf0ff9a827ca5904576d0f09,216,Development cache/history; not engineering deliverable
.git/objects/c4/7931ec4d3d3757514f67df71dbd323cd51c17d,5400,Development cache/history; not engineering deliverable
.git/objects/c4/9ca21adcb35d1cd5f645ebe8120e31ec361a08,882556,Development cache/history; not engineering deliverable
.git/objects/c4/aaac9b9293a2d89bf436fefae3a8923ffd17a6,428,Development cache/history; not engineering deliverable
.git/objects/c4/ad1a29e74315954a6f5f854530f1cf031070e5,2287,Development cache/history; not engineering deliverable
.git/objects/c4/b00297faae277f38e07e282de068e148ed3f1e,339,Development cache/history; not engineering deliverable
.git/objects/c4/c0ed5e9f2acd634615f30ccceb3c675b03ca7b,240,Development cache/history; not engineering deliverable
.git/objects/c4/d4bde5f4d41fe5d2313cac432789183b6a3998,5041,Development cache/history; not engineering deliverable
.git/objects/c4/dcabb31aa63aa1431e60c09e8de7e883bc5b8e,2595,Development cache/history; not engineering deliverable
.git/objects/c4/de36b086888407dc91918a5207f354a3405da2,5821,Development cache/history; not engineering deliverable
.git/objects/c4/de41bd5f688d9febff13eae40f8a7b083ea11f,266,Development cache/history; not engineering deliverable
.git/objects/c4/f9898a7903806321266b71ea0020f306cb51a6,2057,Development cache/history; not engineering deliverable
.git/objects/c5/20414d8425e3f997e59519a0fb4b74479d7077,21755,Development cache/history; not engineering deliverable
.git/objects/c5/493f01dd1c931b7ab5fbc4ee0f0be9f0373eb4,48,Development cache/history; not engineering deliverable
.git/objects/c5/5567be9f895e388b91ae59b1cf9f7203d9ea41,216,Development cache/history; not engineering deliverable
.git/objects/c5/5bc1dfd537c1063602a007109eb53e3135ba6c,29347,Development cache/history; not engineering deliverable
.git/objects/c5/6378b4a2e6a9fb94a6404b448e5785e8ac10a2,1157,Development cache/history; not engineering deliverable
.git/objects/c5/76bc2945923c4dd47d82a6c57788320418bcdf,4184,Development cache/history; not engineering deliverable
.git/objects/c5/c4616bcdaca2c0836cc2eee6bbb3db018b1d01,6219,Development cache/history; not engineering deliverable
.git/objects/c5/d82a4951d58e20fb240b42d6f3729c70b1aaef,39765,Development cache/history; not engineering deliverable
.git/objects/c6/0b2c0c3ff455789b7890ab98acd09020a268ed,7031889,Development cache/history; not engineering deliverable
.git/objects/c6/27ca881d45fe59fb0408c000fc4a9c6ba19ed7,230,Development cache/history; not engineering deliverable
.git/objects/c6/2e951998707ffa19abb7236cdb3677f1f7c934,206433,Development cache/history; not engineering deliverable
.git/objects/c6/2e9b413a150250bf532894c1eea9dce4965778,1191,Development cache/history; not engineering deliverable
.git/objects/c6/49e9e621c5e13a1c71399fa954d29c3f60242e,349,Development cache/history; not engineering deliverable
.git/objects/c6/4d40617fefe4a1b1db7b6b7a307c7ec70f4aa1,142,Development cache/history; not engineering deliverable
.git/objects/c6/67daebfce6dea536a948e08ee905c98c99fe5b,1075,Development cache/history; not engineering deliverable
.git/objects/c6/881ebcdb00ef5fad057915228b06ea96877c47,48,Development cache/history; not engineering deliverable
.git/objects/c6/c75da44f21197363e447e861724c154dbca8ab,4929,Development cache/history; not engineering deliverable
.git/objects/c6/d04eee772dc8479b881a6c6ad8cc0d8401cddf,6457,Development cache/history; not engineering deliverable
.git/objects/c6/e20ec24899e306ea1e0925ce2e7d718254e5b0,651,Development cache/history; not engineering deliverable
.git/objects/c6/e903e049e8c21c4990a58f2b41873a27aedc92,54290,Development cache/history; not engineering deliverable
.git/objects/c6/eed226f2cfb540b54797d921eed43ffde46e52,1193,Development cache/history; not engineering deliverable
.git/objects/c7/2259e7bf4f6d6e2f4397888e8157fd4eeb2d33,23843,Development cache/history; not engineering deliverable
.git/objects/c7/3dda90954cb52e8d0212097d9265b265bbc07b,1307,Development cache/history; not engineering deliverable
.git/objects/c7/4409a94b9b444d840917563b59cbd245b13ae4,4937,Development cache/history; not engineering deliverable
.git/objects/c7/49a78f5a28661aec0ce9d50a1712d8f7c8f386,69471,Development cache/history; not engineering deliverable
.git/objects/c7/4df04d3afdb730364bfefe51fb439bdd7dcd28,234,Development cache/history; not engineering deliverable
.git/objects/c7/744d08ff4d06d357989fab8823f025aa3fe041,7432,Development cache/history; not engineering deliverable
.git/objects/c7/7c13d0813ab077138c3558be293a09a8904ac8,413068,Development cache/history; not engineering deliverable
.git/objects/c7/92ab1472d1e52f0775b333b0228307fa82d318,706,Development cache/history; not engineering deliverable
.git/objects/c7/a95e7cf94c5ea5c4f150b720582d3604d9388f,49054,Development cache/history; not engineering deliverable
.git/objects/c7/d244643335f342dcdd3fc05905c23c2f513b50,4725,Development cache/history; not engineering deliverable
.git/objects/c8/12c4104963bbd2a8aa332e4bba7d4f52a6629a,134,Development cache/history; not engineering deliverable
.git/objects/c8/1629c72d271fe4aa0b9b6a183cbccbd2099ede,442,Development cache/history; not engineering deliverable
.git/objects/c8/1e4e3c79106648b5e9423f33fc86c3d8cc5b31,83,Development cache/history; not engineering deliverable
.git/objects/c8/462dd6fde80049ae92c4fa82f6309f92e4c4c4,417,Development cache/history; not engineering deliverable
.git/objects/c8/4e5f8295114b488f32f507d7e3852cc95bd476,57,Development cache/history; not engineering deliverable
.git/objects/c8/5f207a3f4eade9e17a85944dd8d62ada310a69,3272,Development cache/history; not engineering deliverable
.git/objects/c8/85b126ef0b0566a54ddb4ce31d8f26e2c2f080,1036,Development cache/history; not engineering deliverable
.git/objects/c8/921f60e48c48244f6bd2f82b5110ad5f5c7afc,706,Development cache/history; not engineering deliverable
.git/objects/c8/b04a3ba169ba74dcb34b2cef096e5529905175,1351,Development cache/history; not engineering deliverable
.git/objects/c8/caba6928c9efd160c11283a3e2952be4ecf723,1865,Development cache/history; not engineering deliverable
.git/objects/c8/d025ca7fcc32902ae01f99209532771a3b8db2,5581,Development cache/history; not engineering deliverable
.git/objects/c9/0c0d41848345b06b472652fb288484c6c9f151,1191,Development cache/history; not engineering deliverable
.git/objects/c9/12c205bdf99580cf6745da67b035872593ef6d,66000,Development cache/history; not engineering deliverable
.git/objects/c9/37a3dd0ec01b51bfbbf23db38ba1cbda0dae34,109928,Development cache/history; not engineering deliverable
.git/objects/c9/3deb0e32f5c47d29067a7ae59a5ee5017caec5,243,Development cache/history; not engineering deliverable
.git/objects/c9/76f8856ce0ae09cac82de79a5ad91aea450591,133539,Development cache/history; not engineering deliverable
.git/objects/c9/8b12b6cdddfa617eb09f49f38ef4c0df8dd169,134,Development cache/history; not engineering deliverable
.git/objects/c9/9fd08acf6225266f01e9fc1180faf8f6881b8c,688,Development cache/history; not engineering deliverable
.git/objects/ca/0949a14e250f093e2abf6e3c8b3da10bb45b3c,19885,Development cache/history; not engineering deliverable
.git/objects/ca/0aff5dcdaca1cd2983be63083e77ed8560b0e8,1771878,Development cache/history; not engineering deliverable
.git/objects/ca/0eafe490466305f4a6a8c02239643e0c2561b0,4037,Development cache/history; not engineering deliverable
.git/objects/ca/3414474c4175d220b73508299ca0a04e41626f,214,Development cache/history; not engineering deliverable
.git/objects/ca/3e248f85b3c381a0c48132594c428ae8f7963f,5460,Development cache/history; not engineering deliverable
.git/objects/ca/6aaafdfba7f29d5b180d862f2b949221431fea,839,Development cache/history; not engineering deliverable
.git/objects/ca/901af6b6a156d510e749dc75ba7a3e2b2bcf29,2430,Development cache/history; not engineering deliverable
.git/objects/ca/d1aa43724232d68d4c95825bf70d1329e40288,88,Development cache/history; not engineering deliverable
.git/objects/ca/f3186593c027ec640c715fd25c5f3e3f53e094,166,Development cache/history; not engineering deliverable
.git/objects/ca/f696005c17fa068ab051e49d9d3837205f3ba0,273,Development cache/history; not engineering deliverable
.git/objects/ca/fae2af8970488eb707f3a82b11a21426118ddb,247,Development cache/history; not engineering deliverable
.git/objects/cb/1146376949bf76c9966f600da8ad3fae40302c,489233,Development cache/history; not engineering deliverable
.git/objects/cb/2bd9a629fd46fb0eb778426fb6e2c127d73bad,117,Development cache/history; not engineering deliverable
.git/objects/cb/4982e32ec64428c0552291b793b5ca31a0c048,50981,Development cache/history; not engineering deliverable
.git/objects/cb/8a1ee62449c9d88d9fbd865aa2b69429f14fbf,2434,Development cache/history; not engineering deliverable
.git/objects/cb/938ffc7a4a8a6dae74b1abd4264f5eb56730bc,514,Development cache/history; not engineering deliverable
.git/objects/cb/991194d282f6c2b7abed4d963864f839e34130,209,Development cache/history; not engineering deliverable
.git/objects/cb/b4c6dcb2788e3799291851398e5db0ce7d65a9,275,Development cache/history; not engineering deliverable
.git/objects/cb/d7e31b94b64c26218049cfd9afb92be85c0452,132,Development cache/history; not engineering deliverable
.git/objects/cb/f821ac938840ad13bca4ab4fe985eba98b669f,609,Development cache/history; not engineering deliverable
.git/objects/cc/058210620b03d2d36da16b71df2e1b23ea2343,48,Development cache/history; not engineering deliverable
.git/objects/cc/16705f26ef7e26abb03594121dc8136f43e6b5,14802,Development cache/history; not engineering deliverable
.git/objects/cc/19e4336c09d079d15754b30d47f47da4dada80,357085,Development cache/history; not engineering deliverable
.git/objects/cc/5b525257651615423fa3aaf0b63227450d2efb,491955,Development cache/history; not engineering deliverable
.git/objects/cc/89bfe4cf7d5d018d7da7ca789b4d18d197c5eb,357,Development cache/history; not engineering deliverable
.git/objects/cc/91e3db15d9989d362238059a689852584511c8,4033,Development cache/history; not engineering deliverable
.git/objects/cc/9a8279e4271bc15b7a68f31437f76c3dea1a9d,158412,Development cache/history; not engineering deliverable
.git/objects/cc/b58dccacb975b68a3e40750d687120499ef157,271,Development cache/history; not engineering deliverable
.git/objects/cc/cb1712886caae80ac13f667bdd7ac6492b9d39,216,Development cache/history; not engineering deliverable
.git/objects/cc/fecba15f73e0c6734c7b0eea54aad4be2b77a4,2013,Development cache/history; not engineering deliverable
.git/objects/cd/351dd5a3252ccab45025fac72f02885b777b15,4947,Development cache/history; not engineering deliverable
.git/objects/cd/4cbd5aa871d3e661887aaa5246a561594cedf2,20766,Development cache/history; not engineering deliverable
.git/objects/cd/71df49b2e698d8f08a8cf55ac7aac82d02e065,7593,Development cache/history; not engineering deliverable
.git/objects/cd/9caa602d3a8f1380131ec825b2db896625df3b,2151,Development cache/history; not engineering deliverable
.git/objects/cd/9f70873ec607fd8f3debc8ed53b536d074a6c0,444952,Development cache/history; not engineering deliverable
.git/objects/cd/d5b5ce9029581822445e4afa91a7e845daf2e3,12722,Development cache/history; not engineering deliverable
.git/objects/cd/f01478fb798b4b3f2fed521768ec317feb0a1e,691,Development cache/history; not engineering deliverable
.git/objects/ce/2f9c55ecf3ab4a7b6f66110a16844b497b7688,406186,Development cache/history; not engineering deliverable
.git/objects/ce/6244bf50fb174ff3c6f28e7078dea3981bbe68,2164,Development cache/history; not engineering deliverable
.git/objects/ce/6a41a5cfb73f08107ae3184bc99b00294985e0,91,Development cache/history; not engineering deliverable
.git/objects/ce/9d82eb8e2374c7ee45b9355c3e56a72d633dd1,10628,Development cache/history; not engineering deliverable
.git/objects/ce/b8f06ca525d86e03274e67cbb1e5c77b84f48f,2926,Development cache/history; not engineering deliverable
.git/objects/ce/cf50232f783856f435af4b821fc0c9f59375c0,397,Development cache/history; not engineering deliverable
.git/objects/ce/dcd0a68787c2017665259d47669a926b3ec161,1210,Development cache/history; not engineering deliverable
.git/objects/cf/0e23e23e3190d61064d8b2e0ba650a39cacc56,739,Development cache/history; not engineering deliverable
.git/objects/cf/2e1d2449a23bea071df87a23ba4293aa81136a,173,Development cache/history; not engineering deliverable
.git/objects/cf/419195e5995823c80df4884a7609ae083c8aca,299,Development cache/history; not engineering deliverable
.git/objects/cf/4eb056221057c10030eb3836c5a5db2f208561,97,Development cache/history; not engineering deliverable
.git/objects/cf/6b13e9e2f75f2c89061d91e920137416fee0c5,169751,Development cache/history; not engineering deliverable
.git/objects/cf/6b824aae6f084d8f5c3ce3eb58574f3bfe9b0b,733,Development cache/history; not engineering deliverable
.git/objects/cf/6e46a3f015417a068b84558c706f9c81af6664,181,Development cache/history; not engineering deliverable
.git/objects/cf/7e75420234e09027fbad6905fa2fe8768beefc,3541,Development cache/history; not engineering deliverable
.git/objects/cf/85118830448f8e6ebc5aa64ae8aa9984b6d1c0,20851,Development cache/history; not engineering deliverable
.git/objects/cf/8e4e7be77f525ac44787fda4135df2da6d8bb2,1190,Development cache/history; not engineering deliverable
.git/objects/cf/9440f006c592c9a8887a51b773f5aa7c5c1c25,350571,Development cache/history; not engineering deliverable
.git/objects/cf/aada201057d84581df1359761201c73a09c8b2,7307,Development cache/history; not engineering deliverable
.git/objects/cf/b8f70c4ae7669cab3354abfe88b11726d23bef,201,Development cache/history; not engineering deliverable
.git/objects/cf/eadc0cc4680af134d3e4dca93e7eb3abd49df7,75711,Development cache/history; not engineering deliverable
.git/objects/cf/f87790d130cc7d4ff011cae1c799c06bc805ad,91,Development cache/history; not engineering deliverable
.git/objects/d0/054e4b3f980e7cd52fc81614e3e57643687537,665478,Development cache/history; not engineering deliverable
.git/objects/d0/1b516b0d94331ffd55b9fe0c10a4aae04bd7d4,48,Development cache/history; not engineering deliverable
.git/objects/d0/3085436f02c5d002350ea3e1dd51e2eba1bcc6,25696,Development cache/history; not engineering deliverable
.git/objects/d0/8810b7c4644c451f85f9d9b619026b9702935a,246,Development cache/history; not engineering deliverable
.git/objects/d0/899bea71c7ebb195cb7da4e96ac6d7b2d80b4a,241,Development cache/history; not engineering deliverable
.git/objects/d0/933a9c3008289a0bd8d2253139a42d0c47e414,69,Development cache/history; not engineering deliverable
.git/objects/d0/beca4a27a09b63d75fecfd713b6e77c8f5ca00,165,Development cache/history; not engineering deliverable
.git/objects/d0/c7c7951619a8b69b232f1874ea1dba12261897,201,Development cache/history; not engineering deliverable
.git/objects/d0/ddfddb8d35fa00e7ea73a90a309c5c89f8e224,147,Development cache/history; not engineering deliverable
.git/objects/d0/f2ffd10132459805b9983b20292187cdb34b5c,4165,Development cache/history; not engineering deliverable
.git/objects/d1/12fc2fa7b6eef56c1fb1e752018bb1058eadfa,265593,Development cache/history; not engineering deliverable
.git/objects/d1/29fb7b40f87569fd8fe2b22511b250604a8446,101,Development cache/history; not engineering deliverable
.git/objects/d1/38c519bec1bdc6c425683774d2e39648b3eb0b,6079,Development cache/history; not engineering deliverable
.git/objects/d1/4fcdf5ffea019883e363eb5c4d1fad74320472,57,Development cache/history; not engineering deliverable
.git/objects/d1/59ab9be15981747a8cb751b1c69f8b887b56b9,359,Development cache/history; not engineering deliverable
.git/objects/d1/7e1388e394d14404b7b42cad6edc68dac57259,2270,Development cache/history; not engineering deliverable
.git/objects/d1/9f897b2c1cf0a63fea4a69506f6cc0640fd9f9,1466,Development cache/history; not engineering deliverable
.git/objects/d1/a723eb57bf0ef05ad02e26fe240ddb9d779106,9775,Development cache/history; not engineering deliverable
.git/objects/d1/b123a3bce9e9a675f02129e4298f3e623adc88,116,Development cache/history; not engineering deliverable
.git/objects/d1/d6990be01b5dfe48cecb8d218102a994e5eef5,2963,Development cache/history; not engineering deliverable
.git/objects/d1/ed451db5d1bfc76862b661a8e5b7f3b32a7879,434,Development cache/history; not engineering deliverable
.git/objects/d1/eef5e3a2715f3cb1176f9f79daadf97eeef823,514895,Development cache/history; not engineering deliverable
.git/objects/d2/08400c710d8127882cf95110398c3d4aa2e84f,1204,Development cache/history; not engineering deliverable
.git/objects/d2/181e7fa8db7551c013a3dc0f23456005dc31e5,104,Development cache/history; not engineering deliverable
.git/objects/d2/19df034f3ac880c87a5640b0b9c1e872bf1ff3,21749,Development cache/history; not engineering deliverable
.git/objects/d2/269d9e7a866170a5ed81b099ace0bd645fed72,1489,Development cache/history; not engineering deliverable
.git/objects/d2/2c2310ccf97056acad4528fa7a259cdfa426fa,39219,Development cache/history; not engineering deliverable
.git/objects/d2/67cb642ba2f3e94a5490107f646b2a07fa01a2,1205,Development cache/history; not engineering deliverable
.git/objects/d2/6e619bf1d9ab44e21574a3e0e030876f97825f,10580,Development cache/history; not engineering deliverable
.git/objects/d2/832d9fedd3924f2c78883bdaf3db117a72176b,625,Development cache/history; not engineering deliverable
.git/objects/d2/a0cc44f9282ce1e4e0e50c3902a924ab811e29,2293,Development cache/history; not engineering deliverable
.git/objects/d2/a1a3a2dc9fdd2f220de67500bf35faf4031d9a,283821,Development cache/history; not engineering deliverable
.git/objects/d2/a345e5474700f7bbee5ec1e2a9516c743b29fc,9502,Development cache/history; not engineering deliverable
.git/objects/d2/ad1277a8484640225ffab3a1be0a1587f62d85,12507,Development cache/history; not engineering deliverable
.git/objects/d2/b403de74e9c6d18fa20ab3deb3adf1649c0a14,441,Development cache/history; not engineering deliverable
.git/objects/d2/b82c0c73e91de3ecea9dd0a1efbf196c685c1c,91,Development cache/history; not engineering deliverable
.git/objects/d2/c30c15b0987e02428cc483ae63db472b368781,868,Development cache/history; not engineering deliverable
.git/objects/d2/cfbe1f596e07e9379844cbf70764ef772c9ac2,5764,Development cache/history; not engineering deliverable
.git/objects/d2/d69afa971c14d2ba2d29c8cde59ff52a0da6ac,538839,Development cache/history; not engineering deliverable
.git/objects/d2/d7abddbc1b5155bd0aaf118851072f696a6a93,2431,Development cache/history; not engineering deliverable
.git/objects/d2/e4395733a1df6124f372101b38b4d4aa63ae86,7231,Development cache/history; not engineering deliverable
.git/objects/d2/fe64acdd22cc88c4cf412ad8dec1499c00fea0,4639,Development cache/history; not engineering deliverable
.git/objects/d2/ff88d5ca9bc80271676b26491d1391539929a4,720825,Development cache/history; not engineering deliverable
.git/objects/d3/0eab5cd2603924728550b15e5579fd60dea8d2,39776,Development cache/history; not engineering deliverable
.git/objects/d3/38b359091d55c173f12ed6978ba1ed2ee73e35,1872,Development cache/history; not engineering deliverable
.git/objects/d3/3aa67c4691a23db4586f3b4e416b896b4a0d56,4949,Development cache/history; not engineering deliverable
.git/objects/d3/46ad60cf240400a6b2530ec181965ca0e75dcf,360,Development cache/history; not engineering deliverable
.git/objects/d3/52de71b6628009d130690c8d1a75ef18ecad5b,550,Development cache/history; not engineering deliverable
.git/objects/d3/54b4c3b3d1aa518c6c3c0a4404f7367310ae0c,145578,Development cache/history; not engineering deliverable
.git/objects/d3/55cf05c4d6840f4a997b2d1b42f2112e87f8c9,971,Development cache/history; not engineering deliverable
.git/objects/d3/7b46467c7d228b7e2020a468c28a9397fec924,242,Development cache/history; not engineering deliverable
.git/objects/d3/94ef537953e94a73c6985088f7a27492f62be3,52387,Development cache/history; not engineering deliverable
.git/objects/d3/bb608e58ed99cf7466b5dd99b3c2d90d52ae84,442,Development cache/history; not engineering deliverable
.git/objects/d3/c27aa6f12b1d0d1e1cadf79b5d700469e1eedc,1771963,Development cache/history; not engineering deliverable
.git/objects/d3/c73e0984ac549e90e7c36ffaeb9e969c4333a9,68058,Development cache/history; not engineering deliverable
.git/objects/d3/cd4efe6f4cec7921e3c1967956ac1b8b80b583,39418,Development cache/history; not engineering deliverable
.git/objects/d3/e6628718d354554301172b877861e1caf3d377,4888,Development cache/history; not engineering deliverable
.git/objects/d4/38c03fb8dbf6817befa5e4a7449c1fde6d25bb,35092,Development cache/history; not engineering deliverable
.git/objects/d4/4a778367c8fa2fc478341bfdd374c70fd3b416,5227563,Development cache/history; not engineering deliverable
.git/objects/d4/4b0ab867d1771f474e9e457a0e4bbcea915dbc,17364,Development cache/history; not engineering deliverable
.git/objects/d4/651842940658bd9bb3edbb726ebbc37992ead2,1230,Development cache/history; not engineering deliverable
.git/objects/d4/65dbf7cc216ad22d26c03bc1ee2ae31b1cc2f8,18892,Development cache/history; not engineering deliverable
.git/objects/d4/694f90a34db45db46d89f4cd5aad1369e261f1,444312,Development cache/history; not engineering deliverable
.git/objects/d4/6fd5205f6960627119b4557b6f97afde868702,76,Development cache/history; not engineering deliverable
.git/objects/d4/a45dbd32f13758637e648dc778392a9fd218c5,22461,Development cache/history; not engineering deliverable
.git/objects/d4/ebb44d9ed4504c650c4c9468504be82e095cca,2925,Development cache/history; not engineering deliverable
.git/objects/d4/f8336375e886e9ee6c9be4200b499951aadf1a,230,Development cache/history; not engineering deliverable
.git/objects/d5/0aa42ea44eb5a6b88223ab048f61cddff1bb0d,660,Development cache/history; not engineering deliverable
.git/objects/d5/0fd1b2fd0fb3a759c96c6a53eee12bea9defa2,317,Development cache/history; not engineering deliverable
.git/objects/d5/2b742cf74480a81dbc6bd389610395be21dded,16512,Development cache/history; not engineering deliverable
.git/objects/d5/305c0e83049749aa4e450cfe60d96a12caf2f0,9367,Development cache/history; not engineering deliverable
.git/objects/d5/36ec8ead403f4f6d7c15e3d2967591939840e9,358,Development cache/history; not engineering deliverable
.git/objects/d5/432723581b68792c543a3627262963131da810,22014,Development cache/history; not engineering deliverable
.git/objects/d5/4a7a24662075cdf9b13462381a271f24dd13de,363205,Development cache/history; not engineering deliverable
.git/objects/d5/57f9f14c5c55296f64c54ce56a079b19fc0554,69,Development cache/history; not engineering deliverable
.git/objects/d5/5b6aece8e54d15b5c1c6a70795051e700e2f57,307,Development cache/history; not engineering deliverable
.git/objects/d5/6f72a9f4406795c34c81701f6a9d06ae4673e3,286,Development cache/history; not engineering deliverable
.git/objects/d5/78d0bd27bec74c5879e333f5c4d05b3e98aa59,1296037,Development cache/history; not engineering deliverable
.git/objects/d5/8521587ae45d72fbc2eec94b2326e4cbf3510f,43741,Development cache/history; not engineering deliverable
.git/objects/d5/90c50edc4a5ff714e8523128e73b41a22893e0,73,Development cache/history; not engineering deliverable
.git/objects/d5/b886d2715017fa93109484374cb674499383d6,192769,Development cache/history; not engineering deliverable
.git/objects/d5/b946cb793d22aae84e798870d66547e0ee4178,103891,Development cache/history; not engineering deliverable
.git/objects/d5/cc22635f39a6bfa09338c0e03681b8efbe888e,1868,Development cache/history; not engineering deliverable
.git/objects/d5/d4977e219539d1dba490f3318d73f631cbc023,243937,Development cache/history; not engineering deliverable
.git/objects/d5/ea92b87744edf674f4d08d9e0701a67bc1c780,1158,Development cache/history; not engineering deliverable
.git/objects/d5/f2b80b05870af4dd618fec794e9ca35931e840,295686,Development cache/history; not engineering deliverable
.git/objects/d6/17728be0365ee38a76288c676768aea51dd5c1,182424,Development cache/history; not engineering deliverable
.git/objects/d6/1d31ade698bd3dfedf56b2308e41ca32bc8df4,213,Development cache/history; not engineering deliverable
.git/objects/d6/2fe7823c4dbca6a3b8e55d1145dcb36983e4cf,133,Development cache/history; not engineering deliverable
.git/objects/d6/3511de2c106de8c6bf30f11236ac1d8e56290b,143,Development cache/history; not engineering deliverable
.git/objects/d6/46d5205e191a1798d9bc9e03bf612580aa3cd9,52,Development cache/history; not engineering deliverable
.git/objects/d6/4be8d3279d508b3acd4ee535195ee601ca7976,16154,Development cache/history; not engineering deliverable
.git/objects/d6/625ab340acb8abc15fd12c954579fd8f5689cb,119052,Development cache/history; not engineering deliverable
.git/objects/d6/828b99d130a973153d91324507cebdcda38521,1171,Development cache/history; not engineering deliverable
.git/objects/d6/998667a6f4d8c180ba9d6083698146f13e07ae,3698,Development cache/history; not engineering deliverable
.git/objects/d6/99cae8c28116bd3b041547c69f738ac638705a,11715943,Development cache/history; not engineering deliverable
.git/objects/d6/bb0c74d9c605c2fd5b7493a4293d06b7b80757,9590,Development cache/history; not engineering deliverable
.git/objects/d6/cc972aa93d32eeaead96713d3fff6981771f8e,2305,Development cache/history; not engineering deliverable
.git/objects/d6/cf178c9327f260b4c046287ea20d92a23105e4,585,Development cache/history; not engineering deliverable
.git/objects/d6/d5dcacaaa9d0dbaf145e9f99b2c09fc4f88363,700,Development cache/history; not engineering deliverable
.git/objects/d6/e88004c9d451a8922aa6f10bcbb7939fbd004b,2893,Development cache/history; not engineering deliverable
.git/objects/d6/f13170fd4e4ccc6838d95d52d108d511ad366f,91,Development cache/history; not engineering deliverable
.git/objects/d7/18662bd5f5da0ac8549d9167b1479fce7b5ac0,2550,Development cache/history; not engineering deliverable
.git/objects/d7/2acb72382200206f72c72a30cc10c60b2728ed,48781,Development cache/history; not engineering deliverable
.git/objects/d7/3ad14f49baf9830014d1437a32a30da656b1bb,344124,Development cache/history; not engineering deliverable
.git/objects/d7/44c3b124552d81157aeef46a797c7737baefa2,8819,Development cache/history; not engineering deliverable
.git/objects/d7/4ad6257e1450ceb7f9fb5970240330148c2241,13030,Development cache/history; not engineering deliverable
.git/objects/d7/737982f5716269d4012fa29a305bd067141556,164,Development cache/history; not engineering deliverable
.git/objects/d7/762f602c1a75971414e9690982445b89ffb1ee,3228,Development cache/history; not engineering deliverable
.git/objects/d7/76b5c350b91fee3f733e5cec46102e806521c0,1500370,Development cache/history; not engineering deliverable
.git/objects/d7/79bbdf8cf9f28fe213753aa65fa1410d4256ac,371,Development cache/history; not engineering deliverable
.git/objects/d7/82456e6a06da5c1deadc4f1ed8c03e08284a03,9264,Development cache/history; not engineering deliverable
.git/objects/d7/9d6c8baf1aefd2ec7b090d7bab03f178fffcc3,223,Development cache/history; not engineering deliverable
.git/objects/d7/a16526b286d6a6d2aeef7b2b4a7c18129f4374,221,Development cache/history; not engineering deliverable
.git/objects/d7/b204aab249cd5ed1101fc4cbfd52f31dc28f46,202,Development cache/history; not engineering deliverable
.git/objects/d7/be3f8afe866059350f2f1dd4db14c9dec7b504,12046,Development cache/history; not engineering deliverable
.git/objects/d7/e996b65cce27d31dea404329ff408e11241a47,4309,Development cache/history; not engineering deliverable
.git/objects/d8/124d53e11ad5795f6afef6b2d50a214bc7fa4e,274422,Development cache/history; not engineering deliverable
.git/objects/d8/217da22b197301b97b4c41693e1c735f80d086,8588,Development cache/history; not engineering deliverable
.git/objects/d8/24164adfddd62202e0732758b3fd4d3c6b1515,1940,Development cache/history; not engineering deliverable
.git/objects/d8/27fadff663b29482a00c1b33641fae47dcc95c,103,Development cache/history; not engineering deliverable
.git/objects/d8/309c0e5ab61988275677e193b57c8721b9da0a,277658,Development cache/history; not engineering deliverable
.git/objects/d8/5bd090b021b1a537e9e28dfedfcc8ff4c01e0a,132,Development cache/history; not engineering deliverable
.git/objects/d8/5d153b0fb9f57073637cee045e34ae46908641,5580673,Development cache/history; not engineering deliverable
.git/objects/d8/625eae5b656b6f386cd042230432536530a752,4037,Development cache/history; not engineering deliverable
.git/objects/d8/674bae245546389259f2a0e1a54482f0df1914,98,Development cache/history; not engineering deliverable
.git/objects/d8/9a73f4593b128d116f15e506722ec3fe02a5c9,19231,Development cache/history; not engineering deliverable
.git/objects/d8/c19de1036decc9ab3acfe8b1716ec769e895d7,44475,Development cache/history; not engineering deliverable
.git/objects/d8/ce4f8d948a53a9d487abebf81ae64f10e0407a,3810749,Development cache/history; not engineering deliverable
.git/objects/d8/d6f6b94b83c011a34c3e9736f33f18941ca1b0,2340,Development cache/history; not engineering deliverable
.git/objects/d8/ddb4574a85ff3f639b9314373cc87a9cd54e0a,172,Development cache/history; not engineering deliverable
.git/objects/d8/de9967c5b5acad254e723229e1a77636891610,1755,Development cache/history; not engineering deliverable
.git/objects/d8/fc8a9e1ad310161f5e7316566cd6fdaaccb03e,231,Development cache/history; not engineering deliverable
.git/objects/d8/ffedc014bca847d7081030ae973e0f2c010156,57,Development cache/history; not engineering deliverable
.git/objects/d9/003900c77ce1d02b4e0a42a2806010397ec17d,48,Development cache/history; not engineering deliverable
.git/objects/d9/09b1d3cce498fee061106e45837d611e785811,9262,Development cache/history; not engineering deliverable
.git/objects/d9/1e2414f3e8fdc8405a4c015ddf696b01f246ea,3887,Development cache/history; not engineering deliverable
.git/objects/d9/267d3105c750f7ac744aed5ffffa8982adf7b3,315914,Development cache/history; not engineering deliverable
.git/objects/d9/2d1007536314d89a9ab0253c37089328418466,1381,Development cache/history; not engineering deliverable
.git/objects/d9/3be8fc85b81b0816326e5c746c53da9a462abc,4434,Development cache/history; not engineering deliverable
.git/objects/d9/3ef94db5625a5b3702eb2e714658dc313fd78a,5145,Development cache/history; not engineering deliverable
.git/objects/d9/77b130439fbc119020910f5e67f177e8e3e056,5135,Development cache/history; not engineering deliverable
.git/objects/d9/8232625f1862471e19955bc0e97c3cdeb170ee,4715,Development cache/history; not engineering deliverable
.git/objects/d9/91fcc8ec51dee29b283efed6e0c6a71d820b7e,26006,Development cache/history; not engineering deliverable
.git/objects/d9/9a1752812fb9a2649e2942d6c29d27ec706886,526821,Development cache/history; not engineering deliverable
.git/objects/d9/a7b25f01cb4b9bf12f7d05b41a3a70ac4aca94,426,Development cache/history; not engineering deliverable
.git/objects/d9/c465828a218f179ddb46bd4f8ae5727739c738,1312,Development cache/history; not engineering deliverable
.git/objects/d9/cefbc48d1d396b304e0a097b205587fbc103a5,8202,Development cache/history; not engineering deliverable
.git/objects/d9/f202269e5b4d682492af93e0509532e6f7b22f,74,Development cache/history; not engineering deliverable
.git/objects/da/13f17aa9649768b891c0bd2d8a6fd5a2c2052f,13419,Development cache/history; not engineering deliverable
.git/objects/da/3094d6246555e4fdc18b81769f81a9c180ae06,1318,Development cache/history; not engineering deliverable
.git/objects/da/557098a5ba50e4cb0f00b77a6515c379ecd802,291204,Development cache/history; not engineering deliverable
.git/objects/da/5a8ab19bb1e79c762fe978daaee53a6c1e2647,44103,Development cache/history; not engineering deliverable
.git/objects/da/5c884d7e55cc32dc507e400bb7d1db5be9a20a,483094,Development cache/history; not engineering deliverable
.git/objects/da/78f079111ff7a392a34786ac3e89cd48619b2a,250000,Development cache/history; not engineering deliverable
.git/objects/da/7b22e3e74071c3bcb5b7a008de175461500943,222,Development cache/history; not engineering deliverable
.git/objects/da/91fe2c56be1afa29ae3b5798da5154422de605,45,Development cache/history; not engineering deliverable
.git/objects/da/98882cd21fabba4a951efc180e617325785b45,182,Development cache/history; not engineering deliverable
.git/objects/da/9f461b9275257235775d723192e6d5e806c5e6,471312,Development cache/history; not engineering deliverable
.git/objects/da/ae3634465551bc96c9de43227d81e1ba527569,301246,Development cache/history; not engineering deliverable
.git/objects/da/b4bca148f42f9839ca13176d656d3e411cce7d,513,Development cache/history; not engineering deliverable
.git/objects/da/c358b8d23c5bec649be655c0f7062d6f2179f8,224320,Development cache/history; not engineering deliverable
.git/objects/db/0bb001034db8b3466501ac397a9425b44aff94,4306,Development cache/history; not engineering deliverable
.git/objects/db/120cb21cc338a281bf11bf3e1b86baf57a6a13,7951,Development cache/history; not engineering deliverable
.git/objects/db/220f6a192565a2587e3c2b973522d3eb706a82,407082,Development cache/history; not engineering deliverable
.git/objects/db/2537e277f23b332c2690b933a6aad4735ea64d,1212,Development cache/history; not engineering deliverable
.git/objects/db/25ec7708c100a907148bb5355afe6d965bca5b,60437,Development cache/history; not engineering deliverable
.git/objects/db/2f93fef6ce20dd81b67ddf8eb8cb1796daf411,2956,Development cache/history; not engineering deliverable
.git/objects/db/41c4dcf552c17c5922a682a792fe37495924c7,8113,Development cache/history; not engineering deliverable
.git/objects/db/41e21a7e238b8f17b6afc198567512a69ba53f,62,Development cache/history; not engineering deliverable
.git/objects/db/65349d2b7c1a183960347e24af70a50a895590,133,Development cache/history; not engineering deliverable
.git/objects/db/798a9f3c13b92dbc65368d791e3e91c164885e,39270,Development cache/history; not engineering deliverable
.git/objects/db/88f87cf6ed58c94fcb6da1164152f98e759909,3258,Development cache/history; not engineering deliverable
.git/objects/db/89fce2ca69576b85cfcfe3b2708ec6da5dfeee,36430,Development cache/history; not engineering deliverable
.git/objects/db/8eeeaa8169a188d84c115dc3e91c2c78a47540,263,Development cache/history; not engineering deliverable
.git/objects/db/8f71f42c7ceb434c87a8ce2e76ef912b4e8af7,333988,Development cache/history; not engineering deliverable
.git/objects/db/c6207e20e33dc25d72c8bc1dba588c59f942f9,61,Development cache/history; not engineering deliverable
.git/objects/db/df7369bc0ac6c2f90056fe6e956440eb32bf62,91,Development cache/history; not engineering deliverable
.git/objects/dc/1681aa39014525f1d0057900506085ed21c66f,22582,Development cache/history; not engineering deliverable
.git/objects/dc/1e1d1c8a23edabd3dbba3fb99c7582743143d9,359,Development cache/history; not engineering deliverable
.git/objects/dc/30d01e3a1a338a24ee8e68667459d6bde1fd66,280,Development cache/history; not engineering deliverable
.git/objects/dc/507047cb50a0ff395720be9a334f5ddcd466c3,621,Development cache/history; not engineering deliverable
.git/objects/dc/5ec71aade4a05d07f4b15103bc2bc6ed11c4d5,3798,Development cache/history; not engineering deliverable
.git/objects/dc/68b09c754218c9f0773fa68f6e6e885a01f5e1,106041,Development cache/history; not engineering deliverable
.git/objects/dc/768e15d1ccaac0dd96a8def2c26fa0e1e36c04,90,Development cache/history; not engineering deliverable
.git/objects/dc/98cc041b7f183706f22bf24493d428254e07b2,1411,Development cache/history; not engineering deliverable
.git/objects/dc/a775115837f529cfbc71262096b9ccf7a946e9,637,Development cache/history; not engineering deliverable
.git/objects/dc/aa24f5b2fdac5a3d74ff187c869093dfb0209f,33132,Development cache/history; not engineering deliverable
.git/objects/dc/b47b864f0896fd15b3febcbff95d7afa55f151,4928,Development cache/history; not engineering deliverable
.git/objects/dc/d421c298d580ddb9b85ecb2f00c2c17aec06c9,17370,Development cache/history; not engineering deliverable
.git/objects/dc/d530789b10daf002409144ed72d28c107ac5a1,2717,Development cache/history; not engineering deliverable
.git/objects/dc/e6f72fd46d4349421ca39ac6acc3a53e9605b3,21878,Development cache/history; not engineering deliverable
.git/objects/dc/ebc90bcab14c76723b9db338b828759d75e9e9,1922,Development cache/history; not engineering deliverable
.git/objects/dd/0106c3d11b1e96f63259b09a2784063470291d,1158,Development cache/history; not engineering deliverable
.git/objects/dd/23ce7332acbb26677c2c719c10c71b96e99b44,216,Development cache/history; not engineering deliverable
.git/objects/dd/35924325fd2e0cf6c1bce3b20a5cff983ec74f,127,Development cache/history; not engineering deliverable
.git/objects/dd/498eb5e132f9f1dbf5c01cd0ac56e94ee7241e,357,Development cache/history; not engineering deliverable
.git/objects/dd/6d3c554e052b6b3358109d11dd324992a1ab39,51,Development cache/history; not engineering deliverable
.git/objects/dd/71a620e65038f60407854d2ef891bfb4f364c1,362,Development cache/history; not engineering deliverable
.git/objects/dd/7af809b43538c1b691a60dfbcbcae176a0114b,662663,Development cache/history; not engineering deliverable
.git/objects/dd/b63452bafc7814b602c7e305bcaae3d370783d,29808,Development cache/history; not engineering deliverable
.git/objects/dd/bd62926b1b6bcffe62a4661cc867dd200b9b87,48,Development cache/history; not engineering deliverable
.git/objects/dd/c1b183b21c077a29f6490abd95dc089cdb6e8d,502567,Development cache/history; not engineering deliverable
.git/objects/dd/d7a21c748094fed555fab43d4bfc0103307fa0,45,Development cache/history; not engineering deliverable
.git/objects/dd/f047643895b3ae240541277247c7b45bed01ff,332,Development cache/history; not engineering deliverable
.git/objects/dd/f19073531aa83103f9284a3d26e3584d160613,7797,Development cache/history; not engineering deliverable
.git/objects/dd/f5c39c478f18180c32e5b5eabb0ad5241ec076,640,Development cache/history; not engineering deliverable
.git/objects/de/19b6120e0e960de6440046d941a0ff27c95a0e,411,Development cache/history; not engineering deliverable
.git/objects/de/32bf5f5bdee2728957ff3bb5ab45abe755502b,18642,Development cache/history; not engineering deliverable
.git/objects/de/36197e5b8caf170723b164cadacdce8dad92f8,1236,Development cache/history; not engineering deliverable
.git/objects/de/378b0a88dc3fb705609b231e46ce8830ea6c24,6681,Development cache/history; not engineering deliverable
.git/objects/de/47c3ea0beee4f27c7a3d666b7a4dcbd1d22f3f,48,Development cache/history; not engineering deliverable
.git/objects/de/5b99c568e6fcdebcb5bf09c4801c8e965744d1,3498,Development cache/history; not engineering deliverable
.git/objects/de/8e091ad4210b12ad25ae3d6fb3c55490f7dba0,201,Development cache/history; not engineering deliverable
.git/objects/de/ce4870680e12537704263b30c828460217602b,1098,Development cache/history; not engineering deliverable
.git/objects/de/d531624bc896a2d2eaa681b933dce5eae746a8,1134,Development cache/history; not engineering deliverable
.git/objects/de/da8ff9b29c6831ffa4fe69973e6b41130038c4,4097,Development cache/history; not engineering deliverable
.git/objects/de/eb59aebc0661f80c9da0a6a0906d719588d0d2,1191,Development cache/history; not engineering deliverable
.git/objects/de/f017b7822fbb378ae1cbc0f6a9f63a5b80ba5b,20863,Development cache/history; not engineering deliverable
.git/objects/de/f3bb95d64d095e877aa35b58c260b2b97aa833,1191,Development cache/history; not engineering deliverable
.git/objects/de/f5494d022654c39ad51ed209d45b589f13be5e,64157,Development cache/history; not engineering deliverable
.git/objects/df/07fc52eab784de7f15ba664fa1d089325850a3,1366,Development cache/history; not engineering deliverable
.git/objects/df/2445e41ad68ec9a58b9733e9526057acbebcf1,2544,Development cache/history; not engineering deliverable
.git/objects/df/346e38ba9af592c173b99e487380ef713f56ed,1236,Development cache/history; not engineering deliverable
.git/objects/df/3c41995663e8c5d51c184e9632b229db796898,17641,Development cache/history; not engineering deliverable
.git/objects/df/5096f624a47dff1e163a33b274b29dd49367d4,273,Development cache/history; not engineering deliverable
.git/objects/df/60fd9083cbc33005306a61a1bdfbfbddb97324,658,Development cache/history; not engineering deliverable
.git/objects/df/764b2c2e9b1e9d4d0df1f0ed1447dc51579367,108,Development cache/history; not engineering deliverable
.git/objects/df/ab077e2efe0f0d0ea3fed8a21ce0952be9b508,1187,Development cache/history; not engineering deliverable
.git/objects/df/b4ea6f92805e680c9098a724dab5071969d106,616,Development cache/history; not engineering deliverable
.git/objects/df/c1ff0b4b319a3b063e767e7ad2f048c8a21e0e,82,Development cache/history; not engineering deliverable
.git/objects/df/e1073bc325df61712a1eca68d4ba897722da1c,21935,Development cache/history; not engineering deliverable
.git/objects/df/f6f4f9a9c5e6cc0bd97d0b73c0497880de844f,382,Development cache/history; not engineering deliverable
.git/objects/e0/10f250135c8da57a4448dc0d13f11ae7316441,5035,Development cache/history; not engineering deliverable
.git/objects/e0/3f25eea2f73c5ad0860c537a16adb49a1b453a,202,Development cache/history; not engineering deliverable
.git/objects/e0/8fd1f75e3c022eed420cc7a9aad03aed2c4c0a,470,Development cache/history; not engineering deliverable
.git/objects/e0/c6a0161711b2b65cd17fbfc9c0fe199be7cce2,1577,Development cache/history; not engineering deliverable
.git/objects/e0/d2b20fa69d7086458bea237dddca6d35d6fd23,223,Development cache/history; not engineering deliverable
.git/objects/e0/dd79925f74935f1d2c497e2340b510fc0b2a40,227,Development cache/history; not engineering deliverable
.git/objects/e0/e0df16f514c5935ec1025cb88e4e08d43ef39e,2962174,Development cache/history; not engineering deliverable
.git/objects/e1/0cf76fe4847ddc71d3c7b7cbf01ade3b1fb593,230,Development cache/history; not engineering deliverable
.git/objects/e1/121ccb0489705204717ec9b45549bed08b8519,8476,Development cache/history; not engineering deliverable
.git/objects/e1/4c92d6708add23a809e00b4ba838575726397d,5733,Development cache/history; not engineering deliverable
.git/objects/e1/541153402309d8b4e1cc881b2e7620e83d5edf,8538,Development cache/history; not engineering deliverable
.git/objects/e1/5b0a43dfb51bc650c92a7c728af887ee3b7b70,4888,Development cache/history; not engineering deliverable
.git/objects/e1/88956d894265a52bdcc1d1531bd5b715ef059f,9255,Development cache/history; not engineering deliverable
.git/objects/e1/af9916ac05561981192b2dc01f2228ec659e2c,7297,Development cache/history; not engineering deliverable
.git/objects/e2/0e4c8c2be451e9150fdcccea0cde819fc79d10,3454199,Development cache/history; not engineering deliverable
.git/objects/e2/165844cf53398daf8f26c1b6976c87d1e0867f,514838,Development cache/history; not engineering deliverable
.git/objects/e2/2191470396bda652e0d8391931d5c348e2cd17,24344,Development cache/history; not engineering deliverable
.git/objects/e2/266d3866b4da845e2316db268be746cf9b8c6d,24765,Development cache/history; not engineering deliverable
.git/objects/e2/3837fc8f428e1c91d7f034c94ffabafb6339d3,132,Development cache/history; not engineering deliverable
.git/objects/e2/4502bd1fa11557dfc7cb438798444da2182953,1121409,Development cache/history; not engineering deliverable
.git/objects/e2/759575e66125c9bf0607bf2ebf0849e43d9dd2,52,Development cache/history; not engineering deliverable
.git/objects/e2/798cbb9871e9345cddc276b6f3ad99b023b739,21987,Development cache/history; not engineering deliverable
.git/objects/e2/8b8df5c80f910ae1d409fd92310b43108d6a49,1696,Development cache/history; not engineering deliverable
.git/objects/e2/92cca8981023a3f02de8ba7ef5437caae429b2,92,Development cache/history; not engineering deliverable
.git/objects/e2/9bab958e28b8c7e061b3003afff4a28ea979f4,1081534,Development cache/history; not engineering deliverable
.git/objects/e2/ac58438ed388fb2345f2489940092a66e303fc,818,Development cache/history; not engineering deliverable
.git/objects/e2/ad446344b97aa6164d2ba8339923317545dae2,417,Development cache/history; not engineering deliverable
.git/objects/e2/c41646f58c10f7e3e88137837e4fb818b0fa8a,356873,Development cache/history; not engineering deliverable
.git/objects/e2/c72000d605b02d6ed6d10b6df8a14aa3332477,257728,Development cache/history; not engineering deliverable
.git/objects/e2/d22bcf94520efaf004cdfed9ea5740313e4521,227,Development cache/history; not engineering deliverable
.git/objects/e2/d47441ece5283e7ec0fd1516fafd19707cac74,1560,Development cache/history; not engineering deliverable
.git/objects/e2/dd1dd119f9d29408fdd77f1fcdf7064d66faf1,414,Development cache/history; not engineering deliverable
.git/objects/e3/02e6e7796286779fe9439cf5a635259a6d6a83,63,Development cache/history; not engineering deliverable
.git/objects/e3/09fbd0484d65ca3d0208803390dcf417da2403,1353,Development cache/history; not engineering deliverable
.git/objects/e3/10cc62318ba89cd4f5c9516779a84e324dba73,50,Development cache/history; not engineering deliverable
.git/objects/e3/10f4996b5e0e1bec415f2ac959a8ae02119240,92,Development cache/history; not engineering deliverable
.git/objects/e3/3116aa79537e8a74e605d6f57ee726b2a13607,45,Development cache/history; not engineering deliverable
.git/objects/e3/414652ddd08410534711fbb82307a43a9281f1,448831,Development cache/history; not engineering deliverable
.git/objects/e3/4d47000b2b03bc1f15d428c71a60cc55d11a30,3655,Development cache/history; not engineering deliverable
.git/objects/e3/4f5fb880b29ff9d1688e905f7db9e32e8d4cd2,2322,Development cache/history; not engineering deliverable
.git/objects/e3/6ad2ca4f86eaddb1df31f6c04eea7fc3a45262,240,Development cache/history; not engineering deliverable
.git/objects/e3/74bfa7f367c3a117ffefdfd85e8c41ce385aa3,212,Development cache/history; not engineering deliverable
.git/objects/e3/9fbddaf0d79cb4ae1d0e1c5c08c636e536daa3,28799,Development cache/history; not engineering deliverable
.git/objects/e3/c3e287322f78d4990282933f802a8b4d89dfef,576262,Development cache/history; not engineering deliverable
.git/objects/e4/0550c1c7a919f65452319813dbe22e3da35f94,9703,Development cache/history; not engineering deliverable
.git/objects/e4/1661a291c891dd5792431ed2f5837a8d4a2d44,216,Development cache/history; not engineering deliverable
.git/objects/e4/2e1b95d769a5595f2233ecae07f7bb1138dbc3,811,Development cache/history; not engineering deliverable
.git/objects/e4/81c21fdc0bfea012f91b4d7f43572d4ff940ba,10205,Development cache/history; not engineering deliverable
.git/objects/e4/ac034c7a357d93f14051f62dbe17c2b47e4618,302,Development cache/history; not engineering deliverable
.git/objects/e4/c985cfa768d6be9f4160069d27405815c07c99,440918,Development cache/history; not engineering deliverable
.git/objects/e4/ce24f110014f24079174b1ebec4c9a5132e355,400934,Development cache/history; not engineering deliverable
.git/objects/e4/d8cf4ef5e82d8ddd972f370e3d4de7ed46fc41,328,Development cache/history; not engineering deliverable
.git/objects/e5/053efc9301ea4aec7f1e2cdd27712c08da3364,2008,Development cache/history; not engineering deliverable
.git/objects/e5/0a543e39ff65e85ea71e19bca0929ed19e0333,824,Development cache/history; not engineering deliverable
.git/objects/e5/0b9a649490423072f7b26c5acf140593688428,9401,Development cache/history; not engineering deliverable
.git/objects/e5/45b2405f32fa8254111af376fc8abac6176f5b,2959,Development cache/history; not engineering deliverable
.git/objects/e5/62d5eabcf537e16b03ca5a0e76af4c9752b38c,92047,Development cache/history; not engineering deliverable
.git/objects/e5/9a31f63bcdb349685d3b80ed44282d49c2d1fc,230,Development cache/history; not engineering deliverable
.git/objects/e5/c48db4e8c91675e1071223936aa7b8dc917809,13410,Development cache/history; not engineering deliverable
.git/objects/e5/cd3c6c1f295f50c01393e71feff7dc89669464,13239,Development cache/history; not engineering deliverable
.git/objects/e5/fe377989a3a4c0cb4ed1a7f0a82e61adec5dfc,4350,Development cache/history; not engineering deliverable
.git/objects/e6/182387e8401ead80911efc66f8e3f10376a8ac,204,Development cache/history; not engineering deliverable
.git/objects/e6/276b80425493864f3c7a0ed6b4091c79f1f5ac,2187,Development cache/history; not engineering deliverable
.git/objects/e6/33e016e12c3b08e98933f2c4b04592c2c8c629,331,Development cache/history; not engineering deliverable
.git/objects/e6/368964bfcebb7601771257f84aa41846bb2033,7282,Development cache/history; not engineering deliverable
.git/objects/e6/3c61a137bc9d52cc47d1a505b1fc6b207d1711,24539,Development cache/history; not engineering deliverable
.git/objects/e6/7b628eda42447bf2a658182c65eda3d20afc3f,2674,Development cache/history; not engineering deliverable
.git/objects/e6/86bce6bebab7425470a443a9170996d899aae9,215,Development cache/history; not engineering deliverable
.git/objects/e6/903f4437fe7a0a9b4191dded812b44ff422334,262,Development cache/history; not engineering deliverable
.git/objects/e6/be93d15a5dfca8bc04476c8fa1b706c375d556,33810,Development cache/history; not engineering deliverable
.git/objects/e6/dc89361aa41bcdda6053ffa82c6c18a0db6b59,22921,Development cache/history; not engineering deliverable
.git/objects/e6/e302b9a8f9ef3daf69d66c2655c7c0727b5148,1502,Development cache/history; not engineering deliverable
.git/objects/e6/e4d50c5d8915f0eebe36714d9ea4dff0cb46cf,1369,Development cache/history; not engineering deliverable
.git/objects/e7/15feb2f2460905188f5f58ae50697aaeba333e,3425,Development cache/history; not engineering deliverable
.git/objects/e7/1b4bf16d3a20f8bb7b12040479e74800c7934c,18863,Development cache/history; not engineering deliverable
.git/objects/e7/1cc42643874cd8c45a1327c888e1d1ce33c982,9739,Development cache/history; not engineering deliverable
.git/objects/e7/299e9cf68f80632dcb57a179f2e67acf2dfc61,340,Development cache/history; not engineering deliverable
.git/objects/e7/392ab2c9ed3b92da007e01f979300dd1d8c528,175569,Development cache/history; not engineering deliverable
.git/objects/e7/591d88e7389ce4c535767c0349f0df67967dc2,336119,Development cache/history; not engineering deliverable
.git/objects/e7/70e7fc079700ed4105e6118705f73e8da9ba92,2940,Development cache/history; not engineering deliverable
.git/objects/e7/74e91aba7f8a53164193fc05c2d30008cd3f3b,30063,Development cache/history; not engineering deliverable
.git/objects/e7/87b4056c3692cf4d1a454569c43dafe42e2f91,6628,Development cache/history; not engineering deliverable
.git/objects/e7/8afd6ed9f10d5ff2e6b9cdea5cf1104505fea8,359,Development cache/history; not engineering deliverable
.git/objects/e7/c90ee2b3724ad87ceaf007e4f13dcd40d46334,867,Development cache/history; not engineering deliverable
.git/objects/e7/ece0d81cc088e7e13ca2235a5895093217fc74,147,Development cache/history; not engineering deliverable
.git/objects/e7/f9fbd704c99a13684dae20c66a89c73486638f,535,Development cache/history; not engineering deliverable
.git/objects/e8/19f3a478d8433e9b407eb38aa630e0aae678a9,1506,Development cache/history; not engineering deliverable
.git/objects/e8/1a1a5f7f8d679c5e531ab8b139371b17eb6bfd,75,Development cache/history; not engineering deliverable
.git/objects/e8/2c4df4f0db46dada2a8b7d7b45d0c012ba2e0b,2420,Development cache/history; not engineering deliverable
.git/objects/e8/30d4f7c5f8fe700054946e11c125c923c72295,649,Development cache/history; not engineering deliverable
.git/objects/e8/3c5703160c73e493036468338531ced556351a,153004,Development cache/history; not engineering deliverable
.git/objects/e8/5dd0b6dfe2c4119b65fd7232805aca9e7076d7,623,Development cache/history; not engineering deliverable
.git/objects/e8/71cb0cc590f334b06705d76ff78ef32968b5c4,197,Development cache/history; not engineering deliverable
.git/objects/e8/93443e795926ff3758ac12e5f93d8bb5840452,357,Development cache/history; not engineering deliverable
.git/objects/e8/ddf7f37f24e6ddb2997dcb860e72c059b81cdc,134,Development cache/history; not engineering deliverable
.git/objects/e8/ecb54770d6d4569bd5aba0da6d93f4a9b5a139,208,Development cache/history; not engineering deliverable
.git/objects/e8/f956ff6e794d06615b818a2ecdca97234ac9d8,5039,Development cache/history; not engineering deliverable
.git/objects/e9/0cd19d6ea0aa333733ba752607fa7868eadb4f,207481,Development cache/history; not engineering deliverable
.git/objects/e9/0df9dabe0b008131fa8f980ed6b7aa4529311b,649,Development cache/history; not engineering deliverable
.git/objects/e9/197dad39f555889caffde0c0b5065ca7823950,202,Development cache/history; not engineering deliverable
.git/objects/e9/1b9c8ed0d3608282e3d91a727277250a1c0dbb,992,Development cache/history; not engineering deliverable
.git/objects/e9/2501e07490aa69bec9eacba1a669d39b25bcab,233,Development cache/history; not engineering deliverable
.git/objects/e9/2a77ecaf9af32ac37ea6e0bbeef397d1bf9d15,132,Development cache/history; not engineering deliverable
.git/objects/e9/72b7a078812170485a9f86d8857aaa80b5d1cf,92,Development cache/history; not engineering deliverable
.git/objects/e9/77aa8abb5bc9dae3c8d355577fc9cd3c8cb7c2,24227,Development cache/history; not engineering deliverable
.git/objects/e9/7ad08736d39bc8ed8d7c2d6ec0a30c6905e1af,5502,Development cache/history; not engineering deliverable
.git/objects/e9/7e7f1486fb34d441908917814aefcd02d31575,53,Development cache/history; not engineering deliverable
.git/objects/e9/81683a4dbb60c650727d2b47ea0072cd606818,101,Development cache/history; not engineering deliverable
.git/objects/e9/9a74fddf642de31d810a5593c8e21866b58d25,359,Development cache/history; not engineering deliverable
.git/objects/e9/9f2d29f9018f7cf85852fedb795cdd6744252a,48,Development cache/history; not engineering deliverable
.git/objects/e9/c39e0345e2301d06034d0f1f4638bfac3f5d1a,625,Development cache/history; not engineering deliverable
.git/objects/e9/dd95d52af839817c8c8da34c2a911f53bfb41a,154625,Development cache/history; not engineering deliverable
.git/objects/e9/fb4d4c9857c917aadf87bec391ba0953843e7d,83079,Development cache/history; not engineering deliverable
.git/objects/ea/1202d92adb2fb1415e4592765c0a7003f6a94b,91,Development cache/history; not engineering deliverable
.git/objects/ea/1ef5014d64dc1c925955e6e5ed1c9e78bd4035,130,Development cache/history; not engineering deliverable
.git/objects/ea/b5cc7f818bb1beab863b5bb9561b6593238931,2006,Development cache/history; not engineering deliverable
.git/objects/ea/c8e63a0432036a2268094d2be83c74744358c2,21981,Development cache/history; not engineering deliverable
.git/objects/ea/da6efe263c6ec0b14bb0525c65cfc77c03dab0,475,Development cache/history; not engineering deliverable
.git/objects/eb/03ea4672c4bdb0d723e336d8b7652cab2dbc9d,100,Development cache/history; not engineering deliverable
.git/objects/eb/09d390b5b15d4024d4ec089fbc0b6ff0c7e1f0,233,Development cache/history; not engineering deliverable
.git/objects/eb/38a2d42d9750b6d42e38d8324a6eaeb01f6534,1318,Development cache/history; not engineering deliverable
.git/objects/eb/3b0613918bf032f2d0d2bafce489bda7fd4cc6,6902,Development cache/history; not engineering deliverable
.git/objects/eb/3bacec48cf4394f3789274e0f2760baaab9f17,1198,Development cache/history; not engineering deliverable
.git/objects/eb/608dd1e09df8bcebf2fa556d9b62d7a36348ad,184,Development cache/history; not engineering deliverable
.git/objects/eb/7110236777c06d23477d1eb24742a20ab2fe51,8606,Development cache/history; not engineering deliverable
.git/objects/eb/9b10f9c9b0f803dc80a0782f877a4cc674dd63,359,Development cache/history; not engineering deliverable
.git/objects/eb/9f110f7612c72e834fdecf30de52d87d71a8bf,12048,Development cache/history; not engineering deliverable
.git/objects/eb/b0fb0498d4e5ec8801a24f5a85469b849dae85,318748,Development cache/history; not engineering deliverable
.git/objects/eb/b412045cddceccb7b584ea1d51702573ba1aa1,5014,Development cache/history; not engineering deliverable
.git/objects/eb/d77b5fa9bf2ba210d8cf6588bb3d8285c4c8b8,164,Development cache/history; not engineering deliverable
.git/objects/eb/d83907645dd240b0b1db5c12d1df2dc0d8053f,354,Development cache/history; not engineering deliverable
.git/objects/eb/dc06c24c988c12da91a35c85bbc4e2a8bfef2e,853,Development cache/history; not engineering deliverable
.git/objects/eb/f226019f11b894ca439e66536ac78a1fbf96ac,75,Development cache/history; not engineering deliverable
.git/objects/eb/f4fb95d6b8531ac4df40d71a2f3f0411d47987,570,Development cache/history; not engineering deliverable
.git/objects/ec/164cfa3efc0b4699b3a01cc6d98596333f0747,646,Development cache/history; not engineering deliverable
.git/objects/ec/186272c06383b7fb77e3c54d2cc1165ce3f767,16792,Development cache/history; not engineering deliverable
.git/objects/ec/194647092cf8d3a788b261ab9df12d960d7d06,567,Development cache/history; not engineering deliverable
.git/objects/ec/1c4def7e57fdf4180e9b5a2ec5c53f84353fea,14169,Development cache/history; not engineering deliverable
.git/objects/ec/22ab1952ab14d00155b4cea994f61118a23a81,4363,Development cache/history; not engineering deliverable
.git/objects/ec/33af99a1fdc276292bd39750faf121c8d2f82c,309,Development cache/history; not engineering deliverable
.git/objects/ec/482a7f6284702c6e78b271c5e9d979680a1981,545,Development cache/history; not engineering deliverable
.git/objects/ec/4a9f7b8d9281baa52daa04d8c5c07fe7b066e3,19268,Development cache/history; not engineering deliverable
.git/objects/ec/4d915012f006581ae7c7572dfdcd09ac5b13a5,24970,Development cache/history; not engineering deliverable
.git/objects/ec/648890a8d6d15dfb8358e7b0630f43e2186d02,104462,Development cache/history; not engineering deliverable
.git/objects/ec/cdeef51ffa6ece9a870c6d93df2345417da537,6652,Development cache/history; not engineering deliverable
.git/objects/ec/d2cc4b7e0fb4ff779075e6ed7d4e1a4fad15b6,616,Development cache/history; not engineering deliverable
.git/objects/ec/d8c0c2121fd314db1b18c82b26b9c2193233c0,1134,Development cache/history; not engineering deliverable
.git/objects/ec/e39ed871c35c992b896990315263c7257f4849,15745,Development cache/history; not engineering deliverable
.git/objects/ec/e45d84e2c7243660993ea0367046777ef25710,302,Development cache/history; not engineering deliverable
.git/objects/ec/ef74071d59af7920a551fedc80064c3c341aad,75,Development cache/history; not engineering deliverable
.git/objects/ed/2964c0632f15fed591257fa835413a219f1f43,381,Development cache/history; not engineering deliverable
.git/objects/ed/33529b5ebaf57611b33537130a65c627366013,505408,Development cache/history; not engineering deliverable
.git/objects/ed/45a761548d1537f5af1c8d04a2e3970aba0c73,833,Development cache/history; not engineering deliverable
.git/objects/ed/65f6e443eb64cc2c57e0d6a507d0685fb86291,7935,Development cache/history; not engineering deliverable
.git/objects/ed/8a1bae1f02106ef2996017624732dac95876f3,22664,Development cache/history; not engineering deliverable
.git/objects/ed/a6dbe4257e72d2610862ee9df78f24a0a1f44a,118,Development cache/history; not engineering deliverable
.git/objects/ed/d48b2bbceefadaf0812aa084f22fda3f327fd6,215378,Development cache/history; not engineering deliverable
.git/objects/ee/3146c267c5ecd305eae809c6f7f475b845b882,1320,Development cache/history; not engineering deliverable
.git/objects/ee/8f83be1b38519a49d2a1af37b349628d5a10ca,203,Development cache/history; not engineering deliverable
.git/objects/ee/96cdd6b51214908137dc8ee26ebb8d9c25ca1f,222,Development cache/history; not engineering deliverable
.git/objects/ee/b29cb1a843f33c98b80560312b31f6946815cf,214,Development cache/history; not engineering deliverable
.git/objects/ee/e889922a30d1c00534d5e005badfe018f5a0b7,353,Development cache/history; not engineering deliverable
.git/objects/ef/2e32f8118f652fa7e5f5a6786f5f02570cbbe5,227,Development cache/history; not engineering deliverable
.git/objects/ef/3d6593f1710d44a059ef47b6a2cac3b323416b,4038,Development cache/history; not engineering deliverable
.git/objects/ef/41680228f72e0aa6a3bd93c8cae956ee5f9f18,17650,Development cache/history; not engineering deliverable
.git/objects/ef/441acde5180c64694b10861a7be39182b48378,2567,Development cache/history; not engineering deliverable
.git/objects/ef/6506b952cde12362aa2ca11f373b657b02718a,838,Development cache/history; not engineering deliverable
.git/objects/ef/80eb3f377747b12d1c205ce7ba01337ca84e9a,5751,Development cache/history; not engineering deliverable
.git/objects/ef/85fdfa13c6fbcfce36bbfa7f4299c140b54d3a,229,Development cache/history; not engineering deliverable
.git/objects/ef/8b6fd81c7ed4789684a67772af336e46aaa982,23115,Development cache/history; not engineering deliverable
.git/objects/ef/a80b20a24fae9def5f41d543f0a329dce04392,946,Development cache/history; not engineering deliverable
.git/objects/ef/aaf7813615fc24f84802d3a678297f1c81e038,62,Development cache/history; not engineering deliverable
.git/objects/ef/c2fe3b395adfc329d53a1aece5af867c878217,3957,Development cache/history; not engineering deliverable
.git/objects/ef/cddfb8227ed27f93dca97fbb65798b0a89ac29,784,Development cache/history; not engineering deliverable
.git/objects/ef/ce2b755e74a241fb25c928e4d36075365c795f,14171,Development cache/history; not engineering deliverable
.git/objects/ef/d8228ae051beaf8f6f7abdbfd42df5daab83c9,330,Development cache/history; not engineering deliverable
.git/objects/ef/dbcfb599b4b1f81c54a56b6ac764f6c1763f10,19489,Development cache/history; not engineering deliverable
.git/objects/ef/e47dd26605454053d9bc9490bd3c655ab5bf21,133,Development cache/history; not engineering deliverable
.git/objects/ef/ee729884fbad50f2a31cc4d14a91f3f0d95a16,144,Development cache/history; not engineering deliverable
.git/objects/ef/fb174f4ca70398d6ba060badb89457c1265753,91,Development cache/history; not engineering deliverable
.git/objects/f0/2db7106c3024616aab7a45f3d262b224eabf7a,16132,Development cache/history; not engineering deliverable
.git/objects/f0/84a82bb3a8534d13ff83f51a300d2630adff16,2827579,Development cache/history; not engineering deliverable
.git/objects/f0/982420fa327258cb85c303848939202d49c8ce,342690,Development cache/history; not engineering deliverable
.git/objects/f0/a5d8f7b5254224325f2366e96b4a2cef9d1eee,279,Development cache/history; not engineering deliverable
.git/objects/f0/c06e38a187c34164af399e1590272041c45f1f,91,Development cache/history; not engineering deliverable
.git/objects/f1/323a5bbb910ada33cb11752a8f73a1601f1f5e,22824,Development cache/history; not engineering deliverable
.git/objects/f1/3af48e19d4ba84ad2730c3bf08e28f7030c49f,441,Development cache/history; not engineering deliverable
.git/objects/f1/3c7a4905f5289c7ec208485d0e4ca6c1279b9e,755,Development cache/history; not engineering deliverable
.git/objects/f1/5a028e639070d3b341e329dcd8c23ca145ac1f,8158,Development cache/history; not engineering deliverable
.git/objects/f1/70b35b24bb37691e280c9d9d0bf02785867e0a,4357,Development cache/history; not engineering deliverable
.git/objects/f1/789c713ba152080b216131472d755184889dc5,240,Development cache/history; not engineering deliverable
.git/objects/f1/79a28e9606534f8327f8f15823526dbbfed4dc,189,Development cache/history; not engineering deliverable
.git/objects/f1/85c55a6f9a494bd0ef286cd043d8f953dd5639,2961,Development cache/history; not engineering deliverable
.git/objects/f1/b7a5aec5e4be4c1385a646428e3833c0231e22,1853,Development cache/history; not engineering deliverable
.git/objects/f1/d7912af52b364285adc9e94c2e084eab5fbfc4,761,Development cache/history; not engineering deliverable
.git/objects/f1/f2c99737576700359c41d2ead5ae23a12b1dd1,224,Development cache/history; not engineering deliverable
.git/objects/f1/f3080afa50944de046ed1c7ee492c2492c90e7,273449,Development cache/history; not engineering deliverable
.git/objects/f1/f8070bc0153e676d69e97291b6ccaaa5c30bed,570811,Development cache/history; not engineering deliverable
.git/objects/f1/fa38fed24fe854bdf3c00277ad9ff8d34a2702,9072,Development cache/history; not engineering deliverable
.git/objects/f2/10157168ed298298e404db97154d87265d58a4,229186,Development cache/history; not engineering deliverable
.git/objects/f2/2d8912d26d33943419fb5d450fd8e4e5a286fb,302,Development cache/history; not engineering deliverable
.git/objects/f2/33d7fbe22147977de52ec91b09c19f19f19f0e,33383,Development cache/history; not engineering deliverable
.git/objects/f2/43344678cdb112dfec91bd30a5992c904dfc09,5051,Development cache/history; not engineering deliverable
.git/objects/f2/610514d96d2f01ee585ab790c126eb2ab418dc,637,Development cache/history; not engineering deliverable
.git/objects/f2/953cf4fc722dc81b9c2dd5c2b9bfd81eb2aed7,1190,Development cache/history; not engineering deliverable
.git/objects/f2/b109a77c11b8e58a83d19f26a064c9ca29a327,12432,Development cache/history; not engineering deliverable
.git/objects/f2/b12ab13044916aab09354d6010f5a3835b0580,268274,Development cache/history; not engineering deliverable
.git/objects/f2/b702e2428ada253ef75729476dc52209cac11f,230,Development cache/history; not engineering deliverable
.git/objects/f2/b863cb4cf14a5426f68ffb727ec1b54e98b41d,359,Development cache/history; not engineering deliverable
.git/objects/f2/c72c66e286d84d1957af8aac96c0d15ff42372,7341,Development cache/history; not engineering deliverable
.git/objects/f2/c7638c3406d8f63b3c8682821bd1c51414f511,14838,Development cache/history; not engineering deliverable
.git/objects/f2/d21b536bf0a36669a90d10b53375555099dce4,431387,Development cache/history; not engineering deliverable
.git/objects/f2/d955e060a9224de589c3d97236c24036fb55c2,9342,Development cache/history; not engineering deliverable
.git/objects/f2/ebc05e6c6921a134e9c2a6c494d48e46157ee8,3332031,Development cache/history; not engineering deliverable
.git/objects/f2/f245bdc46bc7b27e09e6be6e67c142d62ea39a,4038,Development cache/history; not engineering deliverable
.git/objects/f3/2d957980c0364720472da91ba3a84286cfb12f,1318,Development cache/history; not engineering deliverable
.git/objects/f3/5bce2d223b84e74d2634b94c846e19628e8755,46190,Development cache/history; not engineering deliverable
.git/objects/f3/6cb284a4bce007cd45ec6c0da87a0a34166852,4752,Development cache/history; not engineering deliverable
.git/objects/f3/6eb65c1a62e6314079b77a0b7ffdff8aca97e8,13770,Development cache/history; not engineering deliverable
.git/objects/f3/6f631f4c691b3d658fbf02f83ea728d363d91b,8125,Development cache/history; not engineering deliverable
.git/objects/f3/728bec0b1507cccfb39771396aff9bdbb366da,36251,Development cache/history; not engineering deliverable
.git/objects/f3/788be3e633c913fb85adc8298afb6d9b3d425d,1318,Development cache/history; not engineering deliverable
.git/objects/f3/86bfb010054b4e342a6601afe274e0f1952e25,22746,Development cache/history; not engineering deliverable
.git/objects/f3/9c128aca48e667043dcb5ebe583a56032ae8d8,103,Development cache/history; not engineering deliverable
.git/objects/f3/f627933db9114e0c908921daaf7f3c57a3ccf1,2182,Development cache/history; not engineering deliverable
.git/objects/f4/17db0335e7d809c37ae2fac322ec0403daa6d5,2080,Development cache/history; not engineering deliverable
.git/objects/f4/28392fb577cf635aaf436f94fbaf3588e2d35a,62,Development cache/history; not engineering deliverable
.git/objects/f4/290e7983479c043ef839772a7445b95155cf74,165,Development cache/history; not engineering deliverable
.git/objects/f4/3801ee3af33dc132c34abae0343eaca0bd1176,157,Development cache/history; not engineering deliverable
.git/objects/f4/4a819a1a23d66cacfb64dc80c3904e2ab8ffcd,1290817,Development cache/history; not engineering deliverable
.git/objects/f4/58652e21bb92f5a33d6ea50543c59925f384c7,142,Development cache/history; not engineering deliverable
.git/objects/f4/611f5e6973dbb957f3c2035ac525c97cfe216d,14385,Development cache/history; not engineering deliverable
.git/objects/f4/79973804e7e924d525532cc00a3c31ff9434e3,172497,Development cache/history; not engineering deliverable
.git/objects/f4/82c334c78358c24b0f6d07585a04bd55a2f604,166596,Development cache/history; not engineering deliverable
.git/objects/f4/906b1869605f4b1f3527dd9579035ebd85d698,36645,Development cache/history; not engineering deliverable
.git/objects/f4/9ba62054ef04911d5733d6be23acf2b63808f0,48,Development cache/history; not engineering deliverable
.git/objects/f4/9d3589f60e9ad9410653e7dc9d590d2baa74b6,3201,Development cache/history; not engineering deliverable
.git/objects/f4/9f463284d8acbb9707e4edf50a1a01b1d8197d,223,Development cache/history; not engineering deliverable
.git/objects/f4/bb80449de83d3ea615359f87054556c804695e,29808,Development cache/history; not engineering deliverable
.git/objects/f4/e10b32353650057b051f49be6d7d4e46837e3b,8686,Development cache/history; not engineering deliverable
.git/objects/f4/e9d971763a2bf50269297f5a98c018ec240ca0,55626,Development cache/history; not engineering deliverable
.git/objects/f5/002c1c86dae7e1fca7d62f2b604511b573919b,359,Development cache/history; not engineering deliverable
.git/objects/f5/6b59fcf554b47903f87f8dde920225b64930b2,550,Development cache/history; not engineering deliverable
.git/objects/f5/6f1c35e4ebd6f8ae21c61e388cdf47d41982e5,7935,Development cache/history; not engineering deliverable
.git/objects/f5/b56bff53a3b46dd92f81950d0fb8a87bda444e,2958,Development cache/history; not engineering deliverable
.git/objects/f6/03dfb9371e18756521bf0af7f2700108506a1a,1134,Development cache/history; not engineering deliverable
.git/objects/f6/106c6bdbf99479842ed2325814fec258d868e3,312,Development cache/history; not engineering deliverable
.git/objects/f6/169bf6fd84d121978f3ff009fe32fba2da3841,1266,Development cache/history; not engineering deliverable
.git/objects/f6/1aa34f22e156d83cc6f40f5820e85aa7c4e649,359,Development cache/history; not engineering deliverable
.git/objects/f6/4413d4ac418f2d54505fd20586ce7ad2ccb10c,1082,Development cache/history; not engineering deliverable
.git/objects/f6/44fda7e4d3f27d2f0c932bf142aff0aa51d7c4,4523,Development cache/history; not engineering deliverable
.git/objects/f6/63a6a52f9e1c60a30ad0e55c8d55232c2ae4df,1157,Development cache/history; not engineering deliverable
.git/objects/f6/71e18e2eca9103641a1c4348e7ffe195ec14a9,834,Development cache/history; not engineering deliverable
.git/objects/f6/c2ca9a68ddf6f3aedd3ef8f93070f36ece7b7e,358,Development cache/history; not engineering deliverable
.git/objects/f6/f48d0245875bf9645790d28fe2a6b83bd26031,86730,Development cache/history; not engineering deliverable
.git/objects/f6/f61c628364dba29b4536c4e6564935f257b2c1,203,Development cache/history; not engineering deliverable
.git/objects/f6/f7e2efe0e166eb5f66877d657a05fc7c6faae4,406375,Development cache/history; not engineering deliverable
.git/objects/f7/0d9689c6d4f41ff9d58ded5b5405557ff7e861,125,Development cache/history; not engineering deliverable
.git/objects/f7/2fef51a70995a6d92b67aba3a7d047bfe5b777,1982,Development cache/history; not engineering deliverable
.git/objects/f7/33ce82958b33b04862cf7257447fdf33957196,277,Development cache/history; not engineering deliverable
.git/objects/f7/3416d967bdea055ddfe6357c14f68e288ac958,226,Development cache/history; not engineering deliverable
.git/objects/f7/53c3c6c645ddec5fb7b0575bf980d39b1e8323,360,Development cache/history; not engineering deliverable
.git/objects/f7/67b0e6f67a9742d1dd9df6b90a2fd028cbf4cf,302,Development cache/history; not engineering deliverable
.git/objects/f7/6e2a454188179b8dc0c93cc9a90d2a878d7f98,2422,Development cache/history; not engineering deliverable
.git/objects/f7/92a5da5c6f8fcf84a934a2f72fffe1d2d8d4d2,2067,Development cache/history; not engineering deliverable
.git/objects/f7/9e283f81c6c33e26acc806692443e56cbc1f9d,303,Development cache/history; not engineering deliverable
.git/objects/f7/a417d836be65b61f9e3175b5f4554a4ea30863,4912,Development cache/history; not engineering deliverable
.git/objects/f7/b6dcf9cefe8f13d22cd11f4511331ca72f640d,9287,Development cache/history; not engineering deliverable
.git/objects/f7/caf5442c81e29e9280c29c4c783728c76a531d,232,Development cache/history; not engineering deliverable
.git/objects/f7/ece5f3d4325b809d403965478e9527b26ed499,616,Development cache/history; not engineering deliverable
.git/objects/f7/f3d985e68b46da0ba7de570def6ea4d3309909,302,Development cache/history; not engineering deliverable
.git/objects/f8/070638bc4f3579873bac88c0ff0d6ed53e5dbf,442,Development cache/history; not engineering deliverable
.git/objects/f8/2440ce8f856f41e7972b11055d459258491b04,226,Development cache/history; not engineering deliverable
.git/objects/f8/348b837c2c711d50d72360e693bfd5735e42df,225,Development cache/history; not engineering deliverable
.git/objects/f8/4f34a324b414b8262249744c488dd34c40627f,202,Development cache/history; not engineering deliverable
.git/objects/f8/5723f9c7b65c1adb20d0a60fef59289646d1fb,42764,Development cache/history; not engineering deliverable
.git/objects/f8/5b8d51a6b2a13b686a5d4bde96953e16e74fb9,1521,Development cache/history; not engineering deliverable
.git/objects/f8/84ab900a39906109c4f34a0cb3c3aec164ba00,6017,Development cache/history; not engineering deliverable
.git/objects/f8/957f189f47de2b19d7711d2fac574ff72791f9,9256,Development cache/history; not engineering deliverable
.git/objects/f8/97bc7dfa78b109e7010b0f2ef40ada27691c08,3938,Development cache/history; not engineering deliverable
.git/objects/f8/9d3022a41cf0266bc95a4065836fd96ef91057,69,Development cache/history; not engineering deliverable
.git/objects/f8/b72199db58cce7ea1cd8ab40b57d89ab0eb463,83652,Development cache/history; not engineering deliverable
.git/objects/f8/d4d4fcb8bf031416774bf3394b30fd24382dd8,92,Development cache/history; not engineering deliverable
.git/objects/f8/d86f9b9607c2561aa27f48b56cffdca23d8280,299,Development cache/history; not engineering deliverable
.git/objects/f8/f62d6c1ab639a01f94ab02a67d49fdeb93e424,91,Development cache/history; not engineering deliverable
.git/objects/f9/0d7a9b3d5224e1c05cd9fd5ebb17b711dd916e,728,Development cache/history; not engineering deliverable
.git/objects/f9/0ed918a5be1092046f5d378c32c540036ced26,5518272,Development cache/history; not engineering deliverable
.git/objects/f9/1580d709fa7143fa693e2d6c46e9adf87075ce,9173,Development cache/history; not engineering deliverable
.git/objects/f9/1aedf35cc98630b9991fc55c9658eae6831353,35507,Development cache/history; not engineering deliverable
.git/objects/f9/291a2828f6b9a55fb7508b7a50315b998c64e1,626,Development cache/history; not engineering deliverable
.git/objects/f9/38414ec84544462cd0c6f14bf760f1f70d10c4,13505,Development cache/history; not engineering deliverable
.git/objects/f9/598c54e25bace78936ec33d900d9f796a84c37,91,Development cache/history; not engineering deliverable
.git/objects/f9/5e569f64203e733a469a1c95b4a93e67b124e3,45382,Development cache/history; not engineering deliverable
.git/objects/f9/73bf472af3c33051e16e5f211c4ec0eda2dc19,273,Development cache/history; not engineering deliverable
.git/objects/f9/8b5dccce82e55e41d6c2c781c4809989e94e22,1533,Development cache/history; not engineering deliverable
.git/objects/f9/8e15740a772b47395b41924e4e7636ed27f1b2,103108,Development cache/history; not engineering deliverable
.git/objects/f9/ac0526c44f14800280808673886fb5021af736,6288,Development cache/history; not engineering deliverable
.git/objects/f9/b320f8687180a9f2f736283a4bc8e353f3eac2,201,Development cache/history; not engineering deliverable
.git/objects/f9/d054b0ce1890c059415237521c7270ae576908,150,Development cache/history; not engineering deliverable
.git/objects/f9/f5a5af76207359971fb3bc50c73fed52499925,5389,Development cache/history; not engineering deliverable
.git/objects/fa/2b8d75d4d4805e05e40ce75832bf6dadd71ff1,1475,Development cache/history; not engineering deliverable
.git/objects/fa/49897758dda5427d72b320eaa26d8e735c84c8,24964,Development cache/history; not engineering deliverable
.git/objects/fa/4da181931963b41e50ed5b8fc03a665767505f,568,Development cache/history; not engineering deliverable
.git/objects/fa/7092f5fd2d5cd116c0189f3a92ea383df90c90,874,Development cache/history; not engineering deliverable
.git/objects/fa/b014874db86870cb232a1d54731524b827477b,445,Development cache/history; not engineering deliverable
.git/objects/fa/b028c382e039cbe1d3fabb7228dad2cacb0302,3852,Development cache/history; not engineering deliverable
.git/objects/fa/c589f18c61f75beb49c01e76b40f169096c271,9249,Development cache/history; not engineering deliverable
.git/objects/fb/06185ea4f5a0ff0860af20d1664ad57fd8a4d4,417,Development cache/history; not engineering deliverable
.git/objects/fb/1dc9d87c0c8cc817039bc6567fa710a8daf7f2,2970,Development cache/history; not engineering deliverable
.git/objects/fb/2ddeaf4e3f6d0a0d22423b64b93f3e5e9d7e73,7881,Development cache/history; not engineering deliverable
.git/objects/fb/351f75050df037af96fd4065e9c6c7087d3443,300,Development cache/history; not engineering deliverable
.git/objects/fb/5a2777ce4fca95899b4585dba3cd6cf348b149,54,Development cache/history; not engineering deliverable
.git/objects/fb/6082349f7069b2b0f6fc86a67953df44211003,8617,Development cache/history; not engineering deliverable
.git/objects/fb/68d301103df1a89272fd689debc39d5f1297e0,89,Development cache/history; not engineering deliverable
.git/objects/fb/76fa7e805da0d8b5e399642dfc41ac0b7800d3,330,Development cache/history; not engineering deliverable
.git/objects/fb/8d3b6cca12516c0da4cb9c84d19fe0c451a62e,417,Development cache/history; not engineering deliverable
.git/objects/fb/99e1288a6ec5d208000c5da65232c52bf082c3,298919,Development cache/history; not engineering deliverable
.git/objects/fb/a57e4b37f3a1dfa101a33ebe2e6327a9c74ded,2197,Development cache/history; not engineering deliverable
.git/objects/fb/b7bea10765167a3540a82ab83ffad0e53baa49,106341,Development cache/history; not engineering deliverable
.git/objects/fb/d7668432a494990b339bdeab7b82a20efa6918,708,Development cache/history; not engineering deliverable
.git/objects/fb/e1d4c879181cd51b6035878fa27107c83508a3,2021,Development cache/history; not engineering deliverable
.git/objects/fb/e21eeda6b738566dd82f148e7593eeb9b127ee,2810,Development cache/history; not engineering deliverable
.git/objects/fb/f8cd56a0aa92773cfa17fd70be6c9c8874ff3e,7823,Development cache/history; not engineering deliverable
.git/objects/fb/fa23b716efd0184af482eed020fc1100208625,2290135,Development cache/history; not engineering deliverable
.git/objects/fc/0923a4875c0b053983a770ae68b3fb173088d9,396973,Development cache/history; not engineering deliverable
.git/objects/fc/1983ee249f030980d62c67e9df82097ac575c7,192087,Development cache/history; not engineering deliverable
.git/objects/fc/44a36075b6535b6a6dbc4511fa8431a8741d5c,4752,Development cache/history; not engineering deliverable
.git/objects/fc/4b29743457e4e9332753d4a40f677e6832f4f4,22887,Development cache/history; not engineering deliverable
.git/objects/fc/5f775d3b94bf403a9c0e08b23ceff55a96e2c4,202,Development cache/history; not engineering deliverable
.git/objects/fc/81e66decfe0ac95859267484bac29fe73cf4cb,8638,Development cache/history; not engineering deliverable
.git/objects/fc/94d6a7ec5930ae1bd41f3e83a16e3ecc830cbf,1236,Development cache/history; not engineering deliverable
.git/objects/fc/9786c4810c8e71720b0debac1bd4417048b775,5035,Development cache/history; not engineering deliverable
.git/objects/fc/b75f52faca910715fa2ab1d9ebd70f9d1d78b7,1119,Development cache/history; not engineering deliverable
.git/objects/fc/bb71e7f5faffeb09294ff09c2562e69f8c4910,4474,Development cache/history; not engineering deliverable
.git/objects/fc/bf798713f3650b8332d713516de247b737cf25,4038,Development cache/history; not engineering deliverable
.git/objects/fc/c74fa9c9476332bbcf0d7ab9854a20af46fd77,1158,Development cache/history; not engineering deliverable
.git/objects/fc/cb85d476de2d0019842df5918348a768fc4536,587,Development cache/history; not engineering deliverable
.git/objects/fc/d1cf0f0b355b268a74a7fa48ef82a280e69946,633,Development cache/history; not engineering deliverable
.git/objects/fd/169fc4e8b37f619eab2364cec971763ca7d256,186,Development cache/history; not engineering deliverable
.git/objects/fd/4292cf32930bad572431285098cbd3d97b2fde,49,Development cache/history; not engineering deliverable
.git/objects/fd/51a3a4648e769c094d7679f0634f3cc194420d,8537,Development cache/history; not engineering deliverable
.git/objects/fd/7028c1c29289b186de32b6d1e23d66930240e8,57,Development cache/history; not engineering deliverable
.git/objects/fd/7647ef49d446ae7a9a02cace276ffb17b7fde3,6062,Development cache/history; not engineering deliverable
.git/objects/fd/7b605422f1c1d5b5da52101eb8a4a67942ee20,707,Development cache/history; not engineering deliverable
.git/objects/fd/7d1b787a8f8e69a87f7f51a8636865dfe4a5f0,1120,Development cache/history; not engineering deliverable
.git/objects/fd/adca45edc0fc2bea7b6a68c5bfb0744ee1444b,113,Development cache/history; not engineering deliverable
.git/objects/fd/cef5c28a4652f5366d23b4e4c21b48d60bdf26,9252,Development cache/history; not engineering deliverable
.git/objects/fd/d404d6e114384e6e3dea765f34d18919697074,201,Development cache/history; not engineering deliverable
.git/objects/fd/efeac15570bc10b0689bbfa2303d186728ced0,721189,Development cache/history; not engineering deliverable
.git/objects/fe/0113517dbe22467590b438d258a5cd1369f5a3,184,Development cache/history; not engineering deliverable
.git/objects/fe/1f82993c7be3b54b213c762e8d0ae0fd843c15,3369,Development cache/history; not engineering deliverable
.git/objects/fe/253eddb871af034f8ffa178bfba37c0b67a7f0,1191,Development cache/history; not engineering deliverable
.git/objects/fe/4d91a2ac4ee8ec09bc64cf819e918be03b9876,319761,Development cache/history; not engineering deliverable
.git/objects/fe/51488c7066f6687ef680d6bfaa4f7768ef205c,18,Development cache/history; not engineering deliverable
.git/objects/fe/6f60a60516cfb23227e1a1b4d6667676db8022,51853,Development cache/history; not engineering deliverable
.git/objects/fe/7bc90acd7f5205e5dc7211b2445059efc858a3,1095,Development cache/history; not engineering deliverable
.git/objects/fe/b516c7fbf893d79a10a2930e4558ec7ee7300f,142,Development cache/history; not engineering deliverable
.git/objects/fe/b981845a776252087b305b76e3a3411fdd7549,5038,Development cache/history; not engineering deliverable
.git/objects/fe/c00c99f948b517b70361bd2843d2e64c0cf612,118,Development cache/history; not engineering deliverable
.git/objects/fe/e97c560706c69f472357c6efa3bb4d47766f9c,236559,Development cache/history; not engineering deliverable
.git/objects/ff/00c858061268c2d1a5c0a2e26e6e7e9c4e1fc5,215,Development cache/history; not engineering deliverable
.git/objects/ff/16c3db3f633b1ef5164450808f2228a50d970b,45,Development cache/history; not engineering deliverable
.git/objects/ff/2d7cb91f66b22c7e028ee0d516e40be4884a75,52,Development cache/history; not engineering deliverable
.git/objects/ff/4bf5b514963e0423c9240c0ba68abff28419ab,6092,Development cache/history; not engineering deliverable
.git/objects/ff/5f5f4e94db67a05c9874a0c0a3522762f73788,695,Development cache/history; not engineering deliverable
.git/objects/ff/71634ad49a02d188772e8e9fea408286257295,220342,Development cache/history; not engineering deliverable
.git/objects/ff/832946c2e090ff54f48681615f307503f4d18b,5037,Development cache/history; not engineering deliverable
.git/objects/ff/8dcfe297978fc8f9c75c3d6cc0b0c9a50cb6e2,1671,Development cache/history; not engineering deliverable
.git/objects/ff/a3f09c3547be2cb3d68464114870e6287672b7,1214,Development cache/history; not engineering deliverable
.git/objects/ff/b61fcfa5c14b6aaea0cf15a64427d4295a3eba,34870,Development cache/history; not engineering deliverable
.git/objects/ff/c0d603471dbeb04d1fcef0858cb801484d6837,142,Development cache/history; not engineering deliverable
.git/objects/ff/c12616a6009dfec350a0df07a5ca9a95ffe29d,282,Development cache/history; not engineering deliverable
.git/objects/ff/ee18c47c6dbf2374ddf0404f24f9ad80855b9b,23795,Development cache/history; not engineering deliverable
.git/objects/info/commit-graph,21572,Development cache/history; not engineering deliverable
.git/objects/info/packs,54,Development cache/history; not engineering deliverable
.git/objects/pack/pack-e65ba2c28c2b457df2b8476f6a83be0e37a45560.idx,310780,Development cache/history; not engineering deliverable
.git/objects/pack/pack-e65ba2c28c2b457df2b8476f6a83be0e37a45560.pack,1678249813,Development cache/history; not engineering deliverable
.git/objects/pack/pack-e65ba2c28c2b457df2b8476f6a83be0e37a45560.rev,44296,Development cache/history; not engineering deliverable
.git/packed-refs,169,Development cache/history; not engineering deliverable
.git/refs/heads/main,41,Development cache/history; not engineering deliverable
.git/refs/heads/snapshot/2026-09-08-ecosystem,41,Development cache/history; not engineering deliverable
.git/refs/remotes/origin/HEAD,30,Development cache/history; not engineering deliverable
.git/refs/remotes/origin/main,41,Development cache/history; not engineering deliverable
.git/refs/remotes/origin/snapshot/2026-09-08-ecosystem,41,Development cache/history; not engineering deliverable
.gitignore,202,"Redundant screenshots, temporary logs or simulation frame dump; not a design source"
.triad-index/index.json,15835,Hidden local configuration excluded
FACTORY-PACK-01.png,344689,"Redundant screenshots, temporary logs or simulation frame dump; not a design source"
FACTORY-PACK-02.png,227553,"Redundant screenshots, temporary logs or simulation frame dump; not a design source"
FACTORY-PACK-03.png,300476,"Redundant screenshots, temporary logs or simulation frame dump; not a design source"
FACTORY-PACK-04.png,345734,"Redundant screenshots, temporary logs or simulation frame dump; not a design source"
FACTORY-PACK-05.png,351474,"Redundant screenshots, temporary logs or simulation frame dump; not a design source"
FACTORY-PACK-06.png,343555,"Redundant screenshots, temporary logs or simulation frame dump; not a design source"
FACTORY-PACK-07.png,339648,"Redundant screenshots, temporary logs or simulation frame dump; not a design source"
FACTORY-PACK-08.png,278312,"Redundant screenshots, temporary logs or simulation frame dump; not a design source"
FACTORY-PACK-09.png,255452,"Redundant screenshots, temporary logs or simulation frame dump; not a design source"
FACTORY-PACK-10.png,324395,"Redundant screenshots, temporary logs or simulation frame dump; not a design source"
FACTORY-PACK-11.png,228423,"Redundant screenshots, temporary logs or simulation frame dump; not a design source"
FACTORY-PACK-12.png,233270,"Redundant screenshots, temporary logs or simulation frame dump; not a design source"
FACTORY-PACK-13.png,268724,"Redundant screenshots, temporary logs or simulation frame dump; not a design source"
FACTORY-PACK-14.png,217993,"Redundant screenshots, temporary logs or simulation frame dump; not a design source"
FACTORY-PACK-15.png,357646,"Redundant screenshots, temporary logs or simulation frame dump; not a design source"
FACTORY-PACK-16.png,412243,"Redundant screenshots, temporary logs or simulation frame dump; not a design source"
FACTORY-PACK-17.png,356999,"Redundant screenshots, temporary logs or simulation frame dump; not a design source"
FACTORY-PACK-18.png,310409,"Redundant screenshots, temporary logs or simulation frame dump; not a design source"
FACTORY-PACK-19.png,293145,"Redundant screenshots, temporary logs or simulation frame dump; not a design source"
FACTORY-PACK-20.png,294495,"Redundant screenshots, temporary logs or simulation frame dump; not a design source"
FACTORY-PACK-21.png,330909,"Redundant screenshots, temporary logs or simulation frame dump; not a design source"
FACTORY-PACK-22.png,310845,"Redundant screenshots, temporary logs or simulation frame dump; not a design source"
FACTORY-PACK-23.png,300479,"Redundant screenshots, temporary logs or simulation frame dump; not a design source"
FACTORY-PACK-24.png,325158,"Redundant screenshots, temporary logs or simulation frame dump; not a design source"
FACTORY-PACK-25.png,449790,"Redundant screenshots, temporary logs or simulation frame dump; not a design source"
FACTORY-PACK-26.png,362397,"Redundant screenshots, temporary logs or simulation frame dump; not a design source"
FACTORY-PACK-27.png,347270,"Redundant screenshots, temporary logs or simulation frame dump; not a design source"
FACTORY-PACK-28.png,335394,"Redundant screenshots, temporary logs or simulation frame dump; not a design source"
FACTORY-PACK-29.png,243,"Redundant screenshots, temporary logs or simulation frame dump; not a design source"
FACTORY-PACK.png,7591788,"Redundant screenshots, temporary logs or simulation frame dump; not a design source"
FACTORY-QUESTIONS-01.png,292106,"Redundant screenshots, temporary logs or simulation frame dump; not a design source"
FACTORY-QUESTIONS-02.png,397311,"Redundant screenshots, temporary logs or simulation frame dump; not a design source"
FACTORY-QUESTIONS-03.png,449417,"Redundant screenshots, temporary logs or simulation frame dump; not a design source"
FACTORY-QUESTIONS-04.png,440668,"Redundant screenshots, temporary logs or simulation frame dump; not a design source"
FACTORY-QUESTIONS-05.png,391268,"Redundant screenshots, temporary logs or simulation frame dump; not a design source"
FACTORY-QUESTIONS-06.png,347091,"Redundant screenshots, temporary logs or simulation frame dump; not a design source"
FACTORY-QUESTIONS-07.png,346737,"Redundant screenshots, temporary logs or simulation frame dump; not a design source"
FACTORY-QUESTIONS-08.png,314663,"Redundant screenshots, temporary logs or simulation frame dump; not a design source"
FACTORY-QUESTIONS-09.png,364680,"Redundant screenshots, temporary logs or simulation frame dump; not a design source"
FACTORY-QUESTIONS-10.png,397110,"Redundant screenshots, temporary logs or simulation frame dump; not a design source"
FACTORY-QUESTIONS-11.png,378306,"Redundant screenshots, temporary logs or simulation frame dump; not a design source"
FACTORY-QUESTIONS-12.png,335696,"Redundant screenshots, temporary logs or simulation frame dump; not a design source"
FACTORY-QUESTIONS-13.png,324609,"Redundant screenshots, temporary logs or simulation frame dump; not a design source"
FACTORY-QUESTIONS-14.png,338760,"Redundant screenshots, temporary logs or simulation frame dump; not a design source"
FACTORY-QUESTIONS-15.png,268760,"Redundant screenshots, temporary logs or simulation frame dump; not a design source"
FACTORY-QUESTIONS-16.png,258148,"Redundant screenshots, temporary logs or simulation frame dump; not a design source"
FACTORY-QUESTIONS-17.png,50508,"Redundant screenshots, temporary logs or simulation frame dump; not a design source"
FACTORY-QUESTIONS.png,4919537,"Redundant screenshots, temporary logs or simulation frame dump; not a design source"
INTERNALS-01.png,295358,"Redundant screenshots, temporary logs or simulation frame dump; not a design source"
INTERNALS-02.png,359599,"Redundant screenshots, temporary logs or simulation frame dump; not a design source"
INTERNALS-03.png,585187,"Redundant screenshots, temporary logs or simulation frame dump; not a design source"
INTERNALS-04.png,591515,"Redundant screenshots, temporary logs or simulation frame dump; not a design source"
INTERNALS-05.png,344704,"Redundant screenshots, temporary logs or simulation frame dump; not a design source"
INTERNALS-06.png,320282,"Redundant screenshots, temporary logs or simulation frame dump; not a design source"
INTERNALS-07.png,314109,"Redundant screenshots, temporary logs or simulation frame dump; not a design source"
INTERNALS-08.png,334016,"Redundant screenshots, temporary logs or simulation frame dump; not a design source"
INTERNALS-09.png,243614,"Redundant screenshots, temporary logs or simulation frame dump; not a design source"
INTERNALS-10.png,181637,"Redundant screenshots, temporary logs or simulation frame dump; not a design source"
INTERNALS-11.png,123196,"Redundant screenshots, temporary logs or simulation frame dump; not a design source"
INTERNALS-12.png,205138,"Redundant screenshots, temporary logs or simulation frame dump; not a design source"
INTERNALS-13.png,288998,"Redundant screenshots, temporary logs or simulation frame dump; not a design source"
INTERNALS-14.png,5723,"Redundant screenshots, temporary logs or simulation frame dump; not a design source"
INTERNALS.png,3937769,"Redundant screenshots, temporary logs or simulation frame dump; not a design source"
LICENCE-POSITION-01.png,426937,"Redundant screenshots, temporary logs or simulation frame dump; not a design source"
LICENCE-POSITION-02.png,360306,"Redundant screenshots, temporary logs or simulation frame dump; not a design source"
LICENCE-POSITION-03.png,319047,"Redundant screenshots, temporary logs or simulation frame dump; not a design source"
LICENCE-POSITION-04.png,257761,"Redundant screenshots, temporary logs or simulation frame dump; not a design source"
LICENCE-POSITION-05.png,255874,"Redundant screenshots, temporary logs or simulation frame dump; not a design source"
LICENCE-POSITION-06.png,332621,"Redundant screenshots, temporary logs or simulation frame dump; not a design source"
LICENCE-POSITION-07.png,331515,"Redundant screenshots, temporary logs or simulation frame dump; not a design source"
LICENCE-POSITION-08.png,347325,"Redundant screenshots, temporary logs or simulation frame dump; not a design source"
LICENCE-POSITION-09.png,298063,"Redundant screenshots, temporary logs or simulation frame dump; not a design source"
LICENCE-POSITION-10.png,337478,"Redundant screenshots, temporary logs or simulation frame dump; not a design source"
LICENCE-POSITION-11.png,316102,"Redundant screenshots, temporary logs or simulation frame dump; not a design source"
LICENCE-POSITION-12.png,348544,"Redundant screenshots, temporary logs or simulation frame dump; not a design source"
LICENCE-POSITION-13.png,285675,"Redundant screenshots, temporary logs or simulation frame dump; not a design source"
LICENCE-POSITION-14.png,362486,"Redundant screenshots, temporary logs or simulation frame dump; not a design source"
LICENCE-POSITION-15.png,299146,"Redundant screenshots, temporary logs or simulation frame dump; not a design source"
LICENCE-POSITION-16.png,348761,"Redundant screenshots, temporary logs or simulation frame dump; not a design source"
LICENCE-POSITION-17.png,233957,"Redundant screenshots, temporary logs or simulation frame dump; not a design source"
LICENCE-POSITION-18.png,289070,"Redundant screenshots, temporary logs or simulation frame dump; not a design source"
LICENCE-POSITION-19.png,315440,"Redundant screenshots, temporary logs or simulation frame dump; not a design source"
LICENCE-POSITION-20.png,320977,"Redundant screenshots, temporary logs or simulation frame dump; not a design source"
LICENCE-POSITION-21.png,338575,"Redundant screenshots, temporary logs or simulation frame dump; not a design source"
LICENCE-POSITION-22.png,298199,"Redundant screenshots, temporary logs or simulation frame dump; not a design source"
LICENCE-POSITION-23.png,348731,"Redundant screenshots, temporary logs or simulation frame dump; not a design source"
LICENCE-POSITION-24.png,319565,"Redundant screenshots, temporary logs or simulation frame dump; not a design source"
LICENCE-POSITION-25.png,413664,"Redundant screenshots, temporary logs or simulation frame dump; not a design source"
LICENCE-POSITION-26.png,346005,"Redundant screenshots, temporary logs or simulation frame dump; not a design source"
LICENCE-POSITION-27.png,345214,"Redundant screenshots, temporary logs or simulation frame dump; not a design source"
LICENCE-POSITION-28.png,397955,"Redundant screenshots, temporary logs or simulation frame dump; not a design source"
LICENCE-POSITION-29.png,422916,"Redundant screenshots, temporary logs or simulation frame dump; not a design source"
LICENCE-POSITION-30.png,172673,"Redundant screenshots, temporary logs or simulation frame dump; not a design source"
LICENCE-POSITION.png,8649296,"Redundant screenshots, temporary logs or simulation frame dump; not a design source"
WIRING-3D-01.png,311182,"Redundant screenshots, temporary logs or simulation frame dump; not a design source"
WIRING-3D-02.png,182597,"Redundant screenshots, temporary logs or simulation frame dump; not a design source"
WIRING-3D-03.png,142846,"Redundant screenshots, temporary logs or simulation frame dump; not a design source"
WIRING-3D-04.png,141604,"Redundant screenshots, temporary logs or simulation frame dump; not a design source"
WIRING-3D-05.png,191071,"Redundant screenshots, temporary logs or simulation frame dump; not a design source"
WIRING-3D-06.png,307835,"Redundant screenshots, temporary logs or simulation frame dump; not a design source"
WIRING-3D-07.png,244080,"Redundant screenshots, temporary logs or simulation frame dump; not a design source"
WIRING-3D.png,1384311,"Redundant screenshots, temporary logs or simulation frame dump; not a design source"
WORK-BREAKDOWN-01.png,344358,"Redundant screenshots, temporary logs or simulation frame dump; not a design source"
WORK-BREAKDOWN-02.png,358683,"Redundant screenshots, temporary logs or simulation frame dump; not a design source"
WORK-BREAKDOWN-03.png,329553,"Redundant screenshots, temporary logs or simulation frame dump; not a design source"
WORK-BREAKDOWN-04.png,343620,"Redundant screenshots, temporary logs or simulation frame dump; not a design source"
WORK-BREAKDOWN-05.png,386515,"Redundant screenshots, temporary logs or simulation frame dump; not a design source"
WORK-BREAKDOWN-06.png,346195,"Redundant screenshots, temporary logs or simulation frame dump; not a design source"
WORK-BREAKDOWN-07.png,310435,"Redundant screenshots, temporary logs or simulation frame dump; not a design source"
WORK-BREAKDOWN-08.png,371989,"Redundant screenshots, temporary logs or simulation frame dump; not a design source"
WORK-BREAKDOWN-09.png,327970,"Redundant screenshots, temporary logs or simulation frame dump; not a design source"
WORK-BREAKDOWN-10.png,372915,"Redundant screenshots, temporary logs or simulation frame dump; not a design source"
WORK-BREAKDOWN-11.png,381101,"Redundant screenshots, temporary logs or simulation frame dump; not a design source"
WORK-BREAKDOWN-12.png,331335,"Redundant screenshots, temporary logs or simulation frame dump; not a design source"
WORK-BREAKDOWN-13.png,294744,"Redundant screenshots, temporary logs or simulation frame dump; not a design source"
WORK-BREAKDOWN-14.png,335285,"Redundant screenshots, temporary logs or simulation frame dump; not a design source"
WORK-BREAKDOWN-15.png,321585,"Redundant screenshots, temporary logs or simulation frame dump; not a design source"
WORK-BREAKDOWN-16.png,363266,"Redundant screenshots, temporary logs or simulation frame dump; not a design source"
WORK-BREAKDOWN-17.png,376971,"Redundant screenshots, temporary logs or simulation frame dump; not a design source"
WORK-BREAKDOWN-18.png,319659,"Redundant screenshots, temporary logs or simulation frame dump; not a design source"
WORK-BREAKDOWN-19.png,322981,"Redundant screenshots, temporary logs or simulation frame dump; not a design source"
WORK-BREAKDOWN-20.png,34343,"Redundant screenshots, temporary logs or simulation frame dump; not a design source"
WORK-BREAKDOWN.png,5559547,"Redundant screenshots, temporary logs or simulation frame dump; not a design source"
__pycache__/design.cpython-311.pyc,12123,Development cache/history; not engineering deliverable
ce-assemblies/microduck/iterations/v0.0.1/cad/__pycache__/assembly.cpython-311.pyc,6969,Development cache/history; not engineering deliverable
ce-assemblies/microduck/iterations/v0.0.1/evidence/ledger.jsonl,5830,"Redundant screenshots, temporary logs or simulation frame dump; not a design source"
ce-connections/jst-eh-3pin/iterations/v0.0.1/evidence/ledger.jsonl,0,"Redundant screenshots, temporary logs or simulation frame dump; not a design source"
ce-connections/press-fit-bearing-15x10x3/iterations/v0.0.1/evidence/ledger.jsonl,2631,"Redundant screenshots, temporary logs or simulation frame dump; not a design source"
ce-connections/press-fit-bearing-22x16x4/iterations/v0.0.1/evidence/ledger.jsonl,2628,"Redundant screenshots, temporary logs or simulation frame dump; not a design source"
ce-connections/press-fit-sole-foot/iterations/v0.0.1/evidence/ledger.jsonl,4231,"Redundant screenshots, temporary logs or simulation frame dump; not a design source"
ce-connections/press-fit-tube-15/iterations/v0.0.1/evidence/ledger.jsonl,10580,"Redundant screenshots, temporary logs or simulation frame dump; not a design source"
ce-connections/self-tap-m2-pla/iterations/v0.0.1/evidence/compat-selftest.log,1289,"Redundant screenshots, temporary logs or simulation frame dump; not a design source"
ce-connections/self-tap-m2-pla/iterations/v0.0.1/evidence/ledger.jsonl,4139,"Redundant screenshots, temporary logs or simulation frame dump; not a design source"
ce-connections/self-tap-m2-pla/iterations/v0.0.1/evidence/mate-selftest.log,1012,"Redundant screenshots, temporary logs or simulation frame dump; not a design source"
ce-connections/self-tap-m2.5-pla/iterations/v0.0.1/evidence/compat-selftest.log,1289,"Redundant screenshots, temporary logs or simulation frame dump; not a design source"
ce-connections/self-tap-m2.5-pla/iterations/v0.0.1/evidence/ledger.jsonl,4091,"Redundant screenshots, temporary logs or simulation frame dump; not a design source"
ce-connections/self-tap-m2.5-pla/iterations/v0.0.1/evidence/mate-selftest.log,1012,"Redundant screenshots, temporary logs or simulation frame dump; not a design source"
ce-connections/snap-fit-ankle-blocks/iterations/v0.0.1/evidence/ledger.jsonl,4602,"Redundant screenshots, temporary logs or simulation frame dump; not a design source"
ce-connections/snap-fit-roller-axle/iterations/v0.0.1/evidence/ledger.jsonl,5334,"Redundant screenshots, temporary logs or simulation frame dump; not a design source"
ce-connections/spline-xl330-horn/iterations/v0.0.1/evidence/ledger.jsonl,2398,"Redundant screenshots, temporary logs or simulation frame dump; not a design source"
ce-connections/threaded-m2/iterations/v0.0.1/__pycache__/compat.cpython-314.pyc,16306,Development cache/history; not engineering deliverable
ce-connections/threaded-m2/iterations/v0.0.1/cad/__pycache__/mate.cpython-314.pyc,23590,Development cache/history; not engineering deliverable
ce-connections/threaded-m2/iterations/v0.0.1/evidence/ledger.jsonl,3024,"Redundant screenshots, temporary logs or simulation frame dump; not a design source"
ce-connections/threaded-m2.5/iterations/v0.0.1/evidence/ledger.jsonl,3507,"Redundant screenshots, temporary logs or simulation frame dump; not a design source"
ce-parts/bearing-15x10x3/iterations/v0.0.1/evidence/ledger.jsonl,373,"Redundant screenshots, temporary logs or simulation frame dump; not a design source"
ce-parts/bearing-15x10x3/iterations/v0.0.1/evidence/refcheck/2026-09-02T09-14-33Z/ours.stl.build.log,105,"Redundant screenshots, temporary logs or simulation frame dump; not a design source"
ce-parts/bearing-15x10x3/iterations/v0.0.1/evidence/refcheck/2026-09-02T09-14-33Z/ours_iso.png,41076,"Redundant screenshots, temporary logs or simulation frame dump; not a design source"
ce-parts/bearing-15x10x3/iterations/v0.0.1/evidence/refcheck/2026-09-02T09-14-33Z/overlay_front.png,51423,"Redundant screenshots, temporary logs or simulation frame dump; not a design source"
ce-parts/bearing-15x10x3/iterations/v0.0.1/evidence/refcheck/2026-09-02T09-14-33Z/overlay_iso.png,172756,"Redundant screenshots, temporary logs or simulation frame dump; not a design source"
ce-parts/bearing-15x10x3/iterations/v0.0.1/evidence/refcheck/2026-09-02T09-14-33Z/overlay_left.png,50781,"Redundant screenshots, temporary logs or simulation frame dump; not a design source"
ce-parts/bearing-15x10x3/iterations/v0.0.1/evidence/refcheck/2026-09-02T09-14-33Z/overlay_top.png,198855,"Redundant screenshots, temporary logs or simulation frame dump; not a design source"
ce-parts/bearing-15x10x3/iterations/v0.0.1/evidence/refcheck/2026-09-02T09-14-33Z/ref_iso.png,64131,"Redundant screenshots, temporary logs or simulation frame dump; not a design source"
ce-parts/bearing-22x16x4/iterations/v0.0.1/cad/__pycache__/part.cpython-311.pyc,3641,Development cache/history; not engineering deliverable
ce-parts/bearing-22x16x4/iterations/v0.0.1/evidence/ledger.jsonl,374,"Redundant screenshots, temporary logs or simulation frame dump; not a design source"
ce-parts/bearing-22x16x4/iterations/v0.0.1/evidence/refcheck/2026-09-02T09-13-29Z/ours.stl.build.log,104,"Redundant screenshots, temporary logs or simulation frame dump; not a design source"
ce-parts/bearing-22x16x4/iterations/v0.0.1/evidence/refcheck/2026-09-02T09-13-29Z/ours_iso.png,39033,"Redundant screenshots, temporary logs or simulation frame dump; not a design source"
ce-parts/bearing-22x16x4/iterations/v0.0.1/evidence/refcheck/2026-09-02T09-13-29Z/overlay_front.png,44253,"Redundant screenshots, temporary logs or simulation frame dump; not a design source"
ce-parts/bearing-22x16x4/iterations/v0.0.1/evidence/refcheck/2026-09-02T09-13-29Z/overlay_iso.png,154567,"Redundant screenshots, temporary logs or simulation frame dump; not a design source"
ce-parts/bearing-22x16x4/iterations/v0.0.1/evidence/refcheck/2026-09-02T09-13-29Z/overlay_left.png,43414,"Redundant screenshots, temporary logs or simulation frame dump; not a design source"
ce-parts/bearing-22x16x4/iterations/v0.0.1/evidence/refcheck/2026-09-02T09-13-29Z/overlay_top.png,149559,"Redundant screenshots, temporary logs or simulation frame dump; not a design source"
ce-parts/bearing-22x16x4/iterations/v0.0.1/evidence/refcheck/2026-09-02T09-13-29Z/ref_iso.png,54393,"Redundant screenshots, temporary logs or simulation frame dump; not a design source"
ce-parts/bmi088/PROVENANCE.json,842,Symlink alias; target inventoried separately
ce-parts/bmi088/datasheet.pdf,1368590,Symlink alias; target inventoried separately
ce-parts/bmi088/electrical.chip.json,5859,Symlink alias; target inventoried separately
ce-parts/bmi088/electrical.part.json,5258,Symlink alias; target inventoried separately
ce-parts/bmi088/iterations/v0.0.1/evidence/ledger.jsonl,643,"Redundant screenshots, temporary logs or simulation frame dump; not a design source"
ce-parts/cable-dxl-x3p/iterations/v0.0.1/evidence/ledger.jsonl,0,"Redundant screenshots, temporary logs or simulation frame dump; not a design source"
ce-parts/et7301b/PROVENANCE.json,777,Symlink alias; target inventoried separately
ce-parts/et7301b/datasheet.pdf,1155578,Symlink alias; target inventoried separately
ce-parts/et7301b/electrical.chip.json,6592,Symlink alias; target inventoried separately
ce-parts/et7301b/iterations/v0.0.1/evidence/ledger.jsonl,629,"Redundant screenshots, temporary logs or simulation frame dump; not a design source"
ce-parts/fusb302/PROVENANCE.json,891,Symlink alias; target inventoried separately
ce-parts/fusb302/datasheet.pdf,1323485,Symlink alias; target inventoried separately
ce-parts/fusb302/electrical.chip.json,5954,Symlink alias; target inventoried separately
ce-parts/fusb302/iterations/v0.0.1/evidence/ledger.jsonl,576,"Redundant screenshots, temporary logs or simulation frame dump; not a design source"
ce-parts/imx219/PROVENANCE.json,931,Symlink alias; target inventoried separately
ce-parts/imx219/datasheet.pdf,2237503,Symlink alias; target inventoried separately
ce-parts/imx219/electrical.chip.json,7945,Symlink alias; target inventoried separately
ce-parts/imx219/iterations/v0.0.1/evidence/ledger.jsonl,644,"Redundant screenshots, temporary logs or simulation frame dump; not a design source"
ce-parts/jst-b3b-eh-a/iterations/v0.0.1/evidence/ledger.jsonl,0,"Redundant screenshots, temporary logs or simulation frame dump; not a design source"
ce-parts/jst-ehr-03/iterations/v0.0.1/evidence/ledger.jsonl,0,"Redundant screenshots, temporary logs or simulation frame dump; not a design source"
ce-parts/jst-seh-001t-p0.6/iterations/v0.0.1/evidence/ledger.jsonl,0,"Redundant screenshots, temporary logs or simulation frame dump; not a design source"
ce-parts/lsm6dsv16x/iterations/v0.0.1/docs/datasheet.pdf,5112242,Symlink alias; target inventoried separately
ce-parts/lsm6dsv16x/iterations/v0.0.1/evidence/ledger.jsonl,5013,"Redundant screenshots, temporary logs or simulation frame dump; not a design source"
ce-parts/mcp73213/iterations/v0.0.1/evidence/ledger.jsonl,0,"Redundant screenshots, temporary logs or simulation frame dump; not a design source"
ce-parts/microduck-ankle-left/iterations/v0.0.1/evidence/ledger.jsonl,12226,"Redundant screenshots, temporary logs or simulation frame dump; not a design source"
ce-parts/microduck-ankle-left/iterations/v0.0.1/evidence/refcheck/2026-09-01T19-03-54Z/ours.stl.build.log,0,"Redundant screenshots, temporary logs or simulation frame dump; not a design source"
ce-parts/microduck-ankle-left/iterations/v0.0.1/evidence/refcheck/2026-09-01T19-03-54Z/ours_iso.png,39476,"Redundant screenshots, temporary logs or simulation frame dump; not a design source"
ce-parts/microduck-ankle-left/iterations/v0.0.1/evidence/refcheck/2026-09-01T19-03-54Z/overlay_front.png,52114,"Redundant screenshots, temporary logs or simulation frame dump; not a design source"
ce-parts/microduck-ankle-left/iterations/v0.0.1/evidence/refcheck/2026-09-01T19-03-54Z/overlay_iso.png,132638,"Redundant screenshots, temporary logs or simulation frame dump; not a design source"
ce-parts/microduck-ankle-left/iterations/v0.0.1/evidence/refcheck/2026-09-01T19-03-54Z/overlay_left.png,33934,"Redundant screenshots, temporary logs or simulation frame dump; not a design source"
ce-parts/microduck-ankle-left/iterations/v0.0.1/evidence/refcheck/2026-09-01T19-03-54Z/overlay_top.png,42358,"Redundant screenshots, temporary logs or simulation frame dump; not a design source"
ce-parts/microduck-ankle-left/iterations/v0.0.1/evidence/refcheck/2026-09-01T19-03-54Z/ref_iso.png,34890,"Redundant screenshots, temporary logs or simulation frame dump; not a design source"
ce-parts/microduck-ankle-right/iterations/v0.0.1/evidence/ledger.jsonl,2496,"Redundant screenshots, temporary logs or simulation frame dump; not a design source"
ce-parts/microduck-ankle-right/iterations/v0.0.1/evidence/refcheck/2026-09-01T19-04-21Z/ours.stl.build.log,0,"Redundant screenshots, temporary logs or simulation frame dump; not a design source"
ce-parts/microduck-ankle-right/iterations/v0.0.1/evidence/refcheck/2026-09-01T19-04-21Z/ours_iso.png,33463,"Redundant screenshots, temporary logs or simulation frame dump; not a design source"
ce-parts/microduck-ankle-right/iterations/v0.0.1/evidence/refcheck/2026-09-01T19-04-21Z/overlay_front.png,44137,"Redundant screenshots, temporary logs or simulation frame dump; not a design source"
ce-parts/microduck-ankle-right/iterations/v0.0.1/evidence/refcheck/2026-09-01T19-04-21Z/overlay_iso.png,143612,"Redundant screenshots, temporary logs or simulation frame dump; not a design source"
ce-parts/microduck-ankle-right/iterations/v0.0.1/evidence/refcheck/2026-09-01T19-04-21Z/overlay_left.png,34333,"Redundant screenshots, temporary logs or simulation frame dump; not a design source"
ce-parts/microduck-ankle-right/iterations/v0.0.1/evidence/refcheck/2026-09-01T19-04-21Z/overlay_top.png,43274,"Redundant screenshots, temporary logs or simulation frame dump; not a design source"
ce-parts/microduck-ankle-right/iterations/v0.0.1/evidence/refcheck/2026-09-01T19-04-21Z/ref_iso.png,30736,"Redundant screenshots, temporary logs or simulation frame dump; not a design source"
ce-parts/microduck-banana-pcb-locker/iterations/v0.0.1/cad/__pycache__/part.cpython-311.pyc,7749,Development cache/history; not engineering deliverable
ce-parts/microduck-banana-pcb-locker/iterations/v0.0.1/evidence/ledger.jsonl,357,"Redundant screenshots, temporary logs or simulation frame dump; not a design source"
ce-parts/microduck-banana-pcb-locker/iterations/v0.0.1/evidence/refcheck/2026-09-01T14-58-11Z/ours.stl.build.log,106,"Redundant screenshots, temporary logs or simulation frame dump; not a design source"
ce-parts/microduck-banana-pcb-locker/iterations/v0.0.1/evidence/refcheck/2026-09-01T14-58-11Z/ours_iso.png,14610,"Redundant screenshots, temporary logs or simulation frame dump; not a design source"
ce-parts/microduck-banana-pcb-locker/iterations/v0.0.1/evidence/refcheck/2026-09-01T14-58-11Z/overlay_front.png,21171,"Redundant screenshots, temporary logs or simulation frame dump; not a design source"
ce-parts/microduck-banana-pcb-locker/iterations/v0.0.1/evidence/refcheck/2026-09-01T14-58-11Z/overlay_iso.png,50844,"Redundant screenshots, temporary logs or simulation frame dump; not a design source"
ce-parts/microduck-banana-pcb-locker/iterations/v0.0.1/evidence/refcheck/2026-09-01T14-58-11Z/overlay_left.png,17102,"Redundant screenshots, temporary logs or simulation frame dump; not a design source"
ce-parts/microduck-banana-pcb-locker/iterations/v0.0.1/evidence/refcheck/2026-09-01T14-58-11Z/overlay_top.png,16868,"Redundant screenshots, temporary logs or simulation frame dump; not a design source"
ce-parts/microduck-banana-pcb-locker/iterations/v0.0.1/evidence/refcheck/2026-09-01T14-58-11Z/ref_iso.png,15760,"Redundant screenshots, temporary logs or simulation frame dump; not a design source"
ce-parts/microduck-bearing-roll/iterations/v0.0.1/evidence/ledger.jsonl,345,"Redundant screenshots, temporary logs or simulation frame dump; not a design source"
ce-parts/microduck-bearing-roll/iterations/v0.0.1/evidence/refcheck/2026-09-01T16-15-38Z/ours.stl.build.log,0,"Redundant screenshots, temporary logs or simulation frame dump; not a design source"
ce-parts/microduck-bearing-roll/iterations/v0.0.1/evidence/refcheck/2026-09-01T16-15-38Z/ours_iso.png,18262,"Redundant screenshots, temporary logs or simulation frame dump; not a design source"
ce-parts/microduck-bearing-roll/iterations/v0.0.1/evidence/refcheck/2026-09-01T16-15-38Z/overlay_front.png,20348,"Redundant screenshots, temporary logs or simulation frame dump; not a design source"
ce-parts/microduck-bearing-roll/iterations/v0.0.1/evidence/refcheck/2026-09-01T16-15-38Z/overlay_iso.png,85571,"Redundant screenshots, temporary logs or simulation frame dump; not a design source"
ce-parts/microduck-bearing-roll/iterations/v0.0.1/evidence/refcheck/2026-09-01T16-15-38Z/overlay_left.png,19097,"Redundant screenshots, temporary logs or simulation frame dump; not a design source"
ce-parts/microduck-bearing-roll/iterations/v0.0.1/evidence/refcheck/2026-09-01T16-15-38Z/overlay_top.png,24483,"Redundant screenshots, temporary logs or simulation frame dump; not a design source"
ce-parts/microduck-bearing-roll/iterations/v0.0.1/evidence/refcheck/2026-09-01T16-15-38Z/ref_iso.png,18115,"Redundant screenshots, temporary logs or simulation frame dump; not a design source"
ce-parts/microduck-bottom-head-shell/iterations/v0.0.1/evidence/ledger.jsonl,2148,"Redundant screenshots, temporary logs or simulation frame dump; not a design source"
ce-parts/microduck-eye-ring/iterations/v0.0.1/evidence/ledger.jsonl,9008,"Redundant screenshots, temporary logs or simulation frame dump; not a design source"
ce-parts/microduck-eye-ring/iterations/v0.0.1/evidence/refcheck/2026-09-04T19-21-10Z/ours.stl.build.log,106,"Redundant screenshots, temporary logs or simulation frame dump; not a design source"
ce-parts/microduck-eye-ring/iterations/v0.0.1/evidence/refcheck/2026-09-04T19-21-10Z/ours_iso.png,61314,"Redundant screenshots, temporary logs or simulation frame dump; not a design source"
ce-parts/microduck-eye-ring/iterations/v0.0.1/evidence/refcheck/2026-09-04T19-21-10Z/overlay_front.png,45407,"Redundant screenshots, temporary logs or simulation frame dump; not a design source"
ce-parts/microduck-eye-ring/iterations/v0.0.1/evidence/refcheck/2026-09-04T19-21-10Z/overlay_iso.png,209941,"Redundant screenshots, temporary logs or simulation frame dump; not a design source"
ce-parts/microduck-eye-ring/iterations/v0.0.1/evidence/refcheck/2026-09-04T19-21-10Z/overlay_left.png,80186,"Redundant screenshots, temporary logs or simulation frame dump; not a design source"
ce-parts/microduck-eye-ring/iterations/v0.0.1/evidence/refcheck/2026-09-04T19-21-10Z/overlay_top.png,39561,"Redundant screenshots, temporary logs or simulation frame dump; not a design source"
ce-parts/microduck-eye-ring/iterations/v0.0.1/evidence/refcheck/2026-09-04T19-21-10Z/ref_iso.png,67735,"Redundant screenshots, temporary logs or simulation frame dump; not a design source"
ce-parts/microduck-face-part/iterations/v0.0.1/evidence/ledger.jsonl,2369,"Redundant screenshots, temporary logs or simulation frame dump; not a design source"
ce-parts/microduck-foot-left/iterations/v0.0.1/evidence/ledger.jsonl,347,"Redundant screenshots, temporary logs or simulation frame dump; not a design source"
ce-parts/microduck-foot-left/iterations/v0.0.2/evidence/ledger.jsonl,9157,"Redundant screenshots, temporary logs or simulation frame dump; not a design source"
ce-parts/microduck-foot-left/iterations/v0.0.2/evidence/refcheck/2026-09-01T19-51-24Z/ours.stl.build.log,0,"Redundant screenshots, temporary logs or simulation frame dump; not a design source"
ce-parts/microduck-foot-left/iterations/v0.0.2/evidence/refcheck/2026-09-01T19-51-24Z/ours_iso.png,29983,"Redundant screenshots, temporary logs or simulation frame dump; not a design source"
ce-parts/microduck-foot-left/iterations/v0.0.2/evidence/refcheck/2026-09-01T19-51-24Z/overlay_front.png,48079,"Redundant screenshots, temporary logs or simulation frame dump; not a design source"
ce-parts/microduck-foot-left/iterations/v0.0.2/evidence/refcheck/2026-09-01T19-51-24Z/overlay_iso.png,175009,"Redundant screenshots, temporary logs or simulation frame dump; not a design source"
ce-parts/microduck-foot-left/iterations/v0.0.2/evidence/refcheck/2026-09-01T19-51-24Z/overlay_left.png,59169,"Redundant screenshots, temporary logs or simulation frame dump; not a design source"
ce-parts/microduck-foot-left/iterations/v0.0.2/evidence/refcheck/2026-09-01T19-51-24Z/overlay_top.png,87973,"Redundant screenshots, temporary logs or simulation frame dump; not a design source"
ce-parts/microduck-foot-left/iterations/v0.0.2/evidence/refcheck/2026-09-01T19-51-24Z/ref_iso.png,39417,"Redundant screenshots, temporary logs or simulation frame dump; not a design source"
ce-parts/microduck-foot-right/iterations/v0.0.1/evidence/ledger.jsonl,350,"Redundant screenshots, temporary logs or simulation frame dump; not a design source"
ce-parts/microduck-foot-right/iterations/v0.0.2/evidence/ledger.jsonl,349,"Redundant screenshots, temporary logs or simulation frame dump; not a design source"
ce-parts/microduck-foot-right/iterations/v0.0.2/evidence/refcheck/2026-09-01T19-53-33Z/ours.stl.build.log,0,"Redundant screenshots, temporary logs or simulation frame dump; not a design source"
ce-parts/microduck-foot-right/iterations/v0.0.2/evidence/refcheck/2026-09-01T19-53-33Z/ours_iso.png,29605,"Redundant screenshots, temporary logs or simulation frame dump; not a design source"
ce-parts/microduck-foot-right/iterations/v0.0.2/evidence/refcheck/2026-09-01T19-53-33Z/overlay_front.png,54519,"Redundant screenshots, temporary logs or simulation frame dump; not a design source"
ce-parts/microduck-foot-right/iterations/v0.0.2/evidence/refcheck/2026-09-01T19-53-33Z/overlay_iso.png,183224,"Redundant screenshots, temporary logs or simulation frame dump; not a design source"
ce-parts/microduck-foot-right/iterations/v0.0.2/evidence/refcheck/2026-09-01T19-53-33Z/overlay_left.png,58697,"Redundant screenshots, temporary logs or simulation frame dump; not a design source"
ce-parts/microduck-foot-right/iterations/v0.0.2/evidence/refcheck/2026-09-01T19-53-33Z/overlay_top.png,89268,"Redundant screenshots, temporary logs or simulation frame dump; not a design source"
ce-parts/microduck-foot-right/iterations/v0.0.2/evidence/refcheck/2026-09-01T19-53-33Z/ref_iso.png,38884,"Redundant screenshots, temporary logs or simulation frame dump; not a design source"
ce-parts/microduck-hip-bracket/iterations/v0.0.1/evidence/ledger.jsonl,9155,"Redundant screenshots, temporary logs or simulation frame dump; not a design source"
ce-parts/microduck-hip-bracket/iterations/v0.0.1/evidence/refcheck/2026-09-01T18-58-41Z/ours.stl.build.log,0,"Redundant screenshots, temporary logs or simulation frame dump; not a design source"
ce-parts/microduck-hip-bracket/iterations/v0.0.1/evidence/refcheck/2026-09-01T18-58-41Z/ours_iso.png,42425,"Redundant screenshots, temporary logs or simulation frame dump; not a design source"
ce-parts/microduck-hip-bracket/iterations/v0.0.1/evidence/refcheck/2026-09-01T18-58-41Z/overlay_front.png,91666,"Redundant screenshots, temporary logs or simulation frame dump; not a design source"
ce-parts/microduck-hip-bracket/iterations/v0.0.1/evidence/refcheck/2026-09-01T18-58-41Z/overlay_iso.png,260555,"Redundant screenshots, temporary logs or simulation frame dump; not a design source"
ce-parts/microduck-hip-bracket/iterations/v0.0.1/evidence/refcheck/2026-09-01T18-58-41Z/overlay_left.png,113386,"Redundant screenshots, temporary logs or simulation frame dump; not a design source"
ce-parts/microduck-hip-bracket/iterations/v0.0.1/evidence/refcheck/2026-09-01T18-58-41Z/overlay_top.png,89863,"Redundant screenshots, temporary logs or simulation frame dump; not a design source"
ce-parts/microduck-hip-bracket/iterations/v0.0.1/evidence/refcheck/2026-09-01T18-58-41Z/ref_iso.png,69019,"Redundant screenshots, temporary logs or simulation frame dump; not a design source"
ce-parts/microduck-jaw/iterations/v0.0.1/evidence/ledger.jsonl,2477,"Redundant screenshots, temporary logs or simulation frame dump; not a design source"
ce-parts/microduck-jaw-soft/iterations/v0.0.1/evidence/ledger.jsonl,344,"Redundant screenshots, temporary logs or simulation frame dump; not a design source"
ce-parts/microduck-m12-lens/iterations/v0.0.1/evidence/ledger.jsonl,0,"Redundant screenshots, temporary logs or simulation frame dump; not a design source"
ce-parts/microduck-m12-lens-holder/iterations/v0.0.1/evidence/ledger.jsonl,0,"Redundant screenshots, temporary logs or simulation frame dump; not a design source"
ce-parts/microduck-motor-support/iterations/v0.0.1/evidence/ledger.jsonl,359,"Redundant screenshots, temporary logs or simulation frame dump; not a design source"
ce-parts/microduck-motor-support/iterations/v0.1.0/evidence/ledger.jsonl,16320,"Redundant screenshots, temporary logs or simulation frame dump; not a design source"
ce-parts/microduck-motor-support/iterations/v0.1.0/evidence/refcheck/2026-09-01T19-55-33Z/ours.stl.build.log,0,"Redundant screenshots, temporary logs or simulation frame dump; not a design source"
ce-parts/microduck-motor-support/iterations/v0.1.0/evidence/refcheck/2026-09-01T19-55-33Z/ours_iso.png,24936,"Redundant screenshots, temporary logs or simulation frame dump; not a design source"
ce-parts/microduck-motor-support/iterations/v0.1.0/evidence/refcheck/2026-09-01T19-55-33Z/overlay_front.png,28895,"Redundant screenshots, temporary logs or simulation frame dump; not a design source"
ce-parts/microduck-motor-support/iterations/v0.1.0/evidence/refcheck/2026-09-01T19-55-33Z/overlay_iso.png,131660,"Redundant screenshots, temporary logs or simulation frame dump; not a design source"
ce-parts/microduck-motor-support/iterations/v0.1.0/evidence/refcheck/2026-09-01T19-55-33Z/overlay_left.png,27169,"Redundant screenshots, temporary logs or simulation frame dump; not a design source"
ce-parts/microduck-motor-support/iterations/v0.1.0/evidence/refcheck/2026-09-01T19-55-33Z/overlay_top.png,36336,"Redundant screenshots, temporary logs or simulation frame dump; not a design source"
ce-parts/microduck-motor-support/iterations/v0.1.0/evidence/refcheck/2026-09-01T19-55-33Z/ref_iso.png,25968,"Redundant screenshots, temporary logs or simulation frame dump; not a design source"
ce-parts/microduck-neck-pitch-bracket/iterations/v0.0.1/evidence/ledger.jsonl,11825,"Redundant screenshots, temporary logs or simulation frame dump; not a design source"
ce-parts/microduck-neck-pitch-bracket/iterations/v0.0.1/evidence/refcheck/2026-09-01T19-38-41Z/ours.stl.build.log,0,"Redundant screenshots, temporary logs or simulation frame dump; not a design source"
ce-parts/microduck-neck-pitch-bracket/iterations/v0.0.1/evidence/refcheck/2026-09-01T19-38-41Z/ours_iso.png,34534,"Redundant screenshots, temporary logs or simulation frame dump; not a design source"
ce-parts/microduck-neck-pitch-bracket/iterations/v0.0.1/evidence/refcheck/2026-09-01T19-38-41Z/overlay_front.png,36019,"Redundant screenshots, temporary logs or simulation frame dump; not a design source"
ce-parts/microduck-neck-pitch-bracket/iterations/v0.0.1/evidence/refcheck/2026-09-01T19-38-41Z/overlay_iso.png,232721,"Redundant screenshots, temporary logs or simulation frame dump; not a design source"
ce-parts/microduck-neck-pitch-bracket/iterations/v0.0.1/evidence/refcheck/2026-09-01T19-38-41Z/overlay_left.png,35191,"Redundant screenshots, temporary logs or simulation frame dump; not a design source"
ce-parts/microduck-neck-pitch-bracket/iterations/v0.0.1/evidence/refcheck/2026-09-01T19-38-41Z/overlay_top.png,57533,"Redundant screenshots, temporary logs or simulation frame dump; not a design source"
ce-parts/microduck-neck-pitch-bracket/iterations/v0.0.1/evidence/refcheck/2026-09-01T19-38-41Z/ref_iso.png,30817,"Redundant screenshots, temporary logs or simulation frame dump; not a design source"
ce-parts/microduck-neck-plate/iterations/v0.0.1/evidence/ledger.jsonl,14546,"Redundant screenshots, temporary logs or simulation frame dump; not a design source"
ce-parts/microduck-neck-plate/iterations/v0.0.1/evidence/refcheck/2026-09-01T19-35-29Z/ours.stl.build.log,0,"Redundant screenshots, temporary logs or simulation frame dump; not a design source"
ce-parts/microduck-neck-plate/iterations/v0.0.1/evidence/refcheck/2026-09-01T19-35-29Z/ours_iso.png,24038,"Redundant screenshots, temporary logs or simulation frame dump; not a design source"
ce-parts/microduck-neck-plate/iterations/v0.0.1/evidence/refcheck/2026-09-01T19-35-29Z/overlay_front.png,18185,"Redundant screenshots, temporary logs or simulation frame dump; not a design source"
ce-parts/microduck-neck-plate/iterations/v0.0.1/evidence/refcheck/2026-09-01T19-35-29Z/overlay_iso.png,130433,"Redundant screenshots, temporary logs or simulation frame dump; not a design source"
ce-parts/microduck-neck-plate/iterations/v0.0.1/evidence/refcheck/2026-09-01T19-35-29Z/overlay_left.png,20404,"Redundant screenshots, temporary logs or simulation frame dump; not a design source"
ce-parts/microduck-neck-plate/iterations/v0.0.1/evidence/refcheck/2026-09-01T19-35-29Z/overlay_top.png,17948,"Redundant screenshots, temporary logs or simulation frame dump; not a design source"
ce-parts/microduck-neck-plate/iterations/v0.0.1/evidence/refcheck/2026-09-01T19-35-29Z/ref_iso.png,21420,"Redundant screenshots, temporary logs or simulation frame dump; not a design source"
ce-parts/microduck-power-support/iterations/v0.0.1/cad/__pycache__/part.cpython-311.pyc,20647,Development cache/history; not engineering deliverable
ce-parts/microduck-power-support/iterations/v0.0.1/evidence/ledger.jsonl,9544,"Redundant screenshots, temporary logs or simulation frame dump; not a design source"
ce-parts/microduck-power-support/iterations/v0.0.1/evidence/refcheck/2026-09-01T14-59-09Z/ours.stl.build.log,0,"Redundant screenshots, temporary logs or simulation frame dump; not a design source"
ce-parts/microduck-power-support/iterations/v0.0.1/evidence/refcheck/2026-09-01T14-59-09Z/ours_iso.png,24487,"Redundant screenshots, temporary logs or simulation frame dump; not a design source"
ce-parts/microduck-power-support/iterations/v0.0.1/evidence/refcheck/2026-09-01T14-59-09Z/overlay_front.png,20047,"Redundant screenshots, temporary logs or simulation frame dump; not a design source"
ce-parts/microduck-power-support/iterations/v0.0.1/evidence/refcheck/2026-09-01T14-59-09Z/overlay_iso.png,139501,"Redundant screenshots, temporary logs or simulation frame dump; not a design source"
ce-parts/microduck-power-support/iterations/v0.0.1/evidence/refcheck/2026-09-01T14-59-09Z/overlay_left.png,24946,"Redundant screenshots, temporary logs or simulation frame dump; not a design source"
ce-parts/microduck-power-support/iterations/v0.0.1/evidence/refcheck/2026-09-01T14-59-09Z/overlay_top.png,20394,"Redundant screenshots, temporary logs or simulation frame dump; not a design source"
ce-parts/microduck-power-support/iterations/v0.0.1/evidence/refcheck/2026-09-01T14-59-09Z/ref_iso.png,26238,"Redundant screenshots, temporary logs or simulation frame dump; not a design source"
ce-parts/microduck-power-support/iterations/v0.0.1/evidence/refcheck/2026-09-01T15-10-11Z/ours.stl.build.log,0,"Redundant screenshots, temporary logs or simulation frame dump; not a design source"
ce-parts/microduck-power-support/iterations/v0.0.1/evidence/refcheck/2026-09-01T15-10-11Z/ours_iso.png,24436,"Redundant screenshots, temporary logs or simulation frame dump; not a design source"
ce-parts/microduck-power-support/iterations/v0.0.1/evidence/refcheck/2026-09-01T15-10-11Z/overlay_front.png,20349,"Redundant screenshots, temporary logs or simulation frame dump; not a design source"
ce-parts/microduck-power-support/iterations/v0.0.1/evidence/refcheck/2026-09-01T15-10-11Z/overlay_iso.png,140054,"Redundant screenshots, temporary logs or simulation frame dump; not a design source"
ce-parts/microduck-power-support/iterations/v0.0.1/evidence/refcheck/2026-09-01T15-10-11Z/overlay_left.png,25050,"Redundant screenshots, temporary logs or simulation frame dump; not a design source"
ce-parts/microduck-power-support/iterations/v0.0.1/evidence/refcheck/2026-09-01T15-10-11Z/overlay_top.png,20501,"Redundant screenshots, temporary logs or simulation frame dump; not a design source"
ce-parts/microduck-power-support/iterations/v0.0.1/evidence/refcheck/2026-09-01T15-10-11Z/ref_iso.png,26238,"Redundant screenshots, temporary logs or simulation frame dump; not a design source"
ce-parts/microduck-public-hat-y1/docs/lcsc-page-1.png,342708,"Redundant screenshots, temporary logs or simulation frame dump; not a design source"
ce-parts/microduck-public-hat-y1/docs/lcsc-page-2.png,482036,"Redundant screenshots, temporary logs or simulation frame dump; not a design source"
ce-parts/microduck-public-hat-y1/docs/yxc-page-1.png,296334,"Redundant screenshots, temporary logs or simulation frame dump; not a design source"
ce-parts/microduck-public-hat-y1/docs/yxc-page-2.png,438611,"Redundant screenshots, temporary logs or simulation frame dump; not a design source"
ce-parts/microduck-robot-hat-pcb/iterations/v0.0.1/evidence/ledger.jsonl,362,"Redundant screenshots, temporary logs or simulation frame dump; not a design source"
ce-parts/microduck-robot-hat-pcb/iterations/v0.0.1/evidence/refcheck/2026-09-02T09-10-27Z/ours.stl.build.log,105,"Redundant screenshots, temporary logs or simulation frame dump; not a design source"
ce-parts/microduck-robot-hat-pcb/iterations/v0.0.1/evidence/refcheck/2026-09-02T09-10-27Z/ours_iso.png,19514,"Redundant screenshots, temporary logs or simulation frame dump; not a design source"
ce-parts/microduck-robot-hat-pcb/iterations/v0.0.1/evidence/refcheck/2026-09-02T09-10-27Z/overlay_front.png,18321,"Redundant screenshots, temporary logs or simulation frame dump; not a design source"
ce-parts/microduck-robot-hat-pcb/iterations/v0.0.1/evidence/refcheck/2026-09-02T09-10-27Z/overlay_iso.png,82813,"Redundant screenshots, temporary logs or simulation frame dump; not a design source"
ce-parts/microduck-robot-hat-pcb/iterations/v0.0.1/evidence/refcheck/2026-09-02T09-10-27Z/overlay_left.png,17002,"Redundant screenshots, temporary logs or simulation frame dump; not a design source"
ce-parts/microduck-robot-hat-pcb/iterations/v0.0.1/evidence/refcheck/2026-09-02T09-10-27Z/overlay_top.png,35867,"Redundant screenshots, temporary logs or simulation frame dump; not a design source"
ce-parts/microduck-robot-hat-pcb/iterations/v0.0.1/evidence/refcheck/2026-09-02T09-10-27Z/ref_iso.png,21270,"Redundant screenshots, temporary logs or simulation frame dump; not a design source"
ce-parts/microduck-shin/iterations/v0.0.1/cad/__pycache__/part.cpython-311.pyc,10770,Development cache/history; not engineering deliverable
ce-parts/microduck-shin/iterations/v0.0.1/evidence/cad/2026-09-01-151826/microduck-shin.png,66662,"Redundant screenshots, temporary logs or simulation frame dump; not a design source"
ce-parts/microduck-shin/iterations/v0.0.1/evidence/ledger.jsonl,14260,"Redundant screenshots, temporary logs or simulation frame dump; not a design source"
ce-parts/microduck-shin/iterations/v0.0.1/evidence/refcheck/2026-09-01T14-05-50Z/ours.stl.build.log,105,"Redundant screenshots, temporary logs or simulation frame dump; not a design source"
ce-parts/microduck-shin/iterations/v0.0.1/evidence/refcheck/2026-09-01T14-05-50Z/ours_iso.png,160226,"Redundant screenshots, temporary logs or simulation frame dump; not a design source"
ce-parts/microduck-shin/iterations/v0.0.1/evidence/refcheck/2026-09-01T14-05-50Z/overlay_front.png,306377,"Redundant screenshots, temporary logs or simulation frame dump; not a design source"
ce-parts/microduck-shin/iterations/v0.0.1/evidence/refcheck/2026-09-01T14-05-50Z/overlay_iso.png,335550,"Redundant screenshots, temporary logs or simulation frame dump; not a design source"
ce-parts/microduck-shin/iterations/v0.0.1/evidence/refcheck/2026-09-01T14-05-50Z/overlay_left.png,106777,"Redundant screenshots, temporary logs or simulation frame dump; not a design source"
ce-parts/microduck-shin/iterations/v0.0.1/evidence/refcheck/2026-09-01T14-05-50Z/overlay_top.png,191934,"Redundant screenshots, temporary logs or simulation frame dump; not a design source"
ce-parts/microduck-shin/iterations/v0.0.1/evidence/refcheck/2026-09-01T14-05-50Z/ref_iso.png,190538,"Redundant screenshots, temporary logs or simulation frame dump; not a design source"
ce-parts/microduck-soft-mouth-top/iterations/v0.0.1/evidence/ledger.jsonl,362,"Redundant screenshots, temporary logs or simulation frame dump; not a design source"
ce-parts/microduck-sole-left/iterations/v0.0.1/evidence/ledger.jsonl,347,"Redundant screenshots, temporary logs or simulation frame dump; not a design source"
ce-parts/microduck-sole-left/iterations/v0.0.2/evidence/ledger.jsonl,9129,"Redundant screenshots, temporary logs or simulation frame dump; not a design source"
ce-parts/microduck-sole-left/iterations/v0.0.2/evidence/refcheck/2026-09-01T19-44-18Z/ours.stl.build.log,0,"Redundant screenshots, temporary logs or simulation frame dump; not a design source"
ce-parts/microduck-sole-left/iterations/v0.0.2/evidence/refcheck/2026-09-01T19-44-18Z/ours_iso.png,34429,"Redundant screenshots, temporary logs or simulation frame dump; not a design source"
ce-parts/microduck-sole-left/iterations/v0.0.2/evidence/refcheck/2026-09-01T19-44-18Z/overlay_front.png,64836,"Redundant screenshots, temporary logs or simulation frame dump; not a design source"
ce-parts/microduck-sole-left/iterations/v0.0.2/evidence/refcheck/2026-09-01T19-44-18Z/overlay_iso.png,177991,"Redundant screenshots, temporary logs or simulation frame dump; not a design source"
ce-parts/microduck-sole-left/iterations/v0.0.2/evidence/refcheck/2026-09-01T19-44-18Z/overlay_left.png,98491,"Redundant screenshots, temporary logs or simulation frame dump; not a design source"
ce-parts/microduck-sole-left/iterations/v0.0.2/evidence/refcheck/2026-09-01T19-44-18Z/overlay_top.png,144692,"Redundant screenshots, temporary logs or simulation frame dump; not a design source"
ce-parts/microduck-sole-left/iterations/v0.0.2/evidence/refcheck/2026-09-01T19-44-18Z/ref_iso.png,51704,"Redundant screenshots, temporary logs or simulation frame dump; not a design source"
ce-parts/microduck-sole-right/iterations/v0.0.1/evidence/ledger.jsonl,350,"Redundant screenshots, temporary logs or simulation frame dump; not a design source"
ce-parts/microduck-sole-right/iterations/v0.0.2/evidence/ledger.jsonl,348,"Redundant screenshots, temporary logs or simulation frame dump; not a design source"
ce-parts/microduck-sole-right/iterations/v0.0.2/evidence/refcheck/2026-09-01T19-50-56Z/ours.stl.build.log,0,"Redundant screenshots, temporary logs or simulation frame dump; not a design source"
ce-parts/microduck-sole-right/iterations/v0.0.2/evidence/refcheck/2026-09-01T19-50-56Z/ours_iso.png,34632,"Redundant screenshots, temporary logs or simulation frame dump; not a design source"
ce-parts/microduck-sole-right/iterations/v0.0.2/evidence/refcheck/2026-09-01T19-50-56Z/overlay_front.png,79029,"Redundant screenshots, temporary logs or simulation frame dump; not a design source"
ce-parts/microduck-sole-right/iterations/v0.0.2/evidence/refcheck/2026-09-01T19-50-56Z/overlay_iso.png,183075,"Redundant screenshots, temporary logs or simulation frame dump; not a design source"
ce-parts/microduck-sole-right/iterations/v0.0.2/evidence/refcheck/2026-09-01T19-50-56Z/overlay_left.png,99008,"Redundant screenshots, temporary logs or simulation frame dump; not a design source"
ce-parts/microduck-sole-right/iterations/v0.0.2/evidence/refcheck/2026-09-01T19-50-56Z/overlay_top.png,145445,"Redundant screenshots, temporary logs or simulation frame dump; not a design source"
ce-parts/microduck-sole-right/iterations/v0.0.2/evidence/refcheck/2026-09-01T19-50-56Z/ref_iso.png,52195,"Redundant screenshots, temporary logs or simulation frame dump; not a design source"
ce-parts/microduck-speaker/iterations/v0.0.1/evidence/ledger.jsonl,343,"Redundant screenshots, temporary logs or simulation frame dump; not a design source"
ce-parts/microduck-speaker/iterations/v0.0.1/evidence/refcheck/2026-09-02T09-11-28Z/ours.stl.build.log,105,"Redundant screenshots, temporary logs or simulation frame dump; not a design source"
ce-parts/microduck-speaker/iterations/v0.0.1/evidence/refcheck/2026-09-02T09-11-28Z/ours_iso.png,11335,"Redundant screenshots, temporary logs or simulation frame dump; not a design source"
ce-parts/microduck-speaker/iterations/v0.0.1/evidence/refcheck/2026-09-02T09-11-28Z/overlay_front.png,14394,"Redundant screenshots, temporary logs or simulation frame dump; not a design source"
ce-parts/microduck-speaker/iterations/v0.0.1/evidence/refcheck/2026-09-02T09-11-28Z/overlay_iso.png,20759,"Redundant screenshots, temporary logs or simulation frame dump; not a design source"
ce-parts/microduck-speaker/iterations/v0.0.1/evidence/refcheck/2026-09-02T09-11-28Z/overlay_left.png,14959,"Redundant screenshots, temporary logs or simulation frame dump; not a design source"
ce-parts/microduck-speaker/iterations/v0.0.1/evidence/refcheck/2026-09-02T09-11-28Z/overlay_top.png,16152,"Redundant screenshots, temporary logs or simulation frame dump; not a design source"
ce-parts/microduck-speaker/iterations/v0.0.1/evidence/refcheck/2026-09-02T09-11-28Z/ref_iso.png,11036,"Redundant screenshots, temporary logs or simulation frame dump; not a design source"
ce-parts/microduck-top-head-shell/iterations/v0.0.1/evidence/ledger.jsonl,2510,"Redundant screenshots, temporary logs or simulation frame dump; not a design source"
ce-parts/microduck-trunk-base/iterations/v0.0.1/cad/__pycache__/part.cpython-311.pyc,5592,Development cache/history; not engineering deliverable
ce-parts/microduck-trunk-base/iterations/v0.0.1/evidence/ledger.jsonl,11723,"Redundant screenshots, temporary logs or simulation frame dump; not a design source"
ce-parts/microduck-trunk-base/iterations/v0.0.1/evidence/refcheck/2026-09-01T14-56-00Z/ours.stl.build.log,0,"Redundant screenshots, temporary logs or simulation frame dump; not a design source"
ce-parts/microduck-trunk-base/iterations/v0.0.1/evidence/refcheck/2026-09-01T14-56-00Z/ours_iso.png,19506,"Redundant screenshots, temporary logs or simulation frame dump; not a design source"
ce-parts/microduck-trunk-base/iterations/v0.0.1/evidence/refcheck/2026-09-01T14-56-00Z/overlay_front.png,18614,"Redundant screenshots, temporary logs or simulation frame dump; not a design source"
ce-parts/microduck-trunk-base/iterations/v0.0.1/evidence/refcheck/2026-09-01T14-56-00Z/overlay_iso.png,69366,"Redundant screenshots, temporary logs or simulation frame dump; not a design source"
ce-parts/microduck-trunk-base/iterations/v0.0.1/evidence/refcheck/2026-09-01T14-56-00Z/overlay_left.png,19535,"Redundant screenshots, temporary logs or simulation frame dump; not a design source"
ce-parts/microduck-trunk-base/iterations/v0.0.1/evidence/refcheck/2026-09-01T14-56-00Z/overlay_top.png,19727,"Redundant screenshots, temporary logs or simulation frame dump; not a design source"
ce-parts/microduck-trunk-base/iterations/v0.0.1/evidence/refcheck/2026-09-01T14-56-00Z/ref_iso.png,18793,"Redundant screenshots, temporary logs or simulation frame dump; not a design source"
ce-parts/microduck-trunk-shell-left/iterations/v0.0.1/evidence/ledger.jsonl,351,"Redundant screenshots, temporary logs or simulation frame dump; not a design source"
ce-parts/microduck-trunk-shell-left/iterations/v0.0.2/cad/__pycache__/part.cpython-311.pyc,24235,Development cache/history; not engineering deliverable
ce-parts/microduck-trunk-shell-left/iterations/v0.0.2/evidence/ledger.jsonl,0,"Redundant screenshots, temporary logs or simulation frame dump; not a design source"
ce-parts/microduck-trunk-shell-right/iterations/v0.0.1/evidence/ledger.jsonl,354,"Redundant screenshots, temporary logs or simulation frame dump; not a design source"
ce-parts/microduck-trunk-shell-right/iterations/v0.0.2/cad/__pycache__/part.cpython-311.pyc,24236,Development cache/history; not engineering deliverable
ce-parts/microduck-trunk-shell-right/iterations/v0.0.2/evidence/ledger.jsonl,0,"Redundant screenshots, temporary logs or simulation frame dump; not a design source"
ce-parts/microduck-upper-leg-left/iterations/v0.0.1/evidence/ledger.jsonl,8492,"Redundant screenshots, temporary logs or simulation frame dump; not a design source"
ce-parts/microduck-upper-leg-left/iterations/v0.0.1/evidence/refcheck/2026-09-01T14-56-45Z/ours.stl.build.log,0,"Redundant screenshots, temporary logs or simulation frame dump; not a design source"
ce-parts/microduck-upper-leg-left/iterations/v0.0.1/evidence/refcheck/2026-09-01T14-56-45Z/ours_iso.png,45806,"Redundant screenshots, temporary logs or simulation frame dump; not a design source"
ce-parts/microduck-upper-leg-left/iterations/v0.0.1/evidence/refcheck/2026-09-01T14-56-45Z/overlay_front.png,112010,"Redundant screenshots, temporary logs or simulation frame dump; not a design source"
ce-parts/microduck-upper-leg-left/iterations/v0.0.1/evidence/refcheck/2026-09-01T14-56-45Z/overlay_iso.png,203112,"Redundant screenshots, temporary logs or simulation frame dump; not a design source"
ce-parts/microduck-upper-leg-left/iterations/v0.0.1/evidence/refcheck/2026-09-01T14-56-45Z/overlay_left.png,59380,"Redundant screenshots, temporary logs or simulation frame dump; not a design source"
ce-parts/microduck-upper-leg-left/iterations/v0.0.1/evidence/refcheck/2026-09-01T14-56-45Z/overlay_top.png,80716,"Redundant screenshots, temporary logs or simulation frame dump; not a design source"
ce-parts/microduck-upper-leg-left/iterations/v0.0.1/evidence/refcheck/2026-09-01T14-56-45Z/ref_iso.png,42143,"Redundant screenshots, temporary logs or simulation frame dump; not a design source"
ce-parts/microduck-upper-leg-left/iterations/v0.0.1/evidence/refcheck/2026-09-03T18-10-32Z/ours.stl.build.log,0,"Redundant screenshots, temporary logs or simulation frame dump; not a design source"
ce-parts/microduck-upper-leg-left/iterations/v0.0.1/evidence/refcheck/2026-09-03T18-10-32Z/ours_iso.png,69245,"Redundant screenshots, temporary logs or simulation frame dump; not a design source"
ce-parts/microduck-upper-leg-left/iterations/v0.0.1/evidence/refcheck/2026-09-03T18-10-32Z/overlay_front.png,123042,"Redundant screenshots, temporary logs or simulation frame dump; not a design source"
ce-parts/microduck-upper-leg-left/iterations/v0.0.1/evidence/refcheck/2026-09-03T18-10-32Z/overlay_iso.png,234041,"Redundant screenshots, temporary logs or simulation frame dump; not a design source"
ce-parts/microduck-upper-leg-left/iterations/v0.0.1/evidence/refcheck/2026-09-03T18-10-32Z/overlay_left.png,68358,"Redundant screenshots, temporary logs or simulation frame dump; not a design source"
ce-parts/microduck-upper-leg-left/iterations/v0.0.1/evidence/refcheck/2026-09-03T18-10-32Z/overlay_top.png,95498,"Redundant screenshots, temporary logs or simulation frame dump; not a design source"
ce-parts/microduck-upper-leg-left/iterations/v0.0.1/evidence/refcheck/2026-09-03T18-10-32Z/ref_iso.png,71229,"Redundant screenshots, temporary logs or simulation frame dump; not a design source"
ce-parts/microduck-upper-leg-left/iterations/v0.0.1/evidence/refcheck/2026-09-03T23-04-30Z/ours.stl.build.log,106,"Redundant screenshots, temporary logs or simulation frame dump; not a design source"
ce-parts/microduck-upper-leg-left/iterations/v0.0.1/evidence/refcheck/2026-09-03T23-04-30Z/ours_iso.png,69488,"Redundant screenshots, temporary logs or simulation frame dump; not a design source"
ce-parts/microduck-upper-leg-left/iterations/v0.0.1/evidence/refcheck/2026-09-03T23-04-30Z/overlay_front.png,122848,"Redundant screenshots, temporary logs or simulation frame dump; not a design source"
ce-parts/microduck-upper-leg-left/iterations/v0.0.1/evidence/refcheck/2026-09-03T23-04-30Z/overlay_iso.png,232833,"Redundant screenshots, temporary logs or simulation frame dump; not a design source"
ce-parts/microduck-upper-leg-left/iterations/v0.0.1/evidence/refcheck/2026-09-03T23-04-30Z/overlay_left.png,68228,"Redundant screenshots, temporary logs or simulation frame dump; not a design source"
ce-parts/microduck-upper-leg-left/iterations/v0.0.1/evidence/refcheck/2026-09-03T23-04-30Z/overlay_top.png,95511,"Redundant screenshots, temporary logs or simulation frame dump; not a design source"
ce-parts/microduck-upper-leg-left/iterations/v0.0.1/evidence/refcheck/2026-09-03T23-04-30Z/ref_iso.png,71229,"Redundant screenshots, temporary logs or simulation frame dump; not a design source"
ce-parts/microduck-upper-leg-right/iterations/v0.0.1/evidence/ledger.jsonl,354,"Redundant screenshots, temporary logs or simulation frame dump; not a design source"
ce-parts/microduck-upper-leg-right/iterations/v0.0.1/evidence/refcheck/2026-09-01T15-14-32Z/ours.stl.build.log,0,"Redundant screenshots, temporary logs or simulation frame dump; not a design source"
ce-parts/microduck-upper-leg-right/iterations/v0.0.1/evidence/refcheck/2026-09-01T15-14-32Z/ours_iso.png,29343,"Redundant screenshots, temporary logs or simulation frame dump; not a design source"
ce-parts/microduck-upper-leg-right/iterations/v0.0.1/evidence/refcheck/2026-09-01T15-14-32Z/overlay_front.png,119485,"Redundant screenshots, temporary logs or simulation frame dump; not a design source"
ce-parts/microduck-upper-leg-right/iterations/v0.0.1/evidence/refcheck/2026-09-01T15-14-32Z/overlay_iso.png,178941,"Redundant screenshots, temporary logs or simulation frame dump; not a design source"
ce-parts/microduck-upper-leg-right/iterations/v0.0.1/evidence/refcheck/2026-09-01T15-14-32Z/overlay_left.png,65391,"Redundant screenshots, temporary logs or simulation frame dump; not a design source"
ce-parts/microduck-upper-leg-right/iterations/v0.0.1/evidence/refcheck/2026-09-01T15-14-32Z/overlay_top.png,79738,"Redundant screenshots, temporary logs or simulation frame dump; not a design source"
ce-parts/microduck-upper-leg-right/iterations/v0.0.1/evidence/refcheck/2026-09-01T15-14-32Z/ref_iso.png,33711,"Redundant screenshots, temporary logs or simulation frame dump; not a design source"
ce-parts/microduck-upper-leg-rigidity-plate/iterations/v0.0.1/evidence/ledger.jsonl,15772,"Redundant screenshots, temporary logs or simulation frame dump; not a design source"
ce-parts/microduck-upper-leg-rigidity-plate/iterations/v0.0.1/evidence/refcheck/2026-09-01T18-48-27Z/ours.stl.build.log,0,"Redundant screenshots, temporary logs or simulation frame dump; not a design source"
ce-parts/microduck-upper-leg-rigidity-plate/iterations/v0.0.1/evidence/refcheck/2026-09-01T18-48-27Z/ours_iso.png,23543,"Redundant screenshots, temporary logs or simulation frame dump; not a design source"
ce-parts/microduck-upper-leg-rigidity-plate/iterations/v0.0.1/evidence/refcheck/2026-09-01T18-48-27Z/overlay_front.png,22361,"Redundant screenshots, temporary logs or simulation frame dump; not a design source"
ce-parts/microduck-upper-leg-rigidity-plate/iterations/v0.0.1/evidence/refcheck/2026-09-01T18-48-27Z/overlay_iso.png,85591,"Redundant screenshots, temporary logs or simulation frame dump; not a design source"
ce-parts/microduck-upper-leg-rigidity-plate/iterations/v0.0.1/evidence/refcheck/2026-09-01T18-48-27Z/overlay_left.png,19021,"Redundant screenshots, temporary logs or simulation frame dump; not a design source"
ce-parts/microduck-upper-leg-rigidity-plate/iterations/v0.0.1/evidence/refcheck/2026-09-01T18-48-27Z/overlay_top.png,21465,"Redundant screenshots, temporary logs or simulation frame dump; not a design source"
ce-parts/microduck-upper-leg-rigidity-plate/iterations/v0.0.1/evidence/refcheck/2026-09-01T18-48-27Z/ref_iso.png,22402,"Redundant screenshots, temporary logs or simulation frame dump; not a design source"
ce-parts/microduck-yaw-roll-motion/iterations/v0.0.1/evidence/ledger.jsonl,11800,"Redundant screenshots, temporary logs or simulation frame dump; not a design source"
ce-parts/microduck-yaw-roll-motion/iterations/v0.0.1/evidence/refcheck/2026-09-01T19-39-39Z/ours.stl.build.log,0,"Redundant screenshots, temporary logs or simulation frame dump; not a design source"
ce-parts/microduck-yaw-roll-motion/iterations/v0.0.1/evidence/refcheck/2026-09-01T19-39-39Z/ours_iso.png,38372,"Redundant screenshots, temporary logs or simulation frame dump; not a design source"
ce-parts/microduck-yaw-roll-motion/iterations/v0.0.1/evidence/refcheck/2026-09-01T19-39-39Z/overlay_front.png,37606,"Redundant screenshots, temporary logs or simulation frame dump; not a design source"
ce-parts/microduck-yaw-roll-motion/iterations/v0.0.1/evidence/refcheck/2026-09-01T19-39-39Z/overlay_iso.png,179839,"Redundant screenshots, temporary logs or simulation frame dump; not a design source"
ce-parts/microduck-yaw-roll-motion/iterations/v0.0.1/evidence/refcheck/2026-09-01T19-39-39Z/overlay_left.png,36224,"Redundant screenshots, temporary logs or simulation frame dump; not a design source"
ce-parts/microduck-yaw-roll-motion/iterations/v0.0.1/evidence/refcheck/2026-09-01T19-39-39Z/overlay_top.png,38222,"Redundant screenshots, temporary logs or simulation frame dump; not a design source"
ce-parts/microduck-yaw-roll-motion/iterations/v0.0.1/evidence/refcheck/2026-09-01T19-39-39Z/ref_iso.png,28480,"Redundant screenshots, temporary logs or simulation frame dump; not a design source"
ce-parts/microduck-yaw2roll/iterations/v0.0.1/evidence/ledger.jsonl,9045,"Redundant screenshots, temporary logs or simulation frame dump; not a design source"
ce-parts/microduck-yaw2roll/iterations/v0.0.1/evidence/refcheck/2026-09-01T16-15-15Z/ours.stl.build.log,0,"Redundant screenshots, temporary logs or simulation frame dump; not a design source"
ce-parts/microduck-yaw2roll/iterations/v0.0.1/evidence/refcheck/2026-09-01T16-15-15Z/ours_iso.png,28111,"Redundant screenshots, temporary logs or simulation frame dump; not a design source"
ce-parts/microduck-yaw2roll/iterations/v0.0.1/evidence/refcheck/2026-09-01T16-15-15Z/overlay_front.png,40032,"Redundant screenshots, temporary logs or simulation frame dump; not a design source"
ce-parts/microduck-yaw2roll/iterations/v0.0.1/evidence/refcheck/2026-09-01T16-15-15Z/overlay_iso.png,155670,"Redundant screenshots, temporary logs or simulation frame dump; not a design source"
ce-parts/microduck-yaw2roll/iterations/v0.0.1/evidence/refcheck/2026-09-01T16-15-15Z/overlay_left.png,40488,"Redundant screenshots, temporary logs or simulation frame dump; not a design source"
ce-parts/microduck-yaw2roll/iterations/v0.0.1/evidence/refcheck/2026-09-01T16-15-15Z/overlay_top.png,45347,"Redundant screenshots, temporary logs or simulation frame dump; not a design source"
ce-parts/microduck-yaw2roll/iterations/v0.0.1/evidence/refcheck/2026-09-01T16-15-15Z/ref_iso.png,27892,"Redundant screenshots, temporary logs or simulation frame dump; not a design source"
ce-parts/np-f550/iterations/v0.0.1/cad/__pycache__/part.cpython-311.pyc,8060,Development cache/history; not engineering deliverable
ce-parts/np-f550/iterations/v0.0.1/evidence/ledger.jsonl,1326,"Redundant screenshots, temporary logs or simulation frame dump; not a design source"
ce-parts/np-f550/iterations/v0.0.1/evidence/refcheck/2026-09-02T11-51-01Z/ours.stl.build.log,0,"Redundant screenshots, temporary logs or simulation frame dump; not a design source"
ce-parts/np-f550/iterations/v0.0.1/evidence/refcheck/2026-09-02T11-51-01Z/overlay_front.png,21809,"Redundant screenshots, temporary logs or simulation frame dump; not a design source"
ce-parts/np-f550/iterations/v0.0.1/evidence/refcheck/2026-09-02T11-51-01Z/overlay_left.png,25312,"Redundant screenshots, temporary logs or simulation frame dump; not a design source"
ce-parts/np-f550/iterations/v0.0.1/evidence/refcheck/2026-09-02T11-51-01Z/overlay_top.png,30332,"Redundant screenshots, temporary logs or simulation frame dump; not a design source"
ce-parts/np-f550/iterations/v0.0.1/evidence/refcheck/2026-09-02T11-53-08Z/ours.stl.build.log,105,"Redundant screenshots, temporary logs or simulation frame dump; not a design source"
ce-parts/np-f550/iterations/v0.0.1/evidence/refcheck/2026-09-02T11-53-08Z/ours_iso.png,12575,"Redundant screenshots, temporary logs or simulation frame dump; not a design source"
ce-parts/np-f550/iterations/v0.0.1/evidence/refcheck/2026-09-02T11-53-08Z/overlay_front.png,21809,"Redundant screenshots, temporary logs or simulation frame dump; not a design source"
ce-parts/np-f550/iterations/v0.0.1/evidence/refcheck/2026-09-02T11-53-08Z/overlay_iso.png,62136,"Redundant screenshots, temporary logs or simulation frame dump; not a design source"
ce-parts/np-f550/iterations/v0.0.1/evidence/refcheck/2026-09-02T11-53-08Z/overlay_left.png,25312,"Redundant screenshots, temporary logs or simulation frame dump; not a design source"
ce-parts/np-f550/iterations/v0.0.1/evidence/refcheck/2026-09-02T11-53-08Z/overlay_top.png,30332,"Redundant screenshots, temporary logs or simulation frame dump; not a design source"
ce-parts/np-f550/iterations/v0.0.1/evidence/refcheck/2026-09-02T11-53-08Z/ref_iso.png,27953,"Redundant screenshots, temporary logs or simulation frame dump; not a design source"
ce-parts/pn7150/iterations/v0.0.1/evidence/ledger.jsonl,1192,"Redundant screenshots, temporary logs or simulation frame dump; not a design source"
ce-parts/radxa-zero-3w/PROVENANCE.json,3857,Symlink alias; target inventoried separately
ce-parts/radxa-zero-3w/electrical.host.json,17961,Symlink alias; target inventoried separately
ce-parts/radxa-zero-3w/iterations/v0.0.1/evidence/ledger.jsonl,5200,"Redundant screenshots, temporary logs or simulation frame dump; not a design source"
ce-parts/radxa-zero-3w/iterations/v0.0.1/evidence/refcheck/2026-09-02T09-06-47Z/ours.stl.build.log,105,"Redundant screenshots, temporary logs or simulation frame dump; not a design source"
ce-parts/radxa-zero-3w/iterations/v0.0.1/evidence/refcheck/2026-09-02T09-06-47Z/ours_iso.png,30590,"Redundant screenshots, temporary logs or simulation frame dump; not a design source"
ce-parts/radxa-zero-3w/iterations/v0.0.1/evidence/refcheck/2026-09-02T09-06-47Z/overlay_front.png,22404,"Redundant screenshots, temporary logs or simulation frame dump; not a design source"
ce-parts/radxa-zero-3w/iterations/v0.0.1/evidence/refcheck/2026-09-02T09-06-47Z/overlay_iso.png,144725,"Redundant screenshots, temporary logs or simulation frame dump; not a design source"
ce-parts/radxa-zero-3w/iterations/v0.0.1/evidence/refcheck/2026-09-02T09-06-47Z/overlay_left.png,18204,"Redundant screenshots, temporary logs or simulation frame dump; not a design source"
ce-parts/radxa-zero-3w/iterations/v0.0.1/evidence/refcheck/2026-09-02T09-06-47Z/overlay_top.png,17593,"Redundant screenshots, temporary logs or simulation frame dump; not a design source"
ce-parts/radxa-zero-3w/iterations/v0.0.1/evidence/refcheck/2026-09-02T09-06-47Z/ref_iso.png,32890,"Redundant screenshots, temporary logs or simulation frame dump; not a design source"
ce-parts/s-8252/iterations/v0.0.1/evidence/ledger.jsonl,0,"Redundant screenshots, temporary logs or simulation frame dump; not a design source"
ce-parts/st25r3916/iterations/v0.0.1/evidence/ledger.jsonl,3554,"Redundant screenshots, temporary logs or simulation frame dump; not a design source"
ce-parts/tlv320aic3104/PROVENANCE.json,779,Symlink alias; target inventoried separately
ce-parts/tlv320aic3104/datasheet.pdf,3189462,Symlink alias; target inventoried separately
ce-parts/tlv320aic3104/electrical.chip.json,8631,Symlink alias; target inventoried separately
ce-parts/tlv320aic3104/electrical.part.json,7127,Symlink alias; target inventoried separately
ce-parts/tlv320aic3104/iterations/v0.0.1/evidence/ledger.jsonl,651,"Redundant screenshots, temporary logs or simulation frame dump; not a design source"
ce-parts/vl53l5cx/PROVENANCE.json,741,Symlink alias; target inventoried separately
ce-parts/vl53l5cx/datasheet.pdf,2582429,Symlink alias; target inventoried separately
ce-parts/vl53l5cx/electrical.chip.json,5907,Symlink alias; target inventoried separately
ce-parts/vl53l5cx/iterations/v0.0.1/evidence/ledger.jsonl,583,"Redundant screenshots, temporary logs or simulation frame dump; not a design source"
ce-parts/vl53l8cx/PROVENANCE.json,736,Symlink alias; target inventoried separately
ce-parts/vl53l8cx/datasheet.pdf,3587088,Symlink alias; target inventoried separately
ce-parts/vl53l8cx/electrical.chip.json,5080,Symlink alias; target inventoried separately
ce-parts/vl53l8cx/iterations/v0.0.1/evidence/ledger.jsonl,588,"Redundant screenshots, temporary logs or simulation frame dump; not a design source"
ce-parts/xl330-m288-t/iterations/v0.0.1/cad/__pycache__/part.cpython-311.pyc,5315,Development cache/history; not engineering deliverable
ce-parts/xl330-m288-t/iterations/v0.0.1/docs/fetched/3v3_ttl_circuit.png,127792,"Redundant screenshots, temporary logs or simulation frame dump; not a design source"
ce-parts/xl330-m288-t/iterations/v0.0.1/docs/fetched/jst_b3beha_diagram.png,1937,"Redundant screenshots, temporary logs or simulation frame dump; not a design source"
ce-parts/xl330-m288-t/iterations/v0.0.1/evidence/ledger.jsonl,2181,"Redundant screenshots, temporary logs or simulation frame dump; not a design source"
ce-parts/xl330-m288-t/iterations/v0.0.1/evidence/refcheck/2026-09-02T08-55-47Z/ours.stl.build.log,105,"Redundant screenshots, temporary logs or simulation frame dump; not a design source"
ce-parts/xl330-m288-t/iterations/v0.0.1/evidence/refcheck/2026-09-02T08-55-47Z/ours_iso.png,54545,"Redundant screenshots, temporary logs or simulation frame dump; not a design source"
ce-parts/xl330-m288-t/iterations/v0.0.1/evidence/refcheck/2026-09-02T08-55-47Z/overlay_front.png,20100,"Redundant screenshots, temporary logs or simulation frame dump; not a design source"
ce-parts/xl330-m288-t/iterations/v0.0.1/evidence/refcheck/2026-09-02T08-55-47Z/overlay_iso.png,238943,"Redundant screenshots, temporary logs or simulation frame dump; not a design source"
ce-parts/xl330-m288-t/iterations/v0.0.1/evidence/refcheck/2026-09-02T08-55-47Z/overlay_left.png,31760,"Redundant screenshots, temporary logs or simulation frame dump; not a design source"
ce-parts/xl330-m288-t/iterations/v0.0.1/evidence/refcheck/2026-09-02T08-55-47Z/overlay_top.png,33799,"Redundant screenshots, temporary logs or simulation frame dump; not a design source"
ce-parts/xl330-m288-t/iterations/v0.0.1/evidence/refcheck/2026-09-02T08-55-47Z/ref_iso.png,53575,"Redundant screenshots, temporary logs or simulation frame dump; not a design source"
electronics/__pycache__/netlist.cpython-314.pyc,79672,Development cache/history; not engineering deliverable
electronics/banana-contact/out/fab/microduck_banana_contact-B.Cu.GBL,419,"Redundant screenshots, temporary logs or simulation frame dump; not a design source"
electronics/banana-contact/out/fab/microduck_banana_contact-B.Mask.GBS,422,"Redundant screenshots, temporary logs or simulation frame dump; not a design source"
electronics/banana-contact/out/fab/microduck_banana_contact-B.Paste.GBP,290,"Redundant screenshots, temporary logs or simulation frame dump; not a design source"
electronics/banana-contact/out/fab/microduck_banana_contact-B.Silk.GBO,9299,"Redundant screenshots, temporary logs or simulation frame dump; not a design source"
electronics/banana-contact/out/fab/microduck_banana_contact-Edge.Cuts.GKO,1035,"Redundant screenshots, temporary logs or simulation frame dump; not a design source"
electronics/banana-contact/out/fab/microduck_banana_contact-F.Cu.GTL,713,"Redundant screenshots, temporary logs or simulation frame dump; not a design source"
electronics/banana-contact/out/fab/microduck_banana_contact-F.Mask.GTS,531,"Redundant screenshots, temporary logs or simulation frame dump; not a design source"
electronics/banana-contact/out/fab/microduck_banana_contact-F.Paste.GTP,290,"Redundant screenshots, temporary logs or simulation frame dump; not a design source"
electronics/banana-contact/out/fab/microduck_banana_contact-F.Silk.GTO,456,"Redundant screenshots, temporary logs or simulation frame dump; not a design source"
electronics/banana-contact/out/fab/microduck_banana_contact-fab.zip,12814,"Redundant screenshots, temporary logs or simulation frame dump; not a design source"
electronics/imu-to-dxl/out/fab/microduck_imu_to_dxl-B.Cu.GBL,15652,"Redundant screenshots, temporary logs or simulation frame dump; not a design source"
electronics/imu-to-dxl/out/fab/microduck_imu_to_dxl-B.Mask.GBS,577,"Redundant screenshots, temporary logs or simulation frame dump; not a design source"
electronics/imu-to-dxl/out/fab/microduck_imu_to_dxl-B.Paste.GBP,286,"Redundant screenshots, temporary logs or simulation frame dump; not a design source"
electronics/imu-to-dxl/out/fab/microduck_imu_to_dxl-B.Silk.GBO,13115,"Redundant screenshots, temporary logs or simulation frame dump; not a design source"
electronics/imu-to-dxl/out/fab/microduck_imu_to_dxl-Edge.Cuts.GKO,1073,"Redundant screenshots, temporary logs or simulation frame dump; not a design source"
electronics/imu-to-dxl/out/fab/microduck_imu_to_dxl-F.Cu.GTL,23412,"Redundant screenshots, temporary logs or simulation frame dump; not a design source"
electronics/imu-to-dxl/out/fab/microduck_imu_to_dxl-F.Mask.GTS,2703,"Redundant screenshots, temporary logs or simulation frame dump; not a design source"
electronics/imu-to-dxl/out/fab/microduck_imu_to_dxl-F.Paste.GTP,2272,"Redundant screenshots, temporary logs or simulation frame dump; not a design source"
electronics/imu-to-dxl/out/fab/microduck_imu_to_dxl-F.Silk.GTO,6178,"Redundant screenshots, temporary logs or simulation frame dump; not a design source"
electronics/imu-to-dxl/out/fab/microduck_imu_to_dxl-fab.zip,23886,"Redundant screenshots, temporary logs or simulation frame dump; not a design source"
electronics/robot-hat/out/fab/microduck_robot_hat-B.Cu.GBL,42444,"Redundant screenshots, temporary logs or simulation frame dump; not a design source"
electronics/robot-hat/out/fab/microduck_robot_hat-B.Mask.GBS,2179,"Redundant screenshots, temporary logs or simulation frame dump; not a design source"
electronics/robot-hat/out/fab/microduck_robot_hat-B.Paste.GBP,285,"Redundant screenshots, temporary logs or simulation frame dump; not a design source"
electronics/robot-hat/out/fab/microduck_robot_hat-B.Silk.GBO,285,"Redundant screenshots, temporary logs or simulation frame dump; not a design source"
electronics/robot-hat/out/fab/microduck_robot_hat-Edge.Cuts.GKO,1080,"Redundant screenshots, temporary logs or simulation frame dump; not a design source"
electronics/robot-hat/out/fab/microduck_robot_hat-F.Cu.GTL,68485,"Redundant screenshots, temporary logs or simulation frame dump; not a design source"
electronics/robot-hat/out/fab/microduck_robot_hat-F.Mask.GTS,4921,"Redundant screenshots, temporary logs or simulation frame dump; not a design source"
electronics/robot-hat/out/fab/microduck_robot_hat-F.Paste.GTP,2999,"Redundant screenshots, temporary logs or simulation frame dump; not a design source"
electronics/robot-hat/out/fab/microduck_robot_hat-F.Silk.GTO,10931,"Redundant screenshots, temporary logs or simulation frame dump; not a design source"
electronics/robot-hat/out/fab/microduck_robot_hat-fab.zip,31215,"Redundant screenshots, temporary logs or simulation frame dump; not a design source"
images/blog_cover-microduck.webp,153852,"Redundant screenshots, temporary logs or simulation frame dump; not a design source"
images/blog_scale-in-hand.webp,57208,"Redundant screenshots, temporary logs or simulation frame dump; not a design source"
images/blog_sim2real.mp4,1274053,"Redundant screenshots, temporary logs or simulation frame dump; not a design source"
images/gallery_balance-recovery.mp4,1224585,"Redundant screenshots, temporary logs or simulation frame dump; not a design source"
images/gallery_bedroom.webp,239914,"Redundant screenshots, temporary logs or simulation frame dump; not a design source"
images/gallery_carried.webp,48782,"Redundant screenshots, temporary logs or simulation frame dump; not a design source"
images/gallery_chorale.mp4,1278401,"Redundant screenshots, temporary logs or simulation frame dump; not a design source"
images/gallery_closeup.webp,69152,"Redundant screenshots, temporary logs or simulation frame dump; not a design source"
images/gallery_desk.webp,200868,"Redundant screenshots, temporary logs or simulation frame dump; not a design source"
images/gallery_grab-and-carry.mp4,1316582,"Redundant screenshots, temporary logs or simulation frame dump; not a design source"
images/gallery_kickabout.webp,143370,"Redundant screenshots, temporary logs or simulation frame dump; not a design source"
images/gallery_morning.webp,84916,"Redundant screenshots, temporary logs or simulation frame dump; not a design source"
images/gallery_playroom.webp,71106,"Redundant screenshots, temporary logs or simulation frame dump; not a design source"
images/gallery_playtime.webp,165094,"Redundant screenshots, temporary logs or simulation frame dump; not a design source"
images/gallery_roller-skating.mp4,428279,"Redundant screenshots, temporary logs or simulation frame dump; not a design source"
images/gallery_screentime.webp,81064,"Redundant screenshots, temporary logs or simulation frame dump; not a design source"
images/gallery_skate.webp,84366,"Redundant screenshots, temporary logs or simulation frame dump; not a design source"
images/gallery_squad-standup.mp4,1563880,"Redundant screenshots, temporary logs or simulation frame dump; not a design source"
images/gallery_stickers.webp,136734,"Redundant screenshots, temporary logs or simulation frame dump; not a design source"
images/gallery_walkabout.webp,167688,"Redundant screenshots, temporary logs or simulation frame dump; not a design source"
images/gallery_watching.webp,84550,"Redundant screenshots, temporary logs or simulation frame dump; not a design source"
images/github/gh_readme_1.plain,9,"Redundant screenshots, temporary logs or simulation frame dump; not a design source"
images/github/gh_readme_2.plain,9,"Redundant screenshots, temporary logs or simulation frame dump; not a design source"
images/github/gh_readme_3.plain,9,"Redundant screenshots, temporary logs or simulation frame dump; not a design source"
images/github/gh_readme_4.mp4,13632026,"Redundant screenshots, temporary logs or simulation frame dump; not a design source"
images/github/gh_readme_5.webp,149162,"Redundant screenshots, temporary logs or simulation frame dump; not a design source"
images/github/gh_readme_6.mov,18434547,"Redundant screenshots, temporary logs or simulation frame dump; not a design source"
images/launch-film.mp4,20926119,"Redundant screenshots, temporary logs or simulation frame dump; not a design source"
images/microduck-card.mp4,2010394,"Redundant screenshots, temporary logs or simulation frame dump; not a design source"
images/microduck-hero.mp4,5441006,"Redundant screenshots, temporary logs or simulation frame dump; not a design source"
images/microduck-hero.webm,3220402,"Redundant screenshots, temporary logs or simulation frame dump; not a design source"
images/moves-portrait-alpha_drive.webm,3197034,"Redundant screenshots, temporary logs or simulation frame dump; not a design source"
images/moves-portrait-alpha_grab.webm,768140,"Redundant screenshots, temporary logs or simulation frame dump; not a design source"
images/moves-portrait-alpha_kickL.webm,585806,"Redundant screenshots, temporary logs or simulation frame dump; not a design source"
images/moves-portrait-alpha_sitstand.webm,687351,"Redundant screenshots, temporary logs or simulation frame dump; not a design source"
images/moves-portrait-alpha_standup.webm,785374,"Redundant screenshots, temporary logs or simulation frame dump; not a design source"
images/moves-portrait-alpha_walk.webm,1731483,"Redundant screenshots, temporary logs or simulation frame dump; not a design source"
images/open_duck_mini/assembly_list.txt,2075,"Redundant screenshots, temporary logs or simulation frame dump; not a design source"
images/pack-accessories.webp,112620,"Redundant screenshots, temporary logs or simulation frame dump; not a design source"
images/pack-charger.webp,101138,"Redundant screenshots, temporary logs or simulation frame dump; not a design source"
images/pack-dev.webp,116514,"Redundant screenshots, temporary logs or simulation frame dump; not a design source"
images/pack-robot.webp,560150,"Redundant screenshots, temporary logs or simulation frame dump; not a design source"
images/press/kit/microduck-press-kit/BRAND/microduck-wordmark.svg,170234,"Redundant screenshots, temporary logs or simulation frame dump; not a design source"
images/press/kit/microduck-press-kit/FACT-SHEET.txt,4544,"Redundant screenshots, temporary logs or simulation frame dump; not a design source"
images/press/microduck-press-kit.zip,11898872,"Redundant screenshots, temporary logs or simulation frame dump; not a design source"
images/squad.webp,149162,"Redundant screenshots, temporary logs or simulation frame dump; not a design source"
images/stickers_bomb.webp,27846,"Redundant screenshots, temporary logs or simulation frame dump; not a design source"
images/stickers_duck-head-mark-open.webp,40026,"Redundant screenshots, temporary logs or simulation frame dump; not a design source"
images/stickers_duck-head-mark.webp,32622,"Redundant screenshots, temporary logs or simulation frame dump; not a design source"
images/stickers_tap-tap.webp,31306,"Redundant screenshots, temporary logs or simulation frame dump; not a design source"
images/team-square.webp,292086,"Redundant screenshots, temporary logs or simulation frame dump; not a design source"
images/team.webp,315672,"Redundant screenshots, temporary logs or simulation frame dump; not a design source"
mujoco/step.py,5618,"Redundant screenshots, temporary logs or simulation frame dump; not a design source"
out/assembly/gen.log,481,"Redundant screenshots, temporary logs or simulation frame dump; not a design source"
out/assembly/mj.log,383,"Redundant screenshots, temporary logs or simulation frame dump; not a design source"
out/assembly/selftest-break0.log,1907,"Redundant screenshots, temporary logs or simulation frame dump; not a design source"
out/assembly/selftest-break1.log,1847,"Redundant screenshots, temporary logs or simulation frame dump; not a design source"
out/assembly/selftest-break2.log,2417,"Redundant screenshots, temporary logs or simulation frame dump; not a design source"
out/assembly/selftest.log,1801,"Redundant screenshots, temporary logs or simulation frame dump; not a design source"
out/compare/_contact.png,615072,"Redundant screenshots, temporary logs or simulation frame dump; not a design source"
out/compare/_page.png,262442,"Redundant screenshots, temporary logs or simulation frame dump; not a design source"
out/compare/_release.png,289952,"Redundant screenshots, temporary logs or simulation frame dump; not a design source"
out/compare/ours-back.png,135027,"Redundant screenshots, temporary logs or simulation frame dump; not a design source"
out/compare/ours-front.png,135302,"Redundant screenshots, temporary logs or simulation frame dump; not a design source"
out/compare/ours-iso-bl.png,152468,"Redundant screenshots, temporary logs or simulation frame dump; not a design source"
out/compare/ours-iso-br.png,140482,"Redundant screenshots, temporary logs or simulation frame dump; not a design source"
out/compare/ours-iso-fl.png,165067,"Redundant screenshots, temporary logs or simulation frame dump; not a design source"
out/compare/ours-iso-fr.png,169984,"Redundant screenshots, temporary logs or simulation frame dump; not a design source"
out/compare/ours-joint-ankle.png,94124,"Redundant screenshots, temporary logs or simulation frame dump; not a design source"
out/compare/ours-joint-hip.png,136415,"Redundant screenshots, temporary logs or simulation frame dump; not a design source"
out/compare/ours-joint-knee.png,138693,"Redundant screenshots, temporary logs or simulation frame dump; not a design source"
out/compare/ours-joint-neck.png,123565,"Redundant screenshots, temporary logs or simulation frame dump; not a design source"
out/compare/ours-prof-left.png,104101,"Redundant screenshots, temporary logs or simulation frame dump; not a design source"
out/compare/ours-prof-right.png,105323,"Redundant screenshots, temporary logs or simulation frame dump; not a design source"
out/compare/ours-top.png,65527,"Redundant screenshots, temporary logs or simulation frame dump; not a design source"
out/compare/ref-joint-ankle.png,235555,"Redundant screenshots, temporary logs or simulation frame dump; not a design source"
out/compare/ref-joint-hip.png,202376,"Redundant screenshots, temporary logs or simulation frame dump; not a design source"
out/compare/ref-joint-knee.png,179935,"Redundant screenshots, temporary logs or simulation frame dump; not a design source"
out/compare/ref-joint-neck.png,261085,"Redundant screenshots, temporary logs or simulation frame dump; not a design source"
out/compare/run.log,542,"Redundant screenshots, temporary logs or simulation frame dump; not a design source"
out/dashboard-proof/01-grid-microduck.png,94267,"Redundant screenshots, temporary logs or simulation frame dump; not a design source"
out/dashboard-proof/02-assembly-3d.png,319300,"Redundant screenshots, temporary logs or simulation frame dump; not a design source"
out/dashboard-proof/03-part-hip-bracket.png,284079,"Redundant screenshots, temporary logs or simulation frame dump; not a design source"
out/dashboard-proof/04-part-foot-left.png,257633,"Redundant screenshots, temporary logs or simulation frame dump; not a design source"
out/dashboard-proof/05-part-top-head-shell.png,296711,"Redundant screenshots, temporary logs or simulation frame dump; not a design source"
out/dashboard-proof/defect-readyjs-control-settle10s-227383B-ink0.204.png,227383,"Redundant screenshots, temporary logs or simulation frame dump; not a design source"
out/dashboard-proof/defect-readyjs-read-once-21358B-ink0.017.png,21358,"Redundant screenshots, temporary logs or simulation frame dump; not a design source"
out/drawings/edgeclass/bench.log,2659,"Redundant screenshots, temporary logs or simulation frame dump; not a design source"
out/drawings/edgeclass/probe2-foot-left.log,556,"Redundant screenshots, temporary logs or simulation frame dump; not a design source"
out/drawings/edgeclass/probe3-foot-left.log,1698,"Redundant screenshots, temporary logs or simulation frame dump; not a design source"
out/drawings/edgeclass/simplify-tradeoff.log,1160,"Redundant screenshots, temporary logs or simulation frame dump; not a design source"
out/drawings/edgeclass/test_edgeclass-BREAK1.log,2191,"Redundant screenshots, temporary logs or simulation frame dump; not a design source"
out/drawings/edgeclass/test_edgeclass-BREAK2.log,2599,"Redundant screenshots, temporary logs or simulation frame dump; not a design source"
out/drawings/edgeclass/test_edgeclass-PASS.log,1906,"Redundant screenshots, temporary logs or simulation frame dump; not a design source"
out/drawings/microduck-shin/caption-regression.log,139,"Redundant screenshots, temporary logs or simulation frame dump; not a design source"
out/drawings/microduck-shin/common-scale-route.log,277,"Redundant screenshots, temporary logs or simulation frame dump; not a design source"
out/drawings/microduck-shin/detail-A-build/verify-sheet.log,416,"Redundant screenshots, temporary logs or simulation frame dump; not a design source"
out/drawings/microduck-shin/detail-A-supplement-build/verify-sheet.log,416,"Redundant screenshots, temporary logs or simulation frame dump; not a design source"
out/drawings/microduck-shin/detail-regression.log,139,"Redundant screenshots, temporary logs or simulation frame dump; not a design source"
out/drawings/microduck-shin/drawing-regressions.log,1367,"Redundant screenshots, temporary logs or simulation frame dump; not a design source"
out/drawings/microduck-shin/durable-regressions.log,8418,"Redundant screenshots, temporary logs or simulation frame dump; not a design source"
out/drawings/microduck-shin/lighting-study.log,825,"Redundant screenshots, temporary logs or simulation frame dump; not a design source"
out/drawings/microduck-shin/pdfsheet-regression.log,1359,"Redundant screenshots, temporary logs or simulation frame dump; not a design source"
out/drawings/microduck-shin/prototype-render-panels.log,2175,"Redundant screenshots, temporary logs or simulation frame dump; not a design source"
out/drawings/microduck-shin/radius-locator-build.log,277,"Redundant screenshots, temporary logs or simulation frame dump; not a design source"
out/drawings/microduck-shin/radius-locator-regressions.log,142,"Redundant screenshots, temporary logs or simulation frame dump; not a design source"
out/drawings/microduck-shin/redraw-2026-09-08.log,22520,"Redundant screenshots, temporary logs or simulation frame dump; not a design source"
out/drawings/microduck-shin/redraw-a0-2026-09-08.log,9662,"Redundant screenshots, temporary logs or simulation frame dump; not a design source"
out/drawings/microduck-shin/regrade-2026-09-08.log,461,"Redundant screenshots, temporary logs or simulation frame dump; not a design source"
out/drawings/microduck-shin/regression-2026-09-08.log,108,"Redundant screenshots, temporary logs or simulation frame dump; not a design source"
out/drawings/microduck-shin/regression-invalid-root-2026-09-08.log,8654,"Redundant screenshots, temporary logs or simulation frame dump; not a design source"
out/drawings/microduck-shin/render-panel-build/verify-sheet.log,416,"Redundant screenshots, temporary logs or simulation frame dump; not a design source"
out/drawings/microduck-shin/render-panel-candidate/verify-sheet.log,383,"Redundant screenshots, temporary logs or simulation frame dump; not a design source"
out/drawings/microduck-shin/render-panel-candidate.log,2197,"Redundant screenshots, temporary logs or simulation frame dump; not a design source"
out/drawings/microduck-shin/render-panel-next/verify-sheet.log,416,"Redundant screenshots, temporary logs or simulation frame dump; not a design source"
out/drawings/microduck-shin/render-scale-regression.log,149,"Redundant screenshots, temporary logs or simulation frame dump; not a design source"
out/drawings/microduck-shin/rendered-details-build.log,277,"Redundant screenshots, temporary logs or simulation frame dump; not a design source"
out/drawings/microduck-shin/rendered-route-canonical.log,277,"Redundant screenshots, temporary logs or simulation frame dump; not a design source"
out/drawings/microduck-shin/rendered-route.log,191,"Redundant screenshots, temporary logs or simulation frame dump; not a design source"
out/drawings/microduck-shin/section-E061-build.log,277,"Redundant screenshots, temporary logs or simulation frame dump; not a design source"
out/drawings/microduck-shin/shoot-iteration.log,0,"Redundant screenshots, temporary logs or simulation frame dump; not a design source"
out/drawings/microduck-shin/verify-sheet.log,416,"Redundant screenshots, temporary logs or simulation frame dump; not a design source"
out/drawings/sheetcheck-selftest-2026-09-04.log,6376,"Redundant screenshots, temporary logs or simulation frame dump; not a design source"
out/elec/closure-doc-e4.png,359706,"Redundant screenshots, temporary logs or simulation frame dump; not a design source"
out/elec/closure-doc-e8.png,434729,"Redundant screenshots, temporary logs or simulation frame dump; not a design source"
out/elec/closure-doc-top.png,294605,"Redundant screenshots, temporary logs or simulation frame dump; not a design source"
out/elec/closure-doc.png,3821331,"Redundant screenshots, temporary logs or simulation frame dump; not a design source"
out/factory/licence-evidence/Open_Duck_Mini_v2_LICENSE,11357,"Redundant screenshots, temporary logs or simulation frame dump; not a design source"
out/factory/licence-evidence/fanhao375_microduck-replica_LICENSE,3250,"Redundant screenshots, temporary logs or simulation frame dump; not a design source"
out/factory/licence-evidence/microduck_main_LICENSE,11357,"Redundant screenshots, temporary logs or simulation frame dump; not a design source"
out/factory/licence-evidence/microduck_rl_develop_LICENSE,11351,"Redundant screenshots, temporary logs or simulation frame dump; not a design source"
out/factory/measure/sheetcheck.log,15214,"Redundant screenshots, temporary logs or simulation frame dump; not a design source"
out/factory/pack-01.png,344890,"Redundant screenshots, temporary logs or simulation frame dump; not a design source"
out/factory/pack-02.png,227553,"Redundant screenshots, temporary logs or simulation frame dump; not a design source"
out/factory/pack-03.png,297413,"Redundant screenshots, temporary logs or simulation frame dump; not a design source"
out/factory/pack-04.png,333756,"Redundant screenshots, temporary logs or simulation frame dump; not a design source"
out/factory/pack-05.png,333127,"Redundant screenshots, temporary logs or simulation frame dump; not a design source"
out/factory/pack-06.png,341086,"Redundant screenshots, temporary logs or simulation frame dump; not a design source"
out/factory/pack-07.png,281683,"Redundant screenshots, temporary logs or simulation frame dump; not a design source"
out/factory/pack-08.png,263850,"Redundant screenshots, temporary logs or simulation frame dump; not a design source"
out/factory/pack-09.png,316892,"Redundant screenshots, temporary logs or simulation frame dump; not a design source"
out/factory/pack-10.png,243041,"Redundant screenshots, temporary logs or simulation frame dump; not a design source"
out/factory/pack-11.png,261885,"Redundant screenshots, temporary logs or simulation frame dump; not a design source"
out/factory/pack-12.png,240759,"Redundant screenshots, temporary logs or simulation frame dump; not a design source"
out/factory/pack-13.png,333235,"Redundant screenshots, temporary logs or simulation frame dump; not a design source"
out/factory/pack-14.png,322897,"Redundant screenshots, temporary logs or simulation frame dump; not a design source"
out/factory/pack-15.png,290605,"Redundant screenshots, temporary logs or simulation frame dump; not a design source"
out/factory/pack-16.png,288775,"Redundant screenshots, temporary logs or simulation frame dump; not a design source"
out/factory/pack-17.png,336686,"Redundant screenshots, temporary logs or simulation frame dump; not a design source"
out/factory/pack-18.png,322731,"Redundant screenshots, temporary logs or simulation frame dump; not a design source"
out/factory/pack-19.png,289979,"Redundant screenshots, temporary logs or simulation frame dump; not a design source"
out/factory/pack-20.png,340213,"Redundant screenshots, temporary logs or simulation frame dump; not a design source"
out/factory/pack-21.png,452895,"Redundant screenshots, temporary logs or simulation frame dump; not a design source"
out/factory/pack-22.png,292330,"Redundant screenshots, temporary logs or simulation frame dump; not a design source"
out/factory/pack-23.png,226673,"Redundant screenshots, temporary logs or simulation frame dump; not a design source"
out/factory/pack.png,6029406,"Redundant screenshots, temporary logs or simulation frame dump; not a design source"
out/factory/questions-01.png,288809,"Redundant screenshots, temporary logs or simulation frame dump; not a design source"
out/factory/questions-02.png,378711,"Redundant screenshots, temporary logs or simulation frame dump; not a design source"
out/factory/questions-03.png,386969,"Redundant screenshots, temporary logs or simulation frame dump; not a design source"
out/factory/questions-04.png,395360,"Redundant screenshots, temporary logs or simulation frame dump; not a design source"
out/factory/questions-05.png,361485,"Redundant screenshots, temporary logs or simulation frame dump; not a design source"
out/factory/questions-06.png,357116,"Redundant screenshots, temporary logs or simulation frame dump; not a design source"
out/factory/questions-07.png,313777,"Redundant screenshots, temporary logs or simulation frame dump; not a design source"
out/factory/questions-08.png,341672,"Redundant screenshots, temporary logs or simulation frame dump; not a design source"
out/factory/questions-09.png,375433,"Redundant screenshots, temporary logs or simulation frame dump; not a design source"
out/factory/questions-10.png,316424,"Redundant screenshots, temporary logs or simulation frame dump; not a design source"
out/factory/questions-11.png,333023,"Redundant screenshots, temporary logs or simulation frame dump; not a design source"
out/factory/questions-12.png,317304,"Redundant screenshots, temporary logs or simulation frame dump; not a design source"
out/factory/questions-13.png,288869,"Redundant screenshots, temporary logs or simulation frame dump; not a design source"
out/factory/questions-14.png,250051,"Redundant screenshots, temporary logs or simulation frame dump; not a design source"
out/factory/questions-15.png,54241,"Redundant screenshots, temporary logs or simulation frame dump; not a design source"
out/factory/questions.png,4115464,"Redundant screenshots, temporary logs or simulation frame dump; not a design source"
out/factory/readiness-01.png,334435,"Redundant screenshots, temporary logs or simulation frame dump; not a design source"
out/factory/readiness-02.png,373737,"Redundant screenshots, temporary logs or simulation frame dump; not a design source"
out/factory/readiness-03.png,281975,"Redundant screenshots, temporary logs or simulation frame dump; not a design source"
out/factory/readiness-04.png,279030,"Redundant screenshots, temporary logs or simulation frame dump; not a design source"
out/factory/readiness-05.png,254811,"Redundant screenshots, temporary logs or simulation frame dump; not a design source"
out/factory/readiness-06.png,381965,"Redundant screenshots, temporary logs or simulation frame dump; not a design source"
out/factory/readiness-07.png,380508,"Redundant screenshots, temporary logs or simulation frame dump; not a design source"
out/factory/readiness-08.png,408081,"Redundant screenshots, temporary logs or simulation frame dump; not a design source"
out/factory/readiness-09.png,428002,"Redundant screenshots, temporary logs or simulation frame dump; not a design source"
out/factory/readiness-10.png,433562,"Redundant screenshots, temporary logs or simulation frame dump; not a design source"
out/factory/readiness-11.png,463773,"Redundant screenshots, temporary logs or simulation frame dump; not a design source"
out/factory/readiness-12.png,439760,"Redundant screenshots, temporary logs or simulation frame dump; not a design source"
out/factory/readiness-13.png,368704,"Redundant screenshots, temporary logs or simulation frame dump; not a design source"
out/factory/readiness-14.png,281700,"Redundant screenshots, temporary logs or simulation frame dump; not a design source"
out/factory/readiness-15.png,338863,"Redundant screenshots, temporary logs or simulation frame dump; not a design source"
out/factory/readiness-16.png,230140,"Redundant screenshots, temporary logs or simulation frame dump; not a design source"
out/factory/readiness-17.png,238740,"Redundant screenshots, temporary logs or simulation frame dump; not a design source"
out/factory/readiness-18.png,260214,"Redundant screenshots, temporary logs or simulation frame dump; not a design source"
out/factory/readiness-19.png,292165,"Redundant screenshots, temporary logs or simulation frame dump; not a design source"
out/factory/readiness-20.png,302534,"Redundant screenshots, temporary logs or simulation frame dump; not a design source"
out/factory/readiness-21.png,303192,"Redundant screenshots, temporary logs or simulation frame dump; not a design source"
out/factory/readiness-22.png,337576,"Redundant screenshots, temporary logs or simulation frame dump; not a design source"
out/factory/readiness-23.png,354278,"Redundant screenshots, temporary logs or simulation frame dump; not a design source"
out/factory/readiness-24.png,350161,"Redundant screenshots, temporary logs or simulation frame dump; not a design source"
out/factory/readiness-25.png,326732,"Redundant screenshots, temporary logs or simulation frame dump; not a design source"
out/factory/readiness-26.png,385366,"Redundant screenshots, temporary logs or simulation frame dump; not a design source"
out/factory/readiness-27.png,356262,"Redundant screenshots, temporary logs or simulation frame dump; not a design source"
out/factory/readiness-28.png,90569,"Redundant screenshots, temporary logs or simulation frame dump; not a design source"
out/factory/readiness.png,7948784,"Redundant screenshots, temporary logs or simulation frame dump; not a design source"
out/factory/workplan-01.png,271028,"Redundant screenshots, temporary logs or simulation frame dump; not a design source"
out/factory/workplan-02.png,304708,"Redundant screenshots, temporary logs or simulation frame dump; not a design source"
out/factory/workplan-03.png,320158,"Redundant screenshots, temporary logs or simulation frame dump; not a design source"
out/factory/workplan-04.png,308153,"Redundant screenshots, temporary logs or simulation frame dump; not a design source"
out/factory/workplan-05.png,306280,"Redundant screenshots, temporary logs or simulation frame dump; not a design source"
out/factory/workplan-06.png,315021,"Redundant screenshots, temporary logs or simulation frame dump; not a design source"
out/factory/workplan-07.png,298411,"Redundant screenshots, temporary logs or simulation frame dump; not a design source"
out/factory/workplan-08.png,273186,"Redundant screenshots, temporary logs or simulation frame dump; not a design source"
out/factory/workplan-09.png,307041,"Redundant screenshots, temporary logs or simulation frame dump; not a design source"
out/factory/workplan-10.png,298896,"Redundant screenshots, temporary logs or simulation frame dump; not a design source"
out/factory/workplan-11.png,291875,"Redundant screenshots, temporary logs or simulation frame dump; not a design source"
out/factory/workplan-12.png,29980,"Redundant screenshots, temporary logs or simulation frame dump; not a design source"
out/factory/workplan.png,2862165,"Redundant screenshots, temporary logs or simulation frame dump; not a design source"
out/fasteners/FASTENERS-01.png,354765,"Redundant screenshots, temporary logs or simulation frame dump; not a design source"
out/fasteners/FASTENERS-02.png,400255,"Redundant screenshots, temporary logs or simulation frame dump; not a design source"
out/fasteners/FASTENERS-03.png,401799,"Redundant screenshots, temporary logs or simulation frame dump; not a design source"
out/fasteners/FASTENERS-04.png,344927,"Redundant screenshots, temporary logs or simulation frame dump; not a design source"
out/fasteners/FASTENERS-05.png,351596,"Redundant screenshots, temporary logs or simulation frame dump; not a design source"
out/fasteners/FASTENERS-06.png,254998,"Redundant screenshots, temporary logs or simulation frame dump; not a design source"
out/fasteners/FASTENERS-07.png,170678,"Redundant screenshots, temporary logs or simulation frame dump; not a design source"
out/fasteners/FASTENERS.png,1968201,"Redundant screenshots, temporary logs or simulation frame dump; not a design source"
out/fasteners/assembly-build.log,137,"Redundant screenshots, temporary logs or simulation frame dump; not a design source"
out/fasteners/diag-hip.png,297445,"Redundant screenshots, temporary logs or simulation frame dump; not a design source"
out/fasteners/diag.log,190,"Redundant screenshots, temporary logs or simulation frame dump; not a design source"
out/fasteners/diag2-assembly.png,172808,"Redundant screenshots, temporary logs or simulation frame dump; not a design source"
out/fasteners/diag2.log,174,"Redundant screenshots, temporary logs or simulation frame dump; not a design source"
out/fasteners/fastener-skeleton-iso.png,62870,"Redundant screenshots, temporary logs or simulation frame dump; not a design source"
out/fasteners/head-neck/meshfasteners-selftest-BROKEN-on-purpose.log,2692,"Redundant screenshots, temporary logs or simulation frame dump; not a design source"
out/fasteners/head-neck/meshfasteners-selftest-pass.log,2579,"Redundant screenshots, temporary logs or simulation frame dump; not a design source"
out/fasteners/meshfeatures-selftest-break-on-purpose.log,2411,"Redundant screenshots, temporary logs or simulation frame dump; not a design source"
out/fasteners/meshfeatures-selftest-first-run-8-FAIL.log,2331,"Redundant screenshots, temporary logs or simulation frame dump; not a design source"
out/fasteners/meshfeatures-selftest-pass.log,2370,"Redundant screenshots, temporary logs or simulation frame dump; not a design source"
out/fasteners/region-head.png,250895,"Redundant screenshots, temporary logs or simulation frame dump; not a design source"
out/fasteners/region-hip-left.png,218350,"Redundant screenshots, temporary logs or simulation frame dump; not a design source"
out/fasteners/region-leg-left.png,296336,"Redundant screenshots, temporary logs or simulation frame dump; not a design source"
out/fasteners/region-legs.png,288149,"Redundant screenshots, temporary logs or simulation frame dump; not a design source"
out/fasteners/region-trunk.png,235523,"Redundant screenshots, temporary logs or simulation frame dump; not a design source"
out/fasteners/regions-render.log,472,"Redundant screenshots, temporary logs or simulation frame dump; not a design source"
out/fasteners/screwpart-break-on-purpose.log,175,"Redundant screenshots, temporary logs or simulation frame dump; not a design source"
out/fasteners/skeleton-build.log,2077,"Redundant screenshots, temporary logs or simulation frame dump; not a design source"
out/fit/meshfit-selftest-BREAK1.log,1336,"Redundant screenshots, temporary logs or simulation frame dump; not a design source"
out/fit/meshfit-selftest-BREAK2.log,1731,"Redundant screenshots, temporary logs or simulation frame dump; not a design source"
out/fit/meshfit-selftest-pass.log,1292,"Redundant screenshots, temporary logs or simulation frame dump; not a design source"
out/fit/rest.log,457,"Redundant screenshots, temporary logs or simulation frame dump; not a design source"
out/foot-group/ref_foot_left_front.png,47024,"Redundant screenshots, temporary logs or simulation frame dump; not a design source"
out/foot-group/ref_foot_left_iso.png,75476,"Redundant screenshots, temporary logs or simulation frame dump; not a design source"
out/foot-group/ref_foot_left_right.png,53994,"Redundant screenshots, temporary logs or simulation frame dump; not a design source"
out/foot-group/ref_foot_left_top.png,25409,"Redundant screenshots, temporary logs or simulation frame dump; not a design source"
out/foot-group/ref_foot_right_front.png,35172,"Redundant screenshots, temporary logs or simulation frame dump; not a design source"
out/foot-group/ref_foot_right_iso.png,74412,"Redundant screenshots, temporary logs or simulation frame dump; not a design source"
out/foot-group/ref_foot_right_right.png,55643,"Redundant screenshots, temporary logs or simulation frame dump; not a design source"
out/foot-group/ref_foot_right_top.png,25182,"Redundant screenshots, temporary logs or simulation frame dump; not a design source"
out/foot-group/ref_sole_left_front.png,58696,"Redundant screenshots, temporary logs or simulation frame dump; not a design source"
out/foot-group/ref_sole_left_iso.png,100706,"Redundant screenshots, temporary logs or simulation frame dump; not a design source"
out/foot-group/ref_sole_left_right.png,68391,"Redundant screenshots, temporary logs or simulation frame dump; not a design source"
out/foot-group/ref_sole_left_top.png,106208,"Redundant screenshots, temporary logs or simulation frame dump; not a design source"
out/foot-group/ref_sole_right_front.png,47053,"Redundant screenshots, temporary logs or simulation frame dump; not a design source"
out/foot-group/ref_sole_right_iso.png,103511,"Redundant screenshots, temporary logs or simulation frame dump; not a design source"
out/head/_probe_jaw.png,203318,"Redundant screenshots, temporary logs or simulation frame dump; not a design source"
out/head/_probe_mask.png,3729,"Redundant screenshots, temporary logs or simulation frame dump; not a design source"
out/head/_probe_pose.png,74319,"Redundant screenshots, temporary logs or simulation frame dump; not a design source"
out/head/cream-profile-left_D2000_measure.png,568684,"Redundant screenshots, temporary logs or simulation frame dump; not a design source"
out/head/cream-profile-left_D2000_ours.png,122109,"Redundant screenshots, temporary logs or simulation frame dump; not a design source"
out/head/cream-profile-left_D2000_overlay.png,401918,"Redundant screenshots, temporary logs or simulation frame dump; not a design source"
out/head/cream-profile-left_D2000_pair.png,653770,"Redundant screenshots, temporary logs or simulation frame dump; not a design source"
out/head/cream-profile-left_D2000_real.png,414292,"Redundant screenshots, temporary logs or simulation frame dump; not a design source"
out/head/cream-profile-left_D2000_render_servo.png,49795,"Redundant screenshots, temporary logs or simulation frame dump; not a design source"
out/head/cream-profile-left_D2000_render_servo_wide.png,98033,"Redundant screenshots, temporary logs or simulation frame dump; not a design source"
out/head/cream-profile-left_D2000_render_servo_wide_1.png,97805,"Redundant screenshots, temporary logs or simulation frame dump; not a design source"
out/head/cream-profile-left_D600_measure.png,568684,"Redundant screenshots, temporary logs or simulation frame dump; not a design source"
out/head/cream-profile-left_D600_ours.png,160733,"Redundant screenshots, temporary logs or simulation frame dump; not a design source"
out/head/cream-profile-left_D600_overlay.png,400051,"Redundant screenshots, temporary logs or simulation frame dump; not a design source"
out/head/cream-profile-left_D600_pair.png,703728,"Redundant screenshots, temporary logs or simulation frame dump; not a design source"
out/head/cream-profile-left_D600_real.png,414292,"Redundant screenshots, temporary logs or simulation frame dump; not a design source"
out/head/cream-profile-left_D600_render_servo.png,59949,"Redundant screenshots, temporary logs or simulation frame dump; not a design source"
out/head/cream-profile-left_D600_render_servo_wide.png,120599,"Redundant screenshots, temporary logs or simulation frame dump; not a design source"
out/head/cream-profile-left_D600_render_servo_wide_1.png,119810,"Redundant screenshots, temporary logs or simulation frame dump; not a design source"
out/head/cream-profile-left_measure.png,568684,"Redundant screenshots, temporary logs or simulation frame dump; not a design source"
out/head/cream-profile-left_ours.png,150435,"Redundant screenshots, temporary logs or simulation frame dump; not a design source"
out/head/cream-profile-left_overlay.png,397357,"Redundant screenshots, temporary logs or simulation frame dump; not a design source"
out/head/cream-profile-left_pair.png,708218,"Redundant screenshots, temporary logs or simulation frame dump; not a design source"
out/head/cream-profile-left_real.png,414292,"Redundant screenshots, temporary logs or simulation frame dump; not a design source"
out/head/cream-profile-left_render_servo.png,59081,"Redundant screenshots, temporary logs or simulation frame dump; not a design source"
out/head/cream-profile-left_render_servo_wide.png,115925,"Redundant screenshots, temporary logs or simulation frame dump; not a design source"
out/head/cream-profile-left_render_servo_wide_1.png,115486,"Redundant screenshots, temporary logs or simulation frame dump; not a design source"
out/head/front_edges.png,55210,"Redundant screenshots, temporary logs or simulation frame dump; not a design source"
out/head/front_fit.log,14006,"Redundant screenshots, temporary logs or simulation frame dump; not a design source"
out/head/front_fit_pair.png,777742,"Redundant screenshots, temporary logs or simulation frame dump; not a design source"
out/head/front_pair.png,729596,"Redundant screenshots, temporary logs or simulation frame dump; not a design source"
out/head/graphite-profile-right_D2000_measure.png,409775,"Redundant screenshots, temporary logs or simulation frame dump; not a design source"
out/head/graphite-profile-right_D2000_ours.png,104104,"Redundant screenshots, temporary logs or simulation frame dump; not a design source"
out/head/graphite-profile-right_D2000_overlay.png,274869,"Redundant screenshots, temporary logs or simulation frame dump; not a design source"
out/head/graphite-profile-right_D2000_pair.png,639111,"Redundant screenshots, temporary logs or simulation frame dump; not a design source"
out/head/graphite-profile-right_D2000_real.png,285000,"Redundant screenshots, temporary logs or simulation frame dump; not a design source"
out/head/graphite-profile-right_D2000_render_servo_wide.png,99656,"Redundant screenshots, temporary logs or simulation frame dump; not a design source"
out/head/graphite-profile-right_D600_measure.png,409775,"Redundant screenshots, temporary logs or simulation frame dump; not a design source"
out/head/graphite-profile-right_D600_ours.png,112686,"Redundant screenshots, temporary logs or simulation frame dump; not a design source"
out/head/graphite-profile-right_D600_overlay.png,270360,"Redundant screenshots, temporary logs or simulation frame dump; not a design source"
out/head/graphite-profile-right_D600_pair.png,639672,"Redundant screenshots, temporary logs or simulation frame dump; not a design source"
out/head/graphite-profile-right_D600_real.png,285000,"Redundant screenshots, temporary logs or simulation frame dump; not a design source"
out/head/graphite-profile-right_D600_render_servo_wide.png,116411,"Redundant screenshots, temporary logs or simulation frame dump; not a design source"
out/head/graphite-profile-right_measure.png,409775,"Redundant screenshots, temporary logs or simulation frame dump; not a design source"
out/head/graphite-profile-right_ours.png,105982,"Redundant screenshots, temporary logs or simulation frame dump; not a design source"
out/head/graphite-profile-right_overlay.png,271191,"Redundant screenshots, temporary logs or simulation frame dump; not a design source"
out/head/graphite-profile-right_pair.png,622092,"Redundant screenshots, temporary logs or simulation frame dump; not a design source"
out/head/graphite-profile-right_real.png,285000,"Redundant screenshots, temporary logs or simulation frame dump; not a design source"
out/head/graphite-profile-right_render_servo_wide.png,108200,"Redundant screenshots, temporary logs or simulation frame dump; not a design source"
out/head/head_verdict.log,18385,"Redundant screenshots, temporary logs or simulation frame dump; not a design source"
out/head/probe2.log,139,"Redundant screenshots, temporary logs or simulation frame dump; not a design source"
out/head/probe3.log,1655,"Redundant screenshots, temporary logs or simulation frame dump; not a design source"
out/head/profile_frame_pair.png,684777,"Redundant screenshots, temporary logs or simulation frame dump; not a design source"
out/head/profile_frame_servo_zoom.png,175299,"Redundant screenshots, temporary logs or simulation frame dump; not a design source"
out/head/readback/HEAD-RECONSTRUCTION-01.png,347495,"Redundant screenshots, temporary logs or simulation frame dump; not a design source"
out/head/readback/HEAD-RECONSTRUCTION-02.png,411305,"Redundant screenshots, temporary logs or simulation frame dump; not a design source"
out/head/readback/HEAD-RECONSTRUCTION-03.png,356722,"Redundant screenshots, temporary logs or simulation frame dump; not a design source"
out/head/readback/HEAD-RECONSTRUCTION-04.png,415974,"Redundant screenshots, temporary logs or simulation frame dump; not a design source"
out/head/readback/HEAD-RECONSTRUCTION-05.png,466804,"Redundant screenshots, temporary logs or simulation frame dump; not a design source"
out/head/readback/HEAD-RECONSTRUCTION-06.png,440495,"Redundant screenshots, temporary logs or simulation frame dump; not a design source"
out/head/readback/HEAD-RECONSTRUCTION-07.png,327524,"Redundant screenshots, temporary logs or simulation frame dump; not a design source"
out/head/readback/HEAD-RECONSTRUCTION-08.png,335024,"Redundant screenshots, temporary logs or simulation frame dump; not a design source"
out/head/readback/HEAD-RECONSTRUCTION-09.png,369275,"Redundant screenshots, temporary logs or simulation frame dump; not a design source"
out/head/readback/HEAD-RECONSTRUCTION-10.png,420090,"Redundant screenshots, temporary logs or simulation frame dump; not a design source"
out/head/readback/HEAD-RECONSTRUCTION-11.png,412668,"Redundant screenshots, temporary logs or simulation frame dump; not a design source"
out/head/readback/HEAD-RECONSTRUCTION-12.png,311915,"Redundant screenshots, temporary logs or simulation frame dump; not a design source"
out/head/readback/HEAD-RECONSTRUCTION-13.png,344449,"Redundant screenshots, temporary logs or simulation frame dump; not a design source"
out/head/readback/HEAD-RECONSTRUCTION-14.png,314702,"Redundant screenshots, temporary logs or simulation frame dump; not a design source"
out/head/readback/HEAD-RECONSTRUCTION-15.png,299937,"Redundant screenshots, temporary logs or simulation frame dump; not a design source"
out/head/readback/HEAD-RECONSTRUCTION.png,5137638,"Redundant screenshots, temporary logs or simulation frame dump; not a design source"
out/head/readback/comparison/COMPARISON-01.png,277444,"Redundant screenshots, temporary logs or simulation frame dump; not a design source"
out/head/readback/comparison/COMPARISON-02.png,246620,"Redundant screenshots, temporary logs or simulation frame dump; not a design source"
out/head/readback/comparison/COMPARISON-03.png,284600,"Redundant screenshots, temporary logs or simulation frame dump; not a design source"
out/head/readback/comparison/COMPARISON-04.png,284312,"Redundant screenshots, temporary logs or simulation frame dump; not a design source"
out/head/readback/comparison/COMPARISON-05.png,191929,"Redundant screenshots, temporary logs or simulation frame dump; not a design source"
out/head/readback/comparison/COMPARISON-06.png,265847,"Redundant screenshots, temporary logs or simulation frame dump; not a design source"
out/head/readback/comparison/COMPARISON-07.png,254358,"Redundant screenshots, temporary logs or simulation frame dump; not a design source"
out/head/readback/comparison/COMPARISON-08.png,329765,"Redundant screenshots, temporary logs or simulation frame dump; not a design source"
out/head/readback/comparison/COMPARISON-09.png,248531,"Redundant screenshots, temporary logs or simulation frame dump; not a design source"
out/head/readback/comparison/COMPARISON.png,2216087,"Redundant screenshots, temporary logs or simulation frame dump; not a design source"
out/head/readback/comparison/comparison.log,472,"Redundant screenshots, temporary logs or simulation frame dump; not a design source"
out/head/readback/head.log,1322,"Redundant screenshots, temporary logs or simulation frame dump; not a design source"
out/head/run_D2000.log,11706,"Redundant screenshots, temporary logs or simulation frame dump; not a design source"
out/head/run_D2000_graphite.log,5910,"Redundant screenshots, temporary logs or simulation frame dump; not a design source"
out/head/run_D600.log,11697,"Redundant screenshots, temporary logs or simulation frame dump; not a design source"
out/head/run_D600_graphite.log,5909,"Redundant screenshots, temporary logs or simulation frame dump; not a design source"
out/head/run_full.log,17612,"Redundant screenshots, temporary logs or simulation frame dump; not a design source"
out/head/run_full2.log,18983,"Redundant screenshots, temporary logs or simulation frame dump; not a design source"
out/head/run_full3_graphite.log,6411,"Redundant screenshots, temporary logs or simulation frame dump; not a design source"
out/head/run_quick_cream.log,5411,"Redundant screenshots, temporary logs or simulation frame dump; not a design source"
out/head/run_quick_cream2.log,5793,"Redundant screenshots, temporary logs or simulation frame dump; not a design source"
out/head/run_quick_cream3.log,5783,"Redundant screenshots, temporary logs or simulation frame dump; not a design source"
out/head/sky-three-quarter-front-left_measure.png,539604,"Redundant screenshots, temporary logs or simulation frame dump; not a design source"
out/head/sky-three-quarter-front-left_ours.png,122302,"Redundant screenshots, temporary logs or simulation frame dump; not a design source"
out/head/sky-three-quarter-front-left_overlay.png,348863,"Redundant screenshots, temporary logs or simulation frame dump; not a design source"
out/head/sky-three-quarter-front-left_pair.png,544408,"Redundant screenshots, temporary logs or simulation frame dump; not a design source"
out/head/sky-three-quarter-front-left_real.png,365688,"Redundant screenshots, temporary logs or simulation frame dump; not a design source"
out/head/sky-three-quarter-front-left_render_servo.png,58723,"Redundant screenshots, temporary logs or simulation frame dump; not a design source"
out/head/sky-three-quarter-front-left_render_servo_wide.png,143985,"Redundant screenshots, temporary logs or simulation frame dump; not a design source"
out/head/sky-three-quarter-front-left_render_servo_wide_1.png,144003,"Redundant screenshots, temporary logs or simulation frame dump; not a design source"
out/head/superseded/cream-profile-left_D2000_measure.png,568684,"Redundant screenshots, temporary logs or simulation frame dump; not a design source"
out/head/superseded/cream-profile-left_D2000_ours.png,165818,"Redundant screenshots, temporary logs or simulation frame dump; not a design source"
out/head/superseded/cream-profile-left_D2000_overlay.png,399790,"Redundant screenshots, temporary logs or simulation frame dump; not a design source"
out/head/superseded/cream-profile-left_D2000_pair.png,712514,"Redundant screenshots, temporary logs or simulation frame dump; not a design source"
out/head/superseded/cream-profile-left_D2000_real.png,414292,"Redundant screenshots, temporary logs or simulation frame dump; not a design source"
out/head/superseded/cream-profile-left_D2000_render_servo.png,58001,"Redundant screenshots, temporary logs or simulation frame dump; not a design source"
out/head/superseded/cream-profile-left_D600_measure.png,568684,"Redundant screenshots, temporary logs or simulation frame dump; not a design source"
out/head/superseded/cream-profile-left_D600_ours.png,143393,"Redundant screenshots, temporary logs or simulation frame dump; not a design source"
out/head/superseded/cream-profile-left_D600_overlay.png,404467,"Redundant screenshots, temporary logs or simulation frame dump; not a design source"
out/head/superseded/cream-profile-left_D600_pair.png,711369,"Redundant screenshots, temporary logs or simulation frame dump; not a design source"
out/head/superseded/cream-profile-left_D600_real.png,414292,"Redundant screenshots, temporary logs or simulation frame dump; not a design source"
out/head/superseded/cream-profile-left_D600_render_servo.png,58876,"Redundant screenshots, temporary logs or simulation frame dump; not a design source"
out/head/superseded/run_full.log,17612,"Redundant screenshots, temporary logs or simulation frame dump; not a design source"
out/head/width_cream-profile-left_s_r.png,631346,"Redundant screenshots, temporary logs or simulation frame dump; not a design source"
out/head/width_cream-profile-left_s_r_tight.png,638371,"Redundant screenshots, temporary logs or simulation frame dump; not a design source"
out/head/width_cream-profile-left_s_w.png,628489,"Redundant screenshots, temporary logs or simulation frame dump; not a design source"
out/head/width_cream-profile-left_s_w_tight.png,637194,"Redundant screenshots, temporary logs or simulation frame dump; not a design source"
out/head/width_graphite-profile-right_s_r.png,561695,"Redundant screenshots, temporary logs or simulation frame dump; not a design source"
out/head/width_graphite-profile-right_s_r_tight.png,565959,"Redundant screenshots, temporary logs or simulation frame dump; not a design source"
out/head/width_graphite-profile-right_s_w.png,567141,"Redundant screenshots, temporary logs or simulation frame dump; not a design source"
out/head/width_graphite-profile-right_s_w_tight.png,566553,"Redundant screenshots, temporary logs or simulation frame dump; not a design source"
out/head/width_quick.log,2640,"Redundant screenshots, temporary logs or simulation frame dump; not a design source"
out/head/width_tight.log,2530,"Redundant screenshots, temporary logs or simulation frame dump; not a design source"
out/hip-bracket/ref_hip_l_front.png,49428,"Redundant screenshots, temporary logs or simulation frame dump; not a design source"
out/hip-bracket/ref_hip_l_iso.png,131544,"Redundant screenshots, temporary logs or simulation frame dump; not a design source"
out/hip-bracket/ref_hip_l_right.png,110796,"Redundant screenshots, temporary logs or simulation frame dump; not a design source"
out/hip-bracket/ref_hip_l_top.png,60344,"Redundant screenshots, temporary logs or simulation frame dump; not a design source"
out/internals/hat-fit.log,3323,"Redundant screenshots, temporary logs or simulation frame dump; not a design source"
out/jigs/_shots/microduck-jig-horn-zero.png,249001,"Redundant screenshots, temporary logs or simulation frame dump; not a design source"
out/jigs/_shots/microduck-jig-press-15-inner.png,271834,"Redundant screenshots, temporary logs or simulation frame dump; not a design source"
out/jigs/_shots/microduck-jig-press-15-outer.png,253651,"Redundant screenshots, temporary logs or simulation frame dump; not a design source"
out/jigs/_shots/microduck-jig-press-22-inner.png,281377,"Redundant screenshots, temporary logs or simulation frame dump; not a design source"
out/jigs/_shots/microduck-jig-press-22-outer.png,261302,"Redundant screenshots, temporary logs or simulation frame dump; not a design source"
out/jigs/_shots/microduck-jig-press-anvil.png,256562,"Redundant screenshots, temporary logs or simulation frame dump; not a design source"
out/laneE/readback/RELEASE-01.png,332256,"Redundant screenshots, temporary logs or simulation frame dump; not a design source"
out/laneE/readback/RELEASE-02.png,424134,"Redundant screenshots, temporary logs or simulation frame dump; not a design source"
out/laneE/readback/RELEASE-03.png,271408,"Redundant screenshots, temporary logs or simulation frame dump; not a design source"
out/laneE/readback/RELEASE-04.png,290621,"Redundant screenshots, temporary logs or simulation frame dump; not a design source"
out/laneE/readback/RELEASE-05.png,264637,"Redundant screenshots, temporary logs or simulation frame dump; not a design source"
out/laneE/readback/RELEASE-06.png,249518,"Redundant screenshots, temporary logs or simulation frame dump; not a design source"
out/laneE/readback/RELEASE-07.png,347506,"Redundant screenshots, temporary logs or simulation frame dump; not a design source"
out/laneE/readback/RELEASE-08.png,276197,"Redundant screenshots, temporary logs or simulation frame dump; not a design source"
out/laneE/readback/RELEASE-09.png,391905,"Redundant screenshots, temporary logs or simulation frame dump; not a design source"
out/laneE/readback/RELEASE-10.png,45051,"Redundant screenshots, temporary logs or simulation frame dump; not a design source"
out/laneE/readback/RELEASE.png,2654175,"Redundant screenshots, temporary logs or simulation frame dump; not a design source"
out/laneE/readback/RFQ-01.png,380102,"Redundant screenshots, temporary logs or simulation frame dump; not a design source"
out/laneE/readback/RFQ-02.png,345590,"Redundant screenshots, temporary logs or simulation frame dump; not a design source"
out/laneE/readback/RFQ-03.png,328398,"Redundant screenshots, temporary logs or simulation frame dump; not a design source"
out/laneE/readback/RFQ-04.png,260004,"Redundant screenshots, temporary logs or simulation frame dump; not a design source"
out/laneE/readback/RFQ-05.png,322580,"Redundant screenshots, temporary logs or simulation frame dump; not a design source"
out/laneE/readback/RFQ-06.png,259290,"Redundant screenshots, temporary logs or simulation frame dump; not a design source"
out/laneE/readback/RFQ-07.png,293626,"Redundant screenshots, temporary logs or simulation frame dump; not a design source"
out/laneE/readback/RFQ-08.png,307438,"Redundant screenshots, temporary logs or simulation frame dump; not a design source"
out/laneE/readback/RFQ-09.png,278166,"Redundant screenshots, temporary logs or simulation frame dump; not a design source"
out/laneE/readback/RFQ-10.png,320520,"Redundant screenshots, temporary logs or simulation frame dump; not a design source"
out/laneE/readback/RFQ-11.png,344780,"Redundant screenshots, temporary logs or simulation frame dump; not a design source"
out/laneE/readback/RFQ-12.png,292240,"Redundant screenshots, temporary logs or simulation frame dump; not a design source"
out/laneE/readback/RFQ-13.png,337416,"Redundant screenshots, temporary logs or simulation frame dump; not a design source"
out/laneE/readback/RFQ-14.png,347115,"Redundant screenshots, temporary logs or simulation frame dump; not a design source"
out/laneE/readback/RFQ-15.png,443121,"Redundant screenshots, temporary logs or simulation frame dump; not a design source"
out/laneE/readback/RFQ-16.png,322615,"Redundant screenshots, temporary logs or simulation frame dump; not a design source"
out/laneE/readback/RFQ-17.png,330967,"Redundant screenshots, temporary logs or simulation frame dump; not a design source"
out/laneE/readback/RFQ.png,4976372,"Redundant screenshots, temporary logs or simulation frame dump; not a design source"
out/laneE/readback/SOURCING-01.png,349664,"Redundant screenshots, temporary logs or simulation frame dump; not a design source"
out/laneE/readback/SOURCING-02.png,269185,"Redundant screenshots, temporary logs or simulation frame dump; not a design source"
out/laneE/readback/SOURCING-03.png,213861,"Redundant screenshots, temporary logs or simulation frame dump; not a design source"
out/laneE/readback/SOURCING-04.png,379020,"Redundant screenshots, temporary logs or simulation frame dump; not a design source"
out/laneE/readback/SOURCING-05.png,343682,"Redundant screenshots, temporary logs or simulation frame dump; not a design source"
out/laneE/readback/SOURCING-06.png,352092,"Redundant screenshots, temporary logs or simulation frame dump; not a design source"
out/laneE/readback/SOURCING-07.png,332174,"Redundant screenshots, temporary logs or simulation frame dump; not a design source"
out/laneE/readback/SOURCING-08.png,331873,"Redundant screenshots, temporary logs or simulation frame dump; not a design source"
out/laneE/readback/SOURCING-09.png,348312,"Redundant screenshots, temporary logs or simulation frame dump; not a design source"
out/laneE/readback/SOURCING-10.png,327594,"Redundant screenshots, temporary logs or simulation frame dump; not a design source"
out/laneE/readback/SOURCING-11.png,349373,"Redundant screenshots, temporary logs or simulation frame dump; not a design source"
out/laneE/readback/SOURCING-12.png,331084,"Redundant screenshots, temporary logs or simulation frame dump; not a design source"
out/laneE/readback/SOURCING-13.png,342925,"Redundant screenshots, temporary logs or simulation frame dump; not a design source"
out/laneE/readback/SOURCING-14.png,344703,"Redundant screenshots, temporary logs or simulation frame dump; not a design source"
out/laneE/readback/SOURCING-15.png,315426,"Redundant screenshots, temporary logs or simulation frame dump; not a design source"
out/laneE/readback/SOURCING-16.png,292623,"Redundant screenshots, temporary logs or simulation frame dump; not a design source"
out/laneE/readback/SOURCING-17.png,327899,"Redundant screenshots, temporary logs or simulation frame dump; not a design source"
out/laneE/readback/SOURCING-18.png,309402,"Redundant screenshots, temporary logs or simulation frame dump; not a design source"
out/laneE/readback/SOURCING-19.png,306576,"Redundant screenshots, temporary logs or simulation frame dump; not a design source"
out/laneE/readback/SOURCING-20.png,318597,"Redundant screenshots, temporary logs or simulation frame dump; not a design source"
out/laneE/readback/SOURCING-21.png,334510,"Redundant screenshots, temporary logs or simulation frame dump; not a design source"
out/laneE/readback/SOURCING-22.png,351478,"Redundant screenshots, temporary logs or simulation frame dump; not a design source"
out/laneE/readback/SOURCING-23.png,341435,"Redundant screenshots, temporary logs or simulation frame dump; not a design source"
out/laneE/readback/SOURCING-24.png,362601,"Redundant screenshots, temporary logs or simulation frame dump; not a design source"
out/laneE/readback/SOURCING-25.png,307398,"Redundant screenshots, temporary logs or simulation frame dump; not a design source"
out/laneE/readback/SOURCING-26.png,362905,"Redundant screenshots, temporary logs or simulation frame dump; not a design source"
out/laneE/readback/SOURCING-27.png,278107,"Redundant screenshots, temporary logs or simulation frame dump; not a design source"
out/laneE/readback/SOURCING-28.png,409699,"Redundant screenshots, temporary logs or simulation frame dump; not a design source"
out/laneE/readback/SOURCING-29.png,310117,"Redundant screenshots, temporary logs or simulation frame dump; not a design source"
out/laneE/readback/SOURCING-30.png,449000,"Redundant screenshots, temporary logs or simulation frame dump; not a design source"
out/laneE/readback/SOURCING-31.png,296015,"Redundant screenshots, temporary logs or simulation frame dump; not a design source"
out/laneE/readback/SOURCING.png,9102143,"Redundant screenshots, temporary logs or simulation frame dump; not a design source"
out/laneE/readback/components-01.png,365662,"Redundant screenshots, temporary logs or simulation frame dump; not a design source"
out/laneE/readback/components-02.png,346488,"Redundant screenshots, temporary logs or simulation frame dump; not a design source"
out/laneE/readback/components-03.png,302747,"Redundant screenshots, temporary logs or simulation frame dump; not a design source"
out/laneE/readback/components-04.png,347421,"Redundant screenshots, temporary logs or simulation frame dump; not a design source"
out/laneE/readback/components-05.png,308786,"Redundant screenshots, temporary logs or simulation frame dump; not a design source"
out/laneE/readback/components-06.png,358449,"Redundant screenshots, temporary logs or simulation frame dump; not a design source"
out/laneE/readback/components-07.png,322409,"Redundant screenshots, temporary logs or simulation frame dump; not a design source"
out/laneE/readback/components-08.png,306591,"Redundant screenshots, temporary logs or simulation frame dump; not a design source"
out/laneE/readback/components-09.png,257598,"Redundant screenshots, temporary logs or simulation frame dump; not a design source"
out/laneE/readback/components.png,2549759,"Redundant screenshots, temporary logs or simulation frame dump; not a design source"
out/laneT/shots/comparison-2026-09-03-01.png,293772,"Redundant screenshots, temporary logs or simulation frame dump; not a design source"
out/laneT/shots/comparison-2026-09-03-02.png,252358,"Redundant screenshots, temporary logs or simulation frame dump; not a design source"
out/laneT/shots/comparison-2026-09-03-03.png,339560,"Redundant screenshots, temporary logs or simulation frame dump; not a design source"
out/laneT/shots/comparison-2026-09-03-04.png,264316,"Redundant screenshots, temporary logs or simulation frame dump; not a design source"
out/laneT/shots/comparison-2026-09-03-05.png,198126,"Redundant screenshots, temporary logs or simulation frame dump; not a design source"
out/laneT/shots/comparison-2026-09-03-06.png,323871,"Redundant screenshots, temporary logs or simulation frame dump; not a design source"
out/laneT/shots/comparison-2026-09-03-07.png,395884,"Redundant screenshots, temporary logs or simulation frame dump; not a design source"
out/laneT/shots/comparison-2026-09-03-08.png,88852,"Redundant screenshots, temporary logs or simulation frame dump; not a design source"
out/laneT/shots/comparison-2026-09-03.png,2010389,"Redundant screenshots, temporary logs or simulation frame dump; not a design source"
out/laneT/shots/index-2026-09-03-01.png,251274,"Redundant screenshots, temporary logs or simulation frame dump; not a design source"
out/laneT/shots/index-2026-09-03-02.png,276145,"Redundant screenshots, temporary logs or simulation frame dump; not a design source"
out/laneT/shots/index-2026-09-03-03.png,281622,"Redundant screenshots, temporary logs or simulation frame dump; not a design source"
out/laneT/shots/index-2026-09-03-04.png,298766,"Redundant screenshots, temporary logs or simulation frame dump; not a design source"
out/laneT/shots/index-2026-09-03-05.png,271443,"Redundant screenshots, temporary logs or simulation frame dump; not a design source"
out/laneT/shots/index-2026-09-03-06.png,316398,"Redundant screenshots, temporary logs or simulation frame dump; not a design source"
out/laneT/shots/index-2026-09-03-07.png,91722,"Redundant screenshots, temporary logs or simulation frame dump; not a design source"
out/laneT/shots/index-2026-09-03.png,1579628,"Redundant screenshots, temporary logs or simulation frame dump; not a design source"
out/laneT/shots/release-2026-09-03-01.png,308918,"Redundant screenshots, temporary logs or simulation frame dump; not a design source"
out/laneT/shots/release-2026-09-03-02.png,390685,"Redundant screenshots, temporary logs or simulation frame dump; not a design source"
out/laneT/shots/release-2026-09-03-03.png,274277,"Redundant screenshots, temporary logs or simulation frame dump; not a design source"
out/laneT/shots/release-2026-09-03-04.png,283324,"Redundant screenshots, temporary logs or simulation frame dump; not a design source"
out/laneT/shots/release-2026-09-03-05.png,203299,"Redundant screenshots, temporary logs or simulation frame dump; not a design source"
out/laneT/shots/release-2026-09-03-06.png,274306,"Redundant screenshots, temporary logs or simulation frame dump; not a design source"
out/laneT/shots/release-2026-09-03-07.png,320201,"Redundant screenshots, temporary logs or simulation frame dump; not a design source"
out/laneT/shots/release-2026-09-03-08.png,263749,"Redundant screenshots, temporary logs or simulation frame dump; not a design source"
out/laneT/shots/release-2026-09-03-09.png,198436,"Redundant screenshots, temporary logs or simulation frame dump; not a design source"
out/laneT/shots/release-2026-09-03.png,2318617,"Redundant screenshots, temporary logs or simulation frame dump; not a design source"
out/laneT/shots/release-fix3-01.png,277180,"Redundant screenshots, temporary logs or simulation frame dump; not a design source"
out/laneT/shots/release-fix3-02.png,386778,"Redundant screenshots, temporary logs or simulation frame dump; not a design source"
out/laneT/shots/release-fix3-03.png,221875,"Redundant screenshots, temporary logs or simulation frame dump; not a design source"
out/laneT/shots/release-fix3-04.png,265199,"Redundant screenshots, temporary logs or simulation frame dump; not a design source"
out/laneT/shots/release-fix3-05.png,210039,"Redundant screenshots, temporary logs or simulation frame dump; not a design source"
out/laneT/shots/release-fix3-06.png,236051,"Redundant screenshots, temporary logs or simulation frame dump; not a design source"
out/laneT/shots/release-fix3-07.png,216996,"Redundant screenshots, temporary logs or simulation frame dump; not a design source"
out/laneT/shots/release-fix3-08.png,305432,"Redundant screenshots, temporary logs or simulation frame dump; not a design source"
out/laneT/shots/release-fix3-09.png,264911,"Redundant screenshots, temporary logs or simulation frame dump; not a design source"
out/laneT/shots/release-fix3-10.png,261235,"Redundant screenshots, temporary logs or simulation frame dump; not a design source"
out/laneT/shots/release-fix3-11.png,256586,"Redundant screenshots, temporary logs or simulation frame dump; not a design source"
out/laneT/shots/release-fix3.png,2663122,"Redundant screenshots, temporary logs or simulation frame dump; not a design source"
out/laneT/shots/shelf-status-2026-09-03-01.png,234338,"Redundant screenshots, temporary logs or simulation frame dump; not a design source"
out/laneT/shots/shelf-status-2026-09-03-02.png,378319,"Redundant screenshots, temporary logs or simulation frame dump; not a design source"
out/laneT/shots/shelf-status-2026-09-03-03.png,322096,"Redundant screenshots, temporary logs or simulation frame dump; not a design source"
out/laneT/shots/shelf-status-2026-09-03-04.png,263445,"Redundant screenshots, temporary logs or simulation frame dump; not a design source"
out/laneT/shots/shelf-status-2026-09-03-05.png,431035,"Redundant screenshots, temporary logs or simulation frame dump; not a design source"
out/laneT/shots/shelf-status-2026-09-03-06.png,421507,"Redundant screenshots, temporary logs or simulation frame dump; not a design source"
out/laneT/shots/shelf-status-2026-09-03-07.png,422735,"Redundant screenshots, temporary logs or simulation frame dump; not a design source"
out/laneT/shots/shelf-status-2026-09-03-08.png,421733,"Redundant screenshots, temporary logs or simulation frame dump; not a design source"
out/laneT/shots/shelf-status-2026-09-03-09.png,417335,"Redundant screenshots, temporary logs or simulation frame dump; not a design source"
out/laneT/shots/shelf-status-2026-09-03-10.png,429372,"Redundant screenshots, temporary logs or simulation frame dump; not a design source"
out/laneT/shots/shelf-status-2026-09-03-11.png,421136,"Redundant screenshots, temporary logs or simulation frame dump; not a design source"
out/laneT/shots/shelf-status-2026-09-03-12.png,219457,"Redundant screenshots, temporary logs or simulation frame dump; not a design source"
out/laneT/shots/shelf-status-2026-09-03.png,3663412,"Redundant screenshots, temporary logs or simulation frame dump; not a design source"
out/laneT/shots/shelf-status-fix-01.png,230585,"Redundant screenshots, temporary logs or simulation frame dump; not a design source"
out/laneT/shots/shelf-status-fix-02.png,272474,"Redundant screenshots, temporary logs or simulation frame dump; not a design source"
out/laneT/shots/shelf-status-fix-03.png,348840,"Redundant screenshots, temporary logs or simulation frame dump; not a design source"
out/laneT/shots/shelf-status-fix-04.png,325078,"Redundant screenshots, temporary logs or simulation frame dump; not a design source"
out/laneT/shots/shelf-status-fix-05.png,273618,"Redundant screenshots, temporary logs or simulation frame dump; not a design source"
out/laneT/shots/shelf-status-fix-06.png,289689,"Redundant screenshots, temporary logs or simulation frame dump; not a design source"
out/laneT/shots/shelf-status-fix-07.png,389421,"Redundant screenshots, temporary logs or simulation frame dump; not a design source"
out/laneT/shots/shelf-status-fix-08.png,400439,"Redundant screenshots, temporary logs or simulation frame dump; not a design source"
out/laneT/shots/shelf-status-fix-09.png,394707,"Redundant screenshots, temporary logs or simulation frame dump; not a design source"
out/laneT/shots/shelf-status-fix-10.png,395105,"Redundant screenshots, temporary logs or simulation frame dump; not a design source"
out/laneT/shots/shelf-status-fix-11.png,395111,"Redundant screenshots, temporary logs or simulation frame dump; not a design source"
out/laneT/shots/shelf-status-fix-12.png,396673,"Redundant screenshots, temporary logs or simulation frame dump; not a design source"
out/laneT/shots/shelf-status-fix-13.png,405245,"Redundant screenshots, temporary logs or simulation frame dump; not a design source"
out/laneT/shots/shelf-status-fix-14.png,390670,"Redundant screenshots, temporary logs or simulation frame dump; not a design source"
out/laneT/shots/shelf-status-fix-15.png,275380,"Redundant screenshots, temporary logs or simulation frame dump; not a design source"
out/laneT/shots/shelf-status-fix-16.png,147104,"Redundant screenshots, temporary logs or simulation frame dump; not a design source"
out/laneT/shots/shelf-status-fix.png,4522449,"Redundant screenshots, temporary logs or simulation frame dump; not a design source"
out/laneT/shots/shelf-status-fix2-01.png,230072,"Redundant screenshots, temporary logs or simulation frame dump; not a design source"
out/laneT/shots/shelf-status-fix2-02.png,272474,"Redundant screenshots, temporary logs or simulation frame dump; not a design source"
out/laneT/shots/shelf-status-fix2-03.png,348840,"Redundant screenshots, temporary logs or simulation frame dump; not a design source"
out/laneT/shots/shelf-status-fix2-04.png,325078,"Redundant screenshots, temporary logs or simulation frame dump; not a design source"
out/laneT/shots/shelf-status-fix2-05.png,273618,"Redundant screenshots, temporary logs or simulation frame dump; not a design source"
out/laneT/shots/shelf-status-fix2-06.png,289689,"Redundant screenshots, temporary logs or simulation frame dump; not a design source"
out/laneT/shots/shelf-status-fix2-07.png,389421,"Redundant screenshots, temporary logs or simulation frame dump; not a design source"
out/laneT/shots/shelf-status-fix2-08.png,400439,"Redundant screenshots, temporary logs or simulation frame dump; not a design source"
out/laneT/shots/shelf-status-fix2-09.png,394707,"Redundant screenshots, temporary logs or simulation frame dump; not a design source"
out/laneT/shots/shelf-status-fix2-10.png,395105,"Redundant screenshots, temporary logs or simulation frame dump; not a design source"
out/laneT/shots/shelf-status-fix2-11.png,395111,"Redundant screenshots, temporary logs or simulation frame dump; not a design source"
out/laneT/shots/shelf-status-fix2-12.png,396673,"Redundant screenshots, temporary logs or simulation frame dump; not a design source"
out/laneT/shots/shelf-status-fix2-13.png,405245,"Redundant screenshots, temporary logs or simulation frame dump; not a design source"
out/laneT/shots/shelf-status-fix2-14.png,390670,"Redundant screenshots, temporary logs or simulation frame dump; not a design source"
out/laneT/shots/shelf-status-fix2-15.png,275506,"Redundant screenshots, temporary logs or simulation frame dump; not a design source"
out/laneT/shots/shelf-status-fix2-16.png,284533,"Redundant screenshots, temporary logs or simulation frame dump; not a design source"
out/laneT/shots/shelf-status-fix2.png,4650263,"Redundant screenshots, temporary logs or simulation frame dump; not a design source"
out/laneT/shots/shelf-status-fix3-01.png,230267,"Redundant screenshots, temporary logs or simulation frame dump; not a design source"
out/laneT/shots/shelf-status-fix3-02.png,326764,"Redundant screenshots, temporary logs or simulation frame dump; not a design source"
out/laneT/shots/shelf-status-fix3-03.png,331007,"Redundant screenshots, temporary logs or simulation frame dump; not a design source"
out/laneT/shots/shelf-status-fix3-04.png,336926,"Redundant screenshots, temporary logs or simulation frame dump; not a design source"
out/laneT/shots/shelf-status-fix3-05.png,295072,"Redundant screenshots, temporary logs or simulation frame dump; not a design source"
out/laneT/shots/shelf-status-fix3-06.png,238656,"Redundant screenshots, temporary logs or simulation frame dump; not a design source"
out/laneT/shots/shelf-status-fix3-07.png,402210,"Redundant screenshots, temporary logs or simulation frame dump; not a design source"
out/laneT/shots/shelf-status-fix3-08.png,383761,"Redundant screenshots, temporary logs or simulation frame dump; not a design source"
out/laneT/shots/shelf-status-fix3-09.png,401635,"Redundant screenshots, temporary logs or simulation frame dump; not a design source"
out/laneT/shots/shelf-status-fix3-10.png,402256,"Redundant screenshots, temporary logs or simulation frame dump; not a design source"
out/laneT/shots/shelf-status-fix3-11.png,399753,"Redundant screenshots, temporary logs or simulation frame dump; not a design source"
out/laneT/shots/shelf-status-fix3-12.png,390670,"Redundant screenshots, temporary logs or simulation frame dump; not a design source"
out/laneT/shots/shelf-status-fix3-13.png,397038,"Redundant screenshots, temporary logs or simulation frame dump; not a design source"
out/laneT/shots/shelf-status-fix3-14.png,400037,"Redundant screenshots, temporary logs or simulation frame dump; not a design source"
out/laneT/shots/shelf-status-fix3-15.png,285103,"Redundant screenshots, temporary logs or simulation frame dump; not a design source"
out/laneT/shots/shelf-status-fix3-16.png,362653,"Redundant screenshots, temporary logs or simulation frame dump; not a design source"
out/laneT/shots/shelf-status-fix3.png,4760481,"Redundant screenshots, temporary logs or simulation frame dump; not a design source"
out/measure/ankle/ref_ankle_l_v1_front.png,21736,"Redundant screenshots, temporary logs or simulation frame dump; not a design source"
out/measure/ankle/ref_ankle_l_v1_iso.png,63084,"Redundant screenshots, temporary logs or simulation frame dump; not a design source"
out/measure/ankle/ref_ankle_l_v1_left.png,16278,"Redundant screenshots, temporary logs or simulation frame dump; not a design source"
out/measure/ankle/ref_ankle_l_v1_top.png,22668,"Redundant screenshots, temporary logs or simulation frame dump; not a design source"
out/measure/ankle/ref_ankle_left_front.png,23632,"Redundant screenshots, temporary logs or simulation frame dump; not a design source"
out/measure/ankle/ref_ankle_left_iso.png,61952,"Redundant screenshots, temporary logs or simulation frame dump; not a design source"
out/measure/ankle/ref_ankle_left_left.png,16069,"Redundant screenshots, temporary logs or simulation frame dump; not a design source"
out/measure/ankle/ref_ankle_left_top.png,22052,"Redundant screenshots, temporary logs or simulation frame dump; not a design source"
out/measure/ankle/ref_ankle_r_v1_front.png,21216,"Redundant screenshots, temporary logs or simulation frame dump; not a design source"
out/measure/ankle/ref_ankle_r_v1_iso.png,61523,"Redundant screenshots, temporary logs or simulation frame dump; not a design source"
out/measure/ankle/ref_ankle_r_v1_left.png,16099,"Redundant screenshots, temporary logs or simulation frame dump; not a design source"
out/measure/ankle/ref_ankle_r_v1_top.png,22444,"Redundant screenshots, temporary logs or simulation frame dump; not a design source"
out/measure/ankle/ref_ankle_right_front.png,22628,"Redundant screenshots, temporary logs or simulation frame dump; not a design source"
out/measure/ankle/ref_ankle_right_iso.png,54551,"Redundant screenshots, temporary logs or simulation frame dump; not a design source"
out/measure/ankle/ref_ankle_right_left.png,16069,"Redundant screenshots, temporary logs or simulation frame dump; not a design source"
out/measure/ankle/ref_ankle_right_top.png,22281,"Redundant screenshots, temporary logs or simulation frame dump; not a design source"
out/measure/bhs_ref_bottom.png,93035,"Redundant screenshots, temporary logs or simulation frame dump; not a design source"
out/measure/bhs_ref_front.png,34133,"Redundant screenshots, temporary logs or simulation frame dump; not a design source"
out/measure/bhs_ref_iso.png,82434,"Redundant screenshots, temporary logs or simulation frame dump; not a design source"
out/measure/bhs_ref_top.png,105053,"Redundant screenshots, temporary logs or simulation frame dump; not a design source"
out/measure/bhs_slices_x.png,81506,"Redundant screenshots, temporary logs or simulation frame dump; not a design source"
out/measure/bhs_slices_y.png,126921,"Redundant screenshots, temporary logs or simulation frame dump; not a design source"
out/measure/bhs_slices_z.png,341234,"Redundant screenshots, temporary logs or simulation frame dump; not a design source"
out/measure/bl/section_y_35.750.png,36416,"Redundant screenshots, temporary logs or simulation frame dump; not a design source"
out/measure/bottom_head_shell_back.png,35894,"Redundant screenshots, temporary logs or simulation frame dump; not a design source"
out/measure/bottom_head_shell_bottom.png,93035,"Redundant screenshots, temporary logs or simulation frame dump; not a design source"
out/measure/bottom_head_shell_front.png,34133,"Redundant screenshots, temporary logs or simulation frame dump; not a design source"
out/measure/bottom_head_shell_iso.png,82434,"Redundant screenshots, temporary logs or simulation frame dump; not a design source"
out/measure/bottom_head_shell_left.png,34654,"Redundant screenshots, temporary logs or simulation frame dump; not a design source"
out/measure/bottom_head_shell_right.png,34120,"Redundant screenshots, temporary logs or simulation frame dump; not a design source"
out/measure/bottom_head_shell_top.png,105053,"Redundant screenshots, temporary logs or simulation frame dump; not a design source"
out/measure/ee-datasheet-cables.png,349198,"Redundant screenshots, temporary logs or simulation frame dump; not a design source"
out/measure/ee-datasheet-detail.png,430964,"Redundant screenshots, temporary logs or simulation frame dump; not a design source"
out/measure/ee-datasheet-diagram.png,274493,"Redundant screenshots, temporary logs or simulation frame dump; not a design source"
out/measure/ee-datasheet-mass.png,289324,"Redundant screenshots, temporary logs or simulation frame dump; not a design source"
out/measure/ee-datasheet-open.png,241822,"Redundant screenshots, temporary logs or simulation frame dump; not a design source"
out/measure/ee-datasheet-power.png,335684,"Redundant screenshots, temporary logs or simulation frame dump; not a design source"
out/measure/ee-datasheet-roster.png,288315,"Redundant screenshots, temporary logs or simulation frame dump; not a design source"
out/measure/ee-datasheet-top.png,302804,"Redundant screenshots, temporary logs or simulation frame dump; not a design source"
out/measure/face_part_slices_x.png,64470,"Redundant screenshots, temporary logs or simulation frame dump; not a design source"
out/measure/face_part_slices_y.png,189834,"Redundant screenshots, temporary logs or simulation frame dump; not a design source"
out/measure/face_part_slices_z.png,46344,"Redundant screenshots, temporary logs or simulation frame dump; not a design source"
out/measure/foot/foot_left_x.png,127700,"Redundant screenshots, temporary logs or simulation frame dump; not a design source"
out/measure/foot/foot_left_y.png,99935,"Redundant screenshots, temporary logs or simulation frame dump; not a design source"
out/measure/foot/foot_left_z.png,152505,"Redundant screenshots, temporary logs or simulation frame dump; not a design source"
out/measure/foot/sole_left_x.png,114274,"Redundant screenshots, temporary logs or simulation frame dump; not a design source"
out/measure/foot/sole_left_y.png,150325,"Redundant screenshots, temporary logs or simulation frame dump; not a design source"
out/measure/foot/sole_left_z.png,191579,"Redundant screenshots, temporary logs or simulation frame dump; not a design source"
out/measure/left_block_x.png,109274,"Redundant screenshots, temporary logs or simulation frame dump; not a design source"
out/measure/left_front_wall_z.png,66935,"Redundant screenshots, temporary logs or simulation frame dump; not a design source"
out/measure/left_hook.png,42374,"Redundant screenshots, temporary logs or simulation frame dump; not a design source"
out/measure/left_hook_y.png,61870,"Redundant screenshots, temporary logs or simulation frame dump; not a design source"
out/measure/left_ledge.png,69318,"Redundant screenshots, temporary logs or simulation frame dump; not a design source"
out/measure/left_plate_x.png,175450,"Redundant screenshots, temporary logs or simulation frame dump; not a design source"
out/measure/left_shell_slices_x.png,184990,"Redundant screenshots, temporary logs or simulation frame dump; not a design source"
out/measure/left_shell_slices_y.png,157434,"Redundant screenshots, temporary logs or simulation frame dump; not a design source"
out/measure/left_shell_slices_z.png,184493,"Redundant screenshots, temporary logs or simulation frame dump; not a design source"
out/measure/left_top_y.png,85285,"Redundant screenshots, temporary logs or simulation frame dump; not a design source"
out/measure/left_vboss_z.png,110584,"Redundant screenshots, temporary logs or simulation frame dump; not a design source"
out/measure/lens_slices_y.png,111076,"Redundant screenshots, temporary logs or simulation frame dump; not a design source"
out/measure/lens_slices_z.png,35066,"Redundant screenshots, temporary logs or simulation frame dump; not a design source"
out/measure/ls_backtop_x.png,116526,"Redundant screenshots, temporary logs or simulation frame dump; not a design source"
out/measure/ls_backtop_z.png,151886,"Redundant screenshots, temporary logs or simulation frame dump; not a design source"
out/measure/ls_bottom_z.png,146684,"Redundant screenshots, temporary logs or simulation frame dump; not a design source"
out/measure/ls_fronttop_x.png,183759,"Redundant screenshots, temporary logs or simulation frame dump; not a design source"
out/measure/ls_fronttop_z.png,167932,"Redundant screenshots, temporary logs or simulation frame dump; not a design source"
out/measure/ls_hook_z.png,49712,"Redundant screenshots, temporary logs or simulation frame dump; not a design source"
out/measure/ls_horn_x.png,239383,"Redundant screenshots, temporary logs or simulation frame dump; not a design source"
out/measure/ls_horn_zoom_x.png,264419,"Redundant screenshots, temporary logs or simulation frame dump; not a design source"
out/measure/m12h_slices_x.png,41190,"Redundant screenshots, temporary logs or simulation frame dump; not a design source"
out/measure/m12h_slices_y.png,132190,"Redundant screenshots, temporary logs or simulation frame dump; not a design source"
out/measure/m12h_slices_z.png,43742,"Redundant screenshots, temporary logs or simulation frame dump; not a design source"
out/measure/motor_support_front.png,18892,"Redundant screenshots, temporary logs or simulation frame dump; not a design source"
out/measure/motor_support_iso.png,46986,"Redundant screenshots, temporary logs or simulation frame dump; not a design source"
out/measure/motor_support_slices_x.png,86031,"Redundant screenshots, temporary logs or simulation frame dump; not a design source"
out/measure/motor_support_slices_x2.png,90339,"Redundant screenshots, temporary logs or simulation frame dump; not a design source"
out/measure/motor_support_slices_y.png,96752,"Redundant screenshots, temporary logs or simulation frame dump; not a design source"
out/measure/motor_support_slices_y2.png,127701,"Redundant screenshots, temporary logs or simulation frame dump; not a design source"
out/measure/motor_support_slices_z.png,154666,"Redundant screenshots, temporary logs or simulation frame dump; not a design source"
out/measure/motor_support_top.png,24255,"Redundant screenshots, temporary logs or simulation frame dump; not a design source"
out/measure/neck_front.png,17775,"Redundant screenshots, temporary logs or simulation frame dump; not a design source"
out/measure/neck_iso.png,37608,"Redundant screenshots, temporary logs or simulation frame dump; not a design source"
out/measure/neck_pitch_front.png,19030,"Redundant screenshots, temporary logs or simulation frame dump; not a design source"
out/measure/neck_pitch_iso.png,53000,"Redundant screenshots, temporary logs or simulation frame dump; not a design source"
out/measure/neck_pitch_right.png,16780,"Redundant screenshots, temporary logs or simulation frame dump; not a design source"
out/measure/neck_pitch_top.png,17192,"Redundant screenshots, temporary logs or simulation frame dump; not a design source"
out/measure/neck_right.png,15166,"Redundant screenshots, temporary logs or simulation frame dump; not a design source"
out/measure/neck_top.png,14938,"Redundant screenshots, temporary logs or simulation frame dump; not a design source"
out/measure/neckgrp/neck_front.png,17775,"Redundant screenshots, temporary logs or simulation frame dump; not a design source"
out/measure/neckgrp/neck_iso.png,37608,"Redundant screenshots, temporary logs or simulation frame dump; not a design source"
out/measure/neckgrp/neck_pitch_front.png,19030,"Redundant screenshots, temporary logs or simulation frame dump; not a design source"
out/measure/neckgrp/neck_pitch_iso.png,53000,"Redundant screenshots, temporary logs or simulation frame dump; not a design source"
out/measure/neckgrp/neck_pitch_top.png,17192,"Redundant screenshots, temporary logs or simulation frame dump; not a design source"
out/measure/neckgrp/neck_top.png,14938,"Redundant screenshots, temporary logs or simulation frame dump; not a design source"
out/measure/neckgrp/np_slices_x.png,139562,"Redundant screenshots, temporary logs or simulation frame dump; not a design source"
out/measure/neckgrp/np_slices_y.png,72404,"Redundant screenshots, temporary logs or simulation frame dump; not a design source"
out/measure/neckgrp/np_slices_z.png,110599,"Redundant screenshots, temporary logs or simulation frame dump; not a design source"
out/measure/neckgrp/yaw_roll_motion_rl_front.png,16717,"Redundant screenshots, temporary logs or simulation frame dump; not a design source"
out/measure/neckgrp/yaw_roll_motion_rl_iso.png,59400,"Redundant screenshots, temporary logs or simulation frame dump; not a design source"
out/measure/neckgrp/yaw_roll_motion_rl_top.png,18072,"Redundant screenshots, temporary logs or simulation frame dump; not a design source"
out/measure/neckgrp/yaw_roll_motion_sim_front.png,22523,"Redundant screenshots, temporary logs or simulation frame dump; not a design source"
out/measure/neckgrp/yaw_roll_motion_sim_iso.png,50343,"Redundant screenshots, temporary logs or simulation frame dump; not a design source"
out/measure/neckgrp/yaw_roll_motion_sim_top.png,24299,"Redundant screenshots, temporary logs or simulation frame dump; not a design source"
out/measure/neckgrp/yr_slices_x.png,57174,"Redundant screenshots, temporary logs or simulation frame dump; not a design source"
out/measure/neckgrp/yr_slices_y.png,159402,"Redundant screenshots, temporary logs or simulation frame dump; not a design source"
out/measure/neckgrp/yr_slices_z.png,87994,"Redundant screenshots, temporary logs or simulation frame dump; not a design source"
out/measure/noenoeil_slices_y.png,165649,"Redundant screenshots, temporary logs or simulation frame dump; not a design source"
out/measure/noenoeil_slices_z.png,23466,"Redundant screenshots, temporary logs or simulation frame dump; not a design source"
out/measure/npf550_slices_x.png,97447,"Redundant screenshots, temporary logs or simulation frame dump; not a design source"
out/measure/npf550_slices_y.png,91188,"Redundant screenshots, temporary logs or simulation frame dump; not a design source"
out/measure/npf550_slices_z.png,107674,"Redundant screenshots, temporary logs or simulation frame dump; not a design source"
out/measure/plate_slices_x.png,145489,"Redundant screenshots, temporary logs or simulation frame dump; not a design source"
out/measure/ps/section_x_0.000.png,48611,"Redundant screenshots, temporary logs or simulation frame dump; not a design source"
out/measure/ps/section_x_10.600.png,47104,"Redundant screenshots, temporary logs or simulation frame dump; not a design source"
out/measure/ps/section_x_16.000.png,40800,"Redundant screenshots, temporary logs or simulation frame dump; not a design source"
out/measure/ps/section_x_19.000.png,42921,"Redundant screenshots, temporary logs or simulation frame dump; not a design source"
out/measure/ps/section_x_21.000.png,44093,"Redundant screenshots, temporary logs or simulation frame dump; not a design source"
out/measure/ps/section_x_25.000.png,28679,"Redundant screenshots, temporary logs or simulation frame dump; not a design source"
out/measure/ps/section_x_7.450.png,46837,"Redundant screenshots, temporary logs or simulation frame dump; not a design source"
out/measure/ps/section_y_26.000.png,63928,"Redundant screenshots, temporary logs or simulation frame dump; not a design source"
out/measure/ps/section_y_28.000.png,78013,"Redundant screenshots, temporary logs or simulation frame dump; not a design source"
out/measure/ps/section_y_30.000.png,55166,"Redundant screenshots, temporary logs or simulation frame dump; not a design source"
out/measure/ps/section_y_32.000.png,55185,"Redundant screenshots, temporary logs or simulation frame dump; not a design source"
out/measure/ps/section_y_34.000.png,55124,"Redundant screenshots, temporary logs or simulation frame dump; not a design source"
out/measure/ps/section_z_0.000.png,35517,"Redundant screenshots, temporary logs or simulation frame dump; not a design source"
out/measure/ps/section_z_13.000.png,39750,"Redundant screenshots, temporary logs or simulation frame dump; not a design source"
out/measure/ps/section_z_30.000.png,24529,"Redundant screenshots, temporary logs or simulation frame dump; not a design source"
out/measure/ps/section_z_42.000.png,34226,"Redundant screenshots, temporary logs or simulation frame dump; not a design source"
out/measure/ps/section_z_45.000.png,24217,"Redundant screenshots, temporary logs or simulation frame dump; not a design source"
out/measure/ps/section_z_50.000.png,35484,"Redundant screenshots, temporary logs or simulation frame dump; not a design source"
out/measure/ps/section_z_53.600.png,33977,"Redundant screenshots, temporary logs or simulation frame dump; not a design source"
out/measure/ps/section_z_m16.000.png,36034,"Redundant screenshots, temporary logs or simulation frame dump; not a design source"
out/measure/ps/section_z_m20.000.png,26314,"Redundant screenshots, temporary logs or simulation frame dump; not a design source"
out/measure/ps/section_z_m24.500.png,24493,"Redundant screenshots, temporary logs or simulation frame dump; not a design source"
out/measure/radxa-build-radxa-holes.log,873,"Redundant screenshots, temporary logs or simulation frame dump; not a design source"
out/measure/ref_banana_pcb_locker_front.png,15775,"Redundant screenshots, temporary logs or simulation frame dump; not a design source"
out/measure/ref_banana_pcb_locker_iso.png,27504,"Redundant screenshots, temporary logs or simulation frame dump; not a design source"
out/measure/ref_banana_pcb_locker_left.png,16364,"Redundant screenshots, temporary logs or simulation frame dump; not a design source"
out/measure/ref_banana_pcb_locker_top.png,15561,"Redundant screenshots, temporary logs or simulation frame dump; not a design source"
out/measure/ref_face_part_front.png,18768,"Redundant screenshots, temporary logs or simulation frame dump; not a design source"
out/measure/ref_face_part_iso.png,38158,"Redundant screenshots, temporary logs or simulation frame dump; not a design source"
out/measure/ref_left_shell_back.png,73522,"Redundant screenshots, temporary logs or simulation frame dump; not a design source"
out/measure/ref_left_shell_bottom.png,52213,"Redundant screenshots, temporary logs or simulation frame dump; not a design source"
out/measure/ref_left_shell_front.png,88121,"Redundant screenshots, temporary logs or simulation frame dump; not a design source"
out/measure/ref_left_shell_iso.png,136958,"Redundant screenshots, temporary logs or simulation frame dump; not a design source"
out/measure/ref_left_shell_left.png,69970,"Redundant screenshots, temporary logs or simulation frame dump; not a design source"
out/measure/ref_left_shell_right.png,86977,"Redundant screenshots, temporary logs or simulation frame dump; not a design source"
out/measure/ref_left_shell_top.png,56724,"Redundant screenshots, temporary logs or simulation frame dump; not a design source"
out/measure/ref_lens_front.png,28764,"Redundant screenshots, temporary logs or simulation frame dump; not a design source"
out/measure/ref_lens_iso.png,54017,"Redundant screenshots, temporary logs or simulation frame dump; not a design source"
out/measure/ref_m12_lens_holder_front.png,23038,"Redundant screenshots, temporary logs or simulation frame dump; not a design source"
out/measure/ref_m12_lens_holder_iso.png,64140,"Redundant screenshots, temporary logs or simulation frame dump; not a design source"
out/measure/ref_noenoeil_front.png,16906,"Redundant screenshots, temporary logs or simulation frame dump; not a design source"
out/measure/ref_noenoeil_iso.png,53587,"Redundant screenshots, temporary logs or simulation frame dump; not a design source"
out/measure/ref_power_support_front.png,17254,"Redundant screenshots, temporary logs or simulation frame dump; not a design source"
out/measure/ref_power_support_iso.png,48263,"Redundant screenshots, temporary logs or simulation frame dump; not a design source"
out/measure/ref_power_support_left.png,27132,"Redundant screenshots, temporary logs or simulation frame dump; not a design source"
out/measure/ref_power_support_top.png,18608,"Redundant screenshots, temporary logs or simulation frame dump; not a design source"
out/measure/ref_right_shell_back.png,89876,"Redundant screenshots, temporary logs or simulation frame dump; not a design source"
out/measure/ref_right_shell_bottom.png,50253,"Redundant screenshots, temporary logs or simulation frame dump; not a design source"
out/measure/ref_right_shell_front.png,68920,"Redundant screenshots, temporary logs or simulation frame dump; not a design source"
out/measure/ref_right_shell_iso.png,120753,"Redundant screenshots, temporary logs or simulation frame dump; not a design source"
out/measure/ref_right_shell_left.png,69990,"Redundant screenshots, temporary logs or simulation frame dump; not a design source"
out/measure/ref_right_shell_right.png,87474,"Redundant screenshots, temporary logs or simulation frame dump; not a design source"
out/measure/ref_right_shell_top.png,57257,"Redundant screenshots, temporary logs or simulation frame dump; not a design source"
out/measure/ref_trunk_base_front.png,15706,"Redundant screenshots, temporary logs or simulation frame dump; not a design source"
out/measure/ref_trunk_base_iso.png,33589,"Redundant screenshots, temporary logs or simulation frame dump; not a design source"
out/measure/ref_trunk_base_left.png,16042,"Redundant screenshots, temporary logs or simulation frame dump; not a design source"
out/measure/ref_trunk_base_top.png,21652,"Redundant screenshots, temporary logs or simulation frame dump; not a design source"
out/measure/ref_trunk_shell_left_front.png,48814,"Redundant screenshots, temporary logs or simulation frame dump; not a design source"
out/measure/ref_trunk_shell_left_iso.png,120204,"Redundant screenshots, temporary logs or simulation frame dump; not a design source"
out/measure/ref_trunk_shell_left_left.png,37909,"Redundant screenshots, temporary logs or simulation frame dump; not a design source"
out/measure/ref_trunk_shell_left_right.png,45733,"Redundant screenshots, temporary logs or simulation frame dump; not a design source"
out/measure/ref_trunk_shell_left_top.png,36504,"Redundant screenshots, temporary logs or simulation frame dump; not a design source"
out/measure/ref_upper_leg_left_front.png,68459,"Redundant screenshots, temporary logs or simulation frame dump; not a design source"
out/measure/ref_upper_leg_left_iso.png,77301,"Redundant screenshots, temporary logs or simulation frame dump; not a design source"
out/measure/ref_upper_leg_left_right.png,25291,"Redundant screenshots, temporary logs or simulation frame dump; not a design source"
out/measure/ref_upper_leg_left_top.png,26050,"Redundant screenshots, temporary logs or simulation frame dump; not a design source"
out/measure/ref_upper_leg_right_front.png,86619,"Redundant screenshots, temporary logs or simulation frame dump; not a design source"
out/measure/ref_upper_leg_right_iso.png,61873,"Redundant screenshots, temporary logs or simulation frame dump; not a design source"
out/measure/ref_upper_leg_right_right.png,24095,"Redundant screenshots, temporary logs or simulation frame dump; not a design source"
out/measure/ref_upper_leg_right_top.png,26489,"Redundant screenshots, temporary logs or simulation frame dump; not a design source"
out/measure/ref_upper_leg_rigidity_plate_front.png,23035,"Redundant screenshots, temporary logs or simulation frame dump; not a design source"
out/measure/ref_upper_leg_rigidity_plate_iso.png,38227,"Redundant screenshots, temporary logs or simulation frame dump; not a design source"
out/measure/ref_upper_leg_rigidity_plate_right.png,15213,"Redundant screenshots, temporary logs or simulation frame dump; not a design source"
out/measure/ref_upper_leg_rigidity_plate_top.png,14925,"Redundant screenshots, temporary logs or simulation frame dump; not a design source"
out/measure/right_shell_slices_x.png,182359,"Redundant screenshots, temporary logs or simulation frame dump; not a design source"
out/measure/right_shell_slices_y.png,155312,"Redundant screenshots, temporary logs or simulation frame dump; not a design source"
out/measure/right_shell_slices_z.png,184856,"Redundant screenshots, temporary logs or simulation frame dump; not a design source"
out/measure/tb/section_z_17.000.png,61822,"Redundant screenshots, temporary logs or simulation frame dump; not a design source"
out/measure/thigh_slices_x.png,235393,"Redundant screenshots, temporary logs or simulation frame dump; not a design source"
out/measure/thigh_slices_y.png,128489,"Redundant screenshots, temporary logs or simulation frame dump; not a design source"
out/measure/thigh_slices_z.png,170364,"Redundant screenshots, temporary logs or simulation frame dump; not a design source"
out/measure/ths_bottom.png,125228,"Redundant screenshots, temporary logs or simulation frame dump; not a design source"
out/measure/ths_front.png,74493,"Redundant screenshots, temporary logs or simulation frame dump; not a design source"
out/measure/ths_iso.png,130589,"Redundant screenshots, temporary logs or simulation frame dump; not a design source"
out/measure/ths_slices_x.png,93072,"Redundant screenshots, temporary logs or simulation frame dump; not a design source"
out/measure/ths_slices_y.png,210258,"Redundant screenshots, temporary logs or simulation frame dump; not a design source"
out/measure/ths_slices_z.png,262937,"Redundant screenshots, temporary logs or simulation frame dump; not a design source"
out/measure/yaw2roll_slices_y.png,75991,"Redundant screenshots, temporary logs or simulation frame dump; not a design source"
out/measure/yaw2roll_slices_z.png,61741,"Redundant screenshots, temporary logs or simulation frame dump; not a design source"
out/measure/yaw_roll_motion_front.png,22523,"Redundant screenshots, temporary logs or simulation frame dump; not a design source"
out/measure/yaw_roll_motion_iso.png,50343,"Redundant screenshots, temporary logs or simulation frame dump; not a design source"
out/measure/yaw_roll_motion_right.png,24693,"Redundant screenshots, temporary logs or simulation frame dump; not a design source"
out/measure/yaw_roll_motion_top.png,24299,"Redundant screenshots, temporary logs or simulation frame dump; not a design source"
out/motion/compare_sitting.png,447800,"Redundant screenshots, temporary logs or simulation frame dump; not a design source"
out/motion/compare_standing_profile.png,296799,"Redundant screenshots, temporary logs or simulation frame dump; not a design source"
out/motion/frames/compare_sitting_az135.png,38235,"Redundant screenshots, temporary logs or simulation frame dump; not a design source"
out/motion/frames/compare_sitting_az150.png,37174,"Redundant screenshots, temporary logs or simulation frame dump; not a design source"
out/motion/frames/compare_sitting_az200.png,34741,"Redundant screenshots, temporary logs or simulation frame dump; not a design source"
out/motion/frames/compare_sitting_az225.png,37967,"Redundant screenshots, temporary logs or simulation frame dump; not a design source"
out/motion/frames/compare_sitting_az315.png,39065,"Redundant screenshots, temporary logs or simulation frame dump; not a design source"
out/motion/frames/head_lookaround_f0112.png,80225,"Redundant screenshots, temporary logs or simulation frame dump; not a design source"
out/motion/frames/head_lookaround_f0288.png,83002,"Redundant screenshots, temporary logs or simulation frame dump; not a design source"
out/motion/frames/head_sweep_3q_f0240.png,114815,"Redundant screenshots, temporary logs or simulation frame dump; not a design source"
out/motion/frames/head_sweep_3q_f0619.png,95116,"Redundant screenshots, temporary logs or simulation frame dump; not a design source"
out/motion/frames/head_sweep_body_f0240.png,88485,"Redundant screenshots, temporary logs or simulation frame dump; not a design source"
out/motion/frames/head_sweep_body_f0619.png,78775,"Redundant screenshots, temporary logs or simulation frame dump; not a design source"
out/motion/frames/head_sweep_profile_f0240.png,77252,"Redundant screenshots, temporary logs or simulation frame dump; not a design source"
out/motion/frames/head_sweep_profile_f0619.png,63987,"Redundant screenshots, temporary logs or simulation frame dump; not a design source"
out/motion/frames/legs_ankle_032.png,128990,"Redundant screenshots, temporary logs or simulation frame dump; not a design source"
out/motion/frames/legs_ankle_129.png,117052,"Redundant screenshots, temporary logs or simulation frame dump; not a design source"
out/motion/frames/legs_composite_014.png,144099,"Redundant screenshots, temporary logs or simulation frame dump; not a design source"
out/motion/frames/legs_composite_057.png,143854,"Redundant screenshots, temporary logs or simulation frame dump; not a design source"
out/motion/frames/legs_hip_pitch_032.png,137970,"Redundant screenshots, temporary logs or simulation frame dump; not a design source"
out/motion/frames/legs_hip_pitch_129.png,137986,"Redundant screenshots, temporary logs or simulation frame dump; not a design source"
out/motion/frames/legs_hip_roll_032.png,142065,"Redundant screenshots, temporary logs or simulation frame dump; not a design source"
out/motion/frames/legs_hip_roll_129.png,129860,"Redundant screenshots, temporary logs or simulation frame dump; not a design source"
out/motion/frames/legs_hip_yaw_032.png,136961,"Redundant screenshots, temporary logs or simulation frame dump; not a design source"
out/motion/frames/legs_hip_yaw_129.png,132288,"Redundant screenshots, temporary logs or simulation frame dump; not a design source"
out/motion/frames/legs_knee_032.png,131443,"Redundant screenshots, temporary logs or simulation frame dump; not a design source"
out/motion/frames/legs_knee_129.png,144304,"Redundant screenshots, temporary logs or simulation frame dump; not a design source"
out/motion/frames/legs_leglift_022.png,143742,"Redundant screenshots, temporary logs or simulation frame dump; not a design source"
out/motion/frames/legs_leglift_090.png,148654,"Redundant screenshots, temporary logs or simulation frame dump; not a design source"
out/motion/frames/legs_selfcollision_025.png,160172,"Redundant screenshots, temporary logs or simulation frame dump; not a design source"
out/motion/frames/legs_selfcollision_100.png,132311,"Redundant screenshots, temporary logs or simulation frame dump; not a design source"
out/motion/frames/legs_sitstand_019.png,146878,"Redundant screenshots, temporary logs or simulation frame dump; not a design source"
out/motion/frames/legs_sitstand_076.png,133445,"Redundant screenshots, temporary logs or simulation frame dump; not a design source"
out/motion/frames/legs_squat_016.png,147106,"Redundant screenshots, temporary logs or simulation frame dump; not a design source"
out/motion/frames/legs_squat_066.png,146481,"Redundant screenshots, temporary logs or simulation frame dump; not a design source"
out/motion/frames/walk_ankle_34_f000.png,87201,"Redundant screenshots, temporary logs or simulation frame dump; not a design source"
out/motion/frames/walk_ankle_34_f137.png,84494,"Redundant screenshots, temporary logs or simulation frame dump; not a design source"
out/motion/frames/walk_ankle_34_f240.png,83267,"Redundant screenshots, temporary logs or simulation frame dump; not a design source"
out/motion/frames/walk_ankle_prof_f000.png,53232,"Redundant screenshots, temporary logs or simulation frame dump; not a design source"
out/motion/frames/walk_ankle_prof_f137.png,61335,"Redundant screenshots, temporary logs or simulation frame dump; not a design source"
out/motion/frames/walk_ankle_prof_f240.png,56016,"Redundant screenshots, temporary logs or simulation frame dump; not a design source"
out/motion/frames/walk_body_f000.png,165508,"Redundant screenshots, temporary logs or simulation frame dump; not a design source"
out/motion/frames/walk_body_f137.png,162412,"Redundant screenshots, temporary logs or simulation frame dump; not a design source"
out/motion/frames/walk_body_f240.png,164765,"Redundant screenshots, temporary logs or simulation frame dump; not a design source"
out/motion/frames/walk_composite_f000.png,285489,"Redundant screenshots, temporary logs or simulation frame dump; not a design source"
out/motion/frames/walk_composite_f137.png,298503,"Redundant screenshots, temporary logs or simulation frame dump; not a design source"
out/motion/frames/walk_composite_f240.png,293869,"Redundant screenshots, temporary logs or simulation frame dump; not a design source"
out/motion/frames/walk_hip_34_f000.png,93977,"Redundant screenshots, temporary logs or simulation frame dump; not a design source"
out/motion/frames/walk_hip_34_f137.png,92885,"Redundant screenshots, temporary logs or simulation frame dump; not a design source"
out/motion/frames/walk_hip_34_f240.png,89310,"Redundant screenshots, temporary logs or simulation frame dump; not a design source"
out/motion/frames/walk_hip_prof_f000.png,64610,"Redundant screenshots, temporary logs or simulation frame dump; not a design source"
out/motion/frames/walk_hip_prof_f137.png,66196,"Redundant screenshots, temporary logs or simulation frame dump; not a design source"
out/motion/frames/walk_hip_prof_f240.png,67961,"Redundant screenshots, temporary logs or simulation frame dump; not a design source"
out/motion/frames/walk_knee_34_f000.png,104367,"Redundant screenshots, temporary logs or simulation frame dump; not a design source"
out/motion/frames/walk_knee_34_f137.png,101476,"Redundant screenshots, temporary logs or simulation frame dump; not a design source"
out/motion/frames/walk_knee_34_f240.png,97046,"Redundant screenshots, temporary logs or simulation frame dump; not a design source"
out/motion/frames/walk_knee_prof_f000.png,66297,"Redundant screenshots, temporary logs or simulation frame dump; not a design source"
out/motion/frames/walk_knee_prof_f137.png,73258,"Redundant screenshots, temporary logs or simulation frame dump; not a design source"
out/motion/frames/walk_knee_prof_f240.png,71670,"Redundant screenshots, temporary logs or simulation frame dump; not a design source"
out/motion/frames/walk_slowmo_f000.png,223202,"Redundant screenshots, temporary logs or simulation frame dump; not a design source"
out/motion/frames/walk_slowmo_f038.png,223512,"Redundant screenshots, temporary logs or simulation frame dump; not a design source"
out/motion/frames/walk_slowmo_f067.png,224664,"Redundant screenshots, temporary logs or simulation frame dump; not a design source"
out/motion/head_lookaround.gif,3268921,"Redundant screenshots, temporary logs or simulation frame dump; not a design source"
out/motion/head_lookaround.mp4,3531911,"Redundant screenshots, temporary logs or simulation frame dump; not a design source"
out/motion/head_lookaround_sheet.png,209550,"Redundant screenshots, temporary logs or simulation frame dump; not a design source"
out/motion/head_real_video_overlay.png,646397,"Redundant screenshots, temporary logs or simulation frame dump; not a design source"
out/motion/head_sweep_3q.gif,4240455,"Redundant screenshots, temporary logs or simulation frame dump; not a design source"
out/motion/head_sweep_3q.mp4,6853409,"Redundant screenshots, temporary logs or simulation frame dump; not a design source"
out/motion/head_sweep_3q_sheet.png,256036,"Redundant screenshots, temporary logs or simulation frame dump; not a design source"
out/motion/head_sweep_body.gif,5965031,"Redundant screenshots, temporary logs or simulation frame dump; not a design source"
out/motion/head_sweep_body.mp4,4872256,"Redundant screenshots, temporary logs or simulation frame dump; not a design source"
out/motion/head_sweep_body_sheet.png,211291,"Redundant screenshots, temporary logs or simulation frame dump; not a design source"
out/motion/head_sweep_profile.gif,6395821,"Redundant screenshots, temporary logs or simulation frame dump; not a design source"
out/motion/head_sweep_profile.mp4,5190917,"Redundant screenshots, temporary logs or simulation frame dump; not a design source"
out/motion/head_sweep_profile_sheet.png,183400,"Redundant screenshots, temporary logs or simulation frame dump; not a design source"
out/motion/head_vs_real.png,617773,"Redundant screenshots, temporary logs or simulation frame dump; not a design source"
out/motion/legs_ankle.gif,2925475,"Redundant screenshots, temporary logs or simulation frame dump; not a design source"
out/motion/legs_ankle.mp4,1379355,"Redundant screenshots, temporary logs or simulation frame dump; not a design source"
out/motion/legs_ankle_sheet.png,252888,"Redundant screenshots, temporary logs or simulation frame dump; not a design source"
out/motion/legs_composite.gif,1556093,"Redundant screenshots, temporary logs or simulation frame dump; not a design source"
out/motion/legs_composite.mp4,1341730,"Redundant screenshots, temporary logs or simulation frame dump; not a design source"
out/motion/legs_composite_sheet.png,605425,"Redundant screenshots, temporary logs or simulation frame dump; not a design source"
out/motion/legs_envelope.png,41858,"Redundant screenshots, temporary logs or simulation frame dump; not a design source"
out/motion/legs_hip_pitch.gif,3644845,"Redundant screenshots, temporary logs or simulation frame dump; not a design source"
out/motion/legs_hip_pitch.mp4,2738965,"Redundant screenshots, temporary logs or simulation frame dump; not a design source"
out/motion/legs_hip_pitch_sheet.png,344132,"Redundant screenshots, temporary logs or simulation frame dump; not a design source"
out/motion/legs_hip_roll.gif,3573824,"Redundant screenshots, temporary logs or simulation frame dump; not a design source"
out/motion/legs_hip_roll.mp4,2108484,"Redundant screenshots, temporary logs or simulation frame dump; not a design source"
out/motion/legs_hip_roll_sheet.png,293718,"Redundant screenshots, temporary logs or simulation frame dump; not a design source"
out/motion/legs_hip_yaw.gif,3567340,"Redundant screenshots, temporary logs or simulation frame dump; not a design source"
out/motion/legs_hip_yaw.mp4,2001529,"Redundant screenshots, temporary logs or simulation frame dump; not a design source"
out/motion/legs_hip_yaw_sheet.png,278846,"Redundant screenshots, temporary logs or simulation frame dump; not a design source"
out/motion/legs_knee.gif,3385978,"Redundant screenshots, temporary logs or simulation frame dump; not a design source"
out/motion/legs_knee.mp4,2277000,"Redundant screenshots, temporary logs or simulation frame dump; not a design source"
out/motion/legs_knee_sheet.png,331770,"Redundant screenshots, temporary logs or simulation frame dump; not a design source"
out/motion/legs_leglift.gif,2685476,"Redundant screenshots, temporary logs or simulation frame dump; not a design source"
out/motion/legs_leglift.mp4,2695586,"Redundant screenshots, temporary logs or simulation frame dump; not a design source"
out/motion/legs_leglift_sheet.png,399954,"Redundant screenshots, temporary logs or simulation frame dump; not a design source"
out/motion/legs_selfcollision.gif,2899929,"Redundant screenshots, temporary logs or simulation frame dump; not a design source"
out/motion/legs_selfcollision.mp4,2396756,"Redundant screenshots, temporary logs or simulation frame dump; not a design source"
out/motion/legs_selfcollision_plot.png,78830,"Redundant screenshots, temporary logs or simulation frame dump; not a design source"
out/motion/legs_selfcollision_sheet.png,367968,"Redundant screenshots, temporary logs or simulation frame dump; not a design source"
out/motion/legs_sitstand.gif,2265057,"Redundant screenshots, temporary logs or simulation frame dump; not a design source"
out/motion/legs_sitstand.mp4,1848150,"Redundant screenshots, temporary logs or simulation frame dump; not a design source"
out/motion/legs_sitstand_sheet.png,407281,"Redundant screenshots, temporary logs or simulation frame dump; not a design source"
out/motion/legs_squat.gif,2081322,"Redundant screenshots, temporary logs or simulation frame dump; not a design source"
out/motion/legs_squat.mp4,2522363,"Redundant screenshots, temporary logs or simulation frame dump; not a design source"
out/motion/legs_squat_sheet.png,438253,"Redundant screenshots, temporary logs or simulation frame dump; not a design source"
out/motion/legs_sweep_tracking.png,306556,"Redundant screenshots, temporary logs or simulation frame dump; not a design source"
out/motion/walk_ankle_34.gif,3941775,"Redundant screenshots, temporary logs or simulation frame dump; not a design source"
out/motion/walk_ankle_34.mp4,4221828,"Redundant screenshots, temporary logs or simulation frame dump; not a design source"
out/motion/walk_ankle_34_sheet.png,483823,"Redundant screenshots, temporary logs or simulation frame dump; not a design source"
out/motion/walk_ankle_prof.gif,2785648,"Redundant screenshots, temporary logs or simulation frame dump; not a design source"
out/motion/walk_ankle_prof.mp4,2775732,"Redundant screenshots, temporary logs or simulation frame dump; not a design source"
out/motion/walk_ankle_prof_sheet.png,300906,"Redundant screenshots, temporary logs or simulation frame dump; not a design source"
out/motion/walk_body.gif,5155987,"Redundant screenshots, temporary logs or simulation frame dump; not a design source"
out/motion/walk_body.mp4,6199360,"Redundant screenshots, temporary logs or simulation frame dump; not a design source"
out/motion/walk_body_sheet.png,514313,"Redundant screenshots, temporary logs or simulation frame dump; not a design source"
out/motion/walk_composite.gif,5478731,"Redundant screenshots, temporary logs or simulation frame dump; not a design source"
out/motion/walk_composite.mp4,11929427,"Redundant screenshots, temporary logs or simulation frame dump; not a design source"
out/motion/walk_composite_sheet.png,582988,"Redundant screenshots, temporary logs or simulation frame dump; not a design source"
out/motion/walk_hip_34.gif,4821697,"Redundant screenshots, temporary logs or simulation frame dump; not a design source"
out/motion/walk_hip_34.mp4,3901030,"Redundant screenshots, temporary logs or simulation frame dump; not a design source"
out/motion/walk_hip_34_sheet.png,515037,"Redundant screenshots, temporary logs or simulation frame dump; not a design source"
out/motion/walk_hip_prof.gif,3631906,"Redundant screenshots, temporary logs or simulation frame dump; not a design source"
out/motion/walk_hip_prof.mp4,2680209,"Redundant screenshots, temporary logs or simulation frame dump; not a design source"
out/motion/walk_hip_prof_sheet.png,341637,"Redundant screenshots, temporary logs or simulation frame dump; not a design source"
out/motion/walk_knee_34.gif,4776933,"Redundant screenshots, temporary logs or simulation frame dump; not a design source"
out/motion/walk_knee_34.mp4,4642236,"Redundant screenshots, temporary logs or simulation frame dump; not a design source"
out/motion/walk_knee_34_sheet.png,563592,"Redundant screenshots, temporary logs or simulation frame dump; not a design source"
out/motion/walk_knee_prof.gif,3545984,"Redundant screenshots, temporary logs or simulation frame dump; not a design source"
out/motion/walk_knee_prof.mp4,3258185,"Redundant screenshots, temporary logs or simulation frame dump; not a design source"
out/motion/walk_knee_prof_sheet.png,361974,"Redundant screenshots, temporary logs or simulation frame dump; not a design source"
out/motion/walk_slowmo.gif,3342898,"Redundant screenshots, temporary logs or simulation frame dump; not a design source"
out/motion/walk_slowmo.mp4,1631149,"Redundant screenshots, temporary logs or simulation frame dump; not a design source"
out/motion/walk_slowmo_sheet.png,370492,"Redundant screenshots, temporary logs or simulation frame dump; not a design source"
out/motion/walk_vs_product.png,770364,"Redundant screenshots, temporary logs or simulation frame dump; not a design source"
out/mujoco/frame.png,59884,"Redundant screenshots, temporary logs or simulation frame dump; not a design source"
out/open/geometry/face-socket-slices.png,389932,"Redundant screenshots, temporary logs or simulation frame dump; not a design source"
out/open/geometry/neck-interference.json.log,130,"Redundant screenshots, temporary logs or simulation frame dump; not a design source"
out/open/identity-evidence/hat/LICENSE,11357,"Redundant screenshots, temporary logs or simulation frame dump; not a design source"
out/open/identity-evidence/hat/SHA256SUMS,552,"Redundant screenshots, temporary logs or simulation frame dump; not a design source"
out/open/power-evidence/lygte-26j-Capacity.png,31867,"Redundant screenshots, temporary logs or simulation frame dump; not a design source"
out/open/power-evidence/lygte-26j-CapacityTimeHours.png,24525,"Redundant screenshots, temporary logs or simulation frame dump; not a design source"
out/open/power-evidence/lygte-26j-Energy.png,31412,"Redundant screenshots, temporary logs or simulation frame dump; not a design source"
out/open/power-evidence/lygte-26j-info.png,11594,"Redundant screenshots, temporary logs or simulation frame dump; not a design source"
out/open/power-evidence/pololu-d30v30f5-efficiency-0J12264.png,38309,"Redundant screenshots, temporary logs or simulation frame dump; not a design source"
out/open/screw-volumes.log,769,"Redundant screenshots, temporary logs or simulation frame dump; not a design source"
out/open/servo-electrical-evidence/pollen-elec_RPI_Robot_HAT/SHA256SUMS,375,"Redundant screenshots, temporary logs or simulation frame dump; not a design source"
out/open/servo-electrical-evidence/pollen-elec_RPI_Robot_HAT/elec_RPI_Robot_HAT.png,550897,"Redundant screenshots, temporary logs or simulation frame dump; not a design source"
out/open/statics-selftest-break1.log,1619,"Redundant screenshots, temporary logs or simulation frame dump; not a design source"
out/open/statics-selftest-break2.log,1618,"Redundant screenshots, temporary logs or simulation frame dump; not a design source"
out/open/statics-selftest-pass.log,1619,"Redundant screenshots, temporary logs or simulation frame dump; not a design source"
out/open/tolerance-evidence/SHA256SUMS,895,"Redundant screenshots, temporary logs or simulation frame dump; not a design source"
out/own/measure/face_slices_y.png,204012,"Redundant screenshots, temporary logs or simulation frame dump; not a design source"
out/own/measure/ref_bottom_head_shell_front.png,46720,"Redundant screenshots, temporary logs or simulation frame dump; not a design source"
out/own/measure/ref_bottom_head_shell_iso.png,114140,"Redundant screenshots, temporary logs or simulation frame dump; not a design source"
out/own/measure/ref_bottom_head_shell_left.png,57095,"Redundant screenshots, temporary logs or simulation frame dump; not a design source"
out/own/measure/ref_bottom_head_shell_top.png,149988,"Redundant screenshots, temporary logs or simulation frame dump; not a design source"
out/own/measure/ref_face_part_front.png,31812,"Redundant screenshots, temporary logs or simulation frame dump; not a design source"
out/own/measure/ref_face_part_iso.png,59147,"Redundant screenshots, temporary logs or simulation frame dump; not a design source"
out/own/measure/ref_face_part_left.png,51216,"Redundant screenshots, temporary logs or simulation frame dump; not a design source"
out/own/measure/ref_face_part_top.png,27883,"Redundant screenshots, temporary logs or simulation frame dump; not a design source"
out/own/measure/ref_top_head_shell_front.png,99855,"Redundant screenshots, temporary logs or simulation frame dump; not a design source"
out/own/measure/ref_top_head_shell_iso.png,201503,"Redundant screenshots, temporary logs or simulation frame dump; not a design source"
out/own/measure/ref_top_head_shell_left.png,192644,"Redundant screenshots, temporary logs or simulation frame dump; not a design source"
out/own/measure/ref_top_head_shell_top.png,209000,"Redundant screenshots, temporary logs or simulation frame dump; not a design source"
out/pcb/hat/hat_pcba.log,1645,"Redundant screenshots, temporary logs or simulation frame dump; not a design source"
out/pcb/hat/pcba-bottom.png,92265,"Redundant screenshots, temporary logs or simulation frame dump; not a design source"
out/pcb/hat/pcba-build.log,168,"Redundant screenshots, temporary logs or simulation frame dump; not a design source"
out/pcb/hat/pcba-top.png,96891,"Redundant screenshots, temporary logs or simulation frame dump; not a design source"
out/photomatch/mesh_STAND_left.png,93980,"Redundant screenshots, temporary logs or simulation frame dump; not a design source"
out/photomatch/mesh_full_front34.png,184313,"Redundant screenshots, temporary logs or simulation frame dump; not a design source"
out/photomatch/mesh_head_bottom.png,111013,"Redundant screenshots, temporary logs or simulation frame dump; not a design source"
out/photomatch/mesh_head_front.png,77123,"Redundant screenshots, temporary logs or simulation frame dump; not a design source"
out/photomatch/mesh_head_iso.png,151449,"Redundant screenshots, temporary logs or simulation frame dump; not a design source"
out/photomatch/mesh_head_left.png,78669,"Redundant screenshots, temporary logs or simulation frame dump; not a design source"
out/photomatch/mesh_headonly_front.png,76118,"Redundant screenshots, temporary logs or simulation frame dump; not a design source"
out/photomatch/mesh_headonly_left.png,77655,"Redundant screenshots, temporary logs or simulation frame dump; not a design source"
out/playbook/ce-cad-sheets-shafts.patch,2173,"Redundant screenshots, temporary logs or simulation frame dump; not a design source"
out/playbook/pb-battery.png,276408,"Redundant screenshots, temporary logs or simulation frame dump; not a design source"
out/playbook/pb-breakeven.png,238357,"Redundant screenshots, temporary logs or simulation frame dump; not a design source"
out/playbook/pb-buffer.png,222359,"Redundant screenshots, temporary logs or simulation frame dump; not a design source"
out/playbook/pb-dfm.png,214738,"Redundant screenshots, temporary logs or simulation frame dump; not a design source"
out/playbook/pb-dfmrow.png,209013,"Redundant screenshots, temporary logs or simulation frame dump; not a design source"
out/playbook/pb-farm-basis.png,200686,"Redundant screenshots, temporary logs or simulation frame dump; not a design source"
out/playbook/pb-line.png,192612,"Redundant screenshots, temporary logs or simulation frame dump; not a design source"
out/playbook/pb-open.png,255589,"Redundant screenshots, temporary logs or simulation frame dump; not a design source"
out/playbook/pb-orient-note.png,225637,"Redundant screenshots, temporary logs or simulation frame dump; not a design source"
out/playbook/pb-orient.png,271395,"Redundant screenshots, temporary logs or simulation frame dump; not a design source"
out/playbook/pb-pack.png,210765,"Redundant screenshots, temporary logs or simulation frame dump; not a design source"
out/playbook/pb-process.png,213444,"Redundant screenshots, temporary logs or simulation frame dump; not a design source"
out/playbook/pb-profiles.png,206033,"Redundant screenshots, temporary logs or simulation frame dump; not a design source"
out/playbook/pb-qa.png,168118,"Redundant screenshots, temporary logs or simulation frame dump; not a design source"
out/playbook/pb-risks.png,173289,"Redundant screenshots, temporary logs or simulation frame dump; not a design source"
out/playbook/pb-top.png,251034,"Redundant screenshots, temporary logs or simulation frame dump; not a design source"
out/playbook/pb-torque.png,236353,"Redundant screenshots, temporary logs or simulation frame dump; not a design source"
out/playbook/playbook-full.png,2713554,"Redundant screenshots, temporary logs or simulation frame dump; not a design source"
out/pose/cream-profile-left_measure.png,871707,"Redundant screenshots, temporary logs or simulation frame dump; not a design source"
out/pose/cream-profile-left_ours.png,350433,"Redundant screenshots, temporary logs or simulation frame dump; not a design source"
out/pose/cream-profile-left_overlay.png,837527,"Redundant screenshots, temporary logs or simulation frame dump; not a design source"
out/pose/cream-profile-left_pair.png,497944,"Redundant screenshots, temporary logs or simulation frame dump; not a design source"
out/pose/cream-profile-left_real.png,869933,"Redundant screenshots, temporary logs or simulation frame dump; not a design source"
out/print/independent-codex-2026-09-08/actual-toolpaths.png,684736,"Redundant screenshots, temporary logs or simulation frame dump; not a design source"
out/print/independent-codex-2026-09-08/analysis.log,4404,"Redundant screenshots, temporary logs or simulation frame dump; not a design source"
out/print/independent-codex-2026-09-08/bracket-gate.log,60,"Redundant screenshots, temporary logs or simulation frame dump; not a design source"
out/print/independent-codex-2026-09-08/bracket-pose.log,4305,"Redundant screenshots, temporary logs or simulation frame dump; not a design source"
out/print/independent-codex-2026-09-08/bracket-zoom.log,4219,"Redundant screenshots, temporary logs or simulation frame dump; not a design source"
out/print/independent-codex-2026-09-08/compare.log,4224,"Redundant screenshots, temporary logs or simulation frame dump; not a design source"
out/print/independent-codex-2026-09-08/exact-meshes.png,459287,"Redundant screenshots, temporary logs or simulation frame dump; not a design source"
out/print/independent-codex-2026-09-08/experiments/bracket-flat-3mf/plate_1.gcode,1235807,"Redundant screenshots, temporary logs or simulation frame dump; not a design source"
out/print/independent-codex-2026-09-08/experiments/eye-ring-exact-stl/plate_1.gcode,489205,"Redundant screenshots, temporary logs or simulation frame dump; not a design source"
out/print/independent-codex-2026-09-08/experiments/eye-ring-indexed-3mf/plate_1.gcode,488275,"Redundant screenshots, temporary logs or simulation frame dump; not a design source"
out/print/independent-codex-2026-09-08/experiments/eye-ring-soup-3mf/plate_1.gcode,175625,"Redundant screenshots, temporary logs or simulation frame dump; not a design source"
out/print/independent-codex-2026-09-08/experiments/jaw-side-3mf/plate_1.gcode,2267391,"Redundant screenshots, temporary logs or simulation frame dump; not a design source"
out/print/independent-codex-2026-09-08/experiments/vertex-sharing-controlled-test.png,509023,"Redundant screenshots, temporary logs or simulation frame dump; not a design source"
out/print/independent-codex-2026-09-08/experiments/yaw-cleaned-3mf/plate_1.gcode,1392886,"Redundant screenshots, temporary logs or simulation frame dump; not a design source"
out/print/independent-codex-2026-09-08/experiments/yaw-cleaned-3mf/yaw-cleaned.gate.gcode.3mf.slice.log,197153,"Redundant screenshots, temporary logs or simulation frame dump; not a design source"
out/print/independent-codex-2026-09-08/experiments/yaw-original-3mf/plate_1.gcode,1393906,"Redundant screenshots, temporary logs or simulation frame dump; not a design source"
out/print/independent-codex-2026-09-08/experiments/yaw-original-3mf/yaw-original.gate.gcode.3mf.slice.log,197188,"Redundant screenshots, temporary logs or simulation frame dump; not a design source"
out/print/independent-codex-2026-09-08/experiments/yaw-zero-volume-ab.png,134554,"Redundant screenshots, temporary logs or simulation frame dump; not a design source"
out/print/independent-codex-2026-09-08/experiments-export.log,4228,"Redundant screenshots, temporary logs or simulation frame dump; not a design source"
out/print/independent-codex-2026-09-08/experiments-gate.log,191,"Redundant screenshots, temporary logs or simulation frame dump; not a design source"
out/print/independent-codex-2026-09-08/eye-ring-layers.png,121756,"Redundant screenshots, temporary logs or simulation frame dump; not a design source"
out/print/independent-codex-2026-09-08/eye-ring-mesh-sections.png,262734,"Redundant screenshots, temporary logs or simulation frame dump; not a design source"
out/print/independent-codex-2026-09-08/focus.log,4916,"Redundant screenshots, temporary logs or simulation frame dump; not a design source"
out/print/independent-codex-2026-09-08/intersection-surfaces.log,5351,"Redundant screenshots, temporary logs or simulation frame dump; not a design source"
out/print/independent-codex-2026-09-08/intersections.log,6207,"Redundant screenshots, temporary logs or simulation frame dump; not a design source"
out/print/independent-codex-2026-09-08/jaw-gate.log,53,"Redundant screenshots, temporary logs or simulation frame dump; not a design source"
out/print/independent-codex-2026-09-08/jaw-pose.log,4288,"Redundant screenshots, temporary logs or simulation frame dump; not a design source"
out/print/independent-codex-2026-09-08/jaw-v7-zoom.log,4235,"Redundant screenshots, temporary logs or simulation frame dump; not a design source"
out/print/independent-codex-2026-09-08/mesh-versus-extrusion-FAIL.png,251054,"Redundant screenshots, temporary logs or simulation frame dump; not a design source"
out/print/independent-codex-2026-09-08/v6-analysis.log,4403,"Redundant screenshots, temporary logs or simulation frame dump; not a design source"
out/print/independent-codex-2026-09-08/v6-compare.log,4224,"Redundant screenshots, temporary logs or simulation frame dump; not a design source"
out/print/independent-codex-2026-09-08/v6-risks.log,7344,"Redundant screenshots, temporary logs or simulation frame dump; not a design source"
out/print/independent-codex-2026-09-08/v6-validation/actual-toolpaths.png,686938,"Redundant screenshots, temporary logs or simulation frame dump; not a design source"
out/print/independent-codex-2026-09-08/v6-validation/bracket-terminal-wedge.png,74357,"Redundant screenshots, temporary logs or simulation frame dump; not a design source"
out/print/independent-codex-2026-09-08/v6-validation/exact-meshes.png,459444,"Redundant screenshots, temporary logs or simulation frame dump; not a design source"
out/print/independent-codex-2026-09-08/v6-validation/eye-ring-layers.png,592406,"Redundant screenshots, temporary logs or simulation frame dump; not a design source"
out/print/independent-codex-2026-09-08/v6-validation/jaw-bracket-risks.png,591561,"Redundant screenshots, temporary logs or simulation frame dump; not a design source"
out/print/independent-codex-2026-09-08/v6-validation/mesh-versus-extrusion-v6.png,397524,"Redundant screenshots, temporary logs or simulation frame dump; not a design source"
out/print/independent-codex-2026-09-08/v7-analysis.log,4488,"Redundant screenshots, temporary logs or simulation frame dump; not a design source"
out/print/independent-codex-2026-09-08/v7-compare.log,4240,"Redundant screenshots, temporary logs or simulation frame dump; not a design source"
out/print/independent-codex-2026-09-08/v7-validation/actual-toolpaths.png,653863,"Redundant screenshots, temporary logs or simulation frame dump; not a design source"
out/print/independent-codex-2026-09-08/v7-validation/exact-meshes.png,461647,"Redundant screenshots, temporary logs or simulation frame dump; not a design source"
out/print/independent-codex-2026-09-08/v7-validation/eye-ring-layers.png,592406,"Redundant screenshots, temporary logs or simulation frame dump; not a design source"
out/print/independent-codex-2026-09-08/v7-validation/intersection-functional-sections.png,256635,"Redundant screenshots, temporary logs or simulation frame dump; not a design source"
out/print/independent-codex-2026-09-08/v7-validation/jaw-first-layers-v7.png,282610,"Redundant screenshots, temporary logs or simulation frame dump; not a design source"
out/print/independent-codex-2026-09-08/v7-validation/mesh-versus-extrusion-v7.png,397266,"Redundant screenshots, temporary logs or simulation frame dump; not a design source"
out/print/independent-codex-2026-09-08/v8-render.log,4240,"Redundant screenshots, temporary logs or simulation frame dump; not a design source"
out/print/independent-codex-2026-09-08/v8-validation/exact-meshes.png,420220,"Redundant screenshots, temporary logs or simulation frame dump; not a design source"
out/print/independent-codex-2026-09-08/v9-analysis.log,4337,"Redundant screenshots, temporary logs or simulation frame dump; not a design source"
out/print/independent-codex-2026-09-08/v9-changed-parts.log,4085,"Redundant screenshots, temporary logs or simulation frame dump; not a design source"
out/print/independent-codex-2026-09-08/v9-intersection-surfaces.log,5201,"Redundant screenshots, temporary logs or simulation frame dump; not a design source"
out/print/independent-codex-2026-09-08/v9-intersections.log,6074,"Redundant screenshots, temporary logs or simulation frame dump; not a design source"
out/print/independent-codex-2026-09-08/v9-validation/actual-toolpaths.png,671756,"Redundant screenshots, temporary logs or simulation frame dump; not a design source"
out/print/independent-codex-2026-09-08/v9-validation/changed-parts-layer-proof.png,477357,"Redundant screenshots, temporary logs or simulation frame dump; not a design source"
out/print/independent-codex-2026-09-08/v9-validation/exact-meshes.png,420188,"Redundant screenshots, temporary logs or simulation frame dump; not a design source"
out/print/independent-codex-2026-09-08/v9-validation/eye-ring-layers.png,592406,"Redundant screenshots, temporary logs or simulation frame dump; not a design source"
out/print/independent-codex-2026-09-08/v9-validation/intersection-functional-sections.png,256634,"Redundant screenshots, temporary logs or simulation frame dump; not a design source"
out/print/independent-codex-2026-09-08/yaw-ab-compare.log,38,"Redundant screenshots, temporary logs or simulation frame dump; not a design source"
out/print/independent-codex-2026-09-08/yaw-cleanup-gate.log,118,"Redundant screenshots, temporary logs or simulation frame dump; not a design source"
out/print/independent-codex-2026-09-08/yaw-cleanup.log,5171,"Redundant screenshots, temporary logs or simulation frame dump; not a design source"
out/print/plates/BODY-H2D/plate_1.gcode,11772784,"Redundant screenshots, temporary logs or simulation frame dump; not a design source"
out/print/plates/HEAD/plate_1.gcode,1026959,"Redundant screenshots, temporary logs or simulation frame dump; not a design source"
out/print/plates/HEAD-ALL/plate_1.gcode,9250475,"Redundant screenshots, temporary logs or simulation frame dump; not a design source"
out/print/plates/HEAD-BIG/plate_1.gcode,1041709,"Redundant screenshots, temporary logs or simulation frame dump; not a design source"
out/print/plates/HEAD-V6-candidate/plate_1.gcode,33006354,"Redundant screenshots, temporary logs or simulation frame dump; not a design source"
out/print/plates/HEAD-V6-candidate/slice-retry.log,53,"Redundant screenshots, temporary logs or simulation frame dump; not a design source"
out/print/plates/HEAD-V6-candidate/slice.log,198,"Redundant screenshots, temporary logs or simulation frame dump; not a design source"
out/print/plates/HEAD-V7-candidate/plate_1.gcode,33560554,"Redundant screenshots, temporary logs or simulation frame dump; not a design source"
out/print/plates/HEAD-V7-candidate/slice.log,54,"Redundant screenshots, temporary logs or simulation frame dump; not a design source"
out/print/plates/HEAD-V8-candidate/plate_1.gcode,32851811,"Redundant screenshots, temporary logs or simulation frame dump; not a design source"
out/print/plates/HEAD-V8-candidate/slice.log,58,"Redundant screenshots, temporary logs or simulation frame dump; not a design source"
out/print/plates/HEAD-V9-candidate/microduck-head-v9-clean.gate.gcode.3mf.slice.log,1676251,"Redundant screenshots, temporary logs or simulation frame dump; not a design source"
out/print/plates/HEAD-V9-candidate/plate_1.gcode,32850425,"Redundant screenshots, temporary logs or simulation frame dump; not a design source"
out/print/plates/HEAD-V9-candidate/slice.log,51,"Redundant screenshots, temporary logs or simulation frame dump; not a design source"
out/print/plates/HEAD-X1C/plate_1.gcode,8658823,"Redundant screenshots, temporary logs or simulation frame dump; not a design source"
out/print/plates/TEST/plate_1.gcode,315076,"Redundant screenshots, temporary logs or simulation frame dump; not a design source"
out/print/plates/TPU-MOUTH-candidate/flat/mouth-meshes.png,97388,"Redundant screenshots, temporary logs or simulation frame dump; not a design source"
out/print/plates/TPU-MOUTH-candidate/flat/mouth-toolpaths.png,425805,"Redundant screenshots, temporary logs or simulation frame dump; not a design source"
out/print/plates/TPU-MOUTH-candidate/flat/sliced/microduck-mouth-tpu.gate.gcode.3mf.slice.log,94193,"Redundant screenshots, temporary logs or simulation frame dump; not a design source"
out/print/plates/TPU-MOUTH-candidate/flat/sliced/plate_1.gcode,787900,"Redundant screenshots, temporary logs or simulation frame dump; not a design source"
out/print/plates/TPU-MOUTH-candidate/flipped/mouth-meshes.png,98077,"Redundant screenshots, temporary logs or simulation frame dump; not a design source"
out/print/plates/TPU-MOUTH-candidate/flipped/mouth-toolpaths.png,409647,"Redundant screenshots, temporary logs or simulation frame dump; not a design source"
out/print/plates/TPU-MOUTH-candidate/flipped/slice.log,552,"Redundant screenshots, temporary logs or simulation frame dump; not a design source"
out/print/plates/TPU-MOUTH-candidate/flipped/sliced/microduck-mouth-tpu.gate.gcode.3mf.slice.log,96153,"Redundant screenshots, temporary logs or simulation frame dump; not a design source"
out/print/plates/TPU-MOUTH-candidate/flipped/sliced/plate_1.gcode,723124,"Redundant screenshots, temporary logs or simulation frame dump; not a design source"
out/print/plates/TPU-MOUTH-candidate/flipped-prepare.log,1391,"Redundant screenshots, temporary logs or simulation frame dump; not a design source"
out/print/plates/TPU-MOUTH-candidate/mouth-meshes.png,99231,"Redundant screenshots, temporary logs or simulation frame dump; not a design source"
out/print/plates/TPU-MOUTH-candidate/mouth-toolpaths.png,592957,"Redundant screenshots, temporary logs or simulation frame dump; not a design source"
out/print/plates/TPU-MOUTH-candidate/raw-1-00000.log,30612,"Redundant screenshots, temporary logs or simulation frame dump; not a design source"
out/print/plates/TPU-MOUTH-candidate/slice.log,580,"Redundant screenshots, temporary logs or simulation frame dump; not a design source"
out/print/plates/TPU-MOUTH-candidate/sliced/microduck-mouth-tpu.gate.gcode.3mf.slice.log,114991,"Redundant screenshots, temporary logs or simulation frame dump; not a design source"
out/print/plates/TPU-MOUTH-candidate/sliced/plate_1.gcode,1669687,"Redundant screenshots, temporary logs or simulation frame dump; not a design source"
out/print/plates/TPU-MOUTH-candidate/stderr-1.log,0,"Redundant screenshots, temporary logs or simulation frame dump; not a design source"
out/print/plates/TPU-MOUTH-candidate/stdout-1.log,22,"Redundant screenshots, temporary logs or simulation frame dump; not a design source"
out/print/plates/X1C/plate_1.gcode,1026959,"Redundant screenshots, temporary logs or simulation frame dump; not a design source"
out/print/plates/X1C/plate_2.gcode,634677,"Redundant screenshots, temporary logs or simulation frame dump; not a design source"
out/refcheck/b15-ev.log,1998,"Redundant screenshots, temporary logs or simulation frame dump; not a design source"
out/refcheck/b15-r1.log,1327,"Redundant screenshots, temporary logs or simulation frame dump; not a design source"
out/refcheck/b22-ev.log,1997,"Redundant screenshots, temporary logs or simulation frame dump; not a design source"
out/refcheck/b22-r1.log,1325,"Redundant screenshots, temporary logs or simulation frame dump; not a design source"
out/refcheck/bearing-15x10x3/r1/ours.stl.build.log,105,"Redundant screenshots, temporary logs or simulation frame dump; not a design source"
out/refcheck/bearing-15x10x3/r1/ours_iso.png,41076,"Redundant screenshots, temporary logs or simulation frame dump; not a design source"
out/refcheck/bearing-15x10x3/r1/overlay_front.png,51423,"Redundant screenshots, temporary logs or simulation frame dump; not a design source"
out/refcheck/bearing-15x10x3/r1/overlay_iso.png,172756,"Redundant screenshots, temporary logs or simulation frame dump; not a design source"
out/refcheck/bearing-15x10x3/r1/overlay_left.png,50781,"Redundant screenshots, temporary logs or simulation frame dump; not a design source"
out/refcheck/bearing-15x10x3/r1/overlay_top.png,198855,"Redundant screenshots, temporary logs or simulation frame dump; not a design source"
out/refcheck/bearing-15x10x3/r1/ref_iso.png,64131,"Redundant screenshots, temporary logs or simulation frame dump; not a design source"
out/refcheck/bearing-15x10x3/verify/ours.stl.build.log,0,"Redundant screenshots, temporary logs or simulation frame dump; not a design source"
out/refcheck/bearing-15x10x3/verify/ours_iso.png,41076,"Redundant screenshots, temporary logs or simulation frame dump; not a design source"
out/refcheck/bearing-15x10x3/verify/overlay_front.png,51423,"Redundant screenshots, temporary logs or simulation frame dump; not a design source"
out/refcheck/bearing-15x10x3/verify/overlay_iso.png,172756,"Redundant screenshots, temporary logs or simulation frame dump; not a design source"
out/refcheck/bearing-15x10x3/verify/overlay_left.png,50781,"Redundant screenshots, temporary logs or simulation frame dump; not a design source"
out/refcheck/bearing-15x10x3/verify/overlay_top.png,198855,"Redundant screenshots, temporary logs or simulation frame dump; not a design source"
out/refcheck/bearing-15x10x3/verify/ref_iso.png,64131,"Redundant screenshots, temporary logs or simulation frame dump; not a design source"
out/refcheck/bearing-22x16x4/r1/ours.stl.build.log,105,"Redundant screenshots, temporary logs or simulation frame dump; not a design source"
out/refcheck/bearing-22x16x4/r1/ours_iso.png,39033,"Redundant screenshots, temporary logs or simulation frame dump; not a design source"
out/refcheck/bearing-22x16x4/r1/overlay_front.png,44253,"Redundant screenshots, temporary logs or simulation frame dump; not a design source"
out/refcheck/bearing-22x16x4/r1/overlay_iso.png,154567,"Redundant screenshots, temporary logs or simulation frame dump; not a design source"
out/refcheck/bearing-22x16x4/r1/overlay_left.png,43414,"Redundant screenshots, temporary logs or simulation frame dump; not a design source"
out/refcheck/bearing-22x16x4/r1/overlay_top.png,149559,"Redundant screenshots, temporary logs or simulation frame dump; not a design source"
out/refcheck/bearing-22x16x4/r1/ref_iso.png,54393,"Redundant screenshots, temporary logs or simulation frame dump; not a design source"
out/refcheck/bearing-22x16x4/verify/ours.stl.build.log,0,"Redundant screenshots, temporary logs or simulation frame dump; not a design source"
out/refcheck/bearing-22x16x4/verify/ours_iso.png,39033,"Redundant screenshots, temporary logs or simulation frame dump; not a design source"
out/refcheck/bearing-22x16x4/verify/overlay_front.png,44253,"Redundant screenshots, temporary logs or simulation frame dump; not a design source"
out/refcheck/bearing-22x16x4/verify/overlay_iso.png,154567,"Redundant screenshots, temporary logs or simulation frame dump; not a design source"
out/refcheck/bearing-22x16x4/verify/overlay_left.png,43414,"Redundant screenshots, temporary logs or simulation frame dump; not a design source"
out/refcheck/bearing-22x16x4/verify/overlay_top.png,149559,"Redundant screenshots, temporary logs or simulation frame dump; not a design source"
out/refcheck/bearing-22x16x4/verify/ref_iso.png,54393,"Redundant screenshots, temporary logs or simulation frame dump; not a design source"
out/refcheck/bearing-roll/r1/ours.stl.build.log,0,"Redundant screenshots, temporary logs or simulation frame dump; not a design source"
out/refcheck/bearing-roll/r1/ours_iso.png,18262,"Redundant screenshots, temporary logs or simulation frame dump; not a design source"
out/refcheck/bearing-roll/r1/overlay_front.png,20348,"Redundant screenshots, temporary logs or simulation frame dump; not a design source"
out/refcheck/bearing-roll/r1/overlay_iso.png,85571,"Redundant screenshots, temporary logs or simulation frame dump; not a design source"
out/refcheck/bearing-roll/r1/overlay_left.png,19097,"Redundant screenshots, temporary logs or simulation frame dump; not a design source"
out/refcheck/bearing-roll/r1/overlay_top.png,24483,"Redundant screenshots, temporary logs or simulation frame dump; not a design source"
out/refcheck/bearing-roll/r1/ref_iso.png,18115,"Redundant screenshots, temporary logs or simulation frame dump; not a design source"
out/refcheck/bearing-roll-evidence.log,1811,"Redundant screenshots, temporary logs or simulation frame dump; not a design source"
out/refcheck/bearing-roll-r1.log,1151,"Redundant screenshots, temporary logs or simulation frame dump; not a design source"
out/refcheck/bl.log,1197,"Redundant screenshots, temporary logs or simulation frame dump; not a design source"
out/refcheck/bl_ev.log,1802,"Redundant screenshots, temporary logs or simulation frame dump; not a design source"
out/refcheck/bl_r1.log,1135,"Redundant screenshots, temporary logs or simulation frame dump; not a design source"
out/refcheck/hat-ev.log,1803,"Redundant screenshots, temporary logs or simulation frame dump; not a design source"
out/refcheck/hat-r1.log,1135,"Redundant screenshots, temporary logs or simulation frame dump; not a design source"
out/refcheck/microduck-ankle-left/evidence.log,1764,"Redundant screenshots, temporary logs or simulation frame dump; not a design source"
out/refcheck/microduck-ankle-left/r1/ours.stl.build.log,64,"Redundant screenshots, temporary logs or simulation frame dump; not a design source"
out/refcheck/microduck-ankle-left/r1.log,1495,"Redundant screenshots, temporary logs or simulation frame dump; not a design source"
out/refcheck/microduck-ankle-left/r2/ours.stl.build.log,0,"Redundant screenshots, temporary logs or simulation frame dump; not a design source"
out/refcheck/microduck-ankle-left/r2/ours_iso.png,43035,"Redundant screenshots, temporary logs or simulation frame dump; not a design source"
out/refcheck/microduck-ankle-left/r2/overlay_front.png,41867,"Redundant screenshots, temporary logs or simulation frame dump; not a design source"
out/refcheck/microduck-ankle-left/r2/overlay_iso.png,125938,"Redundant screenshots, temporary logs or simulation frame dump; not a design source"
out/refcheck/microduck-ankle-left/r2/overlay_left.png,19586,"Redundant screenshots, temporary logs or simulation frame dump; not a design source"
out/refcheck/microduck-ankle-left/r2/overlay_top.png,28173,"Redundant screenshots, temporary logs or simulation frame dump; not a design source"
out/refcheck/microduck-ankle-left/r2/ref_iso.png,34890,"Redundant screenshots, temporary logs or simulation frame dump; not a design source"
out/refcheck/microduck-ankle-left/r2.log,2923,"Redundant screenshots, temporary logs or simulation frame dump; not a design source"
out/refcheck/microduck-ankle-left/r3/ours.stl.build.log,0,"Redundant screenshots, temporary logs or simulation frame dump; not a design source"
out/refcheck/microduck-ankle-left/r3/ours_iso.png,39476,"Redundant screenshots, temporary logs or simulation frame dump; not a design source"
out/refcheck/microduck-ankle-left/r3/overlay_front.png,52114,"Redundant screenshots, temporary logs or simulation frame dump; not a design source"
out/refcheck/microduck-ankle-left/r3/overlay_iso.png,132638,"Redundant screenshots, temporary logs or simulation frame dump; not a design source"
out/refcheck/microduck-ankle-left/r3/overlay_left.png,33934,"Redundant screenshots, temporary logs or simulation frame dump; not a design source"
out/refcheck/microduck-ankle-left/r3/overlay_top.png,42358,"Redundant screenshots, temporary logs or simulation frame dump; not a design source"
out/refcheck/microduck-ankle-left/r3/ref_iso.png,34890,"Redundant screenshots, temporary logs or simulation frame dump; not a design source"
out/refcheck/microduck-ankle-left/r3.log,1113,"Redundant screenshots, temporary logs or simulation frame dump; not a design source"
out/refcheck/microduck-ankle-left/verify/ours.stl.build.log,0,"Redundant screenshots, temporary logs or simulation frame dump; not a design source"
out/refcheck/microduck-ankle-left/verify/ours_iso.png,39476,"Redundant screenshots, temporary logs or simulation frame dump; not a design source"
out/refcheck/microduck-ankle-left/verify/overlay_front.png,52114,"Redundant screenshots, temporary logs or simulation frame dump; not a design source"
out/refcheck/microduck-ankle-left/verify/overlay_iso.png,132638,"Redundant screenshots, temporary logs or simulation frame dump; not a design source"
out/refcheck/microduck-ankle-left/verify/overlay_left.png,33934,"Redundant screenshots, temporary logs or simulation frame dump; not a design source"
out/refcheck/microduck-ankle-left/verify/overlay_top.png,42358,"Redundant screenshots, temporary logs or simulation frame dump; not a design source"
out/refcheck/microduck-ankle-left/verify/ref_iso.png,34890,"Redundant screenshots, temporary logs or simulation frame dump; not a design source"
out/refcheck/microduck-ankle-right/evidence.log,1769,"Redundant screenshots, temporary logs or simulation frame dump; not a design source"
out/refcheck/microduck-ankle-right/r1/ours.stl.build.log,0,"Redundant screenshots, temporary logs or simulation frame dump; not a design source"
out/refcheck/microduck-ankle-right/r1/ours_iso.png,33463,"Redundant screenshots, temporary logs or simulation frame dump; not a design source"
out/refcheck/microduck-ankle-right/r1/overlay_front.png,44137,"Redundant screenshots, temporary logs or simulation frame dump; not a design source"
out/refcheck/microduck-ankle-right/r1/overlay_iso.png,143612,"Redundant screenshots, temporary logs or simulation frame dump; not a design source"
out/refcheck/microduck-ankle-right/r1/overlay_left.png,34333,"Redundant screenshots, temporary logs or simulation frame dump; not a design source"
out/refcheck/microduck-ankle-right/r1/overlay_top.png,43274,"Redundant screenshots, temporary logs or simulation frame dump; not a design source"
out/refcheck/microduck-ankle-right/r1/ref_iso.png,30736,"Redundant screenshots, temporary logs or simulation frame dump; not a design source"
out/refcheck/microduck-ankle-right/r1.log,1116,"Redundant screenshots, temporary logs or simulation frame dump; not a design source"
out/refcheck/microduck-ankle-right/verify/ours.stl.build.log,0,"Redundant screenshots, temporary logs or simulation frame dump; not a design source"
out/refcheck/microduck-ankle-right/verify/ours_iso.png,33463,"Redundant screenshots, temporary logs or simulation frame dump; not a design source"
out/refcheck/microduck-ankle-right/verify/overlay_front.png,44137,"Redundant screenshots, temporary logs or simulation frame dump; not a design source"
out/refcheck/microduck-ankle-right/verify/overlay_iso.png,143612,"Redundant screenshots, temporary logs or simulation frame dump; not a design source"
out/refcheck/microduck-ankle-right/verify/overlay_left.png,34333,"Redundant screenshots, temporary logs or simulation frame dump; not a design source"
out/refcheck/microduck-ankle-right/verify/overlay_top.png,43274,"Redundant screenshots, temporary logs or simulation frame dump; not a design source"
out/refcheck/microduck-ankle-right/verify/ref_iso.png,30736,"Redundant screenshots, temporary logs or simulation frame dump; not a design source"
out/refcheck/microduck-banana-pcb-locker/r1/ours.stl.build.log,0,"Redundant screenshots, temporary logs or simulation frame dump; not a design source"
out/refcheck/microduck-banana-pcb-locker/r1/ours_iso.png,14610,"Redundant screenshots, temporary logs or simulation frame dump; not a design source"
out/refcheck/microduck-banana-pcb-locker/r1/overlay_front.png,21171,"Redundant screenshots, temporary logs or simulation frame dump; not a design source"
out/refcheck/microduck-banana-pcb-locker/r1/overlay_iso.png,50844,"Redundant screenshots, temporary logs or simulation frame dump; not a design source"
out/refcheck/microduck-banana-pcb-locker/r1/overlay_left.png,17102,"Redundant screenshots, temporary logs or simulation frame dump; not a design source"
out/refcheck/microduck-banana-pcb-locker/r1/overlay_top.png,16868,"Redundant screenshots, temporary logs or simulation frame dump; not a design source"
out/refcheck/microduck-banana-pcb-locker/r1/ref_iso.png,15760,"Redundant screenshots, temporary logs or simulation frame dump; not a design source"
out/refcheck/microduck-banana-pcb-locker/verify/ours.stl.build.log,0,"Redundant screenshots, temporary logs or simulation frame dump; not a design source"
out/refcheck/microduck-banana-pcb-locker/verify/ours_iso.png,17887,"Redundant screenshots, temporary logs or simulation frame dump; not a design source"
out/refcheck/microduck-banana-pcb-locker/verify/overlay_front.png,28024,"Redundant screenshots, temporary logs or simulation frame dump; not a design source"
out/refcheck/microduck-banana-pcb-locker/verify/overlay_iso.png,53190,"Redundant screenshots, temporary logs or simulation frame dump; not a design source"
out/refcheck/microduck-banana-pcb-locker/verify/overlay_left.png,17182,"Redundant screenshots, temporary logs or simulation frame dump; not a design source"
out/refcheck/microduck-banana-pcb-locker/verify/overlay_top.png,17411,"Redundant screenshots, temporary logs or simulation frame dump; not a design source"
out/refcheck/microduck-banana-pcb-locker/verify/ref_iso.png,17992,"Redundant screenshots, temporary logs or simulation frame dump; not a design source"
out/refcheck/microduck-bearing-roll/verify/ours.stl.build.log,105,"Redundant screenshots, temporary logs or simulation frame dump; not a design source"
out/refcheck/microduck-bearing-roll/verify/ours_iso.png,23879,"Redundant screenshots, temporary logs or simulation frame dump; not a design source"
out/refcheck/microduck-bearing-roll/verify/overlay_front.png,22716,"Redundant screenshots, temporary logs or simulation frame dump; not a design source"
out/refcheck/microduck-bearing-roll/verify/overlay_iso.png,90860,"Redundant screenshots, temporary logs or simulation frame dump; not a design source"
out/refcheck/microduck-bearing-roll/verify/overlay_left.png,19055,"Redundant screenshots, temporary logs or simulation frame dump; not a design source"
out/refcheck/microduck-bearing-roll/verify/overlay_top.png,29135,"Redundant screenshots, temporary logs or simulation frame dump; not a design source"
out/refcheck/microduck-bearing-roll/verify/ref_iso.png,23589,"Redundant screenshots, temporary logs or simulation frame dump; not a design source"
out/refcheck/microduck-eye-ring/r1/ours.stl.build.log,0,"Redundant screenshots, temporary logs or simulation frame dump; not a design source"
out/refcheck/microduck-eye-ring/r1/overlay_front.png,45407,"Redundant screenshots, temporary logs or simulation frame dump; not a design source"
out/refcheck/microduck-eye-ring/r1/overlay_left.png,80186,"Redundant screenshots, temporary logs or simulation frame dump; not a design source"
out/refcheck/microduck-eye-ring/r1/overlay_top.png,39561,"Redundant screenshots, temporary logs or simulation frame dump; not a design source"
out/refcheck/microduck-foot-left/evidence.log,1763,"Redundant screenshots, temporary logs or simulation frame dump; not a design source"
out/refcheck/microduck-foot-left/r1/ours.stl.build.log,0,"Redundant screenshots, temporary logs or simulation frame dump; not a design source"
out/refcheck/microduck-foot-left/r1/ours_iso.png,29983,"Redundant screenshots, temporary logs or simulation frame dump; not a design source"
out/refcheck/microduck-foot-left/r1/overlay_front.png,48079,"Redundant screenshots, temporary logs or simulation frame dump; not a design source"
out/refcheck/microduck-foot-left/r1/overlay_iso.png,175009,"Redundant screenshots, temporary logs or simulation frame dump; not a design source"
out/refcheck/microduck-foot-left/r1/overlay_left.png,59169,"Redundant screenshots, temporary logs or simulation frame dump; not a design source"
out/refcheck/microduck-foot-left/r1/overlay_top.png,87973,"Redundant screenshots, temporary logs or simulation frame dump; not a design source"
out/refcheck/microduck-foot-left/r1/ref_iso.png,39417,"Redundant screenshots, temporary logs or simulation frame dump; not a design source"
out/refcheck/microduck-foot-left/r1.log,1113,"Redundant screenshots, temporary logs or simulation frame dump; not a design source"
out/refcheck/microduck-foot-left/verify/ours.stl.build.log,0,"Redundant screenshots, temporary logs or simulation frame dump; not a design source"
out/refcheck/microduck-foot-left/verify/ours_iso.png,29983,"Redundant screenshots, temporary logs or simulation frame dump; not a design source"
out/refcheck/microduck-foot-left/verify/overlay_front.png,48079,"Redundant screenshots, temporary logs or simulation frame dump; not a design source"
out/refcheck/microduck-foot-left/verify/overlay_iso.png,175009,"Redundant screenshots, temporary logs or simulation frame dump; not a design source"
out/refcheck/microduck-foot-left/verify/overlay_left.png,59169,"Redundant screenshots, temporary logs or simulation frame dump; not a design source"
out/refcheck/microduck-foot-left/verify/overlay_top.png,87973,"Redundant screenshots, temporary logs or simulation frame dump; not a design source"
out/refcheck/microduck-foot-left/verify/ref_iso.png,39417,"Redundant screenshots, temporary logs or simulation frame dump; not a design source"
out/refcheck/microduck-foot-right/evidence.log,1768,"Redundant screenshots, temporary logs or simulation frame dump; not a design source"
out/refcheck/microduck-foot-right/r1/ours.stl.build.log,0,"Redundant screenshots, temporary logs or simulation frame dump; not a design source"
out/refcheck/microduck-foot-right/r1/ours_iso.png,29605,"Redundant screenshots, temporary logs or simulation frame dump; not a design source"
out/refcheck/microduck-foot-right/r1/overlay_front.png,54519,"Redundant screenshots, temporary logs or simulation frame dump; not a design source"
out/refcheck/microduck-foot-right/r1/overlay_iso.png,183224,"Redundant screenshots, temporary logs or simulation frame dump; not a design source"
out/refcheck/microduck-foot-right/r1/overlay_left.png,58697,"Redundant screenshots, temporary logs or simulation frame dump; not a design source"
out/refcheck/microduck-foot-right/r1/overlay_top.png,89268,"Redundant screenshots, temporary logs or simulation frame dump; not a design source"
out/refcheck/microduck-foot-right/r1/ref_iso.png,38884,"Redundant screenshots, temporary logs or simulation frame dump; not a design source"
out/refcheck/microduck-foot-right/r1.log,1116,"Redundant screenshots, temporary logs or simulation frame dump; not a design source"
out/refcheck/microduck-foot-right/verify/ours.stl.build.log,0,"Redundant screenshots, temporary logs or simulation frame dump; not a design source"
out/refcheck/microduck-foot-right/verify/ours_iso.png,29605,"Redundant screenshots, temporary logs or simulation frame dump; not a design source"
out/refcheck/microduck-foot-right/verify/overlay_front.png,54519,"Redundant screenshots, temporary logs or simulation frame dump; not a design source"
out/refcheck/microduck-foot-right/verify/overlay_iso.png,183224,"Redundant screenshots, temporary logs or simulation frame dump; not a design source"
out/refcheck/microduck-foot-right/verify/overlay_left.png,58697,"Redundant screenshots, temporary logs or simulation frame dump; not a design source"
out/refcheck/microduck-foot-right/verify/overlay_top.png,89268,"Redundant screenshots, temporary logs or simulation frame dump; not a design source"
out/refcheck/microduck-foot-right/verify/ref_iso.png,38884,"Redundant screenshots, temporary logs or simulation frame dump; not a design source"
out/refcheck/microduck-hip-bracket/r1/ours.stl.build.log,0,"Redundant screenshots, temporary logs or simulation frame dump; not a design source"
out/refcheck/microduck-hip-bracket/r1/ours_iso.png,29303,"Redundant screenshots, temporary logs or simulation frame dump; not a design source"
out/refcheck/microduck-hip-bracket/r1/overlay_front.png,84234,"Redundant screenshots, temporary logs or simulation frame dump; not a design source"
out/refcheck/microduck-hip-bracket/r1/overlay_iso.png,162600,"Redundant screenshots, temporary logs or simulation frame dump; not a design source"
out/refcheck/microduck-hip-bracket/r1/overlay_left.png,88139,"Redundant screenshots, temporary logs or simulation frame dump; not a design source"
out/refcheck/microduck-hip-bracket/r1/overlay_top.png,69595,"Redundant screenshots, temporary logs or simulation frame dump; not a design source"
out/refcheck/microduck-hip-bracket/r1/ref_iso.png,69019,"Redundant screenshots, temporary logs or simulation frame dump; not a design source"
out/refcheck/microduck-hip-bracket/r2/ours.stl.build.log,0,"Redundant screenshots, temporary logs or simulation frame dump; not a design source"
out/refcheck/microduck-hip-bracket/r2/ours_iso.png,42425,"Redundant screenshots, temporary logs or simulation frame dump; not a design source"
out/refcheck/microduck-hip-bracket/r2/overlay_front.png,91666,"Redundant screenshots, temporary logs or simulation frame dump; not a design source"
out/refcheck/microduck-hip-bracket/r2/overlay_iso.png,260555,"Redundant screenshots, temporary logs or simulation frame dump; not a design source"
out/refcheck/microduck-hip-bracket/r2/overlay_left.png,113386,"Redundant screenshots, temporary logs or simulation frame dump; not a design source"
out/refcheck/microduck-hip-bracket/r2/overlay_top.png,89863,"Redundant screenshots, temporary logs or simulation frame dump; not a design source"
out/refcheck/microduck-hip-bracket/r2/ref_iso.png,69019,"Redundant screenshots, temporary logs or simulation frame dump; not a design source"
out/refcheck/microduck-hip-bracket/verify/ours.stl.build.log,0,"Redundant screenshots, temporary logs or simulation frame dump; not a design source"
out/refcheck/microduck-hip-bracket/verify/ours_iso.png,42425,"Redundant screenshots, temporary logs or simulation frame dump; not a design source"
out/refcheck/microduck-hip-bracket/verify/overlay_front.png,91666,"Redundant screenshots, temporary logs or simulation frame dump; not a design source"
out/refcheck/microduck-hip-bracket/verify/overlay_iso.png,260555,"Redundant screenshots, temporary logs or simulation frame dump; not a design source"
out/refcheck/microduck-hip-bracket/verify/overlay_left.png,113386,"Redundant screenshots, temporary logs or simulation frame dump; not a design source"
out/refcheck/microduck-hip-bracket/verify/overlay_top.png,89863,"Redundant screenshots, temporary logs or simulation frame dump; not a design source"
out/refcheck/microduck-hip-bracket/verify/ref_iso.png,69019,"Redundant screenshots, temporary logs or simulation frame dump; not a design source"
out/refcheck/microduck-hip-bracket-evidence.log,1909,"Redundant screenshots, temporary logs or simulation frame dump; not a design source"
out/refcheck/microduck-hip-bracket-r1.log,3185,"Redundant screenshots, temporary logs or simulation frame dump; not a design source"
out/refcheck/microduck-hip-bracket-r2.log,1263,"Redundant screenshots, temporary logs or simulation frame dump; not a design source"
out/refcheck/microduck-m12-lens-holder/r1/ours.stl.build.log,0,"Redundant screenshots, temporary logs or simulation frame dump; not a design source"
out/refcheck/microduck-m12-lens-holder/r1/ours_iso.png,58702,"Redundant screenshots, temporary logs or simulation frame dump; not a design source"
out/refcheck/microduck-m12-lens-holder/r1/overlay_front.png,41093,"Redundant screenshots, temporary logs or simulation frame dump; not a design source"
out/refcheck/microduck-m12-lens-holder/r1/overlay_iso.png,234556,"Redundant screenshots, temporary logs or simulation frame dump; not a design source"
out/refcheck/microduck-m12-lens-holder/r1/overlay_left.png,63478,"Redundant screenshots, temporary logs or simulation frame dump; not a design source"
out/refcheck/microduck-m12-lens-holder/r1/overlay_top.png,33165,"Redundant screenshots, temporary logs or simulation frame dump; not a design source"
out/refcheck/microduck-m12-lens-holder/r1/ref_iso.png,59265,"Redundant screenshots, temporary logs or simulation frame dump; not a design source"
out/refcheck/microduck-m12-lens-holder/r1.log,1964,"Redundant screenshots, temporary logs or simulation frame dump; not a design source"
out/refcheck/microduck-m12-lens-holder/r2/ours.stl.build.log,106,"Redundant screenshots, temporary logs or simulation frame dump; not a design source"
out/refcheck/microduck-m12-lens-holder/r2/ours_iso.png,56525,"Redundant screenshots, temporary logs or simulation frame dump; not a design source"
out/refcheck/microduck-m12-lens-holder/r2/overlay_front.png,73925,"Redundant screenshots, temporary logs or simulation frame dump; not a design source"
out/refcheck/microduck-m12-lens-holder/r2/overlay_iso.png,262811,"Redundant screenshots, temporary logs or simulation frame dump; not a design source"
out/refcheck/microduck-m12-lens-holder/r2/overlay_left.png,67427,"Redundant screenshots, temporary logs or simulation frame dump; not a design source"
out/refcheck/microduck-m12-lens-holder/r2/overlay_top.png,43149,"Redundant screenshots, temporary logs or simulation frame dump; not a design source"
out/refcheck/microduck-m12-lens-holder/r2/ref_iso.png,59265,"Redundant screenshots, temporary logs or simulation frame dump; not a design source"
out/refcheck/microduck-m12-lens-holder/r2.log,1458,"Redundant screenshots, temporary logs or simulation frame dump; not a design source"
out/refcheck/microduck-motor-support/evidence.log,1769,"Redundant screenshots, temporary logs or simulation frame dump; not a design source"
out/refcheck/microduck-motor-support/r1/ours.stl.build.log,0,"Redundant screenshots, temporary logs or simulation frame dump; not a design source"
out/refcheck/microduck-motor-support/r1/ours_iso.png,23227,"Redundant screenshots, temporary logs or simulation frame dump; not a design source"
out/refcheck/microduck-motor-support/r1/overlay_front.png,28442,"Redundant screenshots, temporary logs or simulation frame dump; not a design source"
out/refcheck/microduck-motor-support/r1/overlay_iso.png,128238,"Redundant screenshots, temporary logs or simulation frame dump; not a design source"
out/refcheck/microduck-motor-support/r1/overlay_left.png,27991,"Redundant screenshots, temporary logs or simulation frame dump; not a design source"
out/refcheck/microduck-motor-support/r1/overlay_top.png,38779,"Redundant screenshots, temporary logs or simulation frame dump; not a design source"
out/refcheck/microduck-motor-support/r1/ref_iso.png,25968,"Redundant screenshots, temporary logs or simulation frame dump; not a design source"
out/refcheck/microduck-motor-support/r1.log,1394,"Redundant screenshots, temporary logs or simulation frame dump; not a design source"
out/refcheck/microduck-motor-support/r2/ours.stl.build.log,0,"Redundant screenshots, temporary logs or simulation frame dump; not a design source"
out/refcheck/microduck-motor-support/r2/ours_iso.png,26021,"Redundant screenshots, temporary logs or simulation frame dump; not a design source"
out/refcheck/microduck-motor-support/r2/overlay_front.png,28588,"Redundant screenshots, temporary logs or simulation frame dump; not a design source"
out/refcheck/microduck-motor-support/r2/overlay_iso.png,132664,"Redundant screenshots, temporary logs or simulation frame dump; not a design source"
out/refcheck/microduck-motor-support/r2/overlay_left.png,27041,"Redundant screenshots, temporary logs or simulation frame dump; not a design source"
out/refcheck/microduck-motor-support/r2/overlay_top.png,37445,"Redundant screenshots, temporary logs or simulation frame dump; not a design source"
out/refcheck/microduck-motor-support/r2/ref_iso.png,25968,"Redundant screenshots, temporary logs or simulation frame dump; not a design source"
out/refcheck/microduck-motor-support/r2.log,1358,"Redundant screenshots, temporary logs or simulation frame dump; not a design source"
out/refcheck/microduck-motor-support/r3/ours.stl.build.log,0,"Redundant screenshots, temporary logs or simulation frame dump; not a design source"
out/refcheck/microduck-motor-support/r3/ours_iso.png,26231,"Redundant screenshots, temporary logs or simulation frame dump; not a design source"
out/refcheck/microduck-motor-support/r3/overlay_front.png,28569,"Redundant screenshots, temporary logs or simulation frame dump; not a design source"
out/refcheck/microduck-motor-support/r3/overlay_iso.png,132414,"Redundant screenshots, temporary logs or simulation frame dump; not a design source"
out/refcheck/microduck-motor-support/r3/overlay_left.png,27065,"Redundant screenshots, temporary logs or simulation frame dump; not a design source"
out/refcheck/microduck-motor-support/r3/overlay_top.png,36812,"Redundant screenshots, temporary logs or simulation frame dump; not a design source"
out/refcheck/microduck-motor-support/r3/ref_iso.png,25968,"Redundant screenshots, temporary logs or simulation frame dump; not a design source"
out/refcheck/microduck-motor-support/r3.log,1354,"Redundant screenshots, temporary logs or simulation frame dump; not a design source"
out/refcheck/microduck-motor-support/r4/ours.stl.build.log,0,"Redundant screenshots, temporary logs or simulation frame dump; not a design source"
out/refcheck/microduck-motor-support/r4/ours_iso.png,26090,"Redundant screenshots, temporary logs or simulation frame dump; not a design source"
out/refcheck/microduck-motor-support/r4/overlay_front.png,28516,"Redundant screenshots, temporary logs or simulation frame dump; not a design source"
out/refcheck/microduck-motor-support/r4/overlay_iso.png,132487,"Redundant screenshots, temporary logs or simulation frame dump; not a design source"
out/refcheck/microduck-motor-support/r4/overlay_left.png,27183,"Redundant screenshots, temporary logs or simulation frame dump; not a design source"
out/refcheck/microduck-motor-support/r4/overlay_top.png,37486,"Redundant screenshots, temporary logs or simulation frame dump; not a design source"
out/refcheck/microduck-motor-support/r4/ref_iso.png,25968,"Redundant screenshots, temporary logs or simulation frame dump; not a design source"
out/refcheck/microduck-motor-support/r4.log,1356,"Redundant screenshots, temporary logs or simulation frame dump; not a design source"
out/refcheck/microduck-motor-support/r5/ours.stl.build.log,0,"Redundant screenshots, temporary logs or simulation frame dump; not a design source"
out/refcheck/microduck-motor-support/r5/ours_iso.png,25026,"Redundant screenshots, temporary logs or simulation frame dump; not a design source"
out/refcheck/microduck-motor-support/r5/overlay_front.png,29042,"Redundant screenshots, temporary logs or simulation frame dump; not a design source"
out/refcheck/microduck-motor-support/r5/overlay_iso.png,132605,"Redundant screenshots, temporary logs or simulation frame dump; not a design source"
out/refcheck/microduck-motor-support/r5/overlay_left.png,27073,"Redundant screenshots, temporary logs or simulation frame dump; not a design source"
out/refcheck/microduck-motor-support/r5/overlay_top.png,36448,"Redundant screenshots, temporary logs or simulation frame dump; not a design source"
out/refcheck/microduck-motor-support/r5/ref_iso.png,25968,"Redundant screenshots, temporary logs or simulation frame dump; not a design source"
out/refcheck/microduck-motor-support/r5.log,1452,"Redundant screenshots, temporary logs or simulation frame dump; not a design source"
out/refcheck/microduck-motor-support/r6/ours.stl.build.log,0,"Redundant screenshots, temporary logs or simulation frame dump; not a design source"
out/refcheck/microduck-motor-support/r6/ours_iso.png,24936,"Redundant screenshots, temporary logs or simulation frame dump; not a design source"
out/refcheck/microduck-motor-support/r6/overlay_front.png,28895,"Redundant screenshots, temporary logs or simulation frame dump; not a design source"
out/refcheck/microduck-motor-support/r6/overlay_iso.png,131660,"Redundant screenshots, temporary logs or simulation frame dump; not a design source"
out/refcheck/microduck-motor-support/r6/overlay_left.png,27169,"Redundant screenshots, temporary logs or simulation frame dump; not a design source"
out/refcheck/microduck-motor-support/r6/overlay_top.png,36336,"Redundant screenshots, temporary logs or simulation frame dump; not a design source"
out/refcheck/microduck-motor-support/r6/ref_iso.png,25968,"Redundant screenshots, temporary logs or simulation frame dump; not a design source"
out/refcheck/microduck-motor-support/r6.log,1114,"Redundant screenshots, temporary logs or simulation frame dump; not a design source"
out/refcheck/microduck-motor-support/verify/ours.stl.build.log,0,"Redundant screenshots, temporary logs or simulation frame dump; not a design source"
out/refcheck/microduck-motor-support/verify/ours_iso.png,24936,"Redundant screenshots, temporary logs or simulation frame dump; not a design source"
out/refcheck/microduck-motor-support/verify/overlay_front.png,28895,"Redundant screenshots, temporary logs or simulation frame dump; not a design source"
out/refcheck/microduck-motor-support/verify/overlay_iso.png,131660,"Redundant screenshots, temporary logs or simulation frame dump; not a design source"
out/refcheck/microduck-motor-support/verify/overlay_left.png,27169,"Redundant screenshots, temporary logs or simulation frame dump; not a design source"
out/refcheck/microduck-motor-support/verify/overlay_top.png,36336,"Redundant screenshots, temporary logs or simulation frame dump; not a design source"
out/refcheck/microduck-motor-support/verify/ref_iso.png,25968,"Redundant screenshots, temporary logs or simulation frame dump; not a design source"
out/refcheck/microduck-neck-pitch-bracket/r1/ours.stl.build.log,0,"Redundant screenshots, temporary logs or simulation frame dump; not a design source"
out/refcheck/microduck-neck-pitch-bracket/r1/ours_iso.png,34534,"Redundant screenshots, temporary logs or simulation frame dump; not a design source"
out/refcheck/microduck-neck-pitch-bracket/r1/overlay_front.png,36019,"Redundant screenshots, temporary logs or simulation frame dump; not a design source"
out/refcheck/microduck-neck-pitch-bracket/r1/overlay_iso.png,232721,"Redundant screenshots, temporary logs or simulation frame dump; not a design source"
out/refcheck/microduck-neck-pitch-bracket/r1/overlay_left.png,35191,"Redundant screenshots, temporary logs or simulation frame dump; not a design source"
out/refcheck/microduck-neck-pitch-bracket/r1/overlay_top.png,57533,"Redundant screenshots, temporary logs or simulation frame dump; not a design source"
out/refcheck/microduck-neck-pitch-bracket/r1/ref_iso.png,30817,"Redundant screenshots, temporary logs or simulation frame dump; not a design source"
out/refcheck/microduck-neck-pitch-bracket/verify/ours.stl.build.log,0,"Redundant screenshots, temporary logs or simulation frame dump; not a design source"
out/refcheck/microduck-neck-pitch-bracket/verify/ours_iso.png,34534,"Redundant screenshots, temporary logs or simulation frame dump; not a design source"
out/refcheck/microduck-neck-pitch-bracket/verify/overlay_front.png,36019,"Redundant screenshots, temporary logs or simulation frame dump; not a design source"
out/refcheck/microduck-neck-pitch-bracket/verify/overlay_iso.png,232721,"Redundant screenshots, temporary logs or simulation frame dump; not a design source"
out/refcheck/microduck-neck-pitch-bracket/verify/overlay_left.png,35191,"Redundant screenshots, temporary logs or simulation frame dump; not a design source"
out/refcheck/microduck-neck-pitch-bracket/verify/overlay_top.png,57533,"Redundant screenshots, temporary logs or simulation frame dump; not a design source"
out/refcheck/microduck-neck-pitch-bracket/verify/ref_iso.png,30817,"Redundant screenshots, temporary logs or simulation frame dump; not a design source"
out/refcheck/microduck-neck-plate/r1/ours.stl.build.log,0,"Redundant screenshots, temporary logs or simulation frame dump; not a design source"
out/refcheck/microduck-neck-plate/r1/ours_iso.png,24038,"Redundant screenshots, temporary logs or simulation frame dump; not a design source"
out/refcheck/microduck-neck-plate/r1/overlay_front.png,18185,"Redundant screenshots, temporary logs or simulation frame dump; not a design source"
out/refcheck/microduck-neck-plate/r1/overlay_iso.png,130433,"Redundant screenshots, temporary logs or simulation frame dump; not a design source"
out/refcheck/microduck-neck-plate/r1/overlay_left.png,20404,"Redundant screenshots, temporary logs or simulation frame dump; not a design source"
out/refcheck/microduck-neck-plate/r1/overlay_top.png,17948,"Redundant screenshots, temporary logs or simulation frame dump; not a design source"
out/refcheck/microduck-neck-plate/r1/ref_iso.png,21420,"Redundant screenshots, temporary logs or simulation frame dump; not a design source"
out/refcheck/microduck-neck-plate/verify/ours.stl.build.log,0,"Redundant screenshots, temporary logs or simulation frame dump; not a design source"
out/refcheck/microduck-neck-plate/verify/ours_iso.png,24038,"Redundant screenshots, temporary logs or simulation frame dump; not a design source"
out/refcheck/microduck-neck-plate/verify/overlay_front.png,18185,"Redundant screenshots, temporary logs or simulation frame dump; not a design source"
out/refcheck/microduck-neck-plate/verify/overlay_iso.png,130433,"Redundant screenshots, temporary logs or simulation frame dump; not a design source"
out/refcheck/microduck-neck-plate/verify/overlay_left.png,20404,"Redundant screenshots, temporary logs or simulation frame dump; not a design source"
out/refcheck/microduck-neck-plate/verify/overlay_top.png,17948,"Redundant screenshots, temporary logs or simulation frame dump; not a design source"
out/refcheck/microduck-neck-plate/verify/ref_iso.png,21420,"Redundant screenshots, temporary logs or simulation frame dump; not a design source"
out/refcheck/microduck-power-support/r1/ours.stl.build.log,0,"Redundant screenshots, temporary logs or simulation frame dump; not a design source"
out/refcheck/microduck-power-support/r1/ours_iso.png,24487,"Redundant screenshots, temporary logs or simulation frame dump; not a design source"
out/refcheck/microduck-power-support/r1/overlay_front.png,20047,"Redundant screenshots, temporary logs or simulation frame dump; not a design source"
out/refcheck/microduck-power-support/r1/overlay_iso.png,139501,"Redundant screenshots, temporary logs or simulation frame dump; not a design source"
out/refcheck/microduck-power-support/r1/overlay_left.png,24946,"Redundant screenshots, temporary logs or simulation frame dump; not a design source"
out/refcheck/microduck-power-support/r1/overlay_top.png,20394,"Redundant screenshots, temporary logs or simulation frame dump; not a design source"
out/refcheck/microduck-power-support/r1/ref_iso.png,26238,"Redundant screenshots, temporary logs or simulation frame dump; not a design source"
out/refcheck/microduck-power-support/r2/ours.stl.build.log,0,"Redundant screenshots, temporary logs or simulation frame dump; not a design source"
out/refcheck/microduck-power-support/r2/ours_iso.png,24436,"Redundant screenshots, temporary logs or simulation frame dump; not a design source"
out/refcheck/microduck-power-support/r2/overlay_front.png,20349,"Redundant screenshots, temporary logs or simulation frame dump; not a design source"
out/refcheck/microduck-power-support/r2/overlay_iso.png,140054,"Redundant screenshots, temporary logs or simulation frame dump; not a design source"
out/refcheck/microduck-power-support/r2/overlay_left.png,25050,"Redundant screenshots, temporary logs or simulation frame dump; not a design source"
out/refcheck/microduck-power-support/r2/overlay_top.png,20501,"Redundant screenshots, temporary logs or simulation frame dump; not a design source"
out/refcheck/microduck-power-support/r2/ref_iso.png,26238,"Redundant screenshots, temporary logs or simulation frame dump; not a design source"
out/refcheck/microduck-power-support/verify/ours.stl.build.log,0,"Redundant screenshots, temporary logs or simulation frame dump; not a design source"
out/refcheck/microduck-power-support/verify/ours_iso.png,28961,"Redundant screenshots, temporary logs or simulation frame dump; not a design source"
out/refcheck/microduck-power-support/verify/overlay_front.png,21885,"Redundant screenshots, temporary logs or simulation frame dump; not a design source"
out/refcheck/microduck-power-support/verify/overlay_iso.png,143949,"Redundant screenshots, temporary logs or simulation frame dump; not a design source"
out/refcheck/microduck-power-support/verify/overlay_left.png,27242,"Redundant screenshots, temporary logs or simulation frame dump; not a design source"
out/refcheck/microduck-power-support/verify/overlay_top.png,25657,"Redundant screenshots, temporary logs or simulation frame dump; not a design source"
out/refcheck/microduck-power-support/verify/ref_iso.png,30420,"Redundant screenshots, temporary logs or simulation frame dump; not a design source"
out/refcheck/microduck-robot-hat-pcb/r1/ours.stl.build.log,105,"Redundant screenshots, temporary logs or simulation frame dump; not a design source"
out/refcheck/microduck-robot-hat-pcb/r1/ours_iso.png,19514,"Redundant screenshots, temporary logs or simulation frame dump; not a design source"
out/refcheck/microduck-robot-hat-pcb/r1/overlay_front.png,18321,"Redundant screenshots, temporary logs or simulation frame dump; not a design source"
out/refcheck/microduck-robot-hat-pcb/r1/overlay_iso.png,82813,"Redundant screenshots, temporary logs or simulation frame dump; not a design source"
out/refcheck/microduck-robot-hat-pcb/r1/overlay_left.png,17002,"Redundant screenshots, temporary logs or simulation frame dump; not a design source"
out/refcheck/microduck-robot-hat-pcb/r1/overlay_top.png,35867,"Redundant screenshots, temporary logs or simulation frame dump; not a design source"
out/refcheck/microduck-robot-hat-pcb/r1/ref_iso.png,21270,"Redundant screenshots, temporary logs or simulation frame dump; not a design source"
out/refcheck/microduck-robot-hat-pcb/verify/ours.stl.build.log,0,"Redundant screenshots, temporary logs or simulation frame dump; not a design source"
out/refcheck/microduck-robot-hat-pcb/verify/ours_iso.png,19514,"Redundant screenshots, temporary logs or simulation frame dump; not a design source"
out/refcheck/microduck-robot-hat-pcb/verify/overlay_front.png,18321,"Redundant screenshots, temporary logs or simulation frame dump; not a design source"
out/refcheck/microduck-robot-hat-pcb/verify/overlay_iso.png,82813,"Redundant screenshots, temporary logs or simulation frame dump; not a design source"
out/refcheck/microduck-robot-hat-pcb/verify/overlay_left.png,17002,"Redundant screenshots, temporary logs or simulation frame dump; not a design source"
out/refcheck/microduck-robot-hat-pcb/verify/overlay_top.png,35867,"Redundant screenshots, temporary logs or simulation frame dump; not a design source"
out/refcheck/microduck-robot-hat-pcb/verify/ref_iso.png,21270,"Redundant screenshots, temporary logs or simulation frame dump; not a design source"
out/refcheck/microduck-shin/build.log,1528,"Redundant screenshots, temporary logs or simulation frame dump; not a design source"
out/refcheck/microduck-shin/r1/ours.stl.build.log,0,"Redundant screenshots, temporary logs or simulation frame dump; not a design source"
out/refcheck/microduck-shin/r1/ours_iso.png,161785,"Redundant screenshots, temporary logs or simulation frame dump; not a design source"
out/refcheck/microduck-shin/r1/overlay_front.png,265206,"Redundant screenshots, temporary logs or simulation frame dump; not a design source"
out/refcheck/microduck-shin/r1/overlay_iso.png,320510,"Redundant screenshots, temporary logs or simulation frame dump; not a design source"
out/refcheck/microduck-shin/r1/overlay_left.png,90172,"Redundant screenshots, temporary logs or simulation frame dump; not a design source"
out/refcheck/microduck-shin/r1/overlay_top.png,183254,"Redundant screenshots, temporary logs or simulation frame dump; not a design source"
out/refcheck/microduck-shin/r1/ref_iso.png,190538,"Redundant screenshots, temporary logs or simulation frame dump; not a design source"
out/refcheck/microduck-shin/r2/ours.stl.build.log,0,"Redundant screenshots, temporary logs or simulation frame dump; not a design source"
out/refcheck/microduck-shin/r2/ours_iso.png,150385,"Redundant screenshots, temporary logs or simulation frame dump; not a design source"
out/refcheck/microduck-shin/r2/overlay_front.png,269429,"Redundant screenshots, temporary logs or simulation frame dump; not a design source"
out/refcheck/microduck-shin/r2/overlay_iso.png,312986,"Redundant screenshots, temporary logs or simulation frame dump; not a design source"
out/refcheck/microduck-shin/r2/overlay_left.png,101838,"Redundant screenshots, temporary logs or simulation frame dump; not a design source"
out/refcheck/microduck-shin/r2/overlay_top.png,189163,"Redundant screenshots, temporary logs or simulation frame dump; not a design source"
out/refcheck/microduck-shin/r2/ref_iso.png,190538,"Redundant screenshots, temporary logs or simulation frame dump; not a design source"
out/refcheck/microduck-shin/r3/ours.stl.build.log,0,"Redundant screenshots, temporary logs or simulation frame dump; not a design source"
out/refcheck/microduck-shin/r3/ours_iso.png,160535,"Redundant screenshots, temporary logs or simulation frame dump; not a design source"
out/refcheck/microduck-shin/r3/overlay_front.png,306810,"Redundant screenshots, temporary logs or simulation frame dump; not a design source"
out/refcheck/microduck-shin/r3/overlay_iso.png,336636,"Redundant screenshots, temporary logs or simulation frame dump; not a design source"
out/refcheck/microduck-shin/r3/overlay_left.png,104562,"Redundant screenshots, temporary logs or simulation frame dump; not a design source"
out/refcheck/microduck-shin/r3/overlay_top.png,179922,"Redundant screenshots, temporary logs or simulation frame dump; not a design source"
out/refcheck/microduck-shin/r3/ref_iso.png,190538,"Redundant screenshots, temporary logs or simulation frame dump; not a design source"
out/refcheck/microduck-shin/r4/ours.stl.build.log,0,"Redundant screenshots, temporary logs or simulation frame dump; not a design source"
out/refcheck/microduck-shin/r4/ours_iso.png,160226,"Redundant screenshots, temporary logs or simulation frame dump; not a design source"
out/refcheck/microduck-shin/r4/overlay_front.png,306377,"Redundant screenshots, temporary logs or simulation frame dump; not a design source"
out/refcheck/microduck-shin/r4/overlay_iso.png,335550,"Redundant screenshots, temporary logs or simulation frame dump; not a design source"
out/refcheck/microduck-shin/r4/overlay_left.png,106777,"Redundant screenshots, temporary logs or simulation frame dump; not a design source"
out/refcheck/microduck-shin/r4/overlay_top.png,191934,"Redundant screenshots, temporary logs or simulation frame dump; not a design source"
out/refcheck/microduck-shin/r4/ref_iso.png,190538,"Redundant screenshots, temporary logs or simulation frame dump; not a design source"
out/refcheck/microduck-sole-left/a1/ours.stl.build.log,0,"Redundant screenshots, temporary logs or simulation frame dump; not a design source"
out/refcheck/microduck-sole-left/a1/overlay_front.png,46318,"Redundant screenshots, temporary logs or simulation frame dump; not a design source"
out/refcheck/microduck-sole-left/a1/overlay_left.png,82055,"Redundant screenshots, temporary logs or simulation frame dump; not a design source"
out/refcheck/microduck-sole-left/a1/overlay_top.png,70152,"Redundant screenshots, temporary logs or simulation frame dump; not a design source"
out/refcheck/microduck-sole-left/a1.log,674,"Redundant screenshots, temporary logs or simulation frame dump; not a design source"
out/refcheck/microduck-sole-left/evidence.log,1763,"Redundant screenshots, temporary logs or simulation frame dump; not a design source"
out/refcheck/microduck-sole-left/r1/ours.stl.build.log,0,"Redundant screenshots, temporary logs or simulation frame dump; not a design source"
out/refcheck/microduck-sole-left/r1/ours_iso.png,38857,"Redundant screenshots, temporary logs or simulation frame dump; not a design source"
out/refcheck/microduck-sole-left/r1/overlay_front.png,51697,"Redundant screenshots, temporary logs or simulation frame dump; not a design source"
out/refcheck/microduck-sole-left/r1/overlay_iso.png,169059,"Redundant screenshots, temporary logs or simulation frame dump; not a design source"
out/refcheck/microduck-sole-left/r1/overlay_left.png,87639,"Redundant screenshots, temporary logs or simulation frame dump; not a design source"
out/refcheck/microduck-sole-left/r1/overlay_top.png,118023,"Redundant screenshots, temporary logs or simulation frame dump; not a design source"
out/refcheck/microduck-sole-left/r1/ref_iso.png,51704,"Redundant screenshots, temporary logs or simulation frame dump; not a design source"
out/refcheck/microduck-sole-left/r1.log,1115,"Redundant screenshots, temporary logs or simulation frame dump; not a design source"
out/refcheck/microduck-sole-left/r2/ours.stl.build.log,0,"Redundant screenshots, temporary logs or simulation frame dump; not a design source"
out/refcheck/microduck-sole-left/r2/ours_iso.png,34429,"Redundant screenshots, temporary logs or simulation frame dump; not a design source"
out/refcheck/microduck-sole-left/r2/overlay_front.png,64836,"Redundant screenshots, temporary logs or simulation frame dump; not a design source"
out/refcheck/microduck-sole-left/r2/overlay_iso.png,177991,"Redundant screenshots, temporary logs or simulation frame dump; not a design source"
out/refcheck/microduck-sole-left/r2/overlay_left.png,98491,"Redundant screenshots, temporary logs or simulation frame dump; not a design source"
out/refcheck/microduck-sole-left/r2/overlay_top.png,144692,"Redundant screenshots, temporary logs or simulation frame dump; not a design source"
out/refcheck/microduck-sole-left/r2/ref_iso.png,51704,"Redundant screenshots, temporary logs or simulation frame dump; not a design source"
out/refcheck/microduck-sole-left/r2.log,1114,"Redundant screenshots, temporary logs or simulation frame dump; not a design source"
out/refcheck/microduck-sole-left/verify/ours.stl.build.log,0,"Redundant screenshots, temporary logs or simulation frame dump; not a design source"
out/refcheck/microduck-sole-left/verify/ours_iso.png,34429,"Redundant screenshots, temporary logs or simulation frame dump; not a design source"
out/refcheck/microduck-sole-left/verify/overlay_front.png,64836,"Redundant screenshots, temporary logs or simulation frame dump; not a design source"
out/refcheck/microduck-sole-left/verify/overlay_iso.png,177991,"Redundant screenshots, temporary logs or simulation frame dump; not a design source"
out/refcheck/microduck-sole-left/verify/overlay_left.png,98491,"Redundant screenshots, temporary logs or simulation frame dump; not a design source"
out/refcheck/microduck-sole-left/verify/overlay_top.png,144692,"Redundant screenshots, temporary logs or simulation frame dump; not a design source"
out/refcheck/microduck-sole-left/verify/ref_iso.png,51704,"Redundant screenshots, temporary logs or simulation frame dump; not a design source"
out/refcheck/microduck-sole-right/evidence.log,1768,"Redundant screenshots, temporary logs or simulation frame dump; not a design source"
out/refcheck/microduck-sole-right/r1/ours.stl.build.log,0,"Redundant screenshots, temporary logs or simulation frame dump; not a design source"
out/refcheck/microduck-sole-right/r1/ours_iso.png,34632,"Redundant screenshots, temporary logs or simulation frame dump; not a design source"
out/refcheck/microduck-sole-right/r1/overlay_front.png,79029,"Redundant screenshots, temporary logs or simulation frame dump; not a design source"
out/refcheck/microduck-sole-right/r1/overlay_iso.png,183075,"Redundant screenshots, temporary logs or simulation frame dump; not a design source"
out/refcheck/microduck-sole-right/r1/overlay_left.png,99008,"Redundant screenshots, temporary logs or simulation frame dump; not a design source"
out/refcheck/microduck-sole-right/r1/overlay_top.png,145445,"Redundant screenshots, temporary logs or simulation frame dump; not a design source"
out/refcheck/microduck-sole-right/r1/ref_iso.png,52195,"Redundant screenshots, temporary logs or simulation frame dump; not a design source"
out/refcheck/microduck-sole-right/r1.log,1117,"Redundant screenshots, temporary logs or simulation frame dump; not a design source"
out/refcheck/microduck-sole-right/verify/ours.stl.build.log,0,"Redundant screenshots, temporary logs or simulation frame dump; not a design source"
out/refcheck/microduck-sole-right/verify/ours_iso.png,34632,"Redundant screenshots, temporary logs or simulation frame dump; not a design source"
out/refcheck/microduck-sole-right/verify/overlay_front.png,79029,"Redundant screenshots, temporary logs or simulation frame dump; not a design source"
out/refcheck/microduck-sole-right/verify/overlay_iso.png,183075,"Redundant screenshots, temporary logs or simulation frame dump; not a design source"
out/refcheck/microduck-sole-right/verify/overlay_left.png,99008,"Redundant screenshots, temporary logs or simulation frame dump; not a design source"
out/refcheck/microduck-sole-right/verify/overlay_top.png,145445,"Redundant screenshots, temporary logs or simulation frame dump; not a design source"
out/refcheck/microduck-sole-right/verify/ref_iso.png,52195,"Redundant screenshots, temporary logs or simulation frame dump; not a design source"
out/refcheck/microduck-speaker/r1/ours.stl.build.log,105,"Redundant screenshots, temporary logs or simulation frame dump; not a design source"
out/refcheck/microduck-speaker/r1/ours_iso.png,11335,"Redundant screenshots, temporary logs or simulation frame dump; not a design source"
out/refcheck/microduck-speaker/r1/overlay_front.png,14394,"Redundant screenshots, temporary logs or simulation frame dump; not a design source"
out/refcheck/microduck-speaker/r1/overlay_iso.png,20759,"Redundant screenshots, temporary logs or simulation frame dump; not a design source"
out/refcheck/microduck-speaker/r1/overlay_left.png,14959,"Redundant screenshots, temporary logs or simulation frame dump; not a design source"
out/refcheck/microduck-speaker/r1/overlay_top.png,16152,"Redundant screenshots, temporary logs or simulation frame dump; not a design source"
out/refcheck/microduck-speaker/r1/ref_iso.png,11036,"Redundant screenshots, temporary logs or simulation frame dump; not a design source"
out/refcheck/microduck-speaker/verify/ours.stl.build.log,0,"Redundant screenshots, temporary logs or simulation frame dump; not a design source"
out/refcheck/microduck-speaker/verify/ours_iso.png,11335,"Redundant screenshots, temporary logs or simulation frame dump; not a design source"
out/refcheck/microduck-speaker/verify/overlay_front.png,14394,"Redundant screenshots, temporary logs or simulation frame dump; not a design source"
out/refcheck/microduck-speaker/verify/overlay_iso.png,20759,"Redundant screenshots, temporary logs or simulation frame dump; not a design source"
out/refcheck/microduck-speaker/verify/overlay_left.png,14959,"Redundant screenshots, temporary logs or simulation frame dump; not a design source"
out/refcheck/microduck-speaker/verify/overlay_top.png,16152,"Redundant screenshots, temporary logs or simulation frame dump; not a design source"
out/refcheck/microduck-speaker/verify/ref_iso.png,11036,"Redundant screenshots, temporary logs or simulation frame dump; not a design source"
out/refcheck/microduck-trunk-base/r1/ours.stl.build.log,0,"Redundant screenshots, temporary logs or simulation frame dump; not a design source"
out/refcheck/microduck-trunk-base/r1/ours_iso.png,19506,"Redundant screenshots, temporary logs or simulation frame dump; not a design source"
out/refcheck/microduck-trunk-base/r1/overlay_front.png,18614,"Redundant screenshots, temporary logs or simulation frame dump; not a design source"
out/refcheck/microduck-trunk-base/r1/overlay_iso.png,69366,"Redundant screenshots, temporary logs or simulation frame dump; not a design source"
out/refcheck/microduck-trunk-base/r1/overlay_left.png,19535,"Redundant screenshots, temporary logs or simulation frame dump; not a design source"
out/refcheck/microduck-trunk-base/r1/overlay_top.png,19727,"Redundant screenshots, temporary logs or simulation frame dump; not a design source"
out/refcheck/microduck-trunk-base/r1/ref_iso.png,18793,"Redundant screenshots, temporary logs or simulation frame dump; not a design source"
out/refcheck/microduck-trunk-base/verify/ours.stl.build.log,0,"Redundant screenshots, temporary logs or simulation frame dump; not a design source"
out/refcheck/microduck-trunk-base/verify/ours_iso.png,23756,"Redundant screenshots, temporary logs or simulation frame dump; not a design source"
out/refcheck/microduck-trunk-base/verify/overlay_front.png,19943,"Redundant screenshots, temporary logs or simulation frame dump; not a design source"
out/refcheck/microduck-trunk-base/verify/overlay_iso.png,72741,"Redundant screenshots, temporary logs or simulation frame dump; not a design source"
out/refcheck/microduck-trunk-base/verify/overlay_left.png,21581,"Redundant screenshots, temporary logs or simulation frame dump; not a design source"
out/refcheck/microduck-trunk-base/verify/overlay_top.png,19746,"Redundant screenshots, temporary logs or simulation frame dump; not a design source"
out/refcheck/microduck-trunk-base/verify/ref_iso.png,24321,"Redundant screenshots, temporary logs or simulation frame dump; not a design source"
out/refcheck/microduck-trunk-shell-left/r1/ours.stl.build.log,297,"Redundant screenshots, temporary logs or simulation frame dump; not a design source"
out/refcheck/microduck-trunk-shell-left/r1.log,679,"Redundant screenshots, temporary logs or simulation frame dump; not a design source"
out/refcheck/microduck-trunk-shell-left/r2/ours.stl.build.log,0,"Redundant screenshots, temporary logs or simulation frame dump; not a design source"
out/refcheck/microduck-upper-leg-left/r1/ours.stl.build.log,0,"Redundant screenshots, temporary logs or simulation frame dump; not a design source"
out/refcheck/microduck-upper-leg-left/r1/ours_iso.png,45806,"Redundant screenshots, temporary logs or simulation frame dump; not a design source"
out/refcheck/microduck-upper-leg-left/r1/overlay_front.png,112010,"Redundant screenshots, temporary logs or simulation frame dump; not a design source"
out/refcheck/microduck-upper-leg-left/r1/overlay_iso.png,203112,"Redundant screenshots, temporary logs or simulation frame dump; not a design source"
out/refcheck/microduck-upper-leg-left/r1/overlay_left.png,59380,"Redundant screenshots, temporary logs or simulation frame dump; not a design source"
out/refcheck/microduck-upper-leg-left/r1/overlay_top.png,80716,"Redundant screenshots, temporary logs or simulation frame dump; not a design source"
out/refcheck/microduck-upper-leg-left/r1/ref_iso.png,42143,"Redundant screenshots, temporary logs or simulation frame dump; not a design source"
out/refcheck/microduck-upper-leg-left/verify/ours.stl.build.log,0,"Redundant screenshots, temporary logs or simulation frame dump; not a design source"
out/refcheck/microduck-upper-leg-left/verify/ours_iso.png,45806,"Redundant screenshots, temporary logs or simulation frame dump; not a design source"
out/refcheck/microduck-upper-leg-left/verify/overlay_front.png,112010,"Redundant screenshots, temporary logs or simulation frame dump; not a design source"
out/refcheck/microduck-upper-leg-left/verify/overlay_iso.png,203112,"Redundant screenshots, temporary logs or simulation frame dump; not a design source"
out/refcheck/microduck-upper-leg-left/verify/overlay_left.png,59380,"Redundant screenshots, temporary logs or simulation frame dump; not a design source"
out/refcheck/microduck-upper-leg-left/verify/overlay_top.png,80716,"Redundant screenshots, temporary logs or simulation frame dump; not a design source"
out/refcheck/microduck-upper-leg-left/verify/ref_iso.png,42143,"Redundant screenshots, temporary logs or simulation frame dump; not a design source"
out/refcheck/microduck-upper-leg-right/r1/ours.stl.build.log,0,"Redundant screenshots, temporary logs or simulation frame dump; not a design source"
out/refcheck/microduck-upper-leg-right/r1/ours_iso.png,29343,"Redundant screenshots, temporary logs or simulation frame dump; not a design source"
out/refcheck/microduck-upper-leg-right/r1/overlay_front.png,119485,"Redundant screenshots, temporary logs or simulation frame dump; not a design source"
out/refcheck/microduck-upper-leg-right/r1/overlay_iso.png,178941,"Redundant screenshots, temporary logs or simulation frame dump; not a design source"
out/refcheck/microduck-upper-leg-right/r1/overlay_left.png,65391,"Redundant screenshots, temporary logs or simulation frame dump; not a design source"
out/refcheck/microduck-upper-leg-right/r1/overlay_top.png,79738,"Redundant screenshots, temporary logs or simulation frame dump; not a design source"
out/refcheck/microduck-upper-leg-right/r1/ref_iso.png,33711,"Redundant screenshots, temporary logs or simulation frame dump; not a design source"
out/refcheck/microduck-upper-leg-right/verify/ours.stl.build.log,0,"Redundant screenshots, temporary logs or simulation frame dump; not a design source"
out/refcheck/microduck-upper-leg-right/verify/ours_iso.png,29343,"Redundant screenshots, temporary logs or simulation frame dump; not a design source"
out/refcheck/microduck-upper-leg-right/verify/overlay_front.png,119485,"Redundant screenshots, temporary logs or simulation frame dump; not a design source"
out/refcheck/microduck-upper-leg-right/verify/overlay_iso.png,178941,"Redundant screenshots, temporary logs or simulation frame dump; not a design source"
out/refcheck/microduck-upper-leg-right/verify/overlay_left.png,65391,"Redundant screenshots, temporary logs or simulation frame dump; not a design source"
out/refcheck/microduck-upper-leg-right/verify/overlay_top.png,79738,"Redundant screenshots, temporary logs or simulation frame dump; not a design source"
out/refcheck/microduck-upper-leg-right/verify/ref_iso.png,33711,"Redundant screenshots, temporary logs or simulation frame dump; not a design source"
out/refcheck/microduck-upper-leg-rigidity-plate/r1/ours.stl.build.log,0,"Redundant screenshots, temporary logs or simulation frame dump; not a design source"
out/refcheck/microduck-upper-leg-rigidity-plate/r1/ours_iso.png,22450,"Redundant screenshots, temporary logs or simulation frame dump; not a design source"
out/refcheck/microduck-upper-leg-rigidity-plate/r1/overlay_front.png,23323,"Redundant screenshots, temporary logs or simulation frame dump; not a design source"
out/refcheck/microduck-upper-leg-rigidity-plate/r1/overlay_iso.png,80582,"Redundant screenshots, temporary logs or simulation frame dump; not a design source"
out/refcheck/microduck-upper-leg-rigidity-plate/r1/overlay_left.png,16447,"Redundant screenshots, temporary logs or simulation frame dump; not a design source"
out/refcheck/microduck-upper-leg-rigidity-plate/r1/overlay_top.png,17240,"Redundant screenshots, temporary logs or simulation frame dump; not a design source"
out/refcheck/microduck-upper-leg-rigidity-plate/r1/ref_iso.png,22402,"Redundant screenshots, temporary logs or simulation frame dump; not a design source"
out/refcheck/microduck-upper-leg-rigidity-plate/r2/ours.stl.build.log,0,"Redundant screenshots, temporary logs or simulation frame dump; not a design source"
out/refcheck/microduck-upper-leg-rigidity-plate/r2/ours_iso.png,21120,"Redundant screenshots, temporary logs or simulation frame dump; not a design source"
out/refcheck/microduck-upper-leg-rigidity-plate/r2/overlay_front.png,24709,"Redundant screenshots, temporary logs or simulation frame dump; not a design source"
out/refcheck/microduck-upper-leg-rigidity-plate/r2/overlay_iso.png,66767,"Redundant screenshots, temporary logs or simulation frame dump; not a design source"
out/refcheck/microduck-upper-leg-rigidity-plate/r2/overlay_left.png,15759,"Redundant screenshots, temporary logs or simulation frame dump; not a design source"
out/refcheck/microduck-upper-leg-rigidity-plate/r2/overlay_top.png,16028,"Redundant screenshots, temporary logs or simulation frame dump; not a design source"
out/refcheck/microduck-upper-leg-rigidity-plate/r2/ref_iso.png,22402,"Redundant screenshots, temporary logs or simulation frame dump; not a design source"
out/refcheck/microduck-upper-leg-rigidity-plate/r3/ours.stl.build.log,0,"Redundant screenshots, temporary logs or simulation frame dump; not a design source"
out/refcheck/microduck-upper-leg-rigidity-plate/r3/ours_iso.png,23543,"Redundant screenshots, temporary logs or simulation frame dump; not a design source"
out/refcheck/microduck-upper-leg-rigidity-plate/r3/overlay_front.png,22361,"Redundant screenshots, temporary logs or simulation frame dump; not a design source"
out/refcheck/microduck-upper-leg-rigidity-plate/r3/overlay_iso.png,85591,"Redundant screenshots, temporary logs or simulation frame dump; not a design source"
out/refcheck/microduck-upper-leg-rigidity-plate/r3/overlay_left.png,19021,"Redundant screenshots, temporary logs or simulation frame dump; not a design source"
out/refcheck/microduck-upper-leg-rigidity-plate/r3/overlay_top.png,21465,"Redundant screenshots, temporary logs or simulation frame dump; not a design source"
out/refcheck/microduck-upper-leg-rigidity-plate/r3/ref_iso.png,22402,"Redundant screenshots, temporary logs or simulation frame dump; not a design source"
out/refcheck/microduck-upper-leg-rigidity-plate/verify/ours.stl.build.log,0,"Redundant screenshots, temporary logs or simulation frame dump; not a design source"
out/refcheck/microduck-upper-leg-rigidity-plate/verify/ours_iso.png,23543,"Redundant screenshots, temporary logs or simulation frame dump; not a design source"
out/refcheck/microduck-upper-leg-rigidity-plate/verify/overlay_front.png,22361,"Redundant screenshots, temporary logs or simulation frame dump; not a design source"
out/refcheck/microduck-upper-leg-rigidity-plate/verify/overlay_iso.png,85591,"Redundant screenshots, temporary logs or simulation frame dump; not a design source"
out/refcheck/microduck-upper-leg-rigidity-plate/verify/overlay_left.png,19021,"Redundant screenshots, temporary logs or simulation frame dump; not a design source"
out/refcheck/microduck-upper-leg-rigidity-plate/verify/overlay_top.png,21465,"Redundant screenshots, temporary logs or simulation frame dump; not a design source"
out/refcheck/microduck-upper-leg-rigidity-plate/verify/ref_iso.png,22402,"Redundant screenshots, temporary logs or simulation frame dump; not a design source"
out/refcheck/microduck-yaw-roll-motion/r1/ours.stl.build.log,0,"Redundant screenshots, temporary logs or simulation frame dump; not a design source"
out/refcheck/microduck-yaw-roll-motion/r1/ours_iso.png,38372,"Redundant screenshots, temporary logs or simulation frame dump; not a design source"
out/refcheck/microduck-yaw-roll-motion/r1/overlay_front.png,37606,"Redundant screenshots, temporary logs or simulation frame dump; not a design source"
out/refcheck/microduck-yaw-roll-motion/r1/overlay_iso.png,179839,"Redundant screenshots, temporary logs or simulation frame dump; not a design source"
out/refcheck/microduck-yaw-roll-motion/r1/overlay_left.png,36224,"Redundant screenshots, temporary logs or simulation frame dump; not a design source"
out/refcheck/microduck-yaw-roll-motion/r1/overlay_top.png,38222,"Redundant screenshots, temporary logs or simulation frame dump; not a design source"
out/refcheck/microduck-yaw-roll-motion/r1/ref_iso.png,28480,"Redundant screenshots, temporary logs or simulation frame dump; not a design source"
out/refcheck/microduck-yaw-roll-motion/verify/ours.stl.build.log,0,"Redundant screenshots, temporary logs or simulation frame dump; not a design source"
out/refcheck/microduck-yaw-roll-motion/verify/ours_iso.png,38372,"Redundant screenshots, temporary logs or simulation frame dump; not a design source"
out/refcheck/microduck-yaw-roll-motion/verify/overlay_front.png,37606,"Redundant screenshots, temporary logs or simulation frame dump; not a design source"
out/refcheck/microduck-yaw-roll-motion/verify/overlay_iso.png,179839,"Redundant screenshots, temporary logs or simulation frame dump; not a design source"
out/refcheck/microduck-yaw-roll-motion/verify/overlay_left.png,36224,"Redundant screenshots, temporary logs or simulation frame dump; not a design source"
out/refcheck/microduck-yaw-roll-motion/verify/overlay_top.png,38222,"Redundant screenshots, temporary logs or simulation frame dump; not a design source"
out/refcheck/microduck-yaw-roll-motion/verify/ref_iso.png,28480,"Redundant screenshots, temporary logs or simulation frame dump; not a design source"
out/refcheck/microduck-yaw2roll/verify/ours.stl.build.log,0,"Redundant screenshots, temporary logs or simulation frame dump; not a design source"
out/refcheck/microduck-yaw2roll/verify/ours_iso.png,38911,"Redundant screenshots, temporary logs or simulation frame dump; not a design source"
out/refcheck/microduck-yaw2roll/verify/overlay_front.png,46681,"Redundant screenshots, temporary logs or simulation frame dump; not a design source"
out/refcheck/microduck-yaw2roll/verify/overlay_iso.png,179394,"Redundant screenshots, temporary logs or simulation frame dump; not a design source"
out/refcheck/microduck-yaw2roll/verify/overlay_left.png,49883,"Redundant screenshots, temporary logs or simulation frame dump; not a design source"
out/refcheck/microduck-yaw2roll/verify/overlay_top.png,78031,"Redundant screenshots, temporary logs or simulation frame dump; not a design source"
out/refcheck/microduck-yaw2roll/verify/ref_iso.png,45919,"Redundant screenshots, temporary logs or simulation frame dump; not a design source"
out/refcheck/np-f550/r1/ours.stl.build.log,105,"Redundant screenshots, temporary logs or simulation frame dump; not a design source"
out/refcheck/np-f550/r1/ours_iso.png,11930,"Redundant screenshots, temporary logs or simulation frame dump; not a design source"
out/refcheck/np-f550/r1/overlay_front.png,21711,"Redundant screenshots, temporary logs or simulation frame dump; not a design source"
out/refcheck/np-f550/r1/overlay_iso.png,61268,"Redundant screenshots, temporary logs or simulation frame dump; not a design source"
out/refcheck/np-f550/r1/overlay_left.png,24124,"Redundant screenshots, temporary logs or simulation frame dump; not a design source"
out/refcheck/np-f550/r1/overlay_top.png,29743,"Redundant screenshots, temporary logs or simulation frame dump; not a design source"
out/refcheck/np-f550/r1/ref_iso.png,27953,"Redundant screenshots, temporary logs or simulation frame dump; not a design source"
out/refcheck/np-f550/r2/ours.stl.build.log,0,"Redundant screenshots, temporary logs or simulation frame dump; not a design source"
out/refcheck/np-f550/r2/ours_iso.png,12575,"Redundant screenshots, temporary logs or simulation frame dump; not a design source"
out/refcheck/np-f550/r2/overlay_front.png,21809,"Redundant screenshots, temporary logs or simulation frame dump; not a design source"
out/refcheck/np-f550/r2/overlay_iso.png,62136,"Redundant screenshots, temporary logs or simulation frame dump; not a design source"
out/refcheck/np-f550/r2/overlay_left.png,25312,"Redundant screenshots, temporary logs or simulation frame dump; not a design source"
out/refcheck/np-f550/r2/overlay_top.png,30332,"Redundant screenshots, temporary logs or simulation frame dump; not a design source"
out/refcheck/np-f550/r2/ref_iso.png,27953,"Redundant screenshots, temporary logs or simulation frame dump; not a design source"
out/refcheck/np-f550/verify/ours.stl.build.log,0,"Redundant screenshots, temporary logs or simulation frame dump; not a design source"
out/refcheck/np-f550/verify/ours_iso.png,12575,"Redundant screenshots, temporary logs or simulation frame dump; not a design source"
out/refcheck/np-f550/verify/overlay_front.png,21809,"Redundant screenshots, temporary logs or simulation frame dump; not a design source"
out/refcheck/np-f550/verify/overlay_iso.png,62136,"Redundant screenshots, temporary logs or simulation frame dump; not a design source"
out/refcheck/np-f550/verify/overlay_left.png,25312,"Redundant screenshots, temporary logs or simulation frame dump; not a design source"
out/refcheck/np-f550/verify/overlay_top.png,30332,"Redundant screenshots, temporary logs or simulation frame dump; not a design source"
out/refcheck/np-f550/verify/ref_iso.png,27953,"Redundant screenshots, temporary logs or simulation frame dump; not a design source"
out/refcheck/np-r1.log,1491,"Redundant screenshots, temporary logs or simulation frame dump; not a design source"
out/refcheck/np_bracket_ev.log,1784,"Redundant screenshots, temporary logs or simulation frame dump; not a design source"
out/refcheck/np_bracket_r1.log,1126,"Redundant screenshots, temporary logs or simulation frame dump; not a design source"
out/refcheck/np_plate_ev.log,1740,"Redundant screenshots, temporary logs or simulation frame dump; not a design source"
out/refcheck/np_plate_r1.log,1098,"Redundant screenshots, temporary logs or simulation frame dump; not a design source"
out/refcheck/np_plate_trust.log,1117,"Redundant screenshots, temporary logs or simulation frame dump; not a design source"
out/refcheck/plate_ev.log,1887,"Redundant screenshots, temporary logs or simulation frame dump; not a design source"
out/refcheck/plate_r1.log,1207,"Redundant screenshots, temporary logs or simulation frame dump; not a design source"
out/refcheck/plate_r2.log,1979,"Redundant screenshots, temporary logs or simulation frame dump; not a design source"
out/refcheck/plate_r3.log,1209,"Redundant screenshots, temporary logs or simulation frame dump; not a design source"
out/refcheck/ps.log,1551,"Redundant screenshots, temporary logs or simulation frame dump; not a design source"
out/refcheck/ps_ev.log,2148,"Redundant screenshots, temporary logs or simulation frame dump; not a design source"
out/refcheck/ps_ev2.log,2151,"Redundant screenshots, temporary logs or simulation frame dump; not a design source"
out/refcheck/ps_r1.log,1488,"Redundant screenshots, temporary logs or simulation frame dump; not a design source"
out/refcheck/ps_r2.log,1489,"Redundant screenshots, temporary logs or simulation frame dump; not a design source"
out/refcheck/radxa-ev.log,2214,"Redundant screenshots, temporary logs or simulation frame dump; not a design source"
out/refcheck/radxa-zero-3w/r1/ours.stl.build.log,105,"Redundant screenshots, temporary logs or simulation frame dump; not a design source"
out/refcheck/radxa-zero-3w/r1/ours_iso.png,22370,"Redundant screenshots, temporary logs or simulation frame dump; not a design source"
out/refcheck/radxa-zero-3w/r1/overlay_front.png,19746,"Redundant screenshots, temporary logs or simulation frame dump; not a design source"
out/refcheck/radxa-zero-3w/r1/overlay_iso.png,111134,"Redundant screenshots, temporary logs or simulation frame dump; not a design source"
out/refcheck/radxa-zero-3w/r1/overlay_left.png,17654,"Redundant screenshots, temporary logs or simulation frame dump; not a design source"
out/refcheck/radxa-zero-3w/r1/overlay_top.png,18174,"Redundant screenshots, temporary logs or simulation frame dump; not a design source"
out/refcheck/radxa-zero-3w/r1/ref_iso.png,32890,"Redundant screenshots, temporary logs or simulation frame dump; not a design source"
out/refcheck/radxa-zero-3w/r2/ours.stl.build.log,104,"Redundant screenshots, temporary logs or simulation frame dump; not a design source"
out/refcheck/radxa-zero-3w/r2/ours_iso.png,30590,"Redundant screenshots, temporary logs or simulation frame dump; not a design source"
out/refcheck/radxa-zero-3w/r2/overlay_front.png,22404,"Redundant screenshots, temporary logs or simulation frame dump; not a design source"
out/refcheck/radxa-zero-3w/r2/overlay_iso.png,144725,"Redundant screenshots, temporary logs or simulation frame dump; not a design source"
out/refcheck/radxa-zero-3w/r2/overlay_left.png,18204,"Redundant screenshots, temporary logs or simulation frame dump; not a design source"
out/refcheck/radxa-zero-3w/r2/overlay_top.png,17593,"Redundant screenshots, temporary logs or simulation frame dump; not a design source"
out/refcheck/radxa-zero-3w/r2/ref_iso.png,32890,"Redundant screenshots, temporary logs or simulation frame dump; not a design source"
out/refcheck/radxa-zero-3w/verify/ours.stl.build.log,0,"Redundant screenshots, temporary logs or simulation frame dump; not a design source"
out/refcheck/radxa-zero-3w/verify/ours_iso.png,30590,"Redundant screenshots, temporary logs or simulation frame dump; not a design source"
out/refcheck/radxa-zero-3w/verify/overlay_front.png,22404,"Redundant screenshots, temporary logs or simulation frame dump; not a design source"
out/refcheck/radxa-zero-3w/verify/overlay_iso.png,144725,"Redundant screenshots, temporary logs or simulation frame dump; not a design source"
out/refcheck/radxa-zero-3w/verify/overlay_left.png,18204,"Redundant screenshots, temporary logs or simulation frame dump; not a design source"
out/refcheck/radxa-zero-3w/verify/overlay_top.png,17593,"Redundant screenshots, temporary logs or simulation frame dump; not a design source"
out/refcheck/radxa-zero-3w/verify/ref_iso.png,32890,"Redundant screenshots, temporary logs or simulation frame dump; not a design source"
out/refcheck/radxa-zero-3w-r1.log,3093,"Redundant screenshots, temporary logs or simulation frame dump; not a design source"
out/refcheck/radxa-zero-3w-r2.log,1106,"Redundant screenshots, temporary logs or simulation frame dump; not a design source"
out/refcheck/speaker-ev.log,1736,"Redundant screenshots, temporary logs or simulation frame dump; not a design source"
out/refcheck/speaker-r1.log,1093,"Redundant screenshots, temporary logs or simulation frame dump; not a design source"
out/refcheck/tb.log,1167,"Redundant screenshots, temporary logs or simulation frame dump; not a design source"
out/refcheck/tb_ev.log,1754,"Redundant screenshots, temporary logs or simulation frame dump; not a design source"
out/refcheck/tb_r1.log,1105,"Redundant screenshots, temporary logs or simulation frame dump; not a design source"
out/refcheck/ul_evidence.log,1790,"Redundant screenshots, temporary logs or simulation frame dump; not a design source"
out/refcheck/ul_r1.log,1130,"Redundant screenshots, temporary logs or simulation frame dump; not a design source"
out/refcheck/ur_evidence.log,1795,"Redundant screenshots, temporary logs or simulation frame dump; not a design source"
out/refcheck/ur_r1.log,1133,"Redundant screenshots, temporary logs or simulation frame dump; not a design source"
out/refcheck/xl330-m288-t/r1/ours.stl.build.log,105,"Redundant screenshots, temporary logs or simulation frame dump; not a design source"
out/refcheck/xl330-m288-t/r1/ours_iso.png,54545,"Redundant screenshots, temporary logs or simulation frame dump; not a design source"
out/refcheck/xl330-m288-t/r1/overlay_front.png,20100,"Redundant screenshots, temporary logs or simulation frame dump; not a design source"
out/refcheck/xl330-m288-t/r1/overlay_iso.png,238943,"Redundant screenshots, temporary logs or simulation frame dump; not a design source"
out/refcheck/xl330-m288-t/r1/overlay_left.png,31760,"Redundant screenshots, temporary logs or simulation frame dump; not a design source"
out/refcheck/xl330-m288-t/r1/overlay_top.png,33799,"Redundant screenshots, temporary logs or simulation frame dump; not a design source"
out/refcheck/xl330-m288-t/r1/ref_iso.png,53575,"Redundant screenshots, temporary logs or simulation frame dump; not a design source"
out/refcheck/xl330-m288-t/verify/ours.stl.build.log,0,"Redundant screenshots, temporary logs or simulation frame dump; not a design source"
out/refcheck/xl330-m288-t/verify/ours_iso.png,54545,"Redundant screenshots, temporary logs or simulation frame dump; not a design source"
out/refcheck/xl330-m288-t/verify/overlay_front.png,20100,"Redundant screenshots, temporary logs or simulation frame dump; not a design source"
out/refcheck/xl330-m288-t/verify/overlay_iso.png,238943,"Redundant screenshots, temporary logs or simulation frame dump; not a design source"
out/refcheck/xl330-m288-t/verify/overlay_left.png,31760,"Redundant screenshots, temporary logs or simulation frame dump; not a design source"
out/refcheck/xl330-m288-t/verify/overlay_top.png,33799,"Redundant screenshots, temporary logs or simulation frame dump; not a design source"
out/refcheck/xl330-m288-t/verify/ref_iso.png,53575,"Redundant screenshots, temporary logs or simulation frame dump; not a design source"
out/refcheck/xl330-m288-t-ev.log,1722,"Redundant screenshots, temporary logs or simulation frame dump; not a design source"
out/refcheck/xl330-m288-t-r1.log,1085,"Redundant screenshots, temporary logs or simulation frame dump; not a design source"
out/refcheck/xl330-trust.log,1679,"Redundant screenshots, temporary logs or simulation frame dump; not a design source"
out/refcheck/yaw2roll/r1/ours.stl.build.log,0,"Redundant screenshots, temporary logs or simulation frame dump; not a design source"
out/refcheck/yaw2roll/r1/ours_iso.png,27927,"Redundant screenshots, temporary logs or simulation frame dump; not a design source"
out/refcheck/yaw2roll/r1/overlay_front.png,39457,"Redundant screenshots, temporary logs or simulation frame dump; not a design source"
out/refcheck/yaw2roll/r1/overlay_iso.png,165135,"Redundant screenshots, temporary logs or simulation frame dump; not a design source"
out/refcheck/yaw2roll/r1/overlay_left.png,41401,"Redundant screenshots, temporary logs or simulation frame dump; not a design source"
out/refcheck/yaw2roll/r1/overlay_top.png,47087,"Redundant screenshots, temporary logs or simulation frame dump; not a design source"
out/refcheck/yaw2roll/r1/ref_iso.png,27892,"Redundant screenshots, temporary logs or simulation frame dump; not a design source"
out/refcheck/yaw2roll/r2/ours.stl.build.log,0,"Redundant screenshots, temporary logs or simulation frame dump; not a design source"
out/refcheck/yaw2roll/r2/ours_iso.png,28111,"Redundant screenshots, temporary logs or simulation frame dump; not a design source"
out/refcheck/yaw2roll/r2/overlay_front.png,40032,"Redundant screenshots, temporary logs or simulation frame dump; not a design source"
out/refcheck/yaw2roll/r2/overlay_iso.png,155670,"Redundant screenshots, temporary logs or simulation frame dump; not a design source"
out/refcheck/yaw2roll/r2/overlay_left.png,40488,"Redundant screenshots, temporary logs or simulation frame dump; not a design source"
out/refcheck/yaw2roll/r2/overlay_top.png,45347,"Redundant screenshots, temporary logs or simulation frame dump; not a design source"
out/refcheck/yaw2roll/r2/ref_iso.png,27892,"Redundant screenshots, temporary logs or simulation frame dump; not a design source"
out/refcheck/yaw2roll-evidence.log,1743,"Redundant screenshots, temporary logs or simulation frame dump; not a design source"
out/refcheck/yaw2roll-r1.log,1089,"Redundant screenshots, temporary logs or simulation frame dump; not a design source"
out/refcheck/yaw2roll-r2.log,1090,"Redundant screenshots, temporary logs or simulation frame dump; not a design source"
out/refcheck/yrm_ev.log,2448,"Redundant screenshots, temporary logs or simulation frame dump; not a design source"
out/refcheck/yrm_r1.log,1788,"Redundant screenshots, temporary logs or simulation frame dump; not a design source"
out/render/assembly-now-pbr.log,860,"Redundant screenshots, temporary logs or simulation frame dump; not a design source"
out/render/assembly-now.log,805,"Redundant screenshots, temporary logs or simulation frame dump; not a design source"
out/render/duck-now.log,942,"Redundant screenshots, temporary logs or simulation frame dump; not a design source"
out/render/shin-triad.log,707,"Redundant screenshots, temporary logs or simulation frame dump; not a design source"
out/sim-evidence/f2-preview-01.png,356481,"Redundant screenshots, temporary logs or simulation frame dump; not a design source"
out/sim-evidence/f2-preview-02.png,256807,"Redundant screenshots, temporary logs or simulation frame dump; not a design source"
out/sim-evidence/f2-preview-03.png,303721,"Redundant screenshots, temporary logs or simulation frame dump; not a design source"
out/sim-evidence/f2-preview-04.png,346156,"Redundant screenshots, temporary logs or simulation frame dump; not a design source"
out/sim-evidence/f2-preview-05.png,321196,"Redundant screenshots, temporary logs or simulation frame dump; not a design source"
out/sim-evidence/f2-preview-06.png,345786,"Redundant screenshots, temporary logs or simulation frame dump; not a design source"
out/sim-evidence/f2-preview-07.png,350434,"Redundant screenshots, temporary logs or simulation frame dump; not a design source"
out/sim-evidence/f2-preview-08.png,369542,"Redundant screenshots, temporary logs or simulation frame dump; not a design source"
out/sim-evidence/f2-preview-09.png,361390,"Redundant screenshots, temporary logs or simulation frame dump; not a design source"
out/sim-evidence/f2-preview-10.png,381632,"Redundant screenshots, temporary logs or simulation frame dump; not a design source"
out/sim-evidence/f2-preview-11.png,260731,"Redundant screenshots, temporary logs or simulation frame dump; not a design source"
out/sim-evidence/f2-preview.png,3340074,"Redundant screenshots, temporary logs or simulation frame dump; not a design source"
out/sim-evidence/f3-preview.png,2989808,"Redundant screenshots, temporary logs or simulation frame dump; not a design source"
out/sim-evidence/fea/materials_ankle_drop/microduck-ankle-left_drop_nu0p3.12d,0,"Redundant screenshots, temporary logs or simulation frame dump; not a design source"
out/sim-evidence/fea/materials_ankle_drop/microduck-ankle-left_drop_nu0p3.cvg,274,"Redundant screenshots, temporary logs or simulation frame dump; not a design source"
out/sim-evidence/fea/materials_ankle_drop/microduck-ankle-left_drop_nu0p3.dat,0,"Redundant screenshots, temporary logs or simulation frame dump; not a design source"
out/sim-evidence/fea/materials_ankle_drop/microduck-ankle-left_drop_nu0p3.frd,10505548,"Redundant screenshots, temporary logs or simulation frame dump; not a design source"
out/sim-evidence/fea/materials_ankle_drop/microduck-ankle-left_drop_nu0p3.inp,3039843,"Redundant screenshots, temporary logs or simulation frame dump; not a design source"
out/sim-evidence/fea/materials_ankle_drop/microduck-ankle-left_drop_nu0p3.sta,170,"Redundant screenshots, temporary logs or simulation frame dump; not a design source"
out/sim-evidence/fea/materials_ankle_drop/microduck-ankle-left_drop_nu0p33.12d,0,"Redundant screenshots, temporary logs or simulation frame dump; not a design source"
out/sim-evidence/fea/materials_ankle_drop/microduck-ankle-left_drop_nu0p33.cvg,274,"Redundant screenshots, temporary logs or simulation frame dump; not a design source"
out/sim-evidence/fea/materials_ankle_drop/microduck-ankle-left_drop_nu0p33.dat,0,"Redundant screenshots, temporary logs or simulation frame dump; not a design source"
out/sim-evidence/fea/materials_ankle_drop/microduck-ankle-left_drop_nu0p33.frd,10505548,"Redundant screenshots, temporary logs or simulation frame dump; not a design source"
out/sim-evidence/fea/materials_ankle_drop/microduck-ankle-left_drop_nu0p33.inp,3039844,"Redundant screenshots, temporary logs or simulation frame dump; not a design source"
out/sim-evidence/fea/materials_ankle_drop/microduck-ankle-left_drop_nu0p33.sta,170,"Redundant screenshots, temporary logs or simulation frame dump; not a design source"
out/sim-evidence/fea/materials_ankle_drop/microduck-ankle-left_drop_nu0p35.12d,0,"Redundant screenshots, temporary logs or simulation frame dump; not a design source"
out/sim-evidence/fea/materials_ankle_drop/microduck-ankle-left_drop_nu0p35.cvg,274,"Redundant screenshots, temporary logs or simulation frame dump; not a design source"
out/sim-evidence/fea/materials_ankle_drop/microduck-ankle-left_drop_nu0p35.dat,0,"Redundant screenshots, temporary logs or simulation frame dump; not a design source"
out/sim-evidence/fea/materials_ankle_drop/microduck-ankle-left_drop_nu0p35.frd,10505548,"Redundant screenshots, temporary logs or simulation frame dump; not a design source"
out/sim-evidence/fea/materials_ankle_drop/microduck-ankle-left_drop_nu0p35.inp,3039844,"Redundant screenshots, temporary logs or simulation frame dump; not a design source"
out/sim-evidence/fea/materials_ankle_drop/microduck-ankle-left_drop_nu0p35.sta,170,"Redundant screenshots, temporary logs or simulation frame dump; not a design source"
out/sim-evidence/fea/materials_ankle_drop/microduck-ankle-left_drop_nu0p36.12d,0,"Redundant screenshots, temporary logs or simulation frame dump; not a design source"
out/sim-evidence/fea/materials_ankle_drop/microduck-ankle-left_drop_nu0p36.cvg,274,"Redundant screenshots, temporary logs or simulation frame dump; not a design source"
out/sim-evidence/fea/materials_ankle_drop/microduck-ankle-left_drop_nu0p36.dat,0,"Redundant screenshots, temporary logs or simulation frame dump; not a design source"
out/sim-evidence/fea/materials_ankle_drop/microduck-ankle-left_drop_nu0p36.frd,10505548,"Redundant screenshots, temporary logs or simulation frame dump; not a design source"
out/sim-evidence/fea/materials_ankle_drop/microduck-ankle-left_drop_nu0p36.inp,3039844,"Redundant screenshots, temporary logs or simulation frame dump; not a design source"
out/sim-evidence/fea/materials_ankle_drop/microduck-ankle-left_drop_nu0p36.sta,170,"Redundant screenshots, temporary logs or simulation frame dump; not a design source"
out/sim-evidence/fea/materials_ankle_drop/microduck-ankle-left_drop_nu0p38.12d,0,"Redundant screenshots, temporary logs or simulation frame dump; not a design source"
out/sim-evidence/fea/materials_ankle_drop/microduck-ankle-left_drop_nu0p38.cvg,274,"Redundant screenshots, temporary logs or simulation frame dump; not a design source"
out/sim-evidence/fea/materials_ankle_drop/microduck-ankle-left_drop_nu0p38.dat,0,"Redundant screenshots, temporary logs or simulation frame dump; not a design source"
out/sim-evidence/fea/materials_ankle_drop/microduck-ankle-left_drop_nu0p38.frd,10505548,"Redundant screenshots, temporary logs or simulation frame dump; not a design source"
out/sim-evidence/fea/materials_ankle_drop/microduck-ankle-left_drop_nu0p38.inp,3039844,"Redundant screenshots, temporary logs or simulation frame dump; not a design source"
out/sim-evidence/fea/materials_ankle_drop/microduck-ankle-left_drop_nu0p38.sta,170,"Redundant screenshots, temporary logs or simulation frame dump; not a design source"
out/sim-evidence/fea/materials_ankle_drop/microduck-ankle-left_drop_nu0p39.12d,0,"Redundant screenshots, temporary logs or simulation frame dump; not a design source"
out/sim-evidence/fea/materials_ankle_drop/microduck-ankle-left_drop_nu0p39.cvg,274,"Redundant screenshots, temporary logs or simulation frame dump; not a design source"
out/sim-evidence/fea/materials_ankle_drop/microduck-ankle-left_drop_nu0p39.dat,0,"Redundant screenshots, temporary logs or simulation frame dump; not a design source"
out/sim-evidence/fea/materials_ankle_drop/microduck-ankle-left_drop_nu0p39.frd,10505548,"Redundant screenshots, temporary logs or simulation frame dump; not a design source"
out/sim-evidence/fea/materials_ankle_drop/microduck-ankle-left_drop_nu0p39.inp,3039844,"Redundant screenshots, temporary logs or simulation frame dump; not a design source"
out/sim-evidence/fea/materials_ankle_drop/microduck-ankle-left_drop_nu0p39.sta,170,"Redundant screenshots, temporary logs or simulation frame dump; not a design source"
out/sim-evidence/fea/materials_ankle_drop/microduck-ankle-left_drop_nu0p4.12d,0,"Redundant screenshots, temporary logs or simulation frame dump; not a design source"
out/sim-evidence/fea/materials_ankle_drop/microduck-ankle-left_drop_nu0p4.cvg,274,"Redundant screenshots, temporary logs or simulation frame dump; not a design source"
out/sim-evidence/fea/materials_ankle_drop/microduck-ankle-left_drop_nu0p4.dat,0,"Redundant screenshots, temporary logs or simulation frame dump; not a design source"
out/sim-evidence/fea/materials_ankle_drop/microduck-ankle-left_drop_nu0p4.frd,10505548,"Redundant screenshots, temporary logs or simulation frame dump; not a design source"
out/sim-evidence/fea/materials_ankle_drop/microduck-ankle-left_drop_nu0p4.inp,3039843,"Redundant screenshots, temporary logs or simulation frame dump; not a design source"
out/sim-evidence/fea/materials_ankle_drop/microduck-ankle-left_drop_nu0p4.sta,170,"Redundant screenshots, temporary logs or simulation frame dump; not a design source"
out/sim-evidence/fea/materials_ankle_drop/microduck-ankle-left_mesh.inp,3956357,"Redundant screenshots, temporary logs or simulation frame dump; not a design source"
out/sim-evidence/fea/materials_ankle_drop/spooles.out,0,"Redundant screenshots, temporary logs or simulation frame dump; not a design source"
out/sim-evidence/fea/microduck-ankle-left_drop/microduck-ankle-left_drop.12d,0,"Redundant screenshots, temporary logs or simulation frame dump; not a design source"
out/sim-evidence/fea/microduck-ankle-left_drop/microduck-ankle-left_drop.cvg,274,"Redundant screenshots, temporary logs or simulation frame dump; not a design source"
out/sim-evidence/fea/microduck-ankle-left_drop/microduck-ankle-left_drop.dat,0,"Redundant screenshots, temporary logs or simulation frame dump; not a design source"
out/sim-evidence/fea/microduck-ankle-left_drop/microduck-ankle-left_drop.frd,10505548,"Redundant screenshots, temporary logs or simulation frame dump; not a design source"
out/sim-evidence/fea/microduck-ankle-left_drop/microduck-ankle-left_drop.inp,3039842,"Redundant screenshots, temporary logs or simulation frame dump; not a design source"
out/sim-evidence/fea/microduck-ankle-left_drop/microduck-ankle-left_drop.sta,170,"Redundant screenshots, temporary logs or simulation frame dump; not a design source"
out/sim-evidence/fea/microduck-ankle-left_drop/microduck-ankle-left_mesh.inp,3956362,"Redundant screenshots, temporary logs or simulation frame dump; not a design source"
out/sim-evidence/fea/microduck-ankle-left_drop/spooles.out,0,"Redundant screenshots, temporary logs or simulation frame dump; not a design source"
out/sim-evidence/fea/microduck-ankle-left_drop.png,201108,"Redundant screenshots, temporary logs or simulation frame dump; not a design source"
out/sim-evidence/fea/microduck-ankle-left_drop_h0.7/microduck-ankle-left_drop.12d,0,"Redundant screenshots, temporary logs or simulation frame dump; not a design source"
out/sim-evidence/fea/microduck-ankle-left_drop_h0.7/microduck-ankle-left_drop.cvg,0,"Redundant screenshots, temporary logs or simulation frame dump; not a design source"
out/sim-evidence/fea/microduck-ankle-left_drop_h0.7/microduck-ankle-left_drop.dat,0,"Redundant screenshots, temporary logs or simulation frame dump; not a design source"
out/sim-evidence/fea/microduck-ankle-left_drop_h0.7/microduck-ankle-left_drop.frd,7,"Redundant screenshots, temporary logs or simulation frame dump; not a design source"
out/sim-evidence/fea/microduck-ankle-left_drop_h0.7/microduck-ankle-left_drop.inp,18543961,"Redundant screenshots, temporary logs or simulation frame dump; not a design source"
out/sim-evidence/fea/microduck-ankle-left_drop_h0.7/microduck-ankle-left_drop.sta,0,"Redundant screenshots, temporary logs or simulation frame dump; not a design source"
out/sim-evidence/fea/microduck-ankle-left_drop_h0.7/microduck-ankle-left_mesh.inp,22665146,"Redundant screenshots, temporary logs or simulation frame dump; not a design source"
out/sim-evidence/fea/microduck-ankle-left_drop_h0.7/spooles.out,0,"Redundant screenshots, temporary logs or simulation frame dump; not a design source"
out/sim-evidence/fea/microduck-ankle-left_drop_h1.0/microduck-ankle-left_drop.12d,0,"Redundant screenshots, temporary logs or simulation frame dump; not a design source"
out/sim-evidence/fea/microduck-ankle-left_drop_h1.0/microduck-ankle-left_drop.cvg,274,"Redundant screenshots, temporary logs or simulation frame dump; not a design source"
out/sim-evidence/fea/microduck-ankle-left_drop_h1.0/microduck-ankle-left_drop.dat,0,"Redundant screenshots, temporary logs or simulation frame dump; not a design source"
out/sim-evidence/fea/microduck-ankle-left_drop_h1.0/microduck-ankle-left_drop.frd,24040513,"Redundant screenshots, temporary logs or simulation frame dump; not a design source"
out/sim-evidence/fea/microduck-ankle-left_drop_h1.0/microduck-ankle-left_drop.inp,7185138,"Redundant screenshots, temporary logs or simulation frame dump; not a design source"
out/sim-evidence/fea/microduck-ankle-left_drop_h1.0/microduck-ankle-left_drop.sta,170,"Redundant screenshots, temporary logs or simulation frame dump; not a design source"
out/sim-evidence/fea/microduck-ankle-left_drop_h1.0/microduck-ankle-left_mesh.inp,9079190,"Redundant screenshots, temporary logs or simulation frame dump; not a design source"
out/sim-evidence/fea/microduck-ankle-left_drop_h1.0/spooles.out,0,"Redundant screenshots, temporary logs or simulation frame dump; not a design source"
out/sim-evidence/fea/microduck-ankle-left_drop_h1.0.png,206375,"Redundant screenshots, temporary logs or simulation frame dump; not a design source"
out/sim-evidence/fea/microduck-ankle-left_drop_h1.5/microduck-ankle-left_drop.12d,0,"Redundant screenshots, temporary logs or simulation frame dump; not a design source"
out/sim-evidence/fea/microduck-ankle-left_drop_h1.5/microduck-ankle-left_drop.cvg,274,"Redundant screenshots, temporary logs or simulation frame dump; not a design source"
out/sim-evidence/fea/microduck-ankle-left_drop_h1.5/microduck-ankle-left_drop.dat,0,"Redundant screenshots, temporary logs or simulation frame dump; not a design source"
out/sim-evidence/fea/microduck-ankle-left_drop_h1.5/microduck-ankle-left_drop.frd,10505548,"Redundant screenshots, temporary logs or simulation frame dump; not a design source"
out/sim-evidence/fea/microduck-ankle-left_drop_h1.5/microduck-ankle-left_drop.inp,3039842,"Redundant screenshots, temporary logs or simulation frame dump; not a design source"
out/sim-evidence/fea/microduck-ankle-left_drop_h1.5/microduck-ankle-left_drop.sta,170,"Redundant screenshots, temporary logs or simulation frame dump; not a design source"
out/sim-evidence/fea/microduck-ankle-left_drop_h1.5/microduck-ankle-left_mesh.inp,3956367,"Redundant screenshots, temporary logs or simulation frame dump; not a design source"
out/sim-evidence/fea/microduck-ankle-left_drop_h1.5/spooles.out,0,"Redundant screenshots, temporary logs or simulation frame dump; not a design source"
out/sim-evidence/fea/microduck-ankle-left_drop_h1.5.png,201108,"Redundant screenshots, temporary logs or simulation frame dump; not a design source"
out/sim-evidence/fea/microduck-ankle-left_drop_hauto/microduck-ankle-left_drop.12d,0,"Redundant screenshots, temporary logs or simulation frame dump; not a design source"
out/sim-evidence/fea/microduck-ankle-left_drop_hauto/microduck-ankle-left_drop.cvg,274,"Redundant screenshots, temporary logs or simulation frame dump; not a design source"
out/sim-evidence/fea/microduck-ankle-left_drop_hauto/microduck-ankle-left_drop.dat,0,"Redundant screenshots, temporary logs or simulation frame dump; not a design source"
out/sim-evidence/fea/microduck-ankle-left_drop_hauto/microduck-ankle-left_drop.frd,10505548,"Redundant screenshots, temporary logs or simulation frame dump; not a design source"
out/sim-evidence/fea/microduck-ankle-left_drop_hauto/microduck-ankle-left_drop.inp,3039842,"Redundant screenshots, temporary logs or simulation frame dump; not a design source"
out/sim-evidence/fea/microduck-ankle-left_drop_hauto/microduck-ankle-left_drop.sta,170,"Redundant screenshots, temporary logs or simulation frame dump; not a design source"
out/sim-evidence/fea/microduck-ankle-left_drop_hauto/microduck-ankle-left_mesh.inp,3956368,"Redundant screenshots, temporary logs or simulation frame dump; not a design source"
out/sim-evidence/fea/microduck-ankle-left_drop_hauto/spooles.out,0,"Redundant screenshots, temporary logs or simulation frame dump; not a design source"
out/sim-evidence/fea/microduck-ankle-left_drop_hauto.png,201108,"Redundant screenshots, temporary logs or simulation frame dump; not a design source"
out/sim-evidence/fea/microduck-ankle-left_walk/microduck-ankle-left_mesh.inp,3956362,"Redundant screenshots, temporary logs or simulation frame dump; not a design source"
out/sim-evidence/fea/microduck-ankle-left_walk/microduck-ankle-left_walk.12d,0,"Redundant screenshots, temporary logs or simulation frame dump; not a design source"
out/sim-evidence/fea/microduck-ankle-left_walk/microduck-ankle-left_walk.cvg,274,"Redundant screenshots, temporary logs or simulation frame dump; not a design source"
out/sim-evidence/fea/microduck-ankle-left_walk/microduck-ankle-left_walk.dat,0,"Redundant screenshots, temporary logs or simulation frame dump; not a design source"
out/sim-evidence/fea/microduck-ankle-left_walk/microduck-ankle-left_walk.frd,10505548,"Redundant screenshots, temporary logs or simulation frame dump; not a design source"
out/sim-evidence/fea/microduck-ankle-left_walk/microduck-ankle-left_walk.inp,3041594,"Redundant screenshots, temporary logs or simulation frame dump; not a design source"
out/sim-evidence/fea/microduck-ankle-left_walk/microduck-ankle-left_walk.sta,170,"Redundant screenshots, temporary logs or simulation frame dump; not a design source"
out/sim-evidence/fea/microduck-ankle-left_walk/spooles.out,0,"Redundant screenshots, temporary logs or simulation frame dump; not a design source"
out/sim-evidence/fea/microduck-ankle-left_walk.png,200280,"Redundant screenshots, temporary logs or simulation frame dump; not a design source"
out/sim-evidence/fea/microduck-foot-left_drop/microduck-foot-left_drop.12d,0,"Redundant screenshots, temporary logs or simulation frame dump; not a design source"
out/sim-evidence/fea/microduck-foot-left_drop/microduck-foot-left_drop.cvg,274,"Redundant screenshots, temporary logs or simulation frame dump; not a design source"
out/sim-evidence/fea/microduck-foot-left_drop/microduck-foot-left_drop.dat,0,"Redundant screenshots, temporary logs or simulation frame dump; not a design source"
out/sim-evidence/fea/microduck-foot-left_drop/microduck-foot-left_drop.frd,25815932,"Redundant screenshots, temporary logs or simulation frame dump; not a design source"
out/sim-evidence/fea/microduck-foot-left_drop/microduck-foot-left_drop.inp,7165999,"Redundant screenshots, temporary logs or simulation frame dump; not a design source"
out/sim-evidence/fea/microduck-foot-left_drop/microduck-foot-left_drop.sta,170,"Redundant screenshots, temporary logs or simulation frame dump; not a design source"
out/sim-evidence/fea/microduck-foot-left_drop/microduck-foot-left_mesh.inp,9842498,"Redundant screenshots, temporary logs or simulation frame dump; not a design source"
out/sim-evidence/fea/microduck-foot-left_drop/spooles.out,0,"Redundant screenshots, temporary logs or simulation frame dump; not a design source"
out/sim-evidence/fea/microduck-foot-left_drop.png,70513,"Redundant screenshots, temporary logs or simulation frame dump; not a design source"
out/sim-evidence/fea/microduck-foot-left_walk/microduck-foot-left_mesh.inp,9842442,"Redundant screenshots, temporary logs or simulation frame dump; not a design source"
out/sim-evidence/fea/microduck-foot-left_walk/microduck-foot-left_walk.12d,0,"Redundant screenshots, temporary logs or simulation frame dump; not a design source"
out/sim-evidence/fea/microduck-foot-left_walk/microduck-foot-left_walk.cvg,274,"Redundant screenshots, temporary logs or simulation frame dump; not a design source"
out/sim-evidence/fea/microduck-foot-left_walk/microduck-foot-left_walk.dat,0,"Redundant screenshots, temporary logs or simulation frame dump; not a design source"
out/sim-evidence/fea/microduck-foot-left_walk/microduck-foot-left_walk.frd,25815932,"Redundant screenshots, temporary logs or simulation frame dump; not a design source"
out/sim-evidence/fea/microduck-foot-left_walk/microduck-foot-left_walk.inp,7166107,"Redundant screenshots, temporary logs or simulation frame dump; not a design source"
out/sim-evidence/fea/microduck-foot-left_walk/microduck-foot-left_walk.sta,170,"Redundant screenshots, temporary logs or simulation frame dump; not a design source"
out/sim-evidence/fea/microduck-foot-left_walk/spooles.out,0,"Redundant screenshots, temporary logs or simulation frame dump; not a design source"
out/sim-evidence/fea/microduck-foot-left_walk.png,73510,"Redundant screenshots, temporary logs or simulation frame dump; not a design source"
out/sim-evidence/fea/microduck-hip-bracket_drop/microduck-hip-bracket_drop.12d,0,"Redundant screenshots, temporary logs or simulation frame dump; not a design source"
out/sim-evidence/fea/microduck-hip-bracket_drop/microduck-hip-bracket_drop.cvg,274,"Redundant screenshots, temporary logs or simulation frame dump; not a design source"
out/sim-evidence/fea/microduck-hip-bracket_drop/microduck-hip-bracket_drop.dat,0,"Redundant screenshots, temporary logs or simulation frame dump; not a design source"
out/sim-evidence/fea/microduck-hip-bracket_drop/microduck-hip-bracket_drop.frd,7054671,"Redundant screenshots, temporary logs or simulation frame dump; not a design source"
out/sim-evidence/fea/microduck-hip-bracket_drop/microduck-hip-bracket_drop.inp,1969992,"Redundant screenshots, temporary logs or simulation frame dump; not a design source"
out/sim-evidence/fea/microduck-hip-bracket_drop/microduck-hip-bracket_drop.sta,170,"Redundant screenshots, temporary logs or simulation frame dump; not a design source"
out/sim-evidence/fea/microduck-hip-bracket_drop/microduck-hip-bracket_mesh.inp,2646075,"Redundant screenshots, temporary logs or simulation frame dump; not a design source"
out/sim-evidence/fea/microduck-hip-bracket_drop/spooles.out,0,"Redundant screenshots, temporary logs or simulation frame dump; not a design source"
out/sim-evidence/fea/microduck-hip-bracket_drop.png,192028,"Redundant screenshots, temporary logs or simulation frame dump; not a design source"
out/sim-evidence/fea/microduck-hip-bracket_walk/microduck-hip-bracket_mesh.inp,2646129,"Redundant screenshots, temporary logs or simulation frame dump; not a design source"
out/sim-evidence/fea/microduck-hip-bracket_walk/microduck-hip-bracket_walk.12d,0,"Redundant screenshots, temporary logs or simulation frame dump; not a design source"
out/sim-evidence/fea/microduck-hip-bracket_walk/microduck-hip-bracket_walk.cvg,274,"Redundant screenshots, temporary logs or simulation frame dump; not a design source"
out/sim-evidence/fea/microduck-hip-bracket_walk/microduck-hip-bracket_walk.dat,0,"Redundant screenshots, temporary logs or simulation frame dump; not a design source"
out/sim-evidence/fea/microduck-hip-bracket_walk/microduck-hip-bracket_walk.frd,7054671,"Redundant screenshots, temporary logs or simulation frame dump; not a design source"
out/sim-evidence/fea/microduck-hip-bracket_walk/microduck-hip-bracket_walk.inp,1970327,"Redundant screenshots, temporary logs or simulation frame dump; not a design source"
out/sim-evidence/fea/microduck-hip-bracket_walk/microduck-hip-bracket_walk.sta,170,"Redundant screenshots, temporary logs or simulation frame dump; not a design source"
out/sim-evidence/fea/microduck-hip-bracket_walk/spooles.out,0,"Redundant screenshots, temporary logs or simulation frame dump; not a design source"
out/sim-evidence/fea/microduck-hip-bracket_walk.png,194130,"Redundant screenshots, temporary logs or simulation frame dump; not a design source"
out/sim-evidence/fea/microduck-motor-support_drop/microduck-motor-support_drop.12d,0,"Redundant screenshots, temporary logs or simulation frame dump; not a design source"
out/sim-evidence/fea/microduck-motor-support_drop/microduck-motor-support_drop.cvg,274,"Redundant screenshots, temporary logs or simulation frame dump; not a design source"
out/sim-evidence/fea/microduck-motor-support_drop/microduck-motor-support_drop.dat,0,"Redundant screenshots, temporary logs or simulation frame dump; not a design source"
out/sim-evidence/fea/microduck-motor-support_drop/microduck-motor-support_drop.frd,16880675,"Redundant screenshots, temporary logs or simulation frame dump; not a design source"
out/sim-evidence/fea/microduck-motor-support_drop/microduck-motor-support_drop.inp,4735758,"Redundant screenshots, temporary logs or simulation frame dump; not a design source"
out/sim-evidence/fea/microduck-motor-support_drop/microduck-motor-support_drop.sta,170,"Redundant screenshots, temporary logs or simulation frame dump; not a design source"
out/sim-evidence/fea/microduck-motor-support_drop/microduck-motor-support_drop_nlgeom.12d,0,"Redundant screenshots, temporary logs or simulation frame dump; not a design source"
out/sim-evidence/fea/microduck-motor-support_drop/microduck-motor-support_drop_nlgeom.cvg,2898,"Redundant screenshots, temporary logs or simulation frame dump; not a design source"
out/sim-evidence/fea/microduck-motor-support_drop/microduck-motor-support_drop_nlgeom.dat,0,"Redundant screenshots, temporary logs or simulation frame dump; not a design source"
out/sim-evidence/fea/microduck-motor-support_drop/microduck-motor-support_drop_nlgeom.frd.gz,38928893,"Redundant screenshots, temporary logs or simulation frame dump; not a design source"
out/sim-evidence/fea/microduck-motor-support_drop/microduck-motor-support_drop_nlgeom.inp,4735795,"Redundant screenshots, temporary logs or simulation frame dump; not a design source"
out/sim-evidence/fea/microduck-motor-support_drop/microduck-motor-support_drop_nlgeom.sta,962,"Redundant screenshots, temporary logs or simulation frame dump; not a design source"
out/sim-evidence/fea/microduck-motor-support_drop/microduck-motor-support_mesh.inp,6332445,"Redundant screenshots, temporary logs or simulation frame dump; not a design source"
out/sim-evidence/fea/microduck-motor-support_drop/spooles.out,0,"Redundant screenshots, temporary logs or simulation frame dump; not a design source"
out/sim-evidence/fea/microduck-motor-support_drop.png,146694,"Redundant screenshots, temporary logs or simulation frame dump; not a design source"
out/sim-evidence/fea/microduck-motor-support_head_drop/microduck-motor-support_head_drop.12d,0,"Redundant screenshots, temporary logs or simulation frame dump; not a design source"
out/sim-evidence/fea/microduck-motor-support_head_drop/microduck-motor-support_head_drop.cvg,274,"Redundant screenshots, temporary logs or simulation frame dump; not a design source"
out/sim-evidence/fea/microduck-motor-support_head_drop/microduck-motor-support_head_drop.dat,0,"Redundant screenshots, temporary logs or simulation frame dump; not a design source"
out/sim-evidence/fea/microduck-motor-support_head_drop/microduck-motor-support_head_drop.frd,16880675,"Redundant screenshots, temporary logs or simulation frame dump; not a design source"
out/sim-evidence/fea/microduck-motor-support_head_drop/microduck-motor-support_head_drop.inp,4740900,"Redundant screenshots, temporary logs or simulation frame dump; not a design source"
out/sim-evidence/fea/microduck-motor-support_head_drop/microduck-motor-support_head_drop.sta,170,"Redundant screenshots, temporary logs or simulation frame dump; not a design source"
out/sim-evidence/fea/microduck-motor-support_head_drop/microduck-motor-support_head_drop_nlgeom.12d,0,"Redundant screenshots, temporary logs or simulation frame dump; not a design source"
out/sim-evidence/fea/microduck-motor-support_head_drop/microduck-motor-support_head_drop_nlgeom.cvg,3308,"Redundant screenshots, temporary logs or simulation frame dump; not a design source"
out/sim-evidence/fea/microduck-motor-support_head_drop/microduck-motor-support_head_drop_nlgeom.dat,0,"Redundant screenshots, temporary logs or simulation frame dump; not a design source"
out/sim-evidence/fea/microduck-motor-support_head_drop/microduck-motor-support_head_drop_nlgeom.frd.gz,38997087,"Redundant screenshots, temporary logs or simulation frame dump; not a design source"
out/sim-evidence/fea/microduck-motor-support_head_drop/microduck-motor-support_head_drop_nlgeom.inp,4740937,"Redundant screenshots, temporary logs or simulation frame dump; not a design source"
out/sim-evidence/fea/microduck-motor-support_head_drop/microduck-motor-support_head_drop_nlgeom.sta,962,"Redundant screenshots, temporary logs or simulation frame dump; not a design source"
out/sim-evidence/fea/microduck-motor-support_head_drop/microduck-motor-support_mesh.inp,6332450,"Redundant screenshots, temporary logs or simulation frame dump; not a design source"
out/sim-evidence/fea/microduck-motor-support_head_drop/spooles.out,0,"Redundant screenshots, temporary logs or simulation frame dump; not a design source"
out/sim-evidence/fea/microduck-motor-support_head_drop.png,155852,"Redundant screenshots, temporary logs or simulation frame dump; not a design source"
out/sim-evidence/fea/microduck-motor-support_walk/microduck-motor-support_mesh.inp,6332445,"Redundant screenshots, temporary logs or simulation frame dump; not a design source"
out/sim-evidence/fea/microduck-motor-support_walk/microduck-motor-support_walk.12d,0,"Redundant screenshots, temporary logs or simulation frame dump; not a design source"
out/sim-evidence/fea/microduck-motor-support_walk/microduck-motor-support_walk.cvg,274,"Redundant screenshots, temporary logs or simulation frame dump; not a design source"
out/sim-evidence/fea/microduck-motor-support_walk/microduck-motor-support_walk.dat,0,"Redundant screenshots, temporary logs or simulation frame dump; not a design source"
out/sim-evidence/fea/microduck-motor-support_walk/microduck-motor-support_walk.frd,16880675,"Redundant screenshots, temporary logs or simulation frame dump; not a design source"
out/sim-evidence/fea/microduck-motor-support_walk/microduck-motor-support_walk.inp,4740993,"Redundant screenshots, temporary logs or simulation frame dump; not a design source"
out/sim-evidence/fea/microduck-motor-support_walk/microduck-motor-support_walk.sta,170,"Redundant screenshots, temporary logs or simulation frame dump; not a design source"
out/sim-evidence/fea/microduck-motor-support_walk/spooles.out,0,"Redundant screenshots, temporary logs or simulation frame dump; not a design source"
out/sim-evidence/fea/microduck-motor-support_walk.png,145947,"Redundant screenshots, temporary logs or simulation frame dump; not a design source"
out/sim-evidence/fea/microduck-neck-pitch-bracket_drop/microduck-neck-pitch-bracket_drop.12d,0,"Redundant screenshots, temporary logs or simulation frame dump; not a design source"
out/sim-evidence/fea/microduck-neck-pitch-bracket_drop/microduck-neck-pitch-bracket_drop.cvg,274,"Redundant screenshots, temporary logs or simulation frame dump; not a design source"
out/sim-evidence/fea/microduck-neck-pitch-bracket_drop/microduck-neck-pitch-bracket_drop.dat,0,"Redundant screenshots, temporary logs or simulation frame dump; not a design source"
out/sim-evidence/fea/microduck-neck-pitch-bracket_drop/microduck-neck-pitch-bracket_drop.frd,6148852,"Redundant screenshots, temporary logs or simulation frame dump; not a design source"
out/sim-evidence/fea/microduck-neck-pitch-bracket_drop/microduck-neck-pitch-bracket_drop.inp,1716095,"Redundant screenshots, temporary logs or simulation frame dump; not a design source"
out/sim-evidence/fea/microduck-neck-pitch-bracket_drop/microduck-neck-pitch-bracket_drop.sta,170,"Redundant screenshots, temporary logs or simulation frame dump; not a design source"
out/sim-evidence/fea/microduck-neck-pitch-bracket_drop/microduck-neck-pitch-bracket_mesh.inp,2269246,"Redundant screenshots, temporary logs or simulation frame dump; not a design source"
out/sim-evidence/fea/microduck-neck-pitch-bracket_drop/spooles.out,0,"Redundant screenshots, temporary logs or simulation frame dump; not a design source"
out/sim-evidence/fea/microduck-neck-pitch-bracket_drop.png,289668,"Redundant screenshots, temporary logs or simulation frame dump; not a design source"
out/sim-evidence/fea/microduck-neck-pitch-bracket_head_drop/microduck-neck-pitch-bracket_head_drop.12d,0,"Redundant screenshots, temporary logs or simulation frame dump; not a design source"
out/sim-evidence/fea/microduck-neck-pitch-bracket_head_drop/microduck-neck-pitch-bracket_head_drop.cvg,274,"Redundant screenshots, temporary logs or simulation frame dump; not a design source"
out/sim-evidence/fea/microduck-neck-pitch-bracket_head_drop/microduck-neck-pitch-bracket_head_drop.dat,0,"Redundant screenshots, temporary logs or simulation frame dump; not a design source"
out/sim-evidence/fea/microduck-neck-pitch-bracket_head_drop/microduck-neck-pitch-bracket_head_drop.frd,6148852,"Redundant screenshots, temporary logs or simulation frame dump; not a design source"
out/sim-evidence/fea/microduck-neck-pitch-bracket_head_drop/microduck-neck-pitch-bracket_head_drop.inp,1716902,"Redundant screenshots, temporary logs or simulation frame dump; not a design source"
out/sim-evidence/fea/microduck-neck-pitch-bracket_head_drop/microduck-neck-pitch-bracket_head_drop.sta,170,"Redundant screenshots, temporary logs or simulation frame dump; not a design source"
out/sim-evidence/fea/microduck-neck-pitch-bracket_head_drop/microduck-neck-pitch-bracket_mesh.inp,2269312,"Redundant screenshots, temporary logs or simulation frame dump; not a design source"
out/sim-evidence/fea/microduck-neck-pitch-bracket_head_drop/spooles.out,0,"Redundant screenshots, temporary logs or simulation frame dump; not a design source"
out/sim-evidence/fea/microduck-neck-pitch-bracket_head_drop.png,282746,"Redundant screenshots, temporary logs or simulation frame dump; not a design source"
out/sim-evidence/fea/microduck-neck-pitch-bracket_walk/microduck-neck-pitch-bracket_mesh.inp,2269229,"Redundant screenshots, temporary logs or simulation frame dump; not a design source"
out/sim-evidence/fea/microduck-neck-pitch-bracket_walk/microduck-neck-pitch-bracket_walk.12d,0,"Redundant screenshots, temporary logs or simulation frame dump; not a design source"
out/sim-evidence/fea/microduck-neck-pitch-bracket_walk/microduck-neck-pitch-bracket_walk.cvg,274,"Redundant screenshots, temporary logs or simulation frame dump; not a design source"
out/sim-evidence/fea/microduck-neck-pitch-bracket_walk/microduck-neck-pitch-bracket_walk.dat,0,"Redundant screenshots, temporary logs or simulation frame dump; not a design source"
out/sim-evidence/fea/microduck-neck-pitch-bracket_walk/microduck-neck-pitch-bracket_walk.frd,6148852,"Redundant screenshots, temporary logs or simulation frame dump; not a design source"
out/sim-evidence/fea/microduck-neck-pitch-bracket_walk/microduck-neck-pitch-bracket_walk.inp,1716503,"Redundant screenshots, temporary logs or simulation frame dump; not a design source"
out/sim-evidence/fea/microduck-neck-pitch-bracket_walk/microduck-neck-pitch-bracket_walk.sta,170,"Redundant screenshots, temporary logs or simulation frame dump; not a design source"
out/sim-evidence/fea/microduck-neck-pitch-bracket_walk/spooles.out,0,"Redundant screenshots, temporary logs or simulation frame dump; not a design source"
out/sim-evidence/fea/microduck-neck-pitch-bracket_walk.png,290123,"Redundant screenshots, temporary logs or simulation frame dump; not a design source"
out/sim-evidence/fea/microduck-neck-plate_drop/microduck-neck-plate_drop.12d,0,"Redundant screenshots, temporary logs or simulation frame dump; not a design source"
out/sim-evidence/fea/microduck-neck-plate_drop/microduck-neck-plate_drop.cvg,274,"Redundant screenshots, temporary logs or simulation frame dump; not a design source"
out/sim-evidence/fea/microduck-neck-plate_drop/microduck-neck-plate_drop.dat,0,"Redundant screenshots, temporary logs or simulation frame dump; not a design source"
out/sim-evidence/fea/microduck-neck-plate_drop/microduck-neck-plate_drop.frd,3137773,"Redundant screenshots, temporary logs or simulation frame dump; not a design source"
out/sim-evidence/fea/microduck-neck-plate_drop/microduck-neck-plate_drop.inp,848211,"Redundant screenshots, temporary logs or simulation frame dump; not a design source"
out/sim-evidence/fea/microduck-neck-plate_drop/microduck-neck-plate_drop.sta,170,"Redundant screenshots, temporary logs or simulation frame dump; not a design source"
out/sim-evidence/fea/microduck-neck-plate_drop/microduck-neck-plate_mesh.inp,1114388,"Redundant screenshots, temporary logs or simulation frame dump; not a design source"
out/sim-evidence/fea/microduck-neck-plate_drop/spooles.out,0,"Redundant screenshots, temporary logs or simulation frame dump; not a design source"
out/sim-evidence/fea/microduck-neck-plate_drop.png,211634,"Redundant screenshots, temporary logs or simulation frame dump; not a design source"
out/sim-evidence/fea/microduck-neck-plate_head_drop/microduck-neck-plate_head_drop.12d,0,"Redundant screenshots, temporary logs or simulation frame dump; not a design source"
out/sim-evidence/fea/microduck-neck-plate_head_drop/microduck-neck-plate_head_drop.cvg,274,"Redundant screenshots, temporary logs or simulation frame dump; not a design source"
out/sim-evidence/fea/microduck-neck-plate_head_drop/microduck-neck-plate_head_drop.dat,0,"Redundant screenshots, temporary logs or simulation frame dump; not a design source"
out/sim-evidence/fea/microduck-neck-plate_head_drop/microduck-neck-plate_head_drop.frd,3137773,"Redundant screenshots, temporary logs or simulation frame dump; not a design source"
out/sim-evidence/fea/microduck-neck-plate_head_drop/microduck-neck-plate_head_drop.inp,849006,"Redundant screenshots, temporary logs or simulation frame dump; not a design source"
out/sim-evidence/fea/microduck-neck-plate_head_drop/microduck-neck-plate_head_drop.sta,170,"Redundant screenshots, temporary logs or simulation frame dump; not a design source"
out/sim-evidence/fea/microduck-neck-plate_head_drop/microduck-neck-plate_mesh.inp,1114394,"Redundant screenshots, temporary logs or simulation frame dump; not a design source"
out/sim-evidence/fea/microduck-neck-plate_head_drop/spooles.out,0,"Redundant screenshots, temporary logs or simulation frame dump; not a design source"
out/sim-evidence/fea/microduck-neck-plate_head_drop.png,208892,"Redundant screenshots, temporary logs or simulation frame dump; not a design source"
out/sim-evidence/fea/microduck-neck-plate_walk/microduck-neck-plate_mesh.inp,1114393,"Redundant screenshots, temporary logs or simulation frame dump; not a design source"
out/sim-evidence/fea/microduck-neck-plate_walk/microduck-neck-plate_walk.12d,0,"Redundant screenshots, temporary logs or simulation frame dump; not a design source"
out/sim-evidence/fea/microduck-neck-plate_walk/microduck-neck-plate_walk.cvg,274,"Redundant screenshots, temporary logs or simulation frame dump; not a design source"
out/sim-evidence/fea/microduck-neck-plate_walk/microduck-neck-plate_walk.dat,0,"Redundant screenshots, temporary logs or simulation frame dump; not a design source"
out/sim-evidence/fea/microduck-neck-plate_walk/microduck-neck-plate_walk.frd,3137773,"Redundant screenshots, temporary logs or simulation frame dump; not a design source"
out/sim-evidence/fea/microduck-neck-plate_walk/microduck-neck-plate_walk.inp,848805,"Redundant screenshots, temporary logs or simulation frame dump; not a design source"
out/sim-evidence/fea/microduck-neck-plate_walk/microduck-neck-plate_walk.sta,170,"Redundant screenshots, temporary logs or simulation frame dump; not a design source"
out/sim-evidence/fea/microduck-neck-plate_walk/spooles.out,0,"Redundant screenshots, temporary logs or simulation frame dump; not a design source"
out/sim-evidence/fea/microduck-neck-plate_walk.png,211833,"Redundant screenshots, temporary logs or simulation frame dump; not a design source"
out/sim-evidence/fea/microduck-power-support_drop/microduck-power-support_drop.12d,0,"Redundant screenshots, temporary logs or simulation frame dump; not a design source"
out/sim-evidence/fea/microduck-power-support_drop/microduck-power-support_drop.cvg,274,"Redundant screenshots, temporary logs or simulation frame dump; not a design source"
out/sim-evidence/fea/microduck-power-support_drop/microduck-power-support_drop.dat,0,"Redundant screenshots, temporary logs or simulation frame dump; not a design source"
out/sim-evidence/fea/microduck-power-support_drop/microduck-power-support_drop.frd,43607168,"Redundant screenshots, temporary logs or simulation frame dump; not a design source"
out/sim-evidence/fea/microduck-power-support_drop/microduck-power-support_drop.inp,12584190,"Redundant screenshots, temporary logs or simulation frame dump; not a design source"
out/sim-evidence/fea/microduck-power-support_drop/microduck-power-support_drop.sta,170,"Redundant screenshots, temporary logs or simulation frame dump; not a design source"
out/sim-evidence/fea/microduck-power-support_drop/microduck-power-support_mesh.inp,16519577,"Redundant screenshots, temporary logs or simulation frame dump; not a design source"
out/sim-evidence/fea/microduck-power-support_drop/spooles.out,0,"Redundant screenshots, temporary logs or simulation frame dump; not a design source"
out/sim-evidence/fea/microduck-power-support_drop.png,107936,"Redundant screenshots, temporary logs or simulation frame dump; not a design source"
out/sim-evidence/fea/microduck-power-support_walk/microduck-power-support_mesh.inp,16519592,"Redundant screenshots, temporary logs or simulation frame dump; not a design source"
out/sim-evidence/fea/microduck-power-support_walk/microduck-power-support_walk.12d,0,"Redundant screenshots, temporary logs or simulation frame dump; not a design source"
out/sim-evidence/fea/microduck-power-support_walk/microduck-power-support_walk.cvg,274,"Redundant screenshots, temporary logs or simulation frame dump; not a design source"
out/sim-evidence/fea/microduck-power-support_walk/microduck-power-support_walk.dat,0,"Redundant screenshots, temporary logs or simulation frame dump; not a design source"
out/sim-evidence/fea/microduck-power-support_walk/microduck-power-support_walk.frd,43607168,"Redundant screenshots, temporary logs or simulation frame dump; not a design source"
out/sim-evidence/fea/microduck-power-support_walk/microduck-power-support_walk.inp,12584377,"Redundant screenshots, temporary logs or simulation frame dump; not a design source"
out/sim-evidence/fea/microduck-power-support_walk/microduck-power-support_walk.sta,170,"Redundant screenshots, temporary logs or simulation frame dump; not a design source"
out/sim-evidence/fea/microduck-power-support_walk/spooles.out,0,"Redundant screenshots, temporary logs or simulation frame dump; not a design source"
out/sim-evidence/fea/microduck-power-support_walk.png,108890,"Redundant screenshots, temporary logs or simulation frame dump; not a design source"
out/sim-evidence/fea/microduck-shin_drop/microduck-shin_drop.12d,0,"Redundant screenshots, temporary logs or simulation frame dump; not a design source"
out/sim-evidence/fea/microduck-shin_drop/microduck-shin_drop.cvg,274,"Redundant screenshots, temporary logs or simulation frame dump; not a design source"
out/sim-evidence/fea/microduck-shin_drop/microduck-shin_drop.dat,0,"Redundant screenshots, temporary logs or simulation frame dump; not a design source"
out/sim-evidence/fea/microduck-shin_drop/microduck-shin_drop.frd,7010232,"Redundant screenshots, temporary logs or simulation frame dump; not a design source"
out/sim-evidence/fea/microduck-shin_drop/microduck-shin_drop.inp,1903177,"Redundant screenshots, temporary logs or simulation frame dump; not a design source"
out/sim-evidence/fea/microduck-shin_drop/microduck-shin_drop.sta,170,"Redundant screenshots, temporary logs or simulation frame dump; not a design source"
out/sim-evidence/fea/microduck-shin_drop/microduck-shin_drop_nlgeom.12d,0,"Redundant screenshots, temporary logs or simulation frame dump; not a design source"
out/sim-evidence/fea/microduck-shin_drop/microduck-shin_drop_nlgeom.cvg,2898,"Redundant screenshots, temporary logs or simulation frame dump; not a design source"
out/sim-evidence/fea/microduck-shin_drop/microduck-shin_drop_nlgeom.dat,0,"Redundant screenshots, temporary logs or simulation frame dump; not a design source"
out/sim-evidence/fea/microduck-shin_drop/microduck-shin_drop_nlgeom.frd,51055211,"Redundant screenshots, temporary logs or simulation frame dump; not a design source"
out/sim-evidence/fea/microduck-shin_drop/microduck-shin_drop_nlgeom.inp,1903214,"Redundant screenshots, temporary logs or simulation frame dump; not a design source"
out/sim-evidence/fea/microduck-shin_drop/microduck-shin_drop_nlgeom.sta,962,"Redundant screenshots, temporary logs or simulation frame dump; not a design source"
out/sim-evidence/fea/microduck-shin_drop/microduck-shin_mesh.inp,2535740,"Redundant screenshots, temporary logs or simulation frame dump; not a design source"
out/sim-evidence/fea/microduck-shin_drop/spooles.out,0,"Redundant screenshots, temporary logs or simulation frame dump; not a design source"
out/sim-evidence/fea/microduck-shin_drop.png,164099,"Redundant screenshots, temporary logs or simulation frame dump; not a design source"
out/sim-evidence/fea/microduck-shin_walk/microduck-shin_mesh.inp,2535740,"Redundant screenshots, temporary logs or simulation frame dump; not a design source"
out/sim-evidence/fea/microduck-shin_walk/microduck-shin_walk.12d,0,"Redundant screenshots, temporary logs or simulation frame dump; not a design source"
out/sim-evidence/fea/microduck-shin_walk/microduck-shin_walk.cvg,274,"Redundant screenshots, temporary logs or simulation frame dump; not a design source"
out/sim-evidence/fea/microduck-shin_walk/microduck-shin_walk.dat,0,"Redundant screenshots, temporary logs or simulation frame dump; not a design source"
out/sim-evidence/fea/microduck-shin_walk/microduck-shin_walk.frd,7010232,"Redundant screenshots, temporary logs or simulation frame dump; not a design source"
out/sim-evidence/fea/microduck-shin_walk/microduck-shin_walk.inp,1903434,"Redundant screenshots, temporary logs or simulation frame dump; not a design source"
out/sim-evidence/fea/microduck-shin_walk/microduck-shin_walk.sta,170,"Redundant screenshots, temporary logs or simulation frame dump; not a design source"
out/sim-evidence/fea/microduck-shin_walk/spooles.out,0,"Redundant screenshots, temporary logs or simulation frame dump; not a design source"
out/sim-evidence/fea/microduck-shin_walk.png,169772,"Redundant screenshots, temporary logs or simulation frame dump; not a design source"
out/sim-evidence/fea/microduck-sole-left_drop/microduck-sole-left_drop.12d,0,"Redundant screenshots, temporary logs or simulation frame dump; not a design source"
out/sim-evidence/fea/microduck-sole-left_drop/microduck-sole-left_drop.cvg,274,"Redundant screenshots, temporary logs or simulation frame dump; not a design source"
out/sim-evidence/fea/microduck-sole-left_drop/microduck-sole-left_drop.dat,0,"Redundant screenshots, temporary logs or simulation frame dump; not a design source"
out/sim-evidence/fea/microduck-sole-left_drop/microduck-sole-left_drop.frd,16458348,"Redundant screenshots, temporary logs or simulation frame dump; not a design source"
out/sim-evidence/fea/microduck-sole-left_drop/microduck-sole-left_drop.inp,4841472,"Redundant screenshots, temporary logs or simulation frame dump; not a design source"
out/sim-evidence/fea/microduck-sole-left_drop/microduck-sole-left_drop.sta,170,"Redundant screenshots, temporary logs or simulation frame dump; not a design source"
out/sim-evidence/fea/microduck-sole-left_drop/microduck-sole-left_mesh.inp,6351639,"Redundant screenshots, temporary logs or simulation frame dump; not a design source"
out/sim-evidence/fea/microduck-sole-left_drop/spooles.out,0,"Redundant screenshots, temporary logs or simulation frame dump; not a design source"
out/sim-evidence/fea/microduck-sole-left_drop.png,132785,"Redundant screenshots, temporary logs or simulation frame dump; not a design source"
out/sim-evidence/fea/microduck-sole-left_walk/microduck-sole-left_mesh.inp,6351677,"Redundant screenshots, temporary logs or simulation frame dump; not a design source"
out/sim-evidence/fea/microduck-sole-left_walk/microduck-sole-left_walk.12d,0,"Redundant screenshots, temporary logs or simulation frame dump; not a design source"
out/sim-evidence/fea/microduck-sole-left_walk/microduck-sole-left_walk.cvg,274,"Redundant screenshots, temporary logs or simulation frame dump; not a design source"
out/sim-evidence/fea/microduck-sole-left_walk/microduck-sole-left_walk.dat,0,"Redundant screenshots, temporary logs or simulation frame dump; not a design source"
out/sim-evidence/fea/microduck-sole-left_walk/microduck-sole-left_walk.frd,16458348,"Redundant screenshots, temporary logs or simulation frame dump; not a design source"
out/sim-evidence/fea/microduck-sole-left_walk/microduck-sole-left_walk.inp,4845180,"Redundant screenshots, temporary logs or simulation frame dump; not a design source"
out/sim-evidence/fea/microduck-sole-left_walk/microduck-sole-left_walk.sta,170,"Redundant screenshots, temporary logs or simulation frame dump; not a design source"
out/sim-evidence/fea/microduck-sole-left_walk/spooles.out,0,"Redundant screenshots, temporary logs or simulation frame dump; not a design source"
out/sim-evidence/fea/microduck-sole-left_walk.png,141850,"Redundant screenshots, temporary logs or simulation frame dump; not a design source"
out/sim-evidence/fea/microduck-trunk-base_drop/microduck-trunk-base_drop.12d,0,"Redundant screenshots, temporary logs or simulation frame dump; not a design source"
out/sim-evidence/fea/microduck-trunk-base_drop/microduck-trunk-base_drop.cvg,274,"Redundant screenshots, temporary logs or simulation frame dump; not a design source"
out/sim-evidence/fea/microduck-trunk-base_drop/microduck-trunk-base_drop.dat,0,"Redundant screenshots, temporary logs or simulation frame dump; not a design source"
out/sim-evidence/fea/microduck-trunk-base_drop/microduck-trunk-base_drop.frd,9373122,"Redundant screenshots, temporary logs or simulation frame dump; not a design source"
out/sim-evidence/fea/microduck-trunk-base_drop/microduck-trunk-base_drop.inp,2495422,"Redundant screenshots, temporary logs or simulation frame dump; not a design source"
out/sim-evidence/fea/microduck-trunk-base_drop/microduck-trunk-base_drop.sta,170,"Redundant screenshots, temporary logs or simulation frame dump; not a design source"
out/sim-evidence/fea/microduck-trunk-base_drop/microduck-trunk-base_drop_nlgeom.12d,0,"Redundant screenshots, temporary logs or simulation frame dump; not a design source"
out/sim-evidence/fea/microduck-trunk-base_drop/microduck-trunk-base_drop_nlgeom.cvg,5522,"Redundant screenshots, temporary logs or simulation frame dump; not a design source"
out/sim-evidence/fea/microduck-trunk-base_drop/microduck-trunk-base_drop_nlgeom.dat,0,"Redundant screenshots, temporary logs or simulation frame dump; not a design source"
out/sim-evidence/fea/microduck-trunk-base_drop/microduck-trunk-base_drop_nlgeom.frd,74974566,"Redundant screenshots, temporary logs or simulation frame dump; not a design source"
out/sim-evidence/fea/microduck-trunk-base_drop/microduck-trunk-base_drop_nlgeom.inp,2495459,"Redundant screenshots, temporary logs or simulation frame dump; not a design source"
out/sim-evidence/fea/microduck-trunk-base_drop/microduck-trunk-base_drop_nlgeom.sta,1034,"Redundant screenshots, temporary logs or simulation frame dump; not a design source"
out/sim-evidence/fea/microduck-trunk-base_drop/microduck-trunk-base_mesh.inp,3386056,"Redundant screenshots, temporary logs or simulation frame dump; not a design source"
out/sim-evidence/fea/microduck-trunk-base_drop/spooles.out,0,"Redundant screenshots, temporary logs or simulation frame dump; not a design source"
out/sim-evidence/fea/microduck-trunk-base_drop.png,130375,"Redundant screenshots, temporary logs or simulation frame dump; not a design source"
out/sim-evidence/fea/microduck-trunk-base_walk/microduck-trunk-base_mesh.inp,3386063,"Redundant screenshots, temporary logs or simulation frame dump; not a design source"
out/sim-evidence/fea/microduck-trunk-base_walk/microduck-trunk-base_walk.12d,0,"Redundant screenshots, temporary logs or simulation frame dump; not a design source"
out/sim-evidence/fea/microduck-trunk-base_walk/microduck-trunk-base_walk.cvg,274,"Redundant screenshots, temporary logs or simulation frame dump; not a design source"
out/sim-evidence/fea/microduck-trunk-base_walk/microduck-trunk-base_walk.dat,0,"Redundant screenshots, temporary logs or simulation frame dump; not a design source"
out/sim-evidence/fea/microduck-trunk-base_walk/microduck-trunk-base_walk.frd,9373122,"Redundant screenshots, temporary logs or simulation frame dump; not a design source"
out/sim-evidence/fea/microduck-trunk-base_walk/microduck-trunk-base_walk.inp,2496682,"Redundant screenshots, temporary logs or simulation frame dump; not a design source"
out/sim-evidence/fea/microduck-trunk-base_walk/microduck-trunk-base_walk.sta,170,"Redundant screenshots, temporary logs or simulation frame dump; not a design source"
out/sim-evidence/fea/microduck-trunk-base_walk/microduck-trunk-base_walk_nlgeom.12d,0,"Redundant screenshots, temporary logs or simulation frame dump; not a design source"
out/sim-evidence/fea/microduck-trunk-base_walk/microduck-trunk-base_walk_nlgeom.cvg,3554,"Redundant screenshots, temporary logs or simulation frame dump; not a design source"
out/sim-evidence/fea/microduck-trunk-base_walk/microduck-trunk-base_walk_nlgeom.dat,0,"Redundant screenshots, temporary logs or simulation frame dump; not a design source"
out/sim-evidence/fea/microduck-trunk-base_walk/microduck-trunk-base_walk_nlgeom.frd,69507779,"Redundant screenshots, temporary logs or simulation frame dump; not a design source"
out/sim-evidence/fea/microduck-trunk-base_walk/microduck-trunk-base_walk_nlgeom.inp,2496719,"Redundant screenshots, temporary logs or simulation frame dump; not a design source"
out/sim-evidence/fea/microduck-trunk-base_walk/microduck-trunk-base_walk_nlgeom.sta,962,"Redundant screenshots, temporary logs or simulation frame dump; not a design source"
out/sim-evidence/fea/microduck-trunk-base_walk/spooles.out,0,"Redundant screenshots, temporary logs or simulation frame dump; not a design source"
out/sim-evidence/fea/microduck-trunk-base_walk.png,129427,"Redundant screenshots, temporary logs or simulation frame dump; not a design source"
out/sim-evidence/fea/microduck-upper-leg-rigidity-plate_drop/microduck-upper-leg-rigidity-plate_drop.12d,0,"Redundant screenshots, temporary logs or simulation frame dump; not a design source"
out/sim-evidence/fea/microduck-upper-leg-rigidity-plate_drop/microduck-upper-leg-rigidity-plate_drop.cvg,274,"Redundant screenshots, temporary logs or simulation frame dump; not a design source"
out/sim-evidence/fea/microduck-upper-leg-rigidity-plate_drop/microduck-upper-leg-rigidity-plate_drop.dat,0,"Redundant screenshots, temporary logs or simulation frame dump; not a design source"
out/sim-evidence/fea/microduck-upper-leg-rigidity-plate_drop/microduck-upper-leg-rigidity-plate_drop.frd,9213179,"Redundant screenshots, temporary logs or simulation frame dump; not a design source"
out/sim-evidence/fea/microduck-upper-leg-rigidity-plate_drop/microduck-upper-leg-rigidity-plate_drop.inp,2458208,"Redundant screenshots, temporary logs or simulation frame dump; not a design source"
out/sim-evidence/fea/microduck-upper-leg-rigidity-plate_drop/microduck-upper-leg-rigidity-plate_drop.sta,170,"Redundant screenshots, temporary logs or simulation frame dump; not a design source"
out/sim-evidence/fea/microduck-upper-leg-rigidity-plate_drop/microduck-upper-leg-rigidity-plate_drop_nlgeom.12d,0,"Redundant screenshots, temporary logs or simulation frame dump; not a design source"
out/sim-evidence/fea/microduck-upper-leg-rigidity-plate_drop/microduck-upper-leg-rigidity-plate_drop_nlgeom.cvg,4128,"Redundant screenshots, temporary logs or simulation frame dump; not a design source"
out/sim-evidence/fea/microduck-upper-leg-rigidity-plate_drop/microduck-upper-leg-rigidity-plate_drop_nlgeom.dat,0,"Redundant screenshots, temporary logs or simulation frame dump; not a design source"
out/sim-evidence/fea/microduck-upper-leg-rigidity-plate_drop/microduck-upper-leg-rigidity-plate_drop_nlgeom.frd,68512078,"Redundant screenshots, temporary logs or simulation frame dump; not a design source"
out/sim-evidence/fea/microduck-upper-leg-rigidity-plate_drop/microduck-upper-leg-rigidity-plate_drop_nlgeom.inp,2458245,"Redundant screenshots, temporary logs or simulation frame dump; not a design source"
out/sim-evidence/fea/microduck-upper-leg-rigidity-plate_drop/microduck-upper-leg-rigidity-plate_drop_nlgeom.sta,962,"Redundant screenshots, temporary logs or simulation frame dump; not a design source"
out/sim-evidence/fea/microduck-upper-leg-rigidity-plate_drop/microduck-upper-leg-rigidity-plate_mesh.inp,3391090,"Redundant screenshots, temporary logs or simulation frame dump; not a design source"
out/sim-evidence/fea/microduck-upper-leg-rigidity-plate_drop/spooles.out,0,"Redundant screenshots, temporary logs or simulation frame dump; not a design source"
out/sim-evidence/fea/microduck-upper-leg-rigidity-plate_drop.png,114408,"Redundant screenshots, temporary logs or simulation frame dump; not a design source"
out/sim-evidence/fea/microduck-upper-leg-rigidity-plate_walk/microduck-upper-leg-rigidity-plate_mesh.inp,3391090,"Redundant screenshots, temporary logs or simulation frame dump; not a design source"
out/sim-evidence/fea/microduck-upper-leg-rigidity-plate_walk/microduck-upper-leg-rigidity-plate_walk.12d,0,"Redundant screenshots, temporary logs or simulation frame dump; not a design source"
out/sim-evidence/fea/microduck-upper-leg-rigidity-plate_walk/microduck-upper-leg-rigidity-plate_walk.cvg,274,"Redundant screenshots, temporary logs or simulation frame dump; not a design source"
out/sim-evidence/fea/microduck-upper-leg-rigidity-plate_walk/microduck-upper-leg-rigidity-plate_walk.dat,0,"Redundant screenshots, temporary logs or simulation frame dump; not a design source"
out/sim-evidence/fea/microduck-upper-leg-rigidity-plate_walk/microduck-upper-leg-rigidity-plate_walk.frd,9213179,"Redundant screenshots, temporary logs or simulation frame dump; not a design source"
out/sim-evidence/fea/microduck-upper-leg-rigidity-plate_walk/microduck-upper-leg-rigidity-plate_walk.inp,2458525,"Redundant screenshots, temporary logs or simulation frame dump; not a design source"
out/sim-evidence/fea/microduck-upper-leg-rigidity-plate_walk/microduck-upper-leg-rigidity-plate_walk.sta,170,"Redundant screenshots, temporary logs or simulation frame dump; not a design source"
out/sim-evidence/fea/microduck-upper-leg-rigidity-plate_walk/microduck-upper-leg-rigidity-plate_walk_nlgeom.12d,0,"Redundant screenshots, temporary logs or simulation frame dump; not a design source"
out/sim-evidence/fea/microduck-upper-leg-rigidity-plate_walk/microduck-upper-leg-rigidity-plate_walk_nlgeom.cvg,2980,"Redundant screenshots, temporary logs or simulation frame dump; not a design source"
out/sim-evidence/fea/microduck-upper-leg-rigidity-plate_walk/microduck-upper-leg-rigidity-plate_walk_nlgeom.dat,0,"Redundant screenshots, temporary logs or simulation frame dump; not a design source"
out/sim-evidence/fea/microduck-upper-leg-rigidity-plate_walk/microduck-upper-leg-rigidity-plate_walk_nlgeom.frd,68512078,"Redundant screenshots, temporary logs or simulation frame dump; not a design source"
out/sim-evidence/fea/microduck-upper-leg-rigidity-plate_walk/microduck-upper-leg-rigidity-plate_walk_nlgeom.inp,2458562,"Redundant screenshots, temporary logs or simulation frame dump; not a design source"
out/sim-evidence/fea/microduck-upper-leg-rigidity-plate_walk/microduck-upper-leg-rigidity-plate_walk_nlgeom.sta,962,"Redundant screenshots, temporary logs or simulation frame dump; not a design source"
out/sim-evidence/fea/microduck-upper-leg-rigidity-plate_walk/spooles.out,0,"Redundant screenshots, temporary logs or simulation frame dump; not a design source"
out/sim-evidence/fea/microduck-upper-leg-rigidity-plate_walk.png,114646,"Redundant screenshots, temporary logs or simulation frame dump; not a design source"
out/sim-evidence/fea/microduck-yaw-roll-motion_drop/microduck-yaw-roll-motion_drop.12d,0,"Redundant screenshots, temporary logs or simulation frame dump; not a design source"
out/sim-evidence/fea/microduck-yaw-roll-motion_drop/microduck-yaw-roll-motion_drop.cvg,274,"Redundant screenshots, temporary logs or simulation frame dump; not a design source"
out/sim-evidence/fea/microduck-yaw-roll-motion_drop/microduck-yaw-roll-motion_drop.dat,0,"Redundant screenshots, temporary logs or simulation frame dump; not a design source"
out/sim-evidence/fea/microduck-yaw-roll-motion_drop/microduck-yaw-roll-motion_drop.frd,6590946,"Redundant screenshots, temporary logs or simulation frame dump; not a design source"
out/sim-evidence/fea/microduck-yaw-roll-motion_drop/microduck-yaw-roll-motion_drop.inp,1818104,"Redundant screenshots, temporary logs or simulation frame dump; not a design source"
out/sim-evidence/fea/microduck-yaw-roll-motion_drop/microduck-yaw-roll-motion_drop.sta,170,"Redundant screenshots, temporary logs or simulation frame dump; not a design source"
out/sim-evidence/fea/microduck-yaw-roll-motion_drop/microduck-yaw-roll-motion_mesh.inp,2391541,"Redundant screenshots, temporary logs or simulation frame dump; not a design source"
out/sim-evidence/fea/microduck-yaw-roll-motion_drop/spooles.out,0,"Redundant screenshots, temporary logs or simulation frame dump; not a design source"
out/sim-evidence/fea/microduck-yaw-roll-motion_drop.png,216399,"Redundant screenshots, temporary logs or simulation frame dump; not a design source"
out/sim-evidence/fea/microduck-yaw-roll-motion_head_drop/microduck-yaw-roll-motion_head_drop.12d,0,"Redundant screenshots, temporary logs or simulation frame dump; not a design source"
out/sim-evidence/fea/microduck-yaw-roll-motion_head_drop/microduck-yaw-roll-motion_head_drop.cvg,274,"Redundant screenshots, temporary logs or simulation frame dump; not a design source"
out/sim-evidence/fea/microduck-yaw-roll-motion_head_drop/microduck-yaw-roll-motion_head_drop.dat,0,"Redundant screenshots, temporary logs or simulation frame dump; not a design source"
out/sim-evidence/fea/microduck-yaw-roll-motion_head_drop/microduck-yaw-roll-motion_head_drop.frd,6590946,"Redundant screenshots, temporary logs or simulation frame dump; not a design source"
out/sim-evidence/fea/microduck-yaw-roll-motion_head_drop/microduck-yaw-roll-motion_head_drop.inp,1820331,"Redundant screenshots, temporary logs or simulation frame dump; not a design source"
out/sim-evidence/fea/microduck-yaw-roll-motion_head_drop/microduck-yaw-roll-motion_head_drop.sta,170,"Redundant screenshots, temporary logs or simulation frame dump; not a design source"
out/sim-evidence/fea/microduck-yaw-roll-motion_head_drop/microduck-yaw-roll-motion_mesh.inp,2391559,"Redundant screenshots, temporary logs or simulation frame dump; not a design source"
out/sim-evidence/fea/microduck-yaw-roll-motion_head_drop/spooles.out,0,"Redundant screenshots, temporary logs or simulation frame dump; not a design source"
out/sim-evidence/fea/microduck-yaw-roll-motion_head_drop.png,218578,"Redundant screenshots, temporary logs or simulation frame dump; not a design source"
out/sim-evidence/fea/microduck-yaw-roll-motion_walk/microduck-yaw-roll-motion_mesh.inp,2391557,"Redundant screenshots, temporary logs or simulation frame dump; not a design source"
out/sim-evidence/fea/microduck-yaw-roll-motion_walk/microduck-yaw-roll-motion_walk.12d,0,"Redundant screenshots, temporary logs or simulation frame dump; not a design source"
out/sim-evidence/fea/microduck-yaw-roll-motion_walk/microduck-yaw-roll-motion_walk.cvg,274,"Redundant screenshots, temporary logs or simulation frame dump; not a design source"
out/sim-evidence/fea/microduck-yaw-roll-motion_walk/microduck-yaw-roll-motion_walk.dat,0,"Redundant screenshots, temporary logs or simulation frame dump; not a design source"
out/sim-evidence/fea/microduck-yaw-roll-motion_walk/microduck-yaw-roll-motion_walk.frd,6590946,"Redundant screenshots, temporary logs or simulation frame dump; not a design source"
out/sim-evidence/fea/microduck-yaw-roll-motion_walk/microduck-yaw-roll-motion_walk.inp,1819452,"Redundant screenshots, temporary logs or simulation frame dump; not a design source"
out/sim-evidence/fea/microduck-yaw-roll-motion_walk/microduck-yaw-roll-motion_walk.sta,170,"Redundant screenshots, temporary logs or simulation frame dump; not a design source"
out/sim-evidence/fea/microduck-yaw-roll-motion_walk/spooles.out,0,"Redundant screenshots, temporary logs or simulation frame dump; not a design source"
out/sim-evidence/fea/microduck-yaw-roll-motion_walk.png,226944,"Redundant screenshots, temporary logs or simulation frame dump; not a design source"
out/sim-evidence/fea/microduck-yaw2roll_drop/microduck-yaw2roll_drop.12d,0,"Redundant screenshots, temporary logs or simulation frame dump; not a design source"
out/sim-evidence/fea/microduck-yaw2roll_drop/microduck-yaw2roll_drop.cvg,274,"Redundant screenshots, temporary logs or simulation frame dump; not a design source"
out/sim-evidence/fea/microduck-yaw2roll_drop/microduck-yaw2roll_drop.dat,0,"Redundant screenshots, temporary logs or simulation frame dump; not a design source"
out/sim-evidence/fea/microduck-yaw2roll_drop/microduck-yaw2roll_drop.frd,5442723,"Redundant screenshots, temporary logs or simulation frame dump; not a design source"
out/sim-evidence/fea/microduck-yaw2roll_drop/microduck-yaw2roll_drop.inp,1473451,"Redundant screenshots, temporary logs or simulation frame dump; not a design source"
out/sim-evidence/fea/microduck-yaw2roll_drop/microduck-yaw2roll_drop.sta,170,"Redundant screenshots, temporary logs or simulation frame dump; not a design source"
out/sim-evidence/fea/microduck-yaw2roll_drop/microduck-yaw2roll_mesh.inp,1962049,"Redundant screenshots, temporary logs or simulation frame dump; not a design source"
out/sim-evidence/fea/microduck-yaw2roll_drop/spooles.out,0,"Redundant screenshots, temporary logs or simulation frame dump; not a design source"
out/sim-evidence/fea/microduck-yaw2roll_drop.png,145743,"Redundant screenshots, temporary logs or simulation frame dump; not a design source"
out/sim-evidence/fea/microduck-yaw2roll_walk/microduck-yaw2roll_mesh.inp,1962079,"Redundant screenshots, temporary logs or simulation frame dump; not a design source"
out/sim-evidence/fea/microduck-yaw2roll_walk/microduck-yaw2roll_walk.12d,0,"Redundant screenshots, temporary logs or simulation frame dump; not a design source"
out/sim-evidence/fea/microduck-yaw2roll_walk/microduck-yaw2roll_walk.cvg,274,"Redundant screenshots, temporary logs or simulation frame dump; not a design source"
out/sim-evidence/fea/microduck-yaw2roll_walk/microduck-yaw2roll_walk.dat,0,"Redundant screenshots, temporary logs or simulation frame dump; not a design source"
out/sim-evidence/fea/microduck-yaw2roll_walk/microduck-yaw2roll_walk.frd,5442723,"Redundant screenshots, temporary logs or simulation frame dump; not a design source"
out/sim-evidence/fea/microduck-yaw2roll_walk/microduck-yaw2roll_walk.inp,1474078,"Redundant screenshots, temporary logs or simulation frame dump; not a design source"
out/sim-evidence/fea/microduck-yaw2roll_walk/microduck-yaw2roll_walk.sta,170,"Redundant screenshots, temporary logs or simulation frame dump; not a design source"
out/sim-evidence/fea/microduck-yaw2roll_walk/spooles.out,0,"Redundant screenshots, temporary logs or simulation frame dump; not a design source"
out/sim-evidence/fea/microduck-yaw2roll_walk.png,148310,"Redundant screenshots, temporary logs or simulation frame dump; not a design source"
out/sim-evidence/fea/nlgeom.log,2052,"Redundant screenshots, temporary logs or simulation frame dump; not a design source"
out/sim-evidence/fea/run.log,16058,"Redundant screenshots, temporary logs or simulation frame dump; not a design source"
out/sim-evidence/fea/run2.log,3635,"Redundant screenshots, temporary logs or simulation frame dump; not a design source"
out/sim-evidence/fea/run3.log,461,"Redundant screenshots, temporary logs or simulation frame dump; not a design source"
out/sim-evidence/simulation-preview/SIMULATION-001.png,305190,"Redundant screenshots, temporary logs or simulation frame dump; not a design source"
out/sim-evidence/simulation-preview/SIMULATION-002.png,386598,"Redundant screenshots, temporary logs or simulation frame dump; not a design source"
out/sim-evidence/simulation-preview/SIMULATION-003.png,417292,"Redundant screenshots, temporary logs or simulation frame dump; not a design source"
out/sim-evidence/simulation-preview/SIMULATION-004.png,423647,"Redundant screenshots, temporary logs or simulation frame dump; not a design source"
out/sim-evidence/simulation-preview/SIMULATION-005.png,342971,"Redundant screenshots, temporary logs or simulation frame dump; not a design source"
out/sim-evidence/simulation-preview/SIMULATION-006.png,269124,"Redundant screenshots, temporary logs or simulation frame dump; not a design source"
out/sim-evidence/simulation-preview/SIMULATION-007.png,272967,"Redundant screenshots, temporary logs or simulation frame dump; not a design source"
out/sim-evidence/simulation-preview/SIMULATION-008.png,222509,"Redundant screenshots, temporary logs or simulation frame dump; not a design source"
out/sim-evidence/simulation-preview/SIMULATION-009.png,217435,"Redundant screenshots, temporary logs or simulation frame dump; not a design source"
out/sim-evidence/simulation-preview/SIMULATION-010.png,216232,"Redundant screenshots, temporary logs or simulation frame dump; not a design source"
out/sim-evidence/simulation-preview/SIMULATION-011.png,232461,"Redundant screenshots, temporary logs or simulation frame dump; not a design source"
out/sim-evidence/simulation-preview/SIMULATION-012.png,286210,"Redundant screenshots, temporary logs or simulation frame dump; not a design source"
out/sim-evidence/simulation-preview/SIMULATION-013.png,267766,"Redundant screenshots, temporary logs or simulation frame dump; not a design source"
out/sim-evidence/simulation-preview/SIMULATION-014.png,206867,"Redundant screenshots, temporary logs or simulation frame dump; not a design source"
out/sim-evidence/simulation-preview/SIMULATION-015.png,364849,"Redundant screenshots, temporary logs or simulation frame dump; not a design source"
out/sim-evidence/simulation-preview/SIMULATION-016.png,412757,"Redundant screenshots, temporary logs or simulation frame dump; not a design source"
out/sim-evidence/simulation-preview/SIMULATION-017.png,418346,"Redundant screenshots, temporary logs or simulation frame dump; not a design source"
out/sim-evidence/simulation-preview/SIMULATION-018.png,283535,"Redundant screenshots, temporary logs or simulation frame dump; not a design source"
out/sim-evidence/simulation-preview/SIMULATION-019.png,255969,"Redundant screenshots, temporary logs or simulation frame dump; not a design source"
out/sim-evidence/simulation-preview/SIMULATION-020.png,193453,"Redundant screenshots, temporary logs or simulation frame dump; not a design source"
out/sim-evidence/simulation-preview/SIMULATION-021.png,198458,"Redundant screenshots, temporary logs or simulation frame dump; not a design source"
out/sim-evidence/simulation-preview/SIMULATION-022.png,265783,"Redundant screenshots, temporary logs or simulation frame dump; not a design source"
out/sim-evidence/simulation-preview/SIMULATION-023.png,294612,"Redundant screenshots, temporary logs or simulation frame dump; not a design source"
out/sim-evidence/simulation-preview/SIMULATION-024.png,317363,"Redundant screenshots, temporary logs or simulation frame dump; not a design source"
out/sim-evidence/simulation-preview/SIMULATION-025.png,341915,"Redundant screenshots, temporary logs or simulation frame dump; not a design source"
out/sim-evidence/simulation-preview/SIMULATION-026.png,292460,"Redundant screenshots, temporary logs or simulation frame dump; not a design source"
out/sim-evidence/simulation-preview/SIMULATION-027.png,322568,"Redundant screenshots, temporary logs or simulation frame dump; not a design source"
out/sim-evidence/simulation-preview/SIMULATION-028.png,337385,"Redundant screenshots, temporary logs or simulation frame dump; not a design source"
out/sim-evidence/simulation-preview/SIMULATION-029.png,322836,"Redundant screenshots, temporary logs or simulation frame dump; not a design source"
out/sim-evidence/simulation-preview/SIMULATION-030.png,320919,"Redundant screenshots, temporary logs or simulation frame dump; not a design source"
out/sim-evidence/simulation-preview/SIMULATION-031.png,328660,"Redundant screenshots, temporary logs or simulation frame dump; not a design source"
out/sim-evidence/simulation-preview/SIMULATION-032.png,376359,"Redundant screenshots, temporary logs or simulation frame dump; not a design source"
out/sim-evidence/simulation-preview/SIMULATION-033.png,394320,"Redundant screenshots, temporary logs or simulation frame dump; not a design source"
out/sim-evidence/simulation-preview/SIMULATION-034.png,443500,"Redundant screenshots, temporary logs or simulation frame dump; not a design source"
out/sim-evidence/simulation-preview/SIMULATION-035.png,412885,"Redundant screenshots, temporary logs or simulation frame dump; not a design source"
out/sim-evidence/simulation-preview/SIMULATION-036.png,423108,"Redundant screenshots, temporary logs or simulation frame dump; not a design source"
out/sim-evidence/simulation-preview/SIMULATION-037.png,424533,"Redundant screenshots, temporary logs or simulation frame dump; not a design source"
out/sim-evidence/simulation-preview/SIMULATION-038.png,365230,"Redundant screenshots, temporary logs or simulation frame dump; not a design source"
out/sim-evidence/simulation-preview/SIMULATION-039.png,417125,"Redundant screenshots, temporary logs or simulation frame dump; not a design source"
out/sim-evidence/simulation-preview/SIMULATION-040.png,230494,"Redundant screenshots, temporary logs or simulation frame dump; not a design source"
out/sim-evidence/simulation-preview/SIMULATION-041.png,243971,"Redundant screenshots, temporary logs or simulation frame dump; not a design source"
out/sim-evidence/simulation-preview/SIMULATION-042.png,294534,"Redundant screenshots, temporary logs or simulation frame dump; not a design source"
out/sim-evidence/simulation-preview/SIMULATION-043.png,181884,"Redundant screenshots, temporary logs or simulation frame dump; not a design source"
out/sim-evidence/simulation-preview/SIMULATION-044.png,270160,"Redundant screenshots, temporary logs or simulation frame dump; not a design source"
out/sim-evidence/simulation-preview/SIMULATION-045.png,363387,"Redundant screenshots, temporary logs or simulation frame dump; not a design source"
out/sim-evidence/simulation-preview/SIMULATION-046.png,241990,"Redundant screenshots, temporary logs or simulation frame dump; not a design source"
out/sim-evidence/simulation-preview/SIMULATION-047.png,383797,"Redundant screenshots, temporary logs or simulation frame dump; not a design source"
out/sim-evidence/simulation-preview/SIMULATION-048.png,210347,"Redundant screenshots, temporary logs or simulation frame dump; not a design source"
out/sim-evidence/simulation-preview/SIMULATION-049.png,401931,"Redundant screenshots, temporary logs or simulation frame dump; not a design source"
out/sim-evidence/simulation-preview/SIMULATION-050.png,382735,"Redundant screenshots, temporary logs or simulation frame dump; not a design source"
out/sim-evidence/simulation-preview/SIMULATION-051.png,364726,"Redundant screenshots, temporary logs or simulation frame dump; not a design source"
out/sim-evidence/simulation-preview/SIMULATION-052.png,341270,"Redundant screenshots, temporary logs or simulation frame dump; not a design source"
out/sim-evidence/simulation-preview/SIMULATION-053.png,318749,"Redundant screenshots, temporary logs or simulation frame dump; not a design source"
out/sim-evidence/simulation-preview/SIMULATION-054.png,373713,"Redundant screenshots, temporary logs or simulation frame dump; not a design source"
out/sim-evidence/simulation-preview/SIMULATION-055.png,293948,"Redundant screenshots, temporary logs or simulation frame dump; not a design source"
out/sim-evidence/simulation-preview/SIMULATION-056.png,275932,"Redundant screenshots, temporary logs or simulation frame dump; not a design source"
out/sim-evidence/simulation-preview/SIMULATION-057.png,283100,"Redundant screenshots, temporary logs or simulation frame dump; not a design source"
out/sim-evidence/simulation-preview/SIMULATION-058.png,373299,"Redundant screenshots, temporary logs or simulation frame dump; not a design source"
out/sim-evidence/simulation-preview/SIMULATION-059.png,341438,"Redundant screenshots, temporary logs or simulation frame dump; not a design source"
out/sim-evidence/simulation-preview/SIMULATION-060.png,309515,"Redundant screenshots, temporary logs or simulation frame dump; not a design source"
out/sim-evidence/simulation-preview/SIMULATION-061.png,358720,"Redundant screenshots, temporary logs or simulation frame dump; not a design source"
out/sim-evidence/simulation-preview/SIMULATION-062.png,346078,"Redundant screenshots, temporary logs or simulation frame dump; not a design source"
out/sim-evidence/simulation-preview/SIMULATION-063.png,341964,"Redundant screenshots, temporary logs or simulation frame dump; not a design source"
out/sim-evidence/simulation-preview/SIMULATION-064.png,432728,"Redundant screenshots, temporary logs or simulation frame dump; not a design source"
out/sim-evidence/simulation-preview/SIMULATION-065.png,345074,"Redundant screenshots, temporary logs or simulation frame dump; not a design source"
out/sim-evidence/simulation-preview/SIMULATION-066.png,276760,"Redundant screenshots, temporary logs or simulation frame dump; not a design source"
out/sim-evidence/simulation-preview/SIMULATION-067.png,390822,"Redundant screenshots, temporary logs or simulation frame dump; not a design source"
out/sim-evidence/simulation-preview/SIMULATION-068.png,381410,"Redundant screenshots, temporary logs or simulation frame dump; not a design source"
out/sim-evidence/simulation-preview/SIMULATION-069.png,320100,"Redundant screenshots, temporary logs or simulation frame dump; not a design source"
out/sim-evidence/simulation-preview/SIMULATION-070.png,400331,"Redundant screenshots, temporary logs or simulation frame dump; not a design source"
out/sim-evidence/simulation-preview/SIMULATION-071.png,172505,"Redundant screenshots, temporary logs or simulation frame dump; not a design source"
out/sim-evidence/simulation-preview/SIMULATION-072.png,327200,"Redundant screenshots, temporary logs or simulation frame dump; not a design source"
out/sim-evidence/simulation-preview/SIMULATION-073.png,436403,"Redundant screenshots, temporary logs or simulation frame dump; not a design source"
out/sim-evidence/simulation-preview/SIMULATION-074.png,335884,"Redundant screenshots, temporary logs or simulation frame dump; not a design source"
out/sim-evidence/simulation-preview/SIMULATION-075.png,279693,"Redundant screenshots, temporary logs or simulation frame dump; not a design source"
out/sim-evidence/simulation-preview/SIMULATION-076.png,319749,"Redundant screenshots, temporary logs or simulation frame dump; not a design source"
out/sim-evidence/simulation-preview/SIMULATION-077.png,272045,"Redundant screenshots, temporary logs or simulation frame dump; not a design source"
out/sim-evidence/simulation-preview/SIMULATION-078.png,305872,"Redundant screenshots, temporary logs or simulation frame dump; not a design source"
out/sim-evidence/simulation-preview/SIMULATION-079.png,264481,"Redundant screenshots, temporary logs or simulation frame dump; not a design source"
out/sim-evidence/simulation-preview/SIMULATION-080.png,279352,"Redundant screenshots, temporary logs or simulation frame dump; not a design source"
out/sim-evidence/simulation-preview/SIMULATION-081.png,280805,"Redundant screenshots, temporary logs or simulation frame dump; not a design source"
out/sim-evidence/simulation-preview/SIMULATION-082.png,334640,"Redundant screenshots, temporary logs or simulation frame dump; not a design source"
out/sim-evidence/simulation-preview/SIMULATION-083.png,352419,"Redundant screenshots, temporary logs or simulation frame dump; not a design source"
out/sim-evidence/simulation-preview/SIMULATION-084.png,273214,"Redundant screenshots, temporary logs or simulation frame dump; not a design source"
out/sim-evidence/simulation-preview/SIMULATION-085.png,290867,"Redundant screenshots, temporary logs or simulation frame dump; not a design source"
out/sim-evidence/simulation-preview/SIMULATION-086.png,303602,"Redundant screenshots, temporary logs or simulation frame dump; not a design source"
out/sim-evidence/simulation-preview/SIMULATION-087.png,270917,"Redundant screenshots, temporary logs or simulation frame dump; not a design source"
out/sim-evidence/simulation-preview/SIMULATION-088.png,438020,"Redundant screenshots, temporary logs or simulation frame dump; not a design source"
out/sim-evidence/simulation-preview/SIMULATION-089.png,340487,"Redundant screenshots, temporary logs or simulation frame dump; not a design source"
out/sim-evidence/simulation-preview/SIMULATION-090.png,389810,"Redundant screenshots, temporary logs or simulation frame dump; not a design source"
out/sim-evidence/simulation-preview/SIMULATION-091.png,399107,"Redundant screenshots, temporary logs or simulation frame dump; not a design source"
out/sim-evidence/simulation-preview/SIMULATION-092.png,325167,"Redundant screenshots, temporary logs or simulation frame dump; not a design source"
out/sim-evidence/simulation-preview/SIMULATION-093.png,384286,"Redundant screenshots, temporary logs or simulation frame dump; not a design source"
out/sim-evidence/simulation-preview/SIMULATION-094.png,352199,"Redundant screenshots, temporary logs or simulation frame dump; not a design source"
out/sim-evidence/simulation-preview/SIMULATION-095.png,353311,"Redundant screenshots, temporary logs or simulation frame dump; not a design source"
out/sim-evidence/simulation-preview/SIMULATION-096.png,318262,"Redundant screenshots, temporary logs or simulation frame dump; not a design source"
out/sim-evidence/simulation-preview/SIMULATION-097.png,343728,"Redundant screenshots, temporary logs or simulation frame dump; not a design source"
out/sim-evidence/simulation-preview/SIMULATION-098.png,263127,"Redundant screenshots, temporary logs or simulation frame dump; not a design source"
out/sim-evidence/simulation-preview/SIMULATION-099.png,363475,"Redundant screenshots, temporary logs or simulation frame dump; not a design source"
out/sim-evidence/simulation-preview/SIMULATION-100.png,212436,"Redundant screenshots, temporary logs or simulation frame dump; not a design source"
out/sim-evidence/simulation-preview/SIMULATION-101.png,179884,"Redundant screenshots, temporary logs or simulation frame dump; not a design source"
out/sim-evidence/simulation-preview/SIMULATION-102.png,183142,"Redundant screenshots, temporary logs or simulation frame dump; not a design source"
out/sim-evidence/simulation-preview/SIMULATION-103.png,220373,"Redundant screenshots, temporary logs or simulation frame dump; not a design source"
out/sim-evidence/simulation-preview/SIMULATION-104.png,262237,"Redundant screenshots, temporary logs or simulation frame dump; not a design source"
out/sim-evidence/simulation-preview/SIMULATION-105.png,296135,"Redundant screenshots, temporary logs or simulation frame dump; not a design source"
out/sim-evidence/simulation-preview/SIMULATION-106.png,351449,"Redundant screenshots, temporary logs or simulation frame dump; not a design source"
out/sim-evidence/simulation-preview/SIMULATION-107.png,397807,"Redundant screenshots, temporary logs or simulation frame dump; not a design source"
out/sim-evidence/simulation-preview/SIMULATION-108.png,381262,"Redundant screenshots, temporary logs or simulation frame dump; not a design source"
out/sim-evidence/simulation-preview/SIMULATION-109.png,214906,"Redundant screenshots, temporary logs or simulation frame dump; not a design source"
out/sim-evidence/simulation-preview/SIMULATION.png,34737567,"Redundant screenshots, temporary logs or simulation frame dump; not a design source"
out/sim-evidence/structural-preview/STRUCTURAL-01.png,329926,"Redundant screenshots, temporary logs or simulation frame dump; not a design source"
out/sim-evidence/structural-preview/STRUCTURAL-02.png,400702,"Redundant screenshots, temporary logs or simulation frame dump; not a design source"
out/sim-evidence/structural-preview/STRUCTURAL-03.png,407862,"Redundant screenshots, temporary logs or simulation frame dump; not a design source"
out/sim-evidence/structural-preview/STRUCTURAL-04.png,326196,"Redundant screenshots, temporary logs or simulation frame dump; not a design source"
out/sim-evidence/structural-preview/STRUCTURAL-05.png,235246,"Redundant screenshots, temporary logs or simulation frame dump; not a design source"
out/sim-evidence/structural-preview/STRUCTURAL-06.png,239426,"Redundant screenshots, temporary logs or simulation frame dump; not a design source"
out/sim-evidence/structural-preview/STRUCTURAL-07.png,190230,"Redundant screenshots, temporary logs or simulation frame dump; not a design source"
out/sim-evidence/structural-preview/STRUCTURAL-08.png,231361,"Redundant screenshots, temporary logs or simulation frame dump; not a design source"
out/sim-evidence/structural-preview/STRUCTURAL-09.png,340883,"Redundant screenshots, temporary logs or simulation frame dump; not a design source"
out/sim-evidence/structural-preview/STRUCTURAL-10.png,297708,"Redundant screenshots, temporary logs or simulation frame dump; not a design source"
out/sim-evidence/structural-preview/STRUCTURAL-11.png,372630,"Redundant screenshots, temporary logs or simulation frame dump; not a design source"
out/sim-evidence/structural-preview/STRUCTURAL-12.png,297746,"Redundant screenshots, temporary logs or simulation frame dump; not a design source"
out/sim-evidence/structural-preview/STRUCTURAL-13.png,331301,"Redundant screenshots, temporary logs or simulation frame dump; not a design source"
out/sim-evidence/structural-preview/STRUCTURAL-14.png,330847,"Redundant screenshots, temporary logs or simulation frame dump; not a design source"
out/sim-evidence/structural-preview/STRUCTURAL-15.png,346786,"Redundant screenshots, temporary logs or simulation frame dump; not a design source"
out/sim-evidence/structural-preview/STRUCTURAL-16.png,331927,"Redundant screenshots, temporary logs or simulation frame dump; not a design source"
out/sim-evidence/structural-preview/STRUCTURAL-17.png,363939,"Redundant screenshots, temporary logs or simulation frame dump; not a design source"
out/sim-evidence/structural-preview/STRUCTURAL-18.png,360461,"Redundant screenshots, temporary logs or simulation frame dump; not a design source"
out/sim-evidence/structural-preview/STRUCTURAL-19.png,451740,"Redundant screenshots, temporary logs or simulation frame dump; not a design source"
out/sim-evidence/structural-preview/STRUCTURAL-20.png,397621,"Redundant screenshots, temporary logs or simulation frame dump; not a design source"
out/sim-evidence/structural-preview/STRUCTURAL-21.png,486157,"Redundant screenshots, temporary logs or simulation frame dump; not a design source"
out/sim-evidence/structural-preview/STRUCTURAL-22.png,428242,"Redundant screenshots, temporary logs or simulation frame dump; not a design source"
out/sim-evidence/structural-preview/STRUCTURAL-23.png,424291,"Redundant screenshots, temporary logs or simulation frame dump; not a design source"
out/sim-evidence/structural-preview/STRUCTURAL-24.png,397500,"Redundant screenshots, temporary logs or simulation frame dump; not a design source"
out/sim-evidence/structural-preview/STRUCTURAL-25.png,312368,"Redundant screenshots, temporary logs or simulation frame dump; not a design source"
out/sim-evidence/structural-preview/STRUCTURAL-26.png,270245,"Redundant screenshots, temporary logs or simulation frame dump; not a design source"
out/sim-evidence/structural-preview/STRUCTURAL-27.png,255669,"Redundant screenshots, temporary logs or simulation frame dump; not a design source"
out/sim-evidence/structural-preview/STRUCTURAL-28.png,243760,"Redundant screenshots, temporary logs or simulation frame dump; not a design source"
out/sim-evidence/structural-preview/STRUCTURAL-29.png,220876,"Redundant screenshots, temporary logs or simulation frame dump; not a design source"
out/sim-evidence/structural-preview/STRUCTURAL-30.png,323497,"Redundant screenshots, temporary logs or simulation frame dump; not a design source"
out/sim-evidence/structural-preview/STRUCTURAL-31.png,293819,"Redundant screenshots, temporary logs or simulation frame dump; not a design source"
out/sim-evidence/structural-preview/STRUCTURAL-32.png,349991,"Redundant screenshots, temporary logs or simulation frame dump; not a design source"
out/sim-evidence/structural-preview/STRUCTURAL-33.png,250206,"Redundant screenshots, temporary logs or simulation frame dump; not a design source"
out/sim-evidence/structural-preview/STRUCTURAL-34.png,420387,"Redundant screenshots, temporary logs or simulation frame dump; not a design source"
out/sim-evidence/structural-preview/STRUCTURAL-35.png,391568,"Redundant screenshots, temporary logs or simulation frame dump; not a design source"
out/sim-evidence/structural-preview/STRUCTURAL-36.png,364561,"Redundant screenshots, temporary logs or simulation frame dump; not a design source"
out/sim-evidence/structural-preview/STRUCTURAL-37.png,339057,"Redundant screenshots, temporary logs or simulation frame dump; not a design source"
out/sim-evidence/structural-preview/STRUCTURAL-38.png,325794,"Redundant screenshots, temporary logs or simulation frame dump; not a design source"
out/sim-evidence/structural-preview/STRUCTURAL-39.png,149095,"Redundant screenshots, temporary logs or simulation frame dump; not a design source"
out/sim-evidence/structural-preview/STRUCTURAL.png,11701617,"Redundant screenshots, temporary logs or simulation frame dump; not a design source"
out/sim-sweep/frames/base_walk_vx0.25_t00.0s.png,116213,"Redundant screenshots, temporary logs or simulation frame dump; not a design source"
out/sim-sweep/frames/base_walk_vx0.25_t06.0s.png,115948,"Redundant screenshots, temporary logs or simulation frame dump; not a design source"
out/sim-sweep/frames/base_walk_vx0.25_t12.0s.png,112062,"Redundant screenshots, temporary logs or simulation frame dump; not a design source"
out/sim-sweep/frames/mass_m110_t00.0s.png,115374,"Redundant screenshots, temporary logs or simulation frame dump; not a design source"
out/sim-sweep/frames/mass_m110_t06.0s.png,116197,"Redundant screenshots, temporary logs or simulation frame dump; not a design source"
out/sim-sweep/frames/mass_m110_t12.0s.png,114044,"Redundant screenshots, temporary logs or simulation frame dump; not a design source"
out/sim-sweep/frames/mu_0.40_t00.0s.png,115577,"Redundant screenshots, temporary logs or simulation frame dump; not a design source"
out/sim-sweep/frames/mu_0.40_t06.0s.png,115192,"Redundant screenshots, temporary logs or simulation frame dump; not a design source"
out/sim-sweep/frames/mu_0.40_t12.0s.png,109877,"Redundant screenshots, temporary logs or simulation frame dump; not a design source"
out/sim-sweep/frames/push_5N_lat_fullcontact_t00.0s.png,116354,"Redundant screenshots, temporary logs or simulation frame dump; not a design source"
out/sim-sweep/frames/push_5N_lat_fullcontact_t06.0s.png,115419,"Redundant screenshots, temporary logs or simulation frame dump; not a design source"
out/sim-sweep/frames/push_5N_lat_fullcontact_t12.0s.png,106236,"Redundant screenshots, temporary logs or simulation frame dump; not a design source"
out/sim-sweep/frames/push_5N_lat_t00.0s.png,116106,"Redundant screenshots, temporary logs or simulation frame dump; not a design source"
out/sim-sweep/frames/push_5N_lat_t06.0s.png,115847,"Redundant screenshots, temporary logs or simulation frame dump; not a design source"
out/sim-sweep/frames/push_5N_lat_t12.0s.png,87033,"Redundant screenshots, temporary logs or simulation frame dump; not a design source"
out/sim-sweep/frames/sitstand_t00.0s.png,115256,"Redundant screenshots, temporary logs or simulation frame dump; not a design source"
out/sim-sweep/frames/sitstand_t05.0s.png,117953,"Redundant screenshots, temporary logs or simulation frame dump; not a design source"
out/sim-sweep/frames/sitstand_t10.0s.png,115500,"Redundant screenshots, temporary logs or simulation frame dump; not a design source"
out/sim-sweep/frames/slope5_up_t00.0s.png,116633,"Redundant screenshots, temporary logs or simulation frame dump; not a design source"
out/sim-sweep/frames/slope5_up_t06.0s.png,112133,"Redundant screenshots, temporary logs or simulation frame dump; not a design source"
out/sim-sweep/frames/slope5_up_t12.0s.png,106897,"Redundant screenshots, temporary logs or simulation frame dump; not a design source"
out/sim-sweep/frames/stand_hold_t00.0s.png,115777,"Redundant screenshots, temporary logs or simulation frame dump; not a design source"
out/sim-sweep/frames/stand_hold_t04.0s.png,115257,"Redundant screenshots, temporary logs or simulation frame dump; not a design source"
out/sim-sweep/frames/stand_hold_t08.0s.png,114980,"Redundant screenshots, temporary logs or simulation frame dump; not a design source"
out/sim-sweep/frames/vx_0.60_t00.0s.png,116386,"Redundant screenshots, temporary logs or simulation frame dump; not a design source"
out/sim-sweep/frames/vx_0.60_t06.0s.png,118854,"Redundant screenshots, temporary logs or simulation frame dump; not a design source"
out/sim-sweep/frames/vx_0.60_t12.0s.png,114196,"Redundant screenshots, temporary logs or simulation frame dump; not a design source"
out/sim-sweep/frames/walk_selfcontact_t00.0s.png,116490,"Redundant screenshots, temporary logs or simulation frame dump; not a design source"
out/sim-sweep/frames/walk_selfcontact_t06.0s.png,116235,"Redundant screenshots, temporary logs or simulation frame dump; not a design source"
out/sim-sweep/frames/walk_selfcontact_t12.0s.png,112340,"Redundant screenshots, temporary logs or simulation frame dump; not a design source"
out/sim-sweep/video/base_walk_vx0.25.mp4,2253288,"Redundant screenshots, temporary logs or simulation frame dump; not a design source"
out/sim-sweep/video/mass_m110.mp4,2255096,"Redundant screenshots, temporary logs or simulation frame dump; not a design source"
out/sim-sweep/video/mu_0.40.mp4,2227672,"Redundant screenshots, temporary logs or simulation frame dump; not a design source"
out/sim-sweep/video/push_5N_lat.mp4,1437621,"Redundant screenshots, temporary logs or simulation frame dump; not a design source"
out/sim-sweep/video/push_5N_lat_fullcontact.mp4,2082528,"Redundant screenshots, temporary logs or simulation frame dump; not a design source"
out/sim-sweep/video/sitstand.mp4,986884,"Redundant screenshots, temporary logs or simulation frame dump; not a design source"
out/sim-sweep/video/slope5_up.mp4,2150018,"Redundant screenshots, temporary logs or simulation frame dump; not a design source"
out/sim-sweep/video/stand_hold.mp4,279798,"Redundant screenshots, temporary logs or simulation frame dump; not a design source"
out/sim-sweep/video/vx_0.60.mp4,2833544,"Redundant screenshots, temporary logs or simulation frame dump; not a design source"
out/sim-sweep/video/walk_selfcontact.mp4,2257635,"Redundant screenshots, temporary logs or simulation frame dump; not a design source"
out/sources/hf-space-mishig-microduck-blueprint.tsx,65006,"Redundant screenshots, temporary logs or simulation frame dump; not a design source"
out/sources/internals/bili_BV1R2tH6tEsK_cover.jpg,200091,"Redundant screenshots, temporary logs or simulation frame dump; not a design source"
out/sources/internals/cables-seethrough.png,210279,"Redundant screenshots, temporary logs or simulation frame dump; not a design source"
out/sources/internals/fanhao375_06_exploded_threequarter.png,260360,"Redundant screenshots, temporary logs or simulation frame dump; not a design source"
out/sources/internals/fanhao375_07_colour_assembled.png,291330,"Redundant screenshots, temporary logs or simulation frame dump; not a design source"
out/sources/internals/head-exploded.png,305135,"Redundant screenshots, temporary logs or simulation frame dump; not a design source"
out/sources/internals/head-seethrough-iso.png,344612,"Redundant screenshots, temporary logs or simulation frame dump; not a design source"
out/sources/internals/head-seethrough-profile.png,236301,"Redundant screenshots, temporary logs or simulation frame dump; not a design source"
out/sources/internals/head-shells-off-iso.png,215637,"Redundant screenshots, temporary logs or simulation frame dump; not a design source"
out/sources/internals/head-shells-off-rear-low.png,181085,"Redundant screenshots, temporary logs or simulation frame dump; not a design source"
out/sources/internals/real_desk_head_jaw_off.png,1140554,"Redundant screenshots, temporary logs or simulation frame dump; not a design source"
out/sources/internals/real_desk_head_yawroll_stack.png,1053931,"Redundant screenshots, temporary logs or simulation frame dump; not a design source"
out/sources/internals/real_desk_top_shell_interior.png,592415,"Redundant screenshots, temporary logs or simulation frame dump; not a design source"
out/sources/internals/real_desk_trunk_shells_off.png,1350273,"Redundant screenshots, temporary logs or simulation frame dump; not a design source"
out/sources/internals/real_morning_head_rear_open.png,381210,"Redundant screenshots, temporary logs or simulation frame dump; not a design source"
out/sources/internals/render.log,1376,"Redundant screenshots, temporary logs or simulation frame dump; not a design source"
out/sources/internals/trunk-exploded.png,273321,"Redundant screenshots, temporary logs or simulation frame dump; not a design source"
out/sources/internals/trunk-seethrough-iso.png,287403,"Redundant screenshots, temporary logs or simulation frame dump; not a design source"
out/sources/internals/trunk-shells-off-iso.png,245953,"Redundant screenshots, temporary logs or simulation frame dump; not a design source"
out/sources/internals/trunk-shells-off-rear.png,235267,"Redundant screenshots, temporary logs or simulation frame dump; not a design source"
out/sources/render-colours-old-vs-new.png,439697,"Redundant screenshots, temporary logs or simulation frame dump; not a design source"
out/sources/render-new-front.png,76741,"Redundant screenshots, temporary logs or simulation frame dump; not a design source"
out/sources/render-new-iso.png,91382,"Redundant screenshots, temporary logs or simulation frame dump; not a design source"
out/sources/render-new-left.png,50151,"Redundant screenshots, temporary logs or simulation frame dump; not a design source"
out/sources/render-old-front.png,71375,"Redundant screenshots, temporary logs or simulation frame dump; not a design source"
out/sources/render-old-iso.png,84555,"Redundant screenshots, temporary logs or simulation frame dump; not a design source"
out/sources/render-old-left.png,46454,"Redundant screenshots, temporary logs or simulation frame dump; not a design source"
out/sources/upstream-develop.page-01.png,289681,"Redundant screenshots, temporary logs or simulation frame dump; not a design source"
out/sources/upstream-develop.page-02.png,323985,"Redundant screenshots, temporary logs or simulation frame dump; not a design source"
out/sources/upstream-develop.page-03.png,243745,"Redundant screenshots, temporary logs or simulation frame dump; not a design source"
out/sources/upstream-develop.page-04.png,213205,"Redundant screenshots, temporary logs or simulation frame dump; not a design source"
out/sources/upstream-develop.page-05.png,216114,"Redundant screenshots, temporary logs or simulation frame dump; not a design source"
out/sources/upstream-develop.page-06.png,271948,"Redundant screenshots, temporary logs or simulation frame dump; not a design source"
out/sources/upstream-develop.page-07.png,277442,"Redundant screenshots, temporary logs or simulation frame dump; not a design source"
out/sources/upstream-develop.page-08.png,182539,"Redundant screenshots, temporary logs or simulation frame dump; not a design source"
out/sources/upstream-develop.page-09.png,238578,"Redundant screenshots, temporary logs or simulation frame dump; not a design source"
out/sources/upstream-develop.page-10.png,333086,"Redundant screenshots, temporary logs or simulation frame dump; not a design source"
out/sources/upstream-develop.page-11.png,284459,"Redundant screenshots, temporary logs or simulation frame dump; not a design source"
out/sources/upstream-develop.page-12.png,322708,"Redundant screenshots, temporary logs or simulation frame dump; not a design source"
out/sources/upstream-develop.page-13.png,279392,"Redundant screenshots, temporary logs or simulation frame dump; not a design source"
out/sources/upstream-develop.page-14.png,193958,"Redundant screenshots, temporary logs or simulation frame dump; not a design source"
out/sources/upstream-develop.page-15.png,260989,"Redundant screenshots, temporary logs or simulation frame dump; not a design source"
out/sources/upstream-develop.page-16.png,42438,"Redundant screenshots, temporary logs or simulation frame dump; not a design source"
out/sources/upstream-develop.page.png,3529075,"Redundant screenshots, temporary logs or simulation frame dump; not a design source"
out/stress/_correction_page.png,225598,"Redundant screenshots, temporary logs or simulation frame dump; not a design source"
out/stress/corr_microduck-ankle-left_landing/microduck-ankle-left_landing.12d,0,"Redundant screenshots, temporary logs or simulation frame dump; not a design source"
out/stress/corr_microduck-ankle-left_landing/microduck-ankle-left_landing.cvg,274,"Redundant screenshots, temporary logs or simulation frame dump; not a design source"
out/stress/corr_microduck-ankle-left_landing/microduck-ankle-left_landing.dat,0,"Redundant screenshots, temporary logs or simulation frame dump; not a design source"
out/stress/corr_microduck-ankle-left_landing/microduck-ankle-left_landing.frd,2352446,"Redundant screenshots, temporary logs or simulation frame dump; not a design source"
out/stress/corr_microduck-ankle-left_landing/microduck-ankle-left_landing.inp,610498,"Redundant screenshots, temporary logs or simulation frame dump; not a design source"
out/stress/corr_microduck-ankle-left_landing/microduck-ankle-left_landing.sta,170,"Redundant screenshots, temporary logs or simulation frame dump; not a design source"
out/stress/corr_microduck-ankle-left_landing/microduck-ankle-left_mesh.inp,853738,"Redundant screenshots, temporary logs or simulation frame dump; not a design source"
out/stress/corr_microduck-ankle-left_landing/spooles.out,0,"Redundant screenshots, temporary logs or simulation frame dump; not a design source"
out/stress/corr_microduck-ankle-left_lateral/microduck-ankle-left_lateral.12d,0,"Redundant screenshots, temporary logs or simulation frame dump; not a design source"
out/stress/corr_microduck-ankle-left_lateral/microduck-ankle-left_lateral.cvg,274,"Redundant screenshots, temporary logs or simulation frame dump; not a design source"
out/stress/corr_microduck-ankle-left_lateral/microduck-ankle-left_lateral.dat,0,"Redundant screenshots, temporary logs or simulation frame dump; not a design source"
out/stress/corr_microduck-ankle-left_lateral/microduck-ankle-left_lateral.frd,2352446,"Redundant screenshots, temporary logs or simulation frame dump; not a design source"
out/stress/corr_microduck-ankle-left_lateral/microduck-ankle-left_lateral.inp,610051,"Redundant screenshots, temporary logs or simulation frame dump; not a design source"
out/stress/corr_microduck-ankle-left_lateral/microduck-ankle-left_lateral.sta,170,"Redundant screenshots, temporary logs or simulation frame dump; not a design source"
out/stress/corr_microduck-ankle-left_lateral/microduck-ankle-left_mesh.inp,853766,"Redundant screenshots, temporary logs or simulation frame dump; not a design source"
out/stress/corr_microduck-ankle-left_lateral/spooles.out,0,"Redundant screenshots, temporary logs or simulation frame dump; not a design source"
out/stress/corr_microduck-ankle-left_standing/microduck-ankle-left_mesh.inp,853799,"Redundant screenshots, temporary logs or simulation frame dump; not a design source"
out/stress/corr_microduck-ankle-left_standing/microduck-ankle-left_standing.12d,0,"Redundant screenshots, temporary logs or simulation frame dump; not a design source"
out/stress/corr_microduck-ankle-left_standing/microduck-ankle-left_standing.cvg,274,"Redundant screenshots, temporary logs or simulation frame dump; not a design source"
out/stress/corr_microduck-ankle-left_standing/microduck-ankle-left_standing.dat,0,"Redundant screenshots, temporary logs or simulation frame dump; not a design source"
out/stress/corr_microduck-ankle-left_standing/microduck-ankle-left_standing.frd,2352446,"Redundant screenshots, temporary logs or simulation frame dump; not a design source"
out/stress/corr_microduck-ankle-left_standing/microduck-ankle-left_standing.inp,610518,"Redundant screenshots, temporary logs or simulation frame dump; not a design source"
out/stress/corr_microduck-ankle-left_standing/microduck-ankle-left_standing.sta,170,"Redundant screenshots, temporary logs or simulation frame dump; not a design source"
out/stress/corr_microduck-ankle-left_standing/spooles.out,0,"Redundant screenshots, temporary logs or simulation frame dump; not a design source"
out/stress/corr_microduck-hip-bracket_landing/microduck-hip-bracket_landing.inp,785322,"Redundant screenshots, temporary logs or simulation frame dump; not a design source"
out/stress/corr_microduck-hip-bracket_landing/microduck-hip-bracket_mesh.inp,1105185,"Redundant screenshots, temporary logs or simulation frame dump; not a design source"
out/stress/corr_microduck-hip-bracket_lateral/microduck-hip-bracket_lateral.12d,0,"Redundant screenshots, temporary logs or simulation frame dump; not a design source"
out/stress/corr_microduck-hip-bracket_lateral/microduck-hip-bracket_lateral.cvg,274,"Redundant screenshots, temporary logs or simulation frame dump; not a design source"
out/stress/corr_microduck-hip-bracket_lateral/microduck-hip-bracket_lateral.dat,0,"Redundant screenshots, temporary logs or simulation frame dump; not a design source"
out/stress/corr_microduck-hip-bracket_lateral/microduck-hip-bracket_lateral.frd,2256676,"Redundant screenshots, temporary logs or simulation frame dump; not a design source"
out/stress/corr_microduck-hip-bracket_lateral/microduck-hip-bracket_lateral.inp,576435,"Redundant screenshots, temporary logs or simulation frame dump; not a design source"
out/stress/corr_microduck-hip-bracket_lateral/microduck-hip-bracket_lateral.sta,170,"Redundant screenshots, temporary logs or simulation frame dump; not a design source"
out/stress/corr_microduck-hip-bracket_lateral/microduck-hip-bracket_mesh.inp,834753,"Redundant screenshots, temporary logs or simulation frame dump; not a design source"
out/stress/corr_microduck-hip-bracket_lateral/spooles.out,0,"Redundant screenshots, temporary logs or simulation frame dump; not a design source"
out/stress/corr_microduck-hip-bracket_standing/microduck-hip-bracket_mesh.inp,1105340,"Redundant screenshots, temporary logs or simulation frame dump; not a design source"
out/stress/corr_microduck-hip-bracket_standing/microduck-hip-bracket_standing.12d,0,"Redundant screenshots, temporary logs or simulation frame dump; not a design source"
out/stress/corr_microduck-hip-bracket_standing/microduck-hip-bracket_standing.cvg,274,"Redundant screenshots, temporary logs or simulation frame dump; not a design source"
out/stress/corr_microduck-hip-bracket_standing/microduck-hip-bracket_standing.dat,0,"Redundant screenshots, temporary logs or simulation frame dump; not a design source"
out/stress/corr_microduck-hip-bracket_standing/microduck-hip-bracket_standing.frd,3014917,"Redundant screenshots, temporary logs or simulation frame dump; not a design source"
out/stress/corr_microduck-hip-bracket_standing/microduck-hip-bracket_standing.inp,785381,"Redundant screenshots, temporary logs or simulation frame dump; not a design source"
out/stress/corr_microduck-hip-bracket_standing/microduck-hip-bracket_standing.sta,170,"Redundant screenshots, temporary logs or simulation frame dump; not a design source"
out/stress/corr_microduck-hip-bracket_standing/spooles.out,0,"Redundant screenshots, temporary logs or simulation frame dump; not a design source"
out/stress/corr_microduck-shin_landing/microduck-shin_landing.12d,0,"Redundant screenshots, temporary logs or simulation frame dump; not a design source"
out/stress/corr_microduck-shin_landing/microduck-shin_landing.cvg,274,"Redundant screenshots, temporary logs or simulation frame dump; not a design source"
out/stress/corr_microduck-shin_landing/microduck-shin_landing.dat,0,"Redundant screenshots, temporary logs or simulation frame dump; not a design source"
out/stress/corr_microduck-shin_landing/microduck-shin_landing.frd,3755310,"Redundant screenshots, temporary logs or simulation frame dump; not a design source"
out/stress/corr_microduck-shin_landing/microduck-shin_landing.inp,955642,"Redundant screenshots, temporary logs or simulation frame dump; not a design source"
out/stress/corr_microduck-shin_landing/microduck-shin_landing.sta,170,"Redundant screenshots, temporary logs or simulation frame dump; not a design source"
out/stress/corr_microduck-shin_landing/microduck-shin_mesh.inp,1323653,"Redundant screenshots, temporary logs or simulation frame dump; not a design source"
out/stress/corr_microduck-shin_landing/spooles.out,0,"Redundant screenshots, temporary logs or simulation frame dump; not a design source"
out/stress/corr_microduck-shin_lateral/microduck-shin_lateral.12d,0,"Redundant screenshots, temporary logs or simulation frame dump; not a design source"
out/stress/corr_microduck-shin_lateral/microduck-shin_lateral.cvg,274,"Redundant screenshots, temporary logs or simulation frame dump; not a design source"
out/stress/corr_microduck-shin_lateral/microduck-shin_lateral.dat,0,"Redundant screenshots, temporary logs or simulation frame dump; not a design source"
out/stress/corr_microduck-shin_lateral/microduck-shin_lateral.frd,3755310,"Redundant screenshots, temporary logs or simulation frame dump; not a design source"
out/stress/corr_microduck-shin_lateral/microduck-shin_lateral.inp,955668,"Redundant screenshots, temporary logs or simulation frame dump; not a design source"
out/stress/corr_microduck-shin_lateral/microduck-shin_lateral.sta,170,"Redundant screenshots, temporary logs or simulation frame dump; not a design source"
out/stress/corr_microduck-shin_lateral/microduck-shin_mesh.inp,1323740,"Redundant screenshots, temporary logs or simulation frame dump; not a design source"
out/stress/corr_microduck-shin_lateral/spooles.out,0,"Redundant screenshots, temporary logs or simulation frame dump; not a design source"
out/stress/corr_microduck-shin_standing/microduck-shin_mesh.inp,1323669,"Redundant screenshots, temporary logs or simulation frame dump; not a design source"
out/stress/corr_microduck-shin_standing/microduck-shin_standing.12d,0,"Redundant screenshots, temporary logs or simulation frame dump; not a design source"
out/stress/corr_microduck-shin_standing/microduck-shin_standing.cvg,274,"Redundant screenshots, temporary logs or simulation frame dump; not a design source"
out/stress/corr_microduck-shin_standing/microduck-shin_standing.dat,0,"Redundant screenshots, temporary logs or simulation frame dump; not a design source"
out/stress/corr_microduck-shin_standing/microduck-shin_standing.frd,3755310,"Redundant screenshots, temporary logs or simulation frame dump; not a design source"
out/stress/corr_microduck-shin_standing/microduck-shin_standing.inp,955733,"Redundant screenshots, temporary logs or simulation frame dump; not a design source"
out/stress/corr_microduck-shin_standing/microduck-shin_standing.sta,170,"Redundant screenshots, temporary logs or simulation frame dump; not a design source"
out/stress/corr_microduck-shin_standing/spooles.out,0,"Redundant screenshots, temporary logs or simulation frame dump; not a design source"
out/stress/corrected.log,1128,"Redundant screenshots, temporary logs or simulation frame dump; not a design source"
out/stress/matrix.log,3662,"Redundant screenshots, temporary logs or simulation frame dump; not a design source"
out/stress/microduck-ankle-left/microduck-ankle-left_mesh.inp,853737,"Redundant screenshots, temporary logs or simulation frame dump; not a design source"
out/stress/microduck-ankle-left/microduck-ankle-left_standing.12d,0,"Redundant screenshots, temporary logs or simulation frame dump; not a design source"
out/stress/microduck-ankle-left/microduck-ankle-left_standing.cvg,274,"Redundant screenshots, temporary logs or simulation frame dump; not a design source"
out/stress/microduck-ankle-left/microduck-ankle-left_standing.dat,0,"Redundant screenshots, temporary logs or simulation frame dump; not a design source"
out/stress/microduck-ankle-left/microduck-ankle-left_standing.frd,2352446,"Redundant screenshots, temporary logs or simulation frame dump; not a design source"
out/stress/microduck-ankle-left/microduck-ankle-left_standing.inp,610479,"Redundant screenshots, temporary logs or simulation frame dump; not a design source"
out/stress/microduck-ankle-left/microduck-ankle-left_standing.sta,170,"Redundant screenshots, temporary logs or simulation frame dump; not a design source"
out/stress/microduck-ankle-left/spooles.out,0,"Redundant screenshots, temporary logs or simulation frame dump; not a design source"
out/stress/microduck-ankle-left_landing_ABS/microduck-ankle-left_landing.12d,0,"Redundant screenshots, temporary logs or simulation frame dump; not a design source"
out/stress/microduck-ankle-left_landing_ABS/microduck-ankle-left_landing.cvg,274,"Redundant screenshots, temporary logs or simulation frame dump; not a design source"
out/stress/microduck-ankle-left_landing_ABS/microduck-ankle-left_landing.dat,0,"Redundant screenshots, temporary logs or simulation frame dump; not a design source"
out/stress/microduck-ankle-left_landing_ABS/microduck-ankle-left_landing.frd,2352446,"Redundant screenshots, temporary logs or simulation frame dump; not a design source"
out/stress/microduck-ankle-left_landing_ABS/microduck-ankle-left_landing.inp,610307,"Redundant screenshots, temporary logs or simulation frame dump; not a design source"
out/stress/microduck-ankle-left_landing_ABS/microduck-ankle-left_landing.sta,170,"Redundant screenshots, temporary logs or simulation frame dump; not a design source"
out/stress/microduck-ankle-left_landing_ABS/microduck-ankle-left_mesh.inp,853787,"Redundant screenshots, temporary logs or simulation frame dump; not a design source"
out/stress/microduck-ankle-left_landing_ABS/spooles.out,0,"Redundant screenshots, temporary logs or simulation frame dump; not a design source"
out/stress/microduck-ankle-left_landing_ASA/microduck-ankle-left_landing.12d,0,"Redundant screenshots, temporary logs or simulation frame dump; not a design source"
out/stress/microduck-ankle-left_landing_ASA/microduck-ankle-left_landing.cvg,274,"Redundant screenshots, temporary logs or simulation frame dump; not a design source"
out/stress/microduck-ankle-left_landing_ASA/microduck-ankle-left_landing.dat,0,"Redundant screenshots, temporary logs or simulation frame dump; not a design source"
out/stress/microduck-ankle-left_landing_ASA/microduck-ankle-left_landing.frd,2352446,"Redundant screenshots, temporary logs or simulation frame dump; not a design source"
out/stress/microduck-ankle-left_landing_ASA/microduck-ankle-left_landing.inp,610329,"Redundant screenshots, temporary logs or simulation frame dump; not a design source"
out/stress/microduck-ankle-left_landing_ASA/microduck-ankle-left_landing.sta,170,"Redundant screenshots, temporary logs or simulation frame dump; not a design source"
out/stress/microduck-ankle-left_landing_ASA/microduck-ankle-left_mesh.inp,853760,"Redundant screenshots, temporary logs or simulation frame dump; not a design source"
out/stress/microduck-ankle-left_landing_ASA/spooles.out,0,"Redundant screenshots, temporary logs or simulation frame dump; not a design source"
out/stress/microduck-ankle-left_landing_NYLON/microduck-ankle-left_landing.12d,0,"Redundant screenshots, temporary logs or simulation frame dump; not a design source"
out/stress/microduck-ankle-left_landing_NYLON/microduck-ankle-left_landing.cvg,274,"Redundant screenshots, temporary logs or simulation frame dump; not a design source"
out/stress/microduck-ankle-left_landing_NYLON/microduck-ankle-left_landing.dat,0,"Redundant screenshots, temporary logs or simulation frame dump; not a design source"
out/stress/microduck-ankle-left_landing_NYLON/microduck-ankle-left_landing.frd,2352446,"Redundant screenshots, temporary logs or simulation frame dump; not a design source"
out/stress/microduck-ankle-left_landing_NYLON/microduck-ankle-left_landing.inp,610296,"Redundant screenshots, temporary logs or simulation frame dump; not a design source"
out/stress/microduck-ankle-left_landing_NYLON/microduck-ankle-left_landing.sta,170,"Redundant screenshots, temporary logs or simulation frame dump; not a design source"
out/stress/microduck-ankle-left_landing_NYLON/microduck-ankle-left_mesh.inp,853772,"Redundant screenshots, temporary logs or simulation frame dump; not a design source"
out/stress/microduck-ankle-left_landing_NYLON/spooles.out,0,"Redundant screenshots, temporary logs or simulation frame dump; not a design source"
out/stress/microduck-ankle-left_landing_PETG/microduck-ankle-left_landing.12d,0,"Redundant screenshots, temporary logs or simulation frame dump; not a design source"
out/stress/microduck-ankle-left_landing_PETG/microduck-ankle-left_landing.cvg,274,"Redundant screenshots, temporary logs or simulation frame dump; not a design source"
out/stress/microduck-ankle-left_landing_PETG/microduck-ankle-left_landing.dat,0,"Redundant screenshots, temporary logs or simulation frame dump; not a design source"
out/stress/microduck-ankle-left_landing_PETG/microduck-ankle-left_landing.frd,2352446,"Redundant screenshots, temporary logs or simulation frame dump; not a design source"
out/stress/microduck-ankle-left_landing_PETG/microduck-ankle-left_landing.inp,610325,"Redundant screenshots, temporary logs or simulation frame dump; not a design source"
out/stress/microduck-ankle-left_landing_PETG/microduck-ankle-left_landing.sta,170,"Redundant screenshots, temporary logs or simulation frame dump; not a design source"
out/stress/microduck-ankle-left_landing_PETG/microduck-ankle-left_mesh.inp,853786,"Redundant screenshots, temporary logs or simulation frame dump; not a design source"
out/stress/microduck-ankle-left_landing_PETG/spooles.out,0,"Redundant screenshots, temporary logs or simulation frame dump; not a design source"
out/stress/microduck-ankle-left_landing_PLA/microduck-ankle-left_landing.12d,0,"Redundant screenshots, temporary logs or simulation frame dump; not a design source"
out/stress/microduck-ankle-left_landing_PLA/microduck-ankle-left_landing.cvg,274,"Redundant screenshots, temporary logs or simulation frame dump; not a design source"
out/stress/microduck-ankle-left_landing_PLA/microduck-ankle-left_landing.dat,0,"Redundant screenshots, temporary logs or simulation frame dump; not a design source"
out/stress/microduck-ankle-left_landing_PLA/microduck-ankle-left_landing.frd,2352446,"Redundant screenshots, temporary logs or simulation frame dump; not a design source"
out/stress/microduck-ankle-left_landing_PLA/microduck-ankle-left_landing.inp,610276,"Redundant screenshots, temporary logs or simulation frame dump; not a design source"
out/stress/microduck-ankle-left_landing_PLA/microduck-ankle-left_landing.sta,170,"Redundant screenshots, temporary logs or simulation frame dump; not a design source"
out/stress/microduck-ankle-left_landing_PLA/microduck-ankle-left_mesh.inp,853758,"Redundant screenshots, temporary logs or simulation frame dump; not a design source"
out/stress/microduck-ankle-left_landing_PLA/spooles.out,0,"Redundant screenshots, temporary logs or simulation frame dump; not a design source"
out/stress/microduck-ankle-left_lateral_PLA/microduck-ankle-left_lateral.12d,0,"Redundant screenshots, temporary logs or simulation frame dump; not a design source"
out/stress/microduck-ankle-left_lateral_PLA/microduck-ankle-left_lateral.cvg,274,"Redundant screenshots, temporary logs or simulation frame dump; not a design source"
out/stress/microduck-ankle-left_lateral_PLA/microduck-ankle-left_lateral.dat,0,"Redundant screenshots, temporary logs or simulation frame dump; not a design source"
out/stress/microduck-ankle-left_lateral_PLA/microduck-ankle-left_lateral.frd,2352446,"Redundant screenshots, temporary logs or simulation frame dump; not a design source"
out/stress/microduck-ankle-left_lateral_PLA/microduck-ankle-left_lateral.inp,610039,"Redundant screenshots, temporary logs or simulation frame dump; not a design source"
out/stress/microduck-ankle-left_lateral_PLA/microduck-ankle-left_lateral.sta,170,"Redundant screenshots, temporary logs or simulation frame dump; not a design source"
out/stress/microduck-ankle-left_lateral_PLA/microduck-ankle-left_mesh.inp,853793,"Redundant screenshots, temporary logs or simulation frame dump; not a design source"
out/stress/microduck-ankle-left_lateral_PLA/spooles.out,0,"Redundant screenshots, temporary logs or simulation frame dump; not a design source"
out/stress/microduck-ankle-left_standing_PLA/microduck-ankle-left_mesh.inp,853759,"Redundant screenshots, temporary logs or simulation frame dump; not a design source"
out/stress/microduck-ankle-left_standing_PLA/microduck-ankle-left_standing.12d,0,"Redundant screenshots, temporary logs or simulation frame dump; not a design source"
out/stress/microduck-ankle-left_standing_PLA/microduck-ankle-left_standing.cvg,274,"Redundant screenshots, temporary logs or simulation frame dump; not a design source"
out/stress/microduck-ankle-left_standing_PLA/microduck-ankle-left_standing.dat,0,"Redundant screenshots, temporary logs or simulation frame dump; not a design source"
out/stress/microduck-ankle-left_standing_PLA/microduck-ankle-left_standing.frd,2352446,"Redundant screenshots, temporary logs or simulation frame dump; not a design source"
out/stress/microduck-ankle-left_standing_PLA/microduck-ankle-left_standing.inp,610508,"Redundant screenshots, temporary logs or simulation frame dump; not a design source"
out/stress/microduck-ankle-left_standing_PLA/microduck-ankle-left_standing.sta,170,"Redundant screenshots, temporary logs or simulation frame dump; not a design source"
out/stress/microduck-ankle-left_standing_PLA/spooles.out,0,"Redundant screenshots, temporary logs or simulation frame dump; not a design source"
out/stress/microduck-hip-bracket/microduck-hip-bracket_mesh.inp,1105330,"Redundant screenshots, temporary logs or simulation frame dump; not a design source"
out/stress/microduck-hip-bracket/microduck-hip-bracket_standing.12d,0,"Redundant screenshots, temporary logs or simulation frame dump; not a design source"
out/stress/microduck-hip-bracket/microduck-hip-bracket_standing.cvg,274,"Redundant screenshots, temporary logs or simulation frame dump; not a design source"
out/stress/microduck-hip-bracket/microduck-hip-bracket_standing.dat,0,"Redundant screenshots, temporary logs or simulation frame dump; not a design source"
out/stress/microduck-hip-bracket/microduck-hip-bracket_standing.frd,3014917,"Redundant screenshots, temporary logs or simulation frame dump; not a design source"
out/stress/microduck-hip-bracket/microduck-hip-bracket_standing.inp,785352,"Redundant screenshots, temporary logs or simulation frame dump; not a design source"
out/stress/microduck-hip-bracket/microduck-hip-bracket_standing.sta,170,"Redundant screenshots, temporary logs or simulation frame dump; not a design source"
out/stress/microduck-hip-bracket/spooles.out,0,"Redundant screenshots, temporary logs or simulation frame dump; not a design source"
out/stress/microduck-hip-bracket_landing_PLA/microduck-hip-bracket_landing.12d,0,"Redundant screenshots, temporary logs or simulation frame dump; not a design source"
out/stress/microduck-hip-bracket_landing_PLA/microduck-hip-bracket_landing.cvg,274,"Redundant screenshots, temporary logs or simulation frame dump; not a design source"
out/stress/microduck-hip-bracket_landing_PLA/microduck-hip-bracket_landing.dat,0,"Redundant screenshots, temporary logs or simulation frame dump; not a design source"
out/stress/microduck-hip-bracket_landing_PLA/microduck-hip-bracket_landing.frd,3014917,"Redundant screenshots, temporary logs or simulation frame dump; not a design source"
out/stress/microduck-hip-bracket_landing_PLA/microduck-hip-bracket_landing.inp,785365,"Redundant screenshots, temporary logs or simulation frame dump; not a design source"
out/stress/microduck-hip-bracket_landing_PLA/microduck-hip-bracket_landing.sta,170,"Redundant screenshots, temporary logs or simulation frame dump; not a design source"
out/stress/microduck-hip-bracket_landing_PLA/microduck-hip-bracket_mesh.inp,1105339,"Redundant screenshots, temporary logs or simulation frame dump; not a design source"
out/stress/microduck-hip-bracket_landing_PLA/spooles.out,0,"Redundant screenshots, temporary logs or simulation frame dump; not a design source"
out/stress/microduck-hip-bracket_lateral_PLA/microduck-hip-bracket_lateral.12d,0,"Redundant screenshots, temporary logs or simulation frame dump; not a design source"
out/stress/microduck-hip-bracket_lateral_PLA/microduck-hip-bracket_lateral.cvg,274,"Redundant screenshots, temporary logs or simulation frame dump; not a design source"
out/stress/microduck-hip-bracket_lateral_PLA/microduck-hip-bracket_lateral.dat,0,"Redundant screenshots, temporary logs or simulation frame dump; not a design source"
out/stress/microduck-hip-bracket_lateral_PLA/microduck-hip-bracket_lateral.frd,3014917,"Redundant screenshots, temporary logs or simulation frame dump; not a design source"
out/stress/microduck-hip-bracket_lateral_PLA/microduck-hip-bracket_lateral.inp,785218,"Redundant screenshots, temporary logs or simulation frame dump; not a design source"
out/stress/microduck-hip-bracket_lateral_PLA/microduck-hip-bracket_lateral.sta,170,"Redundant screenshots, temporary logs or simulation frame dump; not a design source"
out/stress/microduck-hip-bracket_lateral_PLA/microduck-hip-bracket_mesh.inp,1105259,"Redundant screenshots, temporary logs or simulation frame dump; not a design source"
out/stress/microduck-hip-bracket_lateral_PLA/spooles.out,0,"Redundant screenshots, temporary logs or simulation frame dump; not a design source"
out/stress/microduck-hip-bracket_standing_PLA/microduck-hip-bracket_mesh.inp,1105133,"Redundant screenshots, temporary logs or simulation frame dump; not a design source"
out/stress/microduck-hip-bracket_standing_PLA/microduck-hip-bracket_standing.12d,0,"Redundant screenshots, temporary logs or simulation frame dump; not a design source"
out/stress/microduck-hip-bracket_standing_PLA/microduck-hip-bracket_standing.cvg,274,"Redundant screenshots, temporary logs or simulation frame dump; not a design source"
out/stress/microduck-hip-bracket_standing_PLA/microduck-hip-bracket_standing.dat,0,"Redundant screenshots, temporary logs or simulation frame dump; not a design source"
out/stress/microduck-hip-bracket_standing_PLA/microduck-hip-bracket_standing.frd,3014917,"Redundant screenshots, temporary logs or simulation frame dump; not a design source"
out/stress/microduck-hip-bracket_standing_PLA/microduck-hip-bracket_standing.inp,785347,"Redundant screenshots, temporary logs or simulation frame dump; not a design source"
out/stress/microduck-hip-bracket_standing_PLA/microduck-hip-bracket_standing.sta,170,"Redundant screenshots, temporary logs or simulation frame dump; not a design source"
out/stress/microduck-hip-bracket_standing_PLA/spooles.out,0,"Redundant screenshots, temporary logs or simulation frame dump; not a design source"
out/stress/microduck-shin/microduck-shin_mesh.inp,1323677,"Redundant screenshots, temporary logs or simulation frame dump; not a design source"
out/stress/microduck-shin/microduck-shin_standing.12d,0,"Redundant screenshots, temporary logs or simulation frame dump; not a design source"
out/stress/microduck-shin/microduck-shin_standing.cvg,274,"Redundant screenshots, temporary logs or simulation frame dump; not a design source"
out/stress/microduck-shin/microduck-shin_standing.dat,0,"Redundant screenshots, temporary logs or simulation frame dump; not a design source"
out/stress/microduck-shin/microduck-shin_standing.frd,3755310,"Redundant screenshots, temporary logs or simulation frame dump; not a design source"
out/stress/microduck-shin/microduck-shin_standing.inp,955703,"Redundant screenshots, temporary logs or simulation frame dump; not a design source"
out/stress/microduck-shin/microduck-shin_standing.sta,170,"Redundant screenshots, temporary logs or simulation frame dump; not a design source"
out/stress/microduck-shin/spooles.out,0,"Redundant screenshots, temporary logs or simulation frame dump; not a design source"
out/stress/microduck-shin_landing_PLA/microduck-shin_landing.12d,0,"Redundant screenshots, temporary logs or simulation frame dump; not a design source"
out/stress/microduck-shin_landing_PLA/microduck-shin_landing.cvg,274,"Redundant screenshots, temporary logs or simulation frame dump; not a design source"
out/stress/microduck-shin_landing_PLA/microduck-shin_landing.dat,0,"Redundant screenshots, temporary logs or simulation frame dump; not a design source"
out/stress/microduck-shin_landing_PLA/microduck-shin_landing.frd,3755310,"Redundant screenshots, temporary logs or simulation frame dump; not a design source"
out/stress/microduck-shin_landing_PLA/microduck-shin_landing.inp,955659,"Redundant screenshots, temporary logs or simulation frame dump; not a design source"
out/stress/microduck-shin_landing_PLA/microduck-shin_landing.sta,170,"Redundant screenshots, temporary logs or simulation frame dump; not a design source"
out/stress/microduck-shin_landing_PLA/microduck-shin_mesh.inp,1323707,"Redundant screenshots, temporary logs or simulation frame dump; not a design source"
out/stress/microduck-shin_landing_PLA/spooles.out,0,"Redundant screenshots, temporary logs or simulation frame dump; not a design source"
out/stress/microduck-shin_lateral_PLA/microduck-shin_lateral.12d,0,"Redundant screenshots, temporary logs or simulation frame dump; not a design source"
out/stress/microduck-shin_lateral_PLA/microduck-shin_lateral.cvg,274,"Redundant screenshots, temporary logs or simulation frame dump; not a design source"
out/stress/microduck-shin_lateral_PLA/microduck-shin_lateral.dat,0,"Redundant screenshots, temporary logs or simulation frame dump; not a design source"
out/stress/microduck-shin_lateral_PLA/microduck-shin_lateral.frd,3755310,"Redundant screenshots, temporary logs or simulation frame dump; not a design source"
out/stress/microduck-shin_lateral_PLA/microduck-shin_lateral.inp,955655,"Redundant screenshots, temporary logs or simulation frame dump; not a design source"
out/stress/microduck-shin_lateral_PLA/microduck-shin_lateral.sta,170,"Redundant screenshots, temporary logs or simulation frame dump; not a design source"
out/stress/microduck-shin_lateral_PLA/microduck-shin_mesh.inp,1323742,"Redundant screenshots, temporary logs or simulation frame dump; not a design source"
out/stress/microduck-shin_lateral_PLA/spooles.out,0,"Redundant screenshots, temporary logs or simulation frame dump; not a design source"
out/stress/microduck-shin_standing_PLA/microduck-shin_mesh.inp,1323694,"Redundant screenshots, temporary logs or simulation frame dump; not a design source"
out/stress/microduck-shin_standing_PLA/microduck-shin_standing.12d,0,"Redundant screenshots, temporary logs or simulation frame dump; not a design source"
out/stress/microduck-shin_standing_PLA/microduck-shin_standing.cvg,274,"Redundant screenshots, temporary logs or simulation frame dump; not a design source"
out/stress/microduck-shin_standing_PLA/microduck-shin_standing.dat,0,"Redundant screenshots, temporary logs or simulation frame dump; not a design source"
out/stress/microduck-shin_standing_PLA/microduck-shin_standing.frd,3755310,"Redundant screenshots, temporary logs or simulation frame dump; not a design source"
out/stress/microduck-shin_standing_PLA/microduck-shin_standing.inp,955718,"Redundant screenshots, temporary logs or simulation frame dump; not a design source"
out/stress/microduck-shin_standing_PLA/microduck-shin_standing.sta,170,"Redundant screenshots, temporary logs or simulation frame dump; not a design source"
out/stress/microduck-shin_standing_PLA/spooles.out,0,"Redundant screenshots, temporary logs or simulation frame dump; not a design source"
out/stress/microduck-upper-leg-left/microduck-upper-leg-left_mesh.inp,1297149,"Redundant screenshots, temporary logs or simulation frame dump; not a design source"
out/stress/microduck-upper-leg-left_landing_PLA/microduck-upper-leg-left_mesh.inp,7129698,"Redundant screenshots, temporary logs or simulation frame dump; not a design source"
out/stress/microduck-upper-leg-left_lateral_PLA/microduck-upper-leg-left_mesh.inp,7129713,"Redundant screenshots, temporary logs or simulation frame dump; not a design source"
out/stress/microduck-upper-leg-left_standing_PLA/microduck-upper-leg-left_mesh.inp,7129701,"Redundant screenshots, temporary logs or simulation frame dump; not a design source"
out/stress/run.log,438,"Redundant screenshots, temporary logs or simulation frame dump; not a design source"
out/testplan/h-elec.png,130903,"Redundant screenshots, temporary logs or simulation frame dump; not a design source"
out/testplan/h-limp.png,190260,"Redundant screenshots, temporary logs or simulation frame dump; not a design source"
out/testplan/h-open-toml.png,277777,"Redundant screenshots, temporary logs or simulation frame dump; not a design source"
out/testplan/h-open.png,177440,"Redundant screenshots, temporary logs or simulation frame dump; not a design source"
out/testplan/h-rd04.png,158233,"Redundant screenshots, temporary logs or simulation frame dump; not a design source"
out/testplan/h-registers.png,136458,"Redundant screenshots, temporary logs or simulation frame dump; not a design source"
out/testplan/h-resolved-tof.png,290214,"Redundant screenshots, temporary logs or simulation frame dump; not a design source"
out/testplan/h-sens-imu-basis.png,148147,"Redundant screenshots, temporary logs or simulation frame dump; not a design source"
out/testplan/h-sens-imu.png,128166,"Redundant screenshots, temporary logs or simulation frame dump; not a design source"
out/testplan/h-sens-tof-basis.png,234006,"Redundant screenshots, temporary logs or simulation frame dump; not a design source"
out/testplan/h-sens-tof.png,141857,"Redundant screenshots, temporary logs or simulation frame dump; not a design source"
out/testplan/h-servo.png,150258,"Redundant screenshots, temporary logs or simulation frame dump; not a design source"
out/testplan/h-sw02.png,174468,"Redundant screenshots, temporary logs or simulation frame dump; not a design source"
out/testplan/h-top.png,146632,"Redundant screenshots, temporary logs or simulation frame dump; not a design source"
out/testplan/h-walk-gate.png,270088,"Redundant screenshots, temporary logs or simulation frame dump; not a design source"
out/testplan/h-walk-note.png,257686,"Redundant screenshots, temporary logs or simulation frame dump; not a design source"
out/testplan/h-walk.png,157413,"Redundant screenshots, temporary logs or simulation frame dump; not a design source"
out/testplan/tp-top.png,242403,"Redundant screenshots, temporary logs or simulation frame dump; not a design source"
out/testplan/tp2-endurance.png,272899,"Redundant screenshots, temporary logs or simulation frame dump; not a design source"
out/testplan/tp2-eol.png,237149,"Redundant screenshots, temporary logs or simulation frame dump; not a design source"
out/testplan/tp2-open.png,318002,"Redundant screenshots, temporary logs or simulation frame dump; not a design source"
out/testplan/tp2-radios.png,199461,"Redundant screenshots, temporary logs or simulation frame dump; not a design source"
out/testplan/tp2-resolved.png,338729,"Redundant screenshots, temporary logs or simulation frame dump; not a design source"
out/testplan/tp2-sn09.png,261822,"Redundant screenshots, temporary logs or simulation frame dump; not a design source"
out/testplan/tp2-th01.png,268679,"Redundant screenshots, temporary logs or simulation frame dump; not a design source"
out/testplan/tp2-top.png,228830,"Redundant screenshots, temporary logs or simulation frame dump; not a design source"
out/testplan/tp3-top.png,228496,"Redundant screenshots, temporary logs or simulation frame dump; not a design source"
out/testplan/tp3-walk.png,253636,"Redundant screenshots, temporary logs or simulation frame dump; not a design source"
out/testplan/tp4-registers.png,230941,"Redundant screenshots, temporary logs or simulation frame dump; not a design source"
out/testplan/tp5-stack.png,321728,"Redundant screenshots, temporary logs or simulation frame dump; not a design source"
out/testplan/tp6-final-open.png,334369,"Redundant screenshots, temporary logs or simulation frame dump; not a design source"
out/testplan/tp6-final-top.png,230401,"Redundant screenshots, temporary logs or simulation frame dump; not a design source"
out/trunk-shells/ref_left_shell_front.png,88121,"Redundant screenshots, temporary logs or simulation frame dump; not a design source"
out/trunk-shells/ref_left_shell_iso.png,136958,"Redundant screenshots, temporary logs or simulation frame dump; not a design source"
out/trunk-shells/ref_left_shell_top.png,56724,"Redundant screenshots, temporary logs or simulation frame dump; not a design source"
out/trunk-shells/ref_right_shell_front.png,68920,"Redundant screenshots, temporary logs or simulation frame dump; not a design source"
out/trunk-shells/ref_right_shell_iso.png,120753,"Redundant screenshots, temporary logs or simulation frame dump; not a design source"
out/trunk-shells/ref_right_shell_top.png,57257,"Redundant screenshots, temporary logs or simulation frame dump; not a design source"
out/trunk-shells/sec_left_x-1.png,52037,"Redundant screenshots, temporary logs or simulation frame dump; not a design source"
out/trunk-shells/sec_left_x10.png,60207,"Redundant screenshots, temporary logs or simulation frame dump; not a design source"
out/trunk-shells/sec_left_x16.png,75681,"Redundant screenshots, temporary logs or simulation frame dump; not a design source"
out/trunk-shells/sec_left_x22.png,86074,"Redundant screenshots, temporary logs or simulation frame dump; not a design source"
out/trunk-shells/sec_left_x5.png,60224,"Redundant screenshots, temporary logs or simulation frame dump; not a design source"
out/trunk-shells/sec_left_y-10.png,48388,"Redundant screenshots, temporary logs or simulation frame dump; not a design source"
out/trunk-shells/sec_left_y-22.png,27415,"Redundant screenshots, temporary logs or simulation frame dump; not a design source"
out/trunk-shells/sec_left_y15.png,50115,"Redundant screenshots, temporary logs or simulation frame dump; not a design source"
out/trunk-shells/sec_left_y35.png,59895,"Redundant screenshots, temporary logs or simulation frame dump; not a design source"
out/trunk-shells/sec_left_z30.png,51993,"Redundant screenshots, temporary logs or simulation frame dump; not a design source"
out/trunk-shells/sec_left_z45.png,60220,"Redundant screenshots, temporary logs or simulation frame dump; not a design source"
out/trunk-shells/sec_left_z54.png,67271,"Redundant screenshots, temporary logs or simulation frame dump; not a design source"
out/trunk-shells/sec_right_x-16.png,75691,"Redundant screenshots, temporary logs or simulation frame dump; not a design source"
out/trunk-shells/sec_right_x-5.png,60059,"Redundant screenshots, temporary logs or simulation frame dump; not a design source"
out/trunk-shells/sec_right_y-10.png,48541,"Redundant screenshots, temporary logs or simulation frame dump; not a design source"
out/trunk-shells/sec_right_y35.png,58522,"Redundant screenshots, temporary logs or simulation frame dump; not a design source"
out/trunk-shells/sec_right_z30.png,52189,"Redundant screenshots, temporary logs or simulation frame dump; not a design source"
out/trunk-shells/sec_right_z45.png,60782,"Redundant screenshots, temporary logs or simulation frame dump; not a design source"
out/trunk-shells/sec_right_z54.png,68441,"Redundant screenshots, temporary logs or simulation frame dump; not a design source"
out/trunk-shells/sl,160,"Redundant screenshots, temporary logs or simulation frame dump; not a design source"
out/verify/electronics_verify.journal.jsonl,88542,"Redundant screenshots, temporary logs or simulation frame dump; not a design source"
out/verify/head-our-render.png,101706,"Redundant screenshots, temporary logs or simulation frame dump; not a design source"
out/verify/head-product-photo.png,916444,"Redundant screenshots, temporary logs or simulation frame dump; not a design source"
out/verify/manufacturing_partial.journal.jsonl,643584,"Redundant screenshots, temporary logs or simulation frame dump; not a design source"
out/verify/mech.log,3979,"Redundant screenshots, temporary logs or simulation frame dump; not a design source"
out/viewer-proof/01-assembly-stand.png,592765,"Redundant screenshots, temporary logs or simulation frame dump; not a design source"
out/viewer-proof/01-stand.png,44866,"Redundant screenshots, temporary logs or simulation frame dump; not a design source"
out/viewer-proof/02-parts-exploded.png,635241,"Redundant screenshots, temporary logs or simulation frame dump; not a design source"
out/viewer-proof/_probe.png,30525,"Redundant screenshots, temporary logs or simulation frame dump; not a design source"
out/wiring/solids-hat.json.partial,3829,"Redundant screenshots, temporary logs or simulation frame dump; not a design source"
out/wiring/solids.json.partial,39499,"Redundant screenshots, temporary logs or simulation frame dump; not a design source"
reference/makerworld-3250889/archive/Microduck+机器鸭结构件（仿真模型导出+·+15+分件）.zip,16124216,"Redundant screenshots, temporary logs or simulation frame dump; not a design source"
reference/makerworld-3250889/page/images/01_躯干主体.jpeg,15320,"Redundant screenshots, temporary logs or simulation frame dump; not a design source"
reference/makerworld-3250889/page/images/02_左髋yaw-roll.jpeg,16126,"Redundant screenshots, temporary logs or simulation frame dump; not a design source"
reference/makerworld-3250889/page/images/03_左髋roll.jpeg,13803,"Redundant screenshots, temporary logs or simulation frame dump; not a design source"
reference/makerworld-3250889/page/images/04_左大腿.jpeg,19343,"Redundant screenshots, temporary logs or simulation frame dump; not a design source"
reference/makerworld-3250889/page/images/05_左小腿.jpeg,13044,"Redundant screenshots, temporary logs or simulation frame dump; not a design source"
reference/makerworld-3250889/page/images/06_左踝脚.jpeg,15289,"Redundant screenshots, temporary logs or simulation frame dump; not a design source"
reference/makerworld-3250889/page/images/07_颈根.jpeg,14919,"Redundant screenshots, temporary logs or simulation frame dump; not a design source"
reference/makerworld-3250889/page/images/08_颈俯仰.jpeg,15226,"Redundant screenshots, temporary logs or simulation frame dump; not a design source"
reference/makerworld-3250889/page/images/09_头yaw-roll.jpeg,15932,"Redundant screenshots, temporary logs or simulation frame dump; not a design source"
reference/makerworld-3250889/page/images/10_头部总成.jpeg,11807,"Redundant screenshots, temporary logs or simulation frame dump; not a design source"
reference/makerworld-3250889/page/images/11_右髋yaw-roll.jpeg,16135,"Redundant screenshots, temporary logs or simulation frame dump; not a design source"
reference/makerworld-3250889/page/images/12_右髋roll.jpeg,15121,"Redundant screenshots, temporary logs or simulation frame dump; not a design source"
reference/makerworld-3250889/page/images/13_右大腿.jpeg,10450,"Redundant screenshots, temporary logs or simulation frame dump; not a design source"
reference/makerworld-3250889/page/images/14_右小腿.jpeg,12906,"Redundant screenshots, temporary logs or simulation frame dump; not a design source"
reference/makerworld-3250889/page/images/15_右踝脚.jpeg,15870,"Redundant screenshots, temporary logs or simulation frame dump; not a design source"
reference/makerworld-3250889/page/images/cover.jpg,225761,"Redundant screenshots, temporary logs or simulation frame dump; not a design source"
reference/makerworld-3250889/page/images/coverPortrait.webp,741299,"Redundant screenshots, temporary logs or simulation frame dump; not a design source"
reference/makerworld-3250889/page/page-shot-cloudflare.png,42558,"Redundant screenshots, temporary logs or simulation frame dump; not a design source"
reference/makerworld-3250889/upstream-github-fanhao375-microduck-replica/.gitattributes,26,Hidden local configuration excluded
reference/makerworld-3250889/upstream-github-fanhao375-microduck-replica/assembly-drawings/01_正面.png,197328,"Redundant screenshots, temporary logs or simulation frame dump; not a design source"
reference/makerworld-3250889/upstream-github-fanhao375-microduck-replica/assembly-drawings/02_侧面.png,228785,"Redundant screenshots, temporary logs or simulation frame dump; not a design source"
reference/makerworld-3250889/upstream-github-fanhao375-microduck-replica/assembly-drawings/03_背面.png,200077,"Redundant screenshots, temporary logs or simulation frame dump; not a design source"
reference/makerworld-3250889/upstream-github-fanhao375-microduck-replica/assembly-drawings/04_四分之三.png,262750,"Redundant screenshots, temporary logs or simulation frame dump; not a design source"
reference/makerworld-3250889/upstream-github-fanhao375-microduck-replica/assembly-drawings/05_爆炸图_侧面.png,229812,"Redundant screenshots, temporary logs or simulation frame dump; not a design source"
reference/makerworld-3250889/upstream-github-fanhao375-microduck-replica/assembly-drawings/06_爆炸图_四分之三.png,260360,"Redundant screenshots, temporary logs or simulation frame dump; not a design source"
reference/makerworld-3250889/upstream-github-fanhao375-microduck-replica/assembly-drawings/07_分色对照_装配态.png,291330,"Redundant screenshots, temporary logs or simulation frame dump; not a design source"
reference/makerworld-3250889/upstream-github-fanhao375-microduck-replica/build-log/photos/2026-09-02-首批打印件.jpg,641474,"Redundant screenshots, temporary logs or simulation frame dump; not a design source"
reference/pollen-elec-rpi-robot-hat/.gitignore,384,"Redundant screenshots, temporary logs or simulation frame dump; not a design source"
reference/pollen-elec-rpi-robot-hat/docs/img/elec_RPI_Robot_HAT.png,550897,"Redundant screenshots, temporary logs or simulation frame dump; not a design source"
reference/pollen-elec-rpi-robot-hat/elec_RPI_Robot_HAT.kicad_prl,2305,"Redundant screenshots, temporary logs or simulation frame dump; not a design source"
reference/pollen-elec-rpi-robot-hat/production/ASE01187-C1_elec_RPI_Robot_HAT_STEP.zip,3409647,"Redundant screenshots, temporary logs or simulation frame dump; not a design source"
reference/pollen-elec-rpi-robot-hat/production/PCB01186-C1_elec_RPI_Robot_HAT_PCB.zip,323691,"Redundant screenshots, temporary logs or simulation frame dump; not a design source"
reference/pollen-microduck-rl/render.log,204,"Redundant screenshots, temporary logs or simulation frame dump; not a design source"
reference/pollen-microduck-rl/renders/INIT_back.png,87275,"Redundant screenshots, temporary logs or simulation frame dump; not a design source"
reference/pollen-microduck-rl/renders/INIT_front.png,74341,"Redundant screenshots, temporary logs or simulation frame dump; not a design source"
reference/pollen-microduck-rl/renders/INIT_side.png,71259,"Redundant screenshots, temporary logs or simulation frame dump; not a design source"
reference/pollen-microduck-rl/renders/INIT_top.png,69143,"Redundant screenshots, temporary logs or simulation frame dump; not a design source"
reference/pollen-microduck-rl/renders/STAND_back.png,100011,"Redundant screenshots, temporary logs or simulation frame dump; not a design source"
reference/pollen-microduck-rl/renders/STAND_front.png,86867,"Redundant screenshots, temporary logs or simulation frame dump; not a design source"
reference/pollen-microduck-rl/renders/STAND_side.png,75455,"Redundant screenshots, temporary logs or simulation frame dump; not a design source"
reference/pollen-microduck-rl/renders/STAND_top.png,65689,"Redundant screenshots, temporary logs or simulation frame dump; not a design source"
reference/pollen-microduck-rl/renders/leg_front.png,236095,"Redundant screenshots, temporary logs or simulation frame dump; not a design source"
reference/pollen-microduck-rl/renders/leg_iso.png,227385,"Redundant screenshots, temporary logs or simulation frame dump; not a design source"
reference/pollen-microduck-rl/renders/leg_left.png,81737,"Redundant screenshots, temporary logs or simulation frame dump; not a design source"
reference/pollen-microduck-rl/renders/leg_top.png,124913,"Redundant screenshots, temporary logs or simulation frame dump; not a design source"
reference/pollen-microduck-rl-develop/microduck/assets/ankle_l_v1.part,377,"Redundant screenshots, temporary logs or simulation frame dump; not a design source"
reference/pollen-microduck-rl-develop/microduck/assets/ankle_left.part,377,"Redundant screenshots, temporary logs or simulation frame dump; not a design source"
reference/pollen-microduck-rl-develop/microduck/assets/ankle_r_v1.part,377,"Redundant screenshots, temporary logs or simulation frame dump; not a design source"
reference/pollen-microduck-rl-develop/microduck/assets/ankle_right.part,378,"Redundant screenshots, temporary logs or simulation frame dump; not a design source"
reference/pollen-microduck-rl-develop/microduck/assets/banana_pcb_locker.part,384,"Redundant screenshots, temporary logs or simulation frame dump; not a design source"
reference/pollen-microduck-rl-develop/microduck/assets/bearing_roll.part,379,"Redundant screenshots, temporary logs or simulation frame dump; not a design source"
reference/pollen-microduck-rl-develop/microduck/assets/bottom_head_shell.part,383,"Redundant screenshots, temporary logs or simulation frame dump; not a design source"
reference/pollen-microduck-rl-develop/microduck/assets/elec_rpi_robot_hat_pcb.part,388,"Redundant screenshots, temporary logs or simulation frame dump; not a design source"
reference/pollen-microduck-rl-develop/microduck/assets/face_part.part,376,"Redundant screenshots, temporary logs or simulation frame dump; not a design source"
reference/pollen-microduck-rl-develop/microduck/assets/foot_left.part,376,"Redundant screenshots, temporary logs or simulation frame dump; not a design source"
reference/pollen-microduck-rl-develop/microduck/assets/foot_right.part,377,"Redundant screenshots, temporary logs or simulation frame dump; not a design source"
reference/pollen-microduck-rl-develop/microduck/assets/hip_l.part,372,"Redundant screenshots, temporary logs or simulation frame dump; not a design source"
reference/pollen-microduck-rl-develop/microduck/assets/jaw.part,369,"Redundant screenshots, temporary logs or simulation frame dump; not a design source"
reference/pollen-microduck-rl-develop/microduck/assets/jaw_soft.part,426,"Redundant screenshots, temporary logs or simulation frame dump; not a design source"
reference/pollen-microduck-rl-develop/microduck/assets/left_shell.part,377,"Redundant screenshots, temporary logs or simulation frame dump; not a design source"
reference/pollen-microduck-rl-develop/microduck/assets/leg.part,370,"Redundant screenshots, temporary logs or simulation frame dump; not a design source"
reference/pollen-microduck-rl-develop/microduck/assets/lens.part,370,"Redundant screenshots, temporary logs or simulation frame dump; not a design source"
reference/pollen-microduck-rl-develop/microduck/assets/m12_lens_holder.part,381,"Redundant screenshots, temporary logs or simulation frame dump; not a design source"
reference/pollen-microduck-rl-develop/microduck/assets/motor_support.part,380,"Redundant screenshots, temporary logs or simulation frame dump; not a design source"
reference/pollen-microduck-rl-develop/microduck/assets/neck.part,371,"Redundant screenshots, temporary logs or simulation frame dump; not a design source"
reference/pollen-microduck-rl-develop/microduck/assets/neck_pitch.part,428,"Redundant screenshots, temporary logs or simulation frame dump; not a design source"
reference/pollen-microduck-rl-develop/microduck/assets/noenoeil.part,375,"Redundant screenshots, temporary logs or simulation frame dump; not a design source"
reference/pollen-microduck-rl-develop/microduck/assets/np_f970.part,373,"Redundant screenshots, temporary logs or simulation frame dump; not a design source"
reference/pollen-microduck-rl-develop/microduck/assets/pcb__raspberry_pi_zero_2_w.part,393,"Redundant screenshots, temporary logs or simulation frame dump; not a design source"
reference/pollen-microduck-rl-develop/microduck/assets/power_support.part,380,"Redundant screenshots, temporary logs or simulation frame dump; not a design source"
reference/pollen-microduck-rl-develop/microduck/assets/right_shell.part,378,"Redundant screenshots, temporary logs or simulation frame dump; not a design source"
reference/pollen-microduck-rl-develop/microduck/assets/rim.part,421,"Redundant screenshots, temporary logs or simulation frame dump; not a design source"
reference/pollen-microduck-rl-develop/microduck/assets/roller_blade.part,430,"Redundant screenshots, temporary logs or simulation frame dump; not a design source"
reference/pollen-microduck-rl-develop/microduck/assets/seeed_bearing__configuration__22x16x4.part,421,"Redundant screenshots, temporary logs or simulation frame dump; not a design source"
reference/pollen-microduck-rl-develop/microduck/assets/seeed_bearing__configuration_default.part,420,"Redundant screenshots, temporary logs or simulation frame dump; not a design source"
reference/pollen-microduck-rl-develop/microduck/assets/soft_mouth_top.part,432,"Redundant screenshots, temporary logs or simulation frame dump; not a design source"
reference/pollen-microduck-rl-develop/microduck/assets/sole_left.part,376,"Redundant screenshots, temporary logs or simulation frame dump; not a design source"
reference/pollen-microduck-rl-develop/microduck/assets/sole_right.part,377,"Redundant screenshots, temporary logs or simulation frame dump; not a design source"
reference/pollen-microduck-rl-develop/microduck/assets/speaker.part,373,"Redundant screenshots, temporary logs or simulation frame dump; not a design source"
reference/pollen-microduck-rl-develop/microduck/assets/tire.part,422,"Redundant screenshots, temporary logs or simulation frame dump; not a design source"
reference/pollen-microduck-rl-develop/microduck/assets/top_head_shell.part,380,"Redundant screenshots, temporary logs or simulation frame dump; not a design source"
reference/pollen-microduck-rl-develop/microduck/assets/trunk_base.part,377,"Redundant screenshots, temporary logs or simulation frame dump; not a design source"
reference/pollen-microduck-rl-develop/microduck/assets/upper_leg_left.part,381,"Redundant screenshots, temporary logs or simulation frame dump; not a design source"
reference/pollen-microduck-rl-develop/microduck/assets/upper_leg_right.part,382,"Redundant screenshots, temporary logs or simulation frame dump; not a design source"
reference/pollen-microduck-rl-develop/microduck/assets/upper_leg_rigidity_plate.part,391,"Redundant screenshots, temporary logs or simulation frame dump; not a design source"
reference/pollen-microduck-rl-develop/microduck/assets/xl330.part,372,"Redundant screenshots, temporary logs or simulation frame dump; not a design source"
reference/pollen-microduck-rl-develop/microduck/assets/yaw2roll.part,374,"Redundant screenshots, temporary logs or simulation frame dump; not a design source"
reference/pollen-microduck-rl-develop/microduck/assets/yaw_roll_motion.part,382,"Redundant screenshots, temporary logs or simulation frame dump; not a design source"
reference/pollen-microduck-rl-develop/xl330_test_bench/assets/arm.part,369,"Redundant screenshots, temporary logs or simulation frame dump; not a design source"
reference/pollen-microduck-rl-develop/xl330_test_bench/assets/axis.part,370,"Redundant screenshots, temporary logs or simulation frame dump; not a design source"
reference/pollen-microduck-rl-develop/xl330_test_bench/assets/bench_holder.part,378,"Redundant screenshots, temporary logs or simulation frame dump; not a design source"
reference/pollen-microduck-rl-develop/xl330_test_bench/assets/part_1.part,372,"Redundant screenshots, temporary logs or simulation frame dump; not a design source"
reference/pollen-microduck-rl-develop/xl330_test_bench/assets/part_2.part,372,"Redundant screenshots, temporary logs or simulation frame dump; not a design source"
reference/pollen-microduck-rl-develop/xl330_test_bench/assets/part_3.part,372,"Redundant screenshots, temporary logs or simulation frame dump; not a design source"
reference/pollen-microduck-rl-develop/xl330_test_bench/assets/part_4.part,372,"Redundant screenshots, temporary logs or simulation frame dump; not a design source"
reference/pollen-microduck-rl-develop/xl330_test_bench/assets/part_5.part,372,"Redundant screenshots, temporary logs or simulation frame dump; not a design source"
reference/pollen-microduck-rl-develop/xl330_test_bench/assets/spacer.part,372,"Redundant screenshots, temporary logs or simulation frame dump; not a design source"
reference/pollen-microduck-rl-develop/xl330_test_bench/assets/weight.part,372,"Redundant screenshots, temporary logs or simulation frame dump; not a design source"
reference/pollen-microduck-rl-develop/xl330_test_bench/assets/xl330.part,371,"Redundant screenshots, temporary logs or simulation frame dump; not a design source"
reference/pollen-microduck-simulator/assembled/ref_back.png,209462,"Redundant screenshots, temporary logs or simulation frame dump; not a design source"
reference/pollen-microduck-simulator/assembled/ref_front.png,100036,"Redundant screenshots, temporary logs or simulation frame dump; not a design source"
reference/pollen-microduck-simulator/assembled/ref_iso.png,225805,"Redundant screenshots, temporary logs or simulation frame dump; not a design source"
reference/pollen-microduck-simulator/assembled/ref_left.png,77493,"Redundant screenshots, temporary logs or simulation frame dump; not a design source"
reference/pollen-microduck-simulator/assembled/ref_top.png,491427,"Redundant screenshots, temporary logs or simulation frame dump; not a design source"
research/apirrone-repos.tsv,5122,"Redundant screenshots, temporary logs or simulation frame dump; not a design source"
research/bearing-sourcing-2026-09-08/preview.png,244733,"Redundant screenshots, temporary logs or simulation frame dump; not a design source"
research/camera-identity-2026-09-08/official-product.jpg,3290347,"Redundant screenshots, temporary logs or simulation frame dump; not a design source"
research/camera-identity-2026-09-08/preview.png,340087,"Redundant screenshots, temporary logs or simulation frame dump; not a design source"
research/camera-identity-2026-09-08/runtime.rs,24731,"Redundant screenshots, temporary logs or simulation frame dump; not a design source"
research/eye-evidence-correction-2026-09-08/core.patch,14159,"Redundant screenshots, temporary logs or simulation frame dump; not a design source"
research/eye-evidence-correction-2026-09-08/ledger-before.jsonl,5801,"Redundant screenshots, temporary logs or simulation frame dump; not a design source"
research/fastener-source-routes-2026-09-08/misumi-cn-page.png,499361,"Redundant screenshots, temporary logs or simulation frame dump; not a design source"
research/fastener-source-routes-2026-09-08/preview.png,560852,"Redundant screenshots, temporary logs or simulation frame dump; not a design source"
research/hat-pcba-rfq-2026-09-08/official-pcb-sheet-1.png,217924,"Redundant screenshots, temporary logs or simulation frame dump; not a design source"
research/hat-pcba-rfq-2026-09-08/preview.png,288541,"Redundant screenshots, temporary logs or simulation frame dump; not a design source"
research/head-peripherals-sourcing-2026-09-08/preview.png,230440,"Redundant screenshots, temporary logs or simulation frame dump; not a design source"
research/imu-contact-identity-2026-09-08/duck-control_src_imu.rs,13702,"Redundant screenshots, temporary logs or simulation frame dump; not a design source"
research/imu-contact-identity-2026-09-08/microduck_rl_banana_pcb_locker.part,384,"Redundant screenshots, temporary logs or simulation frame dump; not a design source"
research/ming-handoff-2026-09-08/BRIEF.html,185627,Private correspondence or earlier delivery package excluded
research/ming-handoff-2026-09-08/MESSAGE.txt,1492,Private correspondence or earlier delivery package excluded
research/ming-handoff-2026-09-08/Microduck-Ming-20260908-A.zip,713860,Private correspondence or earlier delivery package excluded
research/ming-handoff-2026-09-08/build.py,13242,Private correspondence or earlier delivery package excluded
research/ming-handoff-2026-09-08/manifest.json,7587,Private correspondence or earlier delivery package excluded
research/ming-handoff-2026-09-08/preview.png,362044,Private correspondence or earlier delivery package excluded
research/ming-handoff-2026-09-08/references/docs/RECREATION-2026-09-08.md,9373,Private correspondence or earlier delivery package excluded
research/ming-handoff-2026-09-08/references/images/store/store_microduck-cream-standing-profile-left.jpg,123048,Private correspondence or earlier delivery package excluded
research/ming-handoff-2026-09-08/references/out/drawings/microduck-ankle-left/microduck-ankle-left.svg,253138,Private correspondence or earlier delivery package excluded
research/ming-handoff-2026-09-08/references/out/drawings/microduck-ankle-left/result.json,5461,Private correspondence or earlier delivery package excluded
research/ming-handoff-2026-09-08/references/out/drawings/microduck-shin/microduck-shin.svg,174194,Private correspondence or earlier delivery package excluded
research/ming-handoff-2026-09-08/references/out/drawings/microduck-shin/result.json,5044,Private correspondence or earlier delivery package excluded
research/ming-handoff-2026-09-08/references/out/drawings/microduck-top-head-shell/microduck-top-head-shell.svg,417935,Private correspondence or earlier delivery package excluded
research/ming-handoff-2026-09-08/references/out/drawings/microduck-top-head-shell/result.json,4729,Private correspondence or earlier delivery package excluded
research/ming-handoff-2026-09-08/references/out/open/identity-evidence/hat/ASE01187-C1_elec_RPI_Robot_HAT_BOM.csv,2317,Private correspondence or earlier delivery package excluded
research/ming-handoff-2026-09-08/references/out/open/identity-evidence/hat/ASE01187-C1_elec_RPI_Robot_HAT_POS.csv,4255,Private correspondence or earlier delivery package excluded
research/ming-handoff-2026-09-08/references/out/open/identity-evidence/hat/LICENSE,11357,Private correspondence or earlier delivery package excluded
research/ming-handoff-2026-09-08/references/research/official-hat-audit-2026-09-08.json,3570,Private correspondence or earlier delivery package excluded
research/ming-handoff-2026-09-08/update-b/MESSAGE.txt,1101,Private correspondence or earlier delivery package excluded
research/ming-handoff-2026-09-08/update-b/Microduck-Ming-20260908-B.zip,2846885,Private correspondence or earlier delivery package excluded
research/ming-handoff-2026-09-08/update-b/READ-FIRST.html,3354,Private correspondence or earlier delivery package excluded
research/ming-handoff-2026-09-08/update-b/build-verification.json,226,Private correspondence or earlier delivery package excluded
research/ming-handoff-2026-09-08/update-b/build.py,6058,Private correspondence or earlier delivery package excluded
research/ming-handoff-2026-09-08/update-b/delivery-ui.png,282386,Private correspondence or earlier delivery package excluded
research/ming-handoff-2026-09-08/update-b/delivery.json,1318,Private correspondence or earlier delivery package excluded
research/ming-handoff-2026-09-08/update-b/evidence/ce-parts/microduck-public-hat-y1/datasheet.pdf,1869841,Private correspondence or earlier delivery package excluded
research/ming-handoff-2026-09-08/update-b/evidence/ce-parts/microduck-public-hat-y1/docs/SOURCE-FACTS.json,4144,Private correspondence or earlier delivery package excluded
research/ming-handoff-2026-09-08/update-b/evidence/reference/pollen-elec-rpi-robot-hat/production/PCB01186-C1_elec_RPI_Robot_HAT_PCB.zip,323691,Private correspondence or earlier delivery package excluded
research/ming-handoff-2026-09-08/update-b/evidence/research/bearing-sourcing-2026-09-08/REPORT.html,10595,Private correspondence or earlier delivery package excluded
research/ming-handoff-2026-09-08/update-b/evidence/research/bearing-sourcing-2026-09-08/conditional-rfq.csv,7222,Private correspondence or earlier delivery package excluded
research/ming-handoff-2026-09-08/update-b/evidence/research/camera-identity-2026-09-08/REPORT.html,8617,Private correspondence or earlier delivery package excluded
research/ming-handoff-2026-09-08/update-b/evidence/research/fastener-reconciliation-2026-09-08/AUDIT.md,4337,Private correspondence or earlier delivery package excluded
research/ming-handoff-2026-09-08/update-b/evidence/research/fastener-reconciliation-2026-09-08/per-line.csv,2797,Private correspondence or earlier delivery package excluded
research/ming-handoff-2026-09-08/update-b/evidence/research/hat-orientation-audit-2026-09-08.json,1439,Private correspondence or earlier delivery package excluded
research/ming-handoff-2026-09-08/update-b/evidence/research/hat-pcba-rfq-2026-09-08/APPENDIX.html,24186,Private correspondence or earlier delivery package excluded
research/ming-handoff-2026-09-08/update-b/evidence/research/hat-pcba-rfq-2026-09-08/audit.json,20875,Private correspondence or earlier delivery package excluded
research/ming-handoff-2026-09-08/update-b/evidence/research/hat-pcba-rfq-2026-09-08/conditional-pcba-quote.csv,28495,Private correspondence or earlier delivery package excluded
research/ming-handoff-2026-09-08/update-b/evidence/research/hat-pcba-rfq-2026-09-08/manifest.json,7239,Private correspondence or earlier delivery package excluded
research/ming-handoff-2026-09-08/update-b/evidence/research/imu-contact-identity-2026-09-08/AUDIT.md,5421,Private correspondence or earlier delivery package excluded
research/ming-handoff-2026-09-08/update-b/evidence/research/ming-handoff-2026-09-08/Microduck-Ming-20260908-A.zip,713860,Private correspondence or earlier delivery package excluded
research/ming-handoff-2026-09-08/update-b/evidence/research/original-unit-route-2026-09-08/BRIEF.html,4966,Private correspondence or earlier delivery package excluded
research/ming-handoff-2026-09-08/update-b/evidence/research/servo-power-audit-2026-09-08/AUDIT.md,6179,Private correspondence or earlier delivery package excluded
research/ming-handoff-2026-09-08/update-b/manifest.json,4777,Private correspondence or earlier delivery package excluded
research/ming-handoff-2026-09-08/verification.json,339,Private correspondence or earlier delivery package excluded
research/ming-parts-request-2026-09-08/CRM-UPDATE.json,338,Private correspondence or earlier delivery package excluded
research/ming-parts-request-2026-09-08/DELIVERY.json,1338,Private correspondence or earlier delivery package excluded
research/ming-parts-request-2026-09-08/MESSAGE.txt,2976,Private correspondence or earlier delivery package excluded
research/ming-parts-request-2026-09-08/SOURCE-LIST.csv,9538,Private correspondence or earlier delivery package excluded
research/ming-parts-request-2026-09-08/SOURCES.md,2553,Private correspondence or earlier delivery package excluded
research/ming-parts-request-2026-09-08/UI-OBSERVED-TEXT.txt,2976,Private correspondence or earlier delivery package excluded
research/ming-parts-request-2026-09-08/manifest.json,1062,Private correspondence or earlier delivery package excluded
research/ming-parts-request-2026-09-08/wechat-outgoing.png,341867,Private correspondence or earlier delivery package excluded
research/networking-2026-09-08/DESKTOP-CHECKPOINT.json,6579,Private correspondence or earlier delivery package excluded
research/networking-2026-09-08/INBOX.md,1461,Private correspondence or earlier delivery package excluded
research/networking-2026-09-08/NETWORK-CRM-UPDATE.json,358,Private correspondence or earlier delivery package excluded
research/networking-2026-09-08/allnet-zero3w.json,21982,Private correspondence or earlier delivery package excluded
research/networking-2026-09-08/ameridroid-zero3w.json,8909,Private correspondence or earlier delivery package excluded
research/networking-2026-09-08/arace-zero3w.json,21490,Private correspondence or earlier delivery package excluded
research/networking-2026-09-08/check-1424.json,936,Private correspondence or earlier delivery package excluded
research/networking-2026-09-08/check-1436-provisional.json,516,Private correspondence or earlier delivery package excluded
research/networking-2026-09-08/check-1436.json,1612,Private correspondence or earlier delivery package excluded
research/networking-2026-09-08/check-1450.json,1363,Private correspondence or earlier delivery package excluded
research/networking-2026-09-08/claude-caption-output.json,2616,Private correspondence or earlier delivery package excluded
research/networking-2026-09-08/claude-caption-stderr.txt,0,Private correspondence or earlier delivery package excluded
research/networking-2026-09-08/contacts-crm-import.json,2366,Private correspondence or earlier delivery package excluded
research/networking-2026-09-08/contacts-snapshot.json,6908,Private correspondence or earlier delivery package excluded
research/networking-2026-09-08/contacts-visible-pages.json,2196,Private correspondence or earlier delivery package excluded
research/networking-2026-09-08/head-critical-source-matrix.csv,7559,Private correspondence or earlier delivery package excluded
research/networking-2026-09-08/head-critical-source-matrix.md,8367,Private correspondence or earlier delivery package excluded
research/networking-2026-09-08/image-deliveries.json,2200,Private correspondence or earlier delivery package excluded
research/networking-2026-09-08/inbox-check-1450.png,443051,Private correspondence or earlier delivery package excluded
research/networking-2026-09-08/joey-check-1424.png,299004,Private correspondence or earlier delivery package excluded
research/networking-2026-09-08/joey-check-1436.png,298244,Private correspondence or earlier delivery package excluded
research/networking-2026-09-08/joey-image-caption.txt,177,Private correspondence or earlier delivery package excluded
research/networking-2026-09-08/joey-image-sent.png,300677,Private correspondence or earlier delivery package excluded
research/networking-2026-09-08/joey-outreach-delivery.json,305,Private correspondence or earlier delivery package excluded
research/networking-2026-09-08/joey-outreach-outgoing.png,682609,Private correspondence or earlier delivery package excluded
research/networking-2026-09-08/joey-outreach-ui-text.txt,795,Private correspondence or earlier delivery package excluded
research/networking-2026-09-08/joey-outreach.txt,795,Private correspondence or earlier delivery package excluded
research/networking-2026-09-08/ming-ai-clarification-delivery.json,310,Private correspondence or earlier delivery package excluded
research/networking-2026-09-08/ming-ai-clarification-outgoing.png,283696,Private correspondence or earlier delivery package excluded
research/networking-2026-09-08/ming-ai-clarification-ui-text.txt,450,Private correspondence or earlier delivery package excluded
research/networking-2026-09-08/ming-ai-clarification.txt,450,Private correspondence or earlier delivery package excluded
research/networking-2026-09-08/ming-archive-inventory.json,646,Private correspondence or earlier delivery package excluded
research/networking-2026-09-08/ming-check-1424.png,260447,Private correspondence or earlier delivery package excluded
research/networking-2026-09-08/ming-check-1424.txt,1,Private correspondence or earlier delivery package excluded
research/networking-2026-09-08/ming-check-1436.png,260229,Private correspondence or earlier delivery package excluded
research/networking-2026-09-08/ming-image-caption.txt,178,Private correspondence or earlier delivery package excluded
research/networking-2026-09-08/ming-image-sent.png,85376,Private correspondence or earlier delivery package excluded
research/networking-2026-09-08/ming-incoming.txt,353,Private correspondence or earlier delivery package excluded
research/networking-2026-09-08/ming-reply-delivery.json,310,Private correspondence or earlier delivery package excluded
research/networking-2026-09-08/ming-reply-outgoing.png,256554,Private correspondence or earlier delivery package excluded
research/networking-2026-09-08/ming-reply-ui-text.txt,693,Private correspondence or earlier delivery package excluded
research/networking-2026-09-08/ming-reply.txt,693,Private correspondence or earlier delivery package excluded
research/networking-2026-09-08/own-profile.json,425,Private correspondence or earlier delivery package excluded
research/networking-2026-09-08/own-profile.png,92040,Private correspondence or earlier delivery package excluded
research/networking-2026-09-08/previews-check-1450.png,266435,Private correspondence or earlier delivery package excluded
research/networking-2026-09-08/quantity-proof.json,681,Private correspondence or earlier delivery package excluded
research/networking-2026-09-08/source-evidence-manifest.json,2026,Private correspondence or earlier delivery package excluded
research/networking-2026-09-08/tade-check-1424.png,293282,Private correspondence or earlier delivery package excluded
research/networking-2026-09-08/tade-check-1436.png,307780,Private correspondence or earlier delivery package excluded
research/networking-2026-09-08/tade-image-caption.txt,165,Private correspondence or earlier delivery package excluded
research/networking-2026-09-08/tade-image-sent.png,294829,Private correspondence or earlier delivery package excluded
research/networking-2026-09-08/tade-outreach-delivery.json,310,Private correspondence or earlier delivery package excluded
research/networking-2026-09-08/tade-outreach-outgoing.png,295148,Private correspondence or earlier delivery package excluded
research/networking-2026-09-08/tade-outreach-ui-text.txt,863,Private correspondence or earlier delivery package excluded
research/networking-2026-09-08/tade-outreach.txt,863,Private correspondence or earlier delivery package excluded
research/networking-2026-09-08/thinkrobotics-zero3w.json,35153,Private correspondence or earlier delivery package excluded
research/networking-2026-09-08/ui_send.py,2650,Private correspondence or earlier delivery package excluded
research/original-cad-access-2026-09-08/guest-document.png,174580,"Redundant screenshots, temporary logs or simulation frame dump; not a design source"
research/original-cad-access-2026-09-08/preview.png,478031,"Redundant screenshots, temporary logs or simulation frame dump; not a design source"
research/original-cad-access-2026-09-08/upstream-banana_pcb_locker.part,384,"Redundant screenshots, temporary logs or simulation frame dump; not a design source"
research/original-cad-access-2026-09-08/upstream-jaw_soft.part,426,"Redundant screenshots, temporary logs or simulation frame dump; not a design source"
research/original-cad-access-2026-09-08/upstream-noenoeil.part,375,"Redundant screenshots, temporary logs or simulation frame dump; not a design source"
research/original-cad-access-2026-09-08/upstream-rim.part,421,"Redundant screenshots, temporary logs or simulation frame dump; not a design source"
research/original-cad-access-2026-09-08/upstream-top_head_shell.part,380,"Redundant screenshots, temporary logs or simulation frame dump; not a design source"
research/original-unit-route-2026-09-08/preview.png,211081,"Redundant screenshots, temporary logs or simulation frame dump; not a design source"
research/pollen-repos.tsv,19866,"Redundant screenshots, temporary logs or simulation frame dump; not a design source"
research/raw/deploy_audio_aic3104-i2c3.dts,3039,"Redundant screenshots, temporary logs or simulation frame dump; not a design source"
research/raw/deploy_audio_i2c3-pihat.dts,2946,"Redundant screenshots, temporary logs or simulation frame dump; not a design source"
research/raw/duck-control_src_bus.rs,21447,"Redundant screenshots, temporary logs or simulation frame dump; not a design source"
research/raw/duck-control_src_imu.rs,13702,"Redundant screenshots, temporary logs or simulation frame dump; not a design source"
research/raw/duck-control_src_model.rs,9818,"Redundant screenshots, temporary logs or simulation frame dump; not a design source"
research/raw/duck-control_src_model_mod.rs,14,"Redundant screenshots, temporary logs or simulation frame dump; not a design source"
research/raw/duck-ipc-proto_lib.rs,220417,"Redundant screenshots, temporary logs or simulation frame dump; not a design source"
research/raw/microduck_rl_main_LICENSE,11351,"Redundant screenshots, temporary logs or simulation frame dump; not a design source"
research/raw/tof_src_lib.rs,7049,"Redundant screenshots, temporary logs or simulation frame dump; not a design source"
research/raw/tof_src_main.rs,22725,"Redundant screenshots, temporary logs or simulation frame dump; not a design source"
research/raw/tofd_src_main.rs,14,"Redundant screenshots, temporary logs or simulation frame dump; not a design source"
research/review-release-2026-09-08/STATUS.md,418,Private correspondence or earlier delivery package excluded
research/servo-fastener-restriction-2026-09-08/preview.png,122415,"Redundant screenshots, temporary logs or simulation frame dump; not a design source"
research/servo-fastener-restriction-2026-09-08/test.log,106,"Redundant screenshots, temporary logs or simulation frame dump; not a design source"
research/servo-power-audit-2026-09-08/duck-control_src_bus.rs,22492,"Redundant screenshots, temporary logs or simulation frame dump; not a design source"
research/servo-power-audit-2026-09-08/duck-control_src_model.rs,9818,"Redundant screenshots, temporary logs or simulation frame dump; not a design source"
research/tof-power-sourcing-2026-09-08/preview.png,431974,"Redundant screenshots, temporary logs or simulation frame dump; not a design source"
research/tof-power-sourcing-2026-09-08/sparkfun-dimensions.png,13415,"Redundant screenshots, temporary logs or simulation frame dump; not a design source"
research/tof-power-sourcing-2026-09-08/sparkfun-schematic.png,92850,"Redundant screenshots, temporary logs or simulation frame dump; not a design source"
research/triad-integrity-2026-09-08/microduck-bottom-head-shell-append.log,1086,"Redundant screenshots, temporary logs or simulation frame dump; not a design source"
research/triad-integrity-2026-09-08/microduck-bottom-head-shell-check.stderr,0,"Redundant screenshots, temporary logs or simulation frame dump; not a design source"
research/triad-integrity-2026-09-08/microduck-bottom-head-shell-ledger-after.jsonl,2148,"Redundant screenshots, temporary logs or simulation frame dump; not a design source"
research/triad-integrity-2026-09-08/microduck-bottom-head-shell-ledger-before.jsonl,1265,"Redundant screenshots, temporary logs or simulation frame dump; not a design source"
research/triad-integrity-2026-09-08/microduck-face-part-append.log,1078,"Redundant screenshots, temporary logs or simulation frame dump; not a design source"
research/triad-integrity-2026-09-08/microduck-face-part-check.stderr,0,"Redundant screenshots, temporary logs or simulation frame dump; not a design source"
research/triad-integrity-2026-09-08/microduck-face-part-ledger-after.jsonl,2369,"Redundant screenshots, temporary logs or simulation frame dump; not a design source"
research/triad-integrity-2026-09-08/microduck-face-part-ledger-before.jsonl,1486,"Redundant screenshots, temporary logs or simulation frame dump; not a design source"
research/triad-integrity-2026-09-08/microduck-jaw-append.log,1072,"Redundant screenshots, temporary logs or simulation frame dump; not a design source"
research/triad-integrity-2026-09-08/microduck-jaw-check.stderr,0,"Redundant screenshots, temporary logs or simulation frame dump; not a design source"
research/triad-integrity-2026-09-08/microduck-jaw-ledger-after.jsonl,2477,"Redundant screenshots, temporary logs or simulation frame dump; not a design source"
research/triad-integrity-2026-09-08/microduck-jaw-ledger-before.jsonl,1594,"Redundant screenshots, temporary logs or simulation frame dump; not a design source"
research/triad-integrity-2026-09-08/microduck-top-head-shell-append.log,1083,"Redundant screenshots, temporary logs or simulation frame dump; not a design source"
research/triad-integrity-2026-09-08/microduck-top-head-shell-check.stderr,0,"Redundant screenshots, temporary logs or simulation frame dump; not a design source"
research/triad-integrity-2026-09-08/microduck-top-head-shell-ledger-after.jsonl,2510,"Redundant screenshots, temporary logs or simulation frame dump; not a design source"
research/triad-integrity-2026-09-08/microduck-top-head-shell-ledger-before.jsonl,1627,"Redundant screenshots, temporary logs or simulation frame dump; not a design source"
research/triad-integrity-2026-09-08/preview.png,396219,"Redundant screenshots, temporary logs or simulation frame dump; not a design source"
research/xl330-connection-candidate-2026-09-08/preview.png,258088,"Redundant screenshots, temporary logs or simulation frame dump; not a design source"
research/xl330-connection-candidate-2026-09-08/test.log,105,"Redundant screenshots, temporary logs or simulation frame dump; not a design source"
research/xl330-geometry-revision-2026-09-08/__pycache__/candidate_part.cpython-311.pyc,6378,Development cache/history; not engineering deliverable
research/xl330-geometry-revision-2026-09-08/candidate.png,79015,"Redundant screenshots, temporary logs or simulation frame dump; not a design source"
research/xl330-interface-revision-review-2026-09-08/preview.png,295027,"Redundant screenshots, temporary logs or simulation frame dump; not a design source"
research/xl330-mechanical-source-2026-09-08/preview.png,231443,"Redundant screenshots, temporary logs or simulation frame dump; not a design source"
research/xl330-mechanical-source-2026-09-08/vendor-drawing.png,198498,"Redundant screenshots, temporary logs or simulation frame dump; not a design source"
sim/__pycache__/common.cpython-311.pyc,11848,Development cache/history; not engineering deliverable
sim/__pycache__/compare_render.cpython-311.pyc,11846,Development cache/history; not engineering deliverable
tools/__pycache__/audit_official_hat.cpython-314.pyc,5804,Development cache/history; not engineering deliverable
tools/__pycache__/compact_plate.cpython-312.pyc,23541,Development cache/history; not engineering deliverable
tools/__pycache__/drawing_facts.cpython-311.pyc,16984,Development cache/history; not engineering deliverable
tools/__pycache__/elec_close.cpython-314.pyc,94369,Development cache/history; not engineering deliverable
tools/__pycache__/gen_factory_pack.cpython-314.pyc,104111,Development cache/history; not engineering deliverable
tools/__pycache__/gen_readiness.cpython-314.pyc,94174,Development cache/history; not engineering deliverable
tools/__pycache__/gen_sourcing.cpython-314.pyc,106704,Development cache/history; not engineering deliverable
tools/__pycache__/gen_workplan.cpython-314.pyc,106848,Development cache/history; not engineering deliverable
tools/__pycache__/head_frontfit.cpython-311.pyc,65486,Development cache/history; not engineering deliverable
tools/__pycache__/head_outline_arc.cpython-311.pyc,41301,Development cache/history; not engineering deliverable
tools/__pycache__/head_photomatch.cpython-311.pyc,100114,Development cache/history; not engineering deliverable
tools/__pycache__/head_width.cpython-311.pyc,38031,Development cache/history; not engineering deliverable
tools/__pycache__/indexed_3mf.cpython-311.pyc,3116,Development cache/history; not engineering deliverable
tools/__pycache__/indexed_3mf.cpython-312.pyc,2644,Development cache/history; not engineering deliverable
tools/__pycache__/measure_readiness.cpython-311.pyc,26912,Development cache/history; not engineering deliverable
tools/__pycache__/plate_for_printer.cpython-314.pyc,11557,Development cache/history; not engineering deliverable
tools/__pycache__/radius_locators.cpython-311.pyc,30251,Development cache/history; not engineering deliverable
tools/__pycache__/reconcile.cpython-314.pyc,42834,Development cache/history; not engineering deliverable
tools/__pycache__/rendered_details.cpython-311.pyc,12575,Development cache/history; not engineering deliverable
tools/__pycache__/rendered_drawing.cpython-311.pyc,45692,Development cache/history; not engineering deliverable
tools/__pycache__/section_locator.cpython-311.pyc,12480,Development cache/history; not engineering deliverable
tools/__pycache__/test_indexed_3mf.cpython-312.pyc,3976,Development cache/history; not engineering deliverable
tools/__pycache__/test_sourcing_bundles.cpython-314.pyc,6538,Development cache/history; not engineering deliverable
tools/__pycache__/test_sourcing_camera.cpython-314.pyc,6825,Development cache/history; not engineering deliverable
tools/__pycache__/test_sourcing_power_tof.cpython-314.pyc,9570,Development cache/history; not engineering deliverable
tools/__pycache__/test_sourcing_qwiic.cpython-314.pyc,2962,Development cache/history; not engineering deliverable
tools/__pycache__/test_sourcing_speaker.cpython-314.pyc,5167,Development cache/history; not engineering deliverable
tools/__pycache__/test_testplan_power_hold.cpython-314.pyc,6327,Development cache/history; not engineering deliverable
tools/__pycache__/test_testplan_servo_capture.cpython-314.pyc,17423,Development cache/history; not engineering deliverable
tools/__pycache__/testplan_power_guard.cpython-314.pyc,5105,Development cache/history; not engineering deliverable
tools/__pycache__/testplan_servo_capture.cpython-314.pyc,20594,Development cache/history; not engineering deliverable
tools/watch-pass.log,1591,"Redundant screenshots, temporary logs or simulation frame dump; not a design source"
trash/leifsays.md,16045,Development cache/history; not engineering deliverable
wiring/designs/microduck/DERIVED,147,"Redundant screenshots, temporary logs or simulation frame dump; not a design source"
